/*--------------------------------*- C++ -*----------------------------------*\
| =========                 |                                                 |
| \\      /  F ield         | OpenFOAM: The Open Source CFD Toolbox           |
|  \\    /   O peration     | Version:  v2012                                 |
|   \\  /    A nd           | Website:  www.openfoam.com                      |
|    \\/     M anipulation  |                                                 |
\*---------------------------------------------------------------------------*/
FoamFile
{
    version     2.0;
    format      ascii;
    class       volVectorField;
    location    "600/domain0";
    object      U;
}
// * * * * * * * * * * * * * * * * * * * * * * * * * * * * * * * * * * * * * //

dimensions      [0 1 -1 0 0 0 0];


internalField   nonuniform List<vector> 
23101
(
(0.0015219375 0.0012485263 -6.2160117e-05)
(-0.0011213092 0.0016134102 0.0029818511)
(-0.0063112271 0.00052605706 0.0021713859)
(-0.0060707041 0.00042242286 -0.00030975921)
(-0.0067378247 0.00014249593 -0.00019004706)
(-0.0072464599 0.00051780913 -0.00023011175)
(-0.0068548831 0.00049572253 -3.6197851e-05)
(-0.006988065 0.00075197331 -0.00070848348)
(-0.003448047 0.0010193351 -0.0027884144)
(-0.0010423898 0.00080522168 -0.0023227991)
(0.0020959462 -0.0029752161 0.0015675419)
(-0.00050636707 -0.0013779969 0.0048187746)
(-0.0062374521 -0.0016854971 0.0025279715)
(-0.0056387186 -0.0013774644 0.0004610984)
(-0.0062311745 -0.0019029742 0.0004585078)
(-0.006903805 -0.0011782742 0.00064904153)
(-0.0073636793 -0.00091936773 0.00031946339)
(-0.0077379194 -8.763899e-05 9.3158934e-05)
(-0.0047106965 0.00062553677 -0.0017981891)
(-0.0016092328 0.00022500831 -0.0018514304)
(0.0018235567 -0.0060466487 -0.00024595906)
(-0.00053349596 -0.005488544 0.0023312349)
(-0.004819183 -0.0038500711 0.0011692252)
(-0.0046025933 -0.0032720838 -0.00070504013)
(-0.0057987307 -0.0030697745 0.0015748932)
(-0.006744478 -0.002493734 0.0019416449)
(-0.0075700111 -0.0020749986 -0.0007153084)
(-0.0067879524 -0.00065756886 -0.0019178444)
(-0.0026753067 -0.00045386151 -0.0022787114)
(-0.00040660979 -0.0012269228 -0.0012318902)
(0.0012634252 -0.0040133983 -0.0014078643)
(-0.0007659636 -0.0040106275 0.00074334209)
(-0.0042426071 -0.0035103009 -0.00036661201)
(-0.0039094187 -0.0030734626 0.00059432759)
(-0.0048431342 -0.0027116177 0.001899728)
(-0.0064688472 -0.0017464358 0.0014209839)
(-0.0066604874 -0.00068457785 0.00023391815)
(-0.0060091192 0.0010810195 -0.0017854389)
(-0.0025844691 0.001226573 -0.0030189757)
(-0.0002085397 -0.00069597872 -0.0019573426)
(0.00073036114 -0.0043554208 -0.00018623002)
(-0.0019399802 -0.0043998861 0.0015448538)
(-0.0045264289 -0.0042522301 0.002062681)
(-0.0035954825 -0.0031796247 0.0015620283)
(-0.0040605248 -0.0028147001 0.001409039)
(-0.0046317975 -0.0016406703 0.0010397659)
(-0.004846893 -4.0345641e-05 0.00092810432)
(-0.0047022219 0.0013889803 0.00090944493)
(-0.0025462872 0.0029510685 -0.0010853901)
(-0.00054052796 0.0017279577 -0.0019224063)
(0.00040101771 -0.0063851478 -0.00040382664)
(-0.0013431938 -0.0060730754 0.0014085023)
(-0.0033391604 -0.0046991384 0.0019386667)
(-0.0024748768 -0.003438783 0.0013952155)
(-0.002623371 -0.0021583577 0.0011088192)
(-0.0027848488 -0.0012219591 0.0013000458)
(-0.0034318938 -0.00019774146 0.001488976)
(-0.0033894434 0.00098723199 0.0013612625)
(-0.0015876942 0.0018973905 -3.4601443e-05)
(-0.00031632734 0.0017464516 -0.0011217275)
(0.0010936781 -0.0048216489 -0.0012913253)
(0.00064027012 -0.0048858658 0.00039889674)
(-0.0012182369 -0.0046262731 -0.0010238246)
(-0.00053650096 -0.0033623193 -6.6837454e-05)
(-0.00082479231 -0.0023982463 0.0012159891)
(-0.0013504592 -0.0017768105 0.001799426)
(-0.0020205861 -0.00034399333 0.0016986018)
(-0.0029670113 8.4965639e-05 -0.00019958755)
(-0.0017545489 0.00091121694 -0.00092553668)
(-0.00035634755 0.0015913099 -0.0014172707)
(0.001811129 -0.0041941286 -0.00069130347)
(0.0016280317 -0.0047371827 0.0013220762)
(-0.0001226364 -0.003775786 -6.0473097e-06)
(0.00058594574 -0.0024089309 -0.0011543462)
(4.7396144e-05 -0.0022337536 0.0006528586)
(0.00063294187 -0.0021891357 0.0018541726)
(-0.00043541176 -0.0015589595 0.00075561788)
(-0.0020573504 -0.00092374334 0.00014354202)
(-0.00022973511 0.00090955751 -0.00016898123)
(0.00019309401 0.00077832491 6.7069662e-05)
(0.0028115012 -0.0047131094 -0.0021198369)
(0.0047576728 -0.00642145 0.0006653638)
(0.0026221514 -0.004198403 0.00062019202)
(0.0010876907 -0.0023078036 0.00015815562)
(-0.00031318522 -0.0021762457 -0.00021013958)
(5.2167773e-05 -0.0020751948 -0.00046238414)
(0.00019661 -0.0022630094 -0.00072164842)
(-2.2398614e-05 -0.0014600679 -0.00042568539)
(8.6612464e-05 -0.00049173555 -0.00012735853)
(-0.00062594734 -0.0017531295 -0.0003982103)
(0.002573353 -0.0028245214 -0.0041605982)
(0.0039635132 -0.0034517347 -0.0023308997)
(0.0024434186 -0.0022997173 -0.0013081833)
(-0.00019549674 -0.0012521532 -0.00033826439)
(-0.0025358693 -0.0011447408 -0.00092892466)
(-0.0016180633 -0.00090622212 -0.0013838773)
(-0.0012789679 -0.00073138148 -0.0015489052)
(-0.0015072074 -0.00073032206 -0.0013109381)
(-0.0012860235 -0.00080809181 -0.0011209313)
(-0.00080209577 -0.0010308749 -0.0018302568)
(-0.00050992932 0.0028830459 0.0012811512)
(-0.004631281 0.0014438407 0.0051898418)
(-0.0039777216 -0.0011422061 0.0030328119)
(-0.0039045586 -0.00062213364 0.0022098997)
(-0.0057620563 -0.0012783361 0.0031949635)
(-0.0072422836 -0.00041345644 0.0011140095)
(-0.0072952063 -0.00054039827 8.5760958e-05)
(-0.0066907955 0.00045777811 -0.00210036)
(-0.00019757535 -1.9317166e-05 -0.0057136795)
(0.0017931124 -0.00029254419 -0.0029786227)
(-0.0002888593 -0.0036734231 0.0047208086)
(-0.0024210965 -0.00098316373 0.011584449)
(-0.0045872038 -0.0016954888 0.0064418016)
(-0.0039993462 -0.0030709689 0.0035807731)
(-0.0066133159 -0.0045449274 0.0037072061)
(-0.0083820628 -0.0033313809 0.0039768187)
(-0.0082660892 -0.0026409215 0.0028062663)
(-0.0082727356 -0.00078854277 -0.00049483158)
(-0.0037135849 0.00058247904 -0.003727078)
(0.00052529142 -0.0013524756 -0.0024308599)
(0.00093447467 -0.0059585496 -0.00047089718)
(-0.0013926928 -0.0041818338 0.0069210512)
(-0.0055502727 -0.0032448364 0.0035867932)
(-0.0053423073 -0.004442263 0.0034717592)
(-0.0061941038 -0.0048649059 0.00090730521)
(-0.0072456115 -0.0039243779 0.00017831376)
(-0.0065431451 -0.0037324597 0.00021550054)
(-0.0053718644 -0.0020425041 -0.0035660802)
(-0.0012126004 0.0001096774 -0.0055188451)
(0.0009337282 -0.0017398054 -0.00076058321)
(0.00066982533 -0.0048825418 -0.001001622)
(-0.0029439337 -0.0040923445 0.0040718134)
(-0.0057851524 -0.0045475671 0.0036527747)
(-0.0050306749 -0.0041394316 0.00011170178)
(-0.0054021934 -0.0041034951 0.00063570176)
(-0.0063903587 -0.0027394795 -0.00071694426)
(-0.005796174 -0.0021410919 -0.002684932)
(-0.0037288443 -0.00097959937 -0.0032995831)
(0.00042366528 -0.00017576529 -0.0069273319)
(0.0015544225 -0.0017728256 -0.003872061)
(0.00033762444 -0.0074699928 0.0036863387)
(-0.0050392888 -0.0052640543 0.005620123)
(-0.0067372885 -0.0050431113 3.5896915e-05)
(-0.0045342027 -0.0042013968 -0.0012167477)
(-0.0040428198 -0.0035162088 -0.00091048638)
(-0.0042595131 -0.0019704845 -0.00098568692)
(-0.004172067 5.5784315e-05 -0.0011182248)
(-0.0033991858 0.0011763432 -0.0024287156)
(0.00085399462 0.002289874 -0.0041609943)
(0.0015363696 0.0012729126 -0.0037861234)
(-1.4619671e-05 -0.0093519139 0.00237942)
(-0.004459156 -0.0073276585 0.0031270189)
(-0.0052840942 -0.0051918036 -0.00098342467)
(-0.0032159167 -0.0036721145 -0.0015986013)
(-0.0024704486 -0.0024347492 -0.0014807021)
(-0.00231762 -0.0010845002 -0.00032042234)
(-0.0027348331 0.00089621136 -0.00015976699)
(-0.0022812429 0.0018375307 -0.0018157444)
(0.0017927968 0.0028160907 -0.0009945348)
(0.0018328744 0.0031482737 -0.00021367298)
(0.00048398037 -0.0070604691 -0.0028038077)
(-0.0016165408 -0.0067521138 0.00088961108)
(-0.0031429674 -0.0040646845 0.0013807758)
(-0.0016437927 -0.0027954838 -0.001238241)
(-0.00099966815 -0.0018570194 -0.000501121)
(-0.00062483583 -0.00096071855 0.00021871709)
(-0.0013777726 0.0015931789 0.00094893341)
(-0.0018083638 0.0018397963 0.002576446)
(0.0018157886 0.0032044904 -0.001318346)
(0.0018659066 0.0040750289 9.0088463e-05)
(0.00037565867 -0.0041157483 -0.0034732127)
(0.0013928835 -0.005775028 0.0026923278)
(-0.00063687116 -0.0030187742 -0.00052995489)
(-0.00073455322 -0.00097472227 0.00011499855)
(-0.00036414234 -0.0011303576 -0.00095171653)
(0.0011173682 -0.00055223867 -0.0010566495)
(0.00015132288 0.00084775826 0.0043228919)
(-0.00086355433 0.0016581548 0.0016905648)
(0.002619254 0.0021047272 -0.0012032278)
(0.0017276251 0.00099133668 0.0032120632)
(0.00047400268 -0.0015697871 -0.0066599188)
(0.0041975077 -0.0044043658 -0.00051971405)
(0.0034141033 -0.0026844361 0.0018445946)
(0.0003384484 -4.1124639e-05 0.001549972)
(-0.00053661724 0.00039163395 -0.00011509552)
(0.0015748216 0.0009805268 -0.0017946827)
(0.00059531903 0.00075323295 -0.00034258726)
(-0.0015196767 0.00015249545 0.00020082674)
(6.3974666e-06 -0.0018914901 0.0026375347)
(-0.00020292571 -0.0015034237 0.0022969855)
(0.0019228582 -0.0028159 -0.010784493)
(0.0037444211 -0.0031215221 -0.0076299951)
(0.0026059552 -0.0020657157 -0.0016645746)
(-0.0014650482 -0.00074533304 0.0022864878)
(-0.0028536114 -0.00019136526 -0.001089254)
(-0.00026176579 0.00038527505 -0.0030787988)
(-0.0017893065 0.00067640635 -0.00159792)
(-0.0041192646 -0.00033096149 -0.00031005875)
(0.00021651672 -0.00075514752 -0.0012521481)
(0.00094535543 -0.00015400466 -0.0030797525)
(0.0034144292 0.0092561629 0.0059658777)
(-0.0077258326 0.0025803667 0.0058756058)
(-0.0059010649 0.0020863176 0.0039067844)
(-0.0018003416 0.0049839392 0.0060977907)
(6.6974145e-05 0.0015277731 0.0094656828)
(-0.004790313 0.00042052113 0.0049917353)
(-0.0093333346 0.00063083956 0.0023811653)
(-0.0061879729 0.0035295072 -0.0062753724)
(0.0038535846 0.00038270552 -0.013532584)
(0.0049092735 -0.00011635575 0.0013951308)
(-0.0019524361 0.0031255181 0.014174505)
(-0.0051147665 -0.0017445491 0.014697754)
(-0.0013953986 -0.0019239228 0.006511186)
(-0.00071938694 -0.00025191465 0.007797805)
(-0.004606072 -0.0045221426 0.0078647237)
(-0.0073107051 -0.0035880593 0.006432647)
(-0.0090262837 -0.0055731556 0.0024970353)
(-0.0088156494 -0.0016338337 -0.00028860494)
(-0.00075237095 -0.0014260126 -0.011899197)
(0.0029756898 -0.0053446903 -0.0039535689)
(5.8335614e-05 -0.0041949227 0.0009388261)
(-0.0011086344 -0.0027914287 0.011765049)
(-0.0043138165 -0.0047215093 0.0073907245)
(-0.0025959556 -0.0046961707 -2.4655384e-05)
(-0.0023216223 -0.0039879185 0.0025382294)
(-0.0070555999 -0.0023909432 0.0024316702)
(-0.0083784508 -0.0049094869 -0.0043602608)
(-0.0056350656 -0.0041925587 -0.0064166895)
(-0.0020958247 -0.00034707862 -0.0084554815)
(-0.00074745245 -0.0035197058 -0.00057118564)
(0.0014842889 -0.0053870747 0.0024694668)
(-0.0026167411 -0.0052661832 0.0085186618)
(-0.0036186475 -0.0040489986 0.0025378457)
(-0.0025206139 -0.0027987483 0.00094597518)
(-0.0040714301 -0.0043351815 0.0021880899)
(-0.0066497633 -0.0025061102 0.0011251548)
(-0.0073179158 -0.002291787 -0.0038438146)
(-0.0036787731 -0.0017111048 -0.011119496)
(0.00013342532 0.00082422399 -0.011543646)
(-0.0015953048 0.00059884677 -0.0025758936)
(0.0019680262 -0.012027759 0.0090214257)
(-0.0030666085 -0.0085997482 0.011875406)
(-0.0043475555 -0.0046324844 0.002905396)
(-0.0046630188 -0.0043865989 -0.00064227329)
(-0.00377483 -0.0040040055 -0.00017198493)
(-0.0045969522 -0.002469331 0.00015069783)
(-0.005195411 -0.00026449814 -0.0025806843)
(-0.0045005823 0.0018738458 -0.0053084816)
(0.002007853 0.0026579467 -0.010082847)
(-0.0013363684 0.0019064769 -0.0040796882)
(0.0036552239 -0.014393705 0.0046245946)
(-0.0010728741 -0.011421322 0.0093142965)
(-0.0026777444 -0.0088811837 0.00087360939)
(-0.0030767892 -0.0059340962 -0.0017141224)
(-0.0025186908 -0.0037029431 -0.0023205314)
(-0.0025266973 -0.0015562175 -0.00042097075)
(-0.0033811488 0.00128705 0.00048764368)
(-0.0045227915 0.0025106306 -0.0021722363)
(0.0018718318 0.0043871223 -0.004971737)
(-0.003850814 0.004203787 0.0008468149)
(0.0025938422 -0.010892222 -0.0057397302)
(-0.000673113 -0.011404182 0.0033091382)
(-0.0018781693 -0.0075585709 -0.0037670989)
(-0.00098011906 -0.0057491849 -0.0031597527)
(-0.0006338603 -0.0033754488 -0.0016244378)
(-0.00068445198 -0.0014545573 0.0010995143)
(-0.001732768 0.001704841 0.0021828152)
(-0.001544561 0.0016663879 -0.0034398008)
(0.0023525536 0.0052747519 -0.0046239465)
(-0.0032725293 0.005955484 0.0046775175)
(-0.00023928483 -0.0047983734 -0.0086197309)
(0.00044550687 -0.0073080344 0.00084614483)
(-0.00025810971 -0.003415179 -0.00019779868)
(-0.00016755904 -0.0023520439 -0.0043299663)
(0.0017369318 -0.00223739 -0.0024385726)
(0.00064868405 -0.0019300146 -0.00053583372)
(-0.003565679 0.0024360367 0.0036941425)
(0.0011665803 0.0036070102 0.00021233203)
(0.0025404878 0.0039979127 0.0020789388)
(-0.0035869479 0.0069280247 0.010198195)
(-0.0009943336 -0.0016614688 -0.0082556453)
(0.0014486559 -0.002371195 -0.0050960545)
(0.0020467944 -0.0029345354 0.0037471636)
(-0.0012154847 0.00019777999 0.0033224651)
(0.00058662702 0.0017095592 -0.002728391)
(0.0028114221 0.0024132881 -0.0034518744)
(-0.0015003673 0.0033265776 0.0021544816)
(-0.00056436453 0.0016038703 0.0016610202)
(0.0026631667 0.0024346183 0.0013704402)
(-0.0015831694 0.0067598154 0.00050648397)
(0.0026820502 -0.0025600341 -0.014780818)
(0.0022222912 -0.0033910229 -0.010339582)
(-0.0018906412 -0.0048687577 -0.001099806)
(-0.0019241318 -0.0034419746 0.0047158978)
(0.0012935208 -0.0014302823 -0.0022186148)
(0.0014861327 -0.00070955804 -0.00098660193)
(-0.0034388618 -0.00099063412 0.0046358431)
(0.0016699541 -0.0016790914 -0.0033341812)
(0.0059065444 0.0012969638 -0.0099120753)
(-0.0013468821 0.0013054867 -0.0025676723)
(0.014554744 0.0060411004 -0.006856781)
(0.0071823071 0.0099422461 0.016253338)
(-0.0019167051 0.0097875783 -0.0031148329)
(-0.0027109016 0.013053218 -0.010404583)
(0.0035380689 0.0096200505 0.0091828401)
(0.0034273989 0.0037410475 0.01370646)
(-0.0046599531 0.0039274261 0.0064278392)
(-0.0013129532 0.0073404463 -0.017280163)
(0.0017758079 0.0058922081 -0.016610697)
(-0.00094585382 0.0047227694 0.012901296)
(0.0059022151 0.013755201 0.024497664)
(-0.0031754053 5.1937869e-05 0.017956278)
(-0.00034264642 0.00081996017 0.008706585)
(0.00027269418 0.0095189735 0.017538484)
(0.0013699748 0.0045661142 0.020082598)
(-0.0021149154 7.0041017e-05 0.013470363)
(-0.0064626666 -0.0022290436 0.0091837079)
(-0.0052402245 0.0025958438 0.00062916241)
(0.0037601738 0.00011315353 -0.015691682)
(0.0017738266 -0.0058045151 0.0027319355)
(0.00050118574 0.0028772704 0.0090435825)
(-0.00025639142 -0.00064367906 0.015393073)
(0.003067884 -0.003731882 0.0068686353)
(0.0012000753 -0.0019387975 0.0049189659)
(-0.00208367 -0.0050287213 0.0050687272)
(-0.003430341 -0.0026125683 0.004324664)
(-0.0059110539 -0.00448419 -0.0030116664)
(-0.0076481517 -0.0030371635 -0.010036403)
(-0.0023276894 -0.0029799245 -0.013126512)
(-0.0037350119 -0.0077648209 -0.0099286978)
(0.0021912356 -0.00012391662 0.007468472)
(0.0025840552 -0.0025099685 0.015007135)
(-6.4065898e-05 -0.0032704528 0.0053699664)
(-0.0021110614 -0.004443795 0.002868861)
(-0.0017004516 -0.0035715316 0.0018762758)
(-0.0036615638 -0.0011752398 0.0030534358)
(-0.0060165697 -0.0017865983 -0.0055800001)
(-0.0071821018 -0.0012996435 -0.011916624)
(-0.0048446292 0.0022590505 -0.012442624)
(-0.0075009816 0.00041160953 -0.011495665)
(0.0019378784 -0.010758472 0.013630078)
(0.0034547243 -0.011592223 0.019661916)
(-0.0025264082 -0.0072379963 0.0083823523)
(-0.0014430043 -0.0072455992 0.00033603245)
(-0.0021129563 -0.005349872 -0.00025184455)
(-0.0021753667 -0.0034448285 0.0019301823)
(-0.0065624811 -0.0012577669 -0.005029558)
(-0.0053801581 -0.00053508982 -0.01106052)
(-0.0015937168 0.0052289244 -0.0089553041)
(-0.0078432057 0.0051790995 -0.0072080947)
(0.0043686314 -0.016724613 -0.0018383343)
(0.0074389983 -0.01705566 0.015914939)
(-0.00073391281 -0.011836084 0.006173668)
(-1.7538831e-05 -0.012636217 -0.0028891636)
(-0.0017368368 -0.0088317985 -0.0032550396)
(-0.0033895431 -0.0028791928 -0.0027819334)
(-0.0067854685 0.001800893 -0.00041277831)
(-0.0046094737 0.0014739866 -0.0065356154)
(-0.0028421999 0.0091621157 0.00010766163)
(-0.0076591911 0.0080533437 -0.0056873584)
(0.0019040648 -0.018572927 -0.015238419)
(0.0021485881 -0.016735244 0.0028349495)
(0.0012444801 -0.014350576 -0.0017337196)
(1.677348e-05 -0.010603373 -0.0064794711)
(0.00088872647 -0.0065936002 -0.0042045967)
(-0.0006821942 -0.0010364243 0.00024327955)
(-0.0081591375 -0.00010930168 0.0056075477)
(-0.0034386376 0.0036488084 -0.0054495674)
(-0.00047640429 0.012271482 0.00030552412)
(-0.0062127478 0.012184923 -0.0052933547)
(-0.0005535206 -0.011851384 -0.012021324)
(-0.0061744968 -0.0061441898 -0.0067215859)
(0.0013725258 -0.0085734015 -0.0055270786)
(0.00012121508 -0.0059139616 -0.0083443259)
(0.00084373085 -0.0030388953 -0.005935994)
(0.0015000383 -0.00028866582 -0.00026326762)
(-0.0047830342 0.0016405181 0.0066894213)
(0.00033393124 0.0047884993 -0.0052771894)
(-0.00033744364 0.012830618 0.0053891999)
(-0.0064074154 0.0099389745 0.0015336577)
(0.0026908051 -0.0080362955 -0.0081886072)
(-0.0020114511 -0.0017225239 -0.006916728)
(-0.0012039979 -0.0068303387 0.0062442463)
(-8.0168885e-05 -0.0032956081 0.0039838096)
(0.0036236567 0.00036998469 -0.0043588164)
(0.0026974826 -0.00013418885 -0.0001226695)
(-0.0023925372 0.00090507569 0.006744477)
(0.003490148 0.0042930121 0.00017332725)
(0.00077992531 0.010145986 0.0076605571)
(-0.0082540717 0.0032349452 0.011909917)
(0.005106005 -0.002456506 -0.020549488)
(0.0035129104 -0.0037021924 -0.0079935867)
(-0.0034078997 -0.0046642289 -0.0054030512)
(0.00010226273 -0.0026644748 -0.0039523085)
(0.0019505634 -0.0004210006 -0.0041919411)
(-0.0041677304 0.00030969159 0.0036967993)
(-0.006104121 -0.00045776067 0.001011244)
(0.0074718934 0.00037715843 -0.011305003)
(0.0030884182 -0.00046328032 0.0062355101)
(-0.0096996784 -0.0025160787 0.0098429422)
(0.020204754 -0.013100909 -0.037663618)
(0.029858624 0.0025218756 0.013982843)
(0.014712801 0.011008387 0.004951042)
(0.0002643784 0.010354801 -0.023459071)
(-0.0053757379 0.011930762 -0.013073309)
(0.0046940308 0.0072736927 0.0075281781)
(-0.0008382108 0.0069188146 0.0057700989)
(-0.0059052735 0.011451767 -0.019461691)
(-0.0051454211 0.0090890874 -0.019379853)
(0.0059951705 0.012670281 0.0038575709)
(0.014623302 0.011859224 0.013758603)
(0.008183505 0.0020744135 0.029041599)
(0.0050612833 0.0053849003 0.016643975)
(0.0019354018 0.01883563 0.021710818)
(0.0030445741 0.016993545 0.026702511)
(0.0046693647 0.0086321977 0.021890971)
(0.00033482246 0.0072227243 0.015508592)
(0.0028150484 0.010575875 0.0022159958)
(0.0042925428 0.0029649851 -0.0097489029)
(0.0018522959 0.0064610586 0.016372757)
(0.0063087282 0.0033991363 0.013183903)
(0.0028325276 -0.0054098982 0.011674264)
(0.0044948099 -0.0018871928 0.005743922)
(0.0055488323 0.0015140087 0.01585753)
(0.0041894704 0.00064656835 0.014741588)
(0.0013405037 -0.00018922719 0.0049958803)
(-0.00046504019 -0.00086457495 -0.00065995662)
(-0.0033476042 0.0025591406 -0.0045160734)
(0.0015382823 -0.0031686007 -0.015581523)
(-0.0034790131 -0.0051166298 -0.013592124)
(0.0067749308 0.0025573955 0.0097844835)
(0.0075996247 0.0024539742 0.021711153)
(0.0032591185 -0.0026940338 0.010144548)
(0.0074085287 -0.0022228457 0.0019983722)
(0.0093280566 -0.00065088904 0.0024685321)
(0.0068711357 0.0033685376 0.0048803844)
(0.00099606223 0.0065737421 -0.0040550174)
(-0.0082324653 0.0025395725 -0.015531988)
(-0.005586898 0.0030993363 -0.018525049)
(-0.0050508471 -0.0042735797 -0.027893984)
(0.0033713723 -0.0037796444 0.019528238)
(0.0097746579 -0.011334294 0.027285037)
(0.0080270967 -0.0079738509 0.01534734)
(0.0088252802 -0.0073278162 0.0063674562)
(0.014344942 -0.0041097759 0.0046497863)
(0.012146757 0.012075882 0.0092353436)
(-0.0033713647 0.013755857 -0.00079398329)
(-0.0076634539 0.0064702541 -0.019444389)
(-0.0074146241 0.0079558102 -0.011166252)
(-0.0049639333 -0.0019127733 -0.020614998)
(0.0049166968 -0.01282359 -0.0016194315)
(0.0099969643 -0.020364614 0.017979298)
(0.0095544055 -0.018490974 0.016873566)
(0.010945035 -0.020684607 0.0032670687)
(0.020751195 -0.022353524 -0.00076500414)
(-0.020130578 0.005166797 0.0009493442)
(-0.0045334627 0.008331257 -0.018510327)
(-0.0072709032 0.0093622238 0.00076885372)
(-0.0033824546 -0.0048258175 -0.016661721)
(0.004390789 -0.024143012 -0.014206499)
(-0.002315491 -0.016697575 -0.0067775329)
(0.00042885493 -0.019184839 -0.0024397735)
(0.0032669506 -0.019397041 -0.014047351)
(0.0036553242 -0.017960029 -0.0076006594)
(-0.014738908 -0.012425386 0.0085570088)
(-0.013586548 -0.003072372 0.0017291755)
(-0.0012121412 0.0091663667 -0.014507313)
(-0.0010932325 0.013090942 -0.00057608651)
(-0.0032041806 -0.005657339 -0.0033414192)
(0.0074081181 -0.017596874 -0.013595382)
(-0.0079387916 -0.0041786081 -0.017872938)
(-0.0012843856 -0.013777291 -0.013492348)
(0.00097068215 -0.012163861 -0.015425822)
(-0.0010796022 -0.010329536 -0.0097658205)
(-0.011054192 -0.0061425301 0.0063473182)
(-0.0091528677 -0.0017791797 0.0043205662)
(-0.001413226 0.0077514062 -0.010421023)
(2.9141767e-06 0.0073662038 0.012373171)
(-0.0101481 -0.014382806 0.01339184)
(0.013451052 -0.010360861 -0.01925156)
(0.0041999572 -0.0034296282 -0.0031923819)
(-0.0021253915 -0.0096689084 -0.0023196281)
(0.0035549474 -0.0091937454 -0.0039103915)
(0.0028231167 -0.0013870457 -0.0095160448)
(-0.00071336978 0.00119698 -0.00054215119)
(-0.0029124464 0.0020468386 0.0042121417)
(0.0059405288 0.0012254653 0.0029547521)
(-0.0032116347 0.0003202218 0.029319553)
(-0.017368104 -0.0061648294 0.0042863915)
(0.0058731181 -0.0094525302 -0.033938301)
(0.011135606 -0.0055090793 -0.0071827785)
(0.0015509673 -0.00088028398 -0.0096628798)
(-0.0054299474 -0.0019345765 -0.0069323543)
(-0.01425051 -0.0015243686 0.0015718258)
(-0.020442174 -0.0049459041 0.0070681195)
(-0.016766046 -0.011562027 -0.0042739953)
(0.0064152257 -0.0095142979 -0.007616814)
(-0.0029305659 -0.002844747 0.018649117)
(-0.013693185 -0.0029084268 -0.0093133228)
(0.018517146 -0.010729121 -0.06013286)
(0.039940038 -0.017428082 0.019007089)
(0.024941664 -0.004190859 0.013881589)
(0.006577063 -0.0030409669 -0.019915983)
(-0.010216754 0.0031065594 -0.023054432)
(-0.014358857 0.0074448526 -0.0056395551)
(-0.021863144 0.0098552816 0.0020455511)
(-0.013162679 0.01947837 -0.035887764)
(-0.0068892881 0.020391597 -0.043963889)
(0.015342038 0.015307669 -0.0064201743)
(0.025498835 -0.00053130695 -0.013120727)
(0.021516936 -0.0018933431 0.036884436)
(0.013711909 0.0023334576 0.029477743)
(0.007570993 0.013224124 0.026148375)
(-0.00075894069 0.01598906 0.025620273)
(0.003385942 0.011775456 0.01937168)
(0.0018111751 0.005964126 0.017076136)
(0.0012609507 0.017488592 0.011945622)
(0.0017815403 0.013744409 -0.0017005759)
(0.010436095 0.019599644 0.029686459)
(0.015384641 0.0014306726 0.008251376)
(0.0056130456 -0.013303053 0.013892725)
(0.007265375 -0.012939914 0.008235135)
(0.0066631677 0.0063530562 0.027681618)
(0.0072701066 0.011599442 0.027421379)
(0.0099144005 0.0076341726 0.011320018)
(0.0098115311 0.0027018746 0.001715213)
(0.011375648 0.0014055946 0.0014428647)
(0.0092280321 0.00023284743 -0.013233515)
(0.0021682432 0.0052791029 -0.00040232725)
(0.014832167 0.001366616 0.00016264386)
(0.009244334 0.0017669501 0.02607824)
(0.0021887948 -0.0023767136 0.0093300606)
(0.011181932 -8.1405362e-05 -0.0018386375)
(0.017161399 0.004241202 0.00024120796)
(0.02139176 0.0081877303 -0.0009209532)
(0.016273945 0.0084841058 -0.004054811)
(0.011501446 0.00014249958 -0.013433119)
(0.00095415121 0.001052775 -0.022074181)
(0.00099022171 -0.0015985458 -0.025469411)
(0.010667018 -0.00013889573 0.014199858)
(0.014449443 -0.0074222431 0.035081355)
(0.012197213 -0.0088160752 0.022739025)
(0.016823772 -0.011078513 0.015297468)
(0.028135501 -0.011379077 0.010320281)
(0.011157574 0.025213079 -0.00058441183)
(0.0069180047 0.0075177525 -0.022020243)
(-0.0062140191 0.0050556216 -0.010275188)
(0.00031068211 -0.0067487437 -0.019922712)
(0.0078510623 0.0038512072 0.0027228049)
(0.0092768815 -0.01481161 0.019902214)
(0.011361194 -0.01805648 0.023438473)
(0.011797089 -0.023793384 0.0080982976)
(0.0073728712 0.0019284676 0.21485183)
(-0.0008363586 0.014975521 -0.02573996)
(-0.010703399 0.000564177 0.0027381094)
(-0.0035826195 -0.011444936 -0.012602725)
(0.0060510144 -0.016813141 -0.010760918)
(-0.0069160373 -0.011788655 -0.010961699)
(0.00078244385 -0.017594348 0.0012725278)
(-0.0033500724 -0.020509219 -0.018768193)
(-0.011675366 -0.022007043 -0.005281624)
(-0.011522334 0.0083459965 0.20937694)
(-0.013461324 0.014349567 -0.010976436)
(-0.00148043 0.016219692 -0.017296851)
(-0.00090633899 0.0021776331 0.007056788)
(-0.008626418 -0.014112624 -0.0013300271)
(0.011345354 -0.0046724498 -0.026439221)
(-0.0040975171 -0.007312736 -0.016553408)
(-0.0029729674 -0.017561403 -0.019610921)
(-0.0025928266 -0.018863017 -0.019759748)
(-0.0092242046 -0.007430812 -0.0049639325)
(-0.009356727 0.0037673951 0.0031921194)
(-0.0022088635 0.010241736 -0.0025872806)
(0.0056585309 0.0099489571 -0.0096228098)
(-0.0095161093 -0.0026105842 0.034364245)
(-0.017450421 0.0082658617 -0.0084422389)
(0.012838113 -0.0041327121 -0.035219207)
(0.01702506 -0.012777758 0.013960119)
(0.0035486434 -0.012961248 -0.0044576617)
(-0.00022327993 -0.011238122 -0.0093257755)
(-0.0012598217 0.0024526079 -0.0064912269)
(-0.0063620255 0.004094488 0.0080795688)
(-0.011474432 -0.013158437 0.021788167)
(0.0055002957 -0.024378292 0.02176671)
(-0.016119611 -0.0012052858 0.044760138)
(-0.022427355 0.01953992 -0.019526387)
(0.005356867 -0.019636278 -0.055938747)
(0.012212972 -0.021565422 -0.015664087)
(0.015590209 -0.0079816811 0.001983218)
(0.0025010758 -0.0053596576 0.00016201704)
(-0.010332272 -0.0075798377 0.0090444399)
(-0.022491609 -0.012768898 0.0005102471)
(-0.013869722 -0.018041889 -0.032938356)
(0.0029712688 -0.022103921 -0.036793167)
(-0.0088937478 -0.0061729212 0.02466911)
(-0.020301615 -0.00037405423 -0.02041467)
(0.010780279 0.0050725139 -0.088782796)
(0.040016186 -0.024057942 0.034164381)
(0.027267374 -0.022667112 0.037787722)
(0.015862328 -0.017820082 -0.0001786963)
(0.0056766595 -0.0088531541 -0.011825202)
(-0.012531662 -0.0026099687 -0.0020548026)
(-0.015926688 0.0071514405 -0.0065965656)
(0.019122615 0.024635688 -0.080463485)
(0.011778515 0.028710543 -0.083154769)
(-0.0016185152 0.019273332 -0.024555113)
(0.021380487 -0.0075706556 -0.051030094)
(0.028410182 -0.0080126855 0.035449216)
(0.015532642 -0.0033071664 0.034307222)
(0.010131178 0.0024049046 0.029343382)
(0.0015046656 0.0070440976 0.026557952)
(0.010108287 -0.00022035994 0.019598319)
(4.0504853e-05 -0.0024477323 0.030705433)
(-0.0032402901 0.032476056 0.025815394)
(-0.00023996209 0.043664718 0.0013225321)
(0.01263683 0.030439686 0.042505525)
(0.01886069 0.0073978527 -0.010436564)
(0.0005798051 -0.01284584 0.020362735)
(-0.0013367827 0.0013163731 0.0035879332)
(0.011286446 0.0053097271 0.028311508)
(0.01200419 0.0085106 0.028660864)
(0.020078126 0.0028452175 0.009260818)
(0.026849514 -0.0063889377 0.001915736)
(0.010885412 0.0091647945 0.02436254)
(0.0037030504 0.015833683 0.011359402)
(0.0082423279 0.015095088 0.017588772)
(0.0099051757 0.019904331 -0.010969266)
(-0.0011863355 0.0025904143 0.029818916)
(-0.0043584322 0.0031776915 -0.0014865358)
(0.018723971 -0.00038911908 -0.00090042407)
(0.030067117 0.0014753555 -0.0010110802)
(0.037064188 0.0051982126 -0.0079982452)
(0.031829301 0.0024717015 -0.014714801)
(0.020182398 -0.0010637503 -0.0053618506)
(-5.9138092e-05 0.00013692626 -0.014510662)
(0.0024165723 0.0060337986 -0.015816258)
(0.0087032854 0.0070149975 -0.0090544592)
(0.011062924 -0.0025887844 0.040404587)
(0.0082067553 -0.0046134819 0.028460679)
(0.019689741 -0.01164865 0.018706178)
(0.035975336 -0.021454834 0.015548708)
(0.064783139 0.0078741274 -0.0039897831)
(0.033655356 0.025252457 -0.012130672)
(0.0099842851 0.0036459871 -0.01921076)
(-0.011637521 -0.0023417421 -0.0048516839)
(-0.0021805208 0.0013294791 -0.018010788)
(0.0037337658 0.0033267547 -0.002685164)
(0.0051547805 -0.0081094239 0.027608211)
(0.0046610566 -0.014789758 0.016175908)
(0.016640647 -0.016627875 0.015245073)
(-0.006808195 -0.031191592 -0.023068464)
(-0.0082351034 -0.0058121839 0.0059195334)
(-0.0098665785 0.03366772 -0.023729968)
(-0.010862978 0.009414296 -0.023257262)
(-0.018477119 -0.0062590113 0.004033422)
(-0.0088136428 0.0034661532 -0.027015942)
(-0.0035297874 -0.0089360331 -0.0019613432)
(-0.011640067 -0.007058264 -0.01314036)
(0.0059636383 -0.005488733 0.0036404061)
(0.0051440813 -0.018621253 -0.0053491416)
(-0.011800317 -0.0067971004 0.0012129862)
(-0.043589657 0.013927966 -0.030299231)
(-0.025079692 0.022829536 -0.022052528)
(-0.011810232 0.0097057492 -0.018279834)
(-0.022941955 9.9986227e-05 0.014390835)
(-0.022587149 0.013698769 -0.035379548)
(2.4187811e-05 0.019205234 -0.033055601)
(0.0015861681 -0.0026147751 -0.0076135857)
(0.0066189852 -0.0087855038 -0.028117751)
(0.0084783386 -0.018996648 -0.022188679)
(0.0029899526 -0.0028694269 -0.0021585994)
(-0.0032960489 0.015176341 0.003805399)
(-0.00010208722 0.012283324 -0.0026574599)
(-0.0087603656 -0.023298744 0.039919929)
(-0.027719572 0.011494924 0.046058122)
(-0.019284687 0.039793306 -0.048814107)
(0.011874376 -0.0021481226 -0.034383571)
(0.019530056 -0.017962622 0.01969835)
(0.013242242 -0.013558396 0.0093792788)
(0.0035112924 -0.0083439444 -0.0090052439)
(0.0052808478 0.0080494136 0.00036962655)
(0.00018036759 -0.0021492545 0.028683138)
(-0.0080039087 -0.032070821 0.023436492)
(-0.0039394283 -0.036266713 0.019099036)
(-0.031198125 0.0043469037 0.065181371)
(-0.015412852 0.030769397 -0.027997285)
(0.0039506672 -0.021814723 -0.076361809)
(-0.0069151773 -0.019864277 -0.058000816)
(0.012888507 -0.014200289 -0.021848905)
(0.015924061 -0.0056957914 -0.0011712842)
(0.0061175513 -0.0030720067 0.01714168)
(0.010150618 -0.010880604 0.0034641432)
(0.0077196912 -0.0087161454 -0.058653502)
(-0.002170754 -0.021182781 -0.065170511)
(-0.025622367 -0.014118579 0.035138177)
(-0.021062958 -0.009250437 -0.023183791)
(0.0059442393 0.0079880386 -0.11695469)
(0.029435472 -0.02203213 0.045689361)
(0.019678524 -0.026959443 0.056532037)
(0.022823605 -0.020884536 0.018045924)
(0.026478027 -0.013037051 0.003639331)
(0.0075779946 -0.0098597359 0.013952733)
(0.017471264 0.024340878 -0.029896845)
(0.046216221 0.023597408 -0.12457844)
(0.029276056 0.023871683 -0.10521886)
(-0.010649026 0.021631022 -0.05316379)
(0.0090416469 -0.0048007997 -0.073701669)
(0.020020715 -0.009158712 0.030625301)
(0.011114001 0.0025462617 0.024537152)
(0.016829386 0.0022513743 0.020446042)
(0.010912132 0.0020268757 0.013860491)
(0.014210409 -0.0090745121 0.016949893)
(0.0025678027 0.011034668 0.050217532)
(0.025227838 0.044970222 0.025665889)
(0.005672962 0.056360474 0.0023922016)
(-0.00047408584 0.033161804 0.049796383)
(0.0079147349 -0.0031474286 -0.042220889)
(-0.0076434148 -0.0046807762 0.023279493)
(-0.0091856784 0.020656491 -0.02521877)
(0.020921707 0.009016759 0.0012323)
(0.025651337 0.0057380544 0.016926593)
(0.032867453 -0.002456695 -0.0038473495)
(-0.00037286558 -0.011190933 0.015360624)
(0.0067656597 0.01780562 0.047843482)
(-0.010164131 0.032462101 0.033339193)
(0.0023864562 0.020502048 0.03046465)
(-0.0079692723 0.013493018 -0.0063897401)
(-0.014548481 0.0096504184 0.028840317)
(-0.0035828045 0.022096171 -0.016241525)
(0.017954722 0.017576289 -0.0086942281)
(0.029908998 0.0090370767 0.0036606892)
(0.035944141 0.002106401 -0.010558308)
(0.019908289 0.0024787172 -0.022217771)
(-0.0007741458 0.0068058687 0.013144788)
(-0.011987425 0.0058481147 0.0039008995)
(-0.0025415586 0.013551204 -0.0097550944)
(-0.014339183 -0.0070172687 0.0094572649)
(-0.0022652905 -0.0013870854 0.04681078)
(0.0011673208 0.012478941 0.028962773)
(0.027051766 0.012140407 0.0125359)
(0.05732148 0.011697861 0.0090441123)
(0.061506681 0.040874256 0.022617455)
(0.026957597 0.03264505 -0.010873665)
(-0.0030610422 0.0092595516 -0.0017485598)
(-0.02920401 -0.00013621798 -0.0034176692)
(-0.016648396 0.013105627 -0.034777136)
(-0.017135054 -0.019335662 0.010384176)
(-0.0071220903 -0.0083324448 0.024714827)
(0.0071550224 -0.005255557 0.0096690843)
(0.014851227 -0.011485935 0.00036470335)
(0.022590179 -0.0462581 0.023031429)
(-0.050929741 0.008122947 0.29608709)
(-0.058940962 0.024882009 -0.028176643)
(-0.026790836 0.00069103145 -0.0137262)
(-0.036962975 0.0041783307 -0.0067491891)
(-0.024136985 0.023270301 -0.053461091)
(-0.016836447 -0.010186696 -0.0088177507)
(-0.018248171 -0.002879063 -0.029175244)
(-0.0036217805 -0.0063005358 -0.017717996)
(0.0052934793 -0.0022310879 0.0047682981)
(-0.0079491346 -0.027554024 0.00015730321)
(-0.025481344 -0.026981322 -0.0091532826)
(-0.036751899 -0.0052686562 -0.025670263)
(-0.03166416 -0.0056125199 0.016669032)
(-0.038682511 0.018806383 -0.0034193184)
(-0.024177452 0.03664901 -0.088101924)
(-0.01420473 0.034264761 -0.035310398)
(0.0035838388 0.01639494 -0.016576031)
(0.015429988 0.002673803 -0.038814897)
(0.02348992 0.0013054809 -0.029223846)
(0.019970106 0.0071340344 -0.0059105871)
(-6.3675139e-05 0.0091601309 0.0093900778)
(-0.017267579 -0.031882438 0.047004182)
(-0.02442706 -0.012382441 0.061931796)
(-0.03312602 0.033654676 0.04179845)
(-0.0064736256 0.039475482 -0.072973923)
(0.0050358536 -0.01162938 -0.022532142)
(0.011748883 -0.010464757 0.036945528)
(0.012972889 -0.0095738969 0.019839931)
(0.012435008 -0.012887946 -0.00028867731)
(0.010595098 -0.00091025811 0.010778661)
(0.016911341 -0.022030269 0.046162738)
(-0.0014783822 -0.03700856 0.027997781)
(-0.021721928 -0.028199693 0.042032513)
(-0.040907865 0.0075465469 0.089284731)
(-2.2743815e-05 0.010395041 -0.016584091)
(-0.00028444459 -0.020098491 -0.077827997)
(-0.036685842 -0.0094046473 -0.061478614)
(-0.0090915846 -0.010592973 -0.042104638)
(0.01071961 -0.010633416 -0.0076872502)
(0.01205502 -0.0087130706 0.018843409)
(0.032710518 -0.01770542 -0.013491272)
(0.0077460923 -0.0033364171 -0.062630595)
(-0.0021156484 -0.022250349 -0.059734957)
(-0.044770111 -0.030444136 0.036063078)
(-0.015133161 -0.032841156 -0.05183316)
(0.0059699612 -0.00040451117 -0.12863315)
(0.018759178 -0.020202769 0.063310575)
(0.0013921765 -0.017669295 0.057070256)
(0.026984892 -0.0061159193 0.01704776)
(0.022694361 -0.0040824898 0.0087525598)
(0.013493316 0.0082858218 0.029881506)
(0.037358524 0.028397558 -0.087756894)
(0.047867462 0.0085117997 -0.16552541)
(0.024421955 0.011212398 -0.11349505)
(-0.0088452547 0.019530448 -0.07129198)
(0.014729944 -0.018279154 -0.066031418)
(0.018100631 -0.0040015968 0.027784535)
(-0.00561335 0.025970653 -0.011282617)
(0.023898459 0.0088537996 0.0059040803)
(0.016439083 0.0082353251 0.011737179)
(0.0066047869 0.0071839838 0.032228932)
(0.016361215 0.035390227 0.056788157)
(0.047821272 0.043505497 0.04126097)
(0.0092122369 0.041499889 0.035733291)
(-0.014660697 0.018946924 0.05570709)
(0.0064213093 -0.044835075 -0.030911977)
(-0.00071008434 0.0060492868 0.01912172)
(-0.012738565 0.037485802 -0.050907534)
(0.020102684 0.010397435 -0.034949995)
(0.022035298 -0.0046258676 -0.0096295653)
(-0.0012915332 -0.017511433 -0.0012660404)
(-0.017737329 -0.016946154 0.018899441)
(0.012062086 0.0059983912 0.063648796)
(-0.023782797 0.028181505 0.064166213)
(-0.018424045 0.009465659 0.022110764)
(-0.011250953 -0.029115743 0.021940723)
(-0.0051304216 0.017069264 0.025106174)
(-0.0023775433 0.018822279 -0.027686793)
(0.02371428 0.0098613842 -0.02574406)
(0.042097854 0.033113659 -0.023786282)
(0.033320024 0.037320562 -0.046968001)
(-0.0072266546 0.011055851 -0.011075104)
(-0.0086803135 0.011089323 0.021678279)
(-0.032648412 0.016621005 0.028578733)
(-0.019467714 0.024861996 -0.017677424)
(-0.023165449 -0.017119087 0.03858443)
(-0.0065071894 -0.00048978313 0.043032585)
(0.0023849544 0.0052615799 0.015063766)
(0.04562499 -0.0039158425 -0.018194791)
(0.05251304 -0.020387747 0.16500148)
(0.044121611 0.023018141 0.23970024)
(-0.042822193 0.020312311 0.0046647397)
(-0.027936515 0.010097985 0.0091929214)
(-0.055279358 0.017197695 0.0011285567)
(-0.031533476 0.018118608 -0.079890456)
(-0.028718551 -0.010113074 0.02415142)
(-0.012568912 0.0040824695 0.0081904401)
(-0.0023325289 0.012047792 -0.027194002)
(0.037774861 -0.016207092 0.011364677)
(-0.015332713 -0.033733691 0.16640696)
(-0.038846849 0.0081309206 0.17334167)
(-0.045051811 0.015234202 -0.032225923)
(-0.041689357 0.011706633 2.6080587e-05)
(-0.058448577 0.035197787 -0.019639218)
(-0.031348715 0.03244155 -0.11059929)
(-0.027916209 0.0040477503 -0.017400436)
(-0.01806456 0.0048814555 -0.047939126)
(-0.016291287 -0.0030577389 -0.019681668)
(-0.014450392 -0.016787362 -0.0064678577)
(-0.037344069 -0.036249488 -0.028193597)
(-0.041278359 -0.041931538 -0.0062391034)
(-0.03223225 -0.011974121 0.006669206)
(-0.025522323 0.0072501102 0.010715338)
(-0.039658627 0.036929379 -0.01631229)
(-0.0089956081 0.015541999 -0.12287285)
(-0.020169753 0.042051449 -0.026707119)
(0.0085769526 0.026774988 -0.038448961)
(0.018187398 0.0094998857 -0.043903024)
(0.019496315 0.010755849 -0.017403074)
(-0.00072406426 -0.0046417794 0.010112006)
(-0.018014538 -0.024304474 0.051950255)
(-0.03507802 -0.015339301 0.064830308)
(-0.029734016 0.014200422 0.071933818)
(-0.023113844 0.044467591 0.040755501)
(0.009874936 0.014713861 -0.068040623)
(-0.0045301818 -0.023299073 0.0085848134)
(0.00048738034 -0.0047225553 0.051075089)
(0.010783079 -0.014192812 0.022225032)
(0.022777002 -0.022676085 0.013470491)
(0.019839547 -0.025985243 0.023958815)
(0.025728327 -0.031467773 0.050412105)
(-0.013307423 -0.030941389 0.047976283)
(-0.034028153 -0.015257087 0.076742279)
(-0.038433857 0.0095580244 0.11254653)
(0.015095314 -0.013790688 0.0030935891)
(0.0079164302 -0.012694167 -0.077436385)
(-0.041444089 -0.009739381 -0.062980398)
(-0.0038907046 -0.014235827 -0.099160463)
(0.025312736 -0.013265868 -0.042267157)
(0.022208109 -0.023197415 -0.015886411)
(0.021859615 -0.012276643 -0.033445883)
(-0.01777062 0.0083075986 -0.072295189)
(0.014484969 -0.022354866 -0.064719547)
(-0.043816097 -0.039464067 0.023309609)
(-0.0012262494 -0.025151072 -0.1155118)
(0.0024613398 -0.0062620287 -0.12513532)
(0.014646113 -0.018846481 0.082404676)
(-0.012956464 -0.00087014244 0.031116173)
(0.025840236 0.0058203993 -0.0022770991)
(-0.0023693363 0.012804437 0.0082688213)
(0.014702028 0.038762728 -0.021225302)
(0.040535959 0.0091563983 -0.14452193)
(0.034360457 -0.014352595 -0.17870181)
(0.0090164752 -0.0034243419 -0.10145222)
(-0.01372998 0.011704078 -0.082646483)
(0.022295991 -0.030391573 -0.058597128)
(0.026251546 -0.0021766065 0.032755235)
(-0.012127566 0.031881902 -0.032644962)
(0.022336845 0.012805002 -0.0089326024)
(0.0047025737 0.022976202 0.025973861)
(0.0073944547 0.043913012 0.055577198)
(0.027368812 0.046578659 0.051200848)
(0.04685966 0.037464154 0.055514716)
(0.0020803233 0.024065698 0.070649855)
(-0.023483974 0.0013631185 0.063728604)
(0.02196048 -0.061245808 -0.039564151)
(0.023472746 -0.0048885149 0.026777407)
(-0.004419875 0.03030337 -0.047361374)
(0.015245218 0.0097930136 -0.038125809)
(-0.010189035 0.006409958 -0.0019896095)
(-0.0067232275 0.00068627142 0.0099997109)
(-0.023491505 -0.018652167 0.021945759)
(-0.0012428083 -0.0055599558 0.073271794)
(-0.039673059 0.018967883 0.080484875)
(-0.028666266 0.0004066652 -0.040523736)
(0.024255618 -0.046389818 -0.016835782)
(0.025517248 -0.00077488152 0.032999531)
(0.01035741 -0.0021799511 -0.011059223)
(0.027796346 0.0088212865 -0.02828935)
(0.035339876 0.019859893 -0.020759171)
(0.026595977 0.011195653 -0.03146985)
(-0.013893236 0.014247996 -0.0062917961)
(-0.024344106 0.023677894 0.034894113)
(-0.046705655 0.033975083 0.036684658)
(-0.019129541 0.022744519 -0.065391118)
(0.014317141 -0.0094913792 0.018470789)
(0.0062321584 0.0010332092 0.039996063)
(0.0029645636 -0.0076430742 -0.015470535)
(0.018943888 -0.014908736 -0.014184584)
(0.046778933 -0.022542832 0.17304026)
(0.047900753 0.014730724 0.2777026)
(-0.018118262 0.021381137 0.037245706)
(-0.034024267 0.025295829 0.014910568)
(-0.058840209 0.034597255 -0.017796906)
(-0.024579996 0.011311556 -0.14541437)
(-0.0087659667 0.024679359 0.030988797)
(0.0031215544 0.022911688 -0.010801284)
(-0.0054071496 0.0038689819 -0.044348277)
(0.010316101 -0.022848209 0.026598503)
(-0.018863598 -0.027940476 0.18885431)
(-0.030653277 0.0095935537 0.19914596)
(-0.021421689 0.029128022 -0.0084927549)
(-0.029478718 0.03341294 0.008936452)
(-0.048225673 0.047787933 -0.034625298)
(-0.011175406 0.019475085 -0.14954949)
(-0.020550668 0.027101402 -0.006129247)
(-0.010825658 0.008122217 -0.056917718)
(-0.018935969 -0.0033592883 -0.019134714)
(-0.026806018 -0.012177337 -0.015395944)
(-0.041578327 -0.016913979 -0.029298397)
(-0.033413057 -0.02740012 0.00053423314)
(-0.019606324 -0.019384685 0.011039011)
(0.0029116343 0.0028858787 0.010307653)
(-0.032503205 0.029556672 -0.014602338)
(0.0078247209 -0.023874405 -0.12445578)
(-0.016335633 0.046065616 -0.0067253418)
(0.014711154 0.030893308 -0.053634215)
(0.0023214589 0.019917532 -0.038416634)
(-0.0069501247 0.022421434 -0.0051717327)
(-0.019933447 -0.0033199615 0.021575229)
(-0.033368122 -0.014916547 0.061886746)
(-0.044643847 0.0051395451 0.071325054)
(-0.017891841 0.027760034 0.059639436)
(-0.014718648 0.029860605 0.027258542)
(0.010759643 -0.011145224 -0.062337076)
(-0.0079106836 -0.02190213 0.044185972)
(-0.0016553445 -0.0018540723 0.057752687)
(0.016962464 -0.01673313 0.016213178)
(0.030088142 -0.01635413 0.017809662)
(0.019519362 -0.017492594 0.025715429)
(0.014545049 -0.022656205 0.063823266)
(-0.036103459 -0.021849824 0.07913861)
(-0.03823139 -0.0018245402 0.10562942)
(-0.026668262 0.016098744 0.12589592)
(0.028505697 -0.010742963 0.0084977782)
(0.019843621 0.00027132206 -0.092256809)
(-0.022881898 -0.0029589004 -0.061621561)
(-0.0012855751 0.0027531511 -0.16054915)
(0.028582657 0.0075284918 -0.075873051)
(0.024509716 0.00052738797 -0.037228111)
(-0.0013281031 0.010564919 -0.021980651)
(-0.033751199 0.019403085 -0.085710503)
(0.023371471 -0.02035073 -0.082821698)
(-0.020527192 -0.030306723 0.02120867)
(0.012985218 -0.0031462122 -0.15088266)
(-0.0095963501 -0.0075023193 -0.11880666)
(0.016135165 -0.016791133 0.10112654)
(-0.020357031 0.0063154782 0.0067380128)
(0.0033838761 0.010165035 -0.00845018)
(-0.010329867 0.025726686 -0.022872189)
(0.033853695 0.015122707 -0.11102439)
(0.036109398 -0.020468514 -0.16647329)
(0.018415821 -0.030527384 -0.16983391)
(-0.0015225368 -0.013663732 -0.082408563)
(-0.011368935 -0.0041583805 -0.095110912)
(0.016188451 -0.02203579 -0.064420312)
(0.031997692 -0.0042204478 0.053415224)
(-0.015613724 0.021889332 -0.028841534)
(-8.6240379e-05 0.012391645 0.00047351876)
(-0.0055150732 0.027749163 0.048239081)
(0.020477821 0.043963028 0.053838091)
(0.020876973 0.042174508 0.06114853)
(0.0226896 0.033902646 0.078166129)
(-0.012217932 0.015262346 0.10268081)
(-0.019124979 0.0095598595 0.051722074)
(0.01584421 -0.048348441 -0.064633587)
(0.035206168 -0.020578845 0.046883977)
(0.0031707352 0.010418441 -0.016923807)
(0.0075393328 0.0073092978 -0.024283132)
(-0.022462438 0.012691225 0.010919191)
(0.0056251616 0.0081357988 0.040354436)
(-0.020750934 -0.015041612 0.044051355)
(-0.017448768 -0.014936904 0.07777961)
(-0.031538529 0.013672995 0.072337743)
(0.0030591074 0.012394858 -0.085888207)
(0.017768102 -0.048204298 -0.08444445)
(0.036758295 -0.026553967 0.041320504)
(0.012969481 -0.0099754281 0.0077453516)
(0.028542481 0.0026704484 -0.013742706)
(0.031142931 0.018943977 0.0045837471)
(0.019729806 0.015835415 -0.0020485185)
(-0.0049909963 0.021598888 0.0033816443)
(-0.018457159 0.031778901 0.033287243)
(-0.027227242 0.039805243 0.03085629)
(0.01139847 0.0048874939 -0.087578569)
(0.023966266 -0.022468401 -0.06923491)
(0.02700482 -0.014712935 0.037600361)
(-0.0035423182 -0.010021794 -0.012476142)
(0.0064124324 -0.023296665 -0.022316034)
(0.036098108 -0.024221481 0.17080323)
(0.049420204 0.0091834081 0.29588414)
(-0.0045339068 0.025966641 0.066581962)
(-0.0096202373 0.034862024 0.02519243)
(-0.027850856 0.0480001 -0.013355069)
(0.00098335838 0.0081067938 -0.1866858)
(0.018062916 0.029945185 -0.011550025)
(0.023228687 0.030408981 0.010009958)
(-0.013447665 -0.0019089228 -0.04004554)
(-0.0056848528 -0.014128093 0.03726738)
(-0.024028143 -0.020597722 0.19600764)
(-0.02389836 0.013674808 0.21379267)
(-0.015828906 0.032494644 0.017395914)
(-0.0029884734 0.035263485 0.035742406)
(-0.019596317 0.038275139 -0.0042398004)
(0.01678037 0.0035264196 -0.13982152)
(-0.0082774775 0.033527015 0.00095919184)
(-0.0069626558 0.0089263682 -0.048861181)
(-0.022479653 -0.007178026 -0.022633243)
(-0.028599189 -0.0087436813 -0.028209532)
(-0.041227677 -0.012386861 -0.040894601)
(-0.025563195 -0.019426703 -0.0061834389)
(-0.015023281 -0.011759719 0.0052409738)
(0.016211116 -0.0013969664 0.027550094)
(-0.021611203 0.0023112081 0.024357741)
(0.022168628 -0.037134812 -0.11386523)
(-0.0088930637 0.043294237 0.011848038)
(0.010685686 0.024895431 -0.04841798)
(-0.024555776 0.022122593 -0.011895108)
(-0.025858098 0.022172674 0.011976004)
(-0.030535741 0.0066839078 0.032088342)
(-0.038417076 0.00011729528 0.063355575)
(-0.040826707 0.017781164 0.057498644)
(0.00032461123 0.028679496 0.035265309)
(-0.015121097 0.011264488 0.034602246)
(0.0094869181 -0.026540587 -0.089293304)
(-0.0099583185 -0.019604681 0.075623502)
(0.00082952118 -0.0014806925 0.060781545)
(0.013686384 -0.018073007 0.016981485)
(0.021378699 -0.0089863653 0.035872699)
(0.0020741217 -0.0020023852 0.045922483)
(-0.0093443345 -0.014018982 0.086241126)
(-0.053183596 -0.012235583 0.10401033)
(-0.03758568 0.010599241 0.11826792)
(-0.019485798 0.02634542 0.12187711)
(0.026823308 -0.00069629285 0.0084332711)
(0.0084872689 0.015030225 -0.10452897)
(-0.0049586969 0.00729127 -0.043388244)
(-0.017552937 0.017400202 -0.17341246)
(-0.0036040099 0.019611899 -0.071426612)
(0.0019117766 0.020747866 -0.0094019291)
(-0.019438643 0.025549777 0.0071403549)
(-0.028330942 0.025614718 -0.092863002)
(0.0024187294 -0.018386229 -0.10953369)
(0.0057963512 -0.016779959 0.03431184)
(0.020645993 0.0070384747 -0.13889002)
(-0.029337864 -0.0094126587 -0.11032425)
(0.030144009 -0.012907338 0.11660027)
(-0.018343376 0.004797813 -0.00063035244)
(-0.007260008 0.0070633708 -0.036147537)
(0.014066177 0.010176983 -0.09252809)
(0.041882128 -0.020555686 -0.13707312)
(0.030421114 -0.046134821 -0.15391854)
(0.0078760491 -0.041916898 -0.15361193)
(-0.0056222904 -0.021189635 -0.065205554)
(0.0011496918 -0.024971661 -0.10953121)
(-0.0060758712 -0.019578994 -0.071395339)
(0.035155588 -0.0060058394 0.074327187)
(-0.013629723 0.0060188649 -0.010212797)
(0.00040044244 0.0094236497 -0.0062883722)
(0.0018117412 0.027930157 0.015856074)
(0.026523826 0.030091886 0.054415634)
(-0.0059952098 0.04115311 0.059876591)
(-0.017100868 0.034123646 0.074274419)
(-0.017569449 0.013040381 0.097289939)
(-0.00073506219 0.032854475 0.018200709)
(-0.0070776396 -0.035963985 -0.070233238)
(0.03432834 -0.025712073 0.06533026)
(0.00090946857 -0.0076788176 -0.0040374532)
(0.013770383 0.0048637216 -0.011399799)
(-0.022663103 0.0017318166 -0.0092654413)
(0.011402427 -0.0026267819 0.017933858)
(-0.018775219 0.013365335 0.055746948)
(-0.016520409 0.0059091397 0.064035435)
(-0.011522244 -0.00074673381 0.045624717)
(0.020652424 0.0017668402 -0.065074858)
(-0.015784856 -0.044354782 -0.11063043)
(0.038356799 -0.032711166 0.041316205)
(0.0037403447 0.0029176149 0.0071669666)
(0.023306582 -0.0033642256 -0.015341486)
(0.031027915 0.00037460097 0.02277409)
(0.022727855 0.013331994 0.0087683427)
(0.009936031 0.03014403 -0.00040502851)
(-0.0073952462 0.035030089 0.0027577681)
(0.00051835819 0.04239504 -0.014500118)
(0.018660101 0.012137646 -0.073161293)
(-0.0095866619 -0.040402556 -0.12534617)
(0.040918887 -0.029883342 0.011674313)
(-0.0063215393 -0.015942289 -0.010875645)
(0.0068684389 -0.033806327 -0.04207893)
(0.022586673 -0.032541444 0.16435325)
(0.047321075 0.0017920211 0.30656291)
(0.0054132941 0.027625338 0.082622717)
(0.0045249672 0.025574188 0.0099401391)
(-0.0035169424 0.073890519 -0.007975218)
(0.023051619 0.0045350596 -0.18503125)
(0.009165969 -0.010989077 -0.076032824)
(0.026525793 -0.0033902861 -0.0050137538)
(-0.029070461 -0.00080738799 -0.032917771)
(-0.016926512 -0.0044383694 0.025090826)
(-0.028684961 -0.013613355 0.19105982)
(-0.017125551 0.016978776 0.21889685)
(-0.0065218584 0.03210615 0.020962687)
(0.0093364854 0.028559818 0.034945649)
(-0.011879648 0.058495914 0.0140449)
(0.039466108 0.003386556 -0.10812467)
(0.008740958 0.015210243 0.0053297163)
(-0.0072886862 -0.010396282 -0.039147281)
(-0.029770807 -0.010156181 -0.027187751)
(-0.020981031 -0.0051403286 -0.032448641)
(-0.027792919 -0.0099367118 -0.054983713)
(-0.013499371 -0.02187546 -0.02630702)
(-0.019326052 0.002009478 -0.014229216)
(-0.0025443933 0.022707502 0.019628548)
(-0.0282701 0.0047994752 0.0064097508)
(0.036449547 -0.021171656 -0.096966764)
(0.0038115656 0.026109451 0.02830302)
(-0.0024832039 0.0055263543 -0.031289975)
(-0.035256415 -0.0012459967 -0.0032369819)
(-0.026423832 -0.0042990422 -0.00044710026)
(-0.026477031 0.0029897968 0.015431905)
(-0.022393921 -0.00037075285 0.051890909)
(-0.032656062 0.0064216627 0.035613574)
(0.015645417 0.014582075 -0.00085045416)
(-0.03339485 -0.021667018 -0.012633797)
(0.0155949 -0.02729582 -0.11611849)
(-0.011165361 -0.023084011 0.092728033)
(0.0029983759 -0.0050949253 0.057042027)
(-0.0008071518 -0.026567158 0.0060291927)
(0.00029086113 -0.012597663 0.030769109)
(-0.015647777 0.0033487839 0.051451924)
(-0.025618395 -0.010945152 0.091567985)
(-0.056478334 -0.014457742 0.1049077)
(-0.037889546 0.0097409972 0.11296587)
(-0.022927316 0.02211748 0.094861216)
(0.012678934 -0.012784714 -0.016633478)
(-0.01141029 0.028311656 -0.10391101)
(0.0031100399 0.012308943 -0.025635609)
(-0.029389158 0.025679848 -0.16481382)
(-0.033412057 0.021142434 -0.073980768)
(-0.0091542498 0.022098094 -0.0016683408)
(-0.014601515 0.029628573 0.012236653)
(-0.0089129322 0.034950373 -0.085437285)
(-0.012674325 0.0014214221 -0.1383162)
(0.01631595 -0.01288063 0.022585115)
(0.025706182 0.0091994578 -0.12079403)
(-0.053911008 -0.011192143 -0.097343223)
(0.044089043 -0.0085890561 0.11394305)
(0.010583303 0.0041795411 0.0285756)
(0.011324472 -0.0055708139 -0.0488565)
(0.033312914 -0.025808242 -0.12833505)
(0.039801124 -0.053912646 -0.13017795)
(0.027605636 -0.065961251 -0.12806095)
(0.0058458885 -0.05281844 -0.13787295)
(-0.0048325621 -0.028849721 -0.060150802)
(0.016106751 -0.042227413 -0.11255911)
(-0.039934286 -0.022085077 -0.074993544)
(0.040347361 -0.0098628077 0.092182163)
(-0.012502233 -0.013472673 0.01415601)
(0.013651031 -0.0053468084 0.0003545124)
(0.00023245179 0.0062368835 0.05284702)
(0.025894087 0.015613403 0.08254499)
(-0.0068313107 0.031809791 0.069063139)
(-0.026300502 0.033043278 0.050036421)
(-0.011322364 0.0060855488 0.066962664)
(0.010928605 0.031249428 0.0071306811)
(-0.035548406 -0.025934928 -0.070849083)
(0.031656238 -0.028986128 0.081865458)
(-0.02442798 -0.026015058 -0.00064836877)
(0.016854704 0.0029492985 0.020714167)
(-0.012456041 -0.013747146 0.036966)
(0.014554189 0.0035269886 0.047746793)
(-0.0065600858 0.02730326 0.082041964)
(-0.0023634686 0.032353334 0.062515543)
(0.019427028 -0.0053437856 0.017586405)
(0.019246735 -0.025676024 -0.046544459)
(-0.044908747 -0.031435647 -0.11207311)
(0.035778566 -0.025641089 0.052619736)
(-0.010098297 -0.014352601 0.024980785)
(0.013491251 0.0013467773 0.013882455)
(0.022248972 -0.01191625 0.052758004)
(0.028437975 0.0076297862 0.031577327)
(0.018825264 0.038577806 0.033894801)
(0.012490636 0.040430761 0.046416424)
(0.029700692 0.038731555 -0.082276274)
(-0.012970809 0.030874899 -0.076230435)
(-0.044152262 -0.041269879 -0.14099534)
(0.032219199 -0.028845296 0.04111499)
(0.015283292 -0.016641123 0.030766949)
(0.015154339 -0.030699659 -0.032502016)
(0.013941284 -0.039841214 0.15160943)
(0.04384648 -0.0077982063 0.30889158)
(0.020137473 0.033959264 0.11009844)
(0.01425578 0.016323835 0.040158983)
(0.017646768 0.055150991 -0.031622303)
(0.038235953 -0.0056287553 -0.15966893)
(-0.02277542 -0.037075639 -0.11584019)
(0.020679679 -0.022789433 0.036094965)
(-0.025838444 0.0023059104 -0.0063818534)
(-0.011185509 -0.011002722 0.018783735)
(-0.026664088 -0.0085735392 0.17594981)
(-0.009556939 0.011685528 0.21266201)
(0.0047930699 0.018600936 0.03332327)
(0.013438569 0.0074810491 0.042119161)
(0.0012994585 0.056854212 0.046165529)
(0.057333769 0.0091694235 -0.086398459)
(0.017778022 -0.016237926 -0.026398618)
(-8.0520891e-05 -0.022433594 -0.0048274093)
(-0.030717818 -0.012249478 -0.00062078738)
(-0.0038301637 -0.013270379 -0.0094894915)
(-0.016830823 -0.0097106565 -0.047966213)
(-0.015672426 -0.028497744 0.0067450166)
(-0.013130405 -0.017859954 0.030743117)
(-0.001596922 0.034761196 0.048295128)
(-0.02083537 0.033261782 0.063860953)
(0.051852896 0.0066602659 -0.073428054)
(0.00961641 0.011354929 0.043409212)
(-0.027121714 -0.008607289 -0.0040443237)
(-0.05773626 -0.018768261 0.01456632)
(-0.040785166 -0.020882018 0.017307743)
(-0.030368563 -0.008728457 0.015078871)
(-0.0074486103 -0.0041458727 0.056366308)
(-0.023194902 -0.011939688 0.058133959)
(0.030013822 -0.004000222 0.042107439)
(-0.026680777 -0.02158338 0.036152662)
(0.036163119 -0.010060009 -0.11714058)
(-0.010958029 -0.022059358 0.092420162)
(-0.0051879865 -0.014204931 0.047966123)
(-0.035931095 -0.030782217 0.0024174414)
(-0.035748024 -0.017598708 0.034791996)
(-0.027894245 -0.0045630831 0.066268239)
(-0.026844288 -0.015375567 0.1011438)
(-0.045404132 -0.023239914 0.10263902)
(-0.033276179 -0.0030203521 0.10756353)
(-0.020748276 0.0077752522 0.072747283)
(0.0096516386 -0.022180243 -0.039717131)
(-0.02411536 0.042191386 -0.09314515)
(0.0067355401 0.010215415 -0.0097535829)
(-0.029011289 0.036273779 -0.14742799)
(-0.052767693 0.028134491 -0.080989299)
(-0.02240226 0.022245568 -0.0017202328)
(0.0048694122 0.023662317 0.030253892)
(0.018638986 0.047850656 -0.064593186)
(-0.0064312466 0.036201503 -0.13587807)
(0.0053115804 -0.011912462 0.018318648)
(0.035726247 0.014430709 -0.11009445)
(-0.073352157 -0.0090488918 -0.074548329)
(0.043915397 0.00051568952 0.081570573)
(0.015172943 0.011755299 0.036764531)
(0.048914989 -0.0077406689 -0.046436382)
(0.029495963 -0.03980193 -0.11786605)
(0.027781 -0.074911792 -0.1062943)
(0.028965198 -0.079149585 -0.10063233)
(0.015663031 -0.062785621 -0.11343558)
(0.0054025597 -0.043155076 -0.060177232)
(0.024357995 -0.049824101 -0.090960007)
(-0.067070863 -0.01817624 -0.063232654)
(0.036770893 -0.0094951836 0.081924029)
(0.016737603 -0.016869003 0.043857766)
(0.046991269 -0.011745646 -0.03507902)
(0.066263996 0.0015801214 -0.022981272)
(0.068056566 0.0062109444 0.00060158372)
(0.02909135 0.012742794 0.0080660175)
(-0.0057308465 0.017621945 -0.010204931)
(-0.0052745295 0.0035061764 0.025714874)
(0.0085084746 0.015963469 -0.0022266329)
(-0.056835862 -0.016253014 -0.059192716)
(0.019651582 -0.019088131 0.067755295)
(0.023984015 -0.0014545295 -0.0028751586)
(0.031843303 -0.00070028134 -0.033694679)
(0.02995672 -0.0056516216 -0.0088581664)
(0.030004952 0.025144905 -0.00083540547)
(0.022012467 0.041750189 0.034378765)
(0.0058205021 0.04446305 0.0072764566)
(0.013444534 0.024680481 -0.0202198)
(0.012912836 -0.029419861 -0.034514517)
(-0.059734282 -0.018700974 -0.092749214)
(0.019205498 0.001521349 0.003306103)
(0.027724241 0.013703497 0.0086201486)
(0.04198743 0.029968181 -0.013942721)
(0.028322947 -0.0050806113 0.013041344)
(0.045849743 -0.021702629 0.028276476)
(0.024398635 0.040785184 -0.0035920639)
(0.0078618142 0.055074452 0.0079081914)
(0.049494287 0.023683 -0.076573178)
(-0.030003652 0.012896709 -0.088729321)
(-0.063973885 -0.026972752 -0.11437737)
(-0.0034468971 -0.026354514 -0.040583489)
(0.028768259 -0.0028222964 -0.029529011)
(-0.0071110561 -0.020465172 -0.027073191)
(-0.010713872 -0.04756206 0.12250403)
(0.039390825 -0.023386152 0.28411549)
(0.044461276 0.031754702 0.11639561)
(0.053826632 0.019316234 0.028470867)
(0.04621483 0.012166643 -0.044995054)
(0.060792118 -0.022623475 -0.12115405)
(-0.0513803 -0.031737587 -0.11508144)
(0.017272671 -0.049859903 -0.019408695)
(0.018917447 -0.020983217 -0.022888551)
(-0.0024775979 -0.022917053 -0.013706253)
(-0.030037357 0.0009273641 0.13981638)
(0.0026296437 0.017628724 0.18664157)
(0.02517095 0.01936226 0.046258896)
(0.02917655 -0.0088803679 -0.0021567745)
(0.016564197 -0.011655549 -0.0057556788)
(0.07690177 0.0075556524 -0.083754756)
(-0.01430889 -0.041269051 -0.065700511)
(0.0099847653 -0.04585074 -0.0042842772)
(0.010793355 -0.042422308 -0.0093580093)
(0.03106397 -0.037691481 -0.036857071)
(-0.013310884 0.00079628884 -0.048533891)
(-0.035207072 -0.016929471 -0.026900307)
(-0.039809432 -0.030667956 -0.0050084145)
(-0.010870124 -0.008884521 0.021963643)
(-0.016534352 -0.0043276494 0.01971572)
(0.0683707 0.029562423 -0.069564611)
(0.027250981 0.0062702277 0.038294075)
(-0.0063746024 -0.019259074 0.026731455)
(-0.0055048598 -0.023540582 0.0027019011)
(0.0016242568 -0.038527998 -0.034070671)
(-0.035972474 -0.041830945 -0.035815833)
(-0.014366407 -0.034917629 0.0074468428)
(-0.022613119 -0.018911507 0.0024561371)
(0.019914321 -0.023282042 0.032343795)
(-0.022316262 -0.043987701 0.013184683)
(0.057236888 0.021163217 -0.091384543)
(0.012388496 -0.022109313 0.073907115)
(0.0019809015 -0.026178022 0.052442631)
(0.0052852261 -0.019720006 -0.007587182)
(-0.034293737 -0.023219586 -0.033170693)
(-0.041971028 -0.025824681 0.012553692)
(-0.033491865 -0.028483992 0.058978021)
(-0.035122311 -0.026073846 0.04408799)
(-0.024792542 -0.010097975 0.042208804)
(-0.031890306 -0.022417607 0.024160992)
(0.029130084 -0.0012150327 -0.066868809)
(-0.026609342 0.055179313 -0.074600233)
(0.005200696 0.026355971 -0.029962883)
(-0.020351279 0.047657188 -0.11084296)
(-0.06068045 0.042940206 -0.085561177)
(-0.035737123 0.04476483 -0.050776435)
(-0.0015831291 0.051381977 -0.033145956)
(0.02858207 0.063371618 -0.06243853)
(0.013978908 0.062517076 -0.10158712)
(-0.010821451 -0.011314858 -0.025139678)
(0.044202068 0.021314344 -0.094434247)
(-0.065498258 -0.0048580422 -0.022342297)
(-0.015598933 -0.00019583938 0.039620731)
(0.030185992 -0.012169134 0.024569815)
(0.051728183 -0.01810167 -0.028007334)
(-0.0076045376 -0.047148801 -0.048285725)
(0.0025685351 -0.075241562 -0.024298898)
(0.028563487 -0.074490787 -0.025259892)
(0.028514836 -0.061841193 -0.04451722)
(0.019309213 -0.050591387 -0.024880155)
(0.021046725 -0.047349665 -0.031629843)
(-0.06533234 -0.0082286999 -0.017851056)
(-0.019545046 0.00016483649 0.044922732)
(0.036341018 0.0050409024 0.018546738)
(0.019842032 -0.022030376 -0.046047572)
(-0.027101884 -0.07773734 0.019286401)
(0.020382953 -0.10909144 0.04955767)
(0.040978908 -0.093998854 0.046074554)
(0.05537309 -0.088927253 0.0048829493)
(0.02960267 -0.040027735 -0.0042940354)
(0.015138057 -0.035812615 0.0043260695)
(-0.057405536 -0.0044616583 -0.023181333)
(-0.019378165 0.003517136 0.0080243268)
(0.0056619372 -0.0077864136 -0.053656941)
(-0.041422903 -0.043230526 -0.0033785775)
(-0.025837229 -0.072779604 0.059306731)
(0.015764079 -0.11130539 0.083453622)
(0.046969438 -0.069535147 0.070563835)
(0.071207614 -0.05776679 0.04211502)
(0.050975752 -0.014186918 -0.016129989)
(0.01658976 -0.0036105335 -0.011605158)
(-0.056432774 -0.013184905 -0.039317627)
(-0.071743041 -0.01119178 -0.014485989)
(-0.063739107 -0.025131882 0.0077295016)
(-0.069194562 -0.035905656 0.054798742)
(-0.049016779 -0.082658476 0.092705298)
(0.023009129 -0.12347189 0.13779033)
(0.069878196 -0.079516638 0.10611026)
(0.088974888 -0.041662156 0.075679673)
(0.090147635 -0.036664259 0.007719765)
(0.023496982 -0.024381929 -0.042623465)
(-0.066926384 -0.010764345 -0.036958167)
(-0.11008089 -0.0093194284 0.025295345)
(-0.11148875 -0.014126671 0.059041668)
(-0.12652712 -0.030495819 0.087842596)
(-0.092585723 -0.047040174 0.14288712)
(0.016201327 -0.038380876 0.22308362)
(0.10450888 -0.0088748891 0.15348338)
(0.13133293 -0.0025374409 0.09497059)
(0.14204888 -0.015204445 0.05133194)
(0.08184261 -0.029387227 -0.025936426)
(-0.057196062 -0.0053913972 -0.047630892)
(-0.092001767 0.0030039726 0.0034168574)
(-0.090579269 0.0062046781 0.051779172)
(-0.10470173 0.015239107 0.086945389)
(-0.074752946 0.0398679 0.13355539)
(0.007787105 0.068188117 0.17123151)
(0.083742379 0.058062829 0.11523275)
(0.1045082 0.031292562 0.072563979)
(0.11218842 0.013122441 0.04419159)
(0.080423372 0.010652935 -0.020688886)
(-0.036537334 -0.036397786 -0.040951459)
(-0.045235817 -0.013907871 -0.040131094)
(-0.061842851 0.013607994 -0.00010647867)
(-0.063827621 0.037058283 0.05925323)
(-0.058359922 0.088377739 0.092242266)
(-0.01541251 0.10764106 0.1025978)
(0.027531967 0.068993386 0.069907929)
(0.046066994 0.037082533 0.047271546)
(0.070219585 0.032604748 0.03844969)
(0.066123377 0.04111461 -0.017148077)
(-0.022065752 -0.029116605 0.0080826208)
(0.0065295097 -0.024068729 0.014728682)
(-0.018295456 0.010948624 -0.02758723)
(-0.056600659 0.032622486 0.029529767)
(-0.053282739 0.066806966 0.050877671)
(-0.016738428 0.07489374 0.047653051)
(0.018978332 0.064323247 0.035686281)
(0.030317979 0.03849313 0.038062134)
(0.05727497 0.03651012 0.035702029)
(0.055154623 0.044357166 -0.023079907)
(-0.0054768736 0.020626676 0.034140471)
(0.011290921 0.0056139816 0.038456772)
(-0.00246562 0.050318118 -0.018218607)
(-0.060140254 0.052058603 0.011613809)
(-0.054121599 0.05721461 0.016073475)
(-0.020680479 0.057116106 0.026137876)
(0.017189737 0.062272714 0.027747274)
(0.030365086 0.067063731 0.032989062)
(0.049412119 0.055660553 0.012577345)
(0.046992952 0.039694926 -0.0313986)
(-0.021859651 0.053710667 -0.023372653)
(0.0015154766 0.049248401 -0.0042377831)
(-0.0087620965 0.047379848 -0.041141609)
(-0.052388264 0.046181756 -0.030140745)
(-0.041536371 0.053768558 -0.021269926)
(-0.012832684 0.063342617 -0.01163245)
(0.028434448 0.061843851 -0.015781572)
(0.027708598 0.063384383 -0.027553611)
(0.03211808 0.03858978 -0.037884428)
(0.040785267 0.025058858 -0.043931381)
(-0.0014307892 -0.004096178 0.0012901992)
(-0.0019288815 -0.008441781 -0.0023870601)
(-0.0020312287 -0.0053226106 -0.0031033761)
(0.010947744 -0.0045976581 0.0041162809)
(0.010780505 0.0074769051 0.0074164871)
(0.017210014 -0.019139801 0.001981483)
(-0.0069373008 -0.0074823591 0.0093889591)
(-0.0060156367 -0.0018128044 -0.0029873726)
(-0.0023532059 -0.0037040762 -0.0027232085)
(-0.005301567 0.0015965796 -0.0031166347)
(0.0088889172 0.0087002159 0.0086974392)
(-0.0041100164 0.0080860881 0.0019087142)
(0.0007215149 -0.0066916449 0.00919833)
(-0.020127905 0.0041963062 0.00066077444)
(-0.0027042648 -0.005151765 -0.0032875899)
(0.00017454743 -0.0073984129 -0.0039200466)
(-0.0011920484 -0.003000947 -0.0015365426)
(0.016570094 -0.02062639 0.00021109488)
(-0.0083447978 0.00095740029 0.0092894546)
(0.0066870521 -0.016966104 -0.0055828456)
(-0.0087297682 -0.011317709 0.0056968772)
(-0.0057509129 0.002509692 -0.001177995)
(-0.0017287413 -0.0010632826 5.1741444e-05)
(-0.005466447 0.002002722 0.0039590916)
(-0.00070424221 0.0017185274 0.0090909058)
(-0.021177944 0.00093161321 0.00087631007)
(-0.011803202 -0.010871889 0.0077723685)
(-0.016629547 -0.0071064182 0.0062290723)
(0.0080158992 0.0019355687 0.0052949845)
(0.01360682 -0.001746284 0.0031991193)
(0.012893436 0.0091491245 0.0072305496)
(0.014314422 0.0039302831 0.0019649168)
(0.016155532 0.0067666698 0.0022295843)
(0.023559083 -0.005850351 0.0073892166)
(0.0086287629 -0.020002854 0.20697715)
(0.0033040447 0.0063376535 -0.00036289517)
(0.011361784 0.010393321 0.0084826625)
(0.0023492838 0.012697688 0.0028797129)
(0.016187461 0.0082595526 0.0015931973)
(0.013038426 0.0098579443 -0.0017998897)
(0.0063196924 -0.019244527 0.20739248)
(0.013134844 0.02409786 0.00087441844)
(0.014035053 -0.0064175835 0.0052429919)
(0.011500859 -0.017328341 0.0059271371)
(0.019001912 -0.020461054 0.0011778699)
(0.015123111 -0.0090557401 0.012560096)
(0.023934151 -0.010581722 0.01042719)
(0.017145218 -0.02134512 0.012481667)
(-0.019961768 -0.009661492 0.20163251)
(0.014105703 0.010564465 0.0081117489)
(0.02154902 -0.020751688 0.00137883)
(0.026615661 -0.010016265 0.0088869746)
(-0.0011331113 0.013081003 0.0019979461)
(-0.02098249 0.0079307759 0.0019127781)
(0.011768199 0.027202184 0.00020810414)
(-0.0089755135 0.0068389772 -0.013004054)
(-0.019081607 0.0080328172 0.00076375774)
(-0.010316427 0.0065602079 -0.011021884)
(0.0095107277 0.024500129 0.00026565811)
(0.0026918185 0.011387623 -0.012274844)
(0.019591734 0.0034963632 0.20657821)
(-0.0022221133 0.014267306 -0.016103583)
(0.018317313 -0.02178572 -0.00077464524)
(0.0049774126 -0.021311779 -0.010658668)
(0.007456516 -0.019803653 -0.0097604935)
(0.014359675 -0.023648357 0.0069005805)
(-0.02059864 -0.010864351 0.20025448)
(0.0012929208 -0.020603452 -0.016409791)
(-0.0075666043 -0.024856752 -0.0059832515)
(0.0068016561 -0.019109896 -0.0078299634)
(-0.013357618 -0.014288662 0.0075902629)
(-0.0097306314 -0.026812781 -0.0041180522)
(-0.02242889 0.0045625212 0.0017488975)
(-0.015963247 -0.013637104 0.0090114507)
(-0.01675027 -0.0063529739 0.0035067938)
(-0.021031682 0.0057733493 -0.0061068091)
(-0.0095917386 0.0056546319 -0.011006117)
(-0.01510346 -0.0036386275 0.00042384644)
(-0.0062642149 0.0047328156 -0.010917297)
(0.019620831 0.0018063902 0.20671093)
(-0.003315477 0.014613909 -0.018510627)
(-0.018441283 0.0094764196 -0.008318831)
(-0.0040365769 0.01471933 -0.019200499)
(-0.012266278 -0.013044059 0.0068688795)
(-0.00027291514 -0.012362339 -0.0096723432)
(-0.007951617 -0.0094159731 0.0021130197)
(-0.011489256 -0.024048256 -0.0039713829)
(-0.010754804 0.019384372 0.20317543)
(-0.0099309156 -0.014221974 -0.0062291974)
(-0.015215162 -0.0049630109 0.0035122347)
(-0.016332697 -0.0062434473 0.0050834762)
(-0.0109097 -0.007956534 0.0062698229)
(-0.01323697 -0.0055195688 0.007768644)
(-0.011568976 0.020449391 0.2016993)
(-0.017589886 0.0054965623 -0.0082170505)
(-0.014237195 -0.001575327 0.0046917948)
(-0.0087213243 0.0050790201 0.0015744578)
(0.021289626 0.0070116463 -0.000295036)
(0.025362614 -0.0070907328 0.0091408823)
(0.0091809448 -0.0074752528 0.21567859)
(0.025045674 0.0075291678 -0.0021268283)
(0.032264752 0.010208355 -0.0056976612)
(0.037071919 -0.012136853 0.015729183)
(0.05789873 0.0086275987 0.00027016847)
(0.017774772 0.0095266489 -0.0035771095)
(0.0061658055 -0.0068996878 0.21547179)
(0.014856221 0.024685936 6.5057867e-05)
(0.032518442 0.010490458 -0.0069913331)
(0.029357914 0.0070183704 -0.010965045)
(0.05668075 0.014914328 -0.0014778664)
(0.026224561 0.022104514 -0.00308256)
(0.025412294 -0.011664715 0.011915185)
(0.016250925 -0.022179168 0.01471401)
(-0.0078516559 -0.0096029544 0.20950467)
(0.019886348 -0.012350129 0.019520105)
(0.031757435 -0.018067062 0.018672578)
(0.017643961 -0.018313021 0.019985803)
(0.008669107 -0.029982088 -0.013361365)
(0.036419319 -0.017770889 0.017260398)
(0.058316529 0.012660385 0.012043222)
(0.0034222124 -0.030901239 -0.017303589)
(0.013526365 0.027615862 -0.00048999411)
(0.056947802 0.02104402 0.011533331)
(0.029505451 0.026451474 -0.0059946471)
(-0.0043510705 0.031331069 -0.0026563801)
(0.0080162677 0.011431326 -0.012510009)
(0.0073645407 0.0040337453 0.21461116)
(0.00221902 0.016668659 -0.017211027)
(0.025572068 0.023533523 -0.0096359909)
(0.017882715 0.0065396354 -0.016283989)
(0.0018127633 0.034788102 -0.023337138)
(0.006695908 0.017027353 -0.020313227)
(-0.0086023341 -0.011227963 0.20786337)
(-0.0007235365 -0.021095608 -0.01663371)
(-0.0086845182 -0.023501737 -0.0062567039)
(0.015173118 -0.019019856 0.013799351)
(0.00074058117 -0.029724182 -0.017281517)
(0.0037633163 -0.020941879 -0.0077352253)
(-0.012539303 -0.011797704 -0.004219799)
(-0.010219193 -0.024931858 -0.0049899436)
(-0.0027993775 -0.031247766 -0.018387765)
(-0.019961967 -0.0058272786 -0.01038883)
(-0.031978417 0.0094405153 -0.032273844)
(-0.02153881 0.010237255 -0.0089690665)
(-0.0075390783 0.026625457 -0.011870076)
(-0.033015184 0.011644976 -0.027667796)
(-0.023967789 0.021122946 -0.01542605)
(0.00019347239 0.017513984 -0.020290992)
(-0.018258385 0.013742761 -0.011111195)
(-0.0041770515 0.017832048 -0.021000697)
(-0.0061376338 0.031752833 -0.024882533)
(0.0013687306 0.017947919 -0.022548577)
(-0.02020274 0.022118368 -0.01831583)
(-0.009274193 0.019786873 -0.024470305)
(-0.010327803 0.0072684921 0.21056075)
(-0.011659765 -0.011150719 -0.0049918997)
(-0.012337139 -0.00086307199 0.0019628915)
(-0.017077567 -0.0022645472 -0.0062517437)
(-0.03868346 0.013364471 -0.04435395)
(-0.0065708464 -0.0025490467 -0.0010724209)
(-0.0093269105 0.0096991701 0.0010850568)
(-0.018131604 0.010015537 -0.010863295)
(-0.011267883 0.0018295175 0.0030178616)
(-0.0076580551 0.0071377452 0.00032415781)
(-0.037888447 0.015737456 -0.040202845)
(-0.023698021 0.019566424 -0.013255591)
(-0.010003776 0.011679143 0.0013609082)
(-0.010803199 0.020984113 -0.0013577326)
(0.065378723 2.5482688e-05 -0.0016800484)
(0.0011466462 -0.030342081 -0.018868013)
(0.0029751805 0.0015823471 0.0063052455)
(0.047846857 -0.0078972724 0.017508092)
(0.065607296 0.010123784 0.0071409818)
(0.034258784 -0.026518353 -0.023376142)
(0.04125303 -0.050444181 0.49050287)
(0.042686809 0.030826732 -0.011225258)
(-0.0075387506 0.0031026662 0.0063190841)
(0.0041592137 0.034234624 -0.010349592)
(0.062739453 0.018754477 0.001288307)
(0.039526957 0.041916927 -0.016008564)
(0.0089904127 0.019095311 0.50292781)
(0.00096978414 0.039056912 0.010922247)
(0.0024559458 -0.0073815138 0.0059414326)
(-0.019894621 -0.010064371 -0.013164227)
(-0.043114314 0.013859997 -0.044959909)
(0.023162905 -0.023343999 0.0080966937)
(-0.0095178944 -0.058164763 0.47085838)
(0.0093912087 -0.01782244 0.0074634458)
(-0.04893489 -0.021416035 -0.028678661)
(-0.0039043514 0.028507423 -0.016886353)
(-0.042483201 0.018868138 -0.040957575)
(-0.028966895 0.021870026 -0.015251968)
(-0.05141749 -0.00010527005 0.47842597)
(-0.031350623 0.032680439 -0.0037546697)
(-0.063693918 -0.0067352882 -0.024087357)
(-0.056843197 0.015551974 -0.029874836)
(0.0057296118 0.012964439 0.01005384)
(0.0097365705 -0.029279963 0.038438751)
(0.016523476 -0.046561643 0.1061589)
(-0.0014935558 0.013653685 0.013373183)
(0.013375862 0.021951957 0.016306506)
(-0.022890394 -0.014293894 0.033373198)
(0.014868545 -0.023296276 -0.005347728)
(-0.040111957 -0.017828699 0.094593398)
(0.0099512277 -0.024590184 0.0023736955)
(0.012084989 -0.026414425 -0.0019742222)
(0.038648761 0.00030406716 0.03565432)
(-0.0082986844 0.044849825 0.037817965)
(-0.022996014 -0.012185159 0.0057551667)
(0.02773711 0.0012137589 0.13768875)
(0.024219159 -0.012698462 0.13444491)
(0.032886361 -0.015536873 0.013688359)
(0.042628991 0.0038093136 0.047570085)
(0.040870072 -0.0253062 0.043102183)
(0.0047330976 0.0086532535 0.20476744)
(0.011927651 0.11281205 0.23481487)
(0.020074746 0.051764927 0.0809179)
(0.00065834235 -0.018023552 0.19127197)
(0.10849352 -0.019888873 0.22141875)
(0.018684341 -0.026835319 0.0534837)
(-0.0054852656 0.025985931 -0.016592413)
(-0.0046419237 0.024000704 -0.010107306)
(-0.022128748 0.0093059241 0.087912154)
(-0.072570001 0.01731213 0.15390666)
(-0.0093559334 0.021654135 -0.011901632)
(0.00040347081 0.026112178 -0.016209068)
(-0.023299797 0.024381328 0.016679037)
(-0.014732328 0.0068754374 -0.007592478)
(-0.013562581 -0.011781764 0.069390127)
(-0.01460795 -0.0026237614 -0.007731156)
(-0.015340187 -0.065594153 0.13703089)
(-0.013585119 0.0012355794 -0.0058942774)
(-0.020165794 -0.0040672608 0.008039094)
(-0.012445903 0.0037713128 -0.011128877)
(-0.043151825 0.016479957 0.017242795)
(-0.20453809 0.0014308678 0.20351526)
(-0.027984557 -0.20114649 0.1961954)
(-0.051662047 -0.013655198 0.32984775)
(-0.10517442 -0.056821158 0.12665326)
(-0.077010947 0.028584285 0.26294357)
(-0.051294757 -0.045676083 0.22224489)
(0.0059212103 -0.0074224067 0.00084508242)
(-0.0017481748 -0.0071418665 0.0023910567)
(0.0099401227 -0.0067204419 0.023177019)
(0.004252802 -0.019203329 0.018069189)
(0.0037327861 -0.0018248316 0.001636742)
(0.0041022809 -0.012456209 -0.00019505911)
(0.021509898 -0.0071757772 0.010219339)
(-0.0046890213 0.0012010228 0.0018086421)
(-0.0046683862 -0.0034075466 0.002002774)
(0.0096143649 -0.0042102267 0.022580115)
(-0.012627929 -0.0022631216 0.014538343)
(0.0022921987 6.4725305e-05 0.0024017549)
(-0.012303492 0.001867032 -0.0021598297)
(-0.0037580748 0.010409383 0.013016786)
(0.00070272643 -0.012047603 -0.002055404)
(-0.0052084733 -0.0076079723 0.0019158755)
(0.0025567924 -0.018721293 0.017546793)
(-0.016132056 -0.0030084547 0.019225395)
(0.0028619976 -0.013165526 -0.00071362499)
(-0.0074703045 -0.0060503593 0.00052834914)
(0.0070751442 -0.02199403 0.0049889658)
(-0.014444518 -0.0020135513 0.0034844371)
(-0.0087793819 -0.0032865055 0.0013988682)
(-0.014972341 -0.0030175329 0.013298873)
(-0.016751294 -0.0034004541 0.01816478)
(-0.015192302 0.0017302889 -0.0017152158)
(-0.010046606 -0.0033874174 0.0016144195)
(-0.02374119 -0.012624853 0.0073023834)
(0.01900855 0.0053527997 0.00055980958)
(0.018154944 -0.010136972 0.068156961)
(0.024586695 0.010221079 0.0007727285)
(0.022863827 0.00291932 0.079734369)
(0.018633976 0.0099687645 0.0029022839)
(0.025543635 0.0038427499 0.0076707221)
(0.02335083 0.0067428526 -0.00025212368)
(0.015088306 0.01409603 0.0039344407)
(0.018745703 -0.0098701592 0.068915366)
(0.024475482 0.012204947 0.0011328998)
(0.020909762 0.022793672 0.084239744)
(0.01789714 0.011405513 0.0035985032)
(0.017750433 0.023012425 0.010138559)
(0.021367256 0.016027611 0.0012719373)
(0.019164096 -0.017869157 0.0085429927)
(-0.0019792838 -0.020591777 0.05574941)
(0.024665379 -0.022783883 0.080190277)
(0.016452353 -0.024288353 0.0014709496)
(0.025797931 -0.019838719 0.0073650429)
(0.018058244 -0.022817098 0.0018690105)
(0.020858337 -0.021687086 0.011629781)
(0.0169734 0.0029783151 0.0056561496)
(0.0070302124 -0.030916227 0.038729495)
(0.014375576 -0.047487415 0.10618845)
(0.024141422 -0.0054195349 0.011134106)
(0.027142038 0.0028612036 0.012933152)
(0.020375159 -0.013537829 0.0057454349)
(-0.021180984 -0.017503318 0.033954762)
(-0.039462835 -0.020552229 0.095821955)
(0.024598803 -0.0086203859 0.011077416)
(0.026033375 -0.016845849 0.011940819)
(0.0019023648 -0.050276908 0.041061681)
(-0.044614232 -0.014214303 0.038705393)
(0.021446563 -0.0098997206 0.012854542)
(0.021939999 -0.0059192177 0.006185382)
(0.024317918 -0.0052460585 0.13518472)
(0.018064599 -0.015325801 0.12801769)
(0.027140471 0.0011397418 0.011897932)
(0.026029323 -0.016849826 0.014031427)
(0.0090174463 -0.064332857 0.1292348)
(0.016739898 -0.013273231 0.1954756)
(0.02578332 -0.0003903881 0.024513796)
(-0.059804116 -0.015276381 0.12265255)
(-0.00029261679 -0.01246103 0.19440625)
(0.023085811 -0.018060885 0.025112624)
(0.0080270055 -0.049257337 0.040454043)
(0.040175706 -0.0058884652 0.036426558)
(-0.0012536684 0.01047679 0.014471781)
(-0.011128271 0.013885695 0.0024444908)
(0.01498585 -0.0040803332 0.030889207)
(0.042858039 0.0060144765 0.10019637)
(-0.0046655834 0.012892042 0.011814509)
(-0.0034438583 0.026611375 0.012224092)
(0.012506061 -0.063531962 0.12909831)
(0.0092332851 -0.0024541192 0.19766526)
(0.014853032 0.019386513 0.029433016)
(0.0071661836 0.022578605 0.0030313821)
(0.012122835 0.016031576 0.13033937)
(0.0040867646 0.022226835 0.13557573)
(0.01420319 0.023285845 0.016448918)
(-0.0012475304 0.027191222 0.011291214)
(0.061633675 0.0012222121 0.12559164)
(0.010254112 0.014496823 0.19517119)
(-0.00054479933 0.025495626 0.024174994)
(-0.0062643172 0.017894645 -0.003012191)
(0.0071290914 0.012984088 0.063888935)
(-0.0032763252 0.022325732 0.078169566)
(-0.0054039707 0.022732213 -0.0071262765)
(-0.0056854205 0.026533001 0.006396237)
(-0.011614743 0.01631198 -0.0032319251)
(9.9448903e-05 0.021430052 -0.0042522833)
(0.010578215 -0.022437529 -0.011883317)
(-0.0019657282 -0.019354434 0.05423647)
(0.014089428 -0.023610914 -0.0033641444)
(0.0057823029 -0.018295059 0.064919799)
(0.016653208 -0.023420776 -0.001760845)
(0.013057594 -0.02493009 -0.008553996)
(0.0065938572 -0.02173233 -0.013107555)
(-0.045811031 -0.0077078746 0.038510865)
(-0.014432084 0.044096447 0.038433979)
(0.0053163717 -0.021259128 0.0060996676)
(-0.015799492 0.022820316 0.035086086)
(-0.0018875809 -0.017800291 0.00020427359)
(-0.021843635 0.043208167 0.10206328)
(0.0060857209 -0.023439191 0.0041634294)
(-0.015808709 -0.023762961 0.012933812)
(-0.060523242 -0.011945592 0.12217556)
(-0.010067382 -0.013292305 0.18375779)
(0.0090973057 -0.025015553 0.0092219296)
(-0.0033721054 -0.025849954 -0.0061231976)
(-0.00086700551 -0.020527063 0.11819521)
(-0.010568253 -0.015203726 0.13341433)
(0.0086283618 -0.02653584 -0.0021108657)
(-0.016067078 -0.024492964 0.014008532)
(-0.016761252 0.06151143 0.12601521)
(-0.0077342122 0.0028547172 0.19976486)
(-0.017664776 -0.019422767 0.027177832)
(0.012653584 -0.0017309637 0.029251007)
(-0.020854976 -0.0041187398 0.0015836108)
(0.041532437 0.0074549318 0.099328432)
(-0.024800818 -0.012510494 0.004906909)
(-0.021238878 0.0020686452 0.0097158416)
(-0.013285985 0.023214296 0.033948129)
(-0.01944168 -0.011571424 0.0091930935)
(-0.018953155 0.042718785 0.099929185)
(-0.023614427 -0.013652364 0.0057064859)
(-0.020621494 -0.011579111 0.0082611312)
(0.061191285 0.0043063117 0.12516097)
(0.0065794677 -0.00085091412 0.19250869)
(-0.018329881 0.0032852762 0.021966957)
(-0.012929662 0.060989113 0.124191)
(-0.010445372 0.0091868848 0.18293457)
(-0.018539712 -0.0091646035 0.01666897)
(-0.017463575 -0.0029171954 -0.0016297233)
(-0.011698682 -0.00037708179 0.12213028)
(-0.015483265 -0.001734246 0.11816976)
(-0.020677762 0.0022396885 0.010384479)
(-0.019135448 -0.010247396 0.0071426945)
(-0.014655986 0.010205689 -0.0058301237)
(0.0061258665 0.012563757 0.063528413)
(-0.0074167379 0.022417585 -0.007679218)
(-0.018522807 0.009719388 0.082927541)
(-0.013005243 0.014892992 -0.0036572797)
(-0.021965941 0.0075679358 0.0061672722)
(-0.011369544 0.018898813 -0.0099608177)
(-0.017135036 -0.016671601 0.0025586561)
(-0.0219686 0.0065829115 0.064346766)
(-0.019173953 -0.022798727 0.086708882)
(-0.016282317 -0.0068560069 -0.0038358673)
(-0.018257399 -0.023641457 0.0087103159)
(-0.01964912 -0.012486374 0.0056603169)
(-0.017495542 -0.01241451 -0.0015512479)
(-0.016404151 -0.0061574964 0.0044403809)
(-0.020285519 0.0053847273 0.061402137)
(-0.013063485 -0.0095033939 0.065489191)
(-0.015373811 -0.0050010617 -0.0043276139)
(-0.019106358 -0.011301663 0.0049183828)
(-0.019377558 -0.01082554 0.0058267087)
(-0.013474911 -0.00076749687 -0.0036794353)
(0.031912029 0.0064818645 0.00061414026)
(0.026622645 0.0097553838 0.0010148469)
(0.02354268 0.0058162367 0.08266302)
(0.029061208 0.070434211 0.15934413)
(0.025294969 0.0064915315 -2.8677019e-05)
(0.033312398 0.012764158 0.00028036237)
(0.041140091 0.0036483927 0.027866949)
(0.028968856 0.018547582 -0.0017712718)
(0.026637499 0.011931204 0.0010386686)
(0.02024582 0.026849655 0.088697081)
(0.026303006 0.072426437 0.15933932)
(0.023591453 0.016474237 0.00044589592)
(0.032691362 0.014500369 4.999689e-05)
(0.028353995 0.029745055 0.021429842)
(0.021359564 -0.023894298 0.015051626)
(0.028612759 -0.022181632 0.085290406)
(0.014613136 -0.024621086 0.0013602794)
(0.065638737 -0.022086079 0.13185393)
(0.020739965 -0.02275087 0.012762353)
(0.029050546 -0.02830768 0.020271814)
(0.014420067 -0.025551932 0.0016400806)
(0.022414994 -0.0012008792 0.20222824)
(0.022362901 0.11183798 0.23631956)
(0.040607805 0.017242638 0.068813983)
(0.010493106 -0.0082740657 0.20292396)
(0.10966481 -0.014031129 0.22216914)
(0.052291368 -0.022146386 0.079433311)
(0.027479743 0.116411 0.21851022)
(0.055014226 -0.014976216 0.0043912554)
(0.043220583 0.21536559 0.20822601)
(0.044091426 0.011068105 0.051871257)
(0.12911032 0.065335303 0.15033725)
(0.11215573 -0.018138422 0.19523319)
(0.022226669 -0.029648036 -0.0077307512)
(0.22433444 -0.015637351 0.19804199)
(0.04576974 -0.026503258 0.050175828)
(0.1390619 0.045076995 0.14459215)
(0.030160696 0.1548115 0.12772569)
(0.17197889 -0.00922307 0.13380467)
(0.15699887 0.081208946 0.18009987)
(0.0095641096 0.022406894 0.13519873)
(-0.0027436649 0.025658368 0.13846358)
(0.017450048 0.028067711 -0.0015877408)
(0.024393697 0.039963283 0.041893316)
(-0.0035213117 0.037852877 0.045888941)
(-0.00096557996 0.019903611 0.203459)
(-0.11229366 0.014416137 0.23261993)
(-0.018991537 0.035451475 0.069556945)
(0.019020156 0.11735403 0.21699077)
(0.045555881 0.030957643 -0.0046535123)
(0.016607035 0.21793548 0.21182647)
(0.024905305 0.046106476 0.051439695)
(-0.053789694 0.12974239 0.14212006)
(0.0084473663 0.15624344 0.12897677)
(-0.16067893 0.018969856 0.13059023)
(-0.090841096 0.14528974 0.17425288)
(-0.11719534 0.017530089 0.2143538)
(0.026283048 0.043837396 -0.013845296)
(-0.21903775 0.026585009 0.2111039)
(-0.012744777 0.037700142 0.051269803)
(-0.069788111 0.11675529 0.14010087)
(0.011138418 0.021219896 -0.014691403)
(-0.0059839754 0.022919243 0.081428943)
(-0.0023465541 0.023810294 -0.0097107613)
(-0.071050232 0.019799615 0.15467963)
(0.0028413678 0.021463233 -0.0059962483)
(-0.0028485535 0.02996017 0.01701222)
(0.0030026368 0.025779753 -0.016865238)
(0.0022002066 -0.023187965 -0.010479222)
(0.011979607 -0.023790523 -0.0037069843)
(0.0078208941 -0.018774522 0.068791572)
(0.063669265 -0.021897846 0.13016448)
(0.0049713378 -0.022089057 -0.012704639)
(0.011528537 -0.025034457 -0.0038690603)
(0.0045850104 -0.025110048 0.011902493)
(0.0049400527 -0.023090947 0.12108022)
(-0.0076783422 -0.022042147 0.13785072)
(-0.012875367 -0.015525397 -0.012248053)
(0.0056406294 -0.029114941 0.034194911)
(-0.015138017 -0.031581807 0.035124721)
(-0.0039600719 -0.0083218213 0.20778036)
(-0.010292001 -0.11002574 0.22258402)
(-0.011932034 -0.048263927 0.082382316)
(0.10969574 -0.022286744 0.19433558)
(0.22230547 -0.037145118 0.19910084)
(-0.022993706 -0.024734757 -0.027793566)
(0.012986955 -0.027440177 0.036019168)
(0.082741337 -0.10363128 0.13445219)
(0.16957879 -0.027646949 0.13364027)
(-0.0009635617 -0.16833533 0.13374722)
(0.10238187 -0.1358896 0.17268892)
(-0.011733015 -0.11338894 0.19838462)
(-0.0028155021 -0.22395301 0.20409472)
(-0.035681714 0.0060399783 -0.047136538)
(-0.014607774 -0.038889181 0.048855754)
(0.068071776 -0.12115356 0.14310176)
(-0.0043931275 -0.0049484007 0.20020494)
(-0.11241859 0.0055573416 0.23152108)
(-0.04669922 0.012639416 0.075972623)
(-0.014349114 -0.0011626541 0.19151795)
(-0.017464896 -0.10860594 0.22415147)
(-0.020240265 -0.021527201 0.051922781)
(-0.017422207 -0.0023176037 0.12699549)
(-0.017505797 -0.0086970937 0.1213517)
(-0.018566256 0.021630042 -0.018352337)
(-0.0327481 0.019203863 0.033252717)
(-0.024952054 -0.0062889642 0.031574278)
(-0.16350085 -0.0027264546 0.13202157)
(-0.02003294 -0.16542214 0.1321057)
(-0.13279965 -0.094462357 0.16590907)
(-0.11852702 0.010439085 0.21232814)
(-0.22122656 -0.00069776486 0.20991104)
(-0.01315634 0.026428884 -0.024414169)
(-0.039782355 0.020305159 0.044785009)
(-0.11532592 -0.056885882 0.1312207)
(-0.017124888 -0.11235724 0.20055964)
(-0.025625434 -0.22089629 0.20342633)
(-0.031700961 0.026035302 -0.026760279)
(-0.022962082 -0.013604646 0.03422278)
(-0.10231405 -0.072380356 0.13170951)
(-0.015028724 0.00081235683 -0.0097037882)
(-0.017983213 -0.02637816 0.091582435)
(-0.01529001 -0.004426744 -0.0074657903)
(-0.014410749 -0.06695025 0.13598962)
(-0.016171685 -0.0093771327 -0.0044745729)
(-0.017628407 -0.019226764 0.012793744)
(-0.012215662 0.003426501 -0.011531727)
(0.060335649 -0.044094726 0.0082064058)
(0.047788627 0.19401823 0.20090584)
(0.20664068 -0.019720895 0.19237318)
(0.023557351 -0.023110889 0.33087827)
(0.13768397 0.052333707 0.16052684)
(0.092453733 0.035346267 0.26517766)
(0.048211588 -0.049380706 0.18367221)
(0.027657107 0.06087805 0.093757158)
(0.020714689 0.19785105 0.20463865)
(-0.20230433 0.029875763 0.20401714)
(-0.019302074 0.021848261 0.32897035)
(-0.055043218 0.12022337 0.13983999)
(0.073134504 0.06174375 0.28568953)
(-0.064635888 0.048156432 0.26111094)
(-0.011910087 -0.044160873 0.032270737)
(0.2040826 -0.041726508 0.19463625)
(-0.0040291862 -0.2051666 0.19794525)
(-0.00075637065 -0.051668872 0.33270258)
(0.078014815 -0.11582371 0.15303295)
(0.043672695 -0.058421625 0.1841587)
(-0.031049389 -0.051486792 0.22047015)
(-0.0024709187 -0.0024508813 0.0041549772)
(-0.0015544879 -0.0045379 6.629062e-05)
(-0.0018984913 -0.0034074784 0.002969876)
(0.0067652843 -0.0010459834 0.0033098249)
(0.0047740398 0.00073414156 0.0059407099)
(0.0088976619 -0.0024758591 0.0030600701)
(0.0085170889 0.0046362938 0.006278146)
(-0.0052498568 -0.00058608617 -0.0013812056)
(-0.002895817 -0.0027227068 0.0030955909)
(-0.006507178 -0.001711095 -0.0032370388)
(0.0036567594 0.0017308535 0.0054666997)
(-0.00062835524 0.0036781129 -0.00042297416)
(0.0061019973 0.0061444392 0.0082772862)
(-0.0014747354 0.0073163615 0.0022237624)
(-0.002021044 -0.0053101651 -0.00032339998)
(-0.00089982728 -0.010434576 -0.0007929548)
(-0.0015372956 -0.0090355362 -0.0015619535)
(0.0053142744 -0.0067253345 0.0051224637)
(0.0090834906 -0.0061740073 0.0044212824)
(0.0074154703 -0.015537228 0.0038924915)
(0.013418467 -0.017486583 0.0021719017)
(-0.0066881222 -0.00039904989 -0.0085636144)
(-0.0064028042 0.0012983942 -0.0022739831)
(-0.0070485179 0.00016085487 -0.0049561038)
(-0.0061431516 0.0081629787 -0.0018918403)
(-0.00920195 0.004712815 -0.012242488)
(-0.016862914 0.0043624687 -0.001107051)
(-0.0097365661 0.0037759711 -0.0090998965)
(-0.0013373814 -0.0096580232 -0.0024036451)
(0.00056964569 -0.012593605 -0.0052161421)
(0.00023825557 -0.0089973205 -0.0046831462)
(0.0078601439 -0.018486556 0.0020351194)
(0.012822312 -0.019765909 -0.00072862342)
(0.0049928366 -0.019984319 -0.0081276392)
(0.0068005713 -0.017415401 -0.007027368)
(-0.0071734241 0.00047523459 -0.0024873349)
(-0.0068901435 0.0013402277 0.0040891951)
(-0.0071508935 0.00039511369 -0.00079646147)
(-0.017839136 0.00027077149 -0.00036535251)
(-0.0087570837 0.0028166203 -0.0085420085)
(-0.014462031 -0.0046847165 0.003535097)
(-0.0063053743 0.0014234709 -0.0078872202)
(-0.00029149626 -0.0027610222 -0.0013032852)
(0.001158267 -0.0047706009 -0.0051092066)
(0.0015931054 -0.0026910897 -0.0030706735)
(0.0048444916 -0.01472159 -0.0062843096)
(-0.0047612551 -0.0090260245 0.0027119892)
(0.0021187786 -0.0093476527 -0.0088168182)
(-0.0023310491 -0.0053528744 -0.00021501339)
(-0.0053734053 0.001325014 0.0045790312)
(0.00070623634 -0.00054739015 0.00032618165)
(-0.0026574954 0.00089682915 0.0051606119)
(-0.0098215737 -0.0081198796 0.0071561031)
(-0.015362017 -0.0065312448 0.007852644)
(-0.0053159502 -0.0042136667 0.0039762189)
(-0.012510198 -0.0037579963 0.0091873803)
(0.0092906232 -0.0011945558 0.0011560118)
(0.0079539429 -0.0052611581 0.0043146848)
(0.011669776 -0.0036515607 0.0033755531)
(0.0089385679 0.00020229414 -6.4593347e-05)
(0.013122048 0.0031295838 0.00090663777)
(0.012334844 -0.0050003539 0.0076365701)
(0.019422356 -0.0049979381 0.0064636271)
(-0.0047651739 0.0051824459 -0.01026129)
(-0.00058296395 0.011802014 -0.00093824986)
(-0.0084360993 0.0064849979 -0.014149821)
(0.011068316 0.0092154592 -0.0027433353)
(0.0040222317 0.0071037336 -0.0079721616)
(0.010067239 0.0199987 0.00030715993)
(0.0040014213 0.010052722 -0.011430573)
(0.016737955 0.00061731783 0.0052021699)
(0.018926348 -0.010797029 0.0060480236)
(0.020325408 -0.0053444439 0.0057697609)
(0.024669411 -0.0062776976 0.0083765865)
(0.026225602 0.00079024951 0.0078778058)
(0.026609896 -0.01441765 0.0080956577)
(0.019346273 0.02339016 0.015345654)
(-0.014928538 0.007213912 -0.0052221885)
(-0.015908042 0.0055910198 -0.0025398736)
(-0.01913405 -0.0022526035 0.00058899354)
(-0.0063227516 0.014838494 0.034277503)
(-0.015470661 0.002370457 -0.0028971513)
(-0.014097945 0.012063401 -0.0034030957)
(-0.021787855 0.0051545615 0.0023681526)
(0.0046502837 -0.017859538 -0.010319926)
(0.00073175184 -0.015017498 -0.016933918)
(0.00066101652 -0.013566146 -0.0126866)
(-0.0015995194 -0.019505799 -0.019230597)
(-0.0082047116 -0.022402122 -0.0066361012)
(-0.0022981143 -0.017802983 -0.019475714)
(-0.0061902701 -0.016715215 -0.011867327)
(-0.018148913 -0.0078859688 0.0068275387)
(-0.018479487 -0.010814392 0.0095047194)
(-0.014837053 -0.010456718 0.008672895)
(-0.022083524 -0.0058432402 0.034161812)
(-0.016808525 -0.009303347 0.0099813827)
(-0.019710334 -0.011939305 0.0048917655)
(-0.019440686 -0.011857822 0.0077665196)
(-0.0053807345 0.0050138376 -0.011141768)
(-0.011886216 -0.0037694464 0.0041482612)
(-0.0047769414 0.0038848285 -0.0054913436)
(-0.013163463 0.0077902842 -0.0085473814)
(-0.0028249934 0.014094105 -0.017154876)
(-0.0066850191 0.0071757748 -0.00133855)
(-0.0020019925 0.010595697 -0.0084789665)
(0.01499867 0.0033600766 -0.0004677976)
(0.014099484 -0.0066633633 0.0097750302)
(0.022166721 -0.0068492186 0.0095435414)
(0.016533166 -0.0005608231 -0.0016748983)
(0.021731662 0.0059453161 -0.0012406362)
(0.018882588 -0.0089691695 0.012443486)
(0.031833399 -0.012472295 0.01631042)
(0.015450349 0.0045443619 -0.0082676232)
(0.013032848 0.021000171 -0.00096073418)
(0.0094559822 0.0097950523 -0.011483522)
(0.028890229 0.0049584302 -0.010917282)
(0.024463733 0.00086822076 -0.010455369)
(0.023035021 0.016696552 -0.0068200061)
(0.020375615 0.0048324161 -0.013903576)
(-0.0061897576 0.043494653 0.18862625)
(0.011977924 0.019203598 -0.011932692)
(0.0084226967 0.019449973 -0.0030408344)
(0.0025587411 0.02739902 0.047642074)
(0.014062648 0.024711575 -0.0010453594)
(0.0041624037 0.020658506 -0.0046313117)
(0.011961461 0.017223034 -0.0052009644)
(0.0051055965 0.032303131 0.0052391661)
(0.041826781 -0.016961514 0.18585509)
(-0.010363673 0.026456958 0.0071424806)
(-0.011973761 0.026908249 0.017379486)
(0.010780276 -0.0037427907 0.21718276)
(-0.029889781 0.0037832047 0.22502542)
(-0.015728495 0.02482015 0.012173603)
(-0.0074164844 0.028031109 0.010977847)
(-0.040818617 -0.0065412184 0.23027513)
(-0.010371908 -0.02025668 -0.0058623041)
(-0.0048330112 -0.019986017 -0.018440988)
(-0.0087642276 -0.014979325 -0.010158569)
(1.9349933e-05 -0.021466935 -0.010805017)
(-0.011349952 -0.010418772 -0.0010651647)
(-0.0026682277 -0.021493077 -0.015823116)
(-0.0054173811 -0.01053676 -0.0059435929)
(-0.015459073 -0.0013344226 -0.0076726919)
(-0.017984757 -0.024573165 0.053249119)
(-0.014170493 -0.014871706 -0.0040996627)
(-0.014181258 -0.013322778 -0.0093403956)
(-0.016028011 -0.011151761 -0.0035454032)
(-0.018113455 -0.0135807 -0.012364631)
(-0.014130676 -0.0094044549 -0.004950838)
(-0.014183591 -0.0022385259 -0.011616236)
(-0.015568518 0.01221083 0.20954245)
(-0.018742681 -0.010869913 0.0082419134)
(-0.013778567 -0.028026263 0.21733749)
(-0.017062103 -0.0065225765 -0.0025051917)
(-0.022930407 -0.037800102 0.21340696)
(-0.014543892 -0.0055027552 -0.0021750842)
(-0.0037890378 0.017137695 -0.01843461)
(-0.0061181788 0.0091255532 -0.0020248904)
(-0.0014948714 0.015059406 -0.0098934874)
(-0.020139151 0.022102267 -0.017340955)
(-0.0090978916 0.020082285 -0.022115633)
(-0.0081580352 0.021578317 -0.0033049254)
(-0.0029618232 0.017717125 -0.011552258)
(0.037051172 0.0047966432 -0.0062207703)
(0.038054986 -0.01488608 0.017181207)
(0.054726998 -0.0034391038 0.0026190424)
(0.033330933 -0.0031948659 0.0011039164)
(0.037842889 -0.0010991778 -0.00019833805)
(0.044357312 -0.0040795635 0.01231616)
(0.055576682 0.018322687 0.0082603161)
(0.032181677 0.0038105917 -0.014229222)
(0.055970384 0.0081081853 0.00018801486)
(0.036182315 0.019314936 -0.0044388366)
(0.036855186 0.0014573218 -0.0056070212)
(0.034691632 0.0022067057 -0.019339892)
(0.053263449 0.023953718 0.0023284936)
(0.037210121 0.033111048 -0.016342417)
(0.032205165 -0.018600203 0.019139913)
(0.017787466 -0.016768026 0.019399154)
(0.011439444 -0.027875884 -0.0019040385)
(0.024512251 -0.0079057704 0.015116958)
(0.039737599 -0.0068791088 0.017249077)
(0.021687867 -0.01484778 0.010178942)
(0.026753168 -0.024287473 0.013285448)
(0.059602236 0.055489342 0.042840152)
(0.053953552 0.026566974 -0.008672899)
(0.028713653 0.21034518 0.23798015)
(0.075758644 0.0079738837 -0.017720683)
(-0.0087162024 0.095504035 0.093077408)
(0.069585027 0.028471018 -0.022645698)
(0.089376058 0.028162164 0.1599168)
(0.017814957 0.005723058 -0.017198873)
(0.00438017 0.037227612 -0.019962802)
(0.0042969301 0.015394262 -0.019687351)
(0.035162048 0.03207826 -0.017439763)
(0.020286315 0.010241419 -0.015254952)
(-0.010995818 0.042395939 -0.014641064)
(0.0048691653 0.016927768 -0.014640125)
(0.0014322423 -0.027010167 -0.0071769765)
(0.0087909747 -0.018950202 -0.0011630081)
(-0.0075086777 -0.014191644 0.0022041625)
(0.019347017 -0.013379597 0.0045573363)
(0.026988048 -0.022013387 0.0062597562)
(0.014930348 -0.0085687399 0.0033219575)
(0.010045278 -0.014387888 0.0056188787)
(-0.0135576 -0.035414278 -0.017143382)
(0.20364257 -0.045092542 0.20603349)
(-0.022257487 -0.024100325 -0.030340173)
(0.0017997205 -0.027983899 -0.01337202)
(0.03896628 -0.066273422 0.074065509)
(0.016726516 -0.0374837 0.041463128)
(-0.0038798807 -0.029261636 -0.019730079)
(-0.11285509 -0.081185159 0.24279604)
(-0.041265616 -0.0039473263 0.021347899)
(-0.0098566883 -0.035403655 0.020719564)
(-0.030804971 -0.014804413 0.13150662)
(-0.072285923 -0.064821014 0.071761164)
(-0.12442681 0.0034901441 0.21289638)
(-0.0331815 -0.10817343 0.20870163)
(-0.0019633408 0.016499268 -0.022292128)
(-0.02615088 0.022330788 -0.021394802)
(-0.014081556 0.017739839 -0.026638353)
(-0.035817621 0.0368673 -0.0192418)
(-0.016586519 0.014335969 -0.023630528)
(-0.047044153 0.014483728 -0.031541565)
(-0.0274244 0.0091665691 -0.033635829)
(-0.043506354 0.0083386902 -0.035052996)
(-0.0019490648 -0.0042317552 0.0021310626)
(-0.010685136 0.009176433 0.0022742206)
(0.0057026868 -0.017533364 0.0099822055)
(-0.015333745 -0.015533878 0.0027702833)
(0.0044879292 -0.0046646474 0.0036889475)
(0.00024357363 0.001961796 0.007004662)
(-0.029098688 0.021445603 -0.016518521)
(-0.013161302 0.013510581 0.0019115534)
(-0.012715831 0.022210673 -0.0035249227)
(-0.027567902 -0.013767014 -0.0077124755)
(-0.040128247 0.010222748 -0.028780441)
(-0.013417011 0.013993049 0.0021570127)
(-0.02105682 0.016207212 -0.0077872093)
(0.0057793327 -0.0055126081 0.0012288571)
(0.0044024133 0.0011010294 0.0039833273)
(0.013360424 0.0016371143 0.0049419577)
(0.012466508 0.0019937269 0.017014852)
(0.0054947873 -0.0013505756 0.0023042268)
(0.0039299444 -0.00065368781 0.0021833998)
(0.019908948 -0.0037406768 0.0094882601)
(0.0062211833 -0.0085242687 0.0010309644)
(0.0079867454 -0.014232705 0.00059280638)
(0.016490371 -0.012673589 0.0052167902)
(0.013906434 -0.020113122 0.011251099)
(0.0077739941 -0.011289112 0.0020321581)
(0.0051503214 -0.01311055 -0.00051665374)
(0.021266048 -0.0094785034 0.0086164444)
(0.0097898374 -0.0092796048 0.010366521)
(-0.0054109855 -0.0066756583 0.01251156)
(-0.0028258004 -0.029093359 0.019561753)
(-0.02680916 -0.010622827 0.019478583)
(0.0025546346 -0.0022734161 0.012137482)
(0.0042384392 -0.014290171 0.011054181)
(-0.018721149 -0.030744905 0.025567117)
(-0.0036103222 0.0012109591 0.003045158)
(0.0019653457 0.0024068958 0.0061067968)
(0.0029405523 0.009384626 0.0091839408)
(0.010836191 0.0042648633 0.016920724)
(-0.001199141 0.0022304901 0.0060090444)
(0.002572057 0.00076525906 0.0031895849)
(-0.0015315611 0.010530159 0.011440269)
(-0.0056606759 0.0042222588 0.011138543)
(-0.0084704575 -0.003087915 0.011802962)
(0.0042195867 -0.028077182 0.019288357)
(0.020471339 -0.0047558839 0.017870612)
(-0.0009027999 0.00057048924 0.012643907)
(-0.016754323 0.0016979326 0.0081664632)
(0.020606222 -0.02202804 0.024329952)
(-0.0066168363 0.00112195 0.00034145156)
(-0.014867917 0.00099667245 -0.0018192297)
(-0.012535107 0.0094067494 0.00060264508)
(-0.020170059 -0.00087297718 0.0085977712)
(-0.011294483 0.0020829464 -0.002359057)
(-0.013492255 0.0014760376 -0.00225855)
(-0.0071898072 0.0090555133 0.0088506658)
(0.0023009418 -0.013013862 -0.0026553562)
(0.007268992 -0.015809233 -0.0014116771)
(0.012333878 -0.020894286 0.010382549)
(0.012574909 -0.021241303 -0.0039709806)
(0.0042297134 -0.013711669 -0.0011907156)
(0.0060846187 -0.015774274 -0.0031746472)
(0.010082207 -0.022568772 0.0015355041)
(-0.0044527409 -0.015430503 0.0086256646)
(-0.0095863125 -0.0070486821 0.012025541)
(-0.028008781 -0.0028955094 0.019481967)
(-0.012571889 0.023035801 0.018826989)
(0.001565861 -0.015157638 0.010792211)
(-0.015871187 -0.00859383 0.010431734)
(-0.029280649 0.014357661 0.02453779)
(0.00062064343 -0.011159449 -0.0022922521)
(-0.0022510521 -0.0065114249 -8.8493502e-05)
(-0.015114388 -0.010366013 0.01390766)
(0.00091442574 -0.014714065 -0.0013532233)
(-0.0059739675 -0.0059096504 0.00051967056)
(0.00093787676 -0.0094078735 -0.0023310846)
(0.0047018299 -0.020247142 0.0025241605)
(-0.024111311 -0.0063937924 0.0067662424)
(-0.012944666 -0.0037791628 0.011239098)
(0.018928376 0.0027032424 0.018092502)
(-0.0055471802 0.023422782 0.018431084)
(0.0086279429 0.018532152 0.02130783)
(-0.020532192 9.043748e-06 0.0072995825)
(-0.018898074 -0.0065923609 0.0098447339)
(-0.015031186 -0.0025387216 0.0037546426)
(-0.016599516 -0.0016334912 0.00014554399)
(-0.022185234 -0.0028414288 0.0075771435)
(-0.019810545 -0.0050362719 0.0018451627)
(-0.015699368 0.00093358329 -0.001230612)
(-0.016063252 -0.0036089703 0.0025804762)
(-0.023698743 -0.010865289 0.0053706559)
(-0.012992184 -0.0029436757 0.0048269136)
(-0.0063170436 -0.0044186345 0.0037061367)
(-0.01698155 -0.010539738 0.012999231)
(-0.017292239 -0.010377744 0.0097062102)
(-0.008147383 -0.0038619188 0.0019822931)
(-0.0099725064 -0.004051549 0.0066883178)
(-0.021795997 -0.012196668 0.0077536371)
(0.017382954 0.0045586285 0.0017278832)
(0.011952355 0.0064464928 0.0060905346)
(0.014996671 0.0034197177 0.0042761182)
(0.020335609 0.001878693 0.038845381)
(0.01272382 0.0040952432 0.0041647608)
(0.016692504 0.0087571857 0.0042104947)
(0.023456341 0.0056825932 0.0039001734)
(0.018637925 0.0038786669 -0.00013063653)
(0.019645805 -0.0033764994 0.004492053)
(0.01970772 0.0017655397 -2.7565759e-05)
(0.026206381 -0.0017534815 0.046381844)
(0.017554636 0.0011212281 -0.00031633727)
(0.024671071 0.0021520624 0.0036145059)
(0.022595317 0.0054654187 -0.00058719349)
(0.025356617 0.0091678301 0.015233691)
(0.0089940285 -0.048991383 0.18005773)
(0.027805936 0.0045024362 0.028914079)
(0.014921339 -0.021745277 0.20857775)
(0.02576693 0.012467915 0.02330225)
(0.013721282 -0.045778908 0.18038198)
(0.026597858 0.001507735 0.023896452)
(0.012658216 0.012465718 0.0048316786)
(0.01024675 0.0081931544 0.0074217515)
(0.006283193 0.011749937 0.0089633268)
(0.020267181 0.0023910308 0.039336001)
(0.0081014944 0.0092590105 0.007059007)
(0.015878936 0.01003123 0.0049223647)
(0.014531034 0.021106387 0.007548901)
(0.023965489 0.017684999 0.0042814165)
(0.0094943116 -0.046889659 0.17979476)
(0.029964834 0.0096776461 0.013218733)
(0.0065578161 -0.01859543 0.21031558)
(0.026609718 0.016295732 0.0061561638)
(0.014529766 -0.03751944 0.17715882)
(0.028042544 0.017226145 0.0091297062)
(0.013822543 0.014675018 0.0031172971)
(0.0083192011 0.020206273 0.0027055638)
(0.014705962 0.017479181 0.00052182343)
(0.021545966 0.024044236 0.049290886)
(0.010959236 0.016095625 0.001302492)
(0.015412789 0.023189239 0.0062072974)
(0.019620776 0.016632353 0.00099397573)
(0.017744558 -0.01654049 0.0076578092)
(0.018303463 -0.013971632 0.005278926)
(0.015627764 -0.019593469 0.0026018245)
(0.010172877 -0.022404542 0.02664251)
(0.015172833 -0.015551215 0.0049507146)
(0.025427232 -0.017757706 0.0043727427)
(0.017466815 -0.022424773 0.0024022406)
(0.018664844 -0.015185924 0.0091976981)
(0.019898696 -0.0067160084 0.0065983942)
(0.019414466 -0.011218633 0.011367652)
(0.02574123 -0.023124701 0.048443249)
(0.01721241 -0.0091317892 0.0083932598)
(0.025361059 -0.016802261 0.0064578863)
(0.021171139 -0.019036187 0.013179292)
(0.018950243 -0.023740696 0.010993747)
(-0.047119953 -0.012834128 0.17382558)
(-0.019397357 -0.0099625982 0.20675897)
(0.0097994624 -0.022564062 0.019662168)
(-0.035805262 -0.017702064 0.17182447)
(0.016232701 -0.021809834 0.012958381)
(0.0125149 -0.024333965 0.01520282)
(-0.023926072 -0.02881847 0.017037679)
(-0.00026458362 -0.043432433 0.14264443)
(-0.041753106 -0.012844428 0.14107048)
(0.0037493725 0.012743559 0.0086387222)
(-0.0078830363 0.014291227 0.0024235326)
(0.0052581724 0.020536473 0.003294123)
(-0.002183761 0.014758116 0.0095426497)
(0.011576064 0.022974246 0.010608835)
(-0.0017385409 0.025739046 0.0069159129)
(0.024879275 -0.025595124 0.016497236)
(0.010725077 -0.042228906 0.14406488)
(0.042582397 -0.0053429845 0.14281242)
(-0.0084054741 0.016223726 -0.0032056091)
(-0.011641678 0.013418326 0.00024697163)
(-0.014850203 0.0089851904 -0.0027528422)
(-0.0049677834 0.015891882 0.034605343)
(-0.012204397 0.011268254 -0.003396757)
(-0.0071243577 0.024199781 0.002882927)
(-0.013001295 0.013658988 -0.0030969614)
(-0.0043661524 0.017821993 -0.0033184797)
(0.0050768522 0.02073511 0.0017365694)
(0.0049351367 0.01948611 -0.0017805516)
(0.0019231411 0.026857811 0.044921429)
(0.0011254679 0.0178252 -0.0018360192)
(-0.0016766833 0.025941232 0.0024241687)
(0.0017005534 0.020810573 -0.0034075872)
(-0.0073319959 0.027662515 0.0011976954)
(0.047126184 0.0031886436 0.17828958)
(0.020029938 0.0080554805 0.20990798)
(-0.010208643 0.027180247 0.015008182)
(0.042509674 0.006040464 0.17696579)
(-0.01183397 0.025185904 0.0063105836)
(-0.0061621329 0.028201322 0.0065989494)
(0.011291873 -0.023085372 -0.010246398)
(0.014596571 -0.022066034 -0.0012703385)
(0.013779567 -0.022558748 -0.0060020007)
(0.010131244 -0.021376232 0.02497927)
(0.012278947 -0.022491975 -0.005689042)
(0.016427756 -0.023413501 -0.0007575944)
(0.015199689 -0.024793146 -0.011340423)
(0.012352448 -0.022538889 -0.010889264)
(-0.047608961 -0.011672352 0.17331523)
(0.012985576 -0.022797159 0.0031521765)
(-0.020980722 -0.011168725 0.20056534)
(0.016431734 -0.022010562 -0.0045725433)
(-0.041288507 -0.010373346 0.16701333)
(0.008208556 -0.021973554 -0.0059957618)
(0.0082661942 -0.021684559 -0.014001786)
(-0.00080836608 -0.02399465 -0.008815723)
(0.00031134784 -0.022791192 0.032456972)
(-0.0012743073 -0.021724817 -0.01245997)
(0.0087323543 -0.025559676 -0.011083311)
(0.0024178081 -0.020992753 -0.014364152)
(0.0039354522 -0.021570138 -0.013862364)
(-0.028586229 0.021563585 0.016430549)
(0.012527312 -0.022442894 -0.0061285152)
(0.0016023949 -0.018579101 -0.002160556)
(0.00025778267 -0.024076843 -0.0072888341)
(0.0089358433 -0.024664498 -0.00089982951)
(0.010397619 -0.027010977 -0.0074019144)
(-0.01168664 -0.025595711 0.0054691272)
(-0.043797179 0.0022950383 0.14077611)
(-0.012602805 0.042989104 0.14414044)
(-0.019620404 -0.0054822066 0.002018381)
(-0.019320206 -0.010582908 0.0082851365)
(-0.016896089 -0.004204889 -0.00049877801)
(-0.023388357 -0.012261445 0.003780792)
(-0.021704002 -0.0010577473 0.0026920392)
(-0.020131816 -0.01104985 0.0031990747)
(0.043758848 0.0063742369 0.14194492)
(0.00062368263 0.043641789 0.13859317)
(-0.017162602 0.020502234 0.0050068863)
(0.047077081 0.0030829253 0.17857849)
(-0.011670325 0.026323959 0.015885411)
(0.020270365 -0.0011955983 0.20815605)
(-0.015765367 0.024235071 0.011625145)
(-0.0130115 0.024067109 0.0072979175)
(0.039741357 0.0059084324 0.17404303)
(-0.014270736 0.0087639178 -0.0073721308)
(-0.016377952 -0.00028976505 -0.0031392597)
(-0.018849509 0.010283472 0.048469674)
(-0.011992619 0.012759788 -0.011929698)
(-0.021137436 0.0046302909 0.0026276989)
(-0.012571188 0.0068484457 -0.0087473463)
(-0.011648124 0.017349881 -0.011528932)
(-0.014082765 -0.016057455 0.0022696702)
(-0.0024652663 -0.016117828 -0.0004370292)
(-0.010994284 -0.011759792 0.0052093628)
(-0.023519746 -0.0051371991 0.03620985)
(-0.0059801752 -0.013368008 0.00028719351)
(-0.016925149 -0.023404891 0.0038350311)
(-0.018975591 -0.013169206 0.0071583391)
(-0.014921535 -0.017930671 0.00026695456)
(-0.0053453105 -0.024098644 -0.0057874925)
(-0.018871792 -0.023431681 0.050088642)
(-0.013681425 -0.019145171 -0.0031934045)
(-0.016244401 -0.024893242 0.0039454171)
(-0.0097536677 -0.020370792 -0.0048558862)
(-0.017224348 -0.014273177 -0.001204601)
(-0.019972759 -0.017247323 0.0039086109)
(-0.013914686 0.046554281 0.17655006)
(-0.0099833701 0.018901109 0.2118307)
(-0.018553469 -0.012387236 0.0092873494)
(-0.018633347 0.040202716 0.18087482)
(-0.019208891 -0.014140605 0.0051177516)
(-0.018604093 -0.015377156 0.0065364903)
(-0.018372173 -0.010523364 -0.0014572413)
(-0.01231258 0.047188827 0.17475535)
(-0.013254893 0.021401785 0.20044059)
(-0.0185969 -0.011190451 0.0081701895)
(-0.01704148 -0.0077261521 -0.0012396565)
(-0.012365205 0.041779724 0.16797287)
(-0.019000024 -0.013317523 0.0040512406)
(-0.015136597 -0.0045150608 0.0032078756)
(-0.015298529 -0.0024623199 -0.0024626473)
(-0.016431849 -0.0046322723 0.034268845)
(-0.011824449 0.0036619743 -0.0047467103)
(-0.018220133 -0.0097310458 0.0008211672)
(-0.012260114 -0.00032028461 -0.0010305532)
(-0.012995262 0.00078898842 -0.0035670052)
(0.03066513 0.0044128942 0.00086326224)
(0.022584749 0.0011894265 0.0012933376)
(0.026893064 -0.002327035 0.05001646)
(0.030758142 -0.0103286 0.013788312)
(0.024473615 0.0051771131 -0.00036119234)
(0.026264388 -0.00013505591 0.0029960756)
(0.03956842 -0.0031335983 0.015227468)
(0.030853051 0.0029852882 0.017147948)
(0.030889694 0.0092248635 0.014028872)
(0.017251139 -0.011598205 0.21989485)
(0.014044553 0.029387332 0.2273009)
(0.029435888 0.0010133298 0.023924491)
(0.031010757 0.0076892627 0.011809252)
(0.028381202 0.038923595 0.22726938)
(0.035105619 0.0058358835 0.00163768)
(0.031871547 0.056543813 0.11808037)
(0.043879768 0.006920816 0.0031466177)
(0.051101402 -0.010186421 0.0070882708)
(0.03606763 0.013246944 -0.00020631989)
(0.044614707 0.0017797369 0.016435495)
(0.042294298 0.0011395538 0.0052977259)
(0.032132208 0.017150406 0.01017373)
(0.031572864 0.011835386 0.014592524)
(0.0045882076 -0.0095225531 0.21646212)
(0.0077515402 0.030551116 0.22525907)
(0.0024662467 0.04279833 0.22464986)
(0.029193838 0.017501675 0.011094538)
(0.031956637 0.011388457 0.012921887)
(0.027020126 0.018851476 -0.002428307)
(0.018177672 0.018481061 -0.0010522475)
(0.021575572 0.025635595 0.052426905)
(0.018144951 0.025414612 -0.00056221753)
(0.021871823 0.017166102 8.5534782e-05)
(0.02141765 0.018984213 -0.0029215468)
(0.027520651 0.028382268 0.0043396516)
(0.030690321 0.019250147 -0.0029783403)
(0.030399583 0.058682034 0.11744067)
(0.042194705 0.012831761 0.00065096794)
(0.042416807 0.027130472 -0.00082084923)
(0.03529266 0.015469306 -0.00078559498)
(0.032100525 0.029127149 0.005250568)
(0.037498368 0.016919907 -0.0017750095)
(0.022739065 -0.021778277 0.017685576)
(0.021567624 -0.013494822 0.01465023)
(0.027318234 -0.022992205 0.051801563)
(0.029786066 -0.015025227 0.016351767)
(0.021573003 -0.020211241 0.014605751)
(0.023688058 -0.015234945 0.017565114)
(0.029464058 -0.026492031 0.01033151)
(0.016504365 -0.028059697 0.0056652465)
(-0.010402195 -0.0080989343 0.21351608)
(0.014650495 -0.023858571 0.0066292579)
(0.028996508 -0.010511048 0.21803424)
(0.018340868 -0.025778632 0.0060615338)
(0.042711484 -0.0067991886 0.22185004)
(0.011018439 -0.025898266 0.0038389923)
(0.021249371 -0.023606797 0.015293836)
(0.04845083 -0.023815052 0.08410847)
(0.026829509 -0.027511616 0.0012922361)
(0.016055292 -0.02546909 0.0027772131)
(0.026497231 -0.030686165 0.0047888745)
(0.014297822 -0.025649581 0.0013150888)
(0.021885646 -0.02351366 0.011967655)
(0.019580459 0.042286141 0.19111629)
(0.044026258 0.0026413279 0.1877854)
(0.034095552 -0.01612642 0.014837688)
(0.048666914 -0.018749252 0.0053599844)
(0.028938459 -0.027241972 -0.00077751037)
(0.04662808 0.00075942834 0.037764369)
(0.043113157 -0.023969181 0.033392927)
(0.10129155 0.023441394 0.10027445)
(0.030727497 0.025453244 0.016442417)
(-0.043173894 0.016372788 0.19407212)
(0.017588426 0.027917207 -0.0010801083)
(0.040247286 0.031723456 -0.0042502036)
(0.032331468 0.041083463 -0.017136677)
(0.023489782 0.042480789 0.030815006)
(-0.00094200697 0.040322588 0.034084191)
(-0.027141674 0.09391696 0.093609686)
(-0.02694784 0.028748316 0.016177135)
(-0.0030696036 0.026001741 0.0012426603)
(0.010528816 0.010361619 0.21937372)
(-0.010402789 0.027659148 0.016532536)
(-0.029150403 0.0078865204 0.22500075)
(-0.0067783903 0.027370149 0.0090253155)
(-0.0056731764 0.027691024 0.0074533389)
(-0.039552986 0.023386033 0.23094403)
(0.012989521 0.022350442 -0.017144796)
(-0.056118775 0.019834024 0.11155727)
(0.027040703 0.040266906 -0.022430149)
(0.004430364 0.030263567 -0.023096563)
(0.0027761949 0.032974488 0.0017297466)
(0.0027037264 0.026904612 -0.018787411)
(0.014022239 0.028265511 -0.020633997)
(0.0059361371 -0.023191755 -0.0054173963)
(0.012995242 -0.022956777 0.0050307525)
(-0.011238345 -0.012333977 0.20957443)
(0.02743966 -0.013949476 0.21543291)
(0.03811539 -0.022398485 0.21649227)
(0.0088169642 -0.021535739 -0.0042330244)
(0.010033807 -0.024702811 0.0011420851)
(-0.00051861192 -0.022632609 -0.010248764)
(-0.00040181809 -0.022676156 0.03558542)
(-0.004043686 -0.021799561 -0.01034152)
(-0.011251293 -0.01741131 -0.0078866765)
(0.0024276035 -0.022000374 -0.013026527)
(-0.0023617995 -0.025076579 -0.0019187773)
(-0.0056833752 -0.021038375 -0.0088297484)
(0.0012501046 -0.023630852 -0.0097737136)
(0.046752388 -0.023159469 0.084020722)
(0.0077244713 -0.025789312 -0.0040324232)
(-0.016902003 -0.023778995 -0.020818271)
(0.011077613 -0.025414193 -0.0041428423)
(0.0010725551 -0.024863308 -0.0022608906)
(-0.00015559618 -0.023652693 -0.0061605677)
(0.0026666775 -0.044132947 0.19222134)
(0.028797411 -0.032154786 0.017426685)
(-0.013571916 -0.011209357 -0.013980982)
(-0.025433189 -0.018529804 -0.029550085)
(-0.035694609 0.0026300227 -0.045774393)
(0.0047654681 -0.028062574 0.023220393)
(-0.011600195 -0.029190532 0.019099634)
(0.039787915 -0.077838301 0.088301122)
(-0.042283535 -0.013457709 0.19145954)
(-0.01837967 -0.041080156 0.18378564)
(-0.030480814 -0.028183749 0.01700746)
(-0.01848822 0.021992199 -0.018085209)
(-0.017320713 0.025651233 -0.021437237)
(-0.027534071 0.025249388 -0.024252836)
(-0.03248371 0.020625617 0.017753585)
(-0.027938413 -0.0017387411 0.020632951)
(-0.077117357 -0.028813902 0.082126478)
(-0.0069420723 0.024869994 -0.01724719)
(-0.020175735 0.01070302 0.05238133)
(-0.010493368 0.018637541 -0.014683687)
(-0.016541615 0.021945338 -0.015787894)
(-0.0099130606 0.02049399 -0.013290989)
(-0.01890196 0.027370465 -0.0087260967)
(-0.0099881941 0.021979621 -0.016707702)
(-0.0060951448 0.025793177 -0.017999039)
(-0.05731195 0.018357629 0.1089988)
(-0.0034742629 0.029220546 -0.022869597)
(-0.01625358 0.027548568 -0.02191856)
(-0.00022365703 0.027114839 -0.018214485)
(-0.015747743 0.030623839 -0.011585927)
(-0.0090048711 0.025536506 -0.020672147)
(-0.015801256 -0.0066898062 -0.0013682427)
(-0.0079830118 0.0092803759 0.22018182)
(-0.018599039 -0.012184089 0.0094639095)
(-0.010122743 -0.029463611 0.21784469)
(-0.015237812 -0.006653593 -0.00036190749)
(-0.018156578 -0.014487322 0.0066002552)
(-0.0048937912 -0.042986568 0.23063276)
(-0.016123983 0.0042548226 -0.011046888)
(-0.013292692 -0.048877831 0.087460177)
(-0.034999946 0.0061122446 -0.040966968)
(-0.025826634 0.0074215412 -0.01874469)
(-0.019383649 -0.0063684503 -0.022136588)
(-0.013520828 0.0049968209 -0.012747475)
(-0.022762527 0.0065621749 -0.016380693)
(-0.015080169 0.0085328822 -0.006198372)
(-0.016610838 -0.004575798 0.037306979)
(-0.012832879 0.008877722 -0.0067625863)
(-0.017701456 0.018844734 -0.01452649)
(-0.013284944 0.0028865619 -0.0053286903)
(-0.022508533 0.0064663603 -0.0083983912)
(-0.014295185 0.013514154 -0.0070959339)
(-0.016228024 0.0077095777 -0.0070813998)
(-0.013517478 -0.048266957 0.089034944)
(-0.032847921 0.019817045 -0.024834857)
(-0.025918578 0.0082512853 -0.014641422)
(-0.023575567 0.0038656213 -0.0093106056)
(-0.013631481 0.0047639683 -0.011426717)
(-0.024629219 0.010498601 -0.0095976258)
(0.05731915 -0.042257468 -0.019205376)
(0.05177852 -0.020754305 -0.000393542)
(0.055423027 0.20528513 0.23172854)
(0.070756873 -0.017025042 -0.009647601)
(0.099299088 0.022972321 0.099041558)
(0.056883924 -0.029669076 -0.0042700029)
(0.094186251 0.0049855256 0.13457225)
(0.049532636 -0.048715747 -0.043236982)
(0.020032495 -0.029553148 -0.0047510618)
(0.20397304 -0.024072284 0.20064541)
(0.0058502038 -0.028674342 -0.010096112)
(0.094774068 -0.0011047258 0.087657256)
(0.014945059 -0.032167913 -0.00026715858)
(0.01918922 -0.040561346 0.040973153)
(0.13377169 0.049272242 0.2523497)
(0.01079813 0.033273117 0.018879193)
(0.036298482 -0.0020255684 0.020224712)
(0.0067759142 -0.0058501641 0.13392754)
(0.075922878 0.052406018 0.070015683)
(0.050710091 0.09242387 0.20078741)
(0.11502146 -0.028853237 0.20937594)
(-0.068416505 0.11137479 0.24319808)
(-0.00075698761 0.034127051 0.018980767)
(-0.040401794 0.0088528751 0.020179524)
(-0.022791076 0.0069506614 0.13328942)
(-0.11996751 0.037083558 0.20712094)
(-0.058832365 0.067841575 0.068089059)
(0.024026673 0.10049718 0.20000148)
(0.022463366 0.051748123 0.033892532)
(0.030653042 0.044608164 -0.018566847)
(-0.2122036 0.03411872 0.23657171)
(-0.0022398115 0.036275164 0.00020818577)
(-0.029838693 0.08462541 0.090931788)
(0.018265591 0.047724878 -0.0050409899)
(-0.033462746 0.0392481 0.14914361)
(0.0835222 -0.12700648 0.25392982)
(0.03650094 -0.013656377 0.02064993)
(0.0026967246 -0.03762109 0.020656275)
(0.0013563902 -0.026502489 0.13207331)
(-0.0052318314 -0.11735559 0.20888119)
(0.065749562 -0.077063066 0.073541088)
(0.11128724 -0.052120566 0.21103031)
(-0.042353869 -0.032175562 -0.020315134)
(-0.005645854 -0.20682101 0.21341574)
(-0.042920867 0.0016766397 -0.050783635)
(-0.054937924 0.0026808026 -0.045707791)
(0.02541537 -0.081331779 0.088647727)
(-0.045566603 -0.014876363 0.086091064)
(-0.048002312 -0.0083945537 -0.046855009)
(-0.042498253 0.026059001 -0.016088717)
(-0.21304027 0.0050714223 0.23262796)
(-0.018764771 0.025933891 -0.021579413)
(-0.018249609 0.027861741 -0.014508844)
(-0.0720473 -0.013287202 0.070177089)
(-0.039336597 0.030211559 0.14009477)
(-0.02823988 0.026539948 -0.018820263)
(-0.044811194 0.017656271 -0.013420534)
(-0.028515238 -0.20376179 0.2135776)
(-0.034842006 0.027176125 -0.027701922)
(-0.054787526 0.013887173 -0.037066994)
(-0.068485164 -0.028015753 0.077041958)
(-0.050258388 -0.0083481894 0.079230896)
(-0.051947857 0.021045321 -0.027718922)
(0.031287151 -0.069151681 0.088947707)
(0.033787215 -0.034174469 0.049605987)
(0.026038791 -0.038327936 0.072559517)
(0.02306751 -0.014101378 0.055012065)
(0.024253901 -0.061427765 0.07896113)
(0.01296672 0.012200609 0.012990186)
(0.012175746 -0.007293335 0.027386728)
(0.0081210095 0.014521563 0.013570038)
(0.0096008771 -0.071062752 0.079274546)
(0.023263554 -0.060575604 0.087475594)
(0.017981428 0.014989407 0.0125592)
(0.018458289 -0.0090176803 0.062910345)
(0.014858476 0.01763874 0.011504304)
(0.010304039 -0.074241398 0.092147403)
(0.027250677 -0.047751234 0.073471279)
(0.047553077 -0.049991633 0.074577338)
(0.002762647 0.015425741 0.012085348)
(0.0086424592 0.0011325402 0.021389418)
(0.0064164875 0.014518556 0.013426728)
(0.0099225494 0.0086053607 0.024063496)
(0.024799455 -0.048364128 0.081178919)
(0.040318237 -0.058773674 0.12436833)
(0.011177106 0.020101934 0.010865357)
(0.016930365 -0.00029351508 0.053126772)
(0.013725807 0.018340805 0.011182045)
(0.012416147 0.0093157334 0.026150018)
(0.018517254 -0.054650396 0.064407924)
(0.005334814 -0.05770793 0.060055785)
(-0.070256645 0.020107764 0.085204601)
(-0.034711758 0.029929294 0.048064397)
(-0.039251964 0.021155149 0.070486911)
(-0.016421688 -0.0051568373 0.039896245)
(-0.059530944 0.0053377168 0.072100447)
(0.021995345 -0.022790716 0.0041262041)
(-0.0054724574 -0.014492733 0.018840954)
(0.019346042 -0.02495542 0.0014220476)
(-0.067196728 -0.0085166338 0.074747113)
(-0.059427255 0.0039403353 0.07955577)
(0.022534924 -0.023514181 0.0013503137)
(-0.0054372933 -0.01671337 0.045275341)
(-0.07019659 -0.0090810369 0.086885548)
(0.020657054 -0.024541208 -0.0048298637)
(-0.046254993 0.0050977868 0.064716211)
(-0.053055802 0.039230401 0.071850336)
(0.0008207001 -0.017063797 0.012786134)
(0.015092511 -0.02580109 -0.0014844142)
(0.018403007 -0.025328737 1.0715263e-05)
(0.0044662391 -0.021348806 0.0083872607)
(-0.054636445 0.011686744 0.06121438)
(-0.056092786 -0.0027732631 0.057751885)
(-0.047893954 0.002686154 0.071310838)
(-0.061491246 0.028183662 0.11828714)
(0.016323602 -0.026069001 -0.008192718)
(-0.002591253 -0.019072716 0.039072583)
(0.020005949 -0.02503836 -0.0064764037)
(0.0048776453 -0.020926131 0.0089583727)
(0.023834685 0.0024144728 0.009904511)
(0.010316118 0.0050848987 0.027763077)
(0.027549583 0.024673667 0.024045595)
(-0.00092445704 0.02630446 0.010941779)
(-0.0049577962 0.020192029 0.030274821)
(0.019254834 0.03233318 0.024248853)
(0.028792314 0.030831928 0.04046028)
(-0.0020020041 0.00076784885 0.020779509)
(-0.0087679285 0.0091201984 0.023702144)
(0.023196302 0.02895857 0.029521203)
(0.051423404 0.034174392 0.22230479)
(0.043016339 0.050210343 0.13140461)
(0.058814468 0.033618358 0.13417097)
(0.075519856 0.033801477 0.16861531)
(0.044217766 0.021840293 0.21736163)
(0.029455039 -0.0066495542 0.02219912)
(0.034247383 0.017938354 0.10836096)
(0.015694346 -0.0048283455 0.21350269)
(0.033738771 -0.0073945258 0.022744196)
(0.045509034 0.018358143 0.22042478)
(0.029619488 -0.01813001 0.02453342)
(0.045479899 -0.012343924 0.11125832)
(0.01486781 -0.0059675724 0.21554353)
(0.032145807 -0.019124944 0.02284901)
(0.031367822 0.022882812 0.19235286)
(0.0049973405 -0.002838276 0.16661083)
(0.052707805 0.02557451 0.19881112)
(0.075849843 0.084413433 0.22041068)
(0.03556654 0.016796389 0.092225166)
(0.040822349 -0.0074233763 0.025383313)
(0.035545031 -0.0077389286 0.021294127)
(0.054311471 0.0079023296 0.089539666)
(0.054355148 0.021783236 0.20468251)
(0.10077196 0.051286755 0.22062473)
(0.047312189 -0.014817332 0.093230961)
(0.036507608 -0.021163317 0.024099765)
(0.032954793 -0.020222409 0.020542562)
(0.059711118 0.0011852672 0.099037068)
(0.0065481958 0.0046177738 0.14475222)
(0.001376786 0.047636277 0.17978031)
(-0.0088111968 0.046104059 0.20880989)
(0.0039947018 0.042588634 0.17360129)
(-0.0030959374 0.10294083 0.2119423)
(-0.01034721 0.061180024 0.21281686)
(-0.034859005 0.060055374 0.13813977)
(0.0035677291 0.053903206 0.15795605)
(-0.0012226674 0.092198905 0.1848621)
(-0.013965608 0.058301967 0.21343192)
(0.0073191127 -0.0042304525 0.13913665)
(0.032750179 -0.029883568 0.15687338)
(0.038830172 -0.02295652 0.20716562)
(0.041673794 -0.0092196535 0.16764415)
(0.091576639 -0.035965031 0.20162069)
(0.058306882 -0.023941961 0.20742828)
(0.056921298 -0.041650805 0.13961872)
(0.034740825 -0.030888863 0.13166837)
(0.076947403 -0.036919411 0.17961764)
(0.049851625 -0.031026008 0.21379184)
(-0.015203003 0.023461545 0.013334944)
(-0.0066952305 -0.0053845158 0.20784384)
(-0.018350209 0.019265443 0.0065773133)
(-0.032355676 0.011245526 0.075156514)
(-0.016089517 0.021124844 0.019298088)
(-0.046492012 -0.0041010441 0.18818601)
(-0.016094583 0.022793497 0.00038959207)
(-0.0070471245 0.026804791 0.012388558)
(-0.054674692 0.0064868647 0.23633976)
(-0.004276614 0.024336949 -0.010441017)
(-0.057182298 0.017562819 0.12264608)
(-0.0046936135 0.025739984 0.016292952)
(-0.056526324 -0.0018545886 0.20998828)
(-0.0045408163 0.026012272 -0.012522462)
(-0.016516307 -0.0036358816 -0.0060519467)
(-0.019242121 -0.00396978 0.19784752)
(-0.017712581 -0.0042796446 -0.0057691582)
(-0.016978245 -0.014721297 0.051889155)
(-0.017126293 -0.0058108131 6.29079e-05)
(-0.022583174 -0.040562398 0.16931998)
(-0.018262824 -0.00053760957 -0.0086200564)
(-0.013376496 -0.0016257552 -0.010312184)
(-0.016635348 -0.052203844 0.22893523)
(-0.015539125 -0.039255246 0.081785995)
(-0.013596552 -0.0019151031 -0.01757222)
(-0.022213565 -0.050960467 0.18579685)
(-0.012258163 -0.0030515833 -0.008076052)
(-0.015753475 0.00011712055 -0.017431903)
(-0.14134722 -0.060264476 0.24154231)
(-0.080728106 -0.0047269453 0.049175791)
(-0.19635947 -0.074777908 0.22154726)
(-0.15930081 0.0031410807 0.25451171)
(-0.11739414 -0.082598801 0.12286948)
(-0.15112818 -0.0077222219 0.23564553)
(-0.14160861 -0.032650784 0.22691735)
(-0.097182393 -0.11619482 0.24112292)
(-0.015808641 -0.076746333 0.049711851)
(-0.10195555 -0.17920188 0.21873143)
(-0.046206494 -0.13826453 0.22965513)
(-0.09213702 -0.10756834 0.12158342)
(-0.046533409 -0.13526506 0.22738134)
(-0.082631817 -0.11198503 0.22082789)
(0.011123485 -0.0056807654 0.01127757)
(-0.0011742078 -0.035558452 0.023272362)
(0.0094484194 0.0020370243 0.009912203)
(0.015411876 -0.0075376968 0.017909543)
(0.012217618 -0.0021819472 0.0090507965)
(0.0075535696 -0.001168364 0.01202832)
(-0.0089664562 -0.02876457 0.028655284)
(0.011984305 -0.012657019 0.0098978717)
(-0.031972793 -0.013285525 0.022646009)
(0.012227888 -0.016997283 0.0065631016)
(0.014042854 -0.017068494 0.014552055)
(0.014209201 -0.014285127 0.007073941)
(0.0087681296 -0.015882232 0.010059485)
(-0.013683849 -0.026614608 0.027865348)
(-0.00075377464 0.0063760422 0.011151398)
(0.0059329275 -0.034206106 0.02309431)
(0.0058998876 0.0056812927 0.010301724)
(0.0050307817 0.0059333685 0.017073552)
(0.0035733936 0.0036459457 0.011831661)
(0.0020445163 0.0074830251 0.010108765)
(0.015215204 -0.017266394 0.027167221)
(-0.010216127 0.0039268327 0.0086709115)
(0.024151983 -0.0050829461 0.020958089)
(-0.020154496 0.00071346629 0.0034654087)
(-0.0074088737 0.0036845022 0.013097849)
(-0.013678803 0.0030045661 0.0052483614)
(-0.017886247 0.0015215237 0.0069784235)
(0.016562504 -0.013916014 0.026529475)
(0.0016803329 -0.017761525 0.0079146815)
(-0.033320936 -0.0054977214 0.022346134)
(0.0097453527 -0.018557595 0.0056677206)
(0.0048080916 -0.020214958 0.010250034)
(0.0049630272 -0.017653228 0.0093897878)
(0.0071274661 -0.018810579 0.0044113548)
(-0.024324829 0.0039285402 0.026449964)
(-0.0073005164 -0.013952703 0.0086755863)
(-0.014819411 0.028272118 0.022059498)
(-0.011842079 -0.010785727 0.0081399311)
(-0.0085978912 -0.01004293 0.014379072)
(-0.006269321 -0.013225892 0.0061710269)
(-0.014265811 -0.010340692 0.0105776)
(-0.023887333 0.010747768 0.026713388)
(-0.02539996 -0.0066457338 0.0054578607)
(0.02263861 0.0018619878 0.020299032)
(-0.024692072 -0.0032274181 0.0029398792)
(-0.022056048 -0.0088638598 0.0060787947)
(0.00067285933 0.0083416413 0.020917817)
(-0.02213584 -0.00028127385 0.0054459213)
(-0.025240095 -0.0065246617 0.0037586666)
(-0.021613406 -0.0088166027 0.0081488358)
(-0.008095441 0.028281199 0.021831272)
(-0.01581151 -0.0098716758 0.0085773116)
(-0.02055471 -0.009529437 0.01015414)
(-0.0032537783 0.011961838 0.021671514)
(-0.01783673 -0.0077799631 0.00912568)
(-0.01830545 -0.0097693702 0.0080586763)
(0.024805718 0.011408521 0.0054091372)
(0.010930566 -0.049162293 0.16349441)
(0.022709963 0.014079975 0.0035528303)
(0.02031193 -0.0038132677 0.044863306)
(0.023501191 0.010609203 0.0030793271)
(0.024136223 0.016871038 0.0083803899)
(0.013026137 -0.042640272 0.14894506)
(0.025690291 0.0052438498 0.006573887)
(0.020526534 -0.012472355 0.20548883)
(0.024260171 -0.00080746763 0.042817097)
(0.02690587 0.0032865188 0.0052399519)
(0.025562561 0.0038781267 0.0030951396)
(0.015189477 -0.034090173 0.15486005)
(0.026827305 0.0023663832 0.01165311)
(0.023372647 0.01932905 0.0059645766)
(0.010649308 -0.047341671 0.16266252)
(0.021254872 0.01627053 0.0040281679)
(0.020124175 0.005750973 0.046755082)
(0.023762087 0.019682754 0.008170161)
(0.020012118 0.017123174 0.004864579)
(0.020851094 -0.03231998 0.14663643)
(0.02298029 0.018077474 0.0089177613)
(0.0076503614 -0.0049234833 0.20296325)
(0.020955473 0.01861541 0.048464036)
(0.022908748 0.020825715 0.00505221)
(0.021252083 0.020808782 0.0046742771)
(0.020357657 -0.022136534 0.15217088)
(0.024887527 0.016656111 0.012282572)
(0.023377674 -0.023357434 0.00135701)
(-0.046431029 -0.01330073 0.1556188)
(0.011138624 -0.02327233 0.037016806)
(0.021854975 -0.022614357 -0.0037600703)
(0.022041842 -0.02201586 0.0001189235)
(-0.02916157 -0.023925999 0.13994378)
(0.023417652 -0.022811533 -0.00023261286)
(0.020715181 -0.024084905 0.0073465232)
(-0.0041733985 -0.010875045 0.20032029)
(0.021383409 -0.022717072 0.044785271)
(0.022797021 -0.023633028 0.0083369788)
(0.023551797 -0.022505799 0.0068478536)
(-0.019243785 -0.023002872 0.14582453)
(0.017036022 -0.024522181 0.010465444)
(-0.02046343 -0.075123452 0.090026817)
(-0.029040722 -0.037223608 0.049096537)
(-0.020565406 -0.04155642 0.073241596)
(0.0042090802 -0.030631076 0.05363365)
(-0.008193956 -0.067852665 0.079370987)
(0.014860133 0.010670495 0.012889084)
(0.0097703895 -0.018745535 0.028221265)
(0.0046247849 -0.072224921 0.079396075)
(0.018870984 0.0058374753 0.011661296)
(-0.0060016685 -0.067870745 0.088123576)
(0.019414553 0.013623376 0.01248524)
(0.016853445 -0.017886863 0.064472883)
(0.0055431378 -0.075263116 0.09237093)
(0.021623446 0.01015279 0.0089640481)
(-0.0075556066 -0.056256444 0.073999989)
(-0.038275292 -0.058752577 0.074857001)
(0.022870746 0.00036869047 0.0091319312)
(0.013856141 -0.013287331 0.022425098)
(0.020261072 -0.010666235 0.022321864)
(0.020004412 0.0044702723 0.010535739)
(-0.0044602806 -0.057873964 0.08237827)
(-0.026852042 -0.06643616 0.12469277)
(0.02401567 0.0047984805 0.0068791815)
(0.020056165 -0.013431319 0.055670651)
(0.020096054 -0.0092828304 0.023972093)
(0.022479983 0.0089038203 0.0075694462)
(-0.0124933 -0.057730387 0.062991024)
(0.0011055509 -0.058152867 0.059961283)
(-0.065191918 -0.034763504 0.085991967)
(-0.032478115 -0.035699764 0.049733088)
(-0.036620533 -0.027072182 0.071197929)
(-0.0071625724 -0.028754164 0.051577862)
(-0.057424328 -0.029945951 0.075623385)
(0.022919703 -0.021686636 0.0047335744)
(0.00097354269 -0.022357616 0.024096819)
(-0.065677009 -0.014252135 0.074565437)
(0.024792194 -0.017569835 0.0070972555)
(-0.055475159 -0.028616192 0.083339475)
(0.023299037 -0.022495309 0.0025880813)
(-0.0021238997 -0.020739109 0.055839808)
(-0.068997991 -0.01427188 0.086630622)
(0.024629847 -0.019542222 0.0043039529)
(-0.041686684 -0.033350769 0.06965659)
(-0.045341617 -0.051687444 0.074272529)
(0.02490455 -0.011125326 0.0083468741)
(0.0097268782 -0.019825492 0.018364725)
(0.016828881 -0.015953517 0.019826616)
(0.024764801 -0.015787665 0.0075589389)
(-0.042737646 -0.030283692 0.076573537)
(-0.055739834 -0.044166884 0.12332399)
(0.025746823 -0.015850032 0.0060539345)
(0.0068998154 -0.019356824 0.044305293)
(0.016387126 -0.017868767 0.022211128)
(0.025095237 -0.018589373 0.0044701309)
(-0.052297471 -0.021230798 0.062664052)
(-0.055361354 -0.0073765821 0.057640704)
(-0.0024210077 -0.028549742 0.011045538)
(-0.0020950124 -0.035951756 0.039370004)
(-0.024900092 -0.039613867 0.026843809)
(-0.027139125 -0.0070905666 0.010715059)
(-0.020027308 -0.027685093 0.036607657)
(-0.033176556 -0.032659276 0.026198235)
(-0.029889096 -0.035647439 0.043140933)
(0.0022014892 -0.028044911 0.034600898)
(-0.0071689223 -0.025203324 0.031953038)
(-0.028919163 -0.038318332 0.033149399)
(-0.026972175 -0.040547298 0.16353098)
(-0.02160041 -0.038119886 0.079478496)
(-0.032416512 -0.026606942 0.0778428)
(0.0028805081 -0.027544949 0.073266192)
(-0.0079661982 -0.031819596 0.1625561)
(0.028720993 -0.0065566966 0.019628524)
(0.021415625 -0.010011813 0.079989796)
(0.007095676 -0.014167697 0.20578684)
(0.028039972 -0.004273975 0.010298703)
(-0.010733175 -0.031410172 0.16480998)
(0.028583649 -0.017845277 0.022495806)
(0.016743321 -0.019779023 0.072289054)
(0.0054168927 -0.013852387 0.20761842)
(0.02727121 -0.015639949 0.013541879)
(-0.006338964 -0.032011914 0.13499144)
(-0.0301343 -0.06432398 0.13891161)
(0.026041942 -0.0017069136 0.0065068916)
(0.022645119 -0.0084281513 0.059579143)
(0.022283893 -0.011867977 0.031232205)
(0.02738693 -0.0032017613 0.0077222189)
(-0.0082315772 -0.032186087 0.13626466)
(-0.050869179 -0.045942729 0.13698129)
(0.026452496 -0.013216631 0.0089006657)
(0.018571642 -0.019613078 0.054130594)
(0.021416425 -0.012623581 0.030821728)
(0.026927545 -0.014499091 0.010808892)
(-0.025252467 -0.03727969 0.16700572)
(-0.0030975787 -0.011081862 0.16230583)
(0.0033397171 -0.037954656 0.10467066)
(0.0080092189 -0.05143557 0.1185317)
(-0.0033114582 -0.062280785 0.1601278)
(0.0021173429 -0.0086484372 0.13595545)
(0.01323918 -0.024335027 0.12990686)
(-0.0028166598 -0.055104269 0.17431903)
(-0.019815625 -0.041624429 0.082523132)
(0.012518805 -0.031695527 0.091538707)
(0.016746563 -0.019448516 0.098832284)
(-0.0035835711 -0.059927916 0.17074005)
(-0.037711623 -0.0036074921 0.10195505)
(-0.038072575 -0.02667283 0.11208405)
(-0.059148683 -0.022774793 0.16054406)
(-0.0048095588 -0.0091587769 0.13460107)
(-0.0043062312 -0.023395158 0.12526927)
(-0.050384901 -0.022566089 0.17417034)
(-0.035782069 -0.026345692 0.081858805)
(-0.014867835 -0.024247159 0.082839599)
(0.0020965415 -0.021695797 0.09472802)
(-0.054562736 -0.025950661 0.17002192)
(0.0044137761 -0.028652311 0.01115859)
(0.018009143 -0.025586661 0.038078515)
(0.027250086 -0.034979045 0.026249311)
(0.024878645 -0.0044110976 0.010774245)
(0.024937253 -0.012152488 0.036048428)
(0.034299256 -0.02733661 0.02596208)
(0.033733536 -0.032561957 0.044029771)
(0.014388056 -0.013797752 0.033198057)
(0.016746606 -0.0077388134 0.032029058)
(0.032166408 -0.031909146 0.032310966)
(0.069619585 -0.027391925 0.087708954)
(0.035066656 -0.031756229 0.049903269)
(0.040619825 -0.023851478 0.074203065)
(0.025819116 -0.0045319286 0.053815049)
(0.060924859 -0.017323951 0.076470821)
(-0.023876299 0.0038940483 0.004389109)
(0.0057478702 -0.0028971397 0.023501677)
(-0.017763883 0.0093984623 0.0066116779)
(0.064928992 -0.0047912819 0.073680915)
(0.06068994 -0.014888909 0.084943747)
(-0.019090691 0.014416523 0.0074205557)
(0.012621849 0.010819243 0.058725482)
(-0.014735175 0.01891766 0.0053619297)
(0.068846094 -0.0039825364 0.086449337)
(0.049026131 -0.016992093 0.071297465)
(0.053637832 -0.043207248 0.075503663)
(-0.0087978769 0.014018747 0.0077420654)
(0.0011959185 0.0015725889 0.018815142)
(-0.015013681 0.010898345 0.0067182228)
(0.004385087 0.012495324 0.021255956)
(0.050348819 -0.013005858 0.078573411)
(0.063584163 -0.032475996 0.12530399)
(-0.0077039425 0.022535741 0.0050584091)
(0.0094077386 0.014815307 0.052169172)
(0.0050236065 0.013852346 0.023006946)
(-0.013129977 0.020297146 0.0047129422)
(0.053697854 -0.01714319 0.062376575)
(0.054950482 -0.0043303533 0.05726563)
(0.0023061618 -0.036871213 0.10363497)
(0.023368538 -0.044243865 0.11867828)
(0.019724081 -0.059897764 0.16179208)
(0.0083793228 -0.0068388699 0.14215136)
(0.020551771 -0.008145815 0.13049045)
(0.019622634 -0.050959087 0.17605261)
(0.024083629 -0.036508039 0.080801365)
(0.021459495 -0.021771609 0.091203055)
(0.018386802 -0.0019915568 0.099704489)
(0.022978364 -0.055665153 0.17165791)
(0.039416779 -0.030203039 0.16605877)
(0.025740428 -0.034240859 0.078450492)
(0.035687582 -0.022727292 0.078463398)
(0.025389046 -0.0014830105 0.075354923)
(0.029060937 -0.013427379 0.1654797)
(0.016928279 0.027706997 0.017150253)
(0.017323082 0.014274452 0.075494405)
(0.015031258 0.026891654 0.0098619618)
(0.011930943 0.0034467081 0.20754825)
(0.031027049 -0.010831363 0.16583107)
(0.0082581372 0.029813209 0.01601232)
(0.008583948 0.020220174 0.078022348)
(0.0058615711 0.029900307 0.0076692845)
(0.012457289 0.0051233415 0.20735825)
(0.02963435 -0.011622451 0.13718761)
(0.042261618 -0.053985599 0.13736124)
(0.012119745 0.025145339 0.0082111912)
(0.017191427 0.016027589 0.057294683)
(0.013866445 0.026593572 0.0077183919)
(0.011064702 0.018599182 0.031931005)
(0.031395887 -0.0096784811 0.13794859)
(0.060194854 -0.03399535 0.1383489)
(0.0023265378 0.026997911 0.0053447286)
(0.0071919439 0.021806568 0.058036898)
(0.010990563 0.019971479 0.032098411)
(0.0045498045 0.029284189 0.005254098)
(0.033864388 -0.026284652 0.16078141)
(0.0095766321 -0.0033940366 0.16151834)
(0.037843934 0.00011032343 0.10330728)
(0.046811784 8.8996296e-05 0.11493782)
(0.060764495 -0.010736929 0.15985249)
(0.0077541764 -0.00026677532 0.13749444)
(0.022233299 0.010802375 0.12948679)
(0.053313295 -0.0091937101 0.17419131)
(0.038708212 -0.021639723 0.081814325)
(0.027893143 0.0060567634 0.088532477)
(0.01810923 0.014557172 0.098960572)
(0.058142394 -0.011003968 0.16956438)
(-0.010751162 0.025420184 0.0040627161)
(0.047470338 0.0047174396 0.16051831)
(6.6869184e-05 0.017775008 0.041064616)
(-0.014780001 0.021777471 0.0018736532)
(0.038962647 0.005818819 0.14570276)
(-0.011861349 0.023121463 0.0023398087)
(-0.012911785 0.024155548 0.0036083183)
(-0.0039699807 0.028201478 0.0047026075)
(0.010784935 0.014885029 0.20776612)
(0.0013300263 0.024683908 0.042348753)
(-0.0013876207 0.028457008 0.00078410063)
(0.032031637 0.0086820395 0.15412529)
(-0.0020387251 0.027517258 0.0010617471)
(-0.0047703496 0.028502012 0.0034663263)
(0.016158234 -0.022138468 -0.008689849)
(-0.046552368 -0.012705853 0.15399683)
(0.020127833 -0.022698827 -0.0070819603)
(0.0066675193 -0.019117709 0.027141822)
(0.020118114 -0.021864673 -0.0045406797)
(0.017676155 -0.022702078 -0.0096748488)
(-0.034616036 -0.01052112 0.13084642)
(0.0092104073 -0.022479711 -0.0077698254)
(-0.0098919023 -0.015946812 0.19623847)
(0.0040462937 -0.021591379 0.027495182)
(0.0054440593 -0.023781912 -0.008304698)
(0.0073994213 -0.023384851 -0.010860672)
(-0.028214574 -0.011215725 0.13885156)
(0.0054498747 -0.022862123 -0.0037080367)
(-0.027734483 -0.00022905789 0.010428696)
(-0.026236311 -0.0028417613 0.033474746)
(-0.038576285 0.022429479 0.0261311)
(-0.0074913585 0.025720553 0.010577592)
(-0.02223424 0.022444502 0.037170058)
(-0.031893817 0.031519217 0.025803359)
(-0.033788745 0.030635255 0.04322582)
(-0.016712099 -0.0058222078 0.027857081)
(-0.017059244 0.010150677 0.031336223)
(-0.036499496 0.027172629 0.032149731)
(-0.032591618 0.06889536 0.088381757)
(-0.032911796 0.032623283 0.048005399)
(-0.025056168 0.038137346 0.071792166)
(-0.019449669 0.011773159 0.049813895)
(-0.026689572 0.061043476 0.078490123)
(-0.015502771 -0.015633878 0.010599703)
(-0.014953829 0.0040649889 0.025185645)
(-0.0084176382 -0.017789151 0.0086967183)
(-0.01406381 0.067874005 0.0763853)
(-0.025911134 0.059852111 0.086781792)
(-0.021328465 -0.016496558 0.012140432)
(-0.021530822 0.0094162787 0.065540994)
(-0.014386208 0.071310666 0.088968348)
(-0.01762634 -0.018955212 0.009764276)
(-0.028447266 0.046976719 0.072650923)
(-0.046690292 0.047197108 0.072795528)
(-0.0096147851 -0.0048345957 0.017915459)
(0.0017210615 -0.02224591 0.0024781167)
(-0.0053574643 -0.018763121 0.0069819401)
(-0.0055882389 -0.01252057 0.016504312)
(-0.020122226 0.053495409 0.06350974)
(-0.0075363853 0.056010955 0.058214019)
(-0.026601393 0.048501469 0.08067175)
(-0.039058628 0.059135906 0.12412739)
(-0.011622293 -0.022836822 0.0053123102)
(-0.019118178 -0.00022320323 0.05337466)
(-0.0097156586 -0.011878435 0.020335359)
(-0.015866807 -0.020128577 0.0080526015)
(-0.038053617 -0.0040609738 0.10233987)
(-0.042102295 -0.0073599589 0.10332181)
(-0.060476243 0.0051370057 0.15403907)
(-0.0075076356 -0.00067472346 0.135959)
(-0.017533462 -0.010976559 0.1132682)
(-0.053369929 0.0056417256 0.16909679)
(-0.037709634 0.019513157 0.07832409)
(-0.021326658 -0.011593769 0.075154386)
(-0.011999511 -0.01481495 0.082546006)
(-0.0569919 0.0058903799 0.16290858)
(-0.036500716 0.030520126 0.15862836)
(-0.035512997 0.022742445 0.077806337)
(-0.024384415 0.033927227 0.077370243)
(-0.018411798 -0.00086728837 0.063429633)
(-0.026647859 0.011628084 0.15491499)
(-0.0050909766 -0.027732147 0.0090251642)
(-0.0036795688 -0.01926384 0.063080326)
(-0.0025601103 -0.029323424 -0.00062724487)
(-0.0080294919 -0.0031289012 0.19727618)
(-0.025765138 0.015770327 0.15963015)
(-0.014856768 -0.026586015 0.016002055)
(-0.018003161 -0.013501582 0.077863754)
(-0.015235724 -0.027825368 0.0077641408)
(-0.0076956184 -0.001204457 0.20161916)
(-0.026203824 0.0093182734 0.12644856)
(-0.057836308 0.031168174 0.13185002)
(0.0036783689 -0.02794522 -0.0064148512)
(-0.00135721 -0.020568752 0.04316484)
(-0.00073853764 -0.029277345 -0.0037552863)
(-0.0039674962 -0.022273463 0.019550437)
(-0.026344223 0.012739766 0.13059853)
(-0.03999995 0.054232439 0.13626768)
(-0.011303662 -0.027549092 0.0034806108)
(-0.018365925 -0.015685444 0.058777382)
(-0.0061536719 -0.020680287 0.022839255)
(-0.014429476 -0.028166119 0.0047866176)
(-0.033116036 0.02836106 0.158826)
(-0.0076749332 0.0055793177 0.15933079)
(-0.0046151249 0.037319181 0.10276857)
(-0.027049691 0.044969623 0.1211281)
(-0.022397442 0.060585537 0.1627379)
(-0.0083796904 0.0052202772 0.13746856)
(-0.021031574 0.008976843 0.13312433)
(-0.021628808 0.051836351 0.17743054)
(-0.023223827 0.036973338 0.081320458)
(-0.024071954 0.02222924 0.093140301)
(-0.020017634 0.0025175652 0.10183372)
(-0.025021127 0.056732931 0.17470098)
(0.064737517 0.023839733 0.082090752)
(0.031455985 0.030842189 0.046125569)
(0.038121161 0.022877191 0.070136009)
(0.0063289352 0.0080151645 0.039178728)
(0.054510712 0.014154895 0.069826592)
(-0.025194905 0.0016169082 0.0038120498)
(-0.0090790044 -0.002222105 0.013892796)
(-0.02645301 -0.0044891103 0.0036099824)
(0.064208146 0.00024992724 0.072857839)
(0.054292889 0.013255531 0.078606083)
(-0.020283246 0.011812011 0.0072169553)
(0.0037038325 0.0072428746 0.054347257)
(-0.022278774 0.0061999628 0.0048712843)
(0.068130948 0.0008416744 0.085622124)
(0.038894705 0.015475257 0.062636823)
(0.044017876 0.041401252 0.067826464)
(-0.015548224 -0.0055008887 0.009225959)
(-0.024808398 -0.0096053922 0.0030683806)
(-0.025799433 -0.0063125994 0.003316784)
(-0.014712202 -0.0047570763 0.010898441)
(0.051619222 0.0136483 0.05928146)
(0.054854618 0.00021447914 0.056990801)
(0.041028552 0.013785978 0.070503912)
(0.057908965 0.03379884 0.1177312)
(-0.022574716 -0.00033115614 0.0021441733)
(-0.003838751 0.0057392822 0.043899956)
(-0.022620867 0.0043333229 0.0038671483)
(-0.013891521 -0.0019918181 0.013378598)
(0.017909425 0.068531516 0.08353812)
(0.029234037 0.032880877 0.045932495)
(0.021339581 0.039743146 0.070825347)
(-0.0037126702 0.013740618 0.039788756)
(0.0050689055 0.059859303 0.071701694)
(-0.017298721 -0.015161025 0.010752524)
(-0.014280199 0.002442314 0.018156181)
(-0.020244237 -0.014319231 0.010151531)
(-0.0089314798 0.068390016 0.075695278)
(0.0032968116 0.060158582 0.079860194)
(-0.022088768 -0.015567756 0.012195426)
(-0.017414786 0.0090299291 0.053965836)
(-0.021745253 -0.014031442 0.0097167258)
(-0.009493884 0.071606516 0.088361923)
(0.0046899754 0.044522433 0.064114552)
(0.037514643 0.048573071 0.067770886)
(-0.017007232 -0.0043959225 0.012615535)
(-0.022063605 -0.013768006 0.0074977137)
(-0.020855164 -0.014187268 0.0094173109)
(-0.017924055 -0.0048988157 0.013195802)
(0.010352887 0.05452327 0.0600781)
(-0.0032777322 0.056289185 0.057941382)
(0.0019114933 0.047186712 0.071727906)
(0.028400228 0.060354293 0.11709145)
(-0.021042668 -0.012639205 0.0060971851)
(-0.018842759 0.0041974096 0.045168311)
(-0.021666771 -0.013752918 0.0087807875)
(-0.016948182 -0.0043938329 0.014996267)
(0.037697015 -0.00039865196 0.10367952)
(0.039921479 0.011925838 0.10937824)
(0.060297658 0.011847364 0.15822801)
(0.0068181567 0.0021468264 0.13974877)
(0.010218224 0.0082490674 0.12145123)
(0.051833711 0.01233979 0.17230075)
(0.037091788 0.021445973 0.079422456)
(0.016933195 0.0094929169 0.080045787)
(0.0029703474 0.0061336027 0.089802402)
(0.056077501 0.013539351 0.16690505)
(-0.0049451893 0.037740001 0.10232467)
(-0.0091967936 0.043538109 0.10612104)
(0.0034612004 0.060477156 0.15334122)
(-0.0020580907 0.0065957987 0.12941532)
(-0.0074961213 0.015283315 0.11267263)
(0.0039037387 0.052878072 0.16658861)
(0.020354449 0.039181746 0.079135387)
(-0.012030442 0.022965914 0.078243436)
(-0.010969052 0.0093590455 0.082969278)
(0.0042506844 0.056689529 0.16090449)
(0.031084733 0.034215183 0.15809117)
(0.034402834 0.023748523 0.076592538)
(0.022801053 0.035239541 0.077081778)
(0.0019543364 0.011368101 0.059753722)
(0.016898332 0.019652661 0.15392671)
(-0.021760732 0.006495735 0.016626914)
(-0.010333308 0.0044112287 0.068397898)
(-0.021060922 0.0034664657 0.0080756162)
(0.0011381076 0.0042230484 0.19771497)
(0.014084657 0.022993918 0.15276197)
(-0.020654357 -0.0012641359 0.0094078655)
(-0.013681705 1.6624332e-05 0.064110758)
(-0.019923249 -0.0046013417 0.0029108783)
(-0.00040399881 0.005608402 0.19655354)
(0.014113065 0.019167774 0.12410585)
(0.053760082 0.03550419 0.1305367)
(-0.020707519 -0.00094259773 0.0029498148)
(-0.012416253 0.00454547 0.050829216)
(-0.014692643 -0.003120748 0.021178018)
(-0.021295381 0.0022223917 0.0051555561)
(0.011950872 0.021817545 0.12420028)
(0.032304829 0.057040463 0.13139841)
(-0.018853593 -0.0083740897 0.0010983896)
(-0.014458641 -0.002269489 0.04617558)
(-0.015603401 -0.0030434537 0.020664092)
(-0.019514842 -0.0060630776 0.0010326507)
(0.028351525 0.031141079 0.15779598)
(0.0060530256 0.0070685184 0.15937146)
(-0.017988922 0.019332317 0.0066395504)
(0.046837959 0.0045076306 0.15994486)
(-0.017260325 0.019272574 0.001788327)
(-0.0078421624 0.01218278 0.03935528)
(-0.018337829 0.015869862 0.002482558)
(-0.013967864 0.023028197 0.0047250336)
(0.032620453 0.010621872 0.14130145)
(-0.017305747 0.018109467 0.0093592083)
(0.0060533182 -0.0026605413 0.20070601)
(-0.01536344 0.009244687 0.0449603)
(-0.019180143 0.017184153 0.0064890667)
(-0.01672191 0.022866571 0.0086909874)
(0.022416724 0.0094262071 0.14565274)
(-0.019258079 0.014911004 0.0042191832)
(-0.02155711 -0.018141926 0.0069921343)
(-0.014973204 0.046166707 0.15801711)
(-0.024017559 -0.0050784583 0.047201293)
(-0.02158111 -0.016723023 0.0052139524)
(-0.024988124 0.03497523 0.15039989)
(-0.021306713 -0.017784168 0.005801507)
(-0.01989575 -0.014658586 0.0045044343)
(-0.020032385 -0.017442466 0.0075942091)
(-0.0094143311 0.0064478742 0.21019332)
(-0.021173529 -0.018904029 0.049935213)
(-0.017106421 -0.019461931 0.0030227244)
(-0.023520135 0.025426148 0.1586198)
(-0.018848069 -0.020655624 0.0028519065)
(-0.018192857 -0.016511224 0.0040839929)
(-0.018892773 -0.01330286 0.0025934558)
(-0.013953627 0.046855266 0.15665682)
(-0.018413418 -0.002717668 0.036481061)
(-0.021423134 -0.01516305 0.0049975962)
(-0.020318965 -0.013160769 0.0048881539)
(-0.011966612 0.03590805 0.13471895)
(-0.019615642 -0.013959229 0.0031857848)
(-0.017756924 -0.0090600881 -0.00029837024)
(-0.016880388 0.0089792462 0.19170128)
(-0.015553336 -0.0072810343 0.031654568)
(-0.017580368 -0.0066510858 -0.0049391666)
(-0.016994019 -0.0069248501 -0.0040231393)
(-0.011752606 0.026941057 0.13853236)
(-0.017272465 -0.0079978054 -0.0031483442)
(0.032088679 0.0053705457 0.014266425)
(0.023537066 0.0023500796 0.21164012)
(0.028892888 0.0029952226 0.0080754632)
(0.030452546 0.0094611993 0.065528702)
(0.028753546 0.0035665521 0.014613035)
(0.03170508 0.0028783631 0.0094746511)
(0.031675604 0.039790187 0.18802167)
(0.035067028 0.0083303348 0.012116764)
(0.018720774 0.053978193 0.24035415)
(0.037295111 0.014243189 0.0085589391)
(0.034486857 0.041145832 0.10790043)
(0.039634631 0.011682813 0.010501589)
(0.032339269 0.0068323315 0.015451484)
(0.03058838 0.051677272 0.20252649)
(0.02917502 0.018786284 0.013655268)
(0.0051034267 0.0077342059 0.21074081)
(0.024751619 0.021478246 0.0062769058)
(0.022081711 0.036521849 0.073641878)
(0.0062495719 0.048339658 0.18719736)
(0.027796685 0.01901337 0.0083834005)
(0.026980652 0.021523845 0.0050208759)
(0.032346898 0.015519163 0.015368449)
(0.011758692 0.054937034 0.23833375)
(0.035069808 0.01562957 0.0081606527)
(0.025202643 0.056672318 0.11308189)
(0.0070650648 0.05799869 0.20207766)
(0.03178493 0.0091555473 0.0089602514)
(0.033760625 0.020291014 0.0058688678)
(0.018880725 -0.026702541 0.0098656091)
(0.0099970964 -0.0091035285 0.20716829)
(0.02255165 -0.023601855 0.0088630383)
(0.037284606 -0.023516813 0.071400593)
(0.018136815 -0.024257584 0.011961359)
(0.022896825 -0.025079182 0.0081507588)
(0.048303588 -0.009578398 0.18378191)
(0.011098372 -0.028178518 0.0056767978)
(0.053369212 -0.013663001 0.22684729)
(0.053064041 -0.027569339 0.10695473)
(0.01268096 -0.027655456 -0.0040584731)
(0.017359935 -0.028282966 -0.0021081017)
(0.058058524 -0.010851796 0.19881546)
(0.0069543708 -0.026461661 0.006439447)
(0.003855871 0.0034771407 0.13965713)
(0.036297412 0.03210183 0.16951151)
(0.026102415 0.041096988 0.20745393)
(0.0078122201 0.043059549 0.17477767)
(0.044991955 0.094158259 0.21145274)
(0.02839158 0.058839055 0.21472362)
(0.044973843 0.057642739 0.14607042)
(0.038665749 0.033671292 0.14486151)
(0.046631547 0.07872098 0.18615053)
(0.035261482 0.052145895 0.21746331)
(0.0076765011 -0.0072976302 0.14512394)
(0.049689927 -0.0045840959 0.1783743)
(0.045795643 0.0065032942 0.20811645)
(0.042346164 -0.0072935194 0.1690798)
(0.10234974 -0.0028611168 0.20928307)
(0.062062647 0.006404973 0.21164943)
(0.063898098 0.032717406 0.13911154)
(0.055372253 -0.0067388761 0.15610706)
(0.091824182 -0.0035653321 0.1830222)
(0.057981259 0.011629905 0.21250712)
(0.076800857 0.15099127 0.19468115)
(0.041184558 0.056432477 0.1157318)
(0.065851543 0.061067389 0.094318161)
(0.10668225 0.10553702 0.19538199)
(0.07077882 0.16967873 0.22172283)
(0.042528401 0.048704277 0.079759627)
(0.045094133 0.080841153 0.16831652)
(0.048091522 0.024773812 0.046776289)
(0.029020636 0.18356583 0.21981729)
(0.079454931 0.17878322 0.21850103)
(0.055022401 0.12856825 0.16142843)
(0.11945221 0.18104422 0.21402164)
(0.030395773 0.19461349 0.20581467)
(0.079307201 0.078105782 0.11747756)
(0.082561717 0.15705906 0.22337516)
(0.077935001 0.10014053 0.22149315)
(0.045078722 0.0632514 0.13919872)
(0.051187532 0.008345586 0.037920413)
(0.049848336 0.015833017 0.035914327)
(0.079767896 0.06170975 0.13273589)
(0.048467495 0.11839022 0.14754459)
(0.016309087 0.11897524 0.13197204)
(0.094903887 0.16956803 0.22039638)
(0.13271091 0.12249461 0.18474381)
(0.08451049 0.031225603 0.081139881)
(0.13637137 0.16498539 0.21591434)
(0.096770604 0.073763792 0.14545797)
(0.082649561 0.054988287 0.098309357)
(0.16367978 0.043802999 0.19128923)
(0.06328318 0.030313393 0.11585194)
(0.071769403 0.055912189 0.095707729)
(0.14188483 0.050869957 0.19511747)
(0.18084339 0.02430198 0.22003277)
(0.035527488 -0.027648218 0.039110723)
(0.091618706 -0.012701465 0.16643589)
(0.034270552 -0.028746954 0.031518393)
(0.17967972 -0.010662771 0.20624458)
(0.18838984 0.030224807 0.20883504)
(0.10774155 -0.027965735 0.11130658)
(0.21464024 0.043643036 0.210303)
(0.19265843 -0.010866146 0.19446084)
(0.099957108 -0.016981926 0.099296488)
(0.17316723 0.031253762 0.21919041)
(0.11371322 0.052772765 0.21551833)
(0.078525458 -0.014836289 0.13614149)
(0.043772838 -0.028517597 0.030723074)
(0.031749004 -0.030378155 0.021289586)
(0.10558683 0.011007226 0.13596103)
(0.12219948 0.023212977 0.14005505)
(0.1181535 -0.0046863444 0.12828131)
(0.18833108 0.041837399 0.21513054)
(0.14713751 0.10297918 0.18310822)
(0.088025199 -0.0062255292 0.077852886)
(0.20865262 0.058524755 0.21552739)
(0.12146381 0.025332027 0.14628458)
(0.083980477 -0.01584373 0.07941805)
(0.0052418909 0.028841664 0.0096818648)
(0.12114897 0.17893895 0.19912997)
(0.046525222 0.047552341 0.044325286)
(0.030361671 -0.0001949197 0.010061428)
(0.21437195 0.059488125 0.20090124)
(0.060607352 0.034761662 0.046420674)
(0.078841538 0.064825208 0.096617696)
(0.14134297 0.16530806 0.20597711)
(0.20829757 0.076936698 0.20617068)
(0.076698854 0.055668571 0.072022524)
(-0.036068081 0.05002959 0.22084412)
(-0.035143729 0.057093099 0.13348243)
(-0.051922705 0.044614522 0.13470567)
(-0.034987959 0.072480357 0.16063486)
(-0.01958044 0.044097211 0.2182882)
(0.017178539 0.028529718 0.018594746)
(0.009987368 0.043485979 0.11143351)
(0.0032422537 0.013115461 0.21467687)
(0.019266839 0.030535738 0.015059702)
(-0.0236909 0.042575376 0.21641455)
(0.0084791655 0.030035132 0.017825656)
(-0.017716698 0.033650439 0.10938806)
(0.0093386896 0.03184404 0.014771756)
(0.0032439825 0.014943608 0.21452315)
(-0.024335117 0.032211096 0.19102787)
(0.0018820783 0.0045729868 0.16580543)
(-0.023079362 0.052424451 0.20035128)
(-0.054709774 0.097500926 0.22052506)
(0.012783785 0.045632558 0.093526827)
(0.0213117 0.034150549 0.016115066)
(0.020895973 0.031001861 0.01193882)
(-0.002007815 0.055506567 0.088746954)
(-0.027178524 0.051027191 0.1968861)
(-0.085111031 0.075529506 0.22483161)
(-0.016745793 0.034546142 0.092790769)
(0.008689008 0.03571031 0.015733073)
(0.0096373475 0.032541225 0.011945346)
(-0.0079739201 0.05011461 0.079869982)
(-0.0041381835 0.0012642582 0.14110861)
(-0.032861696 0.034988729 0.16813822)
(-0.041335293 0.024310193 0.21197209)
(-0.042754852 0.0043026088 0.17242097)
(-0.096253205 0.040490929 0.22000941)
(-0.059793357 0.024095336 0.21722793)
(-0.05752331 0.044024926 0.14162201)
(-0.034187708 0.03712711 0.14334192)
(-0.08066931 0.043432673 0.19371064)
(-0.053083817 0.032980861 0.21959553)
(-0.053225718 0.16275667 0.19484802)
(-0.033237682 0.061057431 0.11439585)
(-0.058525802 0.069087785 0.096774298)
(-0.05692628 0.13863717 0.19511096)
(-0.036047626 0.18041095 0.22189198)
(0.039275587 0.052576224 0.079053116)
(0.0077425268 0.094003419 0.17092368)
(0.033822683 0.047329227 0.048926089)
(0.0089492935 0.18490847 0.21897691)
(-0.043572715 0.1890807 0.2141489)
(0.041851989 0.13642167 0.17020189)
(-0.061080885 0.20590637 0.21544065)
(0.016886859 0.11842285 0.12565436)
(0.0088030011 0.19629891 0.20640533)
(-0.041857962 0.1733422 0.22141451)
(-0.057569402 0.11035483 0.21530439)
(0.01043929 0.080207351 0.13884533)
(0.028799579 0.047006972 0.033709172)
(0.034090179 0.042197903 0.033220014)
(-0.016040587 0.10401736 0.13614913)
(-0.032058305 0.12304174 0.14414642)
(0.0025924219 0.11911125 0.13079081)
(-0.054012815 0.18771264 0.21880366)
(-0.10998061 0.14147987 0.182472)
(0.0017841417 0.091263303 0.080172389)
(-0.074744198 0.1999161 0.21912935)
(0.013358825 0.097605661 0.093385445)
(-0.031203152 0.1190389 0.14579864)
(-0.0011178227 0.028725538 0.0095240314)
(-0.075072085 0.19925023 0.20025019)
(-0.03690212 0.054543104 0.044178729)
(-0.031441457 0.0044546432 0.010111966)
(-0.18602131 0.11200911 0.19961236)
(-0.05325002 0.043418674 0.045694836)
(-0.067699931 0.073974002 0.093340318)
(-0.09188766 0.19544135 0.20772982)
(-0.17237039 0.13140321 0.20442173)
(-0.061824017 0.069265788 0.071480009)
(-0.15490648 0.074061383 0.19512082)
(-0.056475508 0.041785414 0.11825073)
(-0.063939058 0.065768427 0.09676919)
(-0.10744206 0.10412482 0.19750239)
(-0.17298052 0.066141022 0.22893631)
(-0.045646539 0.024087778 0.067833038)
(-0.084331581 0.038516219 0.17850648)
(-0.024842936 0.031542041 0.04640893)
(-0.18436627 0.017870286 0.21914997)
(-0.18401935 0.074918474 0.22401625)
(-0.13344999 0.030777736 0.16926765)
(-0.18820883 0.10930467 0.21668158)
(-0.19560795 0.01693518 0.20564705)
(-0.088036088 0.061322858 0.12921028)
(-0.1617706 0.077591121 0.22693988)
(-0.10075492 0.077784798 0.22197129)
(-0.066236189 0.03860481 0.1453891)
(-0.0088430707 0.041440317 0.034085728)
(-0.064484998 0.075511213 0.1363576)
(-0.014080587 0.034111533 0.030180849)
(-0.11920577 0.045583296 0.14865562)
(-0.11930858 0.0091703174 0.13179636)
(-0.17495158 0.089760674 0.2223706)
(-0.12648453 0.1283832 0.18401896)
(-0.035711294 0.07331458 0.079980619)
(-0.1722907 0.12606252 0.21805881)
(-0.076913753 0.091464526 0.14675857)
(-0.062373551 0.067418246 0.10558876)
(-0.0027030033 0.027049649 0.0075043131)
(-0.0029087205 0.018482148 0.21585481)
(-0.0013613651 0.027779563 0.001391663)
(-0.0097183365 0.028750523 0.062044744)
(0.00047842006 0.026916791 0.00036278)
(-0.0042489923 0.027956139 0.0040304702)
(-0.039548474 0.029180473 0.19486356)
(-0.0039978844 0.025243279 0.0030945026)
(-0.054061741 0.011641001 0.23763241)
(-0.043118411 0.028237563 0.11679703)
(-0.0053888221 0.024699902 -0.0085571207)
(-0.0046771899 0.025485406 0.0016520389)
(-0.05248051 0.026299673 0.2078718)
(-0.002936 0.02696741 -0.0095898248)
(0.0043647958 -0.023318921 -0.00052926585)
(0.0061301048 -0.018329183 0.20193956)
(0.0036180172 -0.02353225 -0.0060380599)
(0.010926876 -0.022343082 0.052287552)
(0.03873924 -0.025110223 0.17812812)
(0.0077049668 -0.022301257 -0.0067628932)
(0.0014560151 -0.02386115 -0.0046708231)
(0.0066077063 -0.024869976 -0.0023431402)
(0.052045946 -0.01730237 0.22550391)
(0.012269302 -0.026690163 -0.004938028)
(0.038139117 -0.024129133 0.09320409)
(0.050954822 -0.023371763 0.1899046)
(0.0098806719 -0.025260995 -0.0022392559)
(0.0090776781 -0.026901982 -0.0051339603)
(0.037600399 -0.045134577 0.21448403)
(0.050579186 -0.040585701 0.13066068)
(0.036493801 -0.05663609 0.137287)
(0.03924607 -0.065765725 0.15637297)
(0.026315715 -0.038886525 0.2087311)
(-0.0050889268 -0.027415801 0.011415559)
(0.01967139 -0.027325444 0.093772147)
(6.7058928e-05 -0.011194524 0.20569863)
(-0.0047803864 -0.027024574 0.0098837909)
(0.025323635 -0.039783609 0.21430771)
(-0.013935017 -0.026363389 0.017257732)
(-0.0047055518 -0.042772954 0.11274144)
(-0.013073712 -0.024996599 0.011404579)
(0.00064147148 -0.0098014989 0.20977387)
(0.026057542 -0.028329019 0.18481163)
(-0.00020727217 -0.0018539842 0.16458006)
(0.029692901 -0.045979055 0.18891735)
(0.084326372 -0.069097586 0.21576752)
(0.018891748 -0.027443717 0.078082251)
(-0.0038214232 -0.026443393 0.0084190429)
(-0.0048859089 -0.026615658 0.0070297463)
(0.013432905 -0.043203919 0.076159487)
(0.027784661 -0.048039495 0.19622708)
(0.057336629 -0.095533953 0.22176754)
(-0.0065014997 -0.043598921 0.092944089)
(-0.013150449 -0.023235585 0.0077102609)
(-0.013928303 -0.023801227 0.0063697335)
(0.0076132128 -0.049763085 0.087860987)
(-0.0062028016 -0.0060482042 0.14230986)
(0.0024365914 -0.047488245 0.18336617)
(0.0074641442 -0.046465616 0.21293652)
(-0.0061351449 -0.04152212 0.16899749)
(0.0029938672 -0.10399986 0.2173343)
(0.0068095514 -0.062305554 0.21657957)
(0.036731438 -0.062354951 0.14540276)
(0.0010499771 -0.052806387 0.16128307)
(0.0038684677 -0.093155325 0.19569856)
(0.013117567 -0.058512372 0.21864016)
(0.15173368 -0.07222823 0.18979121)
(0.056894066 -0.038028873 0.1146051)
(0.064693942 -0.06223095 0.094537142)
(0.10852232 -0.092644696 0.18623883)
(0.16983266 -0.061712517 0.21959521)
(0.033827396 -0.029434579 0.041891188)
(0.077873524 -0.033993369 0.15660496)
(0.17867481 -0.023489931 0.20642894)
(0.017981598 -0.029656683 0.02700867)
(0.17876184 -0.070204505 0.21085549)
(0.10711699 -0.036847923 0.11518308)
(0.19086303 -0.10449529 0.20693901)
(0.075462609 -0.052924634 0.09787431)
(0.19067511 -0.024362812 0.19458286)
(0.11919923 -0.044328634 0.14358558)
(0.11766176 -0.012831869 0.12828813)
(0.15670936 -0.072089735 0.21738501)
(0.10023658 -0.072079003 0.21506396)
(0.061347588 -0.032757212 0.13048661)
(0.010112713 -0.027653893 0.018423471)
(0.010897654 -0.02882929 0.01692343)
(0.065830232 -0.062270213 0.12321719)
(0.17053724 -0.08480132 0.21253061)
(0.13066288 -0.12216491 0.18105731)
(0.17491292 -0.11761355 0.2039131)
(0.038605472 -0.054331547 0.060991774)
(0.053683087 -0.05368774 0.076592967)
(0.079104496 -0.076977503 0.13350013)
(0.030865116 -0.0065106942 0.010425134)
(0.19355805 -0.11166101 0.19756409)
(0.056519764 -0.048270064 0.048325639)
(0.0012969281 -0.031083503 0.0098396812)
(0.079547385 -0.21056206 0.20911483)
(0.041376937 -0.059377142 0.047197885)
(0.069853313 -0.071472445 0.092058742)
(0.17919026 -0.12683451 0.19799596)
(0.099997805 -0.20122258 0.21413959)
(0.067874292 -0.074832425 0.07560643)
(0.052018484 -0.1635618 0.1977447)
(0.034250387 -0.060900768 0.11609396)
(0.060683725 -0.0675613 0.096788183)
(0.066065315 -0.13444872 0.19741056)
(0.032243707 -0.18303923 0.22654935)
(-0.015781959 -0.03215828 0.037713061)
(-0.0029142067 -0.092718045 0.17328167)
(-0.0037558204 -0.18171277 0.21019326)
(-0.013469636 -0.024250006 0.024123418)
(0.040151236 -0.19212363 0.21875369)
(-0.011725024 -0.11211196 0.12296457)
(0.066672716 -0.21595819 0.22671822)
(-0.0029547155 -0.19475177 0.19851745)
(0.0048138025 -0.096311635 0.10343236)
(0.027792415 -0.12589029 0.14690334)
(-0.0010541523 -0.11915184 0.12978851)
(0.041899579 -0.17524732 0.23252806)
(0.060963571 -0.11018585 0.21898659)
(-0.0038001329 -0.079044798 0.14722618)
(-0.01557034 -0.03116654 0.023156121)
(0.027008407 -0.097275821 0.13613587)
(-0.015226757 -0.018112128 0.01190931)
(0.054479485 -0.19001086 0.2278806)
(0.11483235 -0.13859116 0.18339751)
(0.083942716 -0.20726934 0.23228687)
(0.012391851 -0.075674951 0.076359442)
(0.043765914 -0.11218416 0.14846339)
(0.0061925302 -0.081386692 0.089915992)
(-0.0037837437 0.0014248673 0.1436123)
(-0.043010931 -0.010081977 0.17432905)
(-0.042738874 -0.01622304 0.20878707)
(-0.042562241 0.0011049966 0.17344544)
(-0.10181848 -0.012495097 0.2191834)
(-0.059873515 -0.018068485 0.2143578)
(-0.057919889 -0.038410394 0.13704469)
(-0.048265386 -0.0077482668 0.15243054)
(-0.090253802 -0.01117165 0.18958535)
(-0.055116919 -0.022708434 0.21355576)
(-0.0025878671 -0.0028697296 0.13572701)
(-0.024427852 -0.035806569 0.15698853)
(-0.0226534 -0.040219409 0.20077055)
(-0.0081464987 -0.040836894 0.16853557)
(-0.03257401 -0.092582572 0.19386765)
(-0.025780014 -0.057194909 0.20469174)
(-0.03853421 -0.058115104 0.13833172)
(-0.025035493 -0.038034882 0.13208257)
(-0.030563844 -0.078504958 0.1676423)
(-0.029661178 -0.051220495 0.20606512)
(-0.042362987 -0.039996613 0.21248237)
(-0.053590764 -0.03843162 0.1320557)
(-0.038669861 -0.052765846 0.13010072)
(-0.060745948 -0.04146208 0.15091548)
(-0.034715062 -0.028383951 0.20856925)
(-0.022848662 0.0076323783 0.018033881)
(-0.038447836 -0.00123181 0.10438304)
(-0.0073830616 -0.0041834693 0.20545797)
(-0.024946649 0.013766483 0.01096887)
(-0.033394546 -0.028835485 0.20716564)
(-0.021277212 -0.00038263803 0.010718183)
(-0.021321694 -0.024159849 0.093626075)
(-0.0085157379 -0.0029612705 0.20452194)
(-0.023489865 0.0037012032 0.0065368418)
(-0.026757781 -0.026956782 0.18334255)
(-0.001753901 -0.00085378229 0.1640565)
(-0.042272905 -0.031966754 0.18940607)
(-0.091086552 -0.061522259 0.21877604)
(-0.040156421 0.0026072586 0.086470215)
(-0.025881765 0.019804544 0.005113748)
(-0.045603727 -0.0077820204 0.078210663)
(-0.024846783 0.017553983 0.0051607946)
(-0.040558419 -0.033061347 0.18749133)
(-0.065210824 -0.087380637 0.21657777)
(-0.021323673 -0.023081139 0.07704939)
(-0.026070777 0.0080152321 0.0037224573)
(-0.039722274 -0.013461768 0.072864579)
(-0.024227659 0.0059496133 0.0028509583)
(-0.032709053 -0.0021942316 0.010298611)
(-0.19927171 -0.087691119 0.19935922)
(-0.057921421 -0.041098719 0.046943161)
(-0.0056844098 -0.030792776 0.010271739)
(-0.099872855 -0.18905319 0.19630058)
(-0.044185401 -0.054268078 0.046201467)
(-0.071815632 -0.07031408 0.094969109)
(-0.19145081 -0.10247873 0.20185611)
(-0.11990023 -0.17654032 0.20149864)
(-0.072028324 -0.066742146 0.073903237)
(-0.15773646 -0.060162302 0.19421757)
(-0.059262835 -0.035934855 0.11523278)
(-0.066047817 -0.060202654 0.095508336)
(-0.12851105 -0.064639763 0.18942311)
(-0.17987746 -0.046137232 0.22780797)
(-0.045439624 0.020507728 0.060355319)
(-0.094936721 -0.0016715131 0.18373842)
(-0.18550249 0.00011934614 0.21712914)
(-0.035201936 0.021417447 0.039209833)
(-0.18788076 -0.053484205 0.22042994)
(-0.13164098 0.014060284 0.15865)
(-0.20368259 -0.074428645 0.21357107)
(-0.19680038 -0.0021910681 0.2045497)
(-0.10705109 -0.0041335174 0.11771912)
(-0.122093 -0.038222303 0.14858912)
(-0.12003627 -0.0023730495 0.13188138)
(-0.16856871 -0.052196632 0.22274547)
(-0.10554025 -0.064304826 0.21462518)
(-0.077805061 0.0010735892 0.14287561)
(-0.035467738 0.023404398 0.020373937)
(-0.093029363 -0.022096229 0.12619079)
(-0.028285129 0.023341701 0.019933558)
(-0.18233016 -0.06339335 0.21939198)
(-0.13337109 -0.11365353 0.17990412)
(-0.19329948 -0.085962501 0.21122736)
(-0.071571745 -0.0045016253 0.064123434)
(-0.10715905 -0.037662562 0.13757271)
(-0.080554685 -0.0025433513 0.079917146)
(-0.063285065 -0.15394151 0.18937645)
(-0.035710789 -0.057411229 0.11391479)
(-0.060617447 -0.063271211 0.092244312)
(-0.08826162 -0.11134836 0.19107167)
(-0.05341017 -0.16995691 0.21183924)
(-0.018940537 -0.032201182 0.042644804)
(-0.027017531 -0.078857018 0.14675871)
(-0.018880289 -0.18078331 0.21227027)
(-0.022292373 -0.012830192 0.012518732)
(-0.060054838 -0.17888452 0.20664985)
(-0.022450215 -0.11151303 0.12664587)
(-0.093714525 -0.19094831 0.20867496)
(-0.01969041 -0.19335319 0.20015232)
(-0.046637471 -0.072150355 0.094801936)
(-0.038705086 -0.11909295 0.1416999)
(-0.011482159 -0.11863873 0.1307113)
(-0.062149488 -0.15875245 0.21342724)
(-0.066916714 -0.10243972 0.21420124)
(-0.024925885 -0.062200258 0.11667994)
(-0.029341051 -0.0064990115 0.017350127)
(-0.059858598 -0.067166954 0.12728685)
(-0.026173045 -0.0073627401 0.0077901878)
(-0.073696188 -0.17234974 0.21185724)
(-0.11835496 -0.12832951 0.17761312)
(-0.11195686 -0.17553912 0.21262688)
(-0.058885867 -0.034543053 0.069827405)
(-0.07611264 -0.080068977 0.14010216)
(-0.05407823 -0.054262535 0.086025211)
(-0.015910573 -0.010604085 0.0054305347)
(-0.0067195616 -0.0073040875 0.21760797)
(-0.016219374 -0.016909794 0.0013827624)
(-0.016325876 -0.034937297 0.077346731)
(-0.016271985 -0.012981218 -0.0052570438)
(-0.017630691 -0.015210476 0.0038040424)
(-0.0058929616 -0.047991701 0.19734196)
(-0.014872915 -0.0037839089 -0.0018548756)
(-0.012421018 -0.053764429 0.22829674)
(-0.016283348 -0.052350237 0.11228874)
(-0.014065436 -0.0020263488 -0.017986895)
(-0.013187959 -0.0038074712 -0.0062314243)
(-0.00727431 -0.058452576 0.20850239)
(-0.015352304 -0.0042977762 -0.020987115)
(0.1235727 0.09274044 0.2485001)
(0.018844845 0.069496557 0.046367918)
(0.12847472 0.16565343 0.22218893)
(0.080246184 0.1321511 0.25122647)
(0.10190308 0.091673078 0.12040088)
(0.11671026 0.09604827 0.23340919)
(0.05892345 0.11643428 0.24109699)
(0.15663053 0.028261681 0.24544928)
(0.078305212 -0.00449888 0.05112547)
(0.21121592 0.042039434 0.22119305)
(0.1429416 -0.027698675 0.21060974)
(0.12650784 0.064092032 0.12316144)
(0.14635389 0.0026691097 0.21171011)
(0.13811361 -0.033440074 0.24223467)
(-0.042556431 0.13774558 0.24739988)
(0.0015699425 0.070131142 0.046594302)
(-0.060057568 0.19790473 0.22644446)
(0.032034231 0.15161109 0.26270637)
(-0.010949049 0.1457236 0.24684357)
(-0.071561484 0.11143202 0.11792131)
(0.030996421 0.12524405 0.24208633)
(-0.11143236 0.10217896 0.24278856)
(-0.078434819 0.014187505 0.048335023)
(-0.17555411 0.11470684 0.22241684)
(-0.15068137 0.054163058 0.25547928)
(-0.14206984 0.041443287 0.24592441)
(-0.10254595 0.092307004 0.12027278)
(-0.11330932 0.090698155 0.23133431)
(0.11898587 -0.10895336 0.23876367)
(0.078098973 -0.021007557 0.051606884)
(0.18068091 -0.11075097 0.21237157)
(0.13781142 -0.064859967 0.21898399)
(0.11218961 -0.089307554 0.20422653)
(0.1111662 -0.10029498 0.12533967)
(0.13391407 -0.056777622 0.24452444)
(0.062372769 -0.15350888 0.25565756)
(0.001936166 -0.078580714 0.05060681)
(0.07024892 -0.20897597 0.2355271)
(-0.0025098075 -0.145752 0.22820367)
(-0.0077131963 -0.13899262 0.24297449)
(0.081880418 -0.12255892 0.1253573)
(0.036664434 -0.14698853 0.23412534)
(0.016992047 -0.021165826 0.051720567)
(0.010080347 0.012926526 0.010112977)
(0.0129129 0.013552429 0.009846681)
(0.015490041 0.015738643 0.0089640903)
(0.010052458 0.015184608 0.010896306)
(0.013167327 0.016989019 0.0090423363)
(0.013312227 -0.03583045 0.059074224)
(-0.0059435171 0.016179985 -0.0027871932)
(-0.0057857053 0.011529327 -0.0044460135)
(-0.0088580653 0.01391915 0.00010390973)
(0.0029509372 0.018967337 0.0014311342)
(-0.0089083423 0.01193797 -0.0037242803)
(-0.0026615056 0.015031571 -0.0029045407)
(-0.0031756889 0.023485643 0.0022458891)
(-0.017662169 -0.013651551 0.039555921)
(0.022533041 -0.023140309 0.00022827817)
(0.019305582 -0.023387671 -0.0027756292)
(0.023424734 -0.023661961 -0.0024102579)
(0.021085375 -0.02461581 -0.001216111)
(-0.028050834 -0.017018295 0.050737466)
(0.021746529 -0.024809163 -0.0048859534)
(-0.0086434839 -0.01776933 -0.0018073482)
(0.00033450778 -0.016976793 -0.0025673236)
(0.0015056068 -0.015635573 -0.0080874836)
(-0.0016631723 -0.022598694 -0.0070831704)
(-0.0013760371 -0.014830021 -0.0042533989)
(-0.012765026 -0.023343415 0.001955301)
(-0.003568782 -0.018464295 -0.0070964964)
(0.042089633 0.0031411215 0.11788903)
(0.030244174 -0.0096106593 0.01589872)
(0.030079207 -0.01529445 0.017609178)
(0.029824198 -0.013011421 0.01169693)
(0.02694299 -0.0064974814 0.12979661)
(0.032577871 -0.010886828 0.016962798)
(0.031830952 -0.016658612 0.01793596)
(-0.025398274 0.012010914 0.15710851)
(-0.017322929 0.012760903 0.1572322)
(0.0092292475 -0.0011211656 0.213644)
(-0.004888657 0.0022170017 0.22077254)
(-0.016985851 0.01166568 0.15570228)
(-0.025700175 0.01348267 0.15911509)
(-0.0030862641 -0.0012688083 0.21887016)
(-0.019816715 -0.023551499 0.14376974)
(-0.013907783 0.010914796 0.20853978)
(-0.018897345 -0.01751951 0.14631879)
(-0.011679806 -0.0037173418 0.21505232)
(-0.019082762 -0.01568751 0.14343112)
(-0.014726586 -0.001173128 0.21391791)
(-0.019211842 -0.025325698 0.14758384)
(-0.036109566 -0.025519153 0.043053175)
(-0.018034345 -0.0047200993 0.0069832864)
(-0.0078553009 -0.014104673 0.0066955404)
(-0.018012975 -0.011106566 0.035390607)
(-0.016942845 -0.012897312 0.0078419516)
(-0.03804666 -0.0078597074 0.038953452)
(-0.017176586 -0.027852146 0.038155667)
(0.0072202795 -0.0064070412 0.0021682426)
(0.0049846274 -0.0053201156 0.0025241624)
(0.013339914 -0.00022983339 0.0045925323)
(0.015280495 -0.010056356 0.0054002412)
(0.0055438031 -0.0037216671 0.0019244523)
(0.0066206396 -0.0080207429 0.0024999378)
(0.0193857 -0.0062589113 0.0081786341)
(-0.0046431734 -0.012527051 0.020576454)
(-0.0070893101 -0.0075154872 0.018662751)
(-0.0055595064 -0.015899514 0.010904317)
(-0.01458501 -0.0083609627 0.01088937)
(-0.0037087472 -0.010287192 0.019700077)
(-0.0078996135 -0.0099928296 0.019608777)
(-0.013153411 -0.016691608 0.012443372)
(-0.0018242926 -0.0059686222 0.019401213)
(-0.0061044787 -0.0052754412 0.018234784)
(0.0020386575 -0.015149189 0.010739734)
(0.0083564808 -0.0059560697 0.010354413)
(-0.0025727671 -0.008235721 0.01934877)
(-0.0052566673 -0.003435667 0.018342753)
(0.0095630305 -0.014325499 0.011949506)
(-0.014298259 -0.0041005174 0.019909964)
(-0.01061888 -0.0044816399 0.018363099)
(-0.015973709 -4.4458378e-06 0.010814685)
(-0.0097397113 0.009479084 0.010628238)
(-0.01116891 -0.0070211504 0.019386739)
(-0.014042257 -0.0015438118 0.018838168)
(-0.017261754 0.0083926274 0.01222441)
(-0.012673054 0.0011533865 0.018213528)
(-0.009799616 -0.0024085828 0.017813578)
(0.0069800738 0.0023031803 0.010291464)
(-0.0021630584 0.010155984 0.010416505)
(0.0054591899 0.010553966 0.011736803)
(-0.0090484058 -0.00092078937 0.017851655)
(-0.013305877 0.0002338527 0.018210112)
(-0.014796499 -0.0046136744 0.0059302852)
(-0.013202169 -0.0044392079 0.0072827605)
(-0.018738942 -0.0061165263 0.0027141412)
(-0.017949138 -0.009909732 0.0091531323)
(-0.014641741 -0.0044457932 0.0050234206)
(-0.012441917 -0.004390392 0.0078478592)
(-0.021579193 -0.010717745 0.0066095822)
(0.016432431 0.0022550986 0.0013114978)
(0.011618139 -0.0004645481 0.0019387779)
(0.014856454 0.0014416148 0.0038424872)
(0.018164275 -0.0031192873 0.004085716)
(0.01252063 0.0015798504 0.0027958254)
(0.014926739 -0.00017276077 0.0010926067)
(0.022650204 0.00219607 0.0037742517)
(0.019727549 -0.0043617389 0.14831694)
(0.0077574624 -0.032379364 0.19666059)
(0.019410121 0.0060534743 0.15893624)
(0.011698328 -0.022069967 0.20587469)
(0.01787787 -0.0028092493 0.15083009)
(0.0090033488 -0.033961394 0.19536654)
(0.021310786 0.0040942055 0.15654005)
(0.010018251 0.013443221 0.0041196975)
(0.0037592318 0.010213896 0.0021411719)
(0.0046679305 0.011818312 0.0076480944)
(0.006233446 0.018622823 0.0026913348)
(0.0058724505 0.0099710452 0.0052864478)
(0.0074390605 0.013508681 0.0018062976)
(0.012619132 0.020258807 0.0071280103)
(0.018530662 0.00073836823 0.14096981)
(0.0068601026 -0.031291755 0.1974676)
(0.017931585 0.0086500792 0.15366399)
(0.0050437217 -0.021060385 0.20640711)
(0.017393541 -0.00043541396 0.14581197)
(0.0076774517 -0.032571691 0.19675797)
(0.017976567 0.0093292072 0.14884958)
(0.016847575 -0.012444249 0.0073986321)
(0.011491027 -0.007297103 0.0056125235)
(0.017144283 -0.011447743 0.0055968532)
(0.018561892 -0.0062361277 0.0059620551)
(0.013535374 -0.011170703 0.0060535488)
(0.014658213 -0.0080260026 0.0066412167)
(0.023405463 -0.014896557 0.0065613988)
(0.0037557992 -0.02021391 0.13198742)
(-0.031827503 -0.010303357 0.19189392)
(-0.021301987 -0.00844814 0.20168576)
(0.010745104 -0.018980795 0.14087813)
(-0.032777519 -0.010546666 0.19195894)
(0.0025828204 -0.019671191 0.13364245)
(0.011415019 -0.019562151 0.14004531)
(0.0094252131 -0.031450112 0.052813519)
(0.015652084 0.0084117874 0.0071537464)
(0.015512947 0.011446467 0.009463348)
(0.017715001 0.01366827 0.0078867611)
(0.011571251 -0.037892414 0.0600507)
(0.017880417 0.0088246338 0.0092949953)
(0.01964222 0.010896104 0.0068786058)
(-0.01383537 -0.024098418 0.045516508)
(0.021770066 -0.01869085 0.0032957144)
(0.02369178 -0.021228849 0.0017438077)
(0.024593743 -0.021874589 8.3950323e-05)
(-0.026451404 -0.019287447 0.050529949)
(0.024856974 -0.018699149 0.0036907342)
(0.02515603 -0.019659189 0.0014583106)
(0.016844908 -0.016660878 0.08338102)
(0.025089516 -0.0084218351 0.0075824317)
(0.028551183 -0.0085011907 0.012780383)
(0.028559029 -0.014143578 0.014851162)
(0.021898372 -0.010870682 0.1244009)
(0.027483299 -0.0070462124 0.009065918)
(0.027358549 -0.012713259 0.011070648)
(0.022556541 0.00010855412 0.047895494)
(-0.018380276 0.010769909 0.0021170978)
(-0.022619251 0.007029501 0.002509042)
(-0.02100705 0.012354045 0.0026665042)
(-0.019496462 0.010605592 0.003938352)
(-0.017883907 0.015645848 0.0025760446)
(0.026483111 0.00061882191 0.050463946)
(0.01553909 0.015345227 0.083144728)
(0.010438153 0.026056391 0.0011057833)
(0.014073849 0.028207124 0.0078470304)
(0.0099421502 0.029283961 0.0067389472)
(0.012945972 0.027495933 0.0056839274)
(0.0086377699 0.0288044 0.0045273037)
(0.009604 0.020626584 0.12293329)
(0.0021814122 0.013663567 0.14205851)
(0.031608583 0.0030648893 0.1964673)
(0.021054951 0.005328605 0.205658)
(-0.0079315728 0.013793072 0.15188288)
(0.032809066 0.0032104193 0.19562882)
(0.00093109644 0.013086332 0.1440073)
(-0.0062964235 0.015089996 0.15025512)
(0.0088590225 -0.021750818 -0.012524526)
(0.011976248 -0.021911012 -0.0070816016)
(0.0064980935 -0.019636697 -0.011322126)
(0.0025243284 -0.022567556 -0.0099693133)
(0.0093583627 -0.021288417 -0.009151881)
(0.010968468 -0.024737454 -0.011471666)
(0.0053407367 -0.020339965 -0.013936377)
(0.0013229492 -0.017194659 0.12409852)
(-0.032283671 -0.010612287 0.19071519)
(0.0096621446 -0.01843032 0.1373287)
(-0.022490746 -0.011423385 0.19853053)
(0.001303108 -0.018431989 0.13004858)
(-0.033522651 -0.0093919564 0.18890036)
(0.0089906785 -0.017855975 0.13143858)
(-0.020043173 0.021791724 0.051235601)
(-0.014856643 -0.015926314 0.0078478039)
(-0.010005708 -0.015430418 0.0055220905)
(-0.018263828 -0.017369986 0.008253184)
(-0.010705105 -0.017671162 0.0064908824)
(-0.018061886 0.031963609 0.05527097)
(-0.015221007 -0.018811773 0.0061688048)
(-0.01206166 -0.014720744 0.074729935)
(-0.00886697 -0.027523405 -0.0042985541)
(-0.0074270057 -0.028445545 0.0019611272)
(-0.01222565 -0.027636228 0.0054389545)
(-0.006285668 -0.029208631 -0.0016689039)
(-0.012295091 -0.028493827 0.00239672)
(-0.0065460864 -0.018656664 0.11445622)
(0.011979356 0.0044839427 0.040162602)
(-0.024680511 0.0031483218 0.0018025272)
(-0.022809689 0.0011374315 0.0014096891)
(-0.022843072 0.0083550852 0.0025015291)
(-0.023546802 0.0042557104 0.0014660581)
(-0.025766495 -0.0010118382 0.0020454882)
(0.024986238 0.0019441843 0.049289545)
(-0.012344484 0.019970636 0.042954687)
(-0.017635388 -0.015189828 0.0089934582)
(-0.017831584 -0.013029817 0.0096399021)
(-0.020142703 -0.016118379 0.0085758051)
(-0.02113608 -0.014906603 0.0085302164)
(-0.019604773 -0.014781432 0.0096708467)
(-0.016215077 0.03226712 0.054684333)
(-0.0093414768 0.0025850943 0.068187175)
(-0.019830135 0.0019660823 -0.0041345015)
(-0.021982822 0.0048013928 0.0045104677)
(-0.021535069 0.00087906149 0.0008159331)
(-0.021245616 0.0021514288 0.0022107023)
(-0.020449967 -0.0019157895 -0.0006583437)
(-0.01257594 -0.0010079367 0.10647549)
(-0.01466643 0.0038297791 -0.0050696984)
(-0.018137263 -0.0036484419 0.00081441999)
(-0.012063944 -0.00030488102 -0.002718135)
(-0.015907783 -0.0018993284 -0.0020746359)
(-0.013868195 0.00019431747 -0.002938911)
(-0.020163648 0.0021546991 0.0013837541)
(-0.012324248 0.0025081162 -0.0057481655)
(0.00056191382 0.012806501 0.14223941)
(0.031549117 0.0019803418 0.19660004)
(-0.0083354389 0.012592126 0.15238879)
(0.021463061 -0.0003266644 0.20562779)
(-0.0079912172 0.012112905 0.15058382)
(0.00069972433 0.012779949 0.14463699)
(0.032918344 0.0015791896 0.19568009)
(-0.020978112 -0.001967486 0.13622622)
(-0.011672184 0.031119796 0.19388051)
(-0.0099376745 0.020427343 0.20406591)
(-0.018747006 -0.010479471 0.14259049)
(-0.012526483 0.031796429 0.19460412)
(-0.019497038 -0.0018504562 0.1357513)
(-0.019628059 -0.010254224 0.14343547)
(-0.016688044 -0.0063948984 0.0058609116)
(-0.01852788 -0.0099224838 0.0087834461)
(-0.015364549 -0.0052168114 0.0063688128)
(-0.015304362 -0.0038446369 -0.00058726926)
(-0.016788841 -0.0076178547 0.0091332378)
(-0.018676576 -0.0097012016 0.0035649649)
(-0.014115174 -0.003319327 0.0032747121)
(-0.017391833 0.00058908373 0.13146009)
(-0.011411857 0.032191495 0.19217343)
(-0.012651672 0.022837931 0.20068185)
(-0.018611769 -0.00904985 0.14203585)
(-0.018077073 -0.0072020548 0.13906734)
(-0.010499606 0.03387582 0.19063867)
(-0.01846502 -0.00055865135 0.13482277)
(0.025478461 0.020897066 0.16221327)
(0.020959617 0.014529626 0.16373814)
(0.013827632 -0.0095829238 0.2146094)
(0.0099946042 0.0049588945 0.22207384)
(0.023612089 0.012697892 0.16143466)
(0.022416438 0.022853453 0.16550319)
(0.015560253 0.0026059496 0.22153198)
(0.034595593 0.0010118214 0.0045602298)
(0.032698336 -0.011271579 0.015269184)
(0.034217048 -0.0051837072 0.0075186924)
(0.046783724 -0.012927462 0.010975107)
(0.030514939 -0.0021167359 0.0051555838)
(0.04338061 -0.0058639566 0.012306089)
(0.038658455 -0.0028153652 0.00691789)
(0.017900505 0.02686176 0.15369994)
(0.018431999 0.017445809 0.15835783)
(0.0037301368 -0.0086611348 0.2140432)
(0.0061642691 0.0054938713 0.22133802)
(0.0033555708 0.0038180034 0.21993605)
(0.017622767 0.018429009 0.15314356)
(0.019225248 0.025728751 0.16003256)
(0.028149202 0.020543156 -0.0030906311)
(0.01847425 0.025289787 -0.00044572197)
(0.027028265 0.016194587 -0.0066061956)
(0.037243031 0.027461071 -0.00044954226)
(0.023664726 0.018448085 -0.0047825508)
(0.02911536 0.028516632 -0.0017472935)
(0.031679629 0.017952318 -0.0041402848)
(0.026467761 -0.018993268 0.14402529)
(-0.0089935394 -0.007419169 0.20932721)
(0.018525571 -0.01884182 0.14473183)
(0.0042861343 -0.0097597147 0.21562869)
(0.019094814 -0.018979526 0.14399181)
(0.0033959072 -0.0071463786 0.21567621)
(0.025985961 -0.019173126 0.14544629)
(0.024504517 -0.021208253 0.018349766)
(0.031131414 -0.015520237 0.017546322)
(0.027092349 -0.016187876 0.020262506)
(0.0300653 -0.025437373 0.0074864202)
(0.025544578 -0.016107798 0.019476514)
(0.028542928 -0.027230389 0.0049856859)
(0.025301479 -0.020520656 0.018582757)
(0.07530381 0.1562053 0.20568469)
(0.049387629 0.044507694 0.060944838)
(0.06013518 0.0025622351 0.008263724)
(0.056102428 0.073868623 0.09639613)
(0.052880194 0.026860819 0.040957851)
(0.038215145 0.191199 0.22901862)
(0.065633558 0.048975576 0.073667601)
(0.17222558 0.010513547 0.20218051)
(0.034457233 -0.029344663 0.026100665)
(0.0092459622 -0.031082599 -0.015189603)
(0.059681722 -0.028708355 0.054490614)
(0.035693037 -0.029274272 0.022945406)
(0.18213949 -0.018003934 0.20188825)
(0.058395134 -0.025654365 0.050173409)
(-0.004047538 0.040283663 0.11167448)
(0.015300203 0.02903992 0.0089140746)
(0.011150915 0.029880133 0.00791788)
(0.015261938 0.028144002 -0.0011965333)
(0.012553256 0.030766337 0.0066968557)
(0.0051370166 0.025871581 0.1274396)
(0.0172306 0.030032573 0.0074711396)
(-0.021740355 0.17435822 0.20687673)
(0.04446116 0.053672904 0.064198952)
(0.054823264 0.026902681 0.0042971599)
(0.045426735 0.086860104 0.10491521)
(0.036311886 0.081276645 0.080638757)
(0.040103614 0.051987254 0.045925954)
(0.019438152 0.19421136 0.23078293)
(-0.16190066 0.066710797 0.21472954)
(-0.042769751 0.028446378 0.054684252)
(0.0043675892 0.037900081 -0.0027605607)
(-0.076826078 0.031761805 0.10082422)
(-0.027241545 0.034096662 0.041392767)
(-0.19293728 0.022178538 0.22924489)
(-0.054803568 0.04547209 0.082202271)
(-0.02309244 0.018846705 0.1563877)
(0.0089431412 0.0070053926 0.21361526)
(-0.0167203 0.014831063 0.15687261)
(-0.0048367514 0.0047318533 0.22049807)
(-0.024899319 0.016120369 0.15888075)
(-0.01497422 0.016991719 0.15524477)
(-0.0032048316 0.008353634 0.2196898)
(0.016198416 0.020593994 -0.014282545)
(0.015067396 0.023952401 -0.0014981365)
(0.021995468 0.016042793 -0.013394877)
(0.031103535 0.037814998 -0.020163257)
(0.016531132 0.015533315 -0.0093356115)
(0.011288537 0.033368948 -0.0023861103)
(0.020755829 0.022915056 -0.017071549)
(0.024300404 -0.019794574 0.13545073)
(0.017794165 -0.019006638 0.1414739)
(-0.010754759 -0.013037657 0.20604846)
(0.0033977138 -0.011776741 0.21350323)
(0.0011045868 -0.014084741 0.21196949)
(0.016930782 -0.018924805 0.13543939)
(0.025328932 -0.019753742 0.14233098)
(-0.0034912272 -0.021713326 -0.0084087826)
(-0.012172661 -0.014598257 -0.0080681151)
(-0.018209241 -0.019344365 -0.017461307)
(-0.0062568662 -0.018001358 -0.0048768032)
(-0.0049654624 -0.02276766 -0.0071825113)
(-0.0066936855 -0.019639296 -0.0074763831)
(-0.004358832 -0.02035957 -0.005524679)
(0.0073556496 -0.036794737 0.10726679)
(-0.0078156815 -0.027458442 0.0038363769)
(-0.01177983 -0.026378571 0.0061395083)
(-0.01105692 -0.02246738 -0.0068507266)
(-0.012116644 -0.024760812 0.0033561716)
(-0.0026104494 -0.023032101 0.11946007)
(-0.0080761398 -0.02625743 0.0024942078)
(0.15565395 -0.061219569 0.19966389)
(0.029433287 -0.030746824 0.025752416)
(0.055124821 -0.034299075 0.057049506)
(-0.0096976065 -0.031729461 -0.019120362)
(0.040993943 -0.03976704 0.050759286)
(0.18024495 -0.029729219 0.20278814)
(0.018053528 -0.030406818 0.016726664)
(0.024043179 -0.17390702 0.21065441)
(-0.018596047 -0.027262518 0.02041116)
(-0.016584104 -0.058290994 0.057004364)
(-0.032247171 0.0082560234 -0.038426384)
(-0.0068763178 -0.18555977 0.20905508)
(-0.017046079 -0.022179714 0.010176049)
(-0.010700881 -0.051271725 0.044938902)
(-0.02975866 -0.01306673 0.10134555)
(-0.023138838 0.008366927 0.0046408319)
(-0.022719857 0.0043525548 0.00097666995)
(-0.021262848 0.015193634 -0.012652428)
(-0.01676028 -0.0046396203 0.11186521)
(-0.024033613 0.013493772 0.0004218166)
(-0.023682497 0.0085790725 -0.001996766)
(-0.17245636 -0.032807867 0.21348143)
(-0.043858734 0.021823638 0.04376361)
(-0.077463622 0.0170909 0.087501223)
(-0.0078241519 0.025342217 -0.020854059)
(-0.19327072 0.0041302198 0.22402251)
(-0.038405429 0.021094233 0.030757062)
(-0.067242346 0.011188156 0.067158597)
(-0.049634328 -0.15376097 0.18743126)
(-0.021788663 -0.025070317 0.022740191)
(-0.02463417 -0.055229682 0.060554407)
(-0.035576249 0.015867106 -0.026854338)
(-0.021357857 -0.18468605 0.21274752)
(-0.025481019 -0.011494017 0.005028521)
(-0.03490222 -0.035804799 0.042355496)
(-0.010112809 0.024061178 -0.018772393)
(-0.017202602 0.021961285 -0.015546749)
(-0.018356232 0.02560534 -0.019124545)
(-0.016106789 0.022189061 -0.023006851)
(-0.014506964 0.02923576 -0.020369345)
(-0.012012973 0.022358079 -0.019162638)
(-0.013233456 0.022549992 -0.021094746)
(-0.017520264 -0.026872754 0.14724556)
(-0.0088187081 0.0081797453 0.21135954)
(-0.018200733 -0.01894705 0.14654199)
(-0.009961079 -0.0048252249 0.21604552)
(-0.01792844 -0.026739138 0.1475077)
(-0.018360134 -0.018968808 0.14719481)
(-0.008247261 -0.0039577114 0.21673876)
(-0.01774449 0.0021954908 -0.00932376)
(-0.014740982 -0.010252788 -0.0092956215)
(-0.02987345 0.0035204365 -0.031945478)
(-0.014488684 -0.0024546193 -0.0007304271)
(-0.017496317 -0.0039221322 -0.027697081)
(-0.014908073 -0.0042177499 -0.0039482663)
(-0.018898344 0.0035264922 -0.0075815737)
(-0.018229609 0.011580144 -0.0074059022)
(-0.018526765 0.019427601 -0.013901931)
(-0.029706594 0.018997506 -0.017908252)
(-0.020833419 0.019664403 -0.010148816)
(-0.023629317 0.013244998 -0.015606388)
(-0.016832456 0.016535395 -0.0075422259)
(-0.023126642 0.014808425 -0.0075880141)
(0.031641911 0.015380902 0.044065078)
(0.0044842126 0.011624499 0.0073374189)
(0.013226753 0.000525989 0.0070828942)
(0.0065494438 0.00099044381 0.036840693)
(0.01398517 0.0099837815 0.0083014096)
(0.012217249 0.020695662 0.039627886)
(0.027711871 -0.0032113038 0.039720867)
(-0.0272629 0.029026307 0.043434867)
(-0.0055813689 0.0128168 0.0074645859)
(-0.017531676 0.0045078151 0.0071604604)
(-0.015053207 0.0065444236 0.036642443)
(-0.035699955 0.011194365 0.039558814)
(-0.01503739 0.013520199 0.0084094883)
(-0.0074353703 0.025623808 0.039798111)
(0.02427041 -0.038418 0.044631617)
(0.012921286 -0.0087190833 0.0067681205)
(0.0026609246 -0.015822591 0.0068874946)
(0.0042160553 -0.016489939 0.035738963)
(0.0038254173 -0.033542825 0.039233719)
(0.012426011 -0.017009673 0.0080564593)
(0.025930163 -0.02108383 0.039070568)
(-0.033952161 -0.025956419 -0.04111974)
(-0.023161648 -0.020257775 -0.028300101)
(-0.039572031 -0.0017428222 -0.04458044)
(-0.0070930825 -0.015968583 -0.0028776997)
(-0.00080246979 -0.04006488 0.022294923)
(-0.011241511 -0.023898394 -0.019419416)
(-0.026884568 -0.013931873 -0.027019954)
(-0.041514512 0.025977344 -0.02378904)
(-0.02136425 0.025021434 -0.01821467)
(-0.032149563 0.024395771 -0.020720811)
(-0.038044038 0.022529478 -0.018560266)
(-0.039403373 0.011597984 0.018325056)
(-0.034970945 0.024339748 -0.016241084)
(-0.045039412 0.02301847 -0.02046495)
(0.015667942 -0.062615872 0.10817988)
(0.016684611 -0.0090013532 0.053167661)
(0.017760128 -0.035874636 0.095748387)
(0.01045042 -0.080893611 0.12672637)
(0.016289162 -0.0066024258 0.051035976)
(0.011382718 -0.06496516 0.10524452)
(0.014579496 -0.076084686 0.1270545)
(-0.047604817 -0.0053915211 0.048959643)
(0.0024131748 -0.020036295 0.017720884)
(-0.020372283 -0.012608375 0.030698953)
(-0.056428645 -0.0043075549 0.044194127)
(0.003060446 -0.020264735 0.01435769)
(-0.052378624 -0.0096962717 0.051571921)
(-0.059373917 0.0024250962 0.047720296)
(0.039216111 0.0010841601 0.030634646)
(0.034517837 0.0054902194 0.035181471)
(0.041706544 0.0017673709 0.026348954)
(0.037131981 0.0068823948 0.030947727)
(0.038274994 0.007531427 0.027868542)
(-0.0045502674 0.043393557 0.032198726)
(-0.003273122 0.04278196 0.037616879)
(-0.0014779926 0.043852561 0.026673313)
(0.00083283529 0.042640448 0.032706532)
(0.0040465032 0.041076513 0.028182161)
(0.026875722 -0.0064529996 0.19560355)
(0.030138784 -0.017383727 0.081865557)
(-0.00072097615 -0.0067771851 0.21014638)
(0.031954999 -0.010788546 0.1331626)
(0.033069182 -0.017388022 0.080640294)
(0.01503729 -0.0097495536 0.19710065)
(0.016860284 0.00041189108 0.22180137)
(0.0032073327 -0.0079825344 0.21726609)
(0.0039272476 0.0020900603 0.16063363)
(0.0014547964 0.021014825 0.20561216)
(-0.001430946 0.00096656911 0.22016894)
(-0.0033786334 0.014545443 0.16889063)
(0.0069586421 0.091711431 0.22008083)
(0.0014477668 0.11182876 0.23299064)
(0.0051452485 0.085006184 0.17305063)
(-0.0036935223 0.090872646 0.21806099)
(-0.0010188634 0.08228641 0.16065964)
(-0.01323552 -0.014258529 0.2077247)
(-0.0016183417 -0.0046375203 0.15839337)
(0.012307375 -0.022929817 0.19132587)
(-0.0038428704 -0.019689337 0.21309678)
(0.010771263 -0.011025116 0.16502088)
(0.087108715 -0.015887165 0.20974154)
(0.08457727 -0.0098085495 0.16446246)
(0.10656358 -0.026720753 0.22205837)
(0.085332306 -0.022504068 0.20906652)
(0.082386931 -0.015002897 0.15483121)
(-0.010630861 0.027301972 0.00052640798)
(-0.0097787241 0.02785558 -0.017162135)
(-0.032527568 0.01349234 0.062858801)
(-0.047177548 0.019958382 0.088479191)
(-0.055361426 -0.0011874847 0.16899485)
(-0.012544646 0.027271083 -0.0090869575)
(-0.0078860157 0.027846475 -0.015105127)
(-0.016310933 -0.00059104873 -0.010802184)
(-0.018879844 0.0059962989 -0.016260623)
(-0.018188336 -0.012154893 0.03918973)
(-0.014085402 -0.027866341 0.051414191)
(-0.022171542 -0.046437989 0.14682518)
(-0.018196631 0.0027555232 -0.012726241)
(-0.017538976 0.0031892428 -0.016703843)
(-0.12059412 -0.080561524 0.22594894)
(-0.066000861 -0.015685573 0.088480958)
(-0.17620556 -0.083471575 0.20602439)
(-0.11650393 -0.1530267 0.20916387)
(-0.12559958 -0.1128113 0.15436559)
(-0.10258597 -0.034945841 0.1620412)
(-0.089618872 -0.063034246 0.16863759)
(0.013746963 -0.0091012078 0.0090886761)
(0.014945889 -0.0081126009 0.0072421707)
(0.017869787 -0.0063455939 0.015390582)
(0.018290196 -0.014392781 0.012551437)
(0.014074193 -0.0056869454 0.0078444896)
(0.015218766 -0.011250878 0.007089523)
(-0.0033313179 -0.023693558 0.0281917)
(-0.0047281785 0.0057655528 0.0093999197)
(-0.0047075021 0.0055869007 0.0075739159)
(0.0023814095 0.0088644437 0.015129644)
(-0.0070503169 0.0060073566 0.012566219)
(-0.0015137395 0.006880194 0.0093930346)
(-0.0082196603 0.0044148845 0.0068293609)
(0.011008637 -0.0089615319 0.026579437)
(-0.0002099256 -0.016933487 0.0055918477)
(0.0037223437 -0.017627145 0.0013280486)
(0.0067234394 -0.021006384 0.0082472947)
(-0.0036771182 -0.014820359 0.010668842)
(0.0050614039 -0.018416841 0.0028197836)
(-0.00065240688 -0.015986523 0.0035923928)
(-0.017965329 0.00010544092 0.025764459)
(-0.022868333 -0.0087280192 0.0064011631)
(-0.020951416 -0.0091166464 0.0061806513)
(-0.024161842 -0.010620433 0.0056926682)
(-0.021703902 -0.011859357 0.0087841914)
(-0.0089435778 0.0027301024 0.019309562)
(-0.023362781 -0.0083115971 0.0051773634)
(-0.020024117 -0.0096274116 0.0072077341)
(0.024927281 0.0075056669 0.0028124426)
(0.022919673 0.005647768 0.001931794)
(0.022795796 0.0041115306 0.02787821)
(0.025209615 0.00044457253 0.02939415)
(0.023355785 0.0082730258 0.0022847102)
(0.024413412 0.0049464391 0.0019668134)
(0.016494402 -0.024655166 0.11867547)
(0.021549343 0.019584158 0.0048407502)
(0.017025583 0.01869635 0.0056374958)
(0.020004586 0.014560852 0.03035334)
(0.020541758 0.019850661 0.035139877)
(0.018686009 0.018133058 0.0055031642)
(0.019301843 0.020433074 0.0043174681)
(0.020772894 -0.011737541 0.1152437)
(0.02339679 -0.022379243 0.0033306432)
(0.022619503 -0.019044109 0.0062163489)
(0.019685824 -0.023536466 0.022650948)
(0.022445746 -0.022504667 0.031886005)
(0.022798616 -0.020944499 0.0035344852)
(0.023746947 -0.020503989 0.0060310273)
(-0.0081353754 -0.023208449 0.10778506)
(0.00011677586 -0.054707248 0.054596901)
(0.011850167 -0.0085291448 0.026097154)
(0.0061242032 -0.029156154 0.036931546)
(0.00016443316 -0.059032287 0.04684474)
(0.013096953 -0.008853973 0.023811869)
(0.0040609104 -0.057640737 0.055806674)
(-0.0058769701 -0.0625651 0.050414048)
(-0.044499322 -0.021590775 0.050449353)
(0.0041726784 -0.020090131 0.018806865)
(-0.015159871 -0.020393639 0.032457453)
(-0.055476636 -0.010586164 0.044469062)
(0.0079222023 -0.019900042 0.01724773)
(-0.051070162 -0.015273108 0.052066747)
(-0.055659078 -0.019618992 0.048040327)
(-0.057092504 -0.019594633 0.10125251)
(0.00045790998 -0.020212061 0.040338598)
(-0.028452682 -0.022304541 0.085948598)
(-0.078097951 -0.013631926 0.12214126)
(0.002346699 -0.020066844 0.0397581)
(-0.059941439 -0.015136383 0.098205525)
(-0.073049975 -0.017865941 0.1225051)
(-0.00059117319 -0.048476059 0.033739283)
(-0.0027361935 -0.049278695 0.041980406)
(-0.0020447239 -0.046874901 0.02940012)
(-0.0068162183 -0.048317179 0.035235915)
(-0.0071576278 -0.043746543 0.030885376)
(-0.04454423 -0.010707472 0.033197883)
(-0.041198531 -0.020415941 0.039521926)
(-0.044321403 -0.0085866192 0.02749323)
(-0.042711221 -0.017300796 0.03438412)
(-0.040731852 -0.014479561 0.029691192)
(0.011317901 -0.022437261 0.17505867)
(0.025337651 -0.0025170341 0.080057673)
(0.021636367 -0.010999124 0.12361392)
(0.0076502774 -0.018446983 0.20598391)
(0.025310813 -0.0047223897 0.069874401)
(0.015076679 -0.015644106 0.19083568)
(0.0030532978 -0.025987579 0.19537416)
(0.00037990204 -0.017828591 0.17079935)
(0.026826123 -0.018082541 0.07659721)
(0.013987587 -0.017165412 0.1152202)
(-0.0076449021 -0.01439613 0.20984362)
(0.024659264 -0.018378622 0.067284739)
(0.0053259773 -0.013767067 0.18729442)
(-0.014047236 -0.018086351 0.19527146)
(0.0064536238 -0.072841429 0.14496224)
(0.0073288474 -0.061242368 0.12788744)
(0.0017581614 -0.055048083 0.091059558)
(0.0026855419 -0.071755323 0.14784584)
(-0.0011896243 -0.057287491 0.095850379)
(0.011660233 -0.02308706 0.20622206)
(0.013092769 -0.023139821 0.18442207)
(4.1667964e-05 -0.012565685 0.15585159)
(0.0082547076 -0.031121977 0.197854)
(-0.0052847167 -0.026125834 0.16424121)
(-0.0696508 -0.013767996 0.13991201)
(-0.055512221 -0.017469053 0.12121066)
(-0.053478727 -0.0064486554 0.088679238)
(-0.066271876 -0.01805992 0.14196801)
(-0.056750217 -0.01026813 0.094384037)
(-0.016385671 -0.010876678 0.20848208)
(-0.0072056151 -0.015874877 0.18040233)
(-0.0093610147 -0.012478276 0.16063214)
(-0.022219329 -0.015310643 0.19969126)
(-0.020817753 -0.018667913 0.16642405)
(0.0063519056 -0.04733043 0.034117256)
(0.013782788 -0.046282973 0.041050161)
(0.0053584818 -0.046091055 0.027837516)
(0.0116111 -0.042787704 0.029737735)
(0.01225401 -0.045585477 0.035080953)
(0.040146364 -0.0057356669 0.031141678)
(0.039593699 -0.011074084 0.037766303)
(0.042499191 -0.0054816229 0.026604348)
(0.040362495 -0.011804932 0.032865817)
(0.04003461 -0.011226517 0.028964748)
(0.044103886 -0.010016867 0.048805266)
(-0.0088102477 -0.00085264766 0.0157392)
(0.013558978 -0.0053459211 0.030224612)
(0.052012604 -0.0058907881 0.043332042)
(-0.0081311997 0.00070775682 0.014983705)
(0.054812429 -0.013031473 0.047059393)
(0.04781128 -0.0053156806 0.049727274)
(0.060373834 -0.0017031163 0.10405733)
(0.0047288493 0.011507178 0.046688953)
(0.034814579 0.0066624042 0.090791068)
(0.07805926 -0.0037380307 0.12231521)
(0.0064323847 0.01362266 0.046389226)
(0.0746361 -0.0066106391 0.12452576)
(0.060243506 0.00022190817 0.099794759)
(0.010644804 -0.072586457 0.14486418)
(0.013761984 -0.058735904 0.12738237)
(0.0054231095 -0.054699026 0.091104543)
(0.0080265137 -0.056588862 0.095364689)
(0.015549247 -0.069961528 0.14809762)
(0.0078777498 -0.017661787 0.20996066)
(0.013196125 -0.0096479687 0.1842181)
(0.0098806063 -0.0094103795 0.16058312)
(0.012204112 -0.024058212 0.2022473)
(0.016248965 -0.021490404 0.16782449)
(0.013928705 -0.0024939141 0.17168448)
(0.015728627 0.02503568 0.076760046)
(0.014249292 0.011669563 0.11853024)
(0.0096408515 -0.0092229258 0.20958105)
(0.016027967 0.02306913 0.067615447)
(0.013868874 -0.015593397 0.19599489)
(0.0096744508 0.0029614612 0.18861721)
(0.020021773 0.0085583731 0.17641559)
(0.0028178203 0.025068132 0.081783526)
(0.0089332545 0.019628461 0.12205474)
(0.017067592 0.0050775229 0.20939947)
(0.0043374287 0.025204996 0.069847087)
(0.023877957 0.00043753577 0.19656798)
(0.014218154 0.011931722 0.19329844)
(0.070823038 -0.00073231755 0.14251471)
(0.058430902 0.00061445437 0.12402296)
(0.05344192 -0.0033656334 0.08923737)
(0.056370582 -0.0060376781 0.09500099)
(0.069194183 -0.0041909421 0.14496005)
(0.02115173 0.008930317 0.20688965)
(0.019557908 0.010384899 0.18382835)
(0.012649193 -0.0019906853 0.1617231)
(0.025017629 -0.0074839664 0.1704353)
(0.030253846 0.0041533657 0.20008761)
(-0.0069039621 0.026338307 0.0026838153)
(-0.0049014959 0.023956739 0.001090068)
(-0.0060029831 0.021728614 0.025743477)
(0.0003161814 0.026040249 0.028989034)
(0.022495296 0.011040547 0.11725544)
(-0.0085575205 0.023962868 0.0015335501)
(-0.0034787777 0.025918341 0.0009477029)
(0.012948136 -0.022857945 -0.011402654)
(0.011647666 -0.023416924 -0.0129909)
(0.013548992 -0.021497539 0.011529614)
(0.0053185254 -0.023173588 0.014306325)
(0.015122328 -0.023117383 -0.01178612)
(0.0096394941 -0.023412194 -0.01266109)
(-0.017112256 -0.013385978 0.10119211)
(-0.045429612 -0.003695344 0.033236252)
(-0.045089818 -0.0023870827 0.038906015)
(-0.044726476 -0.00088731344 0.027264512)
(-0.042580201 0.0050206666 0.029056075)
(-0.045615478 0.0022664182 0.034247521)
(-0.011391296 0.043380424 0.032387084)
(-0.019455127 0.040934485 0.039501358)
(-0.0089276221 0.044132971 0.027661039)
(-0.017530786 0.04189749 0.034041826)
(-0.014329437 0.040312463 0.029519311)
(-0.019616552 0.046953076 0.051315812)
(-0.016033 0.00060551953 0.022312173)
(-0.017299786 0.018107677 0.033839782)
(-0.010683543 0.05499691 0.044521643)
(-0.014722474 -0.0020508341 0.020546278)
(-0.018982287 0.056126633 0.048197918)
(-0.014197467 0.052238233 0.05275572)
(-0.070313534 -0.0092839249 0.13984578)
(-0.054088623 -0.0029283741 0.089489625)
(-0.057011386 -0.0094549707 0.11905683)
(-0.056661085 -0.0002725546 0.093487438)
(-0.067881713 -0.0045222633 0.14023619)
(-0.021234753 -0.0090524928 0.1988119)
(-0.01844578 -0.010165004 0.17166444)
(-0.011678746 0.0010420717 0.15304061)
(-0.02761176 -0.0054099953 0.18964697)
(-0.023042787 0.0065025327 0.15659482)
(-0.014390504 0.0051184166 0.17551131)
(-0.014490857 -0.024417558 0.078944702)
(-0.01344783 -0.0099644861 0.12230709)
(-0.0084666022 0.010327583 0.20613423)
(-0.015353343 -0.02236362 0.069714843)
(-0.013529059 0.017455943 0.19721579)
(-0.0097977104 -0.00079221624 0.19382286)
(-0.015081015 0.070255785 0.14143146)
(-0.0073916064 0.054062067 0.08892282)
(-0.018465968 0.05818679 0.12594793)
(-0.01079627 0.05698104 0.095290298)
(-0.019239724 0.068362333 0.14511745)
(-0.0071640518 0.017847165 0.21310375)
(-0.011848066 0.010749964 0.18722513)
(-0.0091648103 0.0095875232 0.15840867)
(-0.013883833 0.021638608 0.16509893)
(-0.011658215 0.024094097 0.20504007)
(0.057569001 0.0056891004 0.10186856)
(0.0026545591 0.0091427462 0.045351503)
(0.078153622 0.002353335 0.12275169)
(0.030163922 0.0088880568 0.088223299)
(0.00082895674 0.0080522768 0.043689921)
(0.059544259 0.0022527485 0.098952495)
(0.072958914 0.0065494421 0.12281728)
(-0.0051961374 0.04726529 0.049253734)
(-0.01678427 0.00068844338 0.02077794)
(-0.011952967 0.019104924 0.030669059)
(-0.0044717041 0.05530371 0.043760424)
(-0.017523524 -0.0013294834 0.017074032)
(0.0014540528 0.057491275 0.046757125)
(-0.0091799085 0.052560596 0.051869869)
(-0.010585728 0.061304767 0.10441207)
(-0.021840362 0.0070998888 0.049007076)
(-0.0088946421 0.079432961 0.12373592)
(-0.016173236 0.032733817 0.087474006)
(-0.021562589 0.0061441293 0.046785717)
(-0.012876561 0.063802431 0.10212292)
(-0.0046726189 0.074952138 0.12325414)
(0.07051898 0.0030708444 0.14199335)
(0.053731102 0.00084765887 0.089212098)
(0.056177952 0.0058686231 0.12229402)
(0.056482721 0.0041828827 0.094637184)
(0.067722933 0.0067313939 0.14376895)
(0.020546336 0.00051050836 0.20603912)
(0.014077019 0.0030397392 0.17962221)
(0.011482659 0.0051287732 0.15497439)
(0.023779494 0.0096024804 0.16229027)
(0.026898182 0.0046548888 0.19714863)
(-0.010235693 0.070262302 0.1403028)
(-0.0038328844 0.05405194 0.088952813)
(-0.010589965 0.057970752 0.12166121)
(-0.00077598683 0.05696842 0.093857828)
(-0.0059553147 0.068596757 0.14171165)
(-0.0071631646 0.020684656 0.19774)
(-0.0075107018 0.01725197 0.17110927)
(0.0010651836 0.011706771 0.14967341)
(0.0071643652 0.0236778 0.15744512)
(-0.0040281753 0.027090134 0.18792914)
(0.0079063685 0.005419445 0.16569167)
(-0.019260821 0.0042517883 0.071905123)
(-0.0065321139 0.0016967948 0.11136082)
(0.013312207 0.0030039052 0.20347615)
(-0.016842844 0.0040230138 0.062718849)
(0.019892746 0.0071637801 0.19061678)
(0.0025222587 0.0011831219 0.18299279)
(-0.0047111998 0.013036399 0.15974939)
(-0.015064303 -0.0054514462 0.064173283)
(-0.013810219 0.0017796675 0.10603733)
(-0.0028032029 0.015768898 0.20066126)
(-0.015627507 -0.0047245411 0.054845649)
(0.001354875 0.02113835 0.18549577)
(-0.00723249 0.0079298712 0.17658119)
(-0.01926218 0.015855441 0.0042717508)
(-0.019211127 0.009567811 0.0013274227)
(-0.01688919 0.011626168 0.023562366)
(-0.016864214 0.0086932787 0.03166929)
(-0.019458234 0.012604237 0.0022817512)
(0.011615231 0.009944301 0.10854784)
(-0.019790363 0.012434739 0.002264663)
(-0.021074155 -0.020073052 0.0048534751)
(-0.018819929 -0.021421722 0.0043469163)
(-0.024057324 -0.014724881 0.030898257)
(-0.021623751 -0.020288831 0.036140887)
(-0.023792274 0.014563543 0.12034631)
(-0.020566693 -0.019689354 0.0054602756)
(-0.019729392 -0.021734626 0.003411495)
(-0.017937148 -0.010878984 0.0010501402)
(-0.01782054 -0.0096585783 0.0023812202)
(-0.01905976 -0.010399388 0.021610069)
(-0.01667709 -0.0081700734 0.020763545)
(-0.01891533 -0.01166942 0.0036113978)
(-0.013250749 0.017013862 0.10420519)
(-0.017014991 -0.0090106086 -0.00071857306)
(0.03613125 0.0058718523 0.012947758)
(0.038030282 0.0021576136 0.0096161535)
(0.033440719 0.0076174451 0.054282631)
(0.035685712 0.028748659 0.076509021)
(0.034813643 0.0023502981 0.0097712214)
(0.039501097 0.0056713348 0.011235389)
(0.033817105 0.045559535 0.16633643)
(0.030625778 0.019232769 0.0078683612)
(0.029805631 0.02414859 0.001299671)
(0.023468245 0.036715157 0.061026132)
(0.026454554 0.048352109 0.082893423)
(0.0092519093 0.056569364 0.16634254)
(0.02872304 0.022387453 0.0030312065)
(0.031967181 0.023260486 0.003539488)
(0.018107081 -0.028084246 0.0047904194)
(0.024329248 -0.026832428 0.0064037514)
(0.037201702 -0.024502853 0.058960709)
(0.045510111 -0.028859813 0.078058318)
(0.023415613 -0.026690385 0.0072202646)
(0.02167006 -0.028047969 0.0016681034)
(0.056546642 -0.012043833 0.162755)
(0.016709809 -0.013879257 0.21645335)
(0.0069833224 -0.0018665481 0.1591442)
(0.027878413 0.010793421 0.20202904)
(0.013564779 0.010294263 0.16621188)
(0.023097169 -0.003932467 0.22195944)
(0.016558653 0.091296692 0.22136687)
(0.032994421 0.11000209 0.23625318)
(0.01064223 0.084753411 0.17401447)
(0.027676315 0.089199837 0.21970102)
(0.01669461 0.083123191 0.16394055)
(-0.0071654953 -0.006206376 0.21567624)
(0.0027452929 -0.0055439877 0.16232624)
(0.023067541 -0.0037877441 0.20406967)
(0.015550748 0.0018025238 0.16346773)
(0.0033802203 -0.0017413645 0.21606298)
(0.088569591 -0.010644704 0.21093732)
(0.10976294 -0.0076317543 0.22397558)
(0.085052327 -0.0074323189 0.16775452)
(0.088343808 -0.0035051135 0.20968908)
(0.083137066 -0.0030321426 0.15711171)
(0.060238068 0.20526802 0.19895315)
(0.048710683 0.20901678 0.21978102)
(0.023266368 0.15686753 0.134613)
(0.071841696 0.20715629 0.20282579)
(0.07395239 0.20273922 0.21986997)
(0.045377169 0.16159894 0.13283336)
(0.034803491 0.19868055 0.18641725)
(0.21443808 0.0060474678 0.19121043)
(0.20407216 -0.019950446 0.18914803)
(0.16844221 -0.0073613583 0.13735751)
(0.22344797 0.0049842695 0.19692522)
(0.20791154 -0.0036645008 0.1965825)
(0.17830611 0.0065023273 0.13862809)
(0.20134349 -0.010764862 0.17389514)
(0.1143083 -0.0061020534 0.086411135)
(0.091568853 -0.0020628106 0.060979198)
(0.17946881 0.010402503 0.14186339)
(0.099058618 0.0071906205 0.067072252)
(0.12550364 0.0076617969 0.095614009)
(0.012762653 0.014727336 0.21864519)
(0.0018617425 0.0042326477 0.16846379)
(-0.0130129 0.025980454 0.20254996)
(-0.011136407 0.011923702 0.17294457)
(0.0019624879 0.021464133 0.22163021)
(-0.091677019 0.0099040922 0.21769195)
(-0.11118231 0.025042923 0.23603942)
(-0.084788782 0.0054292432 0.17344287)
(-0.083703983 0.011243723 0.16374136)
(-0.089943371 0.020922972 0.21862853)
(-0.014316539 0.20964208 0.2008917)
(0.023956564 0.21300169 0.22411702)
(0.0068527413 0.15651096 0.13450951)
(-0.014002606 0.21552518 0.20903733)
(-0.0031292201 0.21588743 0.23030651)
(0.011433073 0.19910498 0.18561336)
(-0.013558841 0.16560956 0.13499546)
(0.0044908346 0.098621883 0.076935216)
(0.0017280806 0.081655579 0.054498074)
(-0.017586363 0.16156942 0.13539574)
(-0.010473368 0.088302387 0.059824681)
(-0.012440528 0.10876097 0.085208521)
(-0.14846446 0.027213388 0.2375261)
(-0.10046066 0.01896712 0.17388233)
(-0.11026364 0.026453973 0.21141699)
(-0.12120763 0.010905321 0.21537642)
(-0.09333431 0.025978131 0.16930976)
(-0.1302207 0.024261409 0.2283288)
(-0.15137174 0.015110769 0.23907129)
(-0.00098223443 0.026176035 0.00038905332)
(0.0065921015 0.027227523 -0.0105255)
(-0.0078538159 0.030299214 0.049504618)
(-0.030569526 0.02872083 0.083653523)
(0.0028579052 0.026314316 -0.0039468897)
(-0.046055267 0.03152669 0.17459283)
(0.0034166191 0.027569268 -0.0095480316)
(0.0039076516 -0.025296069 -0.0025405215)
(0.00024391412 -0.024930148 -0.0069293046)
(0.0090908299 -0.023697715 0.040411539)
(0.026929581 -0.023495436 0.064588949)
(0.045015938 -0.026256533 0.1567207)
(0.00057805882 -0.024869308 -0.005561447)
(0.0031549697 -0.02620947 -0.005272259)
(0.008626285 -0.020605353 0.18302634)
(0.0026734108 -0.021789943 0.069381361)
(-0.0093091625 -0.011033121 0.20496228)
(0.010907389 -0.025490445 0.11706741)
(0.0039017102 -0.02274008 0.067406153)
(0.0059026865 -0.020053307 0.21748088)
(-0.0018278846 -0.015069027 0.1865868)
(-0.0025714593 0.0098968294 0.22106019)
(-0.0033237258 -0.001983321 0.16491085)
(0.00041805747 -0.020574662 0.20992376)
(0.0041822864 -0.014384441 0.17180506)
(0.0030035218 0.00042025809 0.22383272)
(-0.0085632781 -0.089883627 0.21109428)
(-0.0057799364 -0.0834388 0.16911322)
(-0.0027751288 -0.11047414 0.22519928)
(-0.0022547035 -0.082565175 0.1598153)
(-0.00019965552 -0.089829968 0.21180147)
(0.21013087 -0.051677091 0.19457339)
(0.20353622 -0.038875877 0.19364628)
(0.16830289 -0.021020749 0.13801076)
(0.21589013 -0.062562388 0.19872315)
(0.20263212 -0.059556864 0.20378263)
(0.20194869 -0.029398393 0.17815769)
(0.17154892 -0.041529064 0.13599256)
(0.11376298 -0.019949937 0.086691992)
(0.089592278 -0.010598136 0.060214014)
(0.17128741 -0.05199067 0.14041458)
(0.09353614 -0.024064006 0.063941019)
(0.12003286 -0.037151338 0.094380811)
(-0.00069151149 -0.10999517 0.084211428)
(0.00014907261 -0.088806824 0.05901717)
(0.021527562 -0.17544935 0.14119047)
(0.011153908 -0.095831202 0.064817966)
(0.015567939 -0.12249599 0.094143836)
(-0.0020761179 -0.14871652 0.22693816)
(-0.012126398 -0.093031047 0.15010222)
(-0.0060194096 -0.11974598 0.20893008)
(-0.0066691342 -0.1100631 0.19684989)
(-0.0094377948 -0.090242424 0.14653859)
(0.001774076 -0.1297872 0.2217104)
(-0.0094112581 -0.14868336 0.2285235)
(0.012289198 -0.0041678813 0.21420781)
(0.00069671304 -0.0011356771 0.15965761)
(-0.016785866 -0.0085247859 0.20183967)
(0.003453304 -0.0093043724 0.21883719)
(-0.011986459 -0.0079637652 0.16835738)
(-0.091282323 0.0018835352 0.21763001)
(-0.085035603 0.003479133 0.17420984)
(-0.11182101 -0.0023327216 0.23515641)
(-0.089140403 -0.0067054954 0.2183395)
(-0.082779523 -0.0018215287 0.16162146)
(-0.011452918 0.013505162 0.20688777)
(-0.0028079017 0.0011929594 0.15754191)
(-0.019006459 -0.013594061 0.18981007)
(-0.016803012 0.002321368 0.21125284)
(-0.0090857525 -0.011775077 0.16039284)
(-0.015176837 -0.088243311 0.21205789)
(-0.0082539314 -0.083153259 0.16869963)
(-0.025686014 -0.10685942 0.22587155)
(-0.024169863 -0.086321995 0.21241267)
(-0.014106865 -0.081964051 0.15933401)
(-0.017895041 -0.0062591039 0.1903142)
(-0.022354888 0.0041033756 0.076909035)
(0.0072960823 -0.0038635004 0.20836599)
(-0.025054946 -0.0033494001 0.12567665)
(-0.024840782 0.004618499 0.076129583)
(-0.006264606 -0.0024859659 0.19275529)
(-0.011146873 -0.011957305 0.21936757)
(-0.016456843 -0.01214926 0.18171298)
(-0.015362836 -0.0080990244 0.068670203)
(-0.0090026433 0.0075361115 0.20314898)
(-0.019863886 -0.014661587 0.11713655)
(-0.016296555 -0.0094242208 0.066570161)
(-0.011988265 -0.0016827367 0.18408096)
(-0.017243932 -0.0066796072 0.21684944)
(-0.10820186 -0.0032745607 0.081549663)
(-0.085069309 -0.001988373 0.056466367)
(-0.16879942 -0.028653562 0.1399342)
(-0.11715498 -0.0210978 0.090725855)
(-0.091384522 -0.01453862 0.062362623)
(-0.014154444 -0.10837974 0.083271011)
(-0.0084407924 -0.087989465 0.058469269)
(-0.042528134 -0.16608248 0.13569263)
(-0.030138071 -0.11621459 0.090420477)
(-0.020497491 -0.090735574 0.062024276)
(-0.15044608 -0.0035912478 0.2362045)
(-0.10143683 0.013909686 0.17025595)
(-0.12072499 0.0022531916 0.21243077)
(-0.11391975 0.0050642212 0.21125288)
(-0.097013165 0.010931332 0.16622492)
(-0.15201415 0.0048843083 0.23651614)
(-0.13049731 -0.0084529713 0.22485391)
(-0.043443139 -0.20684043 0.19135389)
(-0.025326623 -0.20575499 0.20197023)
(-0.015700805 -0.16438105 0.13722123)
(-0.048296749 -0.21140774 0.19461623)
(-0.046055036 -0.20052423 0.2014373)
(-0.021636854 -0.20062622 0.17966677)
(-0.033839171 -0.16794435 0.13389537)
(-0.015867773 -0.0065502397 -0.01116233)
(-0.015763825 -0.0032074223 -0.022934371)
(-0.016438667 -0.033847246 0.063624276)
(-0.016952819 -0.043543792 0.085143966)
(-0.016265766 -0.0089922557 -0.014977664)
(-0.0070237192 -0.056321956 0.17691185)
(-0.015555972 -0.0044044101 -0.022961455)
(0.14933323 0.056194307 0.24135109)
(0.095205546 -0.00076876739 0.10904371)
(0.14468188 0.14002633 0.21584992)
(0.19635318 0.055707227 0.21380158)
(0.1383568 0.092372982 0.15570389)
(0.12268169 0.047115911 0.18673192)
(0.12711334 0.011727403 0.17629227)
(-0.072985416 0.12721304 0.23990447)
(-0.015058579 0.086397543 0.11916001)
(-0.07286128 0.18333751 0.21829736)
(-0.1488966 0.129195 0.2126957)
(-0.025684077 0.11885118 0.19450798)
(-0.10353318 0.12418725 0.15289641)
(-0.062199809 0.097783558 0.18308396)
(0.088673309 -0.13230016 0.23667441)
(0.032153674 -0.073379857 0.10290871)
(0.15462653 -0.12085858 0.1981909)
(0.086278568 -0.19076669 0.22806268)
(0.070671556 -0.090092641 0.16023317)
(0.11472827 -0.13182845 0.1585376)
(0.048438953 -0.1192549 0.19149403)
(-0.038273431 -0.048814594 0.073451916)
(-0.036965116 -0.064582356 0.12418165)
(-0.05358646 -0.050774736 0.12416768)
(0.015880062 -0.015419735 0.031004678)
(0.013222899 -0.018573819 0.028585989)
(0.016603229 -0.016455974 0.036788846)
(0.026598611 -0.0055238167 0.0080495206)
(-0.03106869 -0.051689289 0.076173315)
(0.022205015 -0.0028633679 0.008024943)
(0.023346526 -0.0079950131 0.0079024583)
(0.023823215 -0.0051264123 0.014607903)
(0.023713157 -0.011344324 0.012827033)
(0.024956232 -0.0050464629 0.0081813254)
(0.020811324 -0.0052327031 0.0075023713)
(-0.021819158 -0.060638485 0.12574528)
(0.023320499 0.0019692769 0.005741872)
(0.024376215 -0.0011337614 0.0054626797)
(0.023972476 -0.0032684575 0.014326464)
(0.025348483 -0.0077809484 0.015917326)
(0.025365072 -0.0030335614 0.0064985011)
(0.02192716 -0.0010837199 0.0053223738)
(-0.041362271 -0.047359779 0.12371745)
(0.025246837 -0.012897564 0.0059771057)
(0.02550834 -0.011198608 0.006447371)
(0.023804159 -0.013708962 0.01354563)
(0.025110818 -0.010192403 0.016737628)
(0.025691392 -0.0081520775 0.0070043465)
(0.022857403 -0.009854709 0.0067917384)
(0.013215241 0.010778802 0.0074995202)
(0.0084181068 0.015456104 0.007590531)
(-0.020338642 0.012916314 0.0025622543)
(-0.017724476 0.015741552 0.0019724328)
(-0.022809702 0.012338088 0.005875901)
(-0.021572995 0.009163389 0.0023636599)
(-0.018407373 0.012962364 0.0015816622)
(-0.018622666 0.0091676166 0.00089580337)
(-0.01795824 0.01199432 0.0010466127)
(-0.021336228 -0.015949787 0.0082281431)
(-0.0210595 -0.017228574 0.0074969632)
(-0.021347319 -0.014427043 0.008120104)
(-0.021101712 -0.014538082 0.0088934378)
(-0.021073895 -0.012654127 0.0073503503)
(-0.020380471 -0.012700161 0.0090678838)
(-0.020093651 -0.013717505 0.0091623602)
(-0.0023248705 0.020284601 0.12832176)
(0.0014809532 0.027847825 0.13547073)
(0.017488796 -0.0075890055 0.12467097)
(0.027250315 -0.0049827674 0.13057654)
(-0.024932907 0.012111873 0.14875043)
(0.012748748 -0.0035825684 0.21564008)
(-0.019808504 0.012513998 0.12593657)
(0.00057807949 -0.005893261 0.21965385)
(-0.01696591 0.011599306 0.1479158)
(0.0004204332 -0.0043370843 0.22026248)
(-0.026299482 0.01329202 0.12736952)
(-0.032114898 0.013237115 0.153744)
(-0.017640355 0.002463394 0.22793324)
(-0.040516588 0.017159041 0.14733841)
(-0.027804157 -0.00029996527 0.22429457)
(-0.032878499 0.014886584 0.1568765)
(-0.015013824 -0.0010140518 0.22683225)
(-0.040116558 0.015633105 0.14426237)
(-0.018507422 -0.022131708 0.13003965)
(-0.01556657 0.01388498 0.20890445)
(-0.015587614 -0.015351931 0.10702955)
(-0.018255026 0.0021688917 0.21356511)
(-0.018048868 -0.014433255 0.1319298)
(-0.017430441 0.0023151397 0.21359239)
(-0.015153246 -0.021463088 0.10407166)
(-0.018357744 -0.028863987 0.12120524)
(-0.012253219 -0.02718495 0.079017001)
(-0.022078026 -0.018485061 0.22086313)
(-0.022796833 -0.031492777 0.22847898)
(-0.019234348 -0.0085947716 0.21663686)
(-0.014326034 -0.026087117 0.094506122)
(-0.016719169 -0.033378493 0.10667355)
(0.048786681 0.10953029 0.14511635)
(-0.0075464443 0.1645966 0.20212739)
(0.0523472 0.11333006 0.20386223)
(0.033793957 0.10114633 0.11847209)
(0.028852622 0.11023317 0.17793355)
(0.060233108 0.057279655 0.075937706)
(0.068561299 0.051287558 0.09413842)
(0.072340968 -0.042079213 0.083530026)
(0.13177418 -0.077168098 0.16862196)
(0.080120567 -0.052899091 0.12941589)
(0.052880501 -0.050298237 0.075619239)
(0.060061083 -0.06156082 0.11291838)
(4.254861e-06 -0.040027387 0.015310947)
(0.010971868 -0.040464387 0.024562726)
(-0.059310535 -0.026352465 0.059205557)
(-0.026326226 -0.0039577192 0.010961074)
(-0.0454313 -0.014794155 0.026622202)
(-0.091137134 -0.0042664958 0.080697272)
(-0.026014145 -0.011617995 0.012644356)
(-0.059516299 -0.0058240315 0.052660841)
(-0.094237869 -0.031941976 0.090888083)
(-0.036493256 -0.0475534 0.058877111)
(-0.0075764027 -0.021322004 0.010335257)
(-0.020343847 -0.040200226 0.026689786)
(-0.02064084 -0.082280288 0.080948393)
(-0.015703507 -0.021107531 0.012442867)
(-0.017468282 -0.048557687 0.051734675)
(-0.044672459 -0.083383595 0.090862799)
(0.013086841 0.0083468551 0.010299483)
(0.0099156479 0.0038509795 0.0078304258)
(0.017459018 0.002360777 0.0099571763)
(0.01178523 0.0004639632 0.0076468499)
(0.015475943 0.0047195087 0.0089800755)
(0.010930569 0.002074581 0.0064668143)
(0.0092814631 0.0046256119 0.0072898952)
(0.020693605 -0.019853342 0.0048070912)
(0.01412592 -0.017723558 0.0040207938)
(0.020932627 -0.016461156 0.0072180762)
(0.015203488 -0.015251698 0.0053860268)
(0.02123127 -0.017298238 0.0057270648)
(0.01522879 -0.015706424 0.004015322)
(0.014579658 -0.017757595 0.0029157723)
(-0.0011625183 -0.013721997 0.022142468)
(-0.0042414156 -0.024041626 0.014245719)
(0.0026630743 -0.010960924 0.022808431)
(-0.0090543464 -0.02964588 0.02154773)
(-0.00034860337 -0.011927598 0.0211518)
(-0.011815961 -0.024741019 0.016267117)
(0.0026649102 -0.01253906 0.023328944)
(-0.0046311434 -0.014455594 0.021812471)
(-0.022276004 -0.0092721281 0.014131774)
(-0.005639794 -0.014712086 0.021957312)
(-0.024982385 -0.017332344 0.021374795)
(-0.0080580913 -0.012437581 0.020909104)
(-0.020737983 -0.017674791 0.016016261)
(-0.0021077949 -0.015641323 0.022364707)
(0.0010277192 -0.0068588324 0.020427773)
(0.0031874722 -0.023250977 0.013922896)
(0.0027461397 -0.0083417581 0.021906572)
(0.010342041 -0.026603644 0.020791582)
(0.00052730856 -0.0095583192 0.020244292)
(0.01065241 -0.022104145 0.015530298)
(0.0024901116 -0.0051397157 0.021540039)
(-0.0021810207 -0.0035516652 0.020178699)
(0.015827234 -0.0052872361 0.013282317)
(-0.0077446733 -0.0010470551 0.018604408)
(0.020990855 -0.011547116 0.020078098)
(-0.0051894468 -0.0019906549 0.018892295)
(0.016828265 -0.013584293 0.01536481)
(-0.0049419088 -0.0011880469 0.019844488)
(-9.7142174e-05 -0.0031144888 0.020821239)
(-0.0010837146 0.001494129 0.017465701)
(0.017259737 -0.025951857 0.021264688)
(0.022550029 -0.018941043 0.020466237)
(0.016314348 -0.019729352 0.019194166)
(0.00089617283 -0.0010135114 0.020195112)
(-0.0025645354 -8.6413836e-05 0.019263257)
(-0.023597873 0.0025818077 0.0032234982)
(-0.021082879 0.00060728304 0.0017225207)
(-0.017554422 0.0054297198 0.0048560707)
(-0.015838984 0.0027829174 0.003010042)
(-0.018995822 0.0057449228 0.0037454665)
(-0.016998765 0.0030245152 0.0013637675)
(-0.020728421 0.00082430102 0.00088029466)
(0.019189624 -0.021792882 0.002954748)
(0.012350457 -0.019147774 0.0029509543)
(0.014756102 -0.0235378 0.0027065638)
(0.016854742 -0.022929574 0.00095337608)
(0.010243497 -0.019321236 0.0021839185)
(0.011718263 -0.019572132 0.0002619174)
(0.013230842 -0.019078776 0.0016518758)
(-0.013333852 -0.007534731 0.021346381)
(-0.023553208 -0.0011829659 0.014198543)
(-0.008220054 -0.013051139 0.021772662)
(-0.028827493 0.0037382035 0.020986283)
(-0.010988287 -0.00984037 0.020760797)
(-0.024565389 0.0070528036 0.016038876)
(-0.0098579484 -0.011697257 0.021706043)
(-0.016519594 -0.0022138759 0.021070563)
(-0.011177084 0.017730449 0.013854719)
(-0.018010303 -0.00032476814 0.020987155)
(-0.018618114 0.021472964 0.020949679)
(-0.016716526 0.00053030103 0.019953707)
(-0.0186998 0.016569989 0.015927822)
(-0.017018928 -0.002772898 0.02161026)
(-0.011276638 -0.014253776 0.0087646725)
(-0.0096255963 -0.010593245 0.0064297067)
(-0.006862233 -0.015651662 0.0073505891)
(-0.0050836977 -0.012498151 0.0045676196)
(-0.0067131781 -0.01528699 0.0062138972)
(-0.0041343336 -0.011748853 0.0030757257)
(-0.0078354301 -0.010124053 0.0053823819)
(-0.01322516 0.00069389687 0.018528569)
(0.014423857 0.0027185831 0.013338035)
(0.016792848 0.0090642216 0.019474084)
(-0.011914412 -0.00078624097 0.01805539)
(0.012731868 0.010798499 0.015141447)
(-0.0091956227 -0.0002924483 0.018377889)
(-0.01579737 -0.001253388 0.016991327)
(-0.015720072 0.0014532116 0.019195639)
(-0.0036710588 0.018306796 0.013636698)
(0.00091834779 0.023101423 0.019729357)
(-0.017944164 8.3991329e-05 0.020148137)
(0.0040718708 0.018376009 0.015297334)
(-0.016054981 0.0017028996 0.019356197)
(-0.01806521 -0.00093584347 0.018876761)
(-0.014891457 -0.013558343 0.0093771666)
(-0.013237835 -0.0097565208 0.0076755992)
(-0.020231783 -0.014068033 0.0078284377)
(-0.015681991 -0.0095469668 0.0083211154)
(-0.017584468 -0.012858986 0.0091161005)
(-0.01365686 -0.008968507 0.0079799004)
(-0.011043997 -0.00919275 0.0070954629)
(0.027536219 -0.0031473159 0.0071694302)
(0.026282822 0.00068801601 0.011332419)
(0.026312386 0.0013221729 0.0036869974)
(0.024817859 0.0018983371 0.002636487)
(0.025914349 -0.0015380174 0.0051977807)
(0.023550207 0.00055085309 0.0026480045)
(0.024939875 -0.00023775202 0.0037422734)
(0.019667814 -0.0097111378 0.13430281)
(0.0075486861 -0.042696082 0.1867289)
(0.018195408 -0.008505534 0.11817247)
(0.0092829412 -0.050800372 0.18312009)
(0.017402437 -0.0094999255 0.13795193)
(0.007083007 -0.044324693 0.18692801)
(0.020833129 -0.0081314027 0.1129946)
(0.02196749 -0.0025536231 0.13625355)
(0.013254742 -0.024246282 0.20648513)
(0.013696839 -0.029902567 0.19899976)
(0.023067018 0.0066979107 0.11957189)
(0.010104333 -0.034272735 0.19765492)
(0.02252643 0.0033305405 0.14570545)
(0.023994938 0.0023239028 0.1111316)
(0.022522669 -0.0050782054 0.12020215)
(0.025291453 -0.0043603175 0.081543779)
(0.011391617 -0.046587112 0.17808132)
(0.013567237 -0.034614798 0.18355096)
(0.0087610322 -0.041626076 0.19188037)
(0.023734896 -0.0055432967 0.099851797)
(0.024638802 -0.00043507766 0.097596604)
(0.017991031 0.015925972 0.0070783688)
(0.018855504 0.014311279 0.0057419396)
(0.018485919 0.017533389 0.02069092)
(0.016020036 0.017094666 0.0078228798)
(0.017603826 0.015943177 0.0063220789)
(0.014857343 0.013787656 0.0076223887)
(0.016247819 0.012514884 0.0069753579)
(0.01855422 -0.0035375481 0.1270557)
(0.0081132458 -0.041007908 0.18700974)
(0.017272969 -0.0060942709 0.11486057)
(0.010913446 -0.04648262 0.18100498)
(0.017032958 -0.0065550114 0.13354387)
(0.010515854 -0.041547608 0.18781084)
(0.018126553 -0.0016029875 0.1065295)
(0.019137472 0.0059600081 0.12712334)
(0.0054602517 -0.022711978 0.20930459)
(0.0085646552 -0.025545115 0.20145387)
(0.019974037 0.017113004 0.11426627)
(0.0094370609 -0.031769805 0.19998532)
(0.018823136 0.011646011 0.13675723)
(0.019573385 0.013878855 0.1045624)
(0.018122695 0.026105073 0.005434339)
(0.020240838 0.024469635 0.01496656)
(0.021057888 0.022673242 0.0020274225)
(0.019309204 0.021783689 0.0027374035)
(0.017174067 0.025654263 0.0041175786)
(0.017061021 0.02181363 0.0023909509)
(0.018811927 0.023048733 0.0012637429)
(0.023342661 -0.022124309 -0.0018436963)
(0.026053862 -0.021636068 0.0024544945)
(0.021244905 -0.022565376 -0.0016969449)
(0.0214512 -0.021718833 0.0013262286)
(0.024106589 -0.020514374 0.0010193214)
(0.020542336 -0.020727875 0.0024107276)
(0.020161786 -0.022172755 -0.00023498446)
(0.027218634 -0.018663917 0.012397488)
(0.025961614 -0.021217702 0.016461596)
(0.024815979 -0.021652487 0.0095466608)
(0.024090073 -0.020004001 0.00848256)
(0.026524683 -0.017409016 0.0095438941)
(0.023524308 -0.016676882 0.010298816)
(0.024785091 -0.018463442 0.011473144)
(-0.00084834327 -0.020067631 0.11827398)
(-0.041493955 -0.011591175 0.18171413)
(-0.046458064 -0.01378165 0.17564612)
(-0.0025244939 -0.020340998 0.10340477)
(-0.042037713 -0.012788101 0.1826373)
(-0.0038540724 -0.020260541 0.1223669)
(0.0022453643 -0.019515894 0.09707087)
(0.0091959153 -0.020310452 0.11941837)
(-0.022444787 -0.0088506242 0.20503193)
(-0.0260038 -0.01194785 0.19786323)
(0.0190942 -0.021389783 0.10823233)
(-0.031729672 -0.01245623 0.19632434)
(0.014244816 -0.020395635 0.12907663)
(0.017026253 -0.020600089 0.098286372)
(0.0075860474 -0.019648396 0.10221885)
(0.012779788 -0.020577844 0.068091452)
(-0.040074939 -0.01302283 0.17104068)
(-0.030390497 -0.013280206 0.18184331)
(-0.038782173 -0.014518458 0.18956042)
(0.0096548445 -0.019118105 0.081915309)
(0.014920565 -0.020260552 0.083927011)
(-0.011228312 -0.018428726 0.0084704707)
(-0.015786736 -0.014013608 0.008632598)
(0.0013553836 -0.022702838 0.080783188)
(0.0014120089 -0.016304654 0.085683919)
(-0.021875901 -0.0038295842 0.082544904)
(-0.015850269 -0.0045570605 0.081717593)
(0.045329507 -0.04217418 0.074297987)
(0.047734012 -0.056102176 0.12416101)
(0.059746147 -0.041293562 0.12301866)
(0.013326219 0.0060708405 0.031736808)
(0.010638662 0.0089320598 0.031098615)
(0.014303226 0.012848402 0.038276656)
(0.0024841441 0.022391752 0.0092742877)
(0.04308475 -0.045990463 0.12565341)
(0.0091177059 0.020645461 0.0088860353)
(0.0096784065 0.023395402 0.0065341462)
(0.0089086876 0.017301552 0.016954413)
(0.0086537203 0.022444352 0.017656975)
(0.0053891605 0.021941218 0.0084007037)
(0.0071892464 0.019791161 0.0075481033)
(0.056410659 -0.028022193 0.12640571)
(-0.0043142123 0.022434891 0.0043409213)
(0.00059561299 0.024643949 0.0041844557)
(-0.00011707092 0.019183588 0.013997158)
(0.0067948527 0.023428861 0.016334166)
(0.00084220329 0.02290276 0.0064777289)
(-0.00098298866 0.021281748 0.0039831891)
(0.011638056 -0.016776104 0.0086261003)
(0.015900664 -0.012275094 0.0083286192)
(0.0018614017 -0.021489268 0.083453292)
(0.0031706043 -0.014702871 0.083750908)
(0.021985611 -0.00037942797 0.080654238)
(0.016279545 -0.001197694 0.085162653)
(-0.018461751 0.01621637 0.0023068051)
(-0.011976065 0.021652945 0.015127892)
(-0.015742708 0.01792963 0.0018883464)
(-0.015677741 0.01881645 0.0020197508)
(-0.01323037 0.019818931 0.0015998023)
(-0.014312829 0.0166794 0.0010335214)
(-0.016520758 0.014572685 0.0010557265)
(0.0054103894 0.02952636 0.0022212403)
(0.00026127519 0.028065642 0.0091796781)
(0.0013004112 0.027564185 -0.0011110059)
(0.0034530708 0.028264801 0.001534704)
(0.00042569497 0.026436259 -0.00025812738)
(0.0027940832 0.025008393 -0.00036538184)
(0.0040522061 0.02619863 -0.0013823368)
(0.0068296913 0.013822562 0.12753547)
(0.041452387 0.002842648 0.18599014)
(0.047866948 0.0026920505 0.18004857)
(0.00602477 0.01424159 0.11191208)
(0.042966929 0.001760871 0.1867683)
(0.0067018287 0.013245737 0.13148889)
(0.0045687563 0.015358245 0.10539203)
(0.0010904501 0.015830937 0.13246999)
(0.022691416 0.0060879527 0.20717198)
(0.027650059 0.0062861946 0.19904372)
(-0.0072036897 0.019014977 0.11962264)
(0.032767948 0.0024592321 0.19818633)
(-0.0054171377 0.016768251 0.14160764)
(-0.0028957876 0.019177271 0.11084725)
(-0.0025201054 -0.017708892 0.11065631)
(-0.04180817 -0.010769598 0.18066874)
(-0.0029869816 -0.020013356 0.099264101)
(-0.047460603 -0.010124802 0.17333834)
(-0.0041111049 -0.019179083 0.1182097)
(-0.042630028 -0.0081500531 0.18023781)
(-0.0001547401 -0.019121915 0.089884339)
(0.0040951531 -0.017102116 0.11100283)
(-0.023416643 -0.01078124 0.1987856)
(-0.027582881 -0.010263596 0.18982839)
(0.010811324 -0.016945657 0.099754793)
(-0.03224297 -0.0079592348 0.18955497)
(0.0092947241 -0.017320294 0.11943636)
(0.0074893554 -0.017779855 0.09162119)
(-0.018633571 0.0096784555 0.0086401903)
(-0.014278351 0.014713555 0.0084825898)
(-0.044335824 0.03950908 0.071248742)
(-0.059636193 0.039112138 0.12100325)
(-0.045528926 0.056197769 0.1228336)
(-0.00062915035 -0.016262099 0.017063875)
(-0.0078793352 -0.0097572711 0.023696086)
(-0.0072679171 -0.015394431 0.026801372)
(0.0053340113 -0.027145667 -0.0032297452)
(-0.051094575 0.023144412 0.11500213)
(0.013241666 -0.025942617 -0.0093288552)
(0.006885909 -0.026799635 -0.0086747462)
(0.0097587122 -0.02443137 0.0011092725)
(0.00015271752 -0.025765749 0.0046781663)
(0.0078273974 -0.026940805 -0.0063687102)
(0.0093394238 -0.024856212 -0.0087850654)
(-0.040455379 0.045811984 0.12348162)
(-0.006933902 -0.024368484 0.00078567885)
(-0.0071235103 -0.026760952 -0.0009275133)
(-0.0048966478 -0.020971695 0.0093627953)
(-0.0035449166 -0.024850937 0.0086118726)
(0.0007700593 -0.0263457 -0.002631644)
(-0.0023783231 -0.023983595 -0.0024130576)
(-0.023038909 -0.0012563697 0.081631475)
(-0.016157045 -0.00046450822 0.083394026)
(-0.0034629801 0.022179567 0.0815442)
(-0.003310639 0.015009198 0.084650457)
(0.038344029 0.04125521 0.068240763)
(0.05545911 0.042331904 0.11853546)
(0.039268807 0.057704142 0.11862886)
(-0.011298966 -0.001451437 0.017829645)
(-0.013163192 -0.0016043451 0.019497409)
(-0.01054126 0.0003545811 0.026210258)
(-0.021420109 -0.0095206516 0.0028810477)
(0.030306427 0.036608823 0.066470186)
(-0.022647357 -0.0098771693 0.004339831)
(-0.02163839 -0.011885356 0.0065231486)
(-0.020213447 -0.0073981872 0.0063043103)
(-0.019831733 -0.009589912 0.0088161369)
(-0.021763878 -0.010317892 0.00420938)
(-0.021006116 -0.0099937239 0.0053645126)
(0.043657606 0.032311043 0.11405191)
(-0.021686244 -0.0027743492 0.001318915)
(-0.020544071 -0.0028250118 0.0012811824)
(-0.019869374 -0.0049350334 0.0068983611)
(-0.017855588 -0.0050240837 0.010040196)
(-0.021105979 -0.0071587194 0.0014819168)
(-0.019885302 -0.0041899542 0.0011997335)
(0.024104221 0.048111565 0.11273247)
(-0.019847081 -0.011255287 0.0052499133)
(-0.018841095 -0.009011067 0.0021171297)
(-0.019204068 -0.009565565 0.0089568392)
(-0.018118875 -0.006157541 0.0091599338)
(-0.020346352 -0.0098700266 0.0027197954)
(-0.018802865 -0.0091045209 0.0038615053)
(0.022643845 0.00022871147 0.08048475)
(0.016083008 0.00058532258 0.084627769)
(-0.0021072395 0.022782926 0.080581409)
(-0.002367608 0.017178238 0.083908377)
(0.0048838095 0.013147084 0.12743859)
(0.041436651 0.0024996787 0.18617833)
(0.0060120651 0.013673671 0.11225305)
(0.047140197 0.0038986325 0.18017084)
(0.0066641532 0.013063489 0.13205161)
(0.042373927 0.0039657429 0.18617486)
(0.0026143778 0.013362075 0.10511155)
(-0.0036050456 0.012332164 0.13053499)
(0.023704565 -0.00084171345 0.20754243)
(-0.014605776 0.012167301 0.11930472)
(0.027532392 0.0010271771 0.19990482)
(-0.0092466359 0.011861699 0.14165068)
(0.03348748 0.0025327451 0.19878691)
(-0.010809197 0.011848805 0.10904245)
(-0.0030964168 0.012520312 0.11219026)
(-0.006520575 0.012603276 0.076068002)
(0.042590471 0.003004245 0.1740256)
(0.031444821 0.0019648578 0.18177613)
(0.039638273 0.0048337139 0.19136805)
(-0.003932526 0.012513596 0.090617005)
(-0.0095922871 0.012000682 0.093198782)
(-0.021815789 0.009750738 0.0038186725)
(-0.020567821 0.00953217 0.013481153)
(-0.019831177 0.015267541 -0.0001586048)
(-0.021478212 0.0073844105 0.0021531024)
(-0.019591424 0.012395124 0.00035447931)
(-0.018987168 0.010477365 -0.0032019825)
(-0.018958862 0.014115166 -0.0051901097)
(-0.01490859 -0.024790885 0.0029137212)
(-0.019422745 -0.024720281 0.014167033)
(-0.016197868 -0.020834643 -0.0011953353)
(-0.01641022 -0.026293948 0.0017319621)
(-0.017555069 -0.021854099 0.00050289501)
(-0.016087346 -0.022698598 -0.00052181185)
(-0.015451444 -0.021539349 -0.0024876319)
(-0.020673473 -0.0017764053 -0.0042135429)
(-0.017886984 -0.0072515598 0.0031218395)
(-0.018012682 -0.0036016635 -0.0068834948)
(-0.019023541 -0.0046250009 -0.0032375848)
(-0.016928503 -0.0053126231 -0.0044016872)
(-0.016373538 -0.0028108221 -0.0051161012)
(-0.017587499 -0.00016256526 -0.0076236578)
(0.025286161 0.020258225 0.14731846)
(0.016939791 -0.012784634 0.21552367)
(0.022570815 0.013702383 0.1226915)
(0.020068958 -0.0012581016 0.22266932)
(0.023965515 0.012562357 0.14929172)
(0.019212037 -0.00087596666 0.22215489)
(0.022773203 0.019966631 0.12046691)
(0.027304295 0.028571534 0.1564076)
(0.01109472 0.017786469 0.22945614)
(0.026945675 0.037550104 0.15265603)
(0.019901858 0.026271002 0.22866782)
(0.024235799 0.030298162 0.16269584)
(0.016770291 0.014891522 0.22585705)
(0.028463053 0.034781737 0.1441678)
(0.026460423 0.028347346 0.13769712)
(0.023167049 0.02567493 0.099151716)
(0.025918408 0.019615238 0.23279919)
(0.026732547 0.033013442 0.23838827)
(0.021988066 0.01072367 0.22385716)
(0.023127123 0.025057825 0.11178996)
(0.026024055 0.032635147 0.12371807)
(0.018896109 0.027265049 0.14215137)
(0.0026210385 -0.011989949 0.21689254)
(0.0028223466 0.00083067622 0.21947953)
(0.020462745 0.022261062 0.12011114)
(0.0017922982 0.00063541248 0.22192717)
(0.018589517 0.01923501 0.1421661)
(0.021076986 0.028808229 0.1201862)
(0.019075592 0.034148287 0.14912256)
(0.00683746 0.018344258 0.22916052)
(0.0038014731 0.029193374 0.22317819)
(0.02362768 0.040363827 0.14853133)
(0.0046625776 0.016935572 0.22494208)
(0.020725758 0.032846564 0.15775462)
(0.020998316 0.0410144 0.1387387)
(0.027983757 -0.019568739 0.014104617)
(0.025448901 -0.022382794 0.010157151)
(0.029326214 -0.023730355 0.026572076)
(0.029169983 -0.021065729 0.013942863)
(0.02537714 -0.023242142 0.010087064)
(0.026178634 -0.020474088 0.013316564)
(0.025746359 -0.019520154 0.012481271)
(0.027289044 -0.020075134 0.13342169)
(-0.011422099 -0.0060614012 0.2120323)
(0.022874064 -0.021513449 0.11376339)
(-0.00069585714 -0.0059485247 0.21633509)
(0.02052187 -0.020045395 0.13400458)
(0.00091499492 -0.0052564184 0.21752279)
(0.028499714 -0.021882639 0.11383726)
(0.033358271 -0.019995804 0.13853508)
(0.01726996 -0.010550559 0.22096053)
(0.027865733 -0.0081731352 0.21963313)
(0.038990191 -0.021226578 0.12969211)
(0.01655397 -0.0081992631 0.21881437)
(0.032834884 -0.020108862 0.141666)
(0.038443032 -0.021597326 0.12682415)
(0.0095538206 0.019230212 0.12961776)
(0.0081964457 0.027121012 0.13651109)
(0.019949214 0.00052925097 0.12347519)
(0.027716616 -0.0046216666 0.13752856)
(0.077149984 0.086581755 0.19596888)
(0.099571516 0.055747483 0.19295933)
(0.11854005 0.09783275 0.18787445)
(0.073123276 0.021232241 0.12881902)
(0.095806548 0.068311619 0.15570367)
(0.11464673 0.034764318 0.15351924)
(0.055642474 -0.013049383 0.039232826)
(0.088467369 0.093632022 0.22600129)
(0.043370641 -0.012370358 0.016545696)
(0.049261638 -0.0091108237 0.018120547)
(0.052792044 -0.00096802435 0.061292854)
(0.070886775 0.029244019 0.087469168)
(0.050341481 -0.013290275 0.027003012)
(0.043900062 -0.015726189 0.011692809)
(0.11768582 0.052320559 0.22503468)
(0.035762104 -0.023642446 0.012793971)
(0.035906133 -0.028578252 0.010575454)
(0.056817905 -0.0062845773 0.070278129)
(0.078314497 -0.0012289232 0.08485682)
(0.046025194 -0.021032956 0.023541979)
(0.033956398 -0.02576998 0.007060422)
(0.0075866326 0.0090315438 0.0046373742)
(0.012006087 0.0052146076 0.004935108)
(-0.01901304 0.00669743 0.12912575)
(-0.027791446 0.0038804095 0.13516003)
(-0.060679545 0.097588822 0.19527603)
(-0.087249884 0.076794803 0.19750901)
(-0.1018501 0.1155125 0.18667109)
(-0.021903595 0.068432296 0.11842653)
(-0.039042572 0.11107747 0.15225613)
(-0.069905813 0.091085888 0.15220698)
(0.01147608 0.051025884 0.031001237)
(-0.056566865 0.11396056 0.22547041)
(0.024085914 0.033733915 0.0041033831)
(0.030116279 0.037001415 0.008371788)
(0.0054510161 0.052158967 0.059855718)
(-0.0018202975 0.0770348 0.085150109)
(0.020424572 0.043707956 0.017231344)
(0.02738398 0.032682622 -0.00081659792)
(-0.093915094 0.088146068 0.22989227)
(0.013184592 0.035539949 0.0042224833)
(0.011006951 0.039707579 0.0079942874)
(0.00071753543 0.047485558 0.050589176)
(-0.030910643 0.064526033 0.085401691)
(0.01206423 0.043440645 0.017026368)
(0.017731795 0.034961259 -0.0026978618)
(-0.0056522763 0.011228837 0.0047204117)
(-0.010847997 0.0075729899 0.0048892308)
(-0.021155131 0.02026523 0.14513947)
(0.011730097 0.0094787601 0.21562673)
(-0.01294229 0.019452679 0.12385674)
(-1.2276348e-05 0.013618678 0.22343428)
(-0.013230171 0.018405325 0.14619576)
(-0.00023640536 0.011730269 0.22153745)
(-0.019551683 0.020698085 0.12210895)
(-0.030160794 0.020763831 0.15182311)
(-0.017418323 0.0056168024 0.2275425)
(-0.039059553 0.020187379 0.14741505)
(-0.027079108 0.011611645 0.22482437)
(-0.031866813 0.017777556 0.15680459)
(-0.015659909 0.0090918957 0.22504473)
(-0.036646092 0.023040771 0.14125724)
(-0.010039232 0.027762157 -0.0035294953)
(-0.017948269 0.025783893 0.040361078)
(-0.0016605101 0.028011895 -0.018509352)
(-0.0020066059 0.03047161 -0.0051025539)
(0.0048692956 0.029808754 -0.018951132)
(0.0075638404 0.032857145 -0.025506602)
(-0.00057094208 0.031380508 -0.024061537)
(0.022769035 -0.018525349 0.1220892)
(-0.013513335 -0.013618001 0.20722868)
(-0.0021837556 -0.015139451 0.21350089)
(0.015596857 -0.01632962 0.10317475)
(-0.0022398016 -0.015438784 0.2126377)
(0.015833404 -0.017941993 0.12360367)
(0.020705368 -0.016353684 0.10119133)
(0.030941929 -0.020423385 0.12914092)
(0.016047762 -0.012521072 0.21952057)
(0.025155149 -0.015842567 0.21468332)
(0.038169654 -0.021544838 0.1263631)
(0.013679293 -0.014186251 0.21559262)
(0.031833555 -0.020552101 0.13841584)
(0.036286826 -0.021113696 0.1163153)
(0.029547889 -0.019041909 0.11381222)
(0.025963717 -0.016278044 0.079861748)
(0.017828338 -0.020675688 0.2226281)
(0.032659633 -0.020936813 0.22562113)
(0.0092962321 -0.01756929 0.21341908)
(0.024612623 -0.01672556 0.093195878)
(0.033562212 -0.018507365 0.099795538)
(-0.0038092011 -0.026525519 -0.00337353)
(0.00052785683 -0.024519406 -0.0081326492)
(8.4750824e-05 -0.024095456 0.01059233)
(-0.0014462328 -0.02443226 -0.0069755064)
(-0.0046657887 -0.025117001 -0.0024089277)
(-0.0038964704 -0.024086635 -0.0078993827)
(-0.002418551 -0.024706356 -0.0087220773)
(-0.00091602584 -0.01923518 0.1282687)
(-0.0049794956 -0.028820854 0.13457607)
(0.010234854 -0.0091872821 0.0046969334)
(0.0060001676 -0.012426494 0.0049902397)
(0.086583033 -0.070466002 0.18956335)
(0.062605162 -0.095559484 0.19825775)
(0.10449042 -0.11037589 0.1862812)
(0.027520113 -0.061068539 0.11560855)
(0.073582932 -0.078541426 0.14171627)
(0.049591953 -0.10503775 0.15512942)
(-0.0012925892 -0.034698712 0.023583044)
(0.094422601 -0.079825369 0.21951656)
(-0.0066501387 -0.02105323 -0.0048812876)
(-0.0050661976 -0.023046748 -0.0023513466)
(0.0064381118 -0.038124607 0.046589823)
(0.035651627 -0.050516064 0.075177895)
(-0.0039002205 -0.025346538 0.0057084374)
(-0.01122446 -0.015904697 -0.014345872)
(0.061086224 -0.11192553 0.22760703)
(-0.013905298 -0.014176528 -0.013762361)
(-0.018773699 -0.012035931 -0.015559871)
(0.0017134026 -0.044502187 0.0590471)
(0.014869318 -0.065413191 0.079420879)
(-0.010387952 -0.023843816 0.0034493446)
(-0.020011463 -0.0045878092 -0.027601454)
(0.1335568 -0.14764386 0.229995)
(0.00074935419 -0.034820129 0.01105521)
(-0.0084489879 -0.036162925 0.012918489)
(0.044277504 -0.060849955 0.085708392)
(0.026383044 -0.076612579 0.093446441)
(-0.0026343407 -0.033702239 0.016564737)
(-0.022719995 -0.016698163 -0.02227094)
(-0.017244367 -0.0045833718 0.12931034)
(-0.029403756 -0.0019277514 0.12856183)
(-0.0087057931 -0.019233242 0.12575581)
(-0.0079641635 -0.026684001 0.13359756)
(-0.012441317 -0.006530748 0.0051294135)
(-0.0081554895 -0.011183022 0.0050165288)
(-0.091456861 -0.065158628 0.19103669)
(-0.067112009 -0.089476517 0.19005841)
(-0.10682295 -0.1042649 0.1822606)
(-0.05689813 -0.027702123 0.10872831)
(-0.10067603 -0.04526702 0.14730589)
(-0.076840572 -0.074187576 0.14642185)
(-0.03687738 0.011273085 0.016251162)
(-0.10641344 -0.064937609 0.22330513)
(-0.021589889 0.025206862 -0.013276449)
(-0.021621147 0.02764853 -0.011136634)
(-0.042784799 0.0016215328 0.049749355)
(-0.064933064 -0.0065359149 0.074707192)
(-0.02937255 0.020468469 0.00054863672)
(-0.017287127 0.027090452 -0.021206435)
(-0.074401662 -0.097949151 0.22094803)
(-0.024415702 0.015964832 -0.010588304)
(-0.028043641 0.01412534 -0.0073187035)
(-0.037207655 -0.0025454284 0.042360295)
(-0.051199449 -0.033142166 0.078490676)
(-0.029749515 0.013800167 0.0020505069)
(-0.022441455 0.020836228 -0.018753916)
(-0.14265394 -0.13227399 0.22423907)
(-0.038359335 0.016589979 0.010484389)
(-0.038855728 0.0085030909 0.011770393)
(-0.075176167 -0.016997438 0.08596572)
(-0.062620277 -0.041165069 0.089678494)
(-0.037009274 0.012096032 0.011601344)
(-0.0231044 0.025893604 -0.01655115)
(-0.021823761 0.013326575 0.0027478328)
(-0.018888917 0.018855753 -0.0029749657)
(-0.023586416 0.016008091 0.023228589)
(-0.015593537 0.023031314 -0.0086314714)
(-0.021339307 0.018653515 -0.0022374126)
(-0.015163924 0.022346049 -0.01274804)
(-0.017636668 0.018256354 -0.0086153402)
(-0.01259605 0.02586663 -0.0092362331)
(-0.0058125678 0.027042976 -0.018066748)
(-0.045587249 0.022287948 0.081182759)
(-0.0076412247 0.027631525 -0.018341516)
(-0.011865835 0.025711459 -0.015010994)
(-0.0099572588 0.029053653 -0.021878764)
(-0.0068116503 0.029835866 -0.022731376)
(-0.018428406 -0.026518279 0.14236174)
(-0.0074235356 0.011176992 0.21558005)
(-0.020530963 -0.020971085 0.12571063)
(-0.006030694 -0.0002748738 0.22218165)
(-0.019397812 -0.018799596 0.14302998)
(-0.0066031625 -0.0014390463 0.22160906)
(-0.019774204 -0.027415563 0.12562532)
(-0.017749547 -0.033952143 0.13525984)
(-0.019542548 -0.03606249 0.10648566)
(-0.0036522163 -0.021310498 0.23264739)
(-0.0052047785 -0.036865921 0.23338683)
(-0.0057854513 -0.0136019 0.2217464)
(-0.019124829 -0.032823095 0.11916917)
(-0.017565968 -0.039147996 0.12272531)
(-0.020687682 -0.0015950116 -0.024853063)
(-0.016651727 -0.019081611 0.022182381)
(-0.018696065 -0.00068634599 -0.026292984)
(-0.019520773 0.00059910826 -0.030032298)
(-0.018468356 0.0014387263 -0.029190059)
(-0.024105574 0.0046367107 -0.035786235)
(-0.024460889 0.0032772475 -0.032361243)
(-0.021198782 0.0015050887 -0.0051502484)
(-0.018654767 -0.00059522005 -0.009009268)
(-0.019091013 -0.0023104421 0.0088895917)
(-0.019057446 0.0035002163 -0.011434545)
(-0.021251046 0.0051584757 -0.0068540392)
(-0.018821785 0.0072200966 -0.012313129)
(-0.018433696 0.0031970216 -0.010150691)
(0.067165087 0.091178559 0.13125888)
(0.10193416 0.12677174 0.19127622)
(0.079346511 0.091453803 0.18742814)
(0.081051248 0.057811492 0.10506509)
(0.097652365 0.056224513 0.15564759)
(0.081216357 0.0031502122 0.059280861)
(0.077793619 0.03040662 0.083280567)
(0.076451241 -0.030644915 0.077422049)
(0.15542763 0.000451887 0.16862273)
(0.082197622 -0.034426514 0.11857271)
(0.070855239 -0.024154387 0.069898055)
(0.082036321 -0.022007069 0.10897422)
(0.014653774 -0.032935503 0.0094335345)
(0.016113656 -0.035656228 0.020057837)
(0.036580142 0.036618438 0.056222643)
(0.006469757 0.020433493 0.010202759)
(0.020802737 0.034594537 0.024011893)
(0.026877562 0.07055343 0.074356207)
(0.014499575 0.018670258 0.011930194)
(0.018591354 0.042228149 0.049722971)
(0.048661058 0.067540951 0.084479746)
(0.056234333 0.012397034 0.060260523)
(0.02170525 -0.00038000835 0.010336271)
(0.04355273 0.0089704289 0.026650829)
(0.082551292 -0.0090841588 0.081635206)
(0.023828906 0.0081145447 0.012727599)
(0.050504488 -0.0058587441 0.05307561)
(0.091499782 0.01200058 0.092506706)
(0.062698028 0.034308472 0.075553568)
(0.12101906 0.073171641 0.14870834)
(0.038056483 0.037531069 0.034241698)
(0.053252814 0.023291731 0.036701339)
(0.02604046 0.01662612 0.017914938)
(0.079137757 0.067336614 0.10851252)
(0.10240864 0.038790406 0.11198325)
(-0.020512305 0.049888757 0.056043114)
(-0.0033526594 0.021365096 0.010375454)
(-0.01196446 0.039499942 0.024137763)
(0.004581017 0.073266896 0.074219405)
(-0.011967647 0.022731678 0.012273292)
(-0.00090219614 0.046267866 0.050163706)
(-0.018616086 0.078840061 0.083045584)
(-0.050518995 0.033485803 0.057638171)
(-0.025981097 0.0058902776 0.010611434)
(-0.086794576 0.021089304 0.079077516)
(-0.041821898 0.019591677 0.025437892)
(-0.057427942 0.015723316 0.052365779)
(-0.02378824 0.013807226 0.012499368)
(-0.083723613 0.043658336 0.087463649)
(0.04878211 -0.042564511 0.060440553)
(0.02159679 -0.010057991 0.010334347)
(0.040852421 -0.024637065 0.026557055)
(0.081479361 -0.030503813 0.082185987)
(0.021736908 -0.017604896 0.012636424)
(0.049231605 -0.024783388 0.052967032)
(0.083846554 -0.052889698 0.092580073)
(0.023388737 -0.061254789 0.06147609)
(0.0028612436 -0.023428734 0.010456702)
(0.002571451 -0.084924501 0.081098106)
(0.013884261 -0.045794823 0.027389672)
(0.0035372652 -0.054205099 0.052906871)
(0.011248057 -0.026359066 0.013032574)
(0.025826708 -0.09473417 0.093640566)
(-0.031451688 -0.074831935 0.092589368)
(-0.088877478 -0.15943697 0.20342846)
(-0.041327413 -0.080378829 0.14756901)
(-0.062939646 -0.058397667 0.13147975)
(-0.048078984 -0.049319845 0.076555976)
(-0.048687671 0.0045134106 0.024907521)
(-0.043037954 -0.011670887 0.037339475)
(0.036507928 -0.062339679 0.095067098)
(0.022897032 -0.046928979 0.052661281)
(0.020596968 -0.045851575 0.058651472)
(0.029409516 -0.049571447 0.064590216)
(0.028232691 -0.052278294 0.076333385)
(0.048229701 -0.056247094 0.08684906)
(0.032034024 -0.037582207 0.056549226)
(0.029847062 -0.040834159 0.053408022)
(0.045940387 -0.0608477 0.1136629)
(0.030096371 -0.038518645 0.064635046)
(0.025390567 -0.040258421 0.066430178)
(0.027993362 -0.04094369 0.059987306)
(0.034132994 -0.044591751 0.083400279)
(0.041387292 -0.04643866 0.088371384)
(0.040982317 -0.04871571 0.09980691)
(0.046749778 -0.059936678 0.099902929)
(0.042339435 -0.060360054 0.088937317)
(0.040582914 -0.062998977 0.10223185)
(0.011842003 -0.058568206 0.049998739)
(0.0052911412 -0.050480095 0.043432887)
(0.0083041155 -0.04139845 0.029121701)
(0.014217168 -0.06390052 0.066877922)
(0.014999114 -0.070259104 0.079948659)
(0.01230684 -0.031581006 0.05082524)
(0.0050232108 -0.054186209 0.050330044)
(0.013794636 -0.029122956 0.049434542)
(0.010230757 -0.055191753 0.051295337)
(0.0089649385 -0.064200396 0.067330861)
(0.019296239 -0.061736002 0.057395026)
(0.018481131 -0.0460081 0.041645051)
(0.021894303 -0.046058713 0.041840055)
(0.027725178 -0.062766703 0.064938659)
(0.017011261 -0.05034152 0.037950561)
(0.018694863 -0.06218815 0.095416336)
(0.016866468 -0.015105943 0.052172242)
(0.02088613 -0.069828425 0.092154672)
(0.024475385 -0.070086762 0.09349288)
(0.017830203 -0.027555098 0.062996077)
(0.022264427 -0.056196271 0.094895981)
(0.013859169 -0.059249219 0.073008398)
(0.014115663 -0.073331413 0.10132554)
(0.0061904973 -0.062226304 0.081569049)
(0.0075852527 -0.040154532 0.061810502)
(0.020294266 -0.078271029 0.11306842)
(0.014291665 -0.042390907 0.058777222)
(0.016163563 -0.056442052 0.08839536)
(0.024192265 -0.074158713 0.11454329)
(0.012093887 -0.051881357 0.080024343)
(0.032895339 -0.045439333 0.065554115)
(0.02667317 -0.048805618 0.052573531)
(0.028174517 -0.042225138 0.042437481)
(0.028421566 -0.051999715 0.050671489)
(0.032709775 -0.054354296 0.063254407)
(0.030708247 -0.056495696 0.066915076)
(0.040257151 -0.055884464 0.064587539)
(0.025462576 -0.027368529 0.083134866)
(0.030986819 -0.036995307 0.10601069)
(0.037506258 -0.045439923 0.10594401)
(0.026888341 -0.046541196 0.088445223)
(0.019711605 -0.0045024087 0.055671669)
(0.037060402 -0.061791328 0.11505476)
(0.033038075 -0.054004404 0.12058668)
(0.030072653 -0.052874828 0.10730755)
(0.020252067 -0.054029571 0.078433931)
(0.020517072 -0.039505726 0.067784185)
(0.026059488 -0.068753081 0.1165068)
(0.034996797 -0.067804629 0.10944793)
(0.026017422 -0.063085116 0.1107129)
(0.032812697 -0.068912538 0.12878181)
(0.014631009 -0.056451947 0.063036195)
(0.0099359946 -0.057904996 0.061577707)
(-0.047702819 0.017805061 0.051678653)
(-0.063755602 0.019600848 0.087772025)
(-0.046302641 0.015884756 0.056803242)
(-0.050428107 0.022354837 0.062264081)
(-0.052578884 0.02145167 0.072084268)
(-0.063055496 0.034423933 0.10870693)
(-0.039646938 0.02519507 0.06226633)
(-0.041963028 0.021347152 0.065177344)
(-0.059642508 0.0024287394 0.048908604)
(-0.049120944 -0.0026662763 0.041688146)
(-0.042344603 0.0040219817 0.029324652)
(-0.062605126 -0.0038883051 0.063396276)
(-0.067262226 -0.0026948838 0.075832053)
(-0.023383481 -0.017327228 0.042650137)
(-0.052783259 -0.0022324901 0.04870815)
(-0.023170679 -0.015447739 0.041144038)
(-0.054569997 0.0028662347 0.050748639)
(-0.060509372 -0.0091246193 0.063268026)
(-0.062478281 0.0087258131 0.055236725)
(-0.047008952 0.014317956 0.041798173)
(-0.046869467 0.015716445 0.0405797)
(-0.063368036 0.015356394 0.062248175)
(-0.050608452 0.010563079 0.037206421)
(-0.061525534 -0.0022356884 0.088080313)
(-0.067807071 0.0019025171 0.085130205)
(-0.011004703 -0.016310007 0.037096726)
(-0.070614915 0.014111548 0.090149485)
(-0.022791003 -0.014209737 0.050924033)
(-0.059671943 0.0059498758 0.070046252)
(-0.055000739 -0.00087476054 0.085888802)
(-0.073089278 0.0026214595 0.098936032)
(-0.061202359 -0.0028210841 0.078504787)
(-0.040306925 0.0029659642 0.06116236)
(-0.066490775 -0.0046342179 0.094271871)
(-0.070624648 -0.0038599647 0.087021394)
(-0.028622996 -0.017555686 0.056939694)
(-0.057498976 -0.0033114714 0.067987706)
(-0.027867652 -0.015520487 0.056302496)
(-0.059567883 0.00081462652 0.069485066)
(-0.06982385 -0.0089942431 0.09681598)
(-0.07790501 0.0051650209 0.10780167)
(-0.042832914 0.0097550094 0.058538989)
(-0.056022857 0.0083941814 0.084086425)
(-0.072892966 0.0078999807 0.10787209)
(-0.051622981 0.0049555568 0.077027929)
(-0.047180756 0.015324241 0.059948443)
(-0.049318123 0.020397766 0.051261229)
(-0.042264508 0.023499168 0.040590854)
(-0.053418331 0.021074794 0.049505227)
(-0.056008219 0.02509566 0.061299531)
(-0.05735081 0.015411876 0.062994744)
(-0.058102815 0.030010726 0.062365984)
(-0.054941321 0.0066938245 0.05992493)
(-0.056446204 0.0020601621 0.058862052)
(-0.032418208 -0.0028358887 0.069846318)
(-0.042363137 0.0083899058 0.095262621)
(-0.048742421 0.016497734 0.09496199)
(-0.048286386 0.019915889 0.084709257)
(-0.0091571211 -0.012986095 0.037631865)
(-0.065250705 0.02212238 0.10794117)
(-0.057773169 0.014346081 0.11147009)
(-0.055970701 0.0082386534 0.097841119)
(-0.054981646 0.0133374 0.075501158)
(-0.040660191 0.015650521 0.066214718)
(-0.070320188 0.015800264 0.11248446)
(-0.068679672 0.023944706 0.10259378)
(-0.063259412 0.007640259 0.10226188)
(-0.071586936 0.017781922 0.121989)
(0.036955894 0.0021879846 0.02326907)
(0.022918287 0.0088088626 0.011147736)
(0.03483489 0.0096525341 0.024424807)
(0.030290068 0.01061927 0.018149665)
(0.027906046 0.0085873348 0.033341683)
(0.030104228 0.016837818 0.033389603)
(0.043798994 0.019751293 0.040995248)
(0.034958933 0.019829707 0.025931692)
(0.037399604 0.014249692 0.031748901)
(0.045038073 0.013466416 0.033866524)
(0.027338318 0.016455793 0.016275605)
(0.029548649 0.020594258 0.029825298)
(0.032815109 0.015865234 0.026738976)
(-0.0026262253 0.040812115 0.024244864)
(0.0053239981 0.025867322 0.011986928)
(0.004575121 0.039691234 0.025483109)
(0.0082393484 0.03145336 0.018169596)
(-0.00061649028 0.036877808 0.035795031)
(0.0089528487 0.037406633 0.034738598)
(0.014696677 0.047560971 0.041676576)
(0.016888703 0.037245261 0.026273356)
(0.0070614778 0.044128326 0.033240385)
(0.0089605273 0.047912131 0.034584705)
(0.01213205 0.031180246 0.017123018)
(0.014627493 0.03524517 0.030639166)
(0.010262345 0.03783428 0.027676947)
(0.02802029 0.03027001 0.031715265)
(0.037010761 0.042082586 0.058633787)
(0.037646256 0.033944713 0.04726448)
(0.030644168 0.041187387 0.048131163)
(0.03510026 0.032720659 0.042195356)
(-0.01226672 -0.0035536427 0.013572533)
(0.020576587 0.01653098 0.032776936)
(0.043722978 0.026274398 0.04478527)
(0.037280517 0.026730029 0.033331809)
(0.0019010554 0.0075826881 0.025967238)
(0.034450126 0.02665964 0.046655319)
(0.031635236 0.034983381 0.032856344)
(0.027010918 0.026282817 0.032363794)
(0.019724356 0.034135238 0.032995995)
(0.024525925 0.021036257 0.019508579)
(0.01884127 0.026498534 0.019711755)
(0.016814006 0.02448941 0.033545051)
(0.036794328 0.021494007 0.030469883)
(0.036308972 0.029362742 0.040239283)
(0.018168924 0.036843982 0.029118353)
(0.026638197 0.038040475 0.039329055)
(0.031430164 0.022904576 0.13932534)
(0.02958004 0.023273653 0.14289127)
(0.069014448 0.047195742 0.22833748)
(0.052727782 0.046942828 0.18818697)
(0.056196213 0.041741512 0.18566646)
(0.079659744 0.074905245 0.2210183)
(0.045674847 0.042970435 0.12945426)
(0.047674085 0.042916769 0.14608099)
(0.091291864 0.058253746 0.22358501)
(0.049780673 0.036923848 0.1301049)
(0.051154301 0.035788323 0.14735341)
(0.046716314 0.038029345 0.13893675)
(0.075422805 0.045518175 0.21014641)
(0.086167776 0.066566425 0.22498243)
(0.094233945 0.056824639 0.22963294)
(0.084820451 0.066674715 0.21921124)
(0.073864095 0.061192866 0.22362661)
(0.079788701 0.053747588 0.22587941)
(0.037058277 0.01486606 0.2105565)
(0.034781372 0.013137449 0.22167538)
(0.039700068 0.0056817885 0.10841357)
(0.035694503 0.02518646 0.20455427)
(0.036931807 0.0040432471 0.11994863)
(0.020954115 0.015027225 0.1818713)
(0.043486177 0.02259521 0.19810529)
(0.017130837 0.0064579604 0.19905146)
(0.0065600371 -0.0045964505 0.17734172)
(0.0085476429 0.0042972684 0.11677343)
(0.027092034 0.0056560562 0.21251394)
(0.0248425 0.0045096441 0.21903725)
(0.027364991 -0.0038022929 0.12495474)
(0.0052099567 -0.0033119761 0.16855196)
(0.032161234 0.00046982911 0.12513352)
(0.012423818 0.0053875642 0.17145234)
(0.018310457 -0.0041163484 0.20920609)
(0.03267712 0.016593385 0.22030225)
(0.020242041 0.018062404 0.13016533)
(0.029778562 0.030447958 0.17354163)
(0.046151407 0.02972406 0.23487385)
(0.019741213 0.019645752 0.15960688)
(0.017641442 0.0019810044 0.19850773)
(0.0044333587 -0.0048625388 0.17540352)
(0.010104107 0.0018923246 0.12115761)
(0.023561054 -0.00032633562 0.21870644)
(0.024657067 0.0024237861 0.22199324)
(0.026318906 -0.0098462775 0.1309922)
(0.0040115656 -0.0050574743 0.17178617)
(0.032107444 -0.0063186037 0.13155367)
(0.012902991 0.0020026374 0.17475686)
(0.012727681 -0.0082062108 0.21589964)
(0.029787009 0.012115693 0.21265513)
(0.022230676 0.010848095 0.13228285)
(0.037372681 0.014833151 0.17675736)
(0.04506525 0.020364539 0.23037536)
(0.025889917 0.0064956092 0.16497632)
(0.019840425 0.012452862 0.18367576)
(0.012770345 0.0047835576 0.17409119)
(0.061727873 0.045767004 0.1782492)
(0.071262847 0.072101837 0.21191438)
(0.051722167 0.061087843 0.16864813)
(0.081713414 0.071193117 0.22361696)
(0.058815289 0.03573483 0.13678595)
(0.074234857 0.068493621 0.2345484)
(0.069052711 0.072149045 0.23504975)
(0.059449656 0.048413614 0.21676359)
(0.036782376 0.03915598 0.17461146)
(0.028845129 0.033117428 0.13283449)
(0.040879786 0.042706921 0.20407319)
(0.052556523 0.054561011 0.20944327)
(0.053540875 0.042082244 0.23100432)
(0.059506051 0.058393047 0.23778074)
(0.077789091 0.019825665 0.18355311)
(0.097290724 0.031700381 0.20923414)
(0.069028298 0.036830684 0.17168869)
(0.09750813 0.046445073 0.22564536)
(0.07436671 0.0092073537 0.14359236)
(0.087381818 0.047390777 0.23459903)
(0.090663966 0.036425808 0.23000962)
(0.073789335 0.025238382 0.21837028)
(0.046868118 0.026143805 0.17578536)
(0.039430417 0.017527482 0.1334188)
(0.053369026 0.021157851 0.20000165)
(0.066903471 0.033734811 0.20498505)
(0.061887226 0.024596414 0.22890801)
(0.07272839 0.03253071 0.23115514)
(0.0034525617 -0.0056814951 0.20727458)
(0.0033593339 0.017869399 0.15543694)
(-0.0018269 0.0072329724 0.21264501)
(-0.0039454324 0.015166031 0.12863846)
(0.0012184979 0.034705817 0.20041607)
(-0.00792163 0.041883527 0.22821533)
(-0.021114765 0.043724952 0.21433359)
(-0.012343482 0.038818279 0.17106896)
(-0.0049379334 0.021095422 0.23214607)
(-0.0094824491 0.029427363 0.19341649)
(-0.0038194537 0.031794972 0.18520522)
(-0.010198753 0.034477288 0.22067585)
(-0.0064241737 0.020173772 0.21710703)
(0.0052243561 0.076139351 0.21964949)
(0.0016761631 0.042004513 0.16743891)
(-0.0021504257 0.074428777 0.21297926)
(-0.008110026 0.063468163 0.14652957)
(-0.0036595745 0.11094705 0.22894989)
(-0.013865336 0.093946784 0.23221603)
(-0.01789335 0.10253738 0.20359641)
(-0.010546317 0.068778827 0.16085016)
(-0.01257774 0.096969668 0.23156725)
(-0.0083851982 0.10200036 0.19520077)
(-0.0017431598 0.057153764 0.19635404)
(-0.015241159 0.072615383 0.21829532)
(-0.0093568516 0.075980151 0.21449314)
(-0.022465609 0.054697549 0.13867432)
(-0.047305717 0.10078098 0.22799554)
(-0.036282562 0.07793153 0.19834469)
(-0.036868128 0.091807614 0.19415768)
(-0.026811704 0.070976298 0.21781795)
(0.0081958855 0.057878317 0.13448096)
(-0.0069788138 0.057173336 0.21880156)
(-0.027272953 0.05997888 0.22823225)
(-0.018200003 0.054455359 0.19684084)
(-0.002304464 0.068324262 0.19006382)
(-0.030482308 0.073810484 0.22505458)
(-0.026540998 0.085283556 0.21589241)
(0.0034933974 0.078103678 0.1549508)
(-0.01148081 0.091840232 0.21959405)
(-0.028888162 0.11242221 0.22495065)
(-0.016410679 0.083055459 0.18703384)
(-0.005936978 0.082666577 0.19365843)
(-0.030830849 0.10820371 0.23399868)
(-0.016417632 0.066762681 0.19774188)
(-0.014018381 0.055236186 0.23119715)
(-0.016893862 0.076512528 0.22774837)
(-0.0095026452 0.036166568 0.13851954)
(-0.0076861312 0.047972288 0.13747451)
(-0.012264162 0.073063081 0.22360704)
(-0.015427046 0.031888818 0.12778768)
(-0.029097104 0.057764453 0.17411675)
(-0.018694008 0.06690813 0.1346154)
(-0.023385802 0.075839391 0.15954885)
(-0.010226688 -0.013842209 0.20083448)
(0.014525853 -0.0043477495 0.15360709)
(0.0010819592 -0.016872152 0.2064701)
(0.01353727 -0.010768557 0.12085542)
(0.023822156 -0.026407414 0.18109818)
(0.033259486 -0.031491706 0.21802413)
(0.036500544 -0.033820165 0.20851675)
(0.034480673 -0.019974598 0.16414622)
(0.015007673 -0.0259516 0.22265995)
(0.023518548 -0.020972459 0.18958701)
(0.025644932 -0.013626577 0.18314568)
(0.025103466 -0.029031186 0.22134161)
(0.012687326 -0.021668774 0.21415363)
(0.07352176 -0.013197142 0.20848878)
(0.040138403 -0.010019984 0.16291247)
(0.071064246 -0.018213811 0.20375851)
(0.059570351 -0.014957458 0.13731499)
(0.10499925 -0.032067726 0.2185193)
(0.08678522 -0.037113028 0.22581617)
(0.098157211 -0.033946626 0.20441982)
(0.066078949 -0.020233925 0.1627768)
(0.093257013 -0.032263079 0.2249442)
(0.098530481 -0.023188215 0.18588488)
(0.055461737 -0.013488064 0.18942471)
(0.068977703 -0.031124271 0.21304775)
(0.073418943 -0.023903516 0.20752869)
(0.060294985 -0.031527883 0.18816413)
(0.044966781 -0.037036201 0.23137503)
(0.067697629 -0.038942439 0.22847716)
(0.031651406 -0.01666445 0.12742553)
(0.045812491 -0.016505548 0.13705052)
(0.060804408 -0.039500403 0.22111309)
(0.027097317 -0.01870974 0.12415968)
(0.053433807 -0.035814234 0.16979558)
(0.063061298 -0.026503364 0.13008149)
(0.070218092 -0.036077723 0.15371986)
(-0.013455855 -0.0089389939 0.056310721)
(-0.020201473 -0.007645452 0.15613608)
(-0.013418052 -0.016162371 0.078426582)
(-0.021466298 -0.017362695 0.19781408)
(-0.012833417 -0.0194954 0.076073854)
(-0.013402088 -0.0073642507 0.056074076)
(-0.021856666 -0.017720211 0.15316577)
(0.0048610855 0.0016166833 0.016897299)
(0.0065192845 -0.027363281 0.028272598)
(0.0047482637 -0.0045971388 0.020122949)
(0.01180196 -0.031443737 0.024249117)
(0.003979515 -0.0014948684 0.019446143)
(0.006213887 -0.0011915256 0.017818536)
(0.0095901652 -0.023344592 0.028206096)
(-0.012970895 0.00010897317 0.011332661)
(0.012571718 -0.004339976 0.023321801)
(-0.01181759 -0.0010647234 0.014454726)
(0.024259411 -0.011056871 0.022709069)
(-0.0090953015 -0.00032135368 0.015492593)
(-0.015861855 -0.001301814 0.010299992)
(0.013338423 -0.0069214553 0.024560547)
(0.0013329203 -0.017486733 0.013784636)
(-0.024836248 -0.010559736 0.026763795)
(-0.0028480827 -0.015627738 0.018493134)
(-0.033267735 0.0012837279 0.023545386)
(-0.0041381777 -0.014935015 0.01783406)
(0.0024898814 -0.017550974 0.0147007)
(-0.024260372 -0.0068279257 0.026785586)
(-0.015062323 -0.0076296677 0.014998369)
(-0.016137801 0.019862445 0.026006913)
(-0.017756013 -0.0034148667 0.018171467)
(-0.020929906 0.026025893 0.023686008)
(-0.016385821 -0.005121415 0.01837588)
(-0.016992936 -0.0064099201 0.014802049)
(-0.018917356 0.01729549 0.026967118)
(-0.022129505 -0.0051367207 0.007767845)
(0.01014173 -0.00094879702 0.022344926)
(0.019466621 0.008095914 0.020666077)
(-0.015735749 -0.0020013908 0.013580231)
(-0.018930215 -0.0033151083 0.011829437)
(0.0056945 0.0014672228 0.02150569)
(-0.019388407 -0.0030823109 0.0090914281)
(-0.019402984 -0.0076445055 0.012180759)
(-0.012679353 0.019557613 0.025132483)
(-0.0022290287 0.026926945 0.022051755)
(-0.018443179 -0.0033744105 0.017214507)
(-0.018845478 -0.0043929988 0.01493372)
(-0.010114886 0.017040649 0.024256159)
(-0.018323442 -0.0066746875 0.013842158)
(0.024292577 0.0010986558 0.058092438)
(0.024379479 -0.0083135644 0.17182293)
(0.018453783 -0.024521901 0.1961525)
(0.022874543 0.0067528359 0.093428057)
(0.024227064 0.0031366552 0.085851491)
(0.021540937 -0.016841964 0.16188897)
(0.023304981 0.00061113656 0.066844348)
(0.02435333 0.018129945 0.059088216)
(0.012803839 0.0056203072 0.16791826)
(0.010467851 -0.015414381 0.19303604)
(0.022423186 0.02133719 0.08822835)
(0.022341564 0.018320306 0.080315951)
(0.015564553 -0.0015743756 0.15706716)
(0.024337387 0.019038305 0.067186886)
(0.010581221 -0.022130362 0.044295287)
(-0.047272739 -0.019170654 0.14041299)
(-0.045831651 -0.013678699 0.15488991)
(0.0027962501 -0.020174464 0.074998409)
(0.006159734 -0.019935234 0.070544619)
(-0.040984526 -0.022939915 0.13520573)
(0.0067749932 -0.02131546 0.048848018)
(0.020012879 -0.025642893 0.054507049)
(0.0074582213 -0.015783528 0.16318141)
(-0.014637763 -0.013530861 0.18931937)
(0.022935192 -0.023752593 0.082080569)
(0.021050052 -0.023412643 0.07393683)
(0.00030174099 -0.018339665 0.1521631)
(0.020103912 -0.025739496 0.062651134)
(-0.020415836 -0.0711727 0.094159248)
(-0.017073379 -0.048850479 0.052440823)
(-0.015372338 -0.04798334 0.058661434)
(-0.022107794 -0.053032957 0.063882492)
(-0.020537358 -0.055720691 0.073976935)
(-0.037739058 -0.063745595 0.086696903)
(-0.027828067 -0.041765866 0.057558336)
(-0.025327229 -0.043977138 0.053006176)
(-0.033761963 -0.068527907 0.11442678)
(-0.025030635 -0.041957875 0.064666033)
(-0.020855866 -0.044745323 0.068054896)
(-0.022837049 -0.04403966 0.059926495)
(-0.014127001 -0.057203642 0.083913466)
(-0.023105422 -0.058680122 0.088229948)
(-0.021248431 -0.060857077 0.09955537)
(-0.036144481 -0.067810339 0.10046496)
(-0.030827423 -0.067762353 0.089193779)
(-0.028179115 -0.070738252 0.10214895)
(-0.0052096594 -0.060797068 0.050869593)
(-0.00014121634 -0.050626378 0.042995531)
(-0.0048188316 -0.042088317 0.029266101)
(-0.00030102501 -0.068113393 0.068025631)
(-0.00049488033 -0.073320679 0.080597005)
(0.011182624 -0.033773178 0.05139849)
(0.00035996033 -0.054584992 0.050087251)
(0.0099443298 -0.03484364 0.050957334)
(0.0043938457 -0.065573973 0.067222188)
(-0.0045403182 -0.056523826 0.051697071)
(-0.010742917 -0.065801708 0.058277348)
(-0.014643617 -0.048869347 0.042983128)
(-0.016805658 -0.049426778 0.041995632)
(-0.01701504 -0.068885192 0.065985825)
(-0.011872818 -0.052963639 0.038201898)
(-0.00026271301 -0.068658753 0.097579278)
(-0.0042675228 -0.074713672 0.092104028)
(0.012679192 -0.024931958 0.053226018)
(-0.014479278 -0.073951444 0.093904161)
(0.010236372 -0.03497603 0.064716169)
(-0.00087086559 -0.063765057 0.097238225)
(-0.006880448 -0.062109761 0.072810013)
(-0.0037181822 -0.075157837 0.10256638)
(0.0013111396 -0.06279137 0.082036233)
(-0.0035407838 -0.040312691 0.061886551)
(0.0014656546 -0.073128974 0.10204087)
(0.00076730962 -0.075916417 0.092782919)
(0.012503128 -0.038197089 0.067435986)
(0.0019210421 -0.059745274 0.07044908)
(0.010922567 -0.03838623 0.068107957)
(0.0058905432 -0.075239624 0.10370314)
(-0.0020924977 -0.062073411 0.071871826)
(-0.006477307 -0.081989488 0.11451619)
(-0.0098267617 -0.043958301 0.059876337)
(-0.0085717608 -0.058494122 0.088192098)
(-0.0087385687 -0.077607237 0.11521076)
(-0.0052595634 -0.053160354 0.080319971)
(-0.016686244 -0.056370925 0.066751798)
(-0.020705118 -0.051635237 0.052962506)
(-0.024094617 -0.044583917 0.041873215)
(-0.02169829 -0.056487108 0.051050657)
(-0.024912108 -0.059209412 0.063896196)
(-0.017075775 -0.064469762 0.068007523)
(-0.030575019 -0.063062966 0.065055341)
(0.0029486825 -0.043292255 0.083880194)
(-0.0069311086 -0.050660344 0.1068971)
(-0.015982515 -0.058133025 0.10616713)
(-0.019025291 -0.050141703 0.087673218)
(0.012675426 -0.021925478 0.054102612)
(-0.021059722 -0.071012497 0.11516657)
(-0.01286835 -0.063777845 0.12087547)
(-0.0082899996 -0.065045448 0.10952102)
(-0.013193343 -0.056857272 0.078687147)
(-0.015471668 -0.04141179 0.067370724)
(-0.015555979 -0.073307589 0.11770441)
(-0.023311443 -0.072941356 0.10803978)
(-0.007602201 -0.069465671 0.11135085)
(-0.017196027 -0.076248423 0.12974753)
(-0.0074118417 -0.058008096 0.061525079)
(-0.0030472187 -0.058830632 0.060927519)
(-0.057670303 -0.041050964 0.093389799)
(-0.045173395 -0.025220144 0.052115589)
(-0.044145587 -0.021613938 0.056843434)
(-0.047476739 -0.031642517 0.065463933)
(-0.049941358 -0.03043536 0.074712445)
(-0.052747599 -0.052117509 0.086654562)
(-0.035340194 -0.033009088 0.05515961)
(-0.038854611 -0.031448045 0.053073567)
(-0.057309247 -0.048854023 0.1117255)
(-0.036784085 -0.030976538 0.063279922)
(-0.038880151 -0.027065315 0.065597249)
(-0.055077824 -0.025639299 0.064920084)
(-0.061559553 -0.025263238 0.076845107)
(-0.006301339 -0.023701895 0.034858343)
(-0.05787695 -0.025268351 0.061560656)
(-0.015463884 -0.022848527 0.04054629)
(-0.044835706 -0.031019439 0.062428414)
(-0.050827971 -0.018182067 0.051843416)
(-0.056947884 -0.015359396 0.049297424)
(-0.047588967 -0.0080335502 0.041706034)
(-0.041552019 -0.010381008 0.029501093)
(-0.059391765 -0.019908525 0.063796704)
(-0.06484918 -0.020007182 0.075560149)
(-0.021608021 -0.019077146 0.042712646)
(-0.051584884 -0.0075936309 0.04865572)
(-0.020366757 -0.021068683 0.042270151)
(-0.058456173 -0.014142984 0.06347887)
(-0.052569658 -0.013081305 0.049893663)
(-0.058993008 -0.022793305 0.056900514)
(-0.044318789 -0.020005224 0.040568394)
(-0.043973292 -0.024787073 0.0414309)
(-0.058331331 -0.032073798 0.063348662)
(-0.049529251 -0.019769472 0.03796345)
(-0.057370312 -0.022955013 0.089909032)
(-0.064668186 -0.025888927 0.087361083)
(-0.0072734976 -0.022838937 0.044872809)
(-0.068023333 -0.028424658 0.091235109)
(-0.019187467 -0.02363813 0.055260666)
(-0.051051765 -0.027316857 0.089241751)
(-0.057325739 -0.015902269 0.070434694)
(-0.071199923 -0.016764791 0.098029991)
(-0.060331939 -0.0082579773 0.077869651)
(-0.039944557 -0.0084811434 0.061116797)
(-0.063914593 -0.020426031 0.09446881)
(-0.067912782 -0.019778179 0.087219153)
(-0.026968798 -0.019725647 0.056652728)
(-0.057012039 -0.0072312505 0.067873021)
(-0.024259795 -0.021848432 0.05686491)
(-0.068956712 -0.015571287 0.096770195)
(-0.057909281 -0.011379429 0.069463939)
(-0.076247053 -0.023905348 0.1097784)
(-0.042110448 -0.01645008 0.058794695)
(-0.055808989 -0.018143063 0.086413395)
(-0.07150678 -0.028739872 0.1109929)
(-0.051457118 -0.013641192 0.078378389)
(-0.014395224 -0.032840596 0.05029808)
(-0.024333319 -0.042324557 0.060225009)
(-0.033824656 -0.04557545 0.074227675)
(-0.039973642 -0.038796653 0.055071349)
(0.0051855319 -0.022800374 0.032313909)
(-0.052948784 -0.04943692 0.08004759)
(-0.041502767 -0.046936429 0.066974388)
(-0.038963557 -0.039328524 0.064291451)
(-0.046054499 -0.029325396 0.051978379)
(-0.040338928 -0.029887909 0.041670307)
(-0.049087071 -0.032025075 0.050770222)
(-0.051271646 -0.036129903 0.063143848)
(-0.050755299 -0.036104574 0.06545733)
(-0.051557022 -0.045558235 0.064339246)
(-0.02114373 -0.030207451 0.078389354)
(-0.032495334 -0.035873128 0.10326289)
(-0.040552275 -0.042066852 0.10340086)
(-0.045660712 -0.029624699 0.088464789)
(0.0016252077 -0.024326019 0.050982613)
(-0.058442758 -0.041220249 0.11328297)
(-0.051075098 -0.037677502 0.1187339)
(-0.047402511 -0.034257535 0.10251225)
(-0.051705982 -0.022292643 0.076705898)
(-0.039100997 -0.021553253 0.067029155)
(-0.067388018 -0.029641457 0.115318)
(-0.064290377 -0.036894305 0.1054637)
(-0.058441943 -0.030847473 0.10670103)
(-0.06703071 -0.036684712 0.12693004)
(-0.05374209 -0.017402438 0.060573166)
(-0.002141365 -0.044687552 0.025237177)
(-0.0088166364 -0.028894337 0.012614447)
(-0.0099212779 -0.044539838 0.027068271)
(-0.010819681 -0.035607738 0.020315294)
(-0.0058008051 -0.047562792 0.041821761)
(-0.015774441 -0.04793578 0.040416387)
(-0.018879128 -0.054978516 0.046062778)
(-0.013179933 -0.051861737 0.037214683)
(-0.013034261 -0.053312967 0.03796311)
(-0.020033866 -0.04221714 0.029021006)
(-0.016505205 -0.036030139 0.018515508)
(-0.020626715 -0.043374213 0.034556749)
(-0.015813545 -0.044197075 0.030235861)
(-0.042343106 -0.0095196973 0.025107397)
(-0.026499138 -0.013471564 0.012623394)
(-0.040410213 -0.01746308 0.026772739)
(-0.03175545 -0.01549519 0.019717844)
(-0.035308162 -0.026542061 0.039067933)
(-0.036682005 -0.032441354 0.039262006)
(-0.047910462 -0.030400205 0.044918776)
(-0.043181803 -0.02688432 0.035976932)
(-0.047117611 -0.022220336 0.036586824)
(-0.037555699 -0.026602482 0.028879314)
(-0.031273745 -0.022240874 0.018164514)
(-0.035532888 -0.030949224 0.033795386)
(-0.0382116 -0.024592254 0.029431902)
(-0.029479755 -0.03492154 0.034751411)
(-0.037945915 -0.054161042 0.065520967)
(-0.032312746 -0.048864846 0.053332027)
(-0.039512228 -0.042751716 0.052708733)
(-0.031814972 -0.048698137 0.047442893)
(0.008727656 -0.020025318 0.027185827)
(-0.01547449 -0.043089482 0.041430423)
(-0.024445364 -0.05802995 0.051258669)
(-0.00608863 -0.032080162 0.037675264)
(-0.024339552 -0.053112403 0.054677413)
(-0.026064289 -0.04627992 0.037943155)
(-0.038951162 -0.042151422 0.047134753)
(0.0050606261 -0.021246581 0.025414397)
(-0.027945879 -0.034991832 0.040632992)
(-0.047308779 -0.039196042 0.050016967)
(-0.010943629 -0.030501183 0.037337445)
(-0.038683101 -0.042231906 0.053750941)
(-0.039190195 -0.034240738 0.037244885)
(-0.019943833 -0.040652372 0.03137081)
(-0.028638008 -0.043437345 0.04314542)
(-0.036452857 -0.025510756 0.030868242)
(-0.037692544 -0.036245133 0.043115341)
(-0.02709276 -0.047852905 0.15806315)
(-0.018689112 -0.023544467 0.09256679)
(-0.019229277 -0.02361786 0.092788334)
(-0.034543768 -0.049081178 0.13931818)
(-0.03954035 -0.045107869 0.13894671)
(-0.034755874 -0.058155657 0.13378235)
(-0.023730115 -0.030664187 0.072143732)
(-0.022287404 -0.032928187 0.086752722)
(-0.04675609 -0.048783199 0.13439256)
(-0.028942305 -0.031396781 0.075938558)
(-0.028119666 -0.028268656 0.087886856)
(-0.025132004 -0.031304271 0.087724391)
(-0.014791132 -0.038691759 0.11995961)
(-0.024736275 -0.051210094 0.127746)
(-0.03051522 -0.048334265 0.12847486)
(-0.04105269 -0.054266516 0.13238102)
(-0.032102073 -0.050517753 0.14314073)
(-0.036525416 -0.047242537 0.14320795)
(-0.00020225391 -0.029048188 0.17422258)
(-0.0061501159 -0.028951157 0.18185465)
(0.018932448 -0.014016583 0.077551304)
(-0.019230562 -0.036528639 0.16593153)
(0.018641199 -0.014210023 0.095492491)
(0.00042963205 -0.031133728 0.15165164)
(-0.014262395 -0.029073629 0.1580571)
(-0.0059544502 -0.026910277 0.18119031)
(-0.0006622911 -0.016811014 0.17138706)
(-0.0017625296 -0.010655253 0.093313441)
(0.0033312055 -0.022804772 0.1899591)
(-0.00048252959 -0.02246344 0.19546736)
(0.022839163 -0.0085365028 0.11974855)
(-0.0019855811 -0.011901982 0.16347296)
(0.019899226 -0.012137195 0.10983442)
(0.0094955851 -0.014122265 0.20148644)
(-0.0083899062 -0.020641182 0.15993341)
(-0.011484569 -0.039333227 0.19144734)
(-0.011676647 -0.021654303 0.094447007)
(-0.015265399 -0.038429187 0.14910174)
(-0.010673555 -0.043026868 0.17816922)
(-0.011999386 -0.029967593 0.14087286)
(-0.0093789236 -0.027748399 0.1784749)
(-0.0086667214 -0.027923825 0.1834048)
(0.017393411 -0.017420806 0.078087277)
(-0.026681282 -0.033282979 0.17061101)
(0.016364662 -0.0176409 0.096598888)
(-0.0091108647 -0.02818378 0.15325119)
(-0.020875752 -0.026219855 0.16386307)
(-0.017419154 -0.02032114 0.18517274)
(-0.0094453691 -0.013921224 0.17526804)
(-0.0071590345 -0.0071886554 0.093341806)
(-0.0050766829 -0.023237198 0.19647218)
(-0.0027030459 -0.021558948 0.19713261)
(0.021220133 -0.013955223 0.12393266)
(-0.0037571088 -0.011590189 0.16462595)
(0.017683172 -0.016342505 0.11238793)
(0.0028642179 -0.017775758 0.20896705)
(-0.012711263 -0.018628217 0.16276124)
(-0.027444198 -0.031452156 0.19725412)
(-0.017533451 -0.017439754 0.095008101)
(-0.031735574 -0.028462333 0.15126391)
(-0.028676679 -0.032235347 0.18199288)
(-0.024930264 -0.022506453 0.14211752)
(0.0046312354 -0.03245491 0.0972196)
(-0.0060391489 -0.045962307 0.1118032)
(-0.015720233 -0.052423209 0.12393248)
(-0.034138447 -0.06294619 0.13798911)
(0.015383467 -0.021708137 0.0605484)
(-0.024913665 -0.05733245 0.14936688)
(-0.015883517 -0.059081959 0.14815599)
(-0.0071584556 -0.043560267 0.13988864)
(-0.025537816 -0.046396924 0.14267054)
(-0.016517523 -0.031819779 0.090027711)
(-0.018498601 -0.048996271 0.16349618)
(-0.025659291 -0.051831585 0.15108587)
(-0.011916229 -0.050310991 0.17166642)
(-0.019151016 -0.056160264 0.16228098)
(-0.0070602554 -0.029468491 0.097027772)
(-0.025213728 -0.034938046 0.10986337)
(-0.031944187 -0.04118654 0.12388747)
(-0.053948911 -0.046560882 0.13643692)
(0.0066587551 -0.02188008 0.060170052)
(-0.043732705 -0.046311401 0.15302643)
(-0.040304125 -0.040119612 0.14456748)
(-0.019261935 -0.029391918 0.16159783)
(-0.011122881 -0.019615599 0.15859337)
(0.0048449281 -0.069658886 0.14797236)
(0.0022454726 -0.039942181 0.10541343)
(-0.00048164438 -0.070204445 0.14991428)
(-0.0026920369 -0.037945987 0.074363382)
(0.006594978 -0.06411299 0.13356395)
(0.0036010447 -0.062868152 0.14068506)
(-0.0088965182 -0.078197107 0.13615874)
(0.0020104006 -0.067477321 0.14578225)
(-0.0053772314 -0.072089306 0.12201976)
(-0.0047481775 -0.049990729 0.094733642)
(-0.0017501847 -0.053313674 0.13905486)
(-0.0021877271 -0.067826317 0.1598077)
(-0.0031766819 -0.069884631 0.15716991)
(0.0082310155 -0.023349161 0.19640439)
(0.0015004865 -0.022403992 0.14165441)
(0.0037564702 -0.035443422 0.19091588)
(-0.0015730093 -0.017534999 0.089865528)
(0.011547807 -0.027502619 0.16442239)
(0.0044630484 -0.0464946 0.17835895)
(-0.0096592462 -0.047380026 0.18106649)
(0.0059885564 -0.036259293 0.18218692)
(-0.0062680299 -0.036907033 0.17346148)
(-0.0096378697 -0.041368911 0.13766782)
(-0.012746013 -0.036397742 0.080533259)
(-0.016918386 -0.061281146 0.13360179)
(-0.022396964 -0.067787007 0.13111607)
(-0.021409066 -0.059347393 0.13951823)
(-0.014031692 -0.064644197 0.16102846)
(0.019154692 -0.015069354 0.07212489)
(0.0058742307 -0.044023869 0.15246911)
(-0.0073564151 -0.048620272 0.16464358)
(0.010636319 -0.034943601 0.11726039)
(-0.0063363992 -0.053074552 0.15447969)
(-0.012584464 -0.052030375 0.15169923)
(-0.012452086 -0.059333316 0.13975196)
(0.0013063451 -0.059073592 0.15516892)
(0.0021701053 -0.05243437 0.16572007)
(0.003311323 -0.056700587 0.15555787)
(-0.0031392193 -0.033617349 0.080093548)
(-0.0032725946 -0.027554052 0.084559005)
(-0.0099379808 -0.04098708 0.074359685)
(-0.012713022 -0.054581624 0.09701726)
(-0.010326039 -0.026691498 0.088458531)
(-0.022435773 -0.053275648 0.13214471)
(-0.068415186 -0.010558581 0.14389898)
(-0.039341208 -0.004602683 0.10293767)
(-0.067314168 -0.01633774 0.14615595)
(-0.052905883 -0.013895377 0.14007638)
(-0.061389974 -0.025160074 0.15781466)
(-0.065264607 -0.021633616 0.15479991)
(-0.018379868 -0.01110439 0.1998229)
(-0.018560057 -0.010565633 0.13982689)
(-0.030582627 -0.017167327 0.1939088)
(-0.013449045 -0.0067354641 0.088836086)
(-0.0097840569 -0.019180835 0.15964709)
(-0.033228012 -0.023830619 0.17528563)
(-0.039275444 -0.029854843 0.18251704)
(-0.025027407 -0.017918284 0.18217168)
(-0.029732813 -0.019597582 0.17113119)
(-0.036047746 -0.02040318 0.13310749)
(-0.03342937 -0.014733733 0.15767774)
(-0.044998547 -0.02314662 0.18322964)
(-0.039709718 -0.021823046 0.19193828)
(-0.034026493 -0.019565172 0.078914134)
(-0.048278095 -0.039417937 0.13301468)
(-0.060338283 -0.038317005 0.12898617)
(-0.05003001 -0.037295575 0.13723177)
(-0.06249623 -0.033997935 0.14927863)
(0.0042271599 -0.020958445 0.058830799)
(-0.045677164 -0.026471854 0.13400755)
(-0.06273882 -0.029517446 0.13286485)
(-0.019773015 -0.026984254 0.10505966)
(-0.050152104 -0.02972134 0.12573227)
(-0.062219282 -0.02592709 0.13053435)
(-0.057181653 -0.034202509 0.16105486)
(0.0086823992 -0.020754273 0.066961088)
(-0.028219597 -0.025182096 0.14740578)
(-0.038334477 -0.029462477 0.1647444)
(-0.01416231 -0.025580514 0.10995409)
(-0.039187065 -0.033057971 0.15276418)
(-0.047392839 -0.027828294 0.15274887)
(-0.053738269 -0.025397393 0.13689719)
(-0.050613583 -0.022548757 0.15071511)
(-0.042933993 -0.02255125 0.16225344)
(-0.040633885 -0.026451633 0.14654821)
(-0.03156375 -0.0088523538 0.078551658)
(-0.025777423 -0.0089210797 0.08171792)
(-0.038610105 -0.016146526 0.072411649)
(-0.050316166 -0.022590128 0.096601003)
(-0.023668855 -0.016493252 0.089428039)
(-0.047068284 -0.034516247 0.13168014)
(0.0057458833 -0.04434576 0.025438838)
(0.010567963 -0.02825308 0.012849837)
(0.013234438 -0.042719357 0.026829293)
(0.013003495 -0.032710967 0.019311165)
(0.018918033 -0.040766579 0.040464248)
(0.025659392 -0.05045998 0.045662043)
(0.024668886 -0.040336903 0.039076589)
(0.018601044 -0.049273257 0.036809521)
(0.020421718 -0.046591163 0.03609523)
(0.023534076 -0.039607891 0.028859472)
(0.018154635 -0.032986294 0.018309962)
(0.025073586 -0.038141794 0.03323881)
(0.019407849 -0.040422788 0.029410203)
(0.038035607 -0.005796427 0.023761719)
(0.025050343 -0.010680749 0.012622991)
(0.037883163 -0.013133483 0.02572223)
(0.030806012 -0.01281679 0.018745107)
(0.037096485 -0.014989689 0.037887142)
(0.039670169 -0.022237993 0.038249718)
(0.049259665 -0.024103364 0.044773414)
(0.043706241 -0.019293035 0.034823988)
(0.038473938 -0.022769144 0.02804821)
(0.047121078 -0.01775629 0.035844871)
(0.0310082 -0.018489729 0.017621207)
(0.036963409 -0.024193649 0.033078592)
(0.037662065 -0.01928622 0.028541656)
(0.031763863 -0.031895713 0.03396843)
(0.047977025 -0.043345212 0.065053426)
(0.038646692 -0.043144258 0.052428226)
(0.045143633 -0.036597088 0.052049339)
(0.037255902 -0.042193418 0.047237189)
(0.0098066035 -0.0033782953 0.026712264)
(0.032873085 -0.051037316 0.050966529)
(0.025877531 -0.032275171 0.040239261)
(0.034990434 -0.043289107 0.054012164)
(0.019511334 -0.0174225 0.036771482)
(0.03034245 -0.041874518 0.037523723)
(0.02245505 -0.037435245 0.031060272)
(0.03282927 -0.040050498 0.042655296)
(0.038178421 -0.037788534 0.036470244)
(0.031757287 -0.036668745 0.03695613)
(0.037635655 -0.030236666 0.036684804)
(0.031631439 -0.029167132 0.039971614)
(0.023490703 -0.028540232 0.021834456)
(0.02814991 -0.022900049 0.021103983)
(0.039596447 -0.023348831 0.032238666)
(0.041256404 -0.031685539 0.043580031)
(0.065412849 -0.028958514 0.093815838)
(0.046124045 -0.021120984 0.05211403)
(0.046276407 -0.019059054 0.057758305)
(0.050048707 -0.027038493 0.064321006)
(0.053219049 -0.025889829 0.074924278)
(0.060232952 -0.043720444 0.087458146)
(0.038956677 -0.029934632 0.056084738)
(0.043047291 -0.028892687 0.054621219)
(0.06531114 -0.039771582 0.11426645)
(0.040256021 -0.02753386 0.064487778)
(0.042324159 -0.023972205 0.066893914)
(0.042582322 -0.026214804 0.060464764)
(0.051841356 -0.02285159 0.08328208)
(0.054160132 -0.03156986 0.088606994)
(0.056557637 -0.029415905 0.099775952)
(0.064157573 -0.041571441 0.10004861)
(0.06435253 -0.037841197 0.089725793)
(0.066940773 -0.035345255 0.10222084)
(0.05634233 -0.010977379 0.047907886)
(0.040397384 -0.0079367573 0.028708307)
(0.046429842 -0.005087153 0.039761592)
(0.060551788 -0.017570237 0.055930349)
(0.045248379 -0.017899583 0.04130827)
(0.045436398 -0.021122822 0.04095628)
(0.04912769 -0.016120891 0.036952548)
(0.062492048 -0.024781833 0.063828221)
(0.06246045 -0.0090205611 0.092390721)
(0.070136979 -0.021423974 0.092268839)
(0.016798559 0.0047128922 0.047754758)
(0.068210501 -0.014026689 0.088357369)
(0.026744588 0.0010815421 0.058429027)
(0.057554917 -0.0096371212 0.092653748)
(0.058888072 -0.012156405 0.071035096)
(0.07205309 -0.010643517 0.09840392)
(0.039332807 -0.00630312 0.059921076)
(0.059879338 -0.0040222002 0.078646057)
(0.078298093 -0.014817454 0.11072382)
(0.043031871 -0.013818218 0.06024188)
(0.056527472 -0.013560195 0.087896342)
(0.074822403 -0.017234335 0.11371707)
(0.051198968 -0.0099896646 0.078589549)
(0.049179448 -0.026144224 0.065413212)
(0.048236314 -0.025448492 0.052606746)
(0.042680132 -0.027140511 0.042394149)
(0.052541201 -0.027219813 0.050512623)
(0.058416396 -0.037314609 0.065159281)
(0.055820996 -0.030694135 0.064080161)
(0.057613351 -0.026127682 0.066360162)
(0.059544544 -0.016248345 0.10736282)
(0.054323619 -0.018027498 0.078301647)
(0.040330997 -0.018623588 0.06804669)
(0.070391235 -0.021971145 0.11715559)
(0.069843937 -0.030031709 0.10832261)
(0.064820043 -0.015796463 0.10939494)
(0.072470012 -0.02476186 0.12866341)
(0.054613463 -0.013171356 0.060719813)
(0.0077712261 -0.069120088 0.14807855)
(0.0029836562 -0.038652433 0.10406006)
(0.013824597 -0.068310897 0.1498644)
(0.011248955 -0.052751534 0.14166043)
(0.022080906 -0.063728069 0.16012115)
(0.018758964 -0.066570377 0.15700457)
(0.0088179833 -0.019269314 0.20097413)
(0.0095312436 -0.020340469 0.14569743)
(0.013957664 -0.030859862 0.19520674)
(0.0062043891 -0.014774475 0.089796466)
(0.016711017 -0.013479897 0.16498462)
(0.020595754 -0.036431644 0.18016201)
(0.026603776 -0.041615117 0.18400972)
(0.014988944 -0.027960009 0.18576849)
(0.018997455 -0.037494222 0.13636201)
(0.01797745 -0.031931614 0.17454754)
(0.011208405 -0.033102968 0.15968838)
(0.019441583 -0.046069627 0.18424415)
(0.017392917 -0.040348731 0.19251039)
(0.018378062 -0.035250222 0.082038296)
(0.035233177 -0.051140277 0.13396305)
(0.036220398 -0.0628503 0.13232122)
(0.034481218 -0.052529631 0.1407529)
(0.031073753 -0.065218839 0.15180897)
(0.017974378 -0.0021239257 0.066668819)
(0.026711494 -0.065845122 0.13623465)
(0.022926704 -0.050019826 0.13930739)
(0.026275493 -0.054053272 0.12908719)
(0.023728758 -0.0253397 0.11211168)
(0.023490328 -0.063162865 0.13034033)
(0.030467583 -0.0585475 0.16170634)
(0.017600737 0.0047150582 0.072320628)
(0.021737057 -0.031966692 0.1522524)
(0.025921972 -0.041333623 0.16652989)
(0.022471274 -0.019265223 0.11749519)
(0.024862895 -0.048856207 0.15353289)
(0.028813097 -0.04204755 0.15511786)
(0.01479862 -0.039274969 0.072487912)
(0.020591464 -0.051501305 0.096836068)
(0.02365491 -0.054941748 0.13856849)
(0.019596435 -0.05311996 0.15395519)
(0.019616805 -0.044305943 0.16549453)
(0.023588946 -0.044402008 0.15222854)
(0.0082074759 -0.031744424 0.078057702)
(0.0078571431 -0.026181942 0.084898835)
(0.015680659 -0.025261668 0.090116107)
(0.032500514 -0.049522554 0.13447711)
(0.045771888 -0.031530041 0.16060863)
(0.023003494 -0.020936632 0.093716359)
(0.024194445 -0.020236412 0.094794466)
(0.043652339 -0.042256498 0.14159727)
(0.049072049 -0.038383434 0.14324872)
(0.045957453 -0.049333305 0.13452222)
(0.028488206 -0.029002216 0.073756919)
(0.027300033 -0.028963547 0.087950648)
(0.056026042 -0.039451485 0.13591766)
(0.033263313 -0.028073713 0.076751191)
(0.031865129 -0.024391389 0.088042644)
(0.024019516 -0.011954122 0.17795302)
(0.014888073 0.016162315 0.076218645)
(0.031380918 -0.028717251 0.17254356)
(0.026437801 -0.011439851 0.18412733)
(0.015062976 0.015252755 0.094192071)
(0.024813741 -0.011511828 0.15352882)
(0.024926678 -0.02283978 0.1611259)
(0.01721423 -0.019821355 0.18426101)
(0.005056758 -0.0071588128 0.092535233)
(0.011560106 -0.011138001 0.17750111)
(0.027734998 -0.029684444 0.19704364)
(0.017023208 -0.019084153 0.098063648)
(0.026865196 -0.034486788 0.15244121)
(0.019545076 -0.025064567 0.1408127)
(0.02896172 -0.030819685 0.18128184)
(0.019684059 -0.0076231168 0.19569669)
(0.020067541 -0.00513973 0.19733357)
(0.011218205 0.019937041 0.11989851)
(0.010189212 -0.0049682925 0.16445837)
(0.013726369 0.016398393 0.1093022)
(0.017770826 -0.014628405 0.16308688)
(0.013927005 0.00087456114 0.20737694)
(0.027442744 -0.003340378 0.17720489)
(0.035225057 -0.021562467 0.17126583)
(0.01404615 0.01724551 0.079647807)
(0.027642686 -0.0092902941 0.18419037)
(0.014272956 0.016566925 0.097719428)
(0.028932212 -0.0027233649 0.15454921)
(0.028814412 -0.016768976 0.16133525)
(0.025058136 -0.0087937004 0.18584915)
(0.010148438 -0.0025851708 0.095074788)
(0.016127585 -0.0038061844 0.17541639)
(0.036794141 -0.014803284 0.19641264)
(0.020916534 -0.013370724 0.098080409)
(0.038329254 -0.019329399 0.15379411)
(0.039329727 -0.014837081 0.18096632)
(0.028721727 -0.013024815 0.14325829)
(0.021581727 0.00028856724 0.19326354)
(0.020970536 -0.003087633 0.19753667)
(0.0084489122 0.021258462 0.12211799)
(0.010773423 -0.0030534588 0.16492403)
(0.012238316 0.018026412 0.11224857)
(0.019865827 -0.010029007 0.16106104)
(0.012895526 0.0058554436 0.20542217)
(0.025565967 -0.010916431 0.099238224)
(0.0306844 -0.029713287 0.11245374)
(0.03770977 -0.036381082 0.12581699)
(0.042743987 -0.054503542 0.13407603)
(0.018298173 0.002374265 0.062820885)
(0.03616391 -0.044335084 0.14646325)
(0.042256935 -0.046020149 0.15295146)
(0.03189625 -0.025613989 0.14113947)
(0.034582356 -0.039681555 0.14716083)
(0.021707964 -0.027778335 0.087670495)
(0.030836698 -0.041888731 0.16346888)
(0.036182191 -0.046654937 0.16310166)
(0.037975899 -0.043045737 0.1533586)
(0.033462556 -0.033528408 0.17313547)
(0.029557172 0.00082722853 0.098010347)
(0.042410043 -0.011154021 0.11264925)
(0.049166878 -0.020892774 0.12552633)
(0.060686037 -0.037960478 0.13761689)
(0.019406979 0.012023188 0.061277496)
(0.053949398 -0.029713433 0.15090522)
(0.055144023 -0.020708587 0.14761034)
(0.026779124 -0.020097838 0.15959904)
(0.068319918 -0.00094097906 0.14635462)
(0.039374535 -0.0013752963 0.1049584)
(0.068591337 -0.0062212547 0.14824953)
(0.052495618 -0.0069972555 0.13897754)
(0.065356485 -0.010147192 0.15869598)
(0.067619766 -0.010161755 0.15597589)
(0.022318878 0.0050542872 0.19822662)
(0.020679519 -0.00087454792 0.14176431)
(0.035171769 0.000164701 0.19315662)
(0.015855193 -0.00307397 0.089690349)
(0.02426405 0.009030898 0.16367655)
(0.04462603 -0.013028252 0.18045356)
(0.045270601 -0.00039096742 0.18002136)
(0.033879606 -0.0085270566 0.17293964)
(0.039281572 -0.012509061 0.13576695)
(0.034388187 0.0015629398 0.18353085)
(0.035504587 -0.0044347095 0.1584694)
(0.051245151 -0.0057376927 0.18422897)
(0.044537222 -0.0046517883 0.19013333)
(0.036912845 -0.015739115 0.082746399)
(0.057115594 -0.022470869 0.13365829)
(0.066496267 -0.029154267 0.13275348)
(0.055891888 -0.02580779 0.13912449)
(0.068911874 -0.020523527 0.15088775)
(0.015431868 0.013337743 0.066932643)
(0.067711201 -0.016179163 0.13584573)
(0.055285492 -0.0041465812 0.13990904)
(0.060375393 -0.012155766 0.12898558)
(0.064669507 -0.01869098 0.13190019)
(0.036966724 0.00325446 0.11328863)
(0.039352892 -0.012344007 0.072749038)
(0.05298491 -0.017104092 0.096492414)
(-0.0024802541 0.018175515 0.052037654)
(0.049622758 0.0067282514 0.14696839)
(0.047894954 0.0046763667 0.15978101)
(0.001973584 0.015779712 0.084017162)
(0.0010550686 0.016860222 0.078813584)
(0.046244791 0.0046717121 0.14216612)
(-0.00020411133 0.017410652 0.058410672)
(0.00087459261 0.024358158 0.061881138)
(0.0090104983 0.020874274 0.17755152)
(0.022159345 0.012193168 0.1968649)
(-0.005911137 0.021744268 0.095992843)
(-0.002406111 0.022174531 0.088083733)
(0.017946727 0.017576077 0.16684063)
(0.00072062745 0.023641059 0.071177751)
(0.0039471628 -0.019071538 0.046176703)
(-0.0050584192 -0.019677084 0.15985259)
(-0.021161931 -0.014061229 0.18482399)
(0.010635863 -0.016843915 0.077632743)
(0.0079310215 -0.018209906 0.070104144)
(-0.013284033 -0.017263818 0.14972156)
(0.0026834817 -0.017895755 0.055232323)
(-0.043077982 -0.0015201185 0.025086669)
(-0.028682954 0.0064787777 0.012181976)
(-0.043145267 0.0059627725 0.026675315)
(-0.034500488 0.0093897047 0.019984439)
(-0.040728557 0.00072190123 0.037764908)
(-0.052210882 0.016925529 0.043994777)
(-0.043232731 0.011753936 0.037724805)
(-0.050461957 0.010582299 0.036114342)
(-0.048363036 0.0088925226 0.035636445)
(-0.0410114 0.018375706 0.027817889)
(-0.035670076 0.013877116 0.018024754)
(-0.041162699 0.017524363 0.033209846)
(-0.042797767 0.012147669 0.02933299)
(-0.01036931 0.040513304 0.024395751)
(-0.013923335 0.025330232 0.012456635)
(-0.017792597 0.039235633 0.026414439)
(-0.015450306 0.032395104 0.019737682)
(-0.023867874 0.036859488 0.039405746)
(-0.029413528 0.037063704 0.038745297)
(-0.028792413 0.048479577 0.045619472)
(-0.025754031 0.043042923 0.035579804)
(-0.025652307 0.037772368 0.028511689)
(-0.021961348 0.04785261 0.036366444)
(-0.022530445 0.030101554 0.0175493)
(-0.029550426 0.034736275 0.033357195)
(-0.024468364 0.037498123 0.029129475)
(-0.032840771 0.030048773 0.034445224)
(-0.047493213 0.039645416 0.063146098)
(-0.044810703 0.032867869 0.050899709)
(-0.039047926 0.040551014 0.051897657)
(-0.039491788 0.039003373 0.045830466)
(-0.010230788 -0.0024801627 0.02264896)
(-0.029990131 0.028907095 0.039279735)
(-0.035756542 0.048626019 0.050236313)
(-0.021755737 0.011345176 0.034118907)
(-0.032931912 0.03982428 0.03652751)
(-0.036557817 0.039483761 0.052461515)
(-0.039322606 0.019473214 0.031168815)
(-0.04123884 0.028039943 0.041695017)
(-0.040565516 0.034485584 0.035596011)
(-0.041679551 0.023318219 0.036439646)
(-0.036051874 0.03239458 0.036786702)
(-0.035117405 0.02227342 0.038622132)
(-0.029334642 0.019938809 0.020933898)
(-0.024778153 0.026468233 0.021541347)
(-0.024810715 0.038112633 0.031946827)
(-0.033983507 0.038580846 0.042887793)
(-0.023368587 0.046182415 0.05241181)
(-0.036933643 0.062225354 0.094593984)
(-0.021089188 0.045797709 0.058007607)
(-0.029359684 0.04893905 0.064823426)
(-0.028365042 0.051606575 0.075023087)
(-0.046893492 0.054669224 0.08526151)
(-0.031134433 0.035925165 0.055021776)
(-0.029685914 0.040160781 0.05302105)
(-0.043885367 0.060835555 0.11197715)
(-0.028710782 0.038196465 0.06276855)
(-0.02520838 0.041000388 0.066865048)
(-0.027226076 0.040384637 0.05897596)
(-0.033056457 0.044061972 0.08175957)
(-0.038583703 0.044446957 0.085121135)
(-0.038729704 0.047857931 0.096954401)
(-0.045455991 0.058674442 0.097656015)
(-0.041367464 0.059399551 0.088150263)
(-0.039882495 0.062865494 0.10116956)
(-0.023246022 0.058041085 0.066531667)
(-0.018029803 0.013444761 0.038986364)
(-0.023557449 0.059607741 0.063401957)
(-0.023070321 0.064255017 0.079453553)
(-0.018630571 0.021980084 0.044941379)
(-0.027010062 0.049101667 0.064651193)
(-0.017357651 0.051432122 0.053165362)
(-0.014998617 0.057545944 0.048305319)
(-0.0098056872 0.040333658 0.028696745)
(-0.0077030628 0.048212576 0.041538235)
(-0.022175138 0.06053502 0.056446645)
(-0.019903899 0.046110557 0.04195852)
(-0.023578058 0.045122134 0.041135945)
(-0.019078848 0.049439732 0.037676743)
(-0.03007766 0.061204092 0.06405517)
(-0.01835937 0.0621147 0.065160282)
(-0.019118037 0.067715556 0.078020018)
(-0.017106197 0.026922009 0.046750714)
(-0.0079248633 0.0523767 0.049272216)
(-0.018056465 0.026403114 0.046694378)
(-0.012838541 0.053565797 0.050962394)
(-0.013483206 0.060609513 0.064579087)
(-0.022197196 0.062374905 0.094825202)
(-0.027033178 0.069789365 0.092869808)
(-0.02423037 0.067816407 0.0902812)
(-0.020230444 0.015164465 0.0519187)
(-0.022017023 0.026368761 0.061858176)
(-0.015661885 0.059166902 0.072039371)
(-0.025618005 0.056480149 0.094704284)
(-0.02046424 0.067612897 0.098476055)
(-0.019212876 0.070696835 0.089859756)
(-0.019229306 0.032612805 0.062520893)
(-0.0075769356 0.057807256 0.068780867)
(-0.020963044 0.030852889 0.063260821)
(-0.01121632 0.059370599 0.070752708)
(-0.01623682 0.071725508 0.10010189)
(-0.01650594 0.054642288 0.061554137)
(-0.012027067 0.056081197 0.059591888)
(-0.025910637 0.028333467 0.082863326)
(-0.030729798 0.037874621 0.1060999)
(-0.035850003 0.04592068 0.10451605)
(-0.026785385 0.047265 0.08896919)
(-0.019217224 0.004346104 0.053466293)
(-0.036626067 0.062817111 0.11496886)
(-0.033484741 0.055267423 0.1216584)
(-0.031138607 0.053760521 0.10785134)
(-0.02090693 0.053788504 0.078772389)
(-0.020315551 0.03977846 0.067702346)
(-0.0277051 0.069837295 0.11812292)
(-0.034518479 0.068006354 0.10901379)
(-0.028005053 0.063017494 0.11113557)
(-0.033912419 0.069994229 0.12930426)
(-0.06894698 -0.0067414618 0.14398586)
(-0.039403352 -0.0035559985 0.10176231)
(-0.068565489 -0.0013938479 0.14410738)
(-0.052481001 0.001570475 0.13479132)
(-0.062854496 0.0034020235 0.14990333)
(-0.066132907 0.0026216801 0.14952398)
(-0.022251904 -0.0063275641 0.19237269)
(-0.021627976 0.00031913766 0.13792787)
(-0.034320642 -0.001030214 0.18618263)
(-0.015620596 0.0015887902 0.086813169)
(-0.022433646 -0.0089785113 0.15157418)
(-0.043063837 -0.0011527875 0.16802003)
(-0.043826736 0.011558903 0.17323041)
(-0.0329103 -0.0032306207 0.1738639)
(-0.03863 0.01040171 0.13036081)
(-0.034262421 0.0078728014 0.16828722)
(-0.035883591 0.001802314 0.15619844)
(-0.050567565 0.0027707068 0.17449481)
(-0.043969153 0.0020793181 0.18263873)
(-0.036053894 0.013125407 0.077975237)
(-0.05349447 0.01838419 0.1240897)
(-0.064495603 0.024162522 0.12395056)
(-0.05477562 0.023439194 0.13288098)
(-0.067655333 0.014644577 0.14353751)
(-0.0073597524 -0.016604815 0.051623712)
(-0.065604728 0.0093351424 0.12904113)
(-0.050918903 -0.0018344195 0.1291903)
(-0.0572899 0.0061526818 0.11961475)
(-0.030555529 -0.0076797843 0.098325645)
(-0.063428895 0.013219814 0.12783109)
(-0.062327615 0.015958132 0.15370666)
(-0.0074921427 -0.017981176 0.05573907)
(-0.040002352 -0.0029224088 0.14146497)
(-0.043638014 0.0092289616 0.15549276)
(-0.029078433 -0.0084379248 0.10427364)
(-0.050214757 0.014611849 0.14497142)
(-0.047776385 0.0082047459 0.14308485)
(-0.039455081 0.0096038497 0.071361065)
(-0.052738939 0.01334879 0.092951644)
(-0.057005524 0.013375434 0.13305531)
(-0.053855613 0.00047995687 0.14576752)
(-0.049166498 0.00051415206 0.15598748)
(-0.050406011 -0.00095468544 0.14263372)
(-0.031663134 0.0035314431 0.077614034)
(-0.026822434 0.0036983042 0.080139613)
(-0.025053244 0.011030704 0.087418337)
(-0.05047191 0.024019593 0.12719511)
(-0.041036457 0.031335894 0.15229623)
(-0.021460193 0.018870393 0.089345887)
(-0.022438841 0.02218522 0.091109961)
(-0.04424052 0.035774046 0.13429602)
(-0.041983084 0.04317246 0.13883482)
(-0.053131735 0.037072215 0.128753)
(-0.029936262 0.025410422 0.070768048)
(-0.030298874 0.023092942 0.085003956)
(-0.043635274 0.04929265 0.13131569)
(-0.027811879 0.029014231 0.073093113)
(-0.026044458 0.029384244 0.08560897)
(-0.028099442 0.026691093 0.084933069)
(-0.030874688 0.017872226 0.11249916)
(-0.043336472 0.0281778 0.12039392)
(-0.040407902 0.033749753 0.12220469)
(-0.048559185 0.043959516 0.12866906)
(-0.044405407 0.03457592 0.13809398)
(-0.042127644 0.040166144 0.13929064)
(-0.023727681 0.0087582269 0.17727188)
(-0.0089827031 0.001658834 0.089625982)
(-0.014538439 0.0038248883 0.16702969)
(-0.034817504 0.015386803 0.18635097)
(-0.019845097 0.012840882 0.092414748)
(-0.03739824 0.018166004 0.14601992)
(-0.027567303 0.012872562 0.13585246)
(-0.037572583 0.014881353 0.17069937)
(-0.017648766 0.0012181164 0.18154702)
(-0.015399586 0.0039611044 0.18703785)
(-0.0044865417 -0.019626569 0.10698057)
(-0.0087571775 0.0043133339 0.15828815)
(-0.0073264197 -0.017138881 0.09773096)
(-0.017394819 0.010958879 0.1567563)
(-0.0098942627 -0.0042324809 0.19340986)
(-0.021311082 0.013211346 0.17548156)
(-0.028597008 0.031122733 0.17085691)
(-0.013398282 -0.015350069 0.072983208)
(-0.022204039 0.012632461 0.17864075)
(-0.013069974 -0.014570798 0.090732665)
(-0.022504472 0.013672791 0.15226315)
(-0.020888797 0.023142268 0.1558649)
(-0.017976618 0.022087825 0.18698903)
(-0.0060296648 0.0094185149 0.094932362)
(-0.01035003 0.012059318 0.17838097)
(-0.027126679 0.030678262 0.19815362)
(-0.015138735 0.019444917 0.0968759)
(-0.024741026 0.034262388 0.15355247)
(-0.026140647 0.032227437 0.18082244)
(-0.020104697 0.027366279 0.14306104)
(-0.017556288 0.0090137842 0.19419202)
(-0.01577912 0.0062966011 0.19160977)
(-0.0088503748 -0.018656323 0.11682475)
(-0.0069703626 0.006114576 0.16413123)
(-0.01166427 -0.015698943 0.10591203)
(-0.014302095 0.014686326 0.15896123)
(-0.011136673 0.00072513722 0.20600219)
(-0.036011043 0.010397043 0.12801061)
(-0.04372135 0.028749574 0.14074478)
(-0.030837684 0.018523658 0.086565526)
(-0.045098186 0.020278116 0.15602606)
(-0.05162334 0.022049866 0.15326647)
(-0.047235317 0.029406488 0.14568432)
(-0.043493376 0.015492598 0.16146415)
(-0.023761375 0.011358023 0.096083358)
(-0.029236423 0.0301265 0.11110164)
(-0.034279612 0.036051985 0.12118697)
(-0.041906677 0.056091753 0.13460019)
(-0.01624654 -0.0030246993 0.058581308)
(-0.039582125 0.046614053 0.14881105)
(-0.034845575 0.045604809 0.14585414)
(-0.03002665 0.027066873 0.13893612)
(-0.033102969 0.041593082 0.14419648)
(-0.021361341 0.029225537 0.088969698)
(-0.028436969 0.042197257 0.16260131)
(-0.036076464 0.044515353 0.15016284)
(-0.030928045 0.035743087 0.17127624)
(-0.034586884 0.04775852 0.16250406)
(-0.023908593 0.020754424 0.15560916)
(-0.014987651 0.012485452 0.15470351)
(-0.011270759 0.068247394 0.14536847)
(-0.0050025197 0.038765206 0.10381392)
(-0.016855329 0.068626704 0.14842478)
(-0.0089180375 0.035129131 0.072156598)
(-0.022865457 0.057601979 0.13155757)
(-0.026815655 0.075643304 0.13820623)
(-0.022122073 0.056941273 0.14174414)
(-0.019471575 0.069908555 0.12252151)
(-0.013478248 0.048556597 0.096358407)
(-0.020906608 0.061669066 0.14448461)
(-0.013036501 0.052462024 0.13870121)
(-0.025641953 0.063770849 0.1622279)
(-0.022331341 0.06683926 0.15684462)
(-0.0083246959 0.018818808 0.2018154)
(-0.0087919876 0.018024327 0.14086027)
(-0.013810813 0.031410384 0.19667771)
(-0.0045197842 0.01456327 0.09031098)
(-0.015921214 0.014206038 0.16716322)
(-0.025665762 0.04185475 0.18462916)
(-0.020819292 0.036423568 0.18164412)
(-0.015877625 0.032055269 0.17481209)
(-0.017573946 0.037251429 0.13634205)
(-0.014710653 0.028151982 0.18823806)
(-0.017732133 0.035453174 0.081736285)
(-0.034329229 0.052008148 0.1339711)
(-0.035131545 0.063189059 0.13084125)
(-0.033241773 0.053705986 0.14023126)
(-0.031376368 0.065722103 0.15278594)
(-0.020404017 0.0025784978 0.067762928)
(-0.027979092 0.066304155 0.13775417)
(-0.025384314 0.050295778 0.14172474)
(-0.027755818 0.05521964 0.1305546)
(-0.024374543 0.06327358 0.1334285)
(-0.02559045 0.026109013 0.1141937)
(-0.015004159 0.039977231 0.073940807)
(-0.020757885 0.052153181 0.096558175)
(-0.015347696 0.025152573 0.090503418)
(-0.032087436 0.05118199 0.13573751)
(-0.022557955 0.055359245 0.13844575)
(-0.021463497 0.052763737 0.15613563)
(-0.020344555 0.046194554 0.16812899)
(-0.0075445351 0.030924379 0.079353944)
(-0.0076794625 0.02662724 0.083103839)
(-0.024268721 0.045267946 0.15403621)
(0.044190503 0.019258078 0.049162378)
(0.056415472 0.027075747 0.085185209)
(0.044441837 0.016435569 0.055236599)
(0.046292036 0.024912349 0.060022677)
(0.050251439 0.024103329 0.070659313)
(0.05183436 0.041403414 0.080548808)
(0.036082003 0.02966934 0.054443226)
(0.038859925 0.027031599 0.050687928)
(0.059373074 0.039306678 0.1073457)
(0.03791037 0.026943068 0.061107981)
(0.04011229 0.023122927 0.064535252)
(0.039202029 0.024374325 0.056246682)
(0.037911204 0.022649392 0.071249902)
(0.039582588 0.029766199 0.076591105)
(0.043410827 0.029974805 0.08757229)
(0.056916852 0.040310856 0.092990909)
(0.055898141 0.0351682 0.081673936)
(0.059538296 0.03391067 0.094252385)
(0.05661965 0.01196603 0.052786267)
(0.043043164 0.015325867 0.038703961)
(0.04230142 0.017905254 0.038159521)
(0.046570958 0.012545344 0.034856473)
(0.056192918 0.019845052 0.058455273)
(0.058962684 0.0089796155 0.088428644)
(0.0064052765 0.0045746007 0.040128826)
(0.063892467 0.011177981 0.08419529)
(0.068305018 0.018784064 0.090018955)
(0.018818215 0.006073904 0.052721651)
(0.058490156 0.0090406654 0.069637681)
(0.051158404 0.012487763 0.086306825)
(0.071811746 0.0073736067 0.098700812)
(0.059931515 0.00075673974 0.078596834)
(0.040023893 0.0046617885 0.061460712)
(0.064636889 0.0065979636 0.093951315)
(0.067396917 0.0058055642 0.085703131)
(0.026755554 0.0038455594 0.056857773)
(0.057007084 -2.9025461e-05 0.067443397)
(0.024344198 0.0052580525 0.056346752)
(0.069144474 0.0022562636 0.097008931)
(0.05847613 0.0039859752 0.068974638)
(0.076504931 0.012244293 0.10872769)
(0.041521514 0.01191983 0.058134256)
(0.05556804 0.01111471 0.084666709)
(0.070429038 0.015975803 0.10816338)
(0.051640602 0.0076533695 0.077587149)
(0.036400177 0.022319485 0.055475693)
(0.044905938 0.022611972 0.049213412)
(0.038809451 0.024942791 0.039000854)
(0.047378088 0.023841096 0.046648953)
(0.0491442 0.033667222 0.058724368)
(0.050186884 0.027238335 0.058157048)
(0.048665884 0.021515027 0.059052093)
(0.053580908 0.0094889435 0.059010952)
(0.05497046 0.0048333254 0.057755676)
(0.023505023 0.012660956 0.070440154)
(0.035222203 0.020382474 0.095482271)
(0.042330213 0.026816936 0.094417521)
(0.046481835 0.022815959 0.083909264)
(0.00098723486 0.0058284187 0.041524178)
(0.060015067 0.028662845 0.10660162)
(0.05261171 0.023967073 0.11161243)
(0.048698807 0.019444586 0.097219432)
(0.052418262 0.015762646 0.075061248)
(0.039541824 0.017078939 0.065420756)
(0.067680574 0.019944259 0.11096473)
(0.065402217 0.027596396 0.10204333)
(0.058763464 0.01693768 0.10217523)
(0.067101709 0.024862571 0.12110913)
(0.016582073 0.046191318 0.050301552)
(0.01876983 0.061751146 0.085846971)
(0.014689345 0.045776044 0.056076111)
(0.021598119 0.04870263 0.060983455)
(0.020100051 0.051458666 0.070255639)
(0.037055569 0.054603469 0.080598848)
(0.025997262 0.036360427 0.052461039)
(0.024688697 0.039947579 0.050675615)
(0.033724613 0.061738035 0.10645045)
(0.025667733 0.040146028 0.062624245)
(0.020102506 0.040817374 0.062664086)
(0.022249059 0.040146407 0.056456875)
(0.013460657 0.04421457 0.072206566)
(0.02219316 0.044583484 0.077434365)
(0.020989426 0.048005078 0.08718217)
(0.034976291 0.059478321 0.092346917)
(0.030066249 0.059236127 0.08283063)
(0.027660101 0.062630302 0.093621374)
(0.0017521879 0.057722462 0.04799866)
(0.0029155132 0.040864913 0.028340702)
(-0.0026175464 0.04863337 0.041243404)
(0.0070531795 0.060344465 0.054513192)
(0.012765346 0.045698959 0.039939963)
(0.014418897 0.044267496 0.038525271)
(0.0093256292 0.049383397 0.035843888)
(0.01332417 0.060641785 0.05985698)
(-0.0031300395 0.062710915 0.089749119)
(-0.014981138 0.01467816 0.042989884)
(0.00060115011 0.068284089 0.08529015)
(0.012759089 0.070083638 0.088651054)
(-0.013791634 0.026231085 0.055747477)
(0.004785862 0.059220789 0.068426921)
(-0.0015009932 0.05608095 0.087849571)
(0.0017667663 0.073336644 0.099570864)
(-0.0036828819 0.062092521 0.0795299)
(0.0026854783 0.040656003 0.061464488)
(-0.0051453685 0.068411861 0.09628227)
(-0.0045918639 0.071022806 0.087652927)
(-0.017123587 0.033020686 0.061878081)
(-0.0041740792 0.058182102 0.06843921)
(-0.015192692 0.031393388 0.06085051)
(-0.0096608378 0.072270985 0.0993225)
(-0.00018417188 0.059791208 0.069276756)
(0.0036604859 0.077752717 0.10858462)
(0.0090077105 0.043155216 0.058208716)
(0.007516736 0.055973859 0.085438452)
(0.0063957823 0.072622913 0.10825389)
(0.0043552471 0.051950247 0.07790943)
(0.0017260725 0.019833052 0.040049144)
(0.017604222 0.030540905 0.050343679)
(0.029623204 0.041102649 0.049976587)
(0.02182881 0.038804183 0.064438085)
(-0.0089361071 0.0042436345 0.021723946)
(0.025487136 0.045322219 0.058751278)
(0.031930012 0.056281252 0.073377927)
(0.013650969 0.042403983 0.056673594)
(0.019044898 0.047032693 0.048702159)
(0.02255356 0.040537779 0.038881863)
(0.019122575 0.050271763 0.04662737)
(0.02777351 0.053398124 0.058457926)
(0.023580838 0.053032832 0.058684283)
(0.01380783 0.053871756 0.059851643)
(0.0056520124 0.054866761 0.059119603)
(0.0013069215 0.056301999 0.058565082)
(0.068447386 0.0015106249 0.14639083)
(0.039194174 -6.3781553e-06 0.10501829)
(0.068366395 0.0066693447 0.1481728)
(0.037183905 0.005109783 0.075130075)
(0.054993923 0.0091897254 0.12546783)
(0.07366794 0.015950214 0.13154147)
(0.056004804 0.010258248 0.1344557)
(0.069239985 0.010577055 0.12006691)
(0.048827222 0.0079533072 0.093534698)
(0.062233628 0.0090340671 0.14156453)
(0.052939484 0.0059641093 0.13907766)
(0.063126804 0.013295871 0.1554503)
(0.067312422 0.011509063 0.15515884)
(0.015796106 0.0038772236 0.08921312)
(0.016341572 0.0061551821 0.15856817)
(0.042686273 0.019061863 0.17856851)
(0.038787272 0.011636133 0.17300517)
(0.039289793 0.015214207 0.13534666)
(0.033101652 0.011626202 0.17137119)
(0.031056266 0.0072443166 0.18061679)
(0.035221935 0.0060113939 0.15875671)
(0.047381989 0.010983487 0.17693519)
(0.041972839 0.009488331 0.18582593)
(0.034776331 0.014905594 0.07836846)
(0.049614748 0.026360132 0.12541653)
(0.062275756 0.029622076 0.12576886)
(0.052164581 0.027762131 0.13483534)
(0.064476709 0.022343804 0.14464953)
(-0.00093207636 0.0063705906 0.055908333)
(0.064342804 0.017758976 0.1294945)
(0.048097936 0.012749575 0.13205357)
(0.052292964 0.017120497 0.12047959)
(0.063275965 0.017293877 0.12797276)
(0.022951884 0.011619583 0.10141375)
(0.059193019 0.023300313 0.15638218)
(-0.0031703138 0.0053244713 0.063979029)
(0.040979824 0.018203643 0.15885842)
(0.034163499 0.012619824 0.14509476)
(0.050799554 0.021362594 0.15089056)
(0.042214849 0.019476502 0.14658335)
(0.019516621 0.010460767 0.10728961)
(0.039472868 0.011564334 0.070724252)
(0.051259567 0.016815036 0.093300463)
(0.024910466 0.013212366 0.088577023)
(0.049157974 0.02717666 0.12981993)
(0.055249822 0.017344435 0.13313837)
(0.052234629 0.01036936 0.14817595)
(0.046303517 0.010782138 0.15845218)
(0.032028175 0.0053341482 0.077941279)
(0.02877053 0.0069538358 0.083407718)
(0.043948114 0.01286868 0.14401529)
(-0.0078133315 0.068174595 0.14403296)
(-0.0037650615 0.039589223 0.10220282)
(-0.0021283792 0.068743809 0.14498482)
(0.0015127579 0.037258663 0.073507049)
(-0.0088950802 0.058850378 0.12527067)
(0.0071343877 0.074689 0.12930341)
(-0.0047793249 0.058117463 0.1310803)
(0.0032395678 0.070905904 0.11942525)
(0.0038018447 0.04940267 0.092302689)
(-0.0043915036 0.062773955 0.13822479)
(0.00126544 0.052786662 0.13486003)
(0.0012435953 0.064497264 0.15084261)
(0.0014882113 0.06706271 0.15074689)
(-0.0061957533 0.022301606 0.19078259)
(-0.0012823482 0.02017568 0.13364557)
(-0.0012370488 0.03378372 0.18502843)
(0.0017469547 0.015932809 0.08766884)
(-0.0060609443 0.020630219 0.15035736)
(0.012622861 0.0438854 0.17304459)
(-0.0006610154 0.040803372 0.1657451)
(0.010124502 0.039337665 0.13192158)
(0.0084167131 0.034511779 0.16824828)
(-0.0021925163 0.031787429 0.17236895)
(0.00045481122 0.036530097 0.15340479)
(0.0016168132 0.047645892 0.17130039)
(0.0019400019 0.042373074 0.18029864)
(0.014049397 0.034860972 0.078904302)
(0.01849929 0.054637265 0.12433987)
(0.024204139 0.063879366 0.12473015)
(0.022594968 0.054116847 0.13325607)
(0.014162364 0.066472661 0.14113467)
(-0.015311707 0.0081524414 0.055595826)
(0.0081387042 0.06779521 0.12908799)
(-0.0028634296 0.052816373 0.13015721)
(0.0059612393 0.057072948 0.11904257)
(0.01219399 0.065177174 0.12556252)
(-0.0078710925 0.029491544 0.098629703)
(0.0093865058 0.040526943 0.071387168)
(0.013460425 0.052380473 0.092622401)
(0.011613307 0.025816702 0.088044373)
(0.023508353 0.050866585 0.12941113)
(0.013015589 0.056292658 0.13092033)
(-0.0007099577 0.055731172 0.14549592)
(-0.00069957639 0.046522898 0.15355339)
(0.0037783524 0.032831228 0.075488)
(0.0034134195 0.027209636 0.082644026)
(-0.0016422774 0.048913632 0.14130028)
(0.03146708 0.037365373 0.14804014)
(0.020659862 0.020092426 0.089915284)
(0.021068294 0.023410283 0.093882349)
(0.041708663 0.039334581 0.13497563)
(0.039274672 0.046926883 0.14062131)
(0.048414517 0.040861318 0.1269943)
(0.028307606 0.02676452 0.071155869)
(0.029251586 0.025207623 0.084160394)
(0.037283998 0.051222016 0.12682497)
(0.025897605 0.030063301 0.071850286)
(0.023380961 0.029772655 0.083628687)
(0.026124788 0.027832491 0.084568788)
(0.018602071 0.026073813 0.10844803)
(0.033454001 0.035327303 0.11691728)
(0.028714462 0.039286658 0.11673384)
(0.04335799 0.046772733 0.12637948)
(0.039127483 0.039405968 0.13596956)
(0.035052934 0.042749963 0.13539539)
(0.022523086 0.013589699 0.18186672)
(0.010584905 0.0053306732 0.09478763)
(0.013721498 0.0072240448 0.17382744)
(0.031418361 0.020162532 0.18786987)
(0.019029674 0.014202588 0.093605931)
(0.035796063 0.02226677 0.15023951)
(0.026839549 0.016298477 0.14273952)
(0.032607526 0.021353527 0.17209883)
(0.0114354 0.011257692 0.18542035)
(0.0088093199 0.011887408 0.18700691)
(-0.01258008 -0.0002522627 0.10574191)
(0.0073944684 0.0060557041 0.16175738)
(-0.0099753381 0.0018503499 0.09544284)
(0.016700599 0.013589143 0.15891676)
(0.0036311359 0.0049658808 0.19827793)
(0.0067303252 0.020380622 0.1630305)
(0.023075349 0.032106518 0.16177185)
(-0.010959346 0.0015457034 0.062655913)
(0.012233375 0.019883305 0.17187217)
(-0.010176849 0.0021927882 0.079929625)
(0.0058187957 0.021144603 0.13842303)
(0.018172544 0.02575321 0.15678198)
(0.010013553 0.02336362 0.17924976)
(0.0029382561 0.0086955666 0.092879178)
(0.0057238722 0.016107935 0.17598267)
(0.016451276 0.034658016 0.18534484)
(0.013716222 0.020156172 0.092645354)
(0.018698418 0.037369444 0.14528131)
(0.014287647 0.028003967 0.13663758)
(0.015709085 0.036603977 0.16887435)
(0.003054303 0.015282458 0.17956833)
(0.0069481306 0.013572881 0.18583818)
(-0.012941302 -0.0019472179 0.10242182)
(0.0044066206 0.0082157988 0.15944868)
(-0.010906425 0.00091207572 0.093108873)
(0.011452865 0.017398219 0.15482187)
(-0.0017260183 0.0071215048 0.19209783)
(0.01213104 0.012588634 0.085313703)
(0.028928202 0.019553282 0.10108014)
(0.035132154 0.026834625 0.11241037)
(0.056717189 0.038645917 0.13199774)
(-0.001381376 0.0039294797 0.049158993)
(0.044382074 0.026644655 0.13681919)
(0.046232223 0.034081102 0.14173133)
(-0.00056542666 0.018777119 0.081910133)
(0.0088231049 0.034647021 0.098487668)
(0.019312638 0.040793119 0.11164682)
(0.034928422 0.056411154 0.12912248)
(-0.010395586 0.0073385816 0.046494547)
(0.017986411 0.048971579 0.13530051)
(0.027556889 0.048536883 0.1396295)
(0.021479515 0.023141289 0.15324816)
(0.013931318 0.015118058 0.1556237)
(-0.019607462 -0.0048487111 0.046704557)
(-0.017085062 0.04829469 0.14220082)
(-0.013321328 0.04809265 0.15502763)
(-0.019996343 -0.00039240666 0.077564212)
(-0.019380448 -0.00060726206 0.072763387)
(-0.013697183 0.044935095 0.13574856)
(-0.020607991 -0.0025947933 0.053228458)
(-0.015072327 -0.0067443946 0.045154703)
(-0.018099883 0.0020531107 0.1531904)
(-0.014401917 -0.011714613 0.076482521)
(-0.014971232 0.020589498 0.18219342)
(-0.015828409 -0.0086258912 0.071013488)
(-0.013928845 -0.0061498137 0.051810951)
(-0.015901817 0.0097751348 0.14380103)
(0.024127046 0.0033531656 0.070487856)
(0.027989706 0.0028425139 0.17458437)
(0.022113603 0.012067247 0.095968013)
(0.027061783 0.016164112 0.21182563)
(0.022393448 0.015569143 0.094205568)
(0.023154445 0.0018243338 0.070501876)
(0.031132199 0.013899848 0.17139679)
(0.028356883 0.036451555 0.095674743)
(0.023497889 0.073663547 0.22238026)
(0.029495418 0.040405829 0.13138731)
(0.024076949 0.051462333 0.23975455)
(0.028399319 0.038122342 0.1215502)
(0.030670188 0.03953403 0.10650168)
(0.02776409 0.070054872 0.21755917)
(0.024133762 0.02512841 0.068483811)
(0.0099148638 0.015982408 0.17286413)
(0.0029830552 0.022039373 0.21140187)
(0.022559019 0.025651868 0.091591219)
(0.023105162 0.030283877 0.090340953)
(0.0077819664 0.026763029 0.17122336)
(0.023801748 0.021893346 0.070000487)
(0.028373665 0.040953957 0.098128487)
(0.01714878 0.074830881 0.22121422)
(0.0069544713 0.053762119 0.23487579)
(0.027818496 0.041985762 0.1301124)
(0.024586454 0.042567901 0.12092644)
(0.011437283 0.072761901 0.21485757)
(0.030580909 0.040725621 0.1060443)
(0.025783374 -0.025285641 0.064792495)
(0.017971127 -0.013244603 0.16805473)
(0.027543842 -0.023753459 0.085104428)
(0.021654749 -0.007335855 0.20791161)
(0.030611787 -0.024182783 0.084169035)
(0.023477928 -0.025392501 0.065740512)
(0.028458037 -0.011683281 0.16669559)
(0.03759875 -0.02664206 0.081475378)
(0.072375007 -0.017441091 0.2031935)
(0.052516705 -0.011978063 0.22784091)
(0.040645125 -0.02280753 0.10747369)
(0.040505002 -0.024295641 0.10586551)
(0.070919978 -0.01596573 0.20300156)
(0.037510796 -0.024387535 0.081758416)
(0.014006559 -0.011009448 0.2055026)
(0.006602284 0.015347259 0.1526691)
(0.019941241 0.00078859197 0.2119861)
(0.01765217 0.028030998 0.18236053)
(0.034036782 0.025771372 0.2267588)
(0.026699479 0.012538712 0.22114525)
(0.012429073 0.076374124 0.22043149)
(0.012294523 0.043054905 0.17136947)
(0.021601962 0.074564561 0.21518743)
(0.018860679 0.059885873 0.14001254)
(0.040750041 0.10761423 0.23052552)
(0.045050924 0.089144534 0.23473995)
(0.038662812 0.10007862 0.20908233)
(0.040638906 0.095066557 0.23359021)
(0.023981955 0.066730168 0.16501583)
(0.027279137 0.099691466 0.19165488)
(0.019441176 0.056547111 0.19801763)
(0.03706144 0.069976188 0.21990695)
(0.030327184 0.07469367 0.21453822)
(0.02916621 0.048636648 0.13612408)
(0.072228803 0.089309605 0.23632731)
(0.052639701 0.071744818 0.20669669)
(0.053978979 0.084274742 0.19355117)
(0.047791798 0.064371777 0.21995478)
(0.039191151 0.033406462 0.12075189)
(0.049092909 0.048949664 0.23336281)
(0.040486448 0.044908867 0.21281712)
(0.057287954 0.061861379 0.22952597)
(0.042035369 0.051148622 0.17920723)
(0.033853737 0.04899333 0.19847531)
(0.021229619 0.027251531 0.13033466)
(0.038811559 0.053766177 0.17694215)
(0.033864942 0.061085176 0.19660115)
(0.042642037 0.04494874 0.23773022)
(0.045340241 0.069840304 0.23392405)
(0.046264667 0.061019575 0.2279198)
(0.018666065 0.031850761 0.13561604)
(0.017855411 0.045416103 0.13634398)
(0.029322283 0.06475976 0.1341287)
(0.039154243 0.072173889 0.16089108)
(-0.0048804868 -0.004739719 0.20556389)
(0.017654534 -0.0066305073 0.15738091)
(0.0091523848 -0.002006339 0.21132001)
(0.015267404 0.0017387549 0.12743678)
(0.037039698 -0.0040963824 0.19916003)
(0.045767286 0.016693593 0.21001725)
(0.043420588 0.0046167417 0.22648022)
(0.031285232 0.0062635937 0.18911919)
(0.023029364 0.0015067958 0.22966186)
(0.03919289 0.0086637017 0.17291981)
(0.030988845 0.0010834154 0.18631385)
(0.035657845 0.0075517218 0.21838039)
(0.021618231 0.002892677 0.21488672)
(0.074904037 -0.0097323959 0.21118939)
(0.042536404 -0.0058536972 0.16362412)
(0.074920742 -0.0047741311 0.20720756)
(0.060977552 0.0037613569 0.14023465)
(0.11034501 -0.0034902928 0.22500484)
(0.093613081 0.0082043762 0.22851746)
(0.10211283 0.01240641 0.20353684)
(0.09665677 0.0049070892 0.22765209)
(0.068910712 0.006278842 0.16352714)
(0.10185999 0.0028120801 0.19197247)
(0.05757699 -0.0028345977 0.1956126)
(0.073526203 0.011022047 0.21454429)
(0.07684265 0.0030102146 0.21124189)
(0.053012831 0.018707266 0.13669394)
(0.10487293 0.042037272 0.23001851)
(0.080341092 0.032488917 0.2011178)
(0.091154451 0.03254131 0.19096039)
(0.071600501 0.022703003 0.21687238)
(0.059310362 -0.010885215 0.13310842)
(0.061782786 0.022049829 0.2265671)
(0.058249252 0.0035637083 0.21609999)
(0.076598286 0.026006093 0.22399986)
(0.069460042 -0.0007146147 0.18759939)
(0.054824789 0.014957151 0.20019075)
(0.085566062 0.022572353 0.20918598)
(0.078237545 -0.0072609922 0.15278818)
(0.092001223 0.0073603857 0.21720993)
(0.11284567 0.023214152 0.22293308)
(0.083083674 0.0022788424 0.19115203)
(0.083681488 0.012032021 0.18539545)
(0.10940128 0.026204122 0.22938211)
(0.033688601 0.012325176 0.13166665)
(0.059862364 0.026622077 0.17443435)
(0.066778906 0.014912052 0.13123591)
(0.076029614 0.019634823 0.15431724)
(0.0430764 0.082692913 0.11498381)
(0.099960152 0.1544175 0.22849067)
(0.042433024 0.081744638 0.097697865)
(0.061766139 0.098997824 0.15385244)
(0.069681617 0.10590347 0.15055482)
(0.088290532 0.10638794 0.20117062)
(0.051903116 0.055366502 0.10416263)
(0.051433781 0.071157399 0.12672358)
(0.11168773 0.117435 0.18344473)
(0.056865309 0.058902489 0.099098485)
(0.058131981 0.074362538 0.10082147)
(0.053157594 0.073400598 0.11123309)
(0.10644541 0.13998663 0.22188909)
(0.10852585 0.12316395 0.2248184)
(0.1248145 0.1328429 0.22402623)
(0.10034809 0.1126157 0.19292087)
(0.091801381 0.12774135 0.20739147)
(0.10201236 0.13531657 0.1965991)
(0.053887861 0.16067076 0.22844989)
(0.063508922 0.13192533 0.19469586)
(0.048178829 0.13043036 0.17440781)
(0.057864194 0.17499363 0.21926636)
(0.058167271 0.14896861 0.20892145)
(0.063020854 0.15432005 0.22793025)
(0.03216098 0.11146992 0.14752842)
(0.025996947 0.12401401 0.18102902)
(0.019584421 0.074784932 0.12552318)
(0.012690438 0.10568482 0.15783559)
(0.040224734 0.12888536 0.1996346)
(0.030029921 0.079635344 0.12065442)
(0.031268409 0.088252559 0.15592665)
(0.028426053 0.091375727 0.1606387)
(0.055784863 0.1389877 0.22020517)
(0.041926608 0.16661962 0.22741547)
(0.045121943 0.18079641 0.21948984)
(0.0353234 0.17120244 0.22969977)
(0.016584476 0.11193503 0.14358858)
(0.04925671 0.16161626 0.21938739)
(0.026802222 0.11438515 0.14711901)
(0.026673192 0.16809147 0.22948417)
(0.03607244 0.14189271 0.12885363)
(0.013192084 0.063102159 0.04496606)
(0.016951576 0.12334826 0.10785711)
(0.05867066 0.15865955 0.15916628)
(0.030391427 0.070756841 0.06585515)
(0.050410821 0.097335068 0.089529285)
(0.080054029 0.16464501 0.1676452)
(0.032345318 0.087166329 0.071224981)
(0.077337811 0.10289915 0.20532696)
(0.077007953 0.08931364 0.21863527)
(0.05437355 0.077289669 0.16613079)
(0.09277595 0.10984521 0.22819462)
(0.071699015 0.069682321 0.16493303)
(0.076591891 0.10911207 0.23174394)
(0.086660467 0.1223488 0.23182414)
(0.075056227 0.12756092 0.23008904)
(0.042063842 0.093280981 0.14735106)
(0.038009295 0.064540711 0.12605266)
(0.046322362 0.10560238 0.18874962)
(0.065131829 0.11387211 0.2247918)
(0.060809421 0.10862944 0.18023913)
(0.068755555 0.14045349 0.23404781)
(0.038486717 0.11483174 0.13604634)
(0.12941514 0.16902889 0.21940417)
(0.060681306 0.10014164 0.11279164)
(0.044613419 0.062365787 0.064839907)
(0.08324477 0.12532489 0.13272066)
(0.09084173 0.12840478 0.16321435)
(0.11021005 0.16978882 0.19688929)
(0.11412598 0.14108996 0.1659397)
(0.087159149 0.02707697 0.11217026)
(0.17192679 0.058956109 0.22445281)
(0.087497785 0.026771964 0.094433743)
(0.10528717 0.039969133 0.14857529)
(0.11212686 0.048354193 0.14231074)
(0.12042798 0.063769134 0.19905645)
(0.063951553 0.041750645 0.10660358)
(0.07711455 0.038698246 0.12389161)
(0.13727953 0.084954566 0.18190214)
(0.068213927 0.044926066 0.099079382)
(0.084393317 0.045401587 0.10140052)
(0.082817169 0.041152433 0.11436209)
(0.16530312 0.062101056 0.22181612)
(0.14674461 0.069217017 0.22208055)
(0.15995192 0.0832427 0.22049194)
(0.12864928 0.074977468 0.19047313)
(0.14306843 0.062865059 0.20527487)
(0.15400876 0.073673294 0.19677823)
(0.16483135 0.0075599313 0.22207742)
(0.14508601 0.00053265644 0.19209231)
(0.13295097 0.021577062 0.17055452)
(0.18030909 0.012826702 0.21367496)
(0.15512224 -0.0026732874 0.19999206)
(0.16209644 0.014535773 0.22325)
(0.11396013 0.0090094115 0.14513998)
(0.12379857 -0.00059327846 0.17440727)
(0.073791693 0.0040966474 0.12088416)
(0.10457039 -0.0078078958 0.14883409)
(0.13177203 0.0091811155 0.19651911)
(0.083037729 0.016791288 0.1215126)
(0.091226594 0.012156716 0.15329795)
(0.093349377 0.007423246 0.15906649)
(0.14269765 0.021338144 0.21432597)
(0.16688148 -0.0013207394 0.21675664)
(0.18240489 0.00095709615 0.2108387)
(0.16192441 -0.017910487 0.20079712)
(0.11009416 -0.0047128419 0.13762905)
(0.1603725 -0.0086737358 0.20101246)
(0.11456412 0.0027044465 0.14258782)
(0.16436001 -0.012059134 0.21293144)
(0.15253259 0.0080380659 0.13158493)
(0.069221468 0.0012258636 0.048204732)
(0.12909607 -0.0042133501 0.10762252)
(0.17151967 0.022951858 0.16024901)
(0.07832128 0.017991212 0.068493191)
(0.10926752 0.030351301 0.09153768)
(0.18236088 0.040244244 0.16962761)
(0.095301014 0.01537404 0.07422074)
(0.20115331 0.0027732064 0.18682899)
(0.19442915 0.0022237107 0.19868487)
(0.20011206 -0.018495815 0.20225938)
(0.12397392 -0.0047780793 0.11616052)
(0.20146873 -0.0060998357 0.20489094)
(0.12675717 0.0054625197 0.12069401)
(0.20287806 -0.012002582 0.18398249)
(0.12714588 0.028471542 0.20706921)
(0.11226272 0.036291577 0.21540814)
(0.082621567 0.035966789 0.1596496)
(0.13231688 0.05433771 0.22486681)
(0.10350397 0.016369061 0.16646685)
(0.12373483 0.041023936 0.22948306)
(0.13549844 0.054975919 0.22639192)
(0.14183549 0.031684306 0.22619241)
(0.095809708 0.022645967 0.14378924)
(0.069594068 0.025549706 0.12570496)
(0.10939535 0.022217607 0.18297865)
(0.12248444 0.033052053 0.21868326)
(0.11477206 0.03653916 0.17649849)
(0.14815382 0.028946426 0.226152)
(0.12066998 0.013599732 0.13585659)
(0.12054401 0.0037277447 0.13199817)
(0.19591785 0.080718089 0.21872853)
(0.10996261 0.040001675 0.11227521)
(0.070419217 0.03611513 0.06870287)
(0.1400971 0.056458495 0.13263103)
(0.14148416 0.064950367 0.16123072)
(0.19023169 0.063548672 0.19393295)
(0.16379816 0.080673006 0.16741005)
(0.01164578 0.06226881 0.03966856)
(0.011345654 0.030622107 0.012131559)
(0.023163955 0.064059805 0.044362597)
(0.018987631 0.039656814 0.024687734)
(0.086974171 0.17115614 0.16525429)
(0.077352281 0.12631069 0.12125786)
(0.094493806 0.12815844 0.13056452)
(0.051193778 0.10537376 0.084800279)
(0.040220029 0.065023206 0.050654084)
(0.061482489 0.11395299 0.096218246)
(0.025832996 0.036888684 0.021001848)
(0.067009826 0.080637156 0.081357897)
(0.041225793 0.067547398 0.05461943)
(0.069407483 -0.0017695824 0.044126002)
(0.034436078 0.0073109462 0.013476904)
(0.075217927 0.0091565805 0.050450656)
(0.048649772 0.010587763 0.027241111)
(0.19652646 0.034429093 0.16847508)
(0.14518744 0.045471198 0.12278842)
(0.15498504 0.056244358 0.13236454)
(0.12074885 0.026822434 0.089725357)
(0.075470546 0.028480167 0.051918846)
(0.13762722 0.028539464 0.10294448)
(0.044178048 0.02093321 0.022968457)
(0.10100604 0.04462903 0.084444952)
(0.083781496 0.024534549 0.059727946)
(0.11408553 0.10460258 0.13691438)
(0.16069478 0.1452094 0.21549019)
(0.10338497 0.13372173 0.13885226)
(0.12935245 0.13602066 0.16534743)
(0.13913244 0.14014285 0.18066602)
(0.07202429 0.083006831 0.082283968)
(0.17115009 0.14252374 0.21317581)
(0.12876847 0.086680641 0.13518095)
(0.19564491 0.091045373 0.21005681)
(0.1577273 0.06722386 0.13864285)
(0.16995262 0.084061275 0.16349892)
(0.16959768 0.096586497 0.17432668)
(0.0984697 0.054365161 0.082432825)
(0.18853769 0.11421875 0.20928089)
(0.040202374 0.05542206 0.047959899)
(0.075833409 0.081633114 0.094249994)
(0.0621386 0.027531087 0.047302893)
(0.094165032 0.058356528 0.091312886)
(0.079504178 0.064202524 0.075921017)
(0.10173203 0.092383699 0.10807626)
(0.1193141 0.070860236 0.10814812)
(0.032114982 0.031911458 0.025546731)
(0.038612768 0.024519944 0.025892412)
(0.14943726 0.11083571 0.16370751)
(-0.024571571 0.028216841 0.14256322)
(-0.022841621 0.030880675 0.14241048)
(-0.049472045 0.068211788 0.227359)
(-0.044387461 0.054563297 0.18691575)
(-0.047582204 0.051907115 0.18362404)
(-0.061717211 0.088330024 0.22043343)
(-0.038836587 0.048527187 0.13008817)
(-0.038404404 0.049081281 0.14509228)
(-0.07616341 0.079746599 0.22187367)
(-0.041806997 0.043724347 0.12568175)
(-0.044826152 0.046585658 0.1474906)
(-0.038880928 0.045113302 0.13661808)
(-0.04743833 0.074007083 0.20597126)
(-0.05957768 0.090698095 0.22433817)
(-0.06795269 0.085148279 0.22092879)
(-0.068733492 0.082423255 0.21739531)
(-0.056731489 0.077031214 0.22321103)
(-0.062727581 0.073576412 0.22142656)
(-0.011271457 0.033193637 0.21419614)
(-0.02151033 0.034683109 0.20456563)
(-0.014382987 0.033274532 0.22093247)
(0.0015157812 0.040793896 0.1090277)
(0.00072983664 0.036320898 0.12065943)
(-0.01229982 0.023215856 0.18710529)
(-0.013853372 0.043416591 0.20518042)
(-0.0047583987 0.015706276 0.19546823)
(-0.0032314328 0.0092539927 0.1218902)
(0.0033258628 0.0020627561 0.1780459)
(-0.016353095 0.027911319 0.21197625)
(-0.013473535 0.021071159 0.12810413)
(-0.017558557 0.036042089 0.18108562)
(-0.0097969645 0.025311509 0.16536092)
(-0.024328184 0.042894527 0.22838374)
(-0.0031392648 0.022493808 0.21642093)
(-0.0055536753 0.022575197 0.22015244)
(0.0072658592 0.02508438 0.12554872)
(0.0026162854 0.004097282 0.1687551)
(0.0037524672 0.030529792 0.12569294)
(0.0048254067 0.011340005 0.21436917)
(-0.0044877675 0.012606532 0.17494024)
(-0.0082726099 0.014913726 0.19570785)
(0.0026043015 0.0039759209 0.17578631)
(-0.0051731041 0.0066761171 0.11942078)
(-0.006902849 0.024972208 0.21570311)
(-0.0054401921 0.02373881 0.21937054)
(0.00358649 0.026269938 0.12659836)
(0.0013391614 0.0050103439 0.16806367)
(-0.00075202027 0.031055955 0.12578459)
(0.0022137777 0.015665107 0.21301241)
(-0.005767835 0.011886771 0.17918903)
(-0.01914607 0.031163148 0.21850001)
(-0.016798181 0.01885663 0.13182936)
(-0.031829804 0.027803722 0.17580628)
(-0.030496117 0.044579809 0.23535024)
(-0.021594612 0.017528931 0.16346255)
(-0.014229557 0.020329043 0.17566285)
(-0.022994289 0.074994271 0.18088121)
(-0.036228508 0.094033914 0.2108397)
(-0.040075839 0.067736601 0.17141605)
(-0.050048523 0.093891641 0.22175723)
(-0.011790337 0.071433421 0.14043645)
(-0.040572533 0.088237495 0.23233608)
(-0.051719315 0.084129054 0.2315018)
(-0.028455563 0.07071708 0.21609909)
(-0.028114666 0.044900065 0.17461622)
(-0.019653667 0.038301374 0.13237371)
(-0.025070645 0.050437147 0.20434074)
(-0.036125305 0.07002844 0.23466047)
(-0.03720537 0.064333996 0.20449143)
(-0.028078932 0.058725682 0.22736118)
(-0.050628808 0.058779262 0.21835978)
(-0.039987076 0.037889441 0.1749913)
(-0.033601899 0.027224159 0.13269714)
(-0.044301144 0.038173765 0.20346805)
(-0.055829276 0.053060271 0.20874339)
(-0.044228539 0.052564424 0.2322645)
(-0.059701345 0.056803396 0.23714628)
(0.0094741979 0.011516253 0.20679507)
(-0.016385377 0.0045843901 0.15172953)
(-0.0022772954 0.017669159 0.21316295)
(-0.014640103 0.011407881 0.12966276)
(-0.024568431 0.030253506 0.19341347)
(-0.037686377 0.034636803 0.21898425)
(-0.034299333 0.035256801 0.22596179)
(-0.024943868 0.021857238 0.1969483)
(-0.035428904 0.019858018 0.17187503)
(-0.016754468 0.028796497 0.23261792)
(-0.028691237 0.015034614 0.1851422)
(-0.027002265 0.032325659 0.22891227)
(-0.01373142 0.024463528 0.22204884)
(-0.076509916 0.0070099209 0.2176527)
(-0.041881188 0.0076562893 0.17025711)
(-0.074541576 0.015677725 0.2142941)
(-0.061160555 0.015977124 0.14497572)
(-0.10922358 0.033790858 0.23505553)
(-0.10063879 0.035331277 0.21127128)
(-0.090068309 0.04048597 0.23971046)
(-0.067181671 0.021428511 0.16701054)
(-0.10079889 0.022512593 0.19563775)
(-0.095933194 0.034143817 0.23648947)
(-0.057073757 0.012921051 0.1990858)
(-0.071441897 0.03267182 0.2239264)
(-0.075875742 0.02428405 0.21721614)
(-0.049785713 0.028226716 0.13740948)
(-0.091677072 0.070741148 0.23760302)
(-0.072973279 0.050478424 0.20835638)
(-0.0864046 0.052877268 0.19548463)
(-0.065824314 0.046867408 0.22074791)
(-0.034000978 0.036708705 0.11903894)
(-0.049952591 0.045989104 0.23499424)
(-0.046565551 0.039329432 0.21151781)
(-0.062959572 0.0543455 0.23114251)
(-0.049967863 0.033187486 0.20014702)
(-0.052774971 0.040166919 0.17750816)
(-0.079444309 0.048054659 0.21523862)
(-0.059566008 0.040743747 0.15285561)
(-0.10832955 0.054150228 0.23302406)
(-0.08351966 0.045170799 0.23010611)
(-0.079917362 0.033285953 0.1937599)
(-0.099742691 0.06139659 0.2353636)
(-0.067866712 0.045036955 0.19570494)
(-0.028604345 0.019559064 0.1324505)
(-0.054526712 0.037296441 0.17906169)
(-0.065900884 0.028288219 0.13563542)
(-0.072793795 0.037406257 0.15830839)
(-0.0624582 0.033478525 0.19448952)
(-0.047250124 0.041396886 0.2393509)
(-0.070804512 0.043109329 0.23762453)
(-0.033428836 0.018720997 0.13436193)
(-0.046781445 0.018097548 0.14057719)
(-0.062944701 0.045066201 0.22994861)
(-0.031397862 0.085308517 0.1123183)
(-0.068315327 0.17157826 0.22927039)
(-0.030376981 0.087448083 0.096946947)
(-0.045489234 0.10364009 0.1507907)
(-0.054396259 0.11290312 0.14534506)
(-0.068301892 0.11782816 0.19982711)
(-0.044659901 0.06152455 0.10640902)
(-0.041486144 0.076032455 0.12757103)
(-0.091214882 0.13247858 0.18274859)
(-0.048719489 0.066327412 0.099718837)
(-0.049632219 0.079856397 0.10021706)
(-0.044002577 0.080997303 0.11360913)
(-0.069285436 0.16292755 0.2238518)
(-0.074684789 0.14363591 0.22290788)
(-0.091235908 0.15576082 0.22126045)
(-0.081228282 0.12588382 0.19190125)
(-0.068284115 0.14049993 0.20762403)
(-0.082014031 0.1514641 0.19853733)
(-0.0064769938 0.1255589 0.18444405)
(-0.0083930375 0.078213184 0.13228302)
(0.0050800429 0.10563632 0.1563058)
(-0.01752891 0.13233784 0.20002813)
(-0.019833581 0.081180354 0.11883925)
(-0.017335632 0.091416222 0.15410466)
(-0.013648467 0.094798579 0.16277748)
(-0.030025139 0.14370068 0.21565304)
(-0.0071620829 0.17097847 0.23132358)
(-0.010769196 0.18622083 0.22170271)
(0.01900738 0.17375733 0.23064229)
(0.002574248 0.11256758 0.14235936)
(0.0033723956 0.16971655 0.22511172)
(0.0093699682 0.16970208 0.22915157)
(-0.010245523 0.11686525 0.14774358)
(-0.014385255 0.1447907 0.12983304)
(0.0042464309 0.12537215 0.10797691)
(-0.0039858744 0.063002289 0.044815474)
(-0.012555076 0.200791 0.19763919)
(-0.012176834 0.19575895 0.208726)
(0.020314701 0.21169664 0.23221626)
(0.0022243697 0.12387851 0.11783079)
(-0.0015355073 0.21044536 0.23101338)
(0.010546461 0.20319295 0.19404902)
(-0.012928835 0.12507441 0.12259102)
(-0.033949204 0.16265295 0.15794019)
(-0.022703077 0.075616793 0.068677855)
(-0.037477842 0.10372967 0.091385172)
(-0.053257703 0.17628826 0.17032802)
(-0.0213524 0.086943742 0.069917971)
(-0.03351128 0.12574809 0.20841945)
(-0.041501903 0.10942609 0.21467121)
(-0.039497051 0.083186699 0.16140965)
(-0.059557115 0.12927538 0.2250738)
(-0.020928372 0.10164714 0.16682855)
(-0.045982388 0.12247819 0.23049128)
(-0.060078556 0.13408235 0.2281404)
(-0.038176368 0.14196324 0.23075054)
(-0.0274899 0.097007425 0.14616982)
(-0.028298238 0.068514971 0.12658717)
(-0.027778928 0.10873327 0.18482697)
(-0.038771455 0.12187094 0.22338677)
(-0.042141099 0.1154307 0.18048059)
(-0.036746546 0.14884349 0.22951747)
(-0.022209857 0.1190708 0.13564862)
(-0.010505648 0.12008005 0.1336245)
(-0.092684459 0.19198656 0.22126998)
(-0.046380994 0.10740412 0.11261849)
(-0.038084068 0.068564052 0.067686713)
(-0.064446612 0.13531429 0.13484851)
(-0.073182385 0.13978042 0.16373097)
(-0.076364971 0.18632388 0.19691764)
(-0.089239946 0.15818946 0.16840207)
(0.00018670224 0.061164537 0.038847601)
(-0.0078433265 0.031772946 0.012103708)
(-0.011102833 0.066128343 0.044060702)
(-0.010850634 0.039159171 0.02251001)
(-0.046302711 0.1791669 0.1627135)
(-0.053792285 0.13371321 0.1204654)
(-0.063797056 0.13981937 0.128273)
(-0.033148112 0.10801269 0.082716403)
(-0.029192918 0.065634648 0.047547155)
(-0.034667215 0.1202481 0.093984899)
(-0.020354493 0.039616284 0.02065819)
(-0.048945963 0.090059095 0.080410359)
(-0.026712193 0.072231002 0.053088829)
(-0.066693697 0.0090124452 0.040739061)
(-0.034321279 0.011005682 0.013020963)
(-0.069516724 0.020455149 0.045943096)
(-0.040965435 0.016096471 0.024293182)
(-0.17742052 0.078217962 0.16603483)
(-0.13002263 0.071863838 0.12175474)
(-0.13459446 0.088164742 0.130547)
(-0.065831965 0.036914423 0.049173828)
(-0.10808566 0.046102704 0.085334019)
(-0.1203525 0.055090401 0.097557613)
(-0.041111219 0.025175111 0.022088316)
(-0.088034039 0.062947261 0.08322939)
(-0.073756644 0.038292038 0.056422214)
(-0.05418222 0.061237671 0.06485217)
(-0.12759701 0.14847166 0.18713986)
(-0.098539961 0.1255415 0.14941309)
(-0.11428177 0.11317939 0.14840739)
(-0.11251004 0.10936422 0.13821382)
(-0.15220401 0.14857502 0.2088264)
(-0.13924321 0.0978416 0.13960102)
(-0.14302315 0.12014882 0.16224223)
(-0.088025682 0.069247785 0.082623805)
(-0.14612923 0.13211911 0.1778008)
(-0.15019322 0.1564152 0.20688333)
(-0.033827998 0.059645912 0.049786751)
(-0.064202241 0.089728744 0.094470127)
(-0.058726448 0.036859898 0.048675124)
(-0.084639787 0.07223735 0.093369215)
(-0.069589754 0.07322003 0.075573765)
(-0.078068676 0.10807946 0.10581872)
(-0.10000186 0.093423951 0.10754256)
(-0.026014063 0.033456539 0.023518836)
(-0.033326971 0.02835976 0.024452318)
(-0.11919896 0.13670158 0.16002284)
(-0.083155054 0.041738536 0.11486415)
(-0.15732355 0.097580634 0.23152003)
(-0.081956896 0.038727655 0.093437744)
(-0.09905024 0.060097858 0.15449142)
(-0.10748493 0.069170021 0.15006876)
(-0.10690386 0.087751446 0.20336961)
(-0.057782423 0.05269636 0.10776965)
(-0.07369346 0.051848328 0.13293674)
(-0.11976788 0.11049459 0.18389486)
(-0.06065748 0.056066167 0.099145906)
(-0.075171026 0.058406848 0.10108079)
(-0.07514707 0.053208197 0.11376077)
(-0.14238693 0.10429442 0.22629268)
(-0.12425561 0.10718932 0.22705083)
(-0.13434394 0.12352903 0.22379193)
(-0.1140377 0.10002426 0.19360143)
(-0.12913656 0.089848392 0.21065085)
(-0.13701663 0.10229751 0.19844034)
(-0.16347931 0.046949428 0.2359292)
(-0.1306015 0.046506256 0.17878366)
(-0.13719994 0.055285037 0.20447275)
(-0.17784478 0.051883003 0.2259185)
(-0.15462539 0.048505643 0.22192245)
(-0.15662532 0.05794144 0.23423227)
(-0.11204049 0.029042786 0.14959896)
(-0.12400033 0.019979725 0.18175969)
(-0.07692398 0.016136371 0.13018469)
(-0.10672855 0.0072544431 0.15656112)
(-0.13019786 0.03539124 0.20358988)
(-0.080150998 0.029550644 0.12381822)
(-0.089362808 0.029236406 0.15763669)
(-0.092168747 0.024697816 0.16293553)
(-0.14015984 0.052442627 0.22368517)
(-0.14134819 0.030392391 0.12820455)
(-0.063769135 0.011229535 0.045462947)
(-0.12458216 0.010471841 0.10733625)
(-0.15923442 0.05381298 0.15786914)
(-0.068936689 0.031141461 0.064332451)
(-0.098075143 0.047496609 0.08965514)
(-0.08885861 0.029615187 0.071763497)
(-0.16527125 0.076061097 0.16691456)
(-0.19586714 0.03831764 0.1942575)
(-0.19324179 0.037652188 0.20980866)
(-0.21030755 0.022918012 0.23028381)
(-0.12333549 0.0090025147 0.11726302)
(-0.20547476 0.044723456 0.23203863)
(-0.12343108 0.021539437 0.12095868)
(-0.20181015 0.017169618 0.1921748)
(-0.10523635 0.073829968 0.20716706)
(-0.091529466 0.07501474 0.22026905)
(-0.078659888 0.053620593 0.16707189)
(-0.11077452 0.091653342 0.22980723)
(-0.072079776 0.068810987 0.16786236)
(-0.11122784 0.074434767 0.2331937)
(-0.12321985 0.084095155 0.23343844)
(-0.12922047 0.071560948 0.22892444)
(-0.093318884 0.04075103 0.14751441)
(-0.064632002 0.037303393 0.12468415)
(-0.10713741 0.045043966 0.18988087)
(-0.11554003 0.063401238 0.22337179)
(-0.11010223 0.059347801 0.18164379)
(-0.14247922 0.066106173 0.23552241)
(-0.11498483 0.035179999 0.13751544)
(-0.11922498 0.022257138 0.13521055)
(-0.17131665 0.12575158 0.21995857)
(-0.10163605 0.059538082 0.11375525)
(-0.063170402 0.044512448 0.065598457)
(-0.12914101 0.080169546 0.13556675)
(-0.14463547 0.1109741 0.16739258)
(-0.12913262 0.089633746 0.16285705)
(-0.17152324 0.10546473 0.1980002)
(-0.0029609759 0.024477065 0.073572147)
(-0.0023339451 0.025116846 0.18103997)
(-0.010314703 0.021994594 0.099372603)
(-0.016801322 0.022647246 0.21689525)
(-0.014777652 0.022849516 0.097636459)
(-0.00048778151 0.023794183 0.074684458)
(-0.013587965 0.029003922 0.17817983)
(0.0051763399 -0.018547194 0.058970751)
(0.005652333 -0.022793137 0.16287228)
(0.01652043 -0.021190684 0.20270521)
(0.014163364 -0.016378487 0.080247536)
(0.016352509 -0.016651035 0.078166562)
(0.015335699 -0.024859512 0.16040718)
(0.0033860748 -0.018049632 0.059220568)
(0.032437784 -0.019984548 0.064394355)
(0.070904188 -0.019944506 0.2021713)
(0.049492916 -0.019442765 0.22353784)
(0.038773707 -0.021962561 0.10434892)
(0.036566908 -0.021029724 0.092703594)
(0.066928924 -0.021652719 0.19689211)
(0.035528947 -0.022071404 0.075651863)
(0.023099662 -0.02740137 0.13912319)
(0.025254824 -0.025842286 0.14033357)
(0.050996432 -0.062505933 0.22048924)
(0.048670456 -0.048720733 0.1862243)
(0.044559771 -0.051517981 0.18250928)
(0.075060337 -0.072757811 0.21327835)
(0.043455886 -0.041686263 0.12700063)
(0.043089054 -0.042864444 0.13867217)
(0.063864106 -0.085878189 0.22150958)
(0.039866323 -0.046493875 0.12967958)
(0.03926191 -0.048011127 0.14344812)
(0.040844421 -0.042680189 0.13452507)
(0.050359032 -0.067745809 0.20015935)
(0.070311269 -0.077938444 0.21559041)
(0.063670367 -0.086184019 0.22348499)
(0.070932113 -0.076699097 0.21269598)
(0.064480426 -0.067690691 0.21738429)
(0.059596196 -0.073607868 0.22160881)
(0.0085782055 -0.014515562 0.19113125)
(0.0065070937 -0.0075452241 0.11605423)
(-0.0024210038 -0.0038816213 0.17465706)
(0.018386527 -0.027365227 0.21084905)
(0.018821377 -0.01849793 0.12685374)
(0.030840239 -0.025686644 0.17348271)
(0.019310251 -0.015537739 0.15708432)
(0.031483828 -0.039818899 0.22439932)
(0.0088894956 -0.022331201 0.2029346)
(0.009032901 -0.020322735 0.21144001)
(-0.00058012933 -0.023817541 0.11207098)
(-0.00067244597 -0.0026392152 0.16310554)
(0.0034612454 -0.028099526 0.11214039)
(-0.0008129434 -0.013363009 0.20098419)
(0.0078906272 -0.0098668313 0.17098268)
(0.0057639943 -0.013878538 0.19628181)
(-0.0022015724 -0.00044841134 0.17846012)
(0.0034374784 -0.0086591764 0.12122994)
(0.0059293746 -0.019578963 0.21682729)
(0.0086151971 -0.019493426 0.21577106)
(-0.0051639379 -0.023135693 0.12277251)
(4.9261562e-05 -0.0023997805 0.16832737)
(-0.0017909195 -0.028310102 0.12379427)
(-0.0020662104 -0.0091520089 0.21329582)
(0.006172978 -0.010575175 0.17612152)
(0.01718538 -0.02556257 0.21817815)
(0.016682605 -0.024642565 0.13443298)
(0.017676565 -0.035575633 0.17734521)
(0.025001612 -0.043391602 0.23335513)
(0.011346504 -0.025089596 0.1683241)
(0.014688468 -0.017608046 0.18106537)
(0.047869142 -0.053187555 0.16771455)
(0.072289099 -0.062512094 0.20292835)
(0.061107478 -0.04735279 0.1686822)
(0.072657992 -0.073135443 0.21380039)
(0.038220309 -0.048485078 0.12592122)
(0.072023356 -0.061396322 0.22590749)
(0.069460876 -0.067529228 0.22615632)
(0.050531877 -0.052443676 0.20661241)
(0.038794711 -0.034679307 0.16978271)
(0.033912206 -0.025961382 0.13119046)
(0.04352419 -0.036154934 0.19855862)
(0.059128215 -0.053050909 0.22950441)
(0.054883884 -0.048358367 0.20256547)
(0.043814919 -0.047510737 0.22090104)
(0.027462114 -0.072255898 0.18543992)
(0.04067782 -0.092355668 0.21020408)
(0.042542446 -0.066602448 0.17213025)
(0.054061515 -0.091295905 0.22844726)
(0.017787785 -0.067760306 0.14420241)
(0.054818134 -0.081927485 0.23784515)
(0.04445024 -0.087059179 0.23156345)
(0.031187687 -0.068717776 0.22032129)
(0.030440781 -0.044786299 0.17552967)
(0.02244717 -0.037558548 0.13434351)
(0.024219055 -0.049668549 0.20178099)
(0.03993453 -0.062341329 0.20844344)
(0.028880979 -0.058111186 0.23095164)
(0.038542476 -0.069909522 0.23383954)
(-0.0020469257 0.0063218547 0.20947741)
(-0.0051857402 -0.017574852 0.15776154)
(0.0022432017 -0.0074394554 0.21553884)
(0.00062950138 -0.031804028 0.18921641)
(0.011421339 -0.034892509 0.2252818)
(0.0065974278 -0.021207038 0.21955417)
(-0.0082128262 -0.075342302 0.21319001)
(-0.0052790141 -0.041687642 0.16586918)
(-0.0025884929 -0.074906733 0.21040496)
(0.0046958847 -0.061910907 0.14131441)
(0.0013276949 -0.11136894 0.22762719)
(0.013409639 -0.10359359 0.20804362)
(0.011125566 -0.095025194 0.23600187)
(0.007068032 -0.069231167 0.16517617)
(0.0033138192 -0.10228283 0.19299887)
(0.0074925511 -0.097807674 0.23028326)
(0.022729038 -0.052814959 0.1387131)
(0.05032151 -0.10140336 0.2334303)
(0.03909133 -0.080384444 0.20514794)
(0.039646722 -0.090874451 0.19877333)
(0.030719979 -0.071107378 0.2228951)
(-0.0025588975 -0.05657212 0.13892184)
(0.030239544 -0.058369914 0.23129202)
(0.01026544 -0.057153139 0.22427376)
(0.034051567 -0.074148308 0.2299135)
(0.021573033 -0.053949227 0.20156425)
(0.0066726715 -0.068378015 0.19803969)
(0.027974464 -0.085939036 0.21633393)
(0.0015729928 -0.078435163 0.16829348)
(0.027158995 -0.11453948 0.23103493)
(0.012041106 -0.092667924 0.22834387)
(0.014376217 -0.08434238 0.19005728)
(0.033517173 -0.10964495 0.2403877)
(0.0093517533 -0.083252554 0.20579289)
(0.014395608 -0.029191746 0.1282241)
(0.030725302 -0.058111408 0.17524878)
(0.018004729 -0.068360821 0.13641429)
(0.024036913 -0.074169133 0.15761414)
(0.082831036 -0.039796428 0.11326881)
(0.080568172 -0.039291403 0.092326364)
(0.15513891 -0.09205927 0.22139872)
(0.097628968 -0.056979365 0.14786026)
(0.10594741 -0.065552864 0.14511999)
(0.10677706 -0.081738232 0.19697802)
(0.056566662 -0.049130242 0.10373752)
(0.072895071 -0.049109788 0.1284587)
(0.12118758 -0.10421568 0.1798187)
(0.059883068 -0.053377307 0.097278311)
(0.074820323 -0.054141494 0.097279591)
(0.073449064 -0.049611156 0.10802784)
(0.14184863 -0.096261652 0.21521919)
(0.12444429 -0.098614267 0.21793085)
(0.13574807 -0.11415386 0.21620745)
(0.11417862 -0.093768352 0.18888883)
(0.12882415 -0.084998671 0.20287815)
(0.13730439 -0.095846118 0.19174215)
(0.11991099 -0.022881756 0.17516405)
(0.075831326 -0.017557485 0.12836651)
(0.1038495 -0.012018385 0.14898629)
(0.12627791 -0.032904976 0.19429824)
(0.078932049 -0.027229387 0.11990902)
(0.087932944 -0.028250227 0.15503525)
(0.089963305 -0.023763337 0.15602023)
(0.13664181 -0.048392012 0.21624224)
(0.16072815 -0.034905736 0.21622467)
(0.17728289 -0.036218515 0.21045796)
(0.15982029 -0.028501286 0.20137)
(0.11012714 -0.013764165 0.13767953)
(0.15272061 -0.038309538 0.19956417)
(0.16323099 -0.023349264 0.2135181)
(0.11167956 -0.022108278 0.14268901)
(0.19063242 -0.06017509 0.19936556)
(0.16930777 -0.071292883 0.20056975)
(0.18322019 -0.052634855 0.20241702)
(0.14753544 -0.058280673 0.16157936)
(0.18623787 -0.058151499 0.20755407)
(0.11934013 -0.034839722 0.12451498)
(0.19460978 -0.082080726 0.21450156)
(0.1475678 -0.032539799 0.13127613)
(0.12726467 -0.014757439 0.10830272)
(0.067634589 -0.01300856 0.047230407)
(0.16402604 -0.053682953 0.16097054)
(0.073639066 -0.029267957 0.06729516)
(0.10168335 -0.048058411 0.092476501)
(0.16919697 -0.073784585 0.1676513)
(0.092049133 -0.031737084 0.075114441)
(0.11575426 -0.032179051 0.1334684)
(0.11680893 -0.021547101 0.12974823)
(0.12523663 -0.066335144 0.22054194)
(0.090419383 -0.038621015 0.14316537)
(0.063367406 -0.034818021 0.12206577)
(0.102042 -0.04181285 0.18198747)
(0.1115017 -0.059598136 0.21619898)
(0.1069812 -0.055746043 0.17530403)
(0.1368462 -0.060869264 0.22647481)
(0.1532448 -0.12452067 0.2036114)
(0.14541314 -0.14476706 0.20890681)
(0.095119735 -0.077789319 0.11972534)
(0.14257206 -0.12709339 0.2092178)
(0.1222331 -0.11933883 0.18454329)
(0.14493067 -0.11048588 0.18820467)
(0.15129498 -0.13214553 0.19456688)
(0.17350162 -0.11822105 0.213658)
(0.10092998 -0.057322122 0.11198116)
(0.065234402 -0.042284504 0.066765049)
(0.13056612 -0.078343713 0.13393978)
(0.1308785 -0.08537232 0.16125278)
(0.17325932 -0.10124627 0.19372935)
(0.14753689 -0.10552285 0.16404676)
(0.070268633 -0.013222256 0.044810217)
(0.034028516 -0.013281029 0.013443383)
(0.073324873 -0.025096015 0.050142675)
(0.043831937 -0.01917251 0.02611139)
(0.18488773 -0.081257097 0.16775069)
(0.1353991 -0.074029612 0.12387408)
(0.14263061 -0.091248505 0.13294715)
(0.11432765 -0.049441411 0.089193571)
(0.068895403 -0.039900596 0.051595551)
(0.12805763 -0.060242924 0.10217474)
(0.042774471 -0.029069248 0.02331242)
(0.094139988 -0.067641235 0.08633881)
(0.078591367 -0.043233053 0.060404791)
(0.001480627 -0.067946164 0.042691282)
(0.0089090823 -0.03553276 0.013408607)
(0.013353964 -0.074918431 0.049677848)
(0.01312666 -0.044337572 0.025837062)
(0.048672724 -0.19291069 0.17123428)
(0.055623296 -0.13946006 0.1236395)
(0.070289629 -0.14964695 0.13600098)
(0.032501088 -0.068922045 0.050475958)
(0.032898582 -0.1171981 0.089158303)
(0.038468004 -0.13291415 0.10329667)
(0.023043291 -0.04376629 0.022630134)
(0.054774503 -0.097132836 0.08513058)
(0.030028382 -0.08078175 0.058870244)
(0.059356263 -0.059935558 0.066396962)
(0.13401799 -0.14305411 0.18596415)
(0.11750009 -0.10808972 0.1476148)
(0.10370654 -0.1235653 0.14897497)
(0.11709518 -0.10795406 0.1372812)
(0.16013754 -0.14054044 0.20237765)
(0.14342517 -0.097225628 0.13846176)
(0.15169807 -0.12073856 0.16249667)
(0.15163444 -0.1283702 0.17638721)
(0.09173365 -0.070084117 0.083797437)
(0.16115418 -0.15618077 0.207376)
(0.099687093 -0.1222972 0.13724563)
(0.11645703 -0.18550097 0.2162673)
(0.081429581 -0.15093447 0.14160061)
(0.1022904 -0.16210707 0.16682967)
(0.0626108 -0.093294812 0.083223861)
(0.1138269 -0.16213983 0.17910799)
(0.13727409 -0.17772766 0.21179878)
(0.059181394 -0.038814582 0.050091101)
(0.086970116 -0.072170619 0.094705971)
(0.033330764 -0.060828803 0.050084722)
(0.065742309 -0.089296327 0.092738195)
(0.071701297 -0.075664275 0.077168831)
(0.10716952 -0.097801833 0.11088987)
(0.086048208 -0.11398477 0.11077825)
(0.035762481 -0.0309867 0.02638839)
(0.028545202 -0.037668452 0.026664829)
(0.12943258 -0.14153608 0.16534811)
(0.030994216 -0.087890299 0.11650976)
(0.032632465 -0.086814393 0.096933082)
(0.072454835 -0.17029369 0.23278388)
(0.047174446 -0.10438206 0.15175901)
(0.057576668 -0.11239706 0.14984875)
(0.071973961 -0.11720189 0.20240534)
(0.044645566 -0.061309732 0.10714826)
(0.044226685 -0.076995619 0.1293728)
(0.095568553 -0.13026203 0.18440287)
(0.050540548 -0.063745886 0.098925)
(0.051575564 -0.081227097 0.10363229)
(0.01444934 -0.1675279 0.22631598)
(0.025342558 -0.13533038 0.17563388)
(0.019908344 -0.18365779 0.2184697)
(0.012849953 -0.1472935 0.20028979)
(0.0088959978 -0.15661812 0.20372648)
(0.011573909 -0.11480022 0.14623168)
(0.021745074 -0.16469752 0.23072214)
(0.0025109996 -0.1264485 0.17981128)
(0.0052158232 -0.076720334 0.12781128)
(-0.0055650891 -0.10502386 0.15121382)
(0.012926119 -0.13356288 0.19932806)
(0.018463438 -0.084033634 0.12473799)
(0.013410922 -0.093088743 0.15767289)
(0.0090093335 -0.095150597 0.16260212)
(0.025280187 -0.14514306 0.22063766)
(0.030323896 -0.20112088 0.20151525)
(0.039930894 -0.15540801 0.16717086)
(0.024371172 -0.1946448 0.2080783)
(0.032274861 -0.18955985 0.21307209)
(0.02016898 -0.20028241 0.21266942)
(0.020924094 -0.12665366 0.12802159)
(0.050496814 -0.21065642 0.2267365)
(0.030654483 -0.16976254 0.16224418)
(0.021883334 -0.07783326 0.070549198)
(0.036315168 -0.10644397 0.093413963)
(0.019850362 -0.093687854 0.074587842)
(0.050596278 -0.18100833 0.17579441)
(0.012388217 -0.20251039 0.19052217)
(0.01100885 -0.19670464 0.20291003)
(-0.0063732123 -0.20375389 0.21030024)
(-0.0001484201 -0.12473746 0.11737555)
(0.0079404008 -0.20376038 0.21062958)
(0.010006473 -0.12766787 0.12254854)
(-0.0029676646 -0.20429699 0.18787906)
(0.016990876 -0.12096596 0.13602458)
(0.0075843361 -0.12231664 0.13462686)
(0.041006627 -0.12561619 0.21689743)
(0.046728469 -0.10792492 0.2185616)
(0.043478893 -0.083143902 0.16580592)
(0.06523736 -0.12813665 0.22781352)
(0.028968177 -0.098186063 0.16893325)
(0.051462102 -0.12175507 0.23689273)
(0.065447702 -0.13403957 0.23209534)
(0.041946258 -0.14250309 0.23853258)
(0.026019707 -0.097980281 0.1497572)
(0.029721596 -0.068128287 0.12544938)
(0.025805066 -0.11110839 0.1887357)
(0.041092844 -0.12179968 0.22629334)
(0.042698059 -0.11449265 0.17925936)
(0.035492441 -0.15030207 0.23592221)
(0.10279642 -0.17756339 0.2176372)
(0.129274 -0.16289371 0.21401041)
(0.072570877 -0.099492922 0.12110799)
(0.11057176 -0.15956682 0.21723668)
(0.094711081 -0.15076245 0.19794686)
(0.11975081 -0.16529263 0.20110399)
(0.098398291 -0.15744341 0.19571065)
(0.098972864 -0.19153849 0.22600718)
(0.046632231 -0.10818733 0.11443112)
(0.039647343 -0.066308511 0.066987432)
(0.06579508 -0.1364286 0.1360869)
(0.093801201 -0.15672976 0.16863038)
(0.075170154 -0.13658168 0.16317182)
(0.077986793 -0.1883089 0.20268272)
(0.0091875123 -0.0045099269 0.20415328)
(-0.015560434 -0.00069686763 0.15416414)
(-0.0028760892 -0.009211321 0.21063027)
(-0.013993391 -0.008422879 0.12329859)
(-0.030252065 -0.0097664729 0.19553679)
(-0.037186908 -0.017840588 0.22622863)
(-0.039749058 -0.028113294 0.21273128)
(-0.017142535 -0.014057318 0.23017915)
(-0.03583046 -0.016633519 0.16429261)
(-0.026038334 -0.016204279 0.19363463)
(-0.028831099 -0.0079844565 0.18417819)
(-0.029589923 -0.018727865 0.22172043)
(-0.015974022 -0.013388296 0.21543196)
(-0.076001476 0.001387415 0.21820158)
(-0.041084629 -0.00073415266 0.16928435)
(-0.073863082 -0.004305879 0.21481112)
(-0.057235186 -0.0051497527 0.19279772)
(-0.071768587 -0.023395938 0.21930988)
(-0.076300979 -0.01270412 0.21302196)
(-0.066977874 -0.036748564 0.21657003)
(-0.052479907 -0.0027586062 0.12979588)
(-0.052205501 -0.017664037 0.21626395)
(-0.0535891 -0.036038385 0.2276434)
(-0.063661561 -0.013156587 0.18825085)
(-0.05048778 -0.026320016 0.19493212)
(-0.068242969 -0.040277016 0.22380769)
(-0.063292924 -0.023625492 0.19137974)
(-0.050690679 -0.02443321 0.23260594)
(-0.073654606 -0.027586346 0.2292009)
(-0.068817189 -0.023303665 0.22595382)
(-0.033353098 -0.014332206 0.13128035)
(-0.046295148 -0.012282316 0.1365512)
(-0.028247748 -0.016890245 0.12850265)
(-0.055539166 -0.034243315 0.1726113)
(-0.010922519 0.010849896 0.19930838)
(-0.0055969454 -0.015034754 0.15006951)
(-0.015665636 -0.00077778218 0.20485694)
(-0.0091268859 -0.013503559 0.12488556)
(-0.021555716 -0.025894512 0.18083747)
(-0.027291122 -0.03455537 0.21599818)
(-0.030623109 -0.038422283 0.20438997)
(-0.022411657 -0.015854389 0.22167799)
(-0.018052337 -0.035579036 0.16668275)
(-0.017927114 -0.025091648 0.18460454)
(-0.015489895 -0.02774996 0.1769588)
(-0.027257012 -0.025363373 0.21665581)
(-0.021390073 -0.0123282 0.21208948)
(-0.012156716 -0.073905429 0.21220243)
(-0.010619102 -0.041140062 0.16588782)
(-0.019147239 -0.072050957 0.20712972)
(-0.017551754 -0.055224688 0.19098944)
(-0.032749659 -0.068160892 0.2097019)
(-0.027531958 -0.073064635 0.20748678)
(-0.040434424 -0.065199485 0.21225222)
(-0.023478547 -0.037875227 0.10657733)
(-0.029442317 -0.047142232 0.20201619)
(-0.04001617 -0.051592839 0.22008229)
(-0.028554819 -0.053593973 0.16786885)
(-0.028324813 -0.049886945 0.19237075)
(-0.045661133 -0.064694786 0.21614462)
(-0.027712451 -0.061022892 0.18656341)
(-0.033768224 -0.045762888 0.22589566)
(-0.036783928 -0.069296548 0.22149376)
(-0.034923424 -0.062474105 0.21556483)
(-0.015078606 -0.031310968 0.12702919)
(-0.013807065 -0.044615184 0.13105641)
(-0.016823373 -0.02738447 0.12220597)
(-0.033798616 -0.05514735 0.17179143)
(-0.024865879 -0.063324475 0.12986553)
(-0.032341515 -0.071011807 0.15453271)
(-0.023884168 -0.026023578 0.13455736)
(-0.026431569 -0.023934518 0.133917)
(-0.058170573 -0.053748002 0.21771536)
(-0.048907377 -0.046243517 0.18166179)
(-0.046155427 -0.048883647 0.17690244)
(-0.081061423 -0.067685955 0.21683643)
(-0.044570803 -0.040373001 0.12605513)
(-0.045446606 -0.04129331 0.14106981)
(-0.069431055 -0.078062802 0.21431681)
(-0.040889005 -0.043796731 0.12475074)
(-0.039979613 -0.044023977 0.138756)
(-0.040072801 -0.041278326 0.13245786)
(-0.062592488 -0.053222141 0.19634642)
(-0.080226383 -0.066534985 0.21627163)
(-0.073426257 -0.072701513 0.21322493)
(-0.073191478 -0.071982896 0.20864768)
(-0.068373399 -0.061992489 0.21656678)
(-0.063415583 -0.066085004 0.21377258)
(-0.025511194 -0.0202715 0.20579154)
(-0.025102025 -0.020763609 0.21257012)
(-0.03036225 -0.026942049 0.19865798)
(-0.03121392 -0.0087223033 0.099008525)
(-0.026750387 -0.0095289882 0.10895989)
(-0.018875445 -0.016199559 0.17962056)
(-0.035885693 -0.02278747 0.19509556)
(-0.010714279 -0.011354892 0.19793258)
(0.0016372631 -0.00061893955 0.17804372)
(-0.0080301219 -0.0075078895 0.12001129)
(-0.015176831 -0.011739056 0.2084734)
(-0.016134775 -0.011715227 0.21071385)
(-0.016725063 -0.0036370194 0.1116704)
(-0.0012632865 -0.0012916171 0.16542778)
(-0.021522956 -0.0065848209 0.1130406)
(-0.0060200804 -0.0039210817 0.2052291)
(-0.0085790557 -0.007605569 0.17736635)
(-0.022585568 -0.022635618 0.21451937)
(-0.018987852 -0.015204922 0.12828567)
(-0.033120597 -0.022746693 0.17565862)
(-0.022132254 -0.013734807 0.16359816)
(-0.036183703 -0.031797568 0.22950091)
(-0.027083897 -0.020507768 0.20009053)
(-0.025546631 -0.020507476 0.21203698)
(-0.028465865 -0.028607503 0.19613428)
(-0.027077323 -0.014150812 0.093196869)
(-0.024996333 -0.013014485 0.10414081)
(-0.01680807 -0.018290051 0.17448646)
(-0.031771228 -0.02841985 0.18787843)
(-0.012251838 -0.0095044155 0.19024819)
(-0.002699089 0.0025320021 0.17521231)
(-0.0054390805 -0.00580462 0.11766322)
(-0.018610984 -0.011634312 0.20303172)
(-0.016573867 -0.011687425 0.20968007)
(-0.016707083 -0.0059233557 0.10783817)
(-0.0025235198 -0.00030796745 0.16352431)
(-0.020689928 -0.0097410049 0.10863528)
(-0.010691343 -0.0022825503 0.20041371)
(-0.009314395 -0.0084803469 0.1711221)
(-0.025447106 -0.020477726 0.20986985)
(-0.016143046 -0.018801596 0.12837794)
(-0.024191498 -0.032147723 0.17235914)
(-0.014763637 -0.021073005 0.15986448)
(-0.036290765 -0.033115081 0.22452809)
(-0.016628404 -0.016552218 0.17756571)
(-0.065635961 -0.031735127 0.17837683)
(-0.085817786 -0.045354728 0.20598868)
(-0.062890057 -0.043712293 0.16914912)
(-0.085518313 -0.05835401 0.22033155)
(-0.062509446 -0.019921385 0.13686322)
(-0.080178588 -0.049865912 0.22813955)
(-0.076843985 -0.058684701 0.23063746)
(-0.062020234 -0.036951387 0.21456711)
(-0.041907494 -0.032431892 0.17084138)
(-0.034759359 -0.023311972 0.13248204)
(-0.046901591 -0.029819846 0.1994022)
(-0.064407234 -0.044243584 0.23129241)
(-0.059392646 -0.042852928 0.20424604)
(-0.051876489 -0.035933951 0.22654421)
(-0.0472739 -0.051710033 0.16846925)
(-0.056537232 -0.075982856 0.20315145)
(-0.045875649 -0.062185088 0.16993173)
(-0.068028299 -0.076212268 0.21541292)
(-0.043151011 -0.041596917 0.12681897)
(-0.056172583 -0.075087784 0.22561049)
(-0.063323095 -0.072179692 0.22708681)
(-0.046848307 -0.054592447 0.20705754)
(-0.032806193 -0.041666425 0.17185517)
(-0.023747538 -0.034355346 0.12870789)
(-0.033017675 -0.045175508 0.19771524)
(-0.048629245 -0.061522308 0.22842943)
(-0.045002471 -0.057598247 0.20061823)
(-0.042457918 -0.04731239 0.22112141)
(-0.068938892 -0.0036764083 0.041791133)
(-0.035616587 -0.009199132 0.01296978)
(-0.072714335 -0.015720568 0.047233404)
(-0.042838719 -0.014497433 0.0251734)
(-0.18454562 -0.058870481 0.1673507)
(-0.14337381 -0.074726586 0.1311214)
(-0.13562167 -0.062121378 0.12191422)
(-0.1262889 -0.044350539 0.099321505)
(-0.069311725 -0.034342032 0.050500719)
(-0.11111945 -0.039593709 0.08585854)
(-0.043146285 -0.023250972 0.022780193)
(-0.094453055 -0.056764786 0.084329151)
(-0.077657376 -0.033042669 0.057281383)
(-0.010290776 -0.067280783 0.042397336)
(-0.01210088 -0.034480498 0.013847954)
(-0.021214874 -0.071705913 0.048543824)
(-0.025509722 -0.041810686 0.023103648)
(-0.06143777 -0.090630089 0.083796284)
(-0.036960069 -0.076336226 0.058079015)
(-0.056733379 -0.057446527 0.062449457)
(-0.13827421 -0.13103293 0.18200672)
(-0.11965867 -0.10251907 0.14528596)
(-0.10500881 -0.11578319 0.14483833)
(-0.11971476 -0.099165421 0.13554761)
(-0.17696081 -0.11297935 0.2037827)
(-0.15697623 -0.10335202 0.16173588)
(-0.1475677 -0.084446391 0.13816538)
(-0.17026067 -0.13199691 0.20236608)
(-0.092480218 -0.063768677 0.083046744)
(-0.15794302 -0.11343602 0.17426347)
(-0.060400471 -0.034798924 0.04892739)
(-0.087812565 -0.066462042 0.091882197)
(-0.03693058 -0.057459249 0.048986012)
(-0.068787038 -0.084677784 0.092357932)
(-0.083305552 -0.035697445 0.11097779)
(-0.086898312 -0.03598689 0.1001767)
(-0.16340305 -0.077736747 0.22583782)
(-0.10121724 -0.05209107 0.15156786)
(-0.1088319 -0.060323401 0.14674097)
(-0.11321753 -0.074426297 0.19900144)
(-0.059711231 -0.047655694 0.10617967)
(-0.073134942 -0.045029824 0.1249102)
(-0.12521026 -0.095653657 0.1801742)
(-0.062187949 -0.050810149 0.097995009)
(-0.07786758 -0.052267204 0.10065283)
(-0.076739121 -0.047840007 0.11102538)
(-0.15435582 -0.078632367 0.21895372)
(-0.13597342 -0.082831643 0.22005103)
(-0.14651259 -0.097544459 0.21775746)
(-0.11889205 -0.086001012 0.18845476)
(-0.13475269 -0.07660214 0.20496979)
(-0.14370298 -0.087795357 0.1944735)
(-0.16842069 -0.023832888 0.23751296)
(-0.18251125 -0.032960845 0.22327712)
(-0.13464758 -0.036704028 0.17733032)
(-0.14738536 -0.019279143 0.2049596)
(-0.16217919 -0.014946178 0.22215489)
(-0.11325742 -0.020762285 0.14693175)
(-0.16251009 -0.03305406 0.23260762)
(-0.12347517 -0.0083157374 0.18126813)
(-0.10737794 2.4918355e-05 0.15761959)
(-0.073912056 -0.0094387823 0.1226117)
(-0.17187281 -0.011972115 0.23185481)
(-0.18681122 -0.015716751 0.21946496)
(-0.173177 0.0053805478 0.22322401)
(-0.11332157 -0.00079591948 0.14310222)
(-0.16952082 -0.0065630475 0.22284442)
(-0.17060235 0.00036832788 0.22724268)
(-0.11749721 -0.011005291 0.14654923)
(-0.13113404 -0.020889468 0.20378407)
(-0.083064278 -0.024538434 0.12533035)
(-0.088468132 -0.022493823 0.15401148)
(-0.09203555 -0.016679577 0.16107738)
(-0.14201838 -0.036733572 0.22120189)
(-0.14710123 -0.020384453 0.13162511)
(-0.12628928 -0.0030218705 0.10782268)
(-0.066194393 -0.0072180158 0.046877418)
(-0.20077755 -0.020748657 0.19572828)
(-0.1959801 -0.018707799 0.20707882)
(-0.21084378 0.0029036658 0.22585724)
(-0.12420322 -0.003853782 0.11757747)
(-0.20904386 -0.014555239 0.22610634)
(-0.20405955 -0.0023091798 0.19202382)
(-0.12505244 -0.015219305 0.12167293)
(-0.16465079 -0.04142038 0.16103117)
(-0.072092814 -0.025530291 0.065193616)
(-0.10193561 -0.041739241 0.090021961)
(-0.090883475 -0.025029838 0.073147013)
(-0.17325845 -0.061106824 0.16876334)
(-0.11825783 -0.027235268 0.13631571)
(-0.1204991 -0.012819391 0.13336957)
(-0.11862955 -0.044170146 0.20626754)
(-0.10269842 -0.050746718 0.21172644)
(-0.079728402 -0.045790797 0.16341824)
(-0.12211225 -0.067700603 0.22152099)
(-0.093579743 -0.028920599 0.16021491)
(-0.11552721 -0.056799796 0.22929319)
(-0.12835916 -0.069354508 0.22749428)
(-0.17007243 -0.10077708 0.20710829)
(-0.15670533 -0.12614498 0.207987)
(-0.096995177 -0.074195195 0.12069248)
(-0.15309797 -0.1095452 0.2108859)
(-0.14468996 -0.08954136 0.1888597)
(-0.15951891 -0.11909889 0.19555958)
(-0.15179541 -0.099393634 0.18992009)
(-0.18441064 -0.1016242 0.21551471)
(-0.1043233 -0.051747219 0.11147936)
(-0.064801169 -0.04051476 0.064865125)
(-0.13372644 -0.071178178 0.13347511)
(-0.15306197 -0.096144442 0.16440673)
(-0.13457626 -0.079290589 0.16071515)
(-0.18102024 -0.086202346 0.194273)
(-0.036323408 -0.0833013 0.11177149)
(-0.035203419 -0.082470404 0.093427475)
(-0.082756716 -0.15772292 0.22134838)
(-0.051890108 -0.099509865 0.14812635)
(-0.060610274 -0.10758967 0.14518635)
(-0.076847982 -0.10831144 0.19704256)
(-0.047212508 -0.056562392 0.10321642)
(-0.045549725 -0.072025851 0.1244778)
(-0.1007878 -0.12058839 0.17748934)
(-0.051834803 -0.059996666 0.095673056)
(-0.053686969 -0.077119488 0.1007201)
(-0.047861322 -0.07567182 0.11026307)
(-0.089182289 -0.14466179 0.21692586)
(-0.092816318 -0.12693941 0.21998314)
(-0.10909597 -0.1370397 0.21730063)
(-0.089607117 -0.11491348 0.1877346)
(-0.078701861 -0.13052017 0.20213348)
(-0.090175554 -0.138815 0.19252858)
(-0.041165672 -0.15904686 0.21986269)
(-0.044477272 -0.1744503 0.21060142)
(-0.038833971 -0.12858276 0.1676065)
(-0.039583013 -0.12788666 0.17343842)
(-0.037277559 -0.14448875 0.19137346)
(-0.027131319 -0.11140576 0.14441325)
(-0.04624121 -0.15206335 0.2140213)
(-0.022005084 -0.12192993 0.178363)
(-0.010370286 -0.10429343 0.15281337)
(-0.017703745 -0.073644929 0.12441598)
(-0.032223715 -0.1645739 0.22164759)
(-0.033703485 -0.17973101 0.21325187)
(-0.020749927 -0.16417935 0.21131288)
(-0.011390307 -0.11038415 0.14021096)
(-0.031869864 -0.15670784 0.20566926)
(-0.018930585 -0.16492436 0.21955344)
(-0.021496181 -0.11383281 0.14438432)
(-0.033317166 -0.12699926 0.19485422)
(-0.025414946 -0.079030167 0.11840928)
(-0.026010837 -0.087292784 0.1504427)
(-0.024044219 -0.089015402 0.15532772)
(-0.044553905 -0.13681009 0.21048934)
(-0.052364418 -0.18993588 0.19487296)
(-0.046980999 -0.18327661 0.19970296)
(-0.051408571 -0.14772665 0.16007326)
(-0.059084731 -0.16798113 0.19249125)
(-0.047283966 -0.18421163 0.19872839)
(-0.032781635 -0.12044365 0.12500009)
(-0.071101528 -0.19486763 0.21151392)
(-0.02966653 -0.14529936 0.12920386)
(-0.011832686 -0.12792822 0.1086988)
(-0.011214673 -0.064842788 0.045954216)
(-0.036745265 -0.1953129 0.18876774)
(-0.035500779 -0.18954237 0.20025109)
(-0.022189568 -0.20284332 0.2136709)
(-0.01233702 -0.12384612 0.11770433)
(-0.036948218 -0.19571027 0.20806233)
(-0.019648285 -0.201879 0.18814465)
(-0.024176038 -0.12282945 0.12101884)
(-0.046958352 -0.16306286 0.15857828)
(-0.025887833 -0.072815102 0.066188422)
(-0.042744059 -0.10131806 0.089341484)
(-0.027191283 -0.090718199 0.073295054)
(-0.06486479 -0.16982178 0.16611406)
(-0.030890889 -0.11581691 0.13289253)
(-0.0221614 -0.11827742 0.13232116)
(-0.05781627 -0.10619943 0.19351882)
(-0.061084072 -0.093284751 0.2066398)
(-0.046795894 -0.078559724 0.15940551)
(-0.077305625 -0.11341478 0.22053953)
(-0.052332821 -0.074728816 0.15365464)
(-0.062168523 -0.11087827 0.22152914)
(-0.072713194 -0.12436435 0.22260957)
(-0.058302218 -0.12868926 0.21970237)
(-0.034523733 -0.092361237 0.14393606)
(-0.032853064 -0.065306843 0.12088977)
(-0.037719841 -0.10361821 0.18046778)
(-0.053537011 -0.11426854 0.21598208)
(-0.050850484 -0.1100745 0.17497468)
(-0.053739764 -0.13914078 0.22286231)
(-0.11120846 -0.17454917 0.21530099)
(-0.051287606 -0.10105893 0.11023187)
(-0.041067303 -0.064052358 0.064674837)
(-0.072930633 -0.12883097 0.13183511)
(-0.10118883 -0.14612076 0.16306333)
(-0.079314273 -0.13054748 0.1586424)
(-0.091731282 -0.17362501 0.19333731)
(-0.020529047 -0.023439658 0.075859393)
(-0.0099672144 -0.013775881 0.18244078)
(-0.021233344 -0.024099826 0.099231207)
(-0.0047790763 -0.020560113 0.21937441)
(-0.020438645 -0.02891761 0.097892053)
(-0.021468409 -0.020149865 0.076563082)
(-0.0074397778 -0.025284012 0.18196308)
(-0.016603945 -0.037733653 0.082892655)
(-0.014396512 -0.073526625 0.20670534)
(-0.018240546 -0.040986333 0.11267651)
(-0.0098864142 -0.053336998 0.22912291)
(-0.016754676 -0.041066658 0.10996231)
(-0.016978903 -0.037820651 0.084743302)
(-0.011110617 -0.072365692 0.20578376)
(0.079454968 0.1463941 0.18372745)
(0.030976942 0.12478843 0.11055735)
(0.036456996 0.072204411 0.055957461)
(0.03630883 0.11026521 0.11779422)
(0.064522012 0.10830181 0.12936732)
(0.055712114 0.12445218 0.11904158)
(0.046249163 0.15283705 0.17611692)
(0.17855483 0.0073015865 0.18988928)
(0.14237432 -0.0095538149 0.11936675)
(0.087738393 0.012439984 0.061490434)
(0.12819552 -0.013412563 0.12769187)
(0.13665063 0.01124091 0.13926552)
(0.1497508 0.010904439 0.12842083)
(0.17334745 -0.01921147 0.18245474)
(-0.016981093 0.15802783 0.1827947)
(0.0069807675 0.12475628 0.10990686)
(-0.016154067 0.077028664 0.055082983)
(0.0099415537 0.11227205 0.11734506)
(-0.018806353 0.11762335 0.12722687)
(-0.017236065 0.12963055 0.11710932)
(0.017201181 0.15567687 0.17626079)
(0.16670087 -0.074542961 0.19087723)
(0.14093554 -0.031451295 0.11997958)
(0.083394655 -0.039173259 0.061323273)
(0.12620006 -0.037538609 0.12856812)
(0.12762326 -0.064947613 0.13921926)
(0.1416454 -0.055465572 0.12799838)
(0.17034458 -0.044584084 0.18402792)
(0.0403172 -0.042352301 -0.017088979)
(0.045817087 -0.02232783 0.0047349087)
(0.026808983 -0.028001627 0.0024707171)
(0.038216551 -0.020202505 0.019829616)
(0.064696383 -0.019126379 0.039502542)
(0.044480728 -0.027167413 0.010379294)
(0.02912654 -0.028826587 0.013862717)
(-0.0056851823 0.0017646409 0.0018074557)
(-0.0058386331 0.0020560992 -1.8828827e-05)
(0.00097275563 0.0091991152 0.0075890354)
(-0.0094820323 0.0099959235 0.00086048929)
(-0.0038796868 0.0017911464 0.0032801936)
(-0.0080608375 0.0021707937 -0.0015713544)
(-0.0039759066 0.0095997139 0.0087027079)
(0.0032576809 -0.013311718 -0.0031822461)
(0.0038687354 -0.012970597 -0.0045588228)
(0.010882862 -0.020549234 -0.0049086109)
(0.0035789484 -0.015918293 -0.003086601)
(0.00483638 -0.014593143 -0.0041972777)
(0.0027155221 -0.011534345 -0.0034836252)
(0.0077575712 -0.021027524 4.5586544e-06)
(0.047651972 0.050854097 -0.0069427015)
(0.049362054 0.028252413 -0.0072659332)
(0.036069128 0.043019069 -0.019298594)
(0.043455613 0.034672567 -0.015173171)
(0.012448173 0.065797975 0.039577639)
(0.056865343 0.035901 -0.020579814)
(0.037838676 0.047126343 -0.017759873)
(0.015424591 -0.050383989 0.053627595)
(0.011286621 -0.0063178694 0.026316861)
(0.012182148 -0.023657683 0.036382928)
(0.0065889013 -0.058374835 0.045865423)
(0.010755804 -0.0020342912 0.02352735)
(0.0092963767 -0.05677334 0.055730897)
(0.015182099 -0.059795411 0.04944773)
(0.026097536 0.0052164234 0.19485824)
(0.02564404 3.858967e-05 0.083049534)
(0.01519328 -0.012028732 0.21517223)
(0.030769247 0.0073242339 0.13358649)
(0.027198958 0.0014908662 0.080731996)
(0.020011813 -0.0055353082 0.1991472)
(0.025075576 0.0024392626 0.22858752)
(-0.020440806 0.061008817 0.10642195)
(-0.02130467 0.0060095242 0.049532171)
(-0.01449548 0.079125423 0.1240485)
(-0.023555004 0.033882151 0.093650446)
(-0.021234732 0.0042839807 0.048760631)
(-0.018515889 0.074919449 0.12579704)
(-0.016091026 0.063417679 0.10250728)
(-0.016701796 -0.0078447184 0.16232077)
(0.00054270205 -0.021908983 0.06555132)
(-0.0052587161 -0.018807929 0.10670859)
(-0.015332645 -0.0044753819 0.19880246)
(-0.00080270737 -0.022713087 0.055143067)
(-0.02167102 -0.00062104807 0.18583853)
(-0.011320984 -0.010654857 0.17862944)
(0.040077358 0.0038755274 0.045822351)
(-0.010781754 -0.0021663163 0.014443156)
(0.0064065199 -0.00054493218 0.025553856)
(0.051009161 6.1859717e-05 0.042393172)
(-0.013758685 -0.0035870038 0.011360268)
(0.052166763 0.007138768 0.044521792)
(0.046431488 -0.00073781932 0.048688687)
(0.037621473 0.14736551 0.23524921)
(0.031285584 0.099738577 0.17922402)
(0.0361703 0.10870797 0.2105442)
(0.016255682 0.12088243 0.21620301)
(0.037781373 0.090622636 0.1671154)
(0.032702154 0.12980882 0.22697694)
(0.023753706 0.14988349 0.2404952)
(0.019420046 0.099458889 0.077728496)
(0.011536487 0.080632348 0.054300265)
(0.056699198 0.15934106 0.13739387)
(0.02582528 0.086040167 0.060463582)
(0.03792437 0.10698243 0.087083136)
(0.0024477288 0.14957106 0.23682893)
(0.025508439 0.1017147 0.17832445)
(0.010799163 0.11317148 0.21052373)
(0.0063011798 0.12198082 0.21833479)
(0.020145629 0.098430185 0.16959942)
(-0.0047362298 0.13003273 0.22656041)
(0.013063776 0.1508575 0.24153189)
(-0.10461824 0.013593991 0.079534605)
(-0.084141551 0.0071443534 0.055979251)
(-0.16439616 0.046542639 0.1379325)
(-0.089245412 0.020861631 0.06124704)
(-0.11241929 0.031223774 0.088262617)
(-0.20640878 0.04908282 0.20141431)
(-0.21269364 0.02941452 0.22308902)
(-0.15782445 0.014146148 0.1353743)
(-0.21367307 0.05829698 0.20829225)
(-0.20953291 0.058391046 0.22872759)
(-0.16478146 0.036803301 0.13568448)
(-0.1979206 0.021379351 0.18428967)
(0.018192418 -0.21508072 0.19579376)
(-0.0045341965 -0.20758266 0.20040209)
(-0.0015231799 -0.16552831 0.13736031)
(0.020992989 -0.22264981 0.20178495)
(0.014913893 -0.21048498 0.20608099)
(0.015042115 -0.17542552 0.13842832)
(-0.00094402776 -0.20217454 0.17870243)
(-0.2115753 -0.026414405 0.20096106)
(-0.21362718 0.00270711 0.21855091)
(-0.15998912 -0.0016746568 0.13588789)
(-0.21915705 -0.02980019 0.2086914)
(-0.21476906 -0.022302064 0.22428952)
(-0.19980238 -0.0027615935 0.18285324)
(-0.16970976 -0.022061346 0.13768316)
(-0.030072139 -0.035547633 0.06669382)
(0.0099433424 0.010866245 0.011320027)
(0.0069305346 0.0065070775 0.0087361339)
(0.005129502 0.011839742 0.011268512)
(0.0066911114 0.01163484 0.011381304)
(0.003499329 0.0075943762 0.0096427554)
(0.004132742 0.0073198189 0.0091106767)
(0.0068477654 0.0066433911 0.0083017903)
(-0.016721231 -0.00052048013 0.018151024)
(-0.02058552 -0.0056059077 0.010877402)
(0.015147488 0.016073818 0.01869476)
(0.0073354923 0.023580722 0.018984129)
(0.0097276141 0.016900865 0.018483328)
(-0.018752689 -0.0033016591 0.014262115)
(-0.019075004 -0.0031257975 0.015614744)
(-0.025860348 -0.0012932248 0.0026076125)
(-0.024147279 -0.0028529302 0.0017857539)
(-0.027358276 -0.0078074372 0.0022927602)
(-0.024164746 -0.0056850566 0.0028692239)
(-0.025824542 -0.0048711207 0.0023166149)
(-0.022738489 -0.0045720231 0.0018639021)
(-0.022773379 -0.0020172621 0.0011457566)
(0.01910712 0.0051026734 0.11038707)
(0.020240758 0.0087913277 0.0754691)
(0.009958241 -0.040787818 0.17637934)
(0.0099876331 -0.029190165 0.18479092)
(0.011967048 -0.037939672 0.19386449)
(0.018644436 0.0060281715 0.09017958)
(0.019818601 0.012284732 0.091292784)
(0.034363784 -0.031297875 0.067376745)
(0.045585793 -0.037884801 0.076787622)
(0.00050246609 0.014701432 0.010416125)
(-0.0046728904 0.014398562 0.0080614781)
(0.0060531768 0.015913866 0.016558377)
(-9.0764474e-06 0.017137073 0.014700262)
(0.00037295936 0.019285979 0.0094435122)
(-0.0017889674 0.014339141 0.0080815577)
(0.0035125903 0.016449189 0.11541297)
(0.0029230146 0.020799801 0.078163129)
(0.043766464 0.00456176 0.17557964)
(0.033513597 0.0058791686 0.18399435)
(0.04089162 0.0014593792 0.19298636)
(0.0022325813 0.018239088 0.092706944)
(6.3293275e-05 0.019689997 0.096333425)
(0.0030346849 -0.017899556 0.09520055)
(0.0025180388 -0.019673299 0.061506957)
(-0.041826363 -0.010391432 0.16564184)
(-0.032237656 -0.010380795 0.17425645)
(-0.038525963 -0.007660659 0.18280209)
(0.0035695805 -0.019398265 0.07537524)
(0.0053976321 -0.018579571 0.078273471)
(-0.0023559206 -0.027538006 -0.0052516088)
(0.0033100479 -0.025709069 -0.001852851)
(0.0022032157 -0.024778902 -0.009875631)
(0.0040705875 -0.024438213 -0.011406796)
(-0.00010336062 -0.027445818 -0.0074506975)
(0.0010575045 -0.024712706 -0.010822904)
(-0.00082903335 -0.02498651 -0.0096908945)
(-0.032577045 0.030509115 0.063902005)
(-0.043298771 0.033458043 0.072111951)
(0.011822717 -0.024590789 -0.0025958588)
(0.0059637772 -0.023073978 -0.00065031293)
(0.0093607419 -0.024256535 0.002021027)
(-0.00020950303 -0.020965778 0.0070354762)
(0.0079759604 -0.025777642 -0.0030720907)
(0.0088812855 -0.022959815 -0.00334038)
(0.029881573 0.031415594 0.061867119)
(-0.020856659 -0.017233337 0.0079565485)
(-0.021894721 -0.020984188 0.010744015)
(-0.021098527 -0.015984978 0.0082091175)
(-0.018655282 -0.018822653 0.0071606785)
(-0.020468854 -0.017080121 0.0072558421)
(-0.017233134 -0.016194598 0.0070117386)
(-0.019046393 -0.014858155 0.0083847511)
(-0.021568949 0.002513443 0.12328901)
(-0.012933998 0.040718687 0.18370765)
(-0.015800218 0.046648888 0.17999794)
(-0.020399148 0.0036894712 0.10625881)
(-0.015517079 0.040874271 0.18562325)
(-0.020066581 0.0040663665 0.12468828)
(-0.021444914 0.0013072757 0.10301276)
(-0.021449599 -0.0055932407 0.12829341)
(-0.010131976 0.022461912 0.20884315)
(-0.012298795 0.025841856 0.2035919)
(-0.020945438 -0.015616478 0.12016011)
(-0.013958631 0.031878664 0.20030583)
(-0.020533136 -0.011143005 0.13798276)
(-0.021126428 -0.012332361 0.11054896)
(-0.021636873 -0.00461374 0.11162013)
(-0.022159978 -0.0067325118 0.079714209)
(-0.014218513 0.042342862 0.17679099)
(-0.013165554 0.030098095 0.18710663)
(-0.016324865 0.038126148 0.19282639)
(-0.021456529 -0.0044431946 0.091595183)
(-0.021502581 -0.010640649 0.096379186)
(-0.017749711 0.0040763895 0.11789788)
(-0.011173456 0.041671423 0.18217745)
(-0.011281827 0.047982097 0.17562586)
(-0.019436671 0.0039042604 0.1042951)
(-0.0090421771 0.042605335 0.1815476)
(-0.018772812 0.0047725094 0.12298956)
(-0.018861364 0.002419841 0.097782102)
(-0.017840703 -0.0011963478 0.10308604)
(-0.018622164 -0.0012838869 0.067771568)
(-0.011828092 0.043231769 0.16892199)
(-0.012823418 0.033126118 0.17471836)
(-0.0094319197 0.039239209 0.18422217)
(-0.019053367 -0.0009516 0.08416747)
(-0.017807208 -0.0045208687 0.083162346)
(0.029425727 -0.0044031329 0.0094716416)
(0.028157526 0.00072440991 0.0054990522)
(0.032087413 0.0014275506 0.042063377)
(0.031812922 -0.0053572407 0.0109134)
(0.030605176 0.00036240487 0.0070646915)
(0.028991255 -0.0017437471 0.0066933272)
(0.026759103 -0.00084627427 0.0051451881)
(0.045708476 0.018528442 0.018615308)
(0.0417818 0.016245257 0.007185869)
(0.039547974 0.01955229 0.04412783)
(0.043183747 0.010497952 0.0085924465)
(0.04792837 0.010935882 0.014872249)
(0.046318048 0.0092200661 0.0075714036)
(0.04573758 0.014325984 0.0065083152)
(0.042715923 0.024619977 0.016152621)
(0.039850741 0.020221249 0.0061301447)
(0.03496504 0.035443329 0.045543628)
(0.037380137 0.022420229 0.0029160968)
(0.040563262 0.02764223 0.0098682972)
(0.040975511 0.02178996 0.0035605655)
(0.043835655 0.01935576 0.0052581174)
(0.068586562 0.05858375 0.13313727)
(0.1609207 0.1222924 0.23418978)
(0.065790247 -0.0087743221 0.034551816)
(0.058193184 -0.020985824 0.027645409)
(0.084671573 0.037046964 0.10382315)
(0.089693034 0.0088580734 0.094882425)
(0.058316681 -0.013437895 0.034727764)
(0.045381135 -0.02622826 0.0054346514)
(-0.060799064 0.068874256 0.13725791)
(-0.12751731 0.15450519 0.22950525)
(0.019990006 0.061580615 0.028842055)
(0.0074496082 0.058640357 0.027723303)
(-0.012450145 0.088118146 0.094441262)
(-0.038956655 0.076437604 0.096933297)
(0.012050561 0.054437464 0.028276071)
(0.029325461 0.047107301 0.0024317923)
(0.061647778 -0.063532093 0.13117954)
(-0.061518137 -0.061076019 0.12859517)
(-0.017240784 -0.033687229 0.1419288)
(-0.010098276 -0.017573173 0.22247526)
(-0.018240687 -0.040302155 0.13326976)
(-0.008060723 -0.028804064 0.21890204)
(-0.018012821 -0.033415297 0.14434294)
(-0.0090094915 -0.01698665 0.2219353)
(-0.016783624 -0.040152698 0.1302473)
(-0.10048094 0.038708091 0.14340852)
(-0.13856664 0.08323478 0.1978891)
(-0.10740538 0.047326878 0.19848707)
(-0.069600795 0.057992965 0.11768647)
(-0.073542397 0.068597295 0.16290768)
(-0.021235665 0.049257401 0.073753625)
(-0.043463191 0.038042936 0.095369319)
(-0.016660207 -0.080180916 0.088946647)
(0.027836251 -0.15730346 0.18608352)
(-0.016219533 -0.08812423 0.14282626)
(-0.0049064151 -0.070099626 0.075962509)
(0.0030472359 -0.086739806 0.13317132)
(-0.028654778 -0.018000553 0.017270711)
(-0.035593835 -0.019973472 0.033200058)
(-0.10233323 0.015138985 0.12957474)
(-0.15828938 -0.030093215 0.19041901)
(-0.11150596 0.015904514 0.18862947)
(-0.096074179 -0.0037847905 0.14660031)
(-0.085366641 0.0034052343 0.098359749)
(-0.03694805 0.016953709 0.043840138)
(-0.046405199 0.023203643 0.079252141)
(0.019812912 -0.059640321 0.067322357)
(0.015849017 -0.01483822 0.040990517)
(0.020006346 -0.065872489 0.080233062)
(0.022771623 -0.060375406 0.063430703)
(0.015211137 -0.0237136 0.046894668)
(0.024665771 -0.050515794 0.065382382)
(0.015788789 -0.052835494 0.0526488)
(0.016443495 -0.06881482 0.10026889)
(0.01512029 -0.072844667 0.092423097)
(0.014360988 -0.036266732 0.066420899)
(0.0054531267 -0.059242898 0.070398205)
(0.016117664 -0.033103949 0.065808383)
(0.0094788954 -0.060106827 0.072089702)
(0.01195424 -0.073981101 0.10320187)
(0.025396785 -0.02294469 0.052841725)
(0.035164887 -0.031638783 0.060667549)
(0.039731399 -0.040620401 0.075280053)
(0.035884032 -0.042431647 0.05530659)
(0.015481199 -0.0042589685 0.035091774)
(0.044420618 -0.057743161 0.080450695)
(0.040497128 -0.047556975 0.067846795)
(-0.0580478 0.038132905 0.083774277)
(-0.038122324 0.027399391 0.054335413)
(-0.041989175 0.025834661 0.053364831)
(-0.041107198 0.022772949 0.057194004)
(-0.047115767 0.013311083 0.074390372)
(-0.048829116 0.023008303 0.080604463)
(-0.051215032 0.021643487 0.089903487)
(-0.062167142 0.036519843 0.095121689)
(-0.062235562 0.031009053 0.085635331)
(-0.064913676 0.02899389 0.096806468)
(-0.058278705 0.00097797254 0.062696353)
(-0.0097353683 -0.014968857 0.027946468)
(-0.063066066 0.0017297865 0.075107348)
(-0.060213842 0.012700599 0.062106696)
(-0.018671079 -0.014362582 0.036739001)
(-0.048866433 0.0036801823 0.059184477)
(-0.052108946 0.007738888 0.05206259)
(-0.025161944 0.0034172952 0.04346434)
(-0.036512241 0.020114783 0.055051399)
(-0.043909032 0.03078645 0.052518175)
(-0.044218758 0.023156749 0.068656049)
(-0.0090443688 -0.0087591171 0.023628971)
(-0.060588902 0.03339456 0.077143081)
(-0.050295008 0.028224412 0.062908961)
(0.027818767 0.039092058 0.04217648)
(-0.01381953 -0.0015846509 0.015184974)
(0.0087272523 0.029126145 0.034103346)
(0.020324171 0.048664936 0.045610485)
(0.022555848 0.039998938 0.03425906)
(-0.0014494984 0.011350573 0.026513539)
(0.020175072 0.04013471 0.046961699)
(0.035785761 0.0080172463 0.21726098)
(0.034800549 0.012370822 0.2242957)
(0.043050438 -0.003249273 0.1163043)
(0.038369876 0.019402201 0.20625709)
(0.03830194 -0.0030504309 0.12735751)
(0.024389562 0.011791063 0.18111707)
(0.046758355 0.010830404 0.20869636)
(0.049443702 -0.02786365 0.13495515)
(0.09002093 -0.065626581 0.22644825)
(0.071334601 -0.047918511 0.19777879)
(0.082889146 -0.049973236 0.18685356)
(0.064202491 -0.044716637 0.21303661)
(0.034467568 -0.029756274 0.10658289)
(0.045655546 -0.034540324 0.20318153)
(0.049567434 -0.043984601 0.22305282)
(0.04938625 -0.031725766 0.19288118)
(0.051292154 -0.034460514 0.16864556)
(0.06195557 -0.050507153 0.21791328)
(0.077679053 -0.045696685 0.20877833)
(0.057369666 -0.033732935 0.14307491)
(0.080880134 -0.039527259 0.21907449)
(0.10491816 -0.049042901 0.22412033)
(0.07770302 -0.029527832 0.18553905)
(0.06606072 -0.038190777 0.18617803)
(0.096643545 -0.057051481 0.22612069)
(-0.0044870404 -0.065744933 0.06895922)
(-0.0047190215 -0.07042824 0.080805785)
(0.010138113 -0.024233852 0.040813128)
(-0.014383222 -0.064026451 0.065369234)
(0.0092735159 -0.031981798 0.048165038)
(-0.0068529096 -0.058299203 0.066675971)
(-0.0096029323 -0.054559078 0.05371444)
(-0.0049745646 -0.03890085 0.052993155)
(-0.019317899 -0.047256163 0.061072012)
(-0.022982583 -0.054085109 0.075640594)
(-0.030228571 -0.045938316 0.053953124)
(0.0073852351 -0.024799473 0.035495552)
(-0.032807458 -0.065688957 0.080110356)
(-0.027831106 -0.058329393 0.067718666)
(-0.038569863 -0.028761691 0.057584211)
(-0.038559065 -0.039127177 0.080425261)
(-0.041165748 -0.046548469 0.086766007)
(-0.043791867 -0.045986252 0.097193834)
(-0.056543632 -0.050256345 0.098169189)
(-0.056335451 -0.045639319 0.0876838)
(-0.059253105 -0.044330799 0.099696747)
(-0.055306338 -0.012380343 0.058777173)
(-0.034946976 -0.042109372 0.036694962)
(-0.02537718 -0.044722616 0.03828886)
(-0.032745993 -0.039047583 0.038100078)
(-0.023182169 -0.040566982 0.041120335)
(-0.02187471 -0.031118473 0.022246385)
(-0.02620001 -0.02499788 0.0218692)
(-0.023244772 -0.035937573 0.14041015)
(-0.040086098 -0.038223215 0.14603482)
(-0.02802204 -0.023077438 0.088869028)
(-0.039293089 -0.032948123 0.16189465)
(-0.042476523 -0.041378574 0.15345304)
(-0.032528453 -0.03753385 0.17337991)
(-0.043480881 -0.039502098 0.16154908)
(0.00050266502 -0.036781195 0.15694695)
(0.00018269273 -0.052565706 0.18175163)
(0.00087882227 -0.045437336 0.18827868)
(-0.013667567 -0.071250168 0.15107859)
(0.017778473 -0.018516946 0.068691058)
(0.0034862714 -0.057888145 0.14123052)
(-0.0089040616 -0.070423374 0.13741704)
(0.0096340682 -0.039673766 0.11325598)
(-0.0053328141 -0.063137043 0.12978268)
(-0.012401787 -0.066007225 0.1321031)
(-0.036044932 -0.0087712292 0.074101351)
(-0.053117623 -0.022246385 0.12526511)
(-0.053900126 -0.022337334 0.13672567)
(-0.073208941 -0.027514812 0.13554876)
(-0.059833267 -0.020073515 0.14124885)
(-0.068846028 -0.019614635 0.12093072)
(-0.048260255 -0.013693428 0.09555402)
(0.043656617 -0.035665502 0.046906943)
(0.0084261951 -0.0019135236 0.025853701)
(0.034678614 -0.022773962 0.039669804)
(0.051998335 -0.030387248 0.050324248)
(0.021764025 -0.014798548 0.03668817)
(0.042528154 -0.029359413 0.036659071)
(0.04614982 -0.030667429 0.054016167)
(0.05722955 -0.014204205 0.06442477)
(0.013862565 -0.00024598586 0.035636239)
(0.059837043 -0.020728766 0.063442852)
(0.063238391 -0.014431435 0.077168397)
(0.020134534 -0.0014731259 0.041264474)
(0.049789302 -0.016867084 0.06297031)
(0.050849571 -0.014708129 0.051871444)
(0.059465541 -0.0099506485 0.062780139)
(0.066101031 -0.010067239 0.075796457)
(0.02068764 -0.0004050525 0.041629107)
(0.051148197 -0.0047305624 0.047805464)
(0.0220828 -0.0012949813 0.042479713)
(0.052913176 -0.0099731494 0.049731119)
(0.057210307 -0.005230965 0.061449399)
(0.030368267 -0.015128815 0.052065032)
(0.039074066 -0.026915953 0.060674113)
(0.047658131 -0.031081437 0.075807037)
(0.044164488 -0.034288926 0.055179109)
(0.015725775 -0.0020771636 0.034892605)
(0.051886393 -0.035404061 0.067113244)
(0.061387685 -0.040143052 0.080896652)
(0.039267096 -0.0043519048 0.083125211)
(0.048397889 -0.013160215 0.10770589)
(0.054783437 -0.023445819 0.10655033)
(0.048451459 -0.02304871 0.08844063)
(0.01948907 0.0071425323 0.054182701)
(0.067355912 -0.028293841 0.1149969)
(0.060724378 -0.020034385 0.1209395)
(0.055798781 -0.0087911109 0.059041875)
(0.0075503682 -0.03663887 0.073082613)
(0.017541501 -0.057324206 0.13084207)
(0.024457154 -0.07500375 0.13630998)
(0.019208103 -0.05689638 0.1399146)
(0.016133493 -0.069920097 0.12132546)
(0.016996895 -0.062394088 0.14419808)
(0.012298662 -0.048727164 0.095514874)
(0.029810094 -0.026825833 0.088049015)
(0.036162141 -0.018677108 0.12175334)
(0.044931374 -0.034607634 0.12964183)
(0.049168902 -0.030889431 0.13083285)
(0.052208397 -0.045324196 0.13451121)
(0.044886844 -0.039345795 0.1443893)
(0.048513609 -0.036667551 0.14525347)
(0.040464411 -0.011817181 0.14074154)
(0.046073299 -0.029353003 0.14861616)
(0.031469829 -0.01978951 0.091224955)
(0.04641808 -0.022429112 0.16374495)
(0.049573068 -0.03059 0.15324646)
(0.046610875 -0.016154108 0.17315987)
(0.053466749 -0.024030075 0.16270932)
(0.017817663 -0.011753684 0.15697222)
(0.036143607 -0.0057532485 0.074998336)
(0.05856949 -0.00075780518 0.12896939)
(0.075388788 -0.016456456 0.13564136)
(0.059612158 -0.0037893482 0.13920118)
(0.069796826 -0.012055952 0.12180431)
(0.0491058 -0.0089659514 0.096423178)
(0.063214047 -0.0050704059 0.14358492)
(0.064088601 -0.019435195 0.16255756)
(0.014384932 0.01778137 0.071910317)
(0.046108866 -0.010924305 0.16525307)
(0.043091861 0.0011565771 0.15460832)
(0.051314726 -0.010874351 0.15529535)
(0.050278505 -0.016075866 0.15220011)
(0.035627692 0.0061613953 0.12030908)
(0.026173227 -0.012763816 0.090761418)
(0.052184667 -0.026318955 0.13492541)
(0.056833282 -0.017436321 0.13646494)
(0.056585671 -0.0059217894 0.15429001)
(0.050532135 -0.004006903 0.16590829)
(0.032497043 -0.0066885611 0.079517498)
(0.026744174 -0.0056351017 0.083814155)
(0.053678967 -0.0031849316 0.15426921)
(-0.045037281 0.030539809 0.04574928)
(-0.0062833975 -0.010964921 0.019204807)
(-0.053892903 0.022748591 0.048977634)
(-0.037258069 0.01281657 0.038213648)
(-0.046515307 0.022825178 0.051224009)
(-0.022461381 0.0045540057 0.033269727)
(-0.043966111 0.024390954 0.036208804)
(-0.017313947 0.072980732 0.10138317)
(-0.0089538263 0.039918645 0.06186285)
(-0.0091313312 0.06158668 0.079846343)
(-0.023037003 0.078171939 0.11307523)
(-0.015388361 0.041318851 0.058198712)
(-0.016878171 0.056537289 0.087619698)
(-0.026620089 0.073886508 0.11455053)
(-0.013276455 0.052035524 0.080116705)
(-0.023397431 0.018792081 0.048200173)
(-0.033116716 0.027174731 0.056580117)
(-0.036016351 0.040759717 0.054420414)
(-0.037068374 0.036978416 0.071468752)
(-0.010688784 -0.001757878 0.027145054)
(-0.04026522 0.044343566 0.065511574)
(-0.04389591 0.055656362 0.079184762)
(-0.033415676 0.043640537 0.064287733)
(-0.02768188 0.048142768 0.053066034)
(-0.028475987 0.040861153 0.041692742)
(-0.030453654 0.050980748 0.050358564)
(-0.041756999 0.054270059 0.064281876)
(-0.033158263 0.053414651 0.063274605)
(-0.03228098 0.055167222 0.066497323)
(-0.035472638 0.0024543913 0.070650416)
(-0.056267271 -0.0078181641 0.12121637)
(-0.074528508 0.0093771753 0.13017987)
(-0.055774238 -0.0030652058 0.12888454)
(-0.069689432 0.00438159 0.11747969)
(-0.060502379 -0.0030054546 0.13540694)
(-0.048222317 0.0053682468 0.092554156)
(-0.023165353 0.0040974594 0.16460505)
(-0.0091289379 -0.017313336 0.066230466)
(-0.033026699 0.022095777 0.16450999)
(-0.022246957 0.0095514441 0.17394551)
(-0.0092439998 -0.016382687 0.084429805)
(-0.025011979 0.0031158395 0.14149209)
(-0.025456327 0.017011446 0.15464282)
(-0.022607908 -0.0030167821 0.082259873)
(-0.036956444 0.0074883424 0.10004063)
(-0.043895631 0.017557163 0.11330973)
(-0.059792299 0.036244301 0.13313437)
(-0.011509577 -0.014531258 0.045756868)
(-0.051376973 0.018188133 0.13662733)
(-0.05051311 0.02744037 0.14156626)
(-0.011913323 0.033680352 0.15861182)
(-0.020727406 0.047300838 0.18749081)
(-0.018679593 0.041530724 0.19555201)
(-0.030323538 0.058902554 0.16295089)
(-0.019993929 -0.0040936224 0.073597853)
(-0.026042805 0.041554134 0.16787309)
(-0.02285661 0.032330901 0.15414229)
(-0.029281319 0.043479734 0.15691602)
(-0.024993848 0.049238659 0.15565592)
(-0.023938593 0.019186031 0.11845432)
(0.051830553 0.0092987386 0.060089196)
(0.056377046 0.015941772 0.058884527)
(0.0018059546 0.0017893121 0.027163236)
(0.05954814 0.010391096 0.073072083)
(0.011363325 0.0021014171 0.035126072)
(0.040830772 0.012813255 0.055821966)
(0.049766106 0.010535784 0.050086592)
(0.05496685 0.0058239153 0.046398325)
(0.039006403 0.0048822956 0.027198393)
(0.046245346 0.00040029946 0.039465262)
(0.057211723 0.004431842 0.060352544)
(0.063929963 0.005491136 0.073345793)
(0.019155768 0.00038774104 0.040323645)
(0.05096936 0.00036981506 0.047413612)
(0.017510259 0.0014430047 0.038886417)
(0.05644653 -0.00052234665 0.060558245)
(0.052338177 0.0054839905 0.048529691)
(0.01129434 0.011293755 0.038397143)
(0.02311639 0.024660516 0.050126896)
(0.038448105 0.032452773 0.05049728)
(0.032349938 0.028590238 0.063940252)
(-0.0057961194 0.00040415913 0.020055924)
(0.038954516 0.031672629 0.058111639)
(0.051527402 0.036997846 0.07240876)
(0.00017765688 0.057168139 0.062275102)
(0.011551221 0.05893826 0.059932362)
(-0.013464766 0.011043596 0.030863914)
(0.00098710971 0.064185243 0.07469311)
(-0.013312464 0.020385339 0.039357881)
(0.0030039599 0.047598463 0.058322498)
(0.0072875197 0.051490044 0.050282163)
(-0.0040943941 0.061812671 0.062929871)
(-0.0037344128 0.068051969 0.075723523)
(-0.015866998 0.027402705 0.046007241)
(-0.0030683721 0.052786044 0.048492704)
(-0.014333196 0.025817388 0.043871769)
(-0.0088746326 0.061337853 0.063621379)
(0.001887749 0.053759122 0.049059587)
(-0.0022732762 0.030086801 0.070084862)
(0.0090905054 0.03969499 0.093454588)
(0.016235805 0.045909847 0.092938078)
(0.019728533 0.047240693 0.084253692)
(-0.010116676 0.0076118685 0.040774107)
(0.020716501 0.062381932 0.10507867)
(0.013365496 0.055711611 0.10959034)
(0.0075974499 0.054675464 0.097558667)
(0.012054513 0.054332841 0.07478934)
(0.015008692 0.039402751 0.064585229)
(0.013882735 0.069343948 0.11158362)
(0.02276337 0.067468606 0.10156956)
(0.0058929044 0.06237075 0.10192033)
(0.016251074 0.069871962 0.1202083)
(0.021579273 0.0003904903 0.19620972)
(0.020621827 0.0032875515 0.14202617)
(0.033179707 0.0057348032 0.18982454)
(0.015644804 0.059792904 0.15208786)
(-0.012973621 0.0043545472 0.057821416)
(0.01019729 0.042452914 0.15395731)
(-0.0021654366 0.036911502 0.13901138)
(0.014242895 0.049821466 0.14616226)
(0.0091301027 0.044247681 0.14166952)
(-0.0069791077 0.024388147 0.10147196)
(0.015223103 0.014424827 0.1669597)
(0.02968821 0.025559819 0.1646662)
(-0.010399605 0.001517376 0.063884439)
(0.014541064 0.017273642 0.17331364)
(-0.0092917559 0.0023282906 0.081004223)
(0.014782183 0.014354256 0.14226261)
(0.024188745 0.020023393 0.15792676)
(0.028022338 0.0216054 0.12958234)
(0.041449061 0.031451427 0.14069944)
(0.029645254 0.019992785 0.087141942)
(0.041994646 0.024339816 0.15689635)
(0.046929831 0.027876398 0.15412796)
(0.044718677 0.032971748 0.14569681)
(0.037041439 0.024448659 0.16315985)
(0.011398767 0.032973263 0.12609657)
(0.027423009 0.041806493 0.13923365)
(0.017507985 0.029346586 0.084421296)
(0.020362618 0.044226592 0.15475305)
(0.02103468 0.049990972 0.15171661)
(0.029169759 0.046091395 0.14448429)
(0.015934434 0.040031 0.15850658)
(-0.015541552 0.014401803 0.058559648)
(-0.0032171061 0.00061120196 0.16325382)
(-0.018837149 0.013918524 0.090970057)
(0.017105817 0.00047539982 0.19004597)
(-0.015645089 0.013447292 0.081760617)
(-0.016092808 0.014811095 0.067720442)
(0.0036830243 0.0035611357 0.15185322)
(0.010945973 0.013154789 0.1265455)
(0.031536999 0.022811973 0.19355927)
(0.037133886 0.036876896 0.21598007)
(0.036709371 0.032660231 0.22678451)
(0.02301652 0.023658431 0.19312388)
(0.030457464 0.014057211 0.23279495)
(0.021464847 0.035093368 0.1707656)
(0.049208821 0.077965898 0.21524211)
(0.044535108 0.057567514 0.15137323)
(0.047455437 0.083132272 0.22487262)
(0.055126465 0.10719026 0.22944308)
(0.046761833 0.066551846 0.19355521)
(0.033627498 0.079222184 0.18983234)
(0.063505727 0.097771178 0.23476529)
(0.067548727 0.013467074 0.19297332)
(0.056246576 0.010862849 0.22907446)
(0.076777808 0.014138316 0.22531582)
(0.073878607 0.0088835419 0.22139895)
(0.035884061 0.0081207062 0.13547878)
(0.048662286 0.0060114145 0.13502128)
(0.070663001 0.18972914 0.20274663)
(0.064235556 0.14542175 0.16414099)
(0.063288022 0.18401616 0.20941133)
(0.086752469 0.16937253 0.20971822)
(0.072700179 0.18840515 0.21741767)
(0.040705107 0.12024161 0.1269894)
(0.093863811 0.19288157 0.22047549)
(0.049653758 0.1939847 0.19246042)
(0.048241501 0.19045569 0.20639099)
(0.040564257 0.20829016 0.2288982)
(0.016932931 0.12301217 0.11777829)
(0.058232335 0.19967679 0.22216389)
(0.029183933 0.12274694 0.1216424)
(0.030732709 0.20053994 0.19224863)
(0.027948076 0.1176916 0.13358759)
(0.198922 0.019713882 0.1965117)
(0.15453294 0.032773511 0.16144023)
(0.19225024 0.015088683 0.20373444)
(0.18689951 0.016087035 0.20182427)
(0.19823605 0.0045209682 0.20697786)
(0.12478157 0.016742153 0.12536514)
(0.20874733 0.037369963 0.21652358)
(0.062572602 0.053653083 0.064531495)
(0.15451839 0.12009889 0.18861689)
(0.1158782 0.10855549 0.14841951)
(0.12972836 0.092321534 0.14711912)
(-0.015615537 0.035676902 0.21346165)
(-0.0057021771 0.038578751 0.10687811)
(-0.015241861 0.033779848 0.22198688)
(-0.025157182 0.033593207 0.20593926)
(-0.0043857242 0.036099497 0.11988949)
(-0.015505038 0.01982274 0.18324301)
(-0.022322921 0.042383029 0.20101366)
(-0.0055163283 0.012245895 0.17307431)
(-0.017823258 0.16764414 0.22982138)
(-0.028952212 0.13252023 0.17133411)
(-0.0097311719 0.14820495 0.19634979)
(-0.025330789 0.18315576 0.22156284)
(-0.0057062512 0.1608441 0.21228896)
(-0.024439942 0.1638626 0.2262212)
(-0.017771102 0.11490247 0.14867519)
(-0.032819743 0.19790599 0.20407284)
(-0.029461664 0.18853894 0.20789497)
(-0.02840847 0.19182018 0.20886837)
(-0.042306819 0.15224657 0.1633987)
(-0.016528543 0.20257333 0.22117473)
(-0.024662727 0.12200196 0.12637161)
(-0.052355075 0.20726081 0.22090088)
(-0.093462938 0.18015892 0.21336307)
(-0.1206152 0.1672455 0.21161154)
(-0.10319711 0.16268129 0.21427415)
(-0.069574712 0.10041887 0.11962649)
(-0.083169186 0.15576197 0.19374333)
(-0.093933109 0.15986113 0.19405076)
(-0.11258504 0.16750359 0.19886445)
(-0.093786826 0.12144484 0.13613724)
(-0.10521381 0.18468949 0.21265654)
(-0.077568526 0.14923781 0.14040441)
(-0.092539814 0.15635237 0.16035153)
(-0.10718681 0.16306661 0.17929401)
(-0.057949991 0.091329212 0.080380863)
(-0.12433584 0.17567396 0.20710701)
(-0.16779956 0.032476624 0.22996129)
(-0.18336159 0.035536658 0.22409374)
(-0.17244557 0.021257802 0.22735622)
(-0.11212154 0.010846364 0.14277135)
(-0.16540354 0.036916624 0.22664502)
(-0.11446432 0.020863902 0.14750846)
(-0.16915656 0.01677558 0.22723188)
(0.017759201 -0.031057962 0.20062484)
(0.028019479 -0.032298405 0.19940384)
(0.017398014 -0.029955482 0.21286509)
(0.0087724715 -0.033907334 0.096042357)
(0.0070149098 -0.031991884 0.10685882)
(0.017478504 -0.018466145 0.17880843)
(0.025043253 -0.037130471 0.18806259)
(0.013070071 -0.029967082 0.21465821)
(0.0019988106 -0.03826385 0.10904745)
(0.017127936 -0.02897053 0.21792521)
(0.027130755 -0.033814289 0.20752664)
(0.0012672819 -0.033719194 0.11901622)
(0.014230998 -0.020157105 0.18642937)
(0.016475186 -0.041798643 0.20516062)
(0.0076071651 -0.0097968112 0.16836215)
(0.0061662695 -0.015525401 0.12525132)
(0.0019031672 -0.034320969 0.20430956)
(0.022666781 -0.043765694 0.21499342)
(0.010629823 -0.042144169 0.23323605)
(0.011412725 -0.029195954 0.19721748)
(0.013244679 -0.038082461 0.17235119)
(0.0075959798 -0.02160273 0.23571359)
(-0.0034181791 -0.058177125 0.19611247)
(0.011834514 -0.074743765 0.22157899)
(0.0034628118 -0.077313044 0.21307346)
(0.018382923 -0.067330465 0.19744327)
(0.015391158 -0.056098154 0.23786261)
(0.016631132 -0.077386443 0.23437566)
(0.010596726 -0.036238635 0.13632846)
(0.0077379754 -0.049597997 0.13993865)
(0.014404849 -0.073730983 0.23296901)
(0.15703711 -0.043565311 0.22108979)
(0.12812389 -0.042622604 0.17217972)
(0.17383348 -0.048302358 0.21463869)
(0.12966846 -0.050175363 0.18812919)
(0.14428673 -0.045298603 0.19748807)
(0.10978291 -0.026983169 0.14493337)
(0.15130158 -0.052800858 0.22296259)
(0.1942617 -0.040922289 0.18825414)
(0.18752986 -0.038070084 0.19682159)
(0.19806814 -0.031671134 0.20352247)
(0.12274824 -0.014695454 0.11650951)
(0.19385228 -0.045240341 0.20567398)
(0.20005235 -0.025577525 0.18475605)
(0.1220851 -0.024395333 0.12005349)
(0.10251475 -0.065435433 0.19329156)
(0.090247855 -0.067476022 0.20731404)
(0.076828149 -0.049844895 0.16033814)
(0.11030883 -0.083325199 0.21977961)
(0.071643633 -0.058243731 0.15312071)
(0.10819561 -0.068750632 0.22253329)
(0.12193693 -0.07812407 0.22406091)
(0.0052995335 -0.16931516 0.22113542)
(0.0084455087 -0.18505905 0.21548094)
(-0.008263006 -0.16500853 0.20710793)
(-0.0012487604 -0.11058736 0.13894908)
(0.0020735174 -0.16235794 0.20517914)
(0.0060288908 -0.11618517 0.14558595)
(-0.0060002263 -0.16580537 0.21631912)
(0.014082078 -0.15112833 0.13228382)
(0.0044192388 -0.067810046 0.048194578)
(0.00027110995 -0.12902924 0.10858522)
(-0.060830129 -0.010718003 0.14305419)
(-0.11101994 -0.0089102704 0.23455742)
(-0.092446311 -0.02273257 0.23631067)
(-0.10046071 -0.024457529 0.20769532)
(-0.096530626 -0.017382908 0.23399508)
(-0.066717814 -0.014565173 0.16176716)
(-0.10005786 -0.012608845 0.19493446)
(-0.051983818 -0.026770065 0.14071036)
(-0.09587769 -0.056581524 0.22804016)
(-0.075128491 -0.043434816 0.20084852)
(-0.086596786 -0.045338173 0.19347284)
(-0.081434561 -0.03480826 0.21260787)
(-0.07492686 -0.0059159837 0.15930614)
(-0.088862417 -0.022133492 0.22215765)
(-0.11012622 -0.037263127 0.22735448)
(-0.078161073 -0.016496089 0.19678518)
(-0.080554825 -0.022938786 0.18810133)
(-0.1037834 -0.041117394 0.23256234)
(-0.065815213 -0.022804725 0.13347828)
(-0.072680462 -0.030058075 0.15603373)
(-0.016219601 -0.05875538 0.13646882)
(-0.03138998 -0.10498546 0.21843155)
(-0.036641905 -0.087125767 0.22173891)
(-0.032591199 -0.097362229 0.19613698)
(-0.034766233 -0.0928986 0.22533152)
(-0.019734166 -0.065219531 0.15767542)
(-0.023250887 -0.097230757 0.18479404)
(-0.025726181 -0.050404012 0.13307742)
(-0.060119358 -0.092200217 0.22500609)
(-0.044655408 -0.07363188 0.19758567)
(-0.046021545 -0.084566609 0.18684259)
(-0.040953347 -0.078878335 0.20786114)
(-0.026095017 -0.059725409 0.13591195)
(-0.03562777 -0.082348293 0.20958367)
(-0.045529465 -0.10563372 0.21840088)
(-0.032001781 -0.068016358 0.17943649)
(-0.0272462 -0.07807356 0.18163352)
(-0.050407868 -0.098207915 0.22380638)
(-0.0093481702 -0.0084303781 0.16877313)
(-0.015739917 -0.042571086 0.024337038)
(-0.068851745 -0.17684848 0.16014408)
(-0.082168301 -0.13792339 0.12994825)
(-0.066045564 -0.13154343 0.12090433)
(-0.051215949 -0.123168 0.096815764)
(-0.036407393 -0.067476993 0.049953076)
(-0.043289186 -0.11228435 0.087373822)
(-0.10322424 -0.11395509 0.13509864)
(-0.137089 -0.156967 0.20497647)
(-0.11368316 -0.14726244 0.16114828)
(-0.090409602 -0.13973307 0.13667634)
(-0.14820233 -0.15561461 0.20283411)
(-0.066253147 -0.088690958 0.082127966)
(-0.12309456 -0.14863623 0.17508542)
(-0.074157406 -0.072031158 0.077439365)
(-0.11085433 -0.085976513 0.10865227)
(-0.093179925 -0.10476731 0.10891808)
(-0.13516672 -0.12572599 0.16029379)
(-0.036559348 -0.029233044 0.02641719)
(-0.030994021 -0.035593114 0.025890495)
(-0.19766688 -0.042383705 0.20589614)
(-0.19144337 -0.037494973 0.21198477)
(-0.14928181 -0.049936752 0.1629785)
(-0.18720726 -0.041554922 0.21476847)
(-0.2030431 -0.030009255 0.22661188)
(-0.12283716 -0.028758322 0.12726923)
(-0.20451272 -0.06325284 0.22192037)
(-0.13522523 -0.048675909 0.22925167)
(-0.094570165 -0.033616495 0.14690132)
(-0.066074646 -0.032851139 0.12754036)
(-0.10694352 -0.034873953 0.18673444)
(-0.1163171 -0.048100257 0.22099463)
(-0.10980075 -0.049329248 0.17894109)
(-0.14481773 -0.046370698 0.23122843)
(-0.034265049 -0.059004534 0.090611845)
(-0.042414332 -0.053896011 0.09167566)
(-0.033791946 -0.04445389 0.07309566)
(-0.036772408 -0.042375206 0.074302982)
(-0.042156464 -0.056537441 0.099301844)
(-0.021877368 -0.045278581 0.076705068)
(-0.028660564 -0.061851469 0.11530613)
(-0.028975945 -0.06037249 0.12387598)
(-0.032091936 -0.047950545 0.085477602)
(-0.041769785 -0.05674259 0.10555448)
(-0.037202885 -0.057714002 0.11002899)
(-0.013250858 -0.044779006 0.091033808)
(-0.045150516 -0.049569738 0.115471)
(-0.040891301 -0.050059047 0.12365836)
(-0.040063291 -0.040496363 0.086341697)
(-0.050786767 -0.055750507 0.11118619)
(-0.043394331 -0.052136023 0.10961426)
(-0.020843198 -0.037922397 0.08876022)
(0.048501457 -0.047729247 0.092192248)
(0.054403714 -0.041218017 0.092127054)
(0.040080258 -0.039753163 0.074949887)
(0.041775452 -0.03709208 0.073989123)
(0.052466944 -0.046697602 0.10062458)
(0.040281324 -0.029296164 0.078246681)
(0.045643694 -0.049109742 0.11598362)
(0.046202961 -0.045138367 0.12463062)
(0.03875433 -0.042001089 0.086223773)
(0.051197604 -0.051713265 0.10883515)
(0.049289135 -0.047525359 0.11120162)
(0.034497021 -0.026660623 0.091194143)
(0.056971468 -0.034923815 0.11611691)
(0.055890023 -0.03490893 0.12514569)
(0.044961077 -0.035764288 0.086644582)
(0.06086681 -0.049701004 0.11504811)
(0.054834268 -0.042227541 0.11098855)
(0.040078213 -0.019009498 0.09061753)
(-0.053643856 0.029816022 0.10815301)
(-0.051719324 0.030969816 0.11600438)
(-0.04441088 0.033499242 0.08367062)
(-0.05419842 0.045009993 0.10473662)
(-0.051818799 0.039902771 0.10557562)
(-0.034618056 0.014688471 0.080845713)
(-0.042717822 0.049235652 0.11345066)
(-0.04256384 0.04433226 0.11986971)
(-0.037784811 0.041960752 0.085073303)
(-0.049910303 0.051570178 0.10685984)
(-0.046801629 0.04613712 0.10705202)
(-0.02983992 0.024538712 0.084265338)
(0.042780212 0.039553007 0.082832038)
(0.034857464 0.047338593 0.082811245)
(0.036440184 0.036550086 0.070310748)
(0.034120257 0.039200032 0.069672416)
(0.043138025 0.047337397 0.091271691)
(0.022978056 0.029270198 0.065204055)
(0.046410374 0.03641359 0.105699)
(0.043120191 0.037196518 0.11279516)
(0.040528098 0.035333408 0.081717054)
(0.050150534 0.04716679 0.10229322)
(0.044704712 0.043106737 0.10179227)
(0.023734067 0.02332074 0.078160641)
(0.029430684 0.050240996 0.10480021)
(0.030922091 0.047464384 0.11202454)
(0.032878159 0.042204137 0.081262097)
(0.044820873 0.052959785 0.1033312)
(0.038780137 0.048435148 0.10134857)
(0.015369809 0.030238674 0.078231669)
(0.096972835 0.091906419 0.23380834)
(0.1049249 0.10646541 0.23358298)
(0.076045492 0.073312631 0.17369061)
(0.077556744 0.074564832 0.16652488)
(0.1061443 0.095806445 0.21844286)
(0.099291123 0.084795713 0.21291021)
(0.11601115 0.068111354 0.2379881)
(0.13036868 0.070875675 0.23194187)
(0.084213494 0.062442016 0.17109027)
(0.086116332 0.059733284 0.16353174)
(0.11823633 0.082752682 0.21947121)
(0.11890296 0.061228119 0.21854137)
(0.13662511 0.11797967 0.23050984)
(0.14770596 0.10270865 0.22827063)
(0.087920636 0.078778998 0.16480474)
(0.09307398 0.070565572 0.16237997)
(0.12070382 0.097420585 0.21370876)
(0.13606008 0.097408218 0.21556196)
(-0.07142715 0.11151767 0.23432316)
(-0.076150766 0.1260664 0.23164463)
(-0.065566329 0.082721742 0.17311122)
(-0.063894361 0.083181602 0.16480733)
(-0.085283043 0.11434566 0.2176329)
(-0.064380008 0.11367001 0.21387139)
(-0.093449216 0.096738977 0.23439543)
(-0.10802046 0.10478166 0.23577027)
(-0.074003932 0.074361191 0.17260282)
(-0.076338634 0.078537528 0.16795828)
(-0.096986824 0.10483035 0.21702191)
(-0.085940945 0.097963706 0.21052215)
(-0.10792392 0.1423418 0.22570615)
(-0.12176368 0.13367209 0.22635901)
(-0.073712425 0.088382568 0.15894564)
(-0.079586663 0.085303418 0.15978926)
(-0.099942422 0.11778133 0.21157995)
(-0.10064715 0.13118346 0.20985104)
(0.09508771 -0.09006077 0.22509065)
(0.1090306 -0.096252312 0.22625256)
(0.073772479 -0.069258266 0.16348277)
(0.076525802 -0.071923074 0.16125981)
(0.099658039 -0.098389844 0.21098757)
(0.089013887 -0.090190602 0.201499)
(0.07605404 -0.1091174 0.23706545)
(0.080648724 -0.12474951 0.23636533)
(0.06671493 -0.078335093 0.16768251)
(0.066315605 -0.084227879 0.16855256)
(0.089893097 -0.11021675 0.21679759)
(0.07027345 -0.11108058 0.21741836)
(0.12378946 -0.1247339 0.22201791)
(0.11292255 -0.13704675 0.22794352)
(0.081332338 -0.081299221 0.16027139)
(0.077341433 -0.086955388 0.16371901)
(0.10267719 -0.11032832 0.20735814)
(0.10542442 -0.12300222 0.20757492)
(-0.10365738 -0.079924679 0.23018099)
(-0.11857498 -0.083408757 0.22912623)
(-0.075866448 -0.067544071 0.16367744)
(-0.078408645 -0.068456981 0.1632592)
(-0.10549252 -0.090976334 0.2113639)
(-0.10427343 -0.072467011 0.2086749)
(-0.085138731 -0.097449815 0.22610405)
(-0.091021709 -0.11111433 0.22681161)
(-0.067141563 -0.074611311 0.16083155)
(-0.06950914 -0.077013363 0.16177886)
(-0.094201823 -0.10036669 0.20798108)
(-0.085153592 -0.091037892 0.20282751)
(-0.1326598 -0.11352589 0.2223963)
(-0.12134037 -0.12411274 0.21956602)
(-0.082532938 -0.076996078 0.15765757)
(-0.079212505 -0.082216681 0.15841732)
(-0.107651 -0.10356548 0.20393792)
(-0.11919396 -0.10498019 0.2015734)
(-0.020138761 -0.030165391 0.13818546)
(-0.012329893 -0.016446591 0.22126379)
(-0.017550093 -0.024590116 0.21862951)
(-0.019914979 -0.038819738 0.13335382)
(-0.015491557 -0.013191311 0.2185736)
(-0.019517471 -0.032067685 0.14445929)
(-0.020064551 -0.036131284 0.1259099)
(-0.017096143 -0.0019290218 0.11897194)
(-0.012456145 0.024275577 0.20037825)
(-0.016128166 -0.010192632 0.10415936)
(-0.012482988 0.028180382 0.19039435)
(-0.017353264 -0.0070064695 0.12800946)
(-0.0095821823 0.032988474 0.19151527)
(-0.017046664 -0.0066007392 0.096782691)
(0.14035642 0.14702167 0.21458956)
(0.16030032 0.13445256 0.21720717)
(0.14026422 0.1365506 0.21792198)
(0.0844433 0.092135845 0.12218685)
(0.13953354 0.11392288 0.19984654)
(0.11902368 0.14117659 0.19339086)
(0.14576985 0.14425518 0.20199544)
(-0.14964557 0.13536943 0.21241693)
(-0.13916532 0.15317789 0.21263834)
(-0.13871913 0.13635391 0.21478133)
(-0.093096699 0.083412201 0.12376355)
(-0.11629792 0.13143038 0.19167304)
(-0.14757537 0.14057724 0.20055904)
(-0.14191834 0.11746609 0.19259376)
(0.046520161 -0.079966014 0.11336673)
(0.076769106 -0.16142872 0.22796007)
(0.080997917 -0.14175378 0.22563808)
(0.096676206 -0.15275468 0.22369402)
(0.084076153 -0.12399644 0.19297756)
(0.073652313 -0.14057315 0.2101729)
(0.084448618 -0.14852171 0.19849235)
(-0.051203044 0.036156531 0.086592346)
(-0.046003872 0.045011755 0.08842768)
(-0.040911421 0.035354855 0.072065943)
(-0.038886743 0.037216598 0.072502849)
(-0.05048917 0.044244508 0.095648478)
(-0.034919675 0.024138766 0.070020354)
(-0.0052431877 -0.0034139929 0.0027646578)
(-0.0037967194 -0.0042629311 0.001401831)
(-0.00436989 -0.0036513173 0.0023102376)
(-0.0039354864 -0.0059938897 0.0030204773)
(-0.0045814939 -0.0053366289 0.0043179673)
(-0.003834925 -0.0053791144 0.00028872799)
(-0.0038824812 -0.0048883434 0.0023094938)
(-0.0072874098 -0.0023862172 -0.0012403799)
(-0.0055825047 -0.002851631 0.0010542882)
(-0.0062582132 -0.0021293411 -0.0015429921)
(-0.0058084037 -0.0042315622 0.0028438628)
(-0.0067798361 -0.003500279 -0.0010868251)
(-0.0048394837 -0.0039187273 0.0013681767)
(-0.0061998534 -0.0028737258 -0.0023674647)
(-0.00445918 -0.0042853323 -0.00078804145)
(-0.0036433885 -0.005753006 -0.0011800154)
(-0.0037602951 -0.0049118738 -0.0015395185)
(-0.0054816264 -0.0057866699 0.00067545672)
(-0.0046809103 -0.0056967249 -0.0016479979)
(-0.0049666449 -0.0072429292 0.00012927325)
(-0.0042013108 -0.0067284567 -0.0020754012)
(-0.0038884963 -0.0033912688 0.00066101915)
(-0.0032251798 -0.0042297892 -0.0014292515)
(-0.0031371176 -0.0033135115 -0.0010257499)
(-0.0041925806 -0.0055505943 -0.0010423207)
(-0.0034380122 -0.0047966882 0.00011737129)
(-0.0037879548 -0.0057042879 -0.0024212514)
(-0.0031420602 -0.0043854912 -0.0022518141)
(-0.0052318369 -0.0011761348 -0.0013824006)
(-0.0033478492 -0.0023406689 -0.00071391597)
(-0.0037478824 -0.00074170817 -0.0011453455)
(-0.0036472543 -0.0037129206 0.00018823768)
(-0.0048827593 -0.0021020494 -0.0023165446)
(-0.0029284604 -0.0029878319 -0.0015599321)
(-0.0035239075 -0.00064576724 -0.0018706208)
(-0.0047548576 0.00043663565 -0.0037665983)
(-0.0040509892 0.00064166606 -0.00093846941)
(-0.0041933605 0.0014649009 -0.0017269004)
(-0.0052122346 -0.0010928624 -0.0049578606)
(-0.004373089 -0.00082014013 -0.0058576549)
(-0.0040984204 0.00077179065 -0.0024236299)
(-0.0037894551 0.00083449522 -0.0026259549)
(-0.0031126024 -0.0047376 -0.0022157975)
(-0.0023936211 -0.0064139721 -0.0017560185)
(-0.0023706659 -0.0049527475 -0.0019754068)
(-0.0044712917 -0.0082414761 -0.00084846825)
(-0.0034884596 -0.0070480556 -0.002817817)
(-0.0035709811 -0.0084698793 -0.0019787885)
(-0.0023443097 -0.0067057249 -0.0032934231)
(-0.0024462252 -0.0026090715 -0.001761054)
(-0.0015834061 -0.0037411659 -0.0015281196)
(-0.0015170881 -0.0026918877 -0.00076877088)
(-0.0029688712 -0.0054038097 -0.0030852812)
(-0.0027099819 -0.0036216488 -0.0025611197)
(-0.0016835111 -0.0047298874 -0.0026801717)
(-0.001541115 -0.0028194212 -0.0013488736)
(-0.0028083391 -1.1580355e-05 0.0002326168)
(-0.0016404792 -0.0015311535 0.00079800233)
(-0.0020300346 -0.00012604002 0.0013148371)
(-0.0026216011 -0.0014874261 -0.0012035027)
(-0.0029035939 0.0013094791 5.8519733e-05)
(-0.0014901204 -0.00049730097 0.00028854566)
(-0.0022341014 0.0019320988 0.0015708949)
(-0.0039498256 0.0022362342 -0.00056535839)
(-0.0028095867 0.0015033733 0.001641016)
(-0.0038309815 0.0025533161 0.00050671597)
(-0.0038252301 0.0023716612 4.5567673e-05)
(-0.0039257539 0.0021309051 -0.00058352051)
(-0.0037518128 0.0029840268 0.0015136205)
(-0.00430161 0.0027322481 0.0011737115)
(-0.00054629101 -0.0025386823 -0.00031371783)
(0.0002177275 -0.0030742203 -0.0019634112)
(0.00020141039 -0.002630908 -0.00074786126)
(-0.00030112156 -0.0037238278 -0.0026921765)
(-0.00021362496 -0.0020907782 -0.00082394161)
(0.00045809282 -0.002672376 -0.0023537931)
(0.00095452358 -0.0010992409 -0.00075199071)
(-0.00087332936 -0.00011311865 0.0017176359)
(0.00041616393 -0.0017684832 0.00057039979)
(0.00038136465 -0.00082217886 0.0013338897)
(-0.0001046781 -7.4342029e-05 0.00065876256)
(-0.00097803265 0.002042227 0.001905988)
(0.001317723 0.00044177329 0.00079622894)
(0.00068634765 0.0018513945 0.002715214)
(-0.0027978346 -0.0049571103 0.0048687935)
(-0.0015922908 -0.0035115822 0.0038211254)
(-0.0030677723 -0.0024304624 0.0045225275)
(0.0011448426 -0.0023749024 0.0088732137)
(-7.0659129e-05 -0.0033091454 0.0067179863)
(0.0039438447 -0.0023264855 0.0062032021)
(0.0019500885 -0.0010944746 0.0060076057)
(-0.0041734561 -0.0026504426 0.0020515532)
(-0.0042175677 -0.0016216379 0.0033162249)
(-0.0052549994 -0.001200503 -5.6186027e-05)
(-0.00078555424 -0.0023114329 0.0051735999)
(-0.0016588318 -0.0021698897 0.0032502314)
(0.00030118844 0.00025475532 0.0048557791)
(-0.0014127888 0.001520138 0.0014061131)
(-0.002016325 -0.0041058787 0.0021451399)
(-0.0017712367 -0.0054991497 0.0021649902)
(-0.00097537554 -0.0043178521 -0.00026533034)
(0.002800979 -0.0026856948 0.0038864046)
(0.0047510173 -0.0017145744 0.0015274647)
(0.0039161547 -0.0046679088 0.0025257167)
(0.0079108644 -0.003804279 0.0029976506)
(-0.0062920396 -0.0028211856 -0.010170767)
(-0.0068363154 -0.00056009819 -0.0070632222)
(-0.0059773767 -0.0014308952 -0.010658455)
(-0.004202288 0.0029439275 -0.0066343554)
(-0.0068686305 0.00065494902 -0.010979319)
(-0.0038408126 0.0075506844 -0.002253125)
(-0.0076251712 0.0033623563 -0.012528905)
(-0.0025762774 -0.0066943237 0.004192946)
(-0.0021217026 -0.0095565454 0.0075479497)
(-0.0027928878 -0.010039141 0.0026065621)
(0.0030681146 -0.0076151891 0.011917832)
(0.0034900993 -0.0074092844 0.0069171977)
(0.004674304 -0.0113434 0.012749237)
(0.0046265065 -0.012471524 0.0068079063)
(-0.0023837175 -0.0012764444 0.0016365431)
(-0.0033547943 -0.0027361956 0.0015682453)
(-0.0015360345 -0.0038435294 6.1502712e-05)
(-0.00066628682 -0.0015900565 0.0041044647)
(-0.0025275462 -0.0028651926 5.1676395e-05)
(-0.0026531483 -0.001288907 0.0037508092)
(-6.8969968e-05 -0.0018420681 0.0015001533)
(-0.0013098432 8.2473555e-05 -0.015172062)
(-0.0050275728 0.00047593365 -0.008193637)
(-0.0003827137 0.0016165333 -0.013375433)
(-0.0073741533 0.0029893588 -0.015664645)
(-0.0011514394 0.0036434035 -0.02015119)
(-0.0061438147 0.0033807835 -0.013865397)
(0.00074632774 0.0053288546 -0.018918083)
(-0.0020797057 -0.012683558 0.00019285691)
(0.00076871822 -0.013519548 0.0029929399)
(-0.0014287421 -0.013902829 -0.0029537478)
(0.0066843193 -0.015716639 0.012739003)
(0.0058618923 -0.01720415 0.0047082714)
(0.005812916 -0.018376386 0.008190607)
(0.0041863474 -0.019635505 -0.00082828597)
(0.00018647906 -0.01035155 -0.003617848)
(-0.0020083743 -0.0076751645 -0.0036847604)
(-0.0013297744 -0.0087073158 -0.003616176)
(0.0013089136 -0.011899313 -0.0022368205)
(-0.0017403429 -0.0073347286 -0.0035581198)
(0.00059459824 -0.010894853 -0.003268512)
(0.0011684585 -0.011684152 -0.003320309)
(-0.0093032152 0.0017692952 -0.00036284995)
(-0.0042166277 0.00029406485 -0.0028983742)
(-0.0036563131 -0.0018894402 -0.0020037959)
(-0.006518853 -0.0023183656 -0.0023167707)
(-0.004540678 0.0011775796 -0.001424531)
(-0.0090355663 0.0018464629 -0.0028037999)
(-0.0072455794 -0.0014197894 -0.0015214608)
(0.00060817328 0.0036312378 -0.011329602)
(-0.0039703883 0.0026740121 -0.0054592381)
(0.00053400868 0.0051106276 -0.009761311)
(-0.0043208221 0.0036174058 -0.012686179)
(0.0025859418 0.0071248379 -0.015667885)
(-0.00258855 0.0042186306 -0.011824895)
(0.0026468017 0.0080992607 -0.012865465)
(0.0012789103 -0.0089310093 -0.0065628675)
(-3.5605597e-05 -0.0081954556 -0.0078974209)
(0.00054682556 -0.0062340407 -0.0065662412)
(0.0033695798 -0.016262039 -0.010766704)
(0.0050865848 -0.015804341 -0.0081697031)
(0.001898413 -0.012552669 -0.011264346)
(0.0024978761 -0.011231211 -0.010700192)
(-0.0060524406 0.00073073515 0.0023203431)
(-0.0055531824 0.0018715898 0.0092658434)
(-0.0049050812 0.0020727804 0.005730262)
(-0.014044022 -0.0047242984 0.0042946176)
(-0.0073119735 -0.00023743163 -0.0044804517)
(-0.010672175 -0.0023994104 0.0061941698)
(-0.0061015655 0.0007720231 0.00017323993)
(0.0018974792 -0.0016280371 -0.0039495568)
(-0.00017560014 -0.0023591151 -0.0065235068)
(0.001460276 -0.0017485532 -0.0052864378)
(0.0017293581 -0.0059943227 -0.0087655345)
(0.00037238315 -0.004390424 -0.0040068208)
(0.0019967907 -0.0031521327 -0.0098406663)
(0.0018257766 -0.0029614072 -0.0069592343)
(-0.0012434404 0.00068066846 0.0046297213)
(0.0018686957 -0.0010283759 -0.0019856752)
(0.0002440385 -0.00064218537 0.0022293227)
(-0.0029462489 -0.0027967941 0.0031503906)
(-0.0067293563 -0.0017474218 0.0090556486)
(6.1420698e-05 -0.002205758 -0.0010002116)
(-0.0031120621 -0.0011393444 0.0057447487)
(0.0051120923 0.0033133081 0.019775784)
(0.0068625901 -0.0024165347 0.0056461468)
(0.0083239723 -0.0017934818 0.0064149284)
(0.0058944958 0.0092979409 0.023143244)
(0.0061437384 0.012037464 0.027922167)
(0.0072128249 0.0015473048 0.0083203241)
(0.0091937023 0.0038750076 0.011331638)
(0.0029814675 -0.0010767926 0.010426839)
(0.0083972138 -0.0015898652 0.0052052775)
(0.0066073425 -0.0001185472 0.0037214198)
(0.0061495095 0.010881837 0.022943183)
(0.0057619334 0.009565684 0.019151121)
(0.0097978162 0.0041899813 0.0097785012)
(0.0095232496 0.0053975324 0.0075658364)
(0.00070790152 0.00098214435 0.0025041221)
(0.0043807908 0.0023160563 0.0021080332)
(0.003016689 0.0045205047 -0.00076403762)
(0.0047226774 0.0079402623 0.010516867)
(0.0038615621 0.0075177036 0.0062171126)
(0.009365476 0.0064733641 0.0035795799)
(0.0084947503 0.007405252 -0.00022335641)
(-0.0030525021 -0.0011985246 -0.0035210936)
(0.00022314838 0.0046941505 -0.0043339274)
(-0.0047675826 0.0027079555 -0.0087246573)
(0.0028928068 0.0067562334 0.0037910707)
(0.0019650284 0.0062117561 0.00067103707)
(0.0064845854 0.0072475196 -0.0022615074)
(0.0037690677 0.0050469671 -0.0052759465)
(0.0047441323 -0.0023038351 0.0059226933)
(0.0044351071 -0.0042267963 0.01140518)
(0.0064392562 -0.0048400204 0.0067693443)
(0.0048336368 -0.0017622308 0.01101946)
(0.0060200344 -0.001258106 0.0052908432)
(0.0071736754 -0.0027929614 0.01296397)
(0.0092376946 -0.0039250674 0.007935674)
(0.010940356 0.0088105655 0.004416783)
(0.0057118904 0.004431186 0.0038803115)
(0.0086142885 0.0054870638 0.006533764)
(0.00981089 0.0044631302 0.0037874938)
(0.0070563243 0.0065587177 0.0056749108)
(0.0087158201 0.0058404421 0.0028942977)
(0.012490973 0.0073377378 0.0049932206)
(-0.007398443 0.0012020858 -0.019485773)
(-0.0079587913 0.005009275 -0.018142026)
(-0.007524354 0.0043765088 -0.022433193)
(-0.00017667442 0.0031257493 -0.015016739)
(-0.0013498079 0.00057780467 -0.021438695)
(-0.00050205035 0.0057560016 -0.018394466)
(-0.0021096122 0.0042135682 -0.025291678)
(0.009222872 -0.0081814327 0.0099385011)
(0.010036786 -0.012929967 0.017135843)
(0.010758294 -0.014737419 0.01112485)
(0.011780542 -0.0080175206 0.018798243)
(0.013669311 -0.0091012811 0.014369852)
(0.013532703 -0.014205618 0.021622423)
(0.015450105 -0.016736253 0.016641059)
(-0.0044223927 0.0071013339 -0.023791403)
(-0.0065447777 0.0076672532 -0.019397373)
(-0.0028776884 0.0097002314 -0.022514084)
(-0.0018298792 0.0079295936 -0.021659368)
(-0.00075220247 0.0078667537 -0.027450593)
(-0.0024409664 0.01047279 -0.023787068)
(-0.00078063772 0.011727737 -0.02571587)
(0.0094691404 -0.020686722 0.0077228101)
(0.0056648762 -0.020277098 0.0092700161)
(0.004544846 -0.02275701 -0.0026096463)
(0.012895462 -0.019756101 0.021387997)
(0.012420462 -0.022173958 0.011857236)
(0.0084508147 -0.020330195 0.012170949)
(0.0043172645 -0.022989701 -0.002508543)
(0.011017041 -0.023717803 -0.0053086062)
(0.012306593 -0.021471917 0.00084361013)
(0.0093733139 -0.022370766 -0.00081955227)
(0.012324951 -0.022389036 0.0045665645)
(0.01044241 -0.02263232 -0.0037314426)
(0.013937026 -0.023228484 0.00093341658)
(0.010017163 -0.023806384 -0.00074254692)
(-0.020383105 0.0023383101 0.0008396974)
(-0.020646588 0.008782237 0.0015861228)
(-0.021117534 0.0055424921 0.0014017686)
(-0.018933263 0.0057600607 0.0001744858)
(-0.018264523 0.0053916804 -0.00041933697)
(-0.018470355 0.0033446739 -0.00045166018)
(-0.018581743 0.0080530678 0.00025501995)
(-0.00095431785 0.011635314 -0.01733201)
(-0.0025477137 0.0088660892 -0.016601832)
(-0.00089937858 0.01236276 -0.012497277)
(-0.0027884407 0.012448051 -0.023157442)
(-0.0010916545 0.013391588 -0.018216181)
(-0.0024208715 0.013176156 -0.019040484)
(-0.0026385391 0.013235818 -0.010943658)
(-0.00050945353 -0.020394066 -0.012904187)
(-0.0016644819 -0.017340046 -0.010898267)
(-0.0026292841 -0.015698004 -0.01688911)
(0.0036571273 -0.019948582 -0.0020979919)
(-0.0027151036 -0.021004033 -0.015979084)
(0.00025995027 -0.019926615 -0.012004253)
(-0.0037369301 -0.018278126 -0.019630819)
(-0.016575789 -0.011949962 0.009457148)
(-0.018566262 -0.014527377 0.0090906079)
(-0.019705005 -0.013596188 0.009588931)
(-0.018474816 -0.012564302 0.0097811025)
(-0.013959692 -0.01158149 0.0084125839)
(-0.015603619 -0.011202489 0.0093849592)
(-0.01728422 -0.013214093 0.0092257131)
(-0.010687999 -4.4884567e-05 -0.0026389477)
(-0.013027895 -0.002584131 0.0026147955)
(-0.012835004 -0.0011155389 -0.0019528939)
(-0.0098971296 0.0025363395 -0.0056975798)
(-0.011490936 -0.00014449393 -0.00039698891)
(-0.0086776164 0.0027087478 -0.0044824366)
(-0.010217109 -0.00029874565 -0.0017661989)
(0.0012852016 -0.012203498 -0.014479658)
(0.0023344992 -0.0099352767 -0.010018127)
(0.0040434139 -0.0092004386 -0.011695129)
(0.00018277089 -0.016562739 -0.01865719)
(-0.00066585033 -0.015706072 -0.014782579)
(0.0034919714 -0.014990422 -0.01368071)
(0.0040707974 -0.013031793 -0.013126431)
(-0.006637018 -0.0084010344 -0.0012993544)
(0.0028736603 -0.0080027189 -0.011770198)
(-0.0016744191 -0.0071550693 -0.0061269616)
(-0.0058517928 -0.011395123 -0.007045802)
(-0.011769143 -0.0069237881 0.0012673224)
(-4.7384248e-05 -0.0082039343 -0.0096914844)
(-0.0071531286 -0.0031193131 -0.0019988129)
(-0.012061918 -0.0043536768 0.0084407693)
(-0.0066700093 -0.00584541 0.0023536386)
(-0.0091562553 -0.0040851197 0.0081053719)
(-0.013150298 -0.0025113764 0.0050008881)
(-0.010725503 0.0014075706 0.003742694)
(-0.010255728 0.0012434665 0.0028485035)
(-0.0088640038 0.0034054305 0.002674713)
(-0.0043421932 0.0027819158 -0.0030134061)
(-0.0080366265 0.00034308584 0.00784275)
(-0.0038461714 0.0029838101 0.00068034647)
(-0.0061386862 0.0056091239 -0.00065660063)
(-0.0010040498 0.0092537337 -0.0057695223)
(-0.0049473413 0.0068575494 -0.0015386171)
(-0.00097678544 0.0086475936 -0.0037529273)
(0.0067889385 0.011134924 0.032736634)
(0.0073851308 0.0012241316 0.0091267893)
(0.010125297 0.0049521173 0.013673161)
(0.0083339983 0.0079778717 0.030953741)
(0.0082909739 0.011979562 0.035750336)
(0.008450003 0.0046824786 0.011504397)
(0.011928082 0.0082025946 0.015865898)
(0.007846324 0.010031146 0.022166569)
(0.013131701 0.0057679171 0.011319348)
(0.015436313 0.005926742 0.0065878441)
(0.0088478047 0.013068143 0.030193733)
(0.0098162457 0.011777905 0.024092701)
(0.016849394 0.0099832172 0.012769663)
(0.02054465 0.010428831 0.0070579451)
(0.010373882 0.0064108163 0.005550592)
(0.017039794 0.0061131463 0.0010505628)
(0.016773458 0.0064779868 -0.0020921051)
(0.013305805 0.01014783 0.014075245)
(0.01547925 0.008354294 0.0090082707)
(0.023126333 0.0094510227 0.00087664002)
(0.024877159 0.0072415525 -0.0024009358)
(0.0096190602 -0.00033939293 -0.00053031927)
(0.016003458 0.0047193807 -0.0032537814)
(0.014772578 0.0020838257 -0.0045334922)
(0.017580396 0.0021500769 0.0049436696)
(0.019568937 -0.0037487433 0.00067279347)
(0.0269486 0.0027173026 -0.0039711656)
(0.026723288 -0.001562438 -0.0065436692)
(0.0079061694 -0.0018725422 0.0028961978)
(0.0051384502 -0.0033474307 0.013563196)
(0.010746213 -0.0056421865 0.0093086996)
(0.0033220119 -0.0032555395 0.0065336172)
(0.011906809 -0.0027163949 0.0010719596)
(0.006627861 -0.001974182 0.014961976)
(0.01366482 -0.0054013317 0.0097631191)
(0.026615266 0.0058934264 -0.0040837687)
(0.018976743 0.0049365145 0.00042401558)
(0.020253311 0.0040515074 -0.0030670259)
(0.019690168 0.0053615156 -0.0014071508)
(0.022678517 0.0056539228 -0.0023301645)
(0.022088752 0.0060751697 -0.001517009)
(0.023546835 0.0038867543 -0.0045065654)
(0.027345124 0.014256689 -0.0032548424)
(0.020766527 0.009096399 -0.0018485951)
(0.024739385 0.011405791 -0.00061454693)
(0.024940501 0.0090858476 -0.0030477729)
(0.023349866 0.013103768 -0.0010628866)
(0.024218061 0.0097751311 -0.003954753)
(0.02896143 0.012730855 -0.0027179906)
(0.0046337321 -0.0024750861 -0.020001939)
(0.010492795 0.0042828661 -0.017291519)
(0.0028669489 0.0017815436 -0.025982946)
(0.020266564 -0.0035121184 -0.011885859)
(0.013198293 -0.0036117079 -0.015949691)
(0.017518381 0.0018829528 -0.015683471)
(0.0086674421 6.3092164e-05 -0.023304753)
(0.015434291 -0.01147244 0.018303976)
(0.014159754 -0.014140106 0.025524458)
(0.016357668 -0.017809384 0.020655109)
(0.013102813 -0.0079433661 0.025735219)
(0.016456329 -0.011240985 0.020984702)
(0.012830454 -0.013169414 0.0275161)
(0.016225466 -0.015589891 0.023547744)
(0.020909749 -0.01869794 0.019148913)
(0.018746683 -0.012175734 0.015025421)
(0.018315552 -0.015086617 0.017395534)
(0.017791446 -0.012266267 0.017433294)
(0.020164874 -0.017585824 0.016609975)
(0.020321225 -0.013709936 0.017814125)
(0.018768593 -0.015975554 0.019557775)
(0.0095305156 0.027896271 -0.0014743954)
(0.012305616 0.025488541 -0.0011233947)
(0.010895596 0.028020555 -0.0020686767)
(0.0087113133 0.024738909 -0.0018826526)
(0.009641176 0.023069115 -0.000445455)
(0.010476238 0.023114801 -0.00098986693)
(0.0077474829 0.024869992 -0.0012192006)
(0.0026683346 0.0059260604 -0.029312664)
(0.0034938899 0.01180998 -0.026012649)
(0.00029383272 0.0112837 -0.026901545)
(0.011811126 0.0058052918 -0.02120234)
(0.0051044402 0.0033132955 -0.028088547)
(0.0050317032 0.011170245 -0.025930862)
(-0.00014163064 0.0082520441 -0.024649619)
(0.011696793 -0.02135308 0.01513974)
(0.00577192 -0.016173704 0.015095124)
(0.0034860442 -0.021533856 -0.00074601863)
(0.0081212251 -0.015808352 0.022644737)
(0.013321426 -0.017390523 0.018236715)
(0.0053942184 -0.010501109 0.015318605)
(0.0094552924 -0.017952284 0.0032257017)
(0.0057976921 -0.022784837 -0.009467995)
(0.010807077 -0.023961763 -0.00018373183)
(0.0069948832 -0.023551122 -0.0012191204)
(0.012605989 -0.023169193 0.0093207187)
(0.0062801614 -0.022601815 -0.0096623017)
(0.011086872 -0.023970619 4.8373055e-05)
(0.0085074001 -0.022897091 -0.00028476251)
(-0.0024412549 0.012993351 -0.017552853)
(-0.0033641566 0.016274954 -0.02008801)
(-0.0040391071 0.012477119 -0.0092903164)
(-0.0036161039 0.013653978 -0.024731224)
(-0.0091890172 0.0085560711 -0.012560881)
(-0.0080375807 0.016168053 -0.018606409)
(-0.011678011 0.010239807 -0.0049888038)
(-0.0024923095 -0.0218295 -0.015369152)
(-0.0025795216 -0.020239901 -0.012579568)
(-0.0034797328 -0.021354064 -0.019205545)
(0.0066541187 -0.011005313 0.0032027029)
(0.0038970017 -0.021104254 -0.010222537)
(0.0035084256 -0.017202731 -0.011814716)
(0.0002247971 -0.022375228 -0.017692665)
(-0.012650816 -0.022172271 -0.0049902048)
(-0.01245905 -0.019180056 -0.0069750663)
(-0.013611837 -0.019000666 -0.0080386378)
(-0.014049519 -0.015643677 -0.0066010024)
(-0.012992726 -0.019423509 -0.0043986247)
(-0.01331069 -0.016917523 -0.0051814997)
(-0.013986158 -0.018860554 -0.0048556853)
(-0.0092397833 0.016394599 -0.013482145)
(-0.010314371 0.012344781 -0.0081904013)
(-0.014007693 0.018909417 -0.012295268)
(-0.0098150013 0.019980015 -0.014974592)
(-0.01170811 0.016919843 -0.0088786118)
(-0.0088243625 0.018816285 -0.012087936)
(-0.0075726603 0.014764298 -0.011010085)
(-0.0048955933 -0.014534842 -0.01368261)
(-0.00095724593 -0.016592277 -0.01787912)
(-0.0013959434 -0.012300792 -0.014217349)
(-0.00054019003 -0.020592116 -0.019944485)
(-0.0028488792 -0.013402353 -0.012873835)
(-0.0014650915 -0.017337918 -0.018678487)
(-0.002006947 -0.0094631818 -0.013663752)
(-0.01072132 -0.0014019398 0.00094291094)
(-0.0051791902 -0.0074599531 -0.0069069656)
(-0.0099486234 -0.0028193045 -0.00066325866)
(-0.0049089352 -0.0036128176 -0.0025792541)
(-0.005169492 0.0044701422 0.0021146185)
(-0.0024816763 -3.6834244e-05 -0.0050646347)
(-0.0031394724 0.0057800962 8.348887e-05)
(-0.0069705263 0.0078653032 0.0018270069)
(-0.0091863422 0.0017534287 0.0017577775)
(-0.0070906548 0.001809744 0.0019565262)
(-0.0049058741 0.010737981 0.0032519302)
(-0.0046290933 0.016983532 0.0016999809)
(0.00049503926 0.012554456 0.00085965351)
(0.0032206509 0.014440797 0.0018691014)
(0.0034941926 0.012564983 -0.0061562091)
(-0.001721879 0.0036600601 0.0011697693)
(0.0040515428 0.0043937794 -0.00056776625)
(0.00026301194 0.018365271 -0.0022881466)
(0.0056980021 0.015567975 -0.0057768208)
(0.007751211 0.0098060771 0.0014765515)
(0.0057486425 0.0028258053 0.0060398273)
(0.015293592 0.0063730583 0.020595908)
(0.022795058 0.0067327399 0.0094981335)
(0.028994576 0.0059265825 0.0027587386)
(0.016641521 0.0058412526 0.026625096)
(0.020483198 0.0052209007 0.016617014)
(0.026236126 0.0085780906 0.010376852)
(0.030518135 0.0073030565 0.0033014027)
(0.023742073 -0.0012862039 0.0025714788)
(0.032117537 0.0040179127 -0.0035411173)
(0.033326421 0.0016791488 -0.0069426416)
(0.024069443 0.002514123 0.0063446841)
(0.029845512 -0.004199386 -0.0031647132)
(0.033552132 0.0044877795 -0.0039129269)
(0.034755227 -0.00067111842 -0.010264748)
(0.026427358 -0.0020081522 0.00015276681)
(0.022621473 -0.0079048521 0.0081612666)
(0.033505656 -0.014125984 0.016878971)
(0.017409059 0.003936657 -0.0043732346)
(0.025525095 -0.0014381596 -0.00031463784)
(0.025109214 -0.0026581832 0.005787866)
(0.034993566 -0.0054492857 0.009098563)
(0.02578456 -0.0025570422 -0.010373238)
(0.030502027 0.016784118 -0.0087138471)
(0.023044504 0.003472207 -0.013400081)
(0.032608594 -0.0015571383 -0.019308477)
(0.02135451 -0.005663425 -0.0083315575)
(0.032831 0.016111396 -0.017542993)
(0.022617089 -0.00023989726 -0.012715845)
(0.014448487 -0.0093666054 0.020550598)
(0.0092439424 -0.010843899 0.029721718)
(0.013580239 -0.013912697 0.022365961)
(0.005517432 0.0024532957 0.031960337)
(0.015470142 -0.001951485 0.021655489)
(0.0070547701 -0.0055959102 0.034611335)
(0.013362149 -0.011051126 0.019081805)
(0.062659407 0.015784984 -0.0074211918)
(0.061743358 0.035310639 0.042556532)
(0.058186938 0.040370824 0.028661492)
(0.072053682 0.020011597 -0.000532932)
(0.068815353 0.0022604686 -0.012794713)
(0.068164245 0.013133739 -0.015805653)
(0.073823822 0.0079001287 0.0093343314)
(0.025418585 0.01790638 -0.014210066)
(0.030906577 0.035668655 -0.017459366)
(0.032384567 0.028303221 -0.011917891)
(0.022020001 0.024690656 -0.016744008)
(0.029240337 0.038476747 -0.016236742)
(0.023722446 0.025846025 -0.01751525)
(0.02566543 0.019306549 -0.014139929)
(0.013723763 -0.014351847 0.015933611)
(0.0017516827 -0.0085936088 0.0060032154)
(0.013536621 -0.011762856 0.0086009911)
(0.0027807312 -0.012559042 0.012702366)
(0.012336307 -0.014096307 0.0031946428)
(-0.0024354803 -0.0072936954 -0.006427672)
(0.010022295 -0.010728013 -0.0050989037)
(0.00173272 -0.035499619 -0.0026178362)
(-0.01463542 -0.030753729 -0.026492922)
(-0.0063167845 -0.036226389 -0.0050507918)
(-0.014265302 -0.032438763 -0.021455114)
(-0.0024261346 -0.028835283 -0.019567082)
(-0.0075174465 -0.028894857 -0.022179356)
(-0.0087200571 -0.033815208 -0.016675799)
(-0.0049571571 0.028930498 -0.024538095)
(-0.017823361 0.028361104 -0.020864085)
(-0.014117473 0.034356962 -0.02382065)
(-0.012486679 0.024263104 -0.02160051)
(-0.024231345 0.028557802 -0.020103862)
(-0.018007644 0.023496821 -0.022347334)
(-0.0087974976 0.028436965 -0.024987865)
(-0.006177463 -0.013138902 0.0043186834)
(0.0041297764 -0.020362765 -0.013115589)
(0.0016910482 -0.014377073 -0.0044267352)
(0.0099970788 -0.010845964 -0.0015256853)
(0.0052593916 -0.012651914 0.0038477134)
(0.0092352961 -0.014526482 -0.0097142752)
(0.0022406522 -0.0099590268 -0.0040660059)
(-0.022157116 -0.0010076733 -0.014395466)
(-0.0097920862 -0.006953524 0.0054318911)
(-0.0041897769 -0.012859795 0.007441254)
(-0.016443165 -0.0029361493 -0.0011284851)
(-0.014113012 -0.0086665047 -0.0036121257)
(-0.0095441621 -0.010580312 0.0059464495)
(-0.0036626122 -0.01105141 0.0094468478)
(-0.039174307 0.017734875 -0.021137406)
(-0.033636913 0.010903206 -0.013511759)
(-0.048310622 0.010906269 -0.027637853)
(-0.032051239 0.015179296 -0.011028183)
(-0.046702742 0.017298073 -0.022687436)
(-0.035502862 0.017259685 -0.014688624)
(-0.034613864 0.010764544 -0.012914961)
(-0.015131269 0.015444056 -0.023486955)
(-0.012828259 0.01832215 -0.010925847)
(-0.0080430553 0.0077607898 -0.010442369)
(-0.029998175 0.0094791254 -0.028972492)
(-0.022419995 0.0033555482 -0.021539394)
(-0.019989719 0.0046958543 -0.0097380103)
(-0.016448016 -0.0079887246 0.0014535762)
(0.033352145 0.0037753216 0.0040327872)
(0.034810609 0.012940717 0.0066682356)
(0.037695371 0.028536294 -0.0016245935)
(0.034253458 0.020262696 -0.017082822)
(0.037530666 0.019715413 -0.02136944)
(0.029486453 0.039924023 -0.004608617)
(0.031794893 0.04849235 -0.016302575)
(0.029135889 0.0094357485 -0.037134304)
(0.039403835 0.044191755 -0.015860665)
(0.034675957 0.043102392 -0.030375659)
(0.037789992 0.024368379 -0.044912049)
(0.023824521 0.027818418 -0.058997729)
(0.040721491 0.068012587 -0.035625136)
(0.034701631 0.062913097 -0.042552582)
(0.038822315 0.0075980381 0.019564468)
(0.021403107 -0.0038065608 0.0089402883)
(0.036982997 -0.012292444 0.016143192)
(0.028688551 0.017138134 0.00034201153)
(0.057066448 0.0056828524 0.0094692088)
(0.022855551 0.0088900808 0.013372239)
(0.065986449 0.00083332301 0.014883209)
(0.069923814 0.012726456 0.04638441)
(0.049945657 -0.026427851 -0.035346042)
(0.054552556 -0.048369834 0.29189405)
(0.063937471 0.033294518 -0.0006064176)
(0.068508154 0.0012525397 0.086230245)
(0.031448564 -0.025441415 0.009384698)
(0.02801724 -0.064390777 0.34547067)
(0.045042467 0.059845453 2.7249495e-05)
(0.036829524 0.025988009 0.36817174)
(0.011425209 0.052913669 0.079627699)
(0.072164808 0.01360663 0.059470583)
(0.023721775 0.063741952 -0.01045472)
(0.050731887 -0.0019550577 0.44638565)
(0.019650312 0.055442896 0.12552978)
(0.010838968 0.012893769 -0.0040576712)
(-0.025300761 0.031880451 -0.012061457)
(-0.0041718403 0.017142113 -0.0079607533)
(-0.035956395 0.013776479 0.0004569853)
(-0.0088167713 0.019974379 -0.010794263)
(-0.058741923 0.020588608 -0.012111254)
(-0.024220836 0.013667801 -0.018020278)
(0.021631558 -0.022290451 -6.6592219e-05)
(0.0086963512 -0.0095200543 0.0040189525)
(-0.001104524 -0.021683408 0.0082806569)
(0.017171551 -0.0038870456 -0.0031850722)
(0.047330089 -0.013245567 0.0080529136)
(0.0047983052 -0.018013047 0.0011033738)
(0.015456297 -0.026673707 0.016887229)
(-0.021090328 -0.050458053 0.28166159)
(-0.0073169073 -0.041578156 0.015772118)
(-0.041350499 -0.041314398 -0.0098606216)
(0.01128777 -0.048856222 0.050547459)
(-0.036138557 -0.026391939 0.33645217)
(-0.0018569537 -0.053812109 0.002504002)
(-0.044154409 -0.011246435 0.021649574)
(-0.055793852 0.03569157 -0.0026469903)
(-0.072074323 -0.014190062 0.0095436425)
(-0.071007464 0.0070513016 -0.023432256)
(-0.029236169 0.025317011 0.35564208)
(-0.020264078 0.048921287 0.047717083)
(-0.066305508 -0.0083771746 0.037682031)
(-0.071975415 -0.0078374932 -0.014200829)
(-0.026511766 0.0098059594 -0.027344303)
(-0.055733808 0.011046543 -0.036328368)
(-0.035933433 -0.0019677569 -0.038302796)
(-0.071478075 0.019280167 -0.036149679)
(-0.038905689 0.0074484729 -0.038759904)
(-0.065165392 0.009662668 -0.03774037)
(-0.044790187 -0.0015782419 -0.044039662)
(-0.010523392 -0.034897411 -0.00086133795)
(-0.0020625445 -0.0056658393 -0.012950206)
(-0.0077231706 0.0034123027 -0.0049099815)
(-0.029732436 -0.049984892 -0.021515466)
(-0.032424477 -0.059583695 -0.019472559)
(-0.015910633 -0.017128471 -0.035042315)
(-0.028497267 -0.01332081 -0.023392205)
(-0.037142178 -0.011080718 -0.01842183)
(-0.0225361 0.0091889259 -0.00027454931)
(-0.031094352 -1.2858377e-06 0.00089215988)
(-0.03699759 -0.052770338 -0.015952357)
(-0.043005478 -0.039808473 -0.011294203)
(-0.041015162 -0.01326362 -0.007250887)
(-0.045784393 -0.018532906 0.0072066162)
(0.0011738876 -0.0050197071 -0.0010229194)
(-0.001689833 -0.0046649725 0.0002187498)
(-0.001232035 -0.0046390976 -0.00084215025)
(0.00060708927 -0.0023994544 0.0025352906)
(-0.0017486348 -0.0053916871 -0.0015702981)
(0.00070436382 -0.0036099985 0.0010525711)
(0.0010852031 -0.0031771343 -0.00016246098)
(0.0014516045 -0.0086346743 -0.0015532333)
(-0.0020063016 -0.0075741475 -0.0016167256)
(-0.0020679946 -0.0075533818 -0.0030956944)
(0.0014489218 -0.011097812 -0.00089434893)
(-0.002037427 -0.0069499152 -0.0025629367)
(0.0013617697 -0.0094349119 0.00019085857)
(0.0011804188 -0.010294342 -0.0024150042)
(0.0012228083 -0.0070128166 -0.0020939205)
(-0.0013939527 -0.0049065855 -0.0027815641)
(-0.0019541728 -0.006526132 -0.0033929673)
(-0.00082433659 -0.0066991359 -0.0020106116)
(-0.0017241666 -0.0059739569 -0.0030587985)
(0.00077035733 -0.0046969143 -0.0018120788)
(0.00048746023 -0.0088856911 -0.0025335466)
(0.012090976 0.0057575788 0.0063975807)
(0.011866916 0.0082699284 0.0084118681)
(0.013626046 0.0056698085 0.0076381466)
(0.0097558171 0.0032137815 0.0055331958)
(0.0078256928 0.0050474782 0.0064158215)
(0.0088571626 0.0036317524 0.0052849982)
(0.0084495053 0.0050908937 0.0064756454)
(0.017380389 -0.017388941 0.0033763172)
(0.019221174 -0.019604786 0.0026508537)
(0.019526418 -0.017420035 0.0042317353)
(0.014778021 -0.015923873 0.0031320464)
(0.01368566 -0.017633657 0.0015842929)
(0.013901206 -0.01610905 0.0027951085)
(0.014395787 -0.017711199 0.0018770968)
(-0.0031675753 -0.00075653136 -0.00083995343)
(-0.0015521909 -0.003759981 -0.0019359262)
(-0.003123077 -0.001267873 -0.0031530706)
(-0.0029681564 -0.0031420858 -0.0018743663)
(-0.0024942309 -0.0022466541 -0.0017408683)
(-0.00050284631 -0.002339771 -0.00077343844)
(-0.0057575539 0.00027418903 -0.0029171256)
(-0.0059424405 -2.1636047e-07 -0.0024566833)
(-0.0051773942 -3.6231332e-05 -0.0034657519)
(-0.0042167677 0.00071709195 -0.0030957979)
(-0.0094318414 0.0012986166 -0.0027529921)
(-0.0039062697 -0.00099767206 -0.0023402936)
(-0.0078308143 0.00037758957 -0.0034328327)
(-0.0081685539 0.0015981081 -0.0035546108)
(0.0069922984 0.0093322517 0.0095437087)
(0.0096219968 0.009995411 0.0093804252)
(0.0071187717 0.010729662 0.010323724)
(0.0044084887 0.0070120127 0.0085011182)
(0.0061093394 0.0060153111 0.0077292505)
(0.0044882252 0.0065213741 0.0084899389)
(0.0064521495 0.0064763995 0.0076785907)
(-0.01836301 0.0063287002 0.00056498062)
(-0.022034192 0.003606356 0.0014295436)
(-0.019105677 0.0063176627 0.0020514393)
(-0.017386983 0.0034600207 0.0002108527)
(-0.018685069 0.002034385 -0.00031213951)
(-0.017150838 0.0038617346 -0.00063328088)
(-0.019882389 0.0012884263 0.00014035903)
(-0.0013631826 -0.0088923837 -0.0030640976)
(-0.0021735477 -0.0065581261 -0.003674862)
(-0.0028450324 -0.0044943695 -0.0029045311)
(-0.003165766 -0.0072311909 -0.0022496454)
(-0.0021304194 -0.006130849 -0.0032258114)
(-0.00071785182 -0.0096099006 -0.0028669564)
(-0.0040351758 -0.0061264085 -0.0025294469)
(-0.0010160182 -0.0075594859 -0.0028521464)
(-0.0022255732 -0.0036076596 -0.0022224882)
(-0.0008232339 -0.0046278187 -0.0021274397)
(-0.0012935038 -0.0041394558 -0.0011880163)
(-0.0016523355 -0.0053255564 -0.0027055641)
(-0.0028659828 -0.0050044854 -0.0020800217)
(-0.00017998676 -0.00634858 -0.0022303221)
(0.018325669 -0.021201178 0.001124542)
(0.015578031 -0.021354716 -0.0013184192)
(0.016812783 -0.022166397 -0.00042581674)
(0.012323693 -0.019490705 -0.00082601114)
(0.013160589 -0.018825323 0.00011697398)
(0.01229933 -0.019382269 -0.0013117011)
(0.013543374 -0.018898524 0.00056066533)
(-0.010109977 -0.012840613 0.0067295143)
(-0.0056308723 -0.012134166 0.0034731097)
(-0.0062804393 -0.01390755 0.0045364611)
(-0.0033706951 -0.011041139 0.0019046384)
(-0.0056999592 -0.009153332 0.0036857072)
(-0.0030121664 -0.010005029 0.0015658239)
(-0.0065747639 -0.0097822516 0.004122973)
(-0.010271348 0.0017632467 0.0011030737)
(-0.0049324801 0.0021982569 -0.0018541696)
(-0.0060190726 0.0028219952 0.0009624802)
(-0.010579981 0.0011441969 -0.00021363314)
(-0.0052188773 0.0027963511 0.00016711731)
(-0.01021539 0.0023301673 -0.0018221284)
(-0.010592723 0.00057147864 0.0024526782)
(-0.0074666323 0.00075456286 0.0020209477)
(-0.0029088587 -0.001310537 -0.00098011657)
(-0.0026350569 0.00083936331 0.0014031464)
(-0.0030949043 -0.0015683255 0.0011196597)
(-0.0037362392 0.0011172219 8.4133211e-05)
(-0.005324446 -0.0015411924 -0.00022835315)
(-0.0052554698 0.00013567307 0.0037878778)
(-0.02353532 0.00022750297 0.0013114491)
(-0.021294561 -0.0012475649 0.00098712273)
(-0.023693174 -0.0027582089 0.0016546046)
(-0.021234589 -0.0034801489 0.0011511876)
(-0.019505785 -0.00057300965 0.00027316517)
(-0.019634578 -0.0023512008 0.00061661478)
(-0.021154348 -0.0012458204 0.00061565052)
(-0.01319885 -0.012249704 0.0083495855)
(-0.014164517 -0.010702606 0.0090125832)
(-0.015824165 -0.011867592 0.0093002225)
(-0.01201301 -0.0086427233 0.0074329513)
(-0.0085556726 -0.008392263 0.0059768996)
(-0.010841385 -0.0082551592 0.0074600146)
(-0.0094714308 -0.0088983735 0.0061133345)
(0.014294282 0.0032489016 0.0033124828)
(0.0087613387 0.00092919692 0.0050242156)
(0.0099107017 0.004041916 0.0062136305)
(0.010891113 0.0024667663 0.0040062509)
(0.010689789 0.0025329096 0.0049904811)
(0.011500731 0.0010468863 0.0036801726)
(0.013690985 0.0053373403 0.0044621198)
(0.013979374 0.0075202973 0.0061034756)
(0.016024722 0.011653641 0.0068983882)
(0.017235289 0.0094995402 0.0059919749)
(0.01545239 0.0083753195 0.0056311401)
(0.011991625 0.0081254208 0.0069650942)
(0.012791264 0.0068099866 0.0058338937)
(0.014592387 0.0098482875 0.0067333346)
(0.016594099 0.0034614935 1.2947219e-05)
(0.012966879 0.0018687389 0.0014979745)
(0.015178555 0.0044596481 0.0024667384)
(0.017387692 0.0038615329 -0.0016500279)
(0.013287844 0.0027217994 0.002437092)
(0.015547453 0.0018735281 -0.0012248356)
(0.019062489 0.0053174142 -0.00061254534)
(0.016957316 0.0055777233 0.0013563637)
(0.01318183 0.005812802 0.0029778601)
(0.01579616 0.0056568996 0.0026263253)
(0.020454998 0.0087935389 0.0010159486)
(0.013299138 0.0043308197 0.0030628499)
(0.016746455 0.0078266804 0.0022737352)
(0.020041124 0.0070030402 0.00045416309)
(0.022240101 -0.0048917017 0.0062162992)
(0.025809741 -0.004861637 0.0063440179)
(0.024256738 -0.0036481471 0.0051467626)
(0.022069536 -0.00093558864 0.0032734262)
(0.021721172 -0.0028741431 0.0052501571)
(0.020562933 -0.0022357522 0.0040872023)
(0.023404695 -0.0016740702 0.0044982717)
(0.0097981846 0.011168722 0.0092984821)
(0.014581919 0.013177693 0.0081045135)
(0.012831625 0.014078034 0.0092240303)
(0.012020311 0.011985116 0.0085095501)
(0.01070828 0.0091563576 0.0080845995)
(0.0094957099 0.0098962162 0.008697372)
(0.013325511 0.01109498 0.0078606128)
(0.014637901 0.011570563 0.0024465807)
(0.012766419 0.0075673971 0.0025841782)
(0.015696379 0.0091643299 0.00061817992)
(0.020106899 0.010929806 0.0012998267)
(0.012155042 0.0086731376 0.0015226646)
(0.015933857 0.009954384 0.002858212)
(0.018860341 0.012554446 0.00096505745)
(0.012817037 0.012557092 0.0013369)
(0.0095695355 0.0099216341 -0.0014227806)
(0.014461819 0.0098193116 -0.00064149604)
(0.014401603 0.013306679 -0.00088271674)
(0.01095951 0.0096113825 -2.1242382e-05)
(0.010585762 0.012672531 -0.00014849302)
(0.016821084 0.013376962 0.00020797318)
(0.011847732 0.02291299 0.0016699463)
(0.015512626 0.025518479 0.0010992029)
(0.014222242 0.024548013 0.0018013948)
(0.014599293 0.021059354 0.0020600752)
(0.013992067 0.021140122 0.00097121311)
(0.012670001 0.020267066 0.0015035116)
(0.01609867 0.022110266 0.0012332826)
(0.015320768 -0.016347969 0.0079115002)
(0.010992032 -0.013800761 0.007074049)
(0.013026979 -0.018635647 0.0041309351)
(0.013397354 -0.018889996 0.007976642)
(0.012495651 -0.014639866 0.0059285983)
(0.013242876 -0.015082655 0.0093171793)
(0.015397758 -0.0205699 0.0055060525)
(0.019235959 -0.018656624 0.0030526249)
(0.021641327 -0.021638887 9.4433427e-05)
(0.021858902 -0.019804262 0.0025068303)
(0.019225866 -0.019696152 0.002978768)
(0.017120314 -0.020220475 0.0013301672)
(0.017370868 -0.018654849 0.0029676766)
(0.018919934 -0.021293496 0.0010584748)
(0.01700229 -0.013400507 0.010727755)
(0.013578004 -0.0080836511 0.010034584)
(0.016853123 -0.010140482 0.011979555)
(0.016910826 -0.013156681 0.014544101)
(0.014877316 -0.0086228055 0.0090432941)
(0.015381714 -0.011816154 0.011853673)
(0.018936703 -0.015511407 0.013693443)
(0.022494385 -0.0090268092 0.0088363664)
(0.026038377 -0.014663942 0.010664838)
(0.024723275 -0.013159047 0.0091963687)
(0.022035428 -0.012771557 0.01066687)
(0.021740124 -0.010657174 0.011122331)
(0.020566129 -0.0093971475 0.0095708432)
(0.0232769 -0.014191343 0.012066308)
(0.017973566 -0.018131875 0.0099533325)
(0.016008084 -0.020201766 0.010403214)
(0.017908057 -0.01806232 0.014848596)
(0.017630049 -0.023257765 0.007740521)
(0.01638792 -0.016619399 0.012254263)
(0.017241987 -0.021861678 0.0064290999)
(0.019404651 -0.020223901 0.012357191)
(-0.017139179 0.010470834 0.0006110591)
(-0.019212287 0.011904003 0.001671081)
(-0.016787681 0.014436937 0.0016050618)
(-0.015864277 0.012776228 -5.5586091e-05)
(-0.017465008 0.0080160966 -0.00070712607)
(-0.016126097 0.00981297 -0.00098545695)
(-0.017468746 0.010842726 0.00016656005)
(-0.0092674859 0.011911382 -0.0066200455)
(-0.010099527 0.0069973186 -0.011505074)
(-0.012497806 0.0072506736 -0.0061094527)
(-0.0088585088 0.0089456905 -0.012576033)
(-0.011280693 0.008560197 -0.0066801095)
(-0.0082159721 0.0092199095 -0.012491996)
(-0.011198336 0.010847661 -0.0067544698)
(0.0083097724 0.023504475 0.00096086116)
(0.0078252297 0.027222207 -0.00066862306)
(0.0064132911 0.026070984 0.00025685594)
(0.005042852 0.023327997 0.00022657097)
(0.0079539896 0.02251012 0.00017510687)
(0.0068736769 0.021683014 0.00051027277)
(0.0061865244 0.024441658 -0.0004560879)
(-0.0033502455 0.014764566 -0.0063149276)
(-0.0026642774 0.010363844 -0.012515058)
(0.0036154654 0.01510811 -0.0062979267)
(0.0011273715 0.012641682 -0.013065114)
(-0.0011216419 0.0137141 -0.0064519455)
(-0.0039799924 0.011069866 -0.012878946)
(0.001487513 0.016651199 -0.0065524295)
(-0.0058865953 0.015041057 -0.0067187823)
(-0.006494248 0.011538782 -0.014603946)
(-0.00046651052 0.013618917 -0.014387761)
(-0.0036074359 0.018172906 -0.0089853362)
(-0.0052150581 0.011468973 -0.013661957)
(-0.0083519138 0.014515648 -0.0076126357)
(-0.00095438987 0.017696077 -0.00752712)
(0.017110865 -0.022610712 -0.0028462166)
(0.020815911 -0.02291965 -0.0023844361)
(0.019287544 -0.023707855 -0.0046451034)
(0.017001063 -0.023208239 -0.0036739163)
(0.016573988 -0.021561423 -0.00070804401)
(0.015580533 -0.022240942 -0.0027284755)
(0.018129504 -0.022594436 -0.0014510612)
(0.010566542 -0.023228798 -0.0074490139)
(0.013722444 -0.023155616 0.0057034857)
(0.013983458 -0.023844232 0.00016400041)
(0.010194788 -0.023698657 -0.00097117227)
(0.014608372 -0.023622805 0.00020627716)
(0.010151549 -0.023881737 -0.0011865591)
(0.0090691609 -0.022583467 -0.0086064294)
(0.0062689746 -0.02156355 -0.013662005)
(0.0026325963 -0.020946642 -0.015341613)
(0.0049933103 -0.02233344 -0.010611449)
(0.00054095308 -0.020117822 -0.016792216)
(0.0059021622 -0.022912424 -0.009600727)
(0.0026992476 -0.020092766 -0.016762033)
(0.0043099318 -0.020985167 -0.014770339)
(-0.0061610981 -0.025236191 -0.0064827037)
(-0.0053266922 -0.026609351 -0.0067025879)
(-0.0036301076 -0.026730029 -0.0075147772)
(-0.0017788145 -0.024507126 -0.0096346327)
(-0.0058558921 -0.023571616 -0.0075307481)
(-0.0042730221 -0.023852081 -0.0084496617)
(-0.0035979857 -0.024526083 -0.0085838022)
(-0.0120327 0.0073465674 -0.0084148337)
(-0.012623022 0.0053369227 -0.0060638436)
(-0.0088668445 0.0050262099 -0.011052607)
(-0.0085140212 0.0083393922 -0.013196311)
(-0.012024093 0.0036454746 -0.0063068644)
(-0.012068127 0.0090811917 -0.0074254996)
(-0.0081221197 0.0079248597 -0.013701092)
(-0.010905427 0.011648355 -0.010996796)
(-0.0069312052 0.011402531 -0.016202613)
(-0.0061364216 0.017710607 -0.011093543)
(-0.0044257664 0.014895616 -0.020231042)
(-0.010081686 0.013182711 -0.0091145742)
(-0.0072226214 0.011371295 -0.017204645)
(-0.007938118 0.016578092 -0.013838412)
(-0.017937649 0.0052676794 -0.0060003801)
(-0.020609295 0.0096972521 -0.0048819362)
(-0.020116678 0.0061116974 -0.003200887)
(-0.017150597 0.0090850828 -0.0065388859)
(-0.015238233 0.011529961 -0.0098194738)
(-0.015376235 0.0081437011 -0.0080997621)
(-0.016945479 0.012586199 -0.0085088267)
(-0.010242763 0.010413484 -0.012708843)
(-0.0051595243 0.011256188 -0.01671837)
(-0.0042793956 0.014939797 -0.020394985)
(-0.0075936454 0.014257281 -0.016367564)
(-0.0062129365 0.011326941 -0.017356762)
(-0.0085901967 0.009616447 -0.013176984)
(-0.0083020548 0.015357485 -0.016091015)
(-0.0092624436 -0.013892001 0.004813776)
(-0.016902961 -0.015419483 0.0081892397)
(-0.014111044 -0.016362698 0.0066952565)
(-0.012924793 -0.014763928 0.006121288)
(-0.011507321 -0.012232179 0.006478535)
(-0.0090123185 -0.012867503 0.0044768875)
(-0.015339664 -0.013965849 0.0078996654)
(-0.012181846 -0.013390741 0.0018653659)
(-0.0092319256 -0.01011924 0.0039204011)
(-0.0050464113 -0.010684942 -0.0020193203)
(-0.012890529 -0.0097493496 0.0041606222)
(-0.0052313683 -0.011746666 -0.00084607522)
(-0.015578189 -0.01175086 0.0059635614)
(-0.0099304935 -0.010974618 0.00010297942)
(-0.010546752 -0.02496838 -0.0037905581)
(-0.013121733 -0.024668594 -0.0026412712)
(-0.013400913 -0.025871667 -0.0020858242)
(-0.013938015 -0.022757736 -0.0019068793)
(-0.012817934 -0.021630119 -0.0035080401)
(-0.011760807 -0.022735396 -0.0035612799)
(-0.014303232 -0.021626689 -0.0026942791)
(-0.01329044 -0.01592412 -0.0016571647)
(-0.0071033231 -0.015600806 -0.0078148523)
(-0.012511691 -0.016247237 -0.0044779527)
(-0.012959123 -0.011772403 -0.0021492323)
(-0.0088189963 -0.017703291 -0.0065066442)
(-0.010580987 -0.013610609 -0.0035370516)
(-0.015703969 -0.013638411 -0.00073204208)
(-0.01659546 -0.013308914 0.0022217315)
(-0.015758084 -0.0085336434 0.004052671)
(-0.016274817 -0.00614224 0.0019085641)
(-0.015063047 -0.0083933563 0.0015634795)
(-0.0180656 -0.01029632 0.0048208898)
(-0.01404849 -0.011004367 0.0010456548)
(-0.01679854 -0.0099958316 0.0011489869)
(-0.017311676 -0.0077234539 0.0089469394)
(-0.012682969 -0.0087139119 0.0077293456)
(-0.012975484 -0.0072268108 0.0087214369)
(-0.015035668 -0.0081999396 0.0075674738)
(-0.014967496 -0.0077792099 0.0097609862)
(-0.017283826 -0.0098103305 0.008324697)
(-0.015653006 -0.0068408015 0.0089517478)
(-0.016736935 0.0022636935 -0.0061832545)
(-0.019679071 0.0021749839 -0.0074179825)
(-0.018216893 -0.0010990062 -0.0051182588)
(-0.015644638 -0.00015937475 -0.005498204)
(-0.015073599 0.0056036502 -0.0077421519)
(-0.014450722 0.002635946 -0.0061178505)
(-0.016658224 0.003086885 -0.0077994013)
(-0.015986108 -0.0043877848 0.0057993453)
(-0.016220149 -0.0057530873 0.0062737946)
(-0.014726868 -0.0028037792 0.0020439152)
(-0.012664669 0.00083587614 0.0048359108)
(-0.017646479 -0.0071933219 0.0059300249)
(-0.015362058 -0.0036180391 0.0069112158)
(-0.013021882 -0.00036317222 0.0018187171)
(-0.013736322 -0.0016246516 0.004397929)
(-0.011327964 0.0010852351 0.0042728477)
(-0.009522498 0.0043798126 -0.0013667077)
(-0.010795713 0.0030314907 0.0037888813)
(-0.011307707 0.00097148399 0.0018491613)
(-0.013613011 -0.0011322685 0.0063433456)
(-0.011345778 0.0020396608 0.00069258813)
(0.028658927 0.0081217211 -0.0033790543)
(0.02038239 0.0060225067 0.00030148938)
(0.024960957 0.0092749852 -0.00078902491)
(0.024909955 0.008048178 -0.0024732076)
(0.024210754 0.007443549 -0.0013631925)
(0.023937138 0.0070856528 -0.0019071139)
(0.029472586 0.010552445 -0.0029043635)
(0.02769076 -0.0061414681 0.007880212)
(0.027011443 -0.0081759645 0.010587619)
(0.029779996 -0.007422301 0.0094426529)
(0.027085077 -0.0033839282 0.0075141893)
(0.023459672 -0.0037573272 0.0068862575)
(0.025017448 -0.004623175 0.0083106701)
(0.025132409 -0.0023971577 0.0059205081)
(0.032782724 0.0082922184 -0.0045152795)
(0.028609733 0.010823912 -0.0046322595)
(0.030702987 0.0094094371 -0.0043949283)
(0.038015872 0.0092912545 -0.004224019)
(0.027329076 0.0095733647 -0.0037791002)
(0.033711219 0.011570936 -0.0047074901)
(0.036789198 0.0059803843 -0.0032060334)
(0.054828054 0.011469982 0.0042678302)
(0.057175599 0.0021231071 0.002257348)
(0.055477823 0.0061190805 0.0065856289)
(0.049397866 0.0073368899 0.0060862028)
(0.051476097 0.0080139561 0.003640855)
(0.050991612 0.0029648632 0.0055393543)
(0.049109256 0.012897267 0.0048910424)
(0.024869268 0.014623743 -0.0040176074)
(0.019240969 0.0096368748 -0.0027142684)
(0.018395529 0.013617859 -0.0026853671)
(0.021638294 0.0092372353 -0.0056231219)
(0.020970234 0.013901883 -0.0017351099)
(0.022850723 0.0098463209 -0.0047761087)
(0.022300752 0.013743891 -0.0051091488)
(0.017122991 0.026007681 0.00024770516)
(0.016266238 0.02520752 -0.00072696376)
(0.019285023 0.026373608 -0.00079764251)
(0.019241433 0.023096229 -0.00031045379)
(0.015844139 0.021818533 0.00022570379)
(0.016966503 0.022267 -0.00044595539)
(0.017881026 0.022765355 0.00035955512)
(0.031018017 0.015667956 -0.005719251)
(0.028756161 0.011604585 -0.0054795165)
(0.031705413 0.010092835 -0.0083778467)
(0.037245627 0.012289629 -0.0054392462)
(0.028173019 0.011653478 -0.006554502)
(0.032986723 0.01430686 -0.0049677182)
(0.034754635 0.013796594 -0.0068840045)
(0.052112676 0.016890938 0.00017830441)
(0.053172867 0.020868743 -0.0023856912)
(0.047774168 0.022523563 -0.0021340244)
(0.044765145 0.022069567 0.0028031605)
(0.050334464 0.013280508 0.0024889872)
(0.048049759 0.017492436 0.0016511088)
(0.047303126 0.018390231 0.0036897935)
(0.027211276 -0.015889055 0.011885831)
(0.026893718 -0.013142785 0.013470363)
(0.028337655 -0.01739886 0.012755526)
(0.025518274 -0.016532053 0.015013565)
(0.023184646 -0.011875893 0.012964282)
(0.024375664 -0.012979995 0.014510117)
(0.024573341 -0.015533866 0.013689589)
(0.019435667 -0.022412961 0.016704266)
(0.018258794 -0.019565056 0.017474984)
(0.015680568 -0.024048799 0.0089836395)
(0.016375899 -0.022028924 0.016538766)
(0.019232576 -0.0218714 0.014736961)
(0.018393068 -0.019886534 0.019538605)
(0.015797431 -0.024166605 0.010122834)
(0.019463706 -0.021649885 0.018184102)
(0.016603881 -0.020336016 0.018612317)
(0.018963845 -0.017073104 0.022329009)
(0.017700731 -0.021592212 0.013064402)
(0.01860268 -0.018593799 0.021405218)
(0.015764333 -0.023346061 0.011212799)
(0.020588535 -0.020030466 0.019294811)
(0.011011636 -0.0313088 -0.013927657)
(0.015421384 -0.029691155 -0.0092000652)
(0.016909423 -0.029481622 -0.01033546)
(0.020685392 -0.028752558 -0.002510971)
(0.012036722 -0.02916509 -0.0047489765)
(0.017139412 -0.028535642 -0.0017871835)
(0.016385687 -0.029551038 -0.0059073573)
(0.011929182 0.015567277 -0.010993702)
(0.0086805064 0.014899756 -0.0075080605)
(0.0063758042 0.013360898 -0.013481638)
(0.013524601 0.010185825 -0.013450893)
(0.0070712338 0.016787177 -0.0080717127)
(0.013148386 0.012884252 -0.0098678279)
(0.011742322 0.01294451 -0.014465772)
(0.009383024 0.019110169 -0.012664924)
(0.004578975 0.015170388 -0.015039697)
(0.0019388735 0.020673121 -0.011053627)
(0.0062814369 0.018140503 -0.018200241)
(0.0048350977 0.018856112 -0.0094990247)
(0.0094962944 0.015822407 -0.015981105)
(0.0054938803 0.02205689 -0.01401141)
(0.00048912988 0.034237443 -0.021297602)
(0.010911716 0.037637636 -0.023137076)
(0.0076866087 0.038027532 -0.018647151)
(0.0081219497 0.035366817 -0.026208718)
(0.00067812682 0.034842574 -0.024404762)
(0.0086512925 0.036255638 -0.024209915)
(-0.0018721582 0.033412278 -0.025028908)
(0.011546063 0.019691452 -0.016338498)
(0.0072409528 0.018099446 -0.0193728)
(0.011994489 0.014735941 -0.019105856)
(0.0065616337 0.022974887 -0.020766933)
(0.01144261 0.015546356 -0.017461399)
(0.0064616442 0.022921003 -0.017604246)
(0.012531218 0.020172172 -0.019307527)
(0.00057392915 -0.021648667 -0.013954996)
(0.0026444926 -0.022346412 -0.011355647)
(-0.001762748 -0.020693103 -0.015760194)
(-0.00089813139 -0.021665569 -0.015499457)
(0.0018487701 -0.021305558 -0.014864813)
(0.0031647744 -0.022201949 -0.010564857)
(-0.0032489464 -0.021039281 -0.014393091)
(-0.0066253937 -0.025632833 -0.0065972241)
(-0.0095826088 -0.021917599 -0.0066563145)
(-0.0076876441 -0.024041264 -0.0069407707)
(-0.0062794291 -0.023204343 -0.0074265868)
(-0.0072293818 -0.022953226 -0.006835362)
(-0.008202531 -0.021866506 -0.0065217448)
(-0.0050202148 -0.024145159 -0.0078622557)
(0.0051932783 -0.022838229 -0.0080984052)
(0.012726666 -0.021446617 0.011673531)
(0.012973162 -0.022051041 0.0041244223)
(0.012228022 -0.019395151 0.0058002593)
(0.010650297 -0.023609809 0.00089117961)
(0.0085378443 -0.021823652 0.0021818106)
(0.0068187611 -0.021738188 -0.003848834)
(0.0044846426 -0.032364614 -0.01571622)
(-0.0066426769 -0.028793107 -0.020412381)
(-0.0021459098 -0.031477011 -0.017452117)
(0.0033609595 -0.028384976 -0.010828377)
(0.0055353929 -0.02897904 -0.0072944845)
(-2.8517492e-05 -0.02736494 -0.0089955271)
(0.010035102 -0.029771575 -0.0088036383)
(-0.0021779006 0.023082808 -0.018207366)
(-0.0015712581 0.021347019 -0.013217465)
(-0.0020488331 0.018071644 -0.022534528)
(0.0031513944 0.019259621 -0.021310643)
(-0.0044163885 0.020836007 -0.016231996)
(0.0013535243 0.023322623 -0.015720174)
(-0.00019668842 0.019819053 -0.0235569)
(-0.0203137 0.014235749 -0.0080734416)
(-0.017523194 0.018163307 -0.013928837)
(-0.01919984 0.019356331 -0.012580443)
(-0.01468873 0.020354158 -0.013704442)
(-0.014669224 0.01557937 -0.011783976)
(-0.014099998 0.018583093 -0.013282822)
(-0.015948008 0.017027145 -0.011278941)
(-0.0047117801 0.022004345 -0.020124532)
(-0.0033235564 0.018112739 -0.02267092)
(-0.0065207732 0.018420527 -0.018565951)
(-0.0042419737 0.019616358 -0.021851801)
(-0.0059974029 0.019703471 -0.018572334)
(-0.002643657 0.019810611 -0.023585402)
(-0.0062137266 0.020909031 -0.019961659)
(-0.0049571583 0.030209527 -0.025039686)
(-0.010757311 0.030004528 -0.025727599)
(-0.0084773694 0.027580892 -0.026544212)
(-0.011617801 0.030553526 -0.023387494)
(-0.0055821969 0.033213174 -0.024471447)
(-0.0096730787 0.031648102 -0.024422823)
(-0.0081121471 0.031814462 -0.024085887)
(-0.0030291414 0.02288057 -0.020178246)
(0.0028993679 0.01908156 -0.022048496)
(-0.00016448433 0.022916989 -0.020888532)
(-0.0038714143 0.01840985 -0.024627012)
(0.0011969502 0.023714085 -0.018639353)
(-0.0014728125 0.019566754 -0.024034541)
(-0.0055781453 0.021498777 -0.021908327)
(-0.012987595 -0.0035023883 -0.0031044538)
(-0.013388434 -0.012498192 -0.00399641)
(-0.013093887 -0.0076637373 -0.001873818)
(-0.011023292 -0.0077954044 -0.0039373834)
(-0.014653793 -0.0085425873 -0.0021508698)
(-0.012433157 -0.0083201609 -0.0037191877)
(-0.01145996 -0.0034671389 -0.0016155051)
(-0.012561729 0.00023302278 -0.003423694)
(-0.013452858 -0.0013256313 -0.0017092106)
(-0.013210604 -0.0038708848 0.00054443733)
(-0.009692375 0.0028960269 0.001263072)
(-0.014365225 -0.0045984594 -0.0018129475)
(-0.011514672 0.0024181161 -0.0033657336)
(-0.010721422 0.00031733394 4.094068e-05)
(-0.031475854 0.0088673488 -0.037796418)
(-0.038364868 0.011085311 -0.045800771)
(-0.029817822 0.0080013295 -0.039915033)
(-0.031015775 0.0060769448 -0.036794972)
(-0.037303529 0.0098291917 -0.034884707)
(-0.036686254 0.008248272 -0.035782479)
(-0.031459423 0.0069526947 -0.035436231)
(-0.012889803 0.0055994632 -0.0038756977)
(-0.0083009857 0.0060663861 0.0010645945)
(-0.015912269 0.0084308186 -0.0049861679)
(-0.0089655506 0.0066912456 0.0016643608)
(-0.011751472 0.0067320872 -0.0045422376)
(-0.0090080118 0.0038290398 0.0004010253)
(-0.014771668 0.006865922 -0.0029403944)
(-0.020619471 0.0062491539 -0.010239944)
(-0.01808514 0.013741534 -0.012906699)
(-0.020642145 0.010639318 -0.013092575)
(-0.017748628 0.010524075 -0.011719486)
(-0.015596437 0.0094446129 -0.0094064719)
(-0.015898241 0.012578432 -0.010364587)
(-0.017422344 0.0065715856 -0.010004752)
(-0.01128698 0.0057356156 -0.0020635128)
(-0.012375047 0.0012627663 -0.0015112167)
(-0.01015708 0.003436045 0.0031937187)
(-0.0089621084 0.0048124554 0.0022555475)
(-0.011533121 0.0031176994 -0.0012276557)
(-0.010986628 0.0039001973 -0.0028030834)
(-0.0086510403 0.0066661466 0.0024964871)
(-0.011432628 0.0089098867 -0.0019114809)
(-0.0094765101 0.0083349047 -0.0029050327)
(-0.0090345306 0.0052042424 0.0022344995)
(-0.0076900883 0.011855603 0.00029096023)
(-0.010730991 0.0056649807 -0.0015793168)
(-0.010652918 0.012410736 -0.0029937495)
(-0.0084601128 0.0089287406 0.0018832752)
(-0.032737284 0.01007011 -0.034031804)
(-0.037398276 0.016893508 -0.035718665)
(-0.033213335 0.011891747 -0.031604433)
(-0.030644865 0.0095999802 -0.028616833)
(-0.036557008 0.011159491 -0.031677652)
(-0.035411235 0.01216703 -0.027589969)
(-0.031152142 0.0077702595 -0.032403134)
(-0.012720102 0.0086397045 -0.0017291689)
(-0.0081192119 0.0075984836 0.0016836738)
(-0.016601608 0.0095224723 -0.0034540921)
(-0.011211827 0.014461327 0.0016918391)
(-0.011584549 0.0070664551 -0.0032216728)
(-0.008784786 0.0096189062 0.0020868022)
(-0.017232858 0.011785744 -0.0017341139)
(0.063489094 -0.0084115688 -0.0018045401)
(0.066128356 0.022275923 0.038966231)
(0.069026504 0.0048817939 0.027613252)
(0.071122672 -0.018512367 0.0061804874)
(0.067412681 -0.0088056753 -0.0099274649)
(0.063554753 -0.017956073 -0.0077873298)
(0.074257485 -0.0047073713 0.011485468)
(0.0072700525 -0.030030885 -0.014652661)
(0.0061114179 -0.032581399 -0.0048882545)
(0.0091891373 -0.031544705 -0.0064441876)
(0.00028006025 -0.031210568 -0.0150141)
(0.0032361395 -0.028508409 -0.015166228)
(0.0078397223 -0.02903504 -0.011251697)
(-0.0036787759 -0.032338729 -0.015888572)
(0.068430556 -0.036253114 -0.0059141388)
(0.071343768 -0.011706215 -0.0086494764)
(0.068500594 0.0048088416 0.010846424)
(0.075154253 -0.012987824 0.030133832)
(0.063699696 -0.017247036 0.001268176)
(0.086180518 -0.027199925 0.048760999)
(0.068568441 -0.0062108403 -0.016212587)
(0.0504481 -0.038573457 -0.050257504)
(0.01975261 -0.026061118 -0.0012601841)
(0.046902336 -0.024727309 -0.035608056)
(0.049664682 -0.038821063 -0.039903446)
(0.031798628 -0.02971662 -0.0015742792)
(0.021271619 -0.039297614 -0.030446768)
(0.07130684 -0.030809882 -0.052767885)
(0.066628976 -0.044589994 0.10386527)
(0.062222299 -0.027567233 0.40124694)
(0.090986457 -0.031655425 0.29372798)
(0.029117742 -0.05732807 0.21894598)
(0.095550664 -0.0022477604 0.29090789)
(0.054063702 -0.04714092 0.23459409)
(0.063773651 -0.04678104 0.057277032)
(0.013090352 0.040351207 -0.010875095)
(-0.0233838 0.033092957 0.039788812)
(-0.00812111 0.042515077 0.029738708)
(0.0076796672 0.038937986 0.012332944)
(0.00074390421 0.032676472 -0.010483193)
(0.01079946 0.038101942 -0.0093605589)
(0.0006644008 0.031777113 0.01228078)
(0.084327899 0.028232064 0.040385413)
(0.072997272 0.0040853693 -0.015658411)
(0.056979299 0.033448408 -0.0061457517)
(0.086696475 -0.0013774652 0.046482561)
(0.065291944 0.024286428 -0.020405)
(0.093569243 0.00026174325 0.072595668)
(0.085764825 0.028912502 0.027843881)
(0.029398477 0.053500481 0.1975098)
(-0.0059298265 0.043432513 0.41207686)
(0.087507551 0.018999114 0.35806161)
(-0.017439931 0.038786979 0.30894045)
(0.061743786 0.052321661 0.33064107)
(-0.033473838 0.049230873 0.29820075)
(0.051306194 0.048959684 0.21088282)
(0.018217063 0.044523033 0.050826791)
(-0.002416308 0.032731044 0.010477864)
(0.033171071 0.057159381 0.00967517)
(-0.011915489 0.012309872 0.074769857)
(0.021628364 0.048793126 0.0041984244)
(-0.0078231296 0.023959339 0.08093884)
(0.026594652 0.04875207 0.075415942)
(-0.033381084 -0.0017143813 -0.010780783)
(-0.043293529 0.0082778584 -0.048905864)
(-0.03190295 -0.0018400412 -0.021349756)
(-0.047438805 0.0027196824 -0.038660982)
(-0.050534323 0.010089935 -0.048457538)
(-0.050134522 0.0044156978 -0.051481694)
(-0.048711238 0.0086033024 -0.033066488)
(-0.013240705 -0.042761072 -0.014677899)
(0.013635361 -0.025621922 0.0027869384)
(0.026633564 -0.038564325 -0.0042648431)
(0.01574618 -0.027716337 0.0035725474)
(0.00035112214 -0.036057925 -0.0029350182)
(0.0077401141 -0.029046837 -0.0053961626)
(0.010061003 -0.046639408 -0.0035911087)
(-0.0095518984 -0.048563983 0.11643048)
(0.010250331 -0.073602609 0.39515707)
(0.0050340114 -0.059187759 0.22064889)
(-0.036282327 -0.028712919 0.26140082)
(0.028102468 -0.063994763 0.23536231)
(-0.018259079 -0.056118745 0.26536362)
(-0.026990459 -0.050419326 0.083551308)
(-0.055387033 -0.026609678 -0.038379669)
(-0.056534284 -0.0040637663 -0.039329608)
(-0.066569839 -0.025601865 -0.02219402)
(-0.028037958 -0.032434513 -0.024567234)
(-0.053873713 -0.0021121764 -0.0016486808)
(-0.039366414 -0.017440634 -0.03472055)
(-0.052019956 -0.05154925 -0.032097161)
(-0.024879972 0.023993431 0.024939067)
(-0.011522264 0.026423767 -0.02257585)
(-0.019971011 0.02152804 0.0027504649)
(-0.013025184 0.024466754 -0.014737569)
(-0.0097299791 0.029686655 -0.017845029)
(-0.017109426 0.028709024 -0.023541225)
(-0.0051828118 0.026500746 -0.0023752579)
(-0.036598365 0.0022213254 -0.0046483332)
(-0.041554872 0.024189551 -0.037931039)
(-0.040986597 0.01152443 -0.0075510441)
(-0.046857907 0.02292565 -0.026524663)
(-0.04931462 0.016287389 -0.043160012)
(-0.047796531 0.020780736 -0.038361141)
(-0.048306112 0.016030458 -0.027055528)
(-0.045297661 0.0137338 0.11725126)
(-0.065156351 -0.013276593 0.39679206)
(-0.039696476 0.021254204 0.28104196)
(-0.053608545 -0.0017841235 0.25591426)
(-0.064263174 0.016806734 0.28598078)
(-0.056821643 -0.024966092 0.26406711)
(-0.055524967 0.019656809 0.073723455)
(-0.04146224 0.028023054 -0.01626081)
(-0.017007926 0.026884268 -0.0079020657)
(-0.030489868 0.018886409 -0.00062662951)
(-0.057836219 0.030896319 -0.025105801)
(-0.014934485 0.018297571 0.048828059)
(-0.038176427 0.02865012 -0.017828906)
(-0.072084666 0.028255762 -0.028607589)
(-0.058067761 0.020390956 -0.0093643566)
(-0.061514331 0.0079332151 -0.03486545)
(-0.067715736 -0.0077693365 -0.0029598122)
(-0.069905195 0.0027157993 -0.026783738)
(-0.053575066 0.011926391 0.0124524)
(-0.06271849 0.015711962 -0.029315964)
(-0.071533304 0.0014162449 -0.01345251)
(0.015825662 -0.0074072013 0.040428818)
(0.0078090311 0.013095162 0.010516127)
(0.0046047694 0.014479167 0.011305132)
(0.0085778388 0.016897828 0.010249536)
(0.0071257084 0.015061477 0.011915233)
(0.010853186 0.017227694 0.0099618663)
(0.0071019629 0.017877153 0.011727097)
(0.0069995892 0.0072085024 0.019759392)
(0.0084108709 0.0031931233 0.023875383)
(-0.0004331188 0.014819896 0.01263947)
(0.0017206714 0.011397333 0.014601383)
(0.0015431731 0.014197523 0.013821553)
(0.0033333847 0.012461812 0.015694052)
(0.015970354 -0.0096084868 0.035806589)
(0.014932642 0.0093472095 0.034128406)
(0.01584186 0.0071494403 0.04499942)
(0.012313636 0.02200364 0.011632626)
(0.014820429 0.01807089 0.025210919)
(0.013339453 0.020746038 0.015047087)
(0.012639662 0.017246405 0.022241443)
(0.020289217 -0.008793939 0.068302949)
(-0.0039487262 -0.017221186 0.024448144)
(0.017142842 -0.023668067 -0.0042458483)
(0.015910529 -0.024651956 -0.0042242368)
(0.01666817 -0.025008314 -0.0075724065)
(0.018630251 -0.02515074 -0.0029274859)
(0.019656611 -0.025223165 -0.0065587919)
(0.015879877 -0.026631834 -0.0050632649)
(-0.05945597 -0.0098762019 0.10111839)
(-0.0015795225 -0.02135292 0.04024088)
(-0.078703121 -0.007163017 0.12259502)
(-0.030158125 -0.01628104 0.081947002)
(-0.0022363135 -0.022085895 0.038327471)
(-0.060837786 -0.01192218 0.098287792)
(-0.07349239 -0.003559039 0.1214479)
(0.0046986331 -0.019503041 0.0086485928)
(-0.0013871847 -0.014895457 0.013008402)
(0.0091459253 -0.022670333 0.0046278822)
(0.012642612 -0.02582086 4.2847769e-06)
(0.013565698 -0.025100971 0.0020247228)
(0.0082414188 -0.022578885 0.004024481)
(-0.013138561 -0.0052309204 0.0267144)
(0.0028269262 -0.021347748 0.018425541)
(-0.0020694609 -0.019183009 0.028101447)
(0.014530701 -0.026766661 -0.0080308984)
(0.011650333 -0.024538375 0.006391127)
(0.015401803 -0.026009031 -0.0040657696)
(0.0097804645 -0.02480064 0.003925022)
(-0.015295983 -0.012194104 0.053365646)
(0.031175151 0.037044336 0.046857538)
(-0.0007393291 0.0085431927 0.026726742)
(-0.01952922 -0.008373272 0.0079714399)
(-0.01895699 -0.008851095 0.0090792243)
(-0.011240553 -0.0010823035 0.016720622)
(0.022586855 0.024151616 0.04316868)
(0.016533059 0.029731544 0.044023939)
(0.045035865 0.0018874664 0.098469889)
(0.031516082 -0.014180384 0.012818068)
(0.036929851 -0.014408912 0.013468992)
(0.034019996 -0.019853845 0.012964406)
(0.0350906 -0.012051356 0.01601214)
(0.03359667 -0.018174112 0.016023575)
(0.041467205 -0.014190709 0.032833946)
(0.043995845 0.013663948 0.080968737)
(0.048601917 0.029408172 0.10988781)
(0.040076397 0.009119553 0.06248085)
(0.042517817 -0.0019648901 0.031291399)
(0.040569867 -0.00017505743 0.039864925)
(0.043894567 0.0071572465 0.060242987)
(0.051049509 0.03905573 0.14604815)
(0.054080936 -0.010558525 0.088502673)
(0.064921358 -0.0066831881 0.10997153)
(0.044897254 -0.021552785 0.05906197)
(0.036521051 -0.024405309 0.02445758)
(0.038451242 -0.022804591 0.03512431)
(0.049825272 -0.016775942 0.063331486)
(0.069726372 0.0027603282 0.14469844)
(-0.033896142 0.089283113 0.23182073)
(-0.012287505 0.084167186 0.17326194)
(0.014013975 0.056804725 0.107724)
(0.011591018 0.063386486 0.11942814)
(0.0034266163 0.06916434 0.15585643)
(-0.025547641 0.084910722 0.2124388)
(-0.026647631 0.10171485 0.22121706)
(0.078256211 -0.055869815 0.22384494)
(0.058700571 -0.046250339 0.15508813)
(0.028573496 -0.027942067 0.079049689)
(0.03753263 -0.027972005 0.093307099)
(0.047784745 -0.032185138 0.13257886)
(0.067583763 -0.050953125 0.19934227)
(0.085317066 -0.055017525 0.20765794)
(-0.0062629647 0.025709474 -0.01038567)
(-0.0072272874 0.025930587 -0.0058545598)
(-0.0067053564 0.023633486 -0.010318565)
(-0.0018737622 0.024801366 -0.012427658)
(-0.0097043589 0.025000315 -0.0062191534)
(-0.0037137436 0.025987094 -0.010318988)
(-0.0040597413 0.024839112 -0.012481618)
(-0.020187015 0.015904271 0.052767312)
(-0.018783067 0.0049150363 0.12680942)
(-0.01947888 0.014801467 0.034326966)
(-0.026562365 0.0085156624 0.088286837)
(-0.020323546 0.015747665 0.034751337)
(-0.018628572 0.015531022 0.051557354)
(-0.025640576 0.0042813357 0.12767478)
(-0.034346085 0.023748665 0.071578262)
(-0.082037049 0.014266589 0.19020553)
(-0.02304839 0.021578617 0.042534092)
(-0.07037197 0.016172296 0.15218867)
(-0.022957542 0.023327759 0.04127739)
(-0.035041555 0.022970054 0.073347369)
(-0.07879557 0.011078128 0.1891351)
(-0.0083423636 0.025060079 -0.010640429)
(-0.0072321128 0.023714416 -0.013628345)
(-0.008273546 0.022705176 -0.011001838)
(-0.012696517 0.022092999 -0.0083177097)
(-0.011894033 0.023584168 -0.0070568125)
(-0.0058588975 0.024370504 -0.012939795)
(-0.0096176934 0.024319964 -0.011531211)
(-0.015265404 -0.0064803858 0.033929537)
(-0.014482093 -0.012632054 0.10922418)
(-0.017495368 -0.0050894916 0.017577764)
(-0.015457501 -0.014450623 0.069180315)
(-0.017534474 -0.0042557032 0.017858476)
(-0.014763261 -0.0061198959 0.033622792)
(-0.015614712 -0.018992872 0.10711613)
(-0.014841483 -0.00081604578 -0.013731032)
(-0.016500961 -0.0046000054 -0.010366501)
(-0.014044161 -0.0012567448 -0.0072544759)
(-0.013721737 6.4891508e-05 -0.0098605309)
(-0.015810447 -0.0034051674 -0.01053865)
(-0.014965006 -0.00086365097 -0.014042757)
(-0.013580906 0.0012416526 -0.0093575649)
(-0.010221556 -0.024033276 0.040045064)
(-0.017768362 -0.076738882 0.17689897)
(-0.015588272 -0.06016705 0.13047681)
(-0.010741953 -0.013484458 0.018458745)
(-0.010797776 -0.01105958 0.014728633)
(-0.019082344 -0.071363923 0.17156807)
(-0.012790206 -0.027825197 0.048267118)
(-0.015321065 -0.0001270425 -0.012552458)
(-0.013806832 0.003631042 -0.0073791576)
(-0.015868617 -0.00069984612 -0.0096042338)
(-0.013743761 -0.00016550542 -0.0065732128)
(-0.0156091 -0.0026402711 -0.0098361022)
(-0.016063802 0.0021880912 -0.011829275)
(-0.013673246 0.0021917222 -0.0084778023)
(-0.019641248 -0.0070004776 0.016158395)
(-0.016256281 -0.0096355485 0.017626185)
(-0.015443143 -0.014548055 0.031903734)
(-0.01712534 -0.0035918764 0.0018484565)
(-0.020385817 0.0030786237 -0.0084710648)
(-0.019568118 0.00036837728 -0.0042192259)
(-0.018349088 -0.00027382119 -0.0046076637)
(-0.014323063 0.0013300217 -0.015870401)
(-0.013241703 0.0046040675 -0.010392681)
(-0.012789324 0.0021745126 -0.010800903)
(-0.014335233 0.0028972391 -0.017959715)
(-0.013531112 0.0018883105 -0.01640134)
(-0.013171055 0.0030069408 -0.010360324)
(-0.015462151 0.0038380409 -0.017500144)
(-0.18963777 -0.030299055 0.22343777)
(-0.17723744 -0.0020092973 0.16431524)
(-0.20257682 -0.02799509 0.20731899)
(-0.19784753 0.0097576204 0.23920595)
(-0.19263065 -0.019998101 0.2361909)
(-0.17963375 -0.030288223 0.17245024)
(-0.19346582 0.0044423599 0.22062058)
(-0.059960755 -0.17827108 0.21281889)
(-0.026029412 -0.17681979 0.16453173)
(-0.053150409 -0.19433139 0.19472994)
(-0.029665354 -0.18566835 0.21874478)
(-0.055175834 -0.17592963 0.2165042)
(-0.051075254 -0.17508274 0.16694286)
(-0.029988115 -0.18617204 0.21219469)
(-0.092400098 -0.054634796 0.28274124)
(-0.051252433 -0.021846994 0.2290101)
(-0.091164 0.01229361 0.350618)
(-0.046136962 -0.058355805 0.34179604)
(-0.10044338 -0.006412813 0.26889099)
(-0.049276505 -0.073245131 0.26432408)
(-0.077632579 -0.029584098 0.33649544)
(-0.13071383 -0.07272505 0.15827552)
(-0.11893582 -0.091820227 0.16162493)
(-0.14406508 -0.10812838 0.19010944)
(-0.11615971 -0.070618865 0.16231426)
(-0.080352779 -0.029034211 0.093764143)
(-0.098352625 -0.041573189 0.12234492)
(-0.094013359 -0.052624237 0.12647233)
(-0.11205066 -0.031498858 0.27706791)
(-0.066991293 0.0071118899 0.19906439)
(-0.11436426 0.01649598 0.26620056)
(-0.096406875 0.022866879 0.3429877)
(-0.12542807 0.0075327626 0.29624128)
(-0.098621696 -0.0085496094 0.2213016)
(-0.08238158 -0.01016414 0.29658713)
(0.0051901166 -0.0090282471 0.0057209923)
(-0.0019979537 -0.0076040106 0.0073823796)
(0.0010935337 -0.0055251911 0.002143193)
(0.0007629823 -0.0099714675 0.0016751906)
(0.0027475669 -0.0081308585 0.0015143632)
(0.0023718171 -0.0053247287 0.0067510743)
(0.0021241565 -0.011640811 0.0061476903)
(0.011313802 -0.0016188716 0.015252175)
(0.00630708 -0.018519516 0.02863836)
(0.011163721 0.0037405193 0.014115246)
(0.010983744 -0.0080830188 0.022706009)
(0.01303674 0.0021060376 0.014029918)
(0.0096177992 0.00028158718 0.015519437)
(0.005719811 -0.019053967 0.028458303)
(0.01203778 -0.017597711 0.011834673)
(-0.0096349334 -0.017081102 0.025396285)
(0.014458627 -0.019562734 0.010097233)
(0.0071747668 -0.019388265 0.017835302)
(0.01576603 -0.018176086 0.010732449)
(0.010188903 -0.018564065 0.011560019)
(-0.0058314208 -0.018855119 0.025126593)
(0.0069835776 -0.0059847018 0.0053236672)
(0.0047214595 -0.0040298269 0.0011073054)
(0.0027547501 -0.0036159974 0.0018193363)
(0.0061338849 -0.0001059821 0.0051282171)
(0.0040033194 -0.0060527679 0.0013193286)
(0.0078564731 -0.0032582417 0.0045006746)
(0.0047910866 -0.0025131249 0.0060202829)
(0.007352842 -0.011243142 0.0046443965)
(0.0051243156 -0.011104074 0.00022740549)
(0.0025338125 -0.01149905 0.00073710459)
(0.0074368416 -0.014627075 0.0028093951)
(0.0039812422 -0.0098406286 0.00085470241)
(0.0088835989 -0.012737238 0.0032846041)
(0.0052253909 -0.013562383 0.0045992188)
(-0.0045608862 0.0018996602 0.005582104)
(-0.0064122224 -0.0025182556 0.0063698543)
(-0.0010132227 -0.002444318 0.0021888227)
(-0.0075923974 -0.00020042432 0.00052830788)
(-0.00093575299 -0.0010173534 0.0066664167)
(-0.0035503951 3.5252817e-05 0.0015613648)
(-0.010538003 0.00099134817 0.0040672514)
(0.005922601 0.0051233248 0.014836865)
(0.0077138011 -0.016114924 0.028308775)
(0.0090215121 0.0058242734 0.01414862)
(0.0088852994 -0.00069510528 0.021523575)
(0.0068482292 0.007667635 0.01422585)
(0.0077245727 0.0028548572 0.015253556)
(0.0085364797 -0.011890562 0.027467671)
(-0.016812514 0.00058815855 0.009211218)
(-0.001025779 -0.0034905785 0.021172222)
(-0.022304979 -0.00091310916 0.0078582001)
(-0.010534198 -0.00090868896 0.015020641)
(-0.019921285 0.0014759534 0.0082024496)
(-0.019511681 -0.0013666065 0.0084518947)
(0.00049272078 -0.0036745281 0.02202155)
(-0.00099454271 0.0030239088 0.006137145)
(0.00023010414 0.001145619 0.0029282404)
(0.0011242621 -0.0011557382 0.0022485763)
(0.003855694 0.0025352294 0.0058635194)
(0.0021793925 0.00090408169 0.0063644036)
(-0.0011111435 0.00057220346 0.0023333675)
(0.00098036382 0.0038869709 0.0061793523)
(-0.0082158556 0.0025414038 0.0036612671)
(-0.0088915356 0.0016472443 -0.0010282954)
(-0.010234504 0.0015234257 -0.00097370093)
(-0.016094396 0.0014875251 0.00027102758)
(-0.0063297371 0.0013730105 0.00046725013)
(-0.011211997 0.0022132437 0.0013874465)
(-0.013927586 0.001832785 0.0021072307)
(-0.0019162238 0.010568533 0.013994189)
(-0.005127745 0.009322084 0.013017371)
(-0.0025744997 0.0088380474 0.013863569)
(-0.0041214732 0.0082648102 0.011981377)
(-0.0044540118 0.0087247131 0.01045933)
(-0.0028983263 0.0092598795 0.011629436)
(-0.006051153 0.0079855986 0.010417433)
(-0.0049826771 -0.012401075 0.0044025205)
(-0.0074937324 -0.0081887534 0.006593531)
(-0.0017277365 -0.010836564 0.0013017327)
(-0.00790778 -0.0069881941 0.0010403354)
(-0.0018198031 -0.01280284 0.0056024246)
(-0.0038633054 -0.010550202 0.00051345418)
(-0.011258655 -0.0077780339 0.0052548068)
(0.0074914625 -0.019617861 0.010642499)
(-0.011258447 -0.015006642 0.025119937)
(0.013320456 -0.020601627 0.0093671226)
(0.0020548912 -0.018842494 0.016126678)
(0.012505188 -0.021358995 0.0085626754)
(0.0085767024 -0.019230629 0.011163562)
(-0.010817183 -0.013763977 0.024224166)
(-0.013478866 -0.010348415 0.012667149)
(-0.016633051 0.0082538683 0.024937571)
(-0.014782553 -0.011872559 0.012171404)
(-0.014907515 -0.0042244628 0.019247493)
(-0.012078656 -0.012377009 0.012117223)
(-0.015827451 -0.0096121883 0.012528871)
(-0.0170054 0.0062781329 0.025233475)
(0.00028714558 -0.01491647 0.0028755756)
(0.0017021439 -0.013252414 -0.0012564893)
(0.00081536441 -0.012407547 0.00032503404)
(0.0055811351 -0.015671818 0.0019774944)
(0.002610272 -0.014863071 0.0039482985)
(-0.00072312617 -0.012430068 -0.00031843903)
(0.0037727773 -0.01581129 0.0010780498)
(-0.0058837256 -0.011484126 0.0033874251)
(-0.004276045 -0.0088583262 -0.00058423498)
(-0.008502735 -0.0063017789 0.00064473085)
(-0.0095542892 -0.0077312009 0.0039695343)
(-0.0046580648 -0.009690093 -0.00011713241)
(-0.0052482055 -0.010573188 0.0022193072)
(-0.011339153 -0.0077292762 0.0046357607)
(0.0077490569 -0.021980084 0.0062911891)
(0.0043838342 -0.020696598 0.0067134049)
(0.0040320111 -0.019933433 0.0079754503)
(0.0046393834 -0.020250457 0.0058757577)
(0.0065773684 -0.020815719 0.0029984319)
(0.0074126931 -0.021137221 0.0039448352)
(0.004425522 -0.020242778 0.0044034334)
(-0.019447797 -0.0017723857 0.0031942266)
(-0.012849715 -0.0029054429 0.0053877991)
(-0.011808292 0.00025765891 -0.00017490404)
(-0.011522912 -0.0028311254 0.00076234416)
(-0.0141439 0.00012852964 -0.00017185594)
(-0.016970977 0.00015400931 0.002987194)
(-0.016386215 -0.0035724515 0.0045775548)
(-0.024750896 -0.0059270972 0.0069052752)
(-0.0038052691 -0.0025526272 0.019878789)
(-0.024802879 -0.0033542957 0.0072647841)
(-0.017158575 -0.0044964299 0.011436358)
(-0.026582447 -0.0059418246 0.0062301541)
(-0.0073524975 -0.0025254962 0.018107033)
(-0.022544011 -0.0035972356 0.0076681639)
(-0.01923718 -0.010595672 0.01145975)
(-0.015663839 0.0076451475 0.024107561)
(-0.017044851 -0.012201964 0.011917937)
(-0.017820585 -0.0045565409 0.016161726)
(-0.018865405 -0.012873029 0.011291018)
(-0.015322616 0.0052379046 0.022321781)
(-0.017786113 -0.0098709208 0.01203299)
(-0.020626699 -0.0019546073 0.0023966701)
(-0.016310506 0.00053999105 -0.00024943998)
(-0.013917718 0.0017845215 -0.0013658454)
(-0.019963861 -0.00027894288 0.00045402903)
(-0.015588678 0.00099773594 -0.0003962794)
(-0.019260634 0.00042448278 0.0010338982)
(-0.020802448 -0.0025533935 0.0017838745)
(-0.017777642 -0.0037093967 0.0047131952)
(-0.012006387 -0.0018967079 0.0022995414)
(-0.011636516 -0.002834861 0.0010255856)
(-0.012849612 -0.0056574607 0.0049975336)
(-0.013785668 -0.00069291228 0.0010721848)
(-0.015421863 -0.0047804583 0.0046856674)
(-0.015140559 -0.0049459102 0.0054169227)
(-0.024410733 -0.012275318 0.0071331707)
(-0.023228836 -0.013027411 0.0083137264)
(-0.02355706 -0.012419041 0.0075183304)
(-0.023589817 -0.011993986 0.007404047)
(-0.022946785 -0.011707006 0.0068740462)
(-0.023987917 -0.011607354 0.0064664369)
(-0.022662357 -0.01222519 0.0076127017)
(0.023443762 0.012189201 0.027365578)
(0.016225795 -0.029556963 0.10414288)
(0.021515097 0.015561984 0.017720476)
(0.018615727 -0.0073121993 0.062536232)
(0.022884683 0.014489118 0.016023217)
(0.021900489 0.012849786 0.029839051)
(0.016223655 -0.02551376 0.097787283)
(0.024812843 0.0085931898 0.00092863618)
(0.027055607 0.0096835925 0.0023894792)
(0.022644543 0.010505274 0.001095799)
(0.024282376 0.0089087461 0.00047515481)
(0.022581311 0.0089627299 0.00064996821)
(0.025237148 0.0097577415 0.0014961357)
(0.026096121 0.0080818217 0.0020983478)
(0.024572724 0.0015991705 0.033917253)
(0.022900245 0.00086558791 0.1229893)
(0.022689333 0.00029606883 0.071211527)
(0.02709188 -0.00066994892 0.023264131)
(0.026520369 0.0011186698 0.019036725)
(0.021925157 -0.00461371 0.11412749)
(0.024225474 -0.00017601549 0.039826627)
(0.023091588 0.009740724 0.0011847662)
(0.019007685 0.0084665006 0.0021834209)
(0.020627048 0.01186525 0.0031750128)
(0.020401486 0.010733172 0.0019135973)
(0.021070611 0.0097953703 0.002119057)
(0.020646987 0.0091320594 0.0013263218)
(0.022954056 0.011415489 0.0019846717)
(0.02559189 0.0043814346 0.012521174)
(0.025895366 0.0030899226 0.011312743)
(0.025543012 0.0027231979 0.021244788)
(0.025463031 0.0055574247 0.0056869993)
(0.02454796 0.0047613193 0.003120052)
(0.024734095 0.0060676531 0.0041209061)
(0.025252222 0.0045480131 0.0037773919)
(0.024250902 0.0071673996 0.00052593277)
(0.021910137 0.0062927644 -0.00027960995)
(0.023867267 0.0078017563 0.00011008686)
(0.024967807 0.0053905823 0.0011519971)
(0.022345486 0.0075105265 0.00016214944)
(0.023632797 0.0056179229 0.00036019649)
(0.025416792 0.0068920242 0.0015476827)
(0.020492753 0.016098714 0.027261377)
(0.017758727 -0.029512513 0.10489741)
(0.020867475 0.016289408 0.018417414)
(0.018185063 -0.0040487338 0.063415707)
(0.02051426 0.01732206 0.017601505)
(0.021029395 0.013800772 0.0302513)
(0.018435384 -0.022091542 0.097710546)
(0.023343509 0.01553659 0.0024822366)
(0.027357287 0.012639797 0.0023138803)
(0.02233271 0.012481366 0.0017037084)
(0.023851811 0.013897261 0.0013549847)
(0.024750171 0.012882904 0.0019090358)
(0.021691701 0.013843819 0.0021338873)
(0.026294568 0.015372048 0.0022791244)
(0.024293001 0.019734795 0.038895055)
(0.017187145 0.017125502 0.12339438)
(0.021289765 0.020624582 0.075277796)
(0.023524566 0.020904559 0.028431428)
(0.022741499 0.021256211 0.024388778)
(0.018089069 0.013518707 0.11258065)
(0.024866639 0.019561148 0.045076996)
(0.020843189 0.014692308 0.0036844187)
(0.017111749 0.012488649 0.0040027145)
(0.019673121 0.01332683 0.0042059471)
(0.019805206 0.012373824 0.0026152474)
(0.022110925 0.012822687 0.0029958412)
(0.01849976 0.014443305 0.0048622633)
(0.019101975 0.013547055 0.0030900408)
(0.021929395 0.01723647 0.0026738849)
(0.019427504 0.01556845 0.002134944)
(0.022650148 0.015185436 0.0014206369)
(0.022879168 0.018970733 0.0018324451)
(0.020586753 0.014850212 0.0022814924)
(0.020484513 0.018236576 0.0027006132)
(0.024633448 0.017728737 0.0020477351)
(0.021215756 -0.021508569 0.01656097)
(-0.02171846 -0.019879907 0.092168276)
(0.0030867046 -0.021195552 0.051879823)
(0.022306478 -0.021660962 0.0077057948)
(0.022892746 -0.021787661 0.0079100963)
(-0.014173828 -0.021078131 0.085441588)
(0.019929239 -0.021567953 0.017482327)
(0.021387284 -0.025595032 0.036087784)
(0.019149859 -0.01988899 0.11800652)
(0.022978423 -0.023158826 0.070750055)
(0.022471923 -0.024562454 0.027978451)
(0.022947253 -0.02388209 0.023921412)
(0.016617057 -0.020611848 0.10599376)
(0.020926327 -0.026101961 0.04229129)
(0.019018679 -0.023852186 0.001040525)
(0.016031014 -0.023944051 -0.0020824086)
(0.017253923 -0.023814714 0.00131624)
(0.018241831 -0.024345803 0.0054779161)
(0.018841477 -0.023540813 0.005025692)
(0.01712059 -0.023520279 -0.0028817075)
(0.018827897 -0.02468914 0.0021185223)
(0.020200293 -0.022912801 0.0020416644)
(0.018911612 -0.021772607 0.0046781418)
(0.019344877 -0.022890145 -0.00042829915)
(0.018201518 -0.023315392 0.0016624514)
(0.020293123 -0.021974788 0.003046308)
(0.019361914 -0.022579655 0.0048449427)
(0.018477586 -0.023350242 -0.0019461859)
(0.020959901 -0.023258207 0.0050232407)
(0.020656854 -0.020521619 0.010539197)
(0.022356404 -0.023217089 0.0095526795)
(0.019899402 -0.023370939 0.0092159805)
(0.021972019 -0.021569896 0.0085129813)
(0.020073334 -0.022300913 0.0083863208)
(0.021171256 -0.024607981 0.0060659201)
(0.013300684 -0.018695689 0.03981728)
(0.016668924 0.0056099192 0.0063025681)
(0.019547656 0.0022392181 0.007529131)
(0.020635852 0.0041251023 0.0061412019)
(0.023861252 0.0018214939 0.0088129659)
(0.019279201 0.0054344502 0.008580144)
(0.020643267 0.007707368 0.0063643077)
(0.0071435848 -0.065807957 0.11058572)
(0.018013684 -0.010420644 0.05348147)
(0.012845289 -0.039234654 0.096414873)
(0.0049065868 -0.081271948 0.1268042)
(0.018910776 -0.01113786 0.052647748)
(0.0087907872 -0.065636883 0.10573115)
(0.0012255773 -0.077509861 0.12835379)
(0.01793271 -0.011131578 0.019871199)
(0.014619041 -0.016710459 0.022796012)
(0.02461793 -0.0026888542 0.0099043333)
(0.021578926 -0.0062795925 0.01345798)
(0.022335823 -0.0072571539 0.014097246)
(0.02333712 -0.0015736738 0.011794412)
(0.0038524928 -0.027258044 0.035767969)
(0.021121275 -0.0089472357 0.034220704)
(0.019443483 -0.012643958 0.044203561)
(0.026363765 0.0044368663 0.0072018388)
(0.025638452 0.0015271677 0.021941837)
(0.024769131 -0.0013142052 0.019729359)
(0.025977802 0.0048240576 0.011111067)
(0.012458913 -0.026017563 0.069084035)
(0.0004344832 -0.0229784 0.034332341)
(0.021355446 -0.016213731 0.0047588484)
(0.023039204 -0.01256839 0.0067988493)
(0.023868853 -0.014446648 0.0054559688)
(0.025749624 -0.013246229 0.0069457343)
(0.024442606 -0.015659897 0.005735799)
(0.024990487 -0.01720624 0.003474616)
(0.017252461 -0.015902802 0.016319095)
(0.013467786 -0.017684119 0.021754611)
(0.025141499 -0.009059304 0.0097673785)
(0.021898703 -0.012364797 0.011797219)
(0.02234284 -0.011838542 0.0127583)
(0.0245764 -0.011401754 0.01028174)
(-1.4943836e-05 -0.025122914 0.033413145)
(0.015755733 -0.019334495 0.027922408)
(0.012565702 -0.019923792 0.039960849)
(0.02659237 -0.016025039 0.0074218581)
(0.023040606 -0.018615203 0.019267716)
(0.022604894 -0.016661053 0.017443877)
(0.026037624 -0.01744077 0.0094724896)
(-0.0032290123 -0.024911366 0.062984476)
(-0.034601485 -0.049126183 0.053574466)
(-0.0033123047 -0.030435682 0.039264844)
(0.015511647 -0.014210898 0.01917584)
(0.01478487 -0.015784054 0.017757152)
(0.0042324562 -0.022871434 0.029686009)
(-0.020413739 -0.046434151 0.053534879)
(-0.026416269 -0.041715455 0.052476255)
(0.018905899 -0.016055592 0.061039263)
(0.023568697 -0.0071054802 0.0068709567)
(0.024338486 -0.0044715815 0.0054556484)
(0.024512666 -0.0092837505 0.0067314421)
(0.026902668 -0.0077945363 0.0099693903)
(0.026341059 -0.0053794202 0.0065815868)
(0.026221724 -0.010734298 0.0083412343)
(0.022696738 -0.0087156607 0.036604951)
(0.021521981 -0.010684938 0.041462725)
(0.026825656 0.00026693297 0.0067123547)
(0.026510366 -0.0026057685 0.022933554)
(0.026321654 -0.0047090779 0.020852115)
(0.026809911 -0.00050968398 0.010815258)
(0.015711485 -0.022553798 0.074150382)
(0.019445786 -0.018272197 0.036787379)
(0.016508416 -0.018832919 0.039051298)
(0.026513906 -0.015330776 0.0092031628)
(0.023857014 -0.017944721 0.022755115)
(0.023871644 -0.01556564 0.020471859)
(0.025774516 -0.016629671 0.013462659)
(0.004376513 -0.021531685 0.069123823)
(-0.0094090845 -0.061114767 0.14287756)
(0.011290431 -0.026764381 0.079572605)
(0.021720806 -0.010483323 0.049833819)
(0.023172982 -0.0066219069 0.045627132)
(0.016568882 -0.020050097 0.077969147)
(-0.003358265 -0.056700036 0.12560824)
(0.00016744892 -0.044395514 0.12406721)
(-0.050465649 -0.03262197 0.14096848)
(-0.0048745863 -0.025405874 0.077482141)
(0.014797832 -0.019232947 0.042269403)
(0.018105513 -0.018388937 0.042278486)
(0.0023596361 -0.021581889 0.070973127)
(-0.038572467 -0.032413873 0.11960583)
(-0.02683313 -0.029936764 0.12029162)
(0.042768891 -0.039751845 0.052937394)
(0.021063044 -0.012489593 0.039667688)
(0.0041046985 0.0051421095 0.019161103)
(0.0020039435 0.0048268587 0.018613677)
(0.033865262 -0.033337017 0.05288472)
(0.01107115 -0.004790628 0.028918715)
(0.038207131 -0.027819316 0.052226899)
(0.010603669 0.0047616259 0.035681042)
(-0.014754534 0.012767217 0.0022822814)
(-0.010404569 0.013992917 0.0050573278)
(-0.0097865264 0.0183461 0.0036371684)
(-0.014757186 0.012978169 0.0048302234)
(-0.0075361087 0.018838728 0.0066552785)
(-0.014009467 0.017598128 0.0031364457)
(0.0013334629 0.0069939065 0.018182234)
(0.0073205682 0.0036516176 0.023279752)
(-0.0066850559 0.013769551 0.0098340064)
(-0.0045406588 0.0097508204 0.012845394)
(-0.0081754761 0.011878538 0.010733404)
(-0.0016747381 0.011689434 0.013981665)
(0.017164886 -0.0063012213 0.034703576)
(0.0061633153 0.017493938 0.032768837)
(0.011482555 0.016156838 0.044162023)
(-0.0056429903 0.025896713 0.0059737912)
(-0.0026290411 0.024170176 0.021333256)
(-0.00025583501 0.022558883 0.018809892)
(-0.0064410916 0.024915014 0.0098875954)
(0.023187996 0.0074774859 0.067895458)
(0.029039613 -0.053209709 0.14372086)
(0.021421689 -0.0096928936 0.081497331)
(0.016137214 0.0091967117 0.049259021)
(0.015307341 0.014201381 0.047516115)
(0.028861264 -0.043532603 0.1241511)
(0.018770863 -0.0032304066 0.078743216)
(0.025985567 -0.030768428 0.1239445)
(0.015233062 0.01724778 0.061149424)
(0.0087309799 0.024742512 0.0022690191)
(0.0094910538 0.024400464 0.0041141557)
(0.0053766987 0.025306438 0.0030241833)
(0.011030947 0.026509174 0.0044290304)
(0.0076634454 0.026436399 0.0088569095)
(0.006726325 0.02784802 0.0032034713)
(0.015459821 0.016656769 0.038850858)
(0.015556625 0.01257436 0.042396291)
(0.013352603 0.024319479 0.010185144)
(0.015279804 0.021223182 0.025362894)
(0.014730439 0.023949283 0.014318536)
(0.012930187 0.020904305 0.02259446)
(0.018018942 0.00025006078 0.072741424)
(0.0077859557 0.021675643 0.036347645)
(0.0092529471 0.019126749 0.041653244)
(-0.00014810204 0.027536277 0.0058193523)
(0.0022825734 0.026614651 0.022109244)
(0.0040464428 0.025490457 0.020629552)
(0.00076816895 0.027729498 0.010003277)
(0.020211989 0.012966627 0.073357379)
(0.060471922 -0.015620029 0.14379781)
(0.02479536 0.0069925159 0.080023215)
(0.0089778324 0.019362 0.050186578)
(0.0059093189 0.022845473 0.045444512)
(0.054738972 -0.010038319 0.12547237)
(0.041926987 -0.0042115199 0.12362959)
(0.020640857 0.012851846 0.08058207)
(-0.013228181 0.021026028 0.025473456)
(0.026369285 0.0099774721 0.09995241)
(0.0042881869 0.014698241 0.059338572)
(-0.016166845 0.019173171 0.016990649)
(-0.014990701 0.020562229 0.01539918)
(0.021634756 0.010775347 0.09361725)
(-0.013624789 0.019493441 0.02811694)
(-8.0354993e-05 0.025142608 0.035303377)
(-0.00045471424 0.021301122 0.12675416)
(-0.00054674209 0.022172695 0.069602706)
(0.0015044852 0.028057732 0.021423227)
(-6.7591269e-05 0.027625637 0.017324865)
(0.0058638133 0.020148259 0.11790408)
(0.0012225757 0.024543161 0.041332382)
(-0.0078103809 0.024553485 -0.0018677608)
(-0.0081334718 0.025627408 -0.0032551926)
(-0.0077634879 0.021116414 -0.0051378688)
(-0.0034947353 0.022526134 -0.0063518673)
(-0.0058165124 0.021317955 -0.0045250148)
(-0.010653068 0.024105175 -0.0019218912)
(-0.005663247 0.0256623 -0.00336911)
(-0.0094224702 0.02246601 -0.0010452597)
(-0.0099909889 0.017146662 -0.0030064291)
(-0.013351622 0.018726606 -0.00056152638)
(-0.0099946678 0.018673295 -0.0038259266)
(-0.011110889 0.019894338 -0.00066833769)
(-0.0082248158 0.019255658 -0.0034642611)
(-0.012002287 0.021618739 -0.0010890272)
(-0.0050210014 0.024240511 -0.0016617106)
(-0.0020388875 0.020823694 -0.0032232881)
(-0.00082467433 0.024421135 -0.0026306519)
(-0.0015756767 0.022040415 -0.005289808)
(-0.0024375462 0.023676659 -0.0014298698)
(-0.003820768 0.021184822 -0.0038216513)
(-0.0031673587 0.025207104 -0.0031555676)
(0.018640809 -0.021575734 0.012494965)
(-0.021706229 -0.018013829 0.090579785)
(0.021632809 -0.021309246 0.0062133096)
(0.0012143247 -0.019045424 0.048374174)
(0.020562943 -0.021476144 0.0035308759)
(0.019064853 -0.021323195 0.015979224)
(-0.016085359 -0.017068001 0.082277242)
(0.013281861 -0.022290466 -0.010030279)
(0.013363607 -0.022983629 -0.006202907)
(0.015328505 -0.023540596 -0.0031617667)
(0.011656067 -0.022885398 -0.0074456651)
(0.015653567 -0.022835482 -0.0065045256)
(0.013089861 -0.022980949 -0.0071953999)
(0.011108468 -0.022253658 -0.0096018189)
(0.0039523706 -0.020549492 0.022108532)
(0.0044610322 -0.018005157 0.10839422)
(0.0044233201 -0.018672327 0.056664555)
(0.00152884 -0.023508444 0.012386378)
(0.0036990375 -0.02368004 0.0074998173)
(4.2704031e-05 -0.017650746 0.099864223)
(0.0017531367 -0.019978339 0.028919504)
(0.015097985 -0.022682945 -0.0093638119)
(0.014916095 -0.023462162 -0.0053210906)
(0.017901418 -0.023217437 -0.0041469233)
(0.016397883 -0.0235108 -0.0024574736)
(0.016840136 -0.023094552 -0.0056913824)
(0.016130674 -0.023135225 -0.0078649652)
(0.014417989 -0.023287823 -0.0062985546)
(0.010595021 -0.021875122 -0.012219154)
(0.0081693388 -0.021711941 -0.013303422)
(0.0090739898 -0.022088827 -0.011158502)
(0.0058729609 -0.022226266 -0.012482864)
(0.010578341 -0.022209029 -0.010997757)
(0.0078440146 -0.022035567 -0.013376756)
(0.0088259969 -0.021877779 -0.011565701)
(-0.043697391 0.03438065 0.051492744)
(-0.017685368 0.003423059 0.033116594)
(0.0013088553 -0.016557337 0.011201587)
(-0.0020346433 -0.013789736 0.012623316)
(-0.037219308 0.020014346 0.048824385)
(-0.010236059 -0.004618024 0.023836603)
(-0.033454934 0.027474631 0.049977122)
(-0.017451559 0.0071750061 0.039058806)
(-0.0060608133 -0.016620933 0.0030592186)
(-0.00061630402 -0.020092278 0.0013105701)
(-0.0064382319 -0.020752014 0.0021120975)
(-0.0055851037 -0.018910485 0.0045875658)
(-0.0043425743 -0.022069343 0.0035598483)
(-0.01123903 -0.020009275 0.0043792895)
(-0.0035699927 -0.013734391 0.012301725)
(-0.0039296002 -0.011794551 0.014920112)
(0.0013436392 -0.019531082 0.0073041503)
(0.005292322 -0.023777245 0.0025866475)
(0.0020982036 -0.021903097 0.0054233776)
(0.0017311059 -0.020023218 0.0064849105)
(-0.013513853 0.0021979821 0.029318998)
(-0.016789741 -0.0099179562 0.032486872)
(-0.017190528 -0.0074401728 0.043898212)
(-0.014135266 -0.024422647 0.0069341157)
(-0.017587049 -0.019277798 0.0231256)
(-0.013557643 -0.018966837 0.018674039)
(-0.015885202 -0.022851109 0.011506942)
(-0.022408648 0.0097851988 0.069181179)
(-0.057651699 0.011091806 0.13377528)
(-0.01624008 -0.010713023 0.063638264)
(-4.1608773e-05 -0.020492521 0.034608424)
(0.0015134701 -0.022659342 0.029866485)
(-0.04975874 0.0050977996 0.11362631)
(-0.012634604 -0.014975573 0.064611585)
(-0.037357101 0.0012807667 0.1109991)
(-0.011619339 -0.017409111 0.052951034)
(-0.0066510661 -0.027238803 -0.0049722603)
(-0.00038682112 -0.02765815 -0.00675255)
(-0.0071147538 -0.027564412 -0.0028353318)
(-0.0035689295 -0.029374536 -0.0048994678)
(-0.0035755694 -0.028604891 -0.0001094224)
(-0.010316766 -0.028909694 -0.00058144455)
(-0.00060554955 -0.021962249 0.020951742)
(-0.0017323553 -0.020697454 0.027111968)
(0.0071080024 -0.027356428 -0.0069647863)
(0.0043145087 -0.025370011 0.0084304468)
(0.0054846234 -0.026808081 -0.0023086594)
(0.0032724339 -0.02611046 0.0063175123)
(-0.013604277 -0.014428266 0.058394054)
(-0.015552945 -0.017186856 0.036962844)
(-0.016395228 -0.012880281 0.041189397)
(-0.014103791 -0.026146086 0.0069554627)
(-0.017520018 -0.021737631 0.024344204)
(-0.012821302 -0.022330285 0.019280578)
(-0.0158443 -0.02523681 0.012279368)
(-0.018825822 0.00051494358 0.072792019)
(-0.028972188 0.053329512 0.14466265)
(-0.022623262 0.010649766 0.08254574)
(-0.01862579 -0.008776484 0.048462058)
(-0.018429032 -0.013947308 0.046584198)
(-0.029607744 0.044652415 0.12542879)
(-0.026430079 0.031959598 0.12480668)
(-0.020865259 0.0024801399 0.078102746)
(-0.0029480111 0.0021667902 0.026920851)
(-0.022104421 -0.0019085241 0.0014274904)
(-0.023043753 -0.0065509844 0.0021410418)
(-0.022057671 -0.002441492 0.0013629205)
(-0.023325772 0.00053585632 0.0013911357)
(-0.024575212 -0.0045589049 0.0022626974)
(-0.023331275 -0.0058885881 0.0011832724)
(-0.018298052 -0.0073382838 0.0072983557)
(-0.014728926 -0.0048379217 0.010687134)
(-0.024089305 -0.010803435 0.00496567)
(-0.025206336 -0.011867043 0.0039178039)
(-0.025475889 -0.010892783 0.0044168177)
(-0.021745903 -0.0096541159 0.0053938943)
(-0.0043287574 0.0019380464 0.020316288)
(-0.011610864 0.0031311673 0.024116407)
(-0.0075421408 0.0033912632 0.035172341)
(-0.022548986 0.0012295948 0.0046053898)
(-0.019101199 0.0038894761 0.017053921)
(-0.021856319 0.0028695139 0.0078802976)
(-0.018422977 0.00025264827 0.012656575)
(0.0060624549 0.0082049495 0.056583286)
(-0.01524532 0.0054062539 0.028842249)
(-0.018996744 -0.012374678 0.0097414027)
(-0.02055056 -0.012710516 0.0086350644)
(-0.02075422 -0.012286212 0.0080021087)
(-0.021195576 -0.013795043 0.0085217692)
(-0.02048468 -0.013724569 0.0093809571)
(-0.021918317 -0.012792337 0.0063842983)
(-0.018242365 -0.0075265852 0.010432066)
(-0.015722612 -0.0047050625 0.011430337)
(-0.021963001 -0.012975447 0.006943185)
(-0.02343287 -0.014023005 0.0059223109)
(-0.022558827 -0.01428953 0.007507)
(-0.020780175 -0.010964324 0.0073555372)
(-0.0075216542 0.0059453486 0.022571706)
(-0.017797384 -0.0022378637 0.025026426)
(-0.015448163 0.00024736381 0.032102435)
(-0.021065058 -0.012585582 0.0048691243)
(-0.020114327 -0.010629512 0.015334285)
(-0.021108473 -0.012219965 0.0086542907)
(-0.019583373 -0.0090381169 0.012984578)
(-0.010714806 0.013621323 0.054844284)
(0.053125942 0.020490468 0.13605794)
(0.0084244972 0.0090766157 0.070210442)
(-0.0097580627 0.0046741245 0.040645384)
(-0.012597816 0.0035375385 0.039632642)
(0.042054671 0.018555892 0.11435721)
(0.030599707 0.01541519 0.11459161)
(0.0029443191 0.0067617668 0.069032758)
(0.011326604 0.054775109 0.13306824)
(-0.0080549125 0.014400557 0.064556301)
(-0.016764076 -3.1425355e-05 0.038496242)
(-0.016205812 -0.0039017413 0.034290894)
(0.0056716362 0.047823102 0.11270789)
(0.0028799027 0.033924739 0.11058941)
(-0.012487388 0.0092352006 0.064142423)
(-0.011526318 0.0018630316 0.04799594)
(-0.018652547 -0.00083750323 -0.0027993351)
(-0.019518249 -0.0024778077 0.0001521296)
(-0.018421551 -0.0056534132 -0.0004604156)
(-0.019716142 -0.0052726881 0.0023499663)
(-0.020875141 -0.00056105098 0.00030050718)
(-0.019735585 -0.0044062833 -0.0014285221)
(-0.012590746 0.0025516442 0.030795411)
(-0.010687484 0.002840994 0.032825578)
(-0.021019616 0.00092377881 0.0052632193)
(-0.017593441 0.0032036941 0.01961288)
(-0.016924789 -0.00040820601 0.015305574)
(-0.019872929 0.0021838672 0.010113501)
(0.0018315874 0.0058655815 0.062848971)
(-0.015131003 -0.0033496337 0.025659409)
(-0.015411409 -0.0013528461 0.029965773)
(-0.019289451 -0.0097071758 0.0026665005)
(-0.017723638 -0.0070347676 0.015551668)
(-0.018589577 -0.0064762837 0.012741241)
(-0.018396488 -0.00879333 0.0058459939)
(-0.010223534 0.010035145 0.060109759)
(-0.017246587 0.017204097 0.025101513)
(0.025543711 0.010617696 0.099645681)
(-0.017449077 0.0182012 0.016997869)
(-9.6762419e-05 0.011940924 0.057510582)
(-0.018948646 0.016953992 0.015604771)
(-0.014940794 0.018464349 0.028118947)
(0.017492886 0.010872562 0.091271242)
(-0.014884693 0.021117028 -0.0020756786)
(-0.010512441 0.024962002 -0.003051145)
(-0.0095745863 0.020328975 -0.0057437004)
(-0.0091509659 0.02165497 -0.0080656938)
(-0.012789372 0.023673589 -0.0033834682)
(-0.013046189 0.022909124 -0.0018542497)
(-0.01106158 0.019229489 -0.0062756391)
(-0.017302001 0.014388128 0.04031939)
(-0.013240785 0.0057768682 0.1211819)
(-0.016412098 0.0099125391 0.073694295)
(-0.018308323 0.014122175 0.031359129)
(-0.018699492 0.013397679 0.026794622)
(-0.016853063 0.015150393 0.047114125)
(-0.0091599278 0.0068175584 0.11133031)
(-0.01576139 0.018091769 -0.0014214763)
(-0.013906102 0.013450039 -0.0041716486)
(-0.015308403 0.01689575 -0.00065085718)
(-0.011590228 0.017490878 -0.0043695504)
(-0.016481416 0.014697817 -0.00095374864)
(-0.01438074 0.020101718 -0.0011746648)
(-0.012717492 0.016146004 -0.0048967171)
(-0.016099873 0.018861457 -0.002759007)
(-0.012834403 0.016115388 -0.0083131888)
(-0.01057528 0.020299847 -0.0089336792)
(-0.015325317 0.019590694 -0.0057326475)
(-0.014732932 0.021719736 -0.0044025936)
(-0.012188015 0.017619417 -0.007233017)
(-0.016607863 0.016519322 -0.0039322069)
(-0.022150042 -0.017293239 0.025415842)
(-0.021516966 0.025194136 0.099065443)
(-0.02256271 0.00246279 0.061571991)
(-0.021683419 -0.017593395 0.01732134)
(-0.022052412 -0.018221392 0.017220315)
(-0.022963995 0.019562309 0.094828172)
(-0.021838113 -0.01617461 0.02645024)
(-0.022243731 -0.019286899 0.040819182)
(-0.016433925 -0.01625609 0.12912168)
(-0.020132934 -0.020706614 0.077537395)
(-0.019608003 -0.01994096 0.028942075)
(-0.019828258 -0.020703997 0.024578634)
(-0.017735423 -0.012815929 0.1178462)
(-0.022137818 -0.018636446 0.047723237)
(-0.018883904 -0.014773484 -0.00044498705)
(-0.017498383 -0.010215949 -0.0053376627)
(-0.017528708 -0.0089847982 -0.00014834142)
(-0.016956656 -0.008676807 -0.0031016544)
(-0.018180282 -0.010727645 0.00028118552)
(-0.018340318 -0.013066204 -0.0012971119)
(-0.01775408 -0.012196824 -0.0044125327)
(-0.019957003 -0.022550109 0.013116417)
(-0.019783573 -0.023018818 0.014276193)
(-0.021527162 -0.020631045 0.023354458)
(-0.020883472 -0.022480695 0.0081568768)
(-0.018260945 -0.023420271 0.0048274419)
(-0.019910239 -0.022861323 0.006156315)
(-0.019368376 -0.0235074 0.0059214871)
(-0.020250384 -0.015670243 0.0032593734)
(-0.019420821 -0.013904093 0.0051615491)
(-0.020608263 -0.01468485 0.0058944515)
(-0.019233525 -0.011038876 0.0036418329)
(-0.020437133 -0.016162235 0.0056829193)
(-0.019542191 -0.012683233 0.003624964)
(-0.019726212 -0.014230688 0.002831406)
(-0.019121912 -0.016330113 2.1144047e-05)
(-0.01829061 -0.0143815 0.00052725791)
(-0.017663339 -0.015662835 -0.0028716681)
(-0.017444679 -0.010639971 -0.0021196389)
(-0.018883969 -0.017742943 0.00027227973)
(-0.018478389 -0.012660824 0.00058665953)
(-0.017787848 -0.013977038 -0.0035190346)
(-0.021318551 -0.015447021 0.022598424)
(-0.01908499 0.024342208 0.096125183)
(-0.019672685 0.0023095062 0.05527616)
(-0.021255202 -0.017396597 0.016082945)
(-0.02152563 -0.016708195 0.014251422)
(-0.018009787 0.019615414 0.088598526)
(-0.021346501 -0.015869885 0.024941407)
(-0.01534962 -0.0071684934 0.025166045)
(-0.014150764 -0.0073289861 0.10564979)
(-0.013268095 -0.0078010108 0.057865229)
(-0.017393285 -0.0052583155 0.01529448)
(-0.017252908 -0.0069910876 0.011704774)
(-0.014807025 -0.0055833672 0.030462989)
(-0.014010095 -0.0031547857 0.097535792)
(-0.016696606 -0.0090269562 -0.0029188583)
(-0.016962381 -0.0083113337 -0.0064175266)
(-0.016592564 -0.0071239824 -0.00054883827)
(-0.014582621 -0.0035181632 -0.00420294)
(-0.016152215 -0.00666331 -0.0070722723)
(-0.017606789 -0.011157465 -0.0022708042)
(-0.015637201 -0.0055693693 -0.00068395775)
(-0.019467711 -0.01119872 0.009260038)
(-0.018472998 -0.010539004 0.0071448162)
(-0.018472724 -0.010101711 0.015051399)
(-0.018824353 -0.011208053 0.0038116198)
(-0.018821382 -0.011023783 0.002270769)
(-0.019245288 -0.0116603 0.0037936945)
(-0.018524592 -0.010812249 0.0016680699)
(-0.017859298 -0.0099246734 0.0013323443)
(-0.018680842 -0.0092890045 0.0056392678)
(-0.020249877 -0.012937786 0.0056214594)
(-0.018403528 -0.0092007759 0.0033579342)
(-0.019356368 -0.011074283 0.0049795532)
(-0.018918472 -0.012149136 0.0020764024)
(-0.01737808 -0.0075242455 0.0030134693)
(-0.015780305 -0.0069625699 -0.0031650489)
(-0.013861803 -0.0027100465 -0.0009346531)
(-0.015393222 -0.0033174969 -0.0067470391)
(-0.013940525 -0.0021914116 -0.0039404371)
(-0.015622059 -0.0052571752 -0.00703572)
(-0.015115148 -0.0051830003 -0.0033077303)
(-0.014641567 -0.0040393538 -0.00079329319)
(0.029103901 0.010144959 0.0050815924)
(0.028718793 0.0090228941 0.0037500509)
(0.026262609 0.0086703563 0.00081964709)
(0.028489371 0.010172868 0.0011328457)
(0.02727033 0.0085410869 0.0039613628)
(0.028320226 0.0092135964 0.00094983135)
(0.030040953 0.010674435 0.0049439498)
(0.026284032 0.00091905169 0.044100022)
(0.023974554 0.0077666976 0.12501831)
(0.028015336 -0.00068949144 0.025985482)
(0.025256888 0.0086675828 0.081543937)
(0.029357307 -0.00010438783 0.027193507)
(0.024777983 -1.7173201e-05 0.043346215)
(0.025527339 0.01441838 0.12188898)
(0.029593701 0.030133429 0.067631972)
(0.026714781 0.079974867 0.19493307)
(0.032289638 0.024793277 0.049813624)
(0.031613638 0.06407117 0.15143488)
(0.032667495 0.020018185 0.045516971)
(0.031328337 0.034441345 0.076017563)
(0.029816269 0.074580516 0.18775459)
(0.029269406 0.0074575102 0.0042001545)
(0.027306598 0.006653245 0.0002226166)
(0.025861034 0.0076850999 0.00039320422)
(0.026762535 0.0049446959 0.002496373)
(0.026956076 0.0068744588 0.0031489035)
(0.027984753 0.0080627199 0.0005568945)
(0.029018566 0.0049465273 0.0036042759)
(0.031917372 0.011548112 0.0054341737)
(0.033407215 0.010878636 0.00041665579)
(0.030923754 0.011392258 0.000910721)
(0.034751401 0.014880219 0.0052644176)
(0.03098058 0.01012114 0.00079597873)
(0.035508954 0.011479185 0.0052235167)
(0.031544202 0.013741155 0.0057387076)
(0.038930421 0.0050698289 0.03455008)
(0.039379764 0.0086080142 0.037628557)
(0.035903559 0.011907619 0.050129818)
(0.038348137 0.0044086169 0.022296746)
(0.040587625 0.00066074592 0.014870202)
(0.038727982 0.0013817133 0.017363165)
(0.040635226 0.00352721 0.018185907)
(0.030315751 0.014684238 0.0025886588)
(0.029442681 0.011686049 0.0033455449)
(0.026095124 0.013903729 0.00094115673)
(0.028423487 0.012173623 0.00093423194)
(0.027913618 0.014227399 0.00061400926)
(0.028473476 0.014610302 0.0027596187)
(0.030997966 0.012142825 0.0037406365)
(0.025407772 0.023113292 0.047982983)
(0.015959638 0.02308177 0.12934909)
(0.024245005 0.022247189 0.030908678)
(0.019584682 0.031296116 0.087867383)
(0.025069677 0.023019608 0.031193718)
(0.015145719 0.030028485 0.12922613)
(0.02506345 0.021592135 0.048191016)
(0.032085529 0.035307662 0.071603094)
(0.021824039 0.081601364 0.19423679)
(0.033545695 0.026479273 0.051054481)
(0.022988146 0.070261681 0.15208625)
(0.035425394 0.026725662 0.047842445)
(0.016757992 0.079036422 0.18694614)
(0.032558423 0.035578211 0.077078227)
(0.028575178 0.017558861 0.0015084774)
(0.025361738 0.016941905 -0.00021974103)
(0.024913141 0.01548032 0.00073826853)
(0.0247689 0.018942175 0.0013044146)
(0.026724613 0.015883321 0.00022422493)
(0.02666201 0.017225678 0.001975778)
(0.026609061 0.019256362 0.000749253)
(0.031829682 0.016564616 0.0032545841)
(0.03183108 0.016124905 -0.00038848037)
(0.030599957 0.012890538 0.00074895163)
(0.034083362 0.017009858 0.0048106113)
(0.030050449 0.01474784 0.00034300439)
(0.032050895 0.014202244 0.004732406)
(0.033274894 0.01884317 0.0035614785)
(0.023914271 -0.025902799 0.045418101)
(0.024813511 -0.018805866 0.12492718)
(0.023530812 -0.02489671 0.03040009)
(0.033312307 -0.021421177 0.085302005)
(0.023944589 -0.02519609 0.030754373)
(0.022814052 -0.026101913 0.045402812)
(0.032267508 -0.017983549 0.12539891)
(0.015613799 -0.026190565 0.0017662597)
(0.01344614 -0.024665496 -0.0020577493)
(0.017008109 -0.024926176 0.0057864294)
(0.013909686 -0.024927183 0.0013815065)
(0.016682834 -0.025395845 0.0025224101)
(0.016434944 -0.025306437 0.0060251436)
(0.012292544 -0.025364257 -0.0025885961)
(0.029722091 -0.028078677 0.051485376)
(0.076645101 -0.02012803 0.1721758)
(0.064294893 -0.022647312 0.13242289)
(0.017504516 -0.024838599 0.023189789)
(0.01834717 -0.029018896 0.024682592)
(0.07488131 -0.01943589 0.17220618)
(0.029384827 -0.025031892 0.050215892)
(0.019728954 -0.02610456 0.0065808829)
(0.020757821 -0.023436602 0.013620147)
(0.022319945 -0.024165755 0.010556428)
(0.019268359 -0.024231514 0.0099676824)
(0.020376167 -0.025355771 0.0067793419)
(0.022190192 -0.024893153 0.011084137)
(0.019048513 -0.024780841 0.010571381)
(0.016834959 -0.026804534 0.0024903552)
(0.016821643 -0.025698231 0.0065950863)
(0.013744404 -0.025333548 0.0015589533)
(0.014580853 -0.02640604 -0.0016257138)
(0.016123907 -0.025672212 0.0063873525)
(0.017713505 -0.026959108 0.0032245441)
(0.013564723 -0.025730057 -0.0018954787)
(0.061788832 0.079044626 0.23361355)
(0.056794219 0.05770324 0.16817413)
(0.039338592 0.027357266 0.094138864)
(0.040360639 0.037253487 0.1062536)
(0.059536648 0.067174206 0.21185694)
(0.041892037 0.047798188 0.1443749)
(0.063191742 0.086479576 0.21906173)
(0.089518136 0.02958036 0.22931521)
(0.085668456 0.0085474306 0.17199287)
(0.057886054 -0.016365075 0.10636659)
(0.063587776 -0.014258831 0.1164604)
(0.086792187 0.021465136 0.21083882)
(0.070003232 -0.0063003687 0.15282162)
(0.10281609 0.02252982 0.21914317)
(0.081642797 0.13036057 0.18863562)
(0.059896155 -0.0073719458 0.0066755103)
(0.055204949 -0.0067620638 0.014661299)
(0.06130053 -0.0057508602 0.023017663)
(0.055669662 0.0073115274 0.024554067)
(0.067669457 0.026216298 0.069237686)
(0.068001879 0.019322545 0.049863871)
(0.053643312 0.051851959 0.11964842)
(0.053514926 0.041687426 0.11930301)
(0.041240548 0.025247634 0.072475431)
(0.047253281 0.0059718776 0.038225932)
(0.044650305 0.01390981 0.047693016)
(0.051005342 0.025919783 0.080253404)
(0.058396688 0.072576763 0.16966145)
(0.13165151 0.11057015 0.18010976)
(0.15045899 0.10173717 0.19076764)
(0.1081063 0.044478678 0.1157214)
(0.14270456 0.10062271 0.18205083)
(0.1254022 0.077461207 0.15531051)
(0.11663953 0.068893607 0.13734708)
(0.15704517 0.13793774 0.21299235)
(0.14716759 -0.0078026341 0.22246645)
(0.090848502 -0.021406875 0.14574895)
(0.10914291 -0.014227353 0.19504144)
(0.12004061 -0.0094325374 0.20366704)
(0.089060157 -0.020205627 0.14463793)
(0.12901769 -0.00053104748 0.21622888)
(0.14758138 -0.015042025 0.22270206)
(0.15313168 0.01196117 0.18309281)
(0.01553147 -0.030910284 -0.01241119)
(0.027901253 -0.031154533 -0.0015028453)
(0.03725869 -0.030610209 0.010957644)
(0.031192849 -0.030764899 0.01009297)
(0.071362141 -0.01649882 0.064515698)
(0.0474127 -0.027149061 0.031014762)
(0.082280631 -0.0086560939 0.1250052)
(0.078623907 -0.0045347465 0.12907743)
(0.054475341 -0.022598673 0.076361646)
(0.037914688 -0.029423139 0.026933267)
(0.043509677 -0.029640542 0.044902633)
(0.065924963 -0.017557043 0.084909333)
(0.09743772 0.0068418707 0.17442902)
(0.16077936 0.051860428 0.17388307)
(0.16423529 0.081572017 0.18858047)
(0.11149134 0.015954822 0.10702814)
(0.16183093 0.057027158 0.17348966)
(0.13901842 0.043422312 0.14929829)
(0.12790613 0.023527892 0.13020252)
(0.18582981 0.090321085 0.20698507)
(0.14603243 0.11254063 0.16559484)
(0.1741381 0.11649096 0.21029513)
(0.16537235 0.12057792 0.20848631)
(0.18266917 0.092207261 0.20432448)
(0.16331562 0.14072173 0.20933537)
(0.18225256 0.11581725 0.20668066)
(0.18027635 0.12060158 0.21255142)
(0.0025925287 0.025016388 0.19462905)
(0.015117898 0.028282879 0.081392069)
(0.0027735184 -0.0021268832 0.21165476)
(0.008228915 0.030001755 0.13309251)
(0.015475029 0.031205411 0.079600311)
(-0.0043048292 0.015059199 0.22398487)
(0.005459889 0.01293597 0.19599151)
(-0.0067200719 0.023541077 0.19758886)
(4.1080911e-05 0.025632025 0.08551209)
(0.0097141774 0.011935383 0.21480017)
(-0.0086484226 0.029255647 0.13417766)
(-0.0011302341 0.027269556 0.081936216)
(0.00385596 0.017344505 0.20062947)
(-0.0041656838 0.022160203 0.22942749)
(-0.0027362778 0.042599773 0.090694243)
(0.016742028 0.028233098 -0.0013729354)
(0.020905103 0.030243264 -0.00011474864)
(0.015634359 0.03138531 -0.00044068715)
(0.013746155 0.0315454 0.0037579548)
(0.019352265 0.030822555 0.0040495695)
(0.014368389 0.037180524 0.021301834)
(0.008840902 0.052042961 0.085883589)
(0.0042663629 0.063126147 0.10998577)
(0.020309457 0.043796542 0.058165868)
(0.024329483 0.035244628 0.020426224)
(0.022437581 0.037053508 0.031622059)
(0.015597532 0.047950844 0.060508)
(-0.0056093024 0.06754043 0.14499371)
(-0.013562375 0.04230737 0.08139922)
(-0.030426262 0.046507986 0.11327713)
(-0.0091738303 0.036725003 0.061717702)
(0.0030502227 0.037202748 0.025283282)
(0.0013662283 0.036858372 0.035659275)
(-0.0069079202 0.040358232 0.058220014)
(-0.039726234 0.049025856 0.14885809)
(-0.081398106 0.059766632 0.23408569)
(-0.059898276 0.053853064 0.17069549)
(-0.028895226 0.035397543 0.093413736)
(-0.03903697 0.035864344 0.10507357)
(-0.068792442 0.056300923 0.21357483)
(-0.088548943 0.0603897 0.21837405)
(-0.04943374 0.039060194 0.14161112)
(-0.022326413 0.15392314 0.18456329)
(0.050703992 0.029920554 -0.0022305699)
(0.037320161 0.035312707 0.0028276266)
(0.036044027 0.049253043 0.016373081)
(0.033308159 0.063633435 0.043651827)
(0.03807588 0.042868954 0.021356745)
(0.014595424 0.074455652 0.066547767)
(0.0049034304 0.082251027 0.12732314)
(0.0013147954 0.077793027 0.13052143)
(0.020233621 0.05527438 0.078961283)
(0.028546256 0.039346038 0.02818133)
(0.027722119 0.045550172 0.047561567)
(0.014865278 0.065805277 0.086476631)
(-0.010803052 0.096683513 0.17690387)
(-0.062346343 0.15594327 0.17455194)
(-0.089848883 0.15514435 0.18466311)
(-0.023449233 0.10896599 0.10774944)
(-0.068734211 0.15397932 0.17401258)
(-0.033140479 0.12605141 0.13238283)
(-0.051271549 0.13326195 0.14764284)
(-0.10143829 0.17766482 0.20660052)
(-0.12025582 0.13864164 0.16674094)
(-0.12453748 0.16343407 0.20389195)
(-0.10576201 0.17279146 0.20409539)
(-0.1296056 0.15309116 0.20066819)
(-0.12571558 0.17450338 0.20798885)
(-0.14773055 0.15420982 0.20355843)
(-0.1304407 0.16647361 0.20741388)
(-0.13630536 0.072907799 0.19303875)
(0.01608132 0.043855432 -0.0075804882)
(0.012292516 0.043791848 0.0029412349)
(0.0059367239 0.050103973 0.019744382)
(-0.029523792 0.059042856 0.071629075)
(-0.004620133 0.040105489 0.016491886)
(-0.022150074 0.052612406 0.051115199)
(-0.054505287 0.047891132 0.1202267)
(-0.044274842 0.049776835 0.12245717)
(-0.027404136 0.034278841 0.070518023)
(-0.0064585099 0.039481867 0.035409839)
(-0.028521513 0.045785627 0.082802125)
(-0.015122356 0.03525496 0.043986189)
(-0.074670432 0.054271921 0.16941015)
(-0.11420751 0.12167604 0.17509027)
(-0.10650906 0.13920197 0.18141703)
(-0.048265444 0.095428787 0.10659453)
(-0.10625005 0.12929765 0.17307358)
(-0.080394568 0.11371363 0.14536085)
(-0.073775754 0.10308994 0.13114364)
(-0.14274506 0.14750936 0.20724521)
(-8.9822521e-05 0.025592643 0.044547048)
(-0.0072268035 0.022684949 0.12923675)
(0.0015617285 0.028565368 0.024047879)
(-0.0086653113 0.025315396 0.080639786)
(0.0015607116 0.028798277 0.024850517)
(0.00098874942 0.024795479 0.044531031)
(-0.01464015 0.024658146 0.12556674)
(0.00036948198 0.025104278 -0.009921468)
(-0.004651688 0.026120941 -0.0059800952)
(-0.00036617175 0.023144304 -0.0088884619)
(0.00063658224 0.024248663 -0.01231481)
(-0.00085564128 0.025729762 -0.010315526)
(-0.0026885904 0.025664316 -0.0059905424)
(0.00279786 0.023324215 -0.011924016)
(-0.03003034 0.021354427 0.062916571)
(-0.081220008 0.018824891 0.1914059)
(-0.065259806 0.023133792 0.15013948)
(-0.022204891 0.020031887 0.04098192)
(-0.018347348 0.020143351 0.037784847)
(-0.033935365 0.022315135 0.070619493)
(-0.07605207 0.022657363 0.18689288)
(0.0019752738 0.024464568 -0.0090787742)
(0.0057359045 0.020947562 -0.0085753199)
(0.0012949178 0.024431557 -0.0046869652)
(0.0013109776 0.022318639 -0.0075589133)
(0.0036333345 0.023664785 -0.0077335508)
(-0.0010361863 0.025123795 -0.0056424567)
(0.0045082582 0.02219275 -0.010668363)
(0.0027185279 0.025135767 -0.014769062)
(0.0063302456 0.025007635 -0.017412244)
(0.0027423926 0.024745166 -0.014632828)
(0.0012744232 0.026796855 -0.018802808)
(0.0013426545 0.025315354 -0.014835784)
(0.0052387934 0.023883905 -0.01480503)
(0.0048573542 0.026898631 -0.020063293)
(0.0078614136 -0.02325269 -0.0084664821)
(0.010755803 -0.023539318 -0.0061117405)
(0.009699116 -0.023032058 -0.0077692761)
(0.011107228 -0.024047854 -0.0038279255)
(0.0088619615 -0.023377079 -0.007795833)
(0.0087000508 -0.022660652 -0.0091364564)
(0.0093780049 -0.024104753 -0.0060339659)
(0.0027422261 -0.020322017 0.03402241)
(0.010229795 -0.018755828 0.11163879)
(0.0014999143 -0.023314173 0.015543055)
(0.010145349 -0.020593714 0.068813553)
(0.0009174934 -0.023013052 0.016801886)
(0.016068746 -0.019961431 0.10968786)
(0.002333419 -0.020019018 0.032926074)
(0.023414668 -0.020033379 0.038025819)
(0.074740966 -0.021221913 0.17045123)
(0.015889954 -0.022495659 0.020438669)
(0.057846244 -0.022953318 0.12454799)
(0.012633158 -0.022823992 0.019299141)
(0.069626222 -0.022023103 0.1641968)
(0.02737788 -0.021711189 0.044490675)
(0.0055978319 -0.023101656 -0.0096488236)
(0.0038679779 -0.022477028 -0.012038469)
(0.0073959771 -0.02237004 -0.011144043)
(0.0039891166 -0.022685162 -0.011362199)
(0.0064194642 -0.022787375 -0.01089269)
(0.0067290393 -0.02245418 -0.010812038)
(0.0027160477 -0.023184808 -0.010167189)
(0.0088077354 -0.024199068 -0.0078110415)
(0.0085766158 -0.024504702 -0.0076166481)
(0.011202681 -0.024563733 -0.0037834887)
(0.01151108 -0.025860913 -0.0055182546)
(0.0088038547 -0.023952357 -0.007734394)
(0.010435354 -0.024665967 -0.0054086)
(0.008038683 -0.025477873 -0.0079437292)
(0.00599424 -0.025400091 0.019269082)
(0.008372998 -0.023431338 0.022020915)
(0.012052705 -0.02285726 0.035857507)
(0.0037938535 -0.024616274 0.0065834994)
(0.00042930601 -0.024621712 -0.0022966626)
(0.001355609 -0.024983802 0.00090497761)
(0.0023450672 -0.024640077 0.0015593572)
(-0.0014682612 -0.02263392 0.19992031)
(-0.013117098 -0.027438342 0.083630821)
(-0.00144082 0.0018362571 0.20941963)
(-0.0054224472 -0.02965613 0.13623465)
(-0.012523781 -0.029699005 0.081903148)
(-0.0050163724 -0.010456913 0.20105154)
(0.0063593881 -0.014748122 0.22364726)
(0.006225097 -0.038494054 0.08682161)
(-0.011964967 -0.019610007 -0.009598924)
(-0.010404994 -0.020333908 -0.0086605099)
(-0.014117508 -0.016333093 -0.011688033)
(-0.013222232 -0.022103727 -0.0036824835)
(-0.0087370698 -0.024247492 -0.0024420573)
(-0.0079395292 -0.028152444 0.01597031)
(0.016057403 -0.034380303 0.071316185)
(0.031059475 -0.037845346 0.098955415)
(0.011164184 -0.028819254 0.048890861)
(0.00071181594 -0.028213754 0.017430335)
(0.0022808873 -0.029115788 0.027732008)
(0.010383361 -0.031343368 0.049409225)
(0.040162195 -0.041670389 0.13417069)
(-0.0016013327 -0.047662543 0.086325752)
(0.0036312537 -0.059520811 0.10790729)
(-0.011590162 -0.038254916 0.054118547)
(-0.014462304 -0.02432309 0.010512146)
(-0.013287937 -0.029121879 0.025161393)
(-0.0072379583 -0.041246563 0.057976802)
(0.012159011 -0.065868931 0.14476578)
(0.038081114 -0.089089064 0.23707283)
(0.018757756 -0.08191029 0.17530565)
(-0.0069351309 -0.055005097 0.11165316)
(-0.0041688425 -0.06201572 0.12729312)
(0.030290636 -0.084302687 0.21589262)
(0.032131413 -0.10118596 0.22759034)
(0.0023812107 -0.068875504 0.16440611)
(0.1399618 -0.030330962 0.21653856)
(0.088903566 -0.02360946 0.14645721)
(0.11998456 -0.016547206 0.20399504)
(0.10240415 -0.02791138 0.18866385)
(0.081567616 -0.027322646 0.13965036)
(0.12630328 -0.028064593 0.21433478)
(0.14476107 -0.021236575 0.22043094)
(0.13035977 -0.064903226 0.17886792)
(-0.017076457 -0.030163784 -0.022238142)
(-0.010197478 -0.027369149 -0.011612565)
(-0.0068469497 -0.029783612 -0.0026832134)
(0.015395383 -0.038280228 0.02620937)
(0.001838509 -0.029442015 0.0012040809)
(0.030833847 -0.042926869 0.054308786)
(0.052110335 -0.038238794 0.10474651)
(0.043795932 -0.039968609 0.10643636)
(0.025758217 -0.025381705 0.057307682)
(0.0081015515 -0.027883422 0.021407529)
(0.014261406 -0.025698472 0.030874788)
(0.028931212 -0.033874648 0.066337833)
(0.072097051 -0.046522423 0.15627607)
(0.11863592 -0.10718938 0.16239581)
(0.11666339 -0.12893356 0.17822412)
(0.11415731 -0.11599522 0.16181201)
(0.057408902 -0.078206589 0.094539117)
(0.078531333 -0.086143809 0.11456616)
(0.088742357 -0.098914068 0.13654453)
(0.14907334 -0.13661124 0.19941557)
(0.12787068 -0.13653465 0.16581021)
(0.13457805 -0.15666339 0.20461673)
(0.13880232 -0.14340815 0.19643922)
(0.11695909 -0.16846958 0.20574541)
(0.15586641 -0.14901407 0.20477391)
(0.1347777 -0.17126642 0.20803657)
(0.14236689 -0.16459666 0.20915079)
(0.027986037 -0.15553733 0.19985003)
(-0.0339601 0.0078823094 -0.043755719)
(-0.025202343 -0.00023160143 -0.02999077)
(-0.023887299 -0.017242705 -0.0087511535)
(-0.0010934711 -0.060421123 0.063488705)
(-0.020471908 -0.010576291 -0.0084855683)
(-0.013766655 -0.035849949 0.024330955)
(0.0041879886 -0.080506974 0.13500068)
(0.0072506164 -0.073988244 0.13173633)
(-0.0106378 -0.050746422 0.082729624)
(-0.01645747 -0.026509079 0.01848695)
(-0.0047799456 -0.059759245 0.085873713)
(-0.016888023 -0.035284324 0.043431113)
(0.018310647 -0.096124652 0.1846851)
(0.076144535 -0.15235583 0.18158087)
(0.10224068 -0.14829571 0.18753466)
(0.083607792 -0.1502209 0.17942921)
(0.038895366 -0.096854936 0.10693178)
(0.065765534 -0.12522916 0.15108376)
(0.048610645 -0.11845041 0.13651547)
(0.1135657 -0.17531989 0.21214627)
(-0.083776782 -0.044266254 0.23011764)
(-0.076778898 -0.022408795 0.16660637)
(-0.051848407 0.00457104 0.10312163)
(-0.059229223 0.003216777 0.11898532)
(-0.064662723 -0.0062231673 0.15476862)
(-0.078154734 -0.035745327 0.2076385)
(-0.095392886 -0.037873506 0.21862904)
(-0.050165361 -0.080194095 0.22256112)
(-0.039649313 -0.062408802 0.15351453)
(-0.021274703 -0.031980238 0.078187626)
(-0.020485924 -0.040990609 0.09225377)
(-0.025457303 -0.050824852 0.13153836)
(-0.04521811 -0.07071364 0.19758106)
(-0.047893821 -0.087744529 0.20610649)
(-0.032280813 -0.010847532 0.081366)
(-0.019991067 0.019140333 -0.016147933)
(-0.020238061 0.023118426 -0.01588575)
(-0.0219372 0.018622089 -0.01572145)
(-0.028183313 0.012615354 0.010319598)
(-0.023255336 0.019014815 -0.0076559916)
(-0.023639876 0.013394229 -0.0082805196)
(-0.044412795 0.0004950766 0.081346814)
(-0.055592858 -0.0042081092 0.10150298)
(-0.037210784 0.012744103 0.050219259)
(-0.027050768 0.021453228 0.009900835)
(-0.040377406 0.0094365449 0.053880149)
(-0.030247538 0.017046463 0.023753219)
(-0.060245622 -0.0152489 0.13782127)
(-0.029279484 -0.019115709 0.070122948)
(-0.031959845 -0.034821406 0.098270413)
(-0.023327027 -0.013711289 0.046454705)
(-0.026718636 0.001277853 0.013927373)
(-0.027938332 -0.011184331 0.047834799)
(-0.025913548 -0.0025485275 0.024916238)
(-0.035377259 -0.044463673 0.13341938)
(-0.13187621 -0.12471311 0.16228884)
(-0.15190834 -0.12909109 0.19791585)
(-0.1626242 -0.1114827 0.19498711)
(-0.14174107 -0.13427725 0.19533606)
(-0.15787151 -0.13614625 0.2008994)
(-0.16585441 -0.13121155 0.20095672)
(-0.14455154 -0.15221687 0.20102109)
(-0.14928215 -0.032825201 0.18698187)
(-0.0098326861 0.026119284 -0.02503257)
(-0.014827936 0.028212479 -0.018082481)
(-0.02451938 0.023886007 -0.0043028724)
(-0.059998137 0.0080900909 0.054255175)
(-0.024865255 0.025171443 0.0032229135)
(-0.0432567 0.015980105 0.026523384)
(-0.076421984 -0.0027006162 0.12458995)
(-0.070220138 -0.0070197513 0.12262606)
(-0.050046998 0.014192352 0.076855194)
(-0.030530601 0.026076242 0.017966352)
(-0.058162709 0.0095384142 0.077535394)
(-0.038131853 0.023784488 0.041616302)
(-0.09041014 -0.0208529 0.17412432)
(-0.14374452 -0.068928925 0.16546122)
(-0.14302184 -0.094580857 0.17800456)
(-0.14155584 -0.074763671 0.16318755)
(-0.091104075 -0.027393874 0.093569196)
(-0.1195175 -0.056183062 0.13853285)
(-0.10960502 -0.039154867 0.11815734)
(-0.16785286 -0.10861673 0.20078289)
(-0.026981508 -0.1438073 0.2246339)
(-0.015516076 -0.092251214 0.15352395)
(-0.013080499 -0.11924757 0.20839384)
(-0.023008123 -0.10538843 0.19616512)
(-0.019086208 -0.085216605 0.14650682)
(-0.016604928 -0.147205 0.22876543)
(-0.026693998 -0.12710456 0.21916626)
(-0.055220216 -0.13156112 0.17509837)
(-0.035810317 0.021554333 -0.025374638)
(-0.032602345 0.015877983 -0.01326762)
(-0.035710144 0.012175409 0.0012202525)
(-0.045077826 -0.027670296 0.057378423)
(-0.031682184 0.0028874536 -0.0041399181)
(-0.041374326 -0.012867149 0.029237362)
(-0.031616396 -0.055139693 0.10542198)
(-0.034027164 -0.047031623 0.10597546)
(-0.018899299 -0.028013523 0.056054041)
(-0.026400267 -0.0063055868 0.019325464)
(-0.029994231 -0.030318445 0.066535358)
(-0.021728992 -0.014214622 0.028962833)
(-0.038998126 -0.075466127 0.15601422)
(-0.10693459 -0.11774068 0.17038918)
(-0.1261298 -0.11049321 0.17509617)
(-0.11565835 -0.10925208 0.16645233)
(-0.080063999 -0.04927444 0.097611617)
(-0.099279322 -0.083640338 0.13935432)
(-0.089105777 -0.075133457 0.12449798)
(-0.13381682 -0.14644151 0.20145259)
(-0.020490286 -0.021129981 0.052176203)
(-0.014798217 -0.021436629 0.13613253)
(-0.019204709 -0.020563849 0.031696263)
(-0.016209598 -0.030714976 0.092124141)
(-0.018953237 -0.02059143 0.03187992)
(-0.021368963 -0.019996251 0.051799686)
(-0.013085197 -0.028952087 0.13775432)
(-0.015078648 -0.0036299376 -0.012262184)
(-0.016761673 -0.0063674617 -0.0095384072)
(-0.015828676 -0.0060998435 -0.0066645381)
(-0.014192351 -0.0014380272 -0.0096440162)
(-0.015061356 -0.0018186368 -0.01343707)
(-0.016694089 -0.008223132 -0.0085686314)
(-0.014745858 -0.0029411092 -0.0088207321)
(-0.016417693 -0.028345191 0.050004217)
(-0.014955827 -0.078836175 0.17601125)
(-0.013254551 -0.065051438 0.13404415)
(-0.012734514 -0.014146492 0.019912401)
(-0.016447087 -0.013652077 0.01907367)
(-0.015006406 -0.028855281 0.050994057)
(-0.012343226 -0.077054328 0.17454915)
(-0.015419144 -0.0059430708 -0.010765093)
(-0.015340925 -0.0061110201 -0.0064375252)
(-0.016324584 -0.012106165 -0.006481088)
(-0.016129907 -0.0078472267 -0.0054719328)
(-0.015796334 -0.0081185017 -0.0093973021)
(-0.016493828 -0.010453866 -0.007607355)
(-0.01516734 -0.0044476047 -0.0075862408)
(-0.013853857 -0.00039960347 -0.014853703)
(-0.012778598 0.002823746 -0.011652135)
(-0.012884577 0.0012743813 -0.010721585)
(-0.013782335 0.0025426978 -0.018180402)
(-0.013386068 0.0017344633 -0.016064157)
(-0.013481457 0.00013844558 -0.010149842)
(-0.01403956 0.0013357723 -0.018418211)
(0.086277213 0.16627363 0.21964774)
(0.04013441 0.16465929 0.16083872)
(0.076324239 0.18581146 0.20355854)
(0.058033811 0.1851466 0.23742071)
(0.086343271 0.16899905 0.2320405)
(0.068337089 0.16258183 0.16831073)
(0.052807705 0.17918461 0.21827223)
(0.19479946 -0.00018408657 0.21298211)
(0.18468946 -0.015386369 0.16591456)
(0.20766794 0.0013599746 0.19555541)
(0.18751107 -0.029108918 0.20767145)
(0.18726069 -0.0089703844 0.20662302)
(0.18975005 0.0058166626 0.17237938)
(0.19319394 -0.025234462 0.21052561)
(0.1092688 0.020276148 0.29165278)
(0.034524235 -0.0076719216 0.22888101)
(0.068449555 0.02865904 0.35356584)
(0.074865919 -0.047091371 0.34273467)
(0.09787709 -0.0075415651 0.34733314)
(0.065123735 0.048378143 0.26654572)
(0.091769809 -0.025319303 0.26616304)
(0.11485942 0.050242949 0.28725459)
(0.10262929 -0.00059122658 0.20848287)
(0.088300976 0.078843307 0.26669401)
(0.082857366 0.045346885 0.34751487)
(0.10857303 0.043846481 0.23299511)
(0.10247586 0.0071936081 0.31170302)
(0.081508885 0.084922179 0.29714423)
(0.12532176 -0.001490056 0.27556266)
(0.057463725 -0.03411489 0.15275938)
(0.089394931 -0.040904645 0.20470361)
(0.077088074 -0.051525054 0.30700643)
(0.095805397 -0.02001174 0.19271935)
(0.092107296 -0.023462698 0.28908108)
(0.11627711 -0.036110446 0.27470992)
(-0.0089396162 0.18332992 0.22409611)
(0.013949949 0.16643581 0.16185375)
(-0.0096587757 0.19622876 0.20655916)
(0.033942936 0.19178184 0.24379715)
(0.004163235 0.19098384 0.24423801)
(-0.014075064 0.16877758 0.16677726)
(0.02585111 0.18406277 0.22149995)
(-0.1815859 0.069604548 0.22243926)
(-0.17427912 0.026322014 0.16327966)
(-0.19587434 0.061479476 0.206808)
(-0.19661521 0.035596231 0.24204968)
(-0.1834752 0.067218404 0.23799763)
(-0.19252478 0.033319133 0.22145153)
(-0.17347933 0.055833624 0.17049916)
(-0.042095513 0.088044488 0.28500009)
(-0.024152097 0.028940762 0.22789721)
(0.03628418 0.062094991 0.353699)
(-0.070281832 0.049245128 0.34791727)
(-0.082038679 0.050099181 0.2666245)
(0.012442622 0.07862945 0.26484008)
(-0.015616104 0.075226621 0.34927372)
(-0.068782248 0.14390575 0.17230261)
(-0.089367068 0.13106381 0.17062296)
(-0.10335217 0.15426398 0.19986922)
(-0.067749548 0.12850796 0.17814381)
(-0.028398805 0.09917374 0.11327008)
(-0.038506745 0.11614967 0.14350324)
(-0.052737805 0.10730463 0.14072647)
(-0.010727396 0.11044785 0.29557427)
(0.044669336 0.075026976 0.25634286)
(0.052446337 0.10380238 0.28123287)
(0.053433466 0.075118848 0.35883191)
(0.019908606 0.10563355 0.25744629)
(0.034365504 0.11159092 0.30540915)
(0.010628535 0.083185228 0.33321583)
(-0.072993583 0.086138712 0.28098388)
(-0.029912012 0.058085206 0.21375304)
(-0.10181879 0.053906935 0.26784962)
(-0.079286935 0.052495132 0.33890166)
(-0.11321502 0.056849018 0.29724967)
(-0.065499224 0.07345351 0.23038079)
(-0.033333238 0.070786735 0.30883854)
(0.1826016 -0.076588394 0.21740752)
(0.18176444 -0.037817815 0.1667241)
(0.19774392 -0.066955664 0.19940376)
(0.18656786 -0.048833772 0.21325603)
(0.17803147 -0.071912641 0.21588442)
(0.17980484 -0.063595098 0.17338286)
(0.19050992 -0.048003577 0.21340522)
(0.023605807 -0.19312798 0.2203746)
(-0.0026031437 -0.18055762 0.16641802)
(0.020440683 -0.2055878 0.20142401)
(-0.008548236 -0.18914321 0.21978594)
(0.015730543 -0.18831124 0.2205087)
(-0.0063278569 -0.19158534 0.21527404)
(0.022239069 -0.18586435 0.17370373)
(0.057070568 -0.10803265 0.29339016)
(0.012879054 -0.053248488 0.23143441)
(0.059123756 -0.072822574 0.34607906)
(-0.01098714 -0.084575304 0.34856896)
(0.0051701449 -0.09973851 0.27115726)
(0.074879014 -0.069150331 0.26987183)
(0.037523466 -0.096631923 0.34547639)
(0.080209095 -0.095463976 0.26595612)
(0.027535646 -0.058019032 0.14727285)
(0.083582433 -0.064837956 0.21226832)
(0.065285799 -0.070064413 0.30669838)
(0.062431279 -0.072121261 0.18594825)
(0.1039669 -0.070997635 0.27748934)
(0.043763876 -0.082301176 0.27934621)
(0.038491147 -0.1237441 0.28946572)
(-0.0035731647 -0.061475033 0.19163518)
(-0.01523206 -0.093088978 0.2294255)
(-0.017671689 -0.081770657 0.32285273)
(-0.0036909615 -0.11899754 0.28565415)
(0.014606035 -0.098555767 0.2209553)
(0.021972857 -0.093294567 0.3047935)
(0.0040564999 -0.0035006677 0.0017416918)
(0.007863546 -0.0013748306 0.0023394341)
(0.0096908038 -0.00036510153 0.0030570385)
(0.0043771777 -0.0024180472 0.0022721764)
(0.0083255451 -0.00016244358 0.0032275588)
(0.003922362 -0.0019615822 0.0029035896)
(0.0038034514 -0.0024074637 0.0016977544)
(0.003390437 0.00060447906 0.0056963061)
(0.0072438007 0.0030178653 0.0068520422)
(0.0096972969 0.0021993833 0.0040991334)
(0.0042449507 -0.00085616581 0.0036010047)
(0.0081786068 0.0014627715 0.0048921396)
(0.0035862272 -0.00090063233 0.004618758)
(0.0027693349 0.00013095029 0.006270308)
(0.0015146789 0.0015421852 0.0072782922)
(0.0055014244 0.0041864485 0.0079573185)
(0.003235097 0.0066407641 0.0082240666)
(-0.0007711493 0.001756881 0.0067570158)
(0.0034640635 0.0049535168 0.0073742837)
(-0.00058942865 0.0015664945 0.0060401703)
(0.001196404 0.00095693249 0.0069812063)
(-0.0042774445 0.0023301588 0.0004010347)
(-0.00031656086 0.0063893697 0.0013745277)
(0.00058441421 0.0068444667 0.0056895111)
(-0.0028194224 0.0017815532 0.0041118364)
(0.0014291666 0.0056407944 0.0050494915)
(-0.0023089367 0.0018752274 0.0034652676)
(-0.0037221522 0.0026729859 -0.0001141903)
(0.0041919402 -0.0062205303 0.0028431482)
(0.0073198908 -0.0066565048 0.0045710363)
(0.011172097 -0.0096517312 0.0046152479)
(0.0054306996 -0.0088027125 0.0031272512)
(0.0086951372 -0.0099717408 0.0048651346)
(0.0043591108 -0.0091297897 0.0027881381)
(0.0034557566 -0.0064858202 0.0027613734)
(0.0070065186 -0.014496056 0.0013589017)
(0.012840624 -0.013732515 0.0040655067)
(0.010677305 -0.017236127 0.002479554)
(0.0065375523 -0.011792399 0.002688336)
(0.0099965828 -0.013666078 0.0041915121)
(0.00526611 -0.011963015 0.0022975224)
(0.0058839702 -0.014608826 0.0010441179)
(-0.0074408102 0.0028324736 -0.0034685983)
(-0.0077516677 0.007491244 -0.0057418495)
(-0.0096045184 0.0083725154 -0.0022896509)
(-0.0094069552 0.0029184789 -0.0036565564)
(-0.010202446 0.007437339 -0.0048481093)
(-0.0097537984 0.0032767111 -0.0055376128)
(-0.0083703966 0.0034656045 -0.0065600143)
(-0.013818491 0.00087109896 -0.0017403991)
(-0.013627221 0.0072839716 -0.0019761638)
(-0.014312734 0.0042690419 -0.0029460229)
(-0.011901857 0.0024440349 -0.0031496359)
(-0.012660238 0.006437064 -0.0039651094)
(-0.01127533 0.0024555259 -0.0042954513)
(-0.012103559 0.00099120864 -0.002815206)
(0.0068267479 -0.016142428 -0.00066379899)
(0.010561071 -0.019584638 -0.00025370681)
(0.011222013 -0.020182741 -0.003717879)
(0.0062550002 -0.016420791 -0.002831269)
(0.0096197292 -0.020291262 -0.0034872765)
(0.005919037 -0.017095472 -0.0029519743)
(0.0060479611 -0.016404835 -0.00071373061)
(0.0046324692 -0.014269652 -0.0058979646)
(0.0090257297 -0.019123202 -0.0058567894)
(0.006319618 -0.018117438 -0.0085189503)
(0.0054371303 -0.0155545 -0.0045814936)
(0.0080483655 -0.019558984 -0.0063864297)
(0.005493504 -0.016694282 -0.0051549262)
(0.005043511 -0.015639987 -0.0071506946)
(-0.014430445 -0.0014434464 -2.5532493e-05)
(-0.014582872 0.0014196365 -0.0021894327)
(-0.017084979 -0.0029156287 0.0002666892)
(-0.013931481 -0.0030146333 0.0016699464)
(-0.013897499 -0.00090012155 -0.0017110944)
(-0.011733892 -0.0020595075 -0.00023074605)
(-0.012207465 -0.00084092647 -0.0015329267)
(-0.012509983 -0.0040799407 0.0050020984)
(-0.015669108 -0.0043881593 0.0016714204)
(-0.011939319 -0.002534654 3.8077398e-05)
(-0.013147836 -0.0037490867 0.0035762982)
(-0.012717871 -0.002149008 -0.00076655707)
(-0.011198003 -0.0027021282 0.0011068113)
(-0.010795514 -0.0034144092 0.0020320248)
(0.0033097171 -0.011481569 -0.0051314824)
(0.0034142194 -0.01334382 -0.0045159808)
(0.0037023129 -0.012803158 -0.0071308305)
(0.0026389926 -0.0097192049 -0.0036353091)
(0.0025516744 -0.01121264 -0.0050059962)
(0.0026728445 -0.0082294044 -0.0043172991)
(0.0032759574 -0.010104007 -0.0058725114)
(-0.00071710234 -0.0053836563 0.00016800426)
(0.00030538539 -0.011147749 -0.0018756958)
(-0.0038063814 -0.0073156182 0.0022298342)
(0.0015248487 -0.0076557226 -0.0022609486)
(0.00010389698 -0.0091365738 -0.0021254401)
(0.0018708232 -0.0063361214 -0.002806608)
(0.00016730091 -0.0044998952 -0.00027470154)
(-0.0040328147 -0.0036781749 0.0040094558)
(-0.013624326 -0.0080405881 0.009679397)
(-0.0081209373 -0.0063613928 0.0066798174)
(-0.00763459 -0.003296555 0.0075144308)
(-0.011749432 -0.0061545759 0.0096848266)
(-0.0057970446 -0.002582837 0.007076517)
(-0.002539872 -0.0031936032 0.003346291)
(-0.012298499 -0.0042459274 0.008094933)
(-0.015452997 -0.0077491623 0.0097595945)
(-0.014348578 -0.0057972598 0.0085477829)
(-0.010610373 -0.0037442831 0.0090544775)
(-0.013870966 -0.0061955948 0.010321712)
(-0.0088129552 -0.0029550082 0.0091993738)
(-0.010997787 -0.0036632851 0.0089068012)
(0.010316553 -0.0018562919 0.0016149079)
(0.0098420739 -0.0045554352 0.003126917)
(0.014871661 -0.0037577068 0.0035975833)
(0.013002695 -0.0017385856 0.00093236296)
(0.012478338 -0.004733034 0.0037954105)
(0.011061146 -0.002522941 0.0011027511)
(0.0089050981 -0.0027616513 0.0014298655)
(0.017236542 -0.0038735938 0.0042636717)
(0.016834091 0.00018734606 0.00036445868)
(0.016404961 -0.0055309411 0.0069409621)
(0.015121087 -0.00032142349 -4.1613268e-05)
(0.014554148 -0.0046367658 0.004761772)
(0.012706686 -0.0011101528 0.00053271286)
(0.014089328 -0.00070688614 0.0011144941)
(0.00086215935 0.0097846717 -0.0021224819)
(-0.0034629563 0.010457159 -0.005307244)
(0.0029922363 0.015562675 -8.4650007e-05)
(0.0043364283 0.012763552 -0.00114392)
(-0.00031686738 0.0133425 -0.0037739697)
(0.00086854806 0.011452162 -0.004599677)
(-0.0025611358 0.0089208262 -0.0062736295)
(0.0066653398 0.01817045 0.00052239913)
(0.01152702 0.016095119 -0.00092948767)
(0.0074344564 0.016936285 -0.0023822512)
(0.0078888103 0.014962554 -0.00064699378)
(0.0034262149 0.015519661 -0.002555833)
(0.0045486776 0.013149378 -0.0034205653)
(0.0090035211 0.014074467 -0.0031653967)
(0.019070571 -0.00071859635 0.0068076418)
(0.02003278 0.0012659322 0.0057660214)
(0.0232252 -7.7298052e-05 0.0077532991)
(0.021882106 -0.0027639949 0.0068212398)
(0.016128405 -0.0012569969 0.0048503031)
(0.018127004 -0.0030044878 0.0060214512)
(0.019127134 -0.0011300417 0.0053838142)
(0.02115553 -0.0097053482 0.0069665922)
(0.02220317 -0.011661867 0.0065399499)
(0.025131641 -0.010089007 0.006783738)
(0.022677663 -0.0073475148 0.0070658061)
(0.017339181 -0.0081272792 0.0059990916)
(0.01905121 -0.007051866 0.0066120213)
(0.020265855 -0.008864361 0.0067145263)
(0.022350147 -0.0037015456 0.005413423)
(0.022731252 -0.0080479265 0.0065955277)
(0.025604039 -0.0060340191 0.0067336037)
(0.022943077 -0.0054442878 0.0063899478)
(0.018598357 -0.0046555412 0.0053517806)
(0.020274424 -0.0032370673 0.0053302736)
(0.020521066 -0.0070536377 0.006301527)
(-0.0185224 0.015251199 0.010987495)
(-0.017531291 0.017575494 0.0080764125)
(-0.011248598 0.013889106 0.029890613)
(-0.018967475 0.012444302 0.011157623)
(-0.019304136 0.016343798 0.007250407)
(-0.020238489 0.014415286 0.0038582954)
(-0.019331326 0.016351213 0.0041461981)
(-0.019014335 0.0064870393 0.00052715369)
(-0.020375501 0.0024716432 0.0014638013)
(-0.02274615 0.0088336536 0.0030647157)
(-0.021454401 0.0057125922 0.0019273759)
(-0.018960885 0.0096051033 0.0012974177)
(-0.018699749 0.0062939199 0.00060385723)
(-0.018356144 0.003499791 -0.00014000644)
(0.0041528703 -0.01806714 -0.012424817)
(0.0026701685 -0.016153039 -0.011180226)
(0.0017169018 -0.020321641 -0.011038501)
(0.002525094 -0.019299971 -0.014341866)
(-0.00035398624 -0.018576691 -0.011516637)
(0.00062225802 -0.018161757 -0.014707569)
(0.0026499546 -0.016546314 -0.013260904)
(-0.0035765737 -0.022279295 -0.0091231717)
(-0.0043400841 -0.020930532 -0.012122024)
(-0.0093550017 -0.019962813 -0.0076467705)
(-0.00065582563 -0.020357201 -0.014080319)
(-0.0051552717 -0.020351579 -0.0099624027)
(-0.0023945952 -0.019452309 -0.014528882)
(-0.0057671102 -0.019783191 -0.013013453)
(-0.023570121 -0.016059314 0.013594874)
(-0.020572992 -0.010051392 0.026986309)
(-0.021650927 -0.016590346 0.0092530931)
(-0.022646676 -0.015317903 0.013316001)
(-0.021740473 -0.0174887 0.0077824622)
(-0.022353801 -0.017846939 0.0052970119)
(-0.022464339 -0.017201083 0.0069487304)
(-0.01903766 -0.010167142 0.0054938021)
(-0.020076898 -0.011249097 0.007475635)
(-0.020530994 -0.014010971 0.0066311385)
(-0.020619007 -0.013001737 0.0085458121)
(-0.02014598 -0.011583099 0.0066034677)
(-0.020083177 -0.011690938 0.0085401711)
(-0.019399208 -0.010405127 0.0076386968)
(-0.012607057 0.00232075 -0.0054745284)
(-0.0093962754 0.011226677 -0.011562625)
(-0.0095966331 0.0071692882 -0.0067688239)
(-0.0095260231 0.0062714684 -0.0088045608)
(-0.0098700681 0.0029224364 -0.0039561311)
(-0.0072351684 0.0061362846 -0.0073506688)
(-0.0070114786 0.010268186 -0.0096658724)
(0.01922049 -0.00045198223 0.0016267422)
(0.018666349 -0.007246858 0.0097872918)
(0.025479904 -0.0087752559 0.012563808)
(0.022396394 -0.0021038183 0.0033752973)
(0.021412521 -0.009071321 0.012567833)
(0.018771478 -0.0033273291 0.0038143898)
(0.016048048 -0.0015551851 0.0022659232)
(0.028916887 -0.010559778 0.01495445)
(0.029642464 -0.0062766144 0.0073864198)
(0.027289338 -0.011815823 0.015587953)
(0.026205071 -0.0038400675 0.0053133841)
(0.024402504 -0.010537917 0.014620162)
(0.022173081 -0.0046824052 0.0053903931)
(0.025229005 -0.0066426675 0.0070843089)
(0.015156228 0.016575427 -0.0025557884)
(0.011119775 0.016972793 -0.003782781)
(0.015326115 0.020507646 -0.0022348987)
(0.018317664 0.016193595 -0.0048003681)
(0.014283577 0.015329365 -0.0058367997)
(0.017244497 0.01285976 -0.0072452955)
(0.013286353 0.013792373 -0.0047166002)
(0.017621611 0.018609041 -0.0038992966)
(0.024664405 0.012735456 -0.0092268385)
(0.021808371 0.011667608 -0.011466943)
(0.020946381 0.014757252 -0.0069538693)
(0.01746739 0.012702815 -0.0083961127)
(0.020506152 0.010876747 -0.0096898959)
(0.023970632 0.0093675986 -0.012208173)
(0.0071755128 0.030188909 0.0027110457)
(0.0021922296 0.027579058 -0.0016093328)
(0.0026855357 0.030524857 0.019506288)
(0.0082929291 0.030064903 0.002157969)
(0.0040752171 0.026978545 -0.0026631811)
(0.0067785734 0.026021778 -0.0029994995)
(0.0054849002 0.02645783 -0.0023399091)
(0.009158575 0.026555108 -0.0083779212)
(0.0034088686 0.031216792 0.011722984)
(0.010984983 0.029947445 -0.0025874889)
(0.0092623231 0.029939101 0.0010146949)
(0.0061275906 0.026162379 -0.004846809)
(0.0084146829 0.025039978 -0.0036201324)
(0.010438447 0.024710679 -0.0056683324)
(-0.011625404 0.023190944 0.061972261)
(-0.0081698997 0.023201984 0.061938452)
(-0.013191542 0.026182433 0.017260124)
(-0.011452714 0.027538323 0.01727388)
(-0.0091945818 0.022391475 0.061071888)
(-0.010513919 0.024206265 0.063039291)
(-0.012707228 0.026858509 0.017234368)
(-0.012716531 0.022989425 0.057461977)
(-0.01521635 0.025190107 0.011890031)
(-0.014453228 0.025388485 0.015606192)
(-0.013097291 0.02119696 0.048042387)
(-0.010577971 0.022230321 0.056510377)
(-0.013956161 0.026051376 0.015613082)
(-0.014811295 0.022140792 0.049383886)
(-0.013207132 0.024527645 0.058184295)
(-0.0080076352 0.027581562 0.011794276)
(-0.010297197 0.02795432 0.015440205)
(-0.011767315 0.025561457 0.054242853)
(-0.012092986 0.025505715 0.059788287)
(-0.01150495 0.02749122 0.015715831)
(-0.012798515 0.02556346 0.053283382)
(-0.031748205 0.013453562 0.14446055)
(-0.035952387 0.018325867 0.11402943)
(-0.019063478 -0.0080147694 0.2318214)
(-0.035389065 -0.0053296498 0.23648834)
(-0.009983109 -0.0046519661 0.22441651)
(-0.03139829 0.014945171 0.12333304)
(-0.038778108 0.016423545 0.13484571)
(-0.0068459496 -0.020532644 -0.010260403)
(-0.011378513 -0.017697998 -0.0063968353)
(-0.011523722 -0.016845369 -0.005719988)
(-0.0082127794 -0.019369823 -0.0088731543)
(-0.011813634 -0.014483078 -0.0056521701)
(-0.0090004359 -0.017904412 -0.0099805785)
(-0.0079569013 -0.019150118 -0.01139281)
(-0.012368051 -0.013114924 -0.0044451507)
(-0.0069677155 -0.016619299 -0.0049807494)
(-0.0099836265 -0.010110615 -0.0016697138)
(-0.0084806235 -0.017837523 -0.00737304)
(-0.011528626 -0.011359181 -0.0042322178)
(-0.0085826647 -0.016614811 -0.0082490505)
(-0.0068662531 -0.015640442 -0.0057967106)
(-0.013682526 -0.022728588 0.0015829853)
(-0.01553078 -0.018593882 -0.0045961581)
(-0.016249043 -0.023448879 0.020989004)
(-0.01466105 -0.02042948 -0.0022103986)
(-0.01579597 -0.013640162 -0.0095088607)
(-0.014778827 -0.014327117 -0.0089951411)
(-0.014746233 -0.018790701 -0.0056324775)
(-0.016449182 -0.004353396 -0.019953823)
(-0.016336109 -0.018941062 0.0052540625)
(-0.016828527 -0.010410823 -0.017871685)
(-0.01613401 -0.016237431 -0.010107584)
(-0.015942185 -0.008964731 -0.014480166)
(-0.015400152 -0.010335124 -0.01174193)
(-0.016645655 -0.0066488012 -0.014921321)
(-0.016925148 -0.0074727524 0.029535025)
(-0.015161584 -0.0043115205 -0.0080440584)
(-0.013891479 -0.0062209675 0.010743542)
(-0.013213101 -0.002521747 -0.0085147826)
(-0.015969941 -0.0069180557 0.017198412)
(-0.015026857 -0.0053605173 -0.0041624192)
(-0.014856486 -0.0057463776 0.021024681)
(-0.019238469 -0.0077935103 0.046170136)
(-0.01924247 -0.0075930941 0.051195233)
(-0.018383662 -0.0093637032 0.0055053021)
(-0.018287238 -0.0095992198 0.0067451628)
(-0.019154823 -0.0059217411 0.047248554)
(-0.019443055 -0.0094441705 0.050861755)
(-0.017692326 -0.0081506436 0.0036092674)
(-0.01827666 -0.006724484 0.036671469)
(-0.016541225 -0.0057558989 -0.0047118612)
(-0.018156131 -0.0056388214 0.026306202)
(-0.017579948 -0.0077881573 0.0014159849)
(-0.01867064 -0.0049433277 0.038759474)
(-0.017206858 -0.006815126 0.023801809)
(-0.01680321 -0.0067668083 -0.0007917065)
(-0.018317685 -0.0088547955 0.040399321)
(-0.013393561 -0.0038451218 -0.0050729363)
(-0.016773534 -0.0080365385 0.0031377681)
(-0.017720765 -0.0098074147 0.037190855)
(-0.018980733 -0.010539235 0.046531319)
(-0.01588359 -0.0066668508 -0.00011278015)
(-0.016993122 -0.0076231445 0.030885918)
(-0.016207504 0.020755275 -0.013992085)
(-0.015588589 0.022604883 -0.021468725)
(-0.01730819 0.022507596 -0.014570214)
(-0.012061127 0.021781704 -0.017489625)
(-0.01403902 0.0201142 -0.010724332)
(-0.010769093 0.021499524 -0.014284018)
(-0.01330698 0.022341558 -0.017836786)
(0.036997297 -0.0088560098 0.0099333717)
(0.042923837 -0.015058765 0.014699273)
(0.039996364 -0.0146452 0.017879189)
(0.041013228 -0.0078387225 0.0099621714)
(0.044577094 -0.014888701 0.017995816)
(0.042648579 -0.010026767 0.012366946)
(0.038602243 -0.011169947 0.011078132)
(0.046968221 -0.00086370279 0.0057711258)
(0.049099991 -0.012478228 0.0083899001)
(0.057234267 -0.0074888033 0.0032998517)
(0.04462956 -0.0053749956 0.0084448308)
(0.050498471 -0.013911045 0.01248203)
(0.046201605 -0.0074196081 0.011810711)
(0.048965164 -0.0029553461 0.0086814552)
(0.046331067 0.0052735943 0.0026772268)
(0.051292094 0.016482331 0.00017032113)
(0.059986407 0.00382859 -0.0016188045)
(0.042401867 0.010908914 -0.00059092794)
(0.056145853 0.015171227 -0.0034059882)
(0.046315629 0.010442396 1.5450482e-05)
(0.049291908 0.0039523553 0.0045161005)
(0.032709609 0.014039156 -0.0082464111)
(0.04352897 0.019769889 -0.0010186422)
(0.039981663 0.02267591 -0.0066375595)
(0.037055731 0.013861853 -0.0042380703)
(0.048297421 0.021623178 -0.0044067903)
(0.041392154 0.014348637 -0.0051546527)
(0.036921898 0.014943826 -0.010674731)
(0.02794056 -0.01568955 0.020358718)
(0.028280526 -0.023496601 0.013736864)
(0.034336868 -0.017991293 0.019300025)
(0.025635595 -0.019558926 0.018901126)
(0.03150781 -0.022342512 0.016727441)
(0.02705601 -0.018561222 0.018555248)
(0.028272945 -0.015806543 0.019595844)
(0.021007829 -0.0267207 0.0053660578)
(0.01700555 -0.023755202 0.0065701754)
(0.017615686 -0.025263489 0.0063404839)
(0.022219057 -0.021970515 0.013255017)
(0.024550942 -0.024905426 0.012008747)
(0.024909868 -0.019810255 0.015956253)
(0.021822507 -0.020669718 0.012321072)
(0.035478232 0.18083672 0.22060054)
(0.00028353947 0.20984281 0.23769268)
(0.040819666 0.17583134 0.23994321)
(0.01677375 0.18466145 0.22287938)
(0.018600644 0.17964509 0.23986968)
(0.033268297 0.14688581 0.20090511)
(0.046110826 0.14114341 0.20058978)
(0.022587265 0.068606172 0.05774172)
(0.03227746 0.061184432 0.030468494)
(-0.020495148 0.13270227 0.1530884)
(0.02887292 0.078871188 0.068832342)
(0.018423767 0.088813534 0.11700119)
(0.054706386 0.053540861 0.038260344)
(0.052626249 0.050314902 0.0079421884)
(0.020323745 0.039750419 -0.018299375)
(0.0052614899 0.030898238 -0.024763883)
(0.0019057282 0.038361877 -0.01886628)
(0.015043836 0.029264816 -0.020435171)
(0.0175955 0.041768369 -0.015199058)
(0.018052758 0.030607385 -0.022656356)
(0.0051080588 0.031910148 -0.026750169)
(0.0099560438 -0.024406054 0.0014651516)
(-0.0062084628 -0.024347588 -0.0087366487)
(0.012503733 -0.024805938 0.0021145977)
(0.0033934132 -0.023404104 -0.00087050713)
(0.0065605241 -0.024070339 -0.00015643806)
(0.012145722 -0.020821546 0.0052164237)
(0.017786002 -0.0210385 0.0088139995)
(-0.008594566 -0.019440693 -0.0045800068)
(-0.0017742433 -0.018712044 -0.00081212112)
(0.00019914887 -0.016487036 0.0060688257)
(-0.00055527302 -0.020918305 -0.0010436305)
(0.0017372662 -0.020888784 0.0010651516)
(0.0067684339 -0.019347786 0.0025765859)
(0.003060523 -0.017141392 0.0023449534)
(0.15931811 -0.044401046 0.16975322)
(0.19547925 -0.066766265 0.20821234)
(0.15901031 -0.048451144 0.18841338)
(0.15702563 -0.058131217 0.17550607)
(0.15392365 -0.064401959 0.19132104)
(0.11295496 -0.055135151 0.14307098)
(0.1126071 -0.045543204 0.13654492)
(0.00091073482 -0.03785666 0.02047118)
(0.085188993 -0.08090785 0.12512128)
(-0.0061566568 -0.032518242 0.00057752193)
(0.021796643 -0.04493204 0.039699465)
(0.027770434 -0.053454143 0.066247755)
(-0.011591599 -0.032857578 -0.0086590096)
(-0.020688599 -0.02658981 -0.027261479)
(-0.049664806 -0.032989231 0.091655972)
(-0.025270178 -0.014071155 0.079444164)
(-0.065707043 -0.005442211 0.14444138)
(-0.028870215 -0.04427241 0.14167544)
(-0.052135807 -0.0087788204 0.085419958)
(-0.024115091 -0.036217917 0.084179261)
(-0.06175185 -0.038125272 0.1543421)
(-0.060852237 -0.049750309 0.077131354)
(-0.10963153 -0.095304649 0.14797479)
(-0.052445977 -0.031749513 0.037391837)
(-0.037756464 -0.046612128 0.037539289)
(-0.026877119 -0.021817184 0.018911452)
(-0.097435993 -0.059459212 0.11112175)
(-0.07206662 -0.085520283 0.11162162)
(-0.080180945 -0.033533384 0.11781929)
(-0.12146317 -0.028224228 0.21845612)
(-0.11605167 -0.0023268259 0.1529818)
(-0.095236078 -0.00025978352 0.17322389)
(-0.081874069 -0.0047536305 0.11011301)
(-0.11557103 -0.032684305 0.16028936)
(-0.091075604 -0.03644436 0.1821358)
(-0.050356579 -0.061950998 0.11671102)
(-0.06113866 -0.099284363 0.21556995)
(-0.028472743 -0.10330389 0.15118635)
(-0.029316064 -0.07493439 0.16936895)
(-0.024317901 -0.065917854 0.10824353)
(-0.055427593 -0.098580385 0.15860022)
(-0.061204795 -0.066466856 0.18011309)
(-0.022869862 0.023544193 -0.018933948)
(-0.022032747 0.021691361 -0.027838462)
(-0.033166248 0.022231835 -0.025450386)
(-0.018352809 0.021665459 -0.024179813)
(-0.030706501 0.023731905 -0.020513984)
(-0.025129006 0.020845918 -0.02799514)
(-0.028117195 0.019660097 -0.032139635)
(-0.035583597 0.0041083479 -0.030100706)
(-0.031084296 0.0061331373 -0.015358602)
(-0.043647855 0.0046027136 -0.027968397)
(-0.023844116 0.001437116 -0.011128283)
(-0.030334594 -0.00084972634 -0.018876284)
(-0.017888995 -0.0055791316 -0.0029514263)
(-0.027986627 0.0024591829 -0.010021271)
(-0.03358424 0.019164549 -0.014764955)
(-0.025427316 0.022082005 -0.015102988)
(-0.034420037 0.021649504 -0.022325035)
(-0.028962059 0.019126465 -0.01152733)
(-0.040818621 0.020730958 -0.020047611)
(-0.032668258 0.02090966 -0.01732918)
(-0.028689747 0.02111673 -0.02096233)
(0.01339408 0.0069295118 0.013987538)
(0.012418908 0.0062560304 0.012695235)
(0.014411094 0.00031652404 0.015921271)
(0.014771635 0.005005925 0.011544041)
(0.015384414 0.0049055037 0.013036577)
(0.014740795 0.0066229929 0.0098313483)
(0.012502931 0.0077616909 0.011218395)
(0.013890686 -0.0051091524 0.0062193883)
(0.017299687 -0.0013465151 0.0080315403)
(0.019179352 -0.00069673301 0.010452403)
(0.013127739 -0.0027588172 0.0069940088)
(0.016874838 0.0015309077 0.0083670559)
(0.011968712 -0.00050689542 0.0057140546)
(0.012523222 -0.002687988 0.0052317428)
(0.019106681 -0.020514663 0.0081811431)
(0.01734756 -0.020123634 0.0083493276)
(0.015615704 -0.019267152 0.011626201)
(0.018261622 -0.018399735 0.0089174308)
(0.020194698 -0.019392486 0.0087143624)
(0.019694766 -0.018739946 0.0067819903)
(0.019032448 -0.020123813 0.0062736194)
(0.015077735 -0.0096628106 0.0061708896)
(0.019947739 -0.010997865 0.0071220709)
(0.022180676 -0.012995743 0.0078532185)
(0.015515577 -0.01250315 0.006027069)
(0.020950116 -0.01425833 0.0064228969)
(0.015232723 -0.013222443 0.0047976001)
(0.014703849 -0.010613036 0.0052149085)
(-0.00038782867 -0.014838696 0.02291502)
(0.0063717446 -0.01369681 0.019664701)
(-0.015796069 -0.031736562 0.02180455)
(-0.023464018 -0.02560062 0.02187515)
(-0.017524961 -0.024091594 0.02012852)
(0.0040335618 -0.013245591 0.022266375)
(0.0023956942 -0.015119185 0.021572706)
(0.011198365 0.0087179749 0.014380422)
(0.0099554546 0.0078825995 0.013242231)
(0.0091815017 0.0064495153 0.016424746)
(0.0093357562 0.010261488 0.014288168)
(0.0074085345 0.0093128971 0.013309755)
(0.010170205 0.0091147769 0.012012561)
(0.0079950447 0.010241836 0.012052577)
(-0.0024914637 0.0062179376 0.0079722991)
(0.00071751924 0.010488866 0.010591368)
(0.0014381644 0.012021415 0.012059015)
(0.0034269429 0.01124494 0.011326159)
(0.00033466588 0.0071178429 0.0094755619)
(0.0012999123 0.0070073075 0.0091318167)
(-0.0010395763 0.0064669277 0.0080536657)
(-0.0066035432 -0.00083241516 0.015260285)
(-0.0086318003 -0.0036657804 0.015436146)
(-0.0047678223 -0.0015676421 0.012243481)
(-0.011089071 -0.00068466825 0.01084037)
(-0.0042958009 -0.0036864832 0.016067763)
(-0.010886006 -0.0012506001 0.014674661)
(-0.0073360121 0.0010339989 0.011367357)
(-0.0091442671 0.0012550438 0.014259803)
(-0.013153989 0.0031949568 0.0087775173)
(-0.01403743 0.0011819954 0.0094499771)
(-0.016002643 0.00083528721 0.011989333)
(-0.013316081 0.00032226774 0.013626105)
(-0.010319162 0.0028069231 0.010030498)
(-0.012109293 0.0021309686 0.012700437)
(-0.023504519 0.00055395265 0.0062982976)
(-0.023959282 -0.00025391446 0.0062017406)
(-0.017718829 0.0011750554 0.0090698269)
(-0.021883142 0.0024496205 0.0060946891)
(-0.021407229 0.0024785055 0.006644875)
(-0.022797186 0.0026583271 0.0042606607)
(-0.024587558 0.00046877616 0.0043193285)
(-0.0073929818 0.0048679868 0.0050016786)
(-0.0094220664 0.0088598582 0.0057163959)
(-0.011907065 0.0077393699 0.0076329144)
(-0.01093366 0.0038712461 0.0041458653)
(-0.013808399 0.0078350841 0.0046236228)
(-0.012899484 0.0041926032 0.0018459599)
(-0.009502344 0.0050694862 0.0026890801)
(0.017866517 -0.021823511 0.0070632572)
(0.016541428 -0.021518152 0.0071276347)
(0.01163961 -0.02180298 0.0084867095)
(0.016530668 -0.022757183 0.0055995259)
(0.01599016 -0.022785209 0.0051779021)
(0.017801803 -0.022746898 0.0031250612)
(0.018336753 -0.021474953 0.004927013)
(0.0067486403 -0.018488816 -0.00055491992)
(0.012589126 -0.023365212 0.0028283225)
(0.011977751 -0.02228316 -0.00097848496)
(0.014484549 -0.023059021 -0.00029547401)
(0.0083167666 -0.019058678 0.00073613833)
(0.010143096 -0.019423136 -0.0010250843)
(0.0086587019 -0.018908468 -0.001936787)
(-0.011283079 -0.0094117081 0.015707136)
(-0.010669135 -0.006529038 0.01556713)
(-0.006225625 -0.010118768 0.01221671)
(-0.012858587 -0.0072537405 0.01145338)
(-0.0077219302 -0.0098534921 0.016024631)
(-0.014561121 -0.0062156173 0.015240005)
(-0.0092722654 -0.010239184 0.011672762)
(-0.013654208 -0.0092897926 0.015318675)
(-0.01264186 -0.010909407 0.010500669)
(-0.015348745 -0.007652248 0.010788895)
(-0.017662237 -0.0075670986 0.014483662)
(-0.017101532 -0.0064594784 0.014943941)
(-0.011704439 -0.010396513 0.010977887)
(-0.014396019 -0.0097440523 0.014548185)
(-0.014492561 -0.0064612784 0.021839842)
(-0.010100339 -0.010978588 0.017457961)
(-0.030772335 0.010889297 0.021388307)
(-0.0259192 0.01987872 0.021421172)
(-0.024314657 0.013404775 0.019861827)
(-0.010395086 -0.011048917 0.020303711)
(-0.014107377 -0.006896711 0.020393315)
(-0.014217525 -0.013645939 0.011932312)
(-0.013618052 -0.013120883 0.011337081)
(-0.01301318 -0.010759422 0.013897594)
(-0.010625966 -0.013490392 0.010836592)
(-0.011968744 -0.013980074 0.011633907)
(-0.010091608 -0.014032281 0.0093140209)
(-0.012610058 -0.013672847 0.010020904)
(0.0029005889 -0.016507218 7.6859671e-05)
(-0.00051955858 -0.018582694 0.0050812255)
(0.0028255253 -0.018383144 0.00080359714)
(-0.00071437788 -0.014797912 0.002279753)
(-0.0016618686 -0.016908793 0.0033271853)
(-0.00061284534 -0.013693271 0.00096944686)
(0.0024536352 -0.015261793 -0.00099963262)
(-0.023340211 -0.0048087869 0.011860976)
(-0.024530367 -0.0075838783 0.0090340218)
(-0.024497677 -0.0047172649 0.0067658262)
(-0.022940124 -0.0062269725 0.0080106867)
(-0.023116852 -0.0041850299 0.0080549871)
(-0.024667006 -0.0057989311 0.0096481301)
(-0.023450604 -0.0070337428 0.011247076)
(-0.019384828 -0.0024883135 0.013362789)
(-0.01318201 -0.0036443869 0.014794152)
(-0.015682425 -0.0015958081 0.010158174)
(-0.0162831 -0.0043803088 0.010683807)
(-0.015536529 -0.001629289 0.01387197)
(-0.017146921 -0.0038050479 0.014363606)
(-0.018953513 -0.0027403813 0.0096065596)
(-0.021440312 -0.0024877328 0.012315447)
(-0.023052785 -0.0023930792 0.0068990829)
(-0.018344134 -0.00027063051 0.0087800579)
(-0.020481832 -0.0010678299 0.011469353)
(-0.017913555 -0.00082360141 0.012826333)
(-0.02134649 -0.0021037908 0.0083362075)
(-0.023371546 -0.0032481176 0.010848094)
(-0.021602047 -0.0041960392 0.013140107)
(-0.02123508 -0.0060834422 0.0090658969)
(-0.018618371 -0.0053021356 0.010158289)
(-0.020106874 -0.0066853635 0.013832997)
(-0.019558946 -0.0047368646 0.014092802)
(-0.021075546 -0.004279148 0.0092267568)
(-0.021968383 -0.0065557712 0.012819599)
(-0.025248624 -0.0019616287 0.0055579759)
(-0.026006668 -0.002740028 0.0056267439)
(-0.023525971 -0.0048898262 0.006246412)
(-0.0273512 -0.0053604973 0.0044038211)
(-0.026061675 -0.0038476714 0.0048242747)
(-0.026302899 -0.0019704657 0.0038520641)
(-0.027222011 -0.0040793206 0.0030750828)
(-0.02102468 -0.0083081737 0.0050622306)
(-0.025946209 -0.010127183 0.0043089346)
(-0.022707193 -0.0086826248 0.0040363519)
(-0.022837941 -0.0074016686 0.0040641169)
(-0.024490995 -0.0075468531 0.0028843908)
(-0.021825483 -0.0063328768 0.0029297651)
(-0.020463625 -0.0073211783 0.0040586274)
(-0.016505348 -0.013623895 0.011389685)
(-0.016152243 -0.01342509 0.010946946)
(-0.018734887 -0.01112335 0.011281182)
(-0.018407143 -0.014111436 0.009612557)
(-0.018252152 -0.013546079 0.010347606)
(-0.017199386 -0.014225247 0.0088190864)
(-0.0150237 -0.013715126 0.0098480979)
(-0.018847642 -0.0092188825 0.0069824763)
(-0.021320036 -0.013438822 0.0086283961)
(-0.019937869 -0.011621532 0.0085756259)
(-0.017587985 -0.0095280276 0.0078480857)
(-0.019205697 -0.01242449 0.0089564059)
(-0.01571658 -0.0091462247 0.0081660895)
(-0.017139994 -0.0090407688 0.0078971251)
(0.019175207 0.014134905 0.0059162516)
(0.020173962 0.012288961 0.0048410205)
(0.022048015 0.013661065 0.0083097444)
(0.021068223 0.0096440204 0.0036961176)
(0.020204613 0.011628822 0.0054470526)
(0.018348295 0.00930049 0.004890368)
(0.017488281 0.010960623 0.0060364377)
(0.020879942 0.0054465824 0.0025431067)
(0.020784261 0.0049957209 0.0043940268)
(0.023362085 0.0097446334 0.0055292243)
(0.021164627 0.0076966822 0.0030213515)
(0.020784642 0.0082939729 0.0049615268)
(0.018729503 0.0072204419 0.0039240384)
(0.018624059 0.0050421609 0.0032967362)
(0.027993028 -0.0029086664 0.024546301)
(0.026188294 -0.00076362309 0.038036505)
(0.028394147 -0.00079037034 0.013737476)
(0.027608458 0.00083724997 0.010829171)
(0.027876478 -0.0018013992 0.021364577)
(0.027520882 -0.00055856542 0.0066800756)
(0.028298269 -0.0014526966 0.0085622143)
(0.022065978 0.0032734625 0.001944813)
(0.023009971 -0.00025381505 0.0037651777)
(0.025627645 0.0021328157 0.0058484477)
(0.023493161 0.0027416384 0.0019655836)
(0.024512571 -0.00053539155 0.0041454199)
(0.022250071 0.0010267774 0.0021969001)
(0.020884765 0.001404338 0.0021058009)
(0.020033616 0.015908957 0.013979787)
(0.0206802 0.015401262 0.0096042038)
(0.019752347 0.0070976308 0.034604088)
(0.01836427 0.015861655 0.014642561)
(0.020301645 0.016486319 0.0097850531)
(0.018977529 0.016825653 0.0072280735)
(0.020023304 0.016452084 0.0062207958)
(0.014312317 0.017205174 0.0067729001)
(0.011836849 0.017534057 0.0087807266)
(0.016292132 0.020548289 0.0088900452)
(0.013778391 0.01771755 0.0088043349)
(0.016114745 0.016559354 0.0067397351)
(0.013266553 0.014545544 0.0078972924)
(0.011550817 0.01497744 0.0075624509)
(0.025724733 0.01395204 0.030939545)
(0.025044851 0.017269172 0.0047114008)
(0.023387217 0.017045416 0.018886443)
(0.025035457 0.017305732 0.0058224154)
(0.02446647 0.017129391 0.022079134)
(0.026199903 0.016038858 0.0066415262)
(0.024394315 0.01539208 0.025927799)
(0.027269371 0.0085754335 0.047712869)
(0.027448962 0.0061224011 0.056263218)
(0.028824932 0.010353837 0.01093439)
(0.029601526 0.012557448 0.011815002)
(0.027182556 0.0067329008 0.050476904)
(0.027480618 0.0080221363 0.05482494)
(0.028560633 0.012967439 0.0093852338)
(0.026522529 0.011343362 0.038218625)
(0.026130488 0.01665132 0.0047765702)
(0.025326062 0.014366072 0.031893663)
(0.027839927 0.013924994 0.0092908481)
(0.026288164 0.009947474 0.041851169)
(0.025156617 0.015701656 0.027711356)
(0.027465762 0.014535891 0.0073499028)
(0.02668345 0.011336801 0.039836639)
(0.026714579 0.017177942 0.007445993)
(0.028834544 0.01509162 0.010979591)
(0.026557252 0.013403201 0.038577673)
(0.027305682 0.010459143 0.047064092)
(0.02768794 0.015319214 0.0087874868)
(0.025230086 0.013709722 0.032590015)
(0.020058645 0.025075567 0.026890943)
(0.02117104 0.023867878 0.040892681)
(0.021698359 0.023366127 0.015539918)
(0.021115372 0.024021353 0.013821624)
(0.019255762 0.025234481 0.023075934)
(0.020090906 0.025068492 0.0073342243)
(0.020467358 0.024936835 0.0082790783)
(0.015031411 0.019208307 0.0052312256)
(0.012770148 0.022366612 0.0049185595)
(0.017758926 0.024017332 0.009217174)
(0.017205104 0.020965585 0.0038398097)
(0.01482082 0.024500089 0.0042840853)
(0.015010357 0.020820171 0.0034592273)
(0.012867428 0.019155409 0.0042258277)
(0.022406244 -0.022533845 0.0038857801)
(0.01443925 -0.022826703 0.02375064)
(0.021809787 -0.022106549 -0.0003645365)
(0.022986769 -0.022306964 0.00026089585)
(0.022723052 -0.020960762 0.005208307)
(0.023632493 -0.021713386 -0.0014994088)
(0.023007842 -0.022378272 -0.0026746646)
(0.021584276 -0.017495348 0.0064253389)
(0.022745084 -0.016398788 0.0053934692)
(0.026498188 -0.020245968 0.0020705069)
(0.02166334 -0.020002909 0.0042719675)
(0.023853798 -0.018672694 0.0034977751)
(0.02044869 -0.018663371 0.0045907063)
(0.020055053 -0.016089093 0.0060043389)
(0.026532441 -0.021476289 0.029108268)
(0.025439473 -0.022721238 0.04014596)
(0.024900701 -0.02270575 0.018194397)
(0.025508776 -0.02220172 0.016201592)
(0.026489796 -0.020651932 0.025083004)
(0.026532168 -0.021041977 0.011951271)
(0.026431919 -0.021339162 0.013426937)
(0.022104236 -0.01634042 0.0078278104)
(0.023725313 -0.013310274 0.0074613352)
(0.025667744 -0.018826592 0.010295601)
(0.023453336 -0.018121648 0.0081783736)
(0.025359785 -0.015170727 0.0082748938)
(0.022401309 -0.015006318 0.0093881487)
(0.021081139 -0.013160733 0.0083311221)
(0.0024679404 0.013933114 0.0097261045)
(0.0065188678 0.016627451 0.0092931133)
(0.0049452551 0.018422555 0.01015485)
(0.0029004203 0.017956912 0.0083591296)
(0.0018454162 0.012770975 0.0067496319)
(0.00045127 0.013629279 0.0074954394)
(0.0044790686 0.016422392 0.0074525085)
(-0.0065894575 0.01428704 0.0052459642)
(-0.0061937938 0.018331571 0.003616865)
(-0.0045979596 0.019233992 0.0068175846)
(-0.0014927101 0.01860311 0.0063027731)
(-0.0052450772 0.014186806 0.0022792385)
(-0.0032828731 0.017863707 0.0033535034)
(-0.0035633116 0.014152247 0.0049755645)
(0.0074655474 0.02193972 0.0049419075)
(0.0034506269 0.022633549 0.0035915009)
(0.0053283348 0.024698784 0.0060044985)
(0.0034252567 0.02105011 0.0060548581)
(0.0031552892 0.018162432 0.0030495699)
(0.0014582005 0.019806689 0.0036304598)
(0.0052206515 0.018965974 0.0053140239)
(-0.016709752 0.018125567 0.011551749)
(-0.007276686 0.017403372 0.029800919)
(-0.016201124 0.018638634 0.0081192625)
(-0.014162482 0.019858513 0.012251911)
(-0.015443294 0.019858512 0.0072962464)
(-0.016248628 0.019663362 0.0039333008)
(-0.017929605 0.018284675 0.0041021435)
(-0.0072993006 0.021433734 0.00069341233)
(-0.0083794711 0.020627315 0.0022969971)
(-0.011598962 0.023775655 0.0036885947)
(-0.01217947 0.02013993 0.0026346784)
(-0.010017354 0.021140658 0.0012141427)
(-0.011706361 0.018051285 0.00064091006)
(-0.0090325434 0.018575783 0.00030800652)
(0.0038770482 0.029641569 0.022194884)
(0.0008322069 0.026940664 0.036164147)
(0.0020112248 0.030047539 0.010835511)
(0.0025572199 0.029733638 0.018947939)
(0.00034533348 0.029437397 0.0081907956)
(0.0022696745 0.029751309 0.0032646529)
(0.0032176905 0.030265015 0.0045228306)
(-0.0024335408 0.023098786 0.00084390981)
(0.0010948961 0.024511444 0.0017834212)
(-0.0012696246 0.027464893 0.004180865)
(0.0020549598 0.026635082 0.0015532159)
(-0.00094608879 0.024990861 0.0004395181)
(0.001294336 0.023767909 0.00034167932)
(-0.00015538266 0.021924568 0.0007256322)
(-0.0054545642 0.025901029 0.031815138)
(-0.0058553248 0.027416383 0.018967973)
(-0.0093722536 0.027248874 0.0027780192)
(-0.006575247 0.028285679 0.0030614917)
(-0.0084313291 0.025876639 0.02290693)
(-0.0041925195 0.027398909 0.024631046)
(-0.0081507595 0.027739314 0.0052094963)
(-0.0034512685 0.024382814 0.04638996)
(-0.0046093757 0.023836415 0.056738246)
(-0.010188013 0.026588708 0.01234581)
(-0.0086260698 0.027764195 0.013000553)
(-0.0045884197 0.023180444 0.049598649)
(-0.0026301214 0.025103237 0.053466823)
(-0.0087652248 0.027350556 0.010448868)
(-0.0063106161 0.023876526 0.036954519)
(-0.010848314 0.026350706 0.004736149)
(-0.011139674 0.022592277 0.030052579)
(-0.010595196 0.025924496 0.0090963604)
(-0.0071792525 0.022718979 0.040189597)
(-0.0099951268 0.023502383 0.026786176)
(-0.009419984 0.026890389 0.0073920042)
(-0.0025750851 0.025586111 0.039950456)
(-0.0066118391 0.028463718 0.0048552303)
(-0.00077407837 0.027426684 0.035753386)
(-0.0071883488 0.027980874 0.010050109)
(-0.0009648548 0.02602217 0.046234705)
(-0.0020979481 0.026886213 0.030791417)
(-0.0075601535 0.027940463 0.0078080115)
(0.022324573 -0.023290018 -0.0047529423)
(0.020089138 -0.022930288 -0.0050238791)
(0.018872706 -0.022660551 0.0018547744)
(0.020758027 -0.024038702 -0.0072815932)
(0.018451714 -0.023232047 -0.0078655758)
(0.017810347 -0.023590289 -0.0056572167)
(0.019249362 -0.023091367 -0.0030102787)
(0.013272388 -0.023440091 -0.011790515)
(0.015391871 -0.02418795 -0.0097956535)
(0.01878751 -0.024451597 -0.0096686859)
(0.018548646 -0.024307555 -0.0088922729)
(0.015816737 -0.02350207 -0.010182301)
(0.015888455 -0.023670587 -0.008080877)
(0.013813208 -0.023322893 -0.0099376062)
(0.0095387225 -0.021341136 0.015824543)
(0.014133868 -0.022475235 -0.0089318772)
(0.010907911 -0.022536533 0.004729094)
(0.010860025 -0.02232213 -0.0092531555)
(0.013212972 -0.02220158 0.008671828)
(0.012373807 -0.022197448 -0.0070399372)
(0.0087527184 -0.021868126 0.0096642977)
(0.0059995393 -0.020399789 0.030040893)
(0.0060446675 -0.0210177 0.04325244)
(0.013423301 -0.022516121 0.0008074193)
(0.011502374 -0.022153878 0.00095899836)
(0.0064126297 -0.020207604 0.036183959)
(0.0048405832 -0.020700471 0.036596073)
(0.012236371 -0.021997749 -0.0014476552)
(0.0095024964 -0.020703625 0.021247303)
(0.015307463 -0.022151272 -0.0063001182)
(0.01510723 -0.020782283 0.016455844)
(0.01455611 -0.021920611 -0.0019908638)
(0.0096819515 -0.020309835 0.026956511)
(0.014301972 -0.021358138 0.012386261)
(0.013468288 -0.021960492 -0.0040646779)
(0.0059321433 -0.020818682 0.023560416)
(0.0088037242 -0.022201121 -0.007934909)
(0.0099743722 -0.021671222 -0.002671594)
(0.0041672278 -0.021064631 0.020070069)
(0.0040310194 -0.020629021 0.029530206)
(0.010855679 -0.021902933 -0.0050232757)
(0.0056754252 -0.021689946 0.015782361)
(-0.0011057495 -0.025974457 0.011992505)
(0.0020467189 -0.023796206 0.024772609)
(0.0009825893 -0.025674824 0.0025793384)
(0.0028711491 -0.025979842 -0.0011045731)
(0.00020531023 -0.026971998 0.0085874968)
(6.3638279e-05 -0.026673374 -0.0033409391)
(0.0010070687 -0.026980665 -0.0052936065)
(0.0086549264 -0.023454132 -0.013117962)
(0.0051255081 -0.025520056 -0.010515728)
(0.0061971835 -0.025852878 -0.0082174904)
(0.0063329127 -0.023958552 -0.012662579)
(0.0024144749 -0.026713535 -0.0093267095)
(0.0033474444 -0.024126066 -0.011941257)
(0.0058218546 -0.023309549 -0.012598613)
(0.012747068 -0.023478219 -0.0045891264)
(0.013451201 -0.02413327 -0.0077448002)
(0.013318971 -0.025881243 -0.0056027057)
(0.0098658093 -0.024558286 -0.0061365576)
(0.010443931 -0.021362559 -0.0068364282)
(0.010043103 -0.02208075 -0.0053199122)
(0.010482508 -0.022995946 -0.0078907882)
(0.0033822783 -0.020812344 -0.0014867508)
(-0.0018677187 -0.021254047 -0.00077114862)
(0.00061146041 -0.023711373 -0.00023447265)
(0.0043737972 -0.023621811 -0.0036732779)
(0.0044329745 -0.018905019 -0.0044978095)
(0.0018445238 -0.021283538 -0.0037121738)
(0.0062211996 -0.020778002 -0.0039747686)
(0.003044718 -0.025587489 -0.0078261113)
(-0.0028854608 -0.025414244 -0.0041685416)
(0.00052299192 -0.02765317 -0.0045189298)
(0.0040804741 -0.02524187 -0.005830833)
(0.003575585 -0.022258644 -0.0082006786)
(0.0011184752 -0.023203293 -0.0053905311)
(0.0060742234 -0.023604158 -0.0084027412)
(-0.021312215 -0.0075172797 0.0031833508)
(-0.020634276 -0.0043820063 0.0014425025)
(-0.022202112 -0.0071152079 0.0022042736)
(-0.020526103 -0.0077312336 0.0028901097)
(-0.018397443 -0.0062360418 0.0025277787)
(-0.019769292 -0.0079456002 0.003916899)
(-0.019162044 -0.0054663322 0.0017043263)
(-0.020293084 -0.011324355 0.0076524795)
(-0.020018894 -0.010887209 0.0069715914)
(-0.021000484 -0.011586259 0.0063144493)
(-0.020242129 -0.0097901183 0.0049117641)
(-0.018704424 -0.0092981915 0.0069181597)
(-0.019675914 -0.0096528397 0.006139361)
(-0.019163704 -0.0092528814 0.0055904929)
(-0.018567178 -0.0039188962 0.00027449452)
(-0.01787499 -0.0064772805 0.00079177549)
(-0.019734869 -0.006879558 0.0010840027)
(-0.019325767 -0.0074396825 0.0020820361)
(-0.016612844 -0.0050969174 0.00085018928)
(-0.018103549 -0.00501068 0.00090411809)
(-0.017819878 -0.0070236447 0.0023512853)
(-0.012870659 0.021532683 0.034837923)
(-0.016580749 0.021535753 0.0073661858)
(-0.016156693 0.021736518 0.0064982207)
(-0.015760927 0.01882651 0.021819594)
(-0.015336146 0.020912545 0.025412586)
(-0.01515451 0.022894155 0.0090656965)
(-0.014524298 0.019728561 0.030078986)
(-0.0076028033 0.022128946 0.049479671)
(-0.0061355529 0.022583624 0.057749727)
(-0.012863118 0.025600241 0.015766375)
(-0.011600569 0.025688925 0.013279336)
(-0.0073396142 0.022104029 0.056776628)
(-0.0058988076 0.022284343 0.05072191)
(-0.012901239 0.024960097 0.013244684)
(-0.010360298 0.021826611 0.044176953)
(-0.01624881 0.022876569 0.0099422739)
(-0.014325941 0.024842664 0.014193036)
(-0.012041517 0.020991717 0.043161176)
(-0.0093911956 0.021911287 0.051794363)
(-0.014599884 0.024054787 0.011902519)
(-0.012833995 0.021028818 0.037077974)
(-0.010196265 0.022266168 0.039941937)
(-0.014394735 0.022994515 0.0074794297)
(-0.012278317 0.022320924 0.031183769)
(-0.01191043 0.024931741 0.010042172)
(-0.008379715 0.022234169 0.04138747)
(-0.013602803 0.022226372 0.029950477)
(-0.013292816 0.024067612 0.0101074)
(-0.020402005 0.0092688635 0.027365639)
(-0.019113538 0.0097915269 0.039403604)
(-0.020634147 0.012934216 0.017631307)
(-0.020319091 0.0082188462 0.022858758)
(-0.021140435 0.012051745 0.015189667)
(-0.021776934 0.011337767 0.0076257383)
(-0.021897465 0.012363176 0.0091386717)
(-0.018889371 0.0068585525 -0.0003306191)
(-0.019869737 0.0020994853 0.00050331007)
(-0.020765075 0.0067992651 0.0070468426)
(-0.021036877 0.0046505652 0.0011146896)
(-0.019456337 0.0096503713 -2.8063936e-05)
(-0.018678598 0.0073476754 -0.0024808552)
(-0.01788448 0.0043729697 -0.0022199339)
(-0.023107914 -0.01704558 0.013633281)
(-0.023905737 -0.0086081185 0.033762068)
(-0.022066588 -0.016641804 0.010187074)
(-0.021691504 -0.017170582 0.014263897)
(-0.02224746 -0.017775992 0.010120816)
(-0.022126073 -0.017548734 0.0078351522)
(-0.021339511 -0.018180255 0.0080087892)
(-0.015835045 -0.020000537 0.0042092234)
(-0.012032308 -0.020306199 0.0033077431)
(-0.020142443 -0.023108056 0.0063147609)
(-0.015638959 -0.019822628 0.0056654624)
(-0.018744038 -0.018485152 0.0060426971)
(-0.014640127 -0.017140383 0.0051603361)
(-0.011247088 -0.018132219 0.0026025055)
(-0.016928282 -0.023623477 0.026629421)
(-0.019276999 -0.023606318 0.041385884)
(-0.017031077 -0.021838638 0.01444179)
(-0.01719127 -0.024507343 0.022703152)
(-0.017709003 -0.023200751 0.012776254)
(-0.016681796 -0.024021419 0.0056391201)
(-0.015709663 -0.023031837 0.0063121553)
(-0.016181342 -0.022202634 0.0022015457)
(-0.012487609 -0.025407063 0.0001507422)
(-0.018626265 -0.024995159 0.0080440962)
(-0.015392216 -0.026476399 0.0011216464)
(-0.01791898 -0.02265367 0.0018057221)
(-0.015524896 -0.023182173 0.00015781227)
(-0.012801849 -0.02263565 -0.00051805434)
(-0.021151946 -0.012795947 0.030928492)
(-0.02097081 -0.01572153 0.020364039)
(-0.019812991 -0.01637603 0.0048598873)
(-0.019402814 -0.016665763 0.0048255015)
(-0.021449478 -0.015396962 0.023026519)
(-0.020947936 -0.014122707 0.02747454)
(-0.019420667 -0.015501034 0.0059902156)
(-0.020102282 -0.0081660728 0.042893438)
(-0.018939735 -0.0072180786 0.049163477)
(-0.018622115 -0.012718384 0.0080112362)
(-0.018576774 -0.013231747 0.0094314652)
(-0.019191983 -0.0070619552 0.043442637)
(-0.019442687 -0.0079722526 0.048747124)
(-0.018856875 -0.0136214 0.008198979)
(-0.02070209 -0.010715083 0.034791513)
(-0.019483931 -0.015058324 0.0055102955)
(-0.020007603 -0.013469509 0.026536333)
(-0.018812926 -0.013092667 0.0063207385)
(-0.019529462 -0.0095396956 0.035370837)
(-0.021267433 -0.014140056 0.026335853)
(-0.019147367 -0.014061716 0.0065995846)
(-0.020791977 -0.010233803 0.038828359)
(-0.018937254 -0.016207132 0.0058150659)
(-0.020459038 -0.011438556 0.037691506)
(-0.018666368 -0.014245111 0.0083707287)
(-0.02015392 -0.0092865341 0.044997028)
(-0.021126118 -0.012280471 0.033075771)
(-0.019061455 -0.014906757 0.007268059)
(-0.018694825 -0.0089149322 0.024707368)
(-0.018076502 -0.0099358292 -0.0011709049)
(-0.019094056 -0.0098675282 0.013370245)
(-0.018795588 -0.011701165 0.00053996631)
(-0.019137577 -0.011470517 0.018019339)
(-0.018427132 -0.0086447383 0.017478426)
(-0.018299185 -0.010767073 0.0011576735)
(-0.018416362 -0.0055554876 0.038460696)
(-0.01894914 -0.0059370856 0.048197521)
(-0.018311635 -0.0099091751 0.0057598539)
(-0.018481141 -0.011650641 0.0069124783)
(-0.018691092 -0.0046867266 0.044370621)
(-0.018814982 -0.0060376141 0.042247351)
(-0.018211088 -0.010679863 0.0047856683)
(-0.018061239 -0.0060230007 0.031237211)
(-0.017514718 -0.0092121214 -0.0011540356)
(-0.01821004 -0.0047412399 0.025276721)
(-0.017665532 -0.0086982262 0.0023266712)
(-0.018309777 -0.0042534019 0.036343647)
(-0.017575621 -0.006552378 0.021784293)
(-0.0178237 -0.0098789316 0.0018277615)
(-0.018450958 -0.0085302326 0.030500727)
(-0.018974664 -0.012667639 0.0025430531)
(-0.01920466 -0.012750062 0.025245058)
(-0.018609206 -0.012167993 0.0052634334)
(-0.018862558 -0.0087340499 0.034022287)
(-0.018623073 -0.012113185 0.022213979)
(-0.018445098 -0.011440877 0.0034934139)
(-0.019369776 -0.0035223013 0.014127736)
(-0.016858695 -0.0060875478 0.026678764)
(-0.019332522 -0.0046400385 0.0052820368)
(-0.01975015 -0.0048353461 0.011557157)
(-0.019014388 -0.006501094 0.0029301002)
(-0.019923628 -0.0047574493 -0.0019735508)
(-0.020269489 -0.0035712152 -0.0012252099)
(-0.016805205 -0.0074837763 0.0012488282)
(-0.017235603 -0.0073469386 1.5748161e-05)
(-0.017792781 -0.0091541315 0.00027119428)
(-0.017709401 -0.0065934719 -0.0021157763)
(-0.016414746 -0.0066337861 -0.0017114339)
(-0.015781827 -0.0045721076 -0.00248507)
(-0.015819499 -0.0056698208 0.00023607658)
(0.028758762 -0.0033907493 0.027141805)
(0.029215636 -0.0013942554 0.015870916)
(0.028151475 -0.0011643144 0.050224087)
(0.029485258 -0.0028882188 0.027880885)
(0.030194222 -0.0014059946 0.017358961)
(0.029231649 -0.0020352053 0.0099838598)
(0.030095929 -0.0021827942 0.011045269)
(0.036349493 -0.00081011999 0.0090838572)
(0.035425996 -0.002054891 0.019849212)
(0.037352788 -0.0077449119 0.011429119)
(0.034398601 -0.0062719239 0.011882823)
(0.033379075 -0.00021286674 0.0083019882)
(0.031438437 -0.0025056613 0.0082072114)
(0.0340201 -0.0035856014 0.0094896744)
(0.030520984 0.0050948395 0.054379935)
(0.027629382 0.0062037672 0.056711207)
(0.029951 0.0052455423 0.013473041)
(0.031644456 0.0093459759 0.01418026)
(0.029553903 0.0037913175 0.053516996)
(0.028933447 0.0081027026 0.059313317)
(0.030940577 0.005006085 0.01342547)
(0.030342782 0.0063819949 0.048532143)
(0.030654424 0.0045054448 0.0091862237)
(0.031572647 0.0082597138 0.01340427)
(0.031114299 0.0087097744 0.050688457)
(0.030210472 0.0093420423 0.055837926)
(0.030684139 0.0042059454 0.011280303)
(0.029688601 0.0061417454 0.042771465)
(0.03535488 0.040157846 0.076818282)
(0.036014359 0.020045594 0.031119903)
(0.034336948 0.048739205 0.10726613)
(0.037313637 0.017578379 0.034086926)
(0.037140183 0.034758296 0.070245053)
(0.041181568 0.015669176 0.023398752)
(0.040739836 0.017356282 0.01899988)
(0.041257033 0.0020662732 0.0092149141)
(0.042961428 0.008569436 0.022958022)
(0.049126882 -0.0030996337 0.011204831)
(0.04263618 0.0061587691 0.0094536762)
(0.049559525 0.0038116296 0.012080012)
(0.045643516 0.0048355523 0.0083869698)
(0.044085556 7.2348126e-05 0.0090531639)
(0.027529622 0.012363012 0.056530825)
(0.02621694 0.0082225301 0.058484146)
(0.030919625 0.013522987 0.014324933)
(0.031934021 0.012317662 0.015061266)
(0.027121599 0.0098111815 0.057291589)
(0.027207991 0.010688865 0.058691248)
(0.031584729 0.014155814 0.01507109)
(0.019940662 0.035153545 0.13576404)
(0.025242914 0.037658871 0.10280332)
(0.00043930768 0.022173043 0.22775198)
(0.0010050421 0.036162313 0.23299045)
(0.0013911242 0.013461729 0.22109038)
(0.022310686 0.034535326 0.11433603)
(0.022118457 0.040268037 0.12398732)
(0.028320428 0.013905963 0.050582788)
(0.030379603 0.017453439 0.011775332)
(0.030058628 0.015500535 0.013106602)
(0.028193502 0.014456321 0.041272342)
(0.027828306 0.011730941 0.050811764)
(0.030947667 0.015872474 0.013863506)
(0.028492537 0.015853273 0.041102811)
(0.028778987 0.014408257 0.052916193)
(0.032882079 0.014322415 0.012798567)
(0.032236695 0.011967064 0.014442366)
(0.031959586 0.012556023 0.050758863)
(0.029184897 0.012390923 0.056079737)
(0.032228416 0.014448335 0.014405675)
(0.030337227 0.015008198 0.046915304)
(0.019479478 0.026556996 0.0057644609)
(0.022892989 0.023569503 0.0016099124)
(0.02384993 0.028108292 0.023537801)
(0.024828927 0.023044157 0.0004345852)
(0.02200348 0.027385328 0.0044064323)
(0.022244227 0.02359768 -0.0005317658)
(0.020505775 0.023632671 0.00035731794)
(0.027349518 0.024545786 0.00044189834)
(0.025746536 0.027617673 0.01370226)
(0.02504401 0.027540916 -0.0010881121)
(0.026485662 0.023344638 0.00035310099)
(0.024099124 0.027181194 0.0014248015)
(0.023814004 0.023772777 -0.00030269239)
(0.024720676 0.024664397 -4.4707649e-05)
(0.034578318 0.042402056 0.075693484)
(0.03546813 0.022250046 0.029554239)
(0.028861977 0.057981053 0.11125278)
(0.036331211 0.023276336 0.025871742)
(0.034339618 0.043425286 0.069538455)
(0.038175123 0.021620312 0.012800823)
(0.039254186 0.019884698 0.016835369)
(0.031257696 0.025521751 0.0005774818)
(0.034058117 0.030874358 0.022325217)
(0.03613892 0.028066313 -0.0010091689)
(0.034163202 0.024386171 0.0011435644)
(0.039158605 0.028064629 0.0036416936)
(0.037484629 0.023619479 0.0022548089)
(0.033865083 0.025494276 0.0014120331)
(0.027055395 -0.021718374 0.031414382)
(0.02520061 -0.02312043 0.019883389)
(0.028979714 -0.023011236 0.053365666)
(0.027946281 -0.022901731 0.032598096)
(0.024731651 -0.023664349 0.020258633)
(0.026722895 -0.022003003 0.014778903)
(0.02669043 -0.021644071 0.014833025)
(0.026206064 -0.024635923 0.011688883)
(0.029161223 -0.025005815 0.018382267)
(0.03004584 -0.023320548 0.011041759)
(0.029666662 -0.022421365 0.012534275)
(0.025693844 -0.024314982 0.010865619)
(0.02669363 -0.021203784 0.014424872)
(0.027484911 -0.021631957 0.015747957)
(0.012733485 -0.024703391 0.042916643)
(0.010249547 -0.023993736 0.044233789)
(0.016008183 -0.024828864 0.0070772882)
(0.013945311 -0.024940216 0.0068262717)
(0.011480198 -0.023631057 0.042117863)
(0.011254395 -0.024654986 0.045056946)
(0.015679883 -0.025667114 0.0077098428)
(0.03426731 -0.020929535 0.12672339)
(0.036829063 -0.025707941 0.095859386)
(0.021613098 -0.0042305685 0.22512754)
(0.035192814 -0.0062602842 0.22953606)
(0.013345328 -0.005047506 0.21749859)
(0.034032257 -0.022838378 0.10785047)
(0.038358779 -0.023335489 0.11498389)
(0.013277801 -0.025880681 0.039245329)
(0.012235194 -0.026597868 0.005548795)
(0.012604229 -0.025569505 0.0055791834)
(0.010374117 -0.024307587 0.03485808)
(0.011817959 -0.025031243 0.041067526)
(0.014219497 -0.026397916 0.0067464569)
(0.011423183 -0.026278785 0.034553867)
(0.014178625 -0.029392637 -0.009681401)
(0.026583341 -0.031048751 0.030427002)
(0.015131178 -0.02880499 -0.0051369446)
(0.017648764 -0.028663294 -0.0036270044)
(0.017190424 -0.029147525 -0.0083036104)
(0.018869684 -0.028364261 -0.0027854877)
(0.016264452 -0.028986251 -0.0060422992)
(0.024573652 -0.026383344 0.0064071394)
(0.024920583 -0.032545216 0.015165129)
(0.024219749 -0.029275753 -0.0023977653)
(0.021209624 -0.027618102 0.00053910286)
(0.020459504 -0.030406382 -0.0059313586)
(0.021612464 -0.027603269 0.0018136528)
(0.025483744 -0.026094299 0.0074895672)
(0.038097748 -0.016449322 0.012494133)
(0.034235392 -0.020783173 0.011488467)
(0.04130759 -0.018866748 0.018996013)
(0.040183106 -0.021968326 0.010942795)
(0.035312575 -0.016553871 0.016166753)
(0.039011625 -0.017471382 0.012480354)
(0.034775758 -0.02129285 0.011873771)
(0.050015686 -0.015261583 0.0092492763)
(0.051615378 -0.020789177 0.0066384236)
(0.057266165 -0.0088735089 0.026103185)
(0.046525453 -0.021170871 0.011323632)
(0.043449621 -0.019221656 0.0097145182)
(0.042785131 -0.02469958 0.0036457385)
(0.043812181 -0.018210597 0.0095365838)
(0.030125782 -0.028550471 -0.00079812614)
(0.033889871 -0.030842883 -0.00026313349)
(0.048400242 -0.024150462 0.021780668)
(0.038953931 -0.025770196 0.0055694245)
(0.033672247 -0.02421868 0.0071338745)
(0.035217167 -0.027572784 0.00084392401)
(0.03334806 -0.024881821 0.005889855)
(0.021420929 0.030251609 -0.0019216945)
(0.017054703 0.03121576 -0.0018007097)
(0.01843951 0.036346409 0.0071992896)
(0.02172085 0.035665742 0.00040693773)
(0.019033527 0.027746818 -0.0011255103)
(0.02275559 0.030510202 -0.0013784675)
(0.019401103 0.031413603 -0.0031795973)
(0.034313057 0.033147427 -0.0030571602)
(0.03803239 0.041623951 0.00019603097)
(0.024619342 0.050592806 0.021570239)
(0.027430816 0.039052598 0.00086979803)
(0.035319638 0.031211111 -0.0034470796)
(0.029583566 0.032255882 -0.0027862628)
(0.036832404 0.037494539 -0.0057291936)
(0.022689845 0.040252342 -0.0076496092)
(0.025436187 0.044949491 -0.0041793248)
(0.0084804323 0.048461378 0.018464538)
(0.022421494 0.041196031 0.0011657927)
(0.034494065 0.037228368 -0.014153135)
(0.025746867 0.035847322 -0.0092665653)
(0.03354694 0.040693084 -0.0089115462)
(-0.0061598104 0.026928694 0.057850546)
(-0.0063989484 0.024693385 0.061002525)
(-0.0098374199 0.027986479 0.016300146)
(-0.0086287448 0.027955003 0.014461101)
(-0.0086084207 0.025739115 0.062026364)
(-0.0039332576 0.026005885 0.057495535)
(-0.0080876563 0.027821575 0.014084261)
(-0.0079450199 0.027521414 0.053673318)
(-0.0052285896 0.025664259 0.0069005101)
(-0.0087782138 0.027905476 0.01376123)
(-0.010397653 0.026728824 0.051780967)
(-0.010228481 0.026731693 0.059163674)
(-0.0071695073 0.027264021 0.01127927)
(-0.0080253869 0.028090411 0.046027269)
(-0.0040708227 0.027705262 0.049232393)
(-0.0048509117 0.026762022 0.0069873312)
(-0.0016524385 0.028037294 0.038079232)
(-0.006926295 0.027756893 0.011291573)
(-0.0018151395 0.026806178 0.049630124)
(-0.0033879486 0.028903251 0.037866298)
(-0.0063627863 0.027167195 0.010858105)
(-0.028520367 0.022200448 0.13753835)
(-0.02595541 0.022080494 0.10082746)
(-0.019796862 0.020092066 0.23451773)
(-0.034334374 0.01952367 0.23774485)
(-0.011665553 0.014612499 0.22332455)
(-0.023998078 0.022017453 0.11424219)
(-0.033483647 0.02299092 0.12459484)
(-0.037486575 0.020776164 0.06734762)
(-0.049946673 0.023111858 0.10621247)
(-0.014428761 0.020473157 0.017529376)
(-0.034187944 0.022945428 0.066235106)
(-0.013484566 0.02287306 0.023027658)
(-0.00888238 0.025760759 0.0090483945)
(-0.0083597461 0.024268986 0.0012866937)
(0.01232724 0.029938632 -0.017546558)
(-0.005494216 0.028324349 0.012121164)
(0.014167341 0.036974638 -0.01030269)
(0.0065260012 0.034680543 -0.0082053331)
(0.0090802807 0.030359702 -0.019440818)
(0.013758726 0.033764187 -0.024810009)
(0.018502622 0.032993747 -0.022519498)
(0.0073496758 -0.021415481 0.025623813)
(0.0066932246 -0.021921027 0.014378032)
(0.0066219784 -0.022487827 -0.0044072248)
(0.0073166452 -0.022586378 -0.0033291498)
(0.0083854079 -0.022321666 -0.0020923983)
(0.0064403162 -0.0219885 0.017857742)
(0.0064470067 -0.021901136 0.020161381)
(0.0077215299 -0.02176304 0.038403653)
(0.0076276686 -0.023093055 0.04530377)
(0.011209807 -0.022383883 0.0024284973)
(0.011843475 -0.023888622 0.0049434373)
(0.0059836605 -0.021340968 0.039486484)
(0.00927986 -0.023606276 0.044021269)
(0.010372229 -0.022782484 0.0021853399)
(0.0065162354 -0.02078731 0.030408692)
(0.0076770027 -0.021576185 -0.0037212751)
(0.0097628161 -0.021526747 -0.00090769986)
(0.0053410345 -0.019957654 0.021499893)
(0.0048670489 -0.020320579 0.031740875)
(0.0089617418 -0.021788405 -0.00088454402)
(0.0060146404 -0.021136631 0.020942519)
(0.008752983 -0.022008807 0.033263652)
(0.0086624166 -0.02306656 -0.0011848868)
(0.011020424 -0.024312179 0.0032760986)
(0.0094432702 -0.023167019 0.031582465)
(0.010211228 -0.023575487 0.039388569)
(0.0097840902 -0.02308414 0.00057375646)
(0.0076927309 -0.022857944 0.0259707)
(-0.0017967081 -0.025365488 0.014843375)
(0.00015385467 -0.025144679 0.0051698395)
(0.00031110864 -0.02256666 0.037843854)
(-0.0011656515 -0.024261438 0.0063171185)
(-0.0015330307 -0.023849876 0.01650545)
(-0.0014074152 -0.025321416 -0.00090432355)
(-0.00087452441 -0.026091409 -0.0015254458)
(-0.0025296864 -0.023857057 -0.0079322523)
(-0.00094948522 -0.025194079 0.003744371)
(-0.0068888157 -0.022668079 -0.007735681)
(-0.0019973862 -0.024410162 -0.0071578073)
(-0.0056648142 -0.024380731 -0.0038486747)
(-0.0048649033 -0.023361657 -0.0075426273)
(-0.005644286 -0.022238474 -0.0079493337)
(0.0097851522 -0.030930793 -0.0088268394)
(0.011489092 -0.028186545 -0.0069613935)
(0.013244538 -0.025165373 0.021227077)
(0.0064209708 -0.027810358 -0.0079169363)
(0.0041902184 -0.030220612 -0.0089171687)
(0.0052125047 -0.028459505 -0.010218388)
(0.011182551 -0.029344383 -0.0084798692)
(-0.00096550568 -0.024201152 -0.0090524888)
(0.0048464059 -0.025143274 0.0037257481)
(-0.0060462377 -0.025075016 -0.012058173)
(0.0024806516 -0.026232282 -0.0083049277)
(-0.0013391831 -0.02821399 -0.010175853)
(0.00016917812 -0.026148758 -0.011142037)
(-0.0042825483 -0.023155581 -0.011791053)
(-0.01161879 -0.015172578 -0.013987117)
(-0.014667689 -0.0096302139 -0.019073366)
(-0.010729659 -0.020323109 -0.0043153579)
(-0.015730817 -0.012474383 -0.017805629)
(-0.01594562 -0.0070127272 -0.014783683)
(-0.015140159 -0.010673962 -0.01786326)
(-0.018731751 -0.0040335393 -0.02373008)
(-0.016948358 -0.020548042 -0.019272388)
(-0.021365862 -0.019704411 -0.024560465)
(-0.0021269371 -0.028312108 0.0050584947)
(-0.017300091 -0.016712002 -0.016431372)
(-0.025472577 -0.012765661 -0.024855054)
(-0.020246388 -0.013197432 -0.02215254)
(-0.028318744 -0.011642775 -0.031457462)
(-0.027462075 0.0014591215 -0.038414722)
(-0.032959496 -0.0063390066 -0.034204795)
(-0.013640153 -0.025203097 0.00072531742)
(-0.022452412 -0.0092770396 -0.026919607)
(-0.032340233 -0.00031129693 -0.037296887)
(-0.026865099 0.00028099294 -0.036038457)
(-0.034963863 -0.0040165504 -0.040551777)
(-0.018254543 0.024576429 -0.020537938)
(-0.020481122 0.021526698 -0.019615666)
(-0.024907447 0.020388997 -0.0089883591)
(-0.020805983 0.024136677 -0.018707565)
(-0.019843978 0.021635336 -0.016684705)
(-0.018246975 0.024119859 -0.020135961)
(-0.020323536 0.022177379 -0.01969963)
(-0.014633076 0.027600553 -0.023247122)
(-0.017462179 0.027766224 -0.019889888)
(-0.031725538 0.021035447 0.0033834761)
(-0.019703219 0.025671522 -0.018693571)
(-0.020502233 0.024307315 -0.01818786)
(-0.017472141 0.025408506 -0.021288119)
(-0.018300511 0.026958535 -0.021497724)
(-0.02704674 0.022554084 -0.02080724)
(-0.026143034 0.025008165 -0.019677026)
(-0.033558024 0.010615402 0.0044500836)
(-0.023526902 0.02343383 -0.016703794)
(-0.025919181 0.022974597 -0.018352341)
(-0.022867456 0.023296872 -0.021095035)
(-0.022381192 0.026620668 -0.021872737)
(-0.021127595 0.01029494 0.030048331)
(-0.02095285 0.014226284 0.019405521)
(-0.022029907 0.011071393 0.054991188)
(-0.020168296 0.015867464 0.019172383)
(-0.021974496 0.01267525 0.03091045)
(-0.021462653 0.015754492 0.0084925193)
(-0.022081184 0.014021412 0.010021096)
(-0.011708786 0.026751409 -0.01775838)
(-0.021603308 0.021244108 0.0077718662)
(-0.016371769 0.026832752 -0.018205914)
(-0.01275602 0.026296138 -0.014236235)
(-0.019071808 0.023810241 -0.01135276)
(-0.013492795 0.024772647 -0.015701993)
(-0.013334285 0.025372071 -0.017292985)
(-0.037557938 0.019369696 0.062498678)
(-0.014796781 0.020152754 0.015129635)
(-0.055816982 0.018888155 0.10571342)
(-0.01491008 0.021566987 0.013463659)
(-0.036675431 0.019849783 0.057807133)
(-0.0094098115 0.022272835 -0.004854375)
(-0.0090101611 0.022484731 -0.0024558462)
(-0.010894869 0.02785393 -0.019544319)
(-0.019608779 0.028426938 0.010285308)
(-0.012082678 0.028326785 -0.023572807)
(-0.0088713775 0.028197191 -0.019397029)
(-0.011130712 0.027835814 -0.021104408)
(-0.011151103 0.02882186 -0.021524736)
(-0.013091255 0.028095077 -0.020489189)
(-0.017919701 -0.012694166 0.041890876)
(-0.01575681 -0.0067190458 0.00053626775)
(-0.016511156 -0.010573228 0.0027639695)
(-0.016993093 -0.011287548 0.029585874)
(-0.017073908 -0.012863751 0.035612828)
(-0.016824061 -0.010313334 0.0047904895)
(-0.016165695 -0.010656828 0.034740896)
(-0.018519899 -0.011679275 0.050823669)
(-0.018888025 -0.0090653441 0.052001538)
(-0.0182692 -0.010915694 0.0081832521)
(-0.018405095 -0.013006797 0.0096450242)
(-0.018923065 -0.010934398 0.051730504)
(-0.018920574 -0.0097676468 0.051502584)
(-0.018016543 -0.011769972 0.008443846)
(-0.018116427 -0.01267678 0.046484248)
(-0.015593251 -0.0071748443 0.00042362458)
(-0.0171121 -0.0092456134 0.0048907377)
(-0.017597693 -0.011240894 0.039112772)
(-0.018696305 -0.011952927 0.047897657)
(-0.017051617 -0.010009153 0.0053263316)
(-0.016210494 -0.011680991 0.038202847)
(-0.018628085 -0.012092212 0.047269859)
(-0.017601404 -0.012818741 0.0054803793)
(-0.019586792 -0.012222892 0.040221765)
(-0.018308867 -0.013716101 0.00863138)
(-0.019427856 -0.010480625 0.04808699)
(-0.018039989 -0.012968977 0.039531907)
(-0.017755846 -0.012325294 0.0075437322)
(-0.01322187 -0.027228858 0.03794552)
(-0.013018069 -0.047792741 0.085430783)
(-0.012768299 -0.0067708821 -0.0043095027)
(-0.013835501 -0.027001032 0.035344124)
(-0.012560888 -0.0065854914 -0.0068998546)
(-0.014599319 -0.0031584046 -0.020096792)
(-0.016016271 -0.0032367081 -0.017441684)
(-0.018101543 0.00098491704 -0.029697233)
(-0.01900694 -0.011544054 0.00043739923)
(-0.022107266 0.0031888949 -0.036548695)
(-0.021897113 0.0022124415 -0.033399958)
(-0.018053412 0.0023703685 -0.030633318)
(-0.023916861 0.0051133785 -0.036307298)
(-0.022708298 0.0036976729 -0.033475096)
(-0.019159828 -0.0029553279 0.015925521)
(-0.019231921 -0.0035086463 0.0069071662)
(-0.016699238 -0.0048337075 0.038847131)
(-0.018682572 -0.0015682563 0.0069209312)
(-0.017943487 -0.002398154 0.016357008)
(-0.019914712 -0.00084215638 -0.001412451)
(-0.020228813 -0.0020702508 -0.00071019295)
(-0.019770709 0.0096418093 -0.016549944)
(-0.021357 0.0014382418 -0.00094266999)
(-0.021970823 0.01401599 -0.016287353)
(-0.019290683 0.0065192842 -0.014634146)
(-0.021956099 0.0094777362 -0.010873991)
(-0.018962625 0.010478549 -0.013940261)
(-0.019373319 0.013001401 -0.014865871)
(-0.023952673 -0.0010571023 -0.020275869)
(-0.014645148 -0.023928092 0.039041535)
(-0.018948968 0.00020440239 -0.024119114)
(-0.020061057 0.0031563494 -0.023197659)
(-0.026567807 0.0023477534 -0.020065396)
(-0.025551228 0.0061730236 -0.026921502)
(-0.024948003 0.0040838182 -0.029529299)
(-0.021560003 0.0089889056 -0.019605086)
(-0.019685306 -0.0022180161 -0.0071171074)
(-0.027922006 0.013410372 -0.020644483)
(-0.02103927 0.0056518184 -0.021995904)
(-0.028301936 0.0073722642 -0.020723125)
(-0.025657049 0.0087622623 -0.024262873)
(-0.024761507 0.011803824 -0.020751321)
(0.059631743 0.17293738 0.21172689)
(0.081313581 0.19110033 0.22514027)
(0.062680307 0.16800981 0.23144355)
(0.077250423 0.16279686 0.20587591)
(0.083678179 0.15336553 0.22148255)
(0.07860027 0.12199474 0.18360676)
(0.065601968 0.13043442 0.1894082)
(0.069938255 -0.022643852 0.048217024)
(0.067925289 -0.012758779 0.031196493)
(0.11347432 0.075299342 0.15216718)
(0.080378726 0.020154738 0.068918864)
(0.094925714 0.013734235 0.10564927)
(0.072636382 -0.021652867 0.029742115)
(0.055446624 -0.038070257 0.004262739)
(0.15905402 -0.026524292 0.16255094)
(0.20416353 -0.0059304928 0.20085178)
(0.1581786 -0.031270659 0.1805027)
(0.16143506 -0.015832898 0.16423499)
(0.15947122 -0.01756663 0.17772959)
(0.11445165 -0.023719718 0.12688528)
(0.11259046 -0.031200881 0.12926418)
(0.04924369 -0.033387319 0.030761889)
(0.041468014 -0.031028519 0.019388307)
(0.13073345 0.0095697266 0.14052676)
(0.056056478 -0.025520147 0.04563851)
(0.068087085 -0.021427373 0.075382082)
(0.011347183 -0.03559939 -0.0064372023)
(0.01174216 -0.040740103 -0.016144357)
(0.0862121 0.037843927 0.14277832)
(0.13419278 0.064583946 0.21078846)
(0.10890331 0.063834556 0.23682259)
(0.13110425 0.025922975 0.24143329)
(0.10106823 0.071799672 0.18076671)
(0.12595382 0.036791657 0.18799321)
(0.098168735 0.032224483 0.20806788)
(0.043810639 0.014662621 0.092679104)
(0.0091865023 -0.0016246385 0.082028123)
(0.024767574 0.024188239 0.14106874)
(0.043274769 -0.017826807 0.14283335)
(0.018734567 0.023136305 0.085808008)
(0.03684763 -0.0085138275 0.086346785)
(0.056290829 0.010830636 0.15379084)
(0.052834125 0.043392974 0.11273063)
(0.080991305 0.076040927 0.21561465)
(0.039562047 0.086210959 0.13433636)
(0.037377054 0.05689785 0.16056504)
(0.029251953 0.052677675 0.10224006)
(0.066482904 0.07829 0.14941742)
(0.066921046 0.040474205 0.17672326)
(0.075945585 0.0093362812 0.11762424)
(0.12276305 -0.0027227668 0.21994274)
(0.10558139 -0.017895161 0.14436385)
(0.078219451 -0.02221131 0.16829486)
(0.068579221 -0.013013114 0.1079657)
(0.11339689 0.0057999711 0.15628936)
(0.08863631 0.0051254987 0.18149876)
(-0.032434909 0.038802362 0.091242804)
(-0.019125695 0.0086189821 0.081426593)
(-0.057046571 0.020667715 0.14229704)
(0.00021447908 0.036195864 0.14052906)
(-0.04621409 0.016479029 0.08566649)
(-0.0063997004 0.032596611 0.086029953)
(-0.033506924 0.048025986 0.15046581)
(-0.064138509 0.046551193 0.11375784)
(-0.10240255 0.066589116 0.21517393)
(-0.10877657 0.030503189 0.14041691)
(-0.087971961 0.029123075 0.16620765)
(-0.075724447 0.023926329 0.10601881)
(-0.10052039 0.057337152 0.15184013)
(-0.066636586 0.05709737 0.17539292)
(-0.044770715 0.055224019 0.073098495)
(-0.084885864 0.10553993 0.14345131)
(-0.026862677 0.046998419 0.034286191)
(-0.045116294 0.035525816 0.035362302)
(-0.021290343 0.024140238 0.017906594)
(-0.047508205 0.08747474 0.1038652)
(-0.081259628 0.070606115 0.10792641)
(-0.021248246 0.065253963 0.11056745)
(-0.010349527 0.10545496 0.21088626)
(0.012359015 0.091976753 0.13397336)
(0.012368505 0.06717566 0.16024723)
(0.0043410765 0.060422961 0.10253345)
(-0.016244189 0.096429099 0.14470425)
(-0.021087836 0.074789359 0.17257068)
(-0.18042679 0.036088661 0.21949207)
(-0.20224089 0.063626575 0.23386005)
(-0.17867803 0.03764793 0.23853594)
(-0.17406036 0.056840983 0.21876098)
(-0.16799638 0.06182099 0.23241355)
(-0.13538095 0.053578509 0.19756606)
(-0.1408367 0.038226205 0.19991725)
(0.0047552613 0.061824241 0.054031399)
(0.0060437582 0.05646174 0.030638182)
(-0.085397188 0.095570827 0.15194818)
(-0.030009228 0.062798536 0.075616155)
(-0.031443827 0.070772454 0.10830972)
(0.0030370039 0.050808066 0.04018484)
(0.022234337 0.049995634 0.01158859)
(0.030224713 -0.053524732 0.094323248)
(0.0043066098 -0.023493324 0.080547047)
(-0.00059400203 -0.054510587 0.1431192)
(0.039473803 -0.040517591 0.14310981)
(0.0032415036 -0.04561137 0.086221843)
(0.03302542 -0.030962727 0.085491123)
(0.034719218 -0.068676057 0.15866693)
(0.028078872 -0.082984989 0.12056505)
(0.027151743 -0.12776628 0.22652082)
(0.00031797311 -0.10871673 0.14445072)
(-0.0022155206 -0.08477085 0.16865056)
(0.0023581413 -0.074131698 0.10838037)
(0.027841234 -0.11778772 0.16004598)
(0.031485724 -0.097570174 0.18758086)
(0.049800321 -0.066834351 0.079649332)
(0.096769989 -0.11878335 0.15300624)
(0.046989366 -0.042249334 0.037535395)
(0.030590207 -0.054594115 0.038366934)
(0.021617691 -0.028800506 0.019313866)
(0.088115773 -0.081595679 0.1149321)
(0.057074718 -0.10348418 0.11554232)
(0.063438131 -0.059775743 0.11973075)
(0.10312966 -0.07945605 0.22274645)
(0.10274173 -0.042870044 0.14558662)
(0.074474221 -0.04593891 0.16937185)
(0.065626288 -0.036660234 0.10824375)
(0.10111208 -0.0689552 0.1596663)
(0.067660227 -0.074176756 0.18562976)
(-0.0073048452 -0.16487939 0.17899183)
(0.015956974 -0.20580292 0.21296888)
(-0.010125255 -0.16314258 0.19879805)
(0.0060972933 -0.16641437 0.17978056)
(0.0070515592 -0.16399589 0.19669652)
(-0.012477308 -0.11911985 0.14799877)
(-0.0026245797 -0.12106266 0.14603021)
(-0.0029052586 -0.042332274 0.034376226)
(0.039388974 -0.12924464 0.15919843)
(-0.017317828 -0.03012766 0.0071187101)
(-0.0059822008 -0.05474297 0.052423638)
(0.008685081 -0.070683298 0.098233783)
(-0.027029269 -0.013773071 -0.0051051687)
(-0.031548671 -0.011471481 -0.029941284)
(-0.18044541 0.0085866587 0.21224622)
(-0.21010619 -0.022040848 0.23118795)
(-0.17878486 0.013133457 0.23278413)
(-0.17630287 -0.009210796 0.22522946)
(-0.1797608 -0.0091653122 0.20984062)
(-0.14018673 0.0019580064 0.18320189)
(-0.14096592 0.015056406 0.19157093)
(-0.034912703 0.012378961 0.018744987)
(-0.11587922 -0.032168666 0.13148708)
(-0.029845145 0.018465296 0.0043929938)
(-0.060730912 -0.00091800908 0.07414375)
(-0.053219814 0.0085470632 0.042906275)
(-0.023130166 0.018740178 0.0033317324)
(-0.020119381 0.021981093 -0.01527238)
(-0.027463029 -0.16287083 0.18144418)
(-0.049272559 -0.19394156 0.2073746)
(-0.029092078 -0.1607905 0.20023623)
(-0.047994643 -0.15123464 0.19617688)
(-0.042437111 -0.15635413 0.17922824)
(-0.040953072 -0.10921736 0.14845596)
(-0.028951418 -0.11682585 0.15089002)
(-0.040330894 0.010520067 0.023663872)
(-0.083555143 -0.084155963 0.14181727)
(-0.03887645 0.013213475 0.010246958)
(-0.061539052 -0.024119729 0.085790776)
(-0.052301886 -0.021187735 0.056344583)
(-0.04328081 0.018031692 0.0063896923)
(-0.033241238 0.027411702 -0.016431663)
(0.01323302 -0.018475014 0.037359275)
(0.012475486 0.006945305 0.016235789)
(0.011313132 0.013266881 0.013184761)
(0.013634766 0.0015742665 0.021566029)
(0.01286385 0.0042568001 0.020360172)
(0.010613568 0.0088510004 0.015536888)
(0.011813935 -0.024199412 0.04052099)
(0.017567308 -0.035840972 0.048733056)
(0.01339889 -0.016923884 0.032401924)
(0.0086513313 0.0056401761 0.016745137)
(0.024970386 -0.050813965 0.054484584)
(0.0099321833 0.0011006718 0.019947753)
(0.017144752 -0.024963714 0.04384319)
(0.020861283 -0.056204215 0.051966323)
(0.013285967 -0.0092546357 0.032071749)
(0.0096665628 0.0113981 0.016596137)
(0.0095630399 0.014060122 0.013420123)
(0.0076954433 0.012235805 0.014491142)
(0.011666878 0.0081223565 0.018545782)
(0.008928753 0.010461505 0.014826858)
(0.011413402 -0.00050292619 0.025560525)
(0.01726671 -0.0222659 0.063162521)
(0.018528176 0.0064024425 0.029215421)
(0.016622514 0.015939186 0.012786732)
(0.016715303 0.001968112 0.02833185)
(0.015705223 0.0044707817 0.027726149)
(0.017801231 0.010723057 0.024858484)
(0.01638762 -0.031752893 0.071636449)
(0.01990987 -0.050521443 0.10000994)
(0.019489246 -0.023767898 0.080955054)
(0.017162177 0.0060531645 0.036290528)
(0.021990278 -0.061468902 0.11706746)
(0.016900732 -0.0011914296 0.044384297)
(0.020718455 -0.03545315 0.086172184)
(0.020239598 -0.070266556 0.12459415)
(0.016152957 -0.010914771 0.051676529)
(0.014833867 0.012358499 0.020879596)
(0.01560813 0.01678606 0.012250403)
(0.015514715 0.016133454 0.01678275)
(0.015286504 0.007831143 0.025791429)
(0.016530937 0.014590748 0.019734603)
(0.015650248 -0.0042624323 0.044113252)
(0.018222012 -0.013646205 0.042091935)
(0.013410814 -0.001227126 0.030398987)
(0.022826272 -0.023835958 0.056294922)
(0.033691679 -0.066200739 0.07956915)
(0.035358794 -0.057400586 0.079881938)
(0.0099257151 0.0080432788 0.02206387)
(0.021938169 -0.029179519 0.053949851)
(0.011686001 -0.0013916146 0.026882749)
(0.0053854298 0.0070992337 0.017107275)
(0.0061006775 0.0097965705 0.014879869)
(0.027565741 -0.042356222 0.053093887)
(0.0038033322 0.012369967 0.01445807)
(0.015829413 -0.014347214 0.036777128)
(0.02227647 -0.023149038 0.045045715)
(0.0070814936 0.010418439 0.017084914)
(0.0076614572 0.013517078 0.0155737)
(0.0049031033 0.014543095 0.012935742)
(0.006069937 0.013442025 0.01417971)
(0.0042031927 0.014123663 0.013762635)
(0.0062714394 0.014938675 0.014853556)
(0.0092729239 0.0057966254 0.020328842)
(0.012615791 0.0012774961 0.028885096)
(0.016696513 -0.0059204892 0.039318317)
(0.02117906 -0.011636554 0.047240341)
(0.0049924847 0.016674841 0.01414522)
(0.0070412331 0.010634165 0.019072707)
(0.033857986 -0.040835054 0.072341687)
(0.00715448 0.013834316 0.016985118)
(0.01967636 -0.013290004 0.059617405)
(0.014719691 -0.0028753291 0.039808027)
(0.023012539 -0.025267104 0.065639668)
(0.029241324 -0.069035529 0.1025958)
(0.032247479 -0.058138018 0.10158603)
(0.013398567 0.0078033173 0.029243076)
(0.021767918 -0.033361875 0.078012429)
(0.017114069 -0.0020033499 0.050158525)
(0.016109474 0.0091907823 0.040080495)
(0.016364453 0.014879467 0.026503341)
(0.024372023 -0.053536131 0.11716621)
(0.014676227 0.018742357 0.019867894)
(0.019342983 -0.015974774 0.06710443)
(0.024207301 -0.031998364 0.097093416)
(0.014484308 0.013489772 0.025457998)
(0.013736659 0.015339532 0.017151589)
(0.012446051 0.018882471 0.010832627)
(0.01478426 0.017751993 0.01503531)
(0.013717064 0.019356518 0.013260599)
(0.012192293 0.017490925 0.014822878)
(0.015547274 0.0053522069 0.034481722)
(0.015635974 0.0006238481 0.041668943)
(0.017409997 -0.0048817081 0.043338385)
(0.022258673 -0.012410039 0.05807772)
(0.0097611238 0.018382689 0.015484639)
(0.012250242 0.012492695 0.026273532)
(0.03078966 -0.042163364 0.088447276)
(0.011400737 0.014764838 0.020757053)
(-0.010699103 -0.01687691 0.0280884)
(0.016284559 -0.022677189 0.0074855049)
(0.021055032 -0.023653791 0.00354106)
(0.012196035 -0.02162376 0.011375569)
(0.012597475 -0.022167448 0.0096485551)
(0.015785081 -0.023425535 0.0062469368)
(-0.015148423 -0.01786859 0.032276952)
(-0.033335401 -0.0065010241 0.041991707)
(-0.014536467 -0.012482835 0.025350613)
(0.0092077335 -0.02160795 0.0068315989)
(-0.052046661 0.0093302421 0.05092451)
(0.0052265047 -0.020581133 0.0097825909)
(-0.023339458 -0.0075366858 0.036247012)
(-0.056974667 0.0056411655 0.049557395)
(-0.0032190996 -0.017694179 0.021120615)
(0.015483657 -0.024543609 0.0041681279)
(0.020116269 -0.024433116 0.0026522253)
(0.016399914 -0.024246739 0.0038025135)
(0.014100269 -0.023333514 0.006896066)
(0.01573545 -0.023766872 0.0049841891)
(0.0029530884 -0.019693906 0.014054994)
(-0.01468923 -0.017690215 0.0497961)
(0.016186623 -0.022113946 0.014219715)
(0.010642045 -0.022869623 0.017383047)
(0.02174968 -0.023912801 -9.6199489e-05)
(0.011188374 -0.022739087 0.016122439)
(0.01766991 -0.023022576 0.0087380584)
(-0.022376437 -0.018327863 0.059528221)
(-0.048611059 -0.010014689 0.089039963)
(-0.019135515 -0.01521683 0.064208835)
(0.010680368 -0.020384308 0.018013208)
(-0.060080006 0.0012888006 0.10692933)
(0.0019255754 -0.021108068 0.029594128)
(-0.031818839 -0.0096955149 0.071526823)
(-0.069023261 -0.00083537821 0.11626612)
(-0.0074633498 -0.018825883 0.037843565)
(0.01564977 -0.023440823 0.0046892023)
(0.021121346 -0.024177576 -0.0025327784)
(0.017984908 -0.023926005 0.00085735406)
(0.013113215 -0.022549095 0.011423268)
(0.018042978 -0.024007187 0.0038162347)
(-0.0024948257 -0.019533201 0.029859988)
(-0.013408798 -0.0089140795 0.029846469)
(0.002112048 -0.018982115 0.015473965)
(-0.066746852 0.020423407 0.076102743)
(-0.024413768 -0.0048360957 0.043295501)
(-0.059477137 0.019030692 0.074129776)
(-0.027502827 -0.0036031996 0.044190261)
(0.0086429745 -0.022705328 0.0067563631)
(-0.001009498 -0.015444601 0.015604692)
(0.0061945873 -0.019876098 0.0075822932)
(0.011633296 -0.023078911 0.004908065)
(-0.044078559 0.010517027 0.048810147)
(0.013299678 -0.024140571 0.003591535)
(-0.012887411 -0.010098099 0.02695416)
(-0.024333203 0.0015892048 0.038142097)
(0.011619015 -0.023698581 0.0041299695)
(0.016408614 -0.025321107 0.0022127617)
(0.016372024 -0.024928187 0.0023525258)
(0.017595443 -0.025678437 -0.0012350062)
(0.016134697 -0.025500764 0.00086026293)
(0.0076720096 -0.021700536 0.0080640144)
(0.016610416 -0.025751615 0.00062135496)
(-0.00090668596 -0.016576822 0.015538481)
(-0.0088522175 -0.012923423 0.025551519)
(-0.014658452 -0.0054973472 0.0336169)
(0.01305268 -0.026404456 -0.0009833874)
(0.0061119831 -0.022240621 0.005647878)
(-0.043593549 0.014050806 0.064355359)
(0.012102149 -0.025234959 0.0021408742)
(-0.015331335 -0.011223957 0.044909235)
(-0.0011410642 -0.019237674 0.023679826)
(-0.026542215 -0.0055475657 0.051660482)
(-0.070032063 0.014332099 0.096590912)
(-0.060106658 0.014393668 0.092945792)
(0.0073575504 -0.021876432 0.011998486)
(-0.03178962 -0.0065708012 0.064167852)
(-0.0058907941 -0.017185128 0.034695565)
(0.0050383047 -0.021688829 0.022046667)
(0.016074218 -0.02269401 0.0076756158)
(-0.055262943 0.0014214309 0.10800619)
(0.015586871 -0.025112274 0.0013895599)
(-0.014188879 -0.012949786 0.050544684)
(-0.036131955 -0.0045871978 0.083516217)
(0.012791804 -0.022903107 0.0059521997)
(0.016417808 -0.024577976 0.00051666421)
(0.019279671 -0.025600771 -0.0082740892)
(0.018539472 -0.024228703 -0.0022729986)
(0.018364758 -0.025339573 -0.005590228)
(0.017118695 -0.025363088 -0.0031718759)
(0.0069695413 -0.020742041 0.017384306)
(-0.0046243808 -0.017620017 0.02636148)
(-0.0086674168 -0.013595558 0.028452719)
(-0.015285435 -0.0078585803 0.041533384)
(0.013545603 -0.025950423 -0.002837911)
(0.0067751231 -0.023424584 0.008348262)
(-0.045822063 0.0091183421 0.07825501)
(0.011906753 -0.024281607 0.0028854199)
(0.030271907 0.0029865842 0.10380465)
(0.027942796 -0.0049084315 0.042629316)
(0.028518188 -0.006517223 0.05310121)
(0.030574563 -0.0067595928 0.023532839)
(0.029787237 -0.0054656232 0.053774803)
(0.029511254 -0.0047172093 0.043428612)
(0.027816044 -0.0012477527 0.10756157)
(0.0341148 0.015343674 0.17534917)
(0.03280614 0.014066041 0.12265241)
(0.032737973 0.0019923646 0.066015301)
(0.043185254 0.031949063 0.22508521)
(0.030093798 0.0022276061 0.074549592)
(0.039749423 0.019719294 0.15560762)
(0.034061997 0.019602382 0.23021363)
(0.032846334 0.0059470933 0.09674637)
(0.034320167 -0.0050651941 0.047047305)
(0.032322179 -0.0070304397 0.023526928)
(0.0338384 -0.003965613 0.037684856)
(0.032393103 -0.0049524448 0.05130599)
(0.031820029 -0.0040175381 0.041395838)
(0.034700685 0.0059145368 0.085538926)
(0.033758361 -0.01131828 0.11037829)
(0.030092867 -0.019144364 0.043749903)
(0.029781179 -0.015313223 0.057413652)
(0.030379802 -0.018242486 0.02528713)
(0.032253977 -0.015379626 0.058308897)
(0.031063904 -0.018977633 0.04401167)
(0.02847441 -0.012428653 0.11184999)
(0.03991911 -0.0028012192 0.1788533)
(0.040256412 -0.011183429 0.12358241)
(0.037975658 -0.017550778 0.069177216)
(0.048424691 0.013223195 0.21773546)
(0.036313696 -0.017021079 0.076125469)
(0.04741611 -0.00087535462 0.16046608)
(0.034725198 0.0071101303 0.22202212)
(0.039284679 -0.010757369 0.10517225)
(0.036407663 -0.016061974 0.051189007)
(0.031451561 -0.018568371 0.024366949)
(0.033422311 -0.019375116 0.038156141)
(0.034745477 -0.015182752 0.05623088)
(0.032677625 -0.01895473 0.04162003)
(0.041791489 -0.011388416 0.093972687)
(0.049379791 0.024712702 0.13644171)
(0.041461194 0.0048614462 0.091702184)
(0.054776938 0.039478051 0.23074446)
(0.057463316 0.024994196 0.16138133)
(0.06465622 0.051107124 0.22807642)
(0.048022505 0.025553962 0.16636454)
(0.042884169 0.0013427362 0.074588043)
(0.042693597 0.019401598 0.10724838)
(0.037408484 0.012581113 0.077236194)
(0.035178477 0.0019535779 0.056849013)
(0.047711559 0.039466631 0.21168945)
(0.037669373 0.0003482291 0.047450917)
(0.041649251 0.02172804 0.13199972)
(0.051038757 0.041235852 0.18034103)
(0.038883494 0.0023194474 0.059366677)
(0.036984467 -0.0053897771 0.04004364)
(0.035673143 -0.0036392739 0.033418014)
(0.036736694 -0.0085832566 0.019331317)
(0.037212292 -0.0051250812 0.028777602)
(0.036952799 0.0042965666 0.071377405)
(0.038073729 -0.006559979 0.034494965)
(0.049726921 0.018162524 0.10622281)
(0.056868443 0.016697058 0.12185459)
(0.067880997 0.038326213 0.15852179)
(0.046435618 -0.0052459118 0.048127261)
(0.050149142 0.0095216015 0.079147969)
(0.069890391 0.049684112 0.20538176)
(0.045026678 -0.0021334339 0.06021373)
(0.061417137 0.0065218404 0.15090655)
(0.046197613 -0.0051384006 0.099029185)
(0.056472599 0.032693704 0.23315375)
(0.061460518 0.019393613 0.16893092)
(0.074220963 0.039082111 0.23265572)
(0.055861066 0.01018969 0.17930881)
(0.047287706 -0.0091300173 0.080303126)
(0.055323802 -0.0058809973 0.11396601)
(0.0463289 -0.017801368 0.077143685)
(0.039343272 -0.019298819 0.057907245)
(0.06027393 0.013232402 0.20595362)
(0.038867614 -0.020974329 0.047155193)
(0.053790056 -0.0025381101 0.13893975)
(0.066998812 0.0097561538 0.17662593)
(0.043119062 -0.015192274 0.064251454)
(0.037752997 -0.016861813 0.043661151)
(0.034556264 -0.020771436 0.032487924)
(0.032965654 -0.021224127 0.017685049)
(0.034092746 -0.022067137 0.02716157)
(0.04338635 -0.013012428 0.078737793)
(0.037853213 -0.01898569 0.035672967)
(0.059772443 -0.00028573681 0.11479891)
(0.06180554 0.011031231 0.13298334)
(0.078818397 0.02360847 0.16707723)
(0.045661731 -0.015030515 0.047365537)
(0.055184714 -0.0068967247 0.083226737)
(0.080538908 0.036332039 0.21209591)
(0.047060508 -0.012475928 0.062546001)
(-0.022098844 0.015414447 0.075211218)
(-0.012756777 -0.0018732141 0.1681692)
(-0.023901824 0.014332203 0.095827079)
(-0.020070452 -0.0075675741 0.20909486)
(-0.028213382 0.015016141 0.096302374)
(-0.019112415 0.015061162 0.07372715)
(-0.023073345 -0.0035640076 0.16773932)
(-0.022370277 0.016984904 0.049327383)
(-0.030236392 0.0092462957 0.083626708)
(-0.039245435 0.006742429 0.11289833)
(-0.022447741 0.018556336 0.025642744)
(-0.021883458 0.017177804 0.031104556)
(-0.023266401 0.018130136 0.043462722)
(-0.032401614 0.0050608514 0.12253493)
(-0.025430537 0.016618877 0.070761402)
(-0.031642023 0.018603605 0.082678639)
(-0.033697067 -0.0067400161 0.20605241)
(-0.042764306 -0.00074399745 0.15010472)
(-0.030963569 0.016669709 0.090459087)
(-0.026631947 0.017758299 0.063663392)
(-0.033120078 -0.0025454869 0.16128001)
(-0.041252429 0.022283026 0.10226941)
(-0.075128413 0.010587973 0.21733639)
(-0.043166902 0.019866039 0.12801464)
(-0.052561881 0.0026864426 0.23630554)
(-0.04294328 0.019396386 0.12515325)
(-0.041766778 0.022173106 0.10484071)
(-0.072255316 0.0070214224 0.21609666)
(-0.031450639 0.025652574 0.063530241)
(-0.064786545 0.016798941 0.14271172)
(-0.063764163 0.010519577 0.1587035)
(-0.020472795 0.027918494 0.028823832)
(-0.02178035 0.025522718 0.035557266)
(-0.027758111 0.027335639 0.053999298)
(-0.072406984 0.010097406 0.17979069)
(-0.038783234 0.02386496 0.092596238)
(-0.03707121 0.022166273 0.098084365)
(-0.056626682 -0.00050907696 0.23312059)
(-0.064541879 0.0029243648 0.18724066)
(-0.041467351 0.020820062 0.11536876)
(-0.033980797 0.02513244 0.079257059)
(-0.070598102 0.0046166104 0.20840751)
(-0.015897023 -0.0069275252 0.030235623)
(-0.016661245 -0.015593497 0.061413864)
(-0.016675403 -0.027154982 0.087435089)
(-0.01847758 -0.0045928059 0.010702446)
(-0.017827767 -0.0047203168 0.015298246)
(-0.01685847 -0.0066453623 0.024062572)
(-0.016436046 -0.023146643 0.099288151)
(-0.013836858 -0.010646033 0.051092823)
(-0.012432543 -0.018287675 0.05671288)
(-0.022578395 -0.030492061 0.19146693)
(-0.021311496 -0.034166944 0.13014705)
(-0.01241991 -0.020833383 0.067281353)
(-0.014868116 -0.010062126 0.042964838)
(-0.021982465 -0.026274812 0.14392278)
(-0.014017872 -0.033851634 0.072110668)
(-0.018273947 -0.071654582 0.20766587)
(-0.020124466 -0.049586155 0.22898676)
(-0.019178598 -0.039644928 0.11198219)
(-0.018053707 -0.037424088 0.10265442)
(-0.020849787 -0.067895586 0.20400907)
(-0.016466161 -0.036687138 0.082699783)
(-0.0096763264 -0.017407319 0.030052147)
(-0.015473255 -0.050950151 0.11015084)
(-0.017894863 -0.050297543 0.12255383)
(-0.01518136 -0.0056849388 0.0077964965)
(-0.013362046 -0.008055493 0.011332069)
(-0.011892963 -0.010573256 0.024067961)
(-0.018505293 -0.062484265 0.15172739)
(-0.010460171 -0.027576241 0.054845029)
(-0.010257738 -0.024644728 0.059713074)
(-0.022231151 -0.052808216 0.21903456)
(-0.02101452 -0.055320643 0.15708046)
(-0.013421516 -0.034108737 0.081492524)
(-0.010060961 -0.017659472 0.04154153)
(-0.021209149 -0.064159215 0.18623296)
(-0.17295811 -0.035480731 0.18967778)
(-0.1384072 -0.0047592886 0.11261514)
(-0.086839549 -0.023394057 0.058450491)
(-0.13443411 -0.0030431777 0.12583887)
(-0.13714985 -0.036993483 0.13716249)
(-0.14245009 -0.029966884 0.12202101)
(-0.17349677 -0.0011451156 0.18210718)
(-0.18559427 -0.056157274 0.22986546)
(-0.20267046 -0.057090471 0.22188156)
(-0.1808465 -0.087681717 0.19824674)
(-0.17000074 -0.053748503 0.21562985)
(-0.1856051 -0.043266156 0.23239485)
(-0.17332319 -0.075721626 0.22350643)
(-0.1805768 -0.061252281 0.18497624)
(-0.17134387 -0.062983416 0.20227873)
(-0.14309321 -0.098220664 0.18576723)
(-0.096372888 -0.049626118 0.081179425)
(-0.15304521 -0.089517577 0.16443839)
(-0.13995414 -0.066409688 0.15863453)
(-0.16537592 -0.089157633 0.21267293)
(-0.14543297 -0.060389703 0.13885939)
(-0.059547074 -0.16366594 0.18519034)
(-0.022637482 -0.13673544 0.11455906)
(-0.032846616 -0.083556122 0.060018372)
(-0.025447593 -0.12887124 0.12669188)
(-0.054515775 -0.12813346 0.13669137)
(-0.045065279 -0.13855277 0.12144969)
(-0.030104462 -0.16852587 0.18043416)
(-0.084709255 -0.17147045 0.2219514)
(-0.079389986 -0.19199272 0.20950609)
(-0.10566215 -0.16765628 0.19587081)
(-0.09473642 -0.1435091 0.21453448)
(-0.076505989 -0.16724062 0.22229327)
(-0.10896627 -0.15305871 0.22532351)
(-0.077971777 -0.17168964 0.17620527)
(-0.085813963 -0.15884186 0.19833227)
(-0.1168761 -0.12672409 0.18602162)
(-0.057021966 -0.090424725 0.081125003)
(-0.10244985 -0.14222901 0.16265251)
(-0.082598345 -0.12785738 0.15760788)
(-0.11505613 -0.1478552 0.21366872)
(-0.072003235 -0.13861117 0.1362186)
(0.0088107086 -0.0058638738 0.017967291)
(0.0025323944 -0.029355356 0.028532963)
(0.0053519455 -0.0076285261 0.020660883)
(-0.0072841841 -0.03569505 0.024745947)
(0.0060250797 -0.0091954817 0.020678563)
(0.0074941175 -0.0040907355 0.018256512)
(-0.00046385657 -0.029477659 0.029145486)
(0.013448477 -0.0035518951 0.014491958)
(0.012816756 -0.008859551 0.021033985)
(0.01664356 -0.0014054719 0.013260209)
(0.0098739069 -0.014456033 0.023515386)
(0.014981625 0.00033401104 0.013834499)
(0.015379375 -0.0047135634 0.013868312)
(0.0069330564 -0.017592677 0.026704326)
(0.010818519 -0.0074015256 0.016737776)
(0.009854981 -0.011188238 0.01698501)
(-0.011386648 -0.034704775 0.026461102)
(0.0012432316 -0.02256966 0.028497628)
(0.0077967931 -0.010556911 0.01953781)
(0.012924786 -0.0081534347 0.015179329)
(-0.0014926452 -0.027571269 0.029572165)
(0.0070704809 -0.016999558 0.014827486)
(-0.023153577 -0.0151511 0.02693123)
(-0.00047181322 -0.016364281 0.018801977)
(-0.029171496 -0.020086933 0.024155462)
(0.0024989188 -0.016561865 0.01872784)
(0.0045451703 -0.017476468 0.015013578)
(-0.01920504 -0.01914459 0.02731444)
(0.014598575 -0.016109826 0.011679171)
(0.010271692 -0.018797418 0.016239416)
(0.019936722 -0.014724514 0.010105818)
(0.0060350046 -0.018848437 0.021502752)
(0.018178838 -0.016441189 0.010342342)
(0.016903887 -0.014402344 0.011883506)
(-0.00035165365 -0.019721548 0.02345085)
(0.010203453 -0.015771465 0.013989225)
(0.0094826778 -0.014144801 0.01595264)
(-0.024522602 -0.025681347 0.025832755)
(-0.0046971062 -0.021876724 0.02712006)
(0.0061844072 -0.01558966 0.017609762)
(0.013140061 -0.014163576 0.013512535)
(-0.013308653 -0.021870987 0.027561374)
(0.0037286881 0.0076393662 0.01405421)
(0.0074036941 0.0023665423 0.019345618)
(0.0025568578 0.011322612 0.013227343)
(0.0066354046 -0.00049107034 0.022370577)
(0.0044821742 0.010233841 0.013577225)
(0.0018329823 0.0090087711 0.013919806)
(0.0083300391 -0.0063550258 0.025023601)
(0.002889577 0.0045869048 0.015383765)
(0.00026358629 0.003965161 0.015437988)
(0.016190182 -0.027085263 0.02563942)
(0.010104177 -0.0094991611 0.026650676)
(0.0021379904 0.0018977156 0.017736308)
(0.0010046146 0.0064076062 0.014429305)
(0.011307079 -0.017515519 0.027925722)
(-0.013640997 0.0026298826 0.0099391279)
(-0.0078696405 0.0011980821 0.014238339)
(-0.014550747 0.0051484351 0.0086902247)
(-0.00030172252 -0.00032373266 0.019877204)
(-0.017270345 0.0036858146 0.0081313603)
(-0.010967393 0.0042161156 0.01094515)
(0.0010393254 -0.0026779624 0.021433932)
(-0.0096628001 0.0019309916 0.01199556)
(-0.004130068 0.0027420205 0.014353914)
(0.023298681 -0.015512418 0.024355125)
(0.0087574152 -0.00625132 0.025544244)
(-0.0060626894 0.0012115919 0.015382824)
(-0.0073101197 0.0035735973 0.012530181)
(0.012576442 -0.0080820488 0.025584611)
(0.0065286281 -0.01989622 0.0099270034)
(0.0024951131 -0.019339013 0.013390284)
(0.010595874 -0.021848094 0.0069748602)
(-0.0041538026 -0.014838849 0.017803078)
(0.011652742 -0.021770531 0.0077289224)
(0.005947347 -0.019993174 0.0094140595)
(-0.0082640329 -0.013760195 0.021608484)
(0.00060716869 -0.017513194 0.012291851)
(-0.0047264373 -0.014643686 0.013433385)
(-0.031587154 0.0056952795 0.025103207)
(-0.014988897 -0.0065812519 0.02469836)
(-0.0049777122 -0.014584715 0.01610483)
(0.00061745142 -0.017678844 0.011060004)
(-0.021139242 -0.0051948992 0.026470296)
(-0.010035852 -0.012489068 0.011712431)
(-0.012491127 -0.0061623219 0.017293137)
(-0.005437612 -0.016630265 0.0092092037)
(-0.012273792 -0.0042298476 0.020712017)
(-0.0087076899 -0.014643048 0.010641474)
(-0.006358486 -0.014933259 0.010782592)
(-0.015809988 0.0019460554 0.023627561)
(-0.011689493 -0.010177988 0.013597638)
(-0.0093108348 -0.011657368 0.014114701)
(-0.025346622 0.0217655 0.025196868)
(-0.017422675 0.0038960885 0.025986217)
(-0.01313636 -0.008245385 0.016731611)
(-0.0078218351 -0.013159743 0.012188006)
(-0.019944516 0.012310217 0.027080913)
(-0.026278389 -0.0081918713 0.0063522565)
(-0.019128862 -0.0066079121 0.0084418395)
(-0.016340783 -0.0063607996 0.011725847)
(-0.028014792 -0.0098163714 0.0045363962)
(-0.028043214 -0.0083338231 0.0047681325)
(-0.011403983 -0.003812734 0.015259018)
(-0.026538685 -0.0098298784 0.0066760965)
(-0.023994691 -0.0073485288 0.006926898)
(-0.022592277 -0.0075999679 0.0077646236)
(0.01397146 0.011845919 0.021288626)
(-0.0084871127 -0.00073108375 0.017954426)
(-0.021127627 -0.0055350802 0.0091873595)
(-0.00056448319 0.0018275387 0.020397482)
(-0.024706652 -0.0090811082 0.0074811374)
(-0.025367031 -0.0044668327 0.0059012999)
(-0.024047249 -0.0029332969 0.0052005669)
(-0.02246184 -0.0018527975 0.0091062039)
(-0.023029482 -0.0011621356 0.0038186858)
(-0.024665705 -0.0040043742 0.0084305853)
(-0.023678393 -0.002505009 0.0063050823)
(-0.024512724 -0.0032208262 0.0037413589)
(-0.020472098 -0.01145877 0.01083054)
(-0.019092674 -0.0062635971 0.013228788)
(-0.017640472 -0.0042573303 0.014520285)
(-0.0211102 -0.013614303 0.0096924997)
(-0.020285494 -0.013653008 0.01038933)
(-0.015942457 0.0010940509 0.018930435)
(-0.021373335 -0.011960263 0.01048431)
(-0.020618966 -0.0088988072 0.010472358)
(-0.021404408 -0.0079146239 0.0090052804)
(0.0011933028 0.02352063 0.022510966)
(-0.012140364 0.0035625765 0.019941847)
(-0.019991184 -0.005917949 0.011823802)
(-0.0096545359 0.011804686 0.02293416)
(-0.021677926 -0.010084734 0.0098401869)
(-0.019619742 -0.0096619172 0.010548821)
(-0.02015525 -0.0076651024 0.0087263878)
(-0.019384054 -0.0084810205 0.012883951)
(-0.016588372 -0.0086510509 0.0085194557)
(-0.020921782 -0.008592211 0.011469444)
(-0.017965578 -0.0097150548 0.011454956)
(-0.018689083 -0.0084870875 0.0083136352)
(0.021699002 0.0014689331 0.055660519)
(0.013806585 -0.05288878 0.15109305)
(0.019595712 -0.003610026 0.089350744)
(0.011330256 -0.051185774 0.16341983)
(0.021575593 -0.0039910246 0.085111918)
(0.020750541 -1.3779629e-05 0.061740219)
(0.011425268 -0.05008192 0.14608657)
(0.024470769 0.010750966 0.024678551)
(0.020077976 -0.0084957291 0.057151135)
(0.023151876 0.010339655 0.010300423)
(0.019279502 -0.013785229 0.073718453)
(0.023416767 0.01196949 0.01410297)
(0.024615328 0.0092853354 0.019421156)
(0.017942614 -0.019286899 0.086359857)
(0.023802395 0.0053962383 0.04411341)
(0.02526989 3.3526477e-05 0.055091545)
(0.01150141 -0.052506059 0.17021761)
(0.015823378 -0.028189351 0.10988497)
(0.023909014 -0.0045086716 0.076489766)
(0.025334831 0.0070477111 0.032704623)
(0.012644865 -0.039427816 0.13047617)
(0.025253917 0.0022352661 0.027121092)
(0.023181156 -0.00080743087 0.058507035)
(0.026166083 0.0031719845 0.010395282)
(0.022214048 -0.0096944141 0.080432501)
(0.026123962 0.0023707098 0.014862243)
(0.025925316 0.0027004029 0.019530991)
(0.021621041 -0.0076916631 0.098822761)
(0.025534842 0.0016022268 0.046709402)
(0.02569198 0.00056046316 0.055138042)
(0.016424188 -0.032097681 0.17963146)
(0.019626345 -0.01915009 0.11781826)
(0.025203384 0.0008832434 0.073649469)
(0.026238248 0.0030653774 0.033639071)
(0.020346817 -0.020855105 0.14416287)
(0.021188185 0.004630844 0.056233384)
(0.016382028 -0.052523078 0.15183036)
(0.018636063 -0.0019667944 0.088495598)
(0.010722058 -0.047234323 0.16133796)
(0.018741491 0.0014484179 0.082382346)
(0.020608508 0.00074416973 0.062164282)
(0.020003495 -0.046941369 0.14631582)
(0.0198604 0.017924372 0.023738621)
(0.018453798 -0.00022401308 0.057721724)
(0.020008456 0.018200516 0.013286138)
(0.018803636 -0.0017791428 0.071986517)
(0.020152719 0.017663208 0.015812836)
(0.019783815 0.018697557 0.020225319)
(0.017909492 -0.0094310508 0.083575815)
(0.020876969 0.01279699 0.042091061)
(0.020806569 0.011532791 0.052666117)
(0.014945367 -0.045640489 0.16618108)
(0.02028162 -0.016069423 0.10657479)
(0.019402509 0.0054292008 0.070371797)
(0.020327878 0.017585654 0.031361034)
(0.020815243 -0.030099676 0.12706782)
(0.023005494 0.019838228 0.0313072)
(0.021103554 0.019399813 0.064141456)
(0.020766188 0.021959178 0.01476407)
(0.019897671 0.0098886828 0.078204842)
(0.021778056 0.021430558 0.019262195)
(0.021706073 0.020216578 0.023398893)
(0.018876605 0.011161279 0.098021578)
(0.023587706 0.017841913 0.048432371)
(0.022434819 0.01449464 0.053766666)
(0.0140963 -0.021320195 0.17636236)
(0.019389337 -0.0014314844 0.11251145)
(0.022358882 0.015961419 0.069682745)
(0.022508289 0.018676675 0.036057564)
(0.017376797 -0.0042713204 0.13905755)
(0.022360682 -0.021136254 0.014637348)
(0.0067557143 -0.021421974 0.045383188)
(0.022907399 -0.022471788 0.0057852313)
(0.0033278358 -0.021568935 0.062505942)
(0.022938425 -0.021870131 0.0070608987)
(0.022714052 -0.021287631 0.012628825)
(-0.003275719 -0.020776714 0.072058221)
(0.01778691 -0.021846842 0.032158258)
(0.015064816 -0.021604462 0.044600298)
(-0.044256415 -0.01850302 0.16046973)
(-0.011249589 -0.02289456 0.097857807)
(0.0092748243 -0.020380341 0.060740636)
(0.021588458 -0.021396607 0.023907871)
(-0.025659016 -0.02395157 0.11810483)
(0.02183082 -0.024314232 0.028438083)
(0.022236464 -0.022955813 0.059484002)
(0.024059211 -0.021836159 0.014377852)
(0.01386822 -0.022002197 0.071966543)
(0.023343595 -0.022895074 0.018695998)
(0.022535374 -0.022861276 0.020902137)
(0.015261925 -0.021201961 0.090851103)
(0.020082269 -0.024829774 0.043475863)
(0.017894236 -0.0229355 0.046764821)
(-0.020750786 -0.017380007 0.17225042)
(0.0018980406 -0.021709218 0.10575791)
(0.018756314 -0.02310938 0.062369937)
(0.021314523 -0.023518195 0.031447379)
(-0.0015890286 -0.020265175 0.13302927)
(0.010318967 -0.023628343 0.037838901)
(0.014599197 0.0049672766 0.015927283)
(0.014554049 -0.00020246991 0.021821843)
(0.016364805 0.0090335903 0.012714913)
(0.016279272 0.0035855469 0.014963626)
(0.015777267 -0.0004640564 0.020602727)
(0.010797635 -0.026045289 0.040502542)
(0.0012152328 -0.043923466 0.049813215)
(0.0067167581 -0.026082382 0.033110119)
(0.016741664 -0.0053659319 0.016787968)
(-0.012274383 -0.05791 0.055185871)
(0.014579086 -0.0085173088 0.020045632)
(0.0031705939 -0.035337059 0.045114745)
(-0.0095029122 -0.062434455 0.052990441)
(0.011806149 -0.017542332 0.03243611)
(0.019622929 0.001830495 0.01540112)
(0.017759892 0.0071561478 0.012406722)
(0.018872255 0.0025075795 0.013128819)
(0.017642405 0.0023148312 0.013896015)
(0.017572232 0.00063222672 0.018177374)
(0.014718584 -0.01152897 0.026148866)
(0.013516357 -0.026115769 0.063643948)
(0.018919675 0.0058710266 0.028209832)
(0.01797018 -2.3022267e-05 0.029255736)
(0.020134985 0.01232562 0.012268329)
(0.02003084 0.0078369343 0.023226799)
(0.018438807 -0.00032217413 0.0294623)
(0.014020267 -0.032716234 0.071565327)
(0.0074738558 -0.058340821 0.10292491)
(0.012947383 -0.03216545 0.083507883)
(0.020528161 -7.2610389e-06 0.035472683)
(-0.0016798941 -0.067534054 0.1176686)
(0.019537579 -0.0080555013 0.047007335)
(0.0083210129 -0.042982885 0.086910622)
(-0.00096500061 -0.075186166 0.12608185)
(0.015382393 -0.019364752 0.053448331)
(0.020826479 0.0038398883 0.019519067)
(0.020809962 0.011075559 0.010934071)
(0.022531212 0.0072883167 0.016214402)
(0.021689751 0.0080201121 0.019223565)
(0.019134742 0.00098078969 0.026162286)
(0.017338042 -0.01508873 0.046437051)
(0.0056635138 -0.028355041 0.04255234)
(0.0016403644 -0.037501036 0.055914519)
(0.014759264 -0.012938157 0.029617305)
(-0.02121967 -0.072110462 0.080593843)
(-0.020303626 -0.066478171 0.080516858)
(0.01928847 -0.0063779259 0.020380994)
(0.0001669523 -0.039975174 0.054412289)
(0.012748469 -0.016454295 0.027460988)
(0.017717803 -0.0089167205 0.017045252)
(0.01945632 -0.0030917485 0.014469746)
(-0.012731376 -0.051887447 0.053969944)
(0.021419464 -0.0017755899 0.013200098)
(0.0064543788 -0.02675667 0.037487624)
(-0.0038726552 -0.036548974 0.045798702)
(0.014030236 -0.016810602 0.028849238)
(0.010635665 -0.023164304 0.039587016)
(0.0039506511 -0.029507585 0.046589934)
(0.024911974 -0.0015290612 0.011276371)
(0.020747044 -0.0094335862 0.01764232)
(-0.015254507 -0.053294256 0.072926263)
(0.023062987 -0.0025381643 0.014746661)
(0.020806869 -0.0031167411 0.015106481)
(0.021086072 0.0022953111 0.013610863)
(0.021071117 0.003457045 0.0092808893)
(0.020398811 0.0021425445 0.012124347)
(0.021676711 0.0016797455 0.011016562)
(0.022178495 0.0023413487 0.011846486)
(0.017739124 -0.007025576 0.01992008)
(0.0096224192 -0.028409774 0.060579459)
(0.003236409 -0.039463606 0.06511808)
(0.016353013 -0.015216726 0.040138498)
(-0.014800801 -0.075102318 0.10366105)
(-0.014380797 -0.067594899 0.10107764)
(0.019916908 -0.0069787409 0.028171674)
(0.0047524051 -0.0435297 0.078996542)
(0.016299803 -0.01828126 0.05136092)
(0.022763468 -0.0062320225 0.039143362)
(0.022963116 0.0055249569 0.023511518)
(-0.0010351895 -0.063032946 0.11963673)
(0.025347405 0.0053843913 0.016220296)
(0.012227915 -0.02640116 0.067009814)
(0.0046358245 -0.046247606 0.098500559)
(0.016559397 -0.01770679 0.042186481)
(0.012180471 -0.022362055 0.043036083)
(0.0073465692 -0.028828417 0.056581727)
(0.02497371 0.00080363587 0.011671477)
(0.023115312 -0.0058666615 0.023669364)
(-0.0086784791 -0.055544388 0.088949112)
(0.023328384 -0.00139105 0.017826795)
(0.021915493 0.00039566185 0.022316346)
(0.022579574 0.0045854819 0.014993598)
(0.023073497 0.0078938926 0.0060989704)
(0.02298524 0.0075092706 0.013018303)
(0.023960689 0.0074397865 0.0093403891)
(0.023323779 0.0049753283 0.011901865)
(0.019489565 -0.0061360814 0.034403835)
(-0.0089765871 -0.021429646 0.030780017)
(0.017523618 -0.021447453 0.0084161778)
(0.013123531 -0.021600292 0.011945336)
(0.023651183 -0.020533652 0.0054952353)
(0.019055384 -0.019986901 0.0086803118)
(0.014858925 -0.021530567 0.011774369)
(-0.014327167 -0.019606073 0.03315019)
(-0.02849362 -0.024816553 0.045656656)
(-0.0082314909 -0.022339979 0.029063539)
(0.015412743 -0.018391187 0.01229637)
(-0.045662673 -0.031532552 0.052816248)
(0.011082238 -0.019293287 0.014752112)
(-0.016232172 -0.024987488 0.040136257)
(-0.051588629 -0.026396064 0.050605619)
(0.00041802568 -0.021938834 0.02617162)
(0.021218724 -0.0185749 0.010028356)
(0.024393611 -0.01900938 0.0064046831)
(0.022429709 -0.017244387 0.0092042073)
(0.020659152 -0.018491576 0.0089398219)
(0.018239211 -0.020575015 0.011079758)
(0.0093894449 -0.020212673 0.019870718)
(-0.013436906 -0.021849158 0.053564693)
(0.016337155 -0.022084916 0.016612835)
(0.011925078 -0.021901562 0.017464586)
(0.023801167 -0.021361239 0.0037368845)
(0.018973425 -0.021865864 0.014663959)
(0.013951229 -0.020735786 0.017672579)
(-0.022424238 -0.020835128 0.061066847)
(-0.044420836 -0.024366382 0.093063156)
(-0.017914134 -0.023459967 0.073921923)
(0.015480508 -0.020425896 0.027966177)
(-0.058549731 -0.025146453 0.11303256)
(0.008148652 -0.020687431 0.035480456)
(-0.028672603 -0.025146221 0.078840531)
(-0.067400847 -0.023483203 0.12002442)
(-0.0024798372 -0.020646794 0.042689309)
(0.019745974 -0.01999854 0.013382491)
(0.024129392 -0.020299672 0.0042785498)
(0.022852325 -0.019425648 0.0095289685)
(0.021654812 -0.020630189 0.011664589)
(0.016524535 -0.020282121 0.016873089)
(0.0036019824 -0.020112225 0.035672971)
(-0.0043390432 -0.025177875 0.038410282)
(-0.016094916 -0.029090699 0.052582003)
(0.0076615979 -0.021436598 0.024568024)
(-0.061434714 -0.037939701 0.077390654)
(-0.052497798 -0.040317944 0.079256536)
(0.017311894 -0.01738295 0.016923719)
(-0.021425851 -0.029187422 0.050480904)
(0.0081867924 -0.020716133 0.023322717)
(0.016818854 -0.01641964 0.014122089)
(0.019665637 -0.016457369 0.010706132)
(-0.036363367 -0.035309758 0.051820182)
(0.022726827 -0.014089235 0.010423757)
(-0.0047451763 -0.024233418 0.033030351)
(-0.015795832 -0.031298512 0.043600836)
(0.010921886 -0.019571361 0.024421155)
(0.0033305197 -0.022480864 0.033791121)
(-0.0034219088 -0.027490185 0.043903422)
(0.025242845 -0.011513531 0.010077175)
(0.019745219 -0.01383024 0.015590325)
(-0.034045906 -0.039514428 0.069800257)
(0.022692801 -0.014042085 0.012392786)
(0.020281003 -0.01550003 0.012799124)
(0.02349094 -0.016229721 0.0096264136)
(0.024589331 -0.014140493 0.0076664095)
(0.023748059 -0.015776998 0.0092132005)
(0.02441104 -0.013814999 0.0091578849)
(0.02481904 -0.014506493 0.0095463571)
(0.015817594 -0.017947674 0.015254948)
(-0.007221801 -0.025370325 0.054456727)
(-0.018699783 -0.029082752 0.061403598)
(0.0047545953 -0.02080582 0.03276623)
(-0.066007854 -0.033662224 0.099579098)
(-0.054166429 -0.037058534 0.098852838)
(0.015192148 -0.019111252 0.02259515)
(-0.027883806 -0.02767876 0.07267802)
(0.0049835359 -0.02178437 0.043086464)
(0.015482465 -0.019534245 0.032159087)
(0.021934429 -0.019887704 0.018862927)
(-0.049544907 -0.02834912 0.11225507)
(0.024661147 -0.018735958 0.013156794)
(-0.0088913417 -0.02406965 0.059743549)
(-0.026988214 -0.028956478 0.0919611)
(0.007689176 -0.020857266 0.036119449)
(0.0024085127 -0.023097323 0.038879682)
(-0.0059249184 -0.027388536 0.054395354)
(0.024833454 -0.01493093 0.011007014)
(0.018458353 -0.017300003 0.021927539)
(-0.036466404 -0.035724469 0.085072827)
(0.021633725 -0.016891302 0.015385445)
(0.019502641 -0.019451041 0.019197857)
(0.022300093 -0.019031347 0.010244268)
(0.025384476 -0.017435214 0.0047296329)
(0.024166891 -0.018888485 0.0080007596)
(0.025412972 -0.018122211 0.0068041989)
(0.024308279 -0.017411346 0.0083358918)
(0.01222563 -0.020302202 0.027033113)
(0.022963535 -0.0095344801 0.095063078)
(0.027645346 -0.0055408884 0.039014017)
(0.027235909 -0.007859917 0.04961161)
(0.028627621 -0.0061126283 0.016627105)
(0.027840313 -0.0051077861 0.032790873)
(0.02724905 -0.0084741657 0.043443962)
(0.025323574 -0.0062920648 0.10490226)
(0.011043843 -0.024327729 0.14327232)
(0.021037978 -0.014656887 0.10558835)
(0.026412521 -0.0043126234 0.039405749)
(-0.001282952 -0.039330117 0.17222362)
(0.02567311 -0.0058050653 0.05427276)
(0.013449226 -0.022282666 0.11441952)
(-0.00096465898 -0.038562436 0.19400058)
(0.021192547 -0.010357987 0.078908332)
(0.027307254 -0.0071465278 0.026900283)
(0.028332212 -0.0052642971 0.013036921)
(0.027416601 -0.0030960706 0.018796569)
(0.027630436 -0.004430923 0.025607265)
(0.026949437 -0.0081751993 0.034994756)
(0.021889257 -0.0097995487 0.061530038)
(0.020334605 -0.016031345 0.093944674)
(0.028148747 -0.01901907 0.040503795)
(0.027497496 -0.016152309 0.053458478)
(0.02790472 -0.017155887 0.019722035)
(0.027198783 -0.01851232 0.035193351)
(0.026078456 -0.016064231 0.046763823)
(0.023147408 -0.014219277 0.10511863)
(0.0022513964 -0.022332048 0.13717821)
(0.011409435 -0.018335892 0.096598321)
(0.023852444 -0.018774483 0.041916578)
(-0.021125493 -0.027417937 0.16818223)
(0.022681421 -0.018605701 0.054874532)
(0.0054315636 -0.021483708 0.10971602)
(-0.023336079 -0.024857122 0.19241904)
(0.020163831 -0.018423527 0.076811638)
(0.026174538 -0.015823079 0.029585526)
(0.027382338 -0.016445278 0.016174832)
(0.026416095 -0.017505065 0.022632578)
(0.026170309 -0.017920388 0.028513749)
(0.025785315 -0.016679629 0.038429327)
(0.021217876 -0.018516724 0.060087327)
(0.013557425 -0.021066575 0.078710232)
(0.0063103285 -0.025502141 0.089350982)
(0.019948918 -0.012711355 0.056218315)
(-0.021195655 -0.045631133 0.16799475)
(-0.017858506 -0.048570445 0.15219116)
(0.023944636 -0.0097335544 0.034188685)
(0.0065738662 -0.027232614 0.11122788)
(0.019073514 -0.012972885 0.058512788)
(0.024405858 -0.0045669148 0.037687591)
(0.02680956 -0.0036586346 0.026896672)
(0.0012053254 -0.039106737 0.14841533)
(0.026830811 -0.00082088939 0.016326918)
(0.015846322 -0.020436868 0.087882505)
(0.0084777589 -0.030484405 0.10645826)
(0.018662173 -0.01341151 0.050514103)
(0.015214587 -0.016576602 0.05694487)
(0.0079867089 -0.026323456 0.06976669)
(0.027378092 -0.0051168755 0.01305115)
(0.024194294 -0.0079658334 0.026974025)
(-0.0091861984 -0.038753013 0.11707653)
(0.026539306 -0.0067868397 0.021593438)
(0.025809154 -0.0059055683 0.025252853)
(0.027167122 -0.0056406222 0.018122195)
(0.026774172 -0.0024675032 0.0060561678)
(0.027193594 -0.0024259892 0.012941111)
(0.026985384 -0.001261767 0.0086705769)
(0.027399262 -0.004446751 0.012461874)
(0.023447711 -0.0086677939 0.041395252)
(0.0075941531 -0.022173521 0.077507315)
(0.0043110422 -0.025032213 0.08938598)
(0.019670215 -0.017549312 0.056036833)
(-0.031999403 -0.040863952 0.17143133)
(-0.028914877 -0.040862077 0.15300972)
(0.022966827 -0.014980336 0.035239119)
(-0.0016827345 -0.027291126 0.11278063)
(0.015574465 -0.020345541 0.05657323)
(0.021431579 -0.019473844 0.036674129)
(0.023709768 -0.018412981 0.030348686)
(-0.018102419 -0.027373832 0.14271483)
(0.025201899 -0.017839783 0.021057684)
(0.0079151076 -0.021099548 0.084170099)
(-0.0056815802 -0.026036602 0.10116641)
(0.01628416 -0.019038299 0.049966954)
(0.014649526 -0.018539095 0.058124765)
(0.0025030293 -0.024499577 0.069492259)
(0.027035063 -0.010962892 0.013867349)
(0.022502037 -0.014961584 0.0279532)
(-0.017065164 -0.035928756 0.11864198)
(0.025582811 -0.013119239 0.022773967)
(0.024421332 -0.016532647 0.026826916)
(0.026233765 -0.015060158 0.021047051)
(0.026828588 -0.01347913 0.0089648147)
(0.026183242 -0.016497275 0.016610165)
(0.026786148 -0.015492466 0.012554204)
(0.026917137 -0.013324095 0.014354098)
(0.021670822 -0.018130503 0.042422494)
(0.0093678469 -0.0016855262 0.029439721)
(-0.01970265 0.0020450341 0.0071393809)
(-0.022288424 0.0058349025 0.0051634391)
(-0.013551073 0.0031911155 0.01163246)
(-0.018210697 0.0044454192 0.0075068919)
(-0.012743809 0.0046009256 0.011863246)
(0.011604868 -0.0012872878 0.03101879)
(0.031767694 -0.010060958 0.044397973)
(0.012092432 -0.005419236 0.027531494)
(-0.0078803498 0.0039968647 0.011527853)
(0.049706275 -0.021083196 0.052800119)
(-0.0063719011 0.0020460426 0.013084061)
(0.053234275 -0.017822369 0.049770048)
(0.023780105 -0.0082071473 0.040738632)
(0.0035256654 -0.00012319997 0.025202597)
(-0.012717826 0.0096161161 0.010349649)
(-0.019933167 0.0078614318 0.0061926522)
(-0.014847657 0.0076649709 0.0085445117)
(-0.016023296 0.0061770124 0.0080684474)
(-0.012929893 0.0069642221 0.011389036)
(-0.00094883344 0.0032859716 0.020338588)
(0.018472332 0.0060265793 0.056391909)
(-0.011587725 0.01336526 0.021967362)
(-0.017667972 0.016131068 0.0075224644)
(-0.0082906212 0.010892295 0.021187779)
(-0.0075015645 0.012294222 0.022297021)
(-0.012842939 0.015751951 0.017711227)
(0.025164578 0.0053011953 0.063829503)
(0.052057939 -0.0014326981 0.097053489)
(0.024961412 0.0072755326 0.075843923)
(0.062645928 -0.0093010084 0.1147524)
(-0.0023562535 0.015895742 0.031220944)
(0.0043445256 0.014601937 0.040599698)
(0.038086154 0.00052011753 0.082712749)
(0.070054446 -0.0091064231 0.12207243)
(0.011908741 0.0086987201 0.046771776)
(-0.0095055434 0.015963037 0.015113691)
(-0.016030888 0.01760615 0.006532654)
(-0.011305297 0.019501614 0.01195536)
(-0.007658116 0.013601637 0.020511511)
(-0.012616582 0.018175265 0.013831733)
(0.0085921658 0.011435729 0.040490087)
(0.06694445 -0.0072343812 0.096145975)
(0.069866366 -0.0086757381 0.087957805)
(0.028415642 0.0025751725 0.058077181)
(0.056890616 -0.0038652513 0.067675017)
(0.029090494 0.0015970252 0.059759955)
(0.058819359 -0.0076290598 0.069540729)
(0.069605665 -0.0033964133 0.097660045)
(0.019455122 -0.0048179474 0.040028148)
(0.0033495034 0.0049022697 0.025263314)
(0.029958912 -0.0078644131 0.054036077)
(0.066609472 -0.029334778 0.079572859)
(0.06086717 -0.028947223 0.080034685)
(-0.0019823206 0.010150343 0.017443052)
(0.031120541 -0.010755155 0.051572887)
(0.006148987 0.0011606299 0.024659851)
(-0.0025413467 0.0055065539 0.014946363)
(-0.0084410505 0.0070647772 0.010925089)
(0.043651845 -0.022117535 0.052027774)
(-0.0088142328 0.009499512 0.010926267)
(0.02725993 -0.014022284 0.044300378)
(0.016290578 -0.0051727603 0.034171914)
(-0.0058070616 0.010016119 0.012796019)
(-0.011849356 0.011703949 0.0098780377)
(-0.01309456 0.012240665 0.0064691099)
(-0.012988386 0.0095475989 0.0086684616)
(-0.011582409 0.011420897 0.0084422055)
(-0.010978571 0.013167731 0.0092334047)
(-0.0034205773 0.0066004765 0.016021979)
(0.0081135584 0.003966088 0.026902717)
(0.01629972 0.0017262571 0.037746523)
(0.022477524 -0.0052819387 0.045893637)
(-0.0050131509 0.017020414 0.010540985)
(0.0016183756 0.011638021 0.016894508)
(0.047294217 -0.024255128 0.072065026)
(-0.0047782353 0.014411202 0.012986486)
(0.022383086 0.002492299 0.05759575)
(0.032278203 -0.0054524733 0.063056556)
(0.070919017 -0.022515905 0.10139953)
(0.0079270428 0.009451307 0.035639176)
(0.062777562 -0.022884707 0.10018601)
(0.00093053113 0.013791905 0.025173914)
(0.03715883 -0.0031887425 0.074779409)
(0.013531083 0.011277123 0.048293276)
(0.0034795654 0.019434233 0.037118626)
(0.058038233 -0.0087523684 0.11646174)
(-0.0084406812 0.019657868 0.020584183)
(-0.0076678445 0.023230025 0.014396262)
(0.020878216 0.0057726526 0.063083383)
(0.041664759 -0.0022892006 0.096114003)
(0.013534849 0.010605026 0.040709332)
(0.016905572 0.0048184702 0.041415121)
(0.025258731 -0.00033320506 0.056875389)
(-0.0042398228 0.020998886 0.010362379)
(0.003111671 0.018634387 0.02294604)
(0.050994714 -0.017087921 0.088499048)
(-0.0029738841 0.018303286 0.015894564)
(-0.0044027139 0.018293194 0.019585938)
(-0.0093893986 0.018471 0.011756914)
(-0.011823321 0.021386894 0.0037000411)
(-0.010995451 0.02070841 0.010042403)
(-0.010439861 0.022312319 0.0072510167)
(-0.0092462204 0.020217212 0.0092986229)
(0.00086540901 0.014601883 0.030083948)
(0.013206535 0.018652951 0.092019632)
(0.017496121 0.026820953 0.037592437)
(0.016334662 0.027258854 0.014925218)
(0.014646102 0.026269507 0.049483848)
(0.017015767 0.026120491 0.03258089)
(0.014533774 0.025057002 0.043265481)
(0.011579677 0.021507971 0.10303509)
(0.018974897 -0.00074842375 0.13915617)
(0.015746855 0.0087436263 0.1008293)
(0.016794239 0.022465308 0.04244516)
(0.024173823 -0.025139195 0.17125835)
(0.016478275 0.021261576 0.055499639)
(0.021535539 -0.026084427 0.19475983)
(0.018327762 0.0023966062 0.11128277)
(0.015656521 0.018507346 0.075557623)
(0.014364379 0.025354137 0.027228899)
(0.015785259 0.026932339 0.011912626)
(0.016164202 0.025618319 0.02067438)
(0.016557602 0.025287608 0.026218314)
(0.015157031 0.024921811 0.035508983)
(0.015880055 0.019750836 0.059139612)
(0.010052996 0.021920536 0.098077396)
(0.00679566 0.028731893 0.039073222)
(0.0077989796 0.030126456 0.013428955)
(0.0088954647 0.027531924 0.049119742)
(0.0096157806 0.02770721 0.042995253)
(0.0062960856 0.029190584 0.032375708)
(0.0068616789 0.023849033 0.10946875)
(0.021986003 0.0085968193 0.14344907)
(0.012804096 0.01952524 0.10422054)
(0.036475305 -0.0048124948 0.17243145)
(0.0043456226 0.026670324 0.038412322)
(0.0056146572 0.025758298 0.053568191)
(0.019535049 0.011258945 0.1136289)
(0.035376353 -0.003910917 0.19460187)
(0.010738807 0.02040225 0.080257613)
(0.0081804587 0.027996575 0.026045201)
(0.0068915809 0.030089136 0.010096685)
(0.00419852 0.028915084 0.017678951)
(0.0093735874 0.027499869 0.034344952)
(0.0055501312 0.029088165 0.024668115)
(0.0097238282 0.021250742 0.062123569)
(0.018967729 0.0053020914 0.077990258)
(0.015256427 0.018338907 0.054749733)
(0.022890057 0.0013003459 0.090810652)
(0.036521541 -0.034309842 0.17201074)
(0.036916723 -0.031224229 0.15304014)
(0.013369031 0.021411604 0.034988373)
(0.023090912 -0.0030315375 0.11117526)
(0.01746957 0.012738267 0.058738663)
(0.016990271 0.018844202 0.039351221)
(0.016617641 0.022314465 0.031039904)
(0.02432462 -0.021971874 0.14608185)
(0.016005256 0.023655262 0.021760231)
(0.022454857 -0.0097229101 0.10470597)
(0.01811303 0.0053550364 0.085874944)
(0.014504052 0.022768918 0.026931552)
(0.013683919 0.025520099 0.019096779)
(0.012909209 0.02628548 0.0064408132)
(0.015223222 0.025458263 0.01499682)
(0.014266322 0.025847333 0.011348321)
(0.012287903 0.026048345 0.012989815)
(0.015693354 0.020337381 0.041759456)
(0.016267363 0.013576573 0.051049216)
(0.016665335 0.01181411 0.05928251)
(0.021790591 -0.0016939499 0.071489653)
(0.0096887567 0.02531424 0.014011575)
(0.01258596 0.019614228 0.029250444)
(0.03285162 -0.020087198 0.11962529)
(0.011626165 0.024062798 0.022699768)
(0.019936344 0.01101021 0.079478028)
(0.024283527 0.0030356812 0.091506288)
(0.044348822 -0.024709714 0.17089397)
(0.012712781 0.018552591 0.057111831)
(0.046103759 -0.022092409 0.15381492)
(0.0098357767 0.02285996 0.034692755)
(0.026026248 0.0036562631 0.11314346)
(0.011636916 0.017623765 0.058060779)
(0.0040293227 0.024039999 0.036462903)
(0.035660693 -0.0021578653 0.14754981)
(0.0039337725 0.027438582 0.02595449)
(0.0012821473 0.027740138 0.015368613)
(0.0182666 0.014227626 0.086999179)
(0.027925904 0.005283542 0.10565359)
(0.012739677 0.016334352 0.051689283)
(0.01551414 0.012525086 0.058479005)
(0.024965027 0.0034309933 0.072141737)
(0.0050760846 0.026734668 0.01280621)
(0.0074440841 0.022414123 0.027580064)
(0.036811984 -0.014082962 0.1194872)
(0.0068978126 0.025690162 0.021715216)
(0.0063862096 0.025952021 0.02503498)
(0.0065629344 0.028047341 0.016826)
(0.0037989837 0.028555044 0.0038830453)
(0.0034882186 0.02878323 0.011631696)
(0.0023062269 0.028570265 0.0072338448)
(0.0053441091 0.028420632 0.011158066)
(0.0090070188 0.023151681 0.041708513)
(-0.012338721 0.022655116 0.022242251)
(0.0039758633 0.016096984 0.054528545)
(0.0095459666 0.015230032 0.069852351)
(-0.011717296 0.023510144 0.008818846)
(-0.01302589 0.022065787 0.012832155)
(0.013648437 0.012854282 0.081836303)
(-0.010711641 0.0240902 0.017311339)
(-0.0075362789 0.02103401 0.039865336)
(-0.0014117027 0.02225119 0.052341328)
(0.048608159 0.004275724 0.16592426)
(0.023864731 0.010146689 0.10599755)
(0.0012272906 0.0194026 0.070691133)
(0.034015378 0.0061713913 0.1252793)
(-0.0082673056 0.023915758 0.030016323)
(-0.012257057 0.023510632 0.011226244)
(-0.012350528 0.025105543 0.0021248427)
(-0.013309557 0.022895879 0.020755718)
(-0.013827842 0.02320415 0.001196894)
(-0.01194995 0.023658231 0.017853743)
(-0.013231518 0.023993051 -0.00011054241)
(-0.012897386 0.022737538 0.012587256)
(-0.0006779905 0.026139402 0.028100305)
(0.00071861262 0.023158849 0.057887827)
(0.011057468 0.020805443 0.083100515)
(-0.0018759714 0.027738067 0.0092340756)
(-0.0012589517 0.027455684 0.013558148)
(0.0086204355 0.019921085 0.10217173)
(-0.0011155061 0.027237608 0.019898972)
(-0.00013694201 0.025491844 0.049108675)
(-0.00032153033 0.023731238 0.055161875)
(0.030275211 0.009415462 0.18020342)
(0.019392576 0.015590936 0.11948218)
(-0.00062455542 0.022759815 0.075179494)
(0.02147818 0.015803693 0.14744697)
(-0.0016109481 0.026590391 0.034582285)
(-0.001293492 0.029592635 0.013904043)
(-0.0051287823 0.028711876 0.0020842096)
(-0.00097039738 0.029309353 0.025612003)
(-0.0030817505 0.028549633 0.00074237355)
(-0.0018609308 0.028969603 0.021879834)
(-0.0032842688 0.028614307 1.821626e-05)
(-0.00065674738 0.029448046 0.015620619)
(0.008778682 -0.019911041 0.037867752)
(-0.04731347 -0.01584214 0.13873383)
(0.0023854339 -0.020080553 0.072474101)
(-0.046881298 -0.012418877 0.15191088)
(0.0036796371 -0.019967292 0.065005186)
(0.0060355263 -0.020411903 0.046688117)
(-0.042470815 -0.012555747 0.13085081)
(0.017962009 -0.021880366 0.0086043671)
(0.0014084935 -0.019039247 0.042777657)
(0.017956147 -0.022062572 -0.0042041906)
(-0.0027787644 -0.017684834 0.054726191)
(0.018753051 -0.021659168 0.00022250894)
(0.016893083 -0.022110513 0.0033250484)
(-0.0076372848 -0.017237009 0.068386494)
(0.013657235 -0.020777456 0.024364065)
(0.0077027594 -0.020778145 0.035315599)
(-0.04637915 -0.010799606 0.15481293)
(-0.017861165 -0.013976386 0.090577181)
(0.0039262728 -0.020325519 0.05468337)
(0.014739026 -0.021810736 0.014805634)
(-0.029061469 -0.01214894 0.111624)
(0.0051271765 -0.021542112 0.014705519)
(0.0037038139 -0.019743156 0.043769766)
(0.0068853047 -0.024094862 -0.0026697864)
(-0.0050893126 -0.018869955 0.066330773)
(0.0054434185 -0.023599148 0.0024617534)
(0.0065281282 -0.022803606 0.0067206514)
(-0.0029832179 -0.017818485 0.084916956)
(0.0051828677 -0.020678367 0.033893414)
(0.0064793851 -0.020590712 0.038235928)
(-0.027970991 -0.011984884 0.1681945)
(-0.013871615 -0.015978803 0.10268968)
(0.0059184615 -0.019387532 0.057875719)
(0.0076684701 -0.022166009 0.019631679)
(-0.016594049 -0.0161435 0.13094902)
(-0.017220003 0.015127583 0.034772319)
(-0.015827678 -0.011113905 0.013221527)
(-0.013524508 -0.016143012 0.010351006)
(-0.017387488 -0.0057844304 0.018062904)
(-0.013441989 -0.012101075 0.012737749)
(-0.016235904 -0.0071303117 0.017421294)
(-0.016585679 0.019238787 0.03675294)
(-0.02126306 0.033466081 0.047144427)
(-0.017269712 0.013008277 0.030500914)
(-0.0099978335 -0.0088232385 0.013607267)
(-0.02847249 0.048661819 0.053686828)
(-0.012626484 -0.0043307042 0.017269083)
(-0.024824592 0.053943422 0.050922475)
(-0.019653297 0.022703648 0.042350296)
(-0.016342571 0.0068731261 0.03019434)
(-0.010892702 -0.01365157 0.01303817)
(-0.010898737 -0.016982975 0.009653414)
(-0.0082431236 -0.015455168 0.010399363)
(-0.010749251 -0.013407008 0.0116743)
(-0.01412624 -0.010338868 0.015711652)
(-0.013031326 -0.0016520907 0.023241641)
(-0.022076908 0.020310429 0.060919037)
(-0.022377491 -0.0091522064 0.026581233)
(-0.02094336 -0.0047016051 0.025852366)
(-0.020206838 -0.01722606 0.012089992)
(-0.019939324 -0.0063885223 0.025772835)
(-0.021982532 -0.012290587 0.023647819)
(-0.021145026 0.028346369 0.067727673)
(-0.024320308 0.049831413 0.099872187)
(-0.024740203 0.024147737 0.082352494)
(-0.024363453 0.062624922 0.1180028)
(-0.020628432 -0.008729143 0.036673304)
(-0.02149078 -0.0012664172 0.044573062)
(-0.024215977 0.035204075 0.086388702)
(-0.023529344 0.069984321 0.12423784)
(-0.020410005 0.010335098 0.050888437)
(-0.017978326 -0.013254764 0.019341142)
(-0.018860466 -0.018064895 0.011173584)
(-0.018771948 -0.017096395 0.016239781)
(-0.01902041 -0.0090834153 0.024279943)
(-0.020491804 -0.015532328 0.019501816)
(-0.019146624 0.0040467057 0.043520058)
(-0.01730038 0.011199126 0.03898312)
(-0.013960457 -0.00033367944 0.02763731)
(-0.034491425 0.06507149 0.079452333)
(-0.022322152 0.022672066 0.054236491)
(-0.035553883 0.056716644 0.079753972)
(-0.02286621 0.027718178 0.052723718)
(-0.0085396432 -0.010851499 0.017301908)
(-0.010404849 -0.0030158253 0.022199039)
(-0.0042617783 -0.012753228 0.011738261)
(-0.0058154798 -0.013866152 0.010303896)
(-0.03016877 0.040133002 0.052068439)
(-0.0017334651 -0.018084816 0.0081616326)
(-0.022565314 0.01881454 0.042163478)
(-0.016700061 0.011562731 0.034468126)
(-0.0051542332 -0.014531476 0.01148624)
(-0.0072397179 -0.016655102 0.010514889)
(-0.005237423 -0.017661572 0.008611277)
(-0.0026110523 -0.019690763 0.0050849731)
(-0.0018056887 -0.019521513 0.0065373905)
(-0.0092006814 -0.0086861855 0.016572866)
(-0.0043696936 -0.019125912 0.0082014673)
(-0.0093411707 -0.0054504979 0.022443149)
(-0.014232701 0.0033073615 0.034436524)
(-0.016648195 0.0073907643 0.040602637)
(-0.00019897928 -0.0219633 0.0050662865)
(-0.0016029838 -0.016027676 0.010479199)
(-0.032458654 0.038729423 0.069819944)
(-0.0038369167 -0.018114003 0.0097817521)
(-0.021571505 0.014215611 0.059655894)
(-0.023660666 0.025456746 0.064559262)
(-0.031248715 0.070223676 0.10328404)
(-0.016990967 0.0027354429 0.038592291)
(-0.033207973 0.058651589 0.10145928)
(-0.014486186 -0.0086715308 0.0266234)
(-0.024591064 0.034695132 0.078608762)
(-0.019819474 0.0023649949 0.050184816)
(-0.018843989 -0.0097621129 0.039609438)
(-0.026704006 0.054981677 0.11857182)
(-0.019307163 -0.016509547 0.025696097)
(-0.017668086 -0.020356445 0.017866326)
(-0.022451162 0.016375053 0.067586019)
(-0.026926672 0.033565902 0.098712455)
(-0.016105188 -0.0010658733 0.039772959)
(-0.016447152 0.0041251932 0.040394176)
(-0.019952225 0.011305815 0.054479913)
(-0.0082028645 -0.021549824 0.0091976996)
(-0.0114667 -0.014317012 0.021998282)
(-0.030306425 0.042385796 0.087494989)
(-0.011026167 -0.016943015 0.016200074)
(-0.016772341 -0.014064869 0.023610651)
(-0.016168556 -0.016621206 0.014499984)
(-0.013846404 -0.021086588 0.0064435968)
(-0.017492686 -0.019025622 0.013126643)
(-0.016011606 -0.021079943 0.010006098)
(-0.013575007 -0.019433747 0.010733561)
(-0.018480979 -0.0052010397 0.033734196)
(-0.0056613838 -0.020434132 0.082047817)
(-0.0036648393 -0.025684877 0.028004641)
(-0.0047612971 -0.028465615 0.0061935255)
(-0.0057745869 -0.025497811 0.038441281)
(-0.003105755 -0.026563461 0.021671566)
(-0.0063287234 -0.026151357 0.032648441)
(-0.0031730818 -0.022062003 0.092113269)
(-0.017351422 -0.0076241843 0.12791345)
(-0.0087056658 -0.018386142 0.089224706)
(-2.8311668e-05 -0.024779769 0.025732494)
(-0.033743197 0.0039816326 0.15985347)
(-0.0014553463 -0.023651805 0.039637692)
(-0.033275342 0.0040903225 0.18269531)
(-0.014848482 -0.010665115 0.098645354)
(-0.0058078859 -0.019320085 0.065440726)
(-0.0045233182 -0.02748475 0.015988385)
(-0.0038124883 -0.028875682 0.0023091736)
(-0.00047238323 -0.02741091 0.0074976676)
(-0.0021720694 -0.026972252 0.014343593)
(-0.0058791716 -0.026464624 0.024194724)
(-0.0047450702 -0.020440632 0.047758277)
(-0.012653257 -0.017771138 0.093394623)
(-0.015952835 -0.025952146 0.037918553)
(-0.015080163 -0.02686567 0.013738967)
(-0.013504592 -0.025467573 0.049542445)
(-0.013842394 -0.02475922 0.042863667)
(-0.016149485 -0.025743398 0.032791633)
(-0.010739713 -0.020348943 0.10570907)
(-0.01899666 0.0024456604 0.14183504)
(-0.015714654 -0.0072566022 0.10380814)
(-0.023583888 0.025289927 0.17233446)
(-0.017373993 -0.022371985 0.043361576)
(-0.016407881 -0.020816806 0.0569681)
(-0.018009789 -0.0015787458 0.11214376)
(-0.020888115 0.027824818 0.19572522)
(-0.015477489 -0.018007277 0.076574546)
(-0.014498594 -0.025848596 0.025592998)
(-0.015391459 -0.027243035 0.010320176)
(-0.016617388 -0.026160807 0.01989154)
(-0.014920081 -0.024941573 0.034721126)
(-0.016400677 -0.025390395 0.025959003)
(-0.016018434 -0.019301676 0.059407994)
(-0.013191774 -0.01200303 0.064534423)
(-0.0072904754 -0.019101257 0.044301724)
(-0.017782561 -0.0044929753 0.078043911)
(-0.040241751 0.024012024 0.16092473)
(-0.040581228 0.020406943 0.14230212)
(-0.0041120338 -0.023507851 0.022276229)
(-0.019741622 -0.0043649112 0.097505032)
(-0.0051461426 -0.017880661 0.042624047)
(0.0024761197 -0.022724622 0.022201759)
(0.00079704388 -0.025565617 0.013972801)
(-0.031502064 0.00094451314 0.13446115)
(0.0040745554 -0.026294678 0.0037834358)
(-0.022219079 -0.0066788575 0.090463642)
(-0.01253034 -0.014117543 0.071748646)
(-0.00087454767 -0.025642785 0.013036591)
(-0.0024302404 -0.028118097 0.0066760201)
(0.00070590313 -0.029119713 -0.0059003696)
(0.00075153716 -0.027735676 0.0015180325)
(0.0027234732 -0.028182285 -0.0033685719)
(-0.00073779182 -0.028977624 0.0010504794)
(-0.0033421044 -0.02274686 0.027862779)
(-0.0055726919 -0.01773509 0.036876641)
(-0.0088655448 -0.014385394 0.045506294)
(-0.016809439 -0.0067087246 0.057045419)
(0.00098594533 -0.028091416 0.0014265929)
(0.00040205976 -0.023814998 0.013479024)
(-0.030922987 0.011668842 0.10751217)
(-0.001358608 -0.026485965 0.009889159)
(-0.016874949 -0.0049481935 0.074030357)
(-0.018869189 -0.0014277564 0.083174644)
(-0.034251878 0.036807351 0.16728888)
(-0.013598864 -0.0182684 0.050681979)
(-0.034062937 0.032633339 0.14851799)
(-0.011485161 -0.022354991 0.029755151)
(-0.021193976 0.0046931477 0.10883355)
(-0.01770012 -0.01234306 0.058211856)
(-0.018819952 -0.018835687 0.039932994)
(-0.023961421 0.02281397 0.14730387)
(-0.01761784 -0.022582052 0.031214157)
(-0.017310343 -0.024447416 0.020971581)
(-0.018034231 -0.0044098819 0.086529779)
(-0.023145079 0.011235644 0.10618989)
(-0.014018369 -0.014250093 0.045933867)
(-0.01210216 -0.012939225 0.050601747)
(-0.017302644 0.00019708483 0.063311876)
(-0.0068870459 -0.027526232 0.0073043047)
(-0.010198918 -0.021355557 0.023222384)
(-0.029138752 0.020222979 0.1130803)
(-0.0093655012 -0.025504144 0.016741482)
(-0.014495467 -0.023706435 0.02462672)
(-0.013779032 -0.026669007 0.016391184)
(-0.0131934 -0.028407192 0.0028048803)
(-0.016121342 -0.026519943 0.01335623)
(-0.01506152 -0.027522208 0.0088408717)
(-0.011846918 -0.027903699 0.009084981)
(-0.015926802 -0.02047934 0.040914557)
(0.003132239 -0.00020223683 0.025425228)
(-0.021234741 -0.00052771213 0.0063861865)
(-0.025918766 -0.00033966471 0.003721159)
(-0.015138796 0.002107321 0.01064706)
(-0.022736207 -0.0027912562 0.0055622524)
(-0.017151918 0.00085498431 0.0094632305)
(0.009452462 -0.00076448241 0.029570707)
(0.023104473 0.0043059075 0.038369159)
(0.00027353268 -0.00057476372 0.020419855)
(0.041805124 0.015788732 0.046816407)
(-0.020591164 -0.0062002039 0.0056181482)
(-0.016338897 -0.0049236677 0.0076451102)
(0.048873234 0.012054751 0.04596032)
(0.010373665 0.0030468896 0.031451604)
(-0.0064409746 -0.00090976975 0.018897407)
(-0.022547577 -0.0038236108 0.0060779111)
(-0.026442683 -0.0026927876 0.0038511442)
(-0.025197616 -0.0059216683 0.0049412689)
(-0.023988724 -0.0045201101 0.0051767873)
(-0.020404332 -0.0013912236 0.0077718317)
(-0.013325746 -0.0033591005 0.01247182)
(0.014411254 0.0066742007 0.053649974)
(-0.012587301 0.01185935 0.022072834)
(-0.020995387 0.009652581 0.0071739806)
(-0.0099958757 0.0083694972 0.020156105)
(-0.016206565 0.010502817 0.01795057)
(-0.011886252 0.0065973641 0.019749352)
(0.023880832 0.0064892235 0.062837148)
(0.044990326 0.0087953115 0.091569136)
(0.019929446 0.0096758815 0.07413196)
(-0.012980687 0.0077883154 0.028371312)
(0.058401213 0.012310478 0.10914096)
(-0.0054457541 0.0080442189 0.037321291)
(0.029024368 0.0095748232 0.07576357)
(0.067686096 0.010745219 0.11826792)
(0.0043601777 0.0054734591 0.041955887)
(-0.017986208 0.0046095587 0.012311134)
(-0.021612146 0.0077089646 0.0061891719)
(-0.019891763 0.0068136146 0.010551634)
(-0.018881454 0.0084127022 0.013464863)
(-0.01456696 0.0056424466 0.017514515)
(-0.0012584552 0.0050149058 0.034540325)
(0.0018472867 0.0034190898 0.027152038)
(0.059771948 0.02537142 0.072441737)
(-0.010860488 -0.001393259 0.015944954)
(0.014796205 0.0087072658 0.042783006)
(0.05100768 0.025876383 0.070774358)
(0.017177264 0.0077958665 0.041147595)
(-0.017167258 -0.0049334905 0.0091588148)
(-0.012151261 -0.0034968426 0.012081395)
(-0.021076006 -0.0083866775 0.0060031165)
(0.03146744 0.016891473 0.043965364)
(-0.023085604 -0.0081308344 0.0049187014)
(-0.024807581 -0.009644298 0.0047900557)
(0.0088709876 0.0084957225 0.032276293)
(-0.00085346881 0.00081923621 0.022363813)
(-0.021264907 -0.007397753 0.0057507263)
(-0.023900489 -0.0058688175 0.0050950718)
(-0.025387532 -0.0074592346 0.0044413632)
(-0.025500953 -0.0076476634 0.0029101573)
(-0.025544386 -0.0089715011 0.0037976958)
(-0.017618795 -0.005476875 0.0081703601)
(-0.024568179 -0.007082856 0.0043137806)
(-0.011044369 -0.0027893388 0.014241221)
(-0.0028739072 0.0014719726 0.024135932)
(0.0022950255 0.0055394259 0.031480005)
(-0.02273987 -0.0086855617 0.0032799778)
(-0.01768294 -0.0077469668 0.0073854597)
(0.03282906 0.022137239 0.060338864)
(-0.021223496 -0.0072242599 0.0051749186)
(0.0071707686 0.0069415068 0.04639771)
(-0.0045786106 0.0022586012 0.027678068)
(0.017713281 0.0098763979 0.052375619)
(0.065619878 0.020398415 0.09523796)
(0.054575981 0.023051138 0.091873631)
(-0.013724028 0.00070894342 0.017520447)
(0.026254841 0.0097137142 0.065621786)
(-0.0024303368 0.0054323932 0.038882963)
(-0.011956563 0.0053510533 0.030660924)
(-0.01930247 0.0066713981 0.018097365)
(0.050487442 0.014329622 0.10820351)
(-0.020888303 0.0045948812 0.012304078)
(0.0091171189 0.0080256029 0.05472487)
(0.028175864 0.012796696 0.085620878)
(-0.01749649 0.0032293769 0.01554407)
(-0.019876064 0.0028463621 0.0087137205)
(-0.02281099 0.0025727004 0.0029440071)
(-0.02128152 0.0055838422 0.0080442079)
(-0.022430813 0.0040051601 0.0056644746)
(-0.021554995 0.0009053019 0.0061047201)
(-0.010865915 0.0046403349 0.02414277)
(-0.004994658 0.0022337132 0.028932907)
(-0.0012873021 0.0032032275 0.029426684)
(0.0063527546 0.0078546762 0.042992291)
(-0.021417909 -0.0034228265 0.0050023769)
(-0.015250565 -0.0012680929 0.014741994)
(0.037263034 0.019852771 0.076578595)
(-0.019033964 -0.0016449153 0.0095763749)
(-0.01480903 0.013461533 0.030712424)
(-0.017891221 -0.010838268 0.012460207)
(-0.018498797 -0.01475818 0.010802554)
(-0.018056122 -0.0057413659 0.017386685)
(-0.019157333 -0.011197582 0.011375061)
(-0.018771111 -0.0071619912 0.015640816)
(-0.01556651 0.018919544 0.035249134)
(-0.0063618832 0.031913159 0.042013575)
(-0.012065822 0.012255826 0.025029669)
(0.0074641668 0.047380098 0.048368101)
(-0.019336367 -0.0086173951 0.010032513)
(-0.018227669 -0.0042278596 0.012513148)
(0.0045601251 0.054183275 0.047999244)
(-0.0078543194 0.020468744 0.035213334)
(-0.015725164 0.0046698807 0.023647541)
(-0.020988581 -0.011483993 0.011287003)
(-0.019530454 -0.01444579 0.010683887)
(-0.020419283 -0.013112174 0.010063811)
(-0.019849521 -0.011911213 0.010528327)
(-0.019854767 -0.0095379844 0.013336972)
(-0.017711155 -0.0021349113 0.017026356)
(-0.017209149 0.01998147 0.056526427)
(-0.02210247 -0.0092524077 0.024717816)
(-0.022099509 -0.014842187 0.011994929)
(-0.021644914 -0.0038960093 0.025791775)
(-0.022213856 -0.0113826 0.020041677)
(-0.021388104 -0.0047132139 0.025011781)
(-0.018251141 0.028037142 0.065864381)
(-0.01078538 0.049886332 0.092667959)
(-0.015087006 0.023488372 0.07246459)
(-0.019509679 -0.0071054968 0.028816462)
(-3.6418293e-05 0.060558253 0.10816348)
(-0.020440053 0.00060193967 0.039194121)
(-0.010034853 0.033399934 0.075558469)
(-0.0019447606 0.070457752 0.11844192)
(-0.018090751 0.011998561 0.045237617)
(-0.021260699 -0.0099375137 0.015330411)
(-0.021880425 -0.014271965 0.010992366)
(-0.02154122 -0.011850115 0.014253537)
(-0.022235491 -0.011903675 0.01658681)
(-0.020992864 -0.0069853563 0.021137184)
(-0.018288427 0.0066462406 0.037704845)
(-0.0084897372 0.010767999 0.030058819)
(0.018698343 0.063732543 0.073534654)
(-0.016728316 -0.00092843937 0.019592715)
(-0.0043475849 0.022189734 0.043607591)
(0.01775012 0.055785589 0.071841231)
(-0.0036094747 0.025199139 0.043282018)
(-0.019457539 -0.0072513079 0.012539624)
(-0.014853988 -0.0018152827 0.015713132)
(-0.01959443 -0.0098792353 0.0086297173)
(0.0083033268 0.038800554 0.045558943)
(-0.020736052 -0.011590491 0.0088303448)
(-0.021621134 -0.013469498 0.008374688)
(-0.00066750311 0.017944171 0.034242119)
(-0.010305763 0.0096877841 0.025864336)
(-0.020622042 -0.010767621 0.0094947785)
(-0.021423743 -0.012777327 0.010145421)
(-0.021126409 -0.013770175 0.0092727106)
(-0.021382482 -0.014273078 0.008660753)
(-0.02173554 -0.014184613 0.0084787266)
(-0.019259374 -0.0068523357 0.01194507)
(-0.021621226 -0.013599726 0.0092224764)
(-0.015004929 -0.0011909627 0.017424312)
(-0.011233852 0.0068004468 0.026988728)
(-0.0050270451 0.010683151 0.032438948)
(-0.02186371 -0.011839888 0.0072669219)
(-0.019284723 -0.007345505 0.0098081141)
(0.01336634 0.03918456 0.061704229)
(-0.021154822 -0.010840886 0.0092787231)
(-0.0097843203 0.015491704 0.047905318)
(-0.017190701 0.0038013517 0.0298253)
(-0.0046944039 0.025807969 0.052758828)
(0.01281791 0.068716891 0.095708844)
(0.013376941 0.058323312 0.091561958)
(-0.018614932 -0.0046351271 0.019465902)
(-0.0064141041 0.03208208 0.066557541)
(-0.015340315 0.0069203841 0.039810889)
(-0.019306269 -0.0035533748 0.029590669)
(-0.020396107 -0.011706849 0.019033475)
(-7.4962556e-06 0.054447593 0.10782123)
(-0.021330435 -0.011699285 0.013362748)
(-0.012549888 0.015708419 0.054876034)
(-0.0047612993 0.034774681 0.083845536)
(-0.019597941 -0.0090910243 0.016174564)
(-0.021493985 -0.011134938 0.012024545)
(-0.021658303 -0.013704742 0.0073756207)
(-0.021086937 -0.012752664 0.011679236)
(-0.021403566 -0.013319774 0.0087116733)
(-0.021429798 -0.012271819 0.0095759632)
(-0.018637569 -0.0031980351 0.025903239)
(-0.014506995 0.0053100991 0.031653942)
(-0.011311298 0.0082178483 0.031236859)
(-0.005665561 0.013600605 0.043170616)
(-0.020674233 -0.011165173 0.008019867)
(-0.018372465 -0.0059163952 0.016155694)
(0.008945137 0.043874829 0.077374202)
(-0.019970383 -0.0092014512 0.0120737)
(-0.011877607 0.0016331729 0.083038198)
(-0.019809955 0.0060375265 0.036051086)
(-0.021198286 0.0053896526 0.014201967)
(-0.017720201 0.0035957255 0.045945022)
(-0.016685939 0.0030573136 0.039456416)
(-0.019162962 0.0052551812 0.030624648)
(-0.014243681 -0.0002461074 0.094034114)
(0.0051295773 0.0078153727 0.13005477)
(-0.004681776 0.0030245191 0.093409832)
(0.026607294 0.01465097 0.16246683)
(-0.016416516 0.0042549158 0.038004342)
(-0.015382852 0.0041244336 0.050185545)
(0.027066239 0.012517886 0.18611553)
(0.0021849209 0.0069370458 0.10283559)
(-0.012340989 0.0037441759 0.067253248)
(-0.017723325 0.0019287589 0.02312461)
(-0.020851684 0.0043708406 0.010794492)
(-0.019546022 0.0041694093 0.018049825)
(-0.016816502 0.0031523923 0.03160847)
(-0.018676685 0.0045770334 0.023819501)
(-0.013925894 0.0038360128 0.051521768)
(-0.014412569 -0.00079468255 0.078330186)
(-0.018062372 -0.0020035104 0.028493239)
(-0.020584239 -0.0021316087 0.0074450241)
(-0.017376845 -0.0011400693 0.037248437)
(-0.017710127 -0.00085613469 0.031907157)
(-0.018462205 -0.0028919621 0.023166775)
(-0.015432535 -0.0030039245 0.087790729)
(-0.0040625983 0.013210948 0.12510206)
(-0.01341241 0.005177122 0.089200635)
(0.0061784424 0.032274282 0.15864181)
(-0.01690243 -0.0048604946 0.029161675)
(-0.016261522 -0.0036560917 0.041458214)
(0.0059001189 0.032485617 0.18153287)
(-0.0065171333 0.010585151 0.096891532)
(-0.012759541 -0.00083444552 0.06286477)
(-0.018156635 -0.0029534464 0.017781626)
(-0.020121776 -0.0033370908 0.0049535685)
(-0.018407561 -0.0055002491 0.011727544)
(-0.017426666 -0.0014692142 0.024836955)
(-0.018493485 -0.0037656138 0.017291067)
(-0.013280052 -0.0020002452 0.046849969)
(-0.0015014836 0.0056018534 0.065512449)
(0.0014905285 0.010052013 0.07614202)
(0.034983704 0.029244134 0.16071174)
(-0.01252956 0.0018566837 0.04403026)
(0.032784989 0.028271606 0.1412791)
(-0.015322244 1.1282324e-05 0.02575609)
(0.0068650143 0.010747379 0.09859677)
(-0.0083674182 0.0045481883 0.050007943)
(-0.015467704 0.0044539262 0.033111507)
(0.023539879 0.013924849 0.13726375)
(-0.016768593 0.0038922853 0.026814957)
(-0.018961167 0.003271654 0.017533822)
(0.01195353 0.010529062 0.094618649)
(-0.00050308763 0.0058119513 0.077562893)
(-0.010130209 0.0020728606 0.039144888)
(-0.0084897724 0.0029561011 0.046341891)
(0.0020294128 0.0077295099 0.056256825)
(-0.019823056 -0.0041070517 0.007447994)
(-0.016154153 -0.0015723266 0.019206855)
(0.02080598 0.021916662 0.10608877)
(-0.017795669 -0.0021032391 0.014903539)
(-0.016944653 0.0013407729 0.020577134)
(-0.018721349 0.0010133372 0.015042096)
(-0.021383601 0.0010433271 0.003108532)
(-0.020098431 0.0031770943 0.01190485)
(-0.021039488 0.0020312282 0.0077404705)
(-0.01993998 -0.00066654414 0.0086881571)
(-0.014572107 0.0030852493 0.034557534)
(-0.0074998972 0.0074927304 0.063182064)
(-0.00052061503 0.011405601 0.075355385)
(0.024182086 0.038082855 0.1590758)
(-0.012066153 -0.00030527375 0.043092605)
(0.021851123 0.037805393 0.14043728)
(-0.01510407 -0.0032810507 0.02368298)
(-0.0011052005 0.014192914 0.095007955)
(-0.012016317 0.00060209118 0.044535212)
(-0.015811431 -0.0057680785 0.02745405)
(0.0035087316 0.029247212 0.13349559)
(-0.017214967 -0.0054901684 0.01911026)
(-0.01763786 -0.0081688748 0.010934048)
(-0.0035703272 0.018679598 0.090420112)
(-0.0091579727 0.0076285447 0.071376786)
(-0.011983187 6.0318499e-05 0.037892886)
(-0.0092665469 0.0020226559 0.044663879)
(-0.0029719414 0.011401015 0.05600626)
(-0.019277244 -0.0072782688 0.0063286398)
(-0.016591213 -0.0052463726 0.017604392)
(0.013384069 0.026728949 0.10461029)
(-0.017659285 -0.0053521609 0.013224606)
(-0.016977686 -0.0049411511 0.0167866)
(-0.018428622 -0.0049130921 0.010437469)
(-0.019281682 -0.006975368 -5.3637777e-05)
(-0.018423069 -0.0065438128 0.0068426708)
(-0.018661498 -0.0079957183 0.0033503682)
(-0.019157204 -0.0063849025 0.0057161209)
(-0.014781796 -0.0031246108 0.029644191)
(-0.0049742631 0.017120522 0.052794992)
(0.049205679 0.0084976364 0.1466254)
(0.0013180187 0.015227723 0.084136753)
(0.046114753 0.0039825251 0.15801003)
(-0.001751836 0.014671908 0.078405712)
(-0.001002009 0.017211986 0.058765144)
(0.043624163 0.011332172 0.14048947)
(-0.018713255 0.01525132 0.021755835)
(-0.003118231 0.011219406 0.049626192)
(-0.01984163 0.014477882 0.01006114)
(0.00093061855 0.010281595 0.065555076)
(-0.019659648 0.015228098 0.013048444)
(0.0072140596 0.010201879 0.076812937)
(-0.019112138 0.014036537 0.018304472)
(-0.015389704 0.020739148 0.012558962)
(-0.015256831 0.021784276 0.0047585637)
(-0.014506396 0.022443532 0.021409891)
(-0.014915593 0.022108752 0.0023476167)
(-0.015506387 0.021595248 0.021140167)
(-0.013980223 0.022032438 0.013062311)
(-0.016137189 0.020777805 0.0024505871)
(-0.01294785 0.015695942 0.040326084)
(-0.01075831 0.013648864 0.051683786)
(0.045700995 0.006852581 0.16310919)
(0.01556841 0.010707491 0.10072382)
(-0.0046801956 0.013795172 0.069398469)
(0.029315374 0.01209937 0.12223192)
(-0.017313461 0.013960648 0.030375538)
(-0.017495798 0.013285376 0.032007679)
(-0.015506751 0.0096534098 0.061637981)
(-0.006664224 0.0088403018 0.074964867)
(-0.019708024 0.011417745 0.015541484)
(-0.018934727 0.012381858 0.020791952)
(-0.0071691562 0.0078494583 0.0952243)
(-0.01813148 0.012361271 0.023802579)
(-0.016991915 0.017576699 0.019527269)
(-0.017666556 0.02141382 0.0074888343)
(-0.014198022 0.019970279 0.032873626)
(-0.017556453 0.021138428 0.0059260459)
(-0.015315749 0.019634545 0.026235091)
(-0.016099812 0.018767186 0.024461783)
(-0.018309194 0.020068019 0.0050991578)
(-0.01624943 0.013844504 0.047559269)
(-0.013290336 0.013678021 0.052602517)
(0.023358433 0.0040675516 0.17280018)
(0.0022954039 0.0081372889 0.10639123)
(-0.014132661 0.013249641 0.069768944)
(0.005372929 0.0058693206 0.13268875)
(-0.017197942 0.013224356 0.035332316)
(-0.023572899 -0.0044820639 0.053210981)
(-0.020573669 0.04894546 0.14525168)
(-0.015340936 0.046382367 0.1588267)
(-0.020982495 -0.00075007666 0.079570648)
(-0.022004732 -0.0021473686 0.077751525)
(-0.024749338 0.045587619 0.14335989)
(-0.022025024 -0.0023893121 0.05573255)
(-0.021822806 -0.018570693 0.023353871)
(-0.022381474 -0.0010325703 0.055050415)
(-0.022503405 0.0026650398 0.073160368)
(-0.022974373 -0.019206753 0.013392387)
(-0.022278903 -0.018845296 0.015880577)
(-0.022238016 0.0089207323 0.082230882)
(-0.021863538 -0.019138703 0.020682915)
(-0.023160032 -0.011916225 0.042647444)
(-0.022525113 -0.01014868 0.055581724)
(-0.019347647 0.046807196 0.16608456)
(-0.024484156 0.018091182 0.10981428)
(-0.022417825 -0.0042648625 0.071223623)
(-0.025837502 0.031649466 0.12806611)
(-0.021892965 -0.017195232 0.032743395)
(-0.02180797 -0.015466446 0.012389203)
(-0.020110069 -0.01558021 0.0048466536)
(-0.020682705 -0.015578374 0.018429171)
(-0.020601257 -0.015152918 0.0039188608)
(-0.021585902 -0.015903647 0.019196922)
(-0.020735385 -0.016068656 0.0042942276)
(-0.021344039 -0.014637217 0.012058509)
(-0.023125563 -0.016745372 0.063462568)
(-0.013283378 -0.0036800892 0.17685608)
(-0.01243857 0.01682069 0.19871222)
(-0.021955968 -0.019316159 0.095537244)
(-0.022361515 -0.016294657 0.087191147)
(-0.016301237 0.0041356513 0.16561376)
(-0.022636975 -0.017458122 0.072259434)
(-0.021734299 -0.019744456 0.032384171)
(-0.020617616 -0.019558231 0.065801927)
(-0.020463671 -0.0097941676 0.081731556)
(-0.019869819 -0.022170368 0.014448417)
(-0.019928028 -0.021222037 0.019020027)
(-0.019025409 -0.010831127 0.10194075)
(-0.02101699 -0.020419323 0.02408173)
(-0.022948927 -0.017237304 0.051930956)
(-0.023052041 -0.0129013 0.058079431)
(-0.016199619 0.024176204 0.18191209)
(-0.021028308 0.003819465 0.11853895)
(-0.02267849 -0.014279142 0.075689222)
(-0.018778835 0.0070048665 0.14656477)
(-0.022232651 -0.018222101 0.038320166)
(-0.018856163 -0.016656195 0.017107547)
(-0.018633481 -0.017333319 0.0036513891)
(-0.019567418 -0.013975009 0.027699874)
(-0.017768435 -0.017109572 0.0017962155)
(-0.020217936 -0.014724188 0.023758524)
(-0.018362959 -0.017900031 0.0017052239)
(-0.01836373 -0.015933017 0.019850046)
(-0.020937161 -0.014333918 0.020178655)
(-0.019612292 0.0028461573 0.049444317)
(-0.019876365 -0.013853829 0.0092958585)
(-0.017734529 0.0063002105 0.062350967)
(-0.020976316 -0.01474326 0.012387094)
(-0.018086677 0.012205124 0.075622197)
(-0.020058915 -0.013304939 0.015780205)
(-0.019864474 -0.010125361 0.035232708)
(-0.019221624 -0.0056555069 0.044362476)
(-0.011839834 0.04839249 0.15904368)
(-0.014819378 0.0205915 0.096673802)
(-0.019574132 -0.00097082887 0.064422641)
(-0.01329874 0.032624824 0.11813602)
(-0.019910508 -0.011819811 0.025535838)
(-0.020112766 -0.014007507 0.0095408406)
(-0.01940385 -0.013731462 0.0014760708)
(-0.019965228 -0.014883073 0.017360559)
(-0.020298209 -0.014503168 0.0027276767)
(-0.01928902 -0.013971938 0.01466351)
(-0.020702747 -0.014195952 0.011167026)
(-0.019847073 -0.014302221 0.00097606892)
(-0.01627824 -0.0078121321 0.019324378)
(-0.014170523 -0.0071975406 0.046331278)
(-0.014676743 0.0011318225 0.066061177)
(-0.017485569 -0.0092656766 0.0045075392)
(-0.017201924 -0.0082561551 0.0079665723)
(-0.013976744 -0.00045483042 0.083455255)
(-0.017166738 -0.0086770642 0.013315071)
(-0.017894185 -0.0074018564 0.0053620667)
(-0.017279855 -0.0083431355 -0.0037610971)
(-0.017567119 -0.0054705064 0.014896872)
(-0.01714575 -0.0066297826 -0.0061444486)
(-0.017855864 -0.0072419155 0.012042461)
(-0.016851931 -0.0062215938 0.006687782)
(-0.01727152 -0.0075376033 -0.0055051932)
(-0.016358702 -0.0077270686 0.035344165)
(-0.017499639 -0.0066019483 0.043422648)
(-0.0130327 0.028143557 0.16676648)
(-0.014198937 0.0096791478 0.099731678)
(-0.016856714 -0.0067196101 0.060312517)
(-0.014528765 0.012600475 0.1255217)
(-0.01739349 -0.009059633 0.024648548)
(0.028131785 0.0027944565 0.041760332)
(0.027398884 0.01008789 0.074248438)
(0.032242181 0.0010893358 0.024790844)
(0.02860216 0.022945971 0.10037424)
(0.030766149 0.0011281343 0.026596733)
(0.030382511 0.00367009 0.037797913)
(0.026899587 0.018772414 0.11285882)
(0.025691495 0.0057081351 0.065984561)
(0.025410985 0.015531266 0.077443813)
(0.029469448 0.029388473 0.20774674)
(0.032633711 0.031656058 0.14665319)
(0.02325265 0.01705663 0.086611879)
(0.028275938 0.0065090788 0.058878376)
(0.032117777 0.023077928 0.16148113)
(0.030689775 0.022439131 0.058007853)
(0.032771394 0.053917505 0.13402283)
(0.040103871 0.010269717 0.0370595)
(0.033912973 0.051827333 0.14350674)
(0.036437105 0.013767251 0.04120185)
(0.033979107 0.01421588 0.051362877)
(0.031856827 0.064655101 0.1690693)
(0.026870343 0.029860071 0.078326087)
(0.02484124 0.024357541 0.082015954)
(0.027852107 0.053894413 0.23092798)
(0.033068069 0.05658443 0.17592499)
(0.025395883 0.034447427 0.10125856)
(0.028779603 0.019214998 0.065945917)
(0.030386906 0.065885231 0.20177895)
(0.026113041 0.024904706 0.043963419)
(0.020409658 0.034526013 0.082438512)
(0.017434266 0.043191461 0.11201788)
(0.026091338 0.025141962 0.023797772)
(0.025722754 0.024390679 0.027914984)
(0.015848807 0.036354402 0.12298162)
(0.026719822 0.02561351 0.038574487)
(0.025486917 0.02794546 0.063290765)
(0.026809554 0.033312487 0.07463837)
(0.0034440421 0.036070596 0.20693577)
(0.010176974 0.046227856 0.15038659)
(0.024782734 0.033059894 0.083261013)
(0.0083219652 0.036599891 0.1631632)
(0.026667828 0.028623662 0.056263389)
(0.026487988 0.019322504 0.021330057)
(0.029141824 0.018843618 0.0089770512)
(0.026954439 0.017781498 0.02800251)
(0.026523289 0.019489107 0.0058238105)
(0.02770054 0.017880862 0.029562098)
(0.024839953 0.019128598 0.020491809)
(0.027728895 0.01968011 0.0065053217)
(0.032161161 0.033709745 0.060073051)
(0.02341193 0.063756659 0.13530375)
(0.017824196 0.064240958 0.14676855)
(0.033449933 0.025719613 0.031660015)
(0.035633681 0.02539687 0.039787111)
(0.01605077 0.072228824 0.16884257)
(0.032368662 0.031064537 0.049201118)
(0.028861465 0.039327299 0.083059248)
(0.028402 0.038248763 0.085729242)
(0.0055376685 0.057455634 0.22695724)
(0.011247276 0.065131918 0.1777377)
(0.025709717 0.042244177 0.10407528)
(0.010226501 0.070735481 0.20041843)
(0.030443312 0.035005884 0.068202336)
(0.032542844 0.01499305 0.029489484)
(0.032930445 0.013557995 0.0092489967)
(0.032556034 0.01172443 0.039131713)
(0.032599873 0.0096241133 0.005189106)
(0.031676466 0.014576722 0.039236011)
(0.032318161 0.012377906 0.029201062)
(0.033185477 0.0135129 0.0058891172)
(0.025309347 -0.02621277 0.041168058)
(0.035883663 -0.022130176 0.079776808)
(0.025676278 -0.025493456 0.02387418)
(0.04392521 -0.019566794 0.10850484)
(0.025007673 -0.025422545 0.027626123)
(0.025707312 -0.02645691 0.035844108)
(0.037786549 -0.018413894 0.11914492)
(0.02817026 -0.025980873 0.058713692)
(0.032964945 -0.026900215 0.068630629)
(0.035500505 -0.0074830105 0.20365117)
(0.046850612 -0.013106822 0.14676445)
(0.033021037 -0.025321119 0.077302075)
(0.028422734 -0.026681008 0.051363438)
(0.037618673 -0.011864375 0.15927083)
(0.028407781 -0.03076937 0.046063006)
(0.058816985 -0.025108879 0.12403)
(0.019638208 -0.03112495 0.020370866)
(0.062528229 -0.021037749 0.14195436)
(0.018371519 -0.031639692 0.023617926)
(0.026349415 -0.031824236 0.038812861)
(0.069502454 -0.019920646 0.16123936)
(0.03591803 -0.029201302 0.07152597)
(0.036573492 -0.028764073 0.078332032)
(0.056547321 -0.010877307 0.22285495)
(0.065125266 -0.014651878 0.17368805)
(0.040017405 -0.0268547 0.0944493)
(0.03201215 -0.030631813 0.05956218)
(0.069766604 -0.015085262 0.19423367)
(0.04187802 0.13031997 0.20233047)
(0.03671947 0.074291272 0.1265401)
(0.04506135 0.041661044 0.071586819)
(0.037644293 0.10881009 0.1654757)
(0.040584164 0.065668466 0.11592305)
(0.044920016 0.098101293 0.15286794)
(0.031448494 0.13974882 0.21361225)
(0.050201677 0.13550669 0.2211299)
(0.042473569 0.095084077 0.18866955)
(0.044020365 0.062317773 0.124271)
(0.053425566 0.12518715 0.2329605)
(0.043002674 0.075722361 0.14466434)
(0.04428938 0.13182418 0.23186285)
(0.056285564 0.12074177 0.20865487)
(0.050288304 0.11498773 0.18364466)
(0.051504515 0.067232024 0.11302887)
(0.047010156 0.032616029 0.058540189)
(0.044213718 0.042628037 0.08075063)
(0.043749446 0.053331199 0.097518947)
(0.049534696 0.083573057 0.13365144)
(0.053582467 0.098399092 0.16478782)
(0.062201689 0.20165347 0.21388313)
(0.051465891 0.18245357 0.20775697)
(0.04918966 0.17285995 0.20114631)
(0.063695469 0.11747629 0.15015871)
(0.061407064 0.16279768 0.19117494)
(0.067892899 0.16561711 0.19375249)
(0.043338618 0.21399203 0.22155161)
(0.08923023 0.21131525 0.22356867)
(0.097331822 0.20103621 0.21395417)
(0.098283927 0.16852743 0.17139423)
(0.10908744 0.16571715 0.20850425)
(0.094598278 0.19104462 0.22170328)
(0.10778232 0.19402752 0.21754376)
(0.073085261 0.1680662 0.152604)
(0.082850325 0.18762592 0.21082833)
(0.083169272 0.12413466 0.16247257)
(0.073567852 0.098410907 0.1328405)
(0.095591235 0.12639967 0.17059763)
(0.074458935 0.14555549 0.17669149)
(0.083966612 0.14740344 0.18234315)
(0.10041182 0.17310261 0.20924379)
(0.073830682 0.1079925 0.19077779)
(0.067694708 0.10741081 0.17208891)
(0.073177053 0.14771693 0.21508925)
(0.090847064 0.13126424 0.21047158)
(0.087840738 0.14296286 0.22791471)
(0.072467458 0.13444956 0.21622665)
(0.066924405 0.076815448 0.13898412)
(0.058216975 0.077088434 0.15833382)
(0.042331602 0.044008159 0.10690308)
(0.043386862 0.044816168 0.095308665)
(0.060159199 0.11654252 0.22662636)
(0.042485285 0.028369114 0.069675035)
(0.062448053 0.095089152 0.20524466)
(0.058609743 0.10082379 0.18739235)
(0.054443359 0.050907933 0.10437967)
(0.052702443 0.048405993 0.08875216)
(0.045025185 0.02875802 0.059485456)
(0.050806643 0.010413326 0.031503368)
(0.046919517 0.018257538 0.046824481)
(0.054776204 0.075592335 0.13682327)
(0.053264859 0.03064611 0.06639619)
(0.071903776 0.077055112 0.15443887)
(0.087939389 0.10005117 0.18027024)
(0.089304974 0.091186918 0.18627476)
(0.062305326 0.023851426 0.072892959)
(0.065583366 0.046682459 0.11440156)
(0.093658685 0.12616345 0.22548898)
(0.065643711 0.047064184 0.10504045)
(0.12069582 0.15043339 0.2107312)
(0.10590495 0.1459931 0.21594614)
(0.089785336 0.16046886 0.19145508)
(0.095576285 0.14240716 0.19281165)
(0.11196257 0.15924722 0.21893795)
(0.097158501 0.10875098 0.16686496)
(0.11139297 0.17611747 0.21970698)
(0.1315551 0.14644809 0.2061332)
(0.14431054 0.13284884 0.2034642)
(0.12506793 0.17414145 0.19770603)
(0.11694462 0.13615046 0.1909744)
(0.11877095 0.10079399 0.16439246)
(0.12490653 0.17340847 0.21675612)
(0.14623218 0.16226406 0.21384299)
(0.11888528 0.11564563 0.18228965)
(0.10279055 0.10928787 0.17985467)
(0.12567978 0.11505228 0.20212194)
(0.085467473 0.039760561 0.097607459)
(0.11219447 0.07858363 0.15359574)
(0.12142062 0.1451931 0.21374025)
(0.091943473 0.071478965 0.12925181)
(0.10910009 0.10737027 0.16304828)
(0.089132642 0.095560934 0.14099669)
(0.081123107 0.039301846 0.083028739)
(0.098780133 0.098085895 0.14803205)
(0.095817115 0.068115974 0.11995675)
(0.088609685 0.069578094 0.11767815)
(0.10910006 0.14397443 0.19189747)
(0.1292003 -0.0152966 0.18286956)
(0.061727022 -0.024670217 0.086481697)
(0.03578651 -0.026810462 0.037897064)
(0.094901204 -0.023705314 0.12595932)
(0.061178784 -0.024481637 0.085438451)
(0.093780077 -0.020967778 0.12511902)
(0.13169896 -0.019671559 0.18433009)
(0.14044941 -0.0023170036 0.2153048)
(0.099513566 -0.012889999 0.18039021)
(0.074436383 -0.021521798 0.12185499)
(0.13044746 0.013300309 0.22769433)
(0.080762499 -0.02027073 0.13306892)
(0.13522931 0.0052584263 0.22948429)
(0.13026298 0.0027015813 0.20517552)
(0.12117233 -0.01199177 0.17448858)
(0.080861641 -0.020801395 0.10833257)
(0.034664471 -0.027351866 0.035169775)
(0.053766132 -0.027572564 0.07210196)
(0.056935434 -0.02566785 0.079084668)
(0.088143069 -0.020156982 0.1191351)
(0.11111563 -0.010455977 0.16227719)
(0.20613921 -0.0071505997 0.19557273)
(0.16870069 -0.026151868 0.16525595)
(0.15696535 -0.023996486 0.15998375)
(0.10891455 -0.022849288 0.10978025)
(0.15810019 -0.016238611 0.15996313)
(0.16503197 -0.016388353 0.16135475)
(0.20961849 -0.019823482 0.19631568)
(0.22816022 0.024021864 0.21813464)
(0.22379832 0.024168216 0.2084231)
(0.18975408 0.049969674 0.1689356)
(0.19706555 0.021935614 0.20108894)
(0.2071826 0.0099242322 0.20549229)
(0.21985424 0.040279667 0.21536107)
(0.18538635 0.027749085 0.15396884)
(0.19879671 0.0073687614 0.19667925)
(0.14439207 -0.0034504362 0.14957871)
(0.10712941 -0.018549823 0.10767125)
(0.15165686 0.00082125668 0.15540583)
(0.15490405 -0.0088510367 0.15838925)
(0.15829449 -0.0068814173 0.15823999)
(0.19498769 0.021222793 0.20101728)
(0.13212387 0.017122693 0.19246344)
(0.12830911 0.0010495235 0.16909397)
(0.15553253 0.03743551 0.20887509)
(0.15716538 0.032887807 0.20936118)
(0.15756533 0.046506462 0.2239422)
(0.14981632 0.017928868 0.21109143)
(0.10826175 -0.0030682712 0.14060395)
(0.10009853 -0.00032116329 0.15910889)
(0.067129961 -0.018162607 0.10918768)
(0.062606675 -0.024319142 0.093900925)
(0.12685741 0.017155443 0.22184023)
(0.053853228 -0.027276119 0.071241098)
(0.11248005 0.013978617 0.20302631)
(0.11651643 0.002546573 0.18471566)
(0.080720818 -0.015079041 0.10841666)
(0.068551668 -0.023397813 0.084104454)
(0.046505659 -0.030015626 0.051921385)
(0.029355566 -0.031043204 0.01145181)
(0.040410972 -0.031541616 0.035270493)
(0.095478972 -0.012465085 0.13486218)
(0.058036191 -0.025815368 0.060750141)
(0.10766961 0.0081190619 0.15286767)
(0.13208503 0.025119926 0.17895589)
(0.1250719 0.034602795 0.18611251)
(0.069596037 -0.016043276 0.074377783)
(0.08767838 -0.0027001546 0.11617054)
(0.14833542 0.04784639 0.22210712)
(0.083122018 -0.010623409 0.10184937)
(0.18589403 0.054874129 0.21121828)
(0.17699854 0.045138984 0.21635018)
(0.17644724 0.050254789 0.18796782)
(0.16895549 0.021478486 0.18717181)
(0.17948279 0.069059606 0.21481164)
(0.14931381 0.019489659 0.16756393)
(0.20310356 0.047790535 0.21729145)
(0.18549448 0.082814696 0.2122316)
(0.17434308 0.11217993 0.21352556)
(0.16830885 0.0950668 0.2135913)
(0.10449551 0.064424356 0.12130334)
(0.16205539 0.075356599 0.19511172)
(0.16394781 0.084132539 0.19188921)
(0.17437605 0.10338106 0.19908206)
(0.19130034 0.060204844 0.2085661)
(0.18890262 0.062793112 0.20241823)
(0.20326835 0.073424314 0.19788648)
(0.17804916 0.027775898 0.18650763)
(0.15706498 0.028706156 0.16457869)
(0.20702735 0.054278632 0.2143601)
(0.20242178 0.086532976 0.21359537)
(0.15783105 0.048017101 0.18101212)
(0.14574039 0.035961529 0.17847693)
(0.15526763 0.065649482 0.19825322)
(0.098077713 0.0033545009 0.10146273)
(0.13146471 0.036843255 0.15080496)
(0.17421368 0.073836499 0.21337097)
(0.11769704 0.010229329 0.12887363)
(0.15713301 0.02615934 0.16627747)
(0.12355466 -0.00095123694 0.12720522)
(0.075472938 -0.018176122 0.065264175)
(0.13365982 0.0024997503 0.13560746)
(0.11839595 -0.00064876234 0.11356316)
(0.11027694 -0.0038084037 0.10945869)
(0.17730386 0.02656869 0.18607841)
(0.0087565787 0.032005284 0.10636094)
(0.017561158 0.028634645 0.040405867)
(0.0137197 0.028340938 0.052739273)
(0.017439081 0.029142516 0.018689105)
(0.017559968 0.029647391 0.040124305)
(0.013679061 0.030623818 0.052864462)
(0.0096972384 0.02668327 0.10818337)
(-0.00056888932 0.037832039 0.1773126)
(0.0086576945 0.038319514 0.12373843)
(-0.016968901 0.046007668 0.21915747)
(0.016030593 0.036237233 0.067653325)
(0.015315528 0.034493343 0.07483671)
(-0.011059516 0.033315289 0.2241555)
(-0.0020407015 0.045032169 0.15882957)
(0.008403557 0.037214648 0.10099512)
(0.014987136 0.034494023 0.044717064)
(0.018235109 0.030043504 0.017151089)
(0.018724276 0.031827651 0.033391825)
(0.017917264 0.031202349 0.037303972)
(0.013627471 0.032892025 0.050292632)
(0.0094350297 0.039339378 0.089634518)
(-0.0021156942 0.02988825 0.10712173)
(0.0061647827 0.028875266 0.042404491)
(0.0086457018 0.0304988 0.018115653)
(0.0075529983 0.028800246 0.051945014)
(0.0061740458 0.02998585 0.042052083)
(0.0065808837 0.029629101 0.051509874)
(0.001808754 0.027196311 0.11216499)
(-0.016696804 0.03204549 0.17824008)
(-0.015125281 0.03200734 0.12342603)
(-0.0010695661 0.032526284 0.065929927)
(-0.032712508 0.039991316 0.22525089)
(-0.0019823811 0.029980446 0.07511095)
(-0.020106459 0.038406491 0.15834866)
(-0.021571924 0.031151926 0.23118522)
(-0.0052567574 0.032638756 0.098925682)
(0.0060787377 0.032816786 0.041963648)
(0.008992107 0.031301227 0.016764489)
(0.0057652343 0.032752555 0.033815187)
(0.0056340088 0.031477356 0.038886544)
(0.0060280603 0.031651696 0.047669491)
(-0.0049955868 0.034342508 0.086371556)
(-0.0085295329 0.058207849 0.14477459)
(-0.034570743 0.053307186 0.23105088)
(0.0038028972 0.043640227 0.090695583)
(-0.020627096 0.058701388 0.16183618)
(-0.040921469 0.070808195 0.22893512)
(-0.012623038 0.052614492 0.17445631)
(0.0082266354 0.044185187 0.071295673)
(0.0037286146 0.053023042 0.11160025)
(0.016169368 0.044949595 0.076860329)
(-0.017117344 0.057013549 0.20735313)
(0.018179634 0.037699771 0.055940166)
(0.020286365 0.037305941 0.044477416)
(-0.013154566 0.064070371 0.17748278)
(-2.5346271e-05 0.051229578 0.13716905)
(0.014200245 0.040790528 0.05932794)
(0.016295497 0.035763781 0.036570217)
(0.020683178 0.032808329 0.026927425)
(0.022228298 0.030608101 0.008427535)
(0.022420018 0.032092334 0.020950063)
(0.011511504 0.040969286 0.074136578)
(0.019021717 0.035501443 0.02795219)
(-0.0014339473 0.056860915 0.10837496)
(-0.012189799 0.05837107 0.12408645)
(-0.025445202 0.074858831 0.15997333)
(0.014374946 0.042310812 0.038224653)
(0.0055294871 0.052177302 0.076297482)
(-0.038659269 0.076911207 0.20724839)
(0.011743938 0.043782146 0.053446296)
(-0.02502377 0.048888849 0.13771234)
(-0.0047162838 0.039848667 0.087983363)
(-0.038893733 0.054358319 0.23244821)
(-0.026105688 0.055821213 0.15713283)
(-0.051948456 0.065489651 0.22837154)
(-0.025286265 0.047533621 0.16888054)
(-0.0011430693 0.040344111 0.068486171)
(-0.046495338 0.060793212 0.17962264)
(-0.072570192 0.069922775 0.21458803)
(-0.061280508 0.051333617 0.17735761)
(-0.07202632 0.080457764 0.22557628)
(-0.035974978 0.057451084 0.13741449)
(-0.069675741 0.073528951 0.23725088)
(-0.072358475 0.066674196 0.23598653)
(-0.019783127 0.042108053 0.10985004)
(-0.012654718 0.035534228 0.077073761)
(-0.0010039253 0.034246923 0.055583542)
(-0.040622675 0.044751813 0.21322984)
(0.00081726805 0.035535459 0.044723761)
(-0.022258949 0.040979919 0.13512403)
(-0.042260127 0.048753667 0.18263933)
(-0.0014403352 0.036884305 0.056654249)
(0.0064138315 0.034568832 0.033109266)
(0.0054962786 0.033567424 0.027919718)
(0.010274702 0.032615864 0.0088810386)
(0.0070592013 0.033767191 0.02169958)
(-0.0034399637 0.036056392 0.070533816)
(0.0075857751 0.034410918 0.025984896)
(-0.01828738 0.047818944 0.10412604)
(-0.017153441 0.053997995 0.11438377)
(-0.038915586 0.065364707 0.15362429)
(0.0055563563 0.041386492 0.037770112)
(-0.0092942633 0.046650581 0.073954014)
(-0.050668104 0.06920091 0.20324609)
(0.0023764156 0.041140025 0.051603162)
(0.012912308 0.13729923 0.20593892)
(0.032615984 0.077469515 0.12544291)
(0.036322504 0.053116548 0.0737772)
(0.030553564 0.11193592 0.16630027)
(0.029352793 0.075807871 0.11830749)
(0.023490083 0.10895936 0.15816104)
(0.021813789 0.14197166 0.21415499)
(-0.005561209 0.14261254 0.22278672)
(0.0079887448 0.10248369 0.18794439)
(-0.020353455 0.13094766 0.22865801)
(0.01802323 0.079572689 0.12964952)
(0.01778234 0.087156974 0.14602749)
(-0.012921039 0.13590338 0.23402543)
(-0.010106139 0.13201466 0.20793763)
(0.0063658823 0.12623114 0.18607247)
(0.018111149 0.088607678 0.11790784)
(0.034453959 0.049552104 0.060077713)
(0.027857901 0.062905761 0.085002131)
(0.027667734 0.068030814 0.098652432)
(0.019415876 0.098893384 0.13831244)
(0.0044348907 0.11460091 0.16732161)
(6.9510569e-05 0.21480237 0.22539563)
(0.034515541 0.18996353 0.21716283)
(0.031768297 0.13841743 0.16754374)
(0.031433852 0.17905138 0.208366)
(0.016226362 0.1868122 0.21279765)
(0.016648174 0.17909879 0.20547568)
(0.022222804 0.21898405 0.22713091)
(-0.03987002 0.22308768 0.22414933)
(-0.039352054 0.21596045 0.21657914)
(-0.037074796 0.19589204 0.21136764)
(-0.06349003 0.18201746 0.17194129)
(-0.022434423 0.21095747 0.22727863)
(-0.057236431 0.21439523 0.21925315)
(-0.04029779 0.17403911 0.15187778)
(-0.020050347 0.203997 0.21537253)
(-0.0042967261 0.15383324 0.16591115)
(0.022017205 0.12956802 0.14625164)
(-0.010389288 0.16029603 0.17443171)
(0.0014007031 0.17265853 0.19257614)
(0.0033141086 0.16842289 0.18532583)
(-0.035911313 0.19660892 0.21031444)
(-0.023576256 0.13204371 0.19486915)
(-0.045644608 0.15655049 0.21226385)
(-0.0089927076 0.12928313 0.17015704)
(-0.041383275 0.15587284 0.2105468)
(-0.054536204 0.15679793 0.22684746)
(-0.026166158 0.15007149 0.21295097)
(-0.0029490133 0.10891735 0.14187519)
(-0.0047011703 0.10002813 0.16124146)
(0.014520771 0.068223999 0.11159465)
(-0.023682829 0.12656413 0.22339599)
(0.020786509 0.066189508 0.098521133)
(0.024111537 0.056702382 0.074845929)
(-0.019037767 0.11178853 0.20625117)
(-0.0090871429 0.11707284 0.18624854)
(0.010811737 0.082204223 0.11068692)
(0.020361881 0.074274522 0.089329614)
(0.029669421 0.053337002 0.06011909)
(0.034730018 0.038259249 0.02038859)
(0.031291737 0.046350577 0.0415986)
(0.0070357695 0.097558567 0.13711473)
(0.023651282 0.062685587 0.064683032)
(-0.012903935 0.10744307 0.1548659)
(-0.031446343 0.13073115 0.17992062)
(-0.040014494 0.12264936 0.18653706)
(0.01328498 0.070604802 0.07601695)
(-0.0013182374 0.087023023 0.11707366)
(-0.054263126 0.14593761 0.22338249)
(0.0068987314 0.084540706 0.10419647)
(-0.066684962 0.18256896 0.21178969)
(-0.033906281 0.16905839 0.1893237)
(-0.055341981 0.17542103 0.21833744)
(-0.06065411 0.1744024 0.19038119)
(-0.079722833 0.17770027 0.21690964)
(-0.028844841 0.14801087 0.16733621)
(-0.062012507 0.19991834 0.2189778)
(-0.073083284 0.18581195 0.20971726)
(-0.076773544 0.17917643 0.20338233)
(-0.042336469 0.17529408 0.19171698)
(-0.086570952 0.19593107 0.20106829)
(-0.040939194 0.15311062 0.16616061)
(-0.069878906 0.2022963 0.21744498)
(-0.09905332 0.19422127 0.21506665)
(-0.036848119 0.15468014 0.16629914)
(-0.0073194486 0.12939318 0.13390803)
(0.015614907 0.087219393 0.073787194)
(-0.012499366 0.13814603 0.14447209)
(-0.0080848267 0.12104717 0.11722608)
(-0.0028825624 0.11437939 0.11232197)
(-0.040167333 0.17625352 0.18917818)
(-0.057497251 0.1544708 0.18140818)
(-0.043582904 0.14381793 0.17941537)
(-0.073373552 0.15091316 0.19786255)
(-0.0081031839 0.097726952 0.10155541)
(-0.043602563 0.12776723 0.14989506)
(-0.083900295 0.17066259 0.21423858)
(-0.016761755 0.11766509 0.12997394)
(-0.13343436 0.029179551 0.20682059)
(-0.07344308 0.021314752 0.11834097)
(-0.041049298 0.027502381 0.067912436)
(-0.10906796 0.02151376 0.16045779)
(-0.10202908 0.030106298 0.1591473)
(-0.067630279 0.025842609 0.11587294)
(-0.14113106 0.018630583 0.21060992)
(-0.13858176 0.042051473 0.22979411)
(-0.098005116 0.033857234 0.19594174)
(-0.12713763 0.049245919 0.23878642)
(-0.06663779 0.034597636 0.13411405)
(-0.079645132 0.032341686 0.15329833)
(-0.13345619 0.037661809 0.23735096)
(-0.12414424 0.050447509 0.21780728)
(-0.12005364 0.040242943 0.19533622)
(-0.073050709 0.039069219 0.1239151)
(-0.033050175 0.030114422 0.060235936)
(-0.046089197 0.031002894 0.087049186)
(-0.089632755 0.036400585 0.14706101)
(-0.056748837 0.030105589 0.10409131)
(-0.10354984 0.045078969 0.17611346)
(-0.19225171 0.063118659 0.20275374)
(-0.148293 0.063270015 0.16411387)
(-0.18822901 0.05726 0.21555307)
(-0.17603221 0.077421193 0.21681132)
(-0.19564618 0.062362546 0.22876157)
(-0.12248248 0.037169084 0.12625297)
(-0.19578082 0.087866114 0.22031834)
(-0.20775406 0.047347724 0.22322634)
(-0.18835276 0.02929512 0.21556423)
(-0.17671577 0.028236977 0.20675878)
(-0.12700081 0.042381832 0.16588077)
(-0.17108164 0.044002384 0.20535884)
(-0.17598317 0.049444216 0.20911596)
(-0.21714825 0.02485604 0.22489904)
(-0.21474151 0.079712209 0.22575514)
(-0.20812483 0.085861387 0.2171636)
(-0.1721981 0.091581804 0.1729649)
(-0.17347965 0.096909975 0.21377834)
(-0.19859766 0.080731595 0.22841562)
(-0.17161283 0.06573547 0.15396552)
(-0.19815244 0.099157497 0.21952068)
(-0.19408494 0.070619704 0.21828715)
(-0.13297972 0.069114005 0.1731253)
(-0.10929918 0.054109923 0.14831323)
(-0.13556185 0.080563638 0.17959052)
(-0.15523709 0.059325751 0.19138447)
(-0.15747254 0.066827934 0.19481385)
(-0.17942261 0.089547647 0.21448559)
(-0.11091421 0.067870466 0.19139032)
(-0.15000652 0.070262417 0.2172735)
(-0.13493597 0.08564173 0.2131583)
(-0.11233373 0.058941528 0.17585659)
(-0.14451126 0.084196812 0.2290494)
(-0.13771761 0.066977561 0.21893453)
(-0.081351499 0.058496374 0.14125656)
(-0.079808037 0.051738957 0.15821501)
(-0.046590654 0.035080241 0.10697337)
(-0.1192625 0.057697703 0.2318036)
(-0.048052746 0.033125692 0.098805618)
(-0.030874562 0.031606102 0.067655914)
(-0.097372958 0.058393279 0.20542716)
(-0.10417747 0.052956285 0.19242091)
(-0.08054899 0.06687011 0.15794149)
(-0.10347827 0.083719756 0.18559492)
(-0.093133953 0.087105238 0.18959893)
(-0.026634212 0.055322287 0.07497063)
(-0.049686854 0.061105039 0.11789347)
(-0.12770787 0.090251609 0.2282774)
(-0.051128394 0.058569229 0.10929415)
(-0.054761386 0.044965619 0.10539253)
(-0.052507892 0.039604456 0.091976537)
(-0.030516452 0.031049572 0.058799214)
(-0.0086929829 0.037347386 0.024192938)
(-0.019014862 0.033979229 0.042279626)
(-0.079897169 0.045360939 0.14160935)
(-0.033769792 0.041330617 0.066150169)
(-0.15486568 0.11630533 0.21494686)
(-0.15049488 0.10104985 0.22061509)
(-0.16320078 0.086604788 0.19037036)
(-0.14916545 0.086864478 0.19770563)
(-0.1613896 0.11038577 0.21934725)
(-0.11520427 0.090011294 0.17417943)
(-0.18061991 0.10549311 0.22197526)
(-0.15135308 0.12419326 0.20755463)
(-0.1392455 0.13224277 0.19966727)
(-0.17906355 0.11889781 0.20046931)
(-0.14413787 0.10571541 0.19632761)
(-0.1079544 0.1068959 0.16524743)
(-0.16720588 0.13891763 0.21312273)
(-0.17800414 0.11713589 0.21975854)
(-0.11953494 0.11306773 0.18420262)
(-0.11339823 0.098535931 0.18554991)
(-0.11707725 0.12141843 0.19980075)
(-0.043868495 0.076551671 0.096757474)
(-0.081257485 0.10366035 0.14790262)
(-0.1473601 0.11984267 0.21579465)
(-0.077063376 0.084670063 0.135205)
(-0.11467785 0.10056124 0.16927903)
(-0.10308624 0.076960915 0.14808355)
(-0.045536819 0.067738416 0.088040039)
(-0.10696281 0.085767027 0.15604257)
(-0.076319655 0.08367835 0.12552135)
(-0.076505694 0.077899176 0.12454786)
(-0.15107032 0.099772637 0.19778435)
(-0.0019460642 0.026437405 0.040916153)
(-0.010187489 0.027530167 0.071900549)
(-0.0012232486 0.029628591 0.021064899)
(-0.023101044 0.027147681 0.10109969)
(-0.00015373389 0.029022425 0.0240863)
(-0.019119082 0.026099061 0.1151639)
(-0.0032657275 0.027692242 0.035098467)
(-0.0016012324 0.027869596 0.018126421)
(-0.003313958 0.027055948 0.0035840351)
(-0.0019754016 0.0293524 0.026846443)
(-0.002763558 0.028028246 0.0011168083)
(-0.0029681132 0.02898987 0.027888124)
(-0.0012179091 0.028975946 0.017193534)
(-0.0021912523 0.02742733 0.00082582793)
(-0.0051157327 0.025049996 0.068313321)
(-0.015356214 0.024188939 0.080309195)
(-0.029491972 0.025987192 0.21357714)
(-0.03111123 0.031175548 0.15326078)
(-0.016379381 0.023371246 0.089984103)
(-0.022584094 0.030464416 0.16835548)
(-0.0060880236 0.026302795 0.059857984)
(-0.037284117 0.023179573 0.092657057)
(-0.074761796 0.016014169 0.21942332)
(-0.041200844 0.022346005 0.12876609)
(-0.051936846 0.016556977 0.23769377)
(-0.038708317 0.024117109 0.12027681)
(-0.040481228 0.023327167 0.10300806)
(-0.071204402 0.02104642 0.21661051)
(-0.02313777 0.022316013 0.055317685)
(-0.055730597 0.025557772 0.13785677)
(-0.053150991 0.029021622 0.15124909)
(-0.0078464954 0.028983084 0.031548968)
(-0.012127709 0.024520098 0.035030762)
(-0.066242747 0.025493691 0.17187557)
(-0.014659009 0.025506728 0.04964277)
(-0.009105878 0.023769693 0.018692024)
(-0.0033596008 0.024525136 -0.00025456446)
(-0.0097794322 0.026148789 0.040757165)
(-0.0029483892 0.024059277 -0.0063604153)
(-0.0084139207 0.026377662 0.031842392)
(-0.0096436971 0.024397222 0.026271993)
(-0.0026057105 0.024325697 -0.0072730024)
(-0.030913487 0.021861763 0.078334947)
(-0.025102299 0.02201681 0.083561301)
(-0.055080428 0.021442175 0.23192003)
(-0.057375446 0.028725038 0.18254927)
(-0.035199447 0.022369119 0.10238781)
(-0.067272188 0.024583012 0.20407039)
(-0.020247987 0.023275124 0.066256655)
(0.0039660437 -0.020962224 0.031164921)
(0.011473878 -0.021989205 0.06129074)
(0.024023055 -0.02158794 0.089817129)
(0.0026693441 -0.023424245 0.012419439)
(0.0021194634 -0.023029707 0.015660561)
(0.020226971 -0.021007722 0.10177384)
(0.0044716268 -0.022035568 0.025887739)
(0.0071245798 -0.019111718 0.05477709)
(0.015717109 -0.017997298 0.06297816)
(0.028175707 -0.023319097 0.19841446)
(0.031590805 -0.025488611 0.13778233)
(0.017264933 -0.017050663 0.07148264)
(0.023784479 -0.025329392 0.15163395)
(0.0073786124 -0.020497609 0.047394955)
(0.0039415641 -0.022523086 0.0077809323)
(0.0063210269 -0.022328566 -0.0057044602)
(0.0064360051 -0.022040874 0.012164064)
(0.0057422991 -0.023018642 -0.0082195855)
(0.0055548723 -0.02229433 0.013439713)
(0.004694426 -0.023395855 0.0066179371)
(0.0048473996 -0.022976008 -0.0071706957)
(0.017618388 -0.021063348 0.034813822)
(0.049087525 -0.023453621 0.11248937)
(0.04949401 -0.024525713 0.12986876)
(0.0065261156 -0.028011555 0.018485427)
(0.0086996737 -0.025808426 0.019740203)
(0.061243118 -0.022726117 0.14959848)
(0.011092407 -0.023694928 0.032750667)
(0.026732121 -0.018221524 0.053912459)
(0.023691946 -0.016805801 0.062720027)
(0.053028624 -0.021148473 0.2157312)
(0.054695893 -0.024525929 0.16237266)
(0.03363853 -0.017826462 0.076636824)
(0.063552551 -0.022339058 0.18357972)
(0.017084174 -0.019553165 0.047124306)
(0.0096886332 -0.023741542 0.0076083831)
(0.0079375996 -0.024133912 -0.004658646)
(0.0083614616 -0.023677318 0.022223194)
(0.010324549 -0.025695513 -0.0049294658)
(0.0079785336 -0.023656369 0.015424988)
(0.0095753511 -0.024470784 0.012049927)
(0.0086742695 -0.025094412 -0.0070851712)
(0.0049878597 -0.0262767 0.091553558)
(-0.003165503 -0.025264407 0.031752422)
(-0.0045010426 -0.026098275 0.041918156)
(-0.0049510731 -0.027301204 0.012202765)
(-0.0030081427 -0.025927995 0.032416085)
(-0.0033421764 -0.026305436 0.042330708)
(0.001210202 -0.0243141 0.095021693)
(0.017480456 -0.027650929 0.1638718)
(0.016906935 -0.026961325 0.10655573)
(0.033071586 -0.036512352 0.21323806)
(0.0040613301 -0.026329402 0.054906481)
(0.0045237412 -0.024609669 0.062107661)
(0.020953381 -0.02841941 0.21810069)
(0.021589765 -0.03281392 0.14460192)
(0.0077142984 -0.027740265 0.0849664)
(-0.0019468971 -0.028229032 0.034843024)
(-0.0047305356 -0.027309719 0.011559185)
(-0.0015754792 -0.027411083 0.026704897)
(-0.001943393 -0.026755398 0.030476113)
(-0.0023806403 -0.027658475 0.039477683)
(0.0078617396 -0.028841408 0.07434829)
(-0.0072187759 -0.029800367 0.10984144)
(-0.01495497 -0.026976092 0.040753889)
(-0.013186068 -0.025979704 0.016951752)
(-0.012156352 -0.026791604 0.053289842)
(-0.01394924 -0.027068206 0.040300381)
(-0.011559738 -0.028431744 0.053970243)
(-0.0084921347 -0.02489565 0.11118423)
(0.0023417174 -0.035493383 0.1818258)
(-0.0045927052 -0.037708575 0.12615108)
(-0.010491643 -0.033625968 0.068461776)
(0.020382293 -0.045860949 0.22014677)
(-0.011070242 -0.032498666 0.076635409)
(0.0050890418 -0.043584267 0.16377267)
(0.012938445 -0.033001493 0.22467589)
(-0.0061824747 -0.034749172 0.10351182)
(-0.010619969 -0.03096196 0.04534945)
(-0.012839094 -0.025799354 0.014739119)
(-0.012865028 -0.027566085 0.031870933)
(-0.013065609 -0.027889872 0.036946186)
(-0.010521096 -0.030166948 0.051277512)
(-0.0060746288 -0.037445147 0.092068781)
(0.027075799 -0.041656737 0.12503507)
(0.040948712 -0.049334376 0.22394148)
(0.0080976757 -0.03439499 0.079136769)
(0.028987343 -0.049857845 0.14990634)
(0.05356141 -0.058200882 0.21945256)
(0.027416977 -0.041325261 0.15555562)
(0.0050409701 -0.034097681 0.061652511)
(0.021213657 -0.034879781 0.09724701)
(0.014647513 -0.027891198 0.063428859)
(0.040994288 -0.040391947 0.19968287)
(0.0044042851 -0.027543672 0.046044583)
(0.0026742644 -0.028434245 0.03652303)
(0.042344813 -0.042669215 0.16773037)
(0.023707302 -0.034595405 0.12190114)
(0.0048264207 -0.030037477 0.047557315)
(-0.001765661 -0.028839455 0.026982818)
(-0.0011636375 -0.027548103 0.021894336)
(-0.0055303025 -0.025518211 0.0034191052)
(-0.0028263108 -0.026973339 0.016155326)
(0.0065140901 -0.029960511 0.060238658)
(-0.0025334613 -0.027421353 0.020322879)
(0.021303742 -0.040178708 0.093572643)
(0.021567643 -0.047970934 0.10999394)
(0.041850822 -0.058061723 0.14677728)
(0.00011771222 -0.033170159 0.032423849)
(0.013266346 -0.038192761 0.065068645)
(0.052830757 -0.06221514 0.19584773)
(0.0025299263 -0.034214481 0.046237493)
(0.012480413 -0.055109692 0.14748749)
(8.373201e-05 -0.040457108 0.091487621)
(0.039433929 -0.050386221 0.231809)
(0.024613629 -0.054206845 0.15900934)
(0.045333013 -0.066770343 0.2299515)
(0.01574727 -0.050216093 0.1751661)
(-0.003623459 -0.040021928 0.072797938)
(0.001759597 -0.050076934 0.11433681)
(-0.0087416174 -0.041440096 0.074931324)
(-0.011396874 -0.033892404 0.054801927)
(0.020806775 -0.056773904 0.2085472)
(-0.012366623 -0.031707814 0.040831439)
(0.0038708483 -0.049208073 0.14090325)
(0.017905157 -0.063657002 0.17855587)
(-0.0084633177 -0.036055838 0.059702279)
(-0.01085558 -0.030968487 0.036123512)
(-0.013792702 -0.026986074 0.023375417)
(-0.014882225 -0.021270243 0.00057563943)
(-0.014832094 -0.024023032 0.015010206)
(-0.0069604856 -0.03788908 0.075468885)
(-0.013037239 -0.028932871 0.025985038)
(0.0067118552 -0.053095211 0.11168569)
(0.016645807 -0.053471616 0.12209685)
(0.030537689 -0.070881444 0.16318379)
(-0.0074330266 -0.034825886 0.036454461)
(0.0010733067 -0.046933979 0.078019639)
(0.042993472 -0.073163953 0.20935234)
(-0.0058695317 -0.038269483 0.053974993)
(0.12052354 -0.031375567 0.17762856)
(0.060238348 -0.026212079 0.088936295)
(0.093014402 -0.027733702 0.12718523)
(0.029522941 -0.030163682 0.040323929)
(0.054280655 -0.027886494 0.084722176)
(0.085894881 -0.031991847 0.123532)
(0.12907772 -0.024672326 0.18364909)
(0.13046092 -0.040246321 0.20793008)
(0.090660759 -0.032080073 0.17205171)
(0.12222369 -0.045580471 0.22604718)
(0.058252445 -0.030618624 0.11014638)
(0.069470889 -0.030471911 0.12481525)
(0.12899704 -0.037366557 0.2223212)
(0.11754913 -0.045564801 0.20067628)
(0.10886083 -0.037858811 0.16771336)
(0.063107112 -0.035426881 0.10093769)
(0.023778338 -0.030205556 0.034969032)
(0.037353473 -0.028425977 0.063721433)
(0.04561685 -0.029067403 0.075299358)
(0.07593785 -0.034978881 0.1147119)
(0.094952263 -0.040375569 0.15529245)
(0.19817012 -0.048607419 0.1983947)
(0.16669774 -0.037711563 0.16782181)
(0.10300473 -0.042952855 0.11560475)
(0.15577012 -0.035512988 0.16299657)
(0.15729696 -0.049965331 0.16685871)
(0.15181113 -0.044568197 0.16370839)
(0.20681507 -0.033692996 0.19793886)
(0.21629709 -0.077608044 0.22004931)
(0.20991094 -0.085443645 0.20986891)
(0.17045759 -0.089117564 0.19575408)
(0.17762234 -0.090959332 0.17260374)
(0.19336195 -0.077004391 0.20966735)
(0.19930621 -0.094493579 0.21217956)
(0.17727687 -0.067784965 0.15573782)
(0.18702892 -0.066693274 0.20067904)
(0.1228298 -0.061660239 0.14846356)
(0.092263977 -0.049780976 0.11124662)
(0.12710438 -0.07136257 0.15337367)
(0.14471003 -0.062538653 0.16403244)
(0.14131225 -0.054953083 0.16097633)
(0.17461034 -0.082241749 0.19874524)
(0.10711102 -0.060513596 0.17964423)
(0.14600798 -0.066032641 0.21041378)
(0.10662214 -0.052279132 0.16336388)
(0.13127215 -0.07703118 0.19948991)
(0.14225584 -0.078748329 0.22049748)
(0.13244693 -0.061058674 0.20909696)
(0.077313364 -0.048472513 0.12544033)
(0.076058638 -0.044821979 0.14723378)
(0.043622237 -0.028567182 0.096532999)
(0.11432792 -0.051870991 0.22149913)
(0.042518255 -0.028421275 0.084329371)
(0.027633453 -0.025527558 0.056829855)
(0.093756389 -0.052442048 0.19523705)
(0.099090358 -0.047093923 0.1812985)
(0.051389411 -0.036865981 0.092480937)
(0.046647371 -0.033701263 0.077011254)
(0.025622414 -0.026937468 0.044745757)
(0.0078857291 -0.027865783 0.010731556)
(0.016747727 -0.026627308 0.029716055)
(0.074484715 -0.039880284 0.12905639)
(0.030635707 -0.031153244 0.050045394)
(0.078102498 -0.055607937 0.14043958)
(0.10138126 -0.07218038 0.16888607)
(0.093259798 -0.075966121 0.17696486)
(0.028523134 -0.040674858 0.060066993)
(0.050123665 -0.047896686 0.10205673)
(0.12633572 -0.081979305 0.21564195)
(0.04912586 -0.045052576 0.089919715)
(0.15350337 -0.10481416 0.20044889)
(0.14359508 -0.077740518 0.18167164)
(0.16118878 -0.082413813 0.18522344)
(0.14788481 -0.091570997 0.20617342)
(0.16025835 -0.10287212 0.21096383)
(0.17832611 -0.097333884 0.21081696)
(0.11211809 -0.076650042 0.15496306)
(0.15311282 -0.11241977 0.19417327)
(0.14419448 -0.11993739 0.18552557)
(0.14220098 -0.094045554 0.17551359)
(0.18320154 -0.11506338 0.19522662)
(0.10932283 -0.091603539 0.14557303)
(0.17877855 -0.10900571 0.20808943)
(0.17181597 -0.13020061 0.20474489)
(0.11337193 -0.085971373 0.14967677)
(0.095761965 -0.064637413 0.1247517)
(0.10091929 -0.072065995 0.1291942)
(0.04111888 -0.050545281 0.061239118)
(0.074587723 -0.066579456 0.10063004)
(0.14713465 -0.088478714 0.17932694)
(0.072591206 -0.062049527 0.10109821)
(0.12047549 -0.10000136 0.17018318)
(0.1126549 -0.086082975 0.17027828)
(0.11973791 -0.1090774 0.18964549)
(0.047659023 -0.059951908 0.082903777)
(0.085714928 -0.088929776 0.13655277)
(0.14831781 -0.11058807 0.20625032)
(0.076873138 -0.069408792 0.11769956)
(-0.0055109134 -0.13035247 0.18591054)
(-0.013470891 -0.062169538 0.088999235)
(-0.012258129 -0.096840841 0.13171146)
(-0.01357321 -0.030451731 0.033971913)
(-0.007910211 -0.093447239 0.12700015)
(-0.01193274 -0.059874429 0.085143588)
(-0.010856042 -0.1339666 0.19029016)
(0.0053147123 -0.14222652 0.21883829)
(-0.0039306966 -0.10051495 0.18332858)
(0.017094172 -0.13231629 0.23415864)
(-0.0084583825 -0.073784164 0.12532279)
(-0.0078555029 -0.080626836 0.13441635)
(0.0083348403 -0.13651167 0.2325689)
(0.01093185 -0.13214192 0.21251503)
(-0.0004910196 -0.12164917 0.17683605)
(-0.004793944 -0.078412675 0.11119006)
(-0.012533859 -0.026656218 0.028752395)
(-0.012650515 -0.049412688 0.070869616)
(-0.0051461988 -0.086291509 0.11946757)
(-0.011377151 -0.053577215 0.077266783)
(0.0019399009 -0.11176969 0.1683916)
(0.009027229 -0.20839074 0.20266053)
(-0.0089532481 -0.17389377 0.17895903)
(-0.008078273 -0.16175314 0.17120955)
(-0.0048140239 -0.11147778 0.11879848)
(0.0016667962 -0.16098902 0.16836393)
(0.0036268828 -0.16802465 0.17161297)
(-0.0056658442 -0.21288363 0.20535111)
(0.039887127 -0.2297378 0.22583375)
(0.044133325 -0.22432164 0.21763276)
(0.064245873 -0.19001512 0.17851227)
(0.04622891 -0.19857598 0.21759216)
(0.032077545 -0.20948529 0.21618399)
(0.039306248 -0.18431068 0.15785728)
(0.058076425 -0.22063761 0.22799445)
(0.026062824 -0.20112739 0.20445276)
(0.01785486 -0.14421603 0.15829433)
(0.0025252465 -0.10589211 0.111804)
(0.025617544 -0.15229531 0.16829045)
(0.011924319 -0.15549774 0.16440173)
(0.016515776 -0.15967935 0.16709851)
(0.041339876 -0.1973879 0.21427163)
(0.029911723 -0.13282135 0.20772303)
(0.044147066 -0.15766492 0.21900156)
(0.047847256 -0.15728573 0.22383027)
(0.0152228 -0.13020947 0.18324777)
(0.05756956 -0.15783052 0.2332124)
(0.028201676 -0.15193521 0.22433202)
(0.012552926 -0.10849942 0.15700717)
(0.011853699 -0.1006882 0.17469066)
(-0.0064444556 -0.066141565 0.12156636)
(0.023669292 -0.12902839 0.23311817)
(-0.010733491 -0.060507572 0.099486449)
(-0.013879702 -0.049994967 0.076896766)
(0.023640604 -0.11323869 0.21777369)
(0.012875363 -0.11837649 0.1976063)
(0.023373918 -0.10596727 0.16416709)
(0.041730096 -0.1293731 0.18880511)
(0.048468101 -0.11913773 0.18830213)
(-0.00050071193 -0.060351238 0.073739811)
(0.01226313 -0.080798871 0.11793323)
(0.061587307 -0.14578575 0.22952013)
(0.0055730734 -0.078934786 0.11070975)
(-0.00045434127 -0.07972245 0.1215453)
(-0.0070262004 -0.064736468 0.089243692)
(-0.015102006 -0.039720161 0.050600302)
(-0.016394429 -0.013218238 3.8809369e-05)
(-0.017047151 -0.031809814 0.033186856)
(0.0012435011 -0.095656536 0.14563742)
(-0.0097068917 -0.052930448 0.067676571)
(0.075695086 -0.18294422 0.22390971)
(0.061873595 -0.17543559 0.19526892)
(0.062638023 -0.1753489 0.22939306)
(0.039763357 -0.17210964 0.20523072)
(0.084213872 -0.17594633 0.22249354)
(0.065299509 -0.20355018 0.23170076)
(0.039845419 -0.14840829 0.18427719)
(0.083729394 -0.18619165 0.22004165)
(0.089545321 -0.18054531 0.21221284)
(0.091472861 -0.20013001 0.20740117)
(0.054175932 -0.1799041 0.20844256)
(0.055273641 -0.1523935 0.17916894)
(0.108113 -0.19445073 0.21980675)
(0.075769915 -0.20661212 0.23049494)
(0.06932276 -0.15144058 0.18850825)
(0.055273881 -0.14177949 0.18786518)
(0.083389153 -0.14628545 0.20176148)
(0.021835491 -0.085769483 0.10047568)
(0.056722613 -0.11981145 0.15233476)
(0.090176862 -0.16764474 0.21774153)
(0.030764053 -0.11235212 0.13800682)
(0.050126928 -0.15413302 0.18174318)
(0.021252551 -0.12541833 0.14482997)
(0.028277265 -0.13620049 0.15653294)
(0.0028269491 -0.071886703 0.074663379)
(0.024566514 -0.11615772 0.12976492)
(0.049320847 -0.18012773 0.20646554)
(0.018805061 -0.10857147 0.12459557)
(-0.023834982 -0.0022885213 0.098503036)
(-0.021885128 0.0066330894 0.039234181)
(-0.019908796 0.0031397711 0.049697942)
(-0.023677732 0.0088462674 0.017588213)
(-0.022656101 0.003639469 0.050281943)
(-0.023142344 0.0071409103 0.039239217)
(-0.018898046 -0.0017485189 0.099687795)
(-0.030371804 -0.0099928393 0.17221657)
(-0.033215198 -0.0028676611 0.11660243)
(-0.040672327 -0.025930509 0.21475212)
(-0.029523939 0.005825583 0.065341083)
(-0.027865905 0.0047250972 0.072317209)
(-0.027987652 -0.019013861 0.21999057)
(-0.036888082 -0.011887661 0.1545031)
(-0.029244087 -0.0022054855 0.093749498)
(-0.027706225 0.0063839025 0.041820715)
(-0.024741638 0.011108519 0.014958675)
(-0.025934401 0.010626065 0.031305189)
(-0.025550524 0.0041034623 0.047791311)
(-0.025132812 0.0085172016 0.036230073)
(-0.031826396 -0.00031986069 0.083605769)
(-0.019688635 -0.010802272 0.089227206)
(-0.018452864 -0.0027849172 0.031557361)
(-0.018976458 -0.0021108768 0.040080635)
(-0.021915899 0.00057555615 0.010600983)
(-0.019976537 -0.0028164263 0.040085442)
(-0.019525062 -0.0027291151 0.031569143)
(-0.017947646 -0.0070711372 0.091837388)
(-0.022456639 -0.022117183 0.16218925)
(-0.021064938 -0.021163468 0.10661761)
(-0.032994597 -0.035760514 0.2120561)
(-0.019997787 -0.0089063495 0.053878676)
(-0.018132404 -0.010082668 0.061287928)
(-0.025037684 -0.02358184 0.21712643)
(-0.02686236 -0.026153308 0.14342444)
(-0.021320573 -0.013758265 0.08308336)
(-0.023312221 -0.0016357173 0.032190964)
(-0.022884913 0.0020367546 0.0091171058)
(-0.022295561 -0.0016375252 0.024916779)
(-0.022100708 -0.002651671 0.036981824)
(-0.020850204 -0.0028532786 0.029354641)
(-0.022448001 -0.013268716 0.072527535)
(-0.048699307 -0.01676649 0.13568176)
(-0.046169753 -0.042840849 0.22427881)
(-0.047708638 -0.028661803 0.15040397)
(-0.034296373 -0.0052327252 0.082201676)
(-0.060830282 -0.04849144 0.22130852)
(-0.044038875 -0.021521378 0.16463721)
(-0.035349621 0.00064031085 0.064131178)
(-0.044950403 -0.0054418935 0.10808068)
(-0.038920907 0.0068237798 0.069688189)
(-0.051221674 -0.026153535 0.20265473)
(-0.031319066 0.0090361019 0.053000003)
(-0.031077934 0.012495321 0.039539979)
(-0.057454327 -0.022603122 0.17166969)
(-0.04299607 -0.0096194939 0.13348709)
(-0.047989474 -0.0085452566 0.10079926)
(-0.047690892 -0.019334364 0.11291429)
(-0.064448966 -0.032850618 0.1519843)
(-0.034380297 0.01087263 0.029173726)
(-0.043917835 -9.7990981e-05 0.068920727)
(-0.066190244 -0.046370329 0.1993757)
(-0.035735356 0.0061044326 0.045997856)
(-0.033379468 0.007033759 0.054694289)
(-0.02932692 0.0093188319 0.032887029)
(-0.026833901 0.014676974 0.022760751)
(-0.023196459 0.020654831 -0.0011325996)
(-0.025403788 0.018207042 0.014290942)
(-0.033422459 0.0029713794 0.069093728)
(-0.028639136 0.014419039 0.022459855)
(-0.035772221 -0.032200764 0.12570786)
(-0.045480606 -0.043057428 0.22134519)
(-0.044298984 -0.032794719 0.14810089)
(-0.02839878 -0.012694551 0.076509022)
(-0.054589584 -0.056710182 0.21820102)
(-0.035215112 -0.032321013 0.15581474)
(-0.029278581 -0.0079131479 0.05906855)
(-0.028564603 -0.026000834 0.096499608)
(-0.021793095 -0.018435312 0.061570889)
(-0.035822287 -0.0441857 0.19891812)
(-0.021727535 -0.0082588028 0.044475466)
(-0.023623434 -0.0051249316 0.034346042)
(-0.036769845 -0.046507484 0.16705975)
(-0.028066372 -0.028635089 0.12115459)
(-0.035130499 -0.02473857 0.093457068)
(-0.042920992 -0.023813181 0.10724279)
(-0.053262502 -0.044986335 0.14588259)
(-0.031799822 0.0026388467 0.02829842)
(-0.034840889 -0.014256808 0.064064245)
(-0.057382749 -0.056408549 0.19446371)
(-0.030967372 -0.002573983 0.04295906)
(-0.025337771 -0.0075121124 0.045896469)
(-0.025206021 0.00039259553 0.024010496)
(-0.023513885 -0.00052063682 0.019462872)
(-0.023979899 0.0085865357 -0.0016094116)
(-0.02401549 0.0032303226 0.01283699)
(-0.024183544 -0.010941346 0.058632033)
(-0.024983206 0.0033477401 0.016985949)
(-0.13687622 0.003116072 0.2029506)
(-0.073511408 0.017431479 0.11197025)
(-0.10864139 0.014177131 0.15286204)
(-0.043743392 0.018927078 0.055814589)
(-0.10471247 0.0090064304 0.14877881)
(-0.070554176 0.015809495 0.10771498)
(-0.1419274 0.0095703549 0.20607589)
(-0.14441433 -0.012347623 0.23351126)
(-0.10626106 0.0014527413 0.20283045)
(-0.12892246 -0.029411796 0.2354037)
(-0.07874462 0.0097849811 0.13640993)
(-0.089014446 0.010062852 0.15532267)
(-0.13487042 -0.018997178 0.23778427)
(-0.13191922 -0.01976451 0.21870807)
(-0.12812997 -0.002253602 0.19653167)
(-0.08601273 0.0076263567 0.12466619)
(-0.038699306 0.019593029 0.048788919)
(-0.057069136 0.018240514 0.084039549)
(-0.097036926 0.0071516261 0.14297645)
(-0.063758901 0.016671384 0.097931045)
(-0.11511244 -0.005439992 0.17785974)
(-0.21284973 -0.015670614 0.21948967)
(-0.18807337 0.0097366195 0.2086622)
(-0.17582265 0.0083012098 0.19837626)
(-0.1294785 0.0045834055 0.15083569)
(-0.17370168 -0.0040305726 0.19421186)
(-0.18063846 -0.0069299363 0.19969236)
(-0.21855105 0.0027118636 0.22116435)
(-0.22363091 -0.052898534 0.22781157)
(-0.21838889 -0.054891214 0.21912931)
(-0.18098796 -0.073926951 0.17199912)
(-0.1916454 -0.051903589 0.2092381)
(-0.21052962 -0.040836454 0.22847345)
(-0.17677085 -0.049794846 0.15475692)
(-0.21169447 -0.069520376 0.2196189)
(-0.20339713 -0.03525769 0.21819987)
(-0.14827567 -0.020587504 0.16664035)
(-0.12100078 -0.0028520644 0.13818702)
(-0.15374694 -0.027434447 0.17089248)
(-0.16540022 -0.015477272 0.18597461)
(-0.16925647 -0.02022708 0.18998685)
(-0.19352787 -0.049703317 0.21218222)
(-0.12612555 -0.03350806 0.19466989)
(-0.1527135 -0.055416607 0.21289702)
(-0.14909745 -0.051725647 0.2105424)
(-0.12590861 -0.019030694 0.17402792)
(-0.15068671 -0.064587816 0.2269782)
(-0.14645868 -0.03687202 0.21616703)
(-0.10295245 -0.011684116 0.14154019)
(-0.095924636 -0.013943511 0.16335543)
(-0.064712225 0.0067313801 0.11463613)
(-0.12291049 -0.033298164 0.22634137)
(-0.062235924 0.012328934 0.098495905)
(-0.051403477 0.017787952 0.073059314)
(-0.10704908 -0.029309983 0.20733789)
(-0.11379323 -0.019007365 0.18984001)
(-0.10004351 -0.021759275 0.15098594)
(-0.12252451 -0.04047531 0.17544109)
(-0.11334584 -0.0477262 0.17958274)
(-0.059715542 0.0080855188 0.064609588)
(-0.077793949 -0.0075757321 0.10808224)
(-0.13926178 -0.064303692 0.22127933)
(-0.075463021 -0.00049813064 0.09748035)
(-0.077613497 0.0026578728 0.11108656)
(-0.067667005 0.01141055 0.08785283)
(-0.045220623 0.020813595 0.05373879)
(-0.022801467 0.024967001 0.0040343115)
(-0.036542582 0.023956724 0.03234215)
(-0.094104125 -0.0023501038 0.13948491)
(-0.054296444 0.015767646 0.059991841)
(-0.17371524 -0.076633251 0.20739177)
(-0.16919717 -0.069888689 0.19001716)
(-0.16682675 -0.065598483 0.21517182)
(-0.16363076 -0.044283209 0.1899709)
(-0.17032624 -0.088728441 0.21506596)
(-0.19417113 -0.073200342 0.21809234)
(-0.13872491 -0.038029204 0.16344798)
(-0.1756194 -0.081712181 0.201034)
(-0.16864303 -0.084452652 0.19197292)
(-0.19107403 -0.096446882 0.19638492)
(-0.16645513 -0.05451856 0.18399911)
(-0.1398301 -0.04878719 0.15356612)
(-0.18641607 -0.10770311 0.2081183)
(-0.19554789 -0.08135547 0.21339529)
(-0.1438114 -0.065067963 0.1740515)
(-0.1340102 -0.05203583 0.17326945)
(-0.14016497 -0.08022157 0.19311799)
(-0.082839447 -0.013457931 0.089506886)
(-0.11509981 -0.049226946 0.14195867)
(-0.1616503 -0.091225352 0.20926332)
(-0.1054863 -0.024282083 0.12114963)
(-0.14312417 -0.045766401 0.15857944)
(-0.11927811 -0.019547072 0.12908284)
(-0.12657183 -0.02562245 0.13528439)
(-0.068173925 0.0029635991 0.05932536)
(-0.10566861 -0.017216212 0.10477181)
(-0.16910543 -0.051904006 0.18655578)
(-0.10074283 -0.012988896 0.10400706)
(-0.024661032 -0.12504781 0.18559102)
(-0.016428947 -0.062053655 0.093909741)
(-0.017423064 -0.096650233 0.13618482)
(-0.020195497 -0.027745063 0.038219701)
(-0.021934875 -0.08885942 0.12850997)
(-0.018192706 -0.056200411 0.088194798)
(-0.01730359 -0.13293309 0.19309195)
(-0.035326217 -0.13358625 0.2089657)
(-0.026286824 -0.094206379 0.17597605)
(-0.042703763 -0.12323122 0.21862032)
(-0.020626698 -0.056431559 0.093158868)
(-0.020496257 -0.071560973 0.12191627)
(-0.035780048 -0.12955667 0.22264475)
(-0.038945537 -0.11824366 0.18971804)
(-0.029440681 -0.11056375 0.16419835)
(-0.024446344 -0.058595642 0.082679502)
(-0.020562975 -0.018961678 0.024130971)
(-0.018329391 -0.032563894 0.045933343)
(-0.023496 -0.074325973 0.10619316)
(-0.018322165 -0.043773086 0.066967216)
(-0.030391533 -0.093041314 0.1393449)
(-0.038229063 -0.19935727 0.19962692)
(-0.022417333 -0.17249393 0.1811968)
(-0.022067575 -0.1611627 0.17487329)
(-0.029668345 -0.10430021 0.11913181)
(-0.032082466 -0.15364032 0.16717549)
(-0.035188994 -0.15807622 0.16873303)
(-0.022661646 -0.21090768 0.20703236)
(-0.065363123 -0.21413494 0.21381954)
(-0.070793406 -0.20447282 0.20323722)
(-0.080568796 -0.17478418 0.16902031)
(-0.079184228 -0.17349352 0.19995555)
(-0.064109093 -0.19230822 0.20426074)
(-0.057397957 -0.17404264 0.15332912)
(-0.08233483 -0.19935861 0.20998154)
(-0.053919794 -0.18429547 0.19203486)
(-0.051189443 -0.12019992 0.14119893)
(-0.039105393 -0.087645768 0.10256437)
(-0.063043021 -0.1252749 0.15395127)
(-0.042602084 -0.13733434 0.15034256)
(-0.049065519 -0.1399013 0.1553247)
(-0.070195407 -0.17392346 0.1950102)
(-0.051854442 -0.11023272 0.17902582)
(-0.058518086 -0.14787951 0.20758412)
(-0.068315321 -0.13485448 0.20015871)
(-0.042370025 -0.10678976 0.15477464)
(-0.070388622 -0.14509112 0.21926514)
(-0.051468318 -0.13413277 0.20192093)
(-0.042052165 -0.079425608 0.12594804)
(-0.036242656 -0.078489477 0.14287069)
(-0.020648072 -0.045549444 0.08897181)
(-0.04617403 -0.11607652 0.21317877)
(-0.020073614 -0.041831195 0.069274428)
(-0.018672168 -0.028137831 0.048945439)
(-0.04445835 -0.096553156 0.19209861)
(-0.03848579 -0.099834687 0.16892695)
(-0.049679491 -0.080779293 0.14190267)
(-0.066621858 -0.1045846 0.17165643)
(-0.070650181 -0.096376131 0.17960582)
(-0.041229486 -0.026490266 0.06166479)
(-0.044795172 -0.051437392 0.10370324)
(-0.07524128 -0.12958214 0.21580375)
(-0.042349322 -0.049873925 0.092178345)
(-0.03044165 -0.052150985 0.088641594)
(-0.026567641 -0.043692915 0.064670937)
(-0.020540646 -0.022973698 0.031510406)
(-0.028613463 -0.0043605016 0.0065336194)
(-0.023684077 -0.014929333 0.023589228)
(-0.030309805 -0.073326634 0.11509444)
(-0.028877515 -0.029191548 0.047593041)
(-0.098218686 -0.15640792 0.2062659)
(-0.073346867 -0.16299671 0.1852634)
(-0.083139848 -0.15093986 0.20893667)
(-0.068523022 -0.1455342 0.18310523)
(-0.094576181 -0.16229607 0.21148312)
(-0.087121885 -0.18043287 0.21307877)
(-0.072306259 -0.11493219 0.1618987)
(-0.12024627 -0.15392722 0.20799413)
(-0.14032988 -0.14252905 0.20516767)
(-0.075709505 -0.094086639 0.11897055)
(-0.12288415 -0.14177429 0.20837242)
(-0.11677887 -0.1206376 0.186297)
(-0.12859396 -0.15013117 0.19454222)
(-0.1052306 -0.14460668 0.18791166)
(-0.10852834 -0.15485285 0.20255882)
(-0.11852977 -0.1433746 0.19500637)
(-0.10679489 -0.18091506 0.19513304)
(-0.089134096 -0.14513721 0.18790308)
(-0.092627441 -0.11012865 0.15973763)
(-0.12557282 -0.1709624 0.20838693)
(-0.10022073 -0.18031024 0.21267394)
(-0.097177543 -0.12239354 0.1783089)
(-0.082092179 -0.11510469 0.17576346)
(-0.10573333 -0.1209773 0.19412997)
(-0.062368802 -0.045192075 0.089286619)
(-0.088838756 -0.08480863 0.14306459)
(-0.10432926 -0.15009749 0.20949689)
(-0.06924668 -0.077551415 0.12543956)
(-0.084502261 -0.11566839 0.16104383)
(-0.06045654 -0.097448188 0.13069262)
(-0.070071076 -0.10332419 0.14217898)
(-0.0547308 -0.040382396 0.073047967)
(-0.069663 -0.074875645 0.1155827)
(-0.081338215 -0.14979098 0.18621373)
(-0.0626516 -0.073949882 0.11147476)
(-0.019696179 -0.022315491 0.047213191)
(-0.015831699 -0.033728845 0.086774446)
(-0.017464157 -0.020500195 0.021105408)
(-0.01344988 -0.042198931 0.12083879)
(-0.018247645 -0.021035489 0.027532641)
(-0.012791335 -0.035957049 0.13203245)
(-0.019023593 -0.021924475 0.039559926)
(-0.017325542 -0.014989554 0.020529922)
(-0.017154329 -0.013037024 0.0024547744)
(-0.018618111 -0.014466152 0.02877796)
(-0.016988126 -0.01553456 0.0012757302)
(-0.017330784 -0.01407719 0.028664923)
(-0.017542692 -0.01583896 0.020703667)
(-0.016577806 -0.013403888 -0.00032140797)
(-0.020014778 -0.025840414 0.069739126)
(-0.019835872 -0.031204938 0.079021345)
(-0.004843745 -0.035021055 0.21633469)
(-0.0079563274 -0.045114644 0.16230365)
(-0.020072437 -0.031455578 0.089900632)
(-0.0072947436 -0.035863377 0.17474586)
(-0.019343834 -0.025680372 0.06030872)
(-0.018207869 -0.026064041 0.044624353)
(-0.014508863 -0.059153198 0.12631217)
(-0.012768081 -0.06302921 0.1498806)
(-0.017193051 -0.011773334 0.014235206)
(-0.018440947 -0.01233654 0.017696156)
(-0.011996408 -0.070826094 0.16491237)
(-0.019311847 -0.022551209 0.037823907)
(-0.01423294 -0.0064935111 0.012426888)
(-0.014165465 -0.0040099644 -0.0057275217)
(-0.015405808 -0.0080242841 0.025750707)
(-0.012231277 -0.0010760121 -0.013249754)
(-0.014808699 -0.0089514908 0.026916153)
(-0.012734443 -0.0056934799 0.010655784)
(-0.013427294 -0.0011576658 -0.013364485)
(-0.017874539 -0.035366066 0.074094412)
(-0.019848724 -0.035612242 0.085940647)
(-0.0081697228 -0.058043679 0.22701525)
(-0.0090849022 -0.065758471 0.18311279)
(-0.017879196 -0.040133296 0.099955657)
(-0.0097352751 -0.071007391 0.19870719)
(-0.019677952 -0.030347354 0.06336292)
(0.11360157 0.15443625 0.22682024)
(0.10689214 0.17897248 0.21834535)
(0.12900151 0.15337709 0.19975699)
(0.12398605 0.12986787 0.21896516)
(0.10969216 0.15382219 0.22934181)
(0.099072954 0.15828758 0.18096882)
(0.1378686 0.1354418 0.23048421)
(0.11067585 0.1407072 0.20006694)
(0.13456395 0.10479997 0.18791655)
(0.062607955 0.077739809 0.077664325)
(0.11889671 0.12631784 0.16378864)
(0.098303589 0.10858741 0.1556536)
(0.086113803 0.12379281 0.13530014)
(0.13996773 0.12881723 0.21845998)
(0.088076008 0.13552559 0.23286643)
(0.089540292 0.10022819 0.24864682)
(0.049924662 0.12210513 0.18385989)
(0.067632515 0.13161313 0.26717866)
(0.081583208 0.11363073 0.19874823)
(0.091628119 0.11472688 0.26317072)
(0.059990967 0.14863755 0.23115272)
(0.19436108 0.023353684 0.22291688)
(0.21052522 0.025043045 0.21317332)
(0.19784755 0.058359484 0.20144468)
(0.18169388 0.021668297 0.21137589)
(0.18739561 0.010933541 0.21373201)
(0.19302951 0.032876274 0.18502854)
(0.19200804 0.04328122 0.22801075)
(0.18310216 0.033660586 0.20405813)
(0.16009613 0.071511336 0.19068142)
(0.1011975 0.035692063 0.082233054)
(0.16730775 0.065075452 0.16718478)
(0.1489468 0.040756045 0.16200319)
(0.15677686 0.037948535 0.14253549)
(0.18546063 0.059205074 0.21950539)
(0.17189854 -0.0054952459 0.23068686)
(0.1439632 -0.0095020195 0.24656222)
(0.14429347 -0.023487907 0.19237323)
(0.14781461 -0.035079222 0.24982126)
(0.15081417 0.0016874343 0.20155255)
(0.15141922 -0.016095954 0.24887073)
(0.16820603 -0.027365894 0.22760112)
(-0.036972972 0.18047724 0.23082895)
(-0.039663463 0.19851769 0.22146697)
(-0.036611351 0.17462211 0.22776146)
(-0.073587647 0.1791861 0.19908396)
(-0.021690257 0.18479796 0.23934794)
(-0.045837857 0.17350298 0.18069267)
(-0.060967799 0.1750336 0.23162606)
(-0.046908039 0.16251464 0.19852499)
(-0.084745733 0.13937416 0.183265)
(-0.039458047 0.087523413 0.075216057)
(-0.076069653 0.14812413 0.16094765)
(-0.050920045 0.12840566 0.15083136)
(-0.046807711 0.13634103 0.13246007)
(-0.075173862 0.16395067 0.21542257)
(-0.0031082946 0.15821361 0.23747544)
(-0.0015634931 0.12997136 0.2480445)
(0.019988925 0.12732487 0.1841143)
(0.03620547 0.14228241 0.27305233)
(-0.012050207 0.13135211 0.19327587)
(0.026061788 0.15580029 0.2341867)
(0.010783682 0.14648345 0.27367312)
(-0.16259238 0.065785512 0.18616804)
(-0.135225 0.021450892 0.11308169)
(-0.12694113 0.025482833 0.12284746)
(-0.082587942 0.032555376 0.058085989)
(-0.12516929 0.055433664 0.13244611)
(-0.16826704 0.029239846 0.1799286)
(-0.13641122 0.04702146 0.12177037)
(-0.16861459 0.096800252 0.22699061)
(-0.18901953 0.093467256 0.22041508)
(-0.16298017 0.11679745 0.19782905)
(-0.1434635 0.10504117 0.21939961)
(-0.16741084 0.0914836 0.23247418)
(-0.16887927 0.087709303 0.1822323)
(-0.14822596 0.1191616 0.22601923)
(-0.15660468 0.06962824 0.23525841)
(-0.12552419 0.070884613 0.24764552)
(-0.14366421 0.035009831 0.18951869)
(-0.15493431 0.045080724 0.27027702)
(-0.13534742 0.067475277 0.19965869)
(-0.1684031 0.039961983 0.23569322)
(-0.13924024 0.068782146 0.26436089)
(-0.15555251 0.095929824 0.19950852)
(-0.11875834 0.11874895 0.18427303)
(-0.088407807 0.057832343 0.079255497)
(-0.13726719 0.10812428 0.1630517)
(-0.1243166 0.087044592 0.15539274)
(-0.13554942 0.077559568 0.13701891)
(-0.14189603 0.12258534 0.21372909)
(0.17210928 -0.09901887 0.21931521)
(0.19252591 -0.093934618 0.21215324)
(0.14459924 -0.09890751 0.19931847)
(0.17221372 -0.1170209 0.19580646)
(0.1655399 -0.090323808 0.21271228)
(0.17662097 -0.091865573 0.18303106)
(0.15473788 -0.11651817 0.21604712)
(0.16214202 -0.10100473 0.20046686)
(0.12991692 -0.12691777 0.18941444)
(0.092591569 -0.064990897 0.082534843)
(0.1469601 -0.11268103 0.16599541)
(0.13117769 -0.095705436 0.16125293)
(0.14321629 -0.084302478 0.14206714)
(0.1513976 -0.12454808 0.21187417)
(0.15606584 -0.078887151 0.23163799)
(0.12450325 -0.081597433 0.24840521)
(0.14091579 -0.049611639 0.19400777)
(0.14452132 -0.060810875 0.25350762)
(0.13666795 -0.077784775 0.20537214)
(0.16466793 -0.05591775 0.23056843)
(0.13452738 -0.078669549 0.25067874)
(0.028159265 -0.17672538 0.19239041)
(0.00016013718 -0.13934432 0.11743143)
(-0.00039969188 -0.12833855 0.12627094)
(0.020421383 -0.088921898 0.061767351)
(0.028280661 -0.13743193 0.14022603)
(-0.0043206669 -0.17090816 0.18204575)
(0.023735099 -0.14767323 0.12786779)
(0.05141592 -0.19326399 0.23574996)
(0.049330415 -0.20969544 0.22491064)
(0.083142714 -0.19252 0.21009949)
(0.054067548 -0.18062131 0.23040861)
(0.039739715 -0.18867162 0.23172948)
(0.053459117 -0.18957423 0.19113837)
(0.075699309 -0.18790661 0.24242567)
(0.021545506 -0.17126207 0.23778605)
(0.021975145 -0.14668169 0.25487063)
(-0.0040042418 -0.14444445 0.19228165)
(-0.0090303513 -0.14883412 0.25647162)
(0.026913558 -0.15215937 0.20649906)
(-0.0057144798 -0.16698493 0.23065226)
(0.014094264 -0.15291513 0.26128788)
(0.05944003 -0.18068158 0.2111927)
(0.098380569 -0.15412167 0.19427343)
(0.046340787 -0.099509078 0.082640629)
(0.086374864 -0.16078773 0.17010817)
(0.062605979 -0.14742239 0.16548217)
(0.054336461 -0.15293653 0.14415197)
(0.089417737 -0.17916347 0.22731736)
(0.012272388 0.0087189484 0.019773852)
(0.012853648 0.0091840923 0.022626985)
(0.016523836 -0.027977653 0.055925489)
(0.013184143 0.0050386458 0.022382639)
(0.014030648 0.0054699238 0.025117077)
(0.01299145 0.015022765 0.013666285)
(0.011769238 0.016269704 0.013146972)
(0.015175824 -0.033429194 0.058392862)
(0.014484857 -0.00021179721 0.024902524)
(0.015524157 -0.00064724238 0.028489962)
(0.013947912 0.0017229009 0.024029957)
(0.015029646 0.0017912836 0.027437351)
(0.014276836 0.013490253 0.013985026)
(0.015358632 0.01225204 0.014003822)
(-0.0046764911 0.020995418 0.00041622047)
(-0.0052333923 0.020371792 0.0018273439)
(-0.000635458 0.022167042 0.0019792717)
(-0.0025094477 0.019509439 0.0015099452)
(-0.0064320233 0.018485562 -0.00013451402)
(-0.002439568 0.02002394 0.00028238747)
(-0.0041985607 0.017910958 -0.0005739775)
(0.013002455 -0.023476971 0.006120386)
(-0.024106905 -0.013564356 0.04648972)
(0.012742969 -0.023667919 0.008273649)
(0.010666597 -0.022288222 0.010158157)
(0.01059332 -0.02308087 0.012544425)
(0.020803945 -0.02460567 0.00090798336)
(0.020707552 -0.025349738 -0.0011822502)
(-0.027720452 -0.014733522 0.049960617)
(0.0097293817 -0.021662659 0.014540599)
(0.0092466841 -0.021910186 0.016904488)
(0.0095677532 -0.021790297 0.013042605)
(0.0092579361 -0.022355135 0.015440736)
(0.021023907 -0.02380186 0.0025256482)
(0.021469692 -0.023043784 0.0036787613)
(-0.011953502 -0.020800109 0.0013045348)
(-0.0078664218 -0.021066485 0.00055419353)
(-0.0084364931 -0.023564077 -0.0009363882)
(-0.0039295923 -0.021590908 -0.0025075561)
(-0.0079682137 -0.019265215 -0.00015368024)
(-0.008783666 -0.021281352 -0.0015634665)
(-0.0051864011 -0.0199204 -0.0027507572)
(0.037486703 0.0017096867 0.12794397)
(0.036310867 -0.0075250246 0.058133768)
(0.036508461 -0.011143115 0.057152661)
(0.034058281 -0.0071673891 0.063116297)
(0.03464753 -0.010808274 0.061987548)
(0.033322009 -0.012675987 0.031342291)
(0.034597397 -0.013188703 0.029964269)
(0.032157917 -0.0022268506 0.13184606)
(0.029168994 -0.0091149642 0.063067227)
(0.029735806 -0.012459991 0.062595955)
(0.031601069 -0.008388037 0.064828813)
(0.031634575 -0.011487505 0.064220783)
(0.031670122 -0.012453518 0.031535813)
(0.030535338 -0.012260265 0.03001631)
(0.014033251 -0.0068084522 0.0054425381)
(0.017049809 -0.0037908956 0.0071126817)
(0.018231904 -0.0081295775 0.0069916667)
(0.016364553 -0.0055583722 0.006336607)
(0.01266862 -0.0044043704 0.00481286)
(0.013702915 -0.0080218861 0.0049514463)
(0.012410189 -0.0056361117 0.0045812686)
(-0.019313342 -0.0086409877 0.0061198782)
(-0.021008544 -0.0091186518 0.0053051794)
(-0.020090413 -0.010566955 0.0075499549)
(-0.019150929 -0.0078198921 0.0052616452)
(-0.017921171 -0.0087824051 0.0073242552)
(-0.019769622 -0.0093719986 0.0062049003)
(-0.018032169 -0.0081612138 0.006416369)
(0.020248507 0.0031407715 0.0023113147)
(0.020171051 0.0024432556 0.0038993567)
(0.02127382 1.0167359e-05 0.0037732211)
(0.019164962 0.00020103466 0.0036933205)
(0.018155654 0.0029151773 0.0027823347)
(0.019219368 0.0013032752 0.0023152506)
(0.017383463 0.0011195484 0.0025614995)
(0.012234668 0.017339591 0.0061033248)
(0.0098968759 0.017511774 0.0079933108)
(0.010529903 0.019890651 0.0060714702)
(0.0099026301 0.015376281 0.0066203645)
(0.010577371 0.017436302 0.0049665022)
(0.0080571082 0.017454427 0.0066322965)
(0.0085419318 0.015582756 0.0054688843)
(0.020651398 -0.014407533 0.0074433565)
(0.021508592 -0.013525719 0.0065768048)
(0.021859809 -0.011792535 0.0074787162)
(0.020130199 -0.01055182 0.0069607854)
(0.019244491 -0.013280232 0.0067645575)
(0.019680593 -0.011845096 0.0075707259)
(0.018259208 -0.010929871 0.0068924328)
(0.0091915936 -0.036787845 0.058572582)
(0.018917073 -0.0004106648 0.019070364)
(0.020074645 -0.00081542739 0.02323388)
(0.017222133 -0.0027454577 0.023033405)
(0.018464588 -0.0030200588 0.027368852)
(0.019355198 0.0090503592 0.012972491)
(0.020769503 0.0084190168 0.011509496)
(0.0098392147 -0.03895738 0.060591844)
(0.015290637 -0.002189823 0.025553017)
(0.016064556 -0.0026534495 0.029397827)
(0.015973873 -0.0032300716 0.025194981)
(0.016952137 -0.0036799016 0.029307055)
(0.017831621 0.0099363354 0.013717355)
(0.016609042 0.010961376 0.014035559)
(-0.020487963 -0.023284689 0.049516339)
(0.017867051 -0.020121285 0.012412103)
(0.01769732 -0.019403013 0.014401754)
(0.01462742 -0.020907478 0.014194872)
(0.014758223 -0.020467592 0.016221379)
(0.024040046 -0.020162646 0.0055130068)
(0.025101039 -0.018992801 0.0054078557)
(-0.024688864 -0.021497845 0.050723305)
(0.010910608 -0.021368243 0.014922939)
(0.01044452 -0.021654224 0.017365487)
(0.01204477 -0.021190374 0.014977126)
(0.012022243 -0.021347451 0.017450507)
(0.022953352 -0.021273137 0.0052683125)
(0.022203658 -0.022134851 0.0045925043)
(0.016270432 -0.016495795 0.10139458)
(0.026252048 -0.01053018 0.033389203)
(0.026202277 -0.013306475 0.033561662)
(0.025556796 -0.011961367 0.043715375)
(0.025282423 -0.014110647 0.042903294)
(0.027936134 -0.011564582 0.019477813)
(0.027896783 -0.010665338 0.015643414)
(0.018246081 -0.014397852 0.1150629)
(0.027029246 -0.010960618 0.059031997)
(0.02707175 -0.013558681 0.058319497)
(0.025806464 -0.011415757 0.052120419)
(0.026164269 -0.014169704 0.051620876)
(0.028544282 -0.012002716 0.023794478)
(0.029191321 -0.012266626 0.027256319)
(-0.0089233436 0.01040585 0.013632976)
(-0.0071870636 0.013302607 0.017491198)
(0.026242635 -0.0010802895 0.051502329)
(-0.0080210711 0.0080320527 0.015914313)
(-0.0066960449 0.011095491 0.019557581)
(-0.017529849 0.01255801 0.0071392441)
(-0.016354579 0.014481423 0.0065672466)
(0.027871912 -0.00069734735 0.052106722)
(-0.0099713923 0.0050111707 0.015692614)
(-0.0082598994 0.0073820418 0.019572044)
(-0.0085414637 0.0062090535 0.01643972)
(-0.0069569345 0.0088979635 0.020250082)
(-0.018913356 0.010409921 0.0070189593)
(-0.020086356 0.0086012803 0.0066890429)
(0.012616078 0.025743085 0.03108288)
(0.010858403 0.026060721 0.032040848)
(0.015230117 0.014689847 0.10108591)
(0.013208846 0.024791212 0.039735808)
(0.012078757 0.025141231 0.042115839)
(0.011782192 0.028043961 0.015266977)
(0.011067747 0.028195894 0.012097589)
(0.013184476 0.016750379 0.11415889)
(0.012469355 0.026156394 0.053731083)
(0.011017186 0.026459062 0.056628362)
(0.013146741 0.025428485 0.047752966)
(0.011563901 0.025315077 0.050197643)
(0.012083014 0.028367377 0.018877853)
(0.012219777 0.028737615 0.021613343)
(0.010528857 -0.02311028 -0.012516474)
(0.012399864 -0.023809212 -0.010350354)
(0.0076999588 -0.024267899 -0.010932908)
(0.011508146 -0.02271144 -0.011186132)
(0.0080136866 -0.022581263 -0.012539339)
(0.0095958509 -0.023082312 -0.010541738)
(0.009342254 -0.021976081 -0.011805643)
(-0.014266776 -0.010324473 0.016637335)
(-0.020330532 0.027602812 0.054953084)
(-0.015693557 -0.0097146482 0.02064865)
(-0.016204305 -0.0066157409 0.019758248)
(-0.017657303 -0.0062188181 0.023448693)
(-0.015586791 -0.016779797 0.010843785)
(-0.013596232 -0.018286186 0.0094076498)
(-0.019690361 0.031347608 0.055995268)
(-0.018382839 -0.0034697828 0.02145083)
(-0.019773215 -0.0026218865 0.025263696)
(-0.017599167 -0.0041164856 0.021206385)
(-0.019126736 -0.0035474963 0.025207869)
(-0.017381234 -0.015308017 0.011872184)
(-0.018585075 -0.014586231 0.012161143)
(-0.0081569956 -0.026139772 0.024592642)
(-0.011430454 -0.026094053 0.026843006)
(-0.011699046 -0.013953691 0.093036845)
(-0.0095413379 -0.024681621 0.035015561)
(-0.011954082 -0.024668138 0.036041216)
(-0.010479736 -0.028371788 0.011360396)
(-0.0097157424 -0.029123817 0.0074730896)
(-0.0096945857 -0.015667474 0.10589403)
(-0.0086588411 -0.024897171 0.049954762)
(-0.010644134 -0.025098412 0.050666988)
(-0.0090276621 -0.024310847 0.043270848)
(-0.01160954 -0.024976947 0.044464017)
(-0.010474848 -0.028137212 0.015669322)
(-0.010266168 -0.02789411 0.018764748)
(-0.016396009 0.0016691683 0.01287422)
(-0.018108005 -0.000247879 0.0092139276)
(0.018920971 0.0044632763 0.045976453)
(-0.015401138 0.0014481533 0.011910741)
(-0.014002826 0.0031484702 0.015388551)
(-0.023305798 0.0027037439 0.0049731109)
(-0.024086563 0.00081898824 0.0039155458)
(0.023581798 0.0034639201 0.048725706)
(-0.011579115 0.0036682244 0.014685829)
(-0.0098150638 0.0061165645 0.018586175)
(-0.012901569 0.0027525341 0.013682865)
(-0.011389571 0.0048927582 0.017602294)
(-0.022208533 0.0048700231 0.0057842784)
(-0.021280357 0.0065985344 0.0062422894)
(-0.021137591 -0.0075356022 0.017318989)
(-0.020513335 -0.0085240862 0.013883787)
(-0.013029064 0.027116201 0.049587937)
(-0.019732551 -0.0058149163 0.017181559)
(-0.020931768 -0.004843055 0.02092058)
(-0.021128849 -0.014121423 0.011260648)
(-0.02166511 -0.014350582 0.010194346)
(-0.01428496 0.03118595 0.053335714)
(-0.01898738 -0.0032128384 0.021068835)
(-0.020085144 -0.0022100897 0.024788112)
(-0.019244434 -0.0038412497 0.019744806)
(-0.02045242 -0.0029501673 0.023450439)
(-0.020369567 -0.013958853 0.011895629)
(-0.019624011 -0.014087983 0.012203188)
(-0.017067987 0.00038916692 0.024359779)
(-0.016587314 -0.0010040787 0.024162208)
(-0.0084872225 0.0028765237 0.085296613)
(-0.015833102 0.0014634269 0.032697611)
(-0.015497953 0.0006415764 0.033416449)
(-0.019913755 9.8547705e-05 0.011411228)
(-0.02012814 -0.0010442386 0.008071535)
(-0.0097293939 0.0016194402 0.097648329)
(-0.017026383 0.0016424939 0.046411662)
(-0.016527033 0.00058012386 0.047185601)
(-0.016474067 0.0018527829 0.040399868)
(-0.015470508 0.0005431035 0.041011739)
(-0.020498685 0.00098459322 0.014980497)
(-0.021024171 0.0017090973 0.017644616)
(-0.018324978 0.0035602276 -0.00094400098)
(-0.019448856 -0.00033560625 0.00084960209)
(-0.018985551 -7.1025372e-05 5.3421611e-05)
(-0.017771954 0.0012744344 -0.0010207465)
(-0.01839956 -0.0019175392 3.1558088e-05)
(-0.017336968 0.0019375257 -0.0020300677)
(-0.016868774 0.00011281967 -0.0016603718)
(-0.017852273 -0.008395209 0.0042208864)
(-0.019141828 -0.0099258381 0.0059861351)
(-0.017497666 -0.0079013043 0.0021929508)
(-0.018411285 -0.0090794618 0.0064247766)
(-0.017937177 -0.0082907744 0.0042896605)
(-0.01662815 -0.0067385053 0.0028688434)
(-0.017175872 -0.0075433299 0.0049659373)
(0.039311269 -0.0019071745 0.0095890234)
(0.039945513 -0.0097146887 0.011477677)
(0.045786372 -0.0091096032 0.010319043)
(0.036536626 -0.0045984148 0.010755365)
(0.041590754 -0.0039253863 0.010423384)
(0.041546125 -0.011251738 0.012239196)
(0.038482322 -0.0061355533 0.012084012)
(0.028252095 0.025927782 0.00020364327)
(0.025181994 0.028106899 -0.0018671024)
(0.031097024 0.028162026 -0.0017507289)
(0.025575003 0.025540384 -0.00030079178)
(0.029919934 0.025968396 0.00037433645)
(0.026206958 0.028321735 -0.00061893681)
(0.026869621 0.025353099 -0.00046811363)
(0.027011334 -0.02425007 0.01256289)
(0.030228962 -0.023237577 0.010884539)
(0.027800827 -0.025899067 0.0046603201)
(0.028242351 -0.02179811 0.016429344)
(0.027927251 -0.024038667 0.01323971)
(0.030735041 -0.022632808 0.011924834)
(0.028931095 -0.021866679 0.016730558)
(0.061386119 0.09511749 0.14060351)
(0.066331655 0.17232427 0.21532405)
(0.072675776 0.11559656 0.15744817)
(0.057965934 0.11124795 0.15529511)
(0.065328808 0.13458373 0.17185385)
(0.057208171 0.072433757 0.1029034)
(0.060791467 0.058561598 0.090345953)
(0.053529266 0.18322022 0.22255026)
(0.041856679 0.13607316 0.18162831)
(0.043608754 0.15925778 0.19692366)
(0.050641433 0.12605586 0.17104391)
(0.05541678 0.14792897 0.18484939)
(0.05159304 0.086625769 0.11952658)
(0.046467804 0.096134897 0.13066565)
(0.10956522 -0.013032822 0.1333028)
(0.17967683 0.0029496746 0.20584174)
(0.13383086 -0.0063763483 0.15022675)
(0.1166996 -0.014467221 0.14027621)
(0.14047321 -0.010374671 0.1565398)
(0.077004409 -0.023111903 0.083575468)
(0.073561506 -0.022470552 0.078313282)
(0.18297747 -0.0075308456 0.20450103)
(0.12125898 -0.023556783 0.14257095)
(0.14323892 -0.023970523 0.1570518)
(0.12072596 -0.018276455 0.14255195)
(0.14342056 -0.016814577 0.15724703)
(0.078828181 -0.024972435 0.086069017)
(0.078308868 -0.027324555 0.087035688)
(0.0075518184 0.034368644 0.050893425)
(-0.0027862277 0.036252108 0.12276024)
(0.010295906 0.034296607 0.048725211)
(0.009845163 0.032950161 0.05447604)
(0.0070178484 0.032590971 0.057368153)
(0.012705998 0.031612055 0.022666359)
(0.013352748 0.032352345 0.020309032)
(0.00098694059 0.031079529 0.12806498)
(0.011309082 0.028678033 0.056966884)
(0.0090793096 0.028416209 0.059825418)
(0.01035865 0.030319354 0.057697827)
(0.0082301306 0.030488479 0.060423678)
(0.01235478 0.030453083 0.023972668)
(0.012158707 0.029727894 0.023436116)
(-0.00055813976 0.14145545 0.16051357)
(0.0085987106 0.1182799 0.14474699)
(-0.013583582 0.18506035 0.21890381)
(0.011702539 0.12838348 0.16071709)
(0.005964209 0.15291248 0.18003505)
(0.027453969 0.094867723 0.11240653)
(0.024215517 0.088567907 0.09689018)
(0.00078002362 0.19246559 0.22877826)
(0.029923994 0.14051057 0.18491501)
(0.030800759 0.16389883 0.20177863)
(0.019703778 0.13808843 0.17966367)
(0.016345723 0.16229134 0.19705749)
(0.033279387 0.10205995 0.13111912)
(0.039493391 0.10180432 0.13553747)
(-0.10191256 0.048871724 0.15139966)
(-0.17888671 0.056742019 0.2279401)
(-0.12278166 0.059448142 0.16694482)
(-0.11885485 0.044468033 0.1702631)
(-0.14347357 0.051241866 0.18780592)
(-0.079627129 0.039751399 0.11643587)
(-0.064749166 0.044085711 0.098968661)
(-0.18832179 0.04036995 0.23157803)
(-0.13769071 0.023836345 0.18087675)
(-0.16166506 0.02434464 0.19881858)
(-0.13141516 0.034790851 0.18013607)
(-0.15511242 0.039531766 0.19822542)
(-0.091641234 0.032617473 0.12841543)
(-0.097284737 0.025273537 0.13016294)
(0.014450745 0.027994151 -0.013172206)
(0.014204693 0.030170551 -0.0053221598)
(0.01912061 0.03461619 -0.011297235)
(0.014008551 0.024994099 -0.0083228634)
(0.019071041 0.030578507 -0.0090264892)
(0.020107561 0.030058931 -0.017484012)
(0.019151327 0.026026568 -0.012168839)
(-0.0040560621 -0.022285406 -0.0091976448)
(-0.008099955 -0.01910324 -0.010979263)
(-0.010065791 -0.020069196 -0.013900047)
(-0.0063697888 -0.020377536 -0.0082113243)
(-0.0071692365 -0.020198073 -0.010425594)
(-0.011006796 -0.015569761 -0.013452256)
(-0.0083812308 -0.017838048 -0.0082043798)
(-0.0062083811 -0.030784704 0.0473532)
(0.0051638393 -0.032991116 0.1168757)
(-0.0038414245 -0.030618263 0.047341246)
(-0.0039600034 -0.029564573 0.052875734)
(-0.0065343068 -0.030209554 0.052824787)
(-0.0087007578 -0.028524097 0.020474782)
(-0.0087090113 -0.028250945 0.017755852)
(0.0014044893 -0.027980233 0.12093747)
(-0.0067609965 -0.026341014 0.05374015)
(-0.0092727336 -0.027022025 0.054451241)
(-0.0056752525 -0.027996212 0.055142933)
(-0.0078746427 -0.028154196 0.055681162)
(-0.0092542804 -0.028223928 0.021699716)
(-0.0096690041 -0.028171492 0.020982796)
(0.11350074 -0.053184002 0.14627228)
(0.1691326 -0.052810718 0.20600079)
(0.091681845 -0.043652221 0.12873311)
(0.10456259 -0.04143821 0.13869262)
(0.12874164 -0.04809379 0.15749341)
(0.063524012 -0.037013513 0.081824615)
(0.053070417 -0.038656607 0.072883989)
(0.17576113 -0.041194032 0.20440048)
(0.11915939 -0.030565098 0.14384419)
(0.14151085 -0.032024171 0.15866082)
(0.11325451 -0.036189442 0.14223402)
(0.13609558 -0.040276184 0.15899639)
(0.071244462 -0.033716694 0.086237053)
(0.076234364 -0.030949644 0.088102558)
(0.016068845 -0.18165261 0.21104972)
(0.0035153183 -0.1081981 0.13813312)
(0.012035029 -0.13275899 0.15657568)
(0.0016420225 -0.11542295 0.14253442)
(0.0075662331 -0.14032315 0.16020753)
(-0.0056805931 -0.071964348 0.081617141)
(-0.0047346475 -0.066920421 0.076786005)
(0.0049436875 -0.18537708 0.21002233)
(-0.01051453 -0.12405211 0.14970721)
(-0.0099748233 -0.14703312 0.16618103)
(-0.0039348271 -0.12128029 0.14650049)
(-0.00067275405 -0.14474432 0.16262452)
(-0.0096298032 -0.076905329 0.087770088)
(-0.013533764 -0.078904774 0.092264633)
(-0.025955397 -0.011740937 0.1104627)
(-0.026226446 0.0020087671 0.042441031)
(-0.025636408 -0.00049005568 0.044013738)
(-0.024597199 0.00053100383 0.047861656)
(-0.023558724 -0.0019115012 0.04977557)
(-0.024901237 0.0051748386 0.017767453)
(-0.025704386 0.0073320501 0.014381975)
(-0.021238586 -0.008319172 0.11385538)
(-0.019758489 0.00092284841 0.049798333)
(-0.018598802 -0.00094976588 0.050881)
(-0.021598631 0.00033504637 0.050816752)
(-0.021069627 -0.0013151021 0.051999907)
(-0.023376422 0.0035143266 0.019617295)
(-0.022338713 0.0024510337 0.019428347)
(-0.18592503 -0.024943956 0.22531135)
(-0.11436867 -0.0034573832 0.14932688)
(-0.13725903 -0.013463225 0.16464101)
(-0.12655987 -0.0018933837 0.16572372)
(-0.15164913 -0.010083623 0.18368727)
(-0.087415124 0.0086649426 0.10777678)
(-0.079612525 0.0085664727 0.093936992)
(-0.19177075 -0.010324865 0.22431308)
(-0.13685552 0.0111049 0.17269072)
(-0.16055687 0.010226548 0.19074652)
(-0.1336823 0.0034552166 0.16998226)
(-0.15749927 -0.0013409743 0.18673144)
(-0.093331117 0.011488528 0.11460269)
(-0.095716237 0.016345589 0.12035736)
(-0.043701103 -0.16817761 0.19769978)
(-0.032841245 -0.087552705 0.11341444)
(-0.042375329 -0.10994808 0.13350219)
(-0.030686101 -0.10177998 0.12837217)
(-0.035960141 -0.12524226 0.14536268)
(-0.026631871 -0.058814633 0.070060265)
(-0.030769474 -0.04810059 0.06024327)
(-0.034352954 -0.17885976 0.20875703)
(-0.019667888 -0.12355699 0.15414942)
(-0.019869833 -0.14686484 0.17074453)
(-0.026315802 -0.11613276 0.1474652)
(-0.028989948 -0.13849444 0.16212002)
(-0.022509374 -0.071997263 0.088532289)
(-0.018856025 -0.078505965 0.096191414)
(-0.01294808 0.026736045 -0.018915303)
(-0.015277188 0.026298444 -0.020467754)
(-0.014043702 0.026538449 -0.022169493)
(-0.016291402 0.024704402 -0.019591734)
(-0.014226137 0.02537661 -0.017925488)
(-0.014336265 0.026502365 -0.01924837)
(-0.015073916 0.024811951 -0.01824788)
(-0.018532165 -0.0012151304 -0.02492329)
(-0.016293611 -0.0042606799 -0.023323155)
(-0.020245268 0.0024904583 -0.03385405)
(-0.018714758 -0.0034299069 -0.017760056)
(-0.019061149 0.00046747225 -0.026329882)
(-0.021525439 0.0023598659 -0.026787761)
(-0.020391146 0.00040521213 -0.018077668)
(-0.021209238 0.01247264 -0.017384194)
(-0.021635305 0.017273298 -0.018588598)
(-0.025111905 0.018257527 -0.021007965)
(-0.022259042 0.018496457 -0.018343261)
(-0.020363115 0.014205206 -0.013983271)
(-0.023583352 0.013961176 -0.016289238)
(-0.022304492 0.015039341 -0.012686472)
(-0.021509443 -0.023923537 -0.019562629)
(-0.022757924 -0.021522547 -0.023984266)
(-0.028052057 -0.013858924 -0.025997796)
(-0.02928205 -0.020862655 -0.039013534)
(-0.032597045 -0.011047872 -0.0390721)
(-0.035170042 -0.013346235 -0.040752476)
(-0.033397583 -0.015974795 -0.041888624)
(-0.0260516 0.023903466 -0.012523069)
(-0.01871613 0.026142477 -0.017126323)
(-0.025420554 0.027491623 -0.016042398)
(-0.020470636 0.028146534 -0.021913609)
(-0.023689683 0.025963451 -0.020171412)
(-0.029257122 0.028713363 -0.023003983)
(-0.028857366 0.026540648 -0.019905287)
(-0.031118601 0.017526104 0.049243818)
(-0.041345373 0.0099804912 0.095645872)
(-0.021589877 0.020726697 0.018456357)
(-0.022669143 0.020486873 0.033812252)
(-0.039406995 0.013278599 0.077967594)
(-0.019805563 0.023422567 0.023293043)
(-0.018815114 0.023405981 0.0095491298)
(-0.038022375 0.02145169 0.05866496)
(-0.055270553 0.012598176 0.11858394)
(-0.017999533 0.029024517 0.019259611)
(-0.024070312 0.027544949 0.038299864)
(-0.046075517 0.013696291 0.08625673)
(-0.02118211 0.026222756 0.024127698)
(-0.016416765 0.027989543 0.0084215643)
(-0.031155916 0.021326156 0.070301086)
(-0.048490257 0.0023101449 0.13361212)
(-0.057951853 0.0042126138 0.14651619)
(-0.026032404 0.020150391 0.052218942)
(-0.028078123 0.024566721 0.056492841)
(-0.049232834 0.0069564516 0.11185836)
(-0.023765219 0.023433807 0.039711799)
(-0.018593215 -0.0097352222 0.027863362)
(-0.016344121 -0.025949375 0.069765663)
(-0.019220166 -0.003170535 0.0048881829)
(-0.017529659 -0.0060925091 0.016202427)
(-0.01567781 -0.020559916 0.050590974)
(-0.017487158 -0.0046424112 0.0081568817)
(-0.019342936 -0.0015805051 -0.00013007466)
(-0.013729474 -0.016895537 0.02972509)
(-0.01695006 -0.039822785 0.08731922)
(-0.015898641 -0.0042317193 0.0034641645)
(-0.014782289 -0.0072671915 0.017830089)
(-0.014996103 -0.02694868 0.056366893)
(-0.015905684 -0.005613366 0.0090635092)
(-0.016757702 -0.0027068 -0.0019726397)
(-0.012906663 -0.015422079 0.044261004)
(-0.02010287 -0.037266645 0.11052211)
(-0.020396698 -0.046192434 0.12057436)
(-0.01580353 -0.0087007399 0.032258137)
(-0.013891034 -0.010409982 0.031561408)
(-0.017752605 -0.034597696 0.08554867)
(-0.016210193 -0.0064783423 0.02043844)
(-0.15530473 -0.083375069 0.18771237)
(-0.17595292 -0.10668612 0.20756641)
(-0.14617145 -0.057391765 0.18699489)
(-0.15945533 -0.0841929 0.21462768)
(-0.16501315 -0.11541323 0.20971854)
(-0.13780351 -0.082385897 0.19245661)
(-0.12400402 -0.053457253 0.15844409)
(-0.12323791 -0.12535213 0.19186001)
(-0.13066848 -0.15709978 0.20829378)
(-0.10354553 -0.11587719 0.19335499)
(-0.12266932 -0.13201468 0.21816243)
(-0.14583399 -0.13930651 0.211124)
(-0.12547339 -0.10168115 0.19565648)
(-0.10316382 -0.085416289 0.16429235)
(-0.14167253 -0.11995251 0.20842211)
(-0.15497554 -0.1150806 0.18471508)
(-0.13229561 -0.13993995 0.18471993)
(-0.15870971 -0.1040247 0.21951889)
(-0.13404275 -0.13457569 0.22081494)
(-0.1572015 -0.13616197 0.20921359)
(-0.14429334 -0.11103203 0.21597451)
(0.019974652 -0.0060762643 0.013408655)
(0.018277254 -0.0031266408 0.012274452)
(0.013765721 -0.011870352 0.019623425)
(0.017496076 -0.0058394645 0.013141589)
(0.017476575 -0.010032311 0.015558616)
(0.019463424 -0.0064349301 0.012008882)
(0.019900398 -0.0042074612 0.01083427)
(0.020680148 -0.012058512 0.012057084)
(0.020777712 -0.01263055 0.010135585)
(0.01246258 -0.016112609 0.017946305)
(0.018679727 -0.01231289 0.01194334)
(0.017026255 -0.012944225 0.01515663)
(0.01967194 -0.0099320656 0.011858523)
(0.021098119 -0.010733182 0.0099145087)
(0.01283996 -0.011651831 0.014529284)
(0.006388882 -0.018087859 0.025183648)
(0.0045973024 -0.019141469 0.024575151)
(0.015474838 -0.0088585354 0.013869375)
(0.015866725 -0.011883065 0.013136536)
(0.012179089 -0.014898105 0.020232996)
(0.017722478 -0.0093638397 0.013144402)
(0.00013961726 0.010234214 0.014422893)
(0.00048609122 0.010858175 0.013231038)
(0.0035958887 0.0043014661 0.018730191)
(-0.0002642307 0.0091988457 0.013832815)
(0.00033538442 0.0073106094 0.015588784)
(-0.0021364955 0.0089541483 0.013309065)
(-0.0011472107 0.010333586 0.012632673)
(-0.0063132386 0.0078922 0.012571753)
(-0.010840287 0.0062150714 0.010073025)
(-0.0016170046 0.0030166983 0.017327096)
(-0.0079872756 0.0056896175 0.011980236)
(-0.0025260463 0.0062673402 0.014754586)
(-0.0059913041 0.0070418047 0.012241954)
(-0.0084212726 0.007166472 0.010284473)
(-0.0023978463 0.004996091 0.013727899)
(0.0064742441 -0.0021810964 0.023746648)
(0.0047497705 -0.0018943214 0.023332806)
(-0.0013341275 0.0071392609 0.013796925)
(-0.0050446426 0.0055501175 0.012994066)
(0.0019992466 0.0029937036 0.019382984)
(-0.0035172076 0.0072820785 0.01345622)
(0.0076719184 -0.02164855 0.0070296002)
(0.0092624325 -0.021612683 0.0063039934)
(-0.00047739409 -0.016557144 0.013590254)
(0.005353023 -0.020032162 0.0086820209)
(0.0024742264 -0.018462427 0.0096817993)
(0.0050056367 -0.020178133 0.0074143347)
(0.0083395983 -0.021455734 0.0050658547)
(0.00045151441 -0.018064022 0.0085477848)
(-0.0015863042 -0.018321451 0.0076825411)
(-0.006816268 -0.01077783 0.01562012)
(-0.0022707632 -0.017371818 0.0094452935)
(-0.00091169823 -0.016072542 0.010719059)
(0.0014136556 -0.019053369 0.0078168071)
(0.001451623 -0.019461308 0.0060694469)
(-0.0041176002 -0.015231996 0.011532386)
(-0.0091951466 -0.0095504249 0.021033625)
(-0.011622602 -0.0054231212 0.022039076)
(0.00076485376 -0.01802507 0.010149354)
(-0.0031306979 -0.016317522 0.010570444)
(-0.0043425279 -0.012973683 0.015630839)
(0.0011206834 -0.018553858 0.009328937)
(-0.024609723 -0.011577719 0.0065418679)
(-0.020379272 -0.008999815 0.0083914914)
(-0.026591756 -0.010779138 0.0056691528)
(-0.022741258 -0.011136858 0.0067712301)
(-0.025713682 -0.010873052 0.0073468427)
(-0.024802496 -0.011616697 0.0073390772)
(-0.025537938 -0.011388259 0.0059791726)
(-0.022557997 -0.012832175 0.0085029603)
(-0.019909556 -0.0085424314 0.010511604)
(-0.021712335 -0.013129154 0.0092333366)
(-0.022098469 -0.011333487 0.0076434193)
(-0.022200128 -0.01220053 0.0097669207)
(-0.02296717 -0.012229331 0.0085113351)
(-0.022242436 -0.012761916 0.0083490054)
(-0.022907541 -0.0094638835 0.0084549792)
(-0.015038484 -0.0046818976 0.014383824)
(-0.015696785 -0.0034246002 0.015504631)
(-0.019529763 -0.0084136763 0.0098123016)
(-0.02442031 -0.010480455 0.008424072)
(-0.022797424 -0.011010916 0.0095585258)
(-0.023859737 -0.011526406 0.0086847455)
(0.025081569 0.0055738076 0.019033774)
(0.023901038 0.0097500937 0.0073746028)
(0.021446512 -0.0074694864 0.05825978)
(0.024894746 0.0079443893 0.013894413)
(0.024140464 -0.0009697826 0.037159908)
(0.025367312 0.0067076087 0.0087561756)
(0.024689986 0.0078783503 0.0054388182)
(0.025801373 0.0012579111 0.019590844)
(0.025981553 0.0037107434 0.0072817634)
(0.023590849 -0.0054421768 0.058406685)
(0.025957912 0.0038455798 0.013443433)
(0.024587647 -0.0021529151 0.037938137)
(0.025768438 0.0046472925 0.0086035867)
(0.025841204 0.0041479274 0.004964918)
(0.026196717 0.0045965406 0.035946684)
(0.019686977 -0.014861691 0.086088838)
(0.020890825 -0.013654124 0.090122532)
(0.025859272 0.0072401713 0.023095678)
(0.026380063 0.0046004723 0.023528671)
(0.022450634 -0.010497519 0.065847929)
(0.025946187 0.0053758014 0.015153397)
(0.018188055 0.019974777 0.02058236)
(0.019599035 0.019772751 0.01045599)
(0.019939012 0.0049953212 0.057694345)
(0.020220099 0.019109309 0.015912998)
(0.020238928 0.01426609 0.038913375)
(0.01985997 0.020285582 0.011578486)
(0.018396171 0.020948328 0.0084224888)
(0.019130901 0.020750634 0.023199761)
(0.020092104 0.022195948 0.010998067)
(0.020305054 0.013858654 0.057300897)
(0.020896818 0.020842061 0.016655518)
(0.020496013 0.016557892 0.037878547)
(0.020291547 0.02160134 0.012163269)
(0.019261214 0.022664162 0.008341909)
(0.021542955 0.017623631 0.035141148)
(0.019396021 -0.00088633641 0.082598002)
(0.019685796 0.0045648221 0.085239688)
(0.020595662 0.019755458 0.023613935)
(0.021365468 0.019877266 0.024880899)
(0.020327284 0.007408977 0.063154466)
(0.020721428 0.02012548 0.017814856)
(0.024525535 -0.021385786 0.014300529)
(0.024210842 -0.022423563 0.0046566823)
(0.0099916254 -0.022957798 0.049234578)
(0.022982 -0.021919407 0.0098029511)
(0.018657444 -0.02315815 0.031934766)
(0.023837196 -0.021583116 0.0071758855)
(0.025020503 -0.02098126 0.0042052382)
(0.023140592 -0.020975373 0.020322303)
(0.024395451 -0.021061153 0.010597357)
(0.017352784 -0.022521966 0.051466063)
(0.023165659 -0.021868176 0.014227674)
(0.019717291 -0.022738471 0.032945616)
(0.024246954 -0.021481892 0.0097664928)
(0.025034377 -0.020406934 0.0078434305)
(0.020647666 -0.022276084 0.028898762)
(0.0037630502 -0.021843302 0.074143591)
(0.0081078957 -0.021842721 0.077721344)
(0.023254199 -0.021633293 0.017480421)
(0.022468987 -0.022204662 0.020287788)
(0.011907701 -0.02278658 0.055227428)
(0.023242425 -0.021794584 0.013289626)
(-0.0071200614 0.024773035 0.018146534)
(0.0052830084 0.018645621 0.056107778)
(-0.011032211 0.025269853 0.005198474)
(-0.00058907811 0.022490944 0.035516691)
(-0.0090539209 0.025669734 0.012015119)
(-0.0081706609 0.026988638 0.0072592086)
(-0.0097294248 0.026499237 0.0031607297)
(-0.00055814596 0.026820736 0.019690788)
(0.0066703174 0.022728721 0.059768408)
(-0.0025255067 0.027763746 0.0063930753)
(0.0031287951 0.024282507 0.037962329)
(-0.0027104496 0.027630016 0.013237022)
(-0.0040016587 0.027544121 0.0077078098)
(-0.003166551 0.027563491 0.003774146)
(-0.0046816266 0.025317861 0.035026635)
(0.012466627 0.015614316 0.08400915)
(0.013059816 0.017511492 0.089638325)
(0.0092853449 0.019619315 0.064741383)
(-0.0075960817 0.025971214 0.021751489)
(-0.0038702953 0.027195107 0.023277267)
(-0.0053683677 0.027262523 0.014302867)
(0.014605948 -0.023811768 0.003094608)
(0.017616123 -0.023333423 -0.0082568858)
(0.0019543108 -0.019147764 0.040794177)
(0.015538371 -0.022827771 -0.0021208245)
(0.0080285361 -0.021364085 0.019178729)
(0.014888509 -0.023974796 -0.0070750681)
(0.016702785 -0.024510934 -0.01104146)
(0.0067427669 -0.02465046 0.0051092157)
(0.0080071977 -0.024505509 -0.0065915775)
(-0.00046607793 -0.020788642 0.043577751)
(0.0083524754 -0.023661156 -0.00022333773)
(0.0039773819 -0.022397638 0.022358893)
(0.010498904 -0.024231425 -0.0062689199)
(0.0091821113 -0.024949562 -0.0097287304)
(0.010780676 -0.022073242 0.018659315)
(-0.0055524062 -0.016936294 0.06757437)
(-0.0069646096 -0.017481556 0.073058325)
(0.014216321 -0.022651554 0.0070436982)
(0.0098036243 -0.023109783 0.0086051326)
(-0.0024780787 -0.019047613 0.048397751)
(0.011956101 -0.023508528 0.00025426727)
(-0.020801405 0.0087571772 0.015288459)
(-0.021044164 0.012938554 0.0073205698)
(-0.006227941 0.010775765 0.051219317)
(-0.015097806 0.01006301 0.032332091)
(-0.01948302 0.013221955 0.013764028)
(-0.020436911 0.011733908 0.0094098904)
(-0.021596253 0.010510723 0.0053711708)
(-0.018222581 0.0074915132 0.019935473)
(-0.01128255 0.0092455419 0.052889241)
(-0.020302185 0.010591 0.0107189)
(-0.015115788 0.009406537 0.032899855)
(-0.019202417 0.011759965 0.016295383)
(-0.020363658 0.011070475 0.010794175)
(-0.020900168 0.0095398903 0.006961809)
(-0.016708846 0.013387522 0.034182556)
(0.00022506776 0.0095227899 0.076055336)
(-0.0031535188 0.0089117753 0.079238037)
(-0.0070893306 0.0097603474 0.056903004)
(-0.019190039 0.013113889 0.022609797)
(-0.018515313 0.012648169 0.024438487)
(-0.019336701 0.012358902 0.016745763)
(-0.022006504 -0.020703918 0.019852171)
(-0.023433162 -0.0042032824 0.059552805)
(-0.023052206 -0.021068566 0.010062855)
(-0.02308098 -0.014125492 0.039022286)
(-0.022532489 -0.019864963 0.016178141)
(-0.022294118 -0.021090836 0.011586341)
(-0.021829903 -0.022197143 0.007805195)
(-0.020885238 -0.021179041 0.023559935)
(-0.021445493 -0.013635154 0.05988397)
(-0.020255319 -0.022799015 0.01053761)
(-0.022300405 -0.016329645 0.04038299)
(-0.021044073 -0.021259213 0.016945848)
(-0.021316969 -0.021894975 0.012146456)
(-0.020097841 -0.023273912 0.00795853)
(-0.022079178 -0.01711835 0.037283702)
(-0.022468464 0.0024323 0.085923253)
(-0.02123918 -0.0025326958 0.088998505)
(-0.022197158 -0.0065863361 0.064993202)
(-0.021700822 -0.019993842 0.02468232)
(-0.02150748 -0.020051825 0.025981401)
(-0.021830713 -0.020678172 0.01828692)
(-0.019893369 -0.011861822 0.0144626)
(-0.019664799 -0.013720044 0.0071230754)
(-0.017783132 0.00019823169 0.04816739)
(-0.018445334 -0.0072146968 0.027873205)
(-0.019297104 -0.01228624 0.011203138)
(-0.018996067 -0.011776214 0.0067960438)
(-0.019671537 -0.012668729 0.0054365782)
(-0.017755817 -0.0088507564 0.01318513)
(-0.016106007 -0.0033477838 0.045783191)
(-0.017739762 -0.0098117817 0.0025727747)
(-0.01718538 -0.0064832181 0.028046064)
(-0.017667966 -0.0097783066 0.0085259665)
(-0.018099561 -0.010631635 0.0052429021)
(-0.01811732 -0.010330458 0.0014606893)
(-0.018484095 -0.0098530356 0.027533131)
(-0.01627674 0.0072768764 0.07323606)
(-0.01538337 0.0039423248 0.074019557)
(-0.016779582 0.001314237 0.052853825)
(-0.019054195 -0.011884435 0.017968613)
(-0.017998885 -0.010202342 0.017145007)
(-0.018394283 -0.010796309 0.011349698)
(0.035666555 0.0063805507 0.045023528)
(0.034245057 0.0013811052 0.02282644)
(0.030221851 0.02170639 0.083564847)
(0.032947333 0.0042436413 0.032373674)
(0.032428543 0.017042685 0.066655443)
(0.03572495 0.0041327196 0.026817088)
(0.036262164 0.0013648632 0.020088317)
(0.036789282 0.016247288 0.052130224)
(0.041194775 0.0077662972 0.030491629)
(0.03481653 0.039735241 0.10903576)
(0.036945154 0.0091326899 0.041859164)
(0.034137722 0.024846955 0.075374621)
(0.037992699 0.0066958975 0.030739341)
(0.040826711 0.0062140714 0.023045992)
(0.028719948 0.013949577 0.065904612)
(0.032940529 0.03451694 0.12619044)
(0.03491654 0.045775618 0.141002)
(0.031389131 0.0066505605 0.049410588)
(0.032794673 0.010555018 0.053938327)
(0.033012749 0.032036165 0.10207378)
(0.034808651 0.0060793492 0.03951463)
(0.025850718 0.034988601 0.048005673)
(0.020160048 0.045187993 0.093653411)
(0.026582116 0.025311268 0.01893765)
(0.022636577 0.042696556 0.075257728)
(0.027622269 0.02562075 0.030593543)
(0.028695658 0.024163911 0.023065348)
(0.027433754 0.024585456 0.013532086)
(0.027108995 0.040998184 0.056651482)
(0.020501735 0.056419451 0.11301151)
(0.031186539 0.025684749 0.022833159)
(0.022219109 0.048325297 0.083013048)
(0.031566453 0.028486242 0.035197175)
(0.030273896 0.026699333 0.024294795)
(0.030039241 0.026313573 0.014827539)
(0.028872165 0.032786899 0.061907785)
(0.013237805 0.051351577 0.13182587)
(0.013851313 0.058982667 0.14262741)
(0.017152964 0.051675316 0.10895393)
(0.028154307 0.028034929 0.045596644)
(0.030428157 0.029947356 0.04922446)
(0.029588375 0.026411262 0.035459424)
(0.035452486 -0.026441084 0.04621248)
(0.025920215 -0.025851462 0.019457501)
(0.04536264 -0.021844519 0.090102832)
(0.025567866 -0.0271166 0.028183101)
(0.042550976 -0.023943077 0.07167156)
(0.023916349 -0.027956833 0.020994558)
(0.025251687 -0.026458709 0.014590689)
(0.038924886 -0.028947903 0.052211061)
(0.021203012 -0.02981616 0.015200999)
(0.055080245 -0.023001098 0.10855407)
(0.025199162 -0.031205279 0.027878041)
(0.047322232 -0.024130705 0.078489509)
(0.024534996 -0.02973422 0.019281454)
(0.023225076 -0.028797513 0.0099547394)
(0.031663741 -0.028747484 0.055651381)
(0.051564703 -0.015700453 0.12788155)
(0.058869933 -0.016255662 0.13887289)
(0.02733435 -0.027921434 0.040640087)
(0.027797 -0.030305159 0.04257515)
(0.051527126 -0.019246039 0.10479647)
(0.025058999 -0.029276756 0.030542961)
(-0.0064238936 0.030356798 0.040302768)
(-0.00092473177 0.030083036 0.016983614)
(-0.022057617 0.027778144 0.081764814)
(-0.017325183 0.028122368 0.06477068)
(-0.0037974528 0.028613499 0.028502762)
(-0.0021852908 0.028685288 0.021216278)
(3.2320323e-05 0.030042606 0.012253529)
(-0.017643226 0.02789341 0.050853362)
(-0.040918305 0.031170229 0.11779913)
(-0.0042803861 0.029806712 0.022855862)
(-0.025547521 0.029811824 0.076931433)
(-0.0081721175 0.028299643 0.039434826)
(-0.0047466178 0.028250121 0.024947821)
(-0.003293525 0.028527206 0.012263507)
(-0.014266529 0.025351331 0.067730729)
(-0.034737604 0.031296751 0.13198359)
(-0.046353456 0.03231528 0.14947843)
(-0.032484159 0.030829118 0.10666875)
(-0.0064230966 0.027468444 0.048837575)
(-0.010810154 0.026916646 0.054158448)
(-0.0050711195 0.02811255 0.037097349)
(0.0075867 -0.024250557 0.03022096)
(0.022740515 -0.021760899 0.072430941)
(0.0022027831 -0.024324766 0.0080994068)
(0.017668544 -0.021952106 0.054022038)
(0.0046568715 -0.023256794 0.019110112)
(0.0039241938 -0.02416558 0.01222172)
(0.0016611579 -0.024622577 0.0042079878)
(0.015419695 -0.022248096 0.03861179)
(0.03869009 -0.024934661 0.099097119)
(0.004688032 -0.027416513 0.013627015)
(0.024714983 -0.022833335 0.064561375)
(0.007092763 -0.0254147 0.02641971)
(0.0054195091 -0.025136155 0.01566637)
(0.0042302423 -0.025592988 0.0065158856)
(0.013849539 -0.019991496 0.051676436)
(0.034843096 -0.025120405 0.11808618)
(0.044995866 -0.026228126 0.13138868)
(0.032274339 -0.023887262 0.093203579)
(0.0070399898 -0.022277274 0.037237896)
(0.0095272293 -0.022829711 0.039552736)
(0.005585118 -0.024078916 0.026143121)
(-0.018071343 -0.030722036 0.049397636)
(-0.016643091 -0.018625878 0.013196137)
(-0.014915788 -0.043590812 0.10189939)
(-0.015942263 -0.040499522 0.082333447)
(-0.018553436 -0.020199126 0.028077783)
(-0.018440141 -0.015567522 0.016037734)
(-0.016631609 -0.014794631 0.0038873902)
(-0.016911767 -0.034916812 0.058436607)
(-0.013669655 -0.054774448 0.11979629)
(-0.015747607 -0.0099833008 0.0070523009)
(-0.014001241 -0.045829192 0.09008954)
(-0.018782424 -0.018738155 0.025140312)
(-0.017006079 -0.015744679 0.013641996)
(-0.014559894 -0.0096502077 -0.0018467581)
(-0.019719388 -0.02941354 0.062378696)
(-0.0095340158 -0.050295146 0.14385174)
(-0.0095088375 -0.058692725 0.15212607)
(-0.011383343 -0.050467771 0.11961759)
(-0.01905515 -0.023749221 0.045604991)
(-0.01970697 -0.024291001 0.044805876)
(-0.019105037 -0.0196507 0.030390035)
(0.15193547 0.11105932 0.20355693)
(0.15607264 0.14206375 0.21777681)
(0.13387979 0.10123378 0.20209816)
(0.17202757 0.11983835 0.22357924)
(0.15223834 0.11466239 0.22955225)
(0.15430263 0.085171826 0.20957799)
(0.13514952 0.074859836 0.18111976)
(0.17873556 0.060628025 0.19946967)
(0.1964358 0.080151473 0.2148849)
(0.16573344 0.031124064 0.19583524)
(0.18775291 0.092933617 0.22038601)
(0.18302584 0.056036432 0.22496714)
(0.16598251 0.059575279 0.20615213)
(0.15025971 0.032175996 0.17467436)
(0.1618934 0.094274661 0.21412394)
(0.15036897 0.12126326 0.18990724)
(0.17149777 0.090762978 0.18875582)
(0.1773485 0.11396706 0.21742353)
(0.15941917 0.11331131 0.23029291)
(0.18155673 0.076150841 0.22834536)
(0.17042387 0.087572655 0.2274817)
(-0.076625677 0.16595537 0.20240056)
(-0.046038564 0.15747047 0.20743057)
(-0.095296939 0.17916689 0.21372906)
(-0.10836155 0.17308259 0.21981564)
(-0.073511869 0.1665468 0.22962998)
(-0.077094221 0.14854468 0.20939089)
(-0.046854734 0.13890649 0.18065543)
(-0.12149588 0.13502937 0.19709509)
(-0.15147712 0.1403696 0.21107106)
(-0.11373316 0.11361531 0.19890164)
(-0.13365425 0.15534769 0.21692509)
(-0.12728304 0.13199382 0.22267481)
(-0.097320905 0.13543066 0.20510569)
(-0.083639646 0.11390609 0.17260601)
(-0.10936875 0.14329146 0.20982672)
(-0.10422959 0.15513354 0.18572489)
(-0.13276227 0.13659693 0.18590476)
(-0.12837701 0.16272023 0.21368157)
(-0.093179833 0.16245906 0.22749362)
(-0.12768909 0.14082661 0.2245748)
(-0.1045553 0.15240168 0.2261004)
(0.12889818 -0.12460639 0.18432799)
(0.1167479 -0.10381096 0.17622)
(0.16160683 -0.13783366 0.20703399)
(0.14226246 -0.15015889 0.21203406)
(0.13540388 -0.12693048 0.21033453)
(0.11009769 -0.12867883 0.19475016)
(0.094973394 -0.10428809 0.15836459)
(0.091715886 -0.16811213 0.20897993)
(0.10818555 -0.18717991 0.22233425)
(0.064838336 -0.16209679 0.21474478)
(0.12145747 -0.17347169 0.22341461)
(0.089354375 -0.17449451 0.23659777)
(0.091949627 -0.15068093 0.20985489)
(0.065822942 -0.14090889 0.18689358)
(0.12210784 -0.15128291 0.21432925)
(0.143313 -0.13898383 0.18799191)
(0.11591169 -0.16203715 0.19169087)
(0.13917005 -0.16313148 0.21569655)
(0.13814096 -0.1410405 0.22094194)
(0.10733409 -0.17038347 0.23278993)
(0.11661429 -0.15174675 0.22284122)
(-0.0060327506 -0.038935934 0.064231985)
(-0.0050485989 -0.03989984 0.073875388)
(-0.034323133 -0.064357586 0.1066901)
(-0.021910072 -0.050199011 0.090177482)
(0.023467028 -0.0073319331 0.017262943)
(0.0094405637 -0.022333819 0.038428003)
(0.010586479 -0.022976701 0.045521564)
(-0.013564682 -0.034560824 0.063784249)
(-0.014912954 -0.035121746 0.072677169)
(-0.04756303 -0.053735146 0.10767341)
(-0.026577235 -0.044623971 0.089359864)
(0.022924379 -0.01161601 0.015803021)
(0.0087461499 -0.020740958 0.036170637)
(0.0084369847 -0.021238939 0.041602529)
(-0.0027892977 -0.033806442 0.0780292)
(-0.0064043626 -0.032173184 0.077495391)
(-0.037571605 -0.057284903 0.12429162)
(-0.019429764 -0.042226224 0.090766862)
(0.023102843 -0.010682518 0.019909003)
(0.012314049 -0.019912509 0.04559935)
(0.010770782 -0.019548739 0.044220495)
(0.0056069375 -0.024760544 0.048530917)
(0.02655821 -0.0050710128 0.010544224)
(0.02628401 -0.0077297873 0.010374097)
(0.026196668 -0.0071716021 0.010605801)
(0.022195648 -0.010774667 0.017576634)
(0.022550198 -0.011147815 0.021091015)
(0.021777402 -0.011744609 0.019535179)
(0.0028216013 -0.026360375 0.036105278)
(-0.0032573657 -0.033877836 0.051156946)
(-0.0060450597 -0.03137796 0.050365508)
(0.018232683 -0.014056633 0.018732153)
(0.017367935 -0.014234558 0.018213376)
(0.023384049 -0.0085221974 0.012302666)
(0.013902673 -0.017507415 0.026618459)
(0.01614964 -0.015724825 0.026021422)
(0.024898922 -0.0020024787 0.0098466658)
(0.02392425 -0.0060906991 0.012257635)
(0.025036442 -0.0047702907 0.010340647)
(0.025363223 -0.0033143665 0.011045737)
(0.023128751 -0.0077487462 0.015057266)
(0.024726183 -0.0026588755 0.0088871202)
(0.014798288 -0.016764996 0.024216853)
(0.025773178 -0.0093724729 0.0088653274)
(0.02387411 -0.0098223224 0.01166343)
(0.025299547 -0.0071930231 0.0099425826)
(0.02590797 -0.0086625307 0.010060822)
(0.023213628 -0.010231871 0.014842683)
(0.025440407 -0.0078353626 0.0082227585)
(0.010619505 -0.026643224 0.066881629)
(0.0020563955 -0.032089911 0.07025733)
(0.0033758505 -0.03296231 0.075177038)
(0.02272337 -0.0067043707 0.028280581)
(0.023625664 -0.010795412 0.030228432)
(0.02693648 -0.0032828777 0.014782992)
(0.01635204 -0.01635797 0.040117241)
(0.018958773 -0.014824734 0.035282)
(0.026913609 -0.0040574278 0.0087108938)
(0.02660277 -0.0051027441 0.014451886)
(0.026870189 -0.0033422216 0.0091933322)
(0.026281878 -0.0061851199 0.010479249)
(0.024362948 -0.0086011769 0.018771057)
(0.026227746 -0.0036797253 0.0070428985)
(-0.0015764791 -0.026386688 0.064418439)
(-0.0070964496 -0.03078756 0.068319221)
(-0.0056428446 -0.029475529 0.074620572)
(0.019202305 -0.017682522 0.027996241)
(0.018139399 -0.016443105 0.031498682)
(0.025055837 -0.013081635 0.016018017)
(0.014532236 -0.018192997 0.03657198)
(0.028603688 -0.02021302 0.064991262)
(0.030139925 -0.021626623 0.075417178)
(0.049273202 -0.05271822 0.10852521)
(0.040434597 -0.03347612 0.091567652)
(0.0072873301 0.016398748 0.018635331)
(0.016103776 0.00086575014 0.038899252)
(0.017454867 0.001136709 0.045474168)
(0.033482387 -0.014177922 0.065303124)
(0.035440088 -0.012606027 0.075805368)
(0.059447316 -0.040567212 0.10808347)
(0.044984416 -0.027700397 0.091153285)
(0.0035580993 0.017533028 0.018030281)
(0.017729362 0.0020160722 0.039990768)
(0.018657422 0.0045473521 0.046556207)
(0.02891352 -0.011204271 0.079633618)
(0.031044139 -0.0086620159 0.080429327)
(0.054334357 -0.042738945 0.12657519)
(0.038420604 -0.02419647 0.091720894)
(0.0084339825 0.019357386 0.021354967)
(0.016415039 0.0055287593 0.046565548)
(0.016476111 0.0076647084 0.046477732)
(0.020704161 -0.00084908819 0.050796804)
(0.0041757222 0.02098407 0.012460392)
(0.0017870305 0.021561983 0.011717839)
(0.0046791606 0.022244679 0.012060156)
(0.0068099193 0.015765236 0.019616085)
(0.008598697 0.016273686 0.022195184)
(0.0079583701 0.017521239 0.022626049)
(0.022234707 -0.0069032655 0.068564086)
(0.026365781 -0.013128628 0.071634251)
(0.025779437 -0.010982932 0.077261606)
(0.013370257 0.014274784 0.031374411)
(0.012950272 0.014096126 0.033973227)
(0.0096585841 0.020881962 0.018627515)
(0.014653789 0.0087687719 0.039912041)
(0.013755082 0.012390255 0.037026133)
(0.0081535388 0.025010714 0.0095857602)
(0.009527352 0.022493896 0.016280241)
(0.0080580602 0.023272563 0.011431995)
(0.0067276508 0.02310758 0.011577777)
(0.009245575 0.019071876 0.020226708)
(0.0071707445 0.024022575 0.0081230985)
(0.024134675 0.0055872571 0.067600271)
(0.028846668 -0.0042669386 0.071612272)
(0.029259821 -0.0019150283 0.075942549)
(0.0047193418 0.01886626 0.028427787)
(0.0088578796 0.020899565 0.030260122)
(0.0016764788 0.024586088 0.014628525)
(0.013156118 0.01207464 0.039820673)
(-0.025946147 0.0064720572 0.054413839)
(-0.026505247 0.0051488017 0.061622306)
(-0.055700193 0.035883904 0.10099292)
(-0.039901102 0.023667061 0.082236987)
(0.0059227867 -0.023208705 0.0051594187)
(-0.0085740393 -0.0090481162 0.026788317)
(-0.0093935886 -0.010633968 0.032138952)
(-0.023664342 0.016977587 0.05892555)
(-0.025402076 0.018524094 0.06896763)
(-0.046253855 0.049409122 0.10422109)
(-0.035613728 0.029291664 0.08354509)
(-0.00087517804 -0.02092259 0.0088359237)
(-0.0088676914 -0.0063050894 0.028389388)
(-0.0108233 -0.0056043889 0.035193552)
(-0.023627598 0.004672107 0.067852756)
(-0.02277953 0.0091399083 0.070164972)
(-0.049527948 0.040708686 0.11918792)
(-0.03388758 0.022138012 0.084099381)
(-0.0014840062 -0.022094511 0.0098507357)
(-0.0090487341 -0.011359163 0.034197052)
(-0.0099637059 -0.0085288903 0.03613819)
(-0.013458725 -0.0039543278 0.039043664)
(0.0068702099 -0.026546348 -0.00088493615)
(0.0029814055 -0.025951411 0.0010386428)
(0.0027473062 -0.026021991 0.00018145573)
(0.001235804 -0.021290397 0.0078097526)
(0.00037503389 -0.022083848 0.0093115995)
(-0.0014753119 -0.020596401 0.010443754)
(-0.015492589 -0.010201129 0.051486414)
(-0.01904122 -0.0026796624 0.055102933)
(-0.0213737 -0.0030627208 0.06089606)
(0.0051231533 -0.023314609 0.012505193)
(-0.00033948609 -0.023698201 0.015071531)
(0.0066324538 -0.027247962 0.0011529437)
(-0.0042604051 -0.016898695 0.025224254)
(0.00033953484 -0.017993768 0.018060934)
(0.013524901 -0.026742132 -0.0052738871)
(0.010225918 -0.026070126 3.8507303e-05)
(0.010158051 -0.027249904 -0.0044390997)
(0.010390865 -0.026603626 -0.0030108241)
(0.0060207796 -0.024087802 0.0040558983)
(0.012047835 -0.027018364 -0.0067045099)
(-0.0049514052 -0.018686926 0.022394438)
(0.0031545523 -0.028189142 -0.0033127352)
(0.0034534114 -0.026920691 0.0016199173)
(0.0059776578 -0.027861996 -0.0038763463)
(0.0023495092 -0.027017612 -0.00082891924)
(0.00097714547 -0.024222731 0.0066900093)
(0.0046612071 -0.027872901 -0.0055693674)
(-0.020934969 0.0062988569 0.065615278)
(-0.022940273 0.011885632 0.066696949)
(-0.021389633 0.0092525002 0.070755281)
(-0.011928811 -0.016127688 0.026511272)
(-0.010908153 -0.015852987 0.028583931)
(-0.0072831423 -0.023534264 0.012031764)
(-0.010024372 -0.011473029 0.03193961)
(-0.010795862 -0.010642014 0.027927487)
(-0.0052396633 -0.024558832 0.0043144004)
(-0.0077957437 -0.022148191 0.010683335)
(-0.0049226702 -0.025309651 0.0042928071)
(-0.0010216669 -0.025112972 0.0030596528)
(-0.0048027702 -0.021191362 0.011716423)
(-0.0027700562 -0.025618076 0.0010695811)
(0.013343414 0.014430057 0.050624256)
(0.015229313 0.016016146 0.059732559)
(0.04765872 0.040659229 0.098426174)
(0.028691056 0.030430304 0.078279609)
(-0.018565862 -0.0062854071 0.0085874343)
(-0.006332481 0.0017768641 0.024446695)
(-0.0049056366 0.0028505133 0.030462651)
(0.0060558776 0.021131625 0.051201198)
(0.0058640279 0.022977979 0.060047526)
(0.034452026 0.052761485 0.09761894)
(0.022962396 0.035704284 0.078524506)
(-0.018388927 -0.0082870755 0.010101836)
(-0.0078511639 0.003538878 0.025427525)
(-0.0078415496 0.005101944 0.032403747)
(0.0099094376 0.015777855 0.064712962)
(0.0064565449 0.018384828 0.064756016)
(0.039839143 0.045666902 0.11431029)
(0.021939279 0.029038885 0.080053974)
(-0.015802472 -0.0044157496 0.012435604)
(-0.00578175 0.0030627596 0.033827532)
(-0.0077585857 0.0041036558 0.034188321)
(-0.0022925757 0.0075973775 0.036779083)
(-0.021265087 -0.0086352081 0.0044611245)
(-0.020874338 -0.010090095 0.0051849138)
(-0.0198555 -0.0080129678 0.0047126451)
(-0.01772842 -0.0064307153 0.0098133583)
(-0.016187763 -0.0051755961 0.011304831)
(-0.016875004 -0.0050191539 0.012294307)
(-0.0032129211 0.0060099645 0.023985784)
(0.0053586033 0.010813493 0.037183222)
(0.0027544655 0.014533665 0.038235597)
(-0.015146245 -0.0061315723 0.0091581514)
(-0.016505772 -0.0050118343 0.0095361109)
(-0.020355914 -0.0095960111 0.0064243197)
(-0.012299224 -0.0023005206 0.015459385)
(-0.012888002 -0.0035419831 0.014136733)
(-0.022633844 -0.0090683126 0.0035242956)
(-0.020727355 -0.0093277312 0.0056357505)
(-0.02204345 -0.010268061 0.0049981892)
(-0.021884162 -0.0087131101 0.0047539561)
(-0.019648706 -0.0078066662 0.0080078787)
(-0.022454579 -0.0094852783 0.0036359182)
(-0.014230136 -0.0027726207 0.01542212)
(-0.021644836 -0.011773299 0.0065963821)
(-0.020795111 -0.010118151 0.0072538508)
(-0.021708836 -0.011144417 0.0059695159)
(-0.021028373 -0.011062245 0.0066349154)
(-0.019137857 -0.0091108149 0.0087402491)
(-0.021722086 -0.011573997 0.0057848355)
(0.0050099104 0.0080515751 0.054815139)
(0.0085784507 0.011800165 0.055560559)
(0.0088443756 0.010860626 0.061115456)
(-0.015729814 -0.0013264798 0.018799337)
(-0.013049864 -0.002022279 0.021377508)
(-0.019213327 -0.0043897732 0.0088702497)
(-0.0095642912 -9.1527482e-05 0.026521805)
(-0.010513052 -0.00071243767 0.024895396)
(-0.020268552 -0.0052397998 0.0039231159)
(-0.018753436 -0.0042000257 0.0086390723)
(-0.020230312 -0.0052321798 0.0042562853)
(-0.019125909 -0.0064971234 0.0048132037)
(-0.016039579 -0.0042567282 0.011346907)
(-0.020376055 -0.0058375104 0.0022071017)
(-0.007161695 0.012074453 0.05208455)
(-0.00061178792 0.015711026 0.054975513)
(-0.00028603309 0.016702033 0.059674546)
(-0.017640055 -0.0063682239 0.018861242)
(-0.017544191 -0.0030932699 0.019844418)
(-0.019846222 -0.0085887739 0.0092874132)
(-0.012158893 0.00073108588 0.027946071)
(0.089813611 0.059820631 0.19332968)
(0.098700597 0.049120888 0.19895971)
(0.10760658 0.082215714 0.23592981)
(0.11233044 0.076488129 0.22036351)
(0.067157944 0.0061711425 0.091296162)
(0.084241182 0.04128852 0.1503747)
(0.091014464 0.032075041 0.15551406)
(0.10613731 0.094866081 0.20748691)
(0.12577914 0.10802504 0.21986381)
(0.12157513 0.11497838 0.23823217)
(0.11741878 0.094928158 0.21766892)
(0.082076395 0.032393045 0.1095536)
(0.0917688 0.059489276 0.1610095)
(0.11058151 0.069678579 0.17263084)
(0.13093726 0.058775051 0.20645009)
(0.14961779 0.077148397 0.21920955)
(0.14130438 0.088645898 0.23661226)
(0.13128334 0.080846994 0.22057454)
(0.090554978 0.014887447 0.11133471)
(0.10734233 0.039027334 0.16679859)
(0.12262775 0.055824363 0.17548892)
(0.10460516 0.052930375 0.1728488)
(0.06166499 -0.005341922 0.061468277)
(0.069143872 0.0022556112 0.068770148)
(0.065819246 -0.0042075817 0.064070543)
(0.077124219 0.020162637 0.10637255)
(0.077802585 0.011554574 0.10359173)
(0.091045804 0.027288159 0.12004456)
(0.067674492 0.055497573 0.1587807)
(0.079839921 0.061501614 0.18160679)
(0.087724716 0.076832737 0.18709755)
(0.05647417 0.023995835 0.098469602)
(0.063192072 0.035877134 0.11102706)
(0.054952838 0.011103539 0.067592933)
(0.073928703 0.042625272 0.13398157)
(0.064312075 0.025611114 0.11536194)
(0.047106981 -0.0093255831 0.035869536)
(0.050882728 0.0025205245 0.058199359)
(0.050436968 -0.0048319275 0.041192556)
(0.051007805 -0.0086059024 0.0434461)
(0.06017015 0.011285591 0.079400116)
(0.046170446 -0.013351847 0.025984206)
(0.079278784 0.053060389 0.13490626)
(0.058781526 0.0050042229 0.045926624)
(0.05948326 0.019020557 0.072696927)
(0.054912091 0.0017864222 0.046589032)
(0.061345188 0.0053443194 0.054908191)
(0.066588407 0.020992058 0.086088142)
(0.054255628 -0.0055132223 0.031845546)
(0.088166352 0.015521845 0.15480525)
(0.097742396 0.034056666 0.18589485)
(0.11073193 0.038349164 0.1859593)
(0.068394864 -0.0014067204 0.1033946)
(0.075873538 0.0010622028 0.10792759)
(0.060833364 -0.01020032 0.071188058)
(0.087624449 0.018667347 0.13879911)
(0.095789356 0.018205651 0.13294177)
(0.053127928 -0.020507805 0.039728865)
(0.063507212 -0.012543572 0.065758958)
(0.052729307 -0.0184853 0.04214458)
(0.062404586 -0.011741575 0.053679647)
(0.075485009 0.0022497139 0.092618111)
(0.045643599 -0.023244965 0.023254857)
(-0.051197652 0.094134705 0.19134009)
(-0.06085556 0.087079886 0.18647721)
(-0.084757446 0.10418671 0.23209298)
(-0.078552057 0.10818826 0.21405887)
(-0.0069290394 0.061390297 0.080103172)
(-0.033833524 0.085789434 0.14649438)
(-0.041890433 0.079427252 0.14055956)
(-0.063494296 0.12642649 0.20495006)
(-0.082425665 0.14402963 0.2161658)
(-0.094437839 0.13689251 0.2361215)
(-0.083641591 0.1256648 0.21537758)
(-0.017094697 0.086438983 0.10545899)
(-0.04167009 0.10235072 0.16062093)
(-0.058327623 0.11621231 0.16716616)
(-0.096341124 0.10437986 0.20720031)
(-0.11031433 0.12214509 0.21454492)
(-0.11716099 0.12072647 0.23621067)
(-0.096365021 0.11416834 0.21267434)
(-0.033657905 0.074429066 0.099638652)
(-0.060522716 0.087360616 0.15433719)
(-0.071258926 0.10412458 0.16268272)
(-0.054914464 0.098864742 0.16345316)
(0.0040216438 0.055988086 0.051314814)
(0.002403843 0.061595409 0.056572606)
(-0.0037357096 0.061700395 0.057554462)
(-0.013295407 0.072613612 0.094610317)
(-0.020971615 0.07031962 0.094759095)
(-0.029285971 0.084367902 0.1093659)
(-0.019375026 0.085549711 0.15549111)
(-0.036991051 0.093588241 0.18125662)
(-0.042436178 0.10742615 0.18605305)
(-0.00067053131 0.06565004 0.10008946)
(-0.0040633562 0.07409651 0.10819108)
(0.0085768159 0.058773893 0.068256269)
(-0.021128748 0.083859446 0.13407956)
(-0.012288494 0.069358725 0.11479328)
(0.017167289 0.040532273 0.023259557)
(0.012192146 0.048117923 0.048049671)
(0.01771576 0.044390169 0.030608617)
(0.01247734 0.047394959 0.036985232)
(0.00028014247 0.060709975 0.076057898)
(0.020012913 0.038514555 0.013090686)
(-0.021823248 0.093365833 0.13301097)
(0.019410845 0.053655247 0.039845931)
(0.010458266 0.062830715 0.065723687)
(0.017401744 0.051817695 0.039886557)
(0.010305626 0.060919109 0.051054195)
(-0.0042030953 0.072627753 0.08853704)
(0.022996323 0.045895472 0.021610714)
(-0.056069511 0.066101785 0.16141939)
(-0.061962671 0.077771988 0.18143165)
(-0.07748415 0.086261749 0.18944134)
(-0.024065961 0.053712412 0.096960134)
(-0.03691803 0.060186859 0.11245588)
(-0.01132382 0.049717552 0.063307429)
(-0.042923981 0.070134401 0.13056123)
(-0.054263495 0.075811103 0.13533714)
(-0.0057879452 0.050601256 0.041824021)
(-0.020271986 0.053868519 0.071562645)
(-0.0024624192 0.047221605 0.039692215)
(-0.0068539515 0.053306715 0.047403267)
(-0.022029609 0.060445939 0.080342738)
(0.004817077 0.045424352 0.023387679)
(0.064726569 -0.079788388 0.18206566)
(0.056775506 -0.089285747 0.19238292)
(0.088251169 -0.098598849 0.22912008)
(0.083552269 -0.10173191 0.21185079)
(0.014125742 -0.052539529 0.077876556)
(0.047237979 -0.071076273 0.13637484)
(0.040417475 -0.080449146 0.14842639)
(0.098359735 -0.093874064 0.19672919)
(0.11355396 -0.11144159 0.20659516)
(0.11833578 -0.11144897 0.22848833)
(0.10065836 -0.10614517 0.20738765)
(0.040236446 -0.061408661 0.091828455)
(0.065073279 -0.077191263 0.14605018)
(0.077690359 -0.094589327 0.15905482)
(0.070927887 -0.12347753 0.20974778)
(0.090159902 -0.1391261 0.22026599)
(0.098544393 -0.13321353 0.23742992)
(0.08967655 -0.12023617 0.21584133)
(0.027929803 -0.077114862 0.10749623)
(0.049727797 -0.097236675 0.16454874)
(0.067096866 -0.10903251 0.16985039)
(0.061742727 -0.091100698 0.16264224)
(0.0053670176 -0.043769343 0.04758884)
(0.01239324 -0.047682292 0.051770875)
(0.0085316711 -0.048231852 0.053573285)
(0.028162071 -0.05929453 0.089845104)
(0.022574323 -0.064359731 0.095924986)
(0.038242024 -0.074262728 0.10864066)
(0.056932791 -0.056323837 0.14903242)
(0.064533188 -0.069409477 0.17120953)
(0.078768795 -0.076018598 0.17829004)
(0.027508775 -0.043369337 0.086932824)
(0.039175228 -0.048482154 0.10085001)
(0.016323168 -0.038240111 0.05502106)
(0.046698289 -0.06053812 0.12174857)
(0.030342339 -0.051948311 0.10262512)
(-0.0021126204 -0.029974921 0.018379431)
(0.0075912112 -0.035455569 0.042609475)
(0.0018881611 -0.031200517 0.024257334)
(0.000583906 -0.032358127 0.026441081)
(0.018053149 -0.044269752 0.06497148)
(-0.0049089442 -0.025315682 0.0063084205)
(0.057103156 -0.063851546 0.12476409)
(0.010981626 -0.035217295 0.031047669)
(0.024191211 -0.040146144 0.060410454)
(0.0092474569 -0.033053615 0.030911584)
(0.014738059 -0.037788291 0.038202506)
(0.028312002 -0.048400901 0.072761272)
(0.0026214328 -0.028510461 0.012819495)
(0.026895442 -0.082567432 0.15548214)
(0.043153476 -0.090643039 0.1878338)
(0.049705198 -0.10436149 0.18771143)
(0.0092190494 -0.059880467 0.10078119)
(0.014187152 -0.068116751 0.10554112)
(0.0018084818 -0.049218996 0.063853463)
(0.029372306 -0.078952668 0.13827343)
(0.032094021 -0.087148753 0.13253384)
(-0.0051562355 -0.035484984 0.026085261)
(0.002464916 -0.051045615 0.058122023)
(-0.004815067 -0.036966808 0.030474168)
(0.0024139056 -0.046082959 0.0450134)
(0.01490034 -0.06338402 0.088331175)
(-0.0095762501 -0.025037029 0.0054850094)
(0.11765997 -0.1434645 0.20886683)
(0.11664066 -0.12505181 0.20234528)
(0.10362582 -0.14203519 0.21228658)
(0.083763167 -0.10315139 0.14929416)
(0.073246214 -0.1186297 0.16101558)
(0.045343249 -0.083352845 0.10121033)
(0.077517901 -0.1075251 0.15787617)
(-0.083228747 -0.05893358 0.18329689)
(-0.074939704 -0.066935456 0.17917705)
(-0.094287357 -0.090291413 0.22311121)
(-0.096669991 -0.08437339 0.20437394)
(-0.050094044 -0.010876423 0.069960068)
(-0.074624139 -0.039855919 0.13761761)
(-0.06678409 -0.0475564 0.13264874)
(-0.11717413 -0.071049904 0.20189696)
(-0.13289469 -0.089152802 0.21253419)
(-0.12674214 -0.10056984 0.23197496)
(-0.1143941 -0.08963772 0.20844973)
(-0.074819878 -0.021329158 0.097914455)
(-0.091784538 -0.04791898 0.15465434)
(-0.10371326 -0.063559533 0.15963178)
(-0.089602792 -0.10051355 0.19984303)
(-0.10772014 -0.11421065 0.20788406)
(-0.10699046 -0.11895737 0.22800798)
(-0.10178772 -0.10110027 0.20426278)
(-0.061091323 -0.036901226 0.092071189)
(-0.074074232 -0.065315161 0.14733973)
(-0.090931022 -0.075784907 0.15462868)
(-0.086205852 -0.060040535 0.1537892)
(-0.043857732 0.0022622071 0.039317315)
(-0.048395775 0.00036702124 0.044479179)
(-0.048137764 -0.0052292866 0.045852923)
(-0.060970085 -0.017126438 0.084796762)
(-0.057411939 -0.024778666 0.085241895)
(-0.071046979 -0.032781415 0.098837012)
(-0.077347194 -0.027170906 0.14964078)
(-0.08482392 -0.045335492 0.17912377)
(-0.098835828 -0.050435069 0.18194501)
(-0.056820974 -0.0070278919 0.094355154)
(-0.065246667 -0.01025857 0.099928713)
(-0.04916309 0.0044551554 0.058925731)
(-0.074623122 -0.027561282 0.12974228)
(-0.059597849 -0.018221023 0.10730966)
(-0.031425799 0.016200161 0.011573123)
(-0.039333737 0.0091674512 0.03904563)
(-0.034070316 0.016702478 0.018981178)
(-0.037282664 0.01132146 0.025895751)
(-0.051112083 -0.003186619 0.067803852)
(-0.027183368 0.020940344 -0.001363105)
(-0.083564476 -0.028385571 0.12649321)
(-0.039668682 0.015758109 0.024651857)
(-0.051509569 0.0059653947 0.053579381)
(-0.039456473 0.014929527 0.025964782)
(-0.047887394 0.0076507346 0.039386668)
(-0.062321702 -0.0085798286 0.081150074)
(-0.030288489 0.020753986 0.0040764324)
(-0.051009425 -0.060134151 0.14989918)
(-0.064266094 -0.067506865 0.17263175)
(-0.070950943 -0.082038064 0.1807565)
(-0.03994075 -0.028992043 0.087326451)
(-0.045086659 -0.040726959 0.10180537)
(-0.037164783 -0.014463992 0.054424553)
(-0.056993736 -0.047951298 0.12325522)
(-0.061216575 -0.058423415 0.12812837)
(-0.038538508 -0.0049120952 0.031171622)
(-0.040348974 -0.022263094 0.061512809)
(-0.035387941 -0.0029466766 0.029864169)
(-0.040283046 -0.0072793973 0.037800214)
(-0.04808849 -0.024986409 0.07331115)
(-0.032840461 0.0066940293 0.010822089)
(-0.13854702 -0.11371673 0.20174367)
(-0.13667752 -0.10113362 0.20398826)
(-0.12134306 -0.11506825 0.19920926)
(-0.11453824 -0.065966145 0.1514995)
(-0.10096205 -0.078709099 0.14550808)
(-0.081964446 -0.036034163 0.092062511)
(-0.10389089 -0.072918573 0.14938957)
(0.038601636 -0.042726401 0.0014216732)
(0.049095204 -0.030318135 0.0061090676)
(0.032407596 -0.03554228 -0.00068562842)
(0.033587403 -0.033371728 -0.0045568002)
(0.038104305 -0.042773807 -0.0086892145)
(0.020244205 -0.042039519 -0.014588025)
(0.028951597 -0.037770128 -0.0055318528)
(-0.0050027036 0.0055427775 0.0054879757)
(-0.0015828119 0.0097265825 0.0086469154)
(-0.0060446328 0.0093499864 0.0061420285)
(-0.0032842108 0.0059724934 0.0059923695)
(-0.0069346402 0.0055942998 0.0033903444)
(-0.0037421859 0.009711167 0.0060964552)
(-0.0051795799 0.0060058009 0.0039385934)
(0.0055633406 -0.017548897 -0.0014805572)
(0.0096119413 -0.021073013 -0.0020689525)
(0.0058431906 -0.019259367 -0.0011931503)
(0.0074061227 -0.018111383 -0.0026932753)
(0.0047162275 -0.016349659 -0.0021385358)
(0.0078744384 -0.019650919 -0.0031310934)
(0.0064484841 -0.01703328 -0.0033328955)
(0.031617855 0.054549538 0.016018272)
(0.039298152 0.049219397 0.0033520749)
(0.029427647 0.050752432 0.0032260629)
(0.051316719 0.048040339 -0.0081315814)
(0.042608026 0.044631186 -0.0094712396)
(0.037289049 0.050025348 -0.0055780122)
(0.04879421 0.047321163 -0.015510119)
(0.018496796 -0.0062929539 0.037079607)
(0.025221586 -0.014613556 0.052138215)
(0.026859174 -0.011882873 0.051871329)
(0.0071891074 0.0080607878 0.020126225)
(0.0064713778 0.0088109724 0.019433653)
(0.011615406 0.0054748905 0.028108153)
(0.0020819971 0.014598458 0.013914891)
(0.010928859 0.0063975743 0.027258734)
(0.0034546241 0.017638078 0.012409889)
(0.0035931408 0.015218651 0.014579313)
(0.0039665686 0.01891149 0.013156271)
(0.0052586454 0.015529635 0.017436741)
(0.0014384234 0.017273463 0.012345923)
(0.002305459 0.018028731 0.011105723)
(0.0092391402 0.008088532 0.026260037)
(-0.0038031531 0.017879003 0.0097919122)
(-0.00047678581 0.015613387 0.012907923)
(-0.0011057525 0.019437447 0.011706633)
(0.0026999619 0.015858975 0.016391517)
(-0.00099212289 0.017554681 0.011459318)
(-0.0026871573 0.018441265 0.009235096)
(-0.013081356 -0.0012888206 0.028204998)
(-0.020635035 0.0040162755 0.042111868)
(-0.019345038 0.0088052678 0.043845217)
(0.0012374701 -0.018083448 0.0082730252)
(-0.00023501839 -0.015124922 0.010312507)
(-0.0033656971 -0.012686979 0.016894199)
(0.0060597291 -0.022662797 0.0032178378)
(0.16062801 0.10369986 0.21634599)
(0.14196966 0.10788682 0.21489536)
(0.15553597 0.090089181 0.21406854)
(0.12512064 0.072436949 0.16490867)
(0.13411172 0.056524098 0.16355643)
(0.12501758 0.066329324 0.16809576)
(0.1046287 0.031250086 0.11227067)
(-0.10849066 0.15164558 0.20778951)
(-0.095219551 0.14856078 0.20872447)
(-0.11120123 0.13546344 0.20638147)
(-0.061266188 0.12717726 0.15735878)
(-0.075353484 0.11555285 0.15328904)
(-0.069158495 0.11727938 0.15804965)
(-0.033916933 0.096673566 0.10237575)
(-0.003880403 -0.0033805918 0.00044352849)
(-0.0035895234 -0.0042368106 0.00021419154)
(-0.0039787559 -0.0042054499 -0.00011570902)
(-0.0029874036 -0.0041541625 0.0020182076)
(-0.0041098461 -0.0049448399 0.0017528158)
(-0.0043011752 -0.0050822907 0.0015686509)
(-0.0044639261 -0.0051935526 0.00045472724)
(-0.0072579555 -0.0024524744 -0.006855048)
(-0.006365423 -0.0018142506 -0.0037504553)
(-0.0064690007 -0.0015918283 -0.0064546639)
(-0.0069225848 -0.0034034435 -0.0049833381)
(-0.0062861878 -0.0038184623 -0.0086086932)
(-0.0063891516 -0.0026051934 -0.0055313316)
(-0.0053823372 -0.0026758583 -0.00833802)
(-0.001263291 -0.0046020286 -0.003052751)
(-2.9674823e-05 -0.0055598221 -0.0038682442)
(-0.0003207989 -0.0048310513 -0.0036723671)
(-0.0019279919 -0.0071859108 -0.0034393477)
(-0.00099882811 -0.0054644989 -0.0031391305)
(-0.00094431895 -0.005871644 -0.0051120298)
(-0.00036690199 -0.0049344109 -0.0041190909)
(-0.0044481588 0.0029949714 0.0013902)
(-0.00046123118 0.00085729833 0.0026186573)
(-0.0047740932 0.0012092309 0.0023368713)
(-0.0028908875 0.003381262 0.0049413354)
(-0.0045771876 0.0033192432 0.0034142165)
(-0.001605723 0.0031317114 0.0060082727)
(-0.0050154534 0.0027978374 0.0054759914)
(4.8428679e-05 -0.001338169 0.0052489031)
(0.0011899472 -0.0033831139 0.003492138)
(-0.00049993069 -0.0033105564 0.0019417521)
(0.0050889325 0.00011160396 0.010152642)
(0.003499691 0.0016043759 0.012080303)
(0.0059131665 -0.0029497099 0.0068221219)
(0.0052623763 -0.0025841014 0.0064656771)
(-0.0098741463 -0.005529388 -0.0056227899)
(-0.0071334173 -0.0027521955 -0.0051759707)
(-0.0096509522 -0.0043056539 -0.0083825828)
(-0.0036000983 -0.0043702565 0.00050878069)
(-0.0077793283 -0.0044834248 -0.003516265)
(-0.0043971213 6.5993874e-05 -0.0032662984)
(-0.0085047082 -0.0015201036 -0.0079963014)
(-0.0016342077 -0.0031912016 0.00304167)
(-0.00097769422 -0.0059279441 0.0055470536)
(-0.001764214 -0.0052098323 0.0029596238)
(0.0022535687 -0.0013444907 0.0087315207)
(0.0019495588 -0.0013939519 0.0060970974)
(0.0021032987 -0.0055754376 0.0089784001)
(0.0023327735 -0.0054378124 0.005664219)
(-0.0055242008 -0.0016220563 -0.013229082)
(-0.0065115422 -0.0016987299 -0.014581564)
(-0.0042668162 -0.0017965576 -0.015891839)
(-0.0087144312 0.00018742178 -0.013392518)
(-0.0057295847 -7.1625823e-05 -0.015539509)
(-0.0081228655 0.0018989683 -0.015863378)
(-0.0050382785 0.0016445108 -0.018726197)
(0.0010880938 -0.0065784831 -0.00016849154)
(-0.0020502903 -0.0051753531 -0.00045216943)
(-0.0021415304 -0.006555557 -0.00089726461)
(0.00027879465 -0.0057646322 0.0011644143)
(-0.0021654005 -0.0061439323 -0.0014722065)
(0.00051432521 -0.0049102273 0.00073734487)
(0.00087906029 -0.0074747968 0.00088466701)
(-0.0071417135 0.0020674322 0.001473732)
(-0.01049574 0.0001029701 0.00017689371)
(-0.010501102 -0.00031143366 0.0021822594)
(-0.009890466 -0.00041150307 0.00081934679)
(-0.0075566719 0.00097513009 -0.00094557871)
(-0.0078674353 0.0011958457 0.00049861136)
(-0.0098737877 -0.00017374439 -0.00057342064)
(-0.0016176175 -0.013355267 -0.0065759118)
(4.694079e-05 -0.013144425 -0.0052150676)
(-0.00094562632 -0.011265335 -0.0072272881)
(0.0032067483 -0.018312229 0.00023664607)
(0.0010678181 -0.01846663 -0.0071240698)
(0.0014513569 -0.015433124 -0.0063860096)
(0.0003401179 -0.014487961 -0.0097556963)
(-0.0015769376 0.00039049791 0.0015763061)
(-0.0013284558 -0.0014436299 0.0015820063)
(-0.0034817397 -0.00019985181 0.0043204178)
(-0.0020812495 -0.00058804243 0.0042661743)
(0.00026199353 -0.0013613809 0.00034370484)
(-0.00064838979 -0.0003289773 0.0017554741)
(-0.00010441233 -0.001811191 0.001450309)
(0.0011540364 0.0059590757 -0.0092379061)
(-0.0035557501 0.00148793 -0.0035020793)
(0.0006562441 0.0058025417 -0.0086932856)
(-0.0017200614 0.0047486784 -0.010643144)
(0.0032593291 0.0081519896 -0.01116501)
(-0.0021027092 0.004164974 -0.007436377)
(0.0030676449 0.0074039449 -0.0093697695)
(-0.0003889913 -0.0043581671 -0.0082143029)
(-0.0020113798 -0.0036245626 -0.0060527709)
(-0.0019413032 -0.0029686406 -0.006841408)
(0.0015322837 -0.0090033943 -0.009783581)
(0.0015363441 -0.0076221508 -0.010759433)
(0.00018394644 -0.0057368454 -0.0056521296)
(0.00093616371 -0.0047168296 -0.0085412686)
(-0.0060663678 0.0025527094 0.0032734705)
(-0.0030629882 0.00022506538 0.0051227274)
(-0.0059822423 0.00087083529 0.0028599939)
(-0.0079448 -8.8666431e-05 0.0092158874)
(-0.0056981249 0.0016945351 0.0024821205)
(-0.0056025945 0.0011842945 0.0090661876)
(-0.0055101761 0.0030546758 0.0045225484)
(0.014172104 0.0011529027 0.001902825)
(0.0092658825 1.0239349e-05 0.0040571764)
(0.01054102 -0.00040493064 0.0013737363)
(0.011656888 -0.0011093013 0.0016862062)
(0.010865278 0.00097012655 0.0031889519)
(0.011775936 -0.0003705654 0.0028678398)
(0.013432512 -0.0005428167 0.00064136189)
(0.014020189 -0.01180708 0.0083717661)
(0.0097938969 -0.0073600373 0.0057617859)
(0.010077831 -0.010016458 0.0071087799)
(0.010836015 -0.0075086437 0.0077579973)
(0.011309031 -0.010725674 0.0064153114)
(0.012303097 -0.0078281562 0.0071197824)
(0.012162532 -0.010646893 0.0090134816)
(0.020032446 -0.0049538315 0.0063386131)
(0.015293973 -0.0027607504 0.0046488857)
(0.015708829 -0.0057433565 0.0053733304)
(0.016522839 -0.0043188478 0.0051056597)
(0.016967109 -0.0046743094 0.0055200128)
(0.017937338 -0.0029017264 0.005193689)
(0.018090434 -0.0061908679 0.0059495327)
(0.00021990541 0.012118849 -0.01130244)
(-0.00090152335 0.0088927668 -0.010917208)
(0.0011470272 0.01155334 -0.010026268)
(-0.0005242025 0.013046849 -0.015881938)
(0.00036970841 0.012442485 -0.010192701)
(0.00079688825 0.012911347 -0.012197828)
(0.0037893258 0.012196841 -0.010460334)
(0.016231578 0.012220336 -0.0036443154)
(0.020478349 0.0074432817 -0.0059811316)
(0.020281845 0.011694583 -0.006204182)
(0.019340576 0.0094039851 -0.0074532131)
(0.014618994 0.006954713 -0.0047507226)
(0.0141405 0.010296341 -0.0049402267)
(0.019697376 0.0053215176 -0.0064183674)
(-0.0045974562 -0.020340517 -0.015872176)
(-0.0040203557 -0.021432804 -0.017534808)
(-0.0058035354 -0.020644101 -0.014522925)
(-0.0063857178 -0.020268853 -0.01556893)
(-0.004776343 -0.020531684 -0.018925667)
(-0.0056766071 -0.019907653 -0.01668703)
(-0.0051294837 -0.021395483 -0.017911622)
(-0.00041196637 0.011145179 -0.0096263962)
(0.0010362415 0.01462362 -0.012613444)
(0.0036323085 0.011062796 -0.010038452)
(-0.00491276 0.017194133 -0.018864172)
(-0.0035854001 0.010690753 -0.0099673622)
(-0.0010550257 0.012690089 -0.013376109)
(-0.00025122829 0.010417236 -0.0090056026)
(0.010792397 0.0072818076 0.033830638)
(0.013129856 0.0048377374 0.011297084)
(0.016576813 0.0060832017 0.01322993)
(0.012206327 0.004609316 0.02540304)
(0.01309454 0.0039199433 0.035084986)
(0.015554953 0.0091126094 0.0081536571)
(0.020164131 0.0096297667 0.013902169)
(0.024265418 -0.011075861 0.001253868)
(0.033021683 -0.0015658405 -0.0058599048)
(0.025388674 -0.0049442299 -0.004201086)
(0.031447881 -0.009077081 0.0030748307)
(0.024008648 -0.008302357 0.012697329)
(0.030465752 -0.0061518034 -0.0068836484)
(0.020549443 -0.0074025167 0.0022185262)
(0.010552045 0.0052230419 -0.0020651586)
(-0.0018150095 0.0015677196 0.0086026313)
(0.013442694 -0.0032695298 0.005507714)
(-0.0039473802 0.0097600065 -0.005478207)
(0.0069686943 0.013560157 -0.011901085)
(-0.0037837056 0.0057405934 0.0089747797)
(0.014248442 0.0031363545 0.0028245917)
(0.035603279 0.0054513146 -0.0099822293)
(0.04101449 0.0059392684 -0.0038849294)
(0.03834392 0.0085887404 -0.0064085192)
(0.040431127 0.0058750473 -0.0056717115)
(0.038254374 0.0012324688 -0.0069098201)
(0.03649631 0.0027334975 -0.0098579325)
(0.04299831 0.0023568932 -0.001338116)
(0.012121817 0.0045142227 -0.0053139638)
(0.017057544 -0.00018401222 -0.011997058)
(0.0058662781 0.00064869977 -0.015405955)
(0.01526102 -0.00024267114 0.0029151511)
(0.012122081 0.0073276422 0.0076023338)
(0.01309995 -0.002588067 -0.0067210204)
(0.005224582 4.3392709e-05 -0.0039375333)
(0.00073873303 0.00074058224 -0.023698092)
(7.1272457e-05 0.0091066915 -0.023954721)
(-0.0051435088 0.0031638385 -0.020918218)
(0.0054527056 0.0025953964 -0.013519956)
(-0.0045929892 -0.0016489036 -0.016164591)
(-0.0072988635 0.0066048263 -0.017675078)
(-0.013323686 -0.0020402122 -0.01434854)
(0.014758146 -0.019957069 0.0081277786)
(0.014689082 -0.01686344 0.0097203858)
(0.009541199 -0.0205937 0.0015236008)
(0.016141101 -0.017718549 0.010128983)
(0.018536527 -0.01529463 0.014617808)
(0.019457923 -0.01757442 0.013571541)
(0.017706536 -0.015123161 0.011808418)
(-0.012969261 0.00070496862 -0.010482762)
(-0.014376766 0.012432403 -0.019261502)
(-0.015345299 0.0044437346 -0.0054707209)
(-0.019597747 0.0040765147 -0.020018786)
(-0.022375659 -0.0045937921 -0.0096702853)
(-0.022815618 0.0050281707 -0.018330902)
(-0.024896599 0.00015048278 -0.006110113)
(0.010249088 -0.014556878 -0.0015765038)
(0.0044948845 -0.016279225 -0.011231118)
(0.0054884158 -0.020006996 -0.015431977)
(0.0014712448 -0.0035888986 -0.0074309552)
(0.0091018162 -0.0060980579 -0.0021665891)
(0.0023594962 -0.0091275458 -0.012642393)
(0.0071630066 -0.011978383 -0.012356049)
(-0.012542463 0.0040435413 -0.0066273972)
(-0.0064240368 -0.0039794495 -0.0031335456)
(-0.0088671379 0.00049934101 0.00077100118)
(-0.020883861 -0.0015673394 -0.008985946)
(-0.024379038 -0.0022101725 0.0023567683)
(-0.017152402 -0.014731752 0.018110712)
(-0.022027624 -0.008295618 0.022471956)
(0.0053879606 -0.012325289 -0.015170887)
(0.0045126159 -0.01457602 -0.020701677)
(0.0030397347 -0.0054012078 -0.016787091)
(0.013600562 -0.011252991 -0.026812246)
(0.013648215 -0.0077989137 -0.018720901)
(0.012269859 -0.0095326102 -0.024686907)
(0.013086224 -0.002274906 -0.020199053)
(-0.00079270446 0.0057067434 0.0029614581)
(0.0055738283 0.003540138 -0.009694004)
(0.0036541662 0.0087246428 -0.003554892)
(0.011436761 0.0020456927 -0.0036300387)
(0.0061931676 0.0094354788 0.0045960021)
(0.016414018 0.010295331 -0.014047267)
(0.012581786 0.015371413 -0.0043493821)
(-0.0032654661 0.020780002 0.0015792279)
(0.0075170717 0.018100753 -0.0023037651)
(0.0090445449 0.01801961 0.0024806398)
(0.0031516727 0.01754171 0.005628458)
(-0.0014019844 0.014436227 0.0034690379)
(0.015503349 0.016219101 0.0029173954)
(0.0086563723 0.0050337952 0.016011413)
(-0.0013448904 -0.0020170747 0.0066612106)
(0.0061750998 -0.00052027262 0.020575297)
(-0.0014905274 -0.015080433 0.02821789)
(-0.0037208803 -0.011257747 0.017278643)
(-0.0069626119 -0.022217773 0.02610946)
(-0.0015663876 -0.02452442 0.041066963)
(-0.0072324482 -0.035340488 0.041638164)
(0.023955329 0.013235271 -0.00063446545)
(0.018759184 0.012466048 -0.0030040408)
(0.027609492 0.011775423 -0.00020318035)
(0.017302567 0.019356997 -0.017958013)
(0.025910766 0.015706789 -0.011051449)
(0.015591127 0.015724621 -0.011998471)
(0.027090593 0.01588676 -0.0090218558)
(0.0037951827 0.00074233581 0.00049134175)
(0.026066883 0.017060585 -0.02618221)
(0.012158687 -0.0011316345 -0.0066971519)
(0.0039627267 0.0046746181 -0.017899767)
(-0.0073962968 0.006405326 0.0042059974)
(0.011267898 0.018321751 -0.023886198)
(0.0039993175 0.012834024 0.00010538891)
(-0.0096742635 -0.015815904 0.0053996627)
(0.0092598172 -0.0088150619 -0.0024915379)
(-0.0045034954 -0.0027620554 -0.00036751519)
(-0.0071669838 -0.0083764734 0.0057725343)
(-0.016341434 -0.023070735 -0.0059531258)
(9.0583129e-05 0.0017793729 -6.2196307e-05)
(-0.0039556957 -0.002831074 -0.0085145157)
(-0.032218141 -0.010491016 -0.010592764)
(-0.030642453 -0.014191122 0.0069327404)
(-0.029116762 -0.016206397 0.01254452)
(-0.042178987 -0.015847677 -0.019472209)
(-0.03703433 -0.01467831 -0.00860373)
(-0.040959774 -0.020030734 0.014816506)
(-0.035733051 -0.017595814 0.018035431)
(-0.0048052747 -0.0010067907 -0.00011771417)
(-0.0048369516 -0.0021855563 -0.00034022683)
(-0.0053160612 -0.0013292891 -0.003497426)
(-0.0061598522 -0.00093106442 -0.0017503229)
(-0.0040139269 -0.0020589396 -0.0012813455)
(-0.0046327779 -0.0011707865 0.0013417328)
(-0.0066879377 -0.00061253865 -0.0027490879)
(0.00020940146 -0.00922963 -0.0032957926)
(-0.00071335737 -0.0081599797 -0.0039304414)
(-0.00044787274 -0.0060092754 -0.0030131001)
(0.0013423845 -0.0095585012 -0.004145871)
(-0.0012314755 -0.0066707274 -0.0032953982)
(0.0011835983 -0.010745232 -0.0039280545)
(0.00055173443 -0.0081307677 -0.0031053415)
(-0.0089454658 0.00085608965 0.0042315385)
(-0.0058993596 0.0025136514 0.0024440553)
(-0.0039370025 0.0019351796 0.0032817635)
(-0.0089127843 -0.00035895983 0.0064600805)
(-0.0046958899 0.0025047182 0.0018465937)
(-0.0099698311 -1.7715343e-05 0.0046679214)
(-0.0073019587 0.00033753003 0.0058715659)
(0.0091743128 0.0098688047 0.0027647371)
(0.0044611829 0.0057572664 0.0017467002)
(0.0039111479 0.0081269451 0.00079356168)
(0.006006428 0.007822355 -0.00079925903)
(0.0054431004 0.0076266255 0.0035652152)
(0.0074013519 0.0072412522 0.0010742247)
(0.0071349016 0.010352325 0.00047349613)
(0.00091043934 0.017423816 0.0056821459)
(0.00028397762 0.013206991 0.00422284)
(-0.0029909027 0.01373627 0.0019541424)
(0.00051638867 0.015692596 0.0027440614)
(-0.0011852829 0.016989904 0.0030305157)
(-0.0012929839 0.01378259 0.0046279112)
(0.002345029 0.016029002 0.0048310375)
(-0.0071241272 0.012115933 -0.0068594719)
(-0.0078606507 0.0087547107 -0.0087251157)
(-0.0096355724 0.0071768086 -0.012239799)
(-0.0064495151 0.0087697575 -0.012747506)
(-0.0096579862 0.0090825696 -0.0075699969)
(-0.005071108 0.011472762 -0.0074664285)
(-0.0073305293 0.0091790524 -0.012533536)
(0.0075490438 -0.022364588 -0.011089959)
(0.0071560387 -0.022607738 -0.0061040972)
(0.0054659164 -0.020279792 -0.012123369)
(0.0040260027 -0.021546458 -0.013089655)
(0.0079943454 -0.021975629 -0.0083625867)
(0.0068362298 -0.023440309 -0.0077087536)
(0.0044509574 -0.020447998 -0.014887497)
(0.0067254943 -0.022743272 -0.0061003837)
(0.0085577883 -0.020243789 -0.0075040726)
(0.0060030997 -0.019170179 -0.0062780974)
(0.0059695917 -0.020596449 -0.0081459269)
(0.0045958412 -0.020920883 -0.0063112234)
(0.0078028787 -0.020608174 -0.0058273402)
(0.0080064366 -0.021858078 -0.0081180155)
(-0.019195821 -0.0078144234 0.0034002176)
(-0.017514815 -0.0063865438 0.0029301239)
(-0.017825864 -0.0079038185 0.0052174945)
(-0.017071759 -0.0059979071 0.0024692997)
(-0.018726662 -0.0079787899 0.0045215377)
(-0.017904281 -0.0059873097 0.0019625991)
(-0.018209212 -0.0076178567 0.0039550648)
(-0.010522564 0.0060803207 -0.0094336502)
(-0.0072799108 0.0046454092 -0.011075945)
(-0.009169787 0.0025868324 -0.0067044479)
(-0.0052287898 0.0076206393 -0.013788936)
(-0.01050901 0.0025608313 -0.0066572728)
(-0.0064682221 0.0076573165 -0.013887044)
(-0.0087297549 0.0055654508 -0.0098985923)
(-0.007850142 -0.014776729 -0.0031579709)
(0.00032013658 -0.013849852 -0.0088379561)
(-0.0020445827 -0.011655352 -0.0064987103)
(-0.0030353006 -0.013779381 -0.0093047155)
(-0.0018958284 -0.013079609 -0.0051287694)
(-0.003783395 -0.015900478 -0.0082018464)
(-0.0059607628 -0.01253627 -0.0052264827)
(-0.015825165 -0.0052730492 0.0077408321)
(-0.014469489 -0.0048493492 0.0066945546)
(-0.013791002 -0.0064031432 0.0093956277)
(-0.013260266 -0.0031445638 0.00673053)
(-0.015466491 -0.0066212507 0.0093470697)
(-0.013552749 -0.0026315478 0.0051296738)
(-0.014908044 -0.0051668722 0.008666613)
(0.030551428 0.0053144642 -0.004592744)
(0.022646131 0.0067641447 -0.002469968)
(0.02811053 0.008444935 -0.0032155483)
(0.030506019 0.0015443243 -0.0023135892)
(0.025212 0.008063369 -0.0030606113)
(0.027403192 0.0031515117 -0.0045403511)
(0.034114243 0.0033481463 -0.0026320598)
(0.028166881 0.015262788 -0.0066542184)
(0.026159581 0.0092086591 -0.0084005879)
(0.030352359 0.0086868852 -0.0097415854)
(0.028784356 0.01155429 -0.010248029)
(0.027003843 0.010673873 -0.0075287649)
(0.025538421 0.013482481 -0.0078587308)
(0.031445225 0.013225381 -0.0083924075)
(0.021565141 -0.018494063 0.020791355)
(0.019225414 -0.012620638 0.018818781)
(0.023287499 -0.013956407 0.020198383)
(0.019812373 -0.014755125 0.021966658)
(0.021929773 -0.014261959 0.019485363)
(0.019593737 -0.015603783 0.021179176)
(0.022393458 -0.017460486 0.021618111)
(0.038364332 -0.022809416 0.0075951548)
(0.036080225 -0.017218256 0.016744471)
(0.039727888 -0.018094941 0.014334221)
(0.035926927 -0.020831126 0.014212543)
(0.038120412 -0.022965405 0.0082157071)
(0.039407957 -0.017813144 0.013162358)
(0.035385685 -0.020908413 0.013272449)
(0.02650858 0.034542247 -0.0046598141)
(0.023398459 0.026914055 -0.0034631342)
(0.031572329 0.029218515 -0.0044238195)
(0.032702485 0.031790099 -0.0098606976)
(0.025971546 0.029831122 -0.0026386265)
(0.024680516 0.031341057 -0.0065425739)
(0.034541522 0.034675817 -0.0078600335)
(0.015092157 0.014988329 -0.014654765)
(0.016379434 0.0081941324 -0.014709888)
(0.019121041 0.010293351 -0.015427946)
(0.015158035 0.010900327 -0.017871578)
(0.016701436 0.010852273 -0.012956629)
(0.014158859 0.011886324 -0.015967005)
(0.017000083 0.015339445 -0.01714993)
(1.5204481e-05 -0.021761843 -0.01197511)
(6.1321568e-05 -0.021983264 -0.012401807)
(0.0079523955 -0.019971586 -0.0029305635)
(-0.0018490912 -0.020778889 -0.0090495955)
(0.0039462896 -0.021967386 -0.0076370471)
(-0.0035270335 -0.021077286 -0.012398989)
(0.0012381843 -0.021226354 -0.0080208484)
(-0.02461727 -0.0065354598 -0.028894853)
(-0.018990131 -0.0049399432 -0.013708115)
(-0.022806449 -0.0085044137 -0.017400296)
(-0.026038123 -0.0036577591 -0.02298972)
(-0.020462888 -0.0082120038 -0.019668343)
(-0.023823844 -0.0021589245 -0.025471142)
(-0.029889047 -0.0059032799 -0.030317363)
(-0.019297891 0.024779581 -0.021149528)
(-0.021743398 0.021289009 -0.015568461)
(-0.022687251 0.022539004 -0.01616013)
(-0.025112452 0.021260767 -0.0149915)
(-0.020162835 0.022993695 -0.017808062)
(-0.022096488 0.021809678 -0.017403303)
(-0.02228409 0.023939368 -0.01763279)
(-0.0062741636 0.021900174 -0.021833837)
(-0.0066114943 0.020202923 -0.022660233)
(-0.0075459387 0.019047669 -0.025063991)
(-0.012088765 0.021698895 -0.025533908)
(-0.0047761509 0.019802396 -0.024018535)
(-0.0082825623 0.021677775 -0.022002422)
(-0.0095353768 0.021030418 -0.024295255)
(-0.012748232 0.0011245848 -0.0022702188)
(-0.008814687 -0.0050605386 -0.0026928034)
(-0.0092971511 -0.0029590699 0.00035523624)
(-0.0080118814 0.0025324681 0.0010629185)
(-0.01121173 -0.0046930957 -0.0023983614)
(-0.0092094784 -0.00020986465 -0.00085758557)
(-0.012888563 0.0026699934 0.00028784839)
(-0.013404525 0.012181141 -0.0016188761)
(-0.0091612089 0.016164304 0.00014713327)
(-0.015534082 0.02034286 -0.0054411812)
(-0.011909734 0.017925332 0.00084938796)
(-0.012711398 0.016629555 -0.0033297502)
(-0.0095957995 0.012652354 0.0017686635)
(-0.017217315 0.016149157 -0.0024844845)
(0.056790392 -0.031037628 -0.016744448)
(0.044567127 -0.01704914 0.020346783)
(0.061248954 -0.0031680133 0.013261023)
(0.050414698 -0.020142586 0.0031620408)
(0.054260687 -0.01748274 0.014238377)
(0.040236116 -0.027422033 0.015113454)
(0.066186487 -0.01779804 -0.015895458)
(0.06668767 0.044165494 0.0044189819)
(0.039358239 0.036509797 -0.014610542)
(0.047280452 0.04115911 -0.012128125)
(0.055844393 0.050810459 -0.0091045519)
(0.051717658 0.035432928 -0.019426986)
(0.049673808 0.047716282 -0.011140831)
(0.072176144 0.043420635 0.0031818906)
(-0.031451038 -0.03397721 -0.032539222)
(0.0053200791 -0.017454345 0.0052202611)
(0.0095858086 -0.024538398 0.0039720438)
(-0.00062576214 -0.026240005 0.0016018558)
(0.00014915572 -0.025151442 -0.0060720822)
(-0.011956613 -0.020691853 -0.010126002)
(-0.017854609 -0.042128598 -0.013101129)
(-0.057015589 0.026940874 -0.027686052)
(-0.047791282 0.021321316 -0.024175421)
(-0.061541152 0.022244491 -0.026989751)
(-0.065809346 0.012364153 -0.026053744)
(-0.047789432 0.025552011 -0.019532681)
(-0.056746618 0.02053151 -0.02438104)
(-0.071783302 0.019741602 -0.027377104)
(-0.0054981435 0.026691886 -0.013508075)
(-0.0057032354 0.025295595 -0.015121265)
(-0.003774756 0.026426045 -0.01613307)
(-0.0082328667 0.027398358 -0.016238255)
(-0.0038905269 0.025645934 -0.014533303)
(-0.0078087648 0.026454037 -0.014264566)
(-0.0059664148 0.027687109 -0.015943078)
(-0.0030483313 0.026211125 -0.013163903)
(-0.0017582869 0.026394164 -0.015899311)
(0.00035012168 0.02527418 -0.014274888)
(-0.0013489599 0.026634903 -0.017065896)
(-0.00099054062 0.025566272 -0.013713672)
(-0.0017901841 0.025633785 -0.014175633)
(-0.0034178726 0.02714827 -0.016059203)
(-0.015217392 0.0029497935 -0.014734709)
(-0.014000068 0.0052938587 -0.0078048238)
(-0.016820311 0.0068780038 -0.013427186)
(-0.014103826 0.0055410647 -0.0091347056)
(-0.016093522 0.0048884919 -0.013142812)
(-0.013634018 0.0040071652 -0.0092987647)
(-0.016311881 0.0053311059 -0.0158955)
(-0.089265898 -0.03958606 0.21797487)
(-0.043055327 0.0066410649 0.05274434)
(-0.04045393 0.0071603035 0.10376747)
(-0.05377814 0.0048691328 0.099487082)
(-0.065371612 -0.0066802927 0.13082047)
(-0.065111109 -0.022930879 0.13736407)
(-0.061376413 -0.0093411053 0.21071515)
(-0.083718936 -0.076325131 0.27306557)
(-0.063131192 -0.022771294 0.17803048)
(-0.050182285 -0.08595162 0.23595436)
(-0.046954205 -0.065739126 0.32231978)
(-0.048718332 -0.10090876 0.2813195)
(-0.071480812 -0.061341734 0.21082795)
(-0.069822075 -0.03664989 0.29031166)
(0.0086323212 -0.008588256 0.0043995344)
(0.0053740514 -0.0059514232 0.00086082842)
(0.005746983 -0.0094431504 0.00058513678)
(0.0097962487 -0.0079696702 0.0036645211)
(0.0049181137 -0.0079566624 0.00088265145)
(0.0090465427 -0.0059896853 0.0039511674)
(0.0096704445 -0.010439728 0.0035447307)
(-0.004351023 0.0031899489 0.0050257251)
(-0.0022811734 0.0014011507 0.0028097811)
(-0.0062591837 0.0012441749 0.00045514045)
(-0.0048702541 0.0029981191 0.004347521)
(-0.0037663758 0.0012750769 0.001762859)
(-0.0020831167 0.0036895772 0.0057956613)
(-0.0072860494 0.0025750991 0.0031581915)
(-0.00096402248 -0.014082346 0.0016712275)
(0.00099475514 -0.012805569 -0.0017063463)
(-0.0015860211 -0.010854049 -0.0013991802)
(0.0018058871 -0.014332308 -0.00062368847)
(-0.0015021334 -0.011761087 -0.00092890668)
(0.0024802378 -0.015249087 0.00019779786)
(-0.0012377062 -0.012980699 0.00058857486)
(-0.019021686 -0.0039209119 0.0043056981)
(-0.015691567 -0.00082869431 0.0018007407)
(-0.013402724 -0.0015896136 0.0031074429)
(-0.017660933 -0.0052796174 0.0052193401)
(-0.015001081 -0.00026756773 0.0014687641)
(-0.019570528 -0.0043116243 0.0038434021)
(-0.016661578 -0.0050737165 0.0055041443)
(0.022766451 0.0078278596 0.00058185792)
(0.019148845 0.0068312131 0.0013237482)
(0.020734646 0.0057243735 0.00070255172)
(0.020359779 0.0060957749 7.9796098e-05)
(0.021045227 0.0077270799 0.0012501692)
(0.020623394 0.0074996529 0.00065146822)
(0.022252539 0.0058968199 0.000298336)
(0.019491403 0.016483644 0.003955462)
(0.016082726 0.013432639 0.0041118989)
(0.015937958 0.016301118 0.0050201233)
(0.016999955 0.015131163 0.0030806929)
(0.01723684 0.015495922 0.0051172225)
(0.01807552 0.014502323 0.0032609428)
(0.018102349 0.017477569 0.0039057501)
(0.021354291 -0.021776898 0.0055657531)
(0.020757873 -0.018453541 0.0077204002)
(0.019260358 -0.019910955 0.0070607984)
(0.020073506 -0.019012992 0.0094211023)
(0.02078395 -0.020549244 0.0057446981)
(0.021598791 -0.019881933 0.008241864)
(0.019996246 -0.02096353 0.0076722729)
(-0.0068971148 0.022615005 -0.0010142941)
(-0.0058968858 0.020539641 -0.0010113009)
(-0.008091828 0.017752734 -0.0028850467)
(-0.0043946664 0.019503574 -0.0028097961)
(-0.0086405587 0.020490436 -0.00085611852)
(-0.0042337628 0.022322732 -0.00095265658)
(-0.0062260425 0.019536661 -0.0030719855)
(0.012555071 -0.02231712 -0.012030748)
(0.012797815 -0.023071123 -0.0090874244)
(0.011234075 -0.022476137 -0.012976564)
(0.0095944166 -0.022060301 -0.012830354)
(0.013910066 -0.022864333 -0.010849721)
(0.011988838 -0.022663186 -0.01022412)
(0.009703352 -0.022163118 -0.013593479)
(-0.01671637 0.015686709 -0.0020175583)
(-0.014485918 0.011623218 -0.005022819)
(-0.017191901 0.010136237 -0.0024357852)
(-0.013934224 0.012867448 -0.0068541743)
(-0.01708572 0.012314522 -0.0015301252)
(-0.013586901 0.014379934 -0.0058673442)
(-0.01701356 0.013276909 -0.0030394324)
(-0.020225247 -0.017316317 0.003295537)
(-0.018110631 -0.0188003 0.0035605894)
(-0.018457494 -0.015398415 0.0039685473)
(-0.018391096 -0.016045416 0.0022423513)
(-0.019632457 -0.017578859 0.0049093219)
(-0.019323591 -0.018645148 0.0026994055)
(-0.019293193 -0.014526582 0.0031555713)
(-0.016639641 -0.008226775 0.00064745129)
(-0.016930947 -0.0076127023 0.0031489996)
(-0.01759733 -0.0076505495 0.0051941912)
(-0.015094976 -0.004423107 0.0018854564)
(-0.01818069 -0.0093569072 0.0041569093)
(-0.015640167 -0.0065339223 4.4524126e-06)
(-0.016121892 -0.0058745511 0.0025011893)
(0.0322767 0.0076680095 0.0048175478)
(0.029776416 0.006590779 0.00046442163)
(0.032914474 0.0085353681 0.00054123821)
(0.034450676 0.0044135788 0.0053746047)
(0.030600797 0.0083253852 0.00060960292)
(0.031639802 0.0048598988 0.0044566297)
(0.035445656 0.0074612471 0.0053216292)
(0.030324089 0.018596323 0.0020258561)
(0.027438771 0.017581768 -0.00090716187)
(0.030424671 0.017614615 -0.0010726119)
(0.029563725 0.021188163 0.0006958868)
(0.028831723 0.016451286 -0.00025837023)
(0.028312939 0.019930363 0.00097383989)
(0.031699849 0.020163291 0.0020917051)
(0.019973559 -0.026879354 0.0072221725)
(0.020919371 -0.023854798 0.014468197)
(0.022785945 -0.025555677 0.012342351)
(0.019458356 -0.025110673 0.011599073)
(0.022289645 -0.025541378 0.011731701)
(0.018906405 -0.025117535 0.011179212)
(0.020475497 -0.0267989 0.0080295097)
(0.005413165 0.024360771 -0.013992058)
(0.0086293618 0.020686252 -0.011407163)
(0.010142859 0.024040166 -0.015599094)
(0.0091877678 0.023426028 -0.0167048)
(0.006816852 0.023198224 -0.011331482)
(0.0073636046 0.02246778 -0.013758098)
(0.0084440061 0.02584135 -0.018858704)
(0.0049844602 -0.024027057 -0.0089456678)
(0.0031445862 -0.02286488 -0.011253534)
(0.0051966141 -0.023804402 -0.0099793584)
(0.00099506746 -0.023941784 -0.0089309807)
(0.0058845904 -0.023307978 -0.010454983)
(0.0018844005 -0.023706112 -0.0092702639)
(0.0040779167 -0.024799124 -0.0087325606)
(-0.014879878 -0.0026459971 -0.013827089)
(-0.014838062 -0.0028601513 -0.0081216639)
(-0.016326556 -0.00085190389 -0.016153215)
(-0.013966053 0.0020956157 -0.011093737)
(-0.015866245 -0.00477685 -0.012413787)
(-0.014274277 -0.0012347504 -0.0092544158)
(-0.014932401 0.00032002529 -0.017932945)
(0.12082299 0.015080617 0.23669769)
(0.068251058 -0.031420904 0.061938225)
(0.087508807 -0.030980362 0.11627404)
(0.053662996 -0.03495379 0.08810145)
(0.1006324 0.0024227089 0.15747916)
(0.085300085 -0.017566799 0.13800115)
(0.090461374 -0.017033942 0.22626424)
(-0.032683112 0.09682361 0.24639095)
(0.0089646851 0.06647987 0.10483905)
(0.033348719 0.064281264 0.18374682)
(-0.00084344202 0.057034361 0.155517)
(0.007034918 0.086392357 0.18359355)
(-0.024366907 0.07235367 0.16869608)
(-0.0013093262 0.070383331 0.26063803)
(0.052462285 -0.10240153 0.23102043)
(0.0079420888 -0.04917684 0.068474939)
(0.0073745553 -0.051030005 0.095330211)
(0.0015915062 -0.050273473 0.12775927)
(0.033372334 -0.063559699 0.12943787)
(0.02123443 -0.080176034 0.15910238)
(0.025117959 -0.075436773 0.22241206)
(-0.001806003 -0.0039318905 0.0018339516)
(-4.0369126e-05 -0.0020633935 0.0046039841)
(0.00018549842 -0.00292498 0.0029815567)
(-0.00015847995 -0.0020030006 0.004233756)
(-0.0024645075 -0.0024163381 0.0038516923)
(-0.0020474902 -0.0030312161 0.0029327021)
(-0.00059458949 -0.0011915083 0.0054654491)
(0.0055589252 -1.595573e-05 0.0055842984)
(0.0061372356 0.0018607711 0.0066538874)
(0.0070087521 0.00074410164 0.0055610349)
(0.0031830946 -0.00099310244 0.0047204733)
(0.0015089429 0.00027467072 0.0053627779)
(0.0022184721 -0.00048121591 0.0048862857)
(0.0023689957 -0.00013433789 0.0056249152)
(-0.0040579588 -0.0022412957 0.002209443)
(-0.0013047894 -0.0012750373 0.0054894821)
(-0.0029673352 -0.001009939 0.0046387343)
(-0.0032291056 -0.00020087983 0.0044760853)
(-0.0035702051 -0.0017296436 0.0035650954)
(-0.004642226 -0.0014035436 0.0023617421)
(-0.0018189355 -0.00052130894 0.0056783763)
(0.0024343339 0.002345527 0.0044911395)
(0.0047403809 0.0029052279 0.0067553404)
(0.0031285907 0.0036738909 0.005811617)
(-0.00056137353 0.0015046636 0.0044665989)
(0.00033626131 0.0011195109 0.0047478113)
(-0.00076857849 0.0015397726 0.0036549231)
(0.00090439014 0.00081355836 0.0054944108)
(-0.001664507 -0.008013346 -0.00085553028)
(0.0013806428 -0.011665482 6.0513577e-06)
(0.0011202586 -0.0099214051 0.0010303688)
(0.00098513909 -0.010125168 0.0011922962)
(-0.0011536669 -0.0095515535 -0.0012457098)
(-0.0013366924 -0.0083948728 -0.00043561205)
(0.0014077002 -0.011927087 0.00022546702)
(0.0066144235 -0.012416316 0.004907679)
(0.0087875237 -0.016637871 0.0028714859)
(0.0080345064 -0.013119393 0.0042478878)
(0.0046089992 -0.011853461 0.0018170219)
(0.0050443506 -0.013883305 0.0021286389)
(0.0042196301 -0.011537024 0.0031347907)
(0.0053178396 -0.014445388 0.00057159878)
(-0.0061971105 0.00010251709 -0.0036962575)
(-0.0099476965 0.00058914562 -0.0021656591)
(-0.0090241501 0.00040832329 -0.003841311)
(-0.0092831957 0.00037226141 -0.0041562439)
(-0.0072671294 0.00064731486 -0.0027072966)
(-0.0069290641 1.0286801e-05 -0.0043826347)
(-0.0096690586 0.00026035851 -0.00252499)
(-0.0097992875 0.0043367674 -0.0098928647)
(-0.012039094 0.0039162272 -0.0056418632)
(-0.011415963 0.0052612435 -0.0065953104)
(-0.010212832 0.0021801804 -0.0062442151)
(-0.0087715646 0.00155546 -0.0076470673)
(-0.0087997307 0.0019696142 -0.0088004626)
(-0.010510738 0.0012064756 -0.0048296736)
(-0.0010083875 -0.0098004432 -0.0031419457)
(0.0014959781 -0.012681404 -0.0013679376)
(0.0015701803 -0.012770021 -0.0028090812)
(0.0020622498 -0.013527053 -0.0026642244)
(-0.0009065232 -0.010340296 -0.0021331927)
(-0.00060694439 -0.010654241 -0.003131345)
(0.0017440736 -0.013164743 -0.0011193816)
(0.0089808063 -0.019273593 0.00054699149)
(0.0074617253 -0.020205994 -0.00078860525)
(0.0084034344 -0.020569822 -0.002697655)
(0.0057686337 -0.017579981 -0.0031439823)
(0.0057191662 -0.016057301 0.00070682235)
(0.0057575518 -0.016393029 -0.00085931267)
(0.0057075571 -0.017493811 -0.0015188566)
(-0.011694087 0.0021282125 -0.0050127002)
(-0.008068077 0.0021626133 -0.0083573363)
(-0.011014223 0.00071254428 -0.0047280191)
(-0.0098651388 -0.00093267566 -0.0029082593)
(-0.0080975393 0.00081993796 -0.0069039561)
(-0.010234613 -9.0452334e-05 -0.0039871972)
(-0.0077249559 0.00040700053 -0.0062047053)
(-9.3268521e-05 -0.0041298734 -0.0019901898)
(1.4281091e-05 -0.0035834579 -0.00073368535)
(0.00064663296 -0.0054502583 -0.0019363398)
(0.0012488136 -0.0049913405 -0.0022139898)
(0.00056915293 -0.0028111815 -0.0012621177)
(0.00062666877 -0.0038945266 -0.0020852611)
(0.00090173993 -0.0035394975 -0.00079698122)
(-0.0031650617 -0.0061886298 0.001039525)
(-5.8655924e-06 -0.0066268691 -0.0037313815)
(5.0524494e-05 -0.0077100366 -0.0029273372)
(0.0018620547 -0.0055881543 -0.0038903723)
(0.00068500922 -0.004351373 -0.0016479946)
(0.00035862311 -0.0042150311 -0.0013333087)
(0.0017428896 -0.0050783857 -0.0041636442)
(-0.0068126408 -0.0052392195 0.0052764189)
(-0.008439453 -0.0039813279 0.0073549379)
(-0.010369357 -0.0050026008 0.0085064067)
(-0.004616836 -0.002566797 0.0051293797)
(-0.00085012545 -0.0032386438 0.0013858464)
(-0.0016780226 -0.0030480656 0.0019278433)
(-0.0033149572 -0.0030346312 0.0045350557)
(0.012349671 0.0012026447 0.00030204043)
(0.01529001 0.0024646216 -0.0025304873)
(0.014020139 0.00082116782 -0.0021035724)
(0.012061574 0.00039206516 -0.0020659139)
(0.011694797 0.0021732316 -0.00025746658)
(0.011079568 0.00089548204 -0.0004498953)
(0.012961637 0.00132234 -0.0025566152)
(0.01131179 -0.0046879769 0.0061080668)
(0.014046242 -0.0053828245 0.0073617709)
(0.012578433 -0.0047810631 0.005312762)
(0.010773175 -0.0018830747 0.0015112519)
(0.010274104 -0.0022360534 0.0039599809)
(0.0094857806 -0.0026643197 0.0031341116)
(0.011886674 -0.0012547358 0.0023185541)
(0.0075054047 0.009798217 -0.0029758073)
(0.011857664 0.012369492 -0.0020172779)
(0.0080831725 0.012107814 -0.001908681)
(0.0045965887 0.011007978 -0.0042834539)
(0.0090383188 0.008296471 -0.0039850197)
(0.0048944129 0.009143285 -0.0046738258)
(0.0093869198 0.011043461 -0.0037608526)
(-0.0017820713 0.0095961562 -0.012079756)
(0.005622141 0.013137976 -0.0064283899)
(0.00069401504 0.012294206 -0.0068893773)
(0.0018151021 0.010728821 -0.0074219791)
(0.0047419436 0.0084536413 -0.010593719)
(-0.00055006264 0.0087356554 -0.011332217)
(0.0066136726 0.010794276 -0.0068336017)
(-0.01498922 0.0086926436 -0.0044982721)
(-0.017155577 0.0070650958 -0.0024939677)
(-0.017192042 0.0092515744 -0.0016596405)
(-0.017062907 0.0065604207 -0.0018074405)
(-0.014775651 0.0052643587 -0.0049821875)
(-0.015151491 0.0065892422 -0.0042374921)
(-0.016651803 0.0043650847 -0.002630584)
(-0.019951584 -0.00026359751 0.00069615748)
(-0.019937594 -0.00029824261 0.00082822073)
(-0.020827962 0.0022943121 0.0010349044)
(-0.01870877 0.002943147 -0.00018606488)
(-0.017545915 -0.00061128336 -0.00072454934)
(-0.018114485 0.00090708371 -0.00056863329)
(-0.018176727 0.0010736735 -0.00051394005)
(-0.014680986 0.010575451 -0.0037820012)
(-0.01573897 0.013819586 -0.00074663414)
(-0.016721707 0.011613513 -0.0010651182)
(-0.016923893 0.0086473439 -0.0014122247)
(-0.014667763 0.0097399279 -0.0034667913)
(-0.016324428 0.010861527 -0.0011252301)
(-0.015053729 0.0082836643 -0.0037730563)
(0.00031599363 -0.01927994 -0.01863812)
(-0.0025314506 -0.019729659 -0.017087772)
(-0.00022744975 -0.019230086 -0.017566404)
(-0.0016403606 -0.018535421 -0.018109898)
(-0.0031026027 -0.019239078 -0.0196006)
(-0.0014095182 -0.018536149 -0.019396371)
(-0.0036368318 -0.019219614 -0.017848307)
(-0.0036684792 -0.017288792 -0.012933559)
(-0.0084910769 -0.018052542 -0.0095534507)
(-0.0049585113 -0.018717779 -0.011436167)
(-0.0028927333 -0.018574991 -0.015421932)
(-0.0043259871 -0.017785146 -0.015605421)
(-0.0022703957 -0.017858648 -0.01602942)
(-0.0056652115 -0.018627564 -0.014479181)
(-0.018553463 -0.0088165561 0.0059600967)
(-0.018917991 -0.0091698937 0.0075054588)
(-0.019558829 -0.010376937 0.00673125)
(-0.019343029 -0.010750839 0.0084576389)
(-0.018186216 -0.0087040259 0.0082365161)
(-0.018769769 -0.0093948276 0.0076735282)
(-0.018562552 -0.0098922603 0.0088767896)
(-0.017884357 -0.011484111 0.0098743829)
(-0.020051697 -0.011467427 0.0087617267)
(-0.020114841 -0.012639018 0.0095307211)
(-0.01903292 -0.011713844 0.0097997415)
(-0.017545284 -0.010139401 0.0098861699)
(-0.016952882 -0.010727356 0.010052975)
(-0.019110522 -0.010716162 0.0092838789)
(-0.01944124 -0.010595512 0.0078254805)
(-0.020531297 -0.013461749 0.0076985107)
(-0.020300716 -0.011931873 0.0073632393)
(-0.019447365 -0.011930079 0.0086143295)
(-0.017994239 -0.011987133 0.0083424483)
(-0.018992197 -0.013019443 0.008432505)
(-0.018498332 -0.011059723 0.008748426)
(-0.0035566934 0.010999081 -0.015382653)
(-0.0060482639 0.013303843 -0.014892507)
(-0.0064314072 0.0092722148 -0.012463743)
(-0.0049133957 0.0085420216 -0.010915884)
(-0.0016924474 0.013088439 -0.015432492)
(-0.0023855307 0.01046116 -0.014116764)
(-0.0045642596 0.012275711 -0.012793379)
(-0.0088651706 0.0036381524 0.001250249)
(-0.0074617036 0.0072576905 -0.0040520446)
(-0.0088155161 0.0037679138 -0.0014381143)
(-0.0063233776 0.006267109 -0.0047264062)
(-0.0044522956 0.0090795646 -0.0044610787)
(-0.0062096206 0.0062162135 -0.0024318221)
(-0.0051661075 0.0095186917 -0.0066628482)
(0.017450254 0.0026252033 -0.0035651318)
(0.01682397 0.004216786 -0.0017956986)
(0.020076098 0.0022441542 -0.0046981395)
(0.016589184 0.00089009081 -0.0041410098)
(0.012911566 0.0023095671 -0.0014472727)
(0.014599062 0.0013750347 -0.0033711788)
(0.014393298 0.0027299018 -0.0024620565)
(0.015988154 -0.007013877 0.009891745)
(0.015313778 -0.0078278508 0.011148113)
(0.018054133 -0.0086080627 0.012144088)
(0.015733401 -0.0040572099 0.00452515)
(0.011946891 -0.0036279787 0.00496736)
(0.013604582 -0.0026314663 0.003394985)
(0.013262425 -0.0045983597 0.0055606018)
(0.010664875 0.01292032 -0.007547148)
(0.015176951 0.0084622789 -0.012272831)
(0.014986564 0.011165536 -0.0096093454)
(0.016797604 0.0091193991 -0.009424572)
(0.010895913 0.0078022404 -0.010515028)
(0.012390675 0.010396006 -0.0077340736)
(0.016260624 0.0064856017 -0.011032603)
(0.0093259695 0.019134424 -0.008813877)
(0.011036363 0.022265758 -0.011232492)
(0.0079690506 0.022089085 -0.0079823914)
(0.0090306684 0.020619361 -0.0053362746)
(0.012357823 0.017439888 -0.0092334293)
(0.010086193 0.017777448 -0.0068080613)
(0.011409867 0.02033391 -0.0078780422)
(0.0046202718 0.029937177 0.024553332)
(0.0028275858 0.030294283 0.012919084)
(0.0022027753 0.028084609 0.049670199)
(0.0048213576 0.02924051 0.025424762)
(0.0039016206 0.030054665 0.013678803)
(0.0041336667 0.030564052 0.0057031829)
(0.0045254365 0.030450815 0.0056675209)
(0.013462153 0.025155252 -0.0010833117)
(0.012965108 0.027223286 -0.0025849601)
(0.011997796 0.027667846 -0.0020216673)
(0.010019477 0.02378942 -0.002104936)
(0.012458681 0.021524849 -0.0018668121)
(0.01168279 0.022375221 -0.0013450167)
(0.011258716 0.022973879 -0.0028261647)
(0.0066447326 0.019906874 -0.0065031611)
(0.0032610352 0.023584031 -0.0035573097)
(0.0053068026 0.022829342 -0.0055607689)
(0.0067385114 0.021825266 -0.0036021007)
(0.0055341842 0.019939814 -0.003714315)
(0.0052505341 0.022484377 -0.0025411495)
(0.0073778859 0.019169163 -0.0049100816)
(-0.014030596 0.02426753 0.053578533)
(-0.013820617 0.025822707 0.010558631)
(-0.008978012 0.027087381 0.010801393)
(-0.015550179 0.025614059 0.041901914)
(-0.012707281 0.026815999 0.014131364)
(-0.015627516 0.023232436 0.046339077)
(-0.013434918 0.025932476 0.048935652)
(-0.010620295 -0.015992486 -0.0079279938)
(-0.0091122159 -0.013042714 -0.0089847581)
(-0.010812159 -0.013367947 -0.0067637665)
(-0.0086374076 -0.016965885 -0.011687946)
(-0.0067293079 -0.017390625 -0.014418454)
(-0.0077758034 -0.018070142 -0.013093681)
(-0.0074351336 -0.01649877 -0.013335795)
(-0.014955562 -0.0047969058 -0.0067134453)
(-0.016990296 -0.0025936685 -0.012368552)
(-0.016056898 -0.00665019 -0.01011747)
(-0.015424877 -0.0084928674 -0.0078365638)
(-0.015384254 -0.0032292789 -0.0056322964)
(-0.014670333 -0.0066512142 -0.0054128883)
(-0.016483378 -0.0043965222 -0.0090705153)
(-0.016218318 -0.023560982 0.028639406)
(-0.016645957 -0.02144749 0.01572723)
(-0.017219912 -0.025588321 0.055150252)
(-0.016904119 -0.023364461 0.029408093)
(-0.016870893 -0.019870968 0.015300074)
(-0.015061419 -0.022375849 0.0067255856)
(-0.01508324 -0.021099826 0.0052541099)
(-0.013220474 -0.016408946 -0.0085110666)
(-0.015614939 -0.01121464 -0.014260574)
(-0.014931732 -0.015468209 -0.01163626)
(-0.014733542 -0.012236116 -0.0085183673)
(-0.014812388 -0.011468259 -0.0066303665)
(-0.013743904 -0.014090936 -0.0062038617)
(-0.015969679 -0.0092765006 -0.0098746927)
(-0.015356627 -0.0080280862 -0.0051792566)
(-0.016024962 -0.013772543 -0.0052368887)
(-0.015682199 -0.010224583 -0.007824598)
(-0.015242234 -0.011868435 -0.0063373017)
(-0.015646515 -0.012695827 -0.0030138726)
(-0.015510415 -0.015302173 -0.0041401544)
(-0.015164657 -0.0096922092 -0.0042836081)
(-0.0060756134 0.01717108 -0.016560829)
(-0.0042538146 0.01912644 -0.019285838)
(-0.0065939654 0.019975884 -0.017839155)
(-0.0060493659 0.019296693 -0.014917836)
(-0.0026383193 0.015877686 -0.016281089)
(-0.005099809 0.015698813 -0.013932901)
(-0.0031558123 0.018218107 -0.016879663)
(-0.0077430458 0.011323492 -0.0050998577)
(-0.0062265826 0.014023429 -0.0016576777)
(-0.0088930689 0.015731225 -0.0052765517)
(-0.0063218369 0.017149247 -0.0079528567)
(-0.0040217821 0.011295124 -0.0049447048)
(-0.0056367502 0.01338475 -0.0075949601)
(-0.0037903258 0.014963998 -0.0043829388)
(0.035614298 0.0038596933 -0.0044875772)
(0.041680684 0.0025927776 -0.001849938)
(0.040358405 -0.00034309113 -0.00046566072)
(0.041683255 -0.0042972318 0.0024859791)
(0.038418823 0.00023303998 -0.0046998164)
(0.036937107 -0.00051111993 -0.0028751155)
(0.043344955 -0.0015684136 0.0015671587)
(0.058625651 0.0020693644 0.0089840874)
(0.055200268 0.009985889 0.012817719)
(0.054576806 -0.0045633031 0.015998318)
(0.048109997 -0.0045967884 0.012951501)
(0.04827836 0.0045933098 0.0036480132)
(0.050084046 -0.00015325805 0.010787314)
(0.04751319 0.00070710282 0.0070767518)
(0.0595559 0.011762 0.0018630804)
(0.048913322 0.029541736 -0.0039566659)
(0.055497282 0.021530995 -0.0025077048)
(0.046620174 0.011172973 -0.00021509134)
(0.046344923 0.0093303761 -0.00098060935)
(0.049674936 0.005796103 0.0056817035)
(0.043476817 0.014340314 -0.0066757706)
(0.018290044 -0.01604747 0.021173039)
(0.018764901 -0.019537995 0.014776999)
(0.020971843 -0.018386846 0.019380944)
(0.021869361 -0.017012443 0.019012006)
(0.018410626 -0.015701288 0.017438275)
(0.017934344 -0.015192455 0.019550926)
(0.021136534 -0.01768028 0.016095489)
(0.022419334 -0.024289722 0.012881062)
(0.030572271 -0.021720926 0.022161654)
(0.02802719 -0.02400745 0.017003326)
(0.030099058 -0.018588326 0.012827491)
(0.028790123 -0.018380568 0.0076691723)
(0.026684384 -0.01898418 0.011273153)
(0.032201153 -0.015834228 0.010006664)
(0.0415716 0.059744729 0.044828361)
(0.067948722 0.049373648 0.094785866)
(0.045232864 0.064934538 0.09709435)
(0.071416516 0.041342316 0.023364118)
(0.071052379 0.037541322 -0.0052264169)
(0.065844508 0.047127335 0.0014202958)
(0.080882956 0.023844907 0.01491469)
(0.058394509 0.02221369 -0.0090715727)
(0.052153037 0.038606916 -0.0034529474)
(0.054845834 0.0402986 0.0094132891)
(0.068406355 0.030557897 -0.010702997)
(0.060567852 0.027156128 -0.014310991)
(0.064908306 0.021934386 -0.015812508)
(0.06383403 0.036796723 -0.016124628)
(0.078159284 0.04567628 0.14397523)
(0.072789112 0.063602721 0.1778451)
(0.05592022 0.071294105 0.15514648)
(0.079168796 0.031954329 0.051282148)
(0.09540001 -0.010615412 0.038945162)
(0.084593609 0.01651744 0.062370074)
(0.090462009 0.0074763103 0.033939866)
(0.010780866 0.013354961 -0.019125069)
(0.0062913421 0.022181834 -0.022074667)
(0.013493074 0.020044945 -0.02107934)
(0.01385756 0.019593531 -0.020789272)
(0.0032952476 0.01464476 -0.017930598)
(0.010241272 0.01272333 -0.017363025)
(0.0056402717 0.021138802 -0.021150447)
(-0.00011020385 0.04073668 -0.0189285)
(0.021573872 0.044785654 -0.010856906)
(0.023692126 0.043940573 -0.013899661)
(0.022330396 0.032747598 -0.023604259)
(-0.0081232461 0.034091744 -0.026816816)
(0.0016921555 0.033713532 -0.027488831)
(0.014654942 0.033691627 -0.021666758)
(0.019433136 -0.02180192 0.0084050674)
(0.020351724 -0.017978814 0.0066826066)
(0.013295455 -0.020226766 0.005251803)
(0.017690547 -0.015635813 0.0068424705)
(0.024247283 -0.017498248 0.004119511)
(0.022146733 -0.017123158 0.0091309242)
(0.020868141 -0.014333327 0.0044280816)
(-0.012384787 -0.031527508 -0.010699535)
(0.002546564 -0.031564196 -0.00097032399)
(0.0025075839 -0.034747927 0.020418583)
(-0.011328793 -0.031084819 -0.024485893)
(-0.017783589 -0.035587345 -0.034430286)
(-0.020092068 -0.030407664 -0.03501055)
(-0.0097329414 -0.035617732 -0.027615943)
(-0.019752056 -0.027999036 -0.02910102)
(-0.024543403 -0.024209711 -0.029491264)
(-0.016441943 -0.031599658 -0.016348787)
(-0.018477919 -0.028879469 -0.029111182)
(-0.013389538 -0.026240238 -0.024575745)
(-0.011181965 -0.027892141 -0.024297369)
(-0.021486093 -0.025865278 -0.033644548)
(0.01366568 -0.032086092 0.018572838)
(0.030511853 -0.049436591 0.085774096)
(0.017684024 -0.045721511 0.061801077)
(-0.0081974456 -0.032981059 -0.012045743)
(-0.0035084111 -0.027962826 -0.014080453)
(-0.0066775619 -0.034481954 -0.0033414576)
(-0.0061129831 -0.032046522 -0.019750617)
(-0.080632883 -0.062666193 0.14262916)
(-0.11692727 -0.093313927 0.20512143)
(-0.11847123 -0.059440426 0.23404402)
(-0.090285537 -0.093145128 0.23261726)
(-0.11595899 -0.066487556 0.18287444)
(-0.088268671 -0.096964256 0.18183991)
(-0.089240662 -0.063776787 0.20501588)
(-0.0023330261 0.02162446 -0.02159138)
(-0.0081938895 0.016767284 -0.025086261)
(-0.0094428473 0.020294279 -0.023431596)
(-0.013607148 0.019129491 -0.024769319)
(-0.0051929058 0.015498041 -0.021330483)
(-0.0060725855 0.020223718 -0.021523474)
(-0.011844657 0.015183678 -0.024943413)
(-0.021700319 0.036437574 -0.022139907)
(-0.048184486 0.029715548 -0.020685641)
(-0.034387694 0.029929905 -0.018919699)
(-0.026157251 0.023096094 -0.023210388)
(-0.027002159 0.02744558 -0.024237177)
(-0.015725506 0.028155573 -0.024118223)
(-0.036467139 0.022597952 -0.026197616)
(-0.01935341 0.0077482314 -0.003457466)
(-0.0081753784 0.0045855871 0.0039508594)
(-0.014758905 0.0037279622 -2.9878692e-05)
(-0.009617917 -0.001053216 0.004113424)
(-0.0092184892 0.0083454687 0.0049633368)
(-0.016503276 0.0053095049 -0.00050329452)
(-0.0049939636 0.0021995614 0.006710074)
(-0.032261398 -0.0029300512 -0.013440202)
(-0.0024634654 -0.016360968 0.01544106)
(-0.015996611 -0.0084507783 -0.00090322976)
(-0.005675575 -0.01379886 0.006711259)
(-0.0058777976 -0.0096766364 0.0049408544)
(-0.015738881 -0.0054017053 -0.00072392332)
(0.0003619467 -0.014108113 0.010095322)
(-0.022311914 0.012034292 -0.0031743738)
(-0.014670471 0.017656989 0.0016646872)
(-0.022908271 0.016275837 -0.0033040415)
(-0.023619114 0.017937264 -0.0057903269)
(-0.012882822 0.014933099 0.0047705326)
(-0.021851609 0.012509831 -0.0023288621)
(-0.014732734 0.019539403 0.0018788324)
(-0.042540343 0.002249226 -0.021140795)
(-0.036863855 -0.0047981852 -0.016438891)
(-0.046699069 0.01087513 -0.023774869)
(-0.031203053 0.012065067 -0.014472307)
(-0.015884686 -0.0051177765 -0.0049469813)
(-0.025706832 0.0045746583 -0.0085097335)
(-0.024146954 0.00086509278 -0.011591117)
(0.0053707372 -0.0042230311 0.0011564563)
(0.0092190311 -0.0054418947 0.0034172668)
(0.0087189999 -0.0037292959 0.0036857135)
(0.0081598259 -0.0016868287 0.0034619404)
(0.0053826552 -0.0041539882 0.0013354989)
(0.0051045479 -0.0027384982 0.0013848891)
(0.0085471049 -0.0035055029 0.0031718115)
(0.012996486 0.0036372612 0.0054906474)
(0.015098831 0.00031211699 0.0062743295)
(0.014696842 0.0028213039 0.006894131)
(0.010662445 0.0010363157 0.004749345)
(0.0099583973 0.00035792137 0.0037280009)
(0.0096205989 0.0019587793 0.0042829308)
(0.011104512 -0.0008110502 0.0043263072)
(0.0048087604 -0.0024468481 0.0014720728)
(0.0064477202 0.0012873073 0.0046512723)
(0.0077978703 -0.0012789176 0.0039817652)
(0.0073837226 0.00030944363 0.0039447842)
(0.0037510357 0.00018943045 0.0027857863)
(0.0046038824 -0.0012614745 0.0018963194)
(0.0061419085 0.0022382185 0.0047516434)
(0.0062698671 -0.01043778 0.00072781258)
(0.010181262 -0.0091120636 0.0035029376)
(0.010150955 -0.011527797 0.0030922507)
(0.01023842 -0.011957381 0.0027654758)
(0.0063848289 -0.0093947797 0.0012757951)
(0.0065662412 -0.011015862 0.00093138825)
(0.010070143 -0.0099142637 0.00319745)
(0.017090617 -0.014956993 0.0045559434)
(0.018279758 -0.012008157 0.006037786)
(0.01918657 -0.014852602 0.0054029732)
(0.01463226 -0.013712876 0.0040163135)
(0.0131774 -0.011934388 0.0042955855)
(0.013678734 -0.013967761 0.0037371444)
(0.014064068 -0.011331321 0.004592147)
(0.0058835326 -0.011921064 0.00017482324)
(0.0087709956 -0.015293569 0.0016061721)
(0.0097214624 -0.013619676 0.002480981)
(0.010107921 -0.013996668 0.0020015342)
(0.0059317806 -0.013590105 -0.00051236767)
(0.0063965539 -0.012521163 0.00027443444)
(0.0095767862 -0.015448261 0.0010815301)
(0.0054988353 -0.010768715 0.016062263)
(0.0076534988 -0.0073515596 0.011232676)
(0.0084422162 -0.011180971 0.010810765)
(0.010256225 -0.010314764 0.014125346)
(0.0060333226 -0.0095742233 0.011660184)
(0.007989115 -0.0085982083 0.015515383)
(0.0081290966 -0.01223582 0.014705169)
(0.0033190236 -0.0084694871 0.01671405)
(0.005343877 -0.0047915259 0.011882734)
(0.0005801263 -0.0043197672 0.012574787)
(0.0038444537 -0.0038779971 0.016399027)
(0.001318827 -0.0058145175 0.016715375)
(0.0034957227 -0.0069456321 0.012364051)
(0.0058622268 -0.0065039666 0.016315542)
(0.0023635373 -0.012235191 0.016308845)
(0.0064628313 -0.013059263 0.011156969)
(0.00092857792 -0.01250612 0.011921974)
(0.0024395769 -0.015097567 0.015196271)
(-0.00096361499 -0.01296129 0.016144473)
(0.0035978829 -0.011355011 0.012012035)
(0.0053149296 -0.014020538 0.015222361)
(-0.0015155922 0.0014570443 0.0039003331)
(-0.0034119801 0.0032853665 0.0052316226)
(-0.00085504665 0.0038610733 0.0064371485)
(-0.00037307828 0.0038697624 0.006793964)
(-0.0029682927 0.0012681729 0.0038994361)
(-0.0012472109 0.0015259291 0.0046896833)
(-0.0025226718 0.0034170136 0.0057993446)
(0.0047908335 0.009447611 0.0097547743)
(0.0021126013 0.010051333 0.009849405)
(0.0045310044 0.010544188 0.010588752)
(0.0019712792 0.0068136041 0.0086316751)
(0.00082133113 0.0063554151 0.0079172181)
(0.0024066712 0.0064723062 0.0085400236)
(3.3030314e-05 0.006510066 0.0079248736)
(0.00072637766 0.0014585325 0.003906233)
(0.0044680293 0.0032726519 0.0057716693)
(0.0018906309 0.0041328727 0.0064744004)
(0.0021055401 0.0041632923 0.0067387583)
(0.0023819813 0.0011436015 0.003933486)
(0.00078365903 0.001643326 0.0046732264)
(0.0042532305 0.0035962183 0.005953004)
(-0.0082235335 0.0011984569 -0.00084670585)
(-0.0072646963 0.0025849147 0.0023070265)
(-0.0096848047 0.0022531829 0.0011755436)
(-0.011544057 0.0023448236 -0.0004445754)
(-0.0081610336 0.0012134623 -0.0012242094)
(-0.0098688586 0.001276976 -0.0020043807)
(-0.0093411261 0.0026362347 0.00032239796)
(-0.01525465 0.0083859301 0.0004947826)
(-0.011208093 0.0092836036 0.0029479991)
(-0.014992768 0.0082297029 0.0024876719)
(-0.014160304 0.0047631358 0.00024666159)
(-0.01226088 0.0063327427 -0.0010053488)
(-0.014584592 0.0054607416 -0.0010077796)
(-0.011115071 0.0056862814 0.00073793486)
(-0.010766337 0.0015908769 -0.0019371345)
(-0.017127669 0.0010245048 -0.00057024096)
(-0.013406978 0.0019458195 -0.00018977968)
(-0.014901492 0.0018059452 -0.0010683378)
(-0.014205198 0.0009458422 -0.0021743476)
(-0.012303478 0.0014337983 -0.0024797622)
(-0.017208296 0.00082403542 -0.00091105791)
(0.0025883098 -0.013519097 -0.0022647489)
(0.0040382158 -0.015310671 -0.0018592408)
(0.0048751213 -0.016051613 -0.0010727478)
(0.006658354 -0.016547346 -0.0019430781)
(0.0033864078 -0.013693618 -0.0031783161)
(0.0039204798 -0.014141786 -0.0027716642)
(0.0056030258 -0.015960498 -0.0025944012)
(0.014038103 -0.021550509 -0.0028695233)
(0.012697768 -0.021771111 -0.0029510853)
(0.014759978 -0.022314167 -0.0019049017)
(0.011015245 -0.019488181 -0.0019844299)
(0.010122623 -0.019198531 -0.0036591198)
(0.011274294 -0.019497458 -0.0026267713)
(0.0096443894 -0.019068442 -0.0028862719)
(0.0032867014 -0.013835636 -0.0018114396)
(0.0074738738 -0.016219537 0.00053667853)
(0.0061044738 -0.016411833 -0.00033377286)
(0.0077786217 -0.016768224 -0.0010797063)
(0.0053037635 -0.014231948 -0.0013845445)
(0.0045754615 -0.014401885 -0.002195369)
(0.0086964072 -0.016477915 -8.303507e-05)
(-0.0095338606 -0.012634558 0.014862442)
(-0.0029680483 -0.015543904 0.0094323422)
(-0.0083388022 -0.013635686 0.0097067349)
(-0.0058625293 -0.015095908 0.012226808)
(-0.0074215159 -0.013448411 0.010420136)
(-0.0047333184 -0.015444587 0.013648706)
(-0.010080267 -0.012727159 0.013604543)
(-0.0074140174 -0.012783647 0.015463973)
(-0.00080590331 -0.015498079 0.010192048)
(-0.0023501386 -0.013170353 0.011648354)
(-0.00042096807 -0.015540759 0.014973034)
(-0.0044152227 -0.013015546 0.015855059)
(-0.0050539902 -0.013376098 0.011128104)
(-0.0029333609 -0.01559452 0.014508475)
(-0.0012329818 -0.0099778059 -0.0016485719)
(0.0016048152 -0.013395892 -0.0013091702)
(-0.00099219024 -0.011961627 -0.00020676584)
(-0.00040439984 -0.011065799 -0.000918927)
(0.00071130716 -0.010356747 -0.0025375486)
(-0.00059701555 -0.0092234952 -0.001880066)
(0.0014840648 -0.012396837 -0.0019279256)
(-0.0019012894 -0.013497314 0.00074041087)
(0.0015988495 -0.016489201 -0.00047951015)
(-0.0021995889 -0.01523481 0.0020164163)
(-0.00049717064 -0.012674785 2.3150671e-05)
(0.0019158713 -0.012587149 -0.002292895)
(-0.00021468027 -0.011511506 -0.00062714319)
(0.0022039194 -0.013974092 -0.0017772504)
(-0.0033702513 -0.0081236607 -0.00080823665)
(-0.0075790332 -0.0075551944 0.0032997888)
(-0.0041356447 -0.0097710676 0.0013404849)
(-0.0030823778 -0.0090486266 0.00062986615)
(-0.0044241184 -0.0057916157 0.00043309512)
(-0.0024183608 -0.0074116987 -0.00095170859)
(-0.0057019775 -0.0073347547 0.002514829)
(-0.015958173 -0.0015780175 0.0022484931)
(-0.01818031 -0.0053997757 0.0047358795)
(-0.019531408 -0.0044544609 0.0033741584)
(-0.018886004 -0.0043227603 0.0027924657)
(-0.015335146 -0.0030098705 0.0035170615)
(-0.015987047 -0.0022994492 0.0022833898)
(-0.018100725 -0.0051662276 0.0040146021)
(-0.020617289 -0.0037594243 0.001314086)
(-0.021346654 -0.0067308455 0.0027783421)
(-0.022640766 -0.0053159243 0.0021367134)
(-0.020529112 -0.0052079116 0.0020813281)
(-0.018426722 -0.005188841 0.0020051808)
(-0.019067128 -0.0041744069 0.0013364422)
(-0.01955543 -0.0062985029 0.0030630396)
(-0.016492834 -0.00032586376 0.00034484616)
(-0.019871956 -0.00089129584 0.00017692276)
(-0.02037434 -0.0028274678 0.0015213301)
(-0.019490412 -0.0027035847 0.0011498819)
(-0.015871464 -6.2318241e-05 -0.00080976941)
(-0.019162554 -0.0012405356 6.7105483e-05)
(-0.016411625 -0.0011665749 0.00046047264)
(-0.011627004 -0.0025025971 0.0041860878)
(-0.015903615 -0.0056975493 0.0061941496)
(-0.014636577 -0.0056182395 0.00629208)
(-0.012820348 -0.0057274952 0.0067923308)
(-0.01167535 -0.0031792617 0.0056477754)
(-0.010093405 -0.0028906686 0.0049341449)
(-0.014447515 -0.0058050908 0.0069786732)
(-0.016074895 -0.010609156 0.0097012872)
(-0.018673237 -0.011098037 0.0091122417)
(-0.017555552 -0.011541003 0.0094517502)
(-0.014161015 -0.0086866395 0.0083237861)
(-0.014513195 -0.0082912298 0.009117642)
(-0.013047239 -0.0082579315 0.0087259306)
(-0.015679097 -0.0086783735 0.008502377)
(-0.010076732 -0.0027922939 0.0031044001)
(-0.010441106 -0.0060131494 0.0047974171)
(-0.012815396 -0.0054945868 0.005812747)
(-0.010709812 -0.0056030052 0.005876167)
(-0.0064953455 -0.0041279384 0.002211201)
(-0.008434668 -0.0060582821 0.0045012106)
(-0.0083410272 -0.0033182463 0.0036095777)
(0.017455945 0.0059640773 0.002457539)
(0.018766479 0.0050945939 0.0017144685)
(0.019119554 0.0070352665 0.0023557297)
(0.017024011 0.0062431992 0.0033935543)
(0.015726206 0.0038977109 0.0025217203)
(0.015645123 0.0051729856 0.0033810296)
(0.016967304 0.0045665007 0.002638671)
(0.014754718 0.0054462729 0.0049812369)
(0.01807151 0.0043603654 0.0045596817)
(0.017993624 0.0069826485 0.0051690871)
(0.016008437 0.0064637715 0.0044976118)
(0.013584267 0.0035471744 0.0037752218)
(0.01339165 0.0051950521 0.0046106552)
(0.016108321 0.0045463466 0.0037573619)
(0.021844102 0.014574989 0.014095308)
(0.021208569 0.014994919 0.0087173066)
(0.020126864 0.0052078711 0.032335059)
(0.022061399 0.015316105 0.007537556)
(0.022040752 0.012875479 0.014436673)
(0.021258754 0.015956897 0.0048769699)
(0.021985545 0.016057815 0.0033937)
(0.017199216 0.0074206502 0.0033908)
(0.018496677 0.010834779 0.004345118)
(0.019043768 0.0089658712 0.0032865155)
(0.016693254 0.0079703825 0.0043816425)
(0.014735157 0.0078090757 0.0051932507)
(0.01527805 0.0065510058 0.004353295)
(0.016048036 0.0094868353 0.0053635433)
(0.020145877 0.003846067 0.00050548816)
(0.019878478 0.0046421961 -0.00044402221)
(0.021492193 0.0040515077 0.00017921191)
(0.020392484 0.002585721 0.00012911744)
(0.018041371 0.0027104728 -0.00040553715)
(0.019225638 0.0023651721 0.0004565958)
(0.019167098 0.0033594189 -0.00069334938)
(0.020823616 -0.0039058135 0.0050876348)
(0.021426193 -0.0021492372 0.004126396)
(0.02285249 -0.0026692989 0.0045362327)
(0.020831684 -0.00051983488 0.0026693863)
(0.018240116 -0.0015626264 0.0026916165)
(0.019312158 -0.0017923355 0.0031791396)
(0.019578531 -0.00024743589 0.002311847)
(0.021269704 0.0050047408 -0.0007188058)
(0.024187691 0.0037792608 0.0010272299)
(0.022835421 0.0039473015 0.00033213512)
(0.02171946 0.0026671358 0.00036795807)
(0.021630219 0.0042092634 -0.00068465314)
(0.020465089 0.0038996384 -0.00086823524)
(0.022913787 0.0025590683 0.00089629507)
(0.013866302 0.011900004 0.0052377105)
(0.013523425 0.014872373 0.0057011974)
(0.015028071 0.014120324 0.0060215947)
(0.012704707 0.012521539 0.0068123249)
(0.010835457 0.011120748 0.0054345288)
(0.011970444 0.010667431 0.0059941291)
(0.011210302 0.012976697 0.0062853631)
(0.0079293318 0.01155445 0.0094837289)
(0.0090095907 0.014816434 0.0091836605)
(0.010920459 0.01460119 0.0095975577)
(0.010445011 0.012580886 0.0085862601)
(0.0066555892 0.010631856 0.008169291)
(0.0079475477 0.010360418 0.00867204)
(0.0090049077 0.012930848 0.0081129741)
(0.014994434 0.011046916 0.0052805076)
(0.017558789 0.012148029 0.0052987301)
(0.016381585 0.01323102 0.0058724721)
(0.013979972 0.011788541 0.0067919806)
(0.013887643 0.0089736908 0.0058600318)
(0.013042932 0.0099078297 0.0061828857)
(0.01506868 0.010781124 0.0062840576)
(0.014508665 0.016771362 0.0042050113)
(0.015525169 0.015600182 0.002545276)
(0.016501144 0.017925934 0.0034499936)
(0.014617409 0.018105161 0.0027600363)
(0.012454562 0.014815423 0.0021913614)
(0.012694899 0.016835283 0.0030614706)
(0.014041799 0.015768448 0.0019156937)
(0.0099829198 0.021840831 0.0023361141)
(0.010469155 0.021294247 0.0038963782)
(0.012301796 0.023261069 0.002994866)
(0.012512154 0.020007095 0.0027632325)
(0.0090757739 0.018185398 0.0020512217)
(0.010526395 0.019302928 0.0019120365)
(0.010800997 0.01873006 0.0030980972)
(0.017925336 0.016119561 0.0017647101)
(0.020844516 0.019481066 0.0016893058)
(0.018819426 0.018682323 0.0025617791)
(0.016797649 0.018772874 0.0021602213)
(0.017989383 0.016840425 0.00056503504)
(0.016399984 0.016273028 0.0012624206)
(0.018606034 0.01967059 0.0013726046)
(0.019739854 -0.017078103 0.0070721174)
(0.018070726 -0.018864751 0.0065369749)
(0.019978598 -0.019536834 0.0056051262)
(0.018754702 -0.018383627 0.0050448228)
(0.016658321 -0.015616791 0.0067827033)
(0.018314076 -0.0158058 0.0061631964)
(0.017086588 -0.0179078 0.0058961466)
(0.01897093 -0.016405858 0.0043404315)
(0.020833851 -0.014986146 0.0056082018)
(0.021592657 -0.017583501 0.0042903979)
(0.019036021 -0.017398315 0.0045966029)
(0.016562275 -0.014292255 0.0050929238)
(0.017098807 -0.016401407 0.0042505883)
(0.018518911 -0.015143114 0.005579281)
(0.017999448 -0.021024387 0.0046749283)
(0.018960681 -0.022655976 0.00071300145)
(0.019671454 -0.021338341 0.0034961807)
(0.01871223 -0.020477548 0.0034096118)
(0.016668896 -0.021731531 0.0024279406)
(0.017144631 -0.020194303 0.0043928294)
(0.018194929 -0.022073365 0.0010796964)
(0.020202452 -0.015826113 0.0084685305)
(0.019619698 -0.016340388 0.010382471)
(0.021232694 -0.017419788 0.009683945)
(0.020405701 -0.014338645 0.010065152)
(0.01782771 -0.012606579 0.0092232648)
(0.019271667 -0.012782403 0.0086052696)
(0.018793698 -0.013681671 0.01051714)
(0.021189217 -0.0079883363 0.0076474784)
(0.021738315 -0.0099470346 0.0076512713)
(0.023311897 -0.011490653 0.0084152807)
(0.020703321 -0.011205506 0.0091320334)
(0.018219518 -0.0073500799 0.0069075656)
(0.019266197 -0.0082519065 0.007988244)
(0.019603704 -0.0099826621 0.0079846354)
(0.020575433 -0.017856035 0.011849796)
(0.022708622 -0.02068411 0.012039913)
(0.022022114 -0.019074518 0.010739457)
(0.02140741 -0.015716654 0.011452503)
(0.020736903 -0.016301052 0.013631424)
(0.019894412 -0.015050499 0.012119721)
(0.022385738 -0.017401024 0.013115134)
(-0.0079918804 0.018415078 -0.0014306157)
(-0.0099874032 0.015745231 -0.0030725933)
(-0.010236409 0.018217479 -0.0010446022)
(-0.011579484 0.015874042 -0.0015679205)
(-0.009538268 0.014433696 -0.0038025508)
(-0.009363074 0.016539179 -0.0018232455)
(-0.011180975 0.013737597 -0.0037139867)
(-0.014525021 0.012298581 0.00033030081)
(-0.010448279 0.017079567 0.0013975412)
(-0.013728426 0.016217242 0.0015095828)
(-0.013492791 0.01451905 -0.00040805413)
(-0.011984568 0.012442262 -0.0017299681)
(-0.014085707 0.011536997 -0.0014782797)
(-0.011138185 0.015326761 -0.00060732965)
(-0.011703921 0.014758522 -0.0030216246)
(-0.014327286 0.015774912 -0.00068015255)
(-0.012563067 0.017253932 -0.00079228733)
(-0.013598178 0.0146252 -0.0012425359)
(-0.013831255 0.011409947 -0.0033884567)
(-0.015227927 0.012912508 -0.0011645592)
(-0.012707792 0.0126134 -0.0034302464)
(-0.0034610466 0.020275048 -0.0009716128)
(-0.0025645089 0.019269349 -0.0026360925)
(-0.0018035192 0.021713395 -0.00087445718)
(9.3371723e-05 0.020780981 -0.00082774104)
(-0.0025007564 0.017623044 -0.0030424332)
(-0.001462409 0.019677502 -0.00093015567)
(-0.00095561127 0.018790031 -0.0024751611)
(0.0064747062 0.022148348 0.0015733186)
(0.0034900379 0.022702608 0.0018423239)
(0.0047473567 0.024611721 0.0012997703)
(0.0032129564 0.022203926 0.00054910126)
(0.0034861913 0.019377355 0.00041767523)
(0.0048172967 0.020516136 0.00058807037)
(0.0017872269 0.020664141 0.00055905235)
(-0.00026528001 0.020349079 -0.0027558674)
(0.0015042401 0.023623784 -0.0020821056)
(-1.1197358e-05 0.022923973 -0.0011799939)
(0.002049008 0.02192197 -0.00099290131)
(0.0031219098 0.020140659 -0.0027946871)
(0.0034818939 0.022472546 -0.0015163535)
(0.0015116841 0.019762416 -0.002434747)
(0.013145968 -0.023617907 -0.0075802999)
(0.012178497 -0.022932503 -0.011364606)
(0.014451718 -0.023427882 -0.0091811866)
(0.01438254 -0.023583195 -0.007377435)
(0.011419205 -0.023111606 -0.0089802196)
(0.013088599 -0.023626576 -0.0061743832)
(0.012395278 -0.023053327 -0.0098230939)
(0.015572252 -0.022833298 -0.0045329293)
(0.014955037 -0.02358481 -0.0076815386)
(0.017275259 -0.023872175 -0.0063691428)
(0.015375894 -0.0233185 -0.006080191)
(0.012843851 -0.022169797 -0.0064165963)
(0.01433366 -0.022444899 -0.0047479519)
(0.013700657 -0.022981687 -0.0078130177)
(0.021063289 -0.023801465 0.0034306523)
(0.021147336 -0.02159278 -0.0017035679)
(0.014155264 -0.020650683 0.017819892)
(0.019489385 -0.023834288 0.0027252358)
(0.020921849 -0.021716273 -0.0035159413)
(0.022120064 -0.022806482 -0.0040636854)
(0.021064159 -0.023024977 -0.005343373)
(0.015014941 -0.02376869 -0.0039219973)
(0.017910515 -0.023355968 -0.0026264545)
(0.016458508 -0.023604923 -0.0060830419)
(0.016013646 -0.023635259 -0.0046350785)
(0.015838628 -0.023002159 -0.00016968973)
(0.014577442 -0.023575073 -0.0030148143)
(0.01730873 -0.023132041 -0.001584013)
(0.0085589666 -0.022128311 -0.013888601)
(0.0070299311 -0.021470134 -0.014542802)
(0.0068000392 -0.022136281 -0.013983884)
(0.0044045572 -0.02203418 -0.013815128)
(0.0060872916 -0.02114582 -0.015008422)
(0.0060408489 -0.021785109 -0.014075008)
(0.0048507953 -0.021224572 -0.014993482)
(-0.0033739101 -0.024758969 -0.0077353485)
(0.0017624192 -0.024991864 -0.0095509356)
(-0.0010749497 -0.026084257 -0.0085083735)
(0.0006087256 -0.023911505 -0.010859179)
(0.0007652916 -0.022785337 -0.011058437)
(-0.001562408 -0.02332876 -0.0099716076)
(0.003144813 -0.02312942 -0.011866354)
(0.0055657822 -0.021397367 -0.014516375)
(0.0029575109 -0.022665922 -0.012270151)
(0.0048722619 -0.022377659 -0.01335914)
(0.00224156 -0.022490504 -0.012827703)
(0.0016164864 -0.021630015 -0.013632345)
(0.0031196446 -0.021414697 -0.014501643)
(0.00059978537 -0.022730082 -0.011808148)
(-0.016773534 0.0081905716 -0.0039754594)
(-0.01377604 0.011220082 -0.0083766118)
(-0.016705747 0.01106002 -0.0046431251)
(-0.016065351 0.0091058257 -0.0063191754)
(-0.01348417 0.0076058404 -0.008603685)
(-0.015831207 0.0060675896 -0.0055033738)
(-0.01330056 0.0099855869 -0.0096054948)
(-0.017225983 0.0022676128 -0.0044420035)
(-0.018191092 0.00046597827 -0.0016632248)
(-0.019239276 0.0030151629 -0.0022862254)
(-0.016789612 0.0054070669 -0.0050049842)
(-0.014776016 0.0023398793 -0.0050579572)
(-0.015162012 0.0046939055 -0.0063652733)
(-0.016302528 0.0028942909 -0.0040628326)
(-0.012914737 0.014536867 -0.0099322504)
(-0.015203542 0.017571968 -0.0074518771)
(-0.016339503 0.014377126 -0.0055994442)
(-0.015708276 0.012251137 -0.0074953532)
(-0.011476448 0.016073185 -0.012931339)
(-0.012550132 0.01319664 -0.01129467)
(-0.014755071 0.015880611 -0.0094487716)
(-0.015118101 -0.018190362 0.0031322289)
(-0.016156216 -0.015340488 0.0042974508)
(-0.017529251 -0.017175307 0.0051503462)
(-0.013976891 -0.01609367 0.0040864023)
(-0.010876732 -0.015467382 0.0012404548)
(-0.01089913 -0.016841007 0.0015996893)
(-0.013230547 -0.014897211 0.0035441072)
(-0.0059575726 -0.015068169 0.0023619214)
(-0.006733068 -0.018252741 0.0015203652)
(-0.010661327 -0.0173823 0.0043459853)
(-0.009682571 -0.015644034 0.0034933511)
(-0.0032029416 -0.01467401 -0.00063564849)
(-0.0059068032 -0.013959476 0.0017940061)
(-0.006640715 -0.016409961 0.0009275837)
(-0.01793134 -0.014234945 0.0061345373)
(-0.020242984 -0.014697668 0.0074777459)
(-0.01920892 -0.015900573 0.0066196883)
(-0.016194728 -0.015108491 0.006106656)
(-0.016840977 -0.013071552 0.0071713094)
(-0.017893586 -0.014079622 0.0074989952)
(-0.015376864 -0.013909404 0.005783874)
(-0.015760938 -0.019745741 0.0012304276)
(-0.016684615 -0.017500576 0.00064560776)
(-0.017652996 -0.019688443 0.0014115917)
(-0.015365498 -0.020540387 -0.00042304316)
(-0.012546142 -0.018654351 -0.0019982254)
(-0.012583699 -0.020467519 -0.0014395573)
(-0.014725036 -0.018400555 -0.001162513)
(-0.008490776 -0.024868571 -0.0045270342)
(-0.0088287017 -0.024929076 -0.0028228063)
(-0.011928078 -0.025965629 -0.0019929025)
(-0.012115419 -0.023093277 -0.002213608)
(-0.0067973877 -0.022600116 -0.0057399025)
(-0.0093488797 -0.022842798 -0.0046053571)
(-0.0095153544 -0.022717953 -0.0032554339)
(-0.01745299 -0.016104998 1.4841804e-05)
(-0.017240252 -0.016992528 -0.0021375415)
(-0.018013691 -0.018790821 0.00016241775)
(-0.016404776 -0.019831049 -0.0006161567)
(-0.016501644 -0.015614178 -0.0015028527)
(-0.016468062 -0.018114759 -0.0019399509)
(-0.01612347 -0.017389446 -0.00095805981)
(-0.01576255 -0.0057452816 0.0019249396)
(-0.014163457 -0.0029388897 0.00097869792)
(-0.014835337 -0.0046599184 -0.00065948614)
(-0.014022175 -0.0028702687 -0.001099465)
(-0.01406462 -0.0030117929 0.0019218164)
(-0.014677149 -0.0039793489 0.0008824116)
(-0.013341012 -0.0016273363 0.00018235667)
(-0.015757561 -0.00074938288 -0.0041305644)
(-0.016432638 -0.004983167 -0.0011441369)
(-0.017019129 -0.0034966355 -0.0032046001)
(-0.015112717 -0.0022296607 -0.0032666637)
(-0.013835567 -0.001749558 -0.0023707711)
(-0.014064284 -5.5458503e-05 -0.0041372961)
(-0.014927684 -0.0038251223 -0.0009742156)
(-0.013132973 -0.0012399302 -0.0013047586)
(-0.014966995 -0.0010688147 -0.0063234152)
(-0.014485807 -0.0031328442 -0.0034349003)
(-0.013755549 -0.00094990166 -0.0036578204)
(-0.012477354 0.002261363 -0.0036908124)
(-0.01240649 0.00031652044 -0.0020300045)
(-0.014196371 0.0011495057 -0.0057170869)
(0.028666672 0.0048658534 0.0004358459)
(0.03292766 0.0018073638 0.0054453909)
(0.030419472 0.002626584 0.0042749266)
(0.028843329 0.00099209979 0.0041534707)
(0.029226855 0.0026738993 0.0013669554)
(0.027418917 0.0032625905 0.00065080791)
(0.030811148 0.00011900743 0.0051980338)
(0.029043965 -0.0092946392 0.012365179)
(0.034095188 -0.0099760815 0.012085518)
(0.031939685 -0.0085132016 0.010972277)
(0.029283207 -0.0041981223 0.0090267728)
(0.028959062 -0.0065605297 0.011306546)
(0.027193137 -0.0056077042 0.0099859206)
(0.031493972 -0.0053756902 0.010563803)
(0.026286761 0.0051416413 1.8904454e-05)
(0.025955099 0.0033063336 0.0022443431)
(0.027951285 0.0030023675 0.003275543)
(0.026391403 0.0016382892 0.0029332979)
(0.023488222 0.0039174168 -0.00033966526)
(0.025033546 0.0037438946 9.9815465e-05)
(0.024747568 0.0020729542 0.0021133772)
(0.035866916 0.0083003128 0.00092619657)
(0.037332998 0.0039780083 0.0056519272)
(0.038498773 0.0069832502 0.0055308938)
(0.041117371 0.0052725575 0.005905671)
(0.03709642 0.0046822321 0.0024186161)
(0.038101173 0.0071126166 0.0013418569)
(0.039493101 0.0024988003 0.0062399921)
(0.054872934 -0.0049566769 0.004203511)
(0.050865259 -0.00721236 0.0078104792)
(0.054163685 -0.00066491981 0.0072241719)
(0.048336356 0.0017988162 0.0075601297)
(0.046760325 -0.0056980675 0.010226433)
(0.049306036 -0.0017841994 0.0076797919)
(0.0461209 -0.00282877 0.0091686306)
(0.036219334 0.010919845 0.00032074418)
(0.038186894 0.014495456 0.0043062756)
(0.038786924 0.010811909 0.0049068737)
(0.04177913 0.0087454416 0.0051594381)
(0.038435231 0.012331606 -0.00038522059)
(0.038564359 0.009781823 0.00051718418)
(0.041484848 0.012521304 0.0041518537)
(0.029239714 0.015623162 0.046220259)
(0.03059513 0.017260542 0.03423008)
(0.031278329 0.01761109 0.011269292)
(0.032800349 0.015771964 0.012196429)
(0.031814969 0.01621154 0.013475041)
(0.02912395 0.016913196 0.038349486)
(0.030023912 0.015424318 0.040928627)
(0.025644901 0.018210566 -0.0015228231)
(0.027295733 0.021677459 -0.00037394412)
(0.0261613 0.020846413 3.3357401e-05)
(0.023818787 0.021203115 -0.00067177166)
(0.02517185 0.018681753 -0.0031486775)
(0.023882741 0.018210317 -0.0021078628)
(0.025011256 0.021738905 -0.0014710079)
(0.020557914 0.025636264 0.029033509)
(0.022634247 0.023842511 0.017176539)
(0.021847691 0.027273723 0.053920943)
(0.023782145 0.023434095 0.017452757)
(0.022287147 0.026432003 0.030048953)
(0.021243494 0.025315908 0.009367498)
(0.022200619 0.025258121 0.0089529815)
(0.01768915 0.02532155 -0.00071671498)
(0.021676182 0.026730506 -0.001124405)
(0.021084265 0.026444644 -0.001179843)
(0.020822861 0.023443618 -0.00048479832)
(0.019318508 0.022601412 -0.0014731839)
(0.018532121 0.022548558 -0.00094999999)
(0.021714676 0.023840706 -0.00066580649)
(0.023494574 0.017607608 -0.00067958111)
(0.02276975 0.019876239 0.00092492872)
(0.02441725 0.020285405 0.00025392444)
(0.022077062 0.020760767 -0.00025025219)
(0.020150233 0.017350924 -0.00031924962)
(0.02043236 0.020138271 0.00060938603)
(0.021746379 0.017751912 -0.0012179496)
(0.032544217 0.018631283 -0.002176451)
(0.031083746 0.022451248 -0.00030688502)
(0.033444726 0.021574594 0.00099839995)
(0.035693046 0.020607602 0.00043922805)
(0.032321392 0.018824108 -0.0036223444)
(0.034293115 0.018188776 -0.002781706)
(0.03314966 0.021723394 -0.00087450989)
(0.048027537 0.025123052 -0.0016982373)
(0.037855861 0.028618598 -0.0016056488)
(0.042878363 0.026541835 -0.0021853027)
(0.040971372 0.024003596 0.0018755119)
(0.040282965 0.021821893 0.00033029962)
(0.044238503 0.020473046 0.0010074466)
(0.037229843 0.0246927 0.00093998456)
(0.034197901 0.017287518 -0.0014038083)
(0.03707162 0.017346705 0.0035812665)
(0.035472714 0.019981887 0.0024572386)
(0.038200153 0.018695433 0.0017502453)
(0.037550148 0.014845625 -0.001161142)
(0.040248742 0.015941451 0.0031104498)
(0.036265358 0.016793737 -0.0019636043)
(0.022287417 -0.02159359 0.016879614)
(0.024486974 -0.023399927 0.015826085)
(0.023908997 -0.023203558 0.01518578)
(0.024569649 -0.020190107 0.01694146)
(0.023177529 -0.019462377 0.018936432)
(0.022653994 -0.019118026 0.017850337)
(0.025371006 -0.020544153 0.017990102)
(0.028350655 -0.014012853 0.014853612)
(0.030307807 -0.019355702 0.014754603)
(0.029357625 -0.018593517 0.013635174)
(0.026627919 -0.017379922 0.016427856)
(0.027078019 -0.014717831 0.017283414)
(0.025874588 -0.013891899 0.016097108)
(0.027638458 -0.018000783 0.017629535)
(0.021881944 -0.021026694 0.015737186)
(0.023181621 -0.021836547 0.013259362)
(0.023550698 -0.022659788 0.014295228)
(0.023934216 -0.019622528 0.015899142)
(0.021509147 -0.017473327 0.015219971)
(0.022063827 -0.018440541 0.016559951)
(0.023175788 -0.018476874 0.014506882)
(0.014691592 -0.026218583 0.034064212)
(0.01800392 -0.027297148 0.0064868031)
(0.015757388 -0.028418861 0.025908035)
(0.014231111 -0.02735581 0.0061125836)
(0.016298642 -0.026001467 0.02924152)
(0.01623724 -0.026961303 0.006926545)
(0.01273809 -0.027699963 0.030435998)
(0.01423932 -0.024631057 0.037199141)
(0.018938341 -0.026433184 0.0070498811)
(0.014849655 -0.023250777 0.031822068)
(0.017488821 -0.025500633 0.0068505999)
(0.013189094 -0.023621589 0.036235087)
(0.015958315 -0.024449033 0.03203746)
(0.017497204 -0.026100483 0.0076647169)
(0.023002266 -0.025216767 0.012220124)
(0.019494436 -0.024843772 0.011628568)
(0.020715762 -0.026372817 0.0076768658)
(0.020789651 -0.025644477 0.0072690237)
(0.021625916 -0.023025368 0.01571821)
(0.023353328 -0.024363564 0.012273541)
(0.020041896 -0.024247901 0.01186874)
(0.028948599 -0.025625195 0.037804824)
(0.048723173 -0.025346878 0.085407951)
(0.012862022 -0.026074295 0.0035297427)
(0.01371728 -0.027478419 0.0027088812)
(0.030266694 -0.02767795 0.038176514)
(0.01377119 -0.028176782 -0.0066364759)
(0.012683741 -0.028279371 -0.0057938208)
(0.021788254 -0.028897392 -0.0043893907)
(0.026641542 -0.026481677 -0.00030597004)
(0.022193322 -0.027965022 -0.0057382622)
(0.023831943 -0.027408289 0.0026226238)
(0.025038066 -0.025728982 0.0073681796)
(0.021932645 -0.027199406 0.0028861839)
(0.025950399 -0.025935022 0.0073517657)
(0.016897403 -0.02555784 0.0062602812)
(0.014029395 -0.026980162 -0.0025035928)
(0.017729001 -0.026923886 0.0023563292)
(0.017738006 -0.02633908 0.0019140049)
(0.014898138 -0.02528615 0.0015908636)
(0.017596958 -0.024962517 0.0065118661)
(0.014055539 -0.026974779 -0.0029424044)
(-0.0059338329 0.027927538 0.044101236)
(-0.0038641369 0.025260299 0.0041284138)
(-0.003943596 0.026658141 0.0046206301)
(-0.0061809212 0.026293797 0.027271519)
(-0.0050628406 0.028229766 0.032858057)
(-0.0055448289 0.026619329 0.0080723303)
(-0.0062457612 0.027000567 0.0373593)
(0.013445475 0.025853702 -0.019081305)
(0.0099604022 0.024643117 -0.018678715)
(0.010856531 0.028146114 -0.022227481)
(0.012259516 0.029793506 -0.023116523)
(0.013973954 0.023664504 -0.018657417)
(0.015408928 0.027554335 -0.020808034)
(0.010645114 0.025885691 -0.020135096)
(0.020370524 0.04032867 -0.023045346)
(0.02348621 0.0393951 -0.020338061)
(0.016095211 0.039828076 -0.020063393)
(0.016186091 0.03623363 -0.026087226)
(0.022987237 0.036302609 -0.022419774)
(0.016858667 0.037070348 -0.023708552)
(0.022266434 0.035000598 -0.024097448)
(0.0066037098 0.026187005 -0.019141367)
(0.0017085367 0.029039122 -0.021603488)
(0.0066571002 0.029072081 -0.02330232)
(0.0067669054 0.030589792 -0.023435929)
(0.0025739582 0.028063875 -0.020787206)
(0.00654341 0.027467307 -0.020569864)
(0.0016475967 0.030607313 -0.022592257)
(0.00051513981 -0.02259737 -0.01108132)
(-0.0018337326 -0.02314095 -0.0087645692)
(-0.00096370644 -0.02329323 -0.0091310634)
(-0.0032510897 -0.022560549 -0.0087983367)
(-0.0026658205 -0.022044868 -0.0097624337)
(-0.0019403821 -0.022276351 -0.010500008)
(-0.003955233 -0.022191175 -0.008354398)
(-0.010505007 -0.019644968 -0.0075147157)
(-0.0097159645 -0.019486275 -0.0095842423)
(-0.0086305789 -0.022055817 -0.0081246977)
(-0.0071014608 -0.022056188 -0.0071691417)
(-0.0097113363 -0.019032868 -0.0060456053)
(-0.0089845803 -0.020494516 -0.006314133)
(-0.0079741951 -0.020590558 -0.0070285801)
(0.0012798591 -0.022287471 -0.012038631)
(0.0012757452 -0.022973007 -0.01110941)
(-1.1188828e-05 -0.023151506 -0.0099683109)
(-0.0021931004 -0.022824451 -0.0096579762)
(8.4237871e-06 -0.022066523 -0.012475917)
(-0.0010786845 -0.022921483 -0.01058345)
(-0.0010337286 -0.022126235 -0.011532645)
(0.004461854 -0.024376098 -0.0095684898)
(-0.00031602305 -0.023871524 -0.0092047745)
(0.002684801 -0.02531754 -0.0090937681)
(0.00095228033 -0.025430184 -0.0091930257)
(0.00039429944 -0.023381926 -0.0087542856)
(0.0034250686 -0.024359935 -0.0085795354)
(-0.0016456046 -0.023688764 -0.009080033)
(0.027743344 -0.024892798 0.039336337)
(0.011684356 -0.025896996 0.0045609253)
(0.040580285 -0.024120542 0.07751348)
(0.010657706 -0.026073634 0.0087864914)
(0.024738852 -0.024847385 0.038093129)
(0.0088636954 -0.027445921 -0.0022484816)
(0.010608495 -0.028223765 -0.0055553771)
(-0.013224122 -0.026919168 -0.021265493)
(-0.014043399 -0.02408802 -0.020595471)
(-0.0088105593 -0.02850909 -0.019474272)
(-0.0032673733 -0.025699195 -0.012251934)
(-0.008646668 -0.022315443 -0.0088174818)
(-0.0054569971 -0.024962074 -0.0099237591)
(-0.0076673652 -0.022335455 -0.011994078)
(0.0079224793 -0.02500851 -0.0074809357)
(0.010470201 -0.026746382 -0.0063825857)
(0.0065794872 -0.026267155 -0.0084468605)
(0.0051916435 -0.026716903 -0.0085965178)
(0.011081582 -0.025388603 -0.0036793399)
(0.0097204788 -0.027267333 -0.0066050888)
(0.0073794022 -0.025085329 -0.0066214439)
(-0.0068960675 0.024449867 -0.0160277)
(-0.0096388235 0.026084686 -0.016512488)
(-0.0095410387 0.025588617 -0.014992723)
(-0.01064625 0.024289029 -0.015437291)
(-0.0080295296 0.023608031 -0.01783428)
(-0.0077056354 0.023207866 -0.016781131)
(-0.01059521 0.024735711 -0.016809542)
(-0.016691417 0.020827291 -0.015449983)
(-0.016215414 0.024447334 -0.018441417)
(-0.017502615 0.023161626 -0.016726443)
(-0.013911765 0.022803267 -0.015399698)
(-0.014103138 0.021937281 -0.015296082)
(-0.013794789 0.020991706 -0.014393839)
(-0.014002385 0.023627508 -0.016366844)
(-0.0080908006 0.022734139 -0.014761595)
(-0.013098401 0.020694371 -0.0099855952)
(-0.010749649 0.023404744 -0.012797312)
(-0.011516941 0.02239591 -0.01390764)
(-0.0099735384 0.019229372 -0.014502987)
(-0.013170144 0.019193165 -0.011629963)
(-0.0085233827 0.021566003 -0.015793117)
(-0.0045786899 0.026675457 -0.017801579)
(-0.0089633804 0.027265263 -0.017604494)
(-0.0071243856 0.028056887 -0.017756759)
(-0.0074335369 0.027879527 -0.019655151)
(-0.0070737541 0.025163122 -0.019213958)
(-0.0052680763 0.026509397 -0.019354294)
(-0.0094124189 0.0265928 -0.019083156)
(-0.013743577 0.028839635 -0.024139291)
(-0.014173415 0.026403496 -0.023307616)
(-0.011431894 0.026791007 -0.024986834)
(-0.012899544 0.029161954 -0.021980463)
(-0.014418249 0.027161979 -0.020614418)
(-0.012315499 0.029245735 -0.022330376)
(-0.01385727 0.027543277 -0.020536087)
(-0.0026771602 0.027034061 -0.017802057)
(-0.0021091069 0.028703533 -0.019467133)
(-0.004810525 0.028414338 -0.018198521)
(-0.0053791965 0.029126778 -0.020641241)
(-0.00062864899 0.02807429 -0.020356786)
(-0.0026193911 0.029978743 -0.021414524)
(-0.0031477575 0.027577422 -0.019872785)
(-0.017665982 0.0036500173 -0.019743009)
(-0.015171465 0.0049809366 -0.013023373)
(-0.01713437 0.0043323327 -0.022147492)
(-0.020927402 0.0067251793 -0.023473564)
(-0.018062453 0.0065748597 -0.011772911)
(-0.020405432 0.0061156888 -0.021014141)
(-0.017844569 0.0069505324 -0.014125585)
(-0.037417411 0.0088454807 -0.045056928)
(-0.028830374 0.0065038209 -0.042073004)
(-0.029300445 0.0074426429 -0.04131535)
(-0.029887562 0.0060653482 -0.03610652)
(-0.03097767 0.0054940467 -0.029700539)
(-0.034395397 0.0069661198 -0.034094545)
(-0.027433287 0.005567307 -0.032479839)
(-0.014029039 0.0050334309 -0.013451373)
(-0.016845367 0.0043963983 -0.020786888)
(-0.016767741 0.0041190039 -0.022370718)
(-0.02129248 0.0063768633 -0.024043827)
(-0.01735754 0.0064920247 -0.014035019)
(-0.017535553 0.0067481397 -0.014779114)
(-0.021451015 0.0060360971 -0.022700933)
(-0.014226054 0.0069968157 -0.0065677687)
(-0.017228828 0.0089328231 -0.011248117)
(-0.016639618 0.0072483143 -0.011633502)
(-0.016206514 0.009732184 -0.0095518081)
(-0.014990882 0.010573931 -0.0056855334)
(-0.014064487 0.0092683924 -0.0058706951)
(-0.016989975 0.011180476 -0.009473352)
(-0.017650985 0.017128673 -0.014238163)
(-0.019636726 0.017702496 -0.017462046)
(-0.020163391 0.014681634 -0.015697584)
(-0.01779868 0.013374835 -0.012493218)
(-0.016879063 0.016934488 -0.010884862)
(-0.0161417 0.015450849 -0.010794534)
(-0.018339374 0.015370898 -0.012413209)
(-0.013804983 0.0053293491 -0.0064075938)
(-0.015699717 0.0017140208 -0.0088584246)
(-0.016288852 0.0048115866 -0.010797724)
(-0.015622272 0.0070262526 -0.0090167619)
(-0.012827127 0.0047768321 -0.0051162117)
(-0.014970717 0.0042286048 -0.0078037212)
(-0.013467817 0.0070262033 -0.0057675792)
(-0.018863776 0.0080295986 -0.012948141)
(-0.015381571 0.0059848416 -0.0083454117)
(-0.01871361 0.0063409624 -0.015932767)
(-0.021600687 0.0072188723 -0.014807835)
(-0.018254406 0.0085790937 -0.0065169278)
(-0.021218759 0.0089349622 -0.012248528)
(-0.017837144 0.0070089663 -0.0076619535)
(-0.013447312 -0.027042319 0.040406737)
(-0.013895438 -0.04324966 0.082149838)
(-0.013729383 -0.0066473159 -0.0026391013)
(-0.015983737 -0.0055564572 -0.0025921102)
(-0.013849149 -0.023582065 0.035265059)
(-0.017547661 -0.003083355 -0.015018689)
(-0.0191911 -0.0021444823 -0.014429767)
(-0.035361858 0.018928488 -0.029897464)
(-0.0300736 0.018909791 -0.02656203)
(-0.032405337 0.015744455 -0.029737729)
(-0.029533448 0.011312294 -0.02453193)
(-0.031387119 0.014188579 -0.017265253)
(-0.033401942 0.013073356 -0.022179729)
(-0.027693652 0.01295145 -0.019359596)
(-0.014395288 0.005240364 -0.0099595192)
(-0.017251384 0.0045429823 -0.019390229)
(-0.018065517 0.0052875296 -0.017980784)
(-0.021654608 0.0061984079 -0.017796227)
(-0.017134052 0.0059925076 -0.011877001)
(-0.021381651 0.0057961517 -0.020102524)
(-0.017425569 0.0063207994 -0.0098360302)
(0.056194695 -0.04278883 0.0054416984)
(0.072886352 -0.038061407 0.021074087)
(0.080892505 -0.023554072 0.060895029)
(0.068339048 -0.039066719 0.0018865004)
(0.058884671 -0.039023239 -0.022252816)
(0.052429166 -0.044910702 -0.015165639)
(0.070882817 -0.03835614 -0.016548497)
(0.058604313 -0.01631173 -0.0018714981)
(0.055369991 -0.024327207 0.0031530389)
(0.065253169 -0.011549751 0.015579235)
(0.062443826 -0.030353831 -0.0018727382)
(0.049545287 -0.026098751 0.00056719073)
(0.057053142 -0.024270623 -0.0047754845)
(0.051219773 -0.036020904 -0.0064310395)
(0.08845297 -0.017562938 0.082808795)
(0.089908342 0.038725442 0.16060877)
(0.095498491 0.0076615063 0.12056251)
(0.082512999 -0.0243705 0.028641492)
(0.092568166 -0.022849872 0.025775438)
(0.08759812 -0.0052225795 0.053814403)
(0.083324519 -0.031085608 0.0013851552)
(0.033920176 -0.047985241 -0.020200949)
(0.035569479 -0.04831172 -0.028593947)
(0.031608828 -0.037956505 0.01768054)
(0.0082812224 -0.039732797 -0.030174355)
(0.03301376 -0.041043895 -0.041510012)
(0.016641342 -0.043693622 -0.030960258)
(0.02278255 -0.041445598 -0.044344745)
(0.013830572 -0.029919926 -0.0095215156)
(0.015871732 -0.033035759 -0.0083839745)
(0.012198372 -0.032378095 -0.0083420185)
(0.0051315412 -0.032158966 -0.011850926)
(0.019092581 -0.030312566 0.00013550785)
(0.01361919 -0.0298291 -0.0051394543)
(0.011382708 -0.033705956 -0.0075182678)
(0.025319272 -0.04309564 0.013127342)
(0.034237645 -0.041229978 0.079731506)
(0.034682498 -0.034053005 0.058555727)
(-0.00010298231 -0.033949696 -0.019192615)
(-0.00084969268 -0.031292727 -0.023875335)
(-0.0047591194 -0.033129854 -0.0058421736)
(0.00833415 -0.036353417 -0.037930808)
(-0.053683263 0.073842076 0.13683347)
(-0.086587364 0.090889998 0.23015935)
(-0.081222514 0.11396401 0.20159977)
(-0.041736609 0.11020146 0.23168305)
(-0.050736131 0.10633109 0.17644415)
(-0.090684637 0.087319664 0.17754512)
(-0.052183352 0.082398428 0.19970353)
(0.019111967 0.053943259 0.036909903)
(0.00052003913 0.042920819 0.068217896)
(-0.0041654629 0.055024664 0.080137673)
(0.01012905 0.045609835 0.029116608)
(0.025241067 0.052707329 0.0086084744)
(0.023782961 0.05157245 0.0087475727)
(0.010087419 0.043659885 0.026299538)
(0.022338077 0.043567352 -0.014682662)
(0.025179848 0.04675553 -0.0030943853)
(0.0098187057 0.047338703 0.013346313)
(0.017719137 0.043496271 0.0032254183)
(0.027872669 0.046171532 -0.016431835)
(0.019743879 0.043084178 -0.01176224)
(0.028214095 0.046754331 -0.0083109068)
(-0.016178551 0.043289539 0.1112965)
(-0.059907248 0.04559094 0.17066294)
(-0.031951362 0.056398377 0.13281113)
(-0.0021276378 0.041336356 0.052467862)
(-0.0021668491 0.028715346 0.051464232)
(0.0029202295 0.035202894 0.04016724)
(-0.016050531 0.035614823 0.067685652)
(0.062422052 -0.090425037 0.14905797)
(0.05884461 -0.13126642 0.24775504)
(0.094875354 -0.12928435 0.21454413)
(0.095692214 -0.10471672 0.23924073)
(0.099865778 -0.10050296 0.18802417)
(0.0642792 -0.12634287 0.19301826)
(0.063001307 -0.10214356 0.21518559)
(-0.021239599 -0.029908521 -0.00079830538)
(-0.034667099 -0.023564156 0.021802501)
(-0.0122967 -0.03605837 0.052318934)
(-0.040290453 -0.0053807805 -0.021310539)
(-0.048904684 -0.017505571 -0.052975649)
(-0.041838593 -0.012888119 -0.043610153)
(-0.047284263 -0.0069542323 -0.037845458)
(-0.043819177 0.0049914954 -0.051119172)
(-0.039230716 -0.0012723731 -0.044110787)
(-0.035127152 -0.00072370506 -0.034475056)
(-0.04797413 -0.002412713 -0.04711802)
(-0.045503751 -0.0033163109 -0.048917228)
(-0.048827319 -3.178634e-05 -0.05141162)
(-0.046775826 -0.005736611 -0.049743647)
(-0.037275544 -0.022365639 0.064311604)
(-0.033311395 -0.038602085 0.11019953)
(-0.017777427 -0.04045172 0.090803907)
(-0.045205961 -0.00037081198 -0.0030906722)
(-0.048178541 0.012434227 -0.0095571142)
(-0.04437823 0.0046119093 -0.017793735)
(-0.050596338 0.0059077284 0.004827712)
(-0.031036999 0.019978488 -0.0048474236)
(-0.032480573 0.020794284 0.018727509)
(-0.034744649 0.012576072 0.038698501)
(-0.022260195 0.021164294 -0.0070799291)
(-0.034616825 0.024909202 -0.02737154)
(-0.027629841 0.023591644 -0.020521774)
(-0.024672237 0.021142516 -0.015520557)
(-0.015767062 0.026026805 -0.02307236)
(-0.015559381 0.025324682 -0.020594699)
(-0.016011028 0.023427788 -0.014575524)
(-0.018542393 0.024099451 -0.019660185)
(-0.022852131 0.026377946 -0.020208197)
(-0.020508728 0.027360508 -0.022062856)
(-0.021727909 0.02470314 -0.020027516)
(-0.038529548 0.021457863 0.086102137)
(-0.066169528 0.024816189 0.15917231)
(-0.055391263 0.011083041 0.11068214)
(-0.020517457 0.022686048 0.02085255)
(-0.0054104837 0.024225889 0.034287652)
(-0.021257066 0.02693954 0.048882597)
(-0.014604681 0.02010371 0.006779448)
(-0.037494323 0.019776304 -0.0043513799)
(-0.043395534 0.010494888 0.0093669475)
(-0.046757459 0.0067790965 0.037513828)
(-0.04518747 0.023148754 -0.015539202)
(-0.051251137 0.02254058 -0.026515344)
(-0.04219043 0.025301702 -0.023559289)
(-0.052372922 0.020907618 -0.023426406)
(-0.038710778 0.027472622 -0.033419678)
(-0.032104434 0.029945936 -0.022356353)
(-0.039398205 0.021988895 -0.012089919)
(-0.042315495 0.028336926 -0.027021618)
(-0.041854267 0.023820184 -0.025045693)
(-0.044763567 0.023890593 -0.031299939)
(-0.038242584 0.028957873 -0.026717715)
(-0.048697257 -0.00095138785 0.046154564)
(-0.050697616 -0.030413468 0.11443451)
(-0.057891429 -0.013880703 0.088042003)
(-0.050556686 0.01786563 -0.0044294682)
(-0.050470677 0.014751253 -0.0097519462)
(-0.052291452 0.01226804 0.0055619827)
(-0.052669527 0.017356476 -0.017408046)
(-0.011017603 -0.0053823209 0.0035403642)
(-0.011692382 -0.001563544 -0.010976573)
(-0.014820802 -0.0070655218 0.023236222)
(-0.011384506 -0.00099723086 -0.014421245)
(-0.013899621 -0.0060480608 0.016354186)
(-0.011591924 -0.00028346115 -0.016261645)
(-0.011463402 -0.0054253598 0.008241354)
(-0.0029082176 -0.018889366 -0.0012696667)
(0.0029007304 -0.01735068 -0.004936694)
(-0.00044903622 -0.015623357 -0.0029571928)
(0.00028264788 -0.019357745 -0.0040013934)
(-0.0031521403 -0.017187734 -0.0019686039)
(-0.00080420224 -0.017694846 -0.0042741946)
(0.0015072017 -0.016029484 -0.0050730604)
(0.014954778 -0.0018086584 0.0057258286)
(0.012907856 -0.001886905 0.0043342668)
(0.010052408 -0.0011526526 0.0034976122)
(0.014282981 -0.0033505919 0.0051567189)
(0.011217823 -0.002504101 0.0040987073)
(0.011066578 -0.0036683106 0.0040245154)
(0.0099565976 -0.0024737929 0.0034831131)
(0.016917063 -0.0093572671 0.0060544308)
(0.014100752 -0.0078772047 0.0053048408)
(0.012201724 -0.009607995 0.004431265)
(0.015438093 -0.0068331233 0.0057622658)
(0.013075798 -0.0089778026 0.0046226884)
(0.011846684 -0.0066878725 0.0044324224)
(0.011112181 -0.0076670049 0.0043350174)
(-0.02012592 -0.007573793 0.0038869007)
(-0.01802351 -0.0066686592 0.0036074096)
(-0.017505207 -0.0058762154 0.0031790858)
(-0.018505048 -0.0068898337 0.0043276972)
(-0.019063991 -0.0080475916 0.0048926161)
(-0.017617035 -0.0073373647 0.0054120309)
(-0.016809815 -0.0062823903 0.0040974152)
(-0.019070809 -0.010405251 0.0083462781)
(-0.017994042 -0.0091003125 0.0081612464)
(-0.015677272 -0.008228953 0.0091436954)
(-0.016677092 -0.0085695165 0.0083399771)
(-0.018823526 -0.0093241421 0.0072193739)
(-0.017040808 -0.0081291762 0.0075966414)
(-0.016181369 -0.007879836 0.0084356512)
(0.019815127 -0.0018891777 0.0039172535)
(0.016774586 -0.0028566919 0.0039069122)
(0.016809809 -0.0017509219 0.0027101075)
(0.018021583 -0.0016121216 0.0037155523)
(0.018067784 -0.00040595985 0.0024398498)
(0.016454625 -0.00046772793 0.0025252755)
(0.015499027 -0.0017591106 0.0027177805)
(0.0084156638 0.019296781 0.0043839263)
(0.0043660994 0.016612096 0.0022343152)
(0.006919457 0.016705198 0.0020750199)
(0.0086829615 0.017119061 0.003423638)
(0.0063588061 0.017167089 0.004452008)
(0.0069885596 0.015531661 0.0035422126)
(0.0053972347 0.015129727 0.0018155663)
(0.012597548 -0.022955658 -0.008685875)
(0.010153702 -0.021000707 -0.0080155602)
(0.011253546 -0.021516734 -0.0077803388)
(0.011686995 -0.022295097 -0.0092852634)
(0.010350616 -0.021995118 -0.0092904326)
(0.0099243546 -0.021565841 -0.010075276)
(0.0097022173 -0.020753393 -0.0088356092)
(0.0046502357 -0.02356602 -0.010308339)
(0.0046618764 -0.021424315 -0.010206871)
(0.0035245516 -0.02166542 -0.011839672)
(0.0054817062 -0.02213909 -0.012206458)
(0.0069338259 -0.022301695 -0.010368616)
(0.0071364047 -0.021274614 -0.012043958)
(0.0051755397 -0.020721176 -0.011978271)
(-0.017359684 -0.0014311668 -0.0013055606)
(-0.01546991 -0.0031494805 -0.0010098852)
(-0.01454399 0.00019725039 -0.0037001349)
(-0.01688481 -0.0027484571 -0.00071255688)
(-0.015708635 0.00060834227 -0.0031267999)
(-0.015391038 -0.00071964113 -0.0024269499)
(-0.014186873 -0.0010376651 -0.0027800744)
(0.03600395 -0.011121423 0.01348363)
(0.034161609 -0.012241662 0.01635296)
(0.031258255 -0.0076408319 0.012802235)
(0.033746993 -0.0063647821 0.011982472)
(0.03773579 -0.012293502 0.014928618)
(0.035553744 -0.0077551529 0.013259355)
(0.032773584 -0.008831109 0.013864916)
(0.046517598 -0.011127673 0.010338816)
(0.042673899 -0.013708436 0.014190788)
(0.044012724 -0.0082204942 0.012445679)
(0.043312804 -0.0061042964 0.011398124)
(0.04213505 -0.012414591 0.013254149)
(0.040433056 -0.0083014739 0.01319549)
(0.041199896 -0.010068338 0.014104457)
(0.021663957 0.027175917 -0.00068336843)
(0.019827301 0.024525675 -0.0013155976)
(0.020119373 0.022239479 -0.0020112511)
(0.022527997 0.024037932 -0.0010989789)
(0.022518874 0.027030632 -0.00019879083)
(0.023643815 0.023518206 -0.001642357)
(0.021284752 0.021424923 -0.0028875043)
(0.033227293 0.029021749 -0.00070129192)
(0.033103915 0.02642958 -0.0013167067)
(0.035753862 0.02224855 -0.00085644238)
(0.032934236 0.02444942 -0.00018319994)
(0.028534236 0.028338701 -0.00029296228)
(0.029149035 0.023731769 -0.0012599011)
(0.032210516 0.021658378 -0.002143728)
(0.029721668 -0.024712163 0.0066220749)
(0.031953025 -0.022711614 0.013076472)
(0.027578658 -0.0237247 0.012785551)
(0.027900097 -0.023879243 0.013005191)
(0.031635595 -0.022449061 0.012736107)
(0.028987722 -0.021810927 0.016523017)
(0.028935176 -0.021626829 0.016435378)
(0.026296673 0.036293307 -0.017435432)
(0.031240236 0.03327312 -0.015986951)
(0.027086615 0.033480219 -0.020061664)
(0.026062461 0.031555683 -0.013400747)
(0.024315705 0.031861838 -0.019736766)
(0.024453183 0.027473882 -0.014979596)
(0.028057055 0.029129119 -0.016457912)
(-0.010589454 -0.016460356 -0.010451096)
(-0.013137805 -0.012082958 -0.0075872707)
(-0.010324484 -0.017254722 -0.0056873747)
(-0.0084861158 -0.01890547 -0.0068389612)
(-0.012308584 -0.013496155 -0.010516788)
(-0.0097452208 -0.016464252 -0.0060925959)
(-0.011004319 -0.015256422 -0.0047608413)
(-0.016165025 -0.019067588 -0.018070493)
(-0.017068862 -0.015162779 -0.012267196)
(-0.010250391 -0.01925398 -0.0065666406)
(-0.0097706702 -0.019157888 -0.0097515771)
(-0.015892208 -0.014183936 -0.014204185)
(-0.010654961 -0.016227992 -0.0071452097)
(-0.010794102 -0.016469102 -0.0042366203)
(-0.016538201 0.023842544 -0.017919172)
(-0.0184232 0.02172148 -0.01597278)
(-0.014870096 0.02225166 -0.016180071)
(-0.017720086 0.022917784 -0.01717792)
(-0.014717546 0.023669069 -0.016990154)
(-0.015798482 0.023133421 -0.017629882)
(-0.016322212 0.021955872 -0.017289934)
(-0.016417719 0.025793992 -0.020828771)
(-0.020069278 0.023707542 -0.01775003)
(-0.016470647 0.02474954 -0.019346311)
(-0.018059963 0.02437715 -0.018520176)
(-0.01492143 0.025508756 -0.019255134)
(-0.016095002 0.023704899 -0.018635099)
(-0.018203215 0.022969958 -0.019144678)
(-0.027110494 0.0045495806 -0.036292367)
(-0.02448923 0.0013424609 -0.022286511)
(-0.026074904 0.0033121316 -0.021474854)
(-0.023418261 0.0024105999 -0.026401363)
(-0.024830844 0.0043167047 -0.025400136)
(-0.021541288 0.00241501 -0.015977913)
(-0.021376079 0.0014085244 -0.012203512)
(-0.026832519 0.019246712 -0.020755209)
(-0.027680319 0.018838105 -0.014471573)
(-0.028996196 0.015167565 -0.013002057)
(-0.024646059 0.018728598 -0.01607113)
(-0.026062343 0.014204786 -0.014206088)
(-0.024715331 0.015998942 -0.011746659)
(-0.027237542 0.016877943 -0.011877532)
(0.017386432 -0.013554229 0.033351341)
(0.025315718 0.0010315843 0.0091197565)
(0.025540752 -0.0015820826 0.014603194)
(0.026336692 -0.00087922709 0.0092483522)
(0.025762321 -0.0018382031 0.010044062)
(0.023920983 -0.0060826972 0.017679631)
(0.025365531 4.91793e-05 0.0072535772)
(0.014228498 -0.019145166 0.030906743)
(0.026439039 -0.012717522 0.0085971014)
(0.024464746 -0.014206694 0.013589601)
(0.026406364 -0.011684534 0.0095832459)
(0.026442598 -0.010312966 0.009653536)
(0.023172416 -0.013267421 0.017256999)
(0.026440039 -0.010807045 0.0075069789)
(0.016473271 -0.016396622 0.035218214)
(0.026966065 -0.0094981116 0.0092244457)
(0.025436003 -0.011709731 0.014911765)
(0.026476911 -0.010320088 0.0098712539)
(0.025967964 -0.0084699754 0.010559619)
(0.023180693 -0.011838738 0.018141052)
(0.026376819 -0.0087697184 0.0075500234)
(0.019472555 0.01287989 0.026772378)
(0.016995202 0.017335811 0.013740308)
(0.018504307 0.019103735 0.0085444322)
(0.0176565 0.016231382 0.014392895)
(0.019604325 0.017882551 0.0092263702)
(0.018073061 0.017324474 0.0078163506)
(0.017173381 0.017957444 0.0079715851)
(0.014472307 0.0076664778 0.034513578)
(0.0082120842 0.020549795 0.012334811)
(0.0098990465 0.019045494 0.017392862)
(0.008151034 0.021679721 0.012534626)
(0.006276088 0.020618378 0.012535173)
(0.0095153215 0.017543537 0.020263009)
(0.0068677247 0.021204362 0.010471848)
(0.010445228 0.011826745 0.033845301)
(-0.0039352915 0.022182287 0.0081858655)
(-0.00049905361 0.022275502 0.014188648)
(-0.00091360795 0.023815629 0.0090801218)
(-0.0010085474 0.021769242 0.010155979)
(0.0036099554 0.019723212 0.018174314)
(-0.002645597 0.022686963 0.006682517)
(0.012950913 0.015425703 0.036165441)
(0.003586574 0.026253492 0.0082854611)
(0.0042239733 0.025241588 0.014403768)
(0.0021508174 0.025398989 0.0089774813)
(0.0048478824 0.0242536 0.010853522)
(0.0065865725 0.021390462 0.019155847)
(0.0027797112 0.025238216 0.006614818)
(-0.010557124 0.019216442 0.021896134)
(-0.012648859 0.021453622 0.0087166951)
(-0.01412231 0.023278049 0.0038050131)
(-0.012701284 0.020550908 0.010962684)
(-0.014867307 0.021600913 0.0055102798)
(-0.014862293 0.020918119 0.002960256)
(-0.014311203 0.022055657 0.001629197)
(-0.0088484425 -0.014653152 0.028439851)
(-0.0045497495 -0.02778634 0.0016320394)
(-0.0066996053 -0.025042559 0.0091215128)
(-0.0044514612 -0.026547689 0.0031498987)
(-0.00099462112 -0.026176994 0.0015335732)
(-0.0041671433 -0.021748551 0.011247935)
(-0.0027236894 -0.027444134 -0.0011003882)
(-0.011649765 -0.00026633517 0.020816456)
(-0.022399764 -0.0048427382 0.0032497051)
(-0.020175042 -0.003709838 0.0074536063)
(-0.02149273 -0.0051069192 0.0037627358)
(-0.021786305 -0.0069285139 0.0037534594)
(-0.018254436 -0.0044307029 0.0094968182)
(-0.022241163 -0.0058410327 0.0021129771)
(-0.013661211 -0.0019031304 0.022212541)
(-0.020688818 -0.011800359 0.0064063345)
(-0.019680391 -0.009843871 0.0095325476)
(-0.020212688 -0.010717572 0.0055659036)
(-0.020490676 -0.011031849 0.005738038)
(-0.017934049 -0.0079631677 0.010562193)
(-0.020665372 -0.011473762 0.0047709739)
(-0.013065704 5.2814135e-06 0.024531526)
(-0.019758778 -0.0081953122 0.0034750498)
(-0.019159104 -0.007379621 0.0083339567)
(-0.019882561 -0.0088055005 0.0047004458)
(-0.019415227 -0.0074295259 0.0048809151)
(-0.017347851 -0.0049351163 0.0116926)
(-0.019855928 -0.0085661878 0.0024225687)
(0.07372371 0.01078628 0.1228387)
(0.043805389 -0.017816778 0.032229101)
(0.051026915 -0.013316344 0.054952986)
(0.046783237 -0.018612835 0.036638496)
(0.051865917 -0.013437092 0.046400181)
(0.064823129 -0.0016901625 0.083752987)
(0.041378585 -0.02051722 0.021249992)
(-0.02579165 0.060126092 0.10810153)
(0.0093033417 0.040979508 0.024478048)
(-0.0022323152 0.045516822 0.050245471)
(0.0047640396 0.043323783 0.031645075)
(0.0077642329 0.04509087 0.032811558)
(-0.01167589 0.0542471 0.070266371)
(0.012870303 0.039561558 0.014614767)
(0.0188584 -0.064489488 0.11822773)
(-0.0082576782 -0.029102114 0.017831925)
(-0.0035046401 -0.039172485 0.045625872)
(-0.0077439762 -0.030188161 0.02219788)
(-0.0042346442 -0.036423503 0.033926493)
(0.0078810979 -0.053109496 0.077081739)
(-0.010232851 -0.022278314 0.0024650517)
(0.084884444 -0.093047605 0.15098632)
(0.02005263 -0.047549398 0.044194101)
(0.05258462 -0.070534666 0.093747868)
(0.025532097 -0.052901047 0.054537461)
(0.02138511 -0.04891097 0.05213267)
(0.047396044 -0.071946818 0.098334909)
(0.007633211 -0.039216903 0.025304602)
(0.064959218 -0.11807376 0.16557015)
(0.0086190399 -0.052019024 0.04811748)
(0.03686607 -0.087834623 0.10552604)
(0.016058577 -0.063954097 0.061415508)
(0.01143149 -0.056426291 0.0582561)
(0.039241336 -0.086176546 0.11106893)
(-0.00051963926 -0.038934445 0.023392857)
(-0.0484611 -0.031197714 0.10143254)
(-0.031009094 0.0086999294 0.013164285)
(-0.03455399 -0.0052338771 0.040643148)
(-0.032155126 0.0042193569 0.021207301)
(-0.033820034 0.0064660889 0.022222559)
(-0.042752904 -0.015313455 0.063244052)
(-0.028002113 0.014077718 0.00094513536)
(-0.11342046 -0.059152121 0.15634129)
(-0.053883186 0.002196888 0.043542336)
(-0.086075623 -0.026663459 0.096987486)
(-0.064667173 -0.004719051 0.0527007)
(-0.057152278 -0.00095317567 0.050784147)
(-0.08386596 -0.031235806 0.10095079)
(-0.041929156 0.011501659 0.019325139)
(-0.091478133 -0.08306207 0.1522506)
(-0.051292361 -0.01324311 0.046185145)
(-0.071346831 -0.046913423 0.09424513)
(-0.053657814 -0.015696845 0.048662939)
(-0.050880139 -0.013805478 0.04982577)
(-0.070636946 -0.040724875 0.092406097)
(-0.042117225 0.0019277312 0.021896027)
(-0.051271721 0.02086857 0.096383964)
(-0.013604744 0.025492186 0.0043312978)
(-0.030329973 0.025170531 0.040056295)
(-0.014366681 0.023547517 0.0096362941)
(-0.033826036 0.022229415 0.050450632)
(-0.0089961953 0.023502501 -0.0074811583)
(-0.0087251293 0.025078382 -0.01156855)
(-0.070296108 -0.18224347 0.20925956)
(-0.080285714 -0.11828312 0.18188956)
(-0.071592237 -0.1262205 0.16784885)
(-0.065788749 -0.1382961 0.19332534)
(-0.059974079 -0.1423662 0.1743385)
(-0.056096841 -0.094452699 0.14146402)
(-0.065568908 -0.084272423 0.13645317)
(-7.4452956e-06 0.009711447 0.0081754552)
(-0.00070945625 0.0092557357 0.0058183027)
(-0.00087738475 0.0062078646 0.0062798797)
(-0.001873792 0.0061858002 0.0062531189)
(-0.002034591 0.0097181583 0.0059951923)
(-0.003578319 0.006213194 0.0043329034)
(-0.0022604499 0.0062308832 0.0045694436)
(-0.0079542056 0.0097709954 0.0033888764)
(-0.0071958444 0.010116151 0.0011157461)
(-0.0096853687 0.0067977436 -0.00073865667)
(-0.0084811203 0.0061734034 0.0013320237)
(-0.0055992691 0.0099215806 0.0034021207)
(-0.0065158794 0.0066560747 0.0018625615)
(-0.0076440464 0.0070601798 -0.00022022696)
(-0.00035494476 -0.016497773 0.013753691)
(0.012535074 -0.026224171 -0.0022717505)
(0.0088492868 -0.024434855 0.0016974678)
(0.010214874 -0.02585543 -0.00092695942)
(0.0062534317 -0.02268486 0.0045353271)
(0.0095236975 -0.025518095 -0.00036558768)
(0.011474764 -0.026142322 -0.0031516828)
(-0.0043393066 -0.011962856 0.017684613)
(0.0026317757 -0.023714532 0.0020367396)
(0.0030662272 -0.021469191 0.0048723282)
(0.0028899725 -0.024479792 0.0023762595)
(0.0023857907 -0.021647042 0.006697953)
(0.006224825 -0.02437257 0.0011596224)
(0.004721633 -0.024603474 -0.00033899317)
(0.030158231 0.00089310631 0.045973109)
(0.032397561 -0.0026673271 0.025625397)
(0.032652969 -0.0014508973 0.017152756)
(0.031335439 -0.0023009577 0.026584246)
(0.031462878 -0.00089701078 0.017847223)
(0.031496954 -0.0023903856 0.011994348)
(0.032660409 -0.002831482 0.012135147)
(0.112724 0.076814789 0.16693161)
(0.075941001 0.011643233 0.065335384)
(0.095398068 0.042086442 0.1123184)
(0.074125198 0.011165789 0.070761628)
(0.092584187 0.035479458 0.11196576)
(0.077390178 0.011944106 0.070005928)
(0.066646072 -0.002927003 0.045350942)
(0.13003412 0.048721988 0.16427787)
(0.07054761 -0.0082599131 0.056837919)
(0.10296674 0.018732537 0.10717374)
(0.073679649 -0.0037224644 0.065464375)
(0.10344912 0.025602504 0.11826924)
(0.084061291 0.0012050386 0.070234967)
(0.059856069 -0.014839721 0.036210614)
(-0.053426815 0.12514742 0.16098054)
(0.0056439803 0.071064581 0.057105563)
(-0.022984553 0.099680753 0.10499035)
(0.00153701 0.07155019 0.062014933)
(-0.027995452 0.09746303 0.11019748)
(-0.0035950087 0.080140398 0.065147411)
(0.013402568 0.060309833 0.035177694)
(-0.078899741 0.10543923 0.1581299)
(-0.013667255 0.065723671 0.056589183)
(-0.04445679 0.085647627 0.10172273)
(-0.012943746 0.065241723 0.06044188)
(-0.037697485 0.084377793 0.10109006)
(-0.014425552 0.069826021 0.060800548)
(0.0012110018 0.058737878 0.036388728)
(0.0103904 0.013125089 0.016945997)
(0.011758419 0.013363939 0.018691474)
(0.012867611 0.0052684163 0.028314429)
(0.0079440889 0.015964273 0.015233775)
(0.010558967 0.016583813 0.015676172)
(0.010199599 0.017298511 0.012819182)
(0.0086250901 0.017777789 0.012434967)
(0.015705092 -0.025323135 0.002041329)
(0.015532812 -0.024684264 0.0022231038)
(0.0058948377 -0.021850013 0.0097421271)
(0.016597876 -0.026637177 -0.0013933398)
(0.016601681 -0.025800661 -0.0017461058)
(0.020508078 -0.026207356 -0.0033759723)
(0.019548225 -0.026927457 -0.0053853268)
(0.03875872 -0.0077432172 0.050195653)
(0.038883424 -0.012162311 0.048400573)
(0.045836265 -0.0013004484 0.080275702)
(0.040078148 -0.010073597 0.04126221)
(0.039181573 -0.014359234 0.040359071)
(0.036305097 -0.013808754 0.027178018)
(0.036860078 -0.015015505 0.023510285)
(0.018693462 -0.0090183447 0.025396861)
(0.021429942 0.0020662565 0.015061007)
(0.022020111 0.0024440074 0.016843043)
(0.023194815 0.0025560467 0.012210939)
(0.023445675 0.0032367751 0.012383201)
(0.022198758 0.0075600317 0.0098967995)
(0.02322356 0.006114382 0.0081915765)
(0.013584516 -0.019789664 0.02264773)
(0.022055748 -0.018154185 0.010292897)
(0.021411903 -0.01832338 0.011355998)
(0.02502899 -0.015310238 0.0092430695)
(0.024439405 -0.01689363 0.009115132)
(0.026040519 -0.017387928 0.0056012471)
(0.026356631 -0.015668912 0.0058785065)
(0.022973493 -0.012893215 0.035377877)
(0.027053553 -0.0094775546 0.023097802)
(0.026754959 -0.012549862 0.023453432)
(0.027572175 -0.0072680486 0.014612924)
(0.027686497 -0.010853121 0.01597113)
(0.02769943 -0.0096259186 0.011640637)
(0.027618277 -0.008332947 0.0090943044)
(-0.010190685 0.01381152 0.011059669)
(0.0019550208 0.011047067 0.022545936)
(-0.0090427865 0.015777226 0.012894573)
(-0.0098969014 0.016486303 0.0091343158)
(-0.0091941066 0.017908253 0.009547382)
(-0.01481058 0.016493157 0.005997885)
(-0.012915361 0.018044392 0.0050812047)
(0.01203492 0.026377314 0.021415727)
(0.012377734 0.021608145 0.03549567)
(0.009865396 0.027027496 0.021805411)
(0.010574559 0.027325087 0.014369064)
(0.0077259813 0.027606536 0.013262789)
(0.010072185 0.028173181 0.0086245421)
(0.008855781 0.028027224 0.0065258789)
(-0.010956884 -0.015300341 0.012690256)
(-0.012758584 -0.0069356947 0.024899181)
(-0.013481493 -0.014734204 0.015479874)
(-0.0068385984 -0.019220534 0.0093572988)
(-0.011031358 -0.018930646 0.010855795)
(-0.01086384 -0.020057251 0.0076661308)
(-0.0080627918 -0.021197103 0.0059087226)
(-0.0069019206 -0.027668627 0.014174546)
(-0.0085806844 -0.022705459 0.027012915)
(-0.010553216 -0.02743463 0.016149833)
(-0.0039901937 -0.028971994 0.0049823648)
(-0.0086591503 -0.02920158 0.0082022533)
(-0.0083942506 -0.029712353 0.0029090906)
(-0.0066210989 -0.030081356 6.0897514e-06)
(-0.020027171 1.6844191e-05 0.0083849083)
(-0.021733458 -0.0028391884 0.0064955397)
(-0.013140009 -0.0012011939 0.014884478)
(-0.023506511 -0.0054209793 0.0042769424)
(-0.022230108 -0.0016966365 0.0053724956)
(-0.024666305 -0.0014522794 0.0032104748)
(-0.024634413 -0.0033916702 0.0021743331)
(-0.02146745 -0.010811885 0.012289087)
(-0.021670827 -0.011531427 0.010890233)
(-0.018724117 -0.0040879448 0.016350546)
(-0.022329452 -0.012828123 0.0086102046)
(-0.021833794 -0.012333125 0.0091997329)
(-0.022116688 -0.014534685 0.00899795)
(-0.02244687 -0.014384411 0.0075004682)
(-0.015416127 -0.0012049766 0.024525851)
(-0.018337478 -0.00080528294 0.015234069)
(-0.018021188 -0.0023769351 0.015205611)
(-0.020234673 -0.0025289511 0.0084980838)
(-0.019246713 -0.0051828352 0.0075095351)
(-0.020385433 -0.0023610368 0.0044628134)
(-0.020668363 -0.0037532561 0.0020275659)
(0.063998909 0.071727302 0.11774491)
(0.083024174 0.095276567 0.15716171)
(0.076897834 0.090225989 0.13696133)
(0.065140177 0.050220768 0.095030153)
(0.075954207 0.060966512 0.10853935)
(0.063931972 0.040695762 0.074509018)
(0.06508735 0.029717452 0.064589476)
(0.093736386 -0.014353363 0.10857501)
(0.13263337 0.0098991378 0.15947524)
(0.11563763 -0.0069612118 0.12756752)
(0.079846547 -0.018202595 0.08472123)
(0.09721899 -0.010495536 0.1003548)
(0.06265911 -0.023289952 0.06002766)
(0.054472614 -0.025585323 0.04323223)
(0.007900015 0.036126496 0.041299647)
(0.011548039 0.036166415 0.038868424)
(0.0008583938 0.042795675 0.071145266)
(0.014000543 0.035980451 0.030231549)
(0.010442481 0.036590784 0.031021091)
(0.014183612 0.033436186 0.016427821)
(0.015526009 0.033459225 0.012165038)
(-0.00061481214 0.11996183 0.13134092)
(0.0096367693 0.098867121 0.11310245)
(-0.017495539 0.1322005 0.15937299)
(0.014422892 0.084519309 0.088400246)
(0.0048846728 0.10054106 0.10186186)
(0.023227932 0.073523583 0.070088455)
(0.025608823 0.06413527 0.050647295)
(-0.10111614 0.075221535 0.16233121)
(-0.076708732 0.051747271 0.12093631)
(-0.096512796 0.064662417 0.14185253)
(-0.054498544 0.054175085 0.097294432)
(-0.066808425 0.065902987 0.11422505)
(-0.043888928 0.048841776 0.075485808)
(-0.032162245 0.052552897 0.065223715)
(-0.0067084324 -0.031565123 0.037181219)
(-0.0033734085 -0.031483036 0.038415426)
(0.0033508285 -0.037793928 0.067733407)
(-0.005442958 -0.030651436 0.028170114)
(-0.008400363 -0.029678326 0.027788166)
(-0.008819887 -0.027843644 0.012953004)
(-0.0097867762 -0.026008699 0.0072552895)
(0.089440322 -0.054245299 0.12242131)
(0.070261792 -0.043169904 0.10401793)
(0.097406677 -0.063564053 0.14483821)
(0.050286615 -0.04187579 0.0782029)
(0.062913081 -0.051510356 0.092712986)
(0.036916272 -0.038850141 0.055257384)
(0.028184728 -0.038719527 0.04413886)
(0.027623479 -0.13195035 0.17567225)
(0.0028229938 -0.091805588 0.11864079)
(0.01264325 -0.11547313 0.14156346)
(-0.00079339516 -0.076486873 0.096227794)
(0.0085408001 -0.094804792 0.11474008)
(-0.0058675227 -0.053828762 0.060499571)
(-0.0092337695 -0.044744266 0.044602776)
(-0.032650479 -0.006039222 0.062147956)
(-0.028399331 0.0050978699 0.032273989)
(-0.027732571 0.0011329157 0.034922032)
(-0.027961935 0.0091485531 0.022949553)
(-0.028192267 0.0057880768 0.024197065)
(-0.026538672 0.01014657 0.0089629734)
(-0.025761879 0.013357562 0.0028660066)
(-0.12441842 -0.026641032 0.15802995)
(-0.091833931 -0.00066005639 0.1123132)
(-0.11260393 -0.011363913 0.13025274)
(-0.074936936 0.0058687408 0.084045308)
(-0.089940978 -0.0034958452 0.097164951)
(-0.060538612 0.011067326 0.061571213)
(-0.049073857 0.015615772 0.039596655)
(-0.0581188 -0.10005534 0.1482629)
(-0.036658791 -0.068850745 0.097614814)
(-0.048140928 -0.089707163 0.12132221)
(-0.039569682 -0.050229616 0.079574672)
(-0.050436847 -0.063649938 0.098442091)
(-0.036550209 -0.034590669 0.051994096)
(-0.040162592 -0.026257939 0.046497543)
(0.017659671 -0.02099726 0.0089754157)
(0.019627551 -0.023531608 -0.0037146997)
(0.020438287 -0.023561959 -0.0084902038)
(0.019115115 -0.023168131 -9.7515432e-05)
(0.020726437 -0.02252742 -0.00609682)
(0.020587348 -0.023365205 -0.0073773146)
(0.02053702 -0.023969542 -0.0097428274)
(-0.014192335 -0.034225766 0.06322756)
(-0.017610931 -0.0026953595 -0.0073403067)
(-0.016005711 -0.011919201 0.0097206012)
(-0.017732903 -0.0041314794 -0.0039379241)
(-0.014194935 -0.017384733 0.022386668)
(-0.020229757 -0.00062185922 -0.015226237)
(-0.020516993 0.00070633074 -0.017315991)
(-0.0052035914 -0.0037237673 0.0023207893)
(-0.0028971895 -0.0038979341 0.0027832449)
(-0.0056130955 -0.0030849321 0.0031307563)
(-0.0027555809 -0.0085957004 0.0036500135)
(-0.0055419954 -0.0085331471 0.0040295413)
(-0.0030901962 -0.005958204 0.0044446646)
(-0.0050604883 -0.0052527804 0.0049701138)
(-0.0091504932 -0.003450393 0.00065215924)
(-0.0074007349 -0.0023991105 0.0021323679)
(-0.008708161 -0.0030175348 -0.00023958665)
(-0.0065594203 -0.0060419021 0.0040367033)
(-0.0075720529 -0.0056733159 0.0017731579)
(-0.0065509033 -0.0043234923 0.0034246719)
(-0.007698741 -0.0040735312 9.9806734e-05)
(-0.0047230677 -0.0042830105 0.00033613217)
(-0.004057076 -0.00779369 0.0020856346)
(-0.0039498565 -0.0067123184 -1.4012455e-05)
(-0.0054786388 -0.0055166696 0.0058309405)
(-0.0056374366 -0.0053745644 0.0028835102)
(-0.0062844849 -0.0080958178 0.0045686216)
(-0.0059766543 -0.0075814313 0.0019451499)
(-0.0029970993 0.0017799229 -0.0072046865)
(-0.0045926624 0.0019275486 -0.0030819253)
(-0.0036651381 0.0020252865 -0.0047956246)
(-0.0042365568 -0.00067254526 -0.0076927755)
(0.0003672317 -0.00075533691 -0.01146852)
(-0.0041084139 0.00089039976 -0.0047842778)
(0.00030413756 0.0011086362 -0.0092761044)
(-0.0033269058 -0.0074675109 -0.00079906325)
(-0.0026489742 -0.0094605687 -0.00027581199)
(-0.0029064078 -0.0083063097 -0.001573836)
(-0.0063373012 -0.0092236425 0.0023646731)
(-0.0060764958 -0.0089970817 0.00058809886)
(-0.0052430205 -0.010607419 0.00019575921)
(-0.0049240508 -0.0099882725 -0.0014674001)
(-0.002882952 0.002660619 -0.0041749797)
(-0.0044740428 0.0015641201 -0.001458518)
(-0.0025080962 0.0017921292 -0.0041219808)
(-0.0042123543 0.0018536876 -0.0031342339)
(0.0011072752 0.0023866437 -0.0079857703)
(-0.0042858771 0.0015618572 -0.001800353)
(0.0013209314 0.0023604306 -0.0070415318)
(0.00067338807 -0.0024209129 -0.0018217582)
(0.0020738337 -0.0023121563 -0.0026365697)
(0.00072062821 -0.0022229002 -0.0029451739)
(0.0017288594 -0.0020111762 -0.0030037387)
(0.0018904465 -0.00086847149 -0.0016806256)
(0.0015287659 7.100973e-05 -0.0036673909)
(0.0015355586 0.0013271545 -0.0033669885)
(0.00055202849 -0.0010237116 0.00038494796)
(0.00088280559 -0.0028609287 -0.0018998537)
(-0.00010804558 -0.0020875869 -0.00063354781)
(0.0018819886 0.00011003775 -5.2576244e-05)
(-1.6182467e-05 0.0010511249 0.0024649535)
(0.0018443382 0.0025237702 -0.0022761733)
(-0.0007475469 0.0026413649 0.00045049025)
(-0.0062023258 -0.00095332714 -0.0046337332)
(-0.0074089993 -0.0003332959 -0.0045540691)
(-0.0080119757 -0.00011566807 -0.0045279359)
(-0.0086819395 0.0003139141 -0.0058453248)
(-0.0067497891 -0.0011276586 -0.0072201925)
(-0.0069203968 -0.00072930187 -0.0062137322)
(-0.0082078209 0.0002504118 -0.0067217037)
(0.0043058874 -0.002036567 0.0053692053)
(0.0062964659 -0.0022422138 0.0079317602)
(0.0045851704 -0.0023247665 0.0057600157)
(0.007927403 -0.0040467104 0.0088424683)
(0.005752493 -0.0015823629 0.010250797)
(0.0083551632 -0.0028102735 0.0097828833)
(0.0054317925 -0.0023258827 0.007286495)
(-0.0052809756 0.0026541129 -0.0077187231)
(-0.0073500583 0.0012811624 -0.012036854)
(-0.007825467 8.0111761e-05 -0.014248116)
(0.0023554324 0.0043943947 -0.0020545811)
(0.0031629232 0.0030770985 -0.0057225557)
(0.0015425177 0.0021055862 -0.0091892992)
(0.00074076344 0.0001774528 -0.014506164)
(0.0013556345 0.0081058664 -0.0035933301)
(0.0037378354 0.007754142 -0.0034594191)
(0.0044810275 0.01011995 -0.0023932296)
(0.00089805424 0.0094203157 -0.0053482577)
(-0.0023521881 0.0056506275 -0.0071286948)
(-0.0026708993 0.0072392085 -0.0076763052)
(0.00075691457 0.0073359263 -0.005698551)
(0.0033438798 -0.018577019 -0.014348792)
(0.0017793406 -0.019390729 -0.016746105)
(0.0018997359 -0.018908338 -0.016519211)
(0.00070481916 -0.01760902 -0.017120904)
(0.0017008045 -0.017430332 -0.015588827)
(0.0020703662 -0.016909022 -0.015251136)
(0.00046019949 -0.017857489 -0.0177989)
(-0.0032665282 -0.012099005 -0.016421372)
(-0.0016318918 -0.011838666 -0.0091693009)
(-0.0021364218 -0.010179593 -0.010109852)
(-0.0010045942 -0.017177338 -0.015732895)
(-0.0023724206 -0.017443081 -0.018563629)
(-0.00037211754 -0.014926127 -0.012767026)
(-0.00047865554 -0.015508587 -0.013621866)
(0.0019105607 0.011551781 -0.0072526195)
(-0.0022708138 0.0043052269 -0.0049324497)
(0.001378851 0.0097094881 -0.0012826073)
(0.0021501963 0.010982894 -0.01069109)
(0.0064078506 0.012540793 -0.0083360779)
(5.7602223e-05 0.0076560487 -0.005684894)
(0.003116463 0.011745307 -0.0021703382)
(0.0056405504 -0.0077797475 0.012033833)
(0.0070321465 -0.0075832793 0.0066370542)
(0.0060509657 -0.004095203 0.0053452718)
(0.005136771 -0.0050391278 0.013915978)
(0.0069162513 0.00031244473 0.01655761)
(0.0012416341 -0.0041628612 0.001499992)
(0.0061181702 0.001606715 0.0029475274)
(0.010052496 0.0049248294 0.00078948763)
(0.013294119 -7.573385e-05 -0.005982758)
(0.007944678 -0.0006285089 -0.010257395)
(0.018815548 0.0024360779 0.0065559042)
(0.017372864 0.010193755 0.011006887)
(0.023599427 -0.003000664 -0.0048123291)
(0.0177941 -0.0015920158 -0.0013676127)
(-0.0024435783 -0.020035106 -0.021847558)
(-0.0020128457 -0.01398307 -0.018015544)
(-0.0018285551 -0.016521646 -0.020272911)
(-0.00084527957 -0.01481253 -0.024254175)
(-0.00052442849 -0.01840973 -0.025453061)
(0.00030408982 -0.011780168 -0.019560577)
(0.00029844416 -0.015523469 -0.021367381)
(0.012263285 0.0060461356 -0.006723944)
(0.0061132557 -0.0043372648 0.0010021925)
(0.0094126091 5.839947e-05 0.0052679236)
(0.0033645628 0.0078419611 -0.0043169076)
(0.0036839518 0.00040939291 0.00951934)
(0.0036383845 -0.019962325 0.017094101)
(0.004257927 -0.017716717 0.025632312)
(0.033132663 0.0028876381 -0.0027613047)
(0.033872722 -0.0029934513 0.00011722279)
(0.037618494 -0.0021358185 5.2405738e-05)
(0.03862816 -0.0055588528 0.0022678784)
(0.030704613 -0.00085024613 6.4332136e-05)
(0.034071549 -0.00061215584 -0.0012848285)
(0.034585682 -0.0053582082 0.0013293156)
(0.023804597 -0.013144004 0.019873683)
(0.019278705 -0.014357848 0.020958849)
(0.022542234 -0.016590978 0.021287115)
(0.022710898 -0.016242399 0.019270946)
(0.018835506 -0.011501699 0.018234086)
(0.023279787 -0.013866033 0.019065291)
(0.018594288 -0.013837089 0.019310131)
(-0.020494959 0.021769084 -0.025372612)
(-0.020841795 0.022361134 -0.018677795)
(-0.028944125 0.020824495 -0.027010477)
(-0.016486397 0.020183791 -0.020690007)
(-0.024587022 0.018690922 -0.028197109)
(-0.024141306 0.018394667 -0.023221223)
(-0.020356183 0.015900534 -0.02323474)
(0.028470101 0.0044442668 0.010153221)
(0.032059909 0.0090895782 0.011566072)
(0.034251733 0.0090224614 0.0061623497)
(0.029182079 0.0054213704 0.0081190369)
(0.029992954 0.0039767827 0.0031234639)
(0.035381713 0.012553284 0.00063923051)
(0.037198292 0.014366642 -0.0022908583)
(0.027221907 -0.011209749 -0.01023721)
(0.037852553 0.0047544339 -0.0030128094)
(0.027970081 -0.0010750192 -0.0080409739)
(0.027489383 -0.0034630814 -0.0014599955)
(0.0045456221 -0.0060796492 0.0053788655)
(0.034688876 0.01052113 -0.0036902692)
(0.01119126 0.0024253494 -0.001296631)
(0.014243229 0.014323642 0.01826424)
(0.0057576218 0.0034010092 0.038166902)
(0.013866108 -0.0011019715 0.022214413)
(0.0015744398 0.017393226 0.0260701)
(0.016142848 0.021729581 0.012575231)
(0.006805948 0.0079227171 0.042736425)
(0.020872561 0.0070442987 0.028285551)
(-0.012324469 0.002847585 -0.0053539929)
(-0.016479699 0.0065510122 -0.0061201829)
(-0.021391933 -0.002005816 -0.0069653237)
(-0.018727701 0.011242102 0.006539155)
(-0.020646086 0.0073537709 0.0058678292)
(-0.029063175 0.0059902207 0.004537244)
(-0.03001661 0.00091920935 0.0028612254)
(0.010659553 -0.0053063588 0.00032854955)
(-0.0030000091 0.00062709108 -0.012979715)
(0.0057374805 -0.0055023617 -0.014726521)
(0.0027590691 0.0090510594 0.0083560697)
(0.013484387 0.0086843682 0.0013067561)
(-0.0071691078 0.014452909 -0.016791148)
(0.0067660874 0.0094774455 -0.018180596)
(-0.028508657 -0.0065497754 -0.0083274129)
(-0.030056986 -0.0076253629 -0.01419215)
(-0.032970067 -0.0066544868 -0.0063030341)
(-0.035495971 -0.00089105389 -0.007078557)
(-0.038553891 -0.0029282373 -0.0042166485)
(-0.037310694 -0.0072394357 -0.009113467)
(-0.042009085 -0.0041348475 -0.0038411764)
(0.01147558 0.013179408 0.0016812184)
(0.026870619 0.0098498663 -0.014777925)
(0.022862437 0.020419541 -0.0044823825)
(0.014707566 0.0084379277 -0.012902188)
(-0.0016873285 0.0010344537 0.0049079365)
(0.023664953 0.0055538891 -0.013702228)
(0.015103122 0.0046319174 0.0048346151)
(-0.0096668313 -0.011847615 0.021289226)
(0.018258691 0.010703723 0.01242159)
(0.0033564647 -0.014208058 0.036018629)
(-0.011463277 -0.012477924 0.021516287)
(-0.0226776 -0.030401013 0.037603214)
(0.011196459 -0.01175491 0.03558575)
(-0.0036170682 -0.031864718 0.052191528)
(-0.0018068946 -0.0044270637 0.00048608303)
(6.1103629e-05 -0.0045088338 0.001258851)
(8.8047558e-05 -0.0039553454 0.0017051995)
(-4.3346869e-05 -0.0030176962 0.0026939941)
(-0.0011586454 -0.004181224 0.00064556449)
(-0.0017462247 -0.0037443014 0.0013304792)
(0.00011025075 -0.0034241933 0.0017027556)
(-0.0054026012 -0.0018924608 -9.8020806e-05)
(-0.0062523141 -0.00048040335 -0.0015982623)
(-0.0047099013 -0.00087510762 0.0020472692)
(-0.0047282911 2.7831696e-05 0.0018663541)
(-0.0065910264 -0.0012959389 -0.0031469796)
(-0.0058029639 -0.00094423494 -4.9329286e-05)
(-0.0060837951 0.00011327334 -0.0015874364)
(-0.0018809083 -0.0068846186 -0.00052245676)
(0.00014139293 -0.0061974779 0.0016600784)
(0.00059728485 -0.0079918641 0.0015622972)
(0.00050005716 -0.0081773757 0.0017445195)
(-0.0016766369 -0.0054191696 0.00024277589)
(-0.0014857474 -0.0071244863 -7.2011314e-05)
(0.00015820864 -0.0063924923 0.0019067776)
(0.0064088849 -0.020804046 -0.0046499956)
(0.0056084084 -0.019152441 -0.0093771237)
(0.0071789675 -0.020391428 -0.0063271502)
(0.0053654258 -0.017835508 -0.0054800122)
(0.004108708 -0.01804521 -0.0068960344)
(0.0052431949 -0.018278388 -0.0041027489)
(0.0046479813 -0.017259167 -0.0078436174)
(-0.0071979754 0.0018345651 0.0026652812)
(-0.0098217182 -0.0011890364 0.0056639008)
(-0.0103082 -0.00068974697 0.0039789586)
(-0.0098553604 -0.00080297638 0.0022197115)
(-0.0077400548 0.00073029031 0.0027558761)
(-0.0080145347 0.0010558174 0.001628309)
(-0.0097669226 -0.0013431542 0.0034843941)
(0.0029449926 -0.011085239 -0.0080088762)
(0.0014894 -0.0083718036 -0.0068079863)
(0.0019303542 -0.0097244661 -0.0057888729)
(0.0024887926 -0.0073002747 -0.0054514226)
(0.0024234306 -0.0076115214 -0.0076806718)
(0.003237032 -0.00886991 -0.0069313146)
(0.0021026703 -0.006551757 -0.006088816)
(-0.0032197521 0.0013995684 0.0034588468)
(-0.0086244083 -0.00052859575 0.0068795713)
(-0.0061422324 3.677455e-05 0.0064701671)
(-0.0048558768 -2.2295035e-05 0.0066868648)
(-0.0047085218 0.0010047531 0.0051756422)
(-0.0022993631 0.00083271043 0.00368339)
(-0.0079684649 -0.00037339795 0.007593739)
(0.009915892 -0.0014803235 0.00017529412)
(0.011253174 -0.0016858764 0.000619386)
(0.012258903 -0.0016871221 -0.00022586429)
(0.01058861 -0.0021187516 -0.0002833799)
(0.0087979334 -0.0017261328 0.0015848632)
(0.0089031763 -0.0020928188 0.00070995525)
(0.010177321 -0.0018870524 0.00036086612)
(-0.0082077886 0.0028830783 -0.0074494058)
(-0.0037540776 0.0075531184 -0.013164379)
(-0.0068965304 0.0055730957 -0.0098052256)
(-0.0061240465 0.0052058644 -0.0088875636)
(-0.0050326993 0.0048271854 -0.01097016)
(-0.0079327225 0.0020031845 -0.0069455279)
(-0.0031899863 0.0072674452 -0.012405448)
(0.019909278 0.0051039919 -0.0022896226)
(0.026587455 0.00027934398 -0.002328809)
(0.024068318 0.0014702668 -0.0043102346)
(0.020778164 0.0002852226 -0.0035035201)
(0.019382498 0.0036934508 -0.001212643)
(0.017787457 0.0032787243 -0.0023106306)
(0.022738491 -0.00043777557 -0.0021842545)
(0.025724645 0.0067619713 -0.0086529611)
(0.027648192 0.0088539622 -0.011586588)
(0.024143281 0.010831348 -0.0089984919)
(0.023379699 0.0082853962 -0.010033376)
(0.028253538 0.0028215948 -0.010731574)
(0.025205931 0.0042679169 -0.0087086683)
(0.026936347 0.0065587049 -0.012448401)
(-0.0030428953 -0.022178096 -0.014866706)
(-0.0032950559 -0.020332442 -0.0094575784)
(-0.0056003602 -0.020739825 -0.01255333)
(-0.0057837357 -0.020658743 -0.013388311)
(-0.0013904213 -0.021903346 -0.01273641)
(-0.0039975376 -0.022413195 -0.015538951)
(-0.0037106301 -0.020437036 -0.011102602)
(-0.0065849167 0.020511581 -0.020336294)
(-0.011550595 0.021963816 -0.023078451)
(-0.0087426503 0.021778312 -0.01989813)
(-0.007693784 0.021448892 -0.016530841)
(-0.0073534799 0.018530928 -0.019034438)
(-0.0048725242 0.020004189 -0.017703105)
(-0.0099655517 0.020644259 -0.019237766)
(0.033743365 0.0046900303 -0.012116675)
(0.032314361 0.0094218205 -0.013011918)
(0.035033181 0.0094835147 -0.009430848)
(0.037156894 0.0076070477 -0.010939674)
(0.03368018 0.0017807688 -0.016258024)
(0.034780721 0.0025076996 -0.013114846)
(0.034816481 0.0076922766 -0.015991069)
(0.02071681 0.010766828 -0.016399359)
(0.014673312 0.00983157 -0.018822362)
(0.018300614 0.015566047 -0.018414623)
(0.020563933 0.014941368 -0.019109172)
(0.01881354 0.0053957746 -0.017209601)
(0.02242538 0.010782033 -0.017042771)
(0.015933239 0.0089998687 -0.018511625)
(0.01189854 -0.017683184 0.0035786873)
(0.0035145715 -0.020841112 -0.00403511)
(0.0052519337 -0.02120127 -0.0027070408)
(0.012404877 -0.017725809 0.0054928808)
(0.012511441 -0.015606196 0.0029186003)
(0.015831814 -0.014944611 0.0075439728)
(0.0086985984 -0.017105832 0.0016122693)
(-0.012290111 0.017624255 -0.02651008)
(-0.017812602 0.020160591 -0.029343745)
(-0.014685041 0.020136263 -0.027492596)
(-0.020221439 0.018128553 -0.030891132)
(-0.019031795 0.014061679 -0.028614554)
(-0.017004116 0.015429387 -0.028203467)
(-0.023110664 0.016307749 -0.03238182)
(-0.0041438772 -0.0053910438 0.0049294931)
(-0.0054571545 4.6800528e-05 0.0040322464)
(-0.010096537 -0.0010074968 0.0045526716)
(-0.0045855564 -0.0058518775 0.007406142)
(-0.000126235 -0.0046005478 0.0043339233)
(-0.00073057797 -0.0073784797 0.0072162483)
(-0.0021350781 -0.0018222196 0.0060963806)
(-0.019005102 0.022880371 -0.0091192763)
(-0.014321513 0.021291741 -0.00011775482)
(-0.021618133 0.020703166 -0.0057800274)
(-0.023167738 0.021691086 -0.0095076428)
(-0.014670042 0.02054809 -0.0044328725)
(-0.021345664 0.021602219 -0.012211193)
(-0.015030876 0.022171842 -0.0004951197)
(-0.00743048 0.017137141 0.0011320296)
(-0.0064168598 0.01398208 3.081945e-05)
(-0.0095733506 0.01296418 -0.0019631994)
(-0.005012412 0.016596216 0.00072954008)
(-0.0085267503 0.015657869 -0.00082048309)
(-0.0063641361 0.015479242 -0.0010843541)
(-0.0073918749 0.013074522 -0.0019719296)
(0.0015994639 0.020637347 0.0017626575)
(0.0012851571 0.017320496 0.0010020818)
(0.0011374926 0.017813376 -9.5853044e-05)
(-0.00025373681 0.018496913 0.0012908381)
(-0.00040278366 0.018989465 0.00010789433)
(-0.002111401 0.017113992 -0.0010068065)
(-0.00032348844 0.01625207 -0.00091948272)
(-0.0046408065 -0.023176968 -0.0041259013)
(0.001558756 -0.021030182 -0.0081915781)
(-0.0029093554 -0.021137118 -0.0071989647)
(-0.00088721285 -0.021543071 -0.0053277223)
(-0.005264975 -0.021281857 -0.0047408977)
(-0.0022324604 -0.020063719 -0.0056231358)
(-0.00025162419 -0.019867295 -0.0080928412)
(0.017599604 0.0020580854 0.0041179384)
(0.014438084 -0.00010819639 0.0036792585)
(0.013510405 0.0018812351 0.0031884662)
(0.01670828 0.00014135156 0.003796926)
(0.015856566 0.0026132204 0.0032262183)
(0.015291216 0.00090161043 0.0029684046)
(0.013217753 0.00043053359 0.0029468392)
(0.0072221825 0.01485259 0.0081161645)
(0.0029112841 0.011866967 0.0058992754)
(0.0051979627 0.010848811 0.0069040806)
(0.0073610029 0.013119144 0.0070304721)
(0.0052956108 0.014906797 0.0064921733)
(0.005837789 0.013208187 0.0057036942)
(0.0038311856 0.010929175 0.0054282745)
(0.019600443 -0.01235111 0.0063230611)
(0.015798072 -0.0088544829 0.0056835412)
(0.015480123 -0.011755192 0.0055832186)
(0.018218903 -0.0096062027 0.0064898832)
(0.017409566 -0.012449452 0.0061981033)
(0.016288961 -0.010129747 0.0063472065)
(0.014337057 -0.0095657114 0.0056845663)
(0.020199818 -0.0088714629 0.0070453397)
(0.017072968 -0.005531078 0.0054105431)
(0.016890627 -0.0068818907 0.0061536264)
(0.01856619 -0.0079128903 0.0062534557)
(0.018210802 -0.0090681341 0.007061416)
(0.016934522 -0.0083899795 0.0064204824)
(0.015663186 -0.0063768565 0.0056502939)
(-0.018862347 -0.002357926 0.00057959089)
(-0.01708071 -0.0045700434 0.00091967483)
(-0.016563659 -0.0020816512 -0.0005432916)
(-0.017169747 -0.00087602581 -0.00082950889)
(-0.017856555 -0.0035610224 0.00030192065)
(-0.016376314 -0.0018252307 -0.0010341336)
(-0.015709071 -0.002788983 -0.00053431583)
(-0.019475508 -0.01018789 0.0075683307)
(-0.018076797 -0.0087744684 0.0074821387)
(-0.017712725 -0.0093035742 0.0093388781)
(-0.018680439 -0.0094545679 0.0082464681)
(-0.018544389 -0.0087210926 0.0061977853)
(-0.017986678 -0.0081834665 0.006934841)
(-0.017416835 -0.008267399 0.0081057897)
(-0.016477236 -0.0058498896 0.00069202088)
(-0.015530217 -0.0045586468 0.00085245727)
(-0.014437137 -0.003241728 -0.00017473122)
(-0.016786702 -0.0063839935 0.0024834296)
(-0.015512775 -0.0049152158 0.0012417053)
(-0.01589157 -0.0057815929 0.003098211)
(-0.014723301 -0.0040845427 0.0013202624)
(0.03123661 -0.0195145 0.01599547)
(0.032317503 -0.016106986 0.018474374)
(0.028387958 -0.015388512 0.018352361)
(0.02863116 -0.018478735 0.018503339)
(0.032227329 -0.019630955 0.016905933)
(0.029399702 -0.018851729 0.01896317)
(0.029262379 -0.015959671 0.01910248)
(0.014586857 0.02700241 -0.0028881736)
(0.017490736 0.023565507 -0.0031515584)
(0.01418389 0.020247793 -0.0031550987)
(0.013719314 0.022478687 -0.0045203432)
(0.018176625 0.02717221 -0.0050995219)
(0.018025291 0.022750728 -0.0079079014)
(0.017187333 0.019875976 -0.0055514447)
(-0.016059617 -0.0069418077 -0.015616185)
(-0.015944579 -0.0064891924 -0.0083892762)
(-0.015799868 -0.0087554418 -0.0064341392)
(-0.017693481 -0.0061769786 -0.010779972)
(-0.017762897 -0.0029969412 -0.015691665)
(-0.018423061 -0.0029912888 -0.010085237)
(-0.016381347 -0.0059257795 -0.0050257463)
(-0.019912368 0.018803428 -0.016633438)
(-0.019998781 0.01968533 -0.013634798)
(-0.017897633 0.017946599 -0.010941161)
(-0.021257436 0.018865683 -0.014816364)
(-0.019329766 0.01613145 -0.011576134)
(-0.021032806 0.016925996 -0.01118417)
(-0.01945053 0.018547487 -0.011617654)
(-0.029311594 -0.018824773 -0.036565121)
(-0.022869288 -0.015327919 -0.021737777)
(-0.015689926 -0.02317035 -0.023048098)
(-0.02525816 -0.022365985 -0.035168717)
(-0.030050968 -0.013681277 -0.034047914)
(-0.025206869 -0.018619384 -0.03041313)
(-0.016620543 -0.018914179 -0.017965888)
(-0.040984435 -0.0035096556 -0.046786218)
(-0.03245952 -0.0040851387 -0.032760165)
(-0.037696145 -0.0064789015 -0.038906833)
(-0.036547216 -0.0065378874 -0.040823816)
(-0.041508045 -0.0087718783 -0.044825376)
(-0.032866864 -0.011176968 -0.035376932)
(-0.028496272 -0.0084320968 -0.027122145)
(-0.01846775 0.026375716 -0.020082618)
(-0.023630458 0.023788604 -0.015991802)
(-0.02520706 0.024705061 -0.016646648)
(-0.022425297 0.025238785 -0.017062664)
(-0.024966539 0.025052465 -0.017056226)
(-0.028112127 0.023884602 -0.014721886)
(-0.027356207 0.023294792 -0.015226538)
(-0.027518414 0.029548587 -0.024070373)
(-0.030182673 0.022201826 -0.015515692)
(-0.038148667 0.022633052 -0.018807929)
(-0.026806462 0.025480134 -0.018525382)
(-0.035396693 0.026832562 -0.021703364)
(-0.03334028 0.024373945 -0.017238081)
(-0.03494481 0.022045581 -0.015793978)
(0.045132669 -0.02911369 -0.00061136571)
(0.041237011 -0.021642405 0.010435229)
(0.043798227 -0.025311567 0.0078377048)
(0.038258491 -0.027482965 0.0034929802)
(0.041743342 -0.035199946 -0.0025127064)
(0.03694213 -0.030035282 0.0058247424)
(0.040217298 -0.02330202 0.013411659)
(0.023481488 -0.031835557 -0.0043688961)
(0.031496955 -0.025465786 0.0087214022)
(0.026112612 -0.029157272 0.0066462217)
(0.031313601 -0.028463501 0.002098825)
(0.02066698 -0.033286871 -0.00022777236)
(0.028521659 -0.02981202 0.00757991)
(0.030675846 -0.026405159 0.012025477)
(0.010640363 -0.020848186 -0.0037378345)
(0.0093626463 -0.019640228 -0.0055286798)
(0.0089532734 -0.018558551 -0.0044186681)
(0.0083980692 -0.018401285 -0.0035164439)
(0.0088882622 -0.019618867 -0.0045738585)
(0.0074052356 -0.017577289 -0.0041937946)
(0.0078612765 -0.017826221 -0.0050275336)
(0.0044787102 -0.017621254 -0.0023006769)
(0.0051883417 -0.016633023 -0.0043983697)
(0.0036652537 -0.013897088 -0.0033481455)
(0.0040877329 -0.015127705 -0.002755198)
(0.0064414276 -0.018144024 -0.0038749623)
(0.0055977173 -0.015842336 -0.003875007)
(0.0047870244 -0.014657126 -0.0043644349)
(0.050123744 0.037827323 -0.009306951)
(0.044840056 0.028084463 -0.0060884261)
(0.055206071 0.029335633 -0.011798539)
(0.058536707 0.039049822 -0.017318155)
(0.047064954 0.03697696 -0.011173011)
(0.053727006 0.039451849 -0.01665111)
(0.050514512 0.029450347 -0.0099863233)
(0.036154012 0.045408314 -0.013294593)
(0.039838796 0.038538011 -0.016275162)
(0.034962087 0.045501793 -0.019343036)
(0.04218472 0.041377715 -0.014524362)
(0.037827577 0.047664667 -0.015872757)
(0.043895809 0.04379061 -0.017143908)
(0.040013197 0.040688822 -0.017665341)
(0.0039404341 -0.0042274233 0.0011509174)
(0.0073252586 -0.0021332626 0.0019327152)
(0.0068198362 -0.0043882235 0.0028755438)
(0.0038477376 -0.0029159977 0.00052910864)
(0.0038654345 -0.0045604319 0.0016929147)
(0.0065169245 -0.0030371542 0.0019537371)
(0.003932482 -0.0035135176 0.00128318)
(-0.0058864071 0.0032172404 -0.0038918912)
(-0.0028453857 0.0064907844 -0.0034278909)
(-0.0062947278 0.0070092695 -0.0067133592)
(-0.0050746779 0.0037381566 -0.0044766053)
(-0.0071549126 0.0035163592 -0.0084022115)
(-0.0054249309 0.0060132427 -0.0073311935)
(-0.0063383175 0.0033222073 -0.008550018)
(0.0038932408 -0.013238129 -0.0071289142)
(0.0048439874 -0.016617965 -0.0099032032)
(0.0038171197 -0.014209501 -0.0093525887)
(0.0043551587 -0.014500385 -0.0086959436)
(0.0033579389 -0.012218609 -0.0080321205)
(0.0037159377 -0.015077073 -0.010796233)
(0.0033904199 -0.013282006 -0.0094314735)
(-0.01256267 -0.0042217629 0.0051034449)
(-0.011806726 -0.0028379447 0.00024197249)
(-0.013563889 -0.0046852301 0.0051764816)
(-0.011424348 -0.0033320978 0.0015351313)
(-0.01181454 -0.0043755592 0.0062887657)
(-0.011760689 -0.0029961893 0.0011940534)
(-0.01106716 -0.0033091621 0.0025720792)
(0.032747247 -0.008967109 0.0091059581)
(0.029021386 -0.012436052 0.014922803)
(0.034856033 -0.014299929 0.01611373)
(0.028458963 -0.0087173339 0.0082314052)
(0.034021657 -0.010724597 0.0094776207)
(0.029496303 -0.012278288 0.013789173)
(0.029465258 -0.0091265584 0.0079454906)
(0.029954441 0.011918881 -0.01162331)
(0.026349258 0.01289742 -0.013091708)
(0.033565863 0.019719574 -0.010104967)
(0.027562971 0.0089873938 -0.014135056)
(0.033419176 0.013154843 -0.013615322)
(0.029274668 0.014841923 -0.013197058)
(0.030101448 0.0096721175 -0.014822705)
(-0.0018703075 -0.017900931 -0.0011230229)
(-0.0045891164 -0.013173813 0.002855911)
(-0.0014440273 -0.014434721 0.0079815312)
(-0.0014959363 -0.017520172 -0.0021904676)
(0.00038455633 -0.016258374 0.0029530724)
(-0.0010458052 -0.013128076 0.0054210101)
(0.0004767978 -0.016246553 0.00044764251)
(0.00024707383 -0.0055067208 -0.0030448689)
(0.0016668193 -0.0084971561 -0.0043655955)
(0.0010105429 -0.0072087962 -0.0029698546)
(0.0013686109 -0.0065327083 -0.00341117)
(0.00097226777 -0.0059070269 -0.0044284089)
(0.00075755848 -0.0051788202 -0.0032532644)
(0.0016900673 -0.0075569285 -0.0047347994)
(0.0063932246 -0.0007486147 0.0045936291)
(0.0071767546 -0.0011678932 0.0023215487)
(0.0074465606 -0.0004207172 0.0038780968)
(0.0040413333 -0.0019246254 0.0030780377)
(0.0042027894 -0.0016560953 0.0032117387)
(0.0033434124 -0.0013121979 0.0037560269)
(0.004313261 -0.0020848772 0.0022907475)
(0.00099564481 0.0033286632 0.0020875143)
(-0.00038660859 0.0052156877 0.00021972226)
(0.0014784211 0.0045850962 0.003456824)
(-0.0020656528 0.0021862597 0.0019861312)
(-0.0035872389 0.0021678894 -0.0016857342)
(-0.0019782711 0.0023560358 0.0012222207)
(-0.0039304078 0.0026084244 -0.0015682202)
(0.006194503 -0.0066701202 0.0046232192)
(0.0058969197 -0.0092942149 0.0052063676)
(0.0070494289 -0.009836366 0.0047576456)
(0.0038214875 -0.0091863658 0.0020780868)
(0.0030572445 -0.0064614288 0.0035584676)
(0.0031254897 -0.0062742051 0.0023156385)
(0.0036085134 -0.0089078101 0.0033890547)
(-0.0088945198 0.0058910824 -0.0092842742)
(-0.0096199999 0.0047621154 -0.011257879)
(-0.010290752 0.0059746619 -0.0078816721)
(-0.00955709 0.0030277661 -0.0077255155)
(-0.0081637508 0.0025847971 -0.011813478)
(-0.0085912734 0.0034670057 -0.0092615605)
(-0.0087454002 0.0025316465 -0.010507853)
(-0.00046341578 -0.0095339213 -0.003942013)
(0.0017952966 -0.011119861 -0.0052373517)
(0.0016928178 -0.012111208 -0.0040803978)
(0.0022884453 -0.013139931 -0.0042768758)
(0.00010272501 -0.0099216003 -0.0050953065)
(-0.00011359868 -0.0104778 -0.0040957561)
(0.0022204616 -0.01222758 -0.0057539682)
(-0.0066643935 0.0017173595 -0.0079992316)
(-0.00939189 -0.00051990854 -0.0039642097)
(-0.0098569458 -9.610926e-05 -0.0042263052)
(-0.0092875938 -0.0013378884 -0.0022130894)
(-0.0066550771 -0.00024330276 -0.0057197985)
(-0.0068411714 0.00025485429 -0.0057260806)
(-0.0090577433 -0.0024551165 -0.0017820511)
(-0.013756034 -0.0047622622 0.0084974131)
(-0.011049968 -0.0039093668 0.009497213)
(-0.012821674 -0.0050437957 0.009671382)
(-0.0076221612 -0.0026463639 0.0077781329)
(-0.0087127698 -0.0028224776 0.0086999053)
(-0.010021319 -0.0029576572 0.0081907857)
(-0.0061688437 -0.0027127418 0.0076522589)
(0.0086291141 -0.0050197148 0.0029358028)
(0.0093073086 -0.0050245624 0.0049728399)
(0.010643607 -0.0049794906 0.004122312)
(0.0094200264 -0.0028721714 0.0016852234)
(0.0070987627 -0.003972281 0.0031578767)
(0.0077898797 -0.0034903694 0.0014789349)
(0.0080851793 -0.0035127931 0.0030798025)
(-0.0063442767 0.0083529019 -0.010031854)
(-0.0056738532 0.0081891976 -0.012791092)
(-0.003366451 0.010366837 -0.0082530906)
(-0.0025658303 0.0088437377 -0.0088562039)
(-0.007676613 0.0059519568 -0.013434538)
(-0.0054387233 0.0075544926 -0.010041318)
(-0.0050501608 0.0073332853 -0.012368245)
(0.0012885965 -0.014876691 -0.012171698)
(-0.00075644723 -0.015365771 -0.013504605)
(-0.0010707733 -0.016969992 -0.012470986)
(-0.00037153735 -0.016944287 -0.015218567)
(0.00065341771 -0.013819632 -0.014440299)
(0.0014627313 -0.015194427 -0.014187096)
(-0.00031061458 -0.015652857 -0.015537025)
(-0.012638091 -0.00245973 0.0025452085)
(-0.011083728 -0.00079922839 0.0035305877)
(-0.011039018 0.00012654463 0.0016268947)
(-0.0083577886 0.0022372236 -0.0019611673)
(-0.0098381358 -0.0011387702 0.00032213877)
(-0.010010262 -0.00033652928 -0.0010319722)
(-0.0085141637 0.0015385052 -6.7262081e-05)
(0.017714173 -0.0085737949 0.0120953)
(0.022891807 -0.010775383 0.014014043)
(0.020630646 -0.0097677981 0.013503737)
(0.01884375 -0.0051526401 0.0056728682)
(0.018073277 -0.0056890729 0.0068664854)
(0.016397594 -0.0053024672 0.0063176624)
(0.021369894 -0.0063568115 0.006918531)
(0.018180096 0.0064467028 -0.013128207)
(0.021258714 0.0075432656 -0.013638566)
(0.018457308 0.0088425405 -0.011857576)
(0.020758812 0.0072719806 -0.011541825)
(0.02191273 0.0033869344 -0.01253401)
(0.020058543 0.0046551268 -0.011889011)
(0.023089949 0.0059774248 -0.012967867)
(-0.0075847399 -0.011577868 -0.0074392865)
(-0.0070481882 -0.010156145 -0.0033263608)
(-0.0095780416 -0.011146743 -0.0053975674)
(-0.0078007555 -0.016318407 -0.0097382719)
(-0.0043413033 -0.015811776 -0.0099894872)
(-0.0063789673 -0.016481359 -0.011567601)
(-0.0057318097 -0.015306666 -0.0071427444)
(-0.0071596169 0.018326995 -0.0017841807)
(-0.012480903 0.022465348 -0.0090772934)
(-0.010677613 0.019916057 -0.0062795988)
(-0.0077662611 0.020595206 -0.0091896217)
(-0.0055196279 0.019353542 -0.0055326501)
(-0.0040561815 0.018399272 -0.0045934637)
(-0.0095752966 0.021351629 -0.011165124)
(0.043886789 -0.010080778 0.016070375)
(0.051041986 -6.0212953e-05 0.013730334)
(0.049290223 -0.0086135059 0.018691219)
(0.045134281 -0.007754859 0.012783156)
(0.041288072 -0.0033234864 0.0078419159)
(0.041457246 -0.0082247296 0.010893182)
(0.045031407 -0.0024566684 0.008531622)
(0.040352907 0.02770899 -0.0093885719)
(0.042522129 0.03334999 -0.010504489)
(0.047851927 0.02694488 -0.0056924994)
(0.041798624 0.014771266 -0.0080761194)
(0.035028841 0.020234406 -0.022403567)
(0.037096415 0.015529748 -0.015022957)
(0.039225542 0.019529986 -0.015702172)
(0.038288043 -0.014120186 0.018737048)
(0.039119019 -0.014853379 0.01982503)
(0.03601303 -0.019663188 0.018305646)
(0.031978363 -0.016011602 0.015592151)
(0.034128807 -0.0062700188 0.014369269)
(0.031781353 -0.012416571 0.016940771)
(0.034581302 -0.010688239 0.012413436)
(0.031324034 0.029035645 -0.013654523)
(0.04254182 0.040586386 -0.014535362)
(0.036971873 0.039735265 -0.014620979)
(0.030558315 0.026764371 -0.018776903)
(0.032303373 0.023082396 -0.018809506)
(0.027989394 0.019724346 -0.016681124)
(0.034876844 0.028782834 -0.01754724)
(0.0079002202 -0.015552818 0.0059222698)
(0.012765484 -0.01564623 0.005679902)
(0.0083159888 -0.018275705 0.0046282765)
(0.012025242 -0.013494187 0.0055453969)
(0.011599125 -0.011029344 0.004859328)
(0.0097235749 -0.012926899 0.0043677363)
(0.015169238 -0.010700098 0.0056456965)
(-0.040272833 0.01940315 -0.028490405)
(-0.050105667 0.020764849 -0.028032887)
(-0.040311917 0.023605109 -0.023162998)
(-0.032999218 0.018679214 -0.031292479)
(-0.039810093 0.01117114 -0.035803273)
(-0.033981435 0.015260513 -0.03439364)
(-0.040600885 0.016133671 -0.034006293)
(0.0054133827 -0.016056353 0.009007003)
(0.0054458678 -0.020211818 0.013334539)
(0.00010929281 -0.016400542 0.0090672758)
(0.0012013303 -0.015415838 0.010087721)
(0.0042935761 -0.014847093 0.007543272)
(0.0042292225 -0.014220852 0.0090174547)
(0.0041897481 -0.015459999 0.008820546)
(-0.03854841 0.017835779 -0.027860215)
(-0.042058954 0.0072051808 -0.024903874)
(-0.044281334 0.017158504 -0.025030027)
(-0.031821693 0.016614822 -0.019605185)
(-0.031871343 0.0080468476 -0.023899491)
(-0.030571142 0.015716193 -0.024216393)
(-0.030072445 0.0066821804 -0.018408109)
(-5.5699352e-05 -0.0097282904 0.016701461)
(-0.0063699483 -0.0068553022 0.016026541)
(-0.0020620386 -0.0057963534 0.012807768)
(-0.0024831138 -0.0096517835 0.012576744)
(-0.0023293949 -0.0067542147 0.016563998)
(-0.0038257728 -0.010091447 0.016358401)
(0.00065047218 -0.0086923138 0.01271804)
)
;

boundaryField
{
    sides
    {
        type            noSlip;
    }
    domain0_to_potato
    {
        type            noSlip;
    }
}


// ************************************************************************* //
