/*--------------------------------*- C++ -*----------------------------------*\
| =========                 |                                                 |
| \\      /  F ield         | OpenFOAM: The Open Source CFD Toolbox           |
|  \\    /   O peration     | Version:  v2012                                 |
|   \\  /    A nd           | Website:  www.openfoam.com                      |
|    \\/     M anipulation  |                                                 |
\*---------------------------------------------------------------------------*/
FoamFile
{
    version     2.0;
    format      ascii;
    class       volScalarField;
    location    "320/domain0";
    object      rho;
}
// * * * * * * * * * * * * * * * * * * * * * * * * * * * * * * * * * * * * * //

dimensions      [1 -3 0 0 0 0 0];


internalField   nonuniform List<scalar> 
23101
(
1.2382833
1.2383014
1.2382442
1.2382103
1.2382127
1.238211
1.2382159
1.2382381
1.2382359
1.2383947
1.2383005
1.2382539
1.2381487
1.2381211
1.2381686
1.2381644
1.2381337
1.2381251
1.2380948
1.2382751
1.2382814
1.2382339
1.2381548
1.238154
1.2381785
1.2381458
1.2381074
1.2380491
1.237986
1.2380512
1.2382483
1.2381876
1.2381874
1.2381656
1.2381847
1.2381623
1.2381529
1.2381527
1.2380707
1.2380916
1.2381959
1.2381716
1.2382185
1.2382161
1.2381893
1.2381954
1.238229
1.2382182
1.2382112
1.23822
1.2381667
1.2381657
1.2382218
1.2382436
1.2382281
1.23823
1.2382468
1.2381987
1.2381889
1.2382996
1.2381892
1.2381836
1.2382379
1.2382452
1.2382391
1.2382359
1.2382294
1.2381726
1.2380825
1.2382748
1.2382229
1.2381564
1.2381883
1.2381987
1.2381808
1.2381922
1.2382164
1.2381135
1.2380249
1.2381832
1.2381394
1.2379879
1.238062
1.2380611
1.2381607
1.2381969
1.2381872
1.2381405
1.2380408
1.2381403
1.2382574
1.2381355
1.2382272
1.2382528
1.2382418
1.2382515
1.2382903
1.2381741
1.2381025
1.2382946
1.2373651
1.2372894
1.2366551
1.2364716
1.2366591
1.2366836
1.2366837
1.2367598
1.236867
1.2370477
1.2372007
1.2371681
1.2362772
1.2362829
1.2365197
1.2365716
1.236488
1.2362079
1.2362014
1.2365457
1.2366178
1.2369573
1.2364855
1.2360655
1.2361638
1.2358966
1.235734
1.2357495
1.2356141
1.2355799
1.236798
1.2369286
1.2364104
1.2359676
1.2360324
1.2359238
1.2358766
1.2362365
1.2363518
1.2361579
1.2367339
1.2368058
1.2363811
1.2362314
1.236143
1.236159
1.2362823
1.2363791
1.2369196
1.2367987
1.2365462
1.2367893
1.2364406
1.2364093
1.2363854
1.2363218
1.2363681
1.2362267
1.2369218
1.2370891
1.236408
1.2367507
1.2368134
1.2364254
1.2362939
1.2363288
1.2363313
1.2363087
1.2365417
1.2368372
1.2363855
1.2363887
1.2367507
1.2364157
1.2360862
1.2363353
1.2366699
1.2364249
1.2361129
1.2361925
1.2360757
1.2355241
1.2358018
1.2361436
1.2365808
1.2367547
1.2366535
1.2362001
1.2361727
1.2363238
1.2362575
1.2356608
1.2357363
1.2365188
1.2369139
1.2369026
1.23663
1.2357455
1.236269
1.2368404
1.233153
1.2360703
1.234054
1.2331892
1.2333055
1.2329991
1.2328591
1.2330957
1.233097
1.2316682
1.2356321
1.2348152
1.232043
1.2321021
1.2327897
1.2327117
1.2323184
1.2317269
1.2321933
1.2319903
1.2329791
1.2327819
1.2325394
1.2316588
1.2334403
1.2334034
1.2308347
1.2308141
1.2311374
1.231433
1.2331921
1.2339235
1.2325515
1.2328637
1.2329772
1.2331466
1.2322757
1.2317299
1.2329261
1.2328298
1.2333845
1.2340103
1.2339443
1.233526
1.2329638
1.2328453
1.2332165
1.2335894
1.2341663
1.2341363
1.2326689
1.2337802
1.2339061
1.2338409
1.2337151
1.2333264
1.2335448
1.2336661
1.2340821
1.2341148
1.2321798
1.2333823
1.2330875
1.2339199
1.2335939
1.2333788
1.2333158
1.2311978
1.2333321
1.2332907
1.2320589
1.2326949
1.2330567
1.2312887
1.2327277
1.2336004
1.2319023
1.2312801
1.2326509
1.2329397
1.2311177
1.2308362
1.2308525
1.2322034
1.2332732
1.2337529
1.2332466
1.2318331
1.2330259
1.2333723
1.2306527
1.2302273
1.2299968
1.2323176
1.2342014
1.2342378
1.2331132
1.2307808
1.2330306
1.2345284
1.2194377
1.2225618
1.2296694
1.227983
1.2261013
1.2251197
1.2257074
1.222785
1.2215836
1.2221492
1.225139
1.2270112
1.2249844
1.2242578
1.2242895
1.2239608
1.2237072
1.2231557
1.2237312
1.2220217
1.2270693
1.2243146
1.2246017
1.2266963
1.2277282
1.2280685
1.2272283
1.223895
1.2254661
1.2259527
1.2262177
1.2260791
1.2284948
1.2276157
1.2276826
1.2279952
1.2265665
1.2258689
1.2262995
1.2262081
1.2263626
1.2263275
1.2289733
1.2280886
1.2286485
1.2283095
1.2277755
1.2283041
1.2282567
1.2268011
1.2246126
1.2253337
1.2283578
1.2285734
1.2294511
1.2288867
1.2288283
1.2288702
1.2284225
1.2268606
1.2238519
1.2263567
1.2282843
1.2284737
1.2288821
1.2284091
1.2263417
1.22633
1.2275686
1.2279826
1.2242299
1.2261553
1.2248367
1.2257962
1.2261298
1.2276782
1.226199
1.2237194
1.2274824
1.2290709
1.2217551
1.2230232
1.2222487
1.2246875
1.2275357
1.2284159
1.2272961
1.2258854
1.2272994
1.2269721
1.2207241
1.2215972
1.2227563
1.2241743
1.2279344
1.2293459
1.2274807
1.2237451
1.227326
1.228433
1.2072122
1.2018221
1.2150499
1.2195812
1.215727
1.2150057
1.2138696
1.2004157
1.2022062
1.210499
1.2138791
1.2132326
1.2153427
1.2146805
1.2123046
1.2107202
1.2114032
1.2062627
1.2057374
1.2080782
1.2177993
1.2125111
1.2158253
1.2171142
1.2172854
1.2169128
1.2173379
1.2176287
1.2165766
1.2158272
1.2154309
1.2135955
1.2182463
1.2189485
1.2202919
1.2213412
1.2203526
1.2180319
1.2179375
1.2154357
1.2152734
1.2130798
1.2181108
1.2213915
1.2224377
1.2228472
1.2204705
1.2187575
1.2172282
1.2132682
1.2149049
1.21286
1.218771
1.2203662
1.2228637
1.2207006
1.2210605
1.2168493
1.214583
1.2154167
1.2161356
1.2188975
1.2165216
1.2191414
1.2206795
1.2196113
1.2198856
1.2197473
1.219127
1.2156018
1.2162445
1.2174347
1.2158396
1.2173245
1.2175067
1.214387
1.2159046
1.221209
1.2204897
1.2109438
1.2106045
1.2123689
1.2148375
1.219055
1.219772
1.2191285
1.2166641
1.2156465
1.2129817
1.2078627
1.2055518
1.2124576
1.2138351
1.2197213
1.2204587
1.2170635
1.2138986
1.2151264
1.211581
1.1958403
1.1835523
1.1988286
1.2080119
1.203637
1.2035544
1.1942536
1.1787217
1.1858321
1.1965844
1.2060627
1.2018095
1.205884
1.20555
1.2018599
1.1987083
1.1965285
1.1815741
1.1818672
1.191822
1.2075351
1.1990582
1.2031641
1.2061298
1.206468
1.2048538
1.2056859
1.2048526
1.2019165
1.2028031
1.2031658
1.1998988
1.206269
1.2097625
1.2118498
1.2102962
1.2091198
1.208508
1.2044228
1.2048187
1.200893
1.201649
1.2075497
1.2109816
1.2149133
1.2125834
1.2070995
1.2023934
1.2047338
1.2026241
1.2039764
1.2079236
1.2062856
0.97350891
1.2095384
1.2037352
1.2063746
1.2076138
1.2063698
1.2080083
1.2054665
1.2081698
0.97345302
1.2107337
1.2116001
1.208874
1.208996
1.2081015
1.2043983
1.207653
1.2067679
1.2073089
1.2049051
1.205913
1.2100733
1.2065383
1.19912
1.1980741
1.1959349
1.2016197
1.20513
1.2087698
1.2096342
1.2065505
1.201924
1.1961348
1.1988563
1.1945858
1.1846527
1.1973324
1.2022126
1.20425
1.2047887
1.2042453
1.2038375
1.1970418
1.1965857
1.1827821
1.1743432
1.1875467
1.1978908
1.1924072
1.1906928
1.1724507
1.1661915
1.1749149
1.1849797
1.1972785
1.1871452
1.1935962
1.1966819
1.1922201
1.1883306
1.1800758
1.1622272
1.1608015
1.1771472
1.1952304
1.1832387
1.1887339
1.1960626
1.1993728
1.1989263
1.1949776
1.1858424
1.1854928
1.1888223
1.1948014
1.1835532
1.1924684
1.1983928
1.1997496
1.2017163
1.1987484
1.1984825
1.1901599
1.2000262
1.1926293
1.1890929
1.1954377
1.1965105
1.1933112
1.2006448
1.1995498
1.1984113
1.1888213
1.1993443
1.194352
1.1940991
1.1945946
1.19072
1.1973076
0.82531987
1.1996194
1.1986801
1.1913598
1.1936089
1.2000879
1.1945285
1.1950998
1.1916086
1.1961784
1.2018082
1.2002454
1.2002049
1.1889263
1.1878102
1.202103
1.1916496
1.1918148
1.1949071
1.1942508
1.1968404
1.2002496
1.1965136
1.185916
1.1840707
1.1876631
1.1838953
1.1916201
1.1987048
1.1956176
1.1936211
1.192506
1.18479
1.1776873
1.1961838
1.1805388
1.1677298
1.1838907
1.1948997
1.1975208
1.2030405
1.1998562
1.1928735
1.1820835
1.2019491
1.168778
1.1639447
1.1773872
1.1857509
1.1835999
1.1784761
1.1600369
1.1600674
1.1672935
1.1716394
1.1793204
1.1647152
1.1774672
1.183891
1.1782143
1.1743405
1.1634674
1.1512841
1.1469283
1.1660831
1.1787641
1.1660986
1.1745928
1.1828537
1.1889826
1.1872861
1.1788582
1.1718748
1.1699434
1.186345
1.1843245
1.1701084
1.17927
1.1875481
1.1893739
1.191232
1.1896889
1.1819201
1.177837
1.187592
1.1871977
1.1752285
1.1822852
1.1812183
1.1941599
1.1544001
1.1907706
1.1874909
1.1757404
1.1897526
1.187316
1.1790734
1.1788704
1.1802597
1.1860275
1.1272907
1.1898591
1.1874848
1.17677
1.1887922
1.1917631
1.1785454
1.1745999
1.1828069
1.1857308
1.1888842
1.188647
1.1830233
1.1709469
1.1779049
1.1972143
1.1779628
1.1736616
1.1833523
1.1894327
1.1901796
1.1874286
1.1824687
1.1679474
1.1730563
1.1835527
1.172983
1.1794756
1.190852
1.1863951
1.1846673
1.1805298
1.1701115
1.1638168
1.1851374
1.1716567
1.1599584
1.1737683
1.1866393
1.1966349
1.1972707
1.1882601
1.18194
1.1657921
1.1836605
1.1577093
1.1537862
1.1681098
1.1782457
1.1755113
1.1658714
1.1552249
1.1568356
1.1616401
1.1603309
1.1634989
1.1467052
1.1632145
1.1684584
1.1661033
1.1661575
1.1638471
1.154578
1.1409275
1.1570492
1.1593123
1.1524613
1.1650676
1.1673882
1.1699141
1.1712109
1.170202
1.165945
1.1587142
1.182649
1.1624112
1.1576777
1.1662447
1.1688814
1.163364
1.1791221
1.1766182
1.172553
1.1701328
1.1730187
1.1658294
1.162658
1.165924
1.1697206
1.1283337
1.1264101
1.1787296
1.170544
1.1667165
1.1748348
1.170921
1.1642037
1.1661378
1.1695538
1.1655707
1.1644266
1.175099
1.1670624
1.1621728
1.1826841
1.1746656
1.1620927
1.1689489
1.1728465
1.1748296
1.1765301
1.1759831
1.1700724
1.1556441
1.1632588
1.1789398
1.161772
1.1660691
1.1778487
1.1764949
1.1770224
1.1783217
1.1697228
1.1529302
1.1572748
1.1722642
1.1603497
1.1692895
1.1812399
1.176252
1.1702746
1.1691742
1.1576397
1.1503034
1.1633376
1.1671883
1.1643215
1.165279
1.1728022
1.1900708
1.1749608
1.1566781
1.1674878
1.1561469
1.1713898
1.1509801
1.1485954
1.1747666
1.1731432
1.1626849
1.1561697
1.1530022
1.1550843
1.1557733
1.1552404
1.1516371
1.1377577
1.1516364
1.1568763
1.1589716
1.160054
1.1621799
1.1573835
1.1393444
1.1492421
1.14796
1.1452854
1.1590825
1.1568804
1.1535672
1.1580084
1.1619939
1.1623161
1.1520582
1.1682342
1.1496139
1.1502274
1.1593592
1.157587
1.1452462
1.1609593
1.1667874
1.1650993
1.1643039
1.1663957
1.1489039
1.1557021
1.160365
1.1592033
1.1357396
1.1230521
1.1691407
1.1623462
1.1612544
1.1621006
1.1505569
1.1578355
1.1604381
1.1654324
1.1671364
1.1638826
1.1623184
1.1527022
1.1470839
1.1661963
1.1548456
1.1583044
1.1607275
1.1630847
1.1649742
1.1666897
1.164813
1.1571365
1.1416694
1.1510218
1.1583886
1.1581342
1.1640381
1.1669933
1.1670077
1.1693944
1.1689359
1.1587961
1.1422541
1.1463133
1.1589575
1.1479438
1.1543265
1.1622954
1.1634247
1.1591462
1.1579981
1.1471066
1.1401144
1.1444894
1.1632857
1.1756737
1.174891
1.1835655
1.1787186
1.1536156
1.1499682
1.1529094
1.1527162
1.1662883
1.1485369
1.1458863
1.1723241
1.1546831
1.1517089
1.1482853
1.1517635
1.1533458
1.1496934
1.1516258
1.1442326
1.1368393
1.1496207
1.1544814
1.154265
1.154241
1.1551908
1.1543744
1.1380006
1.144171
1.1463165
1.1438899
1.154419
1.1516967
1.1523889
1.1537448
1.1539284
1.1550538
1.1493723
1.1565076
1.1501321
1.1477091
1.1540946
1.1522646
1.1505638
1.1490399
1.1562433
1.153994
1.1604285
1.1586357
1.1493441
1.1517887
1.152905
1.1548382
1.1495939
1.1229323
1.1587962
1.1544277
1.1555745
1.1640477
1.1442182
1.1534154
1.1515292
1.1573695
1.1617773
1.1610085
1.1532638
1.144831
1.1401336
1.1580539
1.144177
1.1556552
1.1545186
1.1565352
1.1573942
1.1576299
1.1535881
1.1442609
1.1336402
1.1434061
1.144505
1.1529485
1.1565413
1.1586692
1.1600786
1.1619488
1.1600977
1.1510371
1.1392988
1.1400363
1.1458023
1.1400578
1.1456556
1.1522688
1.1539875
1.1517408
1.1507818
1.142881
1.1376829
1.1340093
1.1590628
1.1479443
1.172179
1.1714755
1.1477605
1.1431005
1.1446182
1.1458516
1.1477253
1.1571438
1.1477143
1.143481
1.1518704
1.147492
1.1431028
1.1406141
1.1510638
1.1523368
1.1438078
1.1491114
1.140419
1.1390397
1.1505653
1.1520012
1.1496672
1.1474059
1.1476558
1.1491739
1.1367965
1.1450079
1.1450871
1.142458
1.1493631
1.1470098
1.1444041
1.146583
1.1447243
1.1409922
1.1471768
1.1505005
1.1510403
1.1456881
1.1487243
1.1449915
1.1465675
1.1407275
1.1478748
1.142043
1.1472447
1.1588077
1.1523093
1.1485822
1.1449997
1.1429547
1.1525697
1.1247512
1.149045
1.1431474
1.1388872
1.1617676
1.1431738
1.1480409
1.1417729
1.1469677
1.1528297
1.1573987
1.1482319
1.1409845
1.1335871
1.1506806
1.1398226
1.1501779
1.1486507
1.1503709
1.1510009
1.151524
1.1481998
1.1403235
1.1359702
1.1403126
1.1367942
1.1480742
1.1510248
1.1526252
1.1530032
1.1540607
1.1527312
1.1466984
1.1404575
1.137084
1.1314065
1.136001
1.1434488
1.1483503
1.1472194
1.1473109
1.1468764
1.1415786
1.1380531
1.1324907
1.1583245
1.1295767
1.1347374
1.1388314
1.1407885
1.1395225
1.1418361
1.1457817
1.1451088
1.1526969
1.1475895
1.1425277
1.1475259
1.144102
1.1369341
1.1343281
1.1522859
1.1541798
1.1392135
1.1497248
1.1377966
1.1407912
1.14862
1.1399869
1.1390539
1.1401635
1.1336902
1.137944
1.1364714
1.1441983
1.141885
1.1418946
1.1385105
1.1277839
1.1325756
1.1386935
1.1328327
1.1370559
1.1426732
1.1459187
1.1502163
1.1435204
1.1394767
1.1305856
1.1315485
1.1339149
1.141623
1.1359868
1.132531
1.1526871
1.1555743
1.1423341
1.1378189
1.1341998
1.1354297
1.128179
1.1431749
1.1368558
1.1248213
1.1484177
1.1461581
1.139432
1.1340232
1.139127
1.1433059
1.1525201
1.1477092
1.1403468
1.1316187
1.144451
1.139751
1.1425828
1.1406983
1.1453442
1.1450425
1.1455323
1.1465549
1.1417881
1.1391816
1.1410584
1.1335727
1.1440191
1.1454414
1.1464003
1.1468328
1.1469443
1.146378
1.1439864
1.1412198
1.1349411
1.1234213
1.132914
1.1421626
1.1436034
1.1441654
1.1466066
1.1464272
1.1411956
1.1353907
1.1293697
1.1608477
1.1324639
1.1345456
1.1361143
1.1349423
1.1344525
1.1409661
1.1454133
1.1417916
1.1552634
1.1543305
1.1425694
1.1430872
1.1422177
1.1365529
1.124236
1.1602423
1.1644017
1.1374763
1.1551042
1.138001
1.1372044
1.1422351
1.131388
1.1284735
1.1294995
1.1248812
1.1304282
1.1336307
1.1402593
1.1407674
1.1330118
1.1300239
1.1285221
1.1280232
1.1328622
1.132891
1.1399739
1.1319372
1.1430206
1.1529097
1.1293165
1.134075
1.1240432
1.1283756
1.1298387
1.1362277
1.1357112
1.1228733
1.1514555
1.1626746
1.1260684
1.1286684
1.12798
1.1292007
1.1302469
1.1388767
1.137639
1.1275222
1.1456275
1.1563254
1.1265041
1.1319968
1.133366
1.1391304
1.148168
1.1490227
1.1425821
1.1347861
1.1488779
1.1458126
1.1331662
1.1337314
1.1369613
1.1379334
1.1420737
1.1467532
1.1422171
1.1357384
1.1476895
1.1333767
1.1361719
1.1392637
1.1408736
1.139119
1.1347035
1.1409356
1.1373171
1.1337254
1.1405276
1.1251261
1.1319686
1.1386448
1.1395828
1.1379697
1.1352915
1.1435121
1.1410113
1.13704
1.1269399
1.1691968
1.1405423
1.1353602
1.1317052
1.132994
1.1415562
1.1466936
1.1495309
1.1312032
1.1636131
1.1818444
1.1335708
1.1443314
1.145278
1.1410582
1.1336475
1.1899402
1.1969029
1.1548891
1.1809888
1.1618182
1.1280034
1.1311084
1.1278859
1.1308349
1.1325214
1.1558536
1.1691908
1.1346318
1.1311677
1.1619228
1.1241103
1.1377664
1.1756181
1.1621681
1.133281
1.1296343
1.1527537
1.1546712
1.140846
1.1791523
1.1421941
1.1814048
1.1539633
1.1271657
1.1313668
1.1338991
1.1289127
1.1414548
1.1837755
1.1871714
1.1351414
1.1436751
1.1348959
1.1315091
1.1322738
1.1353092
1.1372591
1.1291477
1.1736492
1.1888296
1.151451
1.1574269
1.1450552
1.1393571
1.1387097
1.1421616
1.1425675
1.1306532
1.1738339
1.1763405
1.14105
1.1629208
1.1499662
1.1474737
1.1424674
1.1446432
1.1442039
1.1313048
1.1761868
1.1543057
1.1298777
1.1411192
1.1407258
1.143606
1.1523695
1.1465798
1.1462295
1.1309393
1.1721876
1.1386628
1.1243532
1.1358058
1.1366021
1.1376191
1.1477212
1.1374942
1.1369792
1.1271245
1.1532239
1.1941113
1.17392
1.1698196
1.1583666
1.1608079
1.1775101
1.1753766
1.1748624
1.1606759
1.1923867
1.2283599
1.2292916
1.2290649
1.2239344
1.2237787
1.2245039
1.0003646
1.2281168
1.2289967
1.2283794
1.2237685
1.2234056
1.0001248
1.2221043
1.2290366
1.2291798
1.22874
1.2241771
1.0004155
1.2224826
1.2224618
1.2285976
1.2284211
1.2281478
1.0002942
1.2221597
1.2224637
1.2234412
1.2212712
1.2215479
1.2225525
1.2131267
1.2130969
1.2163925
0.98017675
1.2207359
1.222571
1.2211683
1.2129262
1.2123154
0.98066116
1.2136525
1.2220831
1.2211769
1.2228646
1.2140762
1.2153583
1.21079
0.97443029
1.22285
1.223326
1.2166192
1.2216761
1.2211342
1.2146044
1.2188223
1.2205966
1.2208952
1.2137729
1.2111611
0.97861984
1.2116801
1.2223958
1.2172043
1.2183494
1.2095067
0.97609068
1.2080079
1.2090087
1.2199185
1.2212407
1.2097701
1.2209999
1.221315
1.2214285
1.2124906
1.2216312
1.2210831
1.2209483
0.97811985
1.2123699
1.2124815
1.2144145
1.2207543
1.2178737
1.219361
1.209464
0.9785874
1.2109691
1.2108963
1.2196324
1.2189436
1.2167414
0.97845215
1.2123927
1.2101074
1.2091896
1.2108253
1.2149228
0.9752608
1.2040856
1.2053482
1.1993334
1.2019962
1.2090029
0.97593415
1.2126706
1.2045616
1.2015359
1.2031869
1.2045321
1.2136015
1.20738
0.97033531
1.2002348
1.1973902
1.1961139
1.196886
1.1964597
1.2059535
1.2000052
1.213682
1.2084904
1.2041475
1.2080564
1.2087224
0.97379337
1.2088991
1.2032651
1.2006037
1.204193
1.2006077
0.97153637
1.2052933
1.2074593
1.1951541
1.1972313
1.195241
1.1977881
1.2084897
1.1996179
1.1985006
1.2059414
1.2111498
1.2081668
1.2055283
1.2018702
1.2093993
1.2112664
1.2117042
1.2037121
1.200845
1.2021832
1.2029046
0.97390006
1.2083772
1.2079646
1.1991142
1.202943
1.1982246
1.1995434
1.211245
1.2070378
1.2075257
1.2032938
1.2027802
1.2007608
1.2018119
1.1991009
1.1970154
0.8230445
1.1836677
1.1860544
1.192671
0.92455984
1.2003987
0.82373187
1.2059791
1.1842513
1.1891454
0.96072972
1.1902626
0.82445698
1.1966817
1.2028756
1.194986
1.0147774
1.193638
1.1991486
1.2056831
1.2030336
1.1997775
1.0187243
1.1909981
1.1973935
1.1948304
1.2227268
1.1718046
1.1774394
1.2225405
1.2154873
1.1711952
1.2214043
1.174206
1.2228801
1.2162227
1.0907202
1.0905121
1.2199672
1.1540258
1.1394251
1.2072872
1.2029613
1.1882525
1.0690697
1.0154196
1.1870297
1.0657471
1.0060676
1.1877833
1.2063855
1.2105976
1.1733029
1.140143
1.2105061
1.206517
1.201946
1.2062602
1.1729941
1.2079816
1.1315004
1.2085021
1.2015641
1.2047558
1.1944843
0.97256276
0.9770339
0.91645457
1.1348238
1.1282569
1.1483236
1.2271899
1.2276099
1.2122037
1.2131741
1.2275014
1.2274153
1.2261003
1.2267598
1.2277791
1.2121645
1.2105277
1.2275161
1.2269604
1.2239064
1.2266944
1.2273578
1.2130648
1.2111349
1.2272771
1.2264467
1.2232475
1.2264506
1.2274964
1.2102668
1.2113424
1.2267908
1.2265069
1.2231154
1.2173102
1.1918877
1.2142237
1.1871051
1.2172997
1.2183663
1.2147508
1.2170721
1.1918922
1.21404
1.1765108
1.2172784
1.2161067
1.2134391
1.2167506
1.19247
1.1786668
1.2088573
1.2172343
1.2144165
1.2108001
1.2227826
1.1714235
1.1794726
1.2244821
1.2184426
1.2237263
1.1717565
1.1739276
1.2238791
1.2175918
1.0903482
1.0909622
1.2217196
1.2195691
1.1550122
1.1425336
1.2177184
1.2163995
1.0681078
1.0805411
1.2138167
1.065278
1.0764072
1.2106244
1.0896149
1.0893676
1.2204678
1.2218089
1.1711704
1.1744808
1.2233966
1.2173338
1.0674162
1.0738741
1.2070618
1.2174724
1.1367749
1.1443426
1.2136044
1.2163343
1.0644703
1.0718358
1.2125547
1.2153739
1.188444
1.1809561
1.2119328
1.2170148
1.2150992
1.2122802
1.2124794
1.191364
1.20844
1.1803536
1.2137685
1.214979
1.2076018
1.0912358
1.0911041
1.2201573
1.1725112
1.2213081
1.1735622
1.2218626
1.2133054
1.0648508
1.068065
1.2121261
1.2139443
1.1460213
1.1420619
1.2144138
1.2115283
1.0661421
1.0746919
1.2061385
1.1724849
1.2219638
1.1747438
1.2218502
1.214439
1.1708994
1.2215437
1.174751
1.2230517
1.2138918
1.0660856
1.0738298
1.2070938
1.0658958
1.0711438
1.2083789
1.2165464
1.1401059
1.1435692
1.2129191
1.2124505
1.2162193
1.1891081
1.2117306
1.175113
1.2151815
1.2146211
1.2118224
1.2145248
1.1880503
1.1755673
1.2094768
1.2133662
1.2138471
1.2103046
1.2130388
1.18787
1.1759003
1.2092318
1.2133618
1.2135174
1.2094469
1.2119329
1.2135798
1.185336
1.1510127
1.2143223
1.211449
1.2091037
1.2090404
1.2133195
1.174514
1.1492416
1.2123949
1.2108859
1.211407
1.2028617
1.175887
1.2070327
1.1342077
1.2087756
1.1957398
1.2015961
1.0781159
1.0164577
1.1985571
1.0726969
1.0082288
1.1697289
1.0814001
1.1989116
0.97968873
1.2028305
1.1077235
1.0647406
1.1992064
0.98372444
1.1812066
1.0935846
0.9120915
0.91720834
1.0663074
1.1343239
1.1413148
1.2093693
1.2025797
1.1964914
1.0708897
1.0095209
1.1860496
1.0799361
1.2086277
0.97750878
1.2013821
1.1414905
0.91066716
0.90978014
1.1055689
1.0682977
1.2067175
0.97132911
1.195296
1.1420858
1.2065003
1.1774518
1.2108092
1.137692
1.2111282
1.2067942
1.2066121
1.2012742
1.2066751
1.177133
1.1321376
1.2060274
1.2014182
1.2005857
1.1439737
1.1405761
1.2042711
1.1966396
1.197502
1.0731785
1.0094883
1.1839496
1.0648662
0.99276066
1.1990848
1.1957218
1.1486713
0.92323232
0.90978992
1.1191222
1.0679069
0.97120395
1.2011746
1.1942611
1.1519371
1.0708546
1.0117304
1.1789654
1.0702888
1.0055272
1.187176
1.137862
1.1408992
1.2079336
1.1943215
1.1942313
0.90994052
0.91103252
1.0960442
1.0717415
0.9713936
1.2045976
1.1911834
1.1317428
1.0631487
0.97139773
1.2032231
1.195314
1.1281409
1.2048844
1.1744065
1.2081646
1.1351852
1.2090407
1.2029523
1.2044992
1.1552705
0.97598098
0.98921544
0.8551966
1.0693147
1.0826929
1.1547232
1.1997854
0.97446885
0.97372544
0.87909679
1.1467414
1.1058567
1.1366385
1.2036914
0.99829065
0.97413368
0.90024727
1.1461817
1.1690859
1.1482926
1.2279096
1.2284193
1.2282736
1.222875
1.2235911
1.2234123
1.2238378
1.2274571
1.2283271
1.2281075
1.2236231
1.2227848
1.2238824
1.2232064
1.2286628
1.2282813
1.229216
1.2233881
1.2236711
1.2237079
1.2246861
1.227567
1.2285797
1.2285218
1.2224144
1.2213497
1.2222324
1.2237059
1.2293808
1.2287885
1.2292193
1.2234876
1.2242082
1.2212876
1.2213816
1.2287323
1.2281656
1.2276825
1.2228914
1.2242271
1.2232491
1.2228197
1.2286596
1.2268259
1.2274126
1.2217039
1.2226649
1.2201963
1.2219415
1.2276656
1.2273502
1.2266795
1.2223953
1.222057
1.221615
1.2197295
1.2198846
1.2210279
1.2213802
1.2142072
1.2131285
1.2141599
1.2160077
1.2184511
1.2203938
1.2187251
1.2123048
1.2135045
1.2132277
1.2113566
1.2227188
1.2234859
1.2201942
1.225283
1.2215297
1.2205977
0.95257419
1.2178359
1.2204281
1.2219741
1.212051
1.2213485
1.2165929
1.2178319
1.2176317
1.2150445
1.2166972
1.2080997
1.2093312
1.2102718
1.2102899
1.2145889
1.2207275
1.2191498
1.2111909
1.2187149
1.2158639
1.2151905
1.2199927
1.2161575
1.2163173
1.2129823
1.2143593
1.2096925
1.2128923
1.2118417
1.2114604
1.2130441
1.2034807
1.2034245
1.2012849
1.1995242
1.2082433
1.2105512
1.2089718
1.2011301
1.2023202
1.2026326
1.200845
0.94445541
1.2063889
1.2100361
1.1954208
1.2079509
1.2109867
1.2069023
1.2095792
0.94255339
1.2058745
1.205197
1.0143096
0.98091908
1.2066014
1.2058432
1.0545093
1.2065303
1.2053129
1.2075879
1.1958523
1.1975511
1.1992981
1.1980042
1.2049748
1.1912007
1.2078215
1.2040712
1.2091163
1.2058666
1.2050028
1.2062294
1.0134971
1.2024333
0.97943491
1.2050373
1.0611128
1.201894
1.2119906
1.2081887
1.2091186
1.2026024
1.2036995
1.2019857
1.2044046
1.2016699
1.1944311
1.1957455
1.1917154
1.1910722
1.1845446
1.1876666
1.1999765
1.1966239
1.2004525
1.1920918
1.1941945
1.18739
1.1900035
1.1931772
1.1915572
1.1938987
1.1860839
1.1826917
1.1832453
1.1884659
1.1997246
1.2015807
1.0355
1.1922002
1.1794001
1.1927759
1.1643946
1.1989862
1.2001854
1.1988687
1.1920837
1.1944388
1.192504
1.1944043
1.194632
1.1917202
1.1950497
1.183952
1.1907899
1.1858319
1.1904051
1.2000193
1.0571402
1.1975646
1.1952206
1.1819927
1.199729
1.1952034
0.99022594
0.84233914
0.84496361
0.86014418
0.8771945
0.92610091
0.94533636
1.1989955
1.1993549
1.2005165
1.1937026
1.1943944
1.1945578
1.1943486
1.2014956
1.1949508
1.1981261
1.1912134
1.194077
1.1915882
1.1928046
1.200115
1.1989391
1.1993224
1.1949154
1.1945897
1.1930086
1.1933927
1.2269207
1.2260135
1.223687
1.2192889
1.2259891
1.2271536
1.2250571
1.2270667
1.2267899
1.2245027
1.2206797
1.2264669
1.2273748
1.2253409
1.2270361
1.2259593
1.0312564
1.0324805
1.2272695
1.226307
1.114313
1.226544
1.2259444
1.2236753
1.219313
1.225832
1.2271199
1.2246251
1.2278197
1.2262555
1.0299051
1.0311248
1.2275042
1.2275482
1.1124222
1.2263889
1.2249595
1.2226262
1.2179162
1.2250416
1.2264259
1.2244578
1.2267554
1.2267215
1.2205983
1.2228972
1.2272875
1.2263271
1.2239611
1.2262435
1.2257504
1.0325778
1.0318197
1.2261028
1.2260759
1.11557
1.2265111
1.2252712
1.2183579
1.2226458
1.2261712
1.2255258
1.2238042
1.2263196
1.2259375
1.0300006
1.0332885
1.114062
1.2268929
1.2258916
1.2263586
1.2252482
1.2177646
1.2232576
1.2263096
1.2257736
1.2237486
1.2263171
1.2250724
1.2184093
1.2226577
1.2261933
1.2251507
1.224069
1.2183954
1.2216488
1.2224591
1.2152994
1.2214575
1.2185037
1.2198007
1.2173224
1.2189584
1.2158279
1.2036226
1.2172864
1.2192416
1.2149637
1.2140872
1.0282244
1.2111031
1.0263191
1.2119528
1.094392
1.2116153
1.2183585
1.2217466
1.2225336
1.2150238
1.2217022
1.2185282
1.2192728
1.2157919
1.027995
1.2152392
1.0245773
1.2163731
1.0850154
1.2134722
1.2169163
1.2170227
1.2132546
1.19322
1.2159084
1.2179206
1.2131568
1.2186145
1.2234389
1.2215618
1.2160827
1.2222294
1.2201474
1.2164568
1.217496
1.2192216
1.2147056
1.1945652
1.2178082
1.2189823
1.2117504
1.2092861
1.0214357
1.0193379
1.2042667
1.0825948
1.2082559
1.2066904
0.95530581
0.92667005
0.92393817
1.2226157
1.2218652
1.2184114
1.2240586
1.218454
1.2201243
0.95354848
0.9274038
0.92413971
1.2164878
1.2210946
1.2196195
1.2121604
1.2193263
1.2185303
1.2163628
1.2154442
1.2167765
1.2127737
1.1983588
1.215125
1.2177982
1.2121915
1.2143633
1.0260739
1.0200394
1.2067305
1.0876718
1.2117593
1.2104279
1.2142058
1.2204805
1.2209365
1.2161497
1.2192795
1.2157194
1.2161506
1.2119913
1.0242504
1.2073896
1.0187332
1.2120382
1.0870151
1.2095178
1.2121367
1.2132465
1.1977693
1.2082606
1.2142635
1.211178
1.207457
0.95477645
1.2210032
1.2212275
1.2154585
1.2232213
1.2176217
1.2167164
0.92247754
0.92648823
1.2223088
1.2215339
1.2177462
1.2238229
1.2177317
1.2179979
0.92706796
0.92342277
1.2118463
1.0261258
1.2063553
1.0205258
1.2074688
1.2113345
1.0853897
1.2166003
1.2165371
1.1911457
1.2134312
1.2164971
1.2161397
1.2121416
1.2161376
1.2210453
1.2196174
1.2110061
1.2198844
1.2167413
1.2155405
1.2144648
1.2137887
1.1921603
1.2103856
1.2146311
1.2130966
1.210365
1.2104059
1.0265432
1.0191541
1.2039628
1.0855819
1.2088856
1.2061997
1.2098731
1.0271232
1.019001
1.2036692
1.2055083
1.0870169
1.2087574
1.2130706
1.2157299
1.1917777
1.2115199
1.2147708
1.2133516
1.2098104
1.2116422
1.2140946
1.2024745
1.2083571
1.2145374
1.2112602
1.2114082
1.214359
1.2150994
1.0232631
0.98186945
1.2122538
1.2144076
1.0726728
1.2102604
1.1837871
1.2046515
1.1990986
1.2107467
1.2098156
1.2031834
1.2127262
1.2137172
1.0157292
0.98315646
1.0590935
1.2127743
1.2131167
1.2082954
1.2106419
1.1922667
1.2081069
1.2120041
1.2076558
1.2128054
1.2082243
1.1822814
1.2060367
1.2058307
1.2103109
1.2133958
1.2063028
1.2036596
1.2110679
1.1927253
1.2064577
1.2096833
1.2069708
1.2022456
1.2038394
1.0117251
1.2061676
0.97952066
1.2093886
1.049868
1.2028668
1.200886
1.1630604
1.1954758
1.1953659
1.2004051
1.1997713
1.1955132
0.94911423
0.94226158
1.2047173
1.1981757
1.1978125
1.2017689
1.1899634
1.1399201
0.83563406
0.94303269
1.2077898
1.2075135
1.2060661
1.2062416
1.2024175
1.1731164
0.83827492
1.2104827
1.0141584
1.2056075
0.98014576
1.2068585
1.2097201
1.0610653
1.2050129
1.1678883
1.2042496
1.2016305
1.2086785
1.2050557
1.2017669
1.2054958
1.2053343
1.0153773
0.97784707
1.0660854
1.2072052
1.2032372
1.2013523
1.1955906
1.2053734
1.2033444
1.2059154
1.2038392
1.2025158
1.1996933
1.1632999
1.1956423
1.1977038
1.1996763
1.2019314
1.1960071
0.94288904
0.84092897
1.2028922
1.1989419
1.2000883
1.2009623
1.2018718
1.1734705
0.94251293
0.94334229
0.839522
1.2065345
1.203019
1.2032963
1.1987586
1.1975093
1.1609576
1.2065506
1.1896947
1.2107905
1.2074152
1.2107511
1.2071275
1.2079534
1.2048442
1.1710009
1.2014437
1.2020506
1.2049571
1.2069844
1.2013831
1.2040712
1.0141902
1.2027669
0.98145494
1.2018317
1.2051647
1.0563844
1.203308
1.1651095
1.2003203
1.2014806
1.2050947
1.2034054
1.2001059
1.2067536
1.189289
1.2098206
1.2077553
1.2089604
1.2063503
1.2079477
1.2055282
1.1623681
1.2030778
1.2028173
1.2058014
1.2038987
1.2032491
1.1759998
1.196289
1.0375934
1.1907268
1.1373996
1.1918029
1.1431937
1.2002978
1.1952505
1.0474643
1.1947158
1.1229279
1.1933134
1.1983994
0.93188836
0.83773114
0.84137157
0.83910038
0.86009346
0.89320349
0.9254823
0.97951705
0.83773149
0.84213016
0.84695889
0.92590058
0.87083355
0.89528535
1.1998635
1.204576
1.0283649
1.1992161
1.1786828
1.196978
1.1889883
1.0152967
0.84316031
0.84290103
0.85343247
0.93254343
0.88271897
0.93564315
1.2022411
1.0287678
1.2002833
1.2011265
1.1862354
1.1979597
1.1997388
1.2016694
1.0273803
1.2019659
1.1996971
1.1685007
1.1854699
1.1984051
1.2003675
1.0300854
1.2026157
1.2013609
1.1630737
1.1924894
1.2003442
1.0084627
0.91622827
0.90673752
1.1801304
1.0872956
1.222901
1.2022985
1.2234084
1.0640105
1.087947
1.2197244
1.1889188
1.2202035
1.060025
1.1224339
1.0232072
1.2234915
1.2110616
1.2235032
1.2125225
1.121092
1.0064701
1.220338
1.1973081
1.220444
1.21065
0.95066709
0.94050363
1.0093749
0.91381231
0.90579943
1.184443
1.0865864
1.2236212
1.2061378
1.2233661
1.0601964
1.0837154
1.2196594
1.1881978
1.0550483
1.2193092
1.1246507
1.018046
1.2143016
1.2231905
1.2235224
1.2141896
0.95125924
0.93929802
1.1212081
1.0062278
1.2189497
1.2005936
1.2194729
1.2133854
0.9320125
1.1623015
0.98588435
0.9353412
1.1653914
0.98628522
0.92062187
1.1886549
1.188965
1.0100221
0.99027766
0.90018757
0.89972021
1.1231046
1.0679502
1.2135119
1.1769361
1.0509305
1.2114265
1.0653207
1.2082047
1.1595908
1.0501613
1.2057177
0.93152022
0.9203514
1.0990601
0.97963329
1.186053
1.2062315
1.2107361
1.1794439
1.0938301
0.97560724
1.1697287
1.1998791
1.2051287
1.172651
0.90965069
1.1148307
0.9687198
0.92022689
1.0824711
0.96467621
0.90467043
1.1337445
1.1122256
0.98249774
0.90239178
1.1207402
0.95737307
0.9176149
1.0885785
0.96124992
0.90616756
1.1430501
1.1115093
0.97487743
1.2047363
1.0614469
1.2082496
1.1809549
1.2047661
1.1063676
1.2077837
1.2056047
1.0197763
1.2082554
1.1605153
1.2049677
1.0844307
1.2080715
1.2057403
1.0567007
1.2073204
1.1824329
1.2046216
1.1089729
1.2072005
1.2046162
1.0177522
1.1709386
1.2045681
1.0933207
1.2030545
1.2053968
1.0050154
0.86025271
1.0189545
1.0520137
0.9085286
0.96864544
1.0736136
1.0190068
0.86478637
1.0387624
1.0729211
0.909208
0.98998325
1.0998719
1.2267074
1.0894027
1.2265993
1.2178124
1.2264797
1.2269896
1.1608137
1.2268247
1.0898438
1.2264406
1.2185718
1.2265651
1.2266381
1.160206
1.2270308
1.0888765
1.2266277
1.2172836
1.227259
1.2264746
1.1597573
1.2266577
1.0892372
1.225764
1.216766
1.2259346
1.2266193
1.1598928
1.2256456
1.0901965
1.2261465
1.2176431
1.2261102
1.225759
1.1622204
1.2255043
1.090375
1.2252509
1.2163635
1.2250949
1.2253351
1.1612881
1.2253572
1.0875656
1.2254456
1.2154286
1.1608789
1.2272198
1.2250429
1.2255024
1.0916517
1.2254197
1.2165393
1.1617578
1.2260909
1.2253293
1.2168447
1.0529059
1.2180139
1.2131799
1.218169
1.2160293
1.1612255
1.2162674
1.0691832
1.207139
1.2163398
1.217062
1.1579381
1.2148072
1.2166115
1.0513322
1.2180096
1.2050221
1.2161512
1.218087
1.1533337
1.2143114
1.065976
1.1948615
1.2145219
1.2154746
1.151321
1.2127856
1.2135365
1.0481697
1.2071419
1.2150931
1.2157239
1.1501284
1.2130023
1.2113145
1.0611476
1.1979405
1.2109382
1.2130306
1.1501263
1.2091057
1.0085716
0.91406967
0.90657573
1.1865313
1.0885519
1.2229396
1.2054509
1.0623008
1.2235031
1.087371
1.2195944
1.1902508
1.0579976
1.2204302
1.1252949
1.017944
1.2242155
1.21374
1.2151426
1.2238262
1.122857
1.0064687
1.2214951
1.2026375
1.2145162
1.2210645
0.95098174
0.93997735
1.008459
0.91528841
0.90674955
1.1832688
1.0869878
1.2238823
1.2036199
1.0619867
1.2245503
1.0858291
1.2201229
1.1882999
1.0564942
1.2211577
1.1234675
1.0208029
1.2249275
1.2133434
1.2150828
1.2246164
1.1196634
1.007255
1.2216416
1.199227
1.2139247
1.2213428
0.95163232
0.94000508
0.93421378
1.1645754
0.98775695
0.9333263
1.1617376
0.98793608
0.92165531
1.1896931
1.1882504
1.0114176
0.99555772
0.90535669
0.90215917
1.184959
1.0911629
1.2145994
1.1889662
1.0545742
1.2180344
1.0900447
1.2098976
1.1843913
1.0545858
1.2154737
1.1132457
1.0060804
1.2203488
1.1983563
1.2125458
1.2189153
1.1130271
1.0021128
1.2196111
1.1933544
1.2128041
1.2172464
0.97145807
0.92291539
0.90196425
1.1703224
0.9898096
0.90515235
1.1637689
0.98739254
0.91212036
1.1807674
1.1737896
1.0253775
0.89956551
1.1607815
0.98512373
0.90449232
1.1537685
0.98487989
0.91192156
1.1792512
1.1684407
1.0246771
0.93516382
1.1612798
0.98613255
0.9346729
1.1650406
0.98587854
0.92300737
1.1879735
1.1889714
1.0095884
1.0086395
0.91309104
0.90731517
1.1845521
1.0878245
1.2215551
1.205559
1.2229301
1.0608358
1.0841433
1.2174094
1.1879677
1.2190401
1.0558628
1.1252732
1.0167018
1.2238133
1.2136419
1.2234921
1.2148642
1.1203971
1.0026535
1.2207351
1.1996695
1.2140152
1.2200015
0.95047754
0.93899183
0.90127819
1.1623613
0.98871264
0.90765042
1.1478374
0.98927612
0.91161132
1.1810602
1.1637961
1.0288792
0.99225211
0.90168807
0.90136965
1.1795865
1.0852581
1.2082804
1.1800762
1.2133311
1.0449501
1.082739
1.209369
1.1823038
1.2142253
1.0430557
1.1071184
0.99719142
1.2169574
1.1899027
1.2148781
1.2082817
1.1050292
0.99968661
1.2182401
1.1934532
1.2085253
1.2157677
0.95432246
0.91999653
0.90070958
1.1664398
0.98619876
0.9020986
1.1540175
0.98036256
0.90964324
1.1756865
1.1667435
1.0178331
1.2146105
1.0497156
1.210717
1.2155972
1.1551108
1.2160656
1.2133614
1.2139559
1.0577926
1.2041126
1.2136047
1.1492154
1.2150694
1.2118955
1.2127992
1.0486573
1.2146868
1.2127049
1.2131397
1.2144055
1.1530131
1.2110013
1.0563525
1.2032423
1.2087603
1.2106637
1.1469556
1.2089393
0.93413399
1.1654011
0.98777601
0.93347304
1.1633023
0.98725032
0.92284443
1.1890344
1.1894737
1.0101461
1.0092782
0.91443339
0.90637211
1.1814881
1.0893175
1.2217878
1.2028211
1.2221283
1.062726
1.0849278
1.2171233
1.1868208
1.0569516
1.2176068
1.1239255
1.0208967
1.2110739
1.2223355
1.2221992
1.2121781
0.95118494
0.9400184
1.1208023
1.0066229
1.218312
1.1963503
1.2099366
1.2179682
0.90027828
1.1652718
0.9833546
0.90044826
1.1542476
0.97875774
0.91098395
1.1739347
1.1666965
1.0164046
0.99285984
0.90341753
0.90184546
1.180589
1.0852961
1.2071805
1.1809975
1.2108859
1.0471464
1.0873825
1.2060379
1.1807952
1.2104143
1.0478345
1.1059575
1.0037955
1.2150211
1.1924108
1.2120612
1.2074443
1.1091922
0.99902952
1.2145647
1.1889613
1.2073906
1.2117733
0.95811824
0.9231812
0.90101345
1.1632392
0.98892151
0.90597933
1.1521085
0.98798203
0.91154524
1.1795431
1.1659408
1.0281148
1.0072975
0.91453319
0.90634206
1.1819862
1.087512
1.2212865
1.2017498
1.2216904
1.061629
1.0867997
1.2174605
1.1866632
1.2179921
1.0569393
1.122442
1.0197036
1.2101607
1.222522
1.2219082
1.2124846
0.95079283
0.93951005
1.1208937
1.0092355
1.2189572
1.196734
1.2184177
1.2106273
1.0079522
0.91526645
0.90750001
1.1843794
1.0849245
1.2219458
1.2052087
1.2228814
1.0605938
1.0823115
1.2169792
1.1851504
1.2178005
1.0554907
1.1234823
1.0202832
1.2135442
1.2237231
1.2233316
1.2142296
0.94988437
0.93912426
1.1210695
1.0057325
1.2192636
1.1975858
1.21856
1.213079
0.90106491
1.1629901
0.98952008
0.90745579
1.1523505
0.98949158
0.91450259
1.1805622
1.1666552
1.0290419
0.90121694
1.1636469
0.98421805
0.90206167
1.1556261
0.982136
0.90995806
1.1744185
1.1663496
1.0188448
0.99477695
0.90346099
0.90364257
1.1801567
1.0864044
1.2058702
1.1803578
1.2116192
1.0484995
1.085977
1.206479
1.1800329
1.2114514
1.0472897
1.1078114
1.0018883
1.2162572
1.1890796
1.2082567
1.213353
1.1070529
1.0033189
1.2160949
1.1903978
1.2079644
1.213077
0.9615932
0.92236883
1.2127645
1.0495313
1.2153177
1.2039947
1.2153143
1.2128908
1.1528806
1.2106692
1.0642539
1.1950497
1.2096046
1.2083549
1.1524243
1.2123551
1.211531
1.0496537
1.2040139
1.2136395
1.1522678
1.2140571
1.2105092
1.209924
1.0633927
1.1950814
1.2091754
1.1517835
1.2113359
1.207301
1.2109401
1.0507868
1.2080114
1.2133429
1.2132652
1.1521413
1.2104541
1.2090464
1.0586616
1.1990772
1.2085698
1.2070591
1.1490556
1.2103039
1.2143151
1.0667465
1.2157408
1.1971473
1.2141482
1.2152501
1.121122
1.2147316
1.0223194
1.2141036
1.1883174
1.2138078
1.2137582
1.1076271
1.2118964
1.0621929
1.2131001
1.185943
1.1109289
1.2133208
1.2130818
1.2120922
1.0231125
1.2133344
1.1768972
1.0930803
1.2143321
1.2128053
1.2033829
1.0595678
1.2089818
1.1807835
1.2062095
1.2064722
1.1012465
1.201439
1.0183387
1.1522947
1.2021494
1.2025235
1.0785408
1.2007017
0.90533433
1.1329224
0.96574143
0.91928908
1.0960735
0.96943718
0.91087885
1.1552492
1.1217114
0.98335641
0.91200618
1.1151599
0.9661601
0.91865175
1.0605572
0.9599367
0.90774461
1.1322181
1.0876143
0.97774948
0.95204534
0.89357938
0.87951638
1.0947587
1.0102576
1.201989
1.1430607
1.2066505
0.97630348
0.99912096
1.1560925
1.0167616
0.96655629
1.17012
1.0379848
0.97781807
1.1632501
1.2019719
1.2072473
1.1555413
0.91512851
0.89848835
1.0248752
0.94029307
1.1682178
1.0378137
1.1423882
1.1750982
0.93293468
0.89300269
0.87911081
1.0689134
0.98354268
1.1820843
1.1037971
1.1872854
0.96361425
0.96963575
1.1450504
0.98687446
0.95550662
1.1381957
1.0043776
0.97214106
1.124402
1.1836894
1.1905282
1.1231435
0.90051713
0.89318018
0.98946186
0.93612068
1.1407066
0.99781129
1.1090459
1.1444956
0.83272826
0.9633734
0.848951
0.83394235
0.94233577
0.84804916
0.88004452
0.98072879
0.95356385
0.86283195
0.98655463
0.89760161
0.89863437
1.1191776
1.0555266
1.207404
1.1600738
1.040471
1.2089594
1.055267
1.2081961
1.1607963
1.208478
1.039514
0.93276028
0.91856175
1.0849876
0.97410806
1.1728866
1.2088336
1.2100318
1.1739755
1.0867744
0.97255223
1.1702156
1.2076239
1.2094797
1.1787391
0.90159781
1.1205724
0.95760185
0.91762291
1.0799266
0.96048774
0.90325702
1.1410147
1.1077127
0.97271824
0.94787791
0.8910024
0.87945887
1.0893211
1.0043939
1.202094
1.1298632
1.2065282
0.97391616
0.99504264
1.1535292
1.028662
1.1739087
0.96433923
1.0337431
0.96992291
1.1549731
1.2073092
1.2101621
1.1517085
0.91190338
0.89695637
1.0209995
0.93963477
1.1839369
1.0540205
1.1876217
1.1425662
0.83284621
0.97569087
0.85403425
0.83354495
0.97193778
0.85516216
0.87876653
0.99710469
0.99492105
0.87399893
0.94399907
0.89033631
0.88022439
1.0888827
1.0001
1.187324
1.1266436
1.2019999
0.9640896
0.9917652
1.1366605
1.0207708
0.95378018
1.1682933
1.0283684
0.96942133
1.1513465
1.2022092
1.150906
1.2049001
0.90912321
0.89323267
1.0145912
0.94185259
1.1827728
1.0475866
1.1420727
1.1768004
1.2090142
1.054832
1.2123076
1.1854146
1.211512
1.2113461
1.1073602
1.2083767
1.0187148
1.1729721
1.208298
1.2088352
1.0933905
1.2086629
1.2045526
1.0547453
1.2072039
1.1853534
1.1128253
1.2077348
1.2056754
1.20276
1.0173877
1.202019
1.1813511
1.1004553
1.2041606
1.2023675
0.9870431
0.89973756
0.89947459
1.1244419
1.0597776
1.2061075
1.1643796
1.0436605
1.2048888
1.0589482
1.205055
1.1655386
1.2048043
1.044196
0.9249733
0.9206542
1.0924174
0.97734163
1.1734384
1.203634
1.204784
1.1806237
1.0905201
0.97651811
1.176985
1.2042361
1.2050026
1.1758099
0.906424
1.1202998
0.96567197
0.91902772
1.074669
0.96169748
0.91082827
1.1396989
1.1040241
0.97878723
0.94701116
0.89159778
0.88021196
1.1020701
1.0032067
1.1861989
1.1347074
0.97051386
1.1983557
0.99444826
1.154728
1.0491857
1.1775083
0.96287594
0.91144732
0.89645591
1.0325705
0.97447374
1.1533942
1.1998353
1.2002385
1.1620743
1.0230342
0.94448315
1.0762883
1.187239
1.1876414
1.1536499
0.835074
0.99755451
0.86028169
0.83375382
0.98059997
0.86056019
0.87985345
1.0177784
1.0117379
0.8831083
0.94289948
0.89250396
0.88023256
1.0979348
0.99368998
1.1863985
1.1177926
0.96474511
1.193119
0.98420199
1.1354624
1.0253643
0.95469654
1.1602211
0.90742303
0.89339902
1.0232063
0.97604911
1.1435223
1.1974923
1.1548646
1.1978565
1.0112705
0.94300493
1.0605025
1.1826579
1.1472797
1.175862
0.90849946
1.1159293
0.96598104
0.91934954
1.0695525
0.96089123
0.90505116
1.1344131
1.0991134
0.97883092
0.903616
1.1176943
0.96097344
0.91760696
1.0801809
0.96134194
0.90478502
1.1388385
1.1063866
0.97510061
0.98444405
0.89838118
0.89822924
1.1164513
1.0562027
1.2045262
1.1598856
1.0440138
1.2039382
1.058814
1.2051419
1.1607994
1.0435383
1.2041951
0.92406412
0.91971325
1.0864642
0.97380476
1.1707295
1.2029288
1.1694883
1.2044525
1.0888466
0.973864
1.1710455
1.2027131
1.1726076
1.2045223
0.83360724
0.96451939
0.85683559
0.83456067
0.97961498
0.85687812
0.8806538
0.99119918
0.99453969
0.87641957
0.94205664
0.8922778
0.87972836
1.0874226
0.99040893
1.1905031
1.1121493
0.96782449
1.1972372
0.97862928
1.1374417
1.0081511
0.95736805
1.1533914
0.90603562
0.89513902
1.017663
0.97309267
1.1374181
1.1960479
1.144532
1.1999487
1.0063543
0.93961982
1.0380529
1.1721593
1.1354287
1.1669241
0.94700952
0.89087801
0.87851864
1.0837319
1.0020821
1.1840549
1.1263574
0.96147942
1.1990909
0.99415124
1.1328652
1.0308139
0.95156033
1.1739943
0.91094255
0.89219845
1.0306449
0.97072147
1.1484503
1.2007003
1.1444172
1.2023981
1.0197466
0.93869342
1.0488007
1.1696881
1.1330677
1.1799285
1.2043148
1.0599331
1.2075972
1.1839892
1.2069242
1.206377
1.1079148
1.2023643
1.0200439
1.1634122
1.2039121
1.20263
1.0881533
1.2044457
0.95758082
0.85473554
1.013753
1.0438714
0.88495911
1.0480871
0.93087789
0.96839624
0.86144025
0.99118488
1.0727533
0.88282384
1.0554079
0.97069207
1.0036498
0.85509939
1.0360085
1.0515672
1.0889712
0.90177036
0.93330983
1.0084458
0.86036728
1.0314351
1.060317
0.96146543
0.90408194
1.0900034
1.0445271
0.86513742
1.0634489
1.0955944
1.1254872
0.92058967
0.98138127
1.0308331
0.86131045
1.041753
1.0629631
0.96768513
0.92053019
1.1012565
1.1890654
1.2228244
1.2237717
1.2224643
1.2236871
1.2223846
1.1758995
1.217256
1.2194818
1.2212132
1.2179043
1.2193851
1.217317
1.2186201
1.1868633
1.2240676
1.2223514
1.2220972
1.2232873
1.1718365
1.2212375
1.2167488
1.2209618
1.2186175
1.2152638
1.2196307
1.216432
1.2158645
1.1645464
1.2144826
1.211667
1.2126038
1.1538041
1.2124099
1.2093904
1.1384528
1.1387166
0.97801463
0.97134567
1.1410225
1.135752
0.97597327
1.1368982
0.97538839
1.1382353
0.97100623
1.1397854
0.97320033
1.1350102
0.85346354
0.8277237
0.82846096
0.83769986
0.83098028
0.84420445
0.84721717
1.2263323
1.2257042
1.2236132
1.2241985
1.2258816
1.2260622
1.2248283
1.183486
1.1766242
1.0029355
1.0034038
1.1797304
1.1796649
1.0074464
1.1828207
1.1766801
1.0025781
1.0024509
1.1793965
1.1796883
1.0061429
1.183458
1.1765853
1.0033594
1.0029985
1.1796803
1.1796713
1.0074719
1.1835657
1.1766707
1.0029167
1.0029927
1.0072836
1.1798071
1.1797347
1.2259175
1.2252637
1.22354
1.2226892
1.2259001
1.2252705
1.2238553
1.2189588
1.221015
1.2223959
1.2196612
1.221234
1.218877
1.2197977
1.1607905
0.98891148
1.1479125
0.98539553
1.1561621
0.99615936
1.1519525
1.2188717
1.2209564
1.2224376
1.2180772
1.2214519
1.2184314
1.2191568
1.1602402
0.98939827
1.1477832
0.98798247
1.1558583
0.99990542
1.1511513
1.2200518
1.2218553
1.2232615
1.2199984
1.2222677
1.2200509
1.2203071
1.1556495
0.982315
0.97948279
1.1442232
0.99053253
1.1521494
1.1459551
1.1885645
1.222841
1.2237096
1.2223157
1.1744757
1.2235138
1.2220915
1.1874011
1.2236562
1.2246109
1.2227631
1.1737216
1.2248913
1.223177
1.1764554
1.2178998
1.2165025
1.2143652
1.156196
1.2182854
1.2168392
1.1869991
1.221426
1.2222722
1.220498
1.2224983
1.2206508
1.172439
1.1678583
1.2156085
1.2123169
1.2126568
1.2144037
1.2146782
1.1464126
1.1586587
0.98715873
0.98310415
1.1459348
0.99409595
1.1542475
1.149387
1.2146452
1.2204628
1.2171494
1.2148729
1.2181388
1.2158292
1.2139861
1.1595482
0.98448725
1.1473394
0.98061165
1.1556446
0.9916601
1.150383
1.1875844
1.2224298
1.2212331
1.2204545
1.2222178
1.1736629
1.2203048
1.1699157
1.2111252
1.2094473
1.2094988
1.2111591
1.2112394
1.1504319
1.186964
1.2220277
1.2211186
1.2204169
1.2203613
1.2219188
1.1734484
1.1858591
1.2225809
1.2214342
1.2203623
1.2202097
1.2226061
1.1720023
1.1689593
1.2139431
1.2103067
1.2106856
1.2128611
1.2129689
1.1478551
1.2189069
1.2222682
1.2209712
1.2177298
1.2216663
1.2180398
1.2186201
1.1567501
0.98660041
1.1444019
0.9843469
1.1473668
1.1525142
0.99587999
1.1559962
0.98718433
0.98440575
1.1438041
0.99555264
1.1519492
1.1468611
1.2154115
1.2207376
1.2181813
1.2169515
1.2183954
1.2163774
1.2155615
1.1559965
0.98754653
0.98183449
1.1443015
1.1465261
0.99339885
1.1527913
1.1450328
1.1425366
0.97950873
0.97277375
1.1464991
1.140102
0.97793019
1.2081049
1.2054739
1.2017993
1.1982993
1.2069966
1.2089516
1.202192
1.1440064
1.1424797
0.98168735
0.97365467
0.97972668
1.1455465
1.1402112
1.2069598
1.2069546
1.2034077
1.2059217
1.205295
1.2115899
1.2051325
1.1375102
0.97370693
1.1388494
0.96885833
1.139833
0.97266794
1.1360549
1.2008312
1.2040251
1.1981258
1.1951785
1.20273
1.2025609
1.1964214
1.0919121
1.202476
1.202622
1.1863686
1.2044471
1.0591402
1.1903314
1.0523717
1.1861074
1.2002066
1.1719041
1.1871709
1.0401466
1.1693789
1.1559463
1.210946
1.2113241
1.2124645
1.2109529
1.1439223
1.2109552
1.0860332
1.202117
1.2097431
1.1849997
1.1922455
1.2061801
1.0562067
1.0802974
1.1925244
1.2078894
1.1750679
1.202475
1.0383241
1.1897354
1.1402255
0.97697749
1.1398777
0.97143705
1.1365565
1.1428844
0.97492848
1.2045297
1.2064808
1.201705
1.2038976
1.204143
1.209037
1.2017919
1.1416479
1.141203
0.974739
0.96940342
0.97325933
1.1440684
1.1378312
1.1994078
1.2018132
1.197693
1.1965418
1.202423
1.1995812
1.1963147
1.1607836
1.2079808
1.2079724
1.2070991
1.2068918
1.1483967
1.2067967
1.084457
1.1938601
1.1825738
1.1990035
1.1893622
1.0512699
1.1988351
1.0694666
1.1899766
1.172412
1.2049614
1.0398109
1.1948965
1.1813892
1.1559847
1.2082154
1.2087735
1.209894
1.1453759
1.2071107
1.207553
1.0627355
1.1932151
1.1744965
1.2081502
1.0435854
1.1976441
1.1805289
1.0835774
1.1889189
1.1710916
1.203976
1.0347873
1.1998518
1.189122
1.2044655
1.2060654
1.2016887
1.2020681
1.2073029
1.2049498
1.2015786
1.1385886
0.97840478
1.1382002
0.97176284
1.1354822
1.1408536
0.97617104
1.2026696
1.2027858
1.1996755
1.1986486
1.2045301
1.2020954
1.1993481
1.2055535
1.2062584
1.2028003
1.2031313
1.2057485
1.2056601
1.203197
0.83913194
0.82439754
0.82525815
0.82934491
0.82697075
0.8319916
0.83502873
0.84230046
0.82464912
0.82661736
0.83207188
0.84049565
0.82777175
0.83299877
0.84817403
0.82613965
0.82750547
0.83462528
0.84384918
0.82929792
0.83847594
1.1981407
1.1974036
1.1990437
1.1946337
1.1985754
1.1949456
1.1972115
1.2007751
1.2008979
1.2020555
1.1968851
1.1916832
1.1969944
1.1987067
1.1059728
1.1895313
1.1742948
1.0289506
1.1956923
1.079035
1.0297173
1.1189802
1.211572
1.1777789
1.003649
1.2126004
1.1010557
1.0316382
1.011353
1.1008314
0.94580539
1.0201007
0.94980214
1.0121222
1.1019302
0.94667416
1.0203903
0.95101861
1.0945266
1.177369
0.99911521
1.1426771
1.1786926
1.0811591
1.0155975
1.0078777
0.91798927
1.0752006
1.005942
0.92199856
0.96484549
1.0247882
0.91918773
0.97046712
0.9197365
1.0096675
0.91559757
1.0711722
1.0140707
0.91417872
0.95859564
0.9149777
1.0217169
0.96584633
0.91925345
1.2071857
1.2075156
1.1859824
1.1757566
1.1246975
1.208062
1.2078294
1.2058562
1.2069168
1.188835
1.1859301
1.1297999
1.2072471
1.2061772
1.0651118
1.1634837
1.0508304
1.0548425
0.93547093
1.1223574
1.1229772
1.2266394
1.2261448
1.2205326
1.2211667
1.2263503
1.2264651
1.1873902
1.2265022
1.2256068
1.2201506
1.219612
1.2261034
1.2258692
1.1872032
1.2254011
1.2250252
1.2197855
1.2193952
1.2253758
1.22503
1.1879536
1.2251994
1.2248599
1.2185938
1.2190704
1.1874263
1.2248452
1.2251167
1.2173509
1.2184297
1.2125528
1.2102653
1.2183223
1.2177065
1.174328
1.2167893
1.2178893
1.2092702
1.2012276
1.2180488
1.2167409
1.1722476
1.2144306
1.2173576
1.2127839
1.2044641
1.2165293
1.2153771
1.1713286
1.1197682
1.2105534
1.1783405
1.0037076
1.2114738
1.1011454
1.0303954
1.1212174
1.212517
1.1795551
1.0029532
1.2147547
1.1022006
1.0318004
1.1022915
1.1898593
1.1718883
1.0250139
1.1971105
1.0776736
1.0261804
1.0123058
1.1030227
0.94839793
1.0207901
0.95081753
1.0133397
1.1034535
0.94773382
1.0212533
0.95188546
1.1008152
1.1895562
1.1621041
1.0067551
1.1954323
1.0878128
1.0171045
1.0952758
1.1799678
1.1522736
1.0114182
1.1861784
1.0836672
1.017097
1.0296843
1.0761375
0.92519637
1.0434327
0.93187586
1.0194304
1.0943498
0.91898667
1.0301354
0.93801148
1.0242121
1.0706944
0.92278384
1.0371499
0.92959246
1.0127156
1.0872832
0.92448977
1.0233362
0.94108688
1.0124823
1.1006355
0.94686925
0.95099434
1.0200437
1.0117776
1.101354
0.94634394
1.0194299
0.95132507
1.1191304
1.2090461
1.1778822
1.0010386
1.2104624
1.028443
1.099765
1.1044778
1.18856
1.1742357
1.0238977
1.1986166
1.0275888
1.0761152
1.0284566
1.0751652
0.92523745
0.93153412
1.0455864
1.0135926
1.0850551
0.92371105
1.0263017
0.94010121
1.0908584
1.175504
1.1458482
1.0058343
1.1815402
1.0159744
1.0810305
1.0907905
1.1793523
1.1529604
1.0015935
1.1872764
1.0112585
1.0779245
1.0259619
1.0708312
0.92214518
0.92933171
1.0401564
1.0102836
1.0879208
0.91846219
0.9392952
1.0196085
1.2154074
1.2167239
1.2106309
1.2084271
1.1690899
1.2164689
1.2160024
1.2122636
1.2137013
1.2117517
1.2069899
1.214089
1.2121132
1.1674027
1.0144194
1.1017407
0.94736228
0.9517874
1.0227964
1.0135164
1.1037462
0.94772192
1.0226187
0.95019084
1.1203501
1.210362
1.1811517
1.0026019
1.2121007
1.0313118
1.0990567
1.0252469
0.92286806
1.0715236
0.92891991
1.0369836
1.0151698
1.0814665
0.91542155
1.0249513
0.9294893
1.0954266
1.1784369
1.1505074
0.99972149
1.1832055
1.0180607
1.0862296
1.026337
0.92511831
1.0714663
0.93126472
1.0401823
1.017519
1.0862482
0.92019924
0.93740038
1.0280006
1.1040509
1.1871221
1.0269315
1.172074
1.1938056
1.0777979
1.0289352
1.1179436
1.2097288
1.1775034
1.0014351
1.2109835
1.0285746
1.0994686
1.1053741
1.1878079
1.0266668
1.1734124
1.1978126
1.0783373
1.0274097
1.0267822
0.92369052
1.0714133
0.93088825
1.0417883
1.0182977
1.0859762
0.91885448
0.93667611
1.0303984
1.0269305
0.92448899
1.0725601
0.93049774
1.0399139
1.0153603
1.0854628
0.91533337
0.93294194
1.0243097
1.0933925
1.1766872
1.1495527
1.0045318
1.1822162
1.0180452
1.0835035
1.0923284
1.1784999
1.1511268
1.0027414
1.1847981
1.01075
1.0843999
1.2136641
1.2159266
1.2083715
1.2011578
1.2155506
1.1711779
1.2143026
1.2125491
1.2146176
1.2075672
1.2008389
1.1696891
1.2144229
1.2129993
1.2113762
1.2136662
1.2072449
1.2030439
1.2133475
1.1670878
1.2120384
1.2141995
1.2130806
1.2021384
1.2004909
1.214479
1.2134244
1.1439887
1.2127903
1.2111487
1.1932969
1.1918592
1.1320816
1.2123973
1.2121046
1.2031072
1.2033518
1.1848108
1.1654425
1.2046317
1.2028525
1.1174134
1.014155
0.91908908
1.0831208
0.91665143
1.0165147
0.96534451
1.0289274
0.91948408
0.97160376
0.9226199
1.0068612
0.91921304
1.0741253
0.91556747
1.0063647
0.96064113
1.0171002
0.91741846
0.96420718
0.91758445
0.97333108
1.0359241
0.9067359
0.98730198
1.0493894
0.91444728
0.95787997
0.95608807
1.0350214
0.90653945
0.97575041
1.0292335
0.90713241
0.95253204
0.87823398
0.86083637
0.91569034
0.86345893
0.87936147
1.0061061
0.92156903
1.0744884
0.91588045
1.0090665
0.96127244
1.0179725
0.91743539
0.91773627
0.9651065
0.96786639
1.0327847
0.90526898
0.98463492
1.0437403
0.95486563
0.91269919
0.87263659
0.8596034
0.91934336
0.86542158
0.88127822
1.0199251
1.1182134
1.0762288
0.94840882
1.1240987
0.9672902
1.0072736
1.2094567
1.2096326
1.1915826
1.1893834
1.2108471
1.1295763
1.2094276
1.2036798
1.2027915
1.1914322
1.189361
1.1365667
1.2042436
1.2026806
1.0933924
1.1776159
0.99598512
1.1485528
1.1789301
1.0156649
1.0770716
1.0098037
0.92093109
1.0777208
0.92431158
1.0067194
0.961616
0.91779858
1.0177383
0.91820963
0.96543952
0.97870166
1.0460485
0.91292773
1.0024514
1.061263
0.96208299
0.91947336
0.88280381
0.86329699
0.9335051
0.86911937
0.89274777
0.8745052
0.85850153
0.9185987
0.86405752
0.88333151
1.0202842
1.1178797
0.94840738
1.0751237
1.1231471
0.96601788
1.0081675
1.0106973
0.91930492
1.0761485
1.0083132
0.92311764
0.96271065
0.91917237
1.0194339
0.9658109
0.9177067
1.0073391
0.91913597
1.0711897
1.013852
0.91088626
0.95952651
0.91532802
1.0131551
0.96194919
0.91641426
1.0945344
1.1748532
0.99483291
1.1420672
1.1764653
1.0807141
1.0136574
1.0917425
1.1747856
0.99594581
1.1448152
1.1759366
1.0776353
1.0140283
0.8749333
0.85879064
0.9163024
0.88102514
0.86391789
0.87647885
0.85886256
0.92712127
0.89036239
0.86662663
1.0231628
1.1229272
0.94890256
1.0789
1.1294815
1.0095875
0.96656664
0.96511238
1.019023
0.90223565
0.99035749
1.043227
0.94473951
0.91388661
1.204969
1.2048931
1.1889915
1.1805793
1.2060416
1.1279082
1.2047234
0.99287355
1.1010333
1.0297838
1.0005881
0.90259135
1.0647056
1.0591362
1.0673032
1.1755026
1.0624593
1.0577864
1.1353984
0.93074622
1.1339259
1.1046287
1.1894373
1.0845947
1.0796258
1.1592242
0.95407486
1.1558144
0.97055037
0.98312351
0.97785856
1.210313
1.2094911
1.2061379
1.2223098
1.1048022
1.2236246
1.2239739
1.2198261
1.220503
1.2230736
1.2234674
1.1008405
1.2211547
1.2203604
1.2192151
1.2175663
1.2220036
1.2210807
1.0954617
1.2220847
1.2213797
1.2195587
1.2176249
1.2223813
1.2217647
0.91062841
0.91111674
1.2184341
1.2166881
1.2161243
1.2184331
1.2167278
1.2181828
1.2179604
1.2179086
1.2162312
1.2152941
1.2178233
1.2151168
1.2169526
1.2171111
0.90810284
0.90258307
0.9040445
0.90179708
1.1449821
0.98920706
1.155662
1.0116459
1.1461367
0.98835678
1.1552196
1.140754
0.97376812
1.1464773
0.98535583
1.1371354
0.97909587
1.1490519
1.1436003
0.98473694
1.1568289
1.0144368
1.1446696
0.9837508
1.1566074
1.1475885
1.1691175
1.0360319
1.0129083
0.98700027
1.1611867
1.1552699
1.1685464
1.1125981
1.1421624
1.1818343
1.1603175
1.1981813
1.1913055
1.1771126
1.1336807
1.1671355
1.1877253
1.1814704
1.1990376
1.1982139
0.86409552
0.83252167
0.8475303
0.872364
0.83635756
0.85512591
0.8817014
0.86835212
0.83391717
0.85117065
0.88094079
0.83768072
0.86082373
0.89153546
1.2246441
1.226116
1.2258542
1.2259904
1.2245896
1.2254213
1.2254494
1.2254449
1.2262562
1.2265864
1.2263578
1.225517
1.2260876
1.2260319
1.1921917
1.0128122
1.1994912
1.0406354
1.1871331
1.018551
1.2033175
1.1917357
1.0125606
1.1993589
1.0404955
1.1871386
1.0177618
1.2028774
1.1895786
1.0121963
1.1977776
1.0389139
1.1853502
1.0165005
1.2009291
1.1912702
1.0111762
1.1982667
1.0387507
1.187041
1.0156258
1.2015695
1.1980692
1.2112078
1.0723299
1.0697994
1.0315728
1.2064507
1.2058414
1.2234811
1.2251388
1.2249825
1.2252715
1.2238153
1.2245518
1.2243103
1.2251502
1.2260473
1.2257309
1.2246466
1.2256896
1.2255141
1.225821
1.1918559
1.0127818
1.1994059
1.0415279
1.1873758
1.0179732
1.2023299
1.191531
1.0127983
1.1981939
1.0397386
1.1870505
1.0182306
1.2012244
1.2235813
1.2248621
1.2240851
1.2247061
1.2233437
1.2242989
1.2243574
1.1915586
1.0120151
1.0391598
1.1982042
1.0170098
1.1871807
1.2010663
1.1915585
1.0121303
1.0413927
1.1984486
1.0172041
1.187183
1.2011414
1.2238053
1.2250933
1.2250902
1.2251219
1.22395
1.2246463
1.2245005
1.2175619
1.2175223
1.2168006
1.2172868
1.2180865
1.2173327
1.2167364
1.1715179
1.0047937
1.1784848
1.0432709
1.1666294
1.014261
1.1828736
1.1665991
0.9975292
1.0349168
1.1704485
1.0095655
1.1581732
1.177814
1.1759406
1.1995862
1.0406831
1.042417
1.0285092
1.1857152
1.18637
1.2208528
1.2190219
1.213126
1.2206921
1.2190057
1.2201293
1.2201536
1.1712302
1.0050578
1.1779368
1.0451204
1.1663908
1.0192186
1.1816649
1.1648276
1.0009626
1.0338013
1.1636222
1.013992
1.1561856
1.1694663
1.2133457
1.2111017
1.2146457
1.2156071
1.2153045
1.2151679
1.2141498
1.2198734
1.2183731
1.2171835
1.2178281
1.2203514
1.2197533
1.2191185
1.2130309
1.2115039
1.2121549
1.2142566
1.215871
1.2151878
1.2131022
1.1676163
0.99786651
1.037617
1.1757044
1.009655
1.1626584
1.1804282
1.1618706
0.99224076
1.0290382
1.1617674
1.0053364
1.1522429
1.1691955
1.1724651
1.1913695
1.0375889
1.0384496
1.0257949
1.1829191
1.1787868
0.91228552
0.91258233
0.88378652
0.88462014
0.8838981
0.88396096
0.97159593
0.9767251
0.97369548
1.2061634
1.2086055
1.2027975
1.2209191
1.0910426
1.2208457
1.2196961
1.216963
1.2152515
1.2207651
1.220467
1.0931198
1.220509
1.219211
1.218858
1.2155837
1.2208493
1.2200684
0.91176452
0.91193578
0.88566162
0.88525273
0.88390232
0.88369149
1.2185035
1.2133991
1.2168193
1.2188017
1.2170723
1.2180868
1.2179472
1.2142113
1.2141572
1.214421
1.2155333
1.2155956
1.2151189
1.2143162
1.1697973
1.0029882
1.0408998
1.1759244
1.0131663
1.1647112
1.180803
1.1637572
0.9930188
1.0284988
1.1660452
1.0053225
1.155024
1.173112
1.171063
1.0002456
1.1777573
1.0393164
1.1660819
1.0108824
1.1828396
1.164389
0.99110953
1.027539
1.1671956
1.0028502
1.1559992
1.174088
0.91340657
0.91249002
0.9701427
0.9789132
0.97635087
1.2079591
1.2059311
1.2021602
1.2188468
1.0961482
1.2179644
1.2159069
1.217536
1.2132943
1.2185412
1.2176327
1.0926004
1.2185693
1.2168707
1.2156333
1.2131078
1.2185788
1.2181132
0.88409344
0.88172765
0.88509043
0.88475986
0.9708822
0.97930131
0.9806688
1.2067981
1.2085352
1.2020204
1.2203422
1.105234
1.222674
1.2229477
1.2181712
1.218854
1.2216898
1.2225991
1.094892
1.2198144
1.2188289
1.2165877
1.2141117
1.2201791
1.2198613
1.0971811
1.2193186
1.2177515
1.2178023
1.2141603
1.2201217
1.2190065
0.88432248
0.88479287
0.88356562
0.88364742
1.167971
1.0024676
1.1746708
1.0436716
1.1630607
1.014882
1.1787653
1.161289
0.99699414
1.159954
1.033093
1.1523573
1.0099454
1.1670978
1.1707292
1.1880659
1.0410996
1.0390086
1.0300853
1.1796451
1.1755867
1.2106697
1.209584
1.2112483
1.2134964
1.213135
1.2135826
1.2119583
1.2098575
1.2096318
1.2101773
1.211891
1.2116137
1.2114854
1.2101483
1.210788
1.2097561
1.210133
1.2122855
1.2113605
1.2121368
1.2111126
1.1545371
0.99147253
1.167139
1.0224169
1.1537224
0.99301708
1.168289
1.14967
0.97550452
1.1536068
0.98819884
1.1428202
0.98056117
1.1599744
1.1611978
1.1839699
1.0452821
1.0249481
0.99554948
1.1748668
1.171636
1.150856
0.99345209
1.0152911
1.1604151
0.99211785
1.1508295
1.1615582
1.1482573
0.97666816
0.98928229
1.1537221
0.98297511
1.1428111
1.1586118
1.2104687
1.2102757
1.2019377
1.2084866
1.2081247
1.2089743
1.2111469
1.1446638
0.98537111
1.1570057
1.0084976
1.1459977
0.98472362
1.1559532
1.1402624
0.97143947
0.98445055
1.1470223
0.97575636
1.1375546
1.1489532
0.91007071
0.90482663
0.90453256
0.90222809
0.94395044
0.9396841
0.9353398
1.154391
1.1363788
1.115897
1.1899893
1.0417161
1.2051797
1.2027853
1.1894887
1.1791388
1.1970905
1.2030859
1.0320369
1.2011389
1.1957985
1.1840084
1.1566688
1.19372
1.200577
0.8293105
0.82933044
0.90409597
0.90071237
0.93859987
0.93775086
0.93540871
1.1545525
1.1349641
1.1357234
1.2038177
1.0331665
1.2112276
1.2114837
1.1901205
1.1826513
1.20832
1.2100347
1.0324996
1.2094977
1.2085191
1.1934854
1.182096
1.207002
1.208481
0.83048935
0.83096342
1.1482942
0.98655173
1.1609918
1.0149918
1.1490605
0.98655017
1.1605684
1.1431766
0.97381584
1.1469838
0.98369249
1.1378809
0.97808417
1.1514673
1.2085791
1.2023654
1.2074288
1.2085087
1.2075275
1.2060243
1.2058716
1.1499452
0.98534932
1.0175431
1.1626665
0.98611923
1.1505446
1.1625199
1.1447821
0.97243281
0.98246248
1.148342
0.97607324
1.1393393
1.1530963
1.154179
1.1732777
1.0402558
1.0188575
0.98993955
1.1667191
1.1621057
1.2080994
1.2073444
1.2038558
1.2058974
1.2063943
1.2055821
1.2071725
0.90485206
0.90048879
0.83228885
0.83223536
0.94000289
0.94009479
0.9372261
1.1579531
1.1440283
1.1402054
1.1984805
1.0403512
1.2033436
1.2022539
1.1918835
1.1853907
1.2014397
1.2020396
1.0377133
1.2052987
1.2032589
1.1884084
1.1825405
1.202148
1.2030496
1.0110135
1.1978005
1.1996798
1.1766832
1.1768079
1.1983676
1.2012546
0.90707273
0.89879485
0.90734504
0.90166633
0.83136173
0.83167606
0.93659896
0.93803781
0.93400329
1.1492426
1.1298404
1.1276002
1.1947716
1.0334806
1.2064343
1.2044507
1.1829521
1.1744374
1.2011717
1.2057661
1.0322523
1.2046106
1.2032656
1.1855332
1.1713522
1.1995136
1.2050932
1.0030567
1.1967056
1.1932002
1.1672749
1.1626547
1.1948547
1.2030282
1.2087146
1.2099374
1.2018617
1.2089965
1.2081196
1.2094187
1.2106475
1.2095264
1.2071914
1.1814437
1.2068794
1.2091554
1.205134
1.2055342
1.1450191
0.98900328
1.1553813
1.0110857
1.1455215
0.98838588
1.1557618
1.1492827
1.1683063
1.0320512
1.0148931
0.99021855
1.1604623
1.1573321
1.2060614
1.1956134
1.2042813
1.2059179
1.2038455
1.2029118
1.2035637
1.2092411
1.209121
1.2033171
1.2085129
1.2081701
1.2094691
1.2102141
1.1692766
1.09692
1.1351535
1.1730704
1.1306998
1.1808284
1.186757
1.164656
1.0768198
1.1557537
1.1576946
1.1415365
1.1917971
1.1953931
0.84811214
0.82887839
0.84128578
0.86000396
0.83168936
0.84244814
0.86453851
0.85242052
0.83076117
0.84325384
0.87178655
0.83258227
0.84955724
0.87232075
0.85844594
0.88841745
0.84747373
0.84826151
0.83771234
0.87237488
0.87526391
0.85174334
0.82890161
0.84260747
0.86049707
0.83240947
0.84286995
0.8699615
0.85741214
0.83200331
0.87288638
0.84610497
0.85383993
0.83404556
0.87909549
0.862274
0.83156201
0.84876738
0.87628865
0.83535724
0.8524686
0.88677722
0.86308537
0.83271046
0.87499657
0.84844047
0.8566239
0.83579331
0.88406397
1.1603127
1.0898548
1.1484719
1.1673782
1.1832146
1.1996277
1.1936255
1.0620577
0.91385536
0.91027973
0.94356555
0.93976717
1.000026
0.90876104
0.91735631
0.99143861
0.90553757
0.91336967
0.91663265
1.1210782
1.0970383
1.0930519
0.99249712
1.018125
1.0151651
0.97161159
0.95286721
0.90916763
1.0771207
1.0655921
1.1807157
0.94482638
1.1802812
0.94624811
1.0736083
0.98834896
0.91221458
0.94643459
1.0283674
0.93626278
1.0818988
1.1937585
1.0727568
0.99231463
1.1855439
1.1197372
0.94756952
0.97281282
0.94349651
0.89423942
1.0214433
0.90324254
0.9358433
1.041759
0.9201082
1.1174039
0.93966929
0.91371518
0.9759312
0.97450209
1.0726406
1.0239171
1.1656473
1.1191806
1.1035017
0.9348609
1.1935966
1.0469321
1.0695827
1.1128918
0.93270216
0.90137899
0.9805657
0.98602916
1.0669392
1.0327215
0.94568571
0.94216411
0.91558668
1.0668576
0.90933823
0.94460741
0.94047561
0.99148648
0.9053524
0.91381036
0.97118236
0.95313749
0.91008928
1.0751588
1.06045
1.177344
0.94410793
1.1760062
0.94538041
1.0714515
0.99113876
0.91450736
0.94791275
1.0309548
0.9369167
1.0790003
1.0659683
1.1909066
0.98858381
1.1814957
0.94564435
1.1191004
0.96891639
0.94205758
0.8930351
1.0635605
1.057376
1.171306
0.93723927
1.1743101
0.93928755
1.0581324
1.0161654
0.90152374
0.93235234
1.0349915
0.91795889
1.1185718
0.94135713
0.91260492
0.97586985
0.97314135
1.0762895
1.0246275
0.94394124
0.93923248
1.1652118
1.1171472
1.1056467
0.93380483
1.1950876
1.0434968
1.064919
1.1107937
0.93148881
0.90074248
0.97588477
0.98126391
1.0635414
1.0284774
0.9791735
0.93613186
0.98395922
0.91269781
1.1253359
1.0862411
0.99464085
0.93944162
1.0522036
0.9724113
0.96025603
1.0178821
0.99667835
0.98117636
0.93830415
0.98591022
0.91076629
1.1254998
1.0902084
0.99575136
0.94061911
1.0519782
0.97158024
0.96021001
1.017568
0.99744259
0.91849237
1.0485295
0.9839287
0.98011393
1.0021
1.2054727
1.1268543
1.0402672
0.97102568
1.1750556
1.0821854
0.9635968
1.0614497
1.0597627
0.9165926
0.91529135
1.1158111
0.91666673
0.93960242
0.91404337
0.94111846
0.90809513
0.90907937
1.0274538
0.93364669
0.92731682
0.97492036
0.89804232
0.91382437
0.97020721
0.89671456
0.91226704
0.9085011
1.0728948
1.0463347
1.0407648
0.9673184
0.99297248
0.98951887
1.0715503
1.0561376
1.1724881
0.96180959
1.1642801
0.92650859
1.0990798
0.96358204
0.93762185
0.89852912
1.0639086
1.0506826
1.1585426
0.92401114
1.1597341
0.92057872
1.0610057
0.98217223
0.90310319
0.91975215
1.0163061
0.91428766
0.96553817
0.93320162
0.90227012
1.058009
1.049267
1.1533771
0.92497702
1.1536114
0.91929159
1.0560789
0.97815771
0.90216545
0.92076105
1.0109244
0.91681705
0.92653036
0.92301425
1.1226356
1.0784948
0.91135297
1.0587236
1.1565117
1.0071099
1.0311991
1.0789253
0.91990238
0.89996192
0.95649812
0.95825695
1.0426388
0.99925372
1.1068391
1.0681151
0.91228973
1.0491163
1.1391728
1.0027326
1.0250229
1.0663444
0.91613201
0.89958943
0.95476588
0.95378005
1.0332093
0.99553082
0.95839338
0.9161589
0.96105383
0.9044605
1.0936282
1.0382047
0.97834051
0.92007487
1.0239817
0.95649588
0.94950525
0.98136203
0.96648505
0.94674038
0.92206981
0.95088862
0.90146897
1.0464732
1.0278355
0.95626856
0.92167468
0.99882355
0.939796
0.94175622
0.97826056
0.96228506
0.9022966
1.0040108
0.95035219
0.94733206
0.97155887
1.1519635
1.0662381
1.0101891
0.94638508
1.1033831
1.0344238
0.96380592
1.1407488
1.0601653
0.99081747
0.94412069
1.0992548
1.0211043
0.94024577
1.0146968
1.0164392
0.90251566
0.90312204
1.0511735
0.90182706
0.91569976
0.89747895
0.91937832
0.95625865
0.90728178
0.96000813
0.90274604
1.093924
1.0509151
0.97460038
0.91853508
1.0364746
0.9509261
0.93767263
0.98450676
0.96730552
0.94334777
0.92039958
0.94806014
0.89700476
1.0487013
1.0304268
0.95952566
0.92289416
0.99761588
0.93679679
0.93980751
0.98038655
0.96195848
0.93720225
1.0200716
1.0130864
0.89868982
0.89952639
1.0572251
0.89754395
0.91203916
0.89442331
0.92063299
1.1819878
1.1213158
1.1704784
1.0631224
1.1708048
1.1832745
1.1224499
1.2166808
1.1510317
1.2086767
1.0997449
1.2103478
1.2157044
1.1589895
1.2157415
1.1528449
1.2067401
1.0997796
1.2090954
1.2143206
1.1597251
1.2162729
1.1514559
1.2087933
1.1018429
1.2102762
1.2155006
1.1594314
1.2150569
1.1535452
1.2065883
1.1002765
1.2081606
1.2140437
1.1611194
1.2150751
1.1526375
1.0990755
1.2065936
1.2081434
1.1605859
1.2141332
1.2154066
1.1539062
1.1023275
1.2073503
1.2088791
1.160774
1.214462
1.2018693
1.1362647
1.0828085
1.1839768
1.1903569
1.1472124
1.19733
1.1911355
1.1219515
1.0775708
1.1758947
1.1801004
1.1350791
1.1871041
1.2104686
1.1471943
1.0591463
1.1896305
1.192113
1.1565384
1.2100762
1.191765
1.122723
1.0713873
1.1749654
1.1806702
1.1365533
1.1865114
1.065737
0.91346726
0.90934293
0.94410442
0.94019809
1.0002078
0.90991976
0.9185612
0.99243868
0.905437
0.91507018
0.91533361
1.1221967
1.1008178
1.099048
0.99300058
1.0161388
1.0152793
0.96884103
0.95239771
0.90835931
1.0754979
1.0616655
1.1795229
0.94432428
1.17832
1.0729716
0.94499507
0.9879496
0.91318024
0.94761915
1.0293354
0.93593866
1.0838647
1.0679709
1.1933483
0.98875376
1.183796
1.1212362
0.94621732
0.97148361
0.94362504
0.89418651
1.0670921
1.0591144
1.1743142
0.9383902
1.1767762
1.0612307
0.93964108
1.0211982
0.90237309
0.93449611
1.0384039
0.91981113
1.1187178
0.94078181
0.91305207
0.97527649
0.97325892
1.0758174
1.0242646
1.1695393
1.1208471
1.1085937
0.93313674
1.199131
1.0455735
1.0699452
1.1156692
0.93152976
0.90026703
0.98004878
0.98373606
1.0672618
1.032247
0.94368215
0.93987561
1.0618236
0.91555344
0.90973691
0.94355348
0.93884089
0.99935562
0.90732707
0.9172351
0.99280669
0.90533367
0.91488004
1.0889647
1.069295
1.1974275
0.97486748
1.1832417
1.121246
0.94875087
0.97411752
0.9523905
0.91179865
1.0782409
1.0624772
1.179183
0.94463776
1.1788411
1.0722811
0.94634107
0.99023181
0.91228347
0.94736068
1.0293236
0.9377286
1.0784018
1.0664606
1.1932134
0.9899947
1.1833342
1.1164666
0.94521697
0.97030412
0.94183484
0.89372872
1.064729
1.0594267
1.172577
0.93806799
1.176365
1.0591401
0.94001117
1.0165409
0.90294222
0.93376441
1.0369851
0.9181483
1.1701894
1.1327185
1.1117601
0.94335494
1.202205
1.0329108
1.0767938
1.1172009
0.94001017
0.91354025
0.97665244
0.97402416
1.0731543
1.02426
1.165791
1.1207466
1.1052736
0.93432992
1.1960318
1.0459292
1.0680648
1.1099976
0.93199043
0.90155484
0.97783535
0.98233956
1.0635458
1.0316886
0.94380145
0.97880182
0.93888969
0.98411116
0.91375022
1.1248783
1.0885899
0.99639028
1.0527386
0.973213
0.94247895
0.96314297
1.0187019
0.99793582
0.97923342
0.93843259
0.98572731
0.91350447
1.1272869
1.0872861
0.99618145
1.0526548
0.9751834
0.94116647
0.96320623
1.0185122
0.99865702
0.920412
1.0493115
0.97982913
0.98239701
1.0041643
1.2085935
1.1286501
1.040863
1.1751126
1.0835169
0.97301757
1.0026712
1.207462
1.126779
1.0397139
1.1738555
1.0828405
0.97231897
0.91492396
0.94177927
0.9148093
0.94076539
1.0782554
0.89908621
0.89898654
0.95469787
0.9534413
0.99415703
0.89809048
0.90870448
0.99417616
0.90293091
0.90886013
0.90789951
1.1078826
1.0976995
1.0983754
0.98723444
1.0051929
1.004756
1.089939
1.0745377
1.1837401
0.96722539
1.1737349
1.108325
0.9439783
0.95458322
0.93518748
0.88642764
1.0742494
1.0618656
1.1608722
0.92649389
1.1660611
1.0653317
0.93359242
0.999573
0.89311786
0.93819564
1.024905
0.91453989
1.089581
1.0741319
1.1807639
0.97068348
1.169449
1.1057007
0.94874515
0.95392084
0.93381446
0.88681798
1.0723235
1.0622092
1.1563592
0.92476131
1.1614535
1.0623912
0.9329203
0.99623692
0.89248214
0.94084832
1.022528
0.91647076
1.1665855
1.1208802
1.1067924
0.95565081
1.191786
1.0411143
1.0870137
1.107578
0.9385217
0.89904396
0.97038493
0.97818225
1.0791279
1.0278681
1.1605924
1.1150739
1.1024697
0.95432105
1.1847507
1.0388646
1.0826699
0.94547839
0.92848464
0.97684116
0.90704382
0.98764444
0.8935759
1.1091351
1.0711055
1.0185472
1.0400208
0.96745737
0.92051583
0.93315511
1.0390738
1.0016215
0.96492961
0.91394886
0.97818341
0.88814178
1.1106474
1.0880586
1.0134662
1.0393471
0.96185234
0.92306491
0.90199002
1.0519746
0.98693758
0.98377016
1.0237547
1.1928753
1.1131768
1.0368221
1.1731312
1.0913611
0.96233403
0.95108549
1.0481007
1.047257
1.1064757
0.89338453
0.88970915
0.89893744
0.92973091
0.89334962
0.93856544
0.97186067
0.9049741
0.9832251
0.93377306
1.0323604
0.99986204
0.96406284
0.91183925
0.97926675
0.887564
1.1014005
1.0788013
1.0086069
1.0340688
0.9579821
0.91901024
0.93356431
1.0308645
1.0052341
0.90314711
1.052393
0.98558187
0.98348468
1.0235926
1.1872998
1.106082
1.0381674
1.1675443
1.0632415
0.96078812
1.0208365
1.1900479
1.1057025
1.0352608
1.1670409
1.0902649
0.96056937
0.94959891
1.0473259
1.046232
1.0992728
0.89313849
0.89002314
0.89754018
0.92871642
0.89451192
0.94146935
0.97977592
0.94009673
0.98597419
0.91144491
1.1262827
0.99468162
1.0861268
0.97392579
1.0513303
0.94167076
0.96233387
1.0186413
0.99812452
0.98037977
0.938733
0.98523045
0.90959804
1.1258542
1.0876857
0.99374611
1.0494427
0.93958934
0.97114801
0.96082515
1.0168725
0.99733859
0.9188683
1.050861
0.98068616
0.98018241
1.0039823
1.2057464
1.0381926
1.1274763
1.0794138
1.1743405
0.97270314
0.91279284
0.93892706
0.96352845
1.062576
1.0591069
1.1146693
0.91848579
0.91579791
0.91543227
0.94144957
1.0631633
0.91247595
0.91004637
0.94251262
0.93944933
0.99891172
0.90794986
0.91860481
0.99255485
0.90515584
0.91297252
0.91648713
1.1198311
1.1001359
1.096271
0.99198208
1.0178784
1.0142959
0.97046692
0.90850622
0.95101233
0.98957206
0.91159135
0.94696825
0.93550368
1.0274132
1.076969
0.98751668
1.1907521
1.0662615
1.1809209
1.1190908
0.9447762
0.96935204
0.89348461
0.94254851
1.0157006
0.90197875
0.93351242
1.0373319
0.91747866
1.1179447
0.94043138
0.91333053
0.97666001
1.0245029
0.97345036
1.0764101
1.1103105
0.92995162
0.90030434
0.9776655
0.98198725
1.0645858
1.0281144
0.94356597
0.97533553
0.90779271
0.98870286
0.9372391
1.035816
1.0036547
0.96548194
0.91667733
0.98089273
0.88816228
1.0968337
1.0817664
1.0097207
1.037229
0.92216891
0.9596894
0.93755708
1.029534
1.0060207
0.90404179
1.0568818
0.98961666
0.9889149
1.026868
1.186296
1.0428723
1.1073464
1.0661349
1.1664795
0.96277558
1.0218628
1.1864921
1.102732
1.0381156
1.1638855
0.96264545
1.092084
0.89928762
0.92956339
0.95249579
1.0506951
1.0464453
1.0993542
0.89479014
0.89142042
0.89564843
0.94406049
1.0733635
0.89956884
0.89925823
0.95550374
0.95679426
0.9912085
0.89981075
0.90752061
0.99378623
0.903274
0.90745494
1.0836487
1.1731549
0.97112874
1.0660733
1.1614469
1.0985971
0.94291659
0.95146168
0.88651501
0.93643506
0.99517311
0.8928634
0.93926042
0.91450789
1.0198719
1.0663404
1.0529801
1.1486108
0.92369084
1.1537146
0.93260046
1.0554774
1.0805176
0.96799169
1.1742203
1.0637225
1.163354
1.0981629
0.9397892
0.95370886
0.88557504
0.9334636
0.99681867
0.89261117
0.93771178
1.0202661
0.91306215
1.0625147
1.050901
1.1487313
0.92255513
1.1547906
0.92835634
1.0511068
1.1531884
1.1111128
1.0960798
0.9476672
1.1773465
1.0791013
1.0337941
1.0982905
0.93707229
0.89602083
0.9690444
1.0248975
0.97074552
1.0723132
1.1587019
1.1119459
1.1000554
0.95308549
1.1858468
1.0347445
1.0793225
0.93985224
0.97424922
0.90647343
0.98562951
0.93353843
1.0333281
1.0019603
0.95843112
0.90896065
0.97227016
0.88601484
1.1009741
1.0012113
1.0770253
0.95490216
0.91787568
1.029687
0.92971671
1.0242824
0.99699671
0.90287176
1.0457134
0.98622459
0.97935363
1.021642
1.1848246
1.036966
1.1065354
1.0641783
0.95897766
1.1682501
0.89683513
0.92795397
1.2078654
1.1486562
1.0611595
1.1873166
1.1906642
1.1587428
1.2065843
1.198428
1.125193
1.0700953
1.178781
1.1856143
1.137151
1.1928326
1.1998106
1.1281175
1.0687732
1.1798673
1.1864543
1.1382654
1.1947965
0.97894535
0.9397956
0.98507964
0.91396284
1.1273101
0.99642095
1.0892349
0.97326727
1.0544651
0.94255087
0.96180273
1.0188426
0.99867237
0.97932562
0.9375764
0.98438201
0.91335589
1.1273041
1.0881676
0.99458785
1.0526437
0.93892898
0.97451764
0.96106713
1.0191651
0.99881298
0.91988875
1.0510309
0.98092037
0.98213974
1.0061304
1.2062549
1.1279259
1.0396749
1.175102
0.97320036
1.0824597
0.91477945
0.9418375
0.96433994
1.062551
1.0601145
1.1156343
0.91596782
0.91746227
0.91573113
0.93954222
0.91414849
1.0648161
0.90981708
0.94354953
0.93966633
1.0006707
0.90763972
0.91830603
0.99197121
0.90555357
0.91545366
0.91647188
1.122365
1.0991875
1.0960128
0.99295789
1.0191815
1.0171793
1.0893944
1.1969274
0.97465508
1.0708807
1.18399
1.1214282
0.94794187
0.9724246
0.90916999
0.95181446
0.98875903
0.91315596
0.94633291
0.93602851
1.0289611
1.077299
1.0641933
1.1791631
0.94442597
1.1792405
0.94588102
1.0726693
1.0798954
0.98958166
1.0684459
1.191485
1.182919
0.94601918
1.1185681
1.0665151
1.060049
1.1723021
0.93757662
1.1760429
0.94050003
1.0587523
0.94444686
0.9409873
1.1663829
1.120452
1.1056037
0.93598391
1.1935872
1.0483402
1.071125
1.1132648
0.93278754
0.90183564
0.98117961
0.98612039
1.0671066
1.0332117
0.97349235
0.90501449
0.98284777
0.9306681
1.0310898
0.99773861
0.95983398
0.90594541
0.97153084
0.88644976
1.1022319
1.0774477
1.004036
1.0301931
0.91808705
0.95597861
0.92903451
1.0217026
0.99571505
0.90157905
1.0452027
0.98221147
0.97992952
1.0197381
1.1847042
1.0336395
1.1034192
1.0628514
1.1672382
0.95632426
1.017135
1.1876364
1.1056681
1.0284556
1.1647768
0.95577461
1.0839301
0.89644943
0.92803484
0.94498199
1.041835
1.0405862
1.0990428
0.89044273
0.88820589
0.89198628
0.93443611
1.0752105
0.89698517
0.90057679
0.94974187
0.95960668
0.9915645
0.8985507
0.90711515
0.99332322
0.90092696
0.90766726
0.90639898
1.1048311
1.094636
1.0968416
0.98649007
1.0013956
1.0056321
0.95307841
0.88431797
0.93470114
0.99788119
0.89215541
0.93547474
0.9102379
1.0192926
1.0655996
1.0538997
1.15351
0.92360968
1.1584764
0.9321265
1.0558585
1.0856102
0.97229782
1.1742569
1.0681793
1.1633336
1.1009174
0.93658284
0.95599927
0.8878127
0.94219475
1.0026171
0.89353891
0.94298477
1.0243243
0.91704963
1.0693362
1.0551147
1.151931
0.92573727
1.1564978
0.93032933
1.0582398
1.101709
0.93751551
0.89777662
0.96560595
1.0217502
0.97458041
1.0725832
1.1558249
1.1125543
1.0990903
0.95052895
1.1791796
1.0357699
1.0820716
1.1011741
0.93660595
0.89752756
0.96862122
0.97231066
1.0739514
1.0257024
0.93899518
0.92751182
0.97434743
0.9066941
0.98635029
0.89157845
1.1033999
1.0188955
1.0647051
0.96564219
0.92109189
1.0383847
0.93384502
1.036778
1.0015125
0.96635838
0.91377204
0.9815537
0.8879768
1.0996367
1.0108604
1.0809072
0.9601914
0.92013528
1.0367034
0.90554655
1.0548025
0.98793078
0.98862736
1.0274319
1.1844762
1.0417418
1.1067771
1.0666804
0.96274372
1.1680746
0.89953874
0.93030463
0.89535245
0.94403571
0.95136771
1.0485738
1.0483547
0.8930986
0.89169676
1.100282
0.91368663
1.0618961
0.90942336
0.94431565
0.93915722
1.0011962
0.90906597
0.91955861
0.99360814
0.90615764
0.91571221
0.9168024
1.1226538
1.1000919
1.0964618
0.99436866
1.0212257
1.0183499
0.98668456
0.91129272
0.9453464
0.93383247
1.0277792
1.0813258
1.1918217
1.0675302
0.99115798
1.1827913
0.94607975
1.1204613
0.97204061
0.94296252
0.89434104
1.0664047
1.0598233
1.1726291
0.93793777
1.1763338
1.060008
0.94015477
1.0214222
0.9015714
0.93589607
1.0401797
0.92086207
1.120471
0.93956315
0.9126565
0.97777405
1.0248042
0.97458486
1.0747064
0.94431306
0.93974817
1.1668828
1.1207746
1.1069168
0.93431234
1.1945897
1.0474324
1.070083
1.1126426
0.93119501
0.90169269
0.9797198
0.98349178
1.0662598
1.0325117
0.91441124
1.0634562
0.90909828
0.94381588
0.93983586
0.99942349
0.90677766
0.91745426
0.99332763
0.90659015
0.91485197
0.91511415
1.1218253
1.099752
1.0961249
0.99136992
1.0182179
1.0158981
0.96942748
0.90750887
0.95220148
0.98892566
0.91233804
0.94617044
0.93460107
1.0279881
1.078155
1.1891941
1.0649611
0.9880646
1.1795947
0.94370267
1.1169471
0.96953094
0.94169068
0.89340715
1.0635925
1.0566267
1.1710183
0.93702201
1.1732953
1.0580969
0.93858289
1.0166833
0.90245068
0.93235293
1.0351391
0.9178761
1.1700245
1.1321975
0.94227946
1.1119203
1.1981964
1.0790878
1.0329505
1.1178539
0.94050842
0.9129807
0.97566724
1.0247722
0.97264263
1.0750711
0.94232114
0.93868998
0.97505991
0.90737391
0.98784941
0.89258901
1.1032308
1.0198178
1.0643424
0.96692015
0.92053576
1.0410878
0.93584727
1.0369947
1.0041805
0.88937229
1.1011515
1.0104981
1.0867196
0.92411455
0.96053078
1.0410246
0.93732202
1.0290822
1.0057682
0.90335068
1.0537036
0.98869331
0.98458119
1.0268388
1.1860875
1.0424228
1.1081528
1.0661883
0.96328316
1.1687127
1.029007
1.1861729
1.0364849
1.1108357
0.96804416
1.0892265
1.1677906
0.89916251
0.92977016
0.8940785
0.93961477
0.95147308
1.0500601
1.0478765
0.89403652
0.89241978
1.1021714
0.97500802
0.90617276
0.98544018
0.89253289
1.106324
1.0155596
1.0647114
0.96637564
0.91959033
1.0363357
0.93105909
1.0320032
0.99815372
0.96082023
0.90739135
0.97367141
0.88743982
1.103536
1.0091471
1.0808797
0.92046329
0.9592442
1.0339927
0.93101618
1.0216263
0.99781705
0.90127022
1.0528835
0.98387199
0.98465842
1.0209171
1.1828585
1.0390824
1.1051418
1.0635851
0.95967178
1.1673973
0.89709705
0.92789182
0.8935698
0.94031341
0.94717528
1.0442393
1.041848
0.89272067
0.89095064
1.1007384
1.0749425
0.89842112
0.90178114
0.95413398
0.96341338
0.99373698
0.90032082
0.90805725
0.99351019
0.90076374
0.90720505
0.90658266
1.1043918
1.0957104
1.094994
0.98650816
1.0036098
1.0045098
0.952794
0.88725494
0.93338794
0.99409457
0.89220773
0.94095816
0.91724404
1.0202756
1.0684274
1.0562625
1.1495149
0.92360515
1.1548065
0.93267267
1.0568471
1.0825968
0.96640177
1.1761491
1.066937
1.1655185
1.1015766
0.94291287
0.95502017
0.88570427
0.93875636
0.9946637
0.89249243
0.93561452
0.91101823
1.0208835
1.0667651
1.0548826
1.1518378
0.92172617
1.1575233
0.92631074
1.056878
1.1560306
1.1128682
1.1006226
0.95434689
1.1799955
1.0821063
1.0372399
1.1594557
1.1169221
1.1021802
0.94861907
1.186167
1.0817056
1.0355862
0.93926834
0.92881933
1.2054101
1.1494723
1.0606148
1.1858291
1.1876742
1.1570723
1.2049815
1.1922714
1.1267365
1.1739166
1.0692246
1.1808925
1.1870708
1.1376966
1.194592
1.1311942
1.1815042
1.0720356
1.1825988
1.1947328
1.1329779
1.1932375
1.0703372
1.1717364
1.0324466
1.1776942
1.1884734
1.0804307
1.1882656
1.115546
1.0666556
1.1748757
1.1768867
1.1175329
1.1863728
1.1892393
1.0698578
1.0322428
1.1706992
1.174384
1.0772565
1.1870714
1.1832141
1.1156859
1.1722244
1.0637754
1.1719059
1.1837293
1.1160609
1.175967
1.0632599
1.0249432
1.1619949
1.1627496
1.0682468
1.1758313
0.95968184
0.91121996
0.96197392
0.94592873
0.98411464
0.96931744
0.94684966
0.92253176
0.95275577
0.90040114
1.0561431
1.0375127
0.96294566
1.0038685
0.92588496
0.94193678
0.94401376
0.98483641
0.96608116
0.9053117
1.015548
0.95983612
0.95239696
0.98199287
1.1728019
1.0198081
1.0871282
1.0454116
1.1253225
0.95488216
0.90258024
0.91778968
0.94263203
1.0213476
1.0196297
1.0598884
0.9033097
0.90189629
0.89928945
0.92370118
0.95827835
0.9190357
0.96184515
0.90467816
1.0944047
0.97993489
1.0400068
0.955845
1.0270736
0.92254476
0.94929224
0.97917058
0.96580862
0.94533389
0.9183537
0.94834587
0.89560285
1.0337039
1.0130463
0.94681476
0.98754758
0.91831895
0.93327554
0.93680096
0.97098349
0.95637287
0.90246632
1.0068597
0.95595363
0.94246326
0.97087298
1.1460711
1.0146217
1.0661842
1.0358213
1.0973257
0.94960938
0.95791135
1.1172269
1.0451742
0.98012988
1.0842446
0.94038029
1.0101793
0.90513765
0.91848952
0.89427566
0.91453431
0.89158514
0.99984609
0.88160582
0.91938796
0.91385064
0.95512538
0.88570828
0.89954212
0.93842774
0.88249905
0.88434984
0.89046158
1.0351717
1.0231588
1.0123522
0.9447803
0.96783832
0.95610582
1.0177961
1.1140222
0.93491083
0.99419476
1.0953051
1.0428759
0.91598309
0.93225797
0.88999288
0.9151633
0.94987456
0.89142473
0.92201652
0.91557348
0.97946038
0.99980598
0.98278678
1.0723275
0.90575698
1.0802836
0.91074492
0.99011476
0.90166383
0.85564454
0.88770771
0.92426632
0.86734267
0.88077679
0.93870232
0.86922329
1.0984948
1.0701728
0.92927718
1.042013
1.1314967
1.0285132
0.99374397
1.0455992
0.91262856
0.8962651
0.94069554
0.98306071
0.93651208
1.011212
0.90669279
0.99782431
0.89104859
0.86685315
0.9047555
0.92433195
0.964732
0.93375847
0.8825109
0.9710317
0.87461396
0.90620753
0.89967277
0.95005493
0.88529102
0.89563761
0.93270132
0.88018015
0.88162145
0.8896819
1.0110708
1.0091882
0.99760486
0.93874578
0.95680023
0.94518499
0.99253962
1.0728951
0.92076826
0.9699514
1.0588529
1.0115301
0.90572503
0.92418331
0.88579959
0.9088594
0.93714289
0.8867112
0.91217681
0.90719602
0.96005886
0.98207955
0.96455558
1.0508013
0.90007216
1.0506617
0.90312251
0.97636858
0.89368164
0.85329896
0.88423419
0.90921743
0.8621856
0.87239432
0.92039017
0.86363409
0.94853461
0.95412923
1.0324291
0.88787123
1.0268908
0.88784415
0.95086955
1.0647398
1.0532172
0.92085483
1.0286586
1.1053234
1.00801
0.97809845
1.014916
0.90440019
0.8912084
0.93114784
0.9655872
0.92455769
0.98739052
0.89740607
0.89407771
0.96879694
0.88145995
0.86439975
0.89154334
0.91130362
0.93804147
0.91919505
0.84774571
0.83436946
0.85150847
0.84548087
0.93438842
0.89848169
0.90458311
0.87862365
0.85719527
0.88785125
0.83914377
0.87093325
0.8588449
0.85064024
0.83453186
0.85221188
0.84359658
0.92231233
0.88703859
0.89397376
0.87258919
0.85268075
0.88296803
0.8387473
0.86710917
0.85743561
0.89891642
1.0065769
0.91462845
0.92442489
0.94159085
0.87250711
0.96080554
0.89409145
0.98158416
0.90062162
0.91086811
0.92659887
0.86746493
0.94971134
0.85802794
0.87987105
0.85384537
0.87343111
0.86367127
0.88571706
0.88166318
0.84438846
0.84344519
0.9110998
0.90671154
0.9065116
1.0217103
0.92435349
0.92260321
0.96616552
0.89515989
0.90888662
0.96880042
0.89442445
0.91016268
0.90510895
1.0669899
1.0363267
1.0381634
0.96333367
0.98435494
0.98479061
1.0584395
0.95456262
1.0435291
1.1584801
1.1491362
0.93168824
1.0826112
0.95816176
0.90091604
0.93059833
0.97353181
0.89857309
0.92374753
0.9169081
1.0053302
1.0516082
1.0397983
1.1459633
0.92150122
1.1458763
1.0496656
0.9220234
0.95154407
0.92708023
0.89601214
1.0510407
1.0389226
1.146189
0.92024012
1.1470306
1.0470262
0.92453227
0.97532193
0.89892645
0.91458036
1.0079797
0.9118241
0.91559483
1.1079797
1.0680636
0.91289505
1.0471979
1.1444383
1.0224664
0.9971109
1.0648837
0.91437744
0.89756623
0.95377009
0.99264417
0.95017181
1.0293611
1.0658422
0.91310089
0.89705772
0.94911472
0.95353264
1.0315006
0.99087268
0.95346612
0.90560864
0.95635217
0.90639977
1.0956662
0.9777083
1.0499599
0.95192616
0.92010122
1.0344782
0.9386065
0.98016615
0.96272093
0.94440396
0.91979173
0.94754837
0.89723774
1.0406511
0.95361534
1.0249933
0.91997546
0.93487435
0.99376348
0.9388769
0.97613506
0.95891831
0.9014834
1.0034215
0.95269212
0.94689564
0.97608219
1.1574707
1.0109776
1.0792652
1.0337947
0.94980428
1.1152158
0.96130675
1.1417682
0.98529118
1.0538039
0.93966451
1.0232284
1.1008893
0.89978895
0.91451744
0.89507851
0.91914091
0.93865116
1.015885
1.010793
0.90091839
0.90082806
1.0527769
0.88641545
0.99285868
0.87889941
0.91267755
0.90794366
0.95090128
0.88442043
0.89745435
0.93574408
0.88056858
0.88179919
0.88877256
1.0291411
1.0167021
1.0073241
0.94048753
0.96149282
0.9518194
0.92941747
0.89106926
0.91325731
0.94437091
0.88894723
0.91982001
0.9130734
0.9734829
0.99383811
0.97632275
1.0696126
0.90433018
1.0715665
0.9881222
0.90714283
0.89897093
0.88701787
0.8548655
0.96091903
0.96693805
1.0441955
0.89151992
1.0476737
0.95663104
0.89318407
0.9219225
0.86657642
0.88100366
0.93907163
0.86818003
1.0829621
1.0583541
0.92289972
1.0332749
1.1220377
1.0144572
0.98431716
1.0347271
0.91076767
0.89220197
0.93733637
0.9741955
0.93117682
1.0055926
0.90320229
0.89819706
0.99897383
0.88940857
0.86668199
0.90542024
0.92270713
0.96501157
0.93577676
0.84745724
0.83503023
0.85289503
0.84546577
0.93963159
0.90163075
0.91368581
0.8795166
0.85768296
0.89275318
0.84099473
0.87925291
0.86270531
0.84957233
0.83578408
0.85476385
0.84617903
0.93917701
0.90122681
0.91433705
0.85837493
0.87926606
0.89388472
0.84202729
0.88089258
0.86444343
0.86458548
0.95602904
0.91387443
0.91383395
0.91038916
1.0281744
0.91955105
0.93959706
0.87733931
0.95088475
0.98637461
0.85853305
0.88055189
0.857879
0.88044449
0.87059468
0.89921276
0.90008819
0.84662202
0.84651532
0.9339652
0.88737751
0.99036973
0.87669893
0.91457819
0.90910392
0.9487429
0.88460478
0.89851655
0.9368458
0.88041545
0.88258506
0.88764773
1.025127
1.0153132
1.0080267
0.94004823
0.95989555
0.94983006
1.0032063
0.92761523
1.1005887
0.98137783
1.0770474
1.0300815
0.90897236
0.92374409
0.8882752
0.91087368
0.94015159
0.88803382
0.91615077
0.90942791
0.97034008
0.89634214
0.85444957
0.88279953
0.92111048
0.86570398
0.87933534
0.86820655
0.93495015
0.95464147
0.95913481
1.0262075
0.88713362
1.0367725
0.88991633
0.94659832
1.083306
1.0567125
0.92465449
1.0314383
1.1190916
1.0178707
0.98526655
1.0347785
0.90843673
0.8922216
0.93364714
0.9760492
0.93293611
1.002284
0.89984175
0.89496422
0.99464874
0.88902954
0.86549857
0.90466347
0.93443619
0.92049974
0.96122535
1.186498
1.1201372
1.1745708
1.0590717
1.173721
1.1882344
1.122511
1.1886853
1.1245419
1.0617796
1.1764029
1.1760502
1.1276638
1.1908741
1.1791461
1.061696
1.0278047
1.163117
1.1673673
1.0710202
1.1768397
0.9075604
0.90724431
1.0243866
0.93085885
0.92310084
0.97262255
0.89704191
0.90946458
0.96857868
0.89635001
0.90831614
0.90579908
1.0717242
1.0436071
1.038904
0.96484672
0.98889917
0.98552366
0.9591657
0.89833636
0.93656917
0.97870612
0.90120162
0.91844282
0.90994798
1.013353
1.0551673
1.042802
1.1514282
0.92129574
1.15271
1.051728
0.92345064
0.95922249
0.93367296
0.90038861
1.0554208
1.0437479
1.1497796
0.92234048
1.1501931
1.0534974
0.92423338
0.98042107
0.90468358
0.92011588
1.0098799
0.91998403
0.92670738
1.1197464
1.0768837
0.91222191
1.0579536
1.1551412
1.0293093
1.0053506
1.0748628
0.91588637
0.89899004
0.95313733
0.99837384
0.95523592
1.0373781
1.1124083
1.0746272
0.91253012
1.0511826
1.1481182
1.0020061
1.0270875
1.0687642
0.91890741
0.89967599
0.95413456
0.95533856
1.0344565
0.99506789
0.95994759
0.91499268
0.96178022
0.94723656
0.98049653
0.96599172
0.94607063
0.92026375
0.94921864
0.89671362
1.0385637
0.9532184
1.0227298
0.92043154
0.93492515
0.99230305
0.90440196
1.0152257
0.96041586
0.94975322
0.9742138
1.1559341
1.0159757
1.0706938
1.0410503
0.94954645
1.1056905
0.95927906
1.1325443
0.98614071
1.0543101
0.9407062
1.0184375
1.0938448
0.90139411
0.91879345
0.89515488
0.9159194
0.8877979
0.87763815
0.99994754
0.91673485
0.91366792
0.95355415
0.88480775
0.8997841
0.93993378
0.88148192
0.88308235
0.88794132
1.0361416
1.0248392
1.0166105
0.9445768
0.96461499
0.95526866
0.9289064
0.8924123
0.91115699
0.94690624
0.88777376
0.92036567
0.91286194
0.97354256
0.99508487
0.97910062
1.0611647
0.90256034
1.0743377
0.98264624
0.90786457
0.98022425
1.0806611
0.97859577
0.92460804
1.0638475
0.8991979
1.0052978
0.90224792
0.88759254
0.85583914
0.92689742
0.86638567
0.88357573
0.94199844
0.87042216
0.90437891
0.89958358
1.0390492
0.90851341
0.89261349
0.93323527
0.97837987
0.93289452
1.0027606
1.0540659
1.0163949
0.89890765
1.0128857
1.0923761
0.96470244
0.97813982
1.0114392
0.89231034
0.86825671
0.91157335
0.92833075
0.97551416
0.94337769
0.85329303
0.83769622
0.85960044
0.84849149
0.95647491
0.912465
0.92972092
0.88516604
0.86262605
0.90571354
0.84479249
0.89002751
0.87171939
0.84960322
0.83606138
0.85540866
0.84609457
0.93896065
0.90435597
0.92278433
0.86010802
0.87870248
0.89591052
0.84392255
0.88882619
0.86704944
0.86670389
0.96085601
0.91787736
0.91850469
0.91702373
1.0467758
0.93005862
0.95501129
0.96166067
0.88231196
1.0040973
0.91837107
1.0497586
0.92764184
0.9549087
0.88233481
0.96177959
1.0074809
0.86035031
0.88497962
0.86005348
0.88359243
0.8748028
0.91059562
0.91194548
0.84834786
0.84920064
0.95008636
0.88649384
0.87796617
0.9932863
0.91385187
0.91219754
0.95515714
0.88598321
0.90027222
0.93875567
0.88080498
0.88582785
0.99868008
0.92560174
0.9766569
1.0883089
1.0684387
0.9070025
1.0235042
0.92501417
0.88703179
0.9098717
0.93899481
0.88819932
0.91718267
0.90905553
0.96803903
0.9657552
0.91947268
0.96715041
1.0642543
1.0457744
0.89436641
0.99287001
0.91650545
0.86552059
0.87867332
0.86619467
0.93407022
0.95266058
0.95827356
1.0277172
0.88743283
1.0336354
0.88943834
0.94757442
0.89844841
0.89532043
1.084971
1.0670897
0.92721102
1.0417143
1.1275823
1.0187905
0.98898568
1.0290435
0.90811096
0.89196351
0.93407639
0.97178586
0.92835396
0.99750904
1.0533513
1.0163094
0.8968858
1.0111248
1.0928664
0.97821325
0.96525838
1.0068696
0.88937863
0.86808445
0.90806749
0.9427123
0.92570598
0.9652902
0.96110163
0.91423829
0.9625958
0.90386917
1.0945603
1.0413398
0.97875001
1.0276728
0.91896947
0.957053
0.94742862
0.98229641
0.96707283
0.94605125
0.92012807
0.94926703
0.93708903
0.97333126
0.95799183
0.97341368
1.1503451
1.0688811
1.0125861
1.1030801
0.94691636
1.0367565
0.93814026
1.0133318
1.0127299
1.048163
0.90001347
0.90184416
0.90199364
0.91389985
0.9552527
0.91069135
0.95874128
0.90618847
1.093269
1.0488263
0.97422234
1.0349689
0.92233834
0.95034955
0.94203935
0.97939813
0.96481757
0.94377273
0.91872817
0.94547385
0.93723028
0.97564684
0.95776411
0.97687806
1.156988
1.0766716
1.0104534
1.1124596
0.95060479
1.0365685
0.9365508
1.0139675
1.011215
1.0502627
0.89918713
0.898861
0.8974403
0.9160546
0.89447001
0.92053343
0.90423315
0.90506836
1.0209627
0.92569929
0.92439037
0.96826294
0.89550871
0.90843296
0.96891842
0.89560626
0.90791977
0.90509097
1.0661376
1.0347908
1.037398
0.96205683
0.98387102
0.98508105
1.0595728
1.0477956
0.95473702
1.1584357
1.1505738
0.9202127
1.0841556
0.96055619
0.93636987
0.90061005
1.0550804
1.0430913
1.1465547
0.92106604
1.1467757
1.0512787
0.92654252
0.98050337
0.90024492
0.91967921
0.91754276
1.0102258
1.0611941
1.0471102
0.95704632
1.1623781
1.1542514
0.91937734
1.0875106
0.95406366
0.92926419
0.89766063
1.0555635
1.0427224
1.1493209
0.9195318
1.1499858
1.0525524
0.92147475
0.97859687
0.90093187
0.91722984
0.91296965
1.0100723
0.9223756
1.1080492
1.0694749
0.91000352
1.0483087
1.142347
1.0241997
0.9995954
1.0663619
0.91555942
0.89930945
0.95365334
0.9944131
0.95448962
1.0320755
1.1110384
1.067828
0.91296424
1.0510086
1.145032
1.0234211
1.0015842
1.0679572
0.91659798
0.89705361
0.95093594
0.9931201
0.95304065
1.0330259
0.84989658
0.83547446
0.85386143
0.84475229
0.92948692
0.91145883
0.89796375
0.88890298
0.85745054
0.87520378
0.84217561
0.88120985
0.86299833
0.85127181
0.83765401
0.85959545
0.84387107
0.8829724
0.86915263
0.8635389
0.9531299
0.9124148
0.91144326
0.90977353
1.025493
0.93969428
0.91848067
0.98536558
0.87753179
0.94978153
0.8582797
0.88025277
0.85836124
0.8797038
0.88477388
0.87960556
0.9876068
0.91340335
0.90922651
0.95254423
0.88574905
0.8972386
0.9354074
0.88046155
0.88321876
0.88957808
1.0267731
1.01821
1.0070109
0.94067836
0.96299126
0.95210671
0.99646595
0.97336019
0.92360676
1.0818017
1.0669365
0.90453916
1.0170401
0.92482033
0.91230519
0.88571546
0.98793718
0.97084454
1.0575337
0.90255425
1.0625638
0.98196774
0.90450024
0.93652049
0.88837684
0.91331768
0.90739869
0.96430513
0.89632556
0.88406985
0.85412478
0.95484692
0.96081523
1.0306279
0.88860591
1.0376261
0.94959965
0.89029274
0.91315903
0.86329134
0.87637125
0.86509475
0.92777045
0.89712889
0.89633552
1.0782201
1.0602095
0.92604897
1.0346591
1.1185454
1.0155398
0.98462383
1.0378352
1.0066547
0.89533267
1.0030393
1.0784745
0.96828637
0.95747506
0.99365974
0.8868415
0.86608513
0.90324355
0.93431565
0.92129058
0.95681751
0.88733258
0.87855985
0.99438836
0.91574842
0.91095422
0.94930304
0.88356094
0.89698662
0.93440292
0.87963186
0.88324705
0.88814547
1.0264654
1.0141661
1.0043047
0.93869378
0.96119995
0.95034381
1.0024558
0.98201088
0.92663018
1.1013348
1.0755848
0.90933147
1.0303893
0.92219383
0.90870658
0.88579734
0.98222013
0.96656716
1.0486113
0.89928907
1.0542701
0.97551119
0.90235491
0.93941785
0.88780253
0.91749745
0.90849557
0.97020597
0.9765259
0.97403164
0.92424519
1.0804607
1.0587926
0.8975784
1.004222
0.89656922
0.88180607
0.85503001
0.95453147
0.95806726
1.0229848
0.88607443
1.0348559
0.94425572
0.88942777
0.92519223
0.86626586
0.88147294
0.87005733
0.94009396
0.90139832
0.89477686
1.0871791
1.0598437
0.92542032
1.0322188
1.1203373
1.0196843
0.98696649
1.0366585
0.90988143
0.89236863
0.9332793
0.9761129
0.93327452
1.0021405
0.99522611
0.88935371
0.86565526
0.90518008
0.93318586
0.92086664
0.96480953
1.182926
1.1192675
1.1701575
1.0640797
1.1713487
1.1827508
1.1198847
1.1769062
1.0642874
1.1610049
1.0272154
1.1640603
1.1744835
1.0700198
0.93065508
0.88807826
0.85908206
0.8859607
0.89096835
0.89399902
0.9241821
0.94011257
0.89951673
0.86217469
0.90291254
0.90032175
0.89804357
0.94626822
0.93866286
0.88781862
0.86201299
0.88632161
0.89806789
0.89807216
0.92395417
0.97337889
0.90644182
0.87317098
0.91031488
0.92303165
0.91871347
0.95659354
1.1968622
1.1957482
1.1943316
1.1894949
1.1626664
1.1940966
1.1910393
1.2258187
1.2251357
1.2235839
1.2227559
1.225642
1.2251528
1.224226
1.225991
1.2251494
1.2224884
1.2225518
1.2257935
1.2254646
1.2235581
1.1966848
1.2017403
1.2035559
1.1935991
1.2011484
1.1930092
1.1945034
1.1214768
1.2111796
1.1795568
1.0014629
1.2129714
1.0988143
1.0308797
1.1024549
1.187468
0.99895827
1.1586931
1.1891266
1.0868261
1.0190981
1.1048086
1.1862474
1.0273558
1.1709747
1.1936609
1.0283748
1.0778362
1.0932367
1.1811774
1.1521234
1.0031661
1.1878362
1.0081379
1.0795638
1.1188533
1.2094098
1.1805126
1.0021205
1.2110226
1.0304603
1.0983918
1.036081
1.1361431
1.0936418
0.95389856
1.1454449
0.97591467
1.0176983
0.87342957
0.86044061
0.92030028
0.86650642
0.87997681
1.0298552
1.1343619
1.0872806
0.95463152
1.1388025
0.97279422
1.0164233
0.87459723
0.85869966
0.92097086
0.86542616
0.88374219
0.96465187
1.0206867
0.90207688
0.98516886
1.0410508
0.911743
0.94587221
0.96067713
1.0206563
0.90182671
0.97991731
1.034108
0.9092633
0.94629295
0.96133564
1.0212422
0.9027462
0.97772274
1.0333983
0.9474453
0.90934194
0.91813902
1.2246287
1.2260419
1.2251072
1.2244625
1.2258594
1.2252832
1.2254047
1.1985793
1.2096015
1.0711302
1.0714149
1.0324559
1.2050543
1.2050297
1.2231285
1.2247713
1.2234423
1.2244903
1.2229098
1.2240208
1.2240803
1.1739937
1.1894212
1.0433668
1.0410355
1.0344883
1.1826371
1.1777463
0.91667542
1.1054495
1.223235
1.223244
1.2187543
1.2195518
1.2221384
1.2228473
1.174136
1.1965244
1.0403604
1.0376472
1.027285
1.1838574
1.1822754
1.1749
1.1980996
1.0365393
1.0356591
1.0240682
1.1856691
1.1829389
1.2095543
1.2107893
1.2088807
1.2105118
1.2108178
1.2101058
1.2086405
0.91736213
1.1060614
1.2221847
1.221978
1.2183087
1.2174897
1.2203723
1.2215748
0.91835665
1.2179519
1.2157724
1.2155506
1.2179923
1.215804
1.2175665
1.217331
1.1669045
1.0027695
1.0412714
1.1739828
1.0139777
1.1624426
1.1776223
1.1597483
0.99673421
1.0300249
1.1590422
1.0097466
1.1511745
1.1658006
1.1687972
1.1876362
1.0391823
1.0376812
1.0278603
1.1781036
1.1747123
1.1670322
1.0036203
1.0393555
1.1746457
1.0119042
1.163366
1.1779214
1.1691174
1.1921615
1.0348441
1.0363637
1.0222953
1.1791174
1.1782389
1.2166693
1.2162497
1.2063343
1.2152046
1.2154856
1.2151174
1.2161684
1.2137315
1.2126102
1.2103079
1.2122633
1.2116522
1.2095055
1.2102639
1.2144885
1.2124852
1.2082215
1.2121501
1.2149392
1.2104827
1.2106037
0.90086083
1.0010543
1.1819294
1.1741266
1.1662428
1.1476651
1.1865538
1.1915275
0.90205538
1.0064075
1.2056288
1.2042926
1.176157
1.1738393
1.2041977
1.2093127
0.90057109
0.89950556
1.1418287
0.97474154
1.1467581
0.98617998
1.1372729
0.98032016
1.1504981
1.1616299
1.1072901
1.1414258
1.1790126
1.1594523
1.2006209
1.1942393
1.1596972
1.1073963
1.1444724
1.1750451
1.1645998
1.2007592
1.194904
1.1581355
1.0902661
1.1366701
1.1448857
1.1673945
1.1958048
1.19149
1.0886412
1.1965001
1.0711602
0.97504963
1.1842509
1.1206621
0.94779594
1.0681288
1.0630882
1.1755574
0.93947259
1.1790836
0.94199663
1.061967
1.1695536
1.134538
1.1108609
0.94093499
1.2016595
1.0310409
1.0738503
0.99965722
0.90770073
0.91857517
0.91515241
1.1203927
1.0999996
1.0971267
0.99165071
1.0172901
1.0158759
1.0895908
1.1990789
1.0694724
0.97615656
1.1830058
1.122809
0.94913635
1.1699966
1.1309479
0.94398253
1.1121198
1.1975026
1.0336208
1.078404
1.0038313
1.2081116
1.1272115
1.0386327
0.97143587
1.1758189
1.083777
1.0647931
1.0527009
1.1641222
0.96308584
1.1566541
0.92488297
1.0881433
0.90307311
1.0090814
0.95396118
0.94522952
0.97843455
1.1604299
1.0808646
1.0115146
0.94824037
1.1183514
1.035896
0.9648661
1.1451558
1.0570939
0.9868119
0.93823385
1.1049456
1.026806
1.0893219
1.0691681
1.2008597
0.97510912
1.1851128
1.1230517
0.94770953
1.1713903
1.1324987
1.1116455
0.9419576
1.2002076
1.0338068
1.080484
0.91615381
1.1220431
1.0987772
1.0960963
0.99242441
1.0200672
1.0178337
0.94077415
0.96388302
1.0639881
1.0602493
1.1147756
0.91810481
0.91602215
1.1033246
0.93849851
0.89824122
0.9687794
0.97523901
1.0751093
1.0257455
0.93435296
1.0273049
1.0028809
1.0272608
1.1885729
1.1094597
1.0406632
1.1738617
1.0674798
0.9613191
0.89171843
1.1022876
1.0621271
1.0168062
1.0380954
0.96439037
0.91912527
1.0014052
1.2083232
1.1257304
1.0395173
1.1749479
0.97090435
1.0834389
1.090478
1.2000189
0.97487376
1.0688121
1.1845255
1.1228162
0.94768699
1.0752105
1.0608819
1.1778544
0.94354632
1.1773971
0.94463283
1.0711358
1.1690965
1.1303956
1.1107959
0.944164
1.1971789
1.0789363
1.0332613
1.1646357
1.1166668
1.1047933
0.93317238
1.1953722
1.0417384
1.0680319
0.93928378
0.89328014
1.1035502
1.0174563
1.0629729
0.96558358
1.0398507
0.92028379
0.90642611
1.1031496
1.0943007
1.0959902
0.98828921
1.0033678
1.0041324
1.1002696
0.93828484
0.89830325
0.96518791
0.97344308
1.073302
1.0220666
0.92372597
0.89153948
1.1073155
1.0153684
1.0661228
0.96490254
0.9187081
1.0399584
1.0185156
1.1876899
1.0289161
1.1046668
1.0840082
0.95792039
1.1639923
0.89221351
0.93808692
0.94687739
1.0437229
1.0439653
0.89176167
0.89037137
1.1016948
1.0020623
1.2084677
1.0398128
1.1273489
1.0848498
1.1754446
0.97161158
0.97199841
0.8936133
0.94187702
1.0194822
0.90137813
0.93464399
1.0395809
0.91968629
1.172416
1.136304
0.94135839
1.1120555
1.2021864
1.0796755
1.0337074
1.1209231
0.94067712
0.91335164
0.97791693
1.026009
0.97500452
1.0751624
0.89132422
1.1063114
1.0143181
1.0648398
0.9635088
1.035501
0.91871321
1.081577
1.1762865
0.96994663
1.0661432
1.1662221
1.1006573
0.94140903
1.1593484
1.112875
1.1019257
0.95496484
1.1863165
1.0803976
1.0363657
0.93506057
1.031669
1.007065
1.0219934
1.1858372
1.0388364
1.1061575
1.0931965
0.96342538
1.1659655
1.0873869
0.97384344
1.1961054
1.0687553
1.1832092
1.1204893
0.94716685
0.97002496
0.90821851
0.95043911
1.0754423
1.0624692
1.1787337
0.94335432
1.1784037
1.0711167
0.94483651
1.1723048
1.1351463
0.94181899
1.112703
1.202047
1.0802855
1.0349597
1.0878567
0.97266902
1.1987286
1.0673588
1.1831869
1.1206711
0.94672274
1.0740535
1.0599961
1.1776199
0.94379444
1.1765598
1.0713103
0.94392376
1.1640901
1.1182635
1.104965
0.93244944
1.1944277
1.0429582
1.0643567
1.1108794
0.93110964
0.89943025
0.97769307
0.98173238
1.0637852
1.0292868
0.96657254
0.91392214
0.9810044
1.0192338
1.1858206
1.0331658
1.1054465
0.96049855
1.087614
1.1647883
1.084799
0.97090195
1.1736924
1.0691537
1.1624041
1.1002521
0.94613269
1.1007106
0.93641888
0.89851508
0.96788576
1.0259346
0.97308076
1.0722528
1.1012854
0.93629919
0.89635611
0.9656014
1.023699
0.97244567
1.0733171
1.1895999
1.1250112
1.1722401
1.0757548
1.1776767
1.1846457
1.1377166
0.90691378
1.1063456
0.98094452
1.0563534
0.95614442
1.0403167
0.92472064
0.96604058
1.1520828
1.0665749
0.99491208
1.1099379
0.94523416
1.0292792
0.93804453
1.0122512
1.0070824
1.0439813
0.90193695
0.9003424
0.98021893
0.92637462
0.98330607
1.0828372
1.0685451
0.90150863
1.0046089
0.96624247
0.97331612
1.0471611
0.8927571
1.0560055
0.89648659
0.9587117
0.90169954
0.95528551
0.9105721
0.95991079
1.0426342
1.0320388
0.89071182
0.97399745
0.86291308
0.94749177
0.90943976
0.90560223
1.0572373
1.1611453
1.0437465
0.95517646
1.1518371
0.92263737
1.0838849
0.91901576
1.0090878
0.92942331
1.1051763
0.98683858
1.0843313
1.0354645
0.91210284
0.976043
1.0809653
0.97782564
0.92453392
1.0616565
0.89821679
1.0050185
1.0415769
1.0089893
1.0049051
0.8938206
1.0836635
0.95811257
0.96986727
0.90891094
1.0290771
0.92019508
0.93821591
0.95101838
0.87645913
0.98547382
0.98416715
0.96822844
1.0523392
0.90085982
1.0580911
0.90302765
0.97863961
1.0653459
0.96060261
1.0488129
1.1663413
1.1578863
0.92652641
1.0918165
1.0660325
1.1627564
1.0485177
0.95967899
1.15471
0.92749316
1.0890181
0.91979573
0.90284805
1.0974118
0.98101736
1.0426171
0.95824449
0.92290068
1.0261917
0.93895843
0.97632179
0.95904007
0.93755471
1.0139864
1.013471
0.90119971
0.90157072
1.0488022
1.0128943
0.92798671
0.98910147
1.1048216
1.0886466
0.9128762
1.0337834
0.96574301
0.97014058
1.0435286
0.89121591
1.0533122
0.9577514
0.89474447
1.0910302
1.0657437
0.92673961
1.0406348
1.1298725
1.0216195
0.99052577
0.98490474
0.96810694
1.0535122
0.90078068
1.0571731
0.90379819
0.97858349
0.89530262
0.85380509
0.88289151
0.89712258
1.0369279
1.0192508
0.95128285
0.99071083
0.91843424
0.93444525
0.9068975
1.0074987
0.95756086
0.94848782
0.96176535
1.128781
1.051963
0.98660932
1.0921346
0.9421434
1.0171269
0.89723519
0.91828758
0.89518723
1.0391701
1.0257036
0.95293459
0.9909699
0.92004371
0.93321892
0.90339299
1.0061213
0.95433985
0.94846407
0.96331013
1.1370632
1.0545413
0.98497038
1.0974818
0.93901834
1.0218607
0.91855774
0.84724104
0.94894756
0.91774379
0.90506389
0.90074881
0.85945959
0.88363814
0.90818092
1.0218071
0.93939836
0.91928324
0.98318419
0.8769413
0.94777749
0.87104929
0.90148686
0.90094126
0.93503997
0.84694329
0.84687666
0.96141079
0.96341373
0.91487963
1.0549326
1.0414582
0.89197565
0.98439091
1.0273935
0.90793721
0.89403099
0.93506641
0.97317401
0.92882069
0.99637677
1.0664373
1.0665972
0.93934196
0.93817165
1.0267886
1.1369492
1.0633311
1.0855383
0.93752813
0.95385351
1.0202589
1.1252395
1.0570337
1.0878751
0.9354009
0.96831252
1.0248718
1.1266602
1.065695
1.0653738
0.93800184
0.93779445
1.02315
1.1362092
1.0537541
1.08273
0.93534831
0.96010385
1.0232488
1.122869
1.0536429
1.0852394
0.93586083
0.97000171
1.0245186
1.122182
1.0583667
1.0839628
0.93528203
0.95619137
1.0195154
1.1221029
1.0571184
1.0866311
0.9358893
0.96185551
1.0251358
1.1262435
1.0689756
1.0636014
0.93678075
0.93745194
1.0278335
1.1384753
1.057774
1.0855221
0.93582794
0.96126015
1.0234543
1.1245105
1.0575314
1.0849391
0.93500332
0.96102073
1.0202274
1.1214295
1.0166132
1.0157615
0.92036225
0.92368316
0.980441
1.0668968
1.0086912
1.0064901
0.9148472
0.92017651
0.97596926
1.0554891
0.9946855
0.98900118
0.91928885
0.91649403
0.96870697
1.0319881
1.0070696
1.0071066
0.91461028
0.91881972
0.97383769
1.0566335
1.0087253
1.0100271
0.91702618
0.92210625
0.97688751
1.0606909
0.9918494
0.99427126
0.91261485
0.91440114
0.96505279
1.0345081
1.0106114
1.0168079
0.91315997
0.92389807
0.97812812
1.0666468
1.0085765
1.0114347
0.91115486
0.92183773
0.97555124
1.0604478
0.99810803
0.99435871
0.9197596
0.91605011
0.9669895
1.0366829
1.004845
1.0083736
0.91228876
0.92020072
0.97441696
1.0552149
1.0066568
1.0087981
0.91116382
0.92119616
0.97434932
1.057613
0.99082702
0.9908144
0.91358866
0.91559199
0.96325767
1.0301449
1.1394266
0.97348422
0.98233424
1.1452657
0.97604597
1.1363718
1.147082
1.1595705
0.99131394
1.162073
1.0290002
1.1509833
1.0040363
1.1694057
1.0378705
1.0016621
1.0052556
0.895832
1.0756716
0.95940901
0.96605073
1.0401761
1.0115716
1.00583
0.89605153
1.0840329
0.97023276
0.95692793
0.89116785
1.0347472
1.0241393
1.0142766
0.94345083
0.96678433
0.95752834
1.064172
1.068454
0.93936787
0.93752241
1.0295568
1.1373201
1.2332015
1.232803
1.2328075
1.230397
1.2306127
1.2302275
1.2301733
1.232637
1.2329074
1.2327634
1.2306903
1.2301993
1.2303112
1.2301877
1.2331963
1.2337117
1.2335022
1.231101
1.2307553
1.2313399
1.2311051
1.2327683
1.2333562
1.2331482
1.2304904
1.2302063
1.2309589
1.2306838
1.2328848
1.2331061
1.23315
1.2301391
1.2301529
1.2304441
1.2303817
1.2335058
1.2335017
1.2338006
1.2303992
1.2310215
1.2308292
1.2315112
1.2337704
1.2338625
1.2338032
1.2315067
1.2313932
1.2316401
1.2314682
1.2335122
1.2337485
1.2335596
1.2313394
1.2310303
1.2313511
1.2310532
1.2333253
1.2333772
1.2333515
1.2306561
1.2306334
1.2306629
1.2304999
1.2336811
1.2334071
1.2334077
1.2310129
1.2314252
1.2306131
1.2307709
1.2334685
1.2333151
1.2334256
1.2311052
1.2309428
1.2306991
1.2308402
1.2333593
1.2335167
1.2335026
1.2307044
1.2304187
1.2309184
1.2307352
1.2281293
1.2279857
1.2283675
1.223352
1.2238339
1.2238219
1.2243859
1.2277121
1.2282839
1.2277055
1.2238532
1.2236768
1.2244011
1.2239442
1.2275764
1.2278724
1.2277256
1.2236254
1.2236367
1.2240436
1.2231936
1.2260242
1.2266064
1.2266406
1.2230106
1.2222909
1.2223716
1.2221145
1.2285363
1.2287888
1.2285696
1.224913
1.2245486
1.2247638
1.2246418
1.2273653
1.2283171
1.2285339
1.2271835
1.2284082
1.227123
1.2276086
1.2287932
1.2290861
1.2293647
1.2241277
1.225385
1.2254828
1.2262984
1.2285332
1.2281728
1.2286912
1.2244277
1.2246334
1.2243636
1.2241853
1.2280054
1.2293779
1.2294607
1.2281755
1.2293483
1.2281814
1.2280687
1.2274849
1.2287654
1.2286631
1.227925
1.2286214
1.2277385
1.2274587
1.2292026
1.2277978
1.228679
1.2256094
1.2263049
1.2246258
1.2258603
1.2278131
1.2272768
1.2265483
1.2218079
1.2204283
1.2211223
1.2204167
1.2261452
1.2259021
1.2253038
1.2218172
1.222062
1.2205432
1.2205986
1.2272676
1.2263108
1.2274219
1.2216194
1.2230454
1.2222028
1.2233508
1.2272826
1.2281223
1.2281001
1.2230568
1.2220626
1.2238324
1.2235527
1.2172132
1.2173383
1.2179283
1.2113848
1.2118774
1.2121077
1.2126237
1.2171821
1.2187197
1.2191732
1.211882
1.2116311
1.2130281
1.2131444
1.2167372
1.2192424
1.2190213
1.2111546
1.2110873
1.2129579
1.2128379
1.2173171
1.2188979
1.2187177
1.2117649
1.2118742
1.2131125
1.2134284
1.2190144
1.2181989
1.2194715
1.212766
1.2135045
1.2129467
1.2141828
1.2188167
1.2212801
1.2216207
1.218728
1.2215455
1.2186656
1.2188962
1.2180931
1.217818
1.2192074
1.2132735
1.2127345
1.2126936
1.2134273
1.2198534
1.2185463
1.2199947
1.2129914
1.2144516
1.2132405
1.2138829
1.2207078
1.2202261
1.2217148
1.2129692
1.2147769
1.2141927
1.2161556
1.2191363
1.2190279
1.2178228
1.2133068
1.2124595
1.2132082
1.2112442
1.2147965
1.2201634
1.2192953
1.2167625
1.2188036
1.2161824
1.2154715
1.221017
1.2193782
1.2195822
1.2196724
1.2206289
1.2210263
1.2193266
1.2220139
1.220919
1.2220627
1.2155869
1.2168711
1.2163774
1.2172162
1.2167866
1.2182227
1.2164654
1.2132421
1.2108734
1.2130691
1.2110637
1.220672
1.2192158
1.2191703
1.2186995
1.22025
1.2201416
1.2188458
1.2195805
1.218063
1.2173297
1.217544
1.2158177
1.2161365
1.2180447
1.21618
1.2168536
1.2175141
1.21134
1.2121234
1.2124272
1.2132944
1.2180959
1.2181453
1.2188715
1.2127937
1.2128312
1.2133709
1.2132857
1.215912
1.2189401
1.2182548
1.2114086
1.2095429
1.2122651
1.2109829
1.2144245
1.2169563
1.2158342
1.2092154
1.2103119
1.2104274
1.2107087
1.2065226
1.2075904
1.2084406
1.2007101
1.2019458
1.2021511
1.2035914
1.2060036
1.2086888
1.2082461
1.2025608
1.2025404
1.2044371
1.2039868
1.2040568
1.2072992
1.206472
1.2010068
1.1991288
1.2027044
1.2012125
1.205863
1.207428
1.2082028
1.1998688
1.1997251
1.2012602
1.2019986
1.2083704
1.2067507
1.2091071
1.2004683
1.2022009
1.2009556
1.2024361
1.2115304
1.2116324
1.2132174
1.2100274
1.2131232
1.2100352
1.2111961
1.2086478
1.2098206
1.2117041
1.2082184
1.2110689
1.2074866
1.2096721
1.2079994
1.2074253
1.2079601
1.2034894
1.2037803
1.2024062
1.2031684
1.2090589
1.2080697
1.2079683
1.2019296
1.2021404
1.2020855
1.2006648
1.205668
1.2110721
1.2100173
1.2079758
1.2095139
1.2073926
1.206831
1.2137642
1.2111974
1.2123638
1.2108683
1.211628
1.2102342
1.2124753
1.2088642
1.2079277
1.2101795
1.2017303
1.2033435
1.202043
1.204219
1.2063745
1.2077905
1.20557
1.2019038
1.1990043
1.2018685
1.1984431
1.2016954
1.2055591
1.2056753
1.2030486
1.2050365
1.2020561
1.2024639
1.2111786
1.2110644
1.2115119
1.2034858
1.2050237
1.2050586
1.2053169
1.2057062
1.2082216
1.2064391
1.2024422
1.1990382
1.2029203
1.2003128
1.2087628
1.206786
1.2074938
1.2072948
1.2081083
1.2068689
1.208539
1.2110967
1.2103508
1.2082558
1.2084496
1.2082441
1.2085538
1.2108144
1.2070083
1.2076078
1.2082564
1.2011263
1.2004945
1.203056
1.2028138
1.2067964
1.2076533
1.2069791
1.1996317
1.1993955
1.2003949
1.1994383
1.2048214
1.2051014
1.2047063
1.2001422
1.2017379
1.1994777
1.2014574
1.2072138
1.2057776
1.2073139
1.2032173
1.2044097
1.2021981
1.2030151
1.1996876
1.1989005
1.1988355
1.1954182
1.1957802
1.194727
1.1949853
1.1962901
1.1990647
1.1985458
1.1941043
1.1912735
1.1959898
1.1947658
1.1979017
1.1963619
1.1950338
1.1937596
1.1931871
1.1904276
1.1884871
1.1986174
1.1997227
1.1983282
1.1947686
1.1935176
1.1943131
1.1942994
1.1955696
1.1952966
1.1929571
1.1900303
1.1886975
1.1885374
1.1845808
1.2015107
1.2029373
1.2048811
1.2010172
1.1956282
1.1959758
1.1993172
1.1989942
1.1996731
1.1945034
1.1985755
1.1938699
1.19509
1.1958776
1.1906398
1.1944648
1.1904583
1.1865208
1.1817301
1.1860706
1.1818109
1.1990255
1.1974872
1.1991787
1.1983542
1.1959884
1.196167
1.1983629
1.1979303
1.1989699
1.1944933
1.1983193
1.1947295
1.1961275
1.1952269
1.1948961
1.1929133
1.1936717
1.1863835
1.1894043
1.1870298
1.1896505
1.1976255
1.1956983
1.1942097
1.1968744
1.1964572
1.1954592
1.1937338
1.2013234
1.2012049
1.1999859
1.2010807
1.1992823
1.1989475
1.1991607
1.1997133
1.1985334
1.1994454
1.1947986
1.1940269
1.1937103
1.194375
1.1894961
1.1855197
1.1844085
1.1858246
1.1900429
1.1808813
1.1799854
1.1925667
1.1879881
1.1946243
1.1913643
1.1883372
1.1864227
1.193018
1.1775729
1.1779958
1.1816163
1.1754357
1.1734405
1.1739118
1.1780624
1.1483171
1.196313
1.0567972
1.1869787
1.1299078
1.1771368
1.0595684
1.176863
1.0741899
1.1815201
1.1360714
1.1744421
1.0617162
1.1802955
1.1897439
1.1908378
1.1893918
1.1869994
1.1835998
1.1872724
1.1824103
1.1878001
1.1827591
1.1878561
1.1765658
1.1808591
1.1782013
1.1811037
1.1307699
1.1946528
1.1998386
1.1682105
1.1358364
1.1853652
1.1876445
1.1955553
1.1939021
1.1933949
1.1373807
1.1900227
1.1863079
1.1860403
1.1888619
1.1884978
1.1885006
1.1844161
1.1811075
1.1813727
1.1805655
1.187013
1.1875997
1.1879198
1.1807266
1.1816622
1.1828907
1.1833602
1.1893581
1.1882198
1.1889333
1.1824127
1.182458
1.1840166
1.1843762
1.2277189
1.2284779
1.2286238
1.2272611
1.2287387
1.227313
1.2277139
1.2279842
1.2291206
1.2292506
1.2280546
1.2290776
1.2278263
1.228174
1.2280769
1.22894
1.2291688
1.2281928
1.2290177
1.2281415
1.2281919
1.2237683
1.224128
1.2241132
1.2249813
1.2245974
1.2245963
1.2249788
1.2246759
1.2248721
1.2250297
1.2258069
1.2254745
1.2255282
1.2257518
1.2277394
1.2288722
1.2287835
1.2282731
1.2286432
1.2281345
1.2278976
1.2272219
1.2282135
1.2285144
1.2268178
1.2284169
1.2267075
1.2272473
1.2237515
1.2241004
1.2240418
1.2248651
1.2245726
1.2245457
1.2249341
1.22224
1.2226883
1.2229795
1.2238441
1.2231165
1.2231698
1.2236446
1.2278001
1.2292335
1.2288841
1.2279123
1.2291578
1.2280578
1.2275246
1.2275862
1.2287993
1.22896
1.227091
1.2290779
1.2272563
1.2273587
1.2245625
1.2237744
1.2241556
1.2252754
1.2253007
1.2250263
1.2255615
1.222924
1.2225165
1.2228669
1.2239434
1.2235251
1.2236186
1.2239099
1.2273862
1.2286083
1.2287485
1.2271075
1.2286378
1.2272886
1.2274024
1.2271239
1.2285076
1.2281841
1.2267532
1.2284175
1.2270548
1.2266091
1.2224864
1.2224011
1.2225417
1.22373
1.2232876
1.2235689
1.2235856
1.2230719
1.2225295
1.2232309
1.224082
1.2234599
1.2234946
1.2239588
1.2186103
1.2210577
1.2215331
1.21868
1.2212916
1.2184786
1.2188279
1.222528
1.2215108
1.2214882
1.2213066
1.2223265
1.2222756
1.2213565
1.2161005
1.2150632
1.2131384
1.2143239
1.2151619
1.2161045
1.2141717
1.2161485
1.2154172
1.2131289
1.2138468
1.2153248
1.2162033
1.2139877
1.2173623
1.2173588
1.2180624
1.2172687
1.2160307
1.2169863
1.2164593
1.2225831
1.2215326
1.2215258
1.2214027
1.2223716
1.2223923
1.2213924
1.2160734
1.2154231
1.2127446
1.213658
1.2153533
1.2161895
1.2133918
1.2158353
1.2150608
1.2124724
1.212641
1.2151902
1.2155243
1.2130208
1.2148477
1.2142694
1.215495
1.2146075
1.2130622
1.2142233
1.2135388
1.2189626
1.2215567
1.221265
1.2180884
1.2218681
1.2190232
1.2176871
1.2232228
1.2212935
1.2218128
1.2214551
1.2225119
1.2228618
1.2209331
1.2167046
1.2165836
1.2142982
1.2133743
1.2172755
1.2163243
1.2131188
1.2170197
1.2148467
1.2168333
1.2158456
1.2146701
1.2162714
1.214052
1.2154323
1.2143045
1.2121284
1.209942
1.2155156
1.2138255
1.2114914
1.220705
1.2194547
1.2196653
1.2191536
1.2203103
1.2202436
1.2191395
1.2166565
1.2199492
1.2200894
1.2177501
1.2193216
1.2168984
1.2171067
1.2147706
1.2147184
1.2156489
1.2146612
1.2129581
1.2140907
1.2135709
1.2142965
1.2139447
1.2118359
1.211145
1.2143465
1.2139592
1.2118987
1.2142589
1.2147528
1.2112879
1.2118914
1.2141934
1.2143775
1.2119026
1.2219086
1.2207481
1.2201973
1.2197623
1.2220365
1.2215466
1.2203391
1.2113633
1.2129331
1.2088043
1.2086934
1.2124023
1.2118707
1.2080736
1.2107402
1.2108029
1.20817
1.2076017
1.2111208
1.2104755
1.2076908
1.2103107
1.209299
1.2107303
1.2099637
1.2084814
1.2097845
1.2084532
1.2187485
1.2210396
1.2219261
1.2186342
1.2217073
1.217924
1.219256
1.2156787
1.215528
1.2120759
1.2132326
1.2148786
1.2162651
1.212628
1.2139242
1.2122155
1.2140191
1.2138126
1.2126129
1.2138966
1.2124176
1.2163274
1.2167658
1.2140003
1.2138381
1.2167027
1.2164308
1.2133426
1.2208709
1.2192737
1.2193686
1.219224
1.2204297
1.2205873
1.2190442
1.2167656
1.2194659
1.2193857
1.2165226
1.219644
1.2164631
1.2167342
1.2108727
1.2099972
1.2114177
1.2111456
1.2095407
1.210776
1.2099033
1.2137188
1.2132199
1.2105416
1.2113057
1.2130951
1.2136608
1.2110314
1.2138469
1.2135703
1.2105478
1.2113423
1.2134363
1.213867
1.2110296
1.2151918
1.2189437
1.2182681
1.2159351
1.2183071
1.2158466
1.2151761
1.2134698
1.2120834
1.2132406
1.2126717
1.2120058
1.2129817
1.2116897
1.2122544
1.2129349
1.2099399
1.2094089
1.2128033
1.2122299
1.209593
1.2120427
1.2113191
1.2103171
1.2090383
1.2121935
1.2115917
1.2097816
1.2113175
1.2112368
1.2122589
1.209053
1.2127555
1.2096094
1.2106248
1.2163207
1.2132179
1.2145687
1.2142037
1.2147717
1.2133158
1.2156207
1.2093056
1.207548
1.2053003
1.2058769
1.2082425
1.2092235
1.2050779
1.2085614
1.200889
1.2061662
1.205516
1.2017274
1.2007281
1.2065185
1.2075499
1.2092587
1.2098021
1.2061865
1.2103824
1.2066082
1.2066669
1.2134324
1.2111904
1.2124574
1.2110377
1.2117952
1.2104364
1.2123776
1.206903
1.206285
1.203488
1.206
1.2051297
1.2083258
1.2050767
1.2105215
1.2043239
1.2114023
1.2077812
1.2029973
1.2041756
1.2073411
1.2127129
1.2113961
1.2105718
1.2099544
1.2127402
1.2107937
1.2119698
1.2040182
1.2086185
1.2064626
1.2041195
1.2078273
1.2053268
1.2028028
1.2001722
1.2000305
1.1973031
1.1949327
1.201206
1.1990991
1.1958389
1.1991926
1.1964572
1.1993223
1.1970919
1.1958122
1.1955315
1.1973612
1.2061254
1.2091065
1.2086157
1.2055409
1.209199
1.2059686
1.2054482
1.2062432
1.2086603
1.2092955
1.205679
1.2092741
1.2054858
1.2062958
1.2067417
1.2044048
1.2063263
1.2043425
1.2025238
1.202685
1.204119
1.2033666
1.2028696
1.2005279
1.2009048
1.2028038
1.2033901
1.2008992
1.2016497
1.2053163
1.2049083
1.2021248
1.2048388
1.2021209
1.2018374
1.2079354
1.2061652
1.2064511
1.2055076
1.2068764
1.2055856
1.2069924
1.1983716
1.1990367
1.1946247
1.1948589
1.1985365
1.1985916
1.1947331
1.1990615
1.1974759
1.19914
1.1978744
1.1961489
1.1963769
1.1976583
1.2067184
1.2094096
1.2101552
1.2061643
1.2098266
1.2063784
1.2069528
1.2107821
1.209975
1.2096845
1.2097523
1.2112899
1.210002
1.211021
1.2073885
1.2110142
1.2112192
1.2088355
1.2105302
1.2079432
1.2081975
1.2066656
1.2030959
1.2059535
1.203377
1.2022144
1.20193
1.2037265
1.2037032
1.2031655
1.2009849
1.2012564
1.203441
1.2037462
1.2012244
1.2055989
1.2080843
1.2086581
1.2054155
1.208616
1.2050791
1.2057254
1.2055162
1.2078905
1.2085953
1.2049528
1.2085471
1.2049134
1.205657
1.2040262
1.2022547
1.203133
1.2021418
1.2023714
1.2017136
1.2028774
1.20222
1.2015087
1.2004598
1.1988358
1.2022439
1.2015254
1.1993946
1.2110232
1.2101501
1.2099811
1.2098757
1.2109895
1.2099691
1.2108088
1.2055395
1.2073249
1.2066692
1.2043489
1.207344
1.2048466
1.2045938
1.2064968
1.2087553
1.206945
1.2060205
1.2079935
1.2071801
1.2053812
1.2043236
1.2033071
1.2042249
1.2038965
1.2029045
1.2030247
1.2035768
1.2042014
1.2021501
1.2018194
1.2014746
1.2031099
1.2031003
1.2025848
1.1975771
1.2002968
1.1968034
1.1920641
1.1952109
1.1948158
1.1956918
1.1966277
1.1979434
1.1967104
1.1981757
1.1956301
1.1951789
1.1983547
1.1645269
1.1840107
1.1911513
1.1254802
1.1879664
1.1382525
1.1839934
1.2059242
1.192952
1.1906355
1.2002256
1.1904759
1.2004943
1.2007588
1.1193495
0.92953883
1.0117371
1.1377748
1.024759
1.1128809
1.1576781
1.205545
1.2035539
1.206224
1.2065509
1.2029087
1.2026425
1.2075361
1.1902005
1.1851497
1.1870027
1.1342571
1.1869494
1.167925
1.166286
1.175892
0.95876722
1.058163
1.1533078
1.0818514
1.1199817
1.1762884
1.1954759
1.1929633
1.1889229
1.1960239
1.1916765
1.2000309
1.1868152
1.2029192
1.2023921
1.2035687
1.2028261
1.2021559
1.2017427
1.2034122
1.1997929
1.1939047
1.1995317
1.1959483
1.1984444
1.1943342
1.2011598
1.1993662
1.000736
1.1548061
1.1692794
1.1493907
1.1441937
1.2065858
1.2040702
1.1992471
1.2030659
1.2000937
1.2101068
1.1982914
1.2012881
1.2028552
1.2047639
1.2042182
1.2069862
1.2025719
1.2018792
1.2077552
1.2019949
1.2029819
1.2039258
1.2025652
1.2022838
1.2021524
1.2033198
1.1714816
1.0015456
1.1422493
1.1529846
1.1143852
1.1309759
1.1867645
1.2024105
1.1934163
1.2027124
1.1920747
1.2032625
1.1934181
1.2000038
1.1971447
1.199924
1.1992784
1.1969707
1.2005504
1.1988593
1.1966887
1.2011376
1.2227897
1.2230419
1.2217876
1.2233647
1.2221581
1.2220174
1.2157195
1.2126168
1.2236597
1.2201334
1.2227253
1.2197827
1.1965899
1.2064532
1.1988656
1.2186859
1.2117461
1.2172262
1.2132356
1.1861195
1.2023766
1.2218513
1.2220279
1.2199039
1.2225317
1.2204787
1.221465
1.1045791
1.1918213
1.0262241
1.1733096
1.2016973
1.0792697
1.025355
1.2166626
1.2138034
1.2213213
1.2240842
1.2232494
1.2200194
1.1962755
1.2106537
1.1991695
1.2185918
1.2145182
1.21803
1.2155629
1.1826362
1.0568726
1.1891122
1.2153807
1.2169367
1.2041594
1.1344109
1.131419
1.1759199
1.2100248
1.2082946
1.2057504
1.2101678
1.2074048
1.2005767
1.1881657
1.1757022
1.1987061
1.2061723
1.2049367
1.1955161
1.1518825
1.1721392
1.1563876
1.1840203
1.1975884
1.1952097
1.1824958
1.134938
1.0101072
1.1202948
1.1709516
1.1658743
1.1361496
1.0721114
1.0592536
1.0204507
1.1260879
1.1760412
1.1735801
1.1490191
1.0749842
1.0689635
1.2093669
1.210557
1.2104475
1.2093943
1.2103102
1.2097012
1.2092579
1.191666
1.1506061
1.1996949
1.1742075
1.1989477
1.1924034
1.1502253
1.1916393
1.1031038
1.2007983
1.1431024
1.2010902
1.1914515
1.1064712
1.2092042
1.2092497
1.2104115
1.2103466
1.2102458
1.2091974
1.2092045
1.1915155
1.1524625
1.1989977
1.1725693
1.1983045
1.1923722
1.15244
1.2069364
1.2073282
1.207995
1.2068508
1.2076585
1.2064386
1.2069642
1.1870919
1.0965721
1.1346315
1.1953171
1.1957568
1.0997116
1.1858943
1.2074528
1.2076883
1.2087493
1.2081704
1.2081196
1.2080592
1.2072728
1.1987004
1.19822
1.1927594
1.2033449
1.2061928
1.2055265
1.2053655
1.2062816
1.2051652
1.2057188
1.2051198
1.2058596
1.205981
1.2056578
0.98380272
0.93074319
0.97930256
1.0249349
1.0322936
0.93803864
0.97577079
1.0110929
0.93693727
0.99884853
1.032635
1.0584915
0.95692687
0.98608996
0.99363235
0.89985456
0.96876316
0.99458633
0.94337367
0.96156065
1.0284446
1.1122203
1.1077021
1.0728795
1.1141384
1.1576926
1.1429671
1.1392542
1.047992
1.1446322
1.0949911
1.039642
1.0132403
1.1127955
1.0767
1.2272342
1.2272796
1.2277189
1.227488
1.22761
1.2274177
1.2270627
1.2214803
1.190408
1.224023
1.2135173
1.2244776
1.2207938
1.1951357
1.2214156
1.1908418
1.2237431
1.2148998
1.2241164
1.2207199
1.1955561
1.2272201
1.2274252
1.2276904
1.2270934
1.2275936
1.2269791
1.2273722
1.2271059
1.2274656
1.2274336
1.2269018
1.2275274
1.2269923
1.2269569
1.2275907
1.2275288
1.2278628
1.2277446
1.2276144
1.2278212
1.2275324
1.2213308
1.1906999
1.2238115
1.2135492
1.2239615
1.2207308
1.1956873
1.2206455
1.191774
1.2230901
1.2118372
1.223578
1.2198968
1.1956148
1.2273902
1.2274007
1.2277674
1.227118
1.2274812
1.2276958
1.2269721
1.227179
1.2270227
1.2274439
1.2264164
1.2275067
1.2265274
1.2270907
1.2234317
1.2232638
1.2218811
1.2249977
1.2249667
1.2251827
1.2249482
1.2264822
1.2270068
1.227255
1.2270763
1.2267993
1.226997
1.2266572
1.2209743
1.1909964
1.2236971
1.2141016
1.2238522
1.2205875
1.1954818
1.2200661
1.1916765
1.2226516
1.2121784
1.2227343
1.2195217
1.1958262
1.2264021
1.2270932
1.2272441
1.2266977
1.2267035
1.2270252
1.2264298
1.2261147
1.2264575
1.2267364
1.2258535
1.2266992
1.2257654
1.2262549
1.2227738
1.2227205
1.2213487
1.2241908
1.2242713
1.2243236
1.2243381
1.226733
1.2272072
1.2274709
1.227184
1.2271599
1.2271789
1.2267953
1.2199675
1.1915081
1.2226922
1.21135
1.2225902
1.1952508
1.2196125
1.2201795
1.1917995
1.2229228
1.2123209
1.2232948
1.1954917
1.219638
1.2263742
1.226615
1.2272234
1.2261471
1.2269574
1.2268113
1.2258633
1.226312
1.2265626
1.2268201
1.225983
1.2268294
1.2263991
1.2260051
1.2223781
1.2225312
1.2208513
1.2238894
1.224167
1.2241092
1.2241495
1.2114077
1.1806793
1.2146256
1.1938379
1.2154662
1.2105118
1.1847587
1.2159311
1.2148679
1.215055
1.214376
1.2151704
1.2157248
1.2151281
1.2082414
1.1663103
1.192505
1.2119127
1.2136887
1.1730099
1.2058232
1.2167631
1.2173043
1.217719
1.2162242
1.2177685
1.216268
1.2166533
1.2166414
1.2165249
1.2132979
1.2179714
1.2190958
1.218782
1.2186185
1.2161515
1.2154648
1.2145712
1.2156811
1.2153074
1.2163536
1.2154364
1.210911
1.179765
1.2142839
1.1913931
1.2143042
1.2101996
1.1836432
1.2154214
1.2147262
1.2149331
1.2138742
1.2155872
1.2148058
1.2145186
1.2007725
1.1540585
1.1808436
1.2050762
1.2070863
1.1622629
1.1977155
1.2164305
1.2172399
1.2176662
1.2161573
1.2165491
1.2175991
1.2160871
1.2152667
1.2144844
1.213648
1.214
1.2146481
1.2150307
1.2143071
1.2103021
1.1767294
1.1920521
1.2130296
1.212966
1.1803413
1.2106842
1.2006261
1.1564991
1.183362
1.2037164
1.2063462
1.1651006
1.1967658
1.2115192
1.2091552
1.2106462
1.2093583
1.211203
1.2110419
1.209558
1.2134269
1.2151379
1.2147688
1.2125555
1.2154523
1.2132125
1.2128476
1.2121541
1.212752
1.2108478
1.2100374
1.2129701
1.2119447
1.210113
1.2040312
1.2228229
1.2232299
1.221895
1.2232449
1.2233149
1.2219872
1.1101553
1.1925367
1.179435
1.0289809
1.2031809
1.0797552
1.0314152
1.2171697
1.2147948
1.2254342
1.2221024
1.220996
1.2241961
1.198105
1.2125163
1.2028421
1.2212699
1.2155583
1.217348
1.2198125
1.1885483
1.202391
1.2237872
1.2241064
1.222927
1.2241567
1.2245364
1.223174
1.2169658
1.214112
1.2248797
1.2217059
1.2211567
1.2239846
1.1979774
1.2098828
1.2015955
1.2203531
1.214487
1.2158633
1.2189341
1.1883835
1.0577437
1.189234
1.217873
1.2174683
1.2043256
1.1321078
1.1326841
1.1895344
1.2187493
1.2200665
1.2201995
1.2205087
1.219443
1.2188163
1.2091269
1.2014789
1.2201479
1.2134691
1.2152596
1.2183272
1.1838379
1.2037346
1.2007249
1.2192585
1.2103945
1.2126118
1.2164205
1.1788183
1.0558928
1.1801359
1.2042334
1.2031143
1.1856579
1.1205991
1.1191526
1.0558674
1.1771744
1.2008593
1.1988808
1.1845185
1.1180757
1.1164884
1.0568311
1.1879411
1.215905
1.2170878
1.1312545
1.2039795
1.1309695
1.2025653
1.2216661
1.222673
1.2211452
1.2226275
1.2225001
1.2210007
1.2164216
1.2134185
1.2248218
1.2214661
1.2237895
1.2202419
1.1958949
1.210722
1.1999881
1.2204665
1.2144432
1.2165135
1.2187928
1.1835925
1.0562718
1.1743642
1.1971679
1.1951543
1.1179144
1.1821001
1.1147914
1.1809982
1.2164014
1.2181076
1.218295
1.2162302
1.2169135
1.2164183
1.1994339
1.1967396
1.2167443
1.2073436
1.2136983
1.2091597
1.1739246
1.2059206
1.1960957
1.2186307
1.2115003
1.2129303
1.2166498
1.1779858
1.0509127
1.1739089
1.2021303
1.1997668
1.1183429
1.1134098
1.177944
1.2081878
1.1757078
1.1903351
1.2110816
1.2120801
1.1799801
1.2073561
1.2046033
1.1583228
1.1871501
1.2076612
1.2099666
1.1649655
1.2008807
1.2137444
1.2121103
1.2129543
1.2121341
1.213143
1.2132744
1.212739
1.2146234
1.2151538
1.2153616
1.2140155
1.2155634
1.2141345
1.2143238
1.2140883
1.2133927
1.2133768
1.2122661
1.2143011
1.213302
1.2132335
1.211535
1.1762715
1.2131518
1.1935885
1.2138739
1.2108888
1.1813614
1.2104126
1.208955
1.2101749
1.208102
1.2107403
1.2098034
1.2086904
1.204543
1.1614722
1.1862344
1.2055876
1.2078756
1.1672219
1.2012438
1.2120256
1.2132539
1.2142275
1.2119862
1.2124123
1.2137685
1.2115368
1.2101098
1.2092375
1.207823
1.20817
1.2094899
1.2098483
1.2083841
1.0580776
1.1893839
1.2172178
1.2158513
1.1317747
1.2042067
1.133637
1.2003725
1.2212845
1.2216722
1.2198705
1.2218873
1.220657
1.2201096
1.2152255
1.2127124
1.2196598
1.222701
1.2218405
1.2190495
1.1980918
1.2054183
1.1975338
1.2165438
1.2102211
1.2118137
1.2153101
1.1860299
1.0486554
1.1738531
1.2023281
1.1998513
1.1166176
1.1785464
1.114971
1.1820983
1.2124386
1.2144415
1.2146317
1.2127029
1.2147539
1.212857
1.2047541
1.1954565
1.21578
1.2099981
1.2139867
1.211331
1.1780398
1.1982644
1.1949129
1.2141237
1.2055318
1.2073067
1.2112237
1.1741491
1.056292
1.1741021
1.1964148
1.1942741
1.1186047
1.1149503
1.1823649
1.1999515
1.2215014
1.2220847
1.2206226
1.2204435
1.2218853
1.2210933
1.215165
1.2126541
1.2193922
1.2227985
1.221707
1.219195
1.1979583
1.2064805
1.1985192
1.2175195
1.2111827
1.2160766
1.2127306
1.1866489
1.2020268
1.2215113
1.2224912
1.2204328
1.2203076
1.2225313
1.2220982
1.2167167
1.2138815
1.2212219
1.224452
1.2234115
1.2202969
1.1967266
1.2085554
1.1984344
1.2177619
1.2111039
1.2160667
1.2140343
1.1832518
1.0601709
1.1751141
1.1977027
1.1950787
1.1196874
1.1147266
1.1826131
1.0515611
1.1749042
1.198471
1.1965537
1.1151512
1.1144803
1.1783118
1.182049
1.215221
1.2171188
1.2166038
1.216725
1.2150851
1.214945
1.1991164
1.1966578
1.2158409
1.206657
1.208572
1.2126771
1.1748533
1.2032964
1.1956671
1.2155492
1.2073913
1.2104331
1.2128328
1.1771163
1.2074009
1.1763832
1.2108719
1.1885708
1.2110879
1.2070515
1.1796124
1.2127234
1.2116161
1.212802
1.2116161
1.2113951
1.2128871
1.2127557
1.1982629
1.155181
1.1795144
1.2013715
1.203825
1.1946684
1.1630631
1.2139879
1.2154034
1.2152559
1.2139839
1.2153399
1.2140678
1.2140808
1.2127546
1.2131408
1.2116505
1.2115652
1.2114169
1.2128811
1.2129743
1.2061374
1.1764099
1.1870938
1.2095635
1.2098287
1.1789096
1.2054543
1.1983735
1.1547593
1.1796152
1.2018141
1.2038455
1.1617747
1.1952246
1.2108617
1.2087941
1.210801
1.2097695
1.2110871
1.2104443
1.2092602
1.2116566
1.2104887
1.2075049
1.2129808
1.2148747
1.2145495
1.213699
1.2124441
1.2141375
1.2137895
1.2123682
1.2141216
1.2126725
1.212091
1.2112452
1.2115505
1.2101041
1.2101045
1.2115078
1.2113832
1.2097666
1.2057329
1.1766615
1.1885685
1.2096146
1.2101572
1.1792284
1.2054902
1.1979917
1.157056
1.1821798
1.2007124
1.2033992
1.1946571
1.1638748
1.2101726
1.2085701
1.2105288
1.2091543
1.2087076
1.2101876
1.2103924
1.2110663
1.2107058
1.207202
1.2124141
1.2144795
1.2138459
1.2134357
1.2116713
1.2132741
1.2134954
1.2120431
1.2132901
1.2118176
1.2118309
1.2103727
1.2105094
1.2096082
1.2092263
1.2091427
1.2107171
1.2103742
1.2140866
1.2144452
1.2138225
1.212915
1.2146345
1.2132099
1.2138234
1.2045617
1.1628922
1.2109185
1.186849
1.2107376
1.2045256
1.1644218
1.2048394
1.1112928
1.2104314
1.1584577
1.2105321
1.2026003
1.1204033
1.2143646
1.2136998
1.2140834
1.2151976
1.2149438
1.2135148
1.2145315
1.2135058
1.2118082
1.212139
1.2123852
1.2125352
1.2127039
1.2131635
1.2082052
1.2076435
1.2046308
1.2121995
1.2122343
1.2127688
1.2122409
1.2130887
1.2141671
1.2130501
1.2125459
1.2122045
1.2138866
1.2134642
1.1973634
1.149322
1.2039985
1.1761366
1.2041859
1.1499757
1.196555
1.2018288
1.1100147
1.2097199
1.1531606
1.2095192
1.1158312
1.2011653
1.2126587
1.2113399
1.2127185
1.2131993
1.2117474
1.2135856
1.2121022
1.2122369
1.2103425
1.2116227
1.2119075
1.2111174
1.2127406
1.2112959
1.193117
1.1507768
1.2016046
1.1756079
1.2003193
1.1941445
1.1496003
1.2058215
1.2073352
1.2074691
1.2052893
1.2077529
1.2056943
1.2054814
1.1881257
1.0995944
1.1390491
1.1947021
1.1958475
1.1039799
1.1878
1.2063009
1.2069272
1.2089033
1.2080762
1.2082616
1.2068943
1.2062621
1.2040685
1.2018713
1.2033636
1.2020033
1.2036953
1.2021562
1.2038363
1.02514
1.1366963
1.1883089
1.182996
1.0866853
1.156884
1.0777782
1.0079367
1.1107927
1.1589727
1.1468182
1.0696063
1.1238175
1.0513642
1.1131788
1.1998909
1.2014946
1.1943018
1.2032773
1.18504
1.1923536
1.1741858
1.1723401
1.19839
1.2048916
1.2048327
1.1904458
1.1367236
1.0954639
1.0704773
1.1399016
1.0834477
1.1173916
1.1305758
1.0357925
1.0181053
1.1132083
1.0736087
0.94672096
1.1203695
0.96438092
1.005036
1.0688539
1.2000108
1.1974237
1.1869069
1.191662
1.1593746
1.1760933
1.1341211
1.1404348
1.1665569
1.1895763
1.1793091
1.1620365
1.1005007
1.0647018
1.0541129
1.1215546
1.0580177
1.0947543
1.0995832
1.0137745
0.92383605
1.0166313
1.0356911
1.0200365
0.97264962
0.96314335
0.98467383
1.0918988
1.1735613
0.99625706
1.1390238
1.1760299
1.0126398
1.0782714
1.0883177
1.1752334
0.99489935
1.1455586
1.176415
1.0718982
1.0132328
1.1696695
1.2110145
1.2111901
1.2111114
1.2110383
1.2111949
1.2055375
1.1788093
1.1666643
1.1947536
1.2092603
1.2053174
1.1924563
1.1395071
1.179954
1.1633865
1.187952
1.2055461
1.2013172
1.1911132
1.1376413
1.0179015
1.119341
1.1732805
1.1704923
1.0715579
1.0666131
1.1454044
1.1115064
1.209359
1.2130496
1.2095329
1.2034103
1.2106466
1.1923073
1.1618219
1.1579422
1.1908529
1.2093934
1.2049053
1.1855947
1.1181342
1.1116135
1.0903866
1.1688617
1.1132775
1.1547207
1.1377108
1.0514775
0.93856443
1.0424136
1.0655505
1.0646257
0.98880977
0.98686374
1.0192168
1.1017913
1.2071343
1.2078407
1.2061848
1.1875467
1.2065764
1.1976034
1.1606736
1.1579987
1.1881216
1.202192
1.1820152
1.198477
1.1224108
1.1080711
1.0936553
1.1673118
1.1116442
1.1367779
1.1515801
1.0508094
1.1967526
1.1542776
1.2058018
1.1766824
1.2041503
1.1980747
1.1554291
1.210722
1.2110913
1.2110082
1.2095595
1.2102054
1.2117709
1.2096812
1.192529
1.1013819
1.1405854
1.199956
1.1986947
1.1918992
1.1064388
1.2110824
1.2096398
1.2124565
1.2111346
1.2111628
1.212309
1.2097296
1.2092591
1.2066389
1.2081149
1.2076257
1.2091676
1.2081856
1.2077284
1.2051931
1.2070733
1.2064018
1.2049698
1.2047269
1.206929
1.205301
1.1967517
1.1573489
1.2039127
1.1759986
1.2025349
1.157311
1.1986065
1.1872978
1.0974736
1.1933476
1.1412935
1.1933773
1.1058422
1.1872909
1.2050384
1.2044251
1.2061853
1.2065939
1.2045464
1.2067891
1.2049629
1.203552
1.2013105
1.203121
1.2019317
1.2029597
1.203716
1.2018825
1.1991094
1.1973841
1.1934297
1.2025115
1.203454
1.20377
1.2026901
1.0963063
1.1767885
0.99624194
1.1453253
1.1791322
1.0821489
1.0139106
1.1740833
1.2057078
1.2050646
1.2054072
1.206017
1.2057282
1.2024652
1.1838556
1.1714992
1.1897218
1.2024876
1.1997771
1.1922883
1.1470632
1.1810173
1.1713589
1.1926528
1.2030804
1.2007918
1.1914105
1.1467638
1.0137325
1.1259398
1.171545
1.1612516
1.0785536
1.0608162
1.1353122
1.0304469
1.1156343
0.94805367
1.0829262
1.1326053
0.9741136
1.0070879
1.1098554
1.1989702
1.2006149
1.2002661
1.1967753
1.2000643
1.1907377
1.1664961
1.1653773
1.1890009
1.2009004
1.197347
1.186602
1.1276926
1.1212477
1.1013125
1.1242163
1.1704193
1.1610011
1.1432238
1.0634512
0.94672645
1.052308
1.0811398
1.0852084
0.998201
0.99957516
1.0386003
1.0960927
1.2029242
1.2029235
1.2007954
1.1852932
1.2004839
1.1937511
1.1555049
1.1596959
1.1821356
1.2001172
1.1818426
1.1939786
1.1166938
1.1226922
1.1006436
1.1295765
1.1744998
1.1460887
1.1619671
1.0663765
1.0134996
1.1181404
1.1660677
1.1569475
1.1319376
1.0731463
1.0585643
1.0187557
1.1227874
1.1741745
1.1684455
1.1425036
1.0750422
1.0664547
1.1682578
1.2088659
1.2075139
1.2074213
1.199574
1.2068844
1.2070907
1.175472
1.163472
1.1881801
1.2018775
1.1864055
1.1982168
1.1395009
1.1762763
1.1620707
1.1878307
1.2003903
1.1860226
1.1969495
1.1382069
0.93628884
1.0361961
1.0595614
1.0561865
1.0150543
0.98500921
0.98326715
1.0875612
1.2066653
1.2058238
1.2007738
1.1797013
1.2020109
1.1914312
1.1497653
1.1520879
1.1783106
1.1991279
1.1756465
1.1913727
1.1122268
1.1027019
1.0838742
1.1046301
1.1582591
1.1287641
1.1427285
1.0464277
1.0159166
1.1131655
0.94576318
1.0701552
1.1187378
1.0037365
0.96328668
1.107169
1.2033945
1.204041
1.1992417
1.1816311
1.2045915
1.1969165
1.1622028
1.159125
1.1873079
1.2003454
1.1815637
1.1975214
1.1234124
1.0973559
1.0817945
1.0985565
1.1526463
1.123644
1.1374593
1.0420369
1.1927446
1.1507759
1.200465
1.1756682
1.199954
1.1932699
1.1506212
1.2066559
1.2074481
1.208441
1.2069384
1.2063518
1.2078968
1.2071654
1.1883181
1.1002173
1.1393422
1.1956139
1.1962542
1.1867645
1.1050839
1.2070998
1.2077835
1.2088642
1.2088055
1.2075106
1.2084583
1.2075303
1.205622
1.2044812
1.2056541
1.2047397
1.2055974
1.2057563
1.2046058
0.97804728
0.92842071
0.98371899
1.0291586
1.0343351
0.93570518
0.97231168
0.98650698
0.94244035
0.97996425
1.0498625
1.0381944
0.93730705
0.99649164
0.93230141
0.85754094
0.89748872
0.94556553
0.95715522
0.89248535
0.92411891
0.97932793
1.0671016
1.068788
0.97598889
1.0631871
0.98603046
0.97452744
1.0123492
1.1447669
1.1197731
1.0489318
1.1038188
1.0396284
1.026601
0.98554316
0.92766421
0.98430386
1.027509
1.0391025
0.9388422
0.97122517
0.99461121
0.93206935
0.98912505
1.0275221
1.0436128
0.97873563
0.94555602
0.97385791
0.87099689
0.91509081
0.96862107
0.93742805
0.90880034
1.0083341
1.1218599
1.1196307
1.0801726
1.1241727
1.170104
1.1543952
1.1530307
1.0455144
1.151768
1.0864272
1.0019057
1.1229607
0.99473583
1.073597
1.0544384
1.1609098
1.1030385
1.0465513
1.0211111
1.1294632
1.0826968
1.024665
0.951288
1.0141595
1.0597188
1.0757588
0.96618542
1.0072639
0.9928869
0.93234414
0.98449775
1.0281683
1.0401269
0.97939842
0.94343873
1.0103429
0.88837797
0.9754656
0.98355715
0.95128934
0.950116
1.0497189
1.0969283
1.189639
1.1392382
1.0773294
1.1642226
1.0511408
1.1300465
1.079849
1.1791259
1.1123276
1.0605509
1.0301356
1.145166
1.1129491
1.2253288
1.223133
1.2236211
1.2254559
1.2232694
1.2252073
1.2250595
1.2255998
1.2235554
1.2237585
1.2255533
1.2234117
1.2253278
1.2254273
1.2256162
1.2236581
1.2238756
1.2256181
1.2236588
1.2255091
1.2254983
1.225024
1.2229712
1.2237142
1.2254905
1.2234708
1.2253395
1.2248632
1.2254744
1.2234498
1.2241593
1.2257655
1.2237873
1.2255018
1.2252577
1.226414
1.2246137
1.2242101
1.2260827
1.2241527
1.2257536
1.2260407
1.2242799
1.2214169
1.222327
1.2242273
1.2214358
1.223721
1.2235017
1.2246459
1.2221479
1.2223557
1.2242646
1.2216822
1.224228
1.2249925
1.2264578
1.2237955
1.2233754
1.2261006
1.2229725
1.2259293
1.22617
1.2246441
1.2224026
1.2207943
1.2254661
1.2219071
1.2253231
1.224436
1.2253333
1.2232692
1.223732
1.2259025
1.2239262
1.2260784
1.2257222
1.2251186
1.2239877
1.2230047
1.2258793
1.2238772
1.2257841
1.2248679
1.2244139
1.2225842
1.2209559
1.2249109
1.2219963
1.2243164
1.2236147
1.2249755
1.2228518
1.2223087
1.2251291
1.2224099
1.2247137
1.2247229
1.2246142
1.2222836
1.2219187
1.2243673
1.2215149
1.2239491
1.224396
1.2241757
1.2222077
1.2207787
1.2242822
1.221156
1.2235436
1.2231698
1.2208566
1.2212603
1.2196673
1.2188265
1.2194168
1.2187357
1.2207785
1.2181116
1.2155428
1.2153194
1.217218
1.2176577
1.216984
1.2150085
1.2203171
1.2195325
1.2180659
1.2178616
1.2172766
1.2172247
1.2196136
1.2157045
1.2127
1.2124172
1.2153887
1.2149675
1.214895
1.2121906
1.2231156
1.2218372
1.2223544
1.2222932
1.2226315
1.2230458
1.2217907
1.2237161
1.2227139
1.2235051
1.2226711
1.2231767
1.2233218
1.2224326
1.2203555
1.2207259
1.2210634
1.2215484
1.2209399
1.2210163
1.2213696
1.2124602
1.2150556
1.2096206
1.2128553
1.2150416
1.2167745
1.2166293
1.2174513
1.2190871
1.2174584
1.2186823
1.2170024
1.2186181
1.2191382
1.2164021
1.217094
1.2148801
1.2135776
1.2144972
1.2134499
1.2159778
1.2121555
1.208305
1.2094045
1.2110136
1.2120634
1.2111397
1.2086195
1.2124298
1.2102237
1.2143105
1.2139121
1.2151337
1.2174325
1.2163951
1.2152794
1.2177394
1.2152906
1.2176535
1.2151231
1.2168807
1.2168859
1.215163
1.2133985
1.2121683
1.2155433
1.2139135
1.2144366
1.2127241
1.2134992
1.212432
1.2091111
1.2104471
1.2088029
1.2098394
1.2129253
1.2044913
1.2017377
1.2000902
1.2065211
1.2046966
1.2062585
1.2017739
1.2098777
1.2095938
1.2074836
1.2066753
1.2063935
1.2060752
1.2094306
1.2048919
1.2020122
1.2015176
1.2040844
1.2037303
1.2034415
1.2012692
1.2128481
1.2133929
1.2056475
1.2117898
1.2125571
1.2116527
1.2132532
1.209176
1.2083198
1.2105886
1.2111501
1.2110628
1.2100417
1.208395
1.1896792
1.1902691
1.2051875
1.2046069
1.1907788
1.1889964
1.2045051
1.1915066
1.2058908
1.2055924
1.1951528
1.1924225
1.2048749
1.1940576
1.1900868
1.2051986
1.2047981
1.1914958
1.1894232
1.2044858
1.191436
1.1479548
1.165507
1.0319111
1.0127586
0.98860292
1.1589055
1.1552483
1.205576
1.206734
1.2036911
1.2027583
1.2037818
1.2031202
1.2060114
1.2007243
1.1967084
1.1973784
1.1997891
1.2006972
1.2000582
1.1968623
1.2084076
1.2088953
1.2038262
1.2077771
1.2076227
1.2075827
1.2089274
1.2049768
1.2050612
1.2054238
1.2067623
1.2063513
1.2062895
1.2048928
1.1907628
1.205492
1.1971838
1.2043638
1.1954094
1.2034367
1.1926628
1.1873581
1.1883935
1.2025657
1.2016458
1.188554
1.1870923
1.2019494
1.1895059
1.2050557
1.1939239
1.203453
1.1901795
1.1938617
1.2031447
1.188027
1.2026915
1.2014267
1.1895515
1.1873847
1.201967
1.1902082
1.2054725
1.2027128
1.2031766
1.205561
1.205773
1.2059929
1.2032682
1.1968916
1.1945436
1.1900833
1.1966085
1.1912786
1.191878
1.1922905
1.1975038
1.1951941
1.1932528
1.1967876
1.1928526
1.192428
1.1929539
1.1989075
1.1983311
1.1932242
1.2004873
1.1933262
1.1943892
1.1934477
1.2006528
1.1999934
1.1947777
1.2011904
1.1939625
1.1954009
1.1959495
1.1939387
1.1925342
1.1893372
1.1923476
1.1891228
1.1884882
1.1898251
1.1930104
1.1920438
1.1913124
1.1918244
1.1900871
1.1883117
1.1889758
1.0934256
1.0438762
1.0815421
1.1004942
1.0899283
1.1369933
1.1325976
1.1992053
1.2051244
1.1492958
1.1975982
1.1847608
1.203306
1.2047043
1.2001214
1.1979566
1.1944167
1.1982338
1.194057
1.1946469
1.1946871
1.1926014
1.1950179
1.192174
1.1931385
1.192606
1.1906079
1.1898871
1.1951143
1.1937681
1.1927105
1.1935175
1.1927306
1.1910754
1.1913468
1.1102225
1.0721386
1.1082367
1.1181293
1.1181886
1.1517061
1.1497867
1.1990534
1.1626011
1.1990635
1.1965473
1.1923848
1.1995809
1.1994895
0.87371221
0.84985972
0.87379792
0.88385408
0.85950642
0.86503039
0.89527928
0.87924111
0.924504
0.85783479
0.85957563
0.84510146
0.89766032
0.90168098
0.88805908
0.93845544
0.90131851
0.89412396
0.87560139
0.911868
0.91140034
0.89545812
0.95738409
0.91583724
0.90940751
0.88589862
0.92658991
0.92105831
1.1988162
1.1999213
1.1971269
1.1990671
1.1956051
1.1971993
1.1980663
1.1997746
1.2004926
1.2000186
1.1987273
1.1989222
1.1975798
1.1987857
1.2005866
1.2007002
1.1977667
1.2007767
1.1982343
1.1985393
1.1983467
1.2227541
1.2254954
1.2200187
1.226292
1.2230857
1.2266211
1.2257559
1.2256579
1.2244666
1.2251899
1.2258276
1.2245663
1.2253536
1.225252
1.2236053
1.2251632
1.2206842
1.225382
1.2238087
1.225846
1.2256894
1.2258837
1.2250095
1.226252
1.2262336
1.2253409
1.2259392
1.2256507
1.2002906
1.2130608
1.073237
1.0733598
1.0331422
1.2083559
1.208359
1.222756
1.2250009
1.2193498
1.22282
1.2249711
1.2252928
1.2252385
1.2252444
1.22411
1.2251592
1.2242765
1.2255784
1.2251088
1.2249252
1.2212732
1.2197351
1.2268636
1.2266347
1.2202355
1.2206403
1.2274964
1.2228183
1.2283171
1.2271288
1.2231281
1.2219784
1.2280565
1.2238278
1.2215284
1.2246006
1.2190166
1.2254796
1.2220993
1.2258442
1.2248001
1.2251325
1.2239925
1.2245201
1.2252636
1.2240285
1.2246842
1.2246853
1.2235657
1.2254351
1.2209579
1.2237861
1.2260697
1.2268234
1.2260327
1.2249742
1.2243908
1.2237046
1.2241584
1.2253226
1.2251777
1.2248376
1.2203787
1.2192892
1.2257191
1.2256963
1.2198455
1.2197735
1.2257123
1.2213826
1.2262448
1.2257862
1.2219813
1.2208304
1.2258826
1.2223496
1.1992431
1.2108684
1.0750291
1.0740209
1.0340233
1.2066125
1.2060839
1.2218179
1.2239034
1.2183421
1.223819
1.2218139
1.2241437
1.2242569
1.2246886
1.2241526
1.2232364
1.2246785
1.2232543
1.2243409
1.2243808
1.2222965
1.2231962
1.2263392
1.2261521
1.2261532
1.2229689
1.2226646
1.2206508
1.219466
1.2262023
1.2258144
1.2203076
1.2198855
1.2260117
1.221831
1.2264569
1.2265406
1.2229645
1.2216463
1.2262499
1.2228521
1.2215274
1.2259902
1.2257844
1.2222001
1.2209421
1.2259342
1.2224796
1.221303
1.2238534
1.2176689
1.2235701
1.2212212
1.2240513
1.2237925
1.224621
1.2237642
1.2233526
1.224468
1.2230136
1.2241972
1.2244734
1.2219538
1.2244819
1.2192309
1.2253481
1.2224228
1.2258124
1.2248336
1.2248934
1.2242745
1.2239354
1.2250318
1.2240196
1.2247251
1.2247234
1.2207928
1.2190423
1.2203562
1.2190802
1.2205726
1.2201588
1.2201665
1.2191818
1.2205667
1.2196169
1.2191394
1.2205559
1.2201311
1.2200853
1.2120423
1.2071339
1.2154752
1.2169248
1.2134099
1.2181383
1.217116
1.218498
1.2192213
1.2183627
1.2178328
1.218651
1.2178811
1.2185338
1.2159679
1.2182251
1.2130455
1.2159974
1.2179087
1.21933
1.2196745
1.218806
1.2203725
1.2186231
1.2205265
1.2189511
1.220087
1.2200271
1.2069287
1.2158554
1.2109587
1.2148976
1.2100518
1.2148952
1.2080944
1.202044
1.1994572
1.2161117
1.2141461
1.2016415
1.1994366
1.2150075
1.2052899
1.2162087
1.2077943
1.2155182
1.2045617
1.2089342
1.2152537
1.2038793
1.2141793
1.2133949
1.2034365
1.2012979
1.2141809
1.2056213
1.2040437
1.1967173
1.2100648
1.2113322
1.2060831
1.2135075
1.2126933
1.2176117
1.2178818
1.2147309
1.2165396
1.2165399
1.2161419
1.2173371
1.2145537
1.2139738
1.2166719
1.2167388
1.2146481
1.2180392
1.2177075
1.2192187
1.2212181
1.2196977
1.2185363
1.220814
1.2203713
1.220873
1.2045258
1.1988013
1.2084055
1.2101417
1.2068201
1.212852
1.211278
1.2181267
1.2193282
1.2158805
1.2162529
1.2177943
1.2170052
1.2186945
1.2228571
1.2215627
1.222366
1.2217647
1.2224274
1.2226226
1.2213129
1.2225471
1.2209902
1.2217318
1.2216154
1.2218696
1.2208875
1.2224301
1.2190837
1.2189479
1.2194163
1.2204466
1.2195186
1.2197812
1.2199825
1.2129797
1.211543
1.2152404
1.2146026
1.2156888
1.2172412
1.2168243
1.2175379
1.2193053
1.2182585
1.2192108
1.2173359
1.2182754
1.2184503
1.2077848
1.2024997
1.211639
1.2099683
1.2130883
1.2145229
1.2136792
1.2168197
1.217825
1.2164039
1.2164932
1.2161209
1.2157889
1.216729
1.2043467
1.2104423
1.2134377
1.2130869
1.207728
1.2076512
1.211855
1.198226
1.1932264
1.208281
1.2075626
1.196696
1.1946585
1.2090697
1.2021854
1.212471
1.2049567
1.2100504
1.2007477
1.2062158
1.2107907
1.2008336
1.2115722
1.2012073
1.2088324
1.1973223
1.2041161
1.2102127
1.2191275
1.2166371
1.2145748
1.218481
1.2161603
1.2179261
1.2184896
1.2153122
1.2176471
1.2171894
1.2180793
1.2157158
1.2174203
1.2169836
1.2067374
1.2118546
1.2105486
1.2112292
1.2094035
1.2108407
1.2084532
1.2019465
1.1954797
1.2091102
1.2077337
1.1995368
1.1979505
1.2093079
1.2054387
1.2118047
1.206966
1.2103796
1.2034127
1.208185
1.2104546
1.2035171
1.2108014
1.2086331
1.2027737
1.1999822
1.2101248
1.205342
1.2054693
1.2010036
1.2080576
1.2094773
1.2070522
1.2091242
1.2100175
1.213402
1.21398
1.2127187
1.2118436
1.2122276
1.2115902
1.2131491
1.2215302
1.2194345
1.2200662
1.2197479
1.2206441
1.2211773
1.2190925
1.221524
1.2197575
1.2205351
1.2198793
1.2209746
1.2195205
1.2212512
1.2157597
1.2160938
1.2164424
1.2179665
1.2170586
1.2176495
1.217307
1.2223906
1.2209477
1.2215955
1.2213168
1.2223709
1.2224511
1.2210766
1.2223171
1.2202908
1.221173
1.221108
1.2215196
1.2222268
1.2202612
1.2183819
1.2178055
1.2185448
1.2197772
1.2189961
1.2195871
1.2190137
1.2018122
1.2103771
1.2114141
1.2066948
1.2054141
1.2098608
1.2031678
1.1965419
1.1926714
1.2063495
1.2078806
1.1931288
1.1960088
1.2078437
1.1980952
1.208769
1.2067427
1.1975558
1.1947531
1.208187
1.2003037
1.2005956
1.2112057
1.2043137
1.2096494
1.2000538
1.2046212
1.209594
1.2013761
1.1953562
1.2061167
1.2039486
1.2079596
1.2104613
1.208948
1.2163557
1.2168569
1.2132639
1.2151696
1.2147616
1.2151125
1.216716
1.2118039
1.2085422
1.2139936
1.2122807
1.2140164
1.2158861
1.2159945
1.2162031
1.2181009
1.2167749
1.218085
1.2160409
1.2177888
1.2179206
1.2019823
1.1957629
1.2061998
1.2041462
1.2077759
1.2096855
1.2084917
1.2146423
1.2146238
1.2122965
1.2131795
1.2130533
1.212896
1.2144817
1.200546
1.2056398
1.2097708
1.2089708
1.2040261
1.2021591
1.2082352
1.1954168
1.1911271
1.2054605
1.2044609
1.1943295
1.1921734
1.205909
1.1992398
1.209194
1.2023337
1.2072309
1.1982197
1.2030805
1.2076202
1.1971304
1.2074338
1.196994
1.2052469
1.1940626
1.199455
1.2066217
1.1998292
1.2083435
1.2057431
1.2093014
1.2035285
1.2023847
1.2075539
1.1947525
1.1908428
1.2037314
1.2052295
1.1912051
1.1942169
1.2053107
1.1961709
1.2067106
1.1957815
1.2043158
1.1927493
1.1989034
1.2057817
1.1987598
1.2088836
1.2022986
1.2070538
1.1981914
1.202802
1.2071409
1.2019074
1.1962807
1.2051673
1.2042703
1.2072695
1.209719
1.2084808
1.2140519
1.2152638
1.2126685
1.2137877
1.2126772
1.2132319
1.2144289
1.2112839
1.2146047
1.2030493
1.2111009
1.2142078
1.2165113
1.2160584
1.2123156
1.2124221
1.2108293
1.2130104
1.2141948
1.2134729
1.2111816
1.1998933
1.1988219
1.2160611
1.2143477
1.200411
1.197658
1.2157487
1.2023204
1.2161466
1.21406
1.2020097
1.1993722
1.2157871
1.20475
1.2042742
1.2135355
1.1887774
1.2137493
1.2051311
1.2161895
1.2148603
1.2107578
1.2113289
1.2064708
1.211622
1.2085083
1.2084156
1.2071851
1.1987273
1.1982662
1.2128954
1.2130272
1.1984646
1.1979077
1.2123947
1.1564801
1.1771588
1.03447
1.0192202
0.99314036
1.1676088
1.1665081
1.2004792
1.2124888
1.2126186
1.2028058
1.2000735
1.2122747
1.2032916
1.2004139
1.2125679
1.2128336
1.2021877
1.1992383
1.2123227
1.2033264
1.2123886
1.2136826
1.2075889
1.2128444
1.2127003
1.2118943
1.2132186
1.2100342
1.2108766
1.211107
1.2115132
1.2123001
1.2105078
1.209078
1.2034693
1.2131122
1.1835067
1.2130994
1.2030772
1.2138182
1.213894
1.2100422
1.2124763
1.21177
1.2111707
1.2135536
1.2099103
1.2090234
1.2030441
1.2067485
1.1915052
1.2017307
1.2055609
1.2087345
1.2097537
1.2037176
1.2019261
1.2046718
1.2064674
1.2057885
1.2066767
1.2042328
1.1901216
1.191787
1.2072632
1.2040864
1.1922604
1.1898592
1.2047735
1.1477377
1.1647864
1.0274356
1.0116343
0.98652962
1.1587318
1.1549599
1.1903171
1.2027851
1.2029664
1.1915321
1.1900534
1.2031409
1.1913789
1.2017821
1.1916134
1.2011348
1.2013214
1.2027587
1.1990993
1.1992885
1.2014686
1.1958575
1.2024549
1.2014109
1.2026015
1.1989639
1.1988689
1.2054906
1.2040166
1.2018735
1.2010832
1.201807
1.2026793
1.2015639
1.2009646
1.1956137
1.1951984
1.1978077
1.1974116
1.1968045
1.2005398
1.1996263
1.19427
1.1845359
1.196308
1.1964689
1.1969561
1.199532
1.2096208
1.2092267
1.209712
1.2094511
1.2064786
1.2078618
1.2074583
1.2109482
1.2097707
1.2079135
1.2102771
1.2063378
1.2084267
1.2080889
1.2077739
1.208483
1.2071946
1.2087023
1.2052415
1.2070186
1.2074165
1.1911231
1.1906404
1.2051792
1.2065453
1.1893702
1.1920479
1.2063192
1.1923267
1.2080119
1.205595
1.1930357
1.19009
1.2069295
1.1950532
1.1943788
1.209468
1.1991927
1.2079601
1.1949553
1.1983944
1.2078099
1.1525363
1.1722057
1.0357399
1.0158968
0.98941411
1.1648317
1.1607391
1.1896201
1.1711008
1.2042297
1.1908305
1.2041923
1.2096132
1.2083533
1.2075609
1.2086391
1.2074224
1.2076479
1.207703
1.2060289
1.2058986
1.1951625
1.1987703
1.2056566
1.2047709
1.2048361
1.1983121
1.1959192
1.1926096
1.1928841
1.2058261
1.2038835
1.1945841
1.1911278
1.204381
1.1949969
1.2058214
1.206487
1.1997971
1.1967757
1.2050416
1.1979953
1.1926597
1.2039149
1.2032433
1.1927334
1.1910056
1.203929
1.1940423
1.2036584
1.2069241
1.1933443
1.205809
1.2023801
1.2074064
1.2081602
1.2027442
1.2043545
1.2038868
1.2042535
1.205036
1.2041457
1.2026865
1.2013806
1.2011807
1.2002924
1.2011559
1.201201
1.1995711
1.1994537
1.2012538
1.2011768
1.2007439
1.2012216
1.2006673
1.1996714
1.199737
1.2033817
1.2039922
1.2039674
1.2028716
1.2013865
1.2016555
1.2021466
1.2006962
1.200286
1.2009187
1.2013864
1.1987156
1.200344
1.1997991
1.2019683
1.2010113
1.200194
1.202115
1.1994942
1.2010703
1.1999817
1.2070503
1.2068884
1.2044773
1.2053566
1.204761
1.2051817
1.2054481
1.20533
1.2036634
1.1995003
1.2046427
1.2021672
1.2041531
1.2033485
1.2037365
1.2021834
1.1977118
1.2031969
1.202763
1.2043339
1.2034197
1.1999846
1.2047456
1.1890588
1.2039837
1.1989801
1.2071088
1.2078085
1.2071907
1.2042457
1.2078649
1.2082814
1.2080461
1.2083426
1.2070204
1.1920422
1.204681
1.1741938
1.2050239
1.1945864
1.2070198
1.2073964
1.2060828
1.2029265
1.2066301
1.2064855
1.207955
1.204733
1.2043649
1.1921063
1.2029659
1.2041496
1.1958091
1.1950835
1.2029742
1.1932176
1.1891454
1.1889184
1.2019513
1.2033009
1.1878191
1.1900221
1.2025231
1.1897338
1.2022108
1.20159
1.1902475
1.1881586
1.202122
1.1916337
1.1913898
1.2044741
1.1953638
1.2041284
1.1920208
1.1948573
1.2033862
1.1868533
1.1675698
1.2003166
1.187805
1.2008129
1.2040589
1.2038246
1.2036259
1.2026315
1.2032064
1.2043936
1.2036306
1.2024356
1.2022152
1.2000256
1.2038218
1.1878983
1.2032366
1.199151
1.2073756
1.2076489
1.2074836
1.2064567
1.2077499
1.2081928
1.2079296
1.2087711
1.2078374
1.2061045
1.1888696
1.2047924
1.2054279
1.2055402
1.2047403
1.2042623
1.2062162
1.2065639
1.2052895
1.205945
1.2053464
1.2050674
1.2052398
1.0960357
1.0456341
1.0830178
1.1015808
1.0853917
1.1325256
1.1346141
1.1495075
1.1793987
1.1172058
1.1756328
1.1360302
1.17639
1.1800812
1.0995328
1.0359121
1.0992918
1.091704
1.088826
1.1348284
1.1412093
1.1539435
1.174356
1.0856217
1.1617683
1.1377912
1.1911269
1.1940631
0.87503993
0.91087878
0.90810593
0.92439139
0.8916867
0.90083065
0.89036855
0.84912188
0.83521161
0.84151788
0.84994408
0.83808808
0.8435842
0.85818614
0.86072371
0.89806214
0.87714241
0.85935007
0.85326151
0.88227088
0.87060297
0.86925908
0.92296349
0.89803629
0.87815639
0.86644352
0.89671783
0.8830568
0.85537545
0.84014207
0.86692882
0.84393478
0.85352837
0.84039299
0.86871802
0.87831966
0.93789127
0.89910819
0.89077446
0.87360161
0.90825801
0.89702987
0.86709251
0.9136487
0.85224109
0.85427389
0.84017013
0.88575812
0.89029451
0.86844285
0.91942236
0.87902439
0.86032858
0.85480464
0.8937889
0.88463075
1.0825491
1.0448847
1.0760888
1.0946926
1.0885689
1.1293859
1.1242185
1.1994899
1.2046157
1.1426408
1.1916671
1.1815225
1.2041869
1.2063762
0.86593034
0.84493615
0.87628198
0.86069866
0.85989003
0.85022238
0.88514659
0.88768777
0.94606996
0.90379955
0.89906758
0.87912032
0.91493081
0.91074933
0.87970869
0.93871727
0.86009509
0.86036445
0.84452966
0.9063766
0.90423236
0.88721149
0.95965103
0.90536538
0.88678013
0.87198453
0.92251502
0.91063951
1.0821099
1.0388173
1.0768291
1.0907844
1.0862366
1.1233304
1.1286298
1.2005675
1.1528303
1.2003989
1.1917054
1.1894113
1.2027017
1.2014946
1.0809748
1.0344652
1.0735325
1.0796484
1.0879182
1.1242975
1.1212226
1.1916834
1.1300718
1.1968867
1.1698706
1.1830742
1.2007868
1.2037953
1.0822575
1.052758
1.0793405
1.1013593
1.1005704
1.1372844
1.1243403
1.1872477
1.135435
1.193098
1.1705058
1.1869895
1.198269
1.200658
1.1949437
1.219578
1.2229684
1.2153355
1.2159121
1.2201114
1.1875542
1.154295
1.1907978
1.2166603
1.0873099
1.2141933
1.1759788
1.0634051
1.2042999
1.2195175
1.223203
1.2217505
1.2176537
1.2208358
1.2118485
1.1866203
1.2135897
1.2198438
1.2133627
1.2137239
1.2139276
1.1814223
1.1599706
1.1826372
1.2107957
1.073618
1.2057833
1.1765561
1.0543466
1.1908845
1.2153773
1.2200055
1.2167575
1.2140064
1.2152406
1.1994815
1.1939559
1.2091822
1.1712855
1.0242638
1.077145
1.2157265
1.1651917
1.2081842
1.2164927
1.2193253
1.1234311
1.2213131
1.1947581
1.1663201
1.2185404
1.2210509
1.2235794
1.2224793
1.2230397
1.2219212
1.216009
1.210089
1.1989511
1.1849162
1.2211457
1.2172583
1.1264041
1.2191425
1.1855226
1.2010676
1.1691386
1.0382212
1.0709366
1.2089876
1.1643094
1.1974474
1.205507
1.2130667
1.1128534
1.2150521
1.1865488
1.1624526
1.2122837
1.2170484
1.2207016
1.2181087
1.2190384
1.2186341
1.2073618
1.1992894
1.1972291
1.178802
1.2183156
1.2101675
1.1211851
1.215018
1.195312
1.2213757
1.2234345
1.2174469
1.2189095
1.221282
1.1871868
1.1556964
1.1910718
1.2189837
1.0898571
1.2155614
1.1745561
1.0644232
1.2064082
1.2210108
1.223307
1.2223887
1.2200866
1.2217234
1.2129498
1.1833906
1.2160029
1.2150092
1.2194046
1.2155483
1.215855
1.1793375
1.1611145
1.1843542
1.2145986
1.0694766
1.2130228
1.1713283
1.0536002
1.1895389
1.2171619
1.219249
1.2177911
1.2164279
1.2164664
1.2031207
1.1946862
1.2127482
1.0278187
1.1747692
1.0795675
1.1687794
1.2181292
1.2102719
1.2188805
1.2208881
1.1248724
1.2221449
1.1948947
1.1696077
1.2203571
1.2217445
1.2229566
1.2237743
1.2234505
1.2177161
1.2222819
1.2105978
1.1984675
1.1885754
1.2205864
1.216705
1.1281116
1.2200321
1.1837509
1.2018603
1.1744418
1.0351893
1.0691689
1.2144709
1.1636439
1.1992976
1.2116877
1.2159348
1.1099631
1.217232
1.1841451
1.1634175
1.2155653
1.2180732
1.2197409
1.218239
1.2187087
1.2188622
1.2118463
1.1988798
1.1979259
1.1859204
1.2188408
1.2142649
1.1212966
1.2178856
1.1742432
1.2060039
1.2006239
1.2126631
1.2001205
1.2055832
1.1717003
1.1233048
1.1676726
1.196238
1.0523911
1.1923572
1.1420012
1.034877
1.1783464
1.2021107
1.2120165
1.2068187
1.2008221
1.2059861
1.1850108
1.1619066
1.1987725
1.1947257
1.2070085
1.1936773
1.1982329
1.1598292
1.1123313
1.1510552
1.1833799
1.0464895
1.1806958
1.1285233
1.0290625
1.1661252
1.1955392
1.2063303
1.1986431
1.1940098
1.198352
1.1729223
1.1565236
1.1820916
1.0098552
1.1350142
1.0443633
1.1317907
1.1896351
1.1756638
1.1931156
1.1999342
1.0844582
1.203188
1.160161
1.1218051
1.1960931
1.2038588
1.2075675
1.2101662
1.2082228
1.1915546
1.2050108
1.1748126
1.1628466
1.1350473
1.1967939
1.1867534
1.0863469
1.19402
1.1403691
1.173616
1.0077274
1.1285202
1.0347285
1.1177711
1.1818286
1.1593057
1.1773755
1.1877411
1.0754573
1.1914094
1.1442449
1.1085574
1.185572
1.1975098
1.1994293
1.2047226
1.2001988
1.1800285
1.1990223
1.1618134
1.1547502
1.1230686
1.1926292
1.1766703
1.0761649
1.1881867
1.1817061
1.1189737
1.1699524
1.0641664
1.1704241
1.1819312
1.1194744
1.1928179
1.1772113
1.1618051
1.2006336
1.1995817
1.1947417
1.1548992
1.1842092
1.1786645
1.0837315
1.1373996
1.1744017
1.1873422
1.1270963
1.1778667
1.0650187
1.1619238
1.0261877
1.1636886
1.1769164
1.07002
1.1929644
1.1496802
1.1355472
1.201359
1.2013048
1.1940528
1.1172819
1.1809837
1.1747195
1.0447609
1.1098471
1.1684156
1.1841064
1.0846214
1.192853
1.1771384
1.1649812
1.2016604
1.1997249
1.195309
1.1576856
1.1838134
1.1804644
1.0832805
1.1399102
1.1752668
1.1871897
1.1297543
1.1746583
1.0610584
1.0228511
1.1592972
1.1607736
1.0648845
1.1729896
1.1904573
1.1506972
1.1471977
1.1987987
1.1969273
1.193047
1.1191826
1.1807021
1.1782302
1.0455368
1.1205341
1.1684415
1.1862124
1.086478
0.94531567
0.89394786
0.86599621
0.89836834
0.90771053
0.90089468
0.93655647
0.99605582
0.99605873
0.97420517
1.0600826
1.0416596
1.0228994
0.94881374
0.95951697
0.95532175
0.87969218
0.93984742
0.92442838
0.99001102
0.91436839
0.96960013
0.90014611
0.87463263
0.90927081
0.92508658
0.91607683
0.94808225
1.0248855
1.0221649
0.98528573
1.0860049
1.0780027
1.0362257
0.97079541
0.97992492
0.95566946
0.88554259
0.9437206
0.93489249
0.99505658
0.9283329
1.2170276
1.1510655
1.2092045
1.1013267
1.2113815
1.2158981
1.1589079
1.2225253
1.2146968
1.2253725
1.211023
1.2250057
1.2236757
1.2031016
1.2188206
1.2170596
1.1236186
1.1927949
1.2139742
1.2209411
1.1744987
1.2168968
1.151403
1.2088651
1.1009308
1.2109008
1.2157062
1.1593118
1.2226268
1.2163396
1.2259512
1.210853
1.2251883
1.2238966
1.2032052
1.2188778
1.2171087
1.1243671
1.191539
1.214015
1.2209902
1.1744419
1.2225146
1.215054
1.2255657
1.2098212
1.2248646
1.223756
1.2029439
1.2186027
1.2165267
1.1233296
1.1917093
1.213253
1.2207947
1.1743581
1.2217018
1.2131433
1.2243648
1.2098095
1.2240285
1.2228831
1.202153
1.2178028
1.2160222
1.1217011
1.1922283
1.2120511
1.2202816
1.1744326
1.2217117
1.2149941
1.2241878
1.2105986
1.2240427
1.2226273
1.2028927
1.217795
1.2156111
1.1236741
1.1929222
1.2124666
1.2198135
1.1747587
1.2212862
1.2138123
1.2243573
1.2088503
1.2236417
1.2225537
1.2023919
1.2172448
1.215246
1.1243695
1.1921768
1.2114436
1.2196412
1.1761053
1.2209372
1.2128212
1.2076556
1.2238899
1.2232447
1.2012676
1.2220984
1.2168388
1.2144574
1.1229606
1.1913885
1.2106769
1.1755052
1.219129
1.2240019
1.2265857
1.2237053
1.2269976
1.2232918
1.2242554
1.2263906
1.2210405
1.2133608
1.2094199
1.2238136
1.2236264
1.2020694
1.2220513
1.2169085
1.2146365
1.1223867
1.1923599
1.2108809
1.1748102
1.2191851
1.2239997
1.2262735
1.2229105
1.2260896
1.2233699
1.2237367
1.2263059
1.2106884
1.153881
1.1902095
1.0642338
1.1931986
1.2099402
1.1623371
1.2123617
1.2030213
1.2177483
1.1929203
1.2167733
1.2141385
1.1834168
1.2100893
1.2085785
1.096683
1.1819156
1.2006298
1.2108728
1.1684288
1.2109017
1.1990269
1.2170938
1.193568
1.215616
1.2136318
1.1810517
1.2060141
1.2064694
1.0972304
1.1759918
1.1975798
1.2093341
1.1619893
1.2098552
1.1520777
1.1896397
1.063156
1.1915558
1.209154
1.1625822
1.211744
1.1962451
1.2156615
1.1853184
1.2148363
1.2126614
1.1808116
1.208822
1.202126
1.0960703
1.1765347
1.1962031
1.2091859
1.1696487
1.2046497
1.185905
1.2120826
1.1817682
1.2097331
1.208719
1.1718568
1.1969972
1.1978382
1.0908724
1.1707256
1.1866733
1.2040929
1.1527809
1.2101116
1.1967251
1.2157009
1.1858328
1.214133
1.2112843
1.1793881
1.2095166
1.2035366
1.0920511
1.1747723
1.1977165
1.208435
1.165089
1.204739
1.1890502
1.2115976
1.1846559
1.2091847
1.208363
1.1746485
1.1983354
1.1998346
1.0882916
1.1721284
1.18902
1.204536
1.1548021
1.1972411
1.2195378
1.2158366
1.2230538
1.2200666
1.2171062
1.1888463
1.1560404
1.1902926
1.2178771
1.0881185
1.2143488
1.1757682
1.0633326
1.2073597
1.2203396
1.223241
1.222215
1.2211034
1.218651
1.2130184
1.1859625
1.2137668
1.2131421
1.2196798
1.2145294
1.2135657
1.1814412
1.168578
1.186629
1.2143087
1.07354
1.2139654
1.1769524
1.0590789
1.191705
1.2159316
1.2199606
1.2180339
1.2162508
1.2144919
1.2037848
1.1964045
1.1759323
1.2132521
1.0260039
1.0764261
1.2178708
1.1704373
1.2109492
1.2186861
1.2205547
1.1243845
1.2226868
1.1960287
1.1695832
1.2119024
1.20037
1.189648
1.2219439
1.2177832
1.1275985
1.2204035
1.2201095
1.2217618
1.2242712
1.2231728
1.2240239
1.2227192
1.2170375
1.1873054
1.17576
1.2030143
1.0356828
1.0727702
1.2142557
1.1670425
1.2022348
1.2125236
1.2153673
1.1164042
1.2176435
1.1890431
1.1689175
1.201271
1.2009138
1.1884832
1.2205168
1.215409
1.1232272
1.2182874
1.2158429
1.2182175
1.2216805
1.2194547
1.2205255
1.2201612
1.2120697
1.1949722
1.221702
1.217117
1.2241252
1.2219628
1.218427
1.1868077
1.1545103
1.1907777
1.2184426
1.0893322
1.2162655
1.1752113
1.0641677
1.2058151
1.2215172
1.2243646
1.2230699
1.2223735
1.2201078
1.2141178
1.1854956
1.2165444
1.215502
1.2205726
1.2171594
1.2165212
1.1797083
1.156857
1.1798365
1.2142605
1.0721701
1.2084578
1.1736908
1.0506005
1.1908447
1.2185931
1.2209212
1.2176378
1.2170378
1.2179526
1.2012129
1.1949639
1.1733958
1.2119717
1.0252417
1.0764813
1.2185685
1.1657657
1.2096573
1.2184554
1.2208886
1.1237671
1.2227008
1.1943545
1.1673235
1.2126498
1.2016829
1.1887017
1.2231389
1.218932
1.1296661
1.2216542
1.2200642
1.2226263
1.2247113
1.2236993
1.2242372
1.2233845
1.2179919
1.1854579
1.1706657
1.2018814
1.0368527
1.0674099
1.212073
1.1628859
1.1989419
1.2095777
1.2159901
1.1109613
1.2170712
1.1857837
1.1635425
1.2002692
1.2005034
1.1829896
1.2207786
1.2125722
1.1220093
1.2179398
1.214598
1.2188985
1.2216126
1.2188706
1.2199454
1.2201193
1.2101683
1.1794828
1.2076523
1.2023062
1.2158036
1.2102502
1.2050926
1.1735301
1.1497727
1.1755452
1.2078399
1.0851843
1.2035136
1.161522
1.0609567
1.1887654
1.2122354
1.2170226
1.2151734
1.212879
1.2086241
1.1973783
1.1710898
1.2008565
1.1971153
1.2117772
1.2041274
1.2005658
1.1634646
1.1420548
1.1680795
1.2008528
1.0847691
1.1947053
1.1539361
1.0613164
1.1826095
1.2087837
1.2138003
1.2108303
1.2078916
1.2042281
1.1906771
1.182208
1.1747652
1.1973934
1.0286088
1.0866104
1.2103159
1.163076
1.1971727
1.2088176
1.2121776
1.1097832
1.2156415
1.1819593
1.1649021
1.1983468
1.1898681
1.1880357
1.2191662
1.2140804
1.116866
1.2152943
1.2127844
1.2159465
1.2197493
1.2171012
1.2187323
1.2180669
1.2077284
1.1776302
1.1731372
1.195775
1.0273059
1.087077
1.2073471
1.1576552
1.191841
1.203916
1.2069879
1.1051117
1.2122563
1.1738842
1.1587188
1.1968631
1.1881077
1.1867309
1.21882
1.2113647
1.1159271
1.2137988
1.2095682
1.2133224
1.2187567
1.2141682
1.2167227
1.2165141
1.2020703
1.1963925
1.2181056
1.2219295
1.2142122
1.2190326
1.2159091
1.187417
1.1566237
1.1906927
1.2177879
1.0871303
1.2140455
1.0626718
1.1754931
1.2070244
1.2196852
1.2224049
1.2217918
1.2204442
1.2177886
1.2127723
1.1823611
1.211464
1.2176307
1.2110463
1.211646
1.2120738
1.1782463
1.1618138
1.1847806
1.0692486
1.2124562
1.2104112
1.1736058
1.0543283
1.1883593
1.2146485
1.2181774
1.2162811
1.2128749
1.2137552
1.2020659
1.064289
1.0573607
1.1715577
0.9372761
1.174026
0.93889974
1.0587318
1.1945867
1.2127118
1.1744793
1.0248247
1.0773476
1.217664
1.1698267
1.2102227
1.2186104
1.2204062
1.124735
1.2223748
1.1695124
1.1955503
1.2201345
1.2212798
1.2240581
1.222892
1.223749
1.2223538
1.2170824
1.2101082
1.1982762
1.1885454
1.2214987
1.217044
1.1262744
1.2201647
1.1838278
1.1732398
1.0343835
1.2013907
1.069244
1.2136988
1.1646204
1.1991333
1.2107403
1.1112294
1.214309
1.2166609
1.1855664
1.163462
1.1988689
1.198036
1.1855105
1.2200452
1.2149444
1.1203024
1.2180649
1.2151527
1.2169051
1.2208789
1.2181794
1.2195402
1.2192372
1.2108599
1.1655869
1.1982015
1.2097536
1.1927583
1.2012721
1.1965181
1.157744
1.1367899
1.1617461
1.19748
1.0834496
1.1905962
1.0593659
1.1484443
1.1779418
1.2045539
1.2119233
1.2083188
1.2054601
1.2002309
1.1855169
1.1679037
1.2006521
1.2108205
1.1944443
1.197739
1.2042132
1.1602346
1.139996
1.1679742
1.0793225
1.203769
1.1981114
1.15343
1.0536985
1.17886
1.2064323
1.2127696
1.2115865
1.2021808
1.2080787
1.1891211
1.1695436
1.1897504
1.1642656
1.0277172
1.0821484
1.2011086
1.151288
1.1869964
1.2006694
1.2038661
1.1032268
1.2090418
1.1546652
1.1681364
1.2047734
1.209384
1.2161183
1.2116166
1.2140088
1.2128331
1.1971423
1.190887
1.181076
1.1793469
1.214783
1.205659
1.1106077
1.2088407
1.1749584
1.1674359
1.0244215
1.1885208
1.082367
1.2049233
1.153566
1.1912795
1.2062308
1.1023379
1.2091345
1.2136717
1.1749353
1.1570732
1.1919385
1.183984
1.1826695
1.2162469
1.2113588
1.1107314
1.2110916
1.2083491
1.2115588
1.2167893
1.2140753
1.2159397
1.2146565
1.2021284
1.2095756
1.2010285
1.1900821
1.2156057
1.2138683
1.1813904
1.2118081
1.2078401
1.2063064
1.095193
1.1774816
1.1982878
1.1671518
1.2089817
1.2131754
1.2140319
1.2088726
1.2146736
1.210234
1.2152054
1.212615
1.208421
1.1944842
1.1876251
1.2148458
1.212716
1.1735728
1.2119034
1.20391
1.2045551
1.0894049
1.1696113
1.1941927
1.1537466
1.2081454
1.2106151
1.2128347
1.2053734
1.2130793
1.2075601
1.213759
1.2092259
1.2111133
1.148067
1.1894974
1.0615399
1.1932142
1.2104844
1.1572001
1.2122277
1.2039208
1.2157416
1.1914077
1.215219
1.2135075
1.1821246
1.2106226
1.2081671
1.0931632
1.1768091
1.2006394
1.2111989
1.1650225
1.2080008
1.1943131
1.2122168
1.1885017
1.2106493
1.2108155
1.1743653
1.2045677
1.2052272
1.088483
1.1691012
1.1949445
1.2083658
1.1535992
1.1943738
1.2185725
1.2217859
1.2140094
1.2190746
1.2146906
1.1863567
1.1550499
1.1919465
1.21601
1.0888771
1.213473
1.0645386
1.1772818
1.2041645
1.2183822
1.2219643
1.2206955
1.2198127
1.2165201
1.211304
1.1841016
1.2106734
1.2107891
1.2172387
1.2111407
1.2110701
1.1779563
1.1596023
1.1792582
1.0744595
1.2092234
1.2049858
1.175456
1.0532349
1.1883403
1.2128947
1.2173634
1.2142733
1.2115074
1.2126138
1.1975314
1.1953358
1.2091357
1.025249
1.1732681
1.0787214
1.1670445
1.2150139
1.2082723
1.21616
1.2186165
1.1252737
1.2204806
1.1690086
1.1956819
1.2176043
1.2198187
1.2213746
1.222289
1.2219169
1.2151257
1.2206381
1.2101915
1.1998189
1.1868109
1.2201074
1.2165053
1.1302132
1.2182638
1.1846997
1.1701524
1.038747
1.1991874
1.0720477
1.2074934
1.1639094
1.1964064
1.2049168
1.1132463
1.2114165
1.2133543
1.1854587
1.1635563
1.1979441
1.1973419
1.1800678
1.2168092
1.2090513
1.1219303
1.2136645
1.2103632
1.2146932
1.2183386
1.2156959
1.216715
1.2164247
1.2056393
1.1705315
1.2007247
1.2083447
1.1955508
1.2032765
1.1981352
1.1648381
1.1409481
1.1668902
1.2023174
1.0763014
1.1973566
1.0499981
1.1535356
1.1798415
1.2051534
1.2097749
1.2088738
1.2061483
1.2017076
1.1893287
1.1676088
1.1978844
1.2073535
1.1928694
1.1957306
1.200378
1.1612315
1.1401851
1.1650251
1.0866069
1.1970987
1.191469
1.1508309
1.0618982
1.1781261
1.2028217
1.2090752
1.2064929
1.198786
1.2039531
1.1854449
1.1756358
1.188875
1.169127
1.0235152
1.080566
1.2041232
1.1540307
1.1907827
1.2049334
1.207218
1.1010908
1.2111811
1.1565258
1.1750282
1.2067937
1.2090677
1.213067
1.210903
1.2126258
1.2117008
1.2011329
1.1915737
1.1846612
1.1823412
1.2140518
1.2097251
1.1105754
1.2097088
1.1713764
1.1666073
1.0264294
1.1894596
1.083584
1.2008344
1.1524263
1.1865007
1.1992123
1.1039649
1.2023207
1.2071936
1.1687686
1.1558188
1.1913362
1.182169
1.1814541
1.2130893
1.2055018
1.113339
1.2078108
1.2033161
1.2070697
1.2130119
1.2091907
1.2114853
1.2104408
1.1961215
1.193432
1.2178851
1.2212403
1.2133963
1.2183245
1.2140306
1.1862037
1.1538031
1.1910059
1.0873722
1.2152709
1.2126554
1.0625839
1.1765694
1.2031512
1.217894
1.2214476
1.2201265
1.2191388
1.215903
1.2105038
1.1845298
1.2113602
1.217562
1.2111363
1.2115765
1.2115104
1.1788738
1.1590569
1.1795205
1.2096075
1.0731246
1.2047306
1.174555
1.0540373
1.1889536
1.2133839
1.2177165
1.2146338
1.2129631
1.211937
1.1982374
1.1950644
1.0241058
1.2086746
1.1721113
1.0773648
1.166317
1.2150292
1.2080656
1.215574
1.1243672
1.218027
1.2201043
1.1687547
1.1952202
1.2174705
1.219519
1.2209632
1.2221603
1.2216826
1.2147337
1.220553
1.2104928
1.1995372
1.1870207
1.220467
1.2168667
1.1297833
1.2185033
1.1848209
1.199636
1.1698114
1.0379205
1.0691487
1.2080962
1.1647186
1.1969806
1.205754
1.2119439
1.1125119
1.214002
1.1855693
1.1638114
1.2109738
1.2152322
1.2188747
1.2161376
1.2172624
1.2169613
1.2064765
1.198593
1.1979294
1.1810465
1.2175227
1.2096629
1.1234095
1.2142579
1.1951629
1.2185753
1.2221867
1.2146045
1.2192195
1.2161852
1.1869699
1.1552793
1.1900359
1.08915
1.2177492
1.2141377
1.0619331
1.174997
1.2062113
1.2195439
1.2225039
1.2216667
1.2204174
1.2179001
1.2125173
1.1814348
1.2107208
1.2170106
1.2106333
1.2112071
1.2111409
1.1771403
1.1612424
1.1818321
1.2106159
1.0680931
1.2093057
1.1709829
1.0554353
1.1869475
1.2134246
1.2172551
1.214635
1.2125667
1.2120615
1.1996195
1.1946091
1.0257638
1.2122882
1.1744669
1.0761464
1.1684063
1.2176282
1.2100962
1.218387
1.1237422
1.2202264
1.2220317
1.1691748
1.1947217
1.2199595
1.2211557
1.2226933
1.2238671
1.2235602
1.2169419
1.2222625
1.2107902
1.1988584
1.1883185
1.221098
1.2171051
1.127725
1.2200173
1.1827703
1.2005358
1.1732242
1.0342197
1.0692268
1.2126197
1.1627018
1.1977551
1.2079327
1.2117102
1.1106814
1.2136826
1.183906
1.1633264
1.2131108
1.2155648
1.2193837
1.2162536
1.2175517
1.217938
1.2087663
1.1971231
1.1982023
1.1844313
1.2187739
1.2129841
1.119309
1.2168058
1.1661561
1.1967741
1.2076913
1.1911812
1.1947239
1.1998901
1.1589617
1.1382449
1.1643894
1.0843446
1.1967534
1.1907425
1.060894
1.1499605
1.177262
1.2030014
1.2098941
1.2068276
1.1984132
1.2038884
1.1849936
1.1699261
1.1975481
1.208076
1.1931698
1.1964901
1.2008548
1.1635754
1.1398108
1.1654355
1.0783058
1.1993188
1.1939923
1.0522861
1.1531729
1.1793648
1.2046462
1.2098461
1.2072788
1.2005288
1.204181
1.188909
1.1714309
1.166505
1.02556
1.1890684
1.0826384
1.2013106
1.151919
1.1868941
1.1997645
1.1025115
1.2026775
1.2081427
1.1551777
1.1688964
1.1914076
1.1825897
1.1821297
1.2146677
1.2066041
1.1131233
1.2086883
1.2042195
1.2078676
1.2149402
1.2101012
1.2128638
1.2117993
1.1963929
1.1750869
1.1690818
1.0250759
1.1896534
1.0850611
1.2041786
1.1550794
1.190034
1.2021306
1.101456
1.2045841
1.209059
1.157701
1.173672
1.1918601
1.1843098
1.1823653
1.2152391
1.2096209
1.1114218
1.2102261
1.2057204
1.2091115
1.2144864
1.2101921
1.2127011
1.2123172
1.1998373
1.2068096
1.1484454
1.1867743
1.06062
1.1886056
1.2059582
1.1585903
1.2082993
1.1935591
1.2134239
1.1836461
1.212161
1.1774732
1.209533
1.2121803
1.2127305
1.2083245
1.2142192
1.2080998
1.2122533
1.2140575
1.2059494
1.2001609
1.0933617
1.1747033
1.1935734
1.1660231
1.205921
1.2024335
1.1854035
1.1822697
1.2094897
1.206901
1.1720795
1.2062506
1.2056399
1.2095871
1.2003398
1.2092193
1.2031833
1.2031178
1.2103806
1.1958445
1.1969027
1.0919237
1.1700181
1.1857371
1.1542586
1.2022299
1.205606
1.1487291
1.0594817
1.1857075
1.1874045
1.1576062
1.2047171
1.2070815
1.19285
1.1835832
1.21248
1.2110826
1.1763281
1.2084572
1.2044056
1.1993334
1.0912795
1.1740139
1.1921564
1.1642497
1.204576
1.2105521
1.2107798
1.2062822
1.2119442
1.2065393
1.2121592
1.2102545
1.1897116
1.1255664
1.0736214
1.1721393
1.1773676
1.1378918
1.1851069
1.2019876
1.1853084
1.1807979
1.2087611
1.2064573
1.1704261
1.2054621
1.1955802
1.1966323
1.0900555
1.1687122
1.1855863
1.1537958
1.2014996
1.2052066
1.2084604
1.2004807
1.2082664
1.2025933
1.2092988
1.2033592
1.2063068
1.1976911
1.2123482
1.1865255
1.211339
1.1772086
1.2079117
1.2042784
1.2018297
1.0899249
1.1746705
1.1937063
1.1619282
1.2046839
1.2102247
1.2106709
1.2061731
1.211938
1.2066658
1.2101778
1.2121059
1.2015738
1.1898114
1.1850855
1.2093115
1.2066014
1.172273
1.2053807
1.204651
1.2079531
1.198949
1.2083987
1.2016404
1.2028037
1.2089657
1.1972372
1.1990458
1.0903899
1.1679839
1.1894653
1.1533311
1.2013832
1.2059725
1.1920673
1.21201
1.1798005
1.2113061
1.2078586
1.1712232
1.1971592
1.193705
1.0940625
1.1537774
1.1880284
1.2007252
1.1417397
1.2061453
1.1721428
1.2099545
1.1655626
1.2101631
1.2064562
1.1408596
1.1986579
1.1937739
1.0605629
1.1371723
1.1869258
1.2010692
1.1050896
1.2003354
1.1803825
1.1659338
1.2081349
1.2062678
1.1563227
1.2034077
1.1925129
1.1891773
1.0864067
1.1409214
1.1828537
1.1274946
1.1969983
1.2085234
1.2129622
1.2063155
1.2137493
1.2061968
1.2087088
1.2133679
1.2043761
1.163378
1.1516096
1.2108176
1.2103727
1.1315967
1.2061116
1.1941893
1.1885867
1.0535121
1.1222046
1.1815955
1.0959769
1.1981037
1.2092693
1.2134462
1.2066181
1.2151077
1.2064186
1.2096497
1.214002
1.1935718
1.1780119
1.2003505
1.1597654
1.2002449
1.19443
1.1537544
1.1846986
1.1772609
1.0808973
1.1332315
1.1742147
1.1865066
1.1233442
1.1892712
1.1443469
1.1972349
1.1280516
1.1967878
1.1903841
1.1129956
1.1783347
1.1728833
1.0418032
1.1027443
1.1667893
1.1812798
1.0804766
1.1075485
1.1788024
1.202902
1.1517894
1.1831372
1.1607445
1.0938089
1.0731277
1.1184289
1.1761854
1.0288008
1.1609062
1.0047238
1.0950997
1.129614
1.1825328
1.2048908
1.1975651
1.1902558
1.1729583
1.1464846
1.0503628
1.104413
1.1140638
1.1601576
1.1206861
1.1119521
1.040618
1.0062662
1.0028436
0.94560341
1.0809346
1.069709
1.0184981
0.93028691
1.0645719
1.1391769
1.1662669
1.1309734
1.131056
1.121141
1.081505
1.1143094
1.1380174
0.97358375
1.0876991
1.0129519
1.0821826
1.1603476
1.1481553
1.1828224
1.1901633
1.0528084
1.1995114
1.0968644
1.1185539
1.1824099
1.1913256
1.2032098
1.2065093
1.2048962
1.1646411
1.1967698
1.1472614
1.1211523
1.1097473
1.1884312
1.1685366
1.0547831
1.177585
1.0714981
1.0783319
0.95547757
1.1024282
0.9926037
1.1331492
1.0394565
1.0695072
1.0623203
0.97018343
1.0977208
1.1175917
1.0404721
1.0077788
1.0984736
1.1083857
1.0844687
1.1702468
1.1341024
1.0239658
1.1528767
1.1266925
1.150995
1.1767867
1.1425615
1.1544145
1.1629899
1.1016727
1.0795
1.1545244
1.1818011
1.1261768
1.1576184
1.1281217
1.0716382
1.0445912
1.0891498
1.1381765
1.0009267
1.1297337
0.9861128
1.0579951
1.0945599
1.1457692
1.1845884
1.1680563
1.1633588
1.1370996
1.1058414
1.0259513
1.0980683
1.0994837
1.1381028
1.0926422
1.0893916
1.0315081
0.97740135
0.97927599
0.92492192
1.0430829
1.0358452
0.98647131
0.91529808
1.0295767
1.100234
1.136043
1.0926816
1.0940938
1.0873627
1.0416509
1.0695029
1.0924664
0.9513127
1.0438349
0.98411854
1.0437381
1.112986
1.1058182
1.1446501
1.1520391
1.0280486
1.1643707
1.0642269
1.0801904
1.1392073
1.155278
1.1753984
1.194479
1.1824865
1.1218169
1.1659529
1.1107516
1.0840121
1.0847644
1.160449
1.1388294
1.0291648
1.1418746
1.0265633
1.0319455
0.93392743
1.0555457
0.96480331
1.0810402
0.99891624
1.011796
0.99278817
0.99160228
0.89118352
1.0542467
0.94704078
0.95326205
1.0249907
1.0248044
0.9429968
1.0504851
1.0704003
0.99830494
0.97838019
1.0619868
1.074455
1.0588928
1.1357218
1.1021422
1.0015418
1.1143541
1.0739712
1.109919
1.1521007
1.1001366
1.1129839
1.1228208
1.0542029
1.1581562
1.1968695
1.1907922
1.2073248
1.1974058
1.1907732
1.1548677
1.1097892
1.1491739
1.0445487
1.1852742
1.1800785
1.0261518
1.1265757
1.1635564
1.1960221
1.2082116
1.2014373
1.1992981
1.192593
1.1721138
1.1606439
1.198557
1.2076929
1.1926266
1.1980349
1.192418
1.1576065
1.1093196
1.1528502
1.1847984
1.0431208
1.1798954
1.1284024
1.0272439
1.1649583
1.1970038
1.2079503
1.2009469
1.1989723
1.1941811
1.1728354
1.1395519
0.99991882
1.1709838
1.1218898
1.0296639
1.1142325
1.1823251
1.162467
1.1837234
1.0729461
1.1925904
1.1988329
1.1089287
1.1442193
1.190011
1.2001752
1.2046556
1.2107513
1.2072177
1.1816547
1.2036902
1.1645013
1.1513985
1.1224991
1.2002856
1.1833908
1.0708898
1.1925179
1.143578
1.1731779
1.0006364
1.1250533
1.0301695
1.1174346
1.1835999
1.1110833
1.0672905
0.91320506
1.050876
1.1471975
1.0022336
1.0227085
1.1635093
1.1790288
1.1905624
1.0716504
1.1962416
1.1466945
1.1072352
1.1888978
1.2011346
1.2035449
1.2100563
1.2057618
1.1816812
1.2039176
1.1660734
1.1576494
1.126755
1.1990026
1.1826191
1.0746793
1.1921299
1.0997743
1.1778148
1.202373
1.1498076
1.179327
1.1542593
1.0915817
1.0624679
1.1079602
1.0186393
1.1646326
1.1509415
0.99855861
1.0832447
1.1183911
1.1752046
1.2043152
1.1915951
1.1848747
1.1644537
1.1354487
1.0436521
1.1013001
1.1556389
1.1108474
1.1063395
1.114045
1.037436
1.0051388
1.0072181
1.0908962
0.94924551
1.070646
1.0230573
0.93121424
1.0616202
1.1410663
1.1656666
1.138858
1.1211819
1.1277751
1.0852096
1.1029344
0.96730077
1.1330358
1.078844
1.0026111
1.0753182
1.154818
1.1377826
1.1741191
1.0478167
1.1836493
1.1950317
1.0856013
1.1115442
1.1761777
1.1894953
1.2018529
1.2121051
1.2074938
1.1586526
1.1993541
1.1392843
1.1143148
1.1017957
1.1903463
1.1649777
1.0439771
1.1770123
1.0719471
1.1030342
1.0721453
0.95274781
0.98854666
1.1338276
1.0394838
1.0781835
1.085144
1.1116174
0.97667473
1.1361145
1.0469246
1.018092
1.1338339
1.1601189
1.1944905
1.1571469
1.172665
1.1746322
1.1085185
1.1012423
1.1082265
1.0834863
1.1748492
1.1400842
1.0216636
1.1570791
1.0856756
1.1602146
1.1899122
1.1299795
1.1384749
1.1639819
1.0756889
1.0544859
1.0993847
1.0157616
1.1627282
1.1424743
0.99140053
1.0800533
1.1097383
1.1718822
1.1966031
1.188582
1.1559289
1.1762512
1.1321969
0.97204299
0.92179066
0.97242687
1.0729287
1.0552679
0.89666123
0.99637257
1.035458
1.0837901
1.0912811
1.1457714
1.1019184
1.0984762
1.0215363
1.002076
1.0044087
0.94580579
1.0794143
1.066027
0.92979913
1.0148701
1.05622
1.1324074
1.1609389
1.1283408
1.121063
1.1157801
1.0743886
1.100887
0.96590783
1.0744588
1.126236
1.0034065
1.0705272
1.1486444
1.136751
1.1734496
1.0417899
1.1815797
1.1923815
1.0875441
1.1070393
1.1337789
1.1086772
1.1002644
1.1876849
1.1612225
1.0419203
1.1693951
1.1732944
1.1842245
1.1977711
1.205888
1.2008334
1.1541591
1.1924627
1.0645913
1.0664042
0.94879482
1.0917541
0.98488689
1.1244614
1.0311197
1.073011
1.0813862
0.9735064
1.1003895
1.1293525
1.0157983
1.0389331
1.0979159
1.1015771
1.0841107
1.1763471
1.1412192
1.0179591
1.1516127
1.1262783
1.1460532
1.1841964
1.1434739
1.1629537
1.1627588
1.0959217
1.1975274
1.1809133
1.204964
1.1689789
1.2038435
1.1616088
1.1996396
1.2063374
1.2109949
1.203481
1.2125715
1.202136
1.2074329
1.2122216
1.1878388
1.1817002
1.0806072
1.1430842
1.177104
1.1314243
1.1912258
1.1812332
1.0633153
1.1621256
1.0263886
1.1665989
1.1777802
1.0700935
1.1927227
1.1526084
1.1487944
1.2026287
1.1990516
1.1231368
1.1952155
1.2034796
1.2096944
1.1972467
1.2097606
1.2002424
1.201616
1.2104349
1.1846385
1.1804475
1.0490532
1.1212562
1.1737032
1.0901507
1.1878491
1.1970783
1.1804616
1.1690777
1.2031003
1.2023856
1.1624385
1.1986164
1.1893195
1.1830466
1.0834869
1.1477825
1.1787336
1.1365482
1.1920562
1.2040071
1.2065315
1.2027067
1.2079668
1.2009025
1.2051076
1.2070815
1.1893184
1.1611205
1.1594038
1.1988525
1.195748
1.1291428
1.1940066
1.182207
1.180534
1.0525356
1.1306575
1.1732188
1.0948286
1.1876126
1.1988512
1.2044487
1.1952221
1.2045356
1.1972533
1.1976186
1.2046994
1.1653939
1.1989568
1.1939925
1.2054362
1.1982749
1.1937022
1.1626606
1.1161259
1.1562415
1.0471558
1.1869335
1.1824634
1.0302239
1.1358513
1.1700213
1.1965509
1.2050626
1.1996843
1.1986294
1.1947805
1.1771192
1.162338
1.1966606
1.2045999
1.1913504
1.1968414
1.1911783
1.1591701
1.1155487
1.1554121
1.1871613
1.0468921
1.1828186
1.1323023
1.0312428
1.1675469
1.1947043
1.2046569
1.1994455
1.198029
1.1923667
1.1749432
1.1520975
1.0087593
1.1770506
1.1310613
1.0410806
1.1261116
1.1856206
1.1703818
1.1818337
1.077789
1.1917171
1.1961357
1.1161593
1.1543409
1.190274
1.1990133
1.2009837
1.2048156
1.2022329
1.1845467
1.2007313
1.1717097
1.1615952
1.1339956
1.1976044
1.1853787
1.0829667
1.1924177
1.1433847
1.1740505
1.0043806
1.1275354
1.0324321
1.1197183
1.1831984
1.1673785
1.1853078
1.1926539
1.0796434
1.196949
1.1505023
1.1167377
1.189372
1.1975231
1.2012227
1.2052748
1.2026847
1.1830556
1.1998488
1.1662327
1.1560508
1.1256595
1.1971372
1.1827887
1.0752887
1.1911232
1.0999654
1.1590087
1.1362981
1.1921354
1.1709148
1.1526617
1.0788301
1.066083
1.1099627
1.0208658
1.1686535
1.1532452
0.99883442
1.0857842
1.1221421
1.1739839
1.1963084
1.1894055
1.1824822
1.1651839
1.1370409
1.0524465
1.1082955
1.1605659
1.111508
1.1171577
1.1194239
1.0420204
1.0143521
1.0244286
1.1054611
0.96148699
1.0838895
1.0332638
0.93923357
1.0674664
1.1422491
1.1682163
1.1480813
1.129906
1.1292122
1.0901807
1.1078535
0.9676387
1.1309665
1.0853018
1.0096371
1.0739806
1.1558654
1.1415578
1.17475
1.0443462
1.1809952
1.1912191
1.0922748
1.1096965
1.1769124
1.1844762
1.1945251
1.2017962
1.1980722
1.1565016
1.1925605
1.1425598
1.1213865
1.1129807
1.1914024
1.1700217
1.0505468
1.1766228
1.0850294
1.1069071
0.95550336
1.0826762
0.99726695
1.0480821
1.1426347
1.095194
1.1013863
1.1291591
0.99228617
1.1486816
1.0640907
1.0334002
1.1477482
1.1608902
1.1660801
1.192038
1.1784221
1.1192157
1.1762481
1.114456
1.1163872
1.0957183
1.1825774
1.1504032
1.030635
1.1649908
1.0846356
1.1597514
1.1303108
1.1877116
1.1360897
1.1626089
1.0762374
1.0504055
1.0948467
1.0113433
1.1503337
1.1355079
0.98994769
1.0717302
1.1022659
1.1577024
1.1900844
1.1765235
1.1461736
1.1687845
1.1196694
1.030969
1.0837942
1.09153
1.1401425
1.0973155
1.0923672
1.0224397
0.99509198
1.0007462
0.94747005
1.0792347
1.0582285
0.92648155
1.0143383
1.0469738
1.1240269
1.1515035
1.1239431
1.1108336
1.1067417
1.0696382
1.0944186
0.96270327
1.0730583
1.1174474
1.0012866
1.0635621
1.1420532
1.1274008
1.1628289
1.0398662
1.1707191
1.1828192
1.0795293
1.0995827
1.1365532
1.1148582
1.1095638
1.1847447
1.1646634
1.0484298
1.1694271
1.1627225
1.1738074
1.1885191
1.2008841
1.1953668
1.1439137
1.1850928
1.0732309
0.94976037
1.0692704
1.0890363
0.99176574
1.0326089
1.1261681
1.0854231
1.1000549
0.98332063
1.1065489
1.1387127
1.0318972
1.0454837
1.1088599
1.1115201
1.092411
1.1743751
1.1467628
1.0297797
1.1560831
1.1302864
1.1455189
1.145955
1.1845445
1.1660806
1.0980963
1.1641475
1.1596505
1.1952014
1.1892052
1.2038232
1.1887098
1.1950372
1.1566921
1.1125836
1.1507761
1.0457394
1.1828958
1.1791869
1.0294326
1.129097
1.1639225
1.1918366
1.2037219
1.1970172
1.1895407
1.1957629
1.1713776
1.1630102
1.1953794
1.1911441
1.2044049
1.1906207
1.1948466
1.1608537
1.111652
1.1524949
1.0434834
1.1832285
1.1790453
1.0282179
1.1294414
1.1666471
1.1935437
1.2040853
1.1968992
1.1915764
1.1954468
1.1734274
1.1390427
1.0000267
1.1224422
1.1692568
1.0323278
1.1147928
1.1785043
1.1620587
1.1795925
1.0753155
1.18807
1.1928842
1.1109404
1.1457594
1.1609128
1.1497082
1.11994
1.1933587
1.1775381
1.0716805
1.1865873
1.1853273
1.1947586
1.1989181
1.2050908
1.2007992
1.1790539
1.1973581
1.1443464
1.0028456
1.1248093
1.1724062
1.0328593
1.1197786
1.1807529
1.162751
1.1799276
1.0734675
1.1881773
1.1928547
1.1093527
1.14686
1.164845
1.1536234
1.1247596
1.1931819
1.1792738
1.0754956
1.1876246
1.1861342
1.1962397
1.1986447
1.2050618
1.2004015
1.1805465
1.1982643
1.0907503
1.1649953
1.1349611
1.1935542
1.1433489
1.1696209
1.0804183
1.047307
1.092719
1.0069364
1.1490605
1.1382724
0.98702576
1.0652116
1.1020454
1.1559596
1.1957821
1.1787159
1.1493762
1.1741242
1.1143992
1.0331848
1.0850403
1.0941015
1.1415408
1.1003035
1.0931065
1.0245065
0.98682575
0.98895403
0.93848525
1.0630375
1.0478275
0.92073528
1.0019047
1.0401841
1.1150439
1.1475119
1.1109167
1.1061755
1.0989583
1.0574989
1.0889607
0.95990713
1.0658312
1.1095394
0.99808027
1.0577383
1.135091
1.1221809
1.1583674
1.0369027
1.1653807
1.1785286
1.0762814
1.0937426
1.1287787
1.1054851
1.099761
1.1786024
1.156195
1.0422972
1.1624707
1.1572041
1.1695447
1.1869672
1.2027103
1.1940013
1.1372775
1.1816441
1.0596101
0.94547793
1.0597367
1.0787852
0.98427755
1.0219917
1.1144672
1.0662629
1.0751614
0.96840793
1.0869635
1.1185245
1.0129639
1.0296482
1.0933569
1.099561
1.080168
1.1644243
1.1327935
1.0193701
1.1438744
1.1145904
1.1343824
1.1301842
1.1763142
1.1512228
1.0833272
1.1532476
1.08089
1.155959
1.1260605
1.1856906
1.1332333
1.1592381
1.0714969
1.0521123
1.0958818
1.0155399
1.1628449
1.1401306
0.98948862
1.079722
1.1070691
1.1704342
1.1929261
1.1869307
1.1523212
1.1733329
1.131601
1.0350535
1.0809435
1.0875857
1.142653
1.099341
1.0983775
1.0187582
1.0109619
1.016869
0.95239715
1.090915
1.0768014
0.93694225
1.0256899
1.063808
1.1406185
1.1648378
1.1400874
1.1258642
1.1254152
1.0858208
1.1033704
0.96566509
1.0797954
1.1282573
1.0060893
1.0710691
1.1518233
1.135861
1.1689148
1.0412716
1.1784165
1.1894672
1.0856894
1.1058187
1.137797
1.1111679
1.0981357
1.1824472
1.1594368
1.0454789
1.171008
1.1720145
1.1835241
1.1954404
1.2040467
1.1996007
1.1530369
1.1922686
1.0663084
0.95249467
1.0712094
1.0997087
0.98732421
1.0379369
1.1273504
1.0342436
1.0044145
0.89410599
1.0009629
1.0745951
0.9660391
0.95467554
1.0694701
1.0731877
0.97492789
1.1039096
1.1211693
1.0119891
1.0437358
1.0913216
1.0996325
1.0763756
1.1641972
1.1289544
1.0168246
1.1451174
1.1235086
1.152774
1.1480528
1.1806105
1.1566807
1.103089
1.1623543
1.1941668
1.1796036
1.2016357
1.1645839
1.2007341
1.1563183
1.1961618
1.2014421
1.2057664
1.1993369
1.207439
1.1985231
1.2022462
1.2068607
1.1855476
1.1811795
1.0835687
1.1388855
1.1760482
1.1276644
1.1889966
1.1912061
1.148675
1.141019
1.1985377
1.1974616
1.1195185
1.1933828
1.1968114
1.2028818
1.1933932
1.2036537
1.1941295
1.1964014
1.2037348
1.1814167
1.1774747
1.0476301
1.1148633
1.170106
1.0872702
1.1857103
0.985622
0.99843959
0.95838082
1.0519774
1.0420467
0.94375425
0.99743802
0.94140491
0.91363816
0.86714106
0.91670222
0.89878701
0.90253912
0.9545296
0.9595657
0.93316987
0.91099531
0.98536177
0.91645339
0.98163585
0.95716004
0.98257508
0.98426403
0.94360459
1.0317183
1.0315645
0.93660049
0.98474016
0.94161387
0.91250553
0.86728619
0.90948132
0.90234301
0.90037188
0.94708829
0.98178775
0.9636414
0.9392537
1.0273416
0.9335169
1.0182692
0.98984866
1.0071422
1.0121777
1.0806549
0.98070132
1.0604462
0.95697179
1.033668
0.9618664
0.94692267
0.87470053
0.93743904
0.91658564
0.91441061
0.99031477
0.97338368
0.95556578
0.91277621
0.98839457
0.92928696
0.95900564
1.0030512
0.94980633
0.89472473
0.89928335
0.86680057
0.90893124
0.93595062
0.90491632
1.0090935
1.0103296
0.98018145
1.0768367
1.0582661
0.95853442
1.0324781
0.98735964
0.97449332
0.9322046
1.0093715
0.94537158
0.97614866
1.0174251
0.967111
0.94887667
0.87855998
0.93965109
0.92334405
0.91829605
0.99182924
1.0436291
1.0399525
1.1105749
1.0071253
1.0933179
0.98356524
1.0665541
0.9954701
0.97715444
0.8879992
0.96073413
0.94410884
0.9364072
1.0227578
1.0170293
1.0035734
0.94866305
1.0396387
0.96905317
1.0023871
1.0503211
0.95022504
0.89512936
0.90079588
0.86856925
0.91190054
0.93693025
0.90553591
1.0164718
1.012725
0.995202
1.085735
1.0615085
0.96341361
1.0511252
0.9896745
0.98028192
0.936373
1.0133457
0.94853261
0.97917987
1.0225184
0.97715294
0.97700156
0.8852614
0.95725253
0.93674894
0.92549645
1.0163958
1.2164386
1.2157525
1.1828951
1.2143444
1.2146746
1.2214404
1.2216513
1.1774866
1.2139003
1.2133908
1.2138675
1.2138365
1.2212694
1.2211469
1.2176352
1.2193586
1.2184507
1.219299
1.2185843
1.2176043
1.2186307
1.2200265
1.1789168
1.2177713
1.2172352
1.2162386
1.2215284
1.2217613
1.1725325
1.215527
1.2142658
1.2152398
1.2147904
1.2214488
1.2215549
1.2163078
1.2180562
1.216168
1.2178251
1.2178163
1.2161404
1.2175698
1.1570741
1.1972131
1.1956799
1.1954298
1.1941702
1.2074192
1.20689
1.1536025
1.1955617
1.1944449
1.1948009
1.1935503
1.2081753
1.2093375
1.2254699
1.2243166
1.2245689
1.224178
1.2251143
1.2252971
1.2249665
1.2247486
1.2236306
1.2237679
1.2246565
1.2246677
1.2236292
1.2246072
1.2191983
1.2205811
1.2197559
1.2205637
1.2200699
1.2191935
1.2200491
1.2186908
1.22018
1.2188033
1.2198441
1.2185339
1.219935
1.2196563
1.2197849
1.2214496
1.2203879
1.2214362
1.2210797
1.2200368
1.221106
1.1807818
1.2184256
1.2164419
1.2158716
1.2150702
1.2214207
1.2218711
1.1749018
1.2137634
1.2132421
1.2140626
1.2138328
1.2211646
1.2210737
1.180241
1.2195321
1.2184477
1.21735
1.2174184
1.222654
1.2230459
1.1750276
1.216463
1.2149329
1.2165226
1.2159246
1.2222515
1.221908
1.1671606
1.2089044
1.20818
1.2041664
1.2033635
1.2145401
1.2164208
1.1606014
1.1974183
1.1963659
1.2004757
1.1993615
1.212591
1.210856
1.2179496
1.2156002
1.1792254
1.2150181
1.2137335
1.2202272
1.2210336
1.1732144
1.2120071
1.2112669
1.2127451
1.2121514
1.2196479
1.2193103
1.2028317
1.2023122
1.1584853
1.1976205
1.1974579
1.2103166
1.2123158
1.1512974
1.1907164
1.1904302
1.193493
1.1936414
1.2082041
1.2067111
1.2149709
1.2172725
1.2153361
1.2166192
1.2146485
1.2169488
1.2162706
1.2151658
1.1809479
1.2135221
1.2128773
1.2126231
1.2196048
1.2197803
1.1752775
1.2123246
1.2112348
1.2122625
1.211712
1.2194902
1.2194232
1.2016766
1.2015994
1.1611987
1.1974427
1.1971088
1.2079561
1.2095964
1.1547383
1.1915508
1.1914219
1.1942563
1.1937832
1.2063428
1.2050804
1.2135381
1.2148414
1.179985
1.21249
1.2124695
1.2193879
1.2196668
1.1746247
1.2118488
1.2111667
1.2117406
1.2115376
1.2192215
1.2191918
1.2148959
1.2176033
1.1779761
1.2147833
1.2133225
1.2200254
1.2206136
1.172283
1.2123041
1.2111456
1.2127386
1.2118809
1.219627
1.2194324
1.2013937
1.2013944
1.1595273
1.1963111
1.1962912
1.2083698
1.210546
1.1526021
1.1890607
1.1889453
1.1922178
1.1923786
1.2062213
1.2044029
1.2179882
1.2195067
1.218208
1.2194926
1.219687
1.2182415
1.2195954
1.2154978
1.2178687
1.2166083
1.216964
1.2179943
1.2157085
1.2170716
1.2097146
1.2076289
1.2053959
1.2083517
1.2059612
1.204226
1.2048669
1.2088797
1.2093664
1.2095981
1.2080438
1.2080418
1.2079757
1.2072507
1.2015081
1.2029511
1.2015394
1.2018451
1.1991081
1.2007528
1.1996458
1.1637439
1.0791916
1.1489187
1.1529999
1.1401221
1.1855361
1.1897563
1.0665357
1.1369198
1.1231632
1.1422485
1.1299698
1.1794052
1.1760118
1.1237773
1.0428584
1.1073011
1.1154255
1.0999247
1.1534603
1.1578402
1.0366238
1.1139843
1.1038842
1.1100823
1.096646
1.151841
1.1573822
1.1934677
1.1477696
1.1933929
1.1903356
1.1901092
1.2057065
1.2065026
1.1438603
1.1892267
1.18883
1.188778
1.1884709
1.2052552
1.205692
1.1459823
1.1579966
1.0700898
1.1451885
1.1323597
1.1814061
1.1882617
1.0579022
1.1343789
1.120339
1.1351782
1.1216845
1.174809
1.1742063
1.1536676
1.063263
1.1394326
1.1379249
1.1261075
1.1765426
1.1850616
1.0452725
1.1140466
1.0985823
1.1201524
1.1084079
1.1626943
1.156158
1.2072769
1.2083944
1.2072666
1.2066879
1.2065458
1.2056271
1.2052497
1.2012837
1.2022986
1.2007742
1.2012633
1.1997537
1.200642
1.1997328
1.1930625
1.152734
1.1932716
1.1909067
1.1908535
1.2032914
1.2034235
1.1485826
1.1901745
1.1900864
1.1897911
1.1896365
1.2034704
1.2040877
1.1439876
1.072038
1.1564645
1.1459923
1.1332235
1.179872
1.185162
1.0618117
1.1255884
1.1156791
1.1356468
1.1250431
1.1736335
1.1670067
1.0541114
1.1397284
1.1274144
1.1269562
1.1141968
1.1652008
1.172553
1.043522
1.1148888
1.0997611
1.1176292
1.104232
1.1582842
1.155646
1.1486959
1.189345
1.1892387
1.1871302
1.1868858
1.2017363
1.2019621
1.145072
1.1871156
1.1869495
1.1862262
1.1860689
1.2020568
1.202978
1.0513244
1.1354842
1.1206897
1.1270523
1.1127638
1.1665463
1.1711785
1.048367
1.1188997
1.1030046
1.1231973
1.1091926
1.1625261
1.1589402
1.0636171
1.1540742
1.1438678
1.1359509
1.1261155
1.1738756
1.1847438
1.0422333
1.1100331
1.0946919
1.1154491
1.1040637
1.1574603
1.1521292
1.2056945
1.206532
1.2052991
1.2046307
1.2055656
1.204181
1.2041631
1.2036222
1.2038304
1.2025068
1.2035152
1.2022036
1.2022502
1.2021489
1.2064956
1.2067454
1.20556
1.2054208
1.2065622
1.2053003
1.2050906
1.2011211
1.199939
1.2008557
1.1988183
1.1993114
1.1995873
1.1979961
1.2017686
1.2030068
1.2013049
1.2032636
1.2032167
1.2028915
1.2016747
1.1905245
1.1718924
1.2020248
1.1974298
1.1803537
1.1997847
1.2034194
1.1876452
1.1603245
1.2020472
1.19664
1.1777904
1.1999353
1.2037381
1.1841858
1.1506242
1.1422949
1.1913717
1.1899281
1.1650867
1.1951549
1.194257
1.1751275
1.2035089
1.1983453
1.1846453
1.2010742
1.2048295
1.1938201
1.1698206
1.202135
1.1965487
1.1830987
1.2003904
1.2049791
1.1860163
1.1535602
1.1495644
1.1915591
1.1912478
1.1686376
1.1960102
1.0792881
1.0063364
1.0904921
1.0540336
1.041834
1.0864414
1.1152862
1.0765391
1.006346
1.0955145
1.0549921
1.0389091
1.083765
1.1141174
0.98307857
0.96724349
0.96598588
1.0192906
1.0186446
1.0020775
1.0545843
1.2229432
1.2255996
1.2162574
1.2246969
1.2198477
1.2257405
1.2262657
1.222989
1.2260311
1.2165918
1.2247945
1.2194386
1.2254954
1.226216
1.2202295
1.2065995
1.2063283
1.222941
1.222968
1.2151392
1.2244502
1.2221184
1.2255555
1.2153222
1.2245099
1.2190524
1.2249361
1.2255351
1.2220218
1.2245269
1.215074
1.2238014
1.2190399
1.2245379
1.224821
1.2198223
1.2056241
1.2055739
1.2227294
1.2224429
1.2139833
1.2239436
1.2217185
1.2242028
1.2154266
1.2233184
1.2188165
1.2238456
1.2243064
1.2214103
1.2244125
1.2145528
1.2233902
1.2184952
1.2239248
1.2244811
1.2189593
1.2058033
1.20549
1.2217045
1.221712
1.2138017
1.2230321
1.220812
1.2133164
1.2239818
1.2176232
1.2229068
1.2235169
1.2241334
1.2213221
1.2143142
1.2238393
1.2180474
1.2228124
1.2234526
1.2240491
1.2182555
1.2042291
1.2047523
1.2125667
1.2211472
1.2211173
1.2225304
1.2138232
1.2179859
1.2022148
1.215786
1.2112435
1.2172369
1.2183788
1.2136983
1.2174421
1.2017509
1.2154014
1.2108524
1.2171003
1.2181058
1.2091954
1.1866613
1.1863726
1.2125664
1.2121883
1.201994
1.2152817
1.2118379
1.2166183
1.1948951
1.2140197
1.2027523
1.2154395
1.2174535
1.20857
1.2141977
1.1898185
1.2121226
1.2013249
1.2145043
1.2158787
1.2064593
1.1814529
1.1790552
1.2108673
1.2094656
1.1906386
1.2125861
1.2141837
1.2170036
1.1980774
1.2132749
1.207066
1.2152199
1.2179373
1.2110579
1.2139913
1.1937198
1.2114442
1.205178
1.2144248
1.216326
1.2059369
1.1821299
1.1806923
1.2095977
1.208436
1.1944453
1.2117903
1.2120523
1.200092
1.2169063
1.2099918
1.2142897
1.2165632
1.2181124
1.2118935
1.1978043
1.2156436
1.208469
1.2135428
1.2154897
1.2166884
1.207771
1.1829282
1.1819564
1.1991683
1.2108356
1.2107676
1.2137943
1.2122852
1.2161441
1.2009466
1.2146006
1.2102891
1.2154826
1.2166614
1.2101855
1.212607
1.1980488
1.2120496
1.2083496
1.2136205
1.2136417
1.2088523
1.1829404
1.1811674
1.2122009
1.210826
1.1995121
1.2136285
1.2106709
1.2145001
1.1945187
1.2025909
1.2112402
1.2129546
1.215392
1.2076769
1.1907041
1.2116913
1.2015402
1.2093786
1.2120957
1.2137266
1.2037189
1.1802462
1.1785703
1.1910268
1.2076798
1.2065353
1.2097956
1.2095796
1.1938485
1.2134686
1.2022367
1.2102354
1.2118214
1.2140999
1.2070068
1.1897616
1.210642
1.2009086
1.2083679
1.2108614
1.2122575
1.2026164
1.1787921
1.1772362
1.1901667
1.2065198
1.2054632
1.2087406
1.2080287
1.2126234
1.1962644
1.2054949
1.2095954
1.2113535
1.2131936
1.2071399
1.1939453
1.2108678
1.2040942
1.2081328
1.2107366
1.2122461
1.2022838
1.1799236
1.179572
1.1953358
1.2055935
1.2046496
1.2084854
1.2054771
1.2126389
1.1901677
1.2099184
1.1985209
1.2114618
1.2130167
1.2054534
1.2107904
1.1862177
1.2082475
1.1980068
1.2105928
1.2118135
1.1994945
1.1691781
1.1652484
1.2047981
1.2043704
1.1848643
1.208205
1.1999097
1.1791121
1.2098792
1.1904038
1.2068264
1.209278
1.2111991
1.201488
1.1746664
1.2111784
1.1904621
1.2081078
1.2098219
1.2117743
1.1966218
1.1576559
1.1528169
1.1751442
1.2022609
1.2028427
1.2062822
1.1882161
1.2005105
1.1686564
1.1956861
1.1757089
1.1967674
1.2007541
1.1784785
1.1979245
1.1501731
1.1928084
1.1691094
1.1958659
1.1995124
1.1816718
1.1456422
1.1327504
1.1891015
1.1866083
1.157877
1.1916776
1.1958375
1.2067965
1.1785929
1.186
1.2023977
1.2051185
1.2083842
1.1967209
1.1729498
1.2069321
1.1876441
1.2007817
1.2058438
1.2095962
1.1873741
1.1579465
1.1512938
1.1730789
1.1957776
1.1936817
1.2005151
1.1954557
1.1782431
1.2037612
1.186513
1.2004105
1.2019204
1.2041799
1.1930863
1.177925
1.2005575
1.186178
1.1980993
1.2006736
1.201749
1.1884075
1.161155
1.158479
1.1748346
1.1955521
1.1939287
1.1987431
1.1931953
1.2024686
1.1749322
1.1832314
1.1984417
1.2004209
1.2034547
1.190772
1.1659768
1.2001699
1.1810901
1.1966334
1.1997567
1.2022472
1.1868161
1.1529122
1.146878
1.167903
1.1929824
1.1918096
1.196359
1.0464499
0.9769618
1.0633792
1.005423
1.0116399
1.0329491
1.0715336
1.0204257
0.95696162
1.0370216
0.98854039
0.99250443
1.0183345
1.0511846
0.9307095
0.93349937
0.92496303
0.95940622
0.96971898
0.95854383
0.99448864
1.0886865
1.1064462
1.0085391
1.0449762
1.0607029
1.0932198
1.1286153
1.0861279
1.00829
1.1017863
1.0447335
1.0593618
1.0926701
1.1268958
0.97725432
0.96420146
0.96497601
1.0023527
1.018036
1.0188902
1.0577196
1.1062274
1.1285381
1.0343129
1.0741583
1.0913115
1.1191271
1.1423812
1.1074933
1.0331488
1.1217109
1.0747616
1.0886692
1.1201909
1.1423643
1.0124077
0.98999918
0.99083232
1.0328431
1.053507
1.052565
1.0917385
1.1676266
1.1694249
1.0571763
1.1258088
1.2186914
1.2030403
1.2028619
1.1668429
1.1668002
1.0534848
1.1266676
1.2186824
1.2041766
1.2039764
1.1698749
1.1705789
1.0779992
1.115474
1.2145622
1.1915049
1.191444
1.1952635
1.2213239
1.2214567
1.2205533
1.2176887
1.2161173
1.2165417
1.1907994
1.1815226
1.1815426
1.2150035
1.2155577
1.2212246
1.2126656
1.2126808
1.2224843
1.220949
1.2226649
1.2218783
1.2198625
1.2229273
1.2123421
1.2233502
1.2215952
1.2228381
1.2222664
1.2196587
1.2233724
1.1911377
1.1764118
1.1811893
1.2136945
1.2127735
1.2180497
1.2011782
1.2079694
1.2201744
1.2180484
1.2200632
1.2198485
1.2151801
1.220891
1.1849535
1.1727541
1.1788048
1.211679
1.2104834
1.2180277
1.2025778
1.1654353
1.1635641
1.0566384
1.1241616
1.2165251
1.2025871
1.200552
1.1643505
1.1641822
1.0540645
1.1213158
1.2177529
1.2001458
1.1973205
1.1653786
1.1668304
1.0791296
1.1158631
1.2122636
1.187867
1.1884381
1.1915511
1.2198231
1.220054
1.2188289
1.2161463
1.214516
1.2137159
1.179487
1.1677117
1.1724095
1.2083127
1.2057436
1.2150857
1.1989364
1.2047005
1.218348
1.2155099
1.2185704
1.2182596
1.2129595
1.219738
1.1865207
1.1707152
1.1745783
1.2119679
1.209555
1.2167891
1.1967429
1.1641415
1.1641803
1.0521248
1.1233333
1.2162501
1.1994512
1.1974619
1.1668514
1.1655222
1.0528887
1.1261246
1.2152018
1.2023345
1.2006822
1.1660825
1.1673066
1.0770662
1.1134362
1.2106235
1.1872131
1.1879559
1.1918876
1.2181988
1.2179947
1.2167473
1.21474
1.2124815
1.2129425
1.1864884
1.1716379
1.1754972
1.2109007
1.2085322
1.2148248
1.1961733
1.2086049
1.2188954
1.217087
1.217772
1.2186306
1.2153883
1.2190153
1.2036399
1.2156329
1.213935
1.2162602
1.2158447
1.2113032
1.2166896
1.1808866
1.1701397
1.1743148
1.2076682
1.2055322
1.2138753
1.1992915
1.2046768
1.2182723
1.2151389
1.217287
1.2179938
1.2135566
1.2187629
1.1676042
1.1661601
1.0536729
1.1250715
1.2163095
1.2033519
1.2015276
1.1649913
1.1648986
1.0543874
1.1231117
1.2172691
1.2009788
1.1983992
1.1663939
1.1653301
1.0755418
1.1129038
1.2111239
1.1876647
1.1870762
1.1917744
1.2193052
1.2194801
1.2179941
1.2159007
1.2138902
1.2132073
1.190792
1.1810205
1.1803031
1.2145035
1.2136285
1.2197404
1.2108863
1.2102051
1.2213581
1.2197951
1.221264
1.2202899
1.2178233
1.2217641
1.2115237
1.2215473
1.2200161
1.2214673
1.2206147
1.2186667
1.2219098
1.1814449
1.1706159
1.1749585
1.2084963
1.2063908
1.2147933
1.1993369
1.2044764
1.2174521
1.2148696
1.2177798
1.2172111
1.2121695
1.2188417
1.1867111
1.1717798
1.1757135
1.2105362
1.2084605
1.2151013
1.1965944
1.0994827
1.0922985
1.0067268
1.0551945
1.1742527
1.1401064
1.132481
1.0861857
1.0745562
1.0039103
1.0434977
1.1631456
1.1269736
1.1100636
1.0701413
1.0608781
0.99478549
1.0369223
1.1499492
1.1126601
1.1018076
1.1153175
1.1845685
1.1818909
1.1782095
1.1670601
1.1628834
1.1537817
1.1340287
1.1151893
1.1076435
1.1786171
1.169139
1.1909606
1.155116
1.165333
1.199353
1.1932832
1.1972249
1.1940787
1.1823714
1.2007822
1.1535208
1.1953466
1.1876085
1.1955977
1.1893963
1.1798473
1.1973993
1.1190545
1.1004104
1.0908678
1.1608258
1.150133
1.1736445
1.1378205
1.1320131
1.1792701
1.169455
1.1836746
1.1776647
1.1627618
1.1894415
1.0906479
1.0936439
1.0012387
1.0516176
1.1794914
1.1357914
1.1388679
1.0785486
1.0709055
0.99701028
1.0374195
1.1680203
1.1223019
1.1117615
1.0804162
1.073269
0.99916621
1.0400727
1.1687387
1.1253894
1.113572
1.1173385
1.1952022
1.194109
1.1927492
1.1729534
1.172332
1.1636903
1.1268951
1.1043699
1.0991733
1.1721083
1.1656794
1.1895659
1.1486164
1.1591218
1.2067127
1.1975472
1.2047743
1.201059
1.1837648
1.2097227
1.1494224
1.2040605
1.1916359
1.2023357
1.198702
1.1800612
1.2086248
1.1249104
1.1074028
1.0997496
1.1737141
1.1641829
1.1911483
1.1510699
1.1499231
1.2011838
1.1883524
1.2009936
1.1977279
1.1823691
1.2061746
1.0993046
1.0936433
1.0029703
1.055216
1.1796115
1.1440062
1.1381172
1.090143
1.0804292
1.0046262
1.0436172
1.1711048
1.1313457
1.1170569
1.0842369
1.0759285
0.99864728
1.0393785
1.1680481
1.1246902
1.1136324
1.1201778
1.1919886
1.1901229
1.1900849
1.1737779
1.1719713
1.1635482
1.1347169
1.1151003
1.1103494
1.1786565
1.1718217
1.1921501
1.1574541
1.1664329
1.2011127
1.1936818
1.1987639
1.1972485
1.1851417
1.2025918
1.1588872
1.198652
1.1907765
1.1981518
1.1947806
1.1839692
1.2010193
1.132339
1.107485
1.1058285
1.1739676
1.1688778
1.1893806
1.1510117
1.1544301
1.1970008
1.1892498
1.1982827
1.1948171
1.1799733
1.2014654
1.0856226
1.0753293
1.0741763
1.1323253
1.1335395
1.1642881
1.1142697
1.0865965
1.0901885
0.9974866
1.0489376
1.1717106
1.129766
1.1331514
1.0768276
1.0679631
0.99525874
1.0347819
1.1593243
1.1168468
1.1049197
1.0763572
1.067524
0.99575013
1.0360383
1.159021
1.1190067
1.1056991
1.1109453
1.1860208
1.183668
1.1825882
1.1635546
1.1639114
1.1536995
1.1253823
1.1020625
1.0981652
1.167509
1.1608583
1.1832837
1.1438
1.1528821
1.1994801
1.1899749
1.1970398
1.1924267
1.1752637
1.2030399
1.1449017
1.1940886
1.1833626
1.1946253
1.189898
1.1727406
1.200652
1.1227094
1.1050617
1.0964668
1.1688091
1.158563
1.183636
1.1456946
1.142377
1.1919492
1.1802444
1.1924248
1.1876932
1.1733522
1.1977606
1.0720929
1.0641515
1.0635243
1.1197638
1.1175997
1.1519679
1.1030599
1.1761835
1.1859244
1.1872021
1.1942537
1.1899947
1.1963862
1.1961873
1.2249334
1.2239245
1.2238321
1.2247413
1.2246026
1.2236578
1.2245027
1.2246302
1.2232695
1.2231289
1.2244841
1.2243255
1.2228808
1.2241594
1.2054225
1.2076321
1.2075918
1.2026264
1.2064418
1.2039117
1.2005983
1.1903397
1.180067
1.1803558
1.2149439
1.2138127
1.210918
1.2203303
1.2098358
1.2221364
1.2203862
1.2209604
1.2181721
1.2218877
1.2224975
1.2119706
1.2220663
1.2204693
1.2212128
1.2192864
1.2219839
1.2224196
1.1911205
1.1805628
1.1809666
1.2133736
1.2143462
1.2103739
1.219167
1.06225
1.0641983
1.0561699
1.1134321
1.1028768
1.0986725
1.1410232
1.0796866
1.0696909
1.0702691
1.129274
1.1285384
1.1121046
1.1642123
1.2327059
1.233243
1.2329625
1.2305655
1.2303741
1.230777
1.2304758
1.2321709
1.2328704
1.2329947
1.2296532
1.2294822
1.2300461
1.2302647
1.2337783
1.2337872
1.2335022
1.2317815
1.2314669
1.2314463
1.230977
1.2330458
1.2333821
1.2328799
1.2302196
1.2300289
1.2302205
1.2296946
1.2269033
1.2271865
1.2274688
1.2225521
1.2226539
1.2228289
1.2230728
1.2268643
1.2269317
1.2261635
1.2234243
1.223054
1.223379
1.2226737
1.2278778
1.2289096
1.2282595
1.2245626
1.2239779
1.2249529
1.2243717
1.2262143
1.2269555
1.2275614
1.2219824
1.2223239
1.2226016
1.2237337
1.2276769
1.2285763
1.2289016
1.2272904
1.2288308
1.2273234
1.2275633
1.2289384
1.2272756
1.227554
1.2277447
1.2290807
1.229096
1.2275989
1.2285077
1.228021
1.2276076
1.2242227
1.2233307
1.2239799
1.2229765
1.2281235
1.226618
1.2262532
1.2261448
1.2284139
1.228151
1.2265768
1.2278294
1.2253886
1.2272196
1.2231861
1.2250545
1.2217818
1.2240558
1.2250675
1.2256666
1.2252616
1.2210344
1.2202362
1.2214632
1.2211246
1.2251696
1.227027
1.2256935
1.2206219
1.2199976
1.2222265
1.221174
1.2183315
1.2206783
1.2206396
1.2177472
1.2209663
1.2181284
1.2180739
1.2196198
1.2216525
1.2215443
1.219385
1.2219086
1.2196268
1.2194103
1.2221647
1.2225443
1.2227722
1.2217045
1.222944
1.2217259
1.2220605
1.2217378
1.2181762
1.2207269
1.2161981
1.2174562
1.2146277
1.2168675
1.2094707
1.2062554
1.2062173
1.2060691
1.2094446
1.2095311
1.2064835
1.2051968
1.2024204
1.2022182
1.2029015
1.2057154
1.205536
1.2031003
1.2122051
1.2105562
1.2123392
1.2057829
1.2061973
1.2057535
1.2069078
1.1984549
1.1967611
1.1985745
1.1909976
1.1937373
1.1918896
1.194177
1.1938079
1.1980889
1.1980138
1.1893556
1.1862238
1.1932979
1.1913914
1.1973514
1.1933979
1.1967386
1.185162
1.191311
1.1872103
1.1910143
1.2011333
1.2011673
1.2015768
1.1960158
1.1970698
1.1974047
1.1951783
1.19751
1.1991708
1.1980894
1.1935132
1.19131
1.1948326
1.1919481
1.1974905
1.1980391
1.1976535
1.1940239
1.1910573
1.1931274
1.1909496
1.1912395
1.1907454
1.1916697
1.1885771
1.1870757
1.187868
1.1873585
1.1987676
1.1995916
1.1988639
1.1932485
1.1923955
1.1931833
1.1926046
1.1918894
1.1952263
1.1934421
1.1869315
1.1834337
1.1881093
1.1860157
1.1994254
1.2013167
1.20049
1.1938386
1.1928331
1.1950713
1.1929659
1.1949259
1.1975389
1.1973803
1.1883431
1.1903834
1.1910256
1.1925722
1.1955183
1.195177
1.1955409
1.1918946
1.1930771
1.1926118
1.1931425
1.1981601
1.1971557
1.1992668
1.1934034
1.1943608
1.1935268
1.1933083
1.2016737
1.2000582
1.1990292
1.1961213
1.1975068
1.1940131
1.1937828
1.1895064
1.1856319
1.1832741
1.1813455
1.1816314
1.1799609
1.1769523
1.1868037
1.1932044
1.1890683
1.1842354
1.1811849
1.1859355
1.1828429
1.1851309
1.1827841
1.1859689
1.1787357
1.1802493
1.1797226
1.1817722
1.18916
1.189786
1.1898169
1.1822355
1.1829722
1.1845595
1.1847656
1.2271232
1.2283303
1.2281337
1.2266637
1.2283261
1.2270425
1.2266979
1.2277683
1.229392
1.2290904
1.2274126
1.2292717
1.227819
1.2274267
1.2272385
1.2286087
1.2281021
1.2267222
1.22847
1.227325
1.226672
1.2185653
1.2210216
1.2208464
1.2182268
1.2212731
1.2184521
1.2181989
1.2212472
1.222043
1.2218103
1.2206829
1.2207344
1.2222714
1.2210417
1.2165501
1.2189211
1.2192205
1.2161194
1.2189687
1.2165754
1.2163508
1.213748
1.2181344
1.2165763
1.2136695
1.217534
1.2143496
1.2131
1.2193902
1.2202832
1.2204564
1.2186264
1.2191622
1.2208468
1.2187874
1.2209295
1.2219762
1.2214895
1.2203223
1.2221326
1.2208682
1.220253
1.2190771
1.2216492
1.2208896
1.218964
1.2216875
1.2193428
1.2187049
1.2164926
1.2181854
1.218808
1.2156461
1.2192518
1.2155784
1.2163759
1.2147166
1.2172152
1.2175108
1.2138434
1.2177034
1.2144876
1.2144258
1.2088235
1.2078647
1.2047992
1.2035907
1.2083714
1.2081105
1.2042761
1.2053578
1.2031652
1.2022442
1.2023054
1.2038828
1.2041356
1.2035725
1.2017109
1.2038686
1.1991239
1.1989312
1.2034492
1.2026882
1.1973394
1.1994619
1.1989277
1.1966898
1.1961524
1.1969744
1.1999345
1.1988793
1.2080458
1.2055068
1.2051529
1.2045269
1.2065782
1.2062064
1.2061026
1.2033272
1.2029903
1.200918
1.2005222
1.2032749
1.2028421
1.2009126
1.1985121
1.1987144
1.194875
1.1954383
1.1984623
1.1988566
1.1950373
1.2010559
1.1998155
1.1985569
1.1990564
1.2000854
1.2004247
1.1992732
1.204478
1.2032316
1.201907
1.202147
1.2034075
1.2038653
1.2025256
1.2042807
1.2056457
1.2019901
1.2023204
1.204671
1.2051311
1.2016327
1.2022366
1.2015244
1.1983051
1.1984151
1.2019075
1.2015914
1.1987769
1.2048928
1.2042586
1.2026844
1.2017586
1.2052102
1.2038662
1.2027662
1.2023207
1.1854396
1.1870353
1.1870634
1.1926134
1.1870047
1.1950488
1.1915729
1.1893916
1.1879767
1.1884733
1.1879683
1.1898257
1.1827642
1.1981563
1.1939235
1.1955168
1.1967895
1.1943717
1.1966047
1.1988394
1.1986828
1.1954989
1.1937334
1.1954433
1.1939968
1.1965439
1.1965297
1.2082655
1.2077975
1.2063603
1.2068269
1.2077852
1.2081534
1.2069897
1.208472
1.2064275
1.2079871
1.2074452
1.2087903
1.2078656
1.2072298
1.2068328
1.2069559
1.2067203
1.2057504
1.2074341
1.2064467
1.2062237
1.1051903
1.1824524
1.1715688
1.1717066
1.1526854
1.1525915
1.1283715
1.0650797
1.1587739
1.116935
1.0681006
1.0384595
1.1343422
1.0924406
1.2270706
1.2273157
1.2273867
1.2266528
1.227488
1.2268269
1.2269093
1.2270055
1.2271201
1.2269416
1.2261865
1.2273891
1.2266293
1.2264342
1.2260886
1.2268807
1.2265739
1.2258727
1.2267757
1.2261494
1.2257905
1.2260592
1.2265015
1.2265416
1.2256892
1.2267182
1.2257113
1.2258836
1.2168818
1.2173033
1.2178756
1.2163708
1.2178217
1.2163218
1.2169959
1.2162893
1.2171661
1.2173851
1.2158598
1.2175078
1.2159775
1.216121
1.2141405
1.2170318
1.215978
1.2148885
1.2162203
1.2149938
1.2140495
1.2149085
1.2159663
1.2152616
1.2143446
1.2157912
1.2150868
1.2142617
1.2116963
1.2128276
1.2130467
1.210835
1.2133941
1.2111539
1.2114012
1.2141138
1.2157966
1.2160419
1.2147392
1.2156178
1.2143681
1.2144446
1.2127684
1.214582
1.2144054
1.2131226
1.2144104
1.2129821
1.2129734
1.211724
1.2133337
1.213094
1.2117316
1.2132406
1.2119342
1.211711
1.2137342
1.2130271
1.2120165
1.21245
1.2128812
1.2137472
1.2127377
1.2116196
1.209966
1.2096398
1.2098348
1.210512
1.2109173
1.2105865
1.2044135
1.2047933
1.2027817
1.2023064
1.2049227
1.2041901
1.202384
1.2094808
1.2081175
1.2075736
1.206607
1.2094602
1.2082046
1.2077238
1.2035192
1.2028336
1.2012709
1.2018672
1.2028692
1.2034793
1.201874
1.2059253
1.2062673
1.2048585
1.2046967
1.2062349
1.2060514
1.2046885
1.0223691
1.1238242
1.0872122
1.1401789
1.0778652
1.0994821
1.043862
1.1101983
1.1918519
1.1807431
1.1833727
1.1649652
1.164711
1.1333698
1.1490906
1.2019951
1.2009867
1.2005397
1.1889373
1.1853393
1.1744423
1.2283168
1.2269897
1.2269797
1.2269458
1.2283005
1.2282591
1.2270191
1.223398
1.2234984
1.2232937
1.2253339
1.225488
1.2253587
1.2254497
1.2284027
1.227029
1.2270723
1.2271731
1.2284384
1.2284843
1.2271414
1.2235247
1.2235898
1.2235357
1.2254373
1.2254892
1.2253842
1.2254935
1.2290729
1.2278111
1.2275917
1.2274729
1.2290667
1.2289515
1.2276394
1.223695
1.2238172
1.2237976
1.2255418
1.2255371
1.2254346
1.2257347
1.2282937
1.2268079
1.2263907
1.2265642
1.2288787
1.2285333
1.2271534
1.2227881
1.2229814
1.222065
1.2248849
1.226074
1.2254831
1.2255925
1.229434
1.2280019
1.2279829
1.2279206
1.2292643
1.2293823
1.2278504
1.2234166
1.2228535
1.2225545
1.225614
1.2256959
1.2258593
1.2255944
1.2237486
1.2242867
1.2240844
1.2261403
1.2262869
1.2260404
1.2261858
1.2287798
1.2269508
1.2270697
1.226795
1.2285369
1.2285418
1.2268083
1.2220406
1.2218757
1.2220378
1.2242826
1.2242457
1.2243874
1.2240174
1.2216602
1.22099
1.2210805
1.2237207
1.2241758
1.2241609
1.2237687
1.2150224
1.21432
1.2161004
1.2158655
1.2131844
1.2149914
1.2141176
1.2163301
1.2146936
1.2170975
1.2166081
1.2138746
1.2159949
1.2143645
1.2148999
1.2123648
1.2151796
1.2149751
1.2122942
1.214893
1.212105
1.2141021
1.2118156
1.2144166
1.2144597
1.2118419
1.2142541
1.2120241
1.2174179
1.2175682
1.2171216
1.2187656
1.2193674
1.218931
1.2192817
1.2215111
1.2205251
1.2200033
1.2202032
1.221976
1.2215713
1.2206671
1.2169469
1.2164859
1.2167246
1.2182774
1.2180069
1.2179273
1.218422
1.2107419
1.2078029
1.2105014
1.2106503
1.2085322
1.210785
1.2083431
1.2124944
1.2097151
1.2122155
1.2115299
1.2098862
1.2120273
1.2091359
1.2148583
1.2146432
1.2148063
1.2165272
1.2159965
1.2163438
1.2162149
1.2206931
1.2192419
1.2192012
1.2185869
1.2200009
1.2200488
1.2185214
1.2148957
1.2151554
1.2149179
1.2166949
1.2167465
1.2169188
1.2164816
1.2163879
1.2138325
1.2159392
1.2150157
1.2139095
1.2157105
1.2132353
1.2114824
1.2109785
1.2126142
1.2131377
1.2103816
1.211985
1.2115934
1.2129646
1.2096729
1.2105834
1.2099407
1.2113985
1.2122605
1.2092368
1.2120246
1.2087361
1.2087368
1.2092657
1.2114835
1.2123373
1.2088462
1.2091198
1.2058332
1.2059332
1.2062883
1.2091702
1.2091698
1.2064694
1.2079398
1.207337
1.2091151
1.20844
1.2063231
1.2076567
1.2070262
1.2055626
1.2103143
1.1925414
1.2040576
1.2087475
1.2127181
1.2118287
1.2094368
1.2091521
1.2107639
1.2092591
1.2071719
1.2085251
1.2075789
1.2094511
1.2121798
1.2108092
1.2101708
1.2107416
1.2116152
1.2093497
1.1919265
1.2055699
1.2051465
1.1950211
1.2046856
1.1942994
1.1928321
1.2071636
1.2046225
1.2040495
1.2036011
1.2072605
1.2066461
1.2043777
1.206345
1.2049476
1.2063851
1.2063038
1.2048787
1.2062413
1.2048363
1.2009495
1.2051164
1.1910232
1.2004628
1.2046054
1.2076097
1.2071486
1.2054755
1.2047076
1.2061951
1.2058719
1.2041279
1.205387
1.2045964
1.2078755
1.2090408
1.2077013
1.2076103
1.2090143
1.2089685
1.2077688
1.2115187
1.2093336
1.208784
1.2088566
1.2118742
1.211294
1.209351
1.2094331
1.2064742
1.2076374
1.2079312
1.2088088
1.2099186
1.206921
1.2011493
1.2002451
1.1994844
1.1940667
1.1966685
1.1963356
1.1944721
1.1910736
1.1856215
1.1896649
1.1889187
1.1859241
1.1898026
1.1855783
1.1909203
1.1866527
1.1904336
1.1903657
1.1864346
1.1900769
1.1872806
1.1928202
1.1911749
1.1918163
1.1878894
1.1878051
1.1889871
1.1875307
1.1899714
1.1852113
1.1879437
1.1854716
1.1851218
1.1867726
1.1829472
1.2022943
1.1980817
1.1963555
1.1997776
1.1948233
1.1989582
1.1962471
1.2017064
1.2060527
1.2057241
1.2004493
1.1967781
1.1963166
1.199339
1.1871361
1.1637271
1.1811654
1.1985206
1.1874543
1.1934094
1.1953291
1.198878
1.1986582
1.1986286
1.1965423
1.1970399
1.197032
1.1966151
1.1916077
1.1916592
1.1911512
1.1941476
1.1943896
1.1947633
1.1940728
1.1912309
1.1916282
1.1917188
1.189149
1.1880273
1.1884354
1.1887578
1.2010526
1.2011959
1.2006547
1.1991642
1.1978194
1.1984213
1.1981064
1.1975992
1.1992798
1.1994178
1.1980586
1.1961764
1.1962238
1.1975938
1.2010156
1.192028
1.1979868
1.1999421
1.1983901
1.1999421
1.1983241
0.90857908
0.96135031
0.96307521
0.97138085
0.93436821
0.93991585
0.93536395
1.1989182
1.199245
1.1993307
1.1974032
1.1971699
1.1969863
1.1973635
1.1927155
1.1945198
1.1942496
1.1961643
1.1943598
1.1955586
1.1941809
1.1993081
1.1968741
1.1977651
1.1962901
1.1961808
1.1971679
1.1955359
1.1977955
1.1928962
1.1970555
1.1954151
1.192372
1.1961024
1.1918569
1.2001139
1.1992418
1.2003422
1.1975555
1.1963429
1.1974529
1.196425
1.1980469
1.1951169
1.197646
1.1967494
1.1931803
1.1966279
1.1935683
1.2270521
1.2263222
1.2264382
1.2260843
1.2266665
1.226736
1.2260477
1.2237428
1.2240097
1.224074
1.2249587
1.2245461
1.2245848
1.2249053
1.227119
1.2266249
1.2265533
1.2261419
1.2267601
1.2267607
1.2261682
1.2272714
1.2264684
1.2267225
1.2265353
1.2269145
1.2271021
1.2263234
1.2246623
1.2247147
1.2249667
1.2256659
1.2252015
1.2253878
1.2254267
1.2273815
1.2268099
1.2268456
1.2266953
1.2272936
1.2272597
1.2266974
1.2232088
1.2268152
1.2268259
1.2246853
1.2265114
1.2240835
1.2240848
1.2223059
1.2268622
1.2268381
1.2231219
1.2215498
1.2264861
1.223563
1.2220173
1.2265751
1.2259667
1.2225179
1.22121
1.2262093
1.2231939
1.2267838
1.2258949
1.2261924
1.2258574
1.2263165
1.2264569
1.2256937
1.2237232
1.223843
1.2239536
1.2247799
1.2244599
1.2245097
1.2246841
1.2269967
1.2265975
1.2264512
1.226023
1.2267001
1.2266064
1.2261191
1.2265104
1.2257982
1.225876
1.2253806
1.2260612
1.226066
1.225449
1.2224654
1.2233436
1.2232288
1.2240368
1.2234984
1.2233265
1.2241654
1.2265155
1.2257235
1.2258627
1.2252633
1.2259086
1.2259929
1.2251338
1.2269636
1.2259299
1.2261621
1.2261128
1.2267442
1.226964
1.2258951
1.2233364
1.2233134
1.2237329
1.2249395
1.2243338
1.2246836
1.2246133
1.2271396
1.226656
1.2264238
1.2263618
1.2272496
1.2271266
1.2265742
1.2223336
1.2260688
1.2262156
1.2235085
1.2259483
1.2230059
1.2230696
1.2215558
1.2260359
1.2258112
1.2223349
1.2210759
1.2258062
1.2225967
1.2263846
1.2256053
1.2255204
1.2253254
1.2262889
1.2261887
1.2254021
1.2226207
1.2228869
1.2228819
1.2240407
1.223773
1.2237423
1.224086
1.2262361
1.2254665
1.2254449
1.2251978
1.2259163
1.2260174
1.2251498
1.2262835
1.2255085
1.2254027
1.2252677
1.2262522
1.2261208
1.2254414
1.2228641
1.2232446
1.2228372
1.2240631
1.224339
1.2240144
1.2244016
1.2262515
1.2255116
1.2253802
1.2250705
1.2258886
1.2250422
1.2259523
1.226341
1.2256798
1.2257023
1.2253887
1.2260949
1.2260357
1.2254755
1.2226176
1.2233713
1.2233403
1.2241985
1.2236434
1.2235686
1.2242755
1.2262795
1.2255845
1.2256842
1.2252822
1.2258702
1.2251884
1.2259348
1.2183845
1.2187213
1.2186906
1.2198274
1.219382
1.2195051
1.2196826
1.2225023
1.2214442
1.221474
1.2212427
1.2221503
1.222215
1.2211742
1.2168134
1.2188255
1.2147829
1.2197583
1.2181071
1.2204001
1.2214558
1.2184484
1.2187013
1.2186897
1.2198798
1.2196605
1.2195963
1.2199155
1.2179207
1.2164584
1.217107
1.2171892
1.217341
1.2178826
1.216601
1.2182426
1.2191622
1.2185332
1.2178586
1.2185267
1.2178073
1.2185729
1.2156588
1.2158424
1.2165144
1.2165269
1.2151599
1.2158117
1.2158772
1.2184725
1.218497
1.2186318
1.2198946
1.2196059
1.2196648
1.2198542
1.2225775
1.2214295
1.2214923
1.2213841
1.2223414
1.2223878
1.2213279
1.2185216
1.2187016
1.2186812
1.219931
1.2196991
1.219705
1.2199327
1.2172339
1.2156838
1.215925
1.215669
1.2167646
1.2170724
1.2154753
1.2158231
1.2174356
1.2163865
1.2158076
1.216694
1.2154971
1.2169767
1.214269
1.2136541
1.214761
1.2145296
1.2128701
1.2140713
1.2132787
1.2188453
1.2179972
1.2181781
1.2200484
1.2202213
1.2205704
1.2197527
1.2234084
1.2224222
1.2222049
1.2218996
1.2231452
1.2230731
1.2221455
1.2172109
1.2167186
1.2174438
1.219416
1.2184689
1.2191069
1.2187751
1.2177884
1.2157758
1.2158755
1.216628
1.2179892
1.2183539
1.216421
1.2181412
1.2193499
1.2181537
1.2175756
1.218872
1.2177573
1.2188886
1.2136766
1.2117168
1.2138671
1.2148602
1.2125863
1.2145143
1.2126654
1.216896
1.2163254
1.2167217
1.2178069
1.217456
1.2178353
1.2174412
1.220896
1.2201139
1.2199287
1.2192816
1.2204473
1.220299
1.2194275
1.2162942
1.2164546
1.2165542
1.21774
1.2176565
1.2177464
1.2175048
1.2160441
1.2143809
1.215098
1.2149855
1.2154588
1.2159452
1.2144513
1.2157863
1.2173002
1.216313
1.2155064
1.2163227
1.2152559
1.2165506
1.2133987
1.2132351
1.2143036
1.2139777
1.2121472
1.2129468
1.2132964
1.2145329
1.2146822
1.2150528
1.2169023
1.2158349
1.21643
1.2162808
1.2213958
1.2192451
1.219706
1.219204
1.220486
1.2209947
1.2186866
1.2156233
1.2165923
1.2152946
1.2170106
1.2165762
1.2176371
1.2176512
1.2150747
1.2160897
1.2155182
1.2174997
1.2177298
1.2170981
1.2180917
1.2127032
1.2105929
1.2111447
1.2109739
1.2118442
1.2123206
1.2105173
1.2119173
1.2135814
1.2120825
1.211436
1.2127075
1.2114156
1.2129363
1.2090273
1.2080028
1.2095997
1.2092757
1.2074709
1.2088158
1.2079119
1.2164606
1.2151613
1.2148574
1.2151969
1.2168854
1.216825
1.2154571
1.2151919
1.2168316
1.2154149
1.215359
1.2165389
1.2152862
1.2167347
1.213511
1.2118363
1.2133174
1.213754
1.212464
1.2139001
1.2121568
1.2161241
1.2160644
1.2160161
1.2176729
1.2175849
1.2177875
1.2175198
1.2209975
1.2195835
1.2195012
1.2194073
1.2207709
1.2207355
1.2194735
1.215827
1.2154536
1.2157631
1.2174575
1.217067
1.2171932
1.2173167
1.2145791
1.2131202
1.2130292
1.2128714
1.2142852
1.2144029
1.2129672
1.2122718
1.214263
1.2127568
1.2126809
1.2136172
1.2123167
1.214049
1.2115769
1.2102339
1.2115956
1.2115004
1.210266
1.2101413
1.2114665
1.213545
1.211875
1.2122658
1.2126447
1.213219
1.2137506
1.2121605
1.214638
1.2156212
1.2143823
1.2136673
1.2150569
1.2140318
1.214782
1.2107817
1.210185
1.2111851
1.2116115
1.2102445
1.2111174
1.2107192
1.2129989
1.2118861
1.2134799
1.2128793
1.2112566
1.2126656
1.2112314
1.2107851
1.2095107
1.2121337
1.2124141
1.2091255
1.2112545
1.2099245
1.2137927
1.2152997
1.2144928
1.2142709
1.2145989
1.2137773
1.2151383
1.2108108
1.2102349
1.2110825
1.2084458
1.2081257
1.2086705
1.2077497
1.1999544
1.2029918
1.2041567
1.2043954
1.1992312
1.1999064
1.2033254
1.2109148
1.2115292
1.2115141
1.2092239
1.2094442
1.2091751
1.2097969
1.2023495
1.2061406
1.2125574
1.2124945
1.2122678
1.2045006
1.2045616
1.209324
1.2090697
1.2102258
1.2095942
1.2076865
1.20878
1.2083226
1.2032774
1.2092109
1.1925595
1.2090631
1.2030337
1.2120588
1.2117727
1.2097121
1.2092698
1.2110044
1.209493
1.2075868
1.2088327
1.2082383
1.2108171
1.2127382
1.2114928
1.2108694
1.2116624
1.2123117
1.2103426
1.2089836
1.2091495
1.2099218
1.2091426
1.2074254
1.2082328
1.2082705
1.2052827
1.2093342
1.2107176
1.2079126
1.2057388
1.2052194
1.2077362
1.2097761
1.2112153
1.2106364
1.2097308
1.2093531
1.2099807
1.2089771
1.2056309
1.203363
1.2055695
1.2065324
1.2044913
1.2065718
1.2041459
1.209221
1.2055979
1.208193
1.2075683
1.2062874
1.2085149
1.205277
1.2078217
1.2096787
1.2076098
1.2084827
1.2106231
1.208681
1.2107255
1.1922033
1.2048715
1.1945357
1.2030508
1.1947836
1.2037358
1.1925839
1.1924566
1.2069299
1.1975854
1.2081963
1.1950008
1.1953588
1.20568
1.2009248
1.2003142
1.2005027
1.1985237
1.1988593
1.1986669
1.1984806
1.1845612
1.1663825
1.1986652
1.1998963
1.1856993
1.2022283
1.2022601
1.1959476
1.1985096
1.1991092
1.1968156
1.1950743
1.1952154
1.1967069
1.1999643
1.2003187
1.2003781
1.1984167
1.1980226
1.1981677
1.1984208
1.1957238
1.2093362
1.2099568
1.2012924
1.1998538
1.2085443
1.1976482
1.2058645
1.2051089
1.2061438
1.2045501
1.2037504
1.2045219
1.2036824
1.2044379
1.2059889
1.2061457
1.2044554
1.2026842
1.2027606
1.204397
1.2051042
1.2061187
1.2061899
1.2045315
1.2036649
1.2036803
1.2044608
1.2028418
1.2018984
1.203423
1.2032931
1.2015399
1.2028323
1.2019894
1.2046513
1.2035164
1.2049954
1.204113
1.2027471
1.2040471
1.202645
1.204379
1.2064435
1.2048778
1.2048758
1.2058012
1.2062153
1.2044834
1.1996818
1.2002643
1.2003651
1.1987073
1.1983121
1.1980745
1.1988738
1.1861566
1.1991772
1.1735415
1.2010112
1.1910822
1.206077
1.2041861
1.1976374
1.1993049
1.1992519
1.1980685
1.1966943
1.1965825
1.1981812
1.1996523
1.200328
1.2003493
1.1985849
1.1979709
1.198489
1.1979784
1.2079413
1.2067498
1.2081358
1.208319
1.2067487
1.2082382
1.2067773
1.2088374
1.2075656
1.2087459
1.2084517
1.2073096
1.2086743
1.2071238
1.2094522
1.2105604
1.2093143
1.2095019
1.2111157
1.2109242
1.2097125
1.2048024
1.2054268
1.205522
1.2039412
1.2034441
1.2034793
1.2037588
1.2024855
1.2039502
1.2049091
1.203022
1.2014278
1.2016255
1.202808
1.2048695
1.2059529
1.2057495
1.2041396
1.2035941
1.2043031
1.2035367
1.2035437
1.2032179
1.2034482
1.2021276
1.2019079
1.2020215
1.2019443
1.2012087
1.2012938
1.2021185
1.2013808
1.1999975
1.2006837
1.2008718
1.2031399
1.2038835
1.2034994
1.2024286
1.2025485
1.2021192
1.2029938
1.2074945
1.207133
1.2079798
1.2083356
1.2070254
1.2078709
1.2073875
1.2089758
1.208128
1.2090792
1.2089468
1.2076403
1.2088533
1.2077579
1.2081965
1.2093817
1.2086614
1.2091473
1.20941
1.2098931
1.2086553
1.2059136
1.2050961
1.2055665
1.2047297
1.2046917
1.2049787
1.2043947
1.1855255
1.1652188
1.2002152
1.200387
1.1873171
1.2039899
1.2042382
1.2032035
1.2043787
1.2043729
1.2040498
1.2027789
1.2029453
1.204061
1.2044707
1.2044118
1.2050344
1.2042949
1.2032995
1.2037417
1.2038361
1.1611605
1.1392434
1.1394129
1.1738882
1.1898272
1.1830962
1.1746018
1.1967468
1.1934704
1.1937968
1.1908384
1.1946637
1.1946912
1.1922195
1.1288799
1.1492117
1.1385482
1.1753973
1.1769401
1.1842768
1.1695118
1.1801898
1.1984132
1.1764823
1.1993424
1.1976748
1.1991247
1.1978224
1.1959797
1.1977612
1.1967017
1.1975725
1.1937373
1.1944391
1.1964587
1.1980655
1.1861984
1.1805004
1.1996506
1.1983689
1.1998569
1.1982625
0.89057907
0.95422837
0.94938998
0.94690784
0.91900045
0.92416101
0.91191988
1.2018704
1.2006777
1.1973061
1.2040069
1.1978341
1.2018546
1.2003862
1.2052156
1.2074163
1.2067884
1.2053643
1.2008874
1.2020297
1.2037421
1.1970469
1.1725002
1.1859969
1.2049278
1.2045189
1.202604
1.2043957
0.91131392
0.97944523
0.98139158
0.98597951
0.94914434
0.94643726
0.93946529
1.2022166
1.2053581
1.2027064
1.2026307
1.2008476
1.2008735
1.2027726
1.2013634
1.2012264
1.2028714
1.2017284
1.199839
1.2008314
1.2004044
1.2062888
1.1801022
1.1947515
1.2047433
1.2040932
1.2051324
1.2050802
1.1999355
1.1978476
1.1896342
1.2045126
1.2017601
1.2035669
1.2036396
1.2032206
1.2046755
1.2049696
1.2050771
1.1999649
1.2008167
1.2029073
1.1906996
1.1684645
1.1757907
1.2044986
1.2050343
1.2035549
1.204969
1.1971981
1.1951067
1.1873882
1.2007753
1.2011427
1.2015746
1.2010335
1.2028455
1.2023312
1.2029502
1.2023198
1.2013591
1.2018492
1.2022176
1.1924368
1.1785249
1.1848353
1.2020502
1.203239
1.2031771
1.2016298
1.198055
1.2041903
1.1930462
1.2042443
1.194402
1.2052481
1.1965701
1.2195493
1.220703
1.2206608
1.2192824
1.2194091
1.219154
1.2204027
1.2239284
1.2235773
1.2244865
1.2238519
1.2248231
1.2246517
1.2243737
1.224371
1.223934
1.2248975
1.2240367
1.2251242
1.2248249
1.2246529
1.2235335
1.2235158
1.2245216
1.2245971
1.2235255
1.2245535
1.2244585
1.2233434
1.2227634
1.2237003
1.2242978
1.2233158
1.2242122
1.2237006
1.2197302
1.2203771
1.2192195
1.2205131
1.2191953
1.2200147
1.2199544
1.218456
1.2193269
1.2179525
1.2182574
1.2196537
1.2193793
1.2191037
1.2188429
1.2199266
1.2199388
1.2182355
1.2184999
1.2179385
1.2194063
1.2150878
1.2161997
1.2142745
1.2143902
1.216612
1.215905
1.2155667
1.2181398
1.2189912
1.2178205
1.2194834
1.2181692
1.2193661
1.2189645
1.2064603
1.20284
1.2064348
1.2073112
1.2032327
1.2041924
1.2039442
1.2017858
1.1979043
1.1987771
1.2023408
1.2007993
1.2013951
1.1986516
1.2079092
1.2058954
1.2063175
1.2070708
1.2068181
1.2061966
1.2054178
1.2080396
1.2054622
1.2056564
1.2070998
1.2070771
1.206411
1.205091
1.1978739
1.1950798
1.1951085
1.1968308
1.1977921
1.1973212
1.1953364
1.205606
1.203535
1.2025609
1.2049922
1.2042292
1.2039384
1.2025223
1.2020827
1.2004527
1.2011646
1.2012366
1.2005176
1.1997324
1.1998236
1.1992393
1.1976605
1.1967798
1.1982387
1.19898
1.1981944
1.1969166
1.2060638
1.2044412
1.2058633
1.204417
1.20564
1.2042807
1.2044296
1.2033245
1.2014847
1.2012957
1.2031119
1.2026414
1.2026316
1.2012547
1.2009357
1.199218
1.1994003
1.2006845
1.2006035
1.2003342
1.1990245
1.2042404
1.2024849
1.2025759
1.203889
1.2039937
1.2037223
1.2024388
1.2112785
1.2213027
1.219239
1.2208225
1.2212847
1.2180696
1.2218255
1.2093464
1.2219853
1.2189099
1.2211529
1.2216865
1.2177649
1.2223705
1.2082807
1.2206452
1.2184693
1.2207001
1.2201523
1.2154839
1.2214966
1.2123303
1.2175325
1.2180608
1.2167254
1.217867
1.219206
1.2192791
1.2047999
1.2201398
1.216706
1.219284
1.2197905
1.2148887
1.2208738
1.2093197
1.2207461
1.2186801
1.2199109
1.2205094
1.2168959
1.2211619
1.2049694
1.2185044
1.2163615
1.2189247
1.2184643
1.2132163
1.2196355
1.2121798
1.2170122
1.2173428
1.2162318
1.2164704
1.217842
1.2184974
1.2041916
1.2156998
1.2136001
1.2163837
1.215877
1.2115673
1.2170055
1.2055906
1.2192635
1.2159231
1.2184188
1.2191864
1.2146141
1.2200269
1.2085177
1.219703
1.21704
1.2186214
1.2196379
1.2159206
1.2202592
1.2035909
1.2171636
1.2145918
1.2172992
1.2170828
1.2117085
1.2183877
1.1540963
1.1967709
1.1867732
1.1912656
1.191383
1.1730287
1.1988334
1.162139
1.2049826
1.1942062
1.2021873
1.2013607
1.1847039
1.2081495
1.1597799
1.2016125
1.1942263
1.1998857
1.1964816
1.1816612
1.2035058
1.1363776
1.1923571
1.1723791
1.1882064
1.1893015
1.1658054
1.1968427
1.1347607
1.1923201
1.1732858
1.1891963
1.1905445
1.16293
1.1987919
1.1565801
1.1978348
1.1884822
1.1947132
1.1930096
1.1765355
1.2011555
1.1230849
1.1863221
1.1616788
1.1807478
1.1836265
1.153014
1.1951935
1.1207323
1.1823063
1.1573982
1.1783674
1.18032
1.1532692
1.1911172
1.1776728
1.2053376
1.1965227
1.2050888
1.196093
1.2069465
1.2072658
1.0784848
1.126894
1.134978
1.1226024
1.128483
1.1590056
1.160005
1.2237168
1.2234131
1.2243808
1.2245766
1.2234982
1.2243976
1.2242345
1.2233498
1.2228603
1.2236346
1.2241966
1.2233089
1.2241029
1.2236669
1.2112522
1.2207282
1.2194455
1.2195547
1.2178764
1.2205609
1.2208335
1.2096818
1.2206765
1.2192437
1.2192714
1.2169359
1.2204349
1.2208067
1.204982
1.2112822
1.2141644
1.2113494
1.2141729
1.2156248
1.215161
1.1248987
1.1807922
1.156224
1.1787846
1.1528813
1.1718826
1.1853198
1.1084129
1.1630498
1.1387445
1.16904
1.1424293
1.1649645
1.1781533
1.1298426
1.1964619
1.1715008
1.1935469
1.1631115
1.1917759
1.204476
1.130511
1.1946625
1.170455
1.1915579
1.1652497
1.1910246
1.2019829
1.2188619
1.2176704
1.2094764
1.2205544
1.2192587
1.2219006
1.222168
1.2209424
1.2194756
1.2133319
1.2213369
1.2204772
1.2220745
1.2225696
1.1997175
1.1980657
1.1836429
1.2019297
1.1997352
1.2065756
1.2063566
1.2140528
1.2205564
1.2186913
1.2221165
1.2210961
1.2225676
1.2235151
1.2127812
1.2212787
1.2194952
1.2225987
1.2210549
1.2233046
1.2235835
1.2085965
1.2138271
1.2128842
1.2181276
1.2171056
1.2182756
1.2200134
1.2198519
1.2133175
1.218064
1.2214256
1.2203051
1.2220181
1.2230784
1.2081507
1.2014529
1.2077719
1.2125548
1.2133774
1.2142919
1.2159156
1.2175585
1.2086901
1.2155866
1.2191425
1.2173411
1.2200331
1.220358
1.2062475
1.20127
1.2062502
1.211047
1.2103671
1.2113019
1.2128418
1.2157424
1.2174458
1.2088162
1.2192625
1.2176875
1.2200976
1.2205822
1.2172013
1.2195317
1.212915
1.2211903
1.2196366
1.2214363
1.2225038
1.2019987
1.2067039
1.2067552
1.2116991
1.2122694
1.2127566
1.214782
1.1752244
1.1435779
1.1608988
1.1827117
1.1729325
1.1924593
1.1921889
1.1366567
1.0925192
1.1190716
1.1492099
1.1335853
1.1654285
1.1734273
1.1982723
1.1982562
1.1799861
1.2019523
1.2021111
1.2080497
1.2090692
1.1652482
1.1770455
1.139182
1.1886841
1.1802209
1.1989523
1.2043392
1.1324154
1.1676583
1.1527217
1.1772006
1.1683201
1.1905969
1.1926578
1.1964515
1.1966182
1.1825104
1.1993939
1.1989089
1.2038658
1.2043039
1.1610665
1.1703766
1.1450657
1.1813841
1.1777226
1.1904283
1.193631
1.1281818
1.1605554
1.1482323
1.1743305
1.1665026
1.1849332
1.1916862
1.1771274
1.1929072
1.1926329
1.1958175
1.1956605
1.2026888
1.2035249
1.1194333
1.1540402
1.1395384
1.1689402
1.1587027
1.1815317
1.189044
1.1361489
1.1707866
1.1591136
1.180151
1.170418
1.1928381
1.1936041
1.2150452
1.2170394
1.2169819
1.2173881
1.2167402
1.2177242
1.2178934
1.1766191
1.2038953
1.1987226
1.20145
1.1930369
1.2047621
1.2063069
1.233687
1.2331715
1.2334531
1.230962
1.2311854
1.2306746
1.2309288
1.2329073
1.2331735
1.2324415
1.2309599
1.2304799
1.2307634
1.2300599
1.2336448
1.2340284
1.2338657
1.231809
1.2314125
1.2317068
1.231462
1.2337985
1.2339251
1.2340424
1.2312419
1.2313459
1.2316933
1.231621
1.2338775
1.2339181
1.2339218
1.2314834
1.2314293
1.2313863
1.2315102
1.2336886
1.2332657
1.2332722
1.2314495
1.2313699
1.2306796
1.2308461
1.2332316
1.2325477
1.2332203
1.2299605
1.2305464
1.22956
1.2303031
1.2335405
1.2336992
1.2336593
1.2309917
1.2309645
1.2309882
1.2311055
1.2280544
1.2260915
1.2261598
1.2260683
1.2276776
1.2281271
1.2258456
1.2168647
1.21612
1.2169775
1.2103755
1.2108308
1.21058
1.2113609
1.217649
1.2186462
1.2181924
1.2118344
1.2115305
1.2137474
1.2131493
1.2203516
1.2179474
1.2177783
1.217283
1.2200615
1.2198401
1.2176827
1.2159616
1.2133991
1.2128986
1.2131951
1.2161718
1.2157489
1.2136006
1.2164167
1.2160923
1.2159252
1.2122357
1.2111382
1.211184
1.2111851
1.219092
1.2162885
1.2192975
1.2128334
1.2155295
1.2125676
1.2149393
1.2052134
1.2033923
1.206074
1.1973169
1.1991522
1.1976055
1.2001851
1.2049543
1.2091672
1.2096516
1.1952197
1.1929274
1.2030816
1.2028749
1.2070275
1.2060517
1.2066629
1.2023108
1.2015376
1.2012184
1.2020409
1.2125983
1.2097896
1.2119358
1.2063073
1.2082073
1.2041643
1.2051936
1.2005241
1.1987648
1.1990648
1.194204
1.1967179
1.1963379
1.1951294
1.1953313
1.1947202
1.1932063
1.1891735
1.1931318
1.1912242
1.1911447
1.2005422
1.2009099
1.198184
1.200926
1.1984843
1.198366
1.1984522
1.1886896
1.1908922
1.1931205
1.1824468
1.1808835
1.1851537
1.1859739
1.1845987
1.1932023
1.1908221
1.1803232
1.1783596
1.185874
1.1837866
1.1831913
1.181107
1.1786159
1.1753812
1.1759619
1.173906
1.1716896
1.183505
1.187343
1.1826363
1.1816195
1.1773503
1.1799236
1.1754065
1.1762745
1.1771047
1.1764868
1.1716935
1.1705783
1.171464
1.1724138
1.1842985
1.1880887
1.1851543
1.1800637
1.1772028
1.1808029
1.1783494
1.1901855
1.1905208
1.189422
1.184877
1.1843373
1.1855877
1.1839129
1.1902304
1.1883276
1.1878331
1.1845599
1.1858638
1.182144
1.1823834
1.228386
1.2270022
1.2269574
1.2268658
1.2282612
1.2282484
1.2268889
1.2283823
1.2265804
1.2270017
1.2269945
1.228017
1.2283334
1.2265808
1.2289086
1.2271964
1.2273686
1.2273047
1.228668
1.2288335
1.227196
1.2219861
1.2207729
1.2215089
1.2250854
1.2244691
1.2252818
1.2241356
1.2287085
1.226665
1.2273699
1.227377
1.2281634
1.2287334
1.2266449
1.2203495
1.2211955
1.2215054
1.223751
1.2224487
1.2228649
1.2232858
1.2278889
1.2259437
1.2260301
1.2257058
1.2274013
1.2278111
1.2254841
1.2204222
1.2174049
1.217968
1.2180658
1.2196773
1.220214
1.2174681
1.2196701
1.2182017
1.2177881
1.2165832
1.2188381
1.2182285
1.2172458
1.2070266
1.2030526
1.2073535
1.2063147
1.2030209
1.2057992
1.2028679
1.2029085
1.2014955
1.2034612
1.2032996
1.200984
1.2029971
1.2010955
1.1991792
1.1960036
1.1992914
1.1996392
1.1967239
1.1996667
1.1967531
1.2063507
1.2031242
1.2059183
1.2064387
1.2040279
1.2067802
1.2035391
1.2003645
1.2002662
1.2010676
1.196514
1.1978437
1.1976638
1.1968413
1.198886
1.1989505
1.1987793
1.1966857
1.1973277
1.1970624
1.1971084
1.1911655
1.1923971
1.1921339
1.189296
1.1889436
1.1879823
1.1899175
1.1997137
1.2004108
1.1997701
1.1978298
1.1980332
1.1977116
1.198016
1.1952993
1.1955259
1.196194
1.1946039
1.1933202
1.1933901
1.1941119
1.1999548
1.1993009
1.2002423
1.1974705
1.1968563
1.1974746
1.1964993
1.2202205
1.2211878
1.2205921
1.2202698
1.2195754
1.2197409
1.2206716
1.2181455
1.2189689
1.2174788
1.2191855
1.2175059
1.2186173
1.2185339
1.2158219
1.2168018
1.2152067
1.2173944
1.2157133
1.2170566
1.2165211
1.2214142
1.2222418
1.2220743
1.2213917
1.2211102
1.2210993
1.2219588
1.2213122
1.2222728
1.222228
1.221191
1.2210774
1.2209846
1.222068
1.2224249
1.2230247
1.2230142
1.2222348
1.2221931
1.2220736
1.2228436
1.2202922
1.2208352
1.2198371
1.2211672
1.2200315
1.2209034
1.2206616
1.2209205
1.2223098
1.2222194
1.2210116
1.2210042
1.2210434
1.2222092
1.2193002
1.2206297
1.2199616
1.2185126
1.2193847
1.2186361
1.2199201
1.2168158
1.2181031
1.2162173
1.2181129
1.2159421
1.2171908
1.2173279
1.2031574
1.2012985
1.2038656
1.2027607
1.2006562
1.2006017
1.2016116
1.207345
1.2053867
1.2057176
1.2061902
1.2058971
1.2049228
1.2046563
1.2033633
1.2012875
1.2026693
1.2031601
1.2018657
1.2017979
1.2013139
1.2066831
1.2048083
1.2062792
1.2050345
1.2064477
1.2049271
1.2049154
1.1985814
1.1971881
1.1960962
1.1971678
1.198044
1.1968837
1.1960925
1.1997025
1.1981869
1.1983618
1.1985855
1.1988912
1.1976291
1.1973818
1.2030425
1.2003834
1.1992404
1.2017931
1.2011158
1.199893
1.1988077
1.2026614
1.2012297
1.2005811
1.2019318
1.2016034
1.2004494
1.1999005
1.1942685
1.1950311
1.1941739
1.1953515
1.1944464
1.1945129
1.1932802
1.197462
1.1937918
1.1928609
1.196137
1.1949558
1.1933205
1.1922508
1.2229176
1.2221981
1.2239402
1.2242631
1.2225902
1.2238443
1.2234998
1.2227981
1.222312
1.223674
1.2240187
1.2225403
1.223827
1.2234658
1.204756
1.2019865
1.1975902
1.1986013
1.2037688
1.1984171
1.198249
1.2057916
1.2023831
1.199831
1.2037324
1.2013669
1.1998316
1.1993578
1.2252116
1.2229889
1.223193
1.2249536
1.2250055
1.2230015
1.2248345
1.2242601
1.222334
1.2214408
1.2240825
1.2234341
1.2216666
1.2234399
1.2236942
1.2198799
1.2198028
1.2234274
1.2226704
1.2194509
1.222455
1.223952
1.2216087
1.2204135
1.2235485
1.2227786
1.2203421
1.2225166
1.1974295
1.1959435
1.1909332
1.1976939
1.193271
1.1924403
1.1945002
1.1997058
1.1993677
1.1957926
1.1994862
1.1968801
1.1966996
1.1974617
1.19396
1.1946224
1.1926696
1.194067
1.1915924
1.1926657
1.1919192
1.2288282
1.2268896
1.2269979
1.2265702
1.2284351
1.228458
1.2264038
1.2230817
1.2229549
1.223066
1.2251982
1.2248238
1.2251364
1.2249241
1.2232188
1.2227559
1.2232901
1.2251995
1.2246526
1.2250611
1.2247261
1.2233004
1.2235107
1.2235162
1.2253606
1.2252018
1.225179
1.2253031
1.2211681
1.2218962
1.2213929
1.2240994
1.2238083
1.2234748
1.2246447
1.2294022
1.227368
1.2277325
1.2277967
1.2293359
1.2294595
1.2275063
1.2237355
1.2227856
1.2237647
1.2256241
1.224591
1.2255292
1.2246278
1.2200034
1.2202771
1.2204741
1.2231622
1.2223257
1.2224933
1.2231505
1.2211996
1.2189741
1.2191371
1.2186132
1.2207576
1.2208162
1.2186123
1.2190142
1.2162205
1.2166625
1.2169435
1.2188607
1.2191317
1.2167052
1.2167826
1.2146251
1.2143695
1.2136026
1.2161295
1.21589
1.2141229
1.216928
1.2135957
1.2145241
1.2148466
1.2160907
1.2169046
1.2138488
1.2046674
1.2006599
1.2049065
1.2059229
1.2017756
1.2049961
1.20175
1.2032086
1.2009751
1.2032409
1.2031827
1.2011942
1.2033268
1.2011005
1.2009573
1.1974921
1.2008153
1.2004606
1.1979109
1.2008949
1.1972094
1.2045119
1.2026381
1.2054097
1.2055192
1.2023721
1.2047873
1.2028578
1.1866867
1.1841765
1.1876359
1.1884492
1.1867914
1.1891115
1.1857913
1.1915832
1.1875026
1.1904032
1.1914831
1.1921465
1.1930353
1.1895379
1.1863566
1.1826973
1.1862864
1.1852964
1.1839387
1.1864664
1.1827337
1.1923523
1.1914969
1.1912369
1.1941915
1.1938982
1.1945808
1.1938261
1.1912334
1.1915078
1.1916772
1.1894763
1.1883451
1.1895087
1.1886304
1.1969711
1.1948155
1.1957703
1.1965232
1.1938668
1.1966639
1.1940819
1.1933263
1.1923244
1.1955116
1.1939946
1.190711
1.1925363
1.1915547
1.1964017
1.1947624
1.1965553
1.1965678
1.1937703
1.1963234
1.1937195
1.2208948
1.2195091
1.2262884
1.2258841
1.2203595
1.2200145
1.2261367
)
;

boundaryField
{
    sides
    {
        type            calculated;
        value           nonuniform List<scalar> 
800
(
1.2385609
1.2385552
1.2385495
1.2385439
1.2385383
1.2385327
1.2385272
1.2385218
1.2385164
1.2385111
1.2385058
1.2385006
1.2384953
1.2384901
1.2384848
1.2385609
1.2385552
1.2385495
1.2385439
1.2385383
1.2385327
1.2385272
1.2385218
1.2385164
1.2385111
1.2385058
1.2385005
1.2384953
1.2384901
1.2384849
1.2385609
1.2385552
1.2385495
1.2385439
1.2385383
1.2385327
1.2385272
1.2385218
1.2385165
1.2385111
1.2385058
1.2385005
1.2384953
1.2384901
1.2384849
1.2385609
1.2385552
1.2385495
1.2385439
1.2385383
1.2385327
1.2385272
1.2385218
1.2385164
1.2385111
1.2385058
1.2385005
1.2384953
1.2384901
1.2384849
1.2385609
1.2385552
1.2385495
1.2385439
1.2385383
1.2385327
1.2385273
1.2385218
1.2385164
1.2385111
1.2385058
1.2385005
1.2384953
1.2384901
1.2384849
1.2385609
1.2385552
1.2385495
1.2385439
1.2385383
1.2385327
1.2385273
1.2385218
1.2385164
1.2385111
1.2385058
1.2385005
1.2384953
1.2384901
1.2384849
1.2385609
1.2385552
1.2385495
1.2385439
1.2385383
1.2385327
1.2385272
1.2385218
1.2385165
1.2385111
1.2385058
1.2385005
1.2384953
1.2384901
1.2384849
1.2385609
1.2385552
1.2385495
1.2385439
1.2385383
1.2385327
1.2385273
1.2385219
1.2385165
1.2385111
1.2385058
1.2385006
1.2384953
1.2384901
1.2384848
1.2385608
1.2385552
1.2385495
1.2385439
1.2385383
1.2385327
1.2385273
1.2385218
1.2385165
1.2385111
1.2385058
1.2385005
1.2384953
1.2384901
1.2384849
1.2385608
1.2385552
1.2385495
1.2385439
1.2385383
1.2385327
1.2385273
1.2385218
1.2385165
1.2385111
1.2385058
1.2385006
1.2384953
1.2384901
1.2384849
1.2385608
1.2385609
1.2385609
1.2385609
1.2385609
1.2385609
1.2385609
1.2385609
1.2385609
1.2385609
1.2385552
1.2385552
1.2385552
1.2385552
1.2385552
1.2385552
1.2385552
1.2385552
1.2385552
1.2385552
1.2385495
1.2385495
1.2385495
1.2385495
1.2385495
1.2385495
1.2385495
1.2385495
1.2385495
1.2385495
1.2385439
1.2385439
1.2385439
1.2385439
1.2385439
1.2385439
1.2385439
1.2385439
1.2385439
1.2385439
1.2385383
1.2385383
1.2385383
1.2385383
1.2385383
1.2385383
1.2385383
1.2385383
1.2385383
1.2385383
1.2385327
1.2385327
1.2385327
1.2385328
1.2385328
1.2385328
1.2385328
1.2385327
1.2385328
1.2385328
1.2385273
1.2385273
1.2385273
1.2385273
1.2385273
1.2385273
1.2385273
1.2385273
1.2385273
1.2385273
1.2385218
1.2385218
1.2385218
1.2385218
1.2385218
1.2385218
1.2385218
1.2385218
1.2385218
1.2385218
1.2385165
1.2385164
1.2385164
1.2385164
1.2385164
1.2385164
1.2385164
1.2385164
1.2385164
1.2385164
1.2385111
1.2385111
1.2385111
1.2385111
1.2385111
1.2385111
1.2385111
1.2385111
1.238511
1.2385111
1.2385058
1.2385058
1.2385058
1.2385058
1.2385058
1.2385058
1.2385058
1.2385058
1.2385057
1.2385058
1.2385006
1.2385005
1.2385006
1.2385006
1.2385005
1.2385005
1.2385005
1.2385006
1.2385005
1.2385005
1.2384953
1.2384953
1.2384953
1.2384953
1.2384953
1.2384953
1.2384953
1.2384953
1.2384953
1.2384953
1.2384901
1.2384901
1.2384901
1.2384901
1.23849
1.23849
1.2384901
1.2384901
1.2384901
1.2384901
1.2384849
1.2384849
1.2384849
1.2384849
1.2384849
1.2384849
1.2384849
1.2384849
1.2384849
1.2384848
1.2385609
1.2385552
1.2385495
1.2385439
1.2385383
1.2385328
1.2385273
1.2385218
1.2385164
1.2385111
1.2385058
1.2385006
1.2384953
1.2384901
1.2384848
1.2385609
1.2385552
1.2385495
1.2385439
1.2385383
1.2385327
1.2385272
1.2385218
1.2385164
1.2385111
1.2385057
1.2385005
1.2384953
1.2384901
1.2384848
1.2385609
1.2385552
1.2385495
1.2385439
1.2385383
1.2385328
1.2385273
1.2385218
1.2385165
1.2385111
1.2385058
1.2385005
1.2384953
1.2384901
1.2384848
1.2385609
1.2385552
1.2385495
1.2385439
1.2385383
1.2385328
1.2385273
1.2385218
1.2385164
1.2385111
1.2385058
1.2385005
1.2384953
1.2384901
1.2384848
1.2385609
1.2385552
1.2385495
1.2385439
1.2385383
1.2385328
1.2385273
1.2385218
1.2385164
1.2385111
1.2385058
1.2385005
1.2384953
1.2384901
1.2384848
1.2385609
1.2385552
1.2385495
1.2385439
1.2385383
1.2385328
1.2385273
1.2385218
1.2385164
1.2385111
1.2385058
1.2385005
1.2384953
1.2384901
1.2384848
1.2385609
1.2385552
1.2385495
1.2385439
1.2385383
1.2385328
1.2385273
1.2385218
1.2385164
1.2385111
1.2385058
1.2385005
1.2384953
1.2384901
1.2384848
1.2385609
1.2385552
1.2385495
1.2385439
1.2385383
1.2385328
1.2385273
1.2385218
1.2385164
1.2385111
1.2385058
1.2385005
1.2384953
1.2384901
1.2384848
1.2385609
1.2385552
1.2385495
1.2385439
1.2385383
1.2385328
1.2385273
1.2385218
1.2385164
1.238511
1.2385058
1.2385005
1.2384953
1.2384901
1.2384849
1.2385609
1.2385552
1.2385495
1.2385439
1.2385383
1.2385328
1.2385273
1.2385218
1.2385164
1.2385111
1.2385058
1.2385005
1.2384953
1.2384901
1.2384848
1.2385609
1.2385609
1.2385609
1.2385609
1.2385609
1.2385609
1.2385609
1.2385609
1.2385609
1.2385609
1.2385552
1.2385552
1.2385552
1.2385552
1.2385552
1.2385552
1.2385552
1.2385552
1.2385552
1.2385552
1.2385495
1.2385495
1.2385495
1.2385495
1.2385495
1.2385495
1.2385495
1.2385495
1.2385495
1.2385495
1.2385439
1.2385439
1.2385439
1.2385439
1.2385439
1.2385439
1.2385439
1.2385439
1.2385439
1.2385439
1.2385383
1.2385383
1.2385383
1.2385383
1.2385383
1.2385383
1.2385383
1.2385383
1.2385383
1.2385383
1.2385327
1.2385328
1.2385327
1.2385327
1.2385327
1.2385328
1.2385328
1.2385328
1.2385328
1.2385328
1.2385272
1.2385272
1.2385272
1.2385272
1.2385273
1.2385273
1.2385273
1.2385273
1.2385273
1.2385273
1.2385218
1.2385218
1.2385218
1.2385218
1.2385218
1.2385218
1.2385218
1.2385218
1.2385218
1.2385218
1.2385164
1.2385164
1.2385164
1.2385164
1.2385164
1.2385164
1.2385164
1.2385164
1.2385164
1.2385164
1.2385111
1.2385111
1.2385111
1.2385111
1.2385111
1.2385111
1.238511
1.238511
1.238511
1.2385111
1.2385058
1.2385058
1.2385058
1.2385058
1.2385058
1.2385058
1.2385058
1.2385058
1.2385057
1.2385058
1.2385006
1.2385006
1.2385006
1.2385006
1.2385006
1.2385006
1.2385005
1.2385005
1.2385005
1.2385006
1.2384953
1.2384953
1.2384953
1.2384953
1.2384953
1.2384953
1.2384953
1.2384953
1.2384953
1.2384953
1.2384901
1.2384901
1.2384901
1.2384901
1.2384901
1.2384901
1.2384901
1.2384901
1.2384901
1.2384901
1.2384848
1.2384849
1.2384848
1.2384848
1.2384848
1.2384848
1.2384848
1.2384849
1.2384849
1.2384848
1.2385637
1.2385637
1.2385637
1.2385637
1.2385637
1.2385637
1.2385637
1.2385637
1.2385637
1.2385637
1.2385637
1.2385637
1.2385637
1.2385637
1.2385637
1.2385637
1.2385637
1.2385637
1.2385637
1.2385637
1.2385637
1.2385637
1.2385637
1.2385637
1.2385637
1.2385637
1.2385637
1.2385637
1.2385637
1.2385637
1.2385637
1.2385637
1.2385637
1.2385637
1.2385637
1.2385637
1.2385637
1.2385637
1.2385637
1.2385637
1.2385637
1.2385637
1.2385637
1.2385637
1.2385637
1.2385637
1.2385637
1.2385637
1.2385637
1.2385637
1.2385637
1.2385637
1.2385637
1.2385637
1.2385637
1.2385637
1.2385637
1.2385637
1.2385637
1.2385637
1.2385637
1.2385637
1.2385637
1.2385637
1.2385637
1.2385637
1.2385637
1.2385637
1.2385637
1.2385637
1.2385637
1.2385637
1.2385637
1.2385637
1.2385637
1.2385637
1.2385637
1.2385637
1.2385637
1.2385637
1.2385637
1.2385637
1.2385637
1.2385637
1.2385637
1.2385637
1.2385637
1.2385637
1.2385637
1.2385637
1.2385637
1.2385637
1.2385637
1.2385637
1.2385637
1.2385637
1.2385637
1.2385637
1.2385637
1.2385637
1.2384821
1.2384822
1.2384822
1.2384821
1.2384821
1.2384821
1.2384822
1.2384822
1.2384823
1.2384821
1.2384823
1.2384823
1.2384823
1.2384822
1.2384823
1.2384822
1.2384823
1.2384823
1.2384823
1.2384822
1.2384822
1.2384823
1.2384823
1.2384821
1.2384823
1.2384822
1.2384822
1.2384822
1.2384823
1.2384822
1.2384822
1.2384823
1.2384822
1.2384822
1.2384823
1.2384822
1.2384822
1.2384823
1.2384823
1.2384822
1.2384823
1.2384823
1.2384822
1.2384823
1.2384823
1.2384822
1.2384822
1.2384822
1.2384822
1.2384822
1.2384823
1.2384823
1.2384823
1.2384824
1.2384825
1.2384822
1.2384822
1.2384822
1.2384822
1.2384821
1.2384822
1.2384822
1.2384823
1.2384824
1.2384825
1.2384823
1.2384822
1.2384822
1.2384823
1.2384822
1.2384821
1.2384822
1.2384822
1.2384823
1.2384823
1.2384823
1.2384822
1.2384822
1.2384823
1.2384821
1.2384822
1.2384823
1.2384823
1.2384823
1.2384823
1.2384823
1.2384823
1.2384823
1.2384823
1.2384822
1.2384822
1.2384823
1.2384823
1.2384822
1.2384822
1.2384822
1.2384822
1.2384822
1.2384822
1.2384821
)
;
    }
    domain0_to_potato
    {
        type            calculated;
        value           nonuniform List<scalar> 
4872
(
0.85731357
0.8521535
0.85192123
0.85197528
0.85203525
0.81947284
0.85729903
0.85728278
0.85732276
0.85256661
0.85268717
0.85240116
0.85251118
0.85246459
0.85263021
0.85249043
0.85257422
0.85202406
0.85187995
0.81935908
0.85197563
0.81939539
0.85209911
0.81943125
0.85633236
0.85697422
0.85670895
0.85736445
0.85688464
0.85171885
0.85178399
0.85012065
0.85108675
0.85195778
0.85099405
0.85051512
0.84975466
0.8506183
0.85174042
0.85120128
0.8499408
0.8511734
0.85005378
0.82216362
0.822257
0.85659718
0.85664072
0.85635143
0.85662117
0.85657937
0.85655279
0.8516364
0.85130955
0.85167205
0.85189418
0.85153932
0.85157613
0.85748518
0.85738576
0.85690303
0.85117151
0.85112855
0.85071638
0.8510797
0.85146407
0.85081226
0.85698687
0.85725768
0.85658903
0.85129265
0.85172287
0.85124349
0.85165241
0.85123727
0.85116338
0.85090237
0.85063934
0.85162804
0.85122084
0.85735908
0.85725399
0.85680894
0.85115492
0.85094787
0.85069315
0.85171741
0.85126986
0.85159489
0.85153296
0.851121
0.85157574
0.85115687
0.85146017
0.85128624
0.85100935
0.85163508
0.85113459
0.85124186
0.85107564
0.85052646
0.85130296
0.8499837
0.85137924
0.84978738
0.85110727
0.85086559
0.85203042
0.85152995
0.85065815
0.8518327
0.82208926
0.82229444
0.82219822
0.82238664
0.82478384
0.85104467
0.85083605
0.84992527
0.85067693
0.85160165
0.82203764
0.82222248
0.82223916
0.82241701
0.82490832
0.85137064
0.85138726
0.85023215
0.85118076
0.85206597
0.82232155
0.82253479
0.82212634
0.82225761
0.82511337
0.85115851
0.85078599
0.85177419
0.85109773
0.85098367
0.8516527
0.82230672
0.82241322
0.82498942
0.85629146
0.85623336
0.85572573
0.85371969
0.85459559
0.85376563
0.85592622
0.85545902
0.85344987
0.85310693
0.85515403
0.85550054
0.8549121
0.85316623
0.85321339
0.85314124
0.8542595
0.85390804
0.85517267
0.85467343
0.85633814
0.85607128
0.85567243
0.85378495
0.85465041
0.85377751
0.85599787
0.85562342
0.85298604
0.8528458
0.85509681
0.85534462
0.85487347
0.85415694
0.85395183
0.85556657
0.85500935
0.85278526
0.85279128
0.85280898
0.85605713
0.85627783
0.85633196
0.85736314
0.85626582
0.85744512
0.85627272
0.8558286
0.85576568
0.85555725
0.85642821
0.85647683
0.84936454
0.84952927
0.84965374
0.84936544
0.84950058
0.84971392
0.85030912
0.84955408
0.85067079
0.84986964
0.8498228
0.84968127
0.85041747
0.85044329
0.84952183
0.84993941
0.84948475
0.84964393
0.85000359
0.84955453
0.84901962
0.84910431
0.84878006
0.85125643
0.85094824
0.85140039
0.85033357
0.84928498
0.84874575
0.84978959
0.85067131
0.84865901
0.84902049
0.84912171
0.84869851
0.84963656
0.85027458
0.85074631
0.85004968
0.84916915
0.84868674
0.84938681
0.85023345
0.84832826
0.85629107
0.85600315
0.85589558
0.85363146
0.85459684
0.85367516
0.856086
0.85577323
0.85301626
0.85278651
0.85539998
0.85556042
0.85511176
0.85284581
0.85286484
0.85287144
0.85413877
0.8540619
0.85530483
0.8547396
0.85627085
0.85614435
0.85593383
0.85385514
0.85479312
0.85388632
0.85622435
0.85582173
0.8533089
0.85308563
0.85552941
0.85579429
0.85526717
0.85313378
0.85305491
0.85301365
0.85457153
0.85404819
0.85564003
0.85510108
0.85618714
0.85767046
0.85628948
0.85759955
0.85630614
0.85588859
0.85591756
0.85570921
0.85673212
0.85684281
0.85346965
0.85386391
0.85325608
0.85366341
0.85399486
0.85349436
0.85137712
0.85173022
0.85180233
0.85225789
0.85209021
0.85169111
0.85172248
0.85247665
0.85215508
0.8520672
0.85239182
0.85248496
0.85094141
0.85089651
0.85336991
0.85049119
0.85233359
0.8505137
0.85202104
0.85289892
0.85319079
0.85128771
0.85244404
0.85147038
0.85360154
0.85029326
0.85232826
0.85085671
0.85228887
0.85320198
0.85340096
0.8516092
0.8524879
0.85180854
0.85606342
0.85624772
0.8573967
0.85608926
0.85735744
0.85616042
0.85574287
0.85588551
0.85629688
0.85561349
0.85630555
0.85597845
0.85548695
0.85363114
0.85466543
0.85387677
0.85633511
0.85597514
0.85285517
0.85289418
0.85540118
0.85561093
0.85521642
0.85271592
0.85271415
0.85280539
0.85436981
0.85401235
0.85558317
0.85500499
0.85351777
0.85341998
0.85071555
0.85254026
0.85088196
0.85241486
0.85341098
0.85353278
0.8525844
0.85167704
0.85189596
0.85378795
0.85316081
0.85332607
0.85384543
0.85324471
0.85111439
0.8520431
0.85125882
0.85182097
0.85207685
0.85177816
0.85187084
0.85206305
0.85166625
0.85161383
0.85184489
0.85181745
0.85068934
0.85066494
0.85333824
0.85036318
0.85211297
0.85015272
0.85175749
0.85309594
0.85322095
0.85247737
0.85138148
0.85115202
0.85609656
0.85629602
0.85774836
0.85621434
0.85747503
0.85622848
0.85584917
0.85591956
0.85608985
0.85551559
0.85639014
0.85616489
0.8557986
0.85399687
0.8548237
0.85406101
0.85611303
0.85581614
0.85354447
0.85313056
0.85542832
0.8557841
0.85525756
0.85446728
0.85399066
0.85561858
0.85505416
0.85317969
0.85309509
0.85316533
0.85360717
0.8535171
0.85040194
0.85224088
0.8500706
0.8518191
0.85308548
0.85329313
0.85228419
0.85114615
0.85142805
0.85389782
0.85341175
0.85374224
0.85386146
0.85331938
0.85140552
0.85185894
0.85138379
0.85200346
0.85226283
0.85200046
0.8518349
0.85233397
0.85197747
0.85197762
0.85197245
0.85223951
0.85070876
0.85074499
0.85373061
0.85052914
0.85247505
0.85093668
0.85243912
0.85343659
0.85358503
0.85281522
0.8520593
0.8516562
0.85606353
0.8558253
0.8538408
0.85466452
0.85374468
0.856463
0.85599899
0.8532322
0.8530598
0.85563876
0.85588367
0.8553696
0.85439573
0.8539404
0.85561234
0.85497522
0.85279236
0.85279391
0.85287356
0.85622042
0.85589371
0.85332387
0.8544238
0.85346122
0.85611792
0.85577168
0.85294958
0.85266825
0.85556167
0.85580449
0.85524598
0.85418143
0.85372953
0.85555488
0.85490029
0.85271884
0.85270316
0.85270518
0.85365453
0.85360833
0.85043351
0.85235026
0.85070469
0.85234794
0.85336859
0.85345314
0.85250451
0.85160515
0.85150671
0.85299092
0.85315305
0.85031435
0.85206197
0.85021858
0.85179004
0.85278496
0.85305657
0.85180627
0.85118988
0.85118226
0.85388559
0.85330201
0.85373834
0.85302961
0.85150849
0.85205607
0.85110854
0.85153062
0.85226314
0.85201426
0.85188506
0.85192137
0.85166996
0.85155348
0.85217112
0.85208149
0.85087545
0.8508004
0.8494648
0.84916761
0.85038336
0.85048859
0.851016
0.85040541
0.84967785
0.84928202
0.85060648
0.849462
0.84861749
0.84935771
0.84915239
0.85123645
0.85090196
0.85089622
0.85022495
0.84963156
0.84894726
0.85093314
0.84980335
0.84851141
0.84782525
0.84777956
0.84178762
0.84389896
0.84152544
0.84679394
0.84674062
0.83680752
0.83649262
0.84664426
0.84712799
0.8464867
0.84320659
0.84117175
0.8423304
0.84028373
0.8376047
0.83743351
0.83730253
0.84788667
0.84770005
0.84164271
0.84372946
0.84136633
0.84671596
0.84647515
0.83656879
0.83618313
0.84644297
0.84683449
0.84631771
0.84276703
0.84042869
0.84228657
0.84025608
0.83736935
0.83732599
0.83704685
0.84144765
0.82404592
0.82682221
0.8241448
0.82671818
0.83906687
0.83908921
0.8357308
0.83537924
0.82807597
0.84938481
0.84955477
0.84915527
0.84934735
0.84955469
0.85057725
0.85000388
0.85035673
0.8493451
0.84969958
0.84965095
0.85020045
0.85017073
0.8494944
0.849939
0.84952386
0.84931048
0.84957635
0.84928558
0.84904872
0.84880453
0.8500179
0.85021052
0.85080789
0.85000474
0.8492797
0.84873444
0.85046058
0.84795951
0.84939398
0.84760958
0.84739539
0.84161655
0.84368423
0.84121315
0.84645969
0.84653047
0.83652023
0.83616943
0.84636462
0.84668328
0.84617154
0.84278305
0.84056347
0.84198084
0.83992774
0.83725719
0.8371972
0.83703485
0.84122906
0.84159552
0.82395338
0.82678719
0.82415891
0.82696146
0.83870457
0.83896306
0.83558999
0.83576972
0.82812728
0.8474809
0.84752547
0.84384319
0.84153177
0.84601653
0.84622643
0.83675129
0.83652383
0.84602719
0.84660996
0.84598632
0.84287148
0.84101534
0.84216773
0.84017019
0.83759557
0.83738037
0.83736407
0.84957792
0.84963359
0.84933435
0.84934808
0.84949813
0.85017185
0.84956195
0.85055203
0.84974069
0.84938456
0.84958094
0.85025501
0.85032825
0.84923475
0.84974876
0.84926988
0.84951582
0.84994523
0.8496216
0.84957139
0.84911246
0.85096731
0.85091451
0.85147081
0.85048042
0.85003679
0.84959923
0.85102382
0.84870225
0.8499106
0.84740992
0.84740684
0.84176221
0.84393581
0.84159085
0.84655455
0.84659986
0.83665225
0.8365043
0.84295477
0.84066913
0.84250671
0.84044196
0.84624727
0.84658778
0.84601782
0.83772734
0.83759862
0.83750148
0.84146806
0.84179849
0.82431739
0.82719144
0.82404728
0.82712119
0.83916574
0.83912197
0.83616365
0.83606635
0.82842173
0.84780938
0.84779136
0.84406053
0.8417096
0.84689661
0.84677759
0.83632345
0.836064
0.842867
0.84052778
0.842154
0.84006138
0.84649056
0.84681132
0.84631216
0.83734948
0.8373498
0.83719709
0.84912388
0.84915765
0.84873599
0.85081555
0.85077712
0.85102841
0.85009134
0.84941004
0.84894391
0.84956145
0.85071988
0.84855303
0.84908063
0.84912894
0.84882046
0.85035423
0.85044009
0.85115352
0.85010749
0.84926271
0.84882835
0.84945743
0.85037198
0.84835013
0.8495093
0.84951746
0.84942178
0.84954897
0.85073864
0.84983595
0.85041294
0.84953119
0.8492237
0.84938689
0.85028872
0.8502722
0.84953666
0.84990905
0.84952872
0.84946121
0.84970536
0.84934809
0.84161608
0.84191957
0.8419138
0.82407403
0.82701211
0.82423121
0.82699322
0.83918507
0.83909596
0.82825151
0.83581032
0.83592299
0.84752892
0.84743423
0.8440393
0.84161579
0.84610984
0.84600816
0.83625822
0.83611708
0.84259638
0.8405512
0.842219
0.84022507
0.84639339
0.84695038
0.84626403
0.83736591
0.83731439
0.83721602
0.84769083
0.84768414
0.8438879
0.84155724
0.84676975
0.84668546
0.83689899
0.83645438
0.84310646
0.84095771
0.84207059
0.84005319
0.84653698
0.8468079
0.84630768
0.83768064
0.83740443
0.83740439
0.85712053
0.85714661
0.85696302
0.85226658
0.85145654
0.85160363
0.85184628
0.85121654
0.85120291
0.85196342
0.85128618
0.85129767
0.85183006
0.85135139
0.85117926
0.81998273
0.82001756
0.82051374
0.85713128
0.85716387
0.85702771
0.85709371
0.8570761
0.85690728
0.85718933
0.85717198
0.85708016
0.85287083
0.85242086
0.85270277
0.85298224
0.85280311
0.8530751
0.85268726
0.85240419
0.85269646
0.85281549
0.85241796
0.85276961
0.85276811
0.85238885
0.85270156
0.85291933
0.85263639
0.85287942
0.85278958
0.85250291
0.85280052
0.85287966
0.8523653
0.85260965
0.85191089
0.85132137
0.8512897
0.85186045
0.85119787
0.85120301
0.81982737
0.8198747
0.82035176
0.85187741
0.85127544
0.85121256
0.81984041
0.81994461
0.82039714
0.8520985
0.85142749
0.85145877
0.81992364
0.81996825
0.82045468
0.85274881
0.85481581
0.85552677
0.85598323
0.85621748
0.85570129
0.85649116
0.85645037
0.85616485
0.85536971
0.85601377
0.85616309
0.85569894
0.85652546
0.85661989
0.85633044
0.84983093
0.84988935
0.85043079
0.85057167
0.85081238
0.85135639
0.8510896
0.85110524
0.85061688
0.8504026
0.84758536
0.84801852
0.8486232
0.84757255
0.84825088
0.8474704
0.84743235
0.85030621
0.85022013
0.8509684
0.85080161
0.85069183
0.85013504
0.84968854
0.8475154
0.84807049
0.84835594
0.84737695
0.84802988
0.84695195
0.84729344
0.85470034
0.8559203
0.8557053
0.85482196
0.85277451
0.85563741
0.85615212
0.85608709
0.85593313
0.85671588
0.85628424
0.85606301
0.85534526
0.85602201
0.85626896
0.85566307
0.85642266
0.85644834
0.85620588
0.85436269
0.85454945
0.85002626
0.85059467
0.85215276
0.85218863
0.85201104
0.85278184
0.85270604
0.85256698
0.85222455
0.8510381
0.85131054
0.85084498
0.85115764
0.85102146
0.85049653
0.85111036
0.85219813
0.85216772
0.85203326
0.85258245
0.85243875
0.85230085
0.85195555
0.85120656
0.85159537
0.85096942
0.8516223
0.85176456
0.85123886
0.85162032
0.85584864
0.85518135
0.85607678
0.85558379
0.85636165
0.85647738
0.85625861
0.85528535
0.85598921
0.85600389
0.85568847
0.8564972
0.85653442
0.85613678
0.85466563
0.85260393
0.85235778
0.85242114
0.85227008
0.85280331
0.85266288
0.85260542
0.85234782
0.85139721
0.85179974
0.8511821
0.8515564
0.85162976
0.85109954
0.85166359
0.85458383
0.8548299
0.85046828
0.85008061
0.85200741
0.8520977
0.85196847
0.85252323
0.85230711
0.8521657
0.85210449
0.85120096
0.850842
0.85045128
0.85107788
0.85095006
0.8502725
0.85102353
0.85600629
0.85543915
0.85651688
0.85570732
0.85645908
0.85648254
0.85623101
0.85558847
0.85607227
0.85622065
0.85588299
0.85660399
0.85647196
0.85622234
0.85487851
0.85193356
0.85204735
0.85176341
0.85259168
0.8523223
0.8522046
0.85192918
0.85068634
0.8508199
0.85042892
0.85102994
0.85083123
0.85010757
0.85057975
0.85454598
0.8545761
0.85037085
0.85222452
0.8521921
0.85211987
0.85269255
0.85265997
0.85240881
0.85214022
0.85146197
0.85117234
0.85094642
0.85150098
0.85140835
0.85099698
0.85163337
0.8525827
0.85486611
0.85283174
0.85202371
0.85209429
0.85190077
0.85254466
0.85240354
0.85230945
0.85218519
0.85135102
0.85121352
0.85099443
0.85144466
0.85128713
0.85068094
0.85118755
0.85198933
0.85197254
0.85186075
0.85264015
0.85258159
0.85239684
0.85198451
0.85097516
0.85073714
0.85061368
0.85105047
0.85089491
0.85028895
0.85087444
0.8502393
0.85033683
0.85007759
0.85014177
0.85092417
0.85075586
0.85067817
0.85037034
0.84977238
0.84760732
0.84812389
0.84870941
0.8475581
0.84826676
0.84750283
0.8475478
0.85034967
0.85034048
0.85113382
0.8511899
0.85124082
0.85075505
0.85023419
0.84730654
0.84791073
0.84810078
0.847393
0.84809684
0.84711832
0.8472014
0.84625437
0.84610097
0.83355563
0.84628101
0.84587987
0.83356465
0.82915916
0.8288
0.8289206
0.82869956
0.82908421
0.83184687
0.83190117
0.85013451
0.85030425
0.85089887
0.85086553
0.85089739
0.85038436
0.84972086
0.84788151
0.8473883
0.84832017
0.84750079
0.84819037
0.84748008
0.84748194
0.84603784
0.84570843
0.83325694
0.82894197
0.82860902
0.82881513
0.82843584
0.82885632
0.83162898
0.83173403
0.84513961
0.85006421
0.85003426
0.85015412
0.8508551
0.85066476
0.85130392
0.85129401
0.85131991
0.85085663
0.85056115
0.84796516
0.84750599
0.84841376
0.84764083
0.8483774
0.84759854
0.84742616
0.84604908
0.845948
0.83381986
0.82942939
0.829151
0.82929767
0.82891069
0.82926692
0.83196593
0.83220343
0.82899225
0.82870992
0.82886974
0.82843798
0.82876804
0.83155176
0.83179481
0.84505313
0.85072801
0.85085602
0.85150478
0.85119362
0.85119089
0.85068188
0.85042509
0.84738132
0.84784457
0.84828433
0.84754169
0.84820096
0.84742455
0.8470685
0.85029827
0.85016745
0.85109361
0.85084068
0.85092714
0.85040774
0.84944729
0.84722077
0.84771183
0.84804438
0.8474594
0.84808962
0.84716571
0.84696067
0.84997965
0.84996488
0.85024596
0.85016661
0.82866442
0.82893112
0.82877794
0.82854512
0.82885463
0.83164798
0.83175049
0.82909255
0.82935063
0.82919408
0.82861951
0.82891898
0.83164545
0.83215037
0.84497915
0.83340012
0.85459389
0.85425082
0.85434294
0.85680412
0.85675762
0.85599421
0.85655008
0.85666898
0.85689057
0.85681462
0.8563069
0.85688759
0.85668835
0.85663785
0.85771425
0.85663791
0.85770229
0.85597719
0.85228742
0.85228983
0.85130333
0.85151765
0.85183566
0.85080798
0.85095421
0.84996318
0.85066994
0.8509707
0.85190117
0.85350786
0.85148932
0.85231726
0.85082965
0.85168167
0.85153373
0.85069727
0.85047253
0.85137273
0.85050103
0.85042688
0.8496145
0.85032359
0.85053474
0.85166097
0.85296228
0.85134181
0.85212412
0.85058654
0.85179002
0.8507951
0.85129004
0.85060309
0.84992314
0.85083062
0.85158804
0.85090954
0.85114568
0.85049177
0.82092441
0.82252864
0.82144172
0.82098217
0.82270155
0.82153786
0.85686973
0.85626287
0.85676385
0.85696993
0.85625019
0.85686724
0.85684305
0.85604139
0.85668816
0.85681928
0.85620033
0.85662724
0.85592039
0.85693515
0.85629003
0.85684596
0.85690407
0.85611434
0.85680376
0.85275314
0.85122756
0.85258216
0.85206074
0.85068993
0.85205714
0.85097439
0.8528164
0.85132813
0.85276443
0.8525645
0.85124735
0.85256388
0.8525686
0.85112695
0.85247999
0.85223583
0.85113952
0.85246934
0.85126216
0.85702523
0.85699393
0.85714594
0.85685672
0.85644661
0.85785272
0.85664929
0.85775983
0.85597056
0.85091895
0.85084021
0.85032721
0.85075149
0.85069337
0.84971229
0.85041833
0.84954675
0.85082405
0.85083767
0.85100383
0.8510967
0.85080319
0.84994694
0.85085897
0.84993601
0.85464963
0.85415415
0.85422402
0.85695803
0.85655845
0.85675033
0.85679891
0.85654312
0.85751948
0.85638357
0.8573209
0.85099915
0.85120352
0.85083034
0.85123883
0.85076134
0.85029991
0.85098477
0.85015098
0.85126279
0.85268708
0.85074803
0.85110552
0.85083727
0.85255213
0.85201848
0.85039994
0.85065872
0.85057911
0.8522096
0.85064655
0.84983548
0.85055337
0.84953561
0.85103647
0.85269952
0.85110676
0.85251173
0.85201949
0.85067122
0.85210524
0.85715818
0.85686005
0.85686459
0.85663315
0.85681782
0.85777147
0.85679595
0.85758629
0.85616709
0.85463763
0.85422362
0.85428586
0.85076948
0.85082705
0.85039573
0.85052245
0.85062515
0.8498719
0.85063385
0.84944364
0.85101388
0.85086965
0.85034435
0.85112922
0.85075709
0.85023058
0.85089515
0.85112999
0.85455387
0.85430253
0.85410912
0.85269689
0.85083284
0.85111178
0.85080588
0.85263558
0.85224346
0.85069871
0.85104045
0.85107699
0.85230693
0.85090057
0.85008385
0.85077947
0.85000199
0.851139
0.85038018
0.84977597
0.85078367
0.85032731
0.8496575
0.85045167
0.85069629
0.85174447
0.85093769
0.85140082
0.85064226
0.85011533
0.85073009
0.85069603
0.85177824
0.85097785
0.85130652
0.85045001
0.84986881
0.85056212
0.85194731
0.8510735
0.85139365
0.85079369
0.85172385
0.85355921
0.85162776
0.85289435
0.85188167
0.85130345
0.85087941
0.85044989
0.85155912
0.85307882
0.85134596
0.85236538
0.85053774
0.84751755
0.84741755
0.84457567
0.82079969
0.82257333
0.82245334
0.82260205
0.82138055
0.82088206
0.8225418
0.82245428
0.82257601
0.82138345
0.82221863
0.82370383
0.82220319
0.82368952
0.82205825
0.85164189
0.85127944
0.85050782
0.85049426
0.85117604
0.85060102
0.85066617
0.84978266
0.85048366
0.85058899
0.85125739
0.85266118
0.8510558
0.85209397
0.85033106
0.84744684
0.84749462
0.84447594
0.82077692
0.82250802
0.82237625
0.82249777
0.82135892
0.82094164
0.82268287
0.82255793
0.82268865
0.82145515
0.8222594
0.82377811
0.82226489
0.82389586
0.82208484
0.85190571
0.85176238
0.8508652
0.851185
0.85144667
0.85153405
0.85334482
0.8513347
0.85221775
0.85090607
0.85061779
0.82093569
0.82288526
0.82272781
0.82288517
0.82148826
0.82091175
0.82269267
0.82251059
0.82260144
0.82148241
0.8223765
0.82410517
0.82240349
0.8240615
0.82220745
0.84731222
0.84748794
0.8447142
0.8517446
0.85105512
0.85089225
0.8504555
0.85155078
0.85348042
0.85146553
0.85190531
0.85061213
0.85184971
0.85105406
0.85154791
0.85322461
0.85131738
0.85210218
0.8509816
0.8227038
0.82262544
0.82282418
0.82284842
0.82236795
0.82396149
0.82236771
0.82397776
0.82219911
0.84732232
0.84737067
0.84462276
0.85419226
0.85408335
0.85465853
0.85511322
0.85559991
0.85460362
0.85490329
0.85426697
0.85415843
0.85479441
0.85367439
0.85537538
0.85530843
0.8552891
0.8561121
0.85552451
0.8551503
0.85573152
0.85509028
0.85461026
0.8545615
0.85475982
0.85492635
0.85384171
0.85344771
0.85553915
0.85410121
0.85519564
0.85597905
0.85473577
0.85385636
0.85379827
0.85389903
0.85499827
0.85515679
0.85537465
0.85465658
0.85526829
0.85551678
0.85623339
0.85523591
0.85647549
0.85531674
0.85509628
0.85423332
0.85498404
0.85574562
0.85537619
0.85589175
0.85458981
0.85625945
0.85419175
0.85351109
0.85434863
0.85381453
0.852757
0.85269736
0.85359213
0.8539056
0.85301612
0.85392082
0.85256788
0.85356496
0.85361189
0.85400187
0.85245665
0.85314527
0.85267618
0.85617422
0.85316483
0.85320898
0.85482014
0.85439639
0.85419756
0.85470122
0.8550695
0.85457028
0.85459854
0.85450606
0.85431664
0.85424758
0.85474225
0.8551964
0.85542831
0.854647
0.85495044
0.85419903
0.85427727
0.85477834
0.85363556
0.85481187
0.85469197
0.85489039
0.8550403
0.8538334
0.85343972
0.85570532
0.85408835
0.85488969
0.85594953
0.85456206
0.85515956
0.85359889
0.853389
0.8537271
0.85522721
0.85528951
0.85540834
0.85537438
0.8556365
0.85616624
0.85548276
0.85629034
0.85561555
0.85511989
0.85471604
0.85547862
0.85561046
0.85539951
0.8558315
0.85501314
0.85613494
0.85406339
0.85356025
0.85419241
0.85363632
0.85271612
0.85227282
0.85271493
0.85340496
0.8537782
0.8527181
0.85376702
0.85217708
0.85475123
0.85454177
0.85354678
0.85360938
0.85364086
0.85300222
0.85229225
0.85263882
0.85606231
0.85476116
0.85438513
0.85413696
0.85462475
0.8551629
0.85470088
0.8529416
0.85280346
0.85620883
0.85623025
0.85725893
0.85714618
0.85742986
0.85522062
0.85630397
0.85661806
0.85602156
0.85609027
0.85696287
0.85573961
0.85667387
0.85608132
0.8557303
0.8565992
0.85623003
0.85631111
0.8572471
0.85698892
0.85730367
0.85514259
0.85625928
0.85663767
0.85588742
0.85641872
0.85601681
0.85692821
0.85558217
0.85645876
0.85584992
0.85561544
0.85629781
0.85619565
0.85734614
0.85723994
0.85649526
0.85574826
0.85586282
0.85539237
0.85549032
0.85524693
0.85547167
0.85510104
0.85606523
0.85641538
0.85634424
0.85558148
0.85561935
0.85626069
0.85655364
0.85552406
0.85509501
0.85584938
0.85634752
0.85655295
0.85602123
0.85007091
0.84996763
0.85058159
0.8514558
0.85083442
0.85041534
0.85153952
0.85101075
0.85041247
0.85002865
0.84979026
0.85016485
0.85050016
0.85033708
0.84978311
0.84991834
0.84900504
0.85055543
0.85027032
0.85056142
0.85044719
0.84983981
0.85000646
0.84910237
0.8505013
0.84992066
0.85068732
0.84993482
0.84999927
0.85057043
0.84971781
0.84992296
0.84962153
0.84976142
0.85046474
0.85027532
0.8507142
0.85010405
0.8506286
0.85059257
0.85178878
0.8501211
0.85104801
0.85048127
0.84989063
0.84959526
0.85030974
0.85093578
0.85018808
0.84953863
0.85035377
0.85065058
0.85058954
0.85093521
0.8503273
0.85052713
0.85179419
0.85026608
0.85150746
0.85052305
0.84975694
0.84964719
0.8500718
0.85084415
0.85044545
0.85001491
0.84967597
0.85078344
0.84996518
0.84977992
0.84987392
0.84956269
0.85007953
0.85003199
0.84883244
0.85018807
0.84890611
0.85019765
0.85091001
0.85111007
0.8514135
0.85130514
0.85202829
0.85256266
0.8500304
0.85044466
0.85090598
0.85065074
0.85069475
0.85200946
0.8498825
0.85051013
0.85065295
0.85014917
0.85067805
0.8488525
0.84881785
0.85113711
0.84994658
0.84967278
0.84714342
0.84963002
0.84906423
0.84751645
0.84769922
0.84904112
0.85082505
0.84908083
0.84996432
0.84794659
0.84760577
0.8478666
0.84972671
0.85076528
0.85101678
0.84970999
0.84955469
0.84896603
0.84874589
0.84873565
0.84808411
0.84834561
0.84887846
0.85017329
0.84820489
0.84895762
0.85024487
0.85057647
0.84919706
0.84930431
0.85014652
0.8507785
0.84868533
0.84827271
0.84838801
0.84953693
0.85049529
0.85068943
0.84982763
0.85134113
0.85196277
0.8494564
0.85002892
0.85032131
0.85015901
0.8502277
0.85111587
0.84962405
0.8503109
0.84988968
0.84959363
0.85015081
0.84867513
0.84849814
0.85074517
0.84782934
0.84995564
0.8495858
0.84714099
0.84948586
0.84934493
0.8473823
0.84905488
0.85062689
0.84888954
0.8495417
0.84774374
0.84749516
0.84783422
0.84958961
0.85077871
0.85044798
0.85020716
0.85010371
0.849025
0.84957721
0.84895647
0.84911133
0.849958
0.85041234
0.84997083
0.84878654
0.84912146
0.84831119
0.84832883
0.84842433
0.84937598
0.84872199
0.854375
0.85423596
0.85476158
0.85523119
0.85567889
0.85463974
0.85503512
0.85420362
0.85420222
0.85489829
0.85366984
0.85523685
0.85533352
0.85525591
0.85594462
0.85579563
0.8555077
0.85549021
0.85537329
0.85461844
0.85453616
0.85466501
0.85497539
0.85372416
0.85331846
0.85547029
0.85399173
0.85531873
0.85624537
0.85479951
0.85368296
0.85345876
0.85372311
0.85499881
0.8551294
0.85536544
0.85533419
0.85557036
0.85626378
0.85531425
0.8564804
0.85541205
0.85515822
0.8543441
0.85515069
0.85571508
0.85559464
0.85589504
0.85472425
0.85623176
0.85413889
0.85340954
0.85402377
0.85372792
0.8527621
0.85264057
0.8526749
0.85357756
0.85383197
0.85295039
0.85373865
0.85233581
0.85460453
0.85421871
0.85343898
0.85321135
0.85371012
0.8523104
0.85288721
0.85249839
0.85626097
0.8528002
0.85291914
0.85464939
0.85434208
0.85409536
0.85457553
0.8551366
0.85452611
0.8543388
0.85427559
0.85485305
0.85541175
0.85507352
0.85589189
0.8550907
0.85440984
0.85437484
0.85496117
0.85387647
0.85566956
0.85554698
0.85561419
0.85620816
0.85572553
0.85544564
0.85531025
0.85496722
0.85492735
0.85508325
0.85510432
0.85397074
0.85352474
0.85436412
0.85404871
0.85370963
0.85402035
0.85445393
0.85477935
0.85491503
0.855342
0.85532065
0.85541583
0.85541801
0.85573298
0.85598268
0.85559441
0.85634226
0.85570264
0.85544521
0.85442887
0.85514908
0.85600821
0.85578307
0.85589768
0.85614593
0.85420101
0.85359253
0.85436417
0.85381161
0.85283719
0.85239463
0.85347357
0.85388238
0.85288867
0.85393715
0.85208852
0.85484134
0.85473324
0.85356723
0.85362143
0.85406054
0.85255316
0.85318252
0.85273749
0.85557826
0.85559394
0.85626633
0.85624251
0.85484972
0.85308505
0.85285341
0.85500153
0.85455178
0.85607328
0.85614345
0.8574399
0.85675677
0.85711319
0.8551105
0.85584345
0.85623758
0.85666476
0.85583901
0.85711591
0.85557713
0.85660167
0.85588111
0.8560328
0.85616116
0.85734316
0.85676677
0.85720837
0.85524195
0.85584803
0.85606774
0.85642444
0.85584597
0.85696354
0.85556741
0.85660933
0.85609085
0.8567157
0.85611511
0.8560493
0.85533407
0.85564113
0.85540381
0.85524483
0.8561682
0.85516465
0.85612864
0.85576713
0.85589475
0.85682856
0.85568725
0.85582828
0.85682713
0.85343285
0.85338928
0.85333748
0.85224006
0.85235145
0.85182179
0.85223588
0.85258148
0.85204036
0.85315914
0.85332933
0.85308637
0.85308034
0.85319173
0.85393008
0.85319192
0.85352987
0.85306937
0.85344292
0.85333206
0.8534352
0.85436397
0.85353831
0.85383264
0.85319919
0.85280553
0.8526996
0.85289027
0.85311428
0.85294012
0.85302377
0.85174905
0.85122219
0.85211134
0.85083485
0.85009841
0.85000476
0.85073341
0.85088533
0.85019233
0.85114131
0.85050012
0.85096746
0.85157494
0.85104546
0.85103201
0.85141991
0.85143234
0.85093818
0.85098149
0.85194755
0.85157196
0.85238844
0.85091862
0.85068378
0.85035227
0.85054675
0.85068273
0.85054447
0.85115514
0.85100539
0.85082588
0.85152068
0.85126919
0.85119772
0.85174339
0.85184748
0.85148506
0.8514728
0.85358338
0.85241887
0.8537083
0.85231841
0.85251042
0.85147675
0.85149459
0.85270272
0.85272752
0.85051605
0.85171755
0.85155622
0.85231194
0.85251898
0.85153779
0.85181483
0.85209375
0.8510554
0.85168521
0.85138598
0.85228855
0.85161455
0.85122569
0.85090087
0.85035111
0.85098806
0.85135521
0.85112202
0.85143129
0.85104763
0.85117532
0.85226954
0.85121974
0.85065123
0.85253966
0.85205007
0.85201786
0.85284896
0.85297207
0.85203238
0.85176294
0.85106544
0.85095041
0.85075235
0.85205268
0.85208575
0.85260386
0.85202867
0.8521231
0.85228915
0.85280559
0.85156181
0.8525161
0.85251404
0.85039835
0.85200933
0.85162784
0.8512161
0.85172572
0.85155306
0.85150135
0.85201313
0.85160662
0.8511393
0.85137413
0.85045036
0.85157739
0.85133194
0.85149819
0.85155542
0.85193068
0.8512406
0.85156542
0.85134779
0.85142285
0.85249141
0.85145469
0.85094457
0.85294401
0.85251387
0.85261005
0.85312145
0.85317254
0.85243193
0.8523558
0.8524931
0.8520327
0.85139729
0.8513042
0.85240676
0.85276822
0.85237701
0.85234978
0.85284646
0.85328355
0.85285401
0.85182648
0.85601447
0.85617795
0.85699608
0.8570604
0.85655628
0.85490023
0.85582255
0.85644273
0.85612988
0.85562155
0.85568765
0.85677375
0.8555223
0.85656159
0.85611393
0.85625831
0.85718029
0.85674819
0.85690163
0.85493902
0.8560505
0.85637921
0.85570512
0.85588316
0.85687548
0.85540372
0.85624461
0.85571081
0.85554426
0.8561318
0.85615943
0.85761122
0.85730398
0.85647258
0.85589134
0.85581633
0.85520607
0.85529557
0.85529351
0.85539922
0.85505382
0.85603064
0.85541062
0.85568709
0.8567644
0.85664197
0.85650458
0.85550845
0.85499795
0.85552482
0.85597147
0.85631032
0.8559027
0.85428192
0.85417903
0.85472404
0.85530039
0.85560545
0.85483424
0.85516633
0.85437495
0.85436815
0.85466523
0.85376624
0.85528659
0.85517139
0.8552747
0.85603149
0.85532976
0.85509418
0.85587098
0.85506723
0.8546979
0.85457919
0.85477294
0.85494341
0.85391537
0.85350523
0.855513
0.8541638
0.85522056
0.8558503
0.85456205
0.85372389
0.8535987
0.85391885
0.85523356
0.85530819
0.85513442
0.85577694
0.85549676
0.85571692
0.85608157
0.85544964
0.85455937
0.85530227
0.85588196
0.85591651
0.85489421
0.85409393
0.85346896
0.85422299
0.85381735
0.85258047
0.85278146
0.85316305
0.8536255
0.85393689
0.85390781
0.85239814
0.8534588
0.85348498
0.85362693
0.85228054
0.85311778
0.85262034
0.85284221
0.85427033
0.85483171
0.85440896
0.8547211
0.8530174
0.85283311
0.85104545
0.85178056
0.85245165
0.85251661
0.85268334
0.85210516
0.85228406
0.85199142
0.85162905
0.85184863
0.85180102
0.85175675
0.85207922
0.85158206
0.85128257
0.85139771
0.85072185
0.85180815
0.85155903
0.85195093
0.8515899
0.85086018
0.85193869
0.85133299
0.85141662
0.85111706
0.85172435
0.85206281
0.85168542
0.85274377
0.85183839
0.85095826
0.85312232
0.85255715
0.85264764
0.85326402
0.85331624
0.85346234
0.85256226
0.85254815
0.85256372
0.85230185
0.85244587
0.85281676
0.85254165
0.85154072
0.85115004
0.8530108
0.85339914
0.85283599
0.85212566
0.85347502
0.85351463
0.85334709
0.85231865
0.8517888
0.85241671
0.85225594
0.85165777
0.85247518
0.85325863
0.85337167
0.85334704
0.85320716
0.85324309
0.85414479
0.85321924
0.85340208
0.85299239
0.85351818
0.85323962
0.85332088
0.85446396
0.85330866
0.85362895
0.85311725
0.85167399
0.85129733
0.85198718
0.85091385
0.8502661
0.85065272
0.85038321
0.85079002
0.85080814
0.8512592
0.85106109
0.85100616
0.85089332
0.85142666
0.85075076
0.85149679
0.85157028
0.85104677
0.85176692
0.85088403
0.84987271
0.85020413
0.84984089
0.8505287
0.8505631
0.85100625
0.85022576
0.85099845
0.85079376
0.85109451
0.85144584
0.85099997
0.85086472
0.8506556
0.85116172
0.85254268
0.85260616
0.85280352
0.85346877
0.85212668
0.85198861
0.85264523
0.85248517
0.85045348
0.85122784
0.85219201
0.8522844
0.85260783
0.85165176
0.85198193
0.85148801
0.85109103
0.85151465
0.85132796
0.85137368
0.85130961
0.85087989
0.8504657
0.85005516
0.85074963
0.8511928
0.85088125
0.85114949
0.85083337
0.85105993
0.85123131
0.85064472
0.85087515
0.8506553
0.85271502
0.85222181
0.85211412
0.85298935
0.8529404
0.85294099
0.85218382
0.85206853
0.85222131
0.85266484
0.85211887
0.85616293
0.85621227
0.85742133
0.85687493
0.85664962
0.85483188
0.85569925
0.85621333
0.8558898
0.85551584
0.8558645
0.8568477
0.85540743
0.85636962
0.856187
0.85630455
0.85719159
0.85674475
0.85719262
0.85503074
0.85601816
0.85641611
0.8559654
0.85591409
0.85677236
0.85546758
0.85629898
0.85585122
0.8555676
0.85629987
0.85627532
0.8573478
0.85706846
0.85640183
0.85592841
0.85597902
0.85524858
0.85539394
0.8553856
0.85557905
0.85527827
0.85611321
0.85544927
0.85506665
0.85561369
0.85648827
0.85595352
0.85640949
0.85631215
0.85549819
0.85574524
0.85646358
0.85653356
0.85442448
0.85439046
0.85490409
0.85538699
0.85489507
0.85573249
0.85511894
0.85450416
0.85434075
0.85494203
0.85394738
0.85538831
0.85540635
0.85538008
0.85623532
0.85570756
0.85533916
0.85578206
0.85534202
0.85477736
0.85476818
0.85486181
0.85520972
0.85412104
0.85378178
0.85566216
0.85433043
0.85411095
0.85382186
0.85411515
0.85434895
0.85490091
0.8547222
0.85541184
0.85541237
0.85532454
0.85626973
0.85547879
0.85572551
0.85653384
0.8555948
0.85456376
0.85519796
0.85577978
0.85599587
0.85558996
0.85528087
0.85413343
0.85425159
0.85359289
0.85480963
0.8538198
0.85461653
0.85386927
0.85490989
0.85451009
0.85536297
0.85489008
0.85328711
0.85320652
0.85261865
0.85256949
0.85048655
0.85184033
0.85219788
0.85235314
0.85260305
0.85222153
0.85213142
0.85198716
0.85111492
0.85168146
0.85149201
0.85170128
0.85132302
0.85096807
0.85018551
0.85079954
0.85008069
0.85125901
0.85115155
0.85136869
0.85104515
0.8512736
0.85058139
0.85106098
0.85093373
0.85105195
0.85148046
0.85104037
0.85211762
0.8510951
0.85070697
0.85272791
0.85224207
0.85216057
0.85289038
0.85303554
0.85364544
0.85218899
0.85216913
0.85213298
0.85170125
0.852254
0.85267533
0.85214174
0.85092682
0.85087715
0.85239604
0.85286994
0.85273531
0.85146018
0.85336617
0.85357524
0.85338059
0.85212549
0.85229896
0.85161833
0.85243262
0.85259119
0.85196097
0.85306484
0.85337809
0.85338829
0.85324626
0.85334688
0.85409769
0.85343861
0.85387142
0.85299163
0.85335614
0.85321767
0.85335373
0.85418093
0.85332201
0.85360567
0.85315541
0.8528653
0.85295096
0.85287184
0.85276774
0.85282126
0.8528559
0.85077869
0.84978344
0.85024069
0.85005057
0.84994867
0.85050586
0.85057194
0.8501791
0.85107251
0.85101396
0.85095672
0.85136561
0.85095165
0.85114913
0.85065191
0.85136279
0.85185622
0.8510304
0.85164562
0.85101925
0.85042168
0.85065166
0.85063399
0.85116324
0.85097056
0.85118093
0.85111139
0.8510811
0.85088778
0.85123765
0.85183929
0.85116461
0.85139565
0.85070638
0.85122694
0.85375255
0.85305303
0.85173709
0.85201673
0.85198383
0.85190749
0.85129889
0.85124581
0.8527905
0.85262553
0.85091382
0.85113765
0.85237012
0.85178773
0.85206217
0.85264578
0.85261092
0.85226951
0.85175683
0.85255566
0.85257891
0.85272099
0.85224321
0.85143697
0.85177129
0.8516697
0.85208546
0.85164418
0.85133243
0.85123794
0.85041061
0.85111253
0.85168994
0.85152967
0.85175078
0.85148758
0.85153007
0.85267005
0.85157548
0.85124675
0.85332127
0.85264266
0.85270263
0.85330596
0.85349632
0.85261933
0.85262589
0.85272925
0.8529716
0.85262726
0.85311424
0.85260222
0.85364936
0.85224799
0.8523349
0.8513665
0.85138889
0.85138901
0.85427145
0.85410835
0.85480986
0.85530243
0.8557747
0.85481244
0.85507271
0.85423975
0.85429659
0.85490654
0.85371869
0.85516239
0.85527355
0.8552817
0.85600811
0.85571178
0.85535796
0.85562932
0.85537821
0.85464354
0.85467043
0.85480025
0.85507841
0.85383023
0.85341782
0.85557891
0.85422858
0.85543117
0.85627422
0.85478765
0.85360343
0.85347049
0.8538238
0.85450101
0.8552841
0.85605802
0.8563516
0.85486012
0.85406149
0.85350143
0.85408654
0.85379699
0.85267499
0.85248283
0.85364195
0.85391575
0.85301927
0.8537999
0.85237656
0.85472205
0.85444651
0.8536595
0.85364966
0.85374277
0.85333686
0.8524846
0.85286836
0.85430379
0.85483611
0.85428068
0.85466361
0.8552375
0.85464092
0.8556035
0.85526297
0.85308049
0.85289101
0.85420573
0.85419725
0.85470402
0.85514785
0.8557989
0.85468491
0.85487669
0.85411393
0.85404759
0.8548905
0.85366756
0.85523729
0.85524976
0.85515984
0.85615472
0.85575158
0.85541114
0.85554686
0.85530147
0.85434903
0.85450551
0.85450631
0.85467583
0.85363043
0.8531274
0.85512229
0.85401346
0.85554547
0.85630012
0.85476984
0.85359373
0.85328664
0.85371518
0.85524005
0.8553368
0.85534373
0.85636681
0.85547683
0.8557137
0.85546187
0.85443343
0.85513402
0.85586738
0.856091
0.85474346
0.85392343
0.85326797
0.8539323
0.85351608
0.85282008
0.85248879
0.85341792
0.85374088
0.852478
0.85358953
0.8520568
0.85468711
0.85432228
0.85329438
0.85321547
0.85360414
0.85258385
0.85180903
0.85214954
0.85413481
0.85482346
0.85416446
0.8547314
0.85522653
0.8545638
0.85559233
0.85528303
0.85267884
0.85251039
0.85059037
0.8513141
0.85167561
0.85246187
0.85273912
0.85191194
0.85172728
0.85235938
0.85218323
0.85126525
0.851811
0.85165304
0.8506041
0.85144875
0.85163159
0.85181454
0.85176481
0.8513431
0.85048559
0.85136738
0.85182451
0.85125419
0.85186495
0.85134425
0.8515767
0.85145048
0.85239155
0.8514401
0.85092153
0.85292421
0.85239321
0.85246252
0.85310646
0.85322944
0.85362787
0.85240357
0.85243056
0.85251309
0.85226798
0.85236905
0.85266061
0.85239148
0.85265339
0.85313398
0.85280275
0.85190506
0.85119899
0.85115926
0.85256285
0.85257552
0.85050261
0.85088928
0.85135634
0.85165138
0.85195268
0.85227794
0.85170411
0.8516003
0.85166164
0.85189423
0.85096372
0.85161092
0.85155915
0.85143005
0.85108247
0.85045114
0.85066336
0.85029181
0.85082351
0.85132529
0.85156455
0.85106896
0.85114522
0.85016722
0.85102673
0.85133787
0.85099666
0.85129044
0.85080018
0.85089257
0.85073676
0.85204502
0.85130465
0.85070255
0.8524114
0.85195055
0.85197682
0.85264016
0.85249196
0.85289896
0.85318078
0.85207751
0.85206893
0.85208612
0.85235572
0.85260462
0.85184499
0.85228521
0.8520153
0.85277181
0.85244427
0.85146357
0.85182769
0.85119722
0.85087872
0.85340025
0.8536174
0.85330749
0.85220547
0.85231882
0.8518281
0.85237965
0.85246169
0.85179437
0.85318494
0.8535528
0.85308291
0.85297016
0.85301287
0.85410803
0.85328991
0.85365847
0.85430176
0.85303655
0.85305775
0.85298614
0.85302934
0.85393865
0.85303967
0.85318409
0.85425698
0.85305569
0.85281006
0.85278001
0.85283651
0.85266194
0.85262695
0.85292755
0.85086787
0.85016266
0.85035652
0.84992577
0.85059681
0.8507064
0.8512196
0.85107998
0.85103458
0.8514339
0.85112369
0.85142123
0.85078301
0.85160447
0.85158753
0.85111185
0.8519248
0.85068928
0.84974779
0.85055745
0.84974586
0.85050892
0.85049212
0.85076935
0.85093692
0.85098729
0.8511795
0.85081382
0.85064888
0.85114932
0.8517865
0.85222034
0.85206103
0.85218786
0.85161161
0.85140095
0.85059926
0.85086711
0.8505255
0.85227219
0.85007885
0.8494692
0.85029689
0.85077304
0.85036141
0.85155165
0.85152666
0.84970925
0.85044602
0.85038487
0.84889659
0.84873049
0.85084797
0.85023339
0.84998958
0.84731796
0.84967043
0.84949605
0.84763518
0.84769292
0.84921259
0.85092363
0.84901673
0.8497624
0.84792079
0.84763732
0.84815419
0.84976336
0.85115978
0.85055367
0.85007826
0.84961712
0.84908089
0.84900835
0.84854932
0.84885979
0.84899698
0.85025589
0.84922559
0.84941036
0.85069442
0.85019409
0.85010326
0.84885091
0.84825567
0.84876069
0.84909075
0.84939716
0.84888153
0.85090533
0.85118244
0.85129332
0.85233564
0.85162308
0.84991867
0.850728
0.85091528
0.85058455
0.85058427
0.85050594
0.85201322
0.84998367
0.85087282
0.84861019
0.84860562
0.85058074
0.84958646
0.84947187
0.84693452
0.84941424
0.84926253
0.84729279
0.84763054
0.84874741
0.8505024
0.84874756
0.84959394
0.84768716
0.84730491
0.8477541
0.84973948
0.84950473
0.84895409
0.84901532
0.8482076
0.84850254
0.84898964
0.85038812
0.84813405
0.84889229
0.84931909
0.84951607
0.85114064
0.84859557
0.84823242
0.84846812
0.8493742
0.84403945
0.84390969
0.84426599
0.84406546
0.84585074
0.84375558
0.84341238
0.84108269
0.84123596
0.84588328
0.84171529
0.84582197
0.84611429
0.84581626
0.84755584
0.84782636
0.84780764
0.84628072
0.84380218
0.84353733
0.84389878
0.84439761
0.84149747
0.84121752
0.84168806
0.84551713
0.84809911
0.84566201
0.84046972
0.83987659
0.84139411
0.84324675
0.84464271
0.84324358
0.84449633
0.84563934
0.84522808
0.84501555
0.84668636
0.84417439
0.84417797
0.84457597
0.84443804
0.84513397
0.84536414
0.84698449
0.84254597
0.84296231
0.83721673
0.83364617
0.8338802
0.83509213
0.8368638
0.8373936
0.83770599
0.83268641
0.83748447
0.83759458
0.83938002
0.83576088
0.83378976
0.83778699
0.83314877
0.84098264
0.84306636
0.84100058
0.84064111
0.83748564
0.84353107
0.84337703
0.84391299
0.84328134
0.84511239
0.84318806
0.84270628
0.84048522
0.84055947
0.84519423
0.84126139
0.84573704
0.84583411
0.84559779
0.84765053
0.84755687
0.84751795
0.84579473
0.84373354
0.84345168
0.84383708
0.84421967
0.84132799
0.84098999
0.84147491
0.84512337
0.84739512
0.84508925
0.84001269
0.83968121
0.84108097
0.84277744
0.84416103
0.84266487
0.84415829
0.84557365
0.84517735
0.84489285
0.84657131
0.84399562
0.84403065
0.84422857
0.84400353
0.84458971
0.8452146
0.84652068
0.84248074
0.84258053
0.83700996
0.83354735
0.83378686
0.83485969
0.83691951
0.83732216
0.83735764
0.83231153
0.83706991
0.83718217
0.83894141
0.83549019
0.83341247
0.83730286
0.8328426
0.83990024
0.83991147
0.8403316
0.8425455
0.84042337
0.84003513
0.84233548
0.84028324
0.83741486
0.82684097
0.82619173
0.82448114
0.83060255
0.82813262
0.82910233
0.83342823
0.83274925
0.8316906
0.82892868
0.83361109
0.82756548
0.82530692
0.82857494
0.82880348
0.82674382
0.8262741
0.8244488
0.83027035
0.82778602
0.8331336
0.83245868
0.8313303
0.82852429
0.83330535
0.82736217
0.82522986
0.82829503
0.82848792
0.8325573
0.8307357
0.83059679
0.83414304
0.83275378
0.83408845
0.83260657
0.83458466
0.83448552
0.83721482
0.83325322
0.83436483
0.83450998
0.8370332
0.83302567
0.82839338
0.8283305
0.84945708
0.84939795
0.84995648
0.8509649
0.85075639
0.85024527
0.85113507
0.85071883
0.85022672
0.84973517
0.84961382
0.84987649
0.85014
0.84996628
0.84953772
0.84981053
0.84908042
0.8498156
0.85021554
0.84993225
0.85014568
0.84999377
0.84963835
0.84978316
0.84901595
0.84985919
0.85027501
0.84975658
0.85040605
0.84964912
0.84968758
0.85003715
0.84957472
0.84969428
0.84995194
0.84981535
0.85047797
0.85091117
0.85052593
0.85037415
0.85169823
0.85025047
0.85037383
0.85028624
0.84975673
0.85025764
0.85067836
0.85045947
0.8502549
0.84986446
0.85005403
0.85006307
0.85037473
0.85000009
0.84993087
0.85003912
0.85132077
0.85002777
0.85093493
0.8500743
0.84982371
0.84938844
0.8498401
0.85071479
0.8499605
0.84939761
0.84935771
0.85026892
0.84951853
0.8491834
0.84957848
0.84920148
0.84976529
0.85026383
0.85048229
0.84989076
0.85161018
0.85122023
0.84943802
0.8502125
0.85019313
0.85006896
0.84992117
0.85004165
0.85091013
0.84962895
0.85038343
0.84872008
0.84873745
0.8508006
0.84956335
0.84987403
0.84686107
0.84900115
0.84946123
0.84739899
0.84788845
0.84742897
0.84721158
0.84782604
0.84897482
0.85058981
0.84890354
0.84967889
0.84954489
0.85106269
0.85042892
0.84966443
0.84953038
0.84885772
0.84886637
0.84878569
0.8481756
0.84847527
0.84894809
0.85012586
0.84810148
0.84854572
0.84914666
0.84924944
0.85062588
0.84863491
0.8482235
0.84825471
0.84891445
0.85024784
0.8501773
0.84335521
0.84327834
0.8435488
0.84328416
0.8450579
0.84305427
0.84279687
0.84054777
0.84066766
0.84512625
0.84110915
0.84559085
0.84583593
0.8454084
0.84746076
0.84745711
0.84736344
0.84565778
0.84323296
0.84302859
0.84333888
0.84400361
0.84111994
0.84083674
0.84117065
0.84503505
0.84725744
0.84504737
0.83999145
0.83969356
0.84096972
0.8441235
0.84592539
0.84527609
0.84519259
0.84650809
0.84392247
0.8439902
0.84418635
0.84391445
0.84453531
0.84477664
0.84647294
0.8441207
0.84225615
0.84230016
0.8367847
0.83358666
0.83335223
0.83668626
0.83714072
0.83464668
0.83717248
0.83209222
0.83965739
0.83968081
0.83703389
0.83714445
0.83901224
0.83528113
0.83344155
0.8373091
0.83263869
0.84269208
0.84250042
0.84030307
0.84042479
0.84260258
0.83995242
0.84205667
0.83999513
0.83737433
0.8266762
0.82607777
0.82438713
0.83038116
0.82789303
0.83308908
0.83233886
0.83137301
0.82856201
0.8332576
0.82739035
0.82528266
0.8283329
0.82846608
0.8269107
0.8262301
0.82464119
0.83061644
0.82804336
0.82906855
0.83362451
0.83175164
0.82889549
0.83280471
0.83379784
0.83391665
0.83314287
0.82764306
0.82547851
0.82868788
0.82889513
0.83274351
0.83065931
0.83093324
0.83717306
0.83446745
0.83462625
0.8384094
0.83861672
0.83862448
0.83884983
0.83439702
0.83300932
0.83442178
0.83415887
0.83701235
0.83303491
0.83260086
0.83462992
0.83723941
0.83740944
0.83333482
0.82832247
0.82840734
0.84402962
0.84390447
0.84422189
0.84383009
0.84547393
0.84337045
0.84303588
0.84072619
0.84086159
0.84571097
0.84156065
0.84559285
0.84600911
0.84561097
0.8473558
0.84764322
0.84753252
0.84599397
0.84614848
0.8436547
0.84351957
0.84376903
0.84418946
0.8414852
0.8411938
0.84576734
0.84164116
0.8450067
0.84733713
0.84559795
0.84036083
0.8397319
0.84131084
0.84288329
0.84428949
0.84275675
0.8441129
0.84565568
0.84532834
0.8465257
0.8439958
0.84400521
0.84416966
0.84410305
0.84487166
0.84443642
0.84646834
0.83711842
0.83359584
0.83372885
0.83345966
0.83497345
0.83683233
0.83724455
0.83246128
0.83746127
0.83735727
0.83743427
0.83919984
0.83575692
0.83753821
0.83980379
0.84000027
0.84103742
0.84257917
0.84075743
0.84051787
0.84237932
0.84032031
0.8423992
0.84257394
0.84991185
0.84976256
0.85036086
0.85126275
0.85076141
0.85008395
0.85140977
0.85091698
0.85033852
0.8500702
0.84974998
0.85040923
0.85051574
0.85046037
0.84979875
0.84983001
0.84894261
0.85043282
0.8503389
0.85047667
0.85048097
0.84965853
0.84980745
0.84902073
0.85037203
0.84971388
0.85044424
0.8500092
0.84979584
0.85045312
0.84972385
0.8503392
0.85060809
0.85039784
0.85122481
0.85037547
0.85034246
0.85084604
0.85026528
0.84950965
0.84998985
0.85038643
0.84979287
0.84956498
0.85016203
0.84982724
0.85050908
0.85034834
0.85080804
0.85023201
0.85046717
0.85044357
0.85172336
0.85038963
0.85138684
0.85020816
0.84995523
0.85009069
0.85076089
0.85083451
0.85057781
0.8497647
0.85013928
0.85094492
0.84957889
0.84981033
0.84994346
0.84971029
0.8495804
0.84970346
0.84864641
0.84915737
0.85036844
0.85103843
0.85132231
0.85132592
0.85057249
0.85171194
0.85206269
0.84997564
0.85053462
0.8508164
0.84894136
0.84893307
0.8511027
0.85063777
0.84976583
0.85017459
0.84720518
0.84941458
0.84980192
0.84746265
0.84789155
0.84761318
0.84790167
0.85020267
0.84984841
0.8491088
0.8493536
0.84874395
0.84904067
0.84921391
0.85031536
0.84831927
0.84896921
0.84955813
0.84984114
0.85102847
0.85030812
0.84879538
0.84846636
0.84868247
0.84952942
0.84382735
0.84383827
0.84403159
0.8435291
0.84536588
0.843343
0.84286863
0.84069488
0.84076177
0.84557479
0.84165304
0.84568561
0.84600388
0.8456728
0.84725026
0.84757532
0.84750843
0.84593136
0.84382985
0.84360592
0.84390963
0.84434223
0.84154893
0.8413518
0.84167603
0.84512688
0.84743413
0.84539054
0.84042402
0.84015755
0.8414252
0.84433226
0.8460518
0.8452924
0.84510758
0.84679773
0.84412252
0.84420446
0.84447149
0.8442248
0.84479912
0.84497517
0.84655088
0.84441942
0.8426277
0.84288835
0.84061682
0.83765124
0.84037455
0.83732763
0.83401249
0.83377885
0.83706784
0.83751941
0.83511001
0.83775206
0.83257837
0.83741139
0.83738917
0.83910729
0.83574431
0.83398209
0.83321284
0.84290225
0.84293846
0.84069423
0.84302526
0.84271767
0.84059904
0.84009577
0.84028064
0.83909483
0.83791194
0.82713775
0.82645608
0.82484586
0.83094276
0.82832931
0.83374304
0.83293962
0.83198117
0.82914351
0.833845
0.82788267
0.82569018
0.82890467
0.82904948
0.82681508
0.82617909
0.82451196
0.83050092
0.82797364
0.83341932
0.83172546
0.82890891
0.83247026
0.8336764
0.83361309
0.83274621
0.82756214
0.82550597
0.8287118
0.82887344
0.83297905
0.83111983
0.83114844
0.83758419
0.83487368
0.83482125
0.83883444
0.83881791
0.83899762
0.83457866
0.83318286
0.834547
0.83312453
0.83494528
0.83765926
0.83369103
0.83484834
0.83747553
0.83776227
0.83364265
0.82862898
0.82863563
0.84403303
0.84399516
0.84433854
0.84368862
0.84553153
0.84335494
0.84294444
0.84052962
0.84058153
0.8455794
0.841703
0.84612501
0.84627384
0.84611746
0.84770965
0.8478459
0.84783927
0.84653076
0.84604702
0.84408224
0.84395479
0.8443268
0.84439228
0.84174429
0.84132019
0.84610879
0.84179372
0.84538747
0.84750468
0.84538435
0.84005525
0.84002892
0.84137019
0.84283655
0.84428614
0.84267092
0.84421414
0.84572935
0.84529182
0.84641749
0.84399468
0.84401607
0.84762117
0.84428737
0.84411443
0.8448371
0.84537762
0.84660856
0.84045874
0.83731672
0.84010498
0.83703561
0.8372126
0.83895218
0.83535923
0.83971581
0.83717422
0.83985072
0.83726515
0.84255746
0.84038426
0.84238287
0.84020448
0.84239143
0.84261028
0.85096419
0.85125418
0.85106905
0.85116076
0.85171167
0.85227881
0.84975584
0.85024621
0.85052343
0.85066015
0.85050434
0.85185112
0.84978102
0.85054084
0.85025988
0.84980548
0.85061462
0.84874194
0.84882733
0.85080143
0.84885977
0.84972819
0.8504624
0.84875906
0.84958237
0.84929846
0.84939013
0.84714889
0.84692878
0.84773307
0.8489981
0.84743852
0.84710792
0.84969094
0.85101382
0.85053339
0.84906667
0.85012392
0.85026605
0.85018283
0.84933406
0.84979988
0.84923874
0.84992641
0.85078554
0.85058636
0.85073844
0.85065661
0.85064273
0.85176263
0.85252142
0.84942853
0.85041952
0.850728
0.85023402
0.85041247
0.85134309
0.84980285
0.85046248
0.8499123
0.84953442
0.85045095
0.84847796
0.8486783
0.85069719
0.85060252
0.84702484
0.84881161
0.84969167
0.85045309
0.84884514
0.84954135
0.84952029
0.84932818
0.8476499
0.84745071
0.84700171
0.84917887
0.84747984
0.84713533
0.84957621
0.85102421
0.85027799
0.84906404
0.85018314
0.85020602
0.85016521
0.8493132
0.84972937
0.84926836
0.84978408
0.85056812
0.84881499
0.84911691
0.84829927
0.84848974
0.84864951
0.84903074
0.84863394
0.84978283
0.84977293
0.85036491
0.85108659
0.85064343
0.84990034
0.85125178
0.85088351
0.85012716
0.84975293
0.8496634
0.85026362
0.85027405
0.85041544
0.84969526
0.84954796
0.84877751
0.85014183
0.85038756
0.85045959
0.85049108
0.84971509
0.84974609
0.84897286
0.85021766
0.84984293
0.85022245
0.84969225
0.8499517
0.85021283
0.84960539
0.84936228
0.84949761
0.84921241
0.850605
0.85042072
0.85085058
0.85051221
0.85039804
0.85116262
0.85047898
0.85022363
0.85001677
0.84966757
0.85004258
0.85083028
0.85020469
0.84954781
0.84933362
0.84915204
0.84999556
0.85027263
0.850239
0.84984255
0.85003302
0.85120352
0.84996237
0.8501477
0.84976969
0.84938035
0.8499758
0.85090435
0.85016451
0.84951137
0.84939953
0.84878589
0.84876994
0.826789
0.82622728
0.82449865
0.82788675
0.83030086
0.83324148
0.82881518
0.83156098
0.83231244
0.82748071
0.82542958
0.82859757
0.82878627
0.83344682
0.83351809
0.83262663
0.82711779
0.82633235
0.82478322
0.82774129
0.82814958
0.82553953
0.82865973
0.8289256
0.82876076
0.83081866
0.8335811
0.83367458
0.8334817
0.83180373
0.83307575
0.83293232
0.837363
0.8346427
0.83465013
0.8387382
0.83902475
0.83867666
0.83892753
0.83439428
0.83291168
0.83468409
0.83734654
0.83763939
0.83324309
0.83471576
0.83436615
0.8372635
0.83746768
0.83338134
0.83291196
0.84379539
0.84371944
0.844069
0.84338763
0.84506338
0.84291281
0.84303024
0.84073471
0.84070698
0.84548276
0.84158076
0.84585257
0.8460423
0.84571617
0.84771428
0.84752394
0.84756524
0.84648186
0.84587975
0.84389996
0.84374951
0.84396718
0.84442251
0.84160847
0.84129697
0.84612167
0.84164634
0.84503475
0.84767886
0.84527581
0.8401221
0.83996928
0.84135544
0.84257728
0.84403597
0.84232105
0.84424247
0.84529904
0.84543359
0.84405216
0.84407558
0.84615795
0.84722384
0.8443379
0.84241877
0.84237845
0.84390878
0.8443337
0.84453906
0.84605166
0.83699916
0.83364141
0.83343476
0.83335237
0.83686563
0.83726588
0.83459666
0.83206743
0.83734512
0.83983452
0.83986332
0.83691146
0.83696626
0.83865874
0.83520413
0.83713689
0.84228903
0.84015263
0.84033056
0.83983128
0.84225256
0.84024351
0.84863127
0.84400044
0.84388235
0.84412265
0.84368018
0.84546519
0.84344172
0.84318686
0.84094756
0.84106192
0.84571698
0.84161174
0.84602599
0.84622026
0.84590675
0.84759602
0.84771206
0.84767731
0.84637681
0.84610296
0.84390836
0.84367441
0.84400283
0.84426952
0.84154017
0.84123663
0.84606106
0.84165287
0.84540874
0.84754575
0.84554833
0.84046069
0.83987403
0.84130015
0.84303939
0.84434581
0.84289836
0.84411019
0.8450308
0.84542416
0.84480294
0.84391265
0.84388238
0.84585695
0.84415935
0.8422706
0.84247813
0.84414772
0.84474095
0.84524085
0.84628845
0.84087794
0.83776832
0.8404105
0.83720564
0.83364672
0.8334988
0.83674567
0.83716152
0.83502386
0.83247018
0.83752247
0.83970041
0.8399582
0.83759223
0.83755266
0.83943054
0.83570369
0.84282569
0.84073412
0.84234333
0.84033091
0.84861627
0.85284451
0.85476465
0.82932627
0.82894289
0.82864636
0.82908471
0.83182568
0.83221482
0.82920493
0.82888984
0.8285854
0.82893153
0.83170013
0.83210541
0.83330851
0.8548016
0.85447851
0.8544468
0.85480869
0.85444931
0.85434695
0.85508726
0.8550775
0.85540366
0.8547421
0.85449784
0.85446268
0.85478043
0.85450334
0.85444264
0.8551641
0.85536691
0.85566701
0.8548406
0.85437819
0.85450882
0.85487121
0.85437876
0.85443782
0.85505974
0.85509645
0.85525556
0.85282378
0.85135111
0.85269547
0.85237497
0.8510947
0.85237933
0.85483453
0.85440217
0.85438506
0.85474918
0.85441477
0.85432941
0.85510478
0.85524292
0.85522635
0.85273083
0.85109836
0.8523613
0.85194331
0.85064255
0.85188521
0.84792819
0.84772213
0.84762773
0.84679569
0.8466621
0.84655615
0.84678092
0.84653357
0.84645994
0.8482095
0.84780657
0.84785861
0.84677083
0.8465653
0.84637008
0.84697077
0.84672051
0.84649463
0.85080259
0.84998965
0.8509225
0.84795896
0.84756033
0.84752676
0.84691356
0.8467545
0.84666299
0.84694645
0.84674643
0.84661098
0.85067348
0.84988812
0.8506274
0.84789932
0.8475333
0.84748951
0.84686075
0.84663933
0.84645292
0.8468376
0.84665284
0.84652037
0.8551681
0.85517428
0.85521996
0.8560399
0.85554208
0.85521862
0.85573411
0.84963187
0.84870437
0.84803713
0.84850945
0.85539433
0.85494518
0.8561758
0.85640828
0.85651663
0.85740744
0.85728483
0.85148955
0.85093192
0.85098912
0.85129436
0.85257395
0.85261408
0.8517331
0.85560564
0.8552967
0.85527046
0.85473079
0.85480649
0.8545727
0.8528899
0.85264688
0.85295544
0.85249285
0.85129736
0.85113361
0.85211114
0.85170363
0.85237447
0.85284402
0.85158304
0.85203114
0.85104524
0.85094085
0.85114173
0.85059937
0.85533792
0.85632867
0.85481637
0.85375346
0.85244071
0.85279937
0.85291735
0.85344949
0.85360099
0.85360436
0.85427254
0.85317545
0.85184572
0.85142322
0.85151492
0.85525433
0.85539327
0.85518582
0.85674545
0.85550265
0.85573196
0.85653234
0.85549976
0.85200779
0.85161927
0.85108806
0.84972609
0.85145168
0.85063787
0.85071406
0.85041874
0.83997415
0.84032456
0.84270775
0.84066908
0.83725091
0.83860533
0.83889085
0.83861622
0.83891833
0.84987161
0.84981475
0.84985772
0.84997038
0.85229236
0.84979137
0.85085778
0.85090593
0.84918797
0.8507837
0.84925125
0.85018776
0.84972134
0.85118203
0.85086832
0.85062857
0.85069403
0.83224627
0.83688531
0.83338351
0.83357782
0.83480794
0.83673697
0.85022055
0.84929406
0.84894148
0.8482886
0.84837034
0.84899583
0.84879624
0.84835699
0.84868809
0.84960015
0.84985913
0.8487656
0.8482439
0.8498886
0.84976812
0.83286379
0.82848758
0.82838981
0.83100037
0.83080279
0.85464201
0.85462317
0.85414106
0.85443673
0.85426255
0.85496127
0.85471222
0.85472494
0.85410925
0.85463486
0.85420253
0.85503944
0.85408818
0.85453786
0.85424703
0.85483561
0.8546884
0.85458296
0.85421972
0.85469545
0.85395481
0.85450702
0.84764188
0.84773882
0.84747956
0.84760917
0.8448412
0.84476787
0.84750164
0.84759909
0.84764774
0.84783918
0.84456491
0.84460144
0.8473627
0.84767505
0.84749382
0.84773374
0.84496338
0.84488306
0.84735335
0.8475891
0.84736318
0.84762344
0.84476362
0.84478595
0.85471162
0.85475285
)
;
    }
}


// ************************************************************************* //
