/*---------------------------------------------------------------------------*\
| =========                 |                                                 |
| \\      /  F ield         | OpenFOAM: The Open Source CFD Toolbox           |
|  \\    /   O peration     | Version:  v2012                                 |
|   \\  /    A nd           | Website:  www.openfoam.com                      |
|    \\/     M anipulation  |                                                 |
\*---------------------------------------------------------------------------*/
Build  : _7bdb509494-20201222 OPENFOAM=2012
Arch   : "LSB;label=32;scalar=64"
Exec   : chtMultiRegionFoam -parallel
Date   : Jun 22 2026
Time   : 14:43:43
Host   : rinkoa
PID    : 22742
I/O    : uncollated
Case   : /home/rinkoa/OpenFOAM-v2012/sims/2U_server
nProcs : 16
Hosts  :
(
    (rinkoa 16)
)
Pstream initialized with:
    floatTransfer      : 0
    nProcsSimpleSum    : 0
    commsType          : nonBlocking
    polling iterations : 0
trapFpe: Floating point exception trapping enabled (FOAM_SIGFPE).
fileModificationChecking : Monitoring run-time modified files using timeStampMaster (fileModificationSkew 5, maxFileModificationPolls 20)
allowSystemOperations : Allowing user-supplied system call operations

// * * * * * * * * * * * * * * * * * * * * * * * * * * * * * * * * * * * * * //
Create time

Create fluid mesh for region domain0 for time = 0.02

Create solid mesh for region CPU for time = 0.02

Create solid mesh for region Heatsink for time = 0.02

Create solid mesh for region FRONT_PANEL for time = 0.02

*** Reading fluid mesh thermophysical properties for region domain0

    Adding to thermoFluid

Selecting thermodynamics package 
{
    type            heRhoThermo;
    mixture         pureMixture;
    transport       const;
    thermo          hConst;
    equationOfState perfectGas;
    specie          specie;
    energy          sensibleEnthalpy;
}

    Adding to rhoFluid

    Adding to UFluid

    Adding to phiFluid

    Adding to hRefFluid

    Adding to ghFluid

    Adding to ghfFluid

    Adding to turbulenceFluid

Selecting turbulence model type RAS
Selecting RAS turbulence model kEpsilon
RAS
{
    RASModel        kEpsilon;
    turbulence      on;
    printCoeffs     on;
    Cmu             0.09;
    C1              1.44;
    C2              1.92;
    C3              0;
    sigmak          1;
    sigmaEps        1.3;
}

    Adding to reactionFluid

Combustion model not active: combustionProperties not found
Selecting combustion model none
    Adding to radiationFluid

Selecting radiationModel none
    Adding to KFluid

    Adding to dpdtFluid

    Adding to fieldsFluid

    Adding to QdotFluid

pressureControl
    pMax 152025
    pMin 50619

    Adding MRF

No MRF models present

    Adding fvOptions

*** Reading solid mesh thermophysical properties for region CPU

    Adding to thermos

Selecting thermodynamics package 
{
    type            heSolidThermo;
    mixture         pureMixture;
    transport       constIso;
    thermo          hConst;
    equationOfState rhoConst;
    specie          specie;
    energy          sensibleEnthalpy;
}

    Adding to radiations

Selecting radiationModel none
    Adding fvOptions

Creating finite volume options from "system/fvOptions"

Selecting finite volume options type scalarSemiImplicitSource
    Source: heatSource
    - selecting all cells
    - selected 5216 cell(s) with volume 8.05036e-06
*** Reading solid mesh thermophysical properties for region Heatsink

    Adding to thermos

Selecting thermodynamics package 
{
    type            heSolidThermo;
    mixture         pureMixture;
    transport       constIso;
    thermo          hConst;
    equationOfState rhoConst;
    specie          specie;
    energy          sensibleEnthalpy;
}

    Adding to radiations

Selecting radiationModel none
    Adding fvOptions

Creating finite volume options from "system/fvOptions"

*** Reading solid mesh thermophysical properties for region FRONT_PANEL

    Adding to thermos

Selecting thermodynamics package 
{
    type            heSolidThermo;
    mixture         pureMixture;
    transport       constIso;
    thermo          hConst;
    equationOfState rhoConst;
    specie          specie;
    energy          sensibleEnthalpy;
}

    Adding to radiations

Selecting radiationModel none
    Adding fvOptions

Creating finite volume options from "system/fvOptions"

Region: domain0 Courant Number mean: 0.111729 max: 9.68269
Region: CPU Diffusion Number mean: 0.0823935 max: 1.16131
Region: Heatsink Diffusion Number mean: 0.0917996 max: 5.01215
Region: FRONT_PANEL Diffusion Number mean: 0.00267202 max: 2.79395
Region: domain0 Courant Number mean: 0.111729 max: 9.68269
Region: CPU Diffusion Number mean: 0.0823935 max: 1.16131
Region: Heatsink Diffusion Number mean: 0.0917996 max: 5.01215
Region: FRONT_PANEL Diffusion Number mean: 0.00267202 max: 2.79395
deltaT = 0.000833333
Time = 0.0208333


Solving for fluid region domain0
diagonal:  Solving for rho, Initial residual = 0, Final residual = 0, No Iterations 0
DILUPBiCGStab:  Solving for Ux, Initial residual = 0.0121312, Final residual = 4.32148e-08, No Iterations 3
DILUPBiCGStab:  Solving for Uy, Initial residual = 0.125493, Final residual = 6.62929e-08, No Iterations 4
DILUPBiCGStab:  Solving for Uz, Initial residual = 0.00538625, Final residual = 2.2804e-08, No Iterations 3
DILUPBiCGStab:  Solving for h, Initial residual = 0.00183193, Final residual = 2.57357e-08, No Iterations 3
Min/max T:271.373 303.212
DICPCG:  Solving for p_rgh, Initial residual = 0.410918, Final residual = 0.00395542, No Iterations 19
DICPCG:  Solving for p_rgh, Initial residual = 0.0297925, Final residual = 0.000288396, No Iterations 76
DICPCG:  Solving for p_rgh, Initial residual = 0.00428715, Final residual = 4.25722e-05, No Iterations 73
diagonal:  Solving for rho, Initial residual = 0, Final residual = 0, No Iterations 0
time step continuity errors (domain0): sum local = 4.61065e-07, global = 4.57929e-08, cumulative = -5.68681e-08
DICPCG:  Solving for p_rgh, Initial residual = 0.0719081, Final residual = 0.000701194, No Iterations 35
DICPCG:  Solving for p_rgh, Initial residual = 0.00756666, Final residual = 7.3422e-05, No Iterations 76
DICPCG:  Solving for p_rgh, Initial residual = 0.000853864, Final residual = 8.07997e-06, No Iterations 87
diagonal:  Solving for rho, Initial residual = 0, Final residual = 0, No Iterations 0
time step continuity errors (domain0): sum local = 7.8993e-08, global = -3.31932e-09, cumulative = -6.01874e-08
DICPCG:  Solving for p_rgh, Initial residual = 0.00734343, Final residual = 6.82016e-05, No Iterations 20
DICPCG:  Solving for p_rgh, Initial residual = 0.000648882, Final residual = 6.43114e-06, No Iterations 66
DICPCG:  Solving for p_rgh, Initial residual = 8.99022e-05, Final residual = 8.98216e-07, No Iterations 105
diagonal:  Solving for rho, Initial residual = 0, Final residual = 0, No Iterations 0
time step continuity errors (domain0): sum local = 8.74359e-09, global = -5.84157e-10, cumulative = -6.07716e-08
DICPCG:  Solving for p_rgh, Initial residual = 0.00142335, Final residual = 1.3697e-05, No Iterations 22
DICPCG:  Solving for p_rgh, Initial residual = 0.000135414, Final residual = 1.30857e-06, No Iterations 56
DICPCG:  Solving for p_rgh, Initial residual = 1.79916e-05, Final residual = 9.68464e-08, No Iterations 119
diagonal:  Solving for rho, Initial residual = 0, Final residual = 0, No Iterations 0
time step continuity errors (domain0): sum local = 9.42683e-10, global = -8.93502e-11, cumulative = -6.0861e-08
DILUPBiCGStab:  Solving for epsilon, Initial residual = 0.0065826, Final residual = 6.39545e-08, No Iterations 3
DILUPBiCGStab:  Solving for k, Initial residual = 0.0168569, Final residual = 8.57425e-09, No Iterations 4

Solving for solid region CPU
DICPCG:  Solving for h, Initial residual = 0.0261593, Final residual = 8.26801e-11, No Iterations 32
DICPCG:  Solving for h, Initial residual = 0.000466256, Final residual = 6.45892e-11, No Iterations 25
DICPCG:  Solving for h, Initial residual = 2.2887e-05, Final residual = 6.40408e-11, No Iterations 21
Min/max T:302.008 303.436

Solving for solid region Heatsink
DICPCG:  Solving for h, Initial residual = 0.190945, Final residual = 9.60057e-07, No Iterations 240
DICPCG:  Solving for h, Initial residual = 0.0758133, Final residual = 9.90027e-07, No Iterations 206
DICPCG:  Solving for h, Initial residual = 0.0112626, Final residual = 9.79232e-07, No Iterations 135
Min/max T:301.135 302.387

Solving for solid region FRONT_PANEL
DICPCG:  Solving for h, Initial residual = 0.0801939, Final residual = 7.42304e-07, No Iterations 4
DICPCG:  Solving for h, Initial residual = 0.0244456, Final residual = 3.269e-07, No Iterations 4
DICPCG:  Solving for h, Initial residual = 0.015639, Final residual = 2.61461e-07, No Iterations 4
Min/max T:271.373 301.324
ExecutionTime = 51.64 s  ClockTime = 52 s

Region: domain0 Courant Number mean: 0.111923 max: 9.68329
Region: CPU Diffusion Number mean: 0.0823935 max: 1.16131
Region: Heatsink Diffusion Number mean: 0.0917996 max: 5.01215
Region: FRONT_PANEL Diffusion Number mean: 0.00267202 max: 2.79395
deltaT = 0.000833333
Time = 0.0216667


Solving for fluid region domain0
diagonal:  Solving for rho, Initial residual = 0, Final residual = 0, No Iterations 0
DILUPBiCGStab:  Solving for Ux, Initial residual = 0.00630318, Final residual = 5.789e-08, No Iterations 3
DILUPBiCGStab:  Solving for Uy, Initial residual = 0.008866, Final residual = 2.93015e-08, No Iterations 3
DILUPBiCGStab:  Solving for Uz, Initial residual = 0.00285667, Final residual = 6.98187e-08, No Iterations 3
DILUPBiCGStab:  Solving for h, Initial residual = 0.0020344, Final residual = 2.71829e-08, No Iterations 3
Min/max T:295.574 303.251
DICPCG:  Solving for p_rgh, Initial residual = 0.00528097, Final residual = 5.04524e-05, No Iterations 74
DICPCG:  Solving for p_rgh, Initial residual = 0.00108449, Final residual = 1.07644e-05, No Iterations 58
DICPCG:  Solving for p_rgh, Initial residual = 0.000114031, Final residual = 1.11808e-06, No Iterations 130
diagonal:  Solving for rho, Initial residual = 0, Final residual = 0, No Iterations 0
time step continuity errors (domain0): sum local = 1.08913e-08, global = -7.18258e-11, cumulative = -6.09328e-08
DICPCG:  Solving for p_rgh, Initial residual = 0.00115595, Final residual = 1.13687e-05, No Iterations 79
DICPCG:  Solving for p_rgh, Initial residual = 0.000316557, Final residual = 3.11371e-06, No Iterations 53
DICPCG:  Solving for p_rgh, Initial residual = 3.15438e-05, Final residual = 3.04042e-07, No Iterations 129
diagonal:  Solving for rho, Initial residual = 0, Final residual = 0, No Iterations 0
time step continuity errors (domain0): sum local = 2.96196e-09, global = -1.64749e-10, cumulative = -6.10975e-08
DICPCG:  Solving for p_rgh, Initial residual = 0.00013188, Final residual = 1.26995e-06, No Iterations 77
DICPCG:  Solving for p_rgh, Initial residual = 2.59097e-05, Final residual = 2.58873e-07, No Iterations 71
DICPCG:  Solving for p_rgh, Initial residual = 2.85888e-06, Final residual = 9.56375e-08, No Iterations 34
diagonal:  Solving for rho, Initial residual = 0, Final residual = 0, No Iterations 0
time step continuity errors (domain0): sum local = 9.31788e-10, global = -1.34389e-10, cumulative = -6.12319e-08
DICPCG:  Solving for p_rgh, Initial residual = 3.18399e-05, Final residual = 3.16494e-07, No Iterations 87
DICPCG:  Solving for p_rgh, Initial residual = 6.03e-06, Final residual = 9.67256e-08, No Iterations 80
DICPCG:  Solving for p_rgh, Initial residual = 7.46267e-07, Final residual = 9.93814e-08, No Iterations 3
diagonal:  Solving for rho, Initial residual = 0, Final residual = 0, No Iterations 0
time step continuity errors (domain0): sum local = 9.68151e-10, global = -1.3161e-10, cumulative = -6.13635e-08
DILUPBiCGStab:  Solving for epsilon, Initial residual = 0.00617724, Final residual = 6.11557e-08, No Iterations 3
bounding epsilon, min: -0.0168114 max: 2119.32 average: 7.29989
DILUPBiCGStab:  Solving for k, Initial residual = 0.016029, Final residual = 8.5684e-09, No Iterations 4

Solving for solid region CPU
DICPCG:  Solving for h, Initial residual = 0.0246376, Final residual = 8.14967e-11, No Iterations 32
DICPCG:  Solving for h, Initial residual = 0.000440368, Final residual = 6.27099e-11, No Iterations 25
DICPCG:  Solving for h, Initial residual = 2.01131e-05, Final residual = 6.04414e-11, No Iterations 21
Min/max T:302.043 303.476

Solving for solid region Heatsink
DICPCG:  Solving for h, Initial residual = 0.0814577, Final residual = 9.99294e-07, No Iterations 240
DICPCG:  Solving for h, Initial residual = 0.073966, Final residual = 9.87993e-07, No Iterations 206
DICPCG:  Solving for h, Initial residual = 0.0110262, Final residual = 9.58637e-07, No Iterations 135
Min/max T:301.159 302.427

Solving for solid region FRONT_PANEL
DICPCG:  Solving for h, Initial residual = 0.0384358, Final residual = 2.95197e-07, No Iterations 4
DICPCG:  Solving for h, Initial residual = 0.0197789, Final residual = 1.28318e-07, No Iterations 4
DICPCG:  Solving for h, Initial residual = 0.0108766, Final residual = 1.12812e-07, No Iterations 4
Min/max T:292.492 300.31
ExecutionTime = 83.67 s  ClockTime = 84 s

Region: domain0 Courant Number mean: 0.112113 max: 9.67947
Region: CPU Diffusion Number mean: 0.0823935 max: 1.16131
Region: Heatsink Diffusion Number mean: 0.0917996 max: 5.01215
Region: FRONT_PANEL Diffusion Number mean: 0.00267202 max: 2.79395
deltaT = 0.000833333
Time = 0.0225


Solving for fluid region domain0
diagonal:  Solving for rho, Initial residual = 0, Final residual = 0, No Iterations 0
DILUPBiCGStab:  Solving for Ux, Initial residual = 0.00623594, Final residual = 5.51447e-08, No Iterations 3
DILUPBiCGStab:  Solving for Uy, Initial residual = 0.00859843, Final residual = 2.43704e-08, No Iterations 3
DILUPBiCGStab:  Solving for Uz, Initial residual = 0.00280156, Final residual = 2.81731e-08, No Iterations 3
DILUPBiCGStab:  Solving for h, Initial residual = 0.00153499, Final residual = 9.02264e-08, No Iterations 2
Min/max T:292.493 303.289
DICPCG:  Solving for p_rgh, Initial residual = 0.00469229, Final residual = 4.69163e-05, No Iterations 80
DICPCG:  Solving for p_rgh, Initial residual = 0.000842699, Final residual = 8.22287e-06, No Iterations 78
DICPCG:  Solving for p_rgh, Initial residual = 9.73087e-05, Final residual = 9.66072e-07, No Iterations 104
diagonal:  Solving for rho, Initial residual = 0, Final residual = 0, No Iterations 0
time step continuity errors (domain0): sum local = 9.42223e-09, global = 2.20766e-10, cumulative = -6.11428e-08
DICPCG:  Solving for p_rgh, Initial residual = 0.00098964, Final residual = 9.77715e-06, No Iterations 85
DICPCG:  Solving for p_rgh, Initial residual = 0.000249221, Final residual = 2.37316e-06, No Iterations 63
DICPCG:  Solving for p_rgh, Initial residual = 2.65582e-05, Final residual = 2.60767e-07, No Iterations 135
diagonal:  Solving for rho, Initial residual = 0, Final residual = 0, No Iterations 0
time step continuity errors (domain0): sum local = 2.5435e-09, global = -2.25042e-10, cumulative = -6.13678e-08
DICPCG:  Solving for p_rgh, Initial residual = 0.00011476, Final residual = 1.12812e-06, No Iterations 85
DICPCG:  Solving for p_rgh, Initial residual = 2.01884e-05, Final residual = 2.01255e-07, No Iterations 61
DICPCG:  Solving for p_rgh, Initial residual = 2.48234e-06, Final residual = 9.99837e-08, No Iterations 29
diagonal:  Solving for rho, Initial residual = 0, Final residual = 0, No Iterations 0
time step continuity errors (domain0): sum local = 9.75317e-10, global = 1.62674e-10, cumulative = -6.12051e-08
DICPCG:  Solving for p_rgh, Initial residual = 2.75856e-05, Final residual = 2.74843e-07, No Iterations 89
DICPCG:  Solving for p_rgh, Initial residual = 4.98812e-06, Final residual = 9.9765e-08, No Iterations 41
DICPCG:  Solving for p_rgh, Initial residual = 6.47585e-07, Final residual = 8.99598e-08, No Iterations 3
diagonal:  Solving for rho, Initial residual = 0, Final residual = 0, No Iterations 0
time step continuity errors (domain0): sum local = 8.77407e-10, global = 2.64226e-11, cumulative = -6.11787e-08
DILUPBiCGStab:  Solving for epsilon, Initial residual = 0.0058289, Final residual = 5.97989e-08, No Iterations 3
DILUPBiCGStab:  Solving for k, Initial residual = 0.0153021, Final residual = 6.92413e-08, No Iterations 3

Solving for solid region CPU
DICPCG:  Solving for h, Initial residual = 0.0243695, Final residual = 8.05939e-11, No Iterations 32
DICPCG:  Solving for h, Initial residual = 0.000435107, Final residual = 6.20947e-11, No Iterations 25
DICPCG:  Solving for h, Initial residual = 1.98636e-05, Final residual = 5.95939e-11, No Iterations 21
Min/max T:302.077 303.516

Solving for solid region Heatsink
DICPCG:  Solving for h, Initial residual = 0.0799068, Final residual = 9.35727e-07, No Iterations 241
DICPCG:  Solving for h, Initial residual = 0.072563, Final residual = 9.58101e-07, No Iterations 206
DICPCG:  Solving for h, Initial residual = 0.0108047, Final residual = 9.41026e-07, No Iterations 135
Min/max T:301.183 302.467

Solving for solid region FRONT_PANEL
DICPCG:  Solving for h, Initial residual = 0.0149944, Final residual = 1.16675e-07, No Iterations 4
DICPCG:  Solving for h, Initial residual = 0.00637355, Final residual = 8.75704e-08, No Iterations 4
DICPCG:  Solving for h, Initial residual = 0.00434507, Final residual = 8.33992e-07, No Iterations 3
Min/max T:292.493 300.31
ExecutionTime = 115.56 s  ClockTime = 116 s

Region: domain0 Courant Number mean: 0.112301 max: 9.6779
Region: CPU Diffusion Number mean: 0.0823935 max: 1.16131
Region: Heatsink Diffusion Number mean: 0.0917996 max: 5.01215
Region: FRONT_PANEL Diffusion Number mean: 0.00267202 max: 2.79395
deltaT = 0.000833333
Time = 0.0233333


Solving for fluid region domain0
diagonal:  Solving for rho, Initial residual = 0, Final residual = 0, No Iterations 0
DILUPBiCGStab:  Solving for Ux, Initial residual = 0.00617398, Final residual = 5.37352e-08, No Iterations 3
DILUPBiCGStab:  Solving for Uy, Initial residual = 0.00832348, Final residual = 2.43996e-08, No Iterations 3
DILUPBiCGStab:  Solving for Uz, Initial residual = 0.00275221, Final residual = 9.94345e-08, No Iterations 3
DILUPBiCGStab:  Solving for h, Initial residual = 0.00143214, Final residual = 7.73419e-08, No Iterations 2
Min/max T:297.408 303.326
DICPCG:  Solving for p_rgh, Initial residual = 0.00445731, Final residual = 4.35978e-05, No Iterations 99
DICPCG:  Solving for p_rgh, Initial residual = 0.000816591, Final residual = 7.92212e-06, No Iterations 101
DICPCG:  Solving for p_rgh, Initial residual = 9.18741e-05, Final residual = 9.10679e-07, No Iterations 82
diagonal:  Solving for rho, Initial residual = 0, Final residual = 0, No Iterations 0
time step continuity errors (domain0): sum local = 8.89259e-09, global = -1.09457e-09, cumulative = -6.22733e-08
DICPCG:  Solving for p_rgh, Initial residual = 0.000931418, Final residual = 8.98627e-06, No Iterations 86
DICPCG:  Solving for p_rgh, Initial residual = 0.000235864, Final residual = 2.26379e-06, No Iterations 63
DICPCG:  Solving for p_rgh, Initial residual = 2.50463e-05, Final residual = 2.49933e-07, No Iterations 116
diagonal:  Solving for rho, Initial residual = 0, Final residual = 0, No Iterations 0
time step continuity errors (domain0): sum local = 2.44103e-09, global = -4.50375e-10, cumulative = -6.27237e-08
DICPCG:  Solving for p_rgh, Initial residual = 0.0001092, Final residual = 1.08333e-06, No Iterations 88
DICPCG:  Solving for p_rgh, Initial residual = 1.92807e-05, Final residual = 1.83813e-07, No Iterations 59
DICPCG:  Solving for p_rgh, Initial residual = 2.34107e-06, Final residual = 9.91531e-08, No Iterations 19
diagonal:  Solving for rho, Initial residual = 0, Final residual = 0, No Iterations 0
time step continuity errors (domain0): sum local = 9.6826e-10, global = 3.03573e-10, cumulative = -6.24201e-08
DICPCG:  Solving for p_rgh, Initial residual = 2.62981e-05, Final residual = 2.56548e-07, No Iterations 94
DICPCG:  Solving for p_rgh, Initial residual = 4.82546e-06, Final residual = 9.72764e-08, No Iterations 34
DICPCG:  Solving for p_rgh, Initial residual = 6.03586e-07, Final residual = 8.63828e-08, No Iterations 3
diagonal:  Solving for rho, Initial residual = 0, Final residual = 0, No Iterations 0
time step continuity errors (domain0): sum local = 8.43507e-10, global = 1.70607e-10, cumulative = -6.22495e-08
DILUPBiCGStab:  Solving for epsilon, Initial residual = 0.00553905, Final residual = 6.14543e-08, No Iterations 3
bounding epsilon, min: -0.0532938 max: 2119.72 average: 7.15536
DILUPBiCGStab:  Solving for k, Initial residual = 0.0146578, Final residual = 4.34429e-08, No Iterations 3

Solving for solid region CPU
DICPCG:  Solving for h, Initial residual = 0.0241054, Final residual = 7.97121e-11, No Iterations 32
DICPCG:  Solving for h, Initial residual = 0.00043034, Final residual = 6.14546e-11, No Iterations 25
DICPCG:  Solving for h, Initial residual = 1.96522e-05, Final residual = 5.89761e-11, No Iterations 21
Min/max T:302.112 303.555

Solving for solid region Heatsink
DICPCG:  Solving for h, Initial residual = 0.0784374, Final residual = 9.39489e-07, No Iterations 241
DICPCG:  Solving for h, Initial residual = 0.0712368, Final residual = 9.40149e-07, No Iterations 206
DICPCG:  Solving for h, Initial residual = 0.0105955, Final residual = 9.23202e-07, No Iterations 135
Min/max T:301.207 302.506

Solving for solid region FRONT_PANEL
DICPCG:  Solving for h, Initial residual = 0.00892376, Final residual = 6.81476e-08, No Iterations 4
DICPCG:  Solving for h, Initial residual = 0.0048028, Final residual = 5.45205e-08, No Iterations 4
DICPCG:  Solving for h, Initial residual = 0.00308194, Final residual = 9.83095e-07, No Iterations 3
Min/max T:297.108 300.127
ExecutionTime = 148.92 s  ClockTime = 149 s

Region: domain0 Courant Number mean: 0.112491 max: 9.67629
Region: CPU Diffusion Number mean: 0.0823935 max: 1.16131
Region: Heatsink Diffusion Number mean: 0.0917996 max: 5.01215
Region: FRONT_PANEL Diffusion Number mean: 0.00267202 max: 2.79395
deltaT = 0.000833333
Time = 0.0241667


Solving for fluid region domain0
diagonal:  Solving for rho, Initial residual = 0, Final residual = 0, No Iterations 0
DILUPBiCGStab:  Solving for Ux, Initial residual = 0.00610667, Final residual = 5.22636e-08, No Iterations 3
DILUPBiCGStab:  Solving for Uy, Initial residual = 0.0080792, Final residual = 9.6153e-08, No Iterations 3
DILUPBiCGStab:  Solving for Uz, Initial residual = 0.00270632, Final residual = 7.30657e-08, No Iterations 3
DILUPBiCGStab:  Solving for h, Initial residual = 0.00138866, Final residual = 6.7805e-08, No Iterations 2
Min/max T:297.108 303.364
DICPCG:  Solving for p_rgh, Initial residual = 0.00427184, Final residual = 4.25349e-05, No Iterations 109
DICPCG:  Solving for p_rgh, Initial residual = 0.000771522, Final residual = 7.62277e-06, No Iterations 94
DICPCG:  Solving for p_rgh, Initial residual = 8.96493e-05, Final residual = 8.6197e-07, No Iterations 112
diagonal:  Solving for rho, Initial residual = 0, Final residual = 0, No Iterations 0
time step continuity errors (domain0): sum local = 8.42726e-09, global = -2.24522e-10, cumulative = -6.2474e-08
DICPCG:  Solving for p_rgh, Initial residual = 0.000886466, Final residual = 8.55039e-06, No Iterations 88
DICPCG:  Solving for p_rgh, Initial residual = 0.000222951, Final residual = 2.22222e-06, No Iterations 60
DICPCG:  Solving for p_rgh, Initial residual = 2.36857e-05, Final residual = 2.34112e-07, No Iterations 113
diagonal:  Solving for rho, Initial residual = 0, Final residual = 0, No Iterations 0
time step continuity errors (domain0): sum local = 2.28947e-09, global = -4.42324e-10, cumulative = -6.29163e-08
DICPCG:  Solving for p_rgh, Initial residual = 0.00010473, Final residual = 1.02227e-06, No Iterations 88
DICPCG:  Solving for p_rgh, Initial residual = 1.84627e-05, Final residual = 1.77389e-07, No Iterations 99
DICPCG:  Solving for p_rgh, Initial residual = 2.21426e-06, Final residual = 9.90541e-08, No Iterations 9
diagonal:  Solving for rho, Initial residual = 0, Final residual = 0, No Iterations 0
time step continuity errors (domain0): sum local = 9.68429e-10, global = 1.0506e-10, cumulative = -6.28113e-08
DICPCG:  Solving for p_rgh, Initial residual = 2.53158e-05, Final residual = 2.50151e-07, No Iterations 95
DICPCG:  Solving for p_rgh, Initial residual = 4.72205e-06, Final residual = 9.96555e-08, No Iterations 43
DICPCG:  Solving for p_rgh, Initial residual = 6.03806e-07, Final residual = 8.67283e-08, No Iterations 3
diagonal:  Solving for rho, Initial residual = 0, Final residual = 0, No Iterations 0
time step continuity errors (domain0): sum local = 8.47923e-10, global = 1.88737e-10, cumulative = -6.26225e-08
DILUPBiCGStab:  Solving for epsilon, Initial residual = 0.00528043, Final residual = 7.10982e-08, No Iterations 3
DILUPBiCGStab:  Solving for k, Initial residual = 0.0140654, Final residual = 3.29351e-08, No Iterations 3

Solving for solid region CPU
DICPCG:  Solving for h, Initial residual = 0.0238466, Final residual = 7.88379e-11, No Iterations 32
DICPCG:  Solving for h, Initial residual = 0.000425761, Final residual = 6.08144e-11, No Iterations 25
DICPCG:  Solving for h, Initial residual = 1.94484e-05, Final residual = 5.83546e-11, No Iterations 21
Min/max T:302.145 303.594

Solving for solid region Heatsink
DICPCG:  Solving for h, Initial residual = 0.0769947, Final residual = 9.43988e-07, No Iterations 241
DICPCG:  Solving for h, Initial residual = 0.0699296, Final residual = 9.86052e-07, No Iterations 205
DICPCG:  Solving for h, Initial residual = 0.0103896, Final residual = 9.87838e-07, No Iterations 134
Min/max T:301.23 302.544

Solving for solid region FRONT_PANEL
DICPCG:  Solving for h, Initial residual = 0.00386916, Final residual = 5.19307e-08, No Iterations 4
DICPCG:  Solving for h, Initial residual = 0.00242691, Final residual = 6.38257e-07, No Iterations 3
DICPCG:  Solving for h, Initial residual = 0.00212121, Final residual = 7.69362e-07, No Iterations 3
Min/max T:297.108 300.109
ExecutionTime = 183.67 s  ClockTime = 184 s

Region: domain0 Courant Number mean: 0.112685 max: 9.67488
Region: CPU Diffusion Number mean: 0.0823935 max: 1.16131
Region: Heatsink Diffusion Number mean: 0.0917996 max: 5.01215
Region: FRONT_PANEL Diffusion Number mean: 0.00267202 max: 2.79395
deltaT = 0.000833333
Time = 0.025


Solving for fluid region domain0
diagonal:  Solving for rho, Initial residual = 0, Final residual = 0, No Iterations 0
DILUPBiCGStab:  Solving for Ux, Initial residual = 0.00603973, Final residual = 5.10648e-08, No Iterations 3
DILUPBiCGStab:  Solving for Uy, Initial residual = 0.00786461, Final residual = 8.33924e-08, No Iterations 3
DILUPBiCGStab:  Solving for Uz, Initial residual = 0.00266698, Final residual = 5.75775e-08, No Iterations 3
DILUPBiCGStab:  Solving for h, Initial residual = 0.00134992, Final residual = 6.08945e-08, No Iterations 2
Min/max T:298.254 303.401
DICPCG:  Solving for p_rgh, Initial residual = 0.00416185, Final residual = 4.15814e-05, No Iterations 119
DICPCG:  Solving for p_rgh, Initial residual = 0.000733811, Final residual = 7.17134e-06, No Iterations 100
DICPCG:  Solving for p_rgh, Initial residual = 8.54503e-05, Final residual = 8.29115e-07, No Iterations 133
diagonal:  Solving for rho, Initial residual = 0, Final residual = 0, No Iterations 0
time step continuity errors (domain0): sum local = 8.11598e-09, global = 3.42462e-11, cumulative = -6.25883e-08
DICPCG:  Solving for p_rgh, Initial residual = 0.000853457, Final residual = 8.33352e-06, No Iterations 87
DICPCG:  Solving for p_rgh, Initial residual = 0.00021437, Final residual = 2.14067e-06, No Iterations 60
DICPCG:  Solving for p_rgh, Initial residual = 2.23394e-05, Final residual = 2.22325e-07, No Iterations 90
diagonal:  Solving for rho, Initial residual = 0, Final residual = 0, No Iterations 0
time step continuity errors (domain0): sum local = 2.17626e-09, global = 7.34518e-11, cumulative = -6.25148e-08
DICPCG:  Solving for p_rgh, Initial residual = 0.000100811, Final residual = 9.64248e-07, No Iterations 89
DICPCG:  Solving for p_rgh, Initial residual = 1.74852e-05, Final residual = 1.68774e-07, No Iterations 106
DICPCG:  Solving for p_rgh, Initial residual = 2.14663e-06, Final residual = 9.81345e-08, No Iterations 8
diagonal:  Solving for rho, Initial residual = 0, Final residual = 0, No Iterations 0
time step continuity errors (domain0): sum local = 9.60677e-10, global = 7.31923e-11, cumulative = -6.24416e-08
DICPCG:  Solving for p_rgh, Initial residual = 2.43312e-05, Final residual = 2.42858e-07, No Iterations 97
DICPCG:  Solving for p_rgh, Initial residual = 4.45715e-06, Final residual = 9.99834e-08, No Iterations 48
DICPCG:  Solving for p_rgh, Initial residual = 5.9292e-07, Final residual = 8.95125e-08, No Iterations 3
diagonal:  Solving for rho, Initial residual = 0, Final residual = 0, No Iterations 0
time step continuity errors (domain0): sum local = 8.76215e-10, global = 1.76089e-10, cumulative = -6.22655e-08
DILUPBiCGStab:  Solving for epsilon, Initial residual = 0.00503582, Final residual = 1.55076e-08, No Iterations 3
bounding epsilon, min: -0.0812501 max: 2119.79 average: 7.03198
DILUPBiCGStab:  Solving for k, Initial residual = 0.0135132, Final residual = 2.91895e-08, No Iterations 3

Solving for solid region CPU
DICPCG:  Solving for h, Initial residual = 0.0235921, Final residual = 7.79799e-11, No Iterations 32
DICPCG:  Solving for h, Initial residual = 0.000421225, Final residual = 6.01869e-11, No Iterations 25
DICPCG:  Solving for h, Initial residual = 1.92466e-05, Final residual = 5.77435e-11, No Iterations 21
Min/max T:302.179 303.633

Solving for solid region Heatsink
DICPCG:  Solving for h, Initial residual = 0.0755994, Final residual = 9.49476e-07, No Iterations 241
DICPCG:  Solving for h, Initial residual = 0.0686655, Final residual = 9.67462e-07, No Iterations 205
DICPCG:  Solving for h, Initial residual = 0.0101911, Final residual = 9.69403e-07, No Iterations 134
Min/max T:301.254 302.582

Solving for solid region FRONT_PANEL
DICPCG:  Solving for h, Initial residual = 0.00305616, Final residual = 4.29084e-08, No Iterations 4
DICPCG:  Solving for h, Initial residual = 0.00192426, Final residual = 6.92798e-07, No Iterations 3
DICPCG:  Solving for h, Initial residual = 0.00174095, Final residual = 6.69933e-07, No Iterations 3
Min/max T:298.254 300.099
ExecutionTime = 217.5 s  ClockTime = 218 s

Region: domain0 Courant Number mean: 0.112883 max: 9.67381
Region: CPU Diffusion Number mean: 0.0823935 max: 1.16131
Region: Heatsink Diffusion Number mean: 0.0917996 max: 5.01215
Region: FRONT_PANEL Diffusion Number mean: 0.00267202 max: 2.79395
deltaT = 0.000833333
Time = 0.0258333


Solving for fluid region domain0
diagonal:  Solving for rho, Initial residual = 0, Final residual = 0, No Iterations 0
DILUPBiCGStab:  Solving for Ux, Initial residual = 0.00606536, Final residual = 7.98489e-08, No Iterations 3
DILUPBiCGStab:  Solving for Uy, Initial residual = 0.00784093, Final residual = 1.79951e-08, No Iterations 4
DILUPBiCGStab:  Solving for Uz, Initial residual = 0.00266361, Final residual = 2.19865e-08, No Iterations 3
DILUPBiCGStab:  Solving for h, Initial residual = 0.00130584, Final residual = 5.56614e-08, No Iterations 2
Min/max T:298.426 303.437
DICPCG:  Solving for p_rgh, Initial residual = 0.00415346, Final residual = 4.12e-05, No Iterations 123
DICPCG:  Solving for p_rgh, Initial residual = 0.000792398, Final residual = 7.61124e-06, No Iterations 75
DICPCG:  Solving for p_rgh, Initial residual = 9.62393e-05, Final residual = 9.37863e-07, No Iterations 106
diagonal:  Solving for rho, Initial residual = 0, Final residual = 0, No Iterations 0
time step continuity errors (domain0): sum local = 9.19371e-09, global = -1.45987e-09, cumulative = -6.37254e-08
DICPCG:  Solving for p_rgh, Initial residual = 0.000888074, Final residual = 8.55403e-06, No Iterations 91
DICPCG:  Solving for p_rgh, Initial residual = 0.000244632, Final residual = 2.42318e-06, No Iterations 98
DICPCG:  Solving for p_rgh, Initial residual = 2.55035e-05, Final residual = 2.48158e-07, No Iterations 109
diagonal:  Solving for rho, Initial residual = 0, Final residual = 0, No Iterations 0
time step continuity errors (domain0): sum local = 2.432e-09, global = 3.84293e-10, cumulative = -6.33411e-08
DICPCG:  Solving for p_rgh, Initial residual = 0.000112621, Final residual = 1.07529e-06, No Iterations 119
DICPCG:  Solving for p_rgh, Initial residual = 1.90725e-05, Final residual = 1.87565e-07, No Iterations 97
DICPCG:  Solving for p_rgh, Initial residual = 2.55716e-06, Final residual = 9.85859e-08, No Iterations 10
diagonal:  Solving for rho, Initial residual = 0, Final residual = 0, No Iterations 0
time step continuity errors (domain0): sum local = 9.66528e-10, global = 4.33691e-10, cumulative = -6.29074e-08
DICPCG:  Solving for p_rgh, Initial residual = 2.84819e-05, Final residual = 2.84512e-07, No Iterations 130
DICPCG:  Solving for p_rgh, Initial residual = 5.00014e-06, Final residual = 9.84154e-08, No Iterations 47
DICPCG:  Solving for p_rgh, Initial residual = 6.97872e-07, Final residual = 8.66921e-08, No Iterations 3
diagonal:  Solving for rho, Initial residual = 0, Final residual = 0, No Iterations 0
time step continuity errors (domain0): sum local = 8.49797e-10, global = 5.87561e-11, cumulative = -6.28487e-08
DILUPBiCGStab:  Solving for epsilon, Initial residual = 0.00484439, Final residual = 6.73941e-08, No Iterations 3
bounding epsilon, min: -5.62908 max: 2119.76 average: 6.97805
DILUPBiCGStab:  Solving for k, Initial residual = 0.013047, Final residual = 9.83197e-08, No Iterations 4

Solving for solid region CPU
DICPCG:  Solving for h, Initial residual = 0.0233421, Final residual = 7.71362e-11, No Iterations 32
DICPCG:  Solving for h, Initial residual = 0.000416787, Final residual = 5.9567e-11, No Iterations 25
DICPCG:  Solving for h, Initial residual = 1.90489e-05, Final residual = 5.71435e-11, No Iterations 21
Min/max T:302.211 303.67

Solving for solid region Heatsink
DICPCG:  Solving for h, Initial residual = 0.0742486, Final residual = 9.55556e-07, No Iterations 241
DICPCG:  Solving for h, Initial residual = 0.0674415, Final residual = 9.49427e-07, No Iterations 205
DICPCG:  Solving for h, Initial residual = 0.00999922, Final residual = 9.51597e-07, No Iterations 134
Min/max T:301.277 302.62

Solving for solid region FRONT_PANEL
DICPCG:  Solving for h, Initial residual = 0.00172128, Final residual = 8.56442e-07, No Iterations 3
DICPCG:  Solving for h, Initial residual = 0.00152615, Final residual = 5.4611e-07, No Iterations 3
DICPCG:  Solving for h, Initial residual = 0.00142531, Final residual = 5.77815e-07, No Iterations 3
Min/max T:298.426 300.092
ExecutionTime = 252.43 s  ClockTime = 253 s

Region: domain0 Courant Number mean: 0.11309 max: 9.67402
Region: CPU Diffusion Number mean: 0.0823935 max: 1.16131
Region: Heatsink Diffusion Number mean: 0.0917996 max: 5.01215
Region: FRONT_PANEL Diffusion Number mean: 0.00267202 max: 2.79395
deltaT = 0.000833333
Time = 0.0266667


Solving for fluid region domain0
diagonal:  Solving for rho, Initial residual = 0, Final residual = 0, No Iterations 0
DILUPBiCGStab:  Solving for Ux, Initial residual = 0.0061448, Final residual = 2.20776e-08, No Iterations 4
DILUPBiCGStab:  Solving for Uy, Initial residual = 0.00773003, Final residual = 8.86191e-08, No Iterations 3
DILUPBiCGStab:  Solving for Uz, Initial residual = 0.00261562, Final residual = 8.94753e-08, No Iterations 3
DILUPBiCGStab:  Solving for h, Initial residual = 0.00127647, Final residual = 5.26692e-08, No Iterations 2
Min/max T:298.802 303.473
DICPCG:  Solving for p_rgh, Initial residual = 0.00407425, Final residual = 3.89996e-05, No Iterations 101
DICPCG:  Solving for p_rgh, Initial residual = 0.000829065, Final residual = 8.12247e-06, No Iterations 107
DICPCG:  Solving for p_rgh, Initial residual = 9.95692e-05, Final residual = 9.85899e-07, No Iterations 80
diagonal:  Solving for rho, Initial residual = 0, Final residual = 0, No Iterations 0
time step continuity errors (domain0): sum local = 9.6762e-09, global = -1.18777e-09, cumulative = -6.40364e-08
DICPCG:  Solving for p_rgh, Initial residual = 0.000883725, Final residual = 8.77809e-06, No Iterations 86
DICPCG:  Solving for p_rgh, Initial residual = 0.000256824, Final residual = 2.43447e-06, No Iterations 87
DICPCG:  Solving for p_rgh, Initial residual = 2.78564e-05, Final residual = 2.57442e-07, No Iterations 118
diagonal:  Solving for rho, Initial residual = 0, Final residual = 0, No Iterations 0
time step continuity errors (domain0): sum local = 2.52626e-09, global = 9.0387e-11, cumulative = -6.3946e-08
DICPCG:  Solving for p_rgh, Initial residual = 0.000114094, Final residual = 1.11783e-06, No Iterations 88
DICPCG:  Solving for p_rgh, Initial residual = 2.05607e-05, Final residual = 1.97819e-07, No Iterations 102
DICPCG:  Solving for p_rgh, Initial residual = 2.8071e-06, Final residual = 9.87776e-08, No Iterations 13
diagonal:  Solving for rho, Initial residual = 0, Final residual = 0, No Iterations 0
time step continuity errors (domain0): sum local = 9.69518e-10, global = 2.17841e-10, cumulative = -6.37282e-08
DICPCG:  Solving for p_rgh, Initial residual = 3.04212e-05, Final residual = 2.99197e-07, No Iterations 85
DICPCG:  Solving for p_rgh, Initial residual = 5.76347e-06, Final residual = 9.8545e-08, No Iterations 87
DICPCG:  Solving for p_rgh, Initial residual = 8.4503e-07, Final residual = 9.54535e-08, No Iterations 3
diagonal:  Solving for rho, Initial residual = 0, Final residual = 0, No Iterations 0
time step continuity errors (domain0): sum local = 9.36808e-10, global = 6.76035e-11, cumulative = -6.36606e-08
DILUPBiCGStab:  Solving for epsilon, Initial residual = 0.00464082, Final residual = 8.1777e-08, No Iterations 3
bounding epsilon, min: -0.0957477 max: 2119.8 average: 6.93045
DILUPBiCGStab:  Solving for k, Initial residual = 0.0130224, Final residual = 5.9174e-08, No Iterations 4

Solving for solid region CPU
DICPCG:  Solving for h, Initial residual = 0.0230965, Final residual = 7.63067e-11, No Iterations 32
DICPCG:  Solving for h, Initial residual = 0.00041242, Final residual = 5.89579e-11, No Iterations 25
DICPCG:  Solving for h, Initial residual = 1.88543e-05, Final residual = 5.65528e-11, No Iterations 21
Min/max T:302.244 303.708

Solving for solid region Heatsink
DICPCG:  Solving for h, Initial residual = 0.0729418, Final residual = 9.61479e-07, No Iterations 241
DICPCG:  Solving for h, Initial residual = 0.0662578, Final residual = 9.8807e-07, No Iterations 204
DICPCG:  Solving for h, Initial residual = 0.00981403, Final residual = 9.34245e-07, No Iterations 134
Min/max T:301.3 302.657

Solving for solid region FRONT_PANEL
DICPCG:  Solving for h, Initial residual = 0.00164515, Final residual = 7.86341e-07, No Iterations 3
DICPCG:  Solving for h, Initial residual = 0.00129572, Final residual = 5.12091e-07, No Iterations 3
DICPCG:  Solving for h, Initial residual = 0.00122221, Final residual = 5.32764e-07, No Iterations 3
Min/max T:298.802 300.085
ExecutionTime = 286.36 s  ClockTime = 286 s

Region: domain0 Courant Number mean: 0.113297 max: 9.67225
Region: CPU Diffusion Number mean: 0.0823935 max: 1.16131
Region: Heatsink Diffusion Number mean: 0.0917996 max: 5.01215
Region: FRONT_PANEL Diffusion Number mean: 0.00267202 max: 2.79395
deltaT = 0.000833333
Time = 0.0275


Solving for fluid region domain0
diagonal:  Solving for rho, Initial residual = 0, Final residual = 0, No Iterations 0
DILUPBiCGStab:  Solving for Ux, Initial residual = 0.00589333, Final residual = 4.98672e-08, No Iterations 3
DILUPBiCGStab:  Solving for Uy, Initial residual = 0.00736616, Final residual = 3.80435e-08, No Iterations 3
DILUPBiCGStab:  Solving for Uz, Initial residual = 0.00255547, Final residual = 2.5705e-08, No Iterations 3
DILUPBiCGStab:  Solving for h, Initial residual = 0.00120704, Final residual = 4.79402e-08, No Iterations 2
Min/max T:298.981 303.509
DICPCG:  Solving for p_rgh, Initial residual = 0.00394053, Final residual = 3.89953e-05, No Iterations 85
DICPCG:  Solving for p_rgh, Initial residual = 0.000715134, Final residual = 7.12076e-06, No Iterations 79
DICPCG:  Solving for p_rgh, Initial residual = 9.08329e-05, Final residual = 8.97532e-07, No Iterations 108
diagonal:  Solving for rho, Initial residual = 0, Final residual = 0, No Iterations 0
time step continuity errors (domain0): sum local = 8.81805e-09, global = 1.41633e-10, cumulative = -6.3519e-08
DICPCG:  Solving for p_rgh, Initial residual = 0.000836831, Final residual = 8.29332e-06, No Iterations 88
DICPCG:  Solving for p_rgh, Initial residual = 0.000212389, Final residual = 2.09021e-06, No Iterations 100
DICPCG:  Solving for p_rgh, Initial residual = 2.466e-05, Final residual = 2.37585e-07, No Iterations 101
diagonal:  Solving for rho, Initial residual = 0, Final residual = 0, No Iterations 0
time step continuity errors (domain0): sum local = 2.33406e-09, global = -1.30444e-10, cumulative = -6.36494e-08
DICPCG:  Solving for p_rgh, Initial residual = 0.000108159, Final residual = 1.07042e-06, No Iterations 83
DICPCG:  Solving for p_rgh, Initial residual = 1.87588e-05, Final residual = 1.84184e-07, No Iterations 107
DICPCG:  Solving for p_rgh, Initial residual = 2.50466e-06, Final residual = 9.94077e-08, No Iterations 8
diagonal:  Solving for rho, Initial residual = 0, Final residual = 0, No Iterations 0
time step continuity errors (domain0): sum local = 9.76676e-10, global = -9.62805e-11, cumulative = -6.37457e-08
DICPCG:  Solving for p_rgh, Initial residual = 2.88105e-05, Final residual = 2.78751e-07, No Iterations 85
DICPCG:  Solving for p_rgh, Initial residual = 5.00893e-06, Final residual = 9.94268e-08, No Iterations 87
DICPCG:  Solving for p_rgh, Initial residual = 7.20674e-07, Final residual = 8.75098e-08, No Iterations 3
diagonal:  Solving for rho, Initial residual = 0, Final residual = 0, No Iterations 0
time step continuity errors (domain0): sum local = 8.59719e-10, global = -5.51774e-11, cumulative = -6.38009e-08
DILUPBiCGStab:  Solving for epsilon, Initial residual = 0.00443864, Final residual = 3.79828e-08, No Iterations 3
DILUPBiCGStab:  Solving for k, Initial residual = 0.0121204, Final residual = 2.71333e-08, No Iterations 3

Solving for solid region CPU
DICPCG:  Solving for h, Initial residual = 0.0228548, Final residual = 7.54904e-11, No Iterations 32
DICPCG:  Solving for h, Initial residual = 0.000408137, Final residual = 5.83585e-11, No Iterations 25
DICPCG:  Solving for h, Initial residual = 1.86632e-05, Final residual = 5.59728e-11, No Iterations 21
Min/max T:302.276 303.745

Solving for solid region Heatsink
DICPCG:  Solving for h, Initial residual = 0.0716693, Final residual = 9.69459e-07, No Iterations 241
DICPCG:  Solving for h, Initial residual = 0.0651034, Final residual = 9.70054e-07, No Iterations 204
DICPCG:  Solving for h, Initial residual = 0.009634, Final residual = 9.1764e-07, No Iterations 134
Min/max T:301.322 302.694

Solving for solid region FRONT_PANEL
DICPCG:  Solving for h, Initial residual = 0.00129832, Final residual = 7.01612e-07, No Iterations 3
DICPCG:  Solving for h, Initial residual = 0.00111554, Final residual = 4.2529e-07, No Iterations 3
DICPCG:  Solving for h, Initial residual = 0.00105948, Final residual = 4.66383e-07, No Iterations 3
Min/max T:298.981 300.079
ExecutionTime = 319.37 s  ClockTime = 320 s

Region: domain0 Courant Number mean: 0.113504 max: 9.67123
Region: CPU Diffusion Number mean: 0.0823935 max: 1.16131
Region: Heatsink Diffusion Number mean: 0.0917996 max: 5.01215
Region: FRONT_PANEL Diffusion Number mean: 0.00267202 max: 2.79395
deltaT = 0.000833333
Time = 0.0283333


Solving for fluid region domain0
diagonal:  Solving for rho, Initial residual = 0, Final residual = 0, No Iterations 0
DILUPBiCGStab:  Solving for Ux, Initial residual = 0.00582898, Final residual = 4.67415e-08, No Iterations 3
DILUPBiCGStab:  Solving for Uy, Initial residual = 0.00712783, Final residual = 3.81429e-09, No Iterations 4
DILUPBiCGStab:  Solving for Uz, Initial residual = 0.00251508, Final residual = 2.7051e-08, No Iterations 3
DILUPBiCGStab:  Solving for h, Initial residual = 0.00115306, Final residual = 4.50493e-08, No Iterations 2
Min/max T:299.16 303.545
DICPCG:  Solving for p_rgh, Initial residual = 0.00367396, Final residual = 3.58394e-05, No Iterations 92
DICPCG:  Solving for p_rgh, Initial residual = 0.000647506, Final residual = 6.35298e-06, No Iterations 99
DICPCG:  Solving for p_rgh, Initial residual = 7.5548e-05, Final residual = 7.18632e-07, No Iterations 113
diagonal:  Solving for rho, Initial residual = 0, Final residual = 0, No Iterations 0
time step continuity errors (domain0): sum local = 7.06627e-09, global = -5.43733e-10, cumulative = -6.43446e-08
DICPCG:  Solving for p_rgh, Initial residual = 0.000755755, Final residual = 7.46181e-06, No Iterations 89
DICPCG:  Solving for p_rgh, Initial residual = 0.000191082, Final residual = 1.88555e-06, No Iterations 88
DICPCG:  Solving for p_rgh, Initial residual = 2.02465e-05, Final residual = 1.92715e-07, No Iterations 119
diagonal:  Solving for rho, Initial residual = 0, Final residual = 0, No Iterations 0
time step continuity errors (domain0): sum local = 1.8949e-09, global = 2.91048e-11, cumulative = -6.43155e-08
DICPCG:  Solving for p_rgh, Initial residual = 8.9922e-05, Final residual = 8.96847e-07, No Iterations 87
DICPCG:  Solving for p_rgh, Initial residual = 1.55932e-05, Final residual = 1.51446e-07, No Iterations 102
DICPCG:  Solving for p_rgh, Initial residual = 1.93549e-06, Final residual = 9.30731e-08, No Iterations 8
diagonal:  Solving for rho, Initial residual = 0, Final residual = 0, No Iterations 0
time step continuity errors (domain0): sum local = 9.15285e-10, global = -1.1348e-10, cumulative = -6.4429e-08
DICPCG:  Solving for p_rgh, Initial residual = 2.22256e-05, Final residual = 2.17981e-07, No Iterations 94
DICPCG:  Solving for p_rgh, Initial residual = 4.12282e-06, Final residual = 9.66197e-08, No Iterations 46
DICPCG:  Solving for p_rgh, Initial residual = 5.42527e-07, Final residual = 8.04137e-08, No Iterations 3
diagonal:  Solving for rho, Initial residual = 0, Final residual = 0, No Iterations 0
time step continuity errors (domain0): sum local = 7.90752e-10, global = -1.34156e-10, cumulative = -6.45631e-08
DILUPBiCGStab:  Solving for epsilon, Initial residual = 0.00425826, Final residual = 3.01896e-08, No Iterations 3
bounding epsilon, min: -0.105822 max: 2119.72 average: 6.84753
DILUPBiCGStab:  Solving for k, Initial residual = 0.011683, Final residual = 2.53258e-08, No Iterations 3

Solving for solid region CPU
DICPCG:  Solving for h, Initial residual = 0.022618, Final residual = 7.46888e-11, No Iterations 32
DICPCG:  Solving for h, Initial residual = 0.000403905, Final residual = 5.77682e-11, No Iterations 25
DICPCG:  Solving for h, Initial residual = 1.84748e-05, Final residual = 5.54003e-11, No Iterations 21
Min/max T:302.308 303.782

Solving for solid region Heatsink
DICPCG:  Solving for h, Initial residual = 0.0704582, Final residual = 9.76146e-07, No Iterations 241
DICPCG:  Solving for h, Initial residual = 0.0640093, Final residual = 9.97887e-07, No Iterations 187
DICPCG:  Solving for h, Initial residual = 0.00946342, Final residual = 9.97132e-07, No Iterations 133
Min/max T:301.345 302.731

Solving for solid region FRONT_PANEL
DICPCG:  Solving for h, Initial residual = 0.00116502, Final residual = 6.39989e-07, No Iterations 3
DICPCG:  Solving for h, Initial residual = 0.000980427, Final residual = 3.70964e-07, No Iterations 3
DICPCG:  Solving for h, Initial residual = 0.00093691, Final residual = 4.14851e-07, No Iterations 3
Min/max T:299.16 300.073
ExecutionTime = 351.6 s  ClockTime = 352 s

Region: domain0 Courant Number mean: 0.113713 max: 9.67103
Region: CPU Diffusion Number mean: 0.0823935 max: 1.16131
Region: Heatsink Diffusion Number mean: 0.0917996 max: 5.01215
Region: FRONT_PANEL Diffusion Number mean: 0.00267202 max: 2.79395
deltaT = 0.000833333
Time = 0.0291667


Solving for fluid region domain0
diagonal:  Solving for rho, Initial residual = 0, Final residual = 0, No Iterations 0
DILUPBiCGStab:  Solving for Ux, Initial residual = 0.00576343, Final residual = 4.70283e-08, No Iterations 3
DILUPBiCGStab:  Solving for Uy, Initial residual = 0.0069461, Final residual = 9.33605e-08, No Iterations 3
DILUPBiCGStab:  Solving for Uz, Initial residual = 0.00247919, Final residual = 2.95502e-08, No Iterations 3
DILUPBiCGStab:  Solving for h, Initial residual = 0.00111266, Final residual = 4.37566e-08, No Iterations 2
Min/max T:299.281 303.58
DICPCG:  Solving for p_rgh, Initial residual = 0.00351737, Final residual = 3.49496e-05, No Iterations 97
DICPCG:  Solving for p_rgh, Initial residual = 0.000621498, Final residual = 6.10948e-06, No Iterations 104
DICPCG:  Solving for p_rgh, Initial residual = 7.14726e-05, Final residual = 7.14723e-07, No Iterations 107
diagonal:  Solving for rho, Initial residual = 0, Final residual = 0, No Iterations 0
time step continuity errors (domain0): sum local = 7.03482e-09, global = -6.9987e-10, cumulative = -6.5263e-08
DICPCG:  Solving for p_rgh, Initial residual = 0.000724934, Final residual = 7.23032e-06, No Iterations 82
DICPCG:  Solving for p_rgh, Initial residual = 0.000185128, Final residual = 1.83893e-06, No Iterations 73
DICPCG:  Solving for p_rgh, Initial residual = 1.94835e-05, Final residual = 1.8147e-07, No Iterations 118
diagonal:  Solving for rho, Initial residual = 0, Final residual = 0, No Iterations 0
time step continuity errors (domain0): sum local = 1.78629e-09, global = 7.99642e-12, cumulative = -6.5255e-08
DICPCG:  Solving for p_rgh, Initial residual = 8.6321e-05, Final residual = 8.27403e-07, No Iterations 87
DICPCG:  Solving for p_rgh, Initial residual = 1.50183e-05, Final residual = 1.48513e-07, No Iterations 57
DICPCG:  Solving for p_rgh, Initial residual = 1.78851e-06, Final residual = 9.57837e-08, No Iterations 8
diagonal:  Solving for rho, Initial residual = 0, Final residual = 0, No Iterations 0
time step continuity errors (domain0): sum local = 9.42825e-10, global = 2.0543e-11, cumulative = -6.52345e-08
DICPCG:  Solving for p_rgh, Initial residual = 2.13262e-05, Final residual = 2.04931e-07, No Iterations 91
DICPCG:  Solving for p_rgh, Initial residual = 3.83631e-06, Final residual = 9.85993e-08, No Iterations 20
DICPCG:  Solving for p_rgh, Initial residual = 4.61175e-07, Final residual = 9.66804e-08, No Iterations 2
diagonal:  Solving for rho, Initial residual = 0, Final residual = 0, No Iterations 0
time step continuity errors (domain0): sum local = 9.51573e-10, global = -3.05398e-11, cumulative = -6.5265e-08
DILUPBiCGStab:  Solving for epsilon, Initial residual = 0.00409069, Final residual = 2.70663e-08, No Iterations 3
bounding epsilon, min: -0.0809139 max: 2119.64 average: 6.81334
DILUPBiCGStab:  Solving for k, Initial residual = 0.0112988, Final residual = 2.42231e-08, No Iterations 3

Solving for solid region CPU
DICPCG:  Solving for h, Initial residual = 0.0223852, Final residual = 7.39007e-11, No Iterations 32
DICPCG:  Solving for h, Initial residual = 0.00039977, Final residual = 5.71906e-11, No Iterations 25
DICPCG:  Solving for h, Initial residual = 1.82907e-05, Final residual = 5.48405e-11, No Iterations 21
Min/max T:302.34 303.818

Solving for solid region Heatsink
DICPCG:  Solving for h, Initial residual = 0.0692796, Final residual = 9.82786e-07, No Iterations 241
DICPCG:  Solving for h, Initial residual = 0.0629435, Final residual = 9.8472e-07, No Iterations 187
DICPCG:  Solving for h, Initial residual = 0.00929759, Final residual = 9.80006e-07, No Iterations 133
Min/max T:301.367 302.767

Solving for solid region FRONT_PANEL
DICPCG:  Solving for h, Initial residual = 0.00101286, Final residual = 5.81407e-07, No Iterations 3
DICPCG:  Solving for h, Initial residual = 0.000873327, Final residual = 3.065e-07, No Iterations 3
DICPCG:  Solving for h, Initial residual = 0.000838219, Final residual = 3.60368e-07, No Iterations 3
Min/max T:299.281 300.067
ExecutionTime = 382.2 s  ClockTime = 382 s

Region: domain0 Courant Number mean: 0.113922 max: 9.67043
Region: CPU Diffusion Number mean: 0.0823935 max: 1.16131
Region: Heatsink Diffusion Number mean: 0.0917996 max: 5.01215
Region: FRONT_PANEL Diffusion Number mean: 0.00267202 max: 2.79395
deltaT = 0.000833333
Time = 0.03


Solving for fluid region domain0
diagonal:  Solving for rho, Initial residual = 0, Final residual = 0, No Iterations 0
DILUPBiCGStab:  Solving for Ux, Initial residual = 0.00570414, Final residual = 4.6879e-08, No Iterations 3
DILUPBiCGStab:  Solving for Uy, Initial residual = 0.00679818, Final residual = 6.27356e-08, No Iterations 3
DILUPBiCGStab:  Solving for Uz, Initial residual = 0.00244534, Final residual = 3.17777e-08, No Iterations 3
DILUPBiCGStab:  Solving for h, Initial residual = 0.00107824, Final residual = 4.31009e-08, No Iterations 2
Min/max T:299.377 303.614
DICPCG:  Solving for p_rgh, Initial residual = 0.00338122, Final residual = 3.36053e-05, No Iterations 100
DICPCG:  Solving for p_rgh, Initial residual = 0.000615424, Final residual = 6.02021e-06, No Iterations 103
DICPCG:  Solving for p_rgh, Initial residual = 6.95193e-05, Final residual = 6.81845e-07, No Iterations 86
diagonal:  Solving for rho, Initial residual = 0, Final residual = 0, No Iterations 0
time step continuity errors (domain0): sum local = 6.71781e-09, global = -7.95684e-10, cumulative = -6.60607e-08
DICPCG:  Solving for p_rgh, Initial residual = 0.000702817, Final residual = 6.89423e-06, No Iterations 85
DICPCG:  Solving for p_rgh, Initial residual = 0.000182857, Final residual = 1.77264e-06, No Iterations 85
DICPCG:  Solving for p_rgh, Initial residual = 1.93191e-05, Final residual = 1.88242e-07, No Iterations 140
diagonal:  Solving for rho, Initial residual = 0, Final residual = 0, No Iterations 0
time step continuity errors (domain0): sum local = 1.85474e-09, global = 4.3824e-11, cumulative = -6.60169e-08
DICPCG:  Solving for p_rgh, Initial residual = 8.38977e-05, Final residual = 8.17491e-07, No Iterations 86
DICPCG:  Solving for p_rgh, Initial residual = 1.45327e-05, Final residual = 1.41305e-07, No Iterations 58
DICPCG:  Solving for p_rgh, Initial residual = 1.723e-06, Final residual = 9.87533e-08, No Iterations 7
diagonal:  Solving for rho, Initial residual = 0, Final residual = 0, No Iterations 0
time step continuity errors (domain0): sum local = 9.7296e-10, global = 1.076e-10, cumulative = -6.59093e-08
DICPCG:  Solving for p_rgh, Initial residual = 2.07936e-05, Final residual = 2.06926e-07, No Iterations 90
DICPCG:  Solving for p_rgh, Initial residual = 3.7774e-06, Final residual = 9.99809e-08, No Iterations 19
DICPCG:  Solving for p_rgh, Initial residual = 4.47059e-07, Final residual = 9.54341e-08, No Iterations 2
diagonal:  Solving for rho, Initial residual = 0, Final residual = 0, No Iterations 0
time step continuity errors (domain0): sum local = 9.40205e-10, global = 5.18826e-11, cumulative = -6.58574e-08
DILUPBiCGStab:  Solving for epsilon, Initial residual = 0.00393029, Final residual = 2.43034e-08, No Iterations 3
bounding epsilon, min: -0.114822 max: 2119.59 average: 6.78379
DILUPBiCGStab:  Solving for k, Initial residual = 0.0109414, Final residual = 2.35358e-08, No Iterations 3

Solving for solid region CPU
DICPCG:  Solving for h, Initial residual = 0.0221562, Final residual = 7.31255e-11, No Iterations 32
DICPCG:  Solving for h, Initial residual = 0.000395709, Final residual = 5.66222e-11, No Iterations 25
DICPCG:  Solving for h, Initial residual = 1.81096e-05, Final residual = 5.42903e-11, No Iterations 21
Min/max T:302.371 303.854

Solving for solid region Heatsink
DICPCG:  Solving for h, Initial residual = 0.0681277, Final residual = 9.90061e-07, No Iterations 241
DICPCG:  Solving for h, Initial residual = 0.0619001, Final residual = 9.68778e-07, No Iterations 187
DICPCG:  Solving for h, Initial residual = 0.0091356, Final residual = 9.63217e-07, No Iterations 133
Min/max T:301.389 302.803

Solving for solid region FRONT_PANEL
DICPCG:  Solving for h, Initial residual = 0.000910267, Final residual = 5.2869e-07, No Iterations 3
DICPCG:  Solving for h, Initial residual = 0.000786102, Final residual = 2.52201e-07, No Iterations 3
DICPCG:  Solving for h, Initial residual = 0.000757052, Final residual = 3.09523e-07, No Iterations 3
Min/max T:299.377 300.062
ExecutionTime = 413.79 s  ClockTime = 414 s

Region: domain0 Courant Number mean: 0.114132 max: 9.66968
Region: CPU Diffusion Number mean: 0.0823935 max: 1.16131
Region: Heatsink Diffusion Number mean: 0.0917996 max: 5.01215
Region: FRONT_PANEL Diffusion Number mean: 0.00267202 max: 2.79395
deltaT = 0.000833333
Time = 0.0308333


Solving for fluid region domain0
diagonal:  Solving for rho, Initial residual = 0, Final residual = 0, No Iterations 0
DILUPBiCGStab:  Solving for Ux, Initial residual = 0.00564999, Final residual = 4.67701e-08, No Iterations 3
DILUPBiCGStab:  Solving for Uy, Initial residual = 0.00664843, Final residual = 5.62977e-08, No Iterations 3
DILUPBiCGStab:  Solving for Uz, Initial residual = 0.00241224, Final residual = 3.64614e-08, No Iterations 3
DILUPBiCGStab:  Solving for h, Initial residual = 0.00105027, Final residual = 4.32476e-08, No Iterations 2
Min/max T:299.457 303.649
DICPCG:  Solving for p_rgh, Initial residual = 0.00325969, Final residual = 3.20589e-05, No Iterations 112
DICPCG:  Solving for p_rgh, Initial residual = 0.000598957, Final residual = 5.90829e-06, No Iterations 88
DICPCG:  Solving for p_rgh, Initial residual = 6.62706e-05, Final residual = 6.56246e-07, No Iterations 117
diagonal:  Solving for rho, Initial residual = 0, Final residual = 0, No Iterations 0
time step continuity errors (domain0): sum local = 6.47186e-09, global = 7.56678e-11, cumulative = -6.57817e-08
DICPCG:  Solving for p_rgh, Initial residual = 0.00068399, Final residual = 6.76212e-06, No Iterations 83
DICPCG:  Solving for p_rgh, Initial residual = 0.000178393, Final residual = 1.73079e-06, No Iterations 82
DICPCG:  Solving for p_rgh, Initial residual = 1.88625e-05, Final residual = 1.82533e-07, No Iterations 117
diagonal:  Solving for rho, Initial residual = 0, Final residual = 0, No Iterations 0
time step continuity errors (domain0): sum local = 1.80006e-09, global = 9.70575e-11, cumulative = -6.56847e-08
DICPCG:  Solving for p_rgh, Initial residual = 8.17975e-05, Final residual = 8.03669e-07, No Iterations 87
DICPCG:  Solving for p_rgh, Initial residual = 1.43063e-05, Final residual = 1.3996e-07, No Iterations 62
DICPCG:  Solving for p_rgh, Initial residual = 1.69386e-06, Final residual = 9.67847e-08, No Iterations 7
diagonal:  Solving for rho, Initial residual = 0, Final residual = 0, No Iterations 0
time step continuity errors (domain0): sum local = 9.54504e-10, global = 1.56134e-10, cumulative = -6.55285e-08
DICPCG:  Solving for p_rgh, Initial residual = 2.03937e-05, Final residual = 2.01124e-07, No Iterations 93
DICPCG:  Solving for p_rgh, Initial residual = 3.70803e-06, Final residual = 9.82135e-08, No Iterations 20
DICPCG:  Solving for p_rgh, Initial residual = 4.43197e-07, Final residual = 9.40564e-08, No Iterations 2
diagonal:  Solving for rho, Initial residual = 0, Final residual = 0, No Iterations 0
time step continuity errors (domain0): sum local = 9.27536e-10, global = 1.1429e-10, cumulative = -6.54142e-08
DILUPBiCGStab:  Solving for epsilon, Initial residual = 0.0037794, Final residual = 2.23874e-08, No Iterations 3
DILUPBiCGStab:  Solving for k, Initial residual = 0.0106086, Final residual = 2.31194e-08, No Iterations 3

Solving for solid region CPU
DICPCG:  Solving for h, Initial residual = 0.021931, Final residual = 7.23625e-11, No Iterations 32
DICPCG:  Solving for h, Initial residual = 0.000391716, Final residual = 5.60623e-11, No Iterations 25
DICPCG:  Solving for h, Initial residual = 1.79312e-05, Final residual = 9.96045e-11, No Iterations 20
Min/max T:302.402 303.89

Solving for solid region Heatsink
DICPCG:  Solving for h, Initial residual = 0.0670078, Final residual = 9.97387e-07, No Iterations 241
DICPCG:  Solving for h, Initial residual = 0.0608853, Final residual = 9.765e-07, No Iterations 186
DICPCG:  Solving for h, Initial residual = 0.00897835, Final residual = 9.47038e-07, No Iterations 133
Min/max T:301.411 302.838

Solving for solid region FRONT_PANEL
DICPCG:  Solving for h, Initial residual = 0.000816902, Final residual = 4.79577e-07, No Iterations 3
DICPCG:  Solving for h, Initial residual = 0.000713572, Final residual = 2.00245e-07, No Iterations 3
DICPCG:  Solving for h, Initial residual = 0.000690299, Final residual = 2.60954e-07, No Iterations 3
Min/max T:299.457 300.058
ExecutionTime = 449.02 s  ClockTime = 449 s

Region: domain0 Courant Number mean: 0.114345 max: 9.6693
Region: CPU Diffusion Number mean: 0.0823935 max: 1.16131
Region: Heatsink Diffusion Number mean: 0.0917996 max: 5.01215
Region: FRONT_PANEL Diffusion Number mean: 0.00267202 max: 2.79395
deltaT = 0.000833333
Time = 0.0316667


Solving for fluid region domain0
diagonal:  Solving for rho, Initial residual = 0, Final residual = 0, No Iterations 0
DILUPBiCGStab:  Solving for Ux, Initial residual = 0.00559893, Final residual = 4.6582e-08, No Iterations 3
DILUPBiCGStab:  Solving for Uy, Initial residual = 0.00651056, Final residual = 5.48791e-08, No Iterations 3
DILUPBiCGStab:  Solving for Uz, Initial residual = 0.00238213, Final residual = 5.01574e-08, No Iterations 3
DILUPBiCGStab:  Solving for h, Initial residual = 0.00102528, Final residual = 4.41381e-08, No Iterations 2
Min/max T:299.522 303.683
DICPCG:  Solving for p_rgh, Initial residual = 0.0031989, Final residual = 3.16797e-05, No Iterations 118
DICPCG:  Solving for p_rgh, Initial residual = 0.00058537, Final residual = 5.71775e-06, No Iterations 83
DICPCG:  Solving for p_rgh, Initial residual = 6.42501e-05, Final residual = 6.31349e-07, No Iterations 137
diagonal:  Solving for rho, Initial residual = 0, Final residual = 0, No Iterations 0
time step continuity errors (domain0): sum local = 6.23255e-09, global = 2.61657e-10, cumulative = -6.51526e-08
DICPCG:  Solving for p_rgh, Initial residual = 0.000675065, Final residual = 6.69703e-06, No Iterations 78
DICPCG:  Solving for p_rgh, Initial residual = 0.00017642, Final residual = 1.75314e-06, No Iterations 62
DICPCG:  Solving for p_rgh, Initial residual = 1.85497e-05, Final residual = 1.85351e-07, No Iterations 135
diagonal:  Solving for rho, Initial residual = 0, Final residual = 0, No Iterations 0
time step continuity errors (domain0): sum local = 1.83009e-09, global = -2.1351e-10, cumulative = -6.53661e-08
DICPCG:  Solving for p_rgh, Initial residual = 8.17694e-05, Final residual = 7.85218e-07, No Iterations 86
DICPCG:  Solving for p_rgh, Initial residual = 1.41964e-05, Final residual = 1.37723e-07, No Iterations 86
DICPCG:  Solving for p_rgh, Initial residual = 1.71822e-06, Final residual = 9.39216e-08, No Iterations 7
diagonal:  Solving for rho, Initial residual = 0, Final residual = 0, No Iterations 0
time step continuity errors (domain0): sum local = 9.27208e-10, global = 1.593e-10, cumulative = -6.52068e-08
DICPCG:  Solving for p_rgh, Initial residual = 2.05697e-05, Final residual = 2.03206e-07, No Iterations 98
DICPCG:  Solving for p_rgh, Initial residual = 3.70785e-06, Final residual = 9.81163e-08, No Iterations 31
DICPCG:  Solving for p_rgh, Initial residual = 4.79415e-07, Final residual = 9.37984e-08, No Iterations 2
diagonal:  Solving for rho, Initial residual = 0, Final residual = 0, No Iterations 0
time step continuity errors (domain0): sum local = 9.25944e-10, global = 1.68427e-10, cumulative = -6.50384e-08
DILUPBiCGStab:  Solving for epsilon, Initial residual = 0.00364001, Final residual = 2.09992e-08, No Iterations 3
bounding epsilon, min: -1.1745 max: 2119.52 average: 6.73835
DILUPBiCGStab:  Solving for k, Initial residual = 0.0103025, Final residual = 2.29309e-08, No Iterations 3

Solving for solid region CPU
DICPCG:  Solving for h, Initial residual = 0.0217094, Final residual = 7.16113e-11, No Iterations 32
DICPCG:  Solving for h, Initial residual = 0.000387788, Final residual = 9.90802e-11, No Iterations 24
DICPCG:  Solving for h, Initial residual = 1.77557e-05, Final residual = 9.86121e-11, No Iterations 20
Min/max T:302.433 303.925

Solving for solid region Heatsink
DICPCG:  Solving for h, Initial residual = 0.0659208, Final residual = 9.35028e-07, No Iterations 242
DICPCG:  Solving for h, Initial residual = 0.0599007, Final residual = 9.9669e-07, No Iterations 185
DICPCG:  Solving for h, Initial residual = 0.00882602, Final residual = 9.90186e-07, No Iterations 132
Min/max T:301.432 302.873

Solving for solid region FRONT_PANEL
DICPCG:  Solving for h, Initial residual = 0.000742358, Final residual = 4.35401e-07, No Iterations 3
DICPCG:  Solving for h, Initial residual = 0.000652978, Final residual = 1.56604e-07, No Iterations 3
DICPCG:  Solving for h, Initial residual = 0.000634327, Final residual = 2.16021e-07, No Iterations 3
Min/max T:299.522 300.054
ExecutionTime = 482.17 s  ClockTime = 482 s

Region: domain0 Courant Number mean: 0.11456 max: 9.66904
Region: CPU Diffusion Number mean: 0.0823935 max: 1.16131
Region: Heatsink Diffusion Number mean: 0.0917996 max: 5.01215
Region: FRONT_PANEL Diffusion Number mean: 0.00267202 max: 2.79395
deltaT = 0.000833333
Time = 0.0325


Solving for fluid region domain0
diagonal:  Solving for rho, Initial residual = 0, Final residual = 0, No Iterations 0
DILUPBiCGStab:  Solving for Ux, Initial residual = 0.00554635, Final residual = 4.69842e-08, No Iterations 3
DILUPBiCGStab:  Solving for Uy, Initial residual = 0.00637548, Final residual = 7.09035e-08, No Iterations 3
DILUPBiCGStab:  Solving for Uz, Initial residual = 0.00235113, Final residual = 8.79594e-08, No Iterations 3
DILUPBiCGStab:  Solving for h, Initial residual = 0.00100225, Final residual = 4.59823e-08, No Iterations 2
Min/max T:299.576 303.716
DICPCG:  Solving for p_rgh, Initial residual = 0.00311757, Final residual = 3.09532e-05, No Iterations 108
DICPCG:  Solving for p_rgh, Initial residual = 0.000586821, Final residual = 5.79191e-06, No Iterations 102
DICPCG:  Solving for p_rgh, Initial residual = 6.52369e-05, Final residual = 6.52018e-07, No Iterations 83
diagonal:  Solving for rho, Initial residual = 0, Final residual = 0, No Iterations 0
time step continuity errors (domain0): sum local = 6.44316e-09, global = -1.01267e-09, cumulative = -6.6051e-08
DICPCG:  Solving for p_rgh, Initial residual = 0.000661138, Final residual = 6.42588e-06, No Iterations 87
DICPCG:  Solving for p_rgh, Initial residual = 0.000177094, Final residual = 1.74823e-06, No Iterations 87
DICPCG:  Solving for p_rgh, Initial residual = 1.8862e-05, Final residual = 1.80543e-07, No Iterations 143
diagonal:  Solving for rho, Initial residual = 0, Final residual = 0, No Iterations 0
time step continuity errors (domain0): sum local = 1.78404e-09, global = 2.67356e-11, cumulative = -6.60243e-08
DICPCG:  Solving for p_rgh, Initial residual = 8.0474e-05, Final residual = 7.855e-07, No Iterations 86
DICPCG:  Solving for p_rgh, Initial residual = 1.40681e-05, Final residual = 1.35073e-07, No Iterations 63
DICPCG:  Solving for p_rgh, Initial residual = 1.69473e-06, Final residual = 9.71169e-08, No Iterations 7
diagonal:  Solving for rho, Initial residual = 0, Final residual = 0, No Iterations 0
time step continuity errors (domain0): sum local = 9.59669e-10, global = 2.31689e-10, cumulative = -6.57926e-08
DICPCG:  Solving for p_rgh, Initial residual = 2.04057e-05, Final residual = 2.01701e-07, No Iterations 92
DICPCG:  Solving for p_rgh, Initial residual = 3.73982e-06, Final residual = 9.95734e-08, No Iterations 24
DICPCG:  Solving for p_rgh, Initial residual = 4.61833e-07, Final residual = 9.40823e-08, No Iterations 2
diagonal:  Solving for rho, Initial residual = 0, Final residual = 0, No Iterations 0
time step continuity errors (domain0): sum local = 9.29646e-10, global = 1.43714e-10, cumulative = -6.56489e-08
DILUPBiCGStab:  Solving for epsilon, Initial residual = 0.00351352, Final residual = 2.01155e-08, No Iterations 3
DILUPBiCGStab:  Solving for k, Initial residual = 0.0100131, Final residual = 2.28807e-08, No Iterations 3

Solving for solid region CPU
DICPCG:  Solving for h, Initial residual = 0.0214913, Final residual = 7.08714e-11, No Iterations 32
DICPCG:  Solving for h, Initial residual = 0.000383929, Final residual = 9.81098e-11, No Iterations 24
DICPCG:  Solving for h, Initial residual = 1.7583e-05, Final residual = 9.76351e-11, No Iterations 20
Min/max T:302.463 303.96

Solving for solid region Heatsink
DICPCG:  Solving for h, Initial residual = 0.0648617, Final residual = 9.42633e-07, No Iterations 242
DICPCG:  Solving for h, Initial residual = 0.0589408, Final residual = 9.81445e-07, No Iterations 185
DICPCG:  Solving for h, Initial residual = 0.00867775, Final residual = 9.73717e-07, No Iterations 132
Min/max T:301.453 302.908

Solving for solid region FRONT_PANEL
DICPCG:  Solving for h, Initial residual = 0.000680215, Final residual = 3.9533e-07, No Iterations 3
DICPCG:  Solving for h, Initial residual = 0.000603018, Final residual = 1.21433e-07, No Iterations 3
DICPCG:  Solving for h, Initial residual = 0.000588757, Final residual = 1.75943e-07, No Iterations 3
Min/max T:299.576 300.05
ExecutionTime = 513.61 s  ClockTime = 514 s

Region: domain0 Courant Number mean: 0.114777 max: 9.66882
Region: CPU Diffusion Number mean: 0.0823935 max: 1.16131
Region: Heatsink Diffusion Number mean: 0.0917996 max: 5.01215
Region: FRONT_PANEL Diffusion Number mean: 0.00267202 max: 2.79395
deltaT = 0.000833333
Time = 0.0333333


Solving for fluid region domain0
diagonal:  Solving for rho, Initial residual = 0, Final residual = 0, No Iterations 0
DILUPBiCGStab:  Solving for Ux, Initial residual = 0.00549599, Final residual = 4.75678e-08, No Iterations 3
DILUPBiCGStab:  Solving for Uy, Initial residual = 0.00624447, Final residual = 9.59578e-08, No Iterations 3
DILUPBiCGStab:  Solving for Uz, Initial residual = 0.00232034, Final residual = 4.79492e-08, No Iterations 3
DILUPBiCGStab:  Solving for h, Initial residual = 0.000976275, Final residual = 4.88225e-08, No Iterations 2
Min/max T:299.621 303.75
DICPCG:  Solving for p_rgh, Initial residual = 0.00301715, Final residual = 3.00175e-05, No Iterations 108
DICPCG:  Solving for p_rgh, Initial residual = 0.000566285, Final residual = 5.54384e-06, No Iterations 102
DICPCG:  Solving for p_rgh, Initial residual = 6.25586e-05, Final residual = 6.07694e-07, No Iterations 86
diagonal:  Solving for rho, Initial residual = 0, Final residual = 0, No Iterations 0
time step continuity errors (domain0): sum local = 6.01115e-09, global = -9.58653e-10, cumulative = -6.66075e-08
DICPCG:  Solving for p_rgh, Initial residual = 0.000640395, Final residual = 6.32911e-06, No Iterations 86
DICPCG:  Solving for p_rgh, Initial residual = 0.000171053, Final residual = 1.69595e-06, No Iterations 86
DICPCG:  Solving for p_rgh, Initial residual = 1.83176e-05, Final residual = 1.81716e-07, No Iterations 122
diagonal:  Solving for rho, Initial residual = 0, Final residual = 0, No Iterations 0
time step continuity errors (domain0): sum local = 1.79723e-09, global = 8.55273e-11, cumulative = -6.6522e-08
DICPCG:  Solving for p_rgh, Initial residual = 7.78581e-05, Final residual = 7.56989e-07, No Iterations 89
DICPCG:  Solving for p_rgh, Initial residual = 1.36826e-05, Final residual = 1.35908e-07, No Iterations 67
DICPCG:  Solving for p_rgh, Initial residual = 1.63721e-06, Final residual = 9.68381e-08, No Iterations 7
diagonal:  Solving for rho, Initial residual = 0, Final residual = 0, No Iterations 0
time step continuity errors (domain0): sum local = 9.57871e-10, global = -5.50952e-12, cumulative = -6.65275e-08
DICPCG:  Solving for p_rgh, Initial residual = 1.97039e-05, Final residual = 1.93471e-07, No Iterations 94
DICPCG:  Solving for p_rgh, Initial residual = 3.63647e-06, Final residual = 9.893e-08, No Iterations 22
DICPCG:  Solving for p_rgh, Initial residual = 4.39894e-07, Final residual = 9.16721e-08, No Iterations 2
diagonal:  Solving for rho, Initial residual = 0, Final residual = 0, No Iterations 0
time step continuity errors (domain0): sum local = 9.06722e-10, global = 3.45282e-11, cumulative = -6.6493e-08
DILUPBiCGStab:  Solving for epsilon, Initial residual = 0.00339347, Final residual = 1.96627e-08, No Iterations 3
bounding epsilon, min: -0.130988 max: 2119.5 average: 6.71187
DILUPBiCGStab:  Solving for k, Initial residual = 0.009741, Final residual = 2.30055e-08, No Iterations 3

Solving for solid region CPU
DICPCG:  Solving for h, Initial residual = 0.0212764, Final residual = 7.01422e-11, No Iterations 32
DICPCG:  Solving for h, Initial residual = 0.000380135, Final residual = 9.71532e-11, No Iterations 24
DICPCG:  Solving for h, Initial residual = 1.74128e-05, Final residual = 9.66731e-11, No Iterations 20
Min/max T:302.493 303.995

Solving for solid region Heatsink
DICPCG:  Solving for h, Initial residual = 0.0638292, Final residual = 9.50957e-07, No Iterations 242
DICPCG:  Solving for h, Initial residual = 0.0580046, Final residual = 9.71004e-07, No Iterations 184
DICPCG:  Solving for h, Initial residual = 0.00853341, Final residual = 9.57742e-07, No Iterations 132
Min/max T:301.474 302.943

Solving for solid region FRONT_PANEL
DICPCG:  Solving for h, Initial residual = 0.00063003, Final residual = 3.59865e-07, No Iterations 3
DICPCG:  Solving for h, Initial residual = 0.000563734, Final residual = 9.95537e-08, No Iterations 3
DICPCG:  Solving for h, Initial residual = 0.000551602, Final residual = 1.42688e-07, No Iterations 3
Min/max T:299.621 300.046
ExecutionTime = 544.78 s  ClockTime = 544 s

Region: domain0 Courant Number mean: 0.114996 max: 9.66917
Region: CPU Diffusion Number mean: 0.0823935 max: 1.16131
Region: Heatsink Diffusion Number mean: 0.0917996 max: 5.01215
Region: FRONT_PANEL Diffusion Number mean: 0.00267202 max: 2.79395
deltaT = 0.000833333
Time = 0.0341667


Solving for fluid region domain0
diagonal:  Solving for rho, Initial residual = 0, Final residual = 0, No Iterations 0
DILUPBiCGStab:  Solving for Ux, Initial residual = 0.00544324, Final residual = 4.75515e-08, No Iterations 3
DILUPBiCGStab:  Solving for Uy, Initial residual = 0.00612506, Final residual = 4.4199e-09, No Iterations 4
DILUPBiCGStab:  Solving for Uz, Initial residual = 0.00229173, Final residual = 1.31795e-09, No Iterations 4
DILUPBiCGStab:  Solving for h, Initial residual = 0.000952829, Final residual = 5.26536e-08, No Iterations 2
Min/max T:299.658 303.783
DICPCG:  Solving for p_rgh, Initial residual = 0.00290459, Final residual = 2.88775e-05, No Iterations 105
DICPCG:  Solving for p_rgh, Initial residual = 0.000554632, Final residual = 5.32253e-06, No Iterations 103
DICPCG:  Solving for p_rgh, Initial residual = 6.0914e-05, Final residual = 5.90836e-07, No Iterations 82
diagonal:  Solving for rho, Initial residual = 0, Final residual = 0, No Iterations 0
time step continuity errors (domain0): sum local = 5.85025e-09, global = -6.936e-10, cumulative = -6.71866e-08
DICPCG:  Solving for p_rgh, Initial residual = 0.000625097, Final residual = 6.0958e-06, No Iterations 88
DICPCG:  Solving for p_rgh, Initial residual = 0.000168605, Final residual = 1.66809e-06, No Iterations 88
DICPCG:  Solving for p_rgh, Initial residual = 1.79994e-05, Final residual = 1.79546e-07, No Iterations 124
diagonal:  Solving for rho, Initial residual = 0, Final residual = 0, No Iterations 0
time step continuity errors (domain0): sum local = 1.77761e-09, global = 5.92995e-11, cumulative = -6.71273e-08
DICPCG:  Solving for p_rgh, Initial residual = 7.63767e-05, Final residual = 7.63199e-07, No Iterations 88
DICPCG:  Solving for p_rgh, Initial residual = 1.34035e-05, Final residual = 1.33972e-07, No Iterations 66
DICPCG:  Solving for p_rgh, Initial residual = 1.60928e-06, Final residual = 9.73817e-08, No Iterations 7
diagonal:  Solving for rho, Initial residual = 0, Final residual = 0, No Iterations 0
time step continuity errors (domain0): sum local = 9.64202e-10, global = 1.40017e-11, cumulative = -6.71133e-08
DICPCG:  Solving for p_rgh, Initial residual = 1.94096e-05, Final residual = 1.87379e-07, No Iterations 94
DICPCG:  Solving for p_rgh, Initial residual = 3.58344e-06, Final residual = 9.98158e-08, No Iterations 20
DICPCG:  Solving for p_rgh, Initial residual = 4.32234e-07, Final residual = 9.14861e-08, No Iterations 2
diagonal:  Solving for rho, Initial residual = 0, Final residual = 0, No Iterations 0
time step continuity errors (domain0): sum local = 9.05782e-10, global = 2.1204e-11, cumulative = -6.70921e-08
DILUPBiCGStab:  Solving for epsilon, Initial residual = 0.003283, Final residual = 1.95718e-08, No Iterations 3
DILUPBiCGStab:  Solving for k, Initial residual = 0.00948754, Final residual = 2.33099e-08, No Iterations 3

Solving for solid region CPU
DICPCG:  Solving for h, Initial residual = 0.0210648, Final residual = 6.94232e-11, No Iterations 32
DICPCG:  Solving for h, Initial residual = 0.000376401, Final residual = 9.62096e-11, No Iterations 24
DICPCG:  Solving for h, Initial residual = 1.72452e-05, Final residual = 9.57253e-11, No Iterations 20
Min/max T:302.523 304.029

Solving for solid region Heatsink
DICPCG:  Solving for h, Initial residual = 0.0628245, Final residual = 9.58835e-07, No Iterations 242
DICPCG:  Solving for h, Initial residual = 0.0570938, Final residual = 9.93987e-07, No Iterations 183
DICPCG:  Solving for h, Initial residual = 0.00839318, Final residual = 9.42194e-07, No Iterations 132
Min/max T:301.495 302.977

Solving for solid region FRONT_PANEL
DICPCG:  Solving for h, Initial residual = 0.000587321, Final residual = 3.28058e-07, No Iterations 3
DICPCG:  Solving for h, Initial residual = 0.000529734, Final residual = 8.99549e-08, No Iterations 3
DICPCG:  Solving for h, Initial residual = 0.0005191, Final residual = 1.15987e-07, No Iterations 3
Min/max T:299.658 300.042
ExecutionTime = 575.38 s  ClockTime = 575 s

Region: domain0 Courant Number mean: 0.115216 max: 9.66945
Region: CPU Diffusion Number mean: 0.0823935 max: 1.16131
Region: Heatsink Diffusion Number mean: 0.0917996 max: 5.01215
Region: FRONT_PANEL Diffusion Number mean: 0.00267202 max: 2.79395
deltaT = 0.000833333
Time = 0.035


Solving for fluid region domain0
diagonal:  Solving for rho, Initial residual = 0, Final residual = 0, No Iterations 0
DILUPBiCGStab:  Solving for Ux, Initial residual = 0.00539234, Final residual = 4.75596e-08, No Iterations 3
DILUPBiCGStab:  Solving for Uy, Initial residual = 0.00601159, Final residual = 5.45576e-09, No Iterations 4
DILUPBiCGStab:  Solving for Uz, Initial residual = 0.00226346, Final residual = 3.90013e-08, No Iterations 3
DILUPBiCGStab:  Solving for h, Initial residual = 0.000929058, Final residual = 5.71576e-08, No Iterations 2
Min/max T:299.689 303.816
DICPCG:  Solving for p_rgh, Initial residual = 0.00284296, Final residual = 2.78585e-05, No Iterations 106
DICPCG:  Solving for p_rgh, Initial residual = 0.000543823, Final residual = 5.32676e-06, No Iterations 102
DICPCG:  Solving for p_rgh, Initial residual = 5.97114e-05, Final residual = 5.87586e-07, No Iterations 83
diagonal:  Solving for rho, Initial residual = 0, Final residual = 0, No Iterations 0
time step continuity errors (domain0): sum local = 5.82357e-09, global = -7.86693e-10, cumulative = -6.78788e-08
DICPCG:  Solving for p_rgh, Initial residual = 0.000611858, Final residual = 6.11139e-06, No Iterations 85
DICPCG:  Solving for p_rgh, Initial residual = 0.000166326, Final residual = 1.63475e-06, No Iterations 98
DICPCG:  Solving for p_rgh, Initial residual = 1.81168e-05, Final residual = 1.79252e-07, No Iterations 120
diagonal:  Solving for rho, Initial residual = 0, Final residual = 0, No Iterations 0
time step continuity errors (domain0): sum local = 1.77637e-09, global = 4.90361e-11, cumulative = -6.78298e-08
DICPCG:  Solving for p_rgh, Initial residual = 7.49194e-05, Final residual = 7.39548e-07, No Iterations 88
DICPCG:  Solving for p_rgh, Initial residual = 1.3282e-05, Final residual = 1.32307e-07, No Iterations 77
DICPCG:  Solving for p_rgh, Initial residual = 1.604e-06, Final residual = 9.58667e-08, No Iterations 6
diagonal:  Solving for rho, Initial residual = 0, Final residual = 0, No Iterations 0
time step continuity errors (domain0): sum local = 9.50121e-10, global = 3.55321e-12, cumulative = -6.78262e-08
DICPCG:  Solving for p_rgh, Initial residual = 1.91032e-05, Final residual = 1.87539e-07, No Iterations 94
DICPCG:  Solving for p_rgh, Initial residual = 3.57676e-06, Final residual = 9.88006e-08, No Iterations 21
DICPCG:  Solving for p_rgh, Initial residual = 4.31534e-07, Final residual = 9.06599e-08, No Iterations 2
diagonal:  Solving for rho, Initial residual = 0, Final residual = 0, No Iterations 0
time step continuity errors (domain0): sum local = 8.98453e-10, global = 5.88214e-11, cumulative = -6.77674e-08
DILUPBiCGStab:  Solving for epsilon, Initial residual = 0.00317428, Final residual = 1.97437e-08, No Iterations 3
bounding epsilon, min: -0.138448 max: 2119.51 average: 6.70525
DILUPBiCGStab:  Solving for k, Initial residual = 0.00925024, Final residual = 2.37135e-08, No Iterations 3

Solving for solid region CPU
DICPCG:  Solving for h, Initial residual = 0.0208562, Final residual = 6.87139e-11, No Iterations 32
DICPCG:  Solving for h, Initial residual = 0.000372729, Final residual = 9.52794e-11, No Iterations 24
DICPCG:  Solving for h, Initial residual = 1.70801e-05, Final residual = 9.47921e-11, No Iterations 20
Min/max T:302.552 304.063

Solving for solid region Heatsink
DICPCG:  Solving for h, Initial residual = 0.0618432, Final residual = 9.66644e-07, No Iterations 242
DICPCG:  Solving for h, Initial residual = 0.0562036, Final residual = 9.70383e-07, No Iterations 183
DICPCG:  Solving for h, Initial residual = 0.00825635, Final residual = 9.84698e-07, No Iterations 131
Min/max T:301.516 303.01

Solving for solid region FRONT_PANEL
DICPCG:  Solving for h, Initial residual = 0.000550447, Final residual = 2.98807e-07, No Iterations 3
DICPCG:  Solving for h, Initial residual = 0.00050066, Final residual = 8.52162e-08, No Iterations 3
DICPCG:  Solving for h, Initial residual = 0.000491341, Final residual = 9.74713e-08, No Iterations 3
Min/max T:299.689 300.039
ExecutionTime = 606.39 s  ClockTime = 606 s

Region: domain0 Courant Number mean: 0.115437 max: 9.66988
Region: CPU Diffusion Number mean: 0.0823935 max: 1.16131
Region: Heatsink Diffusion Number mean: 0.0917996 max: 5.01215
Region: FRONT_PANEL Diffusion Number mean: 0.00267202 max: 2.79395
deltaT = 0.000833333
Time = 0.0358333


Solving for fluid region domain0
diagonal:  Solving for rho, Initial residual = 0, Final residual = 0, No Iterations 0
DILUPBiCGStab:  Solving for Ux, Initial residual = 0.00534765, Final residual = 4.17952e-08, No Iterations 3
DILUPBiCGStab:  Solving for Uy, Initial residual = 0.0059081, Final residual = 6.9421e-09, No Iterations 4
DILUPBiCGStab:  Solving for Uz, Initial residual = 0.00223983, Final residual = 3.17574e-08, No Iterations 3
DILUPBiCGStab:  Solving for h, Initial residual = 0.000907908, Final residual = 6.22163e-08, No Iterations 2
Min/max T:299.715 303.848
DICPCG:  Solving for p_rgh, Initial residual = 0.00281325, Final residual = 2.79155e-05, No Iterations 118
DICPCG:  Solving for p_rgh, Initial residual = 0.000549958, Final residual = 5.30291e-06, No Iterations 81
DICPCG:  Solving for p_rgh, Initial residual = 5.97189e-05, Final residual = 5.82307e-07, No Iterations 117
diagonal:  Solving for rho, Initial residual = 0, Final residual = 0, No Iterations 0
time step continuity errors (domain0): sum local = 5.77663e-09, global = 3.10218e-10, cumulative = -6.74572e-08
DICPCG:  Solving for p_rgh, Initial residual = 0.000619293, Final residual = 6.06013e-06, No Iterations 76
DICPCG:  Solving for p_rgh, Initial residual = 0.000173542, Final residual = 1.71902e-06, No Iterations 56
DICPCG:  Solving for p_rgh, Initial residual = 1.81852e-05, Final residual = 1.79259e-07, No Iterations 80
diagonal:  Solving for rho, Initial residual = 0, Final residual = 0, No Iterations 0
time step continuity errors (domain0): sum local = 1.77826e-09, global = -3.55768e-11, cumulative = -6.74927e-08
DICPCG:  Solving for p_rgh, Initial residual = 7.88909e-05, Final residual = 7.80535e-07, No Iterations 82
DICPCG:  Solving for p_rgh, Initial residual = 1.41208e-05, Final residual = 1.37987e-07, No Iterations 84
DICPCG:  Solving for p_rgh, Initial residual = 1.7705e-06, Final residual = 9.85321e-08, No Iterations 7
diagonal:  Solving for rho, Initial residual = 0, Final residual = 0, No Iterations 0
time step continuity errors (domain0): sum local = 9.77429e-10, global = 1.81327e-10, cumulative = -6.73114e-08
DICPCG:  Solving for p_rgh, Initial residual = 2.07072e-05, Final residual = 2.05427e-07, No Iterations 97
DICPCG:  Solving for p_rgh, Initial residual = 3.73938e-06, Final residual = 9.88193e-08, No Iterations 25
DICPCG:  Solving for p_rgh, Initial residual = 4.79877e-07, Final residual = 9.3442e-08, No Iterations 2
diagonal:  Solving for rho, Initial residual = 0, Final residual = 0, No Iterations 0
time step continuity errors (domain0): sum local = 9.26895e-10, global = 1.8794e-10, cumulative = -6.71235e-08
DILUPBiCGStab:  Solving for epsilon, Initial residual = 0.00307637, Final residual = 2.01571e-08, No Iterations 3
bounding epsilon, min: -2.787 max: 2119.52 average: 6.70964
DILUPBiCGStab:  Solving for k, Initial residual = 0.00903671, Final residual = 2.46751e-08, No Iterations 3

Solving for solid region CPU
DICPCG:  Solving for h, Initial residual = 0.0206506, Final residual = 6.80139e-11, No Iterations 32
DICPCG:  Solving for h, Initial residual = 0.000369114, Final residual = 9.43611e-11, No Iterations 24
DICPCG:  Solving for h, Initial residual = 1.69172e-05, Final residual = 9.3872e-11, No Iterations 20
Min/max T:302.581 304.096

Solving for solid region Heatsink
DICPCG:  Solving for h, Initial residual = 0.0608854, Final residual = 9.73534e-07, No Iterations 242
DICPCG:  Solving for h, Initial residual = 0.0553345, Final residual = 9.61713e-07, No Iterations 183
DICPCG:  Solving for h, Initial residual = 0.008123, Final residual = 9.68847e-07, No Iterations 131
Min/max T:301.536 303.044

Solving for solid region FRONT_PANEL
DICPCG:  Solving for h, Initial residual = 0.000518431, Final residual = 2.72182e-07, No Iterations 3
DICPCG:  Solving for h, Initial residual = 0.000475473, Final residual = 8.38982e-08, No Iterations 3
DICPCG:  Solving for h, Initial residual = 0.000467161, Final residual = 8.67599e-08, No Iterations 3
Min/max T:299.715 300.036
ExecutionTime = 636 s  ClockTime = 636 s

Region: domain0 Courant Number mean: 0.115661 max: 9.67052
Region: CPU Diffusion Number mean: 0.0823935 max: 1.16131
Region: Heatsink Diffusion Number mean: 0.0917996 max: 5.01215
Region: FRONT_PANEL Diffusion Number mean: 0.00267202 max: 2.79395
deltaT = 0.000833333
Time = 0.0366667


Solving for fluid region domain0
diagonal:  Solving for rho, Initial residual = 0, Final residual = 0, No Iterations 0
DILUPBiCGStab:  Solving for Ux, Initial residual = 0.00529262, Final residual = 4.48052e-08, No Iterations 3
DILUPBiCGStab:  Solving for Uy, Initial residual = 0.00579751, Final residual = 5.19205e-08, No Iterations 3
DILUPBiCGStab:  Solving for Uz, Initial residual = 0.00221562, Final residual = 2.03204e-08, No Iterations 3
DILUPBiCGStab:  Solving for h, Initial residual = 0.000890499, Final residual = 6.78757e-08, No Iterations 2
Min/max T:299.738 303.88
DICPCG:  Solving for p_rgh, Initial residual = 0.00276749, Final residual = 2.76379e-05, No Iterations 98
DICPCG:  Solving for p_rgh, Initial residual = 0.000567109, Final residual = 5.65036e-06, No Iterations 99
DICPCG:  Solving for p_rgh, Initial residual = 6.2661e-05, Final residual = 6.02778e-07, No Iterations 116
diagonal:  Solving for rho, Initial residual = 0, Final residual = 0, No Iterations 0
time step continuity errors (domain0): sum local = 5.98495e-09, global = -9.85346e-10, cumulative = -6.81088e-08
DICPCG:  Solving for p_rgh, Initial residual = 0.000612546, Final residual = 6.06016e-06, No Iterations 91
DICPCG:  Solving for p_rgh, Initial residual = 0.000176594, Final residual = 1.71349e-06, No Iterations 91
DICPCG:  Solving for p_rgh, Initial residual = 1.87982e-05, Final residual = 1.85045e-07, No Iterations 123
diagonal:  Solving for rho, Initial residual = 0, Final residual = 0, No Iterations 0
time step continuity errors (domain0): sum local = 1.83722e-09, global = -2.68606e-11, cumulative = -6.81357e-08
DICPCG:  Solving for p_rgh, Initial residual = 7.79099e-05, Final residual = 7.7671e-07, No Iterations 79
DICPCG:  Solving for p_rgh, Initial residual = 1.41121e-05, Final residual = 1.38414e-07, No Iterations 76
DICPCG:  Solving for p_rgh, Initial residual = 1.77663e-06, Final residual = 9.81995e-08, No Iterations 7
diagonal:  Solving for rho, Initial residual = 0, Final residual = 0, No Iterations 0
time step continuity errors (domain0): sum local = 9.75023e-10, global = 1.50264e-10, cumulative = -6.79854e-08
DICPCG:  Solving for p_rgh, Initial residual = 2.06139e-05, Final residual = 1.96808e-07, No Iterations 87
DICPCG:  Solving for p_rgh, Initial residual = 3.92825e-06, Final residual = 9.7875e-08, No Iterations 25
DICPCG:  Solving for p_rgh, Initial residual = 4.87174e-07, Final residual = 9.79866e-08, No Iterations 2
diagonal:  Solving for rho, Initial residual = 0, Final residual = 0, No Iterations 0
time step continuity errors (domain0): sum local = 9.72886e-10, global = 1.59548e-10, cumulative = -6.78259e-08
DILUPBiCGStab:  Solving for epsilon, Initial residual = 0.00297778, Final residual = 2.07507e-08, No Iterations 3
bounding epsilon, min: -0.145459 max: 2119.56 average: 6.71943
DILUPBiCGStab:  Solving for k, Initial residual = 0.00882182, Final residual = 2.49893e-08, No Iterations 3

Solving for solid region CPU
DICPCG:  Solving for h, Initial residual = 0.0204477, Final residual = 6.73229e-11, No Iterations 32
DICPCG:  Solving for h, Initial residual = 0.000365556, Final residual = 9.34546e-11, No Iterations 24
DICPCG:  Solving for h, Initial residual = 1.67566e-05, Final residual = 9.29643e-11, No Iterations 20
Min/max T:302.61 304.13

Solving for solid region Heatsink
DICPCG:  Solving for h, Initial residual = 0.0599514, Final residual = 9.7981e-07, No Iterations 242
DICPCG:  Solving for h, Initial residual = 0.0544871, Final residual = 9.50491e-07, No Iterations 183
DICPCG:  Solving for h, Initial residual = 0.00799312, Final residual = 9.90055e-07, No Iterations 130
Min/max T:301.556 303.077

Solving for solid region FRONT_PANEL
DICPCG:  Solving for h, Initial residual = 0.000490787, Final residual = 2.48847e-07, No Iterations 3
DICPCG:  Solving for h, Initial residual = 0.000453352, Final residual = 8.42461e-08, No Iterations 3
DICPCG:  Solving for h, Initial residual = 0.000445937, Final residual = 8.18504e-08, No Iterations 3
Min/max T:299.738 300.033
ExecutionTime = 666.06 s  ClockTime = 666 s

Region: domain0 Courant Number mean: 0.115885 max: 9.67057
Region: CPU Diffusion Number mean: 0.0823935 max: 1.16131
Region: Heatsink Diffusion Number mean: 0.0917996 max: 5.01215
Region: FRONT_PANEL Diffusion Number mean: 0.00267202 max: 2.79395
deltaT = 0.000833333
Time = 0.0375


Solving for fluid region domain0
diagonal:  Solving for rho, Initial residual = 0, Final residual = 0, No Iterations 0
DILUPBiCGStab:  Solving for Ux, Initial residual = 0.00524478, Final residual = 4.73434e-08, No Iterations 3
DILUPBiCGStab:  Solving for Uy, Initial residual = 0.00568743, Final residual = 4.80031e-08, No Iterations 3
DILUPBiCGStab:  Solving for Uz, Initial residual = 0.00218842, Final residual = 1.78597e-08, No Iterations 3
DILUPBiCGStab:  Solving for h, Initial residual = 0.000869826, Final residual = 7.40894e-08, No Iterations 2
Min/max T:299.756 303.912
DICPCG:  Solving for p_rgh, Initial residual = 0.00268186, Final residual = 2.68151e-05, No Iterations 100
DICPCG:  Solving for p_rgh, Initial residual = 0.000531284, Final residual = 5.26516e-06, No Iterations 100
DICPCG:  Solving for p_rgh, Initial residual = 5.82718e-05, Final residual = 5.59062e-07, No Iterations 115
diagonal:  Solving for rho, Initial residual = 0, Final residual = 0, No Iterations 0
time step continuity errors (domain0): sum local = 5.55628e-09, global = -8.10518e-10, cumulative = -6.86364e-08
DICPCG:  Solving for p_rgh, Initial residual = 0.000588858, Final residual = 5.8519e-06, No Iterations 97
DICPCG:  Solving for p_rgh, Initial residual = 0.000165083, Final residual = 1.63468e-06, No Iterations 94
DICPCG:  Solving for p_rgh, Initial residual = 1.75518e-05, Final residual = 1.71714e-07, No Iterations 107
diagonal:  Solving for rho, Initial residual = 0, Final residual = 0, No Iterations 0
time step continuity errors (domain0): sum local = 1.70654e-09, global = -3.60105e-11, cumulative = -6.86724e-08
DICPCG:  Solving for p_rgh, Initial residual = 7.42225e-05, Final residual = 7.15067e-07, No Iterations 93
DICPCG:  Solving for p_rgh, Initial residual = 1.34306e-05, Final residual = 1.30959e-07, No Iterations 111
DICPCG:  Solving for p_rgh, Initial residual = 1.65734e-06, Final residual = 9.71517e-08, No Iterations 6
diagonal:  Solving for rho, Initial residual = 0, Final residual = 0, No Iterations 0
time step continuity errors (domain0): sum local = 9.65615e-10, global = -1.20578e-10, cumulative = -6.8793e-08
DICPCG:  Solving for p_rgh, Initial residual = 1.93171e-05, Final residual = 1.896e-07, No Iterations 93
DICPCG:  Solving for p_rgh, Initial residual = 3.727e-06, Final residual = 9.85991e-08, No Iterations 30
DICPCG:  Solving for p_rgh, Initial residual = 4.66723e-07, Final residual = 9.32014e-08, No Iterations 2
diagonal:  Solving for rho, Initial residual = 0, Final residual = 0, No Iterations 0
time step continuity errors (domain0): sum local = 9.2625e-10, global = -7.67915e-11, cumulative = -6.88698e-08
DILUPBiCGStab:  Solving for epsilon, Initial residual = 0.00288034, Final residual = 2.13683e-08, No Iterations 3
DILUPBiCGStab:  Solving for k, Initial residual = 0.00860963, Final residual = 2.52994e-08, No Iterations 3

Solving for solid region CPU
DICPCG:  Solving for h, Initial residual = 0.0202476, Final residual = 6.66404e-11, No Iterations 32
DICPCG:  Solving for h, Initial residual = 0.000362053, Final residual = 9.256e-11, No Iterations 24
DICPCG:  Solving for h, Initial residual = 1.65982e-05, Final residual = 9.20691e-11, No Iterations 20
Min/max T:302.638 304.162

Solving for solid region Heatsink
DICPCG:  Solving for h, Initial residual = 0.0590369, Final residual = 9.86002e-07, No Iterations 242
DICPCG:  Solving for h, Initial residual = 0.0536569, Final residual = 9.90029e-07, No Iterations 182
DICPCG:  Solving for h, Initial residual = 0.00786613, Final residual = 9.74304e-07, No Iterations 130
Min/max T:301.576 303.109

Solving for solid region FRONT_PANEL
DICPCG:  Solving for h, Initial residual = 0.000466611, Final residual = 2.28216e-07, No Iterations 3
DICPCG:  Solving for h, Initial residual = 0.000433936, Final residual = 8.50103e-08, No Iterations 3
DICPCG:  Solving for h, Initial residual = 0.000427362, Final residual = 7.95057e-08, No Iterations 3
Min/max T:299.756 300.03
ExecutionTime = 697.21 s  ClockTime = 697 s

Region: domain0 Courant Number mean: 0.11611 max: 9.67138
Region: CPU Diffusion Number mean: 0.0823935 max: 1.16131
Region: Heatsink Diffusion Number mean: 0.0917996 max: 5.01215
Region: FRONT_PANEL Diffusion Number mean: 0.00267202 max: 2.79395
deltaT = 0.000833333
Time = 0.0383333


Solving for fluid region domain0
diagonal:  Solving for rho, Initial residual = 0, Final residual = 0, No Iterations 0
DILUPBiCGStab:  Solving for Ux, Initial residual = 0.00519743, Final residual = 4.33797e-08, No Iterations 3
DILUPBiCGStab:  Solving for Uy, Initial residual = 0.00559682, Final residual = 3.18819e-08, No Iterations 3
DILUPBiCGStab:  Solving for Uz, Initial residual = 0.00216841, Final residual = 2.11572e-08, No Iterations 3
DILUPBiCGStab:  Solving for h, Initial residual = 0.000851027, Final residual = 8.06054e-08, No Iterations 2
Min/max T:299.772 303.943
DICPCG:  Solving for p_rgh, Initial residual = 0.00266307, Final residual = 2.65227e-05, No Iterations 119
DICPCG:  Solving for p_rgh, Initial residual = 0.000530415, Final residual = 5.18199e-06, No Iterations 80
DICPCG:  Solving for p_rgh, Initial residual = 5.72583e-05, Final residual = 5.5687e-07, No Iterations 114
diagonal:  Solving for rho, Initial residual = 0, Final residual = 0, No Iterations 0
time step continuity errors (domain0): sum local = 5.54017e-09, global = 2.16337e-10, cumulative = -6.86534e-08
DICPCG:  Solving for p_rgh, Initial residual = 0.000591648, Final residual = 5.80249e-06, No Iterations 76
DICPCG:  Solving for p_rgh, Initial residual = 0.000169916, Final residual = 1.67376e-06, No Iterations 55
DICPCG:  Solving for p_rgh, Initial residual = 1.76744e-05, Final residual = 1.7048e-07, No Iterations 85
diagonal:  Solving for rho, Initial residual = 0, Final residual = 0, No Iterations 0
time step continuity errors (domain0): sum local = 1.696e-09, global = -1.05367e-10, cumulative = -6.87588e-08
DICPCG:  Solving for p_rgh, Initial residual = 7.62877e-05, Final residual = 7.57305e-07, No Iterations 78
DICPCG:  Solving for p_rgh, Initial residual = 1.37875e-05, Final residual = 1.37711e-07, No Iterations 76
DICPCG:  Solving for p_rgh, Initial residual = 1.74908e-06, Final residual = 9.9035e-08, No Iterations 7
diagonal:  Solving for rho, Initial residual = 0, Final residual = 0, No Iterations 0
time step continuity errors (domain0): sum local = 9.85205e-10, global = 1.49764e-10, cumulative = -6.8609e-08
DICPCG:  Solving for p_rgh, Initial residual = 2.02178e-05, Final residual = 1.97507e-07, No Iterations 93
DICPCG:  Solving for p_rgh, Initial residual = 3.73685e-06, Final residual = 9.96132e-08, No Iterations 23
DICPCG:  Solving for p_rgh, Initial residual = 4.72567e-07, Final residual = 9.3275e-08, No Iterations 2
diagonal:  Solving for rho, Initial residual = 0, Final residual = 0, No Iterations 0
time step continuity errors (domain0): sum local = 9.27869e-10, global = 1.98351e-10, cumulative = -6.84107e-08
DILUPBiCGStab:  Solving for epsilon, Initial residual = 0.00279018, Final residual = 2.20802e-08, No Iterations 3
bounding epsilon, min: -2.36043 max: 2119.57 average: 6.75322
DILUPBiCGStab:  Solving for k, Initial residual = 0.00842388, Final residual = 2.5978e-08, No Iterations 3

Solving for solid region CPU
DICPCG:  Solving for h, Initial residual = 0.0200502, Final residual = 6.59665e-11, No Iterations 32
DICPCG:  Solving for h, Initial residual = 0.000358594, Final residual = 9.16764e-11, No Iterations 24
DICPCG:  Solving for h, Initial residual = 1.64418e-05, Final residual = 9.11848e-11, No Iterations 20
Min/max T:302.666 304.195

Solving for solid region Heatsink
DICPCG:  Solving for h, Initial residual = 0.058148, Final residual = 9.91015e-07, No Iterations 242
DICPCG:  Solving for h, Initial residual = 0.0528507, Final residual = 9.73383e-07, No Iterations 182
DICPCG:  Solving for h, Initial residual = 0.00774292, Final residual = 9.58964e-07, No Iterations 130
Min/max T:301.596 303.142

Solving for solid region FRONT_PANEL
DICPCG:  Solving for h, Initial residual = 0.000445473, Final residual = 2.09528e-07, No Iterations 3
DICPCG:  Solving for h, Initial residual = 0.000416891, Final residual = 8.55954e-08, No Iterations 3
DICPCG:  Solving for h, Initial residual = 0.000410839, Final residual = 7.79706e-08, No Iterations 3
Min/max T:299.772 300.028
ExecutionTime = 727.4 s  ClockTime = 727 s

Region: domain0 Courant Number mean: 0.116339 max: 9.67222
Region: CPU Diffusion Number mean: 0.0823935 max: 1.16131
Region: Heatsink Diffusion Number mean: 0.0917996 max: 5.01215
Region: FRONT_PANEL Diffusion Number mean: 0.00267202 max: 2.79395
deltaT = 0.000833333
Time = 0.0391667


Solving for fluid region domain0
diagonal:  Solving for rho, Initial residual = 0, Final residual = 0, No Iterations 0
DILUPBiCGStab:  Solving for Ux, Initial residual = 0.00514465, Final residual = 4.59171e-08, No Iterations 3
DILUPBiCGStab:  Solving for Uy, Initial residual = 0.00550639, Final residual = 2.73307e-08, No Iterations 3
DILUPBiCGStab:  Solving for Uz, Initial residual = 0.00214523, Final residual = 1.96674e-08, No Iterations 3
DILUPBiCGStab:  Solving for h, Initial residual = 0.000836373, Final residual = 8.83685e-08, No Iterations 2
Min/max T:299.785 303.975
DICPCG:  Solving for p_rgh, Initial residual = 0.00262469, Final residual = 2.60353e-05, No Iterations 91
DICPCG:  Solving for p_rgh, Initial residual = 0.000548633, Final residual = 5.21449e-06, No Iterations 101
DICPCG:  Solving for p_rgh, Initial residual = 6.22028e-05, Final residual = 6.19095e-07, No Iterations 127
diagonal:  Solving for rho, Initial residual = 0, Final residual = 0, No Iterations 0
time step continuity errors (domain0): sum local = 6.16383e-09, global = -7.68784e-10, cumulative = -6.91795e-08
DICPCG:  Solving for p_rgh, Initial residual = 0.000587947, Final residual = 5.82596e-06, No Iterations 98
DICPCG:  Solving for p_rgh, Initial residual = 0.000174615, Final residual = 1.71975e-06, No Iterations 93
DICPCG:  Solving for p_rgh, Initial residual = 1.8194e-05, Final residual = 1.76882e-07, No Iterations 107
diagonal:  Solving for rho, Initial residual = 0, Final residual = 0, No Iterations 0
time step continuity errors (domain0): sum local = 1.76115e-09, global = -5.07502e-11, cumulative = -6.92302e-08
DICPCG:  Solving for p_rgh, Initial residual = 7.60267e-05, Final residual = 7.5289e-07, No Iterations 75
DICPCG:  Solving for p_rgh, Initial residual = 1.38884e-05, Final residual = 1.35763e-07, No Iterations 75
DICPCG:  Solving for p_rgh, Initial residual = 1.77619e-06, Final residual = 9.89266e-08, No Iterations 7
diagonal:  Solving for rho, Initial residual = 0, Final residual = 0, No Iterations 0
time step continuity errors (domain0): sum local = 9.84958e-10, global = 5.55582e-11, cumulative = -6.91747e-08
DICPCG:  Solving for p_rgh, Initial residual = 2.04284e-05, Final residual = 2.01669e-07, No Iterations 86
DICPCG:  Solving for p_rgh, Initial residual = 3.95405e-06, Final residual = 9.95114e-08, No Iterations 26
DICPCG:  Solving for p_rgh, Initial residual = 4.97028e-07, Final residual = 9.73217e-08, No Iterations 2
diagonal:  Solving for rho, Initial residual = 0, Final residual = 0, No Iterations 0
time step continuity errors (domain0): sum local = 9.68952e-10, global = 6.6019e-11, cumulative = -6.91086e-08
DILUPBiCGStab:  Solving for epsilon, Initial residual = 0.00270773, Final residual = 2.28099e-08, No Iterations 3
DILUPBiCGStab:  Solving for k, Initial residual = 0.00823758, Final residual = 2.60098e-08, No Iterations 3

Solving for solid region CPU
DICPCG:  Solving for h, Initial residual = 0.0198553, Final residual = 6.53007e-11, No Iterations 32
DICPCG:  Solving for h, Initial residual = 0.000355191, Final residual = 9.08046e-11, No Iterations 24
DICPCG:  Solving for h, Initial residual = 1.62875e-05, Final residual = 9.03131e-11, No Iterations 20
Min/max T:302.694 304.227

Solving for solid region Heatsink
DICPCG:  Solving for h, Initial residual = 0.0572767, Final residual = 9.95465e-07, No Iterations 242
DICPCG:  Solving for h, Initial residual = 0.0520599, Final residual = 9.93233e-07, No Iterations 181
DICPCG:  Solving for h, Initial residual = 0.00762222, Final residual = 9.44014e-07, No Iterations 130
Min/max T:301.615 303.174

Solving for solid region FRONT_PANEL
DICPCG:  Solving for h, Initial residual = 0.000426678, Final residual = 1.93002e-07, No Iterations 3
DICPCG:  Solving for h, Initial residual = 0.000401539, Final residual = 8.55938e-08, No Iterations 3
DICPCG:  Solving for h, Initial residual = 0.000396091, Final residual = 7.74291e-08, No Iterations 3
Min/max T:299.785 300.025
ExecutionTime = 759.52 s  ClockTime = 760 s

Region: domain0 Courant Number mean: 0.11657 max: 9.67248
Region: CPU Diffusion Number mean: 0.0823935 max: 1.16131
Region: Heatsink Diffusion Number mean: 0.0917996 max: 5.01215
Region: FRONT_PANEL Diffusion Number mean: 0.00267202 max: 2.79395
deltaT = 0.000833333
Time = 0.04


Solving for fluid region domain0
diagonal:  Solving for rho, Initial residual = 0, Final residual = 0, No Iterations 0
DILUPBiCGStab:  Solving for Ux, Initial residual = 0.00509841, Final residual = 4.89064e-08, No Iterations 3
DILUPBiCGStab:  Solving for Uy, Initial residual = 0.00540908, Final residual = 2.78619e-08, No Iterations 3
DILUPBiCGStab:  Solving for Uz, Initial residual = 0.00212069, Final residual = 2.02299e-08, No Iterations 3
DILUPBiCGStab:  Solving for h, Initial residual = 0.000819045, Final residual = 9.87797e-08, No Iterations 2
Min/max T:299.795 304.005
DICPCG:  Solving for p_rgh, Initial residual = 0.00252001, Final residual = 2.51669e-05, No Iterations 100
DICPCG:  Solving for p_rgh, Initial residual = 0.000513049, Final residual = 4.95717e-06, No Iterations 100
DICPCG:  Solving for p_rgh, Initial residual = 5.58402e-05, Final residual = 5.561e-07, No Iterations 114
diagonal:  Solving for rho, Initial residual = 0, Final residual = 0, No Iterations 0
time step continuity errors (domain0): sum local = 5.54185e-09, global = -8.50426e-10, cumulative = -6.99591e-08
DICPCG:  Solving for p_rgh, Initial residual = 0.000562286, Final residual = 5.48389e-06, No Iterations 99
DICPCG:  Solving for p_rgh, Initial residual = 0.000161715, Final residual = 1.59402e-06, No Iterations 97
DICPCG:  Solving for p_rgh, Initial residual = 1.71347e-05, Final residual = 1.64713e-07, No Iterations 107
diagonal:  Solving for rho, Initial residual = 0, Final residual = 0, No Iterations 0
time step continuity errors (domain0): sum local = 1.64138e-09, global = -4.87958e-11, cumulative = -7.00079e-08
DICPCG:  Solving for p_rgh, Initial residual = 7.16595e-05, Final residual = 7.1356e-07, No Iterations 93
DICPCG:  Solving for p_rgh, Initial residual = 1.31736e-05, Final residual = 1.2958e-07, No Iterations 111
DICPCG:  Solving for p_rgh, Initial residual = 1.64974e-06, Final residual = 9.70096e-08, No Iterations 6
diagonal:  Solving for rho, Initial residual = 0, Final residual = 0, No Iterations 0
time step continuity errors (domain0): sum local = 9.66768e-10, global = -1.12358e-10, cumulative = -7.01202e-08
DICPCG:  Solving for p_rgh, Initial residual = 1.88689e-05, Final residual = 1.85876e-07, No Iterations 94
DICPCG:  Solving for p_rgh, Initial residual = 3.73149e-06, Final residual = 9.82015e-08, No Iterations 33
DICPCG:  Solving for p_rgh, Initial residual = 4.68771e-07, Final residual = 9.26866e-08, No Iterations 2
diagonal:  Solving for rho, Initial residual = 0, Final residual = 0, No Iterations 0
time step continuity errors (domain0): sum local = 9.23605e-10, global = -1.18127e-10, cumulative = -7.02383e-08
DILUPBiCGStab:  Solving for epsilon, Initial residual = 0.00262358, Final residual = 2.34041e-08, No Iterations 3
bounding epsilon, min: -0.158152 max: 2119.6 average: 6.80525
DILUPBiCGStab:  Solving for k, Initial residual = 0.00805407, Final residual = 2.56832e-08, No Iterations 3

Solving for solid region CPU
DICPCG:  Solving for h, Initial residual = 0.0196627, Final residual = 6.46423e-11, No Iterations 32
DICPCG:  Solving for h, Initial residual = 0.000351834, Final residual = 8.9943e-11, No Iterations 24
DICPCG:  Solving for h, Initial residual = 1.61352e-05, Final residual = 8.94525e-11, No Iterations 20
Min/max T:302.721 304.259

Solving for solid region Heatsink
DICPCG:  Solving for h, Initial residual = 0.0564214, Final residual = 9.99605e-07, No Iterations 242
DICPCG:  Solving for h, Initial residual = 0.0512827, Final residual = 9.78809e-07, No Iterations 181
DICPCG:  Solving for h, Initial residual = 0.0075038, Final residual = 9.98921e-07, No Iterations 129
Min/max T:301.634 303.205

Solving for solid region FRONT_PANEL
DICPCG:  Solving for h, Initial residual = 0.000410069, Final residual = 1.77747e-07, No Iterations 3
DICPCG:  Solving for h, Initial residual = 0.000388017, Final residual = 8.50306e-08, No Iterations 3
DICPCG:  Solving for h, Initial residual = 0.000383092, Final residual = 7.6873e-08, No Iterations 3
Min/max T:299.795 300.023
ExecutionTime = 792.36 s  ClockTime = 792 s

Region: domain0 Courant Number mean: 0.116802 max: 9.67354
Region: CPU Diffusion Number mean: 0.0823935 max: 1.16131
Region: Heatsink Diffusion Number mean: 0.0917996 max: 5.01215
Region: FRONT_PANEL Diffusion Number mean: 0.00267202 max: 2.79395
deltaT = 0.000833333
Time = 0.0408333


Solving for fluid region domain0
diagonal:  Solving for rho, Initial residual = 0, Final residual = 0, No Iterations 0
DILUPBiCGStab:  Solving for Ux, Initial residual = 0.00504988, Final residual = 4.96036e-08, No Iterations 3
DILUPBiCGStab:  Solving for Uy, Initial residual = 0.00531733, Final residual = 2.72966e-08, No Iterations 3
DILUPBiCGStab:  Solving for Uz, Initial residual = 0.00210029, Final residual = 2.39467e-08, No Iterations 3
DILUPBiCGStab:  Solving for h, Initial residual = 0.000803323, Final residual = 1.92307e-08, No Iterations 3
Min/max T:299.804 304.036
DICPCG:  Solving for p_rgh, Initial residual = 0.00246767, Final residual = 2.43972e-05, No Iterations 116
DICPCG:  Solving for p_rgh, Initial residual = 0.000501292, Final residual = 4.86544e-06, No Iterations 84
DICPCG:  Solving for p_rgh, Initial residual = 5.3446e-05, Final residual = 5.1828e-07, No Iterations 116
diagonal:  Solving for rho, Initial residual = 0, Final residual = 0, No Iterations 0
time step continuity errors (domain0): sum local = 5.16973e-09, global = 1.29874e-10, cumulative = -7.01085e-08
DICPCG:  Solving for p_rgh, Initial residual = 0.000553708, Final residual = 5.49939e-06, No Iterations 81
DICPCG:  Solving for p_rgh, Initial residual = 0.000160292, Final residual = 1.56623e-06, No Iterations 100
DICPCG:  Solving for p_rgh, Initial residual = 1.75164e-05, Final residual = 1.74931e-07, No Iterations 117
diagonal:  Solving for rho, Initial residual = 0, Final residual = 0, No Iterations 0
time step continuity errors (domain0): sum local = 1.74471e-09, global = 6.46124e-11, cumulative = -7.00439e-08
DICPCG:  Solving for p_rgh, Initial residual = 7.05877e-05, Final residual = 6.86303e-07, No Iterations 82
DICPCG:  Solving for p_rgh, Initial residual = 1.30288e-05, Final residual = 1.28539e-07, No Iterations 88
DICPCG:  Solving for p_rgh, Initial residual = 1.63433e-06, Final residual = 9.73401e-08, No Iterations 6
diagonal:  Solving for rho, Initial residual = 0, Final residual = 0, No Iterations 0
time step continuity errors (domain0): sum local = 9.70899e-10, global = -1.60328e-10, cumulative = -7.02042e-08
DICPCG:  Solving for p_rgh, Initial residual = 1.87523e-05, Final residual = 1.82329e-07, No Iterations 90
DICPCG:  Solving for p_rgh, Initial residual = 3.64086e-06, Final residual = 9.77739e-08, No Iterations 27
DICPCG:  Solving for p_rgh, Initial residual = 4.62562e-07, Final residual = 9.16951e-08, No Iterations 2
diagonal:  Solving for rho, Initial residual = 0, Final residual = 0, No Iterations 0
time step continuity errors (domain0): sum local = 9.14532e-10, global = -1.21646e-11, cumulative = -7.02163e-08
DILUPBiCGStab:  Solving for epsilon, Initial residual = 0.00254493, Final residual = 2.38502e-08, No Iterations 3
bounding epsilon, min: -1.08164 max: 2119.6 average: 6.83679
DILUPBiCGStab:  Solving for k, Initial residual = 0.00788751, Final residual = 2.5059e-08, No Iterations 3

Solving for solid region CPU
DICPCG:  Solving for h, Initial residual = 0.0194727, Final residual = 6.39918e-11, No Iterations 32
DICPCG:  Solving for h, Initial residual = 0.000348515, Final residual = 8.90906e-11, No Iterations 24
DICPCG:  Solving for h, Initial residual = 1.59845e-05, Final residual = 8.86011e-11, No Iterations 20
Min/max T:302.749 304.291

Solving for solid region Heatsink
DICPCG:  Solving for h, Initial residual = 0.0555908, Final residual = 9.33868e-07, No Iterations 243
DICPCG:  Solving for h, Initial residual = 0.0505292, Final residual = 9.9546e-07, No Iterations 180
DICPCG:  Solving for h, Initial residual = 0.00738906, Final residual = 9.83439e-07, No Iterations 129
Min/max T:301.653 303.237

Solving for solid region FRONT_PANEL
DICPCG:  Solving for h, Initial residual = 0.000395554, Final residual = 1.63777e-07, No Iterations 3
DICPCG:  Solving for h, Initial residual = 0.000375894, Final residual = 8.39799e-08, No Iterations 3
DICPCG:  Solving for h, Initial residual = 0.000371397, Final residual = 7.61013e-08, No Iterations 3
Min/max T:299.804 300.021
ExecutionTime = 822.47 s  ClockTime = 823 s

Region: domain0 Courant Number mean: 0.117035 max: 9.67455
Region: CPU Diffusion Number mean: 0.0823935 max: 1.16131
Region: Heatsink Diffusion Number mean: 0.0917996 max: 5.01215
Region: FRONT_PANEL Diffusion Number mean: 0.00267202 max: 2.79395
deltaT = 0.000833333
Time = 0.0416667


Solving for fluid region domain0
diagonal:  Solving for rho, Initial residual = 0, Final residual = 0, No Iterations 0
DILUPBiCGStab:  Solving for Ux, Initial residual = 0.00500123, Final residual = 4.98826e-08, No Iterations 3
DILUPBiCGStab:  Solving for Uy, Initial residual = 0.00522981, Final residual = 2.79939e-08, No Iterations 3
DILUPBiCGStab:  Solving for Uz, Initial residual = 0.00207936, Final residual = 2.82001e-08, No Iterations 3
DILUPBiCGStab:  Solving for h, Initial residual = 0.000788724, Final residual = 1.94186e-08, No Iterations 3
Min/max T:299.811 304.066
DICPCG:  Solving for p_rgh, Initial residual = 0.00241461, Final residual = 2.40677e-05, No Iterations 99
DICPCG:  Solving for p_rgh, Initial residual = 0.000511268, Final residual = 4.9432e-06, No Iterations 100
DICPCG:  Solving for p_rgh, Initial residual = 5.52779e-05, Final residual = 5.38396e-07, No Iterations 115
diagonal:  Solving for rho, Initial residual = 0, Final residual = 0, No Iterations 0
time step continuity errors (domain0): sum local = 5.37456e-09, global = -9.57202e-10, cumulative = -7.11736e-08
DICPCG:  Solving for p_rgh, Initial residual = 0.000548861, Final residual = 5.4742e-06, No Iterations 91
DICPCG:  Solving for p_rgh, Initial residual = 0.000163289, Final residual = 1.59687e-06, No Iterations 98
DICPCG:  Solving for p_rgh, Initial residual = 1.77358e-05, Final residual = 1.76045e-07, No Iterations 111
diagonal:  Solving for rho, Initial residual = 0, Final residual = 0, No Iterations 0
time step continuity errors (domain0): sum local = 1.75728e-09, global = -3.93104e-11, cumulative = -7.12129e-08
DICPCG:  Solving for p_rgh, Initial residual = 7.0556e-05, Final residual = 7.05139e-07, No Iterations 76
DICPCG:  Solving for p_rgh, Initial residual = 1.29647e-05, Final residual = 1.25088e-07, No Iterations 94
DICPCG:  Solving for p_rgh, Initial residual = 1.70938e-06, Final residual = 9.51794e-08, No Iterations 7
diagonal:  Solving for rho, Initial residual = 0, Final residual = 0, No Iterations 0
time step continuity errors (domain0): sum local = 9.50109e-10, global = -2.49324e-10, cumulative = -7.14622e-08
DICPCG:  Solving for p_rgh, Initial residual = 1.88646e-05, Final residual = 1.8638e-07, No Iterations 90
DICPCG:  Solving for p_rgh, Initial residual = 3.73048e-06, Final residual = 9.98098e-08, No Iterations 31
DICPCG:  Solving for p_rgh, Initial residual = 4.77945e-07, Final residual = 9.35174e-08, No Iterations 2
diagonal:  Solving for rho, Initial residual = 0, Final residual = 0, No Iterations 0
time step continuity errors (domain0): sum local = 9.33484e-10, global = -1.29749e-10, cumulative = -7.15919e-08
DILUPBiCGStab:  Solving for epsilon, Initial residual = 0.00246709, Final residual = 2.40274e-08, No Iterations 3
bounding epsilon, min: -0.163817 max: 2119.61 average: 6.87154
DILUPBiCGStab:  Solving for k, Initial residual = 0.00772681, Final residual = 9.99076e-08, No Iterations 3

Solving for solid region CPU
DICPCG:  Solving for h, Initial residual = 0.0192849, Final residual = 6.33485e-11, No Iterations 32
DICPCG:  Solving for h, Initial residual = 0.000345247, Final residual = 8.82497e-11, No Iterations 24
DICPCG:  Solving for h, Initial residual = 1.58359e-05, Final residual = 8.77614e-11, No Iterations 20
Min/max T:302.775 304.322

Solving for solid region Heatsink
DICPCG:  Solving for h, Initial residual = 0.0547766, Final residual = 9.36008e-07, No Iterations 243
DICPCG:  Solving for h, Initial residual = 0.0497902, Final residual = 9.82122e-07, No Iterations 180
DICPCG:  Solving for h, Initial residual = 0.00727671, Final residual = 9.68282e-07, No Iterations 129
Min/max T:301.672 303.268

Solving for solid region FRONT_PANEL
DICPCG:  Solving for h, Initial residual = 0.000382631, Final residual = 1.51525e-07, No Iterations 3
DICPCG:  Solving for h, Initial residual = 0.000364938, Final residual = 8.26785e-08, No Iterations 3
DICPCG:  Solving for h, Initial residual = 0.000360833, Final residual = 7.51179e-08, No Iterations 3
Min/max T:299.811 300.019
ExecutionTime = 854.24 s  ClockTime = 855 s

Region: domain0 Courant Number mean: 0.117269 max: 9.67529
Region: CPU Diffusion Number mean: 0.0823935 max: 1.16131
Region: Heatsink Diffusion Number mean: 0.0917996 max: 5.01215
Region: FRONT_PANEL Diffusion Number mean: 0.00267202 max: 2.79395
deltaT = 0.000833333
Time = 0.0425


Solving for fluid region domain0
diagonal:  Solving for rho, Initial residual = 0, Final residual = 0, No Iterations 0
DILUPBiCGStab:  Solving for Ux, Initial residual = 0.00495796, Final residual = 5.1658e-08, No Iterations 3
DILUPBiCGStab:  Solving for Uy, Initial residual = 0.0051437, Final residual = 2.8448e-08, No Iterations 3
DILUPBiCGStab:  Solving for Uz, Initial residual = 0.00205812, Final residual = 3.51456e-08, No Iterations 3
DILUPBiCGStab:  Solving for h, Initial residual = 0.000774198, Final residual = 1.93448e-08, No Iterations 3
Min/max T:299.818 304.096
DICPCG:  Solving for p_rgh, Initial residual = 0.00235422, Final residual = 2.33165e-05, No Iterations 102
DICPCG:  Solving for p_rgh, Initial residual = 0.000490549, Final residual = 4.70243e-06, No Iterations 101
DICPCG:  Solving for p_rgh, Initial residual = 5.2747e-05, Final residual = 5.2483e-07, No Iterations 109
diagonal:  Solving for rho, Initial residual = 0, Final residual = 0, No Iterations 0
time step continuity errors (domain0): sum local = 5.24348e-09, global = -7.09367e-10, cumulative = -7.23013e-08
DICPCG:  Solving for p_rgh, Initial residual = 0.000534155, Final residual = 5.26333e-06, No Iterations 88
DICPCG:  Solving for p_rgh, Initial residual = 0.000156489, Final residual = 1.55256e-06, No Iterations 101
DICPCG:  Solving for p_rgh, Initial residual = 1.74307e-05, Final residual = 1.69712e-07, No Iterations 116
diagonal:  Solving for rho, Initial residual = 0, Final residual = 0, No Iterations 0
time step continuity errors (domain0): sum local = 1.69547e-09, global = -7.34303e-12, cumulative = -7.23086e-08
DICPCG:  Solving for p_rgh, Initial residual = 6.84692e-05, Final residual = 6.81203e-07, No Iterations 88
DICPCG:  Solving for p_rgh, Initial residual = 1.26196e-05, Final residual = 1.26051e-07, No Iterations 111
DICPCG:  Solving for p_rgh, Initial residual = 1.60469e-06, Final residual = 9.6098e-08, No Iterations 6
diagonal:  Solving for rho, Initial residual = 0, Final residual = 0, No Iterations 0
time step continuity errors (domain0): sum local = 9.6008e-10, global = -1.79857e-10, cumulative = -7.24885e-08
DICPCG:  Solving for p_rgh, Initial residual = 1.82096e-05, Final residual = 1.77483e-07, No Iterations 91
DICPCG:  Solving for p_rgh, Initial residual = 3.62469e-06, Final residual = 9.99195e-08, No Iterations 29
DICPCG:  Solving for p_rgh, Initial residual = 4.5452e-07, Final residual = 9.26768e-08, No Iterations 2
diagonal:  Solving for rho, Initial residual = 0, Final residual = 0, No Iterations 0
time step continuity errors (domain0): sum local = 9.25827e-10, global = -1.01536e-10, cumulative = -7.259e-08
DILUPBiCGStab:  Solving for epsilon, Initial residual = 0.00239348, Final residual = 2.38938e-08, No Iterations 3
DILUPBiCGStab:  Solving for k, Initial residual = 0.00756988, Final residual = 9.69218e-08, No Iterations 3

Solving for solid region CPU
DICPCG:  Solving for h, Initial residual = 0.0190993, Final residual = 6.27122e-11, No Iterations 32
DICPCG:  Solving for h, Initial residual = 0.000342021, Final residual = 8.74178e-11, No Iterations 24
DICPCG:  Solving for h, Initial residual = 1.56891e-05, Final residual = 8.69316e-11, No Iterations 20
Min/max T:302.802 304.353

Solving for solid region Heatsink
DICPCG:  Solving for h, Initial residual = 0.0539784, Final residual = 9.36937e-07, No Iterations 243
DICPCG:  Solving for h, Initial residual = 0.0490652, Final residual = 9.57526e-07, No Iterations 180
DICPCG:  Solving for h, Initial residual = 0.00716667, Final residual = 9.53579e-07, No Iterations 129
Min/max T:301.69 303.299

Solving for solid region FRONT_PANEL
DICPCG:  Solving for h, Initial residual = 0.000370957, Final residual = 1.40871e-07, No Iterations 3
DICPCG:  Solving for h, Initial residual = 0.000355221, Final residual = 8.10746e-08, No Iterations 3
DICPCG:  Solving for h, Initial residual = 0.000351425, Final residual = 7.41464e-08, No Iterations 3
Min/max T:299.818 300.017
ExecutionTime = 884.25 s  ClockTime = 885 s

Region: domain0 Courant Number mean: 0.117503 max: 9.6765
Region: CPU Diffusion Number mean: 0.0823935 max: 1.16131
Region: Heatsink Diffusion Number mean: 0.0917996 max: 5.01215
Region: FRONT_PANEL Diffusion Number mean: 0.00267202 max: 2.79395
deltaT = 0.000833333
Time = 0.0433333


Solving for fluid region domain0
diagonal:  Solving for rho, Initial residual = 0, Final residual = 0, No Iterations 0
DILUPBiCGStab:  Solving for Ux, Initial residual = 0.00491995, Final residual = 4.83372e-08, No Iterations 3
DILUPBiCGStab:  Solving for Uy, Initial residual = 0.00507306, Final residual = 2.80481e-08, No Iterations 3
DILUPBiCGStab:  Solving for Uz, Initial residual = 0.0020421, Final residual = 2.97664e-09, No Iterations 4
DILUPBiCGStab:  Solving for h, Initial residual = 0.000760509, Final residual = 1.90289e-08, No Iterations 3
Min/max T:299.824 304.126
DICPCG:  Solving for p_rgh, Initial residual = 0.00235647, Final residual = 2.26943e-05, No Iterations 122
DICPCG:  Solving for p_rgh, Initial residual = 0.000500637, Final residual = 4.75309e-06, No Iterations 56
DICPCG:  Solving for p_rgh, Initial residual = 5.32338e-05, Final residual = 5.26025e-07, No Iterations 132
diagonal:  Solving for rho, Initial residual = 0, Final residual = 0, No Iterations 0
time step continuity errors (domain0): sum local = 5.2598e-09, global = -2.90342e-10, cumulative = -7.28804e-08
DICPCG:  Solving for p_rgh, Initial residual = 0.000548043, Final residual = 5.1822e-06, No Iterations 75
DICPCG:  Solving for p_rgh, Initial residual = 0.000164874, Final residual = 1.64123e-06, No Iterations 53
DICPCG:  Solving for p_rgh, Initial residual = 1.69429e-05, Final residual = 1.67037e-07, No Iterations 130
diagonal:  Solving for rho, Initial residual = 0, Final residual = 0, No Iterations 0
time step continuity errors (domain0): sum local = 1.67034e-09, global = 4.47183e-11, cumulative = -7.28357e-08
DICPCG:  Solving for p_rgh, Initial residual = 7.3011e-05, Final residual = 7.01859e-07, No Iterations 65
DICPCG:  Solving for p_rgh, Initial residual = 1.34253e-05, Final residual = 1.29253e-07, No Iterations 92
DICPCG:  Solving for p_rgh, Initial residual = 1.79157e-06, Final residual = 9.61387e-08, No Iterations 7
diagonal:  Solving for rho, Initial residual = 0, Final residual = 0, No Iterations 0
time step continuity errors (domain0): sum local = 9.61264e-10, global = 1.49274e-10, cumulative = -7.26864e-08
DICPCG:  Solving for p_rgh, Initial residual = 1.99818e-05, Final residual = 1.99476e-07, No Iterations 93
DICPCG:  Solving for p_rgh, Initial residual = 3.77584e-06, Final residual = 9.87708e-08, No Iterations 24
DICPCG:  Solving for p_rgh, Initial residual = 4.78092e-07, Final residual = 9.32222e-08, No Iterations 2
diagonal:  Solving for rho, Initial residual = 0, Final residual = 0, No Iterations 0
time step continuity errors (domain0): sum local = 9.3206e-10, global = 2.03882e-10, cumulative = -7.24825e-08
DILUPBiCGStab:  Solving for epsilon, Initial residual = 0.00232986, Final residual = 2.35291e-08, No Iterations 3
bounding epsilon, min: -3.25481 max: 2119.59 average: 6.94798
DILUPBiCGStab:  Solving for k, Initial residual = 0.00743696, Final residual = 9.26462e-08, No Iterations 3

Solving for solid region CPU
DICPCG:  Solving for h, Initial residual = 0.0189161, Final residual = 6.20835e-11, No Iterations 32
DICPCG:  Solving for h, Initial residual = 0.00033883, Final residual = 8.65949e-11, No Iterations 24
DICPCG:  Solving for h, Initial residual = 1.55438e-05, Final residual = 8.61103e-11, No Iterations 20
Min/max T:302.828 304.384

Solving for solid region Heatsink
DICPCG:  Solving for h, Initial residual = 0.0532035, Final residual = 9.36579e-07, No Iterations 243
DICPCG:  Solving for h, Initial residual = 0.0483625, Final residual = 9.50871e-07, No Iterations 180
DICPCG:  Solving for h, Initial residual = 0.00706006, Final residual = 9.95401e-07, No Iterations 128
Min/max T:301.708 303.329

Solving for solid region FRONT_PANEL
DICPCG:  Solving for h, Initial residual = 0.00036049, Final residual = 1.3164e-07, No Iterations 3
DICPCG:  Solving for h, Initial residual = 0.0003463, Final residual = 7.9564e-08, No Iterations 3
DICPCG:  Solving for h, Initial residual = 0.000342748, Final residual = 7.31769e-08, No Iterations 3
Min/max T:299.824 300.016
ExecutionTime = 913.22 s  ClockTime = 914 s

Region: domain0 Courant Number mean: 0.117739 max: 9.67787
Region: CPU Diffusion Number mean: 0.0823935 max: 1.16131
Region: Heatsink Diffusion Number mean: 0.0917996 max: 5.01215
Region: FRONT_PANEL Diffusion Number mean: 0.00267202 max: 2.79395
deltaT = 0.000833333
Time = 0.0441667


Solving for fluid region domain0
diagonal:  Solving for rho, Initial residual = 0, Final residual = 0, No Iterations 0
DILUPBiCGStab:  Solving for Ux, Initial residual = 0.00487123, Final residual = 5.11776e-08, No Iterations 3
DILUPBiCGStab:  Solving for Uy, Initial residual = 0.00499785, Final residual = 2.77492e-08, No Iterations 3
DILUPBiCGStab:  Solving for Uz, Initial residual = 0.00202243, Final residual = 2.83342e-09, No Iterations 4
DILUPBiCGStab:  Solving for h, Initial residual = 0.000750182, Final residual = 1.84399e-08, No Iterations 3
Min/max T:299.829 304.156
DICPCG:  Solving for p_rgh, Initial residual = 0.00234143, Final residual = 2.29525e-05, No Iterations 84
DICPCG:  Solving for p_rgh, Initial residual = 0.000522958, Final residual = 5.1035e-06, No Iterations 85
DICPCG:  Solving for p_rgh, Initial residual = 5.75961e-05, Final residual = 5.73088e-07, No Iterations 123
diagonal:  Solving for rho, Initial residual = 0, Final residual = 0, No Iterations 0
time step continuity errors (domain0): sum local = 5.73468e-09, global = -9.98987e-10, cumulative = -7.34815e-08
DICPCG:  Solving for p_rgh, Initial residual = 0.000543903, Final residual = 5.20878e-06, No Iterations 100
DICPCG:  Solving for p_rgh, Initial residual = 0.000170378, Final residual = 1.60889e-06, No Iterations 98
DICPCG:  Solving for p_rgh, Initial residual = 1.75771e-05, Final residual = 1.69337e-07, No Iterations 108
diagonal:  Solving for rho, Initial residual = 0, Final residual = 0, No Iterations 0
time step continuity errors (domain0): sum local = 1.69443e-09, global = -7.47335e-11, cumulative = -7.35562e-08
DICPCG:  Solving for p_rgh, Initial residual = 7.23248e-05, Final residual = 7.05511e-07, No Iterations 58
DICPCG:  Solving for p_rgh, Initial residual = 1.34011e-05, Final residual = 1.33357e-07, No Iterations 91
DICPCG:  Solving for p_rgh, Initial residual = 1.86392e-06, Final residual = 9.81742e-08, No Iterations 7
diagonal:  Solving for rho, Initial residual = 0, Final residual = 0, No Iterations 0
time step continuity errors (domain0): sum local = 9.82362e-10, global = 5.83706e-11, cumulative = -7.34979e-08
DICPCG:  Solving for p_rgh, Initial residual = 2.00602e-05, Final residual = 1.94155e-07, No Iterations 82
DICPCG:  Solving for p_rgh, Initial residual = 4.00197e-06, Final residual = 9.95961e-08, No Iterations 25
DICPCG:  Solving for p_rgh, Initial residual = 4.9051e-07, Final residual = 9.94544e-08, No Iterations 2
diagonal:  Solving for rho, Initial residual = 0, Final residual = 0, No Iterations 0
time step continuity errors (domain0): sum local = 9.95143e-10, global = 5.29295e-11, cumulative = -7.34449e-08
DILUPBiCGStab:  Solving for epsilon, Initial residual = 0.00226423, Final residual = 2.26108e-08, No Iterations 3
DILUPBiCGStab:  Solving for k, Initial residual = 0.00729441, Final residual = 8.85039e-08, No Iterations 3

Solving for solid region CPU
DICPCG:  Solving for h, Initial residual = 0.018735, Final residual = 6.1462e-11, No Iterations 32
DICPCG:  Solving for h, Initial residual = 0.000335682, Final residual = 8.57828e-11, No Iterations 24
DICPCG:  Solving for h, Initial residual = 1.54005e-05, Final residual = 8.52993e-11, No Iterations 20
Min/max T:302.854 304.414

Solving for solid region Heatsink
DICPCG:  Solving for h, Initial residual = 0.0524469, Final residual = 9.35467e-07, No Iterations 243
DICPCG:  Solving for h, Initial residual = 0.0476766, Final residual = 9.90945e-07, No Iterations 179
DICPCG:  Solving for h, Initial residual = 0.0069561, Final residual = 9.80729e-07, No Iterations 128
Min/max T:301.726 303.359

Solving for solid region FRONT_PANEL
DICPCG:  Solving for h, Initial residual = 0.000350951, Final residual = 1.23593e-07, No Iterations 3
DICPCG:  Solving for h, Initial residual = 0.000338079, Final residual = 7.79408e-08, No Iterations 3
DICPCG:  Solving for h, Initial residual = 0.000334751, Final residual = 7.22029e-08, No Iterations 3
Min/max T:299.829 300.014
ExecutionTime = 942.15 s  ClockTime = 942 s

Region: domain0 Courant Number mean: 0.117975 max: 9.67849
Region: CPU Diffusion Number mean: 0.0823935 max: 1.16131
Region: Heatsink Diffusion Number mean: 0.0917996 max: 5.01215
Region: FRONT_PANEL Diffusion Number mean: 0.00267202 max: 2.79395
deltaT = 0.000833333
Time = 0.045


Solving for fluid region domain0
diagonal:  Solving for rho, Initial residual = 0, Final residual = 0, No Iterations 0
DILUPBiCGStab:  Solving for Ux, Initial residual = 0.00482854, Final residual = 5.20497e-08, No Iterations 3
DILUPBiCGStab:  Solving for Uy, Initial residual = 0.0049074, Final residual = 3.29376e-08, No Iterations 3
DILUPBiCGStab:  Solving for Uz, Initial residual = 0.00200086, Final residual = 8.14669e-08, No Iterations 3
DILUPBiCGStab:  Solving for h, Initial residual = 0.000736903, Final residual = 1.76285e-08, No Iterations 3
Min/max T:299.833 304.185
DICPCG:  Solving for p_rgh, Initial residual = 0.00226978, Final residual = 2.23124e-05, No Iterations 88
DICPCG:  Solving for p_rgh, Initial residual = 0.000483303, Final residual = 4.70649e-06, No Iterations 83
DICPCG:  Solving for p_rgh, Initial residual = 5.32601e-05, Final residual = 5.15868e-07, No Iterations 112
diagonal:  Solving for rho, Initial residual = 0, Final residual = 0, No Iterations 0
time step continuity errors (domain0): sum local = 5.16608e-09, global = -7.14769e-10, cumulative = -7.41597e-08
DICPCG:  Solving for p_rgh, Initial residual = 0.000522106, Final residual = 5.1938e-06, No Iterations 99
DICPCG:  Solving for p_rgh, Initial residual = 0.000154752, Final residual = 1.50801e-06, No Iterations 99
DICPCG:  Solving for p_rgh, Initial residual = 1.63603e-05, Final residual = 1.62216e-07, No Iterations 106
diagonal:  Solving for rho, Initial residual = 0, Final residual = 0, No Iterations 0
time step continuity errors (domain0): sum local = 1.62442e-09, global = -6.11141e-11, cumulative = -7.42208e-08
DICPCG:  Solving for p_rgh, Initial residual = 6.8212e-05, Final residual = 6.81944e-07, No Iterations 103
DICPCG:  Solving for p_rgh, Initial residual = 1.26738e-05, Final residual = 1.22786e-07, No Iterations 110
DICPCG:  Solving for p_rgh, Initial residual = 1.58054e-06, Final residual = 9.18777e-08, No Iterations 6
diagonal:  Solving for rho, Initial residual = 0, Final residual = 0, No Iterations 0
time step continuity errors (domain0): sum local = 9.20117e-10, global = -4.36955e-12, cumulative = -7.42252e-08
DICPCG:  Solving for p_rgh, Initial residual = 1.84943e-05, Final residual = 1.82356e-07, No Iterations 99
DICPCG:  Solving for p_rgh, Initial residual = 3.73261e-06, Final residual = 9.86933e-08, No Iterations 39
DICPCG:  Solving for p_rgh, Initial residual = 4.71632e-07, Final residual = 9.13816e-08, No Iterations 2
diagonal:  Solving for rho, Initial residual = 0, Final residual = 0, No Iterations 0
time step continuity errors (domain0): sum local = 9.1507e-10, global = -1.97589e-10, cumulative = -7.44228e-08
DILUPBiCGStab:  Solving for epsilon, Initial residual = 0.0021956, Final residual = 2.20044e-08, No Iterations 3
bounding epsilon, min: -0.173763 max: 2119.6 average: 7.03072
DILUPBiCGStab:  Solving for k, Initial residual = 0.00714078, Final residual = 8.88168e-08, No Iterations 3

Solving for solid region CPU
DICPCG:  Solving for h, Initial residual = 0.018556, Final residual = 6.08477e-11, No Iterations 32
DICPCG:  Solving for h, Initial residual = 0.000332577, Final residual = 8.49803e-11, No Iterations 24
DICPCG:  Solving for h, Initial residual = 1.52588e-05, Final residual = 8.44982e-11, No Iterations 20
Min/max T:302.88 304.444

Solving for solid region Heatsink
DICPCG:  Solving for h, Initial residual = 0.0517051, Final residual = 9.33963e-07, No Iterations 243
DICPCG:  Solving for h, Initial residual = 0.0470034, Final residual = 9.79338e-07, No Iterations 179
DICPCG:  Solving for h, Initial residual = 0.00685423, Final residual = 9.66443e-07, No Iterations 128
Min/max T:301.744 303.389

Solving for solid region FRONT_PANEL
DICPCG:  Solving for h, Initial residual = 0.000342368, Final residual = 1.16358e-07, No Iterations 3
DICPCG:  Solving for h, Initial residual = 0.000330691, Final residual = 7.62822e-08, No Iterations 3
DICPCG:  Solving for h, Initial residual = 0.000327676, Final residual = 7.10443e-08, No Iterations 3
Min/max T:299.833 300.013
ExecutionTime = 973.59 s  ClockTime = 973 s

Region: domain0 Courant Number mean: 0.118212 max: 9.68
Region: CPU Diffusion Number mean: 0.0823935 max: 1.16131
Region: Heatsink Diffusion Number mean: 0.0917996 max: 5.01215
Region: FRONT_PANEL Diffusion Number mean: 0.00267202 max: 2.79395
deltaT = 0.000833333
Time = 0.0458333


Solving for fluid region domain0
diagonal:  Solving for rho, Initial residual = 0, Final residual = 0, No Iterations 0
DILUPBiCGStab:  Solving for Ux, Initial residual = 0.00478349, Final residual = 5.28333e-08, No Iterations 3
DILUPBiCGStab:  Solving for Uy, Initial residual = 0.00482351, Final residual = 3.45126e-08, No Iterations 3
DILUPBiCGStab:  Solving for Uz, Initial residual = 0.00198433, Final residual = 3.18402e-09, No Iterations 4
DILUPBiCGStab:  Solving for h, Initial residual = 0.000724086, Final residual = 1.67678e-08, No Iterations 3
Min/max T:299.837 304.214
DICPCG:  Solving for p_rgh, Initial residual = 0.00221101, Final residual = 2.20074e-05, No Iterations 107
DICPCG:  Solving for p_rgh, Initial residual = 0.000466896, Final residual = 4.61713e-06, No Iterations 100
DICPCG:  Solving for p_rgh, Initial residual = 4.99274e-05, Final residual = 4.8235e-07, No Iterations 112
diagonal:  Solving for rho, Initial residual = 0, Final residual = 0, No Iterations 0
time step continuity errors (domain0): sum local = 4.83421e-09, global = -3.1031e-10, cumulative = -7.47331e-08
DICPCG:  Solving for p_rgh, Initial residual = 0.000507788, Final residual = 4.99431e-06, No Iterations 79
DICPCG:  Solving for p_rgh, Initial residual = 0.00015047, Final residual = 1.48531e-06, No Iterations 103
DICPCG:  Solving for p_rgh, Initial residual = 1.63784e-05, Final residual = 1.60827e-07, No Iterations 118
diagonal:  Solving for rho, Initial residual = 0, Final residual = 0, No Iterations 0
time step continuity errors (domain0): sum local = 1.61176e-09, global = 4.79796e-11, cumulative = -7.46851e-08
DICPCG:  Solving for p_rgh, Initial residual = 6.5797e-05, Final residual = 6.47126e-07, No Iterations 80
DICPCG:  Solving for p_rgh, Initial residual = 1.22213e-05, Final residual = 1.2012e-07, No Iterations 102
DICPCG:  Solving for p_rgh, Initial residual = 1.6029e-06, Final residual = 9.39863e-08, No Iterations 6
diagonal:  Solving for rho, Initial residual = 0, Final residual = 0, No Iterations 0
time step continuity errors (domain0): sum local = 9.41918e-10, global = -2.46272e-10, cumulative = -7.49314e-08
DICPCG:  Solving for p_rgh, Initial residual = 1.78128e-05, Final residual = 1.73926e-07, No Iterations 89
DICPCG:  Solving for p_rgh, Initial residual = 3.53363e-06, Final residual = 9.90983e-08, No Iterations 35
DICPCG:  Solving for p_rgh, Initial residual = 4.60618e-07, Final residual = 9.10671e-08, No Iterations 2
diagonal:  Solving for rho, Initial residual = 0, Final residual = 0, No Iterations 0
time step continuity errors (domain0): sum local = 9.12597e-10, global = -1.16744e-10, cumulative = -7.50481e-08
DILUPBiCGStab:  Solving for epsilon, Initial residual = 0.00213227, Final residual = 2.09218e-08, No Iterations 3
bounding epsilon, min: -0.903981 max: 2119.59 average: 7.07273
DILUPBiCGStab:  Solving for k, Initial residual = 0.00700051, Final residual = 8.6896e-08, No Iterations 3

Solving for solid region CPU
DICPCG:  Solving for h, Initial residual = 0.0183794, Final residual = 6.0241e-11, No Iterations 32
DICPCG:  Solving for h, Initial residual = 0.000329502, Final residual = 8.41874e-11, No Iterations 24
DICPCG:  Solving for h, Initial residual = 1.51186e-05, Final residual = 8.37045e-11, No Iterations 20
Min/max T:302.906 304.474

Solving for solid region Heatsink
DICPCG:  Solving for h, Initial residual = 0.0509882, Final residual = 9.98365e-07, No Iterations 242
DICPCG:  Solving for h, Initial residual = 0.0463547, Final residual = 9.66665e-07, No Iterations 179
DICPCG:  Solving for h, Initial residual = 0.00675607, Final residual = 9.52653e-07, No Iterations 128
Min/max T:301.762 303.419

Solving for solid region FRONT_PANEL
DICPCG:  Solving for h, Initial residual = 0.000334657, Final residual = 1.10319e-07, No Iterations 3
DICPCG:  Solving for h, Initial residual = 0.000324022, Final residual = 7.45184e-08, No Iterations 3
DICPCG:  Solving for h, Initial residual = 0.000321202, Final residual = 6.9749e-08, No Iterations 3
Min/max T:299.837 300.012
ExecutionTime = 1004.79 s  ClockTime = 1004 s

Region: domain0 Courant Number mean: 0.118451 max: 9.68139
Region: CPU Diffusion Number mean: 0.0823935 max: 1.16131
Region: Heatsink Diffusion Number mean: 0.0917996 max: 5.01215
Region: FRONT_PANEL Diffusion Number mean: 0.00267202 max: 2.79395
deltaT = 0.000833333
Time = 0.0466667


Solving for fluid region domain0
diagonal:  Solving for rho, Initial residual = 0, Final residual = 0, No Iterations 0
DILUPBiCGStab:  Solving for Ux, Initial residual = 0.00473896, Final residual = 5.21271e-08, No Iterations 3
DILUPBiCGStab:  Solving for Uy, Initial residual = 0.00474783, Final residual = 3.70152e-08, No Iterations 3
DILUPBiCGStab:  Solving for Uz, Initial residual = 0.00196727, Final residual = 3.35512e-09, No Iterations 4
DILUPBiCGStab:  Solving for h, Initial residual = 0.000712614, Final residual = 1.5858e-08, No Iterations 3
Min/max T:299.84 304.243
DICPCG:  Solving for p_rgh, Initial residual = 0.00217497, Final residual = 2.14354e-05, No Iterations 88
DICPCG:  Solving for p_rgh, Initial residual = 0.000471619, Final residual = 4.67292e-06, No Iterations 98
DICPCG:  Solving for p_rgh, Initial residual = 5.16158e-05, Final residual = 5.09436e-07, No Iterations 139
diagonal:  Solving for rho, Initial residual = 0, Final residual = 0, No Iterations 0
time step continuity errors (domain0): sum local = 5.10903e-09, global = -3.47608e-10, cumulative = -7.53957e-08
DICPCG:  Solving for p_rgh, Initial residual = 0.000504508, Final residual = 4.98007e-06, No Iterations 87
DICPCG:  Solving for p_rgh, Initial residual = 0.000152196, Final residual = 1.48689e-06, No Iterations 102
DICPCG:  Solving for p_rgh, Initial residual = 1.68636e-05, Final residual = 1.6788e-07, No Iterations 115
diagonal:  Solving for rho, Initial residual = 0, Final residual = 0, No Iterations 0
time step continuity errors (domain0): sum local = 1.68361e-09, global = -8.60422e-12, cumulative = -7.54043e-08
DICPCG:  Solving for p_rgh, Initial residual = 6.58322e-05, Final residual = 6.53403e-07, No Iterations 71
DICPCG:  Solving for p_rgh, Initial residual = 1.20067e-05, Final residual = 1.16225e-07, No Iterations 119
DICPCG:  Solving for p_rgh, Initial residual = 1.66892e-06, Final residual = 9.28279e-08, No Iterations 6
diagonal:  Solving for rho, Initial residual = 0, Final residual = 0, No Iterations 0
time step continuity errors (domain0): sum local = 9.30989e-10, global = -1.95023e-10, cumulative = -7.55993e-08
DICPCG:  Solving for p_rgh, Initial residual = 1.7906e-05, Final residual = 1.74172e-07, No Iterations 89
DICPCG:  Solving for p_rgh, Initial residual = 3.60125e-06, Final residual = 9.98983e-08, No Iterations 41
DICPCG:  Solving for p_rgh, Initial residual = 4.71638e-07, Final residual = 9.13701e-08, No Iterations 2
diagonal:  Solving for rho, Initial residual = 0, Final residual = 0, No Iterations 0
time step continuity errors (domain0): sum local = 9.16296e-10, global = -1.55826e-10, cumulative = -7.57552e-08
DILUPBiCGStab:  Solving for epsilon, Initial residual = 0.00207123, Final residual = 1.97324e-08, No Iterations 3
bounding epsilon, min: -0.177758 max: 2119.59 average: 7.11474
DILUPBiCGStab:  Solving for k, Initial residual = 0.0068656, Final residual = 8.73388e-08, No Iterations 3

Solving for solid region CPU
DICPCG:  Solving for h, Initial residual = 0.0182049, Final residual = 5.96415e-11, No Iterations 32
DICPCG:  Solving for h, Initial residual = 0.000326478, Final residual = 8.34067e-11, No Iterations 24
DICPCG:  Solving for h, Initial residual = 1.49805e-05, Final residual = 8.29224e-11, No Iterations 20
Min/max T:302.931 304.504

Solving for solid region Heatsink
DICPCG:  Solving for h, Initial residual = 0.0502847, Final residual = 9.95156e-07, No Iterations 242
DICPCG:  Solving for h, Initial residual = 0.0457177, Final residual = 9.8824e-07, No Iterations 178
DICPCG:  Solving for h, Initial residual = 0.00665982, Final residual = 9.92035e-07, No Iterations 127
Min/max T:301.779 303.448

Solving for solid region FRONT_PANEL
DICPCG:  Solving for h, Initial residual = 0.000327662, Final residual = 1.04908e-07, No Iterations 3
DICPCG:  Solving for h, Initial residual = 0.00031797, Final residual = 7.26626e-08, No Iterations 3
DICPCG:  Solving for h, Initial residual = 0.000315335, Final residual = 6.83555e-08, No Iterations 3
Min/max T:299.84 300.01
ExecutionTime = 1037.9 s  ClockTime = 1037 s

Region: domain0 Courant Number mean: 0.118691 max: 9.68246
Region: CPU Diffusion Number mean: 0.0823935 max: 1.16131
Region: Heatsink Diffusion Number mean: 0.0917996 max: 5.01215
Region: FRONT_PANEL Diffusion Number mean: 0.00267202 max: 2.79395
deltaT = 0.000833333
Time = 0.0475


Solving for fluid region domain0
diagonal:  Solving for rho, Initial residual = 0, Final residual = 0, No Iterations 0
DILUPBiCGStab:  Solving for Ux, Initial residual = 0.00469986, Final residual = 5.25676e-08, No Iterations 3
DILUPBiCGStab:  Solving for Uy, Initial residual = 0.00467112, Final residual = 3.87564e-08, No Iterations 3
DILUPBiCGStab:  Solving for Uz, Initial residual = 0.00194902, Final residual = 3.50073e-09, No Iterations 4
DILUPBiCGStab:  Solving for h, Initial residual = 0.00070219, Final residual = 1.50124e-08, No Iterations 3
Min/max T:299.843 304.271
DICPCG:  Solving for p_rgh, Initial residual = 0.00211708, Final residual = 2.10945e-05, No Iterations 99
DICPCG:  Solving for p_rgh, Initial residual = 0.000455851, Final residual = 4.51404e-06, No Iterations 97
DICPCG:  Solving for p_rgh, Initial residual = 4.84544e-05, Final residual = 4.78369e-07, No Iterations 106
diagonal:  Solving for rho, Initial residual = 0, Final residual = 0, No Iterations 0
time step continuity errors (domain0): sum local = 4.8012e-09, global = -9.34801e-10, cumulative = -7.669e-08
DICPCG:  Solving for p_rgh, Initial residual = 0.000490326, Final residual = 4.89563e-06, No Iterations 83
DICPCG:  Solving for p_rgh, Initial residual = 0.000145731, Final residual = 1.457e-06, No Iterations 105
DICPCG:  Solving for p_rgh, Initial residual = 1.64473e-05, Final residual = 1.61713e-07, No Iterations 117
diagonal:  Solving for rho, Initial residual = 0, Final residual = 0, No Iterations 0
time step continuity errors (domain0): sum local = 1.62296e-09, global = -9.91317e-12, cumulative = -7.66999e-08
DICPCG:  Solving for p_rgh, Initial residual = 6.36019e-05, Final residual = 6.21849e-07, No Iterations 82
DICPCG:  Solving for p_rgh, Initial residual = 1.17852e-05, Final residual = 1.17064e-07, No Iterations 116
DICPCG:  Solving for p_rgh, Initial residual = 1.57301e-06, Final residual = 9.00372e-08, No Iterations 6
diagonal:  Solving for rho, Initial residual = 0, Final residual = 0, No Iterations 0
time step continuity errors (domain0): sum local = 9.03628e-10, global = -1.93883e-10, cumulative = -7.68938e-08
DICPCG:  Solving for p_rgh, Initial residual = 1.72502e-05, Final residual = 1.70548e-07, No Iterations 90
DICPCG:  Solving for p_rgh, Initial residual = 3.44433e-06, Final residual = 9.91535e-08, No Iterations 35
DICPCG:  Solving for p_rgh, Initial residual = 4.45082e-07, Final residual = 9.0135e-08, No Iterations 2
diagonal:  Solving for rho, Initial residual = 0, Final residual = 0, No Iterations 0
time step continuity errors (domain0): sum local = 9.04547e-10, global = -1.55737e-10, cumulative = -7.70495e-08
DILUPBiCGStab:  Solving for epsilon, Initial residual = 0.00201454, Final residual = 1.86084e-08, No Iterations 3
DILUPBiCGStab:  Solving for k, Initial residual = 0.00673379, Final residual = 8.84606e-08, No Iterations 3

Solving for solid region CPU
DICPCG:  Solving for h, Initial residual = 0.0180324, Final residual = 5.90492e-11, No Iterations 32
DICPCG:  Solving for h, Initial residual = 0.00032349, Final residual = 8.26359e-11, No Iterations 24
DICPCG:  Solving for h, Initial residual = 1.48439e-05, Final residual = 8.21495e-11, No Iterations 20
Min/max T:302.956 304.533

Solving for solid region Heatsink
DICPCG:  Solving for h, Initial residual = 0.0495945, Final residual = 9.9167e-07, No Iterations 242
DICPCG:  Solving for h, Initial residual = 0.0450923, Final residual = 9.72924e-07, No Iterations 178
DICPCG:  Solving for h, Initial residual = 0.00656544, Final residual = 9.78068e-07, No Iterations 127
Min/max T:301.796 303.478

Solving for solid region FRONT_PANEL
DICPCG:  Solving for h, Initial residual = 0.000321327, Final residual = 1.00179e-07, No Iterations 3
DICPCG:  Solving for h, Initial residual = 0.000312413, Final residual = 7.07711e-08, No Iterations 3
DICPCG:  Solving for h, Initial residual = 0.000309955, Final residual = 6.68881e-08, No Iterations 3
Min/max T:299.843 300.009
ExecutionTime = 1071 s  ClockTime = 1071 s

Region: domain0 Courant Number mean: 0.118932 max: 9.68386
Region: CPU Diffusion Number mean: 0.0823935 max: 1.16131
Region: Heatsink Diffusion Number mean: 0.0917996 max: 5.01215
Region: FRONT_PANEL Diffusion Number mean: 0.00267202 max: 2.79395
deltaT = 0.000833333
Time = 0.0483333


Solving for fluid region domain0
diagonal:  Solving for rho, Initial residual = 0, Final residual = 0, No Iterations 0
DILUPBiCGStab:  Solving for Ux, Initial residual = 0.00466271, Final residual = 4.97902e-08, No Iterations 3
DILUPBiCGStab:  Solving for Uy, Initial residual = 0.00460539, Final residual = 4.00491e-08, No Iterations 3
DILUPBiCGStab:  Solving for Uz, Initial residual = 0.00193477, Final residual = 3.71452e-09, No Iterations 4
DILUPBiCGStab:  Solving for h, Initial residual = 0.000692147, Final residual = 1.4229e-08, No Iterations 3
Min/max T:299.845 304.299
DICPCG:  Solving for p_rgh, Initial residual = 0.0021066, Final residual = 2.0564e-05, No Iterations 123
DICPCG:  Solving for p_rgh, Initial residual = 0.000454856, Final residual = 4.51776e-06, No Iterations 46
DICPCG:  Solving for p_rgh, Initial residual = 4.72325e-05, Final residual = 4.69873e-07, No Iterations 141
diagonal:  Solving for rho, Initial residual = 0, Final residual = 0, No Iterations 0
time step continuity errors (domain0): sum local = 4.71893e-09, global = -2.06506e-10, cumulative = -7.7256e-08
DICPCG:  Solving for p_rgh, Initial residual = 0.000495873, Final residual = 4.92259e-06, No Iterations 71
DICPCG:  Solving for p_rgh, Initial residual = 0.000147671, Final residual = 1.46602e-06, No Iterations 52
DICPCG:  Solving for p_rgh, Initial residual = 1.52764e-05, Final residual = 1.49511e-07, No Iterations 96
diagonal:  Solving for rho, Initial residual = 0, Final residual = 0, No Iterations 0
time step continuity errors (domain0): sum local = 1.50155e-09, global = 1.48655e-11, cumulative = -7.72411e-08
DICPCG:  Solving for p_rgh, Initial residual = 6.59851e-05, Final residual = 6.42086e-07, No Iterations 64
DICPCG:  Solving for p_rgh, Initial residual = 1.20055e-05, Final residual = 1.18509e-07, No Iterations 81
DICPCG:  Solving for p_rgh, Initial residual = 1.64269e-06, Final residual = 9.43928e-08, No Iterations 6
diagonal:  Solving for rho, Initial residual = 0, Final residual = 0, No Iterations 0
time step continuity errors (domain0): sum local = 9.47968e-10, global = 3.24019e-12, cumulative = -7.72379e-08
DICPCG:  Solving for p_rgh, Initial residual = 1.8201e-05, Final residual = 1.81789e-07, No Iterations 82
DICPCG:  Solving for p_rgh, Initial residual = 3.46921e-06, Final residual = 9.87939e-08, No Iterations 25
DICPCG:  Solving for p_rgh, Initial residual = 4.44995e-07, Final residual = 9.17634e-08, No Iterations 2
diagonal:  Solving for rho, Initial residual = 0, Final residual = 0, No Iterations 0
time step continuity errors (domain0): sum local = 9.21522e-10, global = 1.3463e-10, cumulative = -7.71033e-08
DILUPBiCGStab:  Solving for epsilon, Initial residual = 0.00196368, Final residual = 1.78016e-08, No Iterations 3
bounding epsilon, min: -2.27836 max: 2119.56 average: 7.19656
DILUPBiCGStab:  Solving for k, Initial residual = 0.00661806, Final residual = 9.03404e-08, No Iterations 3

Solving for solid region CPU
DICPCG:  Solving for h, Initial residual = 0.017862, Final residual = 5.84638e-11, No Iterations 32
DICPCG:  Solving for h, Initial residual = 0.000320536, Final residual = 8.18747e-11, No Iterations 24
DICPCG:  Solving for h, Initial residual = 1.47088e-05, Final residual = 8.13852e-11, No Iterations 20
Min/max T:302.98 304.562

Solving for solid region Heatsink
DICPCG:  Solving for h, Initial residual = 0.0489222, Final residual = 9.87817e-07, No Iterations 242
DICPCG:  Solving for h, Initial residual = 0.044484, Final residual = 9.94269e-07, No Iterations 177
DICPCG:  Solving for h, Initial residual = 0.00647368, Final residual = 9.64583e-07, No Iterations 127
Min/max T:301.814 303.506

Solving for solid region FRONT_PANEL
DICPCG:  Solving for h, Initial residual = 0.000315565, Final residual = 9.59836e-08, No Iterations 3
DICPCG:  Solving for h, Initial residual = 0.000307363, Final residual = 6.89573e-08, No Iterations 3
DICPCG:  Solving for h, Initial residual = 0.000305052, Final residual = 6.54058e-08, No Iterations 3
Min/max T:299.845 300.008
ExecutionTime = 1099.02 s  ClockTime = 1099 s

Region: domain0 Courant Number mean: 0.119175 max: 9.68527
Region: CPU Diffusion Number mean: 0.0823935 max: 1.16131
Region: Heatsink Diffusion Number mean: 0.0917996 max: 5.01215
Region: FRONT_PANEL Diffusion Number mean: 0.00267202 max: 2.79395
deltaT = 0.000833333
Time = 0.0491667


Solving for fluid region domain0
diagonal:  Solving for rho, Initial residual = 0, Final residual = 0, No Iterations 0
DILUPBiCGStab:  Solving for Ux, Initial residual = 0.00462054, Final residual = 5.01417e-08, No Iterations 3
DILUPBiCGStab:  Solving for Uy, Initial residual = 0.00453752, Final residual = 3.67208e-08, No Iterations 3
DILUPBiCGStab:  Solving for Uz, Initial residual = 0.0019185, Final residual = 3.75689e-09, No Iterations 4
DILUPBiCGStab:  Solving for h, Initial residual = 0.000683451, Final residual = 1.34323e-08, No Iterations 3
Min/max T:299.847 304.327
DICPCG:  Solving for p_rgh, Initial residual = 0.00206814, Final residual = 2.06405e-05, No Iterations 82
DICPCG:  Solving for p_rgh, Initial residual = 0.000468144, Final residual = 4.61331e-06, No Iterations 99
DICPCG:  Solving for p_rgh, Initial residual = 5.07461e-05, Final residual = 5.0726e-07, No Iterations 131
diagonal:  Solving for rho, Initial residual = 0, Final residual = 0, No Iterations 0
time step continuity errors (domain0): sum local = 5.09803e-09, global = -5.9959e-10, cumulative = -7.77029e-08
DICPCG:  Solving for p_rgh, Initial residual = 0.000489257, Final residual = 4.75721e-06, No Iterations 87
DICPCG:  Solving for p_rgh, Initial residual = 0.0001511, Final residual = 1.48669e-06, No Iterations 101
DICPCG:  Solving for p_rgh, Initial residual = 1.66393e-05, Final residual = 1.66231e-07, No Iterations 110
diagonal:  Solving for rho, Initial residual = 0, Final residual = 0, No Iterations 0
time step continuity errors (domain0): sum local = 1.67056e-09, global = -3.1907e-11, cumulative = -7.77348e-08
DICPCG:  Solving for p_rgh, Initial residual = 6.50989e-05, Final residual = 6.45921e-07, No Iterations 58
DICPCG:  Solving for p_rgh, Initial residual = 1.18141e-05, Final residual = 1.17676e-07, No Iterations 96
DICPCG:  Solving for p_rgh, Initial residual = 1.6827e-06, Final residual = 9.65141e-08, No Iterations 6
diagonal:  Solving for rho, Initial residual = 0, Final residual = 0, No Iterations 0
time step continuity errors (domain0): sum local = 9.69953e-10, global = -1.60325e-10, cumulative = -7.78951e-08
DICPCG:  Solving for p_rgh, Initial residual = 1.81201e-05, Final residual = 1.75941e-07, No Iterations 87
DICPCG:  Solving for p_rgh, Initial residual = 3.60126e-06, Final residual = 9.91555e-08, No Iterations 30
DICPCG:  Solving for p_rgh, Initial residual = 4.58048e-07, Final residual = 8.95356e-08, No Iterations 2
diagonal:  Solving for rho, Initial residual = 0, Final residual = 0, No Iterations 0
time step continuity errors (domain0): sum local = 8.99757e-10, global = -1.61031e-10, cumulative = -7.80561e-08
DILUPBiCGStab:  Solving for epsilon, Initial residual = 0.00191315, Final residual = 1.72422e-08, No Iterations 3
DILUPBiCGStab:  Solving for k, Initial residual = 0.00649911, Final residual = 9.20395e-08, No Iterations 3

Solving for solid region CPU
DICPCG:  Solving for h, Initial residual = 0.0176935, Final residual = 5.78852e-11, No Iterations 32
DICPCG:  Solving for h, Initial residual = 0.000317621, Final residual = 8.11234e-11, No Iterations 24
DICPCG:  Solving for h, Initial residual = 1.45755e-05, Final residual = 8.06308e-11, No Iterations 20
Min/max T:303.005 304.591

Solving for solid region Heatsink
DICPCG:  Solving for h, Initial residual = 0.0482627, Final residual = 9.83789e-07, No Iterations 242
DICPCG:  Solving for h, Initial residual = 0.043887, Final residual = 9.74744e-07, No Iterations 177
DICPCG:  Solving for h, Initial residual = 0.00638373, Final residual = 9.512e-07, No Iterations 127
Min/max T:301.83 303.535

Solving for solid region FRONT_PANEL
DICPCG:  Solving for h, Initial residual = 0.000310253, Final residual = 9.22158e-08, No Iterations 3
DICPCG:  Solving for h, Initial residual = 0.000302663, Final residual = 6.71592e-08, No Iterations 3
DICPCG:  Solving for h, Initial residual = 0.000300476, Final residual = 6.39584e-08, No Iterations 3
Min/max T:299.847 300.007
ExecutionTime = 1128.13 s  ClockTime = 1128 s

Region: domain0 Courant Number mean: 0.119417 max: 9.68615
Region: CPU Diffusion Number mean: 0.0823935 max: 1.16131
Region: Heatsink Diffusion Number mean: 0.0917996 max: 5.01215
Region: FRONT_PANEL Diffusion Number mean: 0.00267202 max: 2.79395
deltaT = 0.000833333
Time = 0.05


Solving for fluid region domain0
diagonal:  Solving for rho, Initial residual = 0, Final residual = 0, No Iterations 0
DILUPBiCGStab:  Solving for Ux, Initial residual = 0.00458527, Final residual = 5.06098e-08, No Iterations 3
DILUPBiCGStab:  Solving for Uy, Initial residual = 0.00446394, Final residual = 4.06617e-08, No Iterations 3
DILUPBiCGStab:  Solving for Uz, Initial residual = 0.00190058, Final residual = 3.77367e-09, No Iterations 4
DILUPBiCGStab:  Solving for h, Initial residual = 0.000673724, Final residual = 1.26929e-08, No Iterations 3
Min/max T:299.849 304.355
DICPCG:  Solving for p_rgh, Initial residual = 0.00200916, Final residual = 1.99294e-05, No Iterations 92
DICPCG:  Solving for p_rgh, Initial residual = 0.000440621, Final residual = 4.38209e-06, No Iterations 92
DICPCG:  Solving for p_rgh, Initial residual = 4.67999e-05, Final residual = 4.59039e-07, No Iterations 144
diagonal:  Solving for rho, Initial residual = 0, Final residual = 0, No Iterations 0
time step continuity errors (domain0): sum local = 4.61618e-09, global = -2.4122e-10, cumulative = -7.82974e-08
DICPCG:  Solving for p_rgh, Initial residual = 0.000470834, Final residual = 4.61778e-06, No Iterations 83
DICPCG:  Solving for p_rgh, Initial residual = 0.000139954, Final residual = 1.37987e-06, No Iterations 105
DICPCG:  Solving for p_rgh, Initial residual = 1.56634e-05, Final residual = 1.53831e-07, No Iterations 116
diagonal:  Solving for rho, Initial residual = 0, Final residual = 0, No Iterations 0
time step continuity errors (domain0): sum local = 1.54698e-09, global = 9.39044e-13, cumulative = -7.82964e-08
DICPCG:  Solving for p_rgh, Initial residual = 6.17043e-05, Final residual = 6.15032e-07, No Iterations 91
DICPCG:  Solving for p_rgh, Initial residual = 1.13428e-05, Final residual = 1.13224e-07, No Iterations 111
DICPCG:  Solving for p_rgh, Initial residual = 1.45304e-06, Final residual = 9.77039e-08, No Iterations 5
diagonal:  Solving for rho, Initial residual = 0, Final residual = 0, No Iterations 0
time step continuity errors (domain0): sum local = 9.82522e-10, global = -1.26933e-10, cumulative = -7.84233e-08
DICPCG:  Solving for p_rgh, Initial residual = 1.68517e-05, Final residual = 1.66997e-07, No Iterations 92
DICPCG:  Solving for p_rgh, Initial residual = 3.35968e-06, Final residual = 9.85894e-08, No Iterations 36
DICPCG:  Solving for p_rgh, Initial residual = 4.3101e-07, Final residual = 8.76402e-08, No Iterations 2
diagonal:  Solving for rho, Initial residual = 0, Final residual = 0, No Iterations 0
time step continuity errors (domain0): sum local = 8.81288e-10, global = -1.66508e-10, cumulative = -7.85899e-08
DILUPBiCGStab:  Solving for epsilon, Initial residual = 0.00186234, Final residual = 1.71954e-08, No Iterations 3
bounding epsilon, min: -0.183794 max: 2119.55 average: 7.27384
DILUPBiCGStab:  Solving for k, Initial residual = 0.00638343, Final residual = 9.36158e-08, No Iterations 3

Solving for solid region CPU
DICPCG:  Solving for h, Initial residual = 0.0175268, Final residual = 5.73129e-11, No Iterations 32
DICPCG:  Solving for h, Initial residual = 0.00031474, Final residual = 8.03807e-11, No Iterations 24
DICPCG:  Solving for h, Initial residual = 1.44437e-05, Final residual = 7.98852e-11, No Iterations 20
Min/max T:303.029 304.619

Solving for solid region Heatsink
DICPCG:  Solving for h, Initial residual = 0.0476142, Final residual = 9.79826e-07, No Iterations 242
DICPCG:  Solving for h, Initial residual = 0.0432994, Final residual = 9.70418e-07, No Iterations 177
DICPCG:  Solving for h, Initial residual = 0.00629535, Final residual = 9.95227e-07, No Iterations 125
Min/max T:301.847 303.563

Solving for solid region FRONT_PANEL
DICPCG:  Solving for h, Initial residual = 0.00030544, Final residual = 8.87769e-08, No Iterations 3
DICPCG:  Solving for h, Initial residual = 0.000298423, Final residual = 6.53949e-08, No Iterations 3
DICPCG:  Solving for h, Initial residual = 0.000296368, Final residual = 6.24781e-08, No Iterations 3
Min/max T:299.849 300.006
ExecutionTime = 1160.85 s  ClockTime = 1161 s

Region: domain0 Courant Number mean: 0.11966 max: 9.68766
Region: CPU Diffusion Number mean: 0.0823935 max: 1.16131
Region: Heatsink Diffusion Number mean: 0.0917996 max: 5.01215
Region: FRONT_PANEL Diffusion Number mean: 0.00267202 max: 2.79395
deltaT = 0.000833333
Time = 0.0508333


Solving for fluid region domain0
diagonal:  Solving for rho, Initial residual = 0, Final residual = 0, No Iterations 0
DILUPBiCGStab:  Solving for Ux, Initial residual = 0.00456214, Final residual = 5.08451e-08, No Iterations 3
DILUPBiCGStab:  Solving for Uy, Initial residual = 0.00441884, Final residual = 3.33774e-08, No Iterations 3
DILUPBiCGStab:  Solving for Uz, Initial residual = 0.00189225, Final residual = 6.45493e-08, No Iterations 3
DILUPBiCGStab:  Solving for h, Initial residual = 0.000664174, Final residual = 1.19478e-08, No Iterations 3
Min/max T:299.851 304.382
DICPCG:  Solving for p_rgh, Initial residual = 0.00204813, Final residual = 2.004e-05, No Iterations 121
DICPCG:  Solving for p_rgh, Initial residual = 0.000462538, Final residual = 4.52891e-06, No Iterations 43
DICPCG:  Solving for p_rgh, Initial residual = 4.77933e-05, Final residual = 4.61143e-07, No Iterations 101
diagonal:  Solving for rho, Initial residual = 0, Final residual = 0, No Iterations 0
time step continuity errors (domain0): sum local = 4.63999e-09, global = 4.74253e-10, cumulative = -7.81156e-08
DICPCG:  Solving for p_rgh, Initial residual = 0.000493914, Final residual = 4.84009e-06, No Iterations 75
DICPCG:  Solving for p_rgh, Initial residual = 0.00015291, Final residual = 1.46991e-06, No Iterations 101
DICPCG:  Solving for p_rgh, Initial residual = 1.56888e-05, Final residual = 1.50993e-07, No Iterations 111
diagonal:  Solving for rho, Initial residual = 0, Final residual = 0, No Iterations 0
time step continuity errors (domain0): sum local = 1.51947e-09, global = 8.6755e-11, cumulative = -7.80288e-08
DICPCG:  Solving for p_rgh, Initial residual = 6.82017e-05, Final residual = 6.7876e-07, No Iterations 58
DICPCG:  Solving for p_rgh, Initial residual = 1.23635e-05, Final residual = 1.2215e-07, No Iterations 118
DICPCG:  Solving for p_rgh, Initial residual = 1.73273e-06, Final residual = 9.35317e-08, No Iterations 6
diagonal:  Solving for rho, Initial residual = 0, Final residual = 0, No Iterations 0
time step continuity errors (domain0): sum local = 9.41225e-10, global = 5.05461e-11, cumulative = -7.79783e-08
DICPCG:  Solving for p_rgh, Initial residual = 1.93327e-05, Final residual = 1.8778e-07, No Iterations 106
DICPCG:  Solving for p_rgh, Initial residual = 3.58189e-06, Final residual = 9.85243e-08, No Iterations 18
DICPCG:  Solving for p_rgh, Initial residual = 4.25385e-07, Final residual = 8.96071e-08, No Iterations 2
diagonal:  Solving for rho, Initial residual = 0, Final residual = 0, No Iterations 0
time step continuity errors (domain0): sum local = 9.01668e-10, global = 1.15884e-10, cumulative = -7.78624e-08
DILUPBiCGStab:  Solving for epsilon, Initial residual = 0.00182616, Final residual = 1.6382e-08, No Iterations 3
bounding epsilon, min: -4.02087 max: 2119.54 average: 7.31013
DILUPBiCGStab:  Solving for k, Initial residual = 0.00629619, Final residual = 2.6385e-08, No Iterations 3

Solving for solid region CPU
DICPCG:  Solving for h, Initial residual = 0.017362, Final residual = 5.67471e-11, No Iterations 32
DICPCG:  Solving for h, Initial residual = 0.000311887, Final residual = 7.96463e-11, No Iterations 24
DICPCG:  Solving for h, Initial residual = 1.43133e-05, Final residual = 7.91468e-11, No Iterations 20
Min/max T:303.053 304.647

Solving for solid region Heatsink
DICPCG:  Solving for h, Initial residual = 0.0469826, Final residual = 9.75641e-07, No Iterations 242
DICPCG:  Solving for h, Initial residual = 0.0427281, Final residual = 9.95957e-07, No Iterations 176
DICPCG:  Solving for h, Initial residual = 0.00620945, Final residual = 9.81666e-07, No Iterations 125
Min/max T:301.864 303.591

Solving for solid region FRONT_PANEL
DICPCG:  Solving for h, Initial residual = 0.000301016, Final residual = 8.57081e-08, No Iterations 3
DICPCG:  Solving for h, Initial residual = 0.000294487, Final residual = 6.36512e-08, No Iterations 3
DICPCG:  Solving for h, Initial residual = 0.000292537, Final residual = 6.09746e-08, No Iterations 3
Min/max T:299.851 300.005
ExecutionTime = 1189.46 s  ClockTime = 1190 s

Region: domain0 Courant Number mean: 0.119903 max: 9.68941
Region: CPU Diffusion Number mean: 0.0823935 max: 1.16131
Region: Heatsink Diffusion Number mean: 0.0917996 max: 5.01215
Region: FRONT_PANEL Diffusion Number mean: 0.00267202 max: 2.79395
deltaT = 0.000833333
Time = 0.0516667


Solving for fluid region domain0
diagonal:  Solving for rho, Initial residual = 0, Final residual = 0, No Iterations 0
DILUPBiCGStab:  Solving for Ux, Initial residual = 0.00452477, Final residual = 1.21605e-08, No Iterations 3
DILUPBiCGStab:  Solving for Uy, Initial residual = 0.0043632, Final residual = 2.84985e-08, No Iterations 3
DILUPBiCGStab:  Solving for Uz, Initial residual = 0.00187712, Final residual = 9.85941e-08, No Iterations 3
DILUPBiCGStab:  Solving for h, Initial residual = 0.000657664, Final residual = 1.11744e-08, No Iterations 3
Min/max T:299.852 304.41
DICPCG:  Solving for p_rgh, Initial residual = 0.00202449, Final residual = 2.00668e-05, No Iterations 79
DICPCG:  Solving for p_rgh, Initial residual = 0.000499338, Final residual = 4.57951e-06, No Iterations 76
DICPCG:  Solving for p_rgh, Initial residual = 5.39371e-05, Final residual = 5.33773e-07, No Iterations 123
diagonal:  Solving for rho, Initial residual = 0, Final residual = 0, No Iterations 0
time step continuity errors (domain0): sum local = 5.37485e-09, global = 1.97407e-10, cumulative = -7.7665e-08
DICPCG:  Solving for p_rgh, Initial residual = 0.00049599, Final residual = 4.92679e-06, No Iterations 92
DICPCG:  Solving for p_rgh, Initial residual = 0.000163465, Final residual = 1.53822e-06, No Iterations 93
DICPCG:  Solving for p_rgh, Initial residual = 1.69319e-05, Final residual = 1.65769e-07, No Iterations 107
diagonal:  Solving for rho, Initial residual = 0, Final residual = 0, No Iterations 0
time step continuity errors (domain0): sum local = 1.6692e-09, global = -9.9316e-11, cumulative = -7.77643e-08
DICPCG:  Solving for p_rgh, Initial residual = 6.89772e-05, Final residual = 6.7571e-07, No Iterations 50
DICPCG:  Solving for p_rgh, Initial residual = 1.259e-05, Final residual = 1.2504e-07, No Iterations 64
DICPCG:  Solving for p_rgh, Initial residual = 1.76195e-06, Final residual = 9.37026e-08, No Iterations 8
diagonal:  Solving for rho, Initial residual = 0, Final residual = 0, No Iterations 0
time step continuity errors (domain0): sum local = 9.43435e-10, global = 3.52635e-10, cumulative = -7.74117e-08
DICPCG:  Solving for p_rgh, Initial residual = 1.99204e-05, Final residual = 1.86679e-07, No Iterations 65
DICPCG:  Solving for p_rgh, Initial residual = 3.84427e-06, Final residual = 9.90219e-08, No Iterations 42
DICPCG:  Solving for p_rgh, Initial residual = 5.3867e-07, Final residual = 9.93782e-08, No Iterations 2
diagonal:  Solving for rho, Initial residual = 0, Final residual = 0, No Iterations 0
time step continuity errors (domain0): sum local = 1.00057e-09, global = 1.32308e-10, cumulative = -7.72794e-08
DILUPBiCGStab:  Solving for epsilon, Initial residual = 0.00178359, Final residual = 1.70561e-08, No Iterations 3
bounding epsilon, min: -0.186169 max: 2119.56 average: 7.34535
DILUPBiCGStab:  Solving for k, Initial residual = 0.00620571, Final residual = 2.88735e-08, No Iterations 3

Solving for solid region CPU
DICPCG:  Solving for h, Initial residual = 0.0171989, Final residual = 5.61869e-11, No Iterations 32
DICPCG:  Solving for h, Initial residual = 0.000309071, Final residual = 7.8922e-11, No Iterations 24
DICPCG:  Solving for h, Initial residual = 1.41845e-05, Final residual = 7.84184e-11, No Iterations 20
Min/max T:303.077 304.675

Solving for solid region Heatsink
DICPCG:  Solving for h, Initial residual = 0.0463603, Final residual = 9.7141e-07, No Iterations 242
DICPCG:  Solving for h, Initial residual = 0.0421647, Final residual = 9.85208e-07, No Iterations 176
DICPCG:  Solving for h, Initial residual = 0.00612483, Final residual = 9.68271e-07, No Iterations 125
Min/max T:301.88 303.619

Solving for solid region FRONT_PANEL
DICPCG:  Solving for h, Initial residual = 0.000296898, Final residual = 8.29482e-08, No Iterations 3
DICPCG:  Solving for h, Initial residual = 0.000290853, Final residual = 6.19081e-08, No Iterations 3
DICPCG:  Solving for h, Initial residual = 0.000289021, Final residual = 5.94517e-08, No Iterations 3
Min/max T:299.852 300.004
ExecutionTime = 1217.19 s  ClockTime = 1218 s

Region: domain0 Courant Number mean: 0.120144 max: 9.68995
Region: CPU Diffusion Number mean: 0.0823935 max: 1.16131
Region: Heatsink Diffusion Number mean: 0.0917996 max: 5.01215
Region: FRONT_PANEL Diffusion Number mean: 0.00267202 max: 2.79395
deltaT = 0.000833333
Time = 0.0525


Solving for fluid region domain0
diagonal:  Solving for rho, Initial residual = 0, Final residual = 0, No Iterations 0
DILUPBiCGStab:  Solving for Ux, Initial residual = 0.00448456, Final residual = 4.64068e-08, No Iterations 3
DILUPBiCGStab:  Solving for Uy, Initial residual = 0.00428287, Final residual = 3.36713e-08, No Iterations 3
DILUPBiCGStab:  Solving for Uz, Initial residual = 0.00185738, Final residual = 3.82541e-09, No Iterations 4
DILUPBiCGStab:  Solving for h, Initial residual = 0.000649924, Final residual = 1.04528e-08, No Iterations 3
Min/max T:299.854 304.437
DICPCG:  Solving for p_rgh, Initial residual = 0.00197755, Final residual = 1.92884e-05, No Iterations 77
DICPCG:  Solving for p_rgh, Initial residual = 0.000435447, Final residual = 4.116e-06, No Iterations 72
DICPCG:  Solving for p_rgh, Initial residual = 4.91415e-05, Final residual = 4.75968e-07, No Iterations 102
diagonal:  Solving for rho, Initial residual = 0, Final residual = 0, No Iterations 0
time step continuity errors (domain0): sum local = 4.79559e-09, global = -4.99875e-10, cumulative = -7.77793e-08
DICPCG:  Solving for p_rgh, Initial residual = 0.000468829, Final residual = 4.6815e-06, No Iterations 98
DICPCG:  Solving for p_rgh, Initial residual = 0.000138307, Final residual = 1.36758e-06, No Iterations 97
DICPCG:  Solving for p_rgh, Initial residual = 1.46797e-05, Final residual = 1.43453e-07, No Iterations 104
diagonal:  Solving for rho, Initial residual = 0, Final residual = 0, No Iterations 0
time step continuity errors (domain0): sum local = 1.44531e-09, global = -6.73002e-11, cumulative = -7.78466e-08
DICPCG:  Solving for p_rgh, Initial residual = 6.34236e-05, Final residual = 6.1608e-07, No Iterations 117
DICPCG:  Solving for p_rgh, Initial residual = 1.15881e-05, Final residual = 1.11936e-07, No Iterations 102
DICPCG:  Solving for p_rgh, Initial residual = 1.41884e-06, Final residual = 9.56873e-08, No Iterations 5
diagonal:  Solving for rho, Initial residual = 0, Final residual = 0, No Iterations 0
time step continuity errors (domain0): sum local = 9.64057e-10, global = -2.32502e-11, cumulative = -7.78698e-08
DICPCG:  Solving for p_rgh, Initial residual = 1.7872e-05, Final residual = 1.74362e-07, No Iterations 120
DICPCG:  Solving for p_rgh, Initial residual = 3.4906e-06, Final residual = 9.95734e-08, No Iterations 27
DICPCG:  Solving for p_rgh, Initial residual = 4.2519e-07, Final residual = 9.02275e-08, No Iterations 2
diagonal:  Solving for rho, Initial residual = 0, Final residual = 0, No Iterations 0
time step continuity errors (domain0): sum local = 9.08996e-10, global = -2.87732e-10, cumulative = -7.81575e-08
DILUPBiCGStab:  Solving for epsilon, Initial residual = 0.00173929, Final residual = 1.90108e-08, No Iterations 3
DILUPBiCGStab:  Solving for k, Initial residual = 0.00607709, Final residual = 9.90264e-08, No Iterations 3

Solving for solid region CPU
DICPCG:  Solving for h, Initial residual = 0.0170372, Final residual = 5.5632e-11, No Iterations 32
DICPCG:  Solving for h, Initial residual = 0.000306286, Final residual = 7.82048e-11, No Iterations 24
DICPCG:  Solving for h, Initial residual = 1.40569e-05, Final residual = 7.76978e-11, No Iterations 20
Min/max T:303.1 304.703

Solving for solid region Heatsink
DICPCG:  Solving for h, Initial residual = 0.0457439, Final residual = 9.67653e-07, No Iterations 242
DICPCG:  Solving for h, Initial residual = 0.0416053, Final residual = 9.7383e-07, No Iterations 176
DICPCG:  Solving for h, Initial residual = 0.00604098, Final residual = 9.9674e-07, No Iterations 124
Min/max T:301.896 303.646

Solving for solid region FRONT_PANEL
DICPCG:  Solving for h, Initial residual = 0.000293238, Final residual = 8.04866e-08, No Iterations 3
DICPCG:  Solving for h, Initial residual = 0.000287591, Final residual = 6.01908e-08, No Iterations 3
DICPCG:  Solving for h, Initial residual = 0.000285847, Final residual = 5.79314e-08, No Iterations 3
Min/max T:299.854 300.003
ExecutionTime = 1248.48 s  ClockTime = 1249 s

Region: domain0 Courant Number mean: 0.120385 max: 9.69154
Region: CPU Diffusion Number mean: 0.0823935 max: 1.16131
Region: Heatsink Diffusion Number mean: 0.0917996 max: 5.01215
Region: FRONT_PANEL Diffusion Number mean: 0.00267202 max: 2.79395
deltaT = 0.000833333
Time = 0.0533333


Solving for fluid region domain0
diagonal:  Solving for rho, Initial residual = 0, Final residual = 0, No Iterations 0
DILUPBiCGStab:  Solving for Ux, Initial residual = 0.00444361, Final residual = 4.65239e-08, No Iterations 3
DILUPBiCGStab:  Solving for Uy, Initial residual = 0.00420792, Final residual = 2.82598e-08, No Iterations 3
DILUPBiCGStab:  Solving for Uz, Initial residual = 0.0018427, Final residual = 3.93298e-09, No Iterations 4
DILUPBiCGStab:  Solving for h, Initial residual = 0.000640505, Final residual = 9.71136e-09, No Iterations 3
Min/max T:299.855 304.463
DICPCG:  Solving for p_rgh, Initial residual = 0.00190307, Final residual = 1.89887e-05, No Iterations 95
DICPCG:  Solving for p_rgh, Initial residual = 0.000411189, Final residual = 3.97031e-06, No Iterations 93
DICPCG:  Solving for p_rgh, Initial residual = 4.37423e-05, Final residual = 4.32719e-07, No Iterations 109
diagonal:  Solving for rho, Initial residual = 0, Final residual = 0, No Iterations 0
time step continuity errors (domain0): sum local = 4.36264e-09, global = -8.66971e-10, cumulative = -7.90245e-08
DICPCG:  Solving for p_rgh, Initial residual = 0.000442778, Final residual = 4.41206e-06, No Iterations 75
DICPCG:  Solving for p_rgh, Initial residual = 0.000130108, Final residual = 1.29053e-06, No Iterations 64
DICPCG:  Solving for p_rgh, Initial residual = 1.36678e-05, Final residual = 1.29076e-07, No Iterations 116
diagonal:  Solving for rho, Initial residual = 0, Final residual = 0, No Iterations 0
time step continuity errors (domain0): sum local = 1.30136e-09, global = -1.5143e-10, cumulative = -7.91759e-08
DICPCG:  Solving for p_rgh, Initial residual = 5.81356e-05, Final residual = 5.80492e-07, No Iterations 64
DICPCG:  Solving for p_rgh, Initial residual = 1.03193e-05, Final residual = 1.02394e-07, No Iterations 117
DICPCG:  Solving for p_rgh, Initial residual = 1.46001e-06, Final residual = 9.40464e-08, No Iterations 5
diagonal:  Solving for rho, Initial residual = 0, Final residual = 0, No Iterations 0
time step continuity errors (domain0): sum local = 9.48038e-10, global = -1.73438e-10, cumulative = -7.93494e-08
DICPCG:  Solving for p_rgh, Initial residual = 1.59264e-05, Final residual = 1.58784e-07, No Iterations 80
DICPCG:  Solving for p_rgh, Initial residual = 3.06279e-06, Final residual = 9.97906e-08, No Iterations 62
DICPCG:  Solving for p_rgh, Initial residual = 4.56593e-07, Final residual = 8.33494e-08, No Iterations 2
diagonal:  Solving for rho, Initial residual = 0, Final residual = 0, No Iterations 0
time step continuity errors (domain0): sum local = 8.40179e-10, global = -1.18982e-10, cumulative = -7.94684e-08
DILUPBiCGStab:  Solving for epsilon, Initial residual = 0.00169504, Final residual = 1.99699e-08, No Iterations 3
bounding epsilon, min: -0.388879 max: 2119.53 average: 7.40948
DILUPBiCGStab:  Solving for k, Initial residual = 0.00597247, Final residual = 9.87249e-08, No Iterations 3

Solving for solid region CPU
DICPCG:  Solving for h, Initial residual = 0.0168774, Final residual = 5.50828e-11, No Iterations 32
DICPCG:  Solving for h, Initial residual = 0.000303522, Final residual = 7.7495e-11, No Iterations 24
DICPCG:  Solving for h, Initial residual = 1.39303e-05, Final residual = 7.6982e-11, No Iterations 20
Min/max T:303.123 304.73

Solving for solid region Heatsink
DICPCG:  Solving for h, Initial residual = 0.0451473, Final residual = 9.63486e-07, No Iterations 242
DICPCG:  Solving for h, Initial residual = 0.0410658, Final residual = 9.62706e-07, No Iterations 176
DICPCG:  Solving for h, Initial residual = 0.0059601, Final residual = 9.97726e-07, No Iterations 123
Min/max T:301.912 303.674

Solving for solid region FRONT_PANEL
DICPCG:  Solving for h, Initial residual = 0.000289873, Final residual = 7.81916e-08, No Iterations 3
DICPCG:  Solving for h, Initial residual = 0.0002846, Final residual = 5.84985e-08, No Iterations 3
DICPCG:  Solving for h, Initial residual = 0.000282938, Final residual = 5.64389e-08, No Iterations 3
Min/max T:299.855 300.002
ExecutionTime = 1277.91 s  ClockTime = 1277 s

Region: domain0 Courant Number mean: 0.120627 max: 9.69292
Region: CPU Diffusion Number mean: 0.0823935 max: 1.16131
Region: Heatsink Diffusion Number mean: 0.0917996 max: 5.01215
Region: FRONT_PANEL Diffusion Number mean: 0.00267202 max: 2.79395
deltaT = 0.000833333
Time = 0.0541667


Solving for fluid region domain0
diagonal:  Solving for rho, Initial residual = 0, Final residual = 0, No Iterations 0
DILUPBiCGStab:  Solving for Ux, Initial residual = 0.00440534, Final residual = 4.51664e-08, No Iterations 3
DILUPBiCGStab:  Solving for Uy, Initial residual = 0.00414852, Final residual = 2.50191e-08, No Iterations 3
DILUPBiCGStab:  Solving for Uz, Initial residual = 0.0018296, Final residual = 3.85844e-09, No Iterations 4
DILUPBiCGStab:  Solving for h, Initial residual = 0.000631781, Final residual = 9.6693e-08, No Iterations 2
Min/max T:299.857 304.49
DICPCG:  Solving for p_rgh, Initial residual = 0.00186583, Final residual = 1.81698e-05, No Iterations 80
DICPCG:  Solving for p_rgh, Initial residual = 0.000416342, Final residual = 4.08347e-06, No Iterations 105
DICPCG:  Solving for p_rgh, Initial residual = 4.44775e-05, Final residual = 4.39256e-07, No Iterations 102
diagonal:  Solving for rho, Initial residual = 0, Final residual = 0, No Iterations 0
time step continuity errors (domain0): sum local = 4.43114e-09, global = -8.58073e-10, cumulative = -8.03264e-08
DICPCG:  Solving for p_rgh, Initial residual = 0.00043585, Final residual = 4.31082e-06, No Iterations 80
DICPCG:  Solving for p_rgh, Initial residual = 0.000131433, Final residual = 1.28021e-06, No Iterations 105
DICPCG:  Solving for p_rgh, Initial residual = 1.41818e-05, Final residual = 1.36797e-07, No Iterations 110
diagonal:  Solving for rho, Initial residual = 0, Final residual = 0, No Iterations 0
time step continuity errors (domain0): sum local = 1.37988e-09, global = -6.81018e-12, cumulative = -8.03332e-08
DICPCG:  Solving for p_rgh, Initial residual = 5.74291e-05, Final residual = 5.73468e-07, No Iterations 63
DICPCG:  Solving for p_rgh, Initial residual = 1.02328e-05, Final residual = 9.72361e-08, No Iterations 116
DICPCG:  Solving for p_rgh, Initial residual = 1.42835e-06, Final residual = 9.13682e-08, No Iterations 5
diagonal:  Solving for rho, Initial residual = 0, Final residual = 0, No Iterations 0
time step continuity errors (domain0): sum local = 9.21591e-10, global = -1.64832e-10, cumulative = -8.04981e-08
DICPCG:  Solving for p_rgh, Initial residual = 1.58536e-05, Final residual = 1.56295e-07, No Iterations 75
DICPCG:  Solving for p_rgh, Initial residual = 3.05404e-06, Final residual = 9.9682e-08, No Iterations 62
DICPCG:  Solving for p_rgh, Initial residual = 4.57081e-07, Final residual = 8.38018e-08, No Iterations 2
diagonal:  Solving for rho, Initial residual = 0, Final residual = 0, No Iterations 0
time step continuity errors (domain0): sum local = 8.45235e-10, global = -1.24011e-10, cumulative = -8.06221e-08
DILUPBiCGStab:  Solving for epsilon, Initial residual = 0.00165607, Final residual = 2.10862e-08, No Iterations 3
DILUPBiCGStab:  Solving for k, Initial residual = 0.00587654, Final residual = 9.89355e-08, No Iterations 3

Solving for solid region CPU
DICPCG:  Solving for h, Initial residual = 0.016719, Final residual = 5.45384e-11, No Iterations 32
DICPCG:  Solving for h, Initial residual = 0.000300799, Final residual = 7.67947e-11, No Iterations 24
DICPCG:  Solving for h, Initial residual = 1.38054e-05, Final residual = 7.62763e-11, No Iterations 20
Min/max T:303.146 304.757

Solving for solid region Heatsink
DICPCG:  Solving for h, Initial residual = 0.0445561, Final residual = 9.59499e-07, No Iterations 242
DICPCG:  Solving for h, Initial residual = 0.0405302, Final residual = 9.52357e-07, No Iterations 176
DICPCG:  Solving for h, Initial residual = 0.00587989, Final residual = 9.985e-07, No Iterations 122
Min/max T:301.928 303.701

Solving for solid region FRONT_PANEL
DICPCG:  Solving for h, Initial residual = 0.000286755, Final residual = 7.60446e-08, No Iterations 3
DICPCG:  Solving for h, Initial residual = 0.000281836, Final residual = 5.68794e-08, No Iterations 3
DICPCG:  Solving for h, Initial residual = 0.000280238, Final residual = 5.49826e-08, No Iterations 3
Min/max T:299.857 300.001
ExecutionTime = 1308.89 s  ClockTime = 1308 s

Region: domain0 Courant Number mean: 0.120868 max: 9.69399
Region: CPU Diffusion Number mean: 0.0823935 max: 1.16131
Region: Heatsink Diffusion Number mean: 0.0917996 max: 5.01215
Region: FRONT_PANEL Diffusion Number mean: 0.00267202 max: 2.79395
deltaT = 0.000833333
Time = 0.055


Solving for fluid region domain0
diagonal:  Solving for rho, Initial residual = 0, Final residual = 0, No Iterations 0
DILUPBiCGStab:  Solving for Ux, Initial residual = 0.00437213, Final residual = 4.41405e-08, No Iterations 3
DILUPBiCGStab:  Solving for Uy, Initial residual = 0.004095, Final residual = 2.3302e-08, No Iterations 3
DILUPBiCGStab:  Solving for Uz, Initial residual = 0.00181646, Final residual = 3.84693e-09, No Iterations 4
DILUPBiCGStab:  Solving for h, Initial residual = 0.000625205, Final residual = 8.93868e-08, No Iterations 2
Min/max T:299.858 304.516
DICPCG:  Solving for p_rgh, Initial residual = 0.00182931, Final residual = 1.8268e-05, No Iterations 122
DICPCG:  Solving for p_rgh, Initial residual = 0.000405758, Final residual = 3.9771e-06, No Iterations 53
DICPCG:  Solving for p_rgh, Initial residual = 4.08686e-05, Final residual = 4.04779e-07, No Iterations 124
diagonal:  Solving for rho, Initial residual = 0, Final residual = 0, No Iterations 0
time step continuity errors (domain0): sum local = 4.08528e-09, global = -4.01036e-10, cumulative = -8.10231e-08
DICPCG:  Solving for p_rgh, Initial residual = 0.000425043, Final residual = 4.1241e-06, No Iterations 78
DICPCG:  Solving for p_rgh, Initial residual = 0.00012665, Final residual = 1.24345e-06, No Iterations 58
DICPCG:  Solving for p_rgh, Initial residual = 1.32199e-05, Final residual = 1.3154e-07, No Iterations 118
diagonal:  Solving for rho, Initial residual = 0, Final residual = 0, No Iterations 0
time step continuity errors (domain0): sum local = 1.32771e-09, global = -9.35055e-11, cumulative = -8.11166e-08
DICPCG:  Solving for p_rgh, Initial residual = 5.56436e-05, Final residual = 5.42989e-07, No Iterations 63
DICPCG:  Solving for p_rgh, Initial residual = 9.91825e-06, Final residual = 9.49668e-08, No Iterations 116
DICPCG:  Solving for p_rgh, Initial residual = 1.38275e-06, Final residual = 9.0357e-08, No Iterations 5
diagonal:  Solving for rho, Initial residual = 0, Final residual = 0, No Iterations 0
time step continuity errors (domain0): sum local = 9.11912e-10, global = -1.43712e-10, cumulative = -8.12603e-08
DICPCG:  Solving for p_rgh, Initial residual = 1.52792e-05, Final residual = 1.50789e-07, No Iterations 72
DICPCG:  Solving for p_rgh, Initial residual = 2.92565e-06, Final residual = 9.96432e-08, No Iterations 25
DICPCG:  Solving for p_rgh, Initial residual = 3.77821e-07, Final residual = 8.32554e-08, No Iterations 2
diagonal:  Solving for rho, Initial residual = 0, Final residual = 0, No Iterations 0
time step continuity errors (domain0): sum local = 8.4021e-10, global = -9.84847e-11, cumulative = -8.13588e-08
DILUPBiCGStab:  Solving for epsilon, Initial residual = 0.00161668, Final residual = 2.18795e-08, No Iterations 3
bounding epsilon, min: -0.190697 max: 2119.5 average: 7.46736
DILUPBiCGStab:  Solving for k, Initial residual = 0.00578054, Final residual = 9.88416e-08, No Iterations 3

Solving for solid region CPU
DICPCG:  Solving for h, Initial residual = 0.0165618, Final residual = 5.39985e-11, No Iterations 32
DICPCG:  Solving for h, Initial residual = 0.000298105, Final residual = 7.60999e-11, No Iterations 24
DICPCG:  Solving for h, Initial residual = 1.36814e-05, Final residual = 7.55768e-11, No Iterations 20
Min/max T:303.169 304.784

Solving for solid region Heatsink
DICPCG:  Solving for h, Initial residual = 0.04397, Final residual = 9.55746e-07, No Iterations 242
DICPCG:  Solving for h, Initial residual = 0.0399982, Final residual = 9.89781e-07, No Iterations 175
DICPCG:  Solving for h, Initial residual = 0.00580036, Final residual = 9.99749e-07, No Iterations 121
Min/max T:301.944 303.727

Solving for solid region FRONT_PANEL
DICPCG:  Solving for h, Initial residual = 0.000283892, Final residual = 7.40446e-08, No Iterations 3
DICPCG:  Solving for h, Initial residual = 0.000279304, Final residual = 5.53251e-08, No Iterations 3
DICPCG:  Solving for h, Initial residual = 0.000277774, Final residual = 5.35725e-08, No Iterations 3
Min/max T:299.858 300
ExecutionTime = 1340.79 s  ClockTime = 1340 s

Region: domain0 Courant Number mean: 0.121109 max: 9.69522
Region: CPU Diffusion Number mean: 0.0823935 max: 1.16131
Region: Heatsink Diffusion Number mean: 0.0917996 max: 5.01215
Region: FRONT_PANEL Diffusion Number mean: 0.00267202 max: 2.79395
deltaT = 0.000833333
Time = 0.0558333


Solving for fluid region domain0
diagonal:  Solving for rho, Initial residual = 0, Final residual = 0, No Iterations 0
DILUPBiCGStab:  Solving for Ux, Initial residual = 0.00434157, Final residual = 4.19984e-08, No Iterations 3
DILUPBiCGStab:  Solving for Uy, Initial residual = 0.00404639, Final residual = 2.27544e-08, No Iterations 3
DILUPBiCGStab:  Solving for Uz, Initial residual = 0.00180489, Final residual = 3.84525e-09, No Iterations 4
DILUPBiCGStab:  Solving for h, Initial residual = 0.000618734, Final residual = 8.31354e-08, No Iterations 2
Min/max T:299.859 304.542
DICPCG:  Solving for p_rgh, Initial residual = 0.0018214, Final residual = 1.79453e-05, No Iterations 126
DICPCG:  Solving for p_rgh, Initial residual = 0.000401033, Final residual = 3.98455e-06, No Iterations 44
DICPCG:  Solving for p_rgh, Initial residual = 4.05705e-05, Final residual = 4.03113e-07, No Iterations 127
diagonal:  Solving for rho, Initial residual = 0, Final residual = 0, No Iterations 0
time step continuity errors (domain0): sum local = 4.07106e-09, global = -5.86683e-10, cumulative = -8.19455e-08
DICPCG:  Solving for p_rgh, Initial residual = 0.00042536, Final residual = 3.99094e-06, No Iterations 75
DICPCG:  Solving for p_rgh, Initial residual = 0.000126729, Final residual = 1.20603e-06, No Iterations 51
DICPCG:  Solving for p_rgh, Initial residual = 1.288e-05, Final residual = 1.2513e-07, No Iterations 118
diagonal:  Solving for rho, Initial residual = 0, Final residual = 0, No Iterations 0
time step continuity errors (domain0): sum local = 1.26372e-09, global = 1.17607e-10, cumulative = -8.18279e-08
DICPCG:  Solving for p_rgh, Initial residual = 5.66123e-05, Final residual = 5.58509e-07, No Iterations 62
DICPCG:  Solving for p_rgh, Initial residual = 1.0124e-05, Final residual = 9.92929e-08, No Iterations 74
DICPCG:  Solving for p_rgh, Initial residual = 1.33134e-06, Final residual = 8.81787e-08, No Iterations 5
diagonal:  Solving for rho, Initial residual = 0, Final residual = 0, No Iterations 0
time step continuity errors (domain0): sum local = 8.9043e-10, global = 1.16972e-10, cumulative = -8.17109e-08
DICPCG:  Solving for p_rgh, Initial residual = 1.57857e-05, Final residual = 1.56519e-07, No Iterations 74
DICPCG:  Solving for p_rgh, Initial residual = 2.9062e-06, Final residual = 9.99438e-08, No Iterations 22
DICPCG:  Solving for p_rgh, Initial residual = 3.74289e-07, Final residual = 8.54673e-08, No Iterations 2
diagonal:  Solving for rho, Initial residual = 0, Final residual = 0, No Iterations 0
time step continuity errors (domain0): sum local = 8.63033e-10, global = 1.87679e-10, cumulative = -8.15232e-08
DILUPBiCGStab:  Solving for epsilon, Initial residual = 0.00158314, Final residual = 2.26065e-08, No Iterations 3
bounding epsilon, min: -1.53675 max: 2119.48 average: 7.4942
DILUPBiCGStab:  Solving for k, Initial residual = 0.00569383, Final residual = 9.8959e-08, No Iterations 3

Solving for solid region CPU
DICPCG:  Solving for h, Initial residual = 0.0164059, Final residual = 5.34626e-11, No Iterations 32
DICPCG:  Solving for h, Initial residual = 0.000295434, Final residual = 7.54104e-11, No Iterations 24
DICPCG:  Solving for h, Initial residual = 1.35584e-05, Final residual = 7.48828e-11, No Iterations 20
Min/max T:303.191 304.811

Solving for solid region Heatsink
DICPCG:  Solving for h, Initial residual = 0.0433929, Final residual = 9.51859e-07, No Iterations 242
DICPCG:  Solving for h, Initial residual = 0.0394745, Final residual = 9.78541e-07, No Iterations 175
DICPCG:  Solving for h, Initial residual = 0.00572212, Final residual = 9.9585e-07, No Iterations 120
Min/max T:301.959 303.754

Solving for solid region FRONT_PANEL
DICPCG:  Solving for h, Initial residual = 0.000281252, Final residual = 7.22233e-08, No Iterations 3
DICPCG:  Solving for h, Initial residual = 0.000276964, Final residual = 5.38173e-08, No Iterations 3
DICPCG:  Solving for h, Initial residual = 0.000275514, Final residual = 5.21933e-08, No Iterations 3
Min/max T:299.859 299.999
ExecutionTime = 1370.39 s  ClockTime = 1370 s

Region: domain0 Courant Number mean: 0.121351 max: 9.69642
Region: CPU Diffusion Number mean: 0.0823935 max: 1.16131
Region: Heatsink Diffusion Number mean: 0.0917996 max: 5.01215
Region: FRONT_PANEL Diffusion Number mean: 0.00267202 max: 2.79395
deltaT = 0.000833333
Time = 0.0566667


Solving for fluid region domain0
diagonal:  Solving for rho, Initial residual = 0, Final residual = 0, No Iterations 0
DILUPBiCGStab:  Solving for Ux, Initial residual = 0.00430921, Final residual = 4.16866e-08, No Iterations 3
DILUPBiCGStab:  Solving for Uy, Initial residual = 0.00400097, Final residual = 2.29147e-08, No Iterations 3
DILUPBiCGStab:  Solving for Uz, Initial residual = 0.00179334, Final residual = 3.90887e-09, No Iterations 4
DILUPBiCGStab:  Solving for h, Initial residual = 0.000612666, Final residual = 7.80316e-08, No Iterations 2
Min/max T:299.86 304.568
DICPCG:  Solving for p_rgh, Initial residual = 0.0017978, Final residual = 1.78856e-05, No Iterations 81
DICPCG:  Solving for p_rgh, Initial residual = 0.000411958, Final residual = 4.02909e-06, No Iterations 104
DICPCG:  Solving for p_rgh, Initial residual = 4.33803e-05, Final residual = 4.21773e-07, No Iterations 101
diagonal:  Solving for rho, Initial residual = 0, Final residual = 0, No Iterations 0
time step continuity errors (domain0): sum local = 4.2618e-09, global = -7.19441e-10, cumulative = -8.22427e-08
DICPCG:  Solving for p_rgh, Initial residual = 0.000423063, Final residual = 4.13545e-06, No Iterations 79
DICPCG:  Solving for p_rgh, Initial residual = 0.000129809, Final residual = 1.29807e-06, No Iterations 99
DICPCG:  Solving for p_rgh, Initial residual = 1.39823e-05, Final residual = 1.34951e-07, No Iterations 116
diagonal:  Solving for rho, Initial residual = 0, Final residual = 0, No Iterations 0
time step continuity errors (domain0): sum local = 1.3636e-09, global = 2.60043e-11, cumulative = -8.22167e-08
DICPCG:  Solving for p_rgh, Initial residual = 5.6184e-05, Final residual = 5.51953e-07, No Iterations 58
DICPCG:  Solving for p_rgh, Initial residual = 9.91662e-06, Final residual = 9.83161e-08, No Iterations 64
DICPCG:  Solving for p_rgh, Initial residual = 1.3533e-06, Final residual = 9.16837e-08, No Iterations 5
diagonal:  Solving for rho, Initial residual = 0, Final residual = 0, No Iterations 0
time step continuity errors (domain0): sum local = 9.26321e-10, global = 8.0638e-11, cumulative = -8.2136e-08
DICPCG:  Solving for p_rgh, Initial residual = 1.57092e-05, Final residual = 1.53223e-07, No Iterations 72
DICPCG:  Solving for p_rgh, Initial residual = 2.98931e-06, Final residual = 9.87472e-08, No Iterations 22
DICPCG:  Solving for p_rgh, Initial residual = 3.734e-07, Final residual = 8.44971e-08, No Iterations 2
diagonal:  Solving for rho, Initial residual = 0, Final residual = 0, No Iterations 0
time step continuity errors (domain0): sum local = 8.53691e-10, global = -2.91723e-12, cumulative = -8.2139e-08
DILUPBiCGStab:  Solving for epsilon, Initial residual = 0.00154942, Final residual = 2.2697e-08, No Iterations 3
bounding epsilon, min: -0.192678 max: 2119.48 average: 7.51995
DILUPBiCGStab:  Solving for k, Initial residual = 0.00561218, Final residual = 9.78574e-08, No Iterations 3

Solving for solid region CPU
DICPCG:  Solving for h, Initial residual = 0.0162511, Final residual = 5.29305e-11, No Iterations 32
DICPCG:  Solving for h, Initial residual = 0.000292788, Final residual = 7.4727e-11, No Iterations 24
DICPCG:  Solving for h, Initial residual = 1.34363e-05, Final residual = 7.41944e-11, No Iterations 20
Min/max T:303.213 304.837

Solving for solid region Heatsink
DICPCG:  Solving for h, Initial residual = 0.0428229, Final residual = 9.47999e-07, No Iterations 242
DICPCG:  Solving for h, Initial residual = 0.0389569, Final residual = 9.68612e-07, No Iterations 175
DICPCG:  Solving for h, Initial residual = 0.00564488, Final residual = 9.82012e-07, No Iterations 120
Min/max T:301.974 303.78

Solving for solid region FRONT_PANEL
DICPCG:  Solving for h, Initial residual = 0.000278831, Final residual = 7.0505e-08, No Iterations 3
DICPCG:  Solving for h, Initial residual = 0.000274799, Final residual = 5.2328e-08, No Iterations 3
DICPCG:  Solving for h, Initial residual = 0.000273401, Final residual = 5.08278e-08, No Iterations 3
Min/max T:299.86 299.998
ExecutionTime = 1399.19 s  ClockTime = 1399 s

Region: domain0 Courant Number mean: 0.121593 max: 9.69724
Region: CPU Diffusion Number mean: 0.0823935 max: 1.16131
Region: Heatsink Diffusion Number mean: 0.0917996 max: 5.01215
Region: FRONT_PANEL Diffusion Number mean: 0.00267202 max: 2.79395
deltaT = 0.000833333
Time = 0.0575


Solving for fluid region domain0
diagonal:  Solving for rho, Initial residual = 0, Final residual = 0, No Iterations 0
DILUPBiCGStab:  Solving for Ux, Initial residual = 0.00427894, Final residual = 4.05778e-08, No Iterations 3
DILUPBiCGStab:  Solving for Uy, Initial residual = 0.00395303, Final residual = 2.27323e-08, No Iterations 3
DILUPBiCGStab:  Solving for Uz, Initial residual = 0.00178021, Final residual = 9.6981e-08, No Iterations 3
DILUPBiCGStab:  Solving for h, Initial residual = 0.000606519, Final residual = 7.43584e-08, No Iterations 2
Min/max T:299.861 304.593
DICPCG:  Solving for p_rgh, Initial residual = 0.00175839, Final residual = 1.73819e-05, No Iterations 100
DICPCG:  Solving for p_rgh, Initial residual = 0.000394462, Final residual = 3.77466e-06, No Iterations 93
DICPCG:  Solving for p_rgh, Initial residual = 4.09595e-05, Final residual = 4.05448e-07, No Iterations 95
diagonal:  Solving for rho, Initial residual = 0, Final residual = 0, No Iterations 0
time step continuity errors (domain0): sum local = 4.09905e-09, global = -4.90716e-10, cumulative = -8.26297e-08
DICPCG:  Solving for p_rgh, Initial residual = 0.000411796, Final residual = 3.98419e-06, No Iterations 77
DICPCG:  Solving for p_rgh, Initial residual = 0.00012292, Final residual = 1.21756e-06, No Iterations 55
DICPCG:  Solving for p_rgh, Initial residual = 1.28095e-05, Final residual = 1.25718e-07, No Iterations 119
diagonal:  Solving for rho, Initial residual = 0, Final residual = 0, No Iterations 0
time step continuity errors (domain0): sum local = 1.27106e-09, global = -1.06224e-10, cumulative = -8.27359e-08
DICPCG:  Solving for p_rgh, Initial residual = 5.49437e-05, Final residual = 5.49152e-07, No Iterations 63
DICPCG:  Solving for p_rgh, Initial residual = 9.67869e-06, Final residual = 9.87351e-08, No Iterations 115
DICPCG:  Solving for p_rgh, Initial residual = 1.36422e-06, Final residual = 8.91014e-08, No Iterations 5
diagonal:  Solving for rho, Initial residual = 0, Final residual = 0, No Iterations 0
time step continuity errors (domain0): sum local = 9.00713e-10, global = -1.62633e-10, cumulative = -8.28985e-08
DICPCG:  Solving for p_rgh, Initial residual = 1.52283e-05, Final residual = 1.4868e-07, No Iterations 68
DICPCG:  Solving for p_rgh, Initial residual = 2.80104e-06, Final residual = 9.84427e-08, No Iterations 22
DICPCG:  Solving for p_rgh, Initial residual = 3.57295e-07, Final residual = 8.27858e-08, No Iterations 2
diagonal:  Solving for rho, Initial residual = 0, Final residual = 0, No Iterations 0
time step continuity errors (domain0): sum local = 8.36848e-10, global = -9.53079e-13, cumulative = -8.28995e-08
DILUPBiCGStab:  Solving for epsilon, Initial residual = 0.00151438, Final residual = 2.36871e-08, No Iterations 3
bounding epsilon, min: -0.179348 max: 2119.46 average: 7.54463
DILUPBiCGStab:  Solving for k, Initial residual = 0.00552892, Final residual = 9.73645e-08, No Iterations 3

Solving for solid region CPU
DICPCG:  Solving for h, Initial residual = 0.0160973, Final residual = 9.95469e-11, No Iterations 31
DICPCG:  Solving for h, Initial residual = 0.000290164, Final residual = 7.40484e-11, No Iterations 24
DICPCG:  Solving for h, Initial residual = 1.3315e-05, Final residual = 7.35114e-11, No Iterations 20
Min/max T:303.235 304.863

Solving for solid region Heatsink
DICPCG:  Solving for h, Initial residual = 0.0422587, Final residual = 9.44216e-07, No Iterations 242
DICPCG:  Solving for h, Initial residual = 0.038444, Final residual = 9.59123e-07, No Iterations 175
DICPCG:  Solving for h, Initial residual = 0.00556843, Final residual = 9.68328e-07, No Iterations 120
Min/max T:301.989 303.806

Solving for solid region FRONT_PANEL
DICPCG:  Solving for h, Initial residual = 0.000276629, Final residual = 6.89261e-08, No Iterations 3
DICPCG:  Solving for h, Initial residual = 0.000272809, Final residual = 5.08649e-08, No Iterations 3
DICPCG:  Solving for h, Initial residual = 0.000271477, Final residual = 4.94859e-08, No Iterations 3
Min/max T:299.861 299.998
ExecutionTime = 1427.69 s  ClockTime = 1428 s

Region: domain0 Courant Number mean: 0.121833 max: 9.69856
Region: CPU Diffusion Number mean: 0.0823935 max: 1.16131
Region: Heatsink Diffusion Number mean: 0.0917996 max: 5.01215
Region: FRONT_PANEL Diffusion Number mean: 0.00267202 max: 2.79395
deltaT = 0.000833333
Time = 0.0583333


Solving for fluid region domain0
diagonal:  Solving for rho, Initial residual = 0, Final residual = 0, No Iterations 0
DILUPBiCGStab:  Solving for Ux, Initial residual = 0.00424446, Final residual = 3.90004e-08, No Iterations 3
DILUPBiCGStab:  Solving for Uy, Initial residual = 0.00390234, Final residual = 2.31193e-08, No Iterations 3
DILUPBiCGStab:  Solving for Uz, Initial residual = 0.00176868, Final residual = 8.83353e-08, No Iterations 3
DILUPBiCGStab:  Solving for h, Initial residual = 0.000600058, Final residual = 7.15934e-08, No Iterations 2
Min/max T:299.862 304.619
DICPCG:  Solving for p_rgh, Initial residual = 0.00170936, Final residual = 1.6976e-05, No Iterations 110
DICPCG:  Solving for p_rgh, Initial residual = 0.000390103, Final residual = 3.88838e-06, No Iterations 95
DICPCG:  Solving for p_rgh, Initial residual = 4.02188e-05, Final residual = 4.01961e-07, No Iterations 101
diagonal:  Solving for rho, Initial residual = 0, Final residual = 0, No Iterations 0
time step continuity errors (domain0): sum local = 4.06583e-09, global = -3.76136e-10, cumulative = -8.32756e-08
DICPCG:  Solving for p_rgh, Initial residual = 0.000399525, Final residual = 3.94301e-06, No Iterations 78
DICPCG:  Solving for p_rgh, Initial residual = 0.00012122, Final residual = 1.19998e-06, No Iterations 53
DICPCG:  Solving for p_rgh, Initial residual = 1.24768e-05, Final residual = 1.18647e-07, No Iterations 121
diagonal:  Solving for rho, Initial residual = 0, Final residual = 0, No Iterations 0
time step continuity errors (domain0): sum local = 1.20019e-09, global = -8.29317e-11, cumulative = -8.33586e-08
DICPCG:  Solving for p_rgh, Initial residual = 5.23847e-05, Final residual = 5.17003e-07, No Iterations 60
DICPCG:  Solving for p_rgh, Initial residual = 9.18264e-06, Final residual = 9.80025e-08, No Iterations 75
DICPCG:  Solving for p_rgh, Initial residual = 1.2524e-06, Final residual = 8.75447e-08, No Iterations 5
diagonal:  Solving for rho, Initial residual = 0, Final residual = 0, No Iterations 0
time step continuity errors (domain0): sum local = 8.85423e-10, global = -6.48535e-11, cumulative = -8.34234e-08
DICPCG:  Solving for p_rgh, Initial residual = 1.44196e-05, Final residual = 1.43225e-07, No Iterations 72
DICPCG:  Solving for p_rgh, Initial residual = 2.66361e-06, Final residual = 9.90352e-08, No Iterations 19
DICPCG:  Solving for p_rgh, Initial residual = 3.36104e-07, Final residual = 8.24919e-08, No Iterations 2
diagonal:  Solving for rho, Initial residual = 0, Final residual = 0, No Iterations 0
time step continuity errors (domain0): sum local = 8.34299e-10, global = -9.94593e-13, cumulative = -8.34244e-08
DILUPBiCGStab:  Solving for epsilon, Initial residual = 0.00148092, Final residual = 2.40312e-08, No Iterations 3
bounding epsilon, min: -0.194535 max: 2119.44 average: 7.56851
DILUPBiCGStab:  Solving for k, Initial residual = 0.00545205, Final residual = 9.62602e-08, No Iterations 3

Solving for solid region CPU
DICPCG:  Solving for h, Initial residual = 0.0159447, Final residual = 9.85526e-11, No Iterations 31
DICPCG:  Solving for h, Initial residual = 0.000287557, Final residual = 7.33744e-11, No Iterations 24
DICPCG:  Solving for h, Initial residual = 1.31944e-05, Final residual = 7.28327e-11, No Iterations 20
Min/max T:303.256 304.889

Solving for solid region Heatsink
DICPCG:  Solving for h, Initial residual = 0.0417038, Final residual = 9.40201e-07, No Iterations 242
DICPCG:  Solving for h, Initial residual = 0.0379398, Final residual = 9.91603e-07, No Iterations 174
DICPCG:  Solving for h, Initial residual = 0.00549336, Final residual = 9.54756e-07, No Iterations 120
Min/max T:302.004 303.832

Solving for solid region FRONT_PANEL
DICPCG:  Solving for h, Initial residual = 0.000274608, Final residual = 6.74441e-08, No Iterations 3
DICPCG:  Solving for h, Initial residual = 0.000270989, Final residual = 4.94615e-08, No Iterations 3
DICPCG:  Solving for h, Initial residual = 0.000269703, Final residual = 4.82111e-08, No Iterations 3
Min/max T:299.862 299.997
ExecutionTime = 1454.7 s  ClockTime = 1455 s

Region: domain0 Courant Number mean: 0.122074 max: 9.69964
Region: CPU Diffusion Number mean: 0.0823935 max: 1.16131
Region: Heatsink Diffusion Number mean: 0.0917996 max: 5.01215
Region: FRONT_PANEL Diffusion Number mean: 0.00267202 max: 2.79395
deltaT = 0.000833333
Time = 0.0591667


Solving for fluid region domain0
diagonal:  Solving for rho, Initial residual = 0, Final residual = 0, No Iterations 0
DILUPBiCGStab:  Solving for Ux, Initial residual = 0.00421384, Final residual = 3.78177e-08, No Iterations 3
DILUPBiCGStab:  Solving for Uy, Initial residual = 0.00385912, Final residual = 2.37281e-08, No Iterations 3
DILUPBiCGStab:  Solving for Uz, Initial residual = 0.00175689, Final residual = 7.99911e-08, No Iterations 3
DILUPBiCGStab:  Solving for h, Initial residual = 0.000594467, Final residual = 6.99512e-08, No Iterations 2
Min/max T:299.863 304.644
DICPCG:  Solving for p_rgh, Initial residual = 0.00168176, Final residual = 1.66657e-05, No Iterations 125
DICPCG:  Solving for p_rgh, Initial residual = 0.000381159, Final residual = 3.71717e-06, No Iterations 54
DICPCG:  Solving for p_rgh, Initial residual = 3.81995e-05, Final residual = 3.65261e-07, No Iterations 130
diagonal:  Solving for rho, Initial residual = 0, Final residual = 0, No Iterations 0
time step continuity errors (domain0): sum local = 3.69632e-09, global = -2.06632e-10, cumulative = -8.3631e-08
DICPCG:  Solving for p_rgh, Initial residual = 0.000391648, Final residual = 3.73732e-06, No Iterations 78
DICPCG:  Solving for p_rgh, Initial residual = 0.000118775, Final residual = 1.15921e-06, No Iterations 51
DICPCG:  Solving for p_rgh, Initial residual = 1.21703e-05, Final residual = 1.21589e-07, No Iterations 77
diagonal:  Solving for rho, Initial residual = 0, Final residual = 0, No Iterations 0
time step continuity errors (domain0): sum local = 1.23052e-09, global = -2.15611e-10, cumulative = -8.38467e-08
DICPCG:  Solving for p_rgh, Initial residual = 5.11819e-05, Final residual = 5.05765e-07, No Iterations 61
DICPCG:  Solving for p_rgh, Initial residual = 9.02882e-06, Final residual = 9.73403e-08, No Iterations 103
DICPCG:  Solving for p_rgh, Initial residual = 1.22308e-06, Final residual = 9.9673e-08, No Iterations 4
diagonal:  Solving for rho, Initial residual = 0, Final residual = 0, No Iterations 0
time step continuity errors (domain0): sum local = 1.00858e-09, global = -1.25469e-10, cumulative = -8.39721e-08
DICPCG:  Solving for p_rgh, Initial residual = 1.40933e-05, Final residual = 1.39926e-07, No Iterations 65
DICPCG:  Solving for p_rgh, Initial residual = 2.60888e-06, Final residual = 9.75627e-08, No Iterations 17
DICPCG:  Solving for p_rgh, Initial residual = 3.23872e-07, Final residual = 8.05261e-08, No Iterations 2
diagonal:  Solving for rho, Initial residual = 0, Final residual = 0, No Iterations 0
time step continuity errors (domain0): sum local = 8.14823e-10, global = 3.71648e-11, cumulative = -8.3935e-08
DILUPBiCGStab:  Solving for epsilon, Initial residual = 0.00144953, Final residual = 2.42863e-08, No Iterations 3
DILUPBiCGStab:  Solving for k, Initial residual = 0.00537917, Final residual = 9.51516e-08, No Iterations 3

Solving for solid region CPU
DICPCG:  Solving for h, Initial residual = 0.0157929, Final residual = 9.75639e-11, No Iterations 31
DICPCG:  Solving for h, Initial residual = 0.000284972, Final residual = 7.27054e-11, No Iterations 24
DICPCG:  Solving for h, Initial residual = 1.30748e-05, Final residual = 7.21591e-11, No Iterations 20
Min/max T:303.278 304.915

Solving for solid region Heatsink
DICPCG:  Solving for h, Initial residual = 0.0411538, Final residual = 9.95718e-07, No Iterations 241
DICPCG:  Solving for h, Initial residual = 0.0374396, Final residual = 9.81329e-07, No Iterations 174
DICPCG:  Solving for h, Initial residual = 0.00541892, Final residual = 9.96662e-07, No Iterations 119
Min/max T:302.019 303.857

Solving for solid region FRONT_PANEL
DICPCG:  Solving for h, Initial residual = 0.000272749, Final residual = 6.60437e-08, No Iterations 3
DICPCG:  Solving for h, Initial residual = 0.000269307, Final residual = 4.8101e-08, No Iterations 3
DICPCG:  Solving for h, Initial residual = 0.000268077, Final residual = 4.69581e-08, No Iterations 3
Min/max T:299.863 299.996
ExecutionTime = 1480.82 s  ClockTime = 1480 s

Region: domain0 Courant Number mean: 0.122314 max: 9.70078
Region: CPU Diffusion Number mean: 0.0823935 max: 1.16131
Region: Heatsink Diffusion Number mean: 0.0917996 max: 5.01215
Region: FRONT_PANEL Diffusion Number mean: 0.00267202 max: 2.79395
deltaT = 0.000833333
Time = 0.06


Solving for fluid region domain0
diagonal:  Solving for rho, Initial residual = 0, Final residual = 0, No Iterations 0
DILUPBiCGStab:  Solving for Ux, Initial residual = 0.00418903, Final residual = 3.53613e-08, No Iterations 3
DILUPBiCGStab:  Solving for Uy, Initial residual = 0.00382676, Final residual = 2.57144e-08, No Iterations 3
DILUPBiCGStab:  Solving for Uz, Initial residual = 0.00174801, Final residual = 9.05477e-08, No Iterations 3
DILUPBiCGStab:  Solving for h, Initial residual = 0.000589352, Final residual = 6.93185e-08, No Iterations 2
Min/max T:299.864 304.669
DICPCG:  Solving for p_rgh, Initial residual = 0.00169103, Final residual = 1.67543e-05, No Iterations 127
DICPCG:  Solving for p_rgh, Initial residual = 0.000386847, Final residual = 3.84363e-06, No Iterations 41
DICPCG:  Solving for p_rgh, Initial residual = 3.88853e-05, Final residual = 3.8266e-07, No Iterations 84
diagonal:  Solving for rho, Initial residual = 0, Final residual = 0, No Iterations 0
time step continuity errors (domain0): sum local = 3.8742e-09, global = -2.29269e-10, cumulative = -8.41642e-08
DICPCG:  Solving for p_rgh, Initial residual = 0.000401556, Final residual = 3.9805e-06, No Iterations 77
DICPCG:  Solving for p_rgh, Initial residual = 0.000123316, Final residual = 1.22456e-06, No Iterations 105
DICPCG:  Solving for p_rgh, Initial residual = 1.30738e-05, Final residual = 1.29716e-07, No Iterations 110
diagonal:  Solving for rho, Initial residual = 0, Final residual = 0, No Iterations 0
time step continuity errors (domain0): sum local = 1.31334e-09, global = 5.3847e-11, cumulative = -8.41104e-08
DICPCG:  Solving for p_rgh, Initial residual = 5.42907e-05, Final residual = 5.20485e-07, No Iterations 63
DICPCG:  Solving for p_rgh, Initial residual = 9.75818e-06, Final residual = 9.84197e-08, No Iterations 112
DICPCG:  Solving for p_rgh, Initial residual = 1.24355e-06, Final residual = 9.64211e-08, No Iterations 4
diagonal:  Solving for rho, Initial residual = 0, Final residual = 0, No Iterations 0
time step continuity errors (domain0): sum local = 9.76138e-10, global = 3.64189e-11, cumulative = -8.4074e-08
DICPCG:  Solving for p_rgh, Initial residual = 1.5365e-05, Final residual = 1.52989e-07, No Iterations 101
DICPCG:  Solving for p_rgh, Initial residual = 2.79606e-06, Final residual = 9.7218e-08, No Iterations 12
DICPCG:  Solving for p_rgh, Initial residual = 3.28659e-07, Final residual = 7.94646e-08, No Iterations 2
diagonal:  Solving for rho, Initial residual = 0, Final residual = 0, No Iterations 0
time step continuity errors (domain0): sum local = 8.0447e-10, global = 1.34073e-10, cumulative = -8.39399e-08
DILUPBiCGStab:  Solving for epsilon, Initial residual = 0.00142171, Final residual = 2.44298e-08, No Iterations 3
bounding epsilon, min: -2.42255 max: 2119.42 average: 7.61475
DILUPBiCGStab:  Solving for k, Initial residual = 0.0053192, Final residual = 9.60751e-08, No Iterations 3

Solving for solid region CPU
DICPCG:  Solving for h, Initial residual = 0.0156419, Final residual = 9.65802e-11, No Iterations 31
DICPCG:  Solving for h, Initial residual = 0.000282405, Final residual = 7.204e-11, No Iterations 24
DICPCG:  Solving for h, Initial residual = 1.29557e-05, Final residual = 7.14896e-11, No Iterations 20
Min/max T:303.299 304.94

Solving for solid region Heatsink
DICPCG:  Solving for h, Initial residual = 0.0406085, Final residual = 9.91049e-07, No Iterations 241
DICPCG:  Solving for h, Initial residual = 0.036943, Final residual = 9.71489e-07, No Iterations 174
DICPCG:  Solving for h, Initial residual = 0.00534512, Final residual = 9.82531e-07, No Iterations 119
Min/max T:302.033 303.882

Solving for solid region FRONT_PANEL
DICPCG:  Solving for h, Initial residual = 0.000271042, Final residual = 6.47164e-08, No Iterations 3
DICPCG:  Solving for h, Initial residual = 0.000267764, Final residual = 4.67667e-08, No Iterations 3
DICPCG:  Solving for h, Initial residual = 0.000266584, Final residual = 4.57307e-08, No Iterations 3
Min/max T:299.864 299.996
ExecutionTime = 1509.21 s  ClockTime = 1509 s

Region: domain0 Courant Number mean: 0.122554 max: 9.70196
Region: CPU Diffusion Number mean: 0.0823935 max: 1.16131
Region: Heatsink Diffusion Number mean: 0.0917996 max: 5.01215
Region: FRONT_PANEL Diffusion Number mean: 0.00267202 max: 2.79395
deltaT = 0.000833333
Time = 0.0608333


Solving for fluid region domain0
diagonal:  Solving for rho, Initial residual = 0, Final residual = 0, No Iterations 0
DILUPBiCGStab:  Solving for Ux, Initial residual = 0.00415728, Final residual = 3.50714e-08, No Iterations 3
DILUPBiCGStab:  Solving for Uy, Initial residual = 0.00379008, Final residual = 2.66398e-08, No Iterations 3
DILUPBiCGStab:  Solving for Uz, Initial residual = 0.00173779, Final residual = 6.86011e-08, No Iterations 3
DILUPBiCGStab:  Solving for h, Initial residual = 0.00058479, Final residual = 6.92527e-08, No Iterations 2
Min/max T:299.865 304.694
DICPCG:  Solving for p_rgh, Initial residual = 0.00166813, Final residual = 1.659e-05, No Iterations 77
DICPCG:  Solving for p_rgh, Initial residual = 0.000404514, Final residual = 3.95029e-06, No Iterations 107
DICPCG:  Solving for p_rgh, Initial residual = 4.24295e-05, Final residual = 4.12077e-07, No Iterations 101
diagonal:  Solving for rho, Initial residual = 0, Final residual = 0, No Iterations 0
time step continuity errors (domain0): sum local = 4.17432e-09, global = -6.5245e-10, cumulative = -8.45923e-08
DICPCG:  Solving for p_rgh, Initial residual = 0.00039671, Final residual = 3.89873e-06, No Iterations 80
DICPCG:  Solving for p_rgh, Initial residual = 0.000127551, Final residual = 1.27421e-06, No Iterations 57
DICPCG:  Solving for p_rgh, Initial residual = 1.32022e-05, Final residual = 1.28628e-07, No Iterations 110
diagonal:  Solving for rho, Initial residual = 0, Final residual = 0, No Iterations 0
time step continuity errors (domain0): sum local = 1.30299e-09, global = -3.7246e-11, cumulative = -8.46296e-08
DICPCG:  Solving for p_rgh, Initial residual = 5.3283e-05, Final residual = 5.28512e-07, No Iterations 56
DICPCG:  Solving for p_rgh, Initial residual = 9.50542e-06, Final residual = 9.98647e-08, No Iterations 111
DICPCG:  Solving for p_rgh, Initial residual = 1.28211e-06, Final residual = 9.83168e-08, No Iterations 4
diagonal:  Solving for rho, Initial residual = 0, Final residual = 0, No Iterations 0
time step continuity errors (domain0): sum local = 9.95817e-10, global = 2.41221e-11, cumulative = -8.46055e-08
DICPCG:  Solving for p_rgh, Initial residual = 1.5146e-05, Final residual = 1.43586e-07, No Iterations 63
DICPCG:  Solving for p_rgh, Initial residual = 2.83737e-06, Final residual = 9.99299e-08, No Iterations 13
DICPCG:  Solving for p_rgh, Initial residual = 3.28875e-07, Final residual = 8.43879e-08, No Iterations 2
diagonal:  Solving for rho, Initial residual = 0, Final residual = 0, No Iterations 0
time step continuity errors (domain0): sum local = 8.54722e-10, global = 9.8833e-11, cumulative = -8.45066e-08
DILUPBiCGStab:  Solving for epsilon, Initial residual = 0.00139192, Final residual = 2.42271e-08, No Iterations 3
DILUPBiCGStab:  Solving for k, Initial residual = 0.00525166, Final residual = 9.35075e-08, No Iterations 3

Solving for solid region CPU
DICPCG:  Solving for h, Initial residual = 0.0154917, Final residual = 9.56015e-11, No Iterations 31
DICPCG:  Solving for h, Initial residual = 0.000279854, Final residual = 7.13775e-11, No Iterations 24
DICPCG:  Solving for h, Initial residual = 1.28372e-05, Final residual = 7.08237e-11, No Iterations 20
Min/max T:303.32 304.965

Solving for solid region Heatsink
DICPCG:  Solving for h, Initial residual = 0.0400682, Final residual = 9.86126e-07, No Iterations 241
DICPCG:  Solving for h, Initial residual = 0.0364507, Final residual = 9.61444e-07, No Iterations 174
DICPCG:  Solving for h, Initial residual = 0.005272, Final residual = 9.8792e-07, No Iterations 117
Min/max T:302.047 303.907

Solving for solid region FRONT_PANEL
DICPCG:  Solving for h, Initial residual = 0.000269447, Final residual = 6.346e-08, No Iterations 3
DICPCG:  Solving for h, Initial residual = 0.000266332, Final residual = 4.54618e-08, No Iterations 3
DICPCG:  Solving for h, Initial residual = 0.000265194, Final residual = 4.453e-08, No Iterations 3
Min/max T:299.865 299.995
ExecutionTime = 1537.37 s  ClockTime = 1537 s

Region: domain0 Courant Number mean: 0.122792 max: 9.70251
Region: CPU Diffusion Number mean: 0.0823935 max: 1.16131
Region: Heatsink Diffusion Number mean: 0.0917996 max: 5.01215
Region: FRONT_PANEL Diffusion Number mean: 0.00267202 max: 2.79395
deltaT = 0.000833333
Time = 0.0616667


Solving for fluid region domain0
diagonal:  Solving for rho, Initial residual = 0, Final residual = 0, No Iterations 0
DILUPBiCGStab:  Solving for Ux, Initial residual = 0.00413214, Final residual = 3.44955e-08, No Iterations 3
DILUPBiCGStab:  Solving for Uy, Initial residual = 0.00374872, Final residual = 2.55988e-08, No Iterations 3
DILUPBiCGStab:  Solving for Uz, Initial residual = 0.00172554, Final residual = 5.92365e-08, No Iterations 3
DILUPBiCGStab:  Solving for h, Initial residual = 0.000580842, Final residual = 7.00336e-08, No Iterations 2
Min/max T:299.866 304.718
DICPCG:  Solving for p_rgh, Initial residual = 0.00162739, Final residual = 1.62092e-05, No Iterations 94
DICPCG:  Solving for p_rgh, Initial residual = 0.000376711, Final residual = 3.60195e-06, No Iterations 94
DICPCG:  Solving for p_rgh, Initial residual = 3.81872e-05, Final residual = 3.71145e-07, No Iterations 109
diagonal:  Solving for rho, Initial residual = 0, Final residual = 0, No Iterations 0
time step continuity errors (domain0): sum local = 3.76144e-09, global = -5.34419e-10, cumulative = -8.5041e-08
DICPCG:  Solving for p_rgh, Initial residual = 0.000380001, Final residual = 3.72489e-06, No Iterations 79
DICPCG:  Solving for p_rgh, Initial residual = 0.00011722, Final residual = 1.14241e-06, No Iterations 55
DICPCG:  Solving for p_rgh, Initial residual = 1.21876e-05, Final residual = 1.20459e-07, No Iterations 122
diagonal:  Solving for rho, Initial residual = 0, Final residual = 0, No Iterations 0
time step continuity errors (domain0): sum local = 1.22079e-09, global = -7.20645e-11, cumulative = -8.51131e-08
DICPCG:  Solving for p_rgh, Initial residual = 5.00885e-05, Final residual = 4.77645e-07, No Iterations 65
DICPCG:  Solving for p_rgh, Initial residual = 8.98e-06, Final residual = 9.93176e-08, No Iterations 112
DICPCG:  Solving for p_rgh, Initial residual = 1.22897e-06, Final residual = 9.87534e-08, No Iterations 4
diagonal:  Solving for rho, Initial residual = 0, Final residual = 0, No Iterations 0
time step continuity errors (domain0): sum local = 1.00071e-09, global = -1.33418e-10, cumulative = -8.52465e-08
DICPCG:  Solving for p_rgh, Initial residual = 1.39063e-05, Final residual = 1.34878e-07, No Iterations 66
DICPCG:  Solving for p_rgh, Initial residual = 2.59095e-06, Final residual = 9.84253e-08, No Iterations 15
DICPCG:  Solving for p_rgh, Initial residual = 3.14637e-07, Final residual = 8.09887e-08, No Iterations 2
diagonal:  Solving for rho, Initial residual = 0, Final residual = 0, No Iterations 0
time step continuity errors (domain0): sum local = 8.2068e-10, global = -5.55055e-12, cumulative = -8.52521e-08
DILUPBiCGStab:  Solving for epsilon, Initial residual = 0.00135942, Final residual = 2.43991e-08, No Iterations 3
bounding epsilon, min: -0.197692 max: 2119.41 average: 7.66049
DILUPBiCGStab:  Solving for k, Initial residual = 0.0051828, Final residual = 9.16706e-08, No Iterations 3

Solving for solid region CPU
DICPCG:  Solving for h, Initial residual = 0.015342, Final residual = 9.46265e-11, No Iterations 31
DICPCG:  Solving for h, Initial residual = 0.00027732, Final residual = 7.07179e-11, No Iterations 24
DICPCG:  Solving for h, Initial residual = 1.27192e-05, Final residual = 7.01616e-11, No Iterations 20
Min/max T:303.34 304.99

Solving for solid region Heatsink
DICPCG:  Solving for h, Initial residual = 0.0395311, Final residual = 9.81018e-07, No Iterations 241
DICPCG:  Solving for h, Initial residual = 0.0359607, Final residual = 9.51938e-07, No Iterations 174
DICPCG:  Solving for h, Initial residual = 0.00519933, Final residual = 9.96791e-07, No Iterations 116
Min/max T:302.061 303.932

Solving for solid region FRONT_PANEL
DICPCG:  Solving for h, Initial residual = 0.000268042, Final residual = 6.22815e-08, No Iterations 3
DICPCG:  Solving for h, Initial residual = 0.000265074, Final residual = 4.42044e-08, No Iterations 3
DICPCG:  Solving for h, Initial residual = 0.000263976, Final residual = 4.33657e-08, No Iterations 3
Min/max T:299.866 299.994
ExecutionTime = 1564.91 s  ClockTime = 1565 s

Region: domain0 Courant Number mean: 0.12303 max: 9.70373
Region: CPU Diffusion Number mean: 0.0823935 max: 1.16131
Region: Heatsink Diffusion Number mean: 0.0917996 max: 5.01215
Region: FRONT_PANEL Diffusion Number mean: 0.00267202 max: 2.79395
deltaT = 0.000833333
Time = 0.0625


Solving for fluid region domain0
diagonal:  Solving for rho, Initial residual = 0, Final residual = 0, No Iterations 0
DILUPBiCGStab:  Solving for Ux, Initial residual = 0.00411983, Final residual = 3.56844e-08, No Iterations 3
DILUPBiCGStab:  Solving for Uy, Initial residual = 0.00374024, Final residual = 2.45891e-08, No Iterations 3
DILUPBiCGStab:  Solving for Uz, Initial residual = 0.0017229, Final residual = 8.09867e-08, No Iterations 3
DILUPBiCGStab:  Solving for h, Initial residual = 0.000575401, Final residual = 7.08386e-08, No Iterations 2
Min/max T:299.867 304.742
DICPCG:  Solving for p_rgh, Initial residual = 0.00167539, Final residual = 1.6681e-05, No Iterations 122
DICPCG:  Solving for p_rgh, Initial residual = 0.000403515, Final residual = 4.02811e-06, No Iterations 31
DICPCG:  Solving for p_rgh, Initial residual = 4.07442e-05, Final residual = 3.99313e-07, No Iterations 136
diagonal:  Solving for rho, Initial residual = 0, Final residual = 0, No Iterations 0
time step continuity errors (domain0): sum local = 4.04841e-09, global = 6.81226e-10, cumulative = -8.45709e-08
DICPCG:  Solving for p_rgh, Initial residual = 0.000408665, Final residual = 4.08013e-06, No Iterations 126
DICPCG:  Solving for p_rgh, Initial residual = 0.000132605, Final residual = 1.29913e-06, No Iterations 33
DICPCG:  Solving for p_rgh, Initial residual = 1.24651e-05, Final residual = 1.23265e-07, No Iterations 142
diagonal:  Solving for rho, Initial residual = 0, Final residual = 0, No Iterations 0
time step continuity errors (domain0): sum local = 1.24986e-09, global = 3.31926e-11, cumulative = -8.45377e-08
DICPCG:  Solving for p_rgh, Initial residual = 5.75954e-05, Final residual = 5.52753e-07, No Iterations 102
DICPCG:  Solving for p_rgh, Initial residual = 1.04869e-05, Final residual = 1.0016e-07, No Iterations 109
DICPCG:  Solving for p_rgh, Initial residual = 1.37013e-06, Final residual = 9.63271e-08, No Iterations 4
diagonal:  Solving for rho, Initial residual = 0, Final residual = 0, No Iterations 0
time step continuity errors (domain0): sum local = 9.76602e-10, global = 7.55327e-11, cumulative = -8.44621e-08
DICPCG:  Solving for p_rgh, Initial residual = 1.65729e-05, Final residual = 1.63281e-07, No Iterations 115
DICPCG:  Solving for p_rgh, Initial residual = 2.94826e-06, Final residual = 9.42744e-08, No Iterations 11
DICPCG:  Solving for p_rgh, Initial residual = 3.34393e-07, Final residual = 8.06983e-08, No Iterations 2
diagonal:  Solving for rho, Initial residual = 0, Final residual = 0, No Iterations 0
time step continuity errors (domain0): sum local = 8.18138e-10, global = 3.766e-11, cumulative = -8.44245e-08
DILUPBiCGStab:  Solving for epsilon, Initial residual = 0.00134034, Final residual = 2.47476e-08, No Iterations 3
bounding epsilon, min: -4.03489 max: 2119.4 average: 7.68339
DILUPBiCGStab:  Solving for k, Initial residual = 0.00514155, Final residual = 2.30744e-08, No Iterations 3

Solving for solid region CPU
DICPCG:  Solving for h, Initial residual = 0.0151933, Final residual = 9.36571e-11, No Iterations 31
DICPCG:  Solving for h, Initial residual = 0.000274793, Final residual = 7.00602e-11, No Iterations 24
DICPCG:  Solving for h, Initial residual = 1.26014e-05, Final residual = 6.95005e-11, No Iterations 20
Min/max T:303.361 305.015

Solving for solid region Heatsink
DICPCG:  Solving for h, Initial residual = 0.0390046, Final residual = 9.75583e-07, No Iterations 241
DICPCG:  Solving for h, Initial residual = 0.035481, Final residual = 9.42266e-07, No Iterations 174
DICPCG:  Solving for h, Initial residual = 0.00512819, Final residual = 9.82421e-07, No Iterations 116
Min/max T:302.075 303.957

Solving for solid region FRONT_PANEL
DICPCG:  Solving for h, Initial residual = 0.000266752, Final residual = 6.11662e-08, No Iterations 3
DICPCG:  Solving for h, Initial residual = 0.000263918, Final residual = 4.29801e-08, No Iterations 3
DICPCG:  Solving for h, Initial residual = 0.00026286, Final residual = 4.22387e-08, No Iterations 3
Min/max T:299.867 299.994
ExecutionTime = 1595.39 s  ClockTime = 1596 s

Region: domain0 Courant Number mean: 0.123269 max: 9.70524
Region: CPU Diffusion Number mean: 0.0823935 max: 1.16131
Region: Heatsink Diffusion Number mean: 0.0917996 max: 5.01215
Region: FRONT_PANEL Diffusion Number mean: 0.00267202 max: 2.79395
deltaT = 0.000833333
Time = 0.0633333


Solving for fluid region domain0
diagonal:  Solving for rho, Initial residual = 0, Final residual = 0, No Iterations 0
DILUPBiCGStab:  Solving for Ux, Initial residual = 0.00408771, Final residual = 3.9846e-08, No Iterations 3
DILUPBiCGStab:  Solving for Uy, Initial residual = 0.00371658, Final residual = 3.26713e-08, No Iterations 3
DILUPBiCGStab:  Solving for Uz, Initial residual = 0.0017121, Final residual = 4.01439e-08, No Iterations 3
DILUPBiCGStab:  Solving for h, Initial residual = 0.000571954, Final residual = 7.19746e-08, No Iterations 2
Min/max T:299.868 304.766
DICPCG:  Solving for p_rgh, Initial residual = 0.00167892, Final residual = 1.65471e-05, No Iterations 77
DICPCG:  Solving for p_rgh, Initial residual = 0.000450089, Final residual = 4.3716e-06, No Iterations 56
DICPCG:  Solving for p_rgh, Initial residual = 4.7815e-05, Final residual = 4.72651e-07, No Iterations 138
diagonal:  Solving for rho, Initial residual = 0, Final residual = 0, No Iterations 0
time step continuity errors (domain0): sum local = 4.79426e-09, global = 1.31516e-10, cumulative = -8.4293e-08
DICPCG:  Solving for p_rgh, Initial residual = 0.000414544, Final residual = 4.10728e-06, No Iterations 90
DICPCG:  Solving for p_rgh, Initial residual = 0.000146427, Final residual = 1.42978e-06, No Iterations 93
DICPCG:  Solving for p_rgh, Initial residual = 1.45082e-05, Final residual = 1.40295e-07, No Iterations 112
diagonal:  Solving for rho, Initial residual = 0, Final residual = 0, No Iterations 0
time step continuity errors (domain0): sum local = 1.4232e-09, global = 1.04247e-11, cumulative = -8.42825e-08
DICPCG:  Solving for p_rgh, Initial residual = 5.87746e-05, Final residual = 5.85701e-07, No Iterations 52
DICPCG:  Solving for p_rgh, Initial residual = 1.08523e-05, Final residual = 9.98142e-08, No Iterations 112
DICPCG:  Solving for p_rgh, Initial residual = 1.52631e-06, Final residual = 8.74493e-08, No Iterations 5
diagonal:  Solving for rho, Initial residual = 0, Final residual = 0, No Iterations 0
time step continuity errors (domain0): sum local = 8.86992e-10, global = 1.31278e-10, cumulative = -8.41512e-08
DICPCG:  Solving for p_rgh, Initial residual = 1.74489e-05, Final residual = 1.70509e-07, No Iterations 63
DICPCG:  Solving for p_rgh, Initial residual = 3.34735e-06, Final residual = 9.75233e-08, No Iterations 14
DICPCG:  Solving for p_rgh, Initial residual = 3.64873e-07, Final residual = 9.7934e-08, No Iterations 2
diagonal:  Solving for rho, Initial residual = 0, Final residual = 0, No Iterations 0
time step continuity errors (domain0): sum local = 9.93307e-10, global = 1.05177e-11, cumulative = -8.41407e-08
DILUPBiCGStab:  Solving for epsilon, Initial residual = 0.00131566, Final residual = 2.18915e-08, No Iterations 3
bounding epsilon, min: -0.198938 max: 2119.43 average: 7.70716
DILUPBiCGStab:  Solving for k, Initial residual = 0.00509479, Final residual = 9.96181e-08, No Iterations 3

Solving for solid region CPU
DICPCG:  Solving for h, Initial residual = 0.0150451, Final residual = 9.26916e-11, No Iterations 31
DICPCG:  Solving for h, Initial residual = 0.000272288, Final residual = 6.94071e-11, No Iterations 24
DICPCG:  Solving for h, Initial residual = 1.24845e-05, Final residual = 6.88443e-11, No Iterations 20
Min/max T:303.381 305.04

Solving for solid region Heatsink
DICPCG:  Solving for h, Initial residual = 0.0384807, Final residual = 9.69636e-07, No Iterations 241
DICPCG:  Solving for h, Initial residual = 0.0350031, Final residual = 9.3273e-07, No Iterations 174
DICPCG:  Solving for h, Initial residual = 0.00505738, Final residual = 9.681e-07, No Iterations 116
Min/max T:302.089 303.981

Solving for solid region FRONT_PANEL
DICPCG:  Solving for h, Initial residual = 0.000265503, Final residual = 6.00954e-08, No Iterations 3
DICPCG:  Solving for h, Initial residual = 0.000262784, Final residual = 4.17793e-08, No Iterations 3
DICPCG:  Solving for h, Initial residual = 0.000261767, Final residual = 4.1143e-08, No Iterations 3
Min/max T:299.868 299.993
ExecutionTime = 1625.17 s  ClockTime = 1625 s

Region: domain0 Courant Number mean: 0.123505 max: 9.70527
Region: CPU Diffusion Number mean: 0.0823935 max: 1.16131
Region: Heatsink Diffusion Number mean: 0.0917996 max: 5.01215
Region: FRONT_PANEL Diffusion Number mean: 0.00267202 max: 2.79395
deltaT = 0.000833333
Time = 0.0641667


Solving for fluid region domain0
diagonal:  Solving for rho, Initial residual = 0, Final residual = 0, No Iterations 0
DILUPBiCGStab:  Solving for Ux, Initial residual = 0.00405964, Final residual = 3.1476e-08, No Iterations 3
DILUPBiCGStab:  Solving for Uy, Initial residual = 0.00366695, Final residual = 2.7977e-08, No Iterations 3
DILUPBiCGStab:  Solving for Uz, Initial residual = 0.00169772, Final residual = 4.03803e-08, No Iterations 3
DILUPBiCGStab:  Solving for h, Initial residual = 0.000569673, Final residual = 7.39457e-08, No Iterations 2
Min/max T:299.869 304.79
DICPCG:  Solving for p_rgh, Initial residual = 0.00163182, Final residual = 1.61596e-05, No Iterations 72
DICPCG:  Solving for p_rgh, Initial residual = 0.000378934, Final residual = 3.78447e-06, No Iterations 63
DICPCG:  Solving for p_rgh, Initial residual = 4.2423e-05, Final residual = 4.14305e-07, No Iterations 131
diagonal:  Solving for rho, Initial residual = 0, Final residual = 0, No Iterations 0
time step continuity errors (domain0): sum local = 4.20468e-09, global = -8.42985e-11, cumulative = -8.4225e-08
DICPCG:  Solving for p_rgh, Initial residual = 0.000385274, Final residual = 3.76908e-06, No Iterations 82
DICPCG:  Solving for p_rgh, Initial residual = 0.000118723, Final residual = 1.15336e-06, No Iterations 102
DICPCG:  Solving for p_rgh, Initial residual = 1.3026e-05, Final residual = 1.29761e-07, No Iterations 115
diagonal:  Solving for rho, Initial residual = 0, Final residual = 0, No Iterations 0
time step continuity errors (domain0): sum local = 1.31684e-09, global = -5.82356e-11, cumulative = -8.42833e-08
DICPCG:  Solving for p_rgh, Initial residual = 5.22385e-05, Final residual = 5.21511e-07, No Iterations 112
DICPCG:  Solving for p_rgh, Initial residual = 9.67344e-06, Final residual = 9.91076e-08, No Iterations 95
DICPCG:  Solving for p_rgh, Initial residual = 1.15705e-06, Final residual = 9.61701e-08, No Iterations 4
diagonal:  Solving for rho, Initial residual = 0, Final residual = 0, No Iterations 0
time step continuity errors (domain0): sum local = 9.75884e-10, global = -3.37726e-11, cumulative = -8.4317e-08
DICPCG:  Solving for p_rgh, Initial residual = 1.49827e-05, Final residual = 1.47134e-07, No Iterations 112
DICPCG:  Solving for p_rgh, Initial residual = 2.87692e-06, Final residual = 9.71434e-08, No Iterations 12
DICPCG:  Solving for p_rgh, Initial residual = 3.17161e-07, Final residual = 8.25977e-08, No Iterations 2
diagonal:  Solving for rho, Initial residual = 0, Final residual = 0, No Iterations 0
time step continuity errors (domain0): sum local = 8.38131e-10, global = -1.97314e-10, cumulative = -8.45144e-08
DILUPBiCGStab:  Solving for epsilon, Initial residual = 0.00128724, Final residual = 2.32655e-08, No Iterations 3
DILUPBiCGStab:  Solving for k, Initial residual = 0.00500969, Final residual = 8.78786e-08, No Iterations 3

Solving for solid region CPU
DICPCG:  Solving for h, Initial residual = 0.0148973, Final residual = 9.17296e-11, No Iterations 31
DICPCG:  Solving for h, Initial residual = 0.000269793, Final residual = 6.87559e-11, No Iterations 24
DICPCG:  Solving for h, Initial residual = 1.23679e-05, Final residual = 6.81909e-11, No Iterations 20
Min/max T:303.401 305.064

Solving for solid region Heatsink
DICPCG:  Solving for h, Initial residual = 0.0379578, Final residual = 9.63791e-07, No Iterations 241
DICPCG:  Solving for h, Initial residual = 0.0345248, Final residual = 9.90558e-07, No Iterations 173
DICPCG:  Solving for h, Initial residual = 0.00498666, Final residual = 9.53859e-07, No Iterations 116
Min/max T:302.102 304.005

Solving for solid region FRONT_PANEL
DICPCG:  Solving for h, Initial residual = 0.000264513, Final residual = 5.90988e-08, No Iterations 3
DICPCG:  Solving for h, Initial residual = 0.000261908, Final residual = 4.06426e-08, No Iterations 3
DICPCG:  Solving for h, Initial residual = 0.000260923, Final residual = 4.01173e-08, No Iterations 3
Min/max T:299.869 299.992
ExecutionTime = 1657.86 s  ClockTime = 1658 s

Region: domain0 Courant Number mean: 0.123741 max: 9.70654
Region: CPU Diffusion Number mean: 0.0823935 max: 1.16131
Region: Heatsink Diffusion Number mean: 0.0917996 max: 5.01215
Region: FRONT_PANEL Diffusion Number mean: 0.00267202 max: 2.79395
deltaT = 0.000833333
Time = 0.065


Solving for fluid region domain0
diagonal:  Solving for rho, Initial residual = 0, Final residual = 0, No Iterations 0
DILUPBiCGStab:  Solving for Ux, Initial residual = 0.00402651, Final residual = 3.13741e-08, No Iterations 3
DILUPBiCGStab:  Solving for Uy, Initial residual = 0.00362688, Final residual = 2.70919e-08, No Iterations 3
DILUPBiCGStab:  Solving for Uz, Initial residual = 0.00168866, Final residual = 4.82269e-08, No Iterations 3
DILUPBiCGStab:  Solving for h, Initial residual = 0.00056439, Final residual = 7.53856e-08, No Iterations 2
Min/max T:299.87 304.814
DICPCG:  Solving for p_rgh, Initial residual = 0.0015624, Final residual = 1.55757e-05, No Iterations 103
DICPCG:  Solving for p_rgh, Initial residual = 0.000356926, Final residual = 3.49645e-06, No Iterations 93
DICPCG:  Solving for p_rgh, Initial residual = 3.76703e-05, Final residual = 3.63898e-07, No Iterations 102
diagonal:  Solving for rho, Initial residual = 0, Final residual = 0, No Iterations 0
time step continuity errors (domain0): sum local = 3.69497e-09, global = -3.32119e-10, cumulative = -8.48465e-08
DICPCG:  Solving for p_rgh, Initial residual = 0.000361779, Final residual = 3.58457e-06, No Iterations 82
DICPCG:  Solving for p_rgh, Initial residual = 0.000112256, Final residual = 1.10253e-06, No Iterations 63
DICPCG:  Solving for p_rgh, Initial residual = 1.18326e-05, Final residual = 1.15943e-07, No Iterations 138
diagonal:  Solving for rho, Initial residual = 0, Final residual = 0, No Iterations 0
time step continuity errors (domain0): sum local = 1.17722e-09, global = 4.60812e-11, cumulative = -8.48004e-08
DICPCG:  Solving for p_rgh, Initial residual = 4.72915e-05, Final residual = 4.55681e-07, No Iterations 58
DICPCG:  Solving for p_rgh, Initial residual = 8.33262e-06, Final residual = 9.95048e-08, No Iterations 56
DICPCG:  Solving for p_rgh, Initial residual = 1.08859e-06, Final residual = 9.93307e-08, No Iterations 4
diagonal:  Solving for rho, Initial residual = 0, Final residual = 0, No Iterations 0
time step continuity errors (domain0): sum local = 1.00837e-09, global = 1.38999e-11, cumulative = -8.47865e-08
DICPCG:  Solving for p_rgh, Initial residual = 1.31555e-05, Final residual = 1.29553e-07, No Iterations 65
DICPCG:  Solving for p_rgh, Initial residual = 2.41456e-06, Final residual = 9.82206e-08, No Iterations 13
DICPCG:  Solving for p_rgh, Initial residual = 2.92199e-07, Final residual = 9.71091e-08, No Iterations 1
diagonal:  Solving for rho, Initial residual = 0, Final residual = 0, No Iterations 0
time step continuity errors (domain0): sum local = 9.85789e-10, global = 1.09805e-10, cumulative = -8.46767e-08
DILUPBiCGStab:  Solving for epsilon, Initial residual = 0.0012567, Final residual = 2.28525e-08, No Iterations 3
bounding epsilon, min: -0.212552 max: 2119.39 average: 7.75437
DILUPBiCGStab:  Solving for k, Initial residual = 0.00494733, Final residual = 8.60983e-08, No Iterations 3

Solving for solid region CPU
DICPCG:  Solving for h, Initial residual = 0.0147506, Final residual = 9.07736e-11, No Iterations 31
DICPCG:  Solving for h, Initial residual = 0.000267296, Final residual = 6.8107e-11, No Iterations 24
DICPCG:  Solving for h, Initial residual = 1.22514e-05, Final residual = 6.75374e-11, No Iterations 20
Min/max T:303.421 305.088

Solving for solid region Heatsink
DICPCG:  Solving for h, Initial residual = 0.037451, Final residual = 9.57091e-07, No Iterations 241
DICPCG:  Solving for h, Initial residual = 0.0340632, Final residual = 9.80482e-07, No Iterations 173
DICPCG:  Solving for h, Initial residual = 0.00491837, Final residual = 9.92172e-07, No Iterations 115
Min/max T:302.116 304.029

Solving for solid region FRONT_PANEL
DICPCG:  Solving for h, Initial residual = 0.000263608, Final residual = 5.81496e-08, No Iterations 3
DICPCG:  Solving for h, Initial residual = 0.000261101, Final residual = 3.95463e-08, No Iterations 3
DICPCG:  Solving for h, Initial residual = 0.000260149, Final residual = 3.91199e-08, No Iterations 3
Min/max T:299.87 299.992
ExecutionTime = 1685.65 s  ClockTime = 1686 s

Region: domain0 Courant Number mean: 0.123976 max: 9.70757
Region: CPU Diffusion Number mean: 0.0823935 max: 1.16131
Region: Heatsink Diffusion Number mean: 0.0917996 max: 5.01215
Region: FRONT_PANEL Diffusion Number mean: 0.00267202 max: 2.79395
deltaT = 0.000833333
Time = 0.0658333


Solving for fluid region domain0
diagonal:  Solving for rho, Initial residual = 0, Final residual = 0, No Iterations 0
DILUPBiCGStab:  Solving for Ux, Initial residual = 0.00399745, Final residual = 3.11817e-08, No Iterations 3
DILUPBiCGStab:  Solving for Uy, Initial residual = 0.00359759, Final residual = 2.73141e-08, No Iterations 3
DILUPBiCGStab:  Solving for Uz, Initial residual = 0.00167872, Final residual = 4.43457e-08, No Iterations 3
DILUPBiCGStab:  Solving for h, Initial residual = 0.000559893, Final residual = 7.72125e-08, No Iterations 2
Min/max T:299.871 304.837
DICPCG:  Solving for p_rgh, Initial residual = 0.00154536, Final residual = 1.52275e-05, No Iterations 96
DICPCG:  Solving for p_rgh, Initial residual = 0.0003662, Final residual = 3.56285e-06, No Iterations 94
DICPCG:  Solving for p_rgh, Initial residual = 3.75283e-05, Final residual = 3.72443e-07, No Iterations 105
diagonal:  Solving for rho, Initial residual = 0, Final residual = 0, No Iterations 0
time step continuity errors (domain0): sum local = 3.78293e-09, global = -3.03599e-10, cumulative = -8.49803e-08
DICPCG:  Solving for p_rgh, Initial residual = 0.000357774, Final residual = 3.50498e-06, No Iterations 87
DICPCG:  Solving for p_rgh, Initial residual = 0.000114518, Final residual = 1.10933e-06, No Iterations 57
DICPCG:  Solving for p_rgh, Initial residual = 1.13982e-05, Final residual = 1.11924e-07, No Iterations 107
diagonal:  Solving for rho, Initial residual = 0, Final residual = 0, No Iterations 0
time step continuity errors (domain0): sum local = 1.13695e-09, global = 1.54085e-10, cumulative = -8.48262e-08
DICPCG:  Solving for p_rgh, Initial residual = 4.67057e-05, Final residual = 4.61404e-07, No Iterations 59
DICPCG:  Solving for p_rgh, Initial residual = 8.30844e-06, Final residual = 9.74008e-08, No Iterations 58
DICPCG:  Solving for p_rgh, Initial residual = 1.09166e-06, Final residual = 9.74943e-08, No Iterations 4
diagonal:  Solving for rho, Initial residual = 0, Final residual = 0, No Iterations 0
time step continuity errors (domain0): sum local = 9.90136e-10, global = 9.64848e-11, cumulative = -8.47297e-08
DICPCG:  Solving for p_rgh, Initial residual = 1.30719e-05, Final residual = 1.27816e-07, No Iterations 65
DICPCG:  Solving for p_rgh, Initial residual = 2.43371e-06, Final residual = 9.53793e-08, No Iterations 13
DICPCG:  Solving for p_rgh, Initial residual = 2.89632e-07, Final residual = 9.37016e-08, No Iterations 1
diagonal:  Solving for rho, Initial residual = 0, Final residual = 0, No Iterations 0
time step continuity errors (domain0): sum local = 9.51592e-10, global = 1.44297e-10, cumulative = -8.45854e-08
DILUPBiCGStab:  Solving for epsilon, Initial residual = 0.00123065, Final residual = 2.3031e-08, No Iterations 3
DILUPBiCGStab:  Solving for k, Initial residual = 0.00489358, Final residual = 8.45439e-08, No Iterations 3

Solving for solid region CPU
DICPCG:  Solving for h, Initial residual = 0.0146043, Final residual = 8.98222e-11, No Iterations 31
DICPCG:  Solving for h, Initial residual = 0.000264823, Final residual = 6.74645e-11, No Iterations 24
DICPCG:  Solving for h, Initial residual = 1.21359e-05, Final residual = 6.68899e-11, No Iterations 20
Min/max T:303.44 305.111

Solving for solid region Heatsink
DICPCG:  Solving for h, Initial residual = 0.0369454, Final residual = 9.50017e-07, No Iterations 241
DICPCG:  Solving for h, Initial residual = 0.0336018, Final residual = 9.70435e-07, No Iterations 173
DICPCG:  Solving for h, Initial residual = 0.00485018, Final residual = 9.77684e-07, No Iterations 115
Min/max T:302.129 304.053

Solving for solid region FRONT_PANEL
DICPCG:  Solving for h, Initial residual = 0.000262773, Final residual = 5.72633e-08, No Iterations 3
DICPCG:  Solving for h, Initial residual = 0.000260361, Final residual = 3.84816e-08, No Iterations 3
DICPCG:  Solving for h, Initial residual = 0.000259438, Final residual = 3.81492e-08, No Iterations 3
Min/max T:299.871 299.991
ExecutionTime = 1713.66 s  ClockTime = 1713 s

Region: domain0 Courant Number mean: 0.124211 max: 9.70828
Region: CPU Diffusion Number mean: 0.0823935 max: 1.16131
Region: Heatsink Diffusion Number mean: 0.0917996 max: 5.01215
Region: FRONT_PANEL Diffusion Number mean: 0.00267202 max: 2.79395
deltaT = 0.000833333
Time = 0.0666667


Solving for fluid region domain0
diagonal:  Solving for rho, Initial residual = 0, Final residual = 0, No Iterations 0
DILUPBiCGStab:  Solving for Ux, Initial residual = 0.00397301, Final residual = 3.1064e-08, No Iterations 3
DILUPBiCGStab:  Solving for Uy, Initial residual = 0.00357181, Final residual = 2.73704e-08, No Iterations 3
DILUPBiCGStab:  Solving for Uz, Initial residual = 0.00166892, Final residual = 4.19253e-08, No Iterations 3
DILUPBiCGStab:  Solving for h, Initial residual = 0.000557131, Final residual = 7.93477e-08, No Iterations 2
Min/max T:299.871 304.86
DICPCG:  Solving for p_rgh, Initial residual = 0.00152266, Final residual = 1.45479e-05, No Iterations 130
DICPCG:  Solving for p_rgh, Initial residual = 0.000357057, Final residual = 3.42248e-06, No Iterations 49
DICPCG:  Solving for p_rgh, Initial residual = 3.55603e-05, Final residual = 3.54745e-07, No Iterations 121
diagonal:  Solving for rho, Initial residual = 0, Final residual = 0, No Iterations 0
time step continuity errors (domain0): sum local = 3.60462e-09, global = 3.31802e-11, cumulative = -8.45522e-08
DICPCG:  Solving for p_rgh, Initial residual = 0.000351255, Final residual = 3.39991e-06, No Iterations 89
DICPCG:  Solving for p_rgh, Initial residual = 0.000111558, Final residual = 1.09293e-06, No Iterations 62
DICPCG:  Solving for p_rgh, Initial residual = 1.11741e-05, Final residual = 1.10985e-07, No Iterations 133
diagonal:  Solving for rho, Initial residual = 0, Final residual = 0, No Iterations 0
time step continuity errors (domain0): sum local = 1.12786e-09, global = 5.24281e-11, cumulative = -8.44998e-08
DICPCG:  Solving for p_rgh, Initial residual = 4.55601e-05, Final residual = 4.41226e-07, No Iterations 60
DICPCG:  Solving for p_rgh, Initial residual = 8.18094e-06, Final residual = 9.93165e-08, No Iterations 55
DICPCG:  Solving for p_rgh, Initial residual = 1.0562e-06, Final residual = 9.50271e-08, No Iterations 4
diagonal:  Solving for rho, Initial residual = 0, Final residual = 0, No Iterations 0
time step continuity errors (domain0): sum local = 9.65492e-10, global = 8.5807e-11, cumulative = -8.4414e-08
DICPCG:  Solving for p_rgh, Initial residual = 1.2702e-05, Final residual = 1.24287e-07, No Iterations 69
DICPCG:  Solving for p_rgh, Initial residual = 2.38149e-06, Final residual = 9.69317e-08, No Iterations 13
DICPCG:  Solving for p_rgh, Initial residual = 2.83199e-07, Final residual = 9.39732e-08, No Iterations 1
diagonal:  Solving for rho, Initial residual = 0, Final residual = 0, No Iterations 0
time step continuity errors (domain0): sum local = 9.54752e-10, global = 2.05053e-10, cumulative = -8.42089e-08
DILUPBiCGStab:  Solving for epsilon, Initial residual = 0.00120278, Final residual = 2.27988e-08, No Iterations 3
bounding epsilon, min: -0.20156 max: 2119.36 average: 7.80321
DILUPBiCGStab:  Solving for k, Initial residual = 0.00484096, Final residual = 8.29662e-08, No Iterations 3

Solving for solid region CPU
DICPCG:  Solving for h, Initial residual = 0.0144586, Final residual = 8.88754e-11, No Iterations 31
DICPCG:  Solving for h, Initial residual = 0.000262353, Final residual = 6.68241e-11, No Iterations 24
DICPCG:  Solving for h, Initial residual = 1.20206e-05, Final residual = 6.62444e-11, No Iterations 20
Min/max T:303.459 305.135

Solving for solid region Heatsink
DICPCG:  Solving for h, Initial residual = 0.0364429, Final residual = 9.93042e-07, No Iterations 240
DICPCG:  Solving for h, Initial residual = 0.0331427, Final residual = 9.6063e-07, No Iterations 173
DICPCG:  Solving for h, Initial residual = 0.00478239, Final residual = 9.63355e-07, No Iterations 115
Min/max T:302.141 304.076

Solving for solid region FRONT_PANEL
DICPCG:  Solving for h, Initial residual = 0.000262045, Final residual = 5.64319e-08, No Iterations 3
DICPCG:  Solving for h, Initial residual = 0.000259714, Final residual = 3.745e-08, No Iterations 3
DICPCG:  Solving for h, Initial residual = 0.000258818, Final residual = 3.72084e-08, No Iterations 3
Min/max T:299.871 299.991
ExecutionTime = 1742.21 s  ClockTime = 1742 s

Region: domain0 Courant Number mean: 0.124445 max: 9.70913
Region: CPU Diffusion Number mean: 0.0823935 max: 1.16131
Region: Heatsink Diffusion Number mean: 0.0917996 max: 5.01215
Region: FRONT_PANEL Diffusion Number mean: 0.00267202 max: 2.79395
deltaT = 0.000833333
Time = 0.0675


Solving for fluid region domain0
diagonal:  Solving for rho, Initial residual = 0, Final residual = 0, No Iterations 0
DILUPBiCGStab:  Solving for Ux, Initial residual = 0.00394997, Final residual = 3.10693e-08, No Iterations 3
DILUPBiCGStab:  Solving for Uy, Initial residual = 0.0035508, Final residual = 2.79569e-08, No Iterations 3
DILUPBiCGStab:  Solving for Uz, Initial residual = 0.00166087, Final residual = 4.11389e-08, No Iterations 3
DILUPBiCGStab:  Solving for h, Initial residual = 0.000554037, Final residual = 8.14453e-08, No Iterations 2
Min/max T:299.872 304.883
DICPCG:  Solving for p_rgh, Initial residual = 0.00152196, Final residual = 1.44707e-05, No Iterations 130
DICPCG:  Solving for p_rgh, Initial residual = 0.000354403, Final residual = 3.5192e-06, No Iterations 46
DICPCG:  Solving for p_rgh, Initial residual = 3.59067e-05, Final residual = 3.49594e-07, No Iterations 134
diagonal:  Solving for rho, Initial residual = 0, Final residual = 0, No Iterations 0
time step continuity errors (domain0): sum local = 3.55353e-09, global = 3.3744e-11, cumulative = -8.41752e-08
DICPCG:  Solving for p_rgh, Initial residual = 0.000353958, Final residual = 3.40695e-06, No Iterations 94
DICPCG:  Solving for p_rgh, Initial residual = 0.000112148, Final residual = 1.11304e-06, No Iterations 94
DICPCG:  Solving for p_rgh, Initial residual = 1.13844e-05, Final residual = 1.10165e-07, No Iterations 115
diagonal:  Solving for rho, Initial residual = 0, Final residual = 0, No Iterations 0
time step continuity errors (domain0): sum local = 1.11994e-09, global = 1.16097e-11, cumulative = -8.41636e-08
DICPCG:  Solving for p_rgh, Initial residual = 4.66978e-05, Final residual = 4.58646e-07, No Iterations 64
DICPCG:  Solving for p_rgh, Initial residual = 8.45803e-06, Final residual = 9.6103e-08, No Iterations 111
DICPCG:  Solving for p_rgh, Initial residual = 1.06489e-06, Final residual = 9.01861e-08, No Iterations 4
diagonal:  Solving for rho, Initial residual = 0, Final residual = 0, No Iterations 0
time step continuity errors (domain0): sum local = 9.16668e-10, global = 7.72033e-11, cumulative = -8.40864e-08
DICPCG:  Solving for p_rgh, Initial residual = 1.32058e-05, Final residual = 1.3038e-07, No Iterations 113
DICPCG:  Solving for p_rgh, Initial residual = 2.43946e-06, Final residual = 9.50452e-08, No Iterations 10
DICPCG:  Solving for p_rgh, Initial residual = 2.78627e-07, Final residual = 9.35402e-08, No Iterations 1
diagonal:  Solving for rho, Initial residual = 0, Final residual = 0, No Iterations 0
time step continuity errors (domain0): sum local = 9.50745e-10, global = 5.82295e-11, cumulative = -8.40282e-08
DILUPBiCGStab:  Solving for epsilon, Initial residual = 0.00117826, Final residual = 2.25424e-08, No Iterations 3
bounding epsilon, min: -1.33423 max: 2119.34 average: 7.82822
DILUPBiCGStab:  Solving for k, Initial residual = 0.00479475, Final residual = 8.1883e-08, No Iterations 3

Solving for solid region CPU
DICPCG:  Solving for h, Initial residual = 0.0143135, Final residual = 8.79334e-11, No Iterations 31
DICPCG:  Solving for h, Initial residual = 0.000259889, Final residual = 6.61862e-11, No Iterations 24
DICPCG:  Solving for h, Initial residual = 1.19057e-05, Final residual = 6.56012e-11, No Iterations 20
Min/max T:303.478 305.158

Solving for solid region Heatsink
DICPCG:  Solving for h, Initial residual = 0.0359473, Final residual = 9.84861e-07, No Iterations 240
DICPCG:  Solving for h, Initial residual = 0.03269, Final residual = 9.50794e-07, No Iterations 173
DICPCG:  Solving for h, Initial residual = 0.00471561, Final residual = 9.49238e-07, No Iterations 115
Min/max T:302.154 304.099

Solving for solid region FRONT_PANEL
DICPCG:  Solving for h, Initial residual = 0.000261379, Final residual = 5.56419e-08, No Iterations 3
DICPCG:  Solving for h, Initial residual = 0.000259125, Final residual = 3.64489e-08, No Iterations 3
DICPCG:  Solving for h, Initial residual = 0.000258259, Final residual = 3.6298e-08, No Iterations 3
Min/max T:299.872 299.99
ExecutionTime = 1773.62 s  ClockTime = 1773 s

Region: domain0 Courant Number mean: 0.12468 max: 9.70996
Region: CPU Diffusion Number mean: 0.0823935 max: 1.16131
Region: Heatsink Diffusion Number mean: 0.0917996 max: 5.01215
Region: FRONT_PANEL Diffusion Number mean: 0.00267202 max: 2.79395
deltaT = 0.000833333
Time = 0.0683333


Solving for fluid region domain0
diagonal:  Solving for rho, Initial residual = 0, Final residual = 0, No Iterations 0
DILUPBiCGStab:  Solving for Ux, Initial residual = 0.00392516, Final residual = 3.13603e-08, No Iterations 3
DILUPBiCGStab:  Solving for Uy, Initial residual = 0.00352936, Final residual = 2.81772e-08, No Iterations 3
DILUPBiCGStab:  Solving for Uz, Initial residual = 0.00165266, Final residual = 3.9381e-08, No Iterations 3
DILUPBiCGStab:  Solving for h, Initial residual = 0.000551299, Final residual = 8.36869e-08, No Iterations 2
Min/max T:299.873 304.906
DICPCG:  Solving for p_rgh, Initial residual = 0.0015135, Final residual = 1.48378e-05, No Iterations 128
DICPCG:  Solving for p_rgh, Initial residual = 0.000367759, Final residual = 3.63659e-06, No Iterations 55
DICPCG:  Solving for p_rgh, Initial residual = 3.67274e-05, Final residual = 3.60165e-07, No Iterations 105
diagonal:  Solving for rho, Initial residual = 0, Final residual = 0, No Iterations 0
time step continuity errors (domain0): sum local = 3.66249e-09, global = -1.53813e-10, cumulative = -8.4182e-08
DICPCG:  Solving for p_rgh, Initial residual = 0.000351706, Final residual = 3.50466e-06, No Iterations 87
DICPCG:  Solving for p_rgh, Initial residual = 0.000115447, Final residual = 1.13581e-06, No Iterations 54
DICPCG:  Solving for p_rgh, Initial residual = 1.12945e-05, Final residual = 1.12407e-07, No Iterations 122
diagonal:  Solving for rho, Initial residual = 0, Final residual = 0, No Iterations 0
time step continuity errors (domain0): sum local = 1.14307e-09, global = 1.92697e-10, cumulative = -8.39893e-08
DICPCG:  Solving for p_rgh, Initial residual = 4.611e-05, Final residual = 4.58584e-07, No Iterations 64
DICPCG:  Solving for p_rgh, Initial residual = 8.33688e-06, Final residual = 9.7886e-08, No Iterations 110
DICPCG:  Solving for p_rgh, Initial residual = 1.06997e-06, Final residual = 9.08784e-08, No Iterations 4
diagonal:  Solving for rho, Initial residual = 0, Final residual = 0, No Iterations 0
time step continuity errors (domain0): sum local = 9.24089e-10, global = 6.80983e-11, cumulative = -8.39212e-08
DICPCG:  Solving for p_rgh, Initial residual = 1.30792e-05, Final residual = 1.26352e-07, No Iterations 65
DICPCG:  Solving for p_rgh, Initial residual = 2.43588e-06, Final residual = 9.49863e-08, No Iterations 12
DICPCG:  Solving for p_rgh, Initial residual = 2.86139e-07, Final residual = 9.80687e-08, No Iterations 1
diagonal:  Solving for rho, Initial residual = 0, Final residual = 0, No Iterations 0
time step continuity errors (domain0): sum local = 9.97188e-10, global = 1.82968e-10, cumulative = -8.37382e-08
DILUPBiCGStab:  Solving for epsilon, Initial residual = 0.00115274, Final residual = 2.20955e-08, No Iterations 3
bounding epsilon, min: -0.202632 max: 2119.33 average: 7.8537
DILUPBiCGStab:  Solving for k, Initial residual = 0.00474712, Final residual = 8.04013e-08, No Iterations 3

Solving for solid region CPU
DICPCG:  Solving for h, Initial residual = 0.014169, Final residual = 8.69962e-11, No Iterations 31
DICPCG:  Solving for h, Initial residual = 0.000257434, Final residual = 6.55513e-11, No Iterations 24
DICPCG:  Solving for h, Initial residual = 1.17912e-05, Final residual = 6.49607e-11, No Iterations 20
Min/max T:303.497 305.181

Solving for solid region Heatsink
DICPCG:  Solving for h, Initial residual = 0.035457, Final residual = 9.76334e-07, No Iterations 240
DICPCG:  Solving for h, Initial residual = 0.0322422, Final residual = 9.99764e-07, No Iterations 172
DICPCG:  Solving for h, Initial residual = 0.0046496, Final residual = 9.89183e-07, No Iterations 114
Min/max T:302.166 304.122

Solving for solid region FRONT_PANEL
DICPCG:  Solving for h, Initial residual = 0.000260771, Final residual = 5.48896e-08, No Iterations 3
DICPCG:  Solving for h, Initial residual = 0.000258586, Final residual = 3.54801e-08, No Iterations 3
DICPCG:  Solving for h, Initial residual = 0.000257743, Final residual = 3.54143e-08, No Iterations 3
Min/max T:299.873 299.989
ExecutionTime = 1803.42 s  ClockTime = 1803 s

Region: domain0 Courant Number mean: 0.124913 max: 9.71043
Region: CPU Diffusion Number mean: 0.0823935 max: 1.16131
Region: Heatsink Diffusion Number mean: 0.0917996 max: 5.01215
Region: FRONT_PANEL Diffusion Number mean: 0.00267202 max: 2.79395
deltaT = 0.000833333
Time = 0.0691667


Solving for fluid region domain0
diagonal:  Solving for rho, Initial residual = 0, Final residual = 0, No Iterations 0
DILUPBiCGStab:  Solving for Ux, Initial residual = 0.00390461, Final residual = 3.15891e-08, No Iterations 3
DILUPBiCGStab:  Solving for Uy, Initial residual = 0.00350665, Final residual = 2.75022e-08, No Iterations 3
DILUPBiCGStab:  Solving for Uz, Initial residual = 0.00164304, Final residual = 3.78483e-08, No Iterations 3
DILUPBiCGStab:  Solving for h, Initial residual = 0.000548409, Final residual = 8.60989e-08, No Iterations 2
Min/max T:299.874 304.929
DICPCG:  Solving for p_rgh, Initial residual = 0.00148997, Final residual = 1.43674e-05, No Iterations 129
DICPCG:  Solving for p_rgh, Initial residual = 0.000350041, Final residual = 3.44933e-06, No Iterations 50
DICPCG:  Solving for p_rgh, Initial residual = 3.52939e-05, Final residual = 3.37002e-07, No Iterations 136
diagonal:  Solving for rho, Initial residual = 0, Final residual = 0, No Iterations 0
time step continuity errors (domain0): sum local = 3.42852e-09, global = -2.78464e-11, cumulative = -8.37661e-08
DICPCG:  Solving for p_rgh, Initial residual = 0.000344408, Final residual = 3.35183e-06, No Iterations 91
DICPCG:  Solving for p_rgh, Initial residual = 0.00011001, Final residual = 1.09557e-06, No Iterations 67
DICPCG:  Solving for p_rgh, Initial residual = 1.10357e-05, Final residual = 1.10152e-07, No Iterations 130
diagonal:  Solving for rho, Initial residual = 0, Final residual = 0, No Iterations 0
time step continuity errors (domain0): sum local = 1.12066e-09, global = 8.3489e-11, cumulative = -8.36826e-08
DICPCG:  Solving for p_rgh, Initial residual = 4.49448e-05, Final residual = 4.35799e-07, No Iterations 59
DICPCG:  Solving for p_rgh, Initial residual = 8.02188e-06, Final residual = 9.83818e-08, No Iterations 57
DICPCG:  Solving for p_rgh, Initial residual = 1.0423e-06, Final residual = 9.51355e-08, No Iterations 4
diagonal:  Solving for rho, Initial residual = 0, Final residual = 0, No Iterations 0
time step continuity errors (domain0): sum local = 9.6777e-10, global = 1.83903e-10, cumulative = -8.34987e-08
DICPCG:  Solving for p_rgh, Initial residual = 1.26285e-05, Final residual = 1.24724e-07, No Iterations 76
DICPCG:  Solving for p_rgh, Initial residual = 2.35918e-06, Final residual = 9.57162e-08, No Iterations 13
DICPCG:  Solving for p_rgh, Initial residual = 2.78362e-07, Final residual = 9.41705e-08, No Iterations 1
diagonal:  Solving for rho, Initial residual = 0, Final residual = 0, No Iterations 0
time step continuity errors (domain0): sum local = 9.57924e-10, global = 2.95715e-10, cumulative = -8.3203e-08
DILUPBiCGStab:  Solving for epsilon, Initial residual = 0.00112798, Final residual = 2.20433e-08, No Iterations 3
bounding epsilon, min: -0.084184 max: 2119.31 average: 7.87951
DILUPBiCGStab:  Solving for k, Initial residual = 0.00469845, Final residual = 7.91028e-08, No Iterations 3

Solving for solid region CPU
DICPCG:  Solving for h, Initial residual = 0.014025, Final residual = 8.60638e-11, No Iterations 31
DICPCG:  Solving for h, Initial residual = 0.000254985, Final residual = 6.49195e-11, No Iterations 24
DICPCG:  Solving for h, Initial residual = 1.16771e-05, Final residual = 6.4323e-11, No Iterations 20
Min/max T:303.515 305.204

Solving for solid region Heatsink
DICPCG:  Solving for h, Initial residual = 0.0349714, Final residual = 9.67518e-07, No Iterations 240
DICPCG:  Solving for h, Initial residual = 0.0317985, Final residual = 9.89251e-07, No Iterations 172
DICPCG:  Solving for h, Initial residual = 0.00458425, Final residual = 9.7456e-07, No Iterations 114
Min/max T:302.179 304.145

Solving for solid region FRONT_PANEL
DICPCG:  Solving for h, Initial residual = 0.000260263, Final residual = 5.41803e-08, No Iterations 3
DICPCG:  Solving for h, Initial residual = 0.000258144, Final residual = 3.45481e-08, No Iterations 3
DICPCG:  Solving for h, Initial residual = 0.000257327, Final residual = 3.45627e-08, No Iterations 3
Min/max T:299.874 299.989
ExecutionTime = 1834.44 s  ClockTime = 1834 s

Region: domain0 Courant Number mean: 0.125146 max: 9.71136
Region: CPU Diffusion Number mean: 0.0823935 max: 1.16131
Region: Heatsink Diffusion Number mean: 0.0917996 max: 5.01215
Region: FRONT_PANEL Diffusion Number mean: 0.00267202 max: 2.79395
deltaT = 0.000833333
Time = 0.07


Solving for fluid region domain0
diagonal:  Solving for rho, Initial residual = 0, Final residual = 0, No Iterations 0
DILUPBiCGStab:  Solving for Ux, Initial residual = 0.00388012, Final residual = 3.17601e-08, No Iterations 3
DILUPBiCGStab:  Solving for Uy, Initial residual = 0.00348396, Final residual = 2.74938e-08, No Iterations 3
DILUPBiCGStab:  Solving for Uz, Initial residual = 0.00163512, Final residual = 3.73029e-08, No Iterations 3
DILUPBiCGStab:  Solving for h, Initial residual = 0.000544809, Final residual = 8.84323e-08, No Iterations 2
Min/max T:299.874 304.951
DICPCG:  Solving for p_rgh, Initial residual = 0.00146887, Final residual = 1.41923e-05, No Iterations 129
DICPCG:  Solving for p_rgh, Initial residual = 0.000348835, Final residual = 3.47949e-06, No Iterations 54
DICPCG:  Solving for p_rgh, Initial residual = 3.51802e-05, Final residual = 3.42148e-07, No Iterations 129
diagonal:  Solving for rho, Initial residual = 0, Final residual = 0, No Iterations 0
time step continuity errors (domain0): sum local = 3.48214e-09, global = -1.03423e-10, cumulative = -8.33064e-08
DICPCG:  Solving for p_rgh, Initial residual = 0.000338423, Final residual = 3.20327e-06, No Iterations 92
DICPCG:  Solving for p_rgh, Initial residual = 0.000109562, Final residual = 1.09016e-06, No Iterations 70
DICPCG:  Solving for p_rgh, Initial residual = 1.08673e-05, Final residual = 1.0771e-07, No Iterations 126
diagonal:  Solving for rho, Initial residual = 0, Final residual = 0, No Iterations 0
time step continuity errors (domain0): sum local = 1.09641e-09, global = 8.42253e-11, cumulative = -8.32221e-08
DICPCG:  Solving for p_rgh, Initial residual = 4.36299e-05, Final residual = 4.25849e-07, No Iterations 59
DICPCG:  Solving for p_rgh, Initial residual = 7.82969e-06, Final residual = 9.94999e-08, No Iterations 108
DICPCG:  Solving for p_rgh, Initial residual = 1.01996e-06, Final residual = 8.98439e-08, No Iterations 4
diagonal:  Solving for rho, Initial residual = 0, Final residual = 0, No Iterations 0
time step continuity errors (domain0): sum local = 9.14301e-10, global = 4.4661e-11, cumulative = -8.31775e-08
DICPCG:  Solving for p_rgh, Initial residual = 1.22377e-05, Final residual = 1.17919e-07, No Iterations 66
DICPCG:  Solving for p_rgh, Initial residual = 2.29075e-06, Final residual = 9.70067e-08, No Iterations 12
DICPCG:  Solving for p_rgh, Initial residual = 2.73989e-07, Final residual = 9.04259e-08, No Iterations 1
diagonal:  Solving for rho, Initial residual = 0, Final residual = 0, No Iterations 0
time step continuity errors (domain0): sum local = 9.20209e-10, global = 2.21948e-10, cumulative = -8.29555e-08
DILUPBiCGStab:  Solving for epsilon, Initial residual = 0.0011047, Final residual = 2.17713e-08, No Iterations 3
bounding epsilon, min: -0.203549 max: 2119.3 average: 7.90574
DILUPBiCGStab:  Solving for k, Initial residual = 0.0046533, Final residual = 7.78235e-08, No Iterations 3

Solving for solid region CPU
DICPCG:  Solving for h, Initial residual = 0.0138817, Final residual = 8.51369e-11, No Iterations 31
DICPCG:  Solving for h, Initial residual = 0.000252542, Final residual = 6.42909e-11, No Iterations 24
DICPCG:  Solving for h, Initial residual = 1.15633e-05, Final residual = 6.36874e-11, No Iterations 20
Min/max T:303.534 305.227

Solving for solid region Heatsink
DICPCG:  Solving for h, Initial residual = 0.0344934, Final residual = 9.5829e-07, No Iterations 240
DICPCG:  Solving for h, Initial residual = 0.0313621, Final residual = 9.78751e-07, No Iterations 172
DICPCG:  Solving for h, Initial residual = 0.00452001, Final residual = 9.60173e-07, No Iterations 114
Min/max T:302.191 304.167

Solving for solid region FRONT_PANEL
DICPCG:  Solving for h, Initial residual = 0.000259815, Final residual = 5.3509e-08, No Iterations 3
DICPCG:  Solving for h, Initial residual = 0.000257761, Final residual = 3.36478e-08, No Iterations 3
DICPCG:  Solving for h, Initial residual = 0.000256965, Final residual = 3.37395e-08, No Iterations 3
Min/max T:299.874 299.988
ExecutionTime = 1865.87 s  ClockTime = 1866 s

Region: domain0 Courant Number mean: 0.125379 max: 9.71206
Region: CPU Diffusion Number mean: 0.0823935 max: 1.16131
Region: Heatsink Diffusion Number mean: 0.0917996 max: 5.01215
Region: FRONT_PANEL Diffusion Number mean: 0.00267202 max: 2.79395
deltaT = 0.000833333
Time = 0.0708333


Solving for fluid region domain0
diagonal:  Solving for rho, Initial residual = 0, Final residual = 0, No Iterations 0
DILUPBiCGStab:  Solving for Ux, Initial residual = 0.0038583, Final residual = 3.2067e-08, No Iterations 3
DILUPBiCGStab:  Solving for Uy, Initial residual = 0.00346502, Final residual = 2.75071e-08, No Iterations 3
DILUPBiCGStab:  Solving for Uz, Initial residual = 0.0016264, Final residual = 3.67985e-08, No Iterations 3
DILUPBiCGStab:  Solving for h, Initial residual = 0.000542147, Final residual = 9.0996e-08, No Iterations 2
Min/max T:299.875 304.973
DICPCG:  Solving for p_rgh, Initial residual = 0.00144902, Final residual = 1.43819e-05, No Iterations 129
DICPCG:  Solving for p_rgh, Initial residual = 0.000343978, Final residual = 3.34067e-06, No Iterations 51
DICPCG:  Solving for p_rgh, Initial residual = 3.47376e-05, Final residual = 3.37729e-07, No Iterations 136
diagonal:  Solving for rho, Initial residual = 0, Final residual = 0, No Iterations 0
time step continuity errors (domain0): sum local = 3.43851e-09, global = -2.83235e-11, cumulative = -8.29839e-08
DICPCG:  Solving for p_rgh, Initial residual = 0.000334547, Final residual = 3.1788e-06, No Iterations 93
DICPCG:  Solving for p_rgh, Initial residual = 0.000107866, Final residual = 1.07387e-06, No Iterations 91
DICPCG:  Solving for p_rgh, Initial residual = 1.08951e-05, Final residual = 1.05383e-07, No Iterations 116
diagonal:  Solving for rho, Initial residual = 0, Final residual = 0, No Iterations 0
time step continuity errors (domain0): sum local = 1.07307e-09, global = 3.79306e-12, cumulative = -8.29801e-08
DICPCG:  Solving for p_rgh, Initial residual = 4.30477e-05, Final residual = 4.20644e-07, No Iterations 60
DICPCG:  Solving for p_rgh, Initial residual = 7.81717e-06, Final residual = 9.92057e-08, No Iterations 108
DICPCG:  Solving for p_rgh, Initial residual = 1.00699e-06, Final residual = 8.90982e-08, No Iterations 4
diagonal:  Solving for rho, Initial residual = 0, Final residual = 0, No Iterations 0
time step continuity errors (domain0): sum local = 9.07056e-10, global = 4.00569e-11, cumulative = -8.294e-08
DICPCG:  Solving for p_rgh, Initial residual = 1.20975e-05, Final residual = 1.18439e-07, No Iterations 68
DICPCG:  Solving for p_rgh, Initial residual = 2.27625e-06, Final residual = 9.78811e-08, No Iterations 12
DICPCG:  Solving for p_rgh, Initial residual = 2.72553e-07, Final residual = 9.05314e-08, No Iterations 1
diagonal:  Solving for rho, Initial residual = 0, Final residual = 0, No Iterations 0
time step continuity errors (domain0): sum local = 9.21642e-10, global = 2.49971e-10, cumulative = -8.269e-08
DILUPBiCGStab:  Solving for epsilon, Initial residual = 0.00108226, Final residual = 9.99519e-08, No Iterations 2
DILUPBiCGStab:  Solving for k, Initial residual = 0.00460998, Final residual = 7.66392e-08, No Iterations 3

Solving for solid region CPU
DICPCG:  Solving for h, Initial residual = 0.013739, Final residual = 8.42151e-11, No Iterations 31
DICPCG:  Solving for h, Initial residual = 0.000250109, Final residual = 6.36669e-11, No Iterations 24
DICPCG:  Solving for h, Initial residual = 1.14501e-05, Final residual = 6.30554e-11, No Iterations 20
Min/max T:303.552 305.249

Solving for solid region Heatsink
DICPCG:  Solving for h, Initial residual = 0.0340193, Final residual = 9.48791e-07, No Iterations 240
DICPCG:  Solving for h, Initial residual = 0.030929, Final residual = 9.68631e-07, No Iterations 172
DICPCG:  Solving for h, Initial residual = 0.00445632, Final residual = 9.96017e-07, No Iterations 113
Min/max T:302.202 304.189

Solving for solid region FRONT_PANEL
DICPCG:  Solving for h, Initial residual = 0.000259446, Final residual = 5.28725e-08, No Iterations 3
DICPCG:  Solving for h, Initial residual = 0.000257449, Final residual = 3.27822e-08, No Iterations 3
DICPCG:  Solving for h, Initial residual = 0.000256673, Final residual = 3.29499e-08, No Iterations 3
Min/max T:299.875 299.988
ExecutionTime = 1897.14 s  ClockTime = 1897 s

Region: domain0 Courant Number mean: 0.125613 max: 9.71286
Region: CPU Diffusion Number mean: 0.0823935 max: 1.16131
Region: Heatsink Diffusion Number mean: 0.0917996 max: 5.01215
Region: FRONT_PANEL Diffusion Number mean: 0.00267202 max: 2.79395
deltaT = 0.000833333
Time = 0.0716667


Solving for fluid region domain0
diagonal:  Solving for rho, Initial residual = 0, Final residual = 0, No Iterations 0
DILUPBiCGStab:  Solving for Ux, Initial residual = 0.00384107, Final residual = 3.31027e-08, No Iterations 3
DILUPBiCGStab:  Solving for Uy, Initial residual = 0.00345244, Final residual = 2.95849e-08, No Iterations 3
DILUPBiCGStab:  Solving for Uz, Initial residual = 0.0016198, Final residual = 4.17869e-08, No Iterations 3
DILUPBiCGStab:  Solving for h, Initial residual = 0.000539833, Final residual = 9.3657e-08, No Iterations 2
Min/max T:299.876 304.995
DICPCG:  Solving for p_rgh, Initial residual = 0.0014657, Final residual = 1.41073e-05, No Iterations 128
DICPCG:  Solving for p_rgh, Initial residual = 0.00034935, Final residual = 3.45097e-06, No Iterations 43
DICPCG:  Solving for p_rgh, Initial residual = 3.58506e-05, Final residual = 3.50571e-07, No Iterations 93
diagonal:  Solving for rho, Initial residual = 0, Final residual = 0, No Iterations 0
time step continuity errors (domain0): sum local = 3.57123e-09, global = -3.0089e-10, cumulative = -8.29909e-08
DICPCG:  Solving for p_rgh, Initial residual = 0.000345563, Final residual = 3.28421e-06, No Iterations 129
DICPCG:  Solving for p_rgh, Initial residual = 0.000112084, Final residual = 1.09539e-06, No Iterations 44
DICPCG:  Solving for p_rgh, Initial residual = 1.0888e-05, Final residual = 1.02559e-07, No Iterations 141
diagonal:  Solving for rho, Initial residual = 0, Final residual = 0, No Iterations 0
time step continuity errors (domain0): sum local = 1.04475e-09, global = -2.38863e-11, cumulative = -8.30148e-08
DICPCG:  Solving for p_rgh, Initial residual = 4.62834e-05, Final residual = 4.58857e-07, No Iterations 81
DICPCG:  Solving for p_rgh, Initial residual = 8.69431e-06, Final residual = 9.6793e-08, No Iterations 93
DICPCG:  Solving for p_rgh, Initial residual = 1.1194e-06, Final residual = 8.684e-08, No Iterations 4
diagonal:  Solving for rho, Initial residual = 0, Final residual = 0, No Iterations 0
time step continuity errors (domain0): sum local = 8.8441e-10, global = 8.69905e-11, cumulative = -8.29278e-08
DICPCG:  Solving for p_rgh, Initial residual = 1.33751e-05, Final residual = 1.32511e-07, No Iterations 115
DICPCG:  Solving for p_rgh, Initial residual = 2.4909e-06, Final residual = 8.93268e-08, No Iterations 10
DICPCG:  Solving for p_rgh, Initial residual = 2.7784e-07, Final residual = 9.57483e-08, No Iterations 1
diagonal:  Solving for rho, Initial residual = 0, Final residual = 0, No Iterations 0
time step continuity errors (domain0): sum local = 9.75122e-10, global = 2.42442e-11, cumulative = -8.29036e-08
DILUPBiCGStab:  Solving for epsilon, Initial residual = 0.00106314, Final residual = 9.86325e-08, No Iterations 2
bounding epsilon, min: -2.35138 max: 2119.28 average: 7.95954
DILUPBiCGStab:  Solving for k, Initial residual = 0.00457688, Final residual = 7.69757e-08, No Iterations 3

Solving for solid region CPU
DICPCG:  Solving for h, Initial residual = 0.0135968, Final residual = 8.32988e-11, No Iterations 31
DICPCG:  Solving for h, Initial residual = 0.000247682, Final residual = 6.30456e-11, No Iterations 24
DICPCG:  Solving for h, Initial residual = 1.13372e-05, Final residual = 6.24257e-11, No Iterations 20
Min/max T:303.569 305.271

Solving for solid region Heatsink
DICPCG:  Solving for h, Initial residual = 0.0335508, Final residual = 9.99839e-07, No Iterations 239
DICPCG:  Solving for h, Initial residual = 0.0305011, Final residual = 9.58602e-07, No Iterations 172
DICPCG:  Solving for h, Initial residual = 0.00439344, Final residual = 9.81153e-07, No Iterations 113
Min/max T:302.214 304.211

Solving for solid region FRONT_PANEL
DICPCG:  Solving for h, Initial residual = 0.000259137, Final residual = 5.22665e-08, No Iterations 3
DICPCG:  Solving for h, Initial residual = 0.000257194, Final residual = 3.19536e-08, No Iterations 3
DICPCG:  Solving for h, Initial residual = 0.000256439, Final residual = 3.21971e-08, No Iterations 3
Min/max T:299.876 299.987
ExecutionTime = 1930.46 s  ClockTime = 1931 s

Region: domain0 Courant Number mean: 0.125846 max: 9.71373
Region: CPU Diffusion Number mean: 0.0823935 max: 1.16131
Region: Heatsink Diffusion Number mean: 0.0917996 max: 5.01215
Region: FRONT_PANEL Diffusion Number mean: 0.00267202 max: 2.79395
deltaT = 0.000833333
Time = 0.0725


Solving for fluid region domain0
diagonal:  Solving for rho, Initial residual = 0, Final residual = 0, No Iterations 0
DILUPBiCGStab:  Solving for Ux, Initial residual = 0.00381773, Final residual = 3.34848e-08, No Iterations 3
DILUPBiCGStab:  Solving for Uy, Initial residual = 0.00343519, Final residual = 2.98082e-08, No Iterations 3
DILUPBiCGStab:  Solving for Uz, Initial residual = 0.00161168, Final residual = 3.50627e-08, No Iterations 3
DILUPBiCGStab:  Solving for h, Initial residual = 0.000537619, Final residual = 9.63317e-08, No Iterations 2
Min/max T:299.876 305.017
DICPCG:  Solving for p_rgh, Initial residual = 0.0014517, Final residual = 1.43588e-05, No Iterations 85
DICPCG:  Solving for p_rgh, Initial residual = 0.000370933, Final residual = 3.6799e-06, No Iterations 100
DICPCG:  Solving for p_rgh, Initial residual = 3.82913e-05, Final residual = 3.78469e-07, No Iterations 72
diagonal:  Solving for rho, Initial residual = 0, Final residual = 0, No Iterations 0
time step continuity errors (domain0): sum local = 3.85674e-09, global = -7.59018e-10, cumulative = -8.36626e-08
DICPCG:  Solving for p_rgh, Initial residual = 0.000345116, Final residual = 3.21284e-06, No Iterations 89
DICPCG:  Solving for p_rgh, Initial residual = 0.000117094, Final residual = 1.15036e-06, No Iterations 42
DICPCG:  Solving for p_rgh, Initial residual = 1.10276e-05, Final residual = 1.07599e-07, No Iterations 97
diagonal:  Solving for rho, Initial residual = 0, Final residual = 0, No Iterations 0
time step continuity errors (domain0): sum local = 1.09645e-09, global = -4.60894e-11, cumulative = -8.37087e-08
DICPCG:  Solving for p_rgh, Initial residual = 4.6071e-05, Final residual = 4.59042e-07, No Iterations 58
DICPCG:  Solving for p_rgh, Initial residual = 8.42583e-06, Final residual = 9.60588e-08, No Iterations 111
DICPCG:  Solving for p_rgh, Initial residual = 1.19265e-06, Final residual = 9.3625e-08, No Iterations 4
diagonal:  Solving for rho, Initial residual = 0, Final residual = 0, No Iterations 0
time step continuity errors (domain0): sum local = 9.53876e-10, global = 1.34886e-10, cumulative = -8.35738e-08
DICPCG:  Solving for p_rgh, Initial residual = 1.33615e-05, Final residual = 1.27932e-07, No Iterations 65
DICPCG:  Solving for p_rgh, Initial residual = 2.53288e-06, Final residual = 9.31414e-08, No Iterations 12
DICPCG:  Solving for p_rgh, Initial residual = 2.90217e-07, Final residual = 7.91025e-08, No Iterations 2
diagonal:  Solving for rho, Initial residual = 0, Final residual = 0, No Iterations 0
time step continuity errors (domain0): sum local = 8.05914e-10, global = 2.40253e-10, cumulative = -8.33336e-08
DILUPBiCGStab:  Solving for epsilon, Initial residual = 0.00104275, Final residual = 9.62617e-08, No Iterations 2
DILUPBiCGStab:  Solving for k, Initial residual = 0.00453405, Final residual = 7.47277e-08, No Iterations 3

Solving for solid region CPU
DICPCG:  Solving for h, Initial residual = 0.0134553, Final residual = 8.23879e-11, No Iterations 31
DICPCG:  Solving for h, Initial residual = 0.00024526, Final residual = 6.24276e-11, No Iterations 24
DICPCG:  Solving for h, Initial residual = 1.12248e-05, Final residual = 6.1799e-11, No Iterations 20
Min/max T:303.587 305.293

Solving for solid region Heatsink
DICPCG:  Solving for h, Initial residual = 0.0330876, Final residual = 9.89302e-07, No Iterations 239
DICPCG:  Solving for h, Initial residual = 0.0300781, Final residual = 9.48417e-07, No Iterations 172
DICPCG:  Solving for h, Initial residual = 0.00433132, Final residual = 9.66448e-07, No Iterations 113
Min/max T:302.225 304.233

Solving for solid region FRONT_PANEL
DICPCG:  Solving for h, Initial residual = 0.000258846, Final residual = 5.16823e-08, No Iterations 3
DICPCG:  Solving for h, Initial residual = 0.00025695, Final residual = 3.11599e-08, No Iterations 3
DICPCG:  Solving for h, Initial residual = 0.000256215, Final residual = 3.14721e-08, No Iterations 3
Min/max T:299.876 299.987
ExecutionTime = 1961.57 s  ClockTime = 1962 s

Region: domain0 Courant Number mean: 0.126078 max: 9.71399
Region: CPU Diffusion Number mean: 0.0823935 max: 1.16131
Region: Heatsink Diffusion Number mean: 0.0917996 max: 5.01215
Region: FRONT_PANEL Diffusion Number mean: 0.00267202 max: 2.79395
deltaT = 0.000833333
Time = 0.0733333


Solving for fluid region domain0
diagonal:  Solving for rho, Initial residual = 0, Final residual = 0, No Iterations 0
DILUPBiCGStab:  Solving for Ux, Initial residual = 0.00379937, Final residual = 3.31599e-08, No Iterations 3
DILUPBiCGStab:  Solving for Uy, Initial residual = 0.00341069, Final residual = 2.75272e-08, No Iterations 3
DILUPBiCGStab:  Solving for Uz, Initial residual = 0.00160241, Final residual = 3.51452e-08, No Iterations 3
DILUPBiCGStab:  Solving for h, Initial residual = 0.000536295, Final residual = 9.96335e-08, No Iterations 2
Min/max T:299.877 305.038
DICPCG:  Solving for p_rgh, Initial residual = 0.00141444, Final residual = 1.38473e-05, No Iterations 97
DICPCG:  Solving for p_rgh, Initial residual = 0.00034398, Final residual = 3.33722e-06, No Iterations 92
DICPCG:  Solving for p_rgh, Initial residual = 3.57661e-05, Final residual = 3.48653e-07, No Iterations 102
diagonal:  Solving for rho, Initial residual = 0, Final residual = 0, No Iterations 0
time step continuity errors (domain0): sum local = 3.55433e-09, global = -3.17137e-10, cumulative = -8.36507e-08
DICPCG:  Solving for p_rgh, Initial residual = 0.000330561, Final residual = 3.11814e-06, No Iterations 92
DICPCG:  Solving for p_rgh, Initial residual = 0.000107418, Final residual = 1.04225e-06, No Iterations 67
DICPCG:  Solving for p_rgh, Initial residual = 1.06419e-05, Final residual = 1.0555e-07, No Iterations 134
diagonal:  Solving for rho, Initial residual = 0, Final residual = 0, No Iterations 0
time step continuity errors (domain0): sum local = 1.07598e-09, global = 5.21426e-11, cumulative = -8.35985e-08
DICPCG:  Solving for p_rgh, Initial residual = 4.29776e-05, Final residual = 4.20823e-07, No Iterations 59
DICPCG:  Solving for p_rgh, Initial residual = 7.86489e-06, Final residual = 9.961e-08, No Iterations 51
DICPCG:  Solving for p_rgh, Initial residual = 1.02024e-06, Final residual = 9.12602e-08, No Iterations 4
diagonal:  Solving for rho, Initial residual = 0, Final residual = 0, No Iterations 0
time step continuity errors (domain0): sum local = 9.30165e-10, global = 5.59136e-11, cumulative = -8.35426e-08
DICPCG:  Solving for p_rgh, Initial residual = 1.21736e-05, Final residual = 1.20368e-07, No Iterations 67
DICPCG:  Solving for p_rgh, Initial residual = 2.33132e-06, Final residual = 9.95621e-08, No Iterations 11
DICPCG:  Solving for p_rgh, Initial residual = 2.67754e-07, Final residual = 9.26262e-08, No Iterations 1
diagonal:  Solving for rho, Initial residual = 0, Final residual = 0, No Iterations 0
time step continuity errors (domain0): sum local = 9.44056e-10, global = 2.11496e-10, cumulative = -8.33311e-08
DILUPBiCGStab:  Solving for epsilon, Initial residual = 0.00101988, Final residual = 9.55952e-08, No Iterations 2
bounding epsilon, min: -0.205092 max: 2119.27 average: 8.01532
DILUPBiCGStab:  Solving for k, Initial residual = 0.00448911, Final residual = 7.38663e-08, No Iterations 3

Solving for solid region CPU
DICPCG:  Solving for h, Initial residual = 0.0133143, Final residual = 8.14821e-11, No Iterations 31
DICPCG:  Solving for h, Initial residual = 0.000242846, Final residual = 6.18141e-11, No Iterations 24
DICPCG:  Solving for h, Initial residual = 1.11129e-05, Final residual = 6.11754e-11, No Iterations 20
Min/max T:303.604 305.315

Solving for solid region Heatsink
DICPCG:  Solving for h, Initial residual = 0.032628, Final residual = 9.78647e-07, No Iterations 239
DICPCG:  Solving for h, Initial residual = 0.029658, Final residual = 9.38636e-07, No Iterations 172
DICPCG:  Solving for h, Initial residual = 0.00426971, Final residual = 9.51923e-07, No Iterations 113
Min/max T:302.237 304.255

Solving for solid region FRONT_PANEL
DICPCG:  Solving for h, Initial residual = 0.000258684, Final residual = 5.11356e-08, No Iterations 3
DICPCG:  Solving for h, Initial residual = 0.000256835, Final residual = 3.03996e-08, No Iterations 3
DICPCG:  Solving for h, Initial residual = 0.000256123, Final residual = 3.07784e-08, No Iterations 3
Min/max T:299.877 299.986
ExecutionTime = 1991.2 s  ClockTime = 1992 s

Region: domain0 Courant Number mean: 0.12631 max: 9.71489
Region: CPU Diffusion Number mean: 0.0823935 max: 1.16131
Region: Heatsink Diffusion Number mean: 0.0917996 max: 5.01215
Region: FRONT_PANEL Diffusion Number mean: 0.00267202 max: 2.79395
deltaT = 0.000833333
Time = 0.0741667


Solving for fluid region domain0
diagonal:  Solving for rho, Initial residual = 0, Final residual = 0, No Iterations 0
DILUPBiCGStab:  Solving for Ux, Initial residual = 0.00379188, Final residual = 3.78329e-08, No Iterations 3
DILUPBiCGStab:  Solving for Uy, Initial residual = 0.0034142, Final residual = 2.63854e-08, No Iterations 3
DILUPBiCGStab:  Solving for Uz, Initial residual = 0.00160037, Final residual = 7.42622e-08, No Iterations 3
DILUPBiCGStab:  Solving for h, Initial residual = 0.000533104, Final residual = 1.06153e-08, No Iterations 3
Min/max T:299.877 305.06
DICPCG:  Solving for p_rgh, Initial residual = 0.0014757, Final residual = 1.44757e-05, No Iterations 124
DICPCG:  Solving for p_rgh, Initial residual = 0.000366991, Final residual = 3.62609e-06, No Iterations 43
DICPCG:  Solving for p_rgh, Initial residual = 3.85378e-05, Final residual = 3.68869e-07, No Iterations 117
diagonal:  Solving for rho, Initial residual = 0, Final residual = 0, No Iterations 0
time step continuity errors (domain0): sum local = 3.76043e-09, global = 7.77021e-10, cumulative = -8.25541e-08
DICPCG:  Solving for p_rgh, Initial residual = 0.000358959, Final residual = 3.47501e-06, No Iterations 130
DICPCG:  Solving for p_rgh, Initial residual = 0.000120323, Final residual = 1.18076e-06, No Iterations 45
DICPCG:  Solving for p_rgh, Initial residual = 1.17125e-05, Final residual = 1.15925e-07, No Iterations 147
diagonal:  Solving for rho, Initial residual = 0, Final residual = 0, No Iterations 0
time step continuity errors (domain0): sum local = 1.18219e-09, global = -8.0816e-12, cumulative = -8.25622e-08
DICPCG:  Solving for p_rgh, Initial residual = 5.03623e-05, Final residual = 4.78387e-07, No Iterations 110
DICPCG:  Solving for p_rgh, Initial residual = 9.42229e-06, Final residual = 9.94063e-08, No Iterations 93
DICPCG:  Solving for p_rgh, Initial residual = 1.21829e-06, Final residual = 9.08476e-08, No Iterations 4
diagonal:  Solving for rho, Initial residual = 0, Final residual = 0, No Iterations 0
time step continuity errors (domain0): sum local = 9.26332e-10, global = 1.3149e-10, cumulative = -8.24307e-08
DICPCG:  Solving for p_rgh, Initial residual = 1.47893e-05, Final residual = 1.47189e-07, No Iterations 112
DICPCG:  Solving for p_rgh, Initial residual = 2.75836e-06, Final residual = 9.93396e-08, No Iterations 10
DICPCG:  Solving for p_rgh, Initial residual = 3.07862e-07, Final residual = 8.33468e-08, No Iterations 2
diagonal:  Solving for rho, Initial residual = 0, Final residual = 0, No Iterations 0
time step continuity errors (domain0): sum local = 8.49815e-10, global = 7.4099e-11, cumulative = -8.23566e-08
DILUPBiCGStab:  Solving for epsilon, Initial residual = 0.00100917, Final residual = 9.60902e-08, No Iterations 2
bounding epsilon, min: -3.8135 max: 2119.25 average: 8.04376
DILUPBiCGStab:  Solving for k, Initial residual = 0.00446921, Final residual = 9.2415e-08, No Iterations 3

Solving for solid region CPU
DICPCG:  Solving for h, Initial residual = 0.0131741, Final residual = 8.05826e-11, No Iterations 31
DICPCG:  Solving for h, Initial residual = 0.000240433, Final residual = 6.12035e-11, No Iterations 24
DICPCG:  Solving for h, Initial residual = 1.10013e-05, Final residual = 6.05536e-11, No Iterations 20
Min/max T:303.622 305.336

Solving for solid region Heatsink
DICPCG:  Solving for h, Initial residual = 0.0321775, Final residual = 9.67739e-07, No Iterations 239
DICPCG:  Solving for h, Initial residual = 0.0292471, Final residual = 9.28954e-07, No Iterations 172
DICPCG:  Solving for h, Initial residual = 0.00420944, Final residual = 9.37632e-07, No Iterations 113
Min/max T:302.248 304.276

Solving for solid region FRONT_PANEL
DICPCG:  Solving for h, Initial residual = 0.000258556, Final residual = 5.06223e-08, No Iterations 3
DICPCG:  Solving for h, Initial residual = 0.000256755, Final residual = 2.96641e-08, No Iterations 3
DICPCG:  Solving for h, Initial residual = 0.000256067, Final residual = 3.01073e-08, No Iterations 3
Min/max T:299.877 299.986
ExecutionTime = 2023.53 s  ClockTime = 2024 s

Region: domain0 Courant Number mean: 0.126544 max: 9.71602
Region: CPU Diffusion Number mean: 0.0823935 max: 1.16131
Region: Heatsink Diffusion Number mean: 0.0917996 max: 5.01215
Region: FRONT_PANEL Diffusion Number mean: 0.00267202 max: 2.79395
deltaT = 0.000833333
Time = 0.075


Solving for fluid region domain0
diagonal:  Solving for rho, Initial residual = 0, Final residual = 0, No Iterations 0
DILUPBiCGStab:  Solving for Ux, Initial residual = 0.00377161, Final residual = 8.61151e-08, No Iterations 3
DILUPBiCGStab:  Solving for Uy, Initial residual = 0.00340447, Final residual = 4.30272e-08, No Iterations 3
DILUPBiCGStab:  Solving for Uz, Initial residual = 0.00159157, Final residual = 1.69378e-08, No Iterations 3
DILUPBiCGStab:  Solving for h, Initial residual = 0.000531417, Final residual = 1.09175e-08, No Iterations 3
Min/max T:299.878 305.081
DICPCG:  Solving for p_rgh, Initial residual = 0.00148332, Final residual = 1.46191e-05, No Iterations 79
DICPCG:  Solving for p_rgh, Initial residual = 0.000409923, Final residual = 4.03689e-06, No Iterations 95
DICPCG:  Solving for p_rgh, Initial residual = 4.25676e-05, Final residual = 4.23428e-07, No Iterations 114
diagonal:  Solving for rho, Initial residual = 0, Final residual = 0, No Iterations 0
time step continuity errors (domain0): sum local = 4.31883e-09, global = -4.56809e-10, cumulative = -8.28134e-08
DICPCG:  Solving for p_rgh, Initial residual = 0.000365611, Final residual = 3.65534e-06, No Iterations 88
DICPCG:  Solving for p_rgh, Initial residual = 0.000132654, Final residual = 1.31168e-06, No Iterations 39
DICPCG:  Solving for p_rgh, Initial residual = 1.22309e-05, Final residual = 1.17737e-07, No Iterations 147
diagonal:  Solving for rho, Initial residual = 0, Final residual = 0, No Iterations 0
time step continuity errors (domain0): sum local = 1.20111e-09, global = 2.17076e-11, cumulative = -8.27917e-08
DICPCG:  Solving for p_rgh, Initial residual = 5.18302e-05, Final residual = 5.07203e-07, No Iterations 97
DICPCG:  Solving for p_rgh, Initial residual = 9.84497e-06, Final residual = 9.98626e-08, No Iterations 48
DICPCG:  Solving for p_rgh, Initial residual = 1.22851e-06, Final residual = 9.00747e-08, No Iterations 5
diagonal:  Solving for rho, Initial residual = 0, Final residual = 0, No Iterations 0
time step continuity errors (domain0): sum local = 9.18717e-10, global = 3.67422e-10, cumulative = -8.24243e-08
DICPCG:  Solving for p_rgh, Initial residual = 1.55981e-05, Final residual = 1.53057e-07, No Iterations 66
DICPCG:  Solving for p_rgh, Initial residual = 3.00363e-06, Final residual = 9.90623e-08, No Iterations 13
DICPCG:  Solving for p_rgh, Initial residual = 3.38611e-07, Final residual = 9.55912e-08, No Iterations 2
diagonal:  Solving for rho, Initial residual = 0, Final residual = 0, No Iterations 0
time step continuity errors (domain0): sum local = 9.75003e-10, global = 3.09689e-10, cumulative = -8.21146e-08
DILUPBiCGStab:  Solving for epsilon, Initial residual = 0.000993982, Final residual = 8.1414e-08, No Iterations 2
bounding epsilon, min: -0.205752 max: 2119.28 average: 8.07317
DILUPBiCGStab:  Solving for k, Initial residual = 0.00444752, Final residual = 2.17648e-08, No Iterations 3

Solving for solid region CPU
DICPCG:  Solving for h, Initial residual = 0.0130344, Final residual = 7.96882e-11, No Iterations 31
DICPCG:  Solving for h, Initial residual = 0.000238034, Final residual = 6.0598e-11, No Iterations 24
DICPCG:  Solving for h, Initial residual = 1.08904e-05, Final residual = 9.92397e-11, No Iterations 19
Min/max T:303.639 305.358

Solving for solid region Heatsink
DICPCG:  Solving for h, Initial residual = 0.0317289, Final residual = 9.56384e-07, No Iterations 239
DICPCG:  Solving for h, Initial residual = 0.0288373, Final residual = 9.89529e-07, No Iterations 171
DICPCG:  Solving for h, Initial residual = 0.00414943, Final residual = 9.23531e-07, No Iterations 113
Min/max T:302.259 304.297

Solving for solid region FRONT_PANEL
DICPCG:  Solving for h, Initial residual = 0.000258374, Final residual = 5.01187e-08, No Iterations 3
DICPCG:  Solving for h, Initial residual = 0.000256619, Final residual = 2.89469e-08, No Iterations 3
DICPCG:  Solving for h, Initial residual = 0.000255943, Final residual = 2.94519e-08, No Iterations 3
Min/max T:299.878 299.985
ExecutionTime = 2052.25 s  ClockTime = 2052 s

Region: domain0 Courant Number mean: 0.126775 max: 9.71586
Region: CPU Diffusion Number mean: 0.0823935 max: 1.16131
Region: Heatsink Diffusion Number mean: 0.0917996 max: 5.01215
Region: FRONT_PANEL Diffusion Number mean: 0.00267202 max: 2.79395
deltaT = 0.000833333
Time = 0.0758333


Solving for fluid region domain0
diagonal:  Solving for rho, Initial residual = 0, Final residual = 0, No Iterations 0
DILUPBiCGStab:  Solving for Ux, Initial residual = 0.00374763, Final residual = 3.42659e-08, No Iterations 3
DILUPBiCGStab:  Solving for Uy, Initial residual = 0.00337294, Final residual = 2.84051e-08, No Iterations 3
DILUPBiCGStab:  Solving for Uz, Initial residual = 0.00157923, Final residual = 3.1399e-08, No Iterations 3
DILUPBiCGStab:  Solving for h, Initial residual = 0.000531245, Final residual = 1.12095e-08, No Iterations 3
Min/max T:299.879 305.102
DICPCG:  Solving for p_rgh, Initial residual = 0.00144405, Final residual = 1.41625e-05, No Iterations 74
DICPCG:  Solving for p_rgh, Initial residual = 0.000349963, Final residual = 3.33021e-06, No Iterations 95
DICPCG:  Solving for p_rgh, Initial residual = 3.92387e-05, Final residual = 3.81188e-07, No Iterations 112
diagonal:  Solving for rho, Initial residual = 0, Final residual = 0, No Iterations 0
time step continuity errors (domain0): sum local = 3.88959e-09, global = -2.35066e-10, cumulative = -8.23497e-08
DICPCG:  Solving for p_rgh, Initial residual = 0.000342712, Final residual = 3.42268e-06, No Iterations 87
DICPCG:  Solving for p_rgh, Initial residual = 0.000109322, Final residual = 1.08556e-06, No Iterations 60
DICPCG:  Solving for p_rgh, Initial residual = 1.11513e-05, Final residual = 1.10433e-07, No Iterations 130
diagonal:  Solving for rho, Initial residual = 0, Final residual = 0, No Iterations 0
time step continuity errors (domain0): sum local = 1.12695e-09, global = -5.07986e-11, cumulative = -8.24005e-08
DICPCG:  Solving for p_rgh, Initial residual = 4.62307e-05, Final residual = 4.55255e-07, No Iterations 80
DICPCG:  Solving for p_rgh, Initial residual = 8.73983e-06, Final residual = 9.7589e-08, No Iterations 98
DICPCG:  Solving for p_rgh, Initial residual = 1.11762e-06, Final residual = 9.06755e-08, No Iterations 4
diagonal:  Solving for rho, Initial residual = 0, Final residual = 0, No Iterations 0
time step continuity errors (domain0): sum local = 9.25188e-10, global = -1.29439e-10, cumulative = -8.25299e-08
DICPCG:  Solving for p_rgh, Initial residual = 1.35566e-05, Final residual = 1.33004e-07, No Iterations 66
DICPCG:  Solving for p_rgh, Initial residual = 2.5885e-06, Final residual = 9.78596e-08, No Iterations 15
DICPCG:  Solving for p_rgh, Initial residual = 3.05437e-07, Final residual = 8.28438e-08, No Iterations 2
diagonal:  Solving for rho, Initial residual = 0, Final residual = 0, No Iterations 0
time step continuity errors (domain0): sum local = 8.4526e-10, global = -1.42456e-10, cumulative = -8.26724e-08
DILUPBiCGStab:  Solving for epsilon, Initial residual = 0.000974938, Final residual = 8.9432e-08, No Iterations 2
DILUPBiCGStab:  Solving for k, Initial residual = 0.00438211, Final residual = 7.03019e-08, No Iterations 3

Solving for solid region CPU
DICPCG:  Solving for h, Initial residual = 0.0128951, Final residual = 7.87988e-11, No Iterations 31
DICPCG:  Solving for h, Initial residual = 0.00023564, Final residual = 5.9995e-11, No Iterations 24
DICPCG:  Solving for h, Initial residual = 1.07798e-05, Final residual = 9.82216e-11, No Iterations 19
Min/max T:303.655 305.379

Solving for solid region Heatsink
DICPCG:  Solving for h, Initial residual = 0.0312816, Final residual = 9.94414e-07, No Iterations 238
DICPCG:  Solving for h, Initial residual = 0.0284278, Final residual = 9.79012e-07, No Iterations 171
DICPCG:  Solving for h, Initial residual = 0.00408956, Final residual = 9.09429e-07, No Iterations 113
Min/max T:302.269 304.318

Solving for solid region FRONT_PANEL
DICPCG:  Solving for h, Initial residual = 0.000258403, Final residual = 4.96608e-08, No Iterations 3
DICPCG:  Solving for h, Initial residual = 0.000256695, Final residual = 2.82687e-08, No Iterations 3
DICPCG:  Solving for h, Initial residual = 0.000256036, Final residual = 2.88335e-08, No Iterations 3
Min/max T:299.879 299.985
ExecutionTime = 2084.01 s  ClockTime = 2083 s

Region: domain0 Courant Number mean: 0.127006 max: 9.71679
Region: CPU Diffusion Number mean: 0.0823935 max: 1.16131
Region: Heatsink Diffusion Number mean: 0.0917996 max: 5.01215
Region: FRONT_PANEL Diffusion Number mean: 0.00267202 max: 2.79395
deltaT = 0.000833333
Time = 0.0766667


Solving for fluid region domain0
diagonal:  Solving for rho, Initial residual = 0, Final residual = 0, No Iterations 0
DILUPBiCGStab:  Solving for Ux, Initial residual = 0.00372164, Final residual = 3.37341e-08, No Iterations 3
DILUPBiCGStab:  Solving for Uy, Initial residual = 0.00334719, Final residual = 2.6942e-08, No Iterations 3
DILUPBiCGStab:  Solving for Uz, Initial residual = 0.00157071, Final residual = 3.94966e-08, No Iterations 3
DILUPBiCGStab:  Solving for h, Initial residual = 0.000528127, Final residual = 1.14636e-08, No Iterations 3
Min/max T:299.879 305.122
DICPCG:  Solving for p_rgh, Initial residual = 0.00137885, Final residual = 1.36729e-05, No Iterations 126
DICPCG:  Solving for p_rgh, Initial residual = 0.000328507, Final residual = 3.21689e-06, No Iterations 90
DICPCG:  Solving for p_rgh, Initial residual = 3.3932e-05, Final residual = 3.35408e-07, No Iterations 114
diagonal:  Solving for rho, Initial residual = 0, Final residual = 0, No Iterations 0
time step continuity errors (domain0): sum local = 3.42325e-09, global = -3.09685e-10, cumulative = -8.2982e-08
DICPCG:  Solving for p_rgh, Initial residual = 0.000321919, Final residual = 3.19821e-06, No Iterations 96
DICPCG:  Solving for p_rgh, Initial residual = 0.000103291, Final residual = 1.0187e-06, No Iterations 92
DICPCG:  Solving for p_rgh, Initial residual = 1.10021e-05, Final residual = 1.06698e-07, No Iterations 142
diagonal:  Solving for rho, Initial residual = 0, Final residual = 0, No Iterations 0
time step continuity errors (domain0): sum local = 1.08924e-09, global = 4.2081e-12, cumulative = -8.29778e-08
DICPCG:  Solving for p_rgh, Initial residual = 4.14932e-05, Final residual = 4.09576e-07, No Iterations 58
DICPCG:  Solving for p_rgh, Initial residual = 7.60724e-06, Final residual = 9.96389e-08, No Iterations 97
DICPCG:  Solving for p_rgh, Initial residual = 9.96115e-07, Final residual = 9.00034e-08, No Iterations 4
diagonal:  Solving for rho, Initial residual = 0, Final residual = 0, No Iterations 0
time step continuity errors (domain0): sum local = 9.1862e-10, global = 1.18871e-10, cumulative = -8.2859e-08
DICPCG:  Solving for p_rgh, Initial residual = 1.17756e-05, Final residual = 1.16226e-07, No Iterations 109
DICPCG:  Solving for p_rgh, Initial residual = 2.22857e-06, Final residual = 9.5306e-08, No Iterations 10
DICPCG:  Solving for p_rgh, Initial residual = 2.57604e-07, Final residual = 8.87296e-08, No Iterations 1
diagonal:  Solving for rho, Initial residual = 0, Final residual = 0, No Iterations 0
time step continuity errors (domain0): sum local = 9.0561e-10, global = 4.75722e-11, cumulative = -8.28114e-08
DILUPBiCGStab:  Solving for epsilon, Initial residual = 0.000954387, Final residual = 8.65737e-08, No Iterations 2
bounding epsilon, min: -0.249777 max: 2119.25 average: 8.13167
DILUPBiCGStab:  Solving for k, Initial residual = 0.00433985, Final residual = 6.93128e-08, No Iterations 3

Solving for solid region CPU
DICPCG:  Solving for h, Initial residual = 0.0127569, Final residual = 7.79168e-11, No Iterations 31
DICPCG:  Solving for h, Initial residual = 0.000233241, Final residual = 5.93948e-11, No Iterations 24
DICPCG:  Solving for h, Initial residual = 1.06693e-05, Final residual = 9.72041e-11, No Iterations 19
Min/max T:303.672 305.399

Solving for solid region Heatsink
DICPCG:  Solving for h, Initial residual = 0.030849, Final residual = 9.82275e-07, No Iterations 238
DICPCG:  Solving for h, Initial residual = 0.0280338, Final residual = 9.68434e-07, No Iterations 171
DICPCG:  Solving for h, Initial residual = 0.0040319, Final residual = 9.87887e-07, No Iterations 112
Min/max T:302.28 304.339

Solving for solid region FRONT_PANEL
DICPCG:  Solving for h, Initial residual = 0.000258477, Final residual = 4.92236e-08, No Iterations 3
DICPCG:  Solving for h, Initial residual = 0.000256816, Final residual = 2.76147e-08, No Iterations 3
DICPCG:  Solving for h, Initial residual = 0.000256177, Final residual = 2.82392e-08, No Iterations 3
Min/max T:299.879 299.984
ExecutionTime = 2116.59 s  ClockTime = 2116 s

Region: domain0 Courant Number mean: 0.127236 max: 9.7175
Region: CPU Diffusion Number mean: 0.0823935 max: 1.16131
Region: Heatsink Diffusion Number mean: 0.0917996 max: 5.01215
Region: FRONT_PANEL Diffusion Number mean: 0.00267202 max: 2.79395
deltaT = 0.000833333
Time = 0.0775


Solving for fluid region domain0
diagonal:  Solving for rho, Initial residual = 0, Final residual = 0, No Iterations 0
DILUPBiCGStab:  Solving for Ux, Initial residual = 0.00369863, Final residual = 3.39232e-08, No Iterations 3
DILUPBiCGStab:  Solving for Uy, Initial residual = 0.00333037, Final residual = 2.68342e-08, No Iterations 3
DILUPBiCGStab:  Solving for Uz, Initial residual = 0.00156232, Final residual = 4.05471e-08, No Iterations 3
DILUPBiCGStab:  Solving for h, Initial residual = 0.000525771, Final residual = 1.17551e-08, No Iterations 3
Min/max T:299.88 305.143
DICPCG:  Solving for p_rgh, Initial residual = 0.00135205, Final residual = 1.32156e-05, No Iterations 128
DICPCG:  Solving for p_rgh, Initial residual = 0.000337349, Final residual = 3.26987e-06, No Iterations 92
DICPCG:  Solving for p_rgh, Initial residual = 3.4013e-05, Final residual = 3.37009e-07, No Iterations 112
diagonal:  Solving for rho, Initial residual = 0, Final residual = 0, No Iterations 0
time step continuity errors (domain0): sum local = 3.44098e-09, global = -3.58046e-10, cumulative = -8.31694e-08
DICPCG:  Solving for p_rgh, Initial residual = 0.000317859, Final residual = 3.1294e-06, No Iterations 93
DICPCG:  Solving for p_rgh, Initial residual = 0.000105434, Final residual = 1.04779e-06, No Iterations 84
DICPCG:  Solving for p_rgh, Initial residual = 1.06808e-05, Final residual = 1.03192e-07, No Iterations 116
diagonal:  Solving for rho, Initial residual = 0, Final residual = 0, No Iterations 0
time step continuity errors (domain0): sum local = 1.0538e-09, global = 1.03427e-11, cumulative = -8.31591e-08
DICPCG:  Solving for p_rgh, Initial residual = 4.10729e-05, Final residual = 4.07551e-07, No Iterations 61
DICPCG:  Solving for p_rgh, Initial residual = 7.53451e-06, Final residual = 9.7516e-08, No Iterations 103
DICPCG:  Solving for p_rgh, Initial residual = 9.72314e-07, Final residual = 8.8275e-08, No Iterations 4
diagonal:  Solving for rho, Initial residual = 0, Final residual = 0, No Iterations 0
time step continuity errors (domain0): sum local = 9.01275e-10, global = 1.27651e-10, cumulative = -8.30314e-08
DICPCG:  Solving for p_rgh, Initial residual = 1.17116e-05, Final residual = 1.1694e-07, No Iterations 68
DICPCG:  Solving for p_rgh, Initial residual = 2.23565e-06, Final residual = 9.65972e-08, No Iterations 11
DICPCG:  Solving for p_rgh, Initial residual = 2.62598e-07, Final residual = 9.14716e-08, No Iterations 1
diagonal:  Solving for rho, Initial residual = 0, Final residual = 0, No Iterations 0
time step continuity errors (domain0): sum local = 9.3391e-10, global = 2.14264e-10, cumulative = -8.28172e-08
DILUPBiCGStab:  Solving for epsilon, Initial residual = 0.000938616, Final residual = 8.68002e-08, No Iterations 2
DILUPBiCGStab:  Solving for k, Initial residual = 0.00430437, Final residual = 6.8156e-08, No Iterations 3

Solving for solid region CPU
DICPCG:  Solving for h, Initial residual = 0.0126192, Final residual = 7.70408e-11, No Iterations 31
DICPCG:  Solving for h, Initial residual = 0.000230863, Final residual = 5.88014e-11, No Iterations 24
DICPCG:  Solving for h, Initial residual = 1.056e-05, Final residual = 9.61964e-11, No Iterations 19
Min/max T:303.688 305.42

Solving for solid region Heatsink
DICPCG:  Solving for h, Initial residual = 0.0304178, Final residual = 9.69929e-07, No Iterations 238
DICPCG:  Solving for h, Initial residual = 0.0276403, Final residual = 9.58225e-07, No Iterations 171
DICPCG:  Solving for h, Initial residual = 0.00397438, Final residual = 9.72778e-07, No Iterations 112
Min/max T:302.29 304.36

Solving for solid region FRONT_PANEL
DICPCG:  Solving for h, Initial residual = 0.000258575, Final residual = 4.88031e-08, No Iterations 3
DICPCG:  Solving for h, Initial residual = 0.000256956, Final residual = 2.69862e-08, No Iterations 3
DICPCG:  Solving for h, Initial residual = 0.000256332, Final residual = 2.76696e-08, No Iterations 3
Min/max T:299.88 299.984
ExecutionTime = 2148.16 s  ClockTime = 2148 s

Region: domain0 Courant Number mean: 0.127466 max: 9.71791
Region: CPU Diffusion Number mean: 0.0823935 max: 1.16131
Region: Heatsink Diffusion Number mean: 0.0917996 max: 5.01215
Region: FRONT_PANEL Diffusion Number mean: 0.00267202 max: 2.79395
deltaT = 0.000833333
Time = 0.0783333


Solving for fluid region domain0
diagonal:  Solving for rho, Initial residual = 0, Final residual = 0, No Iterations 0
DILUPBiCGStab:  Solving for Ux, Initial residual = 0.00368013, Final residual = 3.38619e-08, No Iterations 3
DILUPBiCGStab:  Solving for Uy, Initial residual = 0.00331404, Final residual = 2.64582e-08, No Iterations 3
DILUPBiCGStab:  Solving for Uz, Initial residual = 0.001554, Final residual = 4.21645e-08, No Iterations 3
DILUPBiCGStab:  Solving for h, Initial residual = 0.000525358, Final residual = 1.20641e-08, No Iterations 3
Min/max T:299.878 305.163
DICPCG:  Solving for p_rgh, Initial residual = 0.00133772, Final residual = 1.27736e-05, No Iterations 131
DICPCG:  Solving for p_rgh, Initial residual = 0.000328806, Final residual = 3.2361e-06, No Iterations 49
DICPCG:  Solving for p_rgh, Initial residual = 3.31888e-05, Final residual = 3.23797e-07, No Iterations 139
diagonal:  Solving for rho, Initial residual = 0, Final residual = 0, No Iterations 0
time step continuity errors (domain0): sum local = 3.30738e-09, global = 7.8734e-11, cumulative = -8.27384e-08
DICPCG:  Solving for p_rgh, Initial residual = 0.000312254, Final residual = 3.03515e-06, No Iterations 95
DICPCG:  Solving for p_rgh, Initial residual = 0.000102078, Final residual = 1.01617e-06, No Iterations 97
DICPCG:  Solving for p_rgh, Initial residual = 1.05527e-05, Final residual = 1.05036e-07, No Iterations 131
diagonal:  Solving for rho, Initial residual = 0, Final residual = 0, No Iterations 0
time step continuity errors (domain0): sum local = 1.07303e-09, global = 9.793e-13, cumulative = -8.27375e-08
DICPCG:  Solving for p_rgh, Initial residual = 4.00794e-05, Final residual = 3.91496e-07, No Iterations 66
DICPCG:  Solving for p_rgh, Initial residual = 7.44047e-06, Final residual = 9.84165e-08, No Iterations 103
DICPCG:  Solving for p_rgh, Initial residual = 9.22495e-07, Final residual = 8.49701e-08, No Iterations 4
diagonal:  Solving for rho, Initial residual = 0, Final residual = 0, No Iterations 0
time step continuity errors (domain0): sum local = 8.67832e-10, global = 1.27006e-10, cumulative = -8.26105e-08
DICPCG:  Solving for p_rgh, Initial residual = 1.13691e-05, Final residual = 1.12778e-07, No Iterations 114
DICPCG:  Solving for p_rgh, Initial residual = 2.17273e-06, Final residual = 9.7748e-08, No Iterations 9
DICPCG:  Solving for p_rgh, Initial residual = 2.56213e-07, Final residual = 8.7427e-08, No Iterations 1
diagonal:  Solving for rho, Initial residual = 0, Final residual = 0, No Iterations 0
time step continuity errors (domain0): sum local = 8.9292e-10, global = 4.45053e-11, cumulative = -8.2566e-08
DILUPBiCGStab:  Solving for epsilon, Initial residual = 0.000921208, Final residual = 8.56808e-08, No Iterations 2
bounding epsilon, min: -0.20724 max: 2119.22 average: 8.19123
DILUPBiCGStab:  Solving for k, Initial residual = 0.00426932, Final residual = 6.66195e-08, No Iterations 3

Solving for solid region CPU
DICPCG:  Solving for h, Initial residual = 0.0124823, Final residual = 7.61709e-11, No Iterations 31
DICPCG:  Solving for h, Initial residual = 0.00022849, Final residual = 5.82112e-11, No Iterations 24
DICPCG:  Solving for h, Initial residual = 1.04509e-05, Final residual = 9.51925e-11, No Iterations 19
Min/max T:303.704 305.44

Solving for solid region Heatsink
DICPCG:  Solving for h, Initial residual = 0.0299889, Final residual = 9.57434e-07, No Iterations 238
DICPCG:  Solving for h, Initial residual = 0.0272484, Final residual = 9.48031e-07, No Iterations 171
DICPCG:  Solving for h, Initial residual = 0.00391717, Final residual = 9.57792e-07, No Iterations 112
Min/max T:302.301 304.38

Solving for solid region FRONT_PANEL
DICPCG:  Solving for h, Initial residual = 0.000258736, Final residual = 4.84035e-08, No Iterations 3
DICPCG:  Solving for h, Initial residual = 0.000257155, Final residual = 2.63835e-08, No Iterations 3
DICPCG:  Solving for h, Initial residual = 0.000256542, Final residual = 2.71238e-08, No Iterations 3
Min/max T:299.88 299.984
ExecutionTime = 2181 s  ClockTime = 2181 s

Region: domain0 Courant Number mean: 0.127697 max: 9.71849
Region: CPU Diffusion Number mean: 0.0823935 max: 1.16131
Region: Heatsink Diffusion Number mean: 0.0917996 max: 5.01215
Region: FRONT_PANEL Diffusion Number mean: 0.00267202 max: 2.79395
deltaT = 0.000833333
Time = 0.0791667


Solving for fluid region domain0
diagonal:  Solving for rho, Initial residual = 0, Final residual = 0, No Iterations 0
DILUPBiCGStab:  Solving for Ux, Initial residual = 0.00366222, Final residual = 3.41446e-08, No Iterations 3
DILUPBiCGStab:  Solving for Uy, Initial residual = 0.00330315, Final residual = 2.67035e-08, No Iterations 3
DILUPBiCGStab:  Solving for Uz, Initial residual = 0.00154698, Final residual = 4.63084e-08, No Iterations 3
DILUPBiCGStab:  Solving for h, Initial residual = 0.000524046, Final residual = 1.23683e-08, No Iterations 3
Min/max T:299.876 305.183
DICPCG:  Solving for p_rgh, Initial residual = 0.00134, Final residual = 1.30689e-05, No Iterations 130
DICPCG:  Solving for p_rgh, Initial residual = 0.000327246, Final residual = 3.17954e-06, No Iterations 49
DICPCG:  Solving for p_rgh, Initial residual = 3.36407e-05, Final residual = 3.32839e-07, No Iterations 140
diagonal:  Solving for rho, Initial residual = 0, Final residual = 0, No Iterations 0
time step continuity errors (domain0): sum local = 3.401e-09, global = -1.17266e-11, cumulative = -8.25777e-08
DICPCG:  Solving for p_rgh, Initial residual = 0.000315366, Final residual = 3.09059e-06, No Iterations 130
DICPCG:  Solving for p_rgh, Initial residual = 0.000102485, Final residual = 1.01042e-06, No Iterations 57
DICPCG:  Solving for p_rgh, Initial residual = 1.01699e-05, Final residual = 1.01232e-07, No Iterations 126
diagonal:  Solving for rho, Initial residual = 0, Final residual = 0, No Iterations 0
time step continuity errors (domain0): sum local = 1.03457e-09, global = -3.04155e-11, cumulative = -8.26081e-08
DICPCG:  Solving for p_rgh, Initial residual = 4.12e-05, Final residual = 4.05981e-07, No Iterations 109
DICPCG:  Solving for p_rgh, Initial residual = 7.83707e-06, Final residual = 9.855e-08, No Iterations 95
DICPCG:  Solving for p_rgh, Initial residual = 9.65641e-07, Final residual = 8.3807e-08, No Iterations 4
diagonal:  Solving for rho, Initial residual = 0, Final residual = 0, No Iterations 0
time step continuity errors (domain0): sum local = 8.56282e-10, global = 4.45408e-11, cumulative = -8.25636e-08
DICPCG:  Solving for p_rgh, Initial residual = 1.18445e-05, Final residual = 1.13136e-07, No Iterations 118
DICPCG:  Solving for p_rgh, Initial residual = 2.26033e-06, Final residual = 9.78257e-08, No Iterations 9
DICPCG:  Solving for p_rgh, Initial residual = 2.62867e-07, Final residual = 9.2232e-08, No Iterations 1
diagonal:  Solving for rho, Initial residual = 0, Final residual = 0, No Iterations 0
time step continuity errors (domain0): sum local = 9.42312e-10, global = 8.30102e-11, cumulative = -8.24805e-08
DILUPBiCGStab:  Solving for epsilon, Initial residual = 0.000907049, Final residual = 8.42183e-08, No Iterations 2
bounding epsilon, min: -1.31707 max: 2119.21 average: 8.22124
DILUPBiCGStab:  Solving for k, Initial residual = 0.00423961, Final residual = 6.51945e-08, No Iterations 3

Solving for solid region CPU
DICPCG:  Solving for h, Initial residual = 0.012346, Final residual = 7.53074e-11, No Iterations 31
DICPCG:  Solving for h, Initial residual = 0.000226123, Final residual = 5.76258e-11, No Iterations 24
DICPCG:  Solving for h, Initial residual = 1.03423e-05, Final residual = 9.41925e-11, No Iterations 19
Min/max T:303.72 305.46

Solving for solid region Heatsink
DICPCG:  Solving for h, Initial residual = 0.029567, Final residual = 9.44719e-07, No Iterations 238
DICPCG:  Solving for h, Initial residual = 0.0268634, Final residual = 9.37843e-07, No Iterations 171
DICPCG:  Solving for h, Initial residual = 0.00386099, Final residual = 9.43038e-07, No Iterations 112
Min/max T:302.311 304.4

Solving for solid region FRONT_PANEL
DICPCG:  Solving for h, Initial residual = 0.000258915, Final residual = 4.80188e-08, No Iterations 3
DICPCG:  Solving for h, Initial residual = 0.000257372, Final residual = 2.58015e-08, No Iterations 3
DICPCG:  Solving for h, Initial residual = 0.000256771, Final residual = 2.65978e-08, No Iterations 3
Min/max T:299.881 299.983
ExecutionTime = 2216.1 s  ClockTime = 2216 s

Region: domain0 Courant Number mean: 0.127928 max: 9.71904
Region: CPU Diffusion Number mean: 0.0823935 max: 1.16131
Region: Heatsink Diffusion Number mean: 0.0917996 max: 5.01215
Region: FRONT_PANEL Diffusion Number mean: 0.00267202 max: 2.79395
deltaT = 0.000833333
Time = 0.08


Solving for fluid region domain0
diagonal:  Solving for rho, Initial residual = 0, Final residual = 0, No Iterations 0
DILUPBiCGStab:  Solving for Ux, Initial residual = 0.00364242, Final residual = 3.41156e-08, No Iterations 3
DILUPBiCGStab:  Solving for Uy, Initial residual = 0.00329132, Final residual = 2.67976e-08, No Iterations 3
DILUPBiCGStab:  Solving for Uz, Initial residual = 0.0015395, Final residual = 4.91979e-08, No Iterations 3
DILUPBiCGStab:  Solving for h, Initial residual = 0.000522669, Final residual = 1.26924e-08, No Iterations 3
Min/max T:299.875 305.203
DICPCG:  Solving for p_rgh, Initial residual = 0.00133906, Final residual = 1.33606e-05, No Iterations 129
DICPCG:  Solving for p_rgh, Initial residual = 0.000341479, Final residual = 3.28711e-06, No Iterations 51
DICPCG:  Solving for p_rgh, Initial residual = 3.42903e-05, Final residual = 3.35123e-07, No Iterations 109
diagonal:  Solving for rho, Initial residual = 0, Final residual = 0, No Iterations 0
time step continuity errors (domain0): sum local = 3.42503e-09, global = 1.09224e-10, cumulative = -8.23713e-08
DICPCG:  Solving for p_rgh, Initial residual = 0.000315445, Final residual = 3.09804e-06, No Iterations 91
DICPCG:  Solving for p_rgh, Initial residual = 0.000105821, Final residual = 1.05016e-06, No Iterations 87
DICPCG:  Solving for p_rgh, Initial residual = 1.06417e-05, Final residual = 1.01875e-07, No Iterations 116
diagonal:  Solving for rho, Initial residual = 0, Final residual = 0, No Iterations 0
time step continuity errors (domain0): sum local = 1.04141e-09, global = 2.017e-12, cumulative = -8.23693e-08
DICPCG:  Solving for p_rgh, Initial residual = 4.11235e-05, Final residual = 4.09918e-07, No Iterations 102
DICPCG:  Solving for p_rgh, Initial residual = 7.69224e-06, Final residual = 9.99283e-08, No Iterations 97
DICPCG:  Solving for p_rgh, Initial residual = 9.61047e-07, Final residual = 8.46694e-08, No Iterations 4
diagonal:  Solving for rho, Initial residual = 0, Final residual = 0, No Iterations 0
time step continuity errors (domain0): sum local = 8.65382e-10, global = 2.82634e-11, cumulative = -8.2341e-08
DICPCG:  Solving for p_rgh, Initial residual = 1.1824e-05, Final residual = 1.18009e-07, No Iterations 98
DICPCG:  Solving for p_rgh, Initial residual = 2.29229e-06, Final residual = 9.64438e-08, No Iterations 10
DICPCG:  Solving for p_rgh, Initial residual = 2.60854e-07, Final residual = 9.59921e-08, No Iterations 1
diagonal:  Solving for rho, Initial residual = 0, Final residual = 0, No Iterations 0
time step continuity errors (domain0): sum local = 9.81064e-10, global = 1.4026e-10, cumulative = -8.22008e-08
DILUPBiCGStab:  Solving for epsilon, Initial residual = 0.000891886, Final residual = 8.22951e-08, No Iterations 2
bounding epsilon, min: -0.207859 max: 2119.2 average: 8.25148
DILUPBiCGStab:  Solving for k, Initial residual = 0.0042077, Final residual = 6.34946e-08, No Iterations 3

Solving for solid region CPU
DICPCG:  Solving for h, Initial residual = 0.0122105, Final residual = 7.44502e-11, No Iterations 31
DICPCG:  Solving for h, Initial residual = 0.000223769, Final residual = 5.70451e-11, No Iterations 24
DICPCG:  Solving for h, Initial residual = 1.02343e-05, Final residual = 9.31984e-11, No Iterations 19
Min/max T:303.736 305.48

Solving for solid region Heatsink
DICPCG:  Solving for h, Initial residual = 0.0291491, Final residual = 9.89655e-07, No Iterations 237
DICPCG:  Solving for h, Initial residual = 0.026482, Final residual = 9.95536e-07, No Iterations 170
DICPCG:  Solving for h, Initial residual = 0.00380539, Final residual = 9.2876e-07, No Iterations 112
Min/max T:302.321 304.42

Solving for solid region FRONT_PANEL
DICPCG:  Solving for h, Initial residual = 0.000259107, Final residual = 4.76475e-08, No Iterations 3
DICPCG:  Solving for h, Initial residual = 0.000257597, Final residual = 2.52403e-08, No Iterations 3
DICPCG:  Solving for h, Initial residual = 0.000257006, Final residual = 2.60903e-08, No Iterations 3
Min/max T:299.881 299.983
ExecutionTime = 2250.77 s  ClockTime = 2250 s

Region: domain0 Courant Number mean: 0.128159 max: 9.71929
Region: CPU Diffusion Number mean: 0.0823935 max: 1.16131
Region: Heatsink Diffusion Number mean: 0.0917996 max: 5.01215
Region: FRONT_PANEL Diffusion Number mean: 0.00267202 max: 2.79395
deltaT = 0.000833333
Time = 0.0808333


Solving for fluid region domain0
diagonal:  Solving for rho, Initial residual = 0, Final residual = 0, No Iterations 0
DILUPBiCGStab:  Solving for Ux, Initial residual = 0.00362622, Final residual = 3.39006e-08, No Iterations 3
DILUPBiCGStab:  Solving for Uy, Initial residual = 0.00327807, Final residual = 2.56494e-08, No Iterations 3
DILUPBiCGStab:  Solving for Uz, Initial residual = 0.00153104, Final residual = 5.30602e-08, No Iterations 3
DILUPBiCGStab:  Solving for h, Initial residual = 0.000521352, Final residual = 1.30448e-08, No Iterations 3
Min/max T:299.873 305.223
DICPCG:  Solving for p_rgh, Initial residual = 0.00132199, Final residual = 1.29083e-05, No Iterations 130
DICPCG:  Solving for p_rgh, Initial residual = 0.000323536, Final residual = 3.08867e-06, No Iterations 49
DICPCG:  Solving for p_rgh, Initial residual = 3.27048e-05, Final residual = 3.19798e-07, No Iterations 131
diagonal:  Solving for rho, Initial residual = 0, Final residual = 0, No Iterations 0
time step continuity errors (domain0): sum local = 3.26982e-09, global = 5.95302e-11, cumulative = -8.21413e-08
DICPCG:  Solving for p_rgh, Initial residual = 0.00030754, Final residual = 2.96579e-06, No Iterations 95
DICPCG:  Solving for p_rgh, Initial residual = 0.0001003, Final residual = 9.92919e-07, No Iterations 95
DICPCG:  Solving for p_rgh, Initial residual = 1.04892e-05, Final residual = 1.03903e-07, No Iterations 134
diagonal:  Solving for rho, Initial residual = 0, Final residual = 0, No Iterations 0
time step continuity errors (domain0): sum local = 1.06253e-09, global = 5.07691e-12, cumulative = -8.21362e-08
DICPCG:  Solving for p_rgh, Initial residual = 3.98174e-05, Final residual = 3.8778e-07, No Iterations 62
DICPCG:  Solving for p_rgh, Initial residual = 7.36326e-06, Final residual = 9.81339e-08, No Iterations 101
DICPCG:  Solving for p_rgh, Initial residual = 9.20305e-07, Final residual = 8.43755e-08, No Iterations 4
diagonal:  Solving for rho, Initial residual = 0, Final residual = 0, No Iterations 0
time step continuity errors (domain0): sum local = 8.62645e-10, global = 6.26056e-11, cumulative = -8.20736e-08
DICPCG:  Solving for p_rgh, Initial residual = 1.13004e-05, Final residual = 1.12163e-07, No Iterations 110
DICPCG:  Solving for p_rgh, Initial residual = 2.16019e-06, Final residual = 9.93554e-08, No Iterations 9
DICPCG:  Solving for p_rgh, Initial residual = 2.54147e-07, Final residual = 8.94786e-08, No Iterations 1
diagonal:  Solving for rho, Initial residual = 0, Final residual = 0, No Iterations 0
time step continuity errors (domain0): sum local = 9.148e-10, global = 5.78191e-11, cumulative = -8.20158e-08
DILUPBiCGStab:  Solving for epsilon, Initial residual = 0.000877341, Final residual = 8.03228e-08, No Iterations 2
bounding epsilon, min: -0.0741811 max: 2119.19 average: 8.28177
DILUPBiCGStab:  Solving for k, Initial residual = 0.00417433, Final residual = 6.22337e-08, No Iterations 3

Solving for solid region CPU
DICPCG:  Solving for h, Initial residual = 0.0120757, Final residual = 7.35992e-11, No Iterations 31
DICPCG:  Solving for h, Initial residual = 0.000221423, Final residual = 5.64683e-11, No Iterations 24
DICPCG:  Solving for h, Initial residual = 1.01269e-05, Final residual = 9.2209e-11, No Iterations 19
Min/max T:303.751 305.5

Solving for solid region Heatsink
DICPCG:  Solving for h, Initial residual = 0.0287352, Final residual = 9.76065e-07, No Iterations 237
DICPCG:  Solving for h, Initial residual = 0.026104, Final residual = 9.84367e-07, No Iterations 170
DICPCG:  Solving for h, Initial residual = 0.00375034, Final residual = 9.89901e-07, No Iterations 111
Min/max T:302.33 304.439

Solving for solid region FRONT_PANEL
DICPCG:  Solving for h, Initial residual = 0.000259376, Final residual = 4.72965e-08, No Iterations 3
DICPCG:  Solving for h, Initial residual = 0.000257901, Final residual = 2.47031e-08, No Iterations 3
DICPCG:  Solving for h, Initial residual = 0.000257324, Final residual = 2.56103e-08, No Iterations 3
Min/max T:299.882 299.982
ExecutionTime = 2285.1 s  ClockTime = 2285 s

Region: domain0 Courant Number mean: 0.128391 max: 9.72001
Region: CPU Diffusion Number mean: 0.0823935 max: 1.16131
Region: Heatsink Diffusion Number mean: 0.0917996 max: 5.01215
Region: FRONT_PANEL Diffusion Number mean: 0.00267202 max: 2.79395
deltaT = 0.000833333
Time = 0.0816667


Solving for fluid region domain0
diagonal:  Solving for rho, Initial residual = 0, Final residual = 0, No Iterations 0
DILUPBiCGStab:  Solving for Ux, Initial residual = 0.00360662, Final residual = 3.37002e-08, No Iterations 3
DILUPBiCGStab:  Solving for Uy, Initial residual = 0.00326377, Final residual = 2.52331e-08, No Iterations 3
DILUPBiCGStab:  Solving for Uz, Initial residual = 0.00152358, Final residual = 5.97476e-08, No Iterations 3
DILUPBiCGStab:  Solving for h, Initial residual = 0.000519494, Final residual = 1.34209e-08, No Iterations 3
Min/max T:299.871 305.242
DICPCG:  Solving for p_rgh, Initial residual = 0.00130762, Final residual = 1.25058e-05, No Iterations 131
DICPCG:  Solving for p_rgh, Initial residual = 0.000324353, Final residual = 3.2069e-06, No Iterations 49
DICPCG:  Solving for p_rgh, Initial residual = 3.26162e-05, Final residual = 3.17325e-07, No Iterations 131
diagonal:  Solving for rho, Initial residual = 0, Final residual = 0, No Iterations 0
time step continuity errors (domain0): sum local = 3.24551e-09, global = 2.3644e-11, cumulative = -8.19921e-08
DICPCG:  Solving for p_rgh, Initial residual = 0.000303728, Final residual = 2.96291e-06, No Iterations 95
DICPCG:  Solving for p_rgh, Initial residual = 9.99325e-05, Final residual = 9.98056e-07, No Iterations 96
DICPCG:  Solving for p_rgh, Initial residual = 1.03836e-05, Final residual = 1.02485e-07, No Iterations 134
diagonal:  Solving for rho, Initial residual = 0, Final residual = 0, No Iterations 0
time step continuity errors (domain0): sum local = 1.04836e-09, global = 6.769e-12, cumulative = -8.19853e-08
DICPCG:  Solving for p_rgh, Initial residual = 3.88584e-05, Final residual = 3.86904e-07, No Iterations 72
DICPCG:  Solving for p_rgh, Initial residual = 7.22067e-06, Final residual = 9.8071e-08, No Iterations 94
DICPCG:  Solving for p_rgh, Initial residual = 9.33208e-07, Final residual = 8.49108e-08, No Iterations 4
diagonal:  Solving for rho, Initial residual = 0, Final residual = 0, No Iterations 0
time step continuity errors (domain0): sum local = 8.684e-10, global = 1.15264e-10, cumulative = -8.18701e-08
DICPCG:  Solving for p_rgh, Initial residual = 1.09668e-05, Final residual = 1.07818e-07, No Iterations 115
DICPCG:  Solving for p_rgh, Initial residual = 2.09305e-06, Final residual = 9.54174e-08, No Iterations 9
DICPCG:  Solving for p_rgh, Initial residual = 2.48531e-07, Final residual = 8.52685e-08, No Iterations 1
diagonal:  Solving for rho, Initial residual = 0, Final residual = 0, No Iterations 0
time step continuity errors (domain0): sum local = 8.72046e-10, global = 3.83328e-11, cumulative = -8.18317e-08
DILUPBiCGStab:  Solving for epsilon, Initial residual = 0.000863264, Final residual = 7.85123e-08, No Iterations 2
bounding epsilon, min: -0.208409 max: 2119.17 average: 8.31222
DILUPBiCGStab:  Solving for k, Initial residual = 0.00414334, Final residual = 6.06655e-08, No Iterations 3

Solving for solid region CPU
DICPCG:  Solving for h, Initial residual = 0.0119417, Final residual = 7.27552e-11, No Iterations 31
DICPCG:  Solving for h, Initial residual = 0.000219083, Final residual = 5.58958e-11, No Iterations 24
DICPCG:  Solving for h, Initial residual = 1.00199e-05, Final residual = 9.12238e-11, No Iterations 19
Min/max T:303.767 305.52

Solving for solid region Heatsink
DICPCG:  Solving for h, Initial residual = 0.0283287, Final residual = 9.6209e-07, No Iterations 237
DICPCG:  Solving for h, Initial residual = 0.0257332, Final residual = 9.73567e-07, No Iterations 170
DICPCG:  Solving for h, Initial residual = 0.00369635, Final residual = 9.74537e-07, No Iterations 111
Min/max T:302.34 304.459

Solving for solid region FRONT_PANEL
DICPCG:  Solving for h, Initial residual = 0.000259679, Final residual = 4.69634e-08, No Iterations 3
DICPCG:  Solving for h, Initial residual = 0.000258234, Final residual = 2.41862e-08, No Iterations 3
DICPCG:  Solving for h, Initial residual = 0.000257667, Final residual = 2.51547e-08, No Iterations 3
Min/max T:299.882 299.982
ExecutionTime = 2317.17 s  ClockTime = 2317 s

Region: domain0 Courant Number mean: 0.128622 max: 9.72051
Region: CPU Diffusion Number mean: 0.0823935 max: 1.16131
Region: Heatsink Diffusion Number mean: 0.0917996 max: 5.01215
Region: FRONT_PANEL Diffusion Number mean: 0.00267202 max: 2.79395
deltaT = 0.000833333
Time = 0.0825


Solving for fluid region domain0
diagonal:  Solving for rho, Initial residual = 0, Final residual = 0, No Iterations 0
DILUPBiCGStab:  Solving for Ux, Initial residual = 0.00358923, Final residual = 3.36213e-08, No Iterations 3
DILUPBiCGStab:  Solving for Uy, Initial residual = 0.00325208, Final residual = 2.47307e-08, No Iterations 3
DILUPBiCGStab:  Solving for Uz, Initial residual = 0.00151594, Final residual = 6.80439e-08, No Iterations 3
DILUPBiCGStab:  Solving for h, Initial residual = 0.000518465, Final residual = 1.38479e-08, No Iterations 3
Min/max T:299.869 305.262
DICPCG:  Solving for p_rgh, Initial residual = 0.00129126, Final residual = 1.24719e-05, No Iterations 131
DICPCG:  Solving for p_rgh, Initial residual = 0.000318805, Final residual = 3.01996e-06, No Iterations 49
DICPCG:  Solving for p_rgh, Initial residual = 3.212e-05, Final residual = 3.17567e-07, No Iterations 133
diagonal:  Solving for rho, Initial residual = 0, Final residual = 0, No Iterations 0
time step continuity errors (domain0): sum local = 3.24914e-09, global = 7.82394e-11, cumulative = -8.17535e-08
DICPCG:  Solving for p_rgh, Initial residual = 0.000299752, Final residual = 2.90713e-06, No Iterations 97
DICPCG:  Solving for p_rgh, Initial residual = 9.80258e-05, Final residual = 9.71255e-07, No Iterations 107
DICPCG:  Solving for p_rgh, Initial residual = 1.03996e-05, Final residual = 1.02797e-07, No Iterations 126
diagonal:  Solving for rho, Initial residual = 0, Final residual = 0, No Iterations 0
time step continuity errors (domain0): sum local = 1.05194e-09, global = 2.96221e-11, cumulative = -8.17239e-08
DICPCG:  Solving for p_rgh, Initial residual = 3.82812e-05, Final residual = 3.78969e-07, No Iterations 70
DICPCG:  Solving for p_rgh, Initial residual = 7.19159e-06, Final residual = 9.83444e-08, No Iterations 95
DICPCG:  Solving for p_rgh, Initial residual = 9.09358e-07, Final residual = 8.34182e-08, No Iterations 4
diagonal:  Solving for rho, Initial residual = 0, Final residual = 0, No Iterations 0
time step continuity errors (domain0): sum local = 8.53405e-10, global = 8.88115e-11, cumulative = -8.16351e-08
DICPCG:  Solving for p_rgh, Initial residual = 1.07996e-05, Final residual = 1.05339e-07, No Iterations 116
DICPCG:  Solving for p_rgh, Initial residual = 2.05932e-06, Final residual = 9.33522e-08, No Iterations 9
DICPCG:  Solving for p_rgh, Initial residual = 2.44679e-07, Final residual = 8.29744e-08, No Iterations 1
diagonal:  Solving for rho, Initial residual = 0, Final residual = 0, No Iterations 0
time step continuity errors (domain0): sum local = 8.48857e-10, global = 3.0005e-11, cumulative = -8.16051e-08
DILUPBiCGStab:  Solving for epsilon, Initial residual = 0.000849722, Final residual = 7.68641e-08, No Iterations 2
DILUPBiCGStab:  Solving for k, Initial residual = 0.00411335, Final residual = 5.92079e-08, No Iterations 3

Solving for solid region CPU
DICPCG:  Solving for h, Initial residual = 0.0118086, Final residual = 7.19176e-11, No Iterations 31
DICPCG:  Solving for h, Initial residual = 0.000216759, Final residual = 5.53287e-11, No Iterations 24
DICPCG:  Solving for h, Initial residual = 9.91362e-06, Final residual = 9.02451e-11, No Iterations 19
Min/max T:303.782 305.539

Solving for solid region Heatsink
DICPCG:  Solving for h, Initial residual = 0.0279257, Final residual = 9.47867e-07, No Iterations 237
DICPCG:  Solving for h, Initial residual = 0.0253655, Final residual = 9.631e-07, No Iterations 170
DICPCG:  Solving for h, Initial residual = 0.00364286, Final residual = 9.59306e-07, No Iterations 111
Min/max T:302.349 304.478

Solving for solid region FRONT_PANEL
DICPCG:  Solving for h, Initial residual = 0.00026003, Final residual = 4.66476e-08, No Iterations 3
DICPCG:  Solving for h, Initial residual = 0.000258617, Final residual = 2.36906e-08, No Iterations 3
DICPCG:  Solving for h, Initial residual = 0.00025806, Final residual = 2.47236e-08, No Iterations 3
Min/max T:299.883 299.981
ExecutionTime = 2350.68 s  ClockTime = 2350 s

Region: domain0 Courant Number mean: 0.128853 max: 9.72109
Region: CPU Diffusion Number mean: 0.0823935 max: 1.16131
Region: Heatsink Diffusion Number mean: 0.0917996 max: 5.01215
Region: FRONT_PANEL Diffusion Number mean: 0.00267202 max: 2.79395
deltaT = 0.000833333
Time = 0.0833333


Solving for fluid region domain0
diagonal:  Solving for rho, Initial residual = 0, Final residual = 0, No Iterations 0
DILUPBiCGStab:  Solving for Ux, Initial residual = 0.00357552, Final residual = 3.38957e-08, No Iterations 3
DILUPBiCGStab:  Solving for Uy, Initial residual = 0.00324578, Final residual = 2.60153e-08, No Iterations 3
DILUPBiCGStab:  Solving for Uz, Initial residual = 0.00150992, Final residual = 3.65135e-09, No Iterations 4
DILUPBiCGStab:  Solving for h, Initial residual = 0.000517594, Final residual = 1.43114e-08, No Iterations 3
Min/max T:299.868 305.281
DICPCG:  Solving for p_rgh, Initial residual = 0.00132194, Final residual = 1.28068e-05, No Iterations 128
DICPCG:  Solving for p_rgh, Initial residual = 0.000323912, Final residual = 3.23906e-06, No Iterations 43
DICPCG:  Solving for p_rgh, Initial residual = 3.37312e-05, Final residual = 3.26495e-07, No Iterations 98
diagonal:  Solving for rho, Initial residual = 0, Final residual = 0, No Iterations 0
time step continuity errors (domain0): sum local = 3.34207e-09, global = -3.62088e-10, cumulative = -8.19672e-08
DICPCG:  Solving for p_rgh, Initial residual = 0.000311528, Final residual = 3.02954e-06, No Iterations 131
DICPCG:  Solving for p_rgh, Initial residual = 0.000101684, Final residual = 9.95029e-07, No Iterations 50
DICPCG:  Solving for p_rgh, Initial residual = 1.01542e-05, Final residual = 9.70506e-08, No Iterations 143
diagonal:  Solving for rho, Initial residual = 0, Final residual = 0, No Iterations 0
time step continuity errors (domain0): sum local = 9.93476e-10, global = -2.25086e-11, cumulative = -8.19897e-08
DICPCG:  Solving for p_rgh, Initial residual = 4.16514e-05, Final residual = 4.15315e-07, No Iterations 116
DICPCG:  Solving for p_rgh, Initial residual = 7.93451e-06, Final residual = 9.89527e-08, No Iterations 53
DICPCG:  Solving for p_rgh, Initial residual = 9.55228e-07, Final residual = 8.74367e-08, No Iterations 4
diagonal:  Solving for rho, Initial residual = 0, Final residual = 0, No Iterations 0
time step continuity errors (domain0): sum local = 8.94819e-10, global = 2.84314e-10, cumulative = -8.17053e-08
DICPCG:  Solving for p_rgh, Initial residual = 1.20638e-05, Final residual = 1.18663e-07, No Iterations 116
DICPCG:  Solving for p_rgh, Initial residual = 2.28775e-06, Final residual = 9.98487e-08, No Iterations 8
DICPCG:  Solving for p_rgh, Initial residual = 2.61248e-07, Final residual = 7.61649e-08, No Iterations 2
diagonal:  Solving for rho, Initial residual = 0, Final residual = 0, No Iterations 0
time step continuity errors (domain0): sum local = 7.79445e-10, global = 5.53633e-11, cumulative = -8.165e-08
DILUPBiCGStab:  Solving for epsilon, Initial residual = 0.000838927, Final residual = 7.52432e-08, No Iterations 2
bounding epsilon, min: -2.27314 max: 2119.16 average: 8.37368
DILUPBiCGStab:  Solving for k, Initial residual = 0.00409254, Final residual = 5.89007e-08, No Iterations 3

Solving for solid region CPU
DICPCG:  Solving for h, Initial residual = 0.0116762, Final residual = 7.1087e-11, No Iterations 31
DICPCG:  Solving for h, Initial residual = 0.000214444, Final residual = 5.47661e-11, No Iterations 24
DICPCG:  Solving for h, Initial residual = 9.80792e-06, Final residual = 8.92715e-11, No Iterations 19
Min/max T:303.797 305.558

Solving for solid region Heatsink
DICPCG:  Solving for h, Initial residual = 0.0275276, Final residual = 9.33354e-07, No Iterations 237
DICPCG:  Solving for h, Initial residual = 0.0250023, Final residual = 9.5229e-07, No Iterations 170
DICPCG:  Solving for h, Initial residual = 0.00359005, Final residual = 9.92447e-07, No Iterations 110
Min/max T:302.359 304.497

Solving for solid region FRONT_PANEL
DICPCG:  Solving for h, Initial residual = 0.000260418, Final residual = 4.63491e-08, No Iterations 3
DICPCG:  Solving for h, Initial residual = 0.000259038, Final residual = 2.32162e-08, No Iterations 3
DICPCG:  Solving for h, Initial residual = 0.000258494, Final residual = 2.43185e-08, No Iterations 3
Min/max T:299.883 299.981
ExecutionTime = 2381.58 s  ClockTime = 2381 s

Region: domain0 Courant Number mean: 0.129084 max: 9.72174
Region: CPU Diffusion Number mean: 0.0823935 max: 1.16131
Region: Heatsink Diffusion Number mean: 0.0917996 max: 5.01215
Region: FRONT_PANEL Diffusion Number mean: 0.00267202 max: 2.79395
deltaT = 0.000833333
Time = 0.0841667


Solving for fluid region domain0
diagonal:  Solving for rho, Initial residual = 0, Final residual = 0, No Iterations 0
DILUPBiCGStab:  Solving for Ux, Initial residual = 0.00355611, Final residual = 3.39981e-08, No Iterations 3
DILUPBiCGStab:  Solving for Uy, Initial residual = 0.00323749, Final residual = 2.62062e-08, No Iterations 3
DILUPBiCGStab:  Solving for Uz, Initial residual = 0.00150208, Final residual = 3.65304e-09, No Iterations 4
DILUPBiCGStab:  Solving for h, Initial residual = 0.000516706, Final residual = 1.4795e-08, No Iterations 3
Min/max T:299.866 305.3
DICPCG:  Solving for p_rgh, Initial residual = 0.00131238, Final residual = 1.30209e-05, No Iterations 91
DICPCG:  Solving for p_rgh, Initial residual = 0.000344676, Final residual = 3.38222e-06, No Iterations 90
DICPCG:  Solving for p_rgh, Initial residual = 3.59069e-05, Final residual = 3.45122e-07, No Iterations 101
diagonal:  Solving for rho, Initial residual = 0, Final residual = 0, No Iterations 0
time step continuity errors (domain0): sum local = 3.53329e-09, global = -3.51954e-10, cumulative = -8.20019e-08
DICPCG:  Solving for p_rgh, Initial residual = 0.000310979, Final residual = 3.00465e-06, No Iterations 87
DICPCG:  Solving for p_rgh, Initial residual = 0.000106182, Final residual = 1.01142e-06, No Iterations 62
DICPCG:  Solving for p_rgh, Initial residual = 1.05781e-05, Final residual = 1.01841e-07, No Iterations 138
diagonal:  Solving for rho, Initial residual = 0, Final residual = 0, No Iterations 0
time step continuity errors (domain0): sum local = 1.04279e-09, global = 5.3931e-11, cumulative = -8.1948e-08
DICPCG:  Solving for p_rgh, Initial residual = 4.12095e-05, Final residual = 4.00124e-07, No Iterations 109
DICPCG:  Solving for p_rgh, Initial residual = 7.73776e-06, Final residual = 9.91562e-08, No Iterations 42
DICPCG:  Solving for p_rgh, Initial residual = 9.22575e-07, Final residual = 8.91231e-08, No Iterations 4
diagonal:  Solving for rho, Initial residual = 0, Final residual = 0, No Iterations 0
time step continuity errors (domain0): sum local = 9.1233e-10, global = 2.34742e-10, cumulative = -8.17133e-08
DICPCG:  Solving for p_rgh, Initial residual = 1.20212e-05, Final residual = 1.14208e-07, No Iterations 117
DICPCG:  Solving for p_rgh, Initial residual = 2.33157e-06, Final residual = 9.77812e-08, No Iterations 8
DICPCG:  Solving for p_rgh, Initial residual = 2.58422e-07, Final residual = 9.98122e-08, No Iterations 1
diagonal:  Solving for rho, Initial residual = 0, Final residual = 0, No Iterations 0
time step continuity errors (domain0): sum local = 1.02174e-09, global = 7.11841e-11, cumulative = -8.16421e-08
DILUPBiCGStab:  Solving for epsilon, Initial residual = 0.000826786, Final residual = 7.26141e-08, No Iterations 2
DILUPBiCGStab:  Solving for k, Initial residual = 0.00406235, Final residual = 5.64903e-08, No Iterations 3

Solving for solid region CPU
DICPCG:  Solving for h, Initial residual = 0.0115446, Final residual = 7.02632e-11, No Iterations 31
DICPCG:  Solving for h, Initial residual = 0.000212143, Final residual = 5.42078e-11, No Iterations 24
DICPCG:  Solving for h, Initial residual = 9.70284e-06, Final residual = 8.83038e-11, No Iterations 19
Min/max T:303.812 305.577

Solving for solid region Heatsink
DICPCG:  Solving for h, Initial residual = 0.0271332, Final residual = 9.84745e-07, No Iterations 236
DICPCG:  Solving for h, Initial residual = 0.0246424, Final residual = 9.96063e-07, No Iterations 169
DICPCG:  Solving for h, Initial residual = 0.00353775, Final residual = 9.77647e-07, No Iterations 110
Min/max T:302.368 304.516

Solving for solid region FRONT_PANEL
DICPCG:  Solving for h, Initial residual = 0.000260805, Final residual = 4.60585e-08, No Iterations 3
DICPCG:  Solving for h, Initial residual = 0.000259453, Final residual = 2.27589e-08, No Iterations 3
DICPCG:  Solving for h, Initial residual = 0.000258921, Final residual = 2.39278e-08, No Iterations 3
Min/max T:299.884 299.981
ExecutionTime = 2411.43 s  ClockTime = 2411 s

Region: domain0 Courant Number mean: 0.129315 max: 9.72181
Region: CPU Diffusion Number mean: 0.0823935 max: 1.16131
Region: Heatsink Diffusion Number mean: 0.0917996 max: 5.01215
Region: FRONT_PANEL Diffusion Number mean: 0.00267202 max: 2.79395
deltaT = 0.000833333
Time = 0.085


Solving for fluid region domain0
diagonal:  Solving for rho, Initial residual = 0, Final residual = 0, No Iterations 0
DILUPBiCGStab:  Solving for Ux, Initial residual = 0.00354204, Final residual = 3.34655e-08, No Iterations 3
DILUPBiCGStab:  Solving for Uy, Initial residual = 0.00322143, Final residual = 2.33033e-08, No Iterations 3
DILUPBiCGStab:  Solving for Uz, Initial residual = 0.00149332, Final residual = 3.65571e-09, No Iterations 4
DILUPBiCGStab:  Solving for h, Initial residual = 0.000516647, Final residual = 1.53127e-08, No Iterations 3
Min/max T:299.864 305.319
DICPCG:  Solving for p_rgh, Initial residual = 0.00128072, Final residual = 1.2637e-05, No Iterations 129
DICPCG:  Solving for p_rgh, Initial residual = 0.00031813, Final residual = 3.01671e-06, No Iterations 49
DICPCG:  Solving for p_rgh, Initial residual = 3.20831e-05, Final residual = 3.20826e-07, No Iterations 122
diagonal:  Solving for rho, Initial residual = 0, Final residual = 0, No Iterations 0
time step continuity errors (domain0): sum local = 3.2855e-09, global = -3.21547e-11, cumulative = -8.16742e-08
DICPCG:  Solving for p_rgh, Initial residual = 0.000298686, Final residual = 2.86181e-06, No Iterations 94
DICPCG:  Solving for p_rgh, Initial residual = 9.73261e-05, Final residual = 9.68508e-07, No Iterations 94
DICPCG:  Solving for p_rgh, Initial residual = 1.01309e-05, Final residual = 1.00565e-07, No Iterations 127
diagonal:  Solving for rho, Initial residual = 0, Final residual = 0, No Iterations 0
time step continuity errors (domain0): sum local = 1.03001e-09, global = 1.21258e-11, cumulative = -8.16621e-08
DICPCG:  Solving for p_rgh, Initial residual = 3.85572e-05, Final residual = 3.81565e-07, No Iterations 62
DICPCG:  Solving for p_rgh, Initial residual = 7.26417e-06, Final residual = 9.94758e-08, No Iterations 90
DICPCG:  Solving for p_rgh, Initial residual = 9.00076e-07, Final residual = 8.18906e-08, No Iterations 4
diagonal:  Solving for rho, Initial residual = 0, Final residual = 0, No Iterations 0
time step continuity errors (domain0): sum local = 8.38562e-10, global = 9.66913e-11, cumulative = -8.15654e-08
DICPCG:  Solving for p_rgh, Initial residual = 1.08743e-05, Final residual = 1.08705e-07, No Iterations 76
DICPCG:  Solving for p_rgh, Initial residual = 2.13188e-06, Final residual = 9.96527e-08, No Iterations 9
DICPCG:  Solving for p_rgh, Initial residual = 2.49976e-07, Final residual = 9.11534e-08, No Iterations 1
diagonal:  Solving for rho, Initial residual = 0, Final residual = 0, No Iterations 0
time step continuity errors (domain0): sum local = 9.33389e-10, global = 2.53577e-10, cumulative = -8.13118e-08
DILUPBiCGStab:  Solving for epsilon, Initial residual = 0.000811676, Final residual = 7.20431e-08, No Iterations 2
bounding epsilon, min: -0.209402 max: 2119.15 average: 8.43624
DILUPBiCGStab:  Solving for k, Initial residual = 0.00402976, Final residual = 5.54458e-08, No Iterations 3

Solving for solid region CPU
DICPCG:  Solving for h, Initial residual = 0.0114138, Final residual = 6.94458e-11, No Iterations 31
DICPCG:  Solving for h, Initial residual = 0.000209855, Final residual = 9.90598e-11, No Iterations 23
DICPCG:  Solving for h, Initial residual = 9.59833e-06, Final residual = 8.73414e-11, No Iterations 19
Min/max T:303.826 305.595

Solving for solid region Heatsink
DICPCG:  Solving for h, Initial residual = 0.026742, Final residual = 9.68606e-07, No Iterations 236
DICPCG:  Solving for h, Initial residual = 0.0242851, Final residual = 9.84888e-07, No Iterations 169
DICPCG:  Solving for h, Initial residual = 0.00348591, Final residual = 9.62193e-07, No Iterations 110
Min/max T:302.377 304.534

Solving for solid region FRONT_PANEL
DICPCG:  Solving for h, Initial residual = 0.000261319, Final residual = 4.5792e-08, No Iterations 3
DICPCG:  Solving for h, Initial residual = 0.000259996, Final residual = 2.23272e-08, No Iterations 3
DICPCG:  Solving for h, Initial residual = 0.000259475, Final residual = 2.3559e-08, No Iterations 3
Min/max T:299.884 299.98
ExecutionTime = 2441.13 s  ClockTime = 2441 s

Region: domain0 Courant Number mean: 0.129545 max: 9.7225
Region: CPU Diffusion Number mean: 0.0823935 max: 1.16131
Region: Heatsink Diffusion Number mean: 0.0917996 max: 5.01215
Region: FRONT_PANEL Diffusion Number mean: 0.00267202 max: 2.79395
deltaT = 0.000833333
Time = 0.0858333


Solving for fluid region domain0
diagonal:  Solving for rho, Initial residual = 0, Final residual = 0, No Iterations 0
DILUPBiCGStab:  Solving for Ux, Initial residual = 0.00353786, Final residual = 3.70653e-08, No Iterations 3
DILUPBiCGStab:  Solving for Uy, Initial residual = 0.00323073, Final residual = 2.19463e-08, No Iterations 3
DILUPBiCGStab:  Solving for Uz, Initial residual = 0.00149217, Final residual = 7.06008e-08, No Iterations 3
DILUPBiCGStab:  Solving for h, Initial residual = 0.000514861, Final residual = 1.58023e-08, No Iterations 3
Min/max T:299.862 305.337
DICPCG:  Solving for p_rgh, Initial residual = 0.00133394, Final residual = 1.32204e-05, No Iterations 126
DICPCG:  Solving for p_rgh, Initial residual = 0.000342567, Final residual = 3.36406e-06, No Iterations 50
DICPCG:  Solving for p_rgh, Initial residual = 3.78241e-05, Final residual = 3.63048e-07, No Iterations 109
diagonal:  Solving for rho, Initial residual = 0, Final residual = 0, No Iterations 0
time step continuity errors (domain0): sum local = 3.71833e-09, global = 7.41693e-10, cumulative = -8.05701e-08
DICPCG:  Solving for p_rgh, Initial residual = 0.000325973, Final residual = 3.21657e-06, No Iterations 135
DICPCG:  Solving for p_rgh, Initial residual = 0.000110035, Final residual = 1.05717e-06, No Iterations 46
DICPCG:  Solving for p_rgh, Initial residual = 1.08626e-05, Final residual = 1.02446e-07, No Iterations 150
diagonal:  Solving for rho, Initial residual = 0, Final residual = 0, No Iterations 0
time step continuity errors (domain0): sum local = 1.04968e-09, global = -7.98146e-12, cumulative = -8.05781e-08
DICPCG:  Solving for p_rgh, Initial residual = 4.60822e-05, Final residual = 4.51829e-07, No Iterations 113
DICPCG:  Solving for p_rgh, Initial residual = 8.73178e-06, Final residual = 9.34219e-08, No Iterations 77
DICPCG:  Solving for p_rgh, Initial residual = 1.1301e-06, Final residual = 8.92721e-08, No Iterations 4
diagonal:  Solving for rho, Initial residual = 0, Final residual = 0, No Iterations 0
time step continuity errors (domain0): sum local = 9.14473e-10, global = 1.87022e-10, cumulative = -8.03911e-08
DICPCG:  Solving for p_rgh, Initial residual = 1.35367e-05, Final residual = 1.28851e-07, No Iterations 121
DICPCG:  Solving for p_rgh, Initial residual = 2.60415e-06, Final residual = 9.07188e-08, No Iterations 10
DICPCG:  Solving for p_rgh, Initial residual = 2.84822e-07, Final residual = 7.65047e-08, No Iterations 2
diagonal:  Solving for rho, Initial residual = 0, Final residual = 0, No Iterations 0
time step continuity errors (domain0): sum local = 7.8366e-10, global = 8.26209e-11, cumulative = -8.03085e-08
DILUPBiCGStab:  Solving for epsilon, Initial residual = 0.000807871, Final residual = 7.41155e-08, No Iterations 2
bounding epsilon, min: -3.8597 max: 2119.14 average: 8.4678
DILUPBiCGStab:  Solving for k, Initial residual = 0.00402338, Final residual = 7.96164e-08, No Iterations 3

Solving for solid region CPU
DICPCG:  Solving for h, Initial residual = 0.011284, Final residual = 6.86359e-11, No Iterations 31
DICPCG:  Solving for h, Initial residual = 0.000207575, Final residual = 9.80405e-11, No Iterations 23
DICPCG:  Solving for h, Initial residual = 9.49433e-06, Final residual = 8.63831e-11, No Iterations 19
Min/max T:303.84 305.614

Solving for solid region Heatsink
DICPCG:  Solving for h, Initial residual = 0.026359, Final residual = 9.51786e-07, No Iterations 236
DICPCG:  Solving for h, Initial residual = 0.0239361, Final residual = 9.73912e-07, No Iterations 169
DICPCG:  Solving for h, Initial residual = 0.00343525, Final residual = 9.93354e-07, No Iterations 109
Min/max T:302.386 304.553

Solving for solid region FRONT_PANEL
DICPCG:  Solving for h, Initial residual = 0.000261855, Final residual = 4.55341e-08, No Iterations 3
DICPCG:  Solving for h, Initial residual = 0.00026056, Final residual = 2.19129e-08, No Iterations 3
DICPCG:  Solving for h, Initial residual = 0.000260049, Final residual = 2.32053e-08, No Iterations 3
Min/max T:299.884 299.98
ExecutionTime = 2471.8 s  ClockTime = 2472 s

Region: domain0 Courant Number mean: 0.129777 max: 9.72347
Region: CPU Diffusion Number mean: 0.0823935 max: 1.16131
Region: Heatsink Diffusion Number mean: 0.0917996 max: 5.01215
Region: FRONT_PANEL Diffusion Number mean: 0.00267202 max: 2.79395
deltaT = 0.000833333
Time = 0.0866667


Solving for fluid region domain0
diagonal:  Solving for rho, Initial residual = 0, Final residual = 0, No Iterations 0
DILUPBiCGStab:  Solving for Ux, Initial residual = 0.00352243, Final residual = 9.47008e-08, No Iterations 3
DILUPBiCGStab:  Solving for Uy, Initial residual = 0.00322726, Final residual = 5.7023e-08, No Iterations 3
DILUPBiCGStab:  Solving for Uz, Initial residual = 0.00148422, Final residual = 2.16604e-08, No Iterations 3
DILUPBiCGStab:  Solving for h, Initial residual = 0.000514447, Final residual = 1.63403e-08, No Iterations 3
Min/max T:299.861 305.356
DICPCG:  Solving for p_rgh, Initial residual = 0.00135187, Final residual = 1.33692e-05, No Iterations 80
DICPCG:  Solving for p_rgh, Initial residual = 0.000385302, Final residual = 3.80042e-06, No Iterations 96
DICPCG:  Solving for p_rgh, Initial residual = 3.97055e-05, Final residual = 3.92929e-07, No Iterations 111
diagonal:  Solving for rho, Initial residual = 0, Final residual = 0, No Iterations 0
time step continuity errors (domain0): sum local = 4.02651e-09, global = -5.22171e-10, cumulative = -8.08307e-08
DICPCG:  Solving for p_rgh, Initial residual = 0.000334298, Final residual = 3.20507e-06, No Iterations 85
DICPCG:  Solving for p_rgh, Initial residual = 0.000121851, Final residual = 1.20871e-06, No Iterations 37
DICPCG:  Solving for p_rgh, Initial residual = 1.14979e-05, Final residual = 1.13843e-07, No Iterations 153
diagonal:  Solving for rho, Initial residual = 0, Final residual = 0, No Iterations 0
time step continuity errors (domain0): sum local = 1.16673e-09, global = 5.76599e-12, cumulative = -8.08249e-08
DICPCG:  Solving for p_rgh, Initial residual = 4.76431e-05, Final residual = 4.48833e-07, No Iterations 103
DICPCG:  Solving for p_rgh, Initial residual = 9.15446e-06, Final residual = 9.94241e-08, No Iterations 58
DICPCG:  Solving for p_rgh, Initial residual = 1.16904e-06, Final residual = 9.07186e-08, No Iterations 5
diagonal:  Solving for rho, Initial residual = 0, Final residual = 0, No Iterations 0
time step continuity errors (domain0): sum local = 9.29568e-10, global = 2.95219e-10, cumulative = -8.05297e-08
DICPCG:  Solving for p_rgh, Initial residual = 1.4378e-05, Final residual = 1.41037e-07, No Iterations 66
DICPCG:  Solving for p_rgh, Initial residual = 2.79183e-06, Final residual = 9.8197e-08, No Iterations 12
DICPCG:  Solving for p_rgh, Initial residual = 3.19276e-07, Final residual = 9.33283e-08, No Iterations 2
diagonal:  Solving for rho, Initial residual = 0, Final residual = 0, No Iterations 0
time step continuity errors (domain0): sum local = 9.56301e-10, global = 2.6682e-10, cumulative = -8.02629e-08
DILUPBiCGStab:  Solving for epsilon, Initial residual = 0.000798967, Final residual = 6.0803e-08, No Iterations 2
bounding epsilon, min: -0.209781 max: 2119.17 average: 8.50022
DILUPBiCGStab:  Solving for k, Initial residual = 0.0040164, Final residual = 2.45943e-08, No Iterations 3

Solving for solid region CPU
DICPCG:  Solving for h, Initial residual = 0.011155, Final residual = 6.78327e-11, No Iterations 31
DICPCG:  Solving for h, Initial residual = 0.000205316, Final residual = 9.70301e-11, No Iterations 23
DICPCG:  Solving for h, Initial residual = 9.39119e-06, Final residual = 8.54327e-11, No Iterations 19
Min/max T:303.855 305.632

Solving for solid region Heatsink
DICPCG:  Solving for h, Initial residual = 0.0259787, Final residual = 9.34426e-07, No Iterations 236
DICPCG:  Solving for h, Initial residual = 0.0235892, Final residual = 9.62948e-07, No Iterations 169
DICPCG:  Solving for h, Initial residual = 0.00338492, Final residual = 9.7751e-07, No Iterations 109
Min/max T:302.395 304.571

Solving for solid region FRONT_PANEL
DICPCG:  Solving for h, Initial residual = 0.000262293, Final residual = 4.52702e-08, No Iterations 3
DICPCG:  Solving for h, Initial residual = 0.000261021, Final residual = 2.15163e-08, No Iterations 3
DICPCG:  Solving for h, Initial residual = 0.000260516, Final residual = 2.28588e-08, No Iterations 3
Min/max T:299.885 299.979
ExecutionTime = 2499.99 s  ClockTime = 2500 s

Region: domain0 Courant Number mean: 0.130008 max: 9.72312
Region: CPU Diffusion Number mean: 0.0823935 max: 1.16131
Region: Heatsink Diffusion Number mean: 0.0917996 max: 5.01215
Region: FRONT_PANEL Diffusion Number mean: 0.00267202 max: 2.79395
deltaT = 0.000833333
Time = 0.0875


Solving for fluid region domain0
diagonal:  Solving for rho, Initial residual = 0, Final residual = 0, No Iterations 0
DILUPBiCGStab:  Solving for Ux, Initial residual = 0.00350065, Final residual = 3.292e-08, No Iterations 3
DILUPBiCGStab:  Solving for Uy, Initial residual = 0.00320228, Final residual = 2.25661e-08, No Iterations 3
DILUPBiCGStab:  Solving for Uz, Initial residual = 0.00147315, Final residual = 4.15223e-09, No Iterations 4
DILUPBiCGStab:  Solving for h, Initial residual = 0.000515385, Final residual = 1.68755e-08, No Iterations 3
Min/max T:299.859 305.374
DICPCG:  Solving for p_rgh, Initial residual = 0.00132144, Final residual = 1.27621e-05, No Iterations 74
DICPCG:  Solving for p_rgh, Initial residual = 0.000328239, Final residual = 3.21049e-06, No Iterations 99
DICPCG:  Solving for p_rgh, Initial residual = 3.61306e-05, Final residual = 3.46832e-07, No Iterations 117
diagonal:  Solving for rho, Initial residual = 0, Final residual = 0, No Iterations 0
time step continuity errors (domain0): sum local = 3.55545e-09, global = -3.29004e-10, cumulative = -8.05919e-08
DICPCG:  Solving for p_rgh, Initial residual = 0.000313442, Final residual = 2.90287e-06, No Iterations 85
DICPCG:  Solving for p_rgh, Initial residual = 9.95579e-05, Final residual = 9.75598e-07, No Iterations 61
DICPCG:  Solving for p_rgh, Initial residual = 1.03262e-05, Final residual = 1.00064e-07, No Iterations 79
diagonal:  Solving for rho, Initial residual = 0, Final residual = 0, No Iterations 0
time step continuity errors (domain0): sum local = 1.02575e-09, global = -5.41657e-11, cumulative = -8.0646e-08
DICPCG:  Solving for p_rgh, Initial residual = 4.23368e-05, Final residual = 4.22399e-07, No Iterations 76
DICPCG:  Solving for p_rgh, Initial residual = 8.10084e-06, Final residual = 9.84578e-08, No Iterations 99
DICPCG:  Solving for p_rgh, Initial residual = 1.05736e-06, Final residual = 8.57484e-08, No Iterations 4
diagonal:  Solving for rho, Initial residual = 0, Final residual = 0, No Iterations 0
time step continuity errors (domain0): sum local = 8.78892e-10, global = -1.35609e-10, cumulative = -8.07816e-08
DICPCG:  Solving for p_rgh, Initial residual = 1.24048e-05, Final residual = 1.2242e-07, No Iterations 70
DICPCG:  Solving for p_rgh, Initial residual = 2.39798e-06, Final residual = 9.90842e-08, No Iterations 9
DICPCG:  Solving for p_rgh, Initial residual = 2.69333e-07, Final residual = 8.1045e-08, No Iterations 2
diagonal:  Solving for rho, Initial residual = 0, Final residual = 0, No Iterations 0
time step continuity errors (domain0): sum local = 8.3068e-10, global = -1.36491e-10, cumulative = -8.09181e-08
DILUPBiCGStab:  Solving for epsilon, Initial residual = 0.000785696, Final residual = 6.539e-08, No Iterations 2
DILUPBiCGStab:  Solving for k, Initial residual = 0.00395888, Final residual = 5.22028e-08, No Iterations 3

Solving for solid region CPU
DICPCG:  Solving for h, Initial residual = 0.0110268, Final residual = 6.70355e-11, No Iterations 31
DICPCG:  Solving for h, Initial residual = 0.00020307, Final residual = 9.6027e-11, No Iterations 23
DICPCG:  Solving for h, Initial residual = 9.2886e-06, Final residual = 8.4488e-11, No Iterations 19
Min/max T:303.869 305.65

Solving for solid region Heatsink
DICPCG:  Solving for h, Initial residual = 0.025599, Final residual = 9.91068e-07, No Iterations 233
DICPCG:  Solving for h, Initial residual = 0.0232419, Final residual = 9.96461e-07, No Iterations 168
DICPCG:  Solving for h, Initial residual = 0.00333464, Final residual = 9.62827e-07, No Iterations 109
Min/max T:302.403 304.589

Solving for solid region FRONT_PANEL
DICPCG:  Solving for h, Initial residual = 0.000262969, Final residual = 4.5042e-08, No Iterations 3
DICPCG:  Solving for h, Initial residual = 0.00026172, Final residual = 2.11501e-08, No Iterations 3
DICPCG:  Solving for h, Initial residual = 0.000261225, Final residual = 2.25409e-08, No Iterations 3
Min/max T:299.885 299.979
ExecutionTime = 2529.9 s  ClockTime = 2530 s

Region: domain0 Courant Number mean: 0.130239 max: 9.72389
Region: CPU Diffusion Number mean: 0.0823935 max: 1.16131
Region: Heatsink Diffusion Number mean: 0.0917996 max: 5.01215
Region: FRONT_PANEL Diffusion Number mean: 0.00267202 max: 2.79395
deltaT = 0.000833333
Time = 0.0883333


Solving for fluid region domain0
diagonal:  Solving for rho, Initial residual = 0, Final residual = 0, No Iterations 0
DILUPBiCGStab:  Solving for Ux, Initial residual = 0.00347776, Final residual = 3.28887e-08, No Iterations 3
DILUPBiCGStab:  Solving for Uy, Initial residual = 0.00318146, Final residual = 2.10678e-08, No Iterations 3
DILUPBiCGStab:  Solving for Uz, Initial residual = 0.00146528, Final residual = 9.97995e-08, No Iterations 3
DILUPBiCGStab:  Solving for h, Initial residual = 0.000513496, Final residual = 1.72791e-08, No Iterations 3
Min/max T:299.857 305.392
DICPCG:  Solving for p_rgh, Initial residual = 0.00126372, Final residual = 1.22928e-05, No Iterations 128
DICPCG:  Solving for p_rgh, Initial residual = 0.000305982, Final residual = 2.99553e-06, No Iterations 62
DICPCG:  Solving for p_rgh, Initial residual = 3.18009e-05, Final residual = 3.1733e-07, No Iterations 131
diagonal:  Solving for rho, Initial residual = 0, Final residual = 0, No Iterations 0
time step continuity errors (domain0): sum local = 3.25345e-09, global = 2.93383e-11, cumulative = -8.08888e-08
DICPCG:  Solving for p_rgh, Initial residual = 0.000290701, Final residual = 2.90699e-06, No Iterations 101
DICPCG:  Solving for p_rgh, Initial residual = 9.34357e-05, Final residual = 9.24749e-07, No Iterations 104
DICPCG:  Solving for p_rgh, Initial residual = 1.0153e-05, Final residual = 9.99233e-08, No Iterations 131
diagonal:  Solving for rho, Initial residual = 0, Final residual = 0, No Iterations 0
time step continuity errors (domain0): sum local = 1.02472e-09, global = 2.49871e-11, cumulative = -8.08638e-08
DICPCG:  Solving for p_rgh, Initial residual = 3.72554e-05, Final residual = 3.66201e-07, No Iterations 64
DICPCG:  Solving for p_rgh, Initial residual = 6.99799e-06, Final residual = 9.68918e-08, No Iterations 98
DICPCG:  Solving for p_rgh, Initial residual = 8.90527e-07, Final residual = 8.21061e-08, No Iterations 4
diagonal:  Solving for rho, Initial residual = 0, Final residual = 0, No Iterations 0
time step continuity errors (domain0): sum local = 8.41788e-10, global = 1.088e-10, cumulative = -8.0755e-08
DICPCG:  Solving for p_rgh, Initial residual = 1.04866e-05, Final residual = 1.04414e-07, No Iterations 114
DICPCG:  Solving for p_rgh, Initial residual = 1.98854e-06, Final residual = 9.49984e-08, No Iterations 8
DICPCG:  Solving for p_rgh, Initial residual = 2.33024e-07, Final residual = 8.57232e-08, No Iterations 1
diagonal:  Solving for rho, Initial residual = 0, Final residual = 0, No Iterations 0
time step continuity errors (domain0): sum local = 8.78869e-10, global = 4.10962e-11, cumulative = -8.07139e-08
DILUPBiCGStab:  Solving for epsilon, Initial residual = 0.00077065, Final residual = 6.27641e-08, No Iterations 2
bounding epsilon, min: -0.22189 max: 2119.14 average: 8.56438
DILUPBiCGStab:  Solving for k, Initial residual = 0.00392645, Final residual = 5.05653e-08, No Iterations 3

Solving for solid region CPU
DICPCG:  Solving for h, Initial residual = 0.0108997, Final residual = 6.62468e-11, No Iterations 31
DICPCG:  Solving for h, Initial residual = 0.000200827, Final residual = 9.50308e-11, No Iterations 23
DICPCG:  Solving for h, Initial residual = 9.18636e-06, Final residual = 8.35452e-11, No Iterations 19
Min/max T:303.883 305.668

Solving for solid region Heatsink
DICPCG:  Solving for h, Initial residual = 0.0252332, Final residual = 9.91083e-07, No Iterations 229
DICPCG:  Solving for h, Initial residual = 0.0229093, Final residual = 9.85528e-07, No Iterations 168
DICPCG:  Solving for h, Initial residual = 0.00328647, Final residual = 9.47705e-07, No Iterations 109
Min/max T:302.412 304.607

Solving for solid region FRONT_PANEL
DICPCG:  Solving for h, Initial residual = 0.000263673, Final residual = 4.48216e-08, No Iterations 3
DICPCG:  Solving for h, Initial residual = 0.000262448, Final residual = 2.07994e-08, No Iterations 3
DICPCG:  Solving for h, Initial residual = 0.000261959, Final residual = 2.22369e-08, No Iterations 3
Min/max T:299.886 299.979
ExecutionTime = 2563.93 s  ClockTime = 2564 s

Region: domain0 Courant Number mean: 0.13047 max: 9.72447
Region: CPU Diffusion Number mean: 0.0823935 max: 1.16131
Region: Heatsink Diffusion Number mean: 0.0917996 max: 5.01215
Region: FRONT_PANEL Diffusion Number mean: 0.00267202 max: 2.79395
deltaT = 0.000833333
Time = 0.0891667


Solving for fluid region domain0
diagonal:  Solving for rho, Initial residual = 0, Final residual = 0, No Iterations 0
DILUPBiCGStab:  Solving for Ux, Initial residual = 0.00345846, Final residual = 3.27222e-08, No Iterations 3
DILUPBiCGStab:  Solving for Uy, Initial residual = 0.00317001, Final residual = 2.08228e-08, No Iterations 3
DILUPBiCGStab:  Solving for Uz, Initial residual = 0.00145717, Final residual = 7.20316e-08, No Iterations 3
DILUPBiCGStab:  Solving for h, Initial residual = 0.000512543, Final residual = 1.76919e-08, No Iterations 3
Min/max T:299.856 305.409
DICPCG:  Solving for p_rgh, Initial residual = 0.00124907, Final residual = 1.23709e-05, No Iterations 129
DICPCG:  Solving for p_rgh, Initial residual = 0.000315659, Final residual = 3.07564e-06, No Iterations 62
DICPCG:  Solving for p_rgh, Initial residual = 3.20827e-05, Final residual = 3.1742e-07, No Iterations 127
diagonal:  Solving for rho, Initial residual = 0, Final residual = 0, No Iterations 0
time step continuity errors (domain0): sum local = 3.25538e-09, global = 1.5411e-10, cumulative = -8.05598e-08
DICPCG:  Solving for p_rgh, Initial residual = 0.000288425, Final residual = 2.82068e-06, No Iterations 94
DICPCG:  Solving for p_rgh, Initial residual = 9.56497e-05, Final residual = 9.47353e-07, No Iterations 97
DICPCG:  Solving for p_rgh, Initial residual = 1.0037e-05, Final residual = 1.0019e-07, No Iterations 128
diagonal:  Solving for rho, Initial residual = 0, Final residual = 0, No Iterations 0
time step continuity errors (domain0): sum local = 1.02773e-09, global = 4.71189e-13, cumulative = -8.05593e-08
DICPCG:  Solving for p_rgh, Initial residual = 3.70685e-05, Final residual = 3.67186e-07, No Iterations 69
DICPCG:  Solving for p_rgh, Initial residual = 6.88261e-06, Final residual = 9.85999e-08, No Iterations 95
DICPCG:  Solving for p_rgh, Initial residual = 8.99e-07, Final residual = 8.26125e-08, No Iterations 4
diagonal:  Solving for rho, Initial residual = 0, Final residual = 0, No Iterations 0
time step continuity errors (domain0): sum local = 8.47223e-10, global = 1.48851e-10, cumulative = -8.04105e-08
DICPCG:  Solving for p_rgh, Initial residual = 1.04612e-05, Final residual = 1.03551e-07, No Iterations 82
DICPCG:  Solving for p_rgh, Initial residual = 2.01379e-06, Final residual = 9.73855e-08, No Iterations 9
DICPCG:  Solving for p_rgh, Initial residual = 2.42927e-07, Final residual = 8.84522e-08, No Iterations 1
diagonal:  Solving for rho, Initial residual = 0, Final residual = 0, No Iterations 0
time step continuity errors (domain0): sum local = 9.07105e-10, global = 1.76971e-10, cumulative = -8.02335e-08
DILUPBiCGStab:  Solving for epsilon, Initial residual = 0.000759425, Final residual = 6.359e-08, No Iterations 2
DILUPBiCGStab:  Solving for k, Initial residual = 0.00390058, Final residual = 4.95671e-08, No Iterations 3

Solving for solid region CPU
DICPCG:  Solving for h, Initial residual = 0.0107736, Final residual = 6.54648e-11, No Iterations 31
DICPCG:  Solving for h, Initial residual = 0.000198613, Final residual = 9.40531e-11, No Iterations 23
DICPCG:  Solving for h, Initial residual = 9.0854e-06, Final residual = 8.26141e-11, No Iterations 19
Min/max T:303.896 305.686

Solving for solid region Heatsink
DICPCG:  Solving for h, Initial residual = 0.0248687, Final residual = 9.96261e-07, No Iterations 227
DICPCG:  Solving for h, Initial residual = 0.0225772, Final residual = 9.74479e-07, No Iterations 168
DICPCG:  Solving for h, Initial residual = 0.0032384, Final residual = 9.9691e-07, No Iterations 108
Min/max T:302.42 304.624

Solving for solid region FRONT_PANEL
DICPCG:  Solving for h, Initial residual = 0.00026437, Final residual = 4.46066e-08, No Iterations 3
DICPCG:  Solving for h, Initial residual = 0.000263165, Final residual = 2.04724e-08, No Iterations 3
DICPCG:  Solving for h, Initial residual = 0.000262682, Final residual = 2.1945e-08, No Iterations 3
Min/max T:299.886 299.978
ExecutionTime = 2595.54 s  ClockTime = 2596 s

Region: domain0 Courant Number mean: 0.130701 max: 9.72475
Region: CPU Diffusion Number mean: 0.0823935 max: 1.16131
Region: Heatsink Diffusion Number mean: 0.0917996 max: 5.01215
Region: FRONT_PANEL Diffusion Number mean: 0.00267202 max: 2.79395
deltaT = 0.000833333
Time = 0.09


Solving for fluid region domain0
diagonal:  Solving for rho, Initial residual = 0, Final residual = 0, No Iterations 0
DILUPBiCGStab:  Solving for Ux, Initial residual = 0.00344293, Final residual = 3.25424e-08, No Iterations 3
DILUPBiCGStab:  Solving for Uy, Initial residual = 0.0031584, Final residual = 2.01744e-08, No Iterations 3
DILUPBiCGStab:  Solving for Uz, Initial residual = 0.00144948, Final residual = 4.87985e-08, No Iterations 3
DILUPBiCGStab:  Solving for h, Initial residual = 0.000513198, Final residual = 1.80705e-08, No Iterations 3
Min/max T:299.854 305.427
DICPCG:  Solving for p_rgh, Initial residual = 0.00122862, Final residual = 1.15767e-05, No Iterations 131
DICPCG:  Solving for p_rgh, Initial residual = 0.000306872, Final residual = 3.05652e-06, No Iterations 50
DICPCG:  Solving for p_rgh, Initial residual = 3.1006e-05, Final residual = 3.0342e-07, No Iterations 145
diagonal:  Solving for rho, Initial residual = 0, Final residual = 0, No Iterations 0
time step continuity errors (domain0): sum local = 3.11262e-09, global = 2.92989e-11, cumulative = -8.02042e-08
DICPCG:  Solving for p_rgh, Initial residual = 0.000282141, Final residual = 2.75615e-06, No Iterations 98
DICPCG:  Solving for p_rgh, Initial residual = 9.25251e-05, Final residual = 9.23624e-07, No Iterations 100
DICPCG:  Solving for p_rgh, Initial residual = 9.84272e-06, Final residual = 9.92504e-08, No Iterations 138
diagonal:  Solving for rho, Initial residual = 0, Final residual = 0, No Iterations 0
time step continuity errors (domain0): sum local = 1.01847e-09, global = 2.87407e-12, cumulative = -8.02013e-08
DICPCG:  Solving for p_rgh, Initial residual = 3.59752e-05, Final residual = 3.59384e-07, No Iterations 70
DICPCG:  Solving for p_rgh, Initial residual = 6.82313e-06, Final residual = 9.73587e-08, No Iterations 95
DICPCG:  Solving for p_rgh, Initial residual = 8.53839e-07, Final residual = 9.88926e-08, No Iterations 3
diagonal:  Solving for rho, Initial residual = 0, Final residual = 0, No Iterations 0
time step continuity errors (domain0): sum local = 1.01445e-09, global = 1.3836e-10, cumulative = -8.0063e-08
DICPCG:  Solving for p_rgh, Initial residual = 1.00853e-05, Final residual = 9.60667e-08, No Iterations 119
DICPCG:  Solving for p_rgh, Initial residual = 1.94225e-06, Final residual = 9.59518e-08, No Iterations 8
DICPCG:  Solving for p_rgh, Initial residual = 2.26623e-07, Final residual = 8.16651e-08, No Iterations 1
diagonal:  Solving for rho, Initial residual = 0, Final residual = 0, No Iterations 0
time step continuity errors (domain0): sum local = 8.3775e-10, global = 3.29953e-11, cumulative = -8.003e-08
DILUPBiCGStab:  Solving for epsilon, Initial residual = 0.00074649, Final residual = 6.30442e-08, No Iterations 2
bounding epsilon, min: -0.210795 max: 2119.12 average: 8.62926
DILUPBiCGStab:  Solving for k, Initial residual = 0.00387455, Final residual = 4.83145e-08, No Iterations 3

Solving for solid region CPU
DICPCG:  Solving for h, Initial residual = 0.0106483, Final residual = 6.46897e-11, No Iterations 31
DICPCG:  Solving for h, Initial residual = 0.000196414, Final residual = 9.30813e-11, No Iterations 23
DICPCG:  Solving for h, Initial residual = 8.98497e-06, Final residual = 8.16892e-11, No Iterations 19
Min/max T:303.91 305.703

Solving for solid region Heatsink
DICPCG:  Solving for h, Initial residual = 0.0245057, Final residual = 9.955e-07, No Iterations 226
DICPCG:  Solving for h, Initial residual = 0.022246, Final residual = 9.99516e-07, No Iterations 166
DICPCG:  Solving for h, Initial residual = 0.00319053, Final residual = 9.83006e-07, No Iterations 108
Min/max T:302.428 304.641

Solving for solid region FRONT_PANEL
DICPCG:  Solving for h, Initial residual = 0.000265125, Final residual = 4.44063e-08, No Iterations 3
DICPCG:  Solving for h, Initial residual = 0.000263941, Final residual = 2.01631e-08, No Iterations 3
DICPCG:  Solving for h, Initial residual = 0.000263466, Final residual = 2.16702e-08, No Iterations 3
Min/max T:299.887 299.978
ExecutionTime = 2628.15 s  ClockTime = 2629 s

Region: domain0 Courant Number mean: 0.130932 max: 9.72519
Region: CPU Diffusion Number mean: 0.0823935 max: 1.16131
Region: Heatsink Diffusion Number mean: 0.0917996 max: 5.01215
Region: FRONT_PANEL Diffusion Number mean: 0.00267202 max: 2.79395
deltaT = 0.000833333
Time = 0.0908333


Solving for fluid region domain0
diagonal:  Solving for rho, Initial residual = 0, Final residual = 0, No Iterations 0
DILUPBiCGStab:  Solving for Ux, Initial residual = 0.00342846, Final residual = 3.19184e-08, No Iterations 3
DILUPBiCGStab:  Solving for Uy, Initial residual = 0.00315017, Final residual = 2.00053e-08, No Iterations 3
DILUPBiCGStab:  Solving for Uz, Initial residual = 0.00144308, Final residual = 3.24814e-08, No Iterations 3
DILUPBiCGStab:  Solving for h, Initial residual = 0.000513099, Final residual = 1.83556e-08, No Iterations 3
Min/max T:299.853 305.445
DICPCG:  Solving for p_rgh, Initial residual = 0.00123445, Final residual = 1.16691e-05, No Iterations 130
DICPCG:  Solving for p_rgh, Initial residual = 0.000305186, Final residual = 2.99813e-06, No Iterations 52
DICPCG:  Solving for p_rgh, Initial residual = 3.17706e-05, Final residual = 3.1568e-07, No Iterations 146
diagonal:  Solving for rho, Initial residual = 0, Final residual = 0, No Iterations 0
time step continuity errors (domain0): sum local = 3.23941e-09, global = -1.74939e-12, cumulative = -8.00317e-08
DICPCG:  Solving for p_rgh, Initial residual = 0.000285701, Final residual = 2.72482e-06, No Iterations 131
DICPCG:  Solving for p_rgh, Initial residual = 9.27857e-05, Final residual = 9.2676e-07, No Iterations 63
DICPCG:  Solving for p_rgh, Initial residual = 9.4236e-06, Final residual = 9.86355e-08, No Iterations 128
diagonal:  Solving for rho, Initial residual = 0, Final residual = 0, No Iterations 0
time step continuity errors (domain0): sum local = 1.01238e-09, global = -3.39861e-11, cumulative = -8.00657e-08
DICPCG:  Solving for p_rgh, Initial residual = 3.726e-05, Final residual = 3.52407e-07, No Iterations 118
DICPCG:  Solving for p_rgh, Initial residual = 7.05955e-06, Final residual = 9.99125e-08, No Iterations 42
DICPCG:  Solving for p_rgh, Initial residual = 8.23484e-07, Final residual = 8.40283e-08, No Iterations 4
diagonal:  Solving for rho, Initial residual = 0, Final residual = 0, No Iterations 0
time step continuity errors (domain0): sum local = 8.62251e-10, global = 2.65191e-10, cumulative = -7.98005e-08
DICPCG:  Solving for p_rgh, Initial residual = 1.05988e-05, Final residual = 1.00487e-07, No Iterations 120
DICPCG:  Solving for p_rgh, Initial residual = 2.02099e-06, Final residual = 9.32644e-08, No Iterations 8
DICPCG:  Solving for p_rgh, Initial residual = 2.32934e-07, Final residual = 8.77469e-08, No Iterations 1
diagonal:  Solving for rho, Initial residual = 0, Final residual = 0, No Iterations 0
time step continuity errors (domain0): sum local = 9.00401e-10, global = 5.5349e-11, cumulative = -7.97452e-08
DILUPBiCGStab:  Solving for epsilon, Initial residual = 0.000736339, Final residual = 6.22172e-08, No Iterations 2
bounding epsilon, min: -1.27254 max: 2119.11 average: 8.66183
DILUPBiCGStab:  Solving for k, Initial residual = 0.00385362, Final residual = 4.73178e-08, No Iterations 3

Solving for solid region CPU
DICPCG:  Solving for h, Initial residual = 0.010524, Final residual = 6.39216e-11, No Iterations 31
DICPCG:  Solving for h, Initial residual = 0.000194228, Final residual = 9.2115e-11, No Iterations 23
DICPCG:  Solving for h, Initial residual = 8.88512e-06, Final residual = 8.07696e-11, No Iterations 19
Min/max T:303.923 305.72

Solving for solid region Heatsink
DICPCG:  Solving for h, Initial residual = 0.0241492, Final residual = 9.83192e-07, No Iterations 225
DICPCG:  Solving for h, Initial residual = 0.0219211, Final residual = 9.9784e-07, No Iterations 165
DICPCG:  Solving for h, Initial residual = 0.00314355, Final residual = 9.68283e-07, No Iterations 108
Min/max T:302.436 304.659

Solving for solid region FRONT_PANEL
DICPCG:  Solving for h, Initial residual = 0.000265889, Final residual = 4.4215e-08, No Iterations 3
DICPCG:  Solving for h, Initial residual = 0.000264725, Final residual = 1.98666e-08, No Iterations 3
DICPCG:  Solving for h, Initial residual = 0.000264257, Final residual = 2.14123e-08, No Iterations 3
Min/max T:299.887 299.978
ExecutionTime = 2661.19 s  ClockTime = 2662 s

Region: domain0 Courant Number mean: 0.131163 max: 9.72562
Region: CPU Diffusion Number mean: 0.0823935 max: 1.16131
Region: Heatsink Diffusion Number mean: 0.0917996 max: 5.01215
Region: FRONT_PANEL Diffusion Number mean: 0.00267202 max: 2.79395
deltaT = 0.000833333
Time = 0.0916667


Solving for fluid region domain0
diagonal:  Solving for rho, Initial residual = 0, Final residual = 0, No Iterations 0
DILUPBiCGStab:  Solving for Ux, Initial residual = 0.0034118, Final residual = 3.19351e-08, No Iterations 3
DILUPBiCGStab:  Solving for Uy, Initial residual = 0.00314115, Final residual = 1.98663e-08, No Iterations 3
DILUPBiCGStab:  Solving for Uz, Initial residual = 0.00143597, Final residual = 2.47773e-08, No Iterations 3
DILUPBiCGStab:  Solving for h, Initial residual = 0.000512779, Final residual = 1.85783e-08, No Iterations 3
Min/max T:299.851 305.462
DICPCG:  Solving for p_rgh, Initial residual = 0.00123287, Final residual = 1.16853e-05, No Iterations 130
DICPCG:  Solving for p_rgh, Initial residual = 0.000319689, Final residual = 3.11918e-06, No Iterations 46
DICPCG:  Solving for p_rgh, Initial residual = 3.17038e-05, Final residual = 3.12005e-07, No Iterations 125
diagonal:  Solving for rho, Initial residual = 0, Final residual = 0, No Iterations 0
time step continuity errors (domain0): sum local = 3.2024e-09, global = 1.25786e-10, cumulative = -7.96194e-08
DICPCG:  Solving for p_rgh, Initial residual = 0.000286442, Final residual = 2.84715e-06, No Iterations 90
DICPCG:  Solving for p_rgh, Initial residual = 9.63846e-05, Final residual = 9.44083e-07, No Iterations 98
DICPCG:  Solving for p_rgh, Initial residual = 1.01432e-05, Final residual = 1.00496e-07, No Iterations 125
diagonal:  Solving for rho, Initial residual = 0, Final residual = 0, No Iterations 0
time step continuity errors (domain0): sum local = 1.03178e-09, global = 3.3275e-12, cumulative = -7.96161e-08
DICPCG:  Solving for p_rgh, Initial residual = 3.70709e-05, Final residual = 3.56742e-07, No Iterations 117
DICPCG:  Solving for p_rgh, Initial residual = 6.94435e-06, Final residual = 9.93403e-08, No Iterations 38
DICPCG:  Solving for p_rgh, Initial residual = 8.05364e-07, Final residual = 8.66359e-08, No Iterations 4
diagonal:  Solving for rho, Initial residual = 0, Final residual = 0, No Iterations 0
time step continuity errors (domain0): sum local = 8.8926e-10, global = 2.2947e-10, cumulative = -7.93866e-08
DICPCG:  Solving for p_rgh, Initial residual = 1.05578e-05, Final residual = 1.0379e-07, No Iterations 119
DICPCG:  Solving for p_rgh, Initial residual = 2.03874e-06, Final residual = 9.10421e-08, No Iterations 8
DICPCG:  Solving for p_rgh, Initial residual = 2.31476e-07, Final residual = 8.81155e-08, No Iterations 1
diagonal:  Solving for rho, Initial residual = 0, Final residual = 0, No Iterations 0
time step continuity errors (domain0): sum local = 9.04447e-10, global = 4.4003e-11, cumulative = -7.93426e-08
DILUPBiCGStab:  Solving for epsilon, Initial residual = 0.000725092, Final residual = 6.07748e-08, No Iterations 2
bounding epsilon, min: -0.211213 max: 2119.1 average: 8.69457
DILUPBiCGStab:  Solving for k, Initial residual = 0.00382962, Final residual = 4.62669e-08, No Iterations 3

Solving for solid region CPU
DICPCG:  Solving for h, Initial residual = 0.0104007, Final residual = 6.31604e-11, No Iterations 31
DICPCG:  Solving for h, Initial residual = 0.000192062, Final residual = 9.11565e-11, No Iterations 23
DICPCG:  Solving for h, Initial residual = 8.78607e-06, Final residual = 7.98575e-11, No Iterations 19
Min/max T:303.936 305.737

Solving for solid region Heatsink
DICPCG:  Solving for h, Initial residual = 0.0237968, Final residual = 9.84419e-07, No Iterations 224
DICPCG:  Solving for h, Initial residual = 0.0216001, Final residual = 9.85024e-07, No Iterations 165
DICPCG:  Solving for h, Initial residual = 0.00309717, Final residual = 9.52737e-07, No Iterations 108
Min/max T:302.444 304.676

Solving for solid region FRONT_PANEL
DICPCG:  Solving for h, Initial residual = 0.000266648, Final residual = 4.40316e-08, No Iterations 3
DICPCG:  Solving for h, Initial residual = 0.000265504, Final residual = 1.95855e-08, No Iterations 3
DICPCG:  Solving for h, Initial residual = 0.000265042, Final residual = 2.11658e-08, No Iterations 3
Min/max T:299.887 299.977
ExecutionTime = 2694 s  ClockTime = 2695 s

Region: domain0 Courant Number mean: 0.131394 max: 9.72577
Region: CPU Diffusion Number mean: 0.0823935 max: 1.16131
Region: Heatsink Diffusion Number mean: 0.0917996 max: 5.01215
Region: FRONT_PANEL Diffusion Number mean: 0.00267202 max: 2.79395
deltaT = 0.000833333
Time = 0.0925


Solving for fluid region domain0
diagonal:  Solving for rho, Initial residual = 0, Final residual = 0, No Iterations 0
DILUPBiCGStab:  Solving for Ux, Initial residual = 0.00339865, Final residual = 3.24018e-08, No Iterations 3
DILUPBiCGStab:  Solving for Uy, Initial residual = 0.00313003, Final residual = 1.88263e-08, No Iterations 3
DILUPBiCGStab:  Solving for Uz, Initial residual = 0.00142846, Final residual = 1.93692e-08, No Iterations 3
DILUPBiCGStab:  Solving for h, Initial residual = 0.000512462, Final residual = 1.87439e-08, No Iterations 3
Min/max T:299.85 305.479
DICPCG:  Solving for p_rgh, Initial residual = 0.00121211, Final residual = 1.17119e-05, No Iterations 130
DICPCG:  Solving for p_rgh, Initial residual = 0.000302816, Final residual = 2.93103e-06, No Iterations 46
DICPCG:  Solving for p_rgh, Initial residual = 3.05599e-05, Final residual = 3.00834e-07, No Iterations 123
diagonal:  Solving for rho, Initial residual = 0, Final residual = 0, No Iterations 0
time step continuity errors (domain0): sum local = 3.08919e-09, global = 1.40387e-10, cumulative = -7.92022e-08
DICPCG:  Solving for p_rgh, Initial residual = 0.000278777, Final residual = 2.73255e-06, No Iterations 97
DICPCG:  Solving for p_rgh, Initial residual = 9.10789e-05, Final residual = 9.06185e-07, No Iterations 101
DICPCG:  Solving for p_rgh, Initial residual = 9.81852e-06, Final residual = 9.96878e-08, No Iterations 128
diagonal:  Solving for rho, Initial residual = 0, Final residual = 0, No Iterations 0
time step continuity errors (domain0): sum local = 1.02377e-09, global = 2.29902e-11, cumulative = -7.91792e-08
DICPCG:  Solving for p_rgh, Initial residual = 3.58261e-05, Final residual = 3.48577e-07, No Iterations 66
DICPCG:  Solving for p_rgh, Initial residual = 6.74689e-06, Final residual = 9.93597e-08, No Iterations 96
DICPCG:  Solving for p_rgh, Initial residual = 8.36795e-07, Final residual = 9.63803e-08, No Iterations 3
diagonal:  Solving for rho, Initial residual = 0, Final residual = 0, No Iterations 0
time step continuity errors (domain0): sum local = 9.89532e-10, global = 5.32567e-11, cumulative = -7.91259e-08
DICPCG:  Solving for p_rgh, Initial residual = 1.0034e-05, Final residual = 9.77871e-08, No Iterations 118
DICPCG:  Solving for p_rgh, Initial residual = 1.92254e-06, Final residual = 9.32386e-08, No Iterations 8
DICPCG:  Solving for p_rgh, Initial residual = 2.21783e-07, Final residual = 8.09042e-08, No Iterations 1
diagonal:  Solving for rho, Initial residual = 0, Final residual = 0, No Iterations 0
time step continuity errors (domain0): sum local = 8.30647e-10, global = 3.30959e-11, cumulative = -7.90928e-08
DILUPBiCGStab:  Solving for epsilon, Initial residual = 0.000714314, Final residual = 5.93949e-08, No Iterations 2
bounding epsilon, min: -0.0562581 max: 2119.09 average: 8.72731
DILUPBiCGStab:  Solving for k, Initial residual = 0.00380317, Final residual = 4.51887e-08, No Iterations 3

Solving for solid region CPU
DICPCG:  Solving for h, Initial residual = 0.0102783, Final residual = 6.2406e-11, No Iterations 31
DICPCG:  Solving for h, Initial residual = 0.000189913, Final residual = 9.02059e-11, No Iterations 23
DICPCG:  Solving for h, Initial residual = 8.68772e-06, Final residual = 7.89524e-11, No Iterations 19
Min/max T:303.949 305.754

Solving for solid region Heatsink
DICPCG:  Solving for h, Initial residual = 0.0234481, Final residual = 9.84548e-07, No Iterations 223
DICPCG:  Solving for h, Initial residual = 0.0212822, Final residual = 9.72109e-07, No Iterations 165
DICPCG:  Solving for h, Initial residual = 0.00305129, Final residual = 9.37408e-07, No Iterations 108
Min/max T:302.452 304.692

Solving for solid region FRONT_PANEL
DICPCG:  Solving for h, Initial residual = 0.000267487, Final residual = 4.38642e-08, No Iterations 3
DICPCG:  Solving for h, Initial residual = 0.000266362, Final residual = 1.93298e-08, No Iterations 3
DICPCG:  Solving for h, Initial residual = 0.000265909, Final residual = 2.09356e-08, No Iterations 3
Min/max T:299.888 299.977
ExecutionTime = 2725.84 s  ClockTime = 2726 s

Region: domain0 Courant Number mean: 0.131625 max: 9.72638
Region: CPU Diffusion Number mean: 0.0823935 max: 1.16131
Region: Heatsink Diffusion Number mean: 0.0917996 max: 5.01215
Region: FRONT_PANEL Diffusion Number mean: 0.00267202 max: 2.79395
deltaT = 0.000833333
Time = 0.0933333


Solving for fluid region domain0
diagonal:  Solving for rho, Initial residual = 0, Final residual = 0, No Iterations 0
DILUPBiCGStab:  Solving for Ux, Initial residual = 0.0033815, Final residual = 3.22695e-08, No Iterations 3
DILUPBiCGStab:  Solving for Uy, Initial residual = 0.00311838, Final residual = 1.83684e-08, No Iterations 3
DILUPBiCGStab:  Solving for Uz, Initial residual = 0.00142168, Final residual = 8.65087e-08, No Iterations 3
DILUPBiCGStab:  Solving for h, Initial residual = 0.00051158, Final residual = 1.88155e-08, No Iterations 3
Min/max T:299.848 305.496
DICPCG:  Solving for p_rgh, Initial residual = 0.00119566, Final residual = 1.12047e-05, No Iterations 131
DICPCG:  Solving for p_rgh, Initial residual = 0.000303152, Final residual = 3.01712e-06, No Iterations 46
DICPCG:  Solving for p_rgh, Initial residual = 3.02913e-05, Final residual = 2.99141e-07, No Iterations 123
diagonal:  Solving for rho, Initial residual = 0, Final residual = 0, No Iterations 0
time step continuity errors (domain0): sum local = 3.07272e-09, global = 5.84762e-11, cumulative = -7.90344e-08
DICPCG:  Solving for p_rgh, Initial residual = 0.000275155, Final residual = 2.72761e-06, No Iterations 97
DICPCG:  Solving for p_rgh, Initial residual = 9.09168e-05, Final residual = 8.96377e-07, No Iterations 104
DICPCG:  Solving for p_rgh, Initial residual = 9.72808e-06, Final residual = 9.87214e-08, No Iterations 125
diagonal:  Solving for rho, Initial residual = 0, Final residual = 0, No Iterations 0
time step continuity errors (domain0): sum local = 1.01409e-09, global = 2.54944e-11, cumulative = -7.90089e-08
DICPCG:  Solving for p_rgh, Initial residual = 3.49741e-05, Final residual = 3.49267e-07, No Iterations 116
DICPCG:  Solving for p_rgh, Initial residual = 6.56588e-06, Final residual = 9.70934e-08, No Iterations 40
DICPCG:  Solving for p_rgh, Initial residual = 7.69108e-07, Final residual = 9.59554e-08, No Iterations 3
diagonal:  Solving for rho, Initial residual = 0, Final residual = 0, No Iterations 0
time step continuity errors (domain0): sum local = 9.85446e-10, global = 2.0268e-10, cumulative = -7.88062e-08
DICPCG:  Solving for p_rgh, Initial residual = 9.76001e-06, Final residual = 9.8637e-08, No Iterations 120
DICPCG:  Solving for p_rgh, Initial residual = 1.87938e-06, Final residual = 9.6364e-08, No Iterations 8
DICPCG:  Solving for p_rgh, Initial residual = 2.23773e-07, Final residual = 8.07091e-08, No Iterations 1
diagonal:  Solving for rho, Initial residual = 0, Final residual = 0, No Iterations 0
time step continuity errors (domain0): sum local = 8.28878e-10, global = 3.00522e-11, cumulative = -7.87761e-08
DILUPBiCGStab:  Solving for epsilon, Initial residual = 0.000704083, Final residual = 5.806e-08, No Iterations 2
bounding epsilon, min: -0.211571 max: 2119.08 average: 8.76014
DILUPBiCGStab:  Solving for k, Initial residual = 0.00377837, Final residual = 4.42075e-08, No Iterations 3

Solving for solid region CPU
DICPCG:  Solving for h, Initial residual = 0.010157, Final residual = 6.16589e-11, No Iterations 31
DICPCG:  Solving for h, Initial residual = 0.00018778, Final residual = 8.92627e-11, No Iterations 23
DICPCG:  Solving for h, Initial residual = 8.59006e-06, Final residual = 7.80534e-11, No Iterations 19
Min/max T:303.962 305.771

Solving for solid region Heatsink
DICPCG:  Solving for h, Initial residual = 0.0231061, Final residual = 9.59562e-07, No Iterations 223
DICPCG:  Solving for h, Initial residual = 0.020971, Final residual = 9.99624e-07, No Iterations 164
DICPCG:  Solving for h, Initial residual = 0.0030064, Final residual = 9.94209e-07, No Iterations 107
Min/max T:302.46 304.709

Solving for solid region FRONT_PANEL
DICPCG:  Solving for h, Initial residual = 0.00026835, Final residual = 4.3706e-08, No Iterations 3
DICPCG:  Solving for h, Initial residual = 0.000267244, Final residual = 1.90907e-08, No Iterations 3
DICPCG:  Solving for h, Initial residual = 0.000266798, Final residual = 2.07248e-08, No Iterations 3
Min/max T:299.888 299.976
ExecutionTime = 2758.52 s  ClockTime = 2759 s

Region: domain0 Courant Number mean: 0.131854 max: 9.72678
Region: CPU Diffusion Number mean: 0.0823935 max: 1.16131
Region: Heatsink Diffusion Number mean: 0.0917996 max: 5.01215
Region: FRONT_PANEL Diffusion Number mean: 0.00267202 max: 2.79395
deltaT = 0.000833333
Time = 0.0941667


Solving for fluid region domain0
diagonal:  Solving for rho, Initial residual = 0, Final residual = 0, No Iterations 0
DILUPBiCGStab:  Solving for Ux, Initial residual = 0.00336672, Final residual = 3.22918e-08, No Iterations 3
DILUPBiCGStab:  Solving for Uy, Initial residual = 0.00310959, Final residual = 1.79459e-08, No Iterations 3
DILUPBiCGStab:  Solving for Uz, Initial residual = 0.00141464, Final residual = 7.72485e-08, No Iterations 3
DILUPBiCGStab:  Solving for h, Initial residual = 0.000511426, Final residual = 1.88372e-08, No Iterations 3
Min/max T:299.847 305.512
DICPCG:  Solving for p_rgh, Initial residual = 0.00119262, Final residual = 1.12e-05, No Iterations 131
DICPCG:  Solving for p_rgh, Initial residual = 0.000298437, Final residual = 2.95723e-06, No Iterations 46
DICPCG:  Solving for p_rgh, Initial residual = 3.00117e-05, Final residual = 2.99423e-07, No Iterations 127
diagonal:  Solving for rho, Initial residual = 0, Final residual = 0, No Iterations 0
time step continuity errors (domain0): sum local = 3.07631e-09, global = 1.151e-10, cumulative = -7.8661e-08
DICPCG:  Solving for p_rgh, Initial residual = 0.000271751, Final residual = 2.64196e-06, No Iterations 129
DICPCG:  Solving for p_rgh, Initial residual = 8.94244e-05, Final residual = 8.8729e-07, No Iterations 89
DICPCG:  Solving for p_rgh, Initial residual = 8.92757e-06, Final residual = 9.7481e-08, No Iterations 114
diagonal:  Solving for rho, Initial residual = 0, Final residual = 0, No Iterations 0
time step continuity errors (domain0): sum local = 1.00158e-09, global = 5.27781e-11, cumulative = -7.86083e-08
DICPCG:  Solving for p_rgh, Initial residual = 3.44675e-05, Final residual = 3.43661e-07, No Iterations 77
DICPCG:  Solving for p_rgh, Initial residual = 6.5575e-06, Final residual = 9.76599e-08, No Iterations 78
DICPCG:  Solving for p_rgh, Initial residual = 8.36597e-07, Final residual = 9.56175e-08, No Iterations 3
diagonal:  Solving for rho, Initial residual = 0, Final residual = 0, No Iterations 0
time step continuity errors (domain0): sum local = 9.82242e-10, global = 7.09436e-11, cumulative = -7.85373e-08
DICPCG:  Solving for p_rgh, Initial residual = 9.58775e-06, Final residual = 9.84523e-08, No Iterations 120
DICPCG:  Solving for p_rgh, Initial residual = 1.86415e-06, Final residual = 9.57297e-08, No Iterations 8
DICPCG:  Solving for p_rgh, Initial residual = 2.20589e-07, Final residual = 7.98776e-08, No Iterations 1
diagonal:  Solving for rho, Initial residual = 0, Final residual = 0, No Iterations 0
time step continuity errors (domain0): sum local = 8.2057e-10, global = 3.25265e-11, cumulative = -7.85048e-08
DILUPBiCGStab:  Solving for epsilon, Initial residual = 0.000694131, Final residual = 5.68154e-08, No Iterations 2
DILUPBiCGStab:  Solving for k, Initial residual = 0.00375494, Final residual = 4.33402e-08, No Iterations 3

Solving for solid region CPU
DICPCG:  Solving for h, Initial residual = 0.0100366, Final residual = 6.09186e-11, No Iterations 31
DICPCG:  Solving for h, Initial residual = 0.000185668, Final residual = 8.83278e-11, No Iterations 23
DICPCG:  Solving for h, Initial residual = 8.4933e-06, Final residual = 7.71627e-11, No Iterations 19
Min/max T:303.975 305.787

Solving for solid region Heatsink
DICPCG:  Solving for h, Initial residual = 0.0227676, Final residual = 9.78796e-07, No Iterations 222
DICPCG:  Solving for h, Initial residual = 0.0206627, Final residual = 9.86154e-07, No Iterations 164
DICPCG:  Solving for h, Initial residual = 0.00296194, Final residual = 9.7826e-07, No Iterations 107
Min/max T:302.467 304.725

Solving for solid region FRONT_PANEL
DICPCG:  Solving for h, Initial residual = 0.00026926, Final residual = 4.35571e-08, No Iterations 3
DICPCG:  Solving for h, Initial residual = 0.000268173, Final residual = 1.88652e-08, No Iterations 3
DICPCG:  Solving for h, Initial residual = 0.000267733, Final residual = 2.05335e-08, No Iterations 3
Min/max T:299.888 299.976
ExecutionTime = 2790.17 s  ClockTime = 2790 s

Region: domain0 Courant Number mean: 0.132084 max: 9.72727
Region: CPU Diffusion Number mean: 0.0823935 max: 1.16131
Region: Heatsink Diffusion Number mean: 0.0917996 max: 5.01215
Region: FRONT_PANEL Diffusion Number mean: 0.00267202 max: 2.79395
deltaT = 0.000833333
Time = 0.095


Solving for fluid region domain0
diagonal:  Solving for rho, Initial residual = 0, Final residual = 0, No Iterations 0
DILUPBiCGStab:  Solving for Ux, Initial residual = 0.00335574, Final residual = 3.04886e-08, No Iterations 3
DILUPBiCGStab:  Solving for Uy, Initial residual = 0.00310472, Final residual = 9.69158e-08, No Iterations 3
DILUPBiCGStab:  Solving for Uz, Initial residual = 0.00140913, Final residual = 6.56551e-08, No Iterations 3
DILUPBiCGStab:  Solving for h, Initial residual = 0.000511451, Final residual = 1.87736e-08, No Iterations 3
Min/max T:299.846 305.529
DICPCG:  Solving for p_rgh, Initial residual = 0.00121635, Final residual = 1.15015e-05, No Iterations 128
DICPCG:  Solving for p_rgh, Initial residual = 0.000302833, Final residual = 2.90589e-06, No Iterations 44
DICPCG:  Solving for p_rgh, Initial residual = 3.21032e-05, Final residual = 3.19249e-07, No Iterations 101
diagonal:  Solving for rho, Initial residual = 0, Final residual = 0, No Iterations 0
time step continuity errors (domain0): sum local = 3.28121e-09, global = -3.09987e-10, cumulative = -7.88148e-08
DICPCG:  Solving for p_rgh, Initial residual = 0.000283367, Final residual = 2.67501e-06, No Iterations 131
DICPCG:  Solving for p_rgh, Initial residual = 9.27661e-05, Final residual = 9.08112e-07, No Iterations 55
DICPCG:  Solving for p_rgh, Initial residual = 9.42727e-06, Final residual = 9.95866e-08, No Iterations 137
diagonal:  Solving for rho, Initial residual = 0, Final residual = 0, No Iterations 0
time step continuity errors (domain0): sum local = 1.02354e-09, global = -2.65767e-11, cumulative = -7.88414e-08
DICPCG:  Solving for p_rgh, Initial residual = 3.786e-05, Final residual = 3.58847e-07, No Iterations 118
DICPCG:  Solving for p_rgh, Initial residual = 7.23613e-06, Final residual = 9.46988e-08, No Iterations 43
DICPCG:  Solving for p_rgh, Initial residual = 8.62337e-07, Final residual = 8.32645e-08, No Iterations 4
diagonal:  Solving for rho, Initial residual = 0, Final residual = 0, No Iterations 0
time step continuity errors (domain0): sum local = 8.5561e-10, global = 2.84775e-10, cumulative = -7.85566e-08
DICPCG:  Solving for p_rgh, Initial residual = 1.08845e-05, Final residual = 1.06698e-07, No Iterations 120
DICPCG:  Solving for p_rgh, Initial residual = 2.0993e-06, Final residual = 8.85375e-08, No Iterations 8
DICPCG:  Solving for p_rgh, Initial residual = 2.36502e-07, Final residual = 9.02282e-08, No Iterations 1
diagonal:  Solving for rho, Initial residual = 0, Final residual = 0, No Iterations 0
time step continuity errors (domain0): sum local = 9.27139e-10, global = 4.71371e-11, cumulative = -7.85094e-08
DILUPBiCGStab:  Solving for epsilon, Initial residual = 0.000686264, Final residual = 5.558e-08, No Iterations 2
bounding epsilon, min: -2.23718 max: 2119.06 average: 8.82622
DILUPBiCGStab:  Solving for k, Initial residual = 0.00374076, Final residual = 4.45288e-08, No Iterations 3

Solving for solid region CPU
DICPCG:  Solving for h, Initial residual = 0.00991736, Final residual = 6.01856e-11, No Iterations 31
DICPCG:  Solving for h, Initial residual = 0.000183578, Final residual = 8.74001e-11, No Iterations 23
DICPCG:  Solving for h, Initial residual = 8.39725e-06, Final residual = 7.62786e-11, No Iterations 19
Min/max T:303.987 305.803

Solving for solid region Heatsink
DICPCG:  Solving for h, Initial residual = 0.0224338, Final residual = 9.53429e-07, No Iterations 222
DICPCG:  Solving for h, Initial residual = 0.020359, Final residual = 9.99226e-07, No Iterations 163
DICPCG:  Solving for h, Initial residual = 0.00291816, Final residual = 9.63492e-07, No Iterations 107
Min/max T:302.475 304.742

Solving for solid region FRONT_PANEL
DICPCG:  Solving for h, Initial residual = 0.000270209, Final residual = 4.34143e-08, No Iterations 3
DICPCG:  Solving for h, Initial residual = 0.000269139, Final residual = 1.86515e-08, No Iterations 3
DICPCG:  Solving for h, Initial residual = 0.000268706, Final residual = 2.03535e-08, No Iterations 3
Min/max T:299.889 299.976
ExecutionTime = 2823.04 s  ClockTime = 2823 s

Region: domain0 Courant Number mean: 0.132313 max: 9.72781
Region: CPU Diffusion Number mean: 0.0823935 max: 1.16131
Region: Heatsink Diffusion Number mean: 0.0917996 max: 5.01215
Region: FRONT_PANEL Diffusion Number mean: 0.00267202 max: 2.79395
deltaT = 0.000833333
Time = 0.0958333


Solving for fluid region domain0
diagonal:  Solving for rho, Initial residual = 0, Final residual = 0, No Iterations 0
DILUPBiCGStab:  Solving for Ux, Initial residual = 0.00333892, Final residual = 3.04897e-08, No Iterations 3
DILUPBiCGStab:  Solving for Uy, Initial residual = 0.00309799, Final residual = 9.38811e-08, No Iterations 3
DILUPBiCGStab:  Solving for Uz, Initial residual = 0.00140214, Final residual = 5.77957e-08, No Iterations 3
DILUPBiCGStab:  Solving for h, Initial residual = 0.000511406, Final residual = 1.86305e-08, No Iterations 3
Min/max T:299.845 305.545
DICPCG:  Solving for p_rgh, Initial residual = 0.00121042, Final residual = 1.17338e-05, No Iterations 127
DICPCG:  Solving for p_rgh, Initial residual = 0.000324574, Final residual = 3.22834e-06, No Iterations 46
DICPCG:  Solving for p_rgh, Initial residual = 3.23404e-05, Final residual = 3.15515e-07, No Iterations 109
diagonal:  Solving for rho, Initial residual = 0, Final residual = 0, No Iterations 0
time step continuity errors (domain0): sum local = 3.24307e-09, global = -1.63911e-10, cumulative = -7.86734e-08
DICPCG:  Solving for p_rgh, Initial residual = 0.000283795, Final residual = 2.75851e-06, No Iterations 85
DICPCG:  Solving for p_rgh, Initial residual = 9.73515e-05, Final residual = 9.1432e-07, No Iterations 76
DICPCG:  Solving for p_rgh, Initial residual = 9.96058e-06, Final residual = 9.35435e-08, No Iterations 116
diagonal:  Solving for rho, Initial residual = 0, Final residual = 0, No Iterations 0
time step continuity errors (domain0): sum local = 9.61655e-10, global = 6.03581e-11, cumulative = -7.8613e-08
DICPCG:  Solving for p_rgh, Initial residual = 3.74844e-05, Final residual = 3.72333e-07, No Iterations 116
DICPCG:  Solving for p_rgh, Initial residual = 7.1039e-06, Final residual = 9.7388e-08, No Iterations 35
DICPCG:  Solving for p_rgh, Initial residual = 8.21801e-07, Final residual = 8.64628e-08, No Iterations 4
diagonal:  Solving for rho, Initial residual = 0, Final residual = 0, No Iterations 0
time step continuity errors (domain0): sum local = 8.88712e-10, global = 1.66705e-10, cumulative = -7.84463e-08
DICPCG:  Solving for p_rgh, Initial residual = 1.08243e-05, Final residual = 1.05637e-07, No Iterations 117
DICPCG:  Solving for p_rgh, Initial residual = 2.10114e-06, Final residual = 8.9098e-08, No Iterations 8
DICPCG:  Solving for p_rgh, Initial residual = 2.34996e-07, Final residual = 9.14252e-08, No Iterations 1
diagonal:  Solving for rho, Initial residual = 0, Final residual = 0, No Iterations 0
time step continuity errors (domain0): sum local = 9.39713e-10, global = 6.81843e-11, cumulative = -7.83781e-08
DILUPBiCGStab:  Solving for epsilon, Initial residual = 0.000676862, Final residual = 5.28832e-08, No Iterations 2
DILUPBiCGStab:  Solving for k, Initial residual = 0.00371683, Final residual = 4.23176e-08, No Iterations 3

Solving for solid region CPU
DICPCG:  Solving for h, Initial residual = 0.00979911, Final residual = 5.94596e-11, No Iterations 31
DICPCG:  Solving for h, Initial residual = 0.000181509, Final residual = 8.64802e-11, No Iterations 23
DICPCG:  Solving for h, Initial residual = 8.30204e-06, Final residual = 7.54019e-11, No Iterations 19
Min/max T:303.999 305.82

Solving for solid region Heatsink
DICPCG:  Solving for h, Initial residual = 0.0221043, Final residual = 9.77948e-07, No Iterations 221
DICPCG:  Solving for h, Initial residual = 0.0200592, Final residual = 9.85455e-07, No Iterations 163
DICPCG:  Solving for h, Initial residual = 0.00287496, Final residual = 9.47933e-07, No Iterations 107
Min/max T:302.482 304.758

Solving for solid region FRONT_PANEL
DICPCG:  Solving for h, Initial residual = 0.000271138, Final residual = 4.32733e-08, No Iterations 3
DICPCG:  Solving for h, Initial residual = 0.000270084, Final residual = 1.84467e-08, No Iterations 3
DICPCG:  Solving for h, Initial residual = 0.000269655, Final residual = 2.01817e-08, No Iterations 3
Min/max T:299.889 299.975
ExecutionTime = 2856.74 s  ClockTime = 2856 s

Region: domain0 Courant Number mean: 0.132542 max: 9.72781
Region: CPU Diffusion Number mean: 0.0823935 max: 1.16131
Region: Heatsink Diffusion Number mean: 0.0917996 max: 5.01215
Region: FRONT_PANEL Diffusion Number mean: 0.00267202 max: 2.79395
deltaT = 0.000833333
Time = 0.0966667


Solving for fluid region domain0
diagonal:  Solving for rho, Initial residual = 0, Final residual = 0, No Iterations 0
DILUPBiCGStab:  Solving for Ux, Initial residual = 0.00332723, Final residual = 3.23565e-08, No Iterations 3
DILUPBiCGStab:  Solving for Uy, Initial residual = 0.00308413, Final residual = 1.69545e-08, No Iterations 3
DILUPBiCGStab:  Solving for Uz, Initial residual = 0.00139436, Final residual = 6.3817e-08, No Iterations 3
DILUPBiCGStab:  Solving for h, Initial residual = 0.000512182, Final residual = 1.84609e-08, No Iterations 3
Min/max T:299.844 305.562
DICPCG:  Solving for p_rgh, Initial residual = 0.00118634, Final residual = 1.15589e-05, No Iterations 129
DICPCG:  Solving for p_rgh, Initial residual = 0.00029911, Final residual = 2.94832e-06, No Iterations 46
DICPCG:  Solving for p_rgh, Initial residual = 3.02551e-05, Final residual = 3.01116e-07, No Iterations 122
diagonal:  Solving for rho, Initial residual = 0, Final residual = 0, No Iterations 0
time step continuity errors (domain0): sum local = 3.09647e-09, global = -1.42971e-11, cumulative = -7.83924e-08
DICPCG:  Solving for p_rgh, Initial residual = 0.000270744, Final residual = 2.58095e-06, No Iterations 96
DICPCG:  Solving for p_rgh, Initial residual = 8.89528e-05, Final residual = 8.66174e-07, No Iterations 98
DICPCG:  Solving for p_rgh, Initial residual = 9.50829e-06, Final residual = 9.97352e-08, No Iterations 130
diagonal:  Solving for rho, Initial residual = 0, Final residual = 0, No Iterations 0
time step continuity errors (domain0): sum local = 1.02565e-09, global = 1.47893e-11, cumulative = -7.83776e-08
DICPCG:  Solving for p_rgh, Initial residual = 3.48902e-05, Final residual = 3.3144e-07, No Iterations 64
DICPCG:  Solving for p_rgh, Initial residual = 6.68802e-06, Final residual = 9.84316e-08, No Iterations 93
DICPCG:  Solving for p_rgh, Initial residual = 8.20781e-07, Final residual = 9.35641e-08, No Iterations 3
diagonal:  Solving for rho, Initial residual = 0, Final residual = 0, No Iterations 0
time step continuity errors (domain0): sum local = 9.61944e-10, global = 7.52644e-11, cumulative = -7.83024e-08
DICPCG:  Solving for p_rgh, Initial residual = 9.73749e-06, Final residual = 9.92243e-08, No Iterations 117
DICPCG:  Solving for p_rgh, Initial residual = 1.9191e-06, Final residual = 9.12148e-08, No Iterations 8
DICPCG:  Solving for p_rgh, Initial residual = 2.19008e-07, Final residual = 7.957e-08, No Iterations 1
diagonal:  Solving for rho, Initial residual = 0, Final residual = 0, No Iterations 0
time step continuity errors (domain0): sum local = 8.18079e-10, global = 4.0493e-11, cumulative = -7.82619e-08
DILUPBiCGStab:  Solving for epsilon, Initial residual = 0.000664558, Final residual = 5.3763e-08, No Iterations 2
bounding epsilon, min: -0.212211 max: 2119.06 average: 8.89317
DILUPBiCGStab:  Solving for k, Initial residual = 0.00369017, Final residual = 4.12613e-08, No Iterations 3

Solving for solid region CPU
DICPCG:  Solving for h, Initial residual = 0.00968184, Final residual = 5.87401e-11, No Iterations 31
DICPCG:  Solving for h, Initial residual = 0.000179462, Final residual = 8.55677e-11, No Iterations 23
DICPCG:  Solving for h, Initial residual = 8.20761e-06, Final residual = 7.45326e-11, No Iterations 19
Min/max T:304.012 305.835

Solving for solid region Heatsink
DICPCG:  Solving for h, Initial residual = 0.0217778, Final residual = 9.52423e-07, No Iterations 221
DICPCG:  Solving for h, Initial residual = 0.0197618, Final residual = 9.71633e-07, No Iterations 163
DICPCG:  Solving for h, Initial residual = 0.00283216, Final residual = 9.32598e-07, No Iterations 107
Min/max T:302.489 304.773

Solving for solid region FRONT_PANEL
DICPCG:  Solving for h, Initial residual = 0.000272201, Final residual = 4.31544e-08, No Iterations 3
DICPCG:  Solving for h, Initial residual = 0.000271162, Final residual = 1.82582e-08, No Iterations 3
DICPCG:  Solving for h, Initial residual = 0.00027074, Final residual = 2.00259e-08, No Iterations 3
Min/max T:299.889 299.975
ExecutionTime = 2890.46 s  ClockTime = 2890 s

Region: domain0 Courant Number mean: 0.13277 max: 9.72841
Region: CPU Diffusion Number mean: 0.0823935 max: 1.16131
Region: Heatsink Diffusion Number mean: 0.0917996 max: 5.01215
Region: FRONT_PANEL Diffusion Number mean: 0.00267202 max: 2.79395
deltaT = 0.000833333
Time = 0.0975


Solving for fluid region domain0
diagonal:  Solving for rho, Initial residual = 0, Final residual = 0, No Iterations 0
DILUPBiCGStab:  Solving for Ux, Initial residual = 0.00332352, Final residual = 3.11447e-08, No Iterations 3
DILUPBiCGStab:  Solving for Uy, Initial residual = 0.00309224, Final residual = 1.77504e-08, No Iterations 3
DILUPBiCGStab:  Solving for Uz, Initial residual = 0.00139278, Final residual = 6.06047e-08, No Iterations 3
DILUPBiCGStab:  Solving for h, Initial residual = 0.000511327, Final residual = 1.82271e-08, No Iterations 3
Min/max T:299.843 305.578
DICPCG:  Solving for p_rgh, Initial residual = 0.0012469, Final residual = 1.24427e-05, No Iterations 127
DICPCG:  Solving for p_rgh, Initial residual = 0.000323078, Final residual = 3.08735e-06, No Iterations 55
DICPCG:  Solving for p_rgh, Initial residual = 3.65673e-05, Final residual = 3.48615e-07, No Iterations 105
diagonal:  Solving for rho, Initial residual = 0, Final residual = 0, No Iterations 0
time step continuity errors (domain0): sum local = 3.58493e-09, global = 6.15623e-10, cumulative = -7.76462e-08
DICPCG:  Solving for p_rgh, Initial residual = 0.000297225, Final residual = 2.97184e-06, No Iterations 135
DICPCG:  Solving for p_rgh, Initial residual = 0.000101274, Final residual = 9.97609e-07, No Iterations 47
DICPCG:  Solving for p_rgh, Initial residual = 1.01603e-05, Final residual = 9.94963e-08, No Iterations 151
diagonal:  Solving for rho, Initial residual = 0, Final residual = 0, No Iterations 0
time step continuity errors (domain0): sum local = 1.02348e-09, global = -7.49892e-12, cumulative = -7.76537e-08
DICPCG:  Solving for p_rgh, Initial residual = 4.20114e-05, Final residual = 4.11675e-07, No Iterations 117
DICPCG:  Solving for p_rgh, Initial residual = 8.10508e-06, Final residual = 9.90126e-08, No Iterations 53
DICPCG:  Solving for p_rgh, Initial residual = 1.00265e-06, Final residual = 8.69218e-08, No Iterations 4
diagonal:  Solving for rho, Initial residual = 0, Final residual = 0, No Iterations 0
time step continuity errors (domain0): sum local = 8.93938e-10, global = 2.97869e-10, cumulative = -7.73559e-08
DICPCG:  Solving for p_rgh, Initial residual = 1.22658e-05, Final residual = 1.21286e-07, No Iterations 122
DICPCG:  Solving for p_rgh, Initial residual = 2.41777e-06, Final residual = 9.95869e-08, No Iterations 8
DICPCG:  Solving for p_rgh, Initial residual = 2.66635e-07, Final residual = 7.90995e-08, No Iterations 2
diagonal:  Solving for rho, Initial residual = 0, Final residual = 0, No Iterations 0
time step continuity errors (domain0): sum local = 8.13474e-10, global = 7.32549e-11, cumulative = -7.72826e-08
DILUPBiCGStab:  Solving for epsilon, Initial residual = 0.000662339, Final residual = 5.38294e-08, No Iterations 2
bounding epsilon, min: -3.72917 max: 2119.05 average: 8.92685
DILUPBiCGStab:  Solving for k, Initial residual = 0.00368846, Final residual = 5.98873e-08, No Iterations 3

Solving for solid region CPU
DICPCG:  Solving for h, Initial residual = 0.00956577, Final residual = 5.80284e-11, No Iterations 31
DICPCG:  Solving for h, Initial residual = 0.000177431, Final residual = 8.46616e-11, No Iterations 23
DICPCG:  Solving for h, Initial residual = 8.11387e-06, Final residual = 7.36689e-11, No Iterations 19
Min/max T:304.024 305.851

Solving for solid region Heatsink
DICPCG:  Solving for h, Initial residual = 0.0214593, Final residual = 9.26792e-07, No Iterations 221
DICPCG:  Solving for h, Initial residual = 0.0194726, Final residual = 9.93486e-07, No Iterations 162
DICPCG:  Solving for h, Initial residual = 0.0027905, Final residual = 9.18368e-07, No Iterations 107
Min/max T:302.496 304.789

Solving for solid region FRONT_PANEL
DICPCG:  Solving for h, Initial residual = 0.000273276, Final residual = 4.30413e-08, No Iterations 3
DICPCG:  Solving for h, Initial residual = 0.000272251, Final residual = 1.80792e-08, No Iterations 3
DICPCG:  Solving for h, Initial residual = 0.000271834, Final residual = 1.98791e-08, No Iterations 3
Min/max T:299.89 299.975
ExecutionTime = 2923.53 s  ClockTime = 2923 s

Region: domain0 Courant Number mean: 0.132998 max: 9.72925
Region: CPU Diffusion Number mean: 0.0823935 max: 1.16131
Region: Heatsink Diffusion Number mean: 0.0917996 max: 5.01215
Region: FRONT_PANEL Diffusion Number mean: 0.00267202 max: 2.79395
deltaT = 0.000833333
Time = 0.0983333


Solving for fluid region domain0
diagonal:  Solving for rho, Initial residual = 0, Final residual = 0, No Iterations 0
DILUPBiCGStab:  Solving for Ux, Initial residual = 0.00334477, Final residual = 8.70015e-08, No Iterations 3
DILUPBiCGStab:  Solving for Uy, Initial residual = 0.00311222, Final residual = 6.42766e-08, No Iterations 4
DILUPBiCGStab:  Solving for Uz, Initial residual = 0.00139107, Final residual = 1.73049e-08, No Iterations 4
DILUPBiCGStab:  Solving for h, Initial residual = 0.000511587, Final residual = 1.80222e-08, No Iterations 3
Min/max T:299.842 305.593
DICPCG:  Solving for p_rgh, Initial residual = 0.00127142, Final residual = 1.26401e-05, No Iterations 80
DICPCG:  Solving for p_rgh, Initial residual = 0.000361957, Final residual = 3.58668e-06, No Iterations 94
DICPCG:  Solving for p_rgh, Initial residual = 3.73861e-05, Final residual = 3.72641e-07, No Iterations 103
diagonal:  Solving for rho, Initial residual = 0, Final residual = 0, No Iterations 0
time step continuity errors (domain0): sum local = 3.83397e-09, global = -5.48597e-10, cumulative = -7.78312e-08
DICPCG:  Solving for p_rgh, Initial residual = 0.000309145, Final residual = 2.99635e-06, No Iterations 84
DICPCG:  Solving for p_rgh, Initial residual = 0.000111353, Final residual = 1.09863e-06, No Iterations 36
DICPCG:  Solving for p_rgh, Initial residual = 1.05701e-05, Final residual = 1.03961e-07, No Iterations 150
diagonal:  Solving for rho, Initial residual = 0, Final residual = 0, No Iterations 0
time step continuity errors (domain0): sum local = 1.06967e-09, global = -4.75136e-12, cumulative = -7.7836e-08
DICPCG:  Solving for p_rgh, Initial residual = 4.4001e-05, Final residual = 4.39626e-07, No Iterations 112
DICPCG:  Solving for p_rgh, Initial residual = 8.58353e-06, Final residual = 9.99864e-08, No Iterations 48
DICPCG:  Solving for p_rgh, Initial residual = 1.03359e-06, Final residual = 9.23789e-08, No Iterations 4
diagonal:  Solving for rho, Initial residual = 0, Final residual = 0, No Iterations 0
time step continuity errors (domain0): sum local = 9.50294e-10, global = 2.76351e-10, cumulative = -7.75596e-08
DICPCG:  Solving for p_rgh, Initial residual = 1.32784e-05, Final residual = 1.29425e-07, No Iterations 66
DICPCG:  Solving for p_rgh, Initial residual = 2.57414e-06, Final residual = 9.72153e-08, No Iterations 11
DICPCG:  Solving for p_rgh, Initial residual = 2.90597e-07, Final residual = 8.84277e-08, No Iterations 2
diagonal:  Solving for rho, Initial residual = 0, Final residual = 0, No Iterations 0
time step continuity errors (domain0): sum local = 9.09658e-10, global = 2.56199e-10, cumulative = -7.73034e-08
DILUPBiCGStab:  Solving for epsilon, Initial residual = 0.000657351, Final residual = 4.46012e-08, No Iterations 3
bounding epsilon, min: -0.212438 max: 2119.08 average: 8.96128
DILUPBiCGStab:  Solving for k, Initial residual = 0.00373303, Final residual = 7.73309e-08, No Iterations 4

Solving for solid region CPU
DICPCG:  Solving for h, Initial residual = 0.00945069, Final residual = 5.73233e-11, No Iterations 31
DICPCG:  Solving for h, Initial residual = 0.000175426, Final residual = 8.37681e-11, No Iterations 23
DICPCG:  Solving for h, Initial residual = 8.02121e-06, Final residual = 7.28151e-11, No Iterations 19
Min/max T:304.035 305.867

Solving for solid region Heatsink
DICPCG:  Solving for h, Initial residual = 0.021143, Final residual = 9.74931e-07, No Iterations 220
DICPCG:  Solving for h, Initial residual = 0.0191852, Final residual = 9.79688e-07, No Iterations 162
DICPCG:  Solving for h, Initial residual = 0.00274912, Final residual = 9.94673e-07, No Iterations 106
Min/max T:302.503 304.804

Solving for solid region FRONT_PANEL
DICPCG:  Solving for h, Initial residual = 0.000274234, Final residual = 4.29178e-08, No Iterations 3
DICPCG:  Solving for h, Initial residual = 0.000273223, Final residual = 1.7904e-08, No Iterations 3
DICPCG:  Solving for h, Initial residual = 0.000272812, Final residual = 1.97347e-08, No Iterations 3
Min/max T:299.89 299.975
ExecutionTime = 2954.71 s  ClockTime = 2954 s

Region: domain0 Courant Number mean: 0.133225 max: 9.72897
Region: CPU Diffusion Number mean: 0.0823935 max: 1.16131
Region: Heatsink Diffusion Number mean: 0.0917996 max: 5.01215
Region: FRONT_PANEL Diffusion Number mean: 0.00267202 max: 2.79395
deltaT = 0.000833333
Time = 0.0991667


Solving for fluid region domain0
diagonal:  Solving for rho, Initial residual = 0, Final residual = 0, No Iterations 0
DILUPBiCGStab:  Solving for Ux, Initial residual = 0.00329297, Final residual = 2.97521e-08, No Iterations 3
DILUPBiCGStab:  Solving for Uy, Initial residual = 0.00307489, Final residual = 9.14423e-08, No Iterations 3
DILUPBiCGStab:  Solving for Uz, Initial residual = 0.00137715, Final residual = 4.73664e-08, No Iterations 3
DILUPBiCGStab:  Solving for h, Initial residual = 0.000513168, Final residual = 1.7759e-08, No Iterations 3
Min/max T:299.841 305.609
DICPCG:  Solving for p_rgh, Initial residual = 0.00126273, Final residual = 1.19581e-05, No Iterations 70
DICPCG:  Solving for p_rgh, Initial residual = 0.000313054, Final residual = 3.06086e-06, No Iterations 100
DICPCG:  Solving for p_rgh, Initial residual = 3.4482e-05, Final residual = 3.33969e-07, No Iterations 101
diagonal:  Solving for rho, Initial residual = 0, Final residual = 0, No Iterations 0
time step continuity errors (domain0): sum local = 3.43766e-09, global = -5.98203e-10, cumulative = -7.79016e-08
DICPCG:  Solving for p_rgh, Initial residual = 0.000298823, Final residual = 2.91343e-06, No Iterations 78
DICPCG:  Solving for p_rgh, Initial residual = 9.30462e-05, Final residual = 9.18618e-07, No Iterations 61
DICPCG:  Solving for p_rgh, Initial residual = 9.88325e-06, Final residual = 9.71741e-08, No Iterations 82
diagonal:  Solving for rho, Initial residual = 0, Final residual = 0, No Iterations 0
time step continuity errors (domain0): sum local = 9.99965e-10, global = 1.7838e-10, cumulative = -7.77232e-08
DICPCG:  Solving for p_rgh, Initial residual = 4.12224e-05, Final residual = 3.96074e-07, No Iterations 64
DICPCG:  Solving for p_rgh, Initial residual = 7.62131e-06, Final residual = 9.87908e-08, No Iterations 99
DICPCG:  Solving for p_rgh, Initial residual = 1.0354e-06, Final residual = 8.39728e-08, No Iterations 4
diagonal:  Solving for rho, Initial residual = 0, Final residual = 0, No Iterations 0
time step continuity errors (domain0): sum local = 8.64023e-10, global = -1.57306e-10, cumulative = -7.78805e-08
DICPCG:  Solving for p_rgh, Initial residual = 1.22476e-05, Final residual = 1.19932e-07, No Iterations 67
DICPCG:  Solving for p_rgh, Initial residual = 2.30108e-06, Final residual = 9.99793e-08, No Iterations 9
DICPCG:  Solving for p_rgh, Initial residual = 2.60809e-07, Final residual = 8.2391e-08, No Iterations 2
diagonal:  Solving for rho, Initial residual = 0, Final residual = 0, No Iterations 0
time step continuity errors (domain0): sum local = 8.4774e-10, global = -1.23078e-10, cumulative = -7.80036e-08
DILUPBiCGStab:  Solving for epsilon, Initial residual = 0.00064511, Final residual = 4.75665e-08, No Iterations 2
DILUPBiCGStab:  Solving for k, Initial residual = 0.00363504, Final residual = 4.09248e-08, No Iterations 3

Solving for solid region CPU
DICPCG:  Solving for h, Initial residual = 0.00933649, Final residual = 5.66242e-11, No Iterations 31
DICPCG:  Solving for h, Initial residual = 0.000173446, Final residual = 8.28802e-11, No Iterations 23
DICPCG:  Solving for h, Initial residual = 7.92925e-06, Final residual = 7.19687e-11, No Iterations 19
Min/max T:304.047 305.882

Solving for solid region Heatsink
DICPCG:  Solving for h, Initial residual = 0.0208273, Final residual = 9.48909e-07, No Iterations 220
DICPCG:  Solving for h, Initial residual = 0.0188974, Final residual = 9.6579e-07, No Iterations 162
DICPCG:  Solving for h, Initial residual = 0.00270779, Final residual = 9.78458e-07, No Iterations 106
Min/max T:302.51 304.82

Solving for solid region FRONT_PANEL
DICPCG:  Solving for h, Initial residual = 0.000275449, Final residual = 4.28276e-08, No Iterations 3
DICPCG:  Solving for h, Initial residual = 0.00027445, Final residual = 1.77508e-08, No Iterations 3
DICPCG:  Solving for h, Initial residual = 0.000274044, Final residual = 1.96134e-08, No Iterations 3
Min/max T:299.89 299.975
ExecutionTime = 2982.53 s  ClockTime = 2982 s

Region: domain0 Courant Number mean: 0.133451 max: 9.7296
Region: CPU Diffusion Number mean: 0.0823935 max: 1.16131
Region: Heatsink Diffusion Number mean: 0.0917996 max: 5.01215
Region: FRONT_PANEL Diffusion Number mean: 0.00267202 max: 2.79395
deltaT = 0.000833333
Time = 0.1


Solving for fluid region domain0
diagonal:  Solving for rho, Initial residual = 0, Final residual = 0, No Iterations 0
DILUPBiCGStab:  Solving for Ux, Initial residual = 0.00327224, Final residual = 3.30273e-08, No Iterations 3
DILUPBiCGStab:  Solving for Uy, Initial residual = 0.00305164, Final residual = 1.5783e-08, No Iterations 3
DILUPBiCGStab:  Solving for Uz, Initial residual = 0.00136869, Final residual = 5.42148e-08, No Iterations 3
DILUPBiCGStab:  Solving for h, Initial residual = 0.000511911, Final residual = 1.73816e-08, No Iterations 3
Min/max T:299.839 305.625
DICPCG:  Solving for p_rgh, Initial residual = 0.00118167, Final residual = 1.14907e-05, No Iterations 128
DICPCG:  Solving for p_rgh, Initial residual = 0.000290048, Final residual = 2.86697e-06, No Iterations 57
DICPCG:  Solving for p_rgh, Initial residual = 3.02212e-05, Final residual = 3.0193e-07, No Iterations 138
diagonal:  Solving for rho, Initial residual = 0, Final residual = 0, No Iterations 0
time step continuity errors (domain0): sum local = 3.10761e-09, global = 7.54286e-12, cumulative = -7.79961e-08
DICPCG:  Solving for p_rgh, Initial residual = 0.000266981, Final residual = 2.64349e-06, No Iterations 127
DICPCG:  Solving for p_rgh, Initial residual = 8.58717e-05, Final residual = 8.54135e-07, No Iterations 91
DICPCG:  Solving for p_rgh, Initial residual = 8.72909e-06, Final residual = 9.74682e-08, No Iterations 114
diagonal:  Solving for rho, Initial residual = 0, Final residual = 0, No Iterations 0
time step continuity errors (domain0): sum local = 1.0033e-09, global = 5.90558e-11, cumulative = -7.7937e-08
DICPCG:  Solving for p_rgh, Initial residual = 3.40942e-05, Final residual = 3.3292e-07, No Iterations 68
DICPCG:  Solving for p_rgh, Initial residual = 6.4821e-06, Final residual = 9.7123e-08, No Iterations 95
DICPCG:  Solving for p_rgh, Initial residual = 8.29116e-07, Final residual = 9.25587e-08, No Iterations 3
diagonal:  Solving for rho, Initial residual = 0, Final residual = 0, No Iterations 0
time step continuity errors (domain0): sum local = 9.52567e-10, global = 8.55095e-11, cumulative = -7.78515e-08
DICPCG:  Solving for p_rgh, Initial residual = 9.50849e-06, Final residual = 9.59578e-08, No Iterations 120
DICPCG:  Solving for p_rgh, Initial residual = 1.83172e-06, Final residual = 8.7097e-08, No Iterations 8
DICPCG:  Solving for p_rgh, Initial residual = 2.12196e-07, Final residual = 7.74293e-08, No Iterations 1
diagonal:  Solving for rho, Initial residual = 0, Final residual = 0, No Iterations 0
time step continuity errors (domain0): sum local = 7.96869e-10, global = 2.36359e-11, cumulative = -7.78279e-08
DILUPBiCGStab:  Solving for epsilon, Initial residual = 0.000632917, Final residual = 4.55534e-08, No Iterations 2
bounding epsilon, min: -0.227347 max: 2119.07 average: 9.02939
DILUPBiCGStab:  Solving for k, Initial residual = 0.00360545, Final residual = 3.84551e-08, No Iterations 3

Solving for solid region CPU
DICPCG:  Solving for h, Initial residual = 0.0092237, Final residual = 5.59335e-11, No Iterations 31
DICPCG:  Solving for h, Initial residual = 0.000171478, Final residual = 8.19967e-11, No Iterations 23
DICPCG:  Solving for h, Initial residual = 7.83781e-06, Final residual = 7.11256e-11, No Iterations 19
Min/max T:304.059 305.897

Solving for solid region Heatsink
DICPCG:  Solving for h, Initial residual = 0.0205245, Final residual = 9.22631e-07, No Iterations 220
DICPCG:  Solving for h, Initial residual = 0.0186232, Final residual = 9.52358e-07, No Iterations 162
DICPCG:  Solving for h, Initial residual = 0.00266834, Final residual = 9.62885e-07, No Iterations 106
Min/max T:302.517 304.835

Solving for solid region FRONT_PANEL
DICPCG:  Solving for h, Initial residual = 0.00027669, Final residual = 4.27417e-08, No Iterations 3
DICPCG:  Solving for h, Initial residual = 0.000275705, Final residual = 1.7609e-08, No Iterations 3
DICPCG:  Solving for h, Initial residual = 0.000275303, Final residual = 1.95026e-08, No Iterations 3
Min/max T:299.891 299.975
ExecutionTime = 3015.46 s  ClockTime = 3015 s

Region: domain0 Courant Number mean: 0.133676 max: 9.73
Region: CPU Diffusion Number mean: 0.0823935 max: 1.16131
Region: Heatsink Diffusion Number mean: 0.0917996 max: 5.01215
Region: FRONT_PANEL Diffusion Number mean: 0.00267202 max: 2.79395
deltaT = 0.000833333
Time = 0.100833


Solving for fluid region domain0
diagonal:  Solving for rho, Initial residual = 0, Final residual = 0, No Iterations 0
DILUPBiCGStab:  Solving for Ux, Initial residual = 0.00325494, Final residual = 3.26933e-08, No Iterations 3
DILUPBiCGStab:  Solving for Uy, Initial residual = 0.00304139, Final residual = 9.82401e-08, No Iterations 3
DILUPBiCGStab:  Solving for Uz, Initial residual = 0.00136118, Final residual = 5.69511e-08, No Iterations 3
DILUPBiCGStab:  Solving for h, Initial residual = 0.000511665, Final residual = 1.70717e-08, No Iterations 3
Min/max T:299.838 305.64
DICPCG:  Solving for p_rgh, Initial residual = 0.00115631, Final residual = 1.12647e-05, No Iterations 129
DICPCG:  Solving for p_rgh, Initial residual = 0.000298119, Final residual = 2.97052e-06, No Iterations 56
DICPCG:  Solving for p_rgh, Initial residual = 3.01673e-05, Final residual = 3.01278e-07, No Iterations 128
diagonal:  Solving for rho, Initial residual = 0, Final residual = 0, No Iterations 0
time step continuity errors (domain0): sum local = 3.10156e-09, global = 1.22066e-10, cumulative = -7.77058e-08
DICPCG:  Solving for p_rgh, Initial residual = 0.000262329, Final residual = 2.60604e-06, No Iterations 97
DICPCG:  Solving for p_rgh, Initial residual = 8.77164e-05, Final residual = 8.73139e-07, No Iterations 98
DICPCG:  Solving for p_rgh, Initial residual = 9.42038e-06, Final residual = 9.87755e-08, No Iterations 129
diagonal:  Solving for rho, Initial residual = 0, Final residual = 0, No Iterations 0
time step continuity errors (domain0): sum local = 1.01707e-09, global = 5.83248e-12, cumulative = -7.77e-08
DICPCG:  Solving for p_rgh, Initial residual = 3.36028e-05, Final residual = 3.30956e-07, No Iterations 77
DICPCG:  Solving for p_rgh, Initial residual = 6.31373e-06, Final residual = 9.87486e-08, No Iterations 78
DICPCG:  Solving for p_rgh, Initial residual = 8.66905e-07, Final residual = 9.696e-08, No Iterations 3
diagonal:  Solving for rho, Initial residual = 0, Final residual = 0, No Iterations 0
time step continuity errors (domain0): sum local = 9.98107e-10, global = 1.63585e-10, cumulative = -7.75364e-08
DICPCG:  Solving for p_rgh, Initial residual = 9.39022e-06, Final residual = 9.95496e-08, No Iterations 119
DICPCG:  Solving for p_rgh, Initial residual = 1.83254e-06, Final residual = 8.93088e-08, No Iterations 8
DICPCG:  Solving for p_rgh, Initial residual = 2.14883e-07, Final residual = 7.80071e-08, No Iterations 1
diagonal:  Solving for rho, Initial residual = 0, Final residual = 0, No Iterations 0
time step continuity errors (domain0): sum local = 8.03025e-10, global = 4.83997e-11, cumulative = -7.7488e-08
DILUPBiCGStab:  Solving for epsilon, Initial residual = 0.000624347, Final residual = 4.67885e-08, No Iterations 2
DILUPBiCGStab:  Solving for k, Initial residual = 0.00358328, Final residual = 3.77777e-08, No Iterations 3

Solving for solid region CPU
DICPCG:  Solving for h, Initial residual = 0.00911191, Final residual = 5.52494e-11, No Iterations 31
DICPCG:  Solving for h, Initial residual = 0.000169545, Final residual = 8.11261e-11, No Iterations 23
DICPCG:  Solving for h, Initial residual = 7.74776e-06, Final residual = 7.02951e-11, No Iterations 19
Min/max T:304.07 305.912

Solving for solid region Heatsink
DICPCG:  Solving for h, Initial residual = 0.0202227, Final residual = 9.88143e-07, No Iterations 219
DICPCG:  Solving for h, Initial residual = 0.0183494, Final residual = 9.3921e-07, No Iterations 162
DICPCG:  Solving for h, Initial residual = 0.00262899, Final residual = 9.47266e-07, No Iterations 106
Min/max T:302.523 304.85

Solving for solid region FRONT_PANEL
DICPCG:  Solving for h, Initial residual = 0.000277925, Final residual = 4.26577e-08, No Iterations 3
DICPCG:  Solving for h, Initial residual = 0.000276952, Final residual = 1.7476e-08, No Iterations 3
DICPCG:  Solving for h, Initial residual = 0.000276555, Final residual = 1.94017e-08, No Iterations 3
Min/max T:299.891 299.975
ExecutionTime = 3047.76 s  ClockTime = 3048 s

Region: domain0 Courant Number mean: 0.1339 max: 9.73021
Region: CPU Diffusion Number mean: 0.0823935 max: 1.16131
Region: Heatsink Diffusion Number mean: 0.0917996 max: 5.01215
Region: FRONT_PANEL Diffusion Number mean: 0.00267202 max: 2.79395
deltaT = 0.000833333
Time = 0.101667


Solving for fluid region domain0
diagonal:  Solving for rho, Initial residual = 0, Final residual = 0, No Iterations 0
DILUPBiCGStab:  Solving for Ux, Initial residual = 0.00324172, Final residual = 3.19757e-08, No Iterations 3
DILUPBiCGStab:  Solving for Uy, Initial residual = 0.00303344, Final residual = 9.53549e-08, No Iterations 3
DILUPBiCGStab:  Solving for Uz, Initial residual = 0.00135384, Final residual = 5.5531e-08, No Iterations 3
DILUPBiCGStab:  Solving for h, Initial residual = 0.000512897, Final residual = 1.68254e-08, No Iterations 3
Min/max T:299.836 305.655
DICPCG:  Solving for p_rgh, Initial residual = 0.00114466, Final residual = 1.10689e-05, No Iterations 130
DICPCG:  Solving for p_rgh, Initial residual = 0.000290469, Final residual = 2.86903e-06, No Iterations 51
DICPCG:  Solving for p_rgh, Initial residual = 2.94776e-05, Final residual = 2.88217e-07, No Iterations 145
diagonal:  Solving for rho, Initial residual = 0, Final residual = 0, No Iterations 0
time step continuity errors (domain0): sum local = 2.96763e-09, global = 2.49641e-11, cumulative = -7.7463e-08
DICPCG:  Solving for p_rgh, Initial residual = 0.000256096, Final residual = 2.48949e-06, No Iterations 130
DICPCG:  Solving for p_rgh, Initial residual = 8.49859e-05, Final residual = 8.47891e-07, No Iterations 88
DICPCG:  Solving for p_rgh, Initial residual = 8.54013e-06, Final residual = 9.79405e-08, No Iterations 114
diagonal:  Solving for rho, Initial residual = 0, Final residual = 0, No Iterations 0
time step continuity errors (domain0): sum local = 1.00865e-09, global = 5.36126e-11, cumulative = -7.74094e-08
DICPCG:  Solving for p_rgh, Initial residual = 3.24423e-05, Final residual = 3.22919e-07, No Iterations 76
DICPCG:  Solving for p_rgh, Initial residual = 6.24746e-06, Final residual = 9.76222e-08, No Iterations 77
DICPCG:  Solving for p_rgh, Initial residual = 8.01432e-07, Final residual = 9.17458e-08, No Iterations 3
diagonal:  Solving for rho, Initial residual = 0, Final residual = 0, No Iterations 0
time step continuity errors (domain0): sum local = 9.44665e-10, global = 1.41607e-10, cumulative = -7.72678e-08
DICPCG:  Solving for p_rgh, Initial residual = 9.00182e-06, Final residual = 9.5237e-08, No Iterations 121
DICPCG:  Solving for p_rgh, Initial residual = 1.77228e-06, Final residual = 8.89691e-08, No Iterations 8
DICPCG:  Solving for p_rgh, Initial residual = 2.06373e-07, Final residual = 7.4395e-08, No Iterations 1
diagonal:  Solving for rho, Initial residual = 0, Final residual = 0, No Iterations 0
time step continuity errors (domain0): sum local = 7.66019e-10, global = 2.7141e-11, cumulative = -7.72407e-08
DILUPBiCGStab:  Solving for epsilon, Initial residual = 0.000614144, Final residual = 4.67745e-08, No Iterations 2
bounding epsilon, min: -0.213128 max: 2119.05 average: 9.09799
DILUPBiCGStab:  Solving for k, Initial residual = 0.00356085, Final residual = 3.6893e-08, No Iterations 3

Solving for solid region CPU
DICPCG:  Solving for h, Initial residual = 0.00900114, Final residual = 5.4572e-11, No Iterations 31
DICPCG:  Solving for h, Initial residual = 0.000167631, Final residual = 8.02628e-11, No Iterations 23
DICPCG:  Solving for h, Initial residual = 7.65838e-06, Final residual = 6.94714e-11, No Iterations 19
Min/max T:304.081 305.927

Solving for solid region Heatsink
DICPCG:  Solving for h, Initial residual = 0.0199226, Final residual = 9.60937e-07, No Iterations 219
DICPCG:  Solving for h, Initial residual = 0.0180767, Final residual = 9.90716e-07, No Iterations 161
DICPCG:  Solving for h, Initial residual = 0.00258985, Final residual = 9.32617e-07, No Iterations 106
Min/max T:302.53 304.865

Solving for solid region FRONT_PANEL
DICPCG:  Solving for h, Initial residual = 0.000279225, Final residual = 4.25836e-08, No Iterations 3
DICPCG:  Solving for h, Initial residual = 0.000278265, Final residual = 1.73574e-08, No Iterations 3
DICPCG:  Solving for h, Initial residual = 0.000277873, Final residual = 1.93136e-08, No Iterations 3
Min/max T:299.891 299.975
ExecutionTime = 3082.4 s  ClockTime = 3082 s

Region: domain0 Courant Number mean: 0.134123 max: 9.73059
Region: CPU Diffusion Number mean: 0.0823935 max: 1.16131
Region: Heatsink Diffusion Number mean: 0.0917996 max: 5.01215
Region: FRONT_PANEL Diffusion Number mean: 0.00267202 max: 2.79395
deltaT = 0.000833333
Time = 0.1025


Solving for fluid region domain0
diagonal:  Solving for rho, Initial residual = 0, Final residual = 0, No Iterations 0
DILUPBiCGStab:  Solving for Ux, Initial residual = 0.0032292, Final residual = 2.97534e-08, No Iterations 3
DILUPBiCGStab:  Solving for Uy, Initial residual = 0.0030269, Final residual = 9.02206e-08, No Iterations 3
DILUPBiCGStab:  Solving for Uz, Initial residual = 0.00134783, Final residual = 5.55258e-08, No Iterations 3
DILUPBiCGStab:  Solving for h, Initial residual = 0.000513408, Final residual = 1.65485e-08, No Iterations 3
Min/max T:299.835 305.67
DICPCG:  Solving for p_rgh, Initial residual = 0.00114769, Final residual = 1.10709e-05, No Iterations 129
DICPCG:  Solving for p_rgh, Initial residual = 0.000289662, Final residual = 2.78962e-06, No Iterations 54
DICPCG:  Solving for p_rgh, Initial residual = 3.04381e-05, Final residual = 3.02793e-07, No Iterations 146
diagonal:  Solving for rho, Initial residual = 0, Final residual = 0, No Iterations 0
time step continuity errors (domain0): sum local = 3.1185e-09, global = -1.06571e-11, cumulative = -7.72513e-08
DICPCG:  Solving for p_rgh, Initial residual = 0.000259302, Final residual = 2.54193e-06, No Iterations 131
DICPCG:  Solving for p_rgh, Initial residual = 8.52115e-05, Final residual = 8.49881e-07, No Iterations 84
DICPCG:  Solving for p_rgh, Initial residual = 8.79423e-06, Final residual = 9.43163e-08, No Iterations 115
diagonal:  Solving for rho, Initial residual = 0, Final residual = 0, No Iterations 0
time step continuity errors (domain0): sum local = 9.71566e-10, global = 2.2448e-11, cumulative = -7.72289e-08
DICPCG:  Solving for p_rgh, Initial residual = 3.35631e-05, Final residual = 3.16185e-07, No Iterations 119
DICPCG:  Solving for p_rgh, Initial residual = 6.44036e-06, Final residual = 9.83425e-08, No Iterations 41
DICPCG:  Solving for p_rgh, Initial residual = 7.55525e-07, Final residual = 9.31431e-08, No Iterations 3
diagonal:  Solving for rho, Initial residual = 0, Final residual = 0, No Iterations 0
time step continuity errors (domain0): sum local = 9.59289e-10, global = 2.39635e-10, cumulative = -7.69892e-08
DICPCG:  Solving for p_rgh, Initial residual = 9.47126e-06, Final residual = 9.74956e-08, No Iterations 122
DICPCG:  Solving for p_rgh, Initial residual = 1.86277e-06, Final residual = 9.96534e-08, No Iterations 7
DICPCG:  Solving for p_rgh, Initial residual = 2.13043e-07, Final residual = 8.14458e-08, No Iterations 1
diagonal:  Solving for rho, Initial residual = 0, Final residual = 0, No Iterations 0
time step continuity errors (domain0): sum local = 8.38832e-10, global = 5.93884e-11, cumulative = -7.69299e-08
DILUPBiCGStab:  Solving for epsilon, Initial residual = 0.00060615, Final residual = 4.66766e-08, No Iterations 2
bounding epsilon, min: -1.20978 max: 2119.04 average: 9.13231
DILUPBiCGStab:  Solving for k, Initial residual = 0.00354343, Final residual = 3.6253e-08, No Iterations 3

Solving for solid region CPU
DICPCG:  Solving for h, Initial residual = 0.0088915, Final residual = 5.39016e-11, No Iterations 31
DICPCG:  Solving for h, Initial residual = 0.000165734, Final residual = 7.94067e-11, No Iterations 23
DICPCG:  Solving for h, Initial residual = 7.56975e-06, Final residual = 6.86544e-11, No Iterations 19
Min/max T:304.092 305.942

Solving for solid region Heatsink
DICPCG:  Solving for h, Initial residual = 0.0196284, Final residual = 9.34254e-07, No Iterations 219
DICPCG:  Solving for h, Initial residual = 0.0178097, Final residual = 9.76929e-07, No Iterations 161
DICPCG:  Solving for h, Initial residual = 0.00255151, Final residual = 9.17451e-07, No Iterations 106
Min/max T:302.536 304.879

Solving for solid region FRONT_PANEL
DICPCG:  Solving for h, Initial residual = 0.000280547, Final residual = 4.25178e-08, No Iterations 3
DICPCG:  Solving for h, Initial residual = 0.0002796, Final residual = 1.72478e-08, No Iterations 3
DICPCG:  Solving for h, Initial residual = 0.000279214, Final residual = 1.92336e-08, No Iterations 3
Min/max T:299.891 299.975
ExecutionTime = 3116.14 s  ClockTime = 3116 s

Region: domain0 Courant Number mean: 0.134345 max: 9.73096
Region: CPU Diffusion Number mean: 0.0823935 max: 1.16131
Region: Heatsink Diffusion Number mean: 0.0917996 max: 5.01215
Region: FRONT_PANEL Diffusion Number mean: 0.00267202 max: 2.79395
deltaT = 0.000833333
Time = 0.103333


Solving for fluid region domain0
diagonal:  Solving for rho, Initial residual = 0, Final residual = 0, No Iterations 0
DILUPBiCGStab:  Solving for Ux, Initial residual = 0.00321432, Final residual = 2.9388e-08, No Iterations 3
DILUPBiCGStab:  Solving for Uy, Initial residual = 0.00302021, Final residual = 8.64717e-08, No Iterations 3
DILUPBiCGStab:  Solving for Uz, Initial residual = 0.00134107, Final residual = 5.40491e-08, No Iterations 3
DILUPBiCGStab:  Solving for h, Initial residual = 0.00051382, Final residual = 1.62555e-08, No Iterations 3
Min/max T:299.834 305.685
DICPCG:  Solving for p_rgh, Initial residual = 0.00114597, Final residual = 1.10294e-05, No Iterations 129
DICPCG:  Solving for p_rgh, Initial residual = 0.000301975, Final residual = 3.01913e-06, No Iterations 45
DICPCG:  Solving for p_rgh, Initial residual = 3.01493e-05, Final residual = 2.90807e-07, No Iterations 127
diagonal:  Solving for rho, Initial residual = 0, Final residual = 0, No Iterations 0
time step continuity errors (domain0): sum local = 2.99598e-09, global = 1.05777e-10, cumulative = -7.68241e-08
DICPCG:  Solving for p_rgh, Initial residual = 0.000259842, Final residual = 2.55352e-06, No Iterations 90
DICPCG:  Solving for p_rgh, Initial residual = 8.84704e-05, Final residual = 8.76494e-07, No Iterations 99
DICPCG:  Solving for p_rgh, Initial residual = 9.52324e-06, Final residual = 9.46314e-08, No Iterations 127
diagonal:  Solving for rho, Initial residual = 0, Final residual = 0, No Iterations 0
time step continuity errors (domain0): sum local = 9.75095e-10, global = 5.32063e-12, cumulative = -7.68188e-08
DICPCG:  Solving for p_rgh, Initial residual = 3.33972e-05, Final residual = 3.27215e-07, No Iterations 118
DICPCG:  Solving for p_rgh, Initial residual = 6.40626e-06, Final residual = 9.9876e-08, No Iterations 40
DICPCG:  Solving for p_rgh, Initial residual = 7.62499e-07, Final residual = 9.45791e-08, No Iterations 3
diagonal:  Solving for rho, Initial residual = 0, Final residual = 0, No Iterations 0
time step continuity errors (domain0): sum local = 9.74317e-10, global = 2.10323e-10, cumulative = -7.66084e-08
DICPCG:  Solving for p_rgh, Initial residual = 9.42946e-06, Final residual = 9.53371e-08, No Iterations 120
DICPCG:  Solving for p_rgh, Initial residual = 1.8314e-06, Final residual = 8.19398e-08, No Iterations 8
DICPCG:  Solving for p_rgh, Initial residual = 2.08896e-07, Final residual = 7.99575e-08, No Iterations 1
diagonal:  Solving for rho, Initial residual = 0, Final residual = 0, No Iterations 0
time step continuity errors (domain0): sum local = 8.23702e-10, global = 4.05363e-11, cumulative = -7.65679e-08
DILUPBiCGStab:  Solving for epsilon, Initial residual = 0.000596988, Final residual = 4.56216e-08, No Iterations 2
bounding epsilon, min: -0.213412 max: 2119.03 average: 9.16671
DILUPBiCGStab:  Solving for k, Initial residual = 0.00352296, Final residual = 3.54868e-08, No Iterations 3

Solving for solid region CPU
DICPCG:  Solving for h, Initial residual = 0.00878294, Final residual = 9.96139e-11, No Iterations 30
DICPCG:  Solving for h, Initial residual = 0.00016386, Final residual = 7.85595e-11, No Iterations 23
DICPCG:  Solving for h, Initial residual = 7.48206e-06, Final residual = 6.78457e-11, No Iterations 19
Min/max T:304.103 305.956

Solving for solid region Heatsink
DICPCG:  Solving for h, Initial residual = 0.0193384, Final residual = 9.08135e-07, No Iterations 219
DICPCG:  Solving for h, Initial residual = 0.0175466, Final residual = 9.63408e-07, No Iterations 161
DICPCG:  Solving for h, Initial residual = 0.00251374, Final residual = 9.87274e-07, No Iterations 105
Min/max T:302.543 304.893

Solving for solid region FRONT_PANEL
DICPCG:  Solving for h, Initial residual = 0.000281878, Final residual = 4.24599e-08, No Iterations 3
DICPCG:  Solving for h, Initial residual = 0.000280943, Final residual = 1.7147e-08, No Iterations 3
DICPCG:  Solving for h, Initial residual = 0.000280561, Final residual = 1.91603e-08, No Iterations 3
Min/max T:299.892 299.975
ExecutionTime = 3152.49 s  ClockTime = 3152 s

Region: domain0 Courant Number mean: 0.134565 max: 9.73105
Region: CPU Diffusion Number mean: 0.0823935 max: 1.16131
Region: Heatsink Diffusion Number mean: 0.0917996 max: 5.01215
Region: FRONT_PANEL Diffusion Number mean: 0.00267202 max: 2.79395
deltaT = 0.000833333
Time = 0.104167


Solving for fluid region domain0
diagonal:  Solving for rho, Initial residual = 0, Final residual = 0, No Iterations 0
DILUPBiCGStab:  Solving for Ux, Initial residual = 0.00320295, Final residual = 3.05386e-08, No Iterations 3
DILUPBiCGStab:  Solving for Uy, Initial residual = 0.0030121, Final residual = 8.81147e-08, No Iterations 3
DILUPBiCGStab:  Solving for Uz, Initial residual = 0.00133438, Final residual = 5.39438e-08, No Iterations 3
DILUPBiCGStab:  Solving for h, Initial residual = 0.000514143, Final residual = 1.60522e-08, No Iterations 3
Min/max T:299.833 305.7
DICPCG:  Solving for p_rgh, Initial residual = 0.0011297, Final residual = 1.05663e-05, No Iterations 130
DICPCG:  Solving for p_rgh, Initial residual = 0.000286583, Final residual = 2.78912e-06, No Iterations 47
DICPCG:  Solving for p_rgh, Initial residual = 2.91451e-05, Final residual = 2.86118e-07, No Iterations 123
diagonal:  Solving for rho, Initial residual = 0, Final residual = 0, No Iterations 0
time step continuity errors (domain0): sum local = 2.94874e-09, global = 1.48588e-10, cumulative = -7.64193e-08
DICPCG:  Solving for p_rgh, Initial residual = 0.000252695, Final residual = 2.52294e-06, No Iterations 128
DICPCG:  Solving for p_rgh, Initial residual = 8.38003e-05, Final residual = 8.28844e-07, No Iterations 91
DICPCG:  Solving for p_rgh, Initial residual = 8.40991e-06, Final residual = 9.99199e-08, No Iterations 113
diagonal:  Solving for rho, Initial residual = 0, Final residual = 0, No Iterations 0
time step continuity errors (domain0): sum local = 1.02976e-09, global = 4.77028e-11, cumulative = -7.63716e-08
DICPCG:  Solving for p_rgh, Initial residual = 3.22003e-05, Final residual = 3.19001e-07, No Iterations 71
DICPCG:  Solving for p_rgh, Initial residual = 6.20067e-06, Final residual = 9.76272e-08, No Iterations 92
DICPCG:  Solving for p_rgh, Initial residual = 7.77984e-07, Final residual = 8.87979e-08, No Iterations 3
diagonal:  Solving for rho, Initial residual = 0, Final residual = 0, No Iterations 0
time step continuity errors (domain0): sum local = 9.14991e-10, global = 3.6563e-11, cumulative = -7.6335e-08
DICPCG:  Solving for p_rgh, Initial residual = 8.94506e-06, Final residual = 9.69495e-08, No Iterations 120
DICPCG:  Solving for p_rgh, Initial residual = 1.77728e-06, Final residual = 8.7641e-08, No Iterations 8
DICPCG:  Solving for p_rgh, Initial residual = 2.03936e-07, Final residual = 7.41219e-08, No Iterations 1
diagonal:  Solving for rho, Initial residual = 0, Final residual = 0, No Iterations 0
time step continuity errors (domain0): sum local = 7.63784e-10, global = 3.26868e-11, cumulative = -7.63024e-08
DILUPBiCGStab:  Solving for epsilon, Initial residual = 0.000588575, Final residual = 4.44866e-08, No Iterations 2
bounding epsilon, min: -0.0291859 max: 2119.02 average: 9.20102
DILUPBiCGStab:  Solving for k, Initial residual = 0.0035008, Final residual = 3.46736e-08, No Iterations 3

Solving for solid region CPU
DICPCG:  Solving for h, Initial residual = 0.00867545, Final residual = 9.84029e-11, No Iterations 30
DICPCG:  Solving for h, Initial residual = 0.000162009, Final residual = 7.77193e-11, No Iterations 23
DICPCG:  Solving for h, Initial residual = 7.3952e-06, Final residual = 6.70448e-11, No Iterations 19
Min/max T:304.114 305.97

Solving for solid region Heatsink
DICPCG:  Solving for h, Initial residual = 0.0190521, Final residual = 9.73955e-07, No Iterations 218
DICPCG:  Solving for h, Initial residual = 0.0172868, Final residual = 9.50127e-07, No Iterations 161
DICPCG:  Solving for h, Initial residual = 0.00247646, Final residual = 9.99133e-07, No Iterations 104
Min/max T:302.549 304.908

Solving for solid region FRONT_PANEL
DICPCG:  Solving for h, Initial residual = 0.000283302, Final residual = 4.2416e-08, No Iterations 3
DICPCG:  Solving for h, Initial residual = 0.000282378, Final residual = 1.70603e-08, No Iterations 3
DICPCG:  Solving for h, Initial residual = 0.000281999, Final residual = 1.90976e-08, No Iterations 3
Min/max T:299.892 299.975
ExecutionTime = 3188.19 s  ClockTime = 3188 s

Region: domain0 Courant Number mean: 0.134785 max: 9.73159
Region: CPU Diffusion Number mean: 0.0823935 max: 1.16131
Region: Heatsink Diffusion Number mean: 0.0917996 max: 5.01215
Region: FRONT_PANEL Diffusion Number mean: 0.00267202 max: 2.79395
deltaT = 0.000833333
Time = 0.105


Solving for fluid region domain0
diagonal:  Solving for rho, Initial residual = 0, Final residual = 0, No Iterations 0
DILUPBiCGStab:  Solving for Ux, Initial residual = 0.00318785, Final residual = 2.99071e-08, No Iterations 3
DILUPBiCGStab:  Solving for Uy, Initial residual = 0.00300424, Final residual = 8.60637e-08, No Iterations 3
DILUPBiCGStab:  Solving for Uz, Initial residual = 0.00132805, Final residual = 5.40802e-08, No Iterations 3
DILUPBiCGStab:  Solving for h, Initial residual = 0.000513927, Final residual = 1.58312e-08, No Iterations 3
Min/max T:299.831 305.714
DICPCG:  Solving for p_rgh, Initial residual = 0.00112237, Final residual = 1.1011e-05, No Iterations 130
DICPCG:  Solving for p_rgh, Initial residual = 0.000287754, Final residual = 2.76273e-06, No Iterations 49
DICPCG:  Solving for p_rgh, Initial residual = 2.89781e-05, Final residual = 2.78512e-07, No Iterations 123
diagonal:  Solving for rho, Initial residual = 0, Final residual = 0, No Iterations 0
time step continuity errors (domain0): sum local = 2.87111e-09, global = 8.87835e-11, cumulative = -7.62136e-08
DICPCG:  Solving for p_rgh, Initial residual = 0.000248661, Final residual = 2.47109e-06, No Iterations 129
DICPCG:  Solving for p_rgh, Initial residual = 8.37554e-05, Final residual = 8.35351e-07, No Iterations 91
DICPCG:  Solving for p_rgh, Initial residual = 8.34469e-06, Final residual = 9.72464e-08, No Iterations 113
diagonal:  Solving for rho, Initial residual = 0, Final residual = 0, No Iterations 0
time step continuity errors (domain0): sum local = 1.00244e-09, global = 5.36003e-11, cumulative = -7.616e-08
DICPCG:  Solving for p_rgh, Initial residual = 3.13463e-05, Final residual = 3.12023e-07, No Iterations 119
DICPCG:  Solving for p_rgh, Initial residual = 6.04054e-06, Final residual = 9.97582e-08, No Iterations 39
DICPCG:  Solving for p_rgh, Initial residual = 7.08186e-07, Final residual = 9.04127e-08, No Iterations 3
diagonal:  Solving for rho, Initial residual = 0, Final residual = 0, No Iterations 0
time step continuity errors (domain0): sum local = 9.31849e-10, global = 1.68692e-10, cumulative = -7.59913e-08
DICPCG:  Solving for p_rgh, Initial residual = 8.66361e-06, Final residual = 9.61589e-08, No Iterations 121
DICPCG:  Solving for p_rgh, Initial residual = 1.72086e-06, Final residual = 8.97542e-08, No Iterations 8
DICPCG:  Solving for p_rgh, Initial residual = 2.04888e-07, Final residual = 7.3706e-08, No Iterations 1
diagonal:  Solving for rho, Initial residual = 0, Final residual = 0, No Iterations 0
time step continuity errors (domain0): sum local = 7.5967e-10, global = 3.19038e-11, cumulative = -7.59594e-08
DILUPBiCGStab:  Solving for epsilon, Initial residual = 0.000580502, Final residual = 4.33053e-08, No Iterations 2
bounding epsilon, min: -0.213656 max: 2119.01 average: 9.23533
DILUPBiCGStab:  Solving for k, Initial residual = 0.00347993, Final residual = 3.40278e-08, No Iterations 3

Solving for solid region CPU
DICPCG:  Solving for h, Initial residual = 0.00856918, Final residual = 9.72052e-11, No Iterations 30
DICPCG:  Solving for h, Initial residual = 0.000160178, Final residual = 7.68864e-11, No Iterations 23
DICPCG:  Solving for h, Initial residual = 7.30915e-06, Final residual = 6.62507e-11, No Iterations 19
Min/max T:304.125 305.985

Solving for solid region Heatsink
DICPCG:  Solving for h, Initial residual = 0.0187725, Final residual = 9.47177e-07, No Iterations 218
DICPCG:  Solving for h, Initial residual = 0.0170335, Final residual = 9.37069e-07, No Iterations 161
DICPCG:  Solving for h, Initial residual = 0.00244012, Final residual = 9.83063e-07, No Iterations 104
Min/max T:302.555 304.922

Solving for solid region FRONT_PANEL
DICPCG:  Solving for h, Initial residual = 0.000284751, Final residual = 4.23759e-08, No Iterations 3
DICPCG:  Solving for h, Initial residual = 0.000283838, Final residual = 1.69814e-08, No Iterations 3
DICPCG:  Solving for h, Initial residual = 0.000283463, Final residual = 1.90423e-08, No Iterations 3
Min/max T:299.892 299.975
ExecutionTime = 3221.69 s  ClockTime = 3221 s

Region: domain0 Courant Number mean: 0.135004 max: 9.73192
Region: CPU Diffusion Number mean: 0.0823935 max: 1.16131
Region: Heatsink Diffusion Number mean: 0.0917996 max: 5.01215
Region: FRONT_PANEL Diffusion Number mean: 0.00267202 max: 2.79395
deltaT = 0.000833333
Time = 0.105833


Solving for fluid region domain0
diagonal:  Solving for rho, Initial residual = 0, Final residual = 0, No Iterations 0
DILUPBiCGStab:  Solving for Ux, Initial residual = 0.00317495, Final residual = 2.93155e-08, No Iterations 3
DILUPBiCGStab:  Solving for Uy, Initial residual = 0.00299756, Final residual = 8.45255e-08, No Iterations 3
DILUPBiCGStab:  Solving for Uz, Initial residual = 0.00132165, Final residual = 5.34934e-08, No Iterations 3
DILUPBiCGStab:  Solving for h, Initial residual = 0.000514264, Final residual = 1.5594e-08, No Iterations 3
Min/max T:299.83 305.729
DICPCG:  Solving for p_rgh, Initial residual = 0.00111855, Final residual = 1.11202e-05, No Iterations 130
DICPCG:  Solving for p_rgh, Initial residual = 0.0002848, Final residual = 2.78823e-06, No Iterations 49
DICPCG:  Solving for p_rgh, Initial residual = 2.90046e-05, Final residual = 2.86978e-07, No Iterations 125
diagonal:  Solving for rho, Initial residual = 0, Final residual = 0, No Iterations 0
time step continuity errors (domain0): sum local = 2.95863e-09, global = 1.39808e-10, cumulative = -7.58196e-08
DICPCG:  Solving for p_rgh, Initial residual = 0.000246188, Final residual = 2.43476e-06, No Iterations 131
DICPCG:  Solving for p_rgh, Initial residual = 8.23804e-05, Final residual = 8.20045e-07, No Iterations 91
DICPCG:  Solving for p_rgh, Initial residual = 8.31236e-06, Final residual = 9.63204e-08, No Iterations 114
diagonal:  Solving for rho, Initial residual = 0, Final residual = 0, No Iterations 0
time step continuity errors (domain0): sum local = 9.93135e-10, global = 5.72343e-11, cumulative = -7.57623e-08
DICPCG:  Solving for p_rgh, Initial residual = 3.09719e-05, Final residual = 3.05738e-07, No Iterations 120
DICPCG:  Solving for p_rgh, Initial residual = 5.98839e-06, Final residual = 9.87186e-08, No Iterations 38
DICPCG:  Solving for p_rgh, Initial residual = 6.92994e-07, Final residual = 8.81278e-08, No Iterations 3
diagonal:  Solving for rho, Initial residual = 0, Final residual = 0, No Iterations 0
time step continuity errors (domain0): sum local = 9.08498e-10, global = 1.42798e-10, cumulative = -7.56195e-08
DICPCG:  Solving for p_rgh, Initial residual = 8.54246e-06, Final residual = 9.34293e-08, No Iterations 122
DICPCG:  Solving for p_rgh, Initial residual = 1.72122e-06, Final residual = 8.98476e-08, No Iterations 8
DICPCG:  Solving for p_rgh, Initial residual = 2.02545e-07, Final residual = 7.30948e-08, No Iterations 1
diagonal:  Solving for rho, Initial residual = 0, Final residual = 0, No Iterations 0
time step continuity errors (domain0): sum local = 7.53546e-10, global = 3.8541e-11, cumulative = -7.5581e-08
DILUPBiCGStab:  Solving for epsilon, Initial residual = 0.000572733, Final residual = 4.22726e-08, No Iterations 2
DILUPBiCGStab:  Solving for k, Initial residual = 0.00345978, Final residual = 3.34499e-08, No Iterations 3

Solving for solid region CPU
DICPCG:  Solving for h, Initial residual = 0.00846401, Final residual = 9.60197e-11, No Iterations 30
DICPCG:  Solving for h, Initial residual = 0.00015837, Final residual = 7.6063e-11, No Iterations 23
DICPCG:  Solving for h, Initial residual = 7.22413e-06, Final residual = 6.5466e-11, No Iterations 19
Min/max T:304.135 305.999

Solving for solid region Heatsink
DICPCG:  Solving for h, Initial residual = 0.0184962, Final residual = 9.89931e-07, No Iterations 217
DICPCG:  Solving for h, Initial residual = 0.0167832, Final residual = 9.97058e-07, No Iterations 160
DICPCG:  Solving for h, Initial residual = 0.00240426, Final residual = 9.95596e-07, No Iterations 103
Min/max T:302.561 304.936

Solving for solid region FRONT_PANEL
DICPCG:  Solving for h, Initial residual = 0.000286258, Final residual = 4.23437e-08, No Iterations 3
DICPCG:  Solving for h, Initial residual = 0.000285357, Final residual = 1.69113e-08, No Iterations 3
DICPCG:  Solving for h, Initial residual = 0.000284984, Final residual = 1.89973e-08, No Iterations 3
Min/max T:299.892 299.975
ExecutionTime = 3253.5 s  ClockTime = 3253 s

Region: domain0 Courant Number mean: 0.135221 max: 9.73235
Region: CPU Diffusion Number mean: 0.0823935 max: 1.16131
Region: Heatsink Diffusion Number mean: 0.0917996 max: 5.01215
Region: FRONT_PANEL Diffusion Number mean: 0.00267202 max: 2.79395
deltaT = 0.000833333
Time = 0.106667


Solving for fluid region domain0
diagonal:  Solving for rho, Initial residual = 0, Final residual = 0, No Iterations 0
DILUPBiCGStab:  Solving for Ux, Initial residual = 0.00316542, Final residual = 2.58508e-08, No Iterations 3
DILUPBiCGStab:  Solving for Uy, Initial residual = 0.00299491, Final residual = 7.40972e-08, No Iterations 3
DILUPBiCGStab:  Solving for Uz, Initial residual = 0.00131671, Final residual = 5.18704e-08, No Iterations 3
DILUPBiCGStab:  Solving for h, Initial residual = 0.000514807, Final residual = 1.53218e-08, No Iterations 3
Min/max T:299.829 305.743
DICPCG:  Solving for p_rgh, Initial residual = 0.00113992, Final residual = 1.13041e-05, No Iterations 127
DICPCG:  Solving for p_rgh, Initial residual = 0.00028746, Final residual = 2.82083e-06, No Iterations 46
DICPCG:  Solving for p_rgh, Initial residual = 3.10739e-05, Final residual = 3.06936e-07, No Iterations 102
diagonal:  Solving for rho, Initial residual = 0, Final residual = 0, No Iterations 0
time step continuity errors (domain0): sum local = 3.1657e-09, global = -3.14347e-10, cumulative = -7.58953e-08
DICPCG:  Solving for p_rgh, Initial residual = 0.000257232, Final residual = 2.49908e-06, No Iterations 132
DICPCG:  Solving for p_rgh, Initial residual = 8.55048e-05, Final residual = 8.22386e-07, No Iterations 55
DICPCG:  Solving for p_rgh, Initial residual = 8.75476e-06, Final residual = 9.91721e-08, No Iterations 133
diagonal:  Solving for rho, Initial residual = 0, Final residual = 0, No Iterations 0
time step continuity errors (domain0): sum local = 1.02288e-09, global = -2.44132e-11, cumulative = -7.59198e-08
DICPCG:  Solving for p_rgh, Initial residual = 3.41361e-05, Final residual = 3.19032e-07, No Iterations 119
DICPCG:  Solving for p_rgh, Initial residual = 6.68312e-06, Final residual = 9.97274e-08, No Iterations 40
DICPCG:  Solving for p_rgh, Initial residual = 7.87906e-07, Final residual = 9.716e-08, No Iterations 3
diagonal:  Solving for rho, Initial residual = 0, Final residual = 0, No Iterations 0
time step continuity errors (domain0): sum local = 1.00186e-09, global = 2.87194e-10, cumulative = -7.56326e-08
DICPCG:  Solving for p_rgh, Initial residual = 9.77389e-06, Final residual = 9.89867e-08, No Iterations 123
DICPCG:  Solving for p_rgh, Initial residual = 1.9625e-06, Final residual = 9.85872e-08, No Iterations 6
DICPCG:  Solving for p_rgh, Initial residual = 2.21965e-07, Final residual = 8.95271e-08, No Iterations 1
diagonal:  Solving for rho, Initial residual = 0, Final residual = 0, No Iterations 0
time step continuity errors (domain0): sum local = 9.23165e-10, global = 4.80953e-11, cumulative = -7.55845e-08
DILUPBiCGStab:  Solving for epsilon, Initial residual = 0.000566845, Final residual = 4.1379e-08, No Iterations 2
bounding epsilon, min: -2.20432 max: 2118.99 average: 9.30404
DILUPBiCGStab:  Solving for k, Initial residual = 0.00344837, Final residual = 3.51009e-08, No Iterations 3

Solving for solid region CPU
DICPCG:  Solving for h, Initial residual = 0.00836001, Final residual = 9.4847e-11, No Iterations 30
DICPCG:  Solving for h, Initial residual = 0.000156581, Final residual = 7.52475e-11, No Iterations 23
DICPCG:  Solving for h, Initial residual = 7.13994e-06, Final residual = 6.46888e-11, No Iterations 19
Min/max T:304.146 306.012

Solving for solid region Heatsink
DICPCG:  Solving for h, Initial residual = 0.0182246, Final residual = 9.63412e-07, No Iterations 217
DICPCG:  Solving for h, Initial residual = 0.0165373, Final residual = 9.83544e-07, No Iterations 160
DICPCG:  Solving for h, Initial residual = 0.00236899, Final residual = 9.79671e-07, No Iterations 103
Min/max T:302.567 304.949

Solving for solid region FRONT_PANEL
DICPCG:  Solving for h, Initial residual = 0.000287806, Final residual = 4.23169e-08, No Iterations 3
DICPCG:  Solving for h, Initial residual = 0.000286913, Final residual = 1.68495e-08, No Iterations 3
DICPCG:  Solving for h, Initial residual = 0.000286543, Final residual = 1.89665e-08, No Iterations 3
Min/max T:299.893 299.975
ExecutionTime = 3284.89 s  ClockTime = 3285 s

Region: domain0 Courant Number mean: 0.135438 max: 9.73282
Region: CPU Diffusion Number mean: 0.0823935 max: 1.16131
Region: Heatsink Diffusion Number mean: 0.0917996 max: 5.01215
Region: FRONT_PANEL Diffusion Number mean: 0.00267202 max: 2.79395
deltaT = 0.000833333
Time = 0.1075


Solving for fluid region domain0
diagonal:  Solving for rho, Initial residual = 0, Final residual = 0, No Iterations 0
DILUPBiCGStab:  Solving for Ux, Initial residual = 0.00315095, Final residual = 2.53076e-08, No Iterations 3
DILUPBiCGStab:  Solving for Uy, Initial residual = 0.00299073, Final residual = 7.38164e-08, No Iterations 3
DILUPBiCGStab:  Solving for Uz, Initial residual = 0.00131022, Final residual = 4.55915e-08, No Iterations 3
DILUPBiCGStab:  Solving for h, Initial residual = 0.00051525, Final residual = 1.50446e-08, No Iterations 3
Min/max T:299.828 305.757
DICPCG:  Solving for p_rgh, Initial residual = 0.00113274, Final residual = 1.09054e-05, No Iterations 127
DICPCG:  Solving for p_rgh, Initial residual = 0.000307359, Final residual = 2.97453e-06, No Iterations 46
DICPCG:  Solving for p_rgh, Initial residual = 3.06785e-05, Final residual = 3.00085e-07, No Iterations 110
diagonal:  Solving for rho, Initial residual = 0, Final residual = 0, No Iterations 0
time step continuity errors (domain0): sum local = 3.09509e-09, global = -2.00761e-10, cumulative = -7.57852e-08
DICPCG:  Solving for p_rgh, Initial residual = 0.000256869, Final residual = 2.56013e-06, No Iterations 84
DICPCG:  Solving for p_rgh, Initial residual = 8.96406e-05, Final residual = 8.78653e-07, No Iterations 85
DICPCG:  Solving for p_rgh, Initial residual = 9.29776e-06, Final residual = 9.95409e-08, No Iterations 111
diagonal:  Solving for rho, Initial residual = 0, Final residual = 0, No Iterations 0
time step continuity errors (domain0): sum local = 1.02686e-09, global = -5.66781e-12, cumulative = -7.57909e-08
DICPCG:  Solving for p_rgh, Initial residual = 3.37699e-05, Final residual = 3.2856e-07, No Iterations 118
DICPCG:  Solving for p_rgh, Initial residual = 6.62385e-06, Final residual = 9.95794e-08, No Iterations 37
DICPCG:  Solving for p_rgh, Initial residual = 7.82237e-07, Final residual = 9.90404e-08, No Iterations 3
diagonal:  Solving for rho, Initial residual = 0, Final residual = 0, No Iterations 0
time step continuity errors (domain0): sum local = 1.02148e-09, global = 1.6932e-10, cumulative = -7.56216e-08
DICPCG:  Solving for p_rgh, Initial residual = 9.73392e-06, Final residual = 9.57848e-08, No Iterations 117
DICPCG:  Solving for p_rgh, Initial residual = 1.90868e-06, Final residual = 8.21554e-08, No Iterations 8
DICPCG:  Solving for p_rgh, Initial residual = 2.14292e-07, Final residual = 8.46424e-08, No Iterations 1
diagonal:  Solving for rho, Initial residual = 0, Final residual = 0, No Iterations 0
time step continuity errors (domain0): sum local = 8.72994e-10, global = 5.98857e-11, cumulative = -7.55617e-08
DILUPBiCGStab:  Solving for epsilon, Initial residual = 0.000559486, Final residual = 3.8928e-08, No Iterations 2
DILUPBiCGStab:  Solving for k, Initial residual = 0.00342704, Final residual = 3.30354e-08, No Iterations 3

Solving for solid region CPU
DICPCG:  Solving for h, Initial residual = 0.00825715, Final residual = 9.36867e-11, No Iterations 30
DICPCG:  Solving for h, Initial residual = 0.000154814, Final residual = 7.444e-11, No Iterations 23
DICPCG:  Solving for h, Initial residual = 7.05669e-06, Final residual = 6.39204e-11, No Iterations 19
Min/max T:304.156 306.026

Solving for solid region Heatsink
DICPCG:  Solving for h, Initial residual = 0.0179574, Final residual = 9.37796e-07, No Iterations 217
DICPCG:  Solving for h, Initial residual = 0.0162956, Final residual = 9.70341e-07, No Iterations 160
DICPCG:  Solving for h, Initial residual = 0.00233432, Final residual = 9.63999e-07, No Iterations 103
Min/max T:302.572 304.963

Solving for solid region FRONT_PANEL
DICPCG:  Solving for h, Initial residual = 0.00028934, Final residual = 4.2293e-08, No Iterations 3
DICPCG:  Solving for h, Initial residual = 0.000288457, Final residual = 1.67932e-08, No Iterations 3
DICPCG:  Solving for h, Initial residual = 0.000288092, Final residual = 1.89433e-08, No Iterations 3
Min/max T:299.893 299.975
ExecutionTime = 3314.83 s  ClockTime = 3315 s

Region: domain0 Courant Number mean: 0.135653 max: 9.73277
Region: CPU Diffusion Number mean: 0.0823935 max: 1.16131
Region: Heatsink Diffusion Number mean: 0.0917996 max: 5.01215
Region: FRONT_PANEL Diffusion Number mean: 0.00267202 max: 2.79395
deltaT = 0.000833333
Time = 0.108333


Solving for fluid region domain0
diagonal:  Solving for rho, Initial residual = 0, Final residual = 0, No Iterations 0
DILUPBiCGStab:  Solving for Ux, Initial residual = 0.00314112, Final residual = 2.74611e-08, No Iterations 3
DILUPBiCGStab:  Solving for Uy, Initial residual = 0.00297946, Final residual = 8.0892e-08, No Iterations 3
DILUPBiCGStab:  Solving for Uz, Initial residual = 0.0013035, Final residual = 5.11117e-08, No Iterations 3
DILUPBiCGStab:  Solving for h, Initial residual = 0.000516361, Final residual = 1.4815e-08, No Iterations 3
Min/max T:299.827 305.771
DICPCG:  Solving for p_rgh, Initial residual = 0.00110204, Final residual = 1.0623e-05, No Iterations 129
DICPCG:  Solving for p_rgh, Initial residual = 0.000282731, Final residual = 2.76567e-06, No Iterations 47
DICPCG:  Solving for p_rgh, Initial residual = 2.87852e-05, Final residual = 2.8541e-07, No Iterations 118
diagonal:  Solving for rho, Initial residual = 0, Final residual = 0, No Iterations 0
time step continuity errors (domain0): sum local = 2.94477e-09, global = -5.65377e-11, cumulative = -7.56182e-08
DICPCG:  Solving for p_rgh, Initial residual = 0.000244158, Final residual = 2.42247e-06, No Iterations 100
DICPCG:  Solving for p_rgh, Initial residual = 8.17259e-05, Final residual = 8.14658e-07, No Iterations 95
DICPCG:  Solving for p_rgh, Initial residual = 8.71306e-06, Final residual = 9.77092e-08, No Iterations 130
diagonal:  Solving for rho, Initial residual = 0, Final residual = 0, No Iterations 0
time step continuity errors (domain0): sum local = 1.00824e-09, global = 1.73404e-11, cumulative = -7.56009e-08
DICPCG:  Solving for p_rgh, Initial residual = 3.11587e-05, Final residual = 3.08869e-07, No Iterations 65
DICPCG:  Solving for p_rgh, Initial residual = 6.13011e-06, Final residual = 9.6547e-08, No Iterations 94
DICPCG:  Solving for p_rgh, Initial residual = 7.73661e-07, Final residual = 8.69724e-08, No Iterations 3
diagonal:  Solving for rho, Initial residual = 0, Final residual = 0, No Iterations 0
time step continuity errors (domain0): sum local = 8.9722e-10, global = 6.24073e-11, cumulative = -7.55385e-08
DICPCG:  Solving for p_rgh, Initial residual = 8.64151e-06, Final residual = 9.95987e-08, No Iterations 117
DICPCG:  Solving for p_rgh, Initial residual = 1.78073e-06, Final residual = 9.81905e-08, No Iterations 7
DICPCG:  Solving for p_rgh, Initial residual = 2.04903e-07, Final residual = 7.79858e-08, No Iterations 1
diagonal:  Solving for rho, Initial residual = 0, Final residual = 0, No Iterations 0
time step continuity errors (domain0): sum local = 8.04525e-10, global = 4.43907e-11, cumulative = -7.54941e-08
DILUPBiCGStab:  Solving for epsilon, Initial residual = 0.000549261, Final residual = 4.05104e-08, No Iterations 2
bounding epsilon, min: -0.214086 max: 2118.99 average: 9.37311
DILUPBiCGStab:  Solving for k, Initial residual = 0.00340265, Final residual = 3.21881e-08, No Iterations 3

Solving for solid region CPU
DICPCG:  Solving for h, Initial residual = 0.00815541, Final residual = 9.25383e-11, No Iterations 30
DICPCG:  Solving for h, Initial residual = 0.000153071, Final residual = 7.36399e-11, No Iterations 23
DICPCG:  Solving for h, Initial residual = 6.97435e-06, Final residual = 6.31604e-11, No Iterations 19
Min/max T:304.166 306.039

Solving for solid region Heatsink
DICPCG:  Solving for h, Initial residual = 0.0176934, Final residual = 9.83939e-07, No Iterations 216
DICPCG:  Solving for h, Initial residual = 0.0160565, Final residual = 9.57445e-07, No Iterations 160
DICPCG:  Solving for h, Initial residual = 0.00230007, Final residual = 9.96609e-07, No Iterations 102
Min/max T:302.578 304.976

Solving for solid region FRONT_PANEL
DICPCG:  Solving for h, Initial residual = 0.000291029, Final residual = 4.22887e-08, No Iterations 3
DICPCG:  Solving for h, Initial residual = 0.000290158, Final residual = 1.67487e-08, No Iterations 3
DICPCG:  Solving for h, Initial residual = 0.000289795, Final residual = 1.89307e-08, No Iterations 3
Min/max T:299.893 299.975
ExecutionTime = 3346.72 s  ClockTime = 3347 s

Region: domain0 Courant Number mean: 0.135866 max: 9.73332
Region: CPU Diffusion Number mean: 0.0823935 max: 1.16131
Region: Heatsink Diffusion Number mean: 0.0917996 max: 5.01215
Region: FRONT_PANEL Diffusion Number mean: 0.00267202 max: 2.79395
deltaT = 0.000833333
Time = 0.109167


Solving for fluid region domain0
diagonal:  Solving for rho, Initial residual = 0, Final residual = 0, No Iterations 0
DILUPBiCGStab:  Solving for Ux, Initial residual = 0.0031386, Final residual = 2.61668e-08, No Iterations 3
DILUPBiCGStab:  Solving for Uy, Initial residual = 0.00298763, Final residual = 1.44267e-08, No Iterations 3
DILUPBiCGStab:  Solving for Uz, Initial residual = 0.0013018, Final residual = 5.43503e-08, No Iterations 3
DILUPBiCGStab:  Solving for h, Initial residual = 0.000515911, Final residual = 1.45389e-08, No Iterations 3
Min/max T:299.826 305.785
DICPCG:  Solving for p_rgh, Initial residual = 0.00115511, Final residual = 1.1353e-05, No Iterations 128
DICPCG:  Solving for p_rgh, Initial residual = 0.00030621, Final residual = 3.05988e-06, No Iterations 50
DICPCG:  Solving for p_rgh, Initial residual = 3.4642e-05, Final residual = 3.41121e-07, No Iterations 105
diagonal:  Solving for rho, Initial residual = 0, Final residual = 0, No Iterations 0
time step continuity errors (domain0): sum local = 3.51985e-09, global = 5.78932e-10, cumulative = -7.49152e-08
DICPCG:  Solving for p_rgh, Initial residual = 0.000269385, Final residual = 2.54776e-06, No Iterations 137
DICPCG:  Solving for p_rgh, Initial residual = 9.34371e-05, Final residual = 8.96839e-07, No Iterations 46
DICPCG:  Solving for p_rgh, Initial residual = 9.36532e-06, Final residual = 9.57133e-08, No Iterations 149
diagonal:  Solving for rho, Initial residual = 0, Final residual = 0, No Iterations 0
time step continuity errors (domain0): sum local = 9.87917e-10, global = -1.60331e-12, cumulative = -7.49168e-08
DICPCG:  Solving for p_rgh, Initial residual = 3.80226e-05, Final residual = 3.75501e-07, No Iterations 118
DICPCG:  Solving for p_rgh, Initial residual = 7.57023e-06, Final residual = 9.9764e-08, No Iterations 47
DICPCG:  Solving for p_rgh, Initial residual = 9.17283e-07, Final residual = 8.45073e-08, No Iterations 4
diagonal:  Solving for rho, Initial residual = 0, Final residual = 0, No Iterations 0
time step continuity errors (domain0): sum local = 8.72029e-10, global = 3.07218e-10, cumulative = -7.46095e-08
DICPCG:  Solving for p_rgh, Initial residual = 1.10785e-05, Final residual = 1.08695e-07, No Iterations 125
DICPCG:  Solving for p_rgh, Initial residual = 2.28232e-06, Final residual = 9.0033e-08, No Iterations 8
DICPCG:  Solving for p_rgh, Initial residual = 2.43863e-07, Final residual = 9.31845e-08, No Iterations 1
diagonal:  Solving for rho, Initial residual = 0, Final residual = 0, No Iterations 0
time step continuity errors (domain0): sum local = 9.61557e-10, global = 6.56381e-11, cumulative = -7.45439e-08
DILUPBiCGStab:  Solving for epsilon, Initial residual = 0.000548239, Final residual = 4.01843e-08, No Iterations 2
bounding epsilon, min: -3.60858 max: 2118.98 average: 9.40763
DILUPBiCGStab:  Solving for k, Initial residual = 0.00340355, Final residual = 4.56809e-08, No Iterations 3

Solving for solid region CPU
DICPCG:  Solving for h, Initial residual = 0.00805499, Final residual = 9.14042e-11, No Iterations 30
DICPCG:  Solving for h, Initial residual = 0.000151344, Final residual = 7.28467e-11, No Iterations 23
DICPCG:  Solving for h, Initial residual = 6.89283e-06, Final residual = 6.24071e-11, No Iterations 19
Min/max T:304.176 306.053

Solving for solid region Heatsink
DICPCG:  Solving for h, Initial residual = 0.0174373, Final residual = 9.58657e-07, No Iterations 216
DICPCG:  Solving for h, Initial residual = 0.0158254, Final residual = 9.44764e-07, No Iterations 160
DICPCG:  Solving for h, Initial residual = 0.00226693, Final residual = 9.81037e-07, No Iterations 102
Min/max T:302.583 304.99

Solving for solid region FRONT_PANEL
DICPCG:  Solving for h, Initial residual = 0.000292741, Final residual = 4.22874e-08, No Iterations 3
DICPCG:  Solving for h, Initial residual = 0.00029188, Final residual = 1.671e-08, No Iterations 3
DICPCG:  Solving for h, Initial residual = 0.000291521, Final residual = 1.89221e-08, No Iterations 3
Min/max T:299.893 299.975
ExecutionTime = 3378.98 s  ClockTime = 3379 s

Region: domain0 Courant Number mean: 0.136079 max: 9.73409
Region: CPU Diffusion Number mean: 0.0823935 max: 1.16131
Region: Heatsink Diffusion Number mean: 0.0917996 max: 5.01215
Region: FRONT_PANEL Diffusion Number mean: 0.00267202 max: 2.79395
deltaT = 0.000833333
Time = 0.11


Solving for fluid region domain0
diagonal:  Solving for rho, Initial residual = 0, Final residual = 0, No Iterations 0
DILUPBiCGStab:  Solving for Ux, Initial residual = 0.00312817, Final residual = 3.44587e-08, No Iterations 3
DILUPBiCGStab:  Solving for Uy, Initial residual = 0.0029871, Final residual = 1.76925e-08, No Iterations 3
DILUPBiCGStab:  Solving for Uz, Initial residual = 0.00129521, Final residual = 8.23491e-08, No Iterations 3
DILUPBiCGStab:  Solving for h, Initial residual = 0.000516325, Final residual = 1.43126e-08, No Iterations 3
Min/max T:299.824 305.798
DICPCG:  Solving for p_rgh, Initial residual = 0.00116549, Final residual = 1.16364e-05, No Iterations 81
DICPCG:  Solving for p_rgh, Initial residual = 0.000338499, Final residual = 3.23791e-06, No Iterations 93
DICPCG:  Solving for p_rgh, Initial residual = 3.48584e-05, Final residual = 3.48474e-07, No Iterations 99
diagonal:  Solving for rho, Initial residual = 0, Final residual = 0, No Iterations 0
time step continuity errors (domain0): sum local = 3.59696e-09, global = -4.82267e-10, cumulative = -7.50262e-08
DICPCG:  Solving for p_rgh, Initial residual = 0.000275995, Final residual = 2.5583e-06, No Iterations 84
DICPCG:  Solving for p_rgh, Initial residual = 0.000101128, Final residual = 9.89933e-07, No Iterations 32
DICPCG:  Solving for p_rgh, Initial residual = 9.54012e-06, Final residual = 9.68355e-08, No Iterations 153
diagonal:  Solving for rho, Initial residual = 0, Final residual = 0, No Iterations 0
time step continuity errors (domain0): sum local = 9.99735e-10, global = -8.5673e-12, cumulative = -7.50347e-08
DICPCG:  Solving for p_rgh, Initial residual = 3.91093e-05, Final residual = 3.75816e-07, No Iterations 118
DICPCG:  Solving for p_rgh, Initial residual = 7.94218e-06, Final residual = 9.89725e-08, No Iterations 43
DICPCG:  Solving for p_rgh, Initial residual = 9.40797e-07, Final residual = 9.07355e-08, No Iterations 4
diagonal:  Solving for rho, Initial residual = 0, Final residual = 0, No Iterations 0
time step continuity errors (domain0): sum local = 9.36513e-10, global = 2.22473e-10, cumulative = -7.48123e-08
DICPCG:  Solving for p_rgh, Initial residual = 1.1744e-05, Final residual = 1.14632e-07, No Iterations 86
DICPCG:  Solving for p_rgh, Initial residual = 2.3271e-06, Final residual = 8.84668e-08, No Iterations 10
DICPCG:  Solving for p_rgh, Initial residual = 2.61531e-07, Final residual = 7.8755e-08, No Iterations 2
diagonal:  Solving for rho, Initial residual = 0, Final residual = 0, No Iterations 0
time step continuity errors (domain0): sum local = 8.12868e-10, global = 2.30135e-10, cumulative = -7.45821e-08
DILUPBiCGStab:  Solving for epsilon, Initial residual = 0.000543238, Final residual = 3.45676e-08, No Iterations 2
bounding epsilon, min: -0.214219 max: 2119.01 average: 9.44271
DILUPBiCGStab:  Solving for k, Initial residual = 0.00340229, Final residual = 3.94533e-08, No Iterations 3

Solving for solid region CPU
DICPCG:  Solving for h, Initial residual = 0.00795572, Final residual = 9.02827e-11, No Iterations 30
DICPCG:  Solving for h, Initial residual = 0.000149645, Final residual = 7.20661e-11, No Iterations 23
DICPCG:  Solving for h, Initial residual = 6.8125e-06, Final residual = 6.16645e-11, No Iterations 19
Min/max T:304.186 306.066

Solving for solid region Heatsink
DICPCG:  Solving for h, Initial residual = 0.0171841, Final residual = 9.34338e-07, No Iterations 216
DICPCG:  Solving for h, Initial residual = 0.0155969, Final residual = 9.32352e-07, No Iterations 160
DICPCG:  Solving for h, Initial residual = 0.00223414, Final residual = 9.90367e-07, No Iterations 101
Min/max T:302.589 305.003

Solving for solid region FRONT_PANEL
DICPCG:  Solving for h, Initial residual = 0.000294357, Final residual = 4.22765e-08, No Iterations 3
DICPCG:  Solving for h, Initial residual = 0.000293505, Final residual = 1.66715e-08, No Iterations 3
DICPCG:  Solving for h, Initial residual = 0.000293151, Final residual = 1.89115e-08, No Iterations 3
Min/max T:299.894 299.975
ExecutionTime = 3411.51 s  ClockTime = 3412 s

Region: domain0 Courant Number mean: 0.136289 max: 9.73369
Region: CPU Diffusion Number mean: 0.0823935 max: 1.16131
Region: Heatsink Diffusion Number mean: 0.0917996 max: 5.01215
Region: FRONT_PANEL Diffusion Number mean: 0.00267202 max: 2.79395
deltaT = 0.000833333
Time = 0.110833


Solving for fluid region domain0
diagonal:  Solving for rho, Initial residual = 0, Final residual = 0, No Iterations 0
DILUPBiCGStab:  Solving for Ux, Initial residual = 0.0031116, Final residual = 2.3946e-08, No Iterations 3
DILUPBiCGStab:  Solving for Uy, Initial residual = 0.00297069, Final residual = 7.46013e-08, No Iterations 3
DILUPBiCGStab:  Solving for Uz, Initial residual = 0.00128762, Final residual = 4.27008e-08, No Iterations 3
DILUPBiCGStab:  Solving for h, Initial residual = 0.000518126, Final residual = 1.41912e-08, No Iterations 3
Min/max T:299.824 305.812
DICPCG:  Solving for p_rgh, Initial residual = 0.0011384, Final residual = 1.11096e-05, No Iterations 71
DICPCG:  Solving for p_rgh, Initial residual = 0.000292021, Final residual = 2.87154e-06, No Iterations 100
DICPCG:  Solving for p_rgh, Initial residual = 3.22438e-05, Final residual = 3.06718e-07, No Iterations 98
diagonal:  Solving for rho, Initial residual = 0, Final residual = 0, No Iterations 0
time step continuity errors (domain0): sum local = 3.16766e-09, global = -5.59236e-10, cumulative = -7.51414e-08
DICPCG:  Solving for p_rgh, Initial residual = 0.000257954, Final residual = 2.57908e-06, No Iterations 81
DICPCG:  Solving for p_rgh, Initial residual = 8.42433e-05, Final residual = 8.29182e-07, No Iterations 61
DICPCG:  Solving for p_rgh, Initial residual = 8.81922e-06, Final residual = 9.98228e-08, No Iterations 82
diagonal:  Solving for rho, Initial residual = 0, Final residual = 0, No Iterations 0
time step continuity errors (domain0): sum local = 1.03061e-09, global = 1.95757e-10, cumulative = -7.49456e-08
DICPCG:  Solving for p_rgh, Initial residual = 3.45581e-05, Final residual = 3.40456e-07, No Iterations 65
DICPCG:  Solving for p_rgh, Initial residual = 6.73574e-06, Final residual = 9.73712e-08, No Iterations 88
DICPCG:  Solving for p_rgh, Initial residual = 9.19916e-07, Final residual = 9.12182e-08, No Iterations 3
diagonal:  Solving for rho, Initial residual = 0, Final residual = 0, No Iterations 0
time step continuity errors (domain0): sum local = 9.41674e-10, global = -1.45319e-10, cumulative = -7.50909e-08
DICPCG:  Solving for p_rgh, Initial residual = 9.99138e-06, Final residual = 9.76805e-08, No Iterations 75
DICPCG:  Solving for p_rgh, Initial residual = 2.01296e-06, Final residual = 9.90319e-08, No Iterations 7
DICPCG:  Solving for p_rgh, Initial residual = 2.20794e-07, Final residual = 9.1799e-08, No Iterations 1
diagonal:  Solving for rho, Initial residual = 0, Final residual = 0, No Iterations 0
time step continuity errors (domain0): sum local = 9.47667e-10, global = -8.22562e-11, cumulative = -7.51732e-08
DILUPBiCGStab:  Solving for epsilon, Initial residual = 0.000534655, Final residual = 3.55389e-08, No Iterations 2
DILUPBiCGStab:  Solving for k, Initial residual = 0.00335499, Final residual = 3.22436e-08, No Iterations 3

Solving for solid region CPU
DICPCG:  Solving for h, Initial residual = 0.00785748, Final residual = 8.91725e-11, No Iterations 30
DICPCG:  Solving for h, Initial residual = 0.000147967, Final residual = 7.12926e-11, No Iterations 23
DICPCG:  Solving for h, Initial residual = 6.73303e-06, Final residual = 6.09306e-11, No Iterations 19
Min/max T:304.196 306.079

Solving for solid region Heatsink
DICPCG:  Solving for h, Initial residual = 0.0169318, Final residual = 9.88863e-07, No Iterations 215
DICPCG:  Solving for h, Initial residual = 0.0153683, Final residual = 9.94545e-07, No Iterations 159
DICPCG:  Solving for h, Initial residual = 0.00220141, Final residual = 9.74739e-07, No Iterations 101
Min/max T:302.594 305.016

Solving for solid region FRONT_PANEL
DICPCG:  Solving for h, Initial residual = 0.000296246, Final residual = 4.22952e-08, No Iterations 3
DICPCG:  Solving for h, Initial residual = 0.000295404, Final residual = 1.66487e-08, No Iterations 3
DICPCG:  Solving for h, Initial residual = 0.00029505, Final residual = 1.89157e-08, No Iterations 3
Min/max T:299.894 299.975
ExecutionTime = 3441.81 s  ClockTime = 3442 s

Region: domain0 Courant Number mean: 0.136497 max: 9.73428
Region: CPU Diffusion Number mean: 0.0823935 max: 1.16131
Region: Heatsink Diffusion Number mean: 0.0917996 max: 5.01215
Region: FRONT_PANEL Diffusion Number mean: 0.00267202 max: 2.79395
deltaT = 0.000833333
Time = 0.111667


Solving for fluid region domain0
diagonal:  Solving for rho, Initial residual = 0, Final residual = 0, No Iterations 0
DILUPBiCGStab:  Solving for Ux, Initial residual = 0.00309338, Final residual = 2.61744e-08, No Iterations 3
DILUPBiCGStab:  Solving for Uy, Initial residual = 0.00295741, Final residual = 8.10315e-08, No Iterations 3
DILUPBiCGStab:  Solving for Uz, Initial residual = 0.00128076, Final residual = 4.72917e-08, No Iterations 3
DILUPBiCGStab:  Solving for h, Initial residual = 0.000517265, Final residual = 1.40113e-08, No Iterations 3
Min/max T:299.823 305.825
DICPCG:  Solving for p_rgh, Initial residual = 0.00108309, Final residual = 1.05534e-05, No Iterations 130
DICPCG:  Solving for p_rgh, Initial residual = 0.000276761, Final residual = 2.70646e-06, No Iterations 56
DICPCG:  Solving for p_rgh, Initial residual = 2.85466e-05, Final residual = 2.82855e-07, No Iterations 137
diagonal:  Solving for rho, Initial residual = 0, Final residual = 0, No Iterations 0
time step continuity errors (domain0): sum local = 2.92071e-09, global = 3.78486e-12, cumulative = -7.51694e-08
DICPCG:  Solving for p_rgh, Initial residual = 0.00023827, Final residual = 2.34857e-06, No Iterations 131
