solid blade
 facet normal 0.646303 0.76162 -0.0471959
  outer loop
   vertex 0.0346567 0.0554623 -0.66
   vertex 0.0375293 0.0530247 -0.66
   vertex 0.0282756 0.0470585 -0.883
  endloop
 endfacet
 facet normal 0.632922 0.772792 -0.0469396
  outer loop
   vertex 0.0282756 0.0470585 -0.883
   vertex 0.0375293 0.0530247 -0.66
   vertex 0.0307223 0.0450546 -0.883
  endloop
 endfacet
 facet normal 0.792118 0.608637 -0.045932
  outer loop
   vertex 0.0375293 0.0530247 -0.66
   vertex 0.0384791 0.0517885 -0.66
   vertex 0.0307223 0.0450546 -0.883
  endloop
 endfacet
 facet normal 0.781367 0.622376 -0.0459729
  outer loop
   vertex 0.0307223 0.0450546 -0.883
   vertex 0.0384791 0.0517885 -0.66
   vertex 0.0315376 0.044031 -0.883
  endloop
 endfacet
 facet normal 0.872713 0.486239 -0.0440805
  outer loop
   vertex 0.0384791 0.0517885 -0.66
   vertex 0.040127 0.0488309 -0.66
   vertex 0.0315376 0.044031 -0.883
  endloop
 endfacet
 facet normal 0.864096 0.501394 -0.0440748
  outer loop
   vertex 0.0315376 0.044031 -0.883
   vertex 0.040127 0.0488309 -0.66
   vertex 0.0329641 0.0415727 -0.883
  endloop
 endfacet
 facet normal 0.949218 0.311982 -0.040644
  outer loop
   vertex 0.040127 0.0488309 -0.66
   vertex 0.0414561 0.0447871 -0.66
   vertex 0.0329641 0.0415727 -0.883
  endloop
 endfacet
 facet normal 0.943627 0.328502 -0.0406692
  outer loop
   vertex 0.0329641 0.0415727 -0.883
   vertex 0.0414561 0.0447871 -0.66
   vertex 0.0341388 0.0381981 -0.883
  endloop
 endfacet
 facet normal 0.990182 0.134942 -0.0364777
  outer loop
   vertex 0.0414561 0.0447871 -0.66
   vertex 0.0424134 0.0377624 -0.66
   vertex 0.0341388 0.0381981 -0.883
  endloop
 endfacet
 facet normal 0.987681 0.152203 -0.0363512
  outer loop
   vertex 0.0341388 0.0381981 -0.883
   vertex 0.0424134 0.0377624 -0.66
   vertex 0.0350453 0.0323162 -0.883
  endloop
 endfacet
 facet normal 0.99939 -0.0122178 -0.0327225
  outer loop
   vertex 0.0424134 0.0377624 -0.66
   vertex 0.0423354 0.0313846 -0.66
   vertex 0.0350453 0.0323162 -0.883
  endloop
 endfacet
 facet normal 0.999453 0.00522727 -0.0326517
  outer loop
   vertex 0.0350453 0.0323162 -0.883
   vertex 0.0423354 0.0313846 -0.66
   vertex 0.0350733 0.026962 -0.883
  endloop
 endfacet
 facet normal 0.995336 -0.0914915 -0.0305994
  outer loop
   vertex 0.0423354 0.0313846 -0.66
   vertex 0.0417768 0.0253071 -0.66
   vertex 0.0350733 0.026962 -0.883
  endloop
 endfacet
 facet normal 0.996783 -0.0741067 -0.0305139
  outer loop
   vertex 0.0350733 0.026962 -0.883
   vertex 0.0417768 0.0253071 -0.66
   vertex 0.0346934 0.0218529 -0.883
  endloop
 endfacet
 facet normal 0.981259 -0.190617 -0.0282161
  outer loop
   vertex 0.0417768 0.0253071 -0.66
   vertex 0.0395503 0.0138454 -0.66
   vertex 0.0346934 0.0218529 -0.883
  endloop
 endfacet
 facet normal 0.984451 -0.173466 -0.0276698
  outer loop
   vertex 0.0346934 0.0218529 -0.883
   vertex 0.0395503 0.0138454 -0.66
   vertex 0.0329926 0.0122002 -0.883
  endloop
 endfacet
 facet normal 0.961754 -0.272654 -0.0262705
  outer loop
   vertex 0.0395503 0.0138454 -0.66
   vertex 0.0364548 0.00292658 -0.66
   vertex 0.0329926 0.0122002 -0.883
  endloop
 endfacet
 facet normal 0.966381 -0.255831 -0.0256428
  outer loop
   vertex 0.0329926 0.0122002 -0.883
   vertex 0.0364548 0.00292658 -0.66
   vertex 0.0305545 0.00299042 -0.883
  endloop
 endfacet
 facet normal 0.941165 -0.337022 -0.0249988
  outer loop
   vertex 0.0364548 0.00292658 -0.66
   vertex 0.0326938 -0.00757634 -0.66
   vertex 0.0305545 0.00299042 -0.883
  endloop
 endfacet
 facet normal 0.94692 -0.320551 -0.0242736
  outer loop
   vertex 0.0305545 0.00299042 -0.883
   vertex 0.0326938 -0.00757634 -0.66
   vertex 0.0275516 -0.00588001 -0.883
  endloop
 endfacet
 facet normal 0.914652 -0.403519 -0.0241606
  outer loop
   vertex 0.0326938 -0.00757634 -0.66
   vertex 0.0282488 -0.0176518 -0.66
   vertex 0.0275516 -0.00588001 -0.883
  endloop
 endfacet
 facet normal 0.921573 -0.387503 -0.0233368
  outer loop
   vertex 0.0275516 -0.00588001 -0.883
   vertex 0.0282488 -0.0176518 -0.66
   vertex 0.0239685 -0.0144017 -0.883
  endloop
 endfacet
 facet normal 0.880856 -0.472785 -0.0237982
  outer loop
   vertex 0.0282488 -0.0176518 -0.66
   vertex 0.0230828 -0.0272768 -0.66
   vertex 0.0239685 -0.0144017 -0.883
  endloop
 endfacet
 facet normal 0.888993 -0.45735 -0.0228747
  outer loop
   vertex 0.0239685 -0.0144017 -0.883
   vertex 0.0230828 -0.0272768 -0.66
   vertex 0.0197735 -0.0225558 -0.883
  endloop
 endfacet
 facet normal 0.848866 -0.528073 -0.0237765
  outer loop
   vertex 0.0230828 -0.0272768 -0.66
   vertex 0.0173251 -0.0365321 -0.66
   vertex 0.0197735 -0.0225558 -0.883
  endloop
 endfacet
 facet normal 0.857974 -0.51319 -0.0227437
  outer loop
   vertex 0.0197735 -0.0225558 -0.883
   vertex 0.0173251 -0.0365321 -0.66
   vertex 0.0150766 -0.0304083 -0.883
  endloop
 endfacet
 facet normal 0.816856 -0.576339 -0.0240632
  outer loop
   vertex 0.0173251 -0.0365321 -0.66
   vertex 0.0110314 -0.0454523 -0.66
   vertex 0.0150766 -0.0304083 -0.883
  endloop
 endfacet
 facet normal 0.826812 -0.562011 -0.022916
  outer loop
   vertex 0.0150766 -0.0304083 -0.883
   vertex 0.0110314 -0.0454523 -0.66
   vertex 0.00992478 -0.0379875 -0.883
  endloop
 endfacet
 facet normal 0.787228 -0.616174 -0.0245327
  outer loop
   vertex 0.0110314 -0.0454523 -0.66
   vertex 0.00427543 -0.0540838 -0.66
   vertex 0.00992478 -0.0379875 -0.883
  endloop
 endfacet
 facet normal 0.797886 -0.602359 -0.0232655
  outer loop
   vertex 0.00992478 -0.0379875 -0.883
   vertex 0.00427543 -0.0540838 -0.66
   vertex 0.00438081 -0.045331 -0.883
  endloop
 endfacet
 facet normal 0.759817 -0.649651 -0.0251396
  outer loop
   vertex 0.00427543 -0.0540838 -0.66
   vertex -0.00288725 -0.0624611 -0.66
   vertex 0.00438081 -0.045331 -0.883
  endloop
 endfacet
 facet normal 0.771065 -0.636313 -0.0237485
  outer loop
   vertex 0.00438081 -0.045331 -0.883
   vertex -0.00288725 -0.0624611 -0.66
   vertex -0.00150825 -0.0524672 -0.883
  endloop
 endfacet
 facet normal 0.731356 -0.681499 -0.0260191
  outer loop
   vertex -0.00288725 -0.0624611 -0.66
   vertex -0.0104566 -0.0705842 -0.66
   vertex -0.00150825 -0.0524672 -0.883
  endloop
 endfacet
 facet normal 0.743167 -0.668657 -0.0245018
  outer loop
   vertex -0.00150825 -0.0524672 -0.883
   vertex -0.0104566 -0.0705842 -0.66
   vertex -0.0077424 -0.0593961 -0.883
  endloop
 endfacet
 facet normal 0.706091 -0.70761 -0.0269074
  outer loop
   vertex -0.0104566 -0.0705842 -0.66
   vertex -0.0183773 -0.0784879 -0.66
   vertex -0.0077424 -0.0593961 -0.883
  endloop
 endfacet
 facet normal 0.718364 -0.695209 -0.0252604
  outer loop
   vertex -0.0077424 -0.0593961 -0.883
   vertex -0.0183773 -0.0784879 -0.66
   vertex -0.0142746 -0.0661458 -0.883
  endloop
 endfacet
 facet normal 0.683064 -0.729829 -0.0278259
  outer loop
   vertex -0.0183773 -0.0784879 -0.66
   vertex -0.0266123 -0.0861952 -0.66
   vertex -0.0142746 -0.0661458 -0.883
  endloop
 endfacet
 facet normal 0.695729 -0.717832 -0.0260466
  outer loop
   vertex -0.0142746 -0.0661458 -0.883
   vertex -0.0266123 -0.0861952 -0.66
   vertex -0.0210735 -0.0727353 -0.883
  endloop
 endfacet
 facet normal 0.668001 -0.743622 -0.0282919
  outer loop
   vertex -0.0266123 -0.0861952 -0.66
   vertex -0.0350506 -0.0937754 -0.66
   vertex -0.0210735 -0.0727353 -0.883
  endloop
 endfacet
 facet normal 0.680914 -0.731888 -0.0263754
  outer loop
   vertex -0.0210735 -0.0727353 -0.883
   vertex -0.0350506 -0.0937754 -0.66
   vertex -0.0280449 -0.0792212 -0.883
  endloop
 endfacet
 facet normal 0.652838 -0.756946 -0.0288929
  outer loop
   vertex -0.0350506 -0.0937754 -0.66
   vertex -0.0436922 -0.101228 -0.66
   vertex -0.0280449 -0.0792212 -0.883
  endloop
 endfacet
 facet normal 0.665987 -0.74548 -0.0268387
  outer loop
   vertex -0.0280449 -0.0792212 -0.883
   vertex -0.0436922 -0.101228 -0.66
   vertex -0.0351888 -0.0856034 -0.883
  endloop
 endfacet
 facet normal 0.641764 -0.766345 -0.0292243
  outer loop
   vertex -0.0436922 -0.101228 -0.66
   vertex -0.0524818 -0.108589 -0.66
   vertex -0.0351888 -0.0856034 -0.883
  endloop
 endfacet
 facet normal 0.655082 -0.755074 -0.0270298
  outer loop
   vertex -0.0351888 -0.0856034 -0.883
   vertex -0.0524818 -0.108589 -0.66
   vertex -0.0424583 -0.0919102 -0.883
  endloop
 endfacet
 facet normal 0.632049 -0.774366 -0.0295081
  outer loop
   vertex -0.0524818 -0.108589 -0.66
   vertex -0.0614008 -0.115869 -0.66
   vertex -0.0424583 -0.0919102 -0.883
  endloop
 endfacet
 facet normal 0.645512 -0.763267 -0.0271719
  outer loop
   vertex -0.0424583 -0.0919102 -0.883
   vertex -0.0614008 -0.115869 -0.66
   vertex -0.0498375 -0.098151 -0.883
  endloop
 endfacet
 facet normal 0.626501 -0.778866 -0.0293971
  outer loop
   vertex -0.0614008 -0.115869 -0.66
   vertex -0.0703937 -0.123103 -0.66
   vertex -0.0498375 -0.098151 -0.883
  endloop
 endfacet
 facet normal 0.640043 -0.767867 -0.0269182
  outer loop
   vertex -0.0498375 -0.098151 -0.883
   vertex -0.0703937 -0.123103 -0.66
   vertex -0.0572795 -0.104354 -0.883
  endloop
 endfacet
 facet normal 0.532056 -0.845772 -0.0398185
  outer loop
   vertex -0.0703937 -0.123103 -0.66
   vertex -0.0806438 -0.129551 -0.66
   vertex -0.0572795 -0.104354 -0.883
  endloop
 endfacet
 facet normal 0.546784 -0.836446 -0.0372216
  outer loop
   vertex -0.0572795 -0.104354 -0.883
   vertex -0.0806438 -0.129551 -0.66
   vertex -0.0657881 -0.109916 -0.883
  endloop
 endfacet
 facet normal 0.350026 0.935645 -0.0452762
  outer loop
   vertex 0.0346567 0.0554623 -0.66
   vertex 0.0282756 0.0470585 -0.883
   vertex 0.032094 0.0564211 -0.66
  endloop
 endfacet
 facet normal 0.333647 0.941612 -0.0452463
  outer loop
   vertex 0.0282756 0.0470585 -0.883
   vertex 0.0261106 0.0478256 -0.883
   vertex 0.032094 0.0564211 -0.66
  endloop
 endfacet
 facet normal 0.0513493 0.997886 -0.0398409
  outer loop
   vertex 0.032094 0.0564211 -0.66
   vertex 0.0261106 0.0478256 -0.883
   vertex 0.0309732 0.0564787 -0.66
  endloop
 endfacet
 facet normal 0.0339188 0.998644 -0.0394902
  outer loop
   vertex 0.0261106 0.0478256 -0.883
   vertex 0.0251691 0.0478576 -0.883
   vertex 0.0309732 0.0564787 -0.66
  endloop
 endfacet
 facet normal -0.187236 0.981758 -0.0330813
  outer loop
   vertex 0.0309732 0.0564787 -0.66
   vertex 0.0251691 0.0478576 -0.883
   vertex 0.0286093 0.0560279 -0.66
  endloop
 endfacet
 facet normal -0.204341 0.978354 -0.0326927
  outer loop
   vertex 0.0251691 0.0478576 -0.883
   vertex 0.0231916 0.0474446 -0.883
   vertex 0.0286093 0.0560279 -0.66
  endloop
 endfacet
 facet normal -0.418295 0.907973 -0.0247858
  outer loop
   vertex 0.0286093 0.0560279 -0.66
   vertex 0.0231916 0.0474446 -0.883
   vertex 0.0256493 0.0546643 -0.66
  endloop
 endfacet
 facet normal -0.434083 0.900543 -0.0243712
  outer loop
   vertex 0.0231916 0.0474446 -0.883
   vertex 0.0207272 0.0462567 -0.883
   vertex 0.0256493 0.0546643 -0.66
  endloop
 endfacet
 facet normal -0.571034 0.820721 -0.0183389
  outer loop
   vertex 0.0256493 0.0546643 -0.66
   vertex 0.0207272 0.0462567 -0.883
   vertex 0.0207831 0.0512785 -0.66
  endloop
 endfacet
 facet normal -0.585272 0.810635 -0.0181082
  outer loop
   vertex 0.0207272 0.0462567 -0.883
   vertex 0.0166925 0.0433436 -0.883
   vertex 0.0207831 0.0512785 -0.66
  endloop
 endfacet
 facet normal -0.69279 0.721023 -0.0129474
  outer loop
   vertex 0.0207831 0.0512785 -0.66
   vertex 0.0166925 0.0433436 -0.883
   vertex 0.0167303 0.0473844 -0.66
  endloop
 endfacet
 facet normal -0.70527 0.708824 -0.0127242
  outer loop
   vertex 0.0166925 0.0433436 -0.883
   vertex 0.0133479 0.0400159 -0.883
   vertex 0.0167303 0.0473844 -0.66
  endloop
 endfacet
 facet normal -0.748491 0.663061 -0.0105565
  outer loop
   vertex 0.0167303 0.0473844 -0.66
   vertex 0.0133479 0.0400159 -0.883
   vertex 0.0130658 0.0432478 -0.66
  endloop
 endfacet
 facet normal -0.759949 0.649899 -0.0103802
  outer loop
   vertex 0.0133479 0.0400159 -0.883
   vertex 0.0103328 0.0364902 -0.883
   vertex 0.0130658 0.0432478 -0.66
  endloop
 endfacet
 facet normal -0.792289 0.610082 -0.00877732
  outer loop
   vertex 0.0130658 0.0432478 -0.66
   vertex 0.0103328 0.0364902 -0.883
   vertex 0.00638379 0.0345701 -0.66
  endloop
 endfacet
 facet normal -0.802814 0.59616 -0.00908358
  outer loop
   vertex 0.0103328 0.0364902 -0.883
   vertex 0.00485159 0.029109 -0.883
   vertex 0.00638379 0.0345701 -0.66
  endloop
 endfacet
 facet normal -0.823907 0.566666 -0.00821636
  outer loop
   vertex 0.00638379 0.0345701 -0.66
   vertex 0.00485159 0.029109 -0.883
   vertex 0.000200947 0.0255805 -0.66
  endloop
 endfacet
 facet normal -0.833668 0.552198 -0.00864884
  outer loop
   vertex 0.00485159 0.029109 -0.883
   vertex -0.000206107 0.0214732 -0.883
   vertex 0.000200947 0.0255805 -0.66
  endloop
 endfacet
 facet normal -0.846958 0.531596 -0.00824513
  outer loop
   vertex 0.000200947 0.0255805 -0.66
   vertex -0.000206107 0.0214732 -0.883
   vertex -0.00559366 0.0163484 -0.66
  endloop
 endfacet
 facet normal -0.856102 0.516732 -0.00880767
  outer loop
   vertex -0.000206107 0.0214732 -0.883
   vertex -0.00493439 0.0136396 -0.883
   vertex -0.00559366 0.0163484 -0.66
  endloop
 endfacet
 facet normal -0.865533 0.500777 -0.00864175
  outer loop
   vertex -0.00559366 0.0163484 -0.66
   vertex -0.00493439 0.0136396 -0.883
   vertex -0.0110555 0.00690824 -0.66
  endloop
 endfacet
 facet normal -0.874135 0.485592 -0.00933624
  outer loop
   vertex -0.00493439 0.0136396 -0.883
   vertex -0.00938032 0.00563627 -0.883
   vertex -0.0110555 0.00690824 -0.66
  endloop
 endfacet
 facet normal -0.874384 0.485144 -0.00933555
  outer loop
   vertex -0.0110555 0.00690824 -0.66
   vertex -0.00938032 0.00563627 -0.883
   vertex -0.0163509 -0.00263584 -0.66
  endloop
 endfacet
 facet normal -0.882711 0.469806 -0.0101648
  outer loop
   vertex -0.00938032 0.00563627 -0.883
   vertex -0.0136851 -0.00245187 -0.883
   vertex -0.0163509 -0.00263584 -0.66
  endloop
 endfacet
 facet normal -0.878219 0.478153 -0.0101042
  outer loop
   vertex -0.0163509 -0.00263584 -0.66
   vertex -0.0136851 -0.00245187 -0.883
   vertex -0.0215724 -0.0122261 -0.66
  endloop
 endfacet
 facet normal -0.886421 0.462748 -0.0110695
  outer loop
   vertex -0.0136851 -0.00245187 -0.883
   vertex -0.0179271 -0.0105777 -0.883
   vertex -0.0215724 -0.0122261 -0.66
  endloop
 endfacet
 facet normal -0.877258 0.479898 -0.0107929
  outer loop
   vertex -0.0215724 -0.0122261 -0.66
   vertex -0.0179271 -0.0105777 -0.883
   vertex -0.0268124 -0.0218049 -0.66
  endloop
 endfacet
 facet normal -0.885489 0.464508 -0.0118957
  outer loop
   vertex -0.0179271 -0.0105777 -0.883
   vertex -0.0221848 -0.0186941 -0.883
   vertex -0.0268124 -0.0218049 -0.66
  endloop
 endfacet
 facet normal -0.879156 0.476393 -0.0115985
  outer loop
   vertex -0.0268124 -0.0218049 -0.66
   vertex -0.0221848 -0.0186941 -0.883
   vertex -0.0320154 -0.0314067 -0.66
  endloop
 endfacet
 facet normal -0.887323 0.46097 -0.0128378
  outer loop
   vertex -0.0221848 -0.0186941 -0.883
   vertex -0.0264111 -0.0268294 -0.883
   vertex -0.0320154 -0.0314067 -0.66
  endloop
 endfacet
 facet normal -0.878198 0.478141 -0.012256
  outer loop
   vertex -0.0320154 -0.0314067 -0.66
   vertex -0.0264111 -0.0268294 -0.883
   vertex -0.0372369 -0.040997 -0.66
  endloop
 endfacet
 facet normal -0.886393 0.462733 -0.0136327
  outer loop
   vertex -0.0264111 -0.0268294 -0.883
   vertex -0.0306531 -0.0349552 -0.883
   vertex -0.0372369 -0.040997 -0.66
  endloop
 endfacet
 facet normal -0.880086 0.474632 -0.0131241
  outer loop
   vertex -0.0372369 -0.040997 -0.66
   vertex -0.0306531 -0.0349552 -0.883
   vertex -0.0424214 -0.0506104 -0.66
  endloop
 endfacet
 facet normal -0.888217 0.459191 -0.0146372
  outer loop
   vertex -0.0306531 -0.0349552 -0.883
   vertex -0.0348638 -0.0430999 -0.883
   vertex -0.0424214 -0.0506104 -0.66
  endloop
 endfacet
 facet normal -0.88102 0.472873 -0.0139325
  outer loop
   vertex -0.0424214 -0.0506104 -0.66
   vertex -0.0348638 -0.0430999 -0.883
   vertex -0.0475875 -0.0602354 -0.66
  endloop
 endfacet
 facet normal -0.889118 0.457414 -0.0155824
  outer loop
   vertex -0.0348638 -0.0430999 -0.883
   vertex -0.0390587 -0.051254 -0.883
   vertex -0.0475875 -0.0602354 -0.66
  endloop
 endfacet
 facet normal -0.882884 0.469355 -0.0148631
  outer loop
   vertex -0.0475875 -0.0602354 -0.66
   vertex -0.0390587 -0.051254 -0.883
   vertex -0.0527165 -0.0698834 -0.66
  endloop
 endfacet
 facet normal -0.890916 0.453863 -0.0166492
  outer loop
   vertex -0.0390587 -0.051254 -0.883
   vertex -0.0432223 -0.059427 -0.883
   vertex -0.0527165 -0.0698834 -0.66
  endloop
 endfacet
 facet normal -0.885654 0.464071 -0.0159465
  outer loop
   vertex -0.0527165 -0.0698834 -0.66
   vertex -0.0432223 -0.059427 -0.883
   vertex -0.0577901 -0.0795661 -0.66
  endloop
 endfacet
 facet normal -0.89359 0.448528 -0.0178686
  outer loop
   vertex -0.0432223 -0.059427 -0.883
   vertex -0.0473388 -0.0676282 -0.883
   vertex -0.0577901 -0.0795661 -0.66
  endloop
 endfacet
 facet normal -0.889297 0.457006 -0.0172136
  outer loop
   vertex -0.0577901 -0.0795661 -0.66
   vertex -0.0473388 -0.0676282 -0.883
   vertex -0.0627898 -0.089295 -0.66
  endloop
 endfacet
 facet normal -0.897104 0.441399 -0.0192708
  outer loop
   vertex -0.0473388 -0.0676282 -0.883
   vertex -0.0513926 -0.0758672 -0.883
   vertex -0.0627898 -0.089295 -0.66
  endloop
 endfacet
 facet normal -0.891089 0.453462 -0.018237
  outer loop
   vertex -0.0627898 -0.089295 -0.66
   vertex -0.0513926 -0.0758672 -0.883
   vertex -0.0677525 -0.0990471 -0.66
  endloop
 endfacet
 facet normal -0.898828 0.437824 -0.0204303
  outer loop
   vertex -0.0513926 -0.0758672 -0.883
   vertex -0.055415 -0.0841249 -0.883
   vertex -0.0677525 -0.0990471 -0.66
  endloop
 endfacet
 facet normal -0.892863 0.449915 -0.0192913
  outer loop
   vertex -0.0677525 -0.0990471 -0.66
   vertex -0.055415 -0.0841249 -0.883
   vertex -0.0726782 -0.108822 -0.66
  endloop
 endfacet
 facet normal -0.900537 0.434242 -0.021621
  outer loop
   vertex -0.055415 -0.0841249 -0.883
   vertex -0.0594061 -0.0924016 -0.883
   vertex -0.0726782 -0.108822 -0.66
  endloop
 endfacet
 facet normal -0.894621 0.446362 -0.0203765
  outer loop
   vertex -0.0726782 -0.108822 -0.66
   vertex -0.0594061 -0.0924016 -0.883
   vertex -0.0775669 -0.11862 -0.66
  endloop
 endfacet
 facet normal -0.902227 0.430656 -0.0228426
  outer loop
   vertex -0.0594061 -0.0924016 -0.883
   vertex -0.0633657 -0.100697 -0.883
   vertex -0.0775669 -0.11862 -0.66
  endloop
 endfacet
 facet normal -0.961836 0.270761 -0.0394899
  outer loop
   vertex -0.0775669 -0.11862 -0.66
   vertex -0.0633657 -0.100697 -0.883
   vertex -0.0806438 -0.129551 -0.66
  endloop
 endfacet
 facet normal -0.966315 0.25391 -0.0420173
  outer loop
   vertex -0.0633657 -0.100697 -0.883
   vertex -0.0657881 -0.109916 -0.883
   vertex -0.0806438 -0.129551 -0.66
  endloop
 endfacet
 facet normal 0.589471 0.719739 0.366742
  outer loop
   vertex 0.0282756 0.0470585 -0.883
   vertex 0.0307223 0.0450546 -0.883
   vertex 0.0539245 0.0897454 -1.008
  endloop
 endfacet
 facet normal 0.589471 0.719739 0.366742
  outer loop
   vertex 0.0539245 0.0897454 -1.008
   vertex 0.0307223 0.0450546 -0.883
   vertex 0.0585906 0.0859238 -1.008
  endloop
 endfacet
 facet normal 0.731645 0.582771 0.353657
  outer loop
   vertex 0.0307223 0.0450546 -0.883
   vertex 0.0315376 0.044031 -0.883
   vertex 0.0585906 0.0859238 -1.008
  endloop
 endfacet
 facet normal 0.731648 0.582768 0.353656
  outer loop
   vertex 0.0585906 0.0859238 -1.008
   vertex 0.0315376 0.044031 -0.883
   vertex 0.0601455 0.0839716 -1.008
  endloop
 endfacet
 facet normal 0.814244 0.472467 0.337316
  outer loop
   vertex 0.0315376 0.044031 -0.883
   vertex 0.0329641 0.0415727 -0.883
   vertex 0.0601455 0.0839716 -1.008
  endloop
 endfacet
 facet normal 0.814244 0.472466 0.337316
  outer loop
   vertex 0.0601455 0.0839716 -1.008
   vertex 0.0329641 0.0415727 -0.883
   vertex 0.0628659 0.0792834 -1.008
  endloop
 endfacet
 facet normal 0.898138 0.312666 0.309174
  outer loop
   vertex 0.0329641 0.0415727 -0.883
   vertex 0.0341388 0.0381981 -0.883
   vertex 0.0628659 0.0792834 -1.008
  endloop
 endfacet
 facet normal 0.898137 0.312667 0.309175
  outer loop
   vertex 0.0628659 0.0792834 -1.008
   vertex 0.0341388 0.0381981 -0.883
   vertex 0.0651063 0.0728478 -1.008
  endloop
 endfacet
 facet normal 0.949966 0.146391 0.275924
  outer loop
   vertex 0.0341388 0.0381981 -0.883
   vertex 0.0350453 0.0323162 -0.883
   vertex 0.0651063 0.0728478 -1.008
  endloop
 endfacet
 facet normal 0.949966 0.146391 0.275924
  outer loop
   vertex 0.0651063 0.0728478 -1.008
   vertex 0.0350453 0.0323162 -0.883
   vertex 0.0668349 0.0616303 -1.008
  endloop
 endfacet
 facet normal 0.968853 0.00506723 0.247585
  outer loop
   vertex 0.0350453 0.0323162 -0.883
   vertex 0.0350733 0.026962 -0.883
   vertex 0.0668349 0.0616303 -1.008
  endloop
 endfacet
 facet normal 0.968853 0.00506663 0.247584
  outer loop
   vertex 0.0668349 0.0616303 -1.008
   vertex 0.0350733 0.026962 -0.883
   vertex 0.0668883 0.0514193 -1.008
  endloop
 endfacet
 facet normal 0.969862 -0.0721052 0.232742
  outer loop
   vertex 0.0350733 0.026962 -0.883
   vertex 0.0346934 0.0218529 -0.883
   vertex 0.0668883 0.0514193 -1.008
  endloop
 endfacet
 facet normal 0.969862 -0.0721053 0.232742
  outer loop
   vertex 0.0668883 0.0514193 -1.008
   vertex 0.0346934 0.0218529 -0.883
   vertex 0.0661639 0.0416757 -1.008
  endloop
 endfacet
 facet normal 0.961741 -0.169464 0.215258
  outer loop
   vertex 0.0346934 0.0218529 -0.883
   vertex 0.0329926 0.0122002 -0.883
   vertex 0.0661639 0.0416757 -1.008
  endloop
 endfacet
 facet normal 0.961741 -0.169463 0.215258
  outer loop
   vertex 0.0661639 0.0416757 -1.008
   vertex 0.0329926 0.0122002 -0.883
   vertex 0.0629202 0.023267 -1.008
  endloop
 endfacet
 facet normal 0.946293 -0.250513 0.204384
  outer loop
   vertex 0.0329926 0.0122002 -0.883
   vertex 0.0305545 0.00299042 -0.883
   vertex 0.0629202 0.023267 -1.008
  endloop
 endfacet
 facet normal 0.946293 -0.250514 0.204384
  outer loop
   vertex 0.0629202 0.023267 -1.008
   vertex 0.0305545 0.00299042 -0.883
   vertex 0.0582705 0.00570304 -1.008
  endloop
 endfacet
 facet normal 0.928255 -0.314232 0.199001
  outer loop
   vertex 0.0305545 0.00299042 -0.883
   vertex 0.0275516 -0.00588001 -0.883
   vertex 0.0582705 0.00570304 -1.008
  endloop
 endfacet
 facet normal 0.928255 -0.314232 0.199001
  outer loop
   vertex 0.0582705 0.00570304 -1.008
   vertex 0.0275516 -0.00588001 -0.883
   vertex 0.0525439 -0.0112138 -1.008
  endloop
 endfacet
 facet normal 0.903776 -0.380019 0.196914
  outer loop
   vertex 0.0275516 -0.00588001 -0.883
   vertex 0.0239685 -0.0144017 -0.883
   vertex 0.0525439 -0.0112138 -1.008
  endloop
 endfacet
 facet normal 0.903776 -0.380019 0.196914
  outer loop
   vertex 0.0525439 -0.0112138 -1.008
   vertex 0.0239685 -0.0144017 -0.883
   vertex 0.0457103 -0.0274655 -1.008
  endloop
 endfacet
 facet normal 0.871539 -0.448371 0.198451
  outer loop
   vertex 0.0239685 -0.0144017 -0.883
   vertex 0.0197735 -0.0225558 -0.883
   vertex 0.0457103 -0.0274655 -1.008
  endloop
 endfacet
 facet normal 0.871539 -0.448371 0.198451
  outer loop
   vertex 0.0457103 -0.0274655 -1.008
   vertex 0.0197735 -0.0225558 -0.883
   vertex 0.0377101 -0.0430163 -1.008
  endloop
 endfacet
 facet normal 0.840352 -0.502649 0.20286
  outer loop
   vertex 0.0197735 -0.0225558 -0.883
   vertex 0.0150766 -0.0304083 -0.883
   vertex 0.0377101 -0.0430163 -1.008
  endloop
 endfacet
 facet normal 0.840352 -0.50265 0.20286
  outer loop
   vertex 0.0377101 -0.0430163 -1.008
   vertex 0.0150766 -0.0304083 -0.883
   vertex 0.0287526 -0.0579918 -1.008
  endloop
 endfacet
 facet normal 0.80863 -0.549652 0.209761
  outer loop
   vertex 0.0150766 -0.0304083 -0.883
   vertex 0.00992478 -0.0379875 -0.883
   vertex 0.0287526 -0.0579918 -1.008
  endloop
 endfacet
 facet normal 0.80863 -0.549652 0.209761
  outer loop
   vertex 0.0287526 -0.0579918 -1.008
   vertex 0.00992478 -0.0379875 -0.883
   vertex 0.0189276 -0.0724461 -1.008
  endloop
 endfacet
 facet normal 0.778873 -0.588005 0.218191
  outer loop
   vertex 0.00992478 -0.0379875 -0.883
   vertex 0.00438081 -0.045331 -0.883
   vertex 0.0189276 -0.0724461 -1.008
  endloop
 endfacet
 facet normal 0.778873 -0.588005 0.218191
  outer loop
   vertex 0.0189276 -0.0724461 -1.008
   vertex 0.00438081 -0.045331 -0.883
   vertex 0.00835466 -0.086451 -1.008
  endloop
 endfacet
 facet normal 0.751013 -0.619765 0.227753
  outer loop
   vertex 0.00438081 -0.045331 -0.883
   vertex -0.00150825 -0.0524672 -0.883
   vertex 0.00835466 -0.086451 -1.008
  endloop
 endfacet
 facet normal 0.751014 -0.619764 0.227753
  outer loop
   vertex 0.00835466 -0.086451 -1.008
   vertex -0.00150825 -0.0524672 -0.883
   vertex -0.00287639 -0.100061 -1.008
  endloop
 endfacet
 facet normal 0.72178 -0.649415 0.239362
  outer loop
   vertex -0.00150825 -0.0524672 -0.883
   vertex -0.0077424 -0.0593961 -0.883
   vertex -0.00287639 -0.100061 -1.008
  endloop
 endfacet
 facet normal 0.72178 -0.649415 0.239362
  outer loop
   vertex -0.00287639 -0.100061 -1.008
   vertex -0.0077424 -0.0593961 -0.883
   vertex -0.0147656 -0.113274 -1.008
  endloop
 endfacet
 facet normal 0.695576 -0.673156 0.251067
  outer loop
   vertex -0.0077424 -0.0593961 -0.883
   vertex -0.0142746 -0.0661458 -0.883
   vertex -0.0147656 -0.113274 -1.008
  endloop
 endfacet
 facet normal 0.695577 -0.673155 0.251067
  outer loop
   vertex -0.0147656 -0.113274 -1.008
   vertex -0.0142746 -0.0661458 -0.883
   vertex -0.0272231 -0.126147 -1.008
  endloop
 endfacet
 facet normal 0.671466 -0.692798 0.262993
  outer loop
   vertex -0.0142746 -0.0661458 -0.883
   vertex -0.0210735 -0.0727353 -0.883
   vertex -0.0272231 -0.126147 -1.008
  endloop
 endfacet
 facet normal 0.671466 -0.692797 0.262993
  outer loop
   vertex -0.0272231 -0.126147 -1.008
   vertex -0.0210735 -0.0727353 -0.883
   vertex -0.0401893 -0.138714 -1.008
  endloop
 endfacet
 facet normal 0.655535 -0.704608 0.271664
  outer loop
   vertex -0.0210735 -0.0727353 -0.883
   vertex -0.0280449 -0.0792212 -0.883
   vertex -0.0401893 -0.138714 -1.008
  endloop
 endfacet
 facet normal 0.655534 -0.704609 0.271664
  outer loop
   vertex -0.0401893 -0.138714 -1.008
   vertex -0.0280449 -0.0792212 -0.883
   vertex -0.0534845 -0.151083 -1.008
  endloop
 endfacet
 facet normal 0.639325 -0.715635 0.281302
  outer loop
   vertex -0.0280449 -0.0792212 -0.883
   vertex -0.0351888 -0.0856034 -0.883
   vertex -0.0534845 -0.151083 -1.008
  endloop
 endfacet
 facet normal 0.639323 -0.715636 0.281303
  outer loop
   vertex -0.0534845 -0.151083 -1.008
   vertex -0.0351888 -0.0856034 -0.883
   vertex -0.0671087 -0.163254 -1.008
  endloop
 endfacet
 facet normal 0.627357 -0.723117 0.289005
  outer loop
   vertex -0.0351888 -0.0856034 -0.883
   vertex -0.0424583 -0.0919102 -0.883
   vertex -0.0671087 -0.163254 -1.008
  endloop
 endfacet
 facet normal 0.627358 -0.723117 0.289005
  outer loop
   vertex -0.0671087 -0.163254 -1.008
   vertex -0.0424583 -0.0919102 -0.883
   vertex -0.0809723 -0.175282 -1.008
  endloop
 endfacet
 facet normal 0.61674 -0.729246 0.296365
  outer loop
   vertex -0.0424583 -0.0919102 -0.883
   vertex -0.0498375 -0.098151 -0.883
   vertex -0.0809723 -0.175282 -1.008
  endloop
 endfacet
 facet normal 0.616742 -0.729245 0.296363
  outer loop
   vertex -0.0809723 -0.175282 -1.008
   vertex -0.0498375 -0.098151 -0.883
   vertex -0.0950453 -0.187184 -1.008
  endloop
 endfacet
 facet normal 0.610595 -0.732539 0.300933
  outer loop
   vertex -0.0498375 -0.098151 -0.883
   vertex -0.0572795 -0.104354 -0.883
   vertex -0.0950453 -0.187184 -1.008
  endloop
 endfacet
 facet normal 0.610591 -0.732541 0.300935
  outer loop
   vertex -0.0950453 -0.187184 -1.008
   vertex -0.0572795 -0.104354 -0.883
   vertex -0.109238 -0.199014 -1.008
  endloop
 endfacet
 facet normal 0.506898 -0.775429 0.376516
  outer loop
   vertex -0.0572795 -0.104354 -0.883
   vertex -0.0657881 -0.109916 -0.883
   vertex -0.109238 -0.199014 -1.008
  endloop
 endfacet
 facet normal 0.506905 -0.775427 0.376511
  outer loop
   vertex -0.109238 -0.199014 -1.008
   vertex -0.0657881 -0.109916 -0.883
   vertex -0.125465 -0.209622 -1.008
  endloop
 endfacet
 facet normal 0.311119 0.878032 0.363683
  outer loop
   vertex 0.0282756 0.0470585 -0.883
   vertex 0.0539245 0.0897454 -1.008
   vertex 0.0261106 0.0478256 -0.883
  endloop
 endfacet
 facet normal 0.311117 0.878033 0.363683
  outer loop
   vertex 0.0539245 0.0897454 -1.008
   vertex 0.0497955 0.0912084 -1.008
   vertex 0.0261106 0.0478256 -0.883
  endloop
 endfacet
 facet normal 0.0320065 0.942342 0.333116
  outer loop
   vertex 0.0261106 0.0478256 -0.883
   vertex 0.0497955 0.0912084 -1.008
   vertex 0.0251691 0.0478576 -0.883
  endloop
 endfacet
 facet normal 0.0320091 0.942342 0.333117
  outer loop
   vertex 0.0497955 0.0912084 -1.008
   vertex 0.048 0.0912694 -1.008
   vertex 0.0251691 0.0478576 -0.883
  endloop
 endfacet
 facet normal -0.195687 0.936917 0.289644
  outer loop
   vertex 0.0251691 0.0478576 -0.883
   vertex 0.048 0.0912694 -1.008
   vertex 0.0231916 0.0474446 -0.883
  endloop
 endfacet
 facet normal -0.195688 0.936917 0.289644
  outer loop
   vertex 0.048 0.0912694 -1.008
   vertex 0.0442288 0.0904818 -1.008
   vertex 0.0231916 0.0474446 -0.883
  endloop
 endfacet
 facet normal -0.422502 0.876516 0.230676
  outer loop
   vertex 0.0231916 0.0474446 -0.883
   vertex 0.0442288 0.0904818 -1.008
   vertex 0.0207272 0.0462567 -0.883
  endloop
 endfacet
 facet normal -0.422502 0.876516 0.230676
  outer loop
   vertex 0.0442288 0.0904818 -1.008
   vertex 0.0395289 0.0882163 -1.008
   vertex 0.0207272 0.0462567 -0.883
  endloop
 endfacet
 facet normal -0.575693 0.797366 0.181065
  outer loop
   vertex 0.0207272 0.0462567 -0.883
   vertex 0.0395289 0.0882163 -1.008
   vertex 0.0166925 0.0433436 -0.883
  endloop
 endfacet
 facet normal -0.575694 0.797366 0.181065
  outer loop
   vertex 0.0395289 0.0882163 -1.008
   vertex 0.0318342 0.0826608 -1.008
   vertex 0.0166925 0.0433436 -0.883
  endloop
 endfacet
 facet normal -0.69875 0.702271 0.136248
  outer loop
   vertex 0.0166925 0.0433436 -0.883
   vertex 0.0318342 0.0826608 -1.008
   vertex 0.0133479 0.0400159 -0.883
  endloop
 endfacet
 facet normal -0.698749 0.702272 0.136248
  outer loop
   vertex 0.0318342 0.0826608 -1.008
   vertex 0.0254559 0.0763144 -1.008
   vertex 0.0133479 0.0400159 -0.883
  endloop
 endfacet
 facet normal -0.755004 0.64567 0.114363
  outer loop
   vertex 0.0133479 0.0400159 -0.883
   vertex 0.0254559 0.0763144 -1.008
   vertex 0.0103328 0.0364902 -0.883
  endloop
 endfacet
 facet normal -0.755004 0.64567 0.114363
  outer loop
   vertex 0.0254559 0.0763144 -1.008
   vertex 0.0197057 0.0695906 -1.008
   vertex 0.0103328 0.0364902 -0.883
  endloop
 endfacet
 facet normal -0.799045 0.593361 0.0972087
  outer loop
   vertex 0.0103328 0.0364902 -0.883
   vertex 0.0197057 0.0695906 -1.008
   vertex 0.00485159 0.029109 -0.883
  endloop
 endfacet
 facet normal -0.799045 0.593361 0.0972088
  outer loop
   vertex 0.0197057 0.0695906 -1.008
   vertex 0.00925248 0.0555138 -1.008
   vertex 0.00485159 0.029109 -0.883
  endloop
 endfacet
 facet normal -0.83054 0.550127 0.0869671
  outer loop
   vertex 0.00485159 0.029109 -0.883
   vertex 0.00925248 0.0555138 -1.008
   vertex -0.000206107 0.0214732 -0.883
  endloop
 endfacet
 facet normal -0.83054 0.550127 0.0869671
  outer loop
   vertex 0.00925248 0.0555138 -1.008
   vertex -0.000393066 0.0409517 -1.008
   vertex -0.000206107 0.0214732 -0.883
  endloop
 endfacet
 facet normal -0.853285 0.515031 0.0815323
  outer loop
   vertex -0.000206107 0.0214732 -0.883
   vertex -0.000393066 0.0409517 -1.008
   vertex -0.00493439 0.0136396 -0.883
  endloop
 endfacet
 facet normal -0.853285 0.515031 0.0815323
  outer loop
   vertex -0.000393066 0.0409517 -1.008
   vertex -0.0094104 0.0260121 -1.008
   vertex -0.00493439 0.0136396 -0.883
  endloop
 endfacet
 facet normal -0.871433 0.484091 0.0791197
  outer loop
   vertex -0.00493439 0.0136396 -0.883
   vertex -0.0094104 0.0260121 -1.008
   vertex -0.00938032 0.00563627 -0.883
  endloop
 endfacet
 facet normal -0.871433 0.484091 0.0791197
  outer loop
   vertex -0.0094104 0.0260121 -1.008
   vertex -0.0178893 0.0107489 -1.008
   vertex -0.00938032 0.00563627 -0.883
  endloop
 endfacet
 facet normal -0.879994 0.46836 0.079059
  outer loop
   vertex -0.00938032 0.00563627 -0.883
   vertex -0.0178893 0.0107489 -1.008
   vertex -0.0136851 -0.00245187 -0.883
  endloop
 endfacet
 facet normal -0.879994 0.46836 0.079059
  outer loop
   vertex -0.0178893 0.0107489 -1.008
   vertex -0.0260989 -0.00467597 -1.008
   vertex -0.0136851 -0.00245187 -0.883
  endloop
 endfacet
 facet normal -0.883666 0.46131 0.0795491
  outer loop
   vertex -0.0136851 -0.00245187 -0.883
   vertex -0.0260989 -0.00467597 -1.008
   vertex -0.0179271 -0.0105777 -0.883
  endloop
 endfacet
 facet normal -0.883666 0.461309 0.0795491
  outer loop
   vertex -0.0260989 -0.00467597 -1.008
   vertex -0.0341888 -0.0201728 -1.008
   vertex -0.0179271 -0.0105777 -0.883
  endloop
 endfacet
 facet normal -0.882763 0.463079 0.0792958
  outer loop
   vertex -0.0179271 -0.0105777 -0.883
   vertex -0.0341888 -0.0201728 -1.008
   vertex -0.0221848 -0.0186941 -0.883
  endloop
 endfacet
 facet normal -0.882763 0.463079 0.0792958
  outer loop
   vertex -0.0341888 -0.0201728 -1.008
   vertex -0.0423087 -0.0356516 -1.008
   vertex -0.0221848 -0.0186941 -0.883
  endloop
 endfacet
 facet normal -0.884547 0.459528 0.0800648
  outer loop
   vertex -0.0221848 -0.0186941 -0.883
   vertex -0.0423087 -0.0356516 -1.008
   vertex -0.0264111 -0.0268294 -0.883
  endloop
 endfacet
 facet normal -0.884547 0.459528 0.0800648
  outer loop
   vertex -0.0423087 -0.0356516 -1.008
   vertex -0.0503687 -0.0511664 -1.008
   vertex -0.0264111 -0.0268294 -0.883
  endloop
 endfacet
 facet normal -0.883666 0.46131 0.079549
  outer loop
   vertex -0.0264111 -0.0268294 -0.883
   vertex -0.0503687 -0.0511664 -1.008
   vertex -0.0306531 -0.0349552 -0.883
  endloop
 endfacet
 facet normal -0.883666 0.461309 0.0795491
  outer loop
   vertex -0.0503687 -0.0511664 -1.008
   vertex -0.0584587 -0.0666632 -1.008
   vertex -0.0306531 -0.0349552 -0.883
  endloop
 endfacet
 facet normal -0.885405 0.457737 0.080842
  outer loop
   vertex -0.0306531 -0.0349552 -0.883
   vertex -0.0584587 -0.0666632 -1.008
   vertex -0.0348638 -0.0430999 -0.883
  endloop
 endfacet
 facet normal -0.885405 0.457737 0.0808421
  outer loop
   vertex -0.0584587 -0.0666632 -1.008
   vertex -0.0664888 -0.082196 -1.008
   vertex -0.0348638 -0.0430999 -0.883
  endloop
 endfacet
 facet normal -0.886259 0.455943 0.0816192
  outer loop
   vertex -0.0348638 -0.0430999 -0.883
   vertex -0.0664888 -0.082196 -1.008
   vertex -0.0390587 -0.051254 -0.883
  endloop
 endfacet
 facet normal -0.886258 0.455944 0.0816189
  outer loop
   vertex -0.0664888 -0.082196 -1.008
   vertex -0.0744891 -0.0977467 -1.008
   vertex -0.0390587 -0.051254 -0.883
  endloop
 endfacet
 facet normal -0.887933 0.452343 0.0834326
  outer loop
   vertex -0.0390587 -0.051254 -0.883
   vertex -0.0744891 -0.0977467 -1.008
   vertex -0.0432223 -0.059427 -0.883
  endloop
 endfacet
 facet normal -0.887933 0.452343 0.0834326
  outer loop
   vertex -0.0744891 -0.0977467 -1.008
   vertex -0.0824294 -0.113333 -1.008
   vertex -0.0432223 -0.059427 -0.883
  endloop
 endfacet
 facet normal -0.89038 0.446916 0.0865407
  outer loop
   vertex -0.0432223 -0.059427 -0.883
   vertex -0.0824294 -0.113333 -1.008
   vertex -0.0473388 -0.0676282 -0.883
  endloop
 endfacet
 facet normal -0.89038 0.446917 0.0865404
  outer loop
   vertex -0.0824294 -0.113333 -1.008
   vertex -0.0902801 -0.128974 -1.008
   vertex -0.0473388 -0.0676282 -0.883
  endloop
 endfacet
 facet normal -0.893532 0.439642 0.0911935
  outer loop
   vertex -0.0473388 -0.0676282 -0.883
   vertex -0.0902801 -0.128974 -1.008
   vertex -0.0513926 -0.0758672 -0.883
  endloop
 endfacet
 facet normal -0.893532 0.439642 0.0911933
  outer loop
   vertex -0.0902801 -0.128974 -1.008
   vertex -0.0980111 -0.144687 -1.008
   vertex -0.0513926 -0.0758672 -0.883
  endloop
 endfacet
 facet normal -0.895055 0.435986 0.0937742
  outer loop
   vertex -0.0513926 -0.0758672 -0.883
   vertex -0.0980111 -0.144687 -1.008
   vertex -0.055415 -0.0841249 -0.883
  endloop
 endfacet
 facet normal -0.895055 0.435984 0.0937754
  outer loop
   vertex -0.0980111 -0.144687 -1.008
   vertex -0.105682 -0.160435 -1.008
   vertex -0.055415 -0.0841249 -0.883
  endloop
 endfacet
 facet normal -0.896534 0.432312 0.0966115
  outer loop
   vertex -0.055415 -0.0841249 -0.883
   vertex -0.105682 -0.160435 -1.008
   vertex -0.0594061 -0.0924016 -0.883
  endloop
 endfacet
 facet normal -0.896534 0.432312 0.0966116
  outer loop
   vertex -0.105682 -0.160435 -1.008
   vertex -0.113293 -0.176219 -1.008
   vertex -0.0594061 -0.0924016 -0.883
  endloop
 endfacet
 facet normal -0.897966 0.428622 0.0997036
  outer loop
   vertex -0.0594061 -0.0924016 -0.883
   vertex -0.113293 -0.176219 -1.008
   vertex -0.0633657 -0.100697 -0.883
  endloop
 endfacet
 facet normal -0.897965 0.428623 0.0997027
  outer loop
   vertex -0.113293 -0.176219 -1.008
   vertex -0.120845 -0.19204 -1.008
   vertex -0.0633657 -0.100697 -0.883
  endloop
 endfacet
 facet normal -0.936268 0.246015 0.250755
  outer loop
   vertex -0.0633657 -0.100697 -0.883
   vertex -0.120845 -0.19204 -1.008
   vertex -0.0657881 -0.109916 -0.883
  endloop
 endfacet
 facet normal -0.936269 0.246013 0.250756
  outer loop
   vertex -0.120845 -0.19204 -1.008
   vertex -0.125465 -0.209622 -1.008
   vertex -0.0657881 -0.109916 -0.883
  endloop
 endfacet
 facet normal 0.581113 0.709534 0.398583
  outer loop
   vertex 0.0539245 0.0897454 -1.008
   vertex 0.0585906 0.0859238 -1.008
   vertex 0.0865682 0.203448 -1.258
  endloop
 endfacet
 facet normal 0.47296 0.775815 0.417638
  outer loop
   vertex 0.0865682 0.203448 -1.258
   vertex 0.0585906 0.0859238 -1.008
   vertex 0.0974434 0.196818 -1.258
  endloop
 endfacet
 facet normal 0.72677 0.578883 0.369728
  outer loop
   vertex 0.0585906 0.0859238 -1.008
   vertex 0.0601455 0.0839716 -1.008
   vertex 0.0974434 0.196818 -1.258
  endloop
 endfacet
 facet normal 0.632502 0.666219 0.395086
  outer loop
   vertex 0.0974434 0.196818 -1.258
   vertex 0.0601455 0.0839716 -1.008
   vertex 0.101266 0.19319 -1.258
  endloop
 endfacet
 facet normal 0.813413 0.471984 0.339987
  outer loop
   vertex 0.0601455 0.0839716 -1.008
   vertex 0.0628659 0.0792834 -1.008
   vertex 0.101266 0.19319 -1.258
  endloop
 endfacet
 facet normal 0.730426 0.572207 0.372904
  outer loop
   vertex 0.101266 0.19319 -1.258
   vertex 0.0628659 0.0792834 -1.008
   vertex 0.108324 0.184179 -1.258
  endloop
 endfacet
 facet normal 0.902142 0.314061 0.295814
  outer loop
   vertex 0.0628659 0.0792834 -1.008
   vertex 0.0651063 0.0728478 -1.008
   vertex 0.108324 0.184179 -1.258
  endloop
 endfacet
 facet normal 0.838054 0.429675 0.336221
  outer loop
   vertex 0.108324 0.184179 -1.258
   vertex 0.0651063 0.0728478 -1.008
   vertex 0.11489 0.171374 -1.258
  endloop
 endfacet
 facet normal 0.957266 0.147516 0.248761
  outer loop
   vertex 0.0651063 0.0728478 -1.008
   vertex 0.0668349 0.0616303 -1.008
   vertex 0.11489 0.171374 -1.258
  endloop
 endfacet
 facet normal 0.914738 0.274615 0.296379
  outer loop
   vertex 0.11489 0.171374 -1.258
   vertex 0.0668349 0.0616303 -1.008
   vertex 0.121781 0.148418 -1.258
  endloop
 endfacet
 facet normal 0.976302 0.00510558 0.21635
  outer loop
   vertex 0.0668349 0.0616303 -1.008
   vertex 0.0668883 0.0514193 -1.008
   vertex 0.121781 0.148418 -1.258
  endloop
 endfacet
 facet normal 0.954721 0.138424 0.263338
  outer loop
   vertex 0.121781 0.148418 -1.258
   vertex 0.0668883 0.0514193 -1.008
   vertex 0.124876 0.127077 -1.258
  endloop
 endfacet
 facet normal 0.976181 -0.0725751 0.204461
  outer loop
   vertex 0.0668883 0.0514193 -1.008
   vertex 0.0661639 0.0416757 -1.008
   vertex 0.124876 0.127077 -1.258
  endloop
 endfacet
 facet normal 0.966651 0.0624785 0.248358
  outer loop
   vertex 0.124876 0.127077 -1.258
   vertex 0.0661639 0.0416757 -1.008
   vertex 0.126206 0.106487 -1.258
  endloop
 endfacet
 facet normal 0.967245 -0.170433 0.188119
  outer loop
   vertex 0.0661639 0.0416757 -1.008
   vertex 0.0629202 0.023267 -1.008
   vertex 0.126206 0.106487 -1.258
  endloop
 endfacet
 facet normal 0.971523 -0.034661 0.234398
  outer loop
   vertex 0.126206 0.106487 -1.258
   vertex 0.0629202 0.023267 -1.008
   vertex 0.124799 0.0670391 -1.258
  endloop
 endfacet
 facet normal 0.948923 -0.25121 0.190889
  outer loop
   vertex 0.0629202 0.023267 -1.008
   vertex 0.0582705 0.00570304 -1.008
   vertex 0.124799 0.0670391 -1.258
  endloop
 endfacet
 facet normal 0.966515 -0.116582 0.2286
  outer loop
   vertex 0.124799 0.0670391 -1.258
   vertex 0.0582705 0.00570304 -1.008
   vertex 0.120204 0.0289469 -1.258
  endloop
 endfacet
 facet normal 0.927931 -0.314122 0.200676
  outer loop
   vertex 0.0582705 0.00570304 -1.008
   vertex 0.0525439 -0.0112138 -1.008
   vertex 0.120204 0.0289469 -1.258
  endloop
 endfacet
 facet normal 0.956194 -0.181573 0.229618
  outer loop
   vertex 0.120204 0.0289469 -1.258
   vertex 0.0525439 -0.0112138 -1.008
   vertex 0.113168 -0.00810642 -1.258
  endloop
 endfacet
 facet normal 0.900535 -0.378657 0.213671
  outer loop
   vertex 0.0525439 -0.0112138 -1.008
   vertex 0.0457103 -0.0274655 -1.008
   vertex 0.113168 -0.00810642 -1.258
  endloop
 endfacet
 facet normal 0.93968 -0.249253 0.234254
  outer loop
   vertex 0.113168 -0.00810642 -1.258
   vertex 0.0457103 -0.0274655 -1.008
   vertex 0.103623 -0.0440921 -1.258
  endloop
 endfacet
 facet normal 0.865371 -0.445197 0.230072
  outer loop
   vertex 0.0457103 -0.0274655 -1.008
   vertex 0.0377101 -0.0430163 -1.008
   vertex 0.103623 -0.0440921 -1.258
  endloop
 endfacet
 facet normal 0.915704 -0.320207 0.242804
  outer loop
   vertex 0.103623 -0.0440921 -1.258
   vertex 0.0377101 -0.0430163 -1.008
   vertex 0.0914328 -0.0789524 -1.258
  endloop
 endfacet
 facet normal 0.830943 -0.497022 0.250006
  outer loop
   vertex 0.0377101 -0.0430163 -1.008
   vertex 0.0287526 -0.0579918 -1.008
   vertex 0.0914328 -0.0789524 -1.258
  endloop
 endfacet
 facet normal 0.890531 -0.376824 0.254868
  outer loop
   vertex 0.0914328 -0.0789524 -1.258
   vertex 0.0287526 -0.0579918 -1.008
   vertex 0.0770726 -0.112889 -1.258
  endloop
 endfacet
 facet normal 0.795716 -0.540874 0.272566
  outer loop
   vertex 0.0287526 -0.0579918 -1.008
   vertex 0.0189276 -0.0724461 -1.008
   vertex 0.0770726 -0.112889 -1.258
  endloop
 endfacet
 facet normal 0.863584 -0.42597 0.269763
  outer loop
   vertex 0.0770726 -0.112889 -1.258
   vertex 0.0189276 -0.0724461 -1.008
   vertex 0.0607457 -0.145989 -1.258
  endloop
 endfacet
 facet normal 0.762152 -0.575382 0.296749
  outer loop
   vertex 0.0189276 -0.0724461 -1.008
   vertex 0.00835466 -0.086451 -1.008
   vertex 0.0607457 -0.145989 -1.258
  endloop
 endfacet
 facet normal 0.837161 -0.465972 0.286412
  outer loop
   vertex 0.0607457 -0.145989 -1.258
   vertex 0.00835466 -0.086451 -1.008
   vertex 0.0427234 -0.178368 -1.258
  endloop
 endfacet
 facet normal 0.730219 -0.602603 0.321945
  outer loop
   vertex 0.00835466 -0.086451 -1.008
   vertex -0.00287639 -0.100061 -1.008
   vertex 0.0427234 -0.178368 -1.258
  endloop
 endfacet
 facet normal 0.811508 -0.498868 0.304279
  outer loop
   vertex 0.0427234 -0.178368 -1.258
   vertex -0.00287639 -0.100061 -1.008
   vertex 0.0232092 -0.210112 -1.258
  endloop
 endfacet
 facet normal 0.696742 -0.626887 0.348659
  outer loop
   vertex -0.00287639 -0.100061 -1.008
   vertex -0.0147656 -0.113274 -1.008
   vertex 0.0232092 -0.210112 -1.258
  endloop
 endfacet
 facet normal 0.784006 -0.529396 0.324151
  outer loop
   vertex 0.0232092 -0.210112 -1.258
   vertex -0.0147656 -0.113274 -1.008
   vertex 0.00220298 -0.241221 -1.258
  endloop
 endfacet
 facet normal 0.666116 -0.644644 0.375131
  outer loop
   vertex -0.0147656 -0.113274 -1.008
   vertex -0.0272231 -0.126147 -1.008
   vertex 0.00220298 -0.241221 -1.258
  endloop
 endfacet
 facet normal 0.758564 -0.553389 0.344009
  outer loop
   vertex 0.00220298 -0.241221 -1.258
   vertex -0.0272231 -0.126147 -1.008
   vertex -0.0200917 -0.271782 -1.258
  endloop
 endfacet
 facet normal 0.637459 -0.657711 0.401325
  outer loop
   vertex -0.0272231 -0.126147 -1.008
   vertex -0.0401893 -0.138714 -1.008
   vertex -0.0200917 -0.271782 -1.258
  endloop
 endfacet
 facet normal 0.734523 -0.572754 0.363908
  outer loop
   vertex -0.0200917 -0.271782 -1.258
   vertex -0.0401893 -0.138714 -1.008
   vertex -0.0435393 -0.301852 -1.258
  endloop
 endfacet
 facet normal 0.616782 -0.662955 0.424347
  outer loop
   vertex -0.0401893 -0.138714 -1.008
   vertex -0.0534845 -0.151083 -1.008
   vertex -0.0435393 -0.301852 -1.258
  endloop
 endfacet
 facet normal 0.717533 -0.583464 0.380416
  outer loop
   vertex -0.0435393 -0.301852 -1.258
   vertex -0.0534845 -0.151083 -1.008
   vertex -0.0677328 -0.331604 -1.258
  endloop
 endfacet
 facet normal 0.595765 -0.666879 0.447589
  outer loop
   vertex -0.0534845 -0.151083 -1.008
   vertex -0.0671087 -0.163254 -1.008
   vertex -0.0677328 -0.331604 -1.258
  endloop
 endfacet
 facet normal 0.700047 -0.593126 0.397663
  outer loop
   vertex -0.0677328 -0.331604 -1.258
   vertex -0.0671087 -0.163254 -1.008
   vertex -0.0926724 -0.36104 -1.258
  endloop
 endfacet
 facet normal 0.578886 -0.667247 0.468692
  outer loop
   vertex -0.0671087 -0.163254 -1.008
   vertex -0.0809723 -0.175282 -1.008
   vertex -0.0926724 -0.36104 -1.258
  endloop
 endfacet
 facet normal 0.686293 -0.598817 0.41282
  outer loop
   vertex -0.0926724 -0.36104 -1.258
   vertex -0.0809723 -0.175282 -1.008
   vertex -0.118154 -0.390244 -1.258
  endloop
 endfacet
 facet normal 0.563304 -0.666059 0.488931
  outer loop
   vertex -0.0809723 -0.175282 -1.008
   vertex -0.0950453 -0.187184 -1.008
   vertex -0.118154 -0.390244 -1.258
  endloop
 endfacet
 facet normal 0.67365 -0.602906 0.427435
  outer loop
   vertex -0.118154 -0.390244 -1.258
   vertex -0.0950453 -0.187184 -1.008
   vertex -0.144111 -0.419247 -1.258
  endloop
 endfacet
 facet normal 0.55208 -0.662343 0.506467
  outer loop
   vertex -0.0950453 -0.187184 -1.008
   vertex -0.109238 -0.199014 -1.008
   vertex -0.144111 -0.419247 -1.258
  endloop
 endfacet
 facet normal 0.665127 -0.603901 0.439214
  outer loop
   vertex -0.144111 -0.419247 -1.258
   vertex -0.109238 -0.199014 -1.008
   vertex -0.170339 -0.448134 -1.258
  endloop
 endfacet
 facet normal 0.448187 -0.685604 0.573651
  outer loop
   vertex -0.109238 -0.199014 -1.008
   vertex -0.125465 -0.209622 -1.008
   vertex -0.170339 -0.448134 -1.258
  endloop
 endfacet
 facet normal 0.563796 -0.645769 0.514895
  outer loop
   vertex -0.170339 -0.448134 -1.258
   vertex -0.125465 -0.209622 -1.008
   vertex -0.201179 -0.475059 -1.258
  endloop
 endfacet
 facet normal 0.301998 0.852297 0.427068
  outer loop
   vertex 0.0539245 0.0897454 -1.008
   vertex 0.0865682 0.203448 -1.258
   vertex 0.0497955 0.0912084 -1.008
  endloop
 endfacet
 facet normal 0.181424 0.886891 0.424864
  outer loop
   vertex 0.0865682 0.203448 -1.258
   vertex 0.0775054 0.205302 -1.258
   vertex 0.0497955 0.0912084 -1.008
  endloop
 endfacet
 facet normal 0.0308429 0.90801 0.417811
  outer loop
   vertex 0.0497955 0.0912084 -1.008
   vertex 0.0775054 0.205302 -1.258
   vertex 0.048 0.0912694 -1.008
  endloop
 endfacet
 facet normal -0.0957116 0.909862 0.40372
  outer loop
   vertex 0.0775054 0.205302 -1.258
   vertex 0.0737323 0.204905 -1.258
   vertex 0.048 0.0912694 -1.008
  endloop
 endfacet
 facet normal -0.188238 0.901248 0.390281
  outer loop
   vertex 0.048 0.0912694 -1.008
   vertex 0.0737323 0.204905 -1.258
   vertex 0.0442288 0.0904818 -1.008
  endloop
 endfacet
 facet normal -0.314688 0.876596 0.364075
  outer loop
   vertex 0.0737323 0.204905 -1.258
   vertex 0.066075 0.202156 -1.258
   vertex 0.0442288 0.0904818 -1.008
  endloop
 endfacet
 facet normal -0.407964 0.846355 0.342415
  outer loop
   vertex 0.0442288 0.0904818 -1.008
   vertex 0.066075 0.202156 -1.258
   vertex 0.0395289 0.0882163 -1.008
  endloop
 endfacet
 facet normal -0.528189 0.792431 0.305073
  outer loop
   vertex 0.066075 0.202156 -1.258
   vertex 0.0569071 0.196046 -1.258
   vertex 0.0395289 0.0882163 -1.008
  endloop
 endfacet
 facet normal -0.559277 0.774627 0.295233
  outer loop
   vertex 0.0395289 0.0882163 -1.008
   vertex 0.0569071 0.196046 -1.258
   vertex 0.0318342 0.0826608 -1.008
  endloop
 endfacet
 facet normal -0.66993 0.699108 0.249884
  outer loop
   vertex 0.0569071 0.196046 -1.258
   vertex 0.0424368 0.182179 -1.258
   vertex 0.0318342 0.0826608 -1.008
  endloop
 endfacet
 facet normal -0.6839 0.687348 0.24461
  outer loop
   vertex 0.0318342 0.0826608 -1.008
   vertex 0.0424368 0.182179 -1.258
   vertex 0.0254559 0.0763144 -1.008
  endloop
 endfacet
 facet normal -0.78084 0.592561 0.197888
  outer loop
   vertex 0.0424368 0.182179 -1.258
   vertex 0.0309503 0.167043 -1.258
   vertex 0.0254559 0.0763144 -1.008
  endloop
 endfacet
 facet normal -0.74237 0.634865 0.214086
  outer loop
   vertex 0.0254559 0.0763144 -1.008
   vertex 0.0309503 0.167043 -1.258
   vertex 0.0197057 0.0695906 -1.008
  endloop
 endfacet
 facet normal -0.830378 0.530777 0.169553
  outer loop
   vertex 0.0309503 0.167043 -1.258
   vertex 0.020888 0.151301 -1.258
   vertex 0.0197057 0.0695906 -1.008
  endloop
 endfacet
 facet normal -0.788583 0.585592 0.187666
  outer loop
   vertex 0.0197057 0.0695906 -1.008
   vertex 0.020888 0.151301 -1.258
   vertex 0.00925248 0.0555138 -1.008
  endloop
 endfacet
 facet normal -0.868771 0.474596 0.141406
  outer loop
   vertex 0.020888 0.151301 -1.258
   vertex 0.00313701 0.118807 -1.258
   vertex 0.00925248 0.0555138 -1.008
  endloop
 endfacet
 facet normal -0.823203 0.545266 0.158183
  outer loop
   vertex 0.00925248 0.0555138 -1.008
   vertex 0.00313701 0.118807 -1.258
   vertex -0.000393066 0.0409517 -1.008
  endloop
 endfacet
 facet normal -0.895459 0.428444 0.120782
  outer loop
   vertex 0.00313701 0.118807 -1.258
   vertex -0.012783 0.0855337 -1.258
   vertex -0.000393066 0.0409517 -1.008
  endloop
 endfacet
 facet normal -0.848486 0.512134 0.133379
  outer loop
   vertex -0.000393066 0.0409517 -1.008
   vertex -0.012783 0.0855337 -1.258
   vertex -0.0094104 0.0260121 -1.008
  endloop
 endfacet
 facet normal -0.914251 0.39118 0.105468
  outer loop
   vertex -0.012783 0.0855337 -1.258
   vertex -0.0272788 0.0516545 -1.258
   vertex -0.0094104 0.0260121 -1.008
  endloop
 endfacet
 facet normal -0.868714 0.482581 0.111588
  outer loop
   vertex -0.0094104 0.0260121 -1.008
   vertex -0.0272788 0.0516545 -1.258
   vertex -0.0178893 0.0107489 -1.008
  endloop
 endfacet
 facet normal -0.928846 0.358462 0.0935383
  outer loop
   vertex -0.0272788 0.0516545 -1.258
   vertex -0.040554 0.0172559 -1.258
   vertex -0.0178893 0.0107489 -1.008
  endloop
 endfacet
 facet normal -0.879024 0.467844 0.0918684
  outer loop
   vertex -0.0178893 0.0107489 -1.008
   vertex -0.040554 0.0172559 -1.258
   vertex -0.0260989 -0.00467597 -1.008
  endloop
 endfacet
 facet normal -0.935925 0.342006 0.084119
  outer loop
   vertex -0.040554 0.0172559 -1.258
   vertex -0.0532188 -0.0174024 -1.258
   vertex -0.0260989 -0.00467597 -1.008
  endloop
 endfacet
 facet normal -0.884148 0.461561 0.0724162
  outer loop
   vertex -0.0260989 -0.00467597 -1.008
   vertex -0.0532188 -0.0174024 -1.258
   vertex -0.0341888 -0.0201728 -1.008
  endloop
 endfacet
 facet normal -0.939294 0.33477 0.0752088
  outer loop
   vertex -0.0532188 -0.0174024 -1.258
   vertex -0.0656124 -0.0521761 -1.258
   vertex -0.0341888 -0.0201728 -1.008
  endloop
 endfacet
 facet normal -0.884364 0.463919 0.0517717
  outer loop
   vertex -0.0341888 -0.0201728 -1.008
   vertex -0.0656124 -0.0521761 -1.258
   vertex -0.0423087 -0.0356516 -1.008
  endloop
 endfacet
 facet normal -0.939282 0.336877 0.0652881
  outer loop
   vertex -0.0656124 -0.0521761 -1.258
   vertex -0.0780737 -0.0869209 -1.258
   vertex -0.0423087 -0.0356516 -1.008
  endloop
 endfacet
 facet normal -0.88693 0.460766 0.0323917
  outer loop
   vertex -0.0423087 -0.0356516 -1.008
   vertex -0.0780737 -0.0869209 -1.258
   vertex -0.0503687 -0.0511664 -1.008
  endloop
 endfacet
 facet normal -0.941116 0.333307 0.0566256
  outer loop
   vertex -0.0780737 -0.0869209 -1.258
   vertex -0.0903995 -0.121724 -1.258
   vertex -0.0503687 -0.0511664 -1.008
  endloop
 endfacet
 facet normal -0.886418 0.462746 0.0113358
  outer loop
   vertex -0.0503687 -0.0511664 -1.008
   vertex -0.0903995 -0.121724 -1.258
   vertex -0.0584587 -0.0666632 -1.008
  endloop
 endfacet
 facet normal -0.940949 0.335359 0.0463588
  outer loop
   vertex -0.0903995 -0.121724 -1.258
   vertex -0.102793 -0.156497 -1.258
   vertex -0.0584587 -0.0666632 -1.008
  endloop
 endfacet
 facet normal -0.888287 0.459227 -0.00749032
  outer loop
   vertex -0.0584587 -0.0666632 -1.008
   vertex -0.102793 -0.156497 -1.258
   vertex -0.0664888 -0.082196 -1.008
  endloop
 endfacet
 facet normal -0.942599 0.331723 0.0382914
  outer loop
   vertex -0.102793 -0.156497 -1.258
   vertex -0.115051 -0.191329 -1.258
   vertex -0.0664888 -0.082196 -1.008
  endloop
 endfacet
 facet normal -0.888902 0.457304 -0.0269589
  outer loop
   vertex -0.0664888 -0.082196 -1.008
   vertex -0.115051 -0.191329 -1.258
   vertex -0.0744891 -0.0977467 -1.008
  endloop
 endfacet
 facet normal -0.943538 0.329941 0.0295811
  outer loop
   vertex -0.115051 -0.191329 -1.258
   vertex -0.127241 -0.226189 -1.258
   vertex -0.0744891 -0.0977467 -1.008
  endloop
 endfacet
 facet normal -0.890131 0.453463 -0.0451502
  outer loop
   vertex -0.0744891 -0.0977467 -1.008
   vertex -0.127241 -0.226189 -1.258
   vertex -0.0824294 -0.113333 -1.008
  endloop
 endfacet
 facet normal -0.945027 0.326245 0.0221189
  outer loop
   vertex -0.127241 -0.226189 -1.258
   vertex -0.139296 -0.261107 -1.258
   vertex -0.0824294 -0.113333 -1.008
  endloop
 endfacet
 facet normal -0.892027 0.447744 -0.061754
  outer loop
   vertex -0.0824294 -0.113333 -1.008
   vertex -0.139296 -0.261107 -1.258
   vertex -0.0902801 -0.128974 -1.008
  endloop
 endfacet
 facet normal -0.947064 0.320635 0.0162176
  outer loop
   vertex -0.139296 -0.261107 -1.258
   vertex -0.151147 -0.296111 -1.258
   vertex -0.0902801 -0.128974 -1.008
  endloop
 endfacet
 facet normal -0.894643 0.440189 -0.0764729
  outer loop
   vertex -0.0902801 -0.128974 -1.008
   vertex -0.151147 -0.296111 -1.258
   vertex -0.0980111 -0.144687 -1.008
  endloop
 endfacet
 facet normal -0.949638 0.313113 0.0121858
  outer loop
   vertex -0.151147 -0.296111 -1.258
   vertex -0.162726 -0.331231 -1.258
   vertex -0.0980111 -0.144687 -1.008
  endloop
 endfacet
 facet normal -0.895068 0.43599 -0.0936288
  outer loop
   vertex -0.0980111 -0.144687 -1.008
   vertex -0.162726 -0.331231 -1.258
   vertex -0.105682 -0.160435 -1.008
  endloop
 endfacet
 facet normal -0.950928 0.309361 0.00562844
  outer loop
   vertex -0.162726 -0.331231 -1.258
   vertex -0.17417 -0.366409 -1.258
   vertex -0.105682 -0.160435 -1.008
  endloop
 endfacet
 facet normal -0.89524 0.431688 -0.110412
  outer loop
   vertex -0.105682 -0.160435 -1.008
   vertex -0.17417 -0.366409 -1.258
   vertex -0.113293 -0.176219 -1.008
  endloop
 endfacet
 facet normal -0.952163 0.305589 -0.00061998
  outer loop
   vertex -0.17417 -0.366409 -1.258
   vertex -0.185479 -0.401644 -1.258
   vertex -0.113293 -0.176219 -1.008
  endloop
 endfacet
 facet normal -0.895176 0.427291 -0.126814
  outer loop
   vertex -0.113293 -0.176219 -1.008
   vertex -0.185479 -0.401644 -1.258
   vertex -0.120845 -0.19204 -1.008
  endloop
 endfacet
 facet normal -0.953348 0.301803 -0.0065626
  outer loop
   vertex -0.185479 -0.401644 -1.258
   vertex -0.196652 -0.436938 -1.258
   vertex -0.120845 -0.19204 -1.008
  endloop
 endfacet
 facet normal -0.966221 0.253883 0.0442828
  outer loop
   vertex -0.120845 -0.19204 -1.008
   vertex -0.196652 -0.436938 -1.258
   vertex -0.125465 -0.209622 -1.008
  endloop
 endfacet
 facet normal -0.978068 0.116146 0.172895
  outer loop
   vertex -0.196652 -0.436938 -1.258
   vertex -0.201179 -0.475059 -1.258
   vertex -0.125465 -0.209622 -1.008
  endloop
 endfacet
 facet normal 0.519956 0.852904 -0.0469158
  outer loop
   vertex 0.0865682 0.203448 -1.258
   vertex 0.0974434 0.196818 -1.258
   vertex 0.0624174 0.203649 -1.522
  endloop
 endfacet
 facet normal 0.42803 0.903147 -0.0334196
  outer loop
   vertex 0.0624174 0.203649 -1.522
   vertex 0.0974434 0.196818 -1.258
   vertex 0.0735052 0.198395 -1.522
  endloop
 endfacet
 facet normal 0.687358 0.723999 -0.0580037
  outer loop
   vertex 0.0974434 0.196818 -1.258
   vertex 0.101266 0.19319 -1.258
   vertex 0.0735052 0.198395 -1.522
  endloop
 endfacet
 facet normal 0.608074 0.792409 -0.048318
  outer loop
   vertex 0.0735052 0.198395 -1.522
   vertex 0.101266 0.19319 -1.258
   vertex 0.0775333 0.195303 -1.522
  endloop
 endfacet
 facet normal 0.785507 0.615356 -0.0656861
  outer loop
   vertex 0.101266 0.19319 -1.258
   vertex 0.108324 0.184179 -1.258
   vertex 0.0775333 0.195303 -1.522
  endloop
 endfacet
 facet normal 0.717255 0.694686 -0.0543828
  outer loop
   vertex 0.0775333 0.195303 -1.522
   vertex 0.108324 0.184179 -1.258
   vertex 0.0852049 0.187383 -1.522
  endloop
 endfacet
 facet normal 0.887536 0.455045 -0.072203
  outer loop
   vertex 0.108324 0.184179 -1.258
   vertex 0.11489 0.171374 -1.258
   vertex 0.0852049 0.187383 -1.522
  endloop
 endfacet
 facet normal 0.835646 0.545886 -0.0608597
  outer loop
   vertex 0.0852049 0.187383 -1.522
   vertex 0.11489 0.171374 -1.258
   vertex 0.0927867 0.175776 -1.522
  endloop
 endfacet
 facet normal 0.95506 0.28672 -0.0751797
  outer loop
   vertex 0.11489 0.171374 -1.258
   vertex 0.121781 0.148418 -1.258
   vertex 0.0927867 0.175776 -1.522
  endloop
 endfacet
 facet normal 0.920674 0.385511 -0.0611652
  outer loop
   vertex 0.0927867 0.175776 -1.522
   vertex 0.121781 0.148418 -1.258
   vertex 0.101705 0.154478 -1.522
  endloop
 endfacet
 facet normal 0.987099 0.143119 -0.0717811
  outer loop
   vertex 0.121781 0.148418 -1.258
   vertex 0.124876 0.127077 -1.258
   vertex 0.101705 0.154478 -1.522
  endloop
 endfacet
 facet normal 0.967479 0.245881 -0.0593934
  outer loop
   vertex 0.101705 0.154478 -1.522
   vertex 0.124876 0.127077 -1.258
   vertex 0.106822 0.134345 -1.522
  endloop
 endfacet
 facet normal 0.995721 0.0643574 -0.0663217
  outer loop
   vertex 0.124876 0.127077 -1.258
   vertex 0.126206 0.106487 -1.258
   vertex 0.106822 0.134345 -1.522
  endloop
 endfacet
 facet normal 0.984215 0.168377 -0.0545008
  outer loop
   vertex 0.106822 0.134345 -1.522
   vertex 0.126206 0.106487 -1.258
   vertex 0.110174 0.114752 -1.522
  endloop
 endfacet
 facet normal 0.997461 -0.0355864 -0.0616906
  outer loop
   vertex 0.126206 0.106487 -1.258
   vertex 0.124799 0.0670391 -1.258
   vertex 0.110174 0.114752 -1.522
  endloop
 endfacet
 facet normal 0.996693 0.0691159 -0.042725
  outer loop
   vertex 0.110174 0.114752 -1.522
   vertex 0.124799 0.0670391 -1.258
   vertex 0.112804 0.0768161 -1.522
  endloop
 endfacet
 facet normal 0.991588 -0.119606 -0.0494822
  outer loop
   vertex 0.124799 0.0670391 -1.258
   vertex 0.120204 0.0289469 -1.258
   vertex 0.112804 0.0768161 -1.522
  endloop
 endfacet
 facet normal 0.999412 -0.0151378 -0.0307591
  outer loop
   vertex 0.112804 0.0768161 -1.522
   vertex 0.120204 0.0289469 -1.258
   vertex 0.112244 0.0398577 -1.522
  endloop
 endfacet
 facet normal 0.98176 -0.186427 -0.037306
  outer loop
   vertex 0.120204 0.0289469 -1.258
   vertex 0.113168 -0.00810642 -1.258
   vertex 0.112244 0.0398577 -1.522
  endloop
 endfacet
 facet normal 0.996406 -0.0826554 -0.0185037
  outer loop
   vertex 0.112244 0.0398577 -1.522
   vertex 0.113168 -0.00810642 -1.258
   vertex 0.109241 0.00364834 -1.522
  endloop
 endfacet
 facet normal 0.966253 -0.256301 -0.0257868
  outer loop
   vertex 0.113168 -0.00810642 -1.258
   vertex 0.103623 -0.0440921 -1.258
   vertex 0.109241 0.00364834 -1.522
  endloop
 endfacet
 facet normal 0.988083 -0.153771 -0.00678117
  outer loop
   vertex 0.109241 0.00364834 -1.522
   vertex 0.103623 -0.0440921 -1.258
   vertex 0.103725 -0.0317912 -1.522
  endloop
 endfacet
 facet normal 0.943845 -0.330047 -0.0150118
  outer loop
   vertex 0.103623 -0.0440921 -1.258
   vertex 0.0914328 -0.0789524 -1.258
   vertex 0.103725 -0.0317912 -1.522
  endloop
 endfacet
 facet normal 0.973314 -0.229435 0.00433388
  outer loop
   vertex 0.103725 -0.0317912 -1.522
   vertex 0.0914328 -0.0789524 -1.258
   vertex 0.0955627 -0.0664194 -1.522
  endloop
 endfacet
 facet normal 0.920937 -0.38969 -0.00409333
  outer loop
   vertex 0.0914328 -0.0789524 -1.258
   vertex 0.0770726 -0.112889 -1.258
   vertex 0.0955627 -0.0664194 -1.522
  endloop
 endfacet
 facet normal 0.956566 -0.29109 0.0157579
  outer loop
   vertex 0.0955627 -0.0664194 -1.522
   vertex 0.0770726 -0.112889 -1.258
   vertex 0.0852277 -0.100382 -1.522
  endloop
 endfacet
 facet normal 0.896812 -0.44236 0.00674541
  outer loop
   vertex 0.0770726 -0.112889 -1.258
   vertex 0.0607457 -0.145989 -1.258
   vertex 0.0852277 -0.100382 -1.522
  endloop
 endfacet
 facet normal 0.937873 -0.345911 0.0272153
  outer loop
   vertex 0.0852277 -0.100382 -1.522
   vertex 0.0607457 -0.145989 -1.258
   vertex 0.072924 -0.133741 -1.522
  endloop
 endfacet
 facet normal 0.873629 -0.48627 0.0177396
  outer loop
   vertex 0.0607457 -0.145989 -1.258
   vertex 0.0427234 -0.178368 -1.258
   vertex 0.072924 -0.133741 -1.522
  endloop
 endfacet
 facet normal 0.919188 -0.391892 0.0389053
  outer loop
   vertex 0.072924 -0.133741 -1.522
   vertex 0.0427234 -0.178368 -1.258
   vertex 0.0589233 -0.16658 -1.522
  endloop
 endfacet
 facet normal 0.851547 -0.523482 0.0288787
  outer loop
   vertex 0.0427234 -0.178368 -1.258
   vertex 0.0232092 -0.210112 -1.258
   vertex 0.0589233 -0.16658 -1.522
  endloop
 endfacet
 facet normal 0.900889 -0.431068 0.0507923
  outer loop
   vertex 0.0589233 -0.16658 -1.522
   vertex 0.0232092 -0.210112 -1.258
   vertex 0.0434292 -0.198961 -1.522
  endloop
 endfacet
 facet normal 0.828098 -0.559169 0.0398063
  outer loop
   vertex 0.0232092 -0.210112 -1.258
   vertex 0.00220298 -0.241221 -1.258
   vertex 0.0434292 -0.198961 -1.522
  endloop
 endfacet
 facet normal 0.881064 -0.468845 0.0625362
  outer loop
   vertex 0.0434292 -0.198961 -1.522
   vertex 0.00220298 -0.241221 -1.258
   vertex 0.0264417 -0.230884 -1.522
  endloop
 endfacet
 facet normal 0.806818 -0.588592 0.0510309
  outer loop
   vertex 0.00220298 -0.241221 -1.258
   vertex -0.0200917 -0.271782 -1.258
   vertex 0.0264417 -0.230884 -1.522
  endloop
 endfacet
 facet normal 0.862728 -0.500137 0.0745886
  outer loop
   vertex 0.0264417 -0.230884 -1.522
   vertex -0.0200917 -0.271782 -1.258
   vertex 0.00816432 -0.262412 -1.522
  endloop
 endfacet
 facet normal 0.787053 -0.613715 0.0624583
  outer loop
   vertex -0.0200917 -0.271782 -1.258
   vertex -0.0435393 -0.301852 -1.258
   vertex 0.00816432 -0.262412 -1.522
  endloop
 endfacet
 facet normal 0.845435 -0.526969 0.0868514
  outer loop
   vertex 0.00816432 -0.262412 -1.522
   vertex -0.0435393 -0.301852 -1.258
   vertex -0.011267 -0.293587 -1.522
  endloop
 endfacet
 facet normal 0.773688 -0.629126 0.0748826
  outer loop
   vertex -0.0435393 -0.301852 -1.258
   vertex -0.0677328 -0.331604 -1.258
   vertex -0.011267 -0.293587 -1.522
  endloop
 endfacet
 facet normal 0.833458 -0.543458 0.100003
  outer loop
   vertex -0.011267 -0.293587 -1.522
   vertex -0.0677328 -0.331604 -1.258
   vertex -0.0314451 -0.324532 -1.522
  endloop
 endfacet
 facet normal 0.76006 -0.643973 0.0872219
  outer loop
   vertex -0.0677328 -0.331604 -1.258
   vertex -0.0926724 -0.36104 -1.258
   vertex -0.0314451 -0.324532 -1.522
  endloop
 endfacet
 facet normal 0.821155 -0.559388 0.113088
  outer loop
   vertex -0.0314451 -0.324532 -1.522
   vertex -0.0926724 -0.36104 -1.258
   vertex -0.0523699 -0.355249 -1.522
  endloop
 endfacet
 facet normal 0.74971 -0.654151 0.100103
  outer loop
   vertex -0.0926724 -0.36104 -1.258
   vertex -0.118154 -0.390244 -1.258
   vertex -0.0523699 -0.355249 -1.522
  endloop
 endfacet
 facet normal 0.811604 -0.570318 0.126638
  outer loop
   vertex -0.0523699 -0.355249 -1.522
   vertex -0.118154 -0.390244 -1.258
   vertex -0.0738377 -0.385799 -1.522
  endloop
 endfacet
 facet normal 0.740366 -0.662616 0.113126
  outer loop
   vertex -0.118154 -0.390244 -1.258
   vertex -0.144111 -0.419247 -1.258
   vertex -0.0738377 -0.385799 -1.522
  endloop
 endfacet
 facet normal 0.802859 -0.579424 0.140301
  outer loop
   vertex -0.0738377 -0.385799 -1.522
   vertex -0.144111 -0.419247 -1.258
   vertex -0.0957808 -0.416204 -1.522
  endloop
 endfacet
 facet normal 0.734389 -0.666787 0.126759
  outer loop
   vertex -0.144111 -0.419247 -1.258
   vertex -0.170339 -0.448134 -1.258
   vertex -0.0957808 -0.416204 -1.522
  endloop
 endfacet
 facet normal 0.796991 -0.583906 0.154463
  outer loop
   vertex -0.0957808 -0.416204 -1.522
   vertex -0.170339 -0.448134 -1.258
   vertex -0.117995 -0.446525 -1.522
  endloop
 endfacet
 facet normal 0.652533 -0.747408 0.124825
  outer loop
   vertex -0.170339 -0.448134 -1.258
   vertex -0.201179 -0.475059 -1.258
   vertex -0.117995 -0.446525 -1.522
  endloop
 endfacet
 facet normal 0.72402 -0.672023 0.155497
  outer loop
   vertex -0.117995 -0.446525 -1.522
   vertex -0.201179 -0.475059 -1.258
   vertex -0.144826 -0.475432 -1.522
  endloop
 endfacet
 facet normal 0.200381 0.97956 -0.0175844
  outer loop
   vertex 0.0865682 0.203448 -1.258
   vertex 0.0624174 0.203649 -1.522
   vertex 0.0775054 0.205302 -1.258
  endloop
 endfacet
 facet normal 0.0967219 0.995242 -0.0117583
  outer loop
   vertex 0.0624174 0.203649 -1.522
   vertex 0.0535476 0.204511 -1.522
   vertex 0.0775054 0.205302 -1.258
  endloop
 endfacet
 facet normal -0.104614 0.994492 0.00651509
  outer loop
   vertex 0.0775054 0.205302 -1.258
   vertex 0.0535476 0.204511 -1.522
   vertex 0.0737323 0.204905 -1.258
  endloop
 endfacet
 facet normal -0.208137 0.977993 0.0144548
  outer loop
   vertex 0.0535476 0.204511 -1.522
   vertex 0.0499727 0.203751 -1.522
   vertex 0.0737323 0.204905 -1.258
  endloop
 endfacet
 facet normal -0.33776 0.940865 0.0262831
  outer loop
   vertex 0.0737323 0.204905 -1.258
   vertex 0.0499727 0.203751 -1.522
   vertex 0.066075 0.202156 -1.258
  endloop
 endfacet
 facet normal -0.434342 0.900182 0.0319283
  outer loop
   vertex 0.0499727 0.203751 -1.522
   vertex 0.0429137 0.200345 -1.522
   vertex 0.066075 0.202156 -1.258
  endloop
 endfacet
 facet normal -0.554117 0.831332 0.0429089
  outer loop
   vertex 0.066075 0.202156 -1.258
   vertex 0.0429137 0.200345 -1.522
   vertex 0.0569071 0.196046 -1.258
  endloop
 endfacet
 facet normal -0.638016 0.768628 0.0463349
  outer loop
   vertex 0.0429137 0.200345 -1.522
   vertex 0.0347466 0.193565 -1.522
   vertex 0.0569071 0.196046 -1.258
  endloop
 endfacet
 facet normal -0.690971 0.721065 0.0512268
  outer loop
   vertex 0.0569071 0.196046 -1.258
   vertex 0.0347466 0.193565 -1.522
   vertex 0.0424368 0.182179 -1.258
  endloop
 endfacet
 facet normal -0.762715 0.644797 0.0500272
  outer loop
   vertex 0.0347466 0.193565 -1.522
   vertex 0.0222817 0.178821 -1.522
   vertex 0.0424368 0.182179 -1.258
  endloop
 endfacet
 facet normal -0.795471 0.603665 0.0530512
  outer loop
   vertex 0.0424368 0.182179 -1.258
   vertex 0.0222817 0.178821 -1.522
   vertex 0.0309503 0.167043 -1.258
  endloop
 endfacet
 facet normal -0.854391 0.51711 0.0511244
  outer loop
   vertex 0.0222817 0.178821 -1.522
   vertex 0.0128036 0.163161 -1.522
   vertex 0.0309503 0.167043 -1.258
  endloop
 endfacet
 facet normal -0.841526 0.537904 0.0499344
  outer loop
   vertex 0.0309503 0.167043 -1.258
   vertex 0.0128036 0.163161 -1.522
   vertex 0.020888 0.151301 -1.258
  endloop
 endfacet
 facet normal -0.89333 0.446892 0.0474322
  outer loop
   vertex 0.0128036 0.163161 -1.522
   vertex 0.00475104 0.147064 -1.522
   vertex 0.020888 0.151301 -1.258
  endloop
 endfacet
 facet normal -0.876664 0.478908 0.0458997
  outer loop
   vertex 0.020888 0.151301 -1.258
   vertex 0.00475104 0.147064 -1.522
   vertex 0.00313701 0.118807 -1.258
  endloop
 endfacet
 facet normal -0.922378 0.38465 0.0355314
  outer loop
   vertex 0.00475104 0.147064 -1.522
   vertex -0.00897813 0.114142 -1.522
   vertex 0.00313701 0.118807 -1.258
  endloop
 endfacet
 facet normal -0.901549 0.431358 0.0337501
  outer loop
   vertex 0.00313701 0.118807 -1.258
   vertex -0.00897813 0.114142 -1.522
   vertex -0.012783 0.0855337 -1.258
  endloop
 endfacet
 facet normal -0.942052 0.334698 0.0226919
  outer loop
   vertex -0.00897813 0.114142 -1.522
   vertex -0.0208744 0.0806579 -1.522
   vertex -0.012783 0.0855337 -1.258
  endloop
 endfacet
 facet normal -0.919178 0.393288 0.0209087
  outer loop
   vertex -0.012783 0.0855337 -1.258
   vertex -0.0208744 0.0806579 -1.522
   vertex -0.0272788 0.0516545 -1.258
  endloop
 endfacet
 facet normal -0.955472 0.294938 0.0092235
  outer loop
   vertex -0.0208744 0.0806579 -1.522
   vertex -0.0313452 0.0467371 -1.522
   vertex -0.0272788 0.0516545 -1.258
  endloop
 endfacet
 facet normal -0.932909 0.36003 0.00766354
  outer loop
   vertex -0.0272788 0.0516545 -1.258
   vertex -0.0313452 0.0467371 -1.522
   vertex -0.040554 0.0172559 -1.258
  endloop
 endfacet
 facet normal -0.965496 0.260379 -0.00460134
  outer loop
   vertex -0.0313452 0.0467371 -1.522
   vertex -0.0405941 0.0124419 -1.522
   vertex -0.040554 0.0172559 -1.258
  endloop
 endfacet
 facet normal -0.939237 0.343216 -0.00611588
  outer loop
   vertex -0.040554 0.0172559 -1.258
   vertex -0.0405941 0.0124419 -1.522
   vertex -0.0532188 -0.0174024 -1.258
  endloop
 endfacet
 facet normal -0.969854 0.24295 -0.0189147
  outer loop
   vertex -0.0405941 0.0124419 -1.522
   vertex -0.049232 -0.0220407 -1.522
   vertex -0.0532188 -0.0174024 -1.258
  endloop
 endfacet
 facet normal -0.941771 0.335653 -0.0201193
  outer loop
   vertex -0.0532188 -0.0174024 -1.258
   vertex -0.049232 -0.0220407 -1.522
   vertex -0.0656124 -0.0521761 -1.258
  endloop
 endfacet
 facet normal -0.971391 0.235119 -0.0334331
  outer loop
   vertex -0.049232 -0.0220407 -1.522
   vertex -0.0575984 -0.0566064 -1.522
   vertex -0.0656124 -0.0521761 -1.258
  endloop
 endfacet
 facet normal -0.940739 0.3374 -0.034219
  outer loop
   vertex -0.0656124 -0.0521761 -1.258
   vertex -0.0575984 -0.0566064 -1.522
   vertex -0.0780737 -0.0869209 -1.258
  endloop
 endfacet
 facet normal -0.970342 0.236913 -0.0480536
  outer loop
   vertex -0.0575984 -0.0566064 -1.522
   vertex -0.0660327 -0.0911513 -1.522
   vertex -0.0780737 -0.0869209 -1.258
  endloop
 endfacet
 facet normal -0.941529 0.333453 -0.0482864
  outer loop
   vertex -0.0780737 -0.0869209 -1.258
   vertex -0.0660327 -0.0911513 -1.522
   vertex -0.0903995 -0.121724 -1.258
  endloop
 endfacet
 facet normal -0.970494 0.232855 -0.0626095
  outer loop
   vertex -0.0660327 -0.0911513 -1.522
   vertex -0.0743312 -0.125738 -1.522
   vertex -0.0903995 -0.121724 -1.258
  endloop
 endfacet
 facet normal -0.940131 0.335067 -0.0623158
  outer loop
   vertex -0.0903995 -0.121724 -1.258
   vertex -0.0743312 -0.125738 -1.522
   vertex -0.102793 -0.156497 -1.258
  endloop
 endfacet
 facet normal -0.969038 0.234549 -0.0771438
  outer loop
   vertex -0.0743312 -0.125738 -1.522
   vertex -0.0826976 -0.160304 -1.522
   vertex -0.102793 -0.156497 -1.258
  endloop
 endfacet
 facet normal -0.940537 0.330997 -0.0763649
  outer loop
   vertex -0.102793 -0.156497 -1.258
   vertex -0.0826976 -0.160304 -1.522
   vertex -0.115051 -0.191329 -1.258
  endloop
 endfacet
 facet normal -0.96877 0.230402 -0.0916469
  outer loop
   vertex -0.0826976 -0.160304 -1.522
   vertex -0.0909283 -0.194911 -1.522
   vertex -0.115051 -0.191329 -1.258
  endloop
 endfacet
 facet normal -0.94009 0.328735 -0.0903606
  outer loop
   vertex -0.115051 -0.191329 -1.258
   vertex -0.0909283 -0.194911 -1.522
   vertex -0.127241 -0.226189 -1.258
  endloop
 endfacet
 facet normal -0.96783 0.228143 -0.106094
  outer loop
   vertex -0.0909283 -0.194911 -1.522
   vertex -0.099091 -0.229539 -1.522
   vertex -0.127241 -0.226189 -1.258
  endloop
 endfacet
 facet normal -0.940096 0.324543 -0.10436
  outer loop
   vertex -0.127241 -0.226189 -1.258
   vertex -0.099091 -0.229539 -1.522
   vertex -0.139296 -0.261107 -1.258
  endloop
 endfacet
 facet normal -0.967129 0.223916 -0.120509
  outer loop
   vertex -0.099091 -0.229539 -1.522
   vertex -0.107118 -0.264209 -1.522
   vertex -0.139296 -0.261107 -1.258
  endloop
 endfacet
 facet normal -0.940529 0.318422 -0.118378
  outer loop
   vertex -0.139296 -0.261107 -1.258
   vertex -0.107118 -0.264209 -1.522
   vertex -0.151147 -0.296111 -1.258
  endloop
 endfacet
 facet normal -0.966641 0.217732 -0.1349
  outer loop
   vertex -0.107118 -0.264209 -1.522
   vertex -0.114941 -0.298941 -1.522
   vertex -0.151147 -0.296111 -1.258
  endloop
 endfacet
 facet normal -0.941344 0.310378 -0.132424
  outer loop
   vertex -0.151147 -0.296111 -1.258
   vertex -0.114941 -0.298941 -1.522
   vertex -0.162726 -0.331231 -1.258
  endloop
 endfacet
 facet normal -0.966325 0.209605 -0.149271
  outer loop
   vertex -0.114941 -0.298941 -1.522
   vertex -0.122493 -0.333757 -1.522
   vertex -0.162726 -0.331231 -1.258
  endloop
 endfacet
 facet normal -0.940713 0.306038 -0.14629
  outer loop
   vertex -0.162726 -0.331231 -1.258
   vertex -0.122493 -0.333757 -1.522
   vertex -0.17417 -0.366409 -1.258
  endloop
 endfacet
 facet normal -0.964946 0.2053 -0.163494
  outer loop
   vertex -0.122493 -0.333757 -1.522
   vertex -0.129909 -0.368614 -1.522
   vertex -0.17417 -0.366409 -1.258
  endloop
 endfacet
 facet normal -0.939882 0.301647 -0.160096
  outer loop
   vertex -0.17417 -0.366409 -1.258
   vertex -0.129909 -0.368614 -1.522
   vertex -0.185479 -0.401644 -1.258
  endloop
 endfacet
 facet normal -0.963358 0.200969 -0.177634
  outer loop
   vertex -0.129909 -0.368614 -1.522
   vertex -0.137189 -0.403512 -1.522
   vertex -0.185479 -0.401644 -1.258
  endloop
 endfacet
 facet normal -0.938853 0.297215 -0.173833
  outer loop
   vertex -0.185479 -0.401644 -1.258
   vertex -0.137189 -0.403512 -1.522
   vertex -0.196652 -0.436938 -1.258
  endloop
 endfacet
 facet normal -0.961561 0.196618 -0.191684
  outer loop
   vertex -0.137189 -0.403512 -1.522
   vertex -0.144334 -0.438452 -1.522
   vertex -0.196652 -0.436938 -1.258
  endloop
 endfacet
 facet normal -0.974211 0.115688 -0.193727
  outer loop
   vertex -0.196652 -0.436938 -1.258
   vertex -0.144334 -0.438452 -1.522
   vertex -0.201179 -0.475059 -1.258
  endloop
 endfacet
 facet normal -0.977882 0.0130079 -0.208755
  outer loop
   vertex -0.144334 -0.438452 -1.522
   vertex -0.144826 -0.475432 -1.522
   vertex -0.201179 -0.475059 -1.258
  endloop
 endfacet
 facet normal 0.42792 0.902914 -0.0403854
  outer loop
   vertex 0.0624174 0.203649 -1.522
   vertex 0.0735052 0.198395 -1.522
   vertex 0.044876 0.199618 -1.798
  endloop
 endfacet
 facet normal 0.357971 0.933149 -0.0329957
  outer loop
   vertex 0.044876 0.199618 -1.798
   vertex 0.0735052 0.198395 -1.522
   vertex 0.0558803 0.195396 -1.798
  endloop
 endfacet
 facet normal 0.6081 0.792442 -0.0474401
  outer loop
   vertex 0.0735052 0.198395 -1.522
   vertex 0.0775333 0.195303 -1.522
   vertex 0.0558803 0.195396 -1.798
  endloop
 endfacet
 facet normal 0.546076 0.836654 -0.0425593
  outer loop
   vertex 0.0558803 0.195396 -1.798
   vertex 0.0775333 0.195303 -1.522
   vertex 0.0599644 0.192731 -1.798
  endloop
 endfacet
 facet normal 0.717341 0.694769 -0.0521386
  outer loop
   vertex 0.0775333 0.195303 -1.522
   vertex 0.0852049 0.187383 -1.522
   vertex 0.0599644 0.192731 -1.798
  endloop
 endfacet
 facet normal 0.662513 0.747631 -0.0461002
  outer loop
   vertex 0.0599644 0.192731 -1.798
   vertex 0.0852049 0.187383 -1.522
   vertex 0.0678919 0.185706 -1.798
  endloop
 endfacet
 facet normal 0.835896 0.546049 -0.0557517
  outer loop
   vertex 0.0852049 0.187383 -1.522
   vertex 0.0927867 0.175776 -1.522
   vertex 0.0678919 0.185706 -1.798
  endloop
 endfacet
 facet normal 0.792119 0.608352 -0.0495616
  outer loop
   vertex 0.0678919 0.185706 -1.798
   vertex 0.0927867 0.175776 -1.522
   vertex 0.0760029 0.175145 -1.798
  endloop
 endfacet
 facet normal 0.920907 0.385609 -0.0568835
  outer loop
   vertex 0.0927867 0.175776 -1.522
   vertex 0.101705 0.154478 -1.522
   vertex 0.0760029 0.175145 -1.798
  endloop
 endfacet
 facet normal 0.88923 0.454856 -0.0487485
  outer loop
   vertex 0.0760029 0.175145 -1.798
   vertex 0.101705 0.154478 -1.522
   vertex 0.0861034 0.155399 -1.798
  endloop
 endfacet
 facet normal 0.967782 0.245958 -0.0538855
  outer loop
   vertex 0.101705 0.154478 -1.522
   vertex 0.106822 0.134345 -1.522
   vertex 0.0861034 0.155399 -1.798
  endloop
 endfacet
 facet normal 0.946569 0.319101 -0.0467137
  outer loop
   vertex 0.0861034 0.155399 -1.798
   vertex 0.106822 0.134345 -1.522
   vertex 0.0924777 0.13649 -1.798
  endloop
 endfacet
 facet normal 0.984454 0.168418 -0.0498538
  outer loop
   vertex 0.106822 0.134345 -1.522
   vertex 0.110174 0.114752 -1.522
   vertex 0.0924777 0.13649 -1.798
  endloop
 endfacet
 facet normal 0.969068 0.243019 -0.0429918
  outer loop
   vertex 0.0924777 0.13649 -1.798
   vertex 0.110174 0.114752 -1.522
   vertex 0.097122 0.11797 -1.798
  endloop
 endfacet
 facet normal 0.996534 0.0691048 -0.0463183
  outer loop
   vertex 0.110174 0.114752 -1.522
   vertex 0.112804 0.0768161 -1.522
   vertex 0.097122 0.11797 -1.798
  endloop
 endfacet
 facet normal 0.988841 0.144904 -0.0345789
  outer loop
   vertex 0.097122 0.11797 -1.798
   vertex 0.112804 0.0768161 -1.522
   vertex 0.102418 0.0818286 -1.798
  endloop
 endfacet
 facet normal 0.999168 -0.0151341 -0.037874
  outer loop
   vertex 0.112804 0.0768161 -1.522
   vertex 0.112244 0.0398577 -1.522
   vertex 0.102418 0.0818286 -1.798
  endloop
 endfacet
 facet normal 0.997789 0.0610662 -0.0262372
  outer loop
   vertex 0.102418 0.0818286 -1.798
   vertex 0.112244 0.0398577 -1.522
   vertex 0.104587 0.04639 -1.798
  endloop
 endfacet
 facet normal 0.996141 -0.0826333 -0.0295925
  outer loop
   vertex 0.112244 0.0398577 -1.522
   vertex 0.109241 0.00364834 -1.522
   vertex 0.104587 0.04639 -1.798
  endloop
 endfacet
 facet normal 0.999819 -0.00648871 -0.0178627
  outer loop
   vertex 0.104587 0.04639 -1.798
   vertex 0.109241 0.00364834 -1.522
   vertex 0.104361 0.0114898 -1.798
  endloop
 endfacet
 facet normal 0.98787 -0.153738 -0.0218349
  outer loop
   vertex 0.109241 0.00364834 -1.522
   vertex 0.103725 -0.0317912 -1.522
   vertex 0.104361 0.0114898 -1.798
  endloop
 endfacet
 facet normal 0.996901 -0.0780358 -0.0099429
  outer loop
   vertex 0.104361 0.0114898 -1.798
   vertex 0.103725 -0.0317912 -1.522
   vertex 0.101672 -0.0228569 -1.798
  endloop
 endfacet
 facet normal 0.973219 -0.229412 -0.0146669
  outer loop
   vertex 0.103725 -0.0317912 -1.522
   vertex 0.0955627 -0.0664194 -1.522
   vertex 0.101672 -0.0228569 -1.798
  endloop
 endfacet
 facet normal 0.987973 -0.154604 -0.00253295
  outer loop
   vertex 0.101672 -0.0228569 -1.798
   vertex 0.0955627 -0.0664194 -1.522
   vertex 0.0963885 -0.0566201 -1.798
  endloop
 endfacet
 facet normal 0.956658 -0.291118 -0.00747351
  outer loop
   vertex 0.0955627 -0.0664194 -1.522
   vertex 0.0852277 -0.100382 -1.522
   vertex 0.0963885 -0.0566201 -1.798
  endloop
 endfacet
 facet normal 0.976074 -0.217381 0.00500313
  outer loop
   vertex 0.0963885 -0.0566201 -1.798
   vertex 0.0852277 -0.100382 -1.522
   vertex 0.0889757 -0.0899047 -1.798
  endloop
 endfacet
 facet normal 0.93822 -0.346039 -0.00039481
  outer loop
   vertex 0.0852277 -0.100382 -1.522
   vertex 0.072924 -0.133741 -1.522
   vertex 0.0889757 -0.0899047 -1.798
  endloop
 endfacet
 facet normal 0.961785 -0.273522 0.0124933
  outer loop
   vertex 0.0889757 -0.0899047 -1.798
   vertex 0.072924 -0.133741 -1.522
   vertex 0.0796333 -0.122756 -1.798
  endloop
 endfacet
 facet normal 0.919864 -0.39218 0.00675145
  outer loop
   vertex 0.072924 -0.133741 -1.522
   vertex 0.0589233 -0.16658 -1.522
   vertex 0.0796333 -0.122756 -1.798
  endloop
 endfacet
 facet normal 0.946903 -0.320892 0.0200997
  outer loop
   vertex 0.0796333 -0.122756 -1.798
   vertex 0.0589233 -0.16658 -1.522
   vertex 0.0686274 -0.155232 -1.798
  endloop
 endfacet
 facet normal 0.901965 -0.431583 0.0139689
  outer loop
   vertex 0.0589233 -0.16658 -1.522
   vertex 0.0434292 -0.198961 -1.522
   vertex 0.0686274 -0.155232 -1.798
  endloop
 endfacet
 facet normal 0.931958 -0.361497 0.0278113
  outer loop
   vertex 0.0686274 -0.155232 -1.798
   vertex 0.0434292 -0.198961 -1.522
   vertex 0.0561576 -0.18738 -1.798
  endloop
 endfacet
 facet normal 0.882597 -0.469661 0.0209964
  outer loop
   vertex 0.0434292 -0.198961 -1.522
   vertex 0.0264417 -0.230884 -1.522
   vertex 0.0561576 -0.18738 -1.798
  endloop
 endfacet
 facet normal 0.915447 -0.400881 0.0353745
  outer loop
   vertex 0.0561576 -0.18738 -1.798
   vertex 0.0264417 -0.230884 -1.522
   vertex 0.0422239 -0.219199 -1.798
  endloop
 endfacet
 facet normal 0.864793 -0.501334 0.028225
  outer loop
   vertex 0.0264417 -0.230884 -1.522
   vertex 0.00816432 -0.262412 -1.522
   vertex 0.0422239 -0.219199 -1.798
  endloop
 endfacet
 facet normal 0.899999 -0.433751 0.043151
  outer loop
   vertex 0.0422239 -0.219199 -1.798
   vertex 0.00816432 -0.262412 -1.522
   vertex 0.027026 -0.250733 -1.798
  endloop
 endfacet
 facet normal 0.848104 -0.528633 0.0355896
  outer loop
   vertex 0.00816432 -0.262412 -1.522
   vertex -0.011267 -0.293587 -1.522
   vertex 0.027026 -0.250733 -1.798
  endloop
 endfacet
 facet normal 0.885324 -0.462162 0.0510742
  outer loop
   vertex 0.027026 -0.250733 -1.798
   vertex -0.011267 -0.293587 -1.522
   vertex 0.010697 -0.282013 -1.798
  endloop
 endfacet
 facet normal 0.836857 -0.545674 0.0437154
  outer loop
   vertex -0.011267 -0.293587 -1.522
   vertex -0.0314451 -0.324532 -1.522
   vertex 0.010697 -0.282013 -1.798
  endloop
 endfacet
 facet normal 0.875277 -0.479922 0.0597109
  outer loop
   vertex 0.010697 -0.282013 -1.798
   vertex -0.0314451 -0.324532 -1.522
   vertex -0.00636403 -0.313129 -1.798
  endloop
 endfacet
 facet normal 0.825349 -0.562245 0.0517726
  outer loop
   vertex -0.0314451 -0.324532 -1.522
   vertex -0.0523699 -0.355249 -1.522
   vertex -0.00636403 -0.313129 -1.798
  endloop
 endfacet
 facet normal 0.864929 -0.497226 0.0682926
  outer loop
   vertex -0.00636403 -0.313129 -1.798
   vertex -0.0523699 -0.355249 -1.522
   vertex -0.024157 -0.34408 -1.798
  endloop
 endfacet
 facet normal 0.816704 -0.573902 0.0602602
  outer loop
   vertex -0.0523699 -0.355249 -1.522
   vertex -0.0738377 -0.385799 -1.522
   vertex -0.024157 -0.34408 -1.798
  endloop
 endfacet
 facet normal 0.857051 -0.509405 0.0772718
  outer loop
   vertex -0.024157 -0.34408 -1.798
   vertex -0.0738377 -0.385799 -1.522
   vertex -0.0424822 -0.374911 -1.798
  endloop
 endfacet
 facet normal 0.808954 -0.583823 0.068872
  outer loop
   vertex -0.0738377 -0.385799 -1.522
   vertex -0.0957808 -0.416204 -1.522
   vertex -0.0424822 -0.374911 -1.798
  endloop
 endfacet
 facet normal 0.849926 -0.519775 0.0863663
  outer loop
   vertex -0.0424822 -0.374911 -1.798
   vertex -0.0957808 -0.416204 -1.522
   vertex -0.0612732 -0.405638 -1.798
  endloop
 endfacet
 facet normal 0.804215 -0.589199 0.0779936
  outer loop
   vertex -0.0957808 -0.416204 -1.522
   vertex -0.117995 -0.446525 -1.522
   vertex -0.0612732 -0.405638 -1.798
  endloop
 endfacet
 facet normal 0.845443 -0.525381 0.0959206
  outer loop
   vertex -0.0612732 -0.405638 -1.798
   vertex -0.117995 -0.446525 -1.522
   vertex -0.0803304 -0.436305 -1.798
  endloop
 endfacet
 facet normal 0.730892 -0.678402 0.0746219
  outer loop
   vertex -0.117995 -0.446525 -1.522
   vertex -0.144826 -0.475432 -1.522
   vertex -0.0803304 -0.436305 -1.798
  endloop
 endfacet
 facet normal 0.77916 -0.619703 0.0942225
  outer loop
   vertex -0.0803304 -0.436305 -1.798
   vertex -0.144826 -0.475432 -1.522
   vertex -0.103912 -0.465955 -1.798
  endloop
 endfacet
 facet normal 0.0967079 0.995098 -0.0206816
  outer loop
   vertex 0.0624174 0.203649 -1.522
   vertex 0.044876 0.199618 -1.798
   vertex 0.0535476 0.204511 -1.522
  endloop
 endfacet
 facet normal 0.0206037 0.999619 -0.0183706
  outer loop
   vertex 0.044876 0.199618 -1.798
   vertex 0.0363177 0.199794 -1.798
   vertex 0.0535476 0.204511 -1.522
  endloop
 endfacet
 facet normal -0.208157 0.978088 -0.00372178
  outer loop
   vertex 0.0535476 0.204511 -1.522
   vertex 0.0363177 0.199794 -1.798
   vertex 0.0499727 0.203751 -1.522
  endloop
 endfacet
 facet normal -0.282073 0.959393 0.000203127
  outer loop
   vertex 0.0363177 0.199794 -1.798
   vertex 0.0329495 0.198804 -1.798
   vertex 0.0499727 0.203751 -1.522
  endloop
 endfacet
 facet normal -0.434539 0.90059 0.0106609
  outer loop
   vertex 0.0499727 0.203751 -1.522
   vertex 0.0329495 0.198804 -1.798
   vertex 0.0429137 0.200345 -1.522
  endloop
 endfacet
 facet normal -0.501881 0.864835 0.0132917
  outer loop
   vertex 0.0329495 0.198804 -1.798
   vertex 0.0264379 0.195025 -1.798
   vertex 0.0429137 0.200345 -1.522
  endloop
 endfacet
 facet normal -0.638529 0.769245 0.0232912
  outer loop
   vertex 0.0429137 0.200345 -1.522
   vertex 0.0264379 0.195025 -1.798
   vertex 0.0347466 0.193565 -1.522
  endloop
 endfacet
 facet normal -0.695263 0.71833 0.0247298
  outer loop
   vertex 0.0264379 0.195025 -1.798
   vertex 0.0191118 0.187934 -1.798
   vertex 0.0347466 0.193565 -1.522
  endloop
 endfacet
 facet normal -0.763326 0.645313 0.0300751
  outer loop
   vertex 0.0347466 0.193565 -1.522
   vertex 0.0191118 0.187934 -1.798
   vertex 0.0222817 0.178821 -1.522
  endloop
 endfacet
 facet normal -0.810315 0.585295 0.0286329
  outer loop
   vertex 0.0191118 0.187934 -1.798
   vertex 0.00825247 0.1729 -1.798
   vertex 0.0222817 0.178821 -1.522
  endloop
 endfacet
 facet normal -0.855062 0.517516 0.0323615
  outer loop
   vertex 0.0222817 0.178821 -1.522
   vertex 0.00825247 0.1729 -1.798
   vertex 0.0128036 0.163161 -1.522
  endloop
 endfacet
 facet normal -0.892056 0.450885 0.0306203
  outer loop
   vertex 0.00825247 0.1729 -1.798
   vertex 0.000320827 0.157208 -1.798
   vertex 0.0128036 0.163161 -1.522
  endloop
 endfacet
 facet normal -0.893912 0.447183 0.030784
  outer loop
   vertex 0.0128036 0.163161 -1.522
   vertex 0.000320827 0.157208 -1.798
   vertex 0.00475104 0.147064 -1.522
  endloop
 endfacet
 facet normal -0.925444 0.377793 0.0287399
  outer loop
   vertex 0.000320827 0.157208 -1.798
   vertex -0.00621349 0.141201 -1.798
   vertex 0.00475104 0.147064 -1.522
  endloop
 endfacet
 facet normal -0.922587 0.384737 0.0284789
  outer loop
   vertex 0.00475104 0.147064 -1.522
   vertex -0.00621349 0.141201 -1.798
   vertex -0.00897813 0.114142 -1.522
  endloop
 endfacet
 facet normal -0.949392 0.313377 0.0212141
  outer loop
   vertex -0.00621349 0.141201 -1.798
   vertex -0.0169533 0.108664 -1.798
   vertex -0.00897813 0.114142 -1.522
  endloop
 endfacet
 facet normal -0.942095 0.334713 0.0205798
  outer loop
   vertex -0.00897813 0.114142 -1.522
   vertex -0.0169533 0.108664 -1.798
   vertex -0.0208744 0.0806579 -1.522
  endloop
 endfacet
 facet normal -0.964985 0.261989 0.0128751
  outer loop
   vertex -0.0169533 0.108664 -1.798
   vertex -0.0258965 0.0757239 -1.798
   vertex -0.0208744 0.0806579 -1.522
  endloop
 endfacet
 facet normal -0.955442 0.294929 0.0121126
  outer loop
   vertex -0.0208744 0.0806579 -1.522
   vertex -0.0258965 0.0757239 -1.798
   vertex -0.0313452 0.0467371 -1.522
  endloop
 endfacet
 facet normal -0.975201 0.221284 0.00398796
  outer loop
   vertex -0.0258965 0.0757239 -1.798
   vertex -0.0334423 0.0424692 -1.798
   vertex -0.0313452 0.0467371 -1.522
  endloop
 endfacet
 facet normal -0.965501 0.26038 0.0033097
  outer loop
   vertex -0.0313452 0.0467371 -1.522
   vertex -0.0334423 0.0424692 -1.798
   vertex -0.0405941 0.0124419 -1.522
  endloop
 endfacet
 facet normal -0.982526 0.186053 -0.00521781
  outer loop
   vertex -0.0334423 0.0424692 -1.798
   vertex -0.0397905 0.00894529 -1.798
   vertex -0.0405941 0.0124419 -1.522
  endloop
 endfacet
 facet normal -0.970011 0.24299 -0.00590268
  outer loop
   vertex -0.0405941 0.0124419 -1.522
   vertex -0.0397905 0.00894529 -1.798
   vertex -0.049232 -0.0220407 -1.522
  endloop
 endfacet
 facet normal -0.985615 0.168356 -0.0148155
  outer loop
   vertex -0.0397905 0.00894529 -1.798
   vertex -0.0455398 -0.0247133 -1.798
   vertex -0.049232 -0.0220407 -1.522
  endloop
 endfacet
 facet normal -0.971821 0.235223 -0.0152784
  outer loop
   vertex -0.049232 -0.0220407 -1.522
   vertex -0.0455398 -0.0247133 -1.798
   vertex -0.0575984 -0.0566064 -1.522
  endloop
 endfacet
 facet normal -0.986737 0.160459 -0.0245694
  outer loop
   vertex -0.0455398 -0.0247133 -1.798
   vertex -0.051023 -0.0584317 -1.798
   vertex -0.0575984 -0.0566064 -1.522
  endloop
 endfacet
 facet normal -0.971168 0.237115 -0.0247054
  outer loop
   vertex -0.0575984 -0.0566064 -1.522
   vertex -0.051023 -0.0584317 -1.798
   vertex -0.0660327 -0.0911513 -1.522
  endloop
 endfacet
 facet normal -0.986129 0.162379 -0.034379
  outer loop
   vertex -0.051023 -0.0584317 -1.798
   vertex -0.0565727 -0.0921352 -1.798
   vertex -0.0660327 -0.0911513 -1.522
  endloop
 endfacet
 facet normal -0.971835 0.233177 -0.0341414
  outer loop
   vertex -0.0660327 -0.0911513 -1.522
   vertex -0.0565727 -0.0921352 -1.798
   vertex -0.0743312 -0.125738 -1.522
  endloop
 endfacet
 facet normal -0.986388 0.158386 -0.0441835
  outer loop
   vertex -0.0565727 -0.0921352 -1.798
   vertex -0.0619893 -0.125868 -1.798
   vertex -0.0743312 -0.125738 -1.522
  endloop
 endfacet
 facet normal -0.971013 0.235027 -0.0435322
  outer loop
   vertex -0.0743312 -0.125738 -1.522
   vertex -0.0619893 -0.125868 -1.798
   vertex -0.0826976 -0.160304 -1.522
  endloop
 endfacet
 facet normal -0.985597 0.160274 -0.053953
  outer loop
   vertex -0.0619893 -0.125868 -1.798
   vertex -0.0674725 -0.159587 -1.798
   vertex -0.0826976 -0.160304 -1.522
  endloop
 endfacet
 facet normal -0.971498 0.23105 -0.0529915
  outer loop
   vertex -0.0826976 -0.160304 -1.522
   vertex -0.0674725 -0.159587 -1.798
   vertex -0.0909283 -0.194911 -1.522
  endloop
 endfacet
 facet normal -0.985656 0.156255 -0.0637675
  outer loop
   vertex -0.0674725 -0.159587 -1.798
   vertex -0.0728225 -0.193335 -1.798
   vertex -0.0909283 -0.194911 -1.522
  endloop
 endfacet
 facet normal -0.971425 0.22899 -0.0624187
  outer loop
   vertex -0.0909283 -0.194911 -1.522
   vertex -0.0728225 -0.193335 -1.798
   vertex -0.099091 -0.229539 -1.522
  endloop
 endfacet
 facet normal -0.9853 0.154187 -0.0735514
  outer loop
   vertex -0.0728225 -0.193335 -1.798
   vertex -0.0781061 -0.227098 -1.798
   vertex -0.099091 -0.229539 -1.522
  endloop
 endfacet
 facet normal -0.971708 0.224976 -0.071892
  outer loop
   vertex -0.099091 -0.229539 -1.522
   vertex -0.0781061 -0.227098 -1.798
   vertex -0.107118 -0.264209 -1.522
  endloop
 endfacet
 facet normal -0.985143 0.150147 -0.0833655
  outer loop
   vertex -0.0781061 -0.227098 -1.798
   vertex -0.0832565 -0.260892 -1.798
   vertex -0.107118 -0.264209 -1.522
  endloop
 endfacet
 facet normal -0.972319 0.219011 -0.0814292
  outer loop
   vertex -0.107118 -0.264209 -1.522
   vertex -0.0832565 -0.260892 -1.798
   vertex -0.114941 -0.298941 -1.522
  endloop
 endfacet
 facet normal -0.985157 0.144138 -0.093225
  outer loop
   vertex -0.0832565 -0.260892 -1.798
   vertex -0.0882074 -0.29473 -1.798
   vertex -0.114941 -0.298941 -1.522
  endloop
 endfacet
 facet normal -0.973215 0.2111 -0.0910466
  outer loop
   vertex -0.114941 -0.298941 -1.522
   vertex -0.0882074 -0.29473 -1.798
   vertex -0.122493 -0.333757 -1.522
  endloop
 endfacet
 facet normal -0.985302 0.136169 -0.103143
  outer loop
   vertex -0.0882074 -0.29473 -1.798
   vertex -0.0928921 -0.328628 -1.798
   vertex -0.122493 -0.333757 -1.522
  endloop
 endfacet
 facet normal -0.973153 0.207046 -0.100523
  outer loop
   vertex -0.122493 -0.333757 -1.522
   vertex -0.0928921 -0.328628 -1.798
   vertex -0.129909 -0.368614 -1.522
  endloop
 endfacet
 facet normal -0.98478 0.132113 -0.112939
  outer loop
   vertex -0.0928921 -0.328628 -1.798
   vertex -0.0974437 -0.362556 -1.798
   vertex -0.129909 -0.368614 -1.522
  endloop
 endfacet
 facet normal -0.972986 0.202977 -0.109996
  outer loop
   vertex -0.129909 -0.368614 -1.522
   vertex -0.0974437 -0.362556 -1.798
   vertex -0.137189 -0.403512 -1.522
  endloop
 endfacet
 facet normal -0.984145 0.128056 -0.122721
  outer loop
   vertex -0.0974437 -0.362556 -1.798
   vertex -0.101862 -0.396513 -1.798
   vertex -0.137189 -0.403512 -1.522
  endloop
 endfacet
 facet normal -0.972712 0.198898 -0.119461
  outer loop
   vertex -0.137189 -0.403512 -1.522
   vertex -0.101862 -0.396513 -1.798
   vertex -0.144334 -0.438452 -1.522
  endloop
 endfacet
 facet normal -0.983399 0.123994 -0.132487
  outer loop
   vertex -0.101862 -0.396513 -1.798
   vertex -0.106148 -0.430501 -1.798
   vertex -0.144334 -0.438452 -1.522
  endloop
 endfacet
 facet normal -0.990529 0.0131762 -0.136667
  outer loop
   vertex -0.144334 -0.438452 -1.522
   vertex -0.106148 -0.430501 -1.798
   vertex -0.144826 -0.475432 -1.522
  endloop
 endfacet
 facet normal -0.986961 -0.0622295 -0.148442
  outer loop
   vertex -0.106148 -0.430501 -1.798
   vertex -0.103912 -0.465955 -1.798
   vertex -0.144826 -0.475432 -1.522
  endloop
 endfacet
 facet normal 0.357933 0.933049 -0.036112
  outer loop
   vertex 0.044876 0.199618 -1.798
   vertex 0.0558803 0.195396 -1.798
   vertex 0.0332264 0.193366 -2.075
  endloop
 endfacet
 facet normal 0.309978 0.950194 -0.0323158
  outer loop
   vertex 0.0332264 0.193366 -2.075
   vertex 0.0558803 0.195396 -1.798
   vertex 0.0439713 0.189861 -2.075
  endloop
 endfacet
 facet normal 0.546129 0.836736 -0.0402012
  outer loop
   vertex 0.0558803 0.195396 -1.798
   vertex 0.0599644 0.192731 -1.798
   vertex 0.0439713 0.189861 -2.075
  endloop
 endfacet
 facet normal 0.502835 0.863548 -0.0379793
  outer loop
   vertex 0.0439713 0.189861 -2.075
   vertex 0.0599644 0.192731 -1.798
   vertex 0.048013 0.187507 -2.075
  endloop
 endfacet
 facet normal 0.662613 0.747744 -0.0426894
  outer loop
   vertex 0.0599644 0.192731 -1.798
   vertex 0.0678919 0.185706 -1.798
   vertex 0.048013 0.187507 -2.075
  endloop
 endfacet
 facet normal 0.623734 0.780629 -0.0396853
  outer loop
   vertex 0.048013 0.187507 -2.075
   vertex 0.0678919 0.185706 -1.798
   vertex 0.0559482 0.181167 -2.075
  endloop
 endfacet
 facet normal 0.792321 0.608507 -0.044134
  outer loop
   vertex 0.0678919 0.185706 -1.798
   vertex 0.0760029 0.175145 -1.798
   vertex 0.0559482 0.181167 -2.075
  endloop
 endfacet
 facet normal 0.760399 0.648163 -0.0409608
  outer loop
   vertex 0.0559482 0.181167 -2.075
   vertex 0.0760029 0.175145 -1.798
   vertex 0.0642321 0.171449 -2.075
  endloop
 endfacet
 facet normal 0.889431 0.454959 -0.0438659
  outer loop
   vertex 0.0760029 0.175145 -1.798
   vertex 0.0861034 0.155399 -1.798
   vertex 0.0642321 0.171449 -2.075
  endloop
 endfacet
 facet normal 0.865263 0.499771 -0.0393611
  outer loop
   vertex 0.0642321 0.171449 -2.075
   vertex 0.0861034 0.155399 -1.798
   vertex 0.07487 0.153031 -2.075
  endloop
 endfacet
 facet normal 0.946802 0.319179 -0.0411244
  outer loop
   vertex 0.0861034 0.155399 -1.798
   vertex 0.0924777 0.13649 -1.798
   vertex 0.07487 0.153031 -2.075
  endloop
 endfacet
 facet normal 0.929457 0.367053 -0.0371631
  outer loop
   vertex 0.07487 0.153031 -2.075
   vertex 0.0924777 0.13649 -1.798
   vertex 0.0818983 0.135234 -2.075
  endloop
 endfacet
 facet normal 0.96926 0.243067 -0.0381211
  outer loop
   vertex 0.0924777 0.13649 -1.798
   vertex 0.097122 0.11797 -1.798
   vertex 0.0818983 0.135234 -2.075
  endloop
 endfacet
 facet normal 0.955751 0.292168 -0.0343185
  outer loop
   vertex 0.0818983 0.135234 -2.075
   vertex 0.097122 0.11797 -1.798
   vertex 0.0872508 0.117725 -2.075
  endloop
 endfacet
 facet normal 0.988814 0.1449 -0.035366
  outer loop
   vertex 0.097122 0.11797 -1.798
   vertex 0.102418 0.0818286 -1.798
   vertex 0.0872508 0.117725 -2.075
  endloop
 endfacet
 facet normal 0.980367 0.195128 -0.0283945
  outer loop
   vertex 0.0872508 0.117725 -2.075
   vertex 0.102418 0.0818286 -1.798
   vertex 0.0940885 0.0833704 -2.075
  endloop
 endfacet
 facet normal 0.997693 0.0610604 -0.0296617
  outer loop
   vertex 0.102418 0.0818286 -1.798
   vertex 0.104587 0.04639 -1.798
   vertex 0.0940885 0.0833704 -2.075
  endloop
 endfacet
 facet normal 0.993468 0.111824 -0.0227245
  outer loop
   vertex 0.0940885 0.0833704 -2.075
   vertex 0.104587 0.04639 -1.798
   vertex 0.0978968 0.0495367 -2.075
  endloop
 endfacet
 facet normal 0.999686 -0.00648784 -0.0242187
  outer loop
   vertex 0.104587 0.04639 -1.798
   vertex 0.104361 0.0114898 -1.798
   vertex 0.0978968 0.0495367 -2.075
  endloop
 endfacet
 facet normal 0.998863 0.0444509 -0.0172029
  outer loop
   vertex 0.0978968 0.0495367 -2.075
   vertex 0.104361 0.0114898 -1.798
   vertex 0.0993847 0.0161018 -2.075
  endloop
 endfacet
 facet normal 0.996766 -0.0780253 -0.0192044
  outer loop
   vertex 0.104361 0.0114898 -1.798
   vertex 0.101672 -0.0228569 -1.798
   vertex 0.0993847 0.0161018 -2.075
  endloop
 endfacet
 facet normal 0.999559 -0.0271473 -0.0120717
  outer loop
   vertex 0.0993847 0.0161018 -2.075
   vertex 0.101672 -0.0228569 -1.798
   vertex 0.0984878 -0.0169233 -2.075
  endloop
 endfacet
 facet normal 0.98787 -0.154588 -0.0146673
  outer loop
   vertex 0.101672 -0.0228569 -1.798
   vertex 0.0963885 -0.0566201 -1.798
   vertex 0.0984878 -0.0169233 -2.075
  endloop
 endfacet
 facet normal 0.994542 -0.104074 -0.00737748
  outer loop
   vertex 0.0984878 -0.0169233 -2.075
   vertex 0.0963885 -0.0566201 -1.798
   vertex 0.0950771 -0.0495165 -2.075
  endloop
 endfacet
 facet normal 0.976036 -0.217372 -0.0101954
  outer loop
   vertex 0.0963885 -0.0566201 -1.798
   vertex 0.0889757 -0.0899047 -1.798
   vertex 0.0950771 -0.0495165 -2.075
  endloop
 endfacet
 facet normal 0.985889 -0.167378 -0.00268882
  outer loop
   vertex 0.0950771 -0.0495165 -2.075
   vertex 0.0889757 -0.0899047 -1.798
   vertex 0.0896038 -0.0817552 -2.075
  endloop
 endfacet
 facet normal 0.961843 -0.273538 -0.00586666
  outer loop
   vertex 0.0889757 -0.0899047 -1.798
   vertex 0.0796333 -0.122756 -1.798
   vertex 0.0896038 -0.0817552 -2.075
  endloop
 endfacet
 facet normal 0.974544 -0.224189 0.00189498
  outer loop
   vertex 0.0896038 -0.0817552 -2.075
   vertex 0.0796333 -0.122756 -1.798
   vertex 0.0822613 -0.113673 -2.075
  endloop
 endfacet
 facet normal 0.947093 -0.320956 -0.00153846
  outer loop
   vertex 0.0796333 -0.122756 -1.798
   vertex 0.0686274 -0.155232 -1.798
   vertex 0.0822613 -0.113673 -2.075
  endloop
 endfacet
 facet normal 0.962194 -0.272287 0.00650686
  outer loop
   vertex 0.0822613 -0.113673 -2.075
   vertex 0.0686274 -0.155232 -1.798
   vertex 0.0733075 -0.145314 -2.075
  endloop
 endfacet
 facet normal 0.932315 -0.361636 0.00280261
  outer loop
   vertex 0.0686274 -0.155232 -1.798
   vertex 0.0561576 -0.18738 -1.798
   vertex 0.0733075 -0.145314 -2.075
  endloop
 endfacet
 facet normal 0.949472 -0.313654 0.0111515
  outer loop
   vertex 0.0733075 -0.145314 -2.075
   vertex 0.0561576 -0.18738 -1.798
   vertex 0.0629356 -0.176711 -2.075
  endloop
 endfacet
 facet normal 0.915998 -0.401123 0.00696332
  outer loop
   vertex 0.0561576 -0.18738 -1.798
   vertex 0.0422239 -0.219199 -1.798
   vertex 0.0629356 -0.176711 -2.075
  endloop
 endfacet
 facet normal 0.935151 -0.353905 0.015638
  outer loop
   vertex 0.0629356 -0.176711 -2.075
   vertex 0.0422239 -0.219199 -1.798
   vertex 0.0511457 -0.207864 -2.075
  endloop
 endfacet
 facet normal 0.900781 -0.434128 0.0112483
  outer loop
   vertex 0.0422239 -0.219199 -1.798
   vertex 0.027026 -0.250733 -1.798
   vertex 0.0511457 -0.207864 -2.075
  endloop
 endfacet
 facet normal 0.921596 -0.387622 0.0202581
  outer loop
   vertex 0.0511457 -0.207864 -2.075
   vertex 0.027026 -0.250733 -1.798
   vertex 0.0381312 -0.238807 -2.075
  endloop
 endfacet
 facet normal 0.886373 -0.462709 0.0156131
  outer loop
   vertex 0.027026 -0.250733 -1.798
   vertex 0.010697 -0.282013 -1.798
   vertex 0.0381312 -0.238807 -2.075
  endloop
 endfacet
 facet normal 0.90862 -0.416876 0.0249656
  outer loop
   vertex 0.0381312 -0.238807 -2.075
   vertex 0.010697 -0.282013 -1.798
   vertex 0.0240209 -0.269561 -2.075
  endloop
 endfacet
 facet normal 0.876656 -0.480679 0.02056
  outer loop
   vertex 0.010697 -0.282013 -1.798
   vertex -0.00636403 -0.313129 -1.798
   vertex 0.0240209 -0.269561 -2.075
  endloop
 endfacet
 facet normal 0.899782 -0.43529 0.0302357
  outer loop
   vertex 0.0240209 -0.269561 -2.075
   vertex -0.00636403 -0.313129 -1.798
   vertex 0.00920156 -0.300194 -2.075
  endloop
 endfacet
 facet normal 0.866673 -0.498228 0.0254362
  outer loop
   vertex -0.00636403 -0.313129 -1.798
   vertex -0.024157 -0.34408 -1.798
   vertex 0.00920156 -0.300194 -2.075
  endloop
 endfacet
 facet normal 0.890657 -0.453292 0.0354439
  outer loop
   vertex 0.00920156 -0.300194 -2.075
   vertex -0.024157 -0.34408 -1.798
   vertex -0.00632675 -0.330705 -2.075
  endloop
 endfacet
 facet normal 0.859217 -0.510692 0.0306486
  outer loop
   vertex -0.024157 -0.34408 -1.798
   vertex -0.0424822 -0.374911 -1.798
   vertex -0.00632675 -0.330705 -2.075
  endloop
 endfacet
 facet normal 0.883789 -0.466088 0.0409741
  outer loop
   vertex -0.00632675 -0.330705 -2.075
   vertex -0.0424822 -0.374911 -1.798
   vertex -0.0223707 -0.361128 -2.075
  endloop
 endfacet
 facet normal 0.852562 -0.521387 0.0359552
  outer loop
   vertex -0.0424822 -0.374911 -1.798
   vertex -0.0612732 -0.405638 -1.798
   vertex -0.0223707 -0.361128 -2.075
  endloop
 endfacet
 facet normal 0.87763 -0.477069 0.0465971
  outer loop
   vertex -0.0223707 -0.361128 -2.075
   vertex -0.0612732 -0.405638 -1.798
   vertex -0.0388658 -0.391472 -2.075
  endloop
 endfacet
 facet normal 0.848622 -0.527356 0.0416789
  outer loop
   vertex -0.0612732 -0.405638 -1.798
   vertex -0.0803304 -0.436305 -1.798
   vertex -0.0388658 -0.391472 -2.075
  endloop
 endfacet
 facet normal 0.873932 -0.483192 0.0526157
  outer loop
   vertex -0.0388658 -0.391472 -2.075
   vertex -0.0803304 -0.436305 -1.798
   vertex -0.0556188 -0.421773 -2.075
  endloop
 endfacet
 facet normal 0.782102 -0.622043 0.037139
  outer loop
   vertex -0.0803304 -0.436305 -1.798
   vertex -0.103912 -0.465955 -1.798
   vertex -0.0556188 -0.421773 -2.075
  endloop
 endfacet
 facet normal 0.812361 -0.581098 0.0489451
  outer loop
   vertex -0.0556188 -0.421773 -2.075
   vertex -0.103912 -0.465955 -1.798
   vertex -0.0767547 -0.45132 -2.075
  endloop
 endfacet
 facet normal 0.0206015 0.999513 -0.0234252
  outer loop
   vertex 0.044876 0.199618 -1.798
   vertex 0.0332264 0.193366 -2.075
   vertex 0.0363177 0.199794 -1.798
  endloop
 endfacet
 facet normal -0.0303384 0.999278 -0.0228512
  outer loop
   vertex 0.0332264 0.193366 -2.075
   vertex 0.0250215 0.193117 -2.075
   vertex 0.0363177 0.199794 -1.798
  endloop
 endfacet
 facet normal -0.282054 0.959328 -0.0116231
  outer loop
   vertex 0.0363177 0.199794 -1.798
   vertex 0.0250215 0.193117 -2.075
   vertex 0.0329495 0.198804 -1.798
  endloop
 endfacet
 facet normal -0.330576 0.943727 -0.00991401
  outer loop
   vertex 0.0250215 0.193117 -2.075
   vertex 0.0218441 0.192004 -2.075
   vertex 0.0329495 0.198804 -1.798
  endloop
 endfacet
 facet normal -0.501925 0.864911 -0.00110951
  outer loop
   vertex 0.0329495 0.198804 -1.798
   vertex 0.0218441 0.192004 -2.075
   vertex 0.0264379 0.195025 -1.798
  endloop
 endfacet
 facet normal -0.545328 0.838223 -9.86397e-05
  outer loop
   vertex 0.0218441 0.192004 -2.075
   vertex 0.0157926 0.188067 -2.075
   vertex 0.0264379 0.195025 -1.798
  endloop
 endfacet
 facet normal -0.69545 0.718523 0.00867754
  outer loop
   vertex 0.0264379 0.195025 -1.798
   vertex 0.0157926 0.188067 -2.075
   vertex 0.0191118 0.187934 -1.798
  endloop
 endfacet
 facet normal -0.73115 0.682156 0.00908793
  outer loop
   vertex 0.0157926 0.188067 -2.075
   vertex 0.00912278 0.180918 -2.075
   vertex 0.0191118 0.187934 -1.798
  endloop
 endfacet
 facet normal -0.810563 0.585475 0.0144006
  outer loop
   vertex 0.0191118 0.187934 -1.798
   vertex 0.00912278 0.180918 -2.075
   vertex 0.00825247 0.1729 -1.798
  endloop
 endfacet
 facet normal -0.839348 0.543436 0.0130933
  outer loop
   vertex 0.00912278 0.180918 -2.075
   vertex -0.000542807 0.16599 -2.075
   vertex 0.00825247 0.1729 -1.798
  endloop
 endfacet
 facet normal -0.892345 0.451031 0.0170813
  outer loop
   vertex 0.00825247 0.1729 -1.798
   vertex -0.000542807 0.16599 -2.075
   vertex 0.000320827 0.157208 -1.798
  endloop
 endfacet
 facet normal -0.914184 0.404996 0.01569
  outer loop
   vertex -0.000542807 0.16599 -2.075
   vertex -0.00737236 0.150573 -2.075
   vertex 0.000320827 0.157208 -1.798
  endloop
 endfacet
 facet normal -0.925698 0.377897 0.0166588
  outer loop
   vertex 0.000320827 0.157208 -1.798
   vertex -0.00737236 0.150573 -2.075
   vertex -0.00621349 0.141201 -1.798
  endloop
 endfacet
 facet normal -0.94377 0.330256 0.0151225
  outer loop
   vertex -0.00737236 0.150573 -2.075
   vertex -0.0128484 0.134925 -2.075
   vertex -0.00621349 0.141201 -1.798
  endloop
 endfacet
 facet normal -0.949489 0.313409 0.0156412
  outer loop
   vertex -0.00621349 0.141201 -1.798
   vertex -0.0128484 0.134925 -2.075
   vertex -0.0169533 0.108664 -1.798
  endloop
 endfacet
 facet normal -0.964284 0.264651 0.0107996
  outer loop
   vertex -0.0128484 0.134925 -2.075
   vertex -0.0215444 0.10324 -2.075
   vertex -0.0169533 0.108664 -1.798
  endloop
 endfacet
 facet normal -0.965008 0.261995 0.0108636
  outer loop
   vertex -0.0169533 0.108664 -1.798
   vertex -0.0215444 0.10324 -2.075
   vertex -0.0258965 0.0757239 -1.798
  endloop
 endfacet
 facet normal -0.977143 0.212505 0.00575685
  outer loop
   vertex -0.0215444 0.10324 -2.075
   vertex -0.0285001 0.0712557 -2.075
   vertex -0.0258965 0.0757239 -1.798
  endloop
 endfacet
 facet normal -0.975194 0.221283 0.00559694
  outer loop
   vertex -0.0258965 0.0757239 -1.798
   vertex -0.0285001 0.0712557 -2.075
   vertex -0.0334423 0.0424692 -1.798
  endloop
 endfacet
 facet normal -0.985215 0.17132 0.000225925
  outer loop
   vertex -0.0285001 0.0712557 -2.075
   vertex -0.0341023 0.0390391 -2.075
   vertex -0.0334423 0.0424692 -1.798
  endloop
 endfacet
 facet normal -0.982539 0.186056 3.70741e-05
  outer loop
   vertex -0.0334423 0.0424692 -1.798
   vertex -0.0341023 0.0390391 -2.075
   vertex -0.0397905 0.00894529 -1.798
  endloop
 endfacet
 facet normal -0.990726 0.13576 -0.00559527
  outer loop
   vertex -0.0341023 0.0390391 -2.075
   vertex -0.0385443 0.00662312 -2.075
   vertex -0.0397905 0.00894529 -1.798
  endloop
 endfacet
 facet normal -0.985706 0.168371 -0.00584608
  outer loop
   vertex -0.0397905 0.00894529 -1.798
   vertex -0.0385443 0.00662312 -2.075
   vertex -0.0455398 -0.0247133 -1.798
  endloop
 endfacet
 facet normal -0.992952 0.117933 -0.011735
  outer loop
   vertex -0.0385443 0.00662312 -2.075
   vertex -0.0424062 -0.0258925 -2.075
   vertex -0.0455398 -0.0247133 -1.798
  endloop
 endfacet
 facet normal -0.986965 0.160496 -0.0118485
  outer loop
   vertex -0.0455398 -0.0247133 -1.798
   vertex -0.0424062 -0.0258925 -2.075
   vertex -0.051023 -0.0584317 -1.798
  endloop
 endfacet
 facet normal -0.993769 0.110001 -0.0179919
  outer loop
   vertex -0.0424062 -0.0258925 -2.075
   vertex -0.0460103 -0.0584525 -2.075
   vertex -0.051023 -0.0584317 -1.798
  endloop
 endfacet
 facet normal -0.986555 0.162449 -0.0178653
  outer loop
   vertex -0.051023 -0.0584317 -1.798
   vertex -0.0460103 -0.0584525 -2.075
   vertex -0.0565727 -0.0921352 -1.798
  endloop
 endfacet
 facet normal -0.993416 0.111966 -0.0242655
  outer loop
   vertex -0.0460103 -0.0584525 -2.075
   vertex -0.0496788 -0.0910013 -2.075
   vertex -0.0565727 -0.0921352 -1.798
  endloop
 endfacet
 facet normal -0.98707 0.158496 -0.0239171
  outer loop
   vertex -0.0565727 -0.0921352 -1.798
   vertex -0.0496788 -0.0910013 -2.075
   vertex -0.0619893 -0.125868 -1.798
  endloop
 endfacet
 facet normal -0.993682 0.107987 -0.0305687
  outer loop
   vertex -0.0496788 -0.0910013 -2.075
   vertex -0.0532184 -0.123572 -2.075
   vertex -0.0619893 -0.125868 -1.798
  endloop
 endfacet
 facet normal -0.986593 0.160436 -0.0299095
  outer loop
   vertex -0.0619893 -0.125868 -1.798
   vertex -0.0532184 -0.123572 -2.075
   vertex -0.0674725 -0.159587 -1.798
  endloop
 endfacet
 facet normal -0.993256 0.109944 -0.0368171
  outer loop
   vertex -0.0532184 -0.123572 -2.075
   vertex -0.0568225 -0.156132 -2.075
   vertex -0.0674725 -0.159587 -1.798
  endloop
 endfacet
 facet normal -0.987026 0.156472 -0.0359973
  outer loop
   vertex -0.0674725 -0.159587 -1.798
   vertex -0.0568225 -0.156132 -2.075
   vertex -0.0728225 -0.193335 -1.798
  endloop
 endfacet
 facet normal -0.993434 0.105958 -0.0431517
  outer loop
   vertex -0.0568225 -0.156132 -2.075
   vertex -0.0602976 -0.188714 -2.075
   vertex -0.0728225 -0.193335 -1.798
  endloop
 endfacet
 facet normal -0.987102 0.154469 -0.0420562
  outer loop
   vertex -0.0728225 -0.193335 -1.798
   vertex -0.0602976 -0.188714 -2.075
   vertex -0.0781061 -0.227098 -1.798
  endloop
 endfacet
 facet normal -0.993352 0.103949 -0.0494587
  outer loop
   vertex -0.0602976 -0.188714 -2.075
   vertex -0.0637083 -0.221308 -2.075
   vertex -0.0781061 -0.227098 -1.798
  endloop
 endfacet
 facet normal -0.987436 0.150496 -0.0481781
  outer loop
   vertex -0.0781061 -0.227098 -1.798
   vertex -0.0637083 -0.221308 -2.075
   vertex -0.0832565 -0.260892 -1.798
  endloop
 endfacet
 facet normal -0.993424 0.0999597 -0.0558225
  outer loop
   vertex -0.0637083 -0.221308 -2.075
   vertex -0.0669901 -0.253923 -2.075
   vertex -0.0832565 -0.260892 -1.798
  endloop
 endfacet
 facet normal -0.988001 0.144554 -0.0543822
  outer loop
   vertex -0.0832565 -0.260892 -1.798
   vertex -0.0669901 -0.253923 -2.075
   vertex -0.0882074 -0.29473 -1.798
  endloop
 endfacet
 facet normal -0.993624 0.0939925 -0.0622615
  outer loop
   vertex -0.0669901 -0.253923 -2.075
   vertex -0.0700785 -0.286572 -2.075
   vertex -0.0882074 -0.29473 -1.798
  endloop
 endfacet
 facet normal -0.988759 0.136646 -0.0606868
  outer loop
   vertex -0.0882074 -0.29473 -1.798
   vertex -0.0700785 -0.286572 -2.075
   vertex -0.0928921 -0.328628 -1.798
  endloop
 endfacet
 facet normal -0.993913 0.086055 -0.0687924
  outer loop
   vertex -0.0700785 -0.286572 -2.075
   vertex -0.0729091 -0.319264 -2.075
   vertex -0.0928921 -0.328628 -1.798
  endloop
 endfacet
 facet normal -0.988903 0.132667 -0.0668554
  outer loop
   vertex -0.0928921 -0.328628 -1.798
   vertex -0.0729091 -0.319264 -2.075
   vertex -0.0974437 -0.362556 -1.798
  endloop
 endfacet
 facet normal -0.993786 0.0820695 -0.0751955
  outer loop
   vertex -0.0729091 -0.319264 -2.075
   vertex -0.0756108 -0.351979 -2.075
   vertex -0.0974437 -0.362556 -1.798
  endloop
 endfacet
 facet normal -0.988992 0.128686 -0.0730378
  outer loop
   vertex -0.0974437 -0.362556 -1.798
   vertex -0.0756108 -0.351979 -2.075
   vertex -0.101862 -0.396513 -1.798
  endloop
 endfacet
 facet normal -0.993601 0.078086 -0.0816097
  outer loop
   vertex -0.0756108 -0.351979 -2.075
   vertex -0.0781836 -0.384717 -2.075
   vertex -0.101862 -0.396513 -1.798
  endloop
 endfacet
 facet normal -0.989025 0.124703 -0.0792333
  outer loop
   vertex -0.101862 -0.396513 -1.798
   vertex -0.0781836 -0.384717 -2.075
   vertex -0.106148 -0.430501 -1.798
  endloop
 endfacet
 facet normal -0.993357 0.0741054 -0.0880337
  outer loop
   vertex -0.0781836 -0.384717 -2.075
   vertex -0.0806275 -0.417476 -2.075
   vertex -0.106148 -0.430501 -1.798
  endloop
 endfacet
 facet normal -0.993554 -0.0626451 -0.0944822
  outer loop
   vertex -0.106148 -0.430501 -1.798
   vertex -0.0806275 -0.417476 -2.075
   vertex -0.103912 -0.465955 -1.798
  endloop
 endfacet
 facet normal -0.988247 -0.113082 -0.102863
  outer loop
   vertex -0.0806275 -0.417476 -2.075
   vertex -0.0767547 -0.45132 -2.075
   vertex -0.103912 -0.465955 -1.798
  endloop
 endfacet
 facet normal 0.309965 0.950153 -0.0336285
  outer loop
   vertex 0.0332264 0.193366 -2.075
   vertex 0.0439713 0.189861 -2.075
   vertex 0.0256173 0.186045 -2.352
  endloop
 endfacet
 facet normal 0.278145 0.960017 -0.031656
  outer loop
   vertex 0.0256173 0.186045 -2.352
   vertex 0.0439713 0.189861 -2.075
   vertex 0.0360083 0.183034 -2.352
  endloop
 endfacet
 facet normal 0.502876 0.863619 -0.0357407
  outer loop
   vertex 0.0439713 0.189861 -2.075
   vertex 0.048013 0.187507 -2.075
   vertex 0.0360083 0.183034 -2.352
  endloop
 endfacet
 facet normal 0.473821 0.879935 -0.034745
  outer loop
   vertex 0.0360083 0.183034 -2.352
   vertex 0.048013 0.187507 -2.075
   vertex 0.0399499 0.180912 -2.352
  endloop
 endfacet
 facet normal 0.623804 0.780716 -0.0367482
  outer loop
   vertex 0.048013 0.187507 -2.075
   vertex 0.0559482 0.181167 -2.075
   vertex 0.0399499 0.180912 -2.352
  endloop
 endfacet
 facet normal 0.597474 0.801113 -0.0352463
  outer loop
   vertex 0.0399499 0.180912 -2.352
   vertex 0.0559482 0.181167 -2.075
   vertex 0.0477435 0.175099 -2.352
  endloop
 endfacet
 facet normal 0.760525 0.648269 -0.0367278
  outer loop
   vertex 0.0559482 0.181167 -2.075
   vertex 0.0642321 0.171449 -2.075
   vertex 0.0477435 0.175099 -2.352
  endloop
 endfacet
 facet normal 0.738536 0.6733 -0.035089
  outer loop
   vertex 0.0477435 0.175099 -2.352
   vertex 0.0642321 0.171449 -2.075
   vertex 0.0559783 0.166066 -2.352
  endloop
 endfacet
 facet normal 0.865388 0.499844 -0.0354985
  outer loop
   vertex 0.0642321 0.171449 -2.075
   vertex 0.07487 0.153031 -2.075
   vertex 0.0559783 0.166066 -2.352
  endloop
 endfacet
 facet normal 0.84832 0.528455 -0.032988
  outer loop
   vertex 0.0559783 0.166066 -2.352
   vertex 0.07487 0.153031 -2.075
   vertex 0.0667426 0.148787 -2.352
  endloop
 endfacet
 facet normal 0.929596 0.367108 -0.0329003
  outer loop
   vertex 0.07487 0.153031 -2.075
   vertex 0.0818983 0.135234 -2.075
   vertex 0.0667426 0.148787 -2.352
  endloop
 endfacet
 facet normal 0.916909 0.397914 -0.0306989
  outer loop
   vertex 0.0667426 0.148787 -2.352
   vertex 0.0818983 0.135234 -2.075
   vertex 0.0740341 0.131985 -2.352
  endloop
 endfacet
 facet normal 0.955868 0.292204 -0.030565
  outer loop
   vertex 0.0818983 0.135234 -2.075
   vertex 0.0872508 0.117725 -2.075
   vertex 0.0740341 0.131985 -2.352
  endloop
 endfacet
 facet normal 0.945657 0.323921 -0.028445
  outer loop
   vertex 0.0740341 0.131985 -2.352
   vertex 0.0872508 0.117725 -2.075
   vertex 0.0797132 0.115405 -2.352
  endloop
 endfacet
 facet normal 0.980369 0.195128 -0.0283112
  outer loop
   vertex 0.0872508 0.117725 -2.075
   vertex 0.0940885 0.0833704 -2.075
   vertex 0.0797132 0.115405 -2.352
  endloop
 endfacet
 facet normal 0.973426 0.22772 -0.0241818
  outer loop
   vertex 0.0797132 0.115405 -2.352
   vertex 0.0940885 0.0833704 -2.075
   vertex 0.0873505 0.0827583 -2.352
  endloop
 endfacet
 facet normal 0.993429 0.11182 -0.0244122
  outer loop
   vertex 0.0940885 0.0833704 -2.075
   vertex 0.0978968 0.0495367 -2.075
   vertex 0.0873505 0.0827583 -2.352
  endloop
 endfacet
 facet normal 0.989241 0.144882 -0.0202876
  outer loop
   vertex 0.0873505 0.0827583 -2.352
   vertex 0.0978968 0.0495367 -2.075
   vertex 0.0920731 0.0505127 -2.352
  endloop
 endfacet
 facet normal 0.998794 0.0444478 -0.0208423
  outer loop
   vertex 0.0978968 0.0495367 -2.075
   vertex 0.0993847 0.0161018 -2.075
   vertex 0.0920731 0.0505127 -2.352
  endloop
 endfacet
 facet normal 0.996836 0.0777187 -0.0166575
  outer loop
   vertex 0.0920731 0.0505127 -2.352
   vertex 0.0993847 0.0161018 -2.075
   vertex 0.0945632 0.0185745 -2.352
  endloop
 endfacet
 facet normal 0.999476 -0.027145 -0.0176395
  outer loop
   vertex 0.0993847 0.0161018 -2.075
   vertex 0.0984878 -0.0169233 -2.075
   vertex 0.0945632 0.0185745 -2.352
  endloop
 endfacet
 facet normal 0.999891 0.00618249 -0.0133744
  outer loop
   vertex 0.0945632 0.0185745 -2.352
   vertex 0.0984878 -0.0169233 -2.075
   vertex 0.0947587 -0.0130477 -2.352
  endloop
 endfacet
 facet normal 0.99446 -0.104065 -0.0148438
  outer loop
   vertex 0.0984878 -0.0169233 -2.075
   vertex 0.0950771 -0.0495165 -2.075
   vertex 0.0947587 -0.0130477 -2.352
  endloop
 endfacet
 facet normal 0.997431 -0.0708662 -0.0104764
  outer loop
   vertex 0.0947587 -0.0130477 -2.352
   vertex 0.0950771 -0.0495165 -2.075
   vertex 0.0925357 -0.044337 -2.352
  endloop
 endfacet
 facet normal 0.98582 -0.167366 -0.0121743
  outer loop
   vertex 0.0950771 -0.0495165 -2.075
   vertex 0.0896038 -0.0817552 -2.075
   vertex 0.0925357 -0.044337 -2.352
  endloop
 endfacet
 facet normal 0.990895 -0.134422 -0.00767033
  outer loop
   vertex 0.0925357 -0.044337 -2.352
   vertex 0.0896038 -0.0817552 -2.075
   vertex 0.0883281 -0.0753529 -2.352
  endloop
 endfacet
 facet normal 0.9745 -0.224179 -0.00966938
  outer loop
   vertex 0.0896038 -0.0817552 -2.075
   vertex 0.0822613 -0.113673 -2.075
   vertex 0.0883281 -0.0753529 -2.352
  endloop
 endfacet
 facet normal 0.981464 -0.191581 -0.00500731
  outer loop
   vertex 0.0883281 -0.0753529 -2.352
   vertex 0.0822613 -0.113673 -2.075
   vertex 0.0823222 -0.106121 -2.352
  endloop
 endfacet
 facet normal 0.962189 -0.272286 -0.0072117
  outer loop
   vertex 0.0822613 -0.113673 -2.075
   vertex 0.0733075 -0.145314 -2.075
   vertex 0.0823222 -0.106121 -2.352
  endloop
 endfacet
 facet normal 0.970752 -0.240071 -0.00237503
  outer loop
   vertex 0.0823222 -0.106121 -2.352
   vertex 0.0733075 -0.145314 -2.075
   vertex 0.0747658 -0.136676 -2.352
  endloop
 endfacet
 facet normal 0.94952 -0.31367 -0.00478178
  outer loop
   vertex 0.0733075 -0.145314 -2.075
   vertex 0.0629356 -0.176711 -2.075
   vertex 0.0747658 -0.136676 -2.352
  endloop
 endfacet
 facet normal 0.959458 -0.281852 0.000241311
  outer loop
   vertex 0.0747658 -0.136676 -2.352
   vertex 0.0629356 -0.176711 -2.075
   vertex 0.0658452 -0.167043 -2.352
  endloop
 endfacet
 facet normal 0.935262 -0.353947 -0.00252898
  outer loop
   vertex 0.0629356 -0.176711 -2.075
   vertex 0.0511457 -0.207864 -2.075
   vertex 0.0658452 -0.167043 -2.352
  endloop
 endfacet
 facet normal 0.946539 -0.322578 0.00269223
  outer loop
   vertex 0.0658452 -0.167043 -2.352
   vertex 0.0511457 -0.207864 -2.075
   vertex 0.0555602 -0.197222 -2.352
  endloop
 endfacet
 facet normal 0.921785 -0.387702 -0.000204152
  outer loop
   vertex 0.0511457 -0.207864 -2.075
   vertex 0.0381312 -0.238807 -2.075
   vertex 0.0555602 -0.197222 -2.352
  endloop
 endfacet
 facet normal 0.934182 -0.356758 0.00522122
  outer loop
   vertex 0.0555602 -0.197222 -2.352
   vertex 0.0381312 -0.238807 -2.075
   vertex 0.0440969 -0.227239 -2.352
  endloop
 endfacet
 facet normal 0.908902 -0.417005 0.00216084
  outer loop
   vertex 0.0381312 -0.238807 -2.075
   vertex 0.0240209 -0.269561 -2.075
   vertex 0.0440969 -0.227239 -2.352
  endloop
 endfacet
 facet normal 0.922269 -0.386471 0.00779496
  outer loop
   vertex 0.0440969 -0.227239 -2.352
   vertex 0.0240209 -0.269561 -2.075
   vertex 0.0315794 -0.257111 -2.352
  endloop
 endfacet
 facet normal 0.900183 -0.435484 0.00498926
  outer loop
   vertex 0.0240209 -0.269561 -2.075
   vertex 0.00920156 -0.300194 -2.075
   vertex 0.0315794 -0.257111 -2.352
  endloop
 endfacet
 facet normal 0.914155 -0.40522 0.0108251
  outer loop
   vertex 0.0315794 -0.257111 -2.352
   vertex 0.00920156 -0.300194 -2.075
   vertex 0.0183797 -0.286889 -2.352
  endloop
 endfacet
 facet normal 0.89119 -0.453563 0.00774205
  outer loop
   vertex 0.00920156 -0.300194 -2.075
   vertex -0.00632675 -0.330705 -2.075
   vertex 0.0183797 -0.286889 -2.352
  endloop
 endfacet
 facet normal 0.905753 -0.423581 0.0137837
  outer loop
   vertex 0.0183797 -0.286889 -2.352
   vertex -0.00632675 -0.330705 -2.075
   vertex 0.00449786 -0.316573 -2.352
  endloop
 endfacet
 facet normal 0.88448 -0.466453 0.010765
  outer loop
   vertex -0.00632675 -0.330705 -2.075
   vertex -0.0223707 -0.361128 -2.075
   vertex 0.00449786 -0.316573 -2.352
  endloop
 endfacet
 facet normal 0.899458 -0.436675 0.0170076
  outer loop
   vertex 0.00449786 -0.316573 -2.352
   vertex -0.0223707 -0.361128 -2.075
   vertex -0.00988011 -0.346188 -2.352
  endloop
 endfacet
 facet normal 0.8785 -0.477542 0.0138585
  outer loop
   vertex -0.0223707 -0.361128 -2.075
   vertex -0.0388658 -0.391472 -2.075
   vertex -0.00988011 -0.346188 -2.352
  endloop
 endfacet
 facet normal 0.893828 -0.447949 0.0203004
  outer loop
   vertex -0.00988011 -0.346188 -2.352
   vertex -0.0388658 -0.391472 -2.075
   vertex -0.0246922 -0.375744 -2.352
  endloop
 endfacet
 facet normal 0.875013 -0.48379 0.0173026
  outer loop
   vertex -0.0388658 -0.391472 -2.075
   vertex -0.0556188 -0.421773 -2.075
   vertex -0.0246922 -0.375744 -2.352
  endloop
 endfacet
 facet normal 0.890531 -0.454293 0.0239365
  outer loop
   vertex -0.0246922 -0.375744 -2.352
   vertex -0.0556188 -0.421773 -2.075
   vertex -0.0397523 -0.405266 -2.352
  endloop
 endfacet
 facet normal 0.813278 -0.581754 0.0119156
  outer loop
   vertex -0.0556188 -0.421773 -2.075
   vertex -0.0767547 -0.45132 -2.075
   vertex -0.0397523 -0.405266 -2.352
  endloop
 endfacet
 facet normal 0.832123 -0.554266 0.0190032
  outer loop
   vertex -0.0397523 -0.405266 -2.352
   vertex -0.0767547 -0.45132 -2.075
   vertex -0.0590295 -0.434206 -2.352
  endloop
 endfacet
 facet normal -0.0303364 0.999212 -0.0255772
  outer loop
   vertex 0.0332264 0.193366 -2.075
   vertex 0.0256173 0.186045 -2.352
   vertex 0.0250215 0.193117 -2.075
  endloop
 endfacet
 facet normal -0.0636272 0.997645 -0.0256088
  outer loop
   vertex 0.0256173 0.186045 -2.352
   vertex 0.017776 0.185545 -2.352
   vertex 0.0250215 0.193117 -2.075
  endloop
 endfacet
 facet normal -0.330544 0.943635 -0.0171506
  outer loop
   vertex 0.0250215 0.193117 -2.075
   vertex 0.017776 0.185545 -2.352
   vertex 0.0218441 0.192004 -2.075
  endloop
 endfacet
 facet normal -0.361811 0.932107 -0.0164225
  outer loop
   vertex 0.017776 0.185545 -2.352
   vertex 0.0147718 0.184378 -2.352
   vertex 0.0218441 0.192004 -2.075
  endloop
 endfacet
 facet normal -0.545305 0.838188 -0.00915211
  outer loop
   vertex 0.0218441 0.192004 -2.075
   vertex 0.0147718 0.184378 -2.352
   vertex 0.0157926 0.188067 -2.075
  endloop
 endfacet
 facet normal -0.572941 0.81955 -0.00880208
  outer loop
   vertex 0.0147718 0.184378 -2.352
   vertex 0.00910819 0.180419 -2.352
   vertex 0.0157926 0.188067 -2.075
  endloop
 endfacet
 facet normal -0.73118 0.682184 -0.00119089
  outer loop
   vertex 0.0157926 0.188067 -2.075
   vertex 0.00910819 0.180419 -2.352
   vertex 0.00912278 0.180918 -2.075
  endloop
 endfacet
 facet normal -0.753509 0.657437 -0.00114511
  outer loop
   vertex 0.00910819 0.180419 -2.352
   vertex 0.00295558 0.173367 -2.352
   vertex 0.00912278 0.180918 -2.075
  endloop
 endfacet
 facet normal -0.839414 0.543479 0.00387395
  outer loop
   vertex 0.00912278 0.180918 -2.075
   vertex 0.00295558 0.173367 -2.352
   vertex -0.000542807 0.16599 -2.075
  endloop
 endfacet
 facet normal -0.857065 0.5152 0.00289783
  outer loop
   vertex 0.00295558 0.173367 -2.352
   vertex -0.00581478 0.158777 -2.352
   vertex -0.000542807 0.16599 -2.075
  endloop
 endfacet
 facet normal -0.914275 0.405037 0.00685497
  outer loop
   vertex -0.000542807 0.16599 -2.075
   vertex -0.00581478 0.158777 -2.352
   vertex -0.00737236 0.150573 -2.075
  endloop
 endfacet
 facet normal -0.927273 0.374341 0.00587276
  outer loop
   vertex -0.00581478 0.158777 -2.352
   vertex -0.0118565 0.143811 -2.352
   vertex -0.00737236 0.150573 -2.075
  endloop
 endfacet
 facet normal -0.943854 0.330285 0.00721663
  outer loop
   vertex -0.00737236 0.150573 -2.075
   vertex -0.0118565 0.143811 -2.352
   vertex -0.0128484 0.134925 -2.075
  endloop
 endfacet
 facet normal -0.954344 0.298648 0.00616407
  outer loop
   vertex -0.0118565 0.143811 -2.352
   vertex -0.0165959 0.128667 -2.352
   vertex -0.0128484 0.134925 -2.075
  endloop
 endfacet
 facet normal -0.964316 0.264659 0.00706688
  outer loop
   vertex -0.0128484 0.134925 -2.075
   vertex -0.0165959 0.128667 -2.352
   vertex -0.0215444 0.10324 -2.075
  endloop
 endfacet
 facet normal -0.972618 0.232376 0.00395513
  outer loop
   vertex -0.0165959 0.128667 -2.352
   vertex -0.0239042 0.0980774 -2.352
   vertex -0.0215444 0.10324 -2.075
  endloop
 endfacet
 facet normal -0.97715 0.212507 0.00436403
  outer loop
   vertex -0.0215444 0.10324 -2.075
   vertex -0.0239042 0.0980774 -2.352
   vertex -0.0285001 0.0712557 -2.075
  endloop
 endfacet
 facet normal -0.983699 0.179822 0.00109055
  outer loop
   vertex -0.0239042 0.0980774 -2.352
   vertex -0.029538 0.0672579 -2.352
   vertex -0.0285001 0.0712557 -2.075
  endloop
 endfacet
 facet normal -0.985215 0.17132 0.00121894
  outer loop
   vertex -0.0285001 0.0712557 -2.075
   vertex -0.029538 0.0672579 -2.352
   vertex -0.0341023 0.0390391 -2.075
  endloop
 endfacet
 facet normal -0.990376 0.138388 -0.00222099
  outer loop
   vertex -0.029538 0.0672579 -2.352
   vertex -0.0338696 0.036259 -2.352
   vertex -0.0341023 0.0390391 -2.075
  endloop
 endfacet
 facet normal -0.990739 0.135762 -0.00219493
  outer loop
   vertex -0.0341023 0.0390391 -2.075
   vertex -0.0338696 0.036259 -2.352
   vertex -0.0385443 0.00662312 -2.075
  endloop
 endfacet
 facet normal -0.994699 0.102664 -0.00580288
  outer loop
   vertex -0.0338696 0.036259 -2.352
   vertex -0.0370849 0.00510638 -2.352
   vertex -0.0385443 0.00662312 -2.075
  endloop
 endfacet
 facet normal -0.993003 0.117939 -0.00587759
  outer loop
   vertex -0.0385443 0.00662312 -2.075
   vertex -0.0370849 0.00510638 -2.352
   vertex -0.0424062 -0.0258925 -2.075
  endloop
 endfacet
 facet normal -0.996353 0.0847748 -0.00965337
  outer loop
   vertex -0.0370849 0.00510638 -2.352
   vertex -0.039742 -0.0261231 -2.352
   vertex -0.0424062 -0.0258925 -2.075
  endloop
 endfacet
 facet normal -0.993883 0.110013 -0.00965062
  outer loop
   vertex -0.0424062 -0.0258925 -2.075
   vertex -0.039742 -0.0261231 -2.352
   vertex -0.0460103 -0.0584525 -2.075
  endloop
 endfacet
 facet normal -0.996952 0.0768228 -0.0135938
  outer loop
   vertex -0.039742 -0.0261231 -2.352
   vertex -0.0421511 -0.0573867 -2.352
   vertex -0.0460103 -0.0584525 -2.075
  endloop
 endfacet
 facet normal -0.993619 0.111989 -0.0134121
  outer loop
   vertex -0.0460103 -0.0584525 -2.075
   vertex -0.0421511 -0.0573867 -2.352
   vertex -0.0496788 -0.0910013 -2.075
  endloop
 endfacet
 facet normal -0.996736 0.0788047 -0.0175238
  outer loop
   vertex -0.0421511 -0.0573867 -2.352
   vertex -0.0446223 -0.0886417 -2.352
   vertex -0.0496788 -0.0910013 -2.075
  endloop
 endfacet
 facet normal -0.993999 0.108021 -0.0172249
  outer loop
   vertex -0.0496788 -0.0910013 -2.075
   vertex -0.0446223 -0.0886417 -2.352
   vertex -0.0532184 -0.123572 -2.075
  endloop
 endfacet
 facet normal -0.996965 0.0748259 -0.021503
  outer loop
   vertex -0.0446223 -0.0886417 -2.352
   vertex -0.0469694 -0.119914 -2.352
   vertex -0.0532184 -0.123572 -2.075
  endloop
 endfacet
 facet normal -0.993711 0.109994 -0.0209651
  outer loop
   vertex -0.0532184 -0.123572 -2.075
   vertex -0.0469694 -0.119914 -2.352
   vertex -0.0568225 -0.156132 -2.075
  endloop
 endfacet
 facet normal -0.996722 0.0768051 -0.0254118
  outer loop
   vertex -0.0469694 -0.119914 -2.352
   vertex -0.0493785 -0.151177 -2.352
   vertex -0.0568225 -0.156132 -2.075
  endloop
 endfacet
 facet normal -0.994054 0.106024 -0.0248174
  outer loop
   vertex -0.0568225 -0.156132 -2.075
   vertex -0.0493785 -0.151177 -2.352
   vertex -0.0602976 -0.188714 -2.075
  endloop
 endfacet
 facet normal -0.99691 0.0728248 -0.029429
  outer loop
   vertex -0.0493785 -0.151177 -2.352
   vertex -0.0516635 -0.182458 -2.352
   vertex -0.0602976 -0.188714 -2.075
  endloop
 endfacet
 facet normal -0.994161 0.104033 -0.0286384
  outer loop
   vertex -0.0602976 -0.188714 -2.075
   vertex -0.0516635 -0.182458 -2.352
   vertex -0.0637083 -0.221308 -2.075
  endloop
 endfacet
 facet normal -0.996929 0.0708302 -0.0334155
  outer loop
   vertex -0.0516635 -0.182458 -2.352
   vertex -0.0538866 -0.213747 -2.352
   vertex -0.0637083 -0.221308 -2.075
  endloop
 endfacet
 facet normal -0.994449 0.100063 -0.0325298
  outer loop
   vertex -0.0637083 -0.221308 -2.075
   vertex -0.0538866 -0.213747 -2.352
   vertex -0.0669901 -0.253923 -2.075
  endloop
 endfacet
 facet normal -0.997059 0.066851 -0.0374702
  outer loop
   vertex -0.0538866 -0.213747 -2.352
   vertex -0.0559856 -0.245054 -2.352
   vertex -0.0669901 -0.253923 -2.075
  endloop
 endfacet
 facet normal -0.994892 0.0941124 -0.0365112
  outer loop
   vertex -0.0669901 -0.253923 -2.075
   vertex -0.0559856 -0.245054 -2.352
   vertex -0.0700785 -0.286572 -2.075
  endloop
 endfacet
 facet normal -0.997277 0.0608891 -0.0416122
  outer loop
   vertex -0.0559856 -0.245054 -2.352
   vertex -0.0578986 -0.276386 -2.352
   vertex -0.0700785 -0.286572 -2.075
  endloop
 endfacet
 facet normal -0.995451 0.0861882 -0.0406016
  outer loop
   vertex -0.0700785 -0.286572 -2.075
   vertex -0.0578986 -0.276386 -2.352
   vertex -0.0729091 -0.319264 -2.075
  endloop
 endfacet
 facet normal -0.997544 0.0529498 -0.0458602
  outer loop
   vertex -0.0578986 -0.276386 -2.352
   vertex -0.0595635 -0.307752 -2.352
   vertex -0.0729091 -0.319264 -2.075
  endloop
 endfacet
 facet normal -0.995618 0.0822208 -0.0445509
  outer loop
   vertex -0.0729091 -0.319264 -2.075
   vertex -0.0595635 -0.307752 -2.352
   vertex -0.0756108 -0.351979 -2.075
  endloop
 endfacet
 facet normal -0.997549 0.0489789 -0.0499704
  outer loop
   vertex -0.0595635 -0.307752 -2.352
   vertex -0.0611044 -0.339135 -2.352
   vertex -0.0756108 -0.351979 -2.075
  endloop
 endfacet
 facet normal -0.995752 0.0782551 -0.0485187
  outer loop
   vertex -0.0756108 -0.351979 -2.075
   vertex -0.0611044 -0.339135 -2.352
   vertex -0.0781836 -0.384717 -2.075
  endloop
 endfacet
 facet normal -0.997521 0.0450107 -0.0540983
  outer loop
   vertex -0.0611044 -0.339135 -2.352
   vertex -0.0625212 -0.370535 -2.352
   vertex -0.0781836 -0.384717 -2.075
  endloop
 endfacet
 facet normal -0.995853 0.0742916 -0.0525049
  outer loop
   vertex -0.0781836 -0.384717 -2.075
   vertex -0.0625212 -0.370535 -2.352
   vertex -0.0806275 -0.417476 -2.075
  endloop
 endfacet
 facet normal -0.997458 0.041046 -0.0582437
  outer loop
   vertex -0.0625212 -0.370535 -2.352
   vertex -0.0638141 -0.401952 -2.352
   vertex -0.0806275 -0.417476 -2.075
  endloop
 endfacet
 facet normal -0.991316 -0.113433 -0.066528
  outer loop
   vertex -0.0806275 -0.417476 -2.075
   vertex -0.0638141 -0.401952 -2.352
   vertex -0.0767547 -0.45132 -2.075
  endloop
 endfacet
 facet normal -0.986596 -0.146353 -0.0721747
  outer loop
   vertex -0.0638141 -0.401952 -2.352
   vertex -0.0590295 -0.434206 -2.352
   vertex -0.0767547 -0.45132 -2.075
  endloop
 endfacet
 facet normal 0.278138 0.959991 -0.0325103
  outer loop
   vertex 0.0256173 0.186045 -2.352
   vertex 0.0360083 0.183034 -2.352
   vertex 0.0202464 0.178254 -2.628
  endloop
 endfacet
 facet normal 0.255281 0.96636 -0.0313153
  outer loop
   vertex 0.0202464 0.178254 -2.628
   vertex 0.0360083 0.183034 -2.352
   vertex 0.0302382 0.175614 -2.628
  endloop
 endfacet
 facet normal 0.47384 0.879971 -0.0335622
  outer loop
   vertex 0.0360083 0.183034 -2.352
   vertex 0.0399499 0.180912 -2.352
   vertex 0.0302382 0.175614 -2.628
  endloop
 endfacet
 facet normal 0.452842 0.890979 -0.0330346
  outer loop
   vertex 0.0302382 0.175614 -2.628
   vertex 0.0399499 0.180912 -2.352
   vertex 0.0340505 0.173677 -2.628
  endloop
 endfacet
 facet normal 0.597504 0.801154 -0.0337721
  outer loop
   vertex 0.0399499 0.180912 -2.352
   vertex 0.0477435 0.175099 -2.352
   vertex 0.0340505 0.173677 -2.628
  endloop
 endfacet
 facet normal 0.578336 0.815136 -0.0328931
  outer loop
   vertex 0.0340505 0.173677 -2.628
   vertex 0.0477435 0.175099 -2.352
   vertex 0.0416251 0.168303 -2.628
  endloop
 endfacet
 facet normal 0.73859 0.673349 -0.0329541
  outer loop
   vertex 0.0477435 0.175099 -2.352
   vertex 0.0559783 0.166066 -2.352
   vertex 0.0416251 0.168303 -2.628
  endloop
 endfacet
 facet normal 0.722425 0.69071 -0.0319728
  outer loop
   vertex 0.0416251 0.168303 -2.628
   vertex 0.0559783 0.166066 -2.352
   vertex 0.0496942 0.159863 -2.628
  endloop
 endfacet
 facet normal 0.848369 0.528485 -0.0311942
  outer loop
   vertex 0.0559783 0.166066 -2.352
   vertex 0.0667426 0.148787 -2.352
   vertex 0.0496942 0.159863 -2.628
  endloop
 endfacet
 facet normal 0.835627 0.548498 -0.029604
  outer loop
   vertex 0.0496942 0.159863 -2.628
   vertex 0.0667426 0.148787 -2.352
   vertex 0.060366 0.143605 -2.628
  endloop
 endfacet
 facet normal 0.916964 0.397938 -0.0286565
  outer loop
   vertex 0.0667426 0.148787 -2.352
   vertex 0.0740341 0.131985 -2.352
   vertex 0.060366 0.143605 -2.628
  endloop
 endfacet
 facet normal 0.907296 0.419607 -0.0272654
  outer loop
   vertex 0.060366 0.143605 -2.628
   vertex 0.0740341 0.131985 -2.352
   vertex 0.0677103 0.127724 -2.628
  endloop
 endfacet
 facet normal 0.945703 0.323937 -0.0266686
  outer loop
   vertex 0.0740341 0.131985 -2.352
   vertex 0.0797132 0.115405 -2.352
   vertex 0.0677103 0.127724 -2.628
  endloop
 endfacet
 facet normal 0.937782 0.346301 -0.0253259
  outer loop
   vertex 0.0677103 0.127724 -2.628
   vertex 0.0797132 0.115405 -2.352
   vertex 0.0735098 0.11202 -2.628
  endloop
 endfacet
 facet normal 0.973415 0.227717 -0.0246721
  outer loop
   vertex 0.0797132 0.115405 -2.352
   vertex 0.0873505 0.0827583 -2.352
   vertex 0.0735098 0.11202 -2.628
  endloop
 endfacet
 facet normal 0.967797 0.250772 -0.0219461
  outer loop
   vertex 0.0735098 0.11202 -2.628
   vertex 0.0873505 0.0827583 -2.352
   vertex 0.0815436 0.0810149 -2.628
  endloop
 endfacet
 facet normal 0.989211 0.144877 -0.0217277
  outer loop
   vertex 0.0873505 0.0827583 -2.352
   vertex 0.0920731 0.0505127 -2.352
   vertex 0.0815436 0.0810149 -2.628
  endloop
 endfacet
 facet normal 0.985549 0.168324 -0.0189967
  outer loop
   vertex 0.0815436 0.0810149 -2.628
   vertex 0.0920731 0.0505127 -2.352
   vertex 0.0867848 0.0503273 -2.628
  endloop
 endfacet
 facet normal 0.996792 0.0777152 -0.0191513
  outer loop
   vertex 0.0920731 0.0505127 -2.352
   vertex 0.0945632 0.0185745 -2.352
   vertex 0.0867848 0.0503273 -2.628
  endloop
 endfacet
 facet normal 0.994715 0.101356 -0.016373
  outer loop
   vertex 0.0867848 0.0503273 -2.628
   vertex 0.0945632 0.0185745 -2.352
   vertex 0.0898869 0.0198827 -2.628
  endloop
 endfacet
 facet normal 0.999838 0.00618216 -0.0169109
  outer loop
   vertex 0.0945632 0.0185745 -2.352
   vertex 0.0947587 -0.0130477 -2.352
   vertex 0.0898869 0.0198827 -2.628
  endloop
 endfacet
 facet normal 0.999453 0.0299122 -0.0140728
  outer loop
   vertex 0.0898869 0.0198827 -2.628
   vertex 0.0947587 -0.0130477 -2.352
   vertex 0.0907906 -0.0103122 -2.628
  endloop
 endfacet
 facet normal 0.997373 -0.070862 -0.0150417
  outer loop
   vertex 0.0947587 -0.0130477 -2.352
   vertex 0.0925357 -0.044337 -2.352
   vertex 0.0907906 -0.0103122 -2.628
  endloop
 endfacet
 facet normal 0.998813 -0.0471719 -0.0121303
  outer loop
   vertex 0.0907906 -0.0103122 -2.628
   vertex 0.0925357 -0.044337 -2.352
   vertex 0.089377 -0.0402439 -2.628
  endloop
 endfacet
 facet normal 0.990836 -0.134414 -0.0133328
  outer loop
   vertex 0.0925357 -0.044337 -2.352
   vertex 0.0883281 -0.0753529 -2.352
   vertex 0.089377 -0.0402439 -2.628
  endloop
 endfacet
 facet normal 0.993782 -0.110863 -0.0103258
  outer loop
   vertex 0.089377 -0.0402439 -2.628
   vertex 0.0883281 -0.0753529 -2.352
   vertex 0.086062 -0.0699596 -2.628
  endloop
 endfacet
 facet normal 0.981408 -0.19157 -0.0118013
  outer loop
   vertex 0.0883281 -0.0753529 -2.352
   vertex 0.0823222 -0.106121 -2.352
   vertex 0.086062 -0.0699596 -2.628
  endloop
 endfacet
 facet normal 0.98571 -0.168229 -0.00868483
  outer loop
   vertex 0.086062 -0.0699596 -2.628
   vertex 0.0823222 -0.106121 -2.352
   vertex 0.0810239 -0.0994796 -2.628
  endloop
 endfacet
 facet normal 0.970703 -0.240059 -0.0103428
  outer loop
   vertex 0.0823222 -0.106121 -2.352
   vertex 0.0747658 -0.136676 -2.352
   vertex 0.0810239 -0.0994796 -2.628
  endloop
 endfacet
 facet normal 0.976155 -0.216958 -0.00710589
  outer loop
   vertex 0.0810239 -0.0994796 -2.628
   vertex 0.0747658 -0.136676 -2.352
   vertex 0.0745004 -0.128831 -2.628
  endloop
 endfacet
 facet normal 0.95942 -0.281841 -0.00893405
  outer loop
   vertex 0.0747658 -0.136676 -2.352
   vertex 0.0658452 -0.167043 -2.352
   vertex 0.0745004 -0.128831 -2.628
  endloop
 endfacet
 facet normal 0.965862 -0.258996 -0.00556922
  outer loop
   vertex 0.0745004 -0.128831 -2.628
   vertex 0.0658452 -0.167043 -2.352
   vertex 0.0666696 -0.158034 -2.628
  endloop
 endfacet
 facet normal 0.946514 -0.322569 -0.00770221
  outer loop
   vertex 0.0658452 -0.167043 -2.352
   vertex 0.0555602 -0.197222 -2.352
   vertex 0.0666696 -0.158034 -2.628
  endloop
 endfacet
 facet normal 0.953924 -0.30002 -0.00420226
  outer loop
   vertex 0.0666696 -0.158034 -2.628
   vertex 0.0555602 -0.197222 -2.352
   vertex 0.0575317 -0.187088 -2.628
  endloop
 endfacet
 facet normal 0.934176 -0.356756 -0.00642656
  outer loop
   vertex 0.0555602 -0.197222 -2.352
   vertex 0.0440969 -0.227239 -2.352
   vertex 0.0575317 -0.187088 -2.628
  endloop
 endfacet
 facet normal 0.942395 -0.334489 -0.00278719
  outer loop
   vertex 0.0575317 -0.187088 -2.628
   vertex 0.0440969 -0.227239 -2.352
   vertex 0.0472648 -0.216014 -2.628
  endloop
 endfacet
 facet normal 0.922285 -0.386477 -0.00513238
  outer loop
   vertex 0.0440969 -0.227239 -2.352
   vertex 0.0315794 -0.257111 -2.352
   vertex 0.0472648 -0.216014 -2.628
  endloop
 endfacet
 facet normal 0.931209 -0.364482 -0.00135009
  outer loop
   vertex 0.0472648 -0.216014 -2.628
   vertex 0.0315794 -0.257111 -2.352
   vertex 0.0359878 -0.244826 -2.628
  endloop
 endfacet
 facet normal 0.914203 -0.405241 -0.00343599
  outer loop
   vertex 0.0315794 -0.257111 -2.352
   vertex 0.0183797 -0.286889 -2.352
   vertex 0.0359878 -0.244826 -2.628
  endloop
 endfacet
 facet normal 0.923569 -0.383432 0.000485253
  outer loop
   vertex 0.0359878 -0.244826 -2.628
   vertex 0.0183797 -0.286889 -2.352
   vertex 0.0240572 -0.273563 -2.628
  endloop
 endfacet
 facet normal 0.905838 -0.42362 -0.00181986
  outer loop
   vertex 0.0183797 -0.286889 -2.352
   vertex 0.00449786 -0.316573 -2.352
   vertex 0.0240572 -0.273563 -2.628
  endloop
 endfacet
 facet normal 0.915636 -0.402002 0.00224339
  outer loop
   vertex 0.0240572 -0.273563 -2.628
   vertex 0.00449786 -0.316573 -2.352
   vertex 0.011473 -0.302226 -2.628
  endloop
 endfacet
 facet normal 0.899589 -0.436738 3.21592e-05
  outer loop
   vertex 0.00449786 -0.316573 -2.352
   vertex -0.00988011 -0.346188 -2.352
   vertex 0.011473 -0.302226 -2.628
  endloop
 endfacet
 facet normal 0.909693 -0.415261 0.00423489
  outer loop
   vertex 0.011473 -0.302226 -2.628
   vertex -0.00988011 -0.346188 -2.352
   vertex -0.00158653 -0.330835 -2.628
  endloop
 endfacet
 facet normal 0.894011 -0.448041 0.00194015
  outer loop
   vertex -0.00988011 -0.346188 -2.352
   vertex -0.0246922 -0.375744 -2.352
   vertex -0.00158653 -0.330835 -2.628
  endloop
 endfacet
 facet normal 0.904377 -0.426687 0.00628253
  outer loop
   vertex -0.00158653 -0.330835 -2.628
   vertex -0.0246922 -0.375744 -2.352
   vertex -0.015062 -0.359396 -2.628
  endloop
 endfacet
 facet normal 0.890778 -0.454419 0.00416543
  outer loop
   vertex -0.0246922 -0.375744 -2.352
   vertex -0.0397523 -0.405266 -2.352
   vertex -0.015062 -0.359396 -2.628
  endloop
 endfacet
 facet normal 0.901286 -0.433138 0.00864235
  outer loop
   vertex -0.015062 -0.359396 -2.628
   vertex -0.0397523 -0.405266 -2.352
   vertex -0.0287751 -0.387931 -2.628
  endloop
 endfacet
 facet normal 0.832272 -0.554365 -0.00171645
  outer loop
   vertex -0.0397523 -0.405266 -2.352
   vertex -0.0590295 -0.434206 -2.352
   vertex -0.0287751 -0.387931 -2.628
  endloop
 endfacet
 facet normal 0.845193 -0.534452 0.00303867
  outer loop
   vertex -0.0287751 -0.387931 -2.628
   vertex -0.0590295 -0.434206 -2.352
   vertex -0.0465287 -0.416007 -2.628
  endloop
 endfacet
 facet normal -0.063625 0.997611 -0.0269216
  outer loop
   vertex 0.0256173 0.186045 -2.352
   vertex 0.0202464 0.178254 -2.628
   vertex 0.017776 0.185545 -2.352
  endloop
 endfacet
 facet normal -0.0872868 0.995815 -0.027086
  outer loop
   vertex 0.0202464 0.178254 -2.628
   vertex 0.0127693 0.177599 -2.628
   vertex 0.017776 0.185545 -2.352
  endloop
 endfacet
 facet normal -0.361786 0.932041 -0.0202705
  outer loop
   vertex 0.017776 0.185545 -2.352
   vertex 0.0127693 0.177599 -2.628
   vertex 0.0147718 0.184378 -2.352
  endloop
 endfacet
 facet normal -0.383797 0.923203 -0.0198937
  outer loop
   vertex 0.0127693 0.177599 -2.628
   vertex 0.00992678 0.176417 -2.628
   vertex 0.0147718 0.184378 -2.352
  endloop
 endfacet
 facet normal -0.57291 0.819506 -0.0135826
  outer loop
   vertex 0.0147718 0.184378 -2.352
   vertex 0.00992678 0.176417 -2.628
   vertex 0.00910819 0.180419 -2.352
  endloop
 endfacet
 facet normal -0.592204 0.805676 -0.0134393
  outer loop
   vertex 0.00992678 0.176417 -2.628
   vertex 0.00460776 0.172507 -2.628
   vertex 0.00910819 0.180419 -2.352
  endloop
 endfacet
 facet normal -0.753493 0.657423 -0.0065595
  outer loop
   vertex 0.00910819 0.180419 -2.352
   vertex 0.00460776 0.172507 -2.628
   vertex 0.00295558 0.173367 -2.352
  endloop
 endfacet
 facet normal -0.768885 0.639353 -0.00659533
  outer loop
   vertex 0.00460776 0.172507 -2.628
   vertex -0.00110811 0.165633 -2.628
   vertex 0.00295558 0.173367 -2.352
  endloop
 endfacet
 facet normal -0.857067 0.515201 -0.00181799
  outer loop
   vertex 0.00295558 0.173367 -2.352
   vertex -0.00110811 0.165633 -2.628
   vertex -0.00581478 0.158777 -2.352
  endloop
 endfacet
 facet normal -0.869052 0.494714 -0.00253126
  outer loop
   vertex -0.00110811 0.165633 -2.628
   vertex -0.00915303 0.151501 -2.628
   vertex -0.00581478 0.158777 -2.352
  endloop
 endfacet
 facet normal -0.927288 0.374347 0.00134645
  outer loop
   vertex -0.00581478 0.158777 -2.352
   vertex -0.00915303 0.151501 -2.628
   vertex -0.0118565 0.143811 -2.352
  endloop
 endfacet
 facet normal -0.935911 0.352235 0.000645939
  outer loop
   vertex -0.00915303 0.151501 -2.628
   vertex -0.0145836 0.137072 -2.628
   vertex -0.0118565 0.143811 -2.352
  endloop
 endfacet
 facet normal -0.954359 0.298653 0.00213669
  outer loop
   vertex -0.0118565 0.143811 -2.352
   vertex -0.0145836 0.137072 -2.628
   vertex -0.0165959 0.128667 -2.352
  endloop
 endfacet
 facet normal -0.961181 0.275915 0.00139453
  outer loop
   vertex -0.0145836 0.137072 -2.628
   vertex -0.0187663 0.122501 -2.628
   vertex -0.0165959 0.128667 -2.352
  endloop
 endfacet
 facet normal -0.972623 0.232377 0.00245718
  outer loop
   vertex -0.0165959 0.128667 -2.352
   vertex -0.0187663 0.122501 -2.628
   vertex -0.0239042 0.0980774 -2.352
  endloop
 endfacet
 facet normal -0.977867 0.209228 0.000311133
  outer loop
   vertex -0.0187663 0.122501 -2.628
   vertex -0.0250522 0.0931222 -2.628
   vertex -0.0239042 0.0980774 -2.352
  endloop
 endfacet
 facet normal -0.983699 0.179822 0.000863332
  outer loop
   vertex -0.0239042 0.0980774 -2.352
   vertex -0.0250522 0.0931222 -2.628
   vertex -0.029538 0.0672579 -2.352
  endloop
 endfacet
 facet normal -0.987689 0.156424 -0.00139422
  outer loop
   vertex -0.0250522 0.0931222 -2.628
   vertex -0.0297338 0.0635617 -2.628
   vertex -0.029538 0.0672579 -2.352
  endloop
 endfacet
 facet normal -0.990377 0.138388 -0.00115078
  outer loop
   vertex -0.029538 0.0672579 -2.352
   vertex -0.0297338 0.0635617 -2.628
   vertex -0.0338696 0.036259 -2.352
  endloop
 endfacet
 facet normal -0.993377 0.114843 -0.00352491
  outer loop
   vertex -0.0297338 0.0635617 -2.628
   vertex -0.0331676 0.0338595 -2.628
   vertex -0.0338696 0.036259 -2.352
  endloop
 endfacet
 facet normal -0.99471 0.102665 -0.00342243
  outer loop
   vertex -0.0338696 0.036259 -2.352
   vertex -0.0331676 0.0338595 -2.628
   vertex -0.0370849 0.00510638 -2.352
  endloop
 endfacet
 facet normal -0.996855 0.0790265 -0.00591546
  outer loop
   vertex -0.0331676 0.0338595 -2.628
   vertex -0.0355319 0.00403579 -2.628
   vertex -0.0370849 0.00510638 -2.352
  endloop
 endfacet
 facet normal -0.996382 0.0847773 -0.00593511
  outer loop
   vertex -0.0370849 0.00510638 -2.352
   vertex -0.0355319 0.00403579 -2.628
   vertex -0.039742 -0.0261231 -2.352
  endloop
 endfacet
 facet normal -0.998095 0.0611038 -0.00854806
  outer loop
   vertex -0.0355319 0.00403579 -2.628
   vertex -0.0373615 -0.0258487 -2.628
   vertex -0.039742 -0.0261231 -2.352
  endloop
 endfacet
 facet normal -0.997008 0.0768271 -0.00852306
  outer loop
   vertex -0.039742 -0.0261231 -2.352
   vertex -0.0373615 -0.0258487 -2.628
   vertex -0.0421511 -0.0573867 -2.352
  endloop
 endfacet
 facet normal -0.998524 0.0531406 -0.011256
  outer loop
   vertex -0.0373615 -0.0258487 -2.628
   vertex -0.0389533 -0.0557601 -2.628
   vertex -0.0421511 -0.0573867 -2.352
  endloop
 endfacet
 facet normal -0.996828 0.078812 -0.011085
  outer loop
   vertex -0.0421511 -0.0573867 -2.352
   vertex -0.0389533 -0.0557601 -2.628
   vertex -0.0446223 -0.0886417 -2.352
  endloop
 endfacet
 facet normal -0.998382 0.055129 -0.0139385
  outer loop
   vertex -0.0389533 -0.0557601 -2.628
   vertex -0.0406046 -0.0856648 -2.628
   vertex -0.0446223 -0.0886417 -2.352
  endloop
 endfacet
 facet normal -0.997102 0.0748361 -0.0137073
  outer loop
   vertex -0.0446223 -0.0886417 -2.352
   vertex -0.0406046 -0.0856648 -2.628
   vertex -0.0469694 -0.119914 -2.352
  endloop
 endfacet
 facet normal -0.998552 0.0511471 -0.0166803
  outer loop
   vertex -0.0406046 -0.0856648 -2.628
   vertex -0.0421371 -0.115583 -2.628
   vertex -0.0469694 -0.119914 -2.352
  endloop
 endfacet
 facet normal -0.996913 0.0768198 -0.0162487
  outer loop
   vertex -0.0469694 -0.119914 -2.352
   vertex -0.0421371 -0.115583 -2.628
   vertex -0.0493785 -0.151177 -2.352
  endloop
 endfacet
 facet normal -0.9984 0.0531344 -0.0193424
  outer loop
   vertex -0.0421371 -0.115583 -2.628
   vertex -0.043729 -0.145494 -2.628
   vertex -0.0493785 -0.151177 -2.352
  endloop
 endfacet
 facet normal -0.997164 0.0728433 -0.0189112
  outer loop
   vertex -0.0493785 -0.151177 -2.352
   vertex -0.043729 -0.145494 -2.628
   vertex -0.0516635 -0.182458 -2.352
  endloop
 endfacet
 facet normal -0.998546 0.0491524 -0.0221238
  outer loop
   vertex -0.043729 -0.145494 -2.628
   vertex -0.045202 -0.175419 -2.628
   vertex -0.0516635 -0.182458 -2.352
  endloop
 endfacet
 facet normal -0.997254 0.0708534 -0.0215401
  outer loop
   vertex -0.0516635 -0.182458 -2.352
   vertex -0.045202 -0.175419 -2.628
   vertex -0.0538866 -0.213747 -2.352
  endloop
 endfacet
 facet normal -0.998578 0.0471607 -0.024872
  outer loop
   vertex -0.045202 -0.175419 -2.628
   vertex -0.0466156 -0.205351 -2.628
   vertex -0.0538866 -0.213747 -2.352
  endloop
 endfacet
 facet normal -0.997467 0.0668783 -0.0242429
  outer loop
   vertex -0.0538866 -0.213747 -2.352
   vertex -0.0466156 -0.205351 -2.628
   vertex -0.0559856 -0.245054 -2.352
  endloop
 endfacet
 facet normal -0.998683 0.0431815 -0.0276929
  outer loop
   vertex -0.0466156 -0.205351 -2.628
   vertex -0.0479104 -0.235296 -2.628
   vertex -0.0559856 -0.245054 -2.352
  endloop
 endfacet
 facet normal -0.997776 0.0609196 -0.0270393
  outer loop
   vertex -0.0559856 -0.245054 -2.352
   vertex -0.0479104 -0.235296 -2.628
   vertex -0.0578986 -0.276386 -2.352
  endloop
 endfacet
 facet normal -0.998838 0.0372169 -0.0306065
  outer loop
   vertex -0.0479104 -0.235296 -2.628
   vertex -0.0490269 -0.265262 -2.628
   vertex -0.0578986 -0.276386 -2.352
  endloop
 endfacet
 facet normal -0.998146 0.0529818 -0.0299488
  outer loop
   vertex -0.0578986 -0.276386 -2.352
   vertex -0.0490269 -0.265262 -2.628
   vertex -0.0595635 -0.307752 -2.352
  endloop
 endfacet
 facet normal -0.999006 0.0292732 -0.0336316
  outer loop
   vertex -0.0490269 -0.265262 -2.628
   vertex -0.0499057 -0.295254 -2.628
   vertex -0.0595635 -0.307752 -2.352
  endloop
 endfacet
 facet normal -0.998262 0.0490139 -0.0327117
  outer loop
   vertex -0.0595635 -0.307752 -2.352
   vertex -0.0499057 -0.295254 -2.628
   vertex -0.0611044 -0.339135 -2.352
  endloop
 endfacet
 facet normal -0.999013 0.025304 -0.0365117
  outer loop
   vertex -0.0499057 -0.295254 -2.628
   vertex -0.0506658 -0.32526 -2.628
   vertex -0.0611044 -0.339135 -2.352
  endloop
 endfacet
 facet normal -0.998354 0.0450483 -0.0354942
  outer loop
   vertex -0.0611044 -0.339135 -2.352
   vertex -0.0506658 -0.32526 -2.628
   vertex -0.0625212 -0.370535 -2.352
  endloop
 endfacet
 facet normal -0.998995 0.0213374 -0.0394113
  outer loop
   vertex -0.0506658 -0.32526 -2.628
   vertex -0.0513069 -0.35528 -2.628
   vertex -0.0625212 -0.370535 -2.352
  endloop
 endfacet
 facet normal -0.998421 0.0410856 -0.0382964
  outer loop
   vertex -0.0625212 -0.370535 -2.352
   vertex -0.0513069 -0.35528 -2.628
   vertex -0.0638141 -0.401952 -2.352
  endloop
 endfacet
 facet normal -0.998953 0.017374 -0.0423303
  outer loop
   vertex -0.0513069 -0.35528 -2.628
   vertex -0.0518293 -0.385312 -2.628
   vertex -0.0638141 -0.401952 -2.352
  endloop
 endfacet
 facet normal -0.987851 -0.14654 -0.0517305
  outer loop
   vertex -0.0638141 -0.401952 -2.352
   vertex -0.0518293 -0.385312 -2.628
   vertex -0.0590295 -0.434206 -2.352
  endloop
 endfacet
 facet normal -0.983881 -0.169907 -0.0557665
  outer loop
   vertex -0.0518293 -0.385312 -2.628
   vertex -0.0465287 -0.416007 -2.628
   vertex -0.0590295 -0.434206 -2.352
  endloop
 endfacet
 facet normal 0.255278 0.966345 -0.0317817
  outer loop
   vertex 0.0202464 0.178254 -2.628
   vertex 0.0302382 0.175614 -2.628
   vertex 0.0160925 0.170241 -2.905
  endloop
 endfacet
 facet normal 0.237028 0.97101 -0.0309403
  outer loop
   vertex 0.0160925 0.170241 -2.905
   vertex 0.0302382 0.175614 -2.628
   vertex 0.0256622 0.167905 -2.905
  endloop
 endfacet
 facet normal 0.452853 0.891001 -0.0322789
  outer loop
   vertex 0.0302382 0.175614 -2.628
   vertex 0.0340505 0.173677 -2.628
   vertex 0.0256622 0.167905 -2.905
  endloop
 endfacet
 facet normal 0.435973 0.899393 -0.0319426
  outer loop
   vertex 0.0256622 0.167905 -2.905
   vertex 0.0340505 0.173677 -2.628
   vertex 0.0293301 0.166127 -2.905
  endloop
 endfacet
 facet normal 0.578351 0.815157 -0.032073
  outer loop
   vertex 0.0340505 0.173677 -2.628
   vertex 0.0416251 0.168303 -2.628
   vertex 0.0293301 0.166127 -2.905
  endloop
 endfacet
 facet normal 0.562897 0.825928 -0.0314716
  outer loop
   vertex 0.0293301 0.166127 -2.905
   vertex 0.0416251 0.168303 -2.628
   vertex 0.0366454 0.161141 -2.905
  endloop
 endfacet
 facet normal 0.722451 0.690734 -0.0308449
  outer loop
   vertex 0.0416251 0.168303 -2.628
   vertex 0.0496942 0.159863 -2.628
   vertex 0.0366454 0.161141 -2.905
  endloop
 endfacet
 facet normal 0.709316 0.704245 -0.0301638
  outer loop
   vertex 0.0366454 0.161141 -2.905
   vertex 0.0496942 0.159863 -2.628
   vertex 0.0444869 0.153243 -2.905
  endloop
 endfacet
 facet normal 0.835647 0.548511 -0.0288171
  outer loop
   vertex 0.0496942 0.159863 -2.628
   vertex 0.060366 0.143605 -2.628
   vertex 0.0444869 0.153243 -2.905
  endloop
 endfacet
 facet normal 0.825187 0.564182 -0.0276722
  outer loop
   vertex 0.0444869 0.153243 -2.905
   vertex 0.060366 0.143605 -2.628
   vertex 0.0549493 0.137941 -2.905
  endloop
 endfacet
 facet normal 0.907319 0.419618 -0.0263224
  outer loop
   vertex 0.060366 0.143605 -2.628
   vertex 0.0677103 0.127724 -2.628
   vertex 0.0549493 0.137941 -2.905
  endloop
 endfacet
 facet normal 0.899272 0.436656 -0.0253233
  outer loop
   vertex 0.0549493 0.137941 -2.905
   vertex 0.0677103 0.127724 -2.628
   vertex 0.0622338 0.122939 -2.905
  endloop
 endfacet
 facet normal 0.9378 0.346308 -0.0245241
  outer loop
   vertex 0.0677103 0.127724 -2.628
   vertex 0.0735098 0.11202 -2.628
   vertex 0.0622338 0.122939 -2.905
  endloop
 endfacet
 facet normal 0.931128 0.363931 -0.0235578
  outer loop
   vertex 0.0622338 0.122939 -2.905
   vertex 0.0735098 0.11202 -2.628
   vertex 0.0680429 0.108076 -2.905
  endloop
 endfacet
 facet normal 0.967782 0.250768 -0.0226702
  outer loop
   vertex 0.0735098 0.11202 -2.628
   vertex 0.0815436 0.0810149 -2.628
   vertex 0.0680429 0.108076 -2.905
  endloop
 endfacet
 facet normal 0.962925 0.268977 -0.0206546
  outer loop
   vertex 0.0680429 0.108076 -2.905
   vertex 0.0815436 0.0810149 -2.628
   vertex 0.0762562 0.0786728 -2.905
  endloop
 endfacet
 facet normal 0.985525 0.16832 -0.020235
  outer loop
   vertex 0.0815436 0.0810149 -2.628
   vertex 0.0867848 0.0503273 -2.628
   vertex 0.0762562 0.0786728 -2.905
  endloop
 endfacet
 facet normal 0.982215 0.186873 -0.0182107
  outer loop
   vertex 0.0762562 0.0786728 -2.905
   vertex 0.0867848 0.0503273 -2.628
   vertex 0.0818024 0.0495215 -2.905
  endloop
 endfacet
 facet normal 0.994684 0.101353 -0.0181861
  outer loop
   vertex 0.0867848 0.0503273 -2.628
   vertex 0.0898869 0.0198827 -2.628
   vertex 0.0818024 0.0495215 -2.905
  endloop
 endfacet
 facet normal 0.992632 0.120088 -0.0161216
  outer loop
   vertex 0.0818024 0.0495215 -2.905
   vertex 0.0898869 0.0198827 -2.628
   vertex 0.0853058 0.0205633 -2.905
  endloop
 endfacet
 facet normal 0.999417 0.0299111 -0.0164554
  outer loop
   vertex 0.0898869 0.0198827 -2.628
   vertex 0.0907906 -0.0103122 -2.628
   vertex 0.0853058 0.0205633 -2.905
  endloop
 endfacet
 facet normal 0.998708 0.0487444 -0.0143421
  outer loop
   vertex 0.0853058 0.0205633 -2.905
   vertex 0.0907906 -0.0103122 -2.628
   vertex 0.0867095 -0.00819646 -2.905
  endloop
 endfacet
 facet normal 0.998773 -0.04717 -0.0150757
  outer loop
   vertex 0.0907906 -0.0103122 -2.628
   vertex 0.089377 -0.0402439 -2.628
   vertex 0.0867095 -0.00819646 -2.905
  endloop
 endfacet
 facet normal 0.999515 -0.0283371 -0.012904
  outer loop
   vertex 0.0867095 -0.00819646 -2.905
   vertex 0.089377 -0.0402439 -2.628
   vertex 0.0859 -0.036747 -2.905
  endloop
 endfacet
 facet normal 0.993739 -0.110858 -0.0138732
  outer loop
   vertex 0.089377 -0.0402439 -2.628
   vertex 0.086062 -0.0699596 -2.628
   vertex 0.0859 -0.036747 -2.905
  endloop
 endfacet
 facet normal 0.995681 -0.0921107 -0.0116265
  outer loop
   vertex 0.0859 -0.036747 -2.905
   vertex 0.086062 -0.0699596 -2.628
   vertex 0.0832747 -0.0651259 -2.905
  endloop
 endfacet
 facet normal 0.985665 -0.168221 -0.0128539
  outer loop
   vertex 0.086062 -0.0699596 -2.628
   vertex 0.0810239 -0.0994796 -2.628
   vertex 0.0832747 -0.0651259 -2.905
  endloop
 endfacet
 facet normal 0.988688 -0.149617 -0.010522
  outer loop
   vertex 0.0832747 -0.0651259 -2.905
   vertex 0.0810239 -0.0994796 -2.628
   vertex 0.0790037 -0.0933492 -2.905
  endloop
 endfacet
 facet normal 0.97611 -0.216949 -0.0119204
  outer loop
   vertex 0.0810239 -0.0994796 -2.628
   vertex 0.0745004 -0.128831 -2.628
   vertex 0.0790037 -0.0933492 -2.905
  endloop
 endfacet
 facet normal 0.980051 -0.198517 -0.0094954
  outer loop
   vertex 0.0790037 -0.0933492 -2.905
   vertex 0.0745004 -0.128831 -2.628
   vertex 0.073314 -0.121438 -2.905
  endloop
 endfacet
 facet normal 0.965818 -0.258985 -0.0110482
  outer loop
   vertex 0.0745004 -0.128831 -2.628
   vertex 0.0666696 -0.158034 -2.628
   vertex 0.073314 -0.121438 -2.905
  endloop
 endfacet
 facet normal 0.970552 -0.240741 -0.00852438
  outer loop
   vertex 0.073314 -0.121438 -2.905
   vertex 0.0666696 -0.158034 -2.628
   vertex 0.0663759 -0.14941 -2.905
  endloop
 endfacet
 facet normal 0.953881 -0.300007 -0.0103519
  outer loop
   vertex 0.0666696 -0.158034 -2.628
   vertex 0.0575317 -0.187088 -2.628
   vertex 0.0663759 -0.14941 -2.905
  endloop
 endfacet
 facet normal 0.959389 -0.281981 -0.00772416
  outer loop
   vertex 0.0663759 -0.14941 -2.905
   vertex 0.0575317 -0.187088 -2.628
   vertex 0.0581893 -0.177263 -2.905
  endloop
 endfacet
 facet normal 0.942355 -0.334475 -0.00962657
  outer loop
   vertex 0.0575317 -0.187088 -2.628
   vertex 0.0472648 -0.216014 -2.628
   vertex 0.0581893 -0.177263 -2.905
  endloop
 endfacet
 facet normal 0.948514 -0.31666 -0.00689148
  outer loop
   vertex 0.0581893 -0.177263 -2.905
   vertex 0.0472648 -0.216014 -2.628
   vertex 0.0489246 -0.205014 -2.905
  endloop
 endfacet
 facet normal 0.931173 -0.364468 -0.0088939
  outer loop
   vertex 0.0472648 -0.216014 -2.628
   vertex 0.0359878 -0.244826 -2.628
   vertex 0.0489246 -0.205014 -2.905
  endloop
 endfacet
 facet normal 0.937898 -0.346859 -0.00604908
  outer loop
   vertex 0.0489246 -0.205014 -2.905
   vertex 0.0359878 -0.244826 -2.628
   vertex 0.0386952 -0.232674 -2.905
  endloop
 endfacet
 facet normal 0.923541 -0.383421 -0.00779326
  outer loop
   vertex 0.0359878 -0.244826 -2.628
   vertex 0.0240572 -0.273563 -2.628
   vertex 0.0386952 -0.232674 -2.905
  endloop
 endfacet
 facet normal 0.930621 -0.365952 -0.00484058
  outer loop
   vertex 0.0386952 -0.232674 -2.905
   vertex 0.0240572 -0.273563 -2.628
   vertex 0.0278415 -0.260275 -2.905
  endloop
 endfacet
 facet normal 0.915617 -0.401993 -0.00677443
  outer loop
   vertex 0.0240572 -0.273563 -2.628
   vertex 0.011473 -0.302226 -2.628
   vertex 0.0278415 -0.260275 -2.905
  endloop
 endfacet
 facet normal 0.923047 -0.38467 -0.00371181
  outer loop
   vertex 0.0278415 -0.260275 -2.905
   vertex 0.011473 -0.302226 -2.628
   vertex 0.0163636 -0.287817 -2.905
  endloop
 endfacet
 facet normal 0.909687 -0.415258 -0.00553876
  outer loop
   vertex 0.011473 -0.302226 -2.628
   vertex -0.00158653 -0.330835 -2.628
   vertex 0.0163636 -0.287817 -2.905
  endloop
 endfacet
 facet normal 0.917364 -0.398043 -0.00236773
  outer loop
   vertex 0.0163636 -0.287817 -2.905
   vertex -0.00158653 -0.330835 -2.628
   vertex 0.00443177 -0.315316 -2.905
  endloop
 endfacet
 facet normal 0.904387 -0.426692 -0.00425465
  outer loop
   vertex -0.00158653 -0.330835 -2.628
   vertex -0.015062 -0.359396 -2.628
   vertex 0.00443177 -0.315316 -2.905
  endloop
 endfacet
 facet normal 0.912277 -0.409573 -0.000975318
  outer loop
   vertex 0.00443177 -0.315316 -2.905
   vertex -0.015062 -0.359396 -2.628
   vertex -0.00789731 -0.342778 -2.905
  endloop
 endfacet
 facet normal 0.901317 -0.433152 -0.00267337
  outer loop
   vertex -0.015062 -0.359396 -2.628
   vertex -0.0287751 -0.387931 -2.628
   vertex -0.00789731 -0.342778 -2.905
  endloop
 endfacet
 facet normal 0.909324 -0.416089 0.000711504
  outer loop
   vertex -0.00789731 -0.342778 -2.905
   vertex -0.0287751 -0.387931 -2.628
   vertex -0.0204534 -0.370218 -2.905
  endloop
 endfacet
 facet normal 0.845165 -0.534434 -0.00878353
  outer loop
   vertex -0.0287751 -0.387931 -2.628
   vertex -0.0465287 -0.416007 -2.628
   vertex -0.0204534 -0.370218 -2.905
  endloop
 endfacet
 facet normal 0.855109 -0.518422 -0.00520069
  outer loop
   vertex -0.0204534 -0.370218 -2.905
   vertex -0.0465287 -0.416007 -2.628
   vertex -0.0368683 -0.397294 -2.905
  endloop
 endfacet
 facet normal -0.0872858 0.995804 -0.0274968
  outer loop
   vertex 0.0202464 0.178254 -2.628
   vertex 0.0160925 0.170241 -2.905
   vertex 0.0127693 0.177599 -2.628
  endloop
 endfacet
 facet normal -0.106035 0.993977 -0.0276732
  outer loop
   vertex 0.0160925 0.170241 -2.905
   vertex 0.00897853 0.169482 -2.905
   vertex 0.0127693 0.177599 -2.628
  endloop
 endfacet
 facet normal -0.383782 0.923166 -0.0217974
  outer loop
   vertex 0.0127693 0.177599 -2.628
   vertex 0.00897853 0.169482 -2.905
   vertex 0.00992678 0.176417 -2.628
  endloop
 endfacet
 facet normal -0.401131 0.915767 -0.0215527
  outer loop
   vertex 0.00897853 0.169482 -2.905
   vertex 0.00629081 0.168305 -2.905
   vertex 0.00992678 0.176417 -2.628
  endloop
 endfacet
 facet normal -0.592184 0.805648 -0.0158201
  outer loop
   vertex 0.00992678 0.176417 -2.628
   vertex 0.00629081 0.168305 -2.905
   vertex 0.00460776 0.172507 -2.628
  endloop
 endfacet
 facet normal -0.607262 0.794345 -0.0157403
  outer loop
   vertex 0.00629081 0.168305 -2.905
   vertex 0.00129199 0.164483 -2.905
   vertex 0.00460776 0.172507 -2.628
  endloop
 endfacet
 facet normal -0.768869 0.639339 -0.0093158
  outer loop
   vertex 0.00460776 0.172507 -2.628
   vertex 0.00129199 0.164483 -2.905
   vertex -0.00110811 0.165633 -2.628
  endloop
 endfacet
 facet normal -0.780779 0.624738 -0.00935839
  outer loop
   vertex 0.00129199 0.164483 -2.905
   vertex -0.00403179 0.15783 -2.905
   vertex -0.00110811 0.165633 -2.628
  endloop
 endfacet
 facet normal -0.869045 0.49471 -0.00476379
  outer loop
   vertex -0.00110811 0.165633 -2.628
   vertex -0.00403179 0.15783 -2.905
   vertex -0.00915303 0.151501 -2.628
  endloop
 endfacet
 facet normal -0.878213 0.47824 -0.00530963
  outer loop
   vertex -0.00403179 0.15783 -2.905
   vertex -0.0114448 0.144217 -2.905
   vertex -0.00915303 0.151501 -2.628
  endloop
 endfacet
 facet normal -0.935911 0.352234 -0.00151893
  outer loop
   vertex -0.00915303 0.151501 -2.628
   vertex -0.0114448 0.144217 -2.905
   vertex -0.0145836 0.137072 -2.628
  endloop
 endfacet
 facet normal -0.942383 0.334531 -0.00204895
  outer loop
   vertex -0.0114448 0.144217 -2.905
   vertex -0.0163609 0.130368 -2.905
   vertex -0.0145836 0.137072 -2.628
  endloop
 endfacet
 facet normal -0.961182 0.275916 -0.000509871
  outer loop
   vertex -0.0145836 0.137072 -2.628
   vertex -0.0163609 0.130368 -2.905
   vertex -0.0187663 0.122501 -2.628
  endloop
 endfacet
 facet normal -0.966211 0.25775 -0.00106952
  outer loop
   vertex -0.0163609 0.130368 -2.905
   vertex -0.0200853 0.116407 -2.905
   vertex -0.0187663 0.122501 -2.628
  endloop
 endfacet
 facet normal -0.977867 0.209228 5.34088e-05
  outer loop
   vertex -0.0187663 0.122501 -2.628
   vertex -0.0200853 0.116407 -2.905
   vertex -0.0250522 0.0931222 -2.628
  endloop
 endfacet
 facet normal -0.981636 0.190759 -0.00156663
  outer loop
   vertex -0.0200853 0.116407 -2.905
   vertex -0.025548 0.0882961 -2.905
   vertex -0.0250522 0.0931222 -2.628
  endloop
 endfacet
 facet normal -0.98769 0.156424 -0.000957581
  outer loop
   vertex -0.0250522 0.0931222 -2.628
   vertex -0.025548 0.0882961 -2.905
   vertex -0.0297338 0.0635617 -2.628
  endloop
 endfacet
 facet normal -0.990459 0.137779 -0.00266429
  outer loop
   vertex -0.025548 0.0882961 -2.905
   vertex -0.0294785 0.0600406 -2.905
   vertex -0.0297338 0.0635617 -2.628
  endloop
 endfacet
 facet normal -0.993381 0.114843 -0.00237544
  outer loop
   vertex -0.0297338 0.0635617 -2.628
   vertex -0.0294785 0.0600406 -2.905
   vertex -0.0331676 0.0338595 -2.628
  endloop
 endfacet
 facet normal -0.995363 0.0960986 -0.00417352
  outer loop
   vertex -0.0294785 0.0600406 -2.905
   vertex -0.0322173 0.0316725 -2.905
   vertex -0.0331676 0.0338595 -2.628
  endloop
 endfacet
 facet normal -0.996864 0.0790273 -0.00404389
  outer loop
   vertex -0.0331676 0.0338595 -2.628
   vertex -0.0322173 0.0316725 -2.905
   vertex -0.0355319 0.00403579 -2.628
  endloop
 endfacet
 facet normal -0.998167 0.0602235 -0.00593556
  outer loop
   vertex -0.0322173 0.0316725 -2.905
   vertex -0.0339347 0.00320778 -2.905
   vertex -0.0355319 0.00403579 -2.628
  endloop
 endfacet
 facet normal -0.998114 0.0611049 -0.00593788
  outer loop
   vertex -0.0355319 0.00403579 -2.628
   vertex -0.0339347 0.00320778 -2.905
   vertex -0.0373615 -0.0258487 -2.628
  endloop
 endfacet
 facet normal -0.999074 0.0422804 -0.0079244
  outer loop
   vertex -0.0339347 0.00320778 -2.905
   vertex -0.0351414 -0.0253052 -2.905
   vertex -0.0373615 -0.0258487 -2.628
  endloop
 endfacet
 facet normal -0.998556 0.0531423 -0.00789893
  outer loop
   vertex -0.0373615 -0.0258487 -2.628
   vertex -0.0351414 -0.0253052 -2.905
   vertex -0.0389533 -0.0557601 -2.628
  endloop
 endfacet
 facet normal -0.999361 0.0343113 -0.0099804
  outer loop
   vertex -0.0351414 -0.0253052 -2.905
   vertex -0.0361211 -0.0538397 -2.905
   vertex -0.0389533 -0.0557601 -2.628
  endloop
 endfacet
 facet normal -0.998431 0.0551317 -0.00982653
  outer loop
   vertex -0.0389533 -0.0557601 -2.628
   vertex -0.0361211 -0.0538397 -2.905
   vertex -0.0406046 -0.0856648 -2.628
  endloop
 endfacet
 facet normal -0.999269 0.036302 -0.0120035
  outer loop
   vertex -0.0361211 -0.0538397 -2.905
   vertex -0.0371575 -0.0823687 -2.905
   vertex -0.0406046 -0.0856648 -2.628
  endloop
 endfacet
 facet normal -0.998621 0.0511507 -0.0118187
  outer loop
   vertex -0.0406046 -0.0856648 -2.628
   vertex -0.0371575 -0.0823687 -2.905
   vertex -0.0421371 -0.115583 -2.628
  endloop
 endfacet
 facet normal -0.999378 0.0323183 -0.0140905
  outer loop
   vertex -0.0371575 -0.0823687 -2.905
   vertex -0.0380804 -0.110909 -2.905
   vertex -0.0421371 -0.115583 -2.628
  endloop
 endfacet
 facet normal -0.998493 0.0531394 -0.0137262
  outer loop
   vertex -0.0421371 -0.115583 -2.628
   vertex -0.0380804 -0.110909 -2.905
   vertex -0.043729 -0.145494 -2.628
  endloop
 endfacet
 facet normal -0.999282 0.0343082 -0.0160935
  outer loop
   vertex -0.0380804 -0.110909 -2.905
   vertex -0.0390601 -0.139443 -2.905
   vertex -0.043729 -0.145494 -2.628
  endloop
 endfacet
 facet normal -0.998667 0.0491584 -0.0157587
  outer loop
   vertex -0.043729 -0.145494 -2.628
   vertex -0.0390601 -0.139443 -2.905
   vertex -0.045202 -0.175419 -2.628
  endloop
 endfacet
 facet normal -0.999374 0.0303256 -0.0182204
  outer loop
   vertex -0.0390601 -0.139443 -2.905
   vertex -0.0399263 -0.167988 -2.905
   vertex -0.045202 -0.175419 -2.628
  endloop
 endfacet
 facet normal -0.998729 0.0471678 -0.0177562
  outer loop
   vertex -0.045202 -0.175419 -2.628
   vertex -0.0399263 -0.167988 -2.905
   vertex -0.0466156 -0.205351 -2.628
  endloop
 endfacet
 facet normal -0.999392 0.0283335 -0.0203127
  outer loop
   vertex -0.0399263 -0.167988 -2.905
   vertex -0.0407357 -0.196539 -2.905
   vertex -0.0466156 -0.205351 -2.628
  endloop
 endfacet
 facet normal -0.99887 0.0431896 -0.019829
  outer loop
   vertex -0.0466156 -0.205351 -2.628
   vertex -0.0407357 -0.196539 -2.905
   vertex -0.0479104 -0.235296 -2.628
  endloop
 endfacet
 facet normal -0.999451 0.0243532 -0.0224796
  outer loop
   vertex -0.0407357 -0.196539 -2.905
   vertex -0.0414317 -0.2251 -2.905
   vertex -0.0479104 -0.235296 -2.628
  endloop
 endfacet
 facet normal -0.999065 0.0372254 -0.0219968
  outer loop
   vertex -0.0479104 -0.235296 -2.628
   vertex -0.0414317 -0.2251 -2.905
   vertex -0.0490269 -0.265262 -2.628
  endloop
 endfacet
 facet normal -0.999525 0.0183868 -0.0247407
  outer loop
   vertex -0.0414317 -0.2251 -2.905
   vertex -0.0419573 -0.253677 -2.905
   vertex -0.0490269 -0.265262 -2.628
  endloop
 endfacet
 facet normal -0.999276 0.0292812 -0.0242788
  outer loop
   vertex -0.0490269 -0.265262 -2.628
   vertex -0.0419573 -0.253677 -2.905
   vertex -0.0499057 -0.295254 -2.628
  endloop
 endfacet
 facet normal -0.999578 0.0104405 -0.0271154
  outer loop
   vertex -0.0419573 -0.253677 -2.905
   vertex -0.0422561 -0.282276 -2.905
   vertex -0.0499057 -0.295254 -2.628
  endloop
 endfacet
 facet normal -0.999331 0.025312 -0.0264118
  outer loop
   vertex -0.0499057 -0.295254 -2.628
   vertex -0.0422561 -0.282276 -2.905
   vertex -0.0506658 -0.32526 -2.628
  endloop
 endfacet
 facet normal -0.999548 0.00647107 -0.0293421
  outer loop
   vertex -0.0422561 -0.282276 -2.905
   vertex -0.0424413 -0.310886 -2.905
   vertex -0.0506658 -0.32526 -2.628
  endloop
 endfacet
 facet normal -0.999364 0.0213453 -0.0285647
  outer loop
   vertex -0.0506658 -0.32526 -2.628
   vertex -0.0424413 -0.310886 -2.905
   vertex -0.0513069 -0.35528 -2.628
  endloop
 endfacet
 facet normal -0.999498 0.00250476 -0.0315885
  outer loop
   vertex -0.0424413 -0.310886 -2.905
   vertex -0.042513 -0.339506 -2.905
   vertex -0.0513069 -0.35528 -2.628
  endloop
 endfacet
 facet normal -0.999376 0.0173813 -0.0307375
  outer loop
   vertex -0.0513069 -0.35528 -2.628
   vertex -0.042513 -0.339506 -2.905
   vertex -0.0518293 -0.385312 -2.628
  endloop
 endfacet
 facet normal -0.999426 -0.00145813 -0.0338546
  outer loop
   vertex -0.042513 -0.339506 -2.905
   vertex -0.0424712 -0.368137 -2.905
   vertex -0.0518293 -0.385312 -2.628
  endloop
 endfacet
 facet normal -0.984469 -0.170008 -0.0438003
  outer loop
   vertex -0.0518293 -0.385312 -2.628
   vertex -0.0424712 -0.368137 -2.905
   vertex -0.0465287 -0.416007 -2.628
  endloop
 endfacet
 facet normal -0.980949 -0.188507 -0.0469456
  outer loop
   vertex -0.0424712 -0.368137 -2.905
   vertex -0.0368683 -0.397294 -2.905
   vertex -0.0465287 -0.416007 -2.628
  endloop
 endfacet
 facet normal 0.237024 0.970993 -0.0314933
  outer loop
   vertex 0.0160925 0.170241 -2.905
   vertex 0.0256622 0.167905 -2.905
   vertex 0.0127857 0.162097 -3.181
  endloop
 endfacet
 facet normal 0.221915 0.974577 -0.0308638
  outer loop
   vertex 0.0127857 0.162097 -3.181
   vertex 0.0256622 0.167905 -2.905
   vertex 0.0219187 0.160017 -3.181
  endloop
 endfacet
 facet normal 0.435977 0.899402 -0.0316186
  outer loop
   vertex 0.0256622 0.167905 -2.905
   vertex 0.0293301 0.166127 -2.905
   vertex 0.0219187 0.160017 -3.181
  endloop
 endfacet
 facet normal 0.421959 0.906071 -0.0313899
  outer loop
   vertex 0.0219187 0.160017 -3.181
   vertex 0.0293301 0.166127 -2.905
   vertex 0.0254323 0.158381 -3.181
  endloop
 endfacet
 facet normal 0.562903 0.825937 -0.0311312
  outer loop
   vertex 0.0293301 0.166127 -2.905
   vertex 0.0366454 0.161141 -2.905
   vertex 0.0254323 0.158381 -3.181
  endloop
 endfacet
 facet normal 0.550006 0.834597 -0.0306939
  outer loop
   vertex 0.0254323 0.158381 -3.181
   vertex 0.0366454 0.161141 -2.905
   vertex 0.032461 0.153749 -3.181
  endloop
 endfacet
 facet normal 0.709328 0.704256 -0.029618
  outer loop
   vertex 0.0366454 0.161141 -2.905
   vertex 0.0444869 0.153243 -2.905
   vertex 0.032461 0.153749 -3.181
  endloop
 endfacet
 facet normal 0.698318 0.715195 -0.0291183
  outer loop
   vertex 0.032461 0.153749 -3.181
   vertex 0.0444869 0.153243 -2.905
   vertex 0.0400331 0.146355 -3.181
  endloop
 endfacet
 facet normal 0.825193 0.564186 -0.0273968
  outer loop
   vertex 0.0444869 0.153243 -2.905
   vertex 0.0549493 0.137941 -2.905
   vertex 0.0400331 0.146355 -3.181
  endloop
 endfacet
 facet normal 0.816349 0.57695 -0.0265297
  outer loop
   vertex 0.0400331 0.146355 -3.181
   vertex 0.0549493 0.137941 -2.905
   vertex 0.0502063 0.131961 -3.181
  endloop
 endfacet
 facet normal 0.899281 0.43666 -0.0249151
  outer loop
   vertex 0.0549493 0.137941 -2.905
   vertex 0.0622338 0.122939 -2.905
   vertex 0.0502063 0.131961 -3.181
  endloop
 endfacet
 facet normal 0.892407 0.450585 -0.0241604
  outer loop
   vertex 0.0502063 0.131961 -3.181
   vertex 0.0622338 0.122939 -2.905
   vertex 0.0573537 0.117805 -3.181
  endloop
 endfacet
 facet normal 0.931135 0.363934 -0.0232333
  outer loop
   vertex 0.0622338 0.122939 -2.905
   vertex 0.0680429 0.108076 -2.905
   vertex 0.0573537 0.117805 -3.181
  endloop
 endfacet
 facet normal 0.925385 0.37836 -0.0225021
  outer loop
   vertex 0.0573537 0.117805 -3.181
   vertex 0.0680429 0.108076 -2.905
   vertex 0.0630963 0.10376 -3.181
  endloop
 endfacet
 facet normal 0.962909 0.268972 -0.0214639
  outer loop
   vertex 0.0680429 0.108076 -2.905
   vertex 0.0762562 0.0786728 -2.905
   vertex 0.0630963 0.10376 -3.181
  endloop
 endfacet
 facet normal 0.958646 0.283905 -0.0199033
  outer loop
   vertex 0.0630963 0.10376 -3.181
   vertex 0.0762562 0.0786728 -2.905
   vertex 0.0713395 0.0759254 -3.181
  endloop
 endfacet
 facet normal 0.982194 0.186869 -0.0193569
  outer loop
   vertex 0.0762562 0.0786728 -2.905
   vertex 0.0818024 0.0495215 -2.905
   vertex 0.0713395 0.0759254 -3.181
  endloop
 endfacet
 facet normal 0.979202 0.202109 -0.0177855
  outer loop
   vertex 0.0713395 0.0759254 -3.181
   vertex 0.0818024 0.0495215 -2.905
   vertex 0.0770433 0.0482914 -3.181
  endloop
 endfacet
 facet normal 0.992607 0.120085 -0.0176511
  outer loop
   vertex 0.0818024 0.0495215 -2.905
   vertex 0.0853058 0.0205633 -2.905
   vertex 0.0770433 0.0482914 -3.181
  endloop
 endfacet
 facet normal 0.990649 0.135492 -0.0160446
  outer loop
   vertex 0.0770433 0.0482914 -3.181
   vertex 0.0853058 0.0205633 -2.905
   vertex 0.0808018 0.0208107 -3.181
  endloop
 endfacet
 facet normal 0.998679 0.048743 -0.0162535
  outer loop
   vertex 0.0853058 0.0205633 -2.905
   vertex 0.0867095 -0.00819646 -2.905
   vertex 0.0808018 0.0208107 -3.181
  endloop
 endfacet
 facet normal 0.997827 0.0642516 -0.0146053
  outer loop
   vertex 0.0808018 0.0208107 -3.181
   vertex 0.0867095 -0.00819646 -2.905
   vertex 0.0825612 -0.0065122 -3.181
  endloop
 endfacet
 facet normal 0.999483 -0.0283362 -0.0151952
  outer loop
   vertex 0.0867095 -0.00819646 -2.905
   vertex 0.0859 -0.036747 -2.905
   vertex 0.0825612 -0.0065122 -3.181
  endloop
 endfacet
 facet normal 0.999827 -0.0128088 -0.0134984
  outer loop
   vertex 0.0825612 -0.0065122 -3.181
   vertex 0.0859 -0.036747 -2.905
   vertex 0.0822133 -0.0336689 -3.181
  endloop
 endfacet
 facet normal 0.995646 -0.0921075 -0.0143269
  outer loop
   vertex 0.0859 -0.036747 -2.905
   vertex 0.0832747 -0.0651259 -2.905
   vertex 0.0822133 -0.0336689 -3.181
  endloop
 endfacet
 facet normal 0.99698 -0.0766328 -0.0125683
  outer loop
   vertex 0.0822133 -0.0336689 -3.181
   vertex 0.0832747 -0.0651259 -2.905
   vertex 0.0801364 -0.0606893 -3.181
  endloop
 endfacet
 facet normal 0.988651 -0.149611 -0.0136467
  outer loop
   vertex 0.0832747 -0.0651259 -2.905
   vertex 0.0790037 -0.0933492 -2.905
   vertex 0.0801364 -0.0606893 -3.181
  endloop
 endfacet
 facet normal 0.990878 -0.13424 -0.0118186
  outer loop
   vertex 0.0801364 -0.0606893 -3.181
   vertex 0.0790037 -0.0933492 -2.905
   vertex 0.0764925 -0.087586 -3.181
  endloop
 endfacet
 facet normal 0.980012 -0.198509 -0.0130618
  outer loop
   vertex 0.0790037 -0.0933492 -2.905
   vertex 0.073314 -0.121438 -2.905
   vertex 0.0764925 -0.087586 -3.181
  endloop
 endfacet
 facet normal 0.983 -0.183267 -0.0111579
  outer loop
   vertex 0.0764925 -0.087586 -3.181
   vertex 0.073314 -0.121438 -2.905
   vertex 0.0714978 -0.114376 -3.181
  endloop
 endfacet
 facet normal 0.970511 -0.240731 -0.0125461
  outer loop
   vertex 0.073314 -0.121438 -2.905
   vertex 0.0663759 -0.14941 -2.905
   vertex 0.0714978 -0.114376 -3.181
  endloop
 endfacet
 facet normal 0.974156 -0.225631 -0.0105618
  outer loop
   vertex 0.0714978 -0.114376 -3.181
   vertex 0.0663759 -0.14941 -2.905
   vertex 0.0653145 -0.141073 -3.181
  endloop
 endfacet
 facet normal 0.959346 -0.281969 -0.0122066
  outer loop
   vertex 0.0663759 -0.14941 -2.905
   vertex 0.0581893 -0.177263 -2.905
   vertex 0.0653145 -0.141073 -3.181
  endloop
 endfacet
 facet normal 0.963632 -0.267039 -0.0101384
  outer loop
   vertex 0.0653145 -0.141073 -3.181
   vertex 0.0581893 -0.177263 -2.905
   vertex 0.0579424 -0.167675 -3.181
  endloop
 endfacet
 facet normal 0.94847 -0.316646 -0.011848
  outer loop
   vertex 0.0581893 -0.177263 -2.905
   vertex 0.0489246 -0.205014 -2.905
   vertex 0.0579424 -0.167675 -3.181
  endloop
 endfacet
 facet normal 0.953296 -0.301882 -0.00969305
  outer loop
   vertex 0.0579424 -0.167675 -3.181
   vertex 0.0489246 -0.205014 -2.905
   vertex 0.0495437 -0.194197 -3.181
  endloop
 endfacet
 facet normal 0.937853 -0.346843 -0.0114898
  outer loop
   vertex 0.0489246 -0.205014 -2.905
   vertex 0.0386952 -0.232674 -2.905
   vertex 0.0495437 -0.194197 -3.181
  endloop
 endfacet
 facet normal 0.943149 -0.332242 -0.00924616
  outer loop
   vertex 0.0495437 -0.194197 -3.181
   vertex 0.0386952 -0.232674 -2.905
   vertex 0.0402264 -0.220646 -3.181
  endloop
 endfacet
 facet normal 0.930578 -0.365935 -0.0107842
  outer loop
   vertex 0.0386952 -0.232674 -2.905
   vertex 0.0278415 -0.260275 -2.905
   vertex 0.0402264 -0.220646 -3.181
  endloop
 endfacet
 facet normal 0.936171 -0.351443 -0.00845241
  outer loop
   vertex 0.0402264 -0.220646 -3.181
   vertex 0.0278415 -0.260275 -2.905
   vertex 0.0303149 -0.247049 -3.181
  endloop
 endfacet
 facet normal 0.923005 -0.384653 -0.0101619
  outer loop
   vertex 0.0278415 -0.260275 -2.905
   vertex 0.0163636 -0.287817 -2.905
   vertex 0.0303149 -0.247049 -3.181
  endloop
 endfacet
 facet normal 0.928889 -0.370278 -0.0077411
  outer loop
   vertex 0.0303149 -0.247049 -3.181
   vertex 0.0163636 -0.287817 -2.905
   vertex 0.0198089 -0.273404 -3.181
  endloop
 endfacet
 facet normal 0.917327 -0.398026 -0.00933451
  outer loop
   vertex 0.0163636 -0.287817 -2.905
   vertex 0.00443177 -0.315316 -2.905
   vertex 0.0198089 -0.273404 -3.181
  endloop
 endfacet
 facet normal 0.923417 -0.383738 -0.00682546
  outer loop
   vertex 0.0198089 -0.273404 -3.181
   vertex 0.00443177 -0.315316 -2.905
   vertex 0.00887072 -0.299726 -3.181
  endloop
 endfacet
 facet normal 0.912244 -0.409559 -0.00846372
  outer loop
   vertex 0.00443177 -0.315316 -2.905
   vertex -0.00789731 -0.342778 -2.905
   vertex 0.00887072 -0.299726 -3.181
  endloop
 endfacet
 facet normal 0.918513 -0.395346 -0.00586588
  outer loop
   vertex 0.00887072 -0.299726 -3.181
   vertex -0.00789731 -0.342778 -2.905
   vertex -0.00244571 -0.326017 -3.181
  endloop
 endfacet
 facet normal 0.9093 -0.416078 -0.00730687
  outer loop
   vertex -0.00789731 -0.342778 -2.905
   vertex -0.0204534 -0.370218 -2.905
   vertex -0.00244571 -0.326017 -3.181
  endloop
 endfacet
 facet normal 0.915668 -0.40191 -0.00462237
  outer loop
   vertex -0.00244571 -0.326017 -3.181
   vertex -0.0204534 -0.370218 -2.905
   vertex -0.0139783 -0.352292 -3.181
  endloop
 endfacet
 facet normal 0.855041 -0.518381 -0.0136096
  outer loop
   vertex -0.0204534 -0.370218 -2.905
   vertex -0.0368683 -0.397294 -2.905
   vertex -0.0139783 -0.352292 -3.181
  endloop
 endfacet
 facet normal 0.86302 -0.505056 -0.0107752
  outer loop
   vertex -0.0139783 -0.352292 -3.181
   vertex -0.0368683 -0.397294 -2.905
   vertex -0.029185 -0.378276 -3.181
  endloop
 endfacet
 facet normal -0.106034 0.993967 -0.028061
  outer loop
   vertex 0.0160925 0.170241 -2.905
   vertex 0.0127857 0.162097 -3.181
   vertex 0.00897853 0.169482 -2.905
  endloop
 endfacet
 facet normal -0.121458 0.992195 -0.0282263
  outer loop
   vertex 0.0127857 0.162097 -3.181
   vertex 0.00603324 0.16127 -3.181
   vertex 0.00897853 0.169482 -2.905
  endloop
 endfacet
 facet normal -0.401119 0.915738 -0.022967
  outer loop
   vertex 0.00897853 0.169482 -2.905
   vertex 0.00603324 0.16127 -3.181
   vertex 0.00629081 0.168305 -2.905
  endloop
 endfacet
 facet normal -0.415287 0.909405 -0.0227924
  outer loop
   vertex 0.00603324 0.16127 -3.181
   vertex 0.00349524 0.160111 -3.181
   vertex 0.00629081 0.168305 -2.905
  endloop
 endfacet
 facet normal -0.607245 0.794323 -0.0174315
  outer loop
   vertex 0.00629081 0.168305 -2.905
   vertex 0.00349524 0.160111 -3.181
   vertex 0.00129199 0.164483 -2.905
  endloop
 endfacet
 facet normal -0.619513 0.784794 -0.0173784
  outer loop
   vertex 0.00349524 0.160111 -3.181
   vertex -0.00120101 0.156404 -3.181
   vertex 0.00129199 0.164483 -2.905
  endloop
 endfacet
 facet normal -0.780764 0.624725 -0.011236
  outer loop
   vertex 0.00129199 0.164483 -2.905
   vertex -0.00120101 0.156404 -3.181
   vertex -0.00403179 0.15783 -2.905
  endloop
 endfacet
 facet normal -0.790372 0.612524 -0.0112715
  outer loop
   vertex -0.00120101 0.156404 -3.181
   vertex -0.00616439 0.149999 -3.181
   vertex -0.00403179 0.15783 -2.905
  endloop
 endfacet
 facet normal -0.878205 0.478235 -0.00678281
  outer loop
   vertex -0.00403179 0.15783 -2.905
   vertex -0.00616439 0.149999 -3.181
   vertex -0.0114448 0.144217 -2.905
  endloop
 endfacet
 facet normal -0.885525 0.464536 -0.00720985
  outer loop
   vertex -0.00616439 0.149999 -3.181
   vertex -0.0130113 0.136947 -3.181
   vertex -0.0114448 0.144217 -2.905
  endloop
 endfacet
 facet normal -0.942379 0.334529 -0.00346276
  outer loop
   vertex -0.0114448 0.144217 -2.905
   vertex -0.0130113 0.136947 -3.181
   vertex -0.0163609 0.130368 -2.905
  endloop
 endfacet
 facet normal -0.94746 0.31985 -0.00387434
  outer loop
   vertex -0.0130113 0.136947 -3.181
   vertex -0.0174808 0.123708 -3.181
   vertex -0.0163609 0.130368 -2.905
  endloop
 endfacet
 facet normal -0.966209 0.257749 -0.00229959
  outer loop
   vertex -0.0163609 0.130368 -2.905
   vertex -0.0174808 0.123708 -3.181
   vertex -0.0200853 0.116407 -2.905
  endloop
 endfacet
 facet normal -0.970095 0.242711 -0.00273406
  outer loop
   vertex -0.0174808 0.123708 -3.181
   vertex -0.0208156 0.110379 -3.181
   vertex -0.0200853 0.116407 -2.905
  endloop
 endfacet
 facet normal -0.981636 0.190759 -0.00156883
  outer loop
   vertex -0.0200853 0.116407 -2.905
   vertex -0.0208156 0.110379 -3.181
   vertex -0.025548 0.0882961 -2.905
  endloop
 endfacet
 facet normal -0.984477 0.175488 -0.00283937
  outer loop
   vertex -0.0208156 0.110379 -3.181
   vertex -0.0255942 0.0835713 -3.181
   vertex -0.025548 0.0882961 -2.905
  endloop
 endfacet
 facet normal -0.990461 0.137779 -0.00219283
  outer loop
   vertex -0.025548 0.0882961 -2.905
   vertex -0.0255942 0.0835713 -3.181
   vertex -0.0294785 0.0600406 -2.905
  endloop
 endfacet
 facet normal -0.992477 0.122377 -0.00353432
  outer loop
   vertex -0.0255942 0.0835713 -3.181
   vertex -0.0289138 0.056649 -3.181
   vertex -0.0294785 0.0600406 -2.905
  endloop
 endfacet
 facet normal -0.995367 0.0960989 -0.0032173
  outer loop
   vertex -0.0294785 0.0600406 -2.905
   vertex -0.0289138 0.056649 -3.181
   vertex -0.0322173 0.0316725 -2.905
  endloop
 endfacet
 facet normal -0.996734 0.0806259 -0.00463389
  outer loop
   vertex -0.0289138 0.056649 -3.181
   vertex -0.0310988 0.0296372 -3.181
   vertex -0.0322173 0.0316725 -2.905
  endloop
 endfacet
 facet normal -0.998175 0.060224 -0.00448928
  outer loop
   vertex -0.0322173 0.0316725 -2.905
   vertex -0.0310988 0.0296372 -3.181
   vertex -0.0339347 0.00320778 -2.905
  endloop
 endfacet
 facet normal -0.998982 0.0447117 -0.00598301
  outer loop
   vertex -0.0310988 0.0296372 -3.181
   vertex -0.0323112 0.00254862 -3.181
   vertex -0.0339347 0.00320778 -2.905
  endloop
 endfacet
 facet normal -0.999088 0.042281 -0.00597783
  outer loop
   vertex -0.0339347 0.00320778 -2.905
   vertex -0.0323112 0.00254862 -3.181
   vertex -0.0351414 -0.0253052 -2.905
  endloop
 endfacet
 facet normal -0.999613 0.0267573 -0.00754987
  outer loop
   vertex -0.0323112 0.00254862 -3.181
   vertex -0.0330374 -0.0245783 -3.181
   vertex -0.0351414 -0.0253052 -2.905
  endloop
 endfacet
 facet normal -0.999383 0.0343121 -0.00752822
  outer loop
   vertex -0.0351414 -0.0253052 -2.905
   vertex -0.0330374 -0.0245783 -3.181
   vertex -0.0361211 -0.0538397 -2.905
  endloop
 endfacet
 facet normal -0.999781 0.0187842 -0.00917893
  outer loop
   vertex -0.0330374 -0.0245783 -3.181
   vertex -0.0335473 -0.0517222 -3.181
   vertex -0.0361211 -0.0538397 -2.905
  endloop
 endfacet
 facet normal -0.9993 0.0363031 -0.00904004
  outer loop
   vertex -0.0361211 -0.0538397 -2.905
   vertex -0.0335473 -0.0517222 -3.181
   vertex -0.0371575 -0.0823687 -2.905
  endloop
 endfacet
 facet normal -0.999726 0.0207768 -0.0107696
  outer loop
   vertex -0.0335473 -0.0517222 -3.181
   vertex -0.0341114 -0.0788619 -3.181
   vertex -0.0371575 -0.0823687 -2.905
  endloop
 endfacet
 facet normal -0.999421 0.0323196 -0.0106196
  outer loop
   vertex -0.0371575 -0.0823687 -2.905
   vertex -0.0341114 -0.0788619 -3.181
   vertex -0.0380804 -0.110909 -2.905
  endloop
 endfacet
 facet normal -0.999782 0.0167916 -0.0124278
  outer loop
   vertex -0.0341114 -0.0788619 -3.181
   vertex -0.0345673 -0.10601 -3.181
   vertex -0.0380804 -0.110909 -2.905
  endloop
 endfacet
 facet normal -0.999338 0.0343101 -0.0121112
  outer loop
   vertex -0.0380804 -0.110909 -2.905
   vertex -0.0345673 -0.10601 -3.181
   vertex -0.0390601 -0.139443 -2.905
  endloop
 endfacet
 facet normal -0.999726 0.0187831 -0.0139983
  outer loop
   vertex -0.0345673 -0.10601 -3.181
   vertex -0.0350773 -0.133154 -3.181
   vertex -0.0390601 -0.139443 -2.905
  endloop
 endfacet
 facet normal -0.999446 0.0303278 -0.0137312
  outer loop
   vertex -0.0390601 -0.139443 -2.905
   vertex -0.0350773 -0.133154 -3.181
   vertex -0.0399263 -0.167988 -2.905
  endloop
 endfacet
 facet normal -0.999767 0.014799 -0.0156968
  outer loop
   vertex -0.0350773 -0.133154 -3.181
   vertex -0.0354793 -0.160306 -3.181
   vertex -0.0399263 -0.167988 -2.905
  endloop
 endfacet
 facet normal -0.999481 0.028336 -0.0153154
  outer loop
   vertex -0.0399263 -0.167988 -2.905
   vertex -0.0354793 -0.160306 -3.181
   vertex -0.0407357 -0.196539 -2.905
  endloop
 endfacet
 facet normal -0.999767 0.0128077 -0.0173594
  outer loop
   vertex -0.0354793 -0.160306 -3.181
   vertex -0.0358271 -0.187463 -3.181
   vertex -0.0407357 -0.196539 -2.905
  endloop
 endfacet
 facet normal -0.999559 0.0243559 -0.0169759
  outer loop
   vertex -0.0407357 -0.196539 -2.905
   vertex -0.0358271 -0.187463 -3.181
   vertex -0.0414317 -0.2251 -2.905
  endloop
 endfacet
 facet normal -0.999779 0.00882664 -0.019098
  outer loop
   vertex -0.0358271 -0.187463 -3.181
   vertex -0.036067 -0.214629 -3.181
   vertex -0.0414317 -0.2251 -2.905
  endloop
 endfacet
 facet normal -0.999655 0.0183892 -0.0187328
  outer loop
   vertex -0.0414317 -0.2251 -2.905
   vertex -0.036067 -0.214629 -3.181
   vertex -0.0419573 -0.253677 -2.905
  endloop
 endfacet
 facet normal -0.999777 0.00285946 -0.0209326
  outer loop
   vertex -0.036067 -0.214629 -3.181
   vertex -0.0361447 -0.241807 -3.181
   vertex -0.0419573 -0.253677 -2.905
  endloop
 endfacet
 facet normal -0.999733 0.0104421 -0.0206055
  outer loop
   vertex -0.0419573 -0.253677 -2.905
   vertex -0.0361447 -0.241807 -3.181
   vertex -0.0422561 -0.282276 -2.905
  endloop
 endfacet
 facet normal -0.999725 -0.00508743 -0.0228824
  outer loop
   vertex -0.0361447 -0.241807 -3.181
   vertex -0.0360063 -0.269002 -3.181
   vertex -0.0422561 -0.282276 -2.905
  endloop
 endfacet
 facet normal -0.99973 0.00647224 -0.0223266
  outer loop
   vertex -0.0422561 -0.282276 -2.905
   vertex -0.0360063 -0.269002 -3.181
   vertex -0.0424413 -0.310886 -2.905
  endloop
 endfacet
 facet normal -0.999654 -0.00905672 -0.0246814
  outer loop
   vertex -0.0360063 -0.269002 -3.181
   vertex -0.0357599 -0.296205 -3.181
   vertex -0.0424413 -0.310886 -2.905
  endloop
 endfacet
 facet normal -0.999707 0.00250528 -0.0240677
  outer loop
   vertex -0.0424413 -0.310886 -2.905
   vertex -0.0357599 -0.296205 -3.181
   vertex -0.042513 -0.339506 -2.905
  endloop
 endfacet
 facet normal -0.999564 -0.0130223 -0.0265003
  outer loop
   vertex -0.0357599 -0.296205 -3.181
   vertex -0.0354053 -0.323417 -3.181
   vertex -0.042513 -0.339506 -2.905
  endloop
 endfacet
 facet normal -0.999665 -0.00145848 -0.0258288
  outer loop
   vertex -0.042513 -0.339506 -2.905
   vertex -0.0354053 -0.323417 -3.181
   vertex -0.0424712 -0.368137 -2.905
  endloop
 endfacet
 facet normal -0.999454 -0.0169848 -0.0283391
  outer loop
   vertex -0.0354053 -0.323417 -3.181
   vertex -0.0349427 -0.350638 -3.181
   vertex -0.0424712 -0.368137 -2.905
  endloop
 endfacet
 facet normal -0.981295 -0.188573 -0.0387227
  outer loop
   vertex -0.0424712 -0.368137 -2.905
   vertex -0.0349427 -0.350638 -3.181
   vertex -0.0368683 -0.397294 -2.905
  endloop
 endfacet
 facet normal -0.978148 -0.203772 -0.04127
  outer loop
   vertex -0.0349427 -0.350638 -3.181
   vertex -0.029185 -0.378276 -3.181
   vertex -0.0368683 -0.397294 -2.905
  endloop
 endfacet
 facet normal 0.221913 0.974571 -0.0310921
  outer loop
   vertex 0.0127857 0.162097 -3.181
   vertex 0.0219187 0.160017 -3.181
   vertex 0.010112 0.153868 -3.458
  endloop
 endfacet
 facet normal 0.209136 0.977407 -0.0306104
  outer loop
   vertex 0.010112 0.153868 -3.458
   vertex 0.0219187 0.160017 -3.181
   vertex 0.0187982 0.15201 -3.458
  endloop
 endfacet
 facet normal 0.421965 0.906084 -0.0309462
  outer loop
   vertex 0.0219187 0.160017 -3.181
   vertex 0.0254323 0.158381 -3.181
   vertex 0.0187982 0.15201 -3.458
  endloop
 endfacet
 facet normal 0.41009 0.911525 -0.0307869
  outer loop
   vertex 0.0187982 0.15201 -3.458
   vertex 0.0254323 0.158381 -3.181
   vertex 0.0221504 0.150501 -3.458
  endloop
 endfacet
 facet normal 0.550013 0.834608 -0.0302569
  outer loop
   vertex 0.0254323 0.158381 -3.181
   vertex 0.032461 0.153749 -3.181
   vertex 0.0221504 0.150501 -3.458
  endloop
 endfacet
 facet normal 0.539049 0.841743 -0.0299324
  outer loop
   vertex 0.0221504 0.150501 -3.458
   vertex 0.032461 0.153749 -3.181
   vertex 0.0288729 0.146196 -3.458
  endloop
 endfacet
 facet normal 0.69833 0.715207 -0.0285457
  outer loop
   vertex 0.032461 0.153749 -3.181
   vertex 0.0400331 0.146355 -3.181
   vertex 0.0288729 0.146196 -3.458
  endloop
 endfacet
 facet normal 0.688912 0.724297 -0.0281715
  outer loop
   vertex 0.0288729 0.146196 -3.458
   vertex 0.0400331 0.146355 -3.181
   vertex 0.036145 0.139279 -3.458
  endloop
 endfacet
 facet normal 0.816356 0.576955 -0.0261966
  outer loop
   vertex 0.0400331 0.146355 -3.181
   vertex 0.0502063 0.131961 -3.181
   vertex 0.036145 0.139279 -3.458
  endloop
 endfacet
 facet normal 0.808748 0.587601 -0.0255291
  outer loop
   vertex 0.036145 0.139279 -3.458
   vertex 0.0502063 0.131961 -3.181
   vertex 0.0459705 0.125756 -3.458
  endloop
 endfacet
 facet normal 0.892416 0.45059 -0.0237396
  outer loop
   vertex 0.0502063 0.131961 -3.181
   vertex 0.0573537 0.117805 -3.181
   vertex 0.0459705 0.125756 -3.458
  endloop
 endfacet
 facet normal 0.886454 0.462237 -0.0231603
  outer loop
   vertex 0.0459705 0.125756 -3.458
   vertex 0.0573537 0.117805 -3.181
   vertex 0.0529238 0.112421 -3.458
  endloop
 endfacet
 facet normal 0.925392 0.378363 -0.0221529
  outer loop
   vertex 0.0573537 0.117805 -3.181
   vertex 0.0630963 0.10376 -3.181
   vertex 0.0529238 0.112421 -3.458
  endloop
 endfacet
 facet normal 0.920372 0.390449 -0.0215906
  outer loop
   vertex 0.0529238 0.112421 -3.458
   vertex 0.0630963 0.10376 -3.181
   vertex 0.0585436 0.0991743 -3.458
  endloop
 endfacet
 facet normal 0.958635 0.283902 -0.0204557
  outer loop
   vertex 0.0630963 0.10376 -3.181
   vertex 0.0713395 0.0759254 -3.181
   vertex 0.0585436 0.0991743 -3.458
  endloop
 endfacet
 facet normal 0.95486 0.296433 -0.0192296
  outer loop
   vertex 0.0585436 0.0991743 -3.458
   vertex 0.0713395 0.0759254 -3.181
   vertex 0.0667058 0.0728825 -3.458
  endloop
 endfacet
 facet normal 0.979187 0.202106 -0.0186003
  outer loop
   vertex 0.0713395 0.0759254 -3.181
   vertex 0.0770433 0.0482914 -3.181
   vertex 0.0667058 0.0728825 -3.458
  endloop
 endfacet
 facet normal 0.976479 0.21491 -0.0173625
  outer loop
   vertex 0.0667058 0.0728825 -3.458
   vertex 0.0770433 0.0482914 -3.181
   vertex 0.0724574 0.0467491 -3.458
  endloop
 endfacet
 facet normal 0.99063 0.135489 -0.0171546
  outer loop
   vertex 0.0770433 0.0482914 -3.181
   vertex 0.0808018 0.0208107 -3.181
   vertex 0.0724574 0.0467491 -3.458
  endloop
 endfacet
 facet normal 0.988793 0.148448 -0.0158858
  outer loop
   vertex 0.0724574 0.0467491 -3.458
   vertex 0.0808018 0.0208107 -3.181
   vertex 0.0763626 0.020737 -3.458
  endloop
 endfacet
 facet normal 0.997805 0.0642502 -0.0160078
  outer loop
   vertex 0.0808018 0.0208107 -3.181
   vertex 0.0825612 -0.0065122 -3.181
   vertex 0.0763626 0.020737 -3.458
  endloop
 endfacet
 facet normal 0.996899 0.0773067 -0.0147031
  outer loop
   vertex 0.0763626 0.020737 -3.458
   vertex 0.0825612 -0.0065122 -3.181
   vertex 0.0783701 -0.00515039 -3.458
  endloop
 endfacet
 facet normal 0.999803 -0.0128085 -0.0151901
  outer loop
   vertex 0.0825612 -0.0065122 -3.181
   vertex 0.0822133 -0.0336689 -3.181
   vertex 0.0783701 -0.00515039 -3.458
  endloop
 endfacet
 facet normal 0.999904 0.000280282 -0.0138439
  outer loop
   vertex 0.0783701 -0.00515039 -3.458
   vertex 0.0822133 -0.0336689 -3.181
   vertex 0.0783774 -0.0309063 -3.458
  endloop
 endfacet
 facet normal 0.996953 -0.0766307 -0.0145701
  outer loop
   vertex 0.0822133 -0.0336689 -3.181
   vertex 0.0801364 -0.0606893 -3.181
   vertex 0.0783774 -0.0309063 -3.458
  endloop
 endfacet
 facet normal 0.99789 -0.0635759 -0.0131724
  outer loop
   vertex 0.0783774 -0.0309063 -3.458
   vertex 0.0801364 -0.0606893 -3.181
   vertex 0.0767433 -0.0565544 -3.458
  endloop
 endfacet
 facet normal 0.990848 -0.134236 -0.014141
  outer loop
   vertex 0.0801364 -0.0606893 -3.181
   vertex 0.0764925 -0.087586 -3.181
   vertex 0.0767433 -0.0565544 -3.458
  endloop
 endfacet
 facet normal 0.99254 -0.121257 -0.0126854
  outer loop
   vertex 0.0767433 -0.0565544 -3.458
   vertex 0.0764925 -0.087586 -3.181
   vertex 0.0736219 -0.0821047 -3.458
  endloop
 endfacet
 facet normal 0.982967 -0.183261 -0.0138132
  outer loop
   vertex 0.0764925 -0.087586 -3.181
   vertex 0.0714978 -0.114376 -3.181
   vertex 0.0736219 -0.0821047 -3.458
  endloop
 endfacet
 facet normal 0.985302 -0.170381 -0.0122948
  outer loop
   vertex 0.0736219 -0.0821047 -3.458
   vertex 0.0714978 -0.114376 -3.181
   vertex 0.0692182 -0.107571 -3.458
  endloop
 endfacet
 facet normal 0.97412 -0.225623 -0.01356
  outer loop
   vertex 0.0714978 -0.114376 -3.181
   vertex 0.0653145 -0.141073 -3.181
   vertex 0.0692182 -0.107571 -3.458
  endloop
 endfacet
 facet normal 0.97701 -0.212858 -0.0119753
  outer loop
   vertex 0.0692182 -0.107571 -3.458
   vertex 0.0653145 -0.141073 -3.181
   vertex 0.0636862 -0.132963 -3.458
  endloop
 endfacet
 facet normal 0.963594 -0.267029 -0.0134825
  outer loop
   vertex 0.0653145 -0.141073 -3.181
   vertex 0.0579424 -0.167675 -3.181
   vertex 0.0636862 -0.132963 -3.458
  endloop
 endfacet
 facet normal 0.967027 -0.254399 -0.0118285
  outer loop
   vertex 0.0636862 -0.132963 -3.458
   vertex 0.0579424 -0.167675 -3.181
   vertex 0.0570258 -0.15828 -3.458
  endloop
 endfacet
 facet normal 0.953255 -0.30187 -0.013393
  outer loop
   vertex 0.0579424 -0.167675 -3.181
   vertex 0.0495437 -0.194197 -3.181
   vertex 0.0570258 -0.15828 -3.458
  endloop
 endfacet
 facet normal 0.957146 -0.289372 -0.0116675
  outer loop
   vertex 0.0570258 -0.15828 -3.458
   vertex 0.0495437 -0.194197 -3.181
   vertex 0.0493908 -0.183534 -3.458
  endloop
 endfacet
 facet normal 0.943106 -0.332227 -0.0133095
  outer loop
   vertex 0.0495437 -0.194197 -3.181
   vertex 0.0402264 -0.220646 -3.181
   vertex 0.0493908 -0.183534 -3.458
  endloop
 endfacet
 facet normal 0.947395 -0.31986 -0.0115106
  outer loop
   vertex 0.0493908 -0.183534 -3.458
   vertex 0.0402264 -0.220646 -3.181
   vertex 0.040884 -0.20873 -3.458
  endloop
 endfacet
 facet normal 0.936127 -0.351426 -0.0128953
  outer loop
   vertex 0.0402264 -0.220646 -3.181
   vertex 0.0303149 -0.247049 -3.181
   vertex 0.040884 -0.20873 -3.458
  endloop
 endfacet
 facet normal 0.940667 -0.339151 -0.0110239
  outer loop
   vertex 0.040884 -0.20873 -3.458
   vertex 0.0303149 -0.247049 -3.181
   vertex 0.031813 -0.23389 -3.458
  endloop
 endfacet
 facet normal 0.928843 -0.370259 -0.0125656
  outer loop
   vertex 0.0303149 -0.247049 -3.181
   vertex 0.0198089 -0.273404 -3.181
   vertex 0.031813 -0.23389 -3.458
  endloop
 endfacet
 facet normal 0.933631 -0.358078 -0.0106205
  outer loop
   vertex 0.031813 -0.23389 -3.458
   vertex 0.0198089 -0.273404 -3.181
   vertex 0.0221778 -0.259012 -3.458
  endloop
 endfacet
 facet normal 0.923371 -0.383719 -0.0120405
  outer loop
   vertex 0.0198089 -0.273404 -3.181
   vertex 0.00887072 -0.299726 -3.181
   vertex 0.0221778 -0.259012 -3.458
  endloop
 endfacet
 facet normal 0.928335 -0.371609 -0.010022
  outer loop
   vertex 0.0221778 -0.259012 -3.458
   vertex 0.00887072 -0.299726 -3.181
   vertex 0.0121323 -0.284107 -3.458
  endloop
 endfacet
 facet normal 0.918469 -0.395327 -0.0114755
  outer loop
   vertex 0.00887072 -0.299726 -3.181
   vertex -0.00244571 -0.326017 -3.181
   vertex 0.0121323 -0.284107 -3.458
  endloop
 endfacet
 facet normal 0.923585 -0.383279 -0.00938343
  outer loop
   vertex 0.0121323 -0.284107 -3.458
   vertex -0.00244571 -0.326017 -3.181
   vertex 0.00172781 -0.309179 -3.458
  endloop
 endfacet
 facet normal 0.915626 -0.401891 -0.0106348
  outer loop
   vertex -0.00244571 -0.326017 -3.181
   vertex -0.0139783 -0.352292 -3.181
   vertex 0.00172781 -0.309179 -3.458
  endloop
 endfacet
 facet normal 0.920827 -0.38988 -0.00847028
  outer loop
   vertex 0.00172781 -0.309179 -3.458
   vertex -0.0139783 -0.352292 -3.181
   vertex -0.00888187 -0.334237 -3.458
  endloop
 endfacet
 facet normal 0.862944 -0.505012 -0.0170395
  outer loop
   vertex -0.0139783 -0.352292 -3.181
   vertex -0.029185 -0.378276 -3.181
   vertex -0.00888187 -0.334237 -3.458
  endloop
 endfacet
 facet normal 0.869513 -0.49369 -0.0147581
  outer loop
   vertex -0.00888187 -0.334237 -3.458
   vertex -0.029185 -0.378276 -3.181
   vertex -0.0229792 -0.359066 -3.458
  endloop
 endfacet
 facet normal -0.121458 0.992193 -0.0283012
  outer loop
   vertex 0.0127857 0.162097 -3.181
   vertex 0.010112 0.153868 -3.458
   vertex 0.00603324 0.16127 -3.181
  endloop
 endfacet
 facet normal -0.134441 0.990513 -0.0284475
  outer loop
   vertex 0.010112 0.153868 -3.458
   vertex 0.00371916 0.153 -3.458
   vertex 0.00603324 0.16127 -3.181
  endloop
 endfacet
 facet normal -0.415279 0.909386 -0.0236794
  outer loop
   vertex 0.00603324 0.16127 -3.181
   vertex 0.00371916 0.153 -3.458
   vertex 0.00349524 0.160111 -3.181
  endloop
 endfacet
 facet normal -0.42714 0.903879 -0.0235476
  outer loop
   vertex 0.00371916 0.153 -3.458
   vertex 0.00132687 0.15187 -3.458
   vertex 0.00349524 0.160111 -3.181
  endloop
 endfacet
 facet normal -0.619501 0.784778 -0.0184984
  outer loop
   vertex 0.00349524 0.160111 -3.181
   vertex 0.00132687 0.15187 -3.458
   vertex -0.00120101 0.156404 -3.181
  endloop
 endfacet
 facet normal -0.629721 0.776602 -0.0184579
  outer loop
   vertex 0.00132687 0.15187 -3.458
   vertex -0.00308037 0.148296 -3.458
   vertex -0.00120101 0.156404 -3.181
  endloop
 endfacet
 facet normal -0.790359 0.612515 -0.0125653
  outer loop
   vertex -0.00120101 0.156404 -3.181
   vertex -0.00308037 0.148296 -3.458
   vertex -0.00616439 0.149999 -3.181
  endloop
 endfacet
 facet normal -0.798312 0.602112 -0.0125899
  outer loop
   vertex -0.00308037 0.148296 -3.458
   vertex -0.00770743 0.142161 -3.458
   vertex -0.00616439 0.149999 -3.181
  endloop
 endfacet
 facet normal -0.885518 0.464532 -0.00821126
  outer loop
   vertex -0.00616439 0.149999 -3.181
   vertex -0.00770743 0.142161 -3.458
   vertex -0.0130113 0.136947 -3.181
  endloop
 endfacet
 facet normal -0.89152 0.452902 -0.00854511
  outer loop
   vertex -0.00770743 0.142161 -3.458
   vertex -0.0140381 0.1297 -3.458
   vertex -0.0130113 0.136947 -3.181
  endloop
 endfacet
 facet normal -0.947456 0.319848 -0.00485657
  outer loop
   vertex -0.0130113 0.136947 -3.181
   vertex -0.0140381 0.1297 -3.458
   vertex -0.0174808 0.123708 -3.181
  endloop
 endfacet
 facet normal -0.95156 0.30742 -0.00517644
  outer loop
   vertex -0.0140381 0.1297 -3.458
   vertex -0.018112 0.11709 -3.458
   vertex -0.0174808 0.123708 -3.181
  endloop
 endfacet
 facet normal -0.970092 0.24271 -0.00358825
  outer loop
   vertex -0.0174808 0.123708 -3.181
   vertex -0.018112 0.11709 -3.458
   vertex -0.0208156 0.110379 -3.181
  endloop
 endfacet
 facet normal -0.973185 0.22999 -0.00392661
  outer loop
   vertex -0.018112 0.11709 -3.458
   vertex -0.0211088 0.104409 -3.458
   vertex -0.0208156 0.110379 -3.181
  endloop
 endfacet
 facet normal -0.984478 0.175488 -0.00274009
  outer loop
   vertex -0.0208156 0.110379 -3.181
   vertex -0.0211088 0.104409 -3.458
   vertex -0.0255942 0.0835713 -3.181
  endloop
 endfacet
 facet normal -0.986687 0.162586 -0.00374646
  outer loop
   vertex -0.0211088 0.104409 -3.458
   vertex -0.0253073 0.0789295 -3.458
   vertex -0.0255942 0.0835713 -3.181
  endloop
 endfacet
 facet normal -0.992479 0.122378 -0.00307867
  outer loop
   vertex -0.0255942 0.0835713 -3.181
   vertex -0.0253073 0.0789295 -3.458
   vertex -0.0289138 0.056649 -3.181
  endloop
 endfacet
 facet normal -0.993992 0.109376 -0.00414415
  outer loop
   vertex -0.0253073 0.0789295 -3.458
   vertex -0.028121 0.0533589 -3.458
   vertex -0.0289138 0.056649 -3.181
  endloop
 endfacet
 facet normal -0.996737 0.0806262 -0.00381053
  outer loop
   vertex -0.0289138 0.056649 -3.181
   vertex -0.028121 0.0533589 -3.458
   vertex -0.0310988 0.0296372 -3.181
  endloop
 endfacet
 facet normal -0.997702 0.0675718 -0.00493886
  outer loop
   vertex -0.028121 0.0533589 -3.458
   vertex -0.0298576 0.0277176 -3.458
   vertex -0.0310988 0.0296372 -3.181
  endloop
 endfacet
 facet normal -0.998988 0.044712 -0.00478621
  outer loop
   vertex -0.0310988 0.0296372 -3.181
   vertex -0.0298576 0.0277176 -3.458
   vertex -0.0323112 0.00254862 -3.181
  endloop
 endfacet
 facet normal -0.999482 0.0316317 -0.00597909
  outer loop
   vertex -0.0298576 0.0277176 -3.458
   vertex -0.030671 0.00201566 -3.458
   vertex -0.0323112 0.00254862 -3.181
  endloop
 endfacet
 facet normal -0.999624 0.0267576 -0.00597055
  outer loop
   vertex -0.0323112 0.00254862 -3.181
   vertex -0.030671 0.00201566 -3.458
   vertex -0.0330374 -0.0245783 -3.181
  endloop
 endfacet
 facet normal -0.99988 0.0136703 -0.00722921
  outer loop
   vertex -0.030671 0.00201566 -3.458
   vertex -0.0310229 -0.0237167 -3.458
   vertex -0.0330374 -0.0245783 -3.181
  endloop
 endfacet
 facet normal -0.999798 0.0187845 -0.0072127
  outer loop
   vertex -0.0330374 -0.0245783 -3.181
   vertex -0.0310229 -0.0237167 -3.458
   vertex -0.0335473 -0.0517222 -3.181
  endloop
 endfacet
 facet normal -0.999947 0.00569613 -0.00853734
  outer loop
   vertex -0.0310229 -0.0237167 -3.458
   vertex -0.0311695 -0.0494625 -3.458
   vertex -0.0335473 -0.0517222 -3.181
  endloop
 endfacet
 facet normal -0.999749 0.0207773 -0.0084126
  outer loop
   vertex -0.0335473 -0.0517222 -3.181
   vertex -0.0311695 -0.0494625 -3.458
   vertex -0.0341114 -0.0788619 -3.181
  endloop
 endfacet
 facet normal -0.999922 0.00768871 -0.00980361
  outer loop
   vertex -0.0311695 -0.0494625 -3.458
   vertex -0.0313675 -0.0752049 -3.458
   vertex -0.0341114 -0.0788619 -3.181
  endloop
 endfacet
 facet normal -0.999812 0.0167921 -0.00968233
  outer loop
   vertex -0.0341114 -0.0788619 -3.181
   vertex -0.0313675 -0.0752049 -3.458
   vertex -0.0345673 -0.10601 -3.181
  endloop
 endfacet
 facet normal -0.999931 0.00370345 -0.0111393
  outer loop
   vertex -0.0313675 -0.0752049 -3.458
   vertex -0.0314628 -0.100954 -3.458
   vertex -0.0345673 -0.10601 -3.181
  endloop
 endfacet
 facet normal -0.999765 0.0187838 -0.0108622
  outer loop
   vertex -0.0345673 -0.10601 -3.181
   vertex -0.0314628 -0.100954 -3.458
   vertex -0.0350773 -0.133154 -3.181
  endloop
 endfacet
 facet normal -0.999907 0.00569554 -0.0123855
  outer loop
   vertex -0.0314628 -0.100954 -3.458
   vertex -0.0316095 -0.1267 -3.458
   vertex -0.0350773 -0.133154 -3.181
  endloop
 endfacet
 facet normal -0.999816 0.0147997 -0.0121722
  outer loop
   vertex -0.0350773 -0.133154 -3.181
   vertex -0.0316095 -0.1267 -3.458
   vertex -0.0354793 -0.160306 -3.181
  endloop
 endfacet
 facet normal -0.999904 0.00171157 -0.0137613
  outer loop
   vertex -0.0316095 -0.1267 -3.458
   vertex -0.0316535 -0.152452 -3.458
   vertex -0.0354793 -0.160306 -3.181
  endloop
 endfacet
 facet normal -0.999828 0.0128085 -0.0134456
  outer loop
   vertex -0.0354793 -0.160306 -3.181
   vertex -0.0316535 -0.152452 -3.458
   vertex -0.0358271 -0.187463 -3.181
  endloop
 endfacet
 facet normal -0.999886 -0.000279843 -0.0151008
  outer loop
   vertex -0.0316535 -0.152452 -3.458
   vertex -0.0316463 -0.178208 -3.458
   vertex -0.0358271 -0.187463 -3.181
  endloop
 endfacet
 facet normal -0.999852 0.00882728 -0.014796
  outer loop
   vertex -0.0358271 -0.187463 -3.181
   vertex -0.0316463 -0.178208 -3.458
   vertex -0.036067 -0.214629 -3.181
  endloop
 endfacet
 facet normal -0.999855 -0.00426104 -0.0165169
  outer loop
   vertex -0.0316463 -0.178208 -3.458
   vertex -0.0315365 -0.203971 -3.458
   vertex -0.036067 -0.214629 -3.181
  endloop
 endfacet
 facet normal -0.999864 0.00285971 -0.0162431
  outer loop
   vertex -0.036067 -0.214629 -3.181
   vertex -0.0315365 -0.203971 -3.458
   vertex -0.0361447 -0.241807 -3.181
  endloop
 endfacet
 facet normal -0.999785 -0.010228 -0.0180294
  outer loop
   vertex -0.0315365 -0.203971 -3.458
   vertex -0.0312729 -0.229744 -3.458
   vertex -0.0361447 -0.241807 -3.181
  endloop
 endfacet
 facet normal -0.999829 -0.00508796 -0.0178064
  outer loop
   vertex -0.0361447 -0.241807 -3.181
   vertex -0.0312729 -0.229744 -3.458
   vertex -0.0360063 -0.269002 -3.181
  endloop
 endfacet
 facet normal -0.999642 -0.0181744 -0.0196579
  outer loop
   vertex -0.0312729 -0.229744 -3.458
   vertex -0.0308041 -0.25553 -3.458
   vertex -0.0360063 -0.269002 -3.181
  endloop
 endfacet
 facet normal -0.999774 -0.0090578 -0.019217
  outer loop
   vertex -0.0360063 -0.269002 -3.181
   vertex -0.0308041 -0.25553 -3.458
   vertex -0.0357599 -0.296205 -3.181
  endloop
 endfacet
 facet normal -0.999531 -0.0221429 -0.0211341
  outer loop
   vertex -0.0308041 -0.25553 -3.458
   vertex -0.0302327 -0.281323 -3.458
   vertex -0.0357599 -0.296205 -3.181
  endloop
 endfacet
 facet normal -0.999702 -0.0130241 -0.0206475
  outer loop
   vertex -0.0357599 -0.296205 -3.181
   vertex -0.0302327 -0.281323 -3.458
   vertex -0.0354053 -0.323417 -3.181
  endloop
 endfacet
 facet normal -0.999403 -0.0261076 -0.0226302
  outer loop
   vertex -0.0302327 -0.281323 -3.458
   vertex -0.0295587 -0.307123 -3.458
   vertex -0.0354053 -0.323417 -3.181
  endloop
 endfacet
 facet normal -0.999611 -0.0169875 -0.0220981
  outer loop
   vertex -0.0354053 -0.323417 -3.181
   vertex -0.0295587 -0.307123 -3.458
   vertex -0.0349427 -0.350638 -3.181
  endloop
 endfacet
 facet normal -0.999256 -0.0300689 -0.0241462
  outer loop
   vertex -0.0295587 -0.307123 -3.458
   vertex -0.0287821 -0.332929 -3.458
   vertex -0.0349427 -0.350638 -3.181
  endloop
 endfacet
 facet normal -0.978389 -0.203823 -0.0347904
  outer loop
   vertex -0.0349427 -0.350638 -3.181
   vertex -0.0287821 -0.332929 -3.458
   vertex -0.029185 -0.378276 -3.181
  endloop
 endfacet
 facet normal -0.975565 -0.216595 -0.0368773
  outer loop
   vertex -0.0287821 -0.332929 -3.458
   vertex -0.0229792 -0.359066 -3.458
   vertex -0.029185 -0.378276 -3.181
  endloop
 endfacet
 facet normal 0.209134 0.977398 -0.0309173
  outer loop
   vertex 0.010112 0.153868 -3.458
   vertex 0.0187982 0.15201 -3.458
   vertex 0.00785928 0.145588 -3.735
  endloop
 endfacet
 facet normal 0.197694 0.979788 -0.0305209
  outer loop
   vertex 0.00785928 0.145588 -3.735
   vertex 0.0187982 0.15201 -3.458
   vertex 0.0160923 0.143927 -3.735
  endloop
 endfacet
 facet normal 0.410093 0.91153 -0.030604
  outer loop
   vertex 0.0187982 0.15201 -3.458
   vertex 0.0221504 0.150501 -3.458
   vertex 0.0160923 0.143927 -3.735
  endloop
 endfacet
 facet normal 0.399385 0.916276 -0.0304825
  outer loop
   vertex 0.0160923 0.143927 -3.735
   vertex 0.0221504 0.150501 -3.458
   vertex 0.0192783 0.142538 -3.735
  endloop
 endfacet
 facet normal 0.539051 0.841746 -0.029788
  outer loop
   vertex 0.0221504 0.150501 -3.458
   vertex 0.0288729 0.146196 -3.458
   vertex 0.0192783 0.142538 -3.735
  endloop
 endfacet
 facet normal 0.529178 0.847997 -0.0295286
  outer loop
   vertex 0.0192783 0.142538 -3.735
   vertex 0.0288729 0.146196 -3.458
   vertex 0.0256818 0.138542 -3.735
  endloop
 endfacet
 facet normal 0.688917 0.724301 -0.0279508
  outer loop
   vertex 0.0288729 0.146196 -3.458
   vertex 0.036145 0.139279 -3.458
   vertex 0.0256818 0.138542 -3.735
  endloop
 endfacet
 facet normal 0.680408 0.732312 -0.0276507
  outer loop
   vertex 0.0256818 0.138542 -3.735
   vertex 0.036145 0.139279 -3.458
   vertex 0.0326337 0.132083 -3.735
  endloop
 endfacet
 facet normal 0.808748 0.587601 -0.0255179
  outer loop
   vertex 0.036145 0.139279 -3.458
   vertex 0.0459705 0.125756 -3.458
   vertex 0.0326337 0.132083 -3.735
  endloop
 endfacet
 facet normal 0.801833 0.597027 -0.0249696
  outer loop
   vertex 0.0326337 0.132083 -3.735
   vertex 0.0459705 0.125756 -3.458
   vertex 0.0420729 0.119406 -3.735
  endloop
 endfacet
 facet normal 0.886456 0.462238 -0.0230702
  outer loop
   vertex 0.0459705 0.125756 -3.458
   vertex 0.0529238 0.112421 -3.458
   vertex 0.0420729 0.119406 -3.735
  endloop
 endfacet
 facet normal 0.881 0.472576 -0.0225959
  outer loop
   vertex 0.0420729 0.119406 -3.735
   vertex 0.0529238 0.112421 -3.458
   vertex 0.0487944 0.106875 -3.735
  endloop
 endfacet
 facet normal 0.920373 0.390449 -0.0215384
  outer loop
   vertex 0.0529238 0.112421 -3.458
   vertex 0.0585436 0.0991743 -3.458
   vertex 0.0487944 0.106875 -3.735
  endloop
 endfacet
 facet normal 0.915752 0.40119 -0.0210772
  outer loop
   vertex 0.0487944 0.106875 -3.735
   vertex 0.0585436 0.0991743 -3.458
   vertex 0.0542541 0.0944127 -3.735
  endloop
 endfacet
 facet normal 0.954848 0.296429 -0.0198818
  outer loop
   vertex 0.0585436 0.0991743 -3.458
   vertex 0.0667058 0.0728825 -3.458
   vertex 0.0542541 0.0944127 -3.735
  endloop
 endfacet
 facet normal 0.951335 0.307581 -0.0188571
  outer loop
   vertex 0.0542541 0.0944127 -3.735
   vertex 0.0667058 0.0728825 -3.458
   vertex 0.0622619 0.0696451 -3.735
  endloop
 endfacet
 facet normal 0.976465 0.214907 -0.0181772
  outer loop
   vertex 0.0667058 0.0728825 -3.458
   vertex 0.0724574 0.0467491 -3.458
   vertex 0.0622619 0.0696451 -3.735
  endloop
 endfacet
 facet normal 0.973903 0.226315 -0.0171399
  outer loop
   vertex 0.0622619 0.0696451 -3.735
   vertex 0.0724574 0.0467491 -3.458
   vertex 0.0679888 0.0450005 -3.735
  endloop
 endfacet
 facet normal 0.988776 0.148445 -0.0168883
  outer loop
   vertex 0.0724574 0.0467491 -3.458
   vertex 0.0763626 0.020737 -3.458
   vertex 0.0679888 0.0450005 -3.735
  endloop
 endfacet
 facet normal 0.98699 0.16 -0.0158222
  outer loop
   vertex 0.0679888 0.0450005 -3.735
   vertex 0.0763626 0.020737 -3.458
   vertex 0.0719686 0.0204503 -3.735
  endloop
 endfacet
 facet normal 0.996881 0.0773053 -0.0158935
  outer loop
   vertex 0.0763626 0.020737 -3.458
   vertex 0.0783701 -0.00515039 -3.458
   vertex 0.0719686 0.0204503 -3.735
  endloop
 endfacet
 facet normal 0.995925 0.0889585 -0.0147944
  outer loop
   vertex 0.0719686 0.0204503 -3.735
   vertex 0.0783701 -0.00515039 -3.458
   vertex 0.0741528 -0.00400299 -3.735
  endloop
 endfacet
 facet normal 0.999884 0.000280276 -0.015222
  outer loop
   vertex 0.0783701 -0.00515039 -3.458
   vertex 0.0783774 -0.0309063 -3.458
   vertex 0.0741528 -0.00400299 -3.735
  endloop
 endfacet
 facet normal 0.999829 0.0119725 -0.0140856
  outer loop
   vertex 0.0741528 -0.00400299 -3.735
   vertex 0.0783774 -0.0309063 -3.458
   vertex 0.0744444 -0.0283541 -3.735
  endloop
 endfacet
 facet normal 0.997868 -0.0635745 -0.0147538
  outer loop
   vertex 0.0783774 -0.0309063 -3.458
   vertex 0.0767433 -0.0565544 -3.458
   vertex 0.0744444 -0.0283541 -3.735
  endloop
 endfacet
 facet normal 0.99856 -0.0519027 -0.0135713
  outer loop
   vertex 0.0744444 -0.0283541 -3.735
   vertex 0.0767433 -0.0565544 -3.458
   vertex 0.0731831 -0.0526214 -3.735
  endloop
 endfacet
 facet normal 0.992516 -0.121254 -0.0144783
  outer loop
   vertex 0.0767433 -0.0565544 -3.458
   vertex 0.0736219 -0.0821047 -3.458
   vertex 0.0731831 -0.0526214 -3.735
  endloop
 endfacet
 facet normal 0.993883 -0.109641 -0.0132444
  outer loop
   vertex 0.0731831 -0.0526214 -3.735
   vertex 0.0736219 -0.0821047 -3.458
   vertex 0.0705144 -0.0768127 -3.735
  endloop
 endfacet
 facet normal 0.985275 -0.170377 -0.0143082
  outer loop
   vertex 0.0736219 -0.0821047 -3.458
   vertex 0.0692182 -0.107571 -3.458
   vertex 0.0705144 -0.0768127 -3.735
  endloop
 endfacet
 facet normal 0.987217 -0.158848 -0.0130189
  outer loop
   vertex 0.0705144 -0.0768127 -3.735
   vertex 0.0692182 -0.107571 -3.458
   vertex 0.0666324 -0.100938 -3.735
  endloop
 endfacet
 facet normal 0.976981 -0.212851 -0.0142163
  outer loop
   vertex 0.0692182 -0.107571 -3.458
   vertex 0.0636862 -0.132963 -3.458
   vertex 0.0666324 -0.100938 -3.735
  endloop
 endfacet
 facet normal 0.979421 -0.201416 -0.0128683
  outer loop
   vertex 0.0666324 -0.100938 -3.735
   vertex 0.0636862 -0.132963 -3.458
   vertex 0.0616829 -0.125007 -3.735
  endloop
 endfacet
 facet normal 0.966996 -0.25439 -0.0143
  outer loop
   vertex 0.0636862 -0.132963 -3.458
   vertex 0.0570258 -0.15828 -3.458
   vertex 0.0616829 -0.125007 -3.735
  endloop
 endfacet
 facet normal 0.969923 -0.243069 -0.0128909
  outer loop
   vertex 0.0616829 -0.125007 -3.735
   vertex 0.0570258 -0.15828 -3.458
   vertex 0.0556656 -0.149017 -3.735
  endloop
 endfacet
 facet normal 0.957112 -0.289362 -0.014376
  outer loop
   vertex 0.0570258 -0.15828 -3.458
   vertex 0.0493908 -0.183534 -3.458
   vertex 0.0556656 -0.149017 -3.735
  endloop
 endfacet
 facet normal 0.960449 -0.278156 -0.012904
  outer loop
   vertex 0.0556656 -0.149017 -3.735
   vertex 0.0493908 -0.183534 -3.458
   vertex 0.0487263 -0.172978 -3.735
  endloop
 endfacet
 facet normal 0.947359 -0.319848 -0.0144614
  outer loop
   vertex 0.0493908 -0.183534 -3.458
   vertex 0.040884 -0.20873 -3.458
   vertex 0.0487263 -0.172978 -3.735
  endloop
 endfacet
 facet normal 0.951054 -0.308755 -0.0129251
  outer loop
   vertex 0.0487263 -0.172978 -3.735
   vertex 0.040884 -0.20873 -3.458
   vertex 0.0409621 -0.196894 -3.735
  endloop
 endfacet
 facet normal 0.940629 -0.339137 -0.0142262
  outer loop
   vertex 0.040884 -0.20873 -3.458
   vertex 0.031813 -0.23389 -3.458
   vertex 0.0409621 -0.196894 -3.735
  endloop
 endfacet
 facet normal 0.944551 -0.328122 -0.0126256
  outer loop
   vertex 0.0409621 -0.196894 -3.735
   vertex 0.031813 -0.23389 -3.458
   vertex 0.0326639 -0.220782 -3.735
  endloop
 endfacet
 facet normal 0.933591 -0.358063 -0.0140761
  outer loop
   vertex 0.031813 -0.23389 -3.458
   vertex 0.0221778 -0.259012 -3.458
   vertex 0.0326639 -0.220782 -3.735
  endloop
 endfacet
 facet normal 0.937735 -0.347129 -0.0124101
  outer loop
   vertex 0.0326639 -0.220782 -3.735
   vertex 0.0221778 -0.259012 -3.458
   vertex 0.023832 -0.24464 -3.735
  endloop
 endfacet
 facet normal 0.928294 -0.371592 -0.0137357
  outer loop
   vertex 0.0221778 -0.259012 -3.458
   vertex 0.0121323 -0.284107 -3.458
   vertex 0.023832 -0.24464 -3.735
  endloop
 endfacet
 facet normal 0.932597 -0.360719 -0.0120047
  outer loop
   vertex 0.023832 -0.24464 -3.735
   vertex 0.0121323 -0.284107 -3.458
   vertex 0.0146119 -0.268478 -3.735
  endloop
 endfacet
 facet normal 0.923543 -0.383262 -0.0133577
  outer loop
   vertex 0.0121323 -0.284107 -3.458
   vertex 0.00172781 -0.309179 -3.458
   vertex 0.0146119 -0.268478 -3.735
  endloop
 endfacet
 facet normal 0.927982 -0.372445 -0.0115619
  outer loop
   vertex 0.0146119 -0.268478 -3.735
   vertex 0.00172781 -0.309179 -3.458
   vertex 0.005052 -0.292297 -3.735
  endloop
 endfacet
 facet normal 0.920786 -0.389862 -0.0127097
  outer loop
   vertex 0.00172781 -0.309179 -3.458
   vertex -0.00888187 -0.334237 -3.458
   vertex 0.005052 -0.292297 -3.735
  endloop
 endfacet
 facet normal 0.925301 -0.379077 -0.0108497
  outer loop
   vertex 0.005052 -0.292297 -3.735
   vertex -0.00888187 -0.334237 -3.458
   vertex -0.00470199 -0.316106 -3.735
  endloop
 endfacet
 facet normal 0.869447 -0.493653 -0.019192
  outer loop
   vertex -0.00888187 -0.334237 -3.458
   vertex -0.0229792 -0.359066 -3.458
   vertex -0.00470199 -0.316106 -3.735
  endloop
 endfacet
 facet normal 0.875191 -0.48347 -0.0172337
  outer loop
   vertex -0.00470199 -0.316106 -3.735
   vertex -0.0229792 -0.359066 -3.458
   vertex -0.017756 -0.339737 -3.735
  endloop
 endfacet
 facet normal -0.134441 0.990511 -0.0285151
  outer loop
   vertex 0.010112 0.153868 -3.458
   vertex 0.00785928 0.145588 -3.735
   vertex 0.00371916 0.153 -3.458
  endloop
 endfacet
 facet normal -0.146005 0.988869 -0.028644
  outer loop
   vertex 0.00785928 0.145588 -3.735
   vertex 0.00182468 0.144697 -3.735
   vertex 0.00371916 0.153 -3.458
  endloop
 endfacet
 facet normal -0.427133 0.903866 -0.0241732
  outer loop
   vertex 0.00371916 0.153 -3.458
   vertex 0.00182468 0.144697 -3.735
   vertex 0.00132687 0.15187 -3.458
  endloop
 endfacet
 facet normal -0.437673 0.898812 -0.0240612
  outer loop
   vertex 0.00182468 0.144697 -3.735
   vertex -0.000424636 0.143602 -3.735
   vertex 0.00132687 0.15187 -3.458
  endloop
 endfacet
 facet normal -0.629712 0.776591 -0.0191988
  outer loop
   vertex 0.00132687 0.15187 -3.458
   vertex -0.000424636 0.143602 -3.735
   vertex -0.00308037 0.148296 -3.458
  endloop
 endfacet
 facet normal -0.638751 0.769175 -0.0191597
  outer loop
   vertex -0.000424636 0.143602 -3.735
   vertex -0.004552 0.140174 -3.735
   vertex -0.00308037 0.148296 -3.458
  endloop
 endfacet
 facet normal -0.798304 0.602105 -0.0134134
  outer loop
   vertex -0.00308037 0.148296 -3.458
   vertex -0.004552 0.140174 -3.735
   vertex -0.00770743 0.142161 -3.458
  endloop
 endfacet
 facet normal -0.80529 0.592729 -0.0134257
  outer loop
   vertex -0.004552 0.140174 -3.735
   vertex -0.00885887 0.134323 -3.735
   vertex -0.00770743 0.142161 -3.458
  endloop
 endfacet
 facet normal -0.891515 0.452899 -0.00911035
  outer loop
   vertex -0.00770743 0.142161 -3.458
   vertex -0.00885887 0.134323 -3.735
   vertex -0.0140381 0.1297 -3.458
  endloop
 endfacet
 facet normal -0.896749 0.442441 -0.00938276
  outer loop
   vertex -0.00885887 0.134323 -3.735
   vertex -0.0147064 0.122471 -3.735
   vertex -0.0140381 0.1297 -3.458
  endloop
 endfacet
 facet normal -0.951557 0.307419 -0.00572677
  outer loop
   vertex -0.0140381 0.1297 -3.458
   vertex -0.0147064 0.122471 -3.735
   vertex -0.018112 0.11709 -3.458
  endloop
 endfacet
 facet normal -0.955085 0.29627 -0.00598672
  outer loop
   vertex -0.0147064 0.122471 -3.735
   vertex -0.0184187 0.110504 -3.735
   vertex -0.018112 0.11709 -3.458
  endloop
 endfacet
 facet normal -0.973183 0.22999 -0.00439071
  outer loop
   vertex -0.018112 0.11709 -3.458
   vertex -0.0184187 0.110504 -3.735
   vertex -0.0211088 0.104409 -3.458
  endloop
 endfacet
 facet normal -0.975805 0.218594 -0.00466689
  outer loop
   vertex -0.0184187 0.110504 -3.735
   vertex -0.0211119 0.0984812 -3.735
   vertex -0.0211088 0.104409 -3.458
  endloop
 endfacet
 facet normal -0.986688 0.162586 -0.0034682
  outer loop
   vertex -0.0211088 0.104409 -3.458
   vertex -0.0211119 0.0984812 -3.735
   vertex -0.0253073 0.0789295 -3.458
  endloop
 endfacet
 facet normal -0.988519 0.151037 -0.00431109
  outer loop
   vertex -0.0211119 0.0984812 -3.735
   vertex -0.0247997 0.0743449 -3.735
   vertex -0.0253073 0.0789295 -3.458
  endloop
 endfacet
 facet normal -0.993994 0.109376 -0.0036316
  outer loop
   vertex -0.0253073 0.0789295 -3.458
   vertex -0.0247997 0.0743449 -3.735
   vertex -0.028121 0.0533589 -3.458
  endloop
 endfacet
 facet normal -0.995201 0.0977447 -0.00452731
  outer loop
   vertex -0.0247997 0.0743449 -3.735
   vertex -0.0271773 0.0501379 -3.735
   vertex -0.028121 0.0533589 -3.458
  endloop
 endfacet
 facet normal -0.997706 0.0675721 -0.00418498
  outer loop
   vertex -0.028121 0.0533589 -3.458
   vertex -0.0271773 0.0501379 -3.735
   vertex -0.0298576 0.0277176 -3.458
  endloop
 endfacet
 facet normal -0.998423 0.0559008 -0.00513659
  outer loop
   vertex -0.0271773 0.0501379 -3.735
   vertex -0.0285357 0.0258758 -3.735
   vertex -0.0298576 0.0277176 -3.458
  endloop
 endfacet
 facet normal -0.999487 0.0316319 -0.0049803
  outer loop
   vertex -0.0298576 0.0277176 -3.458
   vertex -0.0285357 0.0258758 -3.735
   vertex -0.030671 0.00201566 -3.458
  endloop
 endfacet
 facet normal -0.999783 0.0199424 -0.00598949
  outer loop
   vertex -0.0285357 0.0258758 -3.735
   vertex -0.0290205 0.00156662 -3.735
   vertex -0.030671 0.00201566 -3.458
  endloop
 endfacet
 facet normal -0.999889 0.0136704 -0.00597995
  outer loop
   vertex -0.030671 0.00201566 -3.458
   vertex -0.0290205 0.00156662 -3.735
   vertex -0.0310229 -0.0237167 -3.458
  endloop
 endfacet
 facet normal -0.999973 0.00197713 -0.00704787
  outer loop
   vertex -0.0290205 0.00156662 -3.735
   vertex -0.0290687 -0.0227662 -3.735
   vertex -0.0310229 -0.0237167 -3.458
  endloop
 endfacet
 facet normal -0.999959 0.00569619 -0.00703501
  outer loop
   vertex -0.0310229 -0.0237167 -3.458
   vertex -0.0290687 -0.0227662 -3.735
   vertex -0.0311695 -0.0494625 -3.458
  endloop
 endfacet
 facet normal -0.999949 -0.00599723 -0.0081619
  outer loop
   vertex -0.0290687 -0.0227662 -3.735
   vertex -0.0289227 -0.0471094 -3.735
   vertex -0.0311695 -0.0494625 -3.458
  endloop
 endfacet
 facet normal -0.999938 0.00768883 -0.00804555
  outer loop
   vertex -0.0311695 -0.0494625 -3.458
   vertex -0.0289227 -0.0471094 -3.735
   vertex -0.0313675 -0.0752049 -3.458
  endloop
 endfacet
 facet normal -0.999949 -0.00400423 -0.00923165
  outer loop
   vertex -0.0289227 -0.0471094 -3.735
   vertex -0.0288252 -0.0714501 -3.735
   vertex -0.0313675 -0.0752049 -3.458
  endloop
 endfacet
 facet normal -0.999951 0.00370352 -0.00912719
  outer loop
   vertex -0.0313675 -0.0752049 -3.458
   vertex -0.0288252 -0.0714501 -3.735
   vertex -0.0314628 -0.100954 -3.458
  endloop
 endfacet
 facet normal -0.999914 -0.00798954 -0.0103723
  outer loop
   vertex -0.0288252 -0.0714501 -3.735
   vertex -0.0286307 -0.095796 -3.735
   vertex -0.0314628 -0.100954 -3.458
  endloop
 endfacet
 facet normal -0.999933 0.00569568 -0.0101176
  outer loop
   vertex -0.0314628 -0.100954 -3.458
   vertex -0.0286307 -0.095796 -3.735
   vertex -0.0316095 -0.1267 -3.458
  endloop
 endfacet
 facet normal -0.999917 -0.00599712 -0.011422
  outer loop
   vertex -0.0286307 -0.095796 -3.735
   vertex -0.0284847 -0.120139 -3.735
   vertex -0.0316095 -0.1267 -3.458
  endloop
 endfacet
 facet normal -0.999935 0.00171162 -0.0112396
  outer loop
   vertex -0.0316095 -0.1267 -3.458
   vertex -0.0284847 -0.120139 -3.735
   vertex -0.0316535 -0.152452 -3.458
  endloop
 endfacet
 facet normal -0.999871 -0.00998119 -0.0126029
  outer loop
   vertex -0.0284847 -0.120139 -3.735
   vertex -0.0282416 -0.144488 -3.735
   vertex -0.0316535 -0.152452 -3.458
  endloop
 endfacet
 facet normal -0.999924 -0.000279854 -0.0123246
  outer loop
   vertex -0.0316535 -0.152452 -3.458
   vertex -0.0282416 -0.144488 -3.735
   vertex -0.0316463 -0.178208 -3.458
  endloop
 endfacet
 facet normal -0.999834 -0.011972 -0.0137469
  outer loop
   vertex -0.0282416 -0.144488 -3.735
   vertex -0.02795 -0.168839 -3.735
   vertex -0.0316463 -0.178208 -3.458
  endloop
 endfacet
 facet normal -0.9999 -0.00426123 -0.0134869
  outer loop
   vertex -0.0316463 -0.178208 -3.458
   vertex -0.02795 -0.168839 -3.735
   vertex -0.0315365 -0.203971 -3.458
  endloop
 endfacet
 facet normal -0.999761 -0.015953 -0.014968
  outer loop
   vertex -0.02795 -0.168839 -3.735
   vertex -0.0275614 -0.193195 -3.735
   vertex -0.0315365 -0.203971 -3.458
  endloop
 endfacet
 facet normal -0.999839 -0.0102286 -0.0147464
  outer loop
   vertex -0.0315365 -0.203971 -3.458
   vertex -0.0275614 -0.193195 -3.735
   vertex -0.0312729 -0.229744 -3.458
  endloop
 endfacet
 facet normal -0.999627 -0.0219191 -0.0162861
  outer loop
   vertex -0.0275614 -0.193195 -3.735
   vertex -0.0270271 -0.217559 -3.735
   vertex -0.0312729 -0.229744 -3.458
  endloop
 endfacet
 facet normal -0.999705 -0.0181755 -0.0161226
  outer loop
   vertex -0.0312729 -0.229744 -3.458
   vertex -0.0270271 -0.217559 -3.735
   vertex -0.0308041 -0.25553 -3.458
  endloop
 endfacet
 facet normal -0.999397 -0.0298634 -0.0177206
  outer loop
   vertex -0.0270271 -0.217559 -3.735
   vertex -0.0262988 -0.241934 -3.735
   vertex -0.0308041 -0.25553 -3.458
  endloop
 endfacet
 facet normal -0.999604 -0.0221445 -0.0173451
  outer loop
   vertex -0.0308041 -0.25553 -3.458
   vertex -0.0262988 -0.241934 -3.735
   vertex -0.0302327 -0.281323 -3.458
  endloop
 endfacet
 facet normal -0.999247 -0.0338306 -0.0190017
  outer loop
   vertex -0.0262988 -0.241934 -3.735
   vertex -0.0254734 -0.266314 -3.735
   vertex -0.0302327 -0.281323 -3.458
  endloop
 endfacet
 facet normal -0.999486 -0.0261097 -0.0185875
  outer loop
   vertex -0.0302327 -0.281323 -3.458
   vertex -0.0254734 -0.266314 -3.735
   vertex -0.0295587 -0.307123 -3.458
  endloop
 endfacet
 facet normal -0.999079 -0.0377944 -0.0203029
  outer loop
   vertex -0.0254734 -0.266314 -3.735
   vertex -0.0245509 -0.290699 -3.735
   vertex -0.0295587 -0.307123 -3.458
  endloop
 endfacet
 facet normal -0.999351 -0.0300717 -0.0198499
  outer loop
   vertex -0.0295587 -0.307123 -3.458
   vertex -0.0245509 -0.290699 -3.735
   vertex -0.0287821 -0.332929 -3.458
  endloop
 endfacet
 facet normal -0.998894 -0.0417541 -0.021624
  outer loop
   vertex -0.0245509 -0.290699 -3.735
   vertex -0.0235314 -0.31509 -3.735
   vertex -0.0287821 -0.332929 -3.458
  endloop
 endfacet
 facet normal -0.975715 -0.216629 -0.032447
  outer loop
   vertex -0.0287821 -0.332929 -3.458
   vertex -0.0235314 -0.31509 -3.735
   vertex -0.0229792 -0.359066 -3.458
  endloop
 endfacet
 facet normal -0.973056 -0.22801 -0.0342592
  outer loop
   vertex -0.0235314 -0.31509 -3.735
   vertex -0.017756 -0.339737 -3.735
   vertex -0.0229792 -0.359066 -3.458
  endloop
 endfacet
 facet normal 0.197725 0.97994 -0.0249549
  outer loop
   vertex 0.00785928 0.145588 -3.735
   vertex 0.0160923 0.143927 -3.735
   vertex 0.00758348 0.144701 -3.772
  endloop
 endfacet
 facet normal 0.196188 0.980258 -0.0245949
  outer loop
   vertex 0.00758348 0.144701 -3.772
   vertex 0.0160923 0.143927 -3.735
   vertex 0.0157683 0.143063 -3.772
  endloop
 endfacet
 facet normal 0.399447 0.916419 -0.0248851
  outer loop
   vertex 0.0160923 0.143927 -3.735
   vertex 0.0192783 0.142538 -3.735
   vertex 0.0157683 0.143063 -3.772
  endloop
 endfacet
 facet normal 0.398025 0.917041 -0.0247414
  outer loop
   vertex 0.0157683 0.143063 -3.772
   vertex 0.0192783 0.142538 -3.735
   vertex 0.0189367 0.141688 -3.772
  endloop
 endfacet
 facet normal 0.529252 0.848115 -0.0243693
  outer loop
   vertex 0.0192783 0.142538 -3.735
   vertex 0.0256818 0.138542 -3.735
   vertex 0.0189367 0.141688 -3.772
  endloop
 endfacet
 facet normal 0.527919 0.848954 -0.0240549
  outer loop
   vertex 0.0189367 0.141688 -3.772
   vertex 0.0256818 0.138542 -3.735
   vertex 0.0253069 0.137727 -3.772
  endloop
 endfacet
 facet normal 0.680487 0.732398 -0.0230321
  outer loop
   vertex 0.0256818 0.138542 -3.735
   vertex 0.0326337 0.132083 -3.735
   vertex 0.0253069 0.137727 -3.772
  endloop
 endfacet
 facet normal 0.679338 0.733476 -0.0226401
  outer loop
   vertex 0.0253069 0.137727 -3.772
   vertex 0.0326337 0.132083 -3.735
   vertex 0.032226 0.131318 -3.772
  endloop
 endfacet
 facet normal 0.801903 0.597079 -0.0211724
  outer loop
   vertex 0.0326337 0.132083 -3.735
   vertex 0.0420729 0.119406 -3.735
   vertex 0.032226 0.131318 -3.772
  endloop
 endfacet
 facet normal 0.800978 0.598343 -0.0205194
  outer loop
   vertex 0.032226 0.131318 -3.772
   vertex 0.0420729 0.119406 -3.735
   vertex 0.0416267 0.118734 -3.772
  endloop
 endfacet
 facet normal 0.881063 0.472609 -0.0192029
  outer loop
   vertex 0.0420729 0.119406 -3.735
   vertex 0.0487944 0.106875 -3.735
   vertex 0.0416267 0.118734 -3.772
  endloop
 endfacet
 facet normal 0.880327 0.474003 -0.0186137
  outer loop
   vertex 0.0416267 0.118734 -3.772
   vertex 0.0487944 0.106875 -3.735
   vertex 0.0483263 0.106292 -3.772
  endloop
 endfacet
 facet normal 0.915809 0.401214 -0.0179145
  outer loop
   vertex 0.0487944 0.106875 -3.735
   vertex 0.0542541 0.0944127 -3.735
   vertex 0.0483263 0.106292 -3.772
  endloop
 endfacet
 facet normal 0.915187 0.402655 -0.0173525
  outer loop
   vertex 0.0483263 0.106292 -3.772
   vertex 0.0542541 0.0944127 -3.735
   vertex 0.0537718 0.0939145 -3.772
  endloop
 endfacet
 facet normal 0.951374 0.307594 -0.0165442
  outer loop
   vertex 0.0542541 0.0944127 -3.735
   vertex 0.0622619 0.0696451 -3.735
   vertex 0.0537718 0.0939145 -3.772
  endloop
 endfacet
 facet normal 0.950906 0.309093 -0.0154536
  outer loop
   vertex 0.0537718 0.0939145 -3.772
   vertex 0.0622619 0.0696451 -3.735
   vertex 0.0617688 0.0693123 -3.772
  endloop
 endfacet
 facet normal 0.973937 0.226322 -0.015016
  outer loop
   vertex 0.0622619 0.0696451 -3.735
   vertex 0.0679888 0.0450005 -3.735
   vertex 0.0617688 0.0693123 -3.772
  endloop
 endfacet
 facet normal 0.973595 0.227855 -0.0139515
  outer loop
   vertex 0.0617688 0.0693123 -3.772
   vertex 0.0679888 0.0450005 -3.735
   vertex 0.0674988 0.0448288 -3.772
  endloop
 endfacet
 facet normal 0.98702 0.160005 -0.0138144
  outer loop
   vertex 0.0679888 0.0450005 -3.735
   vertex 0.0719686 0.0204503 -3.735
   vertex 0.0674988 0.0448288 -3.772
  endloop
 endfacet
 facet normal 0.986781 0.161558 -0.0127625
  outer loop
   vertex 0.0674988 0.0448288 -3.772
   vertex 0.0719686 0.0204503 -3.735
   vertex 0.0714923 0.0204364 -3.772
  endloop
 endfacet
 facet normal 0.995952 0.0889608 -0.0128533
  outer loop
   vertex 0.0719686 0.0204503 -3.735
   vertex 0.0741528 -0.00400299 -3.735
   vertex 0.0714923 0.0204364 -3.772
  endloop
 endfacet
 facet normal 0.995824 0.0905268 -0.0118097
  outer loop
   vertex 0.0714923 0.0204364 -3.772
   vertex 0.0741528 -0.00400299 -3.735
   vertex 0.0737013 -0.00386252 -3.772
  endloop
 endfacet
 facet normal 0.999854 0.0119728 -0.0121572
  outer loop
   vertex 0.0741528 -0.00400299 -3.735
   vertex 0.0744444 -0.0283541 -3.735
   vertex 0.0737013 -0.00386252 -3.772
  endloop
 endfacet
 facet normal 0.999846 0.013543 -0.0111176
  outer loop
   vertex 0.0737013 -0.00386252 -3.772
   vertex 0.0744444 -0.0283541 -3.735
   vertex 0.0740291 -0.0280628 -3.772
  endloop
 endfacet
 facet normal 0.998584 -0.0519039 -0.0116187
  outer loop
   vertex 0.0744444 -0.0283541 -3.735
   vertex 0.0731831 -0.0526214 -3.735
   vertex 0.0740291 -0.0280628 -3.772
  endloop
 endfacet
 facet normal 0.998676 -0.0503359 -0.0105758
  outer loop
   vertex 0.0740291 -0.0280628 -3.772
   vertex 0.0731831 -0.0526214 -3.735
   vertex 0.0728134 -0.0521823 -3.772
  endloop
 endfacet
 facet normal 0.993907 -0.109644 -0.011232
  outer loop
   vertex 0.0731831 -0.0526214 -3.735
   vertex 0.0705144 -0.0768127 -3.735
   vertex 0.0728134 -0.0521823 -3.772
  endloop
 endfacet
 facet normal 0.99409 -0.108084 -0.0101821
  outer loop
   vertex 0.0728134 -0.0521823 -3.772
   vertex 0.0705144 -0.0768127 -3.735
   vertex 0.0701989 -0.0762284 -3.772
  endloop
 endfacet
 facet normal 0.987242 -0.158852 -0.0109255
  outer loop
   vertex 0.0705144 -0.0768127 -3.735
   vertex 0.0666324 -0.100938 -3.735
   vertex 0.0701989 -0.0762284 -3.772
  endloop
 endfacet
 facet normal 0.987501 -0.157302 -0.00986581
  outer loop
   vertex 0.0701989 -0.0762284 -3.772
   vertex 0.0666324 -0.100938 -3.735
   vertex 0.0663786 -0.100211 -3.772
  endloop
 endfacet
 facet normal 0.979447 -0.201421 -0.0106777
  outer loop
   vertex 0.0666324 -0.100938 -3.735
   vertex 0.0616829 -0.125007 -3.735
   vertex 0.0663786 -0.100211 -3.772
  endloop
 endfacet
 facet normal 0.979772 -0.199885 -0.00960656
  outer loop
   vertex 0.0663786 -0.100211 -3.772
   vertex 0.0616829 -0.125007 -3.735
   vertex 0.0614972 -0.124139 -3.772
  endloop
 endfacet
 facet normal 0.96995 -0.243076 -0.0105706
  outer loop
   vertex 0.0616829 -0.125007 -3.735
   vertex 0.0556656 -0.149017 -3.735
   vertex 0.0614972 -0.124139 -3.772
  endloop
 endfacet
 facet normal 0.970341 -0.241556 -0.00948688
  outer loop
   vertex 0.0614972 -0.124139 -3.772
   vertex 0.0556656 -0.149017 -3.735
   vertex 0.0555546 -0.14801 -3.772
  endloop
 endfacet
 facet normal 0.960477 -0.278164 -0.0104536
  outer loop
   vertex 0.0556656 -0.149017 -3.735
   vertex 0.0487263 -0.172978 -3.735
   vertex 0.0555546 -0.14801 -3.772
  endloop
 endfacet
 facet normal 0.960923 -0.276657 -0.00935454
  outer loop
   vertex 0.0555546 -0.14801 -3.772
   vertex 0.0487263 -0.172978 -3.735
   vertex 0.0486955 -0.171834 -3.772
  endloop
 endfacet
 facet normal 0.951082 -0.308764 -0.0103391
  outer loop
   vertex 0.0487263 -0.172978 -3.735
   vertex 0.0409621 -0.196894 -3.735
   vertex 0.0486955 -0.171834 -3.772
  endloop
 endfacet
 facet normal 0.951577 -0.307273 -0.00922578
  outer loop
   vertex 0.0486955 -0.171834 -3.772
   vertex 0.0409621 -0.196894 -3.735
   vertex 0.0410165 -0.195615 -3.772
  endloop
 endfacet
 facet normal 0.944579 -0.328132 -0.00995747
  outer loop
   vertex 0.0409621 -0.196894 -3.735
   vertex 0.0326639 -0.220782 -3.735
   vertex 0.0410165 -0.195615 -3.772
  endloop
 endfacet
 facet normal 0.945104 -0.326651 -0.00883148
  outer loop
   vertex 0.0410165 -0.195615 -3.772
   vertex 0.0326639 -0.220782 -3.735
   vertex 0.032807 -0.219368 -3.772
  endloop
 endfacet
 facet normal 0.937764 -0.347139 -0.00964288
  outer loop
   vertex 0.0326639 -0.220782 -3.735
   vertex 0.023832 -0.24464 -3.735
   vertex 0.032807 -0.219368 -3.772
  endloop
 endfacet
 facet normal 0.938318 -0.34567 -0.00850488
  outer loop
   vertex 0.032807 -0.219368 -3.772
   vertex 0.023832 -0.24464 -3.735
   vertex 0.0240668 -0.243093 -3.772
  endloop
 endfacet
 facet normal 0.932625 -0.36073 -0.00917091
  outer loop
   vertex 0.023832 -0.24464 -3.735
   vertex 0.0146119 -0.268478 -3.735
   vertex 0.0240668 -0.243093 -3.772
  endloop
 endfacet
 facet normal 0.9332 -0.359268 -0.00802091
  outer loop
   vertex 0.0240668 -0.243093 -3.772
   vertex 0.0146119 -0.268478 -3.735
   vertex 0.0149408 -0.266798 -3.772
  endloop
 endfacet
 facet normal 0.928009 -0.372456 -0.00866603
  outer loop
   vertex 0.0146119 -0.268478 -3.735
   vertex 0.005052 -0.292297 -3.735
   vertex 0.0149408 -0.266798 -3.772
  endloop
 endfacet
 facet normal 0.928602 -0.371002 -0.00750592
  outer loop
   vertex 0.0149408 -0.266798 -3.772
   vertex 0.005052 -0.292297 -3.735
   vertex 0.00547711 -0.290485 -3.772
  endloop
 endfacet
 facet normal 0.925327 -0.379088 -0.00793963
  outer loop
   vertex 0.005052 -0.292297 -3.735
   vertex -0.00470199 -0.316106 -3.735
   vertex 0.00547711 -0.290485 -3.772
  endloop
 endfacet
 facet normal 0.925929 -0.377636 -0.00676855
  outer loop
   vertex 0.00547711 -0.290485 -3.772
   vertex -0.00470199 -0.316106 -3.735
   vertex -0.00417949 -0.314162 -3.772
  endloop
 endfacet
 facet normal 0.875247 -0.483501 -0.0130473
  outer loop
   vertex -0.00470199 -0.316106 -3.735
   vertex -0.017756 -0.339737 -3.735
   vertex -0.00417949 -0.314162 -3.772
  endloop
 endfacet
 facet normal 0.876019 -0.482132 -0.0118182
  outer loop
   vertex -0.00417949 -0.314162 -3.772
   vertex -0.017756 -0.339737 -3.735
   vertex -0.017116 -0.337667 -3.772
  endloop
 endfacet
 facet normal -0.146028 0.989022 -0.0226102
  outer loop
   vertex 0.00785928 0.145588 -3.735
   vertex 0.00758348 0.144701 -3.772
   vertex 0.00182468 0.144697 -3.735
  endloop
 endfacet
 facet normal -0.147578 0.988786 -0.0228515
  outer loop
   vertex 0.00758348 0.144701 -3.772
   vertex 0.00158753 0.143807 -3.772
   vertex 0.00182468 0.144697 -3.735
  endloop
 endfacet
 facet normal -0.437722 0.898913 -0.0188288
  outer loop
   vertex 0.00182468 0.144697 -3.735
   vertex 0.00158753 0.143807 -3.772
   vertex -0.000424636 0.143602 -3.735
  endloop
 endfacet
 facet normal -0.439153 0.898213 -0.0189105
  outer loop
   vertex 0.00158753 0.143807 -3.772
   vertex -0.000646191 0.142714 -3.772
   vertex -0.000424636 0.143602 -3.735
  endloop
 endfacet
 facet normal -0.638799 0.769234 -0.014622
  outer loop
   vertex -0.000424636 0.143602 -3.735
   vertex -0.000646191 0.142714 -3.772
   vertex -0.004552 0.140174 -3.735
  endloop
 endfacet
 facet normal -0.640006 0.768227 -0.0148186
  outer loop
   vertex -0.000646191 0.142714 -3.772
   vertex -0.00474272 0.139302 -3.772
   vertex -0.004552 0.140174 -3.735
  endloop
 endfacet
 facet normal -0.805324 0.592753 -0.00982814
  outer loop
   vertex -0.004552 0.140174 -3.735
   vertex -0.00474272 0.139302 -3.772
   vertex -0.00885887 0.134323 -3.735
  endloop
 endfacet
 facet normal -0.806248 0.591492 -0.0101007
  outer loop
   vertex -0.00474272 0.139302 -3.772
   vertex -0.00901387 0.13348 -3.772
   vertex -0.00885887 0.134323 -3.735
  endloop
 endfacet
 facet normal -0.89677 0.442451 -0.00632532
  outer loop
   vertex -0.00885887 0.134323 -3.735
   vertex -0.00901387 0.13348 -3.772
   vertex -0.0147064 0.122471 -3.735
  endloop
 endfacet
 facet normal -0.897462 0.441039 -0.00685187
  outer loop
   vertex -0.00901387 0.13348 -3.772
   vertex -0.0148068 0.121692 -3.772
   vertex -0.0147064 0.122471 -3.735
  endloop
 endfacet
 facet normal -0.955096 0.296274 -0.00364719
  outer loop
   vertex -0.0147064 0.122471 -3.735
   vertex -0.0148068 0.121692 -3.772
   vertex -0.0184187 0.110504 -3.735
  endloop
 endfacet
 facet normal -0.955558 0.294773 -0.00414613
  outer loop
   vertex -0.0148068 0.121692 -3.772
   vertex -0.0184775 0.109793 -3.772
   vertex -0.0184187 0.110504 -3.735
  endloop
 endfacet
 facet normal -0.975812 0.218596 -0.00265013
  outer loop
   vertex -0.0184187 0.110504 -3.735
   vertex -0.0184775 0.109793 -3.772
   vertex -0.0211119 0.0984812 -3.735
  endloop
 endfacet
 facet normal -0.976153 0.217062 -0.00314326
  outer loop
   vertex -0.0184775 0.109793 -3.772
   vertex -0.0211353 0.0978402 -3.772
   vertex -0.0211119 0.0984812 -3.735
  endloop
 endfacet
 facet normal -0.988526 0.151038 -0.00199164
  outer loop
   vertex -0.0211119 0.0984812 -3.735
   vertex -0.0211353 0.0978402 -3.772
   vertex -0.0247997 0.0743449 -3.735
  endloop
 endfacet
 facet normal -0.988759 0.149485 -0.00300127
  outer loop
   vertex -0.0211353 0.0978402 -3.772
   vertex -0.0247627 0.0738472 -3.772
   vertex -0.0247997 0.0743449 -3.735
  endloop
 endfacet
 facet normal -0.995209 0.0977455 -0.00231172
  outer loop
   vertex -0.0247997 0.0743449 -3.735
   vertex -0.0247627 0.0738472 -3.772
   vertex -0.0271773 0.0501379 -3.735
  endloop
 endfacet
 facet normal -0.995358 0.0961822 -0.00332321
  outer loop
   vertex -0.0247627 0.0738472 -3.772
   vertex -0.0270877 0.0497859 -3.772
   vertex -0.0271773 0.0501379 -3.735
  endloop
 endfacet
 facet normal -0.998432 0.0559013 -0.00294746
  outer loop
   vertex -0.0271773 0.0501379 -3.735
   vertex -0.0270877 0.0497859 -3.772
   vertex -0.0285357 0.0258758 -3.735
  endloop
 endfacet
 facet normal -0.998515 0.0543328 -0.0039643
  outer loop
   vertex -0.0270877 0.0497859 -3.772
   vertex -0.0283999 0.0256715 -3.772
   vertex -0.0285357 0.0258758 -3.735
  endloop
 endfacet
 facet normal -0.999794 0.0199426 -0.0037791
  outer loop
   vertex -0.0285357 0.0258758 -3.735
   vertex -0.0283999 0.0256715 -3.772
   vertex -0.0290205 0.00156662 -3.735
  endloop
 endfacet
 facet normal -0.99982 0.0183718 -0.00480289
  outer loop
   vertex -0.0283999 0.0256715 -3.772
   vertex -0.0288438 0.00151164 -3.772
   vertex -0.0290205 0.00156662 -3.735
  endloop
 endfacet
 facet normal -0.999987 0.00197715 -0.00477933
  outer loop
   vertex -0.0290205 0.00156662 -3.735
   vertex -0.0288438 0.00151164 -3.772
   vertex -0.0290687 -0.0227662 -3.735
  endloop
 endfacet
 facet normal -0.999983 0.000406449 -0.00580993
  outer loop
   vertex -0.0288438 0.00151164 -3.772
   vertex -0.0288536 -0.022671 -3.772
   vertex -0.0290687 -0.0227662 -3.735
  endloop
 endfacet
 facet normal -0.999965 -0.00599733 -0.0058263
  outer loop
   vertex -0.0290687 -0.0227662 -3.735
   vertex -0.0288536 -0.022671 -3.772
   vertex -0.0289227 -0.0471094 -3.735
  endloop
 endfacet
 facet normal -0.999948 -0.00756799 -0.00686368
  outer loop
   vertex -0.0288536 -0.022671 -3.772
   vertex -0.0286705 -0.0468637 -3.772
   vertex -0.0289227 -0.0471094 -3.735
  endloop
 endfacet
 facet normal -0.999969 -0.0040043 -0.00684015
  outer loop
   vertex -0.0289227 -0.0471094 -3.735
   vertex -0.0286705 -0.0468637 -3.772
   vertex -0.0288252 -0.0714501 -3.735
  endloop
 endfacet
 facet normal -0.999953 -0.00557508 -0.00788386
  outer loop
   vertex -0.0286705 -0.0468637 -3.772
   vertex -0.0285357 -0.0710539 -3.772
   vertex -0.0288252 -0.0714501 -3.735
  endloop
 endfacet
 facet normal -0.999937 -0.00798972 -0.00790958
  outer loop
   vertex -0.0288252 -0.0714501 -3.735
   vertex -0.0285357 -0.0710539 -3.772
   vertex -0.0286307 -0.095796 -3.735
  endloop
 endfacet
 facet normal -0.999914 -0.00956019 -0.0089597
  outer loop
   vertex -0.0285357 -0.0710539 -3.772
   vertex -0.0283043 -0.0952492 -3.772
   vertex -0.0286307 -0.095796 -3.735
  endloop
 endfacet
 facet normal -0.999942 -0.00599728 -0.00890729
  outer loop
   vertex -0.0286307 -0.095796 -3.735
   vertex -0.0283043 -0.0952492 -3.772
   vertex -0.0284847 -0.120139 -3.735
  endloop
 endfacet
 facet normal -0.999922 -0.0075678 -0.00996368
  outer loop
   vertex -0.0283043 -0.0952492 -3.772
   vertex -0.0281212 -0.119442 -3.772
   vertex -0.0284847 -0.120139 -3.735
  endloop
 endfacet
 facet normal -0.9999 -0.00998148 -0.010009
  outer loop
   vertex -0.0284847 -0.120139 -3.735
   vertex -0.0281212 -0.119442 -3.772
   vertex -0.0282416 -0.144488 -3.735
  endloop
 endfacet
 facet normal -0.999872 -0.011552 -0.011072
  outer loop
   vertex -0.0281212 -0.119442 -3.772
   vertex -0.0278417 -0.14364 -3.772
   vertex -0.0282416 -0.144488 -3.735
  endloop
 endfacet
 facet normal -0.999867 -0.0119724 -0.0110816
  outer loop
   vertex -0.0282416 -0.144488 -3.735
   vertex -0.0278417 -0.14364 -3.772
   vertex -0.02795 -0.168839 -3.735
  endloop
 endfacet
 facet normal -0.999834 -0.013543 -0.0121511
  outer loop
   vertex -0.0278417 -0.14364 -3.772
   vertex -0.0275139 -0.16784 -3.772
   vertex -0.02795 -0.168839 -3.735
  endloop
 endfacet
 facet normal -0.999798 -0.0159536 -0.0122158
  outer loop
   vertex -0.02795 -0.168839 -3.735
   vertex -0.0275139 -0.16784 -3.772
   vertex -0.0275614 -0.193195 -3.735
  endloop
 endfacet
 facet normal -0.999758 -0.0175237 -0.0132917
  outer loop
   vertex -0.0275139 -0.16784 -3.772
   vertex -0.0270896 -0.192045 -3.772
   vertex -0.0275614 -0.193195 -3.735
  endloop
 endfacet
 facet normal -0.99967 -0.02192 -0.0134272
  outer loop
   vertex -0.0275614 -0.193195 -3.735
   vertex -0.0270896 -0.192045 -3.772
   vertex -0.0270271 -0.217559 -3.735
  endloop
 endfacet
 facet normal -0.999619 -0.0234896 -0.0145096
  outer loop
   vertex -0.0270896 -0.192045 -3.772
   vertex -0.0265206 -0.216258 -3.772
   vertex -0.0270271 -0.217559 -3.735
  endloop
 endfacet
 facet normal -0.999445 -0.0298648 -0.0147314
  outer loop
   vertex -0.0270271 -0.217559 -3.735
   vertex -0.0265206 -0.216258 -3.772
   vertex -0.0262988 -0.241934 -3.735
  endloop
 endfacet
 facet normal -0.999381 -0.0314344 -0.0158209
  outer loop
   vertex -0.0265206 -0.216258 -3.772
   vertex -0.0257587 -0.240481 -3.772
   vertex -0.0262988 -0.241934 -3.735
  endloop
 endfacet
 facet normal -0.999301 -0.0338324 -0.0159139
  outer loop
   vertex -0.0262988 -0.241934 -3.735
   vertex -0.0257587 -0.240481 -3.772
   vertex -0.0254734 -0.266314 -3.735
  endloop
 endfacet
 facet normal -0.999228 -0.0354018 -0.0170101
  outer loop
   vertex -0.0257587 -0.240481 -3.772
   vertex -0.0249004 -0.26471 -3.772
   vertex -0.0254734 -0.266314 -3.735
  endloop
 endfacet
 facet normal -0.999139 -0.0377966 -0.0171126
  outer loop
   vertex -0.0254734 -0.266314 -3.735
   vertex -0.0249004 -0.26471 -3.772
   vertex -0.0245509 -0.290699 -3.735
  endloop
 endfacet
 facet normal -0.999059 -0.039365 -0.0182151
  outer loop
   vertex -0.0249004 -0.26471 -3.772
   vertex -0.0239455 -0.288943 -3.772
   vertex -0.0245509 -0.290699 -3.735
  endloop
 endfacet
 facet normal -0.99896 -0.0417568 -0.018327
  outer loop
   vertex -0.0245509 -0.290699 -3.735
   vertex -0.0239455 -0.288943 -3.772
   vertex -0.0235314 -0.31509 -3.735
  endloop
 endfacet
 facet normal -0.998872 -0.0433252 -0.0194363
  outer loop
   vertex -0.0239455 -0.288943 -3.772
   vertex -0.0228942 -0.313181 -3.772
   vertex -0.0235314 -0.31509 -3.735
  endloop
 endfacet
 facet normal -0.973231 -0.228051 -0.028524
  outer loop
   vertex -0.0235314 -0.31509 -3.735
   vertex -0.0228942 -0.313181 -3.772
   vertex -0.017756 -0.339737 -3.735
  endloop
 endfacet
 facet normal -0.972839 -0.229571 -0.0296694
  outer loop
   vertex -0.0228942 -0.313181 -3.772
   vertex -0.017116 -0.337667 -3.772
   vertex -0.017756 -0.339737 -3.735
  endloop
 endfacet
 facet normal 0.196156 0.980095 -0.0306206
  outer loop
   vertex 0.00758348 0.144701 -3.772
   vertex 0.0157683 0.143063 -3.772
   vertex 0.00588634 0.137574 -4.011
  endloop
 endfacet
 facet normal 0.186733 0.981944 -0.0302735
  outer loop
   vertex 0.00588634 0.137574 -4.011
   vertex 0.0157683 0.143063 -3.772
   vertex 0.013679 0.136092 -4.011
  endloop
 endfacet
 facet normal 0.397965 0.916903 -0.0302229
  outer loop
   vertex 0.0157683 0.143063 -3.772
   vertex 0.0189367 0.141688 -3.772
   vertex 0.013679 0.136092 -4.011
  endloop
 endfacet
 facet normal 0.389167 0.920675 -0.0301177
  outer loop
   vertex 0.013679 0.136092 -4.011
   vertex 0.0189367 0.141688 -3.772
   vertex 0.0167024 0.134814 -4.011
  endloop
 endfacet
 facet normal 0.527844 0.848834 -0.0293479
  outer loop
   vertex 0.0189367 0.141688 -3.772
   vertex 0.0253069 0.137727 -3.772
   vertex 0.0167024 0.134814 -4.011
  endloop
 endfacet
 facet normal 0.519678 0.853866 -0.0291152
  outer loop
   vertex 0.0167024 0.134814 -4.011
   vertex 0.0253069 0.137727 -3.772
   vertex 0.022792 0.131108 -4.011
  endloop
 endfacet
 facet normal 0.679256 0.733387 -0.0274579
  outer loop
   vertex 0.0253069 0.137727 -3.772
   vertex 0.032226 0.131318 -3.772
   vertex 0.022792 0.131108 -4.011
  endloop
 endfacet
 facet normal 0.672186 0.739883 -0.0271846
  outer loop
   vertex 0.022792 0.131108 -4.011
   vertex 0.032226 0.131318 -3.772
   vertex 0.0294254 0.125081 -4.011
  endloop
 endfacet
 facet normal 0.800896 0.598282 -0.0249976
  outer loop
   vertex 0.032226 0.131318 -3.772
   vertex 0.0416267 0.118734 -3.772
   vertex 0.0294254 0.125081 -4.011
  endloop
 endfacet
 facet normal 0.795126 0.60595 -0.0244994
  outer loop
   vertex 0.0294254 0.125081 -4.011
   vertex 0.0416267 0.118734 -3.772
   vertex 0.0384734 0.113209 -4.011
  endloop
 endfacet
 facet normal 0.880255 0.473964 -0.0225713
  outer loop
   vertex 0.0416267 0.118734 -3.772
   vertex 0.0483263 0.106292 -3.772
   vertex 0.0384734 0.113209 -4.011
  endloop
 endfacet
 facet normal 0.875674 0.482395 -0.0221384
  outer loop
   vertex 0.0384734 0.113209 -4.011
   vertex 0.0483263 0.106292 -3.772
   vertex 0.0449533 0.101446 -4.011
  endloop
 endfacet
 facet normal 0.915122 0.402626 -0.0210779
  outer loop
   vertex 0.0483263 0.106292 -3.772
   vertex 0.0537718 0.0939145 -3.772
   vertex 0.0449533 0.101446 -4.011
  endloop
 endfacet
 facet normal 0.911222 0.411396 -0.0206577
  outer loop
   vertex 0.0449533 0.101446 -4.011
   vertex 0.0537718 0.0939145 -3.772
   vertex 0.0502408 0.0897344 -4.011
  endloop
 endfacet
 facet normal 0.95084 0.309071 -0.0194533
  outer loop
   vertex 0.0537718 0.0939145 -3.772
   vertex 0.0617688 0.0693123 -3.772
   vertex 0.0502408 0.0897344 -4.011
  endloop
 endfacet
 facet normal 0.947846 0.31819 -0.0185297
  outer loop
   vertex 0.0502408 0.0897344 -4.011
   vertex 0.0617688 0.0693123 -3.772
   vertex 0.0580645 0.0664286 -4.011
  endloop
 endfacet
 facet normal 0.973535 0.227841 -0.0178377
  outer loop
   vertex 0.0617688 0.0693123 -3.772
   vertex 0.0674988 0.0448288 -3.772
   vertex 0.0580645 0.0664286 -4.011
  endloop
 endfacet
 facet normal 0.971319 0.23718 -0.0169063
  outer loop
   vertex 0.0580645 0.0664286 -4.011
   vertex 0.0674988 0.0448288 -3.772
   vertex 0.0637329 0.0432151 -4.011
  endloop
 endfacet
 facet normal 0.986724 0.161549 -0.0166383
  outer loop
   vertex 0.0674988 0.0448288 -3.772
   vertex 0.0714923 0.0204364 -3.772
   vertex 0.0637329 0.0432151 -4.011
  endloop
 endfacet
 facet normal 0.985144 0.171015 -0.0156847
  outer loop
   vertex 0.0637329 0.0432151 -4.011
   vertex 0.0714923 0.0204364 -3.772
   vertex 0.0677504 0.0200722 -4.011
  endloop
 endfacet
 facet normal 0.99577 0.0905219 -0.0157285
  outer loop
   vertex 0.0714923 0.0204364 -3.772
   vertex 0.0737013 -0.00386252 -3.772
   vertex 0.0677504 0.0200722 -4.011
  endloop
 endfacet
 facet normal 0.99487 0.100077 -0.0147491
  outer loop
   vertex 0.0677504 0.0200722 -4.011
   vertex 0.0737013 -0.00386252 -3.772
   vertex 0.0700711 -0.00299811 -4.011
  endloop
 endfacet
 facet normal 0.999794 0.0135423 -0.0151369
  outer loop
   vertex 0.0737013 -0.00386252 -3.772
   vertex 0.0740291 -0.0280628 -3.772
   vertex 0.0700711 -0.00299811 -4.011
  endloop
 endfacet
 facet normal 0.999632 0.0231396 -0.0141277
  outer loop
   vertex 0.0700711 -0.00299811 -4.011
   vertex 0.0740291 -0.0280628 -3.772
   vertex 0.0706033 -0.0259919 -4.011
  endloop
 endfacet
 facet normal 0.998624 -0.0503332 -0.0147499
  outer loop
   vertex 0.0740291 -0.0280628 -3.772
   vertex 0.0728134 -0.0521823 -3.772
   vertex 0.0706033 -0.0259919 -4.011
  endloop
 endfacet
 facet normal 0.999076 -0.0407454 -0.0137034
  outer loop
   vertex 0.0706033 -0.0259919 -4.011
   vertex 0.0728134 -0.0521823 -3.772
   vertex 0.0696682 -0.0489229 -4.011
  endloop
 endfacet
 facet normal 0.994036 -0.108078 -0.0145554
  outer loop
   vertex 0.0728134 -0.0521823 -3.772
   vertex 0.0701989 -0.0762284 -3.772
   vertex 0.0696682 -0.0489229 -4.011
  endloop
 endfacet
 facet normal 0.995043 -0.098533 -0.0134671
  outer loop
   vertex 0.0696682 -0.0489229 -4.011
   vertex 0.0701989 -0.0762284 -3.772
   vertex 0.0674031 -0.0717969 -4.011
  endloop
 endfacet
 facet normal 0.987446 -0.157294 -0.0144678
  outer loop
   vertex 0.0701989 -0.0762284 -3.772
   vertex 0.0663786 -0.100211 -3.772
   vertex 0.0674031 -0.0717969 -4.011
  endloop
 endfacet
 facet normal 0.988926 -0.147809 -0.0133338
  outer loop
   vertex 0.0674031 -0.0717969 -4.011
   vertex 0.0663786 -0.100211 -3.772
   vertex 0.0639915 -0.094622 -4.011
  endloop
 endfacet
 facet normal 0.979715 -0.199873 -0.0144594
  outer loop
   vertex 0.0663786 -0.100211 -3.772
   vertex 0.0614972 -0.124139 -3.772
   vertex 0.0639915 -0.094622 -4.011
  endloop
 endfacet
 facet normal 0.981605 -0.190463 -0.0132776
  outer loop
   vertex 0.0639915 -0.094622 -4.011
   vertex 0.0614972 -0.124139 -3.772
   vertex 0.0595711 -0.117404 -4.011
  endloop
 endfacet
 facet normal 0.97028 -0.241541 -0.0146256
  outer loop
   vertex 0.0614972 -0.124139 -3.772
   vertex 0.0555546 -0.14801 -3.772
   vertex 0.0595711 -0.117404 -4.011
  endloop
 endfacet
 facet normal 0.972571 -0.232219 -0.0133934
  outer loop
   vertex 0.0595711 -0.117404 -4.011
   vertex 0.0555546 -0.14801 -3.772
   vertex 0.0541418 -0.140143 -4.011
  endloop
 endfacet
 facet normal 0.96086 -0.276639 -0.0147865
  outer loop
   vertex 0.0555546 -0.14801 -3.772
   vertex 0.0486955 -0.171834 -3.772
   vertex 0.0541418 -0.140143 -4.011
  endloop
 endfacet
 facet normal 0.963489 -0.267407 -0.0135025
  outer loop
   vertex 0.0541418 -0.140143 -4.011
   vertex 0.0486955 -0.171834 -3.772
   vertex 0.0478413 -0.162844 -4.011
  endloop
 endfacet
 facet normal 0.951511 -0.307252 -0.0149584
  outer loop
   vertex 0.0486955 -0.171834 -3.772
   vertex 0.0410165 -0.195615 -3.772
   vertex 0.0478413 -0.162844 -4.011
  endloop
 endfacet
 facet normal 0.954434 -0.29811 -0.0136214
  outer loop
   vertex 0.0478413 -0.162844 -4.011
   vertex 0.0410165 -0.195615 -3.772
   vertex 0.0407611 -0.185512 -4.011
  endloop
 endfacet
 facet normal 0.945037 -0.326628 -0.0148169
  outer loop
   vertex 0.0410165 -0.195615 -3.772
   vertex 0.032807 -0.219368 -3.772
   vertex 0.0407611 -0.185512 -4.011
  endloop
 endfacet
 facet normal 0.948147 -0.317548 -0.0134271
  outer loop
   vertex 0.0407611 -0.185512 -4.011
   vertex 0.032807 -0.219368 -3.772
   vertex 0.0331765 -0.208158 -4.011
  endloop
 endfacet
 facet normal 0.938249 -0.345644 -0.0147601
  outer loop
   vertex 0.032807 -0.219368 -3.772
   vertex 0.0240668 -0.243093 -3.772
   vertex 0.0331765 -0.208158 -4.011
  endloop
 endfacet
 facet normal 0.941543 -0.336629 -0.0133167
  outer loop
   vertex 0.0331765 -0.208158 -4.011
   vertex 0.0240668 -0.243093 -3.772
   vertex 0.0250874 -0.230783 -4.011
  endloop
 endfacet
 facet normal 0.933132 -0.359241 -0.0145173
  outer loop
   vertex 0.0240668 -0.243093 -3.772
   vertex 0.0149408 -0.266798 -3.772
   vertex 0.0250874 -0.230783 -4.011
  endloop
 endfacet
 facet normal 0.936556 -0.350275 -0.0130209
  outer loop
   vertex 0.0250874 -0.230783 -4.011
   vertex 0.0149408 -0.266798 -3.772
   vertex 0.0166315 -0.253393 -4.011
  endloop
 endfacet
 facet normal 0.928534 -0.370975 -0.0142386
  outer loop
   vertex 0.0149408 -0.266798 -3.772
   vertex 0.00547711 -0.290485 -3.772
   vertex 0.0166315 -0.253393 -4.011
  endloop
 endfacet
 facet normal 0.932071 -0.362052 -0.0126887
  outer loop
   vertex 0.0166315 -0.253393 -4.011
   vertex 0.00547711 -0.290485 -3.772
   vertex 0.00785457 -0.275988 -4.011
  endloop
 endfacet
 facet normal 0.925864 -0.377609 -0.013694
  outer loop
   vertex 0.00547711 -0.290485 -3.772
   vertex -0.00417949 -0.314162 -3.772
   vertex 0.00785457 -0.275988 -4.011
  endloop
 endfacet
 facet normal 0.929465 -0.368711 -0.0120915
  outer loop
   vertex 0.00785457 -0.275988 -4.011
   vertex -0.00417949 -0.314162 -3.772
   vertex -0.00110579 -0.298576 -4.011
  endloop
 endfacet
 facet normal 0.875902 -0.482068 -0.0201728
  outer loop
   vertex -0.00417949 -0.314162 -3.772
   vertex -0.017116 -0.337667 -3.772
   vertex -0.00110579 -0.298576 -4.011
  endloop
 endfacet
 facet normal 0.880517 -0.473655 -0.0184876
  outer loop
   vertex -0.00110579 -0.298576 -4.011
   vertex -0.017116 -0.337667 -3.772
   vertex -0.0131845 -0.32103 -4.011
  endloop
 endfacet
 facet normal -0.147557 0.988645 -0.0284349
  outer loop
   vertex 0.00758348 0.144701 -3.772
   vertex 0.00588634 0.137574 -4.011
   vertex 0.00158753 0.143807 -3.772
  endloop
 endfacet
 facet normal -0.157042 0.987179 -0.0285673
  outer loop
   vertex 0.00588634 0.137574 -4.011
   vertex 0.000196744 0.136669 -4.011
   vertex 0.00158753 0.143807 -3.772
  endloop
 endfacet
 facet normal -0.439102 0.898109 -0.024266
  outer loop
   vertex 0.00158753 0.143807 -3.772
   vertex 0.000196744 0.136669 -4.011
   vertex -0.000646191 0.142714 -3.772
  endloop
 endfacet
 facet normal -0.447682 0.893866 -0.0241889
  outer loop
   vertex 0.000196744 0.136669 -4.011
   vertex -0.00191592 0.135611 -4.011
   vertex -0.000646191 0.142714 -3.772
  endloop
 endfacet
 facet normal -0.639956 0.768166 -0.0194314
  outer loop
   vertex -0.000646191 0.142714 -3.772
   vertex -0.00191592 0.135611 -4.011
   vertex -0.00474272 0.139302 -3.772
  endloop
 endfacet
 facet normal -0.647306 0.761983 -0.0194228
  outer loop
   vertex -0.00191592 0.135611 -4.011
   vertex -0.00577758 0.13233 -4.011
   vertex -0.00474272 0.139302 -3.772
  endloop
 endfacet
 facet normal -0.806212 0.591466 -0.0137611
  outer loop
   vertex -0.00474272 0.139302 -3.772
   vertex -0.00577758 0.13233 -4.011
   vertex -0.00901387 0.13348 -3.772
  endloop
 endfacet
 facet normal -0.811852 0.5837 -0.0138001
  outer loop
   vertex -0.00577758 0.13233 -4.011
   vertex -0.0097832 0.126759 -4.011
   vertex -0.00901387 0.13348 -3.772
  endloop
 endfacet
 facet normal -0.897442 0.44103 -0.00951275
  outer loop
   vertex -0.00901387 0.13348 -3.772
   vertex -0.0097832 0.126759 -4.011
   vertex -0.0148068 0.121692 -3.772
  endloop
 endfacet
 facet normal -0.901632 0.432393 -0.00978393
  outer loop
   vertex -0.0097832 0.126759 -4.011
   vertex -0.0151805 0.115505 -4.011
   vertex -0.0148068 0.121692 -3.772
  endloop
 endfacet
 facet normal -0.955549 0.29477 -0.00613685
  outer loop
   vertex -0.0148068 0.121692 -3.772
   vertex -0.0151805 0.115505 -4.011
   vertex -0.0184775 0.109793 -3.772
  endloop
 endfacet
 facet normal -0.958333 0.285583 -0.00639481
  outer loop
   vertex -0.0151805 0.115505 -4.011
   vertex -0.0185601 0.104164 -4.011
   vertex -0.0184775 0.109793 -3.772
  endloop
 endfacet
 facet normal -0.976146 0.217061 -0.00477483
  outer loop
   vertex -0.0184775 0.109793 -3.772
   vertex -0.0185601 0.104164 -4.011
   vertex -0.0211353 0.0978402 -3.772
  endloop
 endfacet
 facet normal -0.978184 0.207681 -0.00504496
  outer loop
   vertex -0.0185601 0.104164 -4.011
   vertex -0.0209767 0.0927815 -4.011
   vertex -0.0211353 0.0978402 -3.772
  endloop
 endfacet
 facet normal -0.988757 0.149484 -0.00382019
  outer loop
   vertex -0.0211353 0.0978402 -3.772
   vertex -0.0209767 0.0927815 -4.011
   vertex -0.0247627 0.0738472 -3.772
  endloop
 endfacet
 facet normal -0.990143 0.139986 -0.00459465
  outer loop
   vertex -0.0209767 0.0927815 -4.011
   vertex -0.0242048 0.0699486 -4.011
   vertex -0.0247627 0.0738472 -3.772
  endloop
 endfacet
 facet normal -0.995356 0.096182 -0.0038923
  outer loop
   vertex -0.0247627 0.0738472 -3.772
   vertex -0.0242048 0.0699486 -4.011
   vertex -0.0270877 0.0497859 -3.772
  endloop
 endfacet
 facet normal -0.99623 0.0866229 -0.00470927
  outer loop
   vertex -0.0242048 0.0699486 -4.011
   vertex -0.0261947 0.0470628 -4.011
   vertex -0.0270877 0.0497859 -3.772
  endloop
 endfacet
 facet normal -0.998513 0.0543327 -0.00434989
  outer loop
   vertex -0.0270877 0.0497859 -3.772
   vertex -0.0261947 0.0470628 -4.011
   vertex -0.0283999 0.0256715 -3.772
  endloop
 endfacet
 facet normal -0.998985 0.0447448 -0.00521239
  outer loop
   vertex -0.0261947 0.0470628 -4.011
   vertex -0.0272216 0.0241357 -4.011
   vertex -0.0283999 0.0256715 -3.772
  endloop
 endfacet
 facet normal -0.999818 0.0183718 -0.00504703
  outer loop
   vertex -0.0283999 0.0256715 -3.772
   vertex -0.0272216 0.0241357 -4.011
   vertex -0.0288438 0.00151164 -3.772
  endloop
 endfacet
 facet normal -0.999944 0.00877339 -0.00595648
  outer loop
   vertex -0.0272216 0.0241357 -4.011
   vertex -0.0274231 0.00117334 -4.011
   vertex -0.0288438 0.00151164 -3.772
  endloop
 endfacet
 facet normal -0.999982 0.000406449 -0.00594486
  outer loop
   vertex -0.0288438 0.00151164 -3.772
   vertex -0.0274231 0.00117334 -4.011
   vertex -0.0288536 -0.022671 -3.772
  endloop
 endfacet
 facet normal -0.999934 -0.00919216 -0.0069022
  outer loop
   vertex -0.0274231 0.00117334 -4.011
   vertex -0.0272119 -0.0218067 -4.011
   vertex -0.0288536 -0.022671 -3.772
  endloop
 endfacet
 facet normal -0.999948 -0.00756799 -0.00689642
  outer loop
   vertex -0.0288536 -0.022671 -3.772
   vertex -0.0272119 -0.0218067 -4.011
   vertex -0.0286705 -0.0468637 -3.772
  endloop
 endfacet
 facet normal -0.999821 -0.0171664 -0.00790195
  outer loop
   vertex -0.0272119 -0.0218067 -4.011
   vertex -0.0268172 -0.0447946 -4.011
   vertex -0.0286705 -0.0468637 -3.772
  endloop
 endfacet
 facet normal -0.999954 -0.00557508 -0.00780263
  outer loop
   vertex -0.0286705 -0.0468637 -3.772
   vertex -0.0268172 -0.0447946 -4.011
   vertex -0.0285357 -0.0710539 -3.772
  endloop
 endfacet
 facet normal -0.999846 -0.0151735 -0.00885644
  outer loop
   vertex -0.0268172 -0.0447946 -4.011
   vertex -0.0264683 -0.0677805 -4.011
   vertex -0.0285357 -0.0710539 -3.772
  endloop
 endfacet
 facet normal -0.999916 -0.0095602 -0.00878017
  outer loop
   vertex -0.0285357 -0.0710539 -3.772
   vertex -0.0264683 -0.0677805 -4.011
   vertex -0.0283043 -0.0952492 -3.772
  endloop
 endfacet
 facet normal -0.999768 -0.0191579 -0.00988211
  outer loop
   vertex -0.0264683 -0.0677805 -4.011
   vertex -0.0260278 -0.0907703 -4.011
   vertex -0.0283043 -0.0952492 -3.772
  endloop
 endfacet
 facet normal -0.999925 -0.00756782 -0.00966641
  outer loop
   vertex -0.0283043 -0.0952492 -3.772
   vertex -0.0260278 -0.0907703 -4.011
   vertex -0.0281212 -0.119442 -3.772
  endloop
 endfacet
 facet normal -0.999794 -0.0171655 -0.0108167
  outer loop
   vertex -0.0260278 -0.0907703 -4.011
   vertex -0.0256331 -0.113758 -4.011
   vertex -0.0281212 -0.119442 -3.772
  endloop
 endfacet
 facet normal -0.999876 -0.0115521 -0.010684
  outer loop
   vertex -0.0281212 -0.119442 -3.772
   vertex -0.0256331 -0.113758 -4.011
   vertex -0.0278417 -0.14364 -3.772
  endloop
 endfacet
 facet normal -0.999706 -0.0211496 -0.0118824
  outer loop
   vertex -0.0256331 -0.113758 -4.011
   vertex -0.0251467 -0.13675 -4.011
   vertex -0.0278417 -0.14364 -3.772
  endloop
 endfacet
 facet normal -0.99984 -0.013543 -0.0116646
  outer loop
   vertex -0.0278417 -0.14364 -3.772
   vertex -0.0251467 -0.13675 -4.011
   vertex -0.0275139 -0.16784 -3.772
  endloop
 endfacet
 facet normal -0.999649 -0.0231399 -0.0129111
  outer loop
   vertex -0.0251467 -0.13675 -4.011
   vertex -0.0246144 -0.159744 -4.011
   vertex -0.0275139 -0.16784 -3.772
  endloop
 endfacet
 facet normal -0.999766 -0.0175238 -0.0127223
  outer loop
   vertex -0.0275139 -0.16784 -3.772
   vertex -0.0246144 -0.159744 -4.011
   vertex -0.0270896 -0.192045 -3.772
  endloop
 endfacet
 facet normal -0.999534 -0.0271192 -0.0140167
  outer loop
   vertex -0.0246144 -0.159744 -4.011
   vertex -0.0239905 -0.182741 -4.011
   vertex -0.0270896 -0.192045 -3.772
  endloop
 endfacet
 facet normal -0.999628 -0.0234898 -0.0138767
  outer loop
   vertex -0.0270896 -0.192045 -3.772
   vertex -0.0239905 -0.182741 -4.011
   vertex -0.0265206 -0.216258 -3.772
  endloop
 endfacet
 facet normal -0.999337 -0.0330837 -0.015219
  outer loop
   vertex -0.0239905 -0.182741 -4.011
   vertex -0.0232289 -0.205745 -4.011
   vertex -0.0265206 -0.216258 -3.772
  endloop
 endfacet
 facet normal -0.999391 -0.0314347 -0.0151472
  outer loop
   vertex -0.0265206 -0.216258 -3.772
   vertex -0.0232289 -0.205745 -4.011
   vertex -0.0257587 -0.240481 -3.772
  endloop
 endfacet
 facet normal -0.999021 -0.0410255 -0.0165372
  outer loop
   vertex -0.0232289 -0.205745 -4.011
   vertex -0.022284 -0.228757 -4.011
   vertex -0.0257587 -0.240481 -3.772
  endloop
 endfacet
 facet normal -0.999241 -0.0354022 -0.0162646
  outer loop
   vertex -0.0257587 -0.240481 -3.772
   vertex -0.022284 -0.228757 -4.011
   vertex -0.0249004 -0.26471 -3.772
  endloop
 endfacet
 facet normal -0.998831 -0.0449912 -0.0177026
  outer loop
   vertex -0.022284 -0.228757 -4.011
   vertex -0.0212472 -0.251772 -4.011
   vertex -0.0249004 -0.26471 -3.772
  endloop
 endfacet
 facet normal -0.999073 -0.0393656 -0.0174017
  outer loop
   vertex -0.0249004 -0.26471 -3.772
   vertex -0.0212472 -0.251772 -4.011
   vertex -0.0239455 -0.288943 -3.772
  endloop
 endfacet
 facet normal -0.998623 -0.0489526 -0.0188877
  outer loop
   vertex -0.0212472 -0.251772 -4.011
   vertex -0.0201188 -0.274791 -4.011
   vertex -0.0239455 -0.288943 -3.772
  endloop
 endfacet
 facet normal -0.998889 -0.0433259 -0.0185588
  outer loop
   vertex -0.0239455 -0.288943 -3.772
   vertex -0.0201188 -0.274791 -4.011
   vertex -0.0228942 -0.313181 -3.772
  endloop
 endfacet
 facet normal -0.998397 -0.0529107 -0.0200926
  outer loop
   vertex -0.0201188 -0.274791 -4.011
   vertex -0.0188987 -0.297814 -4.011
   vertex -0.0228942 -0.313181 -3.772
  endloop
 endfacet
 facet normal -0.9728 -0.229562 -0.0310226
  outer loop
   vertex -0.0228942 -0.313181 -3.772
   vertex -0.0188987 -0.297814 -4.011
   vertex -0.017116 -0.337667 -3.772
  endloop
 endfacet
 facet normal -0.970502 -0.238879 -0.0325932
  outer loop
   vertex -0.0188987 -0.297814 -4.011
   vertex -0.0131845 -0.32103 -4.011
   vertex -0.017116 -0.337667 -3.772
  endloop
 endfacet
 facet normal 0.186731 0.981932 -0.0306733
  outer loop
   vertex 0.00588634 0.137574 -4.011
   vertex 0.013679 0.136092 -4.011
   vertex 0.00426441 0.12923 -4.288
  endloop
 endfacet
 facet normal 0.177135 0.983717 -0.0303914
  outer loop
   vertex 0.00426441 0.12923 -4.288
   vertex 0.013679 0.136092 -4.011
   vertex 0.011595 0.12791 -4.288
  endloop
 endfacet
 facet normal 0.389167 0.920674 -0.0301244
  outer loop
   vertex 0.013679 0.136092 -4.011
   vertex 0.0167024 0.134814 -4.011
   vertex 0.011595 0.12791 -4.288
  endloop
 endfacet
 facet normal 0.380141 0.92444 -0.0300518
  outer loop
   vertex 0.011595 0.12791 -4.288
   vertex 0.0167024 0.134814 -4.011
   vertex 0.0144456 0.126738 -4.288
  endloop
 endfacet
 facet normal 0.519678 0.853866 -0.0291309
  outer loop
   vertex 0.0167024 0.134814 -4.011
   vertex 0.022792 0.131108 -4.011
   vertex 0.0144456 0.126738 -4.288
  endloop
 endfacet
 facet normal 0.511304 0.858912 -0.0289582
  outer loop
   vertex 0.0144456 0.126738 -4.288
   vertex 0.022792 0.131108 -4.011
   vertex 0.0201974 0.123314 -4.288
  endloop
 endfacet
 facet normal 0.672188 0.739884 -0.0271159
  outer loop
   vertex 0.022792 0.131108 -4.011
   vertex 0.0294254 0.125081 -4.011
   vertex 0.0201974 0.123314 -4.288
  endloop
 endfacet
 facet normal 0.664932 0.746419 -0.0269159
  outer loop
   vertex 0.0201974 0.123314 -4.288
   vertex 0.0294254 0.125081 -4.011
   vertex 0.0264812 0.117716 -4.288
  endloop
 endfacet
 facet normal 0.795124 0.605949 -0.0245644
  outer loop
   vertex 0.0294254 0.125081 -4.011
   vertex 0.0384734 0.113209 -4.011
   vertex 0.0264812 0.117716 -4.288
  endloop
 endfacet
 facet normal 0.78917 0.613698 -0.0241806
  outer loop
   vertex 0.0264812 0.117716 -4.288
   vertex 0.0384734 0.113209 -4.011
   vertex 0.0350857 0.106651 -4.288
  endloop
 endfacet
 facet normal 0.875674 0.482395 -0.0221299
  outer loop
   vertex 0.0384734 0.113209 -4.011
   vertex 0.0449533 0.101446 -4.011
   vertex 0.0350857 0.106651 -4.288
  endloop
 endfacet
 facet normal 0.870925 0.490932 -0.0218004
  outer loop
   vertex 0.0350857 0.106651 -4.288
   vertex 0.0449533 0.101446 -4.011
   vertex 0.041278 0.0956657 -4.288
  endloop
 endfacet
 facet normal 0.911222 0.411396 -0.0206753
  outer loop
   vertex 0.0449533 0.101446 -4.011
   vertex 0.0502408 0.0897344 -4.011
   vertex 0.041278 0.0956657 -4.288
  endloop
 endfacet
 facet normal 0.907164 0.420286 -0.0203536
  outer loop
   vertex 0.041278 0.0956657 -4.288
   vertex 0.0502408 0.0897344 -4.011
   vertex 0.0463503 0.0847174 -4.288
  endloop
 endfacet
 facet normal 0.947836 0.318187 -0.0190757
  outer loop
   vertex 0.0502408 0.0897344 -4.011
   vertex 0.0580645 0.0664286 -4.011
   vertex 0.0463503 0.0847174 -4.288
  endloop
 endfacet
 facet normal 0.944694 0.32744 -0.0183319
  outer loop
   vertex 0.0463503 0.0847174 -4.288
   vertex 0.0580645 0.0664286 -4.011
   vertex 0.0539102 0.0629062 -4.288
  endloop
 endfacet
 facet normal 0.971307 0.237177 -0.0175832
  outer loop
   vertex 0.0580645 0.0664286 -4.011
   vertex 0.0637329 0.0432151 -4.011
   vertex 0.0539102 0.0629062 -4.288
  endloop
 endfacet
 facet normal 0.968955 0.246663 -0.0168255
  outer loop
   vertex 0.0539102 0.0629062 -4.288
   vertex 0.0637329 0.0432151 -4.011
   vertex 0.0594456 0.0411618 -4.288
  endloop
 endfacet
 facet normal 0.98513 0.171013 -0.0165151
  outer loop
   vertex 0.0637329 0.0432151 -4.011
   vertex 0.0677504 0.0200722 -4.011
   vertex 0.0594456 0.0411618 -4.288
  endloop
 endfacet
 facet normal 0.983424 0.180635 -0.0157314
  outer loop
   vertex 0.0594456 0.0411618 -4.288
   vertex 0.0677504 0.0200722 -4.011
   vertex 0.0634302 0.0194686 -4.288
  endloop
 endfacet
 facet normal 0.994855 0.100076 -0.0157341
  outer loop
   vertex 0.0677504 0.0200722 -4.011
   vertex 0.0700711 -0.00299811 -4.011
   vertex 0.0634302 0.0194686 -4.288
  endloop
 endfacet
 facet normal 0.993842 0.109796 -0.0149215
  outer loop
   vertex 0.0634302 0.0194686 -4.288
   vertex 0.0700711 -0.00299811 -4.011
   vertex 0.065821 -0.00217201 -4.288
  endloop
 endfacet
 facet normal 0.999616 0.0231392 -0.0152685
  outer loop
   vertex 0.0700711 -0.00299811 -4.011
   vertex 0.0706033 -0.0259919 -4.011
   vertex 0.065821 -0.00217201 -4.288
  endloop
 endfacet
 facet normal 0.999354 0.0329084 -0.0144239
  outer loop
   vertex 0.065821 -0.00217201 -4.288
   vertex 0.0706033 -0.0259919 -4.011
   vertex 0.0665318 -0.0237572 -4.288
  endloop
 endfacet
 facet normal 0.999057 -0.0407447 -0.0150137
  outer loop
   vertex 0.0706033 -0.0259919 -4.011
   vertex 0.0696682 -0.0489229 -4.011
   vertex 0.0665318 -0.0237572 -4.288
  endloop
 endfacet
 facet normal 0.99942 -0.0309785 -0.0141306
  outer loop
   vertex 0.0665318 -0.0237572 -4.288
   vertex 0.0696682 -0.0489229 -4.011
   vertex 0.0658641 -0.0452969 -4.288
  endloop
 endfacet
 facet normal 0.995022 -0.0985309 -0.0149544
  outer loop
   vertex 0.0696682 -0.0489229 -4.011
   vertex 0.0674031 -0.0717969 -4.011
   vertex 0.0658641 -0.0452969 -4.288
  endloop
 endfacet
 facet normal 0.99595 -0.0888024 -0.0140289
  outer loop
   vertex 0.0658641 -0.0452969 -4.288
   vertex 0.0674031 -0.0717969 -4.011
   vertex 0.0639472 -0.0667954 -4.288
  endloop
 endfacet
 facet normal 0.988903 -0.147806 -0.0150063
  outer loop
   vertex 0.0674031 -0.0717969 -4.011
   vertex 0.0639915 -0.094622 -4.011
   vertex 0.0639472 -0.0667954 -4.288
  endloop
 endfacet
 facet normal 0.990314 -0.138135 -0.0140351
  outer loop
   vertex 0.0639472 -0.0667954 -4.288
   vertex 0.0639915 -0.094622 -4.011
   vertex 0.0609534 -0.0882583 -4.288
  endloop
 endfacet
 facet normal 0.981579 -0.190458 -0.0151413
  outer loop
   vertex 0.0639915 -0.094622 -4.011
   vertex 0.0595711 -0.117404 -4.011
   vertex 0.0609534 -0.0882583 -4.288
  endloop
 endfacet
 facet normal 0.983408 -0.180857 -0.014122
  outer loop
   vertex 0.0609534 -0.0882583 -4.288
   vertex 0.0595711 -0.117404 -4.011
   vertex 0.057012 -0.10969 -4.288
  endloop
 endfacet
 facet normal 0.972542 -0.232213 -0.0154518
  outer loop
   vertex 0.0595711 -0.117404 -4.011
   vertex 0.0541418 -0.140143 -4.011
   vertex 0.057012 -0.10969 -4.288
  endloop
 endfacet
 facet normal 0.974781 -0.222699 -0.0143827
  outer loop
   vertex 0.057012 -0.10969 -4.288
   vertex 0.0541418 -0.140143 -4.011
   vertex 0.0521228 -0.13109 -4.288
  endloop
 endfacet
 facet normal 0.963457 -0.267399 -0.0157609
  outer loop
   vertex 0.0541418 -0.140143 -4.011
   vertex 0.0478413 -0.162844 -4.011
   vertex 0.0521228 -0.13109 -4.288
  endloop
 endfacet
 facet normal 0.96604 -0.257976 -0.0146408
  outer loop
   vertex 0.0521228 -0.13109 -4.288
   vertex 0.0478413 -0.162844 -4.011
   vertex 0.0464152 -0.152464 -4.288
  endloop
 endfacet
 facet normal 0.954399 -0.298099 -0.0160845
  outer loop
   vertex 0.0478413 -0.162844 -4.011
   vertex 0.0407611 -0.185512 -4.011
   vertex 0.0464152 -0.152464 -4.288
  endloop
 endfacet
 facet normal 0.957285 -0.28876 -0.0149114
  outer loop
   vertex 0.0464152 -0.152464 -4.288
   vertex 0.0407611 -0.185512 -4.011
   vertex 0.0399753 -0.173813 -4.288
  endloop
 endfacet
 facet normal 0.94811 -0.317535 -0.0161006
  outer loop
   vertex 0.0407611 -0.185512 -4.011
   vertex 0.0331765 -0.208158 -4.011
   vertex 0.0399753 -0.173813 -4.288
  endloop
 endfacet
 facet normal 0.951186 -0.308259 -0.014875
  outer loop
   vertex 0.0399753 -0.173813 -4.288
   vertex 0.0331765 -0.208158 -4.011
   vertex 0.0330615 -0.195147 -4.288
  endloop
 endfacet
 facet normal 0.941503 -0.336614 -0.0162029
  outer loop
   vertex 0.0331765 -0.208158 -4.011
   vertex 0.0250874 -0.230783 -4.011
   vertex 0.0330615 -0.195147 -4.288
  endloop
 endfacet
 facet normal 0.944767 -0.327404 -0.014924
  outer loop
   vertex 0.0330615 -0.195147 -4.288
   vertex 0.0250874 -0.230783 -4.011
   vertex 0.0256739 -0.216465 -4.288
  endloop
 endfacet
 facet normal 0.936514 -0.350259 -0.016123
  outer loop
   vertex 0.0250874 -0.230783 -4.011
   vertex 0.0166315 -0.253393 -4.011
   vertex 0.0256739 -0.216465 -4.288
  endloop
 endfacet
 facet normal 0.939912 -0.341097 -0.0147905
  outer loop
   vertex 0.0256739 -0.216465 -4.288
   vertex 0.0166315 -0.253393 -4.011
   vertex 0.0179417 -0.237771 -4.288
  endloop
 endfacet
 facet normal 0.932027 -0.362035 -0.0160086
  outer loop
   vertex 0.0166315 -0.253393 -4.011
   vertex 0.00785457 -0.275988 -4.011
   vertex 0.0179417 -0.237771 -4.288
  endloop
 endfacet
 facet normal 0.935541 -0.352915 -0.0146224
  outer loop
   vertex 0.0179417 -0.237771 -4.288
   vertex 0.00785457 -0.275988 -4.011
   vertex 0.00990795 -0.259068 -4.288
  endloop
 endfacet
 facet normal 0.92942 -0.368693 -0.0156316
  outer loop
   vertex 0.00785457 -0.275988 -4.011
   vertex -0.00110579 -0.298576 -4.011
   vertex 0.00990795 -0.259068 -4.288
  endloop
 endfacet
 facet normal 0.932998 -0.359601 -0.0141925
  outer loop
   vertex 0.00990795 -0.259068 -4.288
   vertex -0.00110579 -0.298576 -4.011
   vertex 0.00170189 -0.280359 -4.288
  endloop
 endfacet
 facet normal 0.88045 -0.473619 -0.0222236
  outer loop
   vertex -0.00110579 -0.298576 -4.011
   vertex -0.0131845 -0.32103 -4.011
   vertex 0.00170189 -0.280359 -4.288
  endloop
 endfacet
 facet normal 0.885066 -0.465005 -0.0207107
  outer loop
   vertex 0.00170189 -0.280359 -4.288
   vertex -0.0131845 -0.32103 -4.011
   vertex -0.00943337 -0.301553 -4.288
  endloop
 endfacet
 facet normal -0.157041 0.987172 -0.0288183
  outer loop
   vertex 0.00588634 0.137574 -4.011
   vertex 0.00426441 0.12923 -4.288
   vertex 0.000196744 0.136669 -4.011
  endloop
 endfacet
 facet normal -0.166687 0.985586 -0.0289173
  outer loop
   vertex 0.00426441 0.12923 -4.288
   vertex -0.00106954 0.128328 -4.288
   vertex 0.000196744 0.136669 -4.011
  endloop
 endfacet
 facet normal -0.447674 0.893851 -0.0248704
  outer loop
   vertex 0.000196744 0.136669 -4.011
   vertex -0.00106954 0.128328 -4.288
   vertex -0.00191592 0.135611 -4.011
  endloop
 endfacet
 facet normal -0.456425 0.889417 -0.0247805
  outer loop
   vertex -0.00106954 0.128328 -4.288
   vertex -0.00304352 0.127315 -4.288
   vertex -0.00191592 0.135611 -4.011
  endloop
 endfacet
 facet normal -0.647296 0.761971 -0.0201864
  outer loop
   vertex -0.00191592 0.135611 -4.011
   vertex -0.00304352 0.127315 -4.288
   vertex -0.00577758 0.13233 -4.011
  endloop
 endfacet
 facet normal -0.654705 0.755616 -0.0201445
  outer loop
   vertex -0.00304352 0.127315 -4.288
   vertex -0.00663934 0.124199 -4.288
   vertex -0.00577758 0.13233 -4.011
  endloop
 endfacet
 facet normal -0.811843 0.583694 -0.0146088
  outer loop
   vertex -0.00577758 0.13233 -4.011
   vertex -0.00663934 0.124199 -4.288
   vertex -0.0097832 0.126759 -4.011
  endloop
 endfacet
 facet normal -0.817511 0.575728 -0.0145995
  outer loop
   vertex -0.00663934 0.124199 -4.288
   vertex -0.0103493 0.118931 -4.288
   vertex -0.0097832 0.126759 -4.011
  endloop
 endfacet
 facet normal -0.901627 0.432391 -0.0103769
  outer loop
   vertex -0.0097832 0.126759 -4.011
   vertex -0.0103493 0.118931 -4.288
   vertex -0.0151805 0.115505 -4.011
  endloop
 endfacet
 facet normal -0.905807 0.423559 -0.010559
  outer loop
   vertex -0.0103493 0.118931 -4.288
   vertex -0.0153139 0.108314 -4.288
   vertex -0.0151805 0.115505 -4.011
  endloop
 endfacet
 facet normal -0.958329 0.285582 -0.00695204
  outer loop
   vertex -0.0151805 0.115505 -4.011
   vertex -0.0153139 0.108314 -4.288
   vertex -0.0185601 0.104164 -4.011
  endloop
 endfacet
 facet normal -0.961073 0.276201 -0.00712477
  outer loop
   vertex -0.0153139 0.108314 -4.288
   vertex -0.0183831 0.0976344 -4.288
   vertex -0.0185601 0.104164 -4.011
  endloop
 endfacet
 facet normal -0.978181 0.20768 -0.00552058
  outer loop
   vertex -0.0185601 0.104164 -4.011
   vertex -0.0183831 0.0976344 -4.288
   vertex -0.0209767 0.0927815 -4.011
  endloop
 endfacet
 facet normal -0.980163 0.19811 -0.00570681
  outer loop
   vertex -0.0183831 0.0976344 -4.288
   vertex -0.0205476 0.086925 -4.288
   vertex -0.0209767 0.0927815 -4.011
  endloop
 endfacet
 facet normal -0.990143 0.139986 -0.00449338
  outer loop
   vertex -0.0209767 0.0927815 -4.011
   vertex -0.0205476 0.086925 -4.288
   vertex -0.0242048 0.0699486 -4.011
  endloop
 endfacet
 facet normal -0.991461 0.130301 -0.00510432
  outer loop
   vertex -0.0205476 0.086925 -4.288
   vertex -0.0233691 0.0654563 -4.288
   vertex -0.0242048 0.0699486 -4.011
  endloop
 endfacet
 facet normal -0.996231 0.086623 -0.00441035
  outer loop
   vertex -0.0242048 0.0699486 -4.011
   vertex -0.0233691 0.0654563 -4.288
   vertex -0.0261947 0.0470628 -4.011
  endloop
 endfacet
 facet normal -0.997027 0.0768815 -0.00506533
  outer loop
   vertex -0.0233691 0.0654563 -4.288
   vertex -0.0250275 0.0439493 -4.288
   vertex -0.0261947 0.0470628 -4.011
  endloop
 endfacet
 facet normal -0.998987 0.0447449 -0.00471238
  outer loop
   vertex -0.0261947 0.0470628 -4.011
   vertex -0.0250275 0.0439493 -4.288
   vertex -0.0272216 0.0241357 -4.011
  endloop
 endfacet
 facet normal -0.999373 0.0349795 -0.00541396
  outer loop
   vertex -0.0250275 0.0439493 -4.288
   vertex -0.0257814 0.0224125 -4.288
   vertex -0.0272216 0.0241357 -4.011
  endloop
 endfacet
 facet normal -0.999948 0.00877343 -0.00525391
  outer loop
   vertex -0.0272216 0.0241357 -4.011
   vertex -0.0257814 0.0224125 -4.288
   vertex -0.0274231 0.00117334 -4.011
  endloop
 endfacet
 facet normal -0.999981 -0.00100031 -0.00600352
  outer loop
   vertex -0.0257814 0.0224125 -4.288
   vertex -0.0257598 0.000850039 -4.288
   vertex -0.0274231 0.00117334 -4.011
  endloop
 endfacet
 facet normal -0.99994 -0.00919221 -0.00599371
  outer loop
   vertex -0.0274231 0.00117334 -4.011
   vertex -0.0257598 0.000850039 -4.288
   vertex -0.0272119 -0.0218067 -4.011
  endloop
 endfacet
 facet normal -0.999797 -0.0189651 -0.00679232
  outer loop
   vertex -0.0257598 0.000850039 -4.288
   vertex -0.0253505 -0.0207252 -4.288
   vertex -0.0272119 -0.0218067 -4.011
  endloop
 endfacet
 facet normal -0.99983 -0.0171665 -0.00678552
  outer loop
   vertex -0.0272119 -0.0218067 -4.011
   vertex -0.0253505 -0.0207252 -4.288
   vertex -0.0268172 -0.0447946 -4.011
  endloop
 endfacet
 facet normal -0.999608 -0.0269373 -0.00763336
  outer loop
   vertex -0.0253505 -0.0207252 -4.288
   vertex -0.024769 -0.0423061 -4.288
   vertex -0.0268172 -0.0447946 -4.011
  endloop
 endfacet
 facet normal -0.999857 -0.0151737 -0.00752952
  outer loop
   vertex -0.0268172 -0.0447946 -4.011
   vertex -0.024769 -0.0423061 -4.288
   vertex -0.0264683 -0.0677805 -4.011
  endloop
 endfacet
 facet normal -0.999653 -0.0249446 -0.00842686
  outer loop
   vertex -0.024769 -0.0423061 -4.288
   vertex -0.0242305 -0.0638856 -4.288
   vertex -0.0264683 -0.0677805 -4.011
  endloop
 endfacet
 facet normal -0.999782 -0.0191582 -0.00834654
  outer loop
   vertex -0.0264683 -0.0677805 -4.011
   vertex -0.0242305 -0.0638856 -4.288
   vertex -0.0260278 -0.0907703 -4.011
  endloop
 endfacet
 facet normal -0.999538 -0.0289288 -0.00929326
  outer loop
   vertex -0.0242305 -0.0638856 -4.288
   vertex -0.0236058 -0.085468 -4.288
   vertex -0.0260278 -0.0907703 -4.011
  endloop
 endfacet
 facet normal -0.999812 -0.0171658 -0.00907048
  outer loop
   vertex -0.0260278 -0.0907703 -4.011
   vertex -0.0236058 -0.085468 -4.288
   vertex -0.0256331 -0.113758 -4.011
  endloop
 endfacet
 facet normal -0.999586 -0.0269367 -0.0100667
  outer loop
   vertex -0.0236058 -0.085468 -4.288
   vertex -0.0230243 -0.107049 -4.288
   vertex -0.0256331 -0.113758 -4.011
  endloop
 endfacet
 facet normal -0.999727 -0.0211501 -0.00992791
  outer loop
   vertex -0.0256331 -0.113758 -4.011
   vertex -0.0230243 -0.107049 -4.288
   vertex -0.0251467 -0.13675 -4.011
  endloop
 endfacet
 facet normal -0.999462 -0.0309196 -0.0109734
  outer loop
   vertex -0.0230243 -0.107049 -4.288
   vertex -0.0223566 -0.128633 -4.288
   vertex -0.0251467 -0.13675 -4.011
  endloop
 endfacet
 facet normal -0.999674 -0.0231404 -0.0107476
  outer loop
   vertex -0.0251467 -0.13675 -4.011
   vertex -0.0223566 -0.128633 -4.288
   vertex -0.0246144 -0.159744 -4.011
  endloop
 endfacet
 facet normal -0.999388 -0.0329094 -0.0118425
  outer loop
   vertex -0.0223566 -0.128633 -4.288
   vertex -0.0216458 -0.150218 -4.288
   vertex -0.0246144 -0.159744 -4.011
  endloop
 endfacet
 facet normal -0.999564 -0.02712 -0.0116452
  outer loop
   vertex -0.0246144 -0.159744 -4.011
   vertex -0.0216458 -0.150218 -4.288
   vertex -0.0239905 -0.182741 -4.011
  endloop
 endfacet
 facet normal -0.999238 -0.0368876 -0.0127893
  outer loop
   vertex -0.0216458 -0.150218 -4.288
   vertex -0.0208488 -0.171806 -4.288
   vertex -0.0239905 -0.182741 -4.011
  endloop
 endfacet
 facet normal -0.999373 -0.0330849 -0.0126407
  outer loop
   vertex -0.0239905 -0.182741 -4.011
   vertex -0.0208488 -0.171806 -4.288
   vertex -0.0232289 -0.205745 -4.011
  endloop
 endfacet
 facet normal -0.998986 -0.0428507 -0.013834
  outer loop
   vertex -0.0208488 -0.171806 -4.288
   vertex -0.0199226 -0.193398 -4.288
   vertex -0.0232289 -0.205745 -4.011
  endloop
 endfacet
 facet normal -0.999063 -0.0410272 -0.0137536
  outer loop
   vertex -0.0232289 -0.205745 -4.011
   vertex -0.0199226 -0.193398 -4.288
   vertex -0.022284 -0.228757 -4.011
  endloop
 endfacet
 facet normal -0.998597 -0.0507889 -0.0149957
  outer loop
   vertex -0.0199226 -0.193398 -4.288
   vertex -0.0188242 -0.214996 -4.288
   vertex -0.022284 -0.228757 -4.011
  endloop
 endfacet
 facet normal -0.998879 -0.0449933 -0.0147113
  outer loop
   vertex -0.022284 -0.228757 -4.011
   vertex -0.0188242 -0.214996 -4.288
   vertex -0.0212472 -0.251772 -4.011
  endloop
 endfacet
 facet normal -0.998372 -0.0547526 -0.0160026
  outer loop
   vertex -0.0188242 -0.214996 -4.288
   vertex -0.0176395 -0.236597 -4.288
   vertex -0.0212472 -0.251772 -4.011
  endloop
 endfacet
 facet normal -0.998678 -0.0489553 -0.0156889
  outer loop
   vertex -0.0212472 -0.251772 -4.011
   vertex -0.0176395 -0.236597 -4.288
   vertex -0.0201188 -0.274791 -4.011
  endloop
 endfacet
 facet normal -0.99813 -0.0587128 -0.0170295
  outer loop
   vertex -0.0176395 -0.236597 -4.288
   vertex -0.0163688 -0.258201 -4.288
   vertex -0.0201188 -0.274791 -4.011
  endloop
 endfacet
 facet normal -0.99846 -0.052914 -0.0166866
  outer loop
   vertex -0.0201188 -0.274791 -4.011
   vertex -0.0163688 -0.258201 -4.288
   vertex -0.0188987 -0.297814 -4.011
  endloop
 endfacet
 facet normal -0.997871 -0.0626687 -0.0180762
  outer loop
   vertex -0.0163688 -0.258201 -4.288
   vertex -0.0150118 -0.279807 -4.288
   vertex -0.0188987 -0.297814 -4.011
  endloop
 endfacet
 facet normal -0.970606 -0.238904 -0.0291504
  outer loop
   vertex -0.0188987 -0.297814 -4.011
   vertex -0.0150118 -0.279807 -4.288
   vertex -0.0131845 -0.32103 -4.011
  endloop
 endfacet
 facet normal -0.968183 -0.248368 -0.0305748
  outer loop
   vertex -0.0150118 -0.279807 -4.288
   vertex -0.00943337 -0.301553 -4.288
   vertex -0.0131845 -0.32103 -4.011
  endloop
 endfacet
 facet normal 0.177134 0.983714 -0.0304894
  outer loop
   vertex 0.00426441 0.12923 -4.288
   vertex 0.011595 0.12791 -4.288
   vertex 0.00305932 0.120861 -4.565
  endloop
 endfacet
 facet normal 0.169581 0.985051 -0.0302907
  outer loop
   vertex 0.00305932 0.120861 -4.565
   vertex 0.011595 0.12791 -4.288
   vertex 0.00992292 0.11968 -4.565
  endloop
 endfacet
 facet normal 0.380144 0.924448 -0.0297611
  outer loop
   vertex 0.011595 0.12791 -4.288
   vertex 0.0144456 0.126738 -4.288
   vertex 0.00992292 0.11968 -4.565
  endloop
 endfacet
 facet normal 0.373021 0.927347 -0.0297187
  outer loop
   vertex 0.00992292 0.11968 -4.565
   vertex 0.0144456 0.126738 -4.288
   vertex 0.0125967 0.118604 -4.565
  endloop
 endfacet
 facet normal 0.511309 0.85892 -0.0286326
  outer loop
   vertex 0.0144456 0.126738 -4.288
   vertex 0.0201974 0.123314 -4.288
   vertex 0.0125967 0.118604 -4.565
  endloop
 endfacet
 facet normal 0.504703 0.862822 -0.0285176
  outer loop
   vertex 0.0125967 0.118604 -4.565
   vertex 0.0201974 0.123314 -4.288
   vertex 0.0179992 0.115444 -4.565
  endloop
 endfacet
 facet normal 0.66494 0.746427 -0.0264825
  outer loop
   vertex 0.0201974 0.123314 -4.288
   vertex 0.0264812 0.117716 -4.288
   vertex 0.0179992 0.115444 -4.565
  endloop
 endfacet
 facet normal 0.659186 0.751518 -0.026348
  outer loop
   vertex 0.0179992 0.115444 -4.565
   vertex 0.0264812 0.117716 -4.288
   vertex 0.0239148 0.110255 -4.565
  endloop
 endfacet
 facet normal 0.789177 0.613704 -0.0238406
  outer loop
   vertex 0.0264812 0.117716 -4.288
   vertex 0.0350857 0.106651 -4.288
   vertex 0.0239148 0.110255 -4.565
  endloop
 endfacet
 facet normal 0.784447 0.619748 -0.0235712
  outer loop
   vertex 0.0239148 0.110255 -4.565
   vertex 0.0350857 0.106651 -4.288
   vertex 0.0320396 0.0999713 -4.565
  endloop
 endfacet
 facet normal 0.870932 0.490936 -0.021416
  outer loop
   vertex 0.0350857 0.106651 -4.288
   vertex 0.041278 0.0956657 -4.288
   vertex 0.0320396 0.0999713 -4.565
  endloop
 endfacet
 facet normal 0.86714 0.497613 -0.0211858
  outer loop
   vertex 0.0320396 0.0999713 -4.565
   vertex 0.041278 0.0956657 -4.288
   vertex 0.0379083 0.0897445 -4.565
  endloop
 endfacet
 facet normal 0.90717 0.420288 -0.0200198
  outer loop
   vertex 0.041278 0.0956657 -4.288
   vertex 0.0463503 0.0847174 -4.288
   vertex 0.0379083 0.0897445 -4.565
  endloop
 endfacet
 facet normal 0.903919 0.427245 -0.0197945
  outer loop
   vertex 0.0379083 0.0897445 -4.565
   vertex 0.0463503 0.0847174 -4.288
   vertex 0.0427295 0.0795442 -4.565
  endloop
 endfacet
 facet normal 0.944692 0.327439 -0.0184635
  outer loop
   vertex 0.0463503 0.0847174 -4.288
   vertex 0.0539102 0.0629062 -4.288
   vertex 0.0427295 0.0795442 -4.565
  endloop
 endfacet
 facet normal 0.942159 0.334687 -0.0179259
  outer loop
   vertex 0.0427295 0.0795442 -4.565
   vertex 0.0539102 0.0629062 -4.288
   vertex 0.0499547 0.0592049 -4.565
  endloop
 endfacet
 facet normal 0.96895 0.246661 -0.0171323
  outer loop
   vertex 0.0539102 0.0629062 -4.288
   vertex 0.0594456 0.0411618 -4.288
   vertex 0.0499547 0.0592049 -4.565
  endloop
 endfacet
 facet normal 0.967037 0.254097 -0.0165823
  outer loop
   vertex 0.0499547 0.0592049 -4.565
   vertex 0.0594456 0.0411618 -4.288
   vertex 0.0552865 0.0389135 -4.565
  endloop
 endfacet
 facet normal 0.983416 0.180634 -0.016232
  outer loop
   vertex 0.0594456 0.0411618 -4.288
   vertex 0.0634302 0.0194686 -4.288
   vertex 0.0552865 0.0389135 -4.565
  endloop
 endfacet
 facet normal 0.982009 0.188183 -0.0156607
  outer loop
   vertex 0.0552865 0.0389135 -4.565
   vertex 0.0634302 0.0194686 -4.288
   vertex 0.0591679 0.0186588 -4.565
  endloop
 endfacet
 facet normal 0.993832 0.109795 -0.0156135
  outer loop
   vertex 0.0634302 0.0194686 -4.288
   vertex 0.065821 -0.00217201 -4.288
   vertex 0.0591679 0.0186588 -4.565
  endloop
 endfacet
 facet normal 0.992968 0.117425 -0.0150189
  outer loop
   vertex 0.0591679 0.0186588 -4.565
   vertex 0.065821 -0.00217201 -4.288
   vertex 0.0615587 -0.00155822 -4.565
  endloop
 endfacet
 facet normal 0.999341 0.032908 -0.0153043
  outer loop
   vertex 0.065821 -0.00217201 -4.288
   vertex 0.0665318 -0.0237572 -4.288
   vertex 0.0615587 -0.00155822 -4.565
  endloop
 endfacet
 facet normal 0.999068 0.0405818 -0.0146844
  outer loop
   vertex 0.0615587 -0.00155822 -4.565
   vertex 0.0665318 -0.0237572 -4.288
   vertex 0.0623783 -0.0217354 -4.565
  endloop
 endfacet
 facet normal 0.999404 -0.030978 -0.0152117
  outer loop
   vertex 0.0665318 -0.0237572 -4.288
   vertex 0.0658641 -0.0452969 -4.288
   vertex 0.0623783 -0.0217354 -4.565
  endloop
 endfacet
 facet normal 0.999622 -0.0233026 -0.0145616
  outer loop
   vertex 0.0623783 -0.0217354 -4.565
   vertex 0.0658641 -0.0452969 -4.288
   vertex 0.0619087 -0.04188 -4.565
  endloop
 endfacet
 facet normal 0.995932 -0.0888007 -0.0153169
  outer loop
   vertex 0.0658641 -0.0452969 -4.288
   vertex 0.0639472 -0.0667954 -4.288
   vertex 0.0619087 -0.04188 -4.565
  endloop
 endfacet
 facet normal 0.996594 -0.0811509 -0.0146337
  outer loop
   vertex 0.0619087 -0.04188 -4.565
   vertex 0.0639472 -0.0667954 -4.288
   vertex 0.0602707 -0.061995 -4.565
  endloop
 endfacet
 facet normal 0.990292 -0.138132 -0.0155375
  outer loop
   vertex 0.0639472 -0.0667954 -4.288
   vertex 0.0609534 -0.0882583 -4.288
   vertex 0.0602707 -0.061995 -4.565
  endloop
 endfacet
 facet normal 0.991334 -0.130525 -0.0148188
  outer loop
   vertex 0.0602707 -0.061995 -4.565
   vertex 0.0609534 -0.0882583 -4.288
   vertex 0.0576256 -0.0820845 -4.565
  endloop
 endfacet
 facet normal 0.983383 -0.180853 -0.015845
  outer loop
   vertex 0.0609534 -0.0882583 -4.288
   vertex 0.057012 -0.10969 -4.288
   vertex 0.0576256 -0.0820845 -4.565
  endloop
 endfacet
 facet normal 0.984754 -0.173298 -0.015089
  outer loop
   vertex 0.0576256 -0.0820845 -4.565
   vertex 0.057012 -0.10969 -4.288
   vertex 0.0540942 -0.102151 -4.565
  endloop
 endfacet
 facet normal 0.974752 -0.222693 -0.0163279
  outer loop
   vertex 0.057012 -0.10969 -4.288
   vertex 0.0521228 -0.13109 -4.288
   vertex 0.0540942 -0.102151 -4.565
  endloop
 endfacet
 facet normal 0.976446 -0.215203 -0.0155334
  outer loop
   vertex 0.0540942 -0.102151 -4.565
   vertex 0.0521228 -0.13109 -4.288
   vertex 0.0496765 -0.122196 -4.565
  endloop
 endfacet
 facet normal 0.966007 -0.257967 -0.0168143
  outer loop
   vertex 0.0521228 -0.13109 -4.288
   vertex 0.0464152 -0.152464 -4.288
   vertex 0.0496765 -0.122196 -4.565
  endloop
 endfacet
 facet normal 0.967973 -0.250544 -0.0159801
  outer loop
   vertex 0.0496765 -0.122196 -4.565
   vertex 0.0464152 -0.152464 -4.288
   vertex 0.0444933 -0.142221 -4.565
  endloop
 endfacet
 facet normal 0.957248 -0.288749 -0.0173183
  outer loop
   vertex 0.0464152 -0.152464 -4.288
   vertex 0.0399753 -0.173813 -4.288
   vertex 0.0444933 -0.142221 -4.565
  endloop
 endfacet
 facet normal 0.959451 -0.281395 -0.0164437
  outer loop
   vertex 0.0444933 -0.142221 -4.565
   vertex 0.0399753 -0.173813 -4.288
   vertex 0.0386252 -0.162229 -4.565
  endloop
 endfacet
 facet normal 0.951145 -0.308246 -0.0175261
  outer loop
   vertex 0.0399753 -0.173813 -4.288
   vertex 0.0330615 -0.195147 -4.288
   vertex 0.0386252 -0.162229 -4.565
  endloop
 endfacet
 facet normal 0.953499 -0.300937 -0.0166103
  outer loop
   vertex 0.0386252 -0.162229 -4.565
   vertex 0.0330615 -0.195147 -4.288
   vertex 0.032314 -0.182226 -4.565
  endloop
 endfacet
 facet normal 0.944722 -0.327388 -0.0178204
  outer loop
   vertex 0.0330615 -0.195147 -4.288
   vertex 0.0256739 -0.216465 -4.288
   vertex 0.032314 -0.182226 -4.565
  endloop
 endfacet
 facet normal 0.947224 -0.320128 -0.016863
  outer loop
   vertex 0.032314 -0.182226 -4.565
   vertex 0.0256739 -0.216465 -4.288
   vertex 0.0255596 -0.202211 -4.565
  endloop
 endfacet
 facet normal 0.939863 -0.341079 -0.017938
  outer loop
   vertex 0.0256739 -0.216465 -4.288
   vertex 0.0179417 -0.237771 -4.288
   vertex 0.0255596 -0.202211 -4.565
  endloop
 endfacet
 facet normal 0.942472 -0.333856 -0.016939
  outer loop
   vertex 0.0255596 -0.202211 -4.565
   vertex 0.0179417 -0.237771 -4.288
   vertex 0.0184829 -0.222189 -4.565
  endloop
 endfacet
 facet normal 0.935489 -0.352895 -0.0180237
  outer loop
   vertex 0.0179417 -0.237771 -4.288
   vertex 0.00990795 -0.259068 -4.288
   vertex 0.0184829 -0.222189 -4.565
  endloop
 endfacet
 facet normal 0.938188 -0.345709 -0.0169834
  outer loop
   vertex 0.0184829 -0.222189 -4.565
   vertex 0.00990795 -0.259068 -4.288
   vertex 0.0111242 -0.242159 -4.565
  endloop
 endfacet
 facet normal 0.932943 -0.35958 -0.0178531
  outer loop
   vertex 0.00990795 -0.259068 -4.288
   vertex 0.00170189 -0.280359 -4.288
   vertex 0.0111242 -0.242159 -4.565
  endloop
 endfacet
 facet normal 0.935695 -0.352411 -0.0167709
  outer loop
   vertex 0.0111242 -0.242159 -4.565
   vertex 0.00170189 -0.280359 -4.288
   vertex 0.00360439 -0.262125 -4.565
  endloop
 endfacet
 facet normal 0.884989 -0.464965 -0.024528
  outer loop
   vertex 0.00170189 -0.280359 -4.288
   vertex -0.00943337 -0.301553 -4.288
   vertex 0.00360439 -0.262125 -4.565
  endloop
 endfacet
 facet normal 0.888559 -0.458166 -0.0233923
  outer loop
   vertex 0.00360439 -0.262125 -4.565
   vertex -0.00943337 -0.301553 -4.288
   vertex -0.00665498 -0.282022 -4.565
  endloop
 endfacet
 facet normal -0.166686 0.985582 -0.0290501
  outer loop
   vertex 0.00426441 0.12923 -4.288
   vertex 0.00305932 0.120861 -4.565
   vertex -0.00106954 0.128328 -4.288
  endloop
 endfacet
 facet normal -0.174254 0.98427 -0.0291275
  outer loop
   vertex 0.00305932 0.120861 -4.565
   vertex -0.00192148 0.11998 -4.565
   vertex -0.00106954 0.128328 -4.288
  endloop
 endfacet
 facet normal -0.456418 0.889403 -0.0254006
  outer loop
   vertex -0.00106954 0.128328 -4.288
   vertex -0.00192148 0.11998 -4.565
   vertex -0.00304352 0.127315 -4.288
  endloop
 endfacet
 facet normal -0.463185 0.885899 -0.0253353
  outer loop
   vertex -0.00192148 0.11998 -4.565
   vertex -0.0037599 0.119018 -4.565
   vertex -0.00304352 0.127315 -4.288
  endloop
 endfacet
 facet normal -0.654694 0.755604 -0.0209376
  outer loop
   vertex -0.00304352 0.127315 -4.288
   vertex -0.0037599 0.119018 -4.565
   vertex -0.00663934 0.124199 -4.288
  endloop
 endfacet
 facet normal -0.660488 0.750546 -0.0209032
  outer loop
   vertex -0.0037599 0.119018 -4.565
   vertex -0.00709964 0.116079 -4.565
   vertex -0.00663934 0.124199 -4.288
  endloop
 endfacet
 facet normal -0.8175 0.57572 -0.0155176
  outer loop
   vertex -0.00663934 0.124199 -4.288
   vertex -0.00709964 0.116079 -4.565
   vertex -0.0103493 0.118931 -4.288
  endloop
 endfacet
 facet normal -0.821894 0.56943 -0.0155044
  outer loop
   vertex -0.00709964 0.116079 -4.565
   vertex -0.0105306 0.111127 -4.565
   vertex -0.0103493 0.118931 -4.288
  endloop
 endfacet
 facet normal -0.905799 0.423556 -0.0113398
  outer loop
   vertex -0.0103493 0.118931 -4.288
   vertex -0.0105306 0.111127 -4.565
   vertex -0.0153139 0.108314 -4.288
  endloop
 endfacet
 facet normal -0.909025 0.416584 -0.0114663
  outer loop
   vertex -0.0105306 0.111127 -4.565
   vertex -0.0150963 0.101164 -4.565
   vertex -0.0153139 0.108314 -4.288
  endloop
 endfacet
 facet normal -0.961068 0.276199 -0.00788374
  outer loop
   vertex -0.0153139 0.108314 -4.288
   vertex -0.0150963 0.101164 -4.565
   vertex -0.0183831 0.0976344 -4.288
  endloop
 endfacet
 facet normal -0.96316 0.268811 -0.00800272
  outer loop
   vertex -0.0150963 0.101164 -4.565
   vertex -0.0178893 0.0911569 -4.565
   vertex -0.0183831 0.0976344 -4.288
  endloop
 endfacet
 facet normal -0.980159 0.198109 -0.00637968
  outer loop
   vertex -0.0183831 0.0976344 -4.288
   vertex -0.0178893 0.0911569 -4.565
   vertex -0.0205476 0.086925 -4.288
  endloop
 endfacet
 facet normal -0.981651 0.190576 -0.00650908
  outer loop
   vertex -0.0178893 0.0911569 -4.565
   vertex -0.0198363 0.0811279 -4.565
   vertex -0.0205476 0.086925 -4.288
  endloop
 endfacet
 facet normal -0.99146 0.130301 -0.00527284
  outer loop
   vertex -0.0205476 0.086925 -4.288
   vertex -0.0198363 0.0811279 -4.565
   vertex -0.0233691 0.0654563 -4.288
  endloop
 endfacet
 facet normal -0.992429 0.122684 -0.00571615
  outer loop
   vertex -0.0198363 0.0811279 -4.565
   vertex -0.0223203 0.0610344 -4.565
   vertex -0.0233691 0.0654563 -4.288
  endloop
 endfacet
 facet normal -0.997028 0.0768816 -0.00500239
  outer loop
   vertex -0.0233691 0.0654563 -4.288
   vertex -0.0223203 0.0610344 -4.565
   vertex -0.0250275 0.0439493 -4.288
  endloop
 endfacet
 facet normal -0.997586 0.0692223 -0.00548026
  outer loop
   vertex -0.0223203 0.0610344 -4.565
   vertex -0.0237165 0.0409132 -4.565
   vertex -0.0250275 0.0439493 -4.288
  endloop
 endfacet
 facet normal -0.999375 0.0349795 -0.0051134
  outer loop
   vertex -0.0250275 0.0439493 -4.288
   vertex -0.0237165 0.0409132 -4.565
   vertex -0.0257814 0.0224125 -4.288
  endloop
 endfacet
 facet normal -0.999611 0.0273038 -0.00562783
  outer loop
   vertex -0.0237165 0.0409132 -4.565
   vertex -0.0242667 0.0207707 -4.565
   vertex -0.0257814 0.0224125 -4.288
  endloop
 endfacet
 facet normal -0.999985 -0.00100031 -0.00546211
  outer loop
   vertex -0.0257814 0.0224125 -4.288
   vertex -0.0242667 0.0207707 -4.565
   vertex -0.0257598 0.000850039 -4.288
  endloop
 endfacet
 facet normal -0.999944 -0.00867975 -0.00601416
  outer loop
   vertex -0.0242667 0.0207707 -4.565
   vertex -0.0240917 0.000609825 -4.565
   vertex -0.0257598 0.000850039 -4.288
  endloop
 endfacet
 facet normal -0.999802 -0.0189652 -0.00600439
  outer loop
   vertex -0.0257598 0.000850039 -4.288
   vertex -0.0240917 0.000609825 -4.565
   vertex -0.0253505 -0.0207252 -4.288
  endloop
 endfacet
 facet normal -0.999623 -0.0266418 -0.00659484
  outer loop
   vertex -0.0240917 0.000609825 -4.565
   vertex -0.0235541 -0.0195602 -4.565
   vertex -0.0253505 -0.0207252 -4.288
  endloop
 endfacet
 facet normal -0.999615 -0.0269375 -0.00659603
  outer loop
   vertex -0.0253505 -0.0207252 -4.288
   vertex -0.0235541 -0.0195602 -4.565
   vertex -0.024769 -0.0423061 -4.288
  endloop
 endfacet
 facet normal -0.999375 -0.0346133 -0.00722527
  outer loop
   vertex -0.0235541 -0.0195602 -4.565
   vertex -0.0228554 -0.0397344 -4.565
   vertex -0.024769 -0.0423061 -4.288
  endloop
 endfacet
 facet normal -0.999663 -0.0249449 -0.0071375
  outer loop
   vertex -0.024769 -0.0423061 -4.288
   vertex -0.0228554 -0.0397344 -4.565
   vertex -0.0242305 -0.0638856 -4.288
  endloop
 endfacet
 facet normal -0.999437 -0.0326212 -0.00780566
  outer loop
   vertex -0.0228554 -0.0397344 -4.565
   vertex -0.0221969 -0.0599075 -4.565
   vertex -0.0242305 -0.0638856 -4.288
  endloop
 endfacet
 facet normal -0.999551 -0.0289292 -0.00775348
  outer loop
   vertex -0.0242305 -0.0638856 -4.288
   vertex -0.0221969 -0.0599075 -4.565
   vertex -0.0236058 -0.085468 -4.288
  endloop
 endfacet
 facet normal -0.999294 -0.0366038 -0.00846035
  outer loop
   vertex -0.0221969 -0.0599075 -4.565
   vertex -0.0214579 -0.0800827 -4.565
   vertex -0.0236058 -0.085468 -4.288
  endloop
 endfacet
 facet normal -0.999603 -0.0269372 -0.00827481
  outer loop
   vertex -0.0236058 -0.085468 -4.288
   vertex -0.0214579 -0.0800827 -4.565
   vertex -0.0230243 -0.107049 -4.288
  endloop
 endfacet
 facet normal -0.99936 -0.0346127 -0.00902066
  outer loop
   vertex -0.0214579 -0.0800827 -4.565
   vertex -0.0207592 -0.100257 -4.565
   vertex -0.0230243 -0.107049 -4.288
  endloop
 endfacet
 facet normal -0.999482 -0.0309202 -0.00893112
  outer loop
   vertex -0.0230243 -0.107049 -4.288
   vertex -0.0207592 -0.100257 -4.565
   vertex -0.0223566 -0.128633 -4.288
  endloop
 endfacet
 facet normal -0.999208 -0.0385942 -0.00971565
  outer loop
   vertex -0.0207592 -0.100257 -4.565
   vertex -0.0199799 -0.120433 -4.565
   vertex -0.0223566 -0.128633 -4.288
  endloop
 endfacet
 facet normal -0.999413 -0.0329102 -0.00954916
  outer loop
   vertex -0.0223566 -0.128633 -4.288
   vertex -0.0199799 -0.120433 -4.565
   vertex -0.0216458 -0.150218 -4.288
  endloop
 endfacet
 facet normal -0.999122 -0.0405835 -0.0103725
  outer loop
   vertex -0.0199799 -0.120433 -4.565
   vertex -0.0191603 -0.14061 -4.565
   vertex -0.0216458 -0.150218 -4.288
  endloop
 endfacet
 facet normal -0.999267 -0.0368886 -0.0102456
  outer loop
   vertex -0.0216458 -0.150218 -4.288
   vertex -0.0191603 -0.14061 -4.565
   vertex -0.0208488 -0.171806 -4.288
  endloop
 endfacet
 facet normal -0.998945 -0.0445617 -0.0111078
  outer loop
   vertex -0.0191603 -0.14061 -4.565
   vertex -0.0182601 -0.160789 -4.565
   vertex -0.0208488 -0.171806 -4.288
  endloop
 endfacet
 facet normal -0.99902 -0.0428522 -0.0110405
  outer loop
   vertex -0.0208488 -0.171806 -4.288
   vertex -0.0182601 -0.160789 -4.565
   vertex -0.0199226 -0.193398 -4.288
  endloop
 endfacet
 facet normal -0.998652 -0.0505217 -0.0119412
  outer loop
   vertex -0.0182601 -0.160789 -4.565
   vertex -0.0172391 -0.180972 -4.565
   vertex -0.0199226 -0.193398 -4.288
  endloop
 endfacet
 facet normal -0.998638 -0.050791 -0.0119531
  outer loop
   vertex -0.0199226 -0.193398 -4.288
   vertex -0.0172391 -0.180972 -4.565
   vertex -0.0188242 -0.214996 -4.288
  endloop
 endfacet
 facet normal -0.998207 -0.0584576 -0.0128924
  outer loop
   vertex -0.0172391 -0.180972 -4.565
   vertex -0.016057 -0.201158 -4.565
   vertex -0.0188242 -0.214996 -4.288
  endloop
 endfacet
 facet normal -0.998419 -0.0547552 -0.0127095
  outer loop
   vertex -0.0188242 -0.214996 -4.288
   vertex -0.016057 -0.201158 -4.565
   vertex -0.0176395 -0.236597 -4.288
  endloop
 endfacet
 facet normal -0.997956 -0.06242 -0.0136875
  outer loop
   vertex -0.016057 -0.201158 -4.565
   vertex -0.0147942 -0.221346 -4.565
   vertex -0.0176395 -0.236597 -4.288
  endloop
 endfacet
 facet normal -0.998184 -0.058716 -0.0134859
  outer loop
   vertex -0.0176395 -0.236597 -4.288
   vertex -0.0147942 -0.221346 -4.565
   vertex -0.0163688 -0.258201 -4.288
  endloop
 endfacet
 facet normal -0.997689 -0.0663785 -0.0145026
  outer loop
   vertex -0.0147942 -0.221346 -4.565
   vertex -0.0134509 -0.241537 -4.565
   vertex -0.0163688 -0.258201 -4.288
  endloop
 endfacet
 facet normal -0.997932 -0.0626725 -0.0142822
  outer loop
   vertex -0.0163688 -0.258201 -4.288
   vertex -0.0134509 -0.241537 -4.565
   vertex -0.0150118 -0.279807 -4.288
  endloop
 endfacet
 facet normal -0.997406 -0.0703333 -0.0153376
  outer loop
   vertex -0.0134509 -0.241537 -4.565
   vertex -0.012027 -0.26173 -4.565
   vertex -0.0150118 -0.279807 -4.288
  endloop
 endfacet
 facet normal -0.968292 -0.248395 -0.0266446
  outer loop
   vertex -0.0150118 -0.279807 -4.288
   vertex -0.012027 -0.26173 -4.565
   vertex -0.00943337 -0.301553 -4.288
  endloop
 endfacet
 facet normal -0.966328 -0.255817 -0.0277299
  outer loop
   vertex -0.012027 -0.26173 -4.565
   vertex -0.00665498 -0.282022 -4.565
   vertex -0.00943337 -0.301553 -4.288
  endloop
 endfacet
 facet normal 0.169581 0.985047 -0.0304044
  outer loop
   vertex 0.00305932 0.120861 -4.565
   vertex 0.00992292 0.11968 -4.565
   vertex 0.0022775 0.112477 -4.841
  endloop
 endfacet
 facet normal 0.164584 0.985898 -0.0302882
  outer loop
   vertex 0.0022775 0.112477 -4.841
   vertex 0.00992292 0.11968 -4.565
   vertex 0.00866971 0.11141 -4.841
  endloop
 endfacet
 facet normal 0.373024 0.927353 -0.0294804
  outer loop
   vertex 0.00992292 0.11968 -4.565
   vertex 0.0125967 0.118604 -4.565
   vertex 0.00866971 0.11141 -4.841
  endloop
 endfacet
 facet normal 0.368335 0.929226 -0.0294625
  outer loop
   vertex 0.00866971 0.11141 -4.841
   vertex 0.0125967 0.118604 -4.565
   vertex 0.0111627 0.110422 -4.841
  endloop
 endfacet
 facet normal 0.504708 0.862829 -0.0282026
  outer loop
   vertex 0.0125967 0.118604 -4.565
   vertex 0.0179992 0.115444 -4.565
   vertex 0.0111627 0.110422 -4.841
  endloop
 endfacet
 facet normal 0.500328 0.865378 -0.0281405
  outer loop
   vertex 0.0111627 0.110422 -4.841
   vertex 0.0179992 0.115444 -4.565
   vertex 0.0162047 0.107506 -4.841
  endloop
 endfacet
 facet normal 0.659194 0.751527 -0.0258991
  outer loop
   vertex 0.0179992 0.115444 -4.565
   vertex 0.0239148 0.110255 -4.565
   vertex 0.0162047 0.107506 -4.841
  endloop
 endfacet
 facet normal 0.655386 0.754853 -0.0258259
  outer loop
   vertex 0.0162047 0.107506 -4.841
   vertex 0.0239148 0.110255 -4.565
   vertex 0.0217337 0.102706 -4.841
  endloop
 endfacet
 facet normal 0.784455 0.619754 -0.0231507
  outer loop
   vertex 0.0239148 0.110255 -4.565
   vertex 0.0320396 0.0999713 -4.565
   vertex 0.0217337 0.102706 -4.841
  endloop
 endfacet
 facet normal 0.78131 0.62372 -0.022994
  outer loop
   vertex 0.0217337 0.102706 -4.841
   vertex 0.0320396 0.0999713 -4.565
   vertex 0.0293423 0.0931751 -4.841
  endloop
 endfacet
 facet normal 0.867149 0.497618 -0.0207277
  outer loop
   vertex 0.0320396 0.0999713 -4.565
   vertex 0.0379083 0.0897445 -4.565
   vertex 0.0293423 0.0931751 -4.841
  endloop
 endfacet
 facet normal 0.864621 0.502002 -0.0205948
  outer loop
   vertex 0.0293423 0.0931751 -4.841
   vertex 0.0379083 0.0897445 -4.565
   vertex 0.0348513 0.0836866 -4.841
  endloop
 endfacet
 facet normal 0.903927 0.427248 -0.0193894
  outer loop
   vertex 0.0379083 0.0897445 -4.565
   vertex 0.0427295 0.0795442 -4.565
   vertex 0.0348513 0.0836866 -4.841
  endloop
 endfacet
 facet normal 0.901755 0.431818 -0.0192588
  outer loop
   vertex 0.0348513 0.0836866 -4.841
   vertex 0.0427295 0.0795442 -4.565
   vertex 0.0393856 0.0742179 -4.841
  endloop
 endfacet
 facet normal 0.94216 0.334688 -0.0178739
  outer loop
   vertex 0.0427295 0.0795442 -4.565
   vertex 0.0499547 0.0592049 -4.565
   vertex 0.0393856 0.0742179 -4.841
  endloop
 endfacet
 facet normal 0.940459 0.339454 -0.0175495
  outer loop
   vertex 0.0393856 0.0742179 -4.841
   vertex 0.0499547 0.0592049 -4.565
   vertex 0.0462045 0.055326 -4.841
  endloop
 endfacet
 facet normal 0.967034 0.254096 -0.016711
  outer loop
   vertex 0.0499547 0.0592049 -4.565
   vertex 0.0552865 0.0389135 -4.565
   vertex 0.0462045 0.055326 -4.841
  endloop
 endfacet
 facet normal 0.965741 0.258989 -0.0163775
  outer loop
   vertex 0.0462045 0.055326 -4.841
   vertex 0.0552865 0.0389135 -4.565
   vertex 0.0512613 0.0364697 -4.841
  endloop
 endfacet
 facet normal 0.982004 0.188182 -0.0159877
  outer loop
   vertex 0.0552865 0.0389135 -4.565
   vertex 0.0591679 0.0186588 -4.565
   vertex 0.0512613 0.0364697 -4.841
  endloop
 endfacet
 facet normal 0.981045 0.19315 -0.0156396
  outer loop
   vertex 0.0512613 0.0364697 -4.841
   vertex 0.0591679 0.0186588 -4.565
   vertex 0.0549684 0.0176408 -4.841
  endloop
 endfacet
 facet normal 0.99296 0.117424 -0.0155416
  outer loop
   vertex 0.0591679 0.0186588 -4.565
   vertex 0.0615587 -0.00155822 -4.565
   vertex 0.0549684 0.0176408 -4.841
  endloop
 endfacet
 facet normal 0.992359 0.122449 -0.0151776
  outer loop
   vertex 0.0549684 0.0176408 -4.841
   vertex 0.0615587 -0.00155822 -4.565
   vertex 0.0572883 -0.00116001 -4.841
  endloop
 endfacet
 facet normal 0.999058 0.0405813 -0.0153994
  outer loop
   vertex 0.0615587 -0.00155822 -4.565
   vertex 0.0623783 -0.0217354 -4.565
   vertex 0.0572883 -0.00116001 -4.841
  endloop
 endfacet
 facet normal 0.998845 0.0456375 -0.0150185
  outer loop
   vertex 0.0572883 -0.00116001 -4.841
   vertex 0.0623783 -0.0217354 -4.565
   vertex 0.0581459 -0.0199312 -4.841
  endloop
 endfacet
 facet normal 0.999609 -0.0233023 -0.0154809
  outer loop
   vertex 0.0623783 -0.0217354 -4.565
   vertex 0.0619087 -0.04188 -4.565
   vertex 0.0581459 -0.0199312 -4.841
  endloop
 endfacet
 facet normal 0.99972 -0.0182429 -0.0150801
  outer loop
   vertex 0.0581459 -0.0199312 -4.841
   vertex 0.0619087 -0.04188 -4.565
   vertex 0.0578038 -0.0386781 -4.841
  endloop
 endfacet
 facet normal 0.996577 -0.0811495 -0.0157631
  outer loop
   vertex 0.0619087 -0.04188 -4.565
   vertex 0.0602707 -0.061995 -4.565
   vertex 0.0578038 -0.0386781 -4.841
  endloop
 endfacet
 facet normal 0.996982 -0.0761047 -0.0153405
  outer loop
   vertex 0.0578038 -0.0386781 -4.841
   vertex 0.0602707 -0.061995 -4.565
   vertex 0.0563745 -0.057403 -4.841
  endloop
 endfacet
 facet normal 0.991314 -0.130522 -0.0161659
  outer loop
   vertex 0.0602707 -0.061995 -4.565
   vertex 0.0576256 -0.0820845 -4.565
   vertex 0.0563745 -0.057403 -4.841
  endloop
 endfacet
 facet normal 0.991969 -0.125504 -0.0157201
  outer loop
   vertex 0.0563745 -0.057403 -4.841
   vertex 0.0576256 -0.0820845 -4.565
   vertex 0.0540078 -0.0761089 -4.841
  endloop
 endfacet
 facet normal 0.984729 -0.173294 -0.0166599
  outer loop
   vertex 0.0576256 -0.0820845 -4.565
   vertex 0.0540942 -0.102151 -4.565
   vertex 0.0540078 -0.0761089 -4.841
  endloop
 endfacet
 facet normal 0.985601 -0.168309 -0.0161898
  outer loop
   vertex 0.0540078 -0.0761089 -4.841
   vertex 0.0540942 -0.102151 -4.565
   vertex 0.0508163 -0.0947982 -4.841
  endloop
 endfacet
 facet normal 0.976417 -0.215196 -0.0173299
  outer loop
   vertex 0.0540942 -0.102151 -4.565
   vertex 0.0496765 -0.122196 -4.565
   vertex 0.0508163 -0.0947982 -4.841
  endloop
 endfacet
 facet normal 0.977502 -0.210254 -0.0168348
  outer loop
   vertex 0.0508163 -0.0947982 -4.841
   vertex 0.0496765 -0.122196 -4.565
   vertex 0.0467999 -0.113471 -4.841
  endloop
 endfacet
 facet normal 0.96794 -0.250535 -0.0180086
  outer loop
   vertex 0.0496765 -0.122196 -4.565
   vertex 0.0444933 -0.142221 -4.565
   vertex 0.0467999 -0.113471 -4.841
  endloop
 endfacet
 facet normal 0.969205 -0.245634 -0.0174875
  outer loop
   vertex 0.0467999 -0.113471 -4.841
   vertex 0.0444933 -0.142221 -4.565
   vertex 0.0420712 -0.132129 -4.841
  endloop
 endfacet
 facet normal 0.959413 -0.281384 -0.0187088
  outer loop
   vertex 0.0444933 -0.142221 -4.565
   vertex 0.0386252 -0.162229 -4.565
   vertex 0.0420712 -0.132129 -4.841
  endloop
 endfacet
 facet normal 0.960835 -0.276527 -0.0181613
  outer loop
   vertex 0.0420712 -0.132129 -4.841
   vertex 0.0386252 -0.162229 -4.565
   vertex 0.0367052 -0.150774 -4.841
  endloop
 endfacet
 facet normal 0.953457 -0.300923 -0.0191226
  outer loop
   vertex 0.0386252 -0.162229 -4.565
   vertex 0.032314 -0.182226 -4.565
   vertex 0.0367052 -0.150774 -4.841
  endloop
 endfacet
 facet normal 0.954977 -0.296098 -0.0185485
  outer loop
   vertex 0.0367052 -0.150774 -4.841
   vertex 0.032314 -0.182226 -4.565
   vertex 0.0309267 -0.169411 -4.841
  endloop
 endfacet
 facet normal 0.947176 -0.320112 -0.0196243
  outer loop
   vertex 0.032314 -0.182226 -4.565
   vertex 0.0255596 -0.202211 -4.565
   vertex 0.0309267 -0.169411 -4.841
  endloop
 endfacet
 facet normal 0.948796 -0.315317 -0.019023
  outer loop
   vertex 0.0309267 -0.169411 -4.841
   vertex 0.0255596 -0.202211 -4.565
   vertex 0.0247358 -0.188039 -4.841
  endloop
 endfacet
 facet normal 0.942419 -0.333838 -0.019955
  outer loop
   vertex 0.0255596 -0.202211 -4.565
   vertex 0.0184829 -0.222189 -4.565
   vertex 0.0247358 -0.188039 -4.841
  endloop
 endfacet
 facet normal 0.944108 -0.329069 -0.0193266
  outer loop
   vertex 0.0247358 -0.188039 -4.841
   vertex 0.0184829 -0.222189 -4.565
   vertex 0.018245 -0.206662 -4.841
  endloop
 endfacet
 facet normal 0.938131 -0.345688 -0.0202564
  outer loop
   vertex 0.0184829 -0.222189 -4.565
   vertex 0.0111242 -0.242159 -4.565
   vertex 0.018245 -0.206662 -4.841
  endloop
 endfacet
 facet normal 0.939881 -0.340938 -0.0196004
  outer loop
   vertex 0.018245 -0.206662 -4.841
   vertex 0.0111242 -0.242159 -4.565
   vertex 0.0114917 -0.225279 -4.841
  endloop
 endfacet
 facet normal 0.935634 -0.352388 -0.0203063
  outer loop
   vertex 0.0111242 -0.242159 -4.565
   vertex 0.00360439 -0.262125 -4.565
   vertex 0.0114917 -0.225279 -4.841
  endloop
 endfacet
 facet normal 0.937418 -0.347652 -0.0196231
  outer loop
   vertex 0.0114917 -0.225279 -4.841
   vertex 0.00360439 -0.262125 -4.565
   vertex 0.00458847 -0.243893 -4.841
  endloop
 endfacet
 facet normal 0.888476 -0.458123 -0.0270952
  outer loop
   vertex 0.00360439 -0.262125 -4.565
   vertex -0.00665498 -0.282022 -4.565
   vertex 0.00458847 -0.243893 -4.841
  endloop
 endfacet
 facet normal 0.890799 -0.45363 -0.0263798
  outer loop
   vertex 0.00458847 -0.243893 -4.841
   vertex -0.00665498 -0.282022 -4.565
   vertex -0.00486426 -0.262455 -4.841
  endloop
 endfacet
 facet normal -0.174253 0.984262 -0.0294065
  outer loop
   vertex 0.00305932 0.120861 -4.565
   vertex 0.0022775 0.112477 -4.841
   vertex -0.00192148 0.11998 -4.565
  endloop
 endfacet
 facet normal -0.179215 0.983369 -0.0294578
  outer loop
   vertex 0.0022775 0.112477 -4.841
   vertex -0.00235303 0.111633 -4.841
   vertex -0.00192148 0.11998 -4.565
  endloop
 endfacet
 facet normal -0.463176 0.885883 -0.0260657
  outer loop
   vertex -0.00192148 0.11998 -4.565
   vertex -0.00235303 0.111633 -4.841
   vertex -0.0037599 0.119018 -4.565
  endloop
 endfacet
 facet normal -0.46767 0.88352 -0.0260254
  outer loop
   vertex -0.00235303 0.111633 -4.841
   vertex -0.00405917 0.11073 -4.841
   vertex -0.0037599 0.119018 -4.565
  endloop
 endfacet
 facet normal -0.660475 0.750531 -0.0218226
  outer loop
   vertex -0.0037599 0.119018 -4.565
   vertex -0.00405917 0.11073 -4.841
   vertex -0.00709964 0.116079 -4.565
  endloop
 endfacet
 facet normal -0.664266 0.747179 -0.0217994
  outer loop
   vertex -0.00405917 0.11073 -4.841
   vertex -0.00715298 0.107979 -4.841
   vertex -0.00709964 0.116079 -4.565
  endloop
 endfacet
 facet normal -0.82188 0.56942 -0.0165522
  outer loop
   vertex -0.00709964 0.116079 -4.565
   vertex -0.00715298 0.107979 -4.841
   vertex -0.0105306 0.111127 -4.565
  endloop
 endfacet
 facet normal -0.824756 0.565247 -0.0165398
  outer loop
   vertex -0.00715298 0.107979 -4.841
   vertex -0.0103223 0.103355 -4.841
   vertex -0.0105306 0.111127 -4.565
  endloop
 endfacet
 facet normal -0.909015 0.416579 -0.012417
  outer loop
   vertex -0.0105306 0.111127 -4.565
   vertex -0.0103223 0.103355 -4.841
   vertex -0.0150963 0.101164 -4.565
  endloop
 endfacet
 facet normal -0.911109 0.411976 -0.0124898
  outer loop
   vertex -0.0103223 0.103355 -4.841
   vertex -0.0145237 0.0940633 -4.841
   vertex -0.0150963 0.101164 -4.565
  endloop
 endfacet
 facet normal -0.963152 0.268809 -0.00891424
  outer loop
   vertex -0.0150963 0.101164 -4.565
   vertex -0.0145237 0.0940633 -4.841
   vertex -0.0178893 0.0911569 -4.565
  endloop
 endfacet
 facet normal -0.9645 0.263931 -0.00898204
  outer loop
   vertex -0.0145237 0.0940633 -4.841
   vertex -0.0170755 0.0847381 -4.841
   vertex -0.0178893 0.0911569 -4.565
  endloop
 endfacet
 facet normal -0.981645 0.190575 -0.00732659
  outer loop
   vertex -0.0178893 0.0911569 -4.565
   vertex -0.0170755 0.0847381 -4.841
   vertex -0.0198363 0.0811279 -4.565
  endloop
 endfacet
 facet normal -0.982597 0.185603 -0.00740114
  outer loop
   vertex -0.0170755 0.0847381 -4.841
   vertex -0.01884 0.0753969 -4.841
   vertex -0.0198363 0.0811279 -4.565
  endloop
 endfacet
 facet normal -0.992427 0.122683 -0.00613011
  outer loop
   vertex -0.0198363 0.0811279 -4.565
   vertex -0.01884 0.0753969 -4.841
   vertex -0.0223203 0.0610344 -4.565
  endloop
 endfacet
 facet normal -0.993034 0.117658 -0.00639925
  outer loop
   vertex -0.01884 0.0753969 -4.841
   vertex -0.0210567 0.0566879 -4.841
   vertex -0.0223203 0.0610344 -4.565
  endloop
 endfacet
 facet normal -0.997585 0.0692222 -0.00565732
  outer loop
   vertex -0.0223203 0.0610344 -4.565
   vertex -0.0210567 0.0566879 -4.841
   vertex -0.0237165 0.0409132 -4.565
  endloop
 endfacet
 facet normal -0.997921 0.0641719 -0.0059492
  outer loop
   vertex -0.0210567 0.0566879 -4.841
   vertex -0.0222611 0.0379584 -4.841
   vertex -0.0237165 0.0409132 -4.565
  endloop
 endfacet
 facet normal -0.999612 0.0273038 -0.00556342
  outer loop
   vertex -0.0237165 0.0409132 -4.565
   vertex -0.0222611 0.0379584 -4.841
   vertex -0.0242667 0.0207707 -4.565
  endloop
 endfacet
 facet normal -0.999735 0.0222439 -0.00587941
  outer loop
   vertex -0.0222611 0.0379584 -4.841
   vertex -0.0226782 0.019213 -4.841
   vertex -0.0242667 0.0207707 -4.565
  endloop
 endfacet
 facet normal -0.999946 -0.00867976 -0.0057061
  outer loop
   vertex -0.0242667 0.0207707 -4.565
   vertex -0.0226782 0.019213 -4.841
   vertex -0.0240917 0.000609825 -4.565
  endloop
 endfacet
 facet normal -0.999887 -0.0137406 -0.00604692
  outer loop
   vertex -0.0226782 0.019213 -4.841
   vertex -0.0224204 0.000453982 -4.841
   vertex -0.0240917 0.000609825 -4.565
  endloop
 endfacet
 facet normal -0.999627 -0.0266419 -0.00603805
  outer loop
   vertex -0.0240917 0.000609825 -4.565
   vertex -0.0224204 0.000453982 -4.841
   vertex -0.0235541 -0.0195602 -4.565
  endloop
 endfacet
 facet normal -0.999477 -0.0317011 -0.00640431
  outer loop
   vertex -0.0224204 0.000453982 -4.841
   vertex -0.0218252 -0.0183119 -4.841
   vertex -0.0235541 -0.0195602 -4.565
  endloop
 endfacet
 facet normal -0.99938 -0.0346135 -0.00641688
  outer loop
   vertex -0.0235541 -0.0195602 -4.565
   vertex -0.0218252 -0.0183119 -4.841
   vertex -0.0228554 -0.0397344 -4.565
  endloop
 endfacet
 facet normal -0.99919 -0.0396712 -0.00680873
  outer loop
   vertex -0.0218252 -0.0183119 -4.841
   vertex -0.02108 -0.0370809 -4.841
   vertex -0.0228554 -0.0397344 -4.565
  endloop
 endfacet
 facet normal -0.999445 -0.0326214 -0.0067426
  outer loop
   vertex -0.0228554 -0.0397344 -4.565
   vertex -0.02108 -0.0370809 -4.841
   vertex -0.0221969 -0.0599075 -4.565
  endloop
 endfacet
 facet normal -0.999264 -0.0376792 -0.00716017
  outer loop
   vertex -0.02108 -0.0370809 -4.841
   vertex -0.0203723 -0.055849 -4.841
   vertex -0.0221969 -0.0599075 -4.565
  endloop
 endfacet
 facet normal -0.999304 -0.0366042 -0.00714462
  outer loop
   vertex -0.0221969 -0.0599075 -4.565
   vertex -0.0203723 -0.055849 -4.841
   vertex -0.0214579 -0.0800827 -4.565
  endloop
 endfacet
 facet normal -0.999103 -0.0416617 -0.0075879
  outer loop
   vertex -0.0203723 -0.055849 -4.841
   vertex -0.0195896 -0.0746187 -4.841
   vertex -0.0214579 -0.0800827 -4.565
  endloop
 endfacet
 facet normal -0.999373 -0.0346131 -0.00745019
  outer loop
   vertex -0.0214579 -0.0800827 -4.565
   vertex -0.0195896 -0.0746187 -4.841
   vertex -0.0207592 -0.100257 -4.565
  endloop
 endfacet
 facet normal -0.999181 -0.0396709 -0.0079192
  outer loop
   vertex -0.0195896 -0.0746187 -4.841
   vertex -0.0188444 -0.0933876 -4.841
   vertex -0.0207592 -0.100257 -4.565
  endloop
 endfacet
 facet normal -0.999224 -0.0385948 -0.00789271
  outer loop
   vertex -0.0207592 -0.100257 -4.565
   vertex -0.0188444 -0.0933876 -4.841
   vertex -0.0199799 -0.120433 -4.565
  endloop
 endfacet
 facet normal -0.999012 -0.0436516 -0.00838736
  outer loop
   vertex -0.0188444 -0.0933876 -4.841
   vertex -0.0180243 -0.112158 -4.841
   vertex -0.0199799 -0.120433 -4.565
  endloop
 endfacet
 facet normal -0.999142 -0.0405843 -0.00829631
  outer loop
   vertex -0.0199799 -0.120433 -4.565
   vertex -0.0180243 -0.112158 -4.841
   vertex -0.0191603 -0.14061 -4.565
  endloop
 endfacet
 facet normal -0.998919 -0.0456407 -0.00881665
  outer loop
   vertex -0.0180243 -0.112158 -4.841
   vertex -0.0171666 -0.130929 -4.841
   vertex -0.0191603 -0.14061 -4.565
  endloop
 endfacet
 facet normal -0.998968 -0.0445628 -0.0087792
  outer loop
   vertex -0.0191603 -0.14061 -4.565
   vertex -0.0171666 -0.130929 -4.841
   vertex -0.0182601 -0.160789 -4.565
  endloop
 endfacet
 facet normal -0.998725 -0.0496179 -0.00932514
  outer loop
   vertex -0.0171666 -0.130929 -4.841
   vertex -0.016234 -0.149702 -4.841
   vertex -0.0182601 -0.160789 -4.565
  endloop
 endfacet
 facet normal -0.998679 -0.0505231 -0.00936117
  outer loop
   vertex -0.0182601 -0.160789 -4.565
   vertex -0.016234 -0.149702 -4.841
   vertex -0.0172391 -0.180972 -4.565
  endloop
 endfacet
 facet normal -0.998405 -0.0555767 -0.00993273
  outer loop
   vertex -0.016234 -0.149702 -4.841
   vertex -0.0151888 -0.168477 -4.841
   vertex -0.0172391 -0.180972 -4.565
  endloop
 endfacet
 facet normal -0.998239 -0.0584595 -0.010062
  outer loop
   vertex -0.0172391 -0.180972 -4.565
   vertex -0.0151888 -0.168477 -4.841
   vertex -0.016057 -0.201158 -4.565
  endloop
 endfacet
 facet normal -0.997924 -0.0635112 -0.0106592
  outer loop
   vertex -0.0151888 -0.168477 -4.841
   vertex -0.0139937 -0.187255 -4.841
   vertex -0.016057 -0.201158 -4.565
  endloop
 endfacet
 facet normal -0.997993 -0.0624223 -0.0106048
  outer loop
   vertex -0.016057 -0.201158 -4.565
   vertex -0.0139937 -0.187255 -4.841
   vertex -0.0147942 -0.221346 -4.565
  endloop
 endfacet
 facet normal -0.997658 -0.0674728 -0.0112277
  outer loop
   vertex -0.0139937 -0.187255 -4.841
   vertex -0.0127237 -0.206035 -4.841
   vertex -0.0147942 -0.221346 -4.565
  endloop
 endfacet
 facet normal -0.997732 -0.0663814 -0.0111677
  outer loop
   vertex -0.0147942 -0.221346 -4.565
   vertex -0.0127237 -0.206035 -4.841
   vertex -0.0134509 -0.241537 -4.565
  endloop
 endfacet
 facet normal -0.997376 -0.0714298 -0.0118162
  outer loop
   vertex -0.0127237 -0.206035 -4.841
   vertex -0.0113786 -0.224816 -4.841
   vertex -0.0134509 -0.241537 -4.565
  endloop
 endfacet
 facet normal -0.997454 -0.0703367 -0.0117505
  outer loop
   vertex -0.0134509 -0.241537 -4.565
   vertex -0.0113786 -0.224816 -4.841
   vertex -0.012027 -0.26173 -4.565
  endloop
 endfacet
 facet normal -0.997077 -0.0753835 -0.0124246
  outer loop
   vertex -0.0113786 -0.224816 -4.841
   vertex -0.00995855 -0.243598 -4.841
   vertex -0.012027 -0.26173 -4.565
  endloop
 endfacet
 facet normal -0.96642 -0.255841 -0.0240496
  outer loop
   vertex -0.012027 -0.26173 -4.565
   vertex -0.00995855 -0.243598 -4.841
   vertex -0.00665498 -0.282022 -4.565
  endloop
 endfacet
 facet normal -0.965096 -0.260724 -0.0247453
  outer loop
   vertex -0.00995855 -0.243598 -4.841
   vertex -0.00486426 -0.262455 -4.841
   vertex -0.00665498 -0.282022 -4.565
  endloop
 endfacet
 facet normal 0.164585 0.985905 -0.0300583
  outer loop
   vertex 0.0022775 0.112477 -4.841
   vertex 0.00866971 0.11141 -4.841
   vertex 0.00186392 0.106784 -5.03
  endloop
 endfacet
 facet normal 0.161835 0.986363 -0.0299705
  outer loop
   vertex 0.00186392 0.106784 -5.03
   vertex 0.00866971 0.11141 -4.841
   vertex 0.00793506 0.105788 -5.03
  endloop
 endfacet
 facet normal 0.368339 0.929237 -0.0290738
  outer loop
   vertex 0.00866971 0.11141 -4.841
   vertex 0.0111627 0.110422 -4.841
   vertex 0.00793506 0.105788 -5.03
  endloop
 endfacet
 facet normal 0.365735 0.930265 -0.0290546
  outer loop
   vertex 0.00793506 0.105788 -5.03
   vertex 0.0111627 0.110422 -4.841
   vertex 0.0103044 0.104856 -5.03
  endloop
 endfacet
 facet normal 0.500334 0.865388 -0.0277554
  outer loop
   vertex 0.0111627 0.110422 -4.841
   vertex 0.0162047 0.107506 -4.841
   vertex 0.0103044 0.104856 -5.03
  endloop
 endfacet
 facet normal 0.497927 0.866777 -0.0276997
  outer loop
   vertex 0.0103044 0.104856 -5.03
   vertex 0.0162047 0.107506 -4.841
   vertex 0.0150986 0.102102 -5.03
  endloop
 endfacet
 facet normal 0.655393 0.75486 -0.025421
  outer loop
   vertex 0.0162047 0.107506 -4.841
   vertex 0.0217337 0.102706 -4.841
   vertex 0.0150986 0.102102 -5.03
  endloop
 endfacet
 facet normal 0.653281 0.756691 -0.0253527
  outer loop
   vertex 0.0150986 0.102102 -5.03
   vertex 0.0217337 0.102706 -4.841
   vertex 0.0203601 0.0975595 -5.03
  endloop
 endfacet
 facet normal 0.781316 0.623724 -0.0226624
  outer loop
   vertex 0.0217337 0.102706 -4.841
   vertex 0.0293423 0.0931751 -4.841
   vertex 0.0203601 0.0975595 -5.03
  endloop
 endfacet
 facet normal 0.779572 0.625907 -0.0225289
  outer loop
   vertex 0.0203601 0.0975595 -5.03
   vertex 0.0293423 0.0931751 -4.841
   vertex 0.0276085 0.0885317 -5.03
  endloop
 endfacet
 facet normal 0.864627 0.502006 -0.0202651
  outer loop
   vertex 0.0293423 0.0931751 -4.841
   vertex 0.0348513 0.0836866 -4.841
   vertex 0.0276085 0.0885317 -5.03
  endloop
 endfacet
 facet normal 0.863224 0.504418 -0.0201495
  outer loop
   vertex 0.0276085 0.0885317 -5.03
   vertex 0.0348513 0.0836866 -4.841
   vertex 0.0328635 0.0795386 -5.03
  endloop
 endfacet
 facet normal 0.90176 0.43182 -0.0189615
  outer loop
   vertex 0.0348513 0.0836866 -4.841
   vertex 0.0393856 0.0742179 -4.841
   vertex 0.0328635 0.0795386 -5.03
  endloop
 endfacet
 facet normal 0.900552 0.434339 -0.0188489
  outer loop
   vertex 0.0328635 0.0795386 -5.03
   vertex 0.0393856 0.0742179 -4.841
   vertex 0.0371931 0.0705616 -5.03
  endloop
 endfacet
 facet normal 0.94046 0.339454 -0.0174763
  outer loop
   vertex 0.0393856 0.0742179 -4.841
   vertex 0.0462045 0.055326 -4.841
   vertex 0.0371931 0.0705616 -5.03
  endloop
 endfacet
 facet normal 0.939513 0.342081 -0.0172194
  outer loop
   vertex 0.0371931 0.0705616 -5.03
   vertex 0.0462045 0.055326 -4.841
   vertex 0.0437166 0.0526451 -5.03
  endloop
 endfacet
 facet normal 0.965741 0.258989 -0.016386
  outer loop
   vertex 0.0462045 0.055326 -4.841
   vertex 0.0512613 0.0364697 -4.841
   vertex 0.0437166 0.0526451 -5.03
  endloop
 endfacet
 facet normal 0.965018 0.261686 -0.0161264
  outer loop
   vertex 0.0437166 0.0526451 -5.03
   vertex 0.0512613 0.0364697 -4.841
   vertex 0.0485672 0.0347577 -5.03
  endloop
 endfacet
 facet normal 0.981043 0.19315 -0.015734
  outer loop
   vertex 0.0512613 0.0364697 -4.841
   vertex 0.0549684 0.0176408 -4.841
   vertex 0.0485672 0.0347577 -5.03
  endloop
 endfacet
 facet normal 0.980504 0.19589 -0.0154675
  outer loop
   vertex 0.0485672 0.0347577 -5.03
   vertex 0.0549684 0.0176408 -4.841
   vertex 0.0521364 0.0168927 -5.03
  endloop
 endfacet
 facet normal 0.992356 0.122449 -0.0153544
  outer loop
   vertex 0.0549684 0.0176408 -4.841
   vertex 0.0572883 -0.00116001 -4.841
   vertex 0.0521364 0.0168927 -5.03
  endloop
 endfacet
 facet normal 0.992014 0.12522 -0.0150804
  outer loop
   vertex 0.0521364 0.0168927 -5.03
   vertex 0.0572883 -0.00116001 -4.841
   vertex 0.0543885 -0.000949355 -5.03
  endloop
 endfacet
 facet normal 0.998841 0.0456374 -0.0152739
  outer loop
   vertex 0.0572883 -0.00116001 -4.841
   vertex 0.0581459 -0.0199312 -4.841
   vertex 0.0543885 -0.000949355 -5.03
  endloop
 endfacet
 facet normal 0.998714 0.0484264 -0.0149913
  outer loop
   vertex 0.0543885 -0.000949355 -5.03
   vertex 0.0581459 -0.0199312 -4.841
   vertex 0.0552525 -0.0187672 -5.03
  endloop
 endfacet
 facet normal 0.999715 -0.0182428 -0.0154172
  outer loop
   vertex 0.0581459 -0.0199312 -4.841
   vertex 0.0578038 -0.0386781 -4.841
   vertex 0.0552525 -0.0187672 -5.03
  endloop
 endfacet
 facet normal 0.999766 -0.0154506 -0.0151237
  outer loop
   vertex 0.0552525 -0.0187672 -5.03
   vertex 0.0578038 -0.0386781 -4.841
   vertex 0.0549774 -0.0365651 -5.03
  endloop
 endfacet
 facet normal 0.996975 -0.0761042 -0.0157601
  outer loop
   vertex 0.0578038 -0.0386781 -4.841
   vertex 0.0563745 -0.057403 -4.841
   vertex 0.0549774 -0.0365651 -5.03
  endloop
 endfacet
 facet normal 0.997189 -0.0733207 -0.0154548
  outer loop
   vertex 0.0549774 -0.0365651 -5.03
   vertex 0.0563745 -0.057403 -4.841
   vertex 0.0536701 -0.0543449 -5.03
  endloop
 endfacet
 facet normal 0.991961 -0.125503 -0.0162243
  outer loop
   vertex 0.0563745 -0.057403 -4.841
   vertex 0.0540078 -0.0761089 -4.841
   vertex 0.0536701 -0.0543449 -5.03
  endloop
 endfacet
 facet normal 0.992312 -0.122733 -0.015906
  outer loop
   vertex 0.0536701 -0.0543449 -5.03
   vertex 0.0540078 -0.0761089 -4.841
   vertex 0.051473 -0.0721093 -5.03
  endloop
 endfacet
 facet normal 0.985592 -0.168307 -0.0167803
  outer loop
   vertex 0.0540078 -0.0761089 -4.841
   vertex 0.0508163 -0.0947982 -4.841
   vertex 0.051473 -0.0721093 -5.03
  endloop
 endfacet
 facet normal 0.986063 -0.165555 -0.0164483
  outer loop
   vertex 0.051473 -0.0721093 -5.03
   vertex 0.0508163 -0.0947982 -4.841
   vertex 0.0484927 -0.08986 -5.03
  endloop
 endfacet
 facet normal 0.97749 -0.210252 -0.0175107
  outer loop
   vertex 0.0508163 -0.0947982 -4.841
   vertex 0.0467999 -0.113471 -4.841
   vertex 0.0484927 -0.08986 -5.03
  endloop
 endfacet
 facet normal 0.97808 -0.207523 -0.0171645
  outer loop
   vertex 0.0484927 -0.08986 -5.03
   vertex 0.0467999 -0.113471 -4.841
   vertex 0.0447294 -0.107597 -5.03
  endloop
 endfacet
 facet normal 0.969192 -0.245631 -0.0182514
  outer loop
   vertex 0.0467999 -0.113471 -4.841
   vertex 0.0420712 -0.132129 -4.841
   vertex 0.0447294 -0.107597 -5.03
  endloop
 endfacet
 facet normal 0.96988 -0.242926 -0.0178906
  outer loop
   vertex 0.0447294 -0.107597 -5.03
   vertex 0.0420712 -0.132129 -4.841
   vertex 0.0402898 -0.125322 -5.03
  endloop
 endfacet
 facet normal 0.960819 -0.276522 -0.0190152
  outer loop
   vertex 0.0420712 -0.132129 -4.841
   vertex 0.0367052 -0.150774 -4.841
   vertex 0.0402898 -0.125322 -5.03
  endloop
 endfacet
 facet normal 0.961595 -0.273839 -0.0186392
  outer loop
   vertex 0.0402898 -0.125322 -5.03
   vertex 0.0367052 -0.150774 -4.841
   vertex 0.035245 -0.143037 -5.03
  endloop
 endfacet
 facet normal 0.95496 -0.296093 -0.0194989
  outer loop
   vertex 0.0367052 -0.150774 -4.841
   vertex 0.0309267 -0.169411 -4.841
   vertex 0.035245 -0.143037 -5.03
  endloop
 endfacet
 facet normal 0.955791 -0.293427 -0.0191079
  outer loop
   vertex 0.035245 -0.143037 -5.03
   vertex 0.0309267 -0.169411 -4.841
   vertex 0.0298088 -0.160745 -5.03
  endloop
 endfacet
 facet normal 0.948776 -0.315311 -0.0200698
  outer loop
   vertex 0.0309267 -0.169411 -4.841
   vertex 0.0247358 -0.188039 -4.841
   vertex 0.0298088 -0.160745 -5.03
  endloop
 endfacet
 facet normal 0.949661 -0.312663 -0.0196637
  outer loop
   vertex 0.0298088 -0.160745 -5.03
   vertex 0.0247358 -0.188039 -4.841
   vertex 0.0239809 -0.178446 -5.03
  endloop
 endfacet
 facet normal 0.944087 -0.329061 -0.0204738
  outer loop
   vertex 0.0247358 -0.188039 -4.841
   vertex 0.018245 -0.206662 -4.841
   vertex 0.0239809 -0.178446 -5.03
  endloop
 endfacet
 facet normal 0.94501 -0.326426 -0.0200524
  outer loop
   vertex 0.0239809 -0.178446 -5.03
   vertex 0.018245 -0.206662 -4.841
   vertex 0.0178684 -0.196142 -5.03
  endloop
 endfacet
 facet normal 0.939858 -0.34093 -0.0208494
  outer loop
   vertex 0.018245 -0.206662 -4.841
   vertex 0.0114917 -0.225279 -4.841
   vertex 0.0178684 -0.196142 -5.03
  endloop
 endfacet
 facet normal 0.940815 -0.338306 -0.0204126
  outer loop
   vertex 0.0178684 -0.196142 -5.03
   vertex 0.0114917 -0.225279 -4.841
   vertex 0.0115066 -0.213833 -5.03
  endloop
 endfacet
 facet normal 0.937393 -0.347642 -0.0209783
  outer loop
   vertex 0.0114917 -0.225279 -4.841
   vertex 0.00458847 -0.243893 -4.841
   vertex 0.0115066 -0.213833 -5.03
  endloop
 endfacet
 facet normal 0.938368 -0.345027 -0.0205266
  outer loop
   vertex 0.0115066 -0.213833 -5.03
   vertex 0.00458847 -0.243893 -4.841
   vertex 0.00500254 -0.231523 -5.03
  endloop
 endfacet
 facet normal 0.890767 -0.453614 -0.027738
  outer loop
   vertex 0.00458847 -0.243893 -4.841
   vertex -0.00486426 -0.262455 -4.841
   vertex 0.00500254 -0.231523 -5.03
  endloop
 endfacet
 facet normal 0.892041 -0.451131 -0.0272651
  outer loop
   vertex 0.00500254 -0.231523 -5.03
   vertex -0.00486426 -0.262455 -4.841
   vertex -0.00392201 -0.249169 -5.03
  endloop
 endfacet
 facet normal -0.179216 0.983375 -0.0292298
  outer loop
   vertex 0.0022775 0.112477 -4.841
   vertex 0.00186392 0.106784 -5.03
   vertex -0.00235303 0.111633 -4.841
  endloop
 endfacet
 facet normal -0.181959 0.98287 -0.029278
  outer loop
   vertex 0.00186392 0.106784 -5.03
   vertex -0.00252975 0.10597 -5.03
   vertex -0.00235303 0.111633 -4.841
  endloop
 endfacet
 facet normal -0.46767 0.88352 -0.0260342
  outer loop
   vertex -0.00235303 0.111633 -4.841
   vertex -0.00252975 0.10597 -5.03
   vertex -0.00405917 0.11073 -4.841
  endloop
 endfacet
 facet normal -0.47015 0.882203 -0.0260211
  outer loop
   vertex -0.00252975 0.10597 -5.03
   vertex -0.00414704 0.105108 -5.03
   vertex -0.00405917 0.11073 -4.841
  endloop
 endfacet
 facet normal -0.664264 0.747177 -0.0219147
  outer loop
   vertex -0.00405917 0.11073 -4.841
   vertex -0.00414704 0.105108 -5.03
   vertex -0.00715298 0.107979 -4.841
  endloop
 endfacet
 facet normal -0.666344 0.745323 -0.0219196
  outer loop
   vertex -0.00414704 0.105108 -5.03
   vertex -0.0070768 0.102489 -5.03
   vertex -0.00715298 0.107979 -4.841
  endloop
 endfacet
 facet normal -0.824753 0.565245 -0.0167524
  outer loop
   vertex -0.00715298 0.107979 -4.841
   vertex -0.0070768 0.102489 -5.03
   vertex -0.0103223 0.103355 -4.841
  endloop
 endfacet
 facet normal -0.826327 0.562941 -0.0167689
  outer loop
   vertex -0.0070768 0.102489 -5.03
   vertex -0.0100732 0.0980907 -5.03
   vertex -0.0103223 0.103355 -4.841
  endloop
 endfacet
 facet normal -0.911107 0.411975 -0.0126756
  outer loop
   vertex -0.0103223 0.103355 -4.841
   vertex -0.0100732 0.0980907 -5.03
   vertex -0.0145237 0.0940633 -4.841
  endloop
 endfacet
 facet normal -0.912253 0.409427 -0.0127569
  outer loop
   vertex -0.0100732 0.0980907 -5.03
   vertex -0.0140372 0.0892586 -5.03
   vertex -0.0145237 0.0940633 -4.841
  endloop
 endfacet
 facet normal -0.964498 0.26393 -0.00919257
  outer loop
   vertex -0.0145237 0.0940633 -4.841
   vertex -0.0140372 0.0892586 -5.03
   vertex -0.0170755 0.0847381 -4.841
  endloop
 endfacet
 facet normal -0.965231 0.261236 -0.00926879
  outer loop
   vertex -0.0140372 0.0892586 -5.03
   vertex -0.016435 0.0803991 -5.03
   vertex -0.0170755 0.0847381 -4.841
  endloop
 endfacet
 facet normal -0.982596 0.185603 -0.0075913
  outer loop
   vertex -0.0170755 0.0847381 -4.841
   vertex -0.016435 0.0803991 -5.03
   vertex -0.01884 0.0753969 -4.841
  endloop
 endfacet
 facet normal -0.983109 0.182858 -0.00767049
  outer loop
   vertex -0.016435 0.0803991 -5.03
   vertex -0.0180852 0.0715265 -5.03
   vertex -0.01884 0.0753969 -4.841
  endloop
 endfacet
 facet normal -0.993034 0.117658 -0.00637498
  outer loop
   vertex -0.01884 0.0753969 -4.841
   vertex -0.0180852 0.0715265 -5.03
   vertex -0.0210567 0.0566879 -4.841
  endloop
 endfacet
 facet normal -0.993357 0.114885 -0.00659782
  outer loop
   vertex -0.0180852 0.0715265 -5.03
   vertex -0.02014 0.0537597 -5.03
   vertex -0.0210567 0.0566879 -4.841
  endloop
 endfacet
 facet normal -0.997922 0.0641719 -0.00583426
  outer loop
   vertex -0.0210567 0.0566879 -4.841
   vertex -0.02014 0.0537597 -5.03
   vertex -0.0222611 0.0379584 -4.841
  endloop
 endfacet
 facet normal -0.998096 0.0613855 -0.00606917
  outer loop
   vertex -0.02014 0.0537597 -5.03
   vertex -0.0212338 0.0359761 -5.03
   vertex -0.0222611 0.0379584 -4.841
  endloop
 endfacet
 facet normal -0.999737 0.022244 -0.00566754
  outer loop
   vertex -0.0222611 0.0379584 -4.841
   vertex -0.0212338 0.0359761 -5.03
   vertex -0.0226782 0.019213 -4.841
  endloop
 endfacet
 facet normal -0.999793 0.0194514 -0.00591565
  outer loop
   vertex -0.0212338 0.0359761 -5.03
   vertex -0.02158 0.0181794 -5.03
   vertex -0.0226782 0.019213 -4.841
  endloop
 endfacet
 facet normal -0.999889 -0.0137406 -0.00573468
  outer loop
   vertex -0.0226782 0.019213 -4.841
   vertex -0.02158 0.0181794 -5.03
   vertex -0.0224204 0.000453982 -4.841
  endloop
 endfacet
 facet normal -0.999845 -0.0165323 -0.0059963
  outer loop
   vertex -0.02158 0.0181794 -5.03
   vertex -0.0212856 0.000371541 -5.03
   vertex -0.0224204 0.000453982 -4.841
  endloop
 endfacet
 facet normal -0.999479 -0.0317011 -0.00598749
  outer loop
   vertex -0.0224204 0.000453982 -4.841
   vertex -0.0212856 0.000371541 -5.03
   vertex -0.0218252 -0.0183119 -4.841
  endloop
 endfacet
 facet normal -0.999385 -0.0344927 -0.00626317
  outer loop
   vertex -0.0212856 0.000371541 -5.03
   vertex -0.0206707 -0.0174419 -5.03
   vertex -0.0218252 -0.0183119 -4.841
  endloop
 endfacet
 facet normal -0.999193 -0.0396713 -0.00628584
  outer loop
   vertex -0.0218252 -0.0183119 -4.841
   vertex -0.0206707 -0.0174419 -5.03
   vertex -0.02108 -0.0370809 -4.841
  endloop
 endfacet
 facet normal -0.999076 -0.0424609 -0.00657545
  outer loop
   vertex -0.0206707 -0.0174419 -5.03
   vertex -0.0199136 -0.0352578 -5.03
   vertex -0.02108 -0.0370809 -4.841
  endloop
 endfacet
 facet normal -0.999269 -0.0376793 -0.00653051
  outer loop
   vertex -0.02108 -0.0370809 -4.841
   vertex -0.0199136 -0.0352578 -5.03
   vertex -0.0203723 -0.055849 -4.841
  endloop
 endfacet
 facet normal -0.999157 -0.0404697 -0.00683425
  outer loop
   vertex -0.0199136 -0.0352578 -5.03
   vertex -0.019192 -0.0530731 -5.03
   vertex -0.0203723 -0.055849 -4.841
  endloop
 endfacet
 facet normal -0.999108 -0.0416619 -0.00685146
  outer loop
   vertex -0.0203723 -0.055849 -4.841
   vertex -0.019192 -0.0530731 -5.03
   vertex -0.0195896 -0.0746187 -4.841
  endloop
 endfacet
 facet normal -0.998986 -0.0444518 -0.00716923
  outer loop
   vertex -0.019192 -0.0530731 -5.03
   vertex -0.0183992 -0.0708897 -5.03
   vertex -0.0195896 -0.0746187 -4.841
  endloop
 endfacet
 facet normal -0.999188 -0.0396712 -0.00707618
  outer loop
   vertex -0.0195896 -0.0746187 -4.841
   vertex -0.0183992 -0.0708897 -5.03
   vertex -0.0188444 -0.0933876 -4.841
  endloop
 endfacet
 facet normal -0.999071 -0.0424612 -0.00740803
  outer loop
   vertex -0.0183992 -0.0708897 -5.03
   vertex -0.017642 -0.0887056 -5.03
   vertex -0.0188444 -0.0933876 -4.841
  endloop
 endfacet
 facet normal -0.999019 -0.0436519 -0.0074372
  outer loop
   vertex -0.0188444 -0.0933876 -4.841
   vertex -0.017642 -0.0887056 -5.03
   vertex -0.0180243 -0.112158 -4.841
  endloop
 endfacet
 facet normal -0.998891 -0.0464412 -0.00778305
  outer loop
   vertex -0.017642 -0.0887056 -5.03
   vertex -0.0168136 -0.106523 -5.03
   vertex -0.0180243 -0.112158 -4.841
  endloop
 endfacet
 facet normal -0.998928 -0.0456411 -0.00775943
  outer loop
   vertex -0.0180243 -0.112158 -4.841
   vertex -0.0168136 -0.106523 -5.03
   vertex -0.0171666 -0.130929 -4.841
  endloop
 endfacet
 facet normal -0.998794 -0.0484306 -0.0081194
  outer loop
   vertex -0.0168136 -0.106523 -5.03
   vertex -0.0159497 -0.124341 -5.03
   vertex -0.0171666 -0.130929 -4.841
  endloop
 endfacet
 facet normal -0.998735 -0.0496184 -0.00816043
  outer loop
   vertex -0.0171666 -0.130929 -4.841
   vertex -0.0159497 -0.124341 -5.03
   vertex -0.016234 -0.149702 -4.841
  endloop
 endfacet
 facet normal -0.998589 -0.0524071 -0.00853441
  outer loop
   vertex -0.0159497 -0.124341 -5.03
   vertex -0.0150145 -0.14216 -5.03
   vertex -0.016234 -0.149702 -4.841
  endloop
 endfacet
 facet normal -0.998417 -0.0555774 -0.00865982
  outer loop
   vertex -0.016234 -0.149702 -4.841
   vertex -0.0150145 -0.14216 -5.03
   vertex -0.0151888 -0.168477 -4.841
  endloop
 endfacet
 facet normal -0.998254 -0.0583652 -0.00904786
  outer loop
   vertex -0.0150145 -0.14216 -5.03
   vertex -0.0139726 -0.159981 -5.03
   vertex -0.0151888 -0.168477 -4.841
  endloop
 endfacet
 facet normal -0.997938 -0.0635121 -0.0092772
  outer loop
   vertex -0.0151888 -0.168477 -4.841
   vertex -0.0139726 -0.159981 -5.03
   vertex -0.0139937 -0.187255 -4.841
  endloop
 endfacet
 facet normal -0.997753 -0.0662982 -0.00967924
  outer loop
   vertex -0.0139726 -0.159981 -5.03
   vertex -0.0127883 -0.177804 -5.03
   vertex -0.0139937 -0.187255 -4.841
  endloop
 endfacet
 facet normal -0.997674 -0.0674738 -0.00973753
  outer loop
   vertex -0.0139937 -0.187255 -4.841
   vertex -0.0127883 -0.177804 -5.03
   vertex -0.0127237 -0.206035 -4.841
  endloop
 endfacet
 facet normal -0.997477 -0.0702593 -0.0101537
  outer loop
   vertex -0.0127883 -0.177804 -5.03
   vertex -0.0115327 -0.195628 -5.03
   vertex -0.0127237 -0.206035 -4.841
  endloop
 endfacet
 facet normal -0.997393 -0.0714311 -0.0102176
  outer loop
   vertex -0.0127237 -0.206035 -4.841
   vertex -0.0115327 -0.195628 -5.03
   vertex -0.0113786 -0.224816 -4.841
  endloop
 endfacet
 facet normal -0.997185 -0.0742153 -0.0106478
  outer loop
   vertex -0.0115327 -0.195628 -5.03
   vertex -0.0102061 -0.213454 -5.03
   vertex -0.0113786 -0.224816 -4.841
  endloop
 endfacet
 facet normal -0.997097 -0.075385 -0.0107175
  outer loop
   vertex -0.0113786 -0.224816 -4.841
   vertex -0.0102061 -0.213454 -5.03
   vertex -0.00995855 -0.243598 -4.841
  endloop
 endfacet
 facet normal -0.996878 -0.0781689 -0.0111618
  outer loop
   vertex -0.0102061 -0.213454 -5.03
   vertex -0.00880816 -0.231282 -5.03
   vertex -0.00995855 -0.243598 -4.841
  endloop
 endfacet
 facet normal -0.965139 -0.260736 -0.0228662
  outer loop
   vertex -0.00995855 -0.243598 -4.841
   vertex -0.00880816 -0.231282 -5.03
   vertex -0.00486426 -0.262455 -4.841
  endloop
 endfacet
 facet normal -0.964397 -0.263428 -0.0233257
  outer loop
   vertex -0.00880816 -0.231282 -5.03
   vertex -0.00392201 -0.249169 -5.03
   vertex -0.00486426 -0.262455 -4.841
  endloop
 endfacet
 facet normal 0 0 1
  outer loop
   vertex -0.00757688 -0.0231467 -0.66
   vertex 0.0375293 0.0530247 -0.66
   vertex 0.0346567 0.0554623 -0.66
  endloop
 endfacet
 facet normal 0 0 1
  outer loop
   vertex -0.00757688 -0.0231467 -0.66
   vertex 0.0384791 0.0517885 -0.66
   vertex 0.0375293 0.0530247 -0.66
  endloop
 endfacet
 facet normal 0 0 1
  outer loop
   vertex -0.00757688 -0.0231467 -0.66
   vertex 0.040127 0.0488309 -0.66
   vertex 0.0384791 0.0517885 -0.66
  endloop
 endfacet
 facet normal 0 0 1
  outer loop
   vertex -0.00757688 -0.0231467 -0.66
   vertex 0.0414561 0.0447871 -0.66
   vertex 0.040127 0.0488309 -0.66
  endloop
 endfacet
 facet normal 0 0 1
  outer loop
   vertex -0.00757688 -0.0231467 -0.66
   vertex 0.0424134 0.0377624 -0.66
   vertex 0.0414561 0.0447871 -0.66
  endloop
 endfacet
 facet normal 0 0 1
  outer loop
   vertex -0.00757688 -0.0231467 -0.66
   vertex 0.0423354 0.0313846 -0.66
   vertex 0.0424134 0.0377624 -0.66
  endloop
 endfacet
 facet normal 0 0 1
  outer loop
   vertex -0.00757688 -0.0231467 -0.66
   vertex 0.0417768 0.0253071 -0.66
   vertex 0.0423354 0.0313846 -0.66
  endloop
 endfacet
 facet normal 0 0 1
  outer loop
   vertex -0.00757688 -0.0231467 -0.66
   vertex 0.0395503 0.0138454 -0.66
   vertex 0.0417768 0.0253071 -0.66
  endloop
 endfacet
 facet normal 0 0 1
  outer loop
   vertex -0.00757688 -0.0231467 -0.66
   vertex 0.0364548 0.00292658 -0.66
   vertex 0.0395503 0.0138454 -0.66
  endloop
 endfacet
 facet normal 0 0 1
  outer loop
   vertex -0.00757688 -0.0231467 -0.66
   vertex 0.0326938 -0.00757634 -0.66
   vertex 0.0364548 0.00292658 -0.66
  endloop
 endfacet
 facet normal 0 0 1
  outer loop
   vertex -0.00757688 -0.0231467 -0.66
   vertex 0.0282488 -0.0176518 -0.66
   vertex 0.0326938 -0.00757634 -0.66
  endloop
 endfacet
 facet normal -0 0 1
  outer loop
   vertex -0.00757688 -0.0231467 -0.66
   vertex 0.0230828 -0.0272768 -0.66
   vertex 0.0282488 -0.0176518 -0.66
  endloop
 endfacet
 facet normal 0 0 1
  outer loop
   vertex -0.00757688 -0.0231467 -0.66
   vertex 0.0173251 -0.0365321 -0.66
   vertex 0.0230828 -0.0272768 -0.66
  endloop
 endfacet
 facet normal 0 0 1
  outer loop
   vertex -0.00757688 -0.0231467 -0.66
   vertex 0.0110314 -0.0454523 -0.66
   vertex 0.0173251 -0.0365321 -0.66
  endloop
 endfacet
 facet normal 0 0 1
  outer loop
   vertex -0.00757688 -0.0231467 -0.66
   vertex 0.00427543 -0.0540838 -0.66
   vertex 0.0110314 -0.0454523 -0.66
  endloop
 endfacet
 facet normal 0 0 1
  outer loop
   vertex -0.00757688 -0.0231467 -0.66
   vertex -0.00288725 -0.0624611 -0.66
   vertex 0.00427543 -0.0540838 -0.66
  endloop
 endfacet
 facet normal 0 0 1
  outer loop
   vertex -0.00757688 -0.0231467 -0.66
   vertex -0.0104566 -0.0705842 -0.66
   vertex -0.00288725 -0.0624611 -0.66
  endloop
 endfacet
 facet normal 0 0 1
  outer loop
   vertex -0.00757688 -0.0231467 -0.66
   vertex -0.0183773 -0.0784879 -0.66
   vertex -0.0104566 -0.0705842 -0.66
  endloop
 endfacet
 facet normal 0 0 1
  outer loop
   vertex -0.00757688 -0.0231467 -0.66
   vertex -0.0266123 -0.0861952 -0.66
   vertex -0.0183773 -0.0784879 -0.66
  endloop
 endfacet
 facet normal 0 0 1
  outer loop
   vertex -0.00757688 -0.0231467 -0.66
   vertex -0.0350506 -0.0937754 -0.66
   vertex -0.0266123 -0.0861952 -0.66
  endloop
 endfacet
 facet normal 0 0 1
  outer loop
   vertex -0.00757688 -0.0231467 -0.66
   vertex -0.0436922 -0.101228 -0.66
   vertex -0.0350506 -0.0937754 -0.66
  endloop
 endfacet
 facet normal 0 0 1
  outer loop
   vertex -0.00757688 -0.0231467 -0.66
   vertex -0.0524818 -0.108589 -0.66
   vertex -0.0436922 -0.101228 -0.66
  endloop
 endfacet
 facet normal 0 0 1
  outer loop
   vertex -0.00757688 -0.0231467 -0.66
   vertex -0.0614008 -0.115869 -0.66
   vertex -0.0524818 -0.108589 -0.66
  endloop
 endfacet
 facet normal 0 0 1
  outer loop
   vertex -0.00757688 -0.0231467 -0.66
   vertex -0.0703937 -0.123103 -0.66
   vertex -0.0614008 -0.115869 -0.66
  endloop
 endfacet
 facet normal 0 0 1
  outer loop
   vertex -0.00757688 -0.0231467 -0.66
   vertex -0.0806438 -0.129551 -0.66
   vertex -0.0703937 -0.123103 -0.66
  endloop
 endfacet
 facet normal 0 0 0
  outer loop
   vertex -0.00757688 -0.0231467 -0.66
   vertex -0.0806438 -0.129551 -0.66
   vertex -0.0806438 -0.129551 -0.66
  endloop
 endfacet
 facet normal 0 0 1
  outer loop
   vertex -0.00757688 -0.0231467 -0.66
   vertex -0.0775669 -0.11862 -0.66
   vertex -0.0806438 -0.129551 -0.66
  endloop
 endfacet
 facet normal 0 0 1
  outer loop
   vertex -0.00757688 -0.0231467 -0.66
   vertex -0.0726782 -0.108822 -0.66
   vertex -0.0775669 -0.11862 -0.66
  endloop
 endfacet
 facet normal 0 0 1
  outer loop
   vertex -0.00757688 -0.0231467 -0.66
   vertex -0.0677525 -0.0990471 -0.66
   vertex -0.0726782 -0.108822 -0.66
  endloop
 endfacet
 facet normal 0 0 1
  outer loop
   vertex -0.00757688 -0.0231467 -0.66
   vertex -0.0627898 -0.089295 -0.66
   vertex -0.0677525 -0.0990471 -0.66
  endloop
 endfacet
 facet normal 0 0 1
  outer loop
   vertex -0.00757688 -0.0231467 -0.66
   vertex -0.0577901 -0.0795661 -0.66
   vertex -0.0627898 -0.089295 -0.66
  endloop
 endfacet
 facet normal 0 0 1
  outer loop
   vertex -0.00757688 -0.0231467 -0.66
   vertex -0.0527165 -0.0698834 -0.66
   vertex -0.0577901 -0.0795661 -0.66
  endloop
 endfacet
 facet normal 0 0 1
  outer loop
   vertex -0.00757688 -0.0231467 -0.66
   vertex -0.0475875 -0.0602354 -0.66
   vertex -0.0527165 -0.0698834 -0.66
  endloop
 endfacet
 facet normal 0 0 1
  outer loop
   vertex -0.00757688 -0.0231467 -0.66
   vertex -0.0424214 -0.0506104 -0.66
   vertex -0.0475875 -0.0602354 -0.66
  endloop
 endfacet
 facet normal 0 0 1
  outer loop
   vertex -0.00757688 -0.0231467 -0.66
   vertex -0.0372369 -0.040997 -0.66
   vertex -0.0424214 -0.0506104 -0.66
  endloop
 endfacet
 facet normal 0 0 1
  outer loop
   vertex -0.00757688 -0.0231467 -0.66
   vertex -0.0320154 -0.0314067 -0.66
   vertex -0.0372369 -0.040997 -0.66
  endloop
 endfacet
 facet normal 0 0 1
  outer loop
   vertex -0.00757688 -0.0231467 -0.66
   vertex -0.0268124 -0.0218049 -0.66
   vertex -0.0320154 -0.0314067 -0.66
  endloop
 endfacet
 facet normal 0 0 1
  outer loop
   vertex -0.00757688 -0.0231467 -0.66
   vertex -0.0215724 -0.0122261 -0.66
   vertex -0.0268124 -0.0218049 -0.66
  endloop
 endfacet
 facet normal 0 0 1
  outer loop
   vertex -0.00757688 -0.0231467 -0.66
   vertex -0.0163509 -0.00263584 -0.66
   vertex -0.0215724 -0.0122261 -0.66
  endloop
 endfacet
 facet normal 0 0 1
  outer loop
   vertex -0.00757688 -0.0231467 -0.66
   vertex -0.0110555 0.00690824 -0.66
   vertex -0.0163509 -0.00263584 -0.66
  endloop
 endfacet
 facet normal 0 -0 1
  outer loop
   vertex -0.00757688 -0.0231467 -0.66
   vertex -0.00559366 0.0163484 -0.66
   vertex -0.0110555 0.00690824 -0.66
  endloop
 endfacet
 facet normal 0 0 1
  outer loop
   vertex -0.00757688 -0.0231467 -0.66
   vertex 0.000200947 0.0255805 -0.66
   vertex -0.00559366 0.0163484 -0.66
  endloop
 endfacet
 facet normal 0 0 1
  outer loop
   vertex -0.00757688 -0.0231467 -0.66
   vertex 0.00638379 0.0345701 -0.66
   vertex 0.000200947 0.0255805 -0.66
  endloop
 endfacet
 facet normal 0 0 1
  outer loop
   vertex -0.00757688 -0.0231467 -0.66
   vertex 0.0130658 0.0432478 -0.66
   vertex 0.00638379 0.0345701 -0.66
  endloop
 endfacet
 facet normal 0 0 1
  outer loop
   vertex -0.00757688 -0.0231467 -0.66
   vertex 0.0167303 0.0473844 -0.66
   vertex 0.0130658 0.0432478 -0.66
  endloop
 endfacet
 facet normal 0 0 1
  outer loop
   vertex -0.00757688 -0.0231467 -0.66
   vertex 0.0207831 0.0512785 -0.66
   vertex 0.0167303 0.0473844 -0.66
  endloop
 endfacet
 facet normal 0 0 1
  outer loop
   vertex -0.00757688 -0.0231467 -0.66
   vertex 0.0256493 0.0546643 -0.66
   vertex 0.0207831 0.0512785 -0.66
  endloop
 endfacet
 facet normal 0 0 1
  outer loop
   vertex -0.00757688 -0.0231467 -0.66
   vertex 0.0286093 0.0560279 -0.66
   vertex 0.0256493 0.0546643 -0.66
  endloop
 endfacet
 facet normal 0 0 1
  outer loop
   vertex -0.00757688 -0.0231467 -0.66
   vertex 0.0309732 0.0564787 -0.66
   vertex 0.0286093 0.0560279 -0.66
  endloop
 endfacet
 facet normal 0 0 1
  outer loop
   vertex -0.00757688 -0.0231467 -0.66
   vertex 0.032094 0.0564211 -0.66
   vertex 0.0309732 0.0564787 -0.66
  endloop
 endfacet
 facet normal 0 0 1
  outer loop
   vertex -0.00757688 -0.0231467 -0.66
   vertex 0.0346567 0.0554623 -0.66
   vertex 0.032094 0.0564211 -0.66
  endloop
 endfacet
 facet normal 0 0 0
  outer loop
   vertex -0.00757688 -0.0231467 -0.66
   vertex 0.0346567 0.0554623 -0.66
   vertex 0.0346567 0.0554623 -0.66
  endloop
 endfacet
 facet normal 0 0 1
  outer loop
   vertex 0.00886205 -0.0387729 -5.03
   vertex 0.00793506 0.105788 -5.03
   vertex 0.00186392 0.106784 -5.03
  endloop
 endfacet
 facet normal 0 -0 1
  outer loop
   vertex 0.00886205 -0.0387729 -5.03
   vertex 0.0103044 0.104856 -5.03
   vertex 0.00793506 0.105788 -5.03
  endloop
 endfacet
 facet normal 0 0 1
  outer loop
   vertex 0.00886205 -0.0387729 -5.03
   vertex 0.0150986 0.102102 -5.03
   vertex 0.0103044 0.104856 -5.03
  endloop
 endfacet
 facet normal 0 0 1
  outer loop
   vertex 0.00886205 -0.0387729 -5.03
   vertex 0.0203601 0.0975595 -5.03
   vertex 0.0150986 0.102102 -5.03
  endloop
 endfacet
 facet normal 0 0 1
  outer loop
   vertex 0.00886205 -0.0387729 -5.03
   vertex 0.0276085 0.0885317 -5.03
   vertex 0.0203601 0.0975595 -5.03
  endloop
 endfacet
 facet normal 0 0 1
  outer loop
   vertex 0.00886205 -0.0387729 -5.03
   vertex 0.0328635 0.0795386 -5.03
   vertex 0.0276085 0.0885317 -5.03
  endloop
 endfacet
 facet normal 0 0 1
  outer loop
   vertex 0.00886205 -0.0387729 -5.03
   vertex 0.0371931 0.0705616 -5.03
   vertex 0.0328635 0.0795386 -5.03
  endloop
 endfacet
 facet normal 0 0 1
  outer loop
   vertex 0.00886205 -0.0387729 -5.03
   vertex 0.0437166 0.0526451 -5.03
   vertex 0.0371931 0.0705616 -5.03
  endloop
 endfacet
 facet normal 0 0 1
  outer loop
   vertex 0.00886205 -0.0387729 -5.03
   vertex 0.0485672 0.0347577 -5.03
   vertex 0.0437166 0.0526451 -5.03
  endloop
 endfacet
 facet normal 0 0 1
  outer loop
   vertex 0.00886205 -0.0387729 -5.03
   vertex 0.0521364 0.0168927 -5.03
   vertex 0.0485672 0.0347577 -5.03
  endloop
 endfacet
 facet normal 0 0 1
  outer loop
   vertex 0.00886205 -0.0387729 -5.03
   vertex 0.0543885 -0.000949355 -5.03
   vertex 0.0521364 0.0168927 -5.03
  endloop
 endfacet
 facet normal 0 0 1
  outer loop
   vertex 0.00886205 -0.0387729 -5.03
   vertex 0.0552525 -0.0187672 -5.03
   vertex 0.0543885 -0.000949355 -5.03
  endloop
 endfacet
 facet normal 0 0 1
  outer loop
   vertex 0.00886205 -0.0387729 -5.03
   vertex 0.0549774 -0.0365651 -5.03
   vertex 0.0552525 -0.0187672 -5.03
  endloop
 endfacet
 facet normal -0 0 1
  outer loop
   vertex 0.00886205 -0.0387729 -5.03
   vertex 0.0536701 -0.0543449 -5.03
   vertex 0.0549774 -0.0365651 -5.03
  endloop
 endfacet
 facet normal 0 0 1
  outer loop
   vertex 0.00886205 -0.0387729 -5.03
   vertex 0.051473 -0.0721093 -5.03
   vertex 0.0536701 -0.0543449 -5.03
  endloop
 endfacet
 facet normal 0 0 1
  outer loop
   vertex 0.00886205 -0.0387729 -5.03
   vertex 0.0484927 -0.08986 -5.03
   vertex 0.051473 -0.0721093 -5.03
  endloop
 endfacet
 facet normal 0 0 1
  outer loop
   vertex 0.00886205 -0.0387729 -5.03
   vertex 0.0447294 -0.107597 -5.03
   vertex 0.0484927 -0.08986 -5.03
  endloop
 endfacet
 facet normal 0 0 1
  outer loop
   vertex 0.00886205 -0.0387729 -5.03
   vertex 0.0402898 -0.125322 -5.03
   vertex 0.0447294 -0.107597 -5.03
  endloop
 endfacet
 facet normal 0 0 1
  outer loop
   vertex 0.00886205 -0.0387729 -5.03
   vertex 0.035245 -0.143037 -5.03
   vertex 0.0402898 -0.125322 -5.03
  endloop
 endfacet
 facet normal 0 0 1
  outer loop
   vertex 0.00886205 -0.0387729 -5.03
   vertex 0.0298088 -0.160745 -5.03
   vertex 0.035245 -0.143037 -5.03
  endloop
 endfacet
 facet normal 0 0 1
  outer loop
   vertex 0.00886205 -0.0387729 -5.03
   vertex 0.0239809 -0.178446 -5.03
   vertex 0.0298088 -0.160745 -5.03
  endloop
 endfacet
 facet normal 0 0 1
  outer loop
   vertex 0.00886205 -0.0387729 -5.03
   vertex 0.0178684 -0.196142 -5.03
   vertex 0.0239809 -0.178446 -5.03
  endloop
 endfacet
 facet normal 0 0 1
  outer loop
   vertex 0.00886205 -0.0387729 -5.03
   vertex 0.0115066 -0.213833 -5.03
   vertex 0.0178684 -0.196142 -5.03
  endloop
 endfacet
 facet normal 0 0 1
  outer loop
   vertex 0.00886205 -0.0387729 -5.03
   vertex 0.00500254 -0.231523 -5.03
   vertex 0.0115066 -0.213833 -5.03
  endloop
 endfacet
 facet normal 0 0 1
  outer loop
   vertex 0.00886205 -0.0387729 -5.03
   vertex -0.00392201 -0.249169 -5.03
   vertex 0.00500254 -0.231523 -5.03
  endloop
 endfacet
 facet normal 0 0 0
  outer loop
   vertex 0.00886205 -0.0387729 -5.03
   vertex -0.00392201 -0.249169 -5.03
   vertex -0.00392201 -0.249169 -5.03
  endloop
 endfacet
 facet normal 0 0 1
  outer loop
   vertex 0.00886205 -0.0387729 -5.03
   vertex -0.00880816 -0.231282 -5.03
   vertex -0.00392201 -0.249169 -5.03
  endloop
 endfacet
 facet normal 0 0 1
  outer loop
   vertex 0.00886205 -0.0387729 -5.03
   vertex -0.0102061 -0.213454 -5.03
   vertex -0.00880816 -0.231282 -5.03
  endloop
 endfacet
 facet normal 0 0 1
  outer loop
   vertex 0.00886205 -0.0387729 -5.03
   vertex -0.0115327 -0.195628 -5.03
   vertex -0.0102061 -0.213454 -5.03
  endloop
 endfacet
 facet normal 0 0 1
  outer loop
   vertex 0.00886205 -0.0387729 -5.03
   vertex -0.0127883 -0.177804 -5.03
   vertex -0.0115327 -0.195628 -5.03
  endloop
 endfacet
 facet normal 0 0 1
  outer loop
   vertex 0.00886205 -0.0387729 -5.03
   vertex -0.0139726 -0.159981 -5.03
   vertex -0.0127883 -0.177804 -5.03
  endloop
 endfacet
 facet normal 0 0 1
  outer loop
   vertex 0.00886205 -0.0387729 -5.03
   vertex -0.0150145 -0.14216 -5.03
   vertex -0.0139726 -0.159981 -5.03
  endloop
 endfacet
 facet normal 0 0 1
  outer loop
   vertex 0.00886205 -0.0387729 -5.03
   vertex -0.0159497 -0.124341 -5.03
   vertex -0.0150145 -0.14216 -5.03
  endloop
 endfacet
 facet normal 0 0 1
  outer loop
   vertex 0.00886205 -0.0387729 -5.03
   vertex -0.0168136 -0.106523 -5.03
   vertex -0.0159497 -0.124341 -5.03
  endloop
 endfacet
 facet normal 0 0 1
  outer loop
   vertex 0.00886205 -0.0387729 -5.03
   vertex -0.017642 -0.0887056 -5.03
   vertex -0.0168136 -0.106523 -5.03
  endloop
 endfacet
 facet normal 0 0 1
  outer loop
   vertex 0.00886205 -0.0387729 -5.03
   vertex -0.0183992 -0.0708897 -5.03
   vertex -0.017642 -0.0887056 -5.03
  endloop
 endfacet
 facet normal 0 0 1
  outer loop
   vertex 0.00886205 -0.0387729 -5.03
   vertex -0.019192 -0.0530731 -5.03
   vertex -0.0183992 -0.0708897 -5.03
  endloop
 endfacet
 facet normal 0 0 1
  outer loop
   vertex 0.00886205 -0.0387729 -5.03
   vertex -0.0199136 -0.0352578 -5.03
   vertex -0.019192 -0.0530731 -5.03
  endloop
 endfacet
 facet normal 0 0 1
  outer loop
   vertex 0.00886205 -0.0387729 -5.03
   vertex -0.0206707 -0.0174419 -5.03
   vertex -0.0199136 -0.0352578 -5.03
  endloop
 endfacet
 facet normal 0 0 1
  outer loop
   vertex 0.00886205 -0.0387729 -5.03
   vertex -0.0212856 0.000371541 -5.03
   vertex -0.0206707 -0.0174419 -5.03
  endloop
 endfacet
 facet normal 0 0 1
  outer loop
   vertex 0.00886205 -0.0387729 -5.03
   vertex -0.02158 0.0181794 -5.03
   vertex -0.0212856 0.000371541 -5.03
  endloop
 endfacet
 facet normal 0 0 1
  outer loop
   vertex 0.00886205 -0.0387729 -5.03
   vertex -0.0212338 0.0359761 -5.03
   vertex -0.02158 0.0181794 -5.03
  endloop
 endfacet
 facet normal 0 0 1
  outer loop
   vertex 0.00886205 -0.0387729 -5.03
   vertex -0.02014 0.0537597 -5.03
   vertex -0.0212338 0.0359761 -5.03
  endloop
 endfacet
 facet normal 0 0 1
  outer loop
   vertex 0.00886205 -0.0387729 -5.03
   vertex -0.0180852 0.0715265 -5.03
   vertex -0.02014 0.0537597 -5.03
  endloop
 endfacet
 facet normal 0 0 1
  outer loop
   vertex 0.00886205 -0.0387729 -5.03
   vertex -0.016435 0.0803991 -5.03
   vertex -0.0180852 0.0715265 -5.03
  endloop
 endfacet
 facet normal 0 0 1
  outer loop
   vertex 0.00886205 -0.0387729 -5.03
   vertex -0.0140372 0.0892586 -5.03
   vertex -0.016435 0.0803991 -5.03
  endloop
 endfacet
 facet normal 0 0 1
  outer loop
   vertex 0.00886205 -0.0387729 -5.03
   vertex -0.0100732 0.0980907 -5.03
   vertex -0.0140372 0.0892586 -5.03
  endloop
 endfacet
 facet normal 0 0 1
  outer loop
   vertex 0.00886205 -0.0387729 -5.03
   vertex -0.0070768 0.102489 -5.03
   vertex -0.0100732 0.0980907 -5.03
  endloop
 endfacet
 facet normal 0 0 1
  outer loop
   vertex 0.00886205 -0.0387729 -5.03
   vertex -0.00414704 0.105108 -5.03
   vertex -0.0070768 0.102489 -5.03
  endloop
 endfacet
 facet normal 0 0 1
  outer loop
   vertex 0.00886205 -0.0387729 -5.03
   vertex -0.00252975 0.10597 -5.03
   vertex -0.00414704 0.105108 -5.03
  endloop
 endfacet
 facet normal 0 0 1
  outer loop
   vertex 0.00886205 -0.0387729 -5.03
   vertex 0.00186392 0.106784 -5.03
   vertex -0.00252975 0.10597 -5.03
  endloop
 endfacet
 facet normal 0 0 0
  outer loop
   vertex 0.00886205 -0.0387729 -5.03
   vertex 0.00186392 0.106784 -5.03
   vertex 0.00186392 0.106784 -5.03
  endloop
 endfacet
endsolid blade
