/*--------------------------------*- C++ -*----------------------------------*\
| =========                 |                                                 |
| \\      /  F ield         | OpenFOAM: The Open Source CFD Toolbox           |
|  \\    /   O peration     | Version:  v2012                                 |
|   \\  /    A nd           | Website:  www.openfoam.com                      |
|    \\/     M anipulation  |                                                 |
\*---------------------------------------------------------------------------*/
FoamFile
{
    version     2.0;
    format      ascii;
    class       volScalarField;
    location    "90/domain0";
    object      p_rgh;
}
// * * * * * * * * * * * * * * * * * * * * * * * * * * * * * * * * * * * * * //

dimensions      [1 -1 -2 0 0 0 0];


internalField   nonuniform List<scalar> 
23101
(
105468.37
105468.37
105468.37
105468.37
105468.37
105468.37
105468.37
105468.37
105468.37
105468.37
105468.37
105468.37
105468.37
105468.37
105468.37
105468.37
105468.37
105468.37
105468.37
105468.37
105468.37
105468.37
105468.37
105468.37
105468.37
105468.37
105468.37
105468.37
105468.37
105468.37
105468.37
105468.37
105468.37
105468.37
105468.37
105468.37
105468.37
105468.37
105468.37
105468.37
105468.37
105468.37
105468.37
105468.37
105468.37
105468.37
105468.37
105468.37
105468.37
105468.37
105468.37
105468.37
105468.37
105468.37
105468.37
105468.37
105468.37
105468.37
105468.37
105468.37
105468.37
105468.37
105468.37
105468.37
105468.37
105468.37
105468.37
105468.37
105468.37
105468.37
105468.37
105468.37
105468.37
105468.37
105468.37
105468.37
105468.37
105468.37
105468.37
105468.37
105468.37
105468.37
105468.37
105468.37
105468.37
105468.37
105468.37
105468.37
105468.37
105468.37
105468.37
105468.37
105468.37
105468.37
105468.37
105468.37
105468.37
105468.37
105468.37
105468.37
105468.38
105468.38
105468.38
105468.38
105468.38
105468.38
105468.38
105468.38
105468.38
105468.38
105468.38
105468.38
105468.38
105468.38
105468.38
105468.38
105468.38
105468.38
105468.38
105468.38
105468.38
105468.38
105468.38
105468.38
105468.38
105468.38
105468.38
105468.38
105468.38
105468.38
105468.38
105468.38
105468.38
105468.38
105468.38
105468.38
105468.38
105468.38
105468.38
105468.38
105468.38
105468.38
105468.38
105468.38
105468.38
105468.38
105468.38
105468.38
105468.38
105468.38
105468.38
105468.38
105468.38
105468.38
105468.38
105468.38
105468.38
105468.38
105468.38
105468.38
105468.38
105468.38
105468.38
105468.38
105468.38
105468.38
105468.38
105468.38
105468.38
105468.38
105468.38
105468.38
105468.38
105468.38
105468.38
105468.38
105468.38
105468.38
105468.38
105468.38
105468.38
105468.38
105468.38
105468.38
105468.38
105468.38
105468.38
105468.38
105468.38
105468.38
105468.38
105468.38
105468.38
105468.38
105468.38
105468.38
105468.38
105468.38
105468.38
105468.38
105468.38
105468.38
105468.38
105468.38
105468.38
105468.38
105468.38
105468.38
105468.38
105468.38
105468.38
105468.38
105468.38
105468.38
105468.38
105468.38
105468.38
105468.38
105468.38
105468.38
105468.38
105468.38
105468.38
105468.38
105468.38
105468.38
105468.38
105468.38
105468.38
105468.38
105468.38
105468.38
105468.38
105468.38
105468.38
105468.38
105468.38
105468.38
105468.38
105468.38
105468.38
105468.38
105468.38
105468.38
105468.38
105468.38
105468.38
105468.38
105468.38
105468.38
105468.38
105468.38
105468.38
105468.38
105468.38
105468.38
105468.38
105468.38
105468.38
105468.38
105468.38
105468.38
105468.38
105468.38
105468.38
105468.38
105468.38
105468.38
105468.38
105468.38
105468.38
105468.38
105468.38
105468.38
105468.38
105468.38
105468.38
105468.38
105468.38
105468.38
105468.38
105468.38
105468.38
105468.38
105468.38
105468.38
105468.38
105468.38
105468.38
105468.38
105468.38
105468.38
105468.38
105468.38
105468.38
105468.38
105468.38
105468.38
105468.38
105468.38
105468.38
105468.38
105468.38
105468.38
105468.38
105468.38
105468.38
105468.38
105468.38
105468.38
105468.38
105468.38
105468.38
105468.38
105468.38
105468.38
105468.38
105468.38
105468.38
105468.38
105468.38
105468.38
105468.38
105468.38
105468.38
105468.38
105468.38
105468.38
105468.38
105468.38
105468.38
105468.38
105468.38
105468.38
105468.38
105468.38
105468.38
105468.38
105468.38
105468.38
105468.38
105468.38
105468.38
105468.38
105468.38
105468.38
105468.38
105468.38
105468.38
105468.38
105468.38
105468.38
105468.38
105468.38
105468.38
105468.38
105468.38
105468.38
105468.38
105468.38
105468.38
105468.38
105468.38
105468.38
105468.38
105468.38
105468.38
105468.38
105468.38
105468.38
105468.38
105468.38
105468.38
105468.38
105468.38
105468.38
105468.38
105468.38
105468.38
105468.38
105468.38
105468.38
105468.38
105468.38
105468.38
105468.38
105468.38
105468.38
105468.38
105468.38
105468.38
105468.38
105468.38
105468.38
105468.38
105468.38
105468.38
105468.38
105468.38
105468.38
105468.39
105468.38
105468.39
105468.39
105468.39
105468.39
105468.39
105468.39
105468.39
105468.39
105468.38
105468.38
105468.38
105468.39
105468.39
105468.39
105468.39
105468.39
105468.39
105468.39
105468.38
105468.38
105468.38
105468.38
105468.38
105468.38
105468.38
105468.39
105468.39
105468.38
105468.38
105468.38
105468.38
105468.38
105468.38
105468.38
105468.38
105468.38
105468.39
105468.38
105468.38
105468.38
105468.38
105468.38
105468.38
105468.38
105468.38
105468.38
105468.39
105468.38
105468.38
105468.38
105468.38
105468.38
105468.38
105468.38
105468.38
105468.39
105468.38
105468.38
105468.38
105468.38
105468.38
105468.38
105468.38
105468.38
105468.38
105468.39
105468.38
105468.38
105468.38
105468.38
105468.38
105468.38
105468.38
105468.38
105468.38
105468.39
105468.38
105468.38
105468.39
105468.39
105468.38
105468.39
105468.39
105468.39
105468.38
105468.38
105468.38
105468.38
105468.39
105468.39
105468.39
105468.39
105468.39
105468.39
105468.38
105468.38
105468.39
105468.39
105468.39
105468.39
105468.39
105468.39
105468.39
105468.39
105468.39
105468.39
105468.39
105468.38
105468.38
105468.38
105468.39
105468.39
105468.39
105468.39
105468.39
105468.39
105468.38
105468.38
105468.38
105468.38
105468.39
105468.39
105468.39
105468.39
105468.39
105468.39
105468.38
105468.38
105468.38
105468.38
105468.38
105468.39
105468.39
105468.39
105468.38
105468.38
105468.38
105468.38
105468.38
105468.38
105468.38
105468.38
105468.38
105468.39
105468.39
105468.39
105468.38
105468.38
105468.38
105468.38
105468.38
105468.38
105468.38
105468.38
105468.38
105468.38
105468.38
105468.38
105468.38
105468.38
105468.39
105468.39
105468.38
105468.38
105468.38
105468.38
105468.38
105468.39
105468.39
105468.39
105468.39
105468.38
105468.38
105468.38
105468.38
105468.38
105468.39
105468.39
105468.38
105468.38
105468.38
105468.38
105468.38
105468.38
105468.39
105468.39
105468.39
105468.39
105468.39
105468.39
105468.38
105468.39
105468.38
105468.38
105468.39
105468.38
105468.39
105468.38
105468.38
105468.39
105468.38
105468.38
105468.38
105468.38
105468.37
105468.37
105468.38
105468.38
105468.38
105468.38
105468.39
105468.38
105468.38
105468.37
105468.37
105468.37
105468.38
105468.38
105468.38
105468.38
105468.38
105468.38
105468.38
105468.37
105468.37
105468.38
105468.38
105468.38
105468.38
105468.38
105468.38
105468.38
105468.38
105468.38
105468.38
105468.38
105468.38
105468.38
105468.38
105468.38
105468.38
105468.38
105468.38
105468.38
105468.38
105468.38
105468.38
105468.38
105468.38
105468.24
105468.38
105468.38
105468.38
105468.38
105468.38
105468.38
105468.38
105468.38
105468.38
105468.38
105468.38
105468.38
105468.38
105468.38
105468.37
105468.38
105468.38
105468.38
105468.38
105468.38
105468.38
105468.38
105468.38
105468.38
105468.37
105468.38
105468.38
105468.38
105468.38
105468.38
105468.38
105468.38
105468.38
105468.37
105468.38
105468.38
105468.38
105468.38
105468.38
105468.38
105468.38
105468.38
105468.37
105468.38
105468.38
105468.38
105468.39
105468.39
105468.38
105468.38
105468.37
105468.37
105468.37
105468.38
105468.36
105468.36
105468.37
105468.37
105468.37
105468.38
105468.38
105468.37
105468.36
105468.35
105468.36
105468.36
105468.37
105468.37
105468.38
105468.38
105468.38
105468.38
105468.37
105468.36
105468.35
105468.37
105468.37
105468.37
105468.37
105468.37
105468.38
105468.37
105468.37
105468.36
105468.35
105468.37
105468.37
105468.37
105468.38
105468.38
105468.37
105468.38
105468.38
105468.37
105468.36
105468.37
105468.37
105468.38
105468.39
105468.28
105468.37
105468.38
105468.38
105468.37
105468.37
105468.37
105468.37
105468.38
105468.38
105468.38
105468.37
105468.37
105468.37
105468.37
105468.36
105468.36
105468.37
105468.37
105468.38
105468.38
105468.37
105468.37
105468.37
105468.36
105468.35
105468.35
105468.36
105468.37
105468.37
105468.37
105468.37
105468.37
105468.37
105468.35
105468.38
105468.36
105468.37
105468.38
105468.39
105468.38
105468.37
105468.37
105468.36
105468.37
105468.36
105468.39
105468.36
105468.37
105468.37
105468.36
105468.35
105468.36
105468.34
105468.38
105468.34
105468.35
105468.35
105468.35
105468.36
105468.36
105468.36
105468.34
105468.32
105468.32
105468.35
105468.33
105468.35
105468.36
105468.36
105468.36
105468.36
105468.36
105468.34
105468.34
105468.33
105468.35
105468.35
105468.36
105468.36
105468.35
105468.36
105468.36
105468.35
105468.36
105468.33
105468.36
105468.36
105468.36
105468.3
105468.3
105468.35
105468.36
105468.36
105468.36
105468.34
105468.35
105468.36
105468.37
105468.31
105468.31
105468.35
105468.36
105468.36
105468.36
105468.35
105468.35
105468.36
105468.36
105468.36
105468.36
105468.36
105468.35
105468.36
105468.36
105468.35
105468.33
105468.35
105468.36
105468.36
105468.36
105468.36
105468.36
105468.35
105468.35
105468.37
105468.31
105468.33
105468.36
105468.36
105468.36
105468.35
105468.36
105468.35
105468.33
105468.37
105468.34
105468.35
105468.38
105468.38
105468.37
105468.38
105468.37
105468.37
105468.35
105468.34
105468.39
105468.32
105468.34
105468.37
105468.35
105468.35
105468.33
105468.31
105468.36
105468.33
105468.34
105468.33
105468.33
105468.34
105468.34
105468.34
105468.31
105468.28
105468.34
105468.34
105468.31
105468.34
105468.34
105468.34
105468.34
105468.35
105468.33
105468.31
105468.38
105468.33
105468.32
105468.34
105468.34
105468.34
105468.33
105468.34
105468.34
105468.32
105468.37
105468.32
105468.33
105468.34
105468.34
105468.29
105468.29
105468.33
105468.34
105468.33
105468.36
105468.32
105468.34
105468.35
105468.35
105468.29
105468.3
105468.33
105468.33
105468.33
105468.35
105468.32
105468.33
105468.35
105468.35
105468.34
105468.34
105468.34
105468.34
105468.33
105468.35
105468.32
105468.3
105468.33
105468.35
105468.34
105468.34
105468.34
105468.34
105468.33
105468.36
105468.35
105468.29
105468.3
105468.34
105468.34
105468.33
105468.34
105468.35
105468.35
105468.32
105468.35
105468.32
105468.32
105468.35
105468.34
105468.34
105468.37
105468.39
105468.41
105468.34
105468.34
105468.32
105468.29
105468.31
105468.34
105468.35
105468.35
105468.3
105468.29
105468.35
105468.32
105468.32
105468.32
105468.3
105468.32
105468.33
105468.32
105468.28
105468.29
105468.39
105468.32
105468.3
105468.33
105468.33
105468.33
105468.32
105468.33
105468.3
105468.29
105468.34
105468.33
105468.31
105468.33
105468.33
105468.33
105468.32
105468.33
105468.32
105468.3
105468.32
105468.33
105468.31
105468.32
105468.33
105468.28
105468.28
105468.32
105468.32
105468.31
105468.34
105468.32
105468.33
105468.32
105468.33
105468.28
105468.29
105468.32
105468.32
105468.31
105468.34
105468.31
105468.32
105468.33
105468.34
105468.33
105468.32
105468.33
105468.31
105468.3
105468.36
105468.31
105468.28
105468.32
105468.33
105468.32
105468.33
105468.33
105468.32
105468.31
105468.37
105468.32
105468.24
105468.28
105468.33
105468.32
105468.32
105468.31
105468.32
105468.32
105468.34
105468.34
105468.3
105468.29
105468.29
105468.3
105468.29
105468.3
105468.35
105468.34
105468.34
105468.33
105468.27
105468.28
105468.3
105468.27
105468.3
105468.3
105468.27
105468.27
105468.35
105468.32
105468.3
105468.31
105468.29
105468.3
105468.3
105468.29
105468.27
105468.27
105468.32
105468.31
105468.31
105468.33
105468.32
105468.31
105468.31
105468.3
105468.28
105468.26
105468.27
105468.32
105468.29
105468.31
105468.32
105468.31
105468.31
105468.31
105468.3
105468.28
105468.3
105468.32
105468.29
105468.3
105468.31
105468.28
105468.27
105468.31
105468.3
105468.29
105468.34
105468.31
105468.29
105468.3
105468.31
105468.28
105468.29
105468.31
105468.3
105468.28
105468.35
105468.32
105468.29
105468.31
105468.32
105468.32
105468.31
105468.31
105468.29
105468.27
105468.34
105468.31
105468.26
105468.3
105468.32
105468.31
105468.31
105468.31
105468.3
105468.28
105468.32
105468.3
105468.21
105468.29
105468.32
105468.31
105468.31
105468.3
105468.29
105468.29
105468.35
105468.35
105468.29
105468.28
105468.26
105468.27
105468.27
105468.28
105468.3
105468.29
105468.34
105468.32
105468.27
105468.27
105468.31
105468.27
105468.25
105468.25
105468.25
105468.26
105468.37
105468.3
105468.31
105468.31
105468.29
105468.3
105468.29
105468.27
105468.25
105468.23
105468.28
105468.29
105468.31
105468.32
105468.31
105468.3
105468.3
105468.29
105468.28
105468.26
105468.26
105468.32
105468.28
105468.29
105468.3
105468.3
105468.3
105468.3
105468.3
105468.28
105468.27
105468.3
105468.3
105468.29
105468.3
105468.28
105468.27
105468.3
105468.29
105468.27
105468.28
105468.28
105468.29
105468.29
105468.29
105468.28
105468.3
105468.3
105468.3
105468.27
105468.28
105468.28
105468.27
105468.3
105468.3
105468.3
105468.3
105468.29
105468.3
105468.26
105468.31
105468.28
105468.25
105468.3
105468.3
105468.28
105468.29
105468.31
105468.31
105468.27
105468.3
105468.28
105468.21
105468.29
105468.3
105468.29
105468.3
105468.3
105468.29
105468.27
105468.34
105468.37
105468.29
105468.29
105468.27
105468.26
105468.27
105468.31
105468.32
105468.27
105468.32
105468.33
105468.28
105468.27
105468.33
105468.29
105468.27
105468.28
105468.27
105468.28
105468.41
105468.29
105468.29
105468.24
105468.25
105468.27
105468.26
105468.25
105468.23
105468.21
105468.29
105468.26
105468.25
105468.25
105468.27
105468.27
105468.27
105468.27
105468.27
105468.25
105468.3
105468.35
105468.21
105468.25
105468.26
105468.29
105468.29
105468.27
105468.27
105468.25
105468.29
105468.3
105468.25
105468.27
105468.28
105468.28
105468.27
105468.29
105468.29
105468.25
105468.27
105468.28
105468.26
105468.28
105468.28
105468.28
105468.3
105468.29
105468.26
105468.25
105468.29
105468.3
105468.27
105468.28
105468.28
105468.28
105468.29
105468.26
105468.25
105468.23
105468.36
105468.3
105468.25
105468.28
105468.28
105468.27
105468.27
105468.25
105468.26
105468.26
105468.31
105468.29
105468.21
105468.27
105468.28
105468.27
105468.26
105468.21
105468.28
105468.26
105468.26
105468.41
105468.3
105468.32
105468.29
105468.27
105468.28
105468.34
105468.34
105468.27
105468.33
105468.43
105468.31
105468.39
105468.43
105468.39
105468.38
105468.4
105468.39
105468.39
105468.51
105468.27
105468.31
105468.28
105468.24
105468.26
105468.27
105468.27
105468.26
105468.23
105468.39
105468.35
105468.35
105468.28
105468.28
105468.29
105468.29
105468.29
105468.3
105468.28
105468.42
105468.47
105468.28
105468.27
105468.28
105468.28
105468.28
105468.28
105468.29
105468.29
105468.43
105468.39
105468.25
105468.28
105468.28
105468.3
105468.29
105468.28
105468.29
105468.29
105468.41
105468.39
105468.27
105468.28
105468.28
105468.3
105468.3
105468.29
105468.3
105468.29
105468.43
105468.41
105468.27
105468.29
105468.27
105468.28
105468.29
105468.3
105468.3
105468.3
105468.47
105468.41
105468.26
105468.3
105468.29
105468.28
105468.29
105468.3
105468.35
105468.25
105468.37
105468.38
105468.22
105468.27
105468.27
105468.27
105468.27
105468.32
105468.27
105468.24
105468.27
105468.5
105468.39
105468.43
105468.4
105468.38
105468.39
105468.47
105468.42
105468.3
105468.43
105468.38
105468.38
105468.38
105468.38
105468.38
105468.38
105468.48
105468.38
105468.38
105468.38
105468.38
105468.38
105468.48
105468.38
105468.38
105468.38
105468.38
105468.38
105468.48
105468.38
105468.38
105468.38
105468.38
105468.38
105468.48
105468.38
105468.38
105468.38
105468.38
105468.38
105468.38
105468.39
105468.39
105468.38
105468.38
105468.38
105468.38
105468.38
105468.39
105468.39
105468.38
105468.39
105468.38
105468.38
105468.38
105468.38
105468.38
105468.38
105468.38
105468.38
105468.38
105468.38
105468.38
105468.38
105468.38
105468.38
105468.38
105468.38
105468.39
105468.39
105468.38
105468.39
105468.38
105468.38
105468.38
105468.38
105468.38
105468.38
105468.38
105468.38
105468.38
105468.38
105468.38
105468.38
105468.38
105468.39
105468.38
105468.38
105468.38
105468.38
105468.39
105468.39
105468.39
105468.38
105468.38
105468.38
105468.38
105468.38
105468.39
105468.39
105468.38
105468.38
105468.38
105468.38
105468.39
105468.39
105468.39
105468.39
105468.38
105468.38
105468.38
105468.38
105468.38
105468.38
105468.39
105468.38
105468.38
105468.38
105468.38
105468.38
105468.38
105468.38
105468.38
105468.38
105468.38
105468.38
105468.38
105468.38
105468.38
105468.38
105468.38
105468.38
105468.38
105468.38
105468.38
105468.38
105468.38
105468.38
105468.38
105468.38
105468.38
105468.38
105468.38
105468.38
105468.38
105468.38
105468.38
105468.38
105468.38
105468.38
105468.38
105468.38
105468.38
105468.39
105468.38
105468.38
105468.38
105468.38
105468.39
105468.39
105468.38
105468.38
105468.38
105468.38
105468.38
105468.39
105468.39
105468.38
105468.38
105468.38
105468.38
105468.39
105468.39
105468.39
105468.38
105468.38
105468.38
105468.38
105468.38
105468.38
105468.24
105468.38
105468.38
105468.39
105468.21
105468.38
105468.24
105468.38
105468.38
105468.38
105468.21
105468.39
105468.24
105468.38
105468.38
105468.39
105468.2
105468.38
105468.38
105468.38
105468.38
105468.38
105468.21
105468.38
105468.38
105468.38
105468.38
105468.4
105468.39
105468.38
105468.39
105468.4
105468.38
105468.39
105468.38
105468.39
105468.44
105468.44
105468.38
105468.38
105468.38
105468.38
105468.38
105468.38
105468.38
105468.34
105468.38
105468.38
105468.34
105468.38
105468.38
105468.38
105468.38
105468.37
105468.39
105468.38
105468.38
105468.38
105468.38
105468.39
105468.37
105468.39
105468.38
105468.38
105468.38
105468.29
105468.29
105468.22
105468.36
105468.33
105468.33
105468.38
105468.38
105468.39
105468.39
105468.38
105468.38
105468.38
105468.38
105468.38
105468.39
105468.39
105468.38
105468.38
105468.38
105468.38
105468.38
105468.39
105468.39
105468.38
105468.38
105468.38
105468.38
105468.38
105468.39
105468.39
105468.38
105468.38
105468.38
105468.38
105468.39
105468.39
105468.39
105468.38
105468.38
105468.39
105468.39
105468.39
105468.39
105468.39
105468.39
105468.39
105468.39
105468.38
105468.39
105468.39
105468.38
105468.38
105468.38
105468.38
105468.38
105468.4
105468.39
105468.38
105468.38
105468.38
105468.4
105468.39
105468.38
105468.38
105468.44
105468.44
105468.38
105468.38
105468.39
105468.39
105468.39
105468.39
105468.41
105468.39
105468.39
105468.41
105468.39
105468.39
105468.44
105468.44
105468.38
105468.38
105468.4
105468.39
105468.38
105468.39
105468.41
105468.39
105468.39
105468.39
105468.39
105468.39
105468.39
105468.39
105468.41
105468.39
105468.39
105468.38
105468.39
105468.39
105468.39
105468.38
105468.38
105468.39
105468.38
105468.39
105468.38
105468.39
105468.38
105468.38
105468.38
105468.44
105468.44
105468.38
105468.4
105468.38
105468.39
105468.38
105468.39
105468.41
105468.39
105468.39
105468.38
105468.39
105468.39
105468.39
105468.39
105468.41
105468.39
105468.39
105468.4
105468.38
105468.39
105468.38
105468.38
105468.4
105468.38
105468.39
105468.38
105468.39
105468.41
105468.39
105468.39
105468.41
105468.39
105468.39
105468.38
105468.39
105468.39
105468.39
105468.39
105468.38
105468.39
105468.39
105468.39
105468.38
105468.38
105468.39
105468.38
105468.39
105468.39
105468.39
105468.38
105468.38
105468.39
105468.38
105468.39
105468.39
105468.39
105468.38
105468.38
105468.39
105468.38
105468.39
105468.38
105468.37
105468.39
105468.38
105468.38
105468.38
105468.39
105468.38
105468.37
105468.38
105468.38
105468.38
105468.38
105468.38
105468.38
105468.37
105468.38
105468.38
105468.38
105468.38
105468.34
105468.38
105468.38
105468.34
105468.38
105468.35
105468.38
105468.29
105468.38
105468.35
105468.35
105468.38
105468.29
105468.38
105468.36
105468.27
105468.27
105468.34
105468.38
105468.38
105468.38
105468.38
105468.38
105468.38
105468.34
105468.38
105468.35
105468.38
105468.29
105468.38
105468.36
105468.27
105468.27
105468.34
105468.35
105468.38
105468.29
105468.38
105468.36
105468.38
105468.38
105468.38
105468.37
105468.38
105468.38
105468.38
105468.38
105468.38
105468.38
105468.37
105468.38
105468.38
105468.38
105468.38
105468.38
105468.38
105468.38
105468.38
105468.38
105468.34
105468.38
105468.35
105468.29
105468.38
105468.38
105468.36
105468.27
105468.27
105468.35
105468.35
105468.29
105468.38
105468.38
105468.36
105468.38
105468.34
105468.38
105468.38
105468.34
105468.38
105468.38
105468.38
105468.38
105468.38
105468.38
105468.27
105468.27
105468.34
105468.35
105468.29
105468.38
105468.38
105468.36
105468.35
105468.29
105468.38
105468.38
105468.36
105468.38
105468.38
105468.39
105468.37
105468.39
105468.38
105468.38
105468.37
105468.29
105468.29
105468.22
105468.35
105468.33
105468.32
105468.38
105468.29
105468.29
105468.22
105468.36
105468.33
105468.33
105468.38
105468.29
105468.29
105468.22
105468.35
105468.33
105468.33
105468.38
105468.38
105468.38
105468.38
105468.38
105468.38
105468.38
105468.38
105468.38
105468.38
105468.38
105468.38
105468.38
105468.38
105468.38
105468.38
105468.38
105468.38
105468.38
105468.38
105468.38
105468.38
105468.38
105468.38
105468.38
105468.38
105468.38
105468.38
105468.38
105468.38
105468.38
105468.38
105468.38
105468.38
105468.38
105468.38
105468.38
105468.38
105468.38
105468.38
105468.38
105468.38
105468.38
105468.38
105468.38
105468.38
105468.38
105468.38
105468.38
105468.38
105468.38
105468.38
105468.38
105468.38
105468.38
105468.38
105468.38
105468.38
105468.38
105468.38
105468.38
105468.38
105468.38
105468.38
105468.38
105468.38
105468.39
105468.39
105468.39
105468.39
105468.38
105468.38
105468.38
105468.38
105468.38
105468.38
105468.5
105468.38
105468.38
105468.38
105468.39
105468.38
105468.38
105468.38
105468.38
105468.38
105468.38
105468.38
105468.39
105468.39
105468.39
105468.38
105468.38
105468.38
105468.39
105468.38
105468.38
105468.38
105468.38
105468.38
105468.38
105468.39
105468.39
105468.39
105468.39
105468.39
105468.38
105468.38
105468.38
105468.38
105468.38
105468.38
105468.38
105468.38
105468.38
105468.38
105468.38
105468.38
105468.38
105468.35
105468.38
105468.38
105468.38
105468.38
105468.38
105468.38
105468.38
105468.35
105468.38
105468.38
105468.38
105468.36
105468.39
105468.38
105468.37
105468.38
105468.38
105468.39
105468.38
105468.38
105468.38
105468.38
105468.38
105468.38
105468.39
105468.38
105468.39
105468.38
105468.38
105468.38
105468.38
105468.39
105468.36
105468.39
105468.37
105468.38
105468.39
105468.39
105468.38
105468.38
105468.38
105468.38
105468.38
105468.38
105468.38
105468.38
105468.38
105468.38
105468.38
105468.38
105468.38
105468.38
105468.38
105468.38
105468.38
105468.38
105468.38
105468.38
105468.38
105468.38
105468.38
105468.38
105468.38
105468.38
105468.38
105468.38
105468.31
105468.38
105468.37
105468.38
105468.36
105468.38
105468.38
105468.38
105468.38
105468.38
105468.37
105468.38
105468.38
105468.38
105468.38
105468.38
105468.38
105468.38
105468.38
105468.38
105468.31
105468.38
105468.38
105468.37
105468.37
105468.38
105468.3
105468.25
105468.25
105468.24
105468.26
105468.27
105468.27
105468.38
105468.38
105468.38
105468.37
105468.38
105468.37
105468.38
105468.38
105468.38
105468.38
105468.38
105468.38
105468.38
105468.38
105468.38
105468.38
105468.38
105468.38
105468.38
105468.38
105468.38
105468.38
105468.38
105468.38
105468.39
105468.38
105468.38
105468.38
105468.38
105468.38
105468.38
105468.39
105468.38
105468.38
105468.38
105468.38
105468.38
105468.47
105468.47
105468.38
105468.38
105468.43
105468.38
105468.38
105468.38
105468.39
105468.38
105468.38
105468.38
105468.38
105468.38
105468.47
105468.47
105468.38
105468.38
105468.43
105468.38
105468.38
105468.38
105468.39
105468.38
105468.38
105468.38
105468.38
105468.38
105468.39
105468.38
105468.38
105468.38
105468.38
105468.38
105468.38
105468.47
105468.47
105468.38
105468.38
105468.43
105468.38
105468.38
105468.39
105468.38
105468.38
105468.38
105468.38
105468.38
105468.38
105468.47
105468.47
105468.43
105468.38
105468.38
105468.38
105468.38
105468.39
105468.38
105468.38
105468.38
105468.38
105468.38
105468.38
105468.39
105468.38
105468.38
105468.38
105468.38
105468.38
105468.38
105468.38
105468.39
105468.38
105468.38
105468.38
105468.38
105468.38
105468.38
105468.39
105468.38
105468.38
105468.39
105468.39
105468.4
105468.39
105468.39
105468.39
105468.39
105468.39
105468.39
105468.38
105468.38
105468.39
105468.38
105468.38
105468.39
105468.39
105468.4
105468.39
105468.38
105468.39
105468.39
105468.38
105468.39
105468.39
105468.39
105468.38
105468.39
105468.39
105468.39
105468.38
105468.38
105468.38
105468.39
105468.38
105468.38
105468.38
105468.38
105468.38
105468.38
105468.39
105468.38
105468.38
105468.38
105468.39
105468.4
105468.38
105468.38
105468.39
105468.39
105468.38
105468.5
105468.41
105468.41
105468.38
105468.38
105468.38
105468.38
105468.38
105468.38
105468.5
105468.41
105468.41
105468.38
105468.38
105468.38
105468.39
105468.38
105468.38
105468.38
105468.38
105468.39
105468.39
105468.38
105468.39
105468.38
105468.38
105468.38
105468.4
105468.39
105468.39
105468.39
105468.39
105468.38
105468.38
105468.38
105468.38
105468.39
105468.38
105468.38
105468.38
105468.38
105468.4
105468.38
105468.39
105468.38
105468.39
105468.38
105468.38
105468.38
105468.39
105468.38
105468.38
105468.38
105468.38
105468.5
105468.38
105468.38
105468.38
105468.38
105468.38
105468.38
105468.41
105468.41
105468.38
105468.38
105468.38
105468.38
105468.38
105468.38
105468.41
105468.41
105468.38
105468.4
105468.39
105468.38
105468.39
105468.39
105468.39
105468.38
105468.38
105468.39
105468.39
105468.38
105468.38
105468.39
105468.38
105468.38
105468.38
105468.39
105468.38
105468.38
105468.38
105468.38
105468.38
105468.39
105468.39
105468.38
105468.38
105468.39
105468.39
105468.4
105468.39
105468.39
105468.39
105468.39
105468.39
105468.39
105468.4
105468.39
105468.39
105468.39
105468.4
105468.39
105468.38
105468.38
105468.39
105468.39
105468.38
105468.38
105468.39
105468.39
105468.39
105468.38
105468.38
105468.39
105468.39
105468.38
105468.38
105468.39
105468.38
105468.36
105468.38
105468.38
105468.37
105468.38
105468.38
105468.38
105468.38
105468.38
105468.38
105468.38
105468.38
105468.38
105468.38
105468.36
105468.37
105468.38
105468.38
105468.38
105468.38
105468.38
105468.38
105468.38
105468.38
105468.38
105468.38
105468.38
105468.38
105468.38
105468.38
105468.38
105468.38
105468.38
105468.38
105468.38
105468.38
105468.38
105468.38
105468.38
105468.38
105468.38
105468.38
105468.36
105468.38
105468.37
105468.38
105468.38
105468.37
105468.38
105468.38
105468.38
105468.38
105468.38
105468.35
105468.35
105468.38
105468.38
105468.38
105468.38
105468.38
105468.37
105468.24
105468.35
105468.38
105468.38
105468.38
105468.38
105468.38
105468.37
105468.24
105468.38
105468.38
105468.38
105468.36
105468.38
105468.38
105468.37
105468.38
105468.38
105468.38
105468.38
105468.38
105468.38
105468.38
105468.38
105468.38
105468.38
105468.36
105468.37
105468.38
105468.38
105468.38
105468.38
105468.38
105468.38
105468.38
105468.38
105468.38
105468.38
105468.37
105468.38
105468.38
105468.38
105468.38
105468.38
105468.35
105468.24
105468.38
105468.38
105468.38
105468.38
105468.38
105468.37
105468.35
105468.35
105468.24
105468.38
105468.38
105468.38
105468.38
105468.38
105468.37
105468.38
105468.38
105468.39
105468.38
105468.39
105468.38
105468.38
105468.38
105468.38
105468.38
105468.38
105468.38
105468.38
105468.38
105468.38
105468.38
105468.39
105468.36
105468.38
105468.39
105468.37
105468.38
105468.38
105468.38
105468.38
105468.38
105468.38
105468.38
105468.38
105468.38
105468.39
105468.38
105468.39
105468.38
105468.38
105468.38
105468.38
105468.38
105468.38
105468.38
105468.38
105468.38
105468.38
105468.38
105468.31
105468.38
105468.37
105468.38
105468.37
105468.38
105468.38
105468.3
105468.38
105468.37
105468.38
105468.36
105468.3
105468.25
105468.25
105468.24
105468.26
105468.27
105468.27
105468.3
105468.25
105468.25
105468.24
105468.27
105468.26
105468.27
105468.38
105468.38
105468.31
105468.38
105468.37
105468.38
105468.37
105468.3
105468.25
105468.25
105468.24
105468.27
105468.26
105468.27
105468.38
105468.31
105468.38
105468.38
105468.37
105468.37
105468.38
105468.38
105468.31
105468.38
105468.38
105468.37
105468.36
105468.38
105468.38
105468.31
105468.38
105468.38
105468.37
105468.37
105468.38
105468.45
105468.48
105468.46
105468.39
105468.43
105468.38
105468.39
105468.38
105468.44
105468.42
105468.38
105468.39
105468.38
105468.43
105468.42
105468.45
105468.38
105468.39
105468.38
105468.39
105468.41
105468.43
105468.38
105468.39
105468.38
105468.39
105468.47
105468.47
105468.45
105468.48
105468.46
105468.39
105468.43
105468.38
105468.39
105468.38
105468.44
105468.42
105468.38
105468.39
105468.43
105468.38
105468.42
105468.45
105468.39
105468.38
105468.38
105468.39
105468.47
105468.47
105468.41
105468.43
105468.38
105468.39
105468.38
105468.39
105468.51
105468.41
105468.48
105468.5
105468.41
105468.48
105468.48
105468.4
105468.4
105468.47
105468.35
105468.31
105468.31
105468.37
105468.37
105468.38
105468.38
105468.38
105468.38
105468.37
105468.38
105468.38
105468.38
105468.38
105468.35
105468.38
105468.37
105468.33
105468.38
105468.38
105468.38
105468.38
105468.37
105468.33
105468.38
105468.38
105468.38
105468.38
105468.38
105468.38
105468.36
105468.34
105468.36
105468.35
105468.32
105468.38
105468.36
105468.35
105468.37
105468.38
105468.36
105468.34
105468.36
105468.35
105468.32
105468.38
105468.36
105468.35
105468.38
105468.38
105468.39
105468.38
105468.38
105468.38
105468.38
105468.38
105468.36
105468.38
105468.38
105468.38
105468.37
105468.38
105468.38
105468.38
105468.39
105468.38
105468.39
105468.38
105468.39
105468.38
105468.36
105468.38
105468.38
105468.37
105468.38
105468.38
105468.3
105468.25
105468.31
105468.31
105468.27
105468.29
105468.33
105468.3
105468.25
105468.32
105468.31
105468.27
105468.29
105468.33
105468.38
105468.44
105468.38
105468.39
105468.38
105468.38
105468.41
105468.38
105468.44
105468.38
105468.39
105468.38
105468.38
105468.41
105468.38
105468.44
105468.38
105468.39
105468.38
105468.38
105468.41
105468.38
105468.44
105468.38
105468.39
105468.38
105468.38
105468.41
105468.38
105468.44
105468.38
105468.39
105468.38
105468.38
105468.41
105468.38
105468.44
105468.38
105468.39
105468.38
105468.38
105468.41
105468.38
105468.44
105468.38
105468.39
105468.41
105468.38
105468.38
105468.38
105468.44
105468.38
105468.39
105468.41
105468.38
105468.38
105468.39
105468.4
105468.38
105468.39
105468.38
105468.39
105468.39
105468.39
105468.39
105468.39
105468.39
105468.38
105468.39
105468.39
105468.39
105468.4
105468.39
105468.39
105468.39
105468.39
105468.39
105468.39
105468.38
105468.39
105468.38
105468.39
105468.39
105468.38
105468.38
105468.4
105468.39
105468.38
105468.38
105468.39
105468.38
105468.38
105468.38
105468.39
105468.38
105468.38
105468.39
105468.38
105468.45
105468.48
105468.46
105468.4
105468.43
105468.38
105468.39
105468.44
105468.38
105468.42
105468.38
105468.39
105468.43
105468.38
105468.42
105468.45
105468.38
105468.39
105468.39
105468.38
105468.41
105468.43
105468.38
105468.39
105468.39
105468.38
105468.47
105468.47
105468.45
105468.48
105468.46
105468.4
105468.43
105468.38
105468.39
105468.44
105468.38
105468.42
105468.38
105468.39
105468.43
105468.38
105468.42
105468.45
105468.38
105468.39
105468.39
105468.38
105468.41
105468.43
105468.38
105468.39
105468.39
105468.38
105468.47
105468.47
105468.51
105468.41
105468.48
105468.51
105468.41
105468.48
105468.48
105468.4
105468.4
105468.47
105468.41
105468.45
105468.45
105468.39
105468.4
105468.38
105468.39
105468.39
105468.38
105468.4
105468.38
105468.39
105468.39
105468.38
105468.4
105468.43
105468.38
105468.39
105468.39
105468.38
105468.4
105468.43
105468.38
105468.39
105468.39
105468.38
105468.41
105468.39
105468.42
105468.39
105468.41
105468.38
105468.39
105468.4
105468.45
105468.39
105468.39
105468.41
105468.42
105468.39
105468.41
105468.38
105468.39
105468.4
105468.44
105468.39
105468.39
105468.41
105468.51
105468.41
105468.48
105468.5
105468.41
105468.48
105468.48
105468.4
105468.4
105468.47
105468.45
105468.48
105468.46
105468.4
105468.43
105468.38
105468.39
105468.38
105468.44
105468.42
105468.38
105468.39
105468.38
105468.43
105468.42
105468.45
105468.38
105468.39
105468.38
105468.39
105468.41
105468.43
105468.38
105468.39
105468.39
105468.38
105468.47
105468.47
105468.42
105468.39
105468.41
105468.38
105468.39
105468.4
105468.45
105468.39
105468.39
105468.41
105468.41
105468.45
105468.45
105468.39
105468.4
105468.38
105468.39
105468.39
105468.39
105468.4
105468.38
105468.39
105468.39
105468.39
105468.4
105468.43
105468.39
105468.39
105468.39
105468.39
105468.4
105468.43
105468.38
105468.39
105468.39
105468.39
105468.41
105468.38
105468.42
105468.39
105468.41
105468.38
105468.39
105468.4
105468.45
105468.39
105468.39
105468.41
105468.38
105468.4
105468.39
105468.38
105468.39
105468.38
105468.38
105468.39
105468.39
105468.39
105468.38
105468.39
105468.38
105468.38
105468.38
105468.4
105468.38
105468.39
105468.38
105468.38
105468.39
105468.38
105468.38
105468.39
105468.38
105468.38
105468.39
105468.38
105468.51
105468.41
105468.48
105468.51
105468.41
105468.48
105468.48
105468.4
105468.4
105468.47
105468.45
105468.48
105468.46
105468.4
105468.43
105468.38
105468.39
105468.38
105468.44
105468.43
105468.38
105468.39
105468.43
105468.38
105468.42
105468.45
105468.39
105468.38
105468.38
105468.39
105468.47
105468.47
105468.41
105468.43
105468.38
105468.39
105468.39
105468.38
105468.42
105468.39
105468.41
105468.38
105468.39
105468.4
105468.44
105468.39
105468.39
105468.41
105468.41
105468.45
105468.45
105468.39
105468.4
105468.38
105468.39
105468.39
105468.39
105468.4
105468.39
105468.39
105468.39
105468.39
105468.4
105468.43
105468.38
105468.39
105468.39
105468.39
105468.4
105468.43
105468.38
105468.39
105468.39
105468.39
105468.41
105468.39
105468.42
105468.39
105468.41
105468.39
105468.39
105468.41
105468.45
105468.39
105468.39
105468.41
105468.45
105468.48
105468.46
105468.4
105468.43
105468.38
105468.39
105468.38
105468.44
105468.42
105468.38
105468.39
105468.38
105468.43
105468.42
105468.45
105468.39
105468.38
105468.38
105468.39
105468.47
105468.47
105468.41
105468.43
105468.38
105468.39
105468.38
105468.39
105468.45
105468.48
105468.46
105468.4
105468.43
105468.38
105468.39
105468.38
105468.44
105468.43
105468.38
105468.39
105468.38
105468.43
105468.42
105468.45
105468.39
105468.38
105468.38
105468.39
105468.47
105468.47
105468.41
105468.43
105468.38
105468.39
105468.38
105468.39
105468.42
105468.39
105468.41
105468.38
105468.39
105468.4
105468.44
105468.39
105468.39
105468.41
105468.42
105468.39
105468.41
105468.38
105468.39
105468.41
105468.45
105468.39
105468.39
105468.41
105468.41
105468.45
105468.45
105468.39
105468.4
105468.39
105468.39
105468.39
105468.39
105468.4
105468.39
105468.39
105468.39
105468.39
105468.4
105468.43
105468.38
105468.39
105468.39
105468.38
105468.4
105468.43
105468.38
105468.39
105468.39
105468.39
105468.41
105468.39
105468.38
105468.4
105468.38
105468.39
105468.38
105468.38
105468.39
105468.38
105468.38
105468.39
105468.39
105468.39
105468.39
105468.38
105468.38
105468.4
105468.39
105468.38
105468.39
105468.38
105468.39
105468.39
105468.39
105468.39
105468.39
105468.39
105468.39
105468.39
105468.39
105468.4
105468.39
105468.38
105468.38
105468.39
105468.39
105468.39
105468.39
105468.39
105468.39
105468.39
105468.39
105468.39
105468.38
105468.38
105468.39
105468.38
105468.38
105468.39
105468.38
105468.38
105468.36
105468.38
105468.38
105468.38
105468.38
105468.37
105468.38
105468.38
105468.38
105468.38
105468.38
105468.38
105468.38
105468.38
105468.36
105468.38
105468.38
105468.37
105468.38
105468.38
105468.38
105468.38
105468.38
105468.38
105468.38
105468.38
105468.37
105468.38
105468.36
105468.38
105468.38
105468.38
105468.37
105468.38
105468.38
105468.38
105468.36
105468.34
105468.36
105468.35
105468.32
105468.38
105468.36
105468.35
105468.37
105468.38
105468.35
105468.34
105468.36
105468.35
105468.31
105468.38
105468.36
105468.35
105468.3
105468.3
105468.27
105468.34
105468.32
105468.38
105468.37
105468.38
105468.3
105468.3
105468.35
105468.31
105468.29
105468.37
105468.33
105468.32
105468.37
105468.38
105468.38
105468.37
105468.28
105468.28
105468.31
105468.29
105468.37
105468.32
105468.36
105468.37
105468.29
105468.3
105468.27
105468.34
105468.31
105468.37
105468.36
105468.38
105468.3
105468.3
105468.35
105468.31
105468.29
105468.36
105468.32
105468.32
105468.37
105468.38
105468.38
105468.36
105468.28
105468.27
105468.31
105468.29
105468.37
105468.32
105468.36
105468.37
105468.24
105468.29
105468.25
105468.24
105468.29
105468.25
105468.26
105468.3
105468.3
105468.26
105468.35
105468.31
105468.31
105468.37
105468.37
105468.38
105468.38
105468.38
105468.38
105468.37
105468.38
105468.38
105468.38
105468.38
105468.35
105468.38
105468.37
105468.33
105468.38
105468.38
105468.38
105468.38
105468.37
105468.33
105468.38
105468.38
105468.38
105468.38
105468.38
105468.38
105468.36
105468.34
105468.36
105468.35
105468.32
105468.38
105468.36
105468.35
105468.29
105468.3
105468.27
105468.35
105468.31
105468.38
105468.37
105468.38
105468.3
105468.3
105468.36
105468.31
105468.36
105468.29
105468.32
105468.32
105468.37
105468.38
105468.38
105468.36
105468.28
105468.28
105468.31
105468.29
105468.37
105468.32
105468.36
105468.36
105468.24
105468.29
105468.25
105468.24
105468.29
105468.25
105468.26
105468.3
105468.3
105468.26
105468.29
105468.3
105468.27
105468.35
105468.32
105468.38
105468.37
105468.38
105468.3
105468.3
105468.35
105468.31
105468.29
105468.37
105468.32
105468.32
105468.37
105468.38
105468.37
105468.38
105468.28
105468.28
105468.31
105468.29
105468.37
105468.32
105468.36
105468.37
105468.38
105468.38
105468.38
105468.38
105468.38
105468.38
105468.38
105468.38
105468.36
105468.38
105468.38
105468.38
105468.37
105468.38
105468.38
105468.38
105468.38
105468.38
105468.37
105468.38
105468.38
105468.38
105468.36
105468.38
105468.38
105468.37
105468.38
105468.38
105468.35
105468.31
105468.31
105468.37
105468.37
105468.38
105468.38
105468.38
105468.38
105468.37
105468.38
105468.38
105468.38
105468.38
105468.35
105468.38
105468.37
105468.33
105468.38
105468.38
105468.38
105468.38
105468.37
105468.33
105468.38
105468.38
105468.38
105468.38
105468.38
105468.38
105468.36
105468.34
105468.36
105468.35
105468.32
105468.38
105468.36
105468.35
105468.3
105468.3
105468.27
105468.35
105468.31
105468.38
105468.37
105468.3
105468.38
105468.3
105468.35
105468.31
105468.37
105468.29
105468.28
105468.28
105468.32
105468.32
105468.37
105468.38
105468.38
105468.37
105468.31
105468.29
105468.32
105468.37
105468.37
105468.36
105468.24
105468.29
105468.25
105468.24
105468.29
105468.25
105468.26
105468.3
105468.3
105468.26
105468.3
105468.3
105468.27
105468.35
105468.32
105468.38
105468.37
105468.3
105468.38
105468.3
105468.35
105468.31
105468.29
105468.37
105468.28
105468.28
105468.33
105468.32
105468.37
105468.38
105468.37
105468.38
105468.32
105468.29
105468.32
105468.37
105468.36
105468.37
105468.38
105468.38
105468.36
105468.34
105468.36
105468.35
105468.32
105468.38
105468.36
105468.35
105468.38
105468.38
105468.36
105468.34
105468.36
105468.35
105468.32
105468.38
105468.36
105468.35
105468.35
105468.31
105468.31
105468.37
105468.37
105468.38
105468.38
105468.38
105468.38
105468.37
105468.39
105468.38
105468.38
105468.38
105468.35
105468.38
105468.37
105468.33
105468.38
105468.38
105468.38
105468.38
105468.37
105468.33
105468.38
105468.38
105468.38
105468.38
105468.24
105468.29
105468.25
105468.24
105468.29
105468.25
105468.26
105468.3
105468.3
105468.26
105468.3
105468.3
105468.27
105468.34
105468.32
105468.38
105468.37
105468.3
105468.38
105468.3
105468.35
105468.31
105468.29
105468.36
105468.28
105468.28
105468.32
105468.32
105468.37
105468.38
105468.36
105468.38
105468.31
105468.29
105468.32
105468.37
105468.36
105468.37
105468.3
105468.3
105468.27
105468.35
105468.32
105468.38
105468.37
105468.3
105468.38
105468.31
105468.35
105468.31
105468.29
105468.37
105468.28
105468.28
105468.33
105468.32
105468.37
105468.38
105468.37
105468.38
105468.32
105468.29
105468.32
105468.37
105468.36
105468.37
105468.38
105468.38
105468.39
105468.38
105468.38
105468.39
105468.38
105468.38
105468.36
105468.38
105468.38
105468.38
105468.37
105468.38
105468.3
105468.25
105468.31
105468.32
105468.27
105468.33
105468.28
105468.3
105468.25
105468.31
105468.31
105468.27
105468.33
105468.28
105468.3
105468.25
105468.31
105468.32
105468.33
105468.27
105468.28
105468.3
105468.25
105468.31
105468.31
105468.28
105468.27
105468.33
105468.31
105468.25
105468.31
105468.32
105468.33
105468.27
105468.28
105468.31
105468.25
105468.32
105468.31
105468.28
105468.27
105468.33
105468.39
105468.38
105468.38
105468.38
105468.38
105468.38
105468.4
105468.38
105468.38
105468.38
105468.38
105468.38
105468.38
105468.38
105468.39
105468.38
105468.38
105468.38
105468.38
105468.4
105468.38
105468.38
105468.38
105468.38
105468.38
105468.38
105468.38
105468.38
105468.38
105468.38
105468.38
105468.38
105468.38
105468.38
105468.38
105468.38
105468.38
105468.38
105468.37
105468.38
105468.38
105468.37
105468.38
105468.38
105468.38
105468.37
105468.38
105468.37
105468.38
105468.25
105468.24
105468.24
105468.24
105468.24
105468.24
105468.24
105468.38
105468.38
105468.38
105468.38
105468.38
105468.38
105468.38
105468.4
105468.41
105468.48
105468.48
105468.41
105468.41
105468.48
105468.4
105468.41
105468.48
105468.48
105468.41
105468.41
105468.48
105468.4
105468.41
105468.48
105468.48
105468.41
105468.41
105468.48
105468.4
105468.41
105468.48
105468.48
105468.48
105468.41
105468.41
105468.38
105468.38
105468.38
105468.38
105468.38
105468.38
105468.38
105468.38
105468.38
105468.38
105468.38
105468.38
105468.38
105468.38
105468.39
105468.39
105468.39
105468.38
105468.39
105468.39
105468.39
105468.39
105468.38
105468.38
105468.39
105468.38
105468.39
105468.39
105468.39
105468.39
105468.39
105468.38
105468.39
105468.39
105468.39
105468.38
105468.38
105468.38
105468.38
105468.38
105468.38
105468.38
105468.39
105468.39
105468.38
105468.39
105468.39
105468.39
105468.39
105468.4
105468.38
105468.38
105468.38
105468.4
105468.38
105468.38
105468.4
105468.38
105468.38
105468.38
105468.4
105468.38
105468.38
105468.39
105468.38
105468.38
105468.38
105468.39
105468.38
105468.38
105468.39
105468.38
105468.38
105468.38
105468.38
105468.38
105468.4
105468.39
105468.39
105468.38
105468.38
105468.39
105468.39
105468.39
105468.39
105468.39
105468.38
105468.39
105468.39
105468.39
105468.39
105468.38
105468.38
105468.38
105468.38
105468.38
105468.38
105468.38
105468.39
105468.39
105468.39
105468.38
105468.39
105468.39
105468.39
105468.4
105468.38
105468.38
105468.38
105468.38
105468.4
105468.38
105468.39
105468.38
105468.38
105468.38
105468.38
105468.38
105468.39
105468.4
105468.38
105468.38
105468.38
105468.38
105468.38
105468.4
105468.4
105468.38
105468.38
105468.38
105468.38
105468.38
105468.4
105468.39
105468.38
105468.39
105468.39
105468.38
105468.39
105468.39
105468.38
105468.38
105468.38
105468.38
105468.38
105468.38
105468.38
105468.39
105468.39
105468.39
105468.38
105468.39
105468.39
105468.39
105468.39
105468.39
105468.38
105468.39
105468.39
105468.39
105468.39
105468.38
105468.38
105468.38
105468.38
105468.38
105468.38
105468.38
105468.39
105468.39
105468.38
105468.39
105468.39
105468.39
105468.39
105468.38
105468.38
105468.38
105468.37
105468.38
105468.38
105468.37
105468.38
105468.38
105468.38
105468.38
105468.38
105468.38
105468.38
105468.38
105468.38
105468.38
105468.37
105468.37
105468.38
105468.38
105468.38
105468.38
105468.38
105468.38
105468.38
105468.38
105468.38
105468.38
105468.38
105468.38
105468.37
105468.38
105468.37
105468.38
105468.38
105468.38
105468.38
105468.38
105468.38
105468.38
105468.38
105468.34
105468.38
105468.38
105468.37
105468.38
105468.33
105468.38
105468.33
105468.38
105468.38
105468.36
105468.38
105468.32
105468.37
105468.38
105468.38
105468.38
105468.38
105468.38
105468.38
105468.38
105468.34
105468.38
105468.38
105468.37
105468.37
105468.38
105468.33
105468.34
105468.38
105468.38
105468.37
105468.38
105468.32
105468.37
105468.38
105468.38
105468.38
105468.37
105468.38
105468.38
105468.37
105468.38
105468.38
105468.38
105468.38
105468.38
105468.38
105468.38
105468.38
105468.38
105468.38
105468.37
105468.37
105468.38
105468.38
105468.38
105468.38
105468.38
105468.38
105468.38
105468.38
105468.38
105468.38
105468.38
105468.38
105468.38
105468.38
105468.38
105468.38
105468.34
105468.38
105468.37
105468.38
105468.38
105468.32
105468.38
105468.34
105468.38
105468.37
105468.38
105468.32
105468.38
105468.37
105468.38
105468.39
105468.39
105468.39
105468.38
105468.38
105468.38
105468.34
105468.38
105468.37
105468.38
105468.32
105468.38
105468.37
105468.34
105468.38
105468.37
105468.38
105468.33
105468.38
105468.37
105468.38
105468.38
105468.38
105468.38
105468.38
105468.38
105468.38
105468.38
105468.38
105468.38
105468.37
105468.38
105468.38
105468.37
105468.38
105468.38
105468.38
105468.38
105468.38
105468.38
105468.38
105468.38
105468.38
105468.38
105468.38
105468.38
105468.38
105468.38
105468.25
105468.24
105468.24
105468.24
105468.24
105468.24
105468.25
105468.25
105468.24
105468.24
105468.24
105468.24
105468.24
105468.24
105468.25
105468.24
105468.24
105468.24
105468.24
105468.24
105468.24
105468.38
105468.38
105468.38
105468.38
105468.38
105468.38
105468.38
105468.38
105468.38
105468.38
105468.38
105468.38
105468.38
105468.38
105468.41
105468.39
105468.39
105468.43
105468.39
105468.42
105468.43
105468.42
105468.39
105468.4
105468.47
105468.39
105468.43
105468.46
105468.47
105468.43
105468.49
105468.47
105468.49
105468.47
105468.43
105468.49
105468.47
105468.49
105468.38
105468.38
105468.38
105468.38
105468.38
105468.38
105468.37
105468.38
105468.38
105468.38
105468.37
105468.37
105468.34
105468.35
105468.32
105468.34
105468.32
105468.38
105468.38
105468.38
105468.37
105468.37
105468.33
105468.31
105468.34
105468.34
105468.31
105468.38
105468.38
105468.38
105468.38
105468.38
105468.38
105468.38
105468.38
105468.38
105468.38
105468.38
105468.38
105468.38
105468.38
105468.32
105468.37
105468.32
105468.33
105468.28
105468.35
105468.35
105468.38
105468.38
105468.38
105468.38
105468.38
105468.38
105468.4
105468.38
105468.38
105468.39
105468.38
105468.38
105468.38
105468.4
105468.38
105468.38
105468.39
105468.38
105468.38
105468.38
105468.4
105468.38
105468.38
105468.38
105468.38
105468.4
105468.38
105468.38
105468.38
105468.38
105468.39
105468.39
105468.38
105468.38
105468.39
105468.39
105468.39
105468.39
105468.39
105468.39
105468.39
105468.39
105468.38
105468.38
105468.39
105468.39
105468.38
105468.38
105468.39
105468.42
105468.39
105468.4
105468.47
105468.39
105468.43
105468.46
105468.42
105468.39
105468.4
105468.47
105468.39
105468.43
105468.46
105468.41
105468.39
105468.39
105468.43
105468.39
105468.42
105468.43
105468.47
105468.43
105468.49
105468.47
105468.49
105468.47
105468.43
105468.49
105468.47
105468.49
105468.39
105468.39
105468.39
105468.39
105468.39
105468.39
105468.39
105468.39
105468.39
105468.39
105468.39
105468.39
105468.39
105468.39
105468.42
105468.41
105468.44
105468.41
105468.44
105468.39
105468.39
105468.39
105468.39
105468.39
105468.42
105468.41
105468.44
105468.41
105468.44
105468.38
105468.39
105468.38
105468.39
105468.39
105468.47
105468.43
105468.49
105468.49
105468.47
105468.47
105468.43
105468.49
105468.47
105468.49
105468.42
105468.39
105468.4
105468.47
105468.39
105468.46
105468.43
105468.41
105468.39
105468.39
105468.43
105468.39
105468.43
105468.42
105468.42
105468.41
105468.44
105468.44
105468.41
105468.38
105468.39
105468.38
105468.39
105468.39
105468.39
105468.38
105468.39
105468.39
105468.39
105468.39
105468.39
105468.39
105468.39
105468.39
105468.39
105468.39
105468.39
105468.39
105468.42
105468.41
105468.44
105468.44
105468.41
105468.38
105468.39
105468.38
105468.39
105468.39
105468.38
105468.38
105468.39
105468.39
105468.39
105468.38
105468.38
105468.38
105468.38
105468.39
105468.39
105468.38
105468.38
105468.39
105468.47
105468.43
105468.49
105468.49
105468.47
105468.47
105468.43
105468.49
105468.47
105468.49
105468.42
105468.39
105468.4
105468.47
105468.39
105468.46
105468.43
105468.42
105468.44
105468.41
105468.44
105468.41
105468.39
105468.39
105468.39
105468.39
105468.39
105468.39
105468.39
105468.39
105468.39
105468.39
105468.39
105468.39
105468.42
105468.44
105468.41
105468.44
105468.41
105468.39
105468.39
105468.39
105468.39
105468.39
105468.41
105468.39
105468.43
105468.39
105468.39
105468.42
105468.43
105468.42
105468.39
105468.4
105468.47
105468.39
105468.46
105468.43
105468.41
105468.39
105468.43
105468.39
105468.39
105468.42
105468.43
105468.42
105468.44
105468.41
105468.44
105468.41
105468.38
105468.39
105468.39
105468.39
105468.39
105468.42
105468.44
105468.41
105468.44
105468.41
105468.39
105468.39
105468.39
105468.39
105468.39
105468.39
105468.39
105468.39
105468.38
105468.39
105468.39
105468.39
105468.39
105468.39
105468.39
105468.39
105468.39
105468.39
105468.39
105468.38
105468.38
105468.39
105468.39
105468.38
105468.39
105468.38
105468.38
105468.38
105468.39
105468.39
105468.39
105468.38
105468.38
105468.38
105468.38
105468.39
105468.39
105468.38
105468.39
105468.38
105468.38
105468.38
105468.38
105468.38
105468.38
105468.38
105468.38
105468.38
105468.38
105468.38
105468.38
105468.38
105468.38
105468.38
105468.38
105468.38
105468.38
105468.38
105468.38
105468.38
105468.37
105468.38
105468.38
105468.38
105468.37
105468.37
105468.34
105468.35
105468.32
105468.34
105468.32
105468.38
105468.38
105468.38
105468.37
105468.37
105468.33
105468.34
105468.31
105468.34
105468.31
105468.29
105468.31
105468.27
105468.29
105468.31
105468.27
105468.28
105468.28
105468.3
105468.27
105468.29
105468.31
105468.27
105468.28
105468.26
105468.25
105468.27
105468.25
105468.26
105468.38
105468.38
105468.38
105468.37
105468.37
105468.34
105468.35
105468.32
105468.32
105468.34
105468.29
105468.31
105468.27
105468.29
105468.32
105468.28
105468.27
105468.26
105468.25
105468.27
105468.25
105468.26
105468.33
105468.36
105468.35
105468.32
105468.36
105468.32
105468.33
105468.38
105468.38
105468.38
105468.38
105468.38
105468.38
105468.38
105468.38
105468.38
105468.38
105468.38
105468.37
105468.38
105468.38
105468.38
105468.38
105468.38
105468.38
105468.38
105468.37
105468.38
105468.38
105468.38
105468.38
105468.37
105468.37
105468.34
105468.32
105468.35
105468.32
105468.34
105468.29
105468.31
105468.27
105468.3
105468.32
105468.28
105468.27
105468.26
105468.25
105468.27
105468.25
105468.26
105468.26
105468.25
105468.27
105468.25
105468.26
105468.33
105468.36
105468.32
105468.35
105468.36
105468.32
105468.33
105468.38
105468.38
105468.38
105468.37
105468.37
105468.34
105468.32
105468.34
105468.34
105468.32
105468.38
105468.38
105468.38
105468.37
105468.37
105468.34
105468.32
105468.35
105468.34
105468.32
105468.38
105468.38
105468.38
105468.38
105468.38
105468.38
105468.37
105468.38
105468.38
105468.38
105468.38
105468.38
105468.38
105468.38
105468.26
105468.25
105468.27
105468.26
105468.25
105468.26
105468.25
105468.27
105468.26
105468.25
105468.33
105468.36
105468.31
105468.35
105468.36
105468.33
105468.32
105468.29
105468.31
105468.27
105468.29
105468.31
105468.28
105468.27
105468.38
105468.38
105468.38
105468.38
105468.38
105468.38
105468.38
105468.32
105468.36
105468.32
105468.32
105468.28
105468.34
105468.35
105468.32
105468.37
105468.32
105468.32
105468.35
105468.28
105468.35
105468.33
105468.37
105468.33
105468.33
105468.35
105468.28
105468.35
105468.46
105468.44
105468.44
105468.39
105468.39
105468.39
105468.38
105468.42
105468.38
105468.38
105468.38
105468.38
105468.38
105468.38
105468.41
105468.38
105468.38
105468.38
105468.39
105468.38
105468.38
105468.41
105468.38
105468.38
105468.38
105468.39
105468.38
105468.38
105468.51
105468.51
105468.38
105468.38
105468.38
105468.38
105468.38
105468.38
105468.38
105468.38
105468.38
105468.38
105468.38
105468.38
105468.38
105468.38
105468.36
105468.35
105468.36
105468.35
105468.38
105468.38
105468.38
105468.37
105468.38
105468.37
105468.38
105468.38
105468.36
105468.38
105468.36
105468.38
105468.37
105468.38
105468.38
105468.38
105468.38
105468.37
105468.38
105468.37
105468.38
105468.38
105468.38
105468.37
105468.36
105468.37
105468.38
105468.38
105468.36
105468.33
105468.35
105468.36
105468.35
105468.37
105468.37
105468.36
105468.34
105468.35
105468.37
105468.36
105468.38
105468.37
105468.25
105468.24
105468.25
105468.26
105468.24
105468.25
105468.26
105468.25
105468.24
105468.25
105468.25
105468.24
105468.25
105468.26
105468.38
105468.38
105468.38
105468.38
105468.38
105468.38
105468.38
105468.38
105468.38
105468.38
105468.38
105468.38
105468.38
105468.38
105468.4
105468.48
105468.4
105468.46
105468.4
105468.47
105468.39
105468.4
105468.48
105468.4
105468.46
105468.4
105468.47
105468.39
105468.4
105468.48
105468.4
105468.46
105468.4
105468.48
105468.39
105468.4
105468.48
105468.4
105468.46
105468.4
105468.48
105468.39
105468.4
105468.39
105468.45
105468.45
105468.47
105468.39
105468.39
105468.38
105468.38
105468.38
105468.38
105468.38
105468.38
105468.38
105468.38
105468.38
105468.38
105468.38
105468.38
105468.38
105468.38
105468.4
105468.48
105468.4
105468.46
105468.4
105468.47
105468.39
105468.4
105468.48
105468.4
105468.46
105468.4
105468.47
105468.39
105468.38
105468.38
105468.38
105468.38
105468.38
105468.38
105468.38
105468.4
105468.48
105468.46
105468.4
105468.47
105468.4
105468.39
105468.4
105468.48
105468.46
105468.4
105468.47
105468.4
105468.39
105468.38
105468.38
105468.38
105468.38
105468.38
105468.38
105468.38
105468.38
105468.38
105468.38
105468.38
105468.38
105468.38
105468.38
105468.39
105468.4
105468.39
105468.4
105468.39
105468.4
105468.39
105468.39
105468.38
105468.39
105468.39
105468.39
105468.39
105468.39
105468.39
105468.39
105468.4
105468.39
105468.39
105468.39
105468.39
105468.38
105468.38
105468.39
105468.38
105468.38
105468.38
105468.38
105468.39
105468.4
105468.39
105468.4
105468.39
105468.4
105468.39
105468.39
105468.38
105468.39
105468.39
105468.39
105468.39
105468.39
105468.38
105468.39
105468.38
105468.39
105468.39
105468.39
105468.39
105468.38
105468.38
105468.38
105468.38
105468.38
105468.38
105468.38
105468.38
105468.38
105468.38
105468.38
105468.38
105468.38
105468.38
105468.39
105468.4
105468.4
105468.39
105468.4
105468.39
105468.39
105468.39
105468.38
105468.39
105468.39
105468.39
105468.39
105468.39
105468.39
105468.39
105468.4
105468.39
105468.39
105468.39
105468.39
105468.51
105468.51
105468.41
105468.4
105468.41
105468.4
105468.46
105468.44
105468.44
105468.39
105468.39
105468.39
105468.38
105468.41
105468.38
105468.39
105468.39
105468.39
105468.38
105468.38
105468.41
105468.38
105468.38
105468.39
105468.39
105468.38
105468.38
105468.51
105468.51
105468.41
105468.4
105468.41
105468.4
105468.38
105468.39
105468.38
105468.38
105468.38
105468.38
105468.38
105468.38
105468.39
105468.38
105468.38
105468.38
105468.38
105468.38
105468.39
105468.4
105468.4
105468.39
105468.4
105468.39
105468.39
105468.39
105468.38
105468.39
105468.39
105468.39
105468.39
105468.39
105468.39
105468.4
105468.39
105468.4
105468.39
105468.4
105468.39
105468.39
105468.38
105468.39
105468.39
105468.39
105468.39
105468.39
105468.51
105468.51
105468.46
105468.44
105468.44
105468.39
105468.39
105468.39
105468.38
105468.41
105468.38
105468.38
105468.39
105468.39
105468.38
105468.38
105468.41
105468.38
105468.38
105468.39
105468.39
105468.38
105468.38
105468.41
105468.4
105468.41
105468.4
105468.46
105468.44
105468.44
105468.39
105468.39
105468.39
105468.38
105468.42
105468.38
105468.38
105468.38
105468.38
105468.38
105468.38
105468.41
105468.38
105468.38
105468.38
105468.39
105468.38
105468.38
105468.41
105468.38
105468.38
105468.38
105468.39
105468.38
105468.38
105468.41
105468.4
105468.41
105468.4
105468.39
105468.4
105468.39
105468.4
105468.39
105468.4
105468.39
105468.39
105468.38
105468.39
105468.39
105468.39
105468.39
105468.39
105468.39
105468.39
105468.4
105468.39
105468.39
105468.39
105468.39
105468.39
105468.39
105468.39
105468.38
105468.38
105468.38
105468.39
105468.39
105468.39
105468.39
105468.38
105468.39
105468.38
105468.39
105468.39
105468.39
105468.39
105468.39
105468.39
105468.39
105468.39
105468.38
105468.38
105468.38
105468.37
105468.38
105468.37
105468.38
105468.38
105468.37
105468.38
105468.36
105468.38
105468.37
105468.38
105468.38
105468.38
105468.37
105468.36
105468.37
105468.38
105468.38
105468.38
105468.38
105468.37
105468.38
105468.37
105468.38
105468.38
105468.38
105468.37
105468.36
105468.38
105468.37
105468.38
105468.38
105468.38
105468.38
105468.38
105468.38
105468.38
105468.38
105468.38
105468.38
105468.38
105468.38
105468.37
105468.38
105468.37
105468.38
105468.38
105468.36
105468.36
105468.38
105468.36
105468.38
105468.38
105468.36
105468.35
105468.35
105468.35
105468.31
105468.31
105468.29
105468.37
105468.36
105468.36
105468.38
105468.34
105468.38
105468.38
105468.38
105468.37
105468.38
105468.38
105468.34
105468.38
105468.38
105468.38
105468.37
105468.38
105468.38
105468.24
105468.24
105468.36
105468.35
105468.32
105468.32
105468.29
105468.37
105468.36
105468.36
105468.38
105468.34
105468.38
105468.38
105468.38
105468.37
105468.38
105468.38
105468.34
105468.38
105468.38
105468.38
105468.37
105468.38
105468.38
105468.24
105468.24
105468.38
105468.38
105468.38
105468.37
105468.38
105468.37
105468.38
105468.38
105468.37
105468.38
105468.36
105468.38
105468.37
105468.38
105468.38
105468.38
105468.38
105468.38
105468.38
105468.38
105468.38
105468.38
105468.38
105468.37
105468.38
105468.37
105468.38
105468.38
105468.38
105468.36
105468.36
105468.38
105468.37
105468.38
105468.38
105468.38
105468.38
105468.37
105468.36
105468.37
105468.38
105468.38
105468.38
105468.38
105468.38
105468.38
105468.38
105468.38
105468.38
105468.36
105468.35
105468.24
105468.24
105468.31
105468.32
105468.29
105468.37
105468.36
105468.36
105468.38
105468.34
105468.38
105468.38
105468.38
105468.37
105468.38
105468.38
105468.34
105468.38
105468.38
105468.38
105468.37
105468.38
105468.38
105468.32
105468.38
105468.38
105468.37
105468.37
105468.38
105468.38
105468.36
105468.34
105468.36
105468.35
105468.24
105468.24
105468.31
105468.31
105468.29
105468.37
105468.36
105468.36
105468.38
105468.34
105468.38
105468.38
105468.38
105468.37
105468.38
105468.38
105468.34
105468.38
105468.38
105468.38
105468.38
105468.38
105468.38
105468.31
105468.38
105468.38
105468.37
105468.37
105468.38
105468.38
105468.39
105468.39
105468.38
105468.39
105468.38
105468.39
105468.39
105468.38
105468.38
105468.38
105468.38
105468.38
105468.38
105468.38
105468.38
105468.38
105468.38
105468.37
105468.38
105468.37
105468.38
105468.38
105468.38
105468.37
105468.36
105468.37
105468.38
105468.38
105468.38
105468.38
105468.38
105468.38
105468.38
105468.38
105468.38
105468.39
105468.39
105468.38
105468.39
105468.38
105468.38
105468.39
105468.36
105468.34
105468.35
105468.37
105468.36
105468.38
105468.38
105468.35
105468.33
105468.34
105468.36
105468.35
105468.37
105468.37
105468.25
105468.24
105468.25
105468.26
105468.24
105468.25
105468.26
105468.25
105468.24
105468.25
105468.26
105468.24
105468.25
105468.26
105468.26
105468.27
105468.25
105468.25
105468.25
105468.26
105468.26
105468.25
105468.24
105468.25
105468.26
105468.24
105468.25
105468.26
105468.25
105468.24
105468.26
105468.25
105468.25
105468.24
105468.26
105468.25
105468.24
105468.25
105468.26
105468.24
105468.25
105468.26
105468.25
105468.24
105468.25
105468.25
105468.25
105468.24
105468.26
105468.36
105468.33
105468.35
105468.36
105468.37
105468.38
105468.37
105468.43
105468.48
105468.47
105468.47
105468.46
105468.45
105468.47
105468.48
105468.44
105468.47
105468.46
105468.47
105468.41
105468.42
105468.42
105468.45
105468.45
105468.44
105468.47
105468.48
105468.5
105468.44
105468.44
105468.4
105468.48
105468.4
105468.48
105468.44
105468.47
105468.49
105468.48
105468.45
105468.49
105468.42
105468.39
105468.43
105468.45
105468.39
105468.41
105468.46
105468.45
105468.45
105468.46
105468.44
105468.47
105468.45
105468.43
105468.45
105468.42
105468.48
105468.49
105468.47
105468.47
105468.44
105468.45
105468.4
105468.41
105468.41
105468.45
105468.39
105468.43
105468.42
105468.41
105468.46
105468.46
105468.44
105468.44
105468.42
105468.43
105468.47
105468.47
105468.48
105468.43
105468.47
105468.47
105468.46
105468.44
105468.47
105468.46
105468.47
105468.48
105468.5
105468.44
105468.44
105468.4
105468.48
105468.4
105468.48
105468.44
105468.47
105468.49
105468.48
105468.45
105468.49
105468.42
105468.43
105468.39
105468.45
105468.4
105468.46
105468.41
105468.45
105468.45
105468.46
105468.43
105468.43
105468.4
105468.46
105468.4
105468.46
105468.43
105468.44
105468.47
105468.45
105468.43
105468.45
105468.42
105468.48
105468.49
105468.47
105468.47
105468.44
105468.45
105468.47
105468.47
105468.4
105468.41
105468.41
105468.45
105468.39
105468.43
105468.42
105468.41
105468.46
105468.46
105468.44
105468.44
105468.42
105468.43
105468.49
105468.5
105468.48
105468.51
105468.42
105468.44
105468.47
105468.49
105468.45
105468.48
105468.49
105468.47
105468.48
105468.48
105468.5
105468.48
105468.51
105468.42
105468.44
105468.47
105468.49
105468.45
105468.48
105468.49
105468.47
105468.48
105468.49
105468.45
105468.47
105468.47
105468.47
105468.39
105468.42
105468.45
105468.48
105468.4
105468.44
105468.48
105468.45
105468.45
105468.5
105468.5
105468.43
105468.5
105468.49
105468.5
105468.49
105468.34
105468.34
105468.35
105468.34
105468.33
105468.33
105468.31
105468.33
105468.33
105468.31
105468.33
105468.33
105468.36
105468.35
105468.35
105468.33
105468.34
105468.34
105468.37
105468.37
105468.38
105468.36
105468.38
105468.36
105468.37
105468.37
105468.38
105468.37
105468.38
105468.38
105468.38
105468.38
105468.38
105468.37
105468.38
105468.36
105468.35
105468.35
105468.36
105468.36
105468.37
105468.38
105468.37
105468.38
105468.38
105468.38
105468.38
105468.38
105468.37
105468.38
105468.36
105468.35
105468.35
105468.36
105468.36
105468.36
105468.37
105468.37
105468.36
105468.32
105468.35
105468.37
105468.34
105468.35
105468.36
105468.34
105468.33
105468.35
105468.34
105468.36
105468.35
105468.37
105468.35
105468.32
105468.35
105468.37
105468.34
105468.35
105468.36
105468.34
105468.33
105468.35
105468.34
105468.36
105468.35
105468.38
105468.37
105468.37
105468.36
105468.38
105468.37
105468.36
105468.35
105468.37
105468.36
105468.36
105468.36
105468.36
105468.34
105468.34
105468.34
105468.32
105468.35
105468.35
105468.33
105468.33
105468.34
105468.32
105468.34
105468.35
105468.34
105468.32
105468.34
105468.33
105468.32
105468.34
105468.38
105468.37
105468.36
105468.35
105468.37
105468.36
105468.33
105468.37
105468.36
105468.33
105468.33
105468.36
105468.34
105468.34
105468.36
105468.35
105468.34
105468.33
105468.36
105468.34
105468.33
105468.31
105468.32
105468.38
105468.37
105468.37
105468.36
105468.38
105468.37
105468.36
105468.35
105468.37
105468.36
105468.36
105468.36
105468.36
105468.33
105468.34
105468.34
105468.32
105468.35
105468.35
105468.33
105468.33
105468.34
105468.32
105468.34
105468.35
105468.34
105468.34
105468.36
105468.35
105468.34
105468.33
105468.36
105468.34
105468.33
105468.31
105468.32
105468.38
105468.38
105468.38
105468.38
105468.38
105468.38
105468.38
105468.39
105468.41
105468.39
105468.44
105468.39
105468.39
105468.41
105468.39
105468.42
105468.39
105468.44
105468.39
105468.39
105468.41
105468.39
105468.42
105468.39
105468.44
105468.39
105468.39
105468.41
105468.39
105468.42
105468.39
105468.44
105468.39
105468.39
105468.41
105468.39
105468.42
105468.44
105468.39
105468.39
105468.41
105468.39
105468.39
105468.42
105468.44
105468.39
105468.39
105468.41
105468.39
105468.39
105468.39
105468.39
105468.39
105468.39
105468.39
105468.39
105468.39
105468.39
105468.39
105468.39
105468.39
105468.39
105468.38
105468.39
105468.39
105468.4
105468.39
105468.39
105468.39
105468.39
105468.39
105468.39
105468.39
105468.39
105468.39
105468.39
105468.39
105468.43
105468.48
105468.47
105468.47
105468.46
105468.45
105468.47
105468.48
105468.44
105468.47
105468.46
105468.47
105468.41
105468.42
105468.42
105468.45
105468.45
105468.44
105468.47
105468.48
105468.5
105468.44
105468.44
105468.4
105468.48
105468.4
105468.44
105468.48
105468.47
105468.49
105468.48
105468.45
105468.49
105468.42
105468.43
105468.39
105468.45
105468.4
105468.41
105468.46
105468.45
105468.45
105468.46
105468.43
105468.43
105468.4
105468.46
105468.4
105468.43
105468.46
105468.43
105468.47
105468.45
105468.43
105468.45
105468.42
105468.48
105468.49
105468.47
105468.47
105468.44
105468.45
105468.4
105468.41
105468.41
105468.45
105468.39
105468.43
105468.42
105468.41
105468.46
105468.46
105468.44
105468.44
105468.42
105468.43
105468.47
105468.47
105468.43
105468.48
105468.47
105468.47
105468.46
105468.45
105468.47
105468.48
105468.44
105468.47
105468.46
105468.43
105468.43
105468.39
105468.47
105468.4
105468.42
105468.47
105468.47
105468.48
105468.5
105468.44
105468.44
105468.4
105468.48
105468.4
105468.44
105468.48
105468.47
105468.49
105468.48
105468.45
105468.49
105468.42
105468.43
105468.39
105468.45
105468.4
105468.41
105468.46
105468.45
105468.45
105468.46
105468.43
105468.43
105468.4
105468.46
105468.4
105468.43
105468.46
105468.44
105468.47
105468.45
105468.43
105468.45
105468.4
105468.42
105468.42
105468.48
105468.39
105468.45
105468.44
105468.42
105468.48
105468.49
105468.47
105468.47
105468.44
105468.45
105468.4
105468.41
105468.41
105468.45
105468.39
105468.43
105468.42
105468.41
105468.46
105468.46
105468.44
105468.44
105468.42
105468.43
105468.47
105468.49
105468.5
105468.48
105468.51
105468.42
105468.44
105468.47
105468.45
105468.48
105468.49
105468.49
105468.47
105468.48
105468.49
105468.5
105468.48
105468.51
105468.42
105468.44
105468.47
105468.45
105468.48
105468.49
105468.49
105468.47
105468.48
105468.49
105468.45
105468.47
105468.47
105468.47
105468.39
105468.42
105468.45
105468.4
105468.44
105468.48
105468.47
105468.39
105468.42
105468.45
105468.4
105468.44
105468.48
105468.5
105468.49
105468.5
105468.49
105468.41
105468.42
105468.42
105468.42
105468.42
105468.43
105468.45
105468.44
105468.43
105468.45
105468.44
105468.44
105468.4
105468.41
105468.41
105468.43
105468.42
105468.42
105468.39
105468.39
105468.39
105468.41
105468.39
105468.39
105468.4
105468.39
105468.38
105468.39
105468.39
105468.39
105468.39
105468.38
105468.39
105468.39
105468.39
105468.4
105468.41
105468.41
105468.4
105468.4
105468.39
105468.39
105468.39
105468.41
105468.39
105468.39
105468.4
105468.39
105468.39
105468.39
105468.39
105468.39
105468.39
105468.38
105468.39
105468.39
105468.39
105468.4
105468.41
105468.41
105468.4
105468.4
105468.39
105468.4
105468.41
105468.43
105468.39
105468.41
105468.41
105468.4
105468.42
105468.43
105468.41
105468.42
105468.4
105468.41
105468.39
105468.4
105468.41
105468.43
105468.39
105468.41
105468.41
105468.4
105468.39
105468.42
105468.42
105468.42
105468.44
105468.41
105468.41
105468.42
105468.41
105468.43
105468.44
105468.42
105468.41
105468.42
105468.38
105468.39
105468.39
105468.4
105468.39
105468.4
105468.4
105468.39
105468.4
105468.41
105468.44
105468.42
105468.43
105468.42
105468.41
105468.39
105468.4
105468.4
105468.39
105468.4
105468.41
105468.42
105468.41
105468.4
105468.4
105468.43
105468.42
105468.45
105468.44
105468.42
105468.43
105468.42
105468.42
105468.42
105468.42
105468.41
105468.42
105468.38
105468.39
105468.39
105468.4
105468.39
105468.4
105468.4
105468.39
105468.4
105468.41
105468.4
105468.4
105468.4
105468.44
105468.42
105468.43
105468.42
105468.42
105468.39
105468.4
105468.42
105468.39
105468.41
105468.43
105468.41
105468.39
105468.4
105468.41
105468.39
105468.4
105468.41
105468.42
105468.41
105468.4
105468.4
105468.43
105468.42
105468.45
105468.44
105468.42
105468.42
105468.49
105468.5
105468.48
105468.51
105468.42
105468.47
105468.44
105468.48
105468.45
105468.49
105468.49
105468.47
105468.48
105468.48
105468.5
105468.48
105468.51
105468.42
105468.44
105468.47
105468.45
105468.49
105468.48
105468.49
105468.47
105468.48
105468.49
105468.44
105468.47
105468.47
105468.47
105468.39
105468.45
105468.42
105468.44
105468.4
105468.48
105468.5
105468.49
105468.48
105468.45
105468.45
105468.43
105468.5
105468.5
105468.5
105468.49
105468.43
105468.48
105468.47
105468.47
105468.46
105468.45
105468.47
105468.48
105468.44
105468.47
105468.46
105468.47
105468.41
105468.42
105468.42
105468.45
105468.45
105468.44
105468.47
105468.5
105468.48
105468.47
105468.49
105468.48
105468.49
105468.45
105468.42
105468.45
105468.39
105468.43
105468.4
105468.41
105468.46
105468.45
105468.46
105468.45
105468.44
105468.47
105468.45
105468.43
105468.45
105468.42
105468.48
105468.49
105468.47
105468.45
105468.47
105468.44
105468.41
105468.46
105468.46
105468.44
105468.44
105468.42
105468.43
105468.47
105468.42
105468.42
105468.42
105468.42
105468.41
105468.42
105468.38
105468.39
105468.39
105468.4
105468.39
105468.4
105468.4
105468.39
105468.41
105468.4
105468.4
105468.4
105468.4
105468.44
105468.42
105468.43
105468.42
105468.42
105468.39
105468.42
105468.4
105468.41
105468.39
105468.43
105468.41
105468.39
105468.4
105468.4
105468.39
105468.41
105468.4
105468.45
105468.44
105468.42
105468.41
105468.4
105468.4
105468.43
105468.42
105468.42
105468.42
105468.4
105468.42
105468.42
105468.42
105468.42
105468.43
105468.45
105468.44
105468.43
105468.45
105468.44
105468.39
105468.39
105468.4
105468.39
105468.39
105468.39
105468.4
105468.39
105468.39
105468.38
105468.4
105468.41
105468.41
105468.4
105468.4
105468.39
105468.39
105468.39
105468.38
105468.39
105468.39
105468.39
105468.39
105468.4
105468.39
105468.39
105468.39
105468.39
105468.4
105468.39
105468.39
105468.38
105468.4
105468.41
105468.41
105468.4
105468.4
105468.39
105468.39
105468.39
105468.38
105468.39
105468.39
105468.39
105468.39
105468.4
105468.41
105468.43
105468.39
105468.41
105468.41
105468.4
105468.42
105468.43
105468.41
105468.41
105468.42
105468.4
105468.39
105468.4
105468.41
105468.43
105468.39
105468.41
105468.41
105468.4
105468.42
105468.42
105468.42
105468.42
105468.41
105468.42
105468.38
105468.39
105468.39
105468.4
105468.39
105468.4
105468.4
105468.4
105468.41
105468.39
105468.4
105468.4
105468.4
105468.44
105468.42
105468.43
105468.42
105468.42
105468.39
105468.42
105468.4
105468.41
105468.43
105468.39
105468.45
105468.44
105468.39
105468.39
105468.4
105468.39
105468.39
105468.39
105468.39
105468.39
105468.39
105468.39
105468.39
105468.39
105468.39
105468.39
105468.39
105468.39
105468.39
105468.39
105468.39
105468.39
105468.39
105468.49
105468.5
105468.48
105468.51
105468.42
105468.47
105468.44
105468.48
105468.45
105468.49
105468.49
105468.47
105468.48
105468.49
105468.5
105468.48
105468.51
105468.42
105468.44
105468.47
105468.45
105468.49
105468.48
105468.49
105468.47
105468.48
105468.49
105468.44
105468.47
105468.47
105468.47
105468.39
105468.42
105468.45
105468.4
105468.48
105468.44
105468.5
105468.49
105468.48
105468.45
105468.45
105468.43
105468.5
105468.5
105468.5
105468.49
105468.48
105468.43
105468.47
105468.47
105468.46
105468.45
105468.47
105468.48
105468.44
105468.47
105468.46
105468.47
105468.41
105468.42
105468.42
105468.45
105468.45
105468.44
105468.43
105468.39
105468.47
105468.43
105468.4
105468.42
105468.48
105468.47
105468.5
105468.48
105468.47
105468.49
105468.48
105468.49
105468.45
105468.44
105468.44
105468.4
105468.48
105468.4
105468.48
105468.44
105468.42
105468.45
105468.43
105468.39
105468.4
105468.46
105468.41
105468.43
105468.43
105468.4
105468.46
105468.4
105468.46
105468.43
105468.47
105468.47
105468.4
105468.41
105468.41
105468.45
105468.39
105468.43
105468.42
105468.41
105468.46
105468.46
105468.44
105468.44
105468.42
105468.43
105468.42
105468.42
105468.42
105468.42
105468.41
105468.42
105468.38
105468.39
105468.39
105468.4
105468.39
105468.4
105468.4
105468.39
105468.41
105468.4
105468.4
105468.4
105468.4
105468.44
105468.42
105468.43
105468.42
105468.42
105468.39
105468.42
105468.4
105468.41
105468.39
105468.43
105468.41
105468.39
105468.4
105468.41
105468.39
105468.41
105468.4
105468.45
105468.44
105468.42
105468.41
105468.4
105468.4
105468.43
105468.42
105468.42
105468.43
105468.41
105468.42
105468.42
105468.42
105468.42
105468.43
105468.45
105468.44
105468.43
105468.45
105468.44
105468.44
105468.4
105468.41
105468.41
105468.43
105468.42
105468.42
105468.39
105468.39
105468.39
105468.4
105468.41
105468.41
105468.4
105468.4
105468.39
105468.39
105468.39
105468.39
105468.39
105468.39
105468.39
105468.39
105468.41
105468.39
105468.39
105468.39
105468.39
105468.4
105468.39
105468.4
105468.38
105468.4
105468.41
105468.41
105468.4
105468.4
105468.39
105468.39
105468.39
105468.39
105468.39
105468.39
105468.39
105468.4
105468.42
105468.43
105468.41
105468.41
105468.42
105468.4
105468.39
105468.4
105468.41
105468.43
105468.39
105468.41
105468.41
105468.4
105468.42
105468.43
105468.41
105468.42
105468.4
105468.41
105468.4
105468.39
105468.42
105468.42
105468.42
105468.44
105468.41
105468.42
105468.41
105468.43
105468.44
105468.41
105468.42
105468.41
105468.42
105468.39
105468.39
105468.39
105468.4
105468.39
105468.4
105468.4
105468.4
105468.41
105468.39
105468.44
105468.42
105468.43
105468.42
105468.42
105468.39
105468.42
105468.4
105468.41
105468.43
105468.39
105468.45
105468.44
105468.42
105468.42
105468.42
105468.41
105468.4
105468.43
105468.42
105468.4
105468.48
105468.43
105468.47
105468.47
105468.46
105468.45
105468.47
105468.48
105468.44
105468.47
105468.46
105468.47
105468.41
105468.42
105468.42
105468.45
105468.45
105468.44
105468.47
105468.49
105468.48
105468.49
105468.45
105468.42
105468.39
105468.43
105468.45
105468.4
105468.46
105468.41
105468.45
105468.45
105468.46
105468.43
105468.43
105468.4
105468.46
105468.4
105468.43
105468.46
105468.44
105468.47
105468.45
105468.43
105468.45
105468.42
105468.48
105468.49
105468.47
105468.45
105468.47
105468.44
105468.47
105468.47
105468.4
105468.41
105468.41
105468.45
105468.39
105468.43
105468.42
105468.41
105468.46
105468.46
105468.44
105468.44
105468.42
105468.43
105468.48
105468.43
105468.47
105468.47
105468.46
105468.45
105468.47
105468.48
105468.44
105468.47
105468.46
105468.47
105468.41
105468.42
105468.42
105468.45
105468.45
105468.44
105468.47
105468.5
105468.48
105468.47
105468.49
105468.48
105468.49
105468.45
105468.42
105468.39
105468.43
105468.45
105468.4
105468.46
105468.41
105468.45
105468.45
105468.46
105468.43
105468.43
105468.4
105468.46
105468.4
105468.43
105468.46
105468.44
105468.47
105468.45
105468.43
105468.45
105468.4
105468.42
105468.48
105468.42
105468.39
105468.43
105468.45
105468.42
105468.48
105468.49
105468.47
105468.45
105468.47
105468.44
105468.47
105468.47
105468.42
105468.42
105468.42
105468.44
105468.41
105468.42
105468.41
105468.43
105468.44
105468.41
105468.42
105468.41
105468.42
105468.4
105468.39
105468.4
105468.4
105468.41
105468.4
105468.39
105468.4
105468.4
105468.4
105468.44
105468.42
105468.43
105468.42
105468.42
105468.39
105468.42
105468.4
105468.41
105468.43
105468.39
105468.41
105468.39
105468.41
105468.4
105468.41
105468.4
105468.39
105468.45
105468.44
105468.42
105468.43
105468.42
105468.41
105468.4
105468.43
105468.42
105468.4
105468.42
105468.42
105468.42
105468.44
105468.41
105468.42
105468.41
105468.43
105468.44
105468.41
105468.42
105468.41
105468.42
105468.38
105468.39
105468.39
105468.4
105468.39
105468.4
105468.4
105468.41
105468.4
105468.39
105468.4
105468.4
105468.4
105468.44
105468.42
105468.43
105468.42
105468.42
105468.39
105468.42
105468.4
105468.41
105468.43
105468.39
105468.45
105468.44
105468.42
105468.42
105468.42
105468.41
105468.4
105468.43
105468.42
105468.4
105468.41
105468.42
105468.42
105468.42
105468.42
105468.43
105468.45
105468.44
105468.43
105468.45
105468.44
105468.44
105468.4
105468.41
105468.41
105468.43
105468.42
105468.42
105468.39
105468.4
105468.38
105468.4
105468.41
105468.41
105468.4
105468.4
105468.39
105468.39
105468.39
105468.39
105468.39
105468.39
105468.39
105468.39
105468.41
105468.39
105468.39
105468.39
105468.39
105468.4
105468.39
105468.39
105468.39
105468.4
105468.41
105468.41
105468.4
105468.4
105468.39
105468.39
105468.39
105468.39
105468.39
105468.39
105468.39
105468.39
105468.4
105468.41
105468.43
105468.39
105468.41
105468.41
105468.39
105468.4
105468.41
105468.43
105468.39
105468.41
105468.41
105468.4
105468.39
105468.39
105468.39
105468.4
105468.39
105468.39
105468.39
105468.39
105468.39
105468.39
105468.39
105468.39
105468.39
105468.39
105468.39
105468.38
105468.38
105468.38
105468.38
105468.38
105468.38
105468.38
105468.38
105468.36
105468.38
105468.36
105468.38
105468.38
105468.36
105468.38
105468.38
105468.38
105468.38
105468.38
105468.38
105468.38
105468.38
105468.36
105468.36
105468.38
105468.38
105468.36
105468.38
105468.38
105468.38
105468.38
105468.38
105468.38
105468.38
105468.38
105468.38
105468.36
105468.36
105468.38
105468.38
105468.36
105468.38
105468.38
105468.37
105468.37
105468.36
105468.36
105468.36
105468.34
105468.34
105468.34
105468.32
105468.35
105468.35
105468.32
105468.34
105468.33
105468.32
105468.34
105468.35
105468.34
105468.32
105468.34
105468.33
105468.32
105468.34
105468.38
105468.36
105468.37
105468.36
105468.37
105468.35
105468.34
105468.33
105468.34
105468.36
105468.35
105468.36
105468.34
105468.33
105468.31
105468.32
105468.38
105468.37
105468.37
105468.36
105468.38
105468.36
105468.37
105468.36
105468.37
105468.35
105468.36
105468.36
105468.36
105468.33
105468.34
105468.33
105468.32
105468.35
105468.35
105468.32
105468.34
105468.33
105468.32
105468.34
105468.34
105468.34
105468.32
105468.34
105468.33
105468.32
105468.34
105468.38
105468.36
105468.37
105468.36
105468.37
105468.35
105468.33
105468.37
105468.36
105468.33
105468.36
105468.33
105468.34
105468.34
105468.33
105468.31
105468.32
105468.28
105468.31
105468.27
105468.29
105468.28
105468.31
105468.29
105468.29
105468.29
105468.28
105468.27
105468.28
105468.32
105468.32
105468.32
105468.3
105468.31
105468.3
105468.32
105468.35
105468.3
105468.31
105468.34
105468.33
105468.29
105468.3
105468.3
105468.3
105468.31
105468.29
105468.31
105468.31
105468.32
105468.32
105468.3
105468.33
105468.29
105468.34
105468.29
105468.31
105468.27
105468.25
105468.26
105468.28
105468.26
105468.26
105468.28
105468.25
105468.35
105468.35
105468.31
105468.34
105468.36
105468.34
105468.32
105468.34
105468.3
105468.3
105468.31
105468.32
105468.3
105468.33
105468.28
105468.3
105468.27
105468.26
105468.27
105468.28
105468.29
105468.28
105468.28
105468.31
105468.27
105468.29
105468.28
105468.31
105468.29
105468.29
105468.29
105468.28
105468.27
105468.28
105468.32
105468.32
105468.32
105468.3
105468.31
105468.3
105468.32
105468.35
105468.29
105468.31
105468.34
105468.33
105468.29
105468.3
105468.3
105468.3
105468.3
105468.29
105468.31
105468.3
105468.31
105468.31
105468.3
105468.33
105468.29
105468.33
105468.29
105468.31
105468.26
105468.25
105468.26
105468.27
105468.26
105468.26
105468.28
105468.25
105468.28
105468.29
105468.31
105468.27
105468.31
105468.27
105468.28
105468.35
105468.35
105468.31
105468.34
105468.36
105468.34
105468.32
105468.34
105468.3
105468.3
105468.31
105468.32
105468.3
105468.32
105468.28
105468.28
105468.3
105468.27
105468.26
105468.27
105468.28
105468.29
105468.28
105468.25
105468.24
105468.25
105468.24
105468.28
105468.27
105468.27
105468.26
105468.25
105468.26
105468.24
105468.26
105468.25
105468.25
105468.24
105468.25
105468.24
105468.28
105468.27
105468.27
105468.26
105468.25
105468.26
105468.24
105468.26
105468.25
105468.27
105468.31
105468.27
105468.28
105468.28
105468.26
105468.3
105468.27
105468.31
105468.27
105468.28
105468.28
105468.26
105468.3
105468.25
105468.26
105468.25
105468.26
105468.25
105468.26
105468.27
105468.24
105468.24
105468.28
105468.34
105468.34
105468.35
105468.33
105468.33
105468.33
105468.31
105468.33
105468.33
105468.31
105468.33
105468.33
105468.36
105468.35
105468.35
105468.33
105468.34
105468.34
105468.37
105468.36
105468.37
105468.38
105468.38
105468.36
105468.37
105468.37
105468.37
105468.38
105468.36
105468.35
105468.35
105468.36
105468.36
105468.38
105468.38
105468.38
105468.38
105468.38
105468.38
105468.37
105468.37
105468.38
105468.37
105468.38
105468.38
105468.38
105468.38
105468.38
105468.38
105468.37
105468.36
105468.35
105468.35
105468.36
105468.36
105468.36
105468.37
105468.36
105468.32
105468.35
105468.37
105468.35
105468.34
105468.36
105468.34
105468.33
105468.35
105468.35
105468.34
105468.36
105468.36
105468.34
105468.33
105468.35
105468.34
105468.36
105468.35
105468.38
105468.37
105468.37
105468.36
105468.38
105468.36
105468.37
105468.36
105468.35
105468.37
105468.36
105468.36
105468.36
105468.33
105468.34
105468.34
105468.32
105468.35
105468.32
105468.35
105468.33
105468.32
105468.34
105468.34
105468.35
105468.34
105468.32
105468.34
105468.33
105468.32
105468.34
105468.38
105468.36
105468.37
105468.36
105468.35
105468.37
105468.33
105468.37
105468.33
105468.36
105468.33
105468.34
105468.36
105468.34
105468.33
105468.31
105468.32
105468.34
105468.36
105468.35
105468.34
105468.33
105468.36
105468.28
105468.31
105468.27
105468.29
105468.28
105468.31
105468.29
105468.3
105468.29
105468.28
105468.27
105468.28
105468.32
105468.33
105468.32
105468.3
105468.31
105468.3
105468.3
105468.3
105468.3
105468.31
105468.29
105468.31
105468.31
105468.32
105468.32
105468.3
105468.34
105468.29
105468.34
105468.31
105468.29
105468.27
105468.26
105468.25
105468.29
105468.3
105468.32
105468.27
105468.32
105468.29
105468.27
105468.27
105468.26
105468.26
105468.28
105468.25
105468.35
105468.35
105468.31
105468.34
105468.36
105468.34
105468.32
105468.33
105468.3
105468.3
105468.31
105468.32
105468.3
105468.33
105468.28
105468.28
105468.3
105468.27
105468.26
105468.27
105468.28
105468.29
105468.28
105468.25
105468.24
105468.25
105468.24
105468.28
105468.27
105468.27
105468.26
105468.25
105468.26
105468.24
105468.26
105468.25
105468.25
105468.24
105468.25
105468.24
105468.28
105468.27
105468.27
105468.25
105468.26
105468.26
105468.24
105468.26
105468.25
105468.25
105468.29
105468.28
105468.27
105468.27
105468.31
105468.27
105468.28
105468.26
105468.28
105468.3
105468.25
105468.26
105468.25
105468.26
105468.25
105468.27
105468.27
105468.24
105468.24
105468.28
105468.28
105468.31
105468.27
105468.29
105468.28
105468.31
105468.29
105468.3
105468.29
105468.28
105468.27
105468.28
105468.33
105468.33
105468.32
105468.3
105468.31
105468.3
105468.32
105468.3
105468.35
105468.31
105468.34
105468.33
105468.29
105468.3
105468.3
105468.3
105468.31
105468.29
105468.31
105468.31
105468.32
105468.27
105468.25
105468.26
105468.28
105468.26
105468.26
105468.25
105468.28
105468.29
105468.29
105468.32
105468.27
105468.32
105468.27
105468.29
105468.35
105468.35
105468.31
105468.34
105468.36
105468.34
105468.32
105468.34
105468.3
105468.3
105468.31
105468.32
105468.3
105468.33
105468.28
105468.28
105468.3
105468.27
105468.26
105468.27
105468.28
105468.28
105468.29
105468.38
105468.38
105468.38
105468.38
105468.38
105468.38
105468.38
105468.38
105468.38
105468.38
105468.38
105468.38
105468.38
105468.38
105468.38
105468.36
105468.36
105468.38
105468.38
105468.36
105468.38
105468.34
105468.34
105468.35
105468.34
105468.34
105468.33
105468.31
105468.33
105468.33
105468.31
105468.33
105468.33
105468.36
105468.35
105468.35
105468.33
105468.34
105468.34
105468.37
105468.37
105468.38
105468.37
105468.35
105468.35
105468.36
105468.36
105468.38
105468.38
105468.38
105468.38
105468.38
105468.38
105468.37
105468.37
105468.38
105468.37
105468.38
105468.38
105468.38
105468.38
105468.38
105468.38
105468.37
105468.37
105468.35
105468.35
105468.36
105468.36
105468.36
105468.37
105468.36
105468.32
105468.35
105468.37
105468.35
105468.34
105468.36
105468.34
105468.33
105468.35
105468.35
105468.34
105468.36
105468.37
105468.36
105468.32
105468.35
105468.37
105468.35
105468.35
105468.36
105468.34
105468.33
105468.35
105468.34
105468.36
105468.35
105468.38
105468.37
105468.37
105468.36
105468.36
105468.36
105468.34
105468.34
105468.34
105468.32
105468.35
105468.33
105468.35
105468.33
105468.32
105468.34
105468.33
105468.34
105468.34
105468.33
105468.35
105468.38
105468.36
105468.37
105468.36
105468.35
105468.37
105468.33
105468.37
105468.34
105468.36
105468.33
105468.34
105468.36
105468.34
105468.33
105468.31
105468.32
105468.28
105468.27
105468.31
105468.29
105468.28
105468.31
105468.29
105468.3
105468.29
105468.28
105468.27
105468.28
105468.33
105468.33
105468.32
105468.3
105468.31
105468.3
105468.3
105468.3
105468.3
105468.31
105468.29
105468.31
105468.31
105468.32
105468.32
105468.3
105468.33
105468.29
105468.34
105468.31
105468.29
105468.29
105468.33
105468.3
105468.28
105468.33
105468.27
105468.3
105468.27
105468.26
105468.25
105468.28
105468.26
105468.26
105468.28
105468.25
105468.28
105468.28
105468.34
105468.3
105468.3
105468.31
105468.32
105468.31
105468.33
105468.32
105468.31
105468.27
105468.31
105468.34
105468.29
105468.3
105468.3
105468.27
105468.26
105468.27
105468.28
105468.29
105468.28
105468.25
105468.24
105468.25
105468.24
105468.28
105468.27
105468.27
105468.26
105468.25
105468.26
105468.24
105468.26
105468.25
105468.25
105468.24
105468.25
105468.24
105468.28
105468.27
105468.27
105468.25
105468.26
105468.26
105468.24
105468.26
105468.25
105468.25
105468.29
105468.28
105468.28
105468.27
105468.32
105468.27
105468.28
105468.29
105468.26
105468.3
105468.27
105468.31
105468.27
105468.28
105468.26
105468.28
105468.3
105468.25
105468.26
105468.25
105468.26
105468.25
105468.27
105468.27
105468.24
105468.24
105468.28
105468.28
105468.27
105468.31
105468.29
105468.29
105468.31
105468.29
105468.3
105468.29
105468.28
105468.27
105468.32
105468.3
105468.31
105468.35
105468.34
105468.29
105468.33
105468.3
105468.3
105468.3
105468.31
105468.29
105468.31
105468.31
105468.32
105468.29
105468.28
105468.3
105468.33
105468.32
105468.27
105468.3
105468.28
105468.26
105468.26
105468.25
105468.28
105468.29
105468.29
105468.32
105468.27
105468.32
105468.27
105468.29
105468.28
105468.28
105468.35
105468.35
105468.31
105468.34
105468.36
105468.34
105468.32
105468.34
105468.3
105468.3
105468.31
105468.32
105468.31
105468.33
105468.32
105468.31
105468.27
105468.31
105468.34
105468.29
105468.29
105468.31
105468.27
105468.26
105468.27
105468.28
105468.28
105468.29
105468.38
105468.37
105468.37
105468.36
105468.38
105468.37
105468.36
105468.37
105468.35
105468.36
105468.36
105468.36
105468.36
105468.33
105468.34
105468.34
105468.34
105468.35
105468.34
105468.34
105468.38
105468.37
105468.36
105468.37
105468.35
105468.36
105468.34
105468.36
105468.35
105468.36
105468.34
105468.33
105468.34
105468.33
105468.38
105468.37
105468.37
105468.36
105468.38
105468.37
105468.36
105468.37
105468.35
105468.36
105468.36
105468.36
105468.36
105468.34
105468.34
105468.34
105468.34
105468.35
105468.34
105468.34
105468.38
105468.37
105468.36
105468.37
105468.35
105468.36
105468.34
105468.36
105468.35
105468.36
105468.34
105468.33
105468.34
105468.33
105468.31
105468.32
105468.34
105468.34
105468.35
105468.34
105468.33
105468.33
105468.31
105468.33
105468.33
105468.31
105468.33
105468.33
105468.36
105468.35
105468.35
105468.33
105468.34
105468.34
105468.37
105468.37
105468.36
105468.38
105468.38
105468.36
105468.37
105468.37
105468.38
105468.36
105468.38
105468.38
105468.38
105468.38
105468.38
105468.38
105468.37
105468.36
105468.35
105468.35
105468.36
105468.36
105468.37
105468.37
105468.36
105468.38
105468.38
105468.36
105468.37
105468.37
105468.38
105468.37
105468.38
105468.38
105468.38
105468.38
105468.38
105468.38
105468.37
105468.36
105468.35
105468.35
105468.36
105468.36
105468.36
105468.37
105468.35
105468.32
105468.35
105468.37
105468.35
105468.34
105468.36
105468.34
105468.33
105468.35
105468.35
105468.34
105468.36
105468.37
105468.36
105468.32
105468.35
105468.37
105468.35
105468.34
105468.36
105468.34
105468.33
105468.35
105468.35
105468.34
105468.36
105468.25
105468.24
105468.25
105468.24
105468.28
105468.27
105468.27
105468.26
105468.25
105468.26
105468.24
105468.26
105468.25
105468.25
105468.24
105468.25
105468.24
105468.26
105468.25
105468.25
105468.29
105468.27
105468.27
105468.27
105468.31
105468.28
105468.27
105468.3
105468.26
105468.28
105468.25
105468.26
105468.25
105468.26
105468.28
105468.27
105468.31
105468.29
105468.28
105468.31
105468.29
105468.29
105468.29
105468.28
105468.27
105468.28
105468.32
105468.33
105468.32
105468.3
105468.31
105468.3
105468.32
105468.31
105468.3
105468.35
105468.34
105468.29
105468.33
105468.3
105468.3
105468.3
105468.32
105468.3
105468.33
105468.29
105468.33
105468.31
105468.29
105468.31
105468.29
105468.31
105468.31
105468.32
105468.27
105468.26
105468.25
105468.29
105468.29
105468.32
105468.27
105468.32
105468.29
105468.27
105468.28
105468.26
105468.26
105468.25
105468.28
105468.28
105468.28
105468.35
105468.35
105468.31
105468.34
105468.36
105468.34
105468.32
105468.32
105468.31
105468.27
105468.31
105468.34
105468.29
105468.29
105468.3
105468.27
105468.26
105468.27
105468.28
105468.28
105468.29
105468.28
105468.27
105468.31
105468.29
105468.28
105468.31
105468.29
105468.3
105468.29
105468.28
105468.27
105468.28
105468.33
105468.33
105468.32
105468.3
105468.31
105468.3
105468.32
105468.31
105468.3
105468.35
105468.34
105468.29
105468.33
105468.3
105468.3
105468.3
105468.32
105468.3
105468.34
105468.29
105468.34
105468.31
105468.29
105468.31
105468.29
105468.31
105468.31
105468.32
105468.29
105468.3
105468.28
105468.33
105468.32
105468.27
105468.3
105468.26
105468.26
105468.25
105468.29
105468.29
105468.32
105468.27
105468.32
105468.29
105468.27
105468.28
105468.26
105468.26
105468.25
105468.28
105468.28
105468.28
105468.35
105468.35
105468.31
105468.34
105468.36
105468.34
105468.32
105468.34
105468.3
105468.3
105468.31
105468.32
105468.31
105468.33
105468.3
105468.27
105468.26
105468.27
105468.28
105468.28
105468.29
105468.38
105468.38
105468.38
105468.38
105468.38
105468.38
105468.38
105468.38
105468.36
105468.38
105468.36
105468.38
105468.38
105468.36
105468.28
105468.26
105468.25
105468.26
105468.27
105468.27
105468.28
105468.28
105468.26
105468.25
105468.26
105468.27
105468.26
105468.27
105468.28
105468.26
105468.25
105468.26
105468.27
105468.27
105468.28
105468.28
105468.26
105468.25
105468.27
105468.27
105468.27
105468.28
105468.38
105468.38
105468.38
105468.38
105468.38
105468.38
105468.38
105468.38
105468.38
105468.38
105468.38
105468.38
105468.38
105468.38
105468.38
105468.38
105468.38
105468.38
105468.38
105468.38
105468.38
105468.38
105468.38
105468.38
105468.38
105468.38
105468.38
105468.38
105468.42
105468.39
105468.4
105468.47
105468.39
105468.43
105468.46
105468.38
105468.38
105468.38
105468.38
105468.38
105468.38
105468.37
105468.41
105468.39
105468.43
105468.39
105468.39
105468.43
105468.42
105468.39
105468.39
105468.39
105468.39
105468.39
105468.39
105468.39
105468.42
105468.39
105468.4
105468.47
105468.39
105468.46
105468.43
105468.33
105468.36
105468.35
105468.32
105468.36
105468.32
105468.33
105468.26
105468.25
105468.27
105468.25
105468.26
105468.33
105468.36
105468.35
105468.32
105468.36
105468.32
105468.33
105468.26
105468.25
105468.27
105468.25
105468.26
105468.29
105468.31
105468.27
105468.29
105468.31
105468.27
105468.28
105468.29
105468.31
105468.27
105468.29
105468.31
105468.27
105468.28
105468.29
105468.31
105468.27
105468.29
105468.31
105468.28
105468.27
105468.46
105468.38
105468.38
105468.38
105468.38
105468.38
105468.38
105468.38
105468.4
105468.39
105468.45
105468.45
105468.47
105468.39
105468.39
105468.38
105468.38
105468.38
105468.38
105468.38
105468.38
105468.38
105468.39
105468.39
105468.4
105468.39
105468.4
105468.39
105468.39
105468.46
105468.42
105468.38
105468.38
105468.39
105468.39
105468.38
105468.38
105468.39
105468.39
105468.4
105468.39
105468.39
105468.39
105468.39
105468.39
105468.39
105468.4
105468.39
105468.39
105468.39
105468.39
105468.38
105468.38
105468.38
105468.38
105468.38
105468.38
105468.38
105468.46
105468.42
105468.38
105468.38
105468.38
105468.38
105468.38
105468.38
105468.46
105468.38
105468.38
105468.38
105468.38
105468.38
105468.38
105468.38
105468.39
105468.4
105468.4
105468.39
105468.4
105468.39
105468.39
105468.39
105468.38
105468.39
105468.39
105468.39
105468.39
105468.39
105468.39
105468.39
105468.4
105468.39
105468.4
105468.39
105468.39
105468.39
105468.4
105468.4
105468.39
105468.4
105468.39
105468.39
105468.39
105468.39
105468.4
105468.39
105468.4
105468.39
105468.39
105468.38
105468.39
105468.38
105468.38
105468.39
105468.39
105468.39
105468.38
105468.38
105468.38
105468.38
105468.39
105468.38
105468.38
105468.38
105468.38
105468.38
105468.38
105468.38
105468.38
105468.38
105468.3
105468.31
105468.38
105468.38
105468.37
105468.37
105468.38
105468.38
105468.3
105468.31
105468.38
105468.38
105468.37
105468.37
105468.38
105468.38
105468.3
105468.3
105468.38
105468.37
105468.38
105468.36
105468.38
105468.37
105468.38
105468.36
105468.34
105468.35
105468.37
105468.36
105468.38
105468.37
105468.36
105468.34
105468.35
105468.37
105468.36
105468.38
105468.37
105468.36
105468.34
105468.35
105468.35
105468.37
105468.38
105468.37
105468.43
105468.39
105468.43
105468.47
105468.4
105468.42
105468.48
105468.43
105468.43
105468.4
105468.46
105468.4
105468.46
105468.43
105468.4
105468.41
105468.42
105468.48
105468.39
105468.45
105468.44
105468.45
105468.47
105468.48
105468.47
105468.41
105468.42
105468.42
105468.45
105468.45
105468.44
105468.43
105468.39
105468.43
105468.47
105468.4
105468.42
105468.47
105468.4
105468.42
105468.48
105468.42
105468.39
105468.45
105468.43
105468.47
105468.39
105468.42
105468.45
105468.48
105468.4
105468.44
105468.37
105468.37
105468.38
105468.36
105468.38
105468.36
105468.37
105468.32
105468.34
105468.34
105468.32
105468.34
105468.38
105468.37
105468.36
105468.35
105468.37
105468.36
105468.33
105468.37
105468.36
105468.33
105468.33
105468.36
105468.34
105468.43
105468.43
105468.39
105468.47
105468.4
105468.42
105468.48
105468.4
105468.42
105468.42
105468.48
105468.39
105468.45
105468.43
105468.47
105468.41
105468.42
105468.42
105468.45
105468.45
105468.44
105468.47
105468.48
105468.45
105468.45
105468.43
105468.5
105468.5
105468.4
105468.42
105468.43
105468.41
105468.42
105468.4
105468.41
105468.4
105468.4
105468.4
105468.42
105468.39
105468.4
105468.42
105468.39
105468.41
105468.43
105468.44
105468.41
105468.41
105468.42
105468.41
105468.43
105468.44
105468.47
105468.39
105468.42
105468.45
105468.4
105468.48
105468.44
105468.43
105468.39
105468.47
105468.43
105468.4
105468.42
105468.47
105468.44
105468.44
105468.4
105468.48
105468.4
105468.48
105468.44
105468.4
105468.41
105468.42
105468.48
105468.39
105468.43
105468.45
105468.4
105468.41
105468.41
105468.45
105468.39
105468.43
105468.42
105468.47
105468.44
105468.41
105468.42
105468.41
105468.43
105468.41
105468.44
105468.44
105468.4
105468.41
105468.41
105468.43
105468.42
105468.42
105468.4
105468.42
105468.43
105468.41
105468.42
105468.4
105468.41
105468.39
105468.44
105468.41
105468.42
105468.41
105468.43
105468.44
105468.41
105468.41
105468.39
105468.4
105468.4
105468.4
105468.41
105468.39
105468.42
105468.42
105468.42
105468.41
105468.4
105468.43
105468.42
105468.4
105468.47
105468.39
105468.45
105468.42
105468.44
105468.4
105468.48
105468.45
105468.46
105468.45
105468.44
105468.47
105468.45
105468.43
105468.45
105468.4
105468.41
105468.48
105468.42
105468.39
105468.43
105468.45
105468.42
105468.48
105468.49
105468.47
105468.45
105468.47
105468.44
105468.44
105468.41
105468.42
105468.41
105468.43
105468.41
105468.44
105468.39
105468.39
105468.41
105468.39
105468.39
105468.39
105468.4
105468.39
105468.4
105468.41
105468.43
105468.39
105468.41
105468.41
105468.4
105468.4
105468.4
105468.41
105468.39
105468.41
105468.4
105468.4
105468.41
105468.39
105468.43
105468.47
105468.39
105468.43
105468.4
105468.42
105468.48
105468.47
105468.5
105468.48
105468.44
105468.44
105468.4
105468.48
105468.4
105468.44
105468.48
105468.4
105468.42
105468.48
105468.42
105468.39
105468.43
105468.45
105468.43
105468.47
105468.39
105468.43
105468.4
105468.42
105468.48
105468.44
105468.44
105468.4
105468.48
105468.4
105468.44
105468.48
105468.4
105468.41
105468.41
105468.45
105468.39
105468.43
105468.42
105468.41
105468.46
105468.46
105468.44
105468.44
105468.42
105468.43
105468.38
105468.39
105468.39
105468.41
105468.39
105468.4
105468.4
105468.41
105468.4
105468.39
105468.39
105468.41
105468.39
105468.39
105468.39
105468.39
105468.4
105468.4
105468.42
105468.43
105468.41
105468.41
105468.42
105468.4
105468.4
105468.42
105468.43
105468.41
105468.41
105468.42
105468.4
105468.39
105468.39
105468.39
105468.39
105468.39
105468.39
105468.39
105468.36
105468.38
105468.36
105468.37
105468.36
105468.37
105468.35
105468.33
105468.37
105468.36
105468.34
105468.36
105468.33
105468.34
105468.34
105468.36
105468.35
105468.36
105468.34
105468.33
105468.29
105468.28
105468.3
105468.33
105468.33
105468.27
105468.3
105468.29
105468.29
105468.32
105468.27
105468.32
105468.27
105468.29
105468.28
105468.29
105468.28
105468.3
105468.33
105468.32
105468.27
105468.3
105468.25
105468.29
105468.27
105468.27
105468.37
105468.38
105468.37
105468.36
105468.38
105468.36
105468.37
105468.37
105468.32
105468.3
105468.35
105468.31
105468.34
105468.33
105468.29
105468.29
105468.33
105468.3
105468.28
105468.33
105468.27
105468.3
105468.32
105468.31
105468.31
105468.27
105468.34
105468.3
105468.3
105468.27
105468.32
105468.27
105468.28
105468.29
105468.26
105468.3
105468.32
105468.3
105468.33
105468.29
105468.33
105468.29
105468.31
105468.37
105468.36
105468.37
105468.38
105468.38
105468.36
105468.37
105468.37
105468.38
105468.37
105468.36
105468.38
105468.36
105468.37
105468.37
105468.36
105468.38
105468.36
105468.37
105468.36
105468.35
105468.37
105468.34
105468.35
105468.34
105468.34
105468.36
105468.35
105468.34
105468.33
105468.36
105468.32
105468.3
105468.31
105468.35
105468.34
105468.29
105468.33
105468.29
105468.3
105468.32
105468.27
105468.32
105468.29
105468.27
105468.35
105468.35
105468.31
105468.34
105468.36
105468.34
105468.32
105468.32
105468.3
105468.33
105468.29
105468.34
105468.29
105468.31
105468.27
105468.25
105468.26
105468.32
105468.35
105468.35
105468.32
105468.34
105468.33
105468.32
105468.32
105468.34
105468.33
105468.32
105468.33
105468.37
105468.36
105468.33
105468.36
105468.33
105468.34
105468.31
105468.32
105468.32
105468.35
105468.35
105468.32
105468.34
105468.33
105468.32
105468.32
105468.34
105468.34
105468.33
105468.34
105468.37
105468.36
105468.34
105468.36
105468.33
105468.34
105468.37
105468.24
105468.28
105468.27
105468.27
105468.26
105468.25
105468.26
105468.27
105468.31
105468.28
105468.27
105468.3
105468.26
105468.28
105468.25
105468.27
105468.27
105468.28
105468.24
105468.24
105468.29
105468.3
105468.28
105468.33
105468.32
105468.27
105468.3
105468.34
105468.3
105468.3
105468.31
105468.32
105468.3
105468.33
105468.43
105468.43
105468.46
105468.46
105468.44
105468.41
105468.42
105468.42
105468.46
105468.45
105468.43
105468.41
105468.42
105468.41
105468.46
105468.44
105468.43
105468.41
105468.43
105468.43
105468.46
105468.46
105468.44
105468.41
105468.42
105468.41
105468.46
105468.44
105468.43
105468.41
105468.42
105468.41
105468.46
105468.44
105468.43
105468.41
105468.42
105468.41
105468.46
105468.44
105468.43
105468.41
105468.42
105468.41
105468.46
105468.44
105468.43
105468.41
105468.43
105468.43
105468.46
105468.46
105468.44
105468.41
105468.42
105468.42
105468.46
105468.44
105468.43
105468.41
105468.42
105468.41
105468.46
105468.44
105468.43
105468.41
105468.33
105468.33
105468.31
105468.3
105468.32
105468.34
105468.33
105468.33
105468.31
105468.3
105468.32
105468.35
105468.31
105468.31
105468.29
105468.29
105468.31
105468.33
105468.33
105468.33
105468.31
105468.31
105468.32
105468.35
105468.33
105468.33
105468.31
105468.3
105468.32
105468.34
105468.31
105468.31
105468.29
105468.29
105468.31
105468.33
105468.33
105468.33
105468.31
105468.31
105468.32
105468.35
105468.33
105468.33
105468.31
105468.31
105468.32
105468.35
105468.31
105468.31
105468.3
105468.3
105468.31
105468.33
105468.33
105468.33
105468.31
105468.31
105468.32
105468.35
105468.33
105468.33
105468.31
105468.3
105468.32
105468.34
105468.31
105468.31
105468.29
105468.29
105468.31
105468.33
105468.38
105468.37
105468.36
105468.38
105468.37
105468.38
105468.38
105468.39
105468.39
105468.39
105468.39
105468.39
105468.39
105468.39
105468.32
105468.31
105468.31
105468.27
105468.33
105468.29
105468.29
105468.32
105468.31
105468.31
105468.27
105468.34
105468.29
105468.29
105468.28
105468.33
105468.33
105468.32
105468.3
105468.31
105468.3
105468.43
105468.43
105468.46
105468.46
105468.44
105468.41
105468.38
105468.38
105468.38
105468.38
105468.38
105468.38
105468.38
105468.38
105468.38
105468.38
105468.38
105468.38
105468.38
105468.38
105468.38
105468.38
105468.38
105468.38
105468.38
105468.38
105468.38
105468.38
105468.38
105468.38
105468.38
105468.38
105468.38
105468.38
105468.38
105468.38
105468.38
105468.38
105468.38
105468.38
105468.38
105468.38
105468.38
105468.38
105468.38
105468.38
105468.38
105468.38
105468.38
105468.38
105468.38
105468.38
105468.38
105468.38
105468.38
105468.38
105468.38
105468.38
105468.38
105468.38
105468.38
105468.38
105468.38
105468.38
105468.38
105468.38
105468.38
105468.38
105468.38
105468.38
105468.38
105468.38
105468.38
105468.38
105468.38
105468.38
105468.38
105468.38
105468.38
105468.38
105468.38
105468.38
105468.38
105468.38
105468.38
105468.38
105468.38
105468.38
105468.38
105468.38
105468.38
105468.38
105468.38
105468.38
105468.38
105468.38
105468.38
105468.38
105468.38
105468.38
105468.38
105468.38
105468.38
105468.38
105468.38
105468.38
105468.38
105468.38
105468.38
105468.38
105468.38
105468.38
105468.38
105468.38
105468.38
105468.38
105468.38
105468.38
105468.38
105468.38
105468.38
105468.38
105468.38
105468.38
105468.38
105468.38
105468.38
105468.38
105468.38
105468.38
105468.38
105468.38
105468.38
105468.38
105468.38
105468.38
105468.38
105468.38
105468.38
105468.38
105468.38
105468.38
105468.38
105468.38
105468.38
105468.38
105468.38
105468.38
105468.38
105468.38
105468.38
105468.38
105468.38
105468.38
105468.38
105468.38
105468.38
105468.38
105468.38
105468.38
105468.38
105468.38
105468.38
105468.38
105468.38
105468.38
105468.38
105468.38
105468.38
105468.38
105468.38
105468.38
105468.38
105468.38
105468.38
105468.38
105468.38
105468.38
105468.38
105468.38
105468.38
105468.38
105468.38
105468.38
105468.38
105468.38
105468.38
105468.38
105468.38
105468.38
105468.38
105468.38
105468.38
105468.38
105468.38
105468.38
105468.38
105468.38
105468.38
105468.39
105468.38
105468.38
105468.38
105468.38
105468.38
105468.39
105468.39
105468.39
105468.39
105468.38
105468.38
105468.38
105468.39
105468.39
105468.39
105468.39
105468.39
105468.38
105468.38
105468.39
105468.39
105468.39
105468.39
105468.38
105468.38
105468.38
105468.38
105468.38
105468.38
105468.38
105468.39
105468.38
105468.38
105468.38
105468.38
105468.38
105468.38
105468.38
105468.38
105468.38
105468.39
105468.39
105468.39
105468.39
105468.38
105468.38
105468.38
105468.38
105468.38
105468.38
105468.38
105468.38
105468.38
105468.38
105468.39
105468.39
105468.39
105468.39
105468.38
105468.38
105468.38
105468.38
105468.38
105468.38
105468.38
105468.38
105468.38
105468.38
105468.38
105468.38
105468.38
105468.38
105468.38
105468.38
105468.38
105468.38
105468.38
105468.38
105468.38
105468.38
105468.38
105468.38
105468.39
105468.39
105468.39
105468.39
105468.38
105468.38
105468.38
105468.38
105468.38
105468.38
105468.38
105468.38
105468.38
105468.38
105468.38
105468.38
105468.38
105468.38
105468.38
105468.38
105468.38
105468.38
105468.38
105468.38
105468.38
105468.38
105468.38
105468.38
105468.39
105468.39
105468.39
105468.39
105468.38
105468.38
105468.38
105468.39
105468.39
105468.39
105468.39
105468.38
105468.38
105468.38
105468.39
105468.39
105468.38
105468.38
105468.38
105468.38
105468.38
105468.39
105468.39
105468.39
105468.39
105468.39
105468.38
105468.39
105468.38
105468.38
105468.38
105468.38
105468.39
105468.39
105468.39
105468.38
105468.38
105468.38
105468.38
105468.39
105468.39
105468.39
105468.39
105468.39
105468.38
105468.38
105468.39
105468.39
105468.39
105468.38
105468.38
105468.38
105468.38
105468.38
105468.38
105468.38
105468.38
105468.38
105468.38
105468.38
105468.39
105468.39
105468.39
105468.39
105468.39
105468.39
105468.39
105468.38
105468.39
105468.39
105468.39
105468.38
105468.38
105468.38
105468.38
105468.38
105468.38
105468.38
105468.38
105468.38
105468.38
105468.38
105468.38
105468.38
105468.38
105468.38
105468.38
105468.38
105468.38
105468.38
105468.38
105468.38
105468.38
105468.38
105468.38
105468.38
105468.38
105468.38
105468.38
105468.38
105468.38
105468.38
105468.39
105468.39
105468.39
105468.38
105468.38
105468.38
105468.38
105468.38
105468.38
105468.38
105468.38
105468.38
105468.38
105468.38
105468.38
105468.38
105468.38
105468.38
105468.38
105468.38
105468.38
105468.38
105468.38
105468.38
105468.38
105468.38
105468.38
105468.38
105468.38
105468.38
105468.38
105468.38
105468.38
105468.38
105468.38
105468.38
105468.38
105468.38
105468.38
105468.38
105468.38
105468.38
105468.39
105468.39
105468.38
105468.38
105468.38
105468.38
105468.39
105468.39
105468.39
105468.39
105468.38
105468.38
105468.38
105468.38
105468.39
105468.39
105468.39
105468.38
105468.38
105468.38
105468.38
105468.39
105468.39
105468.39
105468.38
105468.38
105468.38
105468.38
105468.38
105468.39
105468.39
105468.38
105468.38
105468.38
105468.38
105468.38
105468.38
105468.38
105468.38
105468.38
105468.38
105468.38
105468.38
105468.38
105468.38
105468.38
105468.38
105468.38
105468.38
105468.38
105468.38
105468.38
105468.38
105468.38
105468.38
105468.38
105468.38
105468.38
105468.38
105468.38
105468.38
105468.38
105468.38
105468.38
105468.38
105468.38
105468.38
105468.38
105468.38
105468.38
105468.38
105468.38
105468.38
105468.38
105468.38
105468.38
105468.38
105468.38
105468.38
105468.38
105468.38
105468.38
105468.38
105468.38
105468.38
105468.38
105468.38
105468.38
105468.38
105468.38
105468.38
105468.38
105468.38
105468.38
105468.38
105468.38
105468.38
105468.38
105468.38
105468.38
105468.38
105468.38
105468.38
105468.38
105468.38
105468.38
105468.38
105468.38
105468.38
105468.38
105468.38
105468.38
105468.38
105468.38
105468.38
105468.38
105468.38
105468.38
105468.38
105468.38
105468.38
105468.38
105468.38
105468.38
105468.38
105468.38
105468.38
105468.38
105468.38
105468.38
105468.38
105468.38
105468.38
105468.37
105468.37
105468.37
105468.37
105468.37
105468.37
105468.36
105468.38
105468.37
105468.37
105468.37
105468.37
105468.36
105468.37
105468.37
105468.37
105468.37
105468.37
105468.37
105468.37
105468.37
105468.38
105468.38
105468.27
105468.37
105468.37
105468.37
105468.25
105468.37
105468.27
105468.38
105468.37
105468.37
105468.25
105468.37
105468.38
105468.37
105468.38
105468.36
105468.37
105468.36
105468.37
105468.37
105468.38
105468.38
105468.37
105468.37
105468.37
105468.37
105468.28
105468.38
105468.39
105468.38
105468.25
105468.38
105468.37
105468.38
105468.38
105468.37
105468.26
105468.37
105468.37
105468.36
105468.37
105468.37
105468.37
105468.36
105468.36
105468.36
105468.36
105468.38
105468.38
105468.38
105468.37
105468.37
105468.37
105468.37
105468.38
105468.38
105468.38
105468.37
105468.37
105468.37
105468.37
105468.38
105468.38
105468.38
105468.38
105468.38
105468.38
105468.38
105468.38
105468.38
105468.38
105468.38
105468.38
105468.38
105468.38
105468.38
105468.38
105468.38
105468.38
105468.38
105468.38
105468.38
105468.38
105468.38
105468.38
105468.38
105468.38
105468.38
105468.38
105468.38
105468.38
105468.38
105468.38
105468.38
105468.38
105468.38
105468.38
105468.38
105468.38
105468.38
105468.38
105468.38
105468.38
105468.38
105468.38
105468.38
105468.38
105468.38
105468.38
105468.38
105468.38
105468.38
105468.38
105468.38
105468.38
105468.38
105468.38
105468.38
105468.38
105468.38
105468.38
105468.38
105468.38
105468.38
105468.38
105468.38
105468.38
105468.38
105468.38
105468.38
105468.38
105468.38
105468.38
105468.38
105468.38
105468.38
105468.38
105468.38
105468.38
105468.38
105468.38
105468.38
105468.38
105468.38
105468.38
105468.38
105468.38
105468.38
105468.38
105468.38
105468.38
105468.38
105468.38
105468.38
105468.38
105468.38
105468.38
105468.38
105468.38
105468.38
105468.38
105468.38
105468.38
105468.38
105468.38
105468.38
105468.38
105468.38
105468.38
105468.38
105468.38
105468.38
105468.38
105468.38
105468.38
105468.38
105468.38
105468.38
105468.38
105468.38
105468.38
105468.38
105468.38
105468.38
105468.38
105468.38
105468.38
105468.38
105468.38
105468.38
105468.38
105468.38
105468.38
105468.38
105468.38
105468.38
105468.39
105468.38
105468.38
105468.38
105468.39
105468.38
105468.38
105468.39
105468.39
105468.38
105468.38
105468.39
105468.38
105468.38
105468.38
105468.38
105468.38
105468.38
105468.38
105468.38
105468.38
105468.38
105468.38
105468.38
105468.38
105468.38
105468.39
105468.39
105468.39
105468.39
105468.39
105468.39
105468.39
105468.39
105468.39
105468.39
105468.39
105468.39
105468.39
105468.39
105468.39
105468.38
105468.39
105468.39
105468.39
105468.39
105468.39
105468.38
105468.38
105468.38
105468.38
105468.38
105468.38
105468.38
105468.38
105468.38
105468.38
105468.38
105468.38
105468.38
105468.38
105468.38
105468.38
105468.38
105468.38
105468.38
105468.38
105468.38
105468.38
105468.38
105468.38
105468.38
105468.38
105468.38
105468.38
105468.38
105468.38
105468.38
105468.38
105468.38
105468.38
105468.38
105468.38
105468.38
105468.38
105468.38
105468.38
105468.38
105468.38
105468.38
105468.38
105468.38
105468.38
105468.38
105468.38
105468.38
105468.39
105468.38
105468.39
105468.39
105468.39
105468.39
105468.38
105468.39
105468.39
105468.39
105468.39
105468.39
105468.39
105468.39
105468.39
105468.39
105468.39
105468.39
105468.39
105468.38
105468.39
105468.38
105468.38
105468.38
105468.38
105468.38
105468.38
105468.38
105468.38
105468.38
105468.38
105468.38
105468.38
105468.38
105468.38
105468.38
105468.38
105468.38
105468.38
105468.38
105468.38
105468.38
105468.38
105468.38
105468.38
105468.38
105468.38
105468.38
105468.38
105468.38
105468.38
105468.38
105468.38
105468.38
105468.38
105468.38
105468.38
105468.38
105468.39
105468.39
105468.38
105468.38
105468.39
105468.38
105468.39
105468.38
105468.38
105468.39
105468.39
105468.39
105468.38
105468.38
105468.39
105468.39
105468.38
105468.38
105468.39
105468.38
105468.38
105468.38
105468.38
105468.38
105468.38
105468.38
105468.38
105468.38
105468.38
105468.38
105468.38
105468.38
105468.38
105468.38
105468.38
105468.38
105468.38
105468.39
105468.39
105468.39
105468.38
105468.38
105468.39
105468.39
105468.38
105468.38
105468.39
105468.38
105468.38
105468.39
105468.39
105468.38
105468.38
105468.39
105468.38
105468.38
105468.38
105468.38
105468.38
105468.38
105468.38
105468.39
105468.39
105468.39
105468.39
105468.39
105468.39
105468.39
105468.38
105468.38
105468.39
105468.39
105468.38
105468.38
105468.39
105468.38
105468.39
105468.39
105468.39
105468.38
105468.38
105468.39
105468.39
105468.39
105468.39
105468.39
105468.39
105468.39
105468.38
105468.38
105468.38
105468.39
105468.39
105468.39
105468.39
105468.39
105468.38
105468.38
105468.38
105468.38
105468.38
105468.38
105468.38
105468.38
105468.38
105468.38
105468.38
105468.38
105468.38
105468.38
105468.38
105468.39
105468.38
105468.38
105468.38
105468.38
105468.38
105468.38
105468.38
105468.38
105468.38
105468.38
105468.38
105468.38
105468.38
105468.38
105468.38
105468.38
105468.38
105468.38
105468.38
105468.38
105468.38
105468.38
105468.38
105468.38
105468.38
105468.38
105468.38
105468.38
105468.38
105468.38
105468.38
105468.38
105468.38
105468.38
105468.38
105468.38
105468.38
105468.38
105468.38
105468.38
105468.38
105468.38
105468.38
105468.38
105468.38
105468.38
105468.38
105468.38
105468.38
105468.38
105468.38
105468.38
105468.38
105468.38
105468.38
105468.38
105468.38
105468.38
105468.38
105468.38
105468.38
105468.38
105468.38
105468.38
105468.38
105468.38
105468.38
105468.38
105468.38
105468.38
105468.38
105468.38
105468.38
105468.38
105468.38
105468.38
105468.38
105468.38
105468.38
105468.38
105468.38
105468.38
105468.38
105468.38
105468.38
105468.38
105468.38
105468.38
105468.38
105468.38
105468.38
105468.38
105468.38
105468.38
105468.38
105468.38
105468.38
105468.38
105468.38
105468.38
105468.38
105468.38
105468.38
105468.38
105468.38
105468.38
105468.38
105468.38
105468.38
105468.38
105468.38
105468.38
105468.39
105468.38
105468.39
105468.38
105468.38
105468.39
105468.39
105468.39
105468.39
105468.39
105468.39
105468.39
105468.38
105468.39
105468.39
105468.38
105468.39
105468.38
105468.38
105468.38
105468.38
105468.38
105468.38
105468.38
105468.38
105468.38
105468.38
105468.38
105468.38
105468.38
105468.38
105468.38
105468.38
105468.38
105468.39
105468.39
105468.39
105468.39
105468.38
105468.39
105468.38
105468.39
105468.39
105468.38
105468.39
105468.38
105468.38
105468.38
105468.38
105468.38
105468.38
105468.38
105468.38
105468.38
105468.38
105468.38
105468.38
105468.38
105468.38
105468.38
105468.38
105468.39
105468.39
105468.39
105468.38
105468.39
105468.39
105468.39
105468.38
105468.39
105468.39
105468.39
105468.39
105468.38
105468.39
105468.38
105468.39
105468.39
105468.38
105468.39
105468.38
105468.39
105468.38
105468.38
105468.38
105468.38
105468.38
105468.38
105468.38
105468.38
105468.38
105468.38
105468.38
105468.38
105468.38
105468.38
105468.38
105468.38
105468.38
105468.38
105468.38
105468.38
105468.38
105468.38
105468.38
105468.38
105468.38
105468.38
105468.38
105468.38
105468.38
105468.38
105468.38
105468.38
105468.38
105468.38
105468.38
105468.38
105468.38
105468.38
105468.39
105468.38
105468.37
105468.38
105468.35
105468.23
105468.31
105468.3
105468.31
105468.3
105468.37
105468.38
105468.38
105468.38
105468.39
105468.38
105468.38
105468.38
105468.38
105468.38
105468.38
105468.37
105468.38
105468.37
105468.38
105468.36
105468.23
105468.31
105468.32
105468.31
105468.32
105468.37
105468.38
105468.38
105468.39
105468.39
105468.38
105468.39
105468.38
105468.38
105468.38
105468.38
105468.38
105468.38
105468.38
105468.38
105468.38
105468.39
105468.39
105468.38
105468.38
105468.38
105468.38
105468.37
105468.23
105468.32
105468.32
105468.32
105468.32
105468.38
105468.38
105468.38
105468.38
105468.39
105468.38
105468.39
105468.38
105468.38
105468.38
105468.38
105468.38
105468.38
105468.38
105468.38
105468.38
105468.38
105468.38
105468.38
105468.38
105468.38
105468.38
105468.36
105468.23
105468.32
105468.32
105468.32
105468.31
105468.37
105468.38
105468.38
105468.39
105468.38
105468.38
105468.38
105468.38
105468.38
105468.38
105468.38
105468.38
105468.38
105468.38
105468.38
105468.39
105468.38
105468.38
105468.38
105468.38
105468.38
105468.38
105468.39
105468.39
105468.38
105468.38
105468.38
105468.38
105468.39
105468.39
105468.39
105468.38
105468.39
105468.39
105468.39
105468.39
105468.39
105468.38
105468.38
105468.38
105468.38
105468.38
105468.38
105468.41
105468.39
105468.43
105468.39
105468.39
105468.42
105468.43
105468.39
105468.39
105468.38
105468.38
105468.38
105468.38
105468.39
105468.39
105468.39
105468.38
105468.39
105468.38
105468.39
105468.39
105468.45
105468.4
105468.39
105468.39
105468.39
105468.42
105468.42
105468.38
105468.38
105468.38
105468.38
105468.38
105468.38
105468.38
105468.38
105468.38
105468.38
105468.38
105468.38
105468.38
105468.37
105468.38
105468.38
105468.38
105468.38
105468.38
105468.38
105468.37
105468.35
105468.37
105468.38
105468.37
105468.37
105468.36
105468.35
105468.35
105468.37
105468.38
105468.38
105468.37
105468.36
105468.35
105468.38
105468.38
105468.38
105468.38
105468.38
105468.38
105468.38
105468.38
105468.38
105468.38
105468.38
105468.38
105468.38
105468.38
105468.38
105468.37
105468.38
105468.37
105468.38
105468.38
105468.37
105468.38
105468.38
105468.39
105468.39
105468.39
105468.38
105468.38
105468.38
105468.38
105468.38
105468.38
105468.38
105468.38
105468.38
105468.39
105468.39
105468.39
105468.39
105468.39
105468.39
105468.39
105468.38
105468.37
105468.37
105468.38
105468.38
105468.37
105468.38
105468.39
105468.39
105468.39
105468.39
105468.39
105468.39
105468.39
105468.38
105468.38
105468.38
105468.38
105468.38
105468.38
105468.38
105468.38
105468.38
105468.38
105468.38
105468.38
105468.38
105468.38
105468.3
105468.28
105468.29
105468.31
105468.31
105468.28
105468.29
105468.3
105468.28
105468.29
105468.31
105468.31
105468.28
105468.29
105468.28
105468.24
105468.26
105468.25
105468.26
105468.26
105468.28
105468.35
105468.35
105468.33
105468.35
105468.37
105468.36
105468.36
105468.31
105468.35
105468.32
105468.29
105468.29
105468.34
105468.31
105468.38
105468.38
105468.38
105468.38
105468.38
105468.38
105468.38
105468.39
105468.4
105468.38
105468.39
105468.38
105468.39
105468.4
105468.39
105468.4
105468.38
105468.39
105468.38
105468.39
105468.4
105468.38
105468.38
105468.38
105468.38
105468.38
105468.38
105468.38
105468.38
105468.38
105468.38
105468.38
105468.38
105468.38
105468.38
105468.38
105468.38
105468.38
105468.38
105468.38
105468.38
105468.38
105468.38
105468.4
105468.38
105468.39
105468.38
105468.39
105468.39
105468.38
105468.4
105468.38
105468.39
105468.38
105468.39
105468.4
105468.38
105468.38
105468.38
105468.38
105468.38
105468.38
105468.38
105468.38
105468.38
105468.38
105468.38
105468.38
105468.38
105468.38
105468.38
105468.38
105468.38
105468.38
105468.38
105468.38
105468.38
105468.38
105468.38
105468.38
105468.38
105468.38
105468.38
105468.38
105468.38
105468.4
105468.38
105468.39
105468.38
105468.39
105468.4
105468.38
105468.4
105468.38
105468.39
105468.38
105468.39
105468.4
105468.38
105468.38
105468.38
105468.38
105468.38
105468.38
105468.38
105468.38
105468.38
105468.38
105468.38
105468.38
105468.38
105468.38
105468.38
105468.38
105468.38
105468.38
105468.38
105468.38
105468.38
105468.38
105468.38
105468.38
105468.38
105468.38
105468.38
105468.38
105468.38
105468.4
105468.38
105468.39
105468.38
105468.4
105468.39
105468.38
105468.4
105468.38
105468.39
105468.38
105468.4
105468.39
105468.38
105468.38
105468.38
105468.38
105468.38
105468.38
105468.38
105468.38
105468.38
105468.38
105468.38
105468.38
105468.38
105468.38
105468.38
105468.38
105468.38
105468.38
105468.38
105468.38
105468.38
105468.39
105468.39
105468.39
105468.39
105468.39
105468.39
105468.39
105468.39
105468.39
105468.39
105468.39
105468.39
105468.39
105468.39
105468.39
105468.39
105468.39
105468.39
105468.39
105468.39
105468.39
105468.38
105468.38
105468.38
105468.39
105468.38
105468.38
105468.39
105468.39
105468.39
105468.39
105468.38
105468.38
105468.38
105468.38
105468.39
105468.38
105468.39
105468.39
105468.39
105468.38
105468.39
105468.39
105468.39
105468.39
105468.39
105468.39
105468.39
105468.39
105468.39
105468.39
105468.39
105468.39
105468.39
105468.39
105468.39
105468.39
105468.39
105468.39
105468.38
105468.38
105468.39
105468.38
105468.39
105468.39
105468.39
105468.39
105468.39
105468.39
105468.39
105468.39
105468.39
105468.39
105468.38
105468.39
105468.39
105468.38
105468.39
105468.39
105468.39
105468.39
105468.39
105468.39
105468.39
105468.39
105468.39
105468.39
105468.38
105468.38
105468.39
105468.38
105468.38
105468.38
105468.38
105468.38
105468.38
105468.38
105468.38
105468.38
105468.38
105468.38
105468.38
105468.38
105468.38
105468.38
105468.38
105468.38
105468.38
105468.38
105468.38
105468.38
105468.38
105468.39
105468.38
105468.38
105468.38
105468.38
105468.38
105468.38
105468.41
105468.39
105468.39
105468.43
105468.39
105468.42
105468.43
105468.39
105468.39
105468.38
105468.38
105468.38
105468.38
105468.39
105468.39
105468.39
105468.38
105468.39
105468.39
105468.38
105468.39
105468.39
105468.38
105468.38
105468.38
105468.38
105468.38
105468.38
105468.39
105468.39
105468.38
105468.38
105468.38
105468.38
105468.39
105468.39
105468.39
105468.38
105468.39
105468.39
105468.38
105468.39
105468.45
105468.4
105468.39
105468.39
105468.39
105468.42
105468.42
105468.39
105468.38
105468.38
105468.38
105468.38
105468.38
105468.38
105468.39
105468.39
105468.38
105468.39
105468.39
105468.39
105468.39
105468.39
105468.39
105468.38
105468.39
105468.39
105468.38
105468.39
105468.41
105468.39
105468.39
105468.39
105468.39
105468.4
105468.4
105468.41
105468.39
105468.39
105468.39
105468.39
105468.4
105468.4
105468.45
105468.4
105468.39
105468.39
105468.42
105468.39
105468.42
105468.39
105468.38
105468.38
105468.38
105468.38
105468.38
105468.38
105468.39
105468.39
105468.38
105468.38
105468.38
105468.38
105468.39
105468.39
105468.39
105468.38
105468.39
105468.39
105468.38
105468.39
105468.41
105468.39
105468.39
105468.39
105468.4
105468.39
105468.4
105468.39
105468.39
105468.39
105468.39
105468.39
105468.39
105468.39
105468.39
105468.39
105468.39
105468.39
105468.39
105468.39
105468.39
105468.39
105468.39
105468.38
105468.39
105468.39
105468.39
105468.39
105468.41
105468.39
105468.39
105468.39
105468.4
105468.4
105468.39
105468.39
105468.39
105468.39
105468.39
105468.39
105468.39
105468.39
105468.39
105468.39
105468.39
105468.38
105468.39
105468.39
105468.39
105468.39
105468.39
105468.39
105468.39
105468.39
105468.39
105468.39
105468.38
105468.38
105468.38
105468.38
105468.38
105468.38
105468.38
105468.39
105468.39
105468.38
105468.39
105468.39
105468.39
105468.38
105468.39
105468.39
105468.39
105468.39
105468.39
105468.39
105468.39
105468.38
105468.38
105468.38
105468.38
105468.38
105468.38
105468.38
105468.39
105468.39
105468.39
105468.38
105468.38
105468.39
105468.38
105468.38
105468.38
105468.38
105468.38
105468.38
105468.38
105468.38
105468.38
105468.38
105468.38
105468.38
105468.38
105468.38
105468.38
105468.45
105468.4
105468.39
105468.39
105468.42
105468.39
105468.42
105468.39
105468.38
105468.38
105468.38
105468.38
105468.38
105468.38
105468.39
105468.39
105468.38
105468.38
105468.38
105468.38
105468.39
105468.39
105468.39
105468.38
105468.39
105468.39
105468.38
105468.39
105468.41
105468.39
105468.39
105468.39
105468.4
105468.39
105468.4
105468.39
105468.38
105468.38
105468.38
105468.38
105468.38
105468.38
105468.39
105468.39
105468.38
105468.39
105468.39
105468.39
105468.39
105468.39
105468.39
105468.38
105468.39
105468.39
105468.39
105468.39
105468.41
105468.39
105468.39
105468.39
105468.4
105468.4
105468.39
105468.39
105468.38
105468.38
105468.38
105468.38
105468.38
105468.38
105468.39
105468.39
105468.38
105468.38
105468.38
105468.38
105468.39
105468.39
105468.39
105468.38
105468.39
105468.38
105468.39
105468.39
105468.39
105468.38
105468.38
105468.38
105468.38
105468.38
105468.38
105468.39
105468.39
105468.38
105468.38
105468.38
105468.38
105468.39
105468.39
105468.39
105468.38
105468.39
105468.38
105468.39
105468.39
105468.41
105468.39
105468.39
105468.39
105468.4
105468.4
105468.39
105468.41
105468.39
105468.39
105468.39
105468.4
105468.4
105468.39
105468.39
105468.38
105468.38
105468.38
105468.38
105468.38
105468.38
105468.39
105468.39
105468.38
105468.39
105468.39
105468.39
105468.39
105468.39
105468.39
105468.38
105468.39
105468.39
105468.39
105468.39
105468.39
105468.39
105468.39
105468.39
105468.39
105468.39
105468.39
105468.39
105468.39
105468.39
105468.39
105468.39
105468.39
105468.39
105468.39
105468.39
105468.39
105468.39
105468.39
105468.39
105468.39
105468.38
105468.38
105468.38
105468.38
105468.38
105468.38
105468.38
105468.38
105468.39
105468.39
105468.39
105468.39
105468.39
105468.38
105468.39
105468.39
105468.39
105468.39
105468.39
105468.39
105468.39
105468.39
105468.39
105468.39
105468.39
105468.39
105468.39
105468.39
105468.39
105468.39
105468.39
105468.39
105468.39
105468.39
105468.39
105468.39
105468.39
105468.39
105468.38
105468.38
105468.38
105468.38
105468.38
105468.38
105468.38
105468.38
105468.38
105468.38
105468.38
105468.39
105468.39
105468.39
105468.39
105468.39
105468.39
105468.39
105468.39
105468.39
105468.39
105468.39
105468.39
105468.39
105468.39
105468.39
105468.39
105468.39
105468.39
105468.39
105468.39
105468.39
105468.39
105468.39
105468.39
105468.39
105468.39
105468.39
105468.39
105468.39
105468.39
105468.39
105468.38
105468.38
105468.38
105468.38
105468.38
105468.38
105468.38
105468.38
105468.38
105468.38
105468.38
105468.39
105468.39
105468.39
105468.39
105468.39
105468.39
105468.39
105468.39
105468.39
105468.39
105468.38
105468.39
105468.39
105468.38
105468.38
105468.38
105468.38
105468.38
105468.38
105468.38
105468.38
105468.38
105468.37
105468.38
105468.37
105468.38
105468.38
105468.37
105468.39
105468.39
105468.39
105468.39
105468.39
105468.39
105468.39
105468.38
105468.38
105468.38
105468.38
105468.38
105468.38
105468.38
105468.38
105468.38
105468.38
105468.38
105468.38
105468.38
105468.38
105468.38
105468.38
105468.38
105468.38
105468.38
105468.38
105468.38
105468.38
105468.38
105468.38
105468.38
105468.38
105468.38
105468.38
105468.38
105468.37
105468.38
105468.37
105468.38
105468.37
105468.38
105468.38
105468.38
105468.38
105468.38
105468.38
105468.38
105468.38
105468.38
105468.38
105468.38
105468.38
105468.38
105468.38
105468.38
105468.38
105468.38
105468.38
105468.38
105468.38
105468.38
105468.38
105468.38
105468.38
105468.38
105468.38
105468.38
105468.38
105468.38
105468.38
105468.36
105468.37
105468.38
105468.38
105468.36
105468.38
105468.38
105468.38
105468.38
105468.38
105468.38
105468.38
105468.38
105468.38
105468.38
105468.38
105468.38
105468.38
105468.38
105468.38
105468.35
105468.37
105468.38
105468.38
105468.36
105468.37
105468.35
105468.35
105468.37
105468.38
105468.38
105468.36
105468.37
105468.35
105468.35
105468.38
105468.38
105468.38
105468.38
105468.38
105468.38
105468.37
105468.37
105468.38
105468.38
105468.38
105468.38
105468.36
105468.34
105468.33
105468.36
105468.34
105468.35
105468.36
105468.32
105468.33
105468.36
105468.35
105468.31
105468.36
105468.32
105468.33
105468.34
105468.38
105468.38
105468.38
105468.38
105468.38
105468.38
105468.37
105468.37
105468.38
105468.38
105468.38
105468.38
105468.36
105468.34
105468.34
105468.37
105468.35
105468.36
105468.36
105468.32
105468.28
105468.32
105468.32
105468.33
105468.3
105468.3
105468.31
105468.38
105468.38
105468.38
105468.38
105468.38
105468.37
105468.38
105468.38
105468.38
105468.38
105468.38
105468.38
105468.38
105468.37
105468.38
105468.38
105468.38
105468.38
105468.38
105468.38
105468.38
105468.38
105468.37
105468.38
105468.38
105468.38
105468.38
105468.37
105468.38
105468.38
105468.38
105468.38
105468.38
105468.38
105468.37
105468.35
105468.37
105468.38
105468.38
105468.36
105468.35
105468.37
105468.34
105468.38
105468.38
105468.38
105468.37
105468.38
105468.37
105468.37
105468.37
105468.38
105468.38
105468.38
105468.37
105468.36
105468.35
105468.34
105468.37
105468.35
105468.36
105468.36
105468.32
105468.28
105468.32
105468.33
105468.33
105468.3
105468.3
105468.31
105468.35
105468.38
105468.38
105468.38
105468.38
105468.38
105468.38
105468.37
105468.37
105468.38
105468.38
105468.38
105468.38
105468.36
105468.34
105468.34
105468.37
105468.35
105468.35
105468.36
105468.32
105468.38
105468.38
105468.38
105468.38
105468.38
105468.38
105468.38
105468.38
105468.38
105468.38
105468.38
105468.38
105468.38
105468.38
105468.38
105468.37
105468.37
105468.38
105468.38
105468.38
105468.37
105468.38
105468.38
105468.38
105468.38
105468.38
105468.38
105468.38
105468.38
105468.38
105468.38
105468.38
105468.38
105468.38
105468.38
105468.38
105468.38
105468.38
105468.38
105468.38
105468.38
105468.38
105468.38
105468.38
105468.38
105468.38
105468.38
105468.38
105468.38
105468.38
105468.36
105468.38
105468.37
105468.38
105468.37
105468.38
105468.38
105468.38
105468.38
105468.38
105468.38
105468.38
105468.38
105468.38
105468.38
105468.38
105468.38
105468.38
105468.38
105468.38
105468.38
105468.38
105468.38
105468.38
105468.38
105468.38
105468.38
105468.38
105468.38
105468.38
105468.38
105468.38
105468.38
105468.38
105468.38
105468.38
105468.38
105468.38
105468.38
105468.38
105468.38
105468.38
105468.38
105468.38
105468.38
105468.38
105468.38
105468.37
105468.38
105468.38
105468.38
105468.38
105468.38
105468.38
105468.37
105468.35
105468.37
105468.38
105468.38
105468.36
105468.36
105468.37
105468.33
105468.36
105468.32
105468.35
105468.36
105468.32
105468.33
105468.35
105468.38
105468.38
105468.38
105468.38
105468.38
105468.38
105468.37
105468.37
105468.38
105468.38
105468.38
105468.38
105468.36
105468.35
105468.34
105468.35
105468.37
105468.36
105468.36
105468.32
105468.28
105468.32
105468.33
105468.33
105468.3
105468.3
105468.32
105468.35
105468.38
105468.38
105468.38
105468.38
105468.38
105468.38
105468.37
105468.37
105468.38
105468.38
105468.38
105468.38
105468.36
105468.34
105468.34
105468.35
105468.37
105468.36
105468.36
105468.32
105468.35
105468.37
105468.38
105468.38
105468.37
105468.36
105468.35
105468.35
105468.37
105468.38
105468.38
105468.37
105468.36
105468.35
105468.38
105468.38
105468.38
105468.38
105468.38
105468.38
105468.38
105468.38
105468.38
105468.38
105468.38
105468.38
105468.38
105468.37
105468.38
105468.38
105468.38
105468.38
105468.38
105468.38
105468.37
105468.28
105468.32
105468.33
105468.33
105468.31
105468.3
105468.3
105468.34
105468.38
105468.38
105468.38
105468.38
105468.38
105468.38
105468.37
105468.37
105468.38
105468.38
105468.38
105468.38
105468.36
105468.34
105468.34
105468.35
105468.37
105468.36
105468.36
105468.32
105468.33
105468.36
105468.32
105468.35
105468.36
105468.33
105468.32
105468.35
105468.38
105468.38
105468.38
105468.38
105468.38
105468.38
105468.37
105468.37
105468.38
105468.38
105468.38
105468.38
105468.36
105468.34
105468.34
105468.34
105468.37
105468.36
105468.36
105468.32
105468.38
105468.38
105468.38
105468.38
105468.38
105468.38
105468.38
105468.39
105468.39
105468.39
105468.39
105468.39
105468.39
105468.39
105468.38
105468.37
105468.37
105468.38
105468.38
105468.38
105468.37
105468.39
105468.39
105468.39
105468.39
105468.39
105468.39
105468.39
105468.38
105468.38
105468.38
105468.38
105468.38
105468.38
105468.38
105468.3
105468.28
105468.3
105468.31
105468.32
105468.28
105468.29
105468.29
105468.27
105468.29
105468.3
105468.3
105468.28
105468.29
105468.28
105468.24
105468.25
105468.25
105468.28
105468.26
105468.26
105468.31
105468.35
105468.33
105468.29
105468.34
105468.31
105468.29
105468.31
105468.34
105468.31
105468.28
105468.33
105468.31
105468.29
105468.3
105468.28
105468.29
105468.31
105468.31
105468.28
105468.29
105468.3
105468.28
105468.29
105468.31
105468.31
105468.29
105468.28
105468.28
105468.24
105468.26
105468.26
105468.26
105468.26
105468.28
105468.35
105468.35
105468.33
105468.35
105468.37
105468.36
105468.36
105468.31
105468.34
105468.32
105468.29
105468.33
105468.29
105468.31
105468.31
105468.35
105468.32
105468.29
105468.29
105468.34
105468.31
105468.3
105468.28
105468.3
105468.31
105468.32
105468.28
105468.29
105468.3
105468.28
105468.29
105468.31
105468.31
105468.29
105468.28
105468.29
105468.24
105468.26
105468.25
105468.26
105468.27
105468.29
105468.32
105468.35
105468.33
105468.29
105468.34
105468.3
105468.32
105468.31
105468.35
105468.32
105468.29
105468.29
105468.34
105468.32
105468.38
105468.38
105468.38
105468.38
105468.38
105468.38
105468.38
105468.38
105468.38
105468.38
105468.38
105468.38
105468.38
105468.38
105468.38
105468.38
105468.38
105468.38
105468.38
105468.38
105468.38
105468.38
105468.38
105468.38
105468.38
105468.38
105468.38
105468.38
105468.38
105468.38
105468.38
105468.38
105468.38
105468.38
105468.38
105468.38
105468.38
105468.38
105468.38
105468.38
105468.38
105468.38
105468.38
105468.38
105468.38
105468.38
105468.38
105468.38
105468.38
105468.38
105468.38
105468.38
105468.38
105468.38
105468.38
105468.38
105468.38
105468.38
105468.38
105468.38
105468.38
105468.38
105468.38
105468.38
105468.38
105468.38
105468.38
105468.38
105468.38
105468.38
105468.38
105468.38
105468.38
105468.38
105468.38
105468.38
105468.38
105468.38
105468.38
105468.38
105468.38
105468.38
105468.38
105468.38
105468.38
105468.38
105468.38
105468.38
105468.38
105468.38
105468.38
105468.38
105468.38
105468.38
105468.38
105468.38
105468.38
105468.38
105468.38
105468.38
105468.38
105468.38
105468.38
105468.38
105468.38
105468.38
105468.38
105468.38
105468.38
105468.38
105468.38
105468.38
105468.38
105468.38
105468.38
105468.38
105468.38
105468.38
105468.38
105468.38
105468.38
105468.38
105468.38
105468.38
105468.38
105468.38
105468.38
105468.38
105468.38
105468.38
105468.38
105468.38
105468.38
105468.39
105468.39
105468.39
105468.39
105468.39
105468.39
105468.39
105468.38
105468.38
105468.38
105468.38
105468.38
105468.38
105468.38
105468.38
105468.38
105468.38
105468.38
105468.38
105468.38
105468.38
105468.38
105468.38
105468.38
105468.38
105468.38
105468.38
105468.38
105468.39
105468.38
105468.39
105468.39
105468.38
105468.38
105468.38
105468.38
105468.38
105468.38
105468.38
105468.38
105468.38
105468.38
105468.38
105468.38
105468.38
105468.38
105468.38
105468.38
105468.38
105468.38
105468.38
105468.39
105468.38
105468.38
105468.38
105468.39
105468.39
105468.39
105468.38
105468.39
105468.38
105468.38
105468.38
105468.38
105468.38
105468.38
105468.38
105468.38
105468.38
105468.38
105468.38
105468.39
105468.39
105468.38
105468.38
105468.38
105468.39
105468.39
105468.38
105468.38
105468.38
105468.38
105468.38
105468.38
105468.38
105468.38
105468.38
105468.38
105468.38
105468.38
105468.38
105468.38
105468.38
105468.38
105468.38
105468.38
105468.38
105468.38
105468.38
105468.38
105468.38
105468.38
105468.38
105468.38
105468.38
105468.38
105468.38
105468.38
105468.38
105468.38
105468.38
105468.38
105468.38
105468.38
105468.38
105468.38
105468.38
105468.38
105468.38
105468.38
105468.38
105468.38
105468.38
105468.38
105468.38
105468.38
105468.38
105468.38
105468.38
105468.38
105468.38
105468.38
105468.38
105468.38
105468.38
105468.38
105468.38
105468.38
105468.38
105468.38
105468.38
105468.38
105468.37
105468.36
105468.37
105468.38
105468.38
105468.38
105468.38
105468.38
105468.38
105468.38
105468.38
105468.38
105468.38
105468.38
105468.38
105468.38
105468.38
105468.38
105468.38
105468.38
105468.39
105468.38
105468.38
105468.38
105468.38
105468.39
105468.38
105468.38
105468.38
105468.38
105468.38
105468.38
105468.38
105468.38
105468.38
105468.38
105468.38
105468.38
105468.38
105468.38
105468.38
105468.38
105468.39
105468.39
105468.38
105468.38
105468.39
105468.38
105468.39
105468.38
105468.39
105468.38
105468.38
105468.39
105468.38
105468.38
105468.38
105468.38
105468.38
105468.38
105468.38
105468.38
105468.38
105468.38
105468.38
105468.38
105468.38
105468.38
105468.38
105468.38
105468.38
105468.38
105468.38
105468.38
105468.38
105468.38
105468.38
105468.38
105468.38
105468.38
105468.38
105468.38
105468.38
105468.38
105468.38
105468.38
105468.38
105468.38
105468.38
105468.38
105468.38
105468.38
105468.38
105468.38
105468.38
105468.38
105468.38
105468.38
105468.38
105468.38
105468.38
105468.38
105468.38
105468.38
105468.38
105468.38
105468.38
105468.38
105468.38
105468.38
105468.33
105468.31
105468.33
105468.33
105468.33
105468.35
105468.35
105468.38
105468.38
105468.35
105468.37
105468.36
105468.37
105468.38
105468.38
105468.38
105468.38
105468.38
105468.38
105468.38
105468.38
105468.38
105468.38
105468.38
105468.38
105468.38
105468.38
105468.38
105468.38
105468.38
105468.38
105468.38
105468.38
105468.38
105468.38
105468.33
105468.32
105468.33
105468.33
105468.33
105468.35
105468.34
105468.38
105468.36
105468.38
105468.38
105468.37
105468.38
105468.38
105468.25
105468.24
105468.25
105468.25
105468.25
105468.25
105468.25
105468.26
105468.27
105468.25
105468.25
105468.25
105468.26
105468.26
105468.26
105468.28
105468.26
105468.26
105468.25
105468.27
105468.26
105468.26
105468.28
105468.26
105468.25
105468.25
105468.27
105468.26
105468.38
105468.38
105468.38
105468.38
105468.38
105468.38
105468.38
105468.38
105468.38
105468.38
105468.38
105468.38
105468.38
105468.38
105468.38
105468.38
105468.38
105468.38
105468.38
105468.38
105468.38
105468.38
105468.38
105468.39
105468.38
105468.38
105468.38
105468.38
105468.38
105468.38
105468.38
105468.38
105468.38
105468.38
105468.38
105468.38
105468.38
105468.39
105468.38
105468.38
105468.38
105468.38
105468.38
105468.38
105468.38
105468.38
105468.38
105468.38
105468.38
105468.4
105468.39
105468.45
105468.45
105468.47
105468.39
105468.39
105468.38
105468.38
105468.39
105468.38
105468.38
105468.38
105468.38
105468.38
105468.38
105468.38
105468.38
105468.38
105468.38
105468.38
105468.39
105468.39
105468.38
105468.38
105468.39
105468.39
105468.38
105468.39
105468.38
105468.38
105468.38
105468.39
105468.38
105468.38
105468.38
105468.38
105468.39
105468.38
105468.38
105468.38
105468.38
105468.38
105468.38
105468.38
105468.38
105468.38
105468.38
105468.38
105468.38
105468.38
105468.39
105468.38
105468.38
105468.38
105468.38
105468.38
105468.38
105468.38
105468.38
105468.38
105468.38
105468.38
105468.39
105468.39
105468.38
105468.38
105468.39
105468.39
105468.38
105468.39
105468.38
105468.38
105468.38
105468.39
105468.38
105468.38
105468.4
105468.39
105468.45
105468.45
105468.47
105468.39
105468.39
105468.38
105468.38
105468.39
105468.38
105468.38
105468.38
105468.38
105468.38
105468.38
105468.38
105468.38
105468.38
105468.38
105468.38
105468.38
105468.38
105468.38
105468.38
105468.38
105468.38
105468.38
105468.39
105468.39
105468.38
105468.38
105468.39
105468.39
105468.38
105468.39
105468.38
105468.38
105468.38
105468.39
105468.38
105468.38
105468.39
105468.38
105468.38
105468.38
105468.39
105468.38
105468.38
105468.38
105468.38
105468.38
105468.38
105468.38
105468.38
105468.38
105468.38
105468.38
105468.38
105468.38
105468.38
105468.38
105468.38
105468.38
105468.38
105468.39
105468.38
105468.38
105468.38
105468.38
105468.38
105468.38
105468.38
105468.38
105468.38
105468.38
105468.38
105468.38
105468.38
105468.38
105468.38
105468.38
105468.38
105468.38
105468.38
105468.38
105468.38
105468.38
105468.38
105468.38
105468.38
105468.39
105468.39
105468.38
105468.38
105468.39
105468.38
105468.38
105468.38
105468.38
105468.38
105468.38
105468.38
105468.38
105468.38
105468.39
105468.39
105468.39
105468.39
105468.39
105468.38
105468.38
105468.39
105468.38
105468.38
105468.38
105468.39
105468.38
105468.38
105468.39
105468.39
105468.39
105468.39
105468.39
105468.39
105468.39
105468.39
105468.39
105468.39
105468.39
105468.39
105468.39
105468.39
105468.39
105468.39
105468.39
105468.39
105468.39
105468.39
105468.39
105468.39
105468.39
105468.39
105468.38
105468.39
105468.39
105468.39
105468.38
105468.39
105468.38
105468.38
105468.38
105468.39
105468.38
105468.39
105468.39
105468.39
105468.39
105468.39
105468.39
105468.39
105468.39
105468.39
105468.38
105468.38
105468.39
105468.38
105468.38
105468.38
105468.38
105468.38
105468.38
105468.38
105468.38
105468.38
105468.38
105468.39
105468.38
105468.38
105468.38
105468.38
105468.38
105468.38
105468.38
105468.38
105468.38
105468.38
105468.38
105468.38
105468.38
105468.38
105468.38
105468.38
105468.38
105468.38
105468.38
105468.38
105468.38
105468.38
105468.38
105468.38
105468.38
105468.38
105468.39
105468.38
105468.38
105468.38
105468.38
105468.38
105468.38
105468.39
105468.39
105468.38
105468.39
105468.38
105468.38
105468.38
105468.38
105468.38
105468.38
105468.38
105468.38
105468.38
105468.38
105468.38
105468.39
105468.38
105468.38
105468.38
105468.38
105468.38
105468.38
105468.38
105468.39
105468.38
105468.38
105468.38
105468.38
105468.39
105468.39
105468.39
105468.39
105468.39
105468.39
105468.39
105468.39
105468.39
105468.39
105468.39
105468.39
105468.39
105468.39
105468.39
105468.39
105468.39
105468.39
105468.39
105468.39
105468.39
105468.39
105468.39
105468.39
105468.39
105468.39
105468.39
105468.39
105468.38
105468.38
105468.39
105468.38
105468.38
105468.38
105468.38
105468.38
105468.38
105468.38
105468.38
105468.38
105468.38
105468.38
105468.39
105468.38
105468.39
105468.38
105468.39
105468.38
105468.39
105468.39
105468.38
105468.38
105468.38
105468.39
105468.38
105468.38
105468.39
105468.38
105468.39
105468.38
105468.39
105468.39
105468.38
105468.39
105468.38
105468.38
105468.38
105468.38
105468.38
105468.39
105468.38
105468.39
105468.38
105468.38
105468.39
105468.38
105468.38
105468.38
105468.38
105468.38
105468.38
105468.38
105468.38
105468.38
105468.38
105468.38
105468.38
105468.38
105468.38
105468.38
105468.38
105468.38
105468.38
105468.38
105468.38
105468.38
105468.38
105468.38
105468.38
105468.38
105468.38
105468.38
105468.38
105468.38
105468.38
105468.38
105468.38
105468.38
105468.38
105468.38
105468.38
105468.38
105468.38
105468.38
105468.38
105468.38
105468.38
105468.38
105468.38
105468.38
105468.38
105468.38
105468.38
105468.38
105468.38
105468.38
105468.39
105468.39
105468.38
105468.39
105468.39
105468.39
105468.39
105468.39
105468.39
105468.39
105468.39
105468.39
105468.39
105468.39
105468.39
105468.39
105468.39
105468.39
105468.39
105468.39
105468.39
105468.39
105468.39
105468.39
105468.39
105468.39
105468.39
105468.39
105468.39
105468.39
105468.39
105468.39
105468.39
105468.39
105468.39
105468.38
105468.38
105468.38
105468.38
105468.38
105468.38
105468.38
105468.39
105468.39
105468.38
105468.39
105468.38
105468.38
105468.38
105468.38
105468.38
105468.38
105468.38
105468.38
105468.38
105468.38
105468.39
105468.39
105468.39
105468.39
105468.39
105468.39
105468.39
105468.38
105468.38
105468.38
105468.38
105468.38
105468.38
105468.38
105468.39
105468.39
105468.39
105468.39
105468.39
105468.39
105468.39
105468.39
105468.39
105468.39
105468.39
105468.39
105468.39
105468.39
105468.39
105468.39
105468.39
105468.39
105468.39
105468.39
105468.39
105468.39
105468.39
105468.39
105468.39
105468.39
105468.39
105468.39
105468.39
105468.39
105468.39
105468.39
105468.39
105468.39
105468.39
105468.39
105468.39
105468.39
105468.39
105468.39
105468.39
105468.39
105468.39
105468.39
105468.39
105468.39
105468.39
105468.39
105468.39
105468.39
105468.39
105468.39
105468.39
105468.39
105468.39
105468.39
105468.39
105468.39
105468.39
105468.39
105468.39
105468.39
105468.39
105468.38
105468.38
105468.39
105468.38
105468.38
105468.38
105468.38
105468.38
105468.38
105468.38
105468.38
105468.38
105468.38
105468.38
105468.38
105468.38
105468.38
105468.38
105468.39
105468.39
105468.39
105468.38
105468.38
105468.39
105468.38
105468.38
105468.38
105468.38
105468.38
105468.38
105468.38
105468.38
105468.38
105468.38
105468.38
105468.38
105468.38
105468.38
105468.38
105468.38
105468.38
105468.38
105468.38
105468.38
105468.38
105468.38
105468.38
105468.38
105468.38
105468.38
105468.38
105468.38
105468.38
105468.38
105468.38
105468.38
105468.38
105468.38
105468.37
105468.36
105468.37
105468.38
105468.38
105468.38
105468.38
105468.38
105468.38
105468.38
105468.38
105468.38
105468.38
105468.38
105468.38
105468.38
105468.38
105468.38
105468.38
105468.38
105468.38
105468.38
105468.38
105468.38
105468.38
105468.38
105468.38
105468.38
105468.38
105468.38
105468.38
105468.38
105468.38
105468.38
105468.38
105468.38
105468.38
105468.38
105468.38
105468.38
105468.38
105468.38
105468.38
105468.38
105468.38
105468.38
105468.38
105468.38
105468.38
105468.38
105468.38
105468.38
105468.38
105468.38
105468.38
105468.38
105468.38
105468.38
105468.38
105468.38
105468.38
105468.38
105468.38
105468.38
105468.38
105468.38
105468.38
105468.38
105468.38
105468.38
105468.37
105468.36
105468.37
105468.38
105468.38
105468.38
105468.38
105468.38
105468.38
105468.38
105468.38
105468.38
105468.38
105468.38
105468.38
105468.38
105468.38
105468.38
105468.38
105468.38
105468.38
105468.38
105468.38
105468.38
105468.38
105468.38
105468.38
105468.38
105468.38
105468.38
105468.38
105468.38
105468.38
105468.38
105468.38
105468.38
105468.38
105468.38
105468.38
105468.38
105468.38
105468.38
105468.38
105468.38
105468.38
105468.38
105468.38
105468.38
105468.38
105468.38
105468.38
105468.38
105468.38
105468.38
105468.38
105468.38
105468.38
105468.38
105468.38
105468.38
105468.38
105468.38
105468.38
105468.38
105468.38
105468.38
105468.38
105468.38
105468.38
105468.38
105468.38
105468.38
105468.38
105468.38
105468.38
105468.38
105468.38
105468.38
105468.38
105468.38
105468.38
105468.38
105468.38
105468.38
105468.38
105468.38
105468.38
105468.38
105468.38
105468.38
105468.38
105468.37
105468.36
105468.37
105468.38
105468.38
105468.38
105468.38
105468.38
105468.38
105468.38
105468.38
105468.38
105468.38
105468.38
105468.38
105468.38
105468.38
105468.38
105468.38
105468.38
105468.38
105468.38
105468.38
105468.38
105468.38
105468.38
105468.38
105468.38
105468.38
105468.38
105468.38
105468.38
105468.38
105468.38
105468.38
105468.38
105468.38
105468.38
105468.38
105468.38
105468.38
105468.38
105468.38
105468.38
105468.38
105468.38
105468.38
105468.38
105468.38
105468.38
105468.38
105468.38
105468.38
105468.38
105468.38
105468.38
105468.38
105468.38
105468.38
105468.38
105468.38
105468.38
105468.38
105468.38
105468.38
105468.38
105468.38
105468.38
105468.38
105468.38
105468.38
105468.38
105468.38
105468.38
105468.38
105468.38
105468.38
105468.38
105468.38
105468.38
105468.38
105468.38
105468.38
105468.38
105468.38
105468.38
105468.38
105468.38
105468.38
105468.38
105468.38
105468.38
105468.38
105468.38
105468.38
105468.38
105468.38
105468.38
105468.38
105468.38
105468.38
105468.38
105468.38
105468.38
105468.38
105468.38
105468.38
105468.38
105468.38
105468.38
105468.38
105468.38
105468.38
105468.38
105468.38
105468.38
105468.38
105468.38
105468.38
105468.38
105468.38
105468.38
105468.38
105468.39
105468.38
105468.38
105468.38
105468.38
105468.38
105468.38
105468.38
105468.38
105468.38
105468.38
105468.38
105468.38
105468.38
105468.38
105468.38
105468.38
105468.38
105468.38
105468.38
105468.38
105468.38
105468.38
105468.38
105468.38
105468.38
105468.38
105468.38
105468.38
105468.38
105468.38
105468.38
105468.39
105468.38
105468.38
105468.39
105468.38
105468.38
105468.38
105468.38
105468.38
105468.38
105468.38
105468.38
105468.39
105468.38
105468.39
105468.38
105468.38
105468.39
105468.38
105468.38
105468.38
105468.38
105468.38
105468.38
105468.38
105468.38
105468.38
105468.38
105468.38
105468.38
105468.38
105468.38
105468.38
105468.39
105468.38
105468.38
105468.38
105468.38
105468.39
105468.38
105468.38
105468.38
105468.38
105468.38
105468.38
105468.38
105468.38
105468.38
105468.38
105468.38
105468.38
105468.38
105468.38
105468.38
105468.38
105468.38
105468.38
105468.38
105468.38
105468.38
105468.33
105468.32
105468.33
105468.33
105468.33
105468.35
105468.35
105468.38
105468.38
105468.35
105468.38
105468.37
105468.38
105468.38
105468.32
105468.3
105468.32
105468.32
105468.32
105468.33
105468.33
105468.38
105468.38
105468.35
105468.37
105468.37
105468.38
105468.38
105468.26
105468.29
105468.28
105468.29
105468.27
105468.28
105468.27
105468.25
105468.24
105468.25
105468.25
105468.25
105468.25
105468.25
105468.26
105468.28
105468.26
105468.25
105468.25
105468.27
105468.26
105468.26
105468.28
105468.26
105468.26
105468.25
105468.27
105468.26
105468.25
105468.24
105468.25
105468.25
105468.25
105468.25
105468.25
105468.26
105468.28
105468.26
105468.26
105468.25
105468.27
105468.26
105468.26
105468.27
105468.25
105468.25
105468.25
105468.27
105468.26
105468.26
105468.28
105468.26
105468.26
105468.25
105468.27
105468.26
105468.33
105468.31
105468.33
105468.33
105468.33
105468.35
105468.34
105468.39
105468.38
105468.36
105468.38
105468.38
105468.39
105468.39
105468.25
105468.24
105468.24
105468.25
105468.25
105468.25
105468.25
105468.26
105468.28
105468.26
105468.25
105468.25
105468.27
105468.26
105468.26
105468.28
105468.25
105468.25
105468.25
105468.26
105468.26
105468.26
105468.28
105468.26
105468.26
105468.25
105468.27
105468.26
105468.33
105468.31
105468.33
105468.33
105468.33
105468.34
105468.35
105468.38
105468.36
105468.38
105468.38
105468.37
105468.38
105468.38
105468.33
105468.31
105468.32
105468.33
105468.33
105468.34
105468.34
105468.38
105468.35
105468.38
105468.37
105468.37
105468.38
105468.38
105468.33
105468.31
105468.33
105468.33
105468.33
105468.35
105468.34
105468.38
105468.36
105468.38
105468.37
105468.38
105468.38
105468.38
105468.39
105468.39
105468.38
105468.39
105468.39
105468.38
105468.4
105468.41
105468.4
105468.39
105468.44
105468.39
105468.4
105468.45
105468.39
105468.38
105468.38
105468.38
105468.39
105468.38
105468.39
105468.39
105468.39
105468.38
105468.39
105468.39
105468.39
105468.39
105468.4
105468.39
105468.39
105468.42
105468.39
105468.4
105468.42
105468.39
105468.39
105468.38
105468.39
105468.39
105468.39
105468.39
105468.39
105468.39
105468.4
105468.45
105468.43
105468.39
105468.4
105468.39
105468.39
105468.39
105468.42
105468.38
105468.39
105468.4
105468.39
105468.38
105468.38
105468.38
105468.38
105468.38
105468.39
105468.39
105468.39
105468.39
105468.38
105468.39
105468.41
105468.38
105468.39
105468.39
105468.4
105468.44
105468.42
105468.39
105468.4
105468.39
105468.39
105468.39
105468.41
105468.39
105468.39
105468.4
105468.39
105468.39
105468.38
105468.39
105468.38
105468.38
105468.39
105468.39
105468.39
105468.39
105468.38
105468.39
105468.41
105468.39
105468.39
105468.38
105468.38
105468.39
105468.39
105468.38
105468.4
105468.41
105468.4
105468.39
105468.44
105468.39
105468.4
105468.45
105468.39
105468.38
105468.38
105468.38
105468.39
105468.38
105468.39
105468.39
105468.39
105468.39
105468.38
105468.39
105468.39
105468.39
105468.4
105468.39
105468.39
105468.42
105468.39
105468.4
105468.42
105468.39
105468.39
105468.38
105468.39
105468.39
105468.39
105468.39
105468.39
105468.39
105468.45
105468.4
105468.43
105468.4
105468.39
105468.39
105468.39
105468.38
105468.42
105468.38
105468.39
105468.4
105468.38
105468.38
105468.38
105468.38
105468.38
105468.39
105468.38
105468.39
105468.39
105468.39
105468.38
105468.39
105468.41
105468.38
105468.39
105468.39
105468.4
105468.43
105468.43
105468.39
105468.4
105468.39
105468.39
105468.39
105468.41
105468.39
105468.39
105468.4
105468.39
105468.39
105468.38
105468.38
105468.38
105468.38
105468.39
105468.39
105468.39
105468.39
105468.38
105468.39
105468.41
105468.39
105468.38
105468.38
105468.38
105468.38
105468.38
105468.38
105468.38
105468.38
105468.38
105468.38
105468.37
105468.38
105468.38
105468.37
105468.38
105468.38
105468.38
105468.38
105468.38
105468.38
105468.38
105468.38
105468.38
105468.38
105468.38
105468.38
105468.38
105468.38
105468.38
105468.38
105468.38
105468.37
105468.38
105468.38
105468.37
105468.38
105468.38
105468.38
105468.38
105468.38
105468.38
105468.38
105468.37
105468.38
105468.36
105468.37
105468.36
105468.37
105468.38
105468.38
105468.38
105468.38
105468.37
105468.38
105468.38
105468.37
105468.38
105468.38
105468.38
105468.38
105468.38
105468.38
105468.38
105468.38
105468.38
105468.37
105468.38
105468.38
105468.36
105468.38
105468.37
105468.38
105468.36
105468.37
105468.36
105468.37
105468.38
105468.38
105468.38
105468.38
105468.37
105468.38
105468.38
105468.37
105468.38
105468.38
105468.38
105468.38
105468.38
105468.38
105468.38
105468.38
105468.38
105468.37
105468.38
105468.38
105468.36
105468.38
105468.38
105468.38
105468.38
105468.38
105468.38
105468.38
105468.38
105468.38
105468.38
105468.38
105468.38
105468.38
105468.38
105468.38
105468.38
105468.38
105468.38
105468.38
105468.38
105468.38
105468.38
105468.38
105468.36
105468.38
105468.36
105468.38
105468.38
105468.36
105468.38
105468.37
105468.37
105468.38
105468.38
105468.38
105468.37
105468.38
105468.38
105468.36
105468.37
105468.38
105468.38
105468.37
105468.38
105468.38
105468.38
105468.38
105468.38
105468.38
105468.38
105468.38
105468.38
105468.38
105468.38
105468.38
105468.38
105468.38
105468.38
105468.36
105468.36
105468.38
105468.38
105468.36
105468.38
105468.38
105468.37
105468.37
105468.38
105468.38
105468.38
105468.37
105468.38
105468.38
105468.36
105468.37
105468.38
105468.38
105468.37
105468.28
105468.26
105468.25
105468.26
105468.27
105468.27
105468.28
105468.3
105468.3
105468.29
105468.33
105468.32
105468.31
105468.29
105468.29
105468.29
105468.26
105468.28
105468.27
105468.3
105468.27
105468.29
105468.26
105468.25
105468.26
105468.27
105468.27
105468.28
105468.31
105468.3
105468.3
105468.34
105468.32
105468.32
105468.29
105468.29
105468.29
105468.26
105468.28
105468.28
105468.3
105468.27
105468.39
105468.41
105468.39
105468.44
105468.39
105468.39
105468.41
105468.38
105468.39
105468.38
105468.39
105468.38
105468.38
105468.39
105468.39
105468.39
105468.43
105468.4
105468.39
105468.39
105468.4
105468.39
105468.42
105468.39
105468.44
105468.39
105468.39
105468.41
105468.38
105468.39
105468.38
105468.39
105468.38
105468.38
105468.39
105468.39
105468.39
105468.43
105468.4
105468.39
105468.39
105468.41
105468.38
105468.39
105468.38
105468.39
105468.38
105468.38
105468.39
105468.39
105468.39
105468.43
105468.4
105468.39
105468.39
105468.4
105468.38
105468.39
105468.38
105468.39
105468.38
105468.38
105468.39
105468.39
105468.39
105468.43
105468.4
105468.39
105468.39
105468.4
105468.38
105468.39
105468.38
105468.39
105468.38
105468.38
105468.39
105468.39
105468.39
105468.43
105468.4
105468.39
105468.39
105468.4
105468.38
105468.39
105468.38
105468.39
105468.38
105468.38
105468.39
105468.39
105468.39
105468.43
105468.4
105468.39
105468.39
105468.41
105468.38
105468.39
105468.39
105468.38
105468.38
105468.39
105468.38
105468.39
105468.39
105468.43
105468.4
105468.39
105468.41
105468.39
105468.38
105468.38
105468.38
105468.38
105468.38
105468.38
105468.38
105468.38
105468.39
105468.39
105468.38
105468.38
105468.39
105468.38
105468.39
105468.39
105468.43
105468.4
105468.39
105468.41
105468.39
105468.38
105468.38
105468.38
105468.38
105468.38
105468.38
105468.38
105468.39
105468.39
105468.39
105468.4
105468.39
105468.39
105468.39
105468.39
105468.39
105468.39
105468.39
105468.39
105468.39
105468.39
105468.39
105468.39
105468.4
105468.39
105468.39
105468.39
105468.39
105468.39
105468.39
105468.39
105468.39
105468.39
105468.39
105468.39
105468.39
105468.39
105468.39
105468.39
105468.39
105468.39
105468.39
105468.39
105468.39
105468.39
105468.4
105468.39
105468.39
105468.39
105468.39
105468.39
105468.39
105468.39
105468.39
105468.39
105468.39
105468.39
105468.39
105468.4
105468.39
105468.39
105468.39
105468.39
105468.39
105468.39
105468.39
105468.39
105468.39
105468.39
105468.39
105468.39
105468.39
105468.39
105468.39
105468.39
105468.39
105468.39
105468.39
105468.39
105468.38
105468.39
105468.38
105468.39
105468.39
105468.39
105468.39
105468.4
105468.39
105468.39
105468.39
105468.39
105468.39
105468.39
105468.38
105468.39
105468.38
105468.39
105468.39
105468.39
105468.39
105468.39
105468.39
105468.39
105468.39
105468.39
105468.39
105468.39
105468.39
105468.38
105468.38
105468.39
105468.4
105468.41
105468.4
105468.39
105468.44
105468.39
105468.4
105468.45
105468.39
105468.38
105468.38
105468.38
105468.38
105468.39
105468.39
105468.39
105468.39
105468.39
105468.38
105468.39
105468.39
105468.39
105468.4
105468.39
105468.39
105468.42
105468.39
105468.4
105468.42
105468.39
105468.39
105468.38
105468.39
105468.39
105468.39
105468.39
105468.39
105468.4
105468.39
105468.45
105468.43
105468.39
105468.4
105468.39
105468.39
105468.38
105468.42
105468.38
105468.39
105468.4
105468.39
105468.39
105468.4
105468.38
105468.39
105468.42
105468.38
105468.38
105468.38
105468.38
105468.38
105468.38
105468.38
105468.39
105468.39
105468.4
105468.39
105468.44
105468.43
105468.39
105468.4
105468.39
105468.39
105468.39
105468.41
105468.39
105468.39
105468.4
105468.39
105468.39
105468.39
105468.38
105468.39
105468.41
105468.39
105468.39
105468.39
105468.38
105468.38
105468.38
105468.38
105468.39
105468.39
105468.38
105468.39
105468.38
105468.38
105468.39
105468.4
105468.41
105468.4
105468.39
105468.44
105468.39
105468.4
105468.45
105468.39
105468.38
105468.38
105468.38
105468.38
105468.39
105468.39
105468.39
105468.39
105468.39
105468.38
105468.39
105468.39
105468.39
105468.4
105468.39
105468.39
105468.42
105468.39
105468.4
105468.42
105468.39
105468.39
105468.38
105468.38
105468.39
105468.39
105468.39
105468.39
105468.4
105468.39
105468.45
105468.43
105468.39
105468.4
105468.39
105468.39
105468.38
105468.42
105468.38
105468.39
105468.4
105468.39
105468.39
105468.4
105468.38
105468.39
105468.41
105468.38
105468.38
105468.38
105468.38
105468.38
105468.38
105468.38
105468.39
105468.39
105468.4
105468.39
105468.44
105468.43
105468.39
105468.4
105468.39
105468.39
105468.39
105468.41
105468.38
105468.39
105468.4
105468.39
105468.39
105468.39
105468.38
105468.39
105468.41
105468.39
105468.39
105468.39
105468.38
105468.38
105468.38
105468.38
105468.39
105468.39
105468.39
105468.39
105468.39
105468.39
105468.39
105468.39
105468.39
105468.39
105468.39
105468.4
105468.39
105468.39
105468.39
105468.39
105468.39
105468.39
105468.39
105468.39
105468.39
105468.39
105468.39
105468.39
105468.39
105468.38
105468.39
105468.39
105468.39
105468.39
105468.39
105468.39
105468.4
105468.39
105468.39
105468.39
105468.39
105468.39
105468.38
105468.39
105468.39
105468.39
105468.39
105468.39
105468.39
105468.39
105468.41
105468.4
105468.39
105468.39
105468.39
105468.39
105468.39
105468.4
105468.39
105468.39
105468.39
105468.39
105468.39
105468.39
105468.38
105468.39
105468.4
105468.39
105468.39
105468.39
105468.38
105468.39
105468.38
105468.39
105468.39
105468.39
105468.39
105468.39
105468.41
105468.4
105468.39
105468.39
105468.39
105468.39
105468.39
105468.4
105468.39
105468.39
105468.39
105468.39
105468.39
105468.39
105468.38
105468.39
105468.4
105468.39
105468.39
105468.39
105468.38
105468.39
105468.38
105468.39
105468.39
105468.39
105468.38
105468.38
105468.39
105468.38
105468.39
105468.4
105468.41
105468.4
105468.39
105468.44
105468.39
105468.45
105468.4
105468.39
105468.38
105468.38
105468.38
105468.38
105468.39
105468.39
105468.39
105468.39
105468.38
105468.39
105468.39
105468.39
105468.39
105468.4
105468.39
105468.42
105468.39
105468.39
105468.4
105468.42
105468.39
105468.39
105468.38
105468.39
105468.39
105468.39
105468.39
105468.43
105468.43
105468.4
105468.46
105468.4
105468.46
105468.43
105468.39
105468.39
105468.4
105468.45
105468.43
105468.39
105468.4
105468.39
105468.39
105468.38
105468.42
105468.38
105468.4
105468.39
105468.39
105468.38
105468.38
105468.38
105468.38
105468.38
105468.39
105468.39
105468.39
105468.39
105468.38
105468.39
105468.41
105468.38
105468.39
105468.4
105468.44
105468.39
105468.43
105468.39
105468.4
105468.39
105468.39
105468.41
105468.39
105468.39
105468.39
105468.4
105468.39
105468.39
105468.39
105468.38
105468.39
105468.41
105468.39
105468.39
105468.39
105468.38
105468.38
105468.38
105468.38
105468.39
105468.39
105468.38
105468.38
105468.38
105468.39
105468.39
105468.39
105468.39
105468.39
105468.39
105468.4
105468.39
105468.39
105468.39
105468.39
105468.39
105468.39
105468.39
105468.39
105468.39
105468.39
105468.39
105468.38
105468.38
105468.38
105468.39
105468.39
105468.39
105468.39
105468.39
105468.4
105468.39
105468.39
105468.39
105468.39
105468.39
105468.39
105468.39
105468.39
105468.39
105468.39
105468.39
105468.39
105468.39
105468.39
105468.41
105468.4
105468.39
105468.39
105468.39
105468.39
105468.39
105468.4
105468.39
105468.39
105468.39
105468.39
105468.39
105468.39
105468.39
105468.39
105468.39
105468.39
105468.39
105468.39
105468.39
105468.39
105468.39
105468.4
105468.39
105468.39
105468.39
105468.41
105468.39
105468.4
105468.39
105468.39
105468.39
105468.39
105468.4
105468.39
105468.39
105468.39
105468.39
105468.39
105468.39
105468.39
105468.39
105468.39
105468.4
105468.39
105468.39
105468.39
105468.38
105468.39
105468.39
105468.39
105468.39
105468.39
105468.39
105468.39
105468.39
105468.39
105468.39
105468.39
105468.39
105468.39
105468.4
105468.39
105468.39
105468.39
105468.39
105468.39
105468.38
105468.39
105468.38
105468.39
105468.38
105468.39
105468.39
105468.39
105468.39
105468.39
105468.39
105468.39
105468.39
105468.39
105468.39
105468.39
105468.39
105468.39
105468.39
105468.39
105468.39
105468.38
105468.38
105468.38
105468.39
105468.38
105468.38
105468.39
105468.39
105468.39
105468.4
105468.39
105468.39
105468.39
105468.39
105468.39
105468.38
105468.39
105468.39
105468.39
105468.39
105468.39
105468.39
105468.4
105468.39
105468.39
105468.39
105468.39
105468.39
105468.39
105468.39
105468.39
105468.39
105468.39
105468.39
105468.39
105468.39
105468.39
105468.39
105468.39
105468.39
105468.39
105468.39
105468.38
105468.38
105468.39
105468.38
105468.39
105468.4
105468.41
105468.4
105468.39
105468.44
105468.39
105468.45
105468.4
105468.39
105468.38
105468.38
105468.38
105468.38
105468.39
105468.39
105468.39
105468.39
105468.39
105468.38
105468.39
105468.39
105468.39
105468.4
105468.39
105468.42
105468.39
105468.39
105468.4
105468.42
105468.39
105468.39
105468.38
105468.39
105468.39
105468.39
105468.39
105468.39
105468.39
105468.45
105468.4
105468.43
105468.4
105468.39
105468.39
105468.39
105468.38
105468.42
105468.38
105468.4
105468.39
105468.38
105468.38
105468.38
105468.38
105468.38
105468.39
105468.38
105468.39
105468.39
105468.39
105468.38
105468.39
105468.41
105468.38
105468.39
105468.4
105468.44
105468.39
105468.42
105468.39
105468.4
105468.39
105468.39
105468.41
105468.39
105468.39
105468.39
105468.4
105468.39
105468.39
105468.39
105468.38
105468.39
105468.41
105468.39
105468.39
105468.39
105468.38
105468.38
105468.38
105468.38
105468.39
105468.39
105468.39
105468.39
105468.39
105468.39
105468.39
105468.39
105468.39
105468.39
105468.39
105468.4
105468.39
105468.39
105468.39
105468.39
105468.39
105468.39
105468.39
105468.39
105468.39
105468.39
105468.39
105468.39
105468.39
105468.39
105468.39
105468.39
105468.39
105468.39
105468.39
105468.4
105468.39
105468.39
105468.39
105468.39
105468.39
105468.39
105468.39
105468.39
105468.39
105468.39
105468.39
105468.39
105468.39
105468.39
105468.41
105468.4
105468.39
105468.39
105468.39
105468.39
105468.39
105468.4
105468.39
105468.39
105468.39
105468.39
105468.39
105468.38
105468.39
105468.39
105468.39
105468.39
105468.39
105468.39
105468.39
105468.39
105468.39
105468.4
105468.39
105468.39
105468.39
105468.41
105468.39
105468.4
105468.39
105468.39
105468.39
105468.39
105468.4
105468.39
105468.39
105468.39
105468.39
105468.39
105468.39
105468.39
105468.39
105468.39
105468.4
105468.39
105468.39
105468.39
105468.38
105468.39
105468.39
105468.39
105468.39
105468.39
105468.38
105468.38
105468.39
105468.38
105468.39
105468.4
105468.41
105468.4
105468.44
105468.39
105468.39
105468.45
105468.4
105468.39
105468.38
105468.38
105468.38
105468.38
105468.38
105468.39
105468.39
105468.39
105468.38
105468.39
105468.39
105468.39
105468.39
105468.4
105468.39
105468.39
105468.42
105468.39
105468.4
105468.42
105468.39
105468.39
105468.38
105468.38
105468.39
105468.39
105468.39
105468.39
105468.45
105468.39
105468.4
105468.43
105468.4
105468.39
105468.39
105468.39
105468.42
105468.38
105468.38
105468.4
105468.39
105468.38
105468.38
105468.38
105468.38
105468.38
105468.39
105468.38
105468.39
105468.39
105468.39
105468.38
105468.39
105468.41
105468.38
105468.39
105468.39
105468.4
105468.44
105468.43
105468.39
105468.4
105468.39
105468.39
105468.39
105468.41
105468.38
105468.39
105468.4
105468.39
105468.38
105468.38
105468.38
105468.38
105468.38
105468.39
105468.39
105468.39
105468.39
105468.38
105468.39
105468.41
105468.38
105468.39
105468.38
105468.38
105468.39
105468.38
105468.39
105468.4
105468.41
105468.4
105468.44
105468.39
105468.39
105468.45
105468.4
105468.39
105468.38
105468.38
105468.38
105468.38
105468.39
105468.39
105468.39
105468.39
105468.38
105468.39
105468.39
105468.39
105468.4
105468.4
105468.39
105468.39
105468.42
105468.39
105468.4
105468.42
105468.39
105468.39
105468.38
105468.39
105468.39
105468.39
105468.39
105468.39
105468.45
105468.39
105468.4
105468.43
105468.4
105468.39
105468.39
105468.39
105468.42
105468.38
105468.38
105468.4
105468.39
105468.38
105468.38
105468.38
105468.38
105468.38
105468.39
105468.38
105468.39
105468.39
105468.39
105468.38
105468.39
105468.41
105468.38
105468.39
105468.39
105468.4
105468.44
105468.43
105468.39
105468.4
105468.39
105468.39
105468.39
105468.41
105468.39
105468.39
105468.4
105468.39
105468.39
105468.38
105468.38
105468.38
105468.38
105468.39
105468.39
105468.39
105468.39
105468.38
105468.39
105468.41
105468.39
105468.39
105468.39
105468.39
105468.39
105468.39
105468.39
105468.39
105468.39
105468.39
105468.4
105468.39
105468.39
105468.39
105468.39
105468.39
105468.39
105468.39
105468.39
105468.39
105468.39
105468.39
105468.39
105468.39
105468.39
105468.39
105468.39
105468.39
105468.39
105468.39
105468.39
105468.4
105468.39
105468.39
105468.39
105468.39
105468.39
105468.39
105468.39
105468.39
105468.39
105468.39
105468.39
105468.39
105468.39
105468.41
105468.39
105468.4
105468.39
105468.39
105468.39
105468.39
105468.4
105468.39
105468.39
105468.39
105468.39
105468.39
105468.39
105468.39
105468.38
105468.39
105468.4
105468.39
105468.39
105468.39
105468.38
105468.39
105468.38
105468.39
105468.39
105468.39
105468.39
105468.41
105468.39
105468.4
105468.39
105468.39
105468.39
105468.39
105468.4
105468.39
105468.39
105468.39
105468.39
105468.39
105468.39
105468.39
105468.39
105468.39
105468.4
105468.39
105468.39
105468.39
105468.38
105468.39
105468.39
105468.39
105468.39
105468.39
105468.39
105468.39
105468.4
105468.39
105468.39
105468.39
105468.39
105468.39
105468.38
105468.39
105468.38
105468.39
105468.39
105468.39
105468.38
105468.39
105468.38
105468.39
105468.39
105468.38
105468.39
105468.39
105468.4
105468.39
105468.39
105468.39
105468.39
105468.39
105468.39
105468.39
105468.39
105468.39
105468.39
105468.39
105468.39
105468.39
105468.39
105468.39
105468.39
105468.39
105468.39
105468.39
105468.39
105468.39
105468.39
105468.39
105468.39
105468.39
105468.39
105468.39
105468.4
105468.39
105468.39
105468.39
105468.39
105468.39
105468.39
105468.39
105468.39
105468.39
105468.39
105468.39
105468.39
105468.39
105468.4
105468.39
105468.39
105468.39
105468.39
105468.39
105468.39
105468.39
105468.38
105468.39
105468.38
105468.39
105468.39
105468.39
105468.39
105468.39
105468.39
105468.39
105468.39
105468.39
105468.39
105468.39
105468.39
105468.39
105468.39
105468.39
105468.39
105468.39
105468.39
105468.39
105468.39
105468.39
105468.39
105468.39
105468.39
105468.39
105468.39
105468.39
105468.39
105468.39
105468.39
105468.39
105468.39
105468.39
105468.39
105468.39
105468.39
105468.39
105468.39
105468.4
105468.39
105468.39
105468.39
105468.39
105468.39
105468.39
105468.39
105468.38
105468.39
105468.39
105468.38
105468.39
105468.39
105468.39
105468.39
105468.39
105468.39
105468.39
105468.39
105468.39
105468.39
105468.39
105468.39
105468.39
105468.39
105468.39
105468.39
105468.39
105468.39
105468.39
105468.39
105468.39
105468.38
105468.38
105468.38
105468.38
105468.38
105468.38
105468.38
105468.38
105468.38
105468.38
105468.38
105468.38
105468.38
105468.38
105468.38
105468.37
105468.38
105468.37
105468.38
105468.38
105468.37
105468.38
105468.38
105468.36
105468.37
105468.38
105468.38
105468.37
105468.38
105468.38
105468.38
105468.38
105468.38
105468.38
105468.38
105468.38
105468.38
105468.38
105468.38
105468.38
105468.38
105468.38
105468.38
105468.38
105468.38
105468.38
105468.38
105468.38
105468.38
105468.38
105468.37
105468.37
105468.38
105468.38
105468.37
105468.38
105468.38
105468.38
105468.36
105468.37
105468.38
105468.37
105468.38
105468.38
105468.38
105468.38
105468.38
105468.38
105468.38
105468.38
105468.38
105468.38
105468.38
105468.38
105468.38
105468.38
105468.38
105468.38
105468.38
105468.38
105468.38
105468.38
105468.38
105468.38
105468.38
105468.37
105468.38
105468.37
105468.38
105468.38
105468.37
105468.38
105468.38
105468.36
105468.37
105468.38
105468.38
105468.36
105468.35
105468.37
105468.38
105468.36
105468.37
105468.36
105468.35
105468.34
105468.36
105468.37
105468.34
105468.37
105468.33
105468.35
105468.36
105468.37
105468.38
105468.38
105468.38
105468.37
105468.36
105468.31
105468.33
105468.34
105468.36
105468.34
105468.34
105468.31
105468.3
105468.3
105468.28
105468.33
105468.33
105468.31
105468.28
105468.32
105468.35
105468.36
105468.35
105468.35
105468.35
105468.33
105468.35
105468.36
105468.31
105468.34
105468.32
105468.34
105468.36
105468.36
105468.38
105468.38
105468.34
105468.38
105468.35
105468.36
105468.37
105468.38
105468.38
105468.38
105468.38
105468.37
105468.38
105468.36
105468.35
105468.35
105468.38
105468.37
105468.34
105468.37
105468.33
105468.33
105468.29
105468.34
105468.3
105468.35
105468.32
105468.33
105468.33
105468.29
105468.34
105468.35
105468.32
105468.31
105468.34
105468.35
105468.34
105468.37
105468.36
105468.32
105468.36
105468.35
105468.36
105468.37
105468.36
105468.36
105468.37
105468.34
105468.35
105468.37
105468.37
105468.36
105468.37
105468.36
105468.34
105468.34
105468.36
105468.37
105468.34
105468.36
105468.33
105468.35
105468.35
105468.37
105468.38
105468.37
105468.37
105468.36
105468.36
105468.31
105468.33
105468.33
105468.35
105468.33
105468.33
105468.31
105468.3
105468.3
105468.28
105468.33
105468.32
105468.31
105468.27
105468.32
105468.35
105468.35
105468.35
105468.34
105468.34
105468.33
105468.35
105468.35
105468.31
105468.34
105468.32
105468.34
105468.36
105468.36
105468.37
105468.37
105468.34
105468.38
105468.35
105468.35
105468.37
105468.37
105468.38
105468.38
105468.38
105468.37
105468.38
105468.36
105468.35
105468.35
105468.38
105468.37
105468.34
105468.37
105468.33
105468.33
105468.29
105468.34
105468.3
105468.35
105468.32
105468.32
105468.31
105468.31
105468.27
105468.34
105468.29
105468.29
105468.33
105468.33
105468.29
105468.34
105468.35
105468.32
105468.31
105468.34
105468.35
105468.34
105468.37
105468.36
105468.32
105468.36
105468.35
105468.36
105468.37
105468.36
105468.36
105468.36
105468.34
105468.38
105468.38
105468.38
105468.38
105468.38
105468.38
105468.38
105468.38
105468.38
105468.37
105468.38
105468.38
105468.37
105468.38
105468.38
105468.38
105468.38
105468.38
105468.38
105468.38
105468.38
105468.38
105468.38
105468.38
105468.38
105468.38
105468.38
105468.38
105468.38
105468.38
105468.38
105468.37
105468.38
105468.38
105468.37
105468.38
105468.38
105468.38
105468.38
105468.38
105468.38
105468.38
105468.37
105468.36
105468.38
105468.37
105468.36
105468.37
105468.38
105468.38
105468.38
105468.37
105468.38
105468.38
105468.37
105468.38
105468.38
105468.38
105468.38
105468.38
105468.38
105468.38
105468.38
105468.38
105468.37
105468.37
105468.38
105468.38
105468.36
105468.38
105468.37
105468.38
105468.36
105468.37
105468.36
105468.37
105468.38
105468.37
105468.36
105468.32
105468.35
105468.37
105468.35
105468.35
105468.38
105468.38
105468.38
105468.37
105468.38
105468.38
105468.37
105468.38
105468.38
105468.38
105468.38
105468.38
105468.38
105468.38
105468.38
105468.37
105468.37
105468.38
105468.38
105468.36
105468.38
105468.35
105468.37
105468.38
105468.36
105468.37
105468.36
105468.35
105468.34
105468.36
105468.34
105468.37
105468.37
105468.33
105468.35
105468.36
105468.37
105468.38
105468.38
105468.38
105468.37
105468.36
105468.32
105468.34
105468.36
105468.34
105468.34
105468.34
105468.31
105468.3
105468.3
105468.32
105468.28
105468.32
105468.3
105468.27
105468.32
105468.35
105468.36
105468.34
105468.34
105468.35
105468.33
105468.35
105468.31
105468.35
105468.34
105468.32
105468.34
105468.36
105468.36
105468.37
105468.34
105468.38
105468.38
105468.35
105468.35
105468.37
105468.37
105468.38
105468.38
105468.38
105468.36
105468.37
105468.36
105468.35
105468.35
105468.37
105468.37
105468.33
105468.37
105468.33
105468.33
105468.33
105468.29
105468.3
105468.35
105468.31
105468.33
105468.34
105468.34
105468.29
105468.35
105468.31
105468.31
105468.35
105468.35
105468.37
105468.35
105468.36
105468.36
105468.33
105468.34
105468.35
105468.34
105468.37
105468.36
105468.32
105468.36
105468.35
105468.37
105468.38
105468.36
105468.36
105468.37
105468.35
105468.34
105468.36
105468.34
105468.37
105468.37
105468.33
105468.35
105468.36
105468.37
105468.38
105468.38
105468.37
105468.37
105468.36
105468.29
105468.28
105468.3
105468.33
105468.33
105468.27
105468.3
105468.31
105468.33
105468.34
105468.35
105468.34
105468.34
105468.31
105468.3
105468.3
105468.28
105468.33
105468.33
105468.28
105468.31
105468.32
105468.35
105468.36
105468.35
105468.35
105468.35
105468.33
105468.35
105468.31
105468.34
105468.36
105468.32
105468.34
105468.36
105468.36
105468.37
105468.34
105468.38
105468.38
105468.35
105468.36
105468.36
105468.36
105468.35
105468.38
105468.37
105468.34
105468.37
105468.37
105468.38
105468.38
105468.38
105468.38
105468.37
105468.38
105468.33
105468.33
105468.29
105468.34
105468.3
105468.35
105468.32
105468.33
105468.34
105468.29
105468.34
105468.35
105468.31
105468.32
105468.34
105468.35
105468.34
105468.37
105468.36
105468.32
105468.36
105468.35
105468.36
105468.37
105468.36
105468.37
105468.37
105468.34
105468.38
105468.38
105468.38
105468.38
105468.38
105468.38
105468.38
105468.38
105468.38
105468.38
105468.38
105468.38
105468.38
105468.38
105468.38
105468.38
105468.38
105468.38
105468.38
105468.38
105468.38
105468.38
105468.36
105468.38
105468.36
105468.38
105468.38
105468.36
105468.38
105468.37
105468.37
105468.38
105468.38
105468.37
105468.38
105468.38
105468.38
105468.38
105468.38
105468.38
105468.38
105468.38
105468.38
105468.38
105468.36
105468.37
105468.38
105468.37
105468.38
105468.38
105468.38
105468.38
105468.38
105468.38
105468.38
105468.38
105468.38
105468.38
105468.38
105468.38
105468.38
105468.38
105468.38
105468.38
105468.38
105468.38
105468.38
105468.38
105468.38
105468.38
105468.38
105468.37
105468.37
105468.38
105468.38
105468.37
105468.38
105468.38
105468.38
105468.36
105468.37
105468.38
105468.37
105468.38
105468.38
105468.38
105468.38
105468.38
105468.38
105468.38
105468.38
105468.38
105468.38
105468.38
105468.38
105468.38
105468.38
105468.38
105468.38
105468.38
105468.37
105468.38
105468.38
105468.37
105468.38
105468.38
105468.38
105468.38
105468.38
105468.38
105468.38
105468.38
105468.38
105468.38
105468.38
105468.38
105468.38
105468.38
105468.38
105468.38
105468.38
105468.38
105468.37
105468.38
105468.38
105468.37
105468.38
105468.38
105468.38
105468.38
105468.38
105468.38
105468.38
105468.38
105468.36
105468.38
105468.37
105468.36
105468.37
105468.38
105468.38
105468.38
105468.37
105468.38
105468.38
105468.37
105468.38
105468.38
105468.38
105468.38
105468.38
105468.38
105468.38
105468.38
105468.38
105468.38
105468.37
105468.38
105468.38
105468.36
105468.38
105468.38
105468.38
105468.36
105468.37
105468.36
105468.37
105468.38
105468.38
105468.38
105468.38
105468.37
105468.38
105468.38
105468.37
105468.38
105468.38
105468.38
105468.38
105468.38
105468.38
105468.38
105468.38
105468.38
105468.37
105468.38
105468.38
105468.36
105468.38
105468.35
105468.37
105468.36
105468.38
105468.37
105468.36
105468.34
105468.34
105468.36
105468.34
105468.37
105468.37
105468.33
105468.35
105468.36
105468.37
105468.38
105468.38
105468.38
105468.37
105468.36
105468.32
105468.33
105468.36
105468.34
105468.34
105468.34
105468.31
105468.3
105468.3
105468.33
105468.28
105468.33
105468.31
105468.27
105468.32
105468.35
105468.36
105468.35
105468.35
105468.35
105468.33
105468.35
105468.31
105468.36
105468.34
105468.32
105468.34
105468.37
105468.36
105468.37
105468.34
105468.38
105468.38
105468.35
105468.36
105468.37
105468.37
105468.38
105468.38
105468.38
105468.37
105468.38
105468.37
105468.36
105468.35
105468.38
105468.37
105468.34
105468.37
105468.33
105468.34
105468.29
105468.34
105468.31
105468.32
105468.36
105468.33
105468.34
105468.34
105468.29
105468.35
105468.32
105468.31
105468.35
105468.36
105468.36
105468.38
105468.37
105468.34
105468.37
105468.34
105468.35
105468.34
105468.37
105468.36
105468.32
105468.36
105468.35
105468.37
105468.36
105468.38
105468.36
105468.37
105468.35
105468.34
105468.36
105468.34
105468.37
105468.37
105468.33
105468.35
105468.36
105468.37
105468.38
105468.38
105468.37
105468.37
105468.36
105468.31
105468.33
105468.34
105468.35
105468.34
105468.34
105468.31
105468.3
105468.3
105468.28
105468.33
105468.32
105468.27
105468.31
105468.32
105468.35
105468.36
105468.35
105468.35
105468.34
105468.33
105468.35
105468.31
105468.34
105468.36
105468.32
105468.34
105468.37
105468.36
105468.38
105468.34
105468.38
105468.38
105468.35
105468.36
105468.37
105468.36
105468.35
105468.38
105468.37
105468.34
105468.37
105468.37
105468.38
105468.38
105468.38
105468.38
105468.37
105468.38
105468.33
105468.29
105468.34
105468.34
105468.31
105468.32
105468.36
105468.33
105468.34
105468.29
105468.34
105468.35
105468.31
105468.32
105468.34
105468.35
105468.34
105468.37
105468.36
105468.32
105468.37
105468.35
105468.36
105468.36
105468.38
105468.37
105468.34
105468.37
105468.38
105468.38
105468.38
105468.38
105468.38
105468.38
105468.38
105468.38
105468.38
105468.37
105468.38
105468.38
105468.37
105468.38
105468.38
105468.38
105468.38
105468.38
105468.38
105468.38
105468.38
105468.38
105468.38
105468.38
105468.38
105468.38
105468.38
105468.38
105468.38
105468.38
105468.37
105468.38
105468.38
105468.37
105468.38
105468.38
105468.38
105468.38
105468.38
105468.38
105468.38
105468.38
105468.38
105468.36
105468.37
105468.38
105468.36
105468.37
105468.38
105468.38
105468.38
105468.37
105468.38
105468.38
105468.37
105468.38
105468.38
105468.38
105468.37
105468.38
105468.38
105468.36
105468.38
105468.38
105468.38
105468.38
105468.38
105468.38
105468.38
105468.38
105468.38
105468.36
105468.37
105468.38
105468.36
105468.37
105468.38
105468.38
105468.38
105468.37
105468.38
105468.38
105468.37
105468.38
105468.38
105468.38
105468.37
105468.38
105468.38
105468.36
105468.38
105468.38
105468.38
105468.38
105468.38
105468.38
105468.38
105468.38
105468.35
105468.37
105468.36
105468.38
105468.36
105468.37
105468.35
105468.34
105468.36
105468.34
105468.37
105468.37
105468.33
105468.35
105468.35
105468.37
105468.38
105468.38
105468.37
105468.37
105468.36
105468.31
105468.33
105468.34
105468.35
105468.34
105468.33
105468.31
105468.3
105468.3
105468.28
105468.33
105468.32
105468.27
105468.31
105468.32
105468.35
105468.36
105468.35
105468.34
105468.34
105468.33
105468.35
105468.31
105468.34
105468.36
105468.32
105468.34
105468.36
105468.36
105468.37
105468.34
105468.38
105468.38
105468.35
105468.36
105468.36
105468.35
105468.35
105468.38
105468.37
105468.34
105468.37
105468.37
105468.37
105468.38
105468.38
105468.38
105468.37
105468.38
105468.33
105468.29
105468.33
105468.34
105468.3
105468.32
105468.35
105468.33
105468.33
105468.29
105468.34
105468.35
105468.31
105468.32
105468.34
105468.35
105468.34
105468.37
105468.36
105468.32
105468.36
105468.35
105468.36
105468.36
105468.37
105468.36
105468.34
105468.37
105468.35
105468.37
105468.36
105468.38
105468.36
105468.37
105468.35
105468.34
105468.36
105468.34
105468.37
105468.37
105468.33
105468.35
105468.36
105468.37
105468.38
105468.38
105468.37
105468.38
105468.36
105468.31
105468.33
105468.34
105468.36
105468.34
105468.34
105468.31
105468.3
105468.3
105468.28
105468.33
105468.32
105468.27
105468.31
105468.32
105468.35
105468.36
105468.35
105468.35
105468.34
105468.33
105468.35
105468.31
105468.34
105468.36
105468.32
105468.34
105468.37
105468.37
105468.38
105468.35
105468.38
105468.38
105468.35
105468.36
105468.37
105468.36
105468.35
105468.38
105468.37
105468.34
105468.37
105468.37
105468.38
105468.38
105468.38
105468.38
105468.37
105468.38
105468.33
105468.29
105468.34
105468.34
105468.31
105468.32
105468.36
105468.32
105468.31
105468.27
105468.31
105468.34
105468.29
105468.29
105468.33
105468.34
105468.29
105468.34
105468.35
105468.31
105468.32
105468.34
105468.35
105468.34
105468.37
105468.36
105468.32
105468.36
105468.35
105468.36
105468.36
105468.38
105468.37
105468.34
105468.37
105468.38
105468.38
105468.38
105468.38
105468.38
105468.38
105468.38
105468.38
105468.39
105468.39
105468.39
105468.38
105468.39
105468.39
105468.38
105468.38
105468.38
105468.38
105468.38
105468.38
105468.38
105468.38
105468.37
105468.37
105468.38
105468.38
105468.37
105468.38
105468.38
105468.38
105468.38
105468.38
105468.38
105468.38
105468.38
105468.38
105468.38
105468.36
105468.37
105468.38
105468.37
105468.38
105468.31
105468.3
105468.29
105468.33
105468.32
105468.29
105468.31
105468.29
105468.28
105468.26
105468.28
105468.27
105468.27
105468.3
105468.29
105468.29
105468.27
105468.3
105468.28
105468.3
105468.29
105468.3
105468.3
105468.3
105468.33
105468.32
105468.28
105468.31
105468.29
105468.29
105468.26
105468.28
105468.27
105468.27
105468.3
105468.29
105468.28
105468.27
105468.29
105468.28
105468.29
105468.28
105468.3
105468.3
105468.33
105468.3
105468.32
105468.28
105468.32
105468.29
105468.29
105468.26
105468.28
105468.28
105468.27
105468.3
105468.29
105468.29
105468.27
105468.3
105468.28
105468.29
105468.3
105468.28
105468.26
105468.26
105468.25
105468.27
105468.28
105468.27
105468.31
105468.3
105468.3
105468.33
105468.32
105468.29
105468.32
105468.29
105468.29
105468.27
105468.3
105468.28
105468.29
105468.3
105468.29
105468.29
105468.26
105468.28
105468.27
105468.27
105468.3
105468.31
105468.3
105468.33
105468.3
105468.32
105468.29
105468.32
105468.29
105468.29
105468.26
105468.28
105468.28
105468.27
105468.31
105468.3
105468.29
105468.28
105468.3
105468.28
105468.29
105468.31
105468.28
105468.26
105468.26
105468.25
105468.27
105468.28
105468.27
105468.31
105468.3
105468.3
105468.33
105468.32
105468.29
105468.32
105468.29
105468.29
105468.27
105468.3
105468.28
105468.29
105468.3
105468.29
105468.29
105468.26
105468.28
105468.28
105468.27
105468.3
105468.39
105468.39
105468.4
105468.39
105468.39
105468.38
105468.38
105468.4
105468.39
105468.39
105468.39
105468.39
105468.38
105468.38
105468.38
105468.38
105468.38
105468.38
105468.38
105468.38
105468.38
105468.39
105468.4
105468.39
105468.39
105468.39
105468.38
105468.38
105468.4
105468.39
105468.39
105468.39
105468.39
105468.38
105468.38
105468.38
105468.38
105468.38
105468.38
105468.38
105468.38
105468.38
105468.38
105468.38
105468.38
105468.38
105468.38
105468.38
105468.38
105468.38
105468.38
105468.38
105468.38
105468.38
105468.38
105468.38
105468.38
105468.38
105468.38
105468.38
105468.38
105468.38
105468.38
105468.38
105468.38
105468.38
105468.38
105468.38
105468.38
105468.38
105468.38
105468.38
105468.38
105468.38
105468.38
105468.38
105468.38
105468.39
105468.38
105468.39
105468.38
105468.39
105468.38
105468.38
105468.38
105468.38
105468.38
105468.38
105468.38
105468.38
105468.38
105468.4
105468.39
105468.39
105468.39
105468.39
105468.38
105468.38
105468.4
105468.39
105468.39
105468.39
105468.39
105468.38
105468.38
105468.4
105468.39
105468.39
105468.39
105468.39
105468.38
105468.38
105468.4
105468.39
105468.39
105468.39
105468.39
105468.38
105468.38
105468.39
105468.39
105468.39
105468.39
105468.39
105468.39
105468.39
105468.39
105468.39
105468.39
105468.39
105468.39
105468.39
105468.38
105468.39
105468.39
105468.4
105468.39
105468.39
105468.38
105468.38
105468.4
105468.39
105468.39
105468.39
105468.39
105468.38
105468.38
105468.39
105468.39
105468.39
105468.39
105468.39
105468.39
105468.39
105468.39
105468.38
105468.38
105468.39
105468.39
105468.38
105468.38
105468.38
105468.38
105468.38
105468.38
105468.38
105468.38
105468.38
105468.39
105468.4
105468.39
105468.39
105468.39
105468.38
105468.38
105468.4
105468.39
105468.39
105468.39
105468.39
105468.38
105468.38
105468.39
105468.39
105468.39
105468.39
105468.39
105468.39
105468.39
105468.39
105468.39
105468.39
105468.39
105468.39
105468.39
105468.38
105468.39
105468.38
105468.4
105468.39
105468.39
105468.38
105468.38
105468.4
105468.39
105468.39
105468.39
105468.39
105468.38
105468.38
105468.39
105468.39
105468.4
105468.39
105468.39
105468.38
105468.38
105468.4
105468.39
105468.39
105468.39
105468.39
105468.38
105468.38
105468.39
105468.39
105468.39
105468.39
105468.39
105468.39
105468.39
105468.39
105468.39
105468.39
105468.39
105468.39
105468.39
105468.39
105468.38
105468.38
105468.38
105468.38
105468.38
105468.38
105468.38
105468.38
105468.38
105468.38
105468.38
105468.38
105468.38
105468.38
105468.38
105468.38
105468.38
105468.38
105468.38
105468.38
105468.38
105468.38
105468.38
105468.38
105468.38
105468.38
105468.38
105468.38
105468.38
105468.38
105468.38
105468.38
105468.38
105468.38
105468.38
105468.36
105468.33
105468.36
105468.36
105468.35
105468.37
105468.37
105468.33
105468.35
105468.35
105468.35
105468.35
105468.37
105468.37
105468.36
105468.33
105468.35
105468.35
105468.35
105468.36
105468.37
105468.32
105468.35
105468.34
105468.35
105468.34
105468.36
105468.36
105468.38
105468.38
105468.38
105468.38
105468.38
105468.38
105468.38
105468.38
105468.38
105468.38
105468.38
105468.38
105468.38
105468.38
105468.35
105468.36
105468.33
105468.36
105468.35
105468.37
105468.37
105468.33
105468.35
105468.35
105468.36
105468.35
105468.37
105468.37
105468.36
105468.33
105468.36
105468.36
105468.35
105468.37
105468.37
105468.33
105468.35
105468.34
105468.35
105468.35
105468.36
105468.36
105468.38
105468.38
105468.38
105468.38
105468.38
105468.38
105468.38
105468.38
105468.38
105468.38
105468.38
105468.38
105468.38
105468.38
105468.38
105468.38
105468.38
105468.38
105468.38
105468.38
105468.38
105468.38
105468.38
105468.38
105468.38
105468.38
105468.38
105468.38
105468.36
105468.33
105468.36
105468.36
105468.35
105468.37
105468.37
105468.33
105468.35
105468.34
105468.35
105468.35
105468.37
105468.36
105468.33
105468.36
105468.36
105468.36
105468.35
105468.37
105468.37
105468.33
105468.35
105468.34
105468.35
105468.35
105468.36
105468.36
105468.38
105468.38
105468.38
105468.38
105468.38
105468.38
105468.38
105468.38
105468.38
105468.38
105468.38
105468.38
105468.38
105468.38
105468.33
105468.36
105468.36
105468.36
105468.35
105468.37
105468.37
105468.33
105468.35
105468.34
105468.35
105468.34
105468.36
105468.36
105468.33
105468.36
105468.36
105468.36
105468.35
105468.37
105468.37
105468.33
105468.35
105468.35
105468.35
105468.35
105468.37
105468.37
105468.38
105468.38
105468.38
105468.38
105468.38
105468.38
105468.38
105468.38
105468.38
105468.38
105468.38
105468.38
105468.38
105468.38
105468.38
105468.38
105468.38
105468.38
105468.38
105468.38
105468.38
105468.38
105468.38
105468.38
105468.38
105468.38
105468.38
105468.38
105468.38
105468.38
105468.38
105468.38
105468.38
105468.38
105468.38
105468.38
105468.38
105468.38
105468.38
105468.38
105468.38
105468.38
105468.38
105468.38
105468.38
105468.38
105468.38
105468.38
105468.38
105468.38
105468.38
105468.38
105468.38
105468.38
105468.38
105468.38
105468.38
105468.38
105468.38
105468.38
105468.38
105468.38
105468.38
105468.38
105468.38
105468.38
105468.38
105468.38
105468.38
105468.38
105468.38
105468.38
105468.38
105468.38
105468.38
105468.38
105468.38
105468.33
105468.31
105468.34
105468.33
105468.32
105468.34
105468.35
105468.33
105468.31
105468.34
105468.33
105468.32
105468.34
105468.35
105468.3
105468.29
105468.29
105468.31
105468.31
105468.3
105468.32
105468.38
105468.38
105468.39
105468.38
105468.39
105468.38
105468.38
105468.38
105468.38
105468.39
105468.38
105468.39
105468.38
105468.38
105468.39
105468.39
105468.39
105468.38
105468.38
105468.39
105468.38
105468.38
105468.38
105468.39
105468.38
105468.39
105468.38
105468.38
105468.38
105468.38
105468.39
105468.38
105468.39
105468.38
105468.38
105468.39
105468.39
105468.39
105468.38
105468.38
105468.39
105468.38
105468.38
105468.38
105468.39
105468.38
105468.39
105468.38
105468.38
105468.38
105468.38
105468.39
105468.38
105468.39
105468.38
105468.38
105468.39
105468.39
105468.39
105468.38
105468.38
105468.39
105468.38
105468.38
105468.39
105468.38
105468.39
105468.38
105468.38
105468.38
105468.38
105468.39
105468.38
105468.39
105468.38
105468.38
105468.38
105468.39
105468.39
105468.39
105468.39
105468.38
105468.38
105468.38
105468.39
105468.38
105468.39
105468.39
105468.39
105468.39
105468.38
105468.39
105468.39
105468.39
105468.39
105468.39
105468.39
105468.38
105468.39
105468.39
105468.39
105468.39
105468.39
105468.39
105468.39
105468.39
105468.39
105468.39
105468.39
105468.39
105468.39
105468.39
105468.39
105468.39
105468.39
105468.39
105468.39
105468.39
105468.39
105468.39
105468.39
105468.39
105468.39
105468.39
105468.39
105468.39
105468.39
105468.38
105468.39
105468.39
105468.39
105468.38
105468.38
105468.39
105468.38
105468.39
105468.39
105468.39
105468.38
105468.38
105468.39
105468.39
105468.39
105468.39
105468.39
105468.39
105468.39
105468.39
105468.39
105468.38
105468.39
105468.39
105468.38
105468.38
105468.39
105468.39
105468.39
105468.39
105468.39
105468.39
105468.38
105468.39
105468.39
105468.39
105468.39
105468.39
105468.39
105468.39
105468.39
105468.38
105468.39
105468.39
105468.39
105468.38
105468.38
105468.39
105468.39
105468.39
105468.39
105468.39
105468.39
105468.38
105468.39
105468.39
105468.39
105468.39
105468.39
105468.39
105468.39
105468.39
105468.38
105468.39
105468.39
105468.39
105468.38
105468.38
105468.39
105468.39
105468.38
105468.39
105468.39
105468.38
105468.38
105468.39
105468.39
105468.39
105468.39
105468.39
105468.39
105468.39
105468.39
105468.39
105468.38
105468.39
105468.39
105468.39
105468.38
105468.39
105468.39
105468.39
105468.39
105468.39
105468.39
105468.38
105468.39
105468.39
105468.39
105468.39
105468.39
105468.39
105468.39
105468.39
105468.38
105468.39
105468.39
105468.39
105468.39
105468.38
105468.39
105468.39
105468.39
105468.39
105468.39
105468.39
105468.39
105468.39
105468.39
105468.39
105468.39
105468.39
105468.39
105468.39
105468.38
105468.38
105468.38
105468.38
105468.38
105468.38
105468.38
105468.38
105468.38
105468.38
105468.38
105468.38
105468.38
105468.38
105468.38
105468.38
105468.38
105468.38
105468.38
105468.38
105468.38
105468.38
105468.38
105468.38
105468.38
105468.38
105468.38
105468.38
105468.38
105468.38
105468.38
105468.38
105468.38
105468.38
105468.38
105468.38
105468.38
105468.38
105468.38
105468.38
105468.38
105468.38
105468.38
105468.38
105468.38
105468.38
105468.38
105468.38
105468.38
105468.38
105468.38
105468.38
105468.38
105468.38
105468.38
105468.38
105468.38
105468.38
105468.38
105468.38
105468.38
105468.38
105468.38
105468.38
105468.38
105468.38
105468.38
105468.38
105468.38
105468.38
105468.38
105468.38
105468.38
105468.38
105468.38
105468.38
105468.38
105468.38
105468.38
105468.38
105468.38
105468.38
105468.38
105468.38
105468.38
105468.38
105468.38
105468.38
105468.38
105468.38
105468.38
105468.38
105468.38
105468.38
105468.38
105468.38
105468.38
105468.38
105468.38
105468.38
105468.38
105468.38
105468.38
105468.38
105468.38
105468.38
105468.38
105468.38
105468.38
105468.38
105468.38
105468.38
105468.38
105468.38
105468.38
105468.38
105468.38
105468.38
105468.38
105468.38
105468.38
105468.38
105468.38
105468.38
105468.38
105468.38
105468.33
105468.3
105468.34
105468.32
105468.32
105468.33
105468.34
105468.33
105468.31
105468.34
105468.32
105468.33
105468.34
105468.35
105468.3
105468.29
105468.29
105468.3
105468.31
105468.31
105468.32
105468.34
105468.34
105468.31
105468.32
105468.33
105468.34
105468.35
105468.33
105468.31
105468.34
105468.32
105468.33
105468.34
105468.35
105468.3
105468.29
105468.29
105468.31
105468.31
105468.31
105468.32
105468.34
105468.34
105468.31
105468.33
105468.33
105468.34
105468.35
105468.34
105468.31
105468.34
105468.32
105468.33
105468.34
105468.35
105468.3
105468.29
105468.29
105468.31
105468.32
105468.32
105468.33
105468.4
105468.4
105468.43
105468.41
105468.39
105468.39
105468.39
105468.4
105468.4
105468.43
105468.41
105468.39
105468.39
105468.39
105468.4
105468.4
105468.42
105468.41
105468.39
105468.39
105468.39
105468.39
105468.38
105468.38
105468.38
105468.39
105468.39
105468.39
105468.4
105468.4
105468.4
105468.39
105468.39
105468.38
105468.39
105468.39
105468.38
105468.38
105468.38
105468.38
105468.38
105468.38
105468.39
105468.38
105468.38
105468.38
105468.38
105468.38
105468.38
105468.39
105468.4
105468.39
105468.39
105468.39
105468.38
105468.39
105468.39
105468.38
105468.38
105468.38
105468.38
105468.39
105468.38
105468.39
105468.4
105468.39
105468.39
105468.39
105468.39
105468.39
105468.4
105468.4
105468.43
105468.41
105468.39
105468.39
105468.39
105468.4
105468.4
105468.43
105468.41
105468.39
105468.39
105468.39
105468.4
105468.4
105468.42
105468.41
105468.39
105468.39
105468.39
105468.39
105468.38
105468.38
105468.38
105468.39
105468.39
105468.39
105468.39
105468.4
105468.39
105468.39
105468.39
105468.39
105468.39
105468.39
105468.39
105468.39
105468.39
105468.39
105468.39
105468.38
105468.39
105468.4
105468.39
105468.39
105468.39
105468.39
105468.39
105468.4
105468.4
105468.43
105468.41
105468.39
105468.39
105468.39
105468.4
105468.4
105468.43
105468.41
105468.39
105468.39
105468.39
105468.4
105468.4
105468.42
105468.41
105468.39
105468.39
105468.39
105468.39
105468.38
105468.38
105468.38
105468.39
105468.39
105468.39
105468.39
105468.4
105468.39
105468.39
105468.39
105468.39
105468.39
105468.39
105468.38
105468.39
105468.38
105468.38
105468.39
105468.38
105468.39
105468.38
105468.39
105468.38
105468.38
105468.39
105468.38
105468.39
105468.4
105468.39
105468.39
105468.39
105468.39
105468.39
105468.39
105468.38
105468.38
105468.38
105468.38
105468.39
105468.38
105468.4
105468.4
105468.43
105468.41
105468.39
105468.39
105468.39
105468.4
105468.4
105468.43
105468.41
105468.39
105468.39
105468.39
105468.4
105468.4
105468.42
105468.41
105468.39
105468.39
105468.39
105468.39
105468.38
105468.38
105468.38
105468.39
105468.39
105468.39
105468.4
105468.4
105468.4
105468.39
105468.39
105468.38
105468.39
105468.39
105468.38
105468.38
105468.38
105468.38
105468.38
105468.38
105468.39
105468.38
105468.38
105468.38
105468.38
105468.38
105468.38
105468.39
105468.4
105468.39
105468.39
105468.39
105468.39
105468.39
105468.39
105468.38
105468.39
105468.38
105468.38
105468.39
105468.38
105468.39
105468.4
105468.39
105468.39
105468.39
105468.39
105468.39
105468.36
105468.36
105468.33
105468.34
105468.38
105468.37
105468.37
105468.34
105468.34
105468.32
105468.33
105468.37
105468.36
105468.35
105468.35
105468.34
105468.32
105468.33
105468.37
105468.36
105468.35
105468.36
105468.38
105468.38
105468.38
105468.37
105468.37
105468.37
105468.36
105468.36
105468.35
105468.38
105468.37
105468.38
105468.37
105468.37
105468.38
105468.38
105468.38
105468.38
105468.38
105468.38
105468.37
105468.38
105468.38
105468.38
105468.38
105468.37
105468.38
105468.36
105468.36
105468.35
105468.38
105468.37
105468.38
105468.37
105468.37
105468.38
105468.38
105468.38
105468.38
105468.38
105468.38
105468.36
105468.36
105468.33
105468.34
105468.38
105468.37
105468.37
105468.35
105468.34
105468.32
105468.33
105468.37
105468.36
105468.35
105468.35
105468.34
105468.32
105468.33
105468.37
105468.36
105468.35
105468.36
105468.38
105468.38
105468.38
105468.37
105468.37
105468.37
105468.36
105468.36
105468.36
105468.38
105468.37
105468.38
105468.37
105468.37
105468.38
105468.38
105468.38
105468.38
105468.38
105468.38
105468.37
105468.38
105468.38
105468.38
105468.38
105468.38
105468.38
105468.37
105468.36
105468.36
105468.38
105468.37
105468.38
105468.37
105468.37
105468.38
105468.38
105468.38
105468.38
105468.37
105468.38
105468.36
105468.36
105468.33
105468.35
105468.38
105468.37
105468.37
105468.35
105468.34
105468.32
105468.34
105468.37
105468.36
105468.36
105468.35
105468.34
105468.32
105468.34
105468.37
105468.36
105468.36
105468.36
105468.38
105468.38
105468.38
105468.38
105468.38
105468.37
105468.37
105468.36
105468.36
105468.38
105468.37
105468.38
105468.37
105468.37
105468.38
105468.38
105468.38
105468.38
105468.38
105468.38
105468.37
105468.38
105468.38
105468.38
105468.38
105468.38
105468.38
105468.37
105468.36
105468.36
105468.38
105468.37
105468.38
105468.37
105468.37
105468.38
105468.38
105468.38
105468.38
105468.38
105468.38
105468.34
105468.34
105468.34
105468.36
105468.36
105468.37
105468.36
105468.36
105468.36
105468.33
105468.34
105468.38
105468.37
105468.37
105468.35
105468.34
105468.32
105468.33
105468.37
105468.36
105468.35
105468.35
105468.34
105468.32
105468.33
105468.37
105468.36
105468.35
105468.36
105468.38
105468.38
105468.38
105468.37
105468.37
105468.37
105468.36
105468.36
105468.35
105468.38
105468.37
105468.38
105468.37
105468.37
105468.38
105468.38
105468.38
105468.38
105468.38
105468.38
105468.37
105468.38
105468.38
105468.38
105468.38
105468.38
105468.38
105468.37
105468.36
105468.35
105468.38
105468.37
105468.38
105468.37
105468.37
105468.38
105468.38
105468.38
105468.38
105468.38
105468.38
105468.34
105468.34
105468.34
105468.36
105468.35
105468.37
105468.35
105468.38
105468.38
105468.38
105468.38
105468.38
105468.38
105468.38
105468.38
105468.38
105468.38
105468.38
105468.38
105468.38
105468.38
105468.38
105468.38
105468.38
105468.38
105468.38
105468.38
105468.38
105468.39
105468.38
105468.38
105468.38
105468.38
105468.38
105468.38
105468.39
105468.4
105468.4
105468.39
105468.39
105468.39
105468.38
105468.39
105468.38
105468.38
105468.38
105468.39
105468.38
105468.38
105468.39
105468.38
105468.38
105468.38
105468.39
105468.38
105468.38
105468.39
105468.4
105468.4
105468.39
105468.39
105468.39
105468.38
105468.34
105468.33
105468.34
105468.35
105468.36
105468.35
105468.37
105468.34
105468.34
105468.33
105468.35
105468.35
105468.35
105468.36
105468.38
105468.38
105468.38
105468.38
105468.38
105468.38
105468.38
105468.38
105468.38
105468.38
105468.38
105468.38
105468.38
105468.38
105468.38
105468.38
105468.38
105468.38
105468.38
105468.38
105468.38
105468.38
105468.38
105468.38
105468.38
105468.38
105468.38
105468.38
105468.38
105468.38
105468.38
105468.38
105468.38
105468.38
105468.38
105468.38
105468.38
105468.38
105468.38
105468.38
105468.38
105468.38
105468.38
105468.38
105468.38
105468.38
105468.38
105468.38
105468.38
105468.38
105468.38
105468.38
105468.38
105468.38
105468.38
105468.38
105468.38
105468.38
105468.38
105468.38
105468.38
105468.38
105468.38
105468.38
105468.38
105468.38
105468.38
105468.38
105468.38
105468.38
105468.38
105468.38
105468.38
105468.38
105468.38
105468.38
105468.38
105468.38
105468.38
105468.38
105468.38
105468.38
105468.38
105468.38
105468.38
105468.38
105468.38
105468.38
105468.38
105468.38
105468.38
105468.38
105468.38
105468.38
105468.38
105468.38
105468.38
105468.38
105468.38
105468.38
105468.38
105468.38
105468.38
105468.38
105468.38
105468.38
105468.38
105468.38
105468.38
105468.38
105468.38
105468.38
105468.38
105468.38
105468.38
105468.38
105468.38
105468.38
105468.38
105468.38
105468.38
105468.38
105468.38
105468.38
105468.38
105468.38
105468.38
105468.38
105468.38
105468.39
105468.39
105468.39
105468.39
105468.38
105468.38
105468.38
105468.38
105468.39
105468.38
105468.38
105468.38
105468.38
105468.38
105468.38
105468.38
105468.38
105468.38
105468.38
105468.38
105468.38
105468.38
105468.38
105468.38
105468.38
105468.38
105468.38
105468.38
105468.38
105468.38
105468.38
105468.38
105468.38
105468.38
105468.38
105468.38
105468.38
105468.38
105468.38
105468.38
105468.38
105468.38
105468.38
105468.38
105468.38
105468.38
105468.38
105468.38
105468.38
105468.38
105468.38
105468.38
105468.38
105468.38
105468.38
105468.38
105468.38
105468.38
105468.38
105468.38
105468.38
105468.38
105468.38
105468.38
105468.38
105468.38
105468.38
105468.38
105468.38
105468.38
105468.38
105468.38
105468.38
105468.38
105468.38
105468.38
105468.38
105468.38
105468.38
105468.38
105468.38
105468.38
105468.38
105468.38
105468.38
105468.38
105468.38
105468.38
105468.38
105468.38
105468.38
105468.38
105468.38
105468.38
105468.38
105468.38
105468.38
105468.38
105468.38
105468.38
105468.38
105468.38
105468.38
105468.38
105468.38
105468.38
105468.38
105468.38
105468.38
105468.38
105468.38
105468.38
105468.38
105468.38
105468.38
105468.38
105468.38
105468.38
105468.38
105468.38
105468.38
105468.38
105468.38
105468.38
105468.37
105468.38
105468.37
105468.37
105468.37
105468.37
105468.38
105468.37
105468.37
105468.37
105468.37
105468.37
105468.37
105468.38
105468.38
105468.38
105468.37
105468.37
105468.37
105468.37
105468.37
105468.37
105468.37
105468.37
105468.36
105468.37
105468.37
105468.38
105468.38
105468.38
105468.38
105468.38
105468.38
105468.38
105468.38
105468.38
105468.38
105468.38
105468.38
105468.38
105468.38
105468.38
105468.38
105468.38
105468.38
105468.38
105468.38
105468.38
105468.39
105468.38
105468.38
105468.39
105468.38
105468.39
105468.39
105468.38
105468.38
105468.38
105468.38
105468.38
105468.38
105468.38
105468.38
105468.38
105468.38
105468.38
105468.38
105468.38
105468.38
105468.38
105468.38
105468.38
105468.38
105468.38
105468.38
105468.38
105468.38
105468.38
105468.38
105468.38
105468.38
105468.38
105468.38
105468.38
105468.38
105468.38
105468.38
105468.38
105468.38
105468.38
105468.38
105468.38
105468.38
105468.38
105468.38
105468.38
105468.38
105468.38
105468.38
105468.38
105468.38
105468.38
105468.38
105468.38
105468.38
105468.38
105468.38
105468.38
105468.38
105468.38
105468.38
105468.38
105468.38
105468.38
105468.38
105468.38
105468.38
105468.38
105468.38
105468.38
105468.38
105468.38
105468.38
105468.38
105468.38
105468.38
105468.38
105468.38
105468.38
105468.38
105468.38
105468.38
105468.38
105468.38
105468.38
105468.38
105468.38
105468.38
105468.38
105468.38
105468.38
105468.38
105468.38
105468.38
105468.38
105468.38
105468.38
105468.38
105468.38
105468.38
105468.38
105468.38
105468.38
105468.38
105468.38
105468.38
105468.38
105468.38
105468.38
105468.38
105468.38
105468.38
105468.38
105468.38
105468.38
105468.38
105468.38
105468.38
105468.38
105468.38
105468.38
105468.38
105468.38
105468.38
105468.38
105468.38
105468.38
105468.38
105468.38
105468.38
105468.38
105468.38
105468.38
105468.38
105468.38
105468.38
105468.38
105468.38
105468.38
105468.38
105468.38
105468.38
105468.38
105468.38
105468.38
105468.38
105468.38
105468.38
105468.38
105468.38
105468.38
105468.38
105468.38
105468.38
105468.38
105468.38
105468.38
105468.38
105468.38
105468.38
105468.38
105468.38
105468.38
105468.38
105468.38
105468.38
105468.38
105468.38
105468.37
105468.38
105468.38
105468.38
105468.37
105468.38
105468.38
105468.38
105468.38
105468.38
105468.38
105468.38
105468.38
105468.38
105468.38
105468.38
105468.38
105468.38
105468.38
105468.38
105468.38
105468.38
105468.38
105468.38
105468.38
105468.38
105468.34
105468.37
105468.36
105468.37
105468.36
105468.36
105468.34
105468.31
105468.35
105468.32
105468.29
105468.29
105468.34
105468.32
105468.38
105468.38
105468.38
105468.38
105468.38
105468.38
105468.38
105468.38
105468.38
105468.38
105468.38
105468.38
105468.38
105468.38
105468.38
105468.38
105468.38
105468.38
105468.38
105468.38
105468.38
105468.38
105468.38
105468.38
105468.38
105468.38
105468.38
105468.38
105468.38
105468.38
105468.38
105468.38
105468.38
105468.38
105468.38
105468.39
105468.39
105468.39
105468.39
105468.39
105468.39
105468.39
105468.38
105468.38
105468.38
105468.38
105468.38
105468.38
105468.38
105468.38
105468.38
105468.38
105468.39
105468.38
105468.39
105468.39
105468.38
105468.38
105468.38
105468.38
105468.38
105468.38
105468.38
105468.38
105468.38
105468.38
105468.38
105468.38
105468.38
105468.38
105468.38
105468.38
105468.38
105468.38
105468.38
105468.38
105468.38
105468.38
105468.38
105468.38
105468.39
105468.38
105468.39
105468.39
105468.38
105468.39
105468.38
105468.38
105468.39
105468.39
105468.38
105468.38
105468.38
105468.38
105468.38
105468.38
105468.38
105468.38
105468.38
105468.38
105468.38
105468.38
105468.38
105468.38
105468.38
105468.38
105468.38
105468.38
105468.38
105468.38
105468.38
105468.38
105468.38
105468.38
105468.38
105468.38
105468.38
105468.38
105468.38
105468.38
105468.38
105468.38
105468.38
105468.38
105468.38
105468.38
105468.33
105468.37
105468.36
105468.36
105468.35
105468.35
105468.34
105468.34
105468.38
105468.37
105468.38
105468.36
105468.37
105468.34
105468.34
105468.38
105468.37
105468.37
105468.36
105468.36
105468.35
105468.38
105468.38
105468.38
105468.38
105468.38
105468.38
105468.38
105468.38
105468.38
105468.38
105468.38
105468.38
105468.38
105468.38
105468.38
105468.38
105468.38
105468.38
105468.38
105468.38
105468.38
105468.38
105468.38
105468.38
105468.38
105468.38
105468.38
105468.38
105468.38
105468.38
105468.38
105468.38
105468.38
105468.38
105468.38
105468.38
105468.38
105468.38
105468.38
105468.38
105468.38
105468.38
105468.38
105468.38
105468.38
105468.38
105468.38
105468.38
105468.38
105468.38
105468.38
105468.38
105468.38
105468.38
105468.38
105468.38
105468.38
105468.38
105468.38
105468.38
105468.38
105468.38
105468.38
105468.38
105468.38
105468.38
105468.38
105468.38
105468.38
105468.38
105468.38
105468.38
105468.38
105468.38
105468.38
105468.38
105468.38
105468.38
105468.38
105468.38
105468.38
105468.38
105468.38
105468.38
105468.38
105468.38
105468.38
105468.38
105468.38
105468.38
105468.38
105468.38
105468.38
105468.38
105468.38
105468.38
105468.38
105468.38
105468.38
105468.38
105468.38
105468.38
105468.38
105468.38
105468.38
105468.38
105468.38
105468.38
105468.38
105468.38
105468.38
105468.38
105468.39
105468.39
105468.39
105468.39
105468.39
105468.39
105468.39
105468.39
105468.39
105468.39
105468.39
105468.39
105468.39
105468.39
105468.38
105468.38
105468.38
105468.38
105468.38
105468.38
105468.38
105468.38
105468.38
105468.38
105468.38
105468.38
105468.38
105468.38
105468.38
105468.38
105468.38
105468.38
105468.38
105468.38
105468.38
105468.38
105468.38
105468.38
105468.38
105468.38
105468.38
105468.39
105468.38
105468.39
105468.38
105468.38
105468.39
105468.38
105468.39
105468.38
105468.38
105468.38
105468.38
105468.38
105468.38
105468.38
105468.38
105468.38
105468.38
105468.38
105468.38
105468.38
105468.38
105468.38
105468.38
105468.38
105468.38
105468.38
105468.38
105468.38
105468.38
105468.39
105468.38
105468.38
105468.39
105468.38
105468.39
105468.38
105468.39
105468.38
105468.38
105468.39
105468.38
105468.39
105468.39
105468.39
105468.39
105468.38
105468.39
105468.38
105468.38
105468.38
105468.38
105468.38
105468.38
105468.38
105468.38
105468.38
105468.38
105468.38
105468.38
105468.38
105468.38
105468.38
105468.38
105468.38
105468.38
105468.38
105468.38
105468.38
105468.38
105468.38
105468.38
105468.38
105468.38
105468.38
105468.38
105468.38
105468.38
105468.38
105468.38
105468.38
105468.38
105468.38
105468.38
105468.38
105468.38
105468.38
105468.38
105468.38
105468.38
105468.38
105468.38
105468.38
105468.38
105468.38
105468.38
105468.38
105468.38
105468.38
105468.39
105468.39
105468.38
105468.38
105468.39
105468.39
105468.38
105468.38
105468.38
105468.38
105468.38
105468.38
105468.38
105468.38
105468.38
105468.38
105468.38
105468.38
105468.38
105468.39
105468.38
105468.38
105468.38
105468.38
105468.38
105468.38
105468.38
105468.38
105468.39
105468.39
105468.39
105468.39
105468.39
105468.39
105468.39
105468.39
105468.38
105468.38
105468.38
105468.39
105468.39
105468.38
105468.39
105468.38
105468.38
105468.38
105468.39
105468.39
105468.38
105468.38
105468.38
105468.38
105468.38
105468.38
105468.38
105468.38
105468.38
105468.38
105468.38
105468.38
105468.38
105468.38
105468.38
105468.38
105468.38
105468.38
105468.38
105468.38
105468.38
105468.38
105468.38
105468.38
105468.38
105468.38
105468.38
105468.38
105468.38
105468.38
105468.38
105468.38
105468.38
105468.38
105468.38
105468.38
105468.38
105468.38
105468.37
105468.38
105468.38
105468.38
105468.38
105468.38
105468.38
105468.38
105468.38
105468.38
105468.38
105468.38
105468.36
105468.36
105468.36
105468.37
105468.38
105468.38
105468.37
105468.38
105468.38
105468.38
105468.38
105468.38
105468.38
105468.38
105468.38
105468.38
105468.38
105468.38
105468.38
105468.38
105468.38
105468.38
105468.38
105468.38
105468.38
105468.38
105468.38
105468.38
105468.38
105468.38
105468.38
105468.38
105468.38
105468.38
105468.38
105468.38
105468.38
105468.38
105468.38
105468.38
105468.38
105468.38
105468.38
105468.36
105468.37
105468.38
105468.38
105468.38
105468.38
105468.26
105468.29
105468.28
105468.28
105468.28
105468.28
105468.27
105468.38
105468.38
105468.38
105468.38
105468.38
105468.38
105468.38
105468.38
105468.37
105468.38
105468.38
105468.38
105468.38
105468.37
105468.38
105468.38
105468.38
105468.38
105468.38
105468.38
105468.38
105468.38
105468.38
105468.38
105468.38
105468.38
105468.38
105468.38
105468.38
105468.38
105468.38
105468.38
105468.38
105468.38
105468.38
105468.38
105468.38
105468.38
105468.38
105468.38
105468.38
105468.38
105468.38
105468.38
105468.38
105468.38
105468.38
105468.38
105468.38
105468.38
105468.38
105468.38
105468.38
105468.38
105468.38
105468.38
105468.38
105468.38
105468.38
105468.38
105468.38
105468.38
105468.38
105468.38
105468.38
105468.38
105468.38
105468.38
105468.38
105468.38
105468.38
105468.38
105468.38
105468.38
105468.38
105468.38
105468.38
105468.38
105468.38
105468.38
105468.38
105468.38
105468.38
105468.38
105468.38
105468.38
105468.38
105468.38
105468.38
105468.38
105468.38
105468.39
105468.38
105468.38
105468.38
105468.39
105468.38
105468.38
105468.39
105468.38
105468.38
105468.38
105468.39
105468.38
105468.38
105468.38
105468.38
105468.38
105468.38
105468.38
105468.38
105468.38
105468.38
105468.38
105468.38
105468.38
105468.38
105468.38
105468.38
105468.38
105468.38
105468.38
105468.38
105468.38
105468.38
105468.38
105468.38
105468.38
105468.38
105468.38
105468.38
105468.38
105468.38
105468.38
105468.38
105468.38
105468.38
105468.38
105468.38
105468.38
105468.38
105468.38
105468.38
105468.38
105468.38
105468.38
105468.38
105468.38
105468.38
105468.38
105468.38
105468.38
105468.38
105468.38
105468.38
105468.38
105468.38
105468.38
105468.38
105468.38
105468.38
105468.38
105468.38
105468.38
105468.38
105468.38
105468.38
105468.38
105468.38
105468.38
105468.38
105468.38
105468.38
105468.38
105468.38
105468.39
105468.38
105468.38
105468.38
105468.39
105468.38
105468.38
105468.38
105468.38
105468.38
105468.38
105468.38
105468.38
105468.38
105468.38
105468.38
105468.38
105468.38
105468.38
105468.38
105468.38
105468.38
105468.38
105468.38
105468.38
105468.38
105468.38
105468.38
105468.38
105468.38
105468.38
105468.38
105468.38
105468.38
105468.38
105468.38
105468.38
105468.38
105468.38
105468.38
105468.38
105468.38
105468.38
105468.38
105468.38
105468.38
105468.38
105468.38
105468.38
105468.38
105468.38
105468.38
105468.38
105468.38
105468.38
105468.38
105468.38
105468.38
105468.38
105468.38
105468.38
105468.38
105468.38
105468.38
105468.38
105468.38
105468.38
105468.38
105468.38
105468.38
105468.38
105468.38
105468.38
105468.38
105468.38
105468.38
105468.38
105468.38
105468.38
105468.38
105468.38
105468.38
105468.38
105468.38
105468.39
105468.39
105468.39
105468.39
105468.39
105468.38
105468.38
105468.38
105468.38
105468.38
105468.38
105468.38
105468.38
105468.38
105468.38
105468.38
105468.38
105468.38
105468.38
105468.38
105468.38
105468.38
105468.38
105468.38
105468.38
105468.38
105468.38
105468.38
105468.38
105468.39
105468.38
105468.38
105468.39
105468.38
105468.38
105468.39
105468.39
105468.39
105468.38
105468.38
105468.38
105468.38
105468.38
105468.38
105468.38
105468.38
105468.38
105468.38
105468.38
105468.39
105468.38
105468.39
105468.38
105468.38
105468.38
105468.38
105468.39
105468.39
105468.39
105468.39
105468.39
105468.39
105468.39
105468.39
105468.39
105468.39
105468.39
105468.39
105468.39
105468.39
105468.39
105468.39
105468.39
105468.39
105468.39
105468.39
105468.39
105468.38
105468.38
105468.38
105468.38
105468.38
105468.38
105468.38
105468.38
105468.38
105468.38
105468.38
105468.38
105468.38
105468.38
105468.38
105468.38
105468.38
105468.38
105468.38
105468.38
105468.38
105468.38
105468.38
105468.38
105468.38
105468.38
105468.38
105468.38
105468.38
105468.38
105468.38
105468.38
105468.38
105468.38
105468.38
105468.38
105468.38
105468.38
105468.38
105468.38
105468.38
105468.38
105468.38
105468.38
105468.38
105468.38
105468.38
105468.38
105468.38
105468.38
105468.38
105468.38
105468.38
105468.38
105468.38
105468.38
105468.38
105468.38
105468.38
105468.38
105468.38
105468.38
105468.38
105468.38
105468.39
105468.39
105468.39
105468.38
105468.38
105468.39
105468.39
105468.38
105468.39
105468.39
105468.39
105468.39
105468.38
105468.39
105468.38
105468.39
105468.39
105468.39
105468.38
105468.39
105468.38
105468.38
105468.38
105468.38
105468.38
105468.38
105468.38
105468.38
105468.38
105468.38
105468.38
105468.38
105468.38
105468.38
105468.39
105468.38
105468.39
105468.39
105468.38
105468.38
105468.38
105468.38
105468.38
105468.38
105468.38
105468.38
105468.38
105468.38
105468.38
105468.38
105468.38
105468.38
105468.38
105468.38
105468.38
105468.38
105468.38
105468.38
105468.38
105468.38
105468.38
105468.38
105468.38
105468.38
105468.38
105468.38
105468.38
105468.38
105468.38
105468.38
105468.38
105468.38
105468.38
105468.38
105468.38
105468.38
105468.38
105468.38
105468.38
105468.38
105468.38
105468.38
105468.38
105468.39
105468.39
105468.38
105468.38
105468.39
105468.39
105468.39
105468.38
105468.38
105468.38
105468.38
105468.38
105468.38
105468.38
105468.38
105468.38
105468.38
105468.38
105468.38
105468.38
105468.38
105468.38
105468.38
105468.38
105468.38
105468.38
105468.38
105468.38
105468.38
105468.38
105468.38
105468.38
105468.38
105468.38
105468.38
105468.38
105468.38
105468.38
105468.38
105468.38
105468.38
105468.38
105468.39
105468.39
105468.39
105468.39
105468.39
105468.39
105468.39
105468.38
105468.39
105468.39
105468.38
105468.38
105468.38
105468.39
105468.38
105468.38
105468.38
105468.38
105468.38
105468.38
105468.38
105468.39
105468.39
105468.39
105468.39
105468.39
105468.39
105468.39
105468.39
105468.39
105468.39
105468.39
105468.39
105468.39
105468.39
105468.38
105468.38
105468.39
105468.39
105468.38
105468.39
105468.38
105468.39
105468.39
105468.39
105468.39
105468.39
105468.39
105468.39
105468.38
105468.38
105468.38
105468.38
105468.38
105468.38
105468.38
105468.38
105468.38
105468.38
105468.38
105468.38
105468.38
105468.38
105468.38
105468.38
105468.38
105468.38
105468.38
105468.38
105468.38
105468.38
105468.38
105468.38
105468.38
105468.38
105468.38
105468.38
105468.38
105468.38
105468.38
105468.38
105468.38
105468.38
105468.38
105468.38
105468.38
105468.38
105468.38
105468.38
105468.38
105468.38
105468.38
105468.38
105468.38
105468.38
105468.38
105468.38
105468.38
105468.38
105468.38
105468.38
105468.38
105468.38
105468.38
105468.38
105468.38
105468.38
105468.38
105468.38
105468.38
105468.38
105468.38
105468.38
105468.38
105468.38
105468.38
105468.38
105468.38
105468.38
105468.38
105468.38
105468.38
105468.38
105468.38
105468.38
105468.38
105468.38
105468.38
105468.38
105468.38
105468.38
105468.38
105468.38
105468.38
105468.38
105468.38
105468.38
105468.38
105468.38
105468.38
105468.38
105468.38
105468.38
105468.38
105468.38
105468.38
105468.38
105468.38
105468.38
105468.38
105468.38
105468.38
105468.38
105468.38
105468.38
105468.38
105468.38
105468.38
105468.38
105468.38
105468.38
105468.38
105468.38
105468.38
105468.38
105468.38
105468.38
105468.38
105468.38
105468.37
105468.38
105468.38
105468.38
105468.38
105468.38
105468.38
105468.38
105468.38
105468.38
105468.38
105468.38
105468.38
105468.38
105468.38
105468.38
105468.38
105468.38
105468.38
105468.38
105468.38
105468.38
105468.38
105468.38
105468.38
105468.38
105468.38
105468.38
105468.38
105468.38
105468.38
105468.38
105468.38
105468.38
105468.38
105468.38
105468.38
105468.38
105468.38
105468.38
105468.38
105468.38
105468.38
105468.38
105468.38
105468.38
105468.38
105468.38
105468.38
105468.38
105468.38
105468.38
105468.38
105468.38
105468.38
105468.38
105468.38
105468.38
105468.38
105468.38
105468.38
105468.38
105468.38
105468.38
105468.38
105468.38
105468.38
105468.38
105468.38
105468.38
105468.38
105468.38
105468.38
105468.38
105468.38
105468.38
105468.38
105468.38
105468.38
105468.38
105468.38
105468.38
105468.38
105468.38
105468.38
105468.38
105468.38
105468.38
105468.38
105468.38
105468.38
105468.38
105468.38
105468.38
105468.38
105468.38
105468.38
105468.38
105468.38
105468.38
105468.38
105468.38
105468.38
105468.38
105468.38
105468.38
105468.38
105468.38
105468.38
105468.38
105468.38
105468.39
105468.39
105468.39
105468.39
105468.39
105468.39
105468.39
105468.38
105468.38
105468.38
105468.38
105468.38
105468.38
105468.38
105468.38
105468.38
105468.38
105468.38
105468.38
105468.38
105468.38
105468.38
105468.38
105468.38
105468.38
105468.38
105468.38
105468.38
105468.38
105468.38
105468.38
105468.38
105468.38
105468.38
105468.38
105468.38
105468.38
105468.38
105468.38
105468.38
105468.38
105468.38
105468.38
105468.38
105468.38
105468.38
105468.38
105468.38
105468.38
105468.38
105468.38
105468.38
105468.38
105468.38
105468.38
105468.38
105468.38
105468.38
105468.38
105468.38
105468.38
105468.38
105468.38
105468.39
105468.39
105468.39
105468.38
105468.39
105468.39
105468.39
105468.38
105468.38
105468.38
105468.38
105468.38
105468.38
105468.38
105468.38
105468.38
105468.38
105468.38
105468.38
105468.38
105468.38
105468.38
105468.38
105468.38
105468.38
105468.38
105468.38
105468.38
105468.38
105468.38
105468.38
105468.38
105468.38
105468.38
105468.38
105468.38
105468.38
105468.38
105468.38
105468.38
105468.38
105468.38
105468.38
105468.38
105468.38
105468.38
105468.38
105468.38
105468.38
105468.38
105468.36
105468.37
105468.38
105468.38
105468.38
105468.38
105468.38
105468.37
105468.37
105468.38
105468.38
105468.38
105468.38
105468.38
105468.38
105468.38
105468.38
105468.38
105468.38
105468.38
105468.36
105468.35
105468.36
105468.38
105468.38
105468.38
105468.38
105468.27
105468.28
105468.29
105468.29
105468.28
105468.28
105468.27
105468.39
105468.39
105468.39
105468.39
105468.39
105468.39
105468.39
105468.38
105468.39
105468.38
105468.39
105468.38
105468.38
105468.38
105468.38
105468.36
105468.38
105468.39
105468.39
105468.39
105468.38
105468.27
105468.29
105468.29
105468.29
105468.28
105468.28
105468.27
105468.38
105468.38
105468.38
105468.38
105468.38
105468.38
105468.38
105468.38
105468.38
105468.38
105468.38
105468.38
105468.38
105468.38
105468.38
105468.36
105468.37
105468.38
105468.38
105468.38
105468.38
105468.38
105468.38
105468.37
105468.38
105468.38
105468.38
105468.38
105468.38
105468.38
105468.38
105468.38
105468.38
105468.38
105468.38
105468.37
105468.36
105468.37
105468.38
105468.38
105468.38
105468.38
105468.38
105468.38
105468.38
105468.38
105468.38
105468.38
105468.38
105468.38
105468.38
105468.38
105468.38
105468.38
105468.38
105468.38
105468.38
105468.36
105468.37
105468.38
105468.38
105468.38
105468.38
105468.38
105468.38
105468.38
105468.38
105468.38
105468.38
105468.38
105468.38
105468.38
105468.38
105468.38
105468.38
105468.38
105468.38
105468.38
105468.38
105468.38
105468.38
105468.38
105468.38
105468.38
105468.38
105468.38
105468.38
105468.38
105468.38
105468.38
105468.38
105468.38
105468.38
105468.38
105468.38
105468.38
105468.38
105468.38
105468.38
105468.38
105468.38
105468.38
105468.38
105468.38
105468.38
105468.38
105468.38
105468.38
105468.38
105468.38
105468.38
105468.38
105468.39
105468.38
105468.39
105468.39
105468.38
105468.38
105468.38
105468.38
105468.38
105468.38
105468.38
105468.38
105468.38
105468.38
105468.38
105468.38
105468.38
105468.38
105468.38
105468.38
105468.38
105468.38
105468.38
105468.38
105468.38
105468.38
105468.38
105468.38
105468.38
105468.38
105468.38
105468.38
105468.38
105468.38
105468.38
105468.38
105468.38
105468.38
105468.38
105468.38
105468.38
105468.38
105468.38
105468.38
105468.38
105468.38
105468.38
105468.38
105468.38
105468.38
105468.38
105468.38
105468.38
105468.38
105468.38
105468.38
105468.38
105468.38
105468.38
105468.38
105468.38
105468.38
105468.38
105468.38
105468.38
105468.38
105468.38
105468.38
105468.38
105468.38
105468.38
105468.38
105468.38
105468.38
105468.38
105468.38
105468.38
105468.38
105468.38
105468.38
105468.38
105468.38
105468.38
105468.38
105468.38
105468.38
105468.38
105468.38
105468.38
105468.38
105468.38
105468.38
105468.38
105468.38
105468.38
105468.38
105468.38
105468.38
105468.38
105468.38
105468.38
105468.38
105468.38
105468.38
105468.38
105468.38
105468.38
105468.38
105468.38
105468.38
105468.38
105468.38
105468.39
105468.38
105468.38
105468.38
105468.38
105468.39
105468.38
105468.39
105468.38
105468.38
105468.38
105468.38
105468.39
105468.38
105468.39
105468.38
105468.39
105468.38
105468.38
105468.39
105468.38
105468.39
105468.39
105468.39
105468.39
105468.39
105468.38
105468.38
105468.39
105468.38
105468.39
105468.38
105468.38
105468.39
105468.38
105468.39
105468.38
105468.39
105468.38
105468.38
105468.39
105468.38
105468.39
105468.38
105468.39
105468.38
105468.39
105468.39
105468.38
105468.39
105468.38
105468.38
105468.38
105468.38
105468.38
105468.38
105468.39
105468.38
105468.39
105468.38
105468.38
105468.39
105468.38
105468.39
105468.38
105468.38
105468.38
105468.38
105468.39
105468.38
105468.39
105468.38
105468.38
105468.38
105468.38
105468.39
105468.38
105468.39
105468.38
105468.39
105468.38
105468.38
105468.39
105468.38
105468.37
105468.38
105468.38
105468.38
105468.38
105468.38
105468.38
105468.37
105468.38
105468.38
105468.38
105468.38
105468.38
105468.38
105468.37
105468.38
105468.38
105468.38
105468.38
105468.38
105468.38
105468.36
105468.38
105468.37
105468.38
105468.38
105468.37
105468.38
105468.36
105468.38
105468.37
105468.38
105468.38
105468.37
105468.38
105468.37
105468.38
105468.38
105468.38
105468.38
105468.38
105468.38
105468.36
105468.38
105468.37
105468.38
105468.38
105468.37
105468.38
105468.36
105468.38
105468.37
105468.38
105468.38
105468.37
105468.38
105468.38
105468.38
105468.38
105468.38
105468.38
105468.38
105468.38
105468.32
105468.35
105468.35
105468.34
105468.34
105468.36
105468.36
105468.38
105468.38
105468.38
105468.38
105468.38
105468.38
105468.38
105468.38
105468.38
105468.38
105468.38
105468.38
105468.38
105468.38
105468.39
105468.38
105468.38
105468.38
105468.39
105468.38
105468.38
105468.39
105468.38
105468.38
105468.38
105468.39
105468.38
105468.38
105468.38
105468.38
105468.38
105468.38
105468.38
105468.38
105468.38
105468.35
105468.38
105468.37
105468.38
105468.37
105468.37
105468.38
105468.36
105468.38
105468.37
105468.38
105468.37
105468.38
105468.38
105468.36
105468.38
105468.37
105468.38
105468.37
105468.38
105468.38
105468.36
105468.38
105468.37
105468.38
105468.37
105468.37
105468.38
105468.38
105468.39
105468.39
105468.38
105468.38
105468.38
105468.38
105468.38
105468.39
105468.39
105468.38
105468.38
105468.38
105468.38
105468.38
105468.38
105468.38
105468.38
105468.38
105468.38
105468.38
105468.39
105468.38
105468.39
105468.38
105468.38
105468.38
105468.38
105468.39
105468.38
105468.38
105468.38
105468.38
105468.38
105468.38
105468.39
105468.39
105468.39
105468.39
105468.39
105468.38
105468.38
105468.38
105468.39
105468.39
105468.38
105468.38
105468.38
105468.38
105468.39
105468.39
105468.39
105468.39
105468.39
105468.39
105468.39
105468.38
105468.39
105468.39
105468.38
105468.38
105468.38
105468.38
105468.39
105468.39
105468.39
105468.39
105468.39
105468.39
105468.38
105468.38
105468.38
105468.39
105468.38
105468.38
105468.38
105468.38
105468.39
105468.38
105468.39
105468.38
105468.38
105468.38
105468.38
105468.39
105468.39
105468.39
105468.39
105468.39
105468.39
105468.38
105468.37
105468.36
105468.36
105468.37
105468.37
105468.38
105468.38
105468.37
105468.36
105468.36
105468.37
105468.37
105468.37
105468.38
105468.38
105468.38
105468.38
105468.38
105468.38
105468.38
105468.38
105468.36
105468.36
105468.35
105468.37
105468.36
105468.37
105468.37
105468.36
105468.37
105468.36
105468.37
105468.37
105468.38
105468.38
105468.38
105468.38
105468.38
105468.38
105468.38
105468.38
105468.38
105468.36
105468.37
105468.36
105468.37
105468.37
105468.38
105468.38
105468.36
105468.37
105468.36
105468.37
105468.37
105468.38
105468.38
105468.38
105468.38
105468.38
105468.38
105468.38
105468.38
105468.38
105468.36
105468.37
105468.36
105468.37
105468.37
105468.38
105468.38
105468.36
105468.37
105468.37
105468.38
105468.37
105468.38
105468.38
105468.39
105468.38
105468.38
105468.38
105468.38
105468.38
105468.38
105468.38
105468.38
105468.38
105468.38
105468.38
105468.38
105468.38
105468.38
105468.38
105468.38
105468.38
105468.38
105468.38
105468.38
105468.38
105468.38
105468.38
105468.38
105468.38
105468.38
105468.38
105468.38
105468.38
105468.38
105468.38
105468.38
105468.38
105468.38
105468.38
105468.38
105468.38
105468.38
105468.38
105468.38
105468.38
105468.38
105468.38
105468.38
105468.38
105468.38
105468.38
105468.38
105468.38
105468.38
105468.38
105468.38
105468.38
105468.38
105468.38
105468.38
105468.38
105468.38
105468.38
105468.38
105468.38
105468.38
105468.38
105468.38
105468.38
105468.38
105468.38
105468.38
105468.38
105468.38
105468.38
105468.38
105468.38
105468.38
105468.38
105468.38
105468.38
105468.38
105468.38
105468.38
105468.38
105468.38
105468.38
105468.39
105468.38
105468.38
105468.39
105468.39
105468.39
105468.39
105468.38
105468.39
105468.38
105468.38
105468.38
105468.38
105468.39
105468.38
105468.38
105468.38
105468.38
105468.38
105468.38
105468.38
105468.38
105468.38
105468.38
105468.38
105468.39
105468.39
105468.39
105468.38
105468.38
105468.38
105468.39
105468.39
105468.39
105468.39
105468.38
105468.38
105468.38
105468.38
105468.38
105468.38
105468.38
105468.39
105468.39
105468.39
105468.38
105468.39
105468.38
105468.38
105468.39
105468.39
105468.39
105468.38
105468.38
105468.38
105468.38
105468.38
105468.38
105468.38
105468.38
105468.38
105468.38
105468.38
105468.38
105468.38
105468.38
105468.38
105468.38
105468.38
105468.38
105468.38
105468.38
105468.38
105468.38
105468.38
105468.38
105468.38
105468.38
105468.38
105468.38
105468.38
105468.38
105468.38
105468.38
105468.38
105468.38
105468.38
105468.37
105468.37
105468.37
105468.37
105468.38
105468.38
105468.38
105468.37
105468.37
105468.37
105468.37
105468.37
105468.37
105468.37
105468.37
105468.37
105468.37
105468.37
105468.38
105468.38
105468.38
105468.37
105468.37
105468.38
105468.38
105468.38
105468.37
105468.38
105468.37
105468.37
105468.37
105468.37
105468.38
105468.37
105468.38
105468.37
105468.37
105468.37
105468.37
105468.38
105468.37
105468.37
105468.37
105468.37
105468.37
105468.37
105468.38
105468.37
105468.38
105468.37
105468.37
105468.37
105468.37
105468.38
105468.38
105468.38
105468.38
105468.38
105468.38
105468.38
105468.38
105468.38
105468.38
105468.38
105468.38
105468.38
105468.38
105468.38
105468.38
105468.38
105468.38
105468.38
105468.38
105468.38
105468.38
105468.38
105468.38
105468.38
105468.38
105468.38
105468.38
105468.38
105468.38
105468.38
105468.38
105468.38
105468.38
105468.38
105468.38
105468.38
105468.38
105468.38
105468.38
105468.38
105468.38
105468.38
105468.38
105468.38
105468.38
105468.38
105468.38
105468.38
105468.38
105468.38
105468.38
105468.38
105468.38
105468.38
105468.38
105468.38
105468.38
105468.38
105468.38
105468.38
105468.38
105468.38
105468.38
105468.38
105468.38
105468.38
105468.38
105468.38
105468.38
105468.38
105468.38
105468.38
105468.38
105468.38
105468.38
105468.38
105468.38
105468.38
105468.38
105468.38
105468.38
105468.38
105468.38
105468.38
105468.38
105468.38
105468.38
105468.38
105468.38
105468.38
105468.38
105468.38
105468.38
105468.38
105468.38
105468.38
105468.38
105468.38
105468.38
105468.38
105468.38
105468.38
105468.38
105468.38
105468.38
105468.38
105468.38
105468.38
105468.38
105468.38
105468.38
105468.38
105468.38
105468.38
105468.38
105468.38
105468.38
105468.38
105468.38
105468.38
105468.38
105468.38
105468.38
105468.38
105468.38
105468.38
105468.38
105468.38
105468.38
105468.38
105468.38
105468.38
105468.38
105468.38
105468.38
105468.38
105468.38
105468.38
105468.38
105468.38
105468.38
105468.38
105468.38
105468.38
105468.38
105468.38
105468.38
105468.38
105468.38
105468.38
105468.38
105468.38
105468.38
105468.38
105468.38
105468.38
105468.38
105468.38
105468.38
105468.38
105468.38
105468.38
105468.38
105468.38
105468.38
105468.38
105468.38
105468.38
105468.38
105468.38
105468.38
105468.38
105468.38
105468.38
105468.38
105468.38
105468.38
105468.38
105468.38
105468.38
105468.38
105468.38
105468.38
105468.38
105468.38
105468.38
105468.38
105468.38
105468.38
105468.38
105468.38
105468.38
105468.38
105468.38
105468.38
105468.38
105468.38
105468.38
105468.38
105468.38
105468.38
105468.38
105468.38
105468.38
105468.38
105468.38
105468.38
105468.38
105468.38
105468.38
105468.38
105468.38
105468.38
105468.38
105468.38
105468.38
105468.38
105468.38
105468.38
105468.38
105468.38
105468.38
105468.38
105468.38
105468.38
105468.38
105468.38
105468.38
105468.38
105468.38
105468.38
105468.38
105468.38
105468.38
105468.38
105468.38
105468.38
105468.38
105468.38
105468.38
105468.38
105468.38
105468.38
105468.38
105468.38
105468.38
105468.38
105468.38
105468.38
105468.38
105468.38
105468.38
105468.38
105468.38
105468.38
105468.38
105468.38
105468.38
105468.38
105468.38
105468.38
105468.38
105468.38
105468.38
105468.38
105468.38
105468.38
105468.38
105468.38
105468.38
105468.38
105468.38
105468.38
105468.38
105468.38
105468.38
105468.38
105468.38
105468.38
105468.38
105468.38
105468.38
105468.38
105468.38
105468.38
105468.38
105468.38
105468.38
105468.38
105468.38
105468.38
105468.38
105468.38
105468.38
105468.38
105468.38
105468.38
105468.38
105468.38
105468.38
105468.38
105468.38
105468.38
105468.38
105468.38
105468.38
105468.38
105468.38
105468.38
105468.38
105468.38
105468.38
105468.38
105468.38
105468.38
105468.38
105468.38
105468.38
105468.38
105468.38
105468.38
105468.38
105468.38
105468.38
105468.38
105468.38
105468.38
105468.38
105468.38
105468.38
105468.38
105468.38
105468.38
105468.38
105468.38
105468.38
105468.38
105468.38
105468.38
105468.38
105468.38
105468.38
105468.38
105468.38
105468.38
105468.38
105468.38
105468.38
105468.38
105468.38
105468.38
105468.38
105468.38
105468.38
105468.38
105468.38
105468.38
105468.38
105468.38
105468.38
105468.38
105468.38
105468.38
105468.38
105468.38
105468.38
105468.38
105468.38
105468.38
105468.38
105468.38
105468.38
105468.38
105468.38
105468.38
105468.38
105468.38
105468.38
105468.38
105468.38
105468.38
105468.38
105468.38
105468.38
105468.38
105468.38
105468.38
105468.38
105468.38
105468.38
105468.38
105468.38
105468.38
105468.38
105468.38
105468.38
105468.38
105468.38
105468.38
105468.38
105468.38
105468.38
105468.38
105468.38
105468.38
105468.38
105468.38
105468.38
105468.38
105468.38
105468.38
105468.38
105468.38
105468.38
105468.38
105468.38
105468.38
105468.38
105468.38
105468.38
105468.38
105468.38
105468.38
105468.38
105468.38
105468.38
105468.38
105468.38
105468.38
105468.38
105468.38
105468.38
105468.38
105468.38
105468.38
105468.38
105468.38
105468.38
105468.38
105468.38
105468.38
105468.38
105468.38
105468.38
105468.38
105468.38
105468.38
105468.38
105468.38
105468.38
105468.38
105468.38
105468.38
105468.38
105468.38
105468.38
105468.38
105468.38
105468.38
105468.38
105468.38
105468.38
105468.38
105468.38
105468.38
105468.38
105468.38
105468.38
105468.38
105468.38
105468.38
105468.38
105468.38
105468.38
105468.38
105468.38
105468.38
105468.38
105468.38
105468.38
105468.38
105468.38
105468.38
105468.38
105468.38
105468.38
105468.38
105468.38
105468.38
105468.38
105468.38
105468.38
105468.38
105468.38
105468.38
105468.38
105468.38
105468.37
105468.38
105468.38
105468.37
105468.38
105468.37
105468.38
105468.38
105468.38
105468.38
105468.38
105468.38
105468.38
105468.38
105468.38
105468.38
105468.38
105468.38
105468.38
105468.38
105468.39
105468.39
105468.38
105468.38
105468.39
105468.39
105468.38
)
;

boundaryField
{
    sides
    {
        type            fixedFluxPressure;
        gradient        nonuniform List<scalar> 
800
(
-0.22356007
-0.38789325
-0.37715368
-0.29148408
-0.13739684
0.18280188
0.80706797
1.9234931
3.7156889
6.1683989
7.7936041
9.5105566
12.134267
13.235095
10.224479
-0.2552589
-0.39270892
-0.37489555
-0.27268899
-0.13078601
0.22257128
0.96451974
2.0905473
2.7839519
3.5944142
8.5001479
12.426158
14.203051
15.953801
16.246179
-0.21891519
-0.38903695
-0.37910178
-0.30835436
-0.14787974
0.22013645
0.94337383
1.6488877
4.0404673
7.0542312
9.797836
11.92549
14.468775
16.603702
12.323268
-0.21557027
-0.3961843
-0.37725448
-0.31422094
-0.17199034
0.2420979
0.98520178
1.5828819
3.1884667
5.8591545
9.0107698
11.025311
12.320409
13.178917
10.400373
-0.21817086
-0.39556889
-0.38662876
-0.33296657
-0.18455377
0.27459977
1.0244928
1.8083798
3.05982
4.2883909
7.5129866
12.233946
14.424321
15.387925
12.475902
-0.2139592
-0.39500493
-0.39497358
-0.32589308
-0.15297538
0.22326459
0.88227577
1.9128715
3.6131336
5.3944606
7.0879789
10.907753
15.399077
16.045095
12.630067
-0.20819557
-0.39287514
-0.39090891
-0.33221017
-0.13823512
0.1852464
0.88092397
2.3733496
4.1347094
5.2338187
7.0195774
10.955891
15.494616
15.953134
11.976952
-0.22342517
-0.39346795
-0.39411242
-0.31404009
-0.1388418
0.2160251
1.1307646
2.3451682
3.81179
6.0939515
8.9608369
12.311889
15.494719
16.358403
12.062445
-0.25969367
-0.41846576
-0.40407253
-0.31482207
-0.16528194
0.28245562
1.1022238
2.3435148
4.4881931
6.8744901
9.4116536
12.280001
15.061281
16.073948
12.160948
-0.24208746
-0.40441982
-0.32742328
-0.2809503
-0.17659757
0.3019769
1.2374999
2.0463915
2.9421532
4.785843
6.8161178
8.6146809
9.9044311
9.7140347
6.2221057
-0.24208704
-0.25926433
-0.22465975
-0.22621069
-0.22091974
-0.21279045
-0.2081734
-0.21388687
-0.24401862
-0.21225913
-0.40441877
-0.39221645
-0.38596558
-0.39834093
-0.39817031
-0.39858057
-0.38265098
-0.36686699
-0.38184902
-0.38779099
-0.32742216
-0.37118299
-0.40020793
-0.39100644
-0.41062115
-0.43807505
-0.4119712
-0.36887688
-0.36317427
-0.37555963
-0.28094902
-0.30829956
-0.35269704
-0.33393722
-0.34285446
-0.35450311
-0.36414455
-0.32981436
-0.30633341
-0.36585335
-0.17659654
-0.17679774
-0.16592953
-0.15854173
-0.14082948
-0.15067646
-0.17256459
-0.17862507
-0.20004793
-0.24363619
0.30197487
0.34021711
0.26716977
0.24320174
0.21821371
0.24632281
0.27390175
0.28523043
0.35377706
0.33417849
1.2374912
1.6303582
1.3519963
1.1765003
1.0195375
1.0938836
1.1550052
1.2745848
1.5978305
1.2935854
2.0463781
3.4444596
3.1276292
2.7690502
2.2824107
2.2895924
2.3975123
2.7621673
3.3333054
2.6365557
2.9421365
5.5219023
5.0608961
4.0694055
3.9419804
4.007615
4.0334863
4.628197
5.5019993
4.2880666
4.7858209
5.9201544
4.2209258
4.700204
5.2990701
5.8568866
5.8200634
5.2608635
7.3279293
6.1627419
6.8160934
5.0756935
7.0779337
8.3600898
7.5907956
7.4237912
6.4988132
6.3440819
7.64121
7.5360441
8.614658
9.9217867
12.22204
11.041539
9.1796854
8.523408
8.9806607
10.063169
8.6863283
9.356983
9.9044118
14.028712
14.727993
14.614685
14.063767
13.876561
12.243875
12.781969
10.630261
11.75879
9.7140198
15.21103
14.686644
15.142651
16.000335
15.290727
11.757994
14.03346
15.974977
12.957201
6.2220978
12.042313
10.647763
10.402598
11.318296
10.397619
7.9551406
12.999269
18.248584
10.154458
-0.22064592
-0.36265219
-0.35472208
-0.28960459
-0.14535127
0.26297735
1.2082294
2.2356398
3.4650156
5.4781156
7.3661637
8.8431251
9.7447846
9.5642273
6.3650679
-0.25796116
-0.41032207
-0.3886924
-0.31382769
-0.16087792
0.24577133
1.0846552
2.7304708
4.5724604
6.5414623
9.1573015
11.661356
13.570176
14.64881
12.047404
-0.218204
-0.38614535
-0.38784997
-0.3140374
-0.14594931
0.22357255
0.98012584
2.1507571
4.2662712
6.9399944
9.8171953
12.046964
13.637527
13.946814
10.247274
-0.20271113
-0.37172684
-0.36183285
-0.29894393
-0.1442908
0.22747806
0.9718741
1.7513529
2.6484127
5.4301072
9.7171416
12.811167
14.685329
15.373062
11.428547
-0.1997411
-0.3639488
-0.36994307
-0.32150178
-0.17057049
0.26584918
0.95984249
1.5822079
2.8669225
5.7954269
9.4396629
12.45448
14.866674
16.184842
12.631623
-0.20540842
-0.37549466
-0.39775357
-0.36492688
-0.19007346
0.26264574
0.90292853
1.6646909
3.0070865
5.792473
9.9487167
12.704282
14.647967
15.868088
12.217098
-0.20991419
-0.3881587
-0.41513901
-0.360196
-0.17784821
0.24220904
0.98503092
2.100114
3.0615271
4.6016927
9.1323075
11.834017
12.616334
12.522815
8.3514537
-0.2193502
-0.38422712
-0.39638844
-0.31019887
-0.13429251
0.2115522
0.95185039
2.2823843
3.661908
3.8558704
7.2556619
11.117483
12.190977
12.841872
10.462737
-0.24549943
-0.39706719
-0.3814857
-0.27643623
-0.17752495
0.30589336
1.3148931
2.9613328
3.9898151
3.1132057
7.2838809
11.481715
14.007563
15.859237
16.659859
-0.21225812
-0.38778865
-0.37555701
-0.36585057
-0.2436341
0.33417697
1.2935799
2.6365478
4.2880599
6.1627371
7.5360404
9.3569821
11.758791
12.957204
10.15446
-0.22355925
-0.24867198
-0.22066258
-0.22090264
-0.21475462
-0.20194444
-0.19832683
-0.2125951
-0.25374448
-0.22064581
-0.38789157
-0.38514545
-0.38515268
-0.39809833
-0.38232296
-0.36236617
-0.36138131
-0.36387164
-0.38254768
-0.36265212
-0.37715197
-0.39561624
-0.38716529
-0.39877628
-0.38043413
-0.35857043
-0.36015911
-0.38349502
-0.37593997
-0.35472226
-0.29148287
-0.31006619
-0.32598136
-0.33021649
-0.33101083
-0.3033441
-0.30212914
-0.31841259
-0.31861113
-0.28960507
-0.13739621
-0.15524526
-0.16598054
-0.14618332
-0.15093677
-0.14122242
-0.13439673
-0.14996156
-0.16527409
-0.1453517
0.18280228
0.27856969
0.29373731
0.24680615
0.21090038
0.22150247
0.21013285
0.26350748
0.31503516
0.26297881
0.80706911
1.3900061
1.3966714
1.366869
1.1192734
1.0976376
1.0674197
1.404559
1.6546446
1.2082364
1.923496
3.0680602
2.8591083
3.387878
3.0892422
2.7715249
2.512304
3.031893
3.1508936
2.235652
3.7156944
5.0521677
4.3389528
5.5469683
5.4343111
4.9087473
4.2583527
3.9826757
3.1991609
3.4650326
6.1684072
6.7882251
6.393268
6.8417361
7.407067
7.057643
6.763877
6.705497
4.9357374
5.4781382
7.7936122
8.5170925
8.6142452
8.2799663
8.4994777
8.8714231
9.0432669
9.1554266
8.2042777
7.3661874
9.5105658
10.170793
10.674598
10.046327
10.42066
10.824206
10.517491
10.97185
11.058316
8.8431466
12.134278
12.691183
13.450563
11.696347
12.891315
14.2032
13.827045
13.829228
14.100457
9.7448016
13.235104
15.271472
16.918397
11.995898
14.478009
15.500806
14.902855
14.586629
15.190133
9.5642404
10.224482
17.932493
14.43174
8.3810201
12.2362
12.362075
11.02778
11.036433
12.394333
6.3650742
-0.24867861
-0.27658252
-0.24546119
-0.24572841
-0.23889731
-0.22466321
-0.22064297
-0.23649616
-0.28221747
-0.24544055
-0.2839002
-0.30648598
-0.27090014
-0.27152005
-0.26159005
-0.25889551
-0.26851651
-0.28411239
-0.32313013
-0.28690239
-0.2435186
-0.27320349
-0.24747342
-0.24603356
-0.24516253
-0.2407836
-0.24757979
-0.25569945
-0.26956788
-0.24272782
-0.23980266
-0.27700019
-0.24584306
-0.24704645
-0.24607272
-0.23913746
-0.23937833
-0.23271274
-0.24950977
-0.22551379
-0.24269276
-0.27172551
-0.24631855
-0.24595409
-0.24580089
-0.24032784
-0.23477731
-0.22938641
-0.24350224
-0.22221402
-0.23801314
-0.26429235
-0.24016267
-0.24224209
-0.24207018
-0.23833853
-0.23386811
-0.23599645
-0.25625127
-0.22851119
-0.23160865
-0.26478883
-0.24097763
-0.24180043
-0.23929988
-0.23474181
-0.23671831
-0.24834673
-0.27312593
-0.2335176
-0.24853008
-0.28128189
-0.25515453
-0.25083903
-0.24617438
-0.2415052
-0.24881359
-0.26030832
-0.2805907
-0.24400196
-0.28882815
-0.32772214
-0.28223699
-0.29147628
-0.27734297
-0.2712768
-0.27786769
-0.27280661
-0.3138452
-0.27305661
-0.26926503
-0.28835157
-0.24990211
-0.25162574
-0.2457468
-0.23671368
-0.23158287
-0.23793055
-0.27140987
-0.23612122
10.761758
18.875127
15.190212
8.8212396
12.879154
13.011647
11.607198
11.616332
13.045683
6.6993402
17.100122
17.111715
15.104481
18.895063
20.187279
19.388428
19.518711
20.047436
22.291995
12.68052
12.970847
18.486197
18.610014
19.398534
18.494317
18.632573
18.315374
17.594642
19.123981
10.785679
10.946795
20.993759
18.922616
18.790024
18.739412
18.927898
18.980504
18.347
19.401586
12.029057
13.131461
19.842098
18.289676
18.533346
18.915946
18.854233
18.858338
18.611046
19.500013
13.295389
13.293732
19.577626
18.102639
18.491471
19.103426
18.061619
17.952842
17.869897
19.157337
12.859062
12.606282
19.641866
18.008222
18.401163
18.614076
17.860929
17.708921
17.761986
16.653441
8.790126
12.696298
19.666284
17.573694
17.973509
18.068082
17.651296
17.640331
14.842264
19.417702
11.012469
12.800013
21.484344
18.970967
17.954357
18.324351
18.190909
17.498966
20.34124
20.71101
17.535572
6.5488472
12.675156
11.207226
10.949146
11.912988
10.94389
8.3729688
13.682411
19.207863
10.688062
)
;
        value           nonuniform List<scalar> 
800
(
105468.37
105468.37
105468.37
105468.38
105468.38
105468.39
105468.4
105468.42
105468.44
105468.46
105468.49
105468.52
105468.56
105468.6
105468.63
105468.37
105468.37
105468.37
105468.38
105468.38
105468.39
105468.4
105468.42
105468.44
105468.46
105468.49
105468.52
105468.56
105468.59
105468.63
105468.37
105468.37
105468.37
105468.38
105468.38
105468.39
105468.4
105468.42
105468.44
105468.46
105468.49
105468.52
105468.56
105468.6
105468.63
105468.37
105468.37
105468.37
105468.38
105468.38
105468.39
105468.4
105468.42
105468.44
105468.46
105468.49
105468.52
105468.56
105468.59
105468.63
105468.37
105468.37
105468.37
105468.38
105468.38
105468.39
105468.4
105468.42
105468.44
105468.46
105468.49
105468.52
105468.56
105468.59
105468.64
105468.37
105468.37
105468.37
105468.38
105468.38
105468.39
105468.4
105468.42
105468.44
105468.46
105468.49
105468.52
105468.56
105468.59
105468.64
105468.37
105468.37
105468.37
105468.38
105468.38
105468.39
105468.4
105468.42
105468.44
105468.46
105468.49
105468.52
105468.56
105468.6
105468.63
105468.37
105468.37
105468.37
105468.38
105468.38
105468.39
105468.4
105468.42
105468.43
105468.46
105468.48
105468.52
105468.56
105468.6
105468.63
105468.37
105468.37
105468.37
105468.38
105468.38
105468.39
105468.41
105468.42
105468.43
105468.45
105468.48
105468.52
105468.56
105468.6
105468.63
105468.37
105468.37
105468.37
105468.38
105468.38
105468.39
105468.41
105468.42
105468.44
105468.46
105468.49
105468.52
105468.56
105468.6
105468.63
105468.37
105468.37
105468.37
105468.37
105468.37
105468.37
105468.37
105468.37
105468.37
105468.37
105468.37
105468.37
105468.37
105468.37
105468.37
105468.37
105468.37
105468.37
105468.37
105468.37
105468.37
105468.37
105468.37
105468.37
105468.37
105468.37
105468.37
105468.37
105468.37
105468.37
105468.38
105468.38
105468.38
105468.38
105468.38
105468.38
105468.38
105468.38
105468.38
105468.38
105468.38
105468.38
105468.38
105468.38
105468.38
105468.38
105468.38
105468.38
105468.38
105468.38
105468.39
105468.39
105468.39
105468.39
105468.39
105468.39
105468.39
105468.39
105468.39
105468.39
105468.41
105468.4
105468.4
105468.4
105468.4
105468.4
105468.4
105468.4
105468.4
105468.4
105468.42
105468.41
105468.42
105468.42
105468.42
105468.42
105468.42
105468.42
105468.42
105468.42
105468.44
105468.43
105468.44
105468.44
105468.44
105468.44
105468.44
105468.44
105468.44
105468.44
105468.46
105468.46
105468.46
105468.46
105468.46
105468.46
105468.47
105468.47
105468.47
105468.47
105468.49
105468.49
105468.48
105468.48
105468.49
105468.49
105468.49
105468.49
105468.5
105468.49
105468.52
105468.52
105468.52
105468.52
105468.52
105468.52
105468.52
105468.52
105468.52
105468.52
105468.56
105468.56
105468.56
105468.56
105468.56
105468.56
105468.56
105468.55
105468.55
105468.56
105468.6
105468.59
105468.6
105468.59
105468.59
105468.59
105468.59
105468.59
105468.58
105468.59
105468.63
105468.63
105468.63
105468.63
105468.64
105468.63
105468.63
105468.63
105468.63
105468.63
105468.37
105468.37
105468.37
105468.38
105468.38
105468.39
105468.4
105468.42
105468.44
105468.46
105468.49
105468.53
105468.57
105468.6
105468.63
105468.37
105468.37
105468.37
105468.38
105468.38
105468.39
105468.4
105468.42
105468.44
105468.45
105468.48
105468.52
105468.56
105468.6
105468.63
105468.37
105468.37
105468.37
105468.38
105468.38
105468.39
105468.4
105468.42
105468.43
105468.46
105468.49
105468.52
105468.56
105468.6
105468.63
105468.37
105468.37
105468.37
105468.38
105468.38
105468.39
105468.4
105468.42
105468.44
105468.46
105468.48
105468.52
105468.56
105468.6
105468.63
105468.37
105468.37
105468.37
105468.38
105468.38
105468.39
105468.4
105468.42
105468.44
105468.46
105468.49
105468.52
105468.56
105468.59
105468.64
105468.37
105468.37
105468.37
105468.38
105468.38
105468.39
105468.4
105468.42
105468.43
105468.46
105468.49
105468.52
105468.56
105468.59
105468.64
105468.37
105468.37
105468.37
105468.38
105468.38
105468.39
105468.4
105468.42
105468.44
105468.46
105468.49
105468.52
105468.56
105468.59
105468.63
105468.37
105468.37
105468.37
105468.38
105468.38
105468.39
105468.4
105468.42
105468.44
105468.47
105468.49
105468.52
105468.56
105468.59
105468.63
105468.37
105468.37
105468.37
105468.38
105468.38
105468.39
105468.4
105468.42
105468.45
105468.47
105468.49
105468.52
105468.55
105468.59
105468.63
105468.37
105468.37
105468.37
105468.38
105468.38
105468.39
105468.4
105468.42
105468.44
105468.47
105468.49
105468.52
105468.56
105468.59
105468.63
105468.37
105468.37
105468.37
105468.37
105468.37
105468.37
105468.37
105468.37
105468.37
105468.37
105468.37
105468.37
105468.37
105468.37
105468.37
105468.37
105468.37
105468.37
105468.37
105468.37
105468.37
105468.37
105468.37
105468.37
105468.37
105468.37
105468.37
105468.37
105468.37
105468.37
105468.38
105468.38
105468.38
105468.38
105468.38
105468.38
105468.38
105468.38
105468.38
105468.38
105468.38
105468.38
105468.38
105468.38
105468.38
105468.38
105468.38
105468.38
105468.38
105468.38
105468.39
105468.39
105468.39
105468.39
105468.39
105468.39
105468.39
105468.39
105468.39
105468.39
105468.4
105468.4
105468.4
105468.4
105468.4
105468.4
105468.4
105468.4
105468.4
105468.4
105468.42
105468.42
105468.42
105468.42
105468.42
105468.42
105468.42
105468.42
105468.42
105468.42
105468.44
105468.44
105468.44
105468.44
105468.44
105468.44
105468.44
105468.43
105468.43
105468.44
105468.46
105468.46
105468.46
105468.47
105468.47
105468.46
105468.46
105468.45
105468.45
105468.46
105468.49
105468.49
105468.49
105468.49
105468.5
105468.49
105468.49
105468.49
105468.48
105468.49
105468.52
105468.52
105468.52
105468.52
105468.53
105468.52
105468.53
105468.52
105468.52
105468.53
105468.56
105468.56
105468.56
105468.56
105468.56
105468.56
105468.56
105468.56
105468.56
105468.57
105468.6
105468.59
105468.6
105468.59
105468.59
105468.59
105468.59
105468.6
105468.6
105468.6
105468.63
105468.63
105468.64
105468.64
105468.64
105468.64
105468.63
105468.63
105468.63
105468.63
105468.37
105468.37
105468.37
105468.37
105468.37
105468.37
105468.37
105468.37
105468.37
105468.37
105468.37
105468.37
105468.37
105468.37
105468.37
105468.37
105468.37
105468.37
105468.37
105468.37
105468.37
105468.37
105468.37
105468.37
105468.37
105468.37
105468.37
105468.37
105468.37
105468.37
105468.37
105468.37
105468.37
105468.37
105468.37
105468.37
105468.37
105468.37
105468.37
105468.37
105468.37
105468.37
105468.37
105468.37
105468.37
105468.37
105468.37
105468.37
105468.37
105468.37
105468.37
105468.37
105468.37
105468.37
105468.37
105468.37
105468.37
105468.37
105468.37
105468.37
105468.37
105468.37
105468.37
105468.37
105468.37
105468.37
105468.37
105468.37
105468.37
105468.37
105468.37
105468.37
105468.37
105468.37
105468.37
105468.37
105468.37
105468.37
105468.37
105468.37
105468.37
105468.37
105468.37
105468.37
105468.37
105468.37
105468.37
105468.37
105468.37
105468.37
105468.37
105468.37
105468.37
105468.37
105468.37
105468.37
105468.37
105468.37
105468.37
105468.37
105468.64
105468.65
105468.65
105468.64
105468.65
105468.65
105468.64
105468.64
105468.65
105468.64
105468.65
105468.65
105468.65
105468.65
105468.66
105468.66
105468.66
105468.66
105468.66
105468.65
105468.65
105468.65
105468.65
105468.65
105468.65
105468.65
105468.66
105468.66
105468.66
105468.64
105468.64
105468.66
105468.65
105468.65
105468.65
105468.66
105468.65
105468.65
105468.65
105468.65
105468.65
105468.66
105468.65
105468.66
105468.68
105468.68
105468.65
105468.65
105468.66
105468.65
105468.65
105468.66
105468.65
105468.65
105468.68
105468.66
105468.65
105468.65
105468.65
105468.65
105468.65
105468.66
105468.65
105468.65
105468.65
105468.65
105468.65
105468.65
105468.65
105468.64
105468.65
105468.66
105468.66
105468.65
105468.65
105468.65
105468.65
105468.65
105468.65
105468.64
105468.65
105468.66
105468.65
105468.65
105468.66
105468.65
105468.65
105468.66
105468.66
105468.65
105468.64
105468.65
105468.64
105468.65
105468.65
105468.64
105468.64
105468.64
105468.65
105468.64
)
;
    }
    domain0_to_potato
    {
        type            fixedFluxPressure;
        gradient        nonuniform List<scalar> 
4872
(
48.451314
-1.315853
-1.2869664
-1.301516
-1.3067539
-1.1204837
48.402665
48.380659
48.433488
1.3417829
1.3517325
1.3165604
1.3303491
1.3290144
1.3498442
1.337319
1.3549294
-1.3038792
-1.270876
-1.2178367
-1.3001722
-1.1840135
-1.3039476
-1.1244014
44.752097
44.786303
45.520588
42.371341
44.491872
-1.3268517
-1.006073
-7.2361698
-10.779476
-9.9029695
-1.3515714
-0.9250228
-7.1779756
-9.3974517
-9.9425625
-1.3307248
-7.2143714
-1.2995272
-7.20685
-3.8847595
-3.7600868
44.753574
44.812306
44.726994
45.647398
44.574918
44.966521
9.5911688
1.337171
9.5506225
1.3899766
9.5074992
1.3303599
46.434704
45.930782
43.906121
7.2745331
1.0616349
7.7981493
7.2190724
1.0299365
7.681177
41.731779
41.995839
43.242028
7.8492217
0.99522774
8.0855046
9.5418106
7.2699286
1.3496046
1.0467052
7.8713633
9.5165631
1.3639954
46.315917
44.614979
43.895471
7.4316119
1.0280564
7.9330653
9.6060815
7.4232141
1.3496827
1.0073224
7.8953142
9.5138107
7.4857266
1.3806302
0.95480213
7.8261557
9.6625261
6.90978
1.3650438
1.0564383
7.8002586
-1.3636709
-7.2011816
-1.3207421
-7.079973
-0.99469293
-10.08977
-9.7093823
-1.0120517
-9.7196005
-9.7166528
-3.881658
-4.7597115
-3.8041953
-4.5099133
-5.21349
-1.3205274
-1.0357085
-7.2659907
-9.2936509
-9.995126
-3.966165
-4.1955273
-3.8402821
-5.1470619
-5.5267461
-1.3347881
-1.0020306
-7.1765289
-10.869727
-9.8522777
-3.9849236
-4.9988816
-3.7623065
-4.3246238
-5.6358103
-0.94882352
-10.063635
-9.8999629
-1.0913268
-10.787778
-9.6553099
-4.676681
-4.7802312
-5.2662985
32.220106
32.417901
32.031427
20.602707
22.21056
21.512913
34.413762
36.164604
22.127698
21.39767
32.281997
31.830441
33.463516
21.922382
17.923785
23.231534
28.373581
27.151699
30.990302
29.711655
33.862498
32.337299
31.036382
20.805643
21.989093
21.454293
34.719729
36.137491
21.143835
21.370478
30.28677
30.777899
34.168962
28.701429
27.352026
32.108936
30.897983
20.701129
17.419948
23.506254
33.257658
33.039451
34.014988
46.020107
41.237127
46.192856
41.379315
33.300955
33.718346
38.849384
38.28885
38.316687
-16.672537
-17.5184
-15.379115
-17.530912
-17.941952
-15.964437
-8.498191
-7.421958
-8.6126863
-7.2842519
-6.9664022
-6.9179752
-1.1058148
-1.1089818
-8.7408365
-10.455401
-10.119063
-9.1315316
-10.275451
-9.7579328
-17.82322
-17.452387
-16.427384
-1.076507
-8.3933444
-12.769523
-10.952639
-16.265793
-17.247518
-9.6472677
-11.639099
-18.222799
-18.120187
-17.88259
-15.053671
-1.0467539
-8.3895535
-12.149026
-10.837223
-16.533671
-17.87904
-9.6362723
-11.467185
-18.441518
33.127557
31.766009
33.141988
20.129296
21.825627
21.209677
34.206446
36.26627
21.338274
21.232265
32.00078
29.692231
34.197235
21.780037
18.167508
23.403048
28.262996
27.263246
31.668027
30.407943
31.589986
31.483886
32.05704
20.612648
21.959449
21.716483
34.488086
36.067561
20.966479
21.238156
33.902171
31.151919
34.087638
22.512404
17.655729
23.095605
28.62634
27.65578
32.111307
30.944227
33.653443
45.982006
41.247242
45.833329
41.135788
34.463633
33.582795
39.074714
39.180535
39.306484
17.857212
18.429689
15.769141
17.739931
18.117646
16.585277
7.319941
9.0090996
7.5285846
9.2255029
11.860836
9.298943
11.367455
12.136718
9.8787104
11.244921
10.203525
10.401702
1.134805
1.1694875
18.527236
9.2363353
12.846525
1.1092485
10.138974
18.412155
15.415989
13.064368
17.881131
9.9028343
18.260125
9.1528414
12.747682
1.0591947
9.8612109
17.379291
16.379748
12.918252
17.454466
9.6405785
33.035306
33.015402
45.644513
41.169173
46.13166
41.304946
34.053496
32.638276
38.591964
38.668158
38.137353
31.969693
32.718243
20.933932
22.429049
21.608628
36.090868
37.135448
20.08872
21.718779
32.23249
31.498331
35.042634
20.931326
16.430289
23.722609
28.293544
27.071749
32.236584
30.942301
18.508617
17.594692
9.404593
13.022318
1.0826815
10.041355
18.534115
17.078725
17.774737
13.090844
10.219191
18.091106
15.991742
16.865048
17.651207
15.751243
6.4591505
9.4232524
7.1996349
9.4579732
10.944639
9.941085
11.396042
11.991808
9.6394961
11.167099
9.3160694
9.2498497
1.1096033
1.1830982
18.47651
9.1674185
12.824088
1.0897117
9.9736018
18.407771
16.627501
17.972996
9.957662
13.08266
33.588911
32.234493
45.899041
41.346584
46.241998
41.353952
33.158141
34.266971
37.769037
38.962021
37.689511
31.721097
32.112634
21.377638
22.26803
22.181562
34.268829
36.659537
22.974557
20.982954
32.291259
30.855873
34.712633
28.343898
27.407796
32.334
31.084656
22.404723
16.707388
23.281191
18.893587
17.381732
9.3379591
12.896727
1.1042912
9.9611049
18.701328
17.489715
17.26804
12.871586
9.6544154
17.98928
16.164713
18.253421
18.302357
16.545544
7.3834873
9.3606844
6.8440521
9.2881215
12.110299
9.9237786
11.28429
11.451025
10.004203
11.150347
9.4389207
9.2707176
1.140986
1.1670558
18.416714
9.3018218
12.923004
1.0781355
9.9874699
17.886895
16.717289
17.825075
10.265287
13.052328
31.737773
31.927555
20.273302
21.774018
20.611424
36.152463
36.659446
21.724576
21.486649
33.400317
30.758383
34.892391
28.246937
26.994933
32.291534
30.923597
20.83798
15.880073
23.220549
32.821541
31.963129
19.884859
21.753938
21.005634
33.691107
36.233298
21.750723
21.029325
33.696522
31.003133
34.336444
28.582957
27.228444
32.097306
30.798418
21.586131
17.992036
23.425588
19.015379
17.407315
9.306377
12.751648
1.054454
9.8827788
18.122724
17.544041
17.517496
9.643062
12.946645
17.687967
17.629683
9.1479435
12.779563
1.0739763
10.020295
17.409969
15.644096
16.68456
9.8297425
13.134974
18.237636
15.752999
18.310677
16.109335
7.2048089
9.2577185
7.2293833
9.1489031
11.820686
10.18722
11.062707
11.130311
10.427041
11.143484
9.8398346
9.7687351
1.1508676
1.2030886
-19.094424
-17.114248
-1.1565748
-8.5391554
-12.460945
-10.809623
-18.090102
-18.835283
-11.64412
-9.8631088
-18.218726
-18.287407
-17.25196
-1.1170238
-8.417028
-12.205361
-10.754668
-15.830661
-18.379588
-11.807511
-9.6528614
-17.95762
-18.663059
-18.138613
-21.01707
-18.858859
-19.580778
-17.842593
-18.290542
-15.70363
-16.408202
-16.18701
-17.306509
-16.377082
-18.881485
-19.939218
-18.28225
-19.452494
-18.032734
-14.277404
-17.950741
-18.579638
-17.815824
-20.037009
-18.982906
-19.1383
-18.462682
-18.479013
-16.140163
-15.980836
-17.326688
-17.020968
-15.930529
-17.702108
-19.046884
-17.476899
-18.66653
-19.269167
-14.813734
-17.878346
-19.937206
-4.7012687
-7.3437224
-4.3117457
-7.8172107
-20.994099
-21.230102
-13.857305
-14.004436
-10.175514
-17.989037
-15.839119
-18.304612
-18.354532
-16.272686
-8.6137075
-7.7258802
-8.9900732
-7.2381369
-7.5568948
-7.4917852
-1.0914482
-1.1240638
-8.5210105
-10.575014
-10.137038
-9.1549423
-10.371751
-10.079998
-18.388188
-16.961029
-1.1296127
-8.5456542
-12.167929
-10.887752
-16.946147
-18.496433
-12.106164
-17.813848
-9.786883
-18.0217
-17.574377
-21.680405
-19.948616
-20.29107
-17.235535
-18.863022
-15.544324
-15.220304
-15.80237
-16.205967
-15.667495
-17.748899
-18.831219
-17.996797
-19.165325
-17.120713
-15.52049
-18.139467
-18.674291
-20.299366
-4.5656833
-8.4174943
-4.6654796
-8.063855
-19.748377
-18.266186
-14.693681
-14.356013
-10.972183
-18.403307
-17.581091
-19.4272
-20.064861
-16.571681
-18.610744
-15.56613
-16.576386
-14.660127
-17.681822
-16.248844
-17.747423
-19.518675
-18.279539
-19.525522
-19.080756
-14.527678
-18.943568
-18.319896
-16.297854
-16.388793
-17.47126
-15.389742
-8.3026239
-7.6167003
-8.8627756
-7.2461844
-6.8238202
-6.8030763
-1.1187357
-1.1155074
-8.5545955
-10.414649
-10.074775
-8.4753837
-10.234964
-10.122441
-19.512158
-16.495058
-1.1024949
-8.4667919
-12.788269
-10.793185
-18.489563
-19.003285
-11.765271
-18.287202
-9.6781513
-17.643766
-16.396654
-20.854664
-19.871664
-20.088596
-17.951923
-18.730718
-15.285399
-16.227303
-17.694553
-18.936446
-18.198837
-19.300062
-15.645091
-16.014304
-15.300144
-18.933334
-14.925963
-18.41965
-20.181483
-20.744115
-4.7394018
-8.4132376
-4.4953949
-8.2179178
-21.142332
-20.918973
-15.066118
-15.195658
-11.395689
-18.035816
-17.224636
-19.992065
-20.901316
-18.869325
-19.086203
-15.513437
-16.124538
-18.249378
-19.673312
-18.177701
-19.370361
-17.545438
-16.405814
-16.006283
-17.563824
-15.1064
-18.533713
-17.985706
-18.075448
-14.799053
-1.0680782
-8.5054937
-12.481157
-10.851186
-16.45083
-17.63228
-9.7729453
-11.620189
-18.753622
-18.33712
-17.452335
-17.056688
-1.1079358
-8.5494606
-12.771539
-10.70163
-16.644609
-17.467511
-9.7774721
-11.550095
-18.29179
-18.640679
-16.783628
-17.952274
-16.074786
-9.1492433
-7.2958037
-8.7779498
-7.4880829
-6.6701796
-6.5921788
-1.1352886
-1.1409958
-9.432811
-10.383019
-10.094832
-9.4346963
-10.032944
-10.131855
-20.004686
-21.434812
-20.700119
-4.5728131
-7.8783715
-4.6089147
-7.8206089
-20.085772
-21.057875
-10.50694
-14.084842
-15.108055
-16.92765
-15.941831
-20.061903
-20.070009
-16.983971
-17.848873
-14.553113
-16.164802
-18.651357
-19.392839
-18.375352
-19.600339
-16.442173
-18.210847
-15.871255
-18.015942
-14.488084
-18.339494
-18.727612
-18.257948
-19.399811
-20.075298
-19.195511
-18.758768
-16.768624
-16.011038
-18.589873
-19.840858
-18.653037
-19.903727
-17.583202
-16.68974
-16.567949
-19.412422
-14.538257
-18.830821
47.980579
47.976404
47.455218
-1.3375122
-3.7738135
-3.7942745
-1.3109298
-3.7006797
-3.7423346
-1.3105276
-3.7417709
-3.7376642
-1.3246655
-3.7575248
-3.7643624
-1.6412251
-1.5433046
-2.0576311
47.919468
47.961359
47.497356
47.786697
47.86706
47.236894
47.982044
47.98383
47.530867
4.1672325
1.3845776
4.3005362
4.2086582
1.3901835
4.344388
4.0897133
1.3486466
4.1958661
4.1425392
1.3529657
4.235969
4.1336498
1.371787
4.2813682
4.183361
1.3646016
4.2590495
4.1544287
1.3680324
4.2384976
4.2001333
1.3792668
4.2894794
-1.3361376
-3.7450508
-3.7642722
-1.2982412
-3.6591528
-3.6894651
-1.6800759
-1.7486046
-2.1735914
-1.3167557
-3.7353718
-3.7449066
-1.6763484
-1.6617478
-2.1230072
-1.3145677
-3.7537762
-3.7330193
-1.6698039
-1.5199123
-2.0256818
24.848394
34.092744
38.620838
38.331933
33.670705
39.165302
41.553992
42.114679
40.071508
38.439778
39.848636
32.48396
39.17984
43.049028
42.645928
40.997192
-18.183953
-19.05838
-1.0461837
-3.6337335
-2.6375323
-4.5417756
-1.3454134
-1.025747
-1.1273905
-3.1685507
-11.852958
-14.685
-13.907288
-12.318675
-16.280855
-17.923182
-16.540228
-3.6352366
-2.6745896
-4.1642553
-1.2941687
-1.1079548
-1.1697214
-3.1399374
-11.936589
-12.882251
-13.348997
-12.113599
-14.178657
-16.668803
-15.851013
34.82296
28.66333
26.275863
34.244264
24.881279
38.890789
37.194988
34.266017
39.741151
40.516971
41.634335
39.455761
38.419411
38.330913
32.707465
39.030513
42.031308
41.966769
40.477344
18.296261
19.092468
1.1722168
1.1747034
19.21296
16.017855
10.968816
18.688488
16.763499
18.540502
18.389442
4.0061034
3.5367838
3.0718244
1.3621103
1.1052642
1.1502521
3.9814457
18.72152
15.055047
10.847423
18.53231
16.074393
18.20034
17.755759
3.8580387
3.4394677
2.6486837
1.2817373
1.1223634
1.200757
3.9804138
39.727619
38.538554
31.070692
39.172072
43.295993
42.516383
40.847384
38.806087
38.772789
31.036262
39.322337
43.280676
42.803025
41.039036
34.480017
24.583643
15.258095
19.580041
11.291336
18.848674
16.700622
18.622968
18.235109
3.9017772
3.5327991
3.0475912
1.3248412
1.1314084
1.1962801
4.0937605
18.93589
20.32582
1.1762557
1.1355814
15.50537
18.875012
10.417157
18.572122
15.48817
17.607827
17.908881
3.4094186
3.9445499
2.8124997
1.3106639
1.060851
1.180423
4.1328886
40.829513
38.319189
34.420201
38.935495
42.662015
42.04343
40.777967
38.787788
38.325793
34.265243
39.541698
41.09217
41.992758
40.10753
34.613364
14.75629
18.814578
10.995535
18.528902
15.570571
17.903959
17.578907
3.9433015
3.2768808
2.7925928
1.3589031
1.0279978
1.1427753
3.7658933
19.180732
19.011867
1.1456621
15.283585
18.899295
10.798221
18.780533
16.442443
18.487119
18.000903
3.6104945
3.9142032
2.7840626
1.3379803
1.0757086
1.1598334
3.9807285
24.648754
34.330864
24.774513
15.650236
18.749652
10.049863
18.59273
15.896305
17.979293
17.968011
3.3246516
3.9223773
2.970706
1.3453663
1.0787608
1.1465628
3.8690035
15.614093
18.974386
10.955218
18.748726
16.507569
18.421203
18.237592
3.5695962
3.9883727
3.101719
1.391774
1.1423463
1.1845318
3.9822856
1.1062787
1.1565274
-2.7388716
-3.6134792
-4.1665146
-1.3042652
-1.1212653
-1.1874028
-3.1264941
-11.903278
-13.959474
-13.598545
-12.264266
-16.272219
-17.959811
-16.341102
-2.6987278
-3.5929906
-4.4390709
-1.2897582
-1.063479
-1.1265011
-2.9300647
-11.552685
-12.863544
-12.196517
-12.010085
-14.583222
-16.904755
-15.591589
-18.729578
-18.840097
-14.747425
-19.926087
-19.10524
-13.015002
-11.338148
-9.7274284
-8.4042631
-8.8128992
-11.33705
-10.560527
-11.434003
-2.6586881
-3.5328659
-4.6290695
-1.2818152
-1.1357033
-1.2280508
-3.1522259
-14.40068
-11.745624
-13.012932
-12.254709
-16.252357
-18.011698
-16.363423
-19.39919
-18.812697
-15.137779
-13.469362
-10.643128
-8.3140159
-10.062209
-13.16033
-12.070535
-13.022479
-14.491663
-19.324618
-19.420416
-1.0636219
-2.7583464
-3.5902479
-4.1046143
-1.3236157
-1.048679
-1.1387812
-3.27197
-14.202711
-11.659485
-13.280539
-12.15097
-16.834246
-18.251454
-16.292887
-18.247566
-18.940904
-14.427945
-13.239094
-11.337646
-9.017169
-10.024076
-12.273506
-11.715716
-13.173399
-12.683476
-11.019951
-9.331178
-9.738246
-11.963024
-11.305611
-12.559294
-14.369224
-3.5620626
-2.7819809
-4.6301526
-1.2999283
-1.0598108
-1.1302028
-3.2181862
-11.797498
-13.398296
-13.417017
-12.329736
-15.767975
-17.863934
-16.062448
-3.7243917
-2.5249788
-4.5086392
-1.2461842
-1.2275737
-1.256174
-2.9787873
-11.936567
-13.407182
-12.354768
-12.303768
-15.993045
-17.907968
-16.163822
-19.259966
-19.134492
-1.0296581
-1.0693228
-10.758703
-12.497226
-8.6031118
-9.702218
-11.718669
-11.140189
-12.484338
-11.228699
-13.412751
-9.21184
-9.8650942
-12.270266
-11.571549
-12.888237
-14.622957
-14.615965
26.968129
22.769937
22.462144
46.991032
36.220447
44.054608
41.365616
46.290404
47.019433
36.322726
44.923576
38.087405
46.249975
37.407377
47.106393
36.739808
46.95596
44.609411
-1.3432663
-4.6262295
-3.707989
-2.7902601
-3.8203465
-5.9280037
-7.036965
-7.0373194
-9.4992814
-5.9411344
-6.1451976
-8.0296562
-6.512398
-10.170475
-5.493394
-1.2895202
-4.9421781
-3.5890275
-2.5448542
-3.7955481
-5.8087061
-7.2584358
-6.9338616
-8.6412931
-5.8542571
-6.1897772
-8.0252948
-6.5435251
-10.162538
-5.4968531
-1.2973015
-3.5899432
-3.7157805
-5.88108
-7.0056771
-5.8693007
-1.3095085
-3.5335473
-3.7400475
-5.5002235
-2.5066411
-4.5851385
-3.0009171
-2.3620941
-4.6562636
-2.9663285
46.965863
44.169036
46.405331
47.060819
44.386397
46.572696
46.916005
44.342618
46.221042
46.97991
44.89604
46.11502
44.5963
46.92061
44.088513
46.390572
47.021804
44.170334
46.445249
7.0851232
10.05429
7.5135185
1.3890271
3.9066954
4.3169784
7.0639516
7.1267016
9.7956803
7.4041401
1.3829294
3.9827841
4.3342131
6.9841142
9.7785984
7.2700076
1.3469451
3.9018806
4.1912066
6.8976452
35.653738
43.073223
37.011937
41.111707
34.554628
46.700504
38.300932
46.165072
44.874646
4.9929832
6.5773285
2.2784687
2.8999488
4.6669723
6.8479027
3.0669965
4.8482815
4.7225604
6.7495803
2.9214169
2.9674388
4.3743006
6.8526821
3.155376
4.9772136
27.736434
22.828039
22.095893
38.143347
36.033284
36.625059
38.37794
37.319626
46.285129
37.259077
45.520989
4.2268275
7.9444149
2.942533
2.8033635
3.8446671
7.0301502
4.0206425
5.0628082
6.9920526
7.0767607
4.536441
9.8311809
6.6543437
7.3614624
1.3664018
2.5197202
3.9384392
2.8974607
4.3141522
4.5872433
7.0340446
3.4046825
4.9412012
7.0843901
7.0520857
9.8412796
7.3783479
1.3629395
3.9494303
4.3007702
36.268542
41.536742
36.930533
41.036918
37.520365
46.985505
37.479853
46.538783
44.834028
27.465279
22.522426
22.14574
4.8290372
6.4949624
2.8362805
2.656415
4.3692395
6.9810483
3.5197175
4.9167193
6.908041
4.4784305
7.061436
5.0207823
3.4242413
5.0628079
2.8963202
6.8465975
27.504792
22.793573
23.202929
7.1184954
4.7374521
9.7652853
7.0196862
7.3954008
1.3562462
2.7615454
3.9350679
2.7602119
4.2163062
4.5654203
6.9233873
3.5416813
4.9413698
6.8615241
4.0260397
6.9757919
5.0389136
3.4307714
5.0279287
2.7826846
6.8542825
-1.3130466
-3.5642975
-3.7797626
-5.8692263
-7.0715852
-5.8795985
-5.51459
-1.2863277
-3.5680137
-3.678145
-5.7614735
-6.8693011
-5.7991891
-4.8601505
-2.6589495
-8.3089084
-8.6504462
-5.953423
-7.9731638
-6.9697693
-10.420072
-4.2603858
-2.6733686
-7.4373841
-8.4212974
-5.9582281
-7.573081
-6.6860827
-10.193373
-5.3750973
-16.330074
-16.413789
-21.698557
-2.4675062
-4.4132257
-4.515702
-4.806747
-2.9685404
-2.5901828
-4.3626698
-4.5805074
-4.7251579
-3.1274163
-4.5486751
-5.0658566
-4.7922511
-5.2953069
-4.0553119
-1.3044819
-4.671682
-3.6359721
-2.7412944
-3.7608932
-5.8797569
-7.5185084
-7.0025375
-8.677638
-5.8432396
-6.245171
-7.9146833
-6.2168955
-10.174572
-5.4954207
-16.692556
-16.133811
-21.497135
-2.5076549
-4.6135877
-4.7837144
-4.2223901
-3.1157351
-2.4972196
-4.3949545
-4.5537028
-5.1257564
-2.9949953
-4.908156
-5.4698043
-4.7194271
-5.3143983
-4.1800071
-1.2873887
-4.2959354
-3.5713831
-2.89986
-3.7466857
-5.7172013
-7.7527308
-6.3973311
-9.8782322
-6.8274379
-5.4562425
-2.5918989
-4.735216
-4.643442
-5.4259054
-3.0577363
-2.3507312
-4.8398627
-4.5893992
-4.6463388
-2.9444085
-4.6171061
-5.550453
-4.4984903
-5.4706438
-4.1445053
-16.235027
-16.572842
-22.329054
-4.629088
-2.7726608
-7.3532356
-9.2817771
-5.9393287
-8.0930518
-6.2233174
-9.8136943
-5.4478891
-4.8066715
-2.8893284
-5.9910322
-8.1537447
-6.5099279
-10.093269
-7.6272321
-4.4737136
-4.6894137
-4.5093841
-4.9122231
-4.6393164
-5.3894284
-4.7968724
-5.3369181
-4.0436291
-16.137183
-16.284334
-21.592975
27.303142
25.131507
26.295341
30.481906
30.973229
27.894165
27.483729
26.291837
24.086025
28.532703
24.038759
28.678282
30.176859
28.811639
29.926589
31.270165
30.867862
28.296856
31.278582
24.59631
24.932892
27.586199
24.801699
23.631869
20.715739
26.208779
24.484544
32.184251
34.369191
30.567274
23.848002
21.233496
26.534509
34.323408
34.149316
26.22599
34.447749
35.059291
34.998817
37.810261
33.387506
36.698371
33.723692
32.38118
30.86827
28.565361
35.195178
35.089309
38.394105
30.589147
38.67022
29.79937
25.252679
26.948862
25.959229
21.828744
14.525359
23.839601
26.809232
20.083696
26.409777
18.421414
28.409256
19.572043
24.102985
19.029576
21.06658
19.22545
34.019101
19.173411
19.46783
29.967403
28.611661
30.208999
30.599126
30.555618
29.248873
28.101435
27.761248
27.468558
24.915264
28.407312
30.023998
31.209417
26.902178
27.836191
26.611874
23.943682
27.946882
24.010221
25.961804
24.86287
27.891044
25.307849
23.418909
20.400917
27.020567
23.814464
30.879261
34.651811
29.97813
29.314089
23.251711
20.473893
26.260911
34.344439
34.267211
30.194018
34.548508
35.382814
37.543966
33.439841
34.933819
33.895311
32.445342
30.746365
32.16237
34.601985
35.011579
37.300445
30.950899
36.77292
29.330416
24.805498
26.689928
25.419737
20.796389
13.444864
24.983783
23.053619
26.66845
19.807447
26.166582
17.763937
27.77257
27.387191
27.843475
19.014156
23.520986
21.285861
19.204818
19.585091
34.46439
30.577321
29.231802
30.219503
30.502423
31.401659
30.036288
18.716926
18.393957
41.366951
41.764899
46.041836
43.516998
43.838713
34.409943
40.25101
41.44653
38.206921
40.171825
44.944451
38.375363
38.062754
34.421342
37.423659
40.390872
41.679671
41.986305
45.604237
42.819113
43.047432
34.365382
39.831225
41.161374
38.496211
35.286222
40.416067
45.031367
38.700358
36.707651
33.735929
35.827281
37.771198
39.547993
44.056509
43.355208
37.604671
35.240078
34.211628
34.107495
31.207123
33.880246
30.84194
34.804824
39.016401
38.565936
38.084817
32.814728
34.416936
35.326136
33.474487
34.655564
34.682936
34.875122
35.143
36.783243
39.314409
-12.262331
-11.837103
-15.263787
-11.608547
-11.684395
-8.9378814
-12.011156
-12.109133
-9.2100398
-12.034386
-11.793341
-15.524096
-16.538303
-16.167577
-18.601116
-17.03264
-11.645535
-14.444715
-16.660719
-17.295671
-16.145401
-19.322799
-17.268973
-11.518668
-15.538953
-9.3538228
-13.632734
-11.662488
-9.3858413
-13.307242
-12.085376
-7.7770806
-4.9011361
-5.1703664
-3.7917755
-1.0594565
-1.99034
-1.02687
-1.2218495
-1.1395548
-4.2031634
-3.0968118
-4.1901743
-1.1406784
-3.1336123
-5.6171024
-6.2636439
-8.9493285
-5.8184471
-7.0324383
-5.7088735
-3.815663
-0.91443127
-2.0397306
-1.1329039
-1.183495
-4.1867422
-3.0289004
-4.2386141
-1.1458469
-3.1230332
-5.4777512
-5.9204133
-8.8100747
-5.8451868
-6.6549468
-4.9640874
-5.6638422
-5.4338205
-5.5044909
-8.0066309
-5.1654712
-3.3665282
-3.3802723
-11.600816
-13.625125
-11.457531
-12.859071
-3.504771
-1.1876942
-3.4361431
-3.9810261
-7.4139304
-7.4816084
-7.830987
-8.1193423
-8.5996641
-6.079753
-5.3502391
-6.5807994
-7.1819747
-7.519716
-8.980196
-6.9977729
-5.5225817
-11.83601
-12.047265
-12.110439
-13.198884
-17.115664
-14.417965
-12.020001
-15.829487
-15.933999
-17.270093
-11.683544
-11.596157
-11.369467
-12.341464
-15.004504
-16.654713
-17.227372
-12.707402
-11.180179
-14.631741
-15.980004
-13.346884
-14.445272
-13.604889
-12.264638
-15.374756
-18.033287
-11.730096
-10.796598
-12.081748
-14.2036
-8.2258661
-11.794918
-9.7481365
-11.16128
-13.652671
-11.139116
-14.593679
-16.798179
-16.912459
-15.896039
-3.5279275
-1.1981637
-3.4551303
-6.9577561
-7.2722879
-7.7240626
-7.5771857
-8.5403472
-6.1408974
-5.3692618
-6.744017
-7.0651943
-8.103853
-8.0491326
-7.2095464
-5.4233922
-11.805084
-11.788655
-11.783967
-18.007914
-14.335882
-17.224152
-14.495996
-13.657517
-16.59119
-15.659641
-11.778693
-11.471414
-11.39407
-10.22619
-13.979087
-16.64147
-17.980898
-12.363108
-11.436241
-14.364445
-9.6105782
-10.102236
-10.863848
-14.122783
-11.686269
-11.354031
-13.211302
-11.049445
-10.73328
-14.81168
-14.468276
-11.807543
-16.650485
-17.27338
-16.62136
-14.090867
27.955111
25.107463
28.591556
30.162473
31.242272
27.376358
28.173714
26.941558
24.259649
29.131437
23.786034
26.709009
30.711193
29.059353
29.012382
31.877879
31.334098
27.496651
31.829486
24.970375
24.734709
27.670131
25.055713
23.194534
20.320813
26.257463
24.098768
32.134312
34.110149
30.539748
23.678389
20.821993
26.119358
34.680259
34.828636
30.024653
35.076142
35.342513
38.135502
34.436296
37.796016
33.962061
33.178735
30.894411
28.991194
34.402549
35.880645
37.701325
31.555516
37.797101
29.181451
23.496066
26.149645
25.858418
21.927544
13.914047
24.648398
23.718928
26.843939
20.523952
25.237519
17.643981
28.118368
26.753397
28.481948
17.781053
23.662915
18.559106
21.2629
19.325714
33.695884
19.061917
19.025754
30.308552
28.925214
30.370629
31.180252
31.569697
30.335028
27.433007
25.092726
28.053199
30.618223
27.044531
31.405999
26.962923
25.49588
23.967631
28.420756
23.966826
29.332154
29.496779
28.979409
30.025616
30.423099
31.158429
29.455324
24.852175
25.087693
27.859801
24.743486
24.256873
20.141232
24.678468
23.963739
20.329457
26.207084
30.016166
32.528258
31.46867
35.127437
33.248011
28.595505
34.413769
35.489955
35.784524
34.593546
35.825282
34.061915
33.243583
31.400032
28.321577
34.689202
34.74696
37.002194
37.135698
29.783609
25.321959
26.803194
25.472436
20.751947
12.786089
23.042653
26.7555
19.842082
26.281956
16.904472
27.848263
27.440669
27.799689
19.280634
23.624902
19.002065
21.079538
19.360731
31.748356
32.845383
33.434502
34.234246
30.775467
18.385318
17.103079
30.558098
29.343425
40.812774
41.225596
45.358335
39.756528
42.0625
34.357203
38.905378
39.408472
41.144614
40.072067
45.248854
38.648402
35.575225
32.634774
40.913869
41.154989
45.583664
40.129441
42.387995
34.468237
38.462863
36.307462
40.35823
40.122849
44.548032
38.976415
36.352037
33.322198
38.569902
36.101195
37.00692
33.098115
31.703616
33.129431
34.335302
39.36637
34.059074
39.162636
34.73179
35.349662
38.27044
34.120809
35.072057
39.261412
15.506947
15.287841
14.27802
9.9928372
9.8254904
7.500708
9.9015457
9.7417064
7.161568
15.605247
15.281595
16.503304
15.614194
16.088701
18.52008
15.296405
19.341702
13.500983
16.731207
15.893616
15.870931
18.82178
15.733532
19.461688
14.236118
12.228039
12.539762
14.483887
12.388415
12.631943
14.224461
8.1612736
5.9383872
6.2507356
3.4663502
1.0025486
1.4216937
1.184235
1.1675723
3.1982357
3.5964941
3.039848
1.1691496
3.6090901
6.3566109
4.9665022
7.5461551
8.3055426
5.7381027
5.5045627
8.4440736
6.0897693
6.4949107
3.4450166
0.99554544
1.5370875
1.1522998
1.1308807
3.2385532
3.5509711
3.0433352
1.1312079
3.5632114
6.2188142
5.1108505
7.6227811
8.5451231
5.8156383
5.6798933
18.303656
11.602015
18.802906
6.609241
6.5903534
3.5522115
3.4989063
15.937022
15.212161
9.4401686
11.140132
14.553432
21.736209
20.005319
12.512318
15.358892
15.691545
10.41411
16.199477
10.08245
13.946508
4.1400136
1.285335
3.6120082
5.2549446
4.7129432
9.7471809
6.4419665
8.6442261
7.4123002
7.0011892
14.457888
12.021502
9.2870652
14.982975
13.754732
12.528366
20.516386
17.006544
15.601166
11.957635
9.683529
8.0681014
6.7846231
15.783732
18.787202
18.152584
14.746309
17.249506
14.324752
14.959586
9.3515111
15.610774
15.13329
9.2887685
15.331761
11.342155
10.486011
15.787311
9.2602332
11.43379
4.0777391
1.2434902
3.4020905
4.4407336
5.0422468
9.4867299
6.1292641
7.3118944
8.0529192
7.2100534
5.8713895
9.8756719
6.5694718
6.544837
13.907865
11.939934
9.2096435
15.018923
13.761626
12.099177
19.955114
16.958556
18.492042
16.818103
15.180999
11.530971
9.3144221
7.88517
16.102651
18.106814
15.432124
14.165783
14.174445
15.125181
12.155188
9.2601494
41.546486
41.898311
44.955477
41.953741
40.368498
34.633502
38.614503
41.059137
38.768878
32.365619
40.151221
44.436772
38.608766
34.302805
41.729101
42.146165
45.665056
41.734341
42.025959
34.318181
39.422585
40.827207
38.363147
40.424265
44.882602
38.565334
37.401846
30.034156
37.731262
37.688571
39.550616
44.749336
43.481193
37.928636
36.885662
36.220422
34.059524
31.89544
33.22709
30.220098
34.484564
38.978134
35.235023
34.848522
39.708029
41.200171
38.179647
33.497074
34.523373
34.882708
34.532275
34.371123
39.454067
27.506383
25.42945
27.915351
30.750981
31.733575
27.975075
28.557691
27.435088
24.95788
28.590168
24.175542
28.65131
28.750804
28.693408
30.30142
30.07087
31.023667
29.39016
29.677312
25.040161
25.403483
27.773621
24.437287
23.943294
20.992498
26.076777
25.012581
32.264108
34.14593
30.346975
23.004828
20.873313
26.604774
35.357589
28.531228
35.159036
35.723163
35.179798
35.289921
34.228471
34.70575
31.351737
29.80619
35.397679
37.486985
31.399644
29.762016
25.335395
26.909631
25.542842
13.426885
21.510398
20.707466
23.557666
26.862693
26.199231
18.282805
28.000419
18.804207
22.954944
19.886254
21.337333
19.933105
18.805929
29.996329
30.769627
29.460969
31.112925
16.0314
15.20337
9.787922
14.520579
14.512554
21.920106
19.978776
15.288095
15.595939
11.552809
10.800954
16.178545
9.981023
12.088577
4.0714446
1.2774439
3.5204764
4.6690422
5.2227701
9.7866425
8.0285536
8.6691017
6.4790522
2.899524
7.1450204
5.9349206
9.7979447
5.768591
7.0842586
8.7398827
5.8956619
14.377537
12.396642
9.1237208
15.219776
13.872951
12.66113
20.649486
17.969762
18.340935
18.699249
17.177444
15.409742
12.061962
15.712974
17.980536
15.683027
10.102862
6.4335085
14.588048
15.773322
12.38606
9.7371211
15.939388
16.391098
14.347283
10.40453
7.9243855
10.374013
10.301406
7.4216132
10.171697
15.879633
16.409449
17.626969
15.780734
15.940174
19.370369
15.72122
18.601237
14.009752
18.527639
15.699264
15.887691
20.488278
15.54288
19.648268
13.913378
8.7976351
6.2839247
6.5640216
3.5514861
1.3568066
1.0478114
3.1864442
1.2470509
1.1766051
3.7179464
6.4964859
4.8885839
7.1262443
5.92533
1.1648701
3.7358638
8.6639734
6.1717323
6.4396724
3.6554912
1.5123065
0.99297322
3.1533868
1.247475
1.1657777
3.5944852
2.8828471
6.5166864
5.0643337
7.3903469
8.4735159
5.8836864
5.6805816
1.1790993
3.5987511
11.852526
12.551428
14.050437
19.20115
6.6504721
6.6813073
15.696729
15.001941
9.2883661
13.755203
13.805104
21.683563
19.95455
14.823717
15.741979
11.198022
10.481935
15.909929
11.718176
9.7278394
4.1603115
1.2869351
3.4628896
5.1543892
4.7956351
9.3663594
6.2570499
8.3981951
7.7132059
7.4910007
7.2839524
5.8964514
9.9082107
6.7367751
15.305164
13.511446
12.497703
20.532274
19.356716
17.120986
18.661085
17.135156
16.294684
18.66923
15.481295
41.150455
41.212915
45.560213
41.961524
39.716506
34.297907
38.430902
39.772298
36.932352
31.542901
40.254251
44.074401
38.726356
38.089399
41.184964
41.672882
45.658748
39.08829
42.435535
34.490519
37.177209
40.713034
38.846135
40.318878
44.030225
38.864932
36.558686
33.848497
36.597762
38.04275
39.197498
43.627216
42.245809
37.070906
35.617829
35.570914
33.709668
31.234018
33.782166
31.888397
35.165333
39.612862
34.431038
34.65811
34.644184
36.701126
39.33084
39.349611
35.451914
33.8896
34.263255
35.670001
34.848801
27.45815
25.21007
28.306069
30.826057
27.910449
31.957664
27.068984
25.961922
24.003708
28.105596
24.324637
28.43589
30.256254
28.096484
30.15646
30.719461
31.37181
28.481906
29.995356
24.871555
24.757388
27.046342
25.553201
23.621677
20.827895
26.605516
24.682489
23.997938
20.472932
26.53675
29.96532
31.26336
30.738946
34.785825
28.379246
34.748627
37.299267
35.034077
34.990653
36.362663
33.611227
30.928477
28.447285
34.281106
37.798891
33.656792
32.524442
29.462734
26.515741
24.581764
27.927136
26.737367
27.339016
26.007
30.731609
29.497282
31.732641
30.503033
19.359808
18.30231
15.692757
15.287399
9.3638681
14.850974
14.653756
21.780202
19.873727
15.81729
15.487188
12.648128
10.352127
15.850263
9.1778869
13.980942
4.0482014
1.248615
3.404899
4.6412435
5.0723396
9.5163046
7.9443888
8.4953234
6.3414241
7.1080764
5.8914646
9.7435141
6.3456904
6.9752926
8.9248542
5.7880947
13.977148
11.774398
9.3676669
15.07038
13.646853
12.383124
20.119773
17.13793
20.016873
18.538289
16.995666
15.375608
11.747337
15.970843
18.271079
15.51676
9.2426017
7.8616454
13.580805
14.585011
12.580348
8.9445195
15.223627
16.315758
14.246978
9.807307
9.66402
7.2655404
10.729064
10.747683
8.0441847
15.17768
16.190177
17.612033
15.573277
16.051512
19.092355
15.334853
20.215392
14.143386
17.512903
15.538349
16.215568
19.051536
15.195081
18.852823
13.407466
12.547538
13.071035
14.516054
12.086872
12.691879
14.064108
3.5959013
1.4021231
0.9847941
1.1241163
3.1852583
1.2001705
1.1571789
2.9855313
3.7076791
6.490383
5.1975864
7.6656499
5.8329554
6.0666011
1.1482454
3.6929909
8.7819704
5.7449925
6.0037284
3.6537974
1.5210205
0.98067823
3.3147879
1.3184433
1.1314282
3.5422311
3.2036303
6.5700094
4.8887616
7.3636621
8.4627741
5.7995331
5.5545491
1.1248931
3.5950749
18.748314
12.323334
8.6898457
6.3550823
6.2722973
6.2840034
3.5817835
3.5686045
15.762858
15.151924
9.6073983
7.4290948
18.068011
14.52356
12.786392
21.612922
19.530424
15.415474
12.895307
14.92404
18.900965
19.763132
15.398122
10.411817
15.78208
9.1766248
4.1024655
1.2660311
3.4930044
3.0084409
4.9958452
4.3039679
9.6854657
6.4319574
8.3273236
7.6185249
7.2999605
13.985626
11.791959
9.3684145
15.424112
13.80096
13.10186
20.145237
17.787456
18.652905
17.11384
15.5736
18.377149
15.531683
15.218188
15.135338
15.881019
9.9736074
11.897271
8.9833713
7.9316176
6.8320907
28.021575
25.086915
27.905055
30.686112
31.884003
27.023893
27.977041
26.674312
24.298921
28.869334
23.665685
26.234543
30.291577
28.898817
29.073555
30.869578
31.00649
27.957156
29.89285
24.455768
25.386535
27.711455
25.03393
24.080012
20.023966
26.359561
23.963107
32.953182
34.948346
30.189325
22.694839
20.264985
25.463299
30.458943
28.965813
35.537773
38.973142
31.197436
29.025925
24.510969
26.351081
25.733339
21.803024
14.263127
23.682126
26.311863
19.976357
25.488501
17.828905
27.558542
26.88484
27.411705
18.739725
23.296714
21.638459
19.475564
20.085238
29.501695
30.260095
29.086272
30.795734
30.93124
29.698665
33.863717
32.999902
18.139823
18.392567
27.440314
25.084165
27.545354
30.256784
31.54707
27.806484
27.584666
26.289899
23.006065
28.301655
24.164703
28.923422
30.59772
28.373333
30.522044
30.849442
30.594714
28.951787
30.766968
23.500159
25.62107
27.455666
23.82165
24.323876
20.372271
24.570465
25.168956
32.928098
35.091686
30.482821
23.735383
20.713552
26.43401
35.125558
28.46512
34.809152
37.854399
34.902539
35.321265
34.72634
31.2585
28.339758
34.466841
37.816893
32.654434
29.098545
24.202655
26.100592
25.366482
20.474696
14.340479
22.882184
26.49873
19.832248
25.648165
17.352203
27.745347
26.949994
27.924501
18.947839
23.744361
20.610461
19.08587
18.539259
30.288497
30.581406
29.335193
31.446299
31.360241
30.117484
33.902989
33.318444
15.756291
15.116992
9.4223785
13.659185
10.651497
21.569721
19.822932
14.952945
11.816182
14.464715
15.5156
10.358929
15.894229
9.9888802
5.2054173
4.8068752
9.5308611
8.4387743
7.0679417
6.2758403
2.9170125
7.2353391
8.5256214
5.3444266
7.0954622
5.8863218
9.7100685
6.5962709
13.584707
11.888714
9.1096531
14.698481
13.233138
12.335562
20.00136
17.192387
19.364779
18.502342
16.99242
15.384974
12.033801
15.860221
17.995839
14.631772
13.987751
14.768062
12.446462
9.2467231
8.8116242
7.3298728
15.869549
15.129463
9.5025888
6.7153782
14.43771
11.862093
21.675552
19.873812
15.460549
12.308534
11.872228
15.456609
10.425766
16.023985
10.350926
4.1449241
1.2850288
3.4024583
2.920142
5.283184
4.8088703
9.8485178
8.8189346
8.1770928
6.5409195
2.8740659
7.0130801
8.5829662
5.6560645
7.2391762
5.9788885
9.6971985
6.4943825
14.177588
12.468374
9.4887984
14.895808
13.743693
12.704872
20.331148
18.798625
17.261827
17.048708
18.815887
17.29793
15.829191
18.165833
18.910872
13.189325
14.197904
15.484391
15.421505
12.562699
9.0137394
12.256166
9.3297671
7.3410857
15.546147
17.164284
13.98468
9.7648109
9.7490409
7.598977
10.561457
10.239051
8.2334143
15.329969
17.112311
16.57768
15.603235
15.772149
18.776538
15.014805
19.394152
18.682196
13.280865
16.665424
15.991873
15.702689
18.871603
15.673247
18.252378
18.898853
14.423129
12.144017
12.770711
14.061092
11.873488
12.783214
14.258791
3.4242008
1.5378791
0.91104579
2.9948596
1.1854252
1.1760581
3.6920305
6.2453205
5.099007
7.5129339
5.6812237
6.2724299
1.1530965
3.7059674
8.4737893
6.1462415
6.4224424
3.5621573
1.2973854
0.97853473
3.0915057
1.2498669
1.1321608
3.4890252
6.3359415
5.2426587
7.4731957
5.7577077
1.1512788
3.4805899
8.6746491
6.4172421
6.462629
6.6403321
3.7074258
3.6923664
-3.5807902
-1.2216353
-3.5883181
-7.2641973
-8.5784941
-7.7973712
-6.178527
-8.7709656
-5.5392527
-6.3429735
-6.847723
-7.1609883
-8.5974401
-7.7031965
-11.869984
-12.031401
-11.732898
-14.409925
-17.012915
-14.177915
-13.225071
-16.29968
-15.350378
-15.906961
-11.5687
-11.345666
-11.168592
-11.416699
-15.163743
-16.108838
-17.7874
-12.719401
-11.683463
-14.311319
-15.82074
-13.141137
-13.920059
-14.454011
-14.85367
-18.169245
-11.42716
-10.902185
-11.109167
-11.705377
-10.721557
-9.4754225
-10.348665
-14.501124
-11.974024
-16.531525
-17.974033
-15.211341
-14.743395
-3.5228738
-1.1922887
-3.4807435
-7.1979585
-6.4097453
-7.8682432
-6.1187944
-8.6142852
-7.6043721
-8.3597679
-5.3611017
-6.7105534
-7.1816736
-8.9591921
-11.647135
-11.813054
-11.489504
-13.767127
-16.642123
-14.091373
-14.428803
-16.819779
-14.977026
-17.240446
-11.323195
-11.162096
-11.083793
-10.038827
-14.260185
-16.454996
-17.882683
-15.752189
-13.093192
-13.796892
-14.103077
-15.053716
-17.984111
-11.58082
-10.818229
-11.903381
-14.359773
-10.756339
-11.400671
-10.92428
-14.858938
-16.700559
-17.188736
-15.826305
-20.13196
-19.902365
-19.294305
-21.391091
-19.758871
-18.430412
-18.097017
-19.260302
-16.648338
-18.938553
-21.075999
-17.703653
-21.396157
-19.010006
-17.245682
-19.630656
-19.698295
-21.123287
-19.098224
-17.879812
-20.466273
-20.062009
-18.854672
-17.948438
-18.580116
-18.382848
-19.901697
-16.673765
-17.491723
-15.241076
-20.082351
-18.714788
-17.940357
-19.263754
-17.454386
-14.350629
-16.119147
-14.488784
-18.786224
-17.528674
-17.995147
-18.160019
-16.227853
-17.379304
-20.253743
-19.933101
-19.180376
-19.370838
-16.602849
-10.796909
-15.987295
-13.434879
-15.880428
-19.13671
-18.651025
-14.544053
-18.428789
-13.667797
-15.445776
-14.523338
-16.836078
-18.725407
-15.303157
-19.722934
-18.5533
-19.762448
-18.166149
-15.572671
-20.345877
-20.006034
-19.382563
-20.296885
-18.41978
-17.750843
-17.150063
-18.517848
-16.252844
-19.208036
-21.097292
-17.956632
-19.85842
-19.258233
-18.400435
-18.154645
-19.632677
-18.822616
-19.20276
-18.37911
-20.518719
-20.510011
-19.403346
-19.587643
-19.11837
-18.988368
-19.670068
-17.284745
-18.399436
-16.136382
-20.045042
-17.588477
-17.4975
-18.680939
-16.347979
-13.917398
-14.845874
-13.95115
-19.006815
-16.645668
-17.291533
-17.280706
-15.631524
-15.106275
-20.913193
-19.597253
-18.360732
-18.410387
-15.198915
-9.2063904
-15.453733
-12.243155
-14.66146
-17.536973
-17.617543
-12.848748
-16.435054
-13.414306
-15.29755
-13.918997
-16.677805
-18.085737
-15.040359
-16.405227
-16.481111
-19.149421
-18.283058
-19.441006
-17.108003
-17.480277
-18.701168
-16.12555
-7.5964227
-6.5635624
-5.2455966
-11.204245
-12.008406
-9.1640511
-15.232545
-14.115258
-11.997549
-12.429063
-12.400028
-8.8179731
-5.7549825
-10.413609
-9.1436201
-6.9027789
-5.8756632
-5.0035365
-10.322934
-10.886785
-15.017523
-12.927339
-11.787578
-11.758375
-12.255533
-8.7726028
-6.0034667
-11.062525
-9.2973704
-12.805425
-10.588347
-11.035914
-16.058717
-13.279092
-16.669223
-13.942511
-16.221409
-14.238515
-16.462243
-13.484491
-17.226256
-15.12311
-17.035149
-14.491432
-10.373
-10.228933
-11.650818
-11.609936
-13.382793
-11.625333
-11.602178
-9.2095223
-12.120426
-12.122025
-9.000608
-11.709669
-11.276853
-15.931386
-16.803562
-15.344608
-18.613767
-16.986165
-12.274865
-18.504045
-15.493868
-16.317848
-16.873246
-15.325315
-19.322609
-16.64528
-12.45613
-18.862409
-14.777933
-9.1962137
-13.654488
-11.960166
-9.4657628
-13.319443
-12.44158
-7.6865224
-5.5300513
-5.8415288
-3.7518539
-2.1263658
-0.92743968
-1.112225
-4.230848
-1.1572429
-1.1364933
-3.2134678
-5.4973937
-6.2154113
-8.8927446
-5.8211812
-1.1236743
-3.2953065
-3.5853662
-0.94708678
-1.9779548
-1.1510515
-1.1475817
-1.0929847
-4.2671903
-3.4102456
-4.2404885
-1.1203368
-3.4487329
-5.6516847
-5.88487
-9.2484041
-6.0108583
-6.5897314
-4.8923238
-5.8797231
-4.8763069
-4.9503527
-7.7983828
-5.2194034
-12.697252
-3.5355348
-1.2081725
-3.424531
-7.0692584
-6.2560598
-8.0943603
-6.2271252
-8.3213055
-6.9009925
-8.8162868
-5.4164314
-6.724676
-7.2097821
-8.6573333
-11.842703
-12.05695
-11.833876
-17.340545
-14.526582
-14.367782
-16.545066
-13.559505
-15.687863
-18.484449
-13.756563
-16.301908
-18.477614
-11.653754
-11.48249
-11.26975
-12.044745
-12.669146
-11.913593
-14.905698
-16.049936
-13.734335
-14.184588
-14.63628
-12.318086
-15.293515
-17.834298
-11.413304
-10.873817
-11.791766
-14.614094
-11.645546
-12.059999
-11.443243
-13.870882
-16.355389
-16.259226
-15.002385
-10.12638
-11.072741
-19.302042
-18.650374
-17.602471
-19.538905
-18.016166
-16.554176
-17.392996
-18.592115
-16.848032
-18.184486
-20.342108
-18.354205
-21.137805
-18.109718
-18.075867
-19.387221
-19.715521
-20.595833
-18.631999
-18.415127
-19.470461
-20.193631
-18.945314
-19.026337
-19.254323
-18.00657
-19.104988
-16.790185
-16.879376
-16.56904
-20.427895
-17.458487
-16.134488
-15.373015
-14.441462
-19.638765
-17.193235
-18.033053
-18.009215
-16.612798
-16.209071
-19.604777
-19.924381
-17.364227
-19.232724
-19.314754
-17.096462
-17.016863
-10.734841
-16.481474
-19.164764
-13.01744
-18.893714
-13.545025
-17.973424
-17.949262
-17.230412
-12.543524
-14.809705
-13.360246
-15.04925
-18.053051
-13.671381
-17.88353
-18.623903
-19.93301
-18.254686
-19.121167
-17.754148
-18.330247
-19.51932
-17.382546
-7.3392306
-6.5738304
-5.031857
-10.366858
-11.060051
-15.08251
-13.059826
-11.807998
-12.198359
-12.757378
-9.0173944
-6.2115134
-11.811132
-9.0499028
-7.5148266
-6.3679397
-5.2585778
-10.913329
-10.828726
-8.837323
-15.848665
-12.151559
-11.801745
-14.235977
-13.163685
-16.976427
-15.422413
-9.278201
-6.0528258
-11.422741
-10.253632
-13.382723
-10.963646
-11.106804
-15.930758
-13.738495
-16.566784
-19.838397
-19.73232
-19.070753
-19.637623
-16.8743
-14.279588
-16.793585
-17.376211
-17.518313
-14.653512
-14.563161
-17.364944
-16.965925
-16.083372
-14.448578
-9.7312173
-10.379627
-20.540084
-20.615074
-20.476929
-21.544663
-19.905398
-18.491669
-17.326308
-18.800538
-15.934136
-19.55578
-22.035082
-17.249609
-22.5256
-19.890008
-18.064377
-20.839827
-19.61645
-19.457147
-22.425173
-18.652358
-18.962766
-21.373444
-20.294798
-19.802433
-19.121141
-18.714515
-19.37569
-17.17112
-18.980257
-17.267792
-18.294647
-15.367417
-20.725207
-18.54767
-17.690679
-19.293789
-17.174899
-14.919685
-15.482433
-20.001827
-17.170223
-17.916023
-17.970133
-16.264745
-17.778779
-19.252238
-20.386156
-16.814221
-9.9395432
-16.741838
-14.367951
-13.391245
-15.91952
-18.69425
-13.72985
-18.715687
-18.270781
-13.751462
-15.549787
-14.633546
-18.715943
-17.500693
-17.62636
-19.550489
-18.032977
-19.31463
-17.919065
-18.21732
-19.372917
-19.063745
-19.175256
-12.320784
-11.350903
-14.204512
-11.655852
-11.4763
-9.105581
-12.145486
-12.10116
-9.7478415
-12.482785
-11.20055
-17.105589
-17.098356
-16.535106
-19.328882
-17.308057
-11.966188
-15.281729
-17.081393
-17.045893
-16.493931
-19.159332
-17.224609
-12.077234
-15.555631
-9.0995838
-13.656468
-11.86623
-9.0917067
-13.43428
-12.312785
-3.7846393
-2.0746935
-1.0182911
-4.1758763
-1.2533675
-1.1029484
-4.0841848
-3.2522967
-5.5622284
-5.7554234
-8.6951148
-5.7045224
-5.0332759
-1.1045922
-3.3086958
-3.7022452
-0.93977503
-2.0180069
-1.0940209
-1.1958925
-1.0960355
-4.2239659
-3.2624658
-3.9683348
-1.1038225
-3.3015119
-5.6372883
-6.6488068
-9.1384406
-6.0975286
-6.7348111
-4.7983729
-5.8970591
-8.0214672
-5.6596659
-5.6358907
-7.9396648
-5.3056578
-5.2753031
-11.618984
-11.903745
-13.167228
-3.5724705
-1.2086644
-3.531847
-5.4203903
-6.9289179
-6.7713089
-7.1462734
-7.4970004
-8.5460429
-11.766838
-12.045963
-11.928643
-9.2677707
-17.195015
-15.157873
-14.294429
-16.569239
-14.135034
-15.252653
-14.142391
-17.363238
-18.038282
-16.112797
-13.160789
-14.989122
-14.827644
-15.795384
-18.981552
-11.523093
-10.747797
-11.752399
-14.281527
-11.51584
-12.02591
-11.214284
-8.5593987
-14.665464
-16.486279
-16.729027
-15.91428
-20.227614
-20.493921
-20.147678
-20.73783
-19.245285
-17.33778
-17.421814
-18.735883
-15.061076
-19.029329
-21.683305
-17.565594
-21.457038
-19.360069
-16.996069
-19.746139
-19.824844
-20.998894
-19.216604
-18.536488
-20.892651
-20.351638
-19.616254
-19.42643
-19.030823
-17.74997
-19.513382
-16.909037
-18.29995
-16.497024
-20.429606
-17.292704
-15.499548
-15.051445
-14.085369
-20.460209
-16.885948
-17.586156
-18.178056
-16.465478
-16.464085
-20.401528
-20.084451
-17.72114
-18.733905
-19.395657
-19.262788
-19.218685
-18.30326
-17.14181
-15.849763
-10.008722
-15.486233
-18.350881
-13.69595
-19.329469
-14.261915
-18.127579
-12.624203
-15.21727
-14.551365
-16.06415
-15.124117
-17.667362
-19.111896
-20.357628
-19.342754
-18.787091
-20.012681
-17.258339
-18.255144
-20.377627
-17.607678
-7.7532585
-6.6427005
-5.406062
-11.126822
-11.226687
-15.883961
-14.126155
-12.128539
-11.92243
-13.025786
-9.3989936
-6.3415545
-11.777353
-10.500399
-7.5968382
-6.3357189
-5.2527385
-10.994502
-11.144387
-15.973858
-12.231933
-11.677563
-14.102918
-13.572522
-15.862206
-15.426689
-9.3558616
-6.2222991
-11.642073
-9.8269606
-13.659437
-11.475372
-11.219688
-17.125725
-16.093705
-16.465959
-20.483556
-20.090447
-19.137042
-17.728587
-14.382056
-17.334035
-14.262002
-17.893777
-17.850891
-16.113832
-17.175877
-17.019695
-17.177193
-16.779658
-11.082151
-10.25407
-20.578477
-21.069805
-21.384987
-21.328946
-19.782678
-17.904314
-17.110829
-18.392808
-15.749247
-19.451968
-22.030424
-18.04863
-20.82105
-20.455705
-18.472965
-19.167091
-20.660661
-19.873401
-19.865209
-18.99367
-19.182567
-22.009304
-19.920061
-19.968435
-18.437669
-18.501439
-18.662555
-19.035811
-19.31626
-17.114893
-17.888135
-16.075626
-20.136555
-18.127283
-17.57306
-18.996723
-17.079644
-14.360115
-15.488315
-18.932925
-17.229021
-18.014391
-16.818979
-18.108211
-16.054314
-17.310244
-21.253859
-19.912449
-19.774952
-18.874431
-18.059268
-17.775427
-14.191111
-15.594182
-14.455587
-17.526243
-18.729058
-17.466771
-18.607511
-18.380656
-19.557194
-18.21765
-19.377145
-19.107899
-19.19872
-3.513041
-1.207331
-3.4406544
-3.8688119
-7.0207444
-7.2248581
-7.9372553
-7.1436163
-8.19686
-6.1461162
-5.3718235
-6.7056549
-7.3092421
-8.1493276
-8.8769713
-6.7986934
-5.397671
-11.889021
-12.119194
-11.947713
-11.49092
-14.80444
-11.227814
-11.103188
-11.166188
-13.644145
-17.168063
-15.510737
-14.216587
-15.881087
-16.302852
-17.633681
-15.422587
-12.630188
-11.581056
-14.137704
-11.651632
-10.595223
-10.001277
-9.6672294
-10.124986
-14.360498
-11.07836
-12.821262
-10.805668
-3.6148627
-1.2140899
-3.6533091
-4.0595176
-6.9877273
-7.6611217
-7.7856668
-7.9983152
-8.9341046
-6.0881644
-5.5443352
-6.7646686
-7.2020932
-8.3415354
-8.271448
-7.0604166
-5.9910291
-11.804763
-12.079811
-12.045832
-9.1908344
-15.628684
-11.475863
-14.078868
-11.254375
-11.06639
-11.615199
-13.332961
-16.764074
-15.045331
-16.911012
-14.033344
-16.367867
-17.049263
-15.219697
-12.745599
-11.838969
-14.430447
-11.511972
-11.082214
-10.128519
-10.781845
-11.403209
-13.832168
-12.109082
-12.642762
-11.03909
-15.124162
-15.13631
-12.230525
-17.035649
-17.472326
-14.775481
-14.640658
-11.721157
-11.715169
-15.211245
-11.652247
-11.634497
-8.9652512
-12.109276
-12.221866
-9.2647877
-11.538711
-11.640219
-17.156621
-16.315122
-17.145152
-19.387666
-16.150416
-11.763003
-13.972795
-16.966133
-16.655901
-17.125092
-19.407239
-16.528722
-12.651628
-14.921275
-9.637579
-13.243366
-12.273481
-9.7674888
-13.331674
-12.146014
-7.8664463
-4.6570316
-4.9849163
-3.6784731
-1.0193973
-1.9556794
-1.2107802
-1.1270052
-3.9450087
-3.3828008
-1.0858099
-3.4511882
-5.818892
-6.1799592
-9.300328
-5.73273
-7.8527615
-4.6852996
-4.9730266
-3.5362551
-0.83670444
-1.9631082
-1.1099729
-1.1157124
-4.2023023
-3.3670673
-1.124701
-3.3565888
-5.674138
-6.2336201
-9.2781842
-6.1018506
-5.4047195
-5.4117394
-11.415136
-12.46444
-7.4041402
-6.485684
-5.073128
-10.772744
-10.497385
-15.108414
-11.700999
-11.746671
-13.465626
-8.8774809
-6.0091528
-11.064007
-10.068398
-12.688264
-16.815414
-14.716749
-7.9299361
-6.4412149
-5.4498051
-9.6392878
-11.473039
-6.2170632
-11.330945
-12.33262
-8.119871
-11.459836
-13.388548
-15.648154
-16.499749
-12.542364
-14.617795
-14.792768
-15.710013
-15.531878
-15.321573
-19.316047
-19.79551
-19.044607
-19.813294
-16.562077
-13.958588
-16.907712
-16.878439
-16.639194
-13.682558
-17.508535
-16.406532
-17.21389
-16.569783
-15.477404
-14.040908
-20.486642
-20.08628
-18.314351
-19.881911
-18.28831
-17.798763
-18.60592
-19.583629
-16.162265
-19.07595
-21.167681
-18.610662
-20.591776
-18.432216
-19.324992
-19.221504
-20.281977
-20.240263
-20.162745
-19.954886
-18.939363
-20.09482
-20.96752
-19.858329
-19.271347
-19.299543
-19.658937
-18.468111
-20.465938
-17.052012
-17.388031
-15.803564
-20.039468
-18.455205
-16.780896
-18.215543
-16.953909
-15.521696
-13.263929
-17.381365
-17.865424
-18.845874
-15.692452
-17.082413
-19.039679
-18.508362
-15.86466
-17.146861
-19.588252
-19.624512
-16.469516
-16.779042
-9.9957037
-14.285976
-15.937092
-18.55054
-12.301595
-12.70116
-18.374075
-17.383528
-17.265215
-17.464922
-12.759802
-14.653765
-14.12495
-18.833693
-18.468936
-19.649592
-18.980729
-17.852336
-18.284168
-19.434207
-18.601343
-20.628489
-20.700545
-20.039825
-20.736818
-19.350213
-18.465441
-18.676639
-20.20126
-17.42554
-19.517459
-21.800618
-19.184343
-22.065311
-19.844416
-18.637233
-20.462242
-19.993578
-19.924482
-21.632749
-19.513995
-19.049243
-21.279787
-20.424977
-20.297416
-18.897672
-18.966409
-19.453726
-19.329583
-19.469605
-17.088378
-18.540797
-15.758539
-20.371097
-18.079302
-17.28058
-18.696807
-17.386345
-16.076026
-14.806533
-14.550054
-17.618565
-18.069808
-18.393148
-17.607655
-19.224687
-18.922776
-15.959374
-17.092066
-21.037858
-19.132757
-20.062269
-18.668548
-17.803888
-16.655972
-17.232098
-10.427621
-16.296469
-19.186448
-13.196711
-13.459278
-18.397894
-17.943617
-17.380293
-18.345894
-13.600097
-16.204246
-13.920642
-18.612651
-19.780964
-18.489075
-19.669906
-18.492392
24.56385
34.447442
-13.326351
-11.172716
-9.9149409
-12.932373
-11.873428
-13.138614
-13.457587
-11.04742
-9.658566
-12.049919
-11.34488
-13.035773
-14.365761
25.924137
24.458805
22.659414
25.751553
24.44415
22.289176
24.573389
24.781546
27.776655
25.933219
24.782547
23.044036
25.892191
24.897253
22.80585
23.968753
26.227321
28.730432
26.194349
22.537109
25.059479
26.569095
22.662903
24.800217
25.004139
25.422957
26.665095
7.1541449
9.7797372
7.331063
1.3591382
3.942521
4.2178171
26.717254
24.596471
22.872826
26.457569
24.077771
22.54007
24.951622
26.373912
26.491175
7.1611618
9.9243131
7.3696149
1.3918122
3.9431507
4.234018
-19.995903
-16.998473
-16.281943
-21.342276
-19.590489
-20.103238
-21.032469
-20.410972
-21.021947
-21.506059
-16.832495
-17.486648
-22.592531
-20.38341
-19.849571
-22.352705
-20.075866
-19.609713
-5.8669198
-6.9765365
-5.8576796
-21.34025
-16.438688
-15.802301
-22.874103
-20.577917
-21.485169
-22.81077
-20.989425
-21.319124
-5.8917661
-7.0907253
-5.8779076
-20.963763
-16.624737
-15.894805
-22.21383
-20.843735
-20.464704
-22.244691
-20.465135
-20.255943
27.575449
30.190948
29.328192
29.571843
30.25273
30.80989
28.190085
-16.478808
-14.135114
-14.721821
-17.987789
31.406323
30.15101
39.118874
36.453655
40.29649
43.517506
42.719639
7.2468749
5.9690897
9.8010748
13.87954
21.65647
19.643764
14.671851
33.888548
33.318368
31.429731
30.106081
28.027836
27.428145
12.543986
12.626214
14.467149
11.996133
3.5360213
3.5219282
15.587369
11.788916
14.17871
15.151827
9.6222257
14.085194
9.0777845
7.4881808
12.063248
9.4982186
32.340272
35.209108
30.222139
25.450648
13.700193
20.898899
19.98215
22.958212
27.681223
18.801231
24.326218
21.29608
7.1995073
5.9301034
9.7312816
34.800914
28.819317
35.8101
39.036631
35.30401
35.287373
35.900689
34.33434
4.0388075
1.2647021
3.4024631
-12.625791
-12.117575
-14.022461
-10.758117
-9.9988773
-17.893208
-17.673881
-18.216444
-19.398827
-15.862397
-18.798763
-18.658933
-19.787062
-20.058214
-3.2547888
-3.2664098
-3.242865
-3.2625287
-7.1241016
-8.0493249
-6.1871629
-8.6139342
-11.490646
-11.287823
-11.185962
-12.345022
-12.555655
-11.784828
-14.546916
-10.336999
-11.153875
-14.155744
-16.411476
-10.033574
-16.645867
-13.413961
-15.92547
-17.127919
-15.185468
-14.513948
-15.538134
-11.870744
-14.624705
-14.5303
-16.503217
-18.403504
-16.729653
-16.678366
-14.321293
-15.234453
-3.2625604
-3.2971362
-13.078679
-10.39837
-8.4663685
-10.95734
-10.204535
25.909421
25.790664
21.504392
24.800452
21.179387
27.993072
25.971879
26.21953
21.84369
26.206925
21.597901
28.704372
21.229433
25.237079
21.119055
26.170713
25.657731
25.26845
21.658237
26.337734
21.524038
26.577927
-16.959622
-18.442827
-16.387074
-19.425479
-21.399652
-22.470747
-16.923391
-19.460528
-17.383401
-18.861287
-21.102994
-20.880537
-16.534627
-19.230588
-15.737705
-19.598049
-22.719209
-22.564982
-16.695481
-19.827573
-15.944172
-19.42709
-21.539448
-21.356151
26.319019
26.000403
)
;
        value           nonuniform List<scalar> 
4872
(
105468.54
105468.38
105468.38
105468.38
105468.38
105468.24
105468.54
105468.54
105468.54
105468.39
105468.39
105468.38
105468.39
105468.38
105468.39
105468.39
105468.39
105468.38
105468.38
105468.24
105468.38
105468.24
105468.38
105468.24
105468.54
105468.54
105468.54
105468.54
105468.53
105468.38
105468.37
105468.35
105468.33
105468.34
105468.38
105468.37
105468.35
105468.33
105468.34
105468.38
105468.35
105468.38
105468.35
105468.24
105468.24
105468.54
105468.54
105468.54
105468.54
105468.54
105468.54
105468.42
105468.39
105468.42
105468.39
105468.41
105468.39
105468.54
105468.54
105468.53
105468.43
105468.39
105468.42
105468.42
105468.38
105468.42
105468.54
105468.54
105468.53
105468.42
105468.39
105468.42
105468.41
105468.42
105468.39
105468.39
105468.42
105468.41
105468.39
105468.54
105468.54
105468.53
105468.42
105468.38
105468.42
105468.42
105468.43
105468.39
105468.39
105468.42
105468.42
105468.42
105468.39
105468.39
105468.42
105468.42
105468.43
105468.39
105468.39
105468.42
105468.38
105468.35
105468.38
105468.35
105468.38
105468.33
105468.34
105468.37
105468.33
105468.34
105468.24
105468.24
105468.24
105468.24
105468.24
105468.38
105468.38
105468.35
105468.33
105468.34
105468.24
105468.24
105468.24
105468.24
105468.24
105468.38
105468.38
105468.35
105468.33
105468.34
105468.24
105468.24
105468.24
105468.24
105468.24
105468.38
105468.33
105468.34
105468.38
105468.33
105468.34
105468.24
105468.24
105468.24
105468.5
105468.5
105468.5
105468.47
105468.47
105468.47
105468.51
105468.51
105468.48
105468.47
105468.51
105468.51
105468.51
105468.48
105468.47
105468.47
105468.49
105468.49
105468.5
105468.5
105468.5
105468.5
105468.5
105468.47
105468.47
105468.47
105468.51
105468.51
105468.48
105468.47
105468.51
105468.51
105468.51
105468.49
105468.49
105468.5
105468.5
105468.48
105468.47
105468.47
105468.5
105468.5
105468.5
105468.54
105468.53
105468.54
105468.53
105468.5
105468.5
105468.53
105468.52
105468.52
105468.3
105468.3
105468.3
105468.3
105468.3
105468.3
105468.34
105468.35
105468.34
105468.35
105468.35
105468.35
105468.38
105468.38
105468.33
105468.32
105468.34
105468.33
105468.32
105468.34
105468.31
105468.3
105468.29
105468.37
105468.35
105468.33
105468.34
105468.31
105468.31
105468.34
105468.33
105468.3
105468.31
105468.3
105468.29
105468.37
105468.35
105468.33
105468.33
105468.31
105468.31
105468.34
105468.34
105468.3
105468.5
105468.5
105468.5
105468.47
105468.47
105468.47
105468.51
105468.51
105468.48
105468.47
105468.51
105468.51
105468.51
105468.48
105468.47
105468.47
105468.49
105468.49
105468.5
105468.5
105468.5
105468.5
105468.5
105468.47
105468.47
105468.47
105468.51
105468.51
105468.48
105468.47
105468.51
105468.51
105468.51
105468.48
105468.47
105468.47
105468.49
105468.49
105468.5
105468.49
105468.5
105468.54
105468.53
105468.54
105468.53
105468.5
105468.5
105468.53
105468.52
105468.52
105468.46
105468.46
105468.46
105468.46
105468.46
105468.46
105468.42
105468.42
105468.42
105468.42
105468.43
105468.44
105468.43
105468.43
105468.44
105468.43
105468.42
105468.42
105468.39
105468.39
105468.46
105468.43
105468.43
105468.39
105468.42
105468.46
105468.46
105468.43
105468.46
105468.43
105468.46
105468.43
105468.43
105468.38
105468.42
105468.46
105468.46
105468.43
105468.46
105468.43
105468.5
105468.5
105468.54
105468.53
105468.54
105468.53
105468.5
105468.5
105468.52
105468.53
105468.52
105468.5
105468.5
105468.47
105468.47
105468.47
105468.51
105468.51
105468.48
105468.47
105468.51
105468.51
105468.51
105468.48
105468.47
105468.47
105468.49
105468.49
105468.5
105468.5
105468.46
105468.46
105468.43
105468.43
105468.39
105468.42
105468.46
105468.46
105468.46
105468.43
105468.43
105468.46
105468.46
105468.46
105468.46
105468.46
105468.42
105468.42
105468.42
105468.42
105468.43
105468.44
105468.43
105468.43
105468.44
105468.43
105468.42
105468.42
105468.39
105468.39
105468.46
105468.43
105468.43
105468.39
105468.42
105468.46
105468.46
105468.46
105468.43
105468.43
105468.5
105468.5
105468.54
105468.53
105468.54
105468.53
105468.5
105468.5
105468.52
105468.53
105468.52
105468.5
105468.5
105468.47
105468.47
105468.47
105468.51
105468.51
105468.48
105468.47
105468.51
105468.51
105468.51
105468.49
105468.49
105468.5
105468.5
105468.48
105468.47
105468.47
105468.46
105468.46
105468.43
105468.43
105468.38
105468.42
105468.46
105468.46
105468.46
105468.43
105468.43
105468.46
105468.46
105468.46
105468.46
105468.46
105468.42
105468.42
105468.42
105468.42
105468.43
105468.44
105468.43
105468.43
105468.44
105468.43
105468.42
105468.42
105468.39
105468.39
105468.46
105468.43
105468.43
105468.39
105468.42
105468.46
105468.46
105468.46
105468.43
105468.43
105468.5
105468.5
105468.47
105468.47
105468.47
105468.51
105468.51
105468.48
105468.47
105468.51
105468.51
105468.51
105468.49
105468.49
105468.5
105468.5
105468.48
105468.47
105468.47
105468.5
105468.5
105468.47
105468.47
105468.47
105468.51
105468.51
105468.48
105468.47
105468.51
105468.51
105468.51
105468.49
105468.49
105468.5
105468.5
105468.48
105468.47
105468.47
105468.46
105468.46
105468.43
105468.43
105468.39
105468.42
105468.46
105468.46
105468.46
105468.43
105468.43
105468.46
105468.46
105468.43
105468.43
105468.39
105468.42
105468.46
105468.46
105468.46
105468.43
105468.43
105468.46
105468.46
105468.46
105468.46
105468.42
105468.42
105468.42
105468.42
105468.43
105468.44
105468.43
105468.43
105468.44
105468.43
105468.42
105468.42
105468.39
105468.39
105468.31
105468.29
105468.38
105468.35
105468.33
105468.34
105468.31
105468.31
105468.34
105468.34
105468.3
105468.3
105468.29
105468.37
105468.34
105468.33
105468.33
105468.3
105468.3
105468.33
105468.34
105468.3
105468.29
105468.29
105468.26
105468.26
105468.26
105468.28
105468.29
105468.25
105468.24
105468.28
105468.29
105468.3
105468.27
105468.27
105468.26
105468.26
105468.25
105468.25
105468.25
105468.29
105468.29
105468.26
105468.26
105468.26
105468.28
105468.29
105468.25
105468.25
105468.28
105468.29
105468.29
105468.26
105468.26
105468.26
105468.26
105468.25
105468.25
105468.25
105468.25
105468.24
105468.24
105468.24
105468.24
105468.25
105468.25
105468.24
105468.24
105468.24
105468.3
105468.31
105468.3
105468.3
105468.3
105468.34
105468.35
105468.34
105468.35
105468.35
105468.35
105468.38
105468.38
105468.33
105468.32
105468.34
105468.33
105468.33
105468.34
105468.31
105468.29
105468.38
105468.35
105468.33
105468.33
105468.31
105468.31
105468.33
105468.3
105468.34
105468.29
105468.29
105468.26
105468.26
105468.26
105468.28
105468.29
105468.25
105468.24
105468.28
105468.29
105468.29
105468.26
105468.26
105468.26
105468.26
105468.25
105468.25
105468.25
105468.25
105468.26
105468.24
105468.24
105468.24
105468.24
105468.25
105468.25
105468.24
105468.24
105468.24
105468.29
105468.29
105468.26
105468.26
105468.28
105468.29
105468.25
105468.25
105468.28
105468.29
105468.29
105468.27
105468.26
105468.26
105468.26
105468.25
105468.25
105468.25
105468.3
105468.31
105468.31
105468.31
105468.31
105468.34
105468.35
105468.34
105468.35
105468.35
105468.35
105468.38
105468.38
105468.33
105468.33
105468.34
105468.34
105468.33
105468.34
105468.31
105468.29
105468.38
105468.35
105468.33
105468.34
105468.31
105468.31
105468.34
105468.3
105468.34
105468.29
105468.29
105468.26
105468.26
105468.26
105468.28
105468.29
105468.25
105468.24
105468.26
105468.26
105468.26
105468.26
105468.28
105468.29
105468.3
105468.25
105468.25
105468.25
105468.25
105468.26
105468.24
105468.24
105468.24
105468.24
105468.25
105468.25
105468.24
105468.24
105468.24
105468.29
105468.29
105468.26
105468.26
105468.28
105468.29
105468.25
105468.24
105468.27
105468.26
105468.26
105468.26
105468.29
105468.29
105468.29
105468.25
105468.25
105468.25
105468.31
105468.3
105468.29
105468.38
105468.35
105468.33
105468.33
105468.31
105468.31
105468.34
105468.34
105468.3
105468.31
105468.3
105468.29
105468.38
105468.35
105468.33
105468.34
105468.31
105468.31
105468.34
105468.34
105468.3
105468.3
105468.3
105468.3
105468.3
105468.34
105468.35
105468.34
105468.35
105468.35
105468.35
105468.38
105468.38
105468.33
105468.33
105468.34
105468.33
105468.33
105468.34
105468.25
105468.26
105468.26
105468.24
105468.24
105468.24
105468.24
105468.25
105468.25
105468.24
105468.24
105468.24
105468.29
105468.29
105468.26
105468.26
105468.28
105468.29
105468.25
105468.24
105468.27
105468.26
105468.26
105468.26
105468.28
105468.29
105468.29
105468.25
105468.25
105468.25
105468.29
105468.29
105468.26
105468.26
105468.28
105468.29
105468.25
105468.24
105468.27
105468.26
105468.26
105468.26
105468.28
105468.29
105468.29
105468.25
105468.25
105468.25
105468.54
105468.54
105468.54
105468.38
105468.37
105468.37
105468.38
105468.37
105468.37
105468.38
105468.37
105468.37
105468.38
105468.37
105468.37
105468.24
105468.24
105468.24
105468.54
105468.54
105468.54
105468.54
105468.54
105468.54
105468.54
105468.54
105468.54
105468.4
105468.39
105468.4
105468.4
105468.39
105468.4
105468.4
105468.39
105468.4
105468.4
105468.39
105468.4
105468.4
105468.39
105468.4
105468.4
105468.39
105468.4
105468.4
105468.39
105468.4
105468.4
105468.39
105468.4
105468.38
105468.37
105468.37
105468.38
105468.37
105468.37
105468.24
105468.24
105468.24
105468.38
105468.37
105468.37
105468.24
105468.24
105468.24
105468.38
105468.37
105468.37
105468.24
105468.24
105468.24
105468.46
105468.52
105468.53
105468.52
105468.53
105468.53
105468.52
105468.52
105468.52
105468.53
105468.52
105468.53
105468.53
105468.52
105468.52
105468.52
105468.3
105468.3
105468.38
105468.37
105468.37
105468.35
105468.38
105468.38
105468.38
105468.37
105468.32
105468.31
105468.31
105468.32
105468.31
105468.3
105468.3
105468.37
105468.37
105468.35
105468.38
105468.38
105468.38
105468.37
105468.32
105468.3
105468.31
105468.32
105468.3
105468.3
105468.3
105468.52
105468.49
105468.48
105468.52
105468.46
105468.53
105468.52
105468.53
105468.53
105468.52
105468.52
105468.52
105468.53
105468.52
105468.53
105468.53
105468.52
105468.52
105468.52
105468.46
105468.46
105468.39
105468.39
105468.45
105468.46
105468.45
105468.44
105468.46
105468.46
105468.46
105468.4
105468.4
105468.41
105468.39
105468.39
105468.39
105468.4
105468.44
105468.46
105468.45
105468.44
105468.46
105468.46
105468.46
105468.4
105468.4
105468.41
105468.39
105468.39
105468.39
105468.4
105468.52
105468.53
105468.53
105468.53
105468.52
105468.52
105468.52
105468.53
105468.52
105468.53
105468.53
105468.52
105468.52
105468.52
105468.52
105468.47
105468.46
105468.45
105468.45
105468.44
105468.46
105468.46
105468.46
105468.4
105468.4
105468.41
105468.39
105468.39
105468.39
105468.4
105468.46
105468.46
105468.39
105468.39
105468.46
105468.44
105468.45
105468.44
105468.46
105468.46
105468.46
105468.4
105468.4
105468.41
105468.39
105468.39
105468.39
105468.4
105468.52
105468.53
105468.53
105468.53
105468.52
105468.52
105468.52
105468.53
105468.52
105468.53
105468.53
105468.52
105468.52
105468.52
105468.52
105468.46
105468.44
105468.45
105468.44
105468.46
105468.46
105468.46
105468.4
105468.4
105468.41
105468.39
105468.39
105468.39
105468.4
105468.46
105468.46
105468.39
105468.46
105468.44
105468.45
105468.45
105468.46
105468.46
105468.46
105468.4
105468.4
105468.41
105468.39
105468.39
105468.39
105468.4
105468.47
105468.52
105468.46
105468.46
105468.44
105468.45
105468.44
105468.46
105468.46
105468.46
105468.4
105468.4
105468.41
105468.39
105468.39
105468.39
105468.4
105468.46
105468.44
105468.45
105468.45
105468.46
105468.46
105468.46
105468.4
105468.4
105468.41
105468.39
105468.39
105468.39
105468.4
105468.39
105468.39
105468.37
105468.37
105468.35
105468.38
105468.38
105468.38
105468.37
105468.32
105468.3
105468.31
105468.32
105468.31
105468.3
105468.3
105468.37
105468.37
105468.35
105468.38
105468.38
105468.38
105468.37
105468.32
105468.3
105468.31
105468.32
105468.3
105468.3
105468.3
105468.28
105468.27
105468.24
105468.28
105468.27
105468.25
105468.24
105468.24
105468.24
105468.24
105468.24
105468.24
105468.24
105468.37
105468.37
105468.35
105468.38
105468.38
105468.38
105468.37
105468.3
105468.32
105468.31
105468.32
105468.3
105468.3
105468.3
105468.28
105468.27
105468.24
105468.24
105468.24
105468.24
105468.24
105468.24
105468.24
105468.24
105468.29
105468.3
105468.3
105468.38
105468.37
105468.37
105468.35
105468.38
105468.38
105468.38
105468.37
105468.3
105468.32
105468.31
105468.32
105468.31
105468.3
105468.3
105468.28
105468.27
105468.24
105468.24
105468.24
105468.24
105468.24
105468.24
105468.24
105468.24
105468.24
105468.24
105468.24
105468.24
105468.24
105468.24
105468.24
105468.29
105468.37
105468.37
105468.35
105468.38
105468.38
105468.38
105468.37
105468.32
105468.3
105468.31
105468.32
105468.3
105468.3
105468.3
105468.37
105468.37
105468.35
105468.38
105468.38
105468.38
105468.37
105468.32
105468.3
105468.31
105468.32
105468.3
105468.3
105468.3
105468.3
105468.3
105468.38
105468.38
105468.24
105468.24
105468.24
105468.24
105468.24
105468.24
105468.24
105468.24
105468.24
105468.24
105468.24
105468.24
105468.24
105468.24
105468.29
105468.24
105468.49
105468.47
105468.47
105468.54
105468.54
105468.54
105468.54
105468.54
105468.54
105468.54
105468.54
105468.54
105468.54
105468.54
105468.54
105468.54
105468.54
105468.54
105468.38
105468.35
105468.37
105468.37
105468.37
105468.36
105468.34
105468.35
105468.33
105468.36
105468.35
105468.35
105468.34
105468.34
105468.36
105468.38
105468.35
105468.37
105468.37
105468.37
105468.36
105468.34
105468.35
105468.33
105468.36
105468.35
105468.35
105468.34
105468.34
105468.36
105468.38
105468.37
105468.37
105468.36
105468.35
105468.36
105468.38
105468.37
105468.37
105468.36
105468.24
105468.24
105468.24
105468.24
105468.24
105468.24
105468.54
105468.54
105468.54
105468.54
105468.54
105468.54
105468.54
105468.54
105468.54
105468.54
105468.54
105468.54
105468.54
105468.54
105468.54
105468.54
105468.54
105468.54
105468.54
105468.41
105468.41
105468.41
105468.39
105468.4
105468.4
105468.41
105468.41
105468.41
105468.41
105468.39
105468.4
105468.4
105468.41
105468.41
105468.41
105468.39
105468.4
105468.4
105468.41
105468.54
105468.54
105468.54
105468.54
105468.54
105468.54
105468.54
105468.54
105468.54
105468.42
105468.43
105468.41
105468.4
105468.42
105468.42
105468.41
105468.41
105468.42
105468.43
105468.41
105468.39
105468.41
105468.42
105468.41
105468.41
105468.49
105468.47
105468.47
105468.54
105468.54
105468.54
105468.54
105468.54
105468.54
105468.54
105468.54
105468.42
105468.43
105468.4
105468.4
105468.42
105468.42
105468.41
105468.41
105468.41
105468.41
105468.42
105468.41
105468.43
105468.41
105468.39
105468.41
105468.4
105468.4
105468.4
105468.42
105468.42
105468.41
105468.41
105468.41
105468.41
105468.41
105468.41
105468.39
105468.4
105468.4
105468.54
105468.54
105468.54
105468.54
105468.54
105468.54
105468.54
105468.54
105468.54
105468.49
105468.46
105468.47
105468.42
105468.43
105468.4
105468.4
105468.42
105468.42
105468.41
105468.41
105468.41
105468.42
105468.42
105468.42
105468.41
105468.41
105468.41
105468.41
105468.49
105468.47
105468.47
105468.41
105468.42
105468.41
105468.42
105468.41
105468.39
105468.4
105468.4
105468.4
105468.4
105468.42
105468.42
105468.41
105468.41
105468.41
105468.42
105468.42
105468.42
105468.41
105468.41
105468.41
105468.41
105468.38
105468.37
105468.37
105468.36
105468.35
105468.36
105468.36
105468.38
105468.37
105468.37
105468.36
105468.35
105468.36
105468.35
105468.37
105468.34
105468.33
105468.35
105468.35
105468.34
105468.34
105468.35
105468.37
105468.34
105468.33
105468.35
105468.35
105468.34
105468.34
105468.36
105468.29
105468.3
105468.27
105468.24
105468.24
105468.24
105468.24
105468.24
105468.24
105468.24
105468.24
105468.24
105468.24
105468.24
105468.24
105468.24
105468.24
105468.24
105468.38
105468.35
105468.37
105468.37
105468.37
105468.36
105468.34
105468.35
105468.33
105468.36
105468.35
105468.35
105468.34
105468.34
105468.36
105468.3
105468.3
105468.27
105468.24
105468.24
105468.24
105468.24
105468.24
105468.24
105468.24
105468.24
105468.24
105468.24
105468.24
105468.24
105468.24
105468.24
105468.24
105468.38
105468.35
105468.37
105468.37
105468.37
105468.35
105468.35
105468.34
105468.34
105468.34
105468.36
105468.24
105468.24
105468.24
105468.24
105468.24
105468.24
105468.24
105468.24
105468.24
105468.24
105468.24
105468.24
105468.24
105468.24
105468.24
105468.3
105468.3
105468.27
105468.35
105468.37
105468.34
105468.33
105468.35
105468.35
105468.34
105468.34
105468.36
105468.35
105468.37
105468.35
105468.35
105468.34
105468.34
105468.34
105468.24
105468.24
105468.24
105468.24
105468.24
105468.24
105468.24
105468.24
105468.24
105468.3
105468.3
105468.27
105468.49
105468.49
105468.49
105468.5
105468.5
105468.5
105468.49
105468.49
105468.49
105468.49
105468.48
105468.49
105468.5
105468.49
105468.49
105468.5
105468.5
105468.49
105468.5
105468.48
105468.48
105468.49
105468.48
105468.48
105468.47
105468.48
105468.48
105468.5
105468.51
105468.5
105468.48
105468.47
105468.48
105468.51
105468.51
105468.52
105468.52
105468.51
105468.51
105468.52
105468.51
105468.52
105468.5
105468.5
105468.51
105468.51
105468.51
105468.52
105468.52
105468.5
105468.52
105468.48
105468.48
105468.49
105468.48
105468.47
105468.47
105468.48
105468.49
105468.47
105468.48
105468.47
105468.48
105468.48
105468.48
105468.47
105468.47
105468.47
105468.51
105468.47
105468.47
105468.5
105468.49
105468.5
105468.5
105468.5
105468.49
105468.49
105468.49
105468.49
105468.49
105468.49
105468.5
105468.5
105468.5
105468.49
105468.49
105468.49
105468.49
105468.48
105468.48
105468.48
105468.49
105468.48
105468.48
105468.47
105468.48
105468.48
105468.5
105468.51
105468.5
105468.5
105468.48
105468.47
105468.48
105468.51
105468.51
105468.52
105468.51
105468.51
105468.52
105468.5
105468.52
105468.5
105468.5
105468.51
105468.51
105468.51
105468.52
105468.52
105468.5
105468.52
105468.48
105468.48
105468.49
105468.47
105468.47
105468.47
105468.46
105468.48
105468.48
105468.47
105468.48
105468.47
105468.49
105468.49
105468.47
105468.48
105468.48
105468.47
105468.47
105468.47
105468.51
105468.5
105468.49
105468.5
105468.5
105468.5
105468.49
105468.47
105468.47
105468.53
105468.53
105468.53
105468.53
105468.53
105468.52
105468.53
105468.52
105468.52
105468.53
105468.53
105468.53
105468.53
105468.52
105468.52
105468.52
105468.53
105468.53
105468.53
105468.53
105468.53
105468.52
105468.53
105468.52
105468.52
105468.52
105468.53
105468.53
105468.53
105468.53
105468.52
105468.52
105468.52
105468.52
105468.53
105468.53
105468.51
105468.51
105468.51
105468.51
105468.5
105468.51
105468.5
105468.52
105468.52
105468.53
105468.53
105468.51
105468.51
105468.51
105468.52
105468.51
105468.52
105468.51
105468.51
105468.52
105468.52
105468.32
105468.32
105468.32
105468.33
105468.33
105468.33
105468.33
105468.33
105468.33
105468.32
105468.32
105468.3
105468.32
105468.32
105468.3
105468.32
105468.31
105468.32
105468.3
105468.32
105468.32
105468.3
105468.32
105468.31
105468.32
105468.33
105468.32
105468.33
105468.33
105468.32
105468.33
105468.35
105468.36
105468.36
105468.37
105468.38
105468.36
105468.38
105468.38
105468.38
105468.36
105468.37
105468.36
105468.38
105468.37
105468.36
105468.34
105468.34
105468.35
105468.35
105468.35
105468.37
105468.38
105468.36
105468.37
105468.38
105468.36
105468.37
105468.36
105468.38
105468.37
105468.36
105468.35
105468.34
105468.35
105468.35
105468.36
105468.35
105468.36
105468.36
105468.35
105468.36
105468.37
105468.37
105468.31
105468.32
105468.31
105468.32
105468.37
105468.38
105468.37
105468.36
105468.35
105468.35
105468.35
105468.34
105468.34
105468.36
105468.36
105468.36
105468.35
105468.33
105468.34
105468.35
105468.35
105468.32
105468.32
105468.33
105468.31
105468.31
105468.3
105468.31
105468.31
105468.3
105468.29
105468.33
105468.33
105468.33
105468.32
105468.3
105468.29
105468.29
105468.32
105468.33
105468.32
105468.31
105468.32
105468.31
105468.32
105468.31
105468.31
105468.3
105468.33
105468.34
105468.32
105468.31
105468.33
105468.32
105468.33
105468.33
105468.32
105468.33
105468.31
105468.3
105468.29
105468.3
105468.37
105468.38
105468.37
105468.35
105468.35
105468.35
105468.34
105468.34
105468.36
105468.36
105468.36
105468.35
105468.33
105468.34
105468.35
105468.35
105468.32
105468.32
105468.33
105468.29
105468.31
105468.31
105468.3
105468.31
105468.31
105468.3
105468.32
105468.33
105468.33
105468.32
105468.3
105468.29
105468.29
105468.32
105468.33
105468.32
105468.33
105468.32
105468.32
105468.32
105468.33
105468.32
105468.32
105468.34
105468.34
105468.31
105468.32
105468.32
105468.3
105468.29
105468.3
105468.31
105468.49
105468.49
105468.49
105468.5
105468.5
105468.5
105468.49
105468.49
105468.49
105468.49
105468.48
105468.49
105468.5
105468.49
105468.49
105468.5
105468.5
105468.49
105468.5
105468.48
105468.48
105468.49
105468.48
105468.48
105468.47
105468.48
105468.48
105468.5
105468.51
105468.5
105468.48
105468.47
105468.48
105468.51
105468.51
105468.52
105468.51
105468.51
105468.52
105468.51
105468.52
105468.5
105468.5
105468.51
105468.51
105468.51
105468.52
105468.52
105468.5
105468.52
105468.48
105468.48
105468.49
105468.48
105468.47
105468.47
105468.47
105468.48
105468.49
105468.47
105468.48
105468.47
105468.49
105468.49
105468.48
105468.48
105468.48
105468.47
105468.47
105468.47
105468.51
105468.47
105468.47
105468.5
105468.49
105468.5
105468.5
105468.5
105468.49
105468.49
105468.49
105468.49
105468.5
105468.5
105468.5
105468.49
105468.49
105468.49
105468.49
105468.48
105468.49
105468.5
105468.49
105468.49
105468.5
105468.5
105468.5
105468.48
105468.48
105468.49
105468.48
105468.48
105468.47
105468.48
105468.48
105468.47
105468.48
105468.5
105468.5
105468.5
105468.51
105468.51
105468.52
105468.51
105468.51
105468.52
105468.51
105468.52
105468.5
105468.5
105468.51
105468.51
105468.51
105468.52
105468.52
105468.52
105468.48
105468.48
105468.49
105468.48
105468.47
105468.47
105468.48
105468.48
105468.47
105468.48
105468.47
105468.49
105468.49
105468.47
105468.48
105468.48
105468.47
105468.47
105468.47
105468.5
105468.5
105468.51
105468.51
105468.5
105468.47
105468.47
105468.5
105468.49
105468.53
105468.53
105468.53
105468.53
105468.53
105468.52
105468.52
105468.53
105468.52
105468.53
105468.53
105468.53
105468.53
105468.52
105468.53
105468.53
105468.53
105468.53
105468.53
105468.52
105468.52
105468.53
105468.52
105468.53
105468.53
105468.53
105468.53
105468.52
105468.51
105468.51
105468.51
105468.51
105468.5
105468.51
105468.52
105468.52
105468.52
105468.52
105468.51
105468.51
105468.52
105468.51
105468.51
105468.52
105468.44
105468.44
105468.45
105468.43
105468.43
105468.43
105468.43
105468.43
105468.43
105468.44
105468.44
105468.46
105468.45
105468.45
105468.46
105468.45
105468.45
105468.45
105468.46
105468.45
105468.45
105468.46
105468.45
105468.45
105468.45
105468.43
105468.44
105468.44
105468.43
105468.44
105468.44
105468.42
105468.41
105468.41
105468.4
105468.39
105468.4
105468.39
105468.39
105468.4
105468.4
105468.4
105468.39
105468.4
105468.41
105468.42
105468.42
105468.42
105468.41
105468.41
105468.42
105468.41
105468.41
105468.4
105468.39
105468.4
105468.39
105468.39
105468.4
105468.4
105468.4
105468.39
105468.4
105468.41
105468.42
105468.42
105468.42
105468.41
105468.41
105468.45
105468.44
105468.45
105468.41
105468.41
105468.4
105468.4
105468.44
105468.44
105468.43
105468.45
105468.45
105468.46
105468.46
105468.45
105468.45
105468.44
105468.43
105468.44
105468.44
105468.46
105468.4
105468.39
105468.4
105468.41
105468.41
105468.42
105468.41
105468.42
105468.42
105468.43
105468.44
105468.44
105468.43
105468.45
105468.45
105468.45
105468.46
105468.44
105468.44
105468.43
105468.44
105468.43
105468.43
105468.46
105468.45
105468.46
105468.46
105468.45
105468.44
105468.44
105468.43
105468.44
105468.44
105468.43
105468.44
105468.45
105468.43
105468.43
105468.44
105468.45
105468.4
105468.39
105468.4
105468.41
105468.41
105468.42
105468.41
105468.42
105468.42
105468.41
105468.4
105468.42
105468.43
105468.43
105468.44
105468.44
105468.43
105468.45
105468.45
105468.45
105468.45
105468.44
105468.45
105468.45
105468.44
105468.43
105468.44
105468.43
105468.46
105468.46
105468.46
105468.46
105468.44
105468.44
105468.44
105468.43
105468.53
105468.53
105468.53
105468.53
105468.53
105468.52
105468.52
105468.52
105468.53
105468.52
105468.53
105468.53
105468.53
105468.53
105468.53
105468.53
105468.53
105468.53
105468.53
105468.52
105468.53
105468.52
105468.52
105468.53
105468.53
105468.53
105468.53
105468.52
105468.52
105468.52
105468.52
105468.53
105468.53
105468.51
105468.52
105468.52
105468.51
105468.5
105468.51
105468.5
105468.52
105468.52
105468.51
105468.51
105468.52
105468.53
105468.53
105468.51
105468.52
105468.51
105468.51
105468.52
105468.52
105468.49
105468.49
105468.49
105468.5
105468.5
105468.5
105468.49
105468.49
105468.49
105468.49
105468.48
105468.49
105468.5
105468.49
105468.49
105468.5
105468.5
105468.49
105468.5
105468.48
105468.48
105468.49
105468.48
105468.48
105468.47
105468.48
105468.48
105468.5
105468.51
105468.5
105468.48
105468.47
105468.47
105468.51
105468.52
105468.51
105468.52
105468.51
105468.51
105468.52
105468.51
105468.51
105468.51
105468.51
105468.52
105468.5
105468.48
105468.48
105468.49
105468.48
105468.47
105468.47
105468.47
105468.48
105468.48
105468.48
105468.47
105468.48
105468.48
105468.48
105468.47
105468.47
105468.47
105468.47
105468.5
105468.5
105468.49
105468.5
105468.44
105468.44
105468.43
105468.45
105468.46
105468.46
105468.46
105468.45
105468.44
105468.45
105468.43
105468.44
105468.44
105468.45
105468.4
105468.39
105468.4
105468.41
105468.41
105468.42
105468.42
105468.42
105468.41
105468.4
105468.41
105468.4
105468.42
105468.43
105468.43
105468.42
105468.41
105468.44
105468.44
105468.43
105468.45
105468.45
105468.45
105468.46
105468.44
105468.45
105468.44
105468.45
105468.44
105468.43
105468.46
105468.46
105468.46
105468.44
105468.43
105468.44
105468.44
105468.44
105468.43
105468.44
105468.44
105468.45
105468.43
105468.43
105468.43
105468.43
105468.43
105468.43
105468.44
105468.44
105468.46
105468.45
105468.45
105468.46
105468.45
105468.45
105468.45
105468.46
105468.45
105468.45
105468.46
105468.45
105468.45
105468.45
105468.42
105468.41
105468.41
105468.4
105468.4
105468.39
105468.4
105468.39
105468.39
105468.4
105468.41
105468.42
105468.42
105468.41
105468.39
105468.4
105468.42
105468.41
105468.41
105468.4
105468.4
105468.39
105468.4
105468.39
105468.39
105468.4
105468.4
105468.41
105468.42
105468.42
105468.42
105468.41
105468.41
105468.39
105468.4
105468.43
105468.44
105468.44
105468.45
105468.41
105468.41
105468.44
105468.44
105468.43
105468.45
105468.46
105468.46
105468.46
105468.45
105468.44
105468.45
105468.43
105468.44
105468.45
105468.44
105468.4
105468.39
105468.4
105468.41
105468.41
105468.42
105468.41
105468.42
105468.42
105468.43
105468.41
105468.41
105468.42
105468.43
105468.45
105468.45
105468.45
105468.46
105468.47
105468.45
105468.44
105468.45
105468.46
105468.46
105468.46
105468.53
105468.53
105468.53
105468.53
105468.53
105468.52
105468.52
105468.52
105468.53
105468.52
105468.53
105468.53
105468.53
105468.53
105468.53
105468.53
105468.53
105468.53
105468.53
105468.52
105468.53
105468.52
105468.52
105468.53
105468.53
105468.53
105468.53
105468.52
105468.52
105468.52
105468.52
105468.53
105468.53
105468.51
105468.51
105468.51
105468.51
105468.5
105468.51
105468.5
105468.52
105468.52
105468.51
105468.52
105468.51
105468.52
105468.52
105468.53
105468.53
105468.51
105468.51
105468.51
105468.52
105468.49
105468.49
105468.49
105468.5
105468.5
105468.5
105468.49
105468.49
105468.49
105468.49
105468.48
105468.49
105468.5
105468.49
105468.49
105468.5
105468.5
105468.49
105468.5
105468.48
105468.48
105468.49
105468.48
105468.48
105468.47
105468.48
105468.48
105468.48
105468.47
105468.48
105468.5
105468.5
105468.5
105468.51
105468.52
105468.51
105468.52
105468.51
105468.51
105468.52
105468.51
105468.51
105468.51
105468.51
105468.52
105468.5
105468.5
105468.48
105468.49
105468.48
105468.49
105468.49
105468.49
105468.48
105468.5
105468.49
105468.5
105468.49
105468.47
105468.47
105468.44
105468.44
105468.43
105468.45
105468.46
105468.46
105468.46
105468.45
105468.44
105468.45
105468.43
105468.44
105468.44
105468.45
105468.4
105468.39
105468.4
105468.41
105468.41
105468.42
105468.42
105468.42
105468.41
105468.41
105468.4
105468.42
105468.43
105468.43
105468.42
105468.41
105468.44
105468.44
105468.43
105468.45
105468.45
105468.45
105468.46
105468.45
105468.45
105468.45
105468.45
105468.44
105468.43
105468.46
105468.46
105468.46
105468.44
105468.43
105468.44
105468.44
105468.44
105468.43
105468.44
105468.44
105468.45
105468.43
105468.43
105468.43
105468.43
105468.43
105468.43
105468.44
105468.44
105468.46
105468.45
105468.45
105468.46
105468.45
105468.45
105468.45
105468.46
105468.45
105468.45
105468.46
105468.45
105468.45
105468.45
105468.43
105468.44
105468.44
105468.43
105468.44
105468.44
105468.4
105468.4
105468.39
105468.39
105468.4
105468.39
105468.39
105468.4
105468.4
105468.41
105468.42
105468.42
105468.41
105468.41
105468.39
105468.4
105468.42
105468.41
105468.41
105468.4
105468.4
105468.39
105468.4
105468.39
105468.39
105468.4
105468.4
105468.41
105468.42
105468.42
105468.42
105468.41
105468.41
105468.39
105468.4
105468.45
105468.44
105468.42
105468.41
105468.41
105468.41
105468.4
105468.4
105468.44
105468.44
105468.43
105468.43
105468.47
105468.45
105468.45
105468.46
105468.46
105468.45
105468.45
105468.46
105468.47
105468.47
105468.44
105468.43
105468.44
105468.44
105468.4
105468.39
105468.4
105468.4
105468.41
105468.41
105468.42
105468.41
105468.42
105468.42
105468.43
105468.44
105468.44
105468.43
105468.45
105468.45
105468.45
105468.46
105468.45
105468.45
105468.45
105468.46
105468.46
105468.46
105468.44
105468.44
105468.44
105468.43
105468.43
105468.44
105468.43
105468.43
105468.49
105468.49
105468.49
105468.5
105468.5
105468.5
105468.49
105468.49
105468.49
105468.49
105468.48
105468.49
105468.5
105468.49
105468.49
105468.5
105468.5
105468.49
105468.5
105468.48
105468.48
105468.49
105468.48
105468.48
105468.47
105468.48
105468.48
105468.5
105468.51
105468.5
105468.48
105468.47
105468.47
105468.51
105468.51
105468.51
105468.52
105468.5
105468.48
105468.48
105468.49
105468.47
105468.47
105468.47
105468.48
105468.48
105468.47
105468.48
105468.47
105468.49
105468.49
105468.47
105468.48
105468.48
105468.47
105468.47
105468.47
105468.5
105468.5
105468.49
105468.5
105468.5
105468.49
105468.5
105468.5
105468.47
105468.47
105468.49
105468.49
105468.49
105468.5
105468.5
105468.5
105468.49
105468.49
105468.49
105468.49
105468.48
105468.49
105468.5
105468.49
105468.49
105468.5
105468.5
105468.49
105468.5
105468.48
105468.48
105468.49
105468.48
105468.48
105468.47
105468.48
105468.48
105468.5
105468.51
105468.5
105468.48
105468.47
105468.48
105468.51
105468.52
105468.51
105468.52
105468.51
105468.51
105468.51
105468.51
105468.51
105468.51
105468.52
105468.5
105468.48
105468.48
105468.49
105468.48
105468.47
105468.47
105468.48
105468.49
105468.47
105468.48
105468.47
105468.49
105468.49
105468.47
105468.48
105468.48
105468.47
105468.47
105468.47
105468.5
105468.5
105468.49
105468.5
105468.5
105468.49
105468.5
105468.5
105468.44
105468.44
105468.43
105468.45
105468.45
105468.46
105468.46
105468.45
105468.45
105468.46
105468.44
105468.43
105468.44
105468.44
105468.41
105468.41
105468.42
105468.42
105468.42
105468.41
105468.4
105468.43
105468.42
105468.41
105468.41
105468.4
105468.42
105468.43
105468.44
105468.44
105468.43
105468.45
105468.45
105468.45
105468.46
105468.45
105468.45
105468.45
105468.45
105468.44
105468.43
105468.46
105468.46
105468.46
105468.44
105468.44
105468.44
105468.43
105468.44
105468.43
105468.44
105468.44
105468.43
105468.43
105468.45
105468.45
105468.46
105468.46
105468.45
105468.45
105468.46
105468.44
105468.43
105468.44
105468.44
105468.4
105468.39
105468.4
105468.4
105468.41
105468.41
105468.42
105468.42
105468.42
105468.41
105468.4
105468.43
105468.42
105468.41
105468.41
105468.41
105468.42
105468.43
105468.44
105468.44
105468.43
105468.45
105468.45
105468.45
105468.46
105468.47
105468.44
105468.45
105468.45
105468.45
105468.46
105468.46
105468.47
105468.46
105468.44
105468.44
105468.44
105468.44
105468.43
105468.43
105468.44
105468.43
105468.44
105468.44
105468.45
105468.43
105468.43
105468.43
105468.43
105468.43
105468.43
105468.44
105468.44
105468.46
105468.45
105468.45
105468.46
105468.45
105468.45
105468.46
105468.45
105468.46
105468.45
105468.45
105468.46
105468.45
105468.45
105468.46
105468.45
105468.43
105468.44
105468.44
105468.43
105468.44
105468.44
105468.4
105468.4
105468.39
105468.4
105468.39
105468.39
105468.4
105468.41
105468.42
105468.42
105468.41
105468.41
105468.39
105468.4
105468.42
105468.41
105468.41
105468.4
105468.4
105468.39
105468.4
105468.39
105468.39
105468.4
105468.41
105468.42
105468.42
105468.41
105468.39
105468.4
105468.42
105468.41
105468.41
105468.41
105468.4
105468.4
105468.37
105468.38
105468.37
105468.35
105468.34
105468.35
105468.36
105468.34
105468.36
105468.35
105468.36
105468.35
105468.33
105468.34
105468.32
105468.32
105468.33
105468.31
105468.31
105468.3
105468.31
105468.31
105468.3
105468.29
105468.32
105468.33
105468.33
105468.32
105468.3
105468.3
105468.29
105468.32
105468.33
105468.32
105468.32
105468.32
105468.32
105468.32
105468.31
105468.3
105468.33
105468.34
105468.32
105468.32
105468.34
105468.33
105468.32
105468.3
105468.32
105468.3
105468.29
105468.3
105468.31
105468.37
105468.38
105468.37
105468.35
105468.35
105468.35
105468.36
105468.34
105468.34
105468.34
105468.36
105468.36
105468.35
105468.33
105468.32
105468.32
105468.33
105468.31
105468.31
105468.3
105468.31
105468.31
105468.3
105468.29
105468.32
105468.33
105468.33
105468.32
105468.3
105468.29
105468.29
105468.32
105468.32
105468.32
105468.32
105468.3
105468.3
105468.33
105468.34
105468.32
105468.31
105468.32
105468.32
105468.33
105468.3
105468.3
105468.29
105468.3
105468.27
105468.26
105468.27
105468.27
105468.27
105468.27
105468.26
105468.26
105468.26
105468.28
105468.26
105468.28
105468.28
105468.27
105468.28
105468.28
105468.3
105468.28
105468.27
105468.26
105468.27
105468.27
105468.26
105468.25
105468.26
105468.28
105468.29
105468.28
105468.25
105468.25
105468.26
105468.27
105468.27
105468.27
105468.28
105468.29
105468.28
105468.29
105468.29
105468.28
105468.27
105468.27
105468.28
105468.28
105468.28
105468.29
105468.27
105468.27
105468.25
105468.24
105468.25
105468.24
105468.25
105468.25
105468.25
105468.24
105468.25
105468.25
105468.25
105468.24
105468.24
105468.25
105468.24
105468.26
105468.26
105468.26
105468.25
105468.25
105468.27
105468.26
105468.27
105468.27
105468.27
105468.27
105468.26
105468.26
105468.26
105468.28
105468.26
105468.28
105468.28
105468.27
105468.28
105468.28
105468.29
105468.28
105468.27
105468.26
105468.27
105468.27
105468.26
105468.26
105468.26
105468.28
105468.29
105468.28
105468.25
105468.25
105468.26
105468.27
105468.27
105468.27
105468.28
105468.29
105468.28
105468.29
105468.29
105468.28
105468.27
105468.27
105468.28
105468.28
105468.28
105468.29
105468.27
105468.27
105468.25
105468.24
105468.25
105468.24
105468.25
105468.25
105468.25
105468.24
105468.25
105468.25
105468.25
105468.24
105468.24
105468.25
105468.24
105468.25
105468.25
105468.26
105468.26
105468.26
105468.25
105468.26
105468.26
105468.25
105468.24
105468.24
105468.24
105468.24
105468.24
105468.24
105468.24
105468.24
105468.24
105468.24
105468.24
105468.24
105468.24
105468.24
105468.24
105468.24
105468.24
105468.24
105468.24
105468.24
105468.25
105468.24
105468.24
105468.24
105468.24
105468.24
105468.24
105468.24
105468.24
105468.24
105468.24
105468.24
105468.25
105468.24
105468.25
105468.24
105468.25
105468.24
105468.25
105468.24
105468.24
105468.24
105468.25
105468.24
105468.24
105468.24
105468.32
105468.32
105468.32
105468.33
105468.33
105468.33
105468.33
105468.33
105468.33
105468.32
105468.32
105468.3
105468.32
105468.32
105468.3
105468.32
105468.31
105468.3
105468.32
105468.3
105468.32
105468.32
105468.3
105468.32
105468.31
105468.3
105468.32
105468.33
105468.32
105468.33
105468.33
105468.32
105468.33
105468.35
105468.36
105468.36
105468.37
105468.36
105468.38
105468.38
105468.36
105468.38
105468.38
105468.37
105468.36
105468.35
105468.34
105468.35
105468.38
105468.37
105468.37
105468.38
105468.36
105468.38
105468.38
105468.38
105468.36
105468.37
105468.36
105468.38
105468.37
105468.36
105468.34
105468.34
105468.35
105468.35
105468.36
105468.35
105468.36
105468.36
105468.35
105468.36
105468.32
105468.37
105468.38
105468.37
105468.35
105468.35
105468.35
105468.36
105468.34
105468.34
105468.34
105468.36
105468.36
105468.35
105468.33
105468.32
105468.32
105468.33
105468.31
105468.31
105468.3
105468.31
105468.31
105468.3
105468.29
105468.3
105468.29
105468.29
105468.32
105468.33
105468.33
105468.32
105468.32
105468.33
105468.32
105468.31
105468.32
105468.31
105468.32
105468.31
105468.3
105468.3
105468.33
105468.34
105468.32
105468.31
105468.32
105468.32
105468.33
105468.3
105468.3
105468.29
105468.3
105468.33
105468.32
105468.27
105468.26
105468.27
105468.27
105468.27
105468.27
105468.26
105468.26
105468.26
105468.28
105468.26
105468.28
105468.28
105468.27
105468.28
105468.28
105468.3
105468.28
105468.27
105468.26
105468.27
105468.27
105468.26
105468.25
105468.26
105468.28
105468.29
105468.28
105468.25
105468.25
105468.26
105468.28
105468.29
105468.28
105468.29
105468.29
105468.28
105468.27
105468.27
105468.28
105468.28
105468.28
105468.29
105468.27
105468.27
105468.27
105468.25
105468.24
105468.24
105468.25
105468.25
105468.24
105468.25
105468.24
105468.25
105468.25
105468.25
105468.25
105468.25
105468.24
105468.24
105468.25
105468.24
105468.27
105468.26
105468.26
105468.26
105468.27
105468.25
105468.26
105468.26
105468.25
105468.24
105468.24
105468.24
105468.24
105468.24
105468.24
105468.24
105468.24
105468.24
105468.24
105468.24
105468.24
105468.24
105468.24
105468.24
105468.24
105468.24
105468.24
105468.24
105468.24
105468.24
105468.24
105468.24
105468.24
105468.24
105468.24
105468.24
105468.24
105468.24
105468.24
105468.24
105468.24
105468.24
105468.24
105468.24
105468.24
105468.24
105468.25
105468.25
105468.25
105468.25
105468.25
105468.24
105468.25
105468.24
105468.25
105468.24
105468.24
105468.24
105468.25
105468.25
105468.24
105468.24
105468.24
105468.27
105468.26
105468.27
105468.27
105468.27
105468.27
105468.26
105468.26
105468.26
105468.28
105468.26
105468.28
105468.28
105468.27
105468.28
105468.28
105468.3
105468.28
105468.28
105468.27
105468.26
105468.27
105468.27
105468.26
105468.26
105468.27
105468.26
105468.28
105468.29
105468.28
105468.25
105468.25
105468.26
105468.27
105468.27
105468.27
105468.28
105468.29
105468.28
105468.29
105468.28
105468.27
105468.27
105468.28
105468.28
105468.28
105468.29
105468.25
105468.24
105468.25
105468.25
105468.24
105468.25
105468.25
105468.24
105468.25
105468.25
105468.25
105468.25
105468.24
105468.25
105468.25
105468.25
105468.26
105468.26
105468.26
105468.25
105468.26
105468.26
105468.27
105468.27
105468.32
105468.33
105468.32
105468.34
105468.33
105468.34
105468.34
105468.34
105468.34
105468.32
105468.33
105468.3
105468.32
105468.32
105468.3
105468.32
105468.31
105468.32
105468.3
105468.32
105468.32
105468.3
105468.32
105468.31
105468.32
105468.33
105468.32
105468.33
105468.34
105468.32
105468.33
105468.37
105468.36
105468.38
105468.36
105468.38
105468.38
105468.36
105468.37
105468.36
105468.35
105468.34
105468.35
105468.36
105468.38
105468.37
105468.37
105468.38
105468.36
105468.38
105468.38
105468.38
105468.36
105468.37
105468.36
105468.38
105468.37
105468.36
105468.34
105468.34
105468.35
105468.35
105468.36
105468.35
105468.35
105468.36
105468.36
105468.35
105468.36
105468.36
105468.31
105468.31
105468.32
105468.37
105468.38
105468.37
105468.36
105468.35
105468.36
105468.35
105468.34
105468.33
105468.32
105468.32
105468.33
105468.33
105468.31
105468.31
105468.3
105468.31
105468.32
105468.3
105468.3
105468.3
105468.29
105468.32
105468.32
105468.32
105468.32
105468.31
105468.3
105468.33
105468.34
105468.32
105468.31
105468.32
105468.32
105468.34
105468.34
105468.31
105468.3
105468.29
105468.3
105468.28
105468.27
105468.27
105468.27
105468.27
105468.27
105468.26
105468.26
105468.26
105468.28
105468.26
105468.28
105468.28
105468.27
105468.28
105468.28
105468.3
105468.28
105468.27
105468.26
105468.27
105468.27
105468.26
105468.26
105468.26
105468.28
105468.29
105468.29
105468.25
105468.25
105468.26
105468.28
105468.29
105468.28
105468.29
105468.29
105468.28
105468.27
105468.27
105468.28
105468.28
105468.28
105468.29
105468.27
105468.27
105468.27
105468.26
105468.25
105468.26
105468.25
105468.25
105468.24
105468.25
105468.25
105468.24
105468.25
105468.24
105468.25
105468.25
105468.25
105468.24
105468.24
105468.24
105468.27
105468.26
105468.26
105468.27
105468.26
105468.26
105468.25
105468.25
105468.25
105468.25
105468.24
105468.24
105468.24
105468.24
105468.24
105468.24
105468.24
105468.24
105468.24
105468.24
105468.24
105468.24
105468.24
105468.24
105468.24
105468.24
105468.24
105468.24
105468.24
105468.24
105468.24
105468.24
105468.24
105468.24
105468.24
105468.24
105468.24
105468.24
105468.24
105468.24
105468.24
105468.24
105468.24
105468.24
105468.24
105468.24
105468.25
105468.25
105468.25
105468.24
105468.24
105468.24
105468.24
105468.25
105468.25
105468.24
105468.24
105468.25
105468.25
105468.24
105468.24
105468.24
105468.28
105468.27
105468.27
105468.27
105468.27
105468.27
105468.26
105468.26
105468.26
105468.28
105468.26
105468.28
105468.28
105468.27
105468.28
105468.28
105468.3
105468.28
105468.28
105468.27
105468.26
105468.27
105468.27
105468.26
105468.26
105468.27
105468.26
105468.28
105468.29
105468.29
105468.25
105468.25
105468.26
105468.27
105468.27
105468.27
105468.28
105468.29
105468.28
105468.29
105468.28
105468.27
105468.29
105468.27
105468.28
105468.28
105468.28
105468.29
105468.26
105468.25
105468.25
105468.25
105468.25
105468.25
105468.24
105468.25
105468.25
105468.25
105468.25
105468.26
105468.26
105468.26
105468.26
105468.27
105468.27
105468.37
105468.38
105468.37
105468.36
105468.35
105468.35
105468.35
105468.34
105468.34
105468.36
105468.36
105468.36
105468.35
105468.33
105468.34
105468.35
105468.35
105468.32
105468.32
105468.33
105468.32
105468.31
105468.33
105468.33
105468.32
105468.31
105468.31
105468.29
105468.3
105468.3
105468.31
105468.29
105468.3
105468.32
105468.33
105468.32
105468.33
105468.34
105468.33
105468.32
105468.32
105468.32
105468.32
105468.32
105468.34
105468.37
105468.38
105468.37
105468.36
105468.35
105468.35
105468.35
105468.34
105468.34
105468.36
105468.36
105468.36
105468.35
105468.33
105468.34
105468.35
105468.35
105468.32
105468.32
105468.33
105468.33
105468.29
105468.33
105468.31
105468.33
105468.33
105468.32
105468.31
105468.31
105468.3
105468.3
105468.3
105468.31
105468.29
105468.3
105468.32
105468.33
105468.32
105468.33
105468.34
105468.33
105468.32
105468.32
105468.32
105468.32
105468.32
105468.34
105468.31
105468.32
105468.32
105468.3
105468.29
105468.3
105468.31
105468.32
105468.32
105468.32
105468.33
105468.33
105468.33
105468.33
105468.33
105468.34
105468.32
105468.32
105468.3
105468.32
105468.32
105468.3
105468.32
105468.31
105468.32
105468.3
105468.32
105468.32
105468.3
105468.32
105468.31
105468.32
105468.33
105468.32
105468.33
105468.33
105468.32
105468.33
105468.35
105468.36
105468.36
105468.37
105468.38
105468.36
105468.38
105468.38
105468.36
105468.37
105468.38
105468.37
105468.36
105468.35
105468.34
105468.35
105468.35
105468.36
105468.36
105468.37
105468.38
105468.37
105468.38
105468.38
105468.36
105468.37
105468.38
105468.37
105468.36
105468.35
105468.34
105468.35
105468.36
105468.36
105468.31
105468.31
105468.24
105468.24
105468.24
105468.24
105468.24
105468.24
105468.24
105468.24
105468.24
105468.24
105468.24
105468.24
105468.24
105468.24
105468.24
105468.24
105468.24
105468.24
105468.24
105468.24
105468.24
105468.24
105468.24
105468.24
105468.24
105468.24
105468.24
105468.24
105468.24
105468.24
105468.24
105468.24
105468.24
105468.24
105468.24
105468.25
105468.25
105468.25
105468.25
105468.25
105468.24
105468.24
105468.25
105468.25
105468.24
105468.25
105468.25
105468.25
105468.25
105468.24
105468.24
105468.27
105468.26
105468.27
105468.27
105468.27
105468.27
105468.26
105468.26
105468.26
105468.28
105468.26
105468.28
105468.28
105468.27
105468.28
105468.28
105468.3
105468.28
105468.28
105468.27
105468.26
105468.27
105468.27
105468.26
105468.25
105468.27
105468.26
105468.28
105468.29
105468.28
105468.25
105468.25
105468.26
105468.27
105468.27
105468.27
105468.28
105468.28
105468.29
105468.28
105468.27
105468.29
105468.29
105468.27
105468.27
105468.27
105468.28
105468.28
105468.28
105468.29
105468.25
105468.25
105468.24
105468.25
105468.25
105468.25
105468.24
105468.24
105468.25
105468.25
105468.25
105468.25
105468.25
105468.25
105468.24
105468.25
105468.26
105468.26
105468.26
105468.25
105468.26
105468.26
105468.3
105468.28
105468.26
105468.27
105468.27
105468.27
105468.27
105468.26
105468.26
105468.26
105468.28
105468.26
105468.28
105468.28
105468.27
105468.28
105468.28
105468.3
105468.28
105468.28
105468.27
105468.26
105468.27
105468.27
105468.26
105468.25
105468.27
105468.26
105468.28
105468.29
105468.28
105468.25
105468.25
105468.26
105468.27
105468.27
105468.27
105468.28
105468.28
105468.29
105468.29
105468.28
105468.27
105468.29
105468.27
105468.27
105468.27
105468.28
105468.28
105468.28
105468.29
105468.26
105468.25
105468.25
105468.25
105468.24
105468.24
105468.25
105468.25
105468.24
105468.24
105468.25
105468.25
105468.25
105468.25
105468.25
105468.25
105468.24
105468.26
105468.26
105468.26
105468.26
105468.3
105468.46
105468.52
105468.24
105468.24
105468.24
105468.24
105468.24
105468.24
105468.24
105468.24
105468.24
105468.24
105468.24
105468.24
105468.24
105468.48
105468.48
105468.48
105468.48
105468.48
105468.48
105468.47
105468.47
105468.47
105468.48
105468.48
105468.48
105468.48
105468.48
105468.48
105468.47
105468.47
105468.47
105468.48
105468.48
105468.48
105468.48
105468.48
105468.48
105468.47
105468.47
105468.47
105468.41
105468.42
105468.41
105468.39
105468.4
105468.4
105468.48
105468.48
105468.48
105468.48
105468.48
105468.48
105468.47
105468.47
105468.47
105468.41
105468.41
105468.41
105468.39
105468.4
105468.4
105468.29
105468.29
105468.29
105468.29
105468.29
105468.27
105468.29
105468.29
105468.28
105468.29
105468.29
105468.29
105468.29
105468.29
105468.28
105468.29
105468.29
105468.28
105468.36
105468.35
105468.36
105468.29
105468.29
105468.29
105468.29
105468.29
105468.28
105468.29
105468.29
105468.28
105468.36
105468.35
105468.36
105468.29
105468.29
105468.29
105468.29
105468.29
105468.28
105468.29
105468.29
105468.28
105468.49
105468.49
105468.49
105468.49
105468.5
105468.5
105468.49
105468.32
105468.32
105468.31
105468.3
105468.5
105468.49
105468.52
105468.53
105468.53
105468.53
105468.53
105468.41
105468.41
105468.42
105468.45
105468.46
105468.46
105468.45
105468.5
105468.5
105468.5
105468.49
105468.49
105468.49
105468.43
105468.44
105468.44
105468.44
105468.4
105468.4
105468.44
105468.43
105468.44
105468.44
105468.43
105468.44
105468.44
105468.43
105468.44
105468.43
105468.5
105468.51
105468.5
105468.48
105468.47
105468.47
105468.47
105468.48
105468.47
105468.48
105468.48
105468.47
105468.41
105468.41
105468.42
105468.51
105468.52
105468.51
105468.52
105468.51
105468.51
105468.52
105468.51
105468.4
105468.39
105468.4
105468.32
105468.33
105468.32
105468.33
105468.32
105468.25
105468.25
105468.26
105468.26
105468.24
105468.25
105468.25
105468.25
105468.25
105468.37
105468.37
105468.37
105468.37
105468.35
105468.35
105468.36
105468.34
105468.32
105468.33
105468.33
105468.32
105468.32
105468.33
105468.32
105468.33
105468.32
105468.24
105468.25
105468.24
105468.24
105468.24
105468.25
105468.32
105468.32
105468.32
105468.31
105468.32
105468.31
105468.3
105468.3
105468.29
105468.3
105468.32
105468.32
105468.31
105468.37
105468.37
105468.24
105468.24
105468.24
105468.24
105468.24
105468.49
105468.48
105468.47
105468.47
105468.47
105468.47
105468.49
105468.49
105468.47
105468.47
105468.47
105468.47
105468.47
105468.47
105468.47
105468.47
105468.48
105468.49
105468.47
105468.47
105468.47
105468.47
105468.29
105468.29
105468.29
105468.29
105468.27
105468.27
105468.29
105468.29
105468.29
105468.29
105468.27
105468.27
105468.29
105468.29
105468.29
105468.29
105468.28
105468.28
105468.29
105468.29
105468.29
105468.29
105468.27
105468.27
105468.49
105468.48
)
;
    }
}


// ************************************************************************* //
