/*--------------------------------*- C++ -*----------------------------------*\
| =========                 |                                                 |
| \\      /  F ield         | OpenFOAM: The Open Source CFD Toolbox           |
|  \\    /   O peration     | Version:  v2012                                 |
|   \\  /    A nd           | Website:  www.openfoam.com                      |
|    \\/     M anipulation  |                                                 |
\*---------------------------------------------------------------------------*/
FoamFile
{
    version     2.0;
    format      ascii;
    class       volVectorField;
    location    "2000";
    object      U;
}
// * * * * * * * * * * * * * * * * * * * * * * * * * * * * * * * * * * * * * //

dimensions      [0 1 -1 0 0 0 0];


internalField   nonuniform List<vector> 
6250
(
(-0.00095104398 -6.3577457e-18 0.15261527)
(-0.001929373 -8.4261213e-19 0.15274889)
(-0.0030276804 -9.2534772e-21 0.15301376)
(-0.0042064302 -7.8360852e-19 0.15338919)
(-0.0054242354 -8.7957901e-19 0.15386264)
(-0.0066784972 2.0854478e-19 0.1544214)
(-0.0079641315 1.8079014e-19 0.15505373)
(-0.0092719969 -4.5466324e-20 0.15574854)
(-0.010590757 -2.0664647e-20 0.15649615)
(-0.011907206 7.7512689e-21 0.15728657)
(-0.013204056 -4.8942451e-20 0.15809923)
(-0.014455347 -8.9093915e-20 0.15887995)
(-0.015621293 -8.9511782e-20 0.15950826)
(-0.016645543 1.7142398e-19 0.15976747)
(-0.01745727 2.8623775e-19 0.15933296)
(-0.017978258 1.7043022e-19 0.15778711)
(-0.018132792 6.6799869e-20 0.1546568)
(-0.017856959 4.8846115e-20 0.14945845)
(-0.017104653 8.2757017e-21 0.14173389)
(-0.015849856 -3.671672e-20 0.13106582)
(-0.014087062 -2.5303008e-20 0.11707041)
(-0.011827976 -1.1835341e-20 0.09937151)
(-0.0090789941 -5.5318203e-21 0.077563418)
(-0.0057978883 6.6674775e-21 0.051168384)
(-0.0019486076 9.3757165e-22 0.019595455)
(-0.00069891622 -4.411289e-18 0.16377705)
(-0.0017271574 -1.4747107e-18 0.16415499)
(-0.0026616286 6.6685847e-19 0.16494261)
(-0.0035435586 -5.9312418e-19 0.16603871)
(-0.0043398082 -2.2605123e-18 0.16738249)
(-0.0050677348 -2.984e-19 0.16892531)
(-0.0057408686 -1.3095124e-19 0.17062866)
(-0.0063713535 -1.7515168e-19 0.17246077)
(-0.0069673323 -2.1124106e-19 0.1743866)
(-0.0075273409 -2.5432481e-19 0.17633854)
(-0.0080339837 -1.0453647e-19 0.17816305)
(-0.0084504468 -6.097223e-22 0.1795592)
(-0.0087235912 -6.6519334e-20 0.18004402)
(-0.0087945951 -1.7701451e-19 0.1789794)
(-0.0086140668 7.2753702e-20 0.17566874)
(-0.0081562756 5.9955883e-20 0.16949794)
(-0.0074278926 -1.8564665e-20 0.1600747)
(-0.0064692574 -5.7767193e-20 0.14732264)
(-0.0053488598 -1.1948306e-21 0.13150641)
(-0.0041533025 3.3787272e-20 0.11318692)
(-0.0029754166 2.0443578e-20 0.093122557)
(-0.0019033935 2.3457254e-22 0.072139544)
(-0.0010151369 -4.07068e-21 0.050995054)
(-0.00038013226 -2.1561898e-22 0.030253215)
(-3.6677316e-05 1.2480424e-21 0.010189913)
(-0.00053937826 5.7600402e-18 0.17333993)
(-0.0013768035 3.1135071e-18 0.17371802)
(-0.0021209994 4.3272734e-18 0.17450027)
(-0.0028689293 -5.0034727e-19 0.17557936)
(-0.0035848788 -2.2713499e-18 0.17689089)
(-0.0042758965 0 0.17838734)
(-0.0049399103 -1.6886571e-19 0.18003036)
(-0.0055695899 -1.3925051e-19 0.18177161)
(-0.0061480518 -3.1662792e-20 0.18350761)
(-0.0066439275 2.5775392e-19 0.18500621)
(-0.0070101088 3.4953158e-20 0.18583448)
(-0.0071902776 1.0510017e-19 0.18534281)
(-0.0071334921 1.6555957e-19 0.18274833)
(-0.0068117983 -5.2764847e-20 0.17731142)
(-0.0062332608 -5.9236333e-20 0.16854545)
(-0.0054446533 -2.0123071e-20 0.15637694)
(-0.004522723 -1.3829181e-21 0.14119319)
(-0.0035576027 -2.1494474e-20 0.12376173)
(-0.0026344838 2.3082837e-20 0.10505595)
(-0.0018193275 2.6113616e-20 0.086051443)
(-0.0011518943 3.8577925e-20 0.067558939)
(-0.00064649943 3.1895285e-20 0.050134451)
(-0.00029885538 1.426246e-20 0.03407225)
(-9.4496224e-05 3.4878326e-21 0.01945715)
(-4.0886095e-06 8.4303484e-22 0.0062409753)
(-0.00050413016 1.5703503e-18 0.17989249)
(-0.0012750819 3.6626919e-18 0.18028214)
(-0.0019650402 5.1272096e-18 0.18106308)
(-0.0026326656 -9.3998665e-19 0.18214366)
(-0.0032340571 -3.0969984e-18 0.18346644)
(-0.0037754982 6.8590366e-19 0.18498441)
(-0.0042556216 6.4514773e-20 0.18664096)
(-0.0046669221 -5.7995971e-20 0.18832263)
(-0.0049898004 2.2140744e-19 0.18978067)
(-0.0051903256 8.0466515e-19 0.190553)
(-0.0052264621 3.8967003e-19 0.18995215)
(-0.0050632396 2.2184937e-19 0.1871718)
(-0.0046906201 1.4922855e-19 0.18150016)
(-0.004134518 -1.9481997e-20 0.17255528)
(-0.0034545003 -5.5558377e-20 0.16043116)
(-0.0027288514 1.8605625e-19 0.1456839)
(-0.0020340754 3.2469769e-19 0.12916798)
(-0.0014277422 3.4382079e-19 0.11180406)
(-0.00094045382 3.1089118e-19 0.094378855)
(-0.00057736993 2.1400956e-19 0.077441734)
(-0.00032572789 1.3630274e-19 0.061302281)
(-0.00016383569 7.9265805e-20 0.046089996)
(-6.8452605e-05 5.1696906e-20 0.031828913)
(-1.9454221e-05 3.0512858e-20 0.018496483)
(-1.1476919e-06 9.4249218e-21 0.0060576668)
(-0.00040682755 -1.7015005e-18 0.18559677)
(-0.0010457232 -2.6009428e-18 0.18599902)
(-0.0016077203 2.289914e-18 0.18679871)
(-0.0021438814 -3.2375139e-19 0.18790289)
(-0.0026211983 -1.5621011e-18 0.18924843)
(-0.0030487418 7.4362294e-19 0.19077319)
(-0.003423313 5.6804797e-19 0.192374)
(-0.0037309168 7.8098941e-19 0.19383037)
(-0.0039434196 2.9823765e-19 0.19471765)
(-0.0040234906 1.6248178e-19 0.19437737)
(-0.0039387815 4.0375814e-19 0.19201184)
(-0.0036793536 2.7949873e-19 0.18690189)
(-0.0032681129 1.6591787e-19 0.17865516)
(-0.0027573157 8.7617814e-20 0.16735482)
(-0.0022127455 2.0536035e-20 0.15352986)
(-0.0016942937 1.8552786e-19 0.13797266)
(-0.0012424161 2.8766012e-19 0.12150895)
(-0.00087474647 2.1407321e-19 0.10482764)
(-0.00059087874 1.3806543e-19 0.088415369)
(-0.00038030142 8.1588417e-20 0.072574494)
(-0.00022927523 6.3009072e-20 0.057475719)
(-0.00012494035 4.4633095e-20 0.043208042)
(-5.7005963e-05 2.8908991e-20 0.029811822)
(-1.7964248e-05 1.632965e-20 0.017296775)
(-1.0702429e-06 5.2020101e-21 0.0056514341)
(-0.0003574161 3.053245e-19 0.19071743)
(-0.00089921069 -2.2592412e-18 0.19111808)
(-0.0013784052 -7.6981172e-20 0.19190955)
(-0.0018428642 2.9940736e-19 0.19300033)
(-0.0022618505 1.9474046e-18 0.19432358)
(-0.0026380214 -4.763723e-19 0.19579249)
(-0.0029597913 4.245343e-19 0.19723317)
(-0.003204278 5.5961812e-19 0.19829356)
(-0.0033388569 2.3007234e-19 0.1983862)
(-0.0033322998 -2.9860607e-19 0.19674453)
(-0.0031709008 1.490013e-19 0.19261788)
(-0.0028697662 1.9703402e-19 0.18552645)
(-0.002471245 1.6718145e-19 0.17543685)
(-0.0020310596 1.3686984e-19 0.16276049)
(-0.0016006759 1.5069442e-19 0.14819104)
(-0.0012153626 1.6733499e-19 0.13248814)
(-0.00089170835 1.3065777e-19 0.11631554)
(-0.00063201248 6.2532743e-20 0.10017462)
(-0.00043066855 -1.0880371e-20 0.084409966)
(-0.00027916812 8.9094605e-21 0.069244146)
(-0.000168831 8.5736573e-21 0.054812976)
(-9.1866518e-05 7.9711382e-21 0.041191869)
(-4.1692826e-05 4.8671341e-21 0.028414104)
(-1.3022026e-05 5.8821986e-22 0.016483824)
(-7.7949789e-07 2.7928081e-22 0.0053856007)
(-0.0003306961 1.2071669e-18 0.19517796)
(-0.00082064005 1.5212697e-18 0.19558111)
(-0.0012578928 -2.7843823e-19 0.19637265)
(-0.0016809995 3.9427226e-19 0.19746008)
(-0.0020593985 1.4171384e-18 0.19876494)
(-0.0023914578 -1.1327203e-18 0.2001572)
(-0.002660903 -8.3235712e-20 0.20136912)
(-0.0028417598 -5.3589069e-19 0.2019139)
(-0.0029047345 -2.742837e-19 0.20108923)
(-0.0028312139 -6.3697499e-19 0.19812328)
(-0.0026260127 -1.2978536e-19 0.19242082)
(-0.0023196818 -2.38959e-21 0.18377602)
(-0.0019583893 -2.2987609e-20 0.17242851)
(-0.0015882773 -9.4438355e-20 0.15894678)
(-0.0012436427 -1.9368609e-19 0.14403037)
(-0.00094337386 -2.5050624e-19 0.128342)
(-0.00069376893 -3.5787126e-19 0.11242145)
(-0.00049343976 -2.4551377e-19 0.096669071)
(-0.00033735801 -1.8625179e-19 0.081363565)
(-0.00021927543 -8.5634725e-20 0.066688335)
(-0.00013291111 -5.5885823e-20 0.052755561)
(-7.2479045e-05 -3.5540854e-20 0.039625713)
(-3.297297e-05 -2.1617811e-20 0.027322685)
(-1.033163e-05 -1.1434643e-20 0.015845187)
(-6.2297068e-07 -3.493997e-21 0.0051750745)
(-0.00030464363 4.479323e-19 0.19922529)
(-0.00075472211 1.3548301e-18 0.19963244)
(-0.0011576945 7.2508362e-19 0.20043027)
(-0.0015458322 3.5111808e-19 0.20151893)
(-0.0018893803 -6.6944772e-19 0.20279624)
(-0.0021830849 -8.193473e-19 0.20407145)
(-0.0024071889 -2.8064033e-19 0.20497268)
(-0.0025355384 -3.843882e-19 0.20489908)
(-0.0025455534 -4.2103844e-19 0.20309768)
(-0.0024315449 -4.9782874e-19 0.19887336)
(-0.0022113467 -2.4061056e-19 0.19182872)
(-0.0019211779 4.031138e-20 0.18199176)
(-0.0016026149 3.3368148e-19 0.16976834)
(-0.0012904151 2.9807485e-21 0.1557764)
(-0.0010069557 -1.5817865e-19 0.14067117)
(-0.0007629596 -2.2255938e-19 0.12503238)
(-0.00056102312 -2.441824e-19 0.10932024)
(-0.00039910032 -2.1783984e-19 0.09387447)
(-0.00027292365 -1.7458883e-19 0.07893145)
(-0.00017743771 -1.3541006e-19 0.064645733)
(-0.00010757962 -1.0263385e-19 0.051110135)
(-5.8680745e-05 -7.630501e-20 0.03837254)
(-2.6702325e-05 -5.5189286e-20 0.026449052)
(-8.3691362e-06 -3.1099664e-20 0.015333873)
(-5.0505488e-07 -9.8808954e-21 0.0050065049)
(-0.00028462301 -4.4356124e-19 0.20300552)
(-0.00070221137 5.0643955e-19 0.20341566)
(-0.0010765869 4.9420858e-20 0.20421762)
(-0.0014360221 3.8614692e-19 0.20529898)
(-0.0017505013 2.2664908e-19 0.20652309)
(-0.0020110283 -5.6647861e-19 0.20762682)
(-0.0021957103 -4.0686129e-19 0.2081373)
(-0.0022808469 -6.233087e-19 0.20737422)
(-0.0022522139 -3.1431054e-19 0.20459344)
(-0.0021150514 3.8036227e-20 0.19922351)
(-0.0018945303 -1.0327931e-19 0.19105881)
(-0.0016265619 -3.559685e-21 0.18029897)
(-0.0013458688 1.0362338e-19 0.16743801)
(-0.0010782765 5.6074662e-20 0.15309518)
(-0.00083901424 -1.3969888e-21 0.13787653)
(-0.00063471419 -4.1191551e-21 0.12229934)
(-0.00046633913 4.356301e-20 0.10676795)
(-0.00033162994 -9.1796203e-21 0.091578385)
(-0.00022678059 -2.5510481e-20 0.076934935)
(-0.00014747022 -2.7323823e-20 0.062969587)
(-8.9443834e-05 -2.0407791e-20 0.049759929)
(-4.8811788e-05 -1.155403e-20 0.037343983)
(-2.2224548e-05 -1.8693225e-21 0.025731752)
(-6.9715385e-06 -1.3804832e-21 0.014913876)
(-4.2254142e-07 -4.3620839e-22 0.004867967)
(-0.00026927066 -3.6628425e-19 0.20655671)
(-0.00066174432 7.1506815e-20 0.20696963)
(-0.0010136268 -2.4442383e-19 0.20777307)
(-0.0013494779 2.6758633e-19 0.20883627)
(-0.001638378 4.8983722e-19 0.2099783)
(-0.0018685306 -2.7438574e-19 0.21085793)
(-0.0020179145 -4.6911848e-19 0.21091465)
(-0.0020673162 -6.5858476e-19 0.20942704)
(-0.0020108604 -3.9427995e-19 0.20570429)
(-0.0018616851 -1.4596751e-19 0.19931511)
(-0.0016478849 -9.4462241e-20 0.19021727)
(-0.0014023091 -9.3003256e-21 0.17872731)
(-0.0011532964 6.9987767e-20 0.1653817)
(-0.00092038722 4.6351169e-20 0.1507836)
(-0.00071443433 2.1997453e-20 0.13549516)
(-0.00053971291 1.7019383e-20 0.1199847)
(-0.00039625849 1.9158815e-20 0.10461344)
(-0.00028172711 1.5781665e-20 0.089643262)
(-0.00019267116 1.1053727e-20 0.075253233)
(-0.0001253252 8.1343561e-21 0.06155759)
(-7.6042945e-05 5.7027348e-21 0.048621927)
(-4.1518106e-05 3.2273494e-21 0.036476446)
(-1.8913606e-05 1.0871001e-21 0.025126246)
(-5.9370154e-06 6.7806745e-22 0.014559033)
(-3.6082868e-07 2.8868712e-22 0.0047508059)
(-0.000255945 -7.2632374e-19 0.20991309)
(-0.000627683 -6.7194887e-19 0.21032813)
(-0.00096046065 -9.1933278e-19 0.21112914)
(-0.0012754213 -1.4211358e-19 0.21216076)
(-0.0015407259 -7.6522876e-19 0.21318984)
(-0.0017428942 -2.9427991e-19 0.21379751)
(-0.001861339 -1.960809e-19 0.21335531)
(-0.0018821826 5.3078184e-19 0.21113589)
(-0.0018067112 -4.1060783e-20 0.20652924)
(-0.0016530035 9.256407e-20 0.19924111)
(-0.0014493255 4.1408906e-20 0.18935962)
(-0.0012247001 6.6634919e-20 0.17727858)
(-0.0010022876 1.6245458e-19 0.1635523)
(-0.00079723021 2.1372494e-19 0.1487622)
(-0.00061750153 2.726029e-19 0.13343198)
(-0.00046585871 2.1889996e-19 0.11798982)
(-0.00034176716 2.2524423e-19 0.10276197)
(-0.00024288758 1.2764255e-19 0.087982851)
(-0.00016608263 5.832541e-20 0.073811234)
(-0.00010802917 1.2238808e-21 0.060347056)
(-6.5553405e-05 -2.0764716e-21 0.047646187)
(-3.579563e-05 -6.9512195e-21 0.035732423)
(-1.6309205e-05 -1.1652034e-20 0.024606789)
(-5.1206251e-06 -6.8098155e-21 0.01425452)
(-3.1149954e-07 -2.1921436e-21 0.0046502256)
(-0.00024425007 -1.0086501e-18 0.21310793)
(-0.00059792175 -1.365456e-18 0.2135236)
(-0.00091357264 -2.1804766e-18 0.21431616)
(-0.0012093213 -6.5760322e-19 0.21529966)
(-0.0014525924 2.2960708e-19 0.21618382)
(-0.0016292079 -2.440276e-19 0.21647799)
(-0.0017210516 -1.3890952e-19 0.2155079)
(-0.0017196059 7.2983432e-20 0.2125684)
(-0.0016317395 2.2429312e-19 0.20714357)
(-0.0014781794 3.309785e-19 0.19906318)
(-0.0012859372 1.6910067e-19 0.18851633)
(-0.0010803409 -6.730927e-20 0.17594738)
(-0.00088049157 -3.8074677e-19 0.16191503)
(-0.00069834816 -3.3066337e-20 0.14697738)
(-0.00053986942 1.2688294e-19 0.13162422)
(-0.00040677915 1.6868902e-19 0.11624978)
(-0.00029818918 1.6759209e-19 0.10115134)
(-0.00021181803 1.4034361e-19 0.086540668)
(-0.00014480057 1.0835568e-19 0.07255985)
(-9.4175238e-05 7.9636044e-20 0.059297027)
(-5.7145028e-05 5.9204184e-20 0.046800005)
(-3.1204863e-05 4.5492436e-20 0.035087241)
(-1.4218534e-05 3.5634777e-20 0.02415634)
(-4.4647252e-06 1.9591321e-20 0.013990451)
(-2.7172139e-07 6.1393911e-21 0.0045629983)
(-0.00023397898 -1.2869158e-18 0.21616347)
(-0.00057170066 -1.9071927e-18 0.21657767)
(-0.0008718308 -1.1871704e-18 0.21735411)
(-0.0011497624 -2.7036162e-19 0.21827119)
(-0.0013724799 1.2117758e-18 0.21897965)
(-0.0015259845 -4.8589207e-20 0.21892674)
(-0.0015952447 -4.0355027e-19 0.21741379)
(-0.001576653 -1.2947596e-18 0.21377814)
(-0.001481135 -2.6922468e-19 0.2076012)
(-0.0013304947 -6.2407791e-20 0.19882058)
(-0.0011498754 -4.8910265e-23 0.18770267)
(-0.00096132681 -1.1769276e-19 0.17472458)
(-0.00078075574 -2.3363467e-19 0.16044169)
(-0.000617738 -1.9047753e-19 0.14538875)
(-0.00047676799 -2.003704e-19 0.13002537)
(-0.0003588491 -1.1952119e-19 0.11471669)
(-0.00026287892 -1.1756684e-19 0.09973551)
(-0.00018666336 -2.5723613e-20 0.085274606)
(-0.00012757969 2.911379e-20 0.071462098)
(-8.2969262e-05 6.9530972e-20 0.058376243)
(-5.0345832e-05 5.6770083e-20 0.046058073)
(-2.7493963e-05 4.7106002e-20 0.034521539)
(-1.2528902e-05 3.882336e-20 0.023761349)
(-3.9347285e-06 2.2015277e-20 0.013758864)
(-2.3968297e-07 7.0174189e-21 0.0044864885)
(-0.00022475989 -1.0646204e-18 0.21909561)
(-0.00054819935 5.8413529e-19 0.21950561)
(-0.00083408474 -2.5658684e-18 0.22025702)
(-0.0010953609 -2.1649395e-18 0.22108866)
(-0.0012989519 -6.4159023e-19 0.22159333)
(-0.001431745 -1.3834675e-19 0.22116785)
(-0.0014820384 -3.8423488e-19 0.21910817)
(-0.0014504417 -3.9798139e-19 0.21480721)
(-0.0013506454 6.596499e-20 0.20794091)
(-0.0012045332 -2.4005705e-19 0.19853862)
(-0.0010351979 -1.6330528e-19 0.18692579)
(-0.00086186444 -1.3808763e-19 0.17360008)
(-0.00069789297 -1.2691406e-19 0.15910901)
(-0.00055103269 -8.9152261e-20 0.14396466)
(-0.00042469033 -1.1859735e-20 0.12859968)
(-0.00031936074 -5.0409397e-20 0.11335396)
(-0.00023381904 -5.5047617e-20 0.098479383)
(-0.00016597458 -3.9624125e-20 0.084152565)
(-0.00011342075 -2.4245171e-20 0.070489774)
(-7.3757019e-05 -1.3262895e-20 0.057560871)
(-4.4756313e-05 -7.2329667e-21 0.045401116)
(-2.4442711e-05 -3.2152991e-21 0.034020604)
(-1.1139479e-05 -2.2808601e-22 0.023411542)
(-3.4988887e-06 2.3403063e-21 0.013553742)
(-2.1329689e-07 7.0697222e-22 0.0044187106)
(-0.00021634505 -7.7529593e-19 0.22191752)
(-0.00052677133 2.044289e-19 0.22231997)
(-0.00079938721 -3.0471962e-18 0.22303641)
(-0.0010449928 -2.7195602e-18 0.2237636)
(-0.0012308448 -9.4963344e-19 0.22403968)
(-0.0013452238 -3.3783585e-19 0.22322358)
(-0.0013797224 -2.6120395e-19 0.22062141)
(-0.0013384061 -4.6790409e-20 0.21568922)
(-0.0012367204 1.3253136e-19 0.20819135)
(-0.0010960318 -1.4799543e-19 0.19823439)
(-0.00093740813 -2.2603e-19 0.18618884)
(-0.00077766032 -1.5799749e-19 0.17256443)
(-0.00062809387 -1.080991e-19 0.1578981)
(-0.00049503393 -6.6803817e-20 0.14268032)
(-0.00038106797 -2.7795336e-20 0.12731955)
(-0.00028632859 -2.1877211e-20 0.11213362)
(-0.0002095287 -2.7473384e-20 0.097356284)
(-0.00014868729 -2.7726634e-20 0.083150268)
(-0.00010159036 -2.6633059e-20 0.069621643)
(-6.6058676e-05 -2.3182942e-20 0.056833043)
(-4.0084128e-05 -1.8639897e-20 0.04481474)
(-2.1891498e-05 -1.4017792e-20 0.033573481)
(-9.977201e-06 -9.5847475e-21 0.023099292)
(-3.1340874e-06 -5.4319391e-21 0.013370628)
(-1.9115582e-07 -1.7272849e-21 0.0043581984)
(-0.00020858385 -1.4002618e-18 0.22464001)
(-0.00050700025 -3.3783266e-18 0.225031)
(-0.00076714234 -3.8231418e-19 0.22570181)
(-0.00099797746 -4.1997657e-19 0.22630611)
(-0.0011674547 2.324132e-19 0.22633247)
(-0.0012655689 -2.2696996e-19 0.22511406)
(-0.0012869966 -2.2331497e-19 0.2219794)
(-0.0012385374 -3.1686535e-19 0.21645091)
(-0.0011366419 -6.8970201e-19 0.20837386)
(-0.0010018207 -2.9959797e-19 0.19791952)
(-0.00085323359 -2.5183017e-19 0.18549261)
(-0.00070563239 -2.0449204e-19 0.17160896)
(-0.00056864887 -1.7697456e-19 0.15679335)
(-0.00044748423 -1.8908439e-19 0.14151589)
(-0.0003440996 -2.3871813e-19 0.12616325)
(-0.00025836989 -1.5430324e-19 0.11103379)
(-0.00018898478 -1.0964019e-19 0.096345457)
(-0.00013407238 -8.2113638e-20 0.082248871)
(-9.1590813e-05 -6.2970606e-20 0.068841239)
(-5.9552135e-05 -4.8967784e-20 0.056178895)
(-3.613514e-05 -3.778269e-20 0.04428776)
(-1.9735023e-05 -2.8168246e-20 0.033171644)
(-8.994707e-06 -2.0672608e-20 0.022818655)
(-2.8257317e-06 -1.4258865e-20 0.013206041)
(-1.7247068e-07 -4.5181414e-21 0.0043038037)
(-0.00020135453 -1.4261347e-18 0.22727175)
(-0.00048858004 -3.6869805e-19 0.22764691)
(-0.00073693599 -1.8516978e-18 0.22826105)
(-0.00095385756 -3.8114962e-19 0.22872511)
(-0.0011082901 -1.3498761e-18 0.22848428)
(-0.0011921117 -3.2935905e-19 0.22685719)
(-0.0012027777 -1.6034753e-19 0.22320386)
(-0.0011491871 1.7039064e-19 0.21711352)
(-0.0010482526 -5.8429222e-20 0.20850443)
(-0.00091945488 -2.5046076e-19 0.1976019)
(-0.00078019969 -2.7143481e-19 0.18483647)
(-0.00064348001 -2.5181753e-19 0.17072579)
(-0.00051755187 -2.334754e-19 0.1557817)
(-0.00040672013 -2.2774043e-19 0.14045518)
(-0.00031246365 -2.1648459e-19 0.12511326)
(-0.00023447183 -1.7818704e-19 0.11003698)
(-0.00017143745 -1.4166156e-19 0.095430353)
(-0.00012159492 -1.1185373e-19 0.081433366)
(-8.3055862e-05 -8.7351985e-20 0.068135442)
(-5.3999249e-05 -6.7107394e-20 0.055587378)
(-3.2765146e-05 -5.039794e-20 0.043811255)
(-1.7894709e-05 -3.6123126e-20 0.032808287)
(-8.1561702e-06 -2.4135423e-20 0.022564877)
(-2.5624192e-06 -1.3734374e-20 0.013057194)
(-1.5644506e-07 -4.3574276e-21 0.0042546067)
(-0.0001945596 -1.4174329e-18 0.22981984)
(-0.00047127056 1.1646827e-19 0.23017445)
(-0.00070844717 -2.2845051e-18 0.23072081)
(-0.00091227781 -8.9321217e-19 0.23102867)
(-0.0010529426 -1.2215903e-18 0.23050668)
(-0.0011242523 -4.9637106e-19 0.22846884)
(-0.0011260971 -2.9861274e-19 0.22431311)
(-0.0010689404 -4.029301e-19 0.21769404)
(-0.00096977496 -2.650171e-20 0.20859517)
(-0.0008469774 -1.6653402e-19 0.19728686)
(-0.00071636131 -2.4213079e-19 0.18421897)
(-0.00058941452 -2.5135899e-19 0.16990785)
(-0.00047325488 -2.3936827e-19 0.15485213)
(-0.00037146419 -2.2123219e-19 0.13948488)
(-0.00028514558 -1.941317e-19 0.12415531)
(-0.00021385705 -1.6689268e-19 0.10912903)
(-0.00015631072 -1.3924015e-19 0.094597615)
(-0.0001108426 -1.1217233e-19 0.080691666)
(-7.5702451e-05 -8.9080829e-20 0.067493702)
(-4.9215505e-05 -6.9267431e-20 0.05504961)
(-2.9861966e-05 -5.2889928e-20 0.043378058)
(-1.6309347e-05 -3.852424e-20 0.032477945)
(-7.433772e-06 -2.5722211e-20 0.022334142)
(-2.3355462e-06 -1.4537896e-20 0.012921853)
(-1.4265019e-07 -4.6114836e-21 0.0042098696)
(-0.00018812446 -1.9590383e-18 0.23229021)
(-0.00045488814 -3.6496748e-18 0.23261931)
(-0.00068143503 -1.8156428e-19 0.23308694)
(-0.00087296709 -6.6420731e-19 0.23322423)
(-0.0010010735 6.1239549e-19 0.23241028)
(-0.0010614616 -3.5881996e-19 0.22996303)
(-0.001056108 -5.5942967e-19 0.22532259)
(-0.00099660348 -1.2252322e-18 0.21820614)
(-0.00089975527 -9.5676749e-19 0.20865534)
(-0.00078282346 -4.0164902e-19 0.19697803)
(-0.00066018863 -2.7491396e-19 0.18363824)
(-0.00054204463 -2.4073138e-19 0.16914887)
(-0.00043456003 -2.1872882e-19 0.15399529)
(-0.0003407305 -1.9702439e-19 0.1385939)
(-0.00026136438 -1.7059911e-19 0.12327769)
(-0.00019592717 -1.45336e-19 0.10829833)
(-0.00014316148 -1.2227242e-19 0.093836357)
(-0.00010149907 -1.0020902e-19 0.080013939)
(-6.9313445e-05 -8.0918977e-20 0.066907448)
(-4.5059333e-05 -6.352762e-20 0.054558383)
(-2.7339563e-05 -4.8821674e-20 0.042982356)
(-1.4931601e-05 -3.5983945e-20 0.032176182)
(-6.8059729e-06 -2.4232137e-20 0.022123357)
(-2.1384709e-06 -1.3744704e-20 0.012798205)
(-1.3065158e-07 -4.3824141e-21 0.004168994)
(-0.00018199354 -1.606263e-18 0.23468782)
(-0.00043929576 -1.0168871e-18 0.23498635)
(-0.00065572241 -1.657816e-18 0.23536465)
(-0.00083572054 -8.3061304e-19 0.23531868)
(-0.00095240197 -9.5365799e-19 0.23420483)
(-0.0010032761 -4.5717002e-19 0.2313521)
(-0.00099207681 -5.7197381e-19 0.22624531)
(-0.00093117076 -4.8656671e-19 0.21866093)
(-0.00083700045 -4.5009248e-19 0.20869209)
(-0.00072573295 -4.2258583e-19 0.19667781)
(-0.00061046288 -3.0778541e-19 0.18309224)
(-0.00050027026 -2.4309582e-19 0.16844327)
(-0.00040052745 -2.0495064e-19 0.15320324)
(-0.00031374966 -1.7710896e-19 0.13777297)
(-0.00024051319 -1.5189045e-19 0.12247063)
(-0.00018021934 -1.2855457e-19 0.10753532)
(-0.00013164761 -1.082763e-19 0.093137596)
(-9.3320136e-05 -8.9495265e-20 0.079392082)
(-6.3722164e-05 -7.2376588e-20 0.06636962)
(-4.1422647e-05 -5.6861811e-20 0.054107762)
(-2.5132555e-05 -4.3986642e-20 0.04261936)
(-1.3726308e-05 -3.2463445e-20 0.031899349)
(-6.2566117e-06 -2.1955891e-20 0.021929973)
(-1.9658707e-06 -1.2469856e-20 0.012684756)
(-1.2012605e-07 -3.9699182e-21 0.004131487)
(-0.00017612344 -1.3596449e-18 0.23701686)
(-0.00042438871 1.1408539e-19 0.23727973)
(-0.00063117529 -1.6257292e-18 0.23755867)
(-0.00080037438 -1.2089516e-18 0.23731841)
(-0.00090668314 -2.4414221e-18 0.23589922)
(-0.00094928215 -8.1416128e-19 0.23264693)
(-0.00093336256 -4.9656008e-19 0.22709232)
(-0.00087178928 -2.1843205e-19 0.21906744)
(-0.0007805216 -2.3250288e-19 0.20871095)
(-0.00067467874 -2.6636283e-19 0.19638773)
(-0.00056620465 -2.5223547e-19 0.18257886)
(-0.00046321564 -2.2154839e-19 0.16778613)
(-0.00037041226 -1.9668739e-19 0.15246915)
(-0.00028991421 -1.7192645e-19 0.13701422)
(-0.00022211335 -1.4847862e-19 0.12172594)
(-0.00016636824 -1.2702517e-19 0.10683197)
(-0.0001214994 -1.0714731e-19 0.092493838)
(-8.6112988e-05 -8.8236943e-20 0.07881935)
(-5.8795373e-05 -7.1432733e-20 0.06587435)
(-3.8218235e-05 -5.6186195e-20 0.053692813)
(-2.3187968e-05 -4.3115951e-20 0.042285093)
(-1.2664216e-05 -3.205421e-20 0.031644411)
(-5.772489e-06 -2.1801181e-20 0.021751872)
(-1.8137662e-06 -1.2423999e-20 0.012580266)
(-1.1080271e-07 -3.968793e-21 0.0040969386)
(-0.00017048111 -1.758356e-18 0.23928093)
(-0.0004100865 -2.785057e-18 0.23950313)
(-0.00060768947 7.8044146e-20 0.23967334)
(-0.00076679215 -1.3453783e-18 0.23922939)
(-0.00086369692 -4.5503797e-19 0.23750153)
(-0.00089910701 -6.9746398e-19 0.23385706)
(-0.00087940354 -6.2860679e-19 0.22787298)
(-0.00081773105 -1.0138391e-18 0.2194331)
(-0.00072949281 -8.8664857e-19 0.20871625)
(-0.00062881677 -4.5785296e-19 0.19610873)
(-0.00052661652 -2.9081987e-19 0.18209603)
(-0.0004301728 -2.0046789e-19 0.16717306)
(-0.00034361615 -1.3986168e-19 0.15178712)
(-0.00026873799 -1.0913996e-19 0.13631097)
(-0.00020578359 -9.4692551e-20 0.1210367)
(-0.00015408414 -8.070815e-20 0.10618153)
(-0.00011250373 -6.9761214e-20 0.09189879)
(-7.9726819e-05 -5.8976203e-20 0.078290084)
(-5.4431029e-05 -4.8379347e-20 0.065416712)
(-3.5380052e-05 -3.8498919e-20 0.0533094)
(-2.1465744e-05 -2.9554718e-20 0.04197622)
(-1.1723785e-05 -2.1643554e-20 0.031408827)
(-5.3440606e-06 -1.471248e-20 0.021587279)
(-1.6792595e-06 -8.3730063e-21 0.012483693)
(-1.0268913e-07 -2.6726157e-21 0.0040650054)
(-0.0001650411 -2.0187366e-18 0.24148312)
(-0.00039632808 -3.2029548e-18 0.24165981)
(-0.00058518305 -4.1033884e-19 0.24171265)
(-0.00073485728 -8.2862359e-19 0.24105715)
(-0.00082324563 -6.0511543e-19 0.2390191)
(-0.00085241576 -5.9469825e-19 0.23499091)
(-0.0008297069 -5.4066862e-19 0.22859528)
(-0.00076837353 -3.0182588e-19 0.21976402)
(-0.00068321997 -3.4578785e-19 0.20871137)
(-0.00058744508 1.4108962e-19 0.19584133)
(-0.00049104145 -1.78408e-19 0.18164175)
(-0.00040056181 -3.254728e-19 0.16660018)
(-0.00031965002 -5.3018804e-19 0.15115207)
(-0.00024982355 -4.1718894e-19 0.13565748)
(-0.00019121067 -3.375461e-19 0.12039699)
(-0.00014312816 -3.3387139e-19 0.10557826)
(-0.00010448331 -2.2583612e-19 0.091347112)
(-7.4033802e-05 -1.6077101e-19 0.077799487)
(-5.0540682e-05 -1.1997298e-19 0.06499254)
(-3.2850081e-05 -9.1591421e-20 0.052954024)
(-1.9930602e-05 -7.0238033e-20 0.041689919)
(-1.0885305e-05 -5.2465938e-20 0.031190445)
(-4.9619011e-06 -3.734438e-20 0.021434693)
(-1.5592535e-06 -2.4034966e-20 0.012394158)
(-9.5351337e-08 -7.9921649e-21 0.0040353966)
(-0.00015978436 -2.2099396e-18 0.24362616)
(-0.00038306648 -2.8965444e-18 0.2437527)
(-0.00056359079 -5.9586516e-19 0.24368033)
(-0.00070446836 -1.1412713e-19 0.24280686)
(-0.00078514899 -1.0714521e-18 0.24045863)
(-0.00080890734 -6.9248405e-19 0.23605587)
(-0.00078384041 -3.9299002e-19 0.22926606)
(-0.00072318228 2.073564e-20 0.22006527)
(-0.00064111858 1.8570294e-19 0.208699)
(-0.00054998214 2.7738378e-19 0.19558574)
(-0.00045894027 -3.7527403e-20 0.18121414)
(-0.0003739093 -2.8042189e-19 0.16606404)
(-0.00029811656 -4.4443699e-19 0.15055953)
(-0.00023284986 -4.637952e-19 0.1350488)
(-0.00017814413 -4.1265745e-19 0.11980176)
(-0.00013330993 -3.5904857e-19 0.10501726)
(-9.729855e-05 -2.963779e-19 0.090834244)
(-6.8935475e-05 -2.4006435e-19 0.077343469)
(-4.7057452e-05 -1.9327202e-19 0.064598282)
(-3.0585173e-05 -1.5281515e-19 0.052623702)
(-1.8556092e-05 -1.1846925e-19 0.041423788)
(-1.0134587e-05 -8.7601721e-20 0.030987432)
(-4.6197927e-06 -5.946368e-20 0.021292835)
(-1.4518367e-06 -3.3992378e-20 0.012310912)
(-8.883282e-08 -1.0881631e-20 0.004007865)
(-0.00015469574 -2.1997232e-18 0.24571244)
(-0.00037026493 -2.4986846e-18 0.24578448)
(-0.0005428593 -7.1382017e-19 0.24557986)
(-0.00067553552 -4.7248509e-19 0.24448332)
(-0.00074924234 3.350094e-19 0.24182617)
(-0.00076831064 -5.2228784e-19 0.23705849)
(-0.00074142374 -4.5909747e-19 0.22989118)
(-0.000681695 -6.9387332e-19 0.2203411)
(-0.00060268834 -3.5252238e-19 0.20868124)
(-0.00051593306 -5.2220155e-19 0.19534195)
(-0.00042985683 -1.9817559e-19 0.1808114)
(-0.00034981799 -1.1434335e-19 0.16556156)
(-0.00027868387 5.7370812e-20 0.15000562)
(-0.00021754933 -4.967438e-20 0.13448063)
(-0.00016637495 -1.0039246e-19 0.11924661)
(-0.00012447115 -6.2892525e-20 0.1044943)
(-9.0832634e-05 -1.2074169e-19 0.090356268)
(-6.4348025e-05 -1.3292028e-19 0.076918519)
(-4.392332e-05 -1.2490622e-19 0.064230888)
(-2.8547054e-05 -1.0722245e-19 0.052315876)
(-1.7319316e-05 -8.5139175e-20 0.041175765)
(-9.4593512e-06 -6.2578567e-20 0.030798218)
(-4.3122309e-06 -4.0889979e-20 0.021160607)
(-1.355219e-06 -2.0667795e-20 0.01223331)
(-8.2937793e-08 -6.2996392e-21 0.003982198)
(-0.00014976452 -2.1567575e-18 0.24774412)
(-0.00035789444 -2.3114044e-18 0.24775759)
(-0.00052294226 -1.0166726e-18 0.2474145)
(-0.00064797579 -1.155354e-18 0.24609098)
(-0.00071537373 -3.4181424e-19 0.24312722)
(-0.00073038053 -5.2184069e-19 0.23800455)
(-0.00070212097 -4.796356e-19 0.23047569)
(-0.00064351355 -3.1462788e-19 0.22059503)
(-0.00056750712 -6.0855002e-19 0.20865975)
(-0.0004848862 -6.0105333e-19 0.19510982)
(-0.00040341573 -3.3636056e-19 0.18043187)
(-0.00032796153 -1.5154413e-19 0.16508999)
(-0.00026108004 -3.2457171e-20 0.1494869)
(-0.00020370324 -2.5779566e-20 0.13394922)
(-0.00015573154 -4.8006632e-20 0.11872776)
(-0.00011648136 -5.8127033e-20 0.1040057)
(-8.4989324e-05 -6.8724455e-20 0.089909792)
(-6.020276e-05 -6.9266745e-20 0.076521598)
(-4.1091498e-05 -6.2859878e-20 0.063887724)
(-2.6706087e-05 -5.3354086e-20 0.052028336)
(-1.6202436e-05 -4.3014029e-20 0.040944069)
(-8.8492102e-06 -3.2218028e-20 0.030621444)
(-4.0339325e-06 -2.1871565e-20 0.021037063)
(-1.2677846e-06 -1.2451932e-20 0.012160798)
(-7.7625915e-08 -3.9731906e-21 0.0039582122)
(-0.00014498185 -1.4867484e-18 0.24972315)
(-0.00034593306 -2.0004807e-18 0.24967434)
(-0.00050380183 -1.2517404e-18 0.24918734)
(-0.00062171441 -1.3950023e-18 0.24763399)
(-0.00068340392 -9.5219771e-19 0.24436677)
(-0.00069489661 -6.1285688e-19 0.23889916)
(-0.00066563682 -5.0490874e-19 0.23102398)
(-0.00060829182 -2.9709878e-21 0.22083006)
(-0.00053521039 -5.8676842e-19 0.20863586)
(-0.00045648939 -6.5248953e-19 0.19488908)
(-0.00037929549 -4.6216689e-19 0.18007404)
(-0.00030806163 -2.6993553e-19 0.16464687)
(-0.00024507442 -1.6031776e-19 0.14900037)
(-0.00019112582 -1.1042464e-19 0.13345129)
(-0.00014606925 -8.7879327e-20 0.11824187)
(-0.00010923148 -7.6674258e-20 0.10354829)
(-7.9688803e-05 -6.6967237e-20 0.089491865)
(-5.6443517e-05 -5.6343862e-20 0.07615007)
(-3.852403e-05 -4.6034974e-20 0.063566501)
(-2.5036896e-05 -3.645828e-20 0.051759162)
(-1.5189698e-05 -2.8059991e-20 0.040727153)
(-8.2962324e-06 -2.0762707e-20 0.030455932)
(-3.7819695e-06 -1.4067954e-20 0.020921379)
(-1.1887143e-06 -7.9756993e-21 0.012092894)
(-7.2870466e-08 -2.5397303e-21 0.0039357483)
(-0.00014034039 -6.7121612e-18 0.25165131)
(-0.00033436139 -2.4611014e-18 0.25153684)
(-0.00048540243 -1.4200248e-18 0.25090126)
(-0.00059668116 -1.2261323e-18 0.24911621)
(-0.00065320404 -5.0890202e-19 0.24554936)
(-0.00066165866 -4.1956242e-19 0.23974687)
(-0.0006317078 7.2371385e-20 0.23153984)
(-0.00057572701 -4.4456435e-19 0.22104869)
(-0.00050548366 -3.3274641e-19 0.20861063)
(-0.00043043979 3.5401748e-19 0.19467942)
(-0.00035722415 -1.9077324e-19 0.17973645)
(-0.00028988479 -2.2621676e-19 0.16423)
(-0.00023047277 -1.7123337e-19 0.14854333)
(-0.00017966196 -1.0790434e-19 0.13298394)
(-0.00013726831 -4.3669515e-20 0.11778602)
(-0.00010263022 2.5411213e-20 0.10311926)
(-7.486343e-05 1.063018e-19 0.089099903)
(-5.3021597e-05 6.2115037e-20 0.075801624)
(-3.6186807e-05 3.8093165e-20 0.063265221)
(-2.351736e-05 2.4613279e-20 0.051506678)
(-1.426757e-05 1.6647417e-20 0.040523668)
(-7.792478e-06 1.1473876e-20 0.030300653)
(-3.5523829e-06 7.5618172e-21 0.020812836)
(-1.1165712e-06 4.3259059e-21 0.012029176)
(-6.8429525e-08 1.393888e-21 0.0039146672)
(-0.00013583554 -5.9973413e-18 0.25353027)
(-0.00032316519 -3.0270399e-18 0.25334709)
(-0.00046771344 -1.5656171e-18 0.25255898)
(-0.00057281085 -1.0627705e-18 0.2505412)
(-0.00062465508 -2.8765541e-19 0.24667911)
(-0.0006304866 -2.1305147e-19 0.24055171)
(-0.00060010076 5.6652121e-20 0.23202658)
(-0.00054555343 -6.7858531e-19 0.22125307)
(-0.00047805429 -2.4174521e-19 0.20858488)
(-0.00040647837 1.5666249e-19 0.19448048)
(-0.00033696794 -2.0521203e-20 0.1794178)
(-0.00027322956 -1.0801418e-19 0.1638374)
(-0.0002171081 -1.0327074e-19 0.1481134)
(-0.00016917689 -6.6005784e-20 0.1325446)
(-0.00012922285 -2.0912724e-20 0.11735765)
(-9.6597649e-05 1.7790083e-20 0.10271616)
(-7.0454905e-05 4.2112863e-20 0.088731645)
(-4.9895831e-05 4.4072183e-20 0.075474238)
(-3.4052032e-05 3.8916309e-20 0.062982129)
(-2.2129373e-05 3.2035839e-20 0.051269415)
(-1.342539e-05 2.5361201e-20 0.04033243)
(-7.3325174e-06 1.9132291e-20 0.030154705)
(-3.3426697e-06 1.3049303e-20 0.020710806)
(-1.0506071e-06 7.4777723e-21 0.011969276)
(-6.43322e-08 2.40236e-21 0.0038948471)
(-0.00013146256 8.8147516e-19 0.25536158)
(-0.00031233068 -2.6874001e-18 0.255107)
(-0.0004507052 -1.6350608e-18 0.25416309)
(-0.00055004119 -1.0038769e-18 0.25191228)
(-0.00059764637 -4.0278627e-19 0.24775977)
(-0.00060121691 -2.8725149e-19 0.2413173)
(-0.00057060975 -6.862889e-19 0.23248708)
(-0.00051754123 -4.0808493e-19 0.22144502)
(-0.00045268689 -4.6691926e-19 0.20855926)
(-0.00038438135 -9.6960609e-19 0.19429185)
(-0.00031832719 -3.1579334e-19 0.17911686)
(-0.00025792561 -1.5171293e-19 0.16346726)
(-0.00020484115 -1.0138466e-19 0.14770846)
(-0.00015956075 -8.2606886e-20 0.132131)
(-0.00012184757 -8.5095115e-20 0.11695448)
(-9.106945e-05 -1.1138543e-19 0.10233681)
(-6.6415875e-05 -1.6518124e-19 0.088385082)
(-4.7032072e-05 -1.0407475e-19 0.075166123)
(-3.209629e-05 -6.7971035e-20 0.062715675)
(-2.0858047e-05 -4.6101903e-20 0.051046074)
(-1.2653936e-05 -3.253213e-20 0.040152394)
(-6.9110721e-06 -2.2626497e-20 0.03001729)
(-3.1505129e-06 -1.4898326e-20 0.020614732)
(-9.9019564e-07 -8.4100252e-21 0.011912867)
(-6.063626e-08 -2.6797951e-21 0.0038761803)
(-0.00012721774 3.578003e-19 0.25714667)
(-0.00030184569 -2.2738026e-18 0.25681835)
(-0.00043435043 -1.6292284e-18 0.25571601)
(-0.00052831512 -1.0356754e-18 0.25323254)
(-0.00057207724 -5.3996311e-19 0.24879474)
(-0.00057370123 -4.2895857e-19 0.24204685)
(-0.00054304789 -7.5888426e-19 0.23292388)
(-0.0004914831 -6.2155747e-19 0.22162609)
(-0.00042917402 -5.9811842e-19 0.20853432)
(-0.00036395454 -7.2573142e-19 0.19411315)
(-0.00030112839 -4.2477593e-19 0.17883253)
(-0.00024382507 -2.3336599e-19 0.16311798)
(-0.00019354966 -1.5035349e-19 0.14732659)
(-0.00015071502 -1.1894454e-19 0.13174112)
(-0.00011506673 -1.1110726e-19 0.1165745)
(-8.5988581e-05 -1.1121424e-19 0.10197928)
(-6.2704508e-05 -1.0721586e-19 0.088058443)
(-4.440139e-05 -9.1975704e-20 0.074875696)
(-3.0299988e-05 -7.5968778e-20 0.062464491)
(-1.9690433e-05 -6.0758258e-20 0.050835506)
(-1.1945521e-05 -4.6992972e-20 0.039982634)
(-6.5241454e-06 -3.4541005e-20 0.029887705)
(-2.9741753e-06 -2.3384012e-20 0.020524123)
(-9.3488362e-07 -1.3296599e-20 0.011859661)
(-5.7291032e-08 -4.2408832e-21 0.0038585715)
(-0.00012309774 -7.1307013e-19 0.25888695)
(-0.00029170057 -2.0488584e-18 0.25848285)
(-0.00041862374 -1.6557288e-18 0.25722003)
(-0.00050757721 -1.1231766e-18 0.25450484)
(-0.00054785279 -6.9166238e-19 0.24978715)
(-0.0005478055 -5.3509216e-19 0.24274324)
(-0.0005172514 -6.9922974e-19 0.23333922)
(-0.00046720021 -8.9948362e-19 0.22179762)
(-0.00040733536 -6.3287499e-19 0.20851044)
(-0.00034502903 -5.7543308e-19 0.19394395)
(-0.00028522287 -4.1400074e-19 0.17856375)
(-0.00023080248 -2.7272369e-19 0.16278809)
(-0.00018313153 -1.8820141e-19 0.14696609)
(-0.00014255863 -1.4441393e-19 0.13137313)
(-0.00010881658 -1.1952557e-19 0.11621587)
(-8.1306527e-05 -1.0267485e-19 0.10164185)
(-5.9284797e-05 -8.9348693e-20 0.087750145)
(-4.1977461e-05 -7.8315296e-20 0.074601548)
(-2.8644848e-05 -6.6443098e-20 0.062227358)
(-1.861445e-05 -5.3911545e-20 0.050636691)
(-1.1292876e-05 -4.2170629e-20 0.03982233)
(-6.1679292e-06 -3.1102783e-20 0.029765323)
(-2.811913e-06 -2.1072812e-20 0.02043854)
(-8.8383747e-07 -1.1979178e-20 0.011809401)
(-5.4135812e-08 -3.8178387e-21 0.0038419363)
(-0.00011910033 -1.4535873e-18 0.26058371)
(-0.00028188566 -2.0254957e-18 0.26010212)
(-0.00040350074 -1.6876134e-18 0.25867732)
(-0.00048777685 -1.2103969e-18 0.25573184)
(-0.00052488627 -8.4671614e-19 0.25073982)
(-0.0005234069 -6.3777307e-19 0.24340906)
(-0.00049307103 -7.0728007e-19 0.23373504)
(-0.00044453111 -7.8668954e-19 0.22196076)
(-0.00038701128 -6.3849021e-19 0.20848794)
(-0.00032745701 -5.1839296e-19 0.19378386)
(-0.00027048012 -4.0897163e-19 0.17830957)
(-0.0002187459 -3.3126704e-19 0.16247625)
(-0.00017349398 -2.7463643e-19 0.14662541)
(-0.0001350179 -2.1110771e-19 0.13102541)
(-0.00010304054 -1.6932665e-19 0.11587701)
(-7.6980613e-05 -1.3821239e-19 0.10132298)
(-5.6125863e-05 -1.1232501e-19 0.087458777)
(-3.9738644e-05 -9.3136384e-20 0.07434242)
(-2.7116236e-05 -7.5857651e-20 0.062003186)
(-1.7620755e-05 -6.0444417e-20 0.050448718)
(-1.0689827e-05 -4.6751133e-20 0.039670747)
(-5.8384249e-06 -3.4318677e-20 0.029649584)
(-2.6615935e-06 -2.3177671e-20 0.020357595)
(-8.3664264e-07 -1.3168465e-20 0.01176186)
(-5.1303126e-08 -4.200207e-21 0.0038261989)
(-0.00011522227 -1.8351763e-18 0.26223822)
(-0.00027239151 -2.0484632e-18 0.26167772)
(-0.00038895812 -1.682374e-18 0.26008992)
(-0.00046886544 -1.2930921e-18 0.256916)
(-0.00050309726 -9.383806e-19 0.25165535)
(-0.00050039529 -6.0883861e-19 0.24404663)
(-0.0004703759 -1.6701609e-19 0.2341131)
(-0.00042333513 -1.1726433e-19 0.2221165)
(-0.00036806355 -4.9306287e-19 0.20846708)
(-0.00031111017 -4.6052083e-19 0.19363247)
(-0.00025678612 -3.5974622e-19 0.17806911)
(-0.00020755993 -2.0579074e-19 0.16218126)
(-0.00016455974 2.8498211e-20 0.14630315)
(-0.00012803119 -7.8030547e-20 0.13069649)
(-9.7691038e-05 -1.063745e-19 0.11555644)
(-7.2975478e-05 -1.0483377e-19 0.1010213)
(-5.3201729e-05 -9.5075904e-20 0.087183074)
(-3.766635e-05 -8.3504561e-20 0.074097187)
(-2.5701539e-05 -6.9754369e-20 0.061791002)
(-1.6701288e-05 -5.5887463e-20 0.05027077)
(-1.0131908e-05 -4.2822873e-20 0.039527229)
(-5.5337604e-06 -3.0633097e-20 0.02953999)
(-2.5228026e-06 -1.939265e-20 0.020280937)
(-7.9294932e-07 -8.8622099e-21 0.011716833)
(-4.856449e-08 -2.9179671e-21 0.0038112919)
(-0.00011146141 -1.989868e-18 0.26385169)
(-0.00026320933 -2.1324712e-18 0.26321113)
(-0.00037497292 -1.7408794e-18 0.26145976)
(-0.00045079671 -1.3031588e-18 0.25805962)
(-0.00048241097 -9.5951421e-19 0.25253613)
(-0.00047866857 -5.5130171e-19 0.24465805)
(-0.00044904529 -6.4616354e-20 0.23447493)
(-0.00040348489 3.3334349e-19 0.22226569)
(-0.00035036619 -2.6819733e-19 0.20844803)
(-0.00029587278 -3.5184721e-19 0.19348941)
(-0.00024404093 -2.7232976e-19 0.17784155)
(-0.00019715977 -1.3587838e-19 0.16190201)
(-0.000156259 -1.4406489e-20 0.14599805)
(-0.00012154337 -1.805337e-20 0.13038505)
(-9.2725462e-05 -3.7172853e-20 0.11525286)
(-6.9258745e-05 -4.7108757e-20 0.10073557)
(-5.0488596e-05 -4.8673241e-20 0.086921898)
(-3.5744179e-05 -4.5095845e-20 0.073864837)
(-2.4389391e-05 -3.9169343e-20 0.06158993)
(-1.5848328e-05 -3.2086111e-20 0.050102115)
(-9.6144838e-06 -2.5218055e-20 0.039391186)
(-5.2511946e-06 -1.8759525e-20 0.029436089)
(-2.393974e-06 -1.2706721e-20 0.020208254)
(-7.5253597e-07 -7.20461e-21 0.011674135)
(-4.6139356e-08 -2.2972575e-21 0.0037971545)
(-0.0001078149 -2.0158096e-18 0.26542529)
(-0.00025433063 -2.200988e-18 0.26470378)
(-0.00036152381 -1.7570463e-18 0.26278869)
(-0.00043352764 -1.3133363e-18 0.25916485)
(-0.0004627586 -9.9543448e-19 0.25338431)
(-0.00045813543 -5.8311311e-19 0.24524521)
(-0.00042897183 -6.3686085e-19 0.2348219)
(-0.00038486632 -5.8260379e-19 0.22240909)
(-0.00033380928 -3.5763218e-19 0.20843092)
(-0.00028164424 -3.2700456e-19 0.19335429)
(-0.00023215507 -2.8646565e-19 0.17762612)
(-0.00018746978 -2.8480713e-19 0.16163749)
(-0.00014853035 -4.0367375e-19 0.14570896)
(-0.00011550527 -2.2249945e-19 0.13008988)
(-8.8104892e-05 -1.3789828e-19 0.11496509)
(-6.5800214e-05 -9.3671989e-20 0.10046465)
(-4.7963932e-05 -6.8698466e-20 0.086674221)
(-3.3955086e-05 -5.234262e-20 0.073644453)
(-2.3167741e-05 -4.1479841e-20 0.06139918)
(-1.5054324e-05 -3.3427322e-20 0.049942091)
(-9.1327132e-06 -2.6600483e-20 0.039262084)
(-4.9878596e-06 -2.0601356e-20 0.029337477)
(-2.2738548e-06 -1.5339199e-20 0.020139261)
(-7.148068e-07 -1.0938742e-20 0.011633601)
(-4.3835177e-08 -3.4065507e-21 0.0037837318)
(-0.00010428077 -2.1215743e-18 0.26696013)
(-0.00024574692 -2.2390608e-18 0.26615702)
(-0.00034858988 -1.7785886e-18 0.26407841)
(-0.00041701774 -1.3405517e-18 0.26023367)
(-0.00044407611 -9.795985e-19 0.2542019)
(-0.00043871096 -6.4694357e-19 0.24580983)
(-0.00041005864 -7.3004051e-19 0.23515523)
(-0.00036737922 -9.8931474e-19 0.22254734)
(-0.00031829564 -4.836286e-19 0.20841587)
(-0.00026833558 -3.5113725e-19 0.19322675)
(-0.00022105233 -3.2744176e-19 0.17742214)
(-0.00017842714 -3.4974963e-19 0.16138678)
(-0.00014132272 -3.6551622e-19 0.14543483)
(-0.000109877 -2.8712983e-19 0.1298099)
(-8.3799838e-05 -2.1303471e-19 0.11469205)
(-6.2579011e-05 -1.5982718e-19 0.10020755)
(-4.5612881e-05 -1.2213477e-19 0.086439113)
(-3.2289473e-05 -9.505877e-20 0.073435209)
(-2.2030821e-05 -7.4707747e-20 0.061218037)
(-1.4315156e-05 -5.8362005e-20 0.0497901)
(-8.684006e-06 -4.4875392e-20 0.039139445)
(-4.7428607e-06 -3.3005897e-20 0.029243787)
(-2.162155e-06 -2.2409386e-20 0.020073704)
(-6.7960902e-07 -1.2793384e-20 0.01159508)
(-4.1673693e-08 -4.0955398e-21 0.0037709745)
(-0.00010085616 -2.1155976e-18 0.26845732)
(-0.00023745003 -2.3751798e-18 0.26757218)
(-0.00033615042 -1.8159569e-18 0.26533058)
(-0.00040122746 -1.3635477e-18 0.26126794)
(-0.00042630465 -1.0247824e-18 0.25499072)
(-0.00042031958 -7.2253879e-19 0.24635345)
(-0.00039221823 -7.4755827e-19 0.23547603)
(-0.00035093223 -7.9820854e-19 0.222681)
(-0.00030373721 -5.4619397e-19 0.20840294)
(-0.00025586703 -3.9336249e-19 0.19310646)
(-0.00021066262 -3.529449e-19 0.17722895)
(-0.00016997214 -3.4543641e-19 0.16114903)
(-0.00013458752 -3.1889478e-19 0.1451747)
(-0.0001046196 -2.7592578e-19 0.12954412)
(-7.9779529e-05 -2.2945341e-19 0.11443277)
(-5.9571747e-05 -1.8757746e-19 0.099963329)
(-4.3418617e-05 -1.5178213e-19 0.086215735)
(-3.0735322e-05 -1.2385154e-19 0.073236359)
(-2.0970333e-05 -1.0029548e-19 0.061045856)
(-1.3626213e-05 -7.957578e-20 0.049645602)
(-8.2663958e-06 -6.1655786e-20 0.039022831)
(-4.5148489e-06 -4.5455158e-20 0.029154688)
(-2.0582216e-06 -3.0798738e-20 0.020011351)
(-6.4701869e-07 -1.7567956e-20 0.011558438)
(-3.9699287e-08 -5.6146385e-21 0.0037588377)
(-9.7538825e-05 -2.2050397e-18 0.26991791)
(-0.0002294319 -2.428035e-18 0.26895051)
(-0.00032418628 -1.8376186e-18 0.26654673)
(-0.00038612079 -1.4288468e-18 0.26226939)
(-0.00040938835 -1.0809996e-18 0.25575247)
(-0.00040288924 -8.3683192e-19 0.24687748)
(-0.00037537009 -9.2440627e-19 0.23578525)
(-0.00033544277 -9.3351833e-19 0.22281057)
(-0.00029005475 -6.8179797e-19 0.20839216)
(-0.00024416696 -4.9943518e-19 0.19299308)
(-0.00020092505 -4.1700161e-19 0.17704595)
(-0.00016205461 -3.8639794e-19 0.16092346)
(-0.0001282839 -3.609781e-19 0.14492771)
(-9.9701141e-05 -3.1138463e-19 0.12929162)
(-7.6019292e-05 -2.630093e-19 0.11418636)
(-5.6759166e-05 -2.2075558e-19 0.099731157)
(-4.1366464e-05 -1.8319614e-19 0.086003316)
(-2.9281508e-05 -1.5113033e-19 0.073047219)
(-1.9977873e-05 -1.2331301e-19 0.060882048)
(-1.2981027e-05 -9.8716571e-20 0.049508103)
(-7.8748177e-06 -7.6548332e-20 0.038911848)
(-4.3010151e-06 -5.6359894e-20 0.029069877)
(-1.9607045e-06 -3.8167764e-20 0.01995199)
(-6.1629153e-07 -2.1734669e-20 0.011523551)
(-3.7784804e-08 -6.9370713e-21 0.0037472806)
(-9.4326262e-05 -2.1834561e-18 0.27134293)
(-0.00022168392 -2.3834077e-18 0.27029321)
(-0.00031267815 -1.8854715e-18 0.26772833)
(-0.00037166304 -1.4898159e-18 0.26323963)
(-0.00039327615 -1.1371651e-18 0.2564887)
(-0.00038635552 -8.029465e-19 0.24738322)
(-0.00035944182 -2.540314e-19 0.2360838)
(-0.0003208373 -2.1888867e-19 0.22293648)
(-0.00027717833 -5.5987934e-19 0.20838356)
(-0.00023317179 -4.9333463e-19 0.19288629)
(-0.00019178309 -3.8750532e-19 0.17687259)
(-0.00015462642 -2.3511788e-19 0.16070935)
(-0.00012237325 3.089782e-21 0.14469305)
(-9.5091049e-05 -1.207537e-19 0.12905159)
(-7.2495559e-05 -1.6418216e-19 0.113952)
(-5.4123698e-05 -1.7068617e-19 0.099510269)
(-3.9443598e-05 -1.5694811e-19 0.08580116)
(-2.7919324e-05 -1.3713137e-19 0.072867169)
(-1.9047993e-05 -1.1479736e-19 0.060726076)
(-1.2376761e-05 -9.2201531e-20 0.049377155)
(-7.5081551e-06 -7.1092593e-20 0.038806133)
(-4.1006577e-06 -5.1583793e-20 0.02898908)
(-1.8695038e-06 -3.3899195e-20 0.019895431)
(-5.8772739e-07 -1.8348772e-20 0.011490305)
(-3.6054987e-08 -5.7093447e-21 0.0037362659)
(-9.121584e-05 -2.1621874e-18 0.27273336)
(-0.00021419833 -2.3467651e-18 0.27160145)
(-0.00030160776 -1.93849e-18 0.26887678)
(-0.00035782162 -1.5254057e-18 0.26418017)
(-0.00037792085 -1.1417318e-18 0.25720084)
(-0.00037065923 -7.001034e-19 0.24787182)
(-0.00034436761 -9.074511e-20 0.23637245)
(-0.00030704856 -1.8750225e-20 0.22305911)
(-0.00026504493 -3.4106859e-19 0.20837714)
(-0.00022282565 -3.9017208e-19 0.19278579)
(-0.00018318955 -3.0477864e-19 0.17670833)
(-0.00014764933 -1.56472e-19 0.16050605)
(-0.00011682424 -3.2931053e-20 0.14446999)
(-9.0764152e-05 -5.2076474e-20 0.12882326)
(-6.9188953e-05 -8.3547822e-20 0.11372897)
(-5.1651014e-05 -9.8252321e-20 0.099299962)
(-3.7639362e-05 -9.9965024e-20 0.085608625)
(-2.6641299e-05 -9.2329837e-20 0.072695641)
(-1.8175735e-05 -7.977683e-20 0.060577449)
(-1.1809798e-05 -6.5675275e-20 0.049252348)
(-7.1642934e-06 -5.1660361e-20 0.038705357)
(-3.9128836e-06 -3.8296506e-20 0.028912045)
(-1.783811e-06 -2.5978309e-20 0.019841498)
(-5.6075112e-07 -1.4783806e-20 0.0114586)
(-3.4377353e-08 -4.7154865e-21 0.00372576)
(-8.8204718e-05 -2.2199138e-18 0.27409019)
(-0.00020696698 -2.4223669e-18 0.27287634)
(-0.00029095783 -1.9498488e-18 0.26999338)
(-0.00034456596 -1.5568e-18 0.26509242)
(-0.00036327828 -1.1518382e-18 0.25789021)
(-0.00035574658 -7.5882177e-19 0.24834436)
(-0.00033008903 -8.3739853e-19 0.23665191)
(-0.00029401794 -4.5548294e-19 0.2231788)
(-0.00025359806 -3.7139652e-19 0.2083729)
(-0.00021307677 -3.5420992e-19 0.19269131)
(-0.00017509944 -3.3305022e-19 0.17655269)
(-0.00014108484 -3.5581407e-19 0.16031294)
(-0.00011160551 -4.9101573e-19 0.14425784)
(-8.6696204e-05 -2.9533392e-19 0.12860594)
(-6.6080865e-05 -2.0138325e-19 0.11351656)
(-4.9327294e-05 -1.5218366e-19 0.099099598)
(-3.5944508e-05 -1.2162694e-19 0.085425128)
(-2.5441054e-05 -9.896379e-20 0.072532115)
(-1.735655e-05 -8.0285961e-20 0.060435722)
(-1.1277461e-05 -6.4659921e-20 0.049133308)
(-6.8413054e-06 -5.0934288e-20 0.038609219)
(-3.7365587e-06 -3.8467325e-20 0.028838542)
(-1.703607e-06 -2.7116389e-20 0.019790031)
(-5.356041e-07 -1.6395891e-20 0.011428339)
(-3.2887128e-08 -5.3744632e-21 0.0037157316)
(-8.5290705e-05 -2.1833152e-18 0.27541434)
(-0.0001999821 -2.4160294e-18 0.27411897)
(-0.00028071107 -1.9561367e-18 0.27107939)
(-0.00033186647 -1.5881938e-18 0.26597769)
(-0.00034930725 -1.1895624e-18 0.25855804)
(-0.00034156735 -8.680011e-19 0.24880181)
(-0.00031654972 -9.3940467e-19 0.23692284)
(-0.00028168779 -6.1035459e-19 0.22329584)
(-0.00024278455 -4.5662138e-19 0.2083708)
(-0.00020387889 -3.9618758e-19 0.19260256)
(-0.00016747253 -3.9040582e-19 0.17640522)
(-0.00013489969 -4.2237241e-19 0.16012945)
(-0.0001066907 -4.4213615e-19 0.14405599)
(-8.2866598e-05 -3.5187023e-19 0.12839898)
(-6.315562e-05 -2.6962906e-19 0.11331417)
(-4.7140504e-05 -2.0847417e-19 0.098908588)
(-3.4349659e-05 -1.6377066e-19 0.085250131)
(-2.4311476e-05 -1.3030426e-19 0.072376115)
(-1.6585597e-05 -1.0355686e-19 0.06030048)
(-1.0776559e-05 -8.1344732e-20 0.049019689)
(-6.537474e-06 -6.2368627e-20 0.03851744)
(-3.5705008e-06 -4.5704815e-20 0.028768361)
(-1.6278184e-06 -3.0855541e-20 0.019740881)
(-5.1172669e-07 -1.7540225e-20 0.011399438)
(-3.1388371e-08 -5.5907772e-21 0.0037061522)
(-8.2471327e-05 -2.2097473e-18 0.27670673)
(-0.00019323639 -2.4396122e-18 0.27533035)
(-0.00027085148 -1.9780926e-18 0.27213598)
(-0.00031969634 -1.6321837e-18 0.26683723)
(-0.00033596977 -1.2493201e-18 0.25920546)
(-0.00032807455 -9.6032853e-19 0.24924508)
(-0.0003036997 -9.5933102e-19 0.23718581)
(-0.00027000995 -9.8693145e-19 0.22341049)
(-0.00023255883 -5.8822797e-19 0.20837083)
(-0.00019519053 -4.5977644e-19 0.19251929)
(-0.0001602749 -4.2475751e-19 0.17626551)
(-0.00012906669 -4.1694587e-19 0.15995507)
(-0.00010205752 -3.8569928e-19 0.14386385)
(-7.9257017e-05 -3.3645529e-19 0.1282018)
(-6.0398961e-05 -2.8248626e-19 0.11312121)
(-4.5080135e-05 -2.3431975e-19 0.098726387)
(-3.2846892e-05 -1.9230146e-19 0.085083138)
(-2.324744e-05 -1.5566821e-19 0.072227201)
(-1.5859783e-05 -1.2525857e-19 0.060171344)
(-1.030495e-05 -9.9050846e-20 0.048911174)
(-6.2513287e-06 -7.5916245e-20 0.038429767)
(-3.4144229e-06 -5.5489219e-20 0.028701307)
(-1.5567571e-06 -3.7358111e-20 0.019693915)
(-4.8939443e-07 -2.1202124e-20 0.011371816)
(-3.0054765e-08 -6.7516671e-21 0.0036969956)
(-7.9743587e-05 -2.2675095e-18 0.27796825)
(-0.00018672173 -2.4411066e-18 0.27651149)
(-0.00026136362 -2.0104517e-18 0.27316429)
(-0.00030802973 -1.6866256e-18 0.26767219)
(-0.00032323036 -1.3108709e-18 0.25983352)
(-0.0003152266 -1.0475873e-18 0.24967497)
(-0.00029149453 -1.0392788e-18 0.23744136)
(-0.00025893947 -1.1256295e-18 0.22352297)
(-0.00022287903 -7.4977435e-19 0.20837294)
(-0.00018697527 -5.645392e-19 0.19244125)
(-0.00015347398 -4.8888118e-19 0.17613315)
(-0.00012355805 -4.1915554e-19 0.15978929)
(-9.7683636e-05 -3.5385687e-19 0.14368089)
(-7.5850237e-05 -3.1043256e-19 0.12801385)
(-5.7797517e-05 -2.7185567e-19 0.11293715)
(-4.3135662e-05 -2.2876746e-19 0.098552496)
(-3.1428541e-05 -1.8941178e-19 0.084923693)
(-2.2242676e-05 -1.5549141e-19 0.072084969)
(-1.5173638e-05 -1.2578086e-19 0.060047968)
(-9.8587097e-06 -9.9791209e-20 0.048807474)
(-5.9804758e-06 -7.6769175e-20 0.038345965)
(-3.2662933e-06 -5.6161403e-20 0.028637203)
(-1.4891035e-06 -3.781661e-20 0.019649007)
(-4.6814711e-07 -2.1466948e-20 0.011345402)
(-2.8714889e-08 -6.8342677e-21 0.0036882377)
(-7.7105075e-05 -2.2939844e-18 0.27919975)
(-0.00018043043 -2.4723252e-18 0.27766335)
(-0.00025223194 -2.0479958e-18 0.27416538)
(-0.00029684189 -1.7347422e-18 0.26848367)
(-0.0003110554 -1.3668757e-18 0.2604432)
(-0.0003029838 -1.0827082e-18 0.25009226)
(-0.00027989149 -9.4863835e-19 0.23768996)
(-0.00024843412 -4.9690067e-19 0.22363349)
(-0.0002137056 -6.3056037e-19 0.20837709)
(-0.00017919678 -4.572447e-19 0.1923682)
(-0.00014703935 -6.9603544e-20 0.17600778)
(-0.00011834885 -3.8996619e-19 0.15963168)
(-9.3549062e-05 -5.9644121e-19 0.14350661)
(-7.2631111e-05 -4.0979424e-19 0.12783462)
(-5.5339929e-05 -3.0111938e-19 0.1127615)
(-4.1299236e-05 -2.7129716e-19 0.098386454)
(-3.0089382e-05 -2.272464e-19 0.084771377)
(-2.1294442e-05 -1.8572477e-19 0.071949045)
(-1.4526709e-05 -1.4873914e-19 0.059930028)
(-9.4383353e-06 -1.1636107e-19 0.048708316)
(-5.7255294e-06 -8.7620955e-20 0.038265818)
(-3.1270538e-06 -6.1993281e-20 0.028575881)
(-1.4255187e-06 -3.9950843e-20 0.019606042)
(-4.4817607e-07 -2.2968149e-20 0.011320126)
(-2.7526082e-08 -7.3713479e-21 0.0036798562)
(-7.4553304e-05 -2.3672371e-18 0.28040209)
(-0.00017435518 -2.5183335e-18 0.27878683)
(-0.00024344187 -2.106146e-18 0.27514025)
(-0.00028610996 -1.7619361e-18 0.26927267)
(-0.00029941417 -1.3953453e-18 0.2610354)
(-0.00029130958 -1.0657266e-18 0.25049764)
(-0.00026885197 -7.939676e-19 0.23793206)
(-0.000238456 -3.5045422e-19 0.22374223)
(-0.00020500388 -4.4399039e-19 0.20838325)
(-0.00017182635 -3.7759092e-19 0.19229994)
(-0.00014094692 -2.6586417e-19 0.17588905)
(-0.00011341861 -3.9505669e-19 0.1594818)
(-8.9636676e-05 -4.8196349e-19 0.14334056)
(-6.958505e-05 -4.2410477e-19 0.12766364)
(-5.3014666e-05 -3.4921039e-19 0.1125938)
(-3.9561703e-05 -3.0164371e-19 0.098227832)
(-2.882235e-05 -2.573883e-19 0.0846258)
(-2.0397334e-05 -2.1481819e-19 0.071819087)
(-1.3914446e-05 -1.7585056e-19 0.059817227)
(-9.0404256e-06 -1.4058989e-19 0.048613455)
(-5.4841019e-06 -1.0869445e-19 0.038189125)
(-2.9951549e-06 -7.9970132e-20 0.028517192)
(-1.3654805e-06 -5.4060706e-20 0.019564914)
(-4.2929197e-07 -3.0780923e-20 0.011295927)
(-2.6351045e-08 -9.8288011e-21 0.0036718307)
(-7.2085563e-05 -2.3626456e-18 0.28157606)
(-0.00016848912 -2.5569928e-18 0.27988284)
(-0.00023497965 -2.1282504e-18 0.27608989)
(-0.00027581128 -1.7724382e-18 0.27004015)
(-0.00028827718 -1.4018297e-18 0.26161097)
(-0.00028017 -1.0529468e-18 0.25089174)
(-0.00025833963 -8.5969074e-19 0.23816804)
(-0.00022896953 -1.0254432e-18 0.22384935)
(-0.00019674102 -5.8410246e-19 0.20839134)
(-0.000164833 -5.5073917e-19 0.19223624)
(-0.00013516919 -8.1444119e-19 0.17577664)
(-0.00010874546 -4.3309754e-19 0.15933926)
(-8.5929652e-05 -1.7126597e-19 0.14318231)
(-6.6699622e-05 -2.8811586e-19 0.12750048)
(-5.0812383e-05 -3.1257087e-19 0.11243362)
(-3.791606e-05 -2.5533442e-19 0.098076236)
(-2.7622223e-05 -2.1848307e-19 0.0844866)
(-1.954727e-05 -1.8498389e-19 0.071694771)
(-1.3334291e-05 -1.5356825e-19 0.059709289)
(-8.6635686e-06 -1.2486322e-19 0.048522658)
(-5.2554881e-06 -9.8701282e-20 0.038115701)
(-2.8703881e-06 -7.4883191e-20 0.028460993)
(-1.3087216e-06 -5.249616e-20 0.019525524)
(-4.1152078e-07 -2.9589888e-20 0.011272748)
(-2.5318951e-08 -9.3851953e-21 0.0036641418)
(-6.9699474e-05 -2.3582288e-18 0.28272246)
(-0.00016282506 -2.610349e-18 0.28095221)
(-0.00022683202 -2.1606821e-18 0.2770152)
(-0.00026592556 -1.772578e-18 0.27078703)
(-0.00027761787 -1.4010181e-18 0.26217069)
(-0.00026953434 -1.0645542e-18 0.25127517)
(-0.00024832258 -9.3491549e-19 0.23839828)
(-0.00021994423 -1.02583e-18 0.22395498)
(-0.00018888867 -7.2398151e-19 0.20840134)
(-0.00015819272 -6.2312001e-19 0.19217691)
(-0.0001296869 -6.2852082e-19 0.17567024)
(-0.00010431313 -4.3466894e-19 0.1592037)
(-8.2415159e-05 -2.880724e-19 0.14303145)
(-6.3964903e-05 -2.6858565e-19 0.12734474)
(-4.8725089e-05 -2.537959e-19 0.11228059)
(-3.6356288e-05 -2.1764635e-19 0.097931294)
(-2.6484863e-05 -1.8313188e-19 0.084353443)
(-1.8742226e-05 -1.5207799e-19 0.071575802)
(-1.2785044e-05 -1.2382706e-19 0.059605958)
(-8.3064344e-06 -9.8548104e-20 0.048435711)
(-5.0387981e-06 -7.599562e-20 0.038045373)
(-2.7521287e-06 -5.5682151e-20 0.028407152)
(-1.2547538e-06 -3.753615e-20 0.01948778)
(-3.9444688e-07 -2.1289938e-20 0.011250533)
(-2.4237447e-08 -6.7714325e-21 0.0036567719)
(-6.7392349e-05 -2.3694663e-18 0.28384206)
(-0.00015735602 -2.6270909e-18 0.28199579)
(-0.00021898629 -2.1982663e-18 0.27791706)
(-0.00025643425 -1.804043e-18 0.27151416)
(-0.00026741161 -1.425868e-18 0.2627153)
(-0.00025937448 -1.0921288e-18 0.25164846)
(-0.00023877153 -9.8091489e-19 0.23862311)
(-0.0002113506 -9.6408783e-19 0.22405925)
(-0.00018142013 -7.7759102e-19 0.20841317)
(-0.00015188237 -6.4438141e-19 0.19212176)
(-0.0001244799 -5.5516681e-19 0.17556957)
(-0.00010010525 -4.3723068e-19 0.15907477)
(-7.9079022e-05 -3.3958657e-19 0.14288761)
(-6.1369037e-05 -2.7645366e-19 0.12719603)
(-4.6744198e-05 -2.3121658e-19 0.11213432)
(-3.4876401e-05 -1.9459702e-19 0.097792668)
(-2.5405935e-05 -1.6229375e-19 0.084226017)
(-1.7978124e-05 -1.3394706e-19 0.071461904)
(-1.2263564e-05 -1.0898549e-19 0.059506996)
(-7.9676191e-06 -8.655892e-20 0.048352416)
(-4.8332277e-06 -6.6494842e-20 0.037977982)
(-2.6398029e-06 -4.8686413e-20 0.028355549)
(-1.2036007e-06 -3.2847118e-20 0.019451599)
(-3.7846668e-07 -1.8671206e-20 0.011229235)
(-2.328473e-08 -5.9489497e-21 0.0036497048)
(-6.516182e-05 -2.334431e-18 0.2849356)
(-0.00015207539 -2.629345e-18 0.28301435)
(-0.00021143004 -2.2281889e-18 0.2787963)
(-0.00024731807 -1.850086e-18 0.27222232)
(-0.00025763411 -1.4671896e-18 0.2632455)
(-0.00024966223 -1.1398638e-18 0.25201213)
(-0.00022965752 -1.0079509e-18 0.23884284)
(-0.00020316194 -9.2525972e-19 0.22416228)
(-0.00017431078 -7.8838154e-19 0.2084268)
(-0.00014587986 -6.5448169e-19 0.1920706)
(-0.00011952953 -5.4237779e-19 0.17547436)
(-9.6105761e-05 -4.4147492e-19 0.15895215)
(-7.5909111e-05 -3.5503156e-19 0.14275046)
(-5.8903328e-05 -2.8823529e-19 0.127054)
(-4.48629e-05 -2.3754476e-19 0.11199448)
(-3.3471108e-05 -1.9666134e-19 0.097660036)
(-2.4381444e-05 -1.6219338e-19 0.084104032)
(-1.7252675e-05 -1.3338016e-19 0.07135282)
(-1.1768225e-05 -1.0866094e-19 0.059412182)
(-7.6457056e-06 -8.6560204e-20 0.048272588)
(-4.6380164e-06 -6.668479e-20 0.03791338)
(-2.5331002e-06 -4.8944671e-20 0.028306071)
(-1.1547908e-06 -3.3092812e-20 0.019416901)
(-3.6302008e-07 -1.8833781e-20 0.011208807)
(-2.2300115e-08 -6.0096656e-21 0.003642925)
(-6.3005678e-05 -2.3922576e-18 0.28600381)
(-0.0001469766 -2.6536394e-18 0.28400866)
(-0.00020415149 -2.194286e-18 0.27965371)
(-0.00023855939 -1.7734466e-18 0.27291228)
(-0.000248263 -5.8694413e-19 0.26376191)
(-0.00024037312 -1.0658114e-18 0.25236666)
(-0.00022095437 -1.0144328e-18 0.23905774)
(-0.00019535211 -9.1690597e-19 0.22426416)
(-0.00016753703 -7.9088131e-19 0.20844216)
(-0.00014016436 -6.5959352e-19 0.19202327)
(-0.00011481787 -5.4506106e-19 0.17538436)
(-9.2300659e-05 -4.5147243e-19 0.15883554)
(-7.289406e-05 -3.6847565e-19 0.14261966)
(-5.6558182e-05 -3.0250748e-19 0.12691833)
(-4.3073458e-05 -2.5152407e-19 0.11186076)
(-3.2134366e-05 -2.0913769e-19 0.097533103)
(-2.3406767e-05 -1.7272788e-19 0.083987218)
(-1.6562326e-05 -1.4209587e-19 0.071248311)
(-1.1297054e-05 -1.1566598e-19 0.05932131)
(-7.3394439e-06 -9.2241148e-20 0.048196054)
(-4.4519841e-06 -7.139878e-20 0.037851428)
(-2.4314077e-06 -5.252793e-20 0.028258611)
(-1.1084779e-06 -3.5505434e-20 0.019383611)
(-3.4849676e-07 -2.0207478e-20 0.011189204)
(-2.1425033e-08 -6.4497164e-21 0.0036364182)
(-6.0921593e-05 -2.3883955e-18 0.28704739)
(-0.0001420535 -2.670741e-18 0.28497946)
(-0.0001971397 -2.1988612e-18 0.28049005)
(-0.00023014264 -1.7634879e-18 0.27358476)
(-0.00023927834 -1.0344211e-18 0.26426514)
(-0.00023148475 -1.0799613e-18 0.25271247)
(-0.00021264059 -1.0161669e-18 0.23926807)
(-0.00018790054 -9.1041913e-19 0.22436498)
(-0.00016107926 -7.8363847e-19 0.2084592)
(-0.00013471943 -6.569587e-19 0.19197959)
(-0.0001103316 -5.4953166e-19 0.17529933)
(-8.8678201e-05 -4.5509652e-19 0.15872466)
(-7.0023912e-05 -3.7497107e-19 0.14249491)
(-5.4326164e-05 -3.1210619e-19 0.12678871)
(-4.1370843e-05 -2.6285463e-19 0.11173285)
(-3.0862395e-05 -2.2000152e-19 0.097411589)
(-2.2479152e-05 -1.8239709e-19 0.083875321)
(-1.5905566e-05 -1.5054319e-19 0.071148153)
(-1.0848972e-05 -1.2268449e-19 0.059234186)
(-7.0481052e-06 -9.7864035e-20 0.048122653)
(-4.275207e-06 -7.5602009e-20 0.037791994)
(-2.3349361e-06 -5.5609855e-20 0.028213071)
(-1.0645369e-06 -3.7638296e-20 0.019351662)
(-3.3470623e-07 -2.1437184e-20 0.011170387)
(-2.0583782e-08 -6.8442459e-21 0.003630171)
(-5.8906896e-05 -2.4462176e-18 0.28806702)
(-0.00013729976 -2.6879498e-18 0.28592746)
(-0.00019038355 -2.1118291e-18 0.28130604)
(-0.00022205149 -1.7951163e-18 0.27424043)
(-0.00023066029 -2.1391235e-18 0.26475575)
(-0.00022297451 -1.208312e-18 0.25304998)
(-0.00020469215 -1.0281782e-18 0.23947408)
(-0.00018078498 -9.1070206e-19 0.22446482)
(-0.0001549185 -7.7890095e-19 0.20847786)
(-0.00012952807 -6.5344983e-19 0.19193942)
(-0.00010605614 -5.5367014e-19 0.17521904)
(-8.5228419e-05 -4.6501564e-19 0.15861924)
(-6.7292165e-05 -3.8985404e-19 0.14237592)
(-5.2202135e-05 -3.2940485e-19 0.12666485)
(-3.9751155e-05 -2.7915773e-19 0.11161048)
(-2.9653403e-05 -2.3542066e-19 0.097295233)
(-2.1598229e-05 -1.9760496e-19 0.083768106)
(-1.5281919e-05 -1.6386293e-19 0.071052135)
(-1.0423554e-05 -1.3351382e-19 0.059150629)
(-6.7718026e-06 -1.0645744e-19 0.048052234)
(-4.1076213e-06 -8.2294882e-20 0.03773496)
(-2.2433603e-06 -6.0547729e-20 0.028169358)
(-1.0228136e-06 -4.0951588e-20 0.019320988)
(-3.2166226e-07 -2.3307594e-20 0.011152319)
(-1.9830309e-08 -7.4378458e-21 0.0036241711)
(-5.6959353e-05 -1.7666211e-18 0.28906337)
(-0.00013270912 -2.6472406e-18 0.28685333)
(-0.000183873 -2.4907079e-18 0.28210237)
(-0.00021427146 -2.1315543e-18 0.27487993)
(-0.00022239046 -1.8807133e-18 0.26523428)
(-0.00021482235 -1.2535211e-18 0.25337957)
(-0.00019708826 -1.032278e-18 0.23967597)
(-0.00017398469 -8.8872805e-19 0.22456374)
(-0.00014903504 -7.5430946e-19 0.20849809)
(-0.00012457311 -6.3340364e-19 0.19190261)
(-0.00010197738 -5.3216635e-19 0.17514329)
(-8.1937519e-05 -4.3574302e-19 0.15851902)
(-6.4685767e-05 -3.5289012e-19 0.14226243)
(-5.017583e-05 -3.0027498e-19 0.12654648)
(-3.8205469e-05 -2.5764729e-19 0.11149338)
(-2.8498457e-05 -2.1920105e-19 0.097183794)
(-2.0756149e-05 -1.8370145e-19 0.083665351)
(-1.4685782e-05 -1.5244043e-19 0.070960063)
(-1.0016457e-05 -1.2474781e-19 0.059070473)
(-6.506956e-06 -9.9742028e-20 0.047984657)
(-3.9468058e-06 -7.7187779e-20 0.03768021)
(-2.1554741e-06 -5.677334e-20 0.028127386)
(-9.8276083e-07 -3.838691e-20 0.019291531)
(-3.089824e-07 -2.183823e-20 0.011134963)
(-1.8997828e-08 -6.9631979e-21 0.0036184068)
(-5.507689e-05 -6.7494612e-18 0.29003707)
(-0.00012827644 -2.860257e-18 0.28775775)
(-0.00017759818 -7.3941832e-19 0.28287969)
(-0.00020678843 -6.2568226e-19 0.27550386)
(-0.00021445201 -1.6225627e-18 0.26570122)
(-0.00020700973 -1.2466775e-18 0.25370159)
(-0.00018981058 -1.029254e-18 0.23987395)
(-0.00016748281 -8.9615025e-19 0.2246618)
(-0.00014341418 -7.4772983e-19 0.20851984)
(-0.00011984178 -6.3778201e-19 0.19186901)
(-9.8083992e-05 -5.8022572e-19 0.17507187)
(-7.8796989e-05 -5.888631e-19 0.15842378)
(-6.2199261e-05 -7.033497e-19 0.14215418)
(-4.824284e-05 -4.9747336e-19 0.12643335)
(-3.6731091e-05 -3.9471452e-19 0.11138132)
(-2.7397361e-05 -3.43043e-19 0.097077043)
(-1.9953321e-05 -3.1940332e-19 0.083566849)
(-1.4117171e-05 -2.4318504e-19 0.070871753)
(-9.6284344e-06 -1.8328934e-19 0.058993558)
(-6.2550672e-06 -1.3427623e-19 0.047919789)
(-3.7941527e-06 -9.3866675e-20 0.03762764)
(-2.0721413e-06 -6.4027503e-20 0.028087075)
(-9.4474014e-07 -3.9151932e-20 0.019263232)
(-2.9703318e-07 -2.2029353e-20 0.011118287)
(-1.8283783e-08 -6.9721336e-21 0.0036128672)
(-5.3257286e-05 -6.3111267e-18 0.29098875)
(-0.0001239958 -3.0366192e-18 0.28864133)
(-0.00017154962 -2.0049417e-19 0.28363864)
(-0.00019958949 -1.449097e-19 0.27611279)
(-0.00020682866 -1.4175591e-18 0.26615703)
(-0.00019951872 -1.2188556e-18 0.25401637)
(-0.00018284156 -9.7478973e-19 0.24006821)
(-0.000161263 -7.2134455e-19 0.22475907)
(-0.00013804108 -7.0792709e-19 0.20854305)
(-0.00011532148 -6.6540793e-19 0.19183849)
(-9.4365289e-05 -6.5004506e-19 0.1750046)
(-7.5797793e-05 -6.6871513e-19 0.15833329)
(-5.9824863e-05 -6.7885463e-19 0.14205093)
(-4.6397018e-05 -5.8474573e-19 0.12632521)
(-3.5323099e-05 -4.9285192e-19 0.11127405)
(-2.634576e-05 -4.1712818e-19 0.096974765)
(-1.9186614e-05 -3.530977e-19 0.083472404)
(-1.357399e-05 -2.913721e-19 0.070787033)
(-9.2574225e-06 -2.3504811e-19 0.058919735)
(-6.013431e-06 -1.8572077e-19 0.047857505)
(-3.6473325e-06 -1.4253192e-19 0.03757715)
(-1.9919169e-06 -1.0451174e-19 0.028048348)
(-9.0801558e-07 -7.0664373e-20 0.019236039)
(-2.8538914e-07 -4.0267885e-20 0.01110226)
(-1.7496083e-08 -1.2870656e-20 0.0036075419)
(-5.1498144e-05 1.4532759e-19 0.29191902)
(-0.00011986131 -2.7758362e-18 0.28950471)
(-0.00016571772 -2.2561168e-18 0.28437983)
(-0.0001926614 -1.7913769e-18 0.27670728)
(-0.00019950527 -1.0112353e-18 0.26660216)
(-0.0001923328 -1.1054304e-18 0.25432421)
(-0.00017616397 -9.5355287e-19 0.24025892)
(-0.00015530863 -7.3172638e-19 0.22485559)
(-0.00013290075 -7.3452553e-19 0.20856766)
(-0.00011099923 -6.9373369e-19 0.19181093)
(-9.0811175e-05 -6.329405e-19 0.17494128)
(-7.2932047e-05 -5.1938575e-19 0.15824734)
(-5.7556348e-05 -2.9148458e-19 0.14195247)
(-4.4633989e-05 -3.7755715e-19 0.12622185)
(-3.3978709e-05 -3.6155622e-19 0.11117138)
(-2.534151e-05 -3.0325593e-19 0.096876757)
(-1.8454499e-05 -2.2637369e-19 0.083381834)
(-1.3055783e-05 -2.1157522e-19 0.07070574)
(-8.9039461e-06 -1.8924334e-19 0.058848865)
(-5.7839083e-06 -1.6409634e-19 0.04779769)
(-3.5080514e-06 -1.3739187e-19 0.037528645)
(-1.9157661e-06 -1.063087e-19 0.028011134)
(-8.7333658e-07 -7.6163312e-20 0.019209903)
(-2.7455729e-07 -4.3648473e-20 0.011086852)
(-1.6870594e-08 -1.3991172e-20 0.0036024215)
(-4.9797904e-05 0 0.29282846)
(-0.00011586826 -2.555606e-18 0.29034846)
(-0.00016009441 -2.6764684e-18 0.28510381)
(-0.00018599273 -2.0546445e-18 0.27728784)
(-0.00019246727 -8.5954431e-19 0.26703703)
(-0.00018543666 -1.0491015e-18 0.25462542)
(-0.00016976311 -1.0355831e-18 0.24044623)
(-0.00014960546 -1.0346459e-18 0.22495141)
(-0.00012798005 -8.5919678e-19 0.20859364)
(-0.00010686363 -7.305161e-19 0.19178619)
(-8.741146e-05 -6.1483494e-19 0.17488177)
(-7.0192037e-05 -4.8283613e-19 0.15816573)
(-5.5388147e-05 -3.582158e-19 0.14185858)
(-4.294854e-05 -3.2627662e-19 0.12612305)
(-3.2693477e-05 -2.9621214e-19 0.11107308)
(-2.4382098e-05 -2.5783967e-19 0.096782828)
(-1.775503e-05 -2.1845401e-19 0.083294964)
(-1.256054e-05 -1.8567437e-19 0.07062772)
(-8.5661272e-06 -1.5524062e-19 0.058780815)
(-5.5644954e-06 -1.2589613e-19 0.047740233)
(-3.3751126e-06 -9.8147466e-20 0.037482036)
(-1.8432037e-06 -7.238281e-20 0.027975365)
(-8.4027858e-07 -4.8908235e-20 0.019184776)
(-2.642765e-07 -2.7761012e-20 0.011072036)
(-1.6324797e-08 -8.8289911e-21 0.0035974965)
(-4.8154317e-05 -1.0146988e-18 0.29371764)
(-0.00011201143 -2.5196966e-18 0.29117316)
(-0.00015467149 -2.7317714e-18 0.28581115)
(-0.00017957235 -2.1833265e-18 0.27785495)
(-0.0001857025 -1.5508097e-18 0.26746201)
(-0.00017881695 -1.1757346e-18 0.25492025)
(-0.00016362503 -1.0452047e-18 0.2406303)
(-0.00014414111 -9.4126672e-19 0.22504655)
(-0.0001232682 -8.2008378e-19 0.20862091)
(-0.00010290503 -7.0385967e-19 0.19176417)
(-8.415819e-05 -5.9221164e-19 0.17482587)
(-6.7570083e-05 -4.8612772e-19 0.15808828)
(-5.3313466e-05 -4.010277e-19 0.14176907)
(-4.1336782e-05 -3.370051e-19 0.12602862)
(-3.1464723e-05 -2.8751216e-19 0.11097897)
(-2.3464417e-05 -2.4478382e-19 0.096692801)
(-1.7086242e-05 -2.0603649e-19 0.083211634)
(-1.2087074e-05 -1.7017346e-19 0.070552832)
(-8.2429795e-06 -1.3773606e-19 0.058715464)
(-5.3545271e-06 -1.0881494e-19 0.047685031)
(-3.2476551e-06 -8.3225086e-20 0.037437241)
(-1.7735274e-06 -6.0651572e-20 0.027940978)
(-8.0852364e-07 -4.0749729e-20 0.019160614)
(-2.5420289e-07 -2.3094871e-20 0.011057786)
(-1.5648369e-08 -7.3475568e-21 0.0035927587)
(-4.6565776e-05 -1.729761e-18 0.29458711)
(-0.00010828611 -2.5774688e-18 0.29197936)
(-0.0001494409 -2.7188389e-18 0.28650237)
(-0.00017338912 -2.2809248e-18 0.27840908)
(-0.00017919692 -1.8909275e-18 0.2678775)
(-0.00017245901 -1.2771771e-18 0.25520898)
(-0.00015773566 -1.0005989e-18 0.24081127)
(-0.00013890197 -7.93829e-19 0.22514107)
(-0.00011875344 -7.3539833e-19 0.20864944)
(-9.9114021e-05 -6.578587e-19 0.19174474)
(-8.1043803e-05 -5.7022157e-19 0.17477346)
(-6.5061107e-05 -4.8856903e-19 0.15801481)
(-5.1328527e-05 -4.1613124e-19 0.14168374)
(-3.97944e-05 -3.4889826e-19 0.12593836)
(-3.0288511e-05 -2.922095e-19 0.11088886)
(-2.2586033e-05 -2.4423943e-19 0.096606508)
(-1.6445927e-05 -2.0291869e-19 0.08313169)
(-1.1633703e-05 -1.666227e-19 0.07048094)
(-7.9336001e-06 -1.3457493e-19 0.058652695)
(-5.1532865e-06 -1.0648444e-19 0.047631987)
(-3.1253801e-06 -8.1854421e-20 0.037394183)
(-1.7067901e-06 -6.0005248e-20 0.027907915)
(-7.7812114e-07 -4.0507886e-20 0.019137376)
(-2.4460561e-07 -2.3039788e-20 0.011044078)
(-1.5056636e-08 -7.349677e-21 0.0035882001)
(-4.5029936e-05 -2.1159153e-18 0.29543741)
(-0.00010468713 -2.6818814e-18 0.29276759)
(-0.00014439472 -2.6833142e-18 0.28717797)
(-0.00016743254 -2.2876856e-18 0.27895069)
(-0.00017293833 -1.8265559e-18 0.26828382)
(-0.00016634957 -1.3039303e-18 0.25549182)
(-0.00015208181 -1.0359411e-18 0.24098926)
(-0.00013387628 -9.1602236e-19 0.22523497)
(-0.00011442545 -7.7592218e-19 0.20867918)
(-9.5481136e-05 -6.6496261e-19 0.19172781)
(-7.8059719e-05 -5.7407149e-19 0.17472438)
(-6.265696e-05 -4.9431785e-19 0.15794514)
(-4.9426685e-05 -4.2186262e-19 0.14160241)
(-3.8316591e-05 -3.5650564e-19 0.12585209)
(-2.9161564e-05 -2.9925752e-19 0.1108026)
(-2.1744375e-05 -2.5011958e-19 0.096523788)
(-1.5832101e-05 -2.0797569e-19 0.083054988)
(-1.1198645e-05 -1.7119089e-19 0.070411915)
(-7.6363993e-06 -1.3893188e-19 0.058592396)
(-4.9598971e-06 -1.1064201e-19 0.047581009)
(-3.0079043e-06 -8.5404063e-20 0.037352787)
(-1.6424554e-06 -6.2788706e-20 0.027876118)
(-7.4867e-07 -4.2480257e-20 0.019115022)
(-2.3533392e-07 -2.4191985e-20 0.011030889)
(-1.4460262e-08 -7.7214704e-21 0.003583813)
(-4.3545162e-05 -2.2579846e-18 0.29626906)
(-0.00010121021 -2.728778e-18 0.29353837)
(-0.00013952577 -2.6454321e-18 0.28783845)
(-0.0001616935 -2.2625389e-18 0.27948018)
(-0.00016691629 -1.7941088e-18 0.26868133)
(-0.00016047729 -1.3222938e-18 0.25576901)
(-0.00014665241 -1.0799968e-18 0.2411644)
(-0.00012905323 -9.7743359e-19 0.2253283)
(-0.0001102732 -8.1609925e-19 0.20871008)
(-9.1997015e-05 -6.8276367e-19 0.19171327)
(-7.5198701e-05 -5.8462962e-19 0.1746785)
(-6.0352137e-05 -5.0122012e-19 0.15787912)
(-4.7603489e-05 -4.2780853e-19 0.14152492)
(-3.6900178e-05 -3.6281678e-19 0.12576965)
(-2.8081912e-05 -3.0552721e-19 0.11072001)
(-2.0938128e-05 -2.5705939e-19 0.096444489)
(-1.5244282e-05 -2.1474922e-19 0.082981389)
(-1.0782784e-05 -1.7784086e-19 0.070345636)
(-7.3526147e-06 -1.4498254e-19 0.058534463)
(-4.775546e-06 -1.1560053e-19 0.04753201)
(-2.8962937e-06 -8.9326001e-20 0.037312982)
(-1.5814908e-06 -6.5704725e-20 0.027845534)
(-7.2077801e-07 -4.4453121e-20 0.019093515)
(-2.2650675e-07 -2.5309688e-20 0.011018196)
(-1.3903683e-08 -8.0775173e-21 0.00357959)
(-4.2109993e-05 -2.3542601e-18 0.29708256)
(-9.7851102e-05 -2.7828402e-18 0.29429219)
(-0.00013482783 -2.6001526e-18 0.28848427)
(-0.00015616305 -2.2323244e-18 0.27999797)
(-0.00016112019 -1.7953732e-18 0.26907032)
(-0.0001548315 -1.3507264e-18 0.25604076)
(-0.00014143642 -1.1102004e-18 0.24133679)
(-0.00012442252 -9.8633487e-19 0.22542108)
(-0.00010628855 -8.3965078e-19 0.20874209)
(-8.8654403e-05 -7.048835e-19 0.19170103)
(-7.245449e-05 -5.9936329e-19 0.17463567)
(-5.8142197e-05 -5.1089464e-19 0.1578166)
(-4.5855627e-05 -4.3555028e-19 0.14145112)
(-3.5542322e-05 -3.7095638e-19 0.12569088)
(-2.7046684e-05 -3.1395006e-19 0.11064094)
(-2.0165091e-05 -2.6466181e-19 0.096368469)
(-1.468087e-05 -2.2163716e-19 0.082910766)
(-1.0383673e-05 -1.8385461e-19 0.070281989)
(-7.0801667e-06 -1.5003642e-19 0.058478799)
(-4.5985733e-06 -1.1970463e-19 0.047484907)
(-2.788904e-06 -9.250354e-20 0.037274703)
(-1.5228783e-06 -6.8028658e-20 0.027816114)
(-6.9425893e-07 -4.6002288e-20 0.019072821)
(-2.1837415e-07 -2.6180692e-20 0.01100598)
(-1.3478375e-08 -8.3539369e-21 0.0035755246)
(-4.0722109e-05 -2.4428307e-18 0.2978784)
(-9.4605588e-05 -2.8511998e-18 0.29502952)
(-0.00013029407 -2.5978341e-18 0.28911587)
(-0.00015083245 -2.2238155e-18 0.28050443)
(-0.00015553993 -1.7893804e-18 0.26945109)
(-0.000149401 -1.3841928e-18 0.25630727)
(-0.00013642332 -1.1701044e-18 0.24150653)
(-0.00011997492 -1.0700732e-18 0.22551332)
(-0.00010246307 -8.8726735e-19 0.20877516)
(-8.5445799e-05 -7.3098007e-19 0.19169098)
(-6.9820979e-05 -6.1196933e-19 0.17459578)
(-5.6021571e-05 -5.1956734e-19 0.15775744)
(-4.4178363e-05 -4.435434e-19 0.14138083)
(-3.4239349e-05 -3.7799895e-19 0.12561563)
(-2.6053115e-05 -3.2012858e-19 0.11056524)
(-1.9423197e-05 -2.6979688e-19 0.096295595)
(-1.4140037e-05 -2.2596004e-19 0.082842996)
(-1.0000741e-05 -1.875172e-19 0.070220867)
(-6.819032e-06 -1.5307951e-19 0.05842531)
(-4.4287089e-06 -1.2217669e-19 0.047439622)
(-2.6856212e-06 -9.4389845e-20 0.037237888)
(-1.4665089e-06 -6.9411175e-20 0.027787808)
(-6.6854886e-07 -4.6924788e-20 0.019052906)
(-2.1020223e-07 -2.6701119e-20 0.010994221)
(-1.2968369e-08 -8.5188078e-21 0.0035716103)
(-3.9380507e-05 -2.4176247e-18 0.29865705)
(-9.1469181e-05 -2.7872999e-18 0.29575084)
(-0.00012591747 -2.4673302e-18 0.28973369)
(-0.00014569311 -2.1062932e-18 0.28099994)
(-0.00015016619 -1.7170221e-18 0.26982393)
(-0.00014417649 -1.36565e-18 0.25656873)
(-0.00013160404 -1.1116085e-18 0.24167373)
(-0.00011570154 -8.5592675e-19 0.22560504)
(-9.8789108e-05 -8.2035605e-19 0.20880926)
(-8.2365673e-05 -7.3082815e-19 0.19168305)
(-6.7293258e-05 -6.3047431e-19 0.17455871)
(-5.3986488e-05 -5.3995554e-19 0.15770149)
(-4.2568893e-05 -4.6106303e-19 0.14131393)
(-3.2988867e-05 -3.9312345e-19 0.12554375)
(-2.5099687e-05 -3.3394397e-19 0.11049279)
(-1.8711024e-05 -2.8180632e-19 0.096225736)
(-1.3620827e-05 -2.3633903e-19 0.082777963)
(-9.633182e-06 -1.9574521e-19 0.070162166)
(-6.5680661e-06 -1.5957747e-19 0.058373908)
(-4.265506e-06 -1.273159e-19 0.047396083)
(-2.5866192e-06 -9.8351909e-20 0.037202477)
(-1.4122537e-06 -7.228609e-20 0.027760573)
(-6.4361651e-07 -4.887542e-20 0.019033738)
(-2.0239108e-07 -2.7814299e-20 0.0109829)
(-1.2475332e-08 -8.873811e-21 0.0035678409)
(-3.8082957e-05 -2.5894071e-18 0.29941898)
(-8.8438159e-05 -3.59107e-18 0.29645659)
(-0.00012169247 -3.0734399e-18 0.29033813)
(-0.00014073708 -2.4054484e-18 0.28148484)
(-0.00014498955 -1.7520072e-18 0.27018911)
(-0.00013914839 -1.334112e-18 0.25682531)
(-0.00012696928 -1.0190375e-18 0.24183847)
(-0.00011159396 -7.2223254e-19 0.22569627)
(-9.5259293e-05 -6.878831e-19 0.20884434)
(-7.9407461e-05 -5.9815026e-19 0.19167714)
(-6.4866163e-05 -5.4606336e-19 0.17452435)
(-5.2032675e-05 -4.7369266e-19 0.15764863)
(-4.1023805e-05 -4.0012944e-19 0.14125028)
(-3.1788482e-05 -3.4880734e-19 0.1254751)
(-2.4184713e-05 -3.0317207e-19 0.11042344)
(-1.8027787e-05 -2.6040429e-19 0.096158771)
(-1.3122213e-05 -2.2069365e-19 0.082715554)
(-9.2796064e-06 -1.8452384e-19 0.070105788)
(-6.326656e-06 -1.5146326e-19 0.058324509)
(-4.1086693e-06 -1.2123011e-19 0.047354218)
(-2.4912956e-06 -9.3852616e-20 0.037168413)
(-1.3601667e-06 -6.9095189e-20 0.027734366)
(-6.199117e-07 -4.6737006e-20 0.019015287)
(-1.9479123e-07 -2.6602578e-20 0.010972001)
(-1.1949892e-08 -8.4870889e-21 0.0035642107)
(-3.6828767e-05 -1.9969583e-18 0.30016463)
(-8.5509159e-05 1.5440699e-18 0.29714721)
(-0.00011761337 7.1062031e-19 0.2909296)
(-0.00013595728 -8.3669012e-19 0.28195947)
(-0.00014000201 -1.7879004e-18 0.27054688)
(-0.00013430757 -1.4204257e-18 0.25707718)
(-0.00012250967 -1.1288464e-18 0.24200084)
(-0.00010764377 -5.7146379e-19 0.22578701)
(-9.1865857e-05 -8.8392873e-19 0.20888036)
(-7.6563776e-05 -1.2612272e-18 0.19167317)
(-6.2533301e-05 -8.3895693e-19 0.17449257)
(-5.0154859e-05 -7.3917135e-19 0.15759873)
(-3.9539312e-05 -8.163226e-19 0.14118974)
(-3.0635654e-05 -5.7353819e-19 0.12540957)
(-2.330573e-05 -4.3319929e-19 0.11035707)
(-1.7371451e-05 -3.4109913e-19 0.096094584)
(-1.2644125e-05 -2.7367334e-19 0.082655667)
(-8.9413798e-06 -2.2138582e-19 0.070051641)
(-6.0957146e-06 -1.7831226e-19 0.058277033)
(-3.9584715e-06 -1.4115862e-19 0.047313962)
(-2.4002971e-06 -1.0854658e-19 0.037135644)
(-1.3105417e-06 -7.9613623e-20 0.027709144)
(-5.9738516e-07 -5.3768106e-20 0.018997526)
(-1.8781911e-07 -3.0588364e-20 0.010961505)
(-1.158143e-08 -9.7565568e-21 0.0035607143)
(-3.5615831e-05 -1.3905509e-18 0.30089443)
(-8.2678037e-05 2.3227134e-18 0.2978231)
(-0.00011367405 1.6133459e-18 0.29150846)
(-0.0001313458 1.2533733e-19 0.28242415)
(-0.00013519457 -1.1068159e-18 0.27089749)
(-0.00012964533 -1.1926382e-18 0.2573245)
(-0.00011821747 -4.6108529e-19 0.24216093)
(-0.00010384341 -7.1852095e-19 0.22587729)
(-8.860228e-05 -9.0784908e-19 0.20891728)
(-7.3830197e-05 -1.1097546e-18 0.19167107)
(-6.0291727e-05 -8.9956545e-19 0.17446329)
(-4.8351229e-05 -6.8980383e-19 0.15755168)
(-3.8113411e-05 -4.3073418e-19 0.14113219)
(-2.9528319e-05 -4.5576254e-19 0.12534702)
(-2.2461842e-05 -4.0953315e-19 0.11029357)
(-1.6741248e-05 -3.4981623e-19 0.096033067)
(-1.2184826e-05 -2.9227968e-19 0.082598202)
(-8.6162877e-06 -2.402246e-19 0.069999638)
(-5.8738973e-06 -1.941069e-19 0.058231404)
(-3.8141797e-06 -1.5331944e-19 0.047275251)
(-2.3125312e-06 -1.1702636e-19 0.037104118)
(-1.2625151e-06 -8.4520904e-20 0.027684871)
(-5.7547915e-07 -5.5315981e-20 0.018980427)
(-1.8095981e-07 -2.8986131e-20 0.010951399)
(-1.1172198e-08 -9.2662263e-21 0.0035573463)
(-3.4442536e-05 -2.1444077e-18 0.30160881)
(-7.9941082e-05 -3.7512221e-18 0.29848468)
(-0.00010986952 -2.7867838e-18 0.2920751)
(-0.00012689634 -2.9244935e-18 0.28287919)
(-0.00013055983 -9.6027357e-19 0.27124116)
(-0.00012515375 -1.1405777e-18 0.25756743)
(-0.00011408525 -1.3065198e-18 0.2423188)
(-0.00010018655 -1.6047099e-18 0.2259671)
(-8.5462203e-05 -1.7372137e-18 0.20895505)
(-7.1199828e-05 -1.2791018e-18 0.19167075)
(-5.8134272e-05 -9.7470707e-19 0.1744364)
(-4.6614539e-05 -7.3803526e-19 0.15750736)
(-3.6740072e-05 -5.6768642e-19 0.14107752)
(-2.8461224e-05 -4.6094765e-19 0.12528733)
(-2.1647978e-05 -3.8578401e-19 0.11023282)
(-1.6133672e-05 -3.2384349e-19 0.095974114)
(-1.1741624e-05 -2.7004641e-19 0.082543064)
(-8.3018288e-06 -2.2266385e-19 0.069949694)
(-5.6592185e-06 -1.80509e-19 0.058187552)
(-3.6748899e-06 -1.4307977e-19 0.047238025)
(-2.228173e-06 -1.0991046e-19 0.037073788)
(-1.2164501e-06 -8.0395694e-20 0.027661509)
(-5.5432398e-07 -5.4171977e-20 0.018963965)
(-1.7424885e-07 -3.0760228e-20 0.010941665)
(-1.0738114e-08 -9.8019691e-21 0.0035541017)
(-3.3308022e-05 -2.1275032e-18 0.30230816)
(-7.7295444e-05 -5.017162e-18 0.29913233)
(-0.00010619477 -3.6541723e-18 0.29262986)
(-0.00012260233 -3.6498025e-18 0.28332488)
(-0.00012609081 -1.7865849e-18 0.27157811)
(-0.00012082601 -1.3443035e-18 0.25780609)
(-0.00011010567 -1.5154187e-18 0.24247453)
(-9.66656e-05 -1.5851117e-18 0.22605645)
(-8.2440339e-05 -1.2080525e-18 0.20899364)
(-6.8669704e-05 -7.3065851e-19 0.19167216)
(-5.6059852e-05 -8.491816e-19 0.1744118)
(-4.4945341e-05 -8.0456595e-19 0.15746567)
(-3.5420625e-05 -8.8443861e-19 0.14102561)
(-2.7436719e-05 -6.2325755e-19 0.1252304)
(-2.0866975e-05 -4.6976609e-19 0.11017471)
(-1.5550336e-05 -3.7265795e-19 0.095917625)
(-1.1316473e-05 -3.0487555e-19 0.082490163)
(-8.001448e-06 -2.5347889e-19 0.06990173)
(-5.4544162e-06 -2.1209305e-19 0.058145405)
(-3.5415394e-06 -1.7740806e-19 0.047202226)
(-2.1471421e-06 -1.4913805e-19 0.037044607)
(-1.1722986e-06 -1.0851079e-19 0.027639023)
(-5.3438084e-07 -7.3500238e-20 0.018948114)
(-1.6796671e-07 -4.2008486e-20 0.010932291)
(-1.0350516e-08 -1.3456062e-20 0.0035509759)
(-3.2210853e-05 -9.0533432e-18 0.30299289)
(-7.4737843e-05 -1.9112878e-18 0.29976643)
(-0.00010264499 -3.3562109e-18 0.29317308)
(-0.00011845787 -2.2416311e-18 0.28376149)
(-0.00012178089 -2.3019562e-18 0.27190855)
(-0.00011665473 -1.5849091e-18 0.25804064)
(-0.00010627168 -1.5119739e-18 0.24262817)
(-9.3275312e-05 -1.2646225e-18 0.22614536)
(-7.953147e-05 -3.1428213e-19 0.20903302)
(-6.6234344e-05 -2.5933344e-21 0.1916752)
(-5.4063425e-05 -6.7692456e-19 0.1743894)
(-4.3339155e-05 -1.1011993e-18 0.15742649)
(-3.4150869e-05 -8.9619503e-19 0.14097634)
(-2.645036e-05 -7.1813103e-19 0.12517611)
(-2.0114882e-05 -5.7301998e-19 0.11011915)
(-1.4988561e-05 -4.5922725e-19 0.095863505)
(-1.0906836e-05 -3.6908028e-19 0.082439412)
(-7.7110008e-06 -2.9476876e-19 0.069855671)
(-5.2557383e-06 -2.3075297e-19 0.058104901)
(-3.4122672e-06 -1.7350325e-19 0.047167801)
(-2.0685644e-06 -1.1995963e-19 0.037016531)
(-1.1292196e-06 -8.7294905e-20 0.027617381)
(-5.1474032e-07 -5.5443404e-20 0.018932852)
(-1.6185198e-07 -3.3882662e-20 0.010923262)
(-9.9867962e-09 -1.0783466e-20 0.0035479643)
(-3.114943e-05 -6.5379727e-18 0.30366337)
(-7.2264974e-05 -8.3414188e-19 0.30038736)
(-9.9215769e-05 -2.7659967e-18 0.29370508)
(-0.00011445746 -1.645883e-18 0.28418931)
(-0.00011762392 -1.6223662e-18 0.27223269)
(-0.00011263445 -1.5102051e-18 0.25827119)
(-0.00010257862 -1.3801394e-18 0.2427798)
(-9.0011019e-05 -1.0846417e-18 0.22623383)
(-7.6731638e-05 -8.2450551e-19 0.20907314)
(-6.3890959e-05 -8.0717403e-19 0.19167982)
(-5.2142408e-05 -7.5401709e-19 0.17436913)
(-4.1793496e-05 -8.2186875e-19 0.15738974)
(-3.2929129e-05 -5.2641132e-19 0.14092963)
(-2.5501861e-05 -5.5423014e-19 0.12512437)
(-1.9392523e-05 -5.0525444e-19 0.11006603)
(-1.4449611e-05 -4.3419536e-19 0.095811665)
(-1.051431e-05 -3.6036648e-19 0.082390731)
(-7.4334851e-06 -2.9064905e-19 0.069811443)
(-5.0668333e-06 -2.2726199e-19 0.058065977)
(-3.2898819e-06 -1.7030403e-19 0.047134698)
(-1.9945833e-06 -1.1814035e-19 0.036989519)
(-1.0889469e-06 -8.8080606e-20 0.027596549)
(-4.9641016e-07 -6.0508867e-20 0.018918158)
(-1.5619005e-07 -3.6477435e-20 0.010914566)
(-9.7303201e-09 -1.1501873e-20 0.0035450629)
(-3.0122739e-05 1.6633534e-18 0.30431999)
(-6.9873699e-05 -4.1885114e-18 0.30099545)
(-9.5901966e-05 -2.7592179e-18 0.29422619)
(-0.00011059456 -2.8403981e-18 0.28460858)
(-0.00011361279 -1.0129678e-18 0.27255071)
(-0.00010875745 -1.2640378e-18 0.25849787)
(-9.9019008e-05 -1.2542257e-18 0.24292947)
(-8.6866076e-05 -1.1811546e-18 0.22632188)
(-7.4035166e-05 -1.5944889e-18 0.20911397)
(-6.1634776e-05 -1.6423506e-18 0.19168596)
(-5.0293473e-05 -8.6330257e-19 0.17435089)
(-4.0306084e-05 -3.4967766e-19 0.15735532)
(-3.1753545e-05 -4.8865371e-19 0.14088538)
(-2.4588967e-05 -4.1249475e-19 0.12507508)
(-1.8696295e-05 -3.8335419e-19 0.11001527)
(-1.392954e-05 -3.4990911e-19 0.095762018)
(-1.0135115e-05 -3.1023089e-19 0.082344042)
(-7.1647384e-06 -2.6894369e-19 0.069768978)
(-4.8830037e-06 -2.294722e-19 0.058028573)
(-3.1700789e-06 -1.9390454e-19 0.047102867)
(-1.9218815e-06 -1.6403413e-19 0.036963532)
(-1.0492609e-06 -1.2164092e-19 0.027576499)
(-4.7829781e-07 -8.5934145e-20 0.018904009)
(-1.5047711e-07 -4.6616903e-20 0.01090619)
(-9.358739e-09 -1.4904241e-20 0.0035422673)
(-2.9129588e-05 1.0378913e-18 0.30496309)
(-6.7561237e-05 -5.3227003e-18 0.30159106)
(-9.2699513e-05 -3.1160953e-18 0.29473671)
(-0.00010686415 -3.2470543e-18 0.28501956)
(-0.00010974177 -1.8440321e-18 0.2728628)
(-0.00010501794 -1.3327375e-18 0.25872079)
(-9.5587202e-05 -1.2150821e-18 0.24307725)
(-8.3834766e-05 -1.1305895e-18 0.22640949)
(-7.1436285e-05 -9.1255775e-19 0.20915548)
(-5.9460191e-05 -1.1159959e-18 0.19169355)
(-4.8510993e-05 -7.8490971e-19 0.1743346)
(-3.8872135e-05 -5.4333589e-19 0.15732314)
(-3.0620294e-05 -6.9878637e-19 0.14084348)
(-2.3708879e-05 -5.2247303e-19 0.12502814)
(-1.8025347e-05 -4.2844708e-19 0.10996677)
(-1.3428463e-05 -3.641445e-19 0.095714481)
(-9.7697845e-06 -3.1203e-19 0.082299269)
(-6.9061925e-06 -2.6670106e-19 0.069728211)
(-4.7068519e-06 -2.2562828e-19 0.057992633)
(-3.0557391e-06 -1.8719231e-19 0.04707226)
(-1.8523647e-06 -1.4978052e-19 0.03693853)
(-1.0112069e-06 -1.1193893e-19 0.0275572)
(-4.609627e-07 -7.5654463e-20 0.018890385)
(-1.4490158e-07 -4.2405617e-20 0.010898123)
(-8.9558028e-09 -1.3443344e-20 0.0035395737)
(-2.8168894e-05 -9.1164384e-18 0.30559303)
(-6.5325156e-05 -2.4432918e-18 0.30217452)
(-8.9604348e-05 -3.0080927e-18 0.29523693)
(-0.00010326096 -1.858984e-18 0.28542249)
(-0.00010600518 -2.2623924e-18 0.27316914)
(-0.00010141013 -1.4873728e-18 0.25894008)
(-9.2277315e-05 -1.1620582e-18 0.24322317)
(-8.0911962e-05 -8.5071167e-19 0.22649668)
(-6.8931269e-05 -7.0989481e-20 0.20919764)
(-5.7364831e-05 3.8777317e-20 0.19170254)
(-4.6794007e-05 -5.657801e-19 0.17432019)
(-3.7491146e-05 -9.3481583e-19 0.15729311)
(-2.9528848e-05 -6.7230482e-19 0.14080385)
(-2.286087e-05 -6.1736819e-19 0.12498347)
(-1.7378787e-05 -5.1783781e-19 0.10992044)
(-1.2945616e-05 -4.2492406e-19 0.095668976)
(-9.4173135e-06 -3.4491192e-19 0.08225634)
(-6.6561821e-06 -2.758875e-19 0.069689077)
(-4.5360172e-06 -2.1497467e-19 0.057958102)
(-2.9444483e-06 -1.5994548e-19 0.047042833)
(-1.7847117e-06 -1.087479e-19 0.036914478)
(-9.7420784e-07 -7.9262183e-20 0.027538626)
(-4.4404687e-07 -5.1163944e-20 0.018877267)
(-1.3957489e-07 -2.9641845e-20 0.010890352)
(-8.5918777e-09 -9.5823032e-21 0.0035369783)
(-2.7239437e-05 -9.0200681e-18 0.30621015)
(-6.3162715e-05 -1.7904143e-18 0.30274614)
(-8.6612987e-05 -2.6793889e-18 0.29572713)
(-9.978095e-05 -1.4456744e-18 0.28581758)
(-0.00010239827 -1.8446807e-18 0.27346988)
(-9.7929216e-05 -1.4956982e-18 0.25915582)
(-8.9085019e-05 -1.2073225e-18 0.24336729)
(-7.8093551e-05 -9.3282032e-19 0.22658345)
(-6.6516262e-05 -8.4468063e-19 0.2092404)
(-5.5344932e-05 -4.8427014e-19 0.19171286)
(-4.5139152e-05 -6.5003431e-19 0.17430759)
(-3.6160224e-05 -7.4820699e-19 0.15726516)
(-2.8476702e-05 -4.6552933e-19 0.1407664)
(-2.2043986e-05 -5.0884296e-19 0.12494098)
(-1.6756363e-05 -4.6837797e-19 0.10987622)
(-1.2480934e-05 -4.0262144e-19 0.095625428)
(-9.0789604e-06 -3.3430384e-19 0.082215189)
(-6.4170671e-06 -2.7061466e-19 0.069651518)
(-4.3729284e-06 -2.1318292e-19 0.05792493)
(-2.8385696e-06 -1.6292682e-19 0.047014543)
(-1.7206636e-06 -1.2051422e-19 0.036891341)
(-9.3932214e-07 -8.6478474e-20 0.02752075)
(-4.2819003e-07 -5.7835482e-20 0.018864638)
(-1.3464674e-07 -3.204669e-20 0.010882868)
(-8.3645781e-09 -1.047845e-20 0.0035344778)
(-2.634002e-05 2.6869667e-18 0.30681478)
(-6.1070652e-05 -4.776887e-18 0.30330625)
(-8.3721062e-05 -2.9959519e-18 0.29620759)
(-9.641854e-05 -4.016133e-18 0.28620508)
(-9.8915463e-05 -2.0284599e-18 0.27376519)
(-9.4569774e-05 -1.5325298e-18 0.25936813)
(-8.6005187e-05 -1.1354572e-18 0.24350966)
(-7.5375219e-05 -1.0410875e-18 0.2266698)
(-6.4187019e-05 -1.6412071e-18 0.20928375)
(-5.3396413e-05 -1.2350362e-18 0.19172446)
(-4.354219e-05 -7.6178154e-19 0.17429672)
(-3.4875391e-05 -2.8832732e-19 0.15723919)
(-2.7460972e-05 -3.0701391e-19 0.14073106)
(-2.1254813e-05 -3.4155483e-19 0.1249006)
(-1.615469e-05 -3.4077118e-19 0.10983402)
(-1.2031337e-05 -3.1660579e-19 0.095583764)
(-8.7509487e-06 -2.8217774e-19 0.082175751)
(-6.1842639e-06 -2.4555764e-19 0.069615476)
(-4.2135174e-06 -2.1075621e-19 0.057893066)
(-2.7347713e-06 -1.7938867e-19 0.046987348)
(-1.6573333e-06 -1.5294795e-19 0.036869087)
(-9.0439666e-07 -1.1280028e-19 0.027503547)
(-4.1207386e-07 -7.8481592e-20 0.018852478)
(-1.2955421e-07 -4.4031214e-20 0.01087566)
(-7.995559e-09 -1.3894678e-20 0.0035320686)
(-2.5469665e-05 1.747663e-18 0.30740724)
(-5.904687e-05 -5.4237087e-18 0.30385513)
(-8.0924892e-05 -3.3159663e-18 0.29667856)
(-9.3169281e-05 -4.0218938e-18 0.28658517)
(-9.5551186e-05 -2.4479676e-18 0.27405523)
(-9.1326105e-05 -1.6976262e-18 0.25957709)
(-8.3033108e-05 -1.2269031e-18 0.24365032)
(-7.2753255e-05 -1.1149017e-18 0.22675574)
(-6.1940795e-05 -1.1402995e-18 0.20932765)
(-5.1518122e-05 -1.0954726e-18 0.19173729)
(-4.2003925e-05 -7.8740239e-19 0.17428751)
(-3.363823e-05 -5.4060409e-19 0.15721514)
(-2.6483496e-05 -6.5099448e-19 0.14069774)
(-2.0495987e-05 -4.8039501e-19 0.12486223)
(-1.5575947e-05 -3.9424314e-19 0.10979376)
(-1.1599147e-05 -3.3713402e-19 0.095543915)
(-8.4357117e-06 -2.9107381e-19 0.08213796)
(-5.9609701e-06 -2.4988162e-19 0.069580894)
(-4.0612555e-06 -2.1180211e-19 0.057862463)
(-2.6359124e-06 -1.7624818e-19 0.046961208)
(-1.5974922e-06 -1.4219773e-19 0.036847682)
(-8.7166061e-07 -1.0569931e-19 0.027486991)
(-3.9698391e-07 -7.1571357e-20 0.018840772)
(-1.2472841e-07 -4.0688107e-20 0.010868718)
(-7.6964881e-09 -1.2962803e-20 0.0035297472)
(-2.4627746e-05 3.9729192e-19 0.30798784)
(-5.7089398e-05 -2.1115327e-18 0.30439308)
(-7.822141e-05 -3.3852672e-18 0.29714031)
(-9.002925e-05 -1.6088326e-18 0.28695807)
(-9.2301846e-05 -2.4484565e-18 0.27434013)
(-8.8194388e-05 -1.8681626e-18 0.2597828)
(-8.0163872e-05 -1.5114238e-18 0.24378931)
(-7.0221988e-05 -1.2430986e-18 0.22684127)
(-5.9772856e-05 -4.7193778e-19 0.20937207)
(-4.9705369e-05 -4.9879969e-19 0.1917513)
(-4.051889e-05 -6.8274719e-19 0.17427991)
(-3.24439e-05 -9.1290152e-19 0.15719294)
(-2.5539296e-05 -7.7235655e-19 0.14066637)
(-1.9762686e-05 -5.9215609e-19 0.12482582)
(-1.5017019e-05 -4.621512e-19 0.10975537)
(-1.1181676e-05 -3.6883541e-19 0.095505815)
(-8.1312999e-06 -2.9672439e-19 0.08210176)
(-5.7453654e-06 -2.3701323e-19 0.069547721)
(-3.9139326e-06 -1.8430254e-19 0.057833076)
(-2.5400876e-06 -1.3715146e-19 0.046936086)
(-1.5394523e-06 -9.6394003e-20 0.036827097)
(-8.4012133e-07 -6.6262136e-20 0.027471062)
(-3.8280682e-07 -4.0304704e-20 0.018829503)
(-1.2036791e-07 -2.4217512e-20 0.010862033)
(-7.4479811e-09 -7.9172497e-21 0.0035275109)
(-2.3812993e-05 -2.4722551e-19 0.30855687)
(-5.5195465e-05 -7.4455981e-19 0.30492039)
(-7.5606641e-05 -1.2142013e-18 0.29759307)
(-8.6994144e-05 -3.4047493e-19 0.28732398)
(-8.9162711e-05 -2.3188813e-18 0.27462005)
(-8.5169836e-05 -2.0772509e-18 0.25998535)
(-7.7393927e-05 -2.3036466e-18 0.24392668)
(-6.7778948e-05 -1.4277783e-18 0.22692639)
(-5.7680836e-05 -1.0734051e-18 0.20941698)
(-4.7956551e-05 -8.1099116e-19 0.19176643)
(-3.9086359e-05 -8.6868582e-19 0.17427385)
(-3.1291717e-05 -1.0614269e-18 0.15717251)
(-2.4628841e-05 -1.1720328e-18 0.14063687)
(-1.9055817e-05 -8.7518715e-19 0.12479128)
(-1.4478168e-05 -6.8338694e-19 0.1097188)
(-1.0779227e-05 -5.6250955e-19 0.095469402)
(-7.837932e-06 -4.8651666e-19 0.082067093)
(-5.5375286e-06 -3.6847676e-19 0.069515906)
(-3.7719065e-06 -2.7399337e-19 0.05780486)
(-2.447526e-06 -1.9552277e-19 0.046911945)
(-1.4830618e-06 -1.2826665e-19 0.036807303)
(-8.0925172e-07 -9.1488293e-20 0.027455735)
(-3.6863903e-07 -5.9023841e-20 0.018818655)
(-1.1581498e-07 -3.5103498e-20 0.010855595)
(-7.1197345e-09 -1.1037315e-20 0.0035253564)
(-2.3024233e-05 -2.3734757e-18 0.30911464)
(-5.3362871e-05 -3.6076137e-18 0.30543732)
(-7.3078216e-05 -6.447721e-19 0.29803709)
(-8.4060479e-05 -6.6438307e-20 0.28768309)
(-8.6130046e-05 -1.5743786e-18 0.27489511)
(-8.224945e-05 -1.8584018e-18 0.26018482)
(-7.4720328e-05 -1.4584703e-18 0.24406246)
(-6.5421784e-05 -1.2983369e-18 0.22701109)
(-5.566254e-05 -1.092161e-18 0.20946237)
(-4.6269166e-05 -9.979914e-19 0.19178265)
(-3.7704152e-05 -8.2299968e-19 0.17426927)
(-3.0180351e-05 -5.4205098e-19 0.15715379)
(-2.3750398e-05 -4.8901544e-19 0.14060918)
(-1.8373436e-05 -6.2271429e-19 0.12475854)
(-1.395782e-05 -6.1484001e-19 0.10968396)
(-1.0390569e-05 -5.5910061e-19 0.095434614)
(-7.5546215e-06 -4.8792927e-19 0.082033904)
(-5.3369961e-06 -4.1077266e-19 0.069485403)
(-3.6351101e-06 -3.3937127e-19 0.057777777)
(-2.3586124e-06 -2.7655575e-19 0.046888752)
(-1.4291851e-06 -2.2044587e-19 0.036788273)
(-7.7984268e-07 -1.6519002e-19 0.027440992)
(-3.5527601e-07 -1.1552576e-19 0.018808215)
(-1.117186e-07 -6.4251207e-20 0.010849396)
(-6.9378286e-09 -2.0264226e-20 0.0035232811)
(-2.2260874e-05 -3.8351144e-18 0.30966142)
(-5.1589658e-05 -4.6345559e-18 0.30594415)
(-7.0632502e-05 -2.7669991e-18 0.29847259)
(-8.1223921e-05 -1.7585537e-18 0.28803556)
(-8.3198991e-05 -3.4301275e-19 0.27516545)
(-7.9427974e-05 -1.4953939e-18 0.26038129)
(-7.2137715e-05 -1.2799275e-18 0.24419669)
(-6.3145033e-05 -1.2556521e-18 0.22709538)
(-5.3713566e-05 -1.1283429e-18 0.20950818)
(-4.4639762e-05 -9.5948844e-19 0.1917999)
(-3.6369531e-05 -7.167304e-19 0.17426611)
(-2.9107073e-05 -4.0631046e-19 0.15713671)
(-2.2902502e-05 -1.368117e-19 0.14058323)
(-1.77153e-05 -3.0683427e-19 0.12472755)
(-1.3456406e-05 -3.5783783e-19 0.1096508)
(-1.0016536e-05 -3.3300786e-19 0.095401394)
(-7.2818646e-06 -2.676089e-19 0.08200214)
(-5.1436947e-06 -2.5421463e-19 0.069456162)
(-3.5031619e-06 -2.2886932e-19 0.057751784)
(-2.2728632e-06 -1.9961914e-19 0.046866472)
(-1.3771744e-06 -1.7158012e-19 0.036769978)
(-7.5138576e-07 -1.2826115e-19 0.02742681)
(-3.4223808e-07 -9.0123231e-20 0.018798167)
(-1.0755596e-07 -5.1338224e-20 0.010843428)
(-6.6266559e-09 -1.6392715e-20 0.0035212821)
(-2.1521991e-05 -3.2422076e-18 0.31019749)
(-4.9873609e-05 -4.5367569e-18 0.30644113)
(-6.8266711e-05 -3.245784e-18 0.2988998)
(-7.8481272e-05 -2.2560351e-18 0.28838159)
(-8.0366089e-05 -1.4185162e-18 0.2754312)
(-7.6701833e-05 -1.4991225e-18 0.26057484)
(-6.964323e-05 -1.3101334e-18 0.24432939)
(-6.0946342e-05 -1.2474467e-18 0.22717927)
(-5.1831264e-05 -1.1165102e-18 0.20955442)
(-4.3066359e-05 -9.1473007e-19 0.19181814)
(-3.508081e-05 -6.7375696e-19 0.17426432)
(-2.8070948e-05 -4.4033251e-19 0.15712122)
(-2.208395e-05 -2.8331902e-19 0.14055895)
(-1.7079404e-05 -2.5633763e-19 0.12469824)
(-1.2971475e-05 -2.449269e-19 0.10961926)
(-9.6542341e-06 -2.2480245e-19 0.095369685)
(-7.0176344e-06 -1.9876206e-19 0.081971751)
(-4.9565103e-06 -1.745688e-19 0.069428141)
(-3.3754754e-06 -1.4960539e-19 0.057726844)
(-2.1898826e-06 -1.2397019e-19 0.046845074)
(-1.3265281e-06 -9.8403858e-20 0.036752393)
(-7.2367295e-07 -7.3533674e-20 0.02741317)
(-3.2965127e-07 -5.0192469e-20 0.018788499)
(-1.0356574e-07 -2.8695094e-20 0.010837682)
(-6.3939545e-09 -9.1717872e-21 0.0035193567)
(-2.0806876e-05 -2.3995625e-18 0.31072312)
(-4.8213002e-05 -4.0061572e-18 0.3069285)
(-6.5978102e-05 -3.2990717e-18 0.29931893)
(-7.5829316e-05 -2.5280731e-18 0.28872134)
(-7.7627529e-05 -2.8289343e-18 0.27569246)
(-7.4067089e-05 -1.6767747e-18 0.26076554)
(-6.7233104e-05 -1.3724608e-18 0.24446062)
(-5.8822964e-05 -1.2331699e-18 0.22726274)
(-5.0014242e-05 -1.0805205e-18 0.20960104)
(-4.1547903e-05 -8.7862256e-19 0.19183733)
(-3.3837906e-05 -6.6595126e-19 0.17426383)
(-2.7071825e-05 -4.8518421e-19 0.15710725)
(-2.1294043e-05 -3.6087064e-19 0.14053629)
(-1.6465857e-05 -2.8263623e-19 0.12467055)
(-1.2503788e-05 -2.3463049e-19 0.10958928)
(-9.304974e-06 -2.0044363e-19 0.095339433)
(-6.762838e-06 -1.7195765e-19 0.081942688)
(-4.7760678e-06 -1.4544809e-19 0.069401295)
(-3.2521373e-06 -1.2059228e-19 0.057702919)
(-2.109497e-06 -9.7403191e-20 0.046824526)
(-1.2779291e-06 -7.587796e-20 0.036735494)
(-6.9724907e-07 -5.6094643e-20 0.027400053)
(-3.1776643e-07 -3.8044498e-20 0.018779196)
(-9.9984071e-08 -2.1688272e-20 0.010832151)
(-6.2349731e-09 -6.9257897e-21 0.0035175024)
(-2.0114663e-05 -2.3535351e-18 0.31123857)
(-4.660586e-05 -3.6169576e-18 0.30740652)
(-6.3763787e-05 -3.2542034e-18 0.29973019)
(-7.3264703e-05 -2.5682283e-18 0.28905497)
(-7.4980373e-05 -2.4050625e-18 0.27594936)
(-7.1520754e-05 -1.6725396e-18 0.26095346)
(-6.4904226e-05 -1.3844281e-18 0.24459039)
(-5.6771208e-05 -1.2128199e-18 0.2273458)
(-4.8258721e-05 -1.0464238e-18 0.20964803)
(-4.0081329e-05 -8.5255705e-19 0.19185743)
(-3.2637122e-05 -6.6529302e-19 0.17426461)
(-2.6106491e-05 -5.135747e-19 0.15709474)
(-2.0531354e-05 -4.0091309e-19 0.14051518)
(-1.5873769e-05 -3.1771222e-19 0.12464442)
(-1.2052545e-05 -2.5814364e-19 0.1095608)
(-8.9679475e-06 -2.1413131e-19 0.095310588)
(-6.5171622e-06 -1.7851001e-19 0.081914904)
(-4.6018635e-06 -1.4773858e-19 0.069375585)
(-3.1331351e-06 -1.2069011e-19 0.057679974)
(-2.0322835e-06 -9.6455077e-20 0.046804799)
(-1.2310099e-06 -7.4614793e-20 0.036719256)
(-6.7152383e-07 -5.4910951e-20 0.027387441)
(-3.0589407e-07 -3.7152949e-20 0.018770246)
(-9.6135012e-08 -2.1152909e-20 0.010826828)
(-5.9545558e-09 -6.749696e-21 0.0035157169)
(-1.9444603e-05 -2.5615029e-18 0.31174409)
(-4.5050296e-05 -3.4304442e-18 0.30787541)
(-6.1621668e-05 -3.1584957e-18 0.30013377)
(-7.0784291e-05 -2.4282342e-18 0.28938265)
(-7.2420776e-05 -1.6819664e-18 0.27620202)
(-6.9060007e-05 -1.499213e-18 0.26113867)
(-6.2654184e-05 -1.2863405e-18 0.24471874)
(-5.4789124e-05 -8.2695049e-19 0.22742845)
(-4.6562993e-05 -9.5465189e-19 0.20969535)
(-3.8664249e-05 -8.2405359e-19 0.1918784)
(-3.1476426e-05 -6.6853725e-19 0.17426661)
(-2.5172769e-05 -5.3628565e-19 0.15708364)
(-1.9793673e-05 -4.3252627e-19 0.14049557)
(-1.5300774e-05 -3.5254247e-19 0.12461979)
(-1.1615111e-05 -2.9008161e-19 0.10953377)
(-8.6409045e-06 -2.3968075e-19 0.095283099)
(-6.2783932e-06 -1.980457e-19 0.081888355)
(-4.4327665e-06 -1.6260131e-19 0.06935097)
(-3.0178611e-06 -1.3187328e-19 0.057657977)
(-1.9572484e-06 -1.0485286e-19 0.046785867)
(-1.1853576e-06 -8.0805921e-20 0.036703659)
(-6.4656707e-07 -5.9319793e-20 0.027375318)
(-2.9453064e-07 -4.0064375e-20 0.018761639)
(-9.254173e-08 -2.2787726e-20 0.010821705)
(-5.695653e-09 -7.2669269e-21 0.0035139978)
(-1.8795659e-05 -2.6797423e-18 0.31223992)
(-4.3544283e-05 -3.3601734e-18 0.3083354)
(-5.9548533e-05 -3.0591836e-18 0.30052988)
(-6.8384607e-05 -2.2883343e-18 0.28970451)
(-6.9945264e-05 -1.3453142e-18 0.27645053)
(-6.6680326e-05 -1.3623547e-18 0.26132124)
(-6.0479081e-05 -1.2050974e-18 0.2448457)
(-5.2873533e-05 -8.6731706e-19 0.22751069)
(-4.492367e-05 -9.0617455e-19 0.209743)
(-3.7294444e-05 -8.1019311e-19 0.1919002)
(-3.0354637e-05 -6.8061923e-19 0.17426976)
(-2.4271029e-05 -5.6131941e-19 0.1570739)
(-1.9081079e-05 -4.6241316e-19 0.14047741)
(-1.4747291e-05 -3.8245148e-19 0.12459661)
(-1.1193331e-05 -3.1726392e-19 0.10950815)
(-8.325888e-06 -2.6328414e-19 0.095256921)
(-6.0486e-06 -2.1769491e-19 0.081862999)
(-4.2697874e-06 -1.7843454e-19 0.069327414)
(-2.9062734e-06 -1.4442745e-19 0.057636893)
(-1.8845084e-06 -1.1461722e-19 0.0467677)
(-1.1411181e-06 -8.8200615e-20 0.036688679)
(-6.223423e-07 -6.4689586e-20 0.027363666)
(-2.8337107e-07 -4.3687062e-20 0.018753361)
(-8.8979661e-08 -2.4844184e-20 0.010816776)
(-5.4622051e-09 -7.9222409e-21 0.0035123428)
(-1.8167481e-05 -2.7158441e-18 0.31272631)
(-4.2086543e-05 -3.3251618e-18 0.30878672)
(-5.7542138e-05 -2.991016e-18 0.3009187)
(-6.606311e-05 -2.3495014e-18 0.29002072)
(-6.7551423e-05 -1.952757e-18 0.27669501)
(-6.4379649e-05 -1.4767233e-18 0.26150122)
(-5.8375976e-05 -1.2767449e-18 0.24497129)
(-5.1021392e-05 -1.3086299e-18 0.22759252)
(-4.3339234e-05 -9.8138991e-19 0.20979094)
(-3.5970646e-05 -8.3417809e-19 0.19192279)
(-2.927075e-05 -7.0285775e-19 0.17427404)
(-2.3399138e-05 -5.8707159e-19 0.15706547)
(-1.839177e-05 -4.8862617e-19 0.14046063)
(-1.4212217e-05 -4.061879e-19 0.12457483)
(-1.0785895e-05 -3.386109e-19 0.10948387)
(-8.0218313e-06 -2.8178543e-19 0.095232005)
(-5.8271678e-06 -2.3324379e-19 0.081838793)
(-4.1134155e-06 -1.9153335e-19 0.069304878)
(-2.7997035e-06 -1.5518816e-19 0.057616692)
(-1.8153481e-06 -1.2319105e-19 0.046750272)
(-1.099241e-06 -9.4880956e-20 0.036674295)
(-5.9946556e-07 -6.9642294e-20 0.027352469)
(-2.7300379e-07 -4.7041165e-20 0.018745401)
(-8.5715489e-08 -2.6754824e-20 0.010812034)
(-5.269993e-09 -8.5319561e-21 0.0035107496)
(-1.7559338e-05 -2.73704e-18 0.31320348)
(-4.0675404e-05 -3.3429115e-18 0.30922958)
(-5.5600587e-05 -2.9967558e-18 0.30130041)
(-6.3817198e-05 -2.4861362e-18 0.29033141)
(-6.5236118e-05 -2.2938725e-18 0.27693554)
(-6.2155334e-05 -1.6503823e-18 0.26167869)
(-5.6343377e-05 -1.3864751e-18 0.24509553)
(-4.9231405e-05 -1.3584273e-18 0.22767393)
(-4.1808003e-05 -1.0423566e-18 0.20983916)
(-3.4691289e-05 -8.5591029e-19 0.19194614)
(-2.8223218e-05 -7.1477626e-19 0.17427939)
(-2.2557168e-05 -5.9950295e-19 0.15705829)
(-1.7726557e-05 -5.0207791e-19 0.14044519)
(-1.369542e-05 -4.1980797e-19 0.1245544)
(-1.0391437e-05 -3.5152012e-19 0.1094609)
(-7.7270996e-06 -2.9356413e-19 0.095208307)
(-5.6124185e-06 -2.441101e-19 0.081815697)
(-3.9612151e-06 -2.0088302e-19 0.069283328)
(-2.695829e-06 -1.6296594e-19 0.057597343)
(-1.7480243e-06 -1.2954188e-19 0.046733559)
(-1.0585344e-06 -9.9848773e-20 0.036660487)
(-5.7734545e-07 -7.3307872e-20 0.027341713)
(-2.6307001e-07 -4.9521656e-20 0.018737749)
(-8.2694717e-08 -2.8169258e-20 0.010807473)
(-5.1170812e-09 -8.9838502e-21 0.0035092164)
(-1.6970408e-05 -2.6874385e-18 0.31367166)
(-3.930928e-05 -3.202755e-18 0.30966418)
(-5.3721226e-05 -2.8716881e-18 0.30167519)
(-6.1643672e-05 -2.4942439e-18 0.29063672)
(-6.2996189e-05 -2.2782259e-18 0.27717224)
(-6.0003754e-05 -1.7540576e-18 0.26185369)
(-5.4377675e-05 -1.4466304e-18 0.24521847)
(-4.7501024e-05 -1.3204224e-18 0.22775493)
(-4.0328102e-05 -1.0511862e-18 0.20988763)
(-3.3455015e-05 -8.7014128e-19 0.19197022)
(-2.721108e-05 -7.3187679e-19 0.17428577)
(-2.174352e-05 -6.1949641e-19 0.15705232)
(-1.7084009e-05 -5.2418462e-19 0.14043105)
(-1.3196981e-05 -4.4148908e-19 0.12453527)
(-1.0011856e-05 -3.7097209e-19 0.10943918)
(-7.4439116e-06 -3.1068818e-19 0.095185787)
(-5.4060424e-06 -2.5839176e-19 0.081793674)
(-3.8153153e-06 -2.1282017e-19 0.069262731)
(-2.5964405e-06 -1.7283759e-19 0.057578817)
(-1.6834225e-06 -1.3746656e-19 0.046717536)
(-1.0193654e-06 -1.0597032e-19 0.036647236)
(-5.5596858e-07 -7.7819899e-20 0.027331381)
(-2.5324687e-07 -5.2580175e-20 0.018730394)
(-7.9586578e-08 -2.9912878e-20 0.010803086)
(-4.9880516e-09 -9.5416281e-21 0.0035077411)
(-1.6399937e-05 -2.8689204e-18 0.31413106)
(-3.7986443e-05 -3.8153108e-18 0.31009073)
(-5.1902083e-05 -3.3722125e-18 0.30204321)
(-5.954077e-05 -2.9687901e-18 0.29093677)
(-6.0829585e-05 -2.3956593e-18 0.27740518)
(-5.7922989e-05 -1.801372e-18 0.26202628)
(-5.2476349e-05 -1.3764796e-18 0.24534011)
(-4.5827064e-05 -8.279746e-19 0.22783551)
(-3.8896673e-05 -9.1882373e-19 0.20993634)
(-3.2259466e-05 -7.8062433e-19 0.19199499)
(-2.6232099e-05 -6.6255925e-19 0.17429314)
(-2.0956173e-05 -5.5303614e-19 0.15704752)
(-1.6461388e-05 -4.5750842e-19 0.14041815)
(-1.2713091e-05 -3.9204223e-19 0.12451739)
(-9.6427561e-06 -3.3735136e-19 0.10941867)
(-7.1679036e-06 -2.8847745e-19 0.095164401)
(-5.2042619e-06 -2.4400087e-19 0.081772685)
(-3.6718454e-06 -2.034148e-19 0.069243052)
(-2.4980289e-06 -1.6651061e-19 0.057561086)
(-1.6190463e-06 -1.3311779e-19 0.046702179)
(-9.799926e-07 -1.0294526e-19 0.036634523)
(-5.342526e-07 -7.5735152e-20 0.02732146)
(-2.4316151e-07 -5.1226126e-20 0.018723327)
(-7.6285418e-08 -2.91581e-20 0.010798869)
(-4.6864762e-09 -9.3024621e-21 0.0035063216)
(-1.584773e-05 -2.6182657e-18 0.31458191)
(-3.670569e-05 -1.4237809e-18 0.31050942)
(-5.0141246e-05 -4.1147442e-19 0.30240463)
(-5.7505476e-05 -1.3597319e-18 0.29123171)
(-5.873273e-05 -2.0654935e-18 0.27763446)
(-5.5909668e-05 -1.7805967e-18 0.26219652)
(-5.0637914e-05 -1.516967e-18 0.24546048)
(-4.4209486e-05 -1.1391119e-18 0.22791568)
(-3.7513519e-05 -1.0342203e-18 0.20998527)
(-3.110419e-05 -9.2688449e-19 0.19202042)
(-2.5286778e-05 -8.1803525e-19 0.17430146)
(-2.0196612e-05 -7.9546836e-19 0.15704383)
(-1.5861582e-05 -8.8961327e-19 0.14040644)
(-1.2247264e-05 -6.419788e-19 0.12450071)
(-9.2874185e-06 -4.8980006e-19 0.10939934)
(-6.9025333e-06 -3.8630059e-19 0.095144113)
(-5.0109718e-06 -3.0965933e-19 0.081752697)
(-3.5350919e-06 -2.4910408e-19 0.069224263)
(-2.4047223e-06 -1.9927222e-19 0.057544124)
(-1.5584101e-06 -1.5695843e-19 0.046687468)
(-9.4338296e-07 -1.2025566e-19 0.03662233)
(-5.1435761e-07 -8.7985145e-20 0.027311937)
(-2.341091e-07 -5.9329857e-20 0.018716538)
(-7.3547872e-08 -3.3717711e-20 0.010794815)
(-4.5561442e-09 -1.0749024e-20 0.0035049564)
(-1.5312907e-05 -2.0215963e-18 0.3150244)
(-3.5465506e-05 -2.4888482e-19 0.31092045)
(-4.8436402e-05 2.5523235e-19 0.30275962)
(-5.5535622e-05 7.1335783e-20 0.29152166)
(-5.6704433e-05 -4.9052848e-19 0.27786018)
(-5.3962473e-05 -1.3705676e-18 0.26236446)
(-4.8859568e-05 -8.4122839e-19 0.24557961)
(-4.2644214e-05 -1.4667012e-18 0.22799542)
(-3.6174595e-05 -1.1130137e-18 0.21003439)
(-2.9985545e-05 -1.0496137e-18 0.19204648)
(-2.4371042e-05 -9.1376137e-19 0.1743107)
(-1.9460236e-05 -7.5166001e-19 0.15704124)
(-1.527948e-05 -5.0494701e-19 0.1403959)
(-1.1795341e-05 -5.2176482e-19 0.12448521)
(-8.9431549e-06 -4.6524863e-19 0.10938113)
(-6.6456407e-06 -3.9496849e-19 0.095124885)
(-4.8239586e-06 -3.2824134e-19 0.081733676)
(-3.4026877e-06 -2.6882676e-19 0.069206333)
(-2.3142359e-06 -2.1666261e-19 0.057527905)
(-1.499775e-06 -1.7089254e-19 0.04667338)
(-9.078258e-07 -1.304238e-19 0.03661064)
(-4.948387e-07 -9.4355985e-20 0.027302798)
(-2.2525144e-07 -6.197855e-20 0.018710018)
(-7.072506e-08 -3.278467e-20 0.010790919)
(-4.3549483e-09 -1.0480518e-20 0.0035036435)
(-1.4794966e-05 -2.2292767e-18 0.31545874)
(-3.4264517e-05 -2.629783e-18 0.311324)
(-4.6786185e-05 -2.8896937e-18 0.30310833)
(-5.3629054e-05 -2.8034619e-18 0.29180673)
(-5.4741189e-05 -6.7033821e-19 0.2780824)
(-5.2078308e-05 -1.2387691e-18 0.26253014)
(-4.7139205e-05 -1.4657105e-18 0.24569751)
(-4.1130493e-05 -1.4066739e-18 0.22807475)
(-3.4880557e-05 -1.5074498e-18 0.21008369)
(-2.8905042e-05 -1.5834842e-18 0.19207313)
(-2.348652e-05 -1.034723e-18 0.17432081)
(-1.8749325e-05 -7.2401569e-19 0.15703967)
(-1.4717898e-05 -5.0397886e-19 0.14038647)
(-1.1359096e-05 -4.3321814e-19 0.12447083)
(-8.6105476e-06 -3.8623609e-19 0.10936402)
(-6.3974594e-06 -3.4000971e-19 0.095106678)
(-4.6428401e-06 -2.9301269e-19 0.081715586)
(-3.2745093e-06 -2.4728136e-19 0.069189231)
(-2.2269968e-06 -2.040995e-19 0.057512403)
(-1.4427952e-06 -1.6403676e-19 0.046659893)
(-8.7302328e-07 -1.2735501e-19 0.036599435)
(-4.7584139e-07 -9.3973772e-20 0.027294029)
(-2.1668495e-07 -6.3705202e-20 0.018703757)
(-6.8164757e-08 -3.6317333e-20 0.010787175)
(-4.2618838e-09 -1.1601735e-20 0.0035023811)
(-1.4293079e-05 -1.2686426e-18 0.31588512)
(-3.3101277e-05 -3.572767e-18 0.31172024)
(-4.5187906e-05 -3.3011898e-18 0.30345092)
(-5.1783209e-05 -3.9021057e-18 0.29208704)
(-5.2841344e-05 -2.1931654e-18 0.27830122)
(-5.0255561e-05 -1.441122e-18 0.26269363)
(-4.547494e-05 -1.5171441e-18 0.24581422)
(-3.9666035e-05 -1.3304118e-18 0.22815366)
(-3.3628824e-05 -8.7326349e-19 0.21013316)
(-2.7859464e-05 -6.3717526e-19 0.19210036)
(-2.2630495e-05 -7.9064381e-19 0.17433176)
(-1.8061066e-05 -7.5688391e-19 0.1570391)
(-1.4173681e-05 -8.435013e-19 0.14037811)
(-1.093624e-05 -6.1541839e-19 0.12445754)
(-8.287946e-06 -4.8663536e-19 0.10934796)
(-6.1559818e-06 -4.0151925e-19 0.09508946)
(-4.4665206e-06 -3.3702149e-19 0.081698398)
(-3.1494365e-06 -2.8390625e-19 0.06917293)
(-2.1414286e-06 -2.3846005e-19 0.057497594)
(-1.3871435e-06 -1.9926318e-19 0.046646988)
(-8.3924389e-07 -1.6626453e-19 0.036588699)
(-4.5733369e-07 -1.2027749e-19 0.02728562)
(-2.0804863e-07 -8.0660517e-20 0.018697748)
(-6.5306396e-08 -4.5674408e-20 0.010783579)
(-4.0337528e-09 -1.4518693e-20 0.0035011676)
(-1.380711e-05 -1.0707293e-17 0.31630373)
(-3.1974778e-05 -6.7490055e-19 0.31210935)
(-4.3640721e-05 -3.3683458e-18 0.30378752)
(-4.9996467e-05 -2.7637271e-18 0.29236271)
(-5.1002342e-05 -2.6682056e-18 0.2785167)
(-4.8490993e-05 -1.6929099e-18 0.26285495)
(-4.386452e-05 -1.4337816e-18 0.24592974)
(-3.8249567e-05 -9.774102e-19 0.22823215)
(-3.2417878e-05 -3.811286e-19 0.21018276)
(-2.6848452e-05 -9.4162783e-20 0.19212814)
(-2.1803217e-05 -7.8040191e-19 0.17434351)
(-1.739593e-05 -1.3591921e-18 0.1570395)
(-1.3648254e-05 -1.077664e-18 0.14037078)
(-1.0528692e-05 -8.3448019e-19 0.12444529)
(-7.9775126e-06 -6.5339035e-19 0.1093329)
(-5.9243383e-06 -5.1850136e-19 0.095073191)
(-4.2975822e-06 -4.1368037e-19 0.081682078)
(-3.0296778e-06 -3.2783476e-19 0.069157403)
(-2.059526e-06 -2.5420757e-19 0.057483455)
(-1.333947e-06 -1.8853001e-19 0.046634645)
(-8.0712938e-07 -1.2811433e-19 0.036578417)
(-4.3993929e-07 -9.3815796e-20 0.027277557)
(-2.0019356e-07 -6.1344326e-20 0.018691981)
(-6.2830676e-08 -3.5542631e-20 0.010780126)
(-3.9024609e-09 -1.1474362e-20 0.0035000015)
(-1.3336589e-05 -9.9899658e-18 0.31671475)
(-3.0884097e-05 -1.5672134e-18 0.31249151)
(-4.2142766e-05 -3.1817962e-18 0.30411829)
(-4.8266979e-05 -2.2897205e-18 0.29263384)
(-4.9222562e-05 -2.6428738e-18 0.27872893)
(-4.6783789e-05 -1.8233972e-18 0.26301417)
(-4.2306327e-05 -1.3730274e-18 0.24604409)
(-3.6878542e-05 -8.0850527e-19 0.22831022)
(-3.1245755e-05 -9.8944858e-19 0.2102325)
(-2.5869927e-05 -1.0895256e-18 0.19215643)
(-2.1002319e-05 -9.9115206e-19 0.17435604)
(-1.6751975e-05 -1.048059e-18 0.15704081)
(-1.3139455e-05 -7.1397196e-19 0.14036445)
(-1.0133287e-05 -6.9434287e-19 0.12443405)
(-7.6758063e-06 -6.0699039e-19 0.10931884)
(-5.6987961e-06 -5.0852569e-19 0.095057845)
(-4.1330319e-06 -4.1588666e-19 0.081666601)
(-2.9130743e-06 -3.3309226e-19 0.069142625)
(-1.9799124e-06 -2.6002481e-19 0.057469965)
(-1.282052e-06 -1.9539998e-19 0.046622846)
(-7.7532881e-07 -1.3707645e-19 0.036568575)
(-4.2231959e-07 -1.0259471e-19 0.02726983)
(-1.9210011e-07 -7.0560561e-20 0.01868645)
(-6.0245023e-08 -4.1130412e-20 0.010776811)
(-3.6896473e-09 -1.3268968e-20 0.0034988811)
(-1.2880637e-05 1.9698602e-18 0.31711837)
(-2.9827505e-05 -6.231721e-18 0.31286687)
(-4.0692124e-05 -3.5614177e-18 0.30444335)
(-4.6592679e-05 -4.7140903e-18 0.29290053)
(-4.750005e-05 -2.7050753e-18 0.27893798)
(-4.5131648e-05 -1.8742773e-18 0.26317131)
(-4.0798501e-05 -1.3721822e-18 0.2461573)
(-3.5552364e-05 -1.2823848e-18 0.22838786)
(-3.0112119e-05 -1.8974184e-18 0.21028236)
(-2.4922932e-05 -1.6892792e-18 0.19218521)
(-2.0227287e-05 -8.9467414e-19 0.17436931)
(-1.6129491e-05 -2.289597e-19 0.15704302)
(-1.2648125e-05 -3.9275423e-19 0.14035908)
(-9.7520604e-06 -4.3196003e-19 0.12442379)
(-7.3853e-06 -4.1701063e-19 0.10930571)
(-5.4822429e-06 -3.7915866e-19 0.095043386)
(-3.9755771e-06 -3.3397878e-19 0.081651934)
(-2.8016759e-06 -2.889757e-19 0.069128568)
(-1.904083e-06 -2.4752764e-19 0.057457099)
(-1.2330505e-06 -2.1120488e-19 0.046611572)
(-7.4571863e-07 -1.80572e-19 0.036559156)
(-4.0617357e-07 -1.331408e-19 0.027262427)
(-1.8473712e-07 -9.213415e-20 0.018681145)
(-5.7964953e-08 -5.1817696e-20 0.010773629)
(-3.5722163e-09 -1.6397773e-20 0.003497805)
(-1.2439125e-05 -5.0977875e-18 0.31751475)
(-2.8803878e-05 -3.4497572e-18 0.3132356)
(-3.9286482e-05 -3.6062863e-18 0.30476285)
(-4.4970816e-05 -4.2170544e-18 0.29316291)
(-4.5831972e-05 -2.7686365e-18 0.27914392)
(-4.3531998e-05 -2.0841558e-18 0.26332644)
(-3.9338655e-05 -2.2589738e-18 0.24626938)
(-3.4267947e-05 -1.7498681e-18 0.22846508)
(-2.9014353e-05 -1.1733038e-18 0.21033231)
(-2.4006413e-05 -8.4533687e-19 0.19221447)
(-1.9476919e-05 -9.8792702e-19 0.1743833)
(-1.5525893e-05 -1.1863011e-18 0.15704609)
(-1.2170645e-05 -1.5289243e-18 0.14035463)
(-9.3811794e-06 -9.4709244e-19 0.12441446)
(-7.1024771e-06 -6.5881872e-19 0.1092935)
(-5.2706918e-06 -4.9812582e-19 0.095029787)
(-3.821085e-06 -3.9508847e-19 0.081638054)
(-2.6920794e-06 -3.1978235e-19 0.06911521)
(-1.8291748e-06 -2.5890096e-19 0.057444839)
(-1.1843778e-06 -2.0620251e-19 0.046600806)
(-7.1611273e-07 -1.5882367e-19 0.036550148)
(-3.899906e-07 -1.1539932e-19 0.027255338)
(-1.7744655e-07 -7.5900054e-20 0.018676061)
(-5.5742322e-08 -4.4961201e-20 0.010770577)
(-3.4786329e-09 -1.4235128e-20 0.0034967718)
(-1.2011048e-05 -2.6112946e-18 0.31790406)
(-2.7812759e-05 -2.6785075e-18 0.31359784)
(-3.7925881e-05 -3.4817462e-18 0.30507691)
(-4.3400475e-05 -3.1028828e-18 0.29342105)
(-4.421667e-05 -2.3340415e-18 0.27934682)
(-4.1982764e-05 -1.9911204e-18 0.26347957)
(-3.7924884e-05 -1.6409147e-18 0.24638035)
(-3.3024252e-05 -1.6315488e-18 0.22854188)
(-2.7950987e-05 -8.9738578e-19 0.21038234)
(-2.3118506e-05 -1.1483834e-18 0.19224416)
(-1.8750266e-05 -1.1629628e-18 0.17439795)
(-1.4941775e-05 -1.1265336e-18 0.15704997)
(-1.1709164e-05 -8.7928308e-19 0.14035107)
(-9.0229107e-06 -8.0866192e-19 0.12440604)
(-6.8295384e-06 -6.7819152e-19 0.10928217)
(-5.0668278e-06 -5.5794087e-19 0.095017015)
(-3.6719988e-06 -4.573467e-19 0.081624929)
(-2.5861838e-06 -3.728626e-19 0.069102527)
(-1.7567387e-06 -3.0055982e-19 0.057433163)
(-1.1372825e-06 -2.3748462e-19 0.046590532)
(-6.875615e-07 -1.8172499e-19 0.036541537)
(-3.7428015e-07 -1.3210944e-19 0.027248553)
(-1.7019174e-07 -8.7775711e-20 0.018671188)
(-5.3356185e-08 -4.791886e-20 0.01076765)
(-3.2509549e-09 -1.5328916e-20 0.0034957799)
(-1.1596599e-05 -2.2503509e-18 0.31828648)
(-2.6852475e-05 -2.6304969e-18 0.31395376)
(-3.6607831e-05 -3.4184951e-18 0.30538566)
(-4.1879853e-05 -3.4117951e-18 0.29367506)
(-4.2653298e-05 -2.1061836e-18 0.27954675)
(-4.0484033e-05 -1.8566119e-18 0.26363076)
(-3.6557661e-05 -1.5850146e-18 0.24649022)
(-3.1822174e-05 -1.6955108e-18 0.22861824)
(-2.6923993e-05 -1.9875886e-18 0.21043244)
(-2.2261533e-05 -1.9847285e-18 0.19227427)
(-1.8049187e-05 -1.2952271e-18 0.17441326)
(-1.4378538e-05 -8.2899619e-19 0.15705464)
(-1.1264487e-05 -2.5474194e-19 0.14034837)
(-8.6775902e-06 -4.6168099e-19 0.12439849)
(-6.5663713e-06 -5.0203274e-19 0.10927168)
(-4.8705119e-06 -4.698947e-19 0.095005043)
(-3.5291437e-06 -4.1037873e-19 0.081612537)
(-2.4852085e-06 -3.4302044e-19 0.069090496)
(-1.6876683e-06 -2.7612012e-19 0.057422052)
(-1.0920739e-06 -2.1347828e-19 0.046580732)
(-6.6011148e-07 -1.5778871e-19 0.036533309)
(-3.5936363e-07 -1.1347854e-19 0.027242061)
(-1.6333496e-07 -7.5484227e-20 0.018666521)
(-5.1199262e-08 -4.2761579e-20 0.010764843)
(-3.1292138e-09 -1.3629395e-20 0.0034948281)
(-1.1195057e-05 -2.4854785e-18 0.31866215)
(-2.5922181e-05 -2.973072e-18 0.31430349)
(-3.53312e-05 -3.3052413e-18 0.30568922)
(-4.0407317e-05 -2.8954105e-18 0.29392503)
(-4.113933e-05 -2.4291188e-18 0.27974376)
(-3.9032752e-05 -1.9452003e-18 0.26378004)
(-3.5233919e-05 -1.6805027e-18 0.24659902)
(-3.0658427e-05 -1.7939234e-18 0.22869418)
(-2.5929678e-05 -2.2030674e-18 0.2104826)
(-2.1431256e-05 -1.2958091e-18 0.19230478)
(-1.7369682e-05 -1.0856625e-18 0.1744292)
(-1.3832767e-05 -7.54581e-19 0.15706007)
(-1.0833393e-05 -4.9216223e-19 0.1403465)
(-8.3426517e-06 -4.4781654e-19 0.12439178)
(-6.3107304e-06 -4.2553933e-19 0.10926202)
(-4.6793778e-06 -3.9041503e-19 0.094993844)
(-3.3896263e-06 -3.4421563e-19 0.081600852)
(-2.3865445e-06 -2.9325193e-19 0.069079095)
(-1.6204679e-06 -2.4239229e-19 0.057411488)
(-1.048324e-06 -1.9440068e-19 0.046571392)
(-6.3345897e-07 -1.5053513e-19 0.036525453)
(-3.4481697e-07 -1.1106802e-19 0.027235853)
(-1.5687614e-07 -7.5551981e-20 0.018662054)
(-4.9245988e-08 -4.3727046e-20 0.010762154)
(-3.0457239e-09 -1.3905014e-20 0.0034939152)
(-1.0806232e-05 -3.3124805e-18 0.31903124)
(-2.5021157e-05 -2.6481906e-18 0.31464719)
(-3.4094973e-05 -3.1586983e-18 0.3059877)
(-3.8981493e-05 -2.6775398e-18 0.29417105)
(-3.967346e-05 -1.9557807e-18 0.27993793)
(-3.7627828e-05 -2.0465661e-18 0.26392746)
(-3.3952397e-05 -1.7325403e-18 0.24670676)
(-2.9531478e-05 -1.5419505e-18 0.22876969)
(-2.4966714e-05 -1.0059768e-18 0.2105328)
(-2.062742e-05 -8.5348307e-19 0.19233566)
(-1.6712043e-05 -8.9228813e-19 0.17444573)
(-1.3304272e-05 -8.6103192e-19 0.15706623)
(-1.0415824e-05 -9.2248416e-19 0.14034542)
(-8.0184615e-06 -6.7511007e-19 0.12438588)
(-6.0638683e-06 -5.3644703e-19 0.10925315)
(-4.4951963e-06 -4.4471504e-19 0.09498339)
(-3.2556079e-06 -3.7450626e-19 0.081589849)
(-2.2916524e-06 -3.1601211e-19 0.069068302)
(-1.5556486e-06 -2.6522312e-19 0.057401452)
(-1.0062264e-06 -2.1985186e-19 0.046562495)
(-6.0791205e-07 -1.7742962e-19 0.036517955)
(-3.3091729e-07 -1.3302702e-19 0.027229919)
(-1.5058524e-07 -9.1141204e-20 0.018657779)
(-4.7274469e-08 -5.2027399e-20 0.010759578)
(-2.9286036e-09 -1.6599398e-20 0.0034930398)
(-1.0429284e-05 -2.6233402e-18 0.3193939)
(-2.4147937e-05 -2.4510025e-18 0.31498498)
(-3.2897168e-05 -3.059811e-18 0.30628124)
(-3.7600383e-05 -2.8147671e-18 0.29441322)
(-3.8254283e-05 -2.4009938e-18 0.28012931)
(-3.6267774e-05 -2.1018473e-18 0.26407303)
(-3.2711907e-05 -1.6986594e-18 0.24681345)
(-2.8440882e-05 -1.2934569e-18 0.22884477)
(-2.4035224e-05 -7.9812926e-19 0.21058303)
(-1.9850511e-05 -1.0286072e-18 0.1923669)
(-1.6076688e-05 -8.3447427e-19 0.17446283)
(-1.2793446e-05 -8.5270647e-19 0.15707309)
(-1.0012414e-05 -8.6219393e-19 0.14034511)
(-7.7057231e-06 -7.4945532e-19 0.12438077)
(-5.8253782e-06 -6.3138346e-19 0.10924505)
(-4.3169227e-06 -5.2882973e-19 0.094973658)
(-3.1253969e-06 -4.4156456e-19 0.081579509)
(-2.1993323e-06 -3.6589359e-19 0.0690581)
(-1.4926324e-06 -2.9906542e-19 0.057391928)
(-9.6529025e-07 -2.3917005e-19 0.046554029)
(-5.8318679e-07 -1.8499789e-19 0.036510805)
(-3.1747045e-07 -1.358818e-19 0.027224251)
(-1.4435543e-07 -9.1486228e-20 0.018653689)
(-4.5230312e-08 -5.1268958e-20 0.010757112)
(-2.7641138e-09 -1.6427412e-20 0.0034922007)
(-1.0063881e-05 -4.2586391e-18 0.31975027)
(-2.3301965e-05 -1.3225112e-18 0.31531701)
(-3.1736827e-05 -2.9084881e-18 0.30656993)
(-3.6262547e-05 -2.6920953e-18 0.29465161)
(-3.687934e-05 -2.6687124e-18 0.28031797)
(-3.4950125e-05 -1.9945795e-18 0.26421681)
(-3.1510341e-05 -1.6434434e-18 0.24691911)
(-2.7384792e-05 -1.365851e-18 0.22891942)
(-2.3132807e-05 -1.528418e-18 0.21063328)
(-1.9096942e-05 -1.2130007e-18 0.19239848)
(-1.5459899e-05 -9.1413867e-19 0.17448047)
(-1.2297986e-05 -7.4120161e-19 0.15708062)
(-9.6210034e-06 -5.0062138e-19 0.14034553)
(-7.4017875e-06 -5.796609e-19 0.1243764)
(-5.5938157e-06 -5.5951711e-19 0.10923768)
(-4.1439304e-06 -5.0023017e-19 0.094964621)
(-2.9993202e-06 -4.2818468e-19 0.081569805)
(-2.1098753e-06 -3.5447123e-19 0.069048466)
(-1.4315969e-06 -2.8382683e-19 0.057382897)
(-9.2576676e-07 -2.1795111e-19 0.046545977)
(-5.5912679e-07 -1.5603073e-19 0.036503991)
(-3.0422512e-07 -1.1574141e-19 0.02721884)
(-1.3823224e-07 -7.803169e-20 0.01864978)
(-4.3300784e-08 -4.4190704e-20 0.010754751)
(-2.6788656e-09 -1.4035265e-20 0.0034913969)
(-9.7100189e-06 -5.9117362e-18 0.3201005)
(-2.2482275e-05 -2.5649324e-18 0.3156434)
(-3.0612756e-05 -2.9702926e-18 0.30685389)
(-3.4966783e-05 -2.7652414e-18 0.2948863)
(-3.5547854e-05 -2.2686993e-18 0.28050395)
(-3.367446e-05 -1.9205157e-18 0.26435883)
(-3.0347082e-05 -1.6659126e-18 0.24702375)
(-2.6362232e-05 -1.5812467e-18 0.22899364)
(-2.2259278e-05 -1.7972095e-18 0.21068353)
(-1.8367585e-05 -1.623116e-18 0.19243037)
(-1.4863094e-05 -1.1978118e-18 0.17449864)
(-1.1817958e-05 -8.7007411e-19 0.1570888)
(-9.2412792e-06 -6.438202e-19 0.14034667)
(-7.1067215e-06 -5.669262e-19 0.12437277)
(-5.3688975e-06 -5.0918633e-19 0.10923102)
(-3.9760561e-06 -4.4715218e-19 0.094956257)
(-2.8768821e-06 -3.8162189e-19 0.081560718)
(-2.0234329e-06 -3.17213e-19 0.069039383)
(-1.3726191e-06 -2.5720921e-19 0.057374344)
(-8.8728896e-07 -2.030864e-19 0.046538328)
(-5.3593161e-07 -1.5523298e-19 0.036497502)
(-2.9166101e-07 -1.1331652e-19 0.027213679)
(-1.3254398e-07 -7.6469373e-20 0.018646046)
(-4.151147e-08 -4.4089303e-20 0.010752494)
(-2.5611161e-09 -1.3941801e-20 0.0034906271)
(-9.3672758e-06 4.1454329e-18 0.32044473)
(-2.1688312e-05 -5.0762555e-18 0.31596428)
(-2.9523806e-05 -3.2839976e-18 0.30713322)
(-3.3711635e-05 -2.9637139e-18 0.29511739)
(-3.4258181e-05 -1.732676e-18 0.28068732)
(-3.24387e-05 -1.9427043e-18 0.26449911)
(-2.9220623e-05 -1.7523808e-18 0.24712739)
(-2.537246e-05 -1.6301633e-18 0.22906742)
(-2.1413669e-05 -1.097644e-18 0.21073378)
(-1.7661795e-05 -9.2185792e-19 0.19246255)
(-1.4285428e-05 -1.1151247e-18 0.17451731)
(-1.1353696e-05 -1.0553966e-18 0.1570976)
(-8.8747352e-06 -1.0739039e-18 0.14034848)
(-6.8218728e-06 -7.8825097e-19 0.12436984)
(-5.1515877e-06 -6.154935e-19 0.10922505)
(-3.8136835e-06 -4.9684082e-19 0.094948541)
(-2.7584387e-06 -4.067819e-19 0.081552227)
(-1.9396878e-06 -3.3447158e-19 0.069030831)
(-1.3154594e-06 -2.7473923e-19 0.057366252)
(-8.5009829e-07 -2.2479771e-19 0.046531067)
(-5.1336251e-07 -1.8399858e-19 0.036491327)
(-2.7929379e-07 -1.3310752e-19 0.027208758)
(-1.2690282e-07 -8.9649526e-20 0.018642481)
(-3.9781346e-08 -5.1023834e-20 0.010750335)
(-2.4907814e-09 -1.6293839e-20 0.0034898903)
(-9.0351492e-06 1.9629032e-18 0.32078309)
(-2.0918979e-05 -4.8203462e-18 0.31627978)
(-2.8468854e-05 -3.5013118e-18 0.30740803)
(-3.2495723e-05 -3.3449179e-18 0.29534495)
(-3.3009315e-05 -2.0745313e-18 0.28086813)
(-3.1242538e-05 -1.9482413e-18 0.26463769)
(-2.8130068e-05 -1.6474458e-18 0.24723005)
(-2.4413541e-05 -1.1349862e-18 0.22914078)
(-2.0594248e-05 -3.9581318e-19 0.21078401)
(-1.6977661e-05 -6.3119023e-19 0.19249502)
(-1.3725311e-05 -8.9967256e-19 0.17453644)
(-1.0903491e-05 -9.8953678e-19 0.157107)
(-8.5191043e-06 -9.8264305e-19 0.14035096)
(-6.5457875e-06 -8.3517371e-19 0.12436758)
(-4.9410139e-06 -6.8456494e-19 0.10921974)
(-3.6562994e-06 -5.5760577e-19 0.094941451)
(-2.6438312e-06 -4.5415622e-19 0.08154431)
(-1.8585736e-06 -3.6901607e-19 0.069022793)
(-1.2601476e-06 -2.9742172e-19 0.057358607)
(-8.1410908e-07 -2.3573353e-19 0.046524181)
(-4.9138209e-07 -1.8135711e-19 0.036485455)
(-2.6736684e-07 -1.3269636e-19 0.027204069)
(-1.215471e-07 -8.9134483e-20 0.018639078)
(-3.810496e-08 -5.0235943e-20 0.010748273)
(-2.3689771e-09 -1.5953406e-20 0.0034891853)
(-8.7132006e-06 -9.6864368e-18 0.32111571)
(-2.0173575e-05 -3.0907389e-18 0.31659002)
(-2.7446888e-05 -3.4102859e-18 0.30767841)
(-3.1318375e-05 -3.1696852e-18 0.29556905)
(-3.1800124e-05 -2.560543e-18 0.28104643)
(-3.008445e-05 -1.9969288e-18 0.2647746)
(-2.7074301e-05 -1.5139264e-18 0.24733172)
(-2.3485807e-05 -9.946301e-19 0.2292137)
(-1.9801993e-05 -1.3013705e-18 0.21083421)
(-1.6316274e-05 -1.4737067e-18 0.19252773)
(-1.3184435e-05 -1.0830769e-18 0.17455604)
(-1.0469169e-05 -9.1449086e-19 0.15711696)
(-8.1761031e-06 -5.9885725e-19 0.14035406)
(-6.2796585e-06 -6.2211831e-19 0.12436597)
(-4.7382346e-06 -5.6821914e-19 0.10921507)
(-3.505082e-06 -4.9067121e-19 0.094934965)
(-2.5335852e-06 -4.099876e-19 0.081536948)
(-1.7801378e-06 -3.3309206e-19 0.069015251)
(-1.2062731e-06 -2.6172364e-19 0.057351392)
(-7.7899433e-07 -1.9578946e-19 0.046517658)
(-4.7002148e-07 -1.3471199e-19 0.036479877)
(-2.5549198e-07 -1.0047548e-19 0.027199605)
(-1.1598114e-07 -6.8547103e-20 0.018635833)
(-3.6319089e-08 -3.920737e-20 0.010746303)
(-2.2388181e-09 -1.254355e-20 0.0034885112)
(-8.4012373e-06 -8.0002957e-18 0.32144272)
(-1.9451329e-05 -2.5390138e-18 0.31689511)
(-2.6456567e-05 -3.127399e-18 0.30794447)
(-3.01772e-05 -2.963499e-18 0.29578977)
(-3.0628208e-05 -2.8946462e-18 0.28122227)
(-2.8962058e-05 -2.1542235e-18 0.26490987)
(-2.6051227e-05 -1.7153033e-18 0.24743243)
(-2.2586503e-05 -1.6703039e-18 0.22928618)
(-1.9033897e-05 -1.9594613e-18 0.21088438)
(-1.5675838e-05 -1.4738509e-18 0.1925607)
(-1.2660679e-05 -1.1711701e-18 0.17457606)
(-1.0048201e-05 -9.5609604e-19 0.15712748)
(-7.843588e-06 -7.2417432e-19 0.14035778)
(-6.0214524e-06 -6.1206675e-19 0.124365)
(-4.5415614e-06 -5.277587e-19 0.10921101)
(-3.3584095e-06 -4.5095497e-19 0.094929065)
(-2.4265894e-06 -3.7922653e-19 0.081530124)
(-1.7041145e-06 -3.1328456e-19 0.069008189)
(-1.1542699e-06 -2.5380814e-19 0.057344595)
(-7.4518655e-07 -2.0089416e-19 0.046511487)
(-4.4954179e-07 -1.5418475e-19 0.036474584)
(-2.4433167e-07 -1.1314548e-19 0.02719536)
(-1.1083661e-07 -7.6579181e-20 0.018632742)
(-3.4681258e-08 -4.37051e-20 0.010744424)
(-2.1196474e-09 -1.3974173e-20 0.003487867)
(-8.0991002e-06 5.3645954e-18 0.32176425)
(-1.8751475e-05 -6.3636284e-18 0.31719517)
(-2.5497451e-05 -3.551076e-18 0.30820629)
(-2.9071921e-05 -3.9862526e-18 0.29600718)
(-2.9492664e-05 -3.9217893e-18 0.2813957)
(-2.787469e-05 -2.4055659e-18 0.26504353)
(-2.506054e-05 -1.9195665e-18 0.24753219)
(-2.1716545e-05 -1.5434845e-18 0.22935824)
(-1.8291087e-05 -1.8658446e-18 0.2109345)
(-1.5055846e-05 -1.297703e-18 0.1925939)
(-1.2153628e-05 -9.4122345e-19 0.1745965)
(-9.6408029e-06 -4.7058876e-19 0.15713852)
(-7.5217747e-06 -5.101143e-19 0.14036207)
(-5.7716254e-06 -4.9088138e-19 0.12436462)
(-4.3512204e-06 -4.4825559e-19 0.10920755)
(-3.2162804e-06 -3.9821435e-19 0.094923723)
(-2.3227289e-06 -3.480815e-19 0.081523815)
(-1.6307861e-06 -3.0124984e-19 0.069001589)
(-1.1045263e-06 -2.5924033e-19 0.0573382)
(-7.1287876e-07 -2.2247967e-19 0.046505654)
(-4.2981817e-07 -1.9094134e-19 0.036469565)
(-2.3352576e-07 -1.4173605e-19 0.027191324)
(-1.0605384e-07 -9.8600223e-20 0.018629797)
(-3.3237427e-08 -5.5916331e-20 0.010742631)
(-2.0905394e-09 -1.7803824e-20 0.0034872516)
(-7.8062196e-06 -5.8266017e-18 0.32208042)
(-1.8073187e-05 -4.1407481e-18 0.31749031)
(-2.4567648e-05 -3.4533666e-18 0.30846398)
(-2.800083e-05 -1.7676839e-18 0.29622135)
(-2.8393185e-05 -3.078311e-18 0.28156677)
(-2.6822268e-05 -2.3817799e-18 0.26517561)
(-2.4101131e-05 -1.8738641e-18 0.24763101)
(-2.087315e-05 -1.176911e-18 0.22942986)
(-1.7570729e-05 -1.906199e-19 0.21098456)
(-1.4454845e-05 -1.0903243e-19 0.1926273)
(-1.1661827e-05 -6.381595e-19 0.17461732)
(-9.245632e-06 -9.9027821e-19 0.15715006)
(-7.2097552e-06 -1.1126142e-18 0.14036693)
(-5.5294745e-06 -7.3532567e-19 0.12436482)
(-4.1665886e-06 -5.5243488e-19 0.10920466)
(-3.0782193e-06 -4.4319052e-19 0.094918928)
(-2.2221783e-06 -3.652433e-19 0.081518007)
(-1.5596457e-06 -3.0222226e-19 0.068995437)
(-1.0558896e-06 -2.4745315e-19 0.057332194)
(-6.8111857e-07 -1.979247e-19 0.04650015)
(-4.1044756e-07 -1.5234469e-19 0.036464812)
(-2.2284293e-07 -1.1027301e-19 0.027187492)
(-1.011401e-07 -7.2144842e-20 0.018626996)
(-3.1739381e-08 -4.25235e-20 0.010740923)
(-1.9634105e-09 -1.3574085e-20 0.0034866641)
(-7.5224496e-06 -7.5550623e-18 0.32239135)
(-1.7416021e-05 -4.2776195e-18 0.31778064)
(-2.3666971e-05 -3.3507727e-18 0.30871761)
(-2.6963447e-05 -2.5269137e-18 0.29643235)
(-2.7328144e-05 -2.5677441e-18 0.28173553)
(-2.5802302e-05 -2.2475052e-18 0.26530613)
(-2.3171922e-05 -1.8577313e-18 0.2477289)
(-2.0057071e-05 -1.655886e-18 0.22950104)
(-1.6873882e-05 -8.009758e-19 0.21103455)
(-1.3873331e-05 -4.8245865e-19 0.1926609)
(-1.1186412e-05 -6.6016521e-19 0.17463852)
(-8.8640647e-06 -8.7633527e-19 0.15716208)
(-6.9087549e-06 -8.9296361e-19 0.14037233)
(-5.2958965e-06 -7.4902719e-19 0.12436559)
(-3.9885913e-06 -6.1329369e-19 0.10920232)
(-2.9457525e-06 -5.0383078e-19 0.094914657)
(-2.1259395e-06 -4.1483946e-19 0.081512683)
(-1.4914132e-06 -3.3971925e-19 0.068989718)
(-1.0094228e-06 -2.7459075e-19 0.057326566)
(-6.5125332e-07 -2.1722567e-19 0.046494963)
(-3.92641e-07 -1.6628536e-19 0.036460316)
(-2.1335125e-07 -1.2091889e-19 0.027183858)
(-9.6863306e-08 -8.0443758e-20 0.018624333)
(-3.0400605e-08 -4.4321601e-20 0.010739296)
(-1.9379041e-09 -1.4101519e-20 0.0034861039)
(-7.2471925e-06 -3.552851e-18 0.32269716)
(-1.6779246e-05 -1.6927793e-18 0.31806626)
(-2.2794504e-05 -3.1890234e-18 0.30896728)
(-2.5958524e-05 -2.8983479e-18 0.29664025)
(-2.6296535e-05 -2.3801034e-18 0.28190202)
(-2.4814821e-05 -2.1148037e-18 0.26543512)
(-2.2271969e-05 -1.8366346e-18 0.24782588)
(-1.9266277e-05 -1.7148694e-18 0.22957178)
(-1.619838e-05 -1.6223222e-18 0.21108446)
(-1.3309632e-05 -1.3142903e-18 0.19269468)
(-1.0725222e-05 -1.0127927e-18 0.17466007)
(-8.4934282e-06 -7.8198193e-19 0.15717456)
(-6.615805e-06 -3.7410214e-19 0.14037825)
(-5.0685562e-06 -5.2845638e-19 0.12436689)
(-3.8154147e-06 -5.2063084e-19 0.10920052)
(-2.8160497e-06 -4.638042e-19 0.094910893)
(-2.0310569e-06 -3.947149e-19 0.081507827)
(-1.4242714e-06 -3.2568031e-19 0.068984418)
(-9.636637e-07 -2.6102608e-19 0.057321302)
(-6.2131685e-07 -2.0224044e-19 0.046490084)
(-3.7423905e-07 -1.5034423e-19 0.03645607)
(-2.030432e-07 -1.0868259e-19 0.027180415)
(-9.2048622e-08 -7.1657622e-20 0.018621804)
(-2.8818006e-08 -4.1149011e-20 0.010737749)
(-1.7752686e-09 -1.3167493e-20 0.0034855699)
(-6.9805666e-06 -2.9432489e-19 0.32299794)
(-1.6162175e-05 -1.5535396e-18 0.31834727)
(-2.1949069e-05 -3.1777943e-18 0.30921308)
(-2.4984915e-05 -4.003841e-18 0.2968451)
(-2.5297286e-05 -2.3765051e-18 0.28206628)
(-2.3858173e-05 -2.0180262e-18 0.26556261)
(-2.1400333e-05 -1.8480377e-18 0.24792195)
(-1.8500841e-05 -1.8809649e-18 0.22964209)
(-1.5545299e-05 -2.0948573e-18 0.21113429)
(-1.2764826e-05 -1.854504e-18 0.19272862)
(-1.0279273e-05 -1.3322962e-18 0.17468196)
(-8.1348645e-06 -9.2943896e-19 0.15718749)
(-6.3324854e-06 -6.2397332e-19 0.14038467)
(-4.8485939e-06 -5.2869815e-19 0.12436872)
(-3.6478602e-06 -4.6421835e-19 0.10919923)
(-2.6909567e-06 -4.0149744e-19 0.094907618)
(-1.9397531e-06 -3.3976389e-19 0.081503421)
(-1.3593827e-06 -2.8146936e-19 0.068979522)
(-9.1902066e-07 -2.283071e-19 0.05731639)
(-5.9227748e-07 -1.8084196e-19 0.046485502)
(-3.5673129e-07 -1.3882592e-19 0.036452064)
(-1.9362822e-07 -1.0168527e-19 0.027177156)
(-8.7789231e-08 -6.8554078e-20 0.018619405)
(-2.7496589e-08 -3.8844306e-20 0.010736277)
(-1.7476082e-09 -1.2395307e-20 0.0034850613)
(-6.722506e-06 -3.3610475e-18 0.32329383)
(-1.5564103e-05 -3.9552387e-18 0.31862378)
(-2.1129407e-05 -3.22824e-18 0.30945508)
(-2.404131e-05 -3.4510652e-18 0.29704697)
(-2.4328771e-05 -2.3842098e-18 0.28222836)
(-2.2931171e-05 -1.9801079e-18 0.26568862)
(-2.0555866e-05 -1.8250522e-18 0.24801713)
(-1.7758919e-05 -1.7336064e-18 0.22971197)
(-1.491175e-05 -1.2867156e-18 0.21118403)
(-1.2236177e-05 -1.0923909e-18 0.19276272)
(-9.8470517e-06 -1.1530223e-18 0.17470416)
(-7.7878216e-06 -1.055193e-18 0.15720084)
(-6.0584632e-06 -1.1068704e-18 0.14039157)
(-4.6359157e-06 -7.8165986e-19 0.12437104)
(-3.4855747e-06 -5.8278917e-19 0.10919844)
(-2.5695599e-06 -4.5472314e-19 0.094904814)
(-1.8512395e-06 -3.6526783e-19 0.081499451)
(-1.2969864e-06 -2.9795858e-19 0.068975017)
(-8.7679615e-07 -2.442456e-19 0.057311818)
(-5.6498535e-07 -1.992215e-19 0.046481207)
(-3.4016218e-07 -1.5926511e-19 0.036448291)
(-1.8447747e-07 -1.1905702e-19 0.027174076)
(-8.3662509e-08 -8.2620936e-20 0.018617131)
(-2.6251879e-08 -4.674963e-20 0.01073488)
(-1.6657381e-09 -1.488852e-20 0.0034845772)
(-6.4719411e-06 -4.9861976e-18 0.32358491)
(-1.4984482e-05 -3.767799e-18 0.31889589)
(-2.0335605e-05 -3.1458402e-18 0.30969336)
(-2.3127434e-05 -2.0678844e-18 0.29724592)
(-2.3390967e-05 -1.514108e-18 0.2823883)
(-2.203348e-05 -1.9145423e-18 0.26581319)
(-1.9738156e-05 -1.7492161e-18 0.24811143)
(-1.7040744e-05 -1.4325814e-18 0.22978141)
(-1.4298455e-05 -6.7046836e-19 0.21123367)
(-1.1724679e-05 -1.0832251e-18 0.19279695)
(-9.4286616e-06 -1.0014405e-18 0.17472667)
(-7.4517629e-06 -1.0064371e-18 0.15721459)
(-5.7933559e-06 -9.9019329e-19 0.14039892)
(-4.4302689e-06 -8.1317484e-19 0.12437385)
(-3.3292681e-06 -6.4730202e-19 0.10919812)
(-2.4533158e-06 -5.1891639e-19 0.094902463)
(-1.7665869e-06 -4.2112495e-19 0.081495898)
(-1.2368785e-06 -3.4376272e-19 0.068970886)
(-8.3561427e-07 -2.7934091e-19 0.057307573)
(-5.3814916e-07 -2.2332919e-19 0.046477188)
(-3.2380388e-07 -1.7322076e-19 0.036444742)
(-1.7551358e-07 -1.277663e-19 0.027171167)
(-7.9450501e-08 -8.64592e-20 0.018614978)
(-2.4778988e-08 -4.8756475e-20 0.010733554)
(-1.5011163e-09 -1.5663382e-20 0.0034841167)
(-6.229496e-06 -4.3156669e-18 0.3238713)
(-1.4423034e-05 -3.1821329e-18 0.31916368)
(-1.9566495e-05 -3.2579489e-18 0.30992801)
(-2.2242014e-05 -2.5146936e-18 0.29744202)
(-2.2482642e-05 -2.091937e-18 0.28254614)
(-2.1164483e-05 -2.0051278e-18 0.26593632)
(-1.8946567e-05 -1.770143e-18 0.24820485)
(-1.6345694e-05 -1.5645876e-18 0.22985041)
(-1.3705181e-05 -1.6981112e-18 0.21128319)
(-1.1229869e-05 -1.5670483e-18 0.19283132)
(-9.0243692e-06 -1.018339e-18 0.17474946)
(-7.1267073e-06 -6.7765581e-19 0.15722873)
(-5.5364699e-06 -3.6103312e-19 0.14040672)
(-4.2307983e-06 -4.7245031e-19 0.12437712)
(-3.1770492e-06 -4.820695e-19 0.10919826)
(-2.3395512e-06 -4.4384855e-19 0.094900553)
(-1.6837074e-06 -3.8737328e-19 0.081492753)
(-1.1782706e-06 -3.2574073e-19 0.068967121)
(-7.9538938e-07 -2.6450933e-19 0.057303648)
(-5.117973e-07 -2.0565659e-19 0.046473438)
(-3.0765397e-07 -1.4851583e-19 0.036441411)
(-1.6653911e-07 -1.1103111e-19 0.027168427)
(-7.5312616e-08 -7.5023122e-20 0.018612943)
(-2.3514271e-08 -4.2480468e-20 0.010732297)
(-1.4374707e-09 -1.3480661e-20 0.0034836795)
(-5.9943252e-06 -3.8914042e-18 0.3241531)
(-1.3878955e-05 -4.290646e-18 0.31942725)
(-1.8821306e-05 -3.3586446e-18 0.3101591)
(-2.1384056e-05 -2.7250264e-18 0.29763532)
(-2.1602055e-05 -3.2538022e-18 0.28270193)
(-2.0321937e-05 -2.2067254e-18 0.26605805)
(-1.8179349e-05 -1.8481884e-18 0.24829741)
(-1.5672035e-05 -1.6596553e-18 0.22991898)
(-1.3130127e-05 -1.6100254e-18 0.21133261)
(-1.0750241e-05 -1.4034889e-18 0.19286579)
(-8.6319838e-06 -9.9209842e-19 0.17477253)
(-6.8115104e-06 -6.4399142e-19 0.15724323)
(-5.28743e-06 -4.3481443e-19 0.14041494)
(-4.0374788e-06 -4.1677611e-19 0.12438083)
(-3.0296547e-06 -4.1003273e-19 0.10919884)
(-2.2294191e-06 -3.8378016e-19 0.094899066)
(-1.6033962e-06 -3.4209748e-19 0.081489999)
(-1.1213647e-06 -2.9303269e-19 0.068963708)
(-7.5679346e-07 -2.4266564e-19 0.057300028)
(-4.8688951e-07 -1.9450729e-19 0.046469947)
(-2.9271298e-07 -1.5018658e-19 0.036438291)
(-1.5871153e-07 -1.1028893e-19 0.027165847)
(-7.1884516e-08 -7.4628824e-20 0.018611021)
(-2.2388092e-08 -4.3048551e-20 0.010731108)
(-1.3780938e-09 -1.361071e-20 0.0034832645)
(-5.7666284e-06 -4.8184952e-19 0.3244304)
(-1.335163e-05 -4.2704252e-18 0.31968669)
(-1.8099133e-05 -3.2310115e-18 0.3103867)
(-2.0552892e-05 -2.7916179e-18 0.29782587)
(-2.074943e-05 -2.9910959e-18 0.28285569)
(-1.9506335e-05 -2.2905042e-18 0.2661784)
(-1.7436326e-05 -1.819391e-18 0.24838912)
(-1.50192e-05 -1.1506982e-18 0.22998712)
(-1.2573183e-05 -8.7563751e-19 0.2113819)
(-1.0286012e-05 -8.0274646e-19 0.19290037)
(-8.2523726e-06 -1.0215623e-18 0.17479585)
(-6.5070158e-06 -1.148772e-18 0.15725809)
(-5.0474732e-06 -1.0418279e-18 0.14042357)
(-3.8513924e-06 -7.3565499e-19 0.12438497)
(-2.8880175e-06 -5.7437372e-19 0.10919985)
(-2.123766e-06 -4.7092409e-19 0.094897986)
(-1.5264465e-06 -3.9231818e-19 0.081487622)
(-1.0668e-06 -3.2697115e-19 0.068960634)
(-7.1951925e-07 -2.7078572e-19 0.057296706)
(-4.6251503e-07 -2.2236896e-19 0.046466707)
(-2.7783577e-07 -1.8231416e-19 0.036435374)
(-1.5051344e-07 -1.3218363e-19 0.027163425)
(-6.8019016e-08 -8.9371299e-20 0.01860921)
(-2.1219583e-08 -5.1045686e-20 0.010729983)
(-1.3150945e-09 -1.6345314e-20 0.003482871)
(-5.5458874e-06 1.0264486e-19 0.3247033)
(-1.2840568e-05 -2.8313158e-18 0.31994208)
(-1.7399436e-05 -3.1339223e-18 0.31061089)
(-1.9747818e-05 -3.0240085e-18 0.29801373)
(-1.9923492e-05 -2.9710141e-18 0.28300746)
(-1.8716002e-05 -2.3641251e-18 0.26629739)
(-1.6716699e-05 -1.8646848e-18 0.24847999)
(-1.438775e-05 -1.3886479e-18 0.23005481)
(-1.2034347e-05 -1.1673096e-18 0.21143106)
(-9.8363906e-06 -1.0270926e-18 0.19293505)
(-7.8850939e-06 -1.0666653e-18 0.17481941)
(-6.2120337e-06 -1.0972278e-18 0.15727329)
(-4.8142388e-06 -1.0196539e-18 0.14043258)
(-3.6703798e-06 -8.4301309e-19 0.12438953)
(-2.7501256e-06 -6.8510223e-19 0.10920127)
(-2.0210014e-06 -5.580605e-19 0.0948973)
(-1.4518966e-06 -4.5567269e-19 0.081485611)
(-1.0144806e-06 -3.7112038e-19 0.068957889)
(-6.8391316e-07 -2.9951959e-19 0.05729367)
(-4.3957961e-07 -2.3755102e-19 0.046463709)
(-2.6410784e-07 -1.8296101e-19 0.036432654)
(-1.4304142e-07 -1.3423553e-19 0.027161153)
(-6.4743359e-08 -9.0672031e-20 0.018607504)
(-2.0271708e-08 -5.1592309e-20 0.010728921)
(-1.3036873e-09 -1.6459026e-20 0.0034824984)
(-5.3320549e-06 3.0438296e-18 0.3249719)
(-1.2345627e-05 -3.7628231e-18 0.32019352)
(-1.6721648e-05 -3.2232445e-18 0.31083173)
(-1.8967555e-05 -2.8274325e-18 0.29819896)
(-1.9123223e-05 -1.9009211e-18 0.28315729)
(-1.7950443e-05 -2.2563583e-18 0.26641505)
(-1.6019786e-05 -1.9705254e-18 0.24857003)
(-1.3776014e-05 -2.0209657e-18 0.23012208)
(-1.151226e-05 -1.8607034e-18 0.21148008)
(-9.4016934e-06 -1.5463416e-18 0.19296979)
(-7.5297642e-06 -1.0693463e-18 0.17484319)
(-5.9262685e-06 -7.2567096e-19 0.1572888)
(-4.5885983e-06 -5.5957904e-19 0.14044197)
(-3.4951441e-06 -6.2786349e-19 0.12439447)
(-2.6164414e-06 -5.8654735e-19 0.10920309)
(-1.9208994e-06 -5.1173335e-19 0.094896992)
(-1.3785268e-06 -4.3102351e-19 0.08148395)
(-9.6196114e-07 -3.5377353e-19 0.068955459)
(-6.4780666e-07 -2.8260702e-19 0.05729091)
(-4.1585663e-07 -2.1815644e-19 0.046460945)
(-2.4942763e-07 -1.617399e-19 0.036430123)
(-1.3505416e-07 -1.1769009e-19 0.027159027)
(-6.1170375e-08 -7.9626429e-20 0.018605901)
(-1.9087053e-08 -4.5466112e-20 0.010727919)
(-1.1827837e-09 -1.4554299e-20 0.0034821459)
(-5.1247422e-06 -1.618801e-18 0.32523628)
(-1.1865988e-05 -4.1707955e-18 0.32044108)
(-1.6064744e-05 -3.2543445e-18 0.3110493)
(-1.8211707e-05 -2.6279693e-18 0.2983816)
(-1.8348062e-05 -1.9355409e-18 0.28330521)
(-1.720917e-05 -2.0956002e-18 0.26653138)
(-1.5345203e-05 -1.9899156e-18 0.24865925)
(-1.3184071e-05 -2.0726448e-18 0.23018891)
(-1.1007191e-05 -2.3319597e-18 0.21152897)
(-8.9801407e-06 -1.8212459e-18 0.19300461)
(-7.1849929e-06 -1.2758437e-18 0.17486719)
(-5.6498406e-06 -9.0038776e-19 0.15730462)
(-4.3706305e-06 -6.6760326e-19 0.14045172)
(-3.3260642e-06 -5.8643111e-19 0.1243998)
(-2.4876425e-06 -5.2150839e-19 0.10920529)
(-1.8249488e-06 -4.5429896e-19 0.09489705)
(-1.3089699e-06 -3.8694129e-19 0.081482628)
(-9.1302131e-07 -3.2274159e-19 0.068953334)
(-6.1438997e-07 -2.6350039e-19 0.057288417)
(-3.9426676e-07 -2.0984942e-19 0.046458406)
(-2.3648295e-07 -1.6174223e-19 0.036427776)
(-1.2782261e-07 -1.1877504e-19 0.027157042)
(-5.7800923e-08 -8.0055299e-20 0.018604397)
(-1.8064074e-08 -4.485733e-20 0.010726976)
(-1.1141076e-09 -1.4408906e-20 0.0034818129)
(-4.9239528e-06 -7.0226043e-18 0.32549654)
(-1.1401176e-05 -3.8070883e-18 0.32068485)
(-1.5428086e-05 -3.2072194e-18 0.31126366)
(-1.7479274e-05 -2.7134932e-18 0.29856171)
(-1.7597576e-05 -2.772007e-18 0.28345125)
(-1.649175e-05 -2.0223952e-18 0.26664643)
(-1.4691952e-05 -1.8656278e-18 0.24874765)
(-1.2610546e-05 -1.6640085e-18 0.2302553)
(-1.0517845e-05 -1.3532918e-18 0.2115777)
(-8.5718856e-06 -1.5776898e-18 0.19303948)
(-6.8511588e-06 -1.3616482e-18 0.17489138)
(-5.3819964e-06 -1.2065836e-18 0.15732073)
(-4.1593197e-06 -1.2290871e-18 0.1404618)
(-3.1621213e-06 -8.8044889e-19 0.12440549)
(-2.362818e-06 -6.6436215e-19 0.10920785)
(-1.7319207e-06 -5.2334486e-19 0.09489746)
(-1.2412238e-06 -4.23462e-19 0.081481635)
(-8.6535249e-07 -3.4719577e-19 0.068951507)
(-5.8221336e-07 -2.8561453e-19 0.057286184)
(-3.7357692e-07 -2.3349379e-19 0.046456088)
(-2.2418638e-07 -1.8647191e-19 0.036425608)
(-1.2127987e-07 -1.3806633e-19 0.027155194)
(-5.4812887e-08 -9.3218944e-20 0.01860299)
(-1.7186566e-08 -5.288821e-20 0.01072609)
(-1.1423911e-09 -1.6823687e-20 0.0034814989)
(-4.7293796e-06 -3.5095191e-18 0.32575276)
(-1.0950452e-05 -3.7453081e-18 0.3209249)
(-1.4811117e-05 -3.2355694e-18 0.31147488)
(-1.6769728e-05 -3.0753239e-18 0.29873933)
(-1.6869963e-05 -2.5696759e-18 0.28359545)
(-1.5795854e-05 -2.0043824e-18 0.26676019)
(-1.4058656e-05 -1.7431217e-18 0.24883525)
(-1.2054778e-05 -1.3737717e-18 0.23032126)
(-1.004347e-05 -1.0992978e-18 0.21162628)
(-8.1764263e-06 -1.1872178e-18 0.1930744)
(-6.5282211e-06 -1.1956589e-18 0.17491577)
(-5.1227094e-06 -1.1591087e-18 0.15733712)
(-3.9546559e-06 -1.1017922e-18 0.14047222)
(-3.0034364e-06 -8.975238e-19 0.12441154)
(-2.2420428e-06 -7.152116e-19 0.10921076)
(-1.6418246e-06 -5.7580247e-19 0.094898209)
(-1.1753847e-06 -4.6902251e-19 0.081480957)
(-8.1845923e-07 -3.834339e-19 0.068949963)
(-5.5014474e-07 -3.1145705e-19 0.057284199)
(-3.5263671e-07 -2.4859407e-19 0.04645398)
(-2.1129973e-07 -1.9240138e-19 0.036423611)
(-1.1423583e-07 -1.4160483e-19 0.027153478)
(-5.1770142e-08 -9.5891935e-20 0.018601675)
(-1.626026e-08 -5.5089665e-20 0.010725258)
(-1.0684217e-09 -1.7467881e-20 0.0034812032)
(-4.5406892e-06 -5.6440099e-18 0.32600503)
(-1.0513864e-05 -4.1701498e-18 0.32116131)
(-1.4213429e-05 -3.3489201e-18 0.31168302)
(-1.6082105e-05 -3.3034811e-18 0.29891451)
(-1.6164916e-05 -2.7954784e-18 0.28373784)
(-1.512148e-05 -2.1625746e-18 0.2668727)
(-1.3444617e-05 -1.8464332e-18 0.24892205)
(-1.1516025e-05 -1.7481376e-18 0.23038679)
(-9.5841434e-06 -1.8697896e-18 0.2116747)
(-7.7935307e-06 -1.3288862e-18 0.19310936)
(-6.2150887e-06 -1.0645855e-18 0.17494032)
(-4.8712774e-06 -8.1459682e-19 0.15735376)
(-3.7563605e-06 -4.6600105e-19 0.14048295)
(-2.8498443e-06 -5.4907202e-19 0.12441792)
(-2.1248642e-06 -5.4140612e-19 0.10921402)
(-1.5540134e-06 -4.9178456e-19 0.094899286)
(-1.1111093e-06 -4.2636253e-19 0.081480583)
(-7.7264785e-07 -3.5676715e-19 0.068948694)
(-5.1845232e-07 -2.8822711e-19 0.057282454)
(-3.3194918e-07 -2.2355413e-19 0.046452075)
(-1.9886669e-07 -1.6570327e-19 0.036421779)
(-1.0732422e-07 -1.2015113e-19 0.02715189)
(-4.8376351e-08 -8.0865585e-20 0.018600451)
(-1.5084297e-08 -4.6007737e-20 0.01072448)
(-9.4431087e-10 -1.4691317e-20 0.003480925)
(-4.3579957e-06 -4.3090358e-18 0.32625342)
(-1.0091038e-05 -4.113598e-18 0.32139416)
(-1.3634496e-05 -3.3755843e-18 0.31188814)
(-1.5415867e-05 -2.818902e-18 0.29908731)
(-1.5481753e-05 -1.9851591e-18 0.28387845)
(-1.4468641e-05 -2.2235802e-18 0.26698398)
(-1.2850721e-05 -1.9892049e-18 0.24900806)
(-1.0994528e-05 -1.9640016e-18 0.23045189)
(-9.139401e-06 -1.9372816e-18 0.21172295)
(-7.4231401e-06 -1.4685728e-18 0.19314435)
(-5.9122132e-06 -1.079955e-18 0.17496504)
(-4.6276964e-06 -7.8395958e-19 0.15737066)
(-3.5639169e-06 -5.490506e-19 0.14049397)
(-2.7004346e-06 -5.0028403e-19 0.12442462)
(-2.0111546e-06 -4.6996344e-19 0.1092176)
(-1.4693281e-06 -4.2743169e-19 0.094900676)
(-1.0494518e-06 -3.745731e-19 0.081480501)
(-7.2906328e-07 -3.177813e-19 0.068947689)
(-4.8887252e-07 -2.6183785e-19 0.057280942)
(-3.1259691e-07 -2.0937888e-19 0.046450367)
(-1.8700738e-07 -1.6158549e-19 0.036420108)
(-1.0088204e-07 -1.1864064e-19 0.027150425)
(-4.5462726e-08 -7.9881832e-20 0.018599313)
(-1.4158706e-08 -4.4680662e-20 0.010723753)
(-8.757055e-10 -1.4340344e-20 0.003480664)
(-4.1809543e-06 -2.9133677e-18 0.32649802)
(-9.6812066e-06 -3.2380096e-18 0.32162352)
(-1.3073667e-05 -3.2707845e-18 0.3120903)
(-1.4771179e-05 -2.6021424e-18 0.29925776)
(-1.4820948e-05 -2.2099541e-18 0.28401731)
(-1.383656e-05 -2.2274575e-18 0.26709404)
(-1.227547e-05 -1.994944e-18 0.24909329)
(-1.0489948e-05 -1.6988739e-18 0.23051655)
(-8.7087016e-06 -9.2998227e-19 0.21177103)
(-7.0638473e-06 -6.0636737e-19 0.19317935)
(-5.6186927e-06 -8.6908954e-19 0.17498991)
(-4.3922461e-06 -9.788781e-19 0.15738779)
(-3.3778973e-06 -9.7044564e-19 0.14050529)
(-2.5563595e-06 -7.1435363e-19 0.12443163)
(-1.9017183e-06 -5.7231431e-19 0.10922149)
(-1.3874647e-06 -4.7592087e-19 0.09490237)
(-9.8982162e-07 -4.0036475e-19 0.081480703)
(-6.8695531e-07 -3.3678692e-19 0.068946941)
(-4.6029376e-07 -2.817196e-19 0.057279655)
(-2.9409227e-07 -2.3284257e-19 0.046448851)
(-1.7570757e-07 -1.8700379e-19 0.036418593)
(-9.4783223e-08 -1.3809899e-19 0.02714908)
(-4.2749815e-08 -9.1373453e-20 0.018598259)
(-1.3372984e-08 -5.243651e-20 0.010723076)
(-8.7856987e-10 -1.6809333e-20 0.0034804196)
(-4.0093793e-06 -4.5363997e-18 0.3267389)
(-9.2841665e-06 -3.0129375e-18 0.32184945)
(-1.2530622e-05 -3.2725365e-18 0.31228957)
(-1.4146783e-05 -3.7060262e-18 0.29942591)
(-1.4180701e-05 -3.2703744e-18 0.28415445)
(-1.3224616e-05 -2.2999847e-18 0.2672029)
(-1.1718792e-05 -1.9132776e-18 0.24917776)
(-1.0001405e-05 -1.4249672e-18 0.23058078)
(-8.2920643e-06 -7.1739152e-19 0.21181894)
(-6.7169059e-06 -4.6269546e-19 0.19321437)
(-5.3353666e-06 -6.9735239e-19 0.17501492)
(-4.164761e-06 -8.1997691e-19 0.15740514)
(-3.1984076e-06 -8.5130221e-19 0.14051688)
(-2.4168751e-06 -7.4798487e-19 0.12443894)
(-1.7950674e-06 -6.3508571e-19 0.10922569)
(-1.3076759e-06 -5.3549548e-19 0.094904356)
(-9.3161734e-07 -4.4968352e-19 0.081481179)
(-6.4558791e-07 -3.7464222e-19 0.06894644)
(-4.3183011e-07 -3.0780473e-19 0.057278585)
(-2.7564768e-07 -2.4741261e-19 0.046447518)
(-1.6453958e-07 -1.9240452e-19 0.036417227)
(-8.8682783e-08 -1.4224776e-19 0.02714785)
(-4.0004271e-08 -9.691495e-20 0.018597287)
(-1.2498053e-08 -5.6242964e-20 0.010722447)
(-8.1837313e-10 -1.7892375e-20 0.0034801913)
(-3.8430407e-06 -2.0813791e-18 0.32697615)
(-8.8994924e-06 -3.6437717e-18 0.32207204)
(-1.2003771e-05 -3.2927704e-18 0.31248599)
(-1.3540952e-05 -3.2781127e-18 0.2995918)
(-1.3560238e-05 -2.9480382e-18 0.28428992)
(-1.2631799e-05 -2.2754297e-18 0.26731057)
(-1.1179477e-05 -1.849824e-18 0.24926147)
(-9.5282261e-06 -1.5092876e-18 0.23064458)
(-7.8887512e-06 -1.6302952e-18 0.21186667)
(-6.3810695e-06 -1.4199944e-18 0.19324939)
(-5.0611038e-06 -9.3642539e-19 0.17504006)
(-3.9447905e-06 -7.3383404e-19 0.15742271)
(-3.0251618e-06 -4.8127115e-19 0.14052872)
(-2.2828349e-06 -5.6171792e-19 0.12444653)
(-1.6931418e-06 -5.4876724e-19 0.10923017)
(-1.2319824e-06 -4.9753792e-19 0.094906624)
(-8.7669941e-07 -4.3223208e-19 0.081481917)
(-6.0698189e-07 -3.6382093e-19 0.068946177)
(-4.0571715e-07 -2.9753974e-19 0.057277724)
(-2.5871899e-07 -2.3606217e-19 0.046446363)
(-1.5430854e-07 -1.8072652e-19 0.036416006)
(-8.2938878e-08 -1.3185698e-19 0.027146731)
(-3.7256985e-08 -8.8733419e-20 0.018596393)
(-1.1576435e-08 -5.0306104e-20 0.010721865)
(-7.4235822e-10 -1.5996364e-20 0.0034799785)
(-3.6818578e-06 -1.6839866e-18 0.32720983)
(-8.5266741e-06 -4.1406385e-18 0.32229135)
(-1.1493755e-05 -3.3558005e-18 0.31267963)
(-1.2954396e-05 -3.1033807e-18 0.29975548)
(-1.2959261e-05 -2.7111386e-18 0.28442372)
(-1.2057562e-05 -2.2047947e-18 0.26741709)
(-1.0657095e-05 -1.8485358e-18 0.24934442)
(-9.0703242e-06 -1.6829331e-18 0.23070795)
(-7.4982784e-06 -1.812869e-18 0.21191422)
(-6.0554999e-06 -1.683359e-18 0.1932844)
(-4.7950258e-06 -1.1596198e-18 0.17506532)
(-3.7314017e-06 -8.1218017e-19 0.15744048)
(-2.8566545e-06 -5.9739602e-19 0.14054082)
(-2.1518292e-06 -5.4073456e-19 0.1244544)
(-1.593373e-06 -4.9903425e-19 0.10923493)
(-1.1574285e-06 -4.4725719e-19 0.094909161)
(-8.2224998e-07 -3.876004e-19 0.081482907)
(-5.6819345e-07 -3.2591306e-19 0.068946143)
(-3.7906529e-07 -2.6659887e-19 0.057277063)
(-2.411235e-07 -2.119419e-19 0.046445378)
(-1.4329779e-07 -1.6277116e-19 0.036414924)
(-7.6841691e-08 -1.1902548e-19 0.02714572)
(-3.4480155e-08 -8.0182843e-20 0.018595575)
(-1.0697521e-08 -4.5567811e-20 0.010721327)
(-6.5106136e-10 -1.4518898e-20 0.0034797804)
(-3.52564e-06 -2.6795581e-18 0.32744002)
(-8.1653055e-06 -4.2115393e-18 0.32250743)
(-1.0999508e-05 -3.4768547e-18 0.31287053)
(-1.2386121e-05 -3.0644321e-18 0.29991699)
(-1.2376937e-05 -2.6777854e-18 0.2845559)
(-1.1501007e-05 -2.1994583e-18 0.26752246)
(-1.0150906e-05 -1.900531e-18 0.24942662)
(-8.6261603e-06 -1.7747182e-18 0.23077089)
(-7.119423e-06 -1.6969334e-18 0.21196157)
(-5.739665e-06 -1.2424577e-18 0.19331941)
(-4.5371272e-06 -1.2159472e-18 0.17509068)
(-3.5246806e-06 -9.9481704e-19 0.15745843)
(-2.6934189e-06 -1.1247554e-18 0.14055315)
(-2.0250148e-06 -8.4639879e-19 0.12446252)
(-1.4969708e-06 -6.6038451e-19 0.10923996)
(-1.0858181e-06 -5.2811962e-19 0.094911955)
(-7.7012978e-07 -4.2760764e-19 0.08148414)
(-5.3139083e-07 -3.4728053e-19 0.068946329)
(-3.5401004e-07 -2.8074218e-19 0.057276596)
(-2.2502211e-07 -2.2394836e-19 0.046444558)
(-1.3384203e-07 -1.7419969e-19 0.036413976)
(-7.1820925e-08 -1.2989784e-19 0.027144812)
(-3.2148397e-08 -9.0457453e-20 0.01859483)
(-9.9736857e-09 -5.1182729e-20 0.010720832)
(-6.4031419e-10 -1.6267412e-20 0.0034795968)
(-3.3743757e-06 -2.2443308e-18 0.32766679)
(-7.8151187e-06 -4.1885837e-18 0.32272037)
(-1.0520751e-05 -3.4735569e-18 0.31305876)
(-1.1835766e-05 -2.0400443e-18 0.30007636)
(-1.1813187e-05 -2.5581666e-18 0.28468647)
(-1.0962572e-05 -2.2156442e-18 0.2676267)
(-9.6610561e-06 -1.9171362e-18 0.24950809)
(-8.1966146e-06 -1.6672086e-18 0.23083341)
(-6.7533371e-06 -1.3680022e-18 0.21200873)
(-5.4351202e-06 -1.2665027e-18 0.19335439)
(-4.2884173e-06 -1.3059777e-18 0.17511614)
(-3.3247657e-06 -1.2772205e-18 0.15747657)
(-2.5359486e-06 -1.2011561e-18 0.14056571)
(-1.9032066e-06 -9.8459231e-19 0.12447089)
(-1.4042628e-06 -7.826246e-19 0.10924524)
(-1.0165163e-06 -6.2239486e-19 0.094915001)
(-7.1953927e-07 -4.9808369e-19 0.081485608)
(-4.9535172e-07 -3.9958566e-19 0.068946728)
(-3.2925717e-07 -3.1894989e-19 0.057276317)
(-2.0894252e-07 -2.5082311e-19 0.046443898)
(-1.2395756e-07 -1.9187781e-19 0.036413159)
(-6.6282361e-08 -1.4006364e-19 0.027144005)
(-2.968691e-08 -9.4156575e-20 0.018594156)
(-9.2055956e-09 -5.3314874e-20 0.010720379)
(-5.5563939e-10 -1.6950387e-20 0.0034794273)
(-3.2279561e-06 -1.7182126e-18 0.32789021)
(-7.4759533e-06 -1.8277664e-18 0.32293021)
(-1.0056495e-05 -3.2411345e-18 0.31324436)
(-1.1302347e-05 -2.3912796e-18 0.30023364)
(-1.1266777e-05 -2.3068972e-18 0.28481547)
(-1.0440643e-05 -2.1682078e-18 0.26772982)
(-9.186652e-06 -1.9281322e-18 0.24958883)
(-7.780714e-06 -1.7028935e-18 0.23089549)
(-6.3990166e-06 -1.5756191e-18 0.2120557)
(-5.1398673e-06 -1.7896391e-18 0.19338933)
(-4.0474104e-06 -1.3516786e-18 0.17514169)
(-3.1316411e-06 -1.1467224e-18 0.15749487)
(-2.3835222e-06 -6.6185472e-19 0.14057848)
(-1.7850222e-06 -6.5400136e-19 0.1244795)
(-1.3141313e-06 -5.9560728e-19 0.10925077)
(-9.4903852e-07 -5.1642823e-19 0.094918288)
(-6.7020818e-07 -4.331554e-19 0.081487303)
(-4.6059225e-07 -3.5299737e-19 0.068947334)
(-3.0570447e-07 -2.7842279e-19 0.05727622)
(-1.9362873e-07 -2.0960553e-19 0.046443393)
(-1.1475697e-07 -1.4558999e-19 0.036412469)
(-6.1406189e-08 -1.0747733e-19 0.027143296)
(-2.7572235e-08 -7.2023572e-20 0.018593551)
(-8.6105136e-09 -4.0891231e-20 0.010719968)
(-5.6631106e-10 -1.3039766e-20 0.0034792714)
(-3.0859312e-06 -1.4364331e-18 0.32811034)
(-7.1473979e-06 -9.6888266e-19 0.32313702)
(-9.6070416e-06 -2.833945e-18 0.31342738)
(-1.0785774e-05 -2.4386472e-18 0.30038887)
(-1.0737529e-05 -2.3123428e-18 0.28494292)
(-9.934975e-06 -2.1433407e-18 0.26783185)
(-8.7270453e-06 -1.9636739e-18 0.24966884)
(-7.3777985e-06 -1.750952e-18 0.23095716)
(-6.055359e-06 -1.1384563e-18 0.21210247)
(-4.8536728e-06 -9.3572318e-19 0.19342425)
(-3.8137545e-06 -1.0768794e-18 0.17516733)
(-2.9443915e-06 -1.0084732e-18 0.15751332)
(-2.2359758e-06 -9.811555e-19 0.14059146)
(-1.6703088e-06 -7.4424631e-19 0.12448834)
(-1.2265137e-06 -6.1133228e-19 0.10925654)
(-8.8376828e-07 -5.1251255e-19 0.094921804)
(-6.2287336e-07 -4.2872191e-19 0.081489214)
(-4.2705513e-07 -3.5541484e-19 0.068948137)
(-2.828381e-07 -2.9155555e-19 0.057276297)
(-1.7883853e-07 -2.3680028e-19 0.046443036)
(-1.0568739e-07 -1.9187438e-19 0.036411899)
(-5.6302019e-08 -1.3811527e-19 0.02714268)
(-2.5172994e-08 -9.2561587e-20 0.018593012)
(-7.7857904e-09 -5.2353679e-20 0.010719595)
(-4.5673791e-10 -1.6690709e-20 0.0034791286)
(-2.9484926e-06 4.9096617e-18 0.32832725)
(-6.8292362e-06 -5.7359615e-18 0.32334087)
(-9.1717893e-06 -3.0241252e-18 0.31360788)
(-1.0285398e-05 -2.727818e-18 0.30054207)
(-1.0225244e-05 -2.1968072e-18 0.28506885)
(-9.4457884e-06 -2.1038642e-18 0.2679328)
(-8.2821036e-06 -1.8281368e-18 0.24974814)
(-6.9877142e-06 -1.0826854e-18 0.23101839)
(-5.7231787e-06 -9.9230433e-19 0.21214903)
(-4.5768676e-06 -6.557059e-19 0.19345912)
(-3.5874273e-06 -6.5552888e-19 0.17519303)
(-2.7625217e-06 -3.5987071e-19 0.15753192)
(-2.0923089e-06 -6.4170085e-19 0.14060463)
(-1.5592361e-06 -6.458028e-19 0.1244974)
(-1.1424237e-06 -5.8439567e-19 0.10926253)
(-8.2117073e-07 -5.1063515e-19 0.094925542)
(-5.7757345e-07 -4.3915196e-19 0.081491334)
(-3.9552755e-07 -3.7424317e-19 0.06894913)
(-2.6134233e-07 -3.1688647e-19 0.057276542)
(-1.6466607e-07 -2.6700986e-19 0.046442822)
(-9.6975602e-08 -2.2453578e-19 0.036411446)
(-5.1544191e-08 -1.6702019e-19 0.027142154)
(-2.3047003e-08 -1.1673652e-19 0.018592536)
(-7.1440128e-09 -6.6450414e-20 0.01071926)
(-4.3974774e-10 -2.1187604e-20 0.0034789983)
(-2.8152537e-06 -6.0782662e-18 0.32854101)
(-6.5210746e-06 -4.0046361e-18 0.3235418)
(-8.7503889e-06 -3.019814e-18 0.3137859)
(-9.8014016e-06 -1.2540074e-18 0.3006933)
(-9.7294475e-06 -1.0683572e-18 0.28519329)
(-8.9722706e-06 -1.9385547e-18 0.26803268)
(-7.8518447e-06 -1.6364042e-18 0.24982673)
(-6.6107747e-06 -8.5247977e-19 0.2310792)
(-5.4019219e-06 -2.3367122e-19 0.21219538)
(-4.3094272e-06 -4.0267476e-21 0.19349395)
(-3.3691435e-06 -4.7610798e-19 0.1752188)
(-2.5875633e-06 -7.7280404e-19 0.15755067)
(-1.9547503e-06 -7.512858e-19 0.14061798)
(-1.4527637e-06 -6.7099655e-19 0.12450667)
(-1.0613655e-06 -5.8423762e-19 0.10926873)
(-7.6071571e-07 -5.0111772e-19 0.094929493)
(-5.3316276e-07 -4.2350288e-19 0.081493655)
(-3.6369879e-07 -3.5138377e-19 0.068950307)
(-2.398284e-07 -2.8425333e-19 0.05727695)
(-1.5091386e-07 -2.2118463e-19 0.046442747)
(-8.8860958e-08 -1.6022793e-19 0.036411107)
(-4.7192394e-08 -1.1884907e-19 0.027141716)
(-2.0869042e-08 -7.8853715e-20 0.018592123)
(-6.382426e-09 -4.6562623e-20 0.010718962)
(-3.860578e-10 -1.4879609e-20 0.0034788804)
(-2.6860405e-06 -1.2662632e-17 0.32875167)
(-6.2222525e-06 5.7599171e-19 0.32373988)
(-8.3418865e-06 -2.6347259e-18 0.31396149)
(-9.3324497e-06 -1.3302121e-18 0.30084258)
(-9.2494836e-06 -1.6205841e-18 0.28531625)
(-8.5139077e-06 -1.8946008e-18 0.26813151)
(-7.4353504e-06 -1.6390555e-18 0.24990463)
(-6.245773e-06 -1.4597116e-18 0.2311396)
(-5.091133e-06 -5.7887697e-19 0.21224152)
(-4.0508174e-06 -5.9185531e-19 0.19352871)
(-3.1583372e-06 -8.0414102e-19 0.17524462)
(-2.4189989e-06 -1.1537524e-18 0.15756954)
(-1.8219257e-06 -9.738496e-19 0.1406315)
(-1.3497232e-06 -7.9996928e-19 0.12451613)
(-9.8303933e-07 -6.566928e-19 0.10927515)
(-7.026774e-07 -5.3837854e-19 0.094933648)
(-4.9109702e-07 -4.3782085e-19 0.081496171)
(-3.3417007e-07 -3.5033664e-19 0.068951662)
(-2.19846e-07 -2.7317926e-19 0.057277514)
(-1.3806791e-07 -2.0443278e-19 0.046442805)
(-8.1111029e-08 -1.4161441e-19 0.036410877)
(-4.3095808e-08 -1.0165851e-19 0.027141363)
(-1.9204218e-08 -6.4837801e-20 0.01859177)
(-5.8706343e-09 -3.6602963e-20 0.010718699)
(-3.74447e-10 -1.1600071e-20 0.0034787743)
(-2.5611343e-06 -4.5569778e-18 0.3289593)
(-5.9329715e-06 5.7682344e-19 0.32393516)
(-7.9464939e-06 -2.1798356e-18 0.31413469)
(-8.8780618e-06 -1.3870064e-18 0.30098995)
(-8.7847455e-06 -2.6600006e-18 0.28543776)
(-8.0706281e-06 -1.9567394e-18 0.26822931)
(-7.0321527e-06 -1.6568965e-18 0.24998183)
(-5.8926022e-06 -1.4902476e-18 0.23119957)
(-4.7904183e-06 -1.330681e-18 0.21228745)
(-3.8003236e-06 -1.313244e-18 0.19356342)
(-2.9539658e-06 -1.0454816e-18 0.17527049)
(-2.2550133e-06 -1.0585925e-18 0.15758852)
(-1.6926266e-06 -5.821598e-19 0.14064519)
(-1.2497674e-06 -5.9292404e-19 0.12452579)
(-9.0705275e-07 -5.4519359e-19 0.10928176)
(-6.458119e-07 -4.7321936e-19 0.094937999)
(-4.4960364e-07 -3.9590763e-19 0.081498871)
(-3.0466401e-07 -3.2128561e-19 0.068953186)
(-1.9931439e-07 -2.5232331e-19 0.057278228)
(-1.2448854e-07 -1.896537e-19 0.046442992)
(-7.2787186e-08 -1.322537e-19 0.036410752)
(-3.8397468e-08 -9.8173845e-20 0.027141091)
(-1.7103784e-08 -6.6581078e-20 0.018591473)
(-5.256602e-09 -3.7975564e-20 0.01071847)
(-3.2720618e-10 -1.2140795e-20 0.0034786796)
(-2.4402038e-06 2.5760757e-18 0.32916396)
(-5.6530337e-06 -5.1745995e-18 0.3241277)
(-7.5634507e-06 -2.6664843e-18 0.31430555)
(-8.4380332e-06 -4.1675737e-18 0.30113544)
(-8.3342373e-06 -2.8846064e-18 0.28555786)
(-7.6407478e-06 -2.0933167e-18 0.26832608)
(-6.6421172e-06 -1.7805968e-18 0.25005834)
(-5.5508652e-06 -1.7885994e-18 0.23125911)
(-4.4995195e-06 -2.3028027e-18 0.21233317)
(-3.5586143e-06 -2.1236134e-18 0.19359806)
(-2.756674e-06 -1.2155664e-18 0.1752964)
(-2.0968776e-06 -5.8323778e-19 0.15760762)
(-1.5678692e-06 -4.4832946e-19 0.14065904)
(-1.1529273e-06 -4.2509239e-19 0.12453562)
(-8.3357333e-07 -4.0315921e-19 0.10928856)
(-5.9109158e-07 -3.6909628e-19 0.094942539)
(-4.0974285e-07 -3.2792312e-19 0.081501751)
(-2.7648067e-07 -2.8509387e-19 0.068954874)
(-1.8043248e-07 -2.4390213e-19 0.057279087)
(-1.1236923e-07 -2.0612507e-19 0.046443302)
(-6.5260866e-08 -1.7368621e-19 0.036410729)
(-3.4234883e-08 -1.2881556e-19 0.027140897)
(-1.5033051e-08 -8.9575826e-20 0.018591233)
(-4.5258603e-09 -4.9229848e-20 0.010718275)
(-2.7547402e-10 -1.5867094e-20 0.0034785959)
(-2.3227915e-06 -6.590532e-18 0.3293657)
(-5.3816356e-06 -6.1610374e-18 0.32431754)
(-7.1927115e-06 -3.2147839e-18 0.31447411)
(-8.0121679e-06 -3.9416249e-18 0.30127908)
(-7.8981341e-06 -2.5747699e-18 0.28567655)
(-7.2247276e-06 -2.1066261e-18 0.26842185)
(-6.2646349e-06 -1.8838472e-18 0.25013417)
(-5.2204677e-06 -1.8415174e-18 0.23131824)
(-4.2181879e-06 -1.5632251e-18 0.21237866)
(-3.3246211e-06 -1.5558426e-18 0.19363263)
(-2.5660508e-06 -1.0991203e-18 0.17532233)
(-1.9441345e-06 -6.4635168e-19 0.15762682)
(-1.4476327e-06 -7.7945784e-19 0.14067303)
(-1.0598163e-06 -5.701157e-19 0.12454563)
(-7.6251854e-07 -4.576873e-19 0.10929554)
(-5.380275e-07 -3.8653215e-19 0.094947258)
(-3.7134244e-07 -3.3295873e-19 0.081504801)
(-2.4944811e-07 -2.8765692e-19 0.068956717)
(-1.6161303e-07 -2.471839e-19 0.057280085)
(-9.9834215e-08 -2.1034902e-19 0.046443731)
(-5.7608084e-08 -1.7755597e-19 0.036410803)
(-2.989042e-08 -1.3004593e-19 0.027140779)
(-1.2970275e-08 -8.7949315e-20 0.018591046)
(-3.8765215e-09 -5.0055391e-20 0.010718111)
(-2.0818291e-10 -1.5963331e-20 0.0034785228)
(-2.2094547e-06 -3.7282393e-18 0.32956459)
(-5.1187617e-06 -5.0385186e-18 0.32450474)
(-6.8334725e-06 -3.2861855e-18 0.31464042)
(-7.6001621e-06 -2.4767477e-18 0.30142092)
(-7.4768813e-06 -2.060354e-18 0.28579386)
(-6.8226908e-06 -1.9774479e-18 0.26851662)
(-5.899388e-06 -1.7606322e-18 0.25020934)
(-4.9005836e-06 -1.3831001e-18 0.23137696)
(-3.9461172e-06 -9.8896626e-19 0.21242393)
(-3.0982232e-06 -9.2234266e-19 0.19366712)
(-2.3810924e-06 -8.7567264e-19 0.1753483)
(-1.7956986e-06 -7.9683228e-19 0.15764612)
(-1.3306004e-06 -7.7630936e-19 0.14068716)
(-9.6932607e-07 -6.634093e-19 0.12455579)
(-6.9369872e-07 -5.5653663e-19 0.1093027)
(-4.8695686e-07 -4.6766946e-19 0.094952149)
(-3.3432295e-07 -3.926944e-19 0.081508015)
(-2.233356e-07 -3.2722321e-19 0.068958714)
(-1.4407378e-07 -2.6861384e-19 0.057281217)
(-8.8749499e-08 -2.1544306e-19 0.046444276)
(-5.1174217e-08 -1.669538e-19 0.036410971)
(-2.6641366e-08 -1.2271469e-19 0.027140734)
(-1.1662247e-08 -8.2860467e-20 0.01859091)
(-3.5044235e-09 -4.746276e-20 0.010717977)
(-2.1137635e-10 -1.4991319e-20 0.0034784599)
(-2.0993584e-06 -2.2678455e-18 0.32976067)
(-4.8643226e-06 -3.946966e-18 0.32468935)
(-6.4856682e-06 -3.2363015e-18 0.31480451)
(-7.2005697e-06 -2.7208017e-18 0.30156097)
(-7.0681925e-06 -2.5785744e-18 0.28590981)
(-6.4327258e-06 -2.0383064e-18 0.26861041)
(-5.5449941e-06 -1.7112327e-18 0.25028383)
(-4.5906068e-06 -1.429028e-18 0.23143526)
(-3.6822986e-06 -1.7216537e-18 0.21246898)
(-2.8787075e-06 -1.3983955e-18 0.19370153)
(-2.2022067e-06 -1.1109648e-18 0.17537428)
(-1.6526556e-06 -9.8736527e-19 0.1576655)
(-1.2181826e-06 -5.3778787e-19 0.14070142)
(-8.8246073e-07 -5.4442759e-19 0.12456611)
(-6.2774596e-07 -5.0177221e-19 0.10931002)
(-4.3776447e-07 -4.3936604e-19 0.094957206)
(-2.9845315e-07 -3.7161793e-19 0.081511388)
(-1.9798193e-07 -3.0504755e-19 0.068960854)
(-1.2704214e-07 -2.4267083e-19 0.057282479)
(-7.79528e-08 -1.859719e-19 0.046444931)
(-4.4902971e-08 -1.3648019e-19 0.036411231)
(-2.337238e-08 -9.8149834e-20 0.027140759)
(-1.024802e-08 -6.5590973e-20 0.018590825)
(-3.1265044e-09 -3.7066235e-20 0.010717874)
(-2.3206086e-10 -1.1767364e-20 0.0034784071)
(-1.992958e-06 -3.5548208e-18 0.329954)
(-4.6180891e-06 -3.8727339e-18 0.32487142)
(-6.1488851e-06 -3.2966364e-18 0.31496643)
(-6.8139783e-06 -2.8996548e-18 0.30169928)
(-6.6726751e-06 -2.8572631e-18 0.28602443)
(-6.0554088e-06 -2.1608534e-18 0.26870324)
(-5.2026755e-06 -1.8268706e-18 0.25035766)
(-4.2908864e-06 -1.7265495e-18 0.23149314)
(-3.4271446e-06 -1.3748899e-18 0.2125138)
(-2.6664143e-06 -1.0548586e-18 0.19373585)
(-2.0290229e-06 -1.1717421e-18 0.17540027)
(-1.5136458e-06 -1.0889426e-18 0.15768496)
(-1.1084407e-06 -1.0143512e-18 0.14071581)
(-7.9743601e-07 -7.3873661e-19 0.12457658)
(-5.6302874e-07 -5.8147192e-19 0.1093175)
(-3.8925527e-07 -4.7162382e-19 0.094962422)
(-2.6291957e-07 -3.8602606e-19 0.081514912)
(-1.7290605e-07 -3.1658462e-19 0.068963135)
(-1.0977961e-07 -2.5992949e-19 0.057283865)
(-6.6330842e-08 -2.1417067e-19 0.046445693)
(-3.7507396e-08 -1.779429e-19 0.036411578)
(-1.9109002e-08 -1.2743051e-19 0.027140853)
(-8.084973e-09 -8.4812717e-20 0.018590788)
(-2.3247911e-09 -4.7908431e-20 0.010717799)
(-1.0596643e-10 -1.5221106e-20 0.0034783639)
(-1.8897891e-06 -3.170723e-18 0.33014463)
(-4.3794616e-06 -5.2811474e-18 0.325051)
(-5.8226718e-06 -3.6636705e-18 0.31512622)
(-6.4396547e-06 -3.3453684e-18 0.30183587)
(-6.2898535e-06 -2.8505602e-18 0.28613774)
(-5.6900037e-06 -2.2420584e-18 0.26879511)
(-4.8709319e-06 -1.8897393e-18 0.25043084)
(-4.0001974e-06 -1.6323582e-18 0.23155061)
(-3.1795903e-06 -8.5155034e-19 0.21255839)
(-2.4605519e-06 -9.395117e-19 0.19377007)
(-1.8607736e-06 -1.0435708e-18 0.17542627)
(-1.3790442e-06 -9.9009348e-19 0.15770449)
(-1.0028652e-06 -1.2650834e-18 0.14073031)
(-7.155713e-07 -9.8147201e-19 0.12458719)
(-5.0071006e-07 -7.6286702e-19 0.10932513)
(-3.4310503e-07 -6.0232894e-19 0.094967789)
(-2.2936677e-07 -4.8292357e-19 0.081518583)
(-1.4904924e-07 -3.9141504e-19 0.068965551)
(-9.3624169e-08 -3.1867322e-19 0.057285371)
(-5.6273185e-08 -2.5824004e-19 0.046446558)
(-3.1725559e-08 -2.0482267e-19 0.03641201)
(-1.6197182e-08 -1.5169499e-19 0.027141012)
(-6.9242467e-09 -1.0282408e-19 0.018590797)
(-2.0178276e-09 -5.8598573e-20 0.010717751)
(-1.6842372e-10 -1.8714678e-20 0.0034783299)
(-1.789901e-06 -9.6566596e-18 0.33033261)
(-4.1482569e-06 -9.838899e-19 0.32522812)
(-5.5070954e-06 -3.4148535e-18 0.31528391)
(-6.0772512e-06 -2.0538878e-18 0.30197076)
(-5.9190934e-06 -2.7188743e-18 0.28624975)
(-5.3367589e-06 -2.2724685e-18 0.26888604)
(-4.5501621e-06 -1.8539284e-18 0.25050338)
(-3.719414e-06 -1.3490751e-18 0.23160766)
(-2.9406278e-06 -8.4303493e-19 0.21260275)
(-2.26166e-06 -8.1252771e-19 0.1938042)
(-1.6986263e-06 -9.673263e-19 0.17545227)
(-1.2490007e-06 -1.1537742e-18 0.15772409)
(-9.0001494e-07 -8.7384392e-19 0.14074491)
(-6.3566753e-07 -8.4043015e-19 0.12459793)
(-4.4002177e-07 -7.2541152e-19 0.1093329)
(-2.9811909e-07 -6.0164473e-19 0.094973302)
(-1.9677027e-07 -4.8852306e-19 0.081522393)
(-1.2594093e-07 -3.8790782e-19 0.068968096)
(-7.7586699e-08 -2.9708062e-19 0.057286992)
(-4.5462102e-08 -2.1274782e-19 0.046447522)
(-2.4862668e-08 -1.3239538e-19 0.036412524)
(-1.2233995e-08 -9.9723884e-20 0.027141235)
(-5.0385639e-09 -6.6735245e-20 0.018590851)
(-1.3958491e-09 -4.0223391e-20 0.010717731)
(-8.3703654e-11 -1.3009643e-20 0.0034783049)
(-1.693525e-06 -3.4422419e-19 0.330518)
(-3.924696e-06 6.3280544e-20 0.32540285)
(-5.2016009e-06 -2.8088566e-18 0.31543954)
(-5.7267099e-06 -1.6118461e-18 0.302104)
(-5.5608209e-06 -2.4430999e-18 0.28636048)
(-4.9954623e-06 -2.2235426e-18 0.26897604)
(-4.2406995e-06 -1.8342757e-18 0.25057527)
(-3.4489154e-06 -1.4136504e-18 0.23166431)
(-2.7105781e-06 -1.4676621e-18 0.21264688)
(-2.0707118e-06 -1.0249162e-18 0.19383823)
(-1.5433985e-06 -9.8294308e-19 0.17547825)
(-1.1246474e-06 -9.3962169e-19 0.15774374)
(-8.0246127e-07 -5.4281218e-19 0.14075961)
(-5.6045247e-07 -5.7846404e-19 0.1246088)
(-3.8268333e-07 -5.4870994e-19 0.10934081)
(-2.5526844e-07 -4.8840471e-19 0.094978951)
(-1.6570351e-07 -4.1745044e-19 0.081526336)
(-1.0392674e-07 -3.4555688e-19 0.068970764)
(-6.2573115e-08 -2.7738583e-19 0.057288723)
(-3.5880907e-08 -2.1542392e-19 0.046448581)
(-1.930919e-08 -1.6143589e-19 0.036413115)
(-9.2621166e-09 -1.1662133e-19 0.027141518)
(-3.7550571e-09 -7.8141808e-20 0.018590949)
(-1.1080986e-09 -4.429679e-20 0.010717736)
(-9.2072254e-11 -1.4105216e-20 0.0034782886)
(-1.5998963e-06 5.2969755e-18 0.33070085)
(-3.7082916e-06 -5.150346e-18 0.32557522)
(-4.9058211e-06 -2.9025183e-18 0.31559315)
(-5.3875802e-06 -3.0930112e-18 0.3022356)
(-5.2142246e-06 -2.3942341e-18 0.28646996)
(-4.664882e-06 -2.187918e-18 0.26906512)
(-3.9410182e-06 -1.9264235e-18 0.25064653)
(-3.1867146e-06 -1.8543137e-18 0.23172055)
(-2.4874784e-06 -1.9526364e-18 0.21269077)
(-1.8853178e-06 -1.8536523e-18 0.19387215)
(-1.3926331e-06 -1.1516878e-18 0.17550423)
(-1.0041835e-06 -6.1675628e-19 0.15776345)
(-7.0701992e-07 -4.9003467e-19 0.14077441)
(-4.8632221e-07 -4.5193341e-19 0.12461978)
(-3.2641283e-07 -4.2568345e-19 0.10934884)
(-2.1319859e-07 -3.9249862e-19 0.094984734)
(-1.3496198e-07 -3.5237881e-19 0.081530407)
(-8.2352466e-08 -3.0934953e-19 0.068973551)
(-4.8019007e-08 -2.67201e-19 0.057290561)
(-2.6245903e-08 -2.2850007e-19 0.046449731)
(-1.3252223e-08 -1.9464009e-19 0.036413782)
(-5.9889921e-09 -1.4349525e-19 0.02714186)
(-2.1350586e-09 -9.8893545e-20 0.018591088)
(-5.345454e-10 -5.4491904e-20 0.010717766)
(-7.7441221e-11 -1.7249088e-20 0.0034782805)
(-1.5090085e-06 1.5500482e-18 0.33088119)
(-3.498448e-06 -4.7708206e-18 0.32574527)
(-4.6194044e-06 -3.1419752e-18 0.31574478)
(-5.0592464e-06 -3.4576666e-18 0.3023656)
(-4.8788537e-06 -2.5493848e-18 0.28657821)
(-4.3454542e-06 -2.2216676e-18 0.2691533)
(-3.6510655e-06 -1.9721167e-18 0.25071717)
(-2.9330668e-06 -1.8036805e-18 0.23177638)
(-2.2722623e-06 -1.2322586e-18 0.21273442)
(-1.7065844e-06 -1.0722736e-18 0.19390596)
(-1.2466465e-06 -9.9307104e-19 0.17553019)
(-8.8742152e-07 -7.2771628e-19 0.1577832)
(-6.1579754e-07 -8.1483553e-19 0.14078929)
(-4.1630299e-07 -6.0661113e-19 0.12463087)
(-2.7354819e-07 -4.9482934e-19 0.109357)
(-1.739611e-07 -4.2068497e-19 0.094990643)
(-1.0644999e-07 -3.6141942e-19 0.081534601)
(-6.2282061e-08 -3.0892763e-19 0.068976452)
(-3.425853e-08 -2.6050147e-19 0.057292501)
(-1.7278105e-08 -2.1488328e-19 0.046450969)
(-7.8295248e-09 -1.7092192e-19 0.036414521)
(-3.0386085e-09 -1.2752714e-19 0.027142258)
(-8.9906161e-10 -8.6677089e-20 0.018591267)
(-1.7368496e-10 -4.937217e-20 0.01071782)
(-4.3428053e-11 -1.5744349e-20 0.0034782804)
(-1.4214981e-06 -1.9470109e-19 0.33105908)
(-3.2957905e-06 -3.3378092e-18 0.32591305)
(-4.3424195e-06 -3.3645859e-18 0.31589446)
(-4.741481e-06 -4.6416521e-18 0.30249402)
(-4.5544814e-06 -2.9973741e-18 0.28668525)
(-4.0364282e-06 -2.357863e-18 0.26924059)
(-3.3708065e-06 -1.9958171e-18 0.25078718)
(-2.6882799e-06 -1.7181387e-18 0.23183181)
(-2.0643132e-06 -1.5566317e-18 0.21277784)
(-1.5338532e-06 -1.1778578e-18 0.19393966)
(-1.1059431e-06 -9.6493017e-19 0.17555612)
(-7.7478133e-07 -8.2474965e-19 0.15780299)
(-5.2690336e-07 -7.9533047e-19 0.14080426)
(-3.4707665e-07 -6.8614903e-19 0.12464207)
(-2.2083192e-07 -5.7964733e-19 0.10936528)
(-1.3474359e-07 -4.8749588e-19 0.094996671)
(-7.7700828e-08 -4.0779828e-19 0.08153891)
(-4.1768599e-08 -3.3772046e-19 0.06897946)
(-2.0271363e-08 -2.7537792e-19 0.057294537)
(-8.0686402e-09 -2.1954118e-19 0.046452291)
(-2.0657034e-09 -1.6940477e-19 0.03641533)
(1.2571719e-10 -1.2439211e-19 0.02714271)
(4.2595407e-10 -8.403667e-20 0.018591484)
(1.9662481e-10 -4.7826965e-20 0.010717896)
(-2.447982e-11 -1.5261534e-20 0.0034782881)
(-1.3367776e-06 -8.2710747e-18 0.33123456)
(-3.0994391e-06 -4.0829684e-18 0.32607861)
(-4.0742548e-06 -3.5061473e-18 0.31604223)
(-4.4338101e-06 -3.9805225e-18 0.30262088)
(-4.2399228e-06 -2.9519846e-18 0.28679108)
(-3.7369299e-06 -2.3989853e-18 0.26932699)
(-3.0993352e-06 -2.0693008e-18 0.25085657)
(-2.4510892e-06 -1.977193e-18 0.23188683)
(-1.8627711e-06 -2.3909458e-18 0.21282102)
(-1.3665733e-06 -2.0144381e-18 0.19397324)
(-9.69888e-07 -1.310101e-18 0.17558203)
(-6.661769e-07 -1.0586103e-18 0.15782281)
(-4.4193412e-07 -5.6039802e-19 0.14081929)
(-2.8164508e-07 -5.5643331e-19 0.12465336)
(-1.7078723e-07 -5.1066948e-19 0.10937367)
(-9.71878e-08 -4.4660642e-19 0.095002814)
(-5.0552288e-08 -3.7773491e-19 0.081543332)
(-2.2506139e-08 -3.101472e-19 0.068982575)
(-7.175154e-09 -2.4616064e-19 0.057296669)
(1.1636355e-10 -1.8612828e-19 0.046453695)
(2.7029676e-09 -1.2953579e-19 0.036416206)
(2.6889759e-09 -9.8223248e-20 0.027143215)
(1.752516e-09 -6.7892448e-20 0.018591739)
(7.7653063e-10 -3.9175502e-20 0.010717995)
(7.1819329e-11 -1.2606243e-20 0.0034783033)
(-1.2547018e-06 -6.7779046e-18 0.33140768)
(-2.9092797e-06 -5.2009842e-18 0.32624197)
(-3.8148154e-06 -3.589348e-18 0.31618811)
(-4.1365927e-06 -3.2231509e-18 0.30274622)
(-3.9363592e-06 -2.3521356e-18 0.28689574)
(-3.4476572e-06 -2.1970258e-18 0.26941253)
(-2.8373279e-06 -2.0468547e-18 0.25092535)
(-2.2219931e-06 -1.944404e-18 0.23194145)
(-1.6678752e-06 -1.5913843e-18 0.21286395)
(-1.2046066e-06 -1.2140495e-18 0.1940067)
(-8.3785484e-07 -1.2541305e-18 0.1756079)
(-5.6016613e-07 -1.1514442e-18 0.15784266)
(-3.5825482e-07 -1.0982089e-18 0.1408344)
(-2.1671108e-07 -7.8340441e-19 0.12466475)
(-1.2142885e-07 -6.0298711e-19 0.10938216)
(-6.042576e-08 -4.8358032e-19 0.095009067)
(-2.3778154e-08 -3.9450901e-19 0.081547862)
(-3.6652175e-09 -3.2317006e-19 0.068985789)
(5.6483032e-09 -2.6382828e-19 0.05729889)
(8.5388214e-09 -2.1288201e-19 0.046455176)
(7.8273097e-09 -1.6722686e-19 0.036417147)
(5.4399839e-09 -1.242924e-19 0.02714377)
(2.8437007e-09 -8.442569e-20 0.01859203)
(9.3830501e-10 -4.8102049e-20 0.010718116)
(1.7990649e-11 -1.5341904e-20 0.0034783256)
(-1.1751901e-06 -2.347277e-18 0.33157848)
(-2.7255434e-06 -3.5960041e-18 0.32640319)
(-3.5640364e-06 -3.6663231e-18 0.31633215)
(-3.8488352e-06 -3.2222668e-18 0.30287006)
(-3.6422537e-06 -2.1139698e-18 0.28699923)
(-3.1674528e-06 -1.9779002e-18 0.26949721)
(-2.5833611e-06 -1.925609e-18 0.25099353)
(-2.000126e-06 -1.6861984e-18 0.23199567)
(-1.479549e-06 -8.5516818e-19 0.21290664)
(-1.0485172e-06 -1.0456705e-18 0.19404004)
(-7.1098589e-07 -1.1764395e-18 0.17563373)
(-4.5871012e-07 -1.2396116e-18 0.15786253)
(-2.785089e-07 -1.3625522e-18 0.14084956)
(-1.5546814e-07 -1.016499e-18 0.12467623)
(-7.543318e-08 -7.7645177e-19 0.10939076)
(-2.6401687e-08 -6.0989698e-19 0.095015424)
(9.0192256e-10 -4.8899806e-19 0.081552493)
(1.3504075e-08 -3.9690186e-19 0.068989099)
(1.7112923e-08 -3.2409342e-19 0.057301198)
(1.5885109e-08 -2.6514825e-19 0.046456733)
(1.2276525e-08 -2.1695517e-19 0.03641815)
(7.8709964e-09 -1.5495155e-19 0.027144374)
(4.0242553e-09 -1.0129085e-19 0.018592356)
(1.3735214e-09 -5.7449097e-20 0.010718257)
(4.3113039e-11 -1.8265475e-20 0.003478355)
(-1.0982394e-06 -2.214124e-18 0.33174701)
(-2.5477459e-06 -1.5774431e-18 0.32656229)
(-3.3210554e-06 -3.3302577e-18 0.31647436)
(-3.570137e-06 -8.3388944e-19 0.30299242)
(-3.3577143e-06 -1.5851104e-18 0.28710158)
(-2.8967774e-06 -1.8091647e-18 0.26958104)
(-2.3382016e-06 -1.75174e-18 0.25106111)
(-1.7858367e-06 -1.4031583e-18 0.23204949)
(-1.2975724e-06 -8.9763279e-19 0.21294909)
(-8.9755355e-07 -1.0258644e-18 0.19407325)
(-5.8821566e-07 -1.2320606e-18 0.17565952)
(-3.6062295e-07 -1.5184573e-18 0.15788242)
(-2.0109055e-07 -9.8267585e-19 0.14086479)
(-9.5269877e-08 -8.9523927e-19 0.12468778)
(-2.9545248e-08 -7.6458668e-19 0.10939944)
(7.7177149e-09 -6.3291483e-19 0.095021879)
(2.5786488e-08 -5.1425174e-19 0.081557222)
(3.1351361e-08 -4.1019364e-19 0.068992502)
(2.9364334e-08 -3.1862326e-19 0.05730359)
(2.3767925e-08 -2.3689375e-19 0.046458363)
(1.7102088e-08 -1.6291011e-19 0.036419213)
(1.0639566e-08 -1.1777299e-19 0.027145025)
(5.2549434e-09 -7.6942326e-20 0.018592715)
(1.7699309e-09 -4.5017936e-20 0.010718418)
(9.0073336e-11 -1.4353164e-20 0.0034783911)
(-1.0239052e-06 -6.5038171e-18 0.33191329)
(-2.3754068e-06 -7.1187256e-19 0.32671933)
(-3.0859079e-06 -2.7222209e-18 0.3166148)
(-3.3007272e-06 -8.1872862e-19 0.30311332)
(-3.0827173e-06 -1.7174043e-18 0.2872028)
(-2.635153e-06 -1.8712074e-18 0.26966403)
(-2.1012884e-06 -1.6544877e-18 0.2511281)
(-1.5792317e-06 -1.3307261e-18 0.23210291)
(-1.1221684e-06 -1.4266891e-18 0.21299129)
(-7.5191452e-07 -1.0211233e-18 0.19410632)
(-4.6962375e-07 -9.9817381e-19 0.17568526)
(-2.6569182e-07 -8.067528e-19 0.15790232)
(-1.2669403e-07 -5.5118817e-19 0.14088006)
(-3.7724467e-08 -6.2723206e-19 0.12469941)
(1.4296497e-08 -5.98864e-19 0.10940822)
(4.0429788e-08 -5.2777806e-19 0.095028429)
(4.9438378e-08 -4.4422813e-19 0.081562044)
(4.808334e-08 -3.6110796e-19 0.068995991)
(4.1221852e-08 -2.8317098e-19 0.057306059)
(3.1756677e-08 -2.1160379e-19 0.04646006)
(2.1948187e-08 -1.4624264e-19 0.036420333)
(1.3223061e-08 -1.090124e-19 0.02714572)
(6.5736535e-09 -7.4529371e-20 0.018593105)
(2.2281957e-09 -4.2759752e-20 0.010718598)
(1.1563131e-10 -1.3718968e-20 0.0034784334)
(-9.5202492e-07 -3.8484144e-18 0.33207739)
(-2.209098e-06 -3.0067223e-18 0.32687432)
(-2.8589081e-06 -2.72295e-18 0.31675347)
(-3.0408997e-06 -3.7563391e-18 0.3032328)
(-2.8178992e-06 -2.6892236e-18 0.28730291)
(-2.3832889e-06 -2.1017122e-18 0.2697462)
(-1.8730107e-06 -1.712914e-18 0.2511945)
(-1.3797917e-06 -1.525976e-18 0.23215594)
(-9.5306423e-07 -2.1972959e-18 0.21303326)
(-6.1172165e-07 -1.9069038e-18 0.19413927)
(-3.5550632e-07 -1.0227571e-18 0.17571096)
(-1.745859e-07 -2.8385848e-19 0.15792222)
(-5.5182527e-08 -3.6193592e-19 0.14089538)
(1.7326686e-08 -4.0661236e-19 0.12471111)
(5.6116396e-08 -4.1045069e-19 0.10941708)
(7.1705832e-08 -3.857335e-19 0.095035067)
(7.1882475e-08 -3.4615361e-19 0.081566955)
(6.3566649e-08 -3.0128909e-19 0.068999565)
(5.1404289e-08 -2.5697283e-19 0.057308606)
(3.8221658e-08 -2.1672743e-19 0.046461824)
(2.5864188e-08 -1.8299886e-19 0.036421508)
(1.538295e-08 -1.3472437e-19 0.027146458)
(7.4841356e-09 -9.3392586e-20 0.018593526)
(2.5232985e-09 -5.1976395e-20 0.010718796)
(1.7504208e-10 -1.6624315e-20 0.003478482)
(-8.8245513e-07 5.341769e-19 0.33223932)
(-2.048012e-06 -5.073167e-18 0.32702732)
(-2.6392741e-06 -3.0468298e-18 0.31689043)
(-2.7892461e-06 -3.888055e-18 0.30335087)
(-2.5607911e-06 -2.8151993e-18 0.28740193)
(-2.1388892e-06 -2.1643012e-18 0.26982755)
(-1.6518086e-06 -1.8170618e-18 0.25126032)
(-1.1864978e-06 -1.6284478e-18 0.23220858)
(-7.8900362e-07 -1.4090854e-18 0.21307497)
(-4.7554712e-07 -1.1143775e-18 0.19417208)
(-2.4487222e-07 -9.6012e-19 0.17573659)
(-8.6097063e-08 -7.0433214e-19 0.15794213)
(1.4642158e-08 -7.8798632e-19 0.14091073)
(7.1256625e-08 -5.8581802e-19 0.12472287)
(9.6772337e-08 -4.8025796e-19 0.10942601)
(1.0173107e-07 -4.1073493e-19 0.09504179)
(9.3986009e-08 -3.5556482e-19 0.08157195)
(7.9446883e-08 -3.0761079e-19 0.069003219)
(6.2494902e-08 -2.6479606e-19 0.057311225)
(4.5601524e-08 -2.2657927e-19 0.046463652)
(3.0366729e-08 -1.9286478e-19 0.036422735)
(1.7860567e-08 -1.4116244e-19 0.027147238)
(8.6689746e-09 -9.6329495e-20 0.018593978)
(2.9134701e-09 -5.4052126e-20 0.010719012)
(2.088811e-10 -1.7104506e-20 0.0034785367)
(-8.1519156e-07 4.4975833e-21 0.33239914)
(-1.8922458e-06 -4.7214426e-18 0.32717835)
(-2.4268e-06 -3.3106976e-18 0.31702569)
(-2.5459087e-06 -3.5542179e-18 0.30346756)
(-2.31247e-06 -2.4953526e-18 0.28749987)
(-1.9026292e-06 -2.16965e-18 0.26990809)
(-1.4381284e-06 -1.9259154e-18 0.25132556)
(-9.9985581e-07 -1.7450624e-18 0.23226082)
(-6.3016815e-07 -9.0640193e-19 0.21311643)
(-3.4350606e-07 -7.8402514e-19 0.19420475)
(-1.372608e-07 -8.8157274e-19 0.17576217)
(-1.3244565e-10 -8.9160308e-19 0.15796204)
(8.236707e-08 -8.7077821e-19 0.14092613)
(1.2394676e-07 -7.4219625e-19 0.1247347)
(1.3702236e-07 -6.1694611e-19 0.10943503)
(1.3166301e-07 -5.118622e-19 0.095048593)
(1.1583887e-07 -4.2445441e-19 0.081577025)
(9.52242e-08 -3.5016728e-19 0.069006949)
(7.3233727e-08 -2.8548065e-19 0.057313915)
(5.250658e-08 -2.2800435e-19 0.04646554)
(3.4595857e-08 -1.7621345e-19 0.036424014)
(2.0338355e-08 -1.291476e-19 0.027148058)
(9.8865789e-09 -8.6596448e-20 0.018594457)
(3.2906485e-09 -4.8138662e-20 0.010719246)
(2.3438721e-10 -1.5395218e-20 0.0034785972)
(-7.4994328e-07 -4.262878e-18 0.33255688)
(-1.7413409e-06 -4.920255e-18 0.32732745)
(-2.2212074e-06 -3.5494998e-18 0.31715928)
(-2.3107306e-06 -3.3569547e-18 0.30358289)
(-2.0730308e-06 -2.5469278e-18 0.28759674)
(-1.6749178e-06 -2.2463086e-18 0.26998784)
(-1.231649e-06 -2.0040153e-18 0.25139024)
(-8.1958767e-07 -1.9201974e-18 0.23231268)
(-4.7745564e-07 -2.0256315e-18 0.21315765)
(-2.1701978e-07 -1.7966427e-18 0.19423728)
(-3.4498166e-08 -1.2248617e-18 0.17578768)
(8.2132136e-08 -1.0216852e-18 0.15798193)
(1.4703319e-07 -5.5094296e-19 0.14094155)
(1.7375023e-07 -5.5576482e-19 0.12474658)
(1.7483731e-07 -5.117158e-19 0.10944411)
(1.5980472e-07 -4.479097e-19 0.095055472)
(1.3594876e-07 -3.7970141e-19 0.081582177)
(1.092114e-07 -3.1372273e-19 0.069010753)
(8.2739565e-08 -2.5274013e-19 0.05731667)
(5.8505284e-08 -1.9792935e-19 0.046467487)
(3.8101331e-08 -1.498521e-19 0.036425342)
(2.197212e-08 -1.0848627e-19 0.027148915)
(1.041901e-08 -7.2626081e-20 0.018594964)
(3.4037622e-09 -4.1084427e-20 0.010719495)
(2.0610937e-10 -1.3056051e-20 0.0034786631)
(-6.8706804e-07 -5.970192e-18 0.33271258)
(-1.5957174e-06 -3.5857631e-18 0.32747465)
(-2.0224451e-06 -3.3870526e-18 0.31729124)
(-2.0831245e-06 -2.2563002e-18 0.30369687)
(-1.841061e-06 -2.6064771e-18 0.28769257)
(-1.4545604e-06 -2.2560183e-18 0.2700668)
(-1.0327404e-06 -2.0382374e-18 0.25145434)
(-6.4656248e-07 -1.9246122e-18 0.23236415)
(-3.3095795e-07 -1.7220004e-18 0.21319861)
(-9.5764323e-08 -1.3479275e-18 0.19426966)
(6.4279991e-08 -1.2817433e-18 0.17581313)
(1.6077823e-07 -1.1759058e-18 0.15800181)
(2.084276e-07 -1.2453305e-18 0.140957)
(2.2121921e-07 -8.1761339e-19 0.12475851)
(2.1081875e-07 -6.0850453e-19 0.10945325)
(1.8643586e-07 -4.8485483e-19 0.095062421)
(1.5524859e-07 -3.9821425e-19 0.0815874)
(1.2259705e-07 -3.303531e-19 0.069014624)
(9.1487104e-08 -2.7378676e-19 0.057319488)
(6.3851893e-08 -2.2467379e-19 0.046469489)
(4.1091594e-08 -1.7992955e-19 0.036426715)
(2.3586128e-08 -1.3435443e-19 0.02714981)
(1.115191e-08 -9.1816217e-20 0.018595497)
(3.5415787e-09 -5.2823506e-20 0.010719761)
(1.5048726e-10 -1.693552e-20 0.0034787343)
(-6.2617445e-07 5.9905141e-18 0.33286627)
(-1.4549401e-06 -5.6232722e-18 0.32761999)
(-1.8305281e-06 -3.5105739e-18 0.31742159)
(-1.8635727e-06 -2.750636e-18 0.30380954)
(-1.6174686e-06 -2.4584489e-18 0.28778736)
(-1.2422721e-06 -2.1657246e-18 0.27014499)
(-8.407451e-07 -1.9108179e-18 0.25151789)
(-4.7909172e-07 -1.2599521e-18 0.23241523)
(-1.8895464e-07 -1.2498389e-18 0.21323933)
(2.2067787e-08 -6.8255144e-19 0.1943019)
(1.5991136e-07 -8.4078714e-19 0.1758385)
(2.3736941e-07 -5.2582994e-19 0.15802168)
(2.6887793e-07 -7.7710553e-19 0.14097247)
(2.6775329e-07 -7.0020077e-19 0.12477048)
(2.4590206e-07 -5.9171327e-19 0.10946246)
(2.1275589e-07 -4.9883137e-19 0.095069436)
(1.7460818e-07 -4.2246834e-19 0.081592691)
(1.3628641e-07 -3.5769034e-19 0.069018561)
(1.0087935e-07 -3.0049251e-19 0.057322367)
(7.0343687e-08 -2.4812759e-19 0.046471544)
(4.5401623e-08 -1.9881738e-19 0.036428133)
(2.6226651e-08 -1.5167395e-19 0.027150738)
(1.2608448e-08 -1.0722325e-19 0.018596055)
(4.0436542e-09 -6.1483537e-20 0.010720041)
(2.2571148e-10 -1.9709551e-20 0.0034788106)
(-5.6753251e-07 -5.2674162e-18 0.33301799)
(-1.3189135e-06 -4.8837472e-18 0.3277635)
(-1.6447417e-06 -3.5234846e-18 0.31755034)
(-1.6511325e-06 -1.4314181e-18 0.30392091)
(-1.400946e-06 -2.4468925e-18 0.28788114)
(-1.0361699e-06 -2.1386789e-18 0.27022241)
(-6.5473854e-07 -1.7295058e-18 0.25158088)
(-3.1722065e-07 -9.6510099e-19 0.23246593)
(-5.1702971e-08 -2.5720866e-19 0.2132798)
(1.351308e-07 9.1473755e-20 0.19433398)
(2.5131539e-07 -5.0672972e-19 0.1758638)
(3.1004292e-07 -8.5169963e-19 0.15804153)
(3.2566971e-07 -4.8938485e-19 0.14098796)
(3.1158666e-07 -5.4096335e-19 0.1247825)
(2.7916303e-07 -5.1711858e-19 0.10947172)
(2.3731453e-07 -4.6378782e-19 0.095076514)
(1.923819e-07 -4.0058223e-19 0.081598047)
(1.488309e-07 -3.3521521e-19 0.069022562)
(1.0946388e-07 -2.71137e-19 0.057325303)
(7.5773354e-08 -2.1041567e-19 0.046473649)
(4.8453171e-08 -1.5520067e-19 0.036429593)
(2.7549868e-08 -1.0992833e-19 0.027151701)
(1.2994607e-08 -6.9833482e-20 0.018596637)
(4.2087913e-09 -4.1980368e-20 0.010720335)
(2.1064975e-10 -1.3328516e-20 0.0034788918)
(-5.1055023e-07 -1.5264586e-17 0.33316778)
(-1.1873004e-06 -3.3675343e-18 0.3279052)
(-1.4654712e-06 -3.4184063e-18 0.31767755)
(-1.445684e-06 -1.7007172e-18 0.304031)
(-1.191817e-06 -2.7610016e-18 0.28797391)
(-8.3752724e-07 -2.2331564e-18 0.27029907)
(-4.7471552e-07 -1.7268175e-18 0.25164332)
(-1.6043394e-07 -1.459208e-18 0.23251625)
(8.0565847e-08 -5.164793e-19 0.21332002)
(2.4461976e-07 -6.9296655e-19 0.19436592)
(3.4003739e-07 -7.2576438e-19 0.17588903)
(3.8046194e-07 -1.1513096e-18 0.15806135)
(3.8067641e-07 -8.0789002e-19 0.14100346)
(3.5364834e-07 -6.7370083e-19 0.12479455)
(3.1082548e-07 -5.8273764e-19 0.10948103)
(2.6059367e-07 -4.9945228e-19 0.095083651)
(2.0891293e-07 -4.1856078e-19 0.081603464)
(1.6046352e-07 -3.4112895e-19 0.069026621)
(1.1742756e-07 -2.6893665e-19 0.057328295)
(8.0778224e-08 -2.0339346e-19 0.046475804)
(5.1506719e-08 -1.4637017e-19 0.036431094)
(2.9404703e-08 -1.0244495e-19 0.027152696)
(1.3987986e-08 -6.517789e-20 0.018597242)
(4.627686e-09 -3.6901378e-20 0.010720644)
(3.1900669e-10 -1.1731871e-20 0.0034789778)
(-4.555901e-07 -1.007519e-17 0.33331566)
(-1.0600435e-06 -6.704301e-19 0.32804514)
(-1.292113e-06 -2.9028109e-18 0.31780321)
(-1.2477335e-06 -1.6951301e-18 0.30413983)
(-9.8989558e-07 -2.2453992e-18 0.28806569)
(-6.4596842e-07 -2.1522621e-18 0.27037498)
(-3.0182871e-07 -1.7371641e-18 0.25170522)
(-9.7229321e-09 -1.5188952e-18 0.23256618)
(2.0840596e-07 -1.4434228e-18 0.21335998)
(3.5076695e-07 -1.4701548e-18 0.19439771)
(4.2618073e-07 -9.8524375e-19 0.17591417)
(4.4938311e-07 -7.5976115e-19 0.15808115)
(4.3470319e-07 -5.5233162e-19 0.14101897)
(3.9531254e-07 -5.9927718e-19 0.12480664)
(3.4226559e-07 -5.5662004e-19 0.10949039)
(2.839797e-07 -4.8407629e-19 0.095090846)
(2.2620489e-07 -4.0429233e-19 0.081608941)
(1.7248635e-07 -3.2700965e-19 0.069030739)
(1.2537462e-07 -2.5628514e-19 0.057331341)
(8.6077432e-08 -1.9297786e-19 0.046478006)
(5.4698404e-08 -1.3533936e-19 0.036432635)
(3.1087934e-08 -1.0031603e-19 0.027153722)
(1.4551875e-08 -6.880921e-20 0.01859787)
(4.6894239e-09 -3.82623e-20 0.010720967)
(3.0353588e-10 -1.2012453e-20 0.0034790684)
(-4.0247107e-07 2.853749e-18 0.33346167)
(-9.3722079e-07 -2.9452148e-18 0.32818334)
(-1.1246234e-06 -2.817463e-18 0.31792738)
(-1.056066e-06 -3.2420286e-18 0.30424742)
(-7.9494901e-07 -1.9980345e-18 0.28815649)
(-4.6107408e-07 -2.0171346e-18 0.27045016)
(-1.3488271e-07 -1.8053374e-18 0.25176658)
(1.3567515e-07 -1.8137165e-18 0.23261574)
(3.3154928e-07 -2.2685468e-18 0.2133997)
(4.5245001e-07 -1.846484e-18 0.19442934)
(5.0880844e-07 -1.1527155e-18 0.17593924)
(5.149687e-07 -4.5847924e-19 0.15810091)
(4.8578502e-07 -5.0302156e-19 0.14103448)
(4.3479646e-07 -5.0212327e-19 0.12481875)
(3.7245023e-07 -4.6288774e-19 0.10949979)
(3.0637747e-07 -4.071032e-19 0.095098092)
(2.4223462e-07 -3.4831052e-19 0.081614472)
(1.8365997e-07 -2.9311705e-19 0.06903491)
(1.3287522e-07 -2.440552e-19 0.057334435)
(9.0823527e-08 -2.0115254e-19 0.046480251)
(5.7715311e-08 -1.6229511e-19 0.036434213)
(3.2728177e-08 -1.217784e-19 0.027154777)
(1.5289418e-08 -8.4220242e-20 0.018598519)
(4.9136515e-09 -4.5708569e-20 0.010721302)
(2.718463e-10 -1.4627269e-20 0.0034791632)
(-3.5107277e-07 3.0830745e-18 0.33360584)
(-8.1832357e-07 -3.192463e-18 0.32831983)
(-9.6294399e-07 -2.8953537e-18 0.31805006)
(-8.7118489e-07 -3.1156751e-18 0.30435379)
(-6.0651756e-07 -2.1602802e-18 0.28824634)
(-2.8226064e-07 -1.96068e-18 0.2705246)
(2.6343343e-08 -1.8150105e-18 0.2518274)
(2.7586358e-07 -1.7462727e-18 0.23266492)
(4.4982038e-07 -1.4809069e-18 0.21343916)
(5.5012557e-07 -1.0994228e-18 0.19446081)
(5.8778275e-07 -1.0851993e-18 0.17596421)
(5.776704e-07 -8.9384773e-19 0.15812064)
(5.3492637e-07 -9.9172094e-19 0.14105)
(4.7235945e-07 -7.1600112e-19 0.12483089)
(4.0077205e-07 -5.5081627e-19 0.10950924)
(3.2742092e-07 -4.4357662e-19 0.095105385)
(2.5753916e-07 -3.6655605e-19 0.081620054)
(1.9475839e-07 -3.0627199e-19 0.069039131)
(1.4053799e-07 -2.5607253e-19 0.057337576)
(9.5853623e-08 -2.1282192e-19 0.046482538)
(6.0691652e-08 -1.763539e-19 0.036435826)
(3.4412082e-08 -1.2823446e-19 0.027155861)
(1.6191519e-08 -8.6631458e-20 0.018599188)
(5.2455054e-09 -4.9444204e-20 0.010721649)
(3.3522512e-10 -1.5831788e-20 0.0034792622)
(-3.0159799e-07 2.3283603e-18 0.3337482)
(-7.0382842e-07 -3.0404368e-18 0.32845463)
(-8.0688646e-07 -3.1272082e-18 0.31817128)
(-6.9280411e-07 -3.4547818e-18 0.30445896)
(-4.2531435e-07 -2.1791256e-18 0.28833523)
(-1.1046729e-07 -1.9102599e-18 0.27059832)
(1.8152821e-07 -1.7343704e-18 0.25188769)
(4.1093391e-07 -1.5040111e-18 0.23271373)
(5.6408772e-07 -1.0469324e-18 0.21347837)
(6.4453615e-07 -1.3814348e-18 0.19449213)
(6.6440086e-07 -1.1438998e-18 0.1759891)
(6.3888469e-07 -1.0441086e-18 0.15814034)
(5.8299763e-07 -9.8117021e-19 0.14106551)
(5.0949638e-07 -8.0398266e-19 0.12484305)
(4.2873122e-07 -6.4779192e-19 0.10951872)
(3.4810567e-07 -5.2590172e-19 0.095112724)
(2.7262294e-07 -4.2986029e-19 0.081625684)
(2.0554444e-07 -3.511806e-19 0.0690434)
(1.4810671e-07 -2.8429905e-19 0.057340763)
(1.008027e-07 -2.2588785e-19 0.046484866)
(6.3716709e-08 -1.7402791e-19 0.036437474)
(3.5951621e-08 -1.2757238e-19 0.027156971)
(1.6775238e-08 -8.6014457e-20 0.018599877)
(5.3683335e-09 -4.8838473e-20 0.010722008)
(2.7746777e-10 -1.5552615e-20 0.0034793653)
(-2.538218e-07 -3.2682746e-18 0.33388879)
(-5.9315781e-07 -5.6755197e-18 0.32858779)
(-6.5621477e-07 -3.6159007e-18 0.31829106)
(-5.2069164e-07 -4.0083802e-18 0.30456294)
(-2.5038221e-07 -2.6828523e-18 0.28842318)
(5.5144236e-08 -1.9989313e-18 0.27067132)
(3.3088281e-07 -1.7884943e-18 0.25194746)
(5.4101794e-07 -1.7654915e-18 0.23276217)
(6.7432508e-07 -2.0887026e-18 0.21351733)
(7.3566787e-07 -2.1364239e-18 0.19452328)
(7.3808579e-07 -1.3662144e-18 0.1760139)
(6.9744908e-07 -9.016111e-19 0.15815999)
(6.2920429e-07 -4.8147651e-19 0.14108102)
(5.4530745e-07 -5.3558465e-19 0.12485524)
(4.5580657e-07 -5.1264562e-19 0.10952823)
(3.6848926e-07 -4.541727e-19 0.095120106)
(2.8759569e-07 -3.8426242e-19 0.08163136)
(2.1586078e-07 -3.1349773e-19 0.069047715)
(1.5496066e-07 -2.460437e-19 0.057343994)
(1.0519584e-07 -1.8316912e-19 0.046487232)
(6.6166159e-08 -1.249798e-19 0.036439154)
(3.7270989e-08 -9.3634293e-20 0.027158108)
(1.7417921e-08 -6.4289701e-20 0.018600585)
(5.5290636e-09 -3.6903636e-20 0.010722378)
(2.8008988e-10 -1.1823774e-20 0.0034794724)
(-2.0770794e-07 -5.9665542e-18 0.33402764)
(-4.863413e-07 -5.447341e-18 0.32871932)
(-5.1095795e-07 -3.7426753e-18 0.31840943)
(-3.5478971e-07 -4.1161442e-18 0.30466576)
(-8.1451158e-08 -2.4658771e-18 0.28851022)
(2.1488381e-07 -2.0149639e-18 0.27074363)
(4.7452284e-07 -1.8786309e-18 0.2520067)
(6.6562585e-07 -1.8957604e-18 0.23281023)
(7.7954918e-07 -1.7409409e-18 0.21355604)
(8.2265251e-07 -1.3046108e-18 0.19455428)
(8.0862769e-07 -1.2125853e-18 0.1760386)
(7.5357981e-07 -9.8206331e-19 0.15817959)
(6.7271926e-07 -9.0491787e-19 0.14109652)
(5.7876709e-07 -6.7000847e-19 0.12486743)
(4.8118532e-07 -5.4502889e-19 0.10953778)
(3.8688905e-07 -4.5485242e-19 0.095127526)
(3.0043763e-07 -3.8024139e-19 0.081637079)
(2.2466904e-07 -3.1664572e-19 0.069052074)
(1.6071963e-07 -2.6293724e-19 0.057347264)
(1.0861105e-07 -2.1845162e-19 0.046489635)
(6.8090483e-08 -1.8247051e-19 0.036440865)
(3.8327052e-08 -1.3154489e-19 0.027159269)
(1.7946407e-08 -8.8155901e-20 0.01860131)
(5.7388896e-09 -5.0611715e-20 0.01072276)
(2.9797971e-10 -1.6003126e-20 0.0034795831)
(-1.631761e-07 -3.632815e-18 0.33416477)
(-3.8291828e-07 -5.6171249e-18 0.32884925)
(-3.700855e-07 -3.812423e-18 0.31852641)
(-1.9417514e-07 -3.4089018e-18 0.30476743)
(8.1412146e-08 -2.1962524e-18 0.28859634)
(3.6918504e-07 -1.994186e-18 0.27081523)
(6.1369088e-07 -1.8188557e-18 0.25206544)
(7.8664225e-07 -1.4759588e-18 0.23285793)
(8.816437e-07 -7.949768e-19 0.2135945)
(9.066524e-07 -4.913635e-19 0.19458511)
(8.7664325e-07 -9.2705139e-19 0.17606321)
(8.0799601e-07 -1.0568795e-18 0.15819916)
(7.1549498e-07 -1.2150022e-18 0.141112)
(6.1181045e-07 -9.2156052e-19 0.12487964)
(5.0607208e-07 -7.214431e-19 0.10954735)
(4.0528316e-07 -5.8112544e-19 0.095134982)
(3.1398967e-07 -4.7740562e-19 0.081642838)
(2.3435975e-07 -3.9689164e-19 0.069056472)
(1.6745135e-07 -3.3180976e-19 0.057350573)
(1.1340244e-07 -2.7742215e-19 0.046492072)
(7.1384702e-08 -2.3080815e-19 0.036442605)
(4.0211857e-08 -1.6769361e-19 0.027160454)
(1.8825333e-08 -1.1204057e-19 0.018602053)
(6.0749245e-09 -6.3499709e-20 0.010723151)
(3.8414438e-10 -2.0232143e-20 0.0034796973)
(-1.1995727e-07 -6.3667108e-18 0.33430021)
(-2.8317411e-07 -2.9067826e-18 0.32897761)
(-2.3469539e-07 -3.5409042e-18 0.31864203)
(-3.9665376e-08 -1.2405005e-18 0.30486796)
(2.3856877e-07 -2.7854247e-18 0.28868157)
(5.1822579e-07 -2.2017902e-18 0.27088615)
(7.4792018e-07 -1.7940983e-18 0.25212366)
(9.0290639e-07 -1.2711134e-18 0.23290527)
(9.7945876e-07 -8.298917e-19 0.2136327)
(9.8708948e-07 -6.9598947e-19 0.19461578)
(9.4130045e-07 -1.0026729e-18 0.17608772)
(8.5885863e-07 -1.2990667e-18 0.15821867)
(7.5497077e-07 -9.4825899e-19 0.14112748)
(6.4180573e-07 -8.7809605e-19 0.12489185)
(5.2860342e-07 -7.5311893e-19 0.10955694)
(4.2202208e-07 -6.2923089e-19 0.09514247)
(3.2584629e-07 -5.1780549e-19 0.081648633)
(2.4240029e-07 -4.1832578e-19 0.069060908)
(1.7273871e-07 -3.2831847e-19 0.057353918)
(1.1674463e-07 -2.4589041e-19 0.046494541)
(7.3275896e-08 -1.7019087e-19 0.036444374)
(4.1139587e-08 -1.2336174e-19 0.027161661)
(1.9149614e-08 -8.0913318e-20 0.018602812)
(6.1147818e-09 -4.7342582e-20 0.010723553)
(3.6119067e-10 -1.5115307e-20 0.0034798149)
(-7.8277695e-08 -5.2993982e-18 0.33443399)
(-1.8687876e-07 6.2642245e-19 0.32910442)
(-1.0372698e-07 -2.911562e-18 0.3187563)
(1.0971555e-07 -1.4628704e-18 0.30496739)
(3.9012903e-07 -3.0065494e-18 0.2887659)
(6.6179146e-07 -2.4023909e-18 0.27095638)
(8.7744393e-07 -1.9090593e-18 0.25218137)
(1.0152076e-06 -1.5861503e-18 0.23295224)
(1.0743906e-06 -1.5169954e-18 0.21367066)
(1.0656586e-06 -1.48513e-18 0.19464628)
(1.0050633e-06 -1.2001224e-18 0.17611213)
(9.0983486e-07 -1.1338758e-18 0.15823813)
(7.9514855e-07 -7.1042363e-19 0.14114293)
(6.7299862e-07 -7.0681179e-19 0.12490407)
(5.5222528e-07 -6.4518438e-19 0.10956656)
(4.3958132e-07 -5.6130085e-19 0.095149987)
(3.387924e-07 -4.7204356e-19 0.081654463)
(2.519788e-07 -3.8493594e-19 0.06906538)
(1.7960538e-07 -3.0321626e-19 0.057357297)
(1.2109955e-07 -2.2789835e-19 0.046497043)
(7.58768e-08 -1.587612e-19 0.036446169)
(4.2545778e-08 -1.1747374e-19 0.02716289)
(1.9776481e-08 -7.8476921e-20 0.018603586)
(6.3899153e-09 -4.5367224e-20 0.010723964)
(4.1202496e-10 -1.4589924e-20 0.0034799358)
(-3.8327624e-08 9.0829198e-19 0.33456614)
(-9.4362817e-08 -2.8370355e-18 0.32922971)
(2.2202766e-08 -2.9076696e-18 0.31886924)
(2.5354218e-07 -3.1208225e-18 0.30506571)
(5.3621717e-07 -2.8791371e-18 0.28884937)
(7.9989348e-07 -2.4300782e-18 0.27102594)
(1.0017086e-06 -2.0416822e-18 0.25223858)
(1.1231472e-06 -1.9709194e-18 0.23299884)
(1.1654198e-06 -2.4244469e-18 0.21370836)
(1.1405886e-06 -2.2715553e-18 0.19467662)
(1.065857e-06 -1.3295041e-18 0.17613644)
(9.5827966e-07 -6.6982156e-19 0.15825753)
(8.3306088e-07 -5.7022453e-19 0.14115836)
(7.0219409e-07 -5.3759499e-19 0.12491629)
(5.742899e-07 -4.9911869e-19 0.10957619)
(4.5600024e-07 -4.4818998e-19 0.095157531)
(3.5083128e-07 -3.9074048e-19 0.081660324)
(2.6029081e-07 -3.3269557e-19 0.069069884)
(1.8520281e-07 -2.7761326e-19 0.057360708)
(1.2499764e-07 -2.2671361e-19 0.046499572)
(7.8370583e-08 -1.797638e-19 0.036447989)
(4.4038366e-08 -1.3615106e-19 0.027164139)
(2.0471679e-08 -9.5525248e-20 0.018604375)
(6.528899e-09 -5.3400883e-20 0.010724384)
(3.9990612e-10 -1.7086537e-20 0.0034800596)
(4.192563e-10 1.0799176e-18 0.33469669)
(-4.9027649e-09 -5.792217e-18 0.3293535)
(1.4391904e-07 -3.2197179e-18 0.31898088)
(3.9243092e-07 -3.2002016e-18 0.30516295)
(6.7700057e-07 -2.3652295e-18 0.28893197)
(9.3288804e-07 -2.3185013e-18 0.27109484)
(1.1212299e-06 -2.0954558e-18 0.2522953)
(1.2266855e-06 -1.977017e-18 0.23304509)
(1.2525082e-06 -1.6991394e-18 0.21374581)
(1.2126044e-06 -1.698121e-18 0.19470679)
(1.1243561e-06 -1.2642886e-18 0.17616064)
(1.0046512e-06 -9.9783682e-19 0.15827688)
(8.6905054e-07 -9.289502e-19 0.14117377)
(7.2964907e-07 -6.7314262e-19 0.12492852)
(5.9522138e-07 -5.3861375e-19 0.10958584)
(4.7174542e-07 -4.4967699e-19 0.095165099)
(3.6216894e-07 -3.8071534e-19 0.081666214)
(2.6824324e-07 -3.2291888e-19 0.06907442)
(1.9049854e-07 -2.7309631e-19 0.057364149)
(1.2834464e-07 -2.3000166e-19 0.04650213)
(8.04229e-08 -1.9325158e-19 0.036449833)
(4.5220875e-08 -1.4028167e-19 0.027165407)
(2.1095739e-08 -9.5160398e-20 0.018605178)
(6.7995567e-09 -5.324223e-20 0.010724812)
(4.6589296e-10 -1.6831741e-20 0.0034801865)
(3.7655971e-08 -1.9969429e-18 0.33482565)
(8.1658127e-08 -4.8597828e-18 0.32947582)
(2.617597e-07 -3.3958577e-18 0.31909123)
(5.2650722e-07 -3.1012311e-18 0.30525913)
(8.1286539e-07 -1.4115063e-18 0.28901372)
(1.0609869e-06 -2.1656558e-18 0.27116308)
(1.2361573e-06 -2.0419217e-18 0.25235152)
(1.3267063e-06 -1.7955379e-18 0.23309098)
(1.3371935e-06 -1.465646e-18 0.21378301)
(1.2822204e-06 -1.2275189e-18 0.19473679)
(1.1802843e-06 -1.0807489e-18 0.17618474)
(1.0491222e-06 -9.5835823e-19 0.15829616)
(9.0367579e-07 -8.8130715e-19 0.14118915)
(7.5604935e-07 -7.3765583e-19 0.12494073)
(6.1495456e-07 -6.1077549e-19 0.1095955)
(4.8594612e-07 -5.0755886e-19 0.095172691)
(3.7216249e-07 -4.2250258e-19 0.081672133)
(2.7489598e-07 -3.5015395e-19 0.069078985)
(1.9460735e-07 -2.8679952e-19 0.05736762)
(1.306547e-07 -2.300886e-19 0.046504715)
(8.1621663e-08 -1.7861623e-19 0.036451701)
(4.5665122e-08 -1.3153663e-19 0.027166694)
(2.129197e-08 -8.8898175e-20 0.018605995)
(6.848842e-09 -5.0499616e-20 0.010725249)
(3.8406089e-10 -1.608798e-20 0.0034803162)
(7.3520374e-08 -2.816271e-18 0.33495307)
(1.6494676e-07 -4.3014066e-18 0.32959669)
(3.753745e-07 -3.5232875e-18 0.31920032)
(6.5597428e-07 -3.1513301e-18 0.30535426)
(9.4398753e-07 -2.0937163e-18 0.28909463)
(1.18489e-06 -2.1800797e-18 0.27123067)
(1.3474342e-06 -1.9956182e-18 0.25240726)
(1.4226511e-06 -1.8213327e-18 0.23313652)
(1.4176764e-06 -2.1339674e-18 0.21381996)
(1.348445e-06 -1.6201809e-18 0.19476662)
(1.2337209e-06 -1.1604476e-18 0.17620873)
(1.0913202e-06 -7.4871088e-19 0.15831539)
(9.3649356e-07 -4.8683954e-19 0.1412045)
(7.8132579e-07 -5.3542735e-19 0.12495295)
(6.3397021e-07 -5.0451726e-19 0.10960517)
(4.9974619e-07 -4.4697635e-19 0.095180301)
(3.8214876e-07 -3.8204434e-19 0.081678075)
(2.8222527e-07 -3.1690219e-19 0.069083577)
(1.9970277e-07 -2.5456782e-19 0.057371117)
(1.340278e-07 -1.9681861e-19 0.046507323)
(8.3663704e-08 -1.4596462e-19 0.036453589)
(4.6864347e-08 -1.0695472e-19 0.027167997)
(2.1890686e-08 -7.3288695e-20 0.018606825)
(7.0835714e-09 -4.1939535e-20 0.010725694)
(4.7547395e-10 -1.3405892e-20 0.0034804486)
(1.0818518e-07 -2.4358664e-18 0.33507896)
(2.4508738e-07 -4.6264235e-18 0.32971614)
(4.8402018e-07 -3.7563649e-18 0.31930816)
(7.7999914e-07 -4.2961169e-18 0.30544834)
(1.0698681e-06 -3.3404575e-18 0.2891747)
(1.3037574e-06 -2.332533e-18 0.27129762)
(1.4544529e-06 -2.028038e-18 0.25246251)
(1.5154636e-06 -1.8135465e-18 0.2331817)
(1.4957672e-06 -1.3030831e-18 0.21385666)
(1.4126996e-06 -9.9559707e-19 0.19479629)
(1.2853739e-06 -1.0607389e-18 0.17623261)
(1.1319676e-06 -9.2990857e-19 0.15833455)
(9.6802554e-07 -8.8964791e-19 0.14121982)
(8.0526801e-07 -6.569181e-19 0.12496515)
(6.5211592e-07 -5.3351844e-19 0.10961484)
(5.1352166e-07 -4.4818822e-19 0.095187928)
(3.9215146e-07 -3.7894625e-19 0.081684041)
(2.8935702e-07 -3.1906473e-19 0.069088194)
(2.0474001e-07 -2.6654767e-19 0.05737464)
(1.3731983e-07 -2.2086302e-19 0.046509957)
(8.5544381e-08 -1.8258594e-19 0.036455499)
(4.7744813e-08 -1.326536e-19 0.027169319)
(2.2155798e-08 -8.9493709e-20 0.018607667)
(7.0137593e-09 -5.0885059e-20 0.010726146)
(3.638956e-10 -1.6279246e-20 0.0034805836)
(1.4162324e-07 -3.5119672e-18 0.33520334)
(3.224813e-07 -2.825922e-18 0.32983418)
(5.8888756e-07 -3.8635538e-18 0.31941478)
(8.993428e-07 -4.5353997e-18 0.30554141)
(1.191057e-06 -3.6256172e-18 0.28925396)
(1.4182691e-06 -2.4846605e-18 0.27136393)
(1.5571088e-06 -2.0132462e-18 0.25251729)
(1.6039795e-06 -1.5409303e-18 0.23322653)
(1.5699282e-06 -4.7017814e-19 0.21389311)
(1.4734058e-06 -2.7600336e-19 0.19482578)
(1.3342053e-06 -7.9755987e-19 0.17625638)
(1.1707512e-06 -9.7866527e-19 0.15835364)
(9.9830113e-07 -1.2456059e-18 0.1412351)
(8.2865447e-07 -9.4555406e-19 0.12497734)
(6.6966988e-07 -7.3045032e-19 0.10962452)
(5.263449e-07 -5.8175261e-19 0.09519557)
(4.0159516e-07 -4.7404306e-19 0.081690026)
(2.961421e-07 -3.9100664e-19 0.069092834)
(2.0943616e-07 -3.2330948e-19 0.057378185)
(1.4040619e-07 -2.6516655e-19 0.04651261)
(8.740969e-08 -2.1178586e-19 0.036457426)
(4.8896714e-08 -1.5657354e-19 0.027170654)
(2.2751584e-08 -1.0518148e-19 0.01860852)
(7.2361394e-09 -5.974148e-20 0.010726605)
(4.2033797e-10 -1.9054675e-20 0.003480721)
(1.7393182e-07 -1.2040367e-17 0.33532625)
(3.9718256e-07 4.7994396e-19 0.32995084)
(6.9049427e-07 -3.2701621e-18 0.31952019)
(1.0146943e-06 -1.8419332e-18 0.30563347)
(1.3075312e-06 -2.4696009e-18 0.28933242)
(1.5278693e-06 -2.3793885e-18 0.27142961)
(1.6553256e-06 -1.8980721e-18 0.25257158)
(1.6892707e-06 -1.3096264e-18 0.23327101)
(1.6417306e-06 -5.956804e-19 0.21392931)
(1.5322675e-06 -5.3378864e-19 0.1948551)
(1.3818449e-06 -9.0867942e-19 0.17628004)
(1.2086871e-06 -1.335242e-18 0.15837266)
(1.0282045e-06 -9.6361774e-19 0.14125035)
(8.5178498e-07 -8.8438413e-19 0.12498952)
(6.8710757e-07 -7.5119275e-19 0.1096342)
(5.3914089e-07 -6.2138593e-19 0.095203222)
(4.1066795e-07 -5.0585005e-19 0.081696029)
(3.0224532e-07 -4.03383e-19 0.069097494)
(2.1340148e-07 -3.1087553e-19 0.05738175)
(1.4304081e-07 -2.2547706e-19 0.046515284)
(8.9341708e-08 -1.4431486e-19 0.036459371)
(5.0027609e-08 -1.0719992e-19 0.027172004)
(2.3145675e-08 -6.9853527e-20 0.018609384)
(7.3596023e-09 -4.2115329e-20 0.010727071)
(4.508174e-10 -1.3591719e-20 0.0034808606)
(2.0479047e-07 -6.8737378e-18 0.33544771)
(4.6909604e-07 -1.386745e-18 0.33006614)
(7.8802105e-07 -2.7043285e-18 0.31962441)
(1.1256558e-06 -1.1516242e-18 0.30572453)
(1.4195979e-06 -2.1933667e-18 0.28941007)
(1.6334078e-06 -2.198426e-18 0.27149467)
(1.750004e-06 -1.7945538e-18 0.25262541)
(1.7710298e-06 -1.3331449e-18 0.23331514)
(1.7105203e-06 -1.4904111e-18 0.21396526)
(1.5888587e-06 -1.4652293e-18 0.19488425)
(1.4271847e-06 -1.132549e-18 0.17630358)
(1.2443167e-06 -1.0241385e-18 0.15839162)
(1.0559775e-06 -5.6502805e-19 0.14126556)
(8.7299535e-07 -6.2223046e-19 0.12500168)
(7.0290749e-07 -6.0150509e-19 0.10964389)
(5.5091576e-07 -5.3642151e-19 0.095210886)
(4.1921739e-07 -4.5412381e-19 0.081702049)
(3.0837688e-07 -3.6925992e-19 0.069102174)
(2.1771258e-07 -2.8899514e-19 0.057385337)
(1.4574627e-07 -2.1701233e-19 0.046517977)
(9.0727179e-08 -1.5634091e-19 0.036461334)
(5.0694501e-08 -1.1190144e-19 0.027173369)
(2.3645968e-08 -7.5423412e-20 0.018610258)
(7.5622089e-09 -4.2780304e-20 0.010727543)
(4.5595291e-10 -1.3610711e-20 0.0034810026)
(2.3476469e-07 4.6117242e-18 0.33556773)
(5.3817688e-07 -5.3636187e-18 0.33018011)
(8.8210442e-07 -2.9131782e-18 0.31972745)
(1.2325998e-06 -2.6385208e-18 0.30581462)
(1.5276596e-06 -2.1721936e-18 0.28948694)
(1.7351878e-06 -2.0881572e-18 0.27155912)
(1.8411356e-06 -1.7887489e-18 0.25267877)
(1.8495289e-06 -1.621905e-18 0.23335893)
(1.7764577e-06 -2.3087984e-18 0.21400096)
(1.6430411e-06 -2.0122573e-18 0.19491322)
(1.4707467e-06 -1.1547686e-18 0.17632701)
(1.2788557e-06 -4.5207516e-19 0.1584105)
(1.0824718e-06 -4.5666832e-19 0.14128073)
(8.930666e-07 -4.775704e-19 0.12501382)
(7.1840853e-07 -4.6847868e-19 0.10965356)
(5.6286612e-07 -4.3191373e-19 0.095218557)
(4.2822668e-07 -3.8148683e-19 0.081708084)
(3.1490135e-07 -3.2807906e-19 0.069106871)
(2.2232452e-07 -2.7798483e-19 0.057388942)
(1.4882523e-07 -2.3410543e-19 0.046520688)
(9.2589614e-08 -1.9731703e-19 0.036463313)
(5.1759261e-08 -1.4494466e-19 0.027174747)
(2.3995716e-08 -1.0061919e-19 0.018611142)
(7.6140264e-09 -5.4898323e-20 0.010728021)
(4.7357633e-10 -1.7305869e-20 0.0034811467)
(2.6353192e-07 -1.0787651e-18 0.33568634)
(6.0484178e-07 -6.4455696e-18 0.33029275)
(9.7237778e-07 -3.4334093e-18 0.31982935)
(1.3352331e-06 -3.4397146e-18 0.30590375)
(1.6317036e-06 -2.4277519e-18 0.28956303)
(1.8331609e-06 -2.1149898e-18 0.27162295)
(1.928759e-06 -1.865197e-18 0.25273167)
(1.9248039e-06 -1.8283585e-18 0.23340237)
(1.8391131e-06 -1.7928965e-18 0.21403642)
(1.6941533e-06 -1.1973755e-18 0.19494202)
(1.5119942e-06 -1.0693152e-18 0.17635031)
(1.3117795e-06 -8.5122273e-19 0.1584293)
(1.10829e-06 -9.2983853e-19 0.14129586)
(9.1289892e-07 -6.9952275e-19 0.12502595)
(7.3335451e-07 -5.6493484e-19 0.10966324)
(5.7391024e-07 -4.7091957e-19 0.095226234)
(4.3597372e-07 -3.9722827e-19 0.081714129)
(3.2027931e-07 -3.3618873e-19 0.069111584)
(2.2583719e-07 -2.8399611e-19 0.057392563)
(1.5104613e-07 -2.3750403e-19 0.046523416)
(9.4075467e-08 -1.9281397e-19 0.036465306)
(5.2522604e-08 -1.4346984e-19 0.027176137)
(2.4342542e-08 -9.5443175e-20 0.018612035)
(7.7585176e-09 -5.4864006e-20 0.010728505)
(4.7922021e-10 -1.7597958e-20 0.0034812926)
(2.911029e-07 -4.388941e-18 0.33580357)
(6.6900653e-07 -6.0265847e-18 0.3304041)
(1.0594394e-06 -3.7743956e-18 0.3199301)
(1.4341762e-06 -3.7411942e-18 0.30599192)
(1.7316953e-06 -3.5920769e-18 0.28963835)
(1.9270429e-06 -2.3147709e-18 0.27168619)
(2.0125204e-06 -1.90451e-18 0.25278411)
(1.9970449e-06 -1.3910356e-18 0.23344548)
(1.8996088e-06 -1.0416612e-18 0.21407162)
(1.7435598e-06 -1.2639831e-18 0.19497064)
(1.5517454e-06 -1.1624978e-18 0.17637351)
(1.3432074e-06 -1.0624681e-18 0.15844803)
(1.1326905e-06 -9.9583664e-19 0.14131094)
(9.3152208e-07 -8.3403932e-19 0.12503805)
(7.4747564e-07 -6.8143119e-19 0.10967291)
(5.8398811e-07 -5.552828e-19 0.095233914)
(4.4284375e-07 -4.5304875e-19 0.081720185)
(3.248926e-07 -3.6897144e-19 0.06911631)
(2.2901655e-07 -2.9803884e-19 0.0573962)
(1.5334293e-07 -2.3658786e-19 0.046526157)
(9.5539509e-08 -1.8224389e-19 0.036467313)
(5.3387128e-08 -1.3361747e-19 0.027177538)
(2.4847819e-08 -9.0066932e-20 0.018612937)
(8.0069027e-09 -5.1051732e-20 0.010728994)
(5.32421e-10 -1.6277961e-20 0.0034814404)
(3.1762427e-07 -3.2324151e-18 0.33591943)
(7.3057196e-07 -4.9876953e-18 0.33051418)
(1.1431013e-06 -3.7741383e-18 0.32002974)
(1.5292114e-06 -3.4671607e-18 0.30607915)
(1.8273848e-06 -3.3864394e-18 0.28971291)
(2.0169677e-06 -2.449921e-18 0.27174884)
(2.092709e-06 -2.0512455e-18 0.25283609)
(2.0658626e-06 -1.8186136e-18 0.23348824)
(1.9572582e-06 -1.8448432e-18 0.21410659)
(1.7909107e-06 -2.0239314e-18 0.19499909)
(1.5895573e-06 -1.3980945e-18 0.17639658)
(1.3725666e-06 -1.0143894e-18 0.15846669)
(1.1554091e-06 -6.1246566e-19 0.14132597)
(9.4906703e-07 -6.0411677e-19 0.12505012)
(7.6030124e-07 -5.4005042e-19 0.10968256)
(5.930711e-07 -4.6181359e-19 0.095241596)
(4.4955615e-07 -3.8443893e-19 0.08172625)
(3.2936403e-07 -3.1244617e-19 0.06912105)
(2.3139775e-07 -2.4714224e-19 0.057399852)
(1.5443656e-07 -1.893661e-19 0.046528915)
(9.6080214e-08 -1.4035915e-19 0.036469333)
(5.3622094e-08 -1.0119832e-19 0.027178951)
(2.4921866e-08 -6.9479895e-20 0.018613847)
(8.0173126e-09 -3.8741079e-20 0.010729488)
(5.0874453e-10 -1.2202564e-20 0.0034815903)
(3.4334641e-07 -2.8666159e-18 0.33603395)
(7.8989005e-07 -3.2055711e-18 0.33062299)
(1.2232241e-06 -3.4076796e-18 0.32012827)
(1.6201012e-06 -2.9797009e-18 0.30616546)
(1.9190006e-06 -2.5602132e-18 0.28978672)
(2.1028655e-06 -2.347928e-18 0.27181089)
(2.1692705e-06 -2.1972309e-18 0.25288763)
(2.1318796e-06 -2.3908236e-18 0.23353067)
(2.0125993e-06 -1.8101988e-18 0.2141413)
(1.8364214e-06 -1.272582e-18 0.19502737)
(1.6264908e-06 -1.2868396e-18 0.17641953)
(1.4017166e-06 -1.1453357e-18 0.15848526)
(1.1776169e-06 -1.0495461e-18 0.14134096)
(9.6576372e-07 -7.5151638e-19 0.12506218)
(7.7257741e-07 -5.8561822e-19 0.10969221)
(6.0212299e-07 -4.7638941e-19 0.095249281)
(4.5597805e-07 -3.9426634e-19 0.081732323)
(3.3404568e-07 -3.2723168e-19 0.069125801)
(2.3504033e-07 -2.7003571e-19 0.057403517)
(1.5692245e-07 -2.1969483e-19 0.046531685)
(9.7549453e-08 -1.7367338e-19 0.036471366)
(5.4503473e-08 -1.2966376e-19 0.027180373)
(2.5332872e-08 -8.8406263e-20 0.018614765)
(8.0117565e-09 -5.0482981e-20 0.010729988)
(4.6038827e-10 -1.6140854e-20 0.0034817417)
(3.6796905e-07 7.0627002e-18 0.33614715)
(8.4688906e-07 -4.9272954e-18 0.33073057)
(1.3002953e-06 -3.3951212e-18 0.32022571)
(1.7073989e-06 -2.9240469e-18 0.30625085)
(2.006922e-06 -2.0131921e-18 0.2898598)
(2.1854991e-06 -2.13238e-18 0.27187237)
(2.243118e-06 -2.0030975e-18 0.25293872)
(2.195275e-06 -1.4287833e-18 0.23357276)
(2.0652863e-06 -1.2832425e-18 0.21417577)
(1.8791452e-06 -5.8370356e-19 0.19505547)
(1.660306e-06 -7.7027334e-19 0.17644236)
(1.4283569e-06 -5.2419336e-19 0.15850376)
(1.1982025e-06 -6.8121407e-19 0.1413559)
(9.8124201e-07 -6.4822997e-19 0.1250742)
(7.8438874e-07 -5.7637211e-19 0.10970185)
(6.1098021e-07 -5.0206908e-19 0.095256962)
(4.6237842e-07 -4.3337391e-19 0.0817384)
(3.3824703e-07 -3.7138701e-19 0.069130561)
(2.3743803e-07 -3.1529786e-19 0.057407193)
(1.5832775e-07 -2.6336909e-19 0.046534467)
(9.8358622e-08 -2.133572e-19 0.036473409)
(5.4856536e-08 -1.6341761e-19 0.027181805)
(2.5472292e-08 -1.1538726e-19 0.01861569)
(8.061833e-09 -6.6134761e-20 0.010730491)
(4.3208222e-10 -2.1184056e-20 0.0034818948)
(3.9161272e-07 1.3345661e-18 0.33625904)
(9.0190008e-07 -4.2067325e-18 0.33083693)
(1.3745449e-06 -3.4449001e-18 0.32032208)
(1.7914184e-06 -1.5137125e-18 0.30633535)
(2.091482e-06 -2.0776964e-18 0.28993215)
(2.2647591e-06 -2.061314e-18 0.27193327)
(2.3142347e-06 -1.7526787e-18 0.25298936)
(2.256725e-06 -1.0088401e-18 0.23361453)
(2.1169882e-06 -2.8155637e-19 0.21421)
(1.9211669e-06 1.2887578e-20 0.1950834)
(1.6935866e-06 -5.9013553e-19 0.17646507)
(1.4544246e-06 -1.0131617e-18 0.15852217)
(1.2186055e-06 -9.386275e-19 0.14137078)
(9.9694642e-07 -7.2383125e-19 0.12508619)
(7.9609248e-07 -6.0085542e-19 0.10971147)
(6.1974703e-07 -5.0559199e-19 0.095264641)
(4.6882985e-07 -4.2296189e-19 0.081744483)
(3.4288649e-07 -3.4849414e-19 0.069135331)
(2.4094297e-07 -2.8057889e-19 0.05741088)
(1.6062974e-07 -2.188621e-19 0.046537261)
(9.9680987e-08 -1.640273e-19 0.036475464)
(5.5503605e-08 -1.1714357e-19 0.027183247)
(2.5559841e-08 -7.6450894e-20 0.018616623)
(8.1178094e-09 -4.4937327e-20 0.010731)
(4.7714032e-10 -1.4330038e-20 0.0034820495)
(4.1472776e-07 -3.8004941e-18 0.33636965)
(9.5469996e-07 1.0044947e-19 0.33094208)
(1.4457893e-06 -3.171582e-18 0.3204174)
(1.8721865e-06 -1.7444048e-18 0.30641895)
(2.1729057e-06 -2.2464535e-18 0.29000377)
(2.3410976e-06 -2.126784e-18 0.2719936)
(2.3817826e-06 -1.7948349e-18 0.25303958)
(2.3142346e-06 -1.634085e-18 0.23365596)
(2.1648618e-06 -7.3842149e-19 0.21424398)
(1.9605305e-06 -1.0232172e-18 0.19511115)
(1.7250077e-06 -1.0392455e-18 0.17648766)
(1.478996e-06 -1.4534973e-18 0.1585405)
(1.237674e-06 -1.0733944e-18 0.14138561)
(1.0112451e-06 -8.138334e-19 0.12509815)
(8.0652451e-07 -6.3734283e-19 0.10972108)
(6.2703829e-07 -5.0908566e-19 0.095272315)
(4.7409793e-07 -4.0867778e-19 0.081750568)
(3.468511e-07 -3.2514169e-19 0.069140107)
(2.43681e-07 -2.5268283e-19 0.057414576)
(1.6253331e-07 -1.8809815e-19 0.046540065)
(1.0088885e-07 -1.2880987e-19 0.036477528)
(5.6188098e-08 -9.2263517e-20 0.027184697)
(2.5996218e-08 -5.7477913e-20 0.018617561)
(8.2830702e-09 -3.3199926e-20 0.010731512)
(5.0211608e-10 -1.067205e-20 0.0034822055)
(4.3635769e-07 -9.7967602e-18 0.336479)
(1.0054631e-06 6.4358703e-19 0.33104606)
(1.5145872e-06 -2.6548703e-18 0.32051168)
(1.9498583e-06 -1.7621622e-18 0.30650168)
(2.2507179e-06 -2.5273005e-18 0.29007469)
(2.4136583e-06 -2.2169905e-18 0.27205337)
(2.4463572e-06 -1.9184763e-18 0.25308935)
(2.3697455e-06 -1.826401e-18 0.23369706)
(2.2109144e-06 -1.7742217e-18 0.21427772)
(1.9978005e-06 -1.715966e-18 0.19513873)
(1.7549071e-06 -1.1707887e-18 0.17651012)
(1.502539e-06 -8.5569e-19 0.15855874)
(1.2557661e-06 -4.0990191e-19 0.14140039)
(1.0250648e-06 -5.1374758e-19 0.12511008)
(8.1682558e-07 -4.8653237e-19 0.10973067)
(6.3471573e-07 -4.2735276e-19 0.095279982)
(4.7949988e-07 -3.6233411e-19 0.081756655)
(3.5019024e-07 -2.985355e-19 0.069144889)
(2.4572998e-07 -2.3779195e-19 0.057418281)
(1.6371117e-07 -1.8022063e-19 0.046542877)
(1.0141128e-07 -1.2540798e-19 0.0364796)
(5.6377112e-08 -9.5448263e-20 0.027186153)
(2.6042584e-08 -6.6099521e-20 0.018618505)
(8.2082759e-09 -3.8199691e-20 0.010732028)
(4.2185388e-10 -1.2309493e-20 0.0034823628)
(4.5752463e-07 -4.5692605e-18 0.3365871)
(1.0538985e-06 -5.144965e-18 0.33114886)
(1.5800789e-06 -2.8681709e-18 0.32060492)
(2.0240145e-06 -3.3701422e-18 0.30658355)
(2.3252125e-06 -2.7472741e-18 0.2901449)
(2.4834278e-06 -2.2466748e-18 0.27211258)
(2.5082585e-06 -1.981228e-18 0.2531387)
(2.4226468e-06 -1.9373122e-18 0.23373784)
(2.2548041e-06 -2.1525704e-18 0.21431122)
(2.033119e-06 -2.1633218e-18 0.19516613)
(1.783075e-06 -1.1480294e-18 0.17653245)
(1.5245621e-06 -3.2626771e-19 0.1585769)
(1.2725879e-06 -3.2718928e-19 0.14141511)
(1.037938e-06 -3.6603473e-19 0.12512198)
(8.2654288e-07 -3.7514471e-19 0.10974024)
(6.4172661e-07 -3.5860578e-19 0.095287642)
(4.8435559e-07 -3.2749689e-19 0.081762739)
(3.5382009e-07 -2.901734e-19 0.069149674)
(2.4831482e-07 -2.5175907e-19 0.057421991)
(1.6532732e-07 -2.1516799e-19 0.046545697)
(1.0256548e-07 -1.8272086e-19 0.03648168)
(5.718675e-08 -1.3651689e-19 0.027187617)
(2.643118e-08 -9.6400313e-20 0.018619454)
(8.3848831e-09 -5.2981125e-20 0.010732547)
(5.1385849e-10 -1.6834127e-20 0.0034825215)
(4.7764066e-07 2.1676076e-18 0.33669398)
(1.1007659e-06 -4.9665286e-18 0.33125052)
(1.6437403e-06 -3.1243823e-18 0.32069716)
(2.0957507e-06 -3.4490213e-18 0.30666457)
(2.3969511e-06 -2.3310413e-18 0.29021442)
(2.5503045e-06 -2.1232692e-18 0.27217124)
(2.5678124e-06 -1.904087e-18 0.25318761)
(2.4738181e-06 -1.7278312e-18 0.23377829)
(2.2974016e-06 -1.3170174e-18 0.21434447)
(2.0679125e-06 -1.2260846e-18 0.19519335)
(1.8107025e-06 -1.01213e-18 0.17655467)
(1.5461429e-06 -6.6977449e-19 0.15859497)
(1.2896135e-06 -7.7437534e-19 0.14142977)
(1.0509424e-06 -5.9322977e-19 0.12513383)
(8.3631171e-07 -4.9785442e-19 0.10974979)
(6.4907417e-07 -4.3117005e-19 0.095295293)
(4.8987262e-07 -3.7484469e-19 0.081768823)
(3.5766784e-07 -3.2371363e-19 0.069154463)
(2.5074721e-07 -2.7689317e-19 0.057425709)
(1.6682031e-07 -2.3463505e-19 0.046548524)
(1.0334845e-07 -1.9737642e-19 0.036483767)
(5.7518454e-08 -1.4265124e-19 0.027189087)
(2.6610161e-08 -9.3991383e-20 0.018620409)
(8.5148975e-09 -5.3667012e-20 0.01073307)
(5.3636897e-10 -1.7139539e-20 0.0034826813)
(4.9702171e-07 -1.2796829e-18 0.33679966)
(1.1453611e-06 -3.9578658e-18 0.33135105)
(1.7036322e-06 -3.3295071e-18 0.3207884)
(2.1636488e-06 -3.7786311e-18 0.30674474)
(2.4651986e-06 -2.3271922e-18 0.29028325)
(2.6139802e-06 -2.0512726e-18 0.27222936)
(2.6242245e-06 -1.826449e-18 0.25323611)
(2.5219446e-06 -1.631178e-18 0.23381842)
(2.3372657e-06 -1.542871e-18 0.21437749)
(2.0999045e-06 -1.11603e-18 0.1952204)
(1.8362954e-06 -9.9680785e-19 0.17657675)
(1.566324e-06 -9.0585929e-19 0.15861296)
(1.3048046e-06 -8.8270369e-19 0.14144438)
(1.062238e-06 -7.6771314e-19 0.12514565)
(8.446373e-07 -6.5149283e-19 0.10975932)
(6.5487334e-07 -5.485541e-19 0.095302932)
(4.9376375e-07 -4.5841967e-19 0.081774903)
(3.6051344e-07 -3.789664e-19 0.069159253)
(2.528943e-07 -3.084612e-19 0.05742943)
(1.6841697e-07 -2.4553648e-19 0.046551358)
(1.0447986e-07 -1.8913237e-19 0.036485861)
(5.8251188e-08 -1.3838002e-19 0.027190564)
(2.7074349e-08 -9.3069125e-20 0.018621369)
(8.7169078e-09 -5.2706363e-20 0.010733596)
(5.9806835e-10 -1.6756162e-20 0.0034828422)
(5.1547082e-07 -8.6843455e-18 0.33690414)
(1.1883088e-06 -2.9492322e-18 0.33145046)
(1.7615572e-06 -3.4588229e-18 0.32087865)
(2.2289616e-06 -3.8014073e-18 0.30682408)
(2.5308479e-06 -2.575783e-18 0.2903514)
(2.6752506e-06 -2.0939732e-18 0.27228694)
(2.678237e-06 -1.8224197e-18 0.25328419)
(2.5678791e-06 -1.4768398e-18 0.23385823)
(2.3756079e-06 -2.2101012e-18 0.21441027)
(2.1313676e-06 -1.8633968e-18 0.19524727)
(1.8611436e-06 -1.241702e-18 0.17659871)
(1.5856005e-06 -9.2007923e-19 0.15863085)
(1.319818e-06 -5.8291298e-19 0.14145892)
(1.0738995e-06 -6.1998955e-19 0.12515744)
(8.5340018e-07 -5.7839458e-19 0.10976883)
(6.6136442e-07 -5.0597607e-19 0.09531056)
(4.9858175e-07 -4.2506105e-19 0.08178098)
(3.6368224e-07 -3.4529769e-19 0.069164046)
(2.5490471e-07 -2.7038812e-19 0.057433156)
(1.6975262e-07 -2.0135637e-19 0.046554198)
(1.0531499e-07 -1.3823426e-19 0.036487961)
(5.8699821e-08 -1.0325557e-19 0.027192046)
(2.7213058e-08 -7.1902877e-20 0.018622333)
(8.6711524e-09 -4.0623032e-20 0.010734124)
(5.4149276e-10 -1.2921491e-20 0.0034830043)
(5.3324594e-07 -6.8247873e-18 0.33700745)
(1.229596e-06 -3.958842e-18 0.33154878)
(1.8170048e-06 -3.4783982e-18 0.32096794)
(2.2912381e-06 -3.0940074e-18 0.30690261)
(2.5931677e-06 -2.5009782e-18 0.29041888)
(2.7333367e-06 -2.152192e-18 0.27234399)
(2.7297963e-06 -1.9198446e-18 0.25333185)
(2.6115969e-06 -1.727964e-18 0.23389773)
(2.4113129e-06 -1.4938152e-18 0.21444281)
(2.1603161e-06 -1.2023488e-18 0.19527396)
(1.8840709e-06 -1.2447692e-18 0.17662055)
(1.6033743e-06 -1.1101686e-18 0.15864866)
(1.3333058e-06 -1.0607691e-18 0.1414734)
(1.0836414e-06 -7.9972989e-19 0.12516918)
(8.6037687e-07 -6.4072763e-19 0.10977831)
(6.6636427e-07 -5.2219495e-19 0.095318174)
(5.0187114e-07 -4.2640717e-19 0.081787049)
(3.6569081e-07 -3.4720076e-19 0.069168836)
(2.5608803e-07 -2.8129812e-19 0.057436883)
(1.7029587e-07 -2.2589609e-19 0.04655704)
(1.052737e-07 -1.7771253e-19 0.036490065)
(5.8313738e-08 -1.3089621e-19 0.027193532)
(2.6891597e-08 -8.8306776e-20 0.0186233)
(8.5322852e-09 -4.9727239e-20 0.010734655)
(4.9181996e-10 -1.5964469e-20 0.0034831671)
(5.5017562e-07 -1.8920878e-18 0.33710961)
(1.2689476e-06 -3.2588586e-18 0.33164601)
(1.8700663e-06 -3.5694864e-18 0.32105627)
(2.3511687e-06 -3.4826245e-18 0.30698032)
(2.6531218e-06 -3.067035e-18 0.2904857)
(2.7890566e-06 -2.3478307e-18 0.2724005)
(2.7789485e-06 -2.0455369e-18 0.2533791)
(2.6535653e-06 -1.9824039e-18 0.23393691)
(2.4461163e-06 -7.8141956e-19 0.21447511)
(2.1880054e-06 -5.9905822e-19 0.19530048)
(1.905827e-06 -1.1472873e-18 0.17664225)
(1.6201419e-06 -1.4897043e-18 0.15866638)
(1.3458786e-06 -1.6706399e-18 0.14148783)
(1.0930746e-06 -1.161139e-18 0.12518088)
(8.6737901e-07 -8.5577009e-19 0.10978776)
(6.7116897e-07 -6.5869303e-19 0.095325773)
(5.0510927e-07 -5.2268535e-19 0.081793112)
(3.6808063e-07 -4.2338475e-19 0.069173625)
(2.5770734e-07 -3.4730619e-19 0.057440613)
(1.7114717e-07 -2.864539e-19 0.046559887)
(1.058487e-07 -2.3592616e-19 0.036492174)
(5.8807851e-08 -1.7017966e-19 0.027195022)
(2.7189777e-08 -1.1186413e-19 0.018624271)
(8.7434409e-09 -6.3776704e-20 0.010735189)
(5.5107524e-10 -2.0371202e-20 0.0034833309)
(5.6648099e-07 -4.9963873e-18 0.33721064)
(1.3066565e-06 -5.3396378e-19 0.33174218)
(1.9207346e-06 -3.2921368e-18 0.32114366)
(2.4080888e-06 -2.2472024e-18 0.30705724)
(2.709845e-06 -3.1412677e-18 0.29055187)
(2.8416112e-06 -2.4549228e-18 0.2724565)
(2.8251734e-06 -2.0258168e-18 0.25342594)
(2.6928753e-06 -1.5950345e-18 0.23397577)
(2.4787725e-06 -7.9775164e-19 0.21450717)
(2.214324e-06 -7.2967113e-19 0.19532683)
(1.926535e-06 -1.1134949e-18 0.17666383)
(1.6361616e-06 -1.4737708e-18 0.158684)
(1.3580145e-06 -1.1042777e-18 0.14150218)
(1.1020747e-06 -9.6409468e-19 0.12519253)
(8.740229e-07 -7.9434406e-19 0.10979719)
(6.7599721e-07 -6.4760916e-19 0.095333356)
(5.085395e-07 -5.2595121e-19 0.081799168)
(3.7050633e-07 -4.227287e-19 0.069178412)
(2.5900956e-07 -3.3200562e-19 0.057444345)
(1.7183129e-07 -2.4990988e-19 0.046562737)
(1.063298e-07 -1.7434834e-19 0.036494287)
(5.9039743e-08 -1.2669657e-19 0.027196517)
(2.7177018e-08 -8.2307488e-20 0.018625245)
(8.6056109e-09 -4.951434e-20 0.010735724)
(4.7128564e-10 -1.5817723e-20 0.0034834955)
(5.8239227e-07 -7.0279e-18 0.33731054)
(1.3428587e-06 -3.3158751e-18 0.33183729)
(1.9695244e-06 -2.9563012e-18 0.32123012)
(2.4629893e-06 -1.5843017e-18 0.30713337)
(2.7644573e-06 -2.6126009e-18 0.29061739)
(2.8919836e-06 -2.3590936e-18 0.27251198)
(2.869313e-06 -1.9616786e-18 0.25347238)
(2.7298266e-06 -1.5806182e-18 0.23401433)
(2.5091189e-06 -1.5741937e-18 0.214539)
(2.2391029e-06 -1.4443012e-18 0.195353)
(1.9460271e-06 -1.0603592e-18 0.17668528)
(1.6512873e-06 -7.6011116e-19 0.15870153)
(1.3700411e-06 -3.2249284e-19 0.14151647)
(1.1111829e-06 -5.2313657e-19 0.12520415)
(8.8017617e-07 -5.4808527e-19 0.10980659)
(6.8048569e-07 -5.0655444e-19 0.095340923)
(5.1197986e-07 -4.4075313e-19 0.081805214)
(3.7274026e-07 -3.6777221e-19 0.069183195)
(2.606186e-07 -2.9537581e-19 0.057448076)
(1.7309025e-07 -2.2775691e-19 0.046565589)
(1.070459e-07 -1.6825779e-19 0.036496403)
(5.9392149e-08 -1.2194268e-19 0.027198015)
(2.7509244e-08 -8.3460667e-20 0.018626223)
(8.8041101e-09 -4.6674149e-20 0.010736262)
(5.4224278e-10 -1.4727852e-20 0.0034836608)
(5.9725916e-07 -2.735197e-18 0.33740934)
(1.3773823e-06 -5.3804925e-18 0.33193137)
(2.0159892e-06 -2.9977523e-18 0.32131566)
(2.5153859e-06 -3.9509387e-18 0.30720872)
(2.816768e-06 -2.705705e-18 0.29068228)
(2.9404145e-06 -2.3341348e-18 0.27256695)
(2.9121621e-06 -1.9874191e-18 0.25351841)
(2.7661195e-06 -1.8847124e-18 0.23405258)
(2.5385696e-06 -2.4006804e-18 0.21457059)
(2.2626849e-06 -2.1762574e-18 0.19537899)
(1.9646662e-06 -1.1782359e-18 0.17670659)
(1.6656315e-06 -4.7411383e-19 0.15871897)
(1.3805497e-06 -4.1565234e-19 0.1415307)
(1.1189761e-06 -4.5275792e-19 0.12521571)
(8.8659031e-07 -4.5928843e-19 0.10981596)
(6.8525208e-07 -4.337762e-19 0.095348471)
(5.1509242e-07 -3.9000968e-19 0.081811251)
(3.7504238e-07 -3.3909897e-19 0.069187974)
(2.6243345e-07 -2.8798051e-19 0.057451806)
(1.7444713e-07 -2.406181e-19 0.046568442)
(1.0818074e-07 -1.998079e-19 0.036498522)
(6.0163794e-08 -1.4758243e-19 0.027199515)
(2.7894469e-08 -1.0326077e-19 0.018627202)
(8.9911605e-09 -5.6706748e-20 0.010736801)
(5.8333e-10 -1.7993583e-20 0.0034838268)
(6.1133068e-07 5.8794219e-18 0.33750705)
(1.4104383e-06 -7.2002942e-18 0.33202442)
(2.0603492e-06 -3.4379991e-18 0.32140029)
(2.5651473e-06 -3.9673181e-18 0.3072833)
(2.8663874e-06 -2.5315515e-18 0.29074653)
(2.9865321e-06 -2.2638269e-18 0.27262141)
(2.9524901e-06 -1.9694863e-18 0.25356405)
(2.8002021e-06 -1.6177166e-18 0.23409051)
(2.5665231e-06 -2.2504322e-18 0.21460195)
(2.2846905e-06 -1.7999172e-18 0.19540481)
(1.9817786e-06 -1.0784727e-18 0.17672778)
(1.6788792e-06 -3.7221857e-19 0.15873631)
(1.3906622e-06 -3.8209451e-19 0.14154486)
(1.1265105e-06 -4.0699393e-19 0.12522724)
(8.9195651e-07 -4.1091636e-19 0.1098253)
(6.8927519e-07 -3.9270154e-19 0.095355999)
(5.1835279e-07 -3.6001284e-19 0.081817276)
(3.7730504e-07 -3.2034148e-19 0.069192747)
(2.6386672e-07 -2.7858386e-19 0.057455534)
(1.7530537e-07 -2.3695319e-19 0.046571297)
(1.0845524e-07 -1.9528139e-19 0.036500642)
(6.0217904e-08 -1.4980267e-19 0.027201018)
(2.784603e-08 -1.0602055e-19 0.018628184)
(8.8555715e-09 -6.0718148e-20 0.010737342)
(5.0255218e-10 -1.9433867e-20 0.0034839935)
(6.2511788e-07 3.6792454e-18 0.33760369)
(1.4420735e-06 -6.6388492e-18 0.33211647)
(2.1027328e-06 -3.6611732e-18 0.32148404)
(2.6122995e-06 -1.5378684e-18 0.30735713)
(2.9128869e-06 -3.3331927e-18 0.29081016)
(3.029155e-06 -2.2329484e-18 0.27267538)
(2.9899966e-06 -1.6174473e-18 0.2536093)
(2.8322532e-06 -1.2147833e-19 0.23412815)
(2.5926577e-06 -6.597984e-20 0.21463308)
(2.3050847e-06 -1.8821098e-19 0.19543045)
(1.9975521e-06 -1.5686224e-19 0.17674884)
(1.6910038e-06 -4.7194669e-19 0.15875356)
(1.3998575e-06 -7.6085864e-19 0.14155895)
(1.133611e-06 -5.8460073e-19 0.12523871)
(8.9727694e-07 -4.7102037e-19 0.1098346)
(6.9318714e-07 -3.8794434e-19 0.095363507)
(5.2107443e-07 -3.1990357e-19 0.081823289)
(3.7900074e-07 -2.6012211e-19 0.069197515)
(2.6486732e-07 -2.0563611e-19 0.057459261)
(1.7594566e-07 -1.5562545e-19 0.046574151)
(1.0884033e-07 -1.1152702e-19 0.036502764)
(6.0383801e-08 -7.8374707e-20 0.027202524)
(2.7953873e-08 -5.0330064e-20 0.018629168)
(8.8760312e-09 -3.0112378e-20 0.010737884)
(4.887506e-10 -9.6214812e-21 0.0034841607)
(6.3824952e-07 1.796861e-19 0.33769927)
(1.4722654e-06 -6.317395e-18 0.33220753)
(2.1429859e-06 -3.7912286e-18 0.3215669)
(2.6571401e-06 -1.6589993e-18 0.30743021)
(2.9574135e-06 -3.1318399e-18 0.29087317)
(3.0704349e-06 -2.1860671e-18 0.27272884)
(3.0260505e-06 -1.3000923e-18 0.25365415)
(2.8621697e-06 3.2926875e-20 0.23416548)
(2.6168543e-06 2.5496242e-19 0.21466398)
(2.3246712e-06 8.4249661e-20 0.19545592)
(2.0131833e-06 -9.1185394e-20 0.17676977)
(1.7031478e-06 -4.1199088e-19 0.15877072)
(1.4091306e-06 -5.9786595e-19 0.14157297)
(1.1404674e-06 -5.5853654e-19 0.12525014)
(9.0215351e-07 -4.7438791e-19 0.10984388)
(6.9642887e-07 -3.8702841e-19 0.095370995)
(5.2327869e-07 -3.1054941e-19 0.081829288)
(3.8070604e-07 -2.463024e-19 0.069202274)
(2.660151e-07 -1.9286022e-19 0.057462984)
(1.764116e-07 -1.4854131e-19 0.046577005)
(1.0896391e-07 -1.1146143e-19 0.036504887)
(6.0540995e-08 -8.0282378e-20 0.02720403)
(2.8013899e-08 -5.3520851e-20 0.018630154)
(8.8629465e-09 -3.0198943e-20 0.010738428)
(4.9372615e-10 -9.5793811e-21 0.0034843284)
(6.5035227e-07 -1.52424e-18 0.33779382)
(1.5006356e-06 -3.2596556e-18 0.3322976)
(2.1812656e-06 -3.8513854e-18 0.3216489)
(2.7002899e-06 -4.4731673e-18 0.30750255)
(3.0001743e-06 -3.3931938e-18 0.29093558)
(3.1094989e-06 -2.3021594e-18 0.27278182)
(3.059833e-06 -1.4928166e-18 0.25369862)
(2.8904263e-06 -1.4658018e-18 0.2342025)
(2.6404241e-06 -3.5327565e-19 0.21469464)
(2.3438399e-06 -4.5257857e-19 0.19548121)
(2.027968e-06 -1.2393302e-18 0.17679057)
(1.7144125e-06 -6.0294186e-19 0.15878778)
(1.4175616e-06 -1.9884472e-19 0.14158692)
(1.146887e-06 -2.6031109e-19 0.12526152)
(9.0741932e-07 -2.1327334e-19 0.10985312)
(7.0050737e-07 -2.7518375e-19 0.095378459)
(5.2602669e-07 -2.9468912e-19 0.081835274)
(3.8262451e-07 -2.9851824e-19 0.069207025)
(2.6759181e-07 -2.9925169e-19 0.057466702)
(1.7773277e-07 -2.4552216e-19 0.046579857)
(1.1009257e-07 -1.9731229e-19 0.03650701)
(6.1276805e-08 -1.4826406e-19 0.027205538)
(2.8342329e-08 -1.0328212e-19 0.018631141)
(8.9883917e-09 -5.8491819e-20 0.010738973)
(5.5165547e-10 -1.8576882e-20 0.0034844966)
(6.6237026e-07 -2.3042708e-18 0.33788733)
(1.5281954e-06 -3.3961888e-18 0.33238671)
(2.2179817e-06 -3.9686068e-18 0.32173004)
(2.7412028e-06 -4.7542398e-18 0.30757416)
(3.0402877e-06 -3.3428157e-18 0.29099738)
(3.14593e-06 -2.4255869e-18 0.27283431)
(3.0913564e-06 -1.8192581e-18 0.2537427)
(2.9165996e-06 -1.8017242e-18 0.23423924)
(2.6610425e-06 -9.816134e-19 0.21472507)
(2.3593738e-06 -6.9532361e-19 0.19550633)
(2.0399034e-06 -1.0659074e-18 0.17681124)
(1.7236391e-06 -7.4880633e-19 0.15880474)
(1.4246716e-06 -4.5539197e-19 0.1416008)
(1.1517417e-06 -3.5089477e-19 0.12527284)
(9.1001631e-07 -3.0143125e-19 0.10986232)
(7.0177558e-07 -2.8685958e-19 0.0953859)
(5.2663477e-07 -2.6868071e-19 0.081841245)
(3.82623e-07 -2.4293637e-19 0.069211768)
(2.671585e-07 -2.1099886e-19 0.057470416)
(1.7739527e-07 -1.7387128e-19 0.046582707)
(1.0991906e-07 -1.363945e-19 0.036509133)
(6.1101054e-08 -1.0075056e-19 0.027207046)
(2.8279248e-08 -6.8091011e-20 0.018632128)
(9.0620831e-09 -3.8653383e-20 0.010739518)
(5.886031e-10 -1.2294642e-20 0.0034846651)
(6.7357911e-07 -1.8089358e-18 0.33797984)
(1.5542042e-06 1.7105242e-18 0.33247487)
(2.252578e-06 -3.3802771e-18 0.32181033)
(2.7794115e-06 -2.3931824e-18 0.30764506)
(3.0778317e-06 -4.4418232e-18 0.29105859)
(3.1803277e-06 -2.6488839e-18 0.27288632)
(3.1212325e-06 -1.7677187e-18 0.25378641)
(2.9414761e-06 -5.6275716e-19 0.23427567)
(2.6811565e-06 -9.4050273e-19 0.21475528)
(2.3754973e-06 -8.1679881e-19 0.19553127)
(2.052532e-06 -4.0032238e-19 0.17683178)
(1.7331854e-06 -5.5392054e-19 0.1588216)
(1.4314388e-06 -5.0814041e-19 0.14161462)
(1.1566943e-06 -4.4964636e-19 0.12528412)
(9.1420907e-07 -4.2046171e-19 0.10987149)
(7.0512041e-07 -2.3285243e-19 0.095393317)
(5.291541e-07 -2.1698587e-19 0.0818472)
(3.8453672e-07 -1.9509837e-19 0.069216502)
(2.6879144e-07 -1.0644425e-19 0.057474126)
(1.7852913e-07 -7.6643717e-20 0.046585556)
(1.1025605e-07 -4.4471608e-20 0.036511256)
(6.1241874e-08 -3.2797525e-20 0.027208556)
(2.8298628e-08 -1.9655445e-20 0.018633117)
(8.8428523e-09 -1.135182e-20 0.010740065)
(4.5614656e-10 -3.630699e-21 0.0034848341)
(6.8411549e-07 -1.3080499e-18 0.33807134)
(1.5787866e-06 2.2388997e-18 0.33256209)
(2.285473e-06 -2.6835699e-18 0.3218898)
(2.8160025e-06 -2.2135824e-18 0.30771524)
(3.1140439e-06 -3.4843033e-18 0.29111921)
(3.2137279e-06 -2.6874151e-18 0.27293786)
(3.1499753e-06 -1.6246225e-18 0.25382973)
(2.965474e-06 -5.1231289e-19 0.23431181)
(2.700943e-06 -6.447866e-19 0.21478526)
(2.3912094e-06 -4.4924778e-19 0.19555605)
(2.0646995e-06 -3.114071e-19 0.17685218)
(1.7423451e-06 -3.8925988e-19 0.15883837)
(1.4383945e-06 -4.1117989e-19 0.14162836)
(1.1621836e-06 -3.8565131e-19 0.12529535)
(9.1809431e-07 -3.3445172e-19 0.10988063)
(7.0765648e-07 -2.6033289e-19 0.09540071)
(5.3075104e-07 -2.080573e-19 0.081853139)
(3.8553967e-07 -1.6535545e-19 0.069221224)
(2.6923141e-07 -1.2728002e-19 0.057477829)
(1.784593e-07 -9.7558691e-20 0.046588401)
(1.1014596e-07 -7.3545859e-20 0.036513378)
(6.1142969e-08 -5.3587524e-20 0.027210065)
(2.8254859e-08 -3.6194599e-20 0.018634107)
(8.9278254e-09 -2.0656134e-20 0.010740612)
(4.8767629e-10 -6.616137e-21 0.0034850033)
(6.9403505e-07 -1.7122215e-18 0.33816187)
(1.6020949e-06 -1.5621625e-18 0.33264839)
(2.3165466e-06 -2.7872451e-18 0.32196843)
(2.8506946e-06 -4.7039369e-18 0.30778472)
(3.1482051e-06 -2.3331077e-18 0.29117925)
(3.2445651e-06 -2.5111614e-18 0.27298893)
(3.176703e-06 -1.7224907e-18 0.25387269)
(2.9877196e-06 -1.4290269e-18 0.23434766)
(2.7185863e-06 -8.7176833e-19 0.21481501)
(2.4049476e-06 -7.5818837e-19 0.19558064)
(2.0750151e-06 -1.0506718e-18 0.17687246)
(1.7498089e-06 -6.3886909e-19 0.15885504)
(1.4438537e-06 -4.6044948e-19 0.14164203)
(1.1657021e-06 -3.4481696e-19 0.12530652)
(9.2025867e-07 -2.4148501e-19 0.10988973)
(7.0910755e-07 -3.1947874e-19 0.095408077)
(5.3164871e-07 -2.3672383e-19 0.081859061)
(3.8615815e-07 -1.660244e-19 0.069225937)
(2.6957424e-07 -1.6266231e-19 0.057481526)
(1.7877037e-07 -1.5176863e-19 0.046591243)
(1.1048531e-07 -1.3846602e-19 0.036515498)
(6.1475707e-08 -1.0457748e-19 0.027211574)
(2.854012e-08 -7.4385614e-20 0.018635097)
(9.1058484e-09 -4.2544247e-20 0.010741159)
(5.5764919e-10 -1.3637561e-20 0.0034851728)
(7.0393202e-07 -1.951352e-18 0.33825142)
(1.624355e-06 -1.8330482e-18 0.33273377)
(2.3462368e-06 -3.0148611e-18 0.32204626)
(2.8834625e-06 -4.959404e-18 0.3078535)
(3.180218e-06 -3.3772649e-18 0.29123871)
(3.2737437e-06 -2.5265911e-18 0.27303953)
(3.201604e-06 -1.983661e-18 0.25391527)
(3.0079548e-06 -1.8671935e-18 0.23438322)
(2.7344933e-06 -1.3458904e-18 0.21484454)
(2.4171262e-06 -1.4480895e-18 0.19560507)
(2.0839301e-06 -1.1549989e-18 0.17689261)
(1.7562196e-06 -7.7398544e-19 0.15887161)
(1.4481389e-06 -5.240207e-19 0.14165563)
(1.1686713e-06 -3.8678251e-19 0.12531764)
(9.2233409e-07 -3.1158035e-19 0.10989879)
(7.1038778e-07 -2.8151795e-19 0.095415416)
(5.3263911e-07 -2.4482896e-19 0.081864963)
(3.8703018e-07 -2.0955309e-19 0.069230635)
(2.7044743e-07 -1.7835664e-19 0.057485213)
(1.7967407e-07 -1.4730401e-19 0.04659408)
(1.1112261e-07 -1.1649642e-19 0.036517615)
(6.1740557e-08 -8.6680672e-20 0.027213081)
(2.8709762e-08 -5.8916741e-20 0.018636086)
(9.1906296e-09 -3.3573167e-20 0.010741706)
(5.7813649e-10 -1.0706656e-20 0.0034853423)
(7.1295613e-07 -2.8095397e-18 0.33834002)
(1.64547e-06 -6.8009171e-18 0.33281825)
(2.3745304e-06 -3.2608664e-18 0.32212328)
(2.9147586e-06 -2.1534113e-18 0.3079216)
(3.210655e-06 -3.0605625e-18 0.29129761)
(3.301172e-06 -2.5274321e-18 0.27308967)
(3.2246416e-06 -2.0579807e-18 0.25395749)
(3.0266194e-06 -1.6813108e-18 0.23441848)
(2.7492008e-06 -1.610944e-18 0.21487385)
(2.4280218e-06 -8.8630632e-19 0.19562933)
(2.0921027e-06 1.4253651e-20 0.17691262)
(1.7625412e-06 -4.5282573e-19 0.15888809)
(1.4528791e-06 -7.1135937e-19 0.14166915)
(1.1719737e-06 -5.5703648e-19 0.12532871)
(9.2462028e-07 -4.8917643e-19 0.1099078)
(7.1208353e-07 -3.0746222e-19 0.095422727)
(5.3373123e-07 -2.0692859e-19 0.081870847)
(3.8759626e-07 -1.3411023e-19 0.069235322)
(2.7065346e-07 -7.7182292e-20 0.057488895)
(1.7933844e-07 -3.5819456e-20 0.046596913)
(1.1064939e-07 -3.7633496e-21 0.036519731)
(6.1438153e-08 7.5365491e-22 0.027214588)
(2.8375052e-08 4.1849911e-21 0.018637075)
(8.9434467e-09 2.5058244e-21 0.010742254)
(5.0220433e-10 8.3510625e-22 0.0034855121)
(7.2176411e-07 -3.6298071e-18 0.33842767)
(1.6658617e-06 -7.6432253e-18 0.33290184)
(2.4013652e-06 -3.5088418e-18 0.32219952)
(2.9442788e-06 -1.8044346e-18 0.30798903)
(3.2392944e-06 -2.7697736e-18 0.29135595)
(3.3268407e-06 -2.4176502e-18 0.27313936)
(3.2470309e-06 -1.8206566e-18 0.25399934)
(3.0452944e-06 -1.0641583e-18 0.23445347)
(2.7643496e-06 -8.7008378e-19 0.21490293)
(2.4403962e-06 -1.105508e-19 0.19565341)
(2.1016608e-06 3.6159468e-20 0.17693251)
(1.7695564e-06 -2.6350939e-19 0.15890447)
(1.4582168e-06 -4.6965381e-19 0.1416826)
(1.1759027e-06 -4.7079687e-19 0.12533972)
(9.2734062e-07 -4.060609e-19 0.10991679)
(7.1414058e-07 -3.0867933e-19 0.095430011)
(5.3532632e-07 -2.2795332e-19 0.081876712)
(3.8874835e-07 -1.6538213e-19 0.069239997)
(2.7125575e-07 -1.1898444e-19 0.057492568)
(1.7990157e-07 -8.5796452e-20 0.046599741)
(1.1130685e-07 -6.162942e-20 0.036521844)
(6.1801749e-08 -4.3461993e-20 0.027216094)
(2.8596265e-08 -2.8766592e-20 0.018638065)
(9.1291438e-09 -1.6231288e-20 0.010742802)
(5.5367383e-10 -5.1651238e-21 0.003485682)
(7.2993848e-07 -3.6507446e-18 0.33851439)
(1.6848606e-06 -4.6675721e-18 0.33298455)
(2.4264704e-06 -3.6393051e-18 0.32227497)
(2.9720897e-06 -3.3527113e-18 0.30805578)
(3.2662956e-06 -2.5635576e-18 0.29141372)
(3.351354e-06 -2.249877e-18 0.27318859)
(3.267937e-06 -1.8092153e-18 0.25404083)
(3.0623073e-06 -1.7182895e-18 0.23448817)
(2.7774882e-06 -5.9106213e-19 0.21493179)
(2.4503212e-06 -6.0473908e-19 0.19567732)
(2.1090847e-06 -1.1228135e-18 0.17695226)
(1.7745112e-06 -5.3254147e-19 0.15892074)
(1.4613352e-06 -1.8323059e-19 0.14169598)
(1.1782115e-06 -2.3604178e-19 0.12535068)
(9.2910148e-07 -1.9506502e-19 0.10992573)
(7.1508693e-07 -2.7365696e-19 0.095437268)
(5.3565579e-07 -2.8385155e-19 0.081882557)
(3.8888355e-07 -2.8259803e-19 0.069244658)
(2.7128176e-07 -2.846304e-19 0.057496232)
(1.7960797e-07 -2.3674121e-19 0.046602563)
(1.1078809e-07 -1.9893038e-19 0.036523953)
(6.1551217e-08 -1.4623035e-19 0.027217599)
(2.8506586e-08 -1.011029e-19 0.018639053)
(9.0463021e-09 -5.7188044e-20 0.01074335)
(5.3194438e-10 -1.8187556e-20 0.003485852)
(7.3765362e-07 -3.6601485e-18 0.3386002)
(1.7026308e-06 -4.8208752e-18 0.3330664)
(2.4498324e-06 -3.8750289e-18 0.32234965)
(2.9977335e-06 -3.7415465e-18 0.30812187)
(3.2912225e-06 -2.256664e-18 0.29147096)
(3.3734352e-06 -2.0876414e-18 0.27323738)
(3.2863442e-06 -1.9558509e-18 0.25408197)
(3.0768173e-06 -2.0729479e-18 0.23452258)
(2.7889289e-06 -1.3405511e-18 0.21496043)
(2.4587505e-06 -1.4868818e-18 0.19570107)
(2.1148683e-06 -1.2432882e-18 0.17697189)
(1.7788344e-06 -7.8004929e-19 0.15893692)
(1.4643983e-06 -4.5832481e-19 0.14170928)
(1.1800854e-06 -3.3667643e-19 0.12536158)
(9.3012268e-07 -2.8534222e-19 0.10993463)
(7.155034e-07 -2.7567813e-19 0.095444495)
(5.3587194e-07 -2.6050089e-19 0.081888382)
(3.8872863e-07 -2.3761691e-19 0.069249305)
(2.7095764e-07 -2.0864857e-19 0.057499887)
(1.7954857e-07 -1.7386644e-19 0.046605381)
(1.1092642e-07 -1.3782201e-19 0.036526061)
(6.1499767e-08 -1.0264899e-19 0.027219102)
(2.8376124e-08 -6.9815512e-20 0.018640042)
(9.0317145e-09 -3.9808997e-20 0.010743898)
(5.3290488e-10 -1.2702251e-20 0.0034860221)
(7.4500401e-07 -2.9564521e-18 0.3386851)
(1.7197756e-06 -1.5668992e-19 0.3331474)
(2.4724042e-06 -3.545326e-18 0.32242357)
(3.0222252e-06 -2.3916026e-18 0.30818732)
(3.3148406e-06 -3.5337765e-18 0.29152764)
(3.3946562e-06 -2.2167982e-18 0.27328572)
(3.30411e-06 -1.7961782e-18 0.25412275)
(3.0911984e-06 -8.0600625e-19 0.23455672)
(2.7998734e-06 -1.2757521e-18 0.21498885)
(2.4667722e-06 -1.2169213e-18 0.19572464)
(2.1209314e-06 -6.1367998e-19 0.17699138)
(1.7832058e-06 -6.5351416e-19 0.158953)
(1.46775e-06 -5.4951193e-19 0.1417225)
(1.182443e-06 -4.7148325e-19 0.12537243)
(9.3167763e-07 -4.4477355e-19 0.10994349)
(7.1680573e-07 -2.7071133e-19 0.095451691)
(5.3685851e-07 -2.4838031e-19 0.081894185)
(3.8956854e-07 -2.2445402e-19 0.069253937)
(2.7169129e-07 -1.2874978e-19 0.057503531)
(1.8004915e-07 -9.5521165e-20 0.04660819)
(1.1110356e-07 -6.1705142e-20 0.036528163)
(6.161352e-08 -4.4711245e-20 0.027220602)
(2.8604306e-08 -2.5803911e-20 0.018641028)
(9.1346845e-09 -1.520957e-20 0.010744445)
(5.4965923e-10 -4.9163866e-21 0.003486192)
(7.516727e-07 -2.2160501e-18 0.3387691)
(1.7355995e-06 4.8978095e-19 0.33322755)
(2.4933131e-06 -2.9993638e-18 0.32249675)
(3.0449508e-06 -2.2035482e-18 0.30825212)
(3.3365799e-06 -3.7464584e-18 0.29158379)
(3.4136026e-06 -2.42189e-18 0.27333363)
(3.3199316e-06 -1.6341337e-18 0.25416318)
(3.103957e-06 -6.9860648e-19 0.23459058)
(2.8097827e-06 -9.0897593e-19 0.21501706)
(2.4742105e-06 -5.0787445e-19 0.19574804)
(2.126331e-06 -4.9712569e-19 0.17701074)
(1.7869659e-06 -5.2699468e-19 0.15896898)
(1.4699589e-06 -5.0203996e-19 0.14173565)
(1.1840039e-06 -4.5168834e-19 0.12538322)
(9.329226e-07 -3.9058961e-19 0.1099523)
(7.1776161e-07 -3.125364e-19 0.095458857)
(5.3764094e-07 -2.5363231e-19 0.081899966)
(3.9020078e-07 -2.0517137e-19 0.069258553)
(2.7232372e-07 -1.6107783e-19 0.057507165)
(1.8056526e-07 -1.2565332e-19 0.046610993)
(1.1160633e-07 -9.5925617e-20 0.036530261)
(6.1920901e-08 -7.0256727e-20 0.027222101)
(2.8565916e-08 -4.7502106e-20 0.018642014)
(9.1507889e-09 -2.708871e-20 0.010744992)
(6.0158355e-10 -8.6642233e-21 0.003486362)
(7.5823245e-07 -2.4391849e-18 0.33885223)
(1.7504955e-06 -4.6637036e-18 0.33330687)
(2.5130239e-06 -3.0706032e-18 0.32256917)
(3.0663937e-06 -3.7338383e-18 0.30831628)
(3.356735e-06 -2.4865348e-18 0.29163941)
(3.4313849e-06 -2.4221807e-18 0.2733811)
(3.3349488e-06 -1.8557801e-18 0.25420326)
(3.1157666e-06 -2.1025074e-18 0.23462416)
(2.8184088e-06 -1.1184023e-18 0.21504504)
(2.4807531e-06 -8.0024566e-19 0.19577128)
(2.1312066e-06 -1.1023782e-18 0.17702998)
(1.7903862e-06 -7.1037767e-19 0.15898486)
(1.4724285e-06 -5.357375e-19 0.14174873)
(1.1855012e-06 -4.1216731e-19 0.12539395)
(9.3377803e-07 -2.9230845e-19 0.10996108)
(7.1817598e-07 -3.5129705e-19 0.095465993)
(5.3746976e-07 -2.7695077e-19 0.081905726)
(3.8962719e-07 -2.1513655e-19 0.069263155)
(2.7155411e-07 -2.3378446e-19 0.057510789)
(1.7987344e-07 -1.9654926e-19 0.04661379)
(1.1100802e-07 -1.6575177e-19 0.036532355)
(6.1559705e-08 -1.2363213e-19 0.027223597)
(2.8523895e-08 -8.8580461e-20 0.018642999)
(9.1223744e-09 -5.0100896e-20 0.010745539)
(5.7354014e-10 -1.5966042e-20 0.0034865319)
(7.6416288e-07 -2.5470859e-18 0.33893448)
(1.7643578e-06 -4.0544227e-18 0.33338538)
(2.5312094e-06 -3.1781895e-18 0.32264087)
(3.0862006e-06 -4.052286e-18 0.30837981)
(3.375661e-06 -2.4119734e-18 0.29169451)
(3.4480341e-06 -2.3687752e-18 0.27342815)
(3.3484281e-06 -2.0975526e-18 0.25424299)
(3.1263665e-06 -2.2638276e-18 0.23465747)
(2.8267675e-06 -1.5323257e-18 0.21507281)
(2.4865899e-06 -1.3364411e-18 0.19579434)
(2.1353613e-06 -1.2076804e-18 0.17704908)
(1.7934297e-06 -8.7008415e-19 0.15900064)
(1.4742051e-06 -6.2966497e-19 0.14176173)
(1.1863452e-06 -4.8462871e-19 0.12540463)
(9.3409585e-07 -3.9447635e-19 0.10996981)
(7.1845039e-07 -3.4937731e-19 0.095473097)
(5.3786062e-07 -3.0213808e-19 0.081911462)
(3.8972771e-07 -2.5711537e-19 0.069267739)
(2.7153087e-07 -2.1695337e-19 0.057514402)
(1.798994e-07 -1.7642916e-19 0.046616579)
(1.1094492e-07 -1.3762901e-19 0.036534444)
(6.1468993e-08 -1.0148008e-19 0.027225089)
(2.8379887e-08 -6.8584763e-20 0.018643982)
(8.9633454e-09 -3.8949791e-20 0.010746085)
(4.9414723e-10 -1.2395253e-20 0.0034867017)
(7.6995458e-07 -3.1426142e-18 0.33901588)
(1.7775803e-06 -6.2416617e-18 0.33346307)
(2.5483266e-06 -3.3425082e-18 0.32271184)
(3.1045636e-06 -2.3301074e-18 0.30844272)
(3.3929714e-06 -1.9638078e-18 0.29174908)
(3.4627948e-06 -2.145832e-18 0.27347477)
(3.3602394e-06 -1.9400262e-18 0.25428239)
(3.1355399e-06 -1.090623e-18 0.2346905)
(2.8334922e-06 -1.4361024e-18 0.21510037)
(2.491477e-06 -1.1984306e-18 0.19581724)
(2.1385222e-06 -2.3725137e-19 0.17706805)
(1.795128e-06 -7.2971514e-19 0.15901631)
(1.4752982e-06 -9.3179487e-19 0.14177466)
(1.1870442e-06 -7.175325e-19 0.12541525)
(9.3433813e-07 -5.8684181e-19 0.1099785)
(7.1794506e-07 -3.2268561e-19 0.095480169)
(5.3709805e-07 -2.4173424e-19 0.081917176)
(3.8942748e-07 -1.6005192e-19 0.069272308)
(2.7137972e-07 -7.7301038e-20 0.057518003)
(1.7962187e-07 -5.146216e-20 0.04661936)
(1.1078214e-07 -2.2829346e-20 0.036536529)
(6.1426298e-08 -1.5641946e-20 0.027226579)
(2.8274375e-08 -7.236108e-21 0.018644963)
(8.8924314e-09 -4.2363988e-21 0.01074663)
(4.9746079e-10 -1.3810099e-21 0.0034868712)
(7.7519501e-07 -3.8772892e-18 0.33909643)
(1.7895255e-06 -7.4549942e-18 0.33353997)
(2.5639338e-06 -3.5579856e-18 0.3227821)
(3.1213876e-06 -1.5040289e-18 0.30850502)
(3.4089005e-06 -8.6141882e-19 0.29180314)
(3.4766198e-06 -1.8335526e-18 0.27352097)
(3.3711477e-06 -1.6761653e-18 0.25432144)
(3.1434802e-06 -1.0191616e-18 0.23472327)
(2.8389382e-06 -1.0683668e-18 0.21512771)
(2.4949601e-06 -7.1415236e-19 0.19583997)
(2.1405583e-06 -4.3395985e-19 0.17708689)
(1.7959054e-06 -6.372659e-19 0.1590319)
(1.4753186e-06 -7.492109e-19 0.1417875)
(1.1869029e-06 -6.7403831e-19 0.12542581)
(9.339907e-07 -5.5082413e-19 0.10998715)
(7.1766139e-07 -4.1293118e-19 0.095487208)
(5.3696524e-07 -3.0968471e-19 0.081922864)
(3.8932901e-07 -2.3055628e-19 0.069276859)
(2.7139739e-07 -1.7084991e-19 0.057521592)
(1.797342e-07 -1.2750712e-19 0.046622133)
(1.1105038e-07 -9.4294359e-20 0.036538607)
(6.179466e-08 -6.7763498e-20 0.027228066)
(2.8642871e-08 -4.5349718e-20 0.018645943)
(9.0713107e-09 -2.5738323e-20 0.010747174)
(5.4230612e-10 -8.2154801e-21 0.0034870407)
(7.8000185e-07 -3.409329e-18 0.33917615)
(1.8009285e-06 -2.121132e-18 0.33361607)
(2.57858e-06 -3.501704e-18 0.32285166)
(3.1369578e-06 -3.4431136e-18 0.30856671)
(3.4236169e-06 -1.8283933e-18 0.2918567)
(3.4891596e-06 -1.854179e-18 0.27356675)
(3.3808445e-06 -1.6627121e-18 0.25436016)
(3.1505045e-06 -1.9074292e-18 0.23475576)
(2.8438842e-06 -1.4219895e-18 0.21515484)
(2.498417e-06 -9.1737428e-19 0.19586254)
(2.1425248e-06 -1.4661933e-18 0.17710561)
(1.7970147e-06 -7.8149757e-19 0.15904737)
(1.4760271e-06 -4.0751952e-19 0.14180027)
(1.1871709e-06 -4.527198e-19 0.12543631)
(9.3418989e-07 -4.2140101e-19 0.10999575)
(7.1814256e-07 -5.0725146e-19 0.095494215)
(5.3728022e-07 -4.3130904e-19 0.081928529)
(3.8940137e-07 -3.8147168e-19 0.069281392)
(2.7151926e-07 -3.5365353e-19 0.057525167)
(1.7984197e-07 -2.8607322e-19 0.046624897)
(1.1103582e-07 -2.3465972e-19 0.03654068)
(6.1566188e-08 -1.7216581e-19 0.027229548)
(2.84067e-08 -1.1916012e-19 0.01864692)
(9.0649262e-09 -6.7520939e-20 0.010747717)
(5.6640967e-10 -2.1481606e-20 0.0034872098)
(7.8477423e-07 -3.1660842e-18 0.33925504)
(1.811695e-06 -2.2466208e-18 0.3336914)
(2.5925373e-06 -3.702308e-18 0.32292052)
(3.1519518e-06 -4.5008608e-18 0.30862781)
(3.4375768e-06 -3.1106068e-18 0.29190975)
(3.500915e-06 -2.0421851e-18 0.27361212)
(3.3901583e-06 -1.7828198e-18 0.25439855)
(3.1576092e-06 -1.853343e-18 0.23478799)
(2.8487978e-06 -1.5050783e-18 0.21518177)
(2.5015351e-06 -1.4070656e-18 0.19588494)
(2.1446175e-06 -1.3292944e-18 0.17712419)
(1.7982607e-06 -9.0851345e-19 0.15906276)
(1.4764683e-06 -6.0785556e-19 0.14181297)
(1.1870741e-06 -4.9398716e-19 0.12544675)
(9.3374215e-07 -4.3931193e-19 0.1100043)
(7.1740106e-07 -4.0939886e-19 0.095501187)
(5.3659424e-07 -3.6491805e-19 0.081934167)
(3.887874e-07 -3.175865e-19 0.069285906)
(2.7085743e-07 -2.7002031e-19 0.05752873)
(1.7922882e-07 -2.2083696e-19 0.046627652)
(1.105344e-07 -1.7314908e-19 0.036542747)
(6.1322049e-08 -1.2816424e-19 0.027231027)
(2.834387e-08 -8.6869599e-20 0.018647895)
(9.0478224e-09 -4.9440103e-20 0.010748259)
(5.5153472e-10 -1.5757728e-20 0.0034873787)
(7.8900041e-07 -3.1848302e-18 0.33933312)
(1.8215386e-06 -3.376895e-18 0.33376596)
(2.6052925e-06 -3.8136478e-18 0.32298869)
(3.165456e-06 -2.8739124e-18 0.3086883)
(3.4497227e-06 -4.524945e-18 0.2919623)
(3.5110114e-06 -2.4003767e-18 0.27365708)
(3.3981536e-06 -1.804452e-18 0.2544366)
(3.1630875e-06 -9.5712731e-19 0.23481996)
(2.8521379e-06 -1.4800326e-18 0.21520848)
(2.5033318e-06 -1.4333222e-18 0.19590718)
(2.1451525e-06 -8.1799211e-19 0.17714265)
(1.7985564e-06 -8.1735568e-19 0.15907803)
(1.476914e-06 -6.7986449e-19 0.14182558)
(1.187732e-06 -5.6448867e-19 0.12545714)
(9.3448029e-07 -4.9534657e-19 0.11001281)
(7.1792586e-07 -3.1217123e-19 0.095508124)
(5.3711085e-07 -3.0498985e-19 0.081939782)
(3.8919272e-07 -2.8623126e-19 0.069290402)
(2.7122578e-07 -1.8309457e-19 0.05753228)
(1.7958646e-07 -1.3817688e-19 0.046630397)
(1.1072585e-07 -9.669535e-20 0.036544807)
(6.144115e-08 -6.5720126e-20 0.027232502)
(2.8335328e-08 -3.9998512e-20 0.018648868)
(8.9849882e-09 -2.2366529e-20 0.010748801)
(5.5751541e-10 -7.0418055e-21 0.0034875473)
(7.9273346e-07 -2.7516752e-18 0.3394104)
(1.830479e-06 -2.823212e-18 0.33383976)
(2.6168022e-06 -3.4862406e-18 0.32305618)
(3.1774767e-06 -2.2286081e-18 0.30874822)
(3.4606477e-06 -3.3741223e-18 0.29201436)
(3.5200505e-06 -2.5217898e-18 0.27370164)
(3.4051142e-06 -1.7635748e-18 0.25447433)
(3.1680806e-06 -1.006919e-18 0.23485166)
(2.8555347e-06 -1.186118e-18 0.21523498)
(2.5053153e-06 -9.852628e-19 0.19592925)
(2.146248e-06 -7.6264935e-19 0.17716097)
(1.7991155e-06 -7.0863561e-19 0.15909321)
(1.4767842e-06 -6.3197033e-19 0.14183812)
(1.1869674e-06 -5.4356528e-19 0.12546746)
(9.3327248e-07 -4.5551378e-19 0.11002128)
(7.1649217e-07 -3.6618791e-19 0.095515029)
(5.3590606e-07 -3.034294e-19 0.081945369)
(3.8854904e-07 -2.4881966e-19 0.069294879)
(2.7085405e-07 -1.9603268e-19 0.057535815)
(1.7950891e-07 -1.5177043e-19 0.046633133)
(1.1082521e-07 -1.145374e-19 0.036546861)
(6.1384391e-08 -8.2990312e-20 0.027233973)
(2.8327092e-08 -5.5654334e-20 0.018649839)
(9.0616893e-09 -3.1558927e-20 0.01074934)
(5.8005423e-10 -1.0054477e-20 0.0034877155)
(7.9646137e-07 -2.5235201e-18 0.33948688)
(1.8390614e-06 -5.2163303e-18 0.33391281)
(2.6277909e-06 -3.2738292e-18 0.323123)
(3.1885924e-06 -3.451086e-18 0.30880755)
(3.4703577e-06 -1.4015433e-18 0.29206594)
(3.5277668e-06 -2.2776084e-18 0.2737458)
(3.410781e-06 -1.9520535e-18 0.25451173)
(3.1718384e-06 -2.2653607e-18 0.23488311)
(2.857695e-06 -9.6735459e-19 0.21526128)
(2.5066516e-06 -9.2191559e-19 0.19595115)
(2.1470687e-06 -1.0212111e-18 0.17717917)
(1.7990029e-06 -7.6236304e-19 0.15910829)
(1.4759809e-06 -6.1575028e-19 0.14185058)
(1.1859751e-06 -4.9674487e-19 0.12547772)
(9.325392e-07 -3.781162e-19 0.1100297)
(7.1603606e-07 -4.3217985e-19 0.095521897)
(5.3529799e-07 -3.2458423e-19 0.081950932)
(3.8795111e-07 -2.3663899e-19 0.069299336)
(2.7034256e-07 -2.4316555e-19 0.057539336)
(1.7906996e-07 -2.0324718e-19 0.046635858)
(1.1061273e-07 -1.6852835e-19 0.036548908)
(6.1479611e-08 -1.3024449e-19 0.027235439)
(2.8571037e-08 -9.296211e-20 0.018650806)
(9.1405423e-09 -5.3462668e-20 0.010749879)
(5.9598626e-10 -1.718014e-20 0.0034878835)
(7.9983614e-07 -2.1788296e-18 0.33956258)
(1.8467746e-06 -2.7173624e-18 0.33398512)
(2.6373573e-06 -3.0123291e-18 0.32318916)
(3.19848e-06 -3.8861805e-18 0.30886631)
(3.4790671e-06 -3.036342e-18 0.29211703)
(3.5347489e-06 -2.4036849e-18 0.27378955)
(3.4160605e-06 -2.1497705e-18 0.25454881)
(3.1752877e-06 -2.2590877e-18 0.23491429)
(2.8592536e-06 -1.4130991e-18 0.21528737)
(2.5068079e-06 -1.47009e-18 0.1959729)
(2.146327e-06 -1.1034846e-18 0.17719724)
(1.7978318e-06 -8.4501278e-19 0.15912327)
(1.4747299e-06 -6.7035176e-19 0.14186296)
(1.1844239e-06 -5.4360291e-19 0.12548793)
(9.310533e-07 -4.5162748e-19 0.11003807)
(7.1491301e-07 -3.9522341e-19 0.095528731)
(5.344613e-07 -3.348342e-19 0.081956468)
(3.8713946e-07 -2.8076424e-19 0.069303775)
(2.6951467e-07 -2.3597552e-19 0.057542845)
(1.7834641e-07 -1.9314136e-19 0.046638575)
(1.1011039e-07 -1.5227449e-19 0.036550948)
(6.0976018e-08 -1.1353707e-19 0.027236901)
(2.8110111e-08 -7.7456238e-20 0.018651772)
(8.9632071e-09 -4.4300163e-20 0.010750416)
(5.6431521e-10 -1.41721e-20 0.0034880511)
(8.0283262e-07 -2.6724462e-18 0.33963751)
(1.8536117e-06 -3.9725486e-18 0.33405671)
(2.6458805e-06 -2.9743039e-18 0.32325466)
(3.2072456e-06 -2.0400171e-18 0.30892451)
(3.4867765e-06 -5.2779248e-19 0.29216765)
(3.540603e-06 -2.0834561e-18 0.27383292)
(3.4198363e-06 -2.0906433e-18 0.25458557)
(3.1777207e-06 -1.6820432e-18 0.23494522)
(2.8606444e-06 -1.886087e-18 0.21531325)
(2.5070201e-06 -7.2883031e-19 0.19599448)
(2.1455281e-06 -6.0161141e-19 0.17721519)
(1.7964992e-06 -6.8792651e-19 0.15913815)
(1.4731656e-06 -6.4466138e-19 0.14187526)
(1.1830997e-06 -6.1235062e-19 0.12549807)
(9.297175e-07 -6.1341333e-19 0.1100464)
(7.1364494e-07 -4.7308471e-19 0.095535531)
(5.3338701e-07 -3.6467098e-19 0.081961978)
(3.8637804e-07 -2.7127386e-19 0.069308194)
(2.6917063e-07 -1.8310822e-19 0.057546338)
(1.7833729e-07 -1.518727e-19 0.04664128)
(1.1008786e-07 -1.1942652e-19 0.036552982)
(6.0901992e-08 -8.8469962e-20 0.027238358)
(2.8198177e-08 -5.9986173e-20 0.018652734)
(9.1069734e-09 -3.4166391e-20 0.010750952)
(5.9265552e-10 -1.0900538e-20 0.0034882183)
(8.0540375e-07 -3.340186e-18 0.33971168)
(1.8597952e-06 -5.6262126e-18 0.33412757)
(2.6536299e-06 -3.207964e-18 0.32331952)
(3.2147523e-06 -1.9200686e-18 0.30898214)
(3.4929395e-06 -1.965956e-18 0.2922178)
(3.5449032e-06 -1.9818986e-18 0.2738759)
(3.4220929e-06 -1.8443065e-18 0.25462201)
(3.1783347e-06 -9.649625e-19 0.2349759)
(2.8602843e-06 -9.6622672e-19 0.21533893)
(2.5060206e-06 -8.3643741e-19 0.19601591)
(2.1439048e-06 -3.2875572e-19 0.177233)
(1.7944033e-06 -6.92959e-19 0.15915292)
(1.4710339e-06 -9.2382375e-19 0.14188749)
(1.1811831e-06 -7.1801174e-19 0.12550815)
(9.2808052e-07 -5.3999652e-19 0.11005468)
(7.1232793e-07 -3.4449475e-19 0.095542295)
(5.3248892e-07 -3.0057912e-19 0.081967461)
(3.8573815e-07 -2.4718429e-19 0.069312593)
(2.6864027e-07 -1.9364469e-19 0.057549817)
(1.7785656e-07 -1.4521076e-19 0.046643976)
(1.0970746e-07 -1.0292606e-19 0.036555008)
(6.0861264e-08 -7.0939408e-20 0.027239811)
(2.8213324e-08 -4.399823e-20 0.018653694)
(9.0680965e-09 -2.4877678e-20 0.010751487)
(6.248315e-10 -7.9060181e-21 0.0034883851)
(8.0784301e-07 -3.9433377e-18 0.3397851)
(1.8654591e-06 -6.4156519e-18 0.33419772)
(2.6602477e-06 -3.4989102e-18 0.32338374)
(3.2211207e-06 -1.8339027e-18 0.30903923)
(3.4981995e-06 -2.2075973e-18 0.29226748)
(3.5485745e-06 -1.9441643e-18 0.2739185)
(3.4238985e-06 -1.5921954e-18 0.25465814)
(3.1781515e-06 -8.3623664e-19 0.23500632)
(2.8585457e-06 -8.2317287e-19 0.21536442)
(2.503197e-06 -9.2417408e-19 0.19603717)
(2.1406396e-06 -6.6686355e-19 0.17725069)
(1.7913252e-06 -7.5199482e-19 0.15916761)
(1.4683827e-06 -8.1491348e-19 0.14189964)
(1.1787459e-06 -7.1318639e-19 0.12551818)
(9.2593581e-07 -5.7629567e-19 0.11006291)
(7.1072283e-07 -4.496349e-19 0.095549021)
(5.312271e-07 -3.5817175e-19 0.081972915)
(3.846743e-07 -2.8515207e-19 0.06931697)
(2.6779092e-07 -2.246936e-19 0.057553279)
(1.7722239e-07 -1.740529e-19 0.046646659)
(1.0938223e-07 -1.3131512e-19 0.036557025)
(6.0642006e-08 -9.4980509e-20 0.027241257)
(2.8050453e-08 -6.3545267e-20 0.018654649)
(8.9018909e-09 -3.5952411e-20 0.010752019)
(5.1562082e-10 -1.1431261e-20 0.0034885514)
(8.099225e-07 -4.0174853e-18 0.33985777)
(1.8704245e-06 -6.2043241e-18 0.33426716)
(2.6663149e-06 -3.8064468e-18 0.32344732)
(3.2267798e-06 -3.4337645e-18 0.30909576)
(3.5023952e-06 -2.4419295e-18 0.2923167)
(3.5510716e-06 -2.0059979e-18 0.27396071)
(3.4246278e-06 -1.766374e-18 0.25469396)
(3.1774545e-06 -2.24312e-18 0.23503649)
(2.8567925e-06 -1.4158248e-18 0.21538969)
(2.5008377e-06 -1.3029325e-18 0.19605827)
(2.1380297e-06 -1.6095219e-18 0.17726826)
(1.7884496e-06 -9.0388368e-19 0.15918219)
(1.4655296e-06 -4.6033048e-19 0.14191171)
(1.1764467e-06 -4.5645971e-19 0.12552814)
(9.2422776e-07 -3.9618895e-19 0.1100711)
(7.093172e-07 -4.9479071e-19 0.095555711)
(5.2985816e-07 -4.3182205e-19 0.081978341)
(3.8335865e-07 -3.8855764e-19 0.069321326)
(2.6687325e-07 -3.6158594e-19 0.057556726)
(1.7667351e-07 -2.9029299e-19 0.046649331)
(1.0891757e-07 -2.2990975e-19 0.036559035)
(6.0420301e-08 -1.7220626e-19 0.027242699)
(2.7925037e-08 -1.1982754e-19 0.018655602)
(8.8842068e-09 -6.820252e-20 0.01075255)
(5.6976263e-10 -2.176755e-20 0.0034887173)
(8.1177185e-07 -3.6618301e-18 0.33992971)
(1.8745709e-06 -5.5754806e-18 0.33433592)
(2.6715731e-06 -3.9869726e-18 0.32351029)
(3.2320505e-06 -4.0995317e-18 0.30915176)
(3.5063717e-06 -3.3545185e-18 0.29236547)
(3.5533492e-06 -2.1750242e-18 0.27400254)
(3.4253447e-06 -2.0296586e-18 0.25472948)
(3.1769066e-06 -2.4196768e-18 0.23506641)
(2.8555198e-06 -1.8412748e-18 0.21541477)
(2.4990953e-06 -1.7721175e-18 0.19607921)
(2.1362117e-06 -1.4179676e-18 0.17728569)
(1.7870055e-06 -9.3892723e-19 0.15919666)
(1.4643239e-06 -6.0344196e-19 0.1419237)
(1.175224e-06 -4.7342512e-19 0.12553804)
(9.229318e-07 -4.1645012e-19 0.11007924)
(7.0791456e-07 -3.9834744e-19 0.095562366)
(5.2863264e-07 -3.6482897e-19 0.081983741)
(3.8241484e-07 -3.2453215e-19 0.069325663)
(2.6623253e-07 -2.802224e-19 0.057560159)
(1.7609457e-07 -2.3193241e-19 0.046651993)
(1.0843081e-07 -1.836077e-19 0.036561038)
(6.0043319e-08 -1.3710284e-19 0.027244136)
(2.7711453e-08 -9.3573744e-20 0.018656553)
(8.8336869e-09 -5.3522293e-20 0.01075308)
(5.4179116e-10 -1.7121472e-20 0.0034888829)
(8.1352061e-07 -2.1570303e-18 0.34000092)
(1.8784616e-06 4.7691804e-18 0.33440399)
(2.6761165e-06 -3.2142809e-18 0.32357264)
(3.2358447e-06 -2.8801619e-18 0.30920722)
(3.5086722e-06 -4.341146e-18 0.29241378)
(3.5539972e-06 -2.427237e-18 0.27404401)
(3.4246363e-06 -1.9092229e-18 0.25476468)
(3.1753444e-06 -1.0050592e-18 0.23509608)
(2.8533946e-06 -1.6547109e-18 0.21543966)
(2.4967646e-06 -1.2802602e-18 0.1961)
(2.133729e-06 -8.5186255e-19 0.17730301)
(1.7843557e-06 -8.0007747e-19 0.15921105)
(1.461939e-06 -6.82257e-19 0.14193562)
(1.1730641e-06 -5.9618985e-19 0.12554788)
(9.2097688e-07 -5.5272176e-19 0.11008733)
(7.0645323e-07 -3.5474596e-19 0.095568984)
(5.2759126e-07 -3.3025976e-19 0.081989113)
(3.8187163e-07 -2.9922548e-19 0.069329978)
(2.6580189e-07 -2.0150042e-19 0.057563575)
(1.7574681e-07 -1.6318924e-19 0.046654643)
(1.0836735e-07 -1.2471979e-19 0.036563032)
(6.0188726e-08 -8.8485361e-20 0.027245568)
(2.7847743e-08 -5.5598508e-20 0.018657499)
(8.7622974e-09 -3.1463954e-20 0.010753608)
(5.0091621e-10 -1.000834e-20 0.0034890478)
(8.1489842e-07 -1.5350114e-18 0.34007142)
(1.8818002e-06 4.1617809e-18 0.33447138)
(2.6798288e-06 -2.5935928e-18 0.32363437)
(3.239024e-06 -2.334741e-18 0.30926216)
(3.5103486e-06 -3.8650471e-18 0.29246165)
(3.5539796e-06 -2.5384933e-18 0.2740851)
(3.4232831e-06 -1.7147538e-18 0.25479959)
(3.172707e-06 -7.8305939e-19 0.23512552)
(2.8499544e-06 -1.0620915e-18 0.21546434)
(2.4929392e-06 -1.0244262e-18 0.19612062)
(2.130086e-06 -7.9732818e-19 0.17732019)
(1.7811627e-06 -7.4390134e-19 0.15922533)
(1.4590509e-06 -6.8873003e-19 0.14194746)
(1.1707671e-06 -6.1972958e-19 0.12555765)
(9.1916893e-07 -5.3985145e-19 0.11009538)
(7.0482696e-07 -4.4233561e-19 0.095575566)
(5.2654284e-07 -3.6806184e-19 0.081994457)
(3.812533e-07 -3.0306669e-19 0.069334272)
(2.6552841e-07 -2.4244789e-19 0.057566976)
(1.7562345e-07 -1.9061566e-19 0.046657282)
(1.0821732e-07 -1.4548519e-19 0.036565018)
(6.0000192e-08 -1.0593808e-19 0.027246994)
(2.7666971e-08 -7.1121247e-20 0.018658442)
(8.8443263e-09 -4.0303294e-20 0.010754134)
(5.6021478e-10 -1.2823782e-20 0.0034892122)
(8.16171e-07 -2.4845883e-18 0.34014121)
(1.8844676e-06 -4.5098504e-18 0.3345381)
(2.6823527e-06 -3.1345747e-18 0.32369551)
(3.2409421e-06 -4.9010585e-18 0.30931657)
(3.511244e-06 -2.0735956e-18 0.29250908)
(3.5534864e-06 -2.3239777e-18 0.27412582)
(3.4214157e-06 -1.8605157e-18 0.25483419)
(3.1700702e-06 -2.1186885e-18 0.2351547)
(2.8468262e-06 -9.8729937e-19 0.21548883)
(2.4896571e-06 -1.1952955e-18 0.19614109)
(2.1268705e-06 -1.4234961e-18 0.17733725)
(1.7779596e-06 -9.8590253e-19 0.15923951)
(1.4557329e-06 -7.7386082e-19 0.14195922)
(1.16765e-06 -6.221818e-19 0.12556737)
(9.1674739e-07 -4.8395537e-19 0.11010337)
(7.0275096e-07 -5.2981961e-19 0.09558211)
(5.2468719e-07 -4.1757352e-19 0.081999771)
(3.7977563e-07 -3.1960288e-19 0.069338543)
(2.6442662e-07 -2.8897941e-19 0.05757036)
(1.7520275e-07 -2.4158253e-19 0.046659908)
(1.0819618e-07 -1.9258418e-19 0.036566995)
(6.0057665e-08 -1.46233e-19 0.027248414)
(2.7900779e-08 -1.0343625e-19 0.018659382)
(8.9352845e-09 -5.9079405e-20 0.010754658)
(5.6654577e-10 -1.8870097e-20 0.0034893761)
(8.1690299e-07 -2.9308577e-18 0.34021031)
(1.8866441e-06 -5.4165943e-18 0.33460416)
(2.6848274e-06 -3.5877471e-18 0.32375605)
(3.2424577e-06 -5.0039258e-18 0.30937046)
(3.5111301e-06 -2.4002608e-18 0.29255606)
(3.5519622e-06 -2.2246045e-18 0.27416618)
(3.4191744e-06 -2.0680208e-18 0.25486849)
(3.1669591e-06 -2.329289e-18 0.23518365)
(2.8426313e-06 -1.5354793e-18 0.21551312)
(2.4850172e-06 -1.072592e-18 0.19616141)
(2.1221539e-06 -1.3305365e-18 0.17735419)
(1.7732813e-06 -1.0786164e-18 0.1592536)
(1.4514944e-06 -8.2933311e-19 0.1419709)
(1.1640931e-06 -6.6035359e-19 0.12557703)
(9.1363456e-07 -5.4564927e-19 0.11011132)
(7.0039487e-07 -4.7671579e-19 0.095588615)
(5.2300495e-07 -4.0376924e-19 0.082005057)
(3.7837205e-07 -3.3649779e-19 0.069342793)
(2.6343629e-07 -2.7772156e-19 0.057573728)
(1.7428924e-07 -2.2295878e-19 0.046662522)
(1.0735125e-07 -1.7265318e-19 0.036568964)
(5.9519552e-08 -1.2695576e-19 0.027249827)
(2.7502938e-08 -8.5746492e-20 0.018660317)
(8.7682764e-09 -4.8714577e-20 0.01075518)
(5.4718813e-10 -1.5513233e-20 0.0034895394)
(8.1753784e-07 -3.5315418e-18 0.34027871)
(1.8884821e-06 -8.2682218e-18 0.33466956)
(2.6863931e-06 -3.7717869e-18 0.32381601)
(3.2428726e-06 -1.8104239e-18 0.30942385)
(3.5104826e-06 -2.5391519e-18 0.29260262)
(3.5497384e-06 -2.1937857e-18 0.27420619)
(3.4150714e-06 -1.9066127e-18 0.2549025)
(3.1618526e-06 -1.0124427e-18 0.23521235)
(2.8373552e-06 -1.4289957e-18 0.21553723)
(2.4796214e-06 -1.1146689e-18 0.19618157)
(2.1168827e-06 -5.2314475e-19 0.177371)
(1.7686733e-06 -9.5095837e-19 0.15926758)
(1.4477662e-06 -1.1368824e-18 0.1419825)
(1.1611692e-06 -8.9366112e-19 0.12558662)
(9.1149429e-07 -7.4461915e-19 0.11011922)
(6.9907312e-07 -4.9784841e-19 0.095595084)
(5.2212485e-07 -3.5488114e-19 0.082010314)
(3.7796671e-07 -2.5134891e-19 0.069347021)
(2.6305566e-07 -1.7123343e-19 0.057577079)
(1.7390086e-07 -1.2179154e-19 0.046665125)
(1.0724362e-07 -8.5495851e-20 0.036570925)
(5.9503946e-08 -5.7280078e-20 0.027251236)
(2.7538351e-08 -3.4017331e-20 0.01866125)
(8.7464721e-09 -1.8910024e-20 0.0107557)
(5.4166019e-10 -5.9423878e-21 0.0034897022)
(8.1829405e-07 -4.1520966e-18 0.34034644)
(1.889627e-06 -8.3961642e-18 0.33473433)
(2.6871652e-06 -3.9848034e-18 0.32387538)
(3.2430189e-06 -1.4980272e-18 0.30947673)
(3.5093839e-06 -2.2792367e-18 0.29264875)
(3.5471552e-06 -2.1012214e-18 0.27424583)
(3.4113516e-06 -1.6756271e-18 0.25493622)
(3.1573249e-06 -8.7936854e-19 0.23524082)
(2.8326908e-06 -1.1282755e-18 0.21556113)
(2.4748993e-06 -9.4450025e-19 0.19620157)
(2.1124399e-06 -6.6162621e-19 0.17738769)
(1.7648519e-06 -8.3264074e-19 0.15928147)
(1.4442977e-06 -9.3379115e-19 0.14199402)
(1.157912e-06 -8.3237525e-19 0.12559616)
(9.0855419e-07 -6.8279685e-19 0.11012707)
(6.9633806e-07 -5.2217864e-19 0.095601515)
(5.1963717e-07 -3.9816576e-19 0.082015542)
(3.7592201e-07 -3.0379565e-19 0.069351226)
(2.6175744e-07 -2.3188584e-19 0.057580413)
(1.7328625e-07 -1.7708647e-19 0.046667714)
(1.0686306e-07 -1.3320005e-19 0.036572876)
(5.9128181e-08 -9.6517149e-20 0.027252638)
(2.723109e-08 -6.4808487e-20 0.018662178)
(8.6583018e-09 -3.6801857e-20 0.010756218)
(5.3327473e-10 -1.1739536e-20 0.0034898643)
(8.186997e-07 -3.6057591e-18 0.34041349)
(1.8905497e-06 -2.7914687e-18 0.33479845)
(2.6877507e-06 -3.7943963e-18 0.32393418)
(3.242373e-06 -3.1111452e-18 0.30952911)
(3.5072256e-06 -2.2048697e-18 0.29269445)
(3.5439359e-06 -2.0274912e-18 0.27428512)
(3.4071792e-06 -1.8027298e-18 0.25496965)
(3.1524282e-06 -2.194753e-18 0.23526905)
(2.8274074e-06 -1.2446977e-18 0.21558485)
(2.4694662e-06 -1.0155765e-18 0.19622143)
(2.1070348e-06 -1.2444586e-18 0.17740426)
(1.7601144e-06 -7.7395412e-19 0.15929526)
(1.440225e-06 -4.2756506e-19 0.14200547)
(1.1544488e-06 -4.7176346e-19 0.12560563)
(9.0575554e-07 -4.1745461e-19 0.11013488)
(6.9418887e-07 -4.7629772e-19 0.095607909)
(5.1821269e-07 -4.5260551e-19 0.08202074)
(3.7496053e-07 -4.1058484e-19 0.069355408)
(2.6088786e-07 -3.6339805e-19 0.05758373)
(1.7256143e-07 -3.0129532e-19 0.046670291)
(1.0647067e-07 -2.3932851e-19 0.036574817)
(5.8955686e-08 -1.8048737e-19 0.027254033)
(2.7220597e-08 -1.2626619e-19 0.018663102)
(8.7059355e-09 -7.2141167e-20 0.010756734)
(5.6547625e-10 -2.30707e-20 0.0034900257)
(8.1880186e-07 -3.1481449e-18 0.34047988)
(1.8908343e-06 -2.2140324e-18 0.33486194)
(2.6873021e-06 -3.6732739e-18 0.32399241)
(3.2408765e-06 -3.5035165e-18 0.30958099)
(3.5045316e-06 -9.5376182e-19 0.29273974)
(3.5400353e-06 -1.8496146e-18 0.27432407)
(3.402117e-06 -1.965963e-18 0.25500279)
(3.146915e-06 -2.272309e-18 0.23529705)
(2.8215646e-06 -1.4726311e-18 0.21560838)
(2.4641114e-06 -1.2435171e-18 0.19624113)
(2.1025478e-06 -1.1968747e-18 0.17742071)
(1.7558007e-06 -8.5569569e-19 0.15930895)
(1.4365567e-06 -5.8659816e-19 0.14201684)
(1.1512561e-06 -4.9606679e-19 0.12561503)
(9.030477e-07 -4.5645646e-19 0.11014263)
(6.9208741e-07 -4.4156988e-19 0.095614263)
(5.1649214e-07 -4.0772537e-19 0.082025907)
(3.7366038e-07 -3.614145e-19 0.069359568)
(2.5997786e-07 -3.0878837e-19 0.057587029)
(1.7186044e-07 -2.5288113e-19 0.046672854)
(1.0595678e-07 -1.9808885e-19 0.03657675)
(5.8745357e-08 -1.4660359e-19 0.027255422)
(2.7078456e-08 -9.9367809e-20 0.018664022)
(8.6114568e-09 -5.6562393e-20 0.010757248)
(5.4674499e-10 -1.8031604e-20 0.0034901865)
(8.1859535e-07 -2.9499404e-18 0.34054561)
(1.8905734e-06 -2.820477e-18 0.33492481)
(2.685941e-06 -3.5685372e-18 0.32405008)
(3.2380876e-06 -2.3468492e-18 0.30963239)
(3.5000322e-06 -2.7095649e-18 0.2927846)
(3.5340306e-06 -2.0425019e-18 0.27436266)
(3.3956283e-06 -1.8514341e-18 0.25503565)
(3.1400772e-06 -1.0335302e-18 0.23532481)
(2.814834e-06 -1.6378827e-18 0.21563172)
(2.4574509e-06 -1.4377344e-18 0.19626068)
(2.0960962e-06 -9.9038994e-19 0.17743703)
(1.7500713e-06 -9.0724886e-19 0.15932255)
(1.4312759e-06 -7.7325455e-19 0.14202813)
(1.1468081e-06 -6.7864302e-19 0.12562438)
(8.9967435e-07 -6.2947464e-19 0.11015034)
(6.8961107e-07 -4.2386424e-19 0.095620579)
(5.146667e-07 -3.8422605e-19 0.082031046)
(3.722306e-07 -3.4136211e-19 0.069363704)
(2.5901606e-07 -2.4425247e-19 0.057590311)
(1.7135373e-07 -1.7591928e-19 0.046675405)
(1.0568292e-07 -1.1862529e-19 0.036578673)
(5.8529934e-08 -8.5113894e-20 0.027256805)
(2.7030041e-08 -5.4003916e-20 0.018664938)
(8.6095069e-09 -3.0558006e-20 0.010757759)
(5.1414553e-10 -9.690475e-21 0.0034903468)
(8.1819867e-07 -2.5868141e-18 0.34061069)
(1.8899066e-06 -2.3834463e-18 0.33498707)
(2.6844745e-06 -3.2576447e-18 0.32410719)
(3.2352811e-06 -2.3512307e-18 0.3096833)
(3.4955841e-06 -4.5785763e-18 0.29282906)
(3.5285028e-06 -2.4949532e-18 0.27440092)
(3.3890554e-06 -1.7738539e-18 0.25506823)
(3.1328433e-06 -1.0398924e-18 0.23535234)
(2.8078955e-06 -1.5326581e-18 0.21565488)
(2.4511116e-06 -1.344923e-18 0.19628008)
(2.090446e-06 -1.0407567e-18 0.17745324)
(1.7453276e-06 -9.2280611e-19 0.15933605)
(1.4277176e-06 -8.1738799e-19 0.14203935)
(1.1439923e-06 -7.0948057e-19 0.12563367)
(8.9716078e-07 -6.0006603e-19 0.110158)
(6.874384e-07 -4.8089257e-19 0.095626859)
(5.1311385e-07 -3.8807402e-19 0.082036156)
(3.710893e-07 -3.1009592e-19 0.069367819)
(2.5807016e-07 -2.4193967e-19 0.057593577)
(1.7066545e-07 -1.8615731e-19 0.046677944)
(1.0518131e-07 -1.4001787e-19 0.036580588)
(5.8259082e-08 -1.0120917e-19 0.027258182)
(2.6907836e-08 -6.7737376e-20 0.01866585)
(8.557289e-09 -3.834884e-20 0.010758269)
(5.1370951e-10 -1.220156e-20 0.0034905065)
(8.1774651e-07 -2.5358519e-18 0.34067513)
(1.8888951e-06 -2.5068236e-18 0.33504872)
(2.6825993e-06 -3.2589367e-18 0.32416376)
(3.2321038e-06 -4.8124436e-18 0.30973374)
(3.4910934e-06 -3.1037632e-18 0.29287312)
(3.5227008e-06 -2.5559171e-18 0.27443883)
(3.3825268e-06 -2.0036736e-18 0.25510052)
(3.125824e-06 -2.3380849e-18 0.23537965)
(2.8002733e-06 -1.3690912e-18 0.21567785)
(2.4436818e-06 -1.2147876e-18 0.19629932)
(2.0836598e-06 -1.2820069e-18 0.17746932)
(1.7393811e-06 -9.8843991e-19 0.15934945)
(1.4226794e-06 -8.0461617e-19 0.14205049)
(1.1401521e-06 -6.5101928e-19 0.1256429)
(8.9444259e-07 -5.0561166e-19 0.11016561)
(6.8527898e-07 -5.2087186e-19 0.0956331)
(5.1158197e-07 -3.9887217e-19 0.082041235)
(3.7018341e-07 -3.0774092e-19 0.06937191)
(2.5766883e-07 -2.9968368e-19 0.057596825)
(1.7068387e-07 -2.4444565e-19 0.04668047)
(1.0543645e-07 -2.0116063e-19 0.036582493)
(5.843474e-08 -1.4827424e-19 0.027259552)
(2.6848093e-08 -1.0323895e-19 0.018666758)
(8.5080112e-09 -5.8781756e-20 0.010758776)
(5.4217227e-10 -1.8786213e-20 0.0034906654)
(8.1715429e-07 -2.6297271e-18 0.34073894)
(1.8873484e-06 -2.7923639e-18 0.33510977)
(2.6796305e-06 -3.3671946e-18 0.32421978)
(3.2275473e-06 -4.6307929e-18 0.3097837)
(3.4850083e-06 -2.818926e-18 0.29291677)
(3.5155906e-06 -2.5280592e-18 0.27447641)
(3.3745673e-06 -2.250169e-18 0.25513254)
(3.1178761e-06 -2.4369901e-18 0.23540673)
(2.7928822e-06 -1.5795747e-18 0.21570063)
(2.4369342e-06 -1.3823411e-18 0.19631842)
(2.077732e-06 -1.3013464e-18 0.17748528)
(1.7340947e-06 -1.0165739e-18 0.15936276)
(1.4177809e-06 -7.7758549e-19 0.14206155)
(1.1357064e-06 -6.1598796e-19 0.12565206)
(8.9055664e-07 -5.0711352e-19 0.11017317)
(6.8254481e-07 -4.4014649e-19 0.095639303)
(5.0940232e-07 -3.7583716e-19 0.082046286)
(3.6829207e-07 -3.1960901e-19 0.069375979)
(2.5627379e-07 -2.7045974e-19 0.057600055)
(1.6952238e-07 -2.2188482e-19 0.046682982)
(1.0432225e-07 -1.7500478e-19 0.036584388)
(5.7583522e-08 -1.3043367e-19 0.027260916)
(2.6519293e-08 -8.8953004e-20 0.018667662)
(8.4254034e-09 -5.0866932e-20 0.010759282)
(5.0899985e-10 -1.6271856e-20 0.0034908238)
(8.1648794e-07 -3.2680037e-18 0.34080213)
(1.8857047e-06 -7.5510404e-18 0.33517023)
(2.6765912e-06 -3.5112791e-18 0.32427527)
(3.2227279e-06 -1.8169198e-18 0.3098332)
(3.4788617e-06 -2.5507752e-18 0.29296002)
(3.5083607e-06 -2.4237953e-18 0.27451366)
(3.3668874e-06 -2.0775212e-18 0.25516428)
(3.1100273e-06 -1.0679595e-18 0.23543359)
(2.7852105e-06 -1.396392e-18 0.21572323)
(2.4300594e-06 -1.0873394e-18 0.19633737)
(2.0713366e-06 -3.3186079e-19 0.17750113)
(1.7283864e-06 -7.5939728e-19 0.15937597)
(1.4130919e-06 -9.6962456e-19 0.14207253)
(1.1318518e-06 -7.6467133e-19 0.12566116)
(8.8746278e-07 -6.3603851e-19 0.11018068)
(6.7987302e-07 -3.9682335e-19 0.095645468)
(5.0721994e-07 -3.2808934e-19 0.082051306)
(3.6670758e-07 -2.4604516e-19 0.069380024)
(2.5504395e-07 -1.5561593e-19 0.057603267)
(1.6850603e-07 -1.1835483e-19 0.04668548)
(1.0365203e-07 -7.7016176e-20 0.036586273)
(5.7172542e-08 -5.7285262e-20 0.027262273)
(2.6248445e-08 -3.6720537e-20 0.018668562)
(8.317416e-09 -2.1311572e-20 0.010759784)
(4.597607e-10 -6.8673976e-21 0.0034909812)
(8.1539957e-07 -3.8177812e-18 0.34086469)
(1.883243e-06 -7.5933443e-18 0.3352301)
(2.6728624e-06 -3.5851458e-18 0.32433023)
(3.2175221e-06 -1.4629179e-18 0.30988223)
(3.4719941e-06 -2.1793846e-18 0.29300287)
(3.5005062e-06 -2.1949332e-18 0.27455057)
(3.3587198e-06 -1.7651079e-18 0.25519574)
(3.1019056e-06 -8.7547092e-19 0.23546021)
(2.7775152e-06 -1.1202006e-18 0.21574565)
(2.4226829e-06 -1.2263502e-18 0.19635618)
(2.0648999e-06 -5.189025e-19 0.17751685)
(1.7229972e-06 -6.4287452e-19 0.15938908)
(1.408549e-06 -7.8202429e-19 0.14208344)
(1.1278419e-06 -7.4491929e-19 0.12567021)
(8.8399381e-07 -6.4727342e-19 0.11018814)
(6.7728296e-07 -5.2223773e-19 0.095651594)
(5.052027e-07 -4.1729829e-19 0.082056295)
(3.6507937e-07 -3.2718389e-19 0.069384045)
(2.5394196e-07 -2.5236218e-19 0.057606461)
(1.6792223e-07 -1.9305062e-19 0.046687966)
(1.035817e-07 -1.4467677e-19 0.036588149)
(5.7466264e-08 -1.044472e-19 0.027263623)
(2.661311e-08 -6.989663e-20 0.018669457)
(8.5828013e-09 -3.958376e-20 0.010760285)
(5.744428e-10 -1.2599949e-20 0.0034911381)
(8.1436732e-07 -3.6009848e-18 0.34092665)
(1.8807932e-06 -3.2882254e-18 0.33528939)
(2.6685595e-06 -3.533227e-18 0.32438467)
(3.2116486e-06 -3.0822853e-18 0.3099308)
(3.4646581e-06 -2.2532676e-18 0.29304534)
(3.4920682e-06 -2.0834876e-18 0.27458716)
(3.3496184e-06 -1.8309537e-18 0.25522694)
(3.0924375e-06 -2.1844921e-18 0.23548662)
(2.7680815e-06 -1.3080101e-18 0.21576789)
(2.4138083e-06 -1.2782398e-18 0.19637484)
(2.0567337e-06 -1.6015111e-18 0.17753246)
(1.7155748e-06 -9.1023326e-19 0.15940211)
(1.4019493e-06 -5.0741478e-19 0.14209427)
(1.1224676e-06 -5.2730142e-19 0.12567919)
(8.7984794e-07 -4.6976165e-19 0.11019556)
(6.7382147e-07 -5.5961516e-19 0.095657682)
(5.0253189e-07 -4.8707387e-19 0.082061255)
(3.6348141e-07 -4.3594099e-19 0.069388043)
(2.5311817e-07 -4.0303255e-19 0.057609637)
(1.6758455e-07 -3.2799412e-19 0.046690437)
(1.0329178e-07 -2.6787736e-19 0.036590015)
(5.7241062e-08 -1.9623265e-19 0.027264966)
(2.657478e-08 -1.346386e-19 0.018670348)
(8.528588e-09 -7.6188437e-20 0.010760783)
(5.8883997e-10 -2.42323e-20 0.0034912943)
(8.1396157e-07 -3.2568738e-18 0.34098799)
(1.8799095e-06 -3.520636e-18 0.33534809)
(2.6667362e-06 -3.6639312e-18 0.32443857)
(3.2085104e-06 -3.9992069e-18 0.30997891)
(3.4605975e-06 -2.2984972e-18 0.29308741)
(3.4873944e-06 -2.0618346e-18 0.27462342)
(3.3446364e-06 -2.0027572e-18 0.25525787)
(3.0876216e-06 -2.297131e-18 0.23551281)
(2.7639498e-06 -1.5135678e-18 0.21578995)
(2.4103302e-06 -9.7668215e-19 0.19639335)
(2.0539581e-06 -1.3791743e-18 0.17754794)
(1.7138179e-06 -1.0452754e-18 0.15941503)
(1.4011019e-06 -7.2447111e-19 0.14210502)
(1.1221736e-06 -5.7574336e-19 0.12568811)
(8.7970151e-07 -4.9470357e-19 0.11020292)
(6.7361005e-07 -4.5687082e-19 0.095663729)
(5.0234294e-07 -4.0968254e-19 0.082066181)
(3.6313231e-07 -3.5972582e-19 0.069392015)
(2.5266365e-07 -3.0787312e-19 0.057612793)
(1.6709754e-07 -2.5318585e-19 0.046692893)
(1.0277161e-07 -1.9931014e-19 0.036591869)
(5.6799026e-08 -1.4796025e-19 0.0272663)
(2.618819e-08 -1.0048456e-19 0.018671232)
(8.2914947e-09 -5.7267261e-20 0.010761277)
(4.8772089e-10 -1.827011e-20 0.0034914494)
(8.1008252e-07 -2.7458522e-18 0.34104882)
(1.871273e-06 -2.0745494e-18 0.33540631)
(2.653589e-06 -3.4762527e-18 0.32449204)
(3.1913083e-06 -2.7676483e-18 0.31002665)
(3.4406953e-06 -3.5984928e-18 0.29312916)
(3.4654543e-06 -2.2284954e-18 0.2746594)
(3.3211343e-06 -1.8568262e-18 0.25528856)
(3.0637586e-06 -9.5302685e-19 0.2355388)
(2.7401192e-06 -1.3798548e-18 0.21581185)
(2.3870913e-06 -1.1611242e-18 0.19641173)
(2.0320423e-06 -9.2337377e-19 0.17756333)
(1.6930736e-06 -9.2226008e-19 0.15942787)
(1.3819395e-06 -7.9527844e-19 0.14211572)
(1.1049697e-06 -6.9229535e-19 0.12569698)
(8.6459871e-07 -6.4638695e-19 0.11021025)
(6.6111487e-07 -4.7959721e-19 0.095669755)
(4.925069e-07 -3.9924306e-19 0.082071097)
(3.5544128e-07 -3.4309258e-19 0.069395984)
(2.4667049e-07 -2.2990691e-19 0.057615951)
(1.6269515e-07 -1.7998781e-19 0.046695355)
(1.0023897e-07 -1.3290224e-19 0.036593731)
(5.5678246e-08 -9.4150645e-20 0.027267643)
(2.5755313e-08 -5.9917356e-20 0.018672125)
(8.1302999e-09 -3.3909559e-20 0.010761777)
(4.7343572e-10 -1.0760865e-20 0.0034916064)
(8.2357972e-07 -2.3393843e-18 0.34110861)
(1.8962949e-06 -9.9186364e-19 0.33546354)
(2.6880119e-06 -3.0461725e-18 0.32454461)
(3.2332294e-06 -2.162532e-18 0.31007359)
(3.4870384e-06 -2.9590849e-18 0.29317023)
(3.5141958e-06 -2.3485619e-18 0.27469482)
(3.3710946e-06 -1.6862347e-18 0.25531879)
(3.1134916e-06 -8.362227e-19 0.23556442)
(2.7891797e-06 -1.1446274e-18 0.21583344)
(2.4348349e-06 -1.0976068e-18 0.19642986)
(2.077358e-06 -8.5650225e-19 0.1775785)
(1.7359874e-06 -8.1324821e-19 0.15944054)
(1.4219335e-06 -7.5618059e-19 0.14212625)
(1.1411704e-06 -6.8123555e-19 0.12570571)
(8.9681118e-07 -5.9623353e-19 0.11021746)
(6.8874732e-07 -4.9440598e-19 0.095675655)
(5.1496778e-07 -4.1037795e-19 0.08207589)
(3.7299122e-07 -3.3621336e-19 0.069399833)
(2.5980793e-07 -2.6771098e-19 0.057618997)
(1.718091e-07 -2.0952698e-19 0.046697714)
(1.0567277e-07 -1.5947647e-19 0.036595501)
(5.833059e-08 -1.1611089e-19 0.02726891)
(2.6736774e-08 -7.8041428e-20 0.01867296)
(8.4305325e-09 -4.4285801e-20 0.010762241)
(4.5409087e-10 -1.4109749e-20 0.0034917508)
(7.8512513e-07 -2.4946741e-18 0.34116981)
(1.8232635e-06 -2.7161967e-18 0.33552213)
(2.5869936e-06 -2.991741e-18 0.32459843)
(3.1083626e-06 -3.3827959e-18 0.31012164)
(3.3449438e-06 -1.8561092e-18 0.29321228)
(3.3609037e-06 -2.2784604e-18 0.27473107)
(3.2121722e-06 -1.9122514e-18 0.25534973)
(2.9540288e-06 -2.3603028e-18 0.23559063)
(2.6331082e-06 -1.8612263e-18 0.21585554)
(2.2848282e-06 -1.4578696e-18 0.19644842)
(1.936455e-06 -1.5929678e-18 0.17759405)
(1.606052e-06 -1.0831663e-18 0.15945354)
(1.3042336e-06 -8.3842057e-19 0.14213711)
(1.0370914e-06 -6.6910937e-19 0.12571475)
(8.0671576e-07 -5.0631106e-19 0.11022497)
(6.1296635e-07 -4.9239369e-19 0.095681879)
(4.5363274e-07 -4.1350789e-19 0.082081016)
(3.2526724e-07 -3.2882607e-19 0.06940402)
(2.2461019e-07 -3.1729212e-19 0.057622372)
(1.4760669e-07 -2.5588698e-19 0.046700383)
(9.0388365e-08 -2.0331371e-19 0.036597552)
(4.9821586e-08 -1.52748e-19 0.027270412)
(2.3002937e-08 -1.068592e-19 0.018673974)
(7.399259e-09 -6.0938625e-20 0.010762818)
(5.1702064e-10 -1.9481328e-20 0.0034919354)
(9.6523568e-07 -2.5149183e-18 0.34122106)
(2.1460419e-06 -3.0918371e-18 0.33557121)
(3.0283645e-06 -3.0540101e-18 0.32464355)
(3.6356746e-06 -3.9054531e-18 0.31016198)
(3.9179875e-06 -3.1221937e-18 0.29324763)
(3.9452924e-06 -2.4363804e-18 0.27476161)
(3.7818835e-06 -2.2198684e-18 0.25537584)
(3.4895666e-06 -2.5288461e-18 0.23561279)
(3.121654e-06 -1.9737381e-18 0.21587425)
(2.719867e-06 -1.6974478e-18 0.19646415)
(2.3151352e-06 -1.6019532e-18 0.17760723)
(1.9287031e-06 -1.2344925e-18 0.15946452)
(1.574003e-06 -9.4231443e-19 0.14214621)
(1.2582751e-06 -7.3234675e-19 0.12572225)
(9.841928e-07 -5.8392028e-19 0.11023109)
(7.5175234e-07 -4.8872394e-19 0.09568681)
(5.5915765e-07 -4.0674075e-19 0.082084932)
(4.0277177e-07 -3.3724339e-19 0.069407071)
(2.7876997e-07 -2.792147e-19 0.057624695)
(1.830541e-07 -2.2534032e-19 0.0467021)
(1.114552e-07 -1.7567954e-19 0.036598772)
(6.0803379e-08 -1.299891e-19 0.027271233)
(2.7567765e-08 -8.8248648e-20 0.018674478)
(8.5255425e-09 -5.0329871e-20 0.010763077)
(3.075042e-10 -1.6072926e-20 0.0034920078)
(6.611164e-07 -3.4242026e-18 0.34131454)
(1.6510941e-06 -7.5719135e-18 0.33566068)
(2.3612105e-06 -3.3595742e-18 0.32472575)
(2.8380244e-06 -1.6503537e-18 0.31023536)
(3.0477184e-06 -9.557437e-19 0.29331181)
(3.0551431e-06 -2.0154635e-18 0.27481692)
(2.9140545e-06 -2.0491172e-18 0.25542301)
(2.6762628e-06 -1.5817982e-18 0.23565271)
(2.3845411e-06 -1.6465688e-18 0.21590785)
(2.0718976e-06 -6.9492127e-19 0.19649232)
(1.7616219e-06 -4.3421019e-19 0.17763077)
(1.4689184e-06 -7.4205233e-19 0.15948415)
(1.2027459e-06 -7.7049915e-19 0.14216254)
(9.6744688e-07 -7.3476066e-19 0.12573581)
(7.6392823e-07 -7.1149894e-19 0.11024231)
(5.9097072e-07 -5.4888267e-19 0.095696074)
(4.4625014e-07 -4.2202276e-19 0.082092546)
(3.2767978e-07 -3.1182928e-19 0.069413288)
(2.3219303e-07 -2.1049904e-19 0.057629716)
(1.5686483e-07 -1.7211345e-19 0.046706086)
(9.9380779e-08 -1.3516715e-19 0.03660185)
(5.6909025e-08 -1.0050718e-19 0.027273503)
(2.7251979e-08 -6.846822e-20 0.018676023)
(9.0955883e-09 -3.9150172e-20 0.010763964)
(8.4990791e-10 -1.2528234e-20 0.0034922946)
)
;

boundaryField
{
    inlet
    {
        type            fixedValue;
        value           uniform (0 0 0.15);
    }
    outlet
    {
        type            zeroGradient;
    }
    wall
    {
        type            noSlip;
    }
    front
    {
        type            wedge;
    }
    back
    {
        type            wedge;
    }
    axis
    {
        type            empty;
    }
}


// ************************************************************************* //
