/*--------------------------------*- C++ -*----------------------------------*\
| =========                 |                                                 |
| \\      /  F ield         | OpenFOAM: The Open Source CFD Toolbox           |
|  \\    /   O peration     | Version:  v2012                                 |
|   \\  /    A nd           | Website:  www.openfoam.com                      |
|    \\/     M anipulation  |                                                 |
\*---------------------------------------------------------------------------*/
FoamFile
{
    version     2.0;
    format      ascii;
    class       volScalarField;
    location    "30/domain0";
    object      rho;
}
// * * * * * * * * * * * * * * * * * * * * * * * * * * * * * * * * * * * * * //

dimensions      [1 -3 0 0 0 0 0];


internalField   nonuniform List<scalar> 
23101
(
1.2080563
1.207739
1.2082567
1.2085338
1.2086845
1.2085485
1.2084703
1.2082835
1.2078683
1.2078658
1.2078286
1.2060864
1.2065877
1.2078326
1.2086549
1.208649
1.20793
1.2066682
1.2060903
1.2075412
1.2083494
1.206655
1.2068765
1.207941
1.2081047
1.2081221
1.2081023
1.2070988
1.2068789
1.2084365
1.2086812
1.2079239
1.2080042
1.2078809
1.2076989
1.2078717
1.2081953
1.2081094
1.2080496
1.2088141
1.2086378
1.20866
1.208158
1.2077709
1.2079271
1.2082821
1.2080714
1.2082115
1.2085965
1.2085602
1.2081367
1.2085652
1.2081415
1.2078593
1.2084661
1.2087687
1.2083701
1.208004
1.2081669
1.208266
1.2083039
1.2076739
1.2077296
1.2078669
1.2085867
1.2086971
1.2080937
1.2071834
1.207089
1.2082385
1.2083549
1.2066525
1.2068271
1.2076058
1.208378
1.208581
1.2074741
1.2062054
1.2060991
1.2080644
1.2079508
1.2061501
1.2067372
1.2076851
1.2081364
1.2082131
1.207539
1.2063951
1.2058552
1.2075289
1.2079716
1.2076352
1.2084302
1.2085603
1.2081817
1.2081321
1.2084479
1.2082263
1.2075503
1.2078303
1.2055649
1.2054071
1.2055265
1.2055212
1.2056675
1.2055701
1.2054591
1.2053417
1.205674
1.2053396
1.205611
1.2030309
1.2035551
1.2053507
1.2064536
1.2064605
1.2053552
1.2038018
1.2029657
1.2053595
1.205557
1.2038118
1.2042489
1.2055933
1.2058804
1.205888
1.2056972
1.2043276
1.2038686
1.2060318
1.2055184
1.2056198
1.2057249
1.2055838
1.2055786
1.2057457
1.2057903
1.2059051
1.2059351
1.2056651
1.205544
1.2064085
1.2059445
1.2056585
1.2059392
1.2060474
1.2060242
1.2061048
1.2062781
1.2055819
1.205094
1.2061567
1.2058323
1.2057235
1.2062584
1.2060034
1.206039
1.2058392
1.2055342
1.2054086
1.2051608
1.2049477
1.2053621
1.2057398
1.2059771
1.2057623
1.2053379
1.2051432
1.2044885
1.2055572
1.2052929
1.2038478
1.2042323
1.2056518
1.2059774
1.2057162
1.2051058
1.2044779
1.2041508
1.2051182
1.2056756
1.2030322
1.203837
1.2055969
1.2059742
1.2058121
1.2051517
1.2041183
1.203254
1.2050888
1.2055652
1.2055251
1.2058808
1.2054999
1.2056094
1.2056815
1.2054695
1.2052997
1.2051597
1.2051557
1.2053265
1.2044662
1.2043529
1.2043591
1.2042856
1.2041476
1.2041078
1.2043244
1.2047474
1.2054658
1.2044924
1.2034613
1.2033982
1.2042784
1.2050274
1.204972
1.2041634
1.2036353
1.2029365
1.204622
1.2044609
1.2036479
1.2039185
1.2045223
1.2049838
1.2050505
1.2044878
1.2037574
1.2033633
1.2044799
1.2045404
1.2044563
1.204582
1.2046827
1.2048148
1.2049212
1.2047899
1.2048067
1.2047905
1.2047884
1.2044806
1.2048983
1.2050608
1.204882
1.205005
1.2047599
1.2050349
1.2052447
1.2048277
1.2049338
1.2041952
1.2044942
1.2049414
1.2048684
1.205061
1.2045031
1.2047966
1.2050762
1.204313
1.204921
1.2040079
1.2039758
1.2044695
1.2048878
1.2046544
1.2043664
1.2042155
1.2043588
1.2041025
1.2051418
1.2042248
1.2037361
1.2039661
1.2048331
1.204722
1.204314
1.2039966
1.2042209
1.2042841
1.2047809
1.2044191
1.2030368
1.203724
1.2046769
1.2045728
1.2044772
1.204186
1.2041596
1.2040533
1.2045771
1.2053819
1.2047927
1.2046791
1.2050873
1.2055042
1.2054349
1.205096
1.2048373
1.2046667
1.2052424
1.2050671
1.2046378
1.2044296
1.2042153
1.2039007
1.2034521
1.2036302
1.2043232
1.2047659
1.2058223
1.2046104
1.2037572
1.203742
1.2037145
1.2040521
1.2039544
1.2035913
1.2037039
1.2032446
1.2048087
1.2044396
1.2038819
1.2041162
1.2041017
1.2043689
1.2044217
1.2040254
1.2037459
1.2035993
1.2045005
1.2043384
1.203893
1.2041056
1.2045237
1.2045788
1.2049482
1.204522
1.2041243
1.204076
1.2046369
1.2042734
1.2040738
1.2043999
1.2046009
1.204569
1.2045851
1.2048766
1.2045806
1.2042297
1.2048849
1.2039138
1.2037309
1.204315
1.2046038
1.2043515
1.2040526
1.2042024
1.2045484
1.2039922
1.2042347
1.2038815
1.2036956
1.2041034
1.2044799
1.2040891
1.2039388
1.2038982
1.2041054
1.2037056
1.2044747
1.2041689
1.2038508
1.2039477
1.2044214
1.2040248
1.2038963
1.2039296
1.2041239
1.2040499
1.2046873
1.2044582
1.2032727
1.2038158
1.2040463
1.2036355
1.2038183
1.2039795
1.2041257
1.2038264
1.2048547
1.2054225
1.2047027
1.2045417
1.2047496
1.2050421
1.2047634
1.2046957
1.2048501
1.2047494
1.2053567
1.2044843
1.2043175
1.2042037
1.2037835
1.2039433
1.2035545
1.2035374
1.2042179
1.2036208
1.2028884
1.2046579
1.203989
1.2039465
1.2035967
1.2035486
1.2033958
1.2036942
1.2038665
1.2032602
1.2039837
1.2044549
1.204066
1.2041665
1.2040321
1.2040434
1.2040345
1.2039351
1.2038124
1.2036417
1.2048244
1.2042022
1.2038964
1.204174
1.204563
1.2043455
1.2046847
1.2041183
1.2039112
1.2038181
1.204589
1.2039689
1.2038997
1.2042086
1.2046006
1.2045306
1.2048447
1.204375
1.2040617
1.2035789
1.2044129
1.2037242
1.2038065
1.2041657
1.2043223
1.2044417
1.2042682
1.2038816
1.2036093
1.2037801
1.2039455
1.2039378
1.2040385
1.2042702
1.2042485
1.2032167
1.2037561
1.2041246
1.2036473
1.2033706
1.2042424
1.2039658
1.2039706
1.2040996
1.2039892
1.2038092
1.2039088
1.2041866
1.2039533
1.2043329
1.204336
1.2035457
1.2038402
1.2039175
1.2037307
1.2035457
1.2036409
1.2036515
1.2040265
1.2045885
1.2048276
1.2044096
1.2043749
1.2042221
1.2038924
1.203671
1.2035037
1.204548
1.2046131
1.2050563
1.2014811
1.2013019
1.203224
1.2027256
1.2035047
1.2039566
1.2037994
1.203836
1.1962268
1.1947657
1.2020206
1.2037435
1.2039389
1.2035662
1.203479
1.2036235
1.2038369
1.2039651
1.2009654
1.1979109
1.2041133
1.2034352
1.2039385
1.2040198
1.203936
1.2039339
1.2038764
1.2036891
1.2029831
1.2030847
1.2033187
1.2030751
1.2039209
1.2040985
1.2042648
1.2034457
1.203928
1.2037765
1.2032528
1.2034339
1.2028148
1.2037755
1.2040404
1.2043101
1.2027063
1.2025122
1.2037277
1.2031851
1.2031452
1.2028109
1.2034627
1.203809
1.2039189
0.93978947
1.2028609
1.2032292
1.2028173
1.2032728
1.203756
1.2034999
1.2030981
1.201743
0.94018501
1.2022068
1.2026376
1.2035622
1.2020985
1.2043706
1.2034524
1.2036725
1.2031981
1.202773
1.2023253
1.2029268
1.2035657
1.2033316
1.2032549
1.2034775
1.2037659
1.2024205
1.203127
1.2031599
1.2031498
1.2028494
1.2027323
1.2038038
1.2033457
1.2015629
1.2036766
1.2023588
1.2022147
1.2026044
1.2028874
1.2025011
1.2027738
1.204122
1.2025606
1.1916778
1.1889781
1.1984592
1.2019896
1.201793
1.2031575
1.2018961
1.1933617
1.1805071
1.1880935
1.1954927
1.1956886
1.2003418
1.1994883
1.2002401
1.2012546
1.202185
1.2000855
1.1889126
1.1907622
1.2004455
1.2009925
1.2007734
1.2010243
1.2017291
1.2022165
1.2023925
1.2015052
1.1989302
1.1993156
1.2006395
1.19818
1.1999539
1.2011237
1.2017146
1.2009396
1.201073
1.2014834
1.2006421
1.1999063
1.2000748
1.1998466
1.2009799
1.2020336
1.1992404
1.2069622
1.1997529
1.2012222
1.2015468
1.2010825
1.200095
1.2005602
1.2018904
1.2009542
1.1940816
0.80087183
1.1996563
1.2007976
1.2014398
1.2019805
1.2012955
1.2001597
1.2017173
1.2011736
1.1969978
1.1986474
1.1983786
1.2012385
1.2000784
1.2005156
1.2012398
1.2020857
1.1999104
1.2009331
1.2011999
1.2010098
1.2015481
1.2007128
1.20052
1.1989534
1.1947739
1.1987224
1.1983147
1.1991357
1.2009012
1.2024742
1.2004644
1.199357
1.1984852
1.1946048
1.1937642
1.1967492
1.198634
1.1982739
1.2003598
1.2013965
1.2010119
1.1993992
1.1963246
1.1942024
1.1826537
1.1713504
1.1859753
1.1978145
1.1979064
1.1981297
1.196592
1.1837064
1.1731854
1.1817507
1.1880735
1.1851505
1.1922773
1.1948812
1.1945307
1.1953755
1.196364
1.1900987
1.1770453
1.1890054
1.1971433
1.1951631
1.1972256
1.1946603
1.1953634
1.1961956
1.1977891
1.1974647
1.1938051
1.1967047
1.1948006
1.192943
1.1951695
1.196405
1.1966133
1.1988341
1.1982968
1.1959357
1.1957103
1.1960064
1.1936402
1.1917968
1.1941305
1.1958215
1.1942475
1.2020845
1.1965822
1.1977224
1.1954666
1.1979218
1.1945014
1.1928866
1.1955748
1.1981201
1.2030202
1.0803923
1.1947572
1.198518
1.196139
1.1983682
1.1963375
1.1935075
1.19423
1.1962566
1.19692
1.195718
1.1980834
1.1962239
1.1944587
1.1971644
1.1902714
1.1944907
1.19627
1.1947168
1.1964797
1.1980252
1.1961668
1.1955453
1.1912559
1.1916383
1.1820079
1.1846384
1.1926839
1.1930843
1.1944283
1.1963353
1.1956015
1.1920498
1.1840379
1.1806893
1.186411
1.183695
1.1942225
1.1946987
1.1970017
1.1979682
1.1960993
1.195351
1.1874101
1.1851681
1.1768096
1.1642505
1.1785001
1.1931219
1.1908708
1.1893434
1.1930546
1.1812444
1.1687683
1.1764094
1.1843258
1.1771924
1.1853973
1.190509
1.1885339
1.1894529
1.1898282
1.1808643
1.170103
1.1851982
1.1947708
1.1904223
1.1928398
1.1910485
1.1876086
1.1894888
1.192222
1.1924347
1.190092
1.1933194
1.1903733
1.1878145
1.1919186
1.1907363
1.1881102
1.1892924
1.1905605
1.1895496
1.1886745
1.1900932
1.1865054
1.1850849
1.1865759
1.1896949
1.1404361
1.1437192
1.186436
1.1871085
1.1873706
1.1892025
1.187793
1.1852499
1.1860969
1.1883414
1.1368343
1.1487681
1.1870993
1.1883882
1.1892641
1.1891089
1.1919007
1.1871322
1.1883489
1.1888951
1.1894857
1.1888759
1.1911423
1.1907021
1.1887135
1.1917985
1.1864645
1.1829354
1.1903811
1.1889391
1.187174
1.1875226
1.1908803
1.1884674
1.1807112
1.1876754
1.1819617
1.1709578
1.1846506
1.1869458
1.1879195
1.1877072
1.1895169
1.1847755
1.1710982
1.1712478
1.1793604
1.1705999
1.1893552
1.1900742
1.187756
1.1880999
1.1887543
1.1922376
1.1854875
1.1780928
1.1740298
1.1642827
1.1746049
1.1862803
1.1837217
1.1816926
1.1827758
1.1800005
1.1666379
1.1730774
1.179797
1.1664139
1.1758484
1.184497
1.1800971
1.1815174
1.1831703
1.1732528
1.1621729
1.174768
1.1889233
1.181918
1.1857966
1.1858384
1.1783867
1.1811574
1.1854561
1.1859506
1.1843645
1.1871185
1.1881232
1.1823836
1.1859787
1.183956
1.1784471
1.177526
1.1808806
1.1819521
1.1810529
1.1854681
1.1809496
1.1803965
1.1782166
1.1776834
1.1393395
1.1399832
1.1738737
1.1756934
1.1796464
1.1815894
1.1819146
1.1798849
1.1775451
1.1770215
1.1364572
1.1448327
1.1751775
1.177323
1.1820728
1.1811614
1.1875095
1.1819971
1.1830014
1.1808555
1.1778204
1.1767299
1.1818373
1.1836909
1.1812099
1.1817415
1.1852359
1.1758945
1.1817633
1.1821243
1.1780578
1.1787015
1.183889
1.1802707
1.1710232
1.1806812
1.1738486
1.1624737
1.174517
1.1817556
1.1805221
1.1806194
1.1834063
1.1756328
1.1609894
1.1697442
1.1749879
1.1665935
1.1836355
1.1833238
1.1814349
1.1810202
1.1805851
1.1821648
1.1779957
1.1737457
1.1733889
1.1643348
1.1631191
1.17233
1.170547
1.1682987
1.1728373
1.1707612
1.1649977
1.1713431
1.1672408
1.1539502
1.1649615
1.1766939
1.1706026
1.1718984
1.177801
1.1667115
1.1520729
1.1656801
1.1721106
1.1699988
1.1769441
1.1775222
1.1675301
1.1680099
1.1767314
1.1789809
1.1733995
1.1685022
1.1761286
1.1765536
1.1788181
1.1754086
1.1704575
1.1684697
1.16997
1.1735334
1.1770583
1.1701756
1.174492
1.1742573
1.1694508
1.1675052
1.1428674
1.1389918
1.1663829
1.1666654
1.1716358
1.1719023
1.1742178
1.1719227
1.1677781
1.1696129
1.1392267
1.1439596
1.1668931
1.1669582
1.1736318
1.171343
1.174836
1.1774149
1.1737282
1.1695729
1.1689149
1.1661881
1.1696447
1.1754729
1.1763879
1.1662611
1.1625651
1.1659486
1.1749017
1.1748901
1.1689984
1.1667854
1.1739844
1.1731651
1.1610287
1.1647683
1.1640426
1.1516232
1.1648889
1.1763537
1.1718364
1.1708701
1.1768504
1.1640598
1.1513248
1.1687116
1.1723599
1.1687926
1.1720368
1.1739936
1.1739998
1.1733614
1.1702455
1.1644584
1.1685788
1.1716354
1.1734115
1.1628605
1.1550193
1.1563395
1.1570944
1.1553566
1.160153
1.1593495
1.1597379
1.1712105
1.1582803
1.1405723
1.1513481
1.1649793
1.1618722
1.1619649
1.1684219
1.1578898
1.1407826
1.1569964
1.1498516
1.1526943
1.1640583
1.1682606
1.1593435
1.1561333
1.1642112
1.1678636
1.1551998
1.1503074
1.1559668
1.1624351
1.1685464
1.1687309
1.1634299
1.1612711
1.1632405
1.1673421
1.1604589
1.1512379
1.1618285
1.1611349
1.1632922
1.1616188
1.1473254
1.1381112
1.1628146
1.1622352
1.1605852
1.1507726
1.1579453
1.1632632
1.1586907
1.1632179
1.1411677
1.1436325
1.1616714
1.1602427
1.1556832
1.1555507
1.1521138
1.1689502
1.1628308
1.1636828
1.1621576
1.1603907
1.1629503
1.1655344
1.1622648
1.1527468
1.1492629
1.1557528
1.1664154
1.1678201
1.1611981
1.1583264
1.1654839
1.1638664
1.15091
1.1519939
1.1591824
1.1403921
1.1527781
1.162621
1.162298
1.1599967
1.1637833
1.1530901
1.1419173
1.1625433
1.1714011
1.162732
1.1534961
1.1585412
1.1610164
1.159056
1.154243
1.1499252
1.1615418
1.1715559
1.1751966
1.1573859
1.1507507
1.1523808
1.1483544
1.1478388
1.1523386
1.150463
1.153125
1.1724658
1.1579495
1.1337017
1.1452341
1.1509291
1.1478931
1.1471448
1.1529033
1.1488079
1.1325457
1.1534581
1.1463858
1.1487842
1.1582883
1.1615314
1.1537035
1.1522472
1.1568034
1.1596355
1.1476448
1.1458436
1.1408742
1.1586681
1.1645688
1.1631004
1.1573426
1.1559115
1.1595679
1.1628883
1.1555566
1.1444296
1.1392462
1.1565259
1.1558703
1.1574817
1.1508089
1.1373843
1.160405
1.1587409
1.1528335
1.1407747
1.1416868
1.1586205
1.1539647
1.1576151
1.1425115
1.1438383
1.1564346
1.1572966
1.1535133
1.1398315
1.1424088
1.1629391
1.1583876
1.1598291
1.156342
1.1579447
1.1591913
1.1600782
1.1535737
1.1436731
1.148898
1.1522004
1.1626277
1.1620267
1.1561681
1.1560815
1.1605036
1.1620057
1.1469349
1.1475674
1.156407
1.1340492
1.1481597
1.1541335
1.1565909
1.1526569
1.1547718
1.1497909
1.135803
1.1559912
1.1731495
1.1576885
1.1445909
1.1416179
1.1380693
1.1377127
1.1393475
1.1449845
1.1581886
1.1729453
1.1807316
1.1593926
1.1544662
1.1525483
1.1454971
1.1424325
1.1463607
1.1465267
1.1533131
1.1777013
1.1629987
1.1362229
1.1410676
1.1438484
1.1397404
1.142728
1.1456989
1.1409147
1.1330458
1.1572571
1.157343
1.1456249
1.1481813
1.1485709
1.1481369
1.1509493
1.1484474
1.1476996
1.1458571
1.1542407
1.1499958
1.1468048
1.1511546
1.1516804
1.1548093
1.1528538
1.1521191
1.1503935
1.1446599
1.1504826
1.1450312
1.1433749
1.1482953
1.1538532
1.1528621
1.1356578
1.1523289
1.1554312
1.1428766
1.1451929
1.1437087
1.1528007
1.1544766
1.153862
1.1427358
1.1429372
1.1540618
1.1528544
1.1491311
1.1450889
1.1473342
1.1516984
1.1534076
1.1553065
1.1534797
1.1528498
1.1523663
1.1509669
1.1479012
1.1484445
1.1563131
1.1455959
1.1508858
1.1536436
1.1523299
1.1528972
1.1511613
1.1492945
1.1427967
1.1542502
1.158546
1.1372196
1.1484926
1.1502248
1.1477215
1.1414728
1.1483831
1.1468036
1.1389976
1.157436
1.17857
1.1618667
1.1527465
1.1455165
1.1413158
1.1405306
1.1432506
1.1515042
1.1604543
1.1779369
1.19409
1.1760196
1.1755059
1.1757048
1.1690747
1.1647456
1.17007
1.1687971
1.1710126
1.1917976
1.178418
1.1432606
1.145595
1.1512609
1.1491258
1.144591
1.1441019
1.1394052
1.1345609
1.1733779
1.1771653
1.1510642
1.1520835
1.1512145
1.1494241
1.1460605
1.1480208
1.1485969
1.1466478
1.1755871
1.1716166
1.1516416
1.1522606
1.1509281
1.1484773
1.1419422
1.1442571
1.1466414
1.1500264
1.1725299
1.1669458
1.1503396
1.151299
1.1493579
1.1462182
1.1359409
1.140233
1.143545
1.1451022
1.1657931
1.1653059
1.1479933
1.1491501
1.1455129
1.1418007
1.1404555
1.1430294
1.1451402
1.1432703
1.1645245
1.1695163
1.1473382
1.1503645
1.1472473
1.1440806
1.1437964
1.1440951
1.1464772
1.1433746
1.1692402
1.1754686
1.1440073
1.1515399
1.1496429
1.1469389
1.1451725
1.145839
1.1481585
1.1429442
1.1735008
1.1739335
1.1362888
1.1468017
1.1453305
1.1452158
1.1446905
1.1428163
1.1443196
1.1371221
1.1730441
1.1922694
1.1765606
1.174593
1.1677389
1.1631842
1.1629184
1.1656261
1.1722968
1.1752511
1.1918672
1.2043744
1.2043721
1.2040909
1.204508
1.2044581
1.204406
0.96149107
1.2050153
1.2040548
1.2040933
1.2045462
1.204766
0.96077926
1.2043353
1.2040839
1.2041524
1.2039723
1.2043454
0.96178543
1.2047762
1.2042329
1.2039352
1.2039496
1.2038846
0.96113608
1.2042948
1.2040277
1.2036679
1.2046286
1.2044779
1.2045512
1.2043842
1.2041779
1.2028389
0.94407001
1.2042671
1.2045089
1.2044127
1.2039402
1.2041474
0.94218669
1.2032969
1.2045345
1.2043376
1.2046412
1.2044056
1.2038609
1.2042539
0.93723025
1.2045124
1.2047844
1.2032453
1.2044932
1.2043523
1.2031797
1.2041955
1.2043035
1.2041211
1.2033913
1.2039718
0.94632971
1.2030863
1.2045564
1.2043162
1.2046352
1.2039882
0.9421795
1.2034588
1.2022089
1.2047894
1.2039335
1.2013229
1.2043135
1.2037418
1.2035726
1.2024728
1.2040579
1.203636
1.2040941
0.94508253
1.2030078
1.2024583
1.2026474
1.2033508
1.2036489
1.2041447
1.202145
0.94436115
1.2016488
1.2023907
1.2037151
1.2039157
1.203718
0.94525946
1.2028749
1.2023196
1.2032145
1.2039003
1.2020445
0.93898064
1.2024927
1.2017474
1.1992009
1.204015
1.2036242
0.93742877
1.2024592
1.2012594
1.2017388
1.2054255
1.1999656
1.2035674
1.2041738
0.93186232
1.2034318
1.1987049
1.2026836
1.202774
1.2000823
1.2022417
1.1976142
1.2022986
1.2003767
1.1992515
1.1975776
1.203823
0.94097007
1.2024209
1.1993919
1.2016106
1.2021039
1.2008075
0.9369067
1.2031541
1.2017786
1.2017567
1.201059
1.2017848
1.2004663
1.2010672
1.1919475
1.1994416
1.1993087
1.2020246
1.1960231
1.1980581
1.2002401
1.2022444
1.2019939
1.2020738
1.2029773
1.2009861
1.1991777
1.2006524
0.93924573
1.2014783
1.2017753
1.1989402
1.1993927
1.2010115
1.200711
1.2025024
1.2016913
1.2027625
1.2005108
1.2002878
1.2013437
1.2011662
1.2064132
1.2005716
0.80043814
1.1963474
1.2123946
1.2057135
0.91382883
1.1996134
0.80056705
1.2037579
1.2090997
1.1982245
0.92486316
1.2108963
0.80075791
1.1985503
1.198792
1.2110488
0.9178382
1.1970045
1.193779
1.2044986
1.2004474
1.198536
0.93687967
1.2100031
1.2074408
1.1970734
1.2042732
1.1457177
1.1572055
1.2040485
1.1988498
1.152782
1.2041648
1.1618752
1.2045656
1.2002881
1.058377
1.0617337
1.200338
1.1293029
1.1262049
1.2000289
1.1909564
1.1937896
1.0404613
0.97358132
1.1787571
1.0515157
0.9708827
1.1848298
1.2011239
1.2018227
1.1586677
1.1152312
1.2006905
1.2007042
1.1977952
1.2009201
1.1629581
1.2007551
1.1196274
1.2020745
1.1953644
1.2003993
1.1695145
0.93401877
0.93702786
0.85315615
1.1232716
1.1421948
1.1164007
1.2042204
1.2041175
1.1912931
1.1927083
1.204322
1.2042162
1.2052886
1.2048018
1.2040922
1.1919672
1.1904682
1.2044649
1.2038455
1.2040449
1.2041008
1.2041201
1.1930466
1.1932087
1.2042086
1.2040384
1.203964
1.2037664
1.2041073
1.1897161
1.1928947
1.2037757
1.2040574
1.2029434
1.2043712
1.1760949
1.2040422
1.1645447
1.2041006
1.2027278
1.2039481
1.2031992
1.1739861
1.2043204
1.1609319
1.2039579
1.2009562
1.2023087
1.2046339
1.1736705
1.1634604
1.2043533
1.202166
1.2052151
1.2049427
1.2044051
1.1454633
1.1618145
1.2048016
1.2021839
1.204524
1.1529924
1.1588455
1.2039667
1.2000271
1.0573084
1.0624166
1.2026106
1.2042507
1.1308015
1.128186
1.2014266
1.1992695
1.0396771
1.0535054
1.1971755
1.0388118
1.0514386
1.193128
1.057297
1.0576392
1.2012471
1.2044338
1.1482313
1.1622865
1.2038082
1.2014519
1.0365526
1.0462184
1.1929227
1.2041865
1.1238614
1.1306274
1.1984266
1.2006945
1.039984
1.0517676
1.1952064
1.2018819
1.1745497
1.1617782
1.2015052
1.2017838
1.2019461
1.2013813
1.2045142
1.174468
1.2042085
1.160168
1.2050138
1.2004838
1.2037092
1.0624046
1.0634059
1.2032886
1.154178
1.2036881
1.1590212
1.2047547
1.1967147
1.0416324
1.0541062
1.19362
1.2029156
1.1288736
1.1277808
1.1982363
1.1954442
1.0394494
1.0510653
1.1902033
1.1480091
1.2039749
1.1619017
1.2032407
1.1997087
1.1529425
1.2034331
1.1583776
1.202973
1.2009596
1.0406046
1.0460524
1.1922913
1.0385597
1.04695
1.1959425
1.2031172
1.123281
1.1280804
1.1982957
1.2000983
1.2026587
1.1752149
1.2014339
1.1597894
1.2021195
1.2007974
1.2008994
1.2022783
1.173988
1.1597805
1.2009113
1.1980524
1.2020979
1.201304
1.2032299
1.1742999
1.1647533
1.2011132
1.2018569
1.2023245
1.2024276
1.2026247
1.2039877
1.1621224
1.118366
1.2036992
1.2024044
1.1983072
1.2014487
1.2043907
1.1580955
1.1117262
1.2020965
1.2021931
1.1965281
1.2042151
1.1611076
1.204024
1.0981297
1.2047933
1.2005212
1.2026617
1.0504084
0.97676396
1.1810294
1.0476132
0.96381267
1.1838962
1.0432905
1.2023982
0.9539366
1.1908455
1.0912453
1.0211184
1.1996973
0.90667329
1.1933823
1.1000338
0.88790043
0.85980603
1.0574473
1.1219657
1.1287811
1.2006143
1.1877349
1.1845441
1.0507504
0.97651954
1.1756065
1.0368687
1.2001166
0.91845004
1.1901242
1.1339826
0.8644936
0.8783985
1.097692
1.0398297
1.2018387
0.94029976
1.1849241
1.1247203
1.2007791
1.1593535
1.2016803
1.1138003
1.2011794
1.1950979
1.2007564
1.2014902
1.2036967
1.1591043
1.1074352
1.2029938
1.201929
1.1981773
1.1273053
1.1261327
1.2003999
1.196407
1.189077
1.0495881
0.97855689
1.1796227
1.0316279
0.92003701
1.201028
1.1940043
1.1274384
0.86854321
0.87161283
1.0571387
1.0429027
0.9318723
1.1957539
1.1894923
1.0673923
1.0432953
0.97698202
1.175012
1.0464391
0.97896916
1.181598
1.1219579
1.1259728
1.2005787
1.1881883
1.19187
0.87357959
0.87510699
1.0854416
1.0409337
0.93272683
1.2047625
1.1856295
1.1091602
1.0440399
0.93705159
1.2001527
1.1905993
1.129073
1.1997472
1.1586617
1.20063
1.11799
1.2009766
1.1965343
1.2005128
1.2012081
0.95906544
0.90722653
0.83892758
1.0738115
1.119516
1.0593786
1.1716289
0.91675844
0.94368253
0.84503478
1.1337731
1.0601847
1.1511797
1.203457
0.92209289
0.93107433
0.8448169
1.0785394
1.1134916
1.0942887
1.2045832
1.2046267
1.2045135
1.2044512
1.2046011
1.204509
1.2044828
1.2051305
1.2047303
1.2050907
1.2047751
1.2044637
1.20436
1.2046442
1.204566
1.2046788
1.2044484
1.2046824
1.2045887
1.204469
1.2043249
1.2045399
1.2043802
1.2046619
1.2046313
1.2042931
1.2043858
1.2043531
1.2043984
1.2045156
1.2042536
1.2044676
1.2043522
1.2043947
1.2045688
1.2045788
1.203894
1.2042243
1.2043274
1.2043316
1.2038289
1.2041942
1.2039402
1.2040643
1.2039761
1.2047904
1.2041679
1.2042356
1.2041838
1.2039593
1.2040102
1.2040104
1.2037721
1.2037495
1.2040804
1.2037057
1.2044023
1.2046106
1.2045361
1.2044049
1.2043724
1.2043727
1.2039777
1.2039867
1.2043431
1.2041437
1.2041318
1.2040003
1.2039757
1.2040175
1.2044168
1.2044911
1.2043955
1.2063343
1.2055739
1.2045906
0.91119029
1.2032925
1.2041133
1.2040133
1.1992219
1.2040208
1.2028694
1.2030347
1.2048667
1.2041434
1.2042129
1.2033797
1.2029868
1.2036195
1.2028008
1.2033583
1.2034231
1.203085
1.1989706
1.2033264
1.2036173
1.2026308
1.2041387
1.2039478
1.2041348
1.2029517
1.2029419
1.2035515
1.2039325
1.2043005
1.2042797
1.2030779
1.2032307
1.2027878
1.2031973
1.1992188
1.2038778
1.2028516
1.2039836
1.2018991
1.2028382
1.1997198
1.2018822
0.90380421
1.2006506
1.2012978
1.1790753
1.1993498
1.2010681
1.1998104
1.1988538
0.91057384
1.1996752
1.1900471
0.98270001
0.9466636
1.1969744
1.1895734
1.0307411
1.2022605
1.2029503
1.2025032
1.2020923
1.2003239
1.2022758
1.2016139
1.1996382
1.1771799
1.2012688
1.2007437
1.200788
1.1988557
1.2005343
1.1992847
0.98144766
1.1939737
0.94799758
1.1989787
1.0345115
1.1940121
1.2024955
1.2031117
1.2032221
1.1995405
1.2008242
1.2015025
1.2015947
1.2007915
1.1979275
1.197283
1.1983092
1.1990073
1.1969993
1.1927415
1.2012516
1.1976061
1.1999546
1.2000261
1.1995993
1.1947465
1.1984396
1.1974954
1.2013165
1.2007228
1.1979222
1.1969728
1.1978536
1.1943353
1.1875629
1.2003333
0.96630128
1.2049941
1.167728
1.2020844
1.144416
1.2009422
1.1989929
1.2012324
1.1984748
1.1995609
1.195426
1.2010447
1.1990995
1.2013792
1.2000556
1.1993992
1.1932051
1.1994465
1.1979285
1.2048436
0.96925665
1.1985002
1.2024487
1.1969001
1.2129182
1.2005217
0.94608825
0.8134206
0.81290338
0.81789551
0.84193044
0.886064
0.88296379
1.2014681
1.1978822
1.2002105
1.195527
1.200868
1.1982326
1.1992872
1.1987651
1.2007419
1.2004055
1.1982663
1.1973429
1.1988864
1.1995314
1.1992016
1.2013332
1.2004259
1.1961921
1.1977401
1.2005892
1.1993384
1.2042627
1.2044693
1.2043905
1.2000638
1.2043684
1.2045052
1.204682
1.2042847
1.2043959
1.2044384
1.1997312
1.2044365
1.2042682
1.2046055
1.20426
1.2032117
0.993013
0.99698894
1.2053475
1.2044318
1.085253
1.2048207
1.2047527
1.2041384
1.1997302
1.2042685
1.2046761
1.2049732
1.203365
1.203012
0.99231966
0.99359616
1.2035254
1.2032111
1.0835085
1.2047665
1.2042635
1.2045194
1.1986644
1.2045297
1.2039001
1.2049667
1.2041131
1.2043125
1.2000001
1.2041519
1.2042422
1.2041889
1.2041573
1.204588
1.2032649
0.99712474
0.99577177
1.2045646
1.2043893
1.0902928
1.2040379
1.2040387
1.2002732
1.204254
1.2040036
1.2041068
1.2042304
1.2042473
1.2030764
0.99231231
0.99633046
1.082285
1.203166
1.2041179
1.2036155
1.2041076
1.1982309
1.2039997
1.203788
1.2039111
1.2036953
1.2037736
1.2040515
1.2000532
1.2033861
1.2040422
1.2037853
1.2037667
1.2044193
1.2046032
1.2044004
1.2012917
1.2044208
1.2042421
1.2044368
1.2043383
1.2042351
1.2036281
1.1815822
1.2042288
1.2040975
1.2037904
1.1941618
0.99636398
1.1918133
0.99422647
1.1919909
1.0701292
1.1944418
1.2034904
1.204043
1.2038032
1.1996386
1.2037175
1.2039999
1.2028997
1.1980925
0.99316716
1.1935627
0.98374153
1.1972544
1.0538425
1.1952521
1.2036065
1.2041841
1.2033299
1.1797797
1.2040373
1.2030797
1.2023476
1.2044929
1.2043944
1.2047015
1.1988182
1.2044151
1.204035
1.2053928
1.2043986
1.2042662
1.2042897
1.1819708
1.2043324
1.2035476
1.2045319
1.1922487
0.99127734
0.99028181
1.1902438
1.0615651
1.1915828
1.1897706
0.91349133
0.88777746
0.88545221
1.204479
1.2044809
1.2042255
1.2060347
1.2036756
1.2053117
0.9138968
0.88354596
0.88954732
1.2026806
1.2043736
1.2041344
1.1988527
1.2041829
1.2035267
1.2026424
1.2022724
1.2041843
1.203187
1.180847
1.204025
1.2036192
1.2011699
1.196376
0.99831299
0.99710707
1.1907898
1.0685887
1.195981
1.1920805
1.2048156
1.2048758
1.2042215
1.1991301
1.2046336
1.2051923
1.203192
1.199367
0.9963337
1.1923953
0.99469937
1.1969979
1.0692804
1.1970692
1.204375
1.2037823
1.1788032
1.2033235
1.2026476
1.2041261
1.2035243
0.91397402
1.2042279
1.2039026
1.2034384
1.2064897
1.2038907
1.2006379
0.88937239
0.88731347
1.2038035
1.2035323
1.203208
1.2051768
1.2025956
1.2042778
0.88654257
0.88321666
1.1990483
0.99814239
1.1915598
0.98883827
1.1966128
1.1964363
1.0600132
1.2028419
1.203019
1.1806119
1.2022974
1.2024717
1.2028892
1.2013221
1.2026378
1.2034152
1.2031197
1.1985709
1.2035654
1.2010286
1.2024603
1.2020667
1.203298
1.1784048
1.2019584
1.2004125
1.2025589
1.2011214
1.1981552
0.99676919
0.98929026
1.1940969
1.062831
1.1985274
1.1942504
1.2023828
0.99736096
0.98764815
1.1951286
1.199285
1.0614211
1.1994218
1.2034986
1.203268
1.1834273
1.2034766
1.2034754
1.2037581
1.2028366
1.2021476
1.2025456
1.1797076
1.2004164
1.2034873
1.201465
1.2017814
1.2011213
1.1940093
0.99093002
0.94493767
1.1985193
1.1951801
1.0430447
1.202122
1.1561274
1.1999225
1.2011379
1.2017377
1.2030343
1.2001611
1.1918687
1.1917851
0.97548139
0.94469206
1.024253
1.193996
1.1913034
1.2014746
1.2022333
1.1777263
1.2009432
1.2020033
1.2014869
1.1997589
1.2012512
1.1476321
1.2001689
1.1995845
1.2014017
1.1995757
1.2005258
1.204296
1.2042175
1.1803767
1.200878
1.2045098
1.2040317
1.2027284
1.2004396
0.98424857
1.1921126
0.93928555
1.1963636
1.0351107
1.1934608
1.2039723
1.1344028
1.199361
1.200426
1.2020779
1.2019602
1.2017956
0.91252756
0.90918763
1.1996158
1.2009474
1.1957333
1.1946656
1.1990432
1.1324979
0.80914783
0.91139266
1.1991534
1.2008946
1.2018903
1.1938903
1.1901187
1.1601796
0.81188336
1.198459
0.99061213
1.1891643
0.94709388
1.1899347
1.1919615
1.0401507
1.200808
1.1502841
1.199662
1.2009704
1.2002052
1.2008086
1.2008023
1.2032192
1.1916191
0.98990606
0.94324134
1.03964
1.197738
1.1957165
1.2015958
1.1781235
1.2025057
1.2008647
1.2028874
1.2009706
1.2017739
1.2012546
1.1430603
1.2001228
1.1997137
1.2012656
1.2015219
1.2005515
0.90725754
0.81080828
1.2002559
1.2000297
1.1924134
1.2002396
1.1884012
1.1275641
0.90697191
0.90760183
0.8107937
1.2013768
1.1986276
1.2002964
1.1884018
1.1953543
1.1566136
1.2004812
1.1793992
1.2015107
1.200204
1.2008747
1.2003279
1.2002072
1.2005968
1.1522765
1.2006609
1.2019932
1.200621
1.2017989
1.1999188
1.1944336
0.98486102
1.1929918
0.9477539
1.1932147
1.1934159
1.0320775
1.1991914
1.1533704
1.19574
1.200264
1.1996967
1.2005911
1.1980913
1.2015656
1.1819288
1.2030132
1.2008499
1.2025406
1.2014409
1.2023614
1.2004445
1.155431
1.1996148
1.2003169
1.1996732
1.2004381
1.1998897
1.2100081
1.2018055
1.0151307
1.2055278
1.1309023
1.1999697
1.1812379
1.1975224
1.19654
0.95271
1.2061732
1.1433319
1.1887068
1.1468764
0.93751401
0.81548177
0.81230514
0.81266028
0.8366966
0.89577609
0.86980355
0.95930543
0.81210493
0.81397968
0.81454842
0.88951798
0.84495428
0.86997944
1.1956752
1.2010974
0.99948566
1.2009081
1.1533085
1.203512
1.2135411
0.94973527
0.81418689
0.81270918
0.81543972
0.87706727
0.84200867
0.88167665
1.158805
0.98865512
1.1960387
1.197736
1.1031953
1.1873748
1.1936699
1.1642922
0.98825056
1.2045552
1.1999242
1.1312966
1.2194972
1.2038733
1.2002708
0.99501359
1.200875
1.1996608
1.1657612
1.2108796
1.2013373
0.97028326
0.87174576
0.86300907
1.1566057
1.0536316
1.2042541
1.1815465
1.2033184
1.0307696
1.0533663
1.2031342
1.1659268
1.1997925
1.0273681
1.0932009
0.98249504
1.2045619
1.1888279
1.2030787
1.1922645
1.0908383
0.96637036
1.2034782
1.1773793
1.2009996
1.1920022
0.90880175
0.89916287
0.97734881
0.87330604
0.86532023
1.1683057
1.061269
1.204141
1.1873241
1.2041552
1.0333538
1.0606988
1.2028671
1.1755908
1.0282735
1.2037236
1.102589
0.98915764
1.1968547
1.2050077
1.2041642
1.1994191
0.91315105
0.90029286
1.10176
0.97721604
1.204879
1.1861873
1.2041336
1.1987621
0.89014177
1.1384891
0.94574169
0.89267584
1.137433
0.94660329
0.87783647
1.1664448
1.1656528
0.97112385
0.95276597
0.85818664
0.8598975
1.1027481
1.0328621
1.193944
1.1521969
1.0147944
1.1928391
1.0352901
1.1971188
1.1531245
1.0169216
1.1982207
0.8910773
0.87900571
1.0667256
0.93847613
1.1634555
1.1922372
1.1929807
1.1617127
1.0683134
0.93996076
1.166581
1.1992527
1.1991608
1.1661899
0.86357099
1.0985949
0.92454132
0.87938812
1.0377452
0.9235506
0.86523008
1.1224573
1.0718735
0.94016415
0.86979658
1.105444
0.93134232
0.87901643
1.0629087
0.93164438
0.87024666
1.1282479
1.090468
0.9465714
1.2000152
1.0335164
1.1991996
1.1722484
1.1975892
1.0889654
1.2007391
1.1985648
0.98740172
1.2025958
1.1531887
1.1927349
1.0664998
1.2026841
1.2001949
1.0326698
1.2016821
1.1757891
1.1991245
1.0911427
1.2014353
1.1978667
0.99067379
1.1597349
1.1990316
1.0712673
1.1957526
1.1991157
0.95854895
0.82885106
0.98263952
1.0140614
0.86629212
0.92787792
1.0344664
0.98002021
0.82778372
1.0020059
1.0220477
0.87509398
0.9315439
1.0658266
1.2045867
1.0551722
1.2047013
1.197691
1.2045432
1.2046421
1.1338473
1.2043033
1.0599779
1.2043435
1.1976868
1.2043433
1.2044088
1.1369799
1.2044342
1.0558877
1.2047569
1.1963886
1.2046553
1.2048982
1.1364707
1.2038112
1.0557238
1.2037385
1.1981817
1.2040861
1.2028783
1.134524
1.2044768
1.0598658
1.2043533
1.1986045
1.2045297
1.2043009
1.1413777
1.204271
1.0600882
1.2041425
1.1987531
1.2041285
1.2043958
1.1420234
1.2033048
1.0540636
1.2035847
1.194984
1.1334442
1.2035086
1.203529
1.2039321
1.0600538
1.2041794
1.1967322
1.1342159
1.2046446
1.2041185
1.1987251
1.0236173
1.2012789
1.2006619
1.2021922
1.197482
1.1452879
1.1995412
1.0443214
1.1876804
1.2019283
1.2019273
1.1426252
1.2000241
1.1978291
1.0191384
1.200274
1.1903157
1.1971122
1.1997491
1.1284387
1.1979883
1.032367
1.1852637
1.1991065
1.2004016
1.1277186
1.1970411
1.1979584
1.020445
1.1944739
1.2005179
1.2021075
1.1364824
1.1965433
1.1982198
1.035981
1.1867618
1.201342
1.2025892
1.1355366
1.1961778
0.97271106
0.87187728
0.86368145
1.1615532
1.0581495
1.2042355
1.1817828
1.0305118
1.2042515
1.0582471
1.2039323
1.1752513
1.0270387
1.204058
1.0972181
0.98323373
1.2058184
1.1939304
1.197763
1.2044005
1.0965249
0.96896747
1.2051179
1.1871226
1.1973659
1.2042567
0.91106158
0.89936239
0.97262465
0.87334028
0.86440981
1.1635928
1.0569135
1.2040772
1.1862131
1.0329598
1.2042455
1.0559541
1.202692
1.1690354
1.0271653
1.2035372
1.0979405
0.98745116
1.2050384
1.1938003
1.195885
1.2042806
1.0928177
0.9716907
1.204425
1.180383
1.1938609
1.2039218
0.91090727
0.89995689
0.89116049
1.1345782
0.94807201
0.88978876
1.144587
0.9488095
0.88003588
1.1644664
1.1718158
0.97421294
0.95630445
0.86187346
0.85951338
1.1608683
1.0578237
1.1950798
1.1678048
1.0187739
1.2001682
1.0579987
1.1974846
1.1651085
1.02116
1.2008021
1.0823563
0.96668953
1.2043544
1.177658
1.1933588
1.2018393
1.0826971
0.96608314
1.2042296
1.1749956
1.1931965
1.2021254
0.93189598
0.88153158
0.86052954
1.1539791
0.95580952
0.86580555
1.1428796
0.95563822
0.8701239
1.1662727
1.1534526
0.99743655
0.85981215
1.1466321
0.95276354
0.86264074
1.1373636
0.95262135
0.86994049
1.1603643
1.148217
0.99429536
0.89297354
1.139579
0.94919339
0.89228547
1.1385638
0.94893138
0.87959112
1.1672034
1.1671814
0.97489468
0.97532684
0.86999584
0.86522061
1.1613552
1.0608155
1.2038341
1.1844396
1.2041973
1.0315829
1.0588445
1.203258
1.1742221
1.2034626
1.027099
1.1005977
0.98062144
1.205422
1.1951117
1.2043445
1.1955847
1.0981471
0.96916074
1.2048312
1.1848728
1.1949757
1.2038713
0.91138873
0.8992794
0.85889378
1.1400807
0.9474333
0.86366294
1.1327756
0.94740806
0.86732444
1.1565895
1.1448915
0.98795548
0.95531332
0.85763537
0.8582948
1.1593713
1.0554218
1.1969473
1.1622827
1.2009968
1.0168738
1.0589961
1.1978717
1.167402
1.2018217
1.0199198
1.0794243
0.95879186
1.2037352
1.1734116
1.2022968
1.1921579
1.0822692
0.96360211
1.2045115
1.1769147
1.1930524
1.2028618
0.91580604
0.87969403
0.86080338
1.1549795
0.95844772
0.86623812
1.1406179
0.95659433
0.86911102
1.1668257
1.1523166
0.99774923
1.1969492
1.0237167
1.1956232
1.1995454
1.1444346
1.1995124
1.1974883
1.1952258
1.0422319
1.1860081
1.1964755
1.1411004
1.1975013
1.1940977
1.1984918
1.0229485
1.2004172
1.1965013
1.1970825
1.2010586
1.1439372
1.1993102
1.0431803
1.1833611
1.2008609
1.2018544
1.1402597
1.1974662
0.88987734
1.143437
0.94985508
0.89158667
1.1485548
0.94958153
0.8821048
1.1719418
1.1744147
0.97501897
0.97587458
0.87319911
0.86426233
1.1650138
1.0639179
1.2040285
1.1907665
1.2043869
1.0348728
1.0572111
1.2016588
1.16944
1.0286791
1.2015689
1.1026628
0.98970302
1.1976104
1.2054355
1.2046603
1.1955361
0.91227778
0.90096679
1.0965454
0.97116159
1.2017249
1.1798927
1.1924303
1.2017584
0.86146853
1.1569384
0.95786139
0.86591048
1.1418725
0.9575721
0.87197404
1.167956
1.1527841
0.99949907
0.95555636
0.86236874
0.85946149
1.1613668
1.059125
1.1933189
1.1648248
1.1975137
1.0184874
1.0543946
1.1908576
1.1639238
1.1955144
1.0150826
1.0813425
0.97185916
1.2006749
1.1736246
1.199059
1.1927767
1.0785198
0.96420787
1.1992316
1.1726501
1.1906375
1.1972145
0.92034586
0.88182413
0.86024304
1.1493463
0.95516434
0.86468132
1.1393381
0.9529946
0.86923314
1.1607869
1.1497206
0.99494126
0.97032046
0.87098837
0.86352983
1.1617812
1.0567276
1.2037755
1.1835513
1.2039658
1.0307722
1.0560692
1.2033968
1.1715548
1.2033807
1.026576
1.0953821
0.98163583
1.19234
1.204517
1.2039464
1.1952091
0.90972855
0.89914514
1.093887
0.97240086
1.2036073
1.1819718
1.2035112
1.1945498
0.97224147
0.87277209
0.86526979
1.1613171
1.0558298
1.2039796
1.1828315
1.2039296
1.0342907
1.0542846
1.2019822
1.1695292
1.2023156
1.0286844
1.0950419
0.98538599
1.1909771
1.20416
1.2037224
1.1948157
0.9106093
0.9006079
1.0940028
0.97032076
1.2038827
1.1821069
1.2029159
1.1947743
0.86086216
1.1458453
0.9532815
0.86617201
1.1340119
0.95249375
0.87215936
1.1637914
1.1484342
0.99515905
0.86008387
1.144204
0.9475408
0.86268994
1.1375809
0.94744511
0.86868291
1.1585344
1.1493509
0.98789032
0.9592928
0.8608612
0.86100072
1.1608351
1.0591861
1.1957355
1.1638911
1.1996077
1.0213514
1.0601462
1.1976379
1.1661326
1.2007903
1.0205798
1.0821408
0.96589487
1.2021797
1.1730386
1.1925926
1.2009989
1.083139
0.9669762
1.2031436
1.1765362
1.1922817
1.2018886
0.92475823
0.88264266
1.1989876
1.0232862
1.2000798
1.1917189
1.2007956
1.197898
1.1351582
1.1988899
1.0360741
1.1821862
1.1997847
1.1991117
1.1337457
1.2006895
1.1984922
1.0219226
1.1914436
1.2013997
1.1371496
1.2007472
1.1998351
1.1971064
1.0366464
1.1819081
1.1984644
1.1348697
1.1995477
1.1957427
1.2022136
1.022974
1.1971885
1.2022131
1.2027196
1.1345685
1.2006829
1.2021312
1.034289
1.1877478
1.2022923
1.200759
1.1329841
1.2027779
1.2031491
1.0411969
1.2020606
1.1711058
1.2018629
1.2024585
1.0969059
1.204185
0.98561249
1.2050216
1.170775
1.2052105
1.1986384
1.0809065
1.1930507
1.0283006
1.198198
1.1710653
1.0814391
1.1968633
1.1981124
1.1883451
0.98496069
1.2034184
1.1351252
1.0578367
1.196294
1.2010046
1.199209
1.0349234
1.2013384
1.1753493
1.1974216
1.2022151
1.0927543
1.1990668
0.97788121
1.1550707
1.2017078
1.2010021
1.0711133
1.193832
0.8663385
1.1046297
0.93169959
0.87896734
1.0705913
0.93453053
0.87096302
1.1264511
1.0953646
0.95004509
0.86823772
1.1040454
0.92934603
0.8758567
1.0591503
0.93032702
0.86857386
1.1288762
1.0895085
0.94694814
0.91116571
0.85282944
0.84065898
1.0589117
0.97944104
1.1764255
1.122295
1.1920901
0.93502609
0.96762449
1.1184487
0.99951239
0.92613367
1.168437
0.9985495
0.94052753
1.1412289
1.1926539
1.1950115
1.1333661
0.87889857
0.85969929
0.98487601
0.90145232
1.1501814
1.0143577
1.1129985
1.1615369
0.91283035
0.85341697
0.84220684
1.068617
0.9716688
1.1590788
1.106812
1.1880534
0.91263315
0.96080837
1.0745048
1.0105694
0.90147774
1.1689622
1.000533
0.94079349
1.1340827
1.1974058
1.1944238
1.1440116
0.87465259
0.84973165
0.99016527
0.90377429
1.1759894
1.0437392
1.1298045
1.1831996
0.80810993
0.9444167
0.82234356
0.80581244
0.95415803
0.82304061
0.84390438
0.95863634
0.97637431
0.83747428
0.95697644
0.85892424
0.86147129
1.1100379
1.0327876
1.1961062
1.1476673
1.0133383
1.1963684
1.0360291
1.1969995
1.1544309
1.196582
1.0170767
0.89707592
0.87881551
1.0676013
0.93884994
1.1599264
1.1977619
1.1975019
1.1691165
1.0716396
0.94299374
1.1644724
1.1930497
1.1965947
1.1714935
0.8660616
1.1067083
0.92846448
0.87960745
1.058761
0.93110975
0.86769182
1.1293333
1.0836711
0.94429552
0.91019857
0.85084107
0.84448565
1.0628435
0.94954109
1.1660217
1.0809955
1.1668094
0.92377508
0.94158462
1.0851684
0.98722647
1.1061471
0.91251346
0.99242577
0.93401755
1.1145507
1.1972183
1.183036
1.1353519
0.86806721
0.85424337
0.98444145
0.91128182
1.1702426
1.0283309
1.1551225
1.1242296
0.80570852
0.94007749
0.82688531
0.80703882
0.94474086
0.82716578
0.84633436
0.9706123
0.9684403
0.84776411
0.90857137
0.85356583
0.8456438
1.0664034
0.966919
1.1772198
1.1068443
1.1885709
0.93037967
0.95784852
1.1132565
0.99793855
0.91996018
1.1571316
0.99357725
0.94200622
1.1274334
1.1908463
1.1328326
1.1915454
0.87253944
0.85734865
0.98223453
0.91406659
1.1608971
1.0248722
1.1196818
1.1676365
1.1959274
1.0386884
1.1971613
1.1708399
1.1992996
1.1946359
1.0912362
1.197726
0.98773843
1.1556383
1.2018355
1.1954815
1.07424
1.2015837
1.19995
1.0409237
1.2004137
1.1722146
1.0946285
1.2005937
1.2005241
1.2017109
0.9843162
1.2024716
1.1629482
1.0758457
1.1993919
1.2029291
0.94993849
0.85937942
0.85862255
1.0898041
1.0284042
1.1927747
1.1581203
1.0144738
1.1966463
1.0248817
1.1901271
1.1515178
1.1909955
1.0110192
0.88516149
0.87941994
1.0610127
0.94264581
1.1715359
1.2001105
1.1993184
1.1541905
1.0572012
0.93734841
1.1639784
1.1870575
1.1919603
1.1492358
0.86361823
1.1057782
0.9284275
0.88077546
1.0505525
0.92738477
0.87247988
1.1286307
1.0834194
0.9440697
0.91102813
0.8548576
0.8409897
1.0906139
0.97173223
1.1643814
1.112757
0.9213499
1.191491
0.96139013
1.0843529
1.0301584
1.1688805
0.91006436
0.87467697
0.85391274
0.99868492
0.94628339
1.136298
1.1985768
1.195407
1.158765
0.99169719
0.90352365
1.0816531
1.2000178
1.1877547
1.1558878
0.80675483
0.9822453
0.83166331
0.80629023
0.93839549
0.82106232
0.83977215
1.0214346
0.94606661
0.8422448
0.91228623
0.8521411
0.83824581
1.0478383
0.96208212
1.1785794
1.097243
0.93142798
1.1816619
0.95275826
1.1159131
0.99242287
0.92065253
1.1393884
0.87279494
0.85778323
0.99774838
0.94091867
1.1279825
1.1930715
1.1269564
1.1890492
0.98666859
0.89148889
1.0133313
1.135953
1.0985327
1.1595733
0.8675371
1.0983067
0.93095619
0.88047372
1.0537451
0.92775009
0.86607024
1.1213462
1.087849
0.94615478
0.86593405
1.1012406
0.92885884
0.88093743
1.0565275
0.92753755
0.86777204
1.1256087
1.0852725
0.94363981
0.9529417
0.85873987
0.86030178
1.105322
1.0314371
1.1950725
1.1490826
1.0171088
1.195424
1.035477
1.197253
1.152144
1.0170883
1.1983353
0.88632624
0.88009612
1.0657017
0.93634402
1.1620128
1.1918243
1.1632034
1.1958732
1.069761
0.94194026
1.165159
1.1978191
1.1685448
1.1989845
0.8066321
0.92838779
0.82315596
0.80643611
0.9409591
0.82618006
0.84725541
0.94105984
0.97000477
0.84327198
0.91221867
0.8522302
0.84311357
1.0478112
0.96954277
1.179236
1.1025369
0.9311013
1.1869513
0.9578864
1.1070549
0.98422812
0.91994323
1.1406159
0.8755496
0.85767637
0.99881886
0.9377074
1.132328
1.1916431
1.1197249
1.1928934
0.9862757
0.9059271
0.99699925
1.1385807
1.0988332
1.1610872
0.9098574
0.85311851
0.8437278
1.0693987
0.96593853
1.1805142
1.1073965
0.93378551
1.1910679
0.95444758
1.1187318
0.98979455
0.9231929
1.1464199
0.8728286
0.85908718
0.99483193
0.94033962
1.1309327
1.1947693
1.1393058
1.19418
0.98339333
0.91071508
1.0250977
1.1678435
1.1270724
1.1609477
1.1940844
1.0329003
1.1980114
1.1718288
1.1987077
1.1951556
1.0878717
1.193749
0.98968788
1.1467281
1.1986164
1.1950055
1.0658805
1.1991319
0.97258389
0.83465207
1.0099815
1.0559793
0.86522571
1.0811431
0.93545703
0.97241075
0.8247314
1.0213722
0.98997982
0.86679164
1.0671299
0.89715799
0.97454807
0.82502317
0.99349491
0.97879558
1.0341375
0.87730701
0.8968588
0.98199759
0.83054905
1.0088459
1.0377393
0.92703944
0.8770454
1.0700876
1.0112517
0.82848708
1.0552651
1.0162834
1.1183299
0.88809775
0.91175961
0.95447335
0.82695017
0.99216937
1.0128102
0.90961894
0.86125061
1.0407045
1.1629624
1.2041499
1.205538
1.2051002
1.2041175
1.2026615
1.1542961
1.2037437
1.2042828
1.2044017
1.2042043
1.2042581
1.2041598
1.2038339
1.1717137
1.2051057
1.2043135
1.205195
1.2048243
1.1567058
1.2047875
1.2023198
1.2032082
1.2037572
1.2036368
1.2031849
1.2012774
1.2031531
1.1438212
1.1998879
1.2021305
1.2018153
1.1279875
1.1987495
1.2020432
1.1209353
1.1207927
0.94473442
0.93710149
1.124393
1.1170039
0.94221054
1.1249733
0.94426078
1.1239237
0.93787626
1.1275114
0.94218687
1.1207911
0.81894251
0.80252861
0.80260635
0.80762434
0.80444009
0.81317589
0.81309152
1.2043535
1.2044809
1.2044108
1.2044827
1.2044252
1.204462
1.2044957
1.1600616
1.1521701
0.96387027
0.96514429
1.1547235
1.1568179
0.96904666
1.1561158
1.1507449
0.96328332
0.96311792
1.1531012
1.1528777
0.96734961
1.1618978
1.1527772
0.96531925
0.96476854
1.1573735
1.1567479
0.96997698
1.1585732
1.1514417
0.9636857
0.96413097
0.9683784
1.1536819
1.155493
1.2035598
1.20369
1.2038363
1.2034795
1.2037438
1.2035372
1.2036609
1.2043313
1.2044264
1.2044207
1.2043541
1.204378
1.2043213
1.2044
1.1429771
0.95335022
1.1273568
0.95015664
1.1367288
0.96223047
1.1323948
1.2040068
1.2043838
1.2042685
1.2042313
1.2042901
1.2042833
1.2037512
1.1384686
0.95119602
1.1256787
0.94735192
1.1347842
0.95954996
1.1282937
1.2043525
1.20448
1.2044507
1.2043776
1.2044476
1.2043819
1.2041358
1.1337204
0.94675528
0.94236136
1.118674
0.95482431
1.1288712
1.1224228
1.1682512
1.2044297
1.2053089
1.205347
1.1546515
1.2049951
1.2049948
1.1654164
1.2048771
1.2052605
1.2051253
1.1556734
1.2049314
1.2047244
1.1525478
1.2036488
1.2009946
1.2022274
1.1300942
1.2025074
1.2028974
1.1702057
1.2043722
1.2050767
1.205003
1.2048966
1.2047134
1.1554859
1.1524085
1.2038809
1.2022013
1.2026409
1.2034213
1.2038512
1.1312377
1.1425161
0.95573359
0.95336152
1.1283022
0.96545855
1.1373957
1.1324309
1.2048231
1.2042414
1.2045088
1.2041665
1.2044283
1.2035483
1.2046985
1.1422928
0.95183045
1.1253142
0.95164542
1.1350178
0.96422217
1.1316856
1.1692796
1.2048605
1.2040348
1.2038581
1.2045934
1.1571038
1.2032835
1.1466249
1.2018039
1.1982301
1.1970914
1.1996119
1.1984237
1.1241657
1.1669325
1.2050992
1.204241
1.2050792
1.204858
1.2049137
1.1548683
1.1667329
1.2048748
1.2035135
1.204104
1.2038706
1.2045765
1.1572604
1.1525909
1.202766
1.2008349
1.2016032
1.2018193
1.2023884
1.1305305
1.203423
1.203875
1.2038563
1.2031698
1.2039088
1.2030257
1.2034333
1.1420361
0.95453208
1.1274113
0.95176782
1.1317234
1.1365357
0.96433568
1.140869
0.95370274
0.94988638
1.1281586
0.96206134
1.1371972
1.1305632
1.2036897
1.2035681
1.2038572
1.2033428
1.2036411
1.2036366
1.2038449
1.1441691
0.95482631
0.95084425
1.130204
1.1342713
0.96303775
1.1391773
1.1218603
1.1210425
0.94349951
0.9362449
1.1253077
1.117243
0.94138509
1.2009706
1.2002195
1.1995837
1.1997808
1.200454
1.2023201
1.1999928
1.1175455
1.1192378
0.94085912
0.93508738
0.93873045
1.1210821
1.1155901
1.2011477
1.2002632
1.200724
1.2000586
1.2011019
1.2002516
1.2007665
1.1114432
0.93549083
1.1118251
0.92946733
1.1149789
0.93365298
1.107864
1.203705
1.1999145
1.2010725
1.1976808
1.2030915
1.2021654
1.2018144
1.0699895
1.1813651
1.2041946
1.162238
1.1941585
1.0166205
1.1861202
1.0579809
1.1652619
1.202891
1.1333507
1.1919893
0.98014441
1.1825371
1.1475365
1.2012646
1.2014985
1.201763
1.2007708
1.1298254
1.2008126
1.0211965
1.1661314
1.1972804
1.132087
1.1338568
1.1643815
0.99664407
1.0517963
1.1809741
1.2003554
1.1580702
1.1910516
1.0095996
1.1788928
1.1216694
0.94643913
1.121682
0.9382268
1.1178383
1.1251998
0.94376593
1.2004313
1.1983156
1.199887
1.1998486
1.1995328
1.2006273
1.2003706
1.1207737
1.1182624
0.94480124
0.93433871
0.9425352
1.1242236
1.1142194
1.2013167
1.2006584
1.2001878
1.201108
1.2008538
1.2014049
1.2010137
1.1344545
1.1977342
1.1966649
1.2009008
1.1969147
1.1218805
1.1984712
1.0603071
1.1704042
1.1391004
1.2001467
1.1811184
0.99234108
1.1918658
1.0421619
1.1822583
1.1593878
1.1986476
1.0119717
1.1847266
1.1665395
1.1435032
1.2002135
1.2011854
1.201437
1.1284694
1.2000177
1.2011717
1.0513818
1.1809814
1.1514301
1.1983982
1.0104644
1.1860666
1.1638355
1.0493717
1.1857087
1.1616816
1.1981895
1.0155837
1.1921981
1.1729795
1.2001789
1.20091
1.2002413
1.1986234
1.1996181
1.1993144
1.1993472
1.120345
0.94312138
1.1218288
0.93694273
1.1187009
1.1234275
0.94065417
1.1990619
1.2004591
1.1957061
1.1993069
1.1980043
1.1998721
1.1980767
1.2009915
1.2008797
1.1994153
1.200351
1.2002722
1.2014373
1.2000386
0.81547148
0.80216021
0.80205715
0.80590407
0.80346501
0.81188717
0.81081759
0.81717488
0.80212243
0.80235339
0.80646775
0.81243865
0.80400785
0.81135769
0.81836724
0.80268292
0.80240923
0.80699641
0.81226186
0.8043744
0.81314399
1.1999169
1.1994885
1.1891973
1.1974872
1.1763453
1.1984831
1.1899858
1.1944387
1.1997256
1.2001893
1.197886
1.1875287
1.1977879
1.1992831
1.0774892
1.1711436
1.1512878
0.99457932
1.1770233
1.0498305
0.99362632
1.0962567
1.1946862
1.1604662
0.96698681
1.1961655
1.074175
0.99879715
0.97285584
1.0687536
0.9042122
0.98217988
0.90785984
0.97550819
1.073198
0.9058843
0.98372236
0.91014494
1.0683475
1.1623275
0.96323944
1.1310644
1.1652378
1.0520238
0.98212271
0.97258074
0.87420129
1.0481372
0.97589699
0.87734627
0.92393316
0.97668994
0.87750667
0.92574468
0.87517052
0.98129837
0.88457841
1.0561849
0.98268628
0.88334744
0.92195649
0.87638299
0.98761012
0.93017578
0.88000502
1.2020535
1.2054492
1.1785671
1.1760214
1.1124839
1.2035222
1.2041239
1.1995807
1.2004274
1.1824674
1.1766806
1.1146683
1.2010416
1.1993774
1.0320798
1.1453303
0.99769029
1.038034
0.89930829
1.0735162
1.1170522
1.2043839
1.204318
1.2000731
1.2004304
1.2043547
1.2043226
1.1645187
1.2045155
1.2050218
1.1984365
1.2005707
1.2049136
1.2045891
1.1664021
1.2042612
1.2040999
1.2009453
1.2010773
1.2041934
1.2041113
1.1702664
1.2037242
1.203688
1.1980225
1.199031
1.1632955
1.2035795
1.2039716
1.2009852
1.203684
1.1987986
1.1920804
1.2030091
1.2026004
1.1594289
1.1996919
1.202339
1.1930138
1.189336
1.2011105
1.2015417
1.1479799
1.2015617
1.2041676
1.194043
1.1906928
1.2038431
1.2037588
1.1532582
1.0911745
1.1919925
1.153757
0.96536327
1.1937344
1.0700289
0.99421803
1.096878
1.1940434
1.1608912
0.96707296
1.194345
1.0763054
0.99831484
1.0773733
1.1708683
1.1535129
0.99607741
1.1786151
1.0517587
0.99430738
0.97362568
1.0705577
0.90707308
0.98198187
0.90878163
0.97728234
1.075813
0.90630421
0.98550975
0.91100534
1.0704318
1.1646893
1.1394726
0.97330845
1.1708264
1.0567046
0.98443145
1.0673469
1.1644406
1.1361612
0.97518369
1.171145
1.0541245
0.98095689
0.9976971
1.0491061
0.88464529
1.0144991
0.8926126
0.98732368
1.0682538
0.87988661
0.99952189
0.90031113
0.9960166
1.0426495
0.8841591
1.0082024
0.89047777
0.97969158
1.0634751
0.8831213
0.98987266
0.90028766
0.97462536
1.0696855
0.9056729
0.91032595
0.98345832
0.97352322
1.0716175
0.9053773
0.98301624
0.91021714
1.0931659
1.1924624
1.1568134
0.96437345
1.1942465
0.99407067
1.0714988
1.0829939
1.174117
1.1613313
0.99437523
1.1840465
0.99943006
1.0507453
0.99387856
1.0430367
0.8840468
0.89007048
1.009762
0.97441449
1.0593013
0.88022758
0.98542921
0.89732177
1.0630399
1.1628123
1.1315422
0.96768934
1.1695939
0.97522014
1.0507446
1.0712431
1.1650879
1.1395516
0.97675228
1.1718643
0.98748646
1.0595876
0.99847111
1.0464685
0.88314721
0.89157064
1.0147136
0.98255781
1.0684383
0.88305959
0.90619712
0.99457112
1.1978832
1.2011368
1.1944636
1.1908842
1.1577628
1.1999575
1.1994343
1.2010962
1.2034544
1.1940295
1.1883958
1.202365
1.2028324
1.1573501
0.97799535
1.07453
0.9057825
0.91048586
0.98786555
0.97787332
1.0778661
0.90720467
0.98766816
0.9109393
1.0986721
1.1946404
1.1625723
0.9680867
1.1956276
0.99913404
1.0758976
1.000068
0.88538172
1.0476683
0.89220699
1.0141396
0.99026646
1.0661167
0.88254638
1.0031632
0.89893311
1.0702114
1.1616
1.1362668
0.96710743
1.1670626
0.98533402
1.0601678
0.99625067
0.88596302
1.0450963
0.89248044
1.0110786
0.98696366
1.0646775
0.88065438
0.89936691
0.99612731
1.0804493
1.173255
0.99687387
1.1571208
1.1806596
1.0523676
0.99733949
1.0944949
1.1946924
1.1601665
0.96536251
1.1957523
0.99582455
1.0732696
1.0800046
1.1709538
0.99463736
1.1562197
1.1812042
1.0506733
0.99652735
0.99817692
0.88434331
1.0449801
0.89149971
1.0131824
0.98382641
1.0595362
0.8783326
0.89697208
0.99639836
0.9956472
0.88443975
1.0453215
0.89146407
1.0104642
0.98258449
1.0613592
0.87705885
0.89571316
0.99268506
1.0662253
1.1622297
1.1327263
0.96938633
1.167674
0.98286374
1.0547999
1.0692331
1.165876
1.1363175
0.97245389
1.1721106
0.98123493
1.0615942
1.2004023
1.2019048
1.1949122
1.1880603
1.2013882
1.1539074
1.2013606
1.199391
1.2013004
1.1915152
1.1866785
1.1516999
1.2008125
1.2005351
1.2025794
1.203435
1.1973514
1.1916552
1.2031336
1.1525419
1.2031925
1.2041502
1.2034246
1.1765408
1.1863009
1.2033166
1.2047847
1.1204729
1.1956198
1.2006621
1.1782124
1.1599242
1.1032778
1.1994333
1.1999863
1.2010514
1.2028852
1.1818927
1.1768591
1.2027654
1.2015742
1.1162056
0.98083833
0.8803134
1.0549733
0.8777138
0.98242629
0.92550898
0.99075551
0.87849323
0.93187552
0.88255183
0.97601614
0.87725532
1.0496367
0.87273408
0.97864226
0.91691945
0.97228063
0.87356301
0.91938862
0.87488014
0.95607814
1.0036808
0.87683024
0.98452962
1.0443163
0.89482948
0.9231796
0.91829006
0.94952481
0.8547476
0.93740641
0.98975023
0.87138763
0.88989433
0.83363051
0.8222435
0.88042663
0.83112195
0.84769128
0.97629671
0.88739815
1.0544481
0.88129546
0.97767815
0.92581985
0.98660717
0.87958423
0.88068042
0.93043791
0.89667253
0.9658222
0.8590452
0.9058997
0.95187799
0.90089056
0.85629933
0.83524913
0.82297663
0.86143324
0.82422079
0.83746834
0.9896123
1.0969073
1.048765
0.91215153
1.1020411
0.9335594
0.9748638
1.2001524
1.2016414
1.1747838
1.1729488
1.2009173
1.112859
1.2016648
1.2014058
1.201227
1.1795336
1.183012
1.1170205
1.2010815
1.2025248
1.0729339
1.1609757
0.96911182
1.1330097
1.1648752
0.98805867
1.0573712
0.98112492
0.88029364
1.0555706
0.88383407
0.98028744
0.9268982
0.88049992
0.98338318
0.8792477
0.92835559
0.93291971
0.96406101
0.86175579
0.95508571
1.009814
0.9000401
0.87997699
0.83910491
0.82517029
0.89176679
0.83475849
0.85613773
0.83880716
0.82572474
0.87852872
0.83007065
0.84701913
0.98532336
1.099932
0.91348141
1.0445831
1.0979972
0.92894181
0.97795399
0.97673185
0.87894706
1.0501409
0.9750987
0.88324044
0.92599843
0.88020179
0.98411125
0.92845099
0.87848184
0.973303
0.88257253
1.0483579
0.98083729
0.87262579
0.92784998
0.88026351
0.9876022
0.93098628
0.88105848
1.0671529
1.1611594
0.95993465
1.1274185
1.1640638
1.0519029
0.98090923
1.0704673
1.1634445
0.96475856
1.131329
1.1663969
1.0546127
0.98472095
0.84123723
0.82582417
0.88005547
0.84824274
0.83069358
0.84096025
0.82708626
0.88427906
0.84955889
0.83210044
0.98653703
1.0991933
0.91121108
1.0461326
1.1017646
0.97503207
0.92872765
0.927838
0.99111736
0.86834133
0.94633593
1.0052111
0.9141053
0.87524125
1.1978846
1.1989813
1.1780891
1.1696269
1.1992679
1.1103768
1.199014
1.0163093
1.1242943
1.0185036
1.0441976
0.8880029
1.0909579
1.0947107
1.0517456
1.1531892
1.039532
1.0335951
1.1208709
0.90954243
1.1076332
1.0271483
1.1268325
1.0975937
0.99868985
1.1680798
0.89738908
1.0568261
0.93220642
0.94271723
0.94003338
1.1906224
1.1905513
1.185411
1.204761
1.0765063
1.2052384
1.2048069
1.2026979
1.2015835
1.2049434
1.2046004
1.0669166
1.2045363
1.2045376
1.2024968
1.1988293
1.2051797
1.2045121
1.0674205
1.2047638
1.2043706
1.2006639
1.1991013
1.204968
1.2045088
0.86646074
0.86733712
1.2037349
1.2015973
1.2022095
1.203661
1.2019245
1.2032346
1.2030807
1.2031791
1.204336
1.202655
1.2031126
1.2030128
1.2030663
1.2027801
0.86586796
0.85985014
0.86848275
0.86326343
1.127791
0.95614332
1.1391758
0.98069437
1.1288376
0.95509556
1.1400713
1.1224497
0.93926902
1.1261507
0.95108315
1.1176125
0.9450328
1.1297795
1.132177
0.95345429
1.1455007
0.98187533
1.1325698
0.95237541
1.1461432
1.1373816
1.1614755
1.0062335
0.98403708
0.95577036
1.1520001
1.1464596
1.1049592
1.0416461
1.0695227
1.1138421
1.0931955
1.1585623
1.162969
1.1136762
1.1161604
1.0927499
1.1775543
1.1894268
1.2181747
1.1601768
0.8282532
0.80586511
0.81678121
0.83839969
0.80814093
0.82272493
0.84435608
0.82988945
0.80585506
0.81786314
0.83645436
0.80875941
0.82205192
0.84755607
1.2047366
1.2046258
1.2064018
1.2044441
1.2046717
1.2044233
1.2045712
1.2046055
1.2044278
1.2054094
1.2044899
1.204673
1.204513
1.2044269
1.168301
0.97405812
1.1741105
1.0035436
1.1616872
0.9805068
1.1794594
1.1699406
0.97536523
1.178165
1.0058939
1.1656835
0.98057363
1.1815369
1.1637567
0.97357903
1.1721965
1.0023462
1.1591174
0.97863816
1.1761474
1.1645947
0.97242546
1.1727562
1.0020778
1.1601423
0.97753328
1.1763339
1.1730895
1.1886508
1.0396654
1.0368242
0.994889
1.1828399
1.1823918
1.2043873
1.2040097
1.2059622
1.2042034
1.2044962
1.2042942
1.2041508
1.2045255
1.2043319
1.2059188
1.2044565
1.2042291
1.2042554
1.2043377
1.1711852
0.97566423
1.1782192
1.0074278
1.1661702
0.98162951
1.1815764
1.1709588
0.97555124
1.177646
1.0055612
1.1653534
0.98172297
1.1813603
1.2043413
1.2040788
1.2054792
1.20406
1.2043591
1.2041175
1.2040918
1.1667359
0.97328058
1.0013933
1.1735164
0.97842563
1.1611161
1.1770898
1.1680633
0.97399085
1.0049447
1.176717
0.97895
1.1641032
1.1794221
1.2043124
1.2040844
1.2048265
1.2040891
1.2041376
1.2040581
1.2040976
1.2000878
1.2005263
1.2022984
1.2026434
1.2020108
1.2028666
1.2022302
1.155289
0.97066997
1.1616055
1.0147379
1.1484903
0.98261272
1.1675212
1.1477629
0.96249296
1.0039528
1.1495416
0.976255
1.1376001
1.1586924
1.1584802
1.1839483
1.0113931
1.0130367
0.99761469
1.1691945
1.1689321
1.2032085
1.2021133
1.1931323
1.2014779
1.2011447
1.2021211
1.2032281
1.150495
0.9680701
1.159105
1.0087281
1.1464197
0.98008602
1.1621503
1.1411809
0.9574267
0.99283635
1.142186
0.97078758
1.1319042
1.1499748
1.2015366
1.1997589
1.2008969
1.2017558
1.2025483
1.2026442
1.2018801
1.2045868
1.2040623
1.2031392
1.2042122
1.2054545
1.2048491
1.2045501
1.2032466
1.2009887
1.2037227
1.2038814
1.2033256
1.2041082
1.2041115
1.1477035
0.96470178
1.0069716
1.157254
0.97608304
1.1421116
1.1614141
1.1386265
0.9542331
0.99960501
1.1441379
0.96776803
1.1282711
1.1526156
1.1509362
1.178487
1.0044591
1.0092478
0.99044012
1.1627343
1.1629767
0.86811123
0.86808049
0.84200485
0.84306298
0.8417811
0.84237932
0.92908758
0.93527708
0.93486721
1.1863761
1.1888112
1.1841566
1.2043262
1.0596372
1.2046726
1.2043207
1.1994335
1.1988448
1.2045573
1.2043641
1.0647649
1.2045108
1.204488
1.2006528
1.19909
1.2047565
1.2043075
0.86822123
0.86884895
0.84167256
0.8411821
0.84335494
0.84397675
1.2036424
1.1981504
1.2013137
1.2035888
1.2012956
1.2029817
1.2029611
1.2012758
1.1995252
1.19894
1.2027893
1.2000412
1.2021068
1.2007582
1.1542186
0.97309042
1.015838
1.1607837
0.98620635
1.1488116
1.1651416
1.1467079
0.9664517
1.0055038
1.1462259
0.97993896
1.1371489
1.1543284
1.1544255
0.96967454
1.1600627
1.0158999
1.147104
0.98553623
1.1655397
1.1454122
0.96523794
1.0046698
1.1451119
0.97853747
1.1358415
1.1537341
0.86938646
0.86851582
0.93419345
0.94468111
0.93934444
1.1943448
1.1908639
1.1857306
1.2046262
1.0740238
1.2045722
1.2038386
1.2025288
1.1990373
1.2047738
1.2045231
1.0660548
1.2025508
1.2014417
1.1993006
1.1979383
1.204229
1.2029748
0.8444969
0.84256555
0.84282365
0.84276102
0.93090011
0.94162179
0.94262621
1.1898101
1.1898337
1.184072
1.2034653
1.0750478
1.2037475
1.2036551
1.2007782
1.2001176
1.2037593
1.2035347
1.0667475
1.2038796
1.203748
1.2003459
1.1980417
1.2038267
1.2035859
1.0681815
1.2035687
1.2032466
1.2001127
1.1979731
1.2037641
1.2034574
0.84220837
0.84243911
0.84191114
0.84176341
1.1539466
0.9721135
1.1603797
1.0165892
1.1480954
0.98509208
1.1649457
1.1448781
0.96430668
1.1434825
1.0021017
1.1354239
0.97822771
1.1517488
1.1548
1.1755024
1.0116392
1.0084914
0.99989607
1.1642314
1.1612107
1.2014835
1.1997716
1.2013011
1.2019738
1.2016383
1.2021371
1.2018332
1.1980983
1.1973319
1.2000337
1.1991187
1.2004407
1.2005958
1.2002007
1.2027237
1.2017188
1.2029937
1.2029984
1.2032297
1.2034034
1.2031893
1.1301107
0.95536944
1.1445708
0.98978966
1.1308911
0.95684874
1.1449011
1.1235695
0.93873639
1.1256014
0.95053243
1.1177197
0.9435193
1.1305936
1.1351794
1.1625139
1.0140375
0.98963881
0.95904119
1.1513298
1.1455562
1.1228679
0.94987264
0.97750729
1.1367514
0.94869559
1.1249472
1.1360799
1.1194308
0.9380816
0.94790629
1.1248721
0.94182746
1.1163617
1.1266576
1.2030986
1.2036206
1.1993755
1.2030623
1.2037072
1.2041021
1.204122
1.120843
0.94770261
1.1391501
0.98333432
1.1218281
0.94742317
1.139171
1.1132058
0.9311662
0.94299717
1.1168675
0.9355285
1.1083305
1.1204968
0.87097303
0.86436848
0.86532513
0.86251894
0.90149693
0.90206924
0.89895761
1.141248
1.0991143
1.1106101
1.1855354
1.0010274
1.1986321
1.1977172
1.1753138
1.1552551
1.1884178
1.1988081
1.004105
1.2015906
1.2012884
1.1797287
1.1669839
1.1936727
1.1992877
0.80438726
0.80451896
0.86787718
0.86294983
0.90287885
0.9041018
0.90725261
1.1488355
1.1135431
1.1139655
1.1929561
1.0017334
1.2002052
1.2002581
1.1819317
1.1646954
1.1976005
1.2008952
1.0086936
1.1948416
1.1977415
1.1818372
1.1590975
1.1891324
1.1976423
0.80535765
0.80543178
1.1286255
0.95883313
1.1412301
0.99074339
1.1302271
0.95812584
1.1410179
1.1235588
0.94044823
1.1265904
0.95200542
1.1183714
0.94677716
1.1304558
1.200745
1.1914769
1.2024878
1.2011002
1.2019867
1.2012161
1.201935
1.1279869
0.95786303
0.9886037
1.1405558
0.95731977
1.1292179
1.1407541
1.1232757
0.93721124
0.95129042
1.1235893
0.94576567
1.114908
1.1313724
1.1322746
1.1564668
1.0125255
0.98743196
0.95863127
1.1462572
1.1415287
1.2005733
1.2013761
1.1980825
1.2012127
1.2008686
1.2014782
1.2017125
0.86538738
0.86066996
0.80664232
0.80444961
0.89994134
0.89863769
0.89140369
1.1257964
1.1275867
1.0775021
1.1828869
1.009751
1.200748
1.2008558
1.1697824
1.1840107
1.1991549
1.2004469
0.99592789
1.1914489
1.1933444
1.1650089
1.137937
1.1799759
1.1929485
0.95836453
1.204518
1.1533118
1.1787078
1.1140039
1.1866271
1.2030705
0.86799548
0.85918108
0.86890191
0.86274514
0.80451139
0.80523349
0.89736615
0.90345662
0.90403344
1.1443105
1.0926528
1.1191579
1.1916326
0.99699637
1.1954252
1.1951487
1.1778437
1.1454037
1.1910681
1.1964076
1.0069161
1.1998938
1.1997219
1.1819357
1.1681556
1.1957702
1.2001197
0.98299049
1.1744811
1.1895865
1.1332901
1.1601287
1.1938983
1.1981899
1.200898
1.2006506
1.1947178
1.1999246
1.1999687
1.2006807
1.2013744
1.2014875
1.2031543
1.1742818
1.203286
1.2015063
1.2027706
1.2027195
1.1254856
0.95325335
1.1377893
0.98260252
1.1267459
0.95281481
1.1374929
1.1293516
1.1497337
1.0059382
0.98258669
0.95509532
1.1419274
1.1373059
1.2006854
1.1850054
1.199714
1.2003529
1.199051
1.1990345
1.199585
1.202465
1.2026598
1.1975886
1.2022473
1.2021174
1.2026262
1.2029339
1.1532473
1.1112594
1.1417889
1.1921459
1.1873881
1.2125985
1.1953555
1.1038957
1.0971463
1.0682056
1.167567
1.1340549
1.1650671
1.1408262
0.82769772
0.80627087
0.81890108
0.84519121
0.80779971
0.82470033
0.85074358
0.82521966
0.80556547
0.81670178
0.83371062
0.80745223
0.82032487
0.84350507
0.83496603
0.87404499
0.8233858
0.82329697
0.81217327
0.85496428
0.8543934
0.82736387
0.80549017
0.81624999
0.83370326
0.80818206
0.8206218
0.84119779
0.8284802
0.80600087
0.84079671
0.81770652
0.82332638
0.80817954
0.84754786
0.83340815
0.80665771
0.8220234
0.83965944
0.8099889
0.82438993
0.85748002
0.82639498
0.8056505
0.83598323
0.81630889
0.82134884
0.80776674
0.84244425
1.1421877
1.0520315
1.1217359
1.1512585
1.161697
1.2109858
1.1983125
1.0287576
0.87074387
0.86674358
0.90167258
0.89802379
0.95918005
0.86440074
0.87348408
0.95144719
0.86135981
0.8693905
0.87254686
1.0898128
1.0629847
1.0605561
0.95162012
0.97819202
0.97606919
0.93065133
0.91225411
0.86546479
1.0430229
1.0303972
1.1582187
0.90347165
1.1557755
0.9041147
1.0406833
0.94890548
0.86886888
0.90544299
0.99208654
0.89452491
1.047412
1.1681614
1.0369671
0.952034
1.1599402
1.0889474
0.90527571
0.93297806
0.90338534
0.85078541
0.98277216
0.85929719
0.89347095
1.003921
0.87706779
1.0864629
0.8981701
0.87032418
0.93572046
0.93346004
1.0397855
0.9873077
1.1393303
1.0873297
1.0714075
0.89158792
1.1723269
1.0087063
1.0333876
1.0833094
0.8904397
0.85752381
0.94074566
0.94611027
1.033155
0.99596748
0.90302485
0.89985966
0.8740057
1.0395762
0.86870935
0.9058711
0.90150663
0.95902636
0.86439793
0.87458028
0.93467078
0.91288061
0.86760798
1.0497954
1.0345083
1.1618551
0.90461074
1.1607281
0.90674373
1.0441483
0.95480022
0.87260326
0.90741894
0.99819892
0.89575313
1.0568949
1.0413378
1.1788494
0.95641363
1.1691652
0.90855648
1.1014286
0.93558699
0.9042806
0.85233813
1.0397045
1.0318715
1.1564708
0.89864355
1.1608472
0.90127149
1.0318583
0.98958064
0.86109176
0.89640165
1.011176
0.88022032
1.0966437
0.90081137
0.87084279
0.93965393
0.93809138
1.0480154
0.992243
0.90545507
0.90078134
1.1538247
1.1009032
1.0857369
0.89642575
1.1838046
1.0198705
1.0448466
1.0950251
0.89404194
0.86090419
0.94587434
0.94975886
1.0423317
1.0060108
0.93879861
0.89415888
0.94330818
0.86903083
1.0941653
1.0544659
0.95596615
0.89793627
1.016462
0.93055699
0.91830103
0.97920062
0.9568516
0.94183864
0.8953219
0.9471632
0.8673022
1.0991266
1.0557344
0.95613272
0.89688569
1.0177949
0.93369427
0.92066639
0.98036252
0.95929139
0.87460671
1.0136525
0.94293298
0.94135048
0.96293525
1.1872465
1.0961468
1.0048269
0.93007549
1.1508156
1.0515916
0.92236743
1.0259279
1.0243556
0.8730144
0.87162688
1.0839185
0.87328218
0.89915237
0.87038088
0.8969697
0.86668375
0.86881911
0.99277421
0.89295429
0.88793176
0.93339337
0.85693499
0.87207082
0.93540649
0.8570429
0.87297753
0.86803773
1.0437646
1.0107802
1.0129755
0.93004421
0.95411933
0.95488256
1.0345535
1.0203947
1.1472069
0.92155905
1.1371975
0.88520265
1.0625792
0.92481742
0.89775794
0.85812636
1.0271984
1.0144462
1.1305314
0.88255828
1.1318375
0.87893483
1.0248164
0.94331672
0.86135911
0.88004826
0.97735318
0.87466397
0.92695919
0.89221829
0.86080145
1.0290226
1.0165327
1.1325859
0.88410171
1.1345235
0.87893589
1.0257638
0.94106493
0.86160125
0.87990062
0.97761285
0.87555992
0.88593348
0.88204218
1.0835993
1.0429485
0.87005801
1.0169388
1.120399
0.96559009
0.99378656
1.0392322
0.87838516
0.85846405
0.91811677
0.91674699
1.0033805
0.96138064
1.0888045
1.0460088
0.87185699
1.0229193
1.12814
0.9702517
0.99480877
1.0406915
0.87623093
0.85876399
0.91646294
0.91642827
1.002694
0.96126066
0.91687656
0.86928974
0.92011833
0.86429587
1.0709992
1.0148214
0.94347396
0.87921259
0.99896752
0.91572062
0.9049778
0.9440331
0.92589634
0.90606825
0.87924004
0.90714814
0.85798443
0.99510186
0.98617093
0.91324814
0.87917956
0.95233902
0.89358239
0.89827495
0.93728742
0.91752011
0.8639429
0.97280664
0.9138206
0.91562746
0.94290573
1.1431145
1.0461422
0.98074282
0.91087697
1.087203
1.007789
0.92666897
1.1104943
1.0195614
0.94720209
0.90007967
1.0672756
0.98918727
0.90029215
0.98034607
0.97618643
0.86148073
0.85994105
1.0172389
0.86081941
0.87503085
0.85499355
0.88347939
0.92528121
0.87771121
0.92717874
0.866173
1.0792794
1.0211697
0.94707339
0.88568184
1.0058471
0.92325464
0.91139558
0.94658876
0.93202187
0.90588558
0.88224355
0.91231099
0.85952686
1.0185202
1.0015532
0.92580143
0.88733651
0.96557151
0.90194408
0.90412401
0.94968406
0.92805371
0.89981502
0.98357179
0.98492325
0.85953204
0.86236144
1.0228244
0.86274246
0.87908515
0.85683011
0.88083782
1.1749662
1.1028428
1.1621312
1.0400379
1.163393
1.1755414
1.10434
1.1952565
1.1221208
1.1854626
1.0688177
1.1880008
1.1937077
1.1326116
1.1924177
1.1231708
1.1826612
1.06751
1.185085
1.1906762
1.1319497
1.1956516
1.1301196
1.1866482
1.0732985
1.1887485
1.1943565
1.1393034
1.1957841
1.1300686
1.1865146
1.0723294
1.1887402
1.1943541
1.1390733
1.1917155
1.1222628
1.0657883
1.1829722
1.1845605
1.1303692
1.1906235
1.1952391
1.1298574
1.0712508
1.1863594
1.1878614
1.1376465
1.194322
1.1814969
1.1159973
1.0594173
1.1632453
1.1709211
1.1290336
1.1759105
1.1791004
1.1035761
1.047021
1.1588079
1.1662215
1.1156883
1.1736683
1.1930672
1.1304422
1.0314699
1.1718167
1.1732774
1.1385876
1.1933736
1.1802701
1.1105047
1.048606
1.1590993
1.1666945
1.1229485
1.1740678
1.032082
0.87088735
0.86730488
0.90311042
0.8990154
0.96310448
0.86725582
0.87649256
0.95363327
0.86245483
0.8733052
0.87327175
1.093357
1.0681283
1.0656068
0.95443799
0.98033252
0.9792586
0.93067616
0.91115493
0.86525226
1.0448211
1.0304021
1.1583489
0.90318584
1.157161
1.0402804
0.90474605
0.94922617
0.87030455
0.9059893
0.99265664
0.89386293
1.0562155
1.0377531
1.1763354
0.95183191
1.1665443
1.0959077
0.90655665
0.93471938
0.90421044
0.85203867
1.0385932
1.0287318
1.1559356
0.89833083
1.1591301
1.0316162
0.89981012
0.98773871
0.86000341
0.89494309
1.0069296
0.87903925
1.0885983
0.898928
0.87017279
0.93627411
0.93427567
1.041757
0.98799247
1.1460276
1.0925853
1.0766326
0.892031
1.1786064
1.0119859
1.0386588
1.089007
0.89116132
0.85784576
0.94369791
0.94626135
1.0373377
0.99956073
0.90309554
0.89955943
1.0323962
0.87349304
0.86709003
0.90393941
0.89883484
0.9642041
0.86495592
0.87556984
0.95640075
0.86288317
0.8729409
1.0597908
1.0379786
1.1776541
0.93598518
1.1627154
1.0964253
0.90775728
0.93447092
0.91262706
0.86861528
1.0483687
1.031184
1.1617035
0.90477938
1.1587297
1.0443664
0.90540875
0.95314235
0.86974288
0.90738779
0.99678932
0.89676391
1.0483097
1.0347454
1.1705783
0.95312044
1.1609865
1.0897175
0.90472729
0.93293672
0.90304005
0.85150669
1.0344568
1.0280807
1.1546495
0.89833443
1.1556759
1.0301517
0.89942763
0.98345836
0.86042806
0.89382641
1.0041237
0.87765025
1.1519374
1.1086539
1.0865979
0.90407522
1.1836774
1.0015337
1.0496945
1.0947429
0.90031403
0.87166408
0.93920157
0.93686134
1.0462197
0.99237522
1.1453122
1.0942457
1.0784937
0.89397992
1.1770226
1.0143382
1.0381601
1.0846617
0.89136987
0.85949965
0.94149603
0.94613812
1.0338612
0.99974122
0.90277612
0.93784884
0.89564689
0.94329058
0.87016807
1.0946804
1.0546749
0.9568078
1.016804
0.934162
0.89996229
0.92225941
0.98083211
0.95812296
0.94028042
0.89534361
0.94689563
0.86978971
1.1029396
1.05993
0.96026778
1.0200916
0.9350982
0.90039092
0.92130857
0.98266058
0.96100805
0.8783639
1.0176514
0.94241281
0.9454341
0.96739282
1.1868866
1.0995387
1.005472
1.1503257
1.0521231
0.93346812
0.96656543
1.1895925
1.1028129
1.0085876
1.1532722
1.0561119
0.93365911
0.87200971
0.90034702
0.87248582
0.90105968
1.0436991
0.85612991
0.85614726
0.91394546
0.91293852
0.95455516
0.85453841
0.86577381
0.95658413
0.86003517
0.86649827
0.86503184
1.0762498
1.06396
1.0667393
0.9477841
0.96613563
0.96678861
1.0573648
1.0397721
1.1597928
0.92675611
1.1479904
1.0769058
0.90304842
0.91437397
0.89431202
0.8446045
1.0402721
1.026401
1.1332291
0.88506066
1.1391142
1.0301751
0.89215
0.96125588
0.85034944
0.89815853
0.98788689
0.87379181
1.0590092
1.0411176
1.1603233
0.93068688
1.1491912
1.0770308
0.90783153
0.91319104
0.89310725
0.8444286
1.0407223
1.0287422
1.1350988
0.88357458
1.1406578
1.0310913
0.89165809
0.95782398
0.84978221
0.89979408
0.98673025
0.87447666
1.1397645
1.0906333
1.0737047
0.91520926
1.1683872
1.0040512
1.0537958
1.0756814
0.89730868
0.85618962
0.93102849
0.93779024
1.0449156
0.99138786
1.1395043
1.0880505
1.0740401
0.91475406
1.1668016
1.0045727
1.052571
0.90493035
0.88728982
0.94028475
0.86665909
0.95359114
0.85203055
1.085687
1.044096
0.98649993
1.0109595
0.9309306
0.88067935
0.89476243
1.0101716
0.96893087
0.92972029
0.87551783
0.94476053
0.84658999
1.0850436
1.0618732
0.98031019
1.0094048
0.92508927
0.8834935
0.8601428
1.0189546
0.95030221
0.94564529
0.99096471
1.1737351
1.088374
1.0050313
1.154878
1.062798
0.9250722
0.91396715
1.0211327
1.0190997
1.0828722
0.85230454
0.84820615
0.85727938
0.88963699
0.85119154
0.8984933
0.93879193
0.86525566
0.95009663
0.89495933
1.0040549
0.96617883
0.92844843
0.87155995
0.94400176
0.84544267
1.0790063
1.0510653
0.97262351
1.0012568
0.91862041
0.87783899
0.89649257
1.0006051
0.97157015
0.86098611
1.0197651
0.94874016
0.94557383
0.9928951
1.166163
1.0830529
1.0075184
1.1517696
1.0341629
0.92425415
0.98686117
1.1692696
1.081999
1.0009455
1.147572
1.0606841
0.92212165
0.91230244
1.018217
1.0176703
1.0774439
0.85181176
0.84852382
0.85574463
0.88880099
0.85193152
0.90061197
0.93977147
0.89893382
0.94747742
0.86854897
1.0980215
0.95781652
1.0589954
0.93334363
1.0190676
0.90232669
0.92240873
0.98460257
0.96178461
0.94036105
0.89634694
0.94627611
0.86713268
1.099435
1.0569896
0.95627104
1.0168285
0.89822519
0.9342138
0.92248799
0.98242382
0.96044146
0.87675521
1.0150327
0.94083822
0.94283499
0.96807265
1.1855268
1.0050448
1.1023997
1.0492615
1.1516752
0.93509816
0.87005909
0.89863498
0.92569137
1.0332186
1.029538
1.0887951
0.87705882
0.87439741
0.87354056
0.90003777
1.0328246
0.8703879
0.86897071
0.90204399
0.89952667
0.96136701
0.8648562
0.87671538
0.9558627
0.86244567
0.87222401
0.87508678
1.0957619
1.0687345
1.0657511
0.95444113
0.9843813
0.98129672
0.93349158
0.86593492
0.91038602
0.95269518
0.86915683
0.90609873
0.89426967
0.99266343
1.0519791
0.95371471
1.1767278
1.0390424
1.1664385
1.0979479
0.90638195
0.93426088
0.85197189
0.90411451
0.98570456
0.86070836
0.89594191
1.010109
0.87814811
1.0908751
0.89914677
0.87092228
0.93979624
0.98938991
0.93636432
1.0450023
1.0913373
0.89149519
0.85975711
0.94585883
0.94933786
1.0404727
1.002544
0.90418784
0.93665062
0.8649384
0.9490846
0.89398017
0.99794047
0.96312148
0.92360379
0.87324607
0.93774805
0.84447947
1.0741705
1.0485607
0.97006053
0.99753341
0.87851579
0.91801763
0.89402797
0.99033577
0.96330443
0.85980827
1.0170917
0.94785925
0.94693922
0.98912629
1.1637643
1.0061266
1.0787022
1.0327201
1.1462038
0.92169971
0.9804579
1.166975
1.0752731
0.99845665
1.1409949
0.91887779
1.0576848
0.8558809
0.8875177
0.91034214
1.0140817
1.0112223
1.0727602
0.85142523
0.84779302
0.85148836
0.90074739
1.042377
0.85632315
0.85765385
0.91484129
0.91812436
0.94962784
0.85550356
0.8636479
0.95611876
0.86049996
0.86528142
1.0535241
1.1589041
0.93129415
1.0368216
1.1478646
1.0716605
0.9022706
0.9105167
0.84276104
0.896472
0.9563582
0.84956329
0.89556025
0.87038401
0.98183561
1.0363651
1.0241113
1.1339346
0.88328163
1.1394072
0.89178552
1.0262468
1.0606513
0.93280649
1.16042
1.0392193
1.1495535
1.076917
0.9028369
0.91917689
0.84578546
0.89681051
0.9662084
0.85157737
0.90219126
0.99117369
0.87567073
1.0427868
1.0271063
1.1366242
0.88347075
1.1415615
0.88962393
1.0314318
1.1327505
1.0811113
1.065492
0.90585038
1.162608
1.0438742
0.99622564
1.0683327
0.89513113
0.85201332
0.92633598
0.98416737
0.93028061
1.0390315
1.1393971
1.087702
1.0717009
0.91547219
1.1652122
1.0031247
1.0537805
0.90013527
0.94126497
0.86745069
0.95449454
0.89809802
1.0103112
0.97333524
0.9308813
0.87454571
0.94788742
0.84621722
1.0813391
0.97470903
1.0587366
0.92267395
0.88206173
1.006505
0.89887151
1.0056982
0.97603395
0.86393454
1.0205921
0.9568271
0.94682887
1.0004934
1.1716409
1.0139875
1.0902753
1.0430648
0.92759283
1.1606877
0.85677004
0.89116117
1.193502
1.1343659
1.0363193
1.1725457
1.1746262
1.1456784
1.1927734
1.1784905
1.1130491
1.0549145
1.1593998
1.1664676
1.1264482
1.1728302
1.1767592
1.1131415
1.055401
1.1587872
1.1649602
1.1261013
1.1717475
0.93973534
0.89657274
0.94671991
0.87107278
1.1037606
0.95935453
1.0597481
0.93600674
1.0229215
0.90028974
0.9216593
0.98399232
0.96153911
0.94031523
0.89607799
0.94603667
0.87026624
1.1035215
1.063384
0.96003446
1.0211459
0.89965851
0.93518217
0.91996799
0.98408988
0.96201398
0.87859419
1.0231343
0.94613872
0.94580503
0.97128325
1.1927001
1.1051156
1.0100651
1.1579775
0.93554543
1.0592328
0.87262675
0.90078868
0.92558333
1.0326698
1.0297486
1.0917523
0.87348868
0.87475806
0.87403263
0.90156028
0.87353538
1.0385437
0.86779706
0.90539381
0.90085594
0.96872382
0.8663462
0.87756811
0.95636557
0.86366022
0.87322057
0.87468929
1.0984828
1.0763157
1.0708393
0.95852715
0.98622385
0.98332541
1.0653319
1.1841111
0.93847935
1.0429489
1.1682533
1.1015677
0.90931409
0.93390285
0.86653136
0.91439522
0.95432706
0.87211844
0.90843734
0.89665485
0.99906773
1.0496894
1.0351408
1.1631166
0.90546446
1.1618111
0.90669586
1.0469325
1.0528169
0.95374835
1.0397351
1.1731579
1.1651247
0.90710419
1.0964237
1.0386357
1.0307375
1.1557484
0.89870263
1.1584302
0.90108916
1.0310323
0.90547407
0.90142808
1.1467328
1.0949812
1.0795977
0.89540568
1.1759694
1.0157115
1.0416253
1.0899015
0.8924358
0.85926187
0.94539682
0.94997021
1.0388655
1.0012004
0.94263207
0.86737922
0.95468643
0.89723062
1.0108871
0.97195621
0.93168889
0.87297543
0.94737649
0.84741486
1.0846578
1.0617361
0.98235515
1.0099456
0.88354452
0.92743117
0.90002629
1.0030037
0.97541994
0.86323149
1.0245895
0.95430312
0.95017249
1.000868
1.1726481
1.0139071
1.0894956
1.0441206
1.1611174
0.92709251
0.99689037
1.1721774
1.0904319
1.0097072
1.1572731
0.92706398
1.0693766
0.85718711
0.89226954
0.9156759
1.0236922
1.022539
1.0849568
0.85195896
0.8496799
0.85275015
0.8999234
1.0437073
0.85604676
0.85801711
0.91273529
0.92051329
0.96012775
0.85696336
0.86755643
0.95554368
0.85797141
0.86502598
0.86416417
1.0773007
1.0700391
1.0658788
0.94932974
0.96809738
0.96801957
0.91823951
0.84528685
0.89627483
0.96768838
0.85214423
0.90185582
0.87414133
0.99278087
1.0417331
1.0259134
1.1300265
0.88391155
1.1351045
0.89427845
1.0308538
1.0519069
0.93180633
1.1532241
1.0353153
1.1416003
1.0717568
0.89565961
0.91679114
0.84568136
0.90282007
0.96611862
0.85054449
0.90353331
0.98874014
0.87606677
1.0352784
1.02251
1.1261124
0.88270389
1.1325813
0.8878856
1.0245551
1.0813702
0.90200479
0.85800579
0.93373383
0.99681372
0.94132265
1.0503262
1.1355366
1.0874735
1.0712738
0.91149225
1.163874
1.0006417
1.0537357
1.0735888
0.89574692
0.85485978
0.93104295
0.9333769
1.0434509
0.99187613
0.89936854
0.88625644
0.93937626
0.86628431
0.95231263
0.84982141
1.0824614
0.98675438
1.0394077
0.93031688
0.88105069
1.0079678
0.89477685
1.0069896
0.96781715
0.93013896
0.87321743
0.94556582
0.84601617
1.0804394
0.9789833
1.0551947
0.92426719
0.88000109
1.0048765
0.86356025
1.0226102
0.95148821
0.95293792
0.99567757
1.1654866
1.0096766
1.0828589
1.03869
0.92518517
1.1528932
0.85745205
0.89065367
0.85324919
0.90520359
0.91300094
1.0175806
1.0184317
0.85094984
0.84943931
1.0781821
0.87115038
1.0300793
0.86636312
0.90332043
0.89834736
0.96363237
0.86593737
0.87658449
0.95607188
0.86318506
0.87297166
0.87384838
1.0949785
1.0707809
1.0672351
0.95658557
0.98419516
0.98206622
0.94754057
0.86804336
0.90399654
0.89176626
0.991273
1.0520523
1.1746329
1.0357326
0.95321651
1.16457
0.90541706
1.0956939
0.93448659
0.90413848
0.85178253
1.0366613
1.0278764
1.1555818
0.8979355
1.1579588
1.0311531
0.89956707
0.98675689
0.85827203
0.89535768
1.0067324
0.87941815
1.0912946
0.89856486
0.86935267
0.9369189
0.98873574
0.93387142
1.0423385
0.90319039
0.89860455
1.1459767
1.0939109
1.0782904
0.89297115
1.1769709
1.0132468
1.0388654
1.0861487
0.88952622
0.85845232
0.9416807
0.94490166
1.0350933
0.99835887
0.87172743
1.0292273
0.86708527
0.90221402
0.89807127
0.96212344
0.86374748
0.87497114
0.95635924
0.86412398
0.8736171
0.87338414
1.0947524
1.0689961
1.0655192
0.9540221
0.98362331
0.9810148
0.93362585
0.86519534
0.91203267
0.95188683
0.86956227
0.90426342
0.8930183
0.99295528
1.0513234
1.1718628
1.0374904
0.95245512
1.1635448
0.90497227
1.0907717
0.93380016
0.90299021
0.85165895
1.0367774
1.0299549
1.1558438
0.89850176
1.1581855
1.030745
0.90020882
0.98417111
0.86064053
0.89271456
1.0037527
0.87764401
1.1455328
1.1066178
0.89886356
1.0825549
1.1802537
1.0457257
0.99707862
1.0882652
0.89831871
0.86931965
0.93677722
0.98671036
0.9338362
1.0419346
0.90300387
0.90017896
0.94129156
0.86723548
0.95416418
0.85039724
1.07978
0.98557473
1.0358081
0.92976287
0.87951791
1.010625
0.89675227
1.0051103
0.97044899
0.84686908
1.0766727
0.97485772
1.0587879
0.8830394
0.92180944
1.0080506
0.89705945
0.99511849
0.96963277
0.86052394
1.0200378
0.95095952
0.94671195
0.99289562
1.1693531
1.0095009
1.083112
1.0359355
0.92448277
1.1509845
0.99443315
1.1694046
1.0021721
1.0864023
0.92912746
1.0597374
1.1498256
0.8564392
0.88888267
0.8513641
0.89937631
0.91196939
1.0186133
1.0162192
0.8515644
0.84982032
1.0765946
0.93901958
0.86573093
0.95101969
0.85064669
1.0803932
0.98195246
1.0345313
0.92868399
0.87908551
1.0057316
0.8921165
0.99979642
0.96425934
0.92429648
0.86800681
0.93820271
0.84582062
1.079932
0.97621433
1.0542493
0.88065663
0.92262626
1.0035828
0.89250158
0.99004722
0.96457246
0.85958662
1.0223129
0.94770066
0.94774795
0.98809321
1.1673349
1.008145
1.0807862
1.0339895
0.92242733
1.1499288
0.85514601
0.8878124
0.85201382
0.90151634
0.90886235
1.0149779
1.0120057
0.85125828
0.84915761
1.0755304
1.0459155
0.85619455
0.86050688
0.91540782
0.92645913
0.9567925
0.8572827
0.86577328
0.95771806
0.85829249
0.86571614
0.8645456
1.0774216
1.0666533
1.0672964
0.94899556
0.96739202
0.96942189
0.91346919
0.84480388
0.89392146
0.95727846
0.84989801
0.90096443
0.87601737
0.98517599
1.0399512
1.0287143
1.1319889
0.88378901
1.1377646
0.8932007
1.0281834
1.0579283
0.92955302
1.1609301
1.0403029
1.1496286
1.0779455
0.90457295
0.91792674
0.84468543
0.9010533
0.96079187
0.85093073
0.89769469
0.87170734
0.98924984
1.0416927
1.0280601
1.1360169
0.88243566
1.1414997
0.88722426
1.0315983
1.1350146
1.08569
1.0737712
0.91538872
1.1623114
1.0515949
1.0040013
1.1400122
1.0912108
1.075657
0.909822
1.1682199
1.0535859
1.0039495
0.90064296
0.88941094
1.1957502
1.1322778
1.0344007
1.1742928
1.1769589
1.1420273
1.1947384
1.1836039
1.108748
1.1648683
1.0449779
1.1714334
1.1786913
1.1206382
1.1707943
1.1084622
1.1600708
1.0463833
1.1615651
1.1720389
1.1077735
1.1675345
1.0338616
1.1417349
0.99510583
1.1477189
1.1600786
1.0442942
1.1685957
1.0969922
1.0332937
1.1553405
1.1552894
1.0982943
1.1698082
1.1524116
1.031168
0.99030343
1.1386457
1.1392137
1.0334663
1.1540987
1.1694751
1.1037614
1.1564257
1.0421905
1.1578547
1.1703652
1.1047734
1.1497221
1.0224656
0.98429985
1.1320627
1.1345617
1.0277567
1.1477644
0.92314987
0.87323758
0.92475197
0.91078492
0.94603343
0.93157274
0.90704742
0.88174726
0.91274363
0.86068739
1.0242802
1.0070067
0.92826544
0.96835651
0.88840871
0.90439633
0.90516258
0.9507567
0.92861496
0.86543352
0.98147719
0.92327854
0.91339327
0.94376416
1.1451194
0.98655442
1.0517021
1.0130913
1.0894543
0.91620557
0.86297089
0.87884471
0.90174794
0.98364184
0.98696593
1.0217113
0.86206529
0.86190522
0.85907527
0.88172187
0.92203741
0.87585252
0.92516748
0.86526877
1.075383
0.94559379
1.0198095
0.9167481
1.0038363
0.88327582
0.90993097
0.94739852
0.92948176
0.90218823
0.87577484
0.90506113
0.85702314
1.0066624
1.0002106
0.92344955
0.95704058
0.88753948
0.89751965
0.89964804
0.94666625
0.92175608
0.86492508
0.98130717
0.92148004
0.91335065
0.94371461
1.1493148
0.98637832
1.0528685
1.0131214
1.0928815
0.91541387
0.92697263
1.120282
1.0331285
0.95504066
1.07626
0.90571584
0.99258338
0.86478794
0.8788825
0.85576123
0.88182073
0.85164262
0.96196366
0.84309085
0.8799537
0.87586553
0.91488688
0.84457634
0.86072876
0.89609675
0.84174405
0.84484001
0.8511832
1.0025921
0.98387161
0.96895318
0.90225174
0.9313653
0.9173673
0.98903089
1.0945573
0.8998057
0.96680106
1.075516
1.0153829
0.88120362
0.89320123
0.85030413
0.87477341
0.91514661
0.85322503
0.88517529
0.87825333
0.94613362
0.96345707
0.94864741
1.0311258
0.86577816
1.0489381
0.87305494
0.948604
0.87312132
0.82544765
0.85229002
0.9000935
0.83155022
0.84744336
0.90607785
0.83969175
1.0683171
1.0406617
0.89089426
1.0085234
1.110132
0.99284501
0.95851912
1.0034348
0.87188669
0.8553983
0.90177501
0.9409779
0.89454961
0.9729611
0.87344672
0.96356755
0.85349941
0.83016767
0.87007997
0.8869882
0.92854089
0.89801218
0.84957979
0.97080012
0.84294999
0.88263048
0.87815584
0.91606524
0.84620168
0.86028679
0.89917105
0.8422114
0.84669144
0.85444935
1.0110622
0.98845442
0.97513835
0.90458919
0.93458482
0.92196026
0.96924817
1.0770369
0.89317835
0.94799492
1.0457535
1.0027922
0.87405494
0.88040018
0.84440911
0.86589541
0.90526367
0.85200551
0.88345482
0.87157955
0.94032481
0.93852139
0.922926
0.99750755
0.85691722
1.0092949
0.86195053
0.92840011
0.85775279
0.8206384
0.83987069
0.88800682
0.8318168
0.8489325
0.906832
0.83568727
0.9104317
0.9146737
0.96426604
0.84427681
0.98837755
0.850672
0.89284844
1.0743217
1.0419673
0.89110517
1.0115599
1.1141063
0.99619412
0.96101422
1.0087091
0.87298722
0.85603231
0.89894529
0.94389541
0.89853677
0.97020269
0.86675616
0.85502251
0.97884451
0.8580655
0.83301424
0.87617318
0.89296027
0.94081093
0.90566991
0.82337211
0.81006011
0.83017165
0.8179946
0.92364191
0.87080064
0.88193381
0.85383179
0.82806395
0.8696001
0.81347788
0.84649836
0.83603742
0.81601704
0.80848544
0.82350323
0.81718406
0.91073305
0.87441071
0.88709732
0.8486046
0.82988375
0.86443999
0.81360917
0.84886455
0.83475826
0.86833668
0.98354461
0.88419797
0.90056602
0.90933323
0.8419003
0.93905277
0.870798
0.99714234
0.89226737
0.90728471
0.91620017
0.84509209
0.9431665
0.82456307
0.84436832
0.82634343
0.84676402
0.83396299
0.86059778
0.86248507
0.81468285
0.81533456
0.89009997
0.86875428
0.86913148
0.99715594
0.88808814
0.88697139
0.93482235
0.85759548
0.87175063
0.93882867
0.85700567
0.87373403
0.86787006
1.0495045
1.0149855
1.0168651
0.93295587
0.95519148
0.95607575
1.0345463
0.91910704
1.0182479
1.1505298
1.1392001
0.89366386
1.0632634
0.91956155
0.85941035
0.88992032
0.93838877
0.85789158
0.8825043
0.87456787
0.97516514
1.0257228
1.0138602
1.1318388
0.88116754
1.1336499
1.022302
0.88209097
0.91809609
0.88997359
0.85838572
1.0317115
1.0170646
1.1354308
0.88135469
1.1377257
1.0275002
0.88813588
0.94429919
0.86143373
0.87974265
0.98083802
0.87700112
0.87773983
1.0887563
1.0405549
0.8728525
1.0228457
1.1286415
0.99158872
0.96773188
1.040615
0.87468097
0.85698998
0.91622617
0.95967817
0.91470001
1.0014296
1.0461565
0.87712627
0.85982157
0.91783152
0.92130876
1.0076041
0.96387726
0.92348078
0.871072
0.9246913
0.8681712
1.0784566
0.94992923
1.0213664
0.92077168
0.88356407
1.0049129
0.90799021
0.94694157
0.93005791
0.90805975
0.88227391
0.91201105
0.86025411
1.0154467
0.92240471
1.0008121
0.88531685
0.9016909
0.96470639
0.90446263
0.94815762
0.92669785
0.86516334
0.981238
0.92404178
0.91514363
0.9439869
1.1467918
0.98805153
1.0527123
1.0145659
0.91527896
1.0912291
0.92447
1.1129299
0.95282153
1.028681
0.90506605
0.98908924
1.0707947
0.86375989
0.88046544
0.85666089
0.88112715
0.90129212
0.98412994
0.983982
0.86152366
0.86304405
1.0216735
0.84786062
0.96763519
0.84211831
0.88035097
0.87569806
0.91360714
0.84515135
0.85993419
0.90214002
0.84286857
0.84446577
0.85057332
1.0023601
0.98361641
0.9752973
0.90418043
0.92834416
0.91640196
0.88234897
0.84774848
0.87051507
0.89468129
0.84595506
0.87600454
0.86742658
0.92517645
0.93716177
0.91669781
1.0150666
0.86146817
1.0020158
0.93987769
0.86074299
0.84825937
0.84511885
0.81664082
0.89484374
0.90413352
0.98168488
0.84908316
0.96591732
0.90389032
0.84562787
0.86898071
0.82984499
0.84496216
0.89664365
0.8284301
1.0684822
1.032709
0.89000852
1.0023226
1.104262
0.99125384
0.95719837
1.0069359
0.87030974
0.8545982
0.89298144
0.94251714
0.89719388
0.96166568
0.85528549
0.85138096
0.96997533
0.85526507
0.83116719
0.87192378
0.8888126
0.93393326
0.90263263
0.81625584
0.80718773
0.81911005
0.81415923
0.88854232
0.86661257
0.88177388
0.83985385
0.82624944
0.85417745
0.81345409
0.85046983
0.83114794
0.82038036
0.80896641
0.82586931
0.81672023
0.91176582
0.87045291
0.88441722
0.82797028
0.84848053
0.86442967
0.81410944
0.8513596
0.8347492
0.83336758
0.93386624
0.8855071
0.88538151
0.88345433
1.0046894
0.88947818
0.9118374
0.84705605
0.92294555
0.96637058
0.82546947
0.84757355
0.82568847
0.84815222
0.84215111
0.87374288
0.87346519
0.81765342
0.81742651
0.91243781
0.85000521
0.96388861
0.84091548
0.88074971
0.87672351
0.91771738
0.84756111
0.86413796
0.90502022
0.8439148
0.84727089
0.8523409
1.004005
0.98959804
0.97994825
0.90735368
0.93251874
0.92001793
0.97486047
0.89234269
1.0745255
0.95133794
1.0541322
1.0001735
0.87434871
0.88849204
0.85075783
0.87350407
0.90783239
0.8506256
0.88058442
0.87452032
0.93768404
0.86391504
0.82246134
0.84911377
0.88907256
0.83079622
0.84654603
0.8357291
0.90232839
0.92389936
0.9274481
0.99664471
0.85225662
1.0099042
0.85613981
0.91319418
1.0673211
1.0407108
0.8922138
1.0106489
1.1076328
0.99469905
0.96066429
1.0028352
0.87011473
0.85471603
0.8970253
0.94140119
0.8972325
0.96701234
0.86538919
0.86021121
0.96901702
0.85533518
0.83127583
0.87343143
0.90416059
0.88942155
0.93218451
1.1670761
1.1053933
1.1555957
1.0424331
1.1555162
1.1684658
1.105259
1.1695676
1.105725
1.0467358
1.1569954
1.1592566
1.1052534
1.1691598
1.1633769
1.0297482
0.99778998
1.138424
1.1467658
1.0434236
1.1545687
0.86757623
0.86690145
0.98806837
0.89228754
0.88315614
0.9321092
0.85643803
0.86909197
0.92817222
0.85571882
0.86791873
0.86570689
1.0357818
1.0045266
0.99973218
0.92544034
0.95101773
0.9469062
0.92487731
0.86147359
0.89988354
0.94157011
0.86217435
0.88496202
0.87684203
0.97649394
1.0278427
1.0129613
1.1272564
0.88022914
1.1278436
1.0254043
0.88283402
0.92093578
0.8936138
0.86054372
1.0221478
1.0102083
1.1229067
0.88005242
1.1231921
1.0201091
0.88232154
0.94437301
0.86343257
0.88086644
0.97552487
0.88107172
0.88656725
1.08961
1.0549414
0.87472094
1.0186692
1.1302012
1.0016387
0.96531246
1.0416477
0.87760292
0.86062898
0.92065179
0.96676173
0.91610676
1.0021847
1.0779101
1.0418091
0.8724457
1.0107363
1.1135053
0.9635861
0.99366036
1.0342923
0.87809847
0.85897038
0.91773912
0.9159896
1.0003187
0.96083004
0.92332783
0.87265774
0.92544596
0.90814146
0.94723283
0.93022296
0.90993848
0.88103042
0.91141562
0.85744104
1.006417
0.91923494
0.99435095
0.88346069
0.89725984
0.95796509
0.86796943
0.98724292
0.92766519
0.91995701
0.94630061
1.1475737
0.98914557
1.0531756
1.0182018
0.91664906
1.0923975
0.92581817
1.1166586
0.95325995
1.0278728
0.90356031
0.99254121
1.0729781
0.86252805
0.88139456
0.85634929
0.88114816
0.85016409
0.84185055
0.97279107
0.8806724
0.88067989
0.92111477
0.84664443
0.86542981
0.90212574
0.84276393
0.84840533
0.85309899
1.0211454
1.0003227
0.9887687
0.90868594
0.93794063
0.929001
0.89042069
0.85381272
0.87044814
0.91067407
0.85136427
0.88427209
0.87634389
0.94113488
0.95433009
0.93669093
1.0096317
0.86100294
1.0306223
0.93769515
0.86841687
0.94713689
1.0566192
0.94554868
0.88920228
1.037158
0.86392028
0.97417242
0.86366496
0.84360019
0.82196753
0.89170855
0.83150902
0.85076458
0.90962718
0.83662707
0.86844695
0.86048525
1.0049282
0.86965692
0.85490544
0.89732474
0.94121652
0.89484461
0.96779878
1.0528253
0.97800993
0.86496453
0.98285464
1.0789147
0.94210856
0.95451888
1.0044455
0.85889861
0.83675719
0.88705563
0.90293051
0.95186018
0.92617462
0.81860693
0.81051666
0.82816156
0.81950849
0.92381454
0.88752246
0.91149471
0.85319353
0.83585828
0.87665575
0.81889776
0.86764604
0.84460271
0.81785517
0.8082055
0.82331734
0.81577723
0.90186628
0.86780706
0.8761716
0.82625087
0.84502689
0.85984186
0.81209075
0.84114487
0.8317298
0.82890116
0.91086653
0.8824071
0.86626466
0.88523149
1.0478337
0.91449662
0.94180056
0.94476081
0.85812113
0.97476172
0.86143819
0.95663115
0.87943031
0.88691179
0.83742475
0.8952759
0.92337681
0.83196584
0.85692684
0.82416322
0.83968488
0.83589905
0.88087478
0.8552098
0.81938835
0.81333007
0.896534
0.85115116
0.84356402
0.97039928
0.88244204
0.879956
0.91428781
0.84456689
0.86350736
0.88953479
0.83886587
0.84453334
0.96400329
0.89024532
0.94069094
1.0632471
1.0368534
0.86989959
0.99368683
0.88648187
0.84781298
0.87325136
0.90208145
0.85071256
0.88080799
0.87097751
0.93479901
0.92913994
0.88639149
0.93058575
1.0364831
1.0107786
0.85848766
0.96244609
0.88045411
0.83176951
0.84632524
0.83281367
0.90202734
0.91272502
0.91913105
0.99801472
0.85250795
0.99529396
0.85229493
0.91279182
0.86174214
0.85750644
1.0744174
1.0442967
0.89468066
1.0083506
1.1109762
0.99852861
0.96337906
1.0081751
0.8724947
0.8559726
0.89786753
0.94381799
0.89675474
0.96743133
0.98311399
0.94908538
0.85160427
0.94655061
1.0102938
0.91249103
0.91238318
0.96344318
0.8566287
0.82946407
0.8712953
0.89172331
0.88705694
0.93474312
0.92281636
0.87391849
0.92471016
0.86401214
1.0720646
1.013364
0.94479067
0.99737443
0.88024126
0.92052201
0.9104037
0.94667814
0.92963623
0.90860247
0.88126226
0.91168595
0.90026026
0.94256839
0.92304829
0.94048255
1.1412746
1.045207
0.9826476
1.0855197
0.91087121
1.0103504
0.90072028
0.9813565
0.98461474
1.0204219
0.86003325
0.86280651
0.86278461
0.87556435
0.9184708
0.87401357
0.92232931
0.86720192
1.0734555
1.0203786
0.94226908
1.0045542
0.88514144
0.91604164
0.90843932
0.94403541
0.9288587
0.91005301
0.88254874
0.91243533
0.90153581
0.94269944
0.92412291
0.94350847
1.146731
1.0513031
0.98256188
1.0915938
0.91544219
1.0119303
0.89928586
0.98183213
0.98207815
1.021178
0.85949396
0.86020365
0.85923942
0.87960421
0.85589077
0.88261814
0.86581298
0.86697025
0.9940526
0.88902299
0.88812918
0.93365816
0.8573563
0.86990372
0.93773735
0.85815563
0.87054562
0.86760704
1.0460824
1.0098499
1.0150828
0.93078837
0.95278675
0.95532515
1.0312961
1.0219995
0.91915997
1.1443691
1.1350264
0.88203563
1.0578575
0.92312068
0.89736689
0.85988482
1.026785
1.0163756
1.1291487
0.88110226
1.1300191
1.0225318
0.88757954
0.94453344
0.85999985
0.88022376
0.8779506
0.97642312
1.0373503
1.0220102
0.92232483
1.1522054
1.1416465
0.88073463
1.0668219
0.91849534
0.89083819
0.85861052
1.0308573
1.01663
1.1339848
0.88013018
1.1356752
1.0273722
0.88333802
0.94530044
0.86222481
0.88022203
0.87577785
0.97996092
0.88434368
1.0803912
1.0396209
0.87009455
1.0159439
1.1178093
0.99154285
0.96523866
1.0354145
0.87621444
0.8588707
0.91657542
0.95989005
0.91699811
0.99940448
1.0930971
1.0467195
0.87563043
1.0274022
1.1327385
0.99667248
0.97210291
1.0442283
0.87924328
0.85840543
0.91688083
0.96288825
0.91861489
1.0054656
0.81938636
0.80811654
0.82362818
0.81513714
0.90032908
0.87125903
0.86307923
0.85735786
0.82442843
0.84466013
0.81217788
0.84231387
0.8305149
0.81870925
0.80850327
0.82414253
0.81413319
0.85067595
0.83381282
0.83084297
0.92664074
0.87683985
0.88261391
0.87215339
0.9742835
0.89281042
0.87573585
0.9445711
0.83954149
0.90463842
0.82294583
0.84148706
0.82585627
0.84789642
0.8491371
0.84470714
0.95703387
0.87797027
0.87314158
0.91354434
0.84570937
0.85931507
0.89621735
0.84125292
0.8439752
0.85055544
0.99298446
0.97852506
0.96379021
0.90009678
0.92746316
0.91219571
0.96574468
0.94234819
0.8931343
1.0720544
1.0399503
0.86950791
0.99783622
0.88542417
0.87371316
0.84635172
0.948942
0.93086201
1.027253
0.86432128
1.0258699
0.94569443
0.86520336
0.90172744
0.8529405
0.87965851
0.87089362
0.9370654
0.85883919
0.84822396
0.82075472
0.91388326
0.92021357
0.99571509
0.85190777
0.99633493
0.9118519
0.85236263
0.88293999
0.83024022
0.84550097
0.83400423
0.90102824
0.86290408
0.85768021
1.0590989
1.0352435
0.89039772
1.001989
1.1002712
0.98842271
0.95345947
0.98843928
0.97691631
0.85586194
0.96281766
1.03847
0.92527863
0.91341013
0.95048611
0.852555
0.82841949
0.86577587
0.88995906
0.8816226
0.92389135
0.84934057
0.84172604
0.96470142
0.88040547
0.87715453
0.9168728
0.8459983
0.86091293
0.90333112
0.8430772
0.84802719
0.85214925
1.0048131
0.98935961
0.97953772
0.9060449
0.93117498
0.91992963
0.97157687
0.94813691
0.88992049
1.0732217
1.0503618
0.87308454
0.99832622
0.88899778
0.8744444
0.84888256
0.95442438
0.93701137
1.0310254
0.86547775
1.0344182
0.94831697
0.86802061
0.90497082
0.8497818
0.88042448
0.8720189
0.93565216
0.93589158
0.93714975
0.88483025
1.0411937
1.022817
0.86032171
0.96173399
0.86123439
0.84990181
0.82122875
0.92092279
0.926721
1.0016872
0.85365476
1.0079772
0.91494337
0.85535878
0.88361958
0.82971293
0.84503454
0.83337898
0.89953016
0.86492024
0.86058277
1.0679382
1.0402794
0.89076107
1.0095425
1.1101104
0.99264285
0.95845102
1.0052881
0.87170298
0.85404856
0.89678821
0.94146106
0.89681623
0.96787707
0.97031901
0.85381444
0.83130361
0.87172431
0.90378721
0.88868345
0.93115113
1.1673819
1.1023086
1.1539279
1.0383835
1.154809
1.1677904
1.1022436
1.1609628
1.0381405
1.1469996
0.99489485
1.1466226
1.1622614
1.0405154
0.93881638
0.87201977
0.84175539
0.87516366
0.88708939
0.88689226
0.91679076
0.90679916
0.84821044
0.83385389
0.85145936
0.87019907
0.86606812
0.8763132
0.88323842
0.84992433
0.82948823
0.8526279
0.85889655
0.85317481
0.88112299
0.93093523
0.85617292
0.84244848
0.86049822
0.88917344
0.88048165
0.88993985
1.2052664
1.1999887
1.1928578
1.1959764
1.159601
1.1972793
1.1958766
1.2049237
1.2050284
1.2045094
1.2046109
1.20473
1.2049131
1.2051049
1.2040603
1.2042989
1.2041835
1.2043931
1.2041015
1.2042435
1.2041409
1.1919458
1.2008708
1.2014907
1.1999035
1.1798847
1.1980257
1.2009703
1.0921222
1.1920125
1.1538466
0.96326441
1.1925914
1.0682194
0.99442495
1.0704005
1.1628829
0.96466456
1.1335952
1.1646522
1.0551789
0.98504953
1.0836528
1.1710696
0.99754486
1.1557871
1.1803641
0.99777828
1.0530644
1.0720006
1.1616804
1.1374487
0.98133221
1.166924
0.98960536
1.0598433
1.0908741
1.1919472
1.1552136
0.96467123
1.1927186
0.99372475
1.0702608
0.99942517
1.1016701
1.058692
0.91278232
1.1159904
0.93714414
0.97682185
0.85008337
0.83116225
0.90962594
0.8416552
0.86450797
0.97497883
1.0913254
1.0345276
0.9121151
1.0832076
0.9242951
0.97088697
0.84393566
0.82767961
0.89256034
0.8351721
0.8545676
0.93562241
0.99137766
0.8693764
0.95947419
1.0177818
0.88131941
0.91315736
0.91934307
0.98614959
0.86517802
0.93599023
0.9924142
0.86995565
0.91074872
0.92035819
0.98396045
0.86582277
0.93741717
0.99134532
0.90963264
0.87178997
0.87591933
1.2048468
1.2048315
1.2048612
1.2046852
1.2051716
1.2049916
1.2047547
1.175509
1.1876537
1.0362198
1.0368104
0.99462648
1.1821442
1.1835763
1.2043097
1.2039128
1.2048469
1.2038305
1.2041165
1.2039603
1.204064
1.1513969
1.1749751
1.0047657
1.0028629
0.99291167
1.1615908
1.1598519
0.87278083
1.0692983
1.2047833
1.2048564
1.1997719
1.2011082
1.2048329
1.2047347
1.1568524
1.1785995
1.0155306
1.0142217
1.0032667
1.1660092
1.1641139
1.1555684
1.1791256
1.0117266
1.0134697
1.0005342
1.1655731
1.1637545
1.2007704
1.1976726
1.2018437
1.2026341
1.2014915
1.2028623
1.2021873
0.87637444
1.0843883
1.2044872
1.2048594
1.2028045
1.2012715
1.2050101
1.2046972
0.87595774
1.2026935
1.2008316
1.2021791
1.2026589
1.2017024
1.2021596
1.2024576
1.1527499
0.9707475
1.0120674
1.1610706
0.98210842
1.1486594
1.1642043
1.1428774
0.96114147
1.0001504
1.1426166
0.97514406
1.1334981
1.1508302
1.1526848
1.1752961
1.0079087
1.008071
0.99505787
1.162839
1.1605146
1.1557405
0.97196796
1.0124065
1.162461
0.98282708
1.1504442
1.1670243
1.1576495
1.1822334
1.0064093
1.006864
0.99371926
1.1680462
1.1675404
1.198267
1.2019914
1.1828178
1.198248
1.2020266
1.2017564
1.20182
1.2008378
1.2051978
1.1977879
1.2051207
1.2026946
1.2031216
1.204605
1.1976674
1.2055462
1.1730199
1.2030675
1.197447
1.2044012
1.205636
0.86151
0.97034643
1.1702261
1.1812292
1.1386105
1.1545305
1.1829743
1.1869275
0.86647987
0.98941174
1.190821
1.176931
1.1582563
1.1501554
1.191007
1.1876729
0.85989909
0.8635429
1.1232698
0.94027647
1.1311318
0.95102989
1.1206039
0.94481953
1.1321124
1.1441991
1.0954475
1.1320361
1.1736898
1.1608683
1.2113243
1.2058172
1.139191
1.0722945
1.1110403
1.1533384
1.1270974
1.1896498
1.1924342
1.1293416
1.0649565
1.1127207
1.1201548
1.1443856
1.1981824
1.2004538
1.0553949
1.1739398
1.0354099
0.93441479
1.1589402
1.0910347
0.90574092
1.0346536
1.0282417
1.1549809
0.89860509
1.1558189
0.90019804
1.0302857
1.140726
1.1006346
1.07659
0.89907794
1.1747595
0.99284285
1.0395308
0.96796071
0.86656838
0.87838749
0.8752585
1.1014959
1.0769074
1.0736109
0.95891381
0.98757856
0.98657274
1.0634249
1.1819498
1.0434384
0.93953555
1.1660138
1.0991294
0.90994991
1.1543276
1.1143988
0.9044962
1.0916566
1.1869983
1.0041793
1.053064
0.96506725
1.1849972
1.09796
1.0018155
0.93111169
1.1496616
1.0482726
1.0375517
1.0209361
1.1508704
0.92595754
1.1402733
0.88501848
1.0652778
0.86801996
0.98514391
0.92515639
0.91242173
0.94504282
1.1484741
1.0526455
0.98736886
0.91583543
1.092219
1.015809
0.92580745
1.1188161
1.0322527
0.95517507
0.9049354
1.0746595
0.98919602
1.0583392
1.037439
1.1787155
0.93627715
1.1624904
1.0931572
0.90710919
1.1461151
1.1064712
1.0817836
0.90062193
1.1797749
0.99883359
1.0491473
0.87432475
1.0978224
1.0720177
1.0687227
0.95634085
0.98678191
0.98369686
0.89980478
0.9242204
1.0307077
1.0279575
1.087032
0.87503942
0.87276563
1.0751325
0.897471
0.85568343
0.92944887
0.93635384
1.0439012
0.99042068
0.89768384
0.99816488
0.97200049
0.99612867
1.1723154
1.087323
1.0111823
1.1572661
1.0387411
0.9252228
0.84994584
1.0786336
1.0369854
0.98568276
1.0065116
0.92787595
0.88005697
0.96608848
1.1875928
1.1007018
1.0067589
1.1510145
0.93382295
1.0527283
1.062405
1.1806085
0.93778883
1.0399201
1.1650627
1.0959717
0.90760694
1.0468858
1.032237
1.1599656
0.90336416
1.1591153
0.90530321
1.0411063
1.1458384
1.1026365
1.0803769
0.90302572
1.1788994
1.0475806
0.99929667
1.1494073
1.0956238
1.078728
0.89515988
1.1790766
1.0147143
1.0457041
0.89987633
0.85001138
1.0745877
0.97913355
1.0310468
0.92557549
1.0025438
0.87778755
0.86356999
1.0745988
1.0611404
1.0660684
0.94892535
0.96426164
0.96742869
1.0765623
0.90009181
0.85699618
0.93097121
0.93663373
1.0478714
0.99287033
0.88325842
0.85070297
1.0864003
0.98827937
1.0431182
0.93057184
0.88117022
1.0139322
0.99550987
1.17266
1.0054329
1.0882598
1.0654151
0.92749813
1.1547415
0.85203389
0.90214227
0.91629988
1.0225663
1.0250434
0.85248354
0.85170627
1.08689
0.9676973
1.1915115
1.0079836
1.1049946
1.0573024
1.1571548
0.93379633
0.93593808
0.85145071
0.90377842
0.98744556
0.85876623
0.89470414
1.0073609
0.87924147
1.1580016
1.1165972
0.90433635
1.09255
1.1881357
1.0574565
1.0049682
1.1013275
0.90318486
0.87241072
0.94122599
0.99663975
0.93846647
1.0512904
0.85148397
1.0873267
0.99059199
1.0441178
0.93187666
1.0119633
0.8827573
1.0600427
1.1552544
0.93562002
1.0388337
1.1431876
1.0779431
0.90376578
1.1428732
1.0934315
1.0806133
0.92132924
1.1674544
1.0601878
1.0114588
0.89618393
0.99973803
0.97225183
0.98839317
1.1689895
1.0073944
1.085122
1.0679237
0.92577738
1.1499726
1.0564202
0.93380069
1.1779493
1.036016
1.1621994
1.092222
0.90583217
0.92952135
0.86443057
0.91069554
1.0435243
1.0297137
1.1593377
0.90298484
1.1571575
1.0407039
0.90370503
1.1486674
1.1053725
0.90112788
1.084002
1.181164
1.049067
0.99960671
1.0597986
0.9343413
1.177802
1.0392549
1.1641754
1.0934687
0.90704325
1.0481773
1.0335849
1.1629803
0.90491808
1.1609838
1.0442433
0.90526984
1.142108
1.0927165
1.0762719
0.89199626
1.1757697
1.0110205
1.0341461
1.0838288
0.89081689
0.85742581
0.94065848
0.94484957
1.0325623
0.99683098
0.92839436
0.87273167
0.9432574
0.98567599
1.1708244
1.0021166
1.0803742
0.92272496
1.0606762
1.1472955
1.0571423
0.93372589
1.1581004
1.0414562
1.1460644
1.0744064
0.90791741
1.0732084
0.89670783
0.8559487
0.92908263
0.99062324
0.93551425
1.0417518
1.0761962
0.8973163
0.85446112
0.92882931
0.99151605
0.93524055
1.0459218
1.1775078
1.1064916
1.1580582
1.0487193
1.1643337
1.1728224
1.1194537
0.86685725
1.0784645
0.94601201
1.0217529
0.91961519
1.0065144
0.88545228
0.92477928
1.1172875
1.0368412
0.9588172
1.073063
0.90761844
0.98780198
0.901743
0.98647861
0.9841168
1.0246349
0.86259016
0.86074186
0.96002659
0.89061607
0.95803049
1.0618724
1.0554129
0.87033164
0.97560521
0.94016155
0.94213697
1.0058191
0.8553336
1.0314821
0.86319012
0.92060635
0.86598985
0.94113303
0.88964848
0.94004688
1.0547916
1.0285969
0.86224527
0.97296742
0.82879942
0.91533581
0.87316764
0.87522292
1.0388134
1.1551108
1.023095
0.92198558
1.1439782
0.88534111
1.0690221
0.8795833
0.94938567
0.88231486
1.0424517
0.92478937
1.0109234
0.9796514
0.86470114
0.90967293
1.0174396
0.91327183
0.88090869
0.97760741
0.85028237
0.95269244
1.0145676
0.9903981
0.9776783
0.85930097
1.0649422
0.92357026
0.94177512
0.88263247
1.0106112
0.88845336
0.91207326
0.92400402
0.84574208
0.96853747
0.95242818
0.93637776
1.0254085
0.86399729
1.0315945
0.86743172
0.94491123
1.0368552
0.92315006
1.0175845
1.1418293
1.1326696
0.88770393
1.0623789
1.0328636
1.136207
1.0149481
0.92046089
1.127901
0.88637392
1.0562994
0.87804394
0.86409175
1.0788146
0.94915864
1.0213439
0.92200153
0.88562631
1.0030886
0.90131455
0.94379393
0.92254137
0.90180181
0.98487492
0.98286381
0.86235208
0.86193628
1.0228615
0.97877323
0.89381048
0.95562856
1.0826386
1.0595352
0.87606271
1.0057233
0.92284308
0.92740063
0.976584
0.84827572
1.0068574
0.90127953
0.85634018
1.0731861
1.0497357
0.89212055
1.0205157
1.1219535
0.99585297
0.96328321
0.94750785
0.92962778
1.0278557
0.86450138
1.0228612
0.86545596
0.94602798
0.85767977
0.8202923
0.84873429
0.85864056
1.0084276
0.99526155
0.92061417
0.95880015
0.88313646
0.8983171
0.8693363
0.97704936
0.92302973
0.9146152
0.92630388
1.1157712
1.0307162
0.9572722
1.0716127
0.90708586
0.98793024
0.85938853
0.88114539
0.85710459
1.013497
0.99693481
0.91823136
0.96039123
0.88309177
0.89832482
0.86575532
0.97937272
0.92192885
0.9144567
0.92735504
1.1167688
1.0289515
0.95223009
1.0729529
0.90350696
0.98974331
0.8794154
0.81548752
0.90234951
0.882974
0.86844577
0.86037307
0.82715089
0.84545931
0.87966334
1.0080845
0.91223663
0.88850098
0.96262224
0.84611084
0.92274282
0.83888389
0.86265124
0.87140896
0.90323237
0.81525134
0.81733909
0.93142729
0.93245045
0.88625398
1.0450423
1.0136597
0.85865351
0.96556823
1.0020078
0.87300071
0.85656562
0.90137327
0.94107944
0.89385595
0.97078432
1.0334434
1.0359087
0.89802872
0.89765952
0.9915993
1.1099042
1.0274444
1.0509386
0.89547402
0.91318513
0.98302291
1.0950856
1.0254359
1.0574822
0.89469526
0.92947632
0.98952984
1.0998218
1.0273365
1.0290952
0.8941759
0.89494813
0.98324329
1.1035428
1.0164097
1.0452034
0.89159119
0.9171042
0.98133703
1.0886923
1.0209505
1.0545818
0.89385598
0.9312338
0.9884856
1.0971582
1.0330977
1.0629101
0.89682024
0.92051394
0.98986591
1.1050487
1.026229
1.0553787
0.89616855
0.92291675
0.99039896
1.0986044
1.0367151
1.0306186
0.89565141
0.89537865
0.99237613
1.111991
1.0254175
1.0553514
0.89452823
0.92173145
0.98725067
1.0975203
1.0252415
1.0565683
0.89388071
0.92277971
0.98548115
1.0965652
0.97509319
0.97194258
0.87982424
0.88087061
0.94121339
1.0263462
0.97837373
0.97632439
0.87624973
0.88275123
0.94242249
1.0325621
0.95634047
0.95921264
0.87838775
0.88001574
0.93311513
1.0036248
0.97990514
0.97696143
0.87896537
0.88424756
0.94492879
1.0347269
0.98341274
0.98297407
0.88212745
0.88711065
0.94913866
1.0406349
0.96869922
0.97096945
0.8796017
0.88045665
0.93741123
1.0178868
0.96910147
0.97774208
0.87283951
0.87973737
0.93589583
1.0245037
0.96596489
0.96480384
0.87046181
0.87973049
0.93294539
1.0136369
0.95252472
0.94260392
0.87523725
0.87385089
0.92331292
0.98838261
0.97205759
0.97018147
0.87538395
0.88199323
0.94328193
1.0258129
0.98017967
0.98190316
0.87535923
0.88644777
0.94631124
1.0386992
0.96157994
0.96863601
0.87769091
0.88222252
0.93480496
1.0132443
1.1284676
0.94099301
0.95295435
1.133254
0.94588541
1.1227661
1.1376293
1.1477608
0.96060142
1.1503905
0.9987682
1.1387724
0.97432182
1.1580817
1.0007659
0.96645986
0.96303818
0.85645221
1.0381153
0.919328
0.92724388
1.0139859
0.99239283
0.97983318
0.86242344
1.0624362
0.94226495
0.92644967
0.85225503
1.0052574
0.97917442
0.95814206
0.89783987
0.93443518
0.9170128
1.038226
1.042939
0.90035937
0.89923919
0.99926502
1.1175759
1.2049091
1.2048424
1.2049187
1.2046541
1.2046848
1.2046831
1.204622
1.2048249
1.2048831
1.2048691
1.2047278
1.2049167
1.2046683
1.2049359
1.2048656
1.2048755
1.2048605
1.2046474
1.2046455
1.2046809
1.2045915
1.2049783
1.2050098
1.2047841
1.2046706
1.204454
1.204522
1.2042501
1.2048187
1.2045185
1.2045412
1.2043538
1.2045185
1.204105
1.2041838
1.2050973
1.2050551
1.205201
1.2047132
1.2047654
1.2046671
1.2048772
1.2049006
1.2048602
1.2047905
1.2046444
1.2045554
1.2046214
1.2044594
1.2048773
1.2049877
1.2048917
1.2045339
1.2042824
1.2044374
1.2042727
1.2044202
1.2044872
1.2043547
1.2040486
1.2040448
1.2040121
1.2040302
1.2050539
1.2044578
1.2046952
1.204361
1.2047267
1.2041125
1.2043369
1.2045823
1.2045645
1.2044492
1.2041808
1.204087
1.2041279
1.2040221
1.2042395
1.2042883
1.2041891
1.2039654
1.2040005
1.203961
1.2039831
1.204481
1.2044626
1.204529
1.2041993
1.2042834
1.2043567
1.2044095
1.2042234
1.2046271
1.2045136
1.2042315
1.2040713
1.2045442
1.2043141
1.2046474
1.2048379
1.2047196
1.2046667
1.2046695
1.2047884
1.2045947
1.204202
1.2048673
1.2044074
1.2043147
1.2040759
1.2046034
1.2042442
1.2044646
1.2044514
1.2045709
1.204268
1.2044894
1.204302
1.2044681
1.2046717
1.2046748
1.2043747
1.2047181
1.204586
1.2044057
1.2046131
1.2045348
1.2046502
1.2045267
1.2043564
1.2042826
1.2043588
1.2042256
1.2045068
1.2041932
1.2043841
1.2042144
1.2044302
1.2041752
1.2043443
1.2041748
1.2042726
1.2043146
1.2042988
1.2042449
1.2042317
1.2042335
1.203906
1.2039868
1.2040184
1.2040684
1.203991
1.2038943
1.2040458
1.2044443
1.2043263
1.2043495
1.2043085
1.2041884
1.2042673
1.2042306
1.204332
1.2044383
1.2043405
1.2044026
1.2050099
1.2043153
1.2044043
1.2039618
1.2039312
1.2039112
1.2038579
1.20409
1.2038622
1.2040242
1.2038573
1.2039015
1.2037244
1.2040758
1.203989
1.2037333
1.2036447
1.2039501
1.20378
1.2038793
1.2039954
1.203854
1.2038202
1.2038516
1.2039953
1.2043037
1.2042623
1.2040095
1.2039417
1.2042466
1.204198
1.2041058
1.2042293
1.2043406
1.2039333
1.2039544
1.2041955
1.2043088
1.2039591
1.2043905
1.2041585
1.2039254
1.2039889
1.2043313
1.2042062
1.2038857
1.2040121
1.2039119
1.20406
1.2039891
1.204091
1.2039729
1.2044566
1.2043237
1.20468
1.2041459
1.2043687
1.2041894
1.2044512
1.2040774
1.2046466
1.2044126
1.2045318
1.2043597
1.2045087
1.2041459
1.2038545
1.2040457
1.2039664
1.2039313
1.2038755
1.2039696
1.2038843
1.2045137
1.2042032
1.2043693
1.2041412
1.2043798
1.2041296
1.2042498
1.2039114
1.2039484
1.2037872
1.2038952
1.2036984
1.2038287
1.2036333
1.2042948
1.2041181
1.204165
1.2040435
1.2040265
1.2038547
1.2037184
1.2044223
1.2043549
1.2043717
1.204139
1.2044312
1.204421
1.2041779
1.2042131
1.2040762
1.2040248
1.203978
1.2042477
1.2042044
1.2039963
1.2038175
1.2039885
1.2039232
1.2035403
1.203479
1.2032016
1.2033092
1.2040333
1.2040327
1.2040315
1.2037881
1.2035712
1.2038224
1.203622
1.2031752
1.2029517
1.2030894
1.2030244
1.2030407
1.2030994
1.2028518
1.2039133
1.2039477
1.2034739
1.2036005
1.203846
1.203884
1.2040216
1.2041597
1.2040277
1.204102
1.2037419
1.2036693
1.2038713
1.2038396
1.2040661
1.2039657
1.2039201
1.2032392
1.2035401
1.2038402
1.2037486
1.2035937
1.2038357
1.2037165
1.2032106
1.2032248
1.2035101
1.2034521
1.2041511
1.2038127
1.2040282
1.2035783
1.2039497
1.2036195
1.2038512
1.2039859
1.2041001
1.2041097
1.2035459
1.2036724
1.203576
1.2037208
1.2039405
1.2041395
1.2042006
1.2037191
1.2037068
1.2037542
1.2035923
1.2039652
1.2040685
1.2038795
1.2036162
1.2033809
1.202854
1.2026228
1.2037095
1.2038535
1.2037886
1.2032258
1.2030278
1.2027693
1.2028725
1.2041205
1.2039829
1.2041819
1.2028556
1.2033099
1.2031783
1.2035523
1.2031795
1.2042325
1.2037252
1.2039131
1.2037978
1.2039193
1.2029074
1.2017549
1.2031627
1.2030401
1.202746
1.2023725
1.2022906
1.2022339
1.203705
1.203835
1.2037293
1.2029096
1.2027468
1.2029776
1.2027531
1.2041844
1.2039794
1.2040779
1.2034553
1.2037973
1.2034365
1.2036965
1.2042472
1.2042856
1.2043153
1.2042131
1.2043435
1.2042053
1.2042094
1.2019551
1.2016491
1.2008851
1.2000648
1.2023962
1.2012149
1.2012223
1.2036417
1.20345
1.203455
1.2027645
1.2026088
1.202174
1.202221
1.2037566
1.2035869
1.2033043
1.2032128
1.2029848
1.2030119
1.2025503
1.2024071
1.204223
1.2036703
1.2036884
1.2035875
1.2032273
1.2031338
1.2029286
1.2022584
1.2025923
1.2014657
1.2018785
1.201438
1.2020335
1.2031609
1.2034754
1.2031013
1.2028853
1.2025947
1.2027598
1.2025101
1.200374
1.2013879
1.2001797
1.2009246
1.201954
1.2015667
1.2011991
1.2022103
1.2030209
1.2007922
1.2008872
1.2020932
1.2019251
1.2029687
1.2030336
1.2034159
1.2033574
1.2021566
1.2023175
1.201983
1.2022012
1.2028142
1.2033724
1.2031077
1.2021018
1.2015245
1.2021419
1.2017917
1.2025424
1.2028502
1.2030027
1.2015687
1.2016581
1.2020947
1.2024852
1.2031844
1.2033248
1.2034021
1.2020042
1.2019411
1.2028153
1.2027354
1.2020478
1.2021157
1.2018809
1.1989719
1.199315
1.1989628
1.1992836
1.2022963
1.2017181
1.2016663
1.1997887
1.2002522
1.1997938
1.2000931
1.2012195
1.2011385
1.1982409
1.1983162
1.1987778
1.1983999
1.1985155
1.201317
1.200003
1.2007633
1.1997247
1.199644
1.1994243
1.1996678
1.2014299
1.2014976
1.201642
1.1981394
1.197812
1.198801
1.198359
1.2045861
1.1935579
1.1860007
1.206098
1.2050337
1.2044942
1.2063661
1.1999467
1.199403
1.1994123
1.2001622
1.1990418
1.1998317
1.1997309
1.2014797
1.2020544
1.2015571
1.1998249
1.1993867
1.2001225
1.1999079
1.1712117
1.2023939
1.2013752
1.2083897
1.1992012
1.1988595
1.1899034
1.2007503
1.1990264
1.1979261
1.1999339
1.1983321
1.1999329
1.2004673
1.199776
1.2011818
1.200906
1.1993404
1.1992131
1.199516
1.1995431
1.192632
1.1989828
1.197169
1.1972097
1.1941625
1.1989018
1.1993791
1.1986642
1.2003523
1.1979318
1.2000127
1.1978694
1.1998695
1.2000642
1.2000267
1.2002193
1.2003919
1.1985059
1.1992108
1.1995219
1.1993663
1.1976745
1.1951817
1.1927829
1.1957148
1.1960841
1.1917762
1.1904123
1.1985582
1.1947367
1.1970792
1.1973486
1.1973552
1.1918034
1.1941383
1.1962375
1.1960054
1.1939333
1.1950067
1.194043
1.1950203
1.1916478
1.2070866
1.1994829
1.0624789
1.1974238
1.2018105
1.2013813
1.0510617
1.1956236
1.0693005
1.2049942
1.2036244
1.1960896
1.061628
1.2018585
1.1987544
1.1945306
1.1998347
1.1922745
1.1966928
1.1905048
1.1969403
1.1941444
1.1977269
1.1958363
1.1963634
1.1918828
1.19619
1.1922074
1.0612372
1.1936321
1.1886365
1.1930055
1.0448578
1.1981136
1.2002799
1.2040729
1.201949
1.1941967
1.0760028
1.2006208
1.2001344
1.1962127
1.1996744
1.1970681
1.1986074
1.1908829
1.1968515
1.1930037
1.1968588
1.1962006
1.1978888
1.1991149
1.1934869
1.1926655
1.1969604
1.1980106
1.1973124
1.1996177
1.1988423
1.1926207
1.1940834
1.1974743
1.1972429
1.2042588
1.2043574
1.2042296
1.20446
1.2042466
1.2043563
1.2043621
1.2042822
1.2044143
1.2042764
1.2043525
1.2043021
1.2043885
1.204263
1.2041632
1.2041
1.2041492
1.2041025
1.2041563
1.20415
1.2041638
1.2044103
1.2044912
1.2044057
1.2044131
1.2044756
1.2044184
1.2045014
1.2044914
1.2044955
1.2047952
1.2044799
1.2043456
1.2043587
1.2043952
1.2044068
1.2041186
1.2039899
1.2040585
1.2041839
1.2042543
1.2039605
1.2044499
1.2043122
1.2039535
1.2041653
1.2042345
1.2044331
1.2039736
1.2044224
1.2046809
1.204966
1.2048125
1.2045754
1.2044986
1.2046611
1.2043782
1.2043182
1.2043804
1.2043426
1.2043224
1.2043798
1.2042536
1.2041098
1.2041492
1.2040546
1.2040936
1.204128
1.2041575
1.2040429
1.2040319
1.2040122
1.2040337
1.2039589
1.2040818
1.2039836
1.2039892
1.2043692
1.2042901
1.2042767
1.2042792
1.2043411
1.2042992
1.2043386
1.2043104
1.2043343
1.2044644
1.2042473
1.2042314
1.2043232
1.2041722
1.2036846
1.2038609
1.2038523
1.2039705
1.2038383
1.2037706
1.203813
1.2039356
1.2039733
1.2039703
1.2040052
1.203979
1.2040158
1.2039671
1.204275
1.2042325
1.204192
1.2041105
1.2042779
1.2042163
1.20419
1.2041867
1.2037855
1.2040027
1.2040264
1.204109
1.2039456
1.2041314
1.2044782
1.2044116
1.2045856
1.2045905
1.2044409
1.2044602
1.2044264
1.2044649
1.2046086
1.2044879
1.2045445
1.2046173
1.2045472
1.2045227
1.204373
1.2043008
1.2044109
1.2042366
1.2043832
1.2043604
1.2041966
1.2043901
1.2044299
1.2043826
1.2038833
1.2044884
1.2041827
1.2041878
1.203529
1.2017433
1.2028872
1.2031369
1.2028657
1.2035342
1.2023893
1.2035794
1.2042537
1.2028587
1.2029932
1.2042848
1.2036049
1.2039076
1.2036387
1.2042919
1.2038766
1.2035091
1.2042961
1.203843
1.2030316
1.2040512
1.2042573
1.204001
1.2039181
1.2043311
1.2042327
1.2033934
1.2038574
1.2026721
1.2034817
1.2033348
1.2032569
1.203774
1.2026533
1.2044103
1.2044517
1.2042578
1.2042193
1.2044092
1.2043961
1.2044167
1.2045236
1.2050305
1.2049641
1.2047634
1.2046867
1.2045338
1.2048956
1.2044212
1.2044894
1.2043556
1.2044094
1.2044138
1.2044748
1.2043967
1.2040285
1.203896
1.2039639
1.2041963
1.2040847
1.2042015
1.2041564
1.2044993
1.2042018
1.2043407
1.2051284
1.2043609
1.2049285
1.2047002
1.2043277
1.2041051
1.2041408
1.2040255
1.2042798
1.2043
1.2039975
1.2038462
1.2041643
1.2041757
1.20396
1.2042113
1.2040141
1.2038421
1.2039593
1.2028957
1.2036595
1.2033713
1.2033424
1.2038961
1.2024278
1.2032264
1.2040243
1.2037992
1.2034057
1.204027
1.2039324
1.202009
1.2027615
1.2037796
1.2031429
1.2016543
1.2038194
1.2027952
1.2016923
1.2043767
1.2048105
1.2045555
1.2046062
1.2047134
1.204576
1.2047642
1.2042387
1.2040268
1.2048474
1.2037821
1.204736
1.2039318
1.204247
1.2039619
1.2038234
1.2035787
1.2034601
1.2038734
1.2039007
1.2037337
1.2027344
1.2018381
1.2024052
1.2030452
1.2026949
1.2031668
1.2025032
1.2037334
1.2041146
1.2040199
1.2038759
1.2040353
1.2038302
1.2037735
1.2029798
1.2037095
1.2016943
1.2028265
1.202916
1.2035469
1.2017857
1.2027078
1.202148
1.2024673
1.2024073
1.2023639
1.2026174
1.2021264
1.2030272
1.2032357
1.2026684
1.2023611
1.2033327
1.2030636
1.2020631
1.2035156
1.2028761
1.2028601
1.2026095
1.2030716
1.2032393
1.2026756
1.2032459
1.2038116
1.2041486
1.203721
1.2039377
1.2030784
1.2035693
1.2025246
1.2007236
1.2012104
1.2018492
1.2023537
1.2027272
1.2014972
1.2019399
1.2020375
1.2015459
1.2021219
1.2020632
1.2023243
1.2015089
1.2025761
1.2031011
1.2016272
1.2026619
1.2023865
1.2031032
1.2019632
1.2032415
1.2034852
1.2036704
1.2034809
1.2034189
1.2030428
1.2033696
1.2030876
1.2029447
1.2031815
1.2034152
1.2031386
1.2033292
1.2032209
1.2029508
1.2029284
1.20179
1.2025702
1.2025196
1.2030263
1.2023958
1.2033783
1.2035497
1.203388
1.2029117
1.2037362
1.2032512
1.2029606
1.2034282
1.2041604
1.2035471
1.2034968
1.203884
1.2038593
1.2030709
1.200748
1.201287
1.2003668
1.2015167
1.2021576
1.2015168
1.2018072
1.2027116
1.2027982
1.2023888
1.2010263
1.2033057
1.202295
1.2015465
1.2037869
1.2024946
1.2041269
1.2012821
1.1993951
1.198984
1.2021584
1.2018424
1.2031983
1.203108
1.2026362
1.2024794
1.2022707
1.2021388
1.2017937
1.2017739
1.2012124
1.20143
1.2024885
1.2018613
1.2019011
1.2013587
1.2019187
1.2015084
1.2007427
1.2017175
1.2014114
1.2011199
1.2031868
1.2037063
1.2015255
1.2020029
1.1996072
1.1994975
1.2028153
1.2038237
1.2030286
1.2035734
1.2040333
1.2039429
1.2037298
1.2041306
1.2043355
1.2042727
1.2046713
1.2040412
1.2046101
1.2041642
1.204133
1.2040512
1.2037489
1.2033494
1.2019095
1.2040208
1.2033268
1.2030409
1.201694
1.2022321
1.2017702
1.2012472
1.201392
1.201139
1.2018037
1.2008617
1.2028187
1.2028264
1.2031569
1.2012566
1.2014215
1.2022753
1.2007351
1.2025162
1.2010091
1.2015981
1.2010672
1.2019053
1.2006875
1.2017616
1.2009819
1.2018586
1.2003081
1.2001307
1.1997213
1.2009338
1.2006463
1.2009566
1.2007519
1.2010949
1.2014005
1.2007463
1.20067
1.2022043
1.203327
1.2030547
1.2026434
1.2031855
1.2027342
1.2023074
1.2014167
1.201407
1.2011638
1.2016502
1.2022126
1.2018301
1.201982
1.2015019
1.2028991
1.2008925
1.2015374
1.201936
1.2022156
1.2010394
1.2001533
1.2015185
1.2024944
1.2015345
1.2009263
1.2003923
1.2018911
1.2007768
1.2010843
1.2020474
1.2013787
1.2011194
1.2006968
1.2013545
1.2016721
1.2012518
1.2008714
1.2010165
1.2019121
1.2012584
1.2016812
1.2008169
1.201951
1.2017438
1.201561
1.2013046
1.2014581
1.2009391
1.2025475
1.2029131
1.2029644
1.2016699
1.2007763
1.2006735
1.2016496
1.2004946
1.2008262
1.2009452
1.2006671
1.2006267
1.2008222
1.2003188
1.2005107
1.2010557
1.2019413
1.2013138
1.2010532
1.200648
1.2015254
1.2007471
1.2010716
1.2021941
1.2012627
1.2013925
1.2007771
1.2015632
1.199022
1.1982098
1.1978687
1.1987113
1.1994963
1.1986205
1.1995221
1.2001619
1.2009765
1.2005512
1.2004448
1.2006715
1.2009351
1.1998167
1.2026641
1.2020403
1.2022895
1.2026458
1.2028368
1.2024726
1.2029644
1.2010122
1.2011431
1.2019217
1.201339
1.20173
1.2007933
1.2013015
1.2019192
1.2029503
1.2024233
1.2023675
1.2024641
1.2024753
1.2019138
1.1998334
1.2003507
1.1997052
1.1994427
1.1992733
1.1992792
1.1993949
1.2004654
1.2012786
1.2009406
1.2008178
1.2007899
1.2008773
1.200351
1.2047887
1.2012157
1.2077022
1.2065967
1.2034503
1.2021652
1.2073458
1.203998
1.1748522
1.1905279
1.1954327
1.2058231
1.2051428
1.1889654
1.2110004
1.2081811
1.2109836
1.2123104
1.2044921
1.2072859
1.2062811
1.1764051
1.2041316
1.1995319
1.2058575
1.1918955
1.1804437
1.1780521
1.1581019
0.92477065
1.1071795
1.0789963
1.0897578
1.0563243
1.1867036
1.2021926
1.1959302
1.2026023
1.2078759
1.1996299
1.1989377
1.2108687
1.1895291
1.2069664
1.2063871
1.2124758
1.2040042
1.1853576
1.2027105
1.1423213
0.93228954
1.0802236
1.1221017
1.0565204
1.0993552
1.1685635
1.1991062
1.2057358
1.2099089
1.2082765
1.2065491
1.2123158
1.205427
1.1967201
1.1974345
1.1976275
1.1987786
1.1979309
1.1969074
1.20117
1.2068064
1.2056734
1.2088
1.2097241
1.2138281
1.2048997
1.2020451
1.1505594
0.92970259
1.1150903
1.0816975
1.1013614
1.0644492
1.1756756
1.1687363
1.1964219
1.1936896
1.1861799
1.1986119
1.1903465
1.1675637
1.1908652
1.2046507
1.1940626
1.2117303
1.2008457
1.201143
1.2127816
1.1930627
1.2016569
1.1970808
1.2091001
1.198176
1.198848
1.2059275
1.1364159
0.9388835
1.1222407
1.1083388
1.0912352
1.0893093
1.1603103
1.1851081
1.2050399
1.2072716
1.2081276
1.2138293
1.2057583
1.1992664
1.2041678
1.2034801
1.203321
1.2090684
1.2085592
1.20561
1.2018306
1.1780599
1.2035153
1.2050407
1.2043311
1.2035068
1.2026555
1.2037373
1.1938551
1.1915621
1.2056033
1.2000462
1.2031733
1.199658
1.1722781
1.1897643
1.1784492
1.2031042
1.1952939
1.2005208
1.1971676
1.162053
1.188024
1.204206
1.2041499
1.2043342
1.2042667
1.2044588
1.2060353
1.085177
1.1734279
0.99956055
1.16062
1.1844554
1.0550906
0.99923823
1.2004827
1.1993345
1.2031236
1.204979
1.2041929
1.2034707
1.1824876
1.1965802
1.1857526
1.203409
1.1982496
1.2025455
1.2004767
1.1756176
1.0215511
1.1666277
1.1965712
1.1956196
1.1830033
1.10507
1.1035689
1.1591639
1.2007278
1.1981866
1.2008363
1.1975727
1.2015103
1.1944092
1.1598262
1.1539897
1.1827612
1.1962079
1.1900841
1.1733513
1.124648
1.1667397
1.1578483
1.1869061
1.1996222
1.194719
1.1806221
1.1275493
0.98680802
1.1060513
1.163162
1.1534573
1.1224239
1.0508362
1.0416219
0.99028698
1.1182901
1.169212
1.1573648
1.1261045
1.061145
1.0436181
1.2029685
1.2006945
1.2015059
1.2019863
1.2018222
1.201685
1.2017954
1.1821833
1.1333527
1.1904843
1.1610677
1.1904579
1.1821456
1.1341775
1.1762939
1.0752662
1.1881545
1.1172147
1.188356
1.1750629
1.0784781
1.2036135
1.2009541
1.2010835
1.2006744
1.2018792
1.2015456
1.2020955
1.1858976
1.1375635
1.1936417
1.164095
1.1934763
1.1860647
1.1385796
1.2001755
1.1996949
1.2010856
1.2005351
1.2005633
1.1995778
1.2007544
1.1822904
1.07977
1.124008
1.1906962
1.1915878
1.0845965
1.17972
1.2010256
1.2017414
1.2021787
1.2016249
1.2014697
1.2017758
1.2012404
1.1925179
1.1907175
1.1854879
1.1962752
1.1994978
1.1990882
1.1975752
1.2000278
1.2003202
1.2004234
1.2000119
1.1998789
1.2004835
1.1999753
0.94575228
0.89330442
0.94025751
0.98693349
0.9921946
0.90166995
0.93776008
0.95335291
0.89379426
0.94833006
0.99069623
1.0058821
0.90533056
0.93765087
0.9440161
0.84778699
0.9208595
0.92057787
0.89666424
0.89824257
0.9769425
1.0810099
1.1052789
1.0548549
1.0981046
1.1448024
1.1127655
1.13765
1.0012926
1.1264393
1.0791872
1.0044992
0.97238807
1.0807568
1.0278962
1.2041501
1.2041329
1.2041157
1.2041386
1.2041357
1.2041355
1.2041673
1.19958
1.164487
1.2024413
1.1930655
1.2026412
1.1990523
1.1691639
1.2005535
1.1728118
1.2027965
1.1936381
1.2033156
1.1998727
1.1773735
1.2041723
1.2042354
1.2041601
1.2044003
1.2041502
1.2042894
1.2041779
1.2041839
1.2042116
1.2041751
1.2042524
1.2041666
1.2042455
1.2042012
1.2039706
1.2040757
1.2040867
1.2040224
1.2040553
1.2040358
1.2039516
1.2003188
1.1664307
1.2026663
1.1937907
1.2033182
1.1993126
1.1736132
1.1985822
1.166913
1.2014774
1.1929178
1.2021127
1.1974691
1.1725643
1.2042683
1.204624
1.2041891
1.2045673
1.2041962
1.2042433
1.2047628
1.2039515
1.2040179
1.2039083
1.2038205
1.2039963
1.20403
1.203815
1.2028628
1.2033092
1.2014051
1.2041389
1.2048878
1.2045205
1.2046317
1.2041613
1.2041452
1.2041428
1.2041042
1.2041796
1.2041283
1.2041352
1.2005995
1.1726881
1.2027137
1.1948321
1.203041
1.1999037
1.1775878
1.2008842
1.1729679
1.2029752
1.1946582
1.2034842
1.2001189
1.177841
1.2041875
1.2041886
1.2041777
1.2042404
1.2042072
1.2041634
1.2042092
1.2041191
1.2040522
1.2040716
1.2040548
1.2040913
1.2040671
1.204098
1.2036077
1.203641
1.2025483
1.2039398
1.2040691
1.2040907
1.2040524
1.2040688
1.2041028
1.2040497
1.204098
1.2040597
1.2040081
1.2041134
1.1979743
1.1663428
1.2013921
1.1905364
1.2019038
1.1708938
1.1972461
1.2002757
1.1725308
1.2027343
1.1940066
1.2028433
1.1766934
1.1998737
1.2038628
1.2037519
1.2039134
1.2037336
1.2039367
1.2038475
1.2037006
1.2040641
1.2040466
1.2040778
1.2040662
1.2040551
1.2041081
1.2040576
1.2021069
1.2021995
1.2002074
1.2031143
1.2036145
1.2034074
1.2036595
1.1953872
1.1642186
1.1976444
1.1782145
1.1993513
1.1939817
1.1701098
1.2033445
1.2034239
1.2040142
1.203875
1.2039942
1.203097
1.2035489
1.1883794
1.1444425
1.1703751
1.1913564
1.1936984
1.1525602
1.1849069
1.2034987
1.2042605
1.2034851
1.2040258
1.2037771
1.2041214
1.2032079
1.201042
1.200341
1.1971735
1.2024141
1.2039457
1.2035187
1.203271
1.2036423
1.2041341
1.2039502
1.2036481
1.2041143
1.2037165
1.203698
1.1911165
1.1605667
1.1959889
1.1706804
1.1946699
1.1926507
1.162083
1.2008226
1.2018285
1.2041587
1.2038974
1.2018666
1.2037403
1.2007141
1.1858685
1.1360278
1.1672335
1.1903544
1.1929316
1.1436546
1.1824383
1.2012593
1.2035989
1.2027067
1.2040198
1.202214
1.2018325
1.2036302
1.2012888
1.2025606
1.2028424
1.2014024
1.2029135
1.2017224
1.201148
1.1922788
1.1606789
1.1713167
1.1957405
1.1965977
1.161538
1.1923811
1.187916
1.1397913
1.1694569
1.192223
1.1947317
1.1475832
1.1841389
1.2023947
1.2017583
1.2046467
1.2046713
1.2049585
1.2019696
1.2023132
1.2030559
1.2054831
1.2033562
1.2049216
1.2039947
1.2052598
1.2025881
1.2037908
1.2049543
1.2045093
1.2049791
1.2046748
1.2052168
1.2035092
1.1854981
1.2043975
1.2045725
1.2045881
1.2065734
1.2045352
1.2046797
1.0856367
1.1753364
1.1630641
0.99599127
1.1874496
1.0514602
1.0002687
1.1991215
1.1959328
1.2056755
1.2031889
1.2032551
1.2045436
1.1763927
1.1960467
1.1841624
1.2050615
1.2002686
1.2015306
1.2037122
1.1708976
1.1807742
1.2046765
1.2048233
1.204728
1.2052512
1.2046293
1.2046196
1.1977199
1.1958389
1.2048127
1.2018537
1.201758
1.2037673
1.180121
1.1907718
1.1811178
1.2038251
1.1960869
1.1979744
1.201695
1.1676565
1.0266109
1.1680094
1.1993413
1.1989945
1.184598
1.1065028
1.1092325
1.1673988
1.2040007
1.2042732
1.2044308
1.2039498
1.2037851
1.2038215
1.1880229
1.1826763
1.2040748
1.1953506
1.1969042
1.2012558
1.1612146
1.1878168
1.1786698
1.2031914
1.193251
1.1956745
1.2005269
1.1578514
1.026124
1.1591426
1.1878303
1.1850334
1.1682002
1.0952397
1.0916536
1.0240577
1.1561241
1.1821365
1.1803905
1.1619305
1.0920073
1.0898071
1.0249453
1.1620701
1.1963889
1.198444
1.1015262
1.1833216
1.1046224
1.1860957
1.2043915
1.2045985
1.2043643
1.2045624
1.2058191
1.2044994
1.1977372
1.1925612
1.2050674
1.202217
1.2041716
1.2012348
1.1749921
1.1940402
1.1839623
1.2041461
1.1985778
1.1996794
1.20274
1.1730666
1.0173704
1.1516763
1.1811717
1.1792081
1.0881261
1.157019
1.0858612
1.166402
1.204131
1.2042394
1.2042403
1.2041633
1.2042074
1.2043436
1.1862913
1.1760463
1.2025644
1.1926103
1.199824
1.1947194
1.1541978
1.1864631
1.181261
1.2035231
1.1952108
1.1959897
1.201133
1.1609136
1.0304388
1.1611024
1.1865742
1.183291
1.1019378
1.0944386
1.166411
1.1925335
1.162995
1.1745293
1.1955639
1.195884
1.1662432
1.1916367
1.1843821
1.1399041
1.1681798
1.1884909
1.19106
1.1481995
1.1807445
1.2001637
1.1997277
1.2013803
1.201349
1.2013779
1.1999765
1.2000773
1.2004952
1.2018635
1.2010249
1.2015441
1.2009495
1.2015473
1.2004396
1.2006358
1.2014933
1.2010298
1.2013043
1.2007999
1.2014152
1.2007964
1.1925728
1.1623713
1.1955791
1.1737766
1.195736
1.1922196
1.1668054
1.203009
1.2020329
1.2046067
1.204053
1.2025077
1.2045226
1.20246
1.1856896
1.1397453
1.1646148
1.1902272
1.1918458
1.1478438
1.1826082
1.2036096
1.2048868
1.2036446
1.2048409
1.2031215
1.2040245
1.2047751
1.2034411
1.2041894
1.2038587
1.202826
1.2043555
1.2035553
1.2027798
1.0295805
1.174819
1.2007767
1.2010363
1.1127279
1.1892928
1.1133887
1.1836047
1.2038732
1.2049169
1.2031377
1.2044216
1.2029055
1.2029739
1.2007534
1.1997195
1.2033473
1.20542
1.204628
1.203605
1.1853871
1.1896908
1.1794075
1.2003269
1.1936001
1.1950643
1.198747
1.167523
1.0318892
1.1640097
1.1865399
1.1818825
1.1031108
1.1681655
1.0984635
1.1607252
1.2023717
1.202258
1.2013075
1.2011174
1.1997808
1.2000923
1.1844654
1.1817236
1.2006245
1.1925171
1.1976267
1.1936964
1.1617839
1.1832037
1.1762692
1.1986217
1.1895399
1.1913361
1.1957643
1.1576838
1.0243491
1.1569053
1.1809998
1.1787424
1.0956393
1.0931597
1.1633787
1.182878
1.2041239
1.2039837
1.2039771
1.204441
1.2043431
1.2048779
1.1967646
1.1942049
1.2007366
1.2043867
1.2031528
1.2008937
1.1769915
1.1919036
1.1820531
1.2026251
1.1967459
1.201378
1.1977412
1.1694649
1.1815775
1.2033688
1.2035998
1.203589
1.2035414
1.2038612
1.2047843
1.1952731
1.1933938
1.1998612
1.2042023
1.2026415
1.2002716
1.1753107
1.1931067
1.1825089
1.2042104
1.1988856
1.2024696
1.1994608
1.1667591
1.028191
1.1562172
1.1825839
1.1794794
1.0947854
1.0888291
1.1651998
1.0221241
1.1569032
1.1852483
1.1828392
1.0905515
1.0889318
1.1630415
1.1667654
1.2029467
1.2032774
1.2031702
1.2028021
1.2027072
1.203007
1.183098
1.1800822
1.2014297
1.191949
1.1931858
1.1985613
1.156074
1.1882014
1.180855
1.202996
1.1944539
1.196072
1.2005113
1.1594465
1.1927165
1.1635056
1.1957465
1.1736413
1.1961366
1.1917572
1.1653473
1.2003539
1.2002057
1.2012675
1.2011068
1.2007172
1.2001843
1.2010967
1.1866116
1.1375619
1.1645986
1.1914909
1.1933479
1.1836167
1.1459338
1.2007108
1.2022732
1.2012421
1.2015725
1.2014866
1.2005717
1.2015921
1.2005261
1.2013422
1.2008677
1.2005215
1.2006956
1.2011158
1.2009881
1.1932181
1.1622873
1.1718161
1.1970184
1.196522
1.164167
1.1933978
1.1845039
1.1377643
1.1646507
1.1888795
1.1907766
1.1453271
1.1814913
1.2003419
1.1996987
1.2012684
1.2009171
1.2012454
1.2004592
1.1996945
1.1957737
1.1953666
1.1918876
1.1986406
1.2005485
1.1999421
1.1997053
1.2009999
1.2020371
1.2017856
1.2017052
1.2015769
1.2016506
1.2011997
1.200732
1.2016128
1.2007659
1.2011526
1.2011452
1.2014705
1.2002629
1.1949447
1.1623015
1.1746695
1.1978529
1.1991192
1.165411
1.1942055
1.1903545
1.1418497
1.1706305
1.1947112
1.1967131
1.1875984
1.1492502
1.2018772
1.2002932
1.2015098
1.201491
1.201214
1.201097
1.2018743
1.1998204
1.199494
1.1963132
1.2021863
1.2034315
1.2030071
1.2029963
1.2023221
1.202599
1.20222
1.2019624
1.2026601
1.2017541
1.2022933
1.2024565
1.202732
1.2025464
1.2020325
1.2020514
1.2028866
1.2023707
1.203938
1.2040332
1.2037073
1.2037472
1.2039221
1.203439
1.2046094
1.1807862
1.1392
1.1896482
1.1626484
1.1885186
1.1822835
1.1386067
1.1864109
1.0763289
1.1926102
1.1280265
1.1938174
1.180327
1.0868281
1.2035064
1.2033936
1.2037291
1.2034736
1.203712
1.2034573
1.2031933
1.2036334
1.2025819
1.2031165
1.2036568
1.2030559
1.2028839
1.2050856
1.1936897
1.1953558
1.1877546
1.2020507
1.2038453
1.202711
1.2039069
1.2021852
1.2022468
1.2039957
1.2041427
1.2038527
1.2011541
1.2031741
1.1797376
1.1316763
1.1888233
1.1592199
1.1883529
1.1330774
1.1802976
1.1683148
1.0712281
1.1882841
1.1068627
1.1827315
1.0701994
1.1725268
1.2015445
1.2019056
1.2027261
1.201301
1.2024977
1.2012646
1.20137
1.2037346
1.2020324
1.203284
1.2047894
1.2031659
1.2047177
1.2043272
1.1817235
1.1356201
1.1909678
1.1624805
1.1913199
1.1820429
1.1370457
1.2026131
1.2018778
1.2043999
1.2036614
1.202613
1.2041027
1.2019883
1.1661335
1.059375
1.1012166
1.181731
1.1817189
1.0635629
1.1651585
1.2034418
1.2045933
1.2043715
1.2047169
1.2035061
1.2042287
1.2044567
1.2025555
1.2032912
1.2032287
1.2017115
1.2037541
1.2021763
1.2023478
0.98791453
1.1117833
1.165035
1.1531252
1.0571213
1.1224392
1.0416258
0.98932847
1.1144821
1.1694446
1.1582611
1.0576056
1.1278967
1.0458008
1.0800767
1.2043582
1.199244
1.1893048
1.1988021
1.1738163
1.1885047
1.1478023
1.1523669
1.1762601
1.1949349
1.1888184
1.1777053
1.1042539
1.0659386
1.0432794
1.1222961
1.0614273
1.0901891
1.1089379
1.0034111
0.97334199
1.0735516
1.0294066
0.90180188
1.0801276
0.92080942
0.95881651
1.0845061
1.2025707
1.2015687
1.1979812
1.2009174
1.1884529
1.1958759
1.1548882
1.1569458
1.1803624
1.1978515
1.1907145
1.1825481
1.111404
1.0914763
1.0501659
1.141981
1.0805039
1.1076122
1.1393492
1.0171278
0.89529303
0.99607318
1.0147572
1.0219899
0.94159639
0.94528188
0.97036129
1.0644609
1.1598914
0.96185233
1.1274211
1.1624394
0.98191667
1.0478722
1.0730525
1.1628502
0.96835313
1.134273
1.1660962
1.0543002
0.98827424
1.1636239
1.2014458
1.2011742
1.1993668
1.2004115
1.2008241
1.1971923
1.1641708
1.14969
1.1804091
1.1946218
1.1900475
1.1769454
1.1210531
1.1665259
1.1538224
1.1785204
1.1910224
1.187167
1.1758116
1.128431
0.99032333
1.1106525
1.1634404
1.1506813
1.0580456
1.0436532
1.1233074
1.0699718
1.1997799
1.1984343
1.195677
1.1793145
1.1887601
1.1828767
1.1524309
1.1490497
1.1769074
1.1971272
1.1892452
1.1775659
1.106229
1.0916292
1.0810536
1.1576651
1.1007874
1.1400498
1.1249051
1.0321494
0.91590268
1.0305811
1.0564899
1.0487419
0.97000483
0.96562175
1.006924
1.0721749
1.2013615
1.2001321
1.1977584
1.1752069
1.1967675
1.1898706
1.1437617
1.1484859
1.170688
1.1903773
1.1715727
1.1821534
1.1036832
1.0836469
1.0767215
1.1445358
1.0889106
1.1148959
1.126978
1.0275128
1.1777423
1.1345534
1.1871063
1.1607405
1.186901
1.1783585
1.135294
1.2013159
1.1999541
1.2013061
1.2016338
1.2008666
1.200497
1.2011663
1.1761838
1.0741947
1.1178014
1.1877479
1.1876717
1.1745279
1.0800801
1.20151
1.2009554
1.2013312
1.2011637
1.2014255
1.2011907
1.2009924
1.2017328
1.2008299
1.2011136
1.2016272
1.2022303
1.2009034
1.20118
1.2022347
1.2019309
1.2034398
1.2031826
1.2028386
1.2022326
1.2021489
1.181259
1.1354477
1.1896525
1.1615082
1.1902517
1.1360922
1.181364
1.1789124
1.0681283
1.1861942
1.1201497
1.1894045
1.0816978
1.1716645
1.2017732
1.2023434
1.2031578
1.2021391
1.2024994
1.2022393
1.2016669
1.201903
1.2016054
1.2025804
1.2016461
1.202177
1.2022967
1.201745
1.1947641
1.1952052
1.1892702
1.2002835
1.2018073
1.2009744
1.2017534
1.0701061
1.1593345
0.96584347
1.1309483
1.1615445
1.0551287
0.98585404
1.1489098
1.2006517
1.2003745
1.1981334
1.1971049
1.1997856
1.1879826
1.1732703
1.1690374
1.1889151
1.2027224
1.1986156
1.186408
1.1389981
1.1582695
1.1540227
1.1824867
1.1905307
1.1866547
1.1697386
1.1267842
0.99165623
1.1152428
1.1658471
1.1547247
1.0613097
1.0457559
1.1258835
0.99179286
1.0844319
0.90930289
1.0504639
1.1019415
0.93601175
0.96655283
1.0853227
1.2026419
1.2016531
1.2053195
1.1995034
1.199856
1.1923391
1.1527673
1.1596077
1.1806643
1.1987727
1.1917577
1.1822093
1.1088652
1.1374155
1.0689525
1.1322138
1.1757373
1.1810772
1.1428412
1.0581294
0.8968569
0.9921575
1.0549219
0.99123888
0.96522199
0.92600195
0.97441886
1.0768104
1.1972233
1.1973405
1.1912065
1.1731921
1.1924581
1.1824802
1.1517378
1.1540448
1.176705
1.1945022
1.177987
1.1883198
1.1091417
1.0401823
1.019927
1.0279685
1.0935101
1.0597631
1.0803892
0.9773753
0.98532558
1.1044879
1.1602072
1.1488132
1.1193052
1.0522479
1.0365417
0.98957542
1.1104139
1.1666639
1.1551151
1.125732
1.0555493
1.0419806
1.1587449
1.2007241
1.1990458
1.2002247
1.1955263
1.199539
1.2009737
1.1605541
1.1507113
1.1815818
1.1922074
1.1726426
1.1884585
1.1231276
1.1689322
1.1565025
1.1853045
1.1968382
1.1810091
1.1932666
1.1278123
0.90738863
1.0186804
1.02596
1.048224
0.99248535
0.94984298
0.96371908
1.0812366
1.2037062
1.1999699
1.1914781
1.1654556
1.1982144
1.1878321
1.1409321
1.1438214
1.1718834
1.1918515
1.1693171
1.1857046
1.0978958
1.0525286
1.0585142
1.0586373
1.1249607
1.091921
1.0957242
1.0005168
0.99164998
1.1018164
0.91404181
1.0517918
1.1075984
0.97858788
0.93278514
1.0750021
1.1991412
1.1987383
1.1947028
1.1793797
1.1963666
1.1849929
1.1494479
1.1519577
1.1769955
1.1955089
1.1778164
1.1892329
1.1054989
1.0916073
1.0756211
1.0972465
1.1553941
1.1230513
1.1375307
1.0304432
1.1794474
1.1339501
1.1880439
1.1606354
1.1880753
1.1798187
1.1344562
1.1993402
1.1992619
1.2006502
1.2004911
1.1993209
1.199324
1.2004843
1.17555
1.0782149
1.1166311
1.1891136
1.1874998
1.177306
1.0784218
1.1997401
1.2006309
1.2004328
1.2008474
1.2001235
1.199919
1.2005747
1.1996472
1.2003174
1.2004649
1.2000581
1.1997758
1.2003865
1.1998867
0.99587251
0.91398609
0.9905924
1.0148626
1.0534641
0.93780302
0.96397602
0.94718779
0.87525999
0.94023799
0.94815311
0.99148334
0.90124149
0.90765751
0.93538706
0.83935667
0.92293225
0.9037889
0.9706078
0.90277163
0.88531209
1.0197979
1.1656432
1.0956159
1.0109252
1.1289683
1.0496394
0.99893266
1.0129827
1.1115127
1.0264138
0.97233707
1.0928686
1.0386903
0.95531939
0.91147942
0.88026815
0.90763125
0.96245932
0.94896283
0.87823987
0.91776341
0.97138378
0.90102565
0.96473283
0.99935148
1.0244339
0.94885057
0.91829254
0.95068495
0.84269566
0.90524888
0.9263239
0.90255037
0.88631661
0.98332242
1.1139022
1.1029518
1.0715259
1.1133917
1.1521338
1.1445767
1.1310232
1.0150085
1.1021297
1.0225162
0.96820792
1.0694872
0.9465969
1.0409196
1.0267707
1.1561314
1.0987584
1.016293
0.99115342
1.1180712
1.0493318
0.97509764
0.88731091
0.96196158
0.96696223
1.0200247
0.92030598
0.92495716
0.94521053
0.88899298
0.93934011
0.98360087
0.9936645
0.93136123
0.89989889
0.94448016
0.84380243
0.92281495
0.90967889
0.88977721
0.903282
0.97668108
1.0590043
1.1971532
1.0646219
1.0011107
1.1730986
0.98333201
1.0847448
0.99642922
1.101662
1.0570855
0.98575818
0.9655447
1.074833
1.0239156
1.2045324
1.2045232
1.2044598
1.204495
1.2044586
1.2045224
1.2045908
1.2044868
1.204603
1.2044192
1.2044388
1.2044295
1.2044709
1.2045406
1.204689
1.204448
1.2037367
1.2040975
1.2040554
1.2043683
1.2046978
1.2048974
1.204564
1.2044313
1.2045193
1.2044665
1.204592
1.2048168
1.2045916
1.2045976
1.2045167
1.2045564
1.2045392
1.2046124
1.2046545
1.2044003
1.2043616
1.2043553
1.2044479
1.2044092
1.2045125
1.2044407
1.2049052
1.2044265
1.2045305
1.2046732
1.2044017
1.2045073
1.2045856
1.2044066
1.2044304
1.2043941
1.2044832
1.2043972
1.204492
1.2044917
1.2044027
1.2044503
1.2042326
1.2042532
1.2043738
1.2043722
1.2044725
1.2042927
1.2042329
1.2044415
1.2041803
1.204318
1.2043133
1.2043474
1.20434
1.2043572
1.2041789
1.2041891
1.2042611
1.2043513
1.2044559
1.2038794
1.2039645
1.2040298
1.2039907
1.2041376
1.2041856
1.2040506
1.2047085
1.2041651
1.204328
1.2044814
1.2041645
1.2043452
1.2044828
1.2041063
1.2042584
1.2040676
1.2042267
1.2043
1.2041754
1.2041156
1.2040486
1.2033889
1.2036623
1.2037692
1.2034282
1.2038108
1.204034
1.2036482
1.2035062
1.2037282
1.2035532
1.2035023
1.203648
1.2036726
1.2044881
1.2045241
1.2043888
1.2043377
1.2043963
1.2043746
1.2045152
1.204275
1.2041856
1.204297
1.2043185
1.2043672
1.2043927
1.2043874
1.2042656
1.2042587
1.204214
1.2041904
1.2041683
1.204126
1.2041885
1.2041603
1.2040065
1.2040399
1.2041678
1.2041171
1.2041061
1.2040826
1.2045407
1.2044691
1.2048656
1.2046022
1.2044492
1.2044872
1.2044643
1.2045948
1.2045115
1.2047705
1.2045915
1.2045271
1.2045437
1.2045101
1.2044196
1.2044397
1.2044595
1.2045929
1.2044769
1.2044754
1.2045032
1.1984088
1.1999208
1.1963086
1.1988989
1.2001031
1.2018859
1.2015607
1.2025996
1.2035465
1.2030256
1.2036129
1.2022618
1.2033665
1.2034577
1.2047458
1.2047649
1.204471
1.2045655
1.204281
1.2044456
1.2047628
1.2037918
1.2033173
1.203106
1.2040025
1.2036951
1.2039079
1.2033508
1.19847
1.1979957
1.2020879
1.2003082
1.203412
1.2047474
1.2032421
1.2035334
1.2035814
1.2034202
1.2033881
1.2033071
1.2033238
1.2035339
1.2032202
1.2028005
1.2034938
1.2031953
1.203724
1.2036646
1.2033889
1.2036591
1.2040737
1.2017068
1.2027496
1.2037591
1.2038248
1.2041389
1.2003219
1.2007364
1.2018895
1.2016985
1.2030889
1.2034059
1.2026505
1.2032173
1.2035051
1.2009703
1.2019042
1.2017813
1.2028668
1.2038806
1.1997251
1.2006293
1.2000462
1.201068
1.2002879
1.201557
1.2008934
1.1991702
1.1990441
1.1927748
1.1975134
1.199933
1.1995103
1.1997473
1.2011827
1.1948268
1.1983259
1.1975099
1.2008712
1.1997519
1.1999573
1.1741908
1.1742948
1.1914334
1.1883319
1.1757086
1.1723902
1.190164
1.1778515
1.1973035
1.1938165
1.1833479
1.1783075
1.1932686
1.1840134
1.1736067
1.1919406
1.1875925
1.1706243
1.1714052
1.1899342
1.1729362
1.1310676
1.155115
1.0041493
0.98204074
0.95512578
1.1459107
1.1387954
1.2027843
1.202526
1.2015565
1.2021852
1.2018575
1.2025418
1.2029474
1.2009107
1.201236
1.2006025
1.2016869
1.20114
1.2020536
1.2015052
1.1972711
1.1997059
1.1926183
1.1970239
1.1994703
1.1996279
1.1998715
1.1991402
1.1966582
1.1975249
1.1976489
1.1993408
1.1995796
1.199549
1.1845002
1.198743
1.1907899
1.1970593
1.1893749
1.196285
1.1859354
1.180318
1.1793176
1.1952375
1.193212
1.1813454
1.1781267
1.19455
1.1834453
1.1988252
1.1882541
1.1969574
1.184063
1.1880963
1.1964478
1.1810125
1.1952357
1.1931143
1.1810037
1.178587
1.1944106
1.1830496
1.2001297
1.1988446
1.1999438
1.1996947
1.2009747
1.2008009
1.1997539
1.1990441
1.1980196
1.1975229
1.1993123
1.1976232
1.1986133
1.198753
1.1991496
1.1976859
1.1955682
1.1992173
1.1962863
1.1984268
1.198474
1.1996231
1.1985203
1.1962738
1.2001101
1.1976871
1.1994699
1.1990832
1.2003008
1.1998548
1.1996103
1.2002921
1.1992543
1.1997693
1.1998893
1.19944
1.1968047
1.1962847
1.1991038
1.1957682
1.1984722
1.1986538
1.1988349
1.1995572
1.1978802
1.1999171
1.1976807
1.1985771
1.1985738
1.0177085
0.95106779
1.0084174
1.0034718
0.99120476
1.0448592
1.0589216
1.18506
1.1913556
1.1285193
1.1741944
1.1639142
1.1879741
1.1985589
1.1989102
1.2009303
1.197841
1.2006895
1.1981702
1.2003142
1.2005104
1.199555
1.198842
1.1970089
1.2001236
1.1976444
1.1994681
1.1989998
1.2000759
1.2007088
1.1995667
1.2005773
1.1993593
1.1999761
1.2001741
1.020865
1.014468
1.0115668
1.0581111
1.0590857
1.0918637
1.0617943
1.2159598
1.1789441
1.2131626
1.2077627
1.2167139
1.2169481
1.207702
0.83224381
0.81396231
0.8336794
0.83208606
0.82329423
0.82275387
0.84755013
0.84056733
0.88381112
0.82409093
0.82680726
0.8144582
0.85576205
0.8621244
0.84633685
0.89335959
0.86316722
0.85398621
0.8386954
0.869349
0.86471741
0.84905204
0.90101599
0.86062832
0.85078618
0.8370478
0.87471205
0.86859281
1.1983179
1.1979894
1.197854
1.1987789
1.1987352
1.1989603
1.198267
1.1944514
1.200188
1.1987245
1.1984829
1.1958056
1.1996174
1.1999631
1.1988763
1.1994256
1.1981241
1.1994809
1.1982382
1.199045
1.1986722
1.203064
1.2039882
1.2003
1.2042846
1.2033894
1.2048706
1.20457
1.2043111
1.2043794
1.2051541
1.2043294
1.2044711
1.2043452
1.2043342
1.2031174
1.2040968
1.1999248
1.2047387
1.2032526
1.2050929
1.2045563
1.2044083
1.2046317
1.2047782
1.2044533
1.2046605
1.2045284
1.2044966
1.1780598
1.1912751
1.0397421
1.0411229
0.99702624
1.1860776
1.1864528
1.2030507
1.2040998
1.199299
1.202958
1.2045095
1.2046708
1.2048924
1.2051571
1.2052597
1.2036305
1.204312
1.2050177
1.2046769
1.2050017
1.1966175
1.1964909
1.2033486
1.2029076
1.1964634
1.1965912
1.2032575
1.197558
1.203561
1.2029152
1.1986541
1.1974542
1.2032148
1.1988815
1.2025097
1.2032792
1.1993689
1.2038676
1.2030278
1.2046033
1.2040613
1.204952
1.2047858
1.2051743
1.2045706
1.2046103
1.2045418
1.2048196
1.2031685
1.2039179
1.2003797
1.2034584
1.2041917
1.2045935
1.204386
1.2040965
1.2048008
1.204085
1.2042455
1.2041582
1.20418
1.204112
1.1992658
1.1973486
1.2035275
1.2034504
1.198484
1.1982332
1.2036685
1.2004722
1.2044161
1.2038118
1.2010455
1.199641
1.203936
1.2015389
1.1790606
1.1909061
1.0440676
1.0437652
0.99949968
1.1862168
1.1859886
1.2033229
1.204252
1.2010306
1.2050245
1.2037166
1.2053514
1.2045813
1.2040807
1.2044924
1.2045876
1.2040671
1.2044888
1.2041715
1.2042325
1.2000979
1.2014032
1.2038008
1.2041404
1.2036911
1.2003975
1.2012405
1.1979844
1.1967708
1.2029948
1.2032943
1.1969199
1.1977577
1.2032372
1.1988201
1.2034205
1.2030059
1.1990892
1.1978171
1.2032868
1.1997215
1.1995475
1.2039378
1.2036502
1.2009746
1.1993159
1.2035793
1.2010264
1.2023609
1.203236
1.1982803
1.2038259
1.2024795
1.2040159
1.2044303
1.2036124
1.2039154
1.2037785
1.2036873
1.2039211
1.2038266
1.2037018
1.2031445
1.2038543
1.1998517
1.2038792
1.203085
1.2042754
1.2042473
1.2037008
1.2044054
1.2036219
1.2039746
1.2038397
1.203886
1.203628
1.2047138
1.2032372
1.2059436
1.20387
1.2044901
1.2044101
1.2041193
1.204267
1.204419
1.2044344
1.2041468
1.204426
1.2043991
1.2043648
1.1910069
1.1858861
1.1957443
1.1977713
1.1935737
1.1999811
1.1985205
1.2040018
1.2041624
1.2028783
1.203295
1.2034793
1.203612
1.2041314
1.1985124
1.2005167
1.1954705
1.197356
1.1991547
1.2012062
1.2024067
1.2029008
1.2034682
1.2010694
1.2023951
1.2019201
1.2024202
1.2032642
1.1852503
1.1969857
1.1926388
1.1970084
1.1894125
1.1952768
1.1891198
1.1797385
1.1761865
1.1951674
1.1918965
1.179186
1.1759499
1.1934678
1.1839626
1.1968531
1.1873489
1.1958337
1.1830324
1.1881593
1.1949631
1.1814383
1.1963966
1.1925153
1.1825641
1.1778659
1.1939396
1.1856155
1.1915015
1.1845311
1.1956919
1.1976819
1.1937462
1.2002983
1.1991969
1.2031875
1.2039242
1.2018212
1.2025622
1.2034221
1.2033212
1.203786
1.1985608
1.1959359
1.2006506
1.2018224
1.1998892
1.2044641
1.2030127
1.2042771
1.2043536
1.2039019
1.2045887
1.2047619
1.2045721
1.2043257
1.1932783
1.1860931
1.1979467
1.1995911
1.1952243
1.2022505
1.2016363
1.2041
1.2041388
1.202548
1.2039976
1.2036819
1.2041316
1.2042071
1.2047136
1.2045195
1.2044883
1.2046275
1.2045203
1.2046334
1.2044253
1.2046022
1.2043644
1.2047421
1.2045002
1.2045139
1.2043815
1.2046071
1.2042666
1.2042371
1.2044734
1.2043834
1.20429
1.2042869
1.2043196
1.1986249
1.1967514
1.1997341
1.1997576
1.1996983
1.2015527
1.2014774
1.2024829
1.2039547
1.2027584
1.2038482
1.2016494
1.2031989
1.2035994
1.1919188
1.1846042
1.1942911
1.1942187
1.1962342
1.199562
1.1983193
1.2026588
1.203988
1.2025581
1.2036855
1.2015596
1.2031381
1.2036874
1.1855018
1.1911024
1.1959633
1.1947364
1.189102
1.187363
1.1941514
1.180744
1.1765693
1.1924811
1.1904111
1.1801131
1.177017
1.1921967
1.1848887
1.1958154
1.1885276
1.1943091
1.1842786
1.1889221
1.1940896
1.1816895
1.193189
1.1806828
1.1906783
1.1780469
1.1838347
1.1923484
1.203859
1.2025227
1.197607
1.203792
1.2025844
1.2038334
1.2040242
1.2038045
1.2043042
1.2022696
1.2042377
1.2031509
1.2040105
1.2042805
1.1856165
1.1979837
1.1925078
1.1980969
1.1892983
1.1962951
1.1887566
1.17975
1.175071
1.1937511
1.1925813
1.1785439
1.1762631
1.1935098
1.1839472
1.1970301
1.1871215
1.1951302
1.1828251
1.1882608
1.1950092
1.181824
1.1972654
1.1943837
1.1825945
1.178569
1.1950445
1.1853781
1.1898862
1.1816269
1.195843
1.1969591
1.1915092
1.1998712
1.2000589
1.2038869
1.2032103
1.2010212
1.2033654
1.2024373
1.2035261
1.2040711
1.20424
1.2043105
1.2045759
1.2045645
1.2044364
1.2045287
1.2044462
1.204788
1.2033197
1.2042012
1.2050669
1.2045537
1.2039999
1.2050154
1.2033747
1.202479
1.2030396
1.2044795
1.2040885
1.2036498
1.2042695
1.2037463
1.2037447
1.2042407
1.2036187
1.2036554
1.2035681
1.2035749
1.2035215
1.2035542
1.203572
1.2034793
1.2035605
1.2035053
1.2035046
1.2033827
1.2032871
1.203325
1.2034802
1.2033294
1.2033773
1.2033581
1.1874543
1.1978879
1.1979849
1.1934886
1.1909799
1.1965476
1.1902202
1.1819606
1.1769728
1.1926176
1.1931228
1.1783653
1.1804868
1.1939663
1.1837508
1.1969077
1.1942856
1.1840799
1.1804402
1.1952026
1.1868226
1.1860523
1.1970446
1.1889039
1.1948448
1.1846474
1.1900378
1.1955425
1.1921489
1.1850855
1.1972948
1.1941426
1.1989559
1.2016091
1.200366
1.2023742
1.2028019
1.2010058
1.2024525
1.2019606
1.2023984
1.2027303
1.1976987
1.1949512
1.2010704
1.1980242
1.2003961
1.202262
1.201891
1.2018543
1.2021587
1.2006515
1.2022964
1.2016184
1.2021329
1.2023308
1.18841
1.1825925
1.1939432
1.1906884
1.1955693
1.1978879
1.1968514
1.2013929
1.2008567
1.1989548
1.2001003
1.200909
1.200988
1.2013756
1.1870366
1.1920738
1.1978326
1.1967873
1.1906536
1.1882875
1.1963512
1.1830327
1.1800295
1.1955029
1.1934847
1.1834134
1.1794488
1.1949042
1.1870845
1.197958
1.1915402
1.1971067
1.1874222
1.1910434
1.1965114
1.1833809
1.1954105
1.1825126
1.1934842
1.1799683
1.1853056
1.1948353
1.1926445
1.2015266
1.1982673
1.2014421
1.1959123
1.1954889
1.2003431
1.1870823
1.1816999
1.1963395
1.1965266
1.1837751
1.1850175
1.197679
1.189424
1.2002991
1.1900856
1.1977832
1.186394
1.1927862
1.1989967
1.1907933
1.2003636
1.192806
1.1980844
1.1888944
1.1944413
1.1991416
1.1940634
1.1878919
1.1993704
1.1960476
1.2010569
1.2029649
1.2018721
1.2036002
1.2034732
1.202642
1.2033301
1.2034535
1.2035558
1.2036393
1.1892546
1.1942687
1.1793848
1.1883058
1.1932093
1.1973684
1.1966825
1.2020943
1.1978968
1.2014499
1.2003981
1.2023012
1.2018542
1.2014728
1.1771626
1.1769117
1.1967074
1.1918573
1.1797286
1.1737664
1.1955307
1.1751416
1.199565
1.1921698
1.173178
1.1724148
1.1966972
1.1771863
1.1833437
1.1965454
1.1639393
1.1988663
1.1874477
1.2024711
1.2005393
1.2025813
1.201613
1.2034056
1.2041133
1.203506
1.2023723
1.2016855
1.1719504
1.17423
1.1907109
1.1901329
1.1733791
1.1726475
1.1896594
1.125835
1.14733
0.99913719
0.97732335
0.94956862
1.1401492
1.1326929
1.1737985
1.192861
1.1913543
1.1805742
1.1751792
1.1903863
1.179457
1.1718371
1.1884899
1.1895148
1.1727894
1.1720002
1.1888005
1.172505
1.200411
1.2002136
1.1949612
1.2001861
1.1999242
1.2010086
1.2012511
1.2008911
1.1992116
1.2006337
1.2007487
1.200406
1.2010485
1.20102
1.173982
1.1945411
1.1392449
1.1897244
1.16416
1.1939112
1.1982407
1.2006917
1.1910729
1.1999715
1.2010476
1.1995261
1.2010612
1.2003213
1.1922883
1.1973102
1.1802816
1.1923796
1.1980827
1.2030214
1.2018823
1.2036077
1.2021123
1.2025574
1.2030414
1.2038145
1.2039674
1.2035959
1.1705988
1.1734396
1.1925703
1.1904879
1.1744042
1.1697039
1.1907392
1.1247411
1.1528135
1.0072918
0.97986979
0.95052585
1.1440519
1.1326601
1.1699043
1.193971
1.1911739
1.1694208
1.1689457
1.191509
1.1700717
1.2007601
1.1872679
1.2019426
1.2010258
1.2018878
1.2015748
1.2019564
1.2026103
1.1993667
1.2011239
1.2016068
1.2009363
1.2014293
1.2020312
1.1993657
1.1996393
1.1968758
1.1953353
1.1994786
1.1992736
1.1980378
1.1992877
1.1935392
1.1845678
1.1920527
1.2002518
1.197994
1.199525
1.1988839
1.1942786
1.1969556
1.1957081
1.197644
1.1947931
1.1972688
1.2007855
1.1972831
1.1979353
1.1970669
1.1982149
1.1998279
1.1972886
1.2003904
1.1998546
1.1960253
1.1983516
1.1998192
1.2006936
1.1956131
1.2008619
1.1995232
1.187198
1.1913843
1.201134
1.1997113
1.1975608
1.1722604
1.1738428
1.1874842
1.1888536
1.1718792
1.1741044
1.1878471
1.1718785
1.1918801
1.1871534
1.1713099
1.1709524
1.1885924
1.1730309
1.1739818
1.193149
1.1786723
1.1896051
1.175243
1.1784815
1.1896189
1.132023
1.153484
1.0132584
0.98800049
0.96006051
1.1452858
1.1394751
1.180846
1.1516397
1.1956189
1.1796529
1.1959431
1.2012119
1.2013683
1.2010384
1.1974333
1.2012902
1.2011079
1.2017969
1.2004553
1.2001476
1.1793111
1.191017
1.2012445
1.2011917
1.1984603
1.1853652
1.1852606
1.173445
1.1728985
1.1925164
1.1915391
1.1741353
1.1715438
1.1934079
1.1768564
1.1992189
1.1946781
1.1820567
1.1767273
1.1960967
1.183221
1.1747687
1.1981052
1.1929011
1.1741071
1.1717477
1.1953261
1.1785659
1.1897476
1.1959022
1.180277
1.1970077
1.1913701
1.2019487
1.2007658
1.2011627
1.2001289
1.2009556
1.2012434
1.2010352
1.2013577
1.2012446
1.2000033
1.2030028
1.1934639
1.2037593
1.2010786
1.2026947
1.2028692
1.2009424
1.2004204
1.20143
1.2021823
1.2020152
1.2010557
1.200628
1.2002424
1.2000874
1.1971881
1.2006589
1.2000189
1.2001955
1.1999023
1.20068
1.203295
1.2034177
1.2021748
1.1998521
1.2002626
1.2006481
1.1928889
1.1803622
1.1724048
1.1928838
1.1992158
1.1963253
1.2004401
1.200662
1.2007406
1.1988679
1.200522
1.2016969
1.2010471
1.2009307
1.1961481
1.1869028
1.1803364
1.1973017
1.1968466
1.197084
1.1969149
1.199396
1.1996602
1.1937494
1.1998231
1.200438
1.1999569
1.2025995
1.19137
1.1962448
1.1789683
1.1958253
1.1910281
1.1992757
1.1995716
1.2022948
1.1982181
1.1988284
1.2009001
1.199268
1.1999954
1.1998848
1.1829592
1.1962562
1.1533991
1.1964448
1.1831749
1.2022993
1.2021251
1.2045153
1.1988104
1.2040919
1.2043266
1.2031395
1.2022679
1.2030974
1.1773708
1.1928852
1.1934351
1.1816152
1.1804557
1.1920089
1.178734
1.175815
1.1776559
1.1922727
1.1924232
1.1764914
1.1769427
1.1917511
1.1764351
1.1927964
1.1922638
1.1795032
1.1769751
1.1918145
1.1787224
1.1766318
1.1930155
1.1806148
1.1924933
1.177539
1.1800294
1.1918915
1.1808679
1.1503526
1.1959427
1.1773162
1.1953888
1.2004978
1.2010888
1.1985355
1.1957658
1.1978575
1.1987525
1.1985195
1.1980781
1.1980386
1.1931735
1.1984149
1.1814431
1.1982054
1.1930577
1.2012312
1.2012791
1.2013888
1.2012457
1.2014109
1.2018993
1.201973
1.2022669
1.2017837
1.2012389
1.1799725
1.1997225
1.1996755
1.2001449
1.199552
1.1995651
1.2000454
1.2002403
1.1994828
1.1998176
1.1996034
1.1995478
1.1997161
1.0677356
1.0527021
1.062896
1.1006638
1.1010238
1.1361362
1.1090226
1.1892492
1.1854876
1.1109843
1.1829465
1.1839511
1.2144148
1.2128878
1.0061346
0.99090446
0.99350569
1.0381902
1.032328
1.0718532
1.0480053
1.1609635
1.1866876
1.140635
1.1910827
1.1615584
1.1751717
1.1807841
0.85588294
0.9081615
0.91431313
0.91161908
0.88605445
0.88475265
0.87565335
0.82673618
0.81093369
0.83007572
0.82528626
0.82137666
0.81888306
0.83881375
0.84636901
0.90890742
0.87091563
0.85628458
0.84226556
0.87937177
0.86360417
0.84149771
0.8926682
0.85179889
0.84308987
0.83353377
0.86746076
0.85699486
0.82954657
0.81197899
0.8315856
0.82705492
0.82222445
0.82000562
0.84306826
0.84787363
0.90524478
0.86471747
0.85397972
0.83996965
0.87561766
0.86645805
0.84143451
0.89126166
0.82634633
0.82642867
0.81459417
0.86164597
0.8618292
0.84479497
0.88775027
0.85197812
0.84475413
0.83433598
0.86387437
0.86182308
1.0554874
1.023293
1.0497753
1.0752876
1.0725661
1.1143777
1.1001186
1.1742457
1.1975059
1.1249682
1.191299
1.1728779
1.2102197
1.2067025
0.83132759
0.81279269
0.82946519
0.83161578
0.82152837
0.82303312
0.84534771
0.8435071
0.8897739
0.85638207
0.84740161
0.83586296
0.8657292
0.85975
0.84051777
0.88323871
0.83107058
0.82279552
0.81455641
0.871563
0.85228906
0.85436247
0.92041165
0.86150387
0.85228364
0.84071434
0.88818821
0.87403051
1.0485789
0.99461447
1.0376505
1.0528754
1.0440628
1.0935749
1.0967103
1.1304526
1.0968306
1.1602914
1.1735762
1.1295308
1.1889331
1.1708016
1.0431496
0.99263941
1.0361819
1.0385998
1.0462876
1.0868054
1.0866412
1.1536244
1.0906284
1.1659343
1.1293762
1.1665499
1.1989488
1.1863997
1.0537253
1.00697
1.043911
1.0576186
1.0649658
1.1071075
1.0978629
1.193991
1.1277095
1.1956065
1.1775943
1.1809713
1.2125245
1.2114232
1.1737106
1.2012209
1.2041038
1.1975692
1.1975786
1.2009636
1.1649741
1.1282473
1.166791
1.1955071
1.0556543
1.1928795
1.1514421
1.0290107
1.1839379
1.198516
1.2036517
1.2010241
1.1977809
1.2007539
1.1902182
1.1654099
1.1981775
1.2019019
1.1978107
1.1962093
1.1959528
1.1621953
1.1354037
1.1611981
1.1921834
1.038605
1.1881979
1.1494342
1.0204278
1.1669044
1.1931087
1.2002146
1.1959156
1.1940716
1.1947909
1.1768427
1.1709851
1.1878241
1.147408
0.9881065
1.0442345
1.1937204
1.141148
1.1859045
1.1946226
1.1974314
1.0946216
1.2003591
1.1714034
1.140751
1.1970072
1.199682
1.2038685
1.2012364
1.2027766
1.2012039
1.1931517
1.1879425
1.1748754
1.1600178
1.2019168
1.1958554
1.0940586
1.1987927
1.1619938
1.1769535
1.1466278
1.0012455
1.0376715
1.1899208
1.1387903
1.1771691
1.1902323
1.1938253
1.0831291
1.1969379
1.1629379
1.1395579
1.1934417
1.1956439
1.2026999
1.1984827
1.2008113
1.1994221
1.1875488
1.1764609
1.1756894
1.1584945
1.201197
1.1936734
1.0907878
1.196854
1.1787288
1.2018231
1.2041812
1.1987026
1.2004757
1.2022223
1.1695974
1.1345991
1.1732248
1.1999956
1.0621865
1.197544
1.1562537
1.0348502
1.1895747
1.2027333
1.2041508
1.2033305
1.2018347
1.202722
1.1967391
1.171121
1.1970951
1.1974124
1.2030411
1.1986409
1.1978378
1.1646145
1.1507994
1.1745153
1.1988727
1.0500426
1.1979312
1.1619486
1.0314763
1.1760157
1.2003283
1.2034052
1.2015321
1.1998378
1.1997679
1.1886236
1.1792619
1.1966578
0.99512115
1.1579756
1.0537379
1.1487334
1.2020852
1.193789
1.2006941
1.2021214
1.1018325
1.2032661
1.1775862
1.1504402
1.2020718
1.2033281
1.2037688
1.204314
1.2041511
1.20033
1.2039584
1.1975854
1.1859967
1.173547
1.2046469
1.2024358
1.109913
1.2041099
1.1736974
1.1873757
1.1582338
1.0099421
1.0451981
1.198534
1.1517593
1.1872364
1.1961972
1.1989654
1.095096
1.2009387
1.1749993
1.1549864
1.1996319
1.2016914
1.2045213
1.2028717
1.2036971
1.203393
1.1968506
1.1865277
1.1864888
1.1693622
1.2041588
1.1983249
1.1032731
1.2025897
1.1460768
1.1832955
1.17748
1.1933337
1.1775031
1.18301
1.1435453
1.0908712
1.1424958
1.1716072
1.0195785
1.1676404
1.1093527
1.001268
1.1504182
1.1810514
1.1929241
1.1844272
1.1788102
1.1834679
1.1577989
1.1480976
1.1857143
1.17962
1.1971436
1.1802072
1.1863165
1.1450107
1.0905344
1.1415557
1.1758212
1.0181071
1.170126
1.1109898
0.99784175
1.1533127
1.1854008
1.197539
1.19054
1.1822519
1.1882011
1.1618945
1.1232394
1.159267
0.97084604
1.1075781
1.0058918
1.0968986
1.1687116
1.1448783
1.1726773
1.1767189
1.0531165
1.1826627
1.1278003
1.0920631
1.1703015
1.1831135
1.1860469
1.1937955
1.1882912
1.1649274
1.1849451
1.1461331
1.1397196
1.1028608
1.1831527
1.1634018
1.049483
1.176665
1.1284892
1.1635825
0.97486723
1.1098826
1.0056411
1.1008488
1.1740325
1.1499567
1.1772757
1.182482
1.0523475
1.1886149
1.1308794
1.093095
1.1779716
1.188946
1.1932762
1.2004553
1.1957686
1.1708031
1.1921658
1.1542193
1.1435666
1.1098719
1.1896461
1.1726391
1.0538681
1.1828955
1.1706462
1.1002446
1.1564
1.0377238
1.1588307
1.1703732
1.101006
1.1842038
1.1664147
1.1499087
1.1935259
1.1917097
1.1871761
1.1407707
1.1740547
1.1724486
1.0611158
1.121535
1.1656349
1.178785
1.1095578
1.1591988
1.034691
1.1410695
0.99414694
1.1440168
1.1567819
1.0400101
1.1813578
1.1310875
1.126548
1.1921988
1.1895608
1.1851271
1.0969084
1.167823
1.1661217
1.0168497
1.0970733
1.1533072
1.1759694
1.061046
1.18764
1.1698143
1.1544674
1.1961471
1.1946593
1.1900026
1.1455102
1.1775222
1.175131
1.0624776
1.1246754
1.1690207
1.1813067
1.1128743
1.1683649
1.0392879
0.99788633
1.149247
1.153015
1.0450845
1.1646977
1.1856353
1.1393107
1.1329114
1.1924679
1.1920183
1.1873549
1.1035665
1.1749091
1.1717317
1.0204145
1.1025234
1.1612199
1.1804832
1.0664467
0.9085059
0.85875358
0.83365016
0.86296704
0.87048212
0.86636424
0.89955241
0.9620547
0.9668176
0.92929381
1.024716
1.0124874
0.97588984
0.91557358
0.91950033
0.90758851
0.84255643
0.89261706
0.88064756
0.93834928
0.87662874
0.91323711
0.85761168
0.83526176
0.85995972
0.87433947
0.86822236
0.89735186
0.97368602
0.96992526
0.95093695
1.0558345
1.0266602
1.0068218
0.92233495
0.9331451
0.92237663
0.84886274
0.91076402
0.89265691
0.96647266
0.88513817
1.1947018
1.1207731
1.1856989
1.0681126
1.1884479
1.1935195
1.1290394
1.2007336
1.194835
1.203927
1.1884546
1.2033844
1.2019239
1.1785827
1.1969328
1.19546
1.0935183
1.166971
1.1922078
1.1990743
1.1464212
1.1954367
1.1301361
1.1866389
1.0720541
1.1887323
1.1942573
1.1385213
1.2015877
1.1946903
1.2045316
1.1909176
1.2041951
1.2024853
1.1841934
1.1974438
1.1953257
1.0975449
1.1721412
1.1918531
1.1994723
1.154835
1.2017249
1.1944853
1.2048066
1.1910096
1.2045097
1.2027636
1.1832429
1.1975543
1.1950555
1.0948461
1.172823
1.1914392
1.1997898
1.1518049
1.2004463
1.1950719
1.2041389
1.1904749
1.2034692
1.202042
1.1814206
1.1956129
1.1943712
1.0939713
1.1697129
1.1897792
1.1986867
1.149594
1.201795
1.1960723
1.2044923
1.1917768
1.2040432
1.2027985
1.1848142
1.1979011
1.1958728
1.0995644
1.1741318
1.1920695
1.2000908
1.15604
1.2018782
1.1957597
1.2042486
1.1921447
1.2040793
1.2027219
1.1850234
1.1979117
1.1958497
1.0984822
1.1752176
1.1918355
1.2001161
1.1563191
1.1992072
1.1916168
1.1867808
1.2031932
1.202839
1.1787693
1.2004571
1.1939107
1.191916
1.0896307
1.1680827
1.187173
1.1475539
1.1969715
1.2012994
1.2037904
1.1997717
1.2037535
1.2004508
1.2009787
1.2039798
1.2012319
1.1949433
1.188675
1.2044055
1.2038081
1.1827772
1.2022115
1.1967058
1.193365
1.0948319
1.1697269
1.1901797
1.1527023
1.1986986
1.2029147
1.2042607
1.202093
1.2047304
1.2019224
1.2029666
1.2043826
1.1966103
1.1346883
1.1742478
1.037541
1.1779973
1.1952169
1.1467534
1.196685
1.1884872
1.2026763
1.1787358
1.2014729
1.1984975
1.1683232
1.1951074
1.1936241
1.0729388
1.1677939
1.1855723
1.1950504
1.152962
1.191806
1.177954
1.1992092
1.1753619
1.1966494
1.195472
1.1617624
1.1868745
1.1898923
1.0751291
1.1592913
1.1798392
1.1912474
1.1448352
1.1927845
1.1293352
1.1718614
1.0303733
1.1728941
1.1934115
1.138362
1.189857
1.1774304
1.1969143
1.1669731
1.194589
1.1923286
1.1571127
1.1894061
1.1868
1.0634741
1.1535675
1.1777796
1.1896997
1.1419628
1.1895094
1.1748975
1.1985909
1.167596
1.1959993
1.1932702
1.1530363
1.1840869
1.1851298
1.0627738
1.1488776
1.1747326
1.1884447
1.1321607
1.1937064
1.1807739
1.2011562
1.1711251
1.1989905
1.1965278
1.1595859
1.1915213
1.1896
1.0662313
1.1591904
1.180316
1.1923328
1.1450035
1.1918865
1.1770813
1.2003774
1.1700677
1.1978767
1.1957292
1.156748
1.1856698
1.1869706
1.0686073
1.1542129
1.1761426
1.1900899
1.1394544
1.174963
1.2017014
1.1982301
1.2042402
1.202039
1.2001755
1.1654798
1.1275586
1.1660257
1.1990029
1.0547486
1.1955749
1.1495863
1.0287661
1.1862328
1.2026609
1.2041994
1.203171
1.2024877
1.2016207
1.1944009
1.1711022
1.1998048
1.199151
1.2041163
1.2002556
1.2001506
1.1648785
1.1502431
1.1726118
1.2009019
1.0465278
1.2002216
1.1595734
1.0299069
1.1757272
1.2013953
1.2040085
1.2019029
1.2004905
1.2011536
1.1879488
1.1735869
1.1518134
1.194642
0.98942374
1.0436265
1.2018901
1.1427763
1.190167
1.2000128
1.2019282
1.0943555
1.2033074
1.1719408
1.1429683
1.1938154
1.1811695
1.1660002
1.2052165
1.2014833
1.0996992
1.2048885
1.2021428
1.2034508
1.204834
1.2038345
1.2045203
1.2044185
1.1992204
1.168257
1.1519124
1.1855223
1.0030558
1.040821
1.1978202
1.1457965
1.1854465
1.1975427
1.200677
1.0921092
1.2016442
1.1720538
1.1490722
1.182738
1.1819374
1.1636364
1.2044062
1.1981326
1.095254
1.2033761
1.1999761
1.2018092
1.2047475
1.2031551
1.2041279
1.2034142
1.1963106
1.1782764
1.2014062
1.197863
1.2040454
1.201416
1.1978713
1.1696426
1.1354862
1.1729753
1.1980367
1.0626945
1.1951295
1.1582715
1.0343262
1.1881079
1.2004113
1.2041479
1.2025567
1.2018237
1.199013
1.1936834
1.16573
1.1965741
1.1961839
1.2026728
1.1964542
1.1953229
1.1618198
1.1379138
1.162705
1.1952407
1.0435751
1.1920629
1.1527962
1.0217583
1.1685514
1.1962857
1.2030502
1.2004057
1.1984549
1.1949144
1.1794342
1.1775633
1.153571
1.191074
0.99247943
1.0488963
1.1970915
1.1475286
1.1911953
1.1983963
1.2004228
1.1017821
1.2022775
1.1778843
1.1497634
1.1933252
1.1826003
1.1690591
1.2038988
1.1995079
1.1065009
1.2014892
1.1995952
1.2018991
1.2044997
1.2030961
1.2037978
1.2029256
1.1967488
1.1649172
1.1497134
1.1797442
1.0037066
1.0381151
1.1908695
1.1411228
1.1792187
1.1914096
1.1967523
1.0859861
1.1991421
1.1658729
1.1440432
1.1801307
1.1802237
1.1626806
1.2020345
1.1941695
1.0965948
1.1983322
1.1951294
1.1989073
1.2044129
1.2018466
1.202958
1.2015022
1.1897564
1.1529239
1.1849395
1.178926
1.19662
1.188169
1.1822423
1.1459928
1.1226202
1.1535457
1.1859072
1.0557868
1.179942
1.1351836
1.0307611
1.1637002
1.1913347
1.1984465
1.1955404
1.1920648
1.1864113
1.1732474
1.1539042
1.1866247
1.1806482
1.1983965
1.1893672
1.1835457
1.1474366
1.1200728
1.1504942
1.1862541
1.0535255
1.1805193
1.1336934
1.0280598
1.164353
1.1921777
1.1995372
1.1958188
1.1926125
1.1875755
1.1741466
1.1574216
1.1483497
1.1753832
0.99103483
1.0522396
1.1886788
1.136052
1.1748865
1.1891723
1.1921114
1.0809474
1.1974755
1.1572888
1.1399887
1.1775913
1.1661251
1.1640804
1.2016838
1.1944717
1.0856772
1.1961193
1.1927669
1.1961292
1.2032822
1.1988819
1.2016405
1.2001909
1.1850979
1.1577334
1.1503704
1.1754228
0.99075027
1.0553617
1.1902418
1.1350694
1.1740091
1.1873563
1.1918132
1.0768178
1.1967496
1.1557988
1.1367107
1.1766629
1.1669322
1.1657443
1.2017806
1.1946722
1.0870346
1.1965993
1.1929693
1.1970099
1.2032852
1.198729
1.2013089
1.2003452
1.186064
1.1765476
1.2009233
1.2039457
1.1975106
1.2014248
1.1990537
1.1671051
1.1310842
1.1696715
1.1990354
1.0568649
1.1960755
1.0306994
1.1532642
1.1879872
1.2019263
1.204058
1.2029986
1.2021421
1.2004966
1.1953644
1.1698653
1.1982931
1.2031674
1.1979666
1.198122
1.1980503
1.1644293
1.1473774
1.1730333
1.0462801
1.1977381
1.1965626
1.1604332
1.0282822
1.1735574
1.1990797
1.2032181
1.201149
1.1985273
1.199489
1.1861822
1.038223
1.0293131
1.1558953
0.89801261
1.158904
0.89992219
1.0312038
1.1753618
1.1947051
1.1539774
0.99017689
1.0476891
1.1998945
1.1455639
1.1905926
1.1998697
1.2016056
1.097788
1.2029821
1.1442519
1.1745405
1.2007053
1.2029921
1.2046053
1.2036634
1.2042337
1.2037649
1.1988147
1.193147
1.1819054
1.1650516
1.2040818
1.1990504
1.1018658
1.2026562
1.1703106
1.1534673
1.0066335
1.1846682
1.0428269
1.1953494
1.1489536
1.184369
1.1946837
1.0928901
1.1986611
1.2007793
1.1729486
1.1510683
1.1832872
1.1822986
1.1628651
1.2029637
1.1954809
1.0979345
1.2004726
1.1978915
1.2009535
1.2043489
1.2025048
1.2034571
1.2028097
1.1946037
1.1521794
1.1857482
1.1981736
1.1807001
1.1887678
1.1836453
1.1457574
1.1159865
1.1461431
1.1850875
1.0470528
1.1792189
1.0204503
1.1293224
1.1624922
1.1918867
1.1996566
1.1956017
1.1922982
1.1875612
1.17209
1.1547064
1.1870187
1.199118
1.1829232
1.185576
1.1901957
1.1482409
1.1246627
1.153407
1.0601311
1.1869601
1.181422
1.1366651
1.0337942
1.1648381
1.193136
1.2005786
1.1969385
1.1891069
1.1938309
1.1735114
1.1530999
1.1735654
1.1471861
0.98973438
1.0495979
1.188717
1.1316143
1.1712439
1.1863981
1.1909564
1.072342
1.1958683
1.1317844
1.152719
1.19137
1.1964484
1.2033156
1.1986434
1.2010532
1.2000514
1.1845054
1.1731649
1.1649214
1.1595713
1.2012833
1.193223
1.0804975
1.1956189
1.1575657
1.1484451
0.99417166
1.175609
1.0554745
1.1889699
1.1375386
1.1739621
1.1886801
1.0823213
1.1926143
1.197668
1.1572134
1.1411119
1.1773423
1.1651618
1.1641111
1.2016876
1.193357
1.0860505
1.1962616
1.1928746
1.1973469
1.2037534
1.1997376
1.2020157
1.2007647
1.185229
1.1932591
1.1846899
1.174512
1.1984751
1.1970617
1.16571
1.1947407
1.1908612
1.1888005
1.0747425
1.1651698
1.1808775
1.1545116
1.1908625
1.1962323
1.1973544
1.1924181
1.198755
1.19235
1.1986099
1.1963367
1.1883333
1.1757379
1.1714428
1.1974877
1.1944399
1.1576989
1.1925673
1.1835764
1.1854474
1.0745346
1.1580605
1.1754078
1.1435122
1.1879583
1.1902858
1.19472
1.1842323
1.1964789
1.1866338
1.1966064
1.1881087
1.1942119
1.1335936
1.1724247
1.0376492
1.1750087
1.1935843
1.1455443
1.1931183
1.1844402
1.1983593
1.1753717
1.1967987
1.1946445
1.1655408
1.1915605
1.1895088
1.0732076
1.1658592
1.1811589
1.1910221
1.1535522
1.1890022
1.1715088
1.1967614
1.1700584
1.1943
1.1926548
1.1565738
1.1824022
1.1856044
1.0744335
1.155934
1.1744489
1.1880215
1.1419148
1.1819504
1.201727
1.2040985
1.1989395
1.2021128
1.2000272
1.1721573
1.1398501
1.1758137
1.2003307
1.0648207
1.1977407
1.0364779
1.1610577
1.1927315
1.2020506
1.204211
1.2035235
1.2028236
1.200925
1.1974211
1.1676903
1.1962048
1.195964
1.2013921
1.1954736
1.1959498
1.1621939
1.1465354
1.1659432
1.046169
1.1940366
1.1932428
1.157181
1.0272335
1.1707098
1.1961103
1.2013949
1.1987893
1.1950217
1.1974559
1.1822831
1.1819523
1.195371
0.9960493
1.1571253
1.0544031
1.1535686
1.1985519
1.1960156
1.200837
1.2023895
1.1059101
1.203644
1.1555818
1.1822416
1.2020616
1.2030204
1.2041287
1.2050864
1.2047858
1.1999468
1.2037694
1.1963648
1.1821065
1.1728105
1.2029971
1.2005767
1.1083897
1.2012278
1.1663051
1.15389
1.0057481
1.1807582
1.0443958
1.1913151
1.1455886
1.1798379
1.1898713
1.089858
1.1948925
1.196685
1.1679198
1.1464869
1.178335
1.1785486
1.1638168
1.1996601
1.1925404
1.0967321
1.1959991
1.1938408
1.1978072
1.2020619
1.1996651
1.2004343
1.1996631
1.1902429
1.148487
1.1826897
1.1944525
1.1747252
1.1854008
1.1779065
1.1420673
1.1218963
1.1510226
1.1821916
1.06195
1.1759444
1.0360108
1.133824
1.1594627
1.1865559
1.1960041
1.1923743
1.1891913
1.1817536
1.1682112
1.1475109
1.1802167
1.1922174
1.1724803
1.1759661
1.1832756
1.1404243
1.1211302
1.1498964
1.0595228
1.181154
1.1757818
1.1327608
1.0325404
1.1579135
1.1851926
1.1938145
1.1903093
1.1803091
1.1869009
1.1675058
1.1562382
1.1713945
1.1471323
0.99651115
1.0581433
1.1847588
1.1360096
1.1723224
1.1857597
1.1882541
1.0836078
1.1935876
1.1419666
1.1545575
1.1878422
1.1915086
1.2004715
1.1955882
1.1982469
1.1957295
1.1804736
1.1764423
1.1642206
1.1674229
1.1983607
1.1919558
1.0900446
1.1921653
1.1513153
1.1455378
0.98808393
1.1685152
1.0504659
1.1841111
1.1289046
1.1701542
1.183819
1.080166
1.1867056
1.1920157
1.1531602
1.138956
1.1711449
1.1632051
1.1610303
1.197689
1.1913046
1.0829631
1.1913608
1.1867983
1.1902885
1.1987551
1.1935138
1.1963576
1.19469
1.1794096
1.1753064
1.2007102
1.203799
1.1971934
1.2008733
1.1981246
1.1667807
1.1287984
1.1673958
1.0552181
1.1968273
1.1939297
1.0275516
1.1512904
1.1863924
1.2011911
1.203894
1.2021539
1.2013632
1.1996066
1.1935067
1.1692749
1.1984917
1.2034265
1.1980589
1.1983044
1.1982976
1.1639767
1.1414153
1.1651508
1.1971076
1.0440094
1.1927127
1.156509
1.0245722
1.1730972
1.1990262
1.2033531
1.2004819
1.1991145
1.1986974
1.1836411
1.1748894
0.98867621
1.1928369
1.1508737
1.0459296
1.1433911
1.1987875
1.1899543
1.1970776
1.0952916
1.1995898
1.2015519
1.145212
1.1735984
1.1995819
1.2023627
1.2027513
1.2040334
1.2033285
1.1970939
1.2031139
1.1931291
1.1806802
1.1668205
1.2032562
1.1986609
1.1016956
1.2017913
1.1667578
1.1829572
1.1498431
1.00261
1.0377223
1.193341
1.1441068
1.1813582
1.1919236
1.1980864
1.0871442
1.1995869
1.168891
1.1443656
1.1961823
1.2003552
1.2036931
1.2017291
1.2025514
1.2018641
1.1925405
1.1815787
1.1808893
1.1621414
1.2019537
1.1937404
1.0969681
1.1991571
1.177075
1.201659
1.2039557
1.1983593
1.2018189
1.198701
1.1700177
1.13087
1.1710871
1.0577836
1.1974653
1.1959672
1.030398
1.1540317
1.186756
1.2010034
1.2039576
1.2023825
1.2020012
1.1996862
1.194065
1.1668188
1.1969543
1.202055
1.196661
1.197216
1.1972288
1.1614363
1.1402069
1.1656156
1.1974107
1.0398146
1.1943825
1.1522154
1.0242258
1.1704831
1.1981786
1.2020385
1.1994358
1.1975786
1.1979081
1.1817125
1.1727508
0.98944803
1.1914191
1.1494417
1.0436743
1.1417909
1.197573
1.1877995
1.196035
1.0941966
1.1993597
1.2010417
1.1413853
1.1734213
1.1986483
1.2018305
1.2026072
1.2037186
1.2029709
1.196736
1.2024631
1.1915754
1.179669
1.1655131
1.2025948
1.1978898
1.1013796
1.2009782
1.163046
1.180912
1.1481332
1.0020259
1.0369226
1.1937434
1.1397111
1.1804704
1.19485
1.1985617
1.0840341
1.2002578
1.1650071
1.1426277
1.1971373
1.1990923
1.2037825
1.2012659
1.2028443
1.2014113
1.1918297
1.1786164
1.1797001
1.1614581
1.2021339
1.195232
1.0925131
1.200176
1.1491031
1.1847658
1.1968885
1.1777004
1.1810115
1.1876307
1.1419554
1.116216
1.1477635
1.054163
1.1829528
1.1768335
1.0285992
1.1292261
1.1602946
1.1898968
1.198209
1.1942284
1.1849899
1.1911371
1.1694964
1.1549489
1.1875425
1.1985572
1.1814216
1.1841514
1.1902478
1.148484
1.1212754
1.1507375
1.0533557
1.1868365
1.1812202
1.0261559
1.1352293
1.1647372
1.1919618
1.1996553
1.1963337
1.1877285
1.1933579
1.1744563
1.1535461
1.1478521
0.99152831
1.1734746
1.0535153
1.1868337
1.1318401
1.1700528
1.1846035
1.0750529
1.1889112
1.1944038
1.1339837
1.1507803
1.1748369
1.1652423
1.1640974
1.2003242
1.1916075
1.0868369
1.1942703
1.1900749
1.1946659
1.2022219
1.19728
1.1997392
1.198534
1.1816933
1.1574308
1.1503555
0.99305218
1.1752999
1.0578646
1.189347
1.1366008
1.1748258
1.1887949
1.0772462
1.1922651
1.1970445
1.1387236
1.1570854
1.1762097
1.1662717
1.1645298
1.2006107
1.1940788
1.0869641
1.1955058
1.1925567
1.1962602
1.202897
1.1990208
1.201261
1.1996403
1.1858205
1.1937632
1.1338373
1.1726376
1.0347547
1.1746181
1.1927435
1.1436837
1.1935383
1.1793063
1.1990418
1.1686932
1.1975653
1.1612155
1.1948837
1.1973216
1.1984574
1.1928077
1.1991116
1.193613
1.1967168
1.1995841
1.1914523
1.1873281
1.0693581
1.1588087
1.1796119
1.149449
1.1909844
1.1899201
1.17158
1.1676795
1.1978071
1.1955997
1.1553293
1.1935027
1.1945524
1.198892
1.1885786
1.2006527
1.1905706
1.1930931
1.2001942
1.1832165
1.1847381
1.0669403
1.1522903
1.1738233
1.1362865
1.1886072
1.194152
1.1321904
1.0326908
1.1734746
1.174433
1.1417684
1.1940286
1.192952
1.1785248
1.1690908
1.1978227
1.1968642
1.1597418
1.1937691
1.1912549
1.1867421
1.0664806
1.1589825
1.1786785
1.1468248
1.1899661
1.1984769
1.1993123
1.1953912
1.2008694
1.1944956
1.2004005
1.1991303
1.1756565
1.1095041
1.0483197
1.1568132
1.1633191
1.1219604
1.1707862
1.1877826
1.1715888
1.1671155
1.1956168
1.1932318
1.1541807
1.1914052
1.1812961
1.1837291
1.0672693
1.1512551
1.1728185
1.1374028
1.1867119
1.1922338
1.1967551
1.186538
1.1974139
1.1888323
1.1981317
1.1903781
1.1959646
1.1845679
1.2023731
1.173289
1.2010873
1.1626531
1.1979574
1.194463
1.1925241
1.0658441
1.1599976
1.1833945
1.146241
1.1951395
1.2006172
1.2016017
1.1963853
1.2016144
1.1977252
1.1999204
1.2023999
1.1933455
1.1782081
1.1723884
1.2008311
1.1989699
1.1585547
1.1966336
1.1986411
1.201598
1.1934567
1.2018636
1.19618
1.1970267
1.2024215
1.1883748
1.1900635
1.0671258
1.1538059
1.180241
1.1376869
1.1923631
1.1812298
1.166591
1.1911483
1.1499472
1.1885144
1.184514
1.1430167
1.1736163
1.1751762
1.0694033
1.1246492
1.1680273
1.1790286
1.1143922
1.1907606
1.1490031
1.1999712
1.1443795
1.1959494
1.1939808
1.1135238
1.1813121
1.1770001
1.0269332
1.1130145
1.1646344
1.1872385
1.0749664
1.1811012
1.1646901
1.147916
1.1922839
1.1899749
1.1394129
1.183622
1.1699052
1.163881
1.0547985
1.1175365
1.1592733
1.1063599
1.1727479
1.1900208
1.1955687
1.1878153
1.1984411
1.185362
1.1914877
1.1976584
1.1681462
1.1123286
1.112235
1.1807117
1.1796906
1.0830554
1.1719428
1.1554869
1.1554475
1.0099594
1.085398
1.1442978
1.050035
1.16302
1.181958
1.1925267
1.1757707
1.2015995
1.1750276
1.1849662
1.1988112
1.1839824
1.1689525
1.1956356
1.1533569
1.1936399
1.1865559
1.1443702
1.1722228
1.1695791
1.0650226
1.1246241
1.1635869
1.1763158
1.1129297
1.1760852
1.1241883
1.1895591
1.1318076
1.185123
1.1839161
1.0923043
1.1626627
1.1640892
1.012644
1.1020639
1.147387
1.174653
1.056396
1.07571
1.1488746
1.182945
1.1152406
1.1594721
1.1331731
1.0544598
1.0466059
1.0917483
1.1616953
0.99870518
1.1410903
0.97131123
1.0722934
1.1100777
1.1707528
1.1879873
1.1852889
1.1748443
1.1570013
1.1307529
1.033169
1.0666148
1.0733502
1.1388186
1.097965
1.0997089
1.0021999
0.99776992
1.0023959
0.91788819
1.0671309
1.073384
0.99536764
0.91205543
1.0593352
1.1290643
1.1633342
1.126086
1.1250653
1.1269563
1.0641131
1.0755728
1.1097231
0.93272855
1.0505254
0.97229111
1.0473489
1.1292751
1.112652
1.1541368
1.1754135
1.0191778
1.1816475
1.0564641
1.0901124
1.1540902
1.1777819
1.1898633
1.1970444
1.1921828
1.1432647
1.1807944
1.124979
1.097365
1.0818243
1.1763344
1.1532513
1.0244183
1.1605149
1.0400925
1.0432669
0.91593088
1.068376
0.9564328
1.1036468
1.0027604
1.0403625
1.0404798
0.93952927
1.0713513
1.0946156
1.0088234
0.9773816
1.0679736
1.0823773
1.044
1.1471794
1.1003443
0.98802343
1.1315351
1.0988294
1.1268236
1.1637548
1.1207698
1.1351942
1.1423786
1.0705326
1.0379588
1.1223795
1.1615165
1.0824487
1.126305
1.0931906
1.0255622
1.0233928
1.0687437
1.1423899
0.98928802
1.1146693
0.95711173
1.0568633
1.0797384
1.1524476
1.1776431
1.1700045
1.1520873
1.1282113
1.1103669
0.98558712
1.0113042
1.0262423
1.0967711
1.0510841
1.0470106
0.95586327
0.97347975
0.97902348
0.92161607
1.0770476
1.0456123
0.9986786
0.89847045
1.0331017
1.1272018
1.1494659
1.1307794
1.1040975
1.1012465
1.064637
1.0827866
1.1053667
0.93165859
1.0618456
0.97859052
1.0437563
1.1365804
1.1172787
1.1550453
1.1651289
1.015881
1.1777654
1.0627225
1.083905
1.1561909
1.1687647
1.1841984
1.1982154
1.1912326
1.1342594
1.1809004
1.1341392
1.1086784
1.0890371
1.1850428
1.1604914
1.0308477
1.1705664
1.0635657
1.0596102
0.92293633
1.0815733
0.96961281
1.1269981
1.0189933
1.0162264
0.97013455
0.96914539
0.86014222
1.0494068
0.92590195
0.93496608
1.0692722
1.0683941
0.95551573
1.1080399
1.1339064
1.0334787
0.99527152
1.0902498
1.1003772
1.0567656
1.1679867
1.1190485
1.0003807
1.1548187
1.1323396
1.1492013
1.1896953
1.1550423
1.1735184
1.1702881
1.0974092
1.1469593
1.1844204
1.1795711
1.1957772
1.1846763
1.1799626
1.1437012
1.0872268
1.1369728
1.0167705
1.1722172
1.1668556
0.99691107
1.108028
1.1520528
1.1849147
1.1957783
1.1881503
1.1860657
1.1817551
1.1606868
1.1520984
1.1858171
1.1966034
1.1823474
1.1861639
1.1829264
1.1473867
1.0958763
1.1443411
1.1747518
1.0237414
1.1702529
1.1166119
1.0047405
1.1573777
1.1872359
1.1964426
1.1885774
1.1871404
1.1847576
1.1655754
1.1295164
0.97157112
1.1641335
1.1110487
1.0054238
1.1004871
1.1751595
1.1476694
1.1706944
1.0477825
1.1785198
1.1845466
1.0877388
1.1282396
1.1772908
1.1886073
1.1908315
1.1991478
1.193518
1.1697266
1.192031
1.155381
1.1453668
1.1107926
1.1910454
1.174147
1.0524191
1.1842879
1.1343843
1.1678748
0.97262749
1.1150178
1.0066544
1.1059498
1.1769508
1.0957698
1.0487374
0.87756432
1.0295237
1.1339409
0.97528926
0.9996582
1.1534077
1.1716952
1.1790859
1.0570491
1.1830385
1.136249
1.0966253
1.1779402
1.1897772
1.1896722
1.196448
1.1906154
1.1730552
1.1908899
1.1584584
1.1498008
1.115177
1.1896885
1.1734762
1.0572038
1.1844466
1.036842
1.1363685
1.1565845
1.0992714
1.1257078
1.0875892
1.0422965
1.0020716
1.0515474
0.97143467
1.1144324
1.0925758
0.94631143
1.0299443
1.0505984
1.1171031
1.15679
1.1438153
1.1287863
1.0935761
1.0773302
0.9565339
1.0281804
1.0730014
1.0399783
1.0097647
1.0252442
0.97130791
0.93181906
0.93616002
1.0377442
0.90986644
0.98213112
0.97376997
0.87809284
0.97470169
1.0702276
1.0793506
1.0739189
1.0248987
1.035927
1.0237454
1.0800698
0.92714183
1.0882176
1.0594491
0.97648062
1.0305649
1.1342106
1.1107202
1.1450639
1.0024694
1.1459786
1.1681203
1.0565061
1.0663108
1.1509225
1.1492973
1.1689102
1.1919785
1.1833386
1.1146486
1.1753149
1.1285589
1.1003108
1.0786436
1.1815518
1.1530243
1.0226186
1.1680589
1.0518438
1.0679102
1.0540601
0.91852641
0.96149695
1.1191422
1.0088852
1.0567928
1.0655035
1.085565
0.94621625
1.1185874
1.0194436
0.99174177
1.1180082
1.1256222
1.1731974
1.1271513
1.1553131
1.155413
1.0788358
1.0798009
1.0883371
1.0585142
1.163511
1.1225292
0.99100413
1.1436851
1.060306
1.1455169
1.1767979
1.1117335
1.1180181
1.1469597
1.0500375
1.030596
1.0780602
0.9881517
1.1445463
1.124616
0.96282157
1.0554731
1.089636
1.1539314
1.1835339
1.1738504
1.1390979
1.16153
1.1107349
0.94227632
0.88638671
0.94162672
1.0460036
1.0311785
0.86275865
0.96502676
1.0097012
1.0569685
1.064756
1.1259479
1.0789392
1.0776032
0.99112487
0.97612452
0.9821142
0.91617859
1.0612122
1.0477742
0.90007702
0.98871372
1.0342069
1.1143403
1.1478944
1.1153111
1.1031151
1.1020735
1.0516783
1.0723465
0.92922068
1.0502398
1.0964377
0.97372286
1.0368629
1.1238699
1.1077088
1.1465855
1.010383
1.1606584
1.171746
1.0554239
1.077087
1.1214442
1.0950135
1.0834131
1.1721119
1.1490721
1.0237991
1.1563816
1.1467333
1.1643226
1.1825391
1.1944624
1.187782
1.1280199
1.1734903
1.0449362
1.0449352
0.91646478
1.0660605
0.95907663
1.1067601
1.0046694
1.0507966
1.0578604
0.94603215
1.082717
1.1097314
0.99005393
1.0157045
1.075353
1.0843193
1.0591885
1.1523374
1.115047
0.99259317
1.1347012
1.1081743
1.129625
1.1762551
1.1314754
1.1508325
1.1498997
1.075943
1.1791735
1.1659308
1.1893064
1.1494562
1.1883225
1.141823
1.1807896
1.1875037
1.1958635
1.1828629
1.1972995
1.1838015
1.1865303
1.1983583
1.1686398
1.1654931
1.0649114
1.1223697
1.1600906
1.112371
1.171592
1.1588777
1.0338636
1.1402992
0.99653659
1.1435665
1.1559601
1.0413552
1.1813222
1.1345471
1.1322208
1.1910453
1.18785
1.1030039
1.1846673
1.1884835
1.1968005
1.1757897
1.2004528
1.1770263
1.1870989
1.2010604
1.1687973
1.1645509
1.0228014
1.103891
1.1541226
1.0669338
1.1754671
1.1834344
1.166767
1.1513729
1.1943746
1.1920231
1.1424665
1.1870144
1.173068
1.1719972
1.0677505
1.1234891
1.1654069
1.1123786
1.1782454
1.1937627
1.2011788
1.1885853
1.2022174
1.1908957
1.1924677
1.2025078
1.1856179
1.1395362
1.1371083
1.1953259
1.1902927
1.1066528
1.1888266
1.1747353
1.1697437
1.0234755
1.1072274
1.158608
1.06979
1.1809581
1.193524
1.2010569
1.1801153
1.2023385
1.1853634
1.1902238
1.2031331
1.1436039
1.182105
1.1731002
1.1930734
1.1830971
1.1733535
1.1400405
1.0940121
1.1449623
1.0251327
1.1778645
1.1708112
1.0049382
1.1132349
1.1494784
1.1798045
1.1943626
1.1895833
1.185849
1.1755291
1.1584483
1.1396665
1.1787757
1.1899179
1.1708699
1.1788187
1.1707966
1.1375042
1.0903121
1.1410927
1.1702726
1.0205171
1.1655538
1.1075764
1.0042515
1.1441255
1.1755316
1.1902818
1.1820904
1.1801315
1.1726016
1.1511951
1.1226919
0.97128488
1.1546087
1.100082
1.0039034
1.0955118
1.1658309
1.1557429
1.1798617
1.0606902
1.1861113
1.1926881
1.1032822
1.1342726
1.1792573
1.1854195
1.194166
1.2016618
1.1981328
1.1688251
1.1909464
1.1481387
1.1309198
1.0988871
1.1865606
1.1684809
1.0456355
1.1768484
1.112624
1.1483761
0.9678434
1.0956671
0.99579104
1.0883578
1.1586039
1.1432073
1.1736132
1.1763253
1.0552799
1.1817341
1.1260997
1.0946771
1.1660164
1.179454
1.1846631
1.1929787
1.1871381
1.159595
1.1823247
1.1350739
1.1271978
1.088465
1.1742922
1.152154
1.0382398
1.1671741
1.0604039
1.1314244
1.0932977
1.1726237
1.1441402
1.1149693
1.0365882
1.0350476
1.0823032
0.9909712
1.1515035
1.1285441
0.96580732
1.0612357
1.0941583
1.1611766
1.1844114
1.1788758
1.1634304
1.1429721
1.1181377
1.0033529
1.0250174
1.1104958
1.0387634
1.0655091
1.0682687
0.96855594
0.98210664
0.99250029
1.0866542
0.93392342
1.055186
1.0080347
0.90514044
1.0399466
1.1278795
1.1508002
1.1340616
1.1071088
1.1078766
1.0686029
1.0802621
0.93018555
1.1072066
1.0611863
0.97671221
1.0429095
1.1371051
1.1156203
1.1558005
1.0154017
1.1705583
1.1818902
1.0594389
1.0851053
1.1582887
1.1742131
1.1880242
1.1989567
1.1930051
1.1379445
1.1836394
1.1328633
1.1134371
1.1024026
1.1888862
1.1671983
1.0321875
1.1718684
1.0835797
1.0867329
0.92388472
1.0668676
0.97711826
1.0267021
1.1381057
1.1077021
1.1211491
1.1293258
0.98205625
1.1662823
1.0557114
1.0388256
1.1553704
1.1545102
1.1652004
1.2008392
1.1886797
1.1100852
1.181086
1.1225732
1.1165345
1.0846852
1.1879736
1.1549866
1.0195972
1.1724796
1.0540784
1.1477924
1.1144994
1.1750804
1.1115255
1.1439362
1.0531249
1.018947
1.0674047
0.98163597
1.1326897
1.1126238
0.95500698
1.0465646
1.0744291
1.1397905
1.1768587
1.1618563
1.1227313
1.1507063
1.0982346
0.99124301
1.0559618
1.0665667
1.1166599
1.0656771
1.0575832
0.99003607
0.95766377
0.96283978
0.91471886
1.0515038
1.0219333
0.89064554
0.98433756
1.011293
1.0993531
1.1282456
1.0984866
1.0809446
1.0747277
1.0419354
1.0814497
0.93198467
1.0602269
1.0994353
0.97938366
1.0402301
1.133179
1.1144312
1.1508055
1.0121595
1.158902
1.1735426
1.0610085
1.0788133
1.1311416
1.102742
1.0784329
1.1756061
1.1526064
1.0299014
1.1658748
1.1529366
1.1613016
1.178679
1.1937382
1.1875527
1.1282802
1.1765455
1.0464001
0.9207424
1.0534439
1.0702857
0.96255952
1.00985
1.1137175
1.036041
1.0180418
0.94189096
1.0791078
1.0878163
0.96316815
1.0162632
1.0565921
1.0813616
1.0243571
1.1325192
1.073609
0.98369048
1.1290694
1.1043405
1.1286351
1.1255757
1.1678336
1.1387749
1.0778243
1.148817
1.1426679
1.1836757
1.1762631
1.1948518
1.1764237
1.1840438
1.1395743
1.087749
1.1380303
1.0169682
1.1731771
1.1682498
0.99868533
1.1067243
1.1473363
1.1812868
1.1950151
1.1873559
1.1782529
1.185409
1.1557775
1.1497825
1.1866334
1.180497
1.1973017
1.1811567
1.1873094
1.1462958
1.0927737
1.1414598
1.018512
1.1764229
1.1710469
1.0009799
1.1130721
1.1551183
1.1865001
1.1977356
1.1913941
1.1833151
1.1891291
1.1639875
1.119203
0.96902139
1.1069894
1.1571674
1.0039742
1.0919804
1.1682321
1.1446528
1.1724841
1.0500145
1.1789607
1.1840625
1.0904493
1.1259711
1.1431159
1.1400677
1.1008823
1.1840195
1.1614612
1.0472292
1.1771462
1.1719933
1.1851309
1.1895388
1.1964322
1.1914534
1.1648763
1.188163
1.1319936
0.97310102
1.1116476
1.1650479
1.0070108
1.1033656
1.1756533
1.1527949
1.1759994
1.0526635
1.1828219
1.1884768
1.0939133
1.1335252
1.1574337
1.1455683
1.1135998
1.1903847
1.1751176
1.0559079
1.1842168
1.1801655
1.1900882
1.1938769
1.1996656
1.1959827
1.1730806
1.1929676
1.0576754
1.1481859
1.1146257
1.1781507
1.1161023
1.1479427
1.0520824
1.0199451
1.0689165
0.98424392
1.1424314
1.1183722
0.95521255
1.0515109
1.0778314
1.1490532
1.1807468
1.1710446
1.1274964
1.1566659
1.1062365
0.99061053
1.0501419
1.0606727
1.1081939
1.0618788
1.0526321
0.98713513
0.95999983
0.96325619
0.9098139
1.0497434
1.0225514
0.89190906
0.98318152
1.0129308
1.1050322
1.1234325
1.1011902
1.0804212
1.0727179
1.0463563
1.0735756
0.93108075
1.0471127
1.1063287
0.96980374
1.0434994
1.1288136
1.1105305
1.1513026
1.0157389
1.1651703
1.1768962
1.0557542
1.0836452
1.115282
1.0852594
1.0707161
1.1678479
1.1422018
1.015984
1.1535123
1.152817
1.1708062
1.1850906
1.1967364
1.1910783
1.1353817
1.1805996
1.0277314
0.91562666
1.0366093
1.071619
0.94913878
1.0016903
1.0986317
1.0223722
1.0214277
0.92804395
1.0630217
1.0769156
0.96194297
1.0009121
1.0503891
1.0676678
1.035495
1.1339082
1.0903421
0.97693969
1.1163751
1.0875793
1.1300761
1.1190995
1.1620503
1.1259311
1.0698773
1.1394582
1.0646444
1.1501268
1.1177142
1.1814662
1.1236829
1.1529875
1.0555538
1.0270153
1.0766075
0.98491106
1.148335
1.1268298
0.95881606
1.0537522
1.087612
1.1541651
1.1860758
1.1762472
1.1384803
1.1641642
1.1102131
1.0034794
1.0602868
1.0707492
1.1242762
1.0772075
1.0698774
0.99419628
0.96388775
0.96627278
0.91246873
1.0493094
1.0288511
0.89282389
0.98245568
1.0216301
1.1061898
1.1370364
1.1033374
1.0927325
1.0862398
1.0438517
1.0771306
0.92879342
1.0542152
1.1002449
0.97454522
1.0393097
1.1309457
1.1127332
1.1521435
1.0116282
1.1642741
1.1760639
1.0581172
1.0801111
1.1262517
1.0998747
1.0853979
1.1797815
1.1548438
1.0242956
1.1639862
1.153303
1.1672982
1.1849548
1.196194
1.19001
1.1316422
1.1786928
1.0475739
0.9162757
1.0484135
1.0673693
0.95954038
1.0042423
1.1116722
1.0173977
0.98717285
0.86120197
0.97924578
1.0656575
0.94185482
0.92613569
1.0542483
1.0640262
0.94438427
1.0799313
1.1137884
0.99232166
1.0142614
1.0819577
1.0894578
1.0630044
1.1617317
1.1242414
0.9951624
1.1415735
1.1109804
1.1273799
1.1255601
1.1716178
1.1495345
1.0740898
1.1505692
1.181409
1.1660185
1.1915235
1.1503878
1.189756
1.1411456
1.1841533
1.1886977
1.1949354
1.185337
1.1971322
1.1846327
1.1892901
1.1971059
1.1701398
1.1658004
1.0605788
1.1214839
1.1600135
1.1098985
1.1744437
1.1774206
1.1258908
1.1226074
1.1881679
1.1870398
1.0940264
1.1801918
1.1863482
1.1948922
1.1832153
1.1972382
1.1821527
1.1872416
1.1972387
1.1643791
1.1598288
1.0171228
1.0944873
1.1511178
1.059324
1.169745
0.99814874
1.0034009
0.94824048
1.0613065
1.0591365
0.94122259
1.0020222
0.94394295
0.90578208
0.84734559
0.90187239
0.89085089
0.89134436
0.95235321
0.97865377
0.9557131
0.90879083
0.98990824
0.92547813
1.0104215
0.95788135
0.98466542
0.98758762
0.95871104
1.0703865
1.0386054
0.93121353
1.0152582
0.93769608
0.90892617
0.84630849
0.9074505
0.88848579
0.88743566
0.96116361
0.93545321
0.92517821
0.87555528
0.93916182
0.90054578
0.9596675
0.91043908
0.95116988
0.94937329
1.034123
0.94868862
0.98992218
0.90847812
1.0027457
0.92094725
0.92799316
0.84594231
0.91101121
0.88781594
0.87797619
0.96818319
0.91238039
0.9084851
0.87601377
0.93599433
0.88534554
0.90997973
0.93818192
0.92175923
0.86332847
0.86704268
0.83707689
0.87774643
0.90447414
0.87518645
0.98656508
0.98868691
0.95283922
1.0580149
1.0419553
0.93183217
1.007882
0.9592841
0.94365807
0.89863675
0.97890584
0.9137888
0.94441887
0.99151584
0.93883444
0.92501183
0.84859401
0.91129045
0.89319912
0.88823079
0.96550622
1.0181929
1.0092631
1.1056688
0.99940448
1.0658471
0.95579005
1.0640673
0.97324582
0.93925986
0.86200115
0.94420139
0.91809176
0.91147482
1.0098107
0.96698203
0.95941783
0.88839979
0.95775798
0.92778005
0.92703985
0.99721669
0.9047522
0.85483148
0.85771245
0.83337804
0.86852122
0.88978992
0.86541055
0.96847994
0.97184037
0.93412084
1.0336702
1.020106
0.92016086
0.97935755
0.93628957
0.92189165
0.88504233
0.95689798
0.89759237
0.92581887
0.96355269
0.92306844
0.89910349
0.84152419
0.88969866
0.87872233
0.87899271
0.93290412
1.1946782
1.1933436
1.1567807
1.1937918
1.1944553
1.2018192
1.2007948
1.15332
1.1972965
1.1973124
1.1956503
1.1960483
1.2033837
1.2039497
1.2034794
1.2040997
1.2040681
1.2042179
1.2039472
1.2039176
1.2041333
1.2023995
1.1649326
1.2011247
1.1997643
1.2002625
1.2040813
1.204252
1.1581136
1.1979412
1.1974729
1.1982071
1.1987111
1.2038935
1.2037627
1.2017933
1.201965
1.2015167
1.2022432
1.2022077
1.2017735
1.2021966
1.1336852
1.1805308
1.1828345
1.1768292
1.1788009
1.1946135
1.195546
1.1285814
1.1744582
1.1754266
1.1746138
1.1759858
1.1939454
1.1938992
1.2043758
1.2044054
1.2045435
1.2044798
1.20437
1.2044529
1.2044287
1.2035684
1.2036155
1.2035276
1.2036092
1.2035189
1.2035439
1.2035691
1.2042941
1.2043933
1.2043468
1.2044051
1.2043536
1.204301
1.2043614
1.2036439
1.2040527
1.2041553
1.2039021
1.2040454
1.2042741
1.2041917
1.2042114
1.2043269
1.2043361
1.2044168
1.2043047
1.2042952
1.2043669
1.1611748
1.2023572
1.2011991
1.199585
1.2004113
1.2042448
1.2044707
1.1550817
1.1979796
1.1980881
1.1980584
1.198999
1.2040792
1.2040134
1.1585947
1.1967178
1.1954826
1.1947217
1.1951438
1.2027392
1.2026482
1.1544659
1.1970197
1.1963334
1.1954822
1.195436
1.2031979
1.2035078
1.1421532
1.1887286
1.1887826
1.1832608
1.1831561
1.1971948
1.1992188
1.1347812
1.1757842
1.1762598
1.179039
1.1792695
1.195573
1.1943163
1.2006456
1.1994266
1.1630303
1.1983522
1.1988176
1.2037965
1.2039683
1.1562585
1.1971585
1.1971569
1.1970741
1.1976618
1.2036566
1.203621
1.1888576
1.1897335
1.1423649
1.1838213
1.1849575
1.1986855
1.2003428
1.135504
1.1773896
1.1788065
1.1802325
1.1814504
1.197156
1.1959357
1.2041808
1.2043171
1.2037789
1.2044711
1.2044024
1.2043528
1.2045919
1.1988906
1.1630515
1.1962685
1.1975461
1.1964624
1.2025944
1.2024563
1.1574507
1.1973844
1.1964641
1.1969992
1.1963301
1.202848
1.2030265
1.1834122
1.181687
1.1359895
1.1779976
1.1759017
1.1920072
1.1941753
1.1287454
1.1710087
1.1680829
1.1740852
1.1716199
1.1902816
1.1888645
1.198776
1.1993547
1.1596833
1.1973154
1.1981671
1.2037292
1.2038562
1.1542059
1.1969939
1.1970209
1.1965225
1.1971621
1.2036221
1.2036156
1.198098
1.1987005
1.1612104
1.1972768
1.1977826
1.2030691
1.2030431
1.1570693
1.1976743
1.1967913
1.1972652
1.1971541
1.2031776
1.2031561
1.1880037
1.188464
1.1423742
1.1827094
1.1831597
1.196946
1.1988261
1.1352329
1.1754893
1.1765927
1.1786437
1.1794627
1.1954334
1.194231
1.2029395
1.2034884
1.2030931
1.2034605
1.2034334
1.2031177
1.2034472
1.2036556
1.2036254
1.2035125
1.2036698
1.2035871
1.2036678
1.2037071
1.2014436
1.2016017
1.2021357
1.2008251
1.2007766
1.2009837
1.2001569
1.200736
1.2007197
1.2003217
1.2008797
1.200468
1.2006637
1.2006564
1.2031369
1.2015853
1.2010938
1.2028404
1.2022596
1.1998466
1.2015112
1.1502921
1.0612824
1.1348508
1.137281
1.1275092
1.1700495
1.1785229
1.0370706
1.0968083
1.080665
1.1131996
1.1032227
1.1526677
1.1391854
1.1363821
1.033961
1.1266483
1.1129407
1.1033337
1.1582975
1.1747879
0.99641188
1.0606834
1.0383308
1.0730843
1.0600587
1.1215961
1.1090794
1.1844607
1.1370319
1.1838134
1.1798087
1.1806172
1.1955744
1.1967473
1.1311089
1.1766612
1.1779925
1.1771686
1.1784288
1.1951075
1.1952932
1.0780653
1.0923763
0.99085704
1.066872
1.0447455
1.1096709
1.1287576
0.98239334
1.0758011
1.0559608
1.0618139
1.0383012
1.1082011
1.1196082
1.1322976
1.0386755
1.1179968
1.1183353
1.1068942
1.1603514
1.1693164
1.0180935
1.0922378
1.0747767
1.0980659
1.0854391
1.1441289
1.1383313
1.2006949
1.1992759
1.201252
1.2000005
1.2001657
1.2001173
1.1999707
1.2010203
1.2008529
1.200664
1.2011331
1.2008693
1.2007264
1.2010229
1.1719875
1.1260642
1.1750536
1.1717109
1.1684111
1.1889156
1.1900642
1.1218725
1.1697038
1.1665339
1.1695461
1.1663565
1.1881515
1.1882687
1.1282891
1.0441185
1.1412466
1.1230224
1.1119147
1.1632585
1.1764177
1.0157932
1.0724966
1.0505187
1.0921976
1.0790608
1.1350553
1.117704
1.0207287
1.1187731
1.1042862
1.1009951
1.085342
1.1457977
1.1557302
1.0073773
1.0960306
1.0786175
1.0907278
1.0736717
1.1395674
1.1427855
1.1340595
1.1800819
1.1823245
1.1764045
1.1784892
1.1941801
1.1951505
1.12905
1.1741499
1.1756414
1.174224
1.1760249
1.1935746
1.1936496
1.0235391
1.1272733
1.114013
1.1028976
1.0870605
1.1456105
1.1617274
1.0091609
1.0936837
1.0748119
1.0918114
1.073635
1.1379413
1.1386273
1.0334138
1.1310623
1.11432
1.1159899
1.1004967
1.1587257
1.1673913
1.0193812
1.0999112
1.0825199
1.1026631
1.087125
1.1491232
1.1462416
1.2020732
1.1984997
1.200033
1.1981431
1.1997903
1.2013682
1.1992393
1.1988872
1.1977832
1.1970686
1.199478
1.1976844
1.1985999
1.1992368
1.2006865
1.2006365
1.199758
1.2001486
1.2010901
1.2001016
1.2004662
1.20704
1.2092362
1.1648904
1.2064996
1.203763
1.1839252
1.2013386
1.1946601
1.182687
1.2036432
1.2017309
1.1861802
1.2073237
1.1986554
1.1841028
1.1624178
1.1955162
1.1902296
1.1729848
1.1940148
1.19865
1.1853397
1.1576592
1.1965003
1.1897996
1.1722924
1.1955028
1.2006822
1.1788356
1.1374681
1.1349931
1.1838621
1.1836806
1.1555032
1.1889231
1.1881374
1.1662362
1.1976521
1.1926694
1.176942
1.1948442
1.1986893
1.1846086
1.1593523
1.1940173
1.1900928
1.173177
1.1926663
1.1958104
1.1811001
1.1403283
1.1369831
1.1857
1.1860887
1.1573632
1.1895995
1.0294464
0.95323455
1.0382041
0.99924831
1.0009547
1.0484109
1.0688494
1.0699411
0.98630382
1.0845927
1.0413856
1.0257722
1.0751802
1.1110862
0.94647531
0.9227108
0.93962889
0.97218197
0.99792825
0.97275915
1.0293994
1.2020094
1.2040458
1.1956189
1.2028801
1.1987722
1.203728
1.2044237
1.2022745
1.204346
1.1960414
1.2031573
1.1989281
1.2039228
1.2046555
1.1985874
1.1841647
1.1858397
1.2010896
1.201319
1.1945344
1.2026434
1.2005135
1.2038872
1.1951824
1.2030631
1.1983439
1.2035553
1.2040071
1.2022786
1.204197
1.1969502
1.2031696
1.1997538
1.2037961
1.2044237
1.1987621
1.1875019
1.1866361
1.2017023
1.2014231
1.1955274
1.2028988
1.2026905
1.2042448
1.1969299
1.2033869
1.2001611
1.2037366
1.2041872
1.2027448
1.2040306
1.1969394
1.2032821
1.2002018
1.2036755
1.2040492
1.1994968
1.1878335
1.1882559
1.2019535
1.2019422
1.1956656
1.2029979
1.200547
1.1922376
1.2029937
1.1966713
1.2013915
1.202343
1.20322
1.2008463
1.1935296
1.2041681
1.1970257
1.2026833
1.2029637
1.2040282
1.1966108
1.1824445
1.1832551
1.1912684
1.1995411
1.2003668
1.2015167
1.1985986
1.2027437
1.1877684
1.2000725
1.195999
1.2015262
1.2030653
1.1971571
1.2009238
1.1843979
1.1983765
1.194452
1.2008828
1.2023097
1.1923557
1.1714179
1.169907
1.1961823
1.1950428
1.1862244
1.1987766
1.1934139
1.199222
1.1797034
1.1958513
1.1902501
1.1992669
1.2012129
1.1939648
1.1997833
1.1778041
1.1961007
1.1900397
1.1990934
1.2011577
1.1884728
1.1619375
1.1615972
1.1918081
1.1917497
1.1788604
1.1958147
1.1963919
1.2025629
1.1819001
1.1994413
1.1920428
1.2017669
1.2037546
1.1950886
1.2015131
1.1798725
1.1985936
1.1909659
1.2011377
1.2026307
1.1904794
1.1651799
1.1641322
1.1948957
1.1942847
1.1807326
1.1983744
1.1968381
1.1837754
1.1997221
1.1928616
1.1967607
1.1992344
1.2013468
1.1958294
1.1808544
1.1995037
1.1915054
1.1958124
1.1987185
1.2011462
1.1887346
1.1679241
1.1676842
1.1827208
1.1927053
1.1919314
1.1957418
1.1956326
1.1995196
1.1832042
1.1966019
1.1916199
1.1987139
1.200835
1.1937393
1.1988746
1.1789375
1.1958794
1.1893816
1.1986111
1.2006064
1.1892117
1.1676815
1.1656656
1.1928974
1.1920606
1.1812485
1.1956226
1.1962708
1.2000786
1.1806304
1.1894138
1.1969465
1.1989496
1.2009817
1.1942055
1.1772778
1.1992327
1.188517
1.196372
1.1989565
1.2007168
1.1891893
1.164209
1.1623448
1.177234
1.1931961
1.1924413
1.1959436
1.1930482
1.1785721
1.1984515
1.188156
1.1952974
1.197131
1.1991635
1.1920909
1.1766657
1.1972481
1.1870012
1.1943426
1.1968102
1.1986148
1.1876734
1.1617616
1.161368
1.1768797
1.1914304
1.1904997
1.1940715
1.1972913
1.2023671
1.1848673
1.1947007
1.1997281
1.2013684
1.2026135
1.1961428
1.1822516
1.2015662
1.1932059
1.1989994
1.2011436
1.2024382
1.1929655
1.1666875
1.1666245
1.1836068
1.196034
1.1954929
1.1990135
1.1848747
1.1958862
1.1608491
1.1909468
1.1735276
1.1976126
1.2002193
1.1901215
1.2025212
1.1688037
1.197816
1.1783844
1.2011487
1.2044969
1.1836614
1.1391868
1.1428025
1.1865443
1.1904706
1.157118
1.1944246
1.1838803
1.1595978
1.1946065
1.1691983
1.1868159
1.1899069
1.1975419
1.1752386
1.1438131
1.185397
1.1632227
1.1797937
1.1866868
1.1921152
1.1691334
1.1323057
1.1234863
1.1479551
1.1768742
1.1740927
1.181131
1.1875379
1.1982931
1.1653747
1.1905685
1.1749484
1.1954719
1.2015642
1.1855569
1.1952622
1.1607989
1.1898188
1.1733048
1.1951188
1.200157
1.176682
1.1404591
1.138106
1.1821853
1.1831129
1.1572704
1.1884004
1.1795863
1.1915417
1.1589164
1.1675843
1.1838525
1.1901297
1.1957289
1.1804615
1.1556362
1.1951644
1.1671125
1.1882232
1.193167
1.1987561
1.1725184
1.1358495
1.133901
1.1514812
1.1769421
1.1802181
1.1848707
1.1883715
1.1640586
1.1970748
1.1776801
1.1923305
1.1973068
1.1995671
1.1883237
1.1648508
1.2003415
1.1787891
1.1951554
1.1997293
1.2029729
1.1794654
1.1385172
1.1395027
1.1580247
1.1850749
1.1869942
1.1934081
1.1836785
1.1935698
1.1621869
1.1718862
1.1879922
1.1915665
1.1957787
1.1815115
1.1532217
1.1912891
1.1691061
1.18584
1.1910379
1.1950271
1.1727685
1.1366105
1.1316496
1.1533741
1.1803547
1.1791603
1.1857575
1.0339331
0.9643114
1.0629825
0.99506662
1.0129905
1.0351875
1.0700234
1.0547154
0.9776035
1.0891222
1.0030919
1.0291483
1.0445895
1.0908071
0.93074875
0.91978648
0.92404199
0.95479367
0.96949545
0.97577793
1.0048024
1.0770081
1.0858293
0.9891023
1.0355668
1.0461722
1.0875303
1.1198804
1.0628939
0.98373266
1.0779111
1.0279822
1.035782
1.0752052
1.1011742
0.96133781
0.94608386
0.94312149
0.98881402
1.0065217
0.99955442
1.0482389
1.106676
1.1409674
1.0290327
1.041615
1.0868423
1.083741
1.139439
1.0087695
0.94283599
1.0372699
0.97697893
0.98631663
1.0174061
1.0451904
0.94221494
0.95647281
0.90997733
0.96421019
1.0174487
0.95426228
1.0149385
1.1406072
1.1418761
1.0216964
1.0959032
1.2013778
1.1818577
1.1824096
1.1447288
1.1452201
1.0216618
1.099365
1.200044
1.1842693
1.184725
1.1427773
1.1460901
1.0439899
1.0853505
1.1954139
1.1689588
1.1702633
1.1734117
1.2037996
1.2034848
1.2029857
1.199501
1.1984748
1.1980603
1.1695826
1.1571144
1.1599955
1.1957615
1.1967226
1.2022897
1.1936951
1.193515
1.2049211
1.2033861
1.2044505
1.2042468
1.2021816
1.2049358
1.1934544
1.2043182
1.2025713
1.2040578
1.2036115
1.2011359
1.2045561
1.1677863
1.1505994
1.1559877
1.1963496
1.1943951
1.2012234
1.1816699
1.187972
1.2032638
1.2005667
1.2033537
1.2024014
1.1968528
1.2043077
1.1660618
1.1519429
1.157879
1.1936314
1.1927802
1.2003361
1.1824767
1.1350214
1.1363492
1.0176043
1.0883256
1.198941
1.1775417
1.1762871
1.1393436
1.1411503
1.0197897
1.0925811
1.1990026
1.1804142
1.1811237
1.1397116
1.1435881
1.0447558
1.0837438
1.1945995
1.1655924
1.1677537
1.1680982
1.202678
1.2028053
1.2019528
1.1972981
1.1950541
1.1962918
1.1620705
1.1442146
1.1491667
1.1921489
1.1904081
1.1988175
1.1754763
1.1847781
1.2030988
1.1993237
1.2022587
1.2018339
1.1947023
1.2039293
1.166591
1.1511018
1.1556462
1.1943014
1.1928392
1.2008602
1.1822323
1.149789
1.1499021
1.0255644
1.1043803
1.2014832
1.1878691
1.1876587
1.1476806
1.1452001
1.0229403
1.1008956
1.2009513
1.1856348
1.1819962
1.1490151
1.1441506
1.0474507
1.0885473
1.1956229
1.1718882
1.1684496
1.1760713
1.2038262
1.2036582
1.2027991
1.2005118
1.199343
1.197876
1.1710574
1.1587673
1.1630621
1.1968422
1.1943495
1.2014919
1.1866992
1.1944952
1.2043488
1.2025338
1.2038326
1.2038166
1.2009913
1.2044217
1.1908918
1.2020215
1.200502
1.2032622
1.2022216
1.1979453
1.2037477
1.1651606
1.1507442
1.1533793
1.1915642
1.1898002
1.1975438
1.1778078
1.1899275
1.201988
1.1986216
1.2015838
1.2029596
1.1990032
1.2035458
1.1438175
1.1441084
1.0201796
1.0970873
1.1991815
1.1837638
1.1831406
1.142459
1.1426163
1.0214622
1.0970676
1.1994926
1.183139
1.1819756
1.1443485
1.1441076
1.0445168
1.0850639
1.1939974
1.1680248
1.1679162
1.1723021
1.2022911
1.2022672
1.2014501
1.1983198
1.1967022
1.1964705
1.1687286
1.1585109
1.1579222
1.1948952
1.1946406
1.2009516
1.1926266
1.1922973
1.2035152
1.2014054
1.202886
1.202734
1.1998725
1.2036644
1.192204
1.2029486
1.2010381
1.2028309
1.2024996
1.2000634
1.2034158
1.1631005
1.1504606
1.1558018
1.1927917
1.1908963
1.1991442
1.1815002
1.1874206
1.2024096
1.1996222
1.2021398
1.2011433
1.1954235
1.2033252
1.1675646
1.1507855
1.1569034
1.1941356
1.1926993
1.1993673
1.1799901
1.0696215
1.0737738
0.97315572
1.027751
1.1655786
1.1165612
1.1221957
1.0434611
1.0337629
0.96053379
1.0081895
1.1372278
1.0923288
1.0827964
1.0518072
1.0417082
0.96467314
1.0117362
1.1467802
1.1011102
1.0879739
1.0972484
1.1785436
1.1712129
1.1757904
1.1515558
1.1572155
1.1431569
1.1042033
1.0752469
1.0695837
1.1494035
1.1461417
1.1693898
1.1199701
1.1383597
1.188394
1.175881
1.1837891
1.1832564
1.1609777
1.1919419
1.120981
1.1842852
1.1719668
1.1820345
1.171789
1.1523384
1.1885394
1.1093649
1.0836887
1.0762262
1.1581966
1.1528972
1.1779017
1.1304747
1.1309213
1.1931217
1.1804748
1.1906444
1.1822891
1.1630877
1.1967813
1.0777076
1.0803484
0.97663599
1.0348425
1.1725258
1.1281725
1.1302922
1.0531462
1.0500274
0.9695344
1.0171484
1.1552923
1.1068456
1.1011988
1.0581949
1.0536947
0.97235905
1.0207807
1.1525304
1.1095683
1.1025838
1.1087543
1.1859443
1.1838572
1.181512
1.1650385
1.1639975
1.1574101
1.1030695
1.0853505
1.0733557
1.1577613
1.1463183
1.176329
1.1331106
1.1495416
1.1950082
1.1853156
1.1912411
1.1894273
1.173143
1.1976622
1.1277959
1.190217
1.1748959
1.1889131
1.1844558
1.1660185
1.1956163
1.1097901
1.0910163
1.0803034
1.159464
1.1487727
1.1738444
1.1355834
1.1298821
1.1817569
1.1711567
1.182434
1.1755183
1.1623202
1.1871383
1.0591824
1.0534592
0.96262056
1.0130757
1.1512387
1.1056536
1.0974091
1.058873
1.0452376
0.96117113
0.99937535
1.1499071
1.0950088
1.0764288
1.0285462
1.0131634
0.94878353
0.99171491
1.1146577
1.07297
1.0597686
1.0768914
1.1697117
1.1705274
1.1558532
1.1443595
1.1318829
1.1243156
1.1203369
1.0796266
1.0867103
1.1625652
1.1649007
1.1849404
1.1300551
1.1359407
1.1930985
1.1829574
1.1931932
1.1817939
1.1627045
1.1981224
1.1459955
1.1979845
1.1876766
1.1964355
1.1927571
1.1689757
1.2020189
1.0999803
1.0639917
1.0603257
1.140645
1.1383646
1.1588879
1.1051664
1.107046
1.1752202
1.162079
1.1698408
1.1544458
1.1359746
1.1766052
1.0288449
1.0351583
1.0093069
1.1042795
1.0625133
1.1250556
1.0655471
1.068991
1.0771268
0.97130377
1.0313971
1.1696877
1.1187049
1.1285143
1.0388048
1.0344306
0.95974716
1.0108702
1.1389237
1.0926286
1.0905719
1.0590816
1.0539732
0.97027977
1.018357
1.1570934
1.1103822
1.1014646
1.1042297
1.183794
1.1777992
1.183397
1.1556627
1.1645496
1.1541593
1.0993373
1.0725214
1.0634973
1.1459538
1.1382074
1.1645549
1.1170815
1.1372093
1.1893581
1.1743529
1.1827611
1.1863241
1.1614485
1.1931334
1.1124806
1.1776459
1.1633541
1.1767365
1.1690892
1.149586
1.1845211
1.1103194
1.0893551
1.0801932
1.16146
1.1523812
1.1790549
1.1370185
1.1338949
1.1904993
1.1781178
1.1897504
1.185019
1.168254
1.1952107
1.0629066
1.0417691
1.0550022
1.1021375
1.1183103
1.1526937
1.0986944
1.1932892
1.1931535
1.1813932
1.199934
1.2116079
1.1976501
1.2083863
1.2050652
1.2049487
1.2048753
1.2049594
1.2049495
1.2048588
1.2049584
1.2040918
1.204161
1.2045244
1.2041024
1.2042645
1.2044913
1.2042775
1.179636
1.193019
1.1929845
1.1909229
1.1892288
1.2010707
1.194961
1.1634281
1.1510415
1.1530479
1.1921205
1.1937536
1.1894446
1.2009838
1.1890035
1.2035612
1.2006636
1.2031842
1.199977
1.2036185
1.2046247
1.1909928
1.2042715
1.2018963
1.2032451
1.1996619
1.203636
1.2044747
1.1768988
1.1661188
1.1663943
1.1995289
1.1993976
1.1978026
1.2034869
1.04061
1.0318028
1.0368045
1.0882116
1.0949292
1.0813433
1.1325417
1.0728204
1.0565117
1.0570384
1.1212218
1.1173681
1.1055597
1.158081
1.2047258
1.2047337
1.2047691
1.2044552
1.2045753
1.2046718
1.2046717
1.2048103
1.2048692
1.2049394
1.2045706
1.2044669
1.2047353
1.2046018
1.2047184
1.2049187
1.2047711
1.2046021
1.2043662
1.2046202
1.2043967
1.2042508
1.2041124
1.2040674
1.2039961
1.2040163
1.2039998
1.2039382
1.2041961
1.2042774
1.2043837
1.2040647
1.204097
1.2043143
1.2043694
1.2038741
1.2041823
1.2039949
1.2039249
1.2038194
1.2040941
1.2039432
1.2042462
1.2042149
1.2044418
1.2041262
1.2044058
1.2042514
1.2047328
1.2041128
1.2043838
1.2043796
1.2039612
1.2039172
1.2041909
1.2041532
1.2043483
1.2045024
1.2045022
1.204501
1.2044029
1.2044521
1.2044366
1.2040186
1.204268
1.204084
1.2043346
1.2044406
1.204296
1.2044698
1.2042864
1.2040213
1.2041691
1.20412
1.204254
1.2040297
1.204143
1.2039676
1.2040152
1.2039926
1.2040136
1.2039508
1.2039769
1.2040263
1.2042215
1.2040238
1.2041683
1.2041637
1.2041442
1.2041066
1.2041756
1.2044124
1.2043828
1.2043256
1.2042314
1.2043042
1.2041619
1.204168
1.2039271
1.2039122
1.2039377
1.2038869
1.2040337
1.2038747
1.2039959
1.2043688
1.2043326
1.204382
1.204284
1.2043583
1.2043255
1.2043145
1.2044546
1.2045062
1.2045575
1.2045418
1.2045124
1.2044449
1.2045195
1.2045293
1.2044945
1.2045382
1.2045173
1.2045153
1.204489
1.2045285
1.2040437
1.2041801
1.2041567
1.2034612
1.2035942
1.2039423
1.2039832
1.2037318
1.2031859
1.2027431
1.2034238
1.2040067
1.2039827
1.2036496
1.2030302
1.2027436
1.2025585
1.2027346
1.2030777
1.2030202
1.2028415
1.2029527
1.2032573
1.2034928
1.2018908
1.2024089
1.201944
1.2025292
1.2011796
1.2018486
1.2020548
1.1985536
1.1985393
1.1987912
1.1989287
1.2023368
1.2018387
1.2017535
1.2009426
1.201172
1.2006101
1.2004416
1.2009359
1.1998791
1.200922
1.1976454
1.1980148
1.1972644
1.1976554
1.2013851
1.2004184
1.2008736
1.2005188
1.2007851
1.201083
1.2002433
1.2013908
1.2015145
1.2014783
1.1997572
1.199685
1.2001902
1.1999084
1.2012588
1.2008361
1.2010491
1.1999834
1.1995997
1.1999566
1.1997497
1.200245
1.2011312
1.2006438
1.2001658
1.2002955
1.1997243
1.2006496
1.2015702
1.2009773
1.2016848
1.2002691
1.2003146
1.2000547
1.2000869
1.2017012
1.2016977
1.2017627
1.199507
1.1996084
1.1995891
1.1998486
1.2017207
1.2007474
1.2012968
1.1999483
1.2001543
1.1995102
1.1998463
1.2013858
1.20069
1.2012216
1.1993509
1.2000448
1.1987929
1.1995356
1.2005916
1.2008947
1.2008197
1.1996837
1.1994097
1.1987015
1.1989264
1.200943
1.2015772
1.202029
1.1999119
1.1999881
1.2001676
1.200476
1.2013961
1.202163
1.2018503
1.2005757
1.2003307
1.200811
1.2004622
1.1960014
1.1964584
1.1968137
1.1945256
1.1937139
1.1946582
1.1946869
1.1978621
1.1981164
1.197634
1.1957377
1.1956493
1.1956958
1.1950775
1.1971033
1.1965082
1.1972437
1.1934624
1.1942049
1.1938187
1.1941498
1.1977683
1.1978548
1.1974654
1.1956648
1.1951627
1.1950767
1.1951891
1.2048244
1.2047665
1.2046321
1.2050784
1.2046592
1.2046617
1.2048337
1.2040838
1.2042325
1.2040992
1.2040928
1.2041759
1.2041394
1.2040252
1.2036859
1.2038437
1.2039465
1.2037065
1.2038801
1.2037234
1.2037419
1.2043576
1.204459
1.2043356
1.2042436
1.2045058
1.2044078
1.2042938
1.2044332
1.2045244
1.2045054
1.2043892
1.2043922
1.204566
1.2044088
1.2040462
1.2042365
1.2042024
1.2041005
1.2042388
1.2041362
1.2040706
1.2044091
1.2043626
1.2044029
1.2041719
1.2043974
1.204213
1.2043514
1.2047342
1.204685
1.2048181
1.2045846
1.2044358
1.2048245
1.2046031
1.2034237
1.2035596
1.2035544
1.2034614
1.2035089
1.2034595
1.2034455
1.2036261
1.2040588
1.2040244
1.2037886
1.2040126
1.2037345
1.2036241
1.2024894
1.2033709
1.2038392
1.2026839
1.2033955
1.2026502
1.202885
1.2035458
1.2038062
1.2035758
1.2037141
1.2035641
1.2038472
1.2034603
1.2024201
1.2033116
1.2025905
1.2012071
1.2033889
1.2020282
1.201527
1.2015861
1.2020511
1.2017138
1.2012707
1.2018939
1.2016393
1.2013118
1.2040858
1.2040861
1.2030769
1.2035143
1.2039773
1.2041092
1.2032635
1.1967402
1.1999326
1.2003484
1.1997643
1.1996683
1.1999007
1.198404
1.1954343
1.1984131
1.1986476
1.1996796
1.1986875
1.1983643
1.1973156
1.2007243
1.2024501
1.2005911
1.2012303
1.2007756
1.2019076
1.2005441
1.2016494
1.2021182
1.2016175
1.2015411
1.202035
1.2018372
1.2013421
1.2002036
1.1997193
1.1997707
1.1989017
1.2000055
1.1992812
1.1994558
1.2017887
1.2013138
1.1991619
1.200759
1.200532
1.2010086
1.2013937
1.2005918
1.2012002
1.2005878
1.199672
1.2010615
1.2003492
1.2000595
1.2000017
1.2011954
1.2002643
1.2006562
1.2004012
1.2010546
1.1996618
1.2013088
1.2018622
1.2009737
1.2006646
1.2019058
1.2013088
1.2004989
1.1990603
1.1961705
1.1963943
1.1942447
1.1970339
1.193579
1.1892824
1.1958192
1.1989635
1.1979088
1.1984592
1.1988181
1.2003853
1.2005791
1.1955315
1.1978118
1.1958499
1.1923961
1.1975794
1.1928482
1.187383
1.189562
1.1973748
1.1973774
1.1942067
1.1976419
1.1974916
1.1918327
1.2039373
1.2013008
1.2010067
1.2035829
1.2015054
1.2036039
1.2030494
1.2034834
1.2007688
1.2013989
1.2019794
1.2032281
1.2013881
1.2021339
1.2005641
1.2013488
1.2007906
1.2004463
1.2013337
1.2008174
1.2001837
1.0706154
1.1589788
1.1210719
1.175441
1.1027822
1.152313
1.087979
1.0262777
1.1567604
1.0723783
0.99870074
0.97552416
1.1154038
1.0537858
1.2041861
1.2042027
1.204203
1.2042493
1.2041627
1.2042373
1.2042347
1.2044009
1.2047559
1.2044267
1.204951
1.2043439
1.2049218
1.2044948
1.2041434
1.2041474
1.2040811
1.2040978
1.2041253
1.2041606
1.2040844
1.2039338
1.2037568
1.2039612
1.2037328
1.2039579
1.2037147
1.2039565
1.2037054
1.204366
1.2040899
1.2042696
1.2039398
1.2042494
1.2038306
1.2016541
1.2031818
1.2026509
1.2028791
1.2021117
1.2030272
1.2021722
1.2043456
1.2045973
1.2052674
1.2048213
1.2048333
1.2047211
1.2053551
1.2007142
1.201243
1.2018094
1.2015778
1.2010048
1.2008263
1.2015612
1.2039883
1.2046707
1.2044053
1.2043916
1.2043108
1.2045633
1.2040881
1.2010592
1.2024809
1.2022339
1.2020337
1.2018515
1.2017913
1.2015615
1.2012255
1.2019162
1.2021957
1.2019465
1.2017049
1.2015238
1.2018374
1.2027958
1.2033523
1.2029578
1.2030389
1.2030469
1.2031605
1.2027319
1.2031538
1.2030323
1.2027128
1.2023299
1.2031167
1.2028465
1.2026168
1.2020907
1.2016812
1.2015858
1.2013108
1.2020857
1.2014599
1.2019846
1.2033138
1.2043906
1.2037948
1.2039195
1.2040412
1.2041903
1.2030386
1.201406
1.2008083
1.2008486
1.2008431
1.2011711
1.2008502
1.2010071
1.2015344
1.2017961
1.2014521
1.2012015
1.2018755
1.2014079
1.2012953
1.1997349
1.2002197
1.1992372
1.199966
1.1997732
1.20029
1.1994569
1.0631588
1.1689029
1.1881176
1.1424597
1.1475851
1.1224607
1.0955504
1.0889531
1.1641494
1.156148
1.1570982
1.1447703
1.1389671
1.103382
1.0757526
1.175753
1.2147936
1.1126753
1.2219226
1.0917275
1.1029293
1.2044805
1.2045128
1.2044514
1.2045081
1.2045815
1.204547
1.2045614
1.2044219
1.2046077
1.2044295
1.2044753
1.2045949
1.2044663
1.2045906
1.2046996
1.204823
1.2044107
1.2046567
1.2048309
1.204884
1.2048599
1.2047898
1.2045996
1.2045469
1.2047402
1.2048335
1.2049661
1.2047317
1.2044945
1.2044858
1.2045278
1.2046174
1.2045966
1.2046502
1.20457
1.2045217
1.2043674
1.2044818
1.2046019
1.2045972
1.2045944
1.2045488
1.2044864
1.2043788
1.2044792
1.2045549
1.2045645
1.2046094
1.2045349
1.20436
1.2043811
1.2043807
1.2044957
1.204503
1.2044908
1.2045139
1.2043539
1.2043829
1.2042861
1.2043743
1.2044921
1.2044153
1.2045127
1.2044283
1.2044751
1.2044655
1.2045248
1.2045795
1.204568
1.2045406
1.2043557
1.2042869
1.2042872
1.2044133
1.2044887
1.2044929
1.204425
1.2039737
1.2039756
1.2039981
1.2040027
1.203926
1.2039521
1.2039887
1.2041931
1.2042211
1.2042946
1.2041246
1.2040676
1.2040989
1.2040795
1.2039466
1.2038992
1.2036898
1.2039623
1.2040766
1.2040785
1.2040371
1.2042896
1.2043863
1.2043468
1.2043869
1.2043651
1.2043382
1.2044478
1.204479
1.2043472
1.2044324
1.2044589
1.2043648
1.2044804
1.2043766
1.2041399
1.2041132
1.2041568
1.2040856
1.2040675
1.2040724
1.2040786
1.2040486
1.204059
1.20409
1.2040719
1.204017
1.2040389
1.2040531
1.2032076
1.2029194
1.2026926
1.2035165
1.2037088
1.2037218
1.2035822
1.2041207
1.2038616
1.2039546
1.2039333
1.2040389
1.2041189
1.2038728
1.2030593
1.2020926
1.2023927
1.2033948
1.203643
1.203206
1.2037076
1.2037612
1.2033384
1.203867
1.203904
1.2033651
1.2037537
1.2033501
1.2032402
1.20291
1.2033839
1.2038648
1.2034421
1.2038658
1.203401
1.2034475
1.2031285
1.2031952
1.2032533
1.2034025
1.2034658
1.2032109
1.2032395
1.2035055
1.2033045
1.2032697
1.2034153
1.2032365
1.2034715
1.2028397
1.2025349
1.2028764
1.2030118
1.2028563
1.2027568
1.2030018
1.2034211
1.2027909
1.2032982
1.2036777
1.2033108
1.2036831
1.2033018
1.2038653
1.203651
1.203921
1.2039505
1.2037843
1.2040175
1.2037423
1.2041221
1.2040295
1.2036137
1.2039441
1.2042776
1.204261
1.2040833
1.2042299
1.2041632
1.2041099
1.2040244
1.2042377
1.2042061
1.20408
1.2039339
1.2038128
1.2031925
1.2036432
1.2039785
1.2040039
1.2038572
1.2007357
1.2006818
1.2009435
1.2002492
1.200395
1.2004275
1.2002451
1.1900092
1.1932207
1.178579
1.189228
1.1929462
1.1976134
1.1975301
1.2006537
1.1984112
1.1995208
1.1992183
1.198903
1.1999953
1.1987668
1.200893
1.2009452
1.2010826
1.2002527
1.2006854
1.2003378
1.2005182
1.1780762
1.1980731
1.1962545
1.186361
1.1937622
1.1849199
1.1787704
1.2024752
1.2022047
1.2020046
1.2026978
1.2030792
1.2030116
1.2027853
1.2000385
1.1993535
1.1996976
1.199836
1.1997959
1.2000507
1.1996689
1.1872998
1.1931808
1.1768275
1.1868278
1.1930175
1.1962867
1.1961569
1.2010301
1.2003423
1.2002475
1.2007406
1.2008108
1.2011615
1.2005109
1.2004311
1.2004336
1.2000667
1.200035
1.2005873
1.2002971
1.2003094
1.2023517
1.2019463
1.2014385
1.2021162
1.2029269
1.2029652
1.2024052
1.203249
1.2027027
1.2026839
1.202741
1.203358
1.203354
1.2029175
1.2012272
1.2000037
1.2002881
1.1993022
1.200222
1.2001129
1.1994904
1.1939689
1.1929189
1.1944365
1.1973517
1.1953823
1.1973293
1.195457
1.1953996
1.1961602
1.1968577
1.1985611
1.1966582
1.1980659
1.1972715
1.2017892
1.2005144
1.2011689
1.1993513
1.1999316
1.1999723
1.1992732
1.1964568
1.1958831
1.1971871
1.1975513
1.1961643
1.1975456
1.1963339
1.1870833
1.1814078
1.1784286
1.1968883
1.1976258
1.1996614
1.1967319
1.2014776
1.1993375
1.1953162
1.2028152
1.200614
1.201578
1.2011236
1.151876
1.117285
1.1302826
1.1891558
1.1986515
1.1962425
1.198098
1.2006228
1.2013854
1.2007848
1.2009211
1.2015463
1.2009757
1.2013946
1.1964978
1.1960303
1.1970891
1.1994848
1.197674
1.1995001
1.1978393
1.1949625
1.19453
1.1958314
1.1984083
1.1964127
1.1980055
1.1967613
1.2061815
1.2086232
1.2134703
1.2112271
1.2095968
1.2076511
1.2131003
1.2002917
1.2030388
1.2067001
1.2017544
1.1980063
1.198334
1.1997155
1.2163189
1.1604892
1.2183807
1.2246987
1.2230356
1.2227817
1.2253405
0.86394818
0.91769594
0.91444959
0.9251518
0.88758721
0.89584551
0.88611971
1.2012967
1.200857
1.2004068
1.2005956
1.2016264
1.2013391
1.2010211
1.1966092
1.1966462
1.1976482
1.1994173
1.1976713
1.1994629
1.1979676
1.200351
1.200117
1.1998596
1.1997931
1.2001005
1.2000748
1.1997881
1.1983393
1.1972516
1.1978591
1.1995255
1.198864
1.1995574
1.1989084
1.2009998
1.2009269
1.2004934
1.2005736
1.2011721
1.2008816
1.2009521
1.1968737
1.1963092
1.1969028
1.1993247
1.197946
1.1992798
1.1981359
1.2042775
1.2042816
1.2043017
1.2043401
1.204302
1.2043212
1.2043207
1.2043888
1.2043608
1.2043716
1.2043654
1.2043891
1.2043896
1.2043615
1.204364
1.2045676
1.2044012
1.2044324
1.204562
1.2044167
1.2045928
1.2042755
1.2043216
1.2043242
1.2044046
1.204355
1.2043477
1.2044038
1.2044687
1.2045713
1.2047105
1.2045043
1.2044168
1.2043853
1.2044845
1.2042769
1.2043121
1.20433
1.2043934
1.2043176
1.2043375
1.20436
1.2011836
1.2041804
1.2041439
1.2024853
1.2039064
1.2019068
1.2019735
1.1999318
1.2044611
1.2044076
1.2001966
1.1986832
1.2039119
1.2010532
1.2003438
1.2043184
1.2038617
1.2012288
1.1998773
1.2038402
1.201522
1.2048009
1.2049886
1.2049622
1.2046246
1.2045733
1.204568
1.2047077
1.2038183
1.2047585
1.2042689
1.2043648
1.2040892
1.203972
1.20454
1.2047683
1.2047487
1.2049022
1.2048444
1.2047518
1.2047561
1.2047778
1.2044527
1.2048733
1.2045138
1.2045122
1.2047274
1.2044603
1.2048116
1.2044308
1.2046173
1.2044762
1.2044929
1.2045719
1.2044575
1.204656
1.2040888
1.2039353
1.2041405
1.2042418
1.2040142
1.2041712
1.2040726
1.2041644
1.2041035
1.2041697
1.2041863
1.2041338
1.2041848
1.2041212
1.2042048
1.204122
1.2041874
1.2041904
1.2041555
1.2042104
1.2041312
1.2042111
1.2042735
1.2042252
1.2042485
1.2042751
1.2042371
1.2043045
1.2014404
1.2045296
1.2043635
1.2026354
1.2041454
1.2022801
1.2020498
1.2005916
1.2046213
1.2039506
1.2013244
1.1999672
1.2040498
1.2017249
1.2040227
1.2040483
1.2040366
1.2040426
1.2040208
1.2039986
1.2040637
1.2043325
1.204825
1.2046738
1.2043661
1.2045109
1.2044245
1.2044992
1.204006
1.2040276
1.2040283
1.2040278
1.2039899
1.2039896
1.2040267
1.2036524
1.2035987
1.2036498
1.2037501
1.2036427
1.2037213
1.2036546
1.2041221
1.2038819
1.204052
1.2039894
1.2039993
1.2041067
1.2038568
1.2037064
1.2038244
1.2037279
1.2038674
1.2039096
1.2039715
1.2038175
1.2039526
1.2037218
1.2039347
1.2038839
1.2037741
1.2039221
1.2037007
1.2035108
1.20349
1.2037182
1.2038012
1.2034566
1.2036567
1.2035446
1.2040381
1.204054
1.2040477
1.2040407
1.2040447
1.2040597
1.2040322
1.2044581
1.2043112
1.2042404
1.204426
1.2044281
1.2045049
1.2043852
1.2044031
1.2044007
1.204414
1.2044192
1.2044005
1.2044206
1.2043844
1.200487
1.2021934
1.20093
1.2039703
1.2027572
1.2039518
1.2056578
1.2044046
1.2038101
1.2040938
1.2043749
1.2044084
1.2045207
1.2041539
1.204174
1.2042214
1.2039005
1.2039431
1.2043063
1.2042133
1.2041728
1.2039783
1.204194
1.2037482
1.2038109
1.2042403
1.2040007
1.2041918
1.2040413
1.2034254
1.2036359
1.2035371
1.2035845
1.2039201
1.2031416
1.2033818
1.2030681
1.2025356
1.2028801
1.2037426
1.2036105
1.2033896
1.203164
1.2036768
1.2028476
1.2028786
1.2036425
1.2032449
1.2034866
1.2036641
1.2031882
1.2024083
1.2028976
1.2041544
1.2038056
1.2036606
1.2032467
1.2032225
1.2027507
1.2033161
1.2039075
1.2037533
1.2035653
1.2040949
1.2041493
1.203946
1.2038294
1.2041733
1.204048
1.2040863
1.2027653
1.2017268
1.2022033
1.2027406
1.202616
1.2030938
1.2021709
1.2044762
1.2049161
1.204913
1.2046689
1.2044254
1.204405
1.2045825
1.2044033
1.204391
1.2045804
1.2044485
1.2043787
1.2043855
1.2043665
1.2054128
1.2042018
1.2047757
1.2050104
1.2053245
1.2050259
1.2048724
1.2043092
1.204444
1.204357
1.204274
1.204344
1.2042839
1.204338
1.2041601
1.2042845
1.2040975
1.2042231
1.2042999
1.2042503
1.2042774
1.2045012
1.2044756
1.2044274
1.2042817
1.2043389
1.2043413
1.2042944
1.2021952
1.202444
1.2017413
1.2030302
1.2036228
1.2034113
1.2034412
1.2043465
1.204239
1.2041934
1.204087
1.2043355
1.2043135
1.204155
1.2024942
1.2018135
1.2016751
1.2029269
1.2035291
1.2030134
1.2034423
1.2021034
1.2015979
1.2012891
1.2025448
1.203279
1.2033475
1.2024879
1.2041212
1.2041201
1.2040106
1.2038811
1.2041985
1.2041021
1.2040585
1.2012827
1.2007261
1.2007877
1.2016219
1.2010247
1.2007619
1.2017047
1.204891
1.2046384
1.2045149
1.2047442
1.2050059
1.2051251
1.2048092
1.2042581
1.2043381
1.2044246
1.2045099
1.2043001
1.2043771
1.2044609
1.1985113
1.2000239
1.1968293
1.1994565
1.1997075
1.2021858
1.2018408
1.2050262
1.2041235
1.2043116
1.204656
1.205328
1.2052186
1.2046777
1.2044173
1.2041603
1.2040506
1.2039787
1.2042904
1.2043896
1.2040301
1.2032602
1.2035865
1.2030157
1.2036578
1.2041916
1.2037245
1.2041517
1.2039451
1.2028684
1.2035574
1.2035204
1.2034237
1.2037802
1.2029122
1.2025935
1.2023678
1.202074
1.2024293
1.2029642
1.2028427
1.2025787
1.2028467
1.2029263
1.2026971
1.202651
1.2030106
1.2028051
1.2028983
1.201774
1.2011894
1.2016351
1.2020729
1.2016729
1.2020835
1.2016896
1.2022761
1.2025661
1.2021191
1.2025084
1.2030135
1.2026696
1.2029299
1.203606
1.2028322
1.2028865
1.2028048
1.203515
1.2035456
1.2029479
1.2024205
1.202202
1.2020292
1.2024179
1.2027669
1.202529
1.2027731
1.2018424
1.2017429
1.2014858
1.2012588
1.2017881
1.2016078
1.2014643
1.2029368
1.2021761
1.2017073
1.2021541
1.2034256
1.2030943
1.2024632
1.2014308
1.2007834
1.2011382
1.2009331
1.2008739
1.2006
1.2011723
1.2035751
1.2033509
1.203434
1.2036053
1.2036737
1.2037022
1.2035666
1.2031822
1.203367
1.2032947
1.2035179
1.2034857
1.20341
1.2035896
1.2030977
1.2029327
1.2032165
1.2034211
1.2031192
1.2033439
1.2031952
1.2026738
1.201842
1.2024021
1.2019652
1.2017895
1.2022676
1.2014415
1.2007417
1.2008445
1.2006333
1.2013929
1.2006543
1.2010531
1.201059
1.2031051
1.2031616
1.2028204
1.2024172
1.2031829
1.2027511
1.2027798
1.2021707
1.2016701
1.2018659
1.2010232
1.2014812
1.2014863
1.2009535
1.2018633
1.2030341
1.2042203
1.2009776
1.199077
1.1990563
1.2005426
1.2019669
1.20245
1.2020441
1.2010136
1.2010242
1.2012002
1.2013386
1.1738316
1.1794189
1.1922712
1.1888411
1.1896426
1.179303
1.17364
1.2016286
1.201267
1.2013716
1.2013793
1.2014979
1.2016456
1.201279
1.1899863
1.1944304
1.1768393
1.1940184
1.1894678
1.1984849
1.1985817
1.2013415
1.2010477
1.2010869
1.2012119
1.2011267
1.2013862
1.2011044
1.2017933
1.2014633
1.2013887
1.2014903
1.2021475
1.2017182
1.2018523
1.2012239
1.2010029
1.2012689
1.2007688
1.2010567
1.2009578
1.2007392
1.2001678
1.199815
1.1999897
1.1999383
1.1994123
1.1991353
1.1998699
1.2013084
1.2029954
1.2028434
1.2014127
1.2008081
1.201629
1.2008181
1.2043677
1.2041235
1.2042925
1.2042305
1.2042558
1.2043035
1.2040972
1.2020617
1.2018647
1.2029658
1.2037613
1.2023902
1.2032878
1.2030742
1.2044446
1.2044722
1.2044088
1.2042854
1.2043354
1.2043134
1.2043043
1.1745157
1.1983932
1.1851432
1.1972248
1.1820211
1.1943501
1.1761334
1.173708
1.1966737
1.1807325
1.1935728
1.1758359
1.1804627
1.1927987
1.2034266
1.2035405
1.2026519
1.2022131
1.2034559
1.202849
1.2029975
1.1651405
1.1357795
1.1932146
1.1937908
1.1651405
1.2003664
1.1998483
1.2002574
1.2004014
1.2007774
1.20099
1.1999538
1.2004097
1.2010999
1.2026455
1.2013055
1.2017056
1.2012468
1.2012437
1.2018285
1.2008889
1.174501
1.1950743
1.1956173
1.1841353
1.1794658
1.1915424
1.1777049
1.2006708
1.2009083
1.2008294
1.2007472
1.2008548
1.2006167
1.2009674
1.2000207
1.2009233
1.2014687
1.1998375
1.1993438
1.1993459
1.1996823
1.200923
1.20091
1.200906
1.200865
1.2009321
1.20102
1.2008702
1.2018299
1.2013842
1.2015172
1.2016264
1.2016767
1.2019039
1.201483
1.2011216
1.2008417
1.2010028
1.2013837
1.2012577
1.2014952
1.201215
1.202296
1.2022005
1.2017508
1.2018534
1.2028735
1.2023029
1.2023264
1.2011121
1.2010074
1.2009812
1.2006875
1.2010484
1.2008743
1.200817
1.1711713
1.1947638
1.1533649
1.1961533
1.177248
1.2009909
1.2000885
1.2002099
1.2005278
1.2020386
1.2003927
1.1998777
1.1996945
1.2002846
1.2010664
1.2012746
1.201458
1.2008474
1.2007106
1.2008145
1.2006378
1.2004634
1.201267
1.200851
1.2001569
1.2001307
1.2003769
1.199973
1.2003306
1.1993197
1.1998618
1.2001476
1.1996824
1.2003283
1.1993989
1.2005379
1.2007247
1.2004133
1.2007055
1.2012462
1.2012497
1.200816
1.2005404
1.2022401
1.201687
1.2006011
1.200172
1.2002543
1.2008445
1.2022233
1.2042987
1.203819
1.2009363
1.1995873
1.1997735
1.2013482
1.2005123
1.2009945
1.2010925
1.2006876
1.2006584
1.2008294
1.2004605
1.1985903
1.199561
1.1989445
1.198431
1.1986226
1.1979923
1.199077
1.1966102
1.1968197
1.1968239
1.1973697
1.1960639
1.1965779
1.1973708
1.2002527
1.2001619
1.1997883
1.1997996
1.2006294
1.2002209
1.200231
1.2019332
1.2015035
1.2019645
1.2023348
1.2019692
1.2022937
1.2019397
1.2014351
1.2012448
1.2018716
1.2022543
1.2014494
1.2019759
1.2017605
1.2022604
1.2026414
1.2023117
1.2026495
1.2028493
1.2029356
1.2025907
1.2002539
1.2001872
1.1999587
1.1998122
1.2001254
1.1999117
1.200065
1.183094
1.159037
1.1965523
1.1966694
1.1850511
1.2016187
1.2014877
1.1999861
1.1995421
1.1996488
1.1993456
1.1991539
1.1991529
1.1994325
1.2002892
1.2000142
1.1999263
1.1999612
1.2004782
1.2000667
1.2003473
1.215633
1.2095337
1.2156449
1.2140267
1.2132543
1.2111692
1.2157297
1.2035809
1.2039694
1.2062161
1.2053575
1.1972163
1.1989557
1.2035665
1.1982711
1.1748641
1.2068659
1.2150787
1.2107735
1.206527
1.21767
1.1784001
1.1603873
1.164969
1.1727933
1.1875263
1.1811667
1.1709428
1.2013289
1.190149
1.1937668
1.1900194
1.1925948
1.1977844
1.1867733
1.136646
1.1085487
1.1414383
1.1780308
1.2083171
1.193253
1.183319
0.86584766
0.92804302
0.92858836
0.92487115
0.89601326
0.89741176
0.88842983
1.1959177
1.2027471
1.2146025
1.2072779
1.2001272
1.2014867
1.2055438
1.2013866
1.2032828
1.2040091
1.2038493
1.2015447
1.2009889
1.2028335
1.208451
1.216257
1.2188657
1.2171002
1.2222028
1.2192733
1.221364
0.86346151
0.90819657
0.91930576
0.93791214
0.90647991
0.88242021
0.88431544
1.1464899
1.1472923
1.1443312
1.1973016
1.1733097
1.1736882
1.1945633
1.1974885
1.1935053
1.197022
1.1985597
1.1942582
1.1960075
1.1910142
1.1694159
1.1550513
1.1572623
1.2091174
1.212058
1.2043403
1.2152271
1.1610163
1.1873583
1.1622938
1.2170282
1.1992249
1.2036951
1.2075609
1.2048575
1.2017014
1.2020495
1.2095996
1.2022548
1.2024785
1.2057525
1.2152246
1.2113914
1.1943524
1.2241748
1.2264871
1.2267599
1.2226476
1.207847
1.2061039
1.2117532
1.2130895
1.2095056
1.2093626
1.212724
1.2016952
1.2032236
1.2011209
1.2068063
1.1991088
1.1993329
1.2039946
1.2108047
1.1783802
1.2057103
1.2200713
1.2194876
1.2205015
1.2202432
1.1909652
1.196966
1.1846423
1.197801
1.1868636
1.1985402
1.1888717
1.2025783
1.2036927
1.203161
1.2030283
1.2026772
1.2027465
1.2033201
1.2043905
1.2044448
1.2044166
1.2044443
1.2043901
1.2044273
1.2044434
1.2045187
1.2045263
1.2044797
1.2045142
1.2044846
1.2044869
1.2045212
1.2037177
1.2037296
1.2038551
1.2037287
1.2036106
1.2036543
1.2037682
1.2034937
1.203565
1.2034558
1.2034815
1.2035534
1.2035687
1.2035619
1.2043466
1.2044394
1.2043244
1.204423
1.204313
1.2043828
1.2043999
1.204236
1.204284
1.204237
1.2042206
1.2043072
1.2043032
1.2042934
1.204334
1.2043452
1.204275
1.2044196
1.204425
1.204467
1.2043498
1.2040159
1.204493
1.2045596
1.2045124
1.204414
1.2046762
1.2047345
1.2031385
1.2033615
1.203222
1.2033689
1.203181
1.2034058
1.203416
1.2008056
1.1999313
1.200307
1.2005405
1.2002834
1.1999524
1.1998661
1.2012444
1.1989628
1.1989084
1.1998282
1.2000686
1.1994283
1.1988058
1.2008493
1.1996495
1.2008284
1.2009409
1.2004155
1.2006467
1.2004524
1.2001675
1.2004185
1.2000054
1.2001919
1.200599
1.2004307
1.2002783
1.19946
1.1974056
1.1987571
1.2006601
1.1980292
1.1995721
1.1978158
1.2006667
1.2000937
1.199449
1.2003567
1.1996933
1.1997915
1.1995938
1.2006934
1.2005029
1.2010553
1.2010754
1.20057
1.200919
1.2008684
1.2004155
1.2004086
1.2004996
1.2007029
1.2005871
1.2008992
1.2007152
1.1999163
1.2010475
1.199742
1.2000946
1.1992189
1.1991491
1.1997847
1.2007154
1.1978271
1.1995976
1.1979397
1.2008416
1.1988582
1.1983802
1.196996
1.1984737
1.1965878
1.1979664
1.1981265
1.198685
1.1977487
1.1994946
1.1995641
1.1993432
1.1998295
1.1996899
1.2000116
1.1996132
1.1925645
1.2044522
1.2025073
1.203987
1.2040684
1.2014784
1.2046673
1.1904861
1.2037774
1.2010817
1.2035145
1.2034674
1.1992204
1.2045431
1.1884495
1.2032535
1.2002569
1.2030047
1.2022873
1.1964826
1.204181
1.1939591
1.1981189
1.1991779
1.1974446
1.1985034
1.2003623
1.2006729
1.1881038
1.2033618
1.2001356
1.2028605
1.2029407
1.1985919
1.2044737
1.1897851
1.2038427
1.2013999
1.2034709
1.2031094
1.1986465
1.2042362
1.1880693
1.2033594
1.2007191
1.2032686
1.2021692
1.1963856
1.2041077
1.1964999
1.2017902
1.200975
1.2011121
1.200131
1.201852
1.2024457
1.1852857
1.2007992
1.1974298
1.2008833
1.2014465
1.1946788
1.2025613
1.1901332
1.2032123
1.2002118
1.2025555
1.2026265
1.1985912
1.2036768
1.1904823
1.2028961
1.2003944
1.2024788
1.2024781
1.1991877
1.2035191
1.1865408
1.2019958
1.1990526
1.2016777
1.2009922
1.1952873
1.2029108
1.1472272
1.1941612
1.1849507
1.1913858
1.1870605
1.1699025
1.1964635
1.1512496
1.1913719
1.1810824
1.1848528
1.1864427
1.1704744
1.191981
1.1224214
1.181029
1.1643567
1.1730058
1.1749826
1.1450799
1.1864893
1.1166919
1.1989763
1.1703732
1.1806414
1.1884341
1.1385412
1.2030358
1.0632706
1.1384557
1.1015784
1.1468276
1.1424986
1.1123788
1.16173
1.1512846
1.194426
1.1862053
1.192119
1.1894591
1.1743481
1.1968139
1.0920017
1.1577296
1.1331224
1.1720297
1.165475
1.1439012
1.1793471
1.116497
1.1808636
1.1581415
1.1809046
1.1807072
1.1545061
1.190308
1.1621435
1.1986983
1.1888043
1.1968564
1.1856136
1.2017795
1.2023137
1.0271852
1.0975946
1.1003114
1.0768991
1.0849929
1.1243366
1.1349872
1.2047369
1.2046427
1.2045354
1.2047598
1.2047556
1.2048709
1.204738
1.2047279
1.2046662
1.2047218
1.2048355
1.2047735
1.2049012
1.2047887
1.1973174
1.2043571
1.20365
1.2039763
1.2026973
1.20438
1.2044071
1.1958983
1.2040757
1.2031514
1.2038988
1.2025326
1.2044828
1.2047751
1.1804833
1.1896247
1.1952745
1.1881111
1.1932646
1.1970464
1.1986418
1.0899552
1.1613679
1.129864
1.1619131
1.1327798
1.159851
1.174516
1.1012219
1.1789771
1.1433831
1.1730357
1.1387086
1.1661593
1.1859591
1.1136846
1.1828424
1.1586893
1.1814233
1.1559989
1.1827262
1.191745
1.1117703
1.1685428
1.1475921
1.172329
1.1521814
1.1739207
1.1802448
1.197158
1.1956839
1.1889812
1.2001646
1.1991877
1.2012114
1.2030223
1.2034043
1.2022649
1.197549
1.2042047
1.2037236
1.2043297
1.2047706
1.1847921
1.1876438
1.170019
1.1878443
1.190873
1.19634
1.197079
1.1966048
1.2037359
1.2028106
1.2047183
1.2042001
1.2047335
1.2055004
1.1908524
1.1994948
1.1983485
1.201898
1.2010186
1.2031657
1.2039878
1.1888523
1.1944986
1.1944511
1.1996968
1.2001595
1.2013085
1.2032919
1.2023981
1.1950117
1.2009874
1.2036918
1.2029012
1.204184
1.2047178
1.1941433
1.1878647
1.1949476
1.1998841
1.2000166
1.2020204
1.203483
1.2003339
1.1922362
1.1979261
1.2015314
1.199835
1.2025254
1.2031152
1.1890869
1.1830845
1.1876913
1.1947076
1.1941665
1.1965267
1.1987688
1.200356
1.2015689
1.1932572
1.2029346
1.2020973
1.2039792
1.2041944
1.1990773
1.2005269
1.1924532
1.2022702
1.2015506
1.2030842
1.2039384
1.188195
1.1935301
1.1939785
1.1987581
1.1993521
1.2008034
1.2027755
1.1565376
1.111027
1.1372582
1.165011
1.1510552
1.1804759
1.1819867
1.1564367
1.1258631
1.1471838
1.1737429
1.1700939
1.1871036
1.1942313
1.1890292
1.1889095
1.1747268
1.1922033
1.1925828
1.1984726
1.2001883
1.1251051
1.1352385
1.1230092
1.165519
1.1615825
1.1632652
1.1810658
1.1099309
1.1452189
1.1312813
1.160625
1.1525706
1.1759853
1.1825907
1.1767162
1.1800325
1.1590913
1.1836899
1.1803785
1.1916139
1.1927018
1.1478547
1.157899
1.1286517
1.1748616
1.1723892
1.1848319
1.1919965
1.1194568
1.14593
1.1321388
1.1652223
1.1573768
1.172269
1.1818911
1.1702369
1.184787
1.1871279
1.1887308
1.1909733
1.1963097
1.1975123
1.1097882
1.1546765
1.1406642
1.165648
1.1532976
1.1809497
1.184419
1.1161266
1.1485456
1.1333812
1.1654639
1.1570926
1.1769364
1.1841141
1.1967541
1.2014586
1.2007457
1.2009085
1.1999966
1.2018762
1.2022827
1.1691184
1.1975972
1.1919726
1.1964964
1.1885261
1.2003451
1.2005966
1.2050934
1.2049133
1.2049762
1.2046141
1.2047062
1.2046373
1.2046936
1.2048911
1.2049562
1.2048443
1.2046401
1.2044852
1.2046693
1.2046188
1.2049848
1.2050449
1.2049629
1.2046596
1.2046515
1.2046597
1.2046858
1.205199
1.2052325
1.2051372
1.204879
1.2048364
1.2049046
1.2047936
1.2049315
1.2047781
1.2048685
1.2045317
1.2046367
1.204427
1.2045834
1.2049788
1.2047808
1.2047627
1.204748
1.2046495
1.2044727
1.2044843
1.204529
1.2048186
1.2046287
1.2042571
1.2040758
1.2043617
1.2041575
1.2041838
1.2044014
1.204233
1.2039778
1.2039761
1.2040197
1.2039703
1.2046101
1.2049633
1.2046785
1.2045704
1.2046944
1.2046094
1.2046968
1.2041698
1.2041788
1.2042911
1.2041675
1.2041359
1.2041766
1.2042775
1.2036897
1.203836
1.2037491
1.203929
1.2037957
1.2039025
1.2038165
1.2041884
1.2041003
1.2041459
1.2040739
1.2040526
1.2041043
1.2040358
1.204461
1.2041162
1.2043386
1.2043155
1.2042273
1.2044483
1.204073
1.2040236
1.2038779
1.203937
1.2039425
1.2038604
1.2038916
1.2039284
1.2041889
1.2039412
1.2039593
1.2041161
1.2041352
1.2039443
1.2038746
1.203982
1.2039451
1.2040848
1.2031333
1.2033331
1.2030617
1.203377
1.203655
1.203744
1.203677
1.2029104
1.2029222
1.2028995
1.2029093
1.203461
1.2035228
1.203515
1.2025311
1.2022849
1.2022098
1.2021391
1.2037413
1.2034179
1.2034165
1.2021881
1.2026013
1.2026004
1.2024498
1.2017345
1.2006501
1.2007139
1.1995437
1.200499
1.2003448
1.1997965
1.201492
1.202071
1.2014735
1.1996999
1.2003097
1.199897
1.2001739
1.1981516
1.1990071
1.1977644
1.199124
1.198119
1.1983594
1.198844
1.195481
1.1957109
1.1961744
1.1929853
1.1929136
1.1928508
1.1929034
1.1970822
1.196981
1.1977045
1.1936499
1.1946288
1.1935551
1.1947367
1.1950049
1.194296
1.1953279
1.1914479
1.1921621
1.1910478
1.1916099
1.1969031
1.1983185
1.1972686
1.19416
1.1940257
1.1951107
1.1942553
1.1968238
1.1957141
1.1967463
1.1920998
1.1927723
1.192384
1.1928617
1.1976504
1.1977733
1.1973627
1.1948865
1.1947438
1.1948277
1.1949034
1.1973362
1.195743
1.1964067
1.1932273
1.1940228
1.1930338
1.1935537
1.1979324
1.1975445
1.1978722
1.1938073
1.194271
1.1940085
1.1946408
1.2045781
1.2045881
1.2045357
1.204568
1.204651
1.2046044
1.2046323
1.2046813
1.2050288
1.2045508
1.2047309
1.2051326
1.2048994
1.2050032
1.2045289
1.2045578
1.2045596
1.2046577
1.2046252
1.2046505
1.2046444
1.2044357
1.2044144
1.2044183
1.2044561
1.2044427
1.2044846
1.2044406
1.2039139
1.203853
1.2039175
1.204141
1.2039875
1.2041006
1.2040104
1.2041395
1.2042454
1.2042393
1.2042114
1.204204
1.2043212
1.2041281
1.2040031
1.2037407
1.2038251
1.2039182
1.2040156
1.2040248
1.2038463
1.2044423
1.2043219
1.2043244
1.2043789
1.2044589
1.2045046
1.2043753
1.204065
1.2039488
1.2037937
1.2039791
1.2041669
1.2041096
1.2040553
1.2035298
1.2021677
1.2029418
1.2035016
1.2029521
1.2036865
1.2027754
1.2023671
1.2014244
1.2018812
1.2024685
1.2021402
1.2029201
1.2016659
1.2023849
1.2018373
1.2021616
1.2023984
1.2021841
1.2025502
1.2019606
1.2014363
1.1997398
1.2005735
1.2012648
1.2010434
1.2017799
1.2003486
1.2013174
1.2007924
1.2008407
1.200292
1.2005873
1.20067
1.2002846
1.2003691
1.2006726
1.2003177
1.1999913
1.200112
1.1998746
1.2001888
1.2012379
1.201102
1.2009398
1.2003881
1.2007536
1.2006832
1.2004776
1.200245
1.1993128
1.199608
1.1994258
1.1997195
1.1998923
1.1992259
1.2000948
1.2004396
1.199648
1.1995927
1.2000773
1.199699
1.1998884
1.2000017
1.200215
1.1998364
1.1993829
1.1997486
1.1992863
1.1997941
1.2042808
1.2044331
1.2043467
1.2043186
1.2042269
1.204265
1.2043716
1.2041678
1.2042641
1.2041904
1.2042451
1.2041324
1.2042029
1.2042388
1.2026165
1.2040595
1.20373
1.2032334
1.2027382
1.2030718
1.2040563
1.2044082
1.2044447
1.2044165
1.2044311
1.2043871
1.2044077
1.2044374
1.2041856
1.2044397
1.2041711
1.2040712
1.2043524
1.2042913
1.2043801
1.204399
1.2045059
1.2044395
1.2044605
1.2043833
1.2044316
1.2044809
1.2043847
1.2044566
1.2043655
1.2044602
1.2043461
1.2044217
1.2044363
1.2037431
1.2037569
1.2039221
1.2037746
1.2036209
1.2036965
1.2038429
1.2036132
1.203645
1.2035877
1.203643
1.2036423
1.2037116
1.203694
1.2034104
1.2034584
1.2035237
1.203509
1.2036091
1.2036781
1.203614
1.2004347
1.1993416
1.2011303
1.2018303
1.1991682
1.2002416
1.1999135
1.1980261
1.1982991
1.1984792
1.1988526
1.1986198
1.1991919
1.1987303
1.2002378
1.2000837
1.2004526
1.2001479
1.1996403
1.1996877
1.2000701
1.2007332
1.2010373
1.20092
1.2006139
1.2011394
1.2006222
1.2005872
1.1999329
1.1994688
1.1992355
1.1991514
1.199286
1.1988269
1.1990145
1.1785176
1.1965357
1.183397
1.1981474
1.1789988
1.1950157
1.1928974
1.1923926
1.1966913
1.1995653
1.1966745
1.1953838
1.1949781
1.1962011
1.2034152
1.1998953
1.1994919
1.2030548
1.201467
1.2003909
1.1994487
1.2027375
1.198636
1.1974072
1.2020072
1.2001633
1.1985581
1.1972286
1.1889937
1.2012922
1.195825
1.2025355
1.197818
1.204377
1.200341
1.2041717
1.2044024
1.204135
1.2041152
1.2044298
1.2042755
1.2042727
1.2047796
1.2047502
1.2045925
1.2045766
1.2048614
1.2046266
1.2047151
1.1993726
1.1985455
1.2002506
1.1982031
1.192948
1.1949413
1.1984232
1.2017154
1.2013635
1.2017889
1.1987131
1.201375
1.1995546
1.2014348
1.2046165
1.2046033
1.2046475
1.2046793
1.2047079
1.2046621
1.2047844
1.2049196
1.2044889
1.2044173
1.2047051
1.2046093
1.2043436
1.2044899
1.2045986
1.2046839
1.2049001
1.2044423
1.2045662
1.2047058
1.2044539
1.2038436
1.2039871
1.2039032
1.2039911
1.2037966
1.2039976
1.2039444
1.199916
1.2005243
1.1978833
1.2015172
1.1993421
1.1993683
1.2001671
1.2004364
1.2001641
1.1997279
1.2007326
1.2000678
1.1998724
1.2002493
1.2008056
1.2002632
1.1995144
1.2009881
1.2002722
1.1999991
1.2004211
1.2040179
1.2041876
1.2040643
1.2040548
1.2040666
1.2039917
1.2041743
1.2043927
1.2045024
1.2044241
1.2045011
1.2045355
1.2044626
1.2045932
1.2046284
1.2045311
1.2046587
1.204858
1.2046945
1.2048738
1.2048315
1.2046135
1.2045765
1.2045669
1.2046139
1.2047246
1.2046922
1.2045802
1.2043249
1.2043416
1.204359
1.2044466
1.2043704
1.2044049
1.2044312
1.2042872
1.2042048
1.2042136
1.2043354
1.2043645
1.2043777
1.2043413
1.2042515
1.2041385
1.2042202
1.20426
1.2042004
1.2043002
1.2041368
1.2036714
1.2037479
1.2036013
1.2038303
1.203854
1.2037715
1.203953
1.2045294
1.204544
1.2044593
1.2044874
1.2046449
1.204571
1.2045665
1.2041962
1.2040919
1.2041333
1.2040871
1.2040904
1.2041304
1.2040525
1.2044067
1.2037578
1.2039193
1.2043294
1.2043229
1.204543
1.2041728
1.2039867
1.2039645
1.2039996
1.2040499
1.2040626
1.2040613
1.2040733
1.2039448
1.2030496
1.2038455
1.2037115
1.2030549
1.2037836
1.202984
1.2030668
1.2008894
1.2017687
1.2025289
1.2021818
1.203275
1.2015049
1.2019662
1.2012092
1.2015591
1.2023181
1.2020165
1.2024608
1.2018312
1.2021801
1.2009375
1.2019906
1.2018719
1.2015785
1.2023136
1.2008623
1.1976482
1.1962178
1.1970571
1.1978774
1.1974032
1.1981376
1.1969342
1.1989772
1.1977661
1.1984802
1.1992211
1.1989795
1.1995338
1.198532
1.1968533
1.1961234
1.1956421
1.1978483
1.1975581
1.1981689
1.1971496
1.1990416
1.1979234
1.1986111
1.1994274
1.1990252
1.1994968
1.1987097
1.1989517
1.1973319
1.1984517
1.1991909
1.1985811
1.1994986
1.1981503
1.1980865
1.19816
1.1985576
1.1992137
1.1990298
1.198793
1.1989593
1.1987391
1.1980037
1.1981585
1.199188
1.1988489
1.1993273
1.1986731
1.1977094
1.1970643
1.1975999
1.1989048
1.1988043
1.1985764
1.1986821
1.1988618
1.1971624
1.2033909
1.203472
1.1976422
1.198358
1.2035397
)
;

boundaryField
{
    sides
    {
        type            calculated;
        value           nonuniform List<scalar> 
800
(
1.2108647
1.2108592
1.2108536
1.2108481
1.2108426
1.2108371
1.2108316
1.2108261
1.2108206
1.2108152
1.2108098
1.2108045
1.2107992
1.210794
1.2107886
1.2108647
1.2108592
1.2108536
1.2108481
1.2108426
1.2108371
1.2108316
1.210826
1.2108206
1.2108152
1.2108098
1.2108045
1.2107992
1.2107939
1.2107886
1.2108647
1.2108592
1.2108536
1.2108481
1.2108426
1.2108371
1.2108316
1.2108261
1.2108206
1.2108152
1.2108098
1.2108045
1.2107992
1.2107939
1.2107886
1.2108647
1.2108592
1.2108536
1.2108481
1.2108426
1.2108371
1.2108316
1.2108261
1.2108206
1.2108152
1.2108098
1.2108044
1.2107992
1.2107939
1.2107886
1.2108647
1.2108592
1.2108536
1.2108481
1.2108426
1.2108371
1.2108316
1.2108261
1.2108206
1.2108152
1.2108098
1.2108044
1.2107992
1.2107938
1.2107887
1.2108647
1.2108592
1.2108536
1.2108481
1.2108426
1.2108371
1.2108316
1.2108261
1.2108206
1.2108152
1.2108098
1.2108044
1.2107992
1.2107938
1.2107887
1.2108647
1.2108592
1.2108536
1.2108481
1.2108426
1.2108371
1.2108316
1.2108261
1.2108206
1.2108152
1.2108098
1.2108044
1.2107992
1.2107939
1.2107886
1.2108647
1.2108592
1.2108536
1.2108481
1.2108426
1.2108371
1.2108316
1.2108261
1.2108206
1.2108152
1.2108098
1.2108045
1.2107992
1.2107939
1.2107886
1.2108647
1.2108592
1.2108536
1.2108481
1.2108426
1.2108371
1.2108316
1.2108261
1.2108206
1.2108152
1.2108098
1.2108044
1.2107992
1.2107939
1.2107886
1.2108647
1.2108592
1.2108536
1.2108481
1.2108426
1.2108371
1.2108316
1.2108261
1.2108206
1.2108152
1.2108098
1.2108045
1.2107992
1.2107939
1.2107886
1.2108647
1.2108647
1.2108647
1.2108647
1.2108647
1.2108647
1.2108647
1.2108647
1.2108647
1.2108647
1.2108592
1.2108592
1.2108592
1.2108592
1.2108592
1.2108592
1.2108592
1.2108592
1.2108592
1.2108592
1.2108536
1.2108536
1.2108536
1.2108536
1.2108536
1.2108536
1.2108536
1.2108536
1.2108536
1.2108536
1.2108481
1.2108481
1.2108481
1.2108481
1.2108481
1.2108481
1.2108481
1.2108481
1.2108481
1.2108481
1.2108426
1.2108426
1.2108426
1.2108426
1.2108426
1.2108426
1.2108426
1.2108426
1.2108426
1.2108426
1.2108371
1.2108371
1.2108371
1.2108371
1.2108371
1.2108371
1.2108371
1.2108371
1.2108371
1.2108371
1.2108316
1.2108316
1.2108316
1.2108316
1.2108316
1.2108316
1.2108316
1.2108316
1.2108316
1.2108316
1.2108261
1.2108261
1.2108261
1.2108261
1.2108261
1.2108261
1.2108261
1.2108261
1.2108261
1.2108261
1.2108206
1.2108206
1.2108206
1.2108206
1.2108206
1.2108206
1.2108206
1.2108206
1.2108206
1.2108206
1.2108152
1.2108152
1.2108152
1.2108152
1.2108152
1.2108152
1.2108152
1.2108152
1.2108152
1.2108152
1.2108098
1.2108098
1.2108098
1.2108098
1.2108098
1.2108098
1.2108098
1.2108098
1.2108098
1.2108098
1.2108045
1.2108045
1.2108044
1.2108044
1.2108044
1.2108044
1.2108044
1.2108044
1.2108044
1.2108045
1.2107992
1.2107992
1.2107992
1.2107992
1.2107992
1.2107992
1.2107992
1.2107992
1.2107992
1.2107992
1.2107939
1.2107939
1.2107939
1.2107939
1.2107939
1.2107938
1.2107939
1.2107939
1.2107939
1.210794
1.2107886
1.2107886
1.2107886
1.2107887
1.2107887
1.2107887
1.2107886
1.2107886
1.2107886
1.2107886
1.2108647
1.2108592
1.2108536
1.2108481
1.2108426
1.2108371
1.2108316
1.2108261
1.2108206
1.2108152
1.2108098
1.2108045
1.2107992
1.2107939
1.2107886
1.2108647
1.2108592
1.2108536
1.2108481
1.2108426
1.2108371
1.2108316
1.2108261
1.2108206
1.2108152
1.2108098
1.2108045
1.2107992
1.2107939
1.2107886
1.2108647
1.2108592
1.2108536
1.2108481
1.2108426
1.2108371
1.2108316
1.2108261
1.2108206
1.2108152
1.2108098
1.2108044
1.2107992
1.2107939
1.2107886
1.2108647
1.2108592
1.2108536
1.2108481
1.2108426
1.2108371
1.2108316
1.2108261
1.2108206
1.2108152
1.2108098
1.2108044
1.2107992
1.2107939
1.2107886
1.2108647
1.2108592
1.2108536
1.2108481
1.2108426
1.2108371
1.2108316
1.2108261
1.2108206
1.2108152
1.2108098
1.2108044
1.2107992
1.2107939
1.2107887
1.2108647
1.2108592
1.2108536
1.2108481
1.2108426
1.2108371
1.2108316
1.2108261
1.2108206
1.2108152
1.2108098
1.2108044
1.2107992
1.2107939
1.2107888
1.2108647
1.2108592
1.2108536
1.2108481
1.2108426
1.2108371
1.2108316
1.2108261
1.2108206
1.2108152
1.2108098
1.2108044
1.2107992
1.2107939
1.2107887
1.2108647
1.2108592
1.2108536
1.2108481
1.2108426
1.2108371
1.2108316
1.2108261
1.2108206
1.2108152
1.2108098
1.2108044
1.2107992
1.2107939
1.2107886
1.2108647
1.2108592
1.2108536
1.2108481
1.2108426
1.2108371
1.2108316
1.2108261
1.2108206
1.2108152
1.2108098
1.2108044
1.2107992
1.2107939
1.2107886
1.2108647
1.2108592
1.2108536
1.2108481
1.2108426
1.2108371
1.2108316
1.2108261
1.2108206
1.2108152
1.2108098
1.2108045
1.2107992
1.210794
1.2107886
1.2108647
1.2108647
1.2108647
1.2108647
1.2108647
1.2108647
1.2108647
1.2108647
1.2108647
1.2108647
1.2108592
1.2108592
1.2108592
1.2108592
1.2108592
1.2108592
1.2108592
1.2108592
1.2108592
1.2108592
1.2108536
1.2108536
1.2108536
1.2108536
1.2108536
1.2108536
1.2108536
1.2108536
1.2108536
1.2108536
1.2108481
1.2108481
1.2108481
1.2108481
1.2108481
1.2108481
1.2108481
1.2108481
1.2108481
1.2108481
1.2108426
1.2108426
1.2108426
1.2108426
1.2108426
1.2108426
1.2108426
1.2108426
1.2108426
1.2108426
1.2108371
1.2108371
1.2108371
1.2108371
1.2108371
1.2108371
1.2108371
1.2108371
1.2108371
1.2108371
1.2108316
1.2108316
1.2108316
1.2108316
1.2108316
1.2108316
1.2108316
1.2108316
1.2108316
1.2108316
1.2108261
1.2108261
1.2108261
1.2108261
1.2108261
1.2108261
1.2108261
1.2108261
1.2108261
1.2108261
1.2108206
1.2108206
1.2108206
1.2108206
1.2108206
1.2108206
1.2108206
1.2108206
1.2108206
1.2108206
1.2108152
1.2108152
1.2108152
1.2108152
1.2108152
1.2108152
1.2108152
1.2108152
1.2108152
1.2108152
1.2108098
1.2108098
1.2108098
1.2108098
1.2108098
1.2108098
1.2108098
1.2108098
1.2108098
1.2108098
1.2108045
1.2108045
1.2108044
1.2108044
1.2108044
1.2108044
1.2108044
1.2108044
1.2108044
1.2108045
1.2107992
1.2107992
1.2107992
1.2107992
1.2107992
1.2107992
1.2107992
1.2107992
1.2107992
1.2107992
1.210794
1.2107939
1.2107939
1.2107939
1.2107938
1.2107939
1.2107939
1.2107939
1.2107939
1.2107939
1.2107886
1.2107886
1.2107886
1.2107887
1.2107887
1.2107887
1.2107886
1.2107886
1.2107886
1.2107886
1.2108675
1.2108675
1.2108675
1.2108675
1.2108675
1.2108675
1.2108675
1.2108675
1.2108675
1.2108675
1.2108675
1.2108675
1.2108675
1.2108675
1.2108675
1.2108675
1.2108675
1.2108675
1.2108675
1.2108675
1.2108675
1.2108675
1.2108675
1.2108675
1.2108675
1.2108675
1.2108675
1.2108675
1.2108675
1.2108675
1.2108675
1.2108675
1.2108675
1.2108675
1.2108675
1.2108675
1.2108675
1.2108675
1.2108675
1.2108675
1.2108675
1.2108675
1.2108675
1.2108675
1.2108675
1.2108675
1.2108675
1.2108675
1.2108675
1.2108675
1.2108675
1.2108675
1.2108675
1.2108675
1.2108675
1.2108675
1.2108675
1.2108675
1.2108675
1.2108675
1.2108675
1.2108675
1.2108675
1.2108675
1.2108675
1.2108675
1.2108675
1.2108675
1.2108675
1.2108675
1.2108675
1.2108675
1.2108675
1.2108675
1.2108675
1.2108675
1.2108675
1.2108675
1.2108675
1.2108675
1.2108675
1.2108675
1.2108675
1.2108675
1.2108675
1.2108675
1.2108675
1.2108675
1.2108675
1.2108675
1.2108675
1.2108675
1.2108675
1.2108675
1.2108675
1.2108675
1.2108675
1.2108675
1.2108675
1.2108675
1.2107858
1.2107859
1.2107859
1.210786
1.210786
1.210786
1.2107859
1.2107859
1.2107859
1.2107858
1.2107859
1.210786
1.210786
1.210786
1.210786
1.210786
1.210786
1.210786
1.210786
1.2107859
1.2107859
1.210786
1.210786
1.210786
1.210786
1.210786
1.210786
1.210786
1.210786
1.2107859
1.2107859
1.210786
1.210786
1.210786
1.210786
1.210786
1.210786
1.210786
1.210786
1.210786
1.210786
1.210786
1.210786
1.210786
1.2107862
1.2107864
1.210786
1.210786
1.2107861
1.2107861
1.210786
1.2107861
1.210786
1.210786
1.2107865
1.2107864
1.210786
1.210786
1.2107861
1.2107861
1.2107859
1.210786
1.210786
1.210786
1.210786
1.210786
1.210786
1.210786
1.210786
1.210786
1.2107859
1.2107861
1.210786
1.210786
1.210786
1.210786
1.2107861
1.210786
1.210786
1.2107859
1.2107859
1.210786
1.210786
1.210786
1.2107861
1.2107861
1.210786
1.210786
1.210786
1.2107859
1.2107859
1.2107859
1.2107859
1.210786
1.2107861
1.2107861
1.210786
1.2107859
1.2107859
1.2107859
)
;
    }
    domain0_to_potato
    {
        type            calculated;
        value           nonuniform List<scalar> 
4872
(
0.80995774
0.80814752
0.80814478
0.80815635
0.80818367
0.79732925
0.80997537
0.80993351
0.80999954
0.80851653
0.80851282
0.80832358
0.80857246
0.80853319
0.80853971
0.80852788
0.80856514
0.808144
0.80794069
0.79734386
0.80819213
0.79732352
0.80815131
0.79736117
0.80914464
0.80988654
0.80949022
0.81020554
0.81010395
0.80789743
0.80783994
0.80700586
0.80800293
0.80899669
0.80775366
0.80746664
0.80675083
0.80767477
0.80930684
0.80754589
0.80673824
0.80772571
0.80692092
0.79826663
0.79833131
0.80943858
0.80956507
0.80921355
0.8093793
0.809501
0.80942572
0.80784396
0.80803087
0.80782739
0.80802154
0.80783409
0.8079495
0.81039439
0.81032199
0.81015495
0.8073489
0.80789539
0.80751863
0.80738797
0.80775304
0.80737704
0.80992627
0.81009302
0.80998967
0.80741985
0.80782265
0.80746241
0.80783668
0.80740988
0.80797031
0.8077824
0.8076594
0.80795404
0.8079334
0.81026436
0.81020793
0.81014747
0.80750497
0.80780947
0.80772139
0.80788379
0.80741141
0.80798597
0.80786811
0.80760886
0.80778629
0.80734378
0.80774181
0.80753074
0.80744686
0.807836
0.80729206
0.80777855
0.80765556
0.80720463
0.80805324
0.80694671
0.80784401
0.80674038
0.80791529
0.8078557
0.80949056
0.80779938
0.8075855
0.80932241
0.7982988
0.79844007
0.79843337
0.79852021
0.79882257
0.80791298
0.80779254
0.80673914
0.80755498
0.80932839
0.79825109
0.79832166
0.79836906
0.79849953
0.79912009
0.80782458
0.80771506
0.80698268
0.8080058
0.80933749
0.7984993
0.79859834
0.79836774
0.79845352
0.79914954
0.80747369
0.80763262
0.8090129
0.80776401
0.8079557
0.80889621
0.79836412
0.79844015
0.79891993
0.80998061
0.81011696
0.80942817
0.80863874
0.80921363
0.80847607
0.80988941
0.80941507
0.80864875
0.80833061
0.80897596
0.80932659
0.80870214
0.80831268
0.8083412
0.8082915
0.80825407
0.80824071
0.80943207
0.80928698
0.81030837
0.81034263
0.8096466
0.8090285
0.80955813
0.80877302
0.81014001
0.809696
0.80862297
0.80853148
0.80909197
0.8093895
0.8088832
0.80836932
0.80852084
0.80995173
0.80974426
0.80828562
0.80832026
0.80835233
0.80977027
0.80998384
0.81008588
0.81082153
0.80926325
0.81084079
0.80929708
0.80910991
0.80906661
0.80868129
0.81021462
0.81028567
0.80789956
0.80795955
0.8075176
0.80794139
0.80815149
0.80767618
0.80796332
0.80727017
0.80815854
0.80728838
0.80707811
0.80700197
0.80751291
0.80754576
0.80718525
0.80762082
0.80718963
0.80716067
0.8075233
0.80706343
0.80762505
0.80776178
0.80736964
0.80753514
0.80768926
0.80905927
0.80754099
0.80712382
0.80728419
0.80698049
0.80834257
0.80772699
0.80790464
0.80784008
0.8075858
0.8075124
0.80770622
0.80868648
0.80757681
0.80735112
0.80742916
0.80689247
0.80873165
0.80785636
0.81021578
0.81022184
0.80980489
0.80888225
0.80944273
0.80867231
0.81002096
0.80965244
0.80854044
0.8083443
0.80917737
0.80936996
0.80888693
0.80831647
0.80832647
0.80835397
0.80826485
0.80856207
0.8096052
0.80940629
0.8102011
0.81032762
0.80978954
0.80898381
0.80958288
0.80876125
0.81023361
0.80980767
0.80867226
0.80847704
0.80943446
0.80971853
0.80913629
0.80843754
0.80836948
0.80833119
0.80861102
0.80845492
0.80994405
0.8097478
0.81010527
0.81105177
0.80939519
0.81094854
0.80942682
0.8093702
0.80939433
0.80897234
0.81066818
0.81085971
0.80869101
0.80885742
0.80861503
0.80878128
0.80895498
0.80876101
0.80787908
0.80829657
0.80804395
0.80850942
0.80831508
0.80789483
0.80794871
0.80846199
0.80813438
0.80804662
0.8084425
0.80845554
0.80782931
0.80777697
0.80863886
0.8069253
0.80883583
0.80780485
0.80884678
0.80823914
0.80862975
0.80795965
0.80834012
0.80786645
0.80872262
0.80694955
0.8086694
0.80748551
0.80868177
0.80826266
0.80863552
0.8078963
0.80822365
0.80790497
0.80977836
0.81000812
0.81088942
0.80928537
0.81077153
0.80934472
0.80910148
0.80920013
0.81030454
0.80887022
0.81031887
0.81000105
0.80927376
0.80871798
0.80938873
0.8087288
0.81020591
0.80977757
0.8082832
0.80836987
0.80912805
0.80937716
0.80896297
0.80808374
0.80810415
0.80820904
0.80831839
0.80834546
0.80969802
0.80948558
0.8084044
0.80832464
0.80702717
0.80856385
0.80734332
0.80855023
0.80826297
0.80854315
0.80809861
0.8077509
0.80777663
0.80854512
0.80821663
0.80836999
0.808664
0.80842199
0.80723182
0.80811778
0.80776896
0.80844724
0.80792126
0.80757841
0.80767819
0.8082468
0.80781822
0.80780306
0.80785226
0.80788766
0.80760606
0.80764434
0.80846705
0.80697582
0.80874279
0.80771072
0.80874446
0.80828556
0.80857876
0.80842542
0.80783762
0.80786582
0.81000115
0.81022676
0.81102546
0.80940535
0.81097225
0.80941188
0.80939344
0.80939214
0.81025951
0.8088155
0.8104174
0.81032401
0.80965419
0.80905188
0.80955452
0.80881657
0.81015047
0.80982125
0.80879228
0.80839371
0.80930254
0.80967142
0.80905398
0.80848719
0.80833317
0.80979056
0.8096063
0.80833452
0.80823389
0.80833565
0.80887729
0.80872522
0.8071509
0.80888173
0.80773221
0.80879262
0.80838729
0.80874155
0.80832786
0.80782235
0.80796946
0.80892428
0.80871644
0.80878494
0.80880323
0.8085334
0.80805896
0.80862805
0.80761092
0.80832049
0.80856938
0.80828034
0.80811306
0.80828463
0.80791141
0.80794601
0.80809059
0.80828758
0.8076832
0.80765666
0.80875296
0.80699758
0.80872401
0.80761513
0.80872011
0.8083481
0.8086987
0.80839391
0.80812416
0.80782112
0.80999763
0.80945052
0.8087865
0.80926724
0.80843127
0.8101771
0.80967653
0.80845604
0.80833197
0.80924851
0.80949043
0.80891815
0.8082217
0.80818789
0.80967922
0.80941802
0.80793554
0.80792775
0.80803518
0.81027704
0.80957022
0.80854061
0.80926498
0.80844931
0.80992455
0.80950132
0.80848691
0.80820209
0.80921907
0.80947421
0.80890817
0.80816414
0.80815905
0.80976037
0.80950436
0.80815926
0.80815223
0.80814463
0.80859569
0.80856178
0.80702135
0.80852717
0.80738805
0.80850355
0.80824831
0.80853787
0.80809762
0.80761265
0.80761724
0.80822594
0.80835349
0.80679547
0.80843829
0.80738206
0.80844446
0.80808737
0.80844538
0.80770014
0.80759692
0.80772593
0.80871886
0.8084184
0.80875087
0.80834819
0.80769457
0.80826115
0.80765932
0.80814396
0.80815922
0.80786987
0.8077461
0.80812801
0.80784544
0.80774484
0.80818255
0.80818441
0.80782018
0.80781595
0.8080841
0.80776424
0.80777269
0.8079156
0.80878061
0.80799118
0.80766892
0.80776172
0.80866545
0.80714199
0.8079846
0.80794812
0.80774617
0.80776261
0.8078578
0.80848477
0.8078297
0.80743672
0.80746903
0.80868562
0.80719518
0.8079336
0.8071104
0.80716291
0.80503122
0.80555221
0.80462201
0.80710136
0.80705033
0.80342058
0.80327548
0.80643402
0.80690245
0.80631223
0.80534607
0.80487962
0.80499583
0.8045525
0.80351391
0.80332008
0.80330069
0.80724861
0.80710996
0.80498148
0.80557382
0.80473522
0.80723624
0.80706776
0.80371597
0.80353757
0.80646226
0.80683298
0.80622877
0.80521648
0.80456789
0.80460103
0.80419022
0.80397239
0.80373526
0.80368316
0.80482049
0.79883488
0.79961604
0.79876271
0.79977198
0.80392944
0.80406706
0.80264205
0.80303334
0.80010362
0.80803954
0.80752726
0.80802785
0.80817412
0.80773563
0.80798316
0.80732446
0.80828384
0.80722393
0.80706361
0.80709033
0.80736559
0.80741633
0.80695137
0.80740955
0.80698124
0.80716624
0.80747286
0.80714825
0.80796073
0.80770437
0.80766806
0.80766757
0.80867631
0.80769691
0.80745214
0.80749708
0.80882425
0.80751867
0.80706377
0.80694793
0.80685969
0.80522023
0.80579693
0.80488033
0.80637386
0.80649185
0.8032591
0.80304465
0.80610369
0.8065511
0.80584229
0.80477563
0.80420411
0.80453896
0.80409083
0.80360752
0.80347207
0.80340167
0.80492316
0.80521583
0.79856516
0.80002326
0.79881763
0.79998378
0.80410667
0.80412921
0.80284825
0.80276596
0.80051634
0.80709089
0.80719684
0.80586184
0.80494246
0.80634588
0.80656838
0.80341918
0.80332297
0.80594049
0.80660098
0.80591346
0.80496382
0.80465805
0.80481923
0.80445663
0.80366977
0.80343598
0.80348007
0.80815202
0.80764142
0.80768565
0.80783843
0.80731775
0.80800166
0.807526
0.80794318
0.8071731
0.8067445
0.80687319
0.80743198
0.80746094
0.80703568
0.80762193
0.80712429
0.80690871
0.80737872
0.8070744
0.80801622
0.80749111
0.80752146
0.80778121
0.80919424
0.80783846
0.80776097
0.80797128
0.80881227
0.80805341
0.80718625
0.80704539
0.80707999
0.80509511
0.80569622
0.80491028
0.80674032
0.80668391
0.80329194
0.80326313
0.80481584
0.80419617
0.80463702
0.80415612
0.80598371
0.80639894
0.80578902
0.80392707
0.80389638
0.80384704
0.80478243
0.80499145
0.79884831
0.80035277
0.79877376
0.79984179
0.80416102
0.80394263
0.80373123
0.80270557
0.80054677
0.80694956
0.80697594
0.8055217
0.80463186
0.80718094
0.8070286
0.80331554
0.80313232
0.80517829
0.80458083
0.80497983
0.8046395
0.80638192
0.80676125
0.80614492
0.80349258
0.80323503
0.80325407
0.80759218
0.807614
0.80716969
0.80754518
0.80762558
0.8088243
0.80742074
0.80713889
0.80737173
0.80674241
0.80851221
0.8079501
0.80785252
0.80788736
0.80759403
0.80770281
0.80757954
0.80909038
0.80739694
0.807316
0.80737114
0.8067984
0.80847234
0.80761118
0.8080831
0.80740014
0.80813777
0.80763176
0.80817291
0.80722165
0.80819571
0.80727428
0.80662377
0.80678643
0.80747545
0.80753074
0.806978
0.80735581
0.80696807
0.80719261
0.80746433
0.80707635
0.80499669
0.80517059
0.8052561
0.79868322
0.79982182
0.79877936
0.79977899
0.80421164
0.80414176
0.80024558
0.80274612
0.80295505
0.80675553
0.80673454
0.80576515
0.80488183
0.80633281
0.80617849
0.80322663
0.80317491
0.80469806
0.80434563
0.80469296
0.80431521
0.80616432
0.80670409
0.80599908
0.80368444
0.80346437
0.80347907
0.80720767
0.80720948
0.80581514
0.80497371
0.80664124
0.80652077
0.80320619
0.80286941
0.80465617
0.80417481
0.80488538
0.80455184
0.80606546
0.80637037
0.8058408
0.80365069
0.80340635
0.80343102
0.80975998
0.80979514
0.80962397
0.80817741
0.80767425
0.80772359
0.80826833
0.80765329
0.80777227
0.80816512
0.80765513
0.80765555
0.80814911
0.80770121
0.80765467
0.79748046
0.79751394
0.7976619
0.80980929
0.8098713
0.80974796
0.80976279
0.80972529
0.80960953
0.80990007
0.80985737
0.80981723
0.80877203
0.80855744
0.80883771
0.80876553
0.80859095
0.80886829
0.80860115
0.80833837
0.80863089
0.80882208
0.80864326
0.8089516
0.80880451
0.80870338
0.80899919
0.80879676
0.80856316
0.80880289
0.80878252
0.80859069
0.80886816
0.80882688
0.8085706
0.8088049
0.80815909
0.80765682
0.80771321
0.80792254
0.80747267
0.80747772
0.79750866
0.79756069
0.79769157
0.80822677
0.80768894
0.80772678
0.79750224
0.79749721
0.79769964
0.8081358
0.80767105
0.80767487
0.79759953
0.79754495
0.79778278
0.80819008
0.80858919
0.80856159
0.8090482
0.80931338
0.80867591
0.80953408
0.80997099
0.80957831
0.80851871
0.80920921
0.80937527
0.80876289
0.80965684
0.81020528
0.80987534
0.80845667
0.80862058
0.80741117
0.80733107
0.80742452
0.8081357
0.80761103
0.80751944
0.8073024
0.80714594
0.80591634
0.80631429
0.80690903
0.80593534
0.80660359
0.8068787
0.80659045
0.80744041
0.80755739
0.80828122
0.80785752
0.80797969
0.80791812
0.80747126
0.8057672
0.8063225
0.80673062
0.8057121
0.80639741
0.80642973
0.80647792
0.80836393
0.81047702
0.81025474
0.80859649
0.80834485
0.80878696
0.80933953
0.80929486
0.80900408
0.80986256
0.80996174
0.80968611
0.80872729
0.80944043
0.80968793
0.80895679
0.80974786
0.81019033
0.80997126
0.80929886
0.80952462
0.80723425
0.80743923
0.80812089
0.80815243
0.80797523
0.8085379
0.80844737
0.80825856
0.80806251
0.80805406
0.80834637
0.80783216
0.80816137
0.80803177
0.80776822
0.80830401
0.80818955
0.80815219
0.80800886
0.80851373
0.80836321
0.80818654
0.80781373
0.80767112
0.80803851
0.80741945
0.80810471
0.8081922
0.80798831
0.80826931
0.80917578
0.80845903
0.80943935
0.80874821
0.80959235
0.81015358
0.80991874
0.80844573
0.80919032
0.80926548
0.8087126
0.80960531
0.81013036
0.80971234
0.80818819
0.80798848
0.80814321
0.80820339
0.80803932
0.80850589
0.80835901
0.80823528
0.80798589
0.80769597
0.8081003
0.80747033
0.80789121
0.80792148
0.80768898
0.80813242
0.80932323
0.80968049
0.80718419
0.8073629
0.8079038
0.80799839
0.80787417
0.80831181
0.80807031
0.80792623
0.80791839
0.80827929
0.80785227
0.80744289
0.80805525
0.80799482
0.80766656
0.80832121
0.80941321
0.80882939
0.80998006
0.80899148
0.80977664
0.81022348
0.80998904
0.80878049
0.80932717
0.80946241
0.80894448
0.80972342
0.81008331
0.80988625
0.80844758
0.80798805
0.80811179
0.80783278
0.80857474
0.8082891
0.80815179
0.80791265
0.8077245
0.80796888
0.80746748
0.80806273
0.80799279
0.8076941
0.80803267
0.80957793
0.80949586
0.80723915
0.80808337
0.80804314
0.80797003
0.80845331
0.80842773
0.80815169
0.80789064
0.80800462
0.8076846
0.80743874
0.80805074
0.80793711
0.80779125
0.80835684
0.80795857
0.80838562
0.80822563
0.80784949
0.80793395
0.80770858
0.80832443
0.80816215
0.80804794
0.80789858
0.80768251
0.80753464
0.80729612
0.80779176
0.80763512
0.80741439
0.80779708
0.80793636
0.8079159
0.80779168
0.80838994
0.80832418
0.80809768
0.80783336
0.80787124
0.80759084
0.80745017
0.80789045
0.80778302
0.80750578
0.80797764
0.80699989
0.80746656
0.80731986
0.80736042
0.80818765
0.80785176
0.80780047
0.80779883
0.80731613
0.80604181
0.80657694
0.80720942
0.80596257
0.80666822
0.80696218
0.80691042
0.8071044
0.80721171
0.80803404
0.80782734
0.80777203
0.80757921
0.80714078
0.80573623
0.80634587
0.80669353
0.8056752
0.80633487
0.80639278
0.80654628
0.8065305
0.80640385
0.80211905
0.8068184
0.8065031
0.80190079
0.80121079
0.80092726
0.80116027
0.80057086
0.80083669
0.80124477
0.80186952
0.80742848
0.8075011
0.80818003
0.80791899
0.80808174
0.80796096
0.80734483
0.80632779
0.80579403
0.80685347
0.80573759
0.80646929
0.80694078
0.8069101
0.80661758
0.80640694
0.80164442
0.8005862
0.80040319
0.80063198
0.80029134
0.8005514
0.80107478
0.80116789
0.80504729
0.80864447
0.80861389
0.80759674
0.80760135
0.80749392
0.80817495
0.80794202
0.80787671
0.80767239
0.80745929
0.80632544
0.80584697
0.80681455
0.80588347
0.80667184
0.80706886
0.8067654
0.80668087
0.80654572
0.80179726
0.80102531
0.80080409
0.80101336
0.80053665
0.80079061
0.80118201
0.80161197
0.80118851
0.80096835
0.80110687
0.80076383
0.8010411
0.80160065
0.8019028
0.80508053
0.80733129
0.80745594
0.80817819
0.80762815
0.80762058
0.80749531
0.80729652
0.80558391
0.80606552
0.80658592
0.8057105
0.80639155
0.80677244
0.80626015
0.80725938
0.80716738
0.80814371
0.80772624
0.8079275
0.80782809
0.80682276
0.80553752
0.80607451
0.80640788
0.8058104
0.80652001
0.80680183
0.80631902
0.80868972
0.80872541
0.80712669
0.8073869
0.8005063
0.80070126
0.80060539
0.8004555
0.80068177
0.80124821
0.80136754
0.80065923
0.80090208
0.80075179
0.80066535
0.80095272
0.80151961
0.8015818
0.80478989
0.80204354
0.80844131
0.80871515
0.80878308
0.80950895
0.80971837
0.80889182
0.8095162
0.80939775
0.80959608
0.80973477
0.80916598
0.80977928
0.80940569
0.80962782
0.81116764
0.80964315
0.81121737
0.80891184
0.8082007
0.80871174
0.80770899
0.80779653
0.80795595
0.80730288
0.80782406
0.80682779
0.80752951
0.80739799
0.80851756
0.81046269
0.80808436
0.80946943
0.80738806
0.80826064
0.80857156
0.80750223
0.80751703
0.80798046
0.80719398
0.80752302
0.80663603
0.80737243
0.80730834
0.80871329
0.81089928
0.80824052
0.8098416
0.80739412
0.8080614
0.80728702
0.80767258
0.80718383
0.8067393
0.80735069
0.80802488
0.80753538
0.80765226
0.80721902
0.79781405
0.79838596
0.79799655
0.79787193
0.79844495
0.79804011
0.80962479
0.80919822
0.80957165
0.80976076
0.80924677
0.80968407
0.80959853
0.80899929
0.80948357
0.80951585
0.80907871
0.8093901
0.80893973
0.80973231
0.80929453
0.80967537
0.80967004
0.80913295
0.80963358
0.80878635
0.80762898
0.80883576
0.80844503
0.80746784
0.8084891
0.80755116
0.80875732
0.80753471
0.80874103
0.80841691
0.8074662
0.80848358
0.80865726
0.80746362
0.80857993
0.80825634
0.80751797
0.80847596
0.80751659
0.81001501
0.80996219
0.81016591
0.80986593
0.80951189
0.81133955
0.80970859
0.81121777
0.80900987
0.80730342
0.80721849
0.80709114
0.80757401
0.8072542
0.8065712
0.80697421
0.8065995
0.80714293
0.80719235
0.8073795
0.8074602
0.8070683
0.80660949
0.80715111
0.80671052
0.80824442
0.80838921
0.80850571
0.81000162
0.80958754
0.80971769
0.80972613
0.8096266
0.81113538
0.80947618
0.81097936
0.80715532
0.80739281
0.8070276
0.80745382
0.80694036
0.8066664
0.80715812
0.80659466
0.80745332
0.80879145
0.80707371
0.80742194
0.80714767
0.80878582
0.80853594
0.80718047
0.80743251
0.80744108
0.80866044
0.80714525
0.80684037
0.80708244
0.80678812
0.80755902
0.80887193
0.80756395
0.80888026
0.80856332
0.80739277
0.80861621
0.81020076
0.80986702
0.80991866
0.80969907
0.80989486
0.81128627
0.80987616
0.81112941
0.80922004
0.80844608
0.80870196
0.80866468
0.80725833
0.80730144
0.80715595
0.80737107
0.80720269
0.80696421
0.80724678
0.8067188
0.80758439
0.8071193
0.80692203
0.80731662
0.80701509
0.80694262
0.80727795
0.80739209
0.80820413
0.80855577
0.80856162
0.80879941
0.80708171
0.80739867
0.80707125
0.80877842
0.80843202
0.80696078
0.80733397
0.80734614
0.80847437
0.80717688
0.80677731
0.80703843
0.80669955
0.80744008
0.80691466
0.80664639
0.80716332
0.8068487
0.80660298
0.80703066
0.8072673
0.80817173
0.80781906
0.8079792
0.80723934
0.8071365
0.80739757
0.80759713
0.80793371
0.80762528
0.80768189
0.80700155
0.8069105
0.80713605
0.80892178
0.80802627
0.808488
0.80782844
0.80873207
0.81116467
0.80858774
0.81042272
0.8085635
0.80780156
0.80805306
0.80749096
0.80852485
0.81045369
0.8082851
0.80994603
0.80739566
0.80621733
0.80627483
0.80564197
0.79784936
0.79844068
0.79838185
0.79850304
0.79802153
0.79795985
0.79857651
0.79850018
0.79858933
0.79809651
0.79836356
0.79865777
0.79835536
0.79875862
0.79823583
0.80823989
0.80842407
0.80751389
0.80759031
0.80789245
0.80722419
0.80775144
0.8067431
0.80749682
0.80728259
0.8084138
0.81063394
0.80814323
0.81000107
0.80731908
0.80632618
0.80635895
0.80574303
0.79783678
0.79853253
0.79842694
0.79845892
0.79808853
0.7978624
0.79859008
0.79848427
0.79858135
0.798091
0.79848082
0.79888222
0.79847026
0.79886033
0.79835059
0.80808437
0.80843828
0.80748791
0.80772274
0.80779988
0.80835848
0.81062618
0.80814623
0.80971385
0.80781881
0.80735237
0.79801879
0.79882245
0.79871282
0.79880334
0.79824973
0.79790284
0.79857947
0.79849159
0.7985658
0.79814462
0.79858962
0.79915385
0.79850823
0.79880336
0.7984265
0.80610883
0.80615123
0.80566976
0.80832539
0.80753827
0.8077964
0.80730495
0.80827803
0.81079478
0.80819432
0.80942831
0.80725393
0.8086015
0.80778498
0.80836812
0.81068388
0.80812249
0.80967882
0.80797768
0.79849479
0.79846272
0.79856249
0.79853979
0.79836355
0.79873497
0.79838742
0.79877044
0.79825573
0.80606195
0.80621768
0.80568913
0.80831822
0.80821371
0.8087681
0.80956957
0.80965168
0.80863128
0.80933591
0.80896364
0.80850441
0.80858263
0.8081635
0.80945278
0.80939192
0.80936423
0.81001796
0.80924476
0.80888015
0.81000673
0.80887155
0.80903722
0.80898508
0.80917871
0.8095249
0.80853479
0.80813582
0.80983057
0.80857097
0.80923404
0.80999554
0.8085048
0.80855722
0.80871792
0.80838274
0.80880524
0.80882913
0.80904747
0.80829178
0.80910882
0.80936156
0.81051125
0.80905766
0.81012939
0.80957119
0.80922873
0.80811266
0.80890579
0.8100009
0.80896304
0.80995892
0.80847825
0.80986814
0.80852277
0.80841421
0.80869931
0.80871206
0.80820088
0.80810951
0.80851804
0.80882773
0.80856754
0.80881196
0.80817617
0.80847177
0.80851188
0.80882188
0.80802521
0.80841941
0.80824704
0.80983747
0.80802648
0.808422
0.8087996
0.80873927
0.80818799
0.8086935
0.80920232
0.80905934
0.80922986
0.80901205
0.80866695
0.80859671
0.80917421
0.8098779
0.80969317
0.80887925
0.80970857
0.80927021
0.80890587
0.80877742
0.80837037
0.80954128
0.80944918
0.80963077
0.80994968
0.80885167
0.80841547
0.81037131
0.80892271
0.80908351
0.81018369
0.80855922
0.80921894
0.80867179
0.80879711
0.80852025
0.80923397
0.80909044
0.80924342
0.80927558
0.80959993
0.81063069
0.80951736
0.81013592
0.80996868
0.80948921
0.8087145
0.80953839
0.8100949
0.80912262
0.80998313
0.80904211
0.80991544
0.8086718
0.80873181
0.8088217
0.80881224
0.80829399
0.80786255
0.80831804
0.80848489
0.8088699
0.80871803
0.80891276
0.80815624
0.80949237
0.80926965
0.80874633
0.80881489
0.80890234
0.80876094
0.80818343
0.80859312
0.8099291
0.80901757
0.80898999
0.8083343
0.80883734
0.80956267
0.80942433
0.80820859
0.80846391
0.80914802
0.80929773
0.81056923
0.8102817
0.81117673
0.80855045
0.80943666
0.8100291
0.8093304
0.80912876
0.81009196
0.80880458
0.8098092
0.80946011
0.809097
0.80999835
0.80928535
0.80944344
0.81049331
0.81021408
0.81113186
0.80852263
0.80937118
0.80996203
0.80939833
0.81006844
0.80916008
0.81021577
0.80869649
0.80962491
0.80927723
0.80902766
0.80981121
0.80942133
0.81097354
0.81088106
0.80988148
0.80894274
0.80908191
0.80860595
0.8087669
0.80851299
0.80870753
0.80826307
0.8093065
0.80960153
0.80952682
0.80882685
0.80921977
0.80985269
0.80985433
0.80869337
0.80828071
0.8092822
0.80988208
0.80993043
0.8093638
0.80759044
0.80751895
0.80814367
0.80905571
0.80835821
0.80767573
0.80921188
0.80860663
0.80778318
0.80748822
0.80734741
0.80816438
0.80846328
0.80835519
0.80827205
0.80778769
0.80688566
0.80800405
0.80841245
0.80869699
0.80853767
0.80851752
0.80797553
0.8070084
0.80810984
0.80741749
0.80846671
0.80736763
0.80756651
0.80839154
0.80728331
0.80716501
0.80700197
0.80695016
0.80769808
0.80758069
0.80806984
0.80743081
0.80769258
0.80761785
0.80958786
0.80731008
0.80861755
0.80756992
0.80708309
0.80698627
0.807701
0.80848766
0.80788899
0.80718456
0.80795506
0.80781338
0.8075459
0.80791561
0.80728931
0.80750569
0.80935533
0.8074275
0.80852116
0.80764017
0.80703335
0.80697103
0.80741803
0.80850146
0.80785041
0.80722928
0.8069996
0.80786626
0.8071812
0.8070525
0.80723094
0.8068555
0.80729806
0.80728597
0.80676698
0.80810192
0.80663973
0.80790186
0.80745675
0.80761082
0.80765817
0.80822588
0.80892457
0.81002604
0.80719496
0.80739453
0.80807376
0.80760606
0.80743899
0.80856328
0.80682705
0.80747939
0.80780626
0.80725795
0.8076124
0.80653291
0.80667746
0.80850123
0.80756463
0.80826551
0.80615622
0.80728376
0.80747465
0.80650942
0.80682687
0.80667628
0.8080581
0.80675184
0.80758707
0.80692109
0.80657266
0.80679912
0.80740344
0.80844433
0.80880969
0.80800178
0.80727377
0.80713247
0.80656382
0.80652598
0.80668625
0.80700295
0.8065888
0.80769316
0.80628643
0.80706841
0.80750547
0.80774961
0.80680269
0.80697492
0.80787523
0.8082154
0.80686448
0.8073027
0.80745111
0.80766848
0.80758713
0.80791956
0.80778118
0.80872398
0.8100893
0.80716129
0.80742549
0.80820054
0.8078958
0.80735164
0.80886585
0.80680209
0.80760333
0.80774007
0.80734696
0.80793382
0.8065434
0.80651406
0.80850545
0.80711748
0.80790112
0.80876582
0.80612951
0.80730306
0.80802119
0.80652191
0.80684593
0.80823953
0.80664422
0.80739126
0.80679362
0.80651458
0.80700539
0.80739681
0.80874052
0.80893928
0.80771613
0.80768949
0.8069973
0.80759324
0.80679184
0.80734902
0.80808133
0.80845191
0.80778147
0.80686468
0.80741707
0.80636755
0.80718328
0.80745201
0.80786551
0.80715632
0.80868974
0.80854633
0.80911809
0.80984487
0.80979488
0.80878801
0.80969093
0.80919497
0.80873203
0.80879478
0.80840487
0.80957351
0.80967681
0.80960484
0.81014812
0.80969079
0.80936065
0.81009247
0.80931344
0.8093433
0.80928649
0.80940853
0.80983306
0.80875179
0.80831617
0.81006705
0.80876759
0.80937381
0.81031407
0.80868971
0.80865944
0.80872409
0.80847445
0.8089227
0.80881758
0.80909299
0.80916032
0.8094273
0.81062738
0.80925121
0.81020154
0.80968566
0.80942641
0.80824595
0.80910549
0.81003895
0.80913268
0.80991925
0.8086584
0.80984588
0.80864493
0.80848967
0.80854592
0.8087451
0.80823619
0.80812211
0.80814223
0.80853486
0.80879289
0.80873628
0.80874122
0.80815318
0.8092906
0.80886705
0.80852407
0.80828467
0.80879418
0.80818992
0.80846044
0.80835179
0.809944
0.80813087
0.80855864
0.8087962
0.80885549
0.80820819
0.80870988
0.80941521
0.80917164
0.80860749
0.80854052
0.8091468
0.80995514
0.80916933
0.81001648
0.80960441
0.8092048
0.80881138
0.80884602
0.80847587
0.80992584
0.80979496
0.80986255
0.81040646
0.80957369
0.80927902
0.80922067
0.80955159
0.80950443
0.80966915
0.80990741
0.80884592
0.8083892
0.80898085
0.80886002
0.80881795
0.80863092
0.80849203
0.808771
0.80897798
0.80923846
0.80912705
0.80921102
0.80933403
0.80968327
0.81033107
0.80951812
0.81012887
0.81000361
0.80962745
0.80841697
0.8091826
0.81030972
0.80943919
0.81003435
0.8098617
0.80863117
0.80858312
0.8087924
0.80879447
0.80838565
0.80791685
0.80848278
0.80889246
0.80862315
0.80889827
0.80791175
0.80949198
0.80925822
0.80858369
0.80862598
0.80901512
0.80826776
0.80866114
0.80852819
0.80904283
0.80972141
0.81005537
0.8103723
0.80872263
0.80814724
0.80826898
0.80907703
0.8089744
0.80912961
0.80928482
0.8106898
0.81001291
0.81100708
0.80861228
0.80945117
0.80946145
0.81013377
0.80900862
0.81036201
0.80876933
0.80987528
0.80945881
0.80924605
0.80944297
0.81064339
0.81009139
0.81110946
0.80886318
0.80949373
0.80938664
0.81004907
0.80912994
0.81018797
0.80883505
0.80993584
0.80977289
0.81030656
0.80953695
0.80951631
0.80876302
0.809072
0.80883225
0.80858811
0.80962083
0.80856206
0.8096664
0.80913963
0.80953482
0.81034482
0.80914873
0.8095784
0.81044186
0.80886676
0.80882866
0.80876508
0.80807029
0.80828687
0.80784252
0.80807388
0.80835837
0.80799067
0.80869183
0.80875086
0.8083549
0.80836046
0.80847853
0.80893795
0.8085681
0.80892835
0.80859074
0.80863416
0.80853102
0.80861737
0.8093196
0.80880463
0.80911735
0.80862512
0.80876889
0.80845776
0.80840421
0.80891653
0.80859044
0.80844292
0.80777332
0.80782682
0.80840375
0.80755866
0.80726366
0.80718271
0.80758943
0.80773397
0.80743953
0.80785569
0.80759836
0.80784988
0.80817607
0.80765173
0.80762016
0.80772126
0.8081161
0.80781454
0.80788326
0.8078988
0.8079793
0.80861701
0.80750378
0.80752016
0.80717586
0.80735348
0.8074867
0.80751087
0.80774943
0.80765187
0.80771073
0.80810424
0.80767778
0.80759691
0.80790338
0.80813123
0.80801242
0.80793103
0.80901593
0.80831018
0.80895256
0.80862547
0.80875726
0.80809179
0.80808582
0.80884103
0.80879543
0.80702463
0.80796426
0.80794867
0.80820278
0.80840142
0.80786378
0.80796099
0.80837643
0.80761825
0.80803136
0.80772227
0.8081707
0.80860914
0.80832034
0.80811431
0.80748416
0.80786897
0.80806822
0.8080693
0.80819032
0.8078309
0.80784111
0.80854454
0.80781528
0.80737313
0.80819928
0.80802649
0.80815339
0.808198
0.8083981
0.80818573
0.80825598
0.80769629
0.80756634
0.8075195
0.80803621
0.80808925
0.80826408
0.80815559
0.80829888
0.80843277
0.80875784
0.8080046
0.8086926
0.80881208
0.80695294
0.8082052
0.80779775
0.80764343
0.80790909
0.80771687
0.80767419
0.80844103
0.80821351
0.80777529
0.80771551
0.80722313
0.80787847
0.80781819
0.80774687
0.8078493
0.80831614
0.80785393
0.80785782
0.80763188
0.80769927
0.80840516
0.80780418
0.80737175
0.80831611
0.80816284
0.80831912
0.80818147
0.80839152
0.80811563
0.80825132
0.80820751
0.80807329
0.80767086
0.80757391
0.80807381
0.8081977
0.80824554
0.80806773
0.80854691
0.808949
0.80851992
0.80783059
0.80920953
0.80939111
0.81048223
0.81103524
0.80991488
0.80846831
0.80937124
0.81009164
0.80945293
0.80924168
0.80897324
0.81013102
0.80876898
0.80992178
0.80918932
0.80936415
0.81050376
0.81008701
0.81091839
0.80839688
0.80930975
0.80990456
0.80928809
0.80910232
0.81027497
0.80863041
0.80958177
0.80925866
0.80903639
0.80970436
0.8095479
0.81149756
0.81122033
0.81003316
0.80929991
0.8091776
0.80854199
0.80864784
0.80862124
0.80871814
0.8083922
0.80951775
0.80879275
0.80938778
0.81029257
0.8100086
0.8098728
0.80882062
0.80829739
0.80915122
0.80967069
0.80982757
0.80937801
0.80842934
0.8083385
0.80892755
0.80976629
0.80965646
0.80881345
0.80970132
0.80924457
0.8087649
0.80847014
0.80832998
0.8094362
0.80933836
0.80947464
0.81007661
0.80914195
0.80886055
0.81024859
0.80890656
0.80923495
0.80917059
0.8093383
0.80964874
0.80880908
0.80839728
0.80991449
0.80879006
0.80919527
0.80994736
0.80837419
0.80858699
0.8088573
0.80854558
0.80901507
0.80890034
0.80868012
0.81010013
0.80913948
0.80940518
0.80973741
0.80924723
0.80831019
0.8091112
0.81012462
0.80988259
0.80866738
0.8084598
0.80838718
0.80861587
0.80870362
0.80797703
0.80816468
0.8089382
0.80845251
0.80877017
0.80877348
0.80819198
0.80839205
0.80842782
0.80865849
0.80808378
0.80863775
0.80841005
0.80842618
0.80821021
0.8088259
0.80878616
0.80867712
0.8088702
0.80878901
0.80723962
0.80783341
0.80802096
0.80809553
0.8082955
0.80785547
0.80822552
0.80794153
0.80773702
0.80782472
0.80776559
0.80772967
0.80829706
0.8079875
0.80771206
0.80762625
0.80723321
0.80791337
0.80771311
0.80802632
0.80788717
0.80729709
0.80815915
0.80764592
0.80759878
0.80727963
0.80778339
0.80813069
0.80792118
0.80838075
0.8078817
0.80710184
0.80823538
0.80797173
0.80815059
0.80812186
0.80833266
0.80851029
0.80802016
0.80820258
0.80807533
0.80811262
0.80790656
0.80806389
0.80818479
0.80762508
0.80722202
0.80852563
0.80886824
0.80830791
0.80793934
0.80881535
0.80889699
0.80868397
0.80808754
0.80773347
0.80815359
0.80813134
0.80772718
0.80837806
0.80857122
0.80880784
0.808383
0.80825365
0.8083354
0.80889503
0.80827774
0.80848633
0.80825711
0.80866814
0.80839596
0.80845348
0.80932096
0.80851416
0.80889106
0.80852899
0.80763865
0.80765884
0.80822486
0.80742106
0.80692474
0.80739315
0.80715019
0.80754039
0.8075646
0.80779696
0.80740993
0.80732628
0.80704347
0.80777149
0.80765762
0.8080696
0.80766609
0.80772911
0.8081959
0.80773887
0.80711729
0.8074425
0.80728337
0.80757251
0.80755398
0.80780988
0.80741448
0.80768978
0.80744497
0.80750121
0.8081593
0.80800311
0.80784024
0.80767851
0.80788345
0.80828933
0.80806172
0.8080938
0.80882208
0.80840281
0.80834251
0.80880359
0.80870152
0.80707111
0.80767686
0.80802161
0.80810514
0.80841117
0.80784439
0.80827703
0.80772435
0.80778084
0.80785248
0.80764813
0.80773932
0.80850809
0.80821257
0.80793606
0.80737164
0.80772535
0.80790632
0.80787281
0.80803119
0.80771269
0.80773334
0.80834247
0.80795269
0.80777459
0.80753235
0.80841101
0.80816045
0.80822268
0.80822051
0.80812954
0.80830165
0.80813627
0.80822667
0.80814022
0.8082789
0.80822635
0.80937496
0.80947123
0.81070251
0.81094439
0.81004269
0.8085202
0.80948232
0.80981945
0.8092064
0.80927205
0.80918697
0.81018565
0.80872347
0.8097633
0.80928997
0.80944813
0.81062315
0.81002359
0.81111365
0.80860154
0.80935693
0.81010372
0.80949825
0.80913005
0.81003784
0.80871543
0.80960731
0.8094869
0.80920676
0.80995722
0.80968895
0.8112452
0.81087429
0.81007209
0.80942605
0.80942209
0.80874474
0.80888508
0.80879003
0.8090688
0.8086394
0.80959517
0.80886995
0.80848433
0.80937897
0.81015342
0.80956573
0.80977899
0.80966159
0.80894032
0.80952209
0.81029383
0.81008841
0.80862122
0.80857878
0.80909524
0.80996814
0.80899203
0.80992549
0.8096162
0.80923026
0.80870652
0.80878117
0.80846868
0.80960798
0.80960789
0.80954367
0.81043777
0.80956181
0.80919841
0.81032337
0.8092103
0.80928895
0.8092334
0.8093474
0.80998087
0.80885085
0.80850788
0.81016491
0.80882942
0.80881919
0.80879551
0.80861951
0.80837007
0.80875508
0.80876991
0.80910605
0.80901974
0.80895953
0.81056306
0.80925978
0.80949849
0.81021948
0.80934583
0.80839554
0.80910072
0.81017908
0.81012048
0.80974742
0.80938687
0.80847893
0.80864882
0.80850956
0.80936191
0.8087316
0.80908587
0.8087567
0.80896936
0.80892496
0.80947642
0.80936795
0.80819976
0.80845802
0.80894857
0.80895669
0.80723577
0.80841044
0.80810845
0.80826412
0.80857319
0.80846467
0.80849307
0.808324
0.80788648
0.8080196
0.80786309
0.80805389
0.80847793
0.80823361
0.80773481
0.80773512
0.80747682
0.80804872
0.80796758
0.80830645
0.80815438
0.80830768
0.80791765
0.8078515
0.8077305
0.80778842
0.80827072
0.80811926
0.80850757
0.80786801
0.80766076
0.80849376
0.80818574
0.80826283
0.80820571
0.80847466
0.80913053
0.80814066
0.80834416
0.80824254
0.80826727
0.80817615
0.80836778
0.80824972
0.80756711
0.807523
0.80851179
0.80889761
0.80870592
0.80794164
0.8088624
0.80902124
0.80881633
0.80810425
0.80832555
0.80774864
0.80830531
0.80843071
0.80795115
0.80861819
0.80880742
0.8086532
0.80855818
0.8085545
0.80912996
0.80879362
0.80927479
0.80858001
0.80851178
0.80836869
0.80853023
0.80910245
0.8085129
0.8088403
0.80855538
0.80900778
0.80886746
0.80843305
0.80861957
0.80841848
0.80825524
0.80772005
0.80712849
0.80751527
0.80743075
0.80755193
0.80754973
0.80759721
0.80748605
0.80799806
0.80777049
0.80772039
0.80791351
0.80810341
0.80788148
0.80769125
0.80817607
0.80782955
0.80750803
0.807915
0.80764654
0.80724661
0.80749658
0.80764894
0.80795711
0.80765206
0.80774452
0.807744
0.8075776
0.80733811
0.80741589
0.80812827
0.80780015
0.80787514
0.80754916
0.80780306
0.80889669
0.80861149
0.80788385
0.80838252
0.80830186
0.80832669
0.80799145
0.80786942
0.80878738
0.80872955
0.80728358
0.80734578
0.8080917
0.80802106
0.80812566
0.80822481
0.80831964
0.80811164
0.80782069
0.80811407
0.80813919
0.80839309
0.80831226
0.80774695
0.8078438
0.80771288
0.8085081
0.80824127
0.80793598
0.80763068
0.80718157
0.80746117
0.80800974
0.80808612
0.80805433
0.80773996
0.80779922
0.80842038
0.80771974
0.80749965
0.80857403
0.808134
0.80833244
0.80822479
0.80863345
0.8081271
0.80832204
0.80824769
0.80826601
0.80830651
0.80878468
0.80823557
0.80928378
0.80822216
0.80832505
0.80751372
0.80753475
0.80761561
0.80834394
0.80818506
0.8088964
0.8096956
0.80970531
0.80868551
0.80943795
0.80893657
0.80856861
0.80855446
0.80815413
0.8092042
0.80930082
0.80931641
0.80998692
0.80934371
0.80899546
0.80997595
0.80903835
0.80905401
0.80906885
0.80919263
0.80968861
0.80850323
0.80808765
0.80994618
0.8086695
0.80933061
0.81016601
0.8083999
0.8082902
0.80842237
0.80824912
0.80810458
0.80894146
0.81015467
0.81013465
0.8084866
0.80832053
0.80830407
0.80839172
0.80861507
0.80804384
0.80782842
0.80845519
0.80871746
0.80864898
0.80859863
0.80804772
0.80917034
0.80883283
0.80847721
0.80844886
0.80858766
0.80866102
0.80806619
0.80848775
0.80811799
0.80871278
0.80858328
0.80852057
0.80922093
0.80901644
0.80965824
0.80923541
0.80794718
0.80812075
0.80834632
0.80833905
0.80892128
0.80963341
0.80974674
0.8086737
0.80941284
0.80904673
0.80850359
0.80859914
0.80830177
0.80944851
0.80945703
0.80939878
0.81020939
0.80941399
0.80898541
0.81006814
0.80905387
0.80899088
0.80918484
0.80916389
0.80951706
0.80864823
0.80810658
0.80966446
0.80872279
0.80943072
0.81017643
0.80848607
0.80851199
0.80858107
0.80838757
0.80904796
0.80892434
0.8088889
0.8106779
0.80915025
0.80946798
0.80928121
0.80819429
0.80893438
0.81007053
0.81000337
0.80853569
0.80836964
0.80833165
0.80843236
0.80853075
0.80822419
0.80789305
0.80832458
0.80868758
0.80834834
0.80861632
0.80790372
0.80928449
0.80891698
0.80835345
0.80827802
0.80872134
0.80818976
0.80766612
0.80800344
0.80810006
0.80886803
0.80866372
0.80874744
0.8094168
0.80916947
0.80976868
0.80945272
0.80874963
0.80870951
0.80710099
0.80754936
0.8076987
0.80805064
0.80839504
0.80777337
0.80772643
0.80792475
0.80825376
0.80765723
0.80782806
0.80764165
0.80728119
0.80762255
0.8077582
0.80797479
0.80781339
0.80771639
0.80704043
0.80746407
0.80795652
0.80761396
0.80805801
0.80774049
0.8076281
0.80748338
0.80809707
0.807614
0.80715443
0.80813571
0.80783218
0.807978
0.80797684
0.80831269
0.80874565
0.80786726
0.8081216
0.80804896
0.80813673
0.80782806
0.80793157
0.8080566
0.80820027
0.80869686
0.80834562
0.80775389
0.80728533
0.80724158
0.80868433
0.80867039
0.80702359
0.80726576
0.80773696
0.80786438
0.8078119
0.80811131
0.80779935
0.80784437
0.80750654
0.80813757
0.80749748
0.80785956
0.80782198
0.80821943
0.80797132
0.80746748
0.80728754
0.80735103
0.8075607
0.80795548
0.8082137
0.80772322
0.80798222
0.80720884
0.80762845
0.80798479
0.80785354
0.80807119
0.80765296
0.80754749
0.80736335
0.80818535
0.80782714
0.80733365
0.80802401
0.80781627
0.80800163
0.80792573
0.80776174
0.80825949
0.80856908
0.80795235
0.80810567
0.80795836
0.80798819
0.80823998
0.80784431
0.80833814
0.80804409
0.80872884
0.80837154
0.80782462
0.8081933
0.80772362
0.80738151
0.80885926
0.80910906
0.80875271
0.80806959
0.80807961
0.8077872
0.8083011
0.80842494
0.80787588
0.80853269
0.80911151
0.80825874
0.80815917
0.80821747
0.80893286
0.8084088
0.80880571
0.80926029
0.80835695
0.80837143
0.80832373
0.80834727
0.80898179
0.80839888
0.80854448
0.8092537
0.80857769
0.808608
0.80834712
0.80816455
0.80863436
0.8084306
0.80843826
0.80742648
0.80689121
0.80712327
0.80689683
0.8073938
0.80751377
0.80781638
0.80745631
0.80740147
0.80762493
0.80766224
0.80783789
0.80771777
0.80822334
0.80766039
0.80775913
0.8082825
0.80750565
0.80682399
0.80767047
0.80708005
0.8075358
0.80750268
0.80758782
0.80758463
0.80761987
0.8075759
0.80774999
0.8076776
0.80786162
0.80776261
0.80852084
0.80842367
0.80848461
0.80824208
0.80810588
0.80768478
0.80798895
0.8079695
0.81009653
0.807777
0.80713245
0.80791525
0.80840919
0.80752846
0.80879903
0.80900469
0.80699662
0.80775052
0.80772244
0.80675115
0.80666269
0.80845264
0.80823799
0.80909619
0.80655804
0.80767908
0.80831251
0.80697404
0.80710901
0.80714624
0.80848909
0.80698138
0.80773635
0.80710853
0.80689864
0.80756068
0.80755826
0.80900213
0.8089039
0.80832163
0.80746514
0.80724931
0.80699635
0.80700577
0.80735198
0.80679509
0.80796806
0.80706843
0.8074037
0.80848741
0.807827
0.80778854
0.80693971
0.80635272
0.80747692
0.80786483
0.80789782
0.80739795
0.80760767
0.80786577
0.80788461
0.80996338
0.80858104
0.80718256
0.80783011
0.80821751
0.80761712
0.80785339
0.80735673
0.80883795
0.80702784
0.80796508
0.80641316
0.80643279
0.80806437
0.80772128
0.8086773
0.80633514
0.80761427
0.80838173
0.80674526
0.8069954
0.80680392
0.8081402
0.80681798
0.80759177
0.80696888
0.80678946
0.80730574
0.80804704
0.80726648
0.8071602
0.80681635
0.8068257
0.80721
0.80674155
0.8079559
0.80629482
0.80727273
0.80697474
0.80722414
0.8086327
0.80686984
0.80735824
0.80765981
0.80778196
0.80569774
0.8056027
0.80591117
0.80629149
0.80665754
0.80577981
0.80573334
0.80496377
0.80485335
0.80621069
0.80493389
0.80625416
0.80665352
0.80633893
0.80681611
0.80728635
0.80724726
0.8066359
0.8054482
0.80525658
0.80562422
0.80590823
0.80457944
0.80433959
0.80483027
0.80630916
0.80785739
0.80594621
0.80444995
0.80388557
0.80463149
0.80539555
0.8058336
0.80570872
0.80561655
0.80575111
0.80531987
0.80510182
0.80743787
0.8053003
0.80531329
0.80574357
0.80559031
0.80626597
0.80692954
0.80763325
0.80516388
0.80556113
0.80369204
0.80224839
0.80233641
0.80310681
0.80316278
0.80360254
0.80406352
0.80244759
0.80377363
0.80367357
0.8040341
0.80325501
0.80246693
0.80401002
0.80259492
0.80469739
0.80559148
0.80521398
0.80491777
0.80322216
0.80579168
0.80569495
0.80594487
0.80603906
0.80638524
0.80558194
0.80555213
0.80498262
0.80466924
0.80603867
0.80508171
0.80631158
0.80655936
0.80633236
0.8070575
0.80713608
0.80716005
0.80643736
0.80561162
0.80545945
0.80583074
0.80599707
0.80478002
0.80452302
0.80501478
0.80631002
0.80768652
0.80578685
0.80477422
0.80430682
0.80485961
0.80512969
0.80553055
0.80537071
0.80515474
0.80556972
0.80516837
0.80489486
0.80703874
0.80491281
0.80491843
0.80526822
0.80530348
0.80597122
0.80703259
0.80727196
0.80481822
0.80509946
0.80343064
0.80207444
0.80208811
0.80261833
0.80283096
0.80321308
0.80371088
0.80216458
0.80362702
0.80371654
0.80420801
0.80323023
0.80270991
0.8038098
0.80267346
0.80384511
0.80428878
0.80450406
0.80530626
0.80494231
0.80461691
0.80493502
0.80457748
0.80367357
0.80007022
0.79966968
0.79903258
0.80155821
0.80066045
0.80097134
0.8022089
0.80231207
0.80154112
0.80064209
0.80224882
0.8001975
0.79915491
0.80036197
0.80047661
0.80006917
0.79953554
0.79908234
0.80157856
0.80075525
0.80248806
0.80235422
0.80185611
0.80081404
0.80256343
0.80038432
0.7993594
0.80055657
0.80062186
0.8014712
0.80084548
0.80100581
0.80202779
0.80162419
0.80221717
0.80197723
0.80235644
0.8022684
0.8030668
0.80195482
0.80252339
0.8024415
0.80342046
0.80237094
0.80030246
0.80031558
0.80708091
0.80703603
0.80764525
0.80878646
0.8083964
0.80765291
0.80900633
0.80852957
0.80773432
0.80730151
0.80728102
0.80803616
0.80828033
0.80810453
0.80828833
0.80782496
0.80695423
0.80862778
0.80783612
0.80816536
0.8083692
0.80819245
0.80849486
0.80796453
0.8071501
0.80869074
0.80801278
0.80722984
0.8082257
0.80718051
0.80745006
0.80824496
0.80723887
0.80702693
0.80722192
0.80712704
0.8075533
0.80778394
0.80738048
0.80725876
0.80915828
0.80714746
0.80729916
0.80736938
0.80701504
0.80751841
0.80824423
0.80768693
0.80739168
0.80712225
0.80749979
0.80741106
0.80782277
0.80738574
0.8071446
0.80721534
0.80949021
0.80746525
0.80864545
0.80734704
0.80731141
0.80694359
0.8074712
0.80869866
0.80795423
0.80712504
0.80689225
0.80800258
0.80685998
0.80659829
0.80701672
0.80661675
0.807927
0.80749145
0.80781476
0.80753642
0.80959952
0.80858619
0.80714681
0.80788824
0.8079109
0.80746932
0.80772871
0.80732516
0.80853687
0.80696091
0.80776216
0.80663107
0.80666739
0.8085882
0.80892087
0.8080098
0.80613033
0.80791474
0.80752672
0.80680419
0.80742251
0.80667784
0.80649185
0.80729137
0.80697214
0.80836645
0.80691376
0.80772435
0.80746572
0.8090704
0.8089574
0.80818479
0.80753954
0.80722984
0.80699688
0.80687425
0.80686317
0.80722655
0.80683764
0.80791264
0.80631434
0.80708445
0.80713476
0.8074156
0.80861385
0.80689012
0.80723438
0.80737834
0.8074667
0.80789943
0.80789425
0.8054229
0.80535325
0.80547222
0.80569592
0.80603613
0.80515422
0.80532829
0.80476579
0.80444692
0.80581148
0.80479643
0.80620985
0.80652662
0.80607209
0.80686954
0.80702487
0.80699879
0.80626058
0.80528699
0.80509676
0.80536834
0.80593724
0.80468132
0.80448805
0.80473002
0.80592361
0.80742707
0.80566428
0.8043414
0.80410366
0.80460463
0.80505423
0.80584956
0.80529332
0.80523543
0.806844
0.80500014
0.80504064
0.80505856
0.8048429
0.80543116
0.80593271
0.80658025
0.80499974
0.80481204
0.80465774
0.80273022
0.80192149
0.80161418
0.8028059
0.80319906
0.80172053
0.80307659
0.80138356
0.80383514
0.80362981
0.80295817
0.80321555
0.80369098
0.80223045
0.80243456
0.80316401
0.80187128
0.80466288
0.80456956
0.80409463
0.80410539
0.80472366
0.80377274
0.80437784
0.80395676
0.80358903
0.79973226
0.79934484
0.79882499
0.80111135
0.80054469
0.80216528
0.80173586
0.8015353
0.80078226
0.80229524
0.8002376
0.79934373
0.80065025
0.80074512
0.80004283
0.79962361
0.79903867
0.80135467
0.80063081
0.80107997
0.80243678
0.80159282
0.80084144
0.80228717
0.80255975
0.80268229
0.80254319
0.80031713
0.7993177
0.80068452
0.80086058
0.80199374
0.80120186
0.8012956
0.8033893
0.80285548
0.80276551
0.80382561
0.80393866
0.80379674
0.80394868
0.80256981
0.80202493
0.80275101
0.80259957
0.80338387
0.80227117
0.80199724
0.80272821
0.80328289
0.80336886
0.80224973
0.80063233
0.80070461
0.80588322
0.80579535
0.8060997
0.80619487
0.80649389
0.80545752
0.80550907
0.80480136
0.80453423
0.80629831
0.80497181
0.80633941
0.80684936
0.80642494
0.80697383
0.80738987
0.80722972
0.80665662
0.80679958
0.80559759
0.80550405
0.80575292
0.80609576
0.80485597
0.80458869
0.80647932
0.80501283
0.80593881
0.80747255
0.80611854
0.8045166
0.80397359
0.80471598
0.80498887
0.80548377
0.80519468
0.80528627
0.80562648
0.80525246
0.80752763
0.8050701
0.80511089
0.8053705
0.80528473
0.80603921
0.80603504
0.807238
0.80351921
0.80221116
0.80232148
0.8020855
0.80278085
0.8031361
0.80350022
0.80222119
0.80382465
0.80358115
0.80358888
0.80387045
0.80305043
0.8037377
0.80413473
0.80435157
0.8047028
0.80503337
0.80483437
0.80461363
0.80506232
0.80463258
0.80500457
0.80521439
0.80740137
0.80722456
0.80786179
0.80891903
0.80837587
0.80748616
0.80904895
0.80844546
0.80766368
0.80759675
0.80719697
0.80839466
0.80849582
0.80845573
0.80836289
0.80782771
0.80699185
0.8079503
0.80832597
0.80846023
0.80848011
0.80816846
0.80763986
0.806839
0.80784334
0.80734281
0.80854412
0.80750004
0.80725401
0.80820064
0.8071576
0.80775093
0.80814554
0.80780855
0.80949602
0.80762443
0.80747068
0.80859484
0.80756109
0.80697454
0.80754099
0.80823586
0.80791259
0.80705117
0.80734388
0.807127
0.80760353
0.80731277
0.80784928
0.80725414
0.80741048
0.80732073
0.80938533
0.80741615
0.80842508
0.80729598
0.80714015
0.8073335
0.80799168
0.80836763
0.80802709
0.80696421
0.80733868
0.8080405
0.8069538
0.80713602
0.80717597
0.80699011
0.8069416
0.80689886
0.80672657
0.80678937
0.80795315
0.807695
0.80796388
0.807875
0.80743337
0.80871866
0.80881023
0.80701138
0.80762415
0.8079369
0.806686
0.80677459
0.8086296
0.8075098
0.80881819
0.80811001
0.8063644
0.80808827
0.80765415
0.80672666
0.80705547
0.80680049
0.80720695
0.80842301
0.80757565
0.80732526
0.80706156
0.80716517
0.80749611
0.80687271
0.80785442
0.80643061
0.80721335
0.80719082
0.80750623
0.80856825
0.80759077
0.80699455
0.80743375
0.80774536
0.80785169
0.80571731
0.80580639
0.80601826
0.80590958
0.80625149
0.80519482
0.80537786
0.80479885
0.80432542
0.80606876
0.80516853
0.80641702
0.80687827
0.80655428
0.80681791
0.80732856
0.80715684
0.80653505
0.80573735
0.80569522
0.80599336
0.80613133
0.80507087
0.80486255
0.8051914
0.80592035
0.80750858
0.80582649
0.80461988
0.80479984
0.80503484
0.80510206
0.80601405
0.80517418
0.80501649
0.80747479
0.80495508
0.80499456
0.80521831
0.80498472
0.80564854
0.80649278
0.80699368
0.80519784
0.80480969
0.80497879
0.80416754
0.80340878
0.80414185
0.80307156
0.80196456
0.80191403
0.80271588
0.80315711
0.8024468
0.80345684
0.80188157
0.80317853
0.80314707
0.80375738
0.80278193
0.80282032
0.80238043
0.80479592
0.80498395
0.80443821
0.80503181
0.80482043
0.80430704
0.80380585
0.80402217
0.80430811
0.8042985
0.80014455
0.79959239
0.79927683
0.80174962
0.80104258
0.80270262
0.80220875
0.80220818
0.80137445
0.80284914
0.80071705
0.79979102
0.80117119
0.80119819
0.80006352
0.79968004
0.79901782
0.80132945
0.80063113
0.80226932
0.80145112
0.80074175
0.80219298
0.80237296
0.80250944
0.80242089
0.80025267
0.79926542
0.80047212
0.80052883
0.80184615
0.80164211
0.80080954
0.80330868
0.80288318
0.80260358
0.8040132
0.80355785
0.80375572
0.80282836
0.80264796
0.80225726
0.80172189
0.80329715
0.80410682
0.80313799
0.80254358
0.80299057
0.80336252
0.80229831
0.80086823
0.80056816
0.80583204
0.80577602
0.80595789
0.80626363
0.80667953
0.80569935
0.80557557
0.80477983
0.80466757
0.80611593
0.80497486
0.80630781
0.80665571
0.80642098
0.8067796
0.80716731
0.80720746
0.80670698
0.80650147
0.80544739
0.80537924
0.80585079
0.80583065
0.80472345
0.80426136
0.80624581
0.80478341
0.80643083
0.80764676
0.80586593
0.80433686
0.80380586
0.80450716
0.80511868
0.80549323
0.80524278
0.80535051
0.80573957
0.80533793
0.80715489
0.80518676
0.80523502
0.80700872
0.80543626
0.80530528
0.80606414
0.80696998
0.80717122
0.80453132
0.80388919
0.80455752
0.80363075
0.80382673
0.80399674
0.80294277
0.80432482
0.80378189
0.80439975
0.80390496
0.80514681
0.80480449
0.80510214
0.80472099
0.80518538
0.80530805
0.8074562
0.80774808
0.80777404
0.80807943
0.80851612
0.80974467
0.80689818
0.80715396
0.80776217
0.80766004
0.80719343
0.80867625
0.80664292
0.80746802
0.80745194
0.8069292
0.80759921
0.80649986
0.80669221
0.80842962
0.80662709
0.80759625
0.80797616
0.80643845
0.80728036
0.80704898
0.80847708
0.80619346
0.80592552
0.80673677
0.80762934
0.80665471
0.80625425
0.80735384
0.80872575
0.80866708
0.806615
0.80752081
0.80746483
0.80741192
0.80689033
0.80742819
0.80690281
0.80755791
0.80823029
0.80743037
0.8076513
0.80796465
0.80811037
0.80880952
0.81024077
0.80693169
0.80752586
0.80822332
0.80768822
0.80733154
0.80859579
0.80682875
0.80755195
0.80748128
0.80705353
0.80794438
0.80637751
0.80668034
0.80849995
0.80760385
0.80645478
0.80653485
0.80753019
0.80796821
0.80642292
0.80718251
0.80715665
0.80841202
0.80646168
0.80625308
0.80577924
0.80766689
0.80657128
0.8061911
0.80727944
0.80880327
0.80852865
0.80673249
0.80775636
0.8075615
0.80756377
0.80703967
0.80748866
0.80727176
0.8077952
0.80823796
0.80682115
0.80719
0.80626866
0.80722723
0.80746209
0.80729802
0.8068603
0.80735105
0.80735259
0.80800896
0.80888717
0.80830125
0.80736728
0.8090793
0.80862193
0.80760861
0.80727001
0.8072475
0.8083736
0.80832273
0.80852728
0.80839001
0.80745297
0.80660179
0.80767012
0.80853605
0.80856327
0.80860308
0.80849812
0.80783022
0.80699289
0.80785579
0.80737319
0.80802043
0.8071477
0.80761612
0.80826404
0.80717023
0.80676582
0.80680378
0.80659332
0.80771476
0.80730486
0.8077591
0.80748453
0.80736176
0.80873857
0.80759997
0.80739087
0.80734719
0.8069481
0.80735049
0.80851273
0.80762104
0.80696184
0.80680421
0.80653634
0.80737996
0.80747155
0.80748892
0.80700993
0.80719589
0.80918262
0.80734381
0.80741069
0.80721137
0.80686534
0.80752111
0.80875195
0.80798461
0.80690753
0.80680926
0.8064529
0.80675734
0.79986964
0.79952119
0.79887849
0.8006075
0.8011578
0.80228224
0.8008013
0.80155185
0.80187118
0.80025183
0.79922773
0.8006035
0.80075639
0.8023481
0.80261566
0.80215911
0.79992251
0.7996472
0.79896349
0.80016061
0.80045673
0.79922823
0.80048513
0.80067439
0.80057918
0.80120753
0.80224758
0.80226262
0.80212498
0.80152756
0.80197951
0.80187597
0.80328068
0.8026566
0.80258811
0.80369294
0.80387412
0.80375529
0.8039642
0.80236546
0.80191401
0.80254092
0.80324749
0.80347404
0.80216544
0.80268478
0.80237159
0.80341843
0.80350917
0.80229632
0.80193386
0.80563664
0.80554624
0.80581131
0.80590807
0.80610499
0.80495011
0.80560073
0.805008
0.80443183
0.80595438
0.80499452
0.80622666
0.80650345
0.80613446
0.80695431
0.80690742
0.80696235
0.8067577
0.80631867
0.80553734
0.80538965
0.80561581
0.80596923
0.80476128
0.8044823
0.80646408
0.80494984
0.80601721
0.80773767
0.80572789
0.80440025
0.80397691
0.80470732
0.80464007
0.80493771
0.80455256
0.80502647
0.805119
0.80525361
0.80497027
0.80501284
0.80678117
0.80646906
0.80512618
0.80485873
0.80464616
0.80476919
0.80528499
0.80619305
0.80656712
0.8029569
0.80197598
0.801783
0.80171597
0.80294536
0.80330318
0.80209779
0.80157991
0.80325463
0.80396077
0.80380797
0.80295197
0.80299827
0.80360911
0.80257406
0.80314215
0.80456184
0.80413927
0.80412365
0.80384499
0.80454265
0.80415327
0.80709535
0.80574236
0.80566203
0.80589322
0.8058361
0.80612481
0.80500385
0.80542337
0.80483675
0.80430601
0.8060516
0.80500684
0.80666296
0.80689727
0.80659661
0.80715962
0.80728943
0.8072157
0.80695004
0.80647885
0.80583071
0.80563639
0.80593505
0.80609243
0.8049271
0.80466593
0.80671568
0.80504247
0.80602511
0.80743453
0.80583576
0.80442149
0.80413757
0.80470325
0.80460968
0.80495695
0.80475614
0.8050721
0.80512115
0.80552615
0.80486112
0.80511246
0.80512564
0.80674209
0.80514255
0.80504565
0.80487596
0.80475095
0.80534144
0.80643536
0.80662274
0.8040794
0.80327162
0.80392144
0.80315115
0.80230768
0.80206994
0.803215
0.80361707
0.80239002
0.80181724
0.80350199
0.80422696
0.8039944
0.80306106
0.80303394
0.80373321
0.80238789
0.80468321
0.80426877
0.80475952
0.80436473
0.80715479
0.80825911
0.8082356
0.80124689
0.80092194
0.80066859
0.80098248
0.80165874
0.80219905
0.80122869
0.80095673
0.80067394
0.80095031
0.80154396
0.80200701
0.80226351
0.8089036
0.80855207
0.80850532
0.80887692
0.80850622
0.80839887
0.80945189
0.80942426
0.80978126
0.80856884
0.80829748
0.80826507
0.80860658
0.80832303
0.80828097
0.80927122
0.80945853
0.80984551
0.80892703
0.80845151
0.80857106
0.80891977
0.80838391
0.80847393
0.80943169
0.80950686
0.809599
0.80882557
0.8075656
0.80872906
0.80844957
0.80750164
0.80846588
0.80874919
0.80829549
0.80827532
0.80874543
0.80837332
0.80830911
0.80936213
0.80950667
0.80951639
0.80878989
0.80750457
0.8086473
0.80835223
0.8072434
0.80832595
0.80674285
0.80648667
0.80643721
0.8065043
0.80628009
0.80621796
0.80660151
0.80638493
0.80633431
0.80710183
0.80662749
0.80669511
0.80674458
0.80651187
0.80635166
0.80682755
0.80652863
0.80632788
0.80727588
0.80682442
0.80737119
0.80668207
0.80628408
0.80624291
0.80665094
0.80641904
0.80631956
0.80666261
0.80643641
0.80629878
0.80725885
0.80681696
0.8072837
0.80673242
0.80627816
0.80625854
0.80668078
0.8063497
0.80621719
0.80665269
0.8064371
0.80633706
0.80957251
0.8095751
0.80965023
0.81030784
0.80949778
0.80909746
0.81037313
0.80825694
0.80686077
0.80670848
0.80721551
0.80958614
0.80946363
0.80956495
0.80972375
0.80983537
0.81116224
0.81103368
0.80845385
0.80799426
0.80779643
0.80760496
0.80831976
0.80841559
0.80776871
0.809689
0.80940031
0.80938693
0.80919486
0.80929842
0.80904398
0.80884641
0.80840449
0.80838325
0.80834825
0.80789299
0.80779873
0.80822854
0.80825887
0.80848129
0.80880759
0.80805091
0.80841284
0.80772464
0.80764382
0.80786773
0.80756556
0.80951226
0.81051976
0.80861786
0.80865145
0.80782294
0.80821313
0.80861029
0.80835101
0.80852069
0.80850381
0.80914935
0.80857726
0.80821492
0.80792844
0.80776642
0.80881075
0.80889485
0.80870513
0.81079527
0.8091432
0.80938385
0.8099943
0.80909581
0.80824792
0.80804476
0.80762868
0.80752556
0.80928984
0.80879816
0.80813083
0.80781284
0.80430329
0.80472932
0.80538677
0.80497973
0.80304078
0.80348973
0.80368983
0.80370843
0.80403872
0.80715531
0.80720245
0.80711832
0.80716424
0.80991349
0.80703122
0.80794589
0.80825834
0.80703466
0.8082748
0.80706105
0.8080141
0.80751982
0.80903884
0.80898467
0.80798699
0.80802233
0.80222972
0.80355162
0.80229891
0.80253051
0.80270239
0.80338067
0.80843638
0.80737028
0.80665482
0.80672772
0.80635121
0.80719192
0.80682558
0.80725952
0.8076824
0.8078809
0.80818733
0.80676961
0.80672862
0.80722499
0.80717837
0.80175409
0.80037167
0.8003882
0.80105856
0.80101554
0.80848194
0.8084801
0.80861437
0.80893005
0.80870366
0.8094248
0.80830985
0.80834352
0.80833266
0.80886554
0.80847081
0.80936246
0.80856373
0.80905832
0.80863709
0.8092296
0.80836689
0.80823609
0.80846189
0.80895913
0.80840263
0.80900071
0.80637591
0.80642375
0.80634143
0.80649423
0.80582947
0.80584878
0.80641963
0.80653833
0.80653794
0.80673048
0.80579911
0.80581512
0.80616319
0.80638888
0.80617465
0.80638185
0.8059011
0.80587003
0.80615727
0.80636618
0.8062303
0.80651168
0.80576338
0.80583726
0.80852735
0.80859028
)
;
    }
}


// ************************************************************************* //
