ISO-10303-21;
HEADER;
/****************************************************************
 * Generated by software with PDElib inside                    *
 * PDElib Version v51a, created Wed 11/30/2011                  *
 * ITI Transcendata (http://www.transcendata.com/)              *
 ****************************************************************/
FILE_DESCRIPTION((''),'2;1');
FILE_NAME('C:\\drawings\\vette\\chevy engine\\Exhaust Hooker Header.stp','2013-02-10T12:00:42',('zhaphod'),(''),'Autodesk Inventor 2013','Autodesk Inventor 2013','');
FILE_SCHEMA(('AUTOMOTIVE_DESIGN { 1 0 10303 214 1 1 1 1 }'));
ENDSEC;
DATA;
#5=APPLICATION_CONTEXT('automotive design');
#6=APPLICATION_PROTOCOL_DEFINITION('International Standard','automotive_design',2001,#5);
#7=PRODUCT_CONTEXT('',#5,'mechanical');
#8=PRODUCT('SBC Serpintine Assy.iam (exhaust)','SBC Serpintine Assy.iam (exhaust)',$,(#7));
#9=PRODUCT_RELATED_PRODUCT_CATEGORY('part',$,(#8));
#10=PRODUCT_DEFINITION_FORMATION('',$,#8);
#11=PRODUCT_DEFINITION_CONTEXT('part definition',#5,'design');
#12=PRODUCT_DEFINITION('',$,#10,#11);
#18=(NAMED_UNIT(*)PLANE_ANGLE_UNIT()SI_UNIT($,.RADIAN.));
#19=DIMENSIONAL_EXPONENTS(0.0,0.0,0.0,0.0,0.0,0.0,0.0);
#20=PLANE_ANGLE_MEASURE_WITH_UNIT(PLANE_ANGLE_MEASURE(0.0174532925),#18);
#24=(CONVERSION_BASED_UNIT('DEGREE',#20)NAMED_UNIT(#19)PLANE_ANGLE_UNIT());
#28=(NAMED_UNIT(*)SI_UNIT($,.STERADIAN.)SOLID_ANGLE_UNIT());
#32=(LENGTH_UNIT()NAMED_UNIT(*)SI_UNIT(.MILLI.,.METRE.));
#34=UNCERTAINTY_MEASURE_WITH_UNIT(LENGTH_MEASURE(0.01),#32,'DISTANCE_ACCURACY_VALUE','');
#36=(GEOMETRIC_REPRESENTATION_CONTEXT(3)GLOBAL_UNCERTAINTY_ASSIGNED_CONTEXT((#34))GLOBAL_UNIT_ASSIGNED_CONTEXT((#24,#28,#32))REPRESENTATION_CONTEXT('None','None'));
#37=AXIS2_PLACEMENT_3D('',#38,#39,#40);
#38=CARTESIAN_POINT('',(0.0,0.0,0.0));
#39=DIRECTION('',(0.0,0.0,1.0));
#40=DIRECTION('',(1.0,0.0,0.0));
#41=SHAPE_REPRESENTATION('',(#37,#9717,#11392),#36);
#42=PRODUCT_DEFINITION_SHAPE('','',#12);
#43=SHAPE_DEFINITION_REPRESENTATION(#42,#41);
#44=APPLICATION_CONTEXT('automotive design');
#45=APPLICATION_PROTOCOL_DEFINITION('International Standard','automotive_design',2001,#44);
#46=PRODUCT_CONTEXT('',#44,'mechanical');
#47=PRODUCT('exhaust header left','exhaust header left',$,(#46));
#48=PRODUCT_RELATED_PRODUCT_CATEGORY('part',$,(#47));
#49=PRODUCT_DEFINITION_FORMATION('',$,#47);
#50=PRODUCT_DEFINITION_CONTEXT('part definition',#44,'design');
#51=PRODUCT_DEFINITION('',$,#49,#50);
#57=(NAMED_UNIT(*)PLANE_ANGLE_UNIT()SI_UNIT($,.RADIAN.));
#58=DIMENSIONAL_EXPONENTS(0.0,0.0,0.0,0.0,0.0,0.0,0.0);
#59=PLANE_ANGLE_MEASURE_WITH_UNIT(PLANE_ANGLE_MEASURE(0.0174532925),#57);
#63=(CONVERSION_BASED_UNIT('DEGREE',#59)NAMED_UNIT(#58)PLANE_ANGLE_UNIT());
#67=(NAMED_UNIT(*)SI_UNIT($,.STERADIAN.)SOLID_ANGLE_UNIT());
#71=(LENGTH_UNIT()NAMED_UNIT(*)SI_UNIT(.MILLI.,.METRE.));
#73=UNCERTAINTY_MEASURE_WITH_UNIT(LENGTH_MEASURE(0.01),#71,'DISTANCE_ACCURACY_VALUE','');
#75=(GEOMETRIC_REPRESENTATION_CONTEXT(3)GLOBAL_UNCERTAINTY_ASSIGNED_CONTEXT((#73))GLOBAL_UNIT_ASSIGNED_CONTEXT((#63,#67,#71))REPRESENTATION_CONTEXT('None','None'));
#76=AXIS2_PLACEMENT_3D('',#77,#78,#79);
#77=CARTESIAN_POINT('',(0.0,0.0,0.0));
#78=DIRECTION('',(0.0,0.0,1.0));
#79=DIRECTION('',(1.0,0.0,0.0));
#80=SHAPE_REPRESENTATION('',(#76,#2807,#3207,#3607,#4007,#4407,#9705),#75);
#81=PRODUCT_DEFINITION_SHAPE('','',#51);
#82=SHAPE_DEFINITION_REPRESENTATION(#81,#80);
#83=APPLICATION_CONTEXT('automotive design');
#84=APPLICATION_PROTOCOL_DEFINITION('International Standard','automotive_design',2001,#83);
#85=PRODUCT_CONTEXT('',#83,'mechanical');
#86=PRODUCT('exhaust header plate','exhaust header plate',$,(#85));
#87=PRODUCT_RELATED_PRODUCT_CATEGORY('part',$,(#86));
#88=PRODUCT_DEFINITION_FORMATION('',$,#86);
#89=PRODUCT_DEFINITION_CONTEXT('part definition',#83,'design');
#90=PRODUCT_DEFINITION('',$,#88,#89);
#96=(NAMED_UNIT(*)PLANE_ANGLE_UNIT()SI_UNIT($,.RADIAN.));
#97=DIMENSIONAL_EXPONENTS(0.0,0.0,0.0,0.0,0.0,0.0,0.0);
#98=PLANE_ANGLE_MEASURE_WITH_UNIT(PLANE_ANGLE_MEASURE(0.0174532925),#96);
#102=(CONVERSION_BASED_UNIT('DEGREE',#98)NAMED_UNIT(#97)PLANE_ANGLE_UNIT());
#106=(NAMED_UNIT(*)SI_UNIT($,.STERADIAN.)SOLID_ANGLE_UNIT());
#110=(LENGTH_UNIT()NAMED_UNIT(*)SI_UNIT(.MILLI.,.METRE.));
#112=UNCERTAINTY_MEASURE_WITH_UNIT(LENGTH_MEASURE(0.01),#110,'DISTANCE_ACCURACY_VALUE','');
#114=(GEOMETRIC_REPRESENTATION_CONTEXT(3)GLOBAL_UNCERTAINTY_ASSIGNED_CONTEXT((#112))GLOBAL_UNIT_ASSIGNED_CONTEXT((#102,#106,#110))REPRESENTATION_CONTEXT('None','None'));
#115=AXIS2_PLACEMENT_3D('',#116,#117,#118);
#116=CARTESIAN_POINT('',(0.0,0.0,0.0));
#117=DIRECTION('',(0.0,0.0,1.0));
#118=DIRECTION('',(1.0,0.0,0.0));
#119=SHAPE_REPRESENTATION('',(#115),#114);
#120=PRODUCT_DEFINITION_SHAPE('','',#90);
#121=SHAPE_DEFINITION_REPRESENTATION(#120,#119);
#127=(NAMED_UNIT(*)PLANE_ANGLE_UNIT()SI_UNIT($,.RADIAN.));
#128=DIMENSIONAL_EXPONENTS(0.0,0.0,0.0,0.0,0.0,0.0,0.0);
#129=PLANE_ANGLE_MEASURE_WITH_UNIT(PLANE_ANGLE_MEASURE(0.0174532925),#127);
#133=(CONVERSION_BASED_UNIT('DEGREE',#129)NAMED_UNIT(#128)PLANE_ANGLE_UNIT());
#137=(NAMED_UNIT(*)SI_UNIT($,.STERADIAN.)SOLID_ANGLE_UNIT());
#141=(LENGTH_UNIT()NAMED_UNIT(*)SI_UNIT(.MILLI.,.METRE.));
#143=UNCERTAINTY_MEASURE_WITH_UNIT(LENGTH_MEASURE(0.000001),#141,'DISTANCE_ACCURACY_VALUE','');
#145=(GEOMETRIC_REPRESENTATION_CONTEXT(3)GLOBAL_UNCERTAINTY_ASSIGNED_CONTEXT((#143))GLOBAL_UNIT_ASSIGNED_CONTEXT((#133,#137,#141))REPRESENTATION_CONTEXT('','3D'));
#146=CARTESIAN_POINT('',(0.0,24.516595110404431,2.570644287588486));
#147=DIRECTION('',(1.0,0.0,0.0));
#148=DIRECTION('',(0.0,-1.0,0.0));
#149=AXIS2_PLACEMENT_3D('',#146,#147,#148);
#150=CYLINDRICAL_SURFACE('',#149,20.637500000000003);
#151=CARTESIAN_POINT('',(0.0,7.699417310201802,-9.39133452389467));
#152=VERTEX_POINT('',#151);
#153=CARTESIAN_POINT('',(6.000000000000001,7.699417310201802,-9.391334523894674));
#154=VERTEX_POINT('',#153);
#155=CARTESIAN_POINT('',(0.0,7.699417310201802,-9.39133452389467));
#156=DIRECTION('',(1.0,0.0,0.0));
#157=VECTOR('',#156,6.000000000000001);
#158=LINE('',#155,#157);
#159=EDGE_CURVE('',#152,#154,#158,.T.);
#160=ORIENTED_EDGE('',*,*,#159,.F.);
#161=CARTESIAN_POINT('',(0.0,41.333772910607195,-9.391334523894466));
#162=VERTEX_POINT('',#161);
#163=CARTESIAN_POINT('',(0.0,24.516595110404431,2.570644287588486));
#164=DIRECTION('',(1.0,0.0,0.0));
#165=DIRECTION('',(0.0,-1.0,0.0));
#166=AXIS2_PLACEMENT_3D('',#163,#164,#165);
#167=CIRCLE('',#166,20.637500000000003);
#168=EDGE_CURVE('',#162,#152,#167,.T.);
#169=ORIENTED_EDGE('',*,*,#168,.F.);
#170=CARTESIAN_POINT('',(6.000000000000001,41.333772910607209,-9.391334523894454));
#171=VERTEX_POINT('',#170);
#172=CARTESIAN_POINT('',(6.000000000000001,41.333772910607195,-9.391334523894466));
#173=DIRECTION('',(-1.0,0.0,0.0));
#174=VECTOR('',#173,6.000000000000001);
#175=LINE('',#172,#174);
#176=EDGE_CURVE('',#171,#162,#175,.T.);
#177=ORIENTED_EDGE('',*,*,#176,.F.);
#178=CARTESIAN_POINT('',(6.000000000000001,24.516595110404431,2.570644287588486));
#179=DIRECTION('',(-1.0,0.0,0.0));
#180=DIRECTION('',(0.0,-1.0,0.0));
#181=AXIS2_PLACEMENT_3D('',#178,#179,#180);
#182=CIRCLE('',#181,20.637500000000003);
#183=EDGE_CURVE('',#154,#171,#182,.T.);
#184=ORIENTED_EDGE('',*,*,#183,.F.);
#185=EDGE_LOOP('',(#160,#169,#177,#184));
#186=FACE_OUTER_BOUND('',#185,.T.);
#187=ADVANCED_FACE('',(#186),#150,.F.);
#188=CARTESIAN_POINT('',(0.0,24.516595110404431,2.570644287588486));
#189=DIRECTION('',(1.0,0.0,0.0));
#190=DIRECTION('',(0.0,-1.0,0.0));
#191=AXIS2_PLACEMENT_3D('',#188,#189,#190);
#192=CYLINDRICAL_SURFACE('',#191,20.637500000000003);
#193=CARTESIAN_POINT('',(6.000000000000001,9.584470721127127,-11.674988989775848));
#194=VERTEX_POINT('',#193);
#195=CARTESIAN_POINT('',(0.0,9.584470721127133,-11.674988989775851));
#196=VERTEX_POINT('',#195);
#197=CARTESIAN_POINT('',(6.000000000000001,9.584470721127133,-11.674988989775851));
#198=DIRECTION('',(-1.0,0.0,0.0));
#199=VECTOR('',#198,6.000000000000001);
#200=LINE('',#197,#199);
#201=EDGE_CURVE('',#194,#196,#200,.T.);
#202=ORIENTED_EDGE('',*,*,#201,.F.);
#203=CARTESIAN_POINT('',(6.000000000000001,39.448719499680763,-11.674988989776853));
#204=VERTEX_POINT('',#203);
#205=CARTESIAN_POINT('',(6.000000000000001,24.516595110404431,2.570644287588486));
#206=DIRECTION('',(-1.0,0.0,0.0));
#207=DIRECTION('',(0.0,-1.0,0.0));
#208=AXIS2_PLACEMENT_3D('',#205,#206,#207);
#209=CIRCLE('',#208,20.637500000000003);
#210=EDGE_CURVE('',#204,#194,#209,.T.);
#211=ORIENTED_EDGE('',*,*,#210,.F.);
#212=CARTESIAN_POINT('',(0.0,39.448719499680777,-11.674988989776843));
#213=VERTEX_POINT('',#212);
#214=CARTESIAN_POINT('',(0.0,39.448719499680777,-11.674988989776843));
#215=DIRECTION('',(1.0,0.0,0.0));
#216=VECTOR('',#215,6.000000000000001);
#217=LINE('',#214,#216);
#218=EDGE_CURVE('',#213,#204,#217,.T.);
#219=ORIENTED_EDGE('',*,*,#218,.F.);
#220=CARTESIAN_POINT('',(0.0,24.516595110404431,2.570644287588486));
#221=DIRECTION('',(1.0,0.0,0.0));
#222=DIRECTION('',(0.0,-1.0,0.0));
#223=AXIS2_PLACEMENT_3D('',#220,#221,#222);
#224=CIRCLE('',#223,20.637500000000003);
#225=EDGE_CURVE('',#196,#213,#224,.T.);
#226=ORIENTED_EDGE('',*,*,#225,.F.);
#227=EDGE_LOOP('',(#202,#211,#219,#226));
#228=FACE_OUTER_BOUND('',#227,.T.);
#229=ADVANCED_FACE('',(#228),#192,.F.);
#230=CARTESIAN_POINT('',(0.0,-192.21915229241438,1.191327690875965));
#231=DIRECTION('',(1.0,0.0,0.0));
#232=DIRECTION('',(0.0,0.0,-1.0));
#233=AXIS2_PLACEMENT_3D('',#230,#231,#232);
#234=PLANE('',#233);
#235=CARTESIAN_POINT('',(0.0,-174.49047585820355,-24.536550006588879));
#236=VERTEX_POINT('',#235);
#237=CARTESIAN_POINT('',(0.0,-157.52012134071833,-11.239721547356879));
#238=VERTEX_POINT('',#237);
#239=CARTESIAN_POINT('',(0.0,-174.49047585820355,-24.536550006588879));
#240=DIRECTION('',(0.0,0.78715184718366,0.616759247579923));
#241=VECTOR('',#240,21.559187821515287);
#242=LINE('',#239,#241);
#243=EDGE_CURVE('',#236,#238,#242,.T.);
#244=ORIENTED_EDGE('',*,*,#243,.F.);
#245=CARTESIAN_POINT('',(0.0,-182.32331830246875,-27.23972154735641));
#246=VERTEX_POINT('',#245);
#247=CARTESIAN_POINT('',(0.0,-182.32331830246858,-14.539721547356343));
#248=DIRECTION('',(1.0,0.0,0.0));
#249=DIRECTION('',(0.0,0.0,-1.0));
#250=AXIS2_PLACEMENT_3D('',#247,#248,#249);
#251=CIRCLE('',#250,12.700000000000069);
#252=EDGE_CURVE('',#246,#236,#251,.T.);
#253=ORIENTED_EDGE('',*,*,#252,.F.);
#254=CARTESIAN_POINT('',(0.0,-202.1325914767279,-27.239721547356122));
#255=VERTEX_POINT('',#254);
#256=CARTESIAN_POINT('',(0.0,-202.1325914767279,-27.239721547356122));
#257=DIRECTION('',(0.0,1.0,0.0));
#258=VECTOR('',#257,19.809273174259147);
#259=LINE('',#256,#258);
#260=EDGE_CURVE('',#255,#246,#259,.T.);
#261=ORIENTED_EDGE('',*,*,#260,.F.);
#262=CARTESIAN_POINT('',(0.0,-209.96543392099284,-24.536550006588307));
#263=VERTEX_POINT('',#262);
#264=CARTESIAN_POINT('',(0.0,-202.13259147672773,-14.539721547356059));
#265=DIRECTION('',(1.0,0.0,0.0));
#266=DIRECTION('',(0.0,-0.616759247579936,-0.787151847183649));
#267=AXIS2_PLACEMENT_3D('',#264,#265,#266);
#268=CIRCLE('',#267,12.700000000000063);
#269=EDGE_CURVE('',#263,#255,#268,.T.);
#270=ORIENTED_EDGE('',*,*,#269,.F.);
#271=CARTESIAN_POINT('',(0.0,-228.24343910241981,-10.215134433095638));
#272=VERTEX_POINT('',#271);
#273=CARTESIAN_POINT('',(0.0,-228.24343910241981,-10.215134433095638));
#274=DIRECTION('',(0.0,0.787151847183639,-0.616759247579949));
#275=VECTOR('',#274,23.220431034779491);
#276=LINE('',#273,#275);
#277=EDGE_CURVE('',#272,#263,#276,.T.);
#278=ORIENTED_EDGE('',*,*,#277,.F.);
#279=CARTESIAN_POINT('',(0.0,-229.18980924407433,8.958590362656221));
#280=VERTEX_POINT('',#279);
#281=CARTESIAN_POINT('',(0.0,-220.41059665815439,-0.218305973863401));
#282=DIRECTION('',(1.0,0.0,0.0));
#283=DIRECTION('',(0.0,-0.691276581568494,0.722590262718076));
#284=AXIS2_PLACEMENT_3D('',#281,#282,#283);
#285=CIRCLE('',#284,12.700000000000069);
#286=EDGE_CURVE('',#280,#272,#285,.T.);
#287=ORIENTED_EDGE('',*,*,#286,.F.);
#288=CARTESIAN_POINT('',(0.0,-210.19814929825387,27.127240624111767));
#289=VERTEX_POINT('',#288);
#290=CARTESIAN_POINT('',(0.0,-210.19814929825387,27.127240624111767));
#291=DIRECTION('',(0.0,-0.722590262718078,-0.691276581568491));
#292=VECTOR('',#291,26.282750994155268);
#293=LINE('',#290,#292);
#294=EDGE_CURVE('',#289,#280,#293,.T.);
#295=ORIENTED_EDGE('',*,*,#294,.F.);
#296=CARTESIAN_POINT('',(0.0,-201.41893671233368,30.650344287592333));
#297=VERTEX_POINT('',#296);
#298=CARTESIAN_POINT('',(0.0,-201.4189367123339,17.95034428759223));
#299=DIRECTION('',(1.0,0.0,0.0));
#300=DIRECTION('',(0.0,0.0,1.0));
#301=AXIS2_PLACEMENT_3D('',#298,#299,#300);
#302=CIRCLE('',#301,12.700000000000051);
#303=EDGE_CURVE('',#297,#289,#302,.T.);
#304=ORIENTED_EDGE('',*,*,#303,.F.);
#305=CARTESIAN_POINT('',(0.0,-183.03697306686107,30.650344287592027));
#306=VERTEX_POINT('',#305);
#307=CARTESIAN_POINT('',(0.0,-183.03697306686107,30.650344287592027));
#308=DIRECTION('',(0.0,-1.0,0.0));
#309=VECTOR('',#308,18.381963645472609);
#310=LINE('',#307,#309);
#311=EDGE_CURVE('',#306,#297,#310,.T.);
#312=ORIENTED_EDGE('',*,*,#311,.F.);
#313=CARTESIAN_POINT('',(0.0,-174.25776048094107,27.127240624111373));
#314=VERTEX_POINT('',#313);
#315=CARTESIAN_POINT('',(0.0,-183.03697306686126,17.950344287591946));
#316=DIRECTION('',(1.0,0.0,0.0));
#317=DIRECTION('',(0.0,0.691276581568512,0.722590262718058));
#318=AXIS2_PLACEMENT_3D('',#315,#316,#317);
#319=CIRCLE('',#318,12.700000000000079);
#320=EDGE_CURVE('',#314,#306,#319,.T.);
#321=ORIENTED_EDGE('',*,*,#320,.F.);
#322=CARTESIAN_POINT('',(0.0,-161.2156814606231,14.650344287591576));
#323=VERTEX_POINT('',#322);
#324=CARTESIAN_POINT('',(0.0,-161.21568146062313,14.650344287591539));
#325=DIRECTION('',(0.0,-0.722590262718056,0.691276581568514));
#326=VECTOR('',#325,18.049065553775343);
#327=LINE('',#324,#326);
#328=EDGE_CURVE('',#323,#314,#327,.T.);
#329=ORIENTED_EDGE('',*,*,#328,.F.);
#330=CARTESIAN_POINT('',(0.0,-50.975808045921518,14.650344287589867));
#331=VERTEX_POINT('',#330);
#332=CARTESIAN_POINT('',(0.0,-50.975808045921518,14.650344287589867));
#333=DIRECTION('',(0.0,-1.0,0.0));
#334=VECTOR('',#333,110.23987341470158);
#335=LINE('',#332,#334);
#336=EDGE_CURVE('',#331,#323,#335,.T.);
#337=ORIENTED_EDGE('',*,*,#336,.F.);
#338=CARTESIAN_POINT('',(0.0,-37.901972470041521,27.135129622508096));
#339=VERTEX_POINT('',#338);
#340=CARTESIAN_POINT('',(0.0,-37.901972470041521,27.135129622508096));
#341=DIRECTION('',(0.0,-0.723211443694383,-0.690626677525193));
#342=VECTOR('',#341,18.077473316924983);
#343=LINE('',#340,#342);
#344=EDGE_CURVE('',#339,#331,#343,.T.);
#345=ORIENTED_EDGE('',*,*,#344,.F.);
#346=CARTESIAN_POINT('',(0.0,-29.131013665471315,30.650344287589455));
#347=VERTEX_POINT('',#346);
#348=CARTESIAN_POINT('',(0.0,-29.131013665471528,17.950344287589388));
#349=DIRECTION('',(1.0,0.0,0.0));
#350=DIRECTION('',(0.0,0.0,1.0));
#351=AXIS2_PLACEMENT_3D('',#348,#349,#350);
#352=CIRCLE('',#351,12.700000000000081);
#353=EDGE_CURVE('',#347,#339,#352,.T.);
#354=ORIENTED_EDGE('',*,*,#353,.F.);
#355=CARTESIAN_POINT('',(0.0,33.714203886280828,30.650344287588425));
#356=VERTEX_POINT('',#355);
#357=CARTESIAN_POINT('',(0.0,33.714203886280821,30.650344287588425));
#358=DIRECTION('',(0.0,-1.0,0.0));
#359=VECTOR('',#358,62.845217551752135);
#360=LINE('',#357,#359);
#361=EDGE_CURVE('',#356,#347,#360,.T.);
#362=ORIENTED_EDGE('',*,*,#361,.F.);
#363=CARTESIAN_POINT('',(0.0,42.485162690850927,27.135129622506721));
#364=VERTEX_POINT('',#363);
#365=CARTESIAN_POINT('',(0.0,33.7142038862806,17.950344287588358));
#366=DIRECTION('',(1.0,0.0,0.0));
#367=DIRECTION('',(0.0,0.69062667752522,0.723211443694357));
#368=AXIS2_PLACEMENT_3D('',#365,#366,#367);
#369=CIRCLE('',#368,12.700000000000067);
#370=EDGE_CURVE('',#364,#356,#369,.T.);
#371=ORIENTED_EDGE('',*,*,#370,.F.);
#372=CARTESIAN_POINT('',(0.0,55.558998266730264,14.650344287588229));
#373=VERTEX_POINT('',#372);
#374=CARTESIAN_POINT('',(0.0,55.558998266730256,14.650344287588226));
#375=DIRECTION('',(0.0,-0.723211443694358,0.690626677525219));
#376=VECTOR('',#375,18.077473316924689);
#377=LINE('',#374,#376);
#378=EDGE_CURVE('',#373,#364,#377,.T.);
#379=ORIENTED_EDGE('',*,*,#378,.F.);
#380=CARTESIAN_POINT('',(0.0,165.79887168143259,14.650344287586492));
#381=VERTEX_POINT('',#380);
#382=CARTESIAN_POINT('',(0.0,165.79887168143259,14.650344287586492));
#383=DIRECTION('',(0.0,-1.0,0.0));
#384=VECTOR('',#383,110.23987341470232);
#385=LINE('',#382,#384);
#386=EDGE_CURVE('',#381,#373,#385,.T.);
#387=ORIENTED_EDGE('',*,*,#386,.F.);
#388=CARTESIAN_POINT('',(0.0,178.8409507017505,27.127240624105625));
#389=VERTEX_POINT('',#388);
#390=CARTESIAN_POINT('',(0.0,178.8409507017505,27.127240624105625));
#391=DIRECTION('',(0.0,-0.722590262718075,-0.691276581568494));
#392=VECTOR('',#391,18.049065553774827);
#393=LINE('',#390,#392);
#394=EDGE_CURVE('',#389,#381,#393,.T.);
#395=ORIENTED_EDGE('',*,*,#394,.F.);
#396=CARTESIAN_POINT('',(0.0,187.62016328767061,30.650344287585902));
#397=VERTEX_POINT('',#396);
#398=CARTESIAN_POINT('',(0.0,187.62016328767038,17.950344287586013));
#399=DIRECTION('',(1.0,0.0,0.0));
#400=DIRECTION('',(0.0,0.0,1.0));
#401=AXIS2_PLACEMENT_3D('',#398,#399,#400);
#402=CIRCLE('',#401,12.700000000000076);
#403=EDGE_CURVE('',#397,#389,#402,.T.);
#404=ORIENTED_EDGE('',*,*,#403,.F.);
#405=CARTESIAN_POINT('',(0.0,206.00212693314333,30.650344287585717));
#406=VERTEX_POINT('',#405);
#407=CARTESIAN_POINT('',(0.0,206.00212693314333,30.650344287585717));
#408=DIRECTION('',(0.0,-1.0,0.0));
#409=VECTOR('',#408,18.381963645472723);
#410=LINE('',#407,#409);
#411=EDGE_CURVE('',#406,#397,#410,.T.);
#412=ORIENTED_EDGE('',*,*,#411,.F.);
#413=CARTESIAN_POINT('',(0.0,214.78133951906315,27.127240624105013));
#414=VERTEX_POINT('',#413);
#415=CARTESIAN_POINT('',(0.0,206.00212693314313,17.950344287585658));
#416=DIRECTION('',(1.0,0.0,0.0));
#417=DIRECTION('',(0.0,0.691276581568508,0.722590262718061));
#418=AXIS2_PLACEMENT_3D('',#415,#416,#417);
#419=CIRCLE('',#418,12.700000000000056);
#420=EDGE_CURVE('',#414,#406,#419,.T.);
#421=ORIENTED_EDGE('',*,*,#420,.F.);
#422=CARTESIAN_POINT('',(0.0,233.18499942536224,9.521109231576423));
#423=VERTEX_POINT('',#422);
#424=CARTESIAN_POINT('',(0.0,233.18499942536224,9.521109231576421));
#425=DIRECTION('',(0.0,-0.722590262718059,0.691276581568511));
#426=VECTOR('',#425,25.469011770339687);
#427=LINE('',#424,#426);
#428=EDGE_CURVE('',#423,#414,#427,.T.);
#429=ORIENTED_EDGE('',*,*,#428,.F.);
#430=CARTESIAN_POINT('',(0.0,232.18538088425527,-10.717573582738389));
#431=VERTEX_POINT('',#430);
#432=CARTESIAN_POINT('',(0.0,225.03689511040648,-0.220471547362955));
#433=DIRECTION('',(1.0,0.0,0.0));
#434=DIRECTION('',(0.0,0.562872895578641,-0.826543467352393));
#435=AXIS2_PLACEMENT_3D('',#432,#433,#434);
#436=CIRCLE('',#435,12.700000000000079);
#437=EDGE_CURVE('',#431,#423,#436,.T.);
#438=ORIENTED_EDGE('',*,*,#437,.F.);
#439=CARTESIAN_POINT('',(0.0,214.54862414180081,-24.536550006595263));
#440=VERTEX_POINT('',#439);
#441=CARTESIAN_POINT('',(0.0,214.54862414180081,-24.536550006595263));
#442=DIRECTION('',(0.0,0.787151847183658,0.616759247579924));
#443=VECTOR('',#442,22.405787149654543);
#444=LINE('',#441,#443);
#445=EDGE_CURVE('',#440,#431,#444,.T.);
#446=ORIENTED_EDGE('',*,*,#445,.F.);
#447=CARTESIAN_POINT('',(0.0,206.71578169753556,-27.23972154736277));
#448=VERTEX_POINT('',#447);
#449=CARTESIAN_POINT('',(0.0,206.71578169753582,-14.539721547362738));
#450=DIRECTION('',(1.0,0.0,0.0));
#451=DIRECTION('',(0.0,0.0,-1.0));
#452=AXIS2_PLACEMENT_3D('',#449,#450,#451);
#453=CIRCLE('',#452,12.700000000000053);
#454=EDGE_CURVE('',#448,#440,#453,.T.);
#455=ORIENTED_EDGE('',*,*,#454,.F.);
#456=CARTESIAN_POINT('',(0.0,186.90650852327644,-27.239721547362457));
#457=VERTEX_POINT('',#456);
#458=CARTESIAN_POINT('',(0.0,186.90650852327644,-27.239721547362457));
#459=DIRECTION('',(0.0,1.0,0.0));
#460=VECTOR('',#459,19.809273174259118);
#461=LINE('',#458,#460);
#462=EDGE_CURVE('',#457,#448,#461,.T.);
#463=ORIENTED_EDGE('',*,*,#462,.F.);
#464=CARTESIAN_POINT('',(0.0,179.07366607901128,-24.536550006594688));
#465=VERTEX_POINT('',#464);
#466=CARTESIAN_POINT('',(0.0,186.90650852327664,-14.539721547362383));
#467=DIRECTION('',(1.0,0.0,0.0));
#468=DIRECTION('',(0.0,-0.616759247579946,-0.787151847183641));
#469=AXIS2_PLACEMENT_3D('',#466,#467,#468);
#470=CIRCLE('',#469,12.700000000000079);
#471=EDGE_CURVE('',#465,#457,#470,.T.);
#472=ORIENTED_EDGE('',*,*,#471,.F.);
#473=CARTESIAN_POINT('',(0.0,162.10331156152623,-11.239721547361805));
#474=VERTEX_POINT('',#473);
#475=CARTESIAN_POINT('',(0.0,162.10331156152623,-11.239721547361809));
#476=DIRECTION('',(0.0,0.787151847183637,-0.616759247579952));
#477=VECTOR('',#476,21.559187821515692);
#478=LINE('',#475,#477);
#479=EDGE_CURVE('',#474,#465,#478,.T.);
#480=ORIENTED_EDGE('',*,*,#479,.F.);
#481=CARTESIAN_POINT('',(0.0,59.267555683767874,-11.239721547360201));
#482=VERTEX_POINT('',#481);
#483=CARTESIAN_POINT('',(0.0,59.267555683767874,-11.239721547360201));
#484=DIRECTION('',(0.0,1.0,0.0));
#485=VECTOR('',#484,102.83575587775834);
#486=LINE('',#483,#485);
#487=EDGE_CURVE('',#482,#474,#486,.T.);
#488=ORIENTED_EDGE('',*,*,#487,.F.);
#489=CARTESIAN_POINT('',(0.0,42.251108878800721,-24.54456546187695));
#490=VERTEX_POINT('',#489);
#491=CARTESIAN_POINT('',(0.0,42.251108878800721,-24.54456546187695));
#492=DIRECTION('',(0.0,0.787782985395035,0.615952894239556));
#493=VECTOR('',#492,21.600424381384968);
#494=LINE('',#491,#493);
#495=EDGE_CURVE('',#490,#482,#494,.T.);
#496=ORIENTED_EDGE('',*,*,#495,.F.);
#497=CARTESIAN_POINT('',(0.0,34.428507121958205,-27.239721547359963));
#498=VERTEX_POINT('',#497);
#499=CARTESIAN_POINT('',(0.0,34.428507121958418,-14.539721547359896));
#500=DIRECTION('',(1.0,0.0,0.0));
#501=DIRECTION('',(0.0,0.0,-1.0));
#502=AXIS2_PLACEMENT_3D('',#499,#500,#501);
#503=CIRCLE('',#502,12.700000000000063);
#504=EDGE_CURVE('',#498,#490,#503,.T.);
#505=ORIENTED_EDGE('',*,*,#504,.F.);
#506=CARTESIAN_POINT('',(0.0,-29.845316901150674,-27.239721547358833));
#507=VERTEX_POINT('',#506);
#508=CARTESIAN_POINT('',(0.0,-29.845316901150674,-27.239721547358833));
#509=DIRECTION('',(0.0,1.0,0.0));
#510=VECTOR('',#509,64.273824023108887);
#511=LINE('',#508,#510);
#512=EDGE_CURVE('',#507,#498,#511,.T.);
#513=ORIENTED_EDGE('',*,*,#512,.F.);
#514=CARTESIAN_POINT('',(0.0,-37.667918657993056,-24.544565461875578));
#515=VERTEX_POINT('',#514);
#516=CARTESIAN_POINT('',(0.0,-29.845316901150483,-14.539721547358759));
#517=DIRECTION('',(1.0,0.0,0.0));
#518=DIRECTION('',(0.0,-0.615952894239571,-0.787782985395023));
#519=AXIS2_PLACEMENT_3D('',#516,#517,#518);
#520=CIRCLE('',#519,12.700000000000076);
#521=EDGE_CURVE('',#515,#507,#520,.T.);
#522=ORIENTED_EDGE('',*,*,#521,.F.);
#523=CARTESIAN_POINT('',(0.0,-54.684365462959654,-11.23972154735846));
#524=VERTEX_POINT('',#523);
#525=CARTESIAN_POINT('',(0.0,-54.684365462959633,-11.239721547358434));
#526=DIRECTION('',(0.0,0.787782985395016,-0.615952894239581));
#527=VECTOR('',#526,21.600424381384759);
#528=LINE('',#525,#527);
#529=EDGE_CURVE('',#524,#515,#528,.T.);
#530=ORIENTED_EDGE('',*,*,#529,.F.);
#531=CARTESIAN_POINT('',(0.0,-157.52012134071833,-11.239721547356879));
#532=DIRECTION('',(0.0,1.0,0.0));
#533=VECTOR('',#532,102.83575587775869);
#534=LINE('',#531,#533);
#535=EDGE_CURVE('',#238,#524,#534,.T.);
#536=ORIENTED_EDGE('',*,*,#535,.F.);
#537=EDGE_LOOP('',(#244,#253,#261,#270,#278,#287,#295,#304,#312,#321,#329,#337,#345,#354,#362,#371,#379,#387,#395,#404,#412,#421,#429,#438,#446,#455,#463,#472,#480,#488,#496,#505,#513,#522,#530,#536));
#538=FACE_OUTER_BOUND('',#537,.T.);
#539=CARTESIAN_POINT('',(0.0,-163.50220488959786,-4.720471547362955));
#540=VERTEX_POINT('',#539);
#541=CARTESIAN_POINT('',(0.0,-163.50220488959781,4.279528452641593));
#542=VERTEX_POINT('',#541);
#543=CARTESIAN_POINT('',(0.0,-163.50220488959786,-0.220471547362955));
#544=DIRECTION('',(1.0,0.0,0.0));
#545=DIRECTION('',(0.0,0.0,1.0));
#546=AXIS2_PLACEMENT_3D('',#543,#544,#545);
#547=CIRCLE('',#546,4.5);
#548=EDGE_CURVE('',#540,#542,#547,.T.);
#549=ORIENTED_EDGE('',*,*,#548,.T.);
#550=CARTESIAN_POINT('',(0.0,-164.50220488959783,4.279528452641593));
#551=VERTEX_POINT('',#550);
#552=CARTESIAN_POINT('',(0.0,-163.50220488959781,4.279528452641594));
#553=DIRECTION('',(0.0,-1.0,0.0));
#554=VECTOR('',#553,1.000000000000028);
#555=LINE('',#552,#554);
#556=EDGE_CURVE('',#542,#551,#555,.T.);
#557=ORIENTED_EDGE('',*,*,#556,.T.);
#558=CARTESIAN_POINT('',(0.0,-164.50220488959781,-4.720471547362955));
#559=VERTEX_POINT('',#558);
#560=CARTESIAN_POINT('',(0.0,-164.50220488959781,-0.220471547362955));
#561=DIRECTION('',(1.0,0.0,0.0));
#562=DIRECTION('',(0.0,0.0,-1.0));
#563=AXIS2_PLACEMENT_3D('',#560,#561,#562);
#564=CIRCLE('',#563,4.5);
#565=EDGE_CURVE('',#551,#559,#564,.T.);
#566=ORIENTED_EDGE('',*,*,#565,.T.);
#567=CARTESIAN_POINT('',(0.0,-164.50220488959781,-4.720471547362956));
#568=DIRECTION('',(0.0,1.0,0.0));
#569=VECTOR('',#568,0.999999999999943);
#570=LINE('',#567,#569);
#571=EDGE_CURVE('',#559,#540,#570,.T.);
#572=ORIENTED_EDGE('',*,*,#571,.T.);
#573=EDGE_LOOP('',(#549,#557,#566,#572));
#574=FACE_BOUND('',#573,.T.);
#575=CARTESIAN_POINT('',(0.0,-219.95370488959796,-4.720471547362955));
#576=VERTEX_POINT('',#575);
#577=CARTESIAN_POINT('',(0.0,-219.95370488959796,4.279528452641593));
#578=VERTEX_POINT('',#577);
#579=CARTESIAN_POINT('',(0.0,-219.95370488959796,-0.220471547362955));
#580=DIRECTION('',(1.0,0.0,0.0));
#581=DIRECTION('',(0.0,0.0,1.0));
#582=AXIS2_PLACEMENT_3D('',#579,#580,#581);
#583=CIRCLE('',#582,4.5);
#584=EDGE_CURVE('',#576,#578,#583,.T.);
#585=ORIENTED_EDGE('',*,*,#584,.T.);
#586=CARTESIAN_POINT('',(0.0,-220.95370488959799,4.279528452641593));
#587=VERTEX_POINT('',#586);
#588=CARTESIAN_POINT('',(0.0,-219.95370488959796,4.279528452641594));
#589=DIRECTION('',(0.0,-1.0,0.0));
#590=VECTOR('',#589,1.0);
#591=LINE('',#588,#590);
#592=EDGE_CURVE('',#578,#587,#591,.T.);
#593=ORIENTED_EDGE('',*,*,#592,.T.);
#594=CARTESIAN_POINT('',(0.0,-220.95370488959799,-4.720471547362955));
#595=VERTEX_POINT('',#594);
#596=CARTESIAN_POINT('',(0.0,-220.95370488959799,-0.220471547362955));
#597=DIRECTION('',(1.0,0.0,0.0));
#598=DIRECTION('',(0.0,0.0,-1.0));
#599=AXIS2_PLACEMENT_3D('',#596,#597,#598);
#600=CIRCLE('',#599,4.5);
#601=EDGE_CURVE('',#587,#595,#600,.T.);
#602=ORIENTED_EDGE('',*,*,#601,.T.);
#603=CARTESIAN_POINT('',(0.0,-220.95370488959799,-4.720471547362956));
#604=DIRECTION('',(0.0,1.0,0.0));
#605=VECTOR('',#604,1.0);
#606=LINE('',#603,#605);
#607=EDGE_CURVE('',#595,#576,#606,.T.);
#608=ORIENTED_EDGE('',*,*,#607,.T.);
#609=EDGE_LOOP('',(#585,#593,#602,#608));
#610=FACE_BOUND('',#609,.T.);
#611=CARTESIAN_POINT('',(0.0,-175.41077708939537,-9.391334523891308));
#612=VERTEX_POINT('',#611);
#613=CARTESIAN_POINT('',(0.0,-209.0451326898006,-9.391334523890842));
#614=VERTEX_POINT('',#613);
#615=CARTESIAN_POINT('',(0.0,-192.22795488959781,2.570644287592074));
#616=DIRECTION('',(1.0,0.0,0.0));
#617=DIRECTION('',(0.0,-1.0,0.0));
#618=AXIS2_PLACEMENT_3D('',#615,#616,#617);
#619=CIRCLE('',#618,20.637500000000003);
#620=EDGE_CURVE('',#612,#614,#619,.T.);
#621=ORIENTED_EDGE('',*,*,#620,.T.);
#622=CARTESIAN_POINT('',(0.0,-207.16007927887489,-11.674988989772483));
#623=VERTEX_POINT('',#622);
#624=CARTESIAN_POINT('',(0.0,-203.34045488959794,-6.60222154735596));
#625=DIRECTION('',(1.0,0.0,0.0));
#626=DIRECTION('',(0.0,0.998629534754572,-0.052335956242972));
#627=AXIS2_PLACEMENT_3D('',#624,#625,#626);
#628=CIRCLE('',#627,6.350000000000041);
#629=EDGE_CURVE('',#614,#623,#628,.T.);
#630=ORIENTED_EDGE('',*,*,#629,.T.);
#631=CARTESIAN_POINT('',(0.0,-177.2958305003213,-11.674988989773071));
#632=VERTEX_POINT('',#631);
#633=CARTESIAN_POINT('',(0.0,-192.22795488959781,2.570644287592074));
#634=DIRECTION('',(1.0,0.0,0.0));
#635=DIRECTION('',(0.0,-1.0,0.0));
#636=AXIS2_PLACEMENT_3D('',#633,#634,#635);
#637=CIRCLE('',#636,20.637500000000003);
#638=EDGE_CURVE('',#623,#632,#637,.T.);
#639=ORIENTED_EDGE('',*,*,#638,.T.);
#640=CARTESIAN_POINT('',(0.0,-181.11545488959797,-6.602221547356351));
#641=DIRECTION('',(1.0,0.0,0.0));
#642=DIRECTION('',(0.0,0.0,1.0));
#643=AXIS2_PLACEMENT_3D('',#640,#641,#642);
#644=CIRCLE('',#643,6.350000000000026);
#645=EDGE_CURVE('',#632,#612,#644,.T.);
#646=ORIENTED_EDGE('',*,*,#645,.T.);
#647=EDGE_LOOP('',(#621,#630,#639,#646));
#648=FACE_BOUND('',#647,.T.);
#649=CARTESIAN_POINT('',(0.0,225.53689511040648,-4.720471547362955));
#650=VERTEX_POINT('',#649);
#651=CARTESIAN_POINT('',(0.0,225.53689511040648,4.279528452641593));
#652=VERTEX_POINT('',#651);
#653=CARTESIAN_POINT('',(0.0,225.53689511040648,-0.220471547362955));
#654=DIRECTION('',(1.0,0.0,0.0));
#655=DIRECTION('',(0.0,0.0,1.0));
#656=AXIS2_PLACEMENT_3D('',#653,#654,#655);
#657=CIRCLE('',#656,4.5);
#658=EDGE_CURVE('',#650,#652,#657,.T.);
#659=ORIENTED_EDGE('',*,*,#658,.T.);
#660=CARTESIAN_POINT('',(0.0,224.53689511040648,4.279528452641593));
#661=VERTEX_POINT('',#660);
#662=CARTESIAN_POINT('',(0.0,225.53689511040648,4.279528452641594));
#663=DIRECTION('',(0.0,-1.0,0.0));
#664=VECTOR('',#663,1.0);
#665=LINE('',#662,#664);
#666=EDGE_CURVE('',#652,#661,#665,.T.);
#667=ORIENTED_EDGE('',*,*,#666,.T.);
#668=CARTESIAN_POINT('',(0.0,224.53689511040648,-4.720471547362955));
#669=VERTEX_POINT('',#668);
#670=CARTESIAN_POINT('',(0.0,224.53689511040648,-0.220471547362955));
#671=DIRECTION('',(1.0,0.0,0.0));
#672=DIRECTION('',(0.0,0.0,-1.0));
#673=AXIS2_PLACEMENT_3D('',#670,#671,#672);
#674=CIRCLE('',#673,4.5);
#675=EDGE_CURVE('',#661,#669,#674,.T.);
#676=ORIENTED_EDGE('',*,*,#675,.T.);
#677=CARTESIAN_POINT('',(0.0,224.53689511040648,-4.720471547362956));
#678=DIRECTION('',(0.0,1.0,0.0));
#679=VECTOR('',#678,1.000000000000028);
#680=LINE('',#677,#679);
#681=EDGE_CURVE('',#669,#650,#680,.T.);
#682=ORIENTED_EDGE('',*,*,#681,.T.);
#683=EDGE_LOOP('',(#659,#667,#676,#682));
#684=FACE_BOUND('',#683,.T.);
#685=CARTESIAN_POINT('',(0.0,169.08539511040655,-4.720471547362955));
#686=VERTEX_POINT('',#685);
#687=CARTESIAN_POINT('',(0.0,169.08539511040655,4.279528452641593));
#688=VERTEX_POINT('',#687);
#689=CARTESIAN_POINT('',(0.0,169.08539511040655,-0.220471547362955));
#690=DIRECTION('',(1.0,0.0,0.0));
#691=DIRECTION('',(0.0,0.0,-1.0));
#692=AXIS2_PLACEMENT_3D('',#689,#690,#691);
#693=CIRCLE('',#692,4.5);
#694=EDGE_CURVE('',#686,#688,#693,.T.);
#695=ORIENTED_EDGE('',*,*,#694,.T.);
#696=CARTESIAN_POINT('',(0.0,168.08539511040652,4.279528452641593));
#697=VERTEX_POINT('',#696);
#698=CARTESIAN_POINT('',(0.0,169.08539511040655,4.279528452641594));
#699=DIRECTION('',(0.0,-1.0,0.0));
#700=VECTOR('',#699,1.0);
#701=LINE('',#698,#700);
#702=EDGE_CURVE('',#688,#697,#701,.T.);
#703=ORIENTED_EDGE('',*,*,#702,.T.);
#704=CARTESIAN_POINT('',(0.0,168.08539511040652,-4.720471547362955));
#705=VERTEX_POINT('',#704);
#706=CARTESIAN_POINT('',(0.0,168.08539511040652,-0.220471547362955));
#707=DIRECTION('',(1.0,0.0,0.0));
#708=DIRECTION('',(0.0,0.0,1.0));
#709=AXIS2_PLACEMENT_3D('',#706,#707,#708);
#710=CIRCLE('',#709,4.5);
#711=EDGE_CURVE('',#697,#705,#710,.T.);
#712=ORIENTED_EDGE('',*,*,#711,.T.);
#713=CARTESIAN_POINT('',(0.0,168.08539511040649,-4.720471547362955));
#714=DIRECTION('',(0.0,1.0,0.0));
#715=VECTOR('',#714,1.000000000000028);
#716=LINE('',#713,#715);
#717=EDGE_CURVE('',#705,#686,#716,.T.);
#718=ORIENTED_EDGE('',*,*,#717,.T.);
#719=EDGE_LOOP('',(#695,#703,#712,#718));
#720=FACE_BOUND('',#719,.T.);
#721=CARTESIAN_POINT('',(0.0,181.87902072112931,-11.674988989778775));
#722=VERTEX_POINT('',#721);
#723=CARTESIAN_POINT('',(0.0,211.74326949968321,-11.674988989779234));
#724=VERTEX_POINT('',#723);
#725=CARTESIAN_POINT('',(0.0,196.81114511040647,2.570644287585679));
#726=DIRECTION('',(1.0,0.0,0.0));
#727=DIRECTION('',(0.0,-1.0,0.0));
#728=AXIS2_PLACEMENT_3D('',#725,#726,#727);
#729=CIRCLE('',#728,20.637500000000003);
#730=EDGE_CURVE('',#722,#724,#729,.T.);
#731=ORIENTED_EDGE('',*,*,#730,.T.);
#732=CARTESIAN_POINT('',(0.0,213.62832291060886,-9.391334523897834));
#733=VERTEX_POINT('',#732);
#734=CARTESIAN_POINT('',(0.0,207.92364511040631,-6.602221547362674));
#735=DIRECTION('',(1.0,0.0,0.0));
#736=DIRECTION('',(0.0,0.0,-1.0));
#737=AXIS2_PLACEMENT_3D('',#734,#735,#736);
#738=CIRCLE('',#737,6.350000000000034);
#739=EDGE_CURVE('',#724,#733,#738,.T.);
#740=ORIENTED_EDGE('',*,*,#739,.T.);
#741=CARTESIAN_POINT('',(0.0,179.99396731020357,-9.39133452389712));
#742=VERTEX_POINT('',#741);
#743=CARTESIAN_POINT('',(0.0,196.81114511040647,2.570644287585679));
#744=DIRECTION('',(1.0,0.0,0.0));
#745=DIRECTION('',(0.0,-1.0,0.0));
#746=AXIS2_PLACEMENT_3D('',#743,#744,#745);
#747=CIRCLE('',#746,20.637500000000003);
#748=EDGE_CURVE('',#733,#742,#747,.T.);
#749=ORIENTED_EDGE('',*,*,#748,.T.);
#750=CARTESIAN_POINT('',(0.0,185.69864511040629,-6.602221547362284));
#751=DIRECTION('',(1.0,0.0,0.0));
#752=DIRECTION('',(0.0,-0.998629534754573,0.052335956242966));
#753=AXIS2_PLACEMENT_3D('',#750,#751,#752);
#754=CIRCLE('',#753,6.350000000000035);
#755=EDGE_CURVE('',#742,#722,#754,.T.);
#756=ORIENTED_EDGE('',*,*,#755,.T.);
#757=EDGE_LOOP('',(#731,#740,#749,#756));
#758=FACE_BOUND('',#757,.T.);
#759=CARTESIAN_POINT('',(0.0,53.242345110404614,-4.720471547362956));
#760=VERTEX_POINT('',#759);
#761=CARTESIAN_POINT('',(0.0,53.242345110404614,4.279528452637046));
#762=VERTEX_POINT('',#761);
#763=CARTESIAN_POINT('',(0.0,53.242345110404614,-0.220471547362955));
#764=DIRECTION('',(1.0,0.0,0.0));
#765=DIRECTION('',(0.0,0.0,1.0));
#766=AXIS2_PLACEMENT_3D('',#763,#764,#765);
#767=CIRCLE('',#766,4.5);
#768=EDGE_CURVE('',#760,#762,#767,.T.);
#769=ORIENTED_EDGE('',*,*,#768,.T.);
#770=CARTESIAN_POINT('',(0.0,52.242345110404614,4.279528452637045));
#771=VERTEX_POINT('',#770);
#772=CARTESIAN_POINT('',(0.0,53.242345110404599,4.279528452637046));
#773=DIRECTION('',(0.0,-1.0,0.0));
#774=VECTOR('',#773,0.999999999999986);
#775=LINE('',#772,#774);
#776=EDGE_CURVE('',#762,#771,#775,.T.);
#777=ORIENTED_EDGE('',*,*,#776,.T.);
#778=CARTESIAN_POINT('',(0.0,52.242345110404614,-4.720471547362956));
#779=VERTEX_POINT('',#778);
#780=CARTESIAN_POINT('',(0.0,52.242345110404614,-0.220471547362955));
#781=DIRECTION('',(1.0,0.0,0.0));
#782=DIRECTION('',(0.0,0.0,-1.0));
#783=AXIS2_PLACEMENT_3D('',#780,#781,#782);
#784=CIRCLE('',#783,4.5);
#785=EDGE_CURVE('',#771,#779,#784,.T.);
#786=ORIENTED_EDGE('',*,*,#785,.T.);
#787=CARTESIAN_POINT('',(0.0,52.242345110404628,-4.720471547362956));
#788=DIRECTION('',(0.0,1.0,0.0));
#789=VECTOR('',#788,0.999999999999972);
#790=LINE('',#787,#789);
#791=EDGE_CURVE('',#779,#760,#790,.T.);
#792=ORIENTED_EDGE('',*,*,#791,.T.);
#793=EDGE_LOOP('',(#769,#777,#786,#792));
#794=FACE_BOUND('',#793,.T.);
#795=CARTESIAN_POINT('',(0.0,-47.659154889596039,-4.720471547362956));
#796=VERTEX_POINT('',#795);
#797=CARTESIAN_POINT('',(0.0,-47.659154889596039,4.279528452641594));
#798=VERTEX_POINT('',#797);
#799=CARTESIAN_POINT('',(0.0,-47.659154889596039,-0.220471547358407));
#800=DIRECTION('',(1.0,0.0,0.0));
#801=DIRECTION('',(0.0,0.0,1.0));
#802=AXIS2_PLACEMENT_3D('',#799,#800,#801);
#803=CIRCLE('',#802,4.5);
#804=EDGE_CURVE('',#796,#798,#803,.T.);
#805=ORIENTED_EDGE('',*,*,#804,.T.);
#806=CARTESIAN_POINT('',(0.0,-48.659154889596039,4.279528452641593));
#807=VERTEX_POINT('',#806);
#808=CARTESIAN_POINT('',(0.0,-47.659154889596039,4.279528452641594));
#809=DIRECTION('',(0.0,-1.0,0.0));
#810=VECTOR('',#809,1.0);
#811=LINE('',#808,#810);
#812=EDGE_CURVE('',#798,#807,#811,.T.);
#813=ORIENTED_EDGE('',*,*,#812,.T.);
#814=CARTESIAN_POINT('',(0.0,-48.659154889596039,-4.720471547362956));
#815=VERTEX_POINT('',#814);
#816=CARTESIAN_POINT('',(0.0,-48.659154889596039,-0.220471547362955));
#817=DIRECTION('',(1.0,0.0,0.0));
#818=DIRECTION('',(0.0,0.0,-1.0));
#819=AXIS2_PLACEMENT_3D('',#816,#817,#818);
#820=CIRCLE('',#819,4.5);
#821=EDGE_CURVE('',#807,#815,#820,.T.);
#822=ORIENTED_EDGE('',*,*,#821,.T.);
#823=CARTESIAN_POINT('',(0.0,-48.659154889596039,-4.720471547362956));
#824=DIRECTION('',(0.0,1.0,0.0));
#825=VECTOR('',#824,1.0);
#826=LINE('',#823,#825);
#827=EDGE_CURVE('',#815,#796,#826,.T.);
#828=ORIENTED_EDGE('',*,*,#827,.T.);
#829=EDGE_LOOP('',(#805,#813,#822,#828));
#830=FACE_BOUND('',#829,.T.);
#831=CARTESIAN_POINT('',(0.0,-34.865529278873119,-11.674988989775326));
#832=VERTEX_POINT('',#831);
#833=CARTESIAN_POINT('',(0.0,-5.001280500320096,-11.674988989776537));
#834=VERTEX_POINT('',#833);
#835=CARTESIAN_POINT('',(0.0,-19.933404889596034,2.570644287589232));
#836=DIRECTION('',(1.0,0.0,0.0));
#837=DIRECTION('',(0.0,-1.0,0.0));
#838=AXIS2_PLACEMENT_3D('',#835,#836,#837);
#839=CIRCLE('',#838,20.637500000000003);
#840=EDGE_CURVE('',#832,#834,#839,.T.);
#841=ORIENTED_EDGE('',*,*,#840,.T.);
#842=CARTESIAN_POINT('',(0.0,-3.11622708939284,-9.391334523893137));
#843=VERTEX_POINT('',#842);
#844=CARTESIAN_POINT('',(0.0,-8.82090488959598,-6.602221547359193));
#845=DIRECTION('',(1.0,0.0,0.0));
#846=DIRECTION('',(0.0,0.0,-1.0));
#847=AXIS2_PLACEMENT_3D('',#844,#845,#846);
#848=CIRCLE('',#847,6.350000000000041);
#849=EDGE_CURVE('',#834,#843,#848,.T.);
#850=ORIENTED_EDGE('',*,*,#849,.T.);
#851=CARTESIAN_POINT('',(0.0,-36.750582689798833,-9.391334523893683));
#852=VERTEX_POINT('',#851);
#853=CARTESIAN_POINT('',(0.0,-19.933404889596034,2.570644287589232));
#854=DIRECTION('',(1.0,0.0,0.0));
#855=DIRECTION('',(0.0,-1.0,0.0));
#856=AXIS2_PLACEMENT_3D('',#853,#854,#855);
#857=CIRCLE('',#856,20.637500000000003);
#858=EDGE_CURVE('',#843,#852,#857,.T.);
#859=ORIENTED_EDGE('',*,*,#858,.T.);
#860=CARTESIAN_POINT('',(0.0,-31.045904889596159,-6.602221547358802));
#861=DIRECTION('',(1.0,0.0,0.0));
#862=DIRECTION('',(0.0,-0.998629534754572,0.05233595624297));
#863=AXIS2_PLACEMENT_3D('',#860,#861,#862);
#864=CIRCLE('',#863,6.350000000000041);
#865=EDGE_CURVE('',#852,#832,#864,.T.);
#866=ORIENTED_EDGE('',*,*,#865,.T.);
#867=EDGE_LOOP('',(#841,#850,#859,#866));
#868=FACE_BOUND('',#867,.T.);
#869=ORIENTED_EDGE('',*,*,#225,.T.);
#870=CARTESIAN_POINT('',(0.0,35.629095110404378,-6.602221547359903));
#871=DIRECTION('',(1.0,0.0,0.0));
#872=DIRECTION('',(0.0,0.0,-1.0));
#873=AXIS2_PLACEMENT_3D('',#870,#871,#872);
#874=CIRCLE('',#873,6.350000000000039);
#875=EDGE_CURVE('',#213,#162,#874,.T.);
#876=ORIENTED_EDGE('',*,*,#875,.T.);
#877=ORIENTED_EDGE('',*,*,#168,.T.);
#878=CARTESIAN_POINT('',(0.0,13.404095110404342,-6.602221547359513));
#879=DIRECTION('',(1.0,0.0,0.0));
#880=DIRECTION('',(0.0,-0.998629534754573,0.052335956242953));
#881=AXIS2_PLACEMENT_3D('',#878,#879,#880);
#882=CIRCLE('',#881,6.350000000000038);
#883=EDGE_CURVE('',#152,#196,#882,.T.);
#884=ORIENTED_EDGE('',*,*,#883,.T.);
#885=EDGE_LOOP('',(#869,#876,#877,#884));
#886=FACE_BOUND('',#885,.T.);
#887=ADVANCED_FACE('',(#538,#574,#610,#648,#684,#720,#758,#794,#830,#868,#886),#234,.F.);
#888=CARTESIAN_POINT('',(0.0,35.629095110404378,-6.602221547359903));
#889=DIRECTION('',(1.0,0.0,0.0));
#890=DIRECTION('',(0.0,0.0,-1.0));
#891=AXIS2_PLACEMENT_3D('',#888,#889,#890);
#892=CYLINDRICAL_SURFACE('',#891,6.350000000000039);
#893=ORIENTED_EDGE('',*,*,#218,.T.);
#894=CARTESIAN_POINT('',(6.000000000000001,35.629095110404378,-6.602221547359903));
#895=DIRECTION('',(-1.0,0.0,0.0));
#896=DIRECTION('',(0.0,0.0,-1.0));
#897=AXIS2_PLACEMENT_3D('',#894,#895,#896);
#898=CIRCLE('',#897,6.350000000000039);
#899=EDGE_CURVE('',#171,#204,#898,.T.);
#900=ORIENTED_EDGE('',*,*,#899,.F.);
#901=ORIENTED_EDGE('',*,*,#176,.T.);
#902=ORIENTED_EDGE('',*,*,#875,.F.);
#903=EDGE_LOOP('',(#893,#900,#901,#902));
#904=FACE_OUTER_BOUND('',#903,.T.);
#905=ADVANCED_FACE('',(#904),#892,.F.);
#906=CARTESIAN_POINT('',(0.0,-19.933404889596034,2.570644287589232));
#907=DIRECTION('',(1.0,0.0,0.0));
#908=DIRECTION('',(0.0,-1.0,0.0));
#909=AXIS2_PLACEMENT_3D('',#906,#907,#908);
#910=CYLINDRICAL_SURFACE('',#909,20.637500000000003);
#911=CARTESIAN_POINT('',(6.000000000000001,-36.750582689798833,-9.391334523893683));
#912=VERTEX_POINT('',#911);
#913=CARTESIAN_POINT('',(0.0,-36.750582689798833,-9.391334523893683));
#914=DIRECTION('',(1.0,0.0,0.0));
#915=VECTOR('',#914,6.000000000000001);
#916=LINE('',#913,#915);
#917=EDGE_CURVE('',#852,#912,#916,.T.);
#918=ORIENTED_EDGE('',*,*,#917,.F.);
#919=ORIENTED_EDGE('',*,*,#858,.F.);
#920=CARTESIAN_POINT('',(6.000000000000001,-3.11622708939284,-9.391334523893137));
#921=VERTEX_POINT('',#920);
#922=CARTESIAN_POINT('',(6.000000000000001,-3.11622708939284,-9.391334523893137));
#923=DIRECTION('',(-1.0,0.0,0.0));
#924=VECTOR('',#923,6.000000000000001);
#925=LINE('',#922,#924);
#926=EDGE_CURVE('',#921,#843,#925,.T.);
#927=ORIENTED_EDGE('',*,*,#926,.F.);
#928=CARTESIAN_POINT('',(6.000000000000001,-19.933404889596034,2.570644287589232));
#929=DIRECTION('',(-1.0,0.0,0.0));
#930=DIRECTION('',(0.0,-1.0,0.0));
#931=AXIS2_PLACEMENT_3D('',#928,#929,#930);
#932=CIRCLE('',#931,20.637500000000003);
#933=EDGE_CURVE('',#912,#921,#932,.T.);
#934=ORIENTED_EDGE('',*,*,#933,.F.);
#935=EDGE_LOOP('',(#918,#919,#927,#934));
#936=FACE_OUTER_BOUND('',#935,.T.);
#937=ADVANCED_FACE('',(#936),#910,.F.);
#938=CARTESIAN_POINT('',(0.0,-19.933404889596034,2.570644287589232));
#939=DIRECTION('',(1.0,0.0,0.0));
#940=DIRECTION('',(0.0,-1.0,0.0));
#941=AXIS2_PLACEMENT_3D('',#938,#939,#940);
#942=CYLINDRICAL_SURFACE('',#941,20.637500000000003);
#943=CARTESIAN_POINT('',(6.000000000000001,-5.001280500320096,-11.674988989776537));
#944=VERTEX_POINT('',#943);
#945=CARTESIAN_POINT('',(0.0,-5.001280500320096,-11.674988989776537));
#946=DIRECTION('',(1.0,0.0,0.0));
#947=VECTOR('',#946,6.000000000000001);
#948=LINE('',#945,#947);
#949=EDGE_CURVE('',#834,#944,#948,.T.);
#950=ORIENTED_EDGE('',*,*,#949,.F.);
#951=ORIENTED_EDGE('',*,*,#840,.F.);
#952=CARTESIAN_POINT('',(6.000000000000001,-34.865529278873119,-11.674988989775326));
#953=VERTEX_POINT('',#952);
#954=CARTESIAN_POINT('',(6.000000000000001,-34.865529278873119,-11.674988989775326));
#955=DIRECTION('',(-1.0,0.0,0.0));
#956=VECTOR('',#955,6.000000000000001);
#957=LINE('',#954,#956);
#958=EDGE_CURVE('',#953,#832,#957,.T.);
#959=ORIENTED_EDGE('',*,*,#958,.F.);
#960=CARTESIAN_POINT('',(6.000000000000001,-19.933404889596034,2.570644287589232));
#961=DIRECTION('',(-1.0,0.0,0.0));
#962=DIRECTION('',(0.0,-1.0,0.0));
#963=AXIS2_PLACEMENT_3D('',#960,#961,#962);
#964=CIRCLE('',#963,20.637500000000003);
#965=EDGE_CURVE('',#944,#953,#964,.T.);
#966=ORIENTED_EDGE('',*,*,#965,.F.);
#967=EDGE_LOOP('',(#950,#951,#959,#966));
#968=FACE_OUTER_BOUND('',#967,.T.);
#969=ADVANCED_FACE('',(#968),#942,.F.);
#970=CARTESIAN_POINT('',(6.000000000000001,-192.21915229241435,1.191327690875967));
#971=DIRECTION('',(1.0,0.0,0.0));
#972=DIRECTION('',(0.0,0.0,-1.0));
#973=AXIS2_PLACEMENT_3D('',#970,#971,#972);
#974=PLANE('',#973);
#975=CARTESIAN_POINT('',(6.000000000000001,-174.49047585820355,-24.536550006588879));
#976=VERTEX_POINT('',#975);
#977=CARTESIAN_POINT('',(6.000000000000001,-182.32331830246875,-27.23972154735641));
#978=VERTEX_POINT('',#977);
#979=CARTESIAN_POINT('',(6.000000000000001,-182.32331830246858,-14.539721547356343));
#980=DIRECTION('',(-1.0,0.0,0.0));
#981=DIRECTION('',(0.0,0.0,-1.0));
#982=AXIS2_PLACEMENT_3D('',#979,#980,#981);
#983=CIRCLE('',#982,12.700000000000069);
#984=EDGE_CURVE('',#976,#978,#983,.T.);
#985=ORIENTED_EDGE('',*,*,#984,.F.);
#986=CARTESIAN_POINT('',(6.000000000000001,-157.52012134071833,-11.239721547356879));
#987=VERTEX_POINT('',#986);
#988=CARTESIAN_POINT('',(6.000000000000001,-157.52012134071833,-11.239721547356877));
#989=DIRECTION('',(0.0,-0.78715184718366,-0.616759247579923));
#990=VECTOR('',#989,21.559187821515287);
#991=LINE('',#988,#990);
#992=EDGE_CURVE('',#987,#976,#991,.T.);
#993=ORIENTED_EDGE('',*,*,#992,.F.);
#994=CARTESIAN_POINT('',(6.000000000000001,-54.684365462959654,-11.23972154735846));
#995=VERTEX_POINT('',#994);
#996=CARTESIAN_POINT('',(6.000000000000001,-54.684365462959647,-11.23972154735846));
#997=DIRECTION('',(0.0,-1.0,0.0));
#998=VECTOR('',#997,102.83575587775869);
#999=LINE('',#996,#998);
#1000=EDGE_CURVE('',#995,#987,#999,.T.);
#1001=ORIENTED_EDGE('',*,*,#1000,.F.);
#1002=CARTESIAN_POINT('',(6.000000000000001,-37.667918657993056,-24.544565461875578));
#1003=VERTEX_POINT('',#1002);
#1004=CARTESIAN_POINT('',(6.000000000000001,-37.667918657993056,-24.544565461875578));
#1005=DIRECTION('',(0.0,-0.787782985395016,0.615952894239581));
#1006=VECTOR('',#1005,21.600424381384759);
#1007=LINE('',#1004,#1006);
#1008=EDGE_CURVE('',#1003,#995,#1007,.T.);
#1009=ORIENTED_EDGE('',*,*,#1008,.F.);
#1010=CARTESIAN_POINT('',(6.000000000000001,-29.845316901150674,-27.239721547358833));
#1011=VERTEX_POINT('',#1010);
#1012=CARTESIAN_POINT('',(6.000000000000001,-29.845316901150483,-14.539721547358759));
#1013=DIRECTION('',(-1.0,0.0,0.0));
#1014=DIRECTION('',(0.0,-0.615952894239571,-0.787782985395023));
#1015=AXIS2_PLACEMENT_3D('',#1012,#1013,#1014);
#1016=CIRCLE('',#1015,12.700000000000076);
#1017=EDGE_CURVE('',#1011,#1003,#1016,.T.);
#1018=ORIENTED_EDGE('',*,*,#1017,.F.);
#1019=CARTESIAN_POINT('',(6.000000000000001,34.428507121958205,-27.239721547359963));
#1020=VERTEX_POINT('',#1019);
#1021=CARTESIAN_POINT('',(6.000000000000001,34.428507121958205,-27.239721547359963));
#1022=DIRECTION('',(0.0,-1.0,0.0));
#1023=VECTOR('',#1022,64.273824023108887);
#1024=LINE('',#1021,#1023);
#1025=EDGE_CURVE('',#1020,#1011,#1024,.T.);
#1026=ORIENTED_EDGE('',*,*,#1025,.F.);
#1027=CARTESIAN_POINT('',(6.000000000000001,42.251108878800721,-24.54456546187695));
#1028=VERTEX_POINT('',#1027);
#1029=CARTESIAN_POINT('',(6.000000000000001,34.428507121958418,-14.539721547359896));
#1030=DIRECTION('',(-1.0,0.0,0.0));
#1031=DIRECTION('',(0.0,0.0,-1.0));
#1032=AXIS2_PLACEMENT_3D('',#1029,#1030,#1031);
#1033=CIRCLE('',#1032,12.700000000000063);
#1034=EDGE_CURVE('',#1028,#1020,#1033,.T.);
#1035=ORIENTED_EDGE('',*,*,#1034,.F.);
#1036=CARTESIAN_POINT('',(6.000000000000001,59.267555683767874,-11.239721547360201));
#1037=VERTEX_POINT('',#1036);
#1038=CARTESIAN_POINT('',(6.000000000000001,59.267555683767881,-11.23972154736021));
#1039=DIRECTION('',(0.0,-0.787782985395035,-0.615952894239556));
#1040=VECTOR('',#1039,21.600424381384968);
#1041=LINE('',#1038,#1040);
#1042=EDGE_CURVE('',#1037,#1028,#1041,.T.);
#1043=ORIENTED_EDGE('',*,*,#1042,.F.);
#1044=CARTESIAN_POINT('',(6.000000000000001,162.10331156152623,-11.239721547361805));
#1045=VERTEX_POINT('',#1044);
#1046=CARTESIAN_POINT('',(6.000000000000001,162.10331156152623,-11.239721547361803));
#1047=DIRECTION('',(0.0,-1.0,0.0));
#1048=VECTOR('',#1047,102.83575587775834);
#1049=LINE('',#1046,#1048);
#1050=EDGE_CURVE('',#1045,#1037,#1049,.T.);
#1051=ORIENTED_EDGE('',*,*,#1050,.F.);
#1052=CARTESIAN_POINT('',(6.000000000000001,179.07366607901128,-24.536550006594688));
#1053=VERTEX_POINT('',#1052);
#1054=CARTESIAN_POINT('',(6.000000000000001,179.07366607901128,-24.536550006594688));
#1055=DIRECTION('',(0.0,-0.787151847183637,0.616759247579952));
#1056=VECTOR('',#1055,21.559187821515692);
#1057=LINE('',#1054,#1056);
#1058=EDGE_CURVE('',#1053,#1045,#1057,.T.);
#1059=ORIENTED_EDGE('',*,*,#1058,.F.);
#1060=CARTESIAN_POINT('',(6.000000000000001,186.90650852327644,-27.239721547362457));
#1061=VERTEX_POINT('',#1060);
#1062=CARTESIAN_POINT('',(6.000000000000001,186.90650852327664,-14.539721547362383));
#1063=DIRECTION('',(-1.0,0.0,0.0));
#1064=DIRECTION('',(0.0,-0.616759247579946,-0.787151847183641));
#1065=AXIS2_PLACEMENT_3D('',#1062,#1063,#1064);
#1066=CIRCLE('',#1065,12.700000000000079);
#1067=EDGE_CURVE('',#1061,#1053,#1066,.T.);
#1068=ORIENTED_EDGE('',*,*,#1067,.F.);
#1069=CARTESIAN_POINT('',(6.000000000000001,206.71578169753556,-27.23972154736277));
#1070=VERTEX_POINT('',#1069);
#1071=CARTESIAN_POINT('',(6.000000000000001,206.71578169753556,-27.23972154736277));
#1072=DIRECTION('',(0.0,-1.0,0.0));
#1073=VECTOR('',#1072,19.809273174259118);
#1074=LINE('',#1071,#1073);
#1075=EDGE_CURVE('',#1070,#1061,#1074,.T.);
#1076=ORIENTED_EDGE('',*,*,#1075,.F.);
#1077=CARTESIAN_POINT('',(6.000000000000001,214.54862414180081,-24.536550006595263));
#1078=VERTEX_POINT('',#1077);
#1079=CARTESIAN_POINT('',(6.000000000000001,206.71578169753582,-14.539721547362738));
#1080=DIRECTION('',(-1.0,0.0,0.0));
#1081=DIRECTION('',(0.0,0.0,-1.0));
#1082=AXIS2_PLACEMENT_3D('',#1079,#1080,#1081);
#1083=CIRCLE('',#1082,12.700000000000053);
#1084=EDGE_CURVE('',#1078,#1070,#1083,.T.);
#1085=ORIENTED_EDGE('',*,*,#1084,.F.);
#1086=CARTESIAN_POINT('',(6.000000000000001,232.18538088425527,-10.717573582738389));
#1087=VERTEX_POINT('',#1086);
#1088=CARTESIAN_POINT('',(6.000000000000001,232.18538088425527,-10.717573582738391));
#1089=DIRECTION('',(0.0,-0.787151847183658,-0.616759247579924));
#1090=VECTOR('',#1089,22.405787149654543);
#1091=LINE('',#1088,#1090);
#1092=EDGE_CURVE('',#1087,#1078,#1091,.T.);
#1093=ORIENTED_EDGE('',*,*,#1092,.F.);
#1094=CARTESIAN_POINT('',(6.000000000000001,233.18499942536224,9.521109231576423));
#1095=VERTEX_POINT('',#1094);
#1096=CARTESIAN_POINT('',(6.000000000000001,225.03689511040648,-0.220471547362955));
#1097=DIRECTION('',(-1.0,0.0,0.0));
#1098=DIRECTION('',(0.0,0.562872895578641,-0.826543467352393));
#1099=AXIS2_PLACEMENT_3D('',#1096,#1097,#1098);
#1100=CIRCLE('',#1099,12.700000000000079);
#1101=EDGE_CURVE('',#1095,#1087,#1100,.T.);
#1102=ORIENTED_EDGE('',*,*,#1101,.F.);
#1103=CARTESIAN_POINT('',(6.000000000000001,214.78133951906315,27.127240624105013));
#1104=VERTEX_POINT('',#1103);
#1105=CARTESIAN_POINT('',(6.000000000000001,214.78133951906315,27.127240624105021));
#1106=DIRECTION('',(0.0,0.722590262718059,-0.691276581568511));
#1107=VECTOR('',#1106,25.469011770339687);
#1108=LINE('',#1105,#1107);
#1109=EDGE_CURVE('',#1104,#1095,#1108,.T.);
#1110=ORIENTED_EDGE('',*,*,#1109,.F.);
#1111=CARTESIAN_POINT('',(6.000000000000001,206.00212693314333,30.650344287585717));
#1112=VERTEX_POINT('',#1111);
#1113=CARTESIAN_POINT('',(6.000000000000001,206.00212693314313,17.950344287585658));
#1114=DIRECTION('',(-1.0,0.0,0.0));
#1115=DIRECTION('',(0.0,0.691276581568508,0.722590262718061));
#1116=AXIS2_PLACEMENT_3D('',#1113,#1114,#1115);
#1117=CIRCLE('',#1116,12.700000000000056);
#1118=EDGE_CURVE('',#1112,#1104,#1117,.T.);
#1119=ORIENTED_EDGE('',*,*,#1118,.F.);
#1120=CARTESIAN_POINT('',(6.000000000000001,187.62016328767061,30.650344287585902));
#1121=VERTEX_POINT('',#1120);
#1122=CARTESIAN_POINT('',(6.000000000000001,187.62016328767061,30.650344287585906));
#1123=DIRECTION('',(0.0,1.0,0.0));
#1124=VECTOR('',#1123,18.381963645472723);
#1125=LINE('',#1122,#1124);
#1126=EDGE_CURVE('',#1121,#1112,#1125,.T.);
#1127=ORIENTED_EDGE('',*,*,#1126,.F.);
#1128=CARTESIAN_POINT('',(6.000000000000001,178.8409507017505,27.127240624105625));
#1129=VERTEX_POINT('',#1128);
#1130=CARTESIAN_POINT('',(6.000000000000001,187.62016328767038,17.950344287586013));
#1131=DIRECTION('',(-1.0,0.0,0.0));
#1132=DIRECTION('',(0.0,0.0,1.0));
#1133=AXIS2_PLACEMENT_3D('',#1130,#1131,#1132);
#1134=CIRCLE('',#1133,12.700000000000076);
#1135=EDGE_CURVE('',#1129,#1121,#1134,.T.);
#1136=ORIENTED_EDGE('',*,*,#1135,.F.);
#1137=CARTESIAN_POINT('',(6.000000000000001,165.79887168143259,14.650344287586492));
#1138=VERTEX_POINT('',#1137);
#1139=CARTESIAN_POINT('',(6.000000000000001,165.79887168143259,14.650344287586499));
#1140=DIRECTION('',(0.0,0.722590262718075,0.691276581568494));
#1141=VECTOR('',#1140,18.049065553774827);
#1142=LINE('',#1139,#1141);
#1143=EDGE_CURVE('',#1138,#1129,#1142,.T.);
#1144=ORIENTED_EDGE('',*,*,#1143,.F.);
#1145=CARTESIAN_POINT('',(6.000000000000001,55.558998266730264,14.650344287588229));
#1146=VERTEX_POINT('',#1145);
#1147=CARTESIAN_POINT('',(6.000000000000001,55.558998266730271,14.650344287588229));
#1148=DIRECTION('',(0.0,1.0,0.0));
#1149=VECTOR('',#1148,110.23987341470232);
#1150=LINE('',#1147,#1149);
#1151=EDGE_CURVE('',#1146,#1138,#1150,.T.);
#1152=ORIENTED_EDGE('',*,*,#1151,.F.);
#1153=CARTESIAN_POINT('',(6.000000000000001,42.485162690850927,27.135129622506721));
#1154=VERTEX_POINT('',#1153);
#1155=CARTESIAN_POINT('',(6.000000000000001,42.48516269085092,27.135129622506724));
#1156=DIRECTION('',(0.0,0.723211443694358,-0.690626677525219));
#1157=VECTOR('',#1156,18.077473316924689);
#1158=LINE('',#1155,#1157);
#1159=EDGE_CURVE('',#1154,#1146,#1158,.T.);
#1160=ORIENTED_EDGE('',*,*,#1159,.F.);
#1161=CARTESIAN_POINT('',(6.000000000000001,33.714203886280828,30.650344287588425));
#1162=VERTEX_POINT('',#1161);
#1163=CARTESIAN_POINT('',(6.000000000000001,33.7142038862806,17.950344287588358));
#1164=DIRECTION('',(-1.0,0.0,0.0));
#1165=DIRECTION('',(0.0,0.69062667752522,0.723211443694357));
#1166=AXIS2_PLACEMENT_3D('',#1163,#1164,#1165);
#1167=CIRCLE('',#1166,12.700000000000067);
#1168=EDGE_CURVE('',#1162,#1154,#1167,.T.);
#1169=ORIENTED_EDGE('',*,*,#1168,.F.);
#1170=CARTESIAN_POINT('',(6.000000000000001,-29.131013665471315,30.650344287589455));
#1171=VERTEX_POINT('',#1170);
#1172=CARTESIAN_POINT('',(6.000000000000001,-29.131013665471315,30.650344287589455));
#1173=DIRECTION('',(0.0,1.0,0.0));
#1174=VECTOR('',#1173,62.845217551752135);
#1175=LINE('',#1172,#1174);
#1176=EDGE_CURVE('',#1171,#1162,#1175,.T.);
#1177=ORIENTED_EDGE('',*,*,#1176,.F.);
#1178=CARTESIAN_POINT('',(6.000000000000001,-37.901972470041521,27.135129622508096));
#1179=VERTEX_POINT('',#1178);
#1180=CARTESIAN_POINT('',(6.000000000000001,-29.131013665471528,17.950344287589388));
#1181=DIRECTION('',(-1.0,0.0,0.0));
#1182=DIRECTION('',(0.0,0.0,1.0));
#1183=AXIS2_PLACEMENT_3D('',#1180,#1181,#1182);
#1184=CIRCLE('',#1183,12.700000000000081);
#1185=EDGE_CURVE('',#1179,#1171,#1184,.T.);
#1186=ORIENTED_EDGE('',*,*,#1185,.F.);
#1187=CARTESIAN_POINT('',(6.000000000000001,-50.975808045921518,14.650344287589867));
#1188=VERTEX_POINT('',#1187);
#1189=CARTESIAN_POINT('',(6.000000000000001,-50.975808045921518,14.650344287589865));
#1190=DIRECTION('',(0.0,0.723211443694383,0.690626677525193));
#1191=VECTOR('',#1190,18.077473316924983);
#1192=LINE('',#1189,#1191);
#1193=EDGE_CURVE('',#1188,#1179,#1192,.T.);
#1194=ORIENTED_EDGE('',*,*,#1193,.F.);
#1195=CARTESIAN_POINT('',(6.000000000000001,-161.2156814606231,14.650344287591576));
#1196=VERTEX_POINT('',#1195);
#1197=CARTESIAN_POINT('',(6.000000000000001,-161.2156814606231,14.650344287591578));
#1198=DIRECTION('',(0.0,1.0,0.0));
#1199=VECTOR('',#1198,110.23987341470158);
#1200=LINE('',#1197,#1199);
#1201=EDGE_CURVE('',#1196,#1188,#1200,.T.);
#1202=ORIENTED_EDGE('',*,*,#1201,.F.);
#1203=CARTESIAN_POINT('',(6.000000000000001,-174.25776048094107,27.127240624111373));
#1204=VERTEX_POINT('',#1203);
#1205=CARTESIAN_POINT('',(6.000000000000001,-174.25776048094107,27.127240624111376));
#1206=DIRECTION('',(0.0,0.722590262718056,-0.691276581568514));
#1207=VECTOR('',#1206,18.049065553775343);
#1208=LINE('',#1205,#1207);
#1209=EDGE_CURVE('',#1204,#1196,#1208,.T.);
#1210=ORIENTED_EDGE('',*,*,#1209,.F.);
#1211=CARTESIAN_POINT('',(6.000000000000001,-183.03697306686107,30.650344287592027));
#1212=VERTEX_POINT('',#1211);
#1213=CARTESIAN_POINT('',(6.000000000000001,-183.03697306686126,17.950344287591946));
#1214=DIRECTION('',(-1.0,0.0,0.0));
#1215=DIRECTION('',(0.0,0.691276581568512,0.722590262718058));
#1216=AXIS2_PLACEMENT_3D('',#1213,#1214,#1215);
#1217=CIRCLE('',#1216,12.700000000000079);
#1218=EDGE_CURVE('',#1212,#1204,#1217,.T.);
#1219=ORIENTED_EDGE('',*,*,#1218,.F.);
#1220=CARTESIAN_POINT('',(6.000000000000001,-201.41893671233368,30.650344287592333));
#1221=VERTEX_POINT('',#1220);
#1222=CARTESIAN_POINT('',(6.000000000000001,-201.41893671233368,30.650344287592333));
#1223=DIRECTION('',(0.0,1.0,0.0));
#1224=VECTOR('',#1223,18.381963645472609);
#1225=LINE('',#1222,#1224);
#1226=EDGE_CURVE('',#1221,#1212,#1225,.T.);
#1227=ORIENTED_EDGE('',*,*,#1226,.F.);
#1228=CARTESIAN_POINT('',(6.000000000000001,-210.19814929825387,27.127240624111767));
#1229=VERTEX_POINT('',#1228);
#1230=CARTESIAN_POINT('',(6.000000000000001,-201.4189367123339,17.95034428759223));
#1231=DIRECTION('',(-1.0,0.0,0.0));
#1232=DIRECTION('',(0.0,0.0,1.0));
#1233=AXIS2_PLACEMENT_3D('',#1230,#1231,#1232);
#1234=CIRCLE('',#1233,12.700000000000051);
#1235=EDGE_CURVE('',#1229,#1221,#1234,.T.);
#1236=ORIENTED_EDGE('',*,*,#1235,.F.);
#1237=CARTESIAN_POINT('',(6.000000000000001,-229.18980924407433,8.958590362656221));
#1238=VERTEX_POINT('',#1237);
#1239=CARTESIAN_POINT('',(6.000000000000001,-229.18980924407435,8.958590362656253));
#1240=DIRECTION('',(0.0,0.722590262718078,0.691276581568491));
#1241=VECTOR('',#1240,26.282750994155268);
#1242=LINE('',#1239,#1241);
#1243=EDGE_CURVE('',#1238,#1229,#1242,.T.);
#1244=ORIENTED_EDGE('',*,*,#1243,.F.);
#1245=CARTESIAN_POINT('',(6.000000000000001,-228.24343910241981,-10.215134433095638));
#1246=VERTEX_POINT('',#1245);
#1247=CARTESIAN_POINT('',(6.000000000000001,-220.41059665815439,-0.218305973863401));
#1248=DIRECTION('',(-1.0,0.0,0.0));
#1249=DIRECTION('',(0.0,-0.691276581568494,0.722590262718076));
#1250=AXIS2_PLACEMENT_3D('',#1247,#1248,#1249);
#1251=CIRCLE('',#1250,12.700000000000069);
#1252=EDGE_CURVE('',#1246,#1238,#1251,.T.);
#1253=ORIENTED_EDGE('',*,*,#1252,.F.);
#1254=CARTESIAN_POINT('',(6.000000000000001,-209.96543392099284,-24.536550006588307));
#1255=VERTEX_POINT('',#1254);
#1256=CARTESIAN_POINT('',(6.000000000000001,-209.96543392099284,-24.536550006588335));
#1257=DIRECTION('',(0.0,-0.787151847183639,0.616759247579949));
#1258=VECTOR('',#1257,23.220431034779491);
#1259=LINE('',#1256,#1258);
#1260=EDGE_CURVE('',#1255,#1246,#1259,.T.);
#1261=ORIENTED_EDGE('',*,*,#1260,.F.);
#1262=CARTESIAN_POINT('',(6.000000000000001,-202.1325914767279,-27.239721547356122));
#1263=VERTEX_POINT('',#1262);
#1264=CARTESIAN_POINT('',(6.000000000000001,-202.13259147672773,-14.539721547356059));
#1265=DIRECTION('',(-1.0,0.0,0.0));
#1266=DIRECTION('',(0.0,-0.616759247579936,-0.787151847183649));
#1267=AXIS2_PLACEMENT_3D('',#1264,#1265,#1266);
#1268=CIRCLE('',#1267,12.700000000000063);
#1269=EDGE_CURVE('',#1263,#1255,#1268,.T.);
#1270=ORIENTED_EDGE('',*,*,#1269,.F.);
#1271=CARTESIAN_POINT('',(6.000000000000001,-182.32331830246875,-27.23972154735641));
#1272=DIRECTION('',(0.0,-1.0,0.0));
#1273=VECTOR('',#1272,19.809273174259147);
#1274=LINE('',#1271,#1273);
#1275=EDGE_CURVE('',#978,#1263,#1274,.T.);
#1276=ORIENTED_EDGE('',*,*,#1275,.F.);
#1277=EDGE_LOOP('',(#985,#993,#1001,#1009,#1018,#1026,#1035,#1043,#1051,#1059,#1068,#1076,#1085,#1093,#1102,#1110,#1119,#1127,#1136,#1144,#1152,#1160,#1169,#1177,#1186,#1194,#1202,#1210,#1219,#1227,#1236,#1244,#1253,#1261,#1270,#1276));
#1278=FACE_OUTER_BOUND('',#1277,.T.);
#1279=ORIENTED_EDGE('',*,*,#210,.T.);
#1280=CARTESIAN_POINT('',(6.000000000000001,13.404095110404342,-6.602221547359513));
#1281=DIRECTION('',(-1.0,0.0,0.0));
#1282=DIRECTION('',(0.0,-0.998629534754573,0.052335956242953));
#1283=AXIS2_PLACEMENT_3D('',#1280,#1281,#1282);
#1284=CIRCLE('',#1283,6.350000000000038);
#1285=EDGE_CURVE('',#194,#154,#1284,.T.);
#1286=ORIENTED_EDGE('',*,*,#1285,.T.);
#1287=ORIENTED_EDGE('',*,*,#183,.T.);
#1288=ORIENTED_EDGE('',*,*,#899,.T.);
#1289=EDGE_LOOP('',(#1279,#1286,#1287,#1288));
#1290=FACE_BOUND('',#1289,.T.);
#1291=CARTESIAN_POINT('',(6.000000000000001,211.74326949968321,-11.674988989779234));
#1292=VERTEX_POINT('',#1291);
#1293=CARTESIAN_POINT('',(6.000000000000001,181.87902072112931,-11.674988989778775));
#1294=VERTEX_POINT('',#1293);
#1295=CARTESIAN_POINT('',(6.000000000000001,196.81114511040647,2.570644287585679));
#1296=DIRECTION('',(-1.0,0.0,0.0));
#1297=DIRECTION('',(0.0,-1.0,0.0));
#1298=AXIS2_PLACEMENT_3D('',#1295,#1296,#1297);
#1299=CIRCLE('',#1298,20.637500000000003);
#1300=EDGE_CURVE('',#1292,#1294,#1299,.T.);
#1301=ORIENTED_EDGE('',*,*,#1300,.T.);
#1302=CARTESIAN_POINT('',(6.000000000000001,179.99396731020357,-9.39133452389712));
#1303=VERTEX_POINT('',#1302);
#1304=CARTESIAN_POINT('',(6.000000000000001,185.69864511040629,-6.602221547362284));
#1305=DIRECTION('',(-1.0,0.0,0.0));
#1306=DIRECTION('',(0.0,-0.998629534754573,0.052335956242966));
#1307=AXIS2_PLACEMENT_3D('',#1304,#1305,#1306);
#1308=CIRCLE('',#1307,6.350000000000035);
#1309=EDGE_CURVE('',#1294,#1303,#1308,.T.);
#1310=ORIENTED_EDGE('',*,*,#1309,.T.);
#1311=CARTESIAN_POINT('',(6.000000000000001,213.62832291060886,-9.391334523897834));
#1312=VERTEX_POINT('',#1311);
#1313=CARTESIAN_POINT('',(6.000000000000001,196.81114511040647,2.570644287585679));
#1314=DIRECTION('',(-1.0,0.0,0.0));
#1315=DIRECTION('',(0.0,-1.0,0.0));
#1316=AXIS2_PLACEMENT_3D('',#1313,#1314,#1315);
#1317=CIRCLE('',#1316,20.637500000000003);
#1318=EDGE_CURVE('',#1303,#1312,#1317,.T.);
#1319=ORIENTED_EDGE('',*,*,#1318,.T.);
#1320=CARTESIAN_POINT('',(6.000000000000001,207.92364511040631,-6.602221547362674));
#1321=DIRECTION('',(-1.0,0.0,0.0));
#1322=DIRECTION('',(0.0,0.0,-1.0));
#1323=AXIS2_PLACEMENT_3D('',#1320,#1321,#1322);
#1324=CIRCLE('',#1323,6.350000000000034);
#1325=EDGE_CURVE('',#1312,#1292,#1324,.T.);
#1326=ORIENTED_EDGE('',*,*,#1325,.T.);
#1327=EDGE_LOOP('',(#1301,#1310,#1319,#1326));
#1328=FACE_BOUND('',#1327,.T.);
#1329=CARTESIAN_POINT('',(6.000000000000001,169.08539511040655,4.279528452641593));
#1330=VERTEX_POINT('',#1329);
#1331=CARTESIAN_POINT('',(6.000000000000001,169.08539511040655,-4.720471547362955));
#1332=VERTEX_POINT('',#1331);
#1333=CARTESIAN_POINT('',(6.000000000000001,169.08539511040655,-0.220471547362955));
#1334=DIRECTION('',(-1.0,0.0,0.0));
#1335=DIRECTION('',(0.0,0.0,-1.0));
#1336=AXIS2_PLACEMENT_3D('',#1333,#1334,#1335);
#1337=CIRCLE('',#1336,4.5);
#1338=EDGE_CURVE('',#1330,#1332,#1337,.T.);
#1339=ORIENTED_EDGE('',*,*,#1338,.T.);
#1340=CARTESIAN_POINT('',(6.000000000000001,168.08539511040652,-4.720471547362955));
#1341=VERTEX_POINT('',#1340);
#1342=CARTESIAN_POINT('',(6.000000000000001,169.08539511040655,-4.720471547362955));
#1343=DIRECTION('',(0.0,-1.0,0.0));
#1344=VECTOR('',#1343,1.000000000000028);
#1345=LINE('',#1342,#1344);
#1346=EDGE_CURVE('',#1332,#1341,#1345,.T.);
#1347=ORIENTED_EDGE('',*,*,#1346,.T.);
#1348=CARTESIAN_POINT('',(6.000000000000001,168.08539511040652,4.279528452641593));
#1349=VERTEX_POINT('',#1348);
#1350=CARTESIAN_POINT('',(6.000000000000001,168.08539511040652,-0.220471547362955));
#1351=DIRECTION('',(-1.0,0.0,0.0));
#1352=DIRECTION('',(0.0,0.0,1.0));
#1353=AXIS2_PLACEMENT_3D('',#1350,#1351,#1352);
#1354=CIRCLE('',#1353,4.5);
#1355=EDGE_CURVE('',#1341,#1349,#1354,.T.);
#1356=ORIENTED_EDGE('',*,*,#1355,.T.);
#1357=CARTESIAN_POINT('',(6.000000000000001,168.08539511040652,4.279528452641593));
#1358=DIRECTION('',(0.0,1.0,0.0));
#1359=VECTOR('',#1358,1.0);
#1360=LINE('',#1357,#1359);
#1361=EDGE_CURVE('',#1349,#1330,#1360,.T.);
#1362=ORIENTED_EDGE('',*,*,#1361,.T.);
#1363=EDGE_LOOP('',(#1339,#1347,#1356,#1362));
#1364=FACE_BOUND('',#1363,.T.);
#1365=CARTESIAN_POINT('',(6.000000000000001,225.53689511040648,4.279528452641593));
#1366=VERTEX_POINT('',#1365);
#1367=CARTESIAN_POINT('',(6.000000000000001,225.53689511040648,-4.720471547362955));
#1368=VERTEX_POINT('',#1367);
#1369=CARTESIAN_POINT('',(6.000000000000001,225.53689511040648,-0.220471547362955));
#1370=DIRECTION('',(-1.0,0.0,0.0));
#1371=DIRECTION('',(0.0,0.0,1.0));
#1372=AXIS2_PLACEMENT_3D('',#1369,#1370,#1371);
#1373=CIRCLE('',#1372,4.5);
#1374=EDGE_CURVE('',#1366,#1368,#1373,.T.);
#1375=ORIENTED_EDGE('',*,*,#1374,.T.);
#1376=CARTESIAN_POINT('',(6.000000000000001,224.53689511040648,-4.720471547362955));
#1377=VERTEX_POINT('',#1376);
#1378=CARTESIAN_POINT('',(6.000000000000001,225.53689511040648,-4.720471547362955));
#1379=DIRECTION('',(0.0,-1.0,0.0));
#1380=VECTOR('',#1379,1.0);
#1381=LINE('',#1378,#1380);
#1382=EDGE_CURVE('',#1368,#1377,#1381,.T.);
#1383=ORIENTED_EDGE('',*,*,#1382,.T.);
#1384=CARTESIAN_POINT('',(6.000000000000001,224.53689511040648,4.279528452641593));
#1385=VERTEX_POINT('',#1384);
#1386=CARTESIAN_POINT('',(6.000000000000001,224.53689511040648,-0.220471547362955));
#1387=DIRECTION('',(-1.0,0.0,0.0));
#1388=DIRECTION('',(0.0,0.0,-1.0));
#1389=AXIS2_PLACEMENT_3D('',#1386,#1387,#1388);
#1390=CIRCLE('',#1389,4.5);
#1391=EDGE_CURVE('',#1377,#1385,#1390,.T.);
#1392=ORIENTED_EDGE('',*,*,#1391,.T.);
#1393=CARTESIAN_POINT('',(6.000000000000001,224.53689511040648,4.279528452641593));
#1394=DIRECTION('',(0.0,1.0,0.0));
#1395=VECTOR('',#1394,1.0);
#1396=LINE('',#1393,#1395);
#1397=EDGE_CURVE('',#1385,#1366,#1396,.T.);
#1398=ORIENTED_EDGE('',*,*,#1397,.T.);
#1399=EDGE_LOOP('',(#1375,#1383,#1392,#1398));
#1400=FACE_BOUND('',#1399,.T.);
#1401=CARTESIAN_POINT('',(6.000000000000001,-163.50220488959781,4.279528452641593));
#1402=VERTEX_POINT('',#1401);
#1403=CARTESIAN_POINT('',(6.000000000000001,-163.50220488959786,-4.720471547362955));
#1404=VERTEX_POINT('',#1403);
#1405=CARTESIAN_POINT('',(6.000000000000001,-163.50220488959786,-0.220471547362955));
#1406=DIRECTION('',(-1.0,0.0,0.0));
#1407=DIRECTION('',(0.0,0.0,1.0));
#1408=AXIS2_PLACEMENT_3D('',#1405,#1406,#1407);
#1409=CIRCLE('',#1408,4.5);
#1410=EDGE_CURVE('',#1402,#1404,#1409,.T.);
#1411=ORIENTED_EDGE('',*,*,#1410,.T.);
#1412=CARTESIAN_POINT('',(6.000000000000001,-164.50220488959781,-4.720471547362955));
#1413=VERTEX_POINT('',#1412);
#1414=CARTESIAN_POINT('',(6.000000000000001,-163.50220488959786,-4.720471547362955));
#1415=DIRECTION('',(0.0,-1.0,0.0));
#1416=VECTOR('',#1415,0.999999999999943);
#1417=LINE('',#1414,#1416);
#1418=EDGE_CURVE('',#1404,#1413,#1417,.T.);
#1419=ORIENTED_EDGE('',*,*,#1418,.T.);
#1420=CARTESIAN_POINT('',(6.000000000000001,-164.50220488959783,4.279528452641593));
#1421=VERTEX_POINT('',#1420);
#1422=CARTESIAN_POINT('',(6.000000000000001,-164.50220488959781,-0.220471547362955));
#1423=DIRECTION('',(-1.0,0.0,0.0));
#1424=DIRECTION('',(0.0,0.0,-1.0));
#1425=AXIS2_PLACEMENT_3D('',#1422,#1423,#1424);
#1426=CIRCLE('',#1425,4.5);
#1427=EDGE_CURVE('',#1413,#1421,#1426,.T.);
#1428=ORIENTED_EDGE('',*,*,#1427,.T.);
#1429=CARTESIAN_POINT('',(6.000000000000001,-164.50220488959783,4.279528452641593));
#1430=DIRECTION('',(0.0,1.0,0.0));
#1431=VECTOR('',#1430,1.000000000000028);
#1432=LINE('',#1429,#1431);
#1433=EDGE_CURVE('',#1421,#1402,#1432,.T.);
#1434=ORIENTED_EDGE('',*,*,#1433,.T.);
#1435=EDGE_LOOP('',(#1411,#1419,#1428,#1434));
#1436=FACE_BOUND('',#1435,.T.);
#1437=CARTESIAN_POINT('',(6.000000000000001,-219.95370488959796,4.279528452641593));
#1438=VERTEX_POINT('',#1437);
#1439=CARTESIAN_POINT('',(6.000000000000001,-219.95370488959796,-4.720471547362955));
#1440=VERTEX_POINT('',#1439);
#1441=CARTESIAN_POINT('',(6.000000000000001,-219.95370488959796,-0.220471547362955));
#1442=DIRECTION('',(-1.0,0.0,0.0));
#1443=DIRECTION('',(0.0,0.0,1.0));
#1444=AXIS2_PLACEMENT_3D('',#1441,#1442,#1443);
#1445=CIRCLE('',#1444,4.5);
#1446=EDGE_CURVE('',#1438,#1440,#1445,.T.);
#1447=ORIENTED_EDGE('',*,*,#1446,.T.);
#1448=CARTESIAN_POINT('',(6.000000000000001,-220.95370488959799,-4.720471547362955));
#1449=VERTEX_POINT('',#1448);
#1450=CARTESIAN_POINT('',(6.000000000000001,-219.95370488959796,-4.720471547362955));
#1451=DIRECTION('',(0.0,-1.0,0.0));
#1452=VECTOR('',#1451,1.000000000000028);
#1453=LINE('',#1450,#1452);
#1454=EDGE_CURVE('',#1440,#1449,#1453,.T.);
#1455=ORIENTED_EDGE('',*,*,#1454,.T.);
#1456=CARTESIAN_POINT('',(6.000000000000001,-220.95370488959799,4.279528452641593));
#1457=VERTEX_POINT('',#1456);
#1458=CARTESIAN_POINT('',(6.000000000000001,-220.95370488959799,-0.220471547362955));
#1459=DIRECTION('',(-1.0,0.0,0.0));
#1460=DIRECTION('',(0.0,0.0,-1.0));
#1461=AXIS2_PLACEMENT_3D('',#1458,#1459,#1460);
#1462=CIRCLE('',#1461,4.5);
#1463=EDGE_CURVE('',#1449,#1457,#1462,.T.);
#1464=ORIENTED_EDGE('',*,*,#1463,.T.);
#1465=CARTESIAN_POINT('',(6.000000000000001,-220.95370488959796,4.279528452641593));
#1466=DIRECTION('',(0.0,1.0,0.0));
#1467=VECTOR('',#1466,1.0);
#1468=LINE('',#1465,#1467);
#1469=EDGE_CURVE('',#1457,#1438,#1468,.T.);
#1470=ORIENTED_EDGE('',*,*,#1469,.T.);
#1471=EDGE_LOOP('',(#1447,#1455,#1464,#1470));
#1472=FACE_BOUND('',#1471,.T.);
#1473=CARTESIAN_POINT('',(6.000000000000001,-209.0451326898006,-9.391334523890842));
#1474=VERTEX_POINT('',#1473);
#1475=CARTESIAN_POINT('',(6.000000000000001,-175.41077708939537,-9.391334523891308));
#1476=VERTEX_POINT('',#1475);
#1477=CARTESIAN_POINT('',(6.000000000000001,-192.22795488959781,2.570644287592074));
#1478=DIRECTION('',(-1.0,0.0,0.0));
#1479=DIRECTION('',(0.0,-1.0,0.0));
#1480=AXIS2_PLACEMENT_3D('',#1477,#1478,#1479);
#1481=CIRCLE('',#1480,20.637500000000003);
#1482=EDGE_CURVE('',#1474,#1476,#1481,.T.);
#1483=ORIENTED_EDGE('',*,*,#1482,.T.);
#1484=CARTESIAN_POINT('',(6.000000000000001,-177.2958305003213,-11.674988989773071));
#1485=VERTEX_POINT('',#1484);
#1486=CARTESIAN_POINT('',(6.000000000000001,-181.11545488959797,-6.602221547356351));
#1487=DIRECTION('',(-1.0,0.0,0.0));
#1488=DIRECTION('',(0.0,0.0,1.0));
#1489=AXIS2_PLACEMENT_3D('',#1486,#1487,#1488);
#1490=CIRCLE('',#1489,6.350000000000026);
#1491=EDGE_CURVE('',#1476,#1485,#1490,.T.);
#1492=ORIENTED_EDGE('',*,*,#1491,.T.);
#1493=CARTESIAN_POINT('',(6.000000000000001,-207.16007927887489,-11.674988989772483));
#1494=VERTEX_POINT('',#1493);
#1495=CARTESIAN_POINT('',(6.000000000000001,-192.22795488959781,2.570644287592074));
#1496=DIRECTION('',(-1.0,0.0,0.0));
#1497=DIRECTION('',(0.0,-1.0,0.0));
#1498=AXIS2_PLACEMENT_3D('',#1495,#1496,#1497);
#1499=CIRCLE('',#1498,20.637500000000003);
#1500=EDGE_CURVE('',#1485,#1494,#1499,.T.);
#1501=ORIENTED_EDGE('',*,*,#1500,.T.);
#1502=CARTESIAN_POINT('',(6.000000000000001,-203.34045488959794,-6.60222154735596));
#1503=DIRECTION('',(-1.0,0.0,0.0));
#1504=DIRECTION('',(0.0,0.998629534754572,-0.052335956242972));
#1505=AXIS2_PLACEMENT_3D('',#1502,#1503,#1504);
#1506=CIRCLE('',#1505,6.350000000000041);
#1507=EDGE_CURVE('',#1494,#1474,#1506,.T.);
#1508=ORIENTED_EDGE('',*,*,#1507,.T.);
#1509=EDGE_LOOP('',(#1483,#1492,#1501,#1508));
#1510=FACE_BOUND('',#1509,.T.);
#1511=CARTESIAN_POINT('',(6.000000000000001,53.242345110404614,4.279528452637046));
#1512=VERTEX_POINT('',#1511);
#1513=CARTESIAN_POINT('',(6.000000000000001,53.242345110404614,-4.720471547362956));
#1514=VERTEX_POINT('',#1513);
#1515=CARTESIAN_POINT('',(6.000000000000001,53.242345110404614,-0.220471547362955));
#1516=DIRECTION('',(-1.0,0.0,0.0));
#1517=DIRECTION('',(0.0,0.0,1.0));
#1518=AXIS2_PLACEMENT_3D('',#1515,#1516,#1517);
#1519=CIRCLE('',#1518,4.5);
#1520=EDGE_CURVE('',#1512,#1514,#1519,.T.);
#1521=ORIENTED_EDGE('',*,*,#1520,.T.);
#1522=CARTESIAN_POINT('',(6.000000000000001,52.242345110404614,-4.720471547362956));
#1523=VERTEX_POINT('',#1522);
#1524=CARTESIAN_POINT('',(6.000000000000001,53.242345110404614,-4.720471547362956));
#1525=DIRECTION('',(0.0,-1.0,0.0));
#1526=VECTOR('',#1525,1.0);
#1527=LINE('',#1524,#1526);
#1528=EDGE_CURVE('',#1514,#1523,#1527,.T.);
#1529=ORIENTED_EDGE('',*,*,#1528,.T.);
#1530=CARTESIAN_POINT('',(6.000000000000001,52.242345110404614,4.279528452637045));
#1531=VERTEX_POINT('',#1530);
#1532=CARTESIAN_POINT('',(6.000000000000001,52.242345110404614,-0.220471547362955));
#1533=DIRECTION('',(-1.0,0.0,0.0));
#1534=DIRECTION('',(0.0,0.0,-1.0));
#1535=AXIS2_PLACEMENT_3D('',#1532,#1533,#1534);
#1536=CIRCLE('',#1535,4.5);
#1537=EDGE_CURVE('',#1523,#1531,#1536,.T.);
#1538=ORIENTED_EDGE('',*,*,#1537,.T.);
#1539=CARTESIAN_POINT('',(6.000000000000001,52.242345110404614,4.279528452637045));
#1540=DIRECTION('',(0.0,1.0,0.0));
#1541=VECTOR('',#1540,1.000000000000014);
#1542=LINE('',#1539,#1541);
#1543=EDGE_CURVE('',#1531,#1512,#1542,.T.);
#1544=ORIENTED_EDGE('',*,*,#1543,.T.);
#1545=EDGE_LOOP('',(#1521,#1529,#1538,#1544));
#1546=FACE_BOUND('',#1545,.T.);
#1547=CARTESIAN_POINT('',(6.000000000000001,-47.659154889596039,4.279528452641594));
#1548=VERTEX_POINT('',#1547);
#1549=CARTESIAN_POINT('',(6.000000000000001,-47.659154889596039,-4.720471547362956));
#1550=VERTEX_POINT('',#1549);
#1551=CARTESIAN_POINT('',(6.000000000000001,-47.659154889596039,-0.220471547358407));
#1552=DIRECTION('',(-1.0,0.0,0.0));
#1553=DIRECTION('',(0.0,0.0,1.0));
#1554=AXIS2_PLACEMENT_3D('',#1551,#1552,#1553);
#1555=CIRCLE('',#1554,4.5);
#1556=EDGE_CURVE('',#1548,#1550,#1555,.T.);
#1557=ORIENTED_EDGE('',*,*,#1556,.T.);
#1558=CARTESIAN_POINT('',(6.000000000000001,-48.659154889596039,-4.720471547362956));
#1559=VERTEX_POINT('',#1558);
#1560=CARTESIAN_POINT('',(6.000000000000001,-47.659154889596039,-4.720471547362956));
#1561=DIRECTION('',(0.0,-1.0,0.0));
#1562=VECTOR('',#1561,1.0);
#1563=LINE('',#1560,#1562);
#1564=EDGE_CURVE('',#1550,#1559,#1563,.T.);
#1565=ORIENTED_EDGE('',*,*,#1564,.T.);
#1566=CARTESIAN_POINT('',(6.000000000000001,-48.659154889596039,4.279528452641593));
#1567=VERTEX_POINT('',#1566);
#1568=CARTESIAN_POINT('',(6.000000000000001,-48.659154889596039,-0.220471547362955));
#1569=DIRECTION('',(-1.0,0.0,0.0));
#1570=DIRECTION('',(0.0,0.0,-1.0));
#1571=AXIS2_PLACEMENT_3D('',#1568,#1569,#1570);
#1572=CIRCLE('',#1571,4.5);
#1573=EDGE_CURVE('',#1559,#1567,#1572,.T.);
#1574=ORIENTED_EDGE('',*,*,#1573,.T.);
#1575=CARTESIAN_POINT('',(6.000000000000001,-48.659154889596039,4.279528452641593));
#1576=DIRECTION('',(0.0,1.0,0.0));
#1577=VECTOR('',#1576,0.999999999999986);
#1578=LINE('',#1575,#1577);
#1579=EDGE_CURVE('',#1567,#1548,#1578,.T.);
#1580=ORIENTED_EDGE('',*,*,#1579,.T.);
#1581=EDGE_LOOP('',(#1557,#1565,#1574,#1580));
#1582=FACE_BOUND('',#1581,.T.);
#1583=ORIENTED_EDGE('',*,*,#965,.T.);
#1584=CARTESIAN_POINT('',(6.000000000000001,-31.045904889596159,-6.602221547358802));
#1585=DIRECTION('',(-1.0,0.0,0.0));
#1586=DIRECTION('',(0.0,-0.998629534754572,0.05233595624297));
#1587=AXIS2_PLACEMENT_3D('',#1584,#1585,#1586);
#1588=CIRCLE('',#1587,6.350000000000041);
#1589=EDGE_CURVE('',#953,#912,#1588,.T.);
#1590=ORIENTED_EDGE('',*,*,#1589,.T.);
#1591=ORIENTED_EDGE('',*,*,#933,.T.);
#1592=CARTESIAN_POINT('',(6.000000000000001,-8.82090488959598,-6.602221547359193));
#1593=DIRECTION('',(-1.0,0.0,0.0));
#1594=DIRECTION('',(0.0,0.0,-1.0));
#1595=AXIS2_PLACEMENT_3D('',#1592,#1593,#1594);
#1596=CIRCLE('',#1595,6.350000000000041);
#1597=EDGE_CURVE('',#921,#944,#1596,.T.);
#1598=ORIENTED_EDGE('',*,*,#1597,.T.);
#1599=EDGE_LOOP('',(#1583,#1590,#1591,#1598));
#1600=FACE_BOUND('',#1599,.T.);
#1601=ADVANCED_FACE('',(#1278,#1290,#1328,#1364,#1400,#1436,#1472,#1510,#1546,#1582,#1600),#974,.T.);
#1602=CARTESIAN_POINT('',(0.0,-8.82090488959598,-6.602221547359193));
#1603=DIRECTION('',(1.0,0.0,0.0));
#1604=DIRECTION('',(0.0,0.0,-1.0));
#1605=AXIS2_PLACEMENT_3D('',#1602,#1603,#1604);
#1606=CYLINDRICAL_SURFACE('',#1605,6.350000000000041);
#1607=ORIENTED_EDGE('',*,*,#949,.T.);
#1608=ORIENTED_EDGE('',*,*,#1597,.F.);
#1609=ORIENTED_EDGE('',*,*,#926,.T.);
#1610=ORIENTED_EDGE('',*,*,#849,.F.);
#1611=EDGE_LOOP('',(#1607,#1608,#1609,#1610));
#1612=FACE_OUTER_BOUND('',#1611,.T.);
#1613=ADVANCED_FACE('',(#1612),#1606,.F.);
#1614=CARTESIAN_POINT('',(0.0,13.404095110404342,-6.602221547359513));
#1615=DIRECTION('',(1.0,0.0,0.0));
#1616=DIRECTION('',(0.0,-0.998629534754573,0.052335956242953));
#1617=AXIS2_PLACEMENT_3D('',#1614,#1615,#1616);
#1618=CYLINDRICAL_SURFACE('',#1617,6.350000000000039);
#1619=ORIENTED_EDGE('',*,*,#201,.T.);
#1620=ORIENTED_EDGE('',*,*,#883,.F.);
#1621=ORIENTED_EDGE('',*,*,#159,.T.);
#1622=ORIENTED_EDGE('',*,*,#1285,.F.);
#1623=EDGE_LOOP('',(#1619,#1620,#1621,#1622));
#1624=FACE_OUTER_BOUND('',#1623,.T.);
#1625=ADVANCED_FACE('',(#1624),#1618,.F.);
#1626=CARTESIAN_POINT('',(0.0,-31.045904889596159,-6.602221547358802));
#1627=DIRECTION('',(1.0,0.0,0.0));
#1628=DIRECTION('',(0.0,-0.998629534754572,0.05233595624297));
#1629=AXIS2_PLACEMENT_3D('',#1626,#1627,#1628);
#1630=CYLINDRICAL_SURFACE('',#1629,6.350000000000041);
#1631=ORIENTED_EDGE('',*,*,#958,.T.);
#1632=ORIENTED_EDGE('',*,*,#865,.F.);
#1633=ORIENTED_EDGE('',*,*,#917,.T.);
#1634=ORIENTED_EDGE('',*,*,#1589,.F.);
#1635=EDGE_LOOP('',(#1631,#1632,#1633,#1634));
#1636=FACE_OUTER_BOUND('',#1635,.T.);
#1637=ADVANCED_FACE('',(#1636),#1630,.F.);
#1638=CARTESIAN_POINT('',(0.0,-47.659154889596039,-0.220471547358407));
#1639=DIRECTION('',(1.0,0.0,0.0));
#1640=DIRECTION('',(0.0,0.0,1.0));
#1641=AXIS2_PLACEMENT_3D('',#1638,#1639,#1640);
#1642=CYLINDRICAL_SURFACE('',#1641,4.5);
#1643=ORIENTED_EDGE('',*,*,#1556,.F.);
#1644=CARTESIAN_POINT('',(0.0,-47.659154889596039,4.279528452641594));
#1645=DIRECTION('',(1.0,0.0,0.0));
#1646=VECTOR('',#1645,6.000000000000001);
#1647=LINE('',#1644,#1646);
#1648=EDGE_CURVE('',#798,#1548,#1647,.T.);
#1649=ORIENTED_EDGE('',*,*,#1648,.F.);
#1650=ORIENTED_EDGE('',*,*,#804,.F.);
#1651=CARTESIAN_POINT('',(0.0,-47.659154889596039,-4.720471547362956));
#1652=DIRECTION('',(1.0,0.0,0.0));
#1653=VECTOR('',#1652,6.000000000000001);
#1654=LINE('',#1651,#1653);
#1655=EDGE_CURVE('',#796,#1550,#1654,.T.);
#1656=ORIENTED_EDGE('',*,*,#1655,.T.);
#1657=EDGE_LOOP('',(#1643,#1649,#1650,#1656));
#1658=FACE_OUTER_BOUND('',#1657,.T.);
#1659=ADVANCED_FACE('',(#1658),#1642,.F.);
#1660=CARTESIAN_POINT('',(0.0,-47.659154889596039,-4.720471547362956));
#1661=DIRECTION('',(0.0,0.0,-1.0));
#1662=DIRECTION('',(-1.0,0.0,0.0));
#1663=AXIS2_PLACEMENT_3D('',#1660,#1661,#1662);
#1664=PLANE('',#1663);
#1665=ORIENTED_EDGE('',*,*,#1564,.F.);
#1666=ORIENTED_EDGE('',*,*,#1655,.F.);
#1667=ORIENTED_EDGE('',*,*,#827,.F.);
#1668=CARTESIAN_POINT('',(0.0,-48.659154889596039,-4.720471547362956));
#1669=DIRECTION('',(1.0,0.0,0.0));
#1670=VECTOR('',#1669,6.000000000000001);
#1671=LINE('',#1668,#1670);
#1672=EDGE_CURVE('',#815,#1559,#1671,.T.);
#1673=ORIENTED_EDGE('',*,*,#1672,.T.);
#1674=EDGE_LOOP('',(#1665,#1666,#1667,#1673));
#1675=FACE_OUTER_BOUND('',#1674,.T.);
#1676=ADVANCED_FACE('',(#1675),#1664,.F.);
#1677=CARTESIAN_POINT('',(0.0,-48.659154889596039,-0.220471547362955));
#1678=DIRECTION('',(1.0,0.0,0.0));
#1679=DIRECTION('',(0.0,0.0,-1.0));
#1680=AXIS2_PLACEMENT_3D('',#1677,#1678,#1679);
#1681=CYLINDRICAL_SURFACE('',#1680,4.5);
#1682=ORIENTED_EDGE('',*,*,#1573,.F.);
#1683=ORIENTED_EDGE('',*,*,#1672,.F.);
#1684=ORIENTED_EDGE('',*,*,#821,.F.);
#1685=CARTESIAN_POINT('',(0.0,-48.659154889596039,4.279528452641593));
#1686=DIRECTION('',(1.0,0.0,0.0));
#1687=VECTOR('',#1686,6.000000000000001);
#1688=LINE('',#1685,#1687);
#1689=EDGE_CURVE('',#807,#1567,#1688,.T.);
#1690=ORIENTED_EDGE('',*,*,#1689,.T.);
#1691=EDGE_LOOP('',(#1682,#1683,#1684,#1690));
#1692=FACE_OUTER_BOUND('',#1691,.T.);
#1693=ADVANCED_FACE('',(#1692),#1681,.F.);
#1694=CARTESIAN_POINT('',(0.0,-48.659154889596039,4.279528452641593));
#1695=DIRECTION('',(0.0,0.0,1.0));
#1696=DIRECTION('',(1.0,0.0,0.0));
#1697=AXIS2_PLACEMENT_3D('',#1694,#1695,#1696);
#1698=PLANE('',#1697);
#1699=ORIENTED_EDGE('',*,*,#1579,.F.);
#1700=ORIENTED_EDGE('',*,*,#1689,.F.);
#1701=ORIENTED_EDGE('',*,*,#812,.F.);
#1702=ORIENTED_EDGE('',*,*,#1648,.T.);
#1703=EDGE_LOOP('',(#1699,#1700,#1701,#1702));
#1704=FACE_OUTER_BOUND('',#1703,.T.);
#1705=ADVANCED_FACE('',(#1704),#1698,.F.);
#1706=CARTESIAN_POINT('',(0.0,53.242345110404614,-0.220471547362955));
#1707=DIRECTION('',(1.0,0.0,0.0));
#1708=DIRECTION('',(0.0,0.0,1.0));
#1709=AXIS2_PLACEMENT_3D('',#1706,#1707,#1708);
#1710=CYLINDRICAL_SURFACE('',#1709,4.5);
#1711=ORIENTED_EDGE('',*,*,#1520,.F.);
#1712=CARTESIAN_POINT('',(0.0,53.242345110404614,4.279528452637046));
#1713=DIRECTION('',(1.0,0.0,0.0));
#1714=VECTOR('',#1713,6.000000000000001);
#1715=LINE('',#1712,#1714);
#1716=EDGE_CURVE('',#762,#1512,#1715,.T.);
#1717=ORIENTED_EDGE('',*,*,#1716,.F.);
#1718=ORIENTED_EDGE('',*,*,#768,.F.);
#1719=CARTESIAN_POINT('',(0.0,53.242345110404614,-4.720471547362956));
#1720=DIRECTION('',(1.0,0.0,0.0));
#1721=VECTOR('',#1720,6.000000000000001);
#1722=LINE('',#1719,#1721);
#1723=EDGE_CURVE('',#760,#1514,#1722,.T.);
#1724=ORIENTED_EDGE('',*,*,#1723,.T.);
#1725=EDGE_LOOP('',(#1711,#1717,#1718,#1724));
#1726=FACE_OUTER_BOUND('',#1725,.T.);
#1727=ADVANCED_FACE('',(#1726),#1710,.F.);
#1728=CARTESIAN_POINT('',(0.0,53.242345110404614,-4.720471547362956));
#1729=DIRECTION('',(0.0,0.0,-1.0));
#1730=DIRECTION('',(-1.0,0.0,0.0));
#1731=AXIS2_PLACEMENT_3D('',#1728,#1729,#1730);
#1732=PLANE('',#1731);
#1733=ORIENTED_EDGE('',*,*,#1528,.F.);
#1734=ORIENTED_EDGE('',*,*,#1723,.F.);
#1735=ORIENTED_EDGE('',*,*,#791,.F.);
#1736=CARTESIAN_POINT('',(0.0,52.242345110404614,-4.720471547362956));
#1737=DIRECTION('',(1.0,0.0,0.0));
#1738=VECTOR('',#1737,6.000000000000001);
#1739=LINE('',#1736,#1738);
#1740=EDGE_CURVE('',#779,#1523,#1739,.T.);
#1741=ORIENTED_EDGE('',*,*,#1740,.T.);
#1742=EDGE_LOOP('',(#1733,#1734,#1735,#1741));
#1743=FACE_OUTER_BOUND('',#1742,.T.);
#1744=ADVANCED_FACE('',(#1743),#1732,.F.);
#1745=CARTESIAN_POINT('',(0.0,52.242345110404614,-0.220471547362955));
#1746=DIRECTION('',(1.0,0.0,0.0));
#1747=DIRECTION('',(0.0,0.0,-1.0));
#1748=AXIS2_PLACEMENT_3D('',#1745,#1746,#1747);
#1749=CYLINDRICAL_SURFACE('',#1748,4.5);
#1750=ORIENTED_EDGE('',*,*,#1537,.F.);
#1751=ORIENTED_EDGE('',*,*,#1740,.F.);
#1752=ORIENTED_EDGE('',*,*,#785,.F.);
#1753=CARTESIAN_POINT('',(0.0,52.242345110404614,4.279528452637045));
#1754=DIRECTION('',(1.0,0.0,0.0));
#1755=VECTOR('',#1754,6.000000000000001);
#1756=LINE('',#1753,#1755);
#1757=EDGE_CURVE('',#771,#1531,#1756,.T.);
#1758=ORIENTED_EDGE('',*,*,#1757,.T.);
#1759=EDGE_LOOP('',(#1750,#1751,#1752,#1758));
#1760=FACE_OUTER_BOUND('',#1759,.T.);
#1761=ADVANCED_FACE('',(#1760),#1749,.F.);
#1762=CARTESIAN_POINT('',(0.0,52.242345110404614,4.279528452637045));
#1763=DIRECTION('',(0.0,0.0,1.0));
#1764=DIRECTION('',(1.0,0.0,0.0));
#1765=AXIS2_PLACEMENT_3D('',#1762,#1763,#1764);
#1766=PLANE('',#1765);
#1767=ORIENTED_EDGE('',*,*,#1543,.F.);
#1768=ORIENTED_EDGE('',*,*,#1757,.F.);
#1769=ORIENTED_EDGE('',*,*,#776,.F.);
#1770=ORIENTED_EDGE('',*,*,#1716,.T.);
#1771=EDGE_LOOP('',(#1767,#1768,#1769,#1770));
#1772=FACE_OUTER_BOUND('',#1771,.T.);
#1773=ADVANCED_FACE('',(#1772),#1766,.F.);
#1774=CARTESIAN_POINT('',(0.0,196.81114511040647,2.570644287585679));
#1775=DIRECTION('',(1.0,0.0,0.0));
#1776=DIRECTION('',(0.0,-1.0,0.0));
#1777=AXIS2_PLACEMENT_3D('',#1774,#1775,#1776);
#1778=CYLINDRICAL_SURFACE('',#1777,20.637500000000003);
#1779=CARTESIAN_POINT('',(0.0,179.99396731020357,-9.39133452389712));
#1780=DIRECTION('',(1.0,0.0,0.0));
#1781=VECTOR('',#1780,6.000000000000001);
#1782=LINE('',#1779,#1781);
#1783=EDGE_CURVE('',#742,#1303,#1782,.T.);
#1784=ORIENTED_EDGE('',*,*,#1783,.F.);
#1785=ORIENTED_EDGE('',*,*,#748,.F.);
#1786=CARTESIAN_POINT('',(6.000000000000001,213.62832291060886,-9.391334523897834));
#1787=DIRECTION('',(-1.0,0.0,0.0));
#1788=VECTOR('',#1787,6.000000000000001);
#1789=LINE('',#1786,#1788);
#1790=EDGE_CURVE('',#1312,#733,#1789,.T.);
#1791=ORIENTED_EDGE('',*,*,#1790,.F.);
#1792=ORIENTED_EDGE('',*,*,#1318,.F.);
#1793=EDGE_LOOP('',(#1784,#1785,#1791,#1792));
#1794=FACE_OUTER_BOUND('',#1793,.T.);
#1795=ADVANCED_FACE('',(#1794),#1778,.F.);
#1796=CARTESIAN_POINT('',(0.0,196.81114511040647,2.570644287585679));
#1797=DIRECTION('',(1.0,0.0,0.0));
#1798=DIRECTION('',(0.0,-1.0,0.0));
#1799=AXIS2_PLACEMENT_3D('',#1796,#1797,#1798);
#1800=CYLINDRICAL_SURFACE('',#1799,20.637500000000003);
#1801=CARTESIAN_POINT('',(0.0,211.74326949968321,-11.674988989779234));
#1802=DIRECTION('',(1.0,0.0,0.0));
#1803=VECTOR('',#1802,6.000000000000001);
#1804=LINE('',#1801,#1803);
#1805=EDGE_CURVE('',#724,#1292,#1804,.T.);
#1806=ORIENTED_EDGE('',*,*,#1805,.F.);
#1807=ORIENTED_EDGE('',*,*,#730,.F.);
#1808=CARTESIAN_POINT('',(6.000000000000001,181.87902072112931,-11.674988989778775));
#1809=DIRECTION('',(-1.0,0.0,0.0));
#1810=VECTOR('',#1809,6.000000000000001);
#1811=LINE('',#1808,#1810);
#1812=EDGE_CURVE('',#1294,#722,#1811,.T.);
#1813=ORIENTED_EDGE('',*,*,#1812,.F.);
#1814=ORIENTED_EDGE('',*,*,#1300,.F.);
#1815=EDGE_LOOP('',(#1806,#1807,#1813,#1814));
#1816=FACE_OUTER_BOUND('',#1815,.T.);
#1817=ADVANCED_FACE('',(#1816),#1800,.F.);
#1818=CARTESIAN_POINT('',(0.0,207.92364511040631,-6.602221547362674));
#1819=DIRECTION('',(1.0,0.0,0.0));
#1820=DIRECTION('',(0.0,0.0,-1.0));
#1821=AXIS2_PLACEMENT_3D('',#1818,#1819,#1820);
#1822=CYLINDRICAL_SURFACE('',#1821,6.350000000000034);
#1823=ORIENTED_EDGE('',*,*,#1805,.T.);
#1824=ORIENTED_EDGE('',*,*,#1325,.F.);
#1825=ORIENTED_EDGE('',*,*,#1790,.T.);
#1826=ORIENTED_EDGE('',*,*,#739,.F.);
#1827=EDGE_LOOP('',(#1823,#1824,#1825,#1826));
#1828=FACE_OUTER_BOUND('',#1827,.T.);
#1829=ADVANCED_FACE('',(#1828),#1822,.F.);
#1830=CARTESIAN_POINT('',(0.0,185.69864511040629,-6.602221547362284));
#1831=DIRECTION('',(1.0,0.0,0.0));
#1832=DIRECTION('',(0.0,-0.998629534754573,0.052335956242966));
#1833=AXIS2_PLACEMENT_3D('',#1830,#1831,#1832);
#1834=CYLINDRICAL_SURFACE('',#1833,6.350000000000035);
#1835=ORIENTED_EDGE('',*,*,#1812,.T.);
#1836=ORIENTED_EDGE('',*,*,#755,.F.);
#1837=ORIENTED_EDGE('',*,*,#1783,.T.);
#1838=ORIENTED_EDGE('',*,*,#1309,.F.);
#1839=EDGE_LOOP('',(#1835,#1836,#1837,#1838));
#1840=FACE_OUTER_BOUND('',#1839,.T.);
#1841=ADVANCED_FACE('',(#1840),#1834,.F.);
#1842=CARTESIAN_POINT('',(0.0,169.08539511040655,-0.220471547362955));
#1843=DIRECTION('',(1.0,0.0,0.0));
#1844=DIRECTION('',(0.0,0.0,-1.0));
#1845=AXIS2_PLACEMENT_3D('',#1842,#1843,#1844);
#1846=CYLINDRICAL_SURFACE('',#1845,4.5);
#1847=ORIENTED_EDGE('',*,*,#1338,.F.);
#1848=CARTESIAN_POINT('',(0.0,169.08539511040655,4.279528452641593));
#1849=DIRECTION('',(1.0,0.0,0.0));
#1850=VECTOR('',#1849,6.000000000000001);
#1851=LINE('',#1848,#1850);
#1852=EDGE_CURVE('',#688,#1330,#1851,.T.);
#1853=ORIENTED_EDGE('',*,*,#1852,.F.);
#1854=ORIENTED_EDGE('',*,*,#694,.F.);
#1855=CARTESIAN_POINT('',(0.0,169.08539511040655,-4.720471547362955));
#1856=DIRECTION('',(1.0,0.0,0.0));
#1857=VECTOR('',#1856,6.000000000000001);
#1858=LINE('',#1855,#1857);
#1859=EDGE_CURVE('',#686,#1332,#1858,.T.);
#1860=ORIENTED_EDGE('',*,*,#1859,.T.);
#1861=EDGE_LOOP('',(#1847,#1853,#1854,#1860));
#1862=FACE_OUTER_BOUND('',#1861,.T.);
#1863=ADVANCED_FACE('',(#1862),#1846,.F.);
#1864=CARTESIAN_POINT('',(0.0,169.08539511040655,-4.720471547362955));
#1865=DIRECTION('',(0.0,0.0,-1.0));
#1866=DIRECTION('',(-1.0,0.0,0.0));
#1867=AXIS2_PLACEMENT_3D('',#1864,#1865,#1866);
#1868=PLANE('',#1867);
#1869=ORIENTED_EDGE('',*,*,#1346,.F.);
#1870=ORIENTED_EDGE('',*,*,#1859,.F.);
#1871=ORIENTED_EDGE('',*,*,#717,.F.);
#1872=CARTESIAN_POINT('',(0.0,168.08539511040652,-4.720471547362955));
#1873=DIRECTION('',(1.0,0.0,0.0));
#1874=VECTOR('',#1873,6.000000000000001);
#1875=LINE('',#1872,#1874);
#1876=EDGE_CURVE('',#705,#1341,#1875,.T.);
#1877=ORIENTED_EDGE('',*,*,#1876,.T.);
#1878=EDGE_LOOP('',(#1869,#1870,#1871,#1877));
#1879=FACE_OUTER_BOUND('',#1878,.T.);
#1880=ADVANCED_FACE('',(#1879),#1868,.F.);
#1881=CARTESIAN_POINT('',(0.0,168.08539511040652,-0.220471547362955));
#1882=DIRECTION('',(1.0,0.0,0.0));
#1883=DIRECTION('',(0.0,0.0,1.0));
#1884=AXIS2_PLACEMENT_3D('',#1881,#1882,#1883);
#1885=CYLINDRICAL_SURFACE('',#1884,4.5);
#1886=ORIENTED_EDGE('',*,*,#1355,.F.);
#1887=ORIENTED_EDGE('',*,*,#1876,.F.);
#1888=ORIENTED_EDGE('',*,*,#711,.F.);
#1889=CARTESIAN_POINT('',(0.0,168.08539511040652,4.279528452641593));
#1890=DIRECTION('',(1.0,0.0,0.0));
#1891=VECTOR('',#1890,6.000000000000001);
#1892=LINE('',#1889,#1891);
#1893=EDGE_CURVE('',#697,#1349,#1892,.T.);
#1894=ORIENTED_EDGE('',*,*,#1893,.T.);
#1895=EDGE_LOOP('',(#1886,#1887,#1888,#1894));
#1896=FACE_OUTER_BOUND('',#1895,.T.);
#1897=ADVANCED_FACE('',(#1896),#1885,.F.);
#1898=CARTESIAN_POINT('',(0.0,168.08539511040652,4.279528452641593));
#1899=DIRECTION('',(0.0,0.0,1.0));
#1900=DIRECTION('',(1.0,0.0,0.0));
#1901=AXIS2_PLACEMENT_3D('',#1898,#1899,#1900);
#1902=PLANE('',#1901);
#1903=ORIENTED_EDGE('',*,*,#1361,.F.);
#1904=ORIENTED_EDGE('',*,*,#1893,.F.);
#1905=ORIENTED_EDGE('',*,*,#702,.F.);
#1906=ORIENTED_EDGE('',*,*,#1852,.T.);
#1907=EDGE_LOOP('',(#1903,#1904,#1905,#1906));
#1908=FACE_OUTER_BOUND('',#1907,.T.);
#1909=ADVANCED_FACE('',(#1908),#1902,.F.);
#1910=CARTESIAN_POINT('',(0.0,225.53689511040648,-0.220471547362955));
#1911=DIRECTION('',(1.0,0.0,0.0));
#1912=DIRECTION('',(0.0,0.0,1.0));
#1913=AXIS2_PLACEMENT_3D('',#1910,#1911,#1912);
#1914=CYLINDRICAL_SURFACE('',#1913,4.5);
#1915=ORIENTED_EDGE('',*,*,#1374,.F.);
#1916=CARTESIAN_POINT('',(0.0,225.53689511040648,4.279528452641593));
#1917=DIRECTION('',(1.0,0.0,0.0));
#1918=VECTOR('',#1917,6.000000000000001);
#1919=LINE('',#1916,#1918);
#1920=EDGE_CURVE('',#652,#1366,#1919,.T.);
#1921=ORIENTED_EDGE('',*,*,#1920,.F.);
#1922=ORIENTED_EDGE('',*,*,#658,.F.);
#1923=CARTESIAN_POINT('',(0.0,225.53689511040648,-4.720471547362955));
#1924=DIRECTION('',(1.0,0.0,0.0));
#1925=VECTOR('',#1924,6.000000000000001);
#1926=LINE('',#1923,#1925);
#1927=EDGE_CURVE('',#650,#1368,#1926,.T.);
#1928=ORIENTED_EDGE('',*,*,#1927,.T.);
#1929=EDGE_LOOP('',(#1915,#1921,#1922,#1928));
#1930=FACE_OUTER_BOUND('',#1929,.T.);
#1931=ADVANCED_FACE('',(#1930),#1914,.F.);
#1932=CARTESIAN_POINT('',(0.0,225.53689511040648,-4.720471547362955));
#1933=DIRECTION('',(0.0,0.0,-1.0));
#1934=DIRECTION('',(-1.0,0.0,0.0));
#1935=AXIS2_PLACEMENT_3D('',#1932,#1933,#1934);
#1936=PLANE('',#1935);
#1937=ORIENTED_EDGE('',*,*,#1382,.F.);
#1938=ORIENTED_EDGE('',*,*,#1927,.F.);
#1939=ORIENTED_EDGE('',*,*,#681,.F.);
#1940=CARTESIAN_POINT('',(0.0,224.53689511040648,-4.720471547362955));
#1941=DIRECTION('',(1.0,0.0,0.0));
#1942=VECTOR('',#1941,6.000000000000001);
#1943=LINE('',#1940,#1942);
#1944=EDGE_CURVE('',#669,#1377,#1943,.T.);
#1945=ORIENTED_EDGE('',*,*,#1944,.T.);
#1946=EDGE_LOOP('',(#1937,#1938,#1939,#1945));
#1947=FACE_OUTER_BOUND('',#1946,.T.);
#1948=ADVANCED_FACE('',(#1947),#1936,.F.);
#1949=CARTESIAN_POINT('',(0.0,224.53689511040648,-0.220471547362955));
#1950=DIRECTION('',(1.0,0.0,0.0));
#1951=DIRECTION('',(0.0,0.0,-1.0));
#1952=AXIS2_PLACEMENT_3D('',#1949,#1950,#1951);
#1953=CYLINDRICAL_SURFACE('',#1952,4.5);
#1954=ORIENTED_EDGE('',*,*,#1391,.F.);
#1955=ORIENTED_EDGE('',*,*,#1944,.F.);
#1956=ORIENTED_EDGE('',*,*,#675,.F.);
#1957=CARTESIAN_POINT('',(0.0,224.53689511040648,4.279528452641593));
#1958=DIRECTION('',(1.0,0.0,0.0));
#1959=VECTOR('',#1958,6.000000000000001);
#1960=LINE('',#1957,#1959);
#1961=EDGE_CURVE('',#661,#1385,#1960,.T.);
#1962=ORIENTED_EDGE('',*,*,#1961,.T.);
#1963=EDGE_LOOP('',(#1954,#1955,#1956,#1962));
#1964=FACE_OUTER_BOUND('',#1963,.T.);
#1965=ADVANCED_FACE('',(#1964),#1953,.F.);
#1966=CARTESIAN_POINT('',(0.0,224.53689511040648,4.279528452641593));
#1967=DIRECTION('',(0.0,0.0,1.0));
#1968=DIRECTION('',(1.0,0.0,0.0));
#1969=AXIS2_PLACEMENT_3D('',#1966,#1967,#1968);
#1970=PLANE('',#1969);
#1971=ORIENTED_EDGE('',*,*,#1397,.F.);
#1972=ORIENTED_EDGE('',*,*,#1961,.F.);
#1973=ORIENTED_EDGE('',*,*,#666,.F.);
#1974=ORIENTED_EDGE('',*,*,#1920,.T.);
#1975=EDGE_LOOP('',(#1971,#1972,#1973,#1974));
#1976=FACE_OUTER_BOUND('',#1975,.T.);
#1977=ADVANCED_FACE('',(#1976),#1970,.F.);
#1978=CARTESIAN_POINT('',(0.0,-192.22795488959781,2.570644287592074));
#1979=DIRECTION('',(1.0,0.0,0.0));
#1980=DIRECTION('',(0.0,-1.0,0.0));
#1981=AXIS2_PLACEMENT_3D('',#1978,#1979,#1980);
#1982=CYLINDRICAL_SURFACE('',#1981,20.637500000000003);
#1983=CARTESIAN_POINT('',(6.000000000000001,-207.16007927887489,-11.674988989772483));
#1984=DIRECTION('',(-1.0,0.0,0.0));
#1985=VECTOR('',#1984,6.000000000000001);
#1986=LINE('',#1983,#1985);
#1987=EDGE_CURVE('',#1494,#623,#1986,.T.);
#1988=ORIENTED_EDGE('',*,*,#1987,.F.);
#1989=ORIENTED_EDGE('',*,*,#1500,.F.);
#1990=CARTESIAN_POINT('',(0.0,-177.2958305003213,-11.674988989773071));
#1991=DIRECTION('',(1.0,0.0,0.0));
#1992=VECTOR('',#1991,6.000000000000001);
#1993=LINE('',#1990,#1992);
#1994=EDGE_CURVE('',#632,#1485,#1993,.T.);
#1995=ORIENTED_EDGE('',*,*,#1994,.F.);
#1996=ORIENTED_EDGE('',*,*,#638,.F.);
#1997=EDGE_LOOP('',(#1988,#1989,#1995,#1996));
#1998=FACE_OUTER_BOUND('',#1997,.T.);
#1999=ADVANCED_FACE('',(#1998),#1982,.F.);
#2000=CARTESIAN_POINT('',(0.0,-192.22795488959781,2.570644287592074));
#2001=DIRECTION('',(1.0,0.0,0.0));
#2002=DIRECTION('',(0.0,-1.0,0.0));
#2003=AXIS2_PLACEMENT_3D('',#2000,#2001,#2002);
#2004=CYLINDRICAL_SURFACE('',#2003,20.637500000000003);
#2005=CARTESIAN_POINT('',(0.0,-209.0451326898006,-9.391334523890842));
#2006=DIRECTION('',(1.0,0.0,0.0));
#2007=VECTOR('',#2006,6.000000000000001);
#2008=LINE('',#2005,#2007);
#2009=EDGE_CURVE('',#614,#1474,#2008,.T.);
#2010=ORIENTED_EDGE('',*,*,#2009,.F.);
#2011=ORIENTED_EDGE('',*,*,#620,.F.);
#2012=CARTESIAN_POINT('',(6.000000000000001,-175.41077708939537,-9.391334523891308));
#2013=DIRECTION('',(-1.0,0.0,0.0));
#2014=VECTOR('',#2013,6.000000000000001);
#2015=LINE('',#2012,#2014);
#2016=EDGE_CURVE('',#1476,#612,#2015,.T.);
#2017=ORIENTED_EDGE('',*,*,#2016,.F.);
#2018=ORIENTED_EDGE('',*,*,#1482,.F.);
#2019=EDGE_LOOP('',(#2010,#2011,#2017,#2018));
#2020=FACE_OUTER_BOUND('',#2019,.T.);
#2021=ADVANCED_FACE('',(#2020),#2004,.F.);
#2022=CARTESIAN_POINT('',(0.0,-203.34045488959794,-6.60222154735596));
#2023=DIRECTION('',(1.0,0.0,0.0));
#2024=DIRECTION('',(0.0,0.998629534754572,-0.052335956242972));
#2025=AXIS2_PLACEMENT_3D('',#2022,#2023,#2024);
#2026=CYLINDRICAL_SURFACE('',#2025,6.350000000000041);
#2027=ORIENTED_EDGE('',*,*,#2009,.T.);
#2028=ORIENTED_EDGE('',*,*,#1507,.F.);
#2029=ORIENTED_EDGE('',*,*,#1987,.T.);
#2030=ORIENTED_EDGE('',*,*,#629,.F.);
#2031=EDGE_LOOP('',(#2027,#2028,#2029,#2030));
#2032=FACE_OUTER_BOUND('',#2031,.T.);
#2033=ADVANCED_FACE('',(#2032),#2026,.F.);
#2034=CARTESIAN_POINT('',(0.0,-181.11545488959797,-6.602221547356351));
#2035=DIRECTION('',(1.0,0.0,0.0));
#2036=DIRECTION('',(0.0,0.0,1.0));
#2037=AXIS2_PLACEMENT_3D('',#2034,#2035,#2036);
#2038=CYLINDRICAL_SURFACE('',#2037,6.350000000000026);
#2039=ORIENTED_EDGE('',*,*,#2016,.T.);
#2040=ORIENTED_EDGE('',*,*,#645,.F.);
#2041=ORIENTED_EDGE('',*,*,#1994,.T.);
#2042=ORIENTED_EDGE('',*,*,#1491,.F.);
#2043=EDGE_LOOP('',(#2039,#2040,#2041,#2042));
#2044=FACE_OUTER_BOUND('',#2043,.T.);
#2045=ADVANCED_FACE('',(#2044),#2038,.F.);
#2046=CARTESIAN_POINT('',(0.0,-219.95370488959796,-0.220471547362955));
#2047=DIRECTION('',(1.0,0.0,0.0));
#2048=DIRECTION('',(0.0,0.0,1.0));
#2049=AXIS2_PLACEMENT_3D('',#2046,#2047,#2048);
#2050=CYLINDRICAL_SURFACE('',#2049,4.5);
#2051=ORIENTED_EDGE('',*,*,#1446,.F.);
#2052=CARTESIAN_POINT('',(0.0,-219.95370488959796,4.279528452641593));
#2053=DIRECTION('',(1.0,0.0,0.0));
#2054=VECTOR('',#2053,6.000000000000001);
#2055=LINE('',#2052,#2054);
#2056=EDGE_CURVE('',#578,#1438,#2055,.T.);
#2057=ORIENTED_EDGE('',*,*,#2056,.F.);
#2058=ORIENTED_EDGE('',*,*,#584,.F.);
#2059=CARTESIAN_POINT('',(0.0,-219.95370488959796,-4.720471547362955));
#2060=DIRECTION('',(1.0,0.0,0.0));
#2061=VECTOR('',#2060,6.000000000000001);
#2062=LINE('',#2059,#2061);
#2063=EDGE_CURVE('',#576,#1440,#2062,.T.);
#2064=ORIENTED_EDGE('',*,*,#2063,.T.);
#2065=EDGE_LOOP('',(#2051,#2057,#2058,#2064));
#2066=FACE_OUTER_BOUND('',#2065,.T.);
#2067=ADVANCED_FACE('',(#2066),#2050,.F.);
#2068=CARTESIAN_POINT('',(0.0,-219.95370488959796,-4.720471547362955));
#2069=DIRECTION('',(0.0,0.0,-1.0));
#2070=DIRECTION('',(-1.0,0.0,0.0));
#2071=AXIS2_PLACEMENT_3D('',#2068,#2069,#2070);
#2072=PLANE('',#2071);
#2073=ORIENTED_EDGE('',*,*,#1454,.F.);
#2074=ORIENTED_EDGE('',*,*,#2063,.F.);
#2075=ORIENTED_EDGE('',*,*,#607,.F.);
#2076=CARTESIAN_POINT('',(0.0,-220.95370488959799,-4.720471547362955));
#2077=DIRECTION('',(1.0,0.0,0.0));
#2078=VECTOR('',#2077,6.000000000000001);
#2079=LINE('',#2076,#2078);
#2080=EDGE_CURVE('',#595,#1449,#2079,.T.);
#2081=ORIENTED_EDGE('',*,*,#2080,.T.);
#2082=EDGE_LOOP('',(#2073,#2074,#2075,#2081));
#2083=FACE_OUTER_BOUND('',#2082,.T.);
#2084=ADVANCED_FACE('',(#2083),#2072,.F.);
#2085=CARTESIAN_POINT('',(0.0,-220.95370488959799,-0.220471547362955));
#2086=DIRECTION('',(1.0,0.0,0.0));
#2087=DIRECTION('',(0.0,0.0,-1.0));
#2088=AXIS2_PLACEMENT_3D('',#2085,#2086,#2087);
#2089=CYLINDRICAL_SURFACE('',#2088,4.5);
#2090=ORIENTED_EDGE('',*,*,#1463,.F.);
#2091=ORIENTED_EDGE('',*,*,#2080,.F.);
#2092=ORIENTED_EDGE('',*,*,#601,.F.);
#2093=CARTESIAN_POINT('',(0.0,-220.95370488959799,4.279528452641593));
#2094=DIRECTION('',(1.0,0.0,0.0));
#2095=VECTOR('',#2094,6.000000000000001);
#2096=LINE('',#2093,#2095);
#2097=EDGE_CURVE('',#587,#1457,#2096,.T.);
#2098=ORIENTED_EDGE('',*,*,#2097,.T.);
#2099=EDGE_LOOP('',(#2090,#2091,#2092,#2098));
#2100=FACE_OUTER_BOUND('',#2099,.T.);
#2101=ADVANCED_FACE('',(#2100),#2089,.F.);
#2102=CARTESIAN_POINT('',(0.0,-220.95370488959799,4.279528452641593));
#2103=DIRECTION('',(0.0,0.0,1.0));
#2104=DIRECTION('',(1.0,0.0,0.0));
#2105=AXIS2_PLACEMENT_3D('',#2102,#2103,#2104);
#2106=PLANE('',#2105);
#2107=ORIENTED_EDGE('',*,*,#1469,.F.);
#2108=ORIENTED_EDGE('',*,*,#2097,.F.);
#2109=ORIENTED_EDGE('',*,*,#592,.F.);
#2110=ORIENTED_EDGE('',*,*,#2056,.T.);
#2111=EDGE_LOOP('',(#2107,#2108,#2109,#2110));
#2112=FACE_OUTER_BOUND('',#2111,.T.);
#2113=ADVANCED_FACE('',(#2112),#2106,.F.);
#2114=CARTESIAN_POINT('',(0.0,-163.50220488959786,-0.220471547362955));
#2115=DIRECTION('',(1.0,0.0,0.0));
#2116=DIRECTION('',(0.0,0.0,1.0));
#2117=AXIS2_PLACEMENT_3D('',#2114,#2115,#2116);
#2118=CYLINDRICAL_SURFACE('',#2117,4.5);
#2119=ORIENTED_EDGE('',*,*,#1410,.F.);
#2120=CARTESIAN_POINT('',(0.0,-163.50220488959781,4.279528452641593));
#2121=DIRECTION('',(1.0,0.0,0.0));
#2122=VECTOR('',#2121,6.000000000000001);
#2123=LINE('',#2120,#2122);
#2124=EDGE_CURVE('',#542,#1402,#2123,.T.);
#2125=ORIENTED_EDGE('',*,*,#2124,.F.);
#2126=ORIENTED_EDGE('',*,*,#548,.F.);
#2127=CARTESIAN_POINT('',(0.0,-163.50220488959786,-4.720471547362955));
#2128=DIRECTION('',(1.0,0.0,0.0));
#2129=VECTOR('',#2128,6.000000000000001);
#2130=LINE('',#2127,#2129);
#2131=EDGE_CURVE('',#540,#1404,#2130,.T.);
#2132=ORIENTED_EDGE('',*,*,#2131,.T.);
#2133=EDGE_LOOP('',(#2119,#2125,#2126,#2132));
#2134=FACE_OUTER_BOUND('',#2133,.T.);
#2135=ADVANCED_FACE('',(#2134),#2118,.F.);
#2136=CARTESIAN_POINT('',(0.0,-163.50220488959786,-4.720471547362955));
#2137=DIRECTION('',(0.0,0.0,-1.0));
#2138=DIRECTION('',(-1.0,0.0,0.0));
#2139=AXIS2_PLACEMENT_3D('',#2136,#2137,#2138);
#2140=PLANE('',#2139);
#2141=ORIENTED_EDGE('',*,*,#1418,.F.);
#2142=ORIENTED_EDGE('',*,*,#2131,.F.);
#2143=ORIENTED_EDGE('',*,*,#571,.F.);
#2144=CARTESIAN_POINT('',(0.0,-164.50220488959781,-4.720471547362955));
#2145=DIRECTION('',(1.0,0.0,0.0));
#2146=VECTOR('',#2145,6.000000000000001);
#2147=LINE('',#2144,#2146);
#2148=EDGE_CURVE('',#559,#1413,#2147,.T.);
#2149=ORIENTED_EDGE('',*,*,#2148,.T.);
#2150=EDGE_LOOP('',(#2141,#2142,#2143,#2149));
#2151=FACE_OUTER_BOUND('',#2150,.T.);
#2152=ADVANCED_FACE('',(#2151),#2140,.F.);
#2153=CARTESIAN_POINT('',(0.0,-164.50220488959781,-0.220471547362955));
#2154=DIRECTION('',(1.0,0.0,0.0));
#2155=DIRECTION('',(0.0,0.0,-1.0));
#2156=AXIS2_PLACEMENT_3D('',#2153,#2154,#2155);
#2157=CYLINDRICAL_SURFACE('',#2156,4.5);
#2158=ORIENTED_EDGE('',*,*,#1427,.F.);
#2159=ORIENTED_EDGE('',*,*,#2148,.F.);
#2160=ORIENTED_EDGE('',*,*,#565,.F.);
#2161=CARTESIAN_POINT('',(0.0,-164.50220488959783,4.279528452641593));
#2162=DIRECTION('',(1.0,0.0,0.0));
#2163=VECTOR('',#2162,6.000000000000001);
#2164=LINE('',#2161,#2163);
#2165=EDGE_CURVE('',#551,#1421,#2164,.T.);
#2166=ORIENTED_EDGE('',*,*,#2165,.T.);
#2167=EDGE_LOOP('',(#2158,#2159,#2160,#2166));
#2168=FACE_OUTER_BOUND('',#2167,.T.);
#2169=ADVANCED_FACE('',(#2168),#2157,.F.);
#2170=CARTESIAN_POINT('',(0.0,-164.50220488959783,4.279528452641593));
#2171=DIRECTION('',(0.0,0.0,1.0));
#2172=DIRECTION('',(1.0,0.0,0.0));
#2173=AXIS2_PLACEMENT_3D('',#2170,#2171,#2172);
#2174=PLANE('',#2173);
#2175=ORIENTED_EDGE('',*,*,#1433,.F.);
#2176=ORIENTED_EDGE('',*,*,#2165,.F.);
#2177=ORIENTED_EDGE('',*,*,#556,.F.);
#2178=ORIENTED_EDGE('',*,*,#2124,.T.);
#2179=EDGE_LOOP('',(#2175,#2176,#2177,#2178));
#2180=FACE_OUTER_BOUND('',#2179,.T.);
#2181=ADVANCED_FACE('',(#2180),#2174,.F.);
#2182=CARTESIAN_POINT('',(0.0,-54.684365462959654,-11.23972154735846));
#2183=DIRECTION('',(0.0,-0.615952894239581,-0.787782985395016));
#2184=DIRECTION('',(-1.0,0.0,0.0));
#2185=AXIS2_PLACEMENT_3D('',#2182,#2183,#2184);
#2186=PLANE('',#2185);
#2187=CARTESIAN_POINT('',(0.0,-54.684365462959654,-11.23972154735846));
#2188=DIRECTION('',(1.0,0.0,0.0));
#2189=VECTOR('',#2188,6.000000000000001);
#2190=LINE('',#2187,#2189);
#2191=EDGE_CURVE('',#524,#995,#2190,.T.);
#2192=ORIENTED_EDGE('',*,*,#2191,.F.);
#2193=ORIENTED_EDGE('',*,*,#529,.T.);
#2194=CARTESIAN_POINT('',(0.0,-37.667918657993056,-24.544565461875578));
#2195=DIRECTION('',(1.0,0.0,0.0));
#2196=VECTOR('',#2195,6.000000000000001);
#2197=LINE('',#2194,#2196);
#2198=EDGE_CURVE('',#515,#1003,#2197,.T.);
#2199=ORIENTED_EDGE('',*,*,#2198,.T.);
#2200=ORIENTED_EDGE('',*,*,#1008,.T.);
#2201=EDGE_LOOP('',(#2192,#2193,#2199,#2200));
#2202=FACE_OUTER_BOUND('',#2201,.T.);
#2203=ADVANCED_FACE('',(#2202),#2186,.T.);
#2204=CARTESIAN_POINT('',(0.0,-50.975808045921518,14.650344287589867));
#2205=DIRECTION('',(0.0,-0.690626677525193,0.723211443694383));
#2206=DIRECTION('',(1.0,0.0,0.0));
#2207=AXIS2_PLACEMENT_3D('',#2204,#2205,#2206);
#2208=PLANE('',#2207);
#2209=CARTESIAN_POINT('',(0.0,-50.975808045921518,14.650344287589867));
#2210=DIRECTION('',(1.0,0.0,0.0));
#2211=VECTOR('',#2210,6.000000000000001);
#2212=LINE('',#2209,#2211);
#2213=EDGE_CURVE('',#331,#1188,#2212,.T.);
#2214=ORIENTED_EDGE('',*,*,#2213,.T.);
#2215=ORIENTED_EDGE('',*,*,#1193,.T.);
#2216=CARTESIAN_POINT('',(0.0,-37.901972470041521,27.135129622508096));
#2217=DIRECTION('',(1.0,0.0,0.0));
#2218=VECTOR('',#2217,6.000000000000001);
#2219=LINE('',#2216,#2218);
#2220=EDGE_CURVE('',#339,#1179,#2219,.T.);
#2221=ORIENTED_EDGE('',*,*,#2220,.F.);
#2222=ORIENTED_EDGE('',*,*,#344,.T.);
#2223=EDGE_LOOP('',(#2214,#2215,#2221,#2222));
#2224=FACE_OUTER_BOUND('',#2223,.T.);
#2225=ADVANCED_FACE('',(#2224),#2208,.T.);
#2226=CARTESIAN_POINT('',(0.0,55.558998266730264,14.650344287588229));
#2227=DIRECTION('',(0.0,0.690626677525219,0.723211443694358));
#2228=DIRECTION('',(1.0,0.0,0.0));
#2229=AXIS2_PLACEMENT_3D('',#2226,#2227,#2228);
#2230=PLANE('',#2229);
#2231=CARTESIAN_POINT('',(0.0,55.558998266730264,14.650344287588229));
#2232=DIRECTION('',(1.0,0.0,0.0));
#2233=VECTOR('',#2232,6.000000000000001);
#2234=LINE('',#2231,#2233);
#2235=EDGE_CURVE('',#373,#1146,#2234,.T.);
#2236=ORIENTED_EDGE('',*,*,#2235,.F.);
#2237=ORIENTED_EDGE('',*,*,#378,.T.);
#2238=CARTESIAN_POINT('',(0.0,42.485162690850927,27.135129622506721));
#2239=DIRECTION('',(1.0,0.0,0.0));
#2240=VECTOR('',#2239,6.000000000000001);
#2241=LINE('',#2238,#2240);
#2242=EDGE_CURVE('',#364,#1154,#2241,.T.);
#2243=ORIENTED_EDGE('',*,*,#2242,.T.);
#2244=ORIENTED_EDGE('',*,*,#1159,.T.);
#2245=EDGE_LOOP('',(#2236,#2237,#2243,#2244));
#2246=FACE_OUTER_BOUND('',#2245,.T.);
#2247=ADVANCED_FACE('',(#2246),#2230,.T.);
#2248=CARTESIAN_POINT('',(0.0,59.267555683767874,-11.239721547360201));
#2249=DIRECTION('',(0.0,0.615952894239556,-0.787782985395035));
#2250=DIRECTION('',(-1.0,0.0,0.0));
#2251=AXIS2_PLACEMENT_3D('',#2248,#2249,#2250);
#2252=PLANE('',#2251);
#2253=CARTESIAN_POINT('',(0.0,59.267555683767874,-11.239721547360201));
#2254=DIRECTION('',(1.0,0.0,0.0));
#2255=VECTOR('',#2254,6.000000000000001);
#2256=LINE('',#2253,#2255);
#2257=EDGE_CURVE('',#482,#1037,#2256,.T.);
#2258=ORIENTED_EDGE('',*,*,#2257,.T.);
#2259=ORIENTED_EDGE('',*,*,#1042,.T.);
#2260=CARTESIAN_POINT('',(0.0,42.251108878800721,-24.54456546187695));
#2261=DIRECTION('',(1.0,0.0,0.0));
#2262=VECTOR('',#2261,6.000000000000001);
#2263=LINE('',#2260,#2262);
#2264=EDGE_CURVE('',#490,#1028,#2263,.T.);
#2265=ORIENTED_EDGE('',*,*,#2264,.F.);
#2266=ORIENTED_EDGE('',*,*,#495,.T.);
#2267=EDGE_LOOP('',(#2258,#2259,#2265,#2266));
#2268=FACE_OUTER_BOUND('',#2267,.T.);
#2269=ADVANCED_FACE('',(#2268),#2252,.T.);
#2270=CARTESIAN_POINT('',(0.0,33.7142038862806,17.950344287588358));
#2271=DIRECTION('',(1.0,0.0,0.0));
#2272=DIRECTION('',(0.0,0.69062667752522,0.723211443694357));
#2273=AXIS2_PLACEMENT_3D('',#2270,#2271,#2272);
#2274=CYLINDRICAL_SURFACE('',#2273,12.700000000000069);
#2275=ORIENTED_EDGE('',*,*,#1168,.T.);
#2276=ORIENTED_EDGE('',*,*,#2242,.F.);
#2277=ORIENTED_EDGE('',*,*,#370,.T.);
#2278=CARTESIAN_POINT('',(0.0,33.714203886280828,30.650344287588425));
#2279=DIRECTION('',(1.0,0.0,0.0));
#2280=VECTOR('',#2279,6.000000000000001);
#2281=LINE('',#2278,#2280);
#2282=EDGE_CURVE('',#356,#1162,#2281,.T.);
#2283=ORIENTED_EDGE('',*,*,#2282,.T.);
#2284=EDGE_LOOP('',(#2275,#2276,#2277,#2283));
#2285=FACE_OUTER_BOUND('',#2284,.T.);
#2286=ADVANCED_FACE('',(#2285),#2274,.T.);
#2287=CARTESIAN_POINT('',(0.0,34.428507121958418,-14.539721547359896));
#2288=DIRECTION('',(1.0,0.0,0.0));
#2289=DIRECTION('',(0.0,0.0,-1.0));
#2290=AXIS2_PLACEMENT_3D('',#2287,#2288,#2289);
#2291=CYLINDRICAL_SURFACE('',#2290,12.700000000000063);
#2292=ORIENTED_EDGE('',*,*,#1034,.T.);
#2293=CARTESIAN_POINT('',(0.0,34.428507121958205,-27.239721547359963));
#2294=DIRECTION('',(1.0,0.0,0.0));
#2295=VECTOR('',#2294,6.000000000000001);
#2296=LINE('',#2293,#2295);
#2297=EDGE_CURVE('',#498,#1020,#2296,.T.);
#2298=ORIENTED_EDGE('',*,*,#2297,.F.);
#2299=ORIENTED_EDGE('',*,*,#504,.T.);
#2300=ORIENTED_EDGE('',*,*,#2264,.T.);
#2301=EDGE_LOOP('',(#2292,#2298,#2299,#2300));
#2302=FACE_OUTER_BOUND('',#2301,.T.);
#2303=ADVANCED_FACE('',(#2302),#2291,.T.);
#2304=CARTESIAN_POINT('',(0.0,34.428507121958205,-27.239721547359963));
#2305=DIRECTION('',(0.0,0.0,-1.0));
#2306=DIRECTION('',(-1.0,0.0,0.0));
#2307=AXIS2_PLACEMENT_3D('',#2304,#2305,#2306);
#2308=PLANE('',#2307);
#2309=ORIENTED_EDGE('',*,*,#1025,.T.);
#2310=CARTESIAN_POINT('',(0.0,-29.845316901150674,-27.239721547358833));
#2311=DIRECTION('',(1.0,0.0,0.0));
#2312=VECTOR('',#2311,6.000000000000001);
#2313=LINE('',#2310,#2312);
#2314=EDGE_CURVE('',#507,#1011,#2313,.T.);
#2315=ORIENTED_EDGE('',*,*,#2314,.F.);
#2316=ORIENTED_EDGE('',*,*,#512,.T.);
#2317=ORIENTED_EDGE('',*,*,#2297,.T.);
#2318=EDGE_LOOP('',(#2309,#2315,#2316,#2317));
#2319=FACE_OUTER_BOUND('',#2318,.T.);
#2320=ADVANCED_FACE('',(#2319),#2308,.T.);
#2321=CARTESIAN_POINT('',(0.0,-29.845316901150483,-14.539721547358759));
#2322=DIRECTION('',(1.0,0.0,0.0));
#2323=DIRECTION('',(0.0,-0.615952894239571,-0.787782985395023));
#2324=AXIS2_PLACEMENT_3D('',#2321,#2322,#2323);
#2325=CYLINDRICAL_SURFACE('',#2324,12.700000000000076);
#2326=ORIENTED_EDGE('',*,*,#1017,.T.);
#2327=ORIENTED_EDGE('',*,*,#2198,.F.);
#2328=ORIENTED_EDGE('',*,*,#521,.T.);
#2329=ORIENTED_EDGE('',*,*,#2314,.T.);
#2330=EDGE_LOOP('',(#2326,#2327,#2328,#2329));
#2331=FACE_OUTER_BOUND('',#2330,.T.);
#2332=ADVANCED_FACE('',(#2331),#2325,.T.);
#2333=CARTESIAN_POINT('',(0.0,-29.131013665471528,17.950344287589388));
#2334=DIRECTION('',(1.0,0.0,0.0));
#2335=DIRECTION('',(0.0,0.0,1.0));
#2336=AXIS2_PLACEMENT_3D('',#2333,#2334,#2335);
#2337=CYLINDRICAL_SURFACE('',#2336,12.700000000000081);
#2338=ORIENTED_EDGE('',*,*,#1185,.T.);
#2339=CARTESIAN_POINT('',(0.0,-29.131013665471315,30.650344287589455));
#2340=DIRECTION('',(1.0,0.0,0.0));
#2341=VECTOR('',#2340,6.000000000000001);
#2342=LINE('',#2339,#2341);
#2343=EDGE_CURVE('',#347,#1171,#2342,.T.);
#2344=ORIENTED_EDGE('',*,*,#2343,.F.);
#2345=ORIENTED_EDGE('',*,*,#353,.T.);
#2346=ORIENTED_EDGE('',*,*,#2220,.T.);
#2347=EDGE_LOOP('',(#2338,#2344,#2345,#2346));
#2348=FACE_OUTER_BOUND('',#2347,.T.);
#2349=ADVANCED_FACE('',(#2348),#2337,.T.);
#2350=CARTESIAN_POINT('',(0.0,-29.131013665471315,30.650344287589455));
#2351=DIRECTION('',(0.0,0.0,1.0));
#2352=DIRECTION('',(1.0,0.0,0.0));
#2353=AXIS2_PLACEMENT_3D('',#2350,#2351,#2352);
#2354=PLANE('',#2353);
#2355=ORIENTED_EDGE('',*,*,#1176,.T.);
#2356=ORIENTED_EDGE('',*,*,#2282,.F.);
#2357=ORIENTED_EDGE('',*,*,#361,.T.);
#2358=ORIENTED_EDGE('',*,*,#2343,.T.);
#2359=EDGE_LOOP('',(#2355,#2356,#2357,#2358));
#2360=FACE_OUTER_BOUND('',#2359,.T.);
#2361=ADVANCED_FACE('',(#2360),#2354,.T.);
#2362=CARTESIAN_POINT('',(0.0,55.558998266730264,14.650344287588229));
#2363=DIRECTION('',(0.0,0.0,1.0));
#2364=DIRECTION('',(1.0,0.0,0.0));
#2365=AXIS2_PLACEMENT_3D('',#2362,#2363,#2364);
#2366=PLANE('',#2365);
#2367=ORIENTED_EDGE('',*,*,#1151,.T.);
#2368=CARTESIAN_POINT('',(0.0,165.79887168143256,14.650344287586492));
#2369=DIRECTION('',(1.0,0.0,0.0));
#2370=VECTOR('',#2369,6.000000000000001);
#2371=LINE('',#2368,#2370);
#2372=EDGE_CURVE('',#381,#1138,#2371,.T.);
#2373=ORIENTED_EDGE('',*,*,#2372,.F.);
#2374=ORIENTED_EDGE('',*,*,#386,.T.);
#2375=ORIENTED_EDGE('',*,*,#2235,.T.);
#2376=EDGE_LOOP('',(#2367,#2373,#2374,#2375));
#2377=FACE_OUTER_BOUND('',#2376,.T.);
#2378=ADVANCED_FACE('',(#2377),#2366,.T.);
#2379=CARTESIAN_POINT('',(0.0,162.10331156152623,-11.239721547361805));
#2380=DIRECTION('',(0.0,0.0,-1.0));
#2381=DIRECTION('',(-1.0,0.0,0.0));
#2382=AXIS2_PLACEMENT_3D('',#2379,#2380,#2381);
#2383=PLANE('',#2382);
#2384=ORIENTED_EDGE('',*,*,#1050,.T.);
#2385=ORIENTED_EDGE('',*,*,#2257,.F.);
#2386=ORIENTED_EDGE('',*,*,#487,.T.);
#2387=CARTESIAN_POINT('',(6.000000000000001,162.10331156152623,-11.239721547361805));
#2388=DIRECTION('',(-1.0,0.0,0.0));
#2389=VECTOR('',#2388,6.000000000000001);
#2390=LINE('',#2387,#2389);
#2391=EDGE_CURVE('',#1045,#474,#2390,.T.);
#2392=ORIENTED_EDGE('',*,*,#2391,.F.);
#2393=EDGE_LOOP('',(#2384,#2385,#2386,#2392));
#2394=FACE_OUTER_BOUND('',#2393,.T.);
#2395=ADVANCED_FACE('',(#2394),#2383,.T.);
#2396=CARTESIAN_POINT('',(0.0,162.10331156152623,-11.239721547361805));
#2397=DIRECTION('',(0.0,-0.616759247579952,-0.787151847183637));
#2398=DIRECTION('',(-1.0,0.0,0.0));
#2399=AXIS2_PLACEMENT_3D('',#2396,#2397,#2398);
#2400=PLANE('',#2399);
#2401=ORIENTED_EDGE('',*,*,#2391,.T.);
#2402=ORIENTED_EDGE('',*,*,#479,.T.);
#2403=CARTESIAN_POINT('',(0.0,179.07366607901128,-24.536550006594688));
#2404=DIRECTION('',(1.0,0.0,0.0));
#2405=VECTOR('',#2404,6.000000000000001);
#2406=LINE('',#2403,#2405);
#2407=EDGE_CURVE('',#465,#1053,#2406,.T.);
#2408=ORIENTED_EDGE('',*,*,#2407,.T.);
#2409=ORIENTED_EDGE('',*,*,#1058,.T.);
#2410=EDGE_LOOP('',(#2401,#2402,#2408,#2409));
#2411=FACE_OUTER_BOUND('',#2410,.T.);
#2412=ADVANCED_FACE('',(#2411),#2400,.T.);
#2413=CARTESIAN_POINT('',(0.0,160.43729079545088,9.521109231577363));
#2414=DIRECTION('',(0.0,-0.691276581568494,0.722590262718075));
#2415=DIRECTION('',(1.0,0.0,0.0));
#2416=AXIS2_PLACEMENT_3D('',#2413,#2414,#2415);
#2417=PLANE('',#2416);
#2418=ORIENTED_EDGE('',*,*,#2372,.T.);
#2419=ORIENTED_EDGE('',*,*,#1143,.T.);
#2420=CARTESIAN_POINT('',(0.0,178.8409507017505,27.127240624105625));
#2421=DIRECTION('',(1.0,0.0,0.0));
#2422=VECTOR('',#2421,6.000000000000001);
#2423=LINE('',#2420,#2422);
#2424=EDGE_CURVE('',#389,#1129,#2423,.T.);
#2425=ORIENTED_EDGE('',*,*,#2424,.F.);
#2426=ORIENTED_EDGE('',*,*,#394,.T.);
#2427=EDGE_LOOP('',(#2418,#2419,#2425,#2426));
#2428=FACE_OUTER_BOUND('',#2427,.T.);
#2429=ADVANCED_FACE('',(#2428),#2417,.T.);
#2430=CARTESIAN_POINT('',(0.0,187.62016328767038,17.950344287586013));
#2431=DIRECTION('',(1.0,0.0,0.0));
#2432=DIRECTION('',(0.0,0.0,1.0));
#2433=AXIS2_PLACEMENT_3D('',#2430,#2431,#2432);
#2434=CYLINDRICAL_SURFACE('',#2433,12.700000000000076);
#2435=ORIENTED_EDGE('',*,*,#1135,.T.);
#2436=CARTESIAN_POINT('',(0.0,187.62016328767061,30.650344287585902));
#2437=DIRECTION('',(1.0,0.0,0.0));
#2438=VECTOR('',#2437,6.000000000000001);
#2439=LINE('',#2436,#2438);
#2440=EDGE_CURVE('',#397,#1121,#2439,.T.);
#2441=ORIENTED_EDGE('',*,*,#2440,.F.);
#2442=ORIENTED_EDGE('',*,*,#403,.T.);
#2443=ORIENTED_EDGE('',*,*,#2424,.T.);
#2444=EDGE_LOOP('',(#2435,#2441,#2442,#2443));
#2445=FACE_OUTER_BOUND('',#2444,.T.);
#2446=ADVANCED_FACE('',(#2445),#2434,.T.);
#2447=CARTESIAN_POINT('',(0.0,187.62016328767061,30.650344287585902));
#2448=DIRECTION('',(0.0,0.0,1.0));
#2449=DIRECTION('',(1.0,0.0,0.0));
#2450=AXIS2_PLACEMENT_3D('',#2447,#2448,#2449);
#2451=PLANE('',#2450);
#2452=ORIENTED_EDGE('',*,*,#1126,.T.);
#2453=CARTESIAN_POINT('',(0.0,206.00212693314333,30.650344287585717));
#2454=DIRECTION('',(1.0,0.0,0.0));
#2455=VECTOR('',#2454,6.000000000000001);
#2456=LINE('',#2453,#2455);
#2457=EDGE_CURVE('',#406,#1112,#2456,.T.);
#2458=ORIENTED_EDGE('',*,*,#2457,.F.);
#2459=ORIENTED_EDGE('',*,*,#411,.T.);
#2460=ORIENTED_EDGE('',*,*,#2440,.T.);
#2461=EDGE_LOOP('',(#2452,#2458,#2459,#2460));
#2462=FACE_OUTER_BOUND('',#2461,.T.);
#2463=ADVANCED_FACE('',(#2462),#2451,.T.);
#2464=CARTESIAN_POINT('',(0.0,206.00212693314313,17.950344287585658));
#2465=DIRECTION('',(1.0,0.0,0.0));
#2466=DIRECTION('',(0.0,0.691276581568508,0.722590262718061));
#2467=AXIS2_PLACEMENT_3D('',#2464,#2465,#2466);
#2468=CYLINDRICAL_SURFACE('',#2467,12.70000000000006);
#2469=ORIENTED_EDGE('',*,*,#1118,.T.);
#2470=CARTESIAN_POINT('',(0.0,214.78133951906315,27.127240624105013));
#2471=DIRECTION('',(1.0,0.0,0.0));
#2472=VECTOR('',#2471,6.000000000000001);
#2473=LINE('',#2470,#2472);
#2474=EDGE_CURVE('',#414,#1104,#2473,.T.);
#2475=ORIENTED_EDGE('',*,*,#2474,.F.);
#2476=ORIENTED_EDGE('',*,*,#420,.T.);
#2477=ORIENTED_EDGE('',*,*,#2457,.T.);
#2478=EDGE_LOOP('',(#2469,#2475,#2476,#2477));
#2479=FACE_OUTER_BOUND('',#2478,.T.);
#2480=ADVANCED_FACE('',(#2479),#2468,.T.);
#2481=CARTESIAN_POINT('',(0.0,214.78133951906315,27.127240624105013));
#2482=DIRECTION('',(0.0,0.691276581568511,0.722590262718059));
#2483=DIRECTION('',(1.0,0.0,0.0));
#2484=AXIS2_PLACEMENT_3D('',#2481,#2482,#2483);
#2485=PLANE('',#2484);
#2486=ORIENTED_EDGE('',*,*,#1109,.T.);
#2487=CARTESIAN_POINT('',(0.0,233.18499942536224,9.521109231576423));
#2488=DIRECTION('',(1.0,0.0,0.0));
#2489=VECTOR('',#2488,6.000000000000001);
#2490=LINE('',#2487,#2489);
#2491=EDGE_CURVE('',#423,#1095,#2490,.T.);
#2492=ORIENTED_EDGE('',*,*,#2491,.F.);
#2493=ORIENTED_EDGE('',*,*,#428,.T.);
#2494=ORIENTED_EDGE('',*,*,#2474,.T.);
#2495=EDGE_LOOP('',(#2486,#2492,#2493,#2494));
#2496=FACE_OUTER_BOUND('',#2495,.T.);
#2497=ADVANCED_FACE('',(#2496),#2485,.T.);
#2498=CARTESIAN_POINT('',(0.0,225.03689511040648,-0.220471547362955));
#2499=DIRECTION('',(1.0,0.0,0.0));
#2500=DIRECTION('',(0.0,0.562872895578641,-0.826543467352393));
#2501=AXIS2_PLACEMENT_3D('',#2498,#2499,#2500);
#2502=CYLINDRICAL_SURFACE('',#2501,12.700000000000079);
#2503=ORIENTED_EDGE('',*,*,#1101,.T.);
#2504=CARTESIAN_POINT('',(0.0,232.18538088425527,-10.717573582738389));
#2505=DIRECTION('',(1.0,0.0,0.0));
#2506=VECTOR('',#2505,6.000000000000001);
#2507=LINE('',#2504,#2506);
#2508=EDGE_CURVE('',#431,#1087,#2507,.T.);
#2509=ORIENTED_EDGE('',*,*,#2508,.F.);
#2510=ORIENTED_EDGE('',*,*,#437,.T.);
#2511=ORIENTED_EDGE('',*,*,#2491,.T.);
#2512=EDGE_LOOP('',(#2503,#2509,#2510,#2511));
#2513=FACE_OUTER_BOUND('',#2512,.T.);
#2514=ADVANCED_FACE('',(#2513),#2502,.T.);
#2515=CARTESIAN_POINT('',(0.0,232.18538088425527,-10.717573582738389));
#2516=DIRECTION('',(0.0,0.616759247579925,-0.787151847183658));
#2517=DIRECTION('',(-1.0,0.0,0.0));
#2518=AXIS2_PLACEMENT_3D('',#2515,#2516,#2517);
#2519=PLANE('',#2518);
#2520=ORIENTED_EDGE('',*,*,#1092,.T.);
#2521=CARTESIAN_POINT('',(0.0,214.54862414180081,-24.536550006595263));
#2522=DIRECTION('',(1.0,0.0,0.0));
#2523=VECTOR('',#2522,6.000000000000001);
#2524=LINE('',#2521,#2523);
#2525=EDGE_CURVE('',#440,#1078,#2524,.T.);
#2526=ORIENTED_EDGE('',*,*,#2525,.F.);
#2527=ORIENTED_EDGE('',*,*,#445,.T.);
#2528=ORIENTED_EDGE('',*,*,#2508,.T.);
#2529=EDGE_LOOP('',(#2520,#2526,#2527,#2528));
#2530=FACE_OUTER_BOUND('',#2529,.T.);
#2531=ADVANCED_FACE('',(#2530),#2519,.T.);
#2532=CARTESIAN_POINT('',(0.0,206.71578169753582,-14.539721547362738));
#2533=DIRECTION('',(1.0,0.0,0.0));
#2534=DIRECTION('',(0.0,0.0,-1.0));
#2535=AXIS2_PLACEMENT_3D('',#2532,#2533,#2534);
#2536=CYLINDRICAL_SURFACE('',#2535,12.700000000000053);
#2537=ORIENTED_EDGE('',*,*,#1084,.T.);
#2538=CARTESIAN_POINT('',(0.0,206.71578169753556,-27.23972154736277));
#2539=DIRECTION('',(1.0,0.0,0.0));
#2540=VECTOR('',#2539,6.000000000000001);
#2541=LINE('',#2538,#2540);
#2542=EDGE_CURVE('',#448,#1070,#2541,.T.);
#2543=ORIENTED_EDGE('',*,*,#2542,.F.);
#2544=ORIENTED_EDGE('',*,*,#454,.T.);
#2545=ORIENTED_EDGE('',*,*,#2525,.T.);
#2546=EDGE_LOOP('',(#2537,#2543,#2544,#2545));
#2547=FACE_OUTER_BOUND('',#2546,.T.);
#2548=ADVANCED_FACE('',(#2547),#2536,.T.);
#2549=CARTESIAN_POINT('',(0.0,206.71578169753556,-27.23972154736277));
#2550=DIRECTION('',(0.0,0.0,-1.0));
#2551=DIRECTION('',(-1.0,0.0,0.0));
#2552=AXIS2_PLACEMENT_3D('',#2549,#2550,#2551);
#2553=PLANE('',#2552);
#2554=ORIENTED_EDGE('',*,*,#1075,.T.);
#2555=CARTESIAN_POINT('',(0.0,186.90650852327644,-27.239721547362457));
#2556=DIRECTION('',(1.0,0.0,0.0));
#2557=VECTOR('',#2556,6.000000000000001);
#2558=LINE('',#2555,#2557);
#2559=EDGE_CURVE('',#457,#1061,#2558,.T.);
#2560=ORIENTED_EDGE('',*,*,#2559,.F.);
#2561=ORIENTED_EDGE('',*,*,#462,.T.);
#2562=ORIENTED_EDGE('',*,*,#2542,.T.);
#2563=EDGE_LOOP('',(#2554,#2560,#2561,#2562));
#2564=FACE_OUTER_BOUND('',#2563,.T.);
#2565=ADVANCED_FACE('',(#2564),#2553,.T.);
#2566=CARTESIAN_POINT('',(0.0,186.90650852327664,-14.539721547362383));
#2567=DIRECTION('',(1.0,0.0,0.0));
#2568=DIRECTION('',(0.0,-0.616759247579946,-0.787151847183641));
#2569=AXIS2_PLACEMENT_3D('',#2566,#2567,#2568);
#2570=CYLINDRICAL_SURFACE('',#2569,12.700000000000081);
#2571=ORIENTED_EDGE('',*,*,#1067,.T.);
#2572=ORIENTED_EDGE('',*,*,#2407,.F.);
#2573=ORIENTED_EDGE('',*,*,#471,.T.);
#2574=ORIENTED_EDGE('',*,*,#2559,.T.);
#2575=EDGE_LOOP('',(#2571,#2572,#2573,#2574));
#2576=FACE_OUTER_BOUND('',#2575,.T.);
#2577=ADVANCED_FACE('',(#2576),#2570,.T.);
#2578=CARTESIAN_POINT('',(0.0,-161.2156814606231,14.650344287591576));
#2579=DIRECTION('',(0.0,0.0,1.0));
#2580=DIRECTION('',(1.0,0.0,0.0));
#2581=AXIS2_PLACEMENT_3D('',#2578,#2579,#2580);
#2582=PLANE('',#2581);
#2583=ORIENTED_EDGE('',*,*,#1201,.T.);
#2584=ORIENTED_EDGE('',*,*,#2213,.F.);
#2585=ORIENTED_EDGE('',*,*,#336,.T.);
#2586=CARTESIAN_POINT('',(6.000000000000001,-161.2156814606231,14.650344287591576));
#2587=DIRECTION('',(-1.0,0.0,0.0));
#2588=VECTOR('',#2587,6.000000000000001);
#2589=LINE('',#2586,#2588);
#2590=EDGE_CURVE('',#1196,#323,#2589,.T.);
#2591=ORIENTED_EDGE('',*,*,#2590,.F.);
#2592=EDGE_LOOP('',(#2583,#2584,#2585,#2591));
#2593=FACE_OUTER_BOUND('',#2592,.T.);
#2594=ADVANCED_FACE('',(#2593),#2582,.T.);
#2595=CARTESIAN_POINT('',(0.0,-54.684365462959654,-11.23972154735846));
#2596=DIRECTION('',(0.0,0.0,-1.0));
#2597=DIRECTION('',(-1.0,0.0,0.0));
#2598=AXIS2_PLACEMENT_3D('',#2595,#2596,#2597);
#2599=PLANE('',#2598);
#2600=ORIENTED_EDGE('',*,*,#1000,.T.);
#2601=CARTESIAN_POINT('',(0.0,-157.52012134071833,-11.239721547356879));
#2602=DIRECTION('',(1.0,0.0,0.0));
#2603=VECTOR('',#2602,6.000000000000001);
#2604=LINE('',#2601,#2603);
#2605=EDGE_CURVE('',#238,#987,#2604,.T.);
#2606=ORIENTED_EDGE('',*,*,#2605,.F.);
#2607=ORIENTED_EDGE('',*,*,#535,.T.);
#2608=ORIENTED_EDGE('',*,*,#2191,.T.);
#2609=EDGE_LOOP('',(#2600,#2606,#2607,#2608));
#2610=FACE_OUTER_BOUND('',#2609,.T.);
#2611=ADVANCED_FACE('',(#2610),#2599,.T.);
#2612=CARTESIAN_POINT('',(0.0,-161.2156814606231,14.650344287591576));
#2613=DIRECTION('',(0.0,0.691276581568514,0.722590262718056));
#2614=DIRECTION('',(1.0,0.0,0.0));
#2615=AXIS2_PLACEMENT_3D('',#2612,#2613,#2614);
#2616=PLANE('',#2615);
#2617=ORIENTED_EDGE('',*,*,#2590,.T.);
#2618=ORIENTED_EDGE('',*,*,#328,.T.);
#2619=CARTESIAN_POINT('',(0.0,-174.25776048094107,27.127240624111373));
#2620=DIRECTION('',(1.0,0.0,0.0));
#2621=VECTOR('',#2620,6.000000000000001);
#2622=LINE('',#2619,#2621);
#2623=EDGE_CURVE('',#314,#1204,#2622,.T.);
#2624=ORIENTED_EDGE('',*,*,#2623,.T.);
#2625=ORIENTED_EDGE('',*,*,#1209,.T.);
#2626=EDGE_LOOP('',(#2617,#2618,#2624,#2625));
#2627=FACE_OUTER_BOUND('',#2626,.T.);
#2628=ADVANCED_FACE('',(#2627),#2616,.T.);
#2629=CARTESIAN_POINT('',(0.0,-182.32331830246858,-14.539721547356343));
#2630=DIRECTION('',(1.0,0.0,0.0));
#2631=DIRECTION('',(0.0,0.0,-1.0));
#2632=AXIS2_PLACEMENT_3D('',#2629,#2630,#2631);
#2633=CYLINDRICAL_SURFACE('',#2632,12.700000000000069);
#2634=ORIENTED_EDGE('',*,*,#984,.T.);
#2635=CARTESIAN_POINT('',(0.0,-182.32331830246875,-27.23972154735641));
#2636=DIRECTION('',(1.0,0.0,0.0));
#2637=VECTOR('',#2636,6.000000000000001);
#2638=LINE('',#2635,#2637);
#2639=EDGE_CURVE('',#246,#978,#2638,.T.);
#2640=ORIENTED_EDGE('',*,*,#2639,.F.);
#2641=ORIENTED_EDGE('',*,*,#252,.T.);
#2642=CARTESIAN_POINT('',(0.0,-174.49047585820355,-24.536550006588879));
#2643=DIRECTION('',(1.0,0.0,0.0));
#2644=VECTOR('',#2643,6.000000000000001);
#2645=LINE('',#2642,#2644);
#2646=EDGE_CURVE('',#236,#976,#2645,.T.);
#2647=ORIENTED_EDGE('',*,*,#2646,.T.);
#2648=EDGE_LOOP('',(#2634,#2640,#2641,#2647));
#2649=FACE_OUTER_BOUND('',#2648,.T.);
#2650=ADVANCED_FACE('',(#2649),#2633,.T.);
#2651=CARTESIAN_POINT('',(0.0,-182.32331830246875,-27.23972154735641));
#2652=DIRECTION('',(0.0,0.0,-1.0));
#2653=DIRECTION('',(-1.0,0.0,0.0));
#2654=AXIS2_PLACEMENT_3D('',#2651,#2652,#2653);
#2655=PLANE('',#2654);
#2656=ORIENTED_EDGE('',*,*,#1275,.T.);
#2657=CARTESIAN_POINT('',(0.0,-202.1325914767279,-27.239721547356122));
#2658=DIRECTION('',(1.0,0.0,0.0));
#2659=VECTOR('',#2658,6.000000000000001);
#2660=LINE('',#2657,#2659);
#2661=EDGE_CURVE('',#255,#1263,#2660,.T.);
#2662=ORIENTED_EDGE('',*,*,#2661,.F.);
#2663=ORIENTED_EDGE('',*,*,#260,.T.);
#2664=ORIENTED_EDGE('',*,*,#2639,.T.);
#2665=EDGE_LOOP('',(#2656,#2662,#2663,#2664));
#2666=FACE_OUTER_BOUND('',#2665,.T.);
#2667=ADVANCED_FACE('',(#2666),#2655,.T.);
#2668=CARTESIAN_POINT('',(0.0,-202.13259147672773,-14.539721547356059));
#2669=DIRECTION('',(1.0,0.0,0.0));
#2670=DIRECTION('',(0.0,-0.616759247579936,-0.787151847183649));
#2671=AXIS2_PLACEMENT_3D('',#2668,#2669,#2670);
#2672=CYLINDRICAL_SURFACE('',#2671,12.700000000000063);
#2673=ORIENTED_EDGE('',*,*,#1269,.T.);
#2674=CARTESIAN_POINT('',(0.0,-209.96543392099284,-24.536550006588307));
#2675=DIRECTION('',(1.0,0.0,0.0));
#2676=VECTOR('',#2675,6.000000000000001);
#2677=LINE('',#2674,#2676);
#2678=EDGE_CURVE('',#263,#1255,#2677,.T.);
#2679=ORIENTED_EDGE('',*,*,#2678,.F.);
#2680=ORIENTED_EDGE('',*,*,#269,.T.);
#2681=ORIENTED_EDGE('',*,*,#2661,.T.);
#2682=EDGE_LOOP('',(#2673,#2679,#2680,#2681));
#2683=FACE_OUTER_BOUND('',#2682,.T.);
#2684=ADVANCED_FACE('',(#2683),#2672,.T.);
#2685=CARTESIAN_POINT('',(0.0,-221.34071718131577,-15.623643088123348));
#2686=DIRECTION('',(0.0,-0.616759247579949,-0.787151847183639));
#2687=DIRECTION('',(-1.0,0.0,0.0));
#2688=AXIS2_PLACEMENT_3D('',#2685,#2686,#2687);
#2689=PLANE('',#2688);
#2690=ORIENTED_EDGE('',*,*,#1260,.T.);
#2691=CARTESIAN_POINT('',(0.0,-228.24343910241981,-10.215134433095638));
#2692=DIRECTION('',(1.0,0.0,0.0));
#2693=VECTOR('',#2692,6.000000000000001);
#2694=LINE('',#2691,#2693);
#2695=EDGE_CURVE('',#272,#1246,#2694,.T.);
#2696=ORIENTED_EDGE('',*,*,#2695,.F.);
#2697=ORIENTED_EDGE('',*,*,#277,.T.);
#2698=ORIENTED_EDGE('',*,*,#2678,.T.);
#2699=EDGE_LOOP('',(#2690,#2696,#2697,#2698));
#2700=FACE_OUTER_BOUND('',#2699,.T.);
#2701=ADVANCED_FACE('',(#2700),#2689,.T.);
#2702=CARTESIAN_POINT('',(0.0,-220.41059665815439,-0.218305973863401));
#2703=DIRECTION('',(1.0,0.0,0.0));
#2704=DIRECTION('',(0.0,-0.691276581568494,0.722590262718076));
#2705=AXIS2_PLACEMENT_3D('',#2702,#2703,#2704);
#2706=CYLINDRICAL_SURFACE('',#2705,12.700000000000069);
#2707=ORIENTED_EDGE('',*,*,#1252,.T.);
#2708=CARTESIAN_POINT('',(0.0,-229.18980924407433,8.958590362656221));
#2709=DIRECTION('',(1.0,0.0,0.0));
#2710=VECTOR('',#2709,6.000000000000001);
#2711=LINE('',#2708,#2710);
#2712=EDGE_CURVE('',#280,#1238,#2711,.T.);
#2713=ORIENTED_EDGE('',*,*,#2712,.F.);
#2714=ORIENTED_EDGE('',*,*,#286,.T.);
#2715=ORIENTED_EDGE('',*,*,#2695,.T.);
#2716=EDGE_LOOP('',(#2707,#2713,#2714,#2715));
#2717=FACE_OUTER_BOUND('',#2716,.T.);
#2718=ADVANCED_FACE('',(#2717),#2706,.T.);
#2719=CARTESIAN_POINT('',(0.0,-223.48609521079268,14.415132116125058));
#2720=DIRECTION('',(0.0,-0.691276581568491,0.722590262718078));
#2721=DIRECTION('',(1.0,0.0,0.0));
#2722=AXIS2_PLACEMENT_3D('',#2719,#2720,#2721);
#2723=PLANE('',#2722);
#2724=ORIENTED_EDGE('',*,*,#1243,.T.);
#2725=CARTESIAN_POINT('',(0.0,-210.19814929825387,27.127240624111767));
#2726=DIRECTION('',(1.0,0.0,0.0));
#2727=VECTOR('',#2726,6.000000000000001);
#2728=LINE('',#2725,#2727);
#2729=EDGE_CURVE('',#289,#1229,#2728,.T.);
#2730=ORIENTED_EDGE('',*,*,#2729,.F.);
#2731=ORIENTED_EDGE('',*,*,#294,.T.);
#2732=ORIENTED_EDGE('',*,*,#2712,.T.);
#2733=EDGE_LOOP('',(#2724,#2730,#2731,#2732));
#2734=FACE_OUTER_BOUND('',#2733,.T.);
#2735=ADVANCED_FACE('',(#2734),#2723,.T.);
#2736=CARTESIAN_POINT('',(0.0,-201.4189367123339,17.95034428759223));
#2737=DIRECTION('',(1.0,0.0,0.0));
#2738=DIRECTION('',(0.0,0.0,1.0));
#2739=AXIS2_PLACEMENT_3D('',#2736,#2737,#2738);
#2740=CYLINDRICAL_SURFACE('',#2739,12.700000000000051);
#2741=ORIENTED_EDGE('',*,*,#1235,.T.);
#2742=CARTESIAN_POINT('',(0.0,-201.41893671233368,30.650344287592333));
#2743=DIRECTION('',(1.0,0.0,0.0));
#2744=VECTOR('',#2743,6.000000000000001);
#2745=LINE('',#2742,#2744);
#2746=EDGE_CURVE('',#297,#1221,#2745,.T.);
#2747=ORIENTED_EDGE('',*,*,#2746,.F.);
#2748=ORIENTED_EDGE('',*,*,#303,.T.);
#2749=ORIENTED_EDGE('',*,*,#2729,.T.);
#2750=EDGE_LOOP('',(#2741,#2747,#2748,#2749));
#2751=FACE_OUTER_BOUND('',#2750,.T.);
#2752=ADVANCED_FACE('',(#2751),#2740,.T.);
#2753=CARTESIAN_POINT('',(0.0,-201.41893671233368,30.650344287592333));
#2754=DIRECTION('',(0.0,0.0,1.0));
#2755=DIRECTION('',(1.0,0.0,0.0));
#2756=AXIS2_PLACEMENT_3D('',#2753,#2754,#2755);
#2757=PLANE('',#2756);
#2758=ORIENTED_EDGE('',*,*,#1226,.T.);
#2759=CARTESIAN_POINT('',(0.0,-183.03697306686107,30.650344287592027));
#2760=DIRECTION('',(1.0,0.0,0.0));
#2761=VECTOR('',#2760,6.000000000000001);
#2762=LINE('',#2759,#2761);
#2763=EDGE_CURVE('',#306,#1212,#2762,.T.);
#2764=ORIENTED_EDGE('',*,*,#2763,.F.);
#2765=ORIENTED_EDGE('',*,*,#311,.T.);
#2766=ORIENTED_EDGE('',*,*,#2746,.T.);
#2767=EDGE_LOOP('',(#2758,#2764,#2765,#2766));
#2768=FACE_OUTER_BOUND('',#2767,.T.);
#2769=ADVANCED_FACE('',(#2768),#2757,.T.);
#2770=CARTESIAN_POINT('',(0.0,-183.03697306686126,17.950344287591946));
#2771=DIRECTION('',(1.0,0.0,0.0));
#2772=DIRECTION('',(0.0,0.691276581568512,0.722590262718058));
#2773=AXIS2_PLACEMENT_3D('',#2770,#2771,#2772);
#2774=CYLINDRICAL_SURFACE('',#2773,12.700000000000079);
#2775=ORIENTED_EDGE('',*,*,#1218,.T.);
#2776=ORIENTED_EDGE('',*,*,#2623,.F.);
#2777=ORIENTED_EDGE('',*,*,#320,.T.);
#2778=ORIENTED_EDGE('',*,*,#2763,.T.);
#2779=EDGE_LOOP('',(#2775,#2776,#2777,#2778));
#2780=FACE_OUTER_BOUND('',#2779,.T.);
#2781=ADVANCED_FACE('',(#2780),#2774,.T.);
#2782=CARTESIAN_POINT('',(0.0,-157.52012134071833,-11.239721547356879));
#2783=DIRECTION('',(0.0,0.616759247579923,-0.78715184718366));
#2784=DIRECTION('',(-1.0,0.0,0.0));
#2785=AXIS2_PLACEMENT_3D('',#2782,#2783,#2784);
#2786=PLANE('',#2785);
#2787=ORIENTED_EDGE('',*,*,#2605,.T.);
#2788=ORIENTED_EDGE('',*,*,#992,.T.);
#2789=ORIENTED_EDGE('',*,*,#2646,.F.);
#2790=ORIENTED_EDGE('',*,*,#243,.T.);
#2791=EDGE_LOOP('',(#2787,#2788,#2789,#2790));
#2792=FACE_OUTER_BOUND('',#2791,.T.);
#2793=ADVANCED_FACE('',(#2792),#2786,.T.);
#2794=CLOSED_SHELL('',(#187,#229,#887,#905,#937,#969,#1601,#1613,#1625,#1637,#1659,#1676,#1693,#1705,#1727,#1744,#1761,#1773,#1795,#1817,#1829,#1841,#1863,#1880,#1897,#1909,#1931,#1948,#1965,#1977,#1999,#2021,#2033,#2045,#2067,#2084,#2101,#2113,#2135,#2152,#2169,#2181,#2203,#2225,#2247,#2269,#2286,#2303,#2320,#2332,#2349,#2361,#2378,#2395,#2412,#2429,#2446,#2463,#2480,#2497,#2514,#2531,#2548,#2565,#2577,#2594,#2611,#2628,#2650,#2667,#2684,#2701,#2718,#2735,#2752,#2769,#2781,#2793));
#2795=MANIFOLD_SOLID_BREP('Solid1',#2794);
#2796=COLOUR_RGB('Aluminum - Polished',0.957000017166138,0.957000017166138,0.957000017166138);
#2797=FILL_AREA_STYLE_COLOUR('Aluminum - Polished',#2796);
#2798=FILL_AREA_STYLE('Aluminum - Polished',(#2797));
#2799=SURFACE_STYLE_FILL_AREA(#2798);
#2800=SURFACE_SIDE_STYLE('Aluminum - Polished',(#2799));
#2801=SURFACE_STYLE_USAGE(.BOTH.,#2800);
#2802=PRESENTATION_STYLE_ASSIGNMENT((#2801));
#2803=STYLED_ITEM('',(#2802),#2795);
#2804=MECHANICAL_DESIGN_GEOMETRIC_PRESENTATION_REPRESENTATION('',(#2803,#3204,#3604,#4004,#4404,#4846,#9704,#10165,#10565,#10965,#11377),#36);
#2805=ADVANCED_BREP_SHAPE_REPRESENTATION('ABSR',(#2795),#114);
#2806=SHAPE_REPRESENTATION_RELATIONSHIP('SRR','None',#2805,#119);
#2807=AXIS2_PLACEMENT_3D('',#2808,#2809,#2810);
#2808=CARTESIAN_POINT('',(3.552714E-014,7.105427E-014,0.0));
#2809=DIRECTION('',(2.775558E-017,1.479114E-031,1.0));
#2810=DIRECTION('',(1.0,1.340447E-030,0.0));
#2811=NEXT_ASSEMBLY_USAGE_OCCURRENCE('exhaust header plate:1','exhaust header plate:1','exhaust header plate:1',#51,#90,'exhaust header plate:1');
#2812=PRODUCT_DEFINITION_SHAPE('exhaust header plate:1','exhaust header plate:1',#2811);
#2813=ITEM_DEFINED_TRANSFORMATION('exhaust header plate:1','exhaust header plate:1',#115,#2807);
#2817=(REPRESENTATION_RELATIONSHIP('exhaust header plate:1','exhaust header plate:1',#119,#80)REPRESENTATION_RELATIONSHIP_WITH_TRANSFORMATION(#2813)SHAPE_REPRESENTATION_RELATIONSHIP());
#2818=CONTEXT_DEPENDENT_SHAPE_REPRESENTATION(#2817,#2812);
#2819=APPLICATION_CONTEXT('automotive design');
#2820=APPLICATION_PROTOCOL_DEFINITION('International Standard','automotive_design',2001,#2819);
#2821=PRODUCT_CONTEXT('',#2819,'mechanical');
#2822=PRODUCT('exhaust header right pipe 8','exhaust header right pipe 8',$,(#2821));
#2823=PRODUCT_RELATED_PRODUCT_CATEGORY('part',$,(#2822));
#2824=PRODUCT_DEFINITION_FORMATION('',$,#2822);
#2825=PRODUCT_DEFINITION_CONTEXT('part definition',#2819,'design');
#2826=PRODUCT_DEFINITION('',$,#2824,#2825);
#2832=(NAMED_UNIT(*)PLANE_ANGLE_UNIT()SI_UNIT($,.RADIAN.));
#2833=DIMENSIONAL_EXPONENTS(0.0,0.0,0.0,0.0,0.0,0.0,0.0);
#2834=PLANE_ANGLE_MEASURE_WITH_UNIT(PLANE_ANGLE_MEASURE(0.0174532925),#2832);
#2838=(CONVERSION_BASED_UNIT('DEGREE',#2834)NAMED_UNIT(#2833)PLANE_ANGLE_UNIT());
#2842=(NAMED_UNIT(*)SI_UNIT($,.STERADIAN.)SOLID_ANGLE_UNIT());
#2846=(LENGTH_UNIT()NAMED_UNIT(*)SI_UNIT(.MILLI.,.METRE.));
#2848=UNCERTAINTY_MEASURE_WITH_UNIT(LENGTH_MEASURE(0.01),#2846,'DISTANCE_ACCURACY_VALUE','');
#2850=(GEOMETRIC_REPRESENTATION_CONTEXT(3)GLOBAL_UNCERTAINTY_ASSIGNED_CONTEXT((#2848))GLOBAL_UNIT_ASSIGNED_CONTEXT((#2838,#2842,#2846))REPRESENTATION_CONTEXT('None','None'));
#2851=AXIS2_PLACEMENT_3D('',#2852,#2853,#2854);
#2852=CARTESIAN_POINT('',(0.0,0.0,0.0));
#2853=DIRECTION('',(0.0,0.0,1.0));
#2854=DIRECTION('',(1.0,0.0,0.0));
#2855=SHAPE_REPRESENTATION('',(#2851),#2850);
#2856=PRODUCT_DEFINITION_SHAPE('','',#2826);
#2857=SHAPE_DEFINITION_REPRESENTATION(#2856,#2855);
#2863=(NAMED_UNIT(*)PLANE_ANGLE_UNIT()SI_UNIT($,.RADIAN.));
#2864=DIMENSIONAL_EXPONENTS(0.0,0.0,0.0,0.0,0.0,0.0,0.0);
#2865=PLANE_ANGLE_MEASURE_WITH_UNIT(PLANE_ANGLE_MEASURE(0.0174532925),#2863);
#2869=(CONVERSION_BASED_UNIT('DEGREE',#2865)NAMED_UNIT(#2864)PLANE_ANGLE_UNIT());
#2873=(NAMED_UNIT(*)SI_UNIT($,.STERADIAN.)SOLID_ANGLE_UNIT());
#2877=(LENGTH_UNIT()NAMED_UNIT(*)SI_UNIT(.MILLI.,.METRE.));
#2879=UNCERTAINTY_MEASURE_WITH_UNIT(LENGTH_MEASURE(0.000001),#2877,'DISTANCE_ACCURACY_VALUE','');
#2881=(GEOMETRIC_REPRESENTATION_CONTEXT(3)GLOBAL_UNCERTAINTY_ASSIGNED_CONTEXT((#2879))GLOBAL_UNIT_ASSIGNED_CONTEXT((#2869,#2873,#2877))REPRESENTATION_CONTEXT('','3D'));
#2882=CARTESIAN_POINT('',(52.774999999999963,110.08749999999995,-287.77499999999992));
#2883=DIRECTION('',(0.0,-1.0,-1.436020E-016));
#2884=DIRECTION('',(0.873058439374492,-7.002258E-017,0.487615587770711));
#2885=AXIS2_PLACEMENT_3D('',#2882,#2883,#2884);
#2886=CYLINDRICAL_SURFACE('',#2885,19.037500000000009);
#2887=CARTESIAN_POINT('',(36.154149960408112,-75.399999999999991,-297.0579817521849));
#2888=VERTEX_POINT('',#2887);
#2889=CARTESIAN_POINT('',(52.774999999999963,-75.399999999999991,-287.77499999999998));
#2890=DIRECTION('',(6.113380E-017,1.0,3.414410E-017));
#2891=DIRECTION('',(0.873058439374492,-7.002258E-017,0.487615587770711));
#2892=AXIS2_PLACEMENT_3D('',#2889,#2890,#2891);
#2893=CIRCLE('',#2892,19.037500000000009);
#2894=EDGE_CURVE('',#2888,#2888,#2893,.T.);
#2895=ORIENTED_EDGE('',*,*,#2894,.F.);
#2896=EDGE_LOOP('',(#2895));
#2897=FACE_OUTER_BOUND('',#2896,.T.);
#2898=CARTESIAN_POINT('',(36.154149960408112,110.08749999999995,-297.05798175218484));
#2899=VERTEX_POINT('',#2898);
#2900=CARTESIAN_POINT('',(52.774999999999963,110.08749999999995,-287.77499999999992));
#2901=DIRECTION('',(1.145582E-016,1.0,6.398238E-017));
#2902=DIRECTION('',(0.873058439374492,-1.312148E-016,0.487615587770711));
#2903=AXIS2_PLACEMENT_3D('',#2900,#2901,#2902);
#2904=CIRCLE('',#2903,19.037500000000009);
#2905=EDGE_CURVE('',#2899,#2899,#2904,.T.);
#2906=ORIENTED_EDGE('',*,*,#2905,.T.);
#2907=EDGE_LOOP('',(#2906));
#2908=FACE_BOUND('',#2907,.T.);
#2909=ADVANCED_FACE('',(#2897,#2908),#2886,.F.);
#2910=CARTESIAN_POINT('',(58.457956513286298,110.08749999999999,-226.12387136865942));
#2911=DIRECTION('',(-0.995778374824802,5.267176E-017,0.091790131448194));
#2912=DIRECTION('',(0.091790131448194,0.0,0.995778374824802));
#2913=AXIS2_PLACEMENT_3D('',#2910,#2911,#2912);
#2914=TOROIDAL_SURFACE('',#2913,61.912499999999973,19.037500000000001);
#2915=ORIENTED_EDGE('',*,*,#2905,.F.);
#2916=EDGE_LOOP('',(#2915));
#2917=FACE_OUTER_BOUND('',#2916,.T.);
#2918=CARTESIAN_POINT('',(42.825633179914433,182.76942249263382,-224.68289509332783));
#2919=VERTEX_POINT('',#2918);
#2920=CARTESIAN_POINT('',(58.457956513286291,171.99999999999994,-226.12387136865951));
#2921=DIRECTION('',(0.091790131448194,4.996004E-016,0.995778374824801));
#2922=DIRECTION('',(0.821133202015595,-0.565695206441699,-0.075691465545985));
#2923=AXIS2_PLACEMENT_3D('',#2920,#2921,#2922);
#2924=CIRCLE('',#2923,19.037499999999998);
#2925=EDGE_CURVE('',#2919,#2919,#2924,.T.);
#2926=ORIENTED_EDGE('',*,*,#2925,.T.);
#2927=EDGE_LOOP('',(#2926));
#2928=FACE_BOUND('',#2927,.T.);
#2929=ADVANCED_FACE('',(#2917,#2928),#2914,.F.);
#2930=CARTESIAN_POINT('',(62.906239917118754,172.00000000000003,-177.86700160779208));
#2931=DIRECTION('',(-0.091790131448194,-5.135497E-016,-0.995778374824802));
#2932=DIRECTION('',(0.821133202015595,-0.565695206441699,-0.075691465545985));
#2933=AXIS2_PLACEMENT_3D('',#2930,#2931,#2932);
#2934=CYLINDRICAL_SURFACE('',#2933,19.037500000000001);
#2935=ORIENTED_EDGE('',*,*,#2925,.F.);
#2936=EDGE_LOOP('',(#2935));
#2937=FACE_OUTER_BOUND('',#2936,.T.);
#2938=CARTESIAN_POINT('',(47.273916583746889,182.76942249263385,-176.42602533246043));
#2939=VERTEX_POINT('',#2938);
#2940=CARTESIAN_POINT('',(62.906239917118754,172.00000000000003,-177.86700160779208));
#2941=DIRECTION('',(0.091790131448194,4.996004E-016,0.995778374824801));
#2942=DIRECTION('',(0.821133202015595,-0.565695206441699,-0.075691465545985));
#2943=AXIS2_PLACEMENT_3D('',#2940,#2941,#2942);
#2944=CIRCLE('',#2943,19.037499999999998);
#2945=EDGE_CURVE('',#2939,#2939,#2944,.T.);
#2946=ORIENTED_EDGE('',*,*,#2945,.T.);
#2947=EDGE_LOOP('',(#2946));
#2948=FACE_BOUND('',#2947,.T.);
#2949=ADVANCED_FACE('',(#2937,#2948),#2934,.F.);
#2950=CARTESIAN_POINT('',(71.351215927365246,110.6710993963904,-178.64545339752254));
#2951=DIRECTION('',(-0.986391972103439,-0.136980071536816,0.090924899624124));
#2952=DIRECTION('',(0.091790131448195,0.0,0.995778374824802));
#2953=AXIS2_PLACEMENT_3D('',#2950,#2951,#2952);
#2954=TOROIDAL_SURFACE('',#2953,61.91249999999998,19.037500000000001);
#2955=ORIENTED_EDGE('',*,*,#2945,.F.);
#2956=EDGE_LOOP('',(#2955));
#2957=FACE_OUTER_BOUND('',#2956,.T.);
#2958=CARTESIAN_POINT('',(55.88172474628778,157.65199723865831,-120.88473596394616));
#2959=VERTEX_POINT('',#2958);
#2960=CARTESIAN_POINT('',(70.037582059882538,151.19087532516275,-131.85250755101401));
#2961=DIRECTION('',(0.163035859133272,-0.743577534528945,0.648468780112452));
#2962=DIRECTION('',(0.743577534528945,-0.339389200971532,-0.576114068920176));
#2963=AXIS2_PLACEMENT_3D('',#2960,#2961,#2962);
#2964=CIRCLE('',#2963,19.037499999999998);
#2965=EDGE_CURVE('',#2959,#2959,#2964,.T.);
#2966=ORIENTED_EDGE('',*,*,#2965,.T.);
#2967=EDGE_LOOP('',(#2966));
#2968=FACE_BOUND('',#2967,.T.);
#2969=ADVANCED_FACE('',(#2957,#2968),#2954,.F.);
#2970=CARTESIAN_POINT('',(91.288660559643674,54.268488796587064,-47.327170462139875));
#2971=DIRECTION('',(-0.163035859133272,0.743577534528945,-0.648468780112452));
#2972=DIRECTION('',(0.743577534528945,-0.339389200971532,-0.576114068920176));
#2973=AXIS2_PLACEMENT_3D('',#2970,#2971,#2972);
#2974=CYLINDRICAL_SURFACE('',#2973,19.037499999999998);
#2975=ORIENTED_EDGE('',*,*,#2965,.F.);
#2976=EDGE_LOOP('',(#2975));
#2977=FACE_OUTER_BOUND('',#2976,.T.);
#2978=CARTESIAN_POINT('',(77.132803246048894,60.729610710082618,-36.359398875072031));
#2979=VERTEX_POINT('',#2978);
#2980=CARTESIAN_POINT('',(91.288660559643674,54.268488796587064,-47.327170462139875));
#2981=DIRECTION('',(0.163035859133272,-0.743577534528945,0.648468780112452));
#2982=DIRECTION('',(0.743577534528945,-0.339389200971532,-0.576114068920176));
#2983=AXIS2_PLACEMENT_3D('',#2980,#2981,#2982);
#2984=CIRCLE('',#2983,19.037499999999998);
#2985=EDGE_CURVE('',#2979,#2979,#2984,.T.);
#2986=ORIENTED_EDGE('',*,*,#2985,.T.);
#2987=EDGE_LOOP('',(#2986));
#2988=FACE_BOUND('',#2987,.T.);
#2989=ADVANCED_FACE('',(#2977,#2988),#2974,.F.);
#2990=CARTESIAN_POINT('',(30.204540891416848,46.661062400113366,-40.692786976843038));
#2991=DIRECTION('',(-1.232595E-032,0.65726286253734,0.753661415709483));
#2992=DIRECTION('',(1.0,0.0,0.0));
#2993=AXIS2_PLACEMENT_3D('',#2990,#2991,#2992);
#2994=TOROIDAL_SURFACE('',#2993,61.912500000000001,19.037500000000001);
#2995=ORIENTED_EDGE('',*,*,#2985,.F.);
#2996=EDGE_LOOP('',(#2995));
#2997=FACE_OUTER_BOUND('',#2996,.T.);
#2998=CARTESIAN_POINT('',(30.204540891416841,19.037500000000001,2.331421E-015));
#2999=VERTEX_POINT('',#2998);
#3000=CARTESIAN_POINT('',(30.204540891416841,0.0,0.0));
#3001=DIRECTION('',(-1.0,0.0,0.0));
#3002=DIRECTION('',(0.0,-1.0,0.0));
#3003=AXIS2_PLACEMENT_3D('',#3000,#3001,#3002);
#3004=CIRCLE('',#3003,19.037500000000001);
#3005=EDGE_CURVE('',#2999,#2999,#3004,.T.);
#3006=ORIENTED_EDGE('',*,*,#3005,.T.);
#3007=EDGE_LOOP('',(#3006));
#3008=FACE_BOUND('',#3007,.T.);
#3009=ADVANCED_FACE('',(#2997,#3008),#2994,.F.);
#3010=CARTESIAN_POINT('',(0.0,0.0,0.0));
#3011=DIRECTION('',(1.0,0.0,0.0));
#3012=DIRECTION('',(0.0,-1.0,0.0));
#3013=AXIS2_PLACEMENT_3D('',#3010,#3011,#3012);
#3014=CYLINDRICAL_SURFACE('',#3013,19.037500000000001);
#3015=ORIENTED_EDGE('',*,*,#3005,.F.);
#3016=EDGE_LOOP('',(#3015));
#3017=FACE_OUTER_BOUND('',#3016,.T.);
#3018=CARTESIAN_POINT('',(0.0,19.037500000000001,2.331421E-015));
#3019=VERTEX_POINT('',#3018);
#3020=CARTESIAN_POINT('',(0.0,0.0,0.0));
#3021=DIRECTION('',(1.0,0.0,0.0));
#3022=DIRECTION('',(0.0,-1.0,0.0));
#3023=AXIS2_PLACEMENT_3D('',#3020,#3021,#3022);
#3024=CIRCLE('',#3023,19.037500000000001);
#3025=EDGE_CURVE('',#3019,#3019,#3024,.T.);
#3026=ORIENTED_EDGE('',*,*,#3025,.F.);
#3027=EDGE_LOOP('',(#3026));
#3028=FACE_BOUND('',#3027,.T.);
#3029=ADVANCED_FACE('',(#3017,#3028),#3014,.F.);
#3030=CARTESIAN_POINT('',(52.774999999999963,110.08749999999995,-287.77499999999992));
#3031=DIRECTION('',(0.0,-1.0,-1.436020E-016));
#3032=DIRECTION('',(0.873058439374492,-7.002258E-017,0.487615587770711));
#3033=AXIS2_PLACEMENT_3D('',#3030,#3031,#3032);
#3034=CYLINDRICAL_SURFACE('',#3033,20.63750000000001);
#3035=CARTESIAN_POINT('',(34.7572564574089,-75.399999999999991,-297.83816669261802));
#3036=VERTEX_POINT('',#3035);
#3037=CARTESIAN_POINT('',(52.774999999999963,-75.400000000000034,-287.77499999999998));
#3038=DIRECTION('',(1.878696E-016,1.0,1.049278E-016));
#3039=DIRECTION('',(0.873058439374492,-2.151856E-016,0.487615587770711));
#3040=AXIS2_PLACEMENT_3D('',#3037,#3038,#3039);
#3041=CIRCLE('',#3040,20.637500000000006);
#3042=EDGE_CURVE('',#3036,#3036,#3041,.T.);
#3043=ORIENTED_EDGE('',*,*,#3042,.T.);
#3044=EDGE_LOOP('',(#3043));
#3045=FACE_OUTER_BOUND('',#3044,.T.);
#3046=CARTESIAN_POINT('',(34.7572564574089,110.08749999999995,-297.83816669261796));
#3047=VERTEX_POINT('',#3046);
#3048=CARTESIAN_POINT('',(52.774999999999963,110.08749999999995,-287.77499999999992));
#3049=DIRECTION('',(1.878696E-016,1.0,1.049278E-016));
#3050=DIRECTION('',(0.873058439374492,-2.151856E-016,0.487615587770711));
#3051=AXIS2_PLACEMENT_3D('',#3048,#3049,#3050);
#3052=CIRCLE('',#3051,20.637500000000006);
#3053=EDGE_CURVE('',#3047,#3047,#3052,.T.);
#3054=ORIENTED_EDGE('',*,*,#3053,.F.);
#3055=EDGE_LOOP('',(#3054));
#3056=FACE_BOUND('',#3055,.T.);
#3057=ADVANCED_FACE('',(#3045,#3056),#3034,.T.);
#3058=CARTESIAN_POINT('',(58.457956513286298,110.08749999999999,-226.12387136865942));
#3059=DIRECTION('',(-0.995778374824802,5.267176E-017,0.091790131448194));
#3060=DIRECTION('',(0.091790131448194,0.0,0.995778374824802));
#3061=AXIS2_PLACEMENT_3D('',#3058,#3059,#3060);
#3062=TOROIDAL_SURFACE('',#3061,61.912499999999973,20.637500000000003);
#3063=ORIENTED_EDGE('',*,*,#3053,.T.);
#3064=EDGE_LOOP('',(#3063));
#3065=FACE_OUTER_BOUND('',#3064,.T.);
#3066=CARTESIAN_POINT('',(41.511820056689473,183.67453482294053,-224.56178874845426));
#3067=VERTEX_POINT('',#3066);
#3068=CARTESIAN_POINT('',(58.457956513286291,171.99999999999994,-226.12387136865951));
#3069=DIRECTION('',(0.091790131448194,4.579670E-016,0.995778374824802));
#3070=DIRECTION('',(0.821133202015595,-0.565695206441699,-0.075691465545985));
#3071=AXIS2_PLACEMENT_3D('',#3068,#3069,#3070);
#3072=CIRCLE('',#3071,20.637500000000003);
#3073=EDGE_CURVE('',#3067,#3067,#3072,.T.);
#3074=ORIENTED_EDGE('',*,*,#3073,.F.);
#3075=EDGE_LOOP('',(#3074));
#3076=FACE_BOUND('',#3075,.T.);
#3077=ADVANCED_FACE('',(#3065,#3076),#3062,.T.);
#3078=CARTESIAN_POINT('',(62.906239917118754,172.00000000000003,-177.86700160779208));
#3079=DIRECTION('',(-0.091790131448194,-5.135497E-016,-0.995778374824802));
#3080=DIRECTION('',(0.821133202015595,-0.565695206441699,-0.075691465545985));
#3081=AXIS2_PLACEMENT_3D('',#3078,#3079,#3080);
#3082=CYLINDRICAL_SURFACE('',#3081,20.637500000000003);
#3083=ORIENTED_EDGE('',*,*,#3073,.T.);
#3084=EDGE_LOOP('',(#3083));
#3085=FACE_OUTER_BOUND('',#3084,.T.);
#3086=CARTESIAN_POINT('',(45.960103460521928,183.67453482294056,-176.30491898758686));
#3087=VERTEX_POINT('',#3086);
#3088=CARTESIAN_POINT('',(62.906239917118754,172.00000000000003,-177.86700160779208));
#3089=DIRECTION('',(0.091790131448194,4.579670E-016,0.995778374824802));
#3090=DIRECTION('',(0.821133202015595,-0.565695206441699,-0.075691465545985));
#3091=AXIS2_PLACEMENT_3D('',#3088,#3089,#3090);
#3092=CIRCLE('',#3091,20.637500000000003);
#3093=EDGE_CURVE('',#3087,#3087,#3092,.T.);
#3094=ORIENTED_EDGE('',*,*,#3093,.F.);
#3095=EDGE_LOOP('',(#3094));
#3096=FACE_BOUND('',#3095,.T.);
#3097=ADVANCED_FACE('',(#3085,#3096),#3082,.T.);
#3098=CARTESIAN_POINT('',(71.351215927365246,110.6710993963904,-178.64545339752254));
#3099=DIRECTION('',(-0.986391972103439,-0.136980071536816,0.090924899624124));
#3100=DIRECTION('',(0.091790131448195,0.0,0.995778374824802));
#3101=AXIS2_PLACEMENT_3D('',#3098,#3099,#3100);
#3102=TOROIDAL_SURFACE('',#3101,61.91249999999998,20.637500000000003);
#3103=ORIENTED_EDGE('',*,*,#3093,.T.);
#3104=EDGE_LOOP('',(#3103));
#3105=FACE_OUTER_BOUND('',#3104,.T.);
#3106=CARTESIAN_POINT('',(54.692000691041464,158.19501996021276,-119.96295345367388));
#3107=VERTEX_POINT('',#3106);
#3108=CARTESIAN_POINT('',(70.037582059882538,151.19087532516275,-131.85250755101401));
#3109=DIRECTION('',(0.163035859133272,-0.743577534528945,0.648468780112452));
#3110=DIRECTION('',(0.743577534528945,-0.339389200971532,-0.576114068920176));
#3111=AXIS2_PLACEMENT_3D('',#3108,#3109,#3110);
#3112=CIRCLE('',#3111,20.637499999999999);
#3113=EDGE_CURVE('',#3107,#3107,#3112,.T.);
#3114=ORIENTED_EDGE('',*,*,#3113,.F.);
#3115=EDGE_LOOP('',(#3114));
#3116=FACE_BOUND('',#3115,.T.);
#3117=ADVANCED_FACE('',(#3105,#3116),#3102,.T.);
#3118=CARTESIAN_POINT('',(91.288660559643674,54.268488796587064,-47.327170462139875));
#3119=DIRECTION('',(-0.163035859133272,0.743577534528945,-0.648468780112452));
#3120=DIRECTION('',(0.743577534528945,-0.339389200971532,-0.576114068920176));
#3121=AXIS2_PLACEMENT_3D('',#3118,#3119,#3120);
#3122=CYLINDRICAL_SURFACE('',#3121,20.637499999999999);
#3123=ORIENTED_EDGE('',*,*,#3113,.T.);
#3124=EDGE_LOOP('',(#3123));
#3125=FACE_OUTER_BOUND('',#3124,.T.);
#3126=CARTESIAN_POINT('',(75.943079190802578,61.272633431637061,-35.437616364799744));
#3127=VERTEX_POINT('',#3126);
#3128=CARTESIAN_POINT('',(91.288660559643674,54.268488796587064,-47.327170462139875));
#3129=DIRECTION('',(0.163035859133272,-0.743577534528945,0.648468780112452));
#3130=DIRECTION('',(0.743577534528945,-0.339389200971532,-0.576114068920176));
#3131=AXIS2_PLACEMENT_3D('',#3128,#3129,#3130);
#3132=CIRCLE('',#3131,20.637499999999999);
#3133=EDGE_CURVE('',#3127,#3127,#3132,.T.);
#3134=ORIENTED_EDGE('',*,*,#3133,.F.);
#3135=EDGE_LOOP('',(#3134));
#3136=FACE_BOUND('',#3135,.T.);
#3137=ADVANCED_FACE('',(#3125,#3136),#3122,.T.);
#3138=CARTESIAN_POINT('',(30.204540891416848,46.661062400113366,-40.692786976843038));
#3139=DIRECTION('',(-1.232595E-032,0.65726286253734,0.753661415709483));
#3140=DIRECTION('',(1.0,0.0,0.0));
#3141=AXIS2_PLACEMENT_3D('',#3138,#3139,#3140);
#3142=TOROIDAL_SURFACE('',#3141,61.912500000000001,20.637500000000003);
#3143=ORIENTED_EDGE('',*,*,#3133,.T.);
#3144=EDGE_LOOP('',(#3143));
#3145=FACE_OUTER_BOUND('',#3144,.T.);
#3146=CARTESIAN_POINT('',(30.204540891416841,20.637500000000003,2.527365E-015));
#3147=VERTEX_POINT('',#3146);
#3148=CARTESIAN_POINT('',(30.204540891416841,0.0,0.0));
#3149=DIRECTION('',(-1.0,0.0,0.0));
#3150=DIRECTION('',(0.0,-1.0,0.0));
#3151=AXIS2_PLACEMENT_3D('',#3148,#3149,#3150);
#3152=CIRCLE('',#3151,20.637500000000003);
#3153=EDGE_CURVE('',#3147,#3147,#3152,.T.);
#3154=ORIENTED_EDGE('',*,*,#3153,.F.);
#3155=EDGE_LOOP('',(#3154));
#3156=FACE_BOUND('',#3155,.T.);
#3157=ADVANCED_FACE('',(#3145,#3156),#3142,.T.);
#3158=CARTESIAN_POINT('',(0.0,0.0,0.0));
#3159=DIRECTION('',(1.0,0.0,0.0));
#3160=DIRECTION('',(0.0,-1.0,0.0));
#3161=AXIS2_PLACEMENT_3D('',#3158,#3159,#3160);
#3162=CYLINDRICAL_SURFACE('',#3161,20.637500000000003);
#3163=ORIENTED_EDGE('',*,*,#3153,.T.);
#3164=EDGE_LOOP('',(#3163));
#3165=FACE_OUTER_BOUND('',#3164,.T.);
#3166=CARTESIAN_POINT('',(0.0,20.637500000000003,2.527365E-015));
#3167=VERTEX_POINT('',#3166);
#3168=CARTESIAN_POINT('',(0.0,0.0,0.0));
#3169=DIRECTION('',(-1.0,0.0,0.0));
#3170=DIRECTION('',(0.0,-1.0,0.0));
#3171=AXIS2_PLACEMENT_3D('',#3168,#3169,#3170);
#3172=CIRCLE('',#3171,20.637500000000003);
#3173=EDGE_CURVE('',#3167,#3167,#3172,.T.);
#3174=ORIENTED_EDGE('',*,*,#3173,.F.);
#3175=EDGE_LOOP('',(#3174));
#3176=FACE_BOUND('',#3175,.T.);
#3177=ADVANCED_FACE('',(#3165,#3176),#3162,.T.);
#3178=CARTESIAN_POINT('',(52.774999999999999,-75.399999999999991,-287.77499999999998));
#3179=DIRECTION('',(0.0,1.0,0.0));
#3180=DIRECTION('',(0.0,0.0,1.0));
#3181=AXIS2_PLACEMENT_3D('',#3178,#3179,#3180);
#3182=PLANE('',#3181);
#3183=ORIENTED_EDGE('',*,*,#3042,.F.);
#3184=EDGE_LOOP('',(#3183));
#3185=FACE_OUTER_BOUND('',#3184,.T.);
#3186=ORIENTED_EDGE('',*,*,#2894,.T.);
#3187=EDGE_LOOP('',(#3186));
#3188=FACE_BOUND('',#3187,.T.);
#3189=ADVANCED_FACE('',(#3185,#3188),#3182,.F.);
#3190=CARTESIAN_POINT('',(0.0,0.0,0.0));
#3191=DIRECTION('',(-1.0,0.0,0.0));
#3192=DIRECTION('',(0.0,0.0,1.0));
#3193=AXIS2_PLACEMENT_3D('',#3190,#3191,#3192);
#3194=PLANE('',#3193);
#3195=ORIENTED_EDGE('',*,*,#3173,.T.);
#3196=EDGE_LOOP('',(#3195));
#3197=FACE_OUTER_BOUND('',#3196,.T.);
#3198=ORIENTED_EDGE('',*,*,#3025,.T.);
#3199=EDGE_LOOP('',(#3198));
#3200=FACE_BOUND('',#3199,.T.);
#3201=ADVANCED_FACE('',(#3197,#3200),#3194,.T.);
#3202=CLOSED_SHELL('',(#2909,#2929,#2949,#2969,#2989,#3009,#3029,#3057,#3077,#3097,#3117,#3137,#3157,#3177,#3189,#3201));
#3203=MANIFOLD_SOLID_BREP('Solid1',#3202);
#3204=STYLED_ITEM('',(#2802),#3203);
#3205=ADVANCED_BREP_SHAPE_REPRESENTATION('ABSR',(#3203),#2850);
#3206=SHAPE_REPRESENTATION_RELATIONSHIP('SRR','None',#3205,#2855);
#3207=AXIS2_PLACEMENT_3D('',#3208,#3209,#3210);
#3208=CARTESIAN_POINT('',(3.559849E-014,-192.22795488959781,2.570644287592071));
#3209=DIRECTION('',(2.751131E-017,0.003985573240298,0.999992057571432));
#3210=DIRECTION('',(1.0,6.123234E-017,-2.775558E-017));
#3211=NEXT_ASSEMBLY_USAGE_OCCURRENCE('exhaust header right pipe 8:1','exhaust header right pipe 8:1','exhaust header right pipe 8:1',#51,#2826,'exhaust header right pipe 8:1');
#3212=PRODUCT_DEFINITION_SHAPE('exhaust header right pipe 8:1','exhaust header right pipe 8:1',#3211);
#3213=ITEM_DEFINED_TRANSFORMATION('exhaust header right pipe 8:1','exhaust header right pipe 8:1',#2851,#3207);
#3217=(REPRESENTATION_RELATIONSHIP('exhaust header right pipe 8:1','exhaust header right pipe 8:1',#2855,#80)REPRESENTATION_RELATIONSHIP_WITH_TRANSFORMATION(#3213)SHAPE_REPRESENTATION_RELATIONSHIP());
#3218=CONTEXT_DEPENDENT_SHAPE_REPRESENTATION(#3217,#3212);
#3219=APPLICATION_CONTEXT('automotive design');
#3220=APPLICATION_PROTOCOL_DEFINITION('International Standard','automotive_design',2001,#3219);
#3221=PRODUCT_CONTEXT('',#3219,'mechanical');
#3222=PRODUCT('exhaust header right pipe 6','exhaust header right pipe 6',$,(#3221));
#3223=PRODUCT_RELATED_PRODUCT_CATEGORY('part',$,(#3222));
#3224=PRODUCT_DEFINITION_FORMATION('',$,#3222);
#3225=PRODUCT_DEFINITION_CONTEXT('part definition',#3219,'design');
#3226=PRODUCT_DEFINITION('',$,#3224,#3225);
#3232=(NAMED_UNIT(*)PLANE_ANGLE_UNIT()SI_UNIT($,.RADIAN.));
#3233=DIMENSIONAL_EXPONENTS(0.0,0.0,0.0,0.0,0.0,0.0,0.0);
#3234=PLANE_ANGLE_MEASURE_WITH_UNIT(PLANE_ANGLE_MEASURE(0.0174532925),#3232);
#3238=(CONVERSION_BASED_UNIT('DEGREE',#3234)NAMED_UNIT(#3233)PLANE_ANGLE_UNIT());
#3242=(NAMED_UNIT(*)SI_UNIT($,.STERADIAN.)SOLID_ANGLE_UNIT());
#3246=(LENGTH_UNIT()NAMED_UNIT(*)SI_UNIT(.MILLI.,.METRE.));
#3248=UNCERTAINTY_MEASURE_WITH_UNIT(LENGTH_MEASURE(0.01),#3246,'DISTANCE_ACCURACY_VALUE','');
#3250=(GEOMETRIC_REPRESENTATION_CONTEXT(3)GLOBAL_UNCERTAINTY_ASSIGNED_CONTEXT((#3248))GLOBAL_UNIT_ASSIGNED_CONTEXT((#3238,#3242,#3246))REPRESENTATION_CONTEXT('None','None'));
#3251=AXIS2_PLACEMENT_3D('',#3252,#3253,#3254);
#3252=CARTESIAN_POINT('',(0.0,0.0,0.0));
#3253=DIRECTION('',(0.0,0.0,1.0));
#3254=DIRECTION('',(1.0,0.0,0.0));
#3255=SHAPE_REPRESENTATION('',(#3251),#3250);
#3256=PRODUCT_DEFINITION_SHAPE('','',#3226);
#3257=SHAPE_DEFINITION_REPRESENTATION(#3256,#3255);
#3263=(NAMED_UNIT(*)PLANE_ANGLE_UNIT()SI_UNIT($,.RADIAN.));
#3264=DIMENSIONAL_EXPONENTS(0.0,0.0,0.0,0.0,0.0,0.0,0.0);
#3265=PLANE_ANGLE_MEASURE_WITH_UNIT(PLANE_ANGLE_MEASURE(0.0174532925),#3263);
#3269=(CONVERSION_BASED_UNIT('DEGREE',#3265)NAMED_UNIT(#3264)PLANE_ANGLE_UNIT());
#3273=(NAMED_UNIT(*)SI_UNIT($,.STERADIAN.)SOLID_ANGLE_UNIT());
#3277=(LENGTH_UNIT()NAMED_UNIT(*)SI_UNIT(.MILLI.,.METRE.));
#3279=UNCERTAINTY_MEASURE_WITH_UNIT(LENGTH_MEASURE(0.000001),#3277,'DISTANCE_ACCURACY_VALUE','');
#3281=(GEOMETRIC_REPRESENTATION_CONTEXT(3)GLOBAL_UNCERTAINTY_ASSIGNED_CONTEXT((#3279))GLOBAL_UNIT_ASSIGNED_CONTEXT((#3269,#3273,#3277))REPRESENTATION_CONTEXT('','3D'));
#3282=CARTESIAN_POINT('',(97.22499999999998,-61.912500000000001,-287.77499999999998));
#3283=DIRECTION('',(0.0,-1.0,-1.436020E-016));
#3284=DIRECTION('',(0.111906258917143,-1.427000E-016,0.993718767667779));
#3285=AXIS2_PLACEMENT_3D('',#3282,#3283,#3284);
#3286=CYLINDRICAL_SURFACE('',#3285,19.037500000000001);
#3287=CARTESIAN_POINT('',(95.094584595864916,-247.39999999999998,-306.69292103947538));
#3288=VERTEX_POINT('',#3287);
#3289=CARTESIAN_POINT('',(97.22499999999998,-247.39999999999998,-287.77500000000003));
#3290=DIRECTION('',(1.596902E-017,1.0,1.418037E-016));
#3291=DIRECTION('',(0.111906258917143,-1.427000E-016,0.993718767667779));
#3292=AXIS2_PLACEMENT_3D('',#3289,#3290,#3291);
#3293=CIRCLE('',#3292,19.037500000000001);
#3294=EDGE_CURVE('',#3288,#3288,#3293,.T.);
#3295=ORIENTED_EDGE('',*,*,#3294,.F.);
#3296=EDGE_LOOP('',(#3295));
#3297=FACE_OUTER_BOUND('',#3296,.T.);
#3298=CARTESIAN_POINT('',(95.094584595864916,-61.912500000000009,-306.69292103947532));
#3299=VERTEX_POINT('',#3298);
#3300=CARTESIAN_POINT('',(97.22499999999998,-61.912500000000001,-287.77499999999998));
#3301=DIRECTION('',(1.787615E-017,1.0,1.587388E-016));
#3302=DIRECTION('',(0.111906258917143,-1.597422E-016,0.993718767667779));
#3303=AXIS2_PLACEMENT_3D('',#3300,#3301,#3302);
#3304=CIRCLE('',#3303,19.037500000000001);
#3305=EDGE_CURVE('',#3299,#3299,#3304,.T.);
#3306=ORIENTED_EDGE('',*,*,#3305,.T.);
#3307=EDGE_LOOP('',(#3306));
#3308=FACE_BOUND('',#3307,.T.);
#3309=ADVANCED_FACE('',(#3297,#3308),#3286,.F.);
#3310=CARTESIAN_POINT('',(104.1533962552076,-61.91249999999998,-226.25138679676863));
#3311=DIRECTION('',(-0.993718767667779,0.0,0.111906258917143));
#3312=DIRECTION('',(0.111906258917143,0.0,0.993718767667779));
#3313=AXIS2_PLACEMENT_3D('',#3310,#3311,#3312);
#3314=TOROIDAL_SURFACE('',#3313,61.912500000000009,19.037500000000001);
#3315=ORIENTED_EDGE('',*,*,#3305,.F.);
#3316=EDGE_LOOP('',(#3315));
#3317=FACE_OUTER_BOUND('',#3316,.T.);
#3318=CARTESIAN_POINT('',(104.15339625520761,19.037500000000016,-226.25138679676866));
#3319=VERTEX_POINT('',#3318);
#3320=CARTESIAN_POINT('',(104.1533962552076,1.487239E-014,-226.25138679676866));
#3321=DIRECTION('',(0.111906258917143,0.0,0.993718767667779));
#3322=DIRECTION('',(0.0,-1.0,0.0));
#3323=AXIS2_PLACEMENT_3D('',#3320,#3321,#3322);
#3324=CIRCLE('',#3323,19.037500000000001);
#3325=EDGE_CURVE('',#3319,#3319,#3324,.T.);
#3326=ORIENTED_EDGE('',*,*,#3325,.T.);
#3327=EDGE_LOOP('',(#3326));
#3328=FACE_BOUND('',#3327,.T.);
#3329=ADVANCED_FACE('',(#3317,#3328),#3314,.F.);
#3330=CARTESIAN_POINT('',(109.40222631806941,2.083723E-014,-179.64218913226142));
#3331=DIRECTION('',(-0.111906258917143,-1.271719E-016,-0.993718767667779));
#3332=DIRECTION('',(0.0,-1.0,0.0));
#3333=AXIS2_PLACEMENT_3D('',#3330,#3331,#3332);
#3334=CYLINDRICAL_SURFACE('',#3333,19.037500000000001);
#3335=ORIENTED_EDGE('',*,*,#3325,.F.);
#3336=EDGE_LOOP('',(#3335));
#3337=FACE_OUTER_BOUND('',#3336,.T.);
#3338=CARTESIAN_POINT('',(109.40222631806944,19.037500000000019,-179.64218913226142));
#3339=VERTEX_POINT('',#3338);
#3340=CARTESIAN_POINT('',(109.40222631806941,2.083723E-014,-179.64218913226142));
#3341=DIRECTION('',(0.111906258917143,0.0,0.993718767667779));
#3342=DIRECTION('',(0.0,-1.0,0.0));
#3343=AXIS2_PLACEMENT_3D('',#3340,#3341,#3342);
#3344=CIRCLE('',#3343,19.037500000000001);
#3345=EDGE_CURVE('',#3339,#3339,#3344,.T.);
#3346=ORIENTED_EDGE('',*,*,#3345,.T.);
#3347=EDGE_LOOP('',(#3346));
#3348=FACE_BOUND('',#3347,.T.);
#3349=ADVANCED_FACE('',(#3337,#3348),#3334,.F.);
#3350=CARTESIAN_POINT('',(47.878613114838053,-8.153219E-014,-172.71379287705378));
#3351=DIRECTION('',(-1.657299E-015,1.0,5.865868E-017));
#3352=DIRECTION('',(0.0,0.0,1.0));
#3353=AXIS2_PLACEMENT_3D('',#3350,#3351,#3352);
#3354=TOROIDAL_SURFACE('',#3353,61.912500000000001,19.037500000000001);
#3355=ORIENTED_EDGE('',*,*,#3345,.F.);
#3356=EDGE_LOOP('',(#3355));
#3357=FACE_OUTER_BOUND('',#3356,.T.);
#3358=CARTESIAN_POINT('',(109.7452791600211,19.037500000000019,-170.33192623431427));
#3359=VERTEX_POINT('',#3358);
#3360=CARTESIAN_POINT('',(109.7452791600211,2.085964E-014,-170.33192623431427));
#3361=DIRECTION('',(-0.038471498368496,0.0,0.999259697883029));
#3362=DIRECTION('',(0.0,-1.0,0.0));
#3363=AXIS2_PLACEMENT_3D('',#3360,#3361,#3362);
#3364=CIRCLE('',#3363,19.037500000000001);
#3365=EDGE_CURVE('',#3359,#3359,#3364,.T.);
#3366=ORIENTED_EDGE('',*,*,#3365,.T.);
#3367=EDGE_LOOP('',(#3366));
#3368=FACE_BOUND('',#3367,.T.);
#3369=ADVANCED_FACE('',(#3357,#3368),#3354,.F.);
#3370=CARTESIAN_POINT('',(105.47942938425453,7.290400E-015,-59.530633357260463));
#3371=DIRECTION('',(0.038471498368497,1.223740E-016,-0.999259697883029));
#3372=DIRECTION('',(0.0,-1.0,0.0));
#3373=AXIS2_PLACEMENT_3D('',#3370,#3371,#3372);
#3374=CYLINDRICAL_SURFACE('',#3373,19.037500000000001);
#3375=ORIENTED_EDGE('',*,*,#3365,.F.);
#3376=EDGE_LOOP('',(#3375));
#3377=FACE_OUTER_BOUND('',#3376,.T.);
#3378=CARTESIAN_POINT('',(105.47942938425453,19.037500000000009,-59.530633357260463));
#3379=VERTEX_POINT('',#3378);
#3380=CARTESIAN_POINT('',(105.47942938425453,7.290400E-015,-59.530633357260463));
#3381=DIRECTION('',(-0.038471498368496,0.0,0.999259697883029));
#3382=DIRECTION('',(0.0,-1.0,0.0));
#3383=AXIS2_PLACEMENT_3D('',#3380,#3381,#3382);
#3384=CIRCLE('',#3383,19.037500000000001);
#3385=EDGE_CURVE('',#3379,#3379,#3384,.T.);
#3386=ORIENTED_EDGE('',*,*,#3385,.T.);
#3387=EDGE_LOOP('',(#3386));
#3388=FACE_BOUND('',#3387,.T.);
#3389=ADVANCED_FACE('',(#3377,#3388),#3374,.F.);
#3390=CARTESIAN_POINT('',(43.612763339071492,7.582094E-015,-61.912500000000001));
#3391=DIRECTION('',(-8.210733E-048,1.0,1.224647E-016));
#3392=DIRECTION('',(0.0,0.0,1.0));
#3393=AXIS2_PLACEMENT_3D('',#3390,#3391,#3392);
#3394=TOROIDAL_SURFACE('',#3393,61.912500000000001,19.037500000000001);
#3395=ORIENTED_EDGE('',*,*,#3385,.F.);
#3396=EDGE_LOOP('',(#3395));
#3397=FACE_OUTER_BOUND('',#3396,.T.);
#3398=CARTESIAN_POINT('',(43.612763339071485,19.037500000000001,2.331421E-015));
#3399=VERTEX_POINT('',#3398);
#3400=CARTESIAN_POINT('',(43.612763339071485,0.0,0.0));
#3401=DIRECTION('',(-1.0,0.0,0.0));
#3402=DIRECTION('',(0.0,-1.0,0.0));
#3403=AXIS2_PLACEMENT_3D('',#3400,#3401,#3402);
#3404=CIRCLE('',#3403,19.037500000000001);
#3405=EDGE_CURVE('',#3399,#3399,#3404,.T.);
#3406=ORIENTED_EDGE('',*,*,#3405,.T.);
#3407=EDGE_LOOP('',(#3406));
#3408=FACE_BOUND('',#3407,.T.);
#3409=ADVANCED_FACE('',(#3397,#3408),#3394,.F.);
#3410=CARTESIAN_POINT('',(0.0,0.0,0.0));
#3411=DIRECTION('',(1.0,0.0,0.0));
#3412=DIRECTION('',(0.0,-1.0,0.0));
#3413=AXIS2_PLACEMENT_3D('',#3410,#3411,#3412);
#3414=CYLINDRICAL_SURFACE('',#3413,19.037500000000001);
#3415=ORIENTED_EDGE('',*,*,#3405,.F.);
#3416=EDGE_LOOP('',(#3415));
#3417=FACE_OUTER_BOUND('',#3416,.T.);
#3418=CARTESIAN_POINT('',(0.0,19.037500000000001,2.331421E-015));
#3419=VERTEX_POINT('',#3418);
#3420=CARTESIAN_POINT('',(0.0,0.0,0.0));
#3421=DIRECTION('',(1.0,0.0,0.0));
#3422=DIRECTION('',(0.0,-1.0,0.0));
#3423=AXIS2_PLACEMENT_3D('',#3420,#3421,#3422);
#3424=CIRCLE('',#3423,19.037500000000001);
#3425=EDGE_CURVE('',#3419,#3419,#3424,.T.);
#3426=ORIENTED_EDGE('',*,*,#3425,.F.);
#3427=EDGE_LOOP('',(#3426));
#3428=FACE_BOUND('',#3427,.T.);
#3429=ADVANCED_FACE('',(#3417,#3428),#3414,.F.);
#3430=CARTESIAN_POINT('',(97.22499999999998,-61.912500000000001,-287.77499999999998));
#3431=DIRECTION('',(0.0,-1.0,-1.436020E-016));
#3432=DIRECTION('',(0.111906258917143,-1.427000E-016,0.993718767667779));
#3433=AXIS2_PLACEMENT_3D('',#3430,#3431,#3432);
#3434=CYLINDRICAL_SURFACE('',#3433,20.637500000000003);
#3435=CARTESIAN_POINT('',(94.915534581597498,-247.39999999999998,-308.28287106774377));
#3436=VERTEX_POINT('',#3435);
#3437=CARTESIAN_POINT('',(97.22499999999998,-247.40000000000003,-287.77500000000003));
#3438=DIRECTION('',(1.787615E-017,1.0,1.587388E-016));
#3439=DIRECTION('',(0.111906258917143,-1.597422E-016,0.993718767667779));
#3440=AXIS2_PLACEMENT_3D('',#3437,#3438,#3439);
#3441=CIRCLE('',#3440,20.637500000000003);
#3442=EDGE_CURVE('',#3436,#3436,#3441,.T.);
#3443=ORIENTED_EDGE('',*,*,#3442,.T.);
#3444=EDGE_LOOP('',(#3443));
#3445=FACE_OUTER_BOUND('',#3444,.T.);
#3446=CARTESIAN_POINT('',(94.915534581597498,-61.912500000000009,-308.28287106774377));
#3447=VERTEX_POINT('',#3446);
#3448=CARTESIAN_POINT('',(97.22499999999998,-61.912500000000001,-287.77499999999998));
#3449=DIRECTION('',(1.787615E-017,1.0,1.587388E-016));
#3450=DIRECTION('',(0.111906258917143,-1.597422E-016,0.993718767667779));
#3451=AXIS2_PLACEMENT_3D('',#3448,#3449,#3450);
#3452=CIRCLE('',#3451,20.637500000000003);
#3453=EDGE_CURVE('',#3447,#3447,#3452,.T.);
#3454=ORIENTED_EDGE('',*,*,#3453,.F.);
#3455=EDGE_LOOP('',(#3454));
#3456=FACE_BOUND('',#3455,.T.);
#3457=ADVANCED_FACE('',(#3445,#3456),#3434,.T.);
#3458=CARTESIAN_POINT('',(104.1533962552076,-61.91249999999998,-226.25138679676863));
#3459=DIRECTION('',(-0.993718767667779,0.0,0.111906258917143));
#3460=DIRECTION('',(0.111906258917143,0.0,0.993718767667779));
#3461=AXIS2_PLACEMENT_3D('',#3458,#3459,#3460);
#3462=TOROIDAL_SURFACE('',#3461,61.912500000000009,20.637500000000003);
#3463=ORIENTED_EDGE('',*,*,#3453,.T.);
#3464=EDGE_LOOP('',(#3463));
#3465=FACE_OUTER_BOUND('',#3464,.T.);
#3466=CARTESIAN_POINT('',(104.15339625520761,20.637500000000017,-226.25138679676866));
#3467=VERTEX_POINT('',#3466);
#3468=CARTESIAN_POINT('',(104.1533962552076,1.487239E-014,-226.25138679676866));
#3469=DIRECTION('',(0.111906258917143,0.0,0.993718767667779));
#3470=DIRECTION('',(0.0,-1.0,0.0));
#3471=AXIS2_PLACEMENT_3D('',#3468,#3469,#3470);
#3472=CIRCLE('',#3471,20.637500000000003);
#3473=EDGE_CURVE('',#3467,#3467,#3472,.T.);
#3474=ORIENTED_EDGE('',*,*,#3473,.F.);
#3475=EDGE_LOOP('',(#3474));
#3476=FACE_BOUND('',#3475,.T.);
#3477=ADVANCED_FACE('',(#3465,#3476),#3462,.T.);
#3478=CARTESIAN_POINT('',(109.40222631806941,2.083723E-014,-179.64218913226142));
#3479=DIRECTION('',(-0.111906258917143,-1.271719E-016,-0.993718767667779));
#3480=DIRECTION('',(0.0,-1.0,0.0));
#3481=AXIS2_PLACEMENT_3D('',#3478,#3479,#3480);
#3482=CYLINDRICAL_SURFACE('',#3481,20.637500000000003);
#3483=ORIENTED_EDGE('',*,*,#3473,.T.);
#3484=EDGE_LOOP('',(#3483));
#3485=FACE_OUTER_BOUND('',#3484,.T.);
#3486=CARTESIAN_POINT('',(109.40222631806944,20.637500000000021,-179.64218913226142));
#3487=VERTEX_POINT('',#3486);
#3488=CARTESIAN_POINT('',(109.40222631806941,2.083723E-014,-179.64218913226142));
#3489=DIRECTION('',(0.111906258917143,0.0,0.993718767667779));
#3490=DIRECTION('',(0.0,-1.0,0.0));
#3491=AXIS2_PLACEMENT_3D('',#3488,#3489,#3490);
#3492=CIRCLE('',#3491,20.637500000000003);
#3493=EDGE_CURVE('',#3487,#3487,#3492,.T.);
#3494=ORIENTED_EDGE('',*,*,#3493,.F.);
#3495=EDGE_LOOP('',(#3494));
#3496=FACE_BOUND('',#3495,.T.);
#3497=ADVANCED_FACE('',(#3485,#3496),#3482,.T.);
#3498=CARTESIAN_POINT('',(47.878613114838053,-8.153219E-014,-172.71379287705378));
#3499=DIRECTION('',(-1.657299E-015,1.0,5.865868E-017));
#3500=DIRECTION('',(0.0,0.0,1.0));
#3501=AXIS2_PLACEMENT_3D('',#3498,#3499,#3500);
#3502=TOROIDAL_SURFACE('',#3501,61.912500000000001,20.637500000000003);
#3503=ORIENTED_EDGE('',*,*,#3493,.T.);
#3504=EDGE_LOOP('',(#3503));
#3505=FACE_OUTER_BOUND('',#3504,.T.);
#3506=CARTESIAN_POINT('',(109.7452791600211,20.637500000000024,-170.33192623431427));
#3507=VERTEX_POINT('',#3506);
#3508=CARTESIAN_POINT('',(109.7452791600211,2.085964E-014,-170.33192623431427));
#3509=DIRECTION('',(-0.038471498368496,0.0,0.999259697883029));
#3510=DIRECTION('',(0.0,-1.0,0.0));
#3511=AXIS2_PLACEMENT_3D('',#3508,#3509,#3510);
#3512=CIRCLE('',#3511,20.637500000000003);
#3513=EDGE_CURVE('',#3507,#3507,#3512,.T.);
#3514=ORIENTED_EDGE('',*,*,#3513,.F.);
#3515=EDGE_LOOP('',(#3514));
#3516=FACE_BOUND('',#3515,.T.);
#3517=ADVANCED_FACE('',(#3505,#3516),#3502,.T.);
#3518=CARTESIAN_POINT('',(105.47942938425453,7.290400E-015,-59.530633357260463));
#3519=DIRECTION('',(0.038471498368497,1.223740E-016,-0.999259697883029));
#3520=DIRECTION('',(0.0,-1.0,0.0));
#3521=AXIS2_PLACEMENT_3D('',#3518,#3519,#3520);
#3522=CYLINDRICAL_SURFACE('',#3521,20.637500000000003);
#3523=ORIENTED_EDGE('',*,*,#3513,.T.);
#3524=EDGE_LOOP('',(#3523));
#3525=FACE_OUTER_BOUND('',#3524,.T.);
#3526=CARTESIAN_POINT('',(105.47942938425453,20.63750000000001,-59.530633357260463));
#3527=VERTEX_POINT('',#3526);
#3528=CARTESIAN_POINT('',(105.47942938425453,7.290400E-015,-59.530633357260463));
#3529=DIRECTION('',(-0.038471498368496,0.0,0.999259697883029));
#3530=DIRECTION('',(0.0,-1.0,0.0));
#3531=AXIS2_PLACEMENT_3D('',#3528,#3529,#3530);
#3532=CIRCLE('',#3531,20.637500000000003);
#3533=EDGE_CURVE('',#3527,#3527,#3532,.T.);
#3534=ORIENTED_EDGE('',*,*,#3533,.F.);
#3535=EDGE_LOOP('',(#3534));
#3536=FACE_BOUND('',#3535,.T.);
#3537=ADVANCED_FACE('',(#3525,#3536),#3522,.T.);
#3538=CARTESIAN_POINT('',(43.612763339071492,7.582094E-015,-61.912500000000001));
#3539=DIRECTION('',(-8.210733E-048,1.0,1.224647E-016));
#3540=DIRECTION('',(0.0,0.0,1.0));
#3541=AXIS2_PLACEMENT_3D('',#3538,#3539,#3540);
#3542=TOROIDAL_SURFACE('',#3541,61.912500000000001,20.637500000000003);
#3543=ORIENTED_EDGE('',*,*,#3533,.T.);
#3544=EDGE_LOOP('',(#3543));
#3545=FACE_OUTER_BOUND('',#3544,.T.);
#3546=CARTESIAN_POINT('',(43.612763339071485,20.637500000000003,2.527365E-015));
#3547=VERTEX_POINT('',#3546);
#3548=CARTESIAN_POINT('',(43.612763339071485,0.0,0.0));
#3549=DIRECTION('',(-1.0,0.0,0.0));
#3550=DIRECTION('',(0.0,-1.0,0.0));
#3551=AXIS2_PLACEMENT_3D('',#3548,#3549,#3550);
#3552=CIRCLE('',#3551,20.637500000000003);
#3553=EDGE_CURVE('',#3547,#3547,#3552,.T.);
#3554=ORIENTED_EDGE('',*,*,#3553,.F.);
#3555=EDGE_LOOP('',(#3554));
#3556=FACE_BOUND('',#3555,.T.);
#3557=ADVANCED_FACE('',(#3545,#3556),#3542,.T.);
#3558=CARTESIAN_POINT('',(0.0,0.0,0.0));
#3559=DIRECTION('',(1.0,0.0,0.0));
#3560=DIRECTION('',(0.0,-1.0,0.0));
#3561=AXIS2_PLACEMENT_3D('',#3558,#3559,#3560);
#3562=CYLINDRICAL_SURFACE('',#3561,20.637500000000003);
#3563=ORIENTED_EDGE('',*,*,#3553,.T.);
#3564=EDGE_LOOP('',(#3563));
#3565=FACE_OUTER_BOUND('',#3564,.T.);
#3566=CARTESIAN_POINT('',(0.0,20.637500000000003,2.527365E-015));
#3567=VERTEX_POINT('',#3566);
#3568=CARTESIAN_POINT('',(0.0,0.0,0.0));
#3569=DIRECTION('',(-1.0,0.0,0.0));
#3570=DIRECTION('',(0.0,-1.0,0.0));
#3571=AXIS2_PLACEMENT_3D('',#3568,#3569,#3570);
#3572=CIRCLE('',#3571,20.637500000000003);
#3573=EDGE_CURVE('',#3567,#3567,#3572,.T.);
#3574=ORIENTED_EDGE('',*,*,#3573,.F.);
#3575=EDGE_LOOP('',(#3574));
#3576=FACE_BOUND('',#3575,.T.);
#3577=ADVANCED_FACE('',(#3565,#3576),#3562,.T.);
#3578=CARTESIAN_POINT('',(97.224999999999994,-247.39999999999998,-287.77500000000003));
#3579=DIRECTION('',(0.0,1.0,0.0));
#3580=DIRECTION('',(0.0,0.0,1.0));
#3581=AXIS2_PLACEMENT_3D('',#3578,#3579,#3580);
#3582=PLANE('',#3581);
#3583=ORIENTED_EDGE('',*,*,#3442,.F.);
#3584=EDGE_LOOP('',(#3583));
#3585=FACE_OUTER_BOUND('',#3584,.T.);
#3586=ORIENTED_EDGE('',*,*,#3294,.T.);
#3587=EDGE_LOOP('',(#3586));
#3588=FACE_BOUND('',#3587,.T.);
#3589=ADVANCED_FACE('',(#3585,#3588),#3582,.F.);
#3590=CARTESIAN_POINT('',(0.0,0.0,0.0));
#3591=DIRECTION('',(-1.0,0.0,0.0));
#3592=DIRECTION('',(0.0,0.0,1.0));
#3593=AXIS2_PLACEMENT_3D('',#3590,#3591,#3592);
#3594=PLANE('',#3593);
#3595=ORIENTED_EDGE('',*,*,#3573,.T.);
#3596=EDGE_LOOP('',(#3595));
#3597=FACE_OUTER_BOUND('',#3596,.T.);
#3598=ORIENTED_EDGE('',*,*,#3425,.T.);
#3599=EDGE_LOOP('',(#3598));
#3600=FACE_BOUND('',#3599,.T.);
#3601=ADVANCED_FACE('',(#3597,#3600),#3594,.T.);
#3602=CLOSED_SHELL('',(#3309,#3329,#3349,#3369,#3389,#3409,#3429,#3457,#3477,#3497,#3517,#3537,#3557,#3577,#3589,#3601));
#3603=MANIFOLD_SOLID_BREP('Solid1',#3602);
#3604=STYLED_ITEM('',(#2802),#3603);
#3605=ADVANCED_BREP_SHAPE_REPRESENTATION('ABSR',(#3603),#3250);
#3606=SHAPE_REPRESENTATION_RELATIONSHIP('SRR','None',#3605,#3255);
#3607=AXIS2_PLACEMENT_3D('',#3608,#3609,#3610);
#3608=CARTESIAN_POINT('',(3.555515E-014,-19.933404889595966,2.570644287589233));
#3609=DIRECTION('',(2.282162E-017,0.002595644406318,0.999996631309383));
#3610=DIRECTION('',(1.0,6.104584E-017,-2.298015E-017));
#3611=NEXT_ASSEMBLY_USAGE_OCCURRENCE('exhaust header right pipe 6:1','exhaust header right pipe 6:1','exhaust header right pipe 6:1',#51,#3226,'exhaust header right pipe 6:1');
#3612=PRODUCT_DEFINITION_SHAPE('exhaust header right pipe 6:1','exhaust header right pipe 6:1',#3611);
#3613=ITEM_DEFINED_TRANSFORMATION('exhaust header right pipe 6:1','exhaust header right pipe 6:1',#3251,#3607);
#3617=(REPRESENTATION_RELATIONSHIP('exhaust header right pipe 6:1','exhaust header right pipe 6:1',#3255,#80)REPRESENTATION_RELATIONSHIP_WITH_TRANSFORMATION(#3613)SHAPE_REPRESENTATION_RELATIONSHIP());
#3618=CONTEXT_DEPENDENT_SHAPE_REPRESENTATION(#3617,#3612);
#3619=APPLICATION_CONTEXT('automotive design');
#3620=APPLICATION_PROTOCOL_DEFINITION('International Standard','automotive_design',2001,#3619);
#3621=PRODUCT_CONTEXT('',#3619,'mechanical');
#3622=PRODUCT('exhaust header right pipe 4','exhaust header right pipe 4',$,(#3621));
#3623=PRODUCT_RELATED_PRODUCT_CATEGORY('part',$,(#3622));
#3624=PRODUCT_DEFINITION_FORMATION('',$,#3622);
#3625=PRODUCT_DEFINITION_CONTEXT('part definition',#3619,'design');
#3626=PRODUCT_DEFINITION('',$,#3624,#3625);
#3632=(NAMED_UNIT(*)PLANE_ANGLE_UNIT()SI_UNIT($,.RADIAN.));
#3633=DIMENSIONAL_EXPONENTS(0.0,0.0,0.0,0.0,0.0,0.0,0.0);
#3634=PLANE_ANGLE_MEASURE_WITH_UNIT(PLANE_ANGLE_MEASURE(0.0174532925),#3632);
#3638=(CONVERSION_BASED_UNIT('DEGREE',#3634)NAMED_UNIT(#3633)PLANE_ANGLE_UNIT());
#3642=(NAMED_UNIT(*)SI_UNIT($,.STERADIAN.)SOLID_ANGLE_UNIT());
#3646=(LENGTH_UNIT()NAMED_UNIT(*)SI_UNIT(.MILLI.,.METRE.));
#3648=UNCERTAINTY_MEASURE_WITH_UNIT(LENGTH_MEASURE(0.01),#3646,'DISTANCE_ACCURACY_VALUE','');
#3650=(GEOMETRIC_REPRESENTATION_CONTEXT(3)GLOBAL_UNCERTAINTY_ASSIGNED_CONTEXT((#3648))GLOBAL_UNIT_ASSIGNED_CONTEXT((#3638,#3642,#3646))REPRESENTATION_CONTEXT('None','None'));
#3651=AXIS2_PLACEMENT_3D('',#3652,#3653,#3654);
#3652=CARTESIAN_POINT('',(0.0,0.0,0.0));
#3653=DIRECTION('',(0.0,0.0,1.0));
#3654=DIRECTION('',(1.0,0.0,0.0));
#3655=SHAPE_REPRESENTATION('',(#3651),#3650);
#3656=PRODUCT_DEFINITION_SHAPE('','',#3626);
#3657=SHAPE_DEFINITION_REPRESENTATION(#3656,#3655);
#3663=(NAMED_UNIT(*)PLANE_ANGLE_UNIT()SI_UNIT($,.RADIAN.));
#3664=DIMENSIONAL_EXPONENTS(0.0,0.0,0.0,0.0,0.0,0.0,0.0);
#3665=PLANE_ANGLE_MEASURE_WITH_UNIT(PLANE_ANGLE_MEASURE(0.0174532925),#3663);
#3669=(CONVERSION_BASED_UNIT('DEGREE',#3665)NAMED_UNIT(#3664)PLANE_ANGLE_UNIT());
#3673=(NAMED_UNIT(*)SI_UNIT($,.STERADIAN.)SOLID_ANGLE_UNIT());
#3677=(LENGTH_UNIT()NAMED_UNIT(*)SI_UNIT(.MILLI.,.METRE.));
#3679=UNCERTAINTY_MEASURE_WITH_UNIT(LENGTH_MEASURE(0.000001),#3677,'DISTANCE_ACCURACY_VALUE','');
#3681=(GEOMETRIC_REPRESENTATION_CONTEXT(3)GLOBAL_UNCERTAINTY_ASSIGNED_CONTEXT((#3679))GLOBAL_UNIT_ASSIGNED_CONTEXT((#3669,#3673,#3677))REPRESENTATION_CONTEXT('','3D'));
#3682=CARTESIAN_POINT('',(97.225000000000023,-61.912500000000037,-332.22499999999997));
#3683=DIRECTION('',(0.0,-1.0,0.0));
#3684=DIRECTION('',(0.080513718926994,0.0,0.996753500653268));
#3685=AXIS2_PLACEMENT_3D('',#3682,#3683,#3684);
#3686=CYLINDRICAL_SURFACE('',#3685,19.037500000000009);
#3687=CARTESIAN_POINT('',(95.692220075927366,-291.84999999999997,-351.20069476868656));
#3688=VERTEX_POINT('',#3687);
#3689=CARTESIAN_POINT('',(97.225000000000023,-291.84999999999997,-332.22499999999997));
#3690=DIRECTION('',(0.0,1.0,0.0));
#3691=DIRECTION('',(0.080513718926994,0.0,0.996753500653268));
#3692=AXIS2_PLACEMENT_3D('',#3689,#3690,#3691);
#3693=CIRCLE('',#3692,19.037500000000009);
#3694=EDGE_CURVE('',#3688,#3688,#3693,.T.);
#3695=ORIENTED_EDGE('',*,*,#3694,.F.);
#3696=EDGE_LOOP('',(#3695));
#3697=FACE_OUTER_BOUND('',#3696,.T.);
#3698=CARTESIAN_POINT('',(95.692220075927366,-61.912500000000044,-351.20069476868656));
#3699=VERTEX_POINT('',#3698);
#3700=CARTESIAN_POINT('',(97.225000000000023,-61.912500000000037,-332.22499999999997));
#3701=DIRECTION('',(-9.226668E-018,1.0,-1.142254E-016));
#3702=DIRECTION('',(0.080513718926994,1.145975E-016,0.996753500653268));
#3703=AXIS2_PLACEMENT_3D('',#3700,#3701,#3702);
#3704=CIRCLE('',#3703,19.037500000000009);
#3705=EDGE_CURVE('',#3699,#3699,#3704,.T.);
#3706=ORIENTED_EDGE('',*,*,#3705,.T.);
#3707=EDGE_LOOP('',(#3706));
#3708=FACE_BOUND('',#3707,.T.);
#3709=ADVANCED_FACE('',(#3697,#3708),#3686,.F.);
#3710=CARTESIAN_POINT('',(102.20980562306748,-61.912500000000001,-270.5134988908045));
#3711=DIRECTION('',(-0.996753500653269,2.859826E-016,0.080513718926993));
#3712=DIRECTION('',(0.080513718926993,0.0,0.996753500653269));
#3713=AXIS2_PLACEMENT_3D('',#3710,#3711,#3712);
#3714=TOROIDAL_SURFACE('',#3713,61.912500000000009,19.037500000000001);
#3715=ORIENTED_EDGE('',*,*,#3705,.F.);
#3716=EDGE_LOOP('',(#3715));
#3717=FACE_OUTER_BOUND('',#3716,.T.);
#3718=CARTESIAN_POINT('',(102.2098056230675,19.037500000000012,-270.51349889080456));
#3719=VERTEX_POINT('',#3718);
#3720=CARTESIAN_POINT('',(102.2098056230675,1.266366E-014,-270.5134988908045));
#3721=DIRECTION('',(0.080513718926993,0.0,0.996753500653269));
#3722=DIRECTION('',(0.0,-1.0,0.0));
#3723=AXIS2_PLACEMENT_3D('',#3720,#3721,#3722);
#3724=CIRCLE('',#3723,19.037500000000001);
#3725=EDGE_CURVE('',#3719,#3719,#3724,.T.);
#3726=ORIENTED_EDGE('',*,*,#3725,.T.);
#3727=EDGE_LOOP('',(#3726));
#3728=FACE_BOUND('',#3727,.T.);
#3729=ADVANCED_FACE('',(#3717,#3728),#3714,.F.);
#3730=CARTESIAN_POINT('',(109.62784856799972,2.109363E-014,-178.67871133041288));
#3731=DIRECTION('',(-0.080513718926993,-9.149695E-017,-0.996753500653268));
#3732=DIRECTION('',(0.0,-1.0,0.0));
#3733=AXIS2_PLACEMENT_3D('',#3730,#3731,#3732);
#3734=CYLINDRICAL_SURFACE('',#3733,19.037500000000001);
#3735=ORIENTED_EDGE('',*,*,#3725,.F.);
#3736=EDGE_LOOP('',(#3735));
#3737=FACE_OUTER_BOUND('',#3736,.T.);
#3738=CARTESIAN_POINT('',(109.62784856799976,19.037500000000019,-178.67871133041285));
#3739=VERTEX_POINT('',#3738);
#3740=CARTESIAN_POINT('',(109.62784856799972,2.109363E-014,-178.67871133041288));
#3741=DIRECTION('',(0.080513718926993,0.0,0.996753500653269));
#3742=DIRECTION('',(0.0,-1.0,0.0));
#3743=AXIS2_PLACEMENT_3D('',#3740,#3741,#3742);
#3744=CIRCLE('',#3743,19.037500000000001);
#3745=EDGE_CURVE('',#3739,#3739,#3744,.T.);
#3746=ORIENTED_EDGE('',*,*,#3745,.T.);
#3747=EDGE_LOOP('',(#3746));
#3748=FACE_BOUND('',#3747,.T.);
#3749=ADVANCED_FACE('',(#3737,#3748),#3734,.F.);
#3750=CARTESIAN_POINT('',(47.91634745880426,-9.002665E-014,-173.69390570734538));
#3751=DIRECTION('',(-1.796336E-015,1.0,5.330576E-017));
#3752=DIRECTION('',(0.0,0.0,1.0));
#3753=AXIS2_PLACEMENT_3D('',#3750,#3751,#3752);
#3754=TOROIDAL_SURFACE('',#3753,61.912500000000023,19.037500000000001);
#3755=ORIENTED_EDGE('',*,*,#3745,.F.);
#3756=EDGE_LOOP('',(#3755));
#3757=FACE_OUTER_BOUND('',#3756,.T.);
#3758=CARTESIAN_POINT('',(109.78301350398732,19.037500000000019,-171.31203906460587));
#3759=VERTEX_POINT('',#3758);
#3760=CARTESIAN_POINT('',(109.78301350398732,2.097967E-014,-171.31203906460587));
#3761=DIRECTION('',(-0.038471498368496,0.0,0.999259697883029));
#3762=DIRECTION('',(0.0,-1.0,0.0));
#3763=AXIS2_PLACEMENT_3D('',#3760,#3761,#3762);
#3764=CIRCLE('',#3763,19.037500000000001);
#3765=EDGE_CURVE('',#3759,#3759,#3764,.T.);
#3766=ORIENTED_EDGE('',*,*,#3765,.T.);
#3767=EDGE_LOOP('',(#3766));
#3768=FACE_BOUND('',#3767,.T.);
#3769=ADVANCED_FACE('',(#3757,#3768),#3754,.F.);
#3770=CARTESIAN_POINT('',(105.47942938425453,7.290400E-015,-59.530633357260463));
#3771=DIRECTION('',(0.038471498368497,1.223740E-016,-0.999259697883029));
#3772=DIRECTION('',(0.0,-1.0,0.0));
#3773=AXIS2_PLACEMENT_3D('',#3770,#3771,#3772);
#3774=CYLINDRICAL_SURFACE('',#3773,19.037500000000001);
#3775=ORIENTED_EDGE('',*,*,#3765,.F.);
#3776=EDGE_LOOP('',(#3775));
#3777=FACE_OUTER_BOUND('',#3776,.T.);
#3778=CARTESIAN_POINT('',(105.47942938425453,19.037500000000009,-59.530633357260463));
#3779=VERTEX_POINT('',#3778);
#3780=CARTESIAN_POINT('',(105.47942938425453,7.290400E-015,-59.530633357260463));
#3781=DIRECTION('',(-0.038471498368496,0.0,0.999259697883029));
#3782=DIRECTION('',(0.0,-1.0,0.0));
#3783=AXIS2_PLACEMENT_3D('',#3780,#3781,#3782);
#3784=CIRCLE('',#3783,19.037500000000001);
#3785=EDGE_CURVE('',#3779,#3779,#3784,.T.);
#3786=ORIENTED_EDGE('',*,*,#3785,.T.);
#3787=EDGE_LOOP('',(#3786));
#3788=FACE_BOUND('',#3787,.T.);
#3789=ADVANCED_FACE('',(#3777,#3788),#3774,.F.);
#3790=CARTESIAN_POINT('',(43.612763339071492,7.582094E-015,-61.912500000000001));
#3791=DIRECTION('',(-8.210733E-048,1.0,1.224647E-016));
#3792=DIRECTION('',(0.0,0.0,1.0));
#3793=AXIS2_PLACEMENT_3D('',#3790,#3791,#3792);
#3794=TOROIDAL_SURFACE('',#3793,61.912500000000001,19.037500000000001);
#3795=ORIENTED_EDGE('',*,*,#3785,.F.);
#3796=EDGE_LOOP('',(#3795));
#3797=FACE_OUTER_BOUND('',#3796,.T.);
#3798=CARTESIAN_POINT('',(43.612763339071485,19.037500000000001,2.331421E-015));
#3799=VERTEX_POINT('',#3798);
#3800=CARTESIAN_POINT('',(43.612763339071485,0.0,0.0));
#3801=DIRECTION('',(-1.0,0.0,0.0));
#3802=DIRECTION('',(0.0,-1.0,0.0));
#3803=AXIS2_PLACEMENT_3D('',#3800,#3801,#3802);
#3804=CIRCLE('',#3803,19.037500000000001);
#3805=EDGE_CURVE('',#3799,#3799,#3804,.T.);
#3806=ORIENTED_EDGE('',*,*,#3805,.T.);
#3807=EDGE_LOOP('',(#3806));
#3808=FACE_BOUND('',#3807,.T.);
#3809=ADVANCED_FACE('',(#3797,#3808),#3794,.F.);
#3810=CARTESIAN_POINT('',(0.0,0.0,0.0));
#3811=DIRECTION('',(1.0,0.0,0.0));
#3812=DIRECTION('',(0.0,-1.0,0.0));
#3813=AXIS2_PLACEMENT_3D('',#3810,#3811,#3812);
#3814=CYLINDRICAL_SURFACE('',#3813,19.037500000000001);
#3815=ORIENTED_EDGE('',*,*,#3805,.F.);
#3816=EDGE_LOOP('',(#3815));
#3817=FACE_OUTER_BOUND('',#3816,.T.);
#3818=CARTESIAN_POINT('',(0.0,19.037500000000001,2.331421E-015));
#3819=VERTEX_POINT('',#3818);
#3820=CARTESIAN_POINT('',(0.0,0.0,0.0));
#3821=DIRECTION('',(1.0,0.0,0.0));
#3822=DIRECTION('',(0.0,-1.0,0.0));
#3823=AXIS2_PLACEMENT_3D('',#3820,#3821,#3822);
#3824=CIRCLE('',#3823,19.037500000000001);
#3825=EDGE_CURVE('',#3819,#3819,#3824,.T.);
#3826=ORIENTED_EDGE('',*,*,#3825,.F.);
#3827=EDGE_LOOP('',(#3826));
#3828=FACE_BOUND('',#3827,.T.);
#3829=ADVANCED_FACE('',(#3817,#3828),#3814,.F.);
#3830=CARTESIAN_POINT('',(97.225000000000023,-61.912500000000037,-332.22499999999997));
#3831=DIRECTION('',(0.0,-1.0,0.0));
#3832=DIRECTION('',(0.080513718926994,0.0,0.996753500653268));
#3833=AXIS2_PLACEMENT_3D('',#3830,#3831,#3832);
#3834=CYLINDRICAL_SURFACE('',#3833,20.63750000000001);
#3835=CARTESIAN_POINT('',(95.563398125644184,-291.84999999999997,-352.79550036973183));
#3836=VERTEX_POINT('',#3835);
#3837=CARTESIAN_POINT('',(97.225000000000023,-291.84999999999997,-332.22499999999997));
#3838=DIRECTION('',(-9.226668E-018,1.0,-1.142254E-016));
#3839=DIRECTION('',(0.080513718926994,1.145975E-016,0.996753500653268));
#3840=AXIS2_PLACEMENT_3D('',#3837,#3838,#3839);
#3841=CIRCLE('',#3840,20.63750000000001);
#3842=EDGE_CURVE('',#3836,#3836,#3841,.T.);
#3843=ORIENTED_EDGE('',*,*,#3842,.T.);
#3844=EDGE_LOOP('',(#3843));
#3845=FACE_OUTER_BOUND('',#3844,.T.);
#3846=CARTESIAN_POINT('',(95.563398125644184,-61.912500000000044,-352.79550036973183));
#3847=VERTEX_POINT('',#3846);
#3848=CARTESIAN_POINT('',(97.225000000000023,-61.912500000000037,-332.22499999999997));
#3849=DIRECTION('',(-9.226668E-018,1.0,-1.142254E-016));
#3850=DIRECTION('',(0.080513718926994,1.145975E-016,0.996753500653268));
#3851=AXIS2_PLACEMENT_3D('',#3848,#3849,#3850);
#3852=CIRCLE('',#3851,20.63750000000001);
#3853=EDGE_CURVE('',#3847,#3847,#3852,.T.);
#3854=ORIENTED_EDGE('',*,*,#3853,.F.);
#3855=EDGE_LOOP('',(#3854));
#3856=FACE_BOUND('',#3855,.T.);
#3857=ADVANCED_FACE('',(#3845,#3856),#3834,.T.);
#3858=CARTESIAN_POINT('',(102.20980562306748,-61.912500000000001,-270.5134988908045));
#3859=DIRECTION('',(-0.996753500653269,2.859826E-016,0.080513718926993));
#3860=DIRECTION('',(0.080513718926993,0.0,0.996753500653269));
#3861=AXIS2_PLACEMENT_3D('',#3858,#3859,#3860);
#3862=TOROIDAL_SURFACE('',#3861,61.912500000000009,20.637500000000003);
#3863=ORIENTED_EDGE('',*,*,#3853,.T.);
#3864=EDGE_LOOP('',(#3863));
#3865=FACE_OUTER_BOUND('',#3864,.T.);
#3866=CARTESIAN_POINT('',(102.2098056230675,20.637500000000017,-270.51349889080456));
#3867=VERTEX_POINT('',#3866);
#3868=CARTESIAN_POINT('',(102.2098056230675,1.266366E-014,-270.5134988908045));
#3869=DIRECTION('',(0.080513718926993,0.0,0.996753500653269));
#3870=DIRECTION('',(0.0,-1.0,0.0));
#3871=AXIS2_PLACEMENT_3D('',#3868,#3869,#3870);
#3872=CIRCLE('',#3871,20.637500000000003);
#3873=EDGE_CURVE('',#3867,#3867,#3872,.T.);
#3874=ORIENTED_EDGE('',*,*,#3873,.F.);
#3875=EDGE_LOOP('',(#3874));
#3876=FACE_BOUND('',#3875,.T.);
#3877=ADVANCED_FACE('',(#3865,#3876),#3862,.T.);
#3878=CARTESIAN_POINT('',(109.62784856799972,2.109363E-014,-178.67871133041288));
#3879=DIRECTION('',(-0.080513718926993,-9.149695E-017,-0.996753500653268));
#3880=DIRECTION('',(0.0,-1.0,0.0));
#3881=AXIS2_PLACEMENT_3D('',#3878,#3879,#3880);
#3882=CYLINDRICAL_SURFACE('',#3881,20.637500000000003);
#3883=ORIENTED_EDGE('',*,*,#3873,.T.);
#3884=EDGE_LOOP('',(#3883));
#3885=FACE_OUTER_BOUND('',#3884,.T.);
#3886=CARTESIAN_POINT('',(109.62784856799976,20.637500000000024,-178.67871133041285));
#3887=VERTEX_POINT('',#3886);
#3888=CARTESIAN_POINT('',(109.62784856799972,2.109363E-014,-178.67871133041288));
#3889=DIRECTION('',(0.080513718926993,0.0,0.996753500653269));
#3890=DIRECTION('',(0.0,-1.0,0.0));
#3891=AXIS2_PLACEMENT_3D('',#3888,#3889,#3890);
#3892=CIRCLE('',#3891,20.637500000000003);
#3893=EDGE_CURVE('',#3887,#3887,#3892,.T.);
#3894=ORIENTED_EDGE('',*,*,#3893,.F.);
#3895=EDGE_LOOP('',(#3894));
#3896=FACE_BOUND('',#3895,.T.);
#3897=ADVANCED_FACE('',(#3885,#3896),#3882,.T.);
#3898=CARTESIAN_POINT('',(47.91634745880426,-9.002665E-014,-173.69390570734538));
#3899=DIRECTION('',(-1.796336E-015,1.0,5.330576E-017));
#3900=DIRECTION('',(0.0,0.0,1.0));
#3901=AXIS2_PLACEMENT_3D('',#3898,#3899,#3900);
#3902=TOROIDAL_SURFACE('',#3901,61.912500000000023,20.637500000000003);
#3903=ORIENTED_EDGE('',*,*,#3893,.T.);
#3904=EDGE_LOOP('',(#3903));
#3905=FACE_OUTER_BOUND('',#3904,.T.);
#3906=CARTESIAN_POINT('',(109.78301350398732,20.637500000000024,-171.31203906460587));
#3907=VERTEX_POINT('',#3906);
#3908=CARTESIAN_POINT('',(109.78301350398732,2.097967E-014,-171.31203906460587));
#3909=DIRECTION('',(-0.038471498368496,0.0,0.999259697883029));
#3910=DIRECTION('',(0.0,-1.0,0.0));
#3911=AXIS2_PLACEMENT_3D('',#3908,#3909,#3910);
#3912=CIRCLE('',#3911,20.637500000000003);
#3913=EDGE_CURVE('',#3907,#3907,#3912,.T.);
#3914=ORIENTED_EDGE('',*,*,#3913,.F.);
#3915=EDGE_LOOP('',(#3914));
#3916=FACE_BOUND('',#3915,.T.);
#3917=ADVANCED_FACE('',(#3905,#3916),#3902,.T.);
#3918=CARTESIAN_POINT('',(105.47942938425453,7.290400E-015,-59.530633357260463));
#3919=DIRECTION('',(0.038471498368497,1.223740E-016,-0.999259697883029));
#3920=DIRECTION('',(0.0,-1.0,0.0));
#3921=AXIS2_PLACEMENT_3D('',#3918,#3919,#3920);
#3922=CYLINDRICAL_SURFACE('',#3921,20.637500000000003);
#3923=ORIENTED_EDGE('',*,*,#3913,.T.);
#3924=EDGE_LOOP('',(#3923));
#3925=FACE_OUTER_BOUND('',#3924,.T.);
#3926=CARTESIAN_POINT('',(105.47942938425453,20.63750000000001,-59.530633357260463));
#3927=VERTEX_POINT('',#3926);
#3928=CARTESIAN_POINT('',(105.47942938425453,7.290400E-015,-59.530633357260463));
#3929=DIRECTION('',(-0.038471498368496,0.0,0.999259697883029));
#3930=DIRECTION('',(0.0,-1.0,0.0));
#3931=AXIS2_PLACEMENT_3D('',#3928,#3929,#3930);
#3932=CIRCLE('',#3931,20.637500000000003);
#3933=EDGE_CURVE('',#3927,#3927,#3932,.T.);
#3934=ORIENTED_EDGE('',*,*,#3933,.F.);
#3935=EDGE_LOOP('',(#3934));
#3936=FACE_BOUND('',#3935,.T.);
#3937=ADVANCED_FACE('',(#3925,#3936),#3922,.T.);
#3938=CARTESIAN_POINT('',(43.612763339071492,7.582094E-015,-61.912500000000001));
#3939=DIRECTION('',(-8.210733E-048,1.0,1.224647E-016));
#3940=DIRECTION('',(0.0,0.0,1.0));
#3941=AXIS2_PLACEMENT_3D('',#3938,#3939,#3940);
#3942=TOROIDAL_SURFACE('',#3941,61.912500000000001,20.637500000000003);
#3943=ORIENTED_EDGE('',*,*,#3933,.T.);
#3944=EDGE_LOOP('',(#3943));
#3945=FACE_OUTER_BOUND('',#3944,.T.);
#3946=CARTESIAN_POINT('',(43.612763339071485,20.637500000000003,2.527365E-015));
#3947=VERTEX_POINT('',#3946);
#3948=CARTESIAN_POINT('',(43.612763339071485,0.0,0.0));
#3949=DIRECTION('',(-1.0,0.0,0.0));
#3950=DIRECTION('',(0.0,-1.0,0.0));
#3951=AXIS2_PLACEMENT_3D('',#3948,#3949,#3950);
#3952=CIRCLE('',#3951,20.637500000000003);
#3953=EDGE_CURVE('',#3947,#3947,#3952,.T.);
#3954=ORIENTED_EDGE('',*,*,#3953,.F.);
#3955=EDGE_LOOP('',(#3954));
#3956=FACE_BOUND('',#3955,.T.);
#3957=ADVANCED_FACE('',(#3945,#3956),#3942,.T.);
#3958=CARTESIAN_POINT('',(0.0,0.0,0.0));
#3959=DIRECTION('',(1.0,0.0,0.0));
#3960=DIRECTION('',(0.0,-1.0,0.0));
#3961=AXIS2_PLACEMENT_3D('',#3958,#3959,#3960);
#3962=CYLINDRICAL_SURFACE('',#3961,20.637500000000003);
#3963=ORIENTED_EDGE('',*,*,#3953,.T.);
#3964=EDGE_LOOP('',(#3963));
#3965=FACE_OUTER_BOUND('',#3964,.T.);
#3966=CARTESIAN_POINT('',(0.0,20.637500000000003,2.527365E-015));
#3967=VERTEX_POINT('',#3966);
#3968=CARTESIAN_POINT('',(0.0,0.0,0.0));
#3969=DIRECTION('',(-1.0,0.0,0.0));
#3970=DIRECTION('',(0.0,-1.0,0.0));
#3971=AXIS2_PLACEMENT_3D('',#3968,#3969,#3970);
#3972=CIRCLE('',#3971,20.637500000000003);
#3973=EDGE_CURVE('',#3967,#3967,#3972,.T.);
#3974=ORIENTED_EDGE('',*,*,#3973,.F.);
#3975=EDGE_LOOP('',(#3974));
#3976=FACE_BOUND('',#3975,.T.);
#3977=ADVANCED_FACE('',(#3965,#3976),#3962,.T.);
#3978=CARTESIAN_POINT('',(97.224999999999994,-291.84999999999997,-332.22499999999997));
#3979=DIRECTION('',(0.0,1.0,0.0));
#3980=DIRECTION('',(0.0,0.0,1.0));
#3981=AXIS2_PLACEMENT_3D('',#3978,#3979,#3980);
#3982=PLANE('',#3981);
#3983=ORIENTED_EDGE('',*,*,#3842,.F.);
#3984=EDGE_LOOP('',(#3983));
#3985=FACE_OUTER_BOUND('',#3984,.T.);
#3986=ORIENTED_EDGE('',*,*,#3694,.T.);
#3987=EDGE_LOOP('',(#3986));
#3988=FACE_BOUND('',#3987,.T.);
#3989=ADVANCED_FACE('',(#3985,#3988),#3982,.F.);
#3990=CARTESIAN_POINT('',(0.0,0.0,0.0));
#3991=DIRECTION('',(-1.0,0.0,0.0));
#3992=DIRECTION('',(0.0,0.0,1.0));
#3993=AXIS2_PLACEMENT_3D('',#3990,#3991,#3992);
#3994=PLANE('',#3993);
#3995=ORIENTED_EDGE('',*,*,#3973,.T.);
#3996=EDGE_LOOP('',(#3995));
#3997=FACE_OUTER_BOUND('',#3996,.T.);
#3998=ORIENTED_EDGE('',*,*,#3825,.T.);
#3999=EDGE_LOOP('',(#3998));
#4000=FACE_BOUND('',#3999,.T.);
#4001=ADVANCED_FACE('',(#3997,#4000),#3994,.T.);
#4002=CLOSED_SHELL('',(#3709,#3729,#3749,#3769,#3789,#3809,#3829,#3857,#3877,#3897,#3917,#3937,#3957,#3977,#3989,#4001));
#4003=MANIFOLD_SOLID_BREP('Solid1',#4002);
#4004=STYLED_ITEM('',(#2802),#4003);
#4005=ADVANCED_BREP_SHAPE_REPRESENTATION('ABSR',(#4003),#3650);
#4006=SHAPE_REPRESENTATION_RELATIONSHIP('SRR','None',#4005,#3655);
#4007=AXIS2_PLACEMENT_3D('',#4008,#4009,#4010);
#4008=CARTESIAN_POINT('',(5.329071E-014,24.516595110404502,2.570644287588486));
#4009=DIRECTION('',(2.775558E-017,-2.307697E-017,0.999999999999996));
#4010=DIRECTION('',(0.999999999999996,2.997602E-015,1.645625E-015));
#4011=NEXT_ASSEMBLY_USAGE_OCCURRENCE('exhaust header right pipe 4:1','exhaust header right pipe 4:1','exhaust header right pipe 4:1',#51,#3626,'exhaust header right pipe 4:1');
#4012=PRODUCT_DEFINITION_SHAPE('exhaust header right pipe 4:1','exhaust header right pipe 4:1',#4011);
#4013=ITEM_DEFINED_TRANSFORMATION('exhaust header right pipe 4:1','exhaust header right pipe 4:1',#3651,#4007);
#4017=(REPRESENTATION_RELATIONSHIP('exhaust header right pipe 4:1','exhaust header right pipe 4:1',#3655,#80)REPRESENTATION_RELATIONSHIP_WITH_TRANSFORMATION(#4013)SHAPE_REPRESENTATION_RELATIONSHIP());
#4018=CONTEXT_DEPENDENT_SHAPE_REPRESENTATION(#4017,#4012);
#4019=APPLICATION_CONTEXT('automotive design');
#4020=APPLICATION_PROTOCOL_DEFINITION('International Standard','automotive_design',2001,#4019);
#4021=PRODUCT_CONTEXT('',#4019,'mechanical');
#4022=PRODUCT('exhaust header right pipe 2','exhaust header right pipe 2',$,(#4021));
#4023=PRODUCT_RELATED_PRODUCT_CATEGORY('part',$,(#4022));
#4024=PRODUCT_DEFINITION_FORMATION('',$,#4022);
#4025=PRODUCT_DEFINITION_CONTEXT('part definition',#4019,'design');
#4026=PRODUCT_DEFINITION('',$,#4024,#4025);
#4032=(NAMED_UNIT(*)PLANE_ANGLE_UNIT()SI_UNIT($,.RADIAN.));
#4033=DIMENSIONAL_EXPONENTS(0.0,0.0,0.0,0.0,0.0,0.0,0.0);
#4034=PLANE_ANGLE_MEASURE_WITH_UNIT(PLANE_ANGLE_MEASURE(0.0174532925),#4032);
#4038=(CONVERSION_BASED_UNIT('DEGREE',#4034)NAMED_UNIT(#4033)PLANE_ANGLE_UNIT());
#4042=(NAMED_UNIT(*)SI_UNIT($,.STERADIAN.)SOLID_ANGLE_UNIT());
#4046=(LENGTH_UNIT()NAMED_UNIT(*)SI_UNIT(.MILLI.,.METRE.));
#4048=UNCERTAINTY_MEASURE_WITH_UNIT(LENGTH_MEASURE(0.01),#4046,'DISTANCE_ACCURACY_VALUE','');
#4050=(GEOMETRIC_REPRESENTATION_CONTEXT(3)GLOBAL_UNCERTAINTY_ASSIGNED_CONTEXT((#4048))GLOBAL_UNIT_ASSIGNED_CONTEXT((#4038,#4042,#4046))REPRESENTATION_CONTEXT('None','None'));
#4051=AXIS2_PLACEMENT_3D('',#4052,#4053,#4054);
#4052=CARTESIAN_POINT('',(0.0,0.0,0.0));
#4053=DIRECTION('',(0.0,0.0,1.0));
#4054=DIRECTION('',(1.0,0.0,0.0));
#4055=SHAPE_REPRESENTATION('',(#4051),#4050);
#4056=PRODUCT_DEFINITION_SHAPE('','',#4026);
#4057=SHAPE_DEFINITION_REPRESENTATION(#4056,#4055);
#4063=(NAMED_UNIT(*)PLANE_ANGLE_UNIT()SI_UNIT($,.RADIAN.));
#4064=DIMENSIONAL_EXPONENTS(0.0,0.0,0.0,0.0,0.0,0.0,0.0);
#4065=PLANE_ANGLE_MEASURE_WITH_UNIT(PLANE_ANGLE_MEASURE(0.0174532925),#4063);
#4069=(CONVERSION_BASED_UNIT('DEGREE',#4065)NAMED_UNIT(#4064)PLANE_ANGLE_UNIT());
#4073=(NAMED_UNIT(*)SI_UNIT($,.STERADIAN.)SOLID_ANGLE_UNIT());
#4077=(LENGTH_UNIT()NAMED_UNIT(*)SI_UNIT(.MILLI.,.METRE.));
#4079=UNCERTAINTY_MEASURE_WITH_UNIT(LENGTH_MEASURE(0.000001),#4077,'DISTANCE_ACCURACY_VALUE','');
#4081=(GEOMETRIC_REPRESENTATION_CONTEXT(3)GLOBAL_UNCERTAINTY_ASSIGNED_CONTEXT((#4079))GLOBAL_UNIT_ASSIGNED_CONTEXT((#4069,#4073,#4077))REPRESENTATION_CONTEXT('','3D'));
#4082=CARTESIAN_POINT('',(52.774999999999963,-233.91249999999999,-332.22499999999997));
#4083=DIRECTION('',(0.0,-1.0,0.0));
#4084=DIRECTION('',(-0.77702744141315,0.0,0.629466722941677));
#4085=AXIS2_PLACEMENT_3D('',#4082,#4083,#4084);
#4086=CYLINDRICAL_SURFACE('',#4085,19.037500000000019);
#4087=CARTESIAN_POINT('',(67.56765991590288,-463.85000000000002,-344.20847273800223));
#4088=VERTEX_POINT('',#4087);
#4089=CARTESIAN_POINT('',(52.774999999999963,-463.85000000000002,-332.22499999999997));
#4090=DIRECTION('',(0.0,1.0,0.0));
#4091=DIRECTION('',(-0.77702744141315,0.0,0.629466722941677));
#4092=AXIS2_PLACEMENT_3D('',#4089,#4090,#4091);
#4093=CIRCLE('',#4092,19.037500000000019);
#4094=EDGE_CURVE('',#4088,#4088,#4093,.T.);
#4095=ORIENTED_EDGE('',*,*,#4094,.F.);
#4096=EDGE_LOOP('',(#4095));
#4097=FACE_OUTER_BOUND('',#4096,.T.);
#4098=CARTESIAN_POINT('',(67.56765991590288,-233.91249999999999,-344.20847273800223));
#4099=VERTEX_POINT('',#4098);
#4100=CARTESIAN_POINT('',(52.774999999999963,-233.91249999999999,-332.22499999999997));
#4101=DIRECTION('',(3.965014E-017,1.0,-3.212041E-017));
#4102=DIRECTION('',(-0.77702744141315,5.102798E-017,0.629466722941677));
#4103=AXIS2_PLACEMENT_3D('',#4100,#4101,#4102);
#4104=CIRCLE('',#4103,19.037500000000019);
#4105=EDGE_CURVE('',#4099,#4099,#4104,.T.);
#4106=ORIENTED_EDGE('',*,*,#4105,.T.);
#4107=EDGE_LOOP('',(#4106));
#4108=FACE_BOUND('',#4107,.T.);
#4109=ADVANCED_FACE('',(#4097,#4108),#4086,.F.);
#4110=CARTESIAN_POINT('',(57.079492102305068,-233.91249999999999,-270.46231705964198));
#4111=DIRECTION('',(-0.997580180744729,0.0,0.069525412514518));
#4112=DIRECTION('',(0.069525412514518,0.0,0.997580180744729));
#4113=AXIS2_PLACEMENT_3D('',#4110,#4111,#4112);
#4114=TOROIDAL_SURFACE('',#4113,61.912500000000009,19.037500000000009);
#4115=ORIENTED_EDGE('',*,*,#4105,.F.);
#4116=EDGE_LOOP('',(#4115));
#4117=FACE_OUTER_BOUND('',#4116,.T.);
#4118=CARTESIAN_POINT('',(72.631787309210736,-161.07399088291433,-271.54621964780335));
#4119=VERTEX_POINT('',#4118);
#4120=CARTESIAN_POINT('',(57.079492102305068,-172.0,-270.46231705964198));
#4121=DIRECTION('',(0.069525412514518,1.387779E-017,0.997580180744729));
#4122=DIRECTION('',(-0.816929492155252,-0.5739203738456,0.0569351326677));
#4123=AXIS2_PLACEMENT_3D('',#4120,#4121,#4122);
#4124=CIRCLE('',#4123,19.037500000000009);
#4125=EDGE_CURVE('',#4119,#4119,#4124,.T.);
#4126=ORIENTED_EDGE('',*,*,#4125,.T.);
#4127=EDGE_LOOP('',(#4126));
#4128=FACE_BOUND('',#4127,.T.);
#4129=ADVANCED_FACE('',(#4117,#4128),#4114,.F.);
#4130=CARTESIAN_POINT('',(63.520827625213769,-171.99999999999994,-178.03929614137149));
#4131=DIRECTION('',(-0.069525412514518,-3.889825E-016,-0.997580180744729));
#4132=DIRECTION('',(-0.816929492155252,-0.5739203738456,0.056935132667701));
#4133=AXIS2_PLACEMENT_3D('',#4130,#4131,#4132);
#4134=CYLINDRICAL_SURFACE('',#4133,19.037500000000012);
#4135=ORIENTED_EDGE('',*,*,#4125,.F.);
#4136=EDGE_LOOP('',(#4135));
#4137=FACE_OUTER_BOUND('',#4136,.T.);
#4138=CARTESIAN_POINT('',(79.073122832119424,-161.0739908829143,-179.12319872953282));
#4139=VERTEX_POINT('',#4138);
#4140=CARTESIAN_POINT('',(63.520827625213769,-171.99999999999994,-178.03929614137149));
#4141=DIRECTION('',(0.069525412514518,1.387779E-017,0.997580180744729));
#4142=DIRECTION('',(-0.816929492155252,-0.5739203738456,0.0569351326677));
#4143=AXIS2_PLACEMENT_3D('',#4140,#4141,#4142);
#4144=CIRCLE('',#4143,19.037500000000009);
#4145=EDGE_CURVE('',#4139,#4139,#4144,.T.);
#4146=ORIENTED_EDGE('',*,*,#4145,.T.);
#4147=EDGE_LOOP('',(#4146));
#4148=FACE_BOUND('',#4147,.T.);
#4149=ADVANCED_FACE('',(#4137,#4148),#4134,.F.);
#4150=CARTESIAN_POINT('',(73.165445682478619,-110.84701820192841,-178.71146872651218));
#4151=DIRECTION('',(0.985342259401564,-0.15615607350766,-0.06867250209576));
#4152=DIRECTION('',(-0.069525412514518,0.0,-0.997580180744729));
#4153=AXIS2_PLACEMENT_3D('',#4150,#4151,#4152);
#4154=TOROIDAL_SURFACE('',#4153,61.912499999999952,19.037500000000009);
#4155=ORIENTED_EDGE('',*,*,#4145,.F.);
#4156=EDGE_LOOP('',(#4155));
#4157=FACE_OUTER_BOUND('',#4156,.T.);
#4158=CARTESIAN_POINT('',(84.213356870159828,-144.63891325444121,-142.74105807073366));
#4159=VERTEX_POINT('',#4158);
#4160=CARTESIAN_POINT('',(70.057499556565006,-151.10003516793677,-131.7732864836658));
#4161=DIRECTION('',(0.163035859133272,0.743577534528945,0.648468780112452));
#4162=DIRECTION('',(-0.743577534528945,-0.339389200971532,0.576114068920176));
#4163=AXIS2_PLACEMENT_3D('',#4160,#4161,#4162);
#4164=CIRCLE('',#4163,19.037500000000009);
#4165=EDGE_CURVE('',#4159,#4159,#4164,.T.);
#4166=ORIENTED_EDGE('',*,*,#4165,.T.);
#4167=EDGE_LOOP('',(#4166));
#4168=FACE_BOUND('',#4167,.T.);
#4169=ADVANCED_FACE('',(#4157,#4168),#4154,.F.);
#4170=CARTESIAN_POINT('',(91.28866055964366,-54.268488796587071,-47.327170462139904));
#4171=DIRECTION('',(-0.163035859133272,-0.743577534528945,-0.648468780112452));
#4172=DIRECTION('',(-0.743577534528945,-0.339389200971532,0.576114068920176));
#4173=AXIS2_PLACEMENT_3D('',#4170,#4171,#4172);
#4174=CYLINDRICAL_SURFACE('',#4173,19.037500000000005);
#4175=ORIENTED_EDGE('',*,*,#4165,.F.);
#4176=EDGE_LOOP('',(#4175));
#4177=FACE_OUTER_BOUND('',#4176,.T.);
#4178=CARTESIAN_POINT('',(105.44451787323848,-47.807366883091532,-58.294942049207748));
#4179=VERTEX_POINT('',#4178);
#4180=CARTESIAN_POINT('',(91.28866055964366,-54.268488796587071,-47.327170462139904));
#4181=DIRECTION('',(0.163035859133272,0.743577534528945,0.648468780112452));
#4182=DIRECTION('',(-0.743577534528945,-0.339389200971532,0.576114068920176));
#4183=AXIS2_PLACEMENT_3D('',#4180,#4181,#4182);
#4184=CIRCLE('',#4183,19.037500000000005);
#4185=EDGE_CURVE('',#4179,#4179,#4184,.T.);
#4186=ORIENTED_EDGE('',*,*,#4185,.T.);
#4187=EDGE_LOOP('',(#4186));
#4188=FACE_BOUND('',#4187,.T.);
#4189=ADVANCED_FACE('',(#4177,#4188),#4174,.F.);
#4190=CARTESIAN_POINT('',(30.204540891416833,-46.661062400113366,-40.692786976843053));
#4191=DIRECTION('',(0.0,0.65726286253734,-0.753661415709483));
#4192=DIRECTION('',(-1.0,0.0,0.0));
#4193=AXIS2_PLACEMENT_3D('',#4190,#4191,#4192);
#4194=TOROIDAL_SURFACE('',#4193,61.912500000000001,19.037500000000001);
#4195=ORIENTED_EDGE('',*,*,#4185,.F.);
#4196=EDGE_LOOP('',(#4195));
#4197=FACE_OUTER_BOUND('',#4196,.T.);
#4198=CARTESIAN_POINT('',(30.204540891416833,19.037500000000001,2.331421E-015));
#4199=VERTEX_POINT('',#4198);
#4200=CARTESIAN_POINT('',(30.204540891416833,0.0,0.0));
#4201=DIRECTION('',(-1.0,0.0,0.0));
#4202=DIRECTION('',(0.0,-1.0,0.0));
#4203=AXIS2_PLACEMENT_3D('',#4200,#4201,#4202);
#4204=CIRCLE('',#4203,19.037500000000001);
#4205=EDGE_CURVE('',#4199,#4199,#4204,.T.);
#4206=ORIENTED_EDGE('',*,*,#4205,.T.);
#4207=EDGE_LOOP('',(#4206));
#4208=FACE_BOUND('',#4207,.T.);
#4209=ADVANCED_FACE('',(#4197,#4208),#4194,.F.);
#4210=CARTESIAN_POINT('',(0.0,0.0,0.0));
#4211=DIRECTION('',(1.0,0.0,0.0));
#4212=DIRECTION('',(0.0,-1.0,0.0));
#4213=AXIS2_PLACEMENT_3D('',#4210,#4211,#4212);
#4214=CYLINDRICAL_SURFACE('',#4213,19.037500000000001);
#4215=ORIENTED_EDGE('',*,*,#4205,.F.);
#4216=EDGE_LOOP('',(#4215));
#4217=FACE_OUTER_BOUND('',#4216,.T.);
#4218=CARTESIAN_POINT('',(0.0,19.037500000000001,2.331421E-015));
#4219=VERTEX_POINT('',#4218);
#4220=CARTESIAN_POINT('',(0.0,0.0,0.0));
#4221=DIRECTION('',(1.0,0.0,0.0));
#4222=DIRECTION('',(0.0,-1.0,0.0));
#4223=AXIS2_PLACEMENT_3D('',#4220,#4221,#4222);
#4224=CIRCLE('',#4223,19.037500000000001);
#4225=EDGE_CURVE('',#4219,#4219,#4224,.T.);
#4226=ORIENTED_EDGE('',*,*,#4225,.F.);
#4227=EDGE_LOOP('',(#4226));
#4228=FACE_BOUND('',#4227,.T.);
#4229=ADVANCED_FACE('',(#4217,#4228),#4214,.F.);
#4230=CARTESIAN_POINT('',(52.774999999999963,-233.91249999999999,-332.22499999999997));
#4231=DIRECTION('',(0.0,-1.0,0.0));
#4232=DIRECTION('',(-0.77702744141315,0.0,0.629466722941677));
#4233=AXIS2_PLACEMENT_3D('',#4230,#4231,#4232);
#4234=CYLINDRICAL_SURFACE('',#4233,20.637500000000024);
#4235=CARTESIAN_POINT('',(68.810903822163922,-463.85000000000002,-345.2156194947089));
#4236=VERTEX_POINT('',#4235);
#4237=CARTESIAN_POINT('',(52.774999999999963,-463.85000000000002,-332.22499999999997));
#4238=DIRECTION('',(5.225159E-018,1.0,-4.232880E-018));
#4239=DIRECTION('',(-0.77702744141315,6.724549E-018,0.629466722941677));
#4240=AXIS2_PLACEMENT_3D('',#4237,#4238,#4239);
#4241=CIRCLE('',#4240,20.637500000000021);
#4242=EDGE_CURVE('',#4236,#4236,#4241,.T.);
#4243=ORIENTED_EDGE('',*,*,#4242,.T.);
#4244=EDGE_LOOP('',(#4243));
#4245=FACE_OUTER_BOUND('',#4244,.T.);
#4246=CARTESIAN_POINT('',(68.810903822163922,-233.91249999999999,-345.2156194947089));
#4247=VERTEX_POINT('',#4246);
#4248=CARTESIAN_POINT('',(52.774999999999963,-233.91249999999999,-332.22499999999997));
#4249=DIRECTION('',(5.225159E-018,1.0,-4.232880E-018));
#4250=DIRECTION('',(-0.77702744141315,6.724549E-018,0.629466722941677));
#4251=AXIS2_PLACEMENT_3D('',#4248,#4249,#4250);
#4252=CIRCLE('',#4251,20.637500000000021);
#4253=EDGE_CURVE('',#4247,#4247,#4252,.T.);
#4254=ORIENTED_EDGE('',*,*,#4253,.F.);
#4255=EDGE_LOOP('',(#4254));
#4256=FACE_BOUND('',#4255,.T.);
#4257=ADVANCED_FACE('',(#4245,#4256),#4234,.T.);
#4258=CARTESIAN_POINT('',(57.079492102305068,-233.91249999999999,-270.46231705964198));
#4259=DIRECTION('',(-0.997580180744729,0.0,0.069525412514518));
#4260=DIRECTION('',(0.069525412514518,0.0,0.997580180744729));
#4261=AXIS2_PLACEMENT_3D('',#4258,#4259,#4260);
#4262=TOROIDAL_SURFACE('',#4261,61.912500000000009,20.637500000000017);
#4263=ORIENTED_EDGE('',*,*,#4253,.T.);
#4264=EDGE_LOOP('',(#4263));
#4265=FACE_OUTER_BOUND('',#4264,.T.);
#4266=CARTESIAN_POINT('',(73.938874496659139,-160.15571828476138,-271.63731586007162));
#4267=VERTEX_POINT('',#4266);
#4268=CARTESIAN_POINT('',(57.079492102305068,-172.0,-270.46231705964198));
#4269=DIRECTION('',(0.069525412514518,-1.387779E-017,0.997580180744729));
#4270=DIRECTION('',(-0.816929492155252,-0.5739203738456,0.0569351326677));
#4271=AXIS2_PLACEMENT_3D('',#4268,#4269,#4270);
#4272=CIRCLE('',#4271,20.637500000000014);
#4273=EDGE_CURVE('',#4267,#4267,#4272,.T.);
#4274=ORIENTED_EDGE('',*,*,#4273,.F.);
#4275=EDGE_LOOP('',(#4274));
#4276=FACE_BOUND('',#4275,.T.);
#4277=ADVANCED_FACE('',(#4265,#4276),#4262,.T.);
#4278=CARTESIAN_POINT('',(63.520827625213769,-171.99999999999994,-178.03929614137149));
#4279=DIRECTION('',(-0.069525412514518,-3.889825E-016,-0.997580180744729));
#4280=DIRECTION('',(-0.816929492155252,-0.5739203738456,0.056935132667701));
#4281=AXIS2_PLACEMENT_3D('',#4278,#4279,#4280);
#4282=CYLINDRICAL_SURFACE('',#4281,20.637500000000017);
#4283=ORIENTED_EDGE('',*,*,#4273,.T.);
#4284=EDGE_LOOP('',(#4283));
#4285=FACE_OUTER_BOUND('',#4284,.T.);
#4286=CARTESIAN_POINT('',(80.380210019567812,-160.15571828476135,-179.21429494180117));
#4287=VERTEX_POINT('',#4286);
#4288=CARTESIAN_POINT('',(63.520827625213769,-171.99999999999994,-178.03929614137149));
#4289=DIRECTION('',(0.069525412514518,-1.387779E-017,0.997580180744729));
#4290=DIRECTION('',(-0.816929492155252,-0.5739203738456,0.0569351326677));
#4291=AXIS2_PLACEMENT_3D('',#4288,#4289,#4290);
#4292=CIRCLE('',#4291,20.637500000000014);
#4293=EDGE_CURVE('',#4287,#4287,#4292,.T.);
#4294=ORIENTED_EDGE('',*,*,#4293,.F.);
#4295=EDGE_LOOP('',(#4294));
#4296=FACE_BOUND('',#4295,.T.);
#4297=ADVANCED_FACE('',(#4285,#4296),#4282,.T.);
#4298=CARTESIAN_POINT('',(73.165445682478619,-110.84701820192841,-178.71146872651218));
#4299=DIRECTION('',(0.985342259401564,-0.15615607350766,-0.06867250209576));
#4300=DIRECTION('',(-0.069525412514518,0.0,-0.997580180744729));
#4301=AXIS2_PLACEMENT_3D('',#4298,#4299,#4300);
#4302=TOROIDAL_SURFACE('',#4301,61.912499999999952,20.637500000000017);
#4303=ORIENTED_EDGE('',*,*,#4293,.T.);
#4304=EDGE_LOOP('',(#4303));
#4305=FACE_OUTER_BOUND('',#4304,.T.);
#4306=CARTESIAN_POINT('',(85.40308092540613,-144.09589053288676,-143.66284058100592));
#4307=VERTEX_POINT('',#4306);
#4308=CARTESIAN_POINT('',(70.057499556565006,-151.10003516793677,-131.7732864836658));
#4309=DIRECTION('',(0.163035859133272,0.743577534528945,0.648468780112452));
#4310=DIRECTION('',(-0.743577534528945,-0.339389200971532,0.576114068920176));
#4311=AXIS2_PLACEMENT_3D('',#4308,#4309,#4310);
#4312=CIRCLE('',#4311,20.637500000000014);
#4313=EDGE_CURVE('',#4307,#4307,#4312,.T.);
#4314=ORIENTED_EDGE('',*,*,#4313,.F.);
#4315=EDGE_LOOP('',(#4314));
#4316=FACE_BOUND('',#4315,.T.);
#4317=ADVANCED_FACE('',(#4305,#4316),#4302,.T.);
#4318=CARTESIAN_POINT('',(91.28866055964366,-54.268488796587071,-47.327170462139904));
#4319=DIRECTION('',(-0.163035859133272,-0.743577534528945,-0.648468780112452));
#4320=DIRECTION('',(-0.743577534528945,-0.339389200971532,0.576114068920176));
#4321=AXIS2_PLACEMENT_3D('',#4318,#4319,#4320);
#4322=CYLINDRICAL_SURFACE('',#4321,20.63750000000001);
#4323=ORIENTED_EDGE('',*,*,#4313,.T.);
#4324=EDGE_LOOP('',(#4323));
#4325=FACE_OUTER_BOUND('',#4324,.T.);
#4326=CARTESIAN_POINT('',(106.63424192848478,-47.264344161537082,-59.216724559480028));
#4327=VERTEX_POINT('',#4326);
#4328=CARTESIAN_POINT('',(91.28866055964366,-54.268488796587071,-47.327170462139904));
#4329=DIRECTION('',(0.163035859133272,0.743577534528945,0.648468780112452));
#4330=DIRECTION('',(-0.743577534528945,-0.339389200971532,0.576114068920176));
#4331=AXIS2_PLACEMENT_3D('',#4328,#4329,#4330);
#4332=CIRCLE('',#4331,20.637500000000006);
#4333=EDGE_CURVE('',#4327,#4327,#4332,.T.);
#4334=ORIENTED_EDGE('',*,*,#4333,.F.);
#4335=EDGE_LOOP('',(#4334));
#4336=FACE_BOUND('',#4335,.T.);
#4337=ADVANCED_FACE('',(#4325,#4336),#4322,.T.);
#4338=CARTESIAN_POINT('',(30.204540891416833,-46.661062400113366,-40.692786976843053));
#4339=DIRECTION('',(0.0,0.65726286253734,-0.753661415709483));
#4340=DIRECTION('',(-1.0,0.0,0.0));
#4341=AXIS2_PLACEMENT_3D('',#4338,#4339,#4340);
#4342=TOROIDAL_SURFACE('',#4341,61.912500000000001,20.637500000000003);
#4343=ORIENTED_EDGE('',*,*,#4333,.T.);
#4344=EDGE_LOOP('',(#4343));
#4345=FACE_OUTER_BOUND('',#4344,.T.);
#4346=CARTESIAN_POINT('',(30.204540891416833,20.637500000000003,2.527365E-015));
#4347=VERTEX_POINT('',#4346);
#4348=CARTESIAN_POINT('',(30.204540891416833,0.0,0.0));
#4349=DIRECTION('',(-1.0,0.0,0.0));
#4350=DIRECTION('',(0.0,-1.0,0.0));
#4351=AXIS2_PLACEMENT_3D('',#4348,#4349,#4350);
#4352=CIRCLE('',#4351,20.637500000000003);
#4353=EDGE_CURVE('',#4347,#4347,#4352,.T.);
#4354=ORIENTED_EDGE('',*,*,#4353,.F.);
#4355=EDGE_LOOP('',(#4354));
#4356=FACE_BOUND('',#4355,.T.);
#4357=ADVANCED_FACE('',(#4345,#4356),#4342,.T.);
#4358=CARTESIAN_POINT('',(0.0,0.0,0.0));
#4359=DIRECTION('',(1.0,0.0,0.0));
#4360=DIRECTION('',(0.0,-1.0,0.0));
#4361=AXIS2_PLACEMENT_3D('',#4358,#4359,#4360);
#4362=CYLINDRICAL_SURFACE('',#4361,20.637500000000003);
#4363=ORIENTED_EDGE('',*,*,#4353,.T.);
#4364=EDGE_LOOP('',(#4363));
#4365=FACE_OUTER_BOUND('',#4364,.T.);
#4366=CARTESIAN_POINT('',(0.0,20.637500000000003,2.527365E-015));
#4367=VERTEX_POINT('',#4366);
#4368=CARTESIAN_POINT('',(0.0,0.0,0.0));
#4369=DIRECTION('',(-1.0,0.0,0.0));
#4370=DIRECTION('',(0.0,-1.0,0.0));
#4371=AXIS2_PLACEMENT_3D('',#4368,#4369,#4370);
#4372=CIRCLE('',#4371,20.637500000000003);
#4373=EDGE_CURVE('',#4367,#4367,#4372,.T.);
#4374=ORIENTED_EDGE('',*,*,#4373,.F.);
#4375=EDGE_LOOP('',(#4374));
#4376=FACE_BOUND('',#4375,.T.);
#4377=ADVANCED_FACE('',(#4365,#4376),#4362,.T.);
#4378=CARTESIAN_POINT('',(52.774999999999999,-463.85000000000002,-332.22500000000002));
#4379=DIRECTION('',(0.0,1.0,0.0));
#4380=DIRECTION('',(0.0,0.0,1.0));
#4381=AXIS2_PLACEMENT_3D('',#4378,#4379,#4380);
#4382=PLANE('',#4381);
#4383=ORIENTED_EDGE('',*,*,#4242,.F.);
#4384=EDGE_LOOP('',(#4383));
#4385=FACE_OUTER_BOUND('',#4384,.T.);
#4386=ORIENTED_EDGE('',*,*,#4094,.T.);
#4387=EDGE_LOOP('',(#4386));
#4388=FACE_BOUND('',#4387,.T.);
#4389=ADVANCED_FACE('',(#4385,#4388),#4382,.F.);
#4390=CARTESIAN_POINT('',(0.0,0.0,0.0));
#4391=DIRECTION('',(-1.0,0.0,0.0));
#4392=DIRECTION('',(0.0,0.0,1.0));
#4393=AXIS2_PLACEMENT_3D('',#4390,#4391,#4392);
#4394=PLANE('',#4393);
#4395=ORIENTED_EDGE('',*,*,#4373,.T.);
#4396=EDGE_LOOP('',(#4395));
#4397=FACE_OUTER_BOUND('',#4396,.T.);
#4398=ORIENTED_EDGE('',*,*,#4225,.T.);
#4399=EDGE_LOOP('',(#4398));
#4400=FACE_BOUND('',#4399,.T.);
#4401=ADVANCED_FACE('',(#4397,#4400),#4394,.T.);
#4402=CLOSED_SHELL('',(#4109,#4129,#4149,#4169,#4189,#4209,#4229,#4257,#4277,#4297,#4317,#4337,#4357,#4377,#4389,#4401));
#4403=MANIFOLD_SOLID_BREP('Solid1',#4402);
#4404=STYLED_ITEM('',(#2802),#4403);
#4405=ADVANCED_BREP_SHAPE_REPRESENTATION('ABSR',(#4403),#4050);
#4406=SHAPE_REPRESENTATION_RELATIONSHIP('SRR','None',#4405,#4055);
#4407=AXIS2_PLACEMENT_3D('',#4408,#4409,#4410);
#4408=CARTESIAN_POINT('',(3.559849E-014,196.81114511040653,2.57064428758568));
#4409=DIRECTION('',(2.773391E-017,0.000353833215006,0.999999937401026));
#4410=DIRECTION('',(1.0,6.123234E-017,-2.775558E-017));
#4411=NEXT_ASSEMBLY_USAGE_OCCURRENCE('exhaust header right pipe 2:1','exhaust header right pipe 2:1','exhaust header right pipe 2:1',#51,#4026,'exhaust header right pipe 2:1');
#4412=PRODUCT_DEFINITION_SHAPE('exhaust header right pipe 2:1','exhaust header right pipe 2:1',#4411);
#4413=ITEM_DEFINED_TRANSFORMATION('exhaust header right pipe 2:1','exhaust header right pipe 2:1',#4051,#4407);
#4417=(REPRESENTATION_RELATIONSHIP('exhaust header right pipe 2:1','exhaust header right pipe 2:1',#4055,#80)REPRESENTATION_RELATIONSHIP_WITH_TRANSFORMATION(#4413)SHAPE_REPRESENTATION_RELATIONSHIP());
#4418=CONTEXT_DEPENDENT_SHAPE_REPRESENTATION(#4417,#4412);
#4419=APPLICATION_CONTEXT('automotive design');
#4420=APPLICATION_PROTOCOL_DEFINITION('International Standard','automotive_design',2001,#4419);
#4421=PRODUCT_CONTEXT('',#4419,'mechanical');
#4422=PRODUCT('exhaust header collector','exhaust header collector',$,(#4421));
#4423=PRODUCT_RELATED_PRODUCT_CATEGORY('part',$,(#4422));
#4424=PRODUCT_DEFINITION_FORMATION('',$,#4422);
#4425=PRODUCT_DEFINITION_CONTEXT('part definition',#4419,'design');
#4426=PRODUCT_DEFINITION('',$,#4424,#4425);
#4432=(NAMED_UNIT(*)PLANE_ANGLE_UNIT()SI_UNIT($,.RADIAN.));
#4433=DIMENSIONAL_EXPONENTS(0.0,0.0,0.0,0.0,0.0,0.0,0.0);
#4434=PLANE_ANGLE_MEASURE_WITH_UNIT(PLANE_ANGLE_MEASURE(0.0174532925),#4432);
#4438=(CONVERSION_BASED_UNIT('DEGREE',#4434)NAMED_UNIT(#4433)PLANE_ANGLE_UNIT());
#4442=(NAMED_UNIT(*)SI_UNIT($,.STERADIAN.)SOLID_ANGLE_UNIT());
#4446=(LENGTH_UNIT()NAMED_UNIT(*)SI_UNIT(.MILLI.,.METRE.));
#4448=UNCERTAINTY_MEASURE_WITH_UNIT(LENGTH_MEASURE(0.01),#4446,'DISTANCE_ACCURACY_VALUE','');
#4450=(GEOMETRIC_REPRESENTATION_CONTEXT(3)GLOBAL_UNCERTAINTY_ASSIGNED_CONTEXT((#4448))GLOBAL_UNIT_ASSIGNED_CONTEXT((#4438,#4442,#4446))REPRESENTATION_CONTEXT('None','None'));
#4451=AXIS2_PLACEMENT_3D('',#4452,#4453,#4454);
#4452=CARTESIAN_POINT('',(0.0,0.0,0.0));
#4453=DIRECTION('',(0.0,0.0,1.0));
#4454=DIRECTION('',(1.0,0.0,0.0));
#4455=SHAPE_REPRESENTATION('',(#4451),#4450);
#4456=PRODUCT_DEFINITION_SHAPE('','',#4426);
#4457=SHAPE_DEFINITION_REPRESENTATION(#4456,#4455);
#4463=(NAMED_UNIT(*)PLANE_ANGLE_UNIT()SI_UNIT($,.RADIAN.));
#4464=DIMENSIONAL_EXPONENTS(0.0,0.0,0.0,0.0,0.0,0.0,0.0);
#4465=PLANE_ANGLE_MEASURE_WITH_UNIT(PLANE_ANGLE_MEASURE(0.0174532925),#4463);
#4469=(CONVERSION_BASED_UNIT('DEGREE',#4465)NAMED_UNIT(#4464)PLANE_ANGLE_UNIT());
#4473=(NAMED_UNIT(*)SI_UNIT($,.STERADIAN.)SOLID_ANGLE_UNIT());
#4477=(LENGTH_UNIT()NAMED_UNIT(*)SI_UNIT(.MILLI.,.METRE.));
#4479=UNCERTAINTY_MEASURE_WITH_UNIT(LENGTH_MEASURE(0.000001),#4477,'DISTANCE_ACCURACY_VALUE','');
#4481=(GEOMETRIC_REPRESENTATION_CONTEXT(3)GLOBAL_UNCERTAINTY_ASSIGNED_CONTEXT((#4479))GLOBAL_UNIT_ASSIGNED_CONTEXT((#4469,#4473,#4477))REPRESENTATION_CONTEXT('','3D'));
#4482=CARTESIAN_POINT('',(0.0,0.0,0.0));
#4483=DIRECTION('',(0.0,0.0,1.0));
#4484=DIRECTION('',(-1.0,0.0,0.0));
#4485=AXIS2_PLACEMENT_3D('',#4482,#4483,#4484);
#4486=CYLINDRICAL_SURFACE('',#4485,38.099999999999994);
#4487=CARTESIAN_POINT('',(38.099999999999994,4.665904E-015,8.0));
#4488=VERTEX_POINT('',#4487);
#4489=CARTESIAN_POINT('',(0.0,0.0,8.0));
#4490=DIRECTION('',(0.0,0.0,-1.0));
#4491=DIRECTION('',(-1.0,0.0,0.0));
#4492=AXIS2_PLACEMENT_3D('',#4489,#4490,#4491);
#4493=CIRCLE('',#4492,38.099999999999994);
#4494=EDGE_CURVE('',#4488,#4488,#4493,.T.);
#4495=ORIENTED_EDGE('',*,*,#4494,.F.);
#4496=EDGE_LOOP('',(#4495));
#4497=FACE_OUTER_BOUND('',#4496,.T.);
#4498=CARTESIAN_POINT('',(38.099999999999994,4.665904E-015,0.0));
#4499=VERTEX_POINT('',#4498);
#4500=CARTESIAN_POINT('',(0.0,0.0,0.0));
#4501=DIRECTION('',(0.0,0.0,1.0));
#4502=DIRECTION('',(-1.0,0.0,0.0));
#4503=AXIS2_PLACEMENT_3D('',#4500,#4501,#4502);
#4504=CIRCLE('',#4503,38.099999999999994);
#4505=EDGE_CURVE('',#4499,#4499,#4504,.T.);
#4506=ORIENTED_EDGE('',*,*,#4505,.F.);
#4507=EDGE_LOOP('',(#4506));
#4508=FACE_BOUND('',#4507,.T.);
#4509=ADVANCED_FACE('',(#4497,#4508),#4486,.F.);
#4510=CARTESIAN_POINT('',(50.0,0.0,0.0));
#4511=DIRECTION('',(0.0,0.0,1.0));
#4512=DIRECTION('',(-1.0,0.0,0.0));
#4513=AXIS2_PLACEMENT_3D('',#4510,#4511,#4512);
#4514=CYLINDRICAL_SURFACE('',#4513,4.25);
#4515=CARTESIAN_POINT('',(54.25,5.204749E-016,8.0));
#4516=VERTEX_POINT('',#4515);
#4517=CARTESIAN_POINT('',(50.0,0.0,8.0));
#4518=DIRECTION('',(0.0,0.0,-1.0));
#4519=DIRECTION('',(-1.0,0.0,0.0));
#4520=AXIS2_PLACEMENT_3D('',#4517,#4518,#4519);
#4521=CIRCLE('',#4520,4.25);
#4522=EDGE_CURVE('',#4516,#4516,#4521,.T.);
#4523=ORIENTED_EDGE('',*,*,#4522,.F.);
#4524=EDGE_LOOP('',(#4523));
#4525=FACE_OUTER_BOUND('',#4524,.T.);
#4526=CARTESIAN_POINT('',(54.25,5.204749E-016,0.0));
#4527=VERTEX_POINT('',#4526);
#4528=CARTESIAN_POINT('',(50.0,0.0,0.0));
#4529=DIRECTION('',(0.0,0.0,1.0));
#4530=DIRECTION('',(-1.0,0.0,0.0));
#4531=AXIS2_PLACEMENT_3D('',#4528,#4529,#4530);
#4532=CIRCLE('',#4531,4.25);
#4533=EDGE_CURVE('',#4527,#4527,#4532,.T.);
#4534=ORIENTED_EDGE('',*,*,#4533,.F.);
#4535=EDGE_LOOP('',(#4534));
#4536=FACE_BOUND('',#4535,.T.);
#4537=ADVANCED_FACE('',(#4525,#4536),#4514,.F.);
#4538=CARTESIAN_POINT('',(-24.999999999999968,-43.301270189221952,0.0));
#4539=DIRECTION('',(0.0,0.0,1.0));
#4540=DIRECTION('',(-1.0,0.0,0.0));
#4541=AXIS2_PLACEMENT_3D('',#4538,#4539,#4540);
#4542=CYLINDRICAL_SURFACE('',#4541,4.25);
#4543=CARTESIAN_POINT('',(-20.749999999999964,-43.301270189221952,8.0));
#4544=VERTEX_POINT('',#4543);
#4545=CARTESIAN_POINT('',(-24.999999999999968,-43.301270189221952,8.0));
#4546=DIRECTION('',(0.0,0.0,-1.0));
#4547=DIRECTION('',(-1.0,0.0,0.0));
#4548=AXIS2_PLACEMENT_3D('',#4545,#4546,#4547);
#4549=CIRCLE('',#4548,4.25);
#4550=EDGE_CURVE('',#4544,#4544,#4549,.T.);
#4551=ORIENTED_EDGE('',*,*,#4550,.F.);
#4552=EDGE_LOOP('',(#4551));
#4553=FACE_OUTER_BOUND('',#4552,.T.);
#4554=CARTESIAN_POINT('',(-20.749999999999964,-43.301270189221952,0.0));
#4555=VERTEX_POINT('',#4554);
#4556=CARTESIAN_POINT('',(-24.999999999999968,-43.301270189221952,0.0));
#4557=DIRECTION('',(0.0,0.0,1.0));
#4558=DIRECTION('',(-1.0,0.0,0.0));
#4559=AXIS2_PLACEMENT_3D('',#4556,#4557,#4558);
#4560=CIRCLE('',#4559,4.25);
#4561=EDGE_CURVE('',#4555,#4555,#4560,.T.);
#4562=ORIENTED_EDGE('',*,*,#4561,.F.);
#4563=EDGE_LOOP('',(#4562));
#4564=FACE_BOUND('',#4563,.T.);
#4565=ADVANCED_FACE('',(#4553,#4564),#4542,.F.);
#4566=CARTESIAN_POINT('',(-24.999999999999979,43.301270189221952,0.0));
#4567=DIRECTION('',(0.0,0.0,1.0));
#4568=DIRECTION('',(-1.0,0.0,0.0));
#4569=AXIS2_PLACEMENT_3D('',#4566,#4567,#4568);
#4570=CYLINDRICAL_SURFACE('',#4569,4.25);
#4571=CARTESIAN_POINT('',(-20.749999999999975,43.301270189221952,8.0));
#4572=VERTEX_POINT('',#4571);
#4573=CARTESIAN_POINT('',(-24.999999999999979,43.301270189221952,8.0));
#4574=DIRECTION('',(0.0,0.0,-1.0));
#4575=DIRECTION('',(-1.0,0.0,0.0));
#4576=AXIS2_PLACEMENT_3D('',#4573,#4574,#4575);
#4577=CIRCLE('',#4576,4.25);
#4578=EDGE_CURVE('',#4572,#4572,#4577,.T.);
#4579=ORIENTED_EDGE('',*,*,#4578,.F.);
#4580=EDGE_LOOP('',(#4579));
#4581=FACE_OUTER_BOUND('',#4580,.T.);
#4582=CARTESIAN_POINT('',(-20.749999999999975,43.301270189221952,0.0));
#4583=VERTEX_POINT('',#4582);
#4584=CARTESIAN_POINT('',(-24.999999999999979,43.301270189221952,0.0));
#4585=DIRECTION('',(0.0,0.0,1.0));
#4586=DIRECTION('',(-1.0,0.0,0.0));
#4587=AXIS2_PLACEMENT_3D('',#4584,#4585,#4586);
#4588=CIRCLE('',#4587,4.25);
#4589=EDGE_CURVE('',#4583,#4583,#4588,.T.);
#4590=ORIENTED_EDGE('',*,*,#4589,.F.);
#4591=EDGE_LOOP('',(#4590));
#4592=FACE_BOUND('',#4591,.T.);
#4593=ADVANCED_FACE('',(#4581,#4592),#4570,.F.);
#4594=CARTESIAN_POINT('',(-24.999999999999979,43.301270189221952,0.0));
#4595=DIRECTION('',(0.0,0.0,1.0));
#4596=DIRECTION('',(0.153145145083246,0.988203705992561,0.0));
#4597=AXIS2_PLACEMENT_3D('',#4594,#4595,#4596);
#4598=CYLINDRICAL_SURFACE('',#4597,8.0);
#4599=CARTESIAN_POINT('',(-23.774838839334009,51.20689983716246,0.0));
#4600=VERTEX_POINT('',#4599);
#4601=CARTESIAN_POINT('',(-32.459056688360867,46.193064324325455,0.0));
#4602=VERTEX_POINT('',#4601);
#4603=CARTESIAN_POINT('',(-24.999999999999979,43.301270189221952,0.0));
#4604=DIRECTION('',(0.0,0.0,1.0));
#4605=DIRECTION('',(0.153145145083246,0.988203705992561,0.0));
#4606=AXIS2_PLACEMENT_3D('',#4603,#4604,#4605);
#4607=CIRCLE('',#4606,8.0);
#4608=EDGE_CURVE('',#4600,#4602,#4607,.T.);
#4609=ORIENTED_EDGE('',*,*,#4608,.T.);
#4610=CARTESIAN_POINT('',(-32.459056688360867,46.193064324325455,8.0));
#4611=VERTEX_POINT('',#4610);
#4612=CARTESIAN_POINT('',(-32.459056688360867,46.193064324325455,0.0));
#4613=DIRECTION('',(0.0,0.0,1.0));
#4614=VECTOR('',#4613,8.0);
#4615=LINE('',#4612,#4614);
#4616=EDGE_CURVE('',#4602,#4611,#4615,.T.);
#4617=ORIENTED_EDGE('',*,*,#4616,.T.);
#4618=CARTESIAN_POINT('',(-23.774838839334009,51.20689983716246,8.0));
#4619=VERTEX_POINT('',#4618);
#4620=CARTESIAN_POINT('',(-24.999999999999979,43.301270189221952,8.0));
#4621=DIRECTION('',(0.0,0.0,1.0));
#4622=DIRECTION('',(0.153145145083246,0.988203705992561,0.0));
#4623=AXIS2_PLACEMENT_3D('',#4620,#4621,#4622);
#4624=CIRCLE('',#4623,8.0);
#4625=EDGE_CURVE('',#4619,#4611,#4624,.T.);
#4626=ORIENTED_EDGE('',*,*,#4625,.F.);
#4627=CARTESIAN_POINT('',(-23.774838839334009,51.20689983716246,0.0));
#4628=DIRECTION('',(0.0,0.0,1.0));
#4629=VECTOR('',#4628,8.0);
#4630=LINE('',#4627,#4629);
#4631=EDGE_CURVE('',#4600,#4619,#4630,.T.);
#4632=ORIENTED_EDGE('',*,*,#4631,.F.);
#4633=EDGE_LOOP('',(#4609,#4617,#4626,#4632));
#4634=FACE_OUTER_BOUND('',#4633,.T.);
#4635=ADVANCED_FACE('',(#4634),#4598,.T.);
#4636=CARTESIAN_POINT('',(-43.345370370370176,-75.07638375437169,0.0));
#4637=DIRECTION('',(0.0,0.0,1.0));
#4638=DIRECTION('',(0.779236940961863,0.626729439104625,0.0));
#4639=AXIS2_PLACEMENT_3D('',#4636,#4637,#4638);
#4640=CYLINDRICAL_SURFACE('',#4639,127.79074074074036);
#4641=CARTESIAN_POINT('',(56.233895527694919,5.013835512837003,0.0));
#4642=VERTEX_POINT('',#4641);
#4643=CARTESIAN_POINT('',(-43.345370370370176,-75.07638375437169,0.0));
#4644=DIRECTION('',(0.0,0.0,1.0));
#4645=DIRECTION('',(0.779236940961863,0.626729439104625,0.0));
#4646=AXIS2_PLACEMENT_3D('',#4643,#4644,#4645);
#4647=CIRCLE('',#4646,127.79074074074035);
#4648=EDGE_CURVE('',#4642,#4600,#4647,.T.);
#4649=ORIENTED_EDGE('',*,*,#4648,.T.);
#4650=ORIENTED_EDGE('',*,*,#4631,.T.);
#4651=CARTESIAN_POINT('',(56.233895527694926,5.013835512837002,8.0));
#4652=VERTEX_POINT('',#4651);
#4653=CARTESIAN_POINT('',(-43.345370370370176,-75.07638375437169,8.0));
#4654=DIRECTION('',(0.0,0.0,1.0));
#4655=DIRECTION('',(0.779236940961863,0.626729439104625,0.0));
#4656=AXIS2_PLACEMENT_3D('',#4653,#4654,#4655);
#4657=CIRCLE('',#4656,127.79074074074035);
#4658=EDGE_CURVE('',#4652,#4619,#4657,.T.);
#4659=ORIENTED_EDGE('',*,*,#4658,.F.);
#4660=CARTESIAN_POINT('',(56.233895527694919,5.013835512837003,0.0));
#4661=DIRECTION('',(0.0,0.0,1.0));
#4662=VECTOR('',#4661,8.0);
#4663=LINE('',#4660,#4662);
#4664=EDGE_CURVE('',#4642,#4652,#4663,.T.);
#4665=ORIENTED_EDGE('',*,*,#4664,.F.);
#4666=EDGE_LOOP('',(#4649,#4650,#4659,#4665));
#4667=FACE_OUTER_BOUND('',#4666,.T.);
#4668=ADVANCED_FACE('',(#4667),#4640,.T.);
#4669=CARTESIAN_POINT('',(50.0,0.0,0.0));
#4670=DIRECTION('',(0.0,0.0,1.0));
#4671=DIRECTION('',(0.779236940961864,-0.626729439104624,0.0));
#4672=AXIS2_PLACEMENT_3D('',#4669,#4670,#4671);
#4673=CYLINDRICAL_SURFACE('',#4672,8.0);
#4674=CARTESIAN_POINT('',(56.233895527694919,-5.013835512837003,0.0));
#4675=VERTEX_POINT('',#4674);
#4676=CARTESIAN_POINT('',(50.0,0.0,0.0));
#4677=DIRECTION('',(0.0,0.0,1.0));
#4678=DIRECTION('',(0.779236940961864,-0.626729439104624,0.0));
#4679=AXIS2_PLACEMENT_3D('',#4676,#4677,#4678);
#4680=CIRCLE('',#4679,8.0);
#4681=EDGE_CURVE('',#4675,#4642,#4680,.T.);
#4682=ORIENTED_EDGE('',*,*,#4681,.T.);
#4683=ORIENTED_EDGE('',*,*,#4664,.T.);
#4684=CARTESIAN_POINT('',(56.233895527694926,-5.013835512837002,8.0));
#4685=VERTEX_POINT('',#4684);
#4686=CARTESIAN_POINT('',(50.0,0.0,8.0));
#4687=DIRECTION('',(0.0,0.0,1.0));
#4688=DIRECTION('',(0.779236940961864,-0.626729439104624,0.0));
#4689=AXIS2_PLACEMENT_3D('',#4686,#4687,#4688);
#4690=CIRCLE('',#4689,8.0);
#4691=EDGE_CURVE('',#4685,#4652,#4690,.T.);
#4692=ORIENTED_EDGE('',*,*,#4691,.F.);
#4693=CARTESIAN_POINT('',(56.233895527694919,-5.013835512837003,0.0));
#4694=DIRECTION('',(0.0,0.0,1.0));
#4695=VECTOR('',#4694,8.0);
#4696=LINE('',#4693,#4695);
#4697=EDGE_CURVE('',#4675,#4685,#4696,.T.);
#4698=ORIENTED_EDGE('',*,*,#4697,.F.);
#4699=EDGE_LOOP('',(#4682,#4683,#4692,#4698));
#4700=FACE_OUTER_BOUND('',#4699,.T.);
#4701=ADVANCED_FACE('',(#4700),#4673,.T.);
#4702=CARTESIAN_POINT('',(-43.345370370370176,75.07638375437169,0.0));
#4703=DIRECTION('',(0.0,0.0,1.0));
#4704=DIRECTION('',(0.153145145083246,-0.988203705992561,0.0));
#4705=AXIS2_PLACEMENT_3D('',#4702,#4703,#4704);
#4706=CYLINDRICAL_SURFACE('',#4705,127.79074074074036);
#4707=CARTESIAN_POINT('',(-23.774838839334002,-51.20689983716246,0.0));
#4708=VERTEX_POINT('',#4707);
#4709=CARTESIAN_POINT('',(-43.345370370370176,75.07638375437169,0.0));
#4710=DIRECTION('',(0.0,0.0,1.0));
#4711=DIRECTION('',(0.153145145083246,-0.988203705992561,0.0));
#4712=AXIS2_PLACEMENT_3D('',#4709,#4710,#4711);
#4713=CIRCLE('',#4712,127.79074074074036);
#4714=EDGE_CURVE('',#4708,#4675,#4713,.T.);
#4715=ORIENTED_EDGE('',*,*,#4714,.T.);
#4716=ORIENTED_EDGE('',*,*,#4697,.T.);
#4717=CARTESIAN_POINT('',(-23.774838839334002,-51.20689983716246,8.0));
#4718=VERTEX_POINT('',#4717);
#4719=CARTESIAN_POINT('',(-43.345370370370176,75.07638375437169,8.0));
#4720=DIRECTION('',(0.0,0.0,1.0));
#4721=DIRECTION('',(0.153145145083246,-0.988203705992561,0.0));
#4722=AXIS2_PLACEMENT_3D('',#4719,#4720,#4721);
#4723=CIRCLE('',#4722,127.79074074074036);
#4724=EDGE_CURVE('',#4718,#4685,#4723,.T.);
#4725=ORIENTED_EDGE('',*,*,#4724,.F.);
#4726=CARTESIAN_POINT('',(-23.774838839334002,-51.20689983716246,0.0));
#4727=DIRECTION('',(0.0,0.0,1.0));
#4728=VECTOR('',#4727,8.0);
#4729=LINE('',#4726,#4728);
#4730=EDGE_CURVE('',#4708,#4718,#4729,.T.);
#4731=ORIENTED_EDGE('',*,*,#4730,.F.);
#4732=EDGE_LOOP('',(#4715,#4716,#4725,#4731));
#4733=FACE_OUTER_BOUND('',#4732,.T.);
#4734=ADVANCED_FACE('',(#4733),#4706,.T.);
#4735=CARTESIAN_POINT('',(-24.999999999999968,-43.301270189221952,0.0));
#4736=DIRECTION('',(0.0,0.0,1.0));
#4737=DIRECTION('',(-0.932382086045109,-0.361474266887937,0.0));
#4738=AXIS2_PLACEMENT_3D('',#4735,#4736,#4737);
#4739=CYLINDRICAL_SURFACE('',#4738,7.999999999999999);
#4740=CARTESIAN_POINT('',(-32.45905668836086,-46.193064324325455,0.0));
#4741=VERTEX_POINT('',#4740);
#4742=CARTESIAN_POINT('',(-24.999999999999968,-43.301270189221952,0.0));
#4743=DIRECTION('',(0.0,0.0,1.0));
#4744=DIRECTION('',(-0.932382086045109,-0.361474266887937,0.0));
#4745=AXIS2_PLACEMENT_3D('',#4742,#4743,#4744);
#4746=CIRCLE('',#4745,7.999999999999999);
#4747=EDGE_CURVE('',#4741,#4708,#4746,.T.);
#4748=ORIENTED_EDGE('',*,*,#4747,.T.);
#4749=ORIENTED_EDGE('',*,*,#4730,.T.);
#4750=CARTESIAN_POINT('',(-32.45905668836086,-46.193064324325455,8.0));
#4751=VERTEX_POINT('',#4750);
#4752=CARTESIAN_POINT('',(-24.999999999999968,-43.301270189221952,8.0));
#4753=DIRECTION('',(0.0,0.0,1.0));
#4754=DIRECTION('',(-0.932382086045109,-0.361474266887937,0.0));
#4755=AXIS2_PLACEMENT_3D('',#4752,#4753,#4754);
#4756=CIRCLE('',#4755,7.999999999999999);
#4757=EDGE_CURVE('',#4751,#4718,#4756,.T.);
#4758=ORIENTED_EDGE('',*,*,#4757,.F.);
#4759=CARTESIAN_POINT('',(-32.45905668836086,-46.193064324325455,0.0));
#4760=DIRECTION('',(0.0,0.0,1.0));
#4761=VECTOR('',#4760,8.0);
#4762=LINE('',#4759,#4761);
#4763=EDGE_CURVE('',#4741,#4751,#4762,.T.);
#4764=ORIENTED_EDGE('',*,*,#4763,.F.);
#4765=EDGE_LOOP('',(#4748,#4749,#4758,#4764));
#4766=FACE_OUTER_BOUND('',#4765,.T.);
#4767=ADVANCED_FACE('',(#4766),#4739,.T.);
#4768=CARTESIAN_POINT('',(86.690740740740338,1.060014E-014,0.0));
#4769=DIRECTION('',(0.0,0.0,1.0));
#4770=DIRECTION('',(-0.932382086045109,0.361474266887936,0.0));
#4771=AXIS2_PLACEMENT_3D('',#4768,#4769,#4770);
#4772=CYLINDRICAL_SURFACE('',#4771,127.79074074074033);
#4773=CARTESIAN_POINT('',(86.690740740740338,1.060014E-014,0.0));
#4774=DIRECTION('',(0.0,0.0,1.0));
#4775=DIRECTION('',(-0.932382086045109,0.361474266887936,0.0));
#4776=AXIS2_PLACEMENT_3D('',#4773,#4774,#4775);
#4777=CIRCLE('',#4776,127.79074074074033);
#4778=EDGE_CURVE('',#4602,#4741,#4777,.T.);
#4779=ORIENTED_EDGE('',*,*,#4778,.T.);
#4780=ORIENTED_EDGE('',*,*,#4763,.T.);
#4781=CARTESIAN_POINT('',(86.690740740740338,1.060014E-014,8.0));
#4782=DIRECTION('',(0.0,0.0,1.0));
#4783=DIRECTION('',(-0.932382086045109,0.361474266887936,0.0));
#4784=AXIS2_PLACEMENT_3D('',#4781,#4782,#4783);
#4785=CIRCLE('',#4784,127.79074074074033);
#4786=EDGE_CURVE('',#4611,#4751,#4785,.T.);
#4787=ORIENTED_EDGE('',*,*,#4786,.F.);
#4788=ORIENTED_EDGE('',*,*,#4616,.F.);
#4789=EDGE_LOOP('',(#4779,#4780,#4787,#4788));
#4790=FACE_OUTER_BOUND('',#4789,.T.);
#4791=ADVANCED_FACE('',(#4790),#4772,.T.);
#4792=CARTESIAN_POINT('',(0.000014165501275,-1.404936E-015,8.0));
#4793=DIRECTION('',(0.0,0.0,1.0));
#4794=DIRECTION('',(1.0,0.0,0.0));
#4795=AXIS2_PLACEMENT_3D('',#4792,#4793,#4794);
#4796=PLANE('',#4795);
#4797=ORIENTED_EDGE('',*,*,#4786,.T.);
#4798=ORIENTED_EDGE('',*,*,#4757,.T.);
#4799=ORIENTED_EDGE('',*,*,#4724,.T.);
#4800=ORIENTED_EDGE('',*,*,#4691,.T.);
#4801=ORIENTED_EDGE('',*,*,#4658,.T.);
#4802=ORIENTED_EDGE('',*,*,#4625,.T.);
#4803=EDGE_LOOP('',(#4797,#4798,#4799,#4800,#4801,#4802));
#4804=FACE_OUTER_BOUND('',#4803,.T.);
#4805=ORIENTED_EDGE('',*,*,#4494,.T.);
#4806=EDGE_LOOP('',(#4805));
#4807=FACE_BOUND('',#4806,.T.);
#4808=ORIENTED_EDGE('',*,*,#4522,.T.);
#4809=EDGE_LOOP('',(#4808));
#4810=FACE_BOUND('',#4809,.T.);
#4811=ORIENTED_EDGE('',*,*,#4550,.T.);
#4812=EDGE_LOOP('',(#4811));
#4813=FACE_BOUND('',#4812,.T.);
#4814=ORIENTED_EDGE('',*,*,#4578,.T.);
#4815=EDGE_LOOP('',(#4814));
#4816=FACE_BOUND('',#4815,.T.);
#4817=ADVANCED_FACE('',(#4804,#4807,#4810,#4813,#4816),#4796,.T.);
#4818=CARTESIAN_POINT('',(0.000014165501275,-1.404936E-015,0.0));
#4819=DIRECTION('',(0.0,0.0,1.0));
#4820=DIRECTION('',(1.0,0.0,0.0));
#4821=AXIS2_PLACEMENT_3D('',#4818,#4819,#4820);
#4822=PLANE('',#4821);
#4823=ORIENTED_EDGE('',*,*,#4778,.F.);
#4824=ORIENTED_EDGE('',*,*,#4608,.F.);
#4825=ORIENTED_EDGE('',*,*,#4648,.F.);
#4826=ORIENTED_EDGE('',*,*,#4681,.F.);
#4827=ORIENTED_EDGE('',*,*,#4714,.F.);
#4828=ORIENTED_EDGE('',*,*,#4747,.F.);
#4829=EDGE_LOOP('',(#4823,#4824,#4825,#4826,#4827,#4828));
#4830=FACE_OUTER_BOUND('',#4829,.T.);
#4831=ORIENTED_EDGE('',*,*,#4505,.T.);
#4832=EDGE_LOOP('',(#4831));
#4833=FACE_BOUND('',#4832,.T.);
#4834=ORIENTED_EDGE('',*,*,#4533,.T.);
#4835=EDGE_LOOP('',(#4834));
#4836=FACE_BOUND('',#4835,.T.);
#4837=ORIENTED_EDGE('',*,*,#4561,.T.);
#4838=EDGE_LOOP('',(#4837));
#4839=FACE_BOUND('',#4838,.T.);
#4840=ORIENTED_EDGE('',*,*,#4589,.T.);
#4841=EDGE_LOOP('',(#4840));
#4842=FACE_BOUND('',#4841,.T.);
#4843=ADVANCED_FACE('',(#4830,#4833,#4836,#4839,#4842),#4822,.F.);
#4844=CLOSED_SHELL('',(#4509,#4537,#4565,#4593,#4635,#4668,#4701,#4734,#4767,#4791,#4817,#4843));
#4845=MANIFOLD_SOLID_BREP('Solid2',#4844);
#4846=STYLED_ITEM('',(#2802),#4845);
#4847=ADVANCED_BREP_SHAPE_REPRESENTATION('ABSR',(#4845,#9703),#4450);
#4848=SHAPE_REPRESENTATION_RELATIONSHIP('SRR','None',#4847,#4455);
#4854=(NAMED_UNIT(*)PLANE_ANGLE_UNIT()SI_UNIT($,.RADIAN.));
#4855=DIMENSIONAL_EXPONENTS(0.0,0.0,0.0,0.0,0.0,0.0,0.0);
#4856=PLANE_ANGLE_MEASURE_WITH_UNIT(PLANE_ANGLE_MEASURE(0.0174532925),#4854);
#4860=(CONVERSION_BASED_UNIT('DEGREE',#4856)NAMED_UNIT(#4855)PLANE_ANGLE_UNIT());
#4864=(NAMED_UNIT(*)SI_UNIT($,.STERADIAN.)SOLID_ANGLE_UNIT());
#4868=(LENGTH_UNIT()NAMED_UNIT(*)SI_UNIT(.MILLI.,.METRE.));
#4870=UNCERTAINTY_MEASURE_WITH_UNIT(LENGTH_MEASURE(0.000001),#4868,'DISTANCE_ACCURACY_VALUE','');
#4872=(GEOMETRIC_REPRESENTATION_CONTEXT(3)GLOBAL_UNCERTAINTY_ASSIGNED_CONTEXT((#4870))GLOBAL_UNIT_ASSIGNED_CONTEXT((#4860,#4864,#4868))REPRESENTATION_CONTEXT('','3D'));
#4873=CARTESIAN_POINT('',(-4.955044436928993,36.162100804959586,0.0));
#4874=CARTESIAN_POINT('',(-4.238156289430545,36.260331066700225,0.0));
#4875=CARTESIAN_POINT('',(-2.798536278436098,36.414143554758461,0.0));
#4876=CARTESIAN_POINT('',(-0.990765160745442,36.499107007606014,0.0));
#4877=CARTESIAN_POINT('',(0.818396783017861,36.503377491031998,0.0));
#4878=CARTESIAN_POINT('',(1.903288056659211,36.457524221670944,0.0));
#4879=CARTESIAN_POINT('',(2.625001132625341,36.405485425327257,0.0));
#4880=CARTESIAN_POINT('',(-4.955044436928993,36.162100804959586,25.399999999999984));
#4881=CARTESIAN_POINT('',(-4.238156289430545,36.260331066700225,25.400000000000023));
#4882=CARTESIAN_POINT('',(-2.798536278436098,36.414143554758461,25.399999999999906));
#4883=CARTESIAN_POINT('',(-0.990765160745442,36.499107007606014,25.400000000000063));
#4884=CARTESIAN_POINT('',(0.818396783017861,36.503377491031998,25.399999999999917));
#4885=CARTESIAN_POINT('',(1.903288056659211,36.457524221670944,25.400000000000045));
#4886=CARTESIAN_POINT('',(2.625001132625341,36.405485425327257,25.399999999999984));
#4887=CARTESIAN_POINT('',(-4.954996507217023,36.161720178652317,50.79910065203034));
#4888=CARTESIAN_POINT('',(-4.237838320973541,36.260219966309947,50.79862235864374));
#4889=CARTESIAN_POINT('',(-2.798570052911139,36.414249269785472,50.797885025756536));
#4890=CARTESIAN_POINT('',(-0.990772310036272,36.499306276037451,50.797752649098328));
#4891=CARTESIAN_POINT('',(0.818414616849105,36.503320100820048,50.79820938414764));
#4892=CARTESIAN_POINT('',(1.903031680424502,36.45777806391046,50.798823463048599));
#4893=CARTESIAN_POINT('',(2.624968560475095,36.405167400086263,50.799299345298138));
#4894=CARTESIAN_POINT('',(-4.95497003386488,36.161381945348175,77.258110205428125));
#4895=CARTESIAN_POINT('',(-4.237512676479414,36.260152984468426,77.258116506478359));
#4896=CARTESIAN_POINT('',(-2.798580262260815,36.414382339623835,77.258251177294113));
#4897=CARTESIAN_POINT('',(-0.990782105883165,36.499522029621431,77.258457528969018));
#4898=CARTESIAN_POINT('',(0.818412588747326,36.503288282473243,77.258545317523243));
#4899=CARTESIAN_POINT('',(1.902761684569336,36.458078391532737,77.258588824653629));
#4900=CARTESIAN_POINT('',(2.624947602594991,36.404892018362666,77.258556037209289));
#4901=CARTESIAN_POINT('',(-4.949143864130957,36.167256269593111,79.382152079957052));
#4902=CARTESIAN_POINT('',(-4.232198344868473,36.268973212890174,79.385002879977705));
#4903=CARTESIAN_POINT('',(-2.79649994827065,36.4277755584665,79.389842775978664));
#4904=CARTESIAN_POINT('',(-0.995354000941938,36.514176338240809,79.39143222362965));
#4905=CARTESIAN_POINT('',(0.807781126093174,36.515698252803197,79.389152550538824));
#4906=CARTESIAN_POINT('',(1.889614134856696,36.467219211099248,79.385754075148171));
#4907=CARTESIAN_POINT('',(2.611215238595477,36.41118137748699,79.382831748813743));
#4908=CARTESIAN_POINT('',(-4.931831403826929,36.185173691292157,83.621380579654613));
#4909=CARTESIAN_POINT('',(-4.216259939111683,36.295643411062635,83.622816923153465));
#4910=CARTESIAN_POINT('',(-2.79008063512284,36.467824050627343,83.625387893695915));
#4911=CARTESIAN_POINT('',(-1.009076450248843,36.557842686153499,83.62629478711726));
#4912=CARTESIAN_POINT('',(0.775754856800005,36.552850970527786,83.625076538540185));
#4913=CARTESIAN_POINT('',(1.850129348703443,36.494798406461143,83.623296154697542));
#4914=CARTESIAN_POINT('',(2.570117573840713,36.430328818214264,83.621777622931461));
#4915=CARTESIAN_POINT('',(-4.931792408470176,36.184970854760323,86.787253368114165));
#4916=CARTESIAN_POINT('',(-4.216199098372913,36.295478133205343,86.783158003878441));
#4917=CARTESIAN_POINT('',(-2.790121373136935,36.467637995121812,86.77641433876741));
#4918=CARTESIAN_POINT('',(-1.009068400399154,36.557657311319304,86.774654821418139));
#4919=CARTESIAN_POINT('',(0.775796417962875,36.55265125016102,86.778361265636363));
#4920=CARTESIAN_POINT('',(1.850095717843382,36.494718610098495,86.783531462410949));
#4921=CARTESIAN_POINT('',(2.570101332440206,36.430139920097211,86.787710827040897));
#4922=CARTESIAN_POINT('',(-4.990420407857443,36.125115160562636,92.092544029812785));
#4923=CARTESIAN_POINT('',(-4.269724266465459,36.206459494601262,92.072076202808688));
#4924=CARTESIAN_POINT('',(-2.811605245641218,36.334273251053695,92.038648991223212));
#4925=CARTESIAN_POINT('',(-0.962822236498082,36.41236772579613,92.029013903844117));
#4926=CARTESIAN_POINT('',(0.883672825266141,36.428746230530251,92.045785421739851));
#4927=CARTESIAN_POINT('',(1.983055361944921,36.402866051521258,92.070310103091884));
#4928=CARTESIAN_POINT('',(2.708900616261111,36.366175689342377,92.09095185015363));
#4929=CARTESIAN_POINT('',(-5.175168110219154,35.944603186370671,96.840888264441958));
#4930=CARTESIAN_POINT('',(-4.436137858005224,35.941918402528955,96.799385868871965));
#4931=CARTESIAN_POINT('',(-2.874783224963382,35.937948243449341,96.736144582429446));
#4932=CARTESIAN_POINT('',(-0.82474182771077,35.979632194213949,96.716735042276852));
#4933=CARTESIAN_POINT('',(1.206585303091628,36.061056201788155,96.743260867723848));
#4934=CARTESIAN_POINT('',(2.38583052363617,36.130610497515725,96.786742626739382));
#4935=CARTESIAN_POINT('',(3.132754037768202,36.174895801709027,96.826770068845633));
#4936=CARTESIAN_POINT('',(-5.549471958465311,35.705906486664936,103.14844023932898));
#4937=CARTESIAN_POINT('',(-4.737887395825507,35.485155476585739,103.09568444186057));
#4938=CARTESIAN_POINT('',(-2.957525026215757,35.137523738314187,103.01720818604524));
#4939=CARTESIAN_POINT('',(-0.546701886562945,35.081745756883109,102.98751806855044));
#4940=CARTESIAN_POINT('',(1.820205263855589,35.329077202065911,103.00877576410407));
#4941=CARTESIAN_POINT('',(3.158734756525996,35.644472124263999,103.05237880549676));
#4942=CARTESIAN_POINT('',(3.974047646611307,35.900877716038956,103.09517231188474));
#4943=CARTESIAN_POINT('',(-6.084070424563549,35.444233381550397,112.60739110929181));
#4944=CARTESIAN_POINT('',(-5.175352668112382,34.788932962530069,112.54837669812395));
#4945=CARTESIAN_POINT('',(-3.062075436904391,33.800861623199189,112.45148799132522));
#4946=CARTESIAN_POINT('',(-0.082256952248747,33.569130527411765,112.40621690031821));
#4947=CARTESIAN_POINT('',(2.807346789771899,34.113824501904148,112.41845710300223));
#4948=CARTESIAN_POINT('',(4.384205798490113,34.882385632071937,112.45891673433746));
#4949=CARTESIAN_POINT('',(5.287820288674944,35.552208703562187,112.49729919600446));
#4950=CARTESIAN_POINT('',(-6.193055732557879,35.275408712937107,120.51648850772084));
#4951=CARTESIAN_POINT('',(-5.335144977661736,34.268167715787222,120.48155541683606));
#4952=CARTESIAN_POINT('',(-3.096457947986766,32.69039550942469,120.40884866073603));
#4953=CARTESIAN_POINT('',(0.30689609943218,32.278234651423418,120.36744550853781));
#4954=CARTESIAN_POINT('',(3.557444185130237,33.097908897760384,120.376179101893));
#4955=CARTESIAN_POINT('',(5.234406005628152,34.278903289690817,120.40699306210685));
#4956=CARTESIAN_POINT('',(6.092638934338242,35.28741131510985,120.43212222877578));
#4957=CARTESIAN_POINT('',(-6.2112997043336,35.236115016385682,128.04993951025205));
#4958=CARTESIAN_POINT('',(-5.359054353544636,34.176996743459128,128.04628105720559));
#4959=CARTESIAN_POINT('',(-3.102966484996466,32.505875663004417,128.03816896132463));
#4960=CARTESIAN_POINT('',(0.371635792951431,32.061953810952957,128.03337789505682));
#4961=CARTESIAN_POINT('',(3.683139240008634,32.92722434637902,128.03424968201418));
#4962=CARTESIAN_POINT('',(5.374869801179939,34.174724395340469,128.03764512623835));
#4963=CARTESIAN_POINT('',(6.227302720298569,35.233983792537707,128.0403033223815));
#4964=CARTESIAN_POINT('',(-6.213900571625483,35.231028585525166,130.16462845015673));
#4965=CARTESIAN_POINT('',(-5.3625016351259,34.164369801701064,130.16481697312261));
#4966=CARTESIAN_POINT('',(-3.103684146602301,32.480212347050937,130.16468675484003));
#4967=CARTESIAN_POINT('',(0.380702303774075,32.032128615362758,130.16447321109555));
#4968=CARTESIAN_POINT('',(3.700526225094902,32.903730096299697,130.16434652899187));
#4969=CARTESIAN_POINT('',(5.394435690260059,34.160390161608532,130.16432461687407));
#4970=CARTESIAN_POINT('',(6.24605558628974,35.226958275881728,130.16420112985591));
#4971=CARTESIAN_POINT('',(-6.21291795154862,35.232758851028827,133.34553047940187));
#4972=CARTESIAN_POINT('',(-5.361133466534714,34.169039077226984,133.35003622324908));
#4973=CARTESIAN_POINT('',(-3.103426112457531,32.489850000874881,133.35891027086939));
#4974=CARTESIAN_POINT('',(0.377301618400216,32.043321977007551,133.36386467272087));
#4975=CARTESIAN_POINT('',(3.69401657892802,32.912512074232282,133.36262826244146));
#4976=CARTESIAN_POINT('',(5.387048854629773,34.165766521097915,133.35876645297643));
#4977=CARTESIAN_POINT('',(6.239027062649601,35.229445616983789,133.35552363141812));
#4978=CARTESIAN_POINT('',(-6.210496436492209,35.237452124512856,135.99676290004481));
#4979=CARTESIAN_POINT('',(-5.357844414084275,34.180842170284699,136.00159021318046));
#4980=CARTESIAN_POINT('',(-3.102780737553046,32.513888954289449,136.01113607035683));
#4981=CARTESIAN_POINT('',(0.368801718587028,32.071221069140535,136.01647070026354));
#4982=CARTESIAN_POINT('',(3.677755059136252,32.934455634241687,136.01515949080056));
#4983=CARTESIAN_POINT('',(5.368688579085017,34.17921527527718,136.01101371495255));
#4984=CARTESIAN_POINT('',(6.221485188727368,35.235949503559169,136.00754162506843));
#4985=CARTESIAN_POINT('',(-6.209195128495391,35.239922437844363,137.85059815169942));
#4986=CARTESIAN_POINT('',(-5.356113772471538,34.187041073891081,137.85439919351398));
#4987=CARTESIAN_POINT('',(-3.102463937025623,32.526465203602783,137.8618275663722));
#4988=CARTESIAN_POINT('',(0.364342266208782,32.085771220148665,137.86595252290093));
#4989=CARTESIAN_POINT('',(3.669247476197012,32.94590945416364,137.86490867330147));
#4990=CARTESIAN_POINT('',(5.359076720743177,34.186227480968469,137.86166967720175));
#4991=CARTESIAN_POINT('',(6.212274014837397,35.239347217588247,137.85893888807146));
#4992=CARTESIAN_POINT('',(-6.208762208906426,35.240741556453457,138.90888155802909));
#4993=CARTESIAN_POINT('',(-5.355534524848423,34.189105496123574,138.91164634090171));
#4994=CARTESIAN_POINT('',(-3.102359634236356,32.530656347902415,138.91694278871921));
#4995=CARTESIAN_POINT('',(0.362855794996965,32.090618651166849,138.9198537776395));
#4996=CARTESIAN_POINT('',(3.666413356326443,32.949723790297007,138.91907844055115));
#4997=CARTESIAN_POINT('',(5.355872147747339,34.188564953942901,138.91675156972906));
#4998=CARTESIAN_POINT('',(6.209205456240992,35.240475362573839,138.91476837545818));
#4999=CARTESIAN_POINT('',(-6.208679317311598,35.240902637703904,139.43761267859253));
#5000=CARTESIAN_POINT('',(-5.355426490471603,34.189500578702592,139.43971086892793));
#5001=CARTESIAN_POINT('',(-3.102340296654397,32.53145281270583,139.44363331454349));
#5002=CARTESIAN_POINT('',(0.362572778926298,32.091538602711232,139.44576145830894));
#5003=CARTESIAN_POINT('',(3.665874333229332,32.950448963282859,139.44515809206518));
#5004=CARTESIAN_POINT('',(5.355264318028504,34.189008517702156,139.44341858745946));
#5005=CARTESIAN_POINT('',(6.208621140498377,35.240693765437932,139.44191623967811));
#5006=CARTESIAN_POINT('',(-6.208672459129384,35.240673672435292,143.93039470300079));
#5007=CARTESIAN_POINT('',(-5.355324337372558,34.189415756885538,143.92691272187159));
#5008=CARTESIAN_POINT('',(-3.102351045557398,32.531476207377239,143.91941846304002));
#5009=CARTESIAN_POINT('',(0.362571311489147,32.091559972948346,143.91506470366414));
#5010=CARTESIAN_POINT('',(3.665883952481592,32.950417782736594,143.915914031715));
#5011=CARTESIAN_POINT('',(5.355193154210832,34.189018569612813,143.91906799100775));
#5012=CARTESIAN_POINT('',(6.208625298177139,35.240505042076443,143.92158856216517));
#5013=CARTESIAN_POINT('',(-6.208656257302719,35.240155459933746,152.40051413094784));
#5014=CARTESIAN_POINT('',(-5.355093145053171,34.189223813859954,152.40096171081558));
#5015=CARTESIAN_POINT('',(-3.102375747311931,32.531528379310373,152.40173467631567));
#5016=CARTESIAN_POINT('',(0.362568049903014,32.091606641185315,152.40213542743462));
#5017=CARTESIAN_POINT('',(3.665906209551678,32.950346138888392,152.40199688114598));
#5018=CARTESIAN_POINT('',(5.355032635976857,34.189040273003776,152.40164311428418));
#5019=CARTESIAN_POINT('',(6.208634544081233,35.240077547710108,152.40132441164337));
#5020=CARTESIAN_POINT('',(-6.208642514185946,35.239710874107352,160.8666666666667));
#5021=CARTESIAN_POINT('',(-5.3548947980956,34.189059134251615,160.86666666666667));
#5022=CARTESIAN_POINT('',(-3.102396853240296,32.53157331788686,160.86666666666676));
#5023=CARTESIAN_POINT('',(0.362565237964048,32.091647070613433,160.86666666666673));
#5024=CARTESIAN_POINT('',(3.665925192295243,32.950284921645526,160.86666666666676));
#5025=CARTESIAN_POINT('',(5.354894798095597,34.189059134251615,160.86666666666667));
#5026=CARTESIAN_POINT('',(6.208642514185944,35.239710874107352,160.8666666666667));
#5027=CARTESIAN_POINT('',(-6.208642514185946,35.239710874107352,165.10000000000002));
#5028=CARTESIAN_POINT('',(-5.3548947980956,34.189059134251615,165.10000000000002));
#5029=CARTESIAN_POINT('',(-3.102396853240296,32.53157331788686,165.10000000000005));
#5030=CARTESIAN_POINT('',(0.362565237964048,32.091647070613433,165.10000000000008));
#5031=CARTESIAN_POINT('',(3.665925192295243,32.950284921645526,165.10000000000008));
#5032=CARTESIAN_POINT('',(5.354894798095597,34.189059134251615,165.10000000000002));
#5033=CARTESIAN_POINT('',(6.208642514185944,35.239710874107352,165.10000000000002));
#5034=B_SPLINE_SURFACE_WITH_KNOTS('',3,3,((#4873,#4880,#4887,#4894,#4901,#4908,#4915,#4922,#4929,#4936,#4943,#4950,#4957,#4964,#4971,#4978,#4985,#4992,#4999,#5006,#5013,#5020,#5027),(#4874,#4881,#4888,#4895,#4902,#4909,#4916,#4923,#4930,#4937,#4944,#4951,#4958,#4965,#4972,#4979,#4986,#4993,#5000,#5007,#5014,#5021,#5028),(#4875,#4882,#4889,#4896,#4903,#4910,#4917,#4924,#4931,#4938,#4945,#4952,#4959,#4966,#4973,#4980,#4987,#4994,#5001,#5008,#5015,#5022,#5029),(#4876,#4883,#4890,#4897,#4904,#4911,#4918,#4925,#4932,#4939,#4946,#4953,#4960,#4967,#4974,#4981,#4988,#4995,#5002,#5009,#5016,#5023,#5030),(#4877,#4884,#4891,#4898,#4905,#4912,#4919,#4926,#4933,#4940,#4947,#4954,#4961,#4968,#4975,#4982,#4989,#4996,#5003,#5010,#5017,#5024,#5031),(#4878,#4885,#4892,#4899,#4906,#4913,#4920,#4927,#4934,#4941,#4948,#4955,#4962,#4969,#4976,#4983,#4990,#4997,#5004,#5011,#5018,#5025,#5032),(#4879,#4886,#4893,#4900,#4907,#4914,#4921,#4928,#4935,#4942,#4949,#4956,#4963,#4970,#4977,#4984,#4991,#4998,#5005,#5012,#5019,#5026,#5033)),.UNSPECIFIED.,.F.,.F.,.F.,(4,1,1,1,4),(4,2,1,1,2,1,1,1,2,1,1,1,1,1,2,1,4),(0.0,0.285714285714286,0.571428571428571,0.714285714285714,1.0),(0.0,0.459269405843585,0.478405631087068,0.49754185633055,0.535814306817516,0.594452054382689,0.623770928165275,0.653089801947862,0.770365297078208,0.789501522321691,0.808637747565173,0.827773972808656,0.837342085430397,0.842126141741268,0.846910198052139,0.923455099026069,1.0),.UNSPECIFIED.);
#5035=CARTESIAN_POINT('',(2.625001132625341,36.405485425327257,0.0));
#5036=VERTEX_POINT('',#5035);
#5037=CARTESIAN_POINT('',(-4.955044436928993,36.162100804959579,0.0));
#5038=VERTEX_POINT('',#5037);
#5039=CARTESIAN_POINT('',(2.625001132625341,36.405485425327257,0.0));
#5040=CARTESIAN_POINT('',(1.903288056659211,36.457524221670944,0.0));
#5041=CARTESIAN_POINT('',(0.818396783017861,36.503377491031998,0.0));
#5042=CARTESIAN_POINT('',(-0.990765160745442,36.499107007606014,0.0));
#5043=CARTESIAN_POINT('',(-2.798536278436098,36.414143554758461,0.0));
#5044=CARTESIAN_POINT('',(-4.238156289430545,36.260331066700225,0.0));
#5045=CARTESIAN_POINT('',(-4.955044436928993,36.162100804959586,0.0));
#5046=B_SPLINE_CURVE_WITH_KNOTS('',3,(#5039,#5040,#5041,#5042,#5043,#5044,#5045),.UNSPECIFIED.,.F.,.U.,(4,1,1,1,4),(-1.0,-0.714285714285714,-0.571428571428571,-0.285714285714286,0.0),.UNSPECIFIED.);
#5047=EDGE_CURVE('',#5036,#5038,#5046,.T.);
#5048=ORIENTED_EDGE('',*,*,#5047,.F.);
#5049=CARTESIAN_POINT('',(2.62500699186385,36.405566685643493,88.883853747727102));
#5050=VERTEX_POINT('',#5049);
#5051=CARTESIAN_POINT('',(2.625001132625341,36.405485425327257,0.0));
#5052=CARTESIAN_POINT('',(2.625001132625341,36.405485425327257,25.399999999999984));
#5053=CARTESIAN_POINT('',(2.624968560475095,36.405167400086263,50.799299345298138));
#5054=CARTESIAN_POINT('',(2.624947602594991,36.404892018362666,77.258556037209289));
#5055=CARTESIAN_POINT('',(2.611215238595477,36.41118137748699,79.382831748813743));
#5056=CARTESIAN_POINT('',(2.570117573840713,36.430328818214264,83.621777622931461));
#5057=CARTESIAN_POINT('',(2.570101332440205,36.430139920097211,86.787710827040897));
#5058=CARTESIAN_POINT('',(2.624916912476518,36.40487872051547,88.882103714034344));
#5059=B_SPLINE_CURVE_WITH_KNOTS('',3,(#5051,#5052,#5053,#5054,#5055,#5056,#5057,#5058),.UNSPECIFIED.,.F.,.U.,(4,2,1,1,4),(0.0,0.459269405843585,0.478405631087068,0.49754185633055,0.535814306817516),.UNSPECIFIED.);
#5060=EDGE_CURVE('',#5036,#5050,#5059,.T.);
#5061=ORIENTED_EDGE('',*,*,#5060,.T.);
#5062=CARTESIAN_POINT('',(6.208441227998187,35.239874436986049,126.97119213706131));
#5063=VERTEX_POINT('',#5062);
#5064=CARTESIAN_POINT('',(2.624962550175851,36.404857689114024,88.883846687316961));
#5065=CARTESIAN_POINT('',(2.709002942924824,36.366129511719606,92.092095136840143));
#5066=CARTESIAN_POINT('',(3.132830199913878,36.174870994905383,96.827337546073295));
#5067=CARTESIAN_POINT('',(3.974047646611307,35.900877716038956,103.09517231188474));
#5068=CARTESIAN_POINT('',(5.287740427188655,35.552229898420919,112.49672766041056));
#5069=CARTESIAN_POINT('',(6.092521517021078,35.287449946795178,120.43096461026538));
#5070=CARTESIAN_POINT('',(6.208380017981725,35.241491326589788,126.97121675154327));
#5071=B_SPLINE_CURVE_WITH_KNOTS('',3,(#5064,#5065,#5066,#5067,#5068,#5069,#5070),.UNSPECIFIED.,.F.,.U.,(4,1,1,1,4),(0.535824923745126,0.594452054382689,0.623770928165275,0.653089801947862,0.770354603680759),.UNSPECIFIED.);
#5072=EDGE_CURVE('',#5050,#5063,#5071,.T.);
#5073=ORIENTED_EDGE('',*,*,#5072,.T.);
#5074=CARTESIAN_POINT('',(6.208642514185944,35.239710874107352,165.09999999999997));
#5075=VERTEX_POINT('',#5074);
#5076=CARTESIAN_POINT('',(6.208380017981725,35.241491326589788,126.97121675154327));
#5077=CARTESIAN_POINT('',(6.208390583138365,35.241487135615309,126.97181315826148));
#5078=CARTESIAN_POINT('',(6.20840114390472,35.241482946020056,126.97240956658445));
#5079=CARTESIAN_POINT('',(6.227302720298569,35.233983792537707,128.0403033223815));
#5080=CARTESIAN_POINT('',(6.24605558628974,35.226958275881728,130.16420112985591));
#5081=CARTESIAN_POINT('',(6.239027062649601,35.229445616983789,133.35552363141812));
#5082=CARTESIAN_POINT('',(6.221485188727368,35.235949503559169,136.00754162506843));
#5083=CARTESIAN_POINT('',(6.212274014837397,35.239347217588247,137.85893888807146));
#5084=CARTESIAN_POINT('',(6.209205456240992,35.240475362573839,138.91476837545818));
#5085=CARTESIAN_POINT('',(6.208621140498377,35.240693765437932,139.44191623967811));
#5086=CARTESIAN_POINT('',(6.208625298177139,35.240505042076443,143.92158856216517));
#5087=CARTESIAN_POINT('',(6.208634544081233,35.240077547710108,152.40132441164337));
#5088=CARTESIAN_POINT('',(6.208642514185944,35.239710874107352,160.8666666666667));
#5089=CARTESIAN_POINT('',(6.208642514185944,35.239710874107352,165.10000000000002));
#5090=B_SPLINE_CURVE_WITH_KNOTS('',3,(#5076,#5077,#5078,#5079,#5080,#5081,#5082,#5083,#5084,#5085,#5086,#5087,#5088,#5089),.UNSPECIFIED.,.F.,.U.,(4,2,1,1,1,1,1,2,1,4),(0.770354603680759,0.770365297078208,0.789501522321691,0.808637747565173,0.827773972808656,0.837342085430397,0.842126141741268,0.846910198052139,0.923455099026069,1.0),.UNSPECIFIED.);
#5091=EDGE_CURVE('',#5063,#5075,#5090,.T.);
#5092=ORIENTED_EDGE('',*,*,#5091,.T.);
#5093=CARTESIAN_POINT('',(-6.208642514185946,35.239710874107352,165.09999999999997));
#5094=VERTEX_POINT('',#5093);
#5095=CARTESIAN_POINT('',(-6.208642514185946,35.239710874107352,165.10000000000002));
#5096=CARTESIAN_POINT('',(-5.3548947980956,34.189059134251615,165.10000000000002));
#5097=CARTESIAN_POINT('',(-3.102396853240296,32.53157331788686,165.10000000000005));
#5098=CARTESIAN_POINT('',(0.362565237964048,32.091647070613433,165.10000000000008));
#5099=CARTESIAN_POINT('',(3.665925192295243,32.950284921645526,165.10000000000008));
#5100=CARTESIAN_POINT('',(5.354894798095597,34.189059134251615,165.10000000000002));
#5101=CARTESIAN_POINT('',(6.208642514185944,35.239710874107352,165.10000000000002));
#5102=B_SPLINE_CURVE_WITH_KNOTS('',3,(#5095,#5096,#5097,#5098,#5099,#5100,#5101),.UNSPECIFIED.,.F.,.U.,(4,1,1,1,4),(0.0,0.285714285714286,0.571428571428571,0.714285714285714,1.0),.UNSPECIFIED.);
#5103=EDGE_CURVE('',#5094,#5075,#5102,.T.);
#5104=ORIENTED_EDGE('',*,*,#5103,.F.);
#5105=CARTESIAN_POINT('',(-6.20862703412103,35.239723453032951,126.99201073750282));
#5106=VERTEX_POINT('',#5105);
#5107=CARTESIAN_POINT('',(-6.208737723891558,35.241632985501788,126.99202574218214));
#5108=CARTESIAN_POINT('',(-6.208738612134352,35.241631072750636,126.99239233255078));
#5109=CARTESIAN_POINT('',(-6.208739500148038,35.241629160323953,126.99275892339791));
#5110=CARTESIAN_POINT('',(-6.2112997043336,35.236115016385682,128.04993951025205));
#5111=CARTESIAN_POINT('',(-6.213900571625483,35.231028585525166,130.16462845015673));
#5112=CARTESIAN_POINT('',(-6.21291795154862,35.232758851028827,133.34553047940187));
#5113=CARTESIAN_POINT('',(-6.210496436492209,35.237452124512856,135.99676290004481));
#5114=CARTESIAN_POINT('',(-6.209195128495391,35.239922437844363,137.85059815169942));
#5115=CARTESIAN_POINT('',(-6.208762208906426,35.240741556453457,138.90888155802909));
#5116=CARTESIAN_POINT('',(-6.208679317311598,35.240902637703904,139.43761267859253));
#5117=CARTESIAN_POINT('',(-6.208672459129384,35.240673672435292,143.93039470300079));
#5118=CARTESIAN_POINT('',(-6.208656257302719,35.240155459933746,152.40051413094784));
#5119=CARTESIAN_POINT('',(-6.208642514185946,35.239710874107352,160.8666666666667));
#5120=CARTESIAN_POINT('',(-6.208642514185946,35.239710874107352,165.10000000000002));
#5121=B_SPLINE_CURVE_WITH_KNOTS('',3,(#5107,#5108,#5109,#5110,#5111,#5112,#5113,#5114,#5115,#5116,#5117,#5118,#5119,#5120),.UNSPECIFIED.,.F.,.U.,(4,2,1,1,1,1,1,2,1,4),(0.770358659037635,0.770365297078208,0.789501522321691,0.808637747565173,0.827773972808656,0.837342085430397,0.842126141741268,0.846910198052139,0.923455099026069,1.0),.UNSPECIFIED.);
#5122=EDGE_CURVE('',#5106,#5094,#5121,.T.);
#5123=ORIENTED_EDGE('',*,*,#5122,.F.);
#5124=CARTESIAN_POINT('',(-4.955054472195755,36.162174042714135,88.884619973311558));
#5125=VERTEX_POINT('',#5124);
#5126=CARTESIAN_POINT('',(-4.954970029149896,36.161307885829714,88.884612061429294));
#5127=CARTESIAN_POINT('',(-4.990475566902851,36.125061268276831,92.093961659929491));
#5128=CARTESIAN_POINT('',(-5.175210016239126,35.944576462550671,96.8415944404545));
#5129=CARTESIAN_POINT('',(-5.549471958465311,35.705906486664936,103.14844023932898));
#5130=CARTESIAN_POINT('',(-6.084050251629131,35.444243255717126,112.60703417823485));
#5131=CARTESIAN_POINT('',(-6.193045861790311,35.275424002370237,120.51577223320351));
#5132=CARTESIAN_POINT('',(-6.208737723891558,35.241632985501788,126.99202574218214));
#5133=B_SPLINE_CURVE_WITH_KNOTS('',3,(#5126,#5127,#5128,#5129,#5130,#5131,#5132),.UNSPECIFIED.,.F.,.U.,(4,1,1,1,4),(0.535827436656453,0.594452054382689,0.623770928165275,0.653089801947862,0.770358659037635),.UNSPECIFIED.);
#5134=EDGE_CURVE('',#5125,#5106,#5133,.T.);
#5135=ORIENTED_EDGE('',*,*,#5134,.F.);
#5136=CARTESIAN_POINT('',(-4.955044436928993,36.162100804959586,0.0));
#5137=CARTESIAN_POINT('',(-4.955044436928993,36.162100804959586,25.399999999999984));
#5138=CARTESIAN_POINT('',(-4.954996507217023,36.161720178652317,50.79910065203034));
#5139=CARTESIAN_POINT('',(-4.95497003386488,36.161381945348175,77.258110205428125));
#5140=CARTESIAN_POINT('',(-4.949143864130957,36.167256269593111,79.382152079957052));
#5141=CARTESIAN_POINT('',(-4.931831403826929,36.185173691292157,83.621380579654613));
#5142=CARTESIAN_POINT('',(-4.931792408470176,36.184970854760323,86.787253368114165));
#5143=CARTESIAN_POINT('',(-4.954946186388282,36.161332227055617,88.882455712655641));
#5144=B_SPLINE_CURVE_WITH_KNOTS('',3,(#5136,#5137,#5138,#5139,#5140,#5141,#5142,#5143),.UNSPECIFIED.,.F.,.U.,(4,2,1,1,4),(0.0,0.459269405843585,0.478405631087068,0.49754185633055,0.535814306817516),.UNSPECIFIED.);
#5145=EDGE_CURVE('',#5038,#5125,#5144,.T.);
#5146=ORIENTED_EDGE('',*,*,#5145,.F.);
#5147=EDGE_LOOP('',(#5048,#5061,#5073,#5092,#5104,#5123,#5135,#5146));
#5148=FACE_OUTER_BOUND('',#5147,.T.);
#5149=ADVANCED_FACE('',(#5148),#5034,.T.);
#5150=CARTESIAN_POINT('',(2.625001132625333,36.405485425327257,0.0));
#5151=CARTESIAN_POINT('',(2.805429401616866,36.392475726241337,0.0));
#5152=CARTESIAN_POINT('',(3.595267921356371,36.335882402138424,0.0));
#5153=CARTESIAN_POINT('',(5.872965016987829,36.059865616739451,0.0));
#5154=CARTESIAN_POINT('',(9.027999754646416,35.426942054409508,0.0));
#5155=CARTESIAN_POINT('',(12.811910635478949,34.266399926180299,0.0));
#5156=CARTESIAN_POINT('',(16.940900267642199,32.444456011035932,0.0));
#5157=CARTESIAN_POINT('',(21.581980855020362,29.631266736055832,0.0));
#5158=CARTESIAN_POINT('',(25.470225652922661,26.315770147141073,0.0));
#5159=CARTESIAN_POINT('',(28.433557311668377,22.964940653989441,0.0));
#5160=CARTESIAN_POINT('',(31.019866069346563,19.449394554401081,0.0));
#5161=CARTESIAN_POINT('',(33.219317632666517,15.394660233354735,0.0));
#5162=CARTESIAN_POINT('',(34.774388813691857,11.282146400141379,0.0));
#5163=CARTESIAN_POINT('',(35.609038396951817,8.174192844688461,0.0));
#5164=CARTESIAN_POINT('',(36.030282747594839,5.918866645903065,0.0));
#5165=CARTESIAN_POINT('',(36.137543239524426,5.134266473803608,0.0));
#5166=CARTESIAN_POINT('',(36.162100804959586,4.955044436928996,0.0));
#5167=CARTESIAN_POINT('',(2.625001132625333,36.405485425327257,12.699999999999992));
#5168=CARTESIAN_POINT('',(2.805429401616866,36.392475726241337,12.699999999999989));
#5169=CARTESIAN_POINT('',(3.595267921356371,36.335882402138424,12.699999999999998));
#5170=CARTESIAN_POINT('',(5.872965016987829,36.059865616739451,12.699999999999987));
#5171=CARTESIAN_POINT('',(9.027999754646416,35.426942054409508,12.699999999999996));
#5172=CARTESIAN_POINT('',(12.811910635478949,34.266399926180299,12.700000000000003));
#5173=CARTESIAN_POINT('',(16.940900267642199,32.444456011035932,12.699999999999982));
#5174=CARTESIAN_POINT('',(21.581980855020362,29.631266736055832,12.699999999999998));
#5175=CARTESIAN_POINT('',(25.470225652922661,26.315770147141073,12.699999999999987));
#5176=CARTESIAN_POINT('',(28.433557311668377,22.964940653989441,12.699999999999992));
#5177=CARTESIAN_POINT('',(31.019866069346563,19.449394554401081,12.700000000000003));
#5178=CARTESIAN_POINT('',(33.219317632666517,15.394660233354735,12.699999999999971));
#5179=CARTESIAN_POINT('',(34.774388813691857,11.282146400141379,12.700000000000015));
#5180=CARTESIAN_POINT('',(35.609038396951817,8.174192844688461,12.699999999999962));
#5181=CARTESIAN_POINT('',(36.030282747594839,5.918866645903065,12.700000000000022));
#5182=CARTESIAN_POINT('',(36.137543239524426,5.134266473803608,12.699999999999976));
#5183=CARTESIAN_POINT('',(36.162100804959586,4.955044436928996,12.699999999999992));
#5184=CARTESIAN_POINT('',(2.625004892333718,36.405419538289721,38.100133588369864));
#5185=CARTESIAN_POINT('',(2.805458336895912,36.392409445008113,38.100114694406976));
#5186=CARTESIAN_POINT('',(3.595256446923955,36.335819540321545,38.100032655489549));
#5187=CARTESIAN_POINT('',(5.872977232973521,36.059838054703562,38.099801745667293));
#5188=CARTESIAN_POINT('',(9.027983426006019,35.426918973850292,38.099494508548631));
#5189=CARTESIAN_POINT('',(12.811902466405897,34.266392488158345,38.099167927549146));
#5190=CARTESIAN_POINT('',(16.940882576356014,32.444424107642334,38.098892939788925));
#5191=CARTESIAN_POINT('',(21.581968375768884,29.631243243332911,38.098692557288601));
#5192=CARTESIAN_POINT('',(25.470225242177982,26.315735015594814,38.098654024746153));
#5193=CARTESIAN_POINT('',(28.433509586190539,22.964929602626597,38.098727433229655));
#5194=CARTESIAN_POINT('',(31.019864864862946,19.449398655082607,38.098872093412488));
#5195=CARTESIAN_POINT('',(33.219305052223696,15.394657280552092,38.09913600172127));
#5196=CARTESIAN_POINT('',(34.774358957973355,11.282150240214449,38.099492848765728));
#5197=CARTESIAN_POINT('',(35.608989665332793,8.174180943748228,38.099794583285302));
#5198=CARTESIAN_POINT('',(36.030201277235662,5.918866065784261,38.100021455056392));
#5199=CARTESIAN_POINT('',(36.137465969948209,5.134271491874861,38.100102570743182));
#5200=CARTESIAN_POINT('',(36.162017484565119,4.95503892387882,38.100120630054981));
#5201=CARTESIAN_POINT('',(2.624980716428546,36.405808698732997,63.49975710778758));
#5202=CARTESIAN_POINT('',(2.805283506550278,36.392801076508725,63.499789826062774));
#5203=CARTESIAN_POINT('',(3.595323704470532,36.336191217397328,63.499928798867309));
#5204=CARTESIAN_POINT('',(5.872903312397744,36.059999016560752,63.500340611691051));
#5205=CARTESIAN_POINT('',(9.028080992558593,35.427052348554767,63.500938737503674));
#5206=CARTESIAN_POINT('',(12.811950852771547,34.266429828888114,63.501599620785299));
#5207=CARTESIAN_POINT('',(16.940985861066082,32.444605184457146,63.50213478328876));
#5208=CARTESIAN_POINT('',(21.582036545165565,29.631372639160279,63.502504099197722));
#5209=CARTESIAN_POINT('',(25.470217788555786,26.315935780811976,63.502560816883438));
#5210=CARTESIAN_POINT('',(28.433784266572783,22.964988994219212,63.502429576599795));
#5211=CARTESIAN_POINT('',(31.019861369992515,19.449370279240171,63.502153361819254));
#5212=CARTESIAN_POINT('',(33.219372200666484,15.394673554729867,63.501648453357234));
#5213=CARTESIAN_POINT('',(34.77453226804586,11.282126224362351,63.500938411644576));
#5214=CARTESIAN_POINT('',(35.609276897827414,8.174250496076352,63.500360981076383));
#5215=CARTESIAN_POINT('',(36.030684060572121,5.918867090621004,63.499963273745294));
#5216=CARTESIAN_POINT('',(36.137923146793717,5.134238750890157,63.499826424889577));
#5217=CARTESIAN_POINT('',(36.162510783500956,4.955069160499138,63.49979733432108));
#5218=CARTESIAN_POINT('',(2.624967044969162,36.405969769490326,76.72953580771825));
#5219=CARTESIAN_POINT('',(2.805203840778566,36.392963435704964,76.729478243790908));
#5220=CARTESIAN_POINT('',(3.59535058159194,36.336345768548156,76.729218169712766));
#5221=CARTESIAN_POINT('',(5.872869428231616,36.060062226403474,76.728553801927958));
#5222=CARTESIAN_POINT('',(9.028123462521837,35.427102060544875,76.727834198834444));
#5223=CARTESIAN_POINT('',(12.811971132489761,34.266433015207959,76.727151490960495));
#5224=CARTESIAN_POINT('',(16.941026360579748,32.444666432465795,76.726506829970617));
#5225=CARTESIAN_POINT('',(21.582054450641799,29.631408767769578,76.72596942101093));
#5226=CARTESIAN_POINT('',(25.470196315356532,26.316006334240992,76.725819246283137));
#5227=CARTESIAN_POINT('',(28.433884537013764,22.965002626349996,76.726029404058934));
#5228=CARTESIAN_POINT('',(31.019840177627636,19.449350800867141,76.726385935490441));
#5229=CARTESIAN_POINT('',(33.21938667094399,15.394678119407565,76.727033089753121));
#5230=CARTESIAN_POINT('',(34.774598356435,11.282113800507936,76.727818661428287));
#5231=CARTESIAN_POINT('',(35.609394664935081,8.174277905375719,76.728558071362983));
#5232=CARTESIAN_POINT('',(36.030886822501124,5.918863044858099,76.72923343194509));
#5233=CARTESIAN_POINT('',(36.138113831359092,5.134219426421494,76.729492413350599));
#5234=CARTESIAN_POINT('',(36.162717131693313,4.955077345855305,76.729554581820352));
#5235=CARTESIAN_POINT('',(2.62153822426618,36.407556319402623,77.791470730497423));
#5236=CARTESIAN_POINT('',(2.801797317831445,36.394369271037363,77.790983944779143));
#5237=CARTESIAN_POINT('',(3.592046683509392,36.336958508211609,77.788838739594141));
#5238=CARTESIAN_POINT('',(5.869605282687338,36.058516753880959,77.783012740135462));
#5239=CARTESIAN_POINT('',(9.024430412302746,35.422909541781024,77.775769932107423));
#5240=CARTESIAN_POINT('',(12.807165511341019,34.259708021240456,77.76831137853199));
#5241=CARTESIAN_POINT('',(16.934517072010792,32.436152310469794,77.761790493591946));
#5242=CARTESIAN_POINT('',(21.573446500569716,29.622205957913806,77.75680967457356));
#5243=CARTESIAN_POINT('',(25.460224083255717,26.307696532806023,77.755707093541204));
#5244=CARTESIAN_POINT('',(28.42372564444608,22.95821696063042,77.757585273658677));
#5245=CARTESIAN_POINT('',(31.010229995244675,19.444320176763931,77.761092186471785));
#5246=CARTESIAN_POINT('',(33.211673728960008,15.391580743061695,77.767453943339675));
#5247=CARTESIAN_POINT('',(34.76994275959499,11.280325287203492,77.775732017253517));
#5248=CARTESIAN_POINT('',(35.607562080343925,8.172964619940855,77.78294918272023));
#5249=CARTESIAN_POINT('',(36.031342149539462,5.917530269117545,77.788743569922687));
#5250=CARTESIAN_POINT('',(36.13940588002697,5.132791160781764,77.790870187383334));
#5251=CARTESIAN_POINT('',(36.164200197571624,4.953627820342267,77.79135770384778));
#5252=CARTESIAN_POINT('',(2.606097275731045,36.41467706963396,79.913116143763745));
#5253=CARTESIAN_POINT('',(2.786448517772918,36.400679773082707,79.912346380642987));
#5254=CARTESIAN_POINT('',(3.577174975008694,36.339713177783629,79.908957988998296));
#5255=CARTESIAN_POINT('',(5.854907632264357,36.051538989275954,79.899728395805539));
#5256=CARTESIAN_POINT('',(9.007797687731182,35.403925195429792,79.888190966065736));
#5257=CARTESIAN_POINT('',(12.785452054367738,34.229135569799276,79.876286279681409));
#5258=CARTESIAN_POINT('',(16.904990114037282,32.397326745602484,79.865925820575569));
#5259=CARTESIAN_POINT('',(21.534252088092952,29.580130835243214,79.858056217860678));
#5260=CARTESIAN_POINT('',(25.41473751613832,26.269692438252051,79.856338279888675));
#5261=CARTESIAN_POINT('',(28.377412010099093,22.927209749723811,79.85930287903345));
#5262=CARTESIAN_POINT('',(30.966449058388925,19.42138039925814,79.864861684669762));
#5263=CARTESIAN_POINT('',(33.176636837617465,15.377522039954627,79.874957762598839));
#5264=CARTESIAN_POINT('',(34.74887201585598,11.272243775807947,79.888155659606866));
#5265=CARTESIAN_POINT('',(35.599295154297799,8.167048351588628,79.899638456561405));
#5266=CARTESIAN_POINT('',(36.033392766374376,5.911518840717012,79.908808785994779));
#5267=CARTESIAN_POINT('',(36.145207282379673,5.12634595909121,79.912166783056122));
#5268=CARTESIAN_POINT('',(36.170860630655071,4.947089809678206,79.912934887854746));
#5269=CARTESIAN_POINT('',(2.570148018108606,36.431476213814506,83.623437836294684));
#5270=CARTESIAN_POINT('',(2.750720498976903,36.415589668053052,83.62279453796576));
#5271=CARTESIAN_POINT('',(3.542538600146222,36.346337237984841,83.619961505344065));
#5272=CARTESIAN_POINT('',(5.820654140315611,36.035405672046352,83.612252566632208));
#5273=CARTESIAN_POINT('',(8.968938891183809,35.359554620339686,83.602625165195917));
#5274=CARTESIAN_POINT('',(12.734556042667,34.157337577220332,83.592666092894547));
#5275=CARTESIAN_POINT('',(16.835555329891044,32.305822238177001,83.583944557272147));
#5276=CARTESIAN_POINT('',(21.441863199377838,29.480705251083542,83.577282046897423));
#5277=CARTESIAN_POINT('',(25.307448680737114,26.17979922308453,83.57584009743556));
#5278=CARTESIAN_POINT('',(28.268233524814242,22.853902314599832,83.578395697064579));
#5279=CARTESIAN_POINT('',(30.863403504997574,19.367225789347934,83.583141448638756));
#5280=CARTESIAN_POINT('',(33.094418745089314,15.344455212836952,83.591693325827038));
#5281=CARTESIAN_POINT('',(34.699653665067586,11.253362175729158,83.602758822977307));
#5282=CARTESIAN_POINT('',(35.580160980967996,8.153316554953937,83.612351553187636));
#5283=CARTESIAN_POINT('',(36.038378925280391,5.897606492411863,83.620012090029206));
#5284=CARTESIAN_POINT('',(36.158936875825674,5.111433428943808,83.622818653701927));
#5285=CARTESIAN_POINT('',(36.186591064198439,4.931959197843279,83.623461079479569));
#5286=CARTESIAN_POINT('',(2.57009984988361,36.431442734485849,86.788640403612121));
#5287=CARTESIAN_POINT('',(2.750618957856735,36.41556767648985,86.789497113675992));
#5288=CARTESIAN_POINT('',(3.542531769087193,36.346360429718125,86.793247888309139));
#5289=CARTESIAN_POINT('',(5.820607845840025,36.03532496747691,86.803583502050031));
#5290=CARTESIAN_POINT('',(8.968899569932368,35.359130583647904,86.816828851543519));
#5291=CARTESIAN_POINT('',(12.734236713256292,34.15620896715987,86.830739790906946));
#5292=CARTESIAN_POINT('',(16.834711001748389,32.303992738895566,86.842813854234691));
#5293=CARTESIAN_POINT('',(21.440210743273109,29.478332054797608,86.851930542167707));
#5294=CARTESIAN_POINT('',(25.305239700654177,26.177626301201347,86.853808292806548));
#5295=CARTESIAN_POINT('',(28.266116597421505,22.852201784876911,86.850325701398461));
#5296=CARTESIAN_POINT('',(30.861468185691876,19.366120759625154,86.843756868872163));
#5297=CARTESIAN_POINT('',(33.093232971548744,15.344013545428584,86.831960931532777));
#5298=CARTESIAN_POINT('',(34.699229089539266,11.253232774163454,86.816588585608812));
#5299=CARTESIAN_POINT('',(35.580109616210784,8.153298714026491,86.80345846998577));
#5300=CARTESIAN_POINT('',(36.038431824386009,5.897549089504813,86.793233015074691));
#5301=CARTESIAN_POINT('',(36.158931378815758,5.11135428583396,86.789520783539729));
#5302=CARTESIAN_POINT('',(36.186588758892839,4.931900191922737,86.788679415065246));
#5303=CARTESIAN_POINT('',(2.645998193176733,36.396793314707899,89.68530389994676));
#5304=CARTESIAN_POINT('',(2.826001400329891,36.384855185734409,89.688388628635906));
#5305=CARTESIAN_POINT('',(3.615655833849989,36.332872978694994,89.701925290046404));
#5306=CARTESIAN_POINT('',(5.892843273115758,36.069897182642329,89.739071554117302));
#5307=CARTESIAN_POINT('',(9.05117548218216,35.454775635593549,89.786124423140876));
#5308=CARTESIAN_POINT('',(12.843109401948084,34.312742798406575,89.834854271774987));
#5309=CARTESIAN_POINT('',(16.985198393838004,32.505596454283712,89.876722085834615));
#5310=CARTESIAN_POINT('',(21.642725243101481,29.699077062587019,89.908054760104676));
#5311=CARTESIAN_POINT('',(25.541541993537145,26.377530721607883,89.914716149578084));
#5312=CARTESIAN_POINT('',(28.506492109739764,23.014706421336825,89.903068619900495));
#5313=CARTESIAN_POINT('',(31.087495971428321,19.485342596329705,89.880887330350589));
#5314=CARTESIAN_POINT('',(33.272022067908914,15.415801942885292,89.840339865991936));
#5315=CARTESIAN_POINT('',(34.805148110127362,11.293566027968687,89.786527158367164));
#5316=CARTESIAN_POINT('',(35.621100351986072,8.182412401430518,89.739855763324087));
#5317=CARTESIAN_POINT('',(36.028463454791549,5.927071896718397,89.703036350181264));
#5318=CARTESIAN_POINT('',(36.130745163147765,5.143012392547704,89.689627471517611));
#5319=CARTESIAN_POINT('',(36.154238832533537,4.964048410281243,89.686576884932236));
#5320=CARTESIAN_POINT('',(2.712420175489934,36.366327258387287,91.279851647621626));
#5321=CARTESIAN_POINT('',(2.891984164031247,36.357808810696852,91.284850422585237));
#5322=CARTESIAN_POINT('',(3.679601860119577,36.320777672385731,91.306797261302805));
#5323=CARTESIAN_POINT('',(5.955950201753979,36.099954195483271,91.366953206517323));
#5324=CARTESIAN_POINT('',(9.123120388705601,35.53902600872177,91.442818576131501));
#5325=CARTESIAN_POINT('',(12.938843152027463,34.451660250862204,91.520833077477306));
#5326=CARTESIAN_POINT('',(17.118362223818441,32.685411634653164,91.58737732069514));
#5327=CARTESIAN_POINT('',(21.822900700437881,29.896691856792582,91.636827059831703));
#5328=CARTESIAN_POINT('',(25.752292955806595,26.5566049061078,91.647405251881111));
#5329=CARTESIAN_POINT('',(28.720785421821475,23.160106460672523,91.62924792984083));
#5330=CARTESIAN_POINT('',(31.288714937234371,19.591720887885057,91.594452606382958));
#5331=CARTESIAN_POINT('',(33.430484312708529,15.479461806046261,91.53027699786017));
#5332=CARTESIAN_POINT('',(34.89834146564408,11.329061968478438,91.444157148809069));
#5333=CARTESIAN_POINT('',(35.656698464566993,8.207929105410889,91.36890657573224));
#5334=CARTESIAN_POINT('',(36.019325965523976,5.953003028431612,91.30924431490547));
#5335=CARTESIAN_POINT('',(36.105768209160267,5.170838663545729,91.287493149073669));
#5336=CARTESIAN_POINT('',(36.125633641535117,4.992301897755358,91.282541018423871));
#5337=CARTESIAN_POINT('',(2.930338471793378,36.272625415802821,94.454759413353372));
#5338=CARTESIAN_POINT('',(3.108458704151516,36.275241879742744,94.462718599261351));
#5339=CARTESIAN_POINT('',(3.889447255995558,36.286914779241513,94.497679417977807));
#5340=CARTESIAN_POINT('',(6.16280541613266,36.202623568346759,94.593669997269032));
#5341=CARTESIAN_POINT('',(9.357808296072946,35.8162515840569,94.714220303669094));
#5342=CARTESIAN_POINT('',(13.249213991382042,34.904090308485991,94.836180431104253));
#5343=CARTESIAN_POINT('',(17.548579902228841,33.267685701498245,94.93759248230117));
#5344=CARTESIAN_POINT('',(22.404081591901569,30.533445251243418,95.011028930420139));
#5345=CARTESIAN_POINT('',(26.432559860376465,27.132103694335189,95.026982549874702));
#5346=CARTESIAN_POINT('',(29.414103607351127,23.627066984247111,95.001218606578149));
#5347=CARTESIAN_POINT('',(31.941902009554362,19.933410587487352,94.950654361142824));
#5348=CARTESIAN_POINT('',(33.947793992833859,15.684510276799248,94.854576032683653));
#5349=CARTESIAN_POINT('',(35.205857255286922,11.444616311870572,94.720638526314957));
#5350=CARTESIAN_POINT('',(35.778335287632473,8.292269126604625,94.601398799769242));
#5351=CARTESIAN_POINT('',(35.995912417767684,6.039199977818932,94.506212231547124));
#5352=CARTESIAN_POINT('',(36.030768507635898,5.263316299884126,94.471558787594603));
#5353=CARTESIAN_POINT('',(36.038818250195014,5.086199297052506,94.463660014964631));
#5354=CARTESIAN_POINT('',(3.509746998235467,36.037887128688403,99.967851648860275));
#5355=CARTESIAN_POINT('',(3.683872181852561,36.069644387230177,99.980230152282431));
#5356=CARTESIAN_POINT('',(4.446412982220732,36.208819038759479,100.03461357480069));
#5357=CARTESIAN_POINT('',(6.708313062533638,36.481581969800857,100.1841569878053));
#5358=CARTESIAN_POINT('',(9.971206024032275,36.550217707098113,100.3691636479063));
#5359=CARTESIAN_POINT('',(14.055383761155383,36.090522843222885,100.54969060444461));
#5360=CARTESIAN_POINT('',(18.662701501858585,34.784275137782359,100.6933499796218));
#5361=CARTESIAN_POINT('',(23.908464227335408,32.182937645047247,100.79352890758571));
#5362=CARTESIAN_POINT('',(28.196916866945557,28.618052410170989,100.81626684597516));
#5363=CARTESIAN_POINT('',(31.217734744667759,24.831002496171703,100.78474330511396));
#5364=CARTESIAN_POINT('',(33.647895033015772,20.813994391056603,100.71960643112172));
#5365=CARTESIAN_POINT('',(35.307978850693679,16.214854783953768,100.58945670183326));
#5366=CARTESIAN_POINT('',(36.02226338090847,11.747812489679481,100.39470432689363));
#5367=CARTESIAN_POINT('',(36.108205973227115,8.519117369875492,100.21340268016034));
#5368=CARTESIAN_POINT('',(35.944508356120693,6.274642498943537,100.06532804707609));
#5369=CARTESIAN_POINT('',(35.843577962098585,5.51628161113432,100.01123399962047));
#5370=CARTESIAN_POINT('',(35.820526650694241,5.343109424811434,99.998899961983625));
#5371=CARTESIAN_POINT('',(4.667151427065312,35.713599689457432,107.782575886225));
#5372=CARTESIAN_POINT('',(4.83344605553549,35.803393084258211,107.79601954754094));
#5373=CARTESIAN_POINT('',(5.561250148944966,36.196739621491851,107.85484672836064));
#5374=CARTESIAN_POINT('',(7.803139454234511,37.169716538533891,108.02488504324602));
#5375=CARTESIAN_POINT('',(11.19941590360652,38.119951279445353,108.24686227815678));
#5376=CARTESIAN_POINT('',(15.663073082862466,38.535261355614288,108.4680302504605));
#5377=CARTESIAN_POINT('',(20.888528635289148,37.864190283248881,108.64025507260652));
#5378=CARTESIAN_POINT('',(26.927911644386739,35.501740999531769,108.75656823241502));
#5379=CARTESIAN_POINT('',(31.754445105981421,31.588147950185871,108.784232381416));
#5380=CARTESIAN_POINT('',(34.873603460089996,27.222489766577649,108.75254429442471));
#5381=CARTESIAN_POINT('',(37.129445833715017,22.548151611203565,108.68348323442105));
#5382=CARTESIAN_POINT('',(38.124181749661382,17.247105755466531,108.53945860955479));
#5383=CARTESIAN_POINT('',(37.783936995935065,12.337717747998534,108.31513822946071));
#5384=CARTESIAN_POINT('',(36.924450013358772,8.967007818805325,108.10721968419608));
#5385=CARTESIAN_POINT('',(36.012605469276217,6.744621726753929,107.94314740703547));
#5386=CARTESIAN_POINT('',(35.641642046683295,6.02245648184538,107.88539148584603));
#5387=CARTESIAN_POINT('',(35.556840824754588,5.857597886717314,107.87216994753221));
#5388=CARTESIAN_POINT('',(5.772669239846142,35.4097176535467,117.25604427475879));
#5389=CARTESIAN_POINT('',(5.933813848513204,35.571009151023731,117.264289509178));
#5390=CARTESIAN_POINT('',(6.636810870366283,36.278054951989446,117.30016228344078));
#5391=CARTESIAN_POINT('',(8.912370198440737,38.099008796102602,117.41291665098606));
#5392=CARTESIAN_POINT('',(12.545715513056548,40.075986111781134,117.58076088777031));
#5393=CARTESIAN_POINT('',(17.520392096013726,41.465642978638037,117.7781823692697));
#5394=CARTESIAN_POINT('',(23.494235614491554,41.483390839408372,117.95782523120491));
#5395=CARTESIAN_POINT('',(30.463937724373711,39.369494283513468,118.09247783035065));
#5396=CARTESIAN_POINT('',(35.91780867181722,35.041465881357382,118.12675811000031));
#5397=CARTESIAN_POINT('',(39.158553302250837,29.995722074852026,118.08989239579432));
#5398=CARTESIAN_POINT('',(41.226515144836604,24.547943044386024,118.01155770391709));
#5399=CARTESIAN_POINT('',(41.489329044751983,18.404929351129898,117.85781197572257));
#5400=CARTESIAN_POINT('',(39.974370002237755,12.902571983844348,117.65860851475573));
#5401=CARTESIAN_POINT('',(38.02516619832403,9.277949485542314,117.50337127865978));
#5402=CARTESIAN_POINT('',(36.221738108639158,7.014256876117332,117.39723749523178));
#5403=CARTESIAN_POINT('',(35.52248569186429,6.313354030700761,117.36340877719103));
#5404=CARTESIAN_POINT('',(35.362806235668714,6.153226574640314,117.35558626332093));
#5405=CARTESIAN_POINT('',(6.15005627252155,35.260584782769278,123.70032082729051));
#5406=CARTESIAN_POINT('',(6.309058085123958,35.451164266014018,123.70440891350364));
#5407=CARTESIAN_POINT('',(7.003266351277033,36.286617577926464,123.72210809597578));
#5408=CARTESIAN_POINT('',(9.296426858386509,38.455847847421801,123.77822477895562));
#5409=CARTESIAN_POINT('',(13.039251519949769,40.851036456497376,123.862713632707));
#5410=CARTESIAN_POINT('',(18.239543068150461,42.614210675547724,123.96674243713706));
#5411=CARTESIAN_POINT('',(24.514533285505664,42.86257977322056,124.07059134884021));
#5412=CARTESIAN_POINT('',(31.815472363105791,40.80462322515875,124.15876900008098));
#5413=CARTESIAN_POINT('',(37.474440034720473,36.32702536274271,124.18356840758698));
#5414=CARTESIAN_POINT('',(40.761511190919741,31.047258778853685,124.15767366343604));
#5415=CARTESIAN_POINT('',(42.776394874182976,25.325495772175231,124.10519741380526));
#5416=CARTESIAN_POINT('',(42.797509858130113,18.853843619968089,124.01176608789225));
#5417=CARTESIAN_POINT('',(40.836263832868831,13.088167379557534,123.90514937020359));
#5418=CARTESIAN_POINT('',(38.447436093056581,9.343516444523155,123.82625631368713));
#5419=CARTESIAN_POINT('',(36.278313449336366,7.05341970720341,123.77364060444307));
#5420=CARTESIAN_POINT('',(35.444249842901534,6.358743513135358,123.7569671545417));
#5421=CARTESIAN_POINT('',(35.25383301435064,6.199971304091781,123.7531358122101));
#5422=CARTESIAN_POINT('',(6.217808770275672,35.235768115200308,127.50418729240472));
#5423=CARTESIAN_POINT('',(6.376409212502648,35.431468403119617,127.50541405164633));
#5424=CARTESIAN_POINT('',(7.069061880247917,36.289392150460756,127.51073536783738));
#5425=CARTESIAN_POINT('',(9.365147019486971,38.519417372620715,127.52761779379657));
#5426=CARTESIAN_POINT('',(13.126902264369996,40.987680736019733,127.55309463236631));
#5427=CARTESIAN_POINT('',(18.366588410187202,42.816235972153422,127.58463651573001));
#5428=CARTESIAN_POINT('',(24.694620694077681,43.104100317159222,127.61646425310992));
#5429=CARTESIAN_POINT('',(32.052119447724458,41.053304185873678,127.64388269493922));
#5430=CARTESIAN_POINT('',(37.744471427321741,36.549755977760313,127.65167715670574));
#5431=CARTESIAN_POINT('',(41.039887533337847,31.230974882440989,127.64357530359204));
#5432=CARTESIAN_POINT('',(43.047030431554475,25.462644443995007,127.62721760287904));
#5433=CARTESIAN_POINT('',(43.027486814873981,18.933429525227229,127.59842923833043));
#5434=CARTESIAN_POINT('',(40.988226592979188,13.121596430652689,127.56605570346392));
#5435=CARTESIAN_POINT('',(38.522744857049041,9.356304165821111,127.54224571657188));
#5436=CARTESIAN_POINT('',(36.289848877798867,7.061773645992881,127.52642599953685));
#5437=CARTESIAN_POINT('',(35.432281544741954,6.368286340892949,127.52141073485676));
#5438=CARTESIAN_POINT('',(35.236495776403018,6.209768359444619,127.5202645804641));
#5439=CARTESIAN_POINT('',(6.23190699489138,35.230446379009273,128.56577772539364));
#5440=CARTESIAN_POINT('',(6.39044316653047,35.427220933609703,128.56659634569604));
#5441=CARTESIAN_POINT('',(7.082791931358313,36.289860917336505,128.57015323731838));
#5442=CARTESIAN_POINT('',(9.379556400105699,38.532690817005538,128.58142652972867));
#5443=CARTESIAN_POINT('',(13.145225003456385,41.016488680377428,128.59843304680427));
#5444=CARTESIAN_POINT('',(18.393118046291161,42.859393172216983,128.61952399095503));
#5445=CARTESIAN_POINT('',(24.73258545001233,43.156604139724593,128.64091705174266));
#5446=CARTESIAN_POINT('',(32.103168219429875,41.108342219519486,128.659450354227));
#5447=CARTESIAN_POINT('',(37.8038077847214,36.598904265837021,128.66473465922729));
#5448=CARTESIAN_POINT('',(41.101102734412677,31.270867143609848,128.65925507795464));
#5449=CARTESIAN_POINT('',(43.106139158877738,25.491730732645319,128.64819350801412));
#5450=CARTESIAN_POINT('',(43.076872534507146,18.949883204115004,128.62880719143885));
#5451=CARTESIAN_POINT('',(41.020415021847789,13.128432774490069,128.60714311134873));
#5452=CARTESIAN_POINT('',(38.538501227675034,9.358872973325296,128.59124165584282));
#5453=CARTESIAN_POINT('',(36.292093542125016,7.063436812536962,128.58067538723679));
#5454=CARTESIAN_POINT('',(35.429567005158603,6.37018384808822,128.57731912363272));
#5455=CARTESIAN_POINT('',(35.232647909385243,6.211713603888769,128.57655489095211));
#5456=CARTESIAN_POINT('',(6.244829143878806,35.225614513021348,130.69321531235266));
#5457=CARTESIAN_POINT('',(6.403300199225094,35.423374144506525,130.69323487351161));
#5458=CARTESIAN_POINT('',(7.095377245819323,36.290335121866931,130.69333972715984));
#5459=CARTESIAN_POINT('',(9.392756661023997,38.544887358599411,130.69361001656736));
#5460=CARTESIAN_POINT('',(13.162022481104994,41.04289947051052,130.69395315865623));
#5461=CARTESIAN_POINT('',(18.417442459678274,42.898900207766431,130.69437791337685));
#5462=CARTESIAN_POINT('',(24.767376492913659,43.204582590009544,130.69498166172122));
#5463=CARTESIAN_POINT('',(32.149838504797387,41.158521925086731,130.69566366447802));
#5464=CARTESIAN_POINT('',(37.857938166884281,36.643724679595586,130.69587430635676));
#5465=CARTESIAN_POINT('',(41.156958325912953,31.307309550687577,130.69568424473474));
#5466=CARTESIAN_POINT('',(43.160118161545142,25.51836465297135,130.69527375406122));
#5467=CARTESIAN_POINT('',(43.122062460061485,18.964978032040108,130.69467504357121));
#5468=CARTESIAN_POINT('',(41.049915667122505,13.134702252878633,130.69420139817285));
#5469=CARTESIAN_POINT('',(38.552980889884751,9.361230259162634,130.69386350169961));
#5470=CARTESIAN_POINT('',(36.294211272851157,7.064960324796705,130.69359608993128));
#5471=CARTESIAN_POINT('',(35.427143374936769,6.371921607119658,130.6934850136056));
#5472=CARTESIAN_POINT('',(35.229186955247314,6.213498000992731,130.69346756382032));
#5473=CARTESIAN_POINT('',(6.238965062626707,35.227898450718179,133.35066779008918));
#5474=CARTESIAN_POINT('',(6.397443839497994,35.425211903468949,133.35014499606564));
#5475=CARTESIAN_POINT('',(7.0896847716891,36.290196112982883,133.34790474457614));
#5476=CARTESIAN_POINT('',(9.38676569767555,38.539378426063166,133.3406935600355));
#5477=CARTESIAN_POINT('',(13.154406210526687,41.03091734346286,133.32968696519325));
#5478=CARTESIAN_POINT('',(18.406370115494731,42.88100531727477,133.31600094198123));
#5479=CARTESIAN_POINT('',(24.751573663775275,43.182964395519782,133.30235529952458));
#5480=CARTESIAN_POINT('',(32.128753320263066,41.135996310617685,133.29074200658229));
#5481=CARTESIAN_POINT('',(37.833576105588286,36.623595744018779,133.2874455575782));
#5482=CARTESIAN_POINT('',(41.131869564469582,31.290867104876749,133.29090635178144));
#5483=CARTESIAN_POINT('',(43.135799710690591,25.506267360099141,133.29783788521976));
#5484=CARTESIAN_POINT('',(43.10163208599549,18.958083113256695,133.31013812834044));
#5485=CARTESIAN_POINT('',(41.036555761845975,13.131848272129963,133.32413771212487));
#5486=CARTESIAN_POINT('',(38.546455977560527,9.360187655602642,133.33440163425618));
#5487=CARTESIAN_POINT('',(36.293341278471985,7.064298633046427,133.34113463726609));
#5488=CARTESIAN_POINT('',(35.42834175032975,6.371151098482803,133.34322797587478));
#5489=CARTESIAN_POINT('',(35.230860683902499,6.212718796059785,133.34371683943735));
#5490=CARTESIAN_POINT('',(6.221440268734686,35.234544110911543,136.00334183691649));
#5491=CARTESIAN_POINT('',(6.379964786341632,35.430523166358071,136.0027207584393));
#5492=CARTESIAN_POINT('',(7.072580858541456,36.289634557847869,136.00005179378212));
#5493=CARTESIAN_POINT('',(9.36873287552128,38.522834298581714,135.99150014366938));
#5494=CARTESIAN_POINT('',(13.131590371057795,40.994852758119798,135.9785003834443));
#5495=CARTESIAN_POINT('',(18.3734123257844,42.826421922412443,135.96238074830359));
#5496=CARTESIAN_POINT('',(24.704063403724497,43.115653104407102,135.94630068764221));
#5497=CARTESIAN_POINT('',(32.063688660554575,41.06446834478696,135.93260720768723));
#5498=CARTESIAN_POINT('',(37.756859977001767,36.559870024767463,135.92872330250367));
#5499=CARTESIAN_POINT('',(41.052704927024948,31.239766281508381,135.93279464138507));
#5500=CARTESIAN_POINT('',(43.05973129233908,25.469688314568689,135.94096696455398));
#5501=CARTESIAN_POINT('',(43.03891049205977,18.93781245746926,135.95546534301641));
#5502=CARTESIAN_POINT('',(40.996098156311767,13.123459160743254,135.97196792873845));
#5503=CARTESIAN_POINT('',(38.526787413623943,9.357029378942094,135.98409774623269));
#5504=CARTESIAN_POINT('',(36.290610296799471,7.062231328187094,135.9920908804458));
#5505=CARTESIAN_POINT('',(35.431803089581607,6.368798452446782,135.99458954742599));
#5506=CARTESIAN_POINT('',(35.235739283933206,6.210319428068912,135.99517058936831));
#5507=CARTESIAN_POINT('',(6.210912416961093,35.238469274873069,138.11886271241644));
#5508=CARTESIAN_POINT('',(6.369469910467357,35.4336489206677,138.11847336910409));
#5509=CARTESIAN_POINT('',(7.062288829670846,36.289249953328493,138.11680468722466));
#5510=CARTESIAN_POINT('',(9.357881512266072,38.512892598663854,138.11144544817299));
#5511=CARTESIAN_POINT('',(13.117889221960993,40.973191478068109,138.10328572089963));
#5512=CARTESIAN_POINT('',(18.353672822826695,42.7935212910415,138.09316981128975));
#5513=CARTESIAN_POINT('',(24.675534611364746,43.074850914708016,138.08312002187105));
#5514=CARTESIAN_POINT('',(32.024342789086944,41.020886896711403,138.07459506052618));
#5515=CARTESIAN_POINT('',(37.710221308170844,36.521071479523776,138.07217883854022));
#5516=CARTESIAN_POINT('',(41.004549323387778,31.208804038754295,138.07471859765499));
#5517=CARTESIAN_POINT('',(43.013566959791795,25.447687307397327,138.0798076371043));
#5518=CARTESIAN_POINT('',(43.001036191643216,18.925710729070918,138.08886014426446));
#5519=CARTESIAN_POINT('',(40.971755163045032,13.11843678510332,138.09920946144257));
#5520=CARTESIAN_POINT('',(38.514954469236613,9.355103050799071,138.10682013714495));
#5521=CARTESIAN_POINT('',(36.288923277571932,7.060948256212511,138.11182600328118));
#5522=CARTESIAN_POINT('',(35.433825540930556,6.367351283010837,138.11338497638951));
#5523=CARTESIAN_POINT('',(35.238609563047035,6.208839742841543,138.11374941685872));
#5524=CARTESIAN_POINT('',(6.208579135129748,35.239352734919727,139.17401965383254));
#5525=CARTESIAN_POINT('',(6.367139579152053,35.434355378022666,139.17384371795316));
#5526=CARTESIAN_POINT('',(7.060007482909306,36.289176298817353,139.17309607061819));
#5527=CARTESIAN_POINT('',(9.355469195800062,38.510691484721434,139.17067100430901));
#5528=CARTESIAN_POINT('',(13.114851366932836,40.968376966176208,139.16695067277806));
#5529=CARTESIAN_POINT('',(18.349296501943652,42.786175678700182,139.16233379587754));
#5530=CARTESIAN_POINT('',(24.669191554234487,43.065695584560657,139.15780469165222));
#5531=CARTESIAN_POINT('',(32.015531266073253,41.011055295988186,139.15401609823422));
#5532=CARTESIAN_POINT('',(37.699717745534464,36.512326477639633,139.15294690004296));
#5533=CARTESIAN_POINT('',(40.993708500216869,31.201855797176297,139.15408108710093));
#5534=CARTESIAN_POINT('',(43.003190734270412,25.44278381803473,139.15634257316958));
#5535=CARTESIAN_POINT('',(42.992567993351294,18.923035487167791,139.16040500250722));
#5536=CARTESIAN_POINT('',(40.96633711093213,13.117329293308835,139.16511497678172));
#5537=CARTESIAN_POINT('',(38.512334390543849,9.354680803447169,139.16857839411148));
#5538=CARTESIAN_POINT('',(36.288565671519315,7.060666566562611,139.17083813862791));
#5539=CARTESIAN_POINT('',(35.434292597523871,6.36703246237241,139.17153178960555));
#5540=CARTESIAN_POINT('',(35.239265530573334,6.208515777525515,139.17169675753462));
#5541=CARTESIAN_POINT('',(6.208580423445342,35.239360464129952,140.22767796688814));
#5542=CARTESIAN_POINT('',(6.367138771130451,35.434363298001031,140.22776071778648));
#5543=CARTESIAN_POINT('',(7.060010010593539,36.289183321815038,140.22813007232972));
#5544=CARTESIAN_POINT('',(9.355469545079854,38.510695089264132,140.2292611323175));
#5545=CARTESIAN_POINT('',(13.114853432744056,40.968378493896303,140.2309182593462));
#5546=CARTESIAN_POINT('',(18.349296646189131,42.786175578432861,140.23296068744582));
#5547=CARTESIAN_POINT('',(24.669191890258745,43.065697147827336,140.23511989453263));
#5548=CARTESIAN_POINT('',(32.015531168208526,41.01105537320791,140.23707186377266));
#5549=CARTESIAN_POINT('',(37.699715962520933,36.512326973300411,140.23763534695067));
#5550=CARTESIAN_POINT('',(40.993710721738452,31.201855283673869,140.23706652431378));
#5551=CARTESIAN_POINT('',(43.00319027214038,25.442782551887902,140.23590099540991));
#5552=CARTESIAN_POINT('',(42.992568930020425,18.923034905317362,140.23391713165896));
#5553=CARTESIAN_POINT('',(40.966339516641895,13.11732997246555,140.23179683979984));
#5554=CARTESIAN_POINT('',(38.512339722904436,9.354683406917125,140.23023614914464));
#5555=CARTESIAN_POINT('',(36.288574583771982,7.060668980513841,140.22916714383533));
#5556=CARTESIAN_POINT('',(35.434301857418816,6.367033981973983,140.22881100367294));
#5557=CARTESIAN_POINT('',(35.239275130151114,6.208518443082292,140.22873417385591));
#5558=CARTESIAN_POINT('',(6.208582669800924,35.239373013784643,141.28737544349946));
#5559=CARTESIAN_POINT('',(6.367137643685221,35.434376152143429,141.28738269537368));
#5560=CARTESIAN_POINT('',(7.06001422945011,36.28919472713519,141.28742554226767));
#5561=CARTESIAN_POINT('',(9.355470233939823,38.510700961391407,141.2875190019503));
#5562=CARTESIAN_POINT('',(13.114856876695953,40.968380927918354,141.28760933663645));
#5563=CARTESIAN_POINT('',(18.349296995367666,42.786175157356254,141.28771189739587));
#5564=CARTESIAN_POINT('',(24.669192418273642,43.065699012205492,141.2879182612497));
#5565=CARTESIAN_POINT('',(32.015530537385182,41.011054464501164,141.28818996735174));
#5566=CARTESIAN_POINT('',(37.699712140509028,36.51232690138945,141.28827521545543));
#5567=CARTESIAN_POINT('',(40.993713279593081,31.201853995825822,141.28820443369764));
#5568=CARTESIAN_POINT('',(43.003188700510464,25.442780448572044,141.28804200231181));
#5569=CARTESIAN_POINT('',(42.992570043516579,18.923034124236754,141.28782486554641));
#5570=CARTESIAN_POINT('',(40.966343306724482,13.117331226493828,141.28769530922264));
#5571=CARTESIAN_POINT('',(38.512348374033401,9.354687755943182,141.28759898009938));
#5572=CARTESIAN_POINT('',(36.288589062821124,7.060673027967859,141.28750166224529));
#5573=CARTESIAN_POINT('',(35.434316916271406,6.36703660295182,141.28745276157045));
#5574=CARTESIAN_POINT('',(35.239290739286908,6.208522906402586,141.28744647987654));
#5575=CARTESIAN_POINT('',(6.20858488822316,35.239385605370302,143.40335759300083));
#5576=CARTESIAN_POINT('',(6.36713647016688,35.434389050439272,143.40340270963881));
#5577=CARTESIAN_POINT('',(7.060018436093952,36.289206170031221,143.40360866449964));
#5578=CARTESIAN_POINT('',(9.355470897186628,38.510706848655104,143.40422285632224));
#5579=CARTESIAN_POINT('',(13.114860311572949,40.968383380731332,143.40510235376169));
#5580=CARTESIAN_POINT('',(18.349297319351329,42.786174794091934,143.4061825086803));
#5581=CARTESIAN_POINT('',(24.669192952082739,43.065701037316387,143.40736722124976));
#5582=CARTESIAN_POINT('',(32.01553001265988,41.011053789860192,143.4084754356156));
#5583=CARTESIAN_POINT('',(37.699708518274164,36.51232703025336,143.40879832596175));
#5584=CARTESIAN_POINT('',(40.99371608655094,31.201852807791923,143.40847905057575));
#5585=CARTESIAN_POINT('',(43.003187311939037,25.442778349123461,143.40781724618043));
#5586=CARTESIAN_POINT('',(42.992571254131072,18.92303330302363,143.40671671012689));
#5587=CARTESIAN_POINT('',(40.96634713606457,13.117332450019939,143.40558528818934));
#5588=CARTESIAN_POINT('',(38.512357055636521,9.354692091559189,143.40475205628712));
#5589=CARTESIAN_POINT('',(36.288603588292204,7.060677059595697,143.40416763493084));
#5590=CARTESIAN_POINT('',(35.434332019963961,6.367039197456396,143.40396573320996));
#5591=CARTESIAN_POINT('',(35.239306395387466,6.208527353602556,143.40392404201268));
#5592=CARTESIAN_POINT('',(6.208595096845643,35.239443187288529,147.10808291202397));
#5593=CARTESIAN_POINT('',(6.367131179622476,35.434448032792481,147.10809705404034));
#5594=CARTESIAN_POINT('',(7.060037720544242,36.289258499892476,147.1081672654154));
#5595=CARTESIAN_POINT('',(9.355473980399719,38.510733779446667,147.10835673228337));
#5596=CARTESIAN_POINT('',(13.114876056407358,40.968394578411676,147.10860279910173));
#5597=CARTESIAN_POINT('',(18.349298848307324,42.786173026468873,147.10890014072024));
#5598=CARTESIAN_POINT('',(24.669195385976405,43.06571002065084,147.10928074345634));
#5599=CARTESIAN_POINT('',(32.015527418654784,41.011050278698065,147.10968242341866));
#5600=CARTESIAN_POINT('',(37.699691571742584,36.512327258393704,147.10980298774342));
#5601=CARTESIAN_POINT('',(40.993728490697883,31.201847187791152,147.10969161461657));
#5602=CARTESIAN_POINT('',(43.003180623603392,25.442768728670909,147.10945163822922));
#5603=CARTESIAN_POINT('',(42.992576622522122,18.923029614993588,147.10908331714026));
#5604=CARTESIAN_POINT('',(40.966364600037281,13.117338107593604,147.10875902146373));
#5605=CARTESIAN_POINT('',(38.512396754200296,9.354711968737927,147.10851966236785));
#5606=CARTESIAN_POINT('',(36.288670017473592,7.060695549152784,147.10833451117355));
#5607=CARTESIAN_POINT('',(35.434401099702505,6.367051125546835,147.10826167899603));
#5608=CARTESIAN_POINT('',(35.239378000799803,6.208547746615664,147.10824885419993));
#5609=CARTESIAN_POINT('',(6.208604416064918,35.239495837741373,154.5160516152433));
#5610=CARTESIAN_POINT('',(6.367126324135876,35.434501964257237,154.51608587826436));
#5611=CARTESIAN_POINT('',(7.060055342206629,36.289306347861498,154.51624119588075));
#5612=CARTESIAN_POINT('',(9.35547678765629,38.510758401903473,154.51670822228041));
#5613=CARTESIAN_POINT('',(13.114890444037606,40.968404821637989,154.5173818561658));
#5614=CARTESIAN_POINT('',(18.349300235079685,42.78617143547919,154.51821011866707));
#5615=CARTESIAN_POINT('',(24.669197613143389,43.06571830050536,154.51910804242937));
#5616=CARTESIAN_POINT('',(32.015525092943136,41.011047169335015,154.51993917594771));
#5617=CARTESIAN_POINT('',(37.69967616718062,36.512327552703077,154.52018065444025));
#5618=CARTESIAN_POINT('',(40.993739935088513,31.20184209349468,154.51994036618873));
#5619=CARTESIAN_POINT('',(43.003174588364502,25.442759936784256,154.51944404862303));
#5620=CARTESIAN_POINT('',(42.992581570972618,18.923026226817335,154.5186127730197));
#5621=CARTESIAN_POINT('',(40.966380579688945,13.117343265846127,154.5177476771683));
#5622=CARTESIAN_POINT('',(38.512433053544697,9.354730131670006,154.51711068301034));
#5623=CARTESIAN_POINT('',(36.288730756653138,7.060712442702189,154.51666723326559));
#5624=CARTESIAN_POINT('',(35.434464260938093,6.367062017063205,154.51651574468622));
#5625=CARTESIAN_POINT('',(35.239443471525938,6.208566379886301,154.5164840360631));
#5626=CARTESIAN_POINT('',(6.208642514185966,35.239710874107374,160.8666666666667));
#5627=CARTESIAN_POINT('',(6.367106536587896,35.434722231330738,160.8666666666667));
#5628=CARTESIAN_POINT('',(7.060127340027314,36.289501770341488,160.8666666666667));
#5629=CARTESIAN_POINT('',(9.355488281736543,38.510858970184984,160.86666666666679));
#5630=CARTESIAN_POINT('',(13.114949227469676,40.968446646369145,160.86666666666676));
#5631=CARTESIAN_POINT('',(18.349305925989036,42.786164876825119,160.86666666666679));
#5632=CARTESIAN_POINT('',(24.669206705267154,43.065751958959062,160.86666666666676));
#5633=CARTESIAN_POINT('',(32.015515483313408,41.011034226993715,160.86666666666687));
#5634=CARTESIAN_POINT('',(37.699613033629504,36.512328548714599,160.86666666666679));
#5635=CARTESIAN_POINT('',(40.993786430030319,31.201821180528238,160.86666666666687));
#5636=CARTESIAN_POINT('',(43.003149746089797,25.442724017563393,160.86666666666679));
#5637=CARTESIAN_POINT('',(42.992601685843574,18.923012427194614,160.86666666666684));
#5638=CARTESIAN_POINT('',(40.96644581694747,13.117364368871858,160.86666666666676));
#5639=CARTESIAN_POINT('',(38.512581306674967,9.35480434183147,160.8666666666667));
#5640=CARTESIAN_POINT('',(36.288978831213996,7.060781469861055,160.86666666666679));
#5641=CARTESIAN_POINT('',(35.434722231330738,6.367106536587884,160.8666666666667));
#5642=CARTESIAN_POINT('',(35.239710874107374,6.208642514185955,160.8666666666667));
#5643=CARTESIAN_POINT('',(6.208642514185968,35.239710874107374,165.10000000000002));
#5644=CARTESIAN_POINT('',(6.367106536587897,35.434722231330738,165.10000000000002));
#5645=CARTESIAN_POINT('',(7.060127340027317,36.289501770341488,165.10000000000002));
#5646=CARTESIAN_POINT('',(9.355488281736545,38.510858970184984,165.10000000000014));
#5647=CARTESIAN_POINT('',(13.11494922746968,40.968446646369145,165.10000000000008));
#5648=CARTESIAN_POINT('',(18.349305925989036,42.786164876825119,165.10000000000014));
#5649=CARTESIAN_POINT('',(24.669206705267158,43.065751958959062,165.10000000000008));
#5650=CARTESIAN_POINT('',(32.015515483313408,41.011034226993715,165.10000000000019));
#5651=CARTESIAN_POINT('',(37.699613033629511,36.512328548714599,165.10000000000014));
#5652=CARTESIAN_POINT('',(40.993786430030319,31.201821180528238,165.10000000000019));
#5653=CARTESIAN_POINT('',(43.003149746089797,25.442724017563393,165.10000000000014));
#5654=CARTESIAN_POINT('',(42.992601685843582,18.923012427194614,165.10000000000016));
#5655=CARTESIAN_POINT('',(40.96644581694747,13.117364368871858,165.10000000000008));
#5656=CARTESIAN_POINT('',(38.512581306674974,9.35480434183147,165.10000000000002));
#5657=CARTESIAN_POINT('',(36.288978831213996,7.060781469861055,165.10000000000014));
#5658=CARTESIAN_POINT('',(35.434722231330738,6.367106536587884,165.10000000000002));
#5659=CARTESIAN_POINT('',(35.239710874107374,6.208642514185955,165.10000000000002));
#5660=B_SPLINE_SURFACE_WITH_KNOTS('',3,3,((#5150,#5167,#5184,#5201,#5218,#5235,#5252,#5269,#5286,#5303,#5320,#5337,#5354,#5371,#5388,#5405,#5422,#5439,#5456,#5473,#5490,#5507,#5524,#5541,#5558,#5575,#5592,#5609,#5626,#5643),(#5151,#5168,#5185,#5202,#5219,#5236,#5253,#5270,#5287,#5304,#5321,#5338,#5355,#5372,#5389,#5406,#5423,#5440,#5457,#5474,#5491,#5508,#5525,#5542,#5559,#5576,#5593,#5610,#5627,#5644),(#5152,#5169,#5186,#5203,#5220,#5237,#5254,#5271,#5288,#5305,#5322,#5339,#5356,#5373,#5390,#5407,#5424,#5441,#5458,#5475,#5492,#5509,#5526,#5543,#5560,#5577,#5594,#5611,#5628,#5645),(#5153,#5170,#5187,#5204,#5221,#5238,#5255,#5272,#5289,#5306,#5323,#5340,#5357,#5374,#5391,#5408,#5425,#5442,#5459,#5476,#5493,#5510,#5527,#5544,#5561,#5578,#5595,#5612,#5629,#5646),(#5154,#5171,#5188,#5205,#5222,#5239,#5256,#5273,#5290,#5307,#5324,#5341,#5358,#5375,#5392,#5409,#5426,#5443,#5460,#5477,#5494,#5511,#5528,#5545,#5562,#5579,#5596,#5613,#5630,#5647),(#5155,#5172,#5189,#5206,#5223,#5240,#5257,#5274,#5291,#5308,#5325,#5342,#5359,#5376,#5393,#5410,#5427,#5444,#5461,#5478,#5495,#5512,#5529,#5546,#5563,#5580,#5597,#5614,#5631,#5648),(#5156,#5173,#5190,#5207,#5224,#5241,#5258,#5275,#5292,#5309,#5326,#5343,#5360,#5377,#5394,#5411,#5428,#5445,#5462,#5479,#5496,#5513,#5530,#5547,#5564,#5581,#5598,#5615,#5632,#5649),(#5157,#5174,#5191,#5208,#5225,#5242,#5259,#5276,#5293,#5310,#5327,#5344,#5361,#5378,#5395,#5412,#5429,#5446,#5463,#5480,#5497,#5514,#5531,#5548,#5565,#5582,#5599,#5616,#5633,#5650),(#5158,#5175,#5192,#5209,#5226,#5243,#5260,#5277,#5294,#5311,#5328,#5345,#5362,#5379,#5396,#5413,#5430,#5447,#5464,#5481,#5498,#5515,#5532,#5549,#5566,#5583,#5600,#5617,#5634,#5651),(#5159,#5176,#5193,#5210,#5227,#5244,#5261,#5278,#5295,#5312,#5329,#5346,#5363,#5380,#5397,#5414,#5431,#5448,#5465,#5482,#5499,#5516,#5533,#5550,#5567,#5584,#5601,#5618,#5635,#5652),(#5160,#5177,#5194,#5211,#5228,#5245,#5262,#5279,#5296,#5313,#5330,#5347,#5364,#5381,#5398,#5415,#5432,#5449,#5466,#5483,#5500,#5517,#5534,#5551,#5568,#5585,#5602,#5619,#5636,#5653),(#5161,#5178,#5195,#5212,#5229,#5246,#5263,#5280,#5297,#5314,#5331,#5348,#5365,#5382,#5399,#5416,#5433,#5450,#5467,#5484,#5501,#5518,#5535,#5552,#5569,#5586,#5603,#5620,#5637,#5654),(#5162,#5179,#5196,#5213,#5230,#5247,#5264,#5281,#5298,#5315,#5332,#5349,#5366,#5383,#5400,#5417,#5434,#5451,#5468,#5485,#5502,#5519,#5536,#5553,#5570,#5587,#5604,#5621,#5638,#5655),(#5163,#5180,#5197,#5214,#5231,#5248,#5265,#5282,#5299,#5316,#5333,#5350,#5367,#5384,#5401,#5418,#5435,#5452,#5469,#5486,#5503,#5520,#5537,#5554,#5571,#5588,#5605,#5622,#5639,#5656),(#5164,#5181,#5198,#5215,#5232,#5249,#5266,#5283,#5300,#5317,#5334,#5351,#5368,#5385,#5402,#5419,#5436,#5453,#5470,#5487,#5504,#5521,#5538,#5555,#5572,#5589,#5606,#5623,#5640,#5657),(#5165,#5182,#5199,#5216,#5233,#5250,#5267,#5284,#5301,#5318,#5335,#5352,#5369,#5386,#5403,#5420,#5437,#5454,#5471,#5488,#5505,#5522,#5539,#5556,#5573,#5590,#5607,#5624,#5641,#5658),(#5166,#5183,#5200,#5217,#5234,#5251,#5268,#5285,#5302,#5319,#5336,#5353,#5370,#5387,#5404,#5421,#5438,#5455,#5472,#5489,#5506,#5523,#5540,#5557,#5574,#5591,#5608,#5625,#5642,#5659)),.UNSPECIFIED.,.F.,.F.,.F.,(4,1,1,1,1,1,1,1,1,1,1,1,1,1,4),(4,1,2,1,1,1,2,1,1,1,1,1,2,1,1,1,1,1,2,1,1,1,1,4),(0.0,0.071428571428571,0.142857142857143,0.214285714285714,0.285714285714286,0.357142857142857,0.428571428571429,0.523809523809524,0.571428571428571,0.619047619047619,0.714285714285714,0.785714285714286,0.857142857142857,0.928571428571429,1.0),(0.0,0.229634702921793,0.459269405843585,0.468837518465326,0.478405631087068,0.49754185633055,0.535814306817516,0.550473743708809,0.565133180600102,0.594452054382689,0.653089801947862,0.711727549513035,0.770365297078208,0.779933409699949,0.789501522321691,0.808637747565173,0.827773972808656,0.837342085430397,0.846910198052139,0.85647831067388,0.866046423295621,0.885182648539104,0.923455099026069,1.0),.UNSPECIFIED.);
#5661=CARTESIAN_POINT('',(36.162100804959586,4.955044436928996,0.0));
#5662=VERTEX_POINT('',#5661);
#5663=CARTESIAN_POINT('',(36.162100804959586,4.955044436928996,0.0));
#5664=CARTESIAN_POINT('',(36.137543239524426,5.134266473803608,0.0));
#5665=CARTESIAN_POINT('',(36.030282747594839,5.918866645903065,0.0));
#5666=CARTESIAN_POINT('',(35.609038396951817,8.174192844688461,0.0));
#5667=CARTESIAN_POINT('',(34.774388813691857,11.282146400141379,0.0));
#5668=CARTESIAN_POINT('',(33.219317632666517,15.394660233354735,0.0));
#5669=CARTESIAN_POINT('',(31.019866069346563,19.449394554401081,0.0));
#5670=CARTESIAN_POINT('',(28.433557311668377,22.964940653989441,0.0));
#5671=CARTESIAN_POINT('',(25.470225652922661,26.315770147141073,0.0));
#5672=CARTESIAN_POINT('',(21.581980855020362,29.631266736055832,0.0));
#5673=CARTESIAN_POINT('',(16.940900267642199,32.444456011035932,0.0));
#5674=CARTESIAN_POINT('',(12.811910635478949,34.266399926180299,0.0));
#5675=CARTESIAN_POINT('',(9.027999754646416,35.426942054409508,0.0));
#5676=CARTESIAN_POINT('',(5.872965016987829,36.059865616739451,0.0));
#5677=CARTESIAN_POINT('',(3.595267921356371,36.335882402138424,0.0));
#5678=CARTESIAN_POINT('',(2.805429401616866,36.392475726241337,0.0));
#5679=CARTESIAN_POINT('',(2.625001132625333,36.405485425327257,0.0));
#5680=B_SPLINE_CURVE_WITH_KNOTS('',3,(#5663,#5664,#5665,#5666,#5667,#5668,#5669,#5670,#5671,#5672,#5673,#5674,#5675,#5676,#5677,#5678,#5679),.UNSPECIFIED.,.F.,.U.,(4,1,1,1,1,1,1,1,1,1,1,1,1,1,4),(-1.0,-0.928571428571429,-0.857142857142857,-0.785714285714286,-0.714285714285714,-0.619047619047619,-0.571428571428571,-0.523809523809524,-0.428571428571429,-0.357142857142857,-0.285714285714286,-0.214285714285714,-0.142857142857143,-0.071428571428571,0.0),.UNSPECIFIED.);
#5681=EDGE_CURVE('',#5662,#5036,#5680,.T.);
#5682=ORIENTED_EDGE('',*,*,#5681,.F.);
#5683=CARTESIAN_POINT('',(36.162174042714135,4.955054472195758,88.884619973311558));
#5684=VERTEX_POINT('',#5683);
#5685=CARTESIAN_POINT('',(36.162100804959586,4.955044436928996,0.0));
#5686=CARTESIAN_POINT('',(36.162100804959586,4.955044436928996,12.699999999999992));
#5687=CARTESIAN_POINT('',(36.162017484565119,4.95503892387882,38.100120630054981));
#5688=CARTESIAN_POINT('',(36.162510783500956,4.955069160499138,63.49979733432108));
#5689=CARTESIAN_POINT('',(36.162717131693313,4.955077345855305,76.729554581820352));
#5690=CARTESIAN_POINT('',(36.164200197571624,4.953627820342267,77.79135770384778));
#5691=CARTESIAN_POINT('',(36.170860630655071,4.947089809678206,79.912934887854746));
#5692=CARTESIAN_POINT('',(36.186591064198439,4.931959197843279,83.623461079479569));
#5693=CARTESIAN_POINT('',(36.186588758892839,4.931900191922737,86.788679415065246));
#5694=CARTESIAN_POINT('',(36.163198114497412,4.955144991160246,88.884006880704462));
#5695=B_SPLINE_CURVE_WITH_KNOTS('',3,(#5685,#5686,#5687,#5688,#5689,#5690,#5691,#5692,#5693,#5694),.UNSPECIFIED.,.F.,.U.,(4,1,2,1,1,1,4),(0.0,0.229634702921793,0.459269405843585,0.468837518465326,0.478405631087068,0.49754185633055,0.535814306817516),.UNSPECIFIED.);
#5696=EDGE_CURVE('',#5662,#5684,#5695,.T.);
#5697=ORIENTED_EDGE('',*,*,#5696,.T.);
#5698=CARTESIAN_POINT('',(35.239723453032965,6.208627034121039,126.99201073750282));
#5699=VERTEX_POINT('',#5698);
#5700=CARTESIAN_POINT('',(36.163191166816773,4.955151895503419,88.884629155183589));
#5701=CARTESIAN_POINT('',(36.154231439242103,4.964055712739496,89.686989363592261));
#5702=CARTESIAN_POINT('',(36.125628032150892,4.99230796472784,91.282746559381962));
#5703=CARTESIAN_POINT('',(36.038818250195014,5.086199297052506,94.463660014964631));
#5704=CARTESIAN_POINT('',(35.820526650694241,5.343109424811434,99.998899961983625));
#5705=CARTESIAN_POINT('',(35.556840824754588,5.857597886717314,107.87216994753221));
#5706=CARTESIAN_POINT('',(35.362806235668714,6.153226574640314,117.35558626332093));
#5707=CARTESIAN_POINT('',(35.25383301435064,6.199971304091781,123.7531358122101));
#5708=CARTESIAN_POINT('',(35.23892758139543,6.208394176994681,126.99186884791453));
#5709=CARTESIAN_POINT('',(35.238927269203096,6.208394353408764,126.99193668456738));
#5710=CARTESIAN_POINT('',(35.238926957019132,6.208394529816225,126.99200452121501));
#5711=B_SPLINE_CURVE_WITH_KNOTS('',3,(#5700,#5701,#5702,#5703,#5704,#5705,#5706,#5707,#5708,#5709,#5710),.UNSPECIFIED.,.F.,.U.,(4,1,1,1,1,1,2,4),(0.535818095565698,0.550473743708809,0.565133180600102,0.594452054382689,0.653089801947862,0.711727549513035,0.770365297078208,0.770366525296807),.UNSPECIFIED.);
#5712=EDGE_CURVE('',#5684,#5699,#5711,.T.);
#5713=ORIENTED_EDGE('',*,*,#5712,.T.);
#5714=CARTESIAN_POINT('',(35.239710874107374,6.208642514185955,165.09999999999997));
#5715=VERTEX_POINT('',#5714);
#5716=CARTESIAN_POINT('',(35.238927893596149,6.208394000573982,126.99180101125646));
#5717=CARTESIAN_POINT('',(35.236495776403018,6.209768359444619,127.52026458046413));
#5718=CARTESIAN_POINT('',(35.232647909385243,6.211713603888769,128.57655489095211));
#5719=CARTESIAN_POINT('',(35.229186955247314,6.213498000992731,130.69346756382032));
#5720=CARTESIAN_POINT('',(35.230860683902499,6.212718796059785,133.34371683943735));
#5721=CARTESIAN_POINT('',(35.235739283933206,6.210319428068912,135.99517058936831));
#5722=CARTESIAN_POINT('',(35.238609563047035,6.208839742841543,138.11374941685872));
#5723=CARTESIAN_POINT('',(35.239265530573334,6.208515777525515,139.17169675753462));
#5724=CARTESIAN_POINT('',(35.239275130151114,6.208518443082292,140.22873417385591));
#5725=CARTESIAN_POINT('',(35.239290739286908,6.208522906402586,141.28744647987654));
#5726=CARTESIAN_POINT('',(35.239306395387466,6.208527353602556,143.40392404201268));
#5727=CARTESIAN_POINT('',(35.239378000799803,6.208547746615664,147.10824885419993));
#5728=CARTESIAN_POINT('',(35.239443471525938,6.208566379886301,154.5164840360631));
#5729=CARTESIAN_POINT('',(35.239710874107374,6.208642514185955,160.8666666666667));
#5730=CARTESIAN_POINT('',(35.239710874107374,6.208642514185955,165.10000000000002));
#5731=B_SPLINE_CURVE_WITH_KNOTS('',3,(#5716,#5717,#5718,#5719,#5720,#5721,#5722,#5723,#5724,#5725,#5726,#5727,#5728,#5729,#5730),.UNSPECIFIED.,.F.,.U.,(4,1,1,1,1,1,2,1,1,1,1,4),(0.770365297078208,0.779933409699949,0.789501522321691,0.808637747565173,0.827773972808656,0.837342085430397,0.846910198052139,0.85647831067388,0.866046423295621,0.885182648539104,0.923455099026069,1.0),.UNSPECIFIED.);
#5732=EDGE_CURVE('',#5699,#5715,#5731,.T.);
#5733=ORIENTED_EDGE('',*,*,#5732,.T.);
#5734=CARTESIAN_POINT('',(6.208642514185968,35.239710874107374,165.10000000000002));
#5735=CARTESIAN_POINT('',(6.367106536587897,35.434722231330738,165.10000000000002));
#5736=CARTESIAN_POINT('',(7.060127340027317,36.289501770341488,165.10000000000002));
#5737=CARTESIAN_POINT('',(9.355488281736545,38.510858970184984,165.10000000000014));
#5738=CARTESIAN_POINT('',(13.11494922746968,40.968446646369145,165.10000000000008));
#5739=CARTESIAN_POINT('',(18.349305925989036,42.786164876825119,165.10000000000014));
#5740=CARTESIAN_POINT('',(24.669206705267158,43.065751958959062,165.10000000000008));
#5741=CARTESIAN_POINT('',(32.015515483313408,41.011034226993715,165.10000000000019));
#5742=CARTESIAN_POINT('',(37.699613033629511,36.512328548714599,165.10000000000014));
#5743=CARTESIAN_POINT('',(40.993786430030319,31.201821180528238,165.10000000000019));
#5744=CARTESIAN_POINT('',(43.003149746089797,25.442724017563393,165.10000000000014));
#5745=CARTESIAN_POINT('',(42.992601685843582,18.923012427194614,165.10000000000016));
#5746=CARTESIAN_POINT('',(40.96644581694747,13.117364368871858,165.10000000000008));
#5747=CARTESIAN_POINT('',(38.512581306674974,9.35480434183147,165.10000000000002));
#5748=CARTESIAN_POINT('',(36.288978831213996,7.060781469861055,165.10000000000014));
#5749=CARTESIAN_POINT('',(35.434722231330738,6.367106536587884,165.10000000000002));
#5750=CARTESIAN_POINT('',(35.239710874107374,6.208642514185955,165.10000000000002));
#5751=B_SPLINE_CURVE_WITH_KNOTS('',3,(#5734,#5735,#5736,#5737,#5738,#5739,#5740,#5741,#5742,#5743,#5744,#5745,#5746,#5747,#5748,#5749,#5750),.UNSPECIFIED.,.F.,.U.,(4,1,1,1,1,1,1,1,1,1,1,1,1,1,4),(0.0,0.071428571428571,0.142857142857143,0.214285714285714,0.285714285714286,0.357142857142857,0.428571428571429,0.523809523809524,0.571428571428571,0.619047619047619,0.714285714285714,0.785714285714286,0.857142857142857,0.928571428571429,1.0),.UNSPECIFIED.);
#5752=EDGE_CURVE('',#5075,#5715,#5751,.T.);
#5753=ORIENTED_EDGE('',*,*,#5752,.F.);
#5754=ORIENTED_EDGE('',*,*,#5091,.F.);
#5755=ORIENTED_EDGE('',*,*,#5072,.F.);
#5756=ORIENTED_EDGE('',*,*,#5060,.F.);
#5757=EDGE_LOOP('',(#5682,#5697,#5713,#5733,#5753,#5754,#5755,#5756));
#5758=FACE_OUTER_BOUND('',#5757,.T.);
#5759=ADVANCED_FACE('',(#5758),#5660,.T.);
#5760=CARTESIAN_POINT('',(36.162100804959586,4.955044436928996,0.0));
#5761=CARTESIAN_POINT('',(36.260331066700225,4.238156289430549,0.0));
#5762=CARTESIAN_POINT('',(36.414143554758461,2.798536278436105,0.0));
#5763=CARTESIAN_POINT('',(36.499107007606007,0.990765160745458,0.0));
#5764=CARTESIAN_POINT('',(36.503377491031998,-0.818396783017836,0.0));
#5765=CARTESIAN_POINT('',(36.457524221670944,-1.903288056659181,0.0));
#5766=CARTESIAN_POINT('',(36.405485425327264,-2.625001132625306,0.0));
#5767=CARTESIAN_POINT('',(36.162100804959586,4.955044436928996,25.399999999999984));
#5768=CARTESIAN_POINT('',(36.260331066700225,4.238156289430549,25.400000000000023));
#5769=CARTESIAN_POINT('',(36.414143554758461,2.798536278436105,25.399999999999906));
#5770=CARTESIAN_POINT('',(36.499107007606007,0.990765160745458,25.400000000000063));
#5771=CARTESIAN_POINT('',(36.503377491031998,-0.818396783017836,25.399999999999917));
#5772=CARTESIAN_POINT('',(36.457524221670944,-1.903288056659181,25.400000000000045));
#5773=CARTESIAN_POINT('',(36.405485425327264,-2.625001132625306,25.399999999999984));
#5774=CARTESIAN_POINT('',(36.161720178652317,4.954996507217028,50.79910065203034));
#5775=CARTESIAN_POINT('',(36.260219966309954,4.237838320973546,50.79862235864374));
#5776=CARTESIAN_POINT('',(36.414249269785472,2.798570052911145,50.797885025756528));
#5777=CARTESIAN_POINT('',(36.499306276037444,0.990772310036289,50.7977526490983));
#5778=CARTESIAN_POINT('',(36.503320100820048,-0.818414616849082,50.79820938414764));
#5779=CARTESIAN_POINT('',(36.45777806391046,-1.90303168042447,50.798823463048599));
#5780=CARTESIAN_POINT('',(36.405167400086256,-2.624968560475059,50.799299345298138));
#5781=CARTESIAN_POINT('',(36.161381945348175,4.954970033864884,77.258110205428125));
#5782=CARTESIAN_POINT('',(36.260152984468441,4.237512676479421,77.258116506478359));
#5783=CARTESIAN_POINT('',(36.414382339623835,2.798580262260821,77.258251177294127));
#5784=CARTESIAN_POINT('',(36.499522029621417,0.990782105883183,77.258457528969004));
#5785=CARTESIAN_POINT('',(36.503288282473243,-0.818412588747304,77.258545317523243));
#5786=CARTESIAN_POINT('',(36.45807839153273,-1.902761684569301,77.258588824653629));
#5787=CARTESIAN_POINT('',(36.404892018362673,-2.624947602594956,77.258556037209289));
#5788=CARTESIAN_POINT('',(36.167256269593111,4.949143864130962,79.382152079957052));
#5789=CARTESIAN_POINT('',(36.268973212890188,4.232198344868478,79.385002879977705));
#5790=CARTESIAN_POINT('',(36.4277755584665,2.796499948270656,79.389842775978664));
#5791=CARTESIAN_POINT('',(36.514176338240802,0.995354000941956,79.391432223629636));
#5792=CARTESIAN_POINT('',(36.515698252803197,-0.807781126093152,79.389152550538824));
#5793=CARTESIAN_POINT('',(36.467219211099248,-1.889614134856662,79.385754075148171));
#5794=CARTESIAN_POINT('',(36.41118137748699,-2.611215238595442,79.382831748813743));
#5795=CARTESIAN_POINT('',(36.185173691292157,4.931831403826934,83.621380579654613));
#5796=CARTESIAN_POINT('',(36.295643411062642,4.216259939111687,83.622816923153465));
#5797=CARTESIAN_POINT('',(36.467824050627343,2.790080635122846,83.62538789369593));
#5798=CARTESIAN_POINT('',(36.557842686153485,1.009076450248862,83.62629478711726));
#5799=CARTESIAN_POINT('',(36.552850970527786,-0.775754856799983,83.625076538540185));
#5800=CARTESIAN_POINT('',(36.494798406461143,-1.850129348703408,83.623296154697542));
#5801=CARTESIAN_POINT('',(36.430328818214264,-2.570117573840676,83.621777622931461));
#5802=CARTESIAN_POINT('',(36.184970854760323,4.931792408470179,86.787253368114165));
#5803=CARTESIAN_POINT('',(36.29547813320535,4.216199098372918,86.783158003878441));
#5804=CARTESIAN_POINT('',(36.467637995121812,2.790121373136941,86.77641433876741));
#5805=CARTESIAN_POINT('',(36.557657311319296,1.009068400399172,86.774654821418139));
#5806=CARTESIAN_POINT('',(36.55265125016102,-0.775796417962853,86.778361265636363));
#5807=CARTESIAN_POINT('',(36.494718610098495,-1.850095717843346,86.783531462410949));
#5808=CARTESIAN_POINT('',(36.430139920097211,-2.57010133244017,86.787710827040897));
#5809=CARTESIAN_POINT('',(36.125115160562636,4.990420407857447,92.092544029812785));
#5810=CARTESIAN_POINT('',(36.206459494601262,4.269724266465465,92.072076202808702));
#5811=CARTESIAN_POINT('',(36.334273251053695,2.811605245641223,92.038648991223212));
#5812=CARTESIAN_POINT('',(36.412367725796116,0.9628222364981,92.029013903844117));
#5813=CARTESIAN_POINT('',(36.428746230530251,-0.883672825266121,92.045785421739851));
#5814=CARTESIAN_POINT('',(36.402866051521258,-1.983055361944886,92.070310103091884));
#5815=CARTESIAN_POINT('',(36.366175689342377,-2.708900616261077,92.09095185015363));
#5816=CARTESIAN_POINT('',(35.944603186370671,5.175168110219159,96.840888264441958));
#5817=CARTESIAN_POINT('',(35.941918402528962,4.43613785800523,96.79938586887198));
#5818=CARTESIAN_POINT('',(35.937948243449341,2.874783224963386,96.736144582429432));
#5819=CARTESIAN_POINT('',(35.979632194213949,0.824741827710787,96.716735042276852));
#5820=CARTESIAN_POINT('',(36.061056201788155,-1.20658530309161,96.743260867723848));
#5821=CARTESIAN_POINT('',(36.130610497515725,-2.385830523636139,96.786742626739382));
#5822=CARTESIAN_POINT('',(36.174895801709027,-3.132754037768173,96.826770068845633));
#5823=CARTESIAN_POINT('',(35.705906486664936,5.549471958465315,103.14844023932898));
#5824=CARTESIAN_POINT('',(35.485155476585739,4.737887395825512,103.09568444186057));
#5825=CARTESIAN_POINT('',(35.137523738314194,2.957525026215763,103.01720818604522));
#5826=CARTESIAN_POINT('',(35.081745756883109,0.546701886562957,102.98751806855044));
#5827=CARTESIAN_POINT('',(35.329077202065918,-1.820205263855573,103.00877576410407));
#5828=CARTESIAN_POINT('',(35.644472124263999,-3.158734756525977,103.05237880549676));
#5829=CARTESIAN_POINT('',(35.900877716038956,-3.974047646611285,103.09517231188474));
#5830=CARTESIAN_POINT('',(35.444233381550404,6.084070424563554,112.60739110929181));
#5831=CARTESIAN_POINT('',(34.788932962530083,5.175352668112385,112.54837669812397));
#5832=CARTESIAN_POINT('',(33.800861623199197,3.062075436904402,112.45148799132522));
#5833=CARTESIAN_POINT('',(33.569130527411772,0.08225695224875,112.40621690031823));
#5834=CARTESIAN_POINT('',(34.113824501904162,-2.807346789771889,112.4184571030022));
#5835=CARTESIAN_POINT('',(34.882385632071944,-4.384205798490109,112.45891673433746));
#5836=CARTESIAN_POINT('',(35.552208703562187,-5.287820288674933,112.49729919600446));
#5837=CARTESIAN_POINT('',(35.275408712937107,6.193055732557882,120.51648850772084));
#5838=CARTESIAN_POINT('',(34.268167715787243,5.33514497766174,120.48155541683613));
#5839=CARTESIAN_POINT('',(32.690395509424704,3.096457947986774,120.40884866073598));
#5840=CARTESIAN_POINT('',(32.278234651423425,-0.30689609943218,120.36744550853783));
#5841=CARTESIAN_POINT('',(33.097908897760391,-3.557444185130231,120.37617910189296));
#5842=CARTESIAN_POINT('',(34.278903289690831,-5.234406005628155,120.40699306210685));
#5843=CARTESIAN_POINT('',(35.28741131510985,-6.09263893433824,120.43212222877578));
#5844=CARTESIAN_POINT('',(35.236115016385689,6.211299704333603,128.04993951025205));
#5845=CARTESIAN_POINT('',(34.176996743459156,5.359054353544639,128.04628105720568));
#5846=CARTESIAN_POINT('',(32.505875663004417,3.102966484996473,128.03816896132463));
#5847=CARTESIAN_POINT('',(32.061953810952964,-0.371635792951431,128.03337789505682));
#5848=CARTESIAN_POINT('',(32.927224346379028,-3.68313924000863,128.03424968201418));
#5849=CARTESIAN_POINT('',(34.174724395340483,-5.374869801179941,128.03764512623835));
#5850=CARTESIAN_POINT('',(35.233983792537707,-6.227302720298567,128.0403033223815));
#5851=CARTESIAN_POINT('',(35.231028585525181,6.213900571625485,130.16462845015673));
#5852=CARTESIAN_POINT('',(34.164369801701092,5.362501635125904,130.1648169731227));
#5853=CARTESIAN_POINT('',(32.480212347050944,3.103684146602307,130.16468675484003));
#5854=CARTESIAN_POINT('',(32.032128615362765,-0.380702303774075,130.16447321109555));
#5855=CARTESIAN_POINT('',(32.903730096299704,-3.700526225094898,130.16434652899187));
#5856=CARTESIAN_POINT('',(34.160390161608547,-5.394435690260062,130.16432461687407));
#5857=CARTESIAN_POINT('',(35.226958275881728,-6.246055586289737,130.16420112985591));
#5858=CARTESIAN_POINT('',(35.232758851028834,6.212917951548623,133.34553047940187));
#5859=CARTESIAN_POINT('',(34.169039077226998,5.361133466534716,133.35003622324913));
#5860=CARTESIAN_POINT('',(32.489850000874888,3.103426112457537,133.35891027086939));
#5861=CARTESIAN_POINT('',(32.043321977007565,-0.377301618400216,133.36386467272087));
#5862=CARTESIAN_POINT('',(32.912512074232289,-3.694016578928017,133.36262826244143));
#5863=CARTESIAN_POINT('',(34.165766521097929,-5.387048854629776,133.35876645297643));
#5864=CARTESIAN_POINT('',(35.229445616983789,-6.239027062649599,133.35552363141812));
#5865=CARTESIAN_POINT('',(35.23745212451287,6.210496436492211,135.99676290004481));
#5866=CARTESIAN_POINT('',(34.18084217028472,5.357844414084278,136.00159021318052));
#5867=CARTESIAN_POINT('',(32.513888954289456,3.102780737553051,136.01113607035683));
#5868=CARTESIAN_POINT('',(32.071221069140542,-0.368801718587028,136.01647070026354));
#5869=CARTESIAN_POINT('',(32.934455634241701,-3.677755059136248,136.01515949080056));
#5870=CARTESIAN_POINT('',(34.179215275277187,-5.368688579085019,136.01101371495255));
#5871=CARTESIAN_POINT('',(35.235949503559169,-6.221485188727366,136.00754162506843));
#5872=CARTESIAN_POINT('',(35.239922437844371,6.209195128495394,137.85059815169942));
#5873=CARTESIAN_POINT('',(34.187041073891102,5.356113772471542,137.85439919351404));
#5874=CARTESIAN_POINT('',(32.52646520360279,3.102463937025628,137.8618275663722));
#5875=CARTESIAN_POINT('',(32.085771220148672,-0.364342266208782,137.86595252290093));
#5876=CARTESIAN_POINT('',(32.945909454163647,-3.669247476197009,137.86490867330147));
#5877=CARTESIAN_POINT('',(34.186227480968491,-5.359076720743178,137.86166967720172));
#5878=CARTESIAN_POINT('',(35.239347217588254,-6.212274014837394,137.85893888807146));
#5879=CARTESIAN_POINT('',(35.240741556453472,6.208762208906428,138.90888155802909));
#5880=CARTESIAN_POINT('',(34.189105496123602,5.355534524848427,138.91164634090177));
#5881=CARTESIAN_POINT('',(32.530656347902422,3.102359634236361,138.91694278871924));
#5882=CARTESIAN_POINT('',(32.090618651166864,-0.362855794996964,138.9198537776395));
#5883=CARTESIAN_POINT('',(32.949723790297021,-3.666413356326439,138.91907844055112));
#5884=CARTESIAN_POINT('',(34.188564953942915,-5.35587214774734,138.91675156972906));
#5885=CARTESIAN_POINT('',(35.240475362573846,-6.209205456240989,138.91476837545818));
#5886=CARTESIAN_POINT('',(35.240902637703911,6.208679317311601,139.43761267859253));
#5887=CARTESIAN_POINT('',(34.189500578702614,5.355426490471605,139.43971086892799));
#5888=CARTESIAN_POINT('',(32.531452812705837,3.102340296654401,139.44363331454352));
#5889=CARTESIAN_POINT('',(32.091538602711239,-0.362572778926298,139.44576145830894));
#5890=CARTESIAN_POINT('',(32.950448963282867,-3.665874333229329,139.44515809206518));
#5891=CARTESIAN_POINT('',(34.18900851770217,-5.355264318028505,139.44341858745946));
#5892=CARTESIAN_POINT('',(35.240693765437932,-6.208621140498375,139.44191623967811));
#5893=CARTESIAN_POINT('',(35.240673672435314,6.208672459129387,143.93039470300079));
#5894=CARTESIAN_POINT('',(34.189415756885559,5.355324337372562,143.92691272187162));
#5895=CARTESIAN_POINT('',(32.531476207377239,3.102351045557402,143.91941846304005));
#5896=CARTESIAN_POINT('',(32.091559972948346,-0.362571311489146,143.91506470366414));
#5897=CARTESIAN_POINT('',(32.950417782736608,-3.665883952481589,143.915914031715));
#5898=CARTESIAN_POINT('',(34.189018569612834,-5.355193154210833,143.91906799100769));
#5899=CARTESIAN_POINT('',(35.240505042076443,-6.208625298177136,143.92158856216517));
#5900=CARTESIAN_POINT('',(35.240155459933746,6.208656257302723,152.40051413094784));
#5901=CARTESIAN_POINT('',(34.189223813859961,5.355093145053173,152.40096171081558));
#5902=CARTESIAN_POINT('',(32.53152837931038,3.102375747311934,152.40173467631567));
#5903=CARTESIAN_POINT('',(32.091606641185315,-0.362568049903013,152.40213542743462));
#5904=CARTESIAN_POINT('',(32.950346138888406,-3.665906209551676,152.40199688114598));
#5905=CARTESIAN_POINT('',(34.189040273003791,-5.355032635976857,152.40164311428418));
#5906=CARTESIAN_POINT('',(35.240077547710115,-6.208634544081231,152.40132441164337));
#5907=CARTESIAN_POINT('',(35.239710874107359,6.208642514185949,160.8666666666667));
#5908=CARTESIAN_POINT('',(34.189059134251622,5.354894798095603,160.86666666666667));
#5909=CARTESIAN_POINT('',(32.531573317886867,3.102396853240299,160.86666666666676));
#5910=CARTESIAN_POINT('',(32.091647070613433,-0.362565237964046,160.86666666666673));
#5911=CARTESIAN_POINT('',(32.95028492164554,-3.665925192295242,160.86666666666676));
#5912=CARTESIAN_POINT('',(34.189059134251629,-5.354894798095597,160.86666666666667));
#5913=CARTESIAN_POINT('',(35.239710874107367,-6.208642514185943,160.8666666666667));
#5914=CARTESIAN_POINT('',(35.239710874107359,6.208642514185949,165.10000000000002));
#5915=CARTESIAN_POINT('',(34.189059134251622,5.354894798095603,165.10000000000002));
#5916=CARTESIAN_POINT('',(32.531573317886867,3.102396853240299,165.10000000000005));
#5917=CARTESIAN_POINT('',(32.091647070613433,-0.362565237964046,165.10000000000008));
#5918=CARTESIAN_POINT('',(32.95028492164554,-3.665925192295242,165.10000000000008));
#5919=CARTESIAN_POINT('',(34.189059134251629,-5.354894798095597,165.10000000000002));
#5920=CARTESIAN_POINT('',(35.239710874107367,-6.208642514185943,165.10000000000002));
#5921=B_SPLINE_SURFACE_WITH_KNOTS('',3,3,((#5760,#5767,#5774,#5781,#5788,#5795,#5802,#5809,#5816,#5823,#5830,#5837,#5844,#5851,#5858,#5865,#5872,#5879,#5886,#5893,#5900,#5907,#5914),(#5761,#5768,#5775,#5782,#5789,#5796,#5803,#5810,#5817,#5824,#5831,#5838,#5845,#5852,#5859,#5866,#5873,#5880,#5887,#5894,#5901,#5908,#5915),(#5762,#5769,#5776,#5783,#5790,#5797,#5804,#5811,#5818,#5825,#5832,#5839,#5846,#5853,#5860,#5867,#5874,#5881,#5888,#5895,#5902,#5909,#5916),(#5763,#5770,#5777,#5784,#5791,#5798,#5805,#5812,#5819,#5826,#5833,#5840,#5847,#5854,#5861,#5868,#5875,#5882,#5889,#5896,#5903,#5910,#5917),(#5764,#5771,#5778,#5785,#5792,#5799,#5806,#5813,#5820,#5827,#5834,#5841,#5848,#5855,#5862,#5869,#5876,#5883,#5890,#5897,#5904,#5911,#5918),(#5765,#5772,#5779,#5786,#5793,#5800,#5807,#5814,#5821,#5828,#5835,#5842,#5849,#5856,#5863,#5870,#5877,#5884,#5891,#5898,#5905,#5912,#5919),(#5766,#5773,#5780,#5787,#5794,#5801,#5808,#5815,#5822,#5829,#5836,#5843,#5850,#5857,#5864,#5871,#5878,#5885,#5892,#5899,#5906,#5913,#5920)),.UNSPECIFIED.,.F.,.F.,.F.,(4,1,1,1,4),(4,2,1,1,2,1,1,1,2,1,1,1,1,1,2,1,4),(0.0,0.285714285714286,0.571428571428571,0.714285714285714,1.0),(0.0,0.459269405843585,0.478405631087068,0.49754185633055,0.535814306817516,0.594452054382689,0.623770928165275,0.653089801947862,0.770365297078208,0.789501522321691,0.808637747565173,0.827773972808656,0.837342085430397,0.842126141741268,0.846910198052139,0.923455099026069,1.0),.UNSPECIFIED.);
#5922=CARTESIAN_POINT('',(36.405485425327264,-2.625001132625306,0.0));
#5923=VERTEX_POINT('',#5922);
#5924=CARTESIAN_POINT('',(36.405485425327264,-2.625001132625306,0.0));
#5925=CARTESIAN_POINT('',(36.457524221670944,-1.903288056659181,0.0));
#5926=CARTESIAN_POINT('',(36.503377491031998,-0.818396783017836,0.0));
#5927=CARTESIAN_POINT('',(36.499107007606007,0.990765160745458,0.0));
#5928=CARTESIAN_POINT('',(36.414143554758461,2.798536278436105,0.0));
#5929=CARTESIAN_POINT('',(36.260331066700225,4.238156289430549,0.0));
#5930=CARTESIAN_POINT('',(36.162100804959586,4.955044436928996,0.0));
#5931=B_SPLINE_CURVE_WITH_KNOTS('',3,(#5924,#5925,#5926,#5927,#5928,#5929,#5930),.UNSPECIFIED.,.F.,.U.,(4,1,1,1,4),(-1.0,-0.714285714285714,-0.571428571428571,-0.285714285714286,0.0),.UNSPECIFIED.);
#5932=EDGE_CURVE('',#5923,#5662,#5931,.T.);
#5933=ORIENTED_EDGE('',*,*,#5932,.F.);
#5934=CARTESIAN_POINT('',(36.405566685643493,-2.625006991863815,88.883853747727102));
#5935=VERTEX_POINT('',#5934);
#5936=CARTESIAN_POINT('',(36.405485425327264,-2.625001132625306,0.0));
#5937=CARTESIAN_POINT('',(36.405485425327264,-2.625001132625306,25.399999999999984));
#5938=CARTESIAN_POINT('',(36.405167400086256,-2.624968560475059,50.799299345298138));
#5939=CARTESIAN_POINT('',(36.404892018362673,-2.624947602594956,77.258556037209289));
#5940=CARTESIAN_POINT('',(36.41118137748699,-2.611215238595442,79.382831748813743));
#5941=CARTESIAN_POINT('',(36.430328818214264,-2.570117573840676,83.621777622931461));
#5942=CARTESIAN_POINT('',(36.430139920097211,-2.57010133244017,86.787710827040897));
#5943=CARTESIAN_POINT('',(36.40487872051547,-2.624916912476483,88.882103714034344));
#5944=B_SPLINE_CURVE_WITH_KNOTS('',3,(#5936,#5937,#5938,#5939,#5940,#5941,#5942,#5943),.UNSPECIFIED.,.F.,.U.,(4,2,1,1,4),(0.0,0.459269405843585,0.478405631087068,0.49754185633055,0.535814306817516),.UNSPECIFIED.);
#5945=EDGE_CURVE('',#5923,#5935,#5944,.T.);
#5946=ORIENTED_EDGE('',*,*,#5945,.T.);
#5947=CARTESIAN_POINT('',(35.239874436986057,-6.208441227998186,126.97119213706131));
#5948=VERTEX_POINT('',#5947);
#5949=CARTESIAN_POINT('',(36.404857689114024,-2.624962550175815,88.883846687316961));
#5950=CARTESIAN_POINT('',(36.366129511719606,-2.709002942924789,92.092095136840143));
#5951=CARTESIAN_POINT('',(36.174870994905383,-3.132830199913848,96.827337546073295));
#5952=CARTESIAN_POINT('',(35.900877716038956,-3.974047646611285,103.09517231188474));
#5953=CARTESIAN_POINT('',(35.552229898420926,-5.287740427188644,112.49672766041056));
#5954=CARTESIAN_POINT('',(35.287449946795178,-6.092521517021075,120.43096461026538));
#5955=CARTESIAN_POINT('',(35.241491326589788,-6.208380017981723,126.97121675154327));
#5956=B_SPLINE_CURVE_WITH_KNOTS('',3,(#5949,#5950,#5951,#5952,#5953,#5954,#5955),.UNSPECIFIED.,.F.,.U.,(4,1,1,1,4),(0.535824923745126,0.594452054382689,0.623770928165275,0.653089801947862,0.770354603680759),.UNSPECIFIED.);
#5957=EDGE_CURVE('',#5935,#5948,#5956,.T.);
#5958=ORIENTED_EDGE('',*,*,#5957,.T.);
#5959=CARTESIAN_POINT('',(35.239710874107367,-6.208642514185943,165.09999999999997));
#5960=VERTEX_POINT('',#5959);
#5961=CARTESIAN_POINT('',(35.241491326589788,-6.208380017981723,126.97121675154327));
#5962=CARTESIAN_POINT('',(35.241487135615309,-6.208390583138362,126.97181315826148));
#5963=CARTESIAN_POINT('',(35.241482946020056,-6.208401143904717,126.97240956658445));
#5964=CARTESIAN_POINT('',(35.233983792537707,-6.227302720298567,128.0403033223815));
#5965=CARTESIAN_POINT('',(35.226958275881728,-6.246055586289737,130.16420112985591));
#5966=CARTESIAN_POINT('',(35.229445616983789,-6.239027062649599,133.35552363141812));
#5967=CARTESIAN_POINT('',(35.235949503559169,-6.221485188727366,136.00754162506843));
#5968=CARTESIAN_POINT('',(35.239347217588254,-6.212274014837394,137.85893888807146));
#5969=CARTESIAN_POINT('',(35.240475362573846,-6.209205456240989,138.91476837545818));
#5970=CARTESIAN_POINT('',(35.240693765437932,-6.208621140498375,139.44191623967811));
#5971=CARTESIAN_POINT('',(35.240505042076443,-6.208625298177136,143.92158856216517));
#5972=CARTESIAN_POINT('',(35.240077547710115,-6.208634544081231,152.40132441164337));
#5973=CARTESIAN_POINT('',(35.239710874107367,-6.208642514185943,160.8666666666667));
#5974=CARTESIAN_POINT('',(35.239710874107367,-6.208642514185943,165.10000000000002));
#5975=B_SPLINE_CURVE_WITH_KNOTS('',3,(#5961,#5962,#5963,#5964,#5965,#5966,#5967,#5968,#5969,#5970,#5971,#5972,#5973,#5974),.UNSPECIFIED.,.F.,.U.,(4,2,1,1,1,1,1,2,1,4),(0.770354603680759,0.770365297078208,0.789501522321691,0.808637747565173,0.827773972808656,0.837342085430397,0.842126141741268,0.846910198052139,0.923455099026069,1.0),.UNSPECIFIED.);
#5976=EDGE_CURVE('',#5948,#5960,#5975,.T.);
#5977=ORIENTED_EDGE('',*,*,#5976,.T.);
#5978=CARTESIAN_POINT('',(35.239710874107359,6.208642514185949,165.10000000000002));
#5979=CARTESIAN_POINT('',(34.189059134251622,5.354894798095603,165.10000000000002));
#5980=CARTESIAN_POINT('',(32.531573317886867,3.102396853240299,165.10000000000005));
#5981=CARTESIAN_POINT('',(32.091647070613433,-0.362565237964046,165.10000000000008));
#5982=CARTESIAN_POINT('',(32.95028492164554,-3.665925192295242,165.10000000000008));
#5983=CARTESIAN_POINT('',(34.189059134251629,-5.354894798095597,165.10000000000002));
#5984=CARTESIAN_POINT('',(35.239710874107367,-6.208642514185943,165.10000000000002));
#5985=B_SPLINE_CURVE_WITH_KNOTS('',3,(#5978,#5979,#5980,#5981,#5982,#5983,#5984),.UNSPECIFIED.,.F.,.U.,(4,1,1,1,4),(0.0,0.285714285714286,0.571428571428571,0.714285714285714,1.0),.UNSPECIFIED.);
#5986=EDGE_CURVE('',#5715,#5960,#5985,.T.);
#5987=ORIENTED_EDGE('',*,*,#5986,.F.);
#5988=ORIENTED_EDGE('',*,*,#5732,.F.);
#5989=ORIENTED_EDGE('',*,*,#5712,.F.);
#5990=ORIENTED_EDGE('',*,*,#5696,.F.);
#5991=EDGE_LOOP('',(#5933,#5946,#5958,#5977,#5987,#5988,#5989,#5990));
#5992=FACE_OUTER_BOUND('',#5991,.T.);
#5993=ADVANCED_FACE('',(#5992),#5921,.T.);
#5994=CARTESIAN_POINT('',(36.405485425327257,-2.625001132625331,0.0));
#5995=CARTESIAN_POINT('',(36.392475726241337,-2.805429401616864,0.0));
#5996=CARTESIAN_POINT('',(36.335882402138431,-3.595267921356368,0.0));
#5997=CARTESIAN_POINT('',(36.059865616739451,-5.872965016987823,0.0));
#5998=CARTESIAN_POINT('',(35.426942054409515,-9.027999754646407,0.0));
#5999=CARTESIAN_POINT('',(34.266399926180299,-12.811910635478936,0.0));
#6000=CARTESIAN_POINT('',(32.444456011035925,-16.940900267642188,0.0));
#6001=CARTESIAN_POINT('',(29.631266736055824,-21.581980855020344,0.0));
#6002=CARTESIAN_POINT('',(26.315770147141055,-25.470225652922643,0.0));
#6003=CARTESIAN_POINT('',(22.964940653989423,-28.433557311668359,0.0));
#6004=CARTESIAN_POINT('',(19.449394554401067,-31.019866069346552,0.0));
#6005=CARTESIAN_POINT('',(15.394660233354731,-33.219317632666503,0.0));
#6006=CARTESIAN_POINT('',(11.282146400141372,-34.774388813691843,0.0));
#6007=CARTESIAN_POINT('',(8.174192844688461,-35.609038396951817,0.0));
#6008=CARTESIAN_POINT('',(5.918866645903056,-36.030282747594818,0.0));
#6009=CARTESIAN_POINT('',(5.1342664738036,-36.137543239524426,0.0));
#6010=CARTESIAN_POINT('',(4.955044436928989,-36.162100804959586,0.0));
#6011=CARTESIAN_POINT('',(36.405485425327257,-2.625001132625331,12.699999999999992));
#6012=CARTESIAN_POINT('',(36.392475726241337,-2.805429401616864,12.699999999999989));
#6013=CARTESIAN_POINT('',(36.335882402138431,-3.595267921356368,12.699999999999998));
#6014=CARTESIAN_POINT('',(36.059865616739451,-5.872965016987823,12.699999999999987));
#6015=CARTESIAN_POINT('',(35.426942054409515,-9.027999754646407,12.699999999999996));
#6016=CARTESIAN_POINT('',(34.266399926180299,-12.811910635478936,12.700000000000003));
#6017=CARTESIAN_POINT('',(32.444456011035925,-16.940900267642188,12.699999999999982));
#6018=CARTESIAN_POINT('',(29.631266736055824,-21.581980855020344,12.699999999999998));
#6019=CARTESIAN_POINT('',(26.315770147141055,-25.470225652922643,12.699999999999987));
#6020=CARTESIAN_POINT('',(22.964940653989423,-28.433557311668359,12.699999999999992));
#6021=CARTESIAN_POINT('',(19.449394554401067,-31.019866069346552,12.700000000000003));
#6022=CARTESIAN_POINT('',(15.394660233354731,-33.219317632666503,12.699999999999971));
#6023=CARTESIAN_POINT('',(11.282146400141372,-34.774388813691843,12.700000000000015));
#6024=CARTESIAN_POINT('',(8.174192844688461,-35.609038396951817,12.699999999999962));
#6025=CARTESIAN_POINT('',(5.918866645903056,-36.030282747594818,12.700000000000022));
#6026=CARTESIAN_POINT('',(5.1342664738036,-36.137543239524426,12.699999999999976));
#6027=CARTESIAN_POINT('',(4.955044436928989,-36.162100804959586,12.699999999999992));
#6028=CARTESIAN_POINT('',(36.405419538289749,-2.625004892333719,38.100133588369935));
#6029=CARTESIAN_POINT('',(36.392409445008141,-2.805458336895911,38.100114694407026));
#6030=CARTESIAN_POINT('',(36.33581954032158,-3.595256446923955,38.100032655489613));
#6031=CARTESIAN_POINT('',(36.059838054703583,-5.872977232973518,38.099801745667364));
#6032=CARTESIAN_POINT('',(35.426918973850327,-9.027983426006015,38.099494508548688));
#6033=CARTESIAN_POINT('',(34.266392488158374,-12.811902466405908,38.099167927549196));
#6034=CARTESIAN_POINT('',(32.444424107642355,-16.940882576356017,38.098892939788989));
#6035=CARTESIAN_POINT('',(29.631243243332936,-21.581968375768881,38.098692557288651));
#6036=CARTESIAN_POINT('',(26.315735015594814,-25.470225242177985,38.098654024746189));
#6037=CARTESIAN_POINT('',(22.964929602626608,-28.433509586190532,38.098727433229683));
#6038=CARTESIAN_POINT('',(19.449398655082611,-31.019864864862964,38.098872093412517));
#6039=CARTESIAN_POINT('',(15.394657280552105,-33.219305052223717,38.09913600172132));
#6040=CARTESIAN_POINT('',(11.282150240214451,-34.774358957973377,38.099492848765763));
#6041=CARTESIAN_POINT('',(8.174180943748233,-35.608989665332821,38.09979458328538));
#6042=CARTESIAN_POINT('',(5.918866065784259,-36.030201277235669,38.100021455056435));
#6043=CARTESIAN_POINT('',(5.134271491874856,-36.137465969948231,38.100102570743239));
#6044=CARTESIAN_POINT('',(4.955038923878816,-36.162017484565148,38.100120630055073));
#6045=CARTESIAN_POINT('',(36.405808698732841,-2.624980716428533,63.499757107787282));
#6046=CARTESIAN_POINT('',(36.392801076508569,-2.805283506550266,63.499789826062496));
#6047=CARTESIAN_POINT('',(36.336191217397193,-3.595323704470514,63.499928798867025));
#6048=CARTESIAN_POINT('',(36.05999901656061,-5.872903312397714,63.500340611690696));
#6049=CARTESIAN_POINT('',(35.427052348554639,-9.028080992558554,63.500938737503418));
#6050=CARTESIAN_POINT('',(34.266429828887965,-12.811950852771478,63.501599620784972));
#6051=CARTESIAN_POINT('',(32.444605184457004,-16.940985861065997,63.502134783288412));
#6052=CARTESIAN_POINT('',(29.631372639160155,-21.582036545165462,63.502504099197353));
#6053=CARTESIAN_POINT('',(26.315935780811852,-25.470217788555672,63.502560816883069));
#6054=CARTESIAN_POINT('',(22.964988994219095,-28.433784266572641,63.50242957659944));
#6055=CARTESIAN_POINT('',(19.449370279240085,-31.019861369992384,63.502153361818934));
#6056=CARTESIAN_POINT('',(15.394673554729794,-33.219372200666349,63.501648453356971));
#6057=CARTESIAN_POINT('',(11.282126224362287,-34.774532268045697,63.500938411644263));
#6058=CARTESIAN_POINT('',(8.174250496076315,-35.609276897827257,63.500360981076085));
#6059=CARTESIAN_POINT('',(5.918867090620971,-36.030684060571943,63.499963273744939));
#6060=CARTESIAN_POINT('',(5.134238750890125,-36.137923146793575,63.499826424889285));
#6061=CARTESIAN_POINT('',(4.955069160499109,-36.162510783500828,63.499797334320746));
#6062=CARTESIAN_POINT('',(36.40596976949012,-2.624967044969145,76.729535807717809));
#6063=CARTESIAN_POINT('',(36.392963435704758,-2.805203840778548,76.729478243790481));
#6064=CARTESIAN_POINT('',(36.336345768547943,-3.595350581591913,76.729218169712368));
#6065=CARTESIAN_POINT('',(36.060062226403268,-5.872869428231578,76.728553801927475));
#6066=CARTESIAN_POINT('',(35.427102060544669,-9.02812346252178,76.727834198834017));
#6067=CARTESIAN_POINT('',(34.266433015207767,-12.811971132489672,76.727151490960054));
#6068=CARTESIAN_POINT('',(32.444666432465603,-16.941026360579627,76.726506829970148));
#6069=CARTESIAN_POINT('',(29.631408767769404,-21.582054450641653,76.725969421010461));
#6070=CARTESIAN_POINT('',(26.316006334240821,-25.470196315356375,76.725819246282626));
#6071=CARTESIAN_POINT('',(22.96500262634985,-28.433884537013576,76.726029404058451));
#6072=CARTESIAN_POINT('',(19.449350800867023,-31.019840177627444,76.726385935489972));
#6073=CARTESIAN_POINT('',(15.394678119407466,-33.219386670943798,76.72703308975268));
#6074=CARTESIAN_POINT('',(11.282113800507855,-34.77459835643478,76.727818661427818));
#6075=CARTESIAN_POINT('',(8.174277905375668,-35.609394664934889,76.728558071362556));
#6076=CARTESIAN_POINT('',(5.91886304485806,-36.030886822500904,76.729233431944607));
#6077=CARTESIAN_POINT('',(5.134219426421451,-36.138113831358879,76.729492413350172));
#6078=CARTESIAN_POINT('',(4.955077345855269,-36.162717131693107,76.729554581819926));
#6079=CARTESIAN_POINT('',(36.407556319402417,-2.621538224266162,77.791470730496982));
#6080=CARTESIAN_POINT('',(36.394369271037149,-2.801797317831427,77.790983944778716));
#6081=CARTESIAN_POINT('',(36.336958508211403,-3.592046683509365,77.788838739593729));
#6082=CARTESIAN_POINT('',(36.058516753880745,-5.8696052826873,77.783012740134978));
#6083=CARTESIAN_POINT('',(35.422909541780825,-9.024430412302687,77.775769932106996));
#6084=CARTESIAN_POINT('',(34.259708021240264,-12.80716551134093,77.768311378531536));
#6085=CARTESIAN_POINT('',(32.436152310469602,-16.934517072010667,77.761790493591462));
#6086=CARTESIAN_POINT('',(29.622205957913629,-21.573446500569567,77.756809674573077));
#6087=CARTESIAN_POINT('',(26.307696532805856,-25.460224083255561,77.755707093540693));
#6088=CARTESIAN_POINT('',(22.958216960630267,-28.423725644445888,77.757585273658179));
#6089=CARTESIAN_POINT('',(19.444320176763814,-31.010229995244487,77.761092186471316));
#6090=CARTESIAN_POINT('',(15.391580743061596,-33.211673728959809,77.767453943339234));
#6091=CARTESIAN_POINT('',(11.280325287203413,-34.769942759594763,77.775732017253048));
#6092=CARTESIAN_POINT('',(8.172964619940805,-35.607562080343726,77.782949182719804));
#6093=CARTESIAN_POINT('',(5.917530269117505,-36.031342149539228,77.788743569922204));
#6094=CARTESIAN_POINT('',(5.132791160781723,-36.139405880026757,77.790870187382922));
#6095=CARTESIAN_POINT('',(4.953627820342232,-36.164200197571418,77.791357703847339));
#6096=CARTESIAN_POINT('',(36.414677069633768,-2.606097275731028,79.913116143763347));
#6097=CARTESIAN_POINT('',(36.400679773082516,-2.7864485177729,79.912346380642589));
#6098=CARTESIAN_POINT('',(36.339713177783437,-3.577174975008668,79.908957988997912));
#6099=CARTESIAN_POINT('',(36.051538989275748,-5.854907632264322,79.899728395805084));
#6100=CARTESIAN_POINT('',(35.403925195429601,-9.007797687731125,79.888190966065338));
#6101=CARTESIAN_POINT('',(34.229135569799098,-12.785452054367655,79.876286279680997));
#6102=CARTESIAN_POINT('',(32.397326745602314,-16.904990114037165,79.865925820575129));
#6103=CARTESIAN_POINT('',(29.58013083524304,-21.534252088092813,79.858056217860238));
#6104=CARTESIAN_POINT('',(26.269692438251894,-25.414737516138175,79.856338279888192));
#6105=CARTESIAN_POINT('',(22.927209749723669,-28.377412010098915,79.859302879032995));
#6106=CARTESIAN_POINT('',(19.421380399258034,-30.96644905838874,79.864861684669307));
#6107=CARTESIAN_POINT('',(15.377522039954531,-33.176636837617274,79.874957762598441));
#6108=CARTESIAN_POINT('',(11.272243775807869,-34.748872015855767,79.888155659606426));
#6109=CARTESIAN_POINT('',(8.16704835158858,-35.599295154297621,79.899638456561007));
#6110=CARTESIAN_POINT('',(5.911518840716973,-36.033392766374156,79.90880878599431));
#6111=CARTESIAN_POINT('',(5.126345959091171,-36.145207282379474,79.912166783055724));
#6112=CARTESIAN_POINT('',(4.947089809678172,-36.170860630654879,79.91293488785432));
#6113=CARTESIAN_POINT('',(36.431476213814328,-2.570148018108591,83.623437836294329));
#6114=CARTESIAN_POINT('',(36.415589668052867,-2.750720498976887,83.622794537965405));
#6115=CARTESIAN_POINT('',(36.346337237984663,-3.542538600146199,83.619961505343724));
#6116=CARTESIAN_POINT('',(36.035405672046167,-5.820654140315577,83.612252566631781));
#6117=CARTESIAN_POINT('',(35.359554620339502,-8.968938891183756,83.602625165195562));
#6118=CARTESIAN_POINT('',(34.157337577220169,-12.73455604266692,83.592666092894149));
#6119=CARTESIAN_POINT('',(32.305822238176852,-16.835555329890941,83.583944557271764));
#6120=CARTESIAN_POINT('',(29.480705251083386,-21.441863199377714,83.577282046897011));
#6121=CARTESIAN_POINT('',(26.17979922308438,-25.307448680736975,83.575840097435133));
#6122=CARTESIAN_POINT('',(22.853902314599704,-28.268233524814079,83.578395697064153));
#6123=CARTESIAN_POINT('',(19.367225789347835,-30.863403504997407,83.583141448638372));
#6124=CARTESIAN_POINT('',(15.344455212836865,-33.094418745089143,83.591693325826668));
#6125=CARTESIAN_POINT('',(11.253362175729084,-34.699653665067395,83.602758822976909));
#6126=CARTESIAN_POINT('',(8.153316554953893,-35.580160980967833,83.612351553187267));
#6127=CARTESIAN_POINT('',(5.897606492411827,-36.038378925280192,83.62001209002878));
#6128=CARTESIAN_POINT('',(5.111433428943771,-36.158936875825496,83.622818653701572));
#6129=CARTESIAN_POINT('',(4.931959197843245,-36.186591064198275,83.623461079479199));
#6130=CARTESIAN_POINT('',(36.431442734485728,-2.570099849883599,86.788640403611907));
#6131=CARTESIAN_POINT('',(36.415567676489744,-2.750618957856724,86.789497113675779));
#6132=CARTESIAN_POINT('',(36.346360429718018,-3.542531769087176,86.79324788830894));
#6133=CARTESIAN_POINT('',(36.035324967476804,-5.820607845840003,86.803583502049776));
#6134=CARTESIAN_POINT('',(35.35913058364779,-8.968899569932333,86.816828851543292));
#6135=CARTESIAN_POINT('',(34.15620896715977,-12.734236713256237,86.830739790906719));
#6136=CARTESIAN_POINT('',(32.303992738895474,-16.834711001748317,86.842813854234436));
#6137=CARTESIAN_POINT('',(29.478332054797502,-21.440210743273024,86.851930542167466));
#6138=CARTESIAN_POINT('',(26.177626301201254,-25.305239700654095,86.853808292806264));
#6139=CARTESIAN_POINT('',(22.852201784876826,-28.266116597421398,86.850325701398191));
#6140=CARTESIAN_POINT('',(19.366120759625094,-30.861468185691766,86.843756868871907));
#6141=CARTESIAN_POINT('',(15.344013545428526,-33.093232971548638,86.831960931532564));
#6142=CARTESIAN_POINT('',(11.253232774163402,-34.699229089539138,86.816588585608571));
#6143=CARTESIAN_POINT('',(8.153298714026462,-35.580109616210692,86.803458469985557));
#6144=CARTESIAN_POINT('',(5.897549089504789,-36.038431824385867,86.793233015074435));
#6145=CARTESIAN_POINT('',(5.111354285833933,-36.158931378815652,86.78952078353953));
#6146=CARTESIAN_POINT('',(4.931900191922713,-36.186588758892739,86.788679415065019));
#6147=CARTESIAN_POINT('',(36.396793314707814,-2.645998193176724,89.685303899946575));
#6148=CARTESIAN_POINT('',(36.384855185734317,-2.826001400329882,89.688388628635749));
#6149=CARTESIAN_POINT('',(36.332872978694901,-3.615655833849974,89.701925290046233));
#6150=CARTESIAN_POINT('',(36.069897182642237,-5.892843273115739,89.739071554117089));
#6151=CARTESIAN_POINT('',(35.45477563559345,-9.05117548218213,89.786124423140706));
#6152=CARTESIAN_POINT('',(34.312742798406489,-12.843109401948036,89.834854271774788));
#6153=CARTESIAN_POINT('',(32.505596454283634,-16.985198393837948,89.876722085834388));
#6154=CARTESIAN_POINT('',(29.69907706258693,-21.64272524310141,89.908054760104491));
#6155=CARTESIAN_POINT('',(26.377530721607805,-25.54154199353707,89.914716149577828));
#6156=CARTESIAN_POINT('',(23.014706421336754,-28.506492109739668,89.903068619900267));
#6157=CARTESIAN_POINT('',(19.485342596329652,-31.087495971428222,89.88088733035039));
#6158=CARTESIAN_POINT('',(15.415801942885242,-33.272022067908821,89.840339865991751));
#6159=CARTESIAN_POINT('',(11.293566027968641,-34.805148110127256,89.786527158366965));
#6160=CARTESIAN_POINT('',(8.182412401430495,-35.621100351986001,89.739855763323931));
#6161=CARTESIAN_POINT('',(5.927071896718376,-36.028463454791428,89.703036350181009));
#6162=CARTESIAN_POINT('',(5.143012392547681,-36.130745163147679,89.689627471517426));
#6163=CARTESIAN_POINT('',(4.964048410281222,-36.154238832533451,89.686576884932038));
#6164=CARTESIAN_POINT('',(36.36632725838718,-2.712420175489925,91.279851647621399));
#6165=CARTESIAN_POINT('',(36.357808810696753,-2.891984164031238,91.284850422585038));
#6166=CARTESIAN_POINT('',(36.320777672385638,-3.679601860119561,91.306797261302606));
#6167=CARTESIAN_POINT('',(36.099954195483178,-5.955950201753958,91.366953206517096));
#6168=CARTESIAN_POINT('',(35.539026008721663,-9.123120388705567,91.442818576131302));
#6169=CARTESIAN_POINT('',(34.451660250862112,-12.938843152027413,91.520833077477079));
#6170=CARTESIAN_POINT('',(32.685411634653065,-17.118362223818377,91.587377320694898));
#6171=CARTESIAN_POINT('',(29.896691856792486,-21.822900700437803,91.636827059831475));
#6172=CARTESIAN_POINT('',(26.556604906107715,-25.752292955806514,91.647405251880826));
#6173=CARTESIAN_POINT('',(23.160106460672445,-28.720785421821375,91.62924792984056));
#6174=CARTESIAN_POINT('',(19.591720887885,-31.288714937234264,91.594452606382703));
#6175=CARTESIAN_POINT('',(15.479461806046208,-33.43048431270843,91.530276997859957));
#6176=CARTESIAN_POINT('',(11.329061968478388,-34.898341465643966,91.444157148808841));
#6177=CARTESIAN_POINT('',(8.207929105410862,-35.656698464566915,91.368906575732041));
#6178=CARTESIAN_POINT('',(5.95300302843159,-36.019325965523855,91.3092443149052));
#6179=CARTESIAN_POINT('',(5.170838663545704,-36.105768209160168,91.28749314907347));
#6180=CARTESIAN_POINT('',(4.992301897755336,-36.125633641535025,91.282541018423643));
#6181=CARTESIAN_POINT('',(36.272625415802736,-2.93033847179337,94.454759413353187));
#6182=CARTESIAN_POINT('',(36.275241879742666,-3.108458704151509,94.462718599261194));
#6183=CARTESIAN_POINT('',(36.286914779241435,-3.889447255995543,94.49767941797765));
#6184=CARTESIAN_POINT('',(36.202623568346674,-6.162805416132643,94.593669997268819));
#6185=CARTESIAN_POINT('',(35.816251584056815,-9.357808296072919,94.714220303668924));
#6186=CARTESIAN_POINT('',(34.904090308485912,-13.249213991382,94.836180431104054));
#6187=CARTESIAN_POINT('',(33.267685701498166,-17.548579902228788,94.937592482300943));
#6188=CARTESIAN_POINT('',(30.533445251243329,-22.404081591901502,95.01102893041994));
#6189=CARTESIAN_POINT('',(27.132103694335115,-26.43255986037639,95.026982549874447));
#6190=CARTESIAN_POINT('',(23.62706698424704,-29.414103607351045,95.001218606577922));
#6191=CARTESIAN_POINT('',(19.933410587487302,-31.941902009554273,94.950654361142611));
#6192=CARTESIAN_POINT('',(15.684510276799202,-33.94779399283378,94.854576032683468));
#6193=CARTESIAN_POINT('',(11.444616311870529,-35.205857255286837,94.720638526314772));
#6194=CARTESIAN_POINT('',(8.292269126604603,-35.778335287632402,94.601398799769086));
#6195=CARTESIAN_POINT('',(6.039199977818914,-35.995912417767578,94.506212231546868));
#6196=CARTESIAN_POINT('',(5.263316299884106,-36.03076850763582,94.471558787594446));
#6197=CARTESIAN_POINT('',(5.086199297052487,-36.038818250194943,94.463660014964432));
#6198=CARTESIAN_POINT('',(36.037887128688332,-3.509746998235459,99.967851648860091));
#6199=CARTESIAN_POINT('',(36.069644387230106,-3.683872181852555,99.98023015228226));
#6200=CARTESIAN_POINT('',(36.208819038759394,-4.446412982220719,100.03461357480055));
#6201=CARTESIAN_POINT('',(36.481581969800786,-6.708313062533621,100.1841569878051));
#6202=CARTESIAN_POINT('',(36.550217707098021,-9.971206024032247,100.36916364790613));
#6203=CARTESIAN_POINT('',(36.0905228432228,-14.05538376115534,100.54969060444442));
#6204=CARTESIAN_POINT('',(34.784275137782274,-18.662701501858528,100.6933499796216));
#6205=CARTESIAN_POINT('',(32.182937645047161,-23.908464227335344,100.79352890758554));
#6206=CARTESIAN_POINT('',(28.618052410170915,-28.196916866945472,100.81626684597492));
#6207=CARTESIAN_POINT('',(24.831002496171628,-31.217734744667673,100.78474330511371));
#6208=CARTESIAN_POINT('',(20.813994391056561,-33.647895033015686,100.71960643112151));
#6209=CARTESIAN_POINT('',(16.214854783953722,-35.307978850693601,100.58945670183306));
#6210=CARTESIAN_POINT('',(11.747812489679447,-36.022263380908377,100.39470432689342));
#6211=CARTESIAN_POINT('',(8.51911736987547,-36.108205973227044,100.21340268016017));
#6212=CARTESIAN_POINT('',(6.274642498943519,-35.944508356120593,100.06532804707584));
#6213=CARTESIAN_POINT('',(5.516281611134303,-35.843577962098507,100.01123399962032));
#6214=CARTESIAN_POINT('',(5.343109424811416,-35.820526650694163,99.998899961983426));
#6215=CARTESIAN_POINT('',(35.713599689457368,-4.667151427065306,107.78257588622481));
#6216=CARTESIAN_POINT('',(35.803393084258147,-4.833446055535482,107.79601954754079));
#6217=CARTESIAN_POINT('',(36.196739621491794,-5.56125014894496,107.85484672836047));
#6218=CARTESIAN_POINT('',(37.169716538533834,-7.80313945423449,108.0248850432458));
#6219=CARTESIAN_POINT('',(38.119951279445282,-11.199415903606504,108.24686227815658));
#6220=CARTESIAN_POINT('',(38.53526135561421,-15.663073082862425,108.46803025046029));
#6221=CARTESIAN_POINT('',(37.864190283248803,-20.888528635289106,108.64025507260629));
#6222=CARTESIAN_POINT('',(35.501740999531663,-26.927911644386672,108.75656823241482));
#6223=CARTESIAN_POINT('',(31.5881479501858,-31.754445105981347,108.78423238141571));
#6224=CARTESIAN_POINT('',(27.222489766577588,-34.87360346008991,108.75254429442444));
#6225=CARTESIAN_POINT('',(22.548151611203515,-37.129445833714939,108.68348323442081));
#6226=CARTESIAN_POINT('',(17.247105755466492,-38.124181749661297,108.5394586095546));
#6227=CARTESIAN_POINT('',(12.337717747998507,-37.78393699593498,108.3151382294605));
#6228=CARTESIAN_POINT('',(8.967007818805312,-36.924450013358708,108.10721968419588));
#6229=CARTESIAN_POINT('',(6.744621726753915,-36.012605469276131,107.94314740703521));
#6230=CARTESIAN_POINT('',(6.022456481845373,-35.641642046683224,107.88539148584579));
#6231=CARTESIAN_POINT('',(5.857597886717304,-35.556840824754531,107.872169947532));
#6232=CARTESIAN_POINT('',(35.409717653546664,-5.772669239846135,117.25604427475861));
#6233=CARTESIAN_POINT('',(35.571009151023674,-5.933813848513197,117.26428950917781));
#6234=CARTESIAN_POINT('',(36.278054951989411,-6.63681087036628,117.30016228344064));
#6235=CARTESIAN_POINT('',(38.099008796102552,-8.912370198440721,117.41291665098586));
#6236=CARTESIAN_POINT('',(40.07598611178107,-12.545715513056532,117.5807608877701));
#6237=CARTESIAN_POINT('',(41.465642978637959,-17.520392096013691,117.7781823692695));
#6238=CARTESIAN_POINT('',(41.483390839408301,-23.494235614491515,117.95782523120467));
#6239=CARTESIAN_POINT('',(39.36949428351339,-30.463937724373643,118.09247783035048));
#6240=CARTESIAN_POINT('',(35.041465881357311,-35.917808671817141,118.12675811000007));
#6241=CARTESIAN_POINT('',(29.995722074851958,-39.158553302250752,118.08989239579407));
#6242=CARTESIAN_POINT('',(24.547943044385995,-41.226515144836505,118.01155770391685));
#6243=CARTESIAN_POINT('',(18.404929351129866,-41.489329044751898,117.85781197572236));
#6244=CARTESIAN_POINT('',(12.902571983844339,-39.974370002237684,117.65860851475551));
#6245=CARTESIAN_POINT('',(9.277949485542305,-38.025166198323973,117.50337127865961));
#6246=CARTESIAN_POINT('',(7.014256876117324,-36.221738108639073,117.39723749523151));
#6247=CARTESIAN_POINT('',(6.313354030700764,-35.522485691864254,117.36340877719084));
#6248=CARTESIAN_POINT('',(6.153226574640315,-35.362806235668678,117.35558626332072));
#6249=CARTESIAN_POINT('',(35.2605847827692,-6.150056272521541,123.70032082729018));
#6250=CARTESIAN_POINT('',(35.451164266013933,-6.309058085123947,123.70440891350334));
#6251=CARTESIAN_POINT('',(36.286617577926393,-7.003266351277021,123.72210809597546));
#6252=CARTESIAN_POINT('',(38.455847847421722,-9.296426858386486,123.77822477895522));
#6253=CARTESIAN_POINT('',(40.851036456497269,-13.03925151994974,123.86271363270663));
#6254=CARTESIAN_POINT('',(42.614210675547611,-18.239543068150404,123.9667424371367));
#6255=CARTESIAN_POINT('',(42.862579773220446,-24.514533285505596,124.07059134883983));
#6256=CARTESIAN_POINT('',(40.804623225158608,-31.815472363105691,124.1587690000806));
#6257=CARTESIAN_POINT('',(36.327025362742596,-37.474440034720345,124.18356840758653));
#6258=CARTESIAN_POINT('',(31.047258778853593,-40.761511190919613,124.15767366343562));
#6259=CARTESIAN_POINT('',(25.325495772175159,-42.776394874182849,124.10519741380485));
#6260=CARTESIAN_POINT('',(18.853843619968046,-42.797509858129992,124.01176608789187));
#6261=CARTESIAN_POINT('',(13.088167379557508,-40.83626383286871,123.90514937020325));
#6262=CARTESIAN_POINT('',(9.343516444523145,-38.447436093056496,123.8262563136868));
#6263=CARTESIAN_POINT('',(7.053419707203398,-36.278313449336267,123.77364060444265));
#6264=CARTESIAN_POINT('',(6.358743513135359,-35.444249842901449,123.75696715454129));
#6265=CARTESIAN_POINT('',(6.199971304091779,-35.253833014350569,123.75313581220972));
#6266=CARTESIAN_POINT('',(35.235768115200216,-6.217808770275662,127.50418729240435));
#6267=CARTESIAN_POINT('',(35.431468403119524,-6.376409212502637,127.505414051646));
#6268=CARTESIAN_POINT('',(36.289392150460671,-7.069061880247901,127.51073536783704));
#6269=CARTESIAN_POINT('',(38.519417372620623,-9.365147019486944,127.52761779379617));
#6270=CARTESIAN_POINT('',(40.987680736019612,-13.126902264369964,127.55309463236591));
#6271=CARTESIAN_POINT('',(42.816235972153287,-18.366588410187145,127.58463651572961));
#6272=CARTESIAN_POINT('',(43.104100317159102,-24.694620694077599,127.61646425310951));
#6273=CARTESIAN_POINT('',(41.053304185873515,-32.052119447724351,127.64388269493878));
#6274=CARTESIAN_POINT('',(36.549755977760192,-37.744471427321614,127.65167715670529));
#6275=CARTESIAN_POINT('',(31.230974882440886,-41.039887533337705,127.64357530359158));
#6276=CARTESIAN_POINT('',(25.462644443994932,-43.047030431554333,127.6272176028786));
#6277=CARTESIAN_POINT('',(18.933429525227183,-43.027486814873839,127.59842923833003));
#6278=CARTESIAN_POINT('',(13.121596430652659,-40.988226592979061,127.5660557034635));
#6279=CARTESIAN_POINT('',(9.356304165821097,-38.522744857048949,127.54224571657149));
#6280=CARTESIAN_POINT('',(7.06177364599287,-36.289848877798754,127.52642599953634));
#6281=CARTESIAN_POINT('',(6.368286340892951,-35.432281544741862,127.52141073485633));
#6282=CARTESIAN_POINT('',(6.209768359444617,-35.236495776402933,127.5202645804637));
#6283=CARTESIAN_POINT('',(35.23044637900918,-6.231906994891369,128.56577772539327));
#6284=CARTESIAN_POINT('',(35.427220933609604,-6.390443166530456,128.56659634569567));
#6285=CARTESIAN_POINT('',(36.289860917336412,-7.082791931358299,128.57015323731804));
#6286=CARTESIAN_POINT('',(38.532690817005445,-9.379556400105674,128.58142652972822));
#6287=CARTESIAN_POINT('',(41.016488680377314,-13.145225003456353,128.59843304680388));
#6288=CARTESIAN_POINT('',(42.859393172216855,-18.3931180462911,128.6195239909546));
#6289=CARTESIAN_POINT('',(43.156604139724458,-24.732585450012252,128.64091705174221));
#6290=CARTESIAN_POINT('',(41.108342219519329,-32.103168219429755,128.65945035422658));
#6291=CARTESIAN_POINT('',(36.5989042658369,-37.803807784721272,128.66473465922684));
#6292=CARTESIAN_POINT('',(31.270867143609742,-41.101102734412535,128.65925507795419));
#6293=CARTESIAN_POINT('',(25.491730732645244,-43.106139158877596,128.64819350801366));
#6294=CARTESIAN_POINT('',(18.949883204114954,-43.076872534507011,128.6288071914384));
#6295=CARTESIAN_POINT('',(13.128432774490037,-41.020415021847654,128.60714311134831));
#6296=CARTESIAN_POINT('',(9.35887297332528,-38.538501227674928,128.5912416558424));
#6297=CARTESIAN_POINT('',(7.063436812536949,-36.29209354212491,128.58067538723631));
#6298=CARTESIAN_POINT('',(6.370183848088221,-35.429567005158503,128.57731912363226));
#6299=CARTESIAN_POINT('',(6.211713603888765,-35.232647909385165,128.57655489095168));
#6300=CARTESIAN_POINT('',(35.225614513021249,-6.244829143878794,130.69321531235227));
#6301=CARTESIAN_POINT('',(35.423374144506418,-6.403300199225081,130.69323487351124));
#6302=CARTESIAN_POINT('',(36.290335121866832,-7.095377245819306,130.69333972715947));
#6303=CARTESIAN_POINT('',(38.544887358599311,-9.39275666102397,130.69361001656691));
#6304=CARTESIAN_POINT('',(41.042899470510399,-13.162022481104959,130.69395315865577));
#6305=CARTESIAN_POINT('',(42.898900207766289,-18.41744245967821,130.6943779133764));
#6306=CARTESIAN_POINT('',(43.204582590009402,-24.767376492913577,130.69498166172076));
#6307=CARTESIAN_POINT('',(41.158521925086575,-32.149838504797266,130.69566366447756));
#6308=CARTESIAN_POINT('',(36.643724679595451,-37.857938166884125,130.69587430635625));
#6309=CARTESIAN_POINT('',(31.307309550687464,-41.15695832591279,130.69568424473422));
#6310=CARTESIAN_POINT('',(25.518364652971268,-43.160118161544986,130.69527375406071));
#6311=CARTESIAN_POINT('',(18.964978032040055,-43.122062460061329,130.69467504357075));
#6312=CARTESIAN_POINT('',(13.134702252878599,-41.049915667122363,130.69420139817242));
#6313=CARTESIAN_POINT('',(9.361230259162616,-38.552980889884644,130.69386350169924));
#6314=CARTESIAN_POINT('',(7.064960324796691,-36.294211272851044,130.69359608993074));
#6315=CARTESIAN_POINT('',(6.371921607119657,-35.427143374936662,130.69348501360511));
#6316=CARTESIAN_POINT('',(6.213498000992726,-35.229186955247222,130.69346756381984));
#6317=CARTESIAN_POINT('',(35.227898450718079,-6.238965062626694,133.35066779008875));
#6318=CARTESIAN_POINT('',(35.425211903468835,-6.397443839497977,133.35014499606524));
#6319=CARTESIAN_POINT('',(36.290196112982784,-7.089684771689083,133.34790474457577));
#6320=CARTESIAN_POINT('',(38.53937842606306,-9.386765697675525,133.34069356003499));
#6321=CARTESIAN_POINT('',(41.030917343462733,-13.154406210526652,133.32968696519279));
#6322=CARTESIAN_POINT('',(42.881005317274621,-18.406370115494667,133.31600094198077));
#6323=CARTESIAN_POINT('',(43.18296439551964,-24.751573663775194,133.30235529952409));
#6324=CARTESIAN_POINT('',(41.135996310617521,-32.128753320262938,133.29074200658178));
#6325=CARTESIAN_POINT('',(36.623595744018644,-37.833576105588129,133.28744555757771));
#6326=CARTESIAN_POINT('',(31.290867104876625,-41.131869564469412,133.29090635178093));
#6327=CARTESIAN_POINT('',(25.506267360099059,-43.135799710690428,133.29783788521925));
#6328=CARTESIAN_POINT('',(18.958083113256635,-43.101632085995334,133.31013812833999));
#6329=CARTESIAN_POINT('',(13.131848272129925,-41.036555761845847,133.32413771212441));
#6330=CARTESIAN_POINT('',(9.360187655602623,-38.546455977560413,133.33440163425576));
#6331=CARTESIAN_POINT('',(7.064298633046413,-36.293341278471864,133.34113463726555));
#6332=CARTESIAN_POINT('',(6.3711510984828,-35.428341750329636,133.34322797587433));
#6333=CARTESIAN_POINT('',(6.212718796059781,-35.230860683902407,133.34371683943687));
#6334=CARTESIAN_POINT('',(35.234544110911429,-6.22144026873467,136.00334183691604));
#6335=CARTESIAN_POINT('',(35.430523166357951,-6.379964786341614,136.00272075843884));
#6336=CARTESIAN_POINT('',(36.289634557847748,-7.072580858541438,136.00005179378172));
#6337=CARTESIAN_POINT('',(38.5228342985816,-9.36873287552125,135.99150014366884));
#6338=CARTESIAN_POINT('',(40.994852758119663,-13.131590371057753,135.97850038344373));
#6339=CARTESIAN_POINT('',(42.826421922412273,-18.373412325784322,135.96238074830308));
#6340=CARTESIAN_POINT('',(43.115653104406952,-24.704063403724401,135.9463006876417));
#6341=CARTESIAN_POINT('',(41.064468344786782,-32.063688660554433,135.93260720768671));
#6342=CARTESIAN_POINT('',(36.559870024767307,-37.756859977001596,135.9287233025031));
#6343=CARTESIAN_POINT('',(31.239766281508249,-41.05270492702477,135.9327946413845));
#6344=CARTESIAN_POINT('',(25.46968831456859,-43.059731292338903,135.94096696455341));
#6345=CARTESIAN_POINT('',(18.937812457469192,-43.0389104920596,135.95546534301593));
#6346=CARTESIAN_POINT('',(13.123459160743213,-40.996098156311611,135.97196792873797));
#6347=CARTESIAN_POINT('',(9.357029378942073,-38.526787413623815,135.98409774623224));
#6348=CARTESIAN_POINT('',(7.062231328187077,-36.290610296799336,135.99209088044523));
#6349=CARTESIAN_POINT('',(6.368798452446777,-35.431803089581486,135.99458954742548));
#6350=CARTESIAN_POINT('',(6.210319428068905,-35.235739283933093,135.99517058936777));
#6351=CARTESIAN_POINT('',(35.238469274872962,-6.210912416961076,138.11886271241596));
#6352=CARTESIAN_POINT('',(35.433648920667579,-6.369469910467339,138.11847336910364));
#6353=CARTESIAN_POINT('',(36.289249953328373,-7.062288829670828,138.11680468722423));
#6354=CARTESIAN_POINT('',(38.512892598663733,-9.357881512266044,138.11144544817245));
#6355=CARTESIAN_POINT('',(40.973191478067974,-13.117889221960954,138.10328572089912));
#6356=CARTESIAN_POINT('',(42.79352129104133,-18.353672822826624,138.09316981128927));
#6357=CARTESIAN_POINT('',(43.074850914707866,-24.675534611364647,138.08312002187054));
#6358=CARTESIAN_POINT('',(41.020886896711218,-32.024342789086802,138.07459506052564));
#6359=CARTESIAN_POINT('',(36.521071479523627,-37.710221308170681,138.07217883853968));
#6360=CARTESIAN_POINT('',(31.208804038754167,-41.0045493233876,138.07471859765442));
#6361=CARTESIAN_POINT('',(25.447687307397238,-43.013566959791625,138.07980763710376));
#6362=CARTESIAN_POINT('',(18.925710729070854,-43.001036191643053,138.08886014426398));
#6363=CARTESIAN_POINT('',(13.118436785103277,-40.971755163044882,138.09920946144206));
#6364=CARTESIAN_POINT('',(9.355103050799048,-38.514954469236486,138.1068201371445));
#6365=CARTESIAN_POINT('',(7.060948256212494,-36.288923277571797,138.11182600328061));
#6366=CARTESIAN_POINT('',(6.367351283010833,-35.433825540930435,138.11338497638897));
#6367=CARTESIAN_POINT('',(6.208839742841535,-35.238609563046921,138.11374941685818));
#6368=CARTESIAN_POINT('',(35.239352734919599,-6.20857913512973,139.17401965383203));
#6369=CARTESIAN_POINT('',(35.434355378022538,-6.367139579152034,139.17384371795265));
#6370=CARTESIAN_POINT('',(36.289176298817225,-7.060007482909285,139.17309607061773));
#6371=CARTESIAN_POINT('',(38.510691484721299,-9.35546919580003,139.17067100430839));
#6372=CARTESIAN_POINT('',(40.968376966176066,-13.114851366932792,139.16695067277749));
#6373=CARTESIAN_POINT('',(42.786175678700005,-18.349296501943574,139.16233379587703));
#6374=CARTESIAN_POINT('',(43.065695584560501,-24.669191554234381,139.15780469165168));
#6375=CARTESIAN_POINT('',(41.011055295988001,-32.015531266073097,139.15401609823365));
#6376=CARTESIAN_POINT('',(36.512326477639469,-37.699717745534286,139.15294690004237));
#6377=CARTESIAN_POINT('',(31.201855797176158,-40.993708500216684,139.15408108710037));
#6378=CARTESIAN_POINT('',(25.442783818034627,-43.003190734270227,139.15634257316898));
#6379=CARTESIAN_POINT('',(18.92303548716772,-42.992567993351116,139.16040500250668));
#6380=CARTESIAN_POINT('',(13.11732929330879,-40.96633711093196,139.16511497678118));
#6381=CARTESIAN_POINT('',(9.354680803447144,-38.512334390543714,139.16857839411099));
#6382=CARTESIAN_POINT('',(7.060666566562592,-36.288565671519166,139.17083813862732));
#6383=CARTESIAN_POINT('',(6.367032462372402,-35.434292597523743,139.17153178960501));
#6384=CARTESIAN_POINT('',(6.208515777525506,-35.239265530573206,139.17169675753405));
#6385=CARTESIAN_POINT('',(35.239360464129831,-6.208580423445324,140.2276779668876));
#6386=CARTESIAN_POINT('',(35.434363298000903,-6.36713877113043,140.22776071778597));
#6387=CARTESIAN_POINT('',(36.28918332181491,-7.060010010593516,140.22813007232924));
#6388=CARTESIAN_POINT('',(38.51069508926399,-9.355469545079822,140.22926113231688));
#6389=CARTESIAN_POINT('',(40.968378493896154,-13.114853432744011,140.23091825934563));
#6390=CARTESIAN_POINT('',(42.786175578432676,-18.349296646189053,140.23296068744526));
#6391=CARTESIAN_POINT('',(43.065697147827173,-24.669191890258631,140.23511989453206));
#6392=CARTESIAN_POINT('',(41.011055373207725,-32.015531168208376,140.23707186377206));
#6393=CARTESIAN_POINT('',(36.51232697330024,-37.699715962520749,140.2376353469501));
#6394=CARTESIAN_POINT('',(31.201855283673737,-40.993710721738267,140.23706652431318));
#6395=CARTESIAN_POINT('',(25.442782551887802,-43.003190272140195,140.23590099540928));
#6396=CARTESIAN_POINT('',(18.923034905317287,-42.992568930020248,140.23391713165842));
#6397=CARTESIAN_POINT('',(13.117329972465505,-40.966339516641725,140.2317968397993));
#6398=CARTESIAN_POINT('',(9.354683406917099,-38.512339722904294,140.23023614914413));
#6399=CARTESIAN_POINT('',(7.060668980513821,-36.288574583771826,140.22916714383467));
#6400=CARTESIAN_POINT('',(6.367033981973975,-35.434301857418681,140.22881100367238));
#6401=CARTESIAN_POINT('',(6.208518443082284,-35.239275130150986,140.22873417385532));
#6402=CARTESIAN_POINT('',(35.239373013784515,-6.208582669800904,141.28737544349892));
#6403=CARTESIAN_POINT('',(35.434376152143294,-6.3671376436852,141.28738269537308));
#6404=CARTESIAN_POINT('',(36.289194727135047,-7.060014229450086,141.28742554226719));
#6405=CARTESIAN_POINT('',(38.510700961391265,-9.355470233939789,141.28751900194968));
#6406=CARTESIAN_POINT('',(40.968380927918204,-13.114856876695907,141.28760933663585));
#6407=CARTESIAN_POINT('',(42.786175157356055,-18.349296995367585,141.2877118973953));
#6408=CARTESIAN_POINT('',(43.065699012205314,-24.669192418273532,141.2879182612491));
#6409=CARTESIAN_POINT('',(41.01105446450098,-32.015530537385025,141.28818996735114));
#6410=CARTESIAN_POINT('',(36.512326901389272,-37.699712140508844,141.2882752154548));
#6411=CARTESIAN_POINT('',(31.201853995825687,-40.993713279592896,141.28820443369702));
#6412=CARTESIAN_POINT('',(25.442780448571941,-43.003188700510279,141.28804200231122));
#6413=CARTESIAN_POINT('',(18.923034124236679,-42.992570043516395,141.28782486554584));
#6414=CARTESIAN_POINT('',(13.117331226493782,-40.966343306724298,141.28769530922207));
#6415=CARTESIAN_POINT('',(9.354687755943155,-38.512348374033252,141.28759898009886));
#6416=CARTESIAN_POINT('',(7.060673027967841,-36.288589062820968,141.28750166224461));
#6417=CARTESIAN_POINT('',(6.367036602951811,-35.434316916271278,141.28745276156991));
#6418=CARTESIAN_POINT('',(6.208522906402576,-35.239290739286773,141.28744647987594));
#6419=CARTESIAN_POINT('',(35.239385605370188,-6.20858488822314,143.40335759300032));
#6420=CARTESIAN_POINT('',(35.434389050439151,-6.367136470166859,143.40340270963827));
#6421=CARTESIAN_POINT('',(36.289206170031093,-7.06001843609393,143.40360866449916));
#6422=CARTESIAN_POINT('',(38.510706848654969,-9.355470897186592,143.40422285632167));
#6423=CARTESIAN_POINT('',(40.96838338073119,-13.114860311572906,143.40510235376112));
#6424=CARTESIAN_POINT('',(42.78617479409175,-18.349297319351251,143.40618250867973));
#6425=CARTESIAN_POINT('',(43.065701037316231,-24.669192952082625,143.40736722124919));
#6426=CARTESIAN_POINT('',(41.011053789860014,-32.015530012659731,143.408475435615));
#6427=CARTESIAN_POINT('',(36.512327030253189,-37.69970851827398,143.40879832596116));
#6428=CARTESIAN_POINT('',(31.201852807791788,-40.993716086550762,143.40847905057515));
#6429=CARTESIAN_POINT('',(25.442778349123362,-43.003187311938845,143.40781724617986));
#6430=CARTESIAN_POINT('',(18.923033303023562,-42.992571254130908,143.40671671012635));
#6431=CARTESIAN_POINT('',(13.117332450019894,-40.966347136064407,143.40558528818877));
#6432=CARTESIAN_POINT('',(9.354692091559166,-38.512357055636386,143.40475205628661));
#6433=CARTESIAN_POINT('',(7.060677059595681,-36.288603588292048,143.40416763493022));
#6434=CARTESIAN_POINT('',(6.367039197456389,-35.434332019963833,143.40396573320942));
#6435=CARTESIAN_POINT('',(6.208527353602547,-35.239306395387338,143.40392404201208));
#6436=CARTESIAN_POINT('',(35.23944318728843,-6.208595096845626,147.10808291202352));
#6437=CARTESIAN_POINT('',(35.434448032792375,-6.36713117962246,147.10809705403989));
#6438=CARTESIAN_POINT('',(36.289258499892362,-7.060037720544225,147.10816726541498));
#6439=CARTESIAN_POINT('',(38.510733779446561,-9.355473980399689,147.10835673228291));
#6440=CARTESIAN_POINT('',(40.968394578411562,-13.114876056407326,147.10860279910128));
#6441=CARTESIAN_POINT('',(42.786173026468731,-18.349298848307253,147.10890014071975));
#6442=CARTESIAN_POINT('',(43.065710020650698,-24.669195385976316,147.10928074345583));
#6443=CARTESIAN_POINT('',(41.011050278697915,-32.015527418654656,147.10968242341815));
#6444=CARTESIAN_POINT('',(36.512327258393569,-37.699691571742434,147.10980298774291));
#6445=CARTESIAN_POINT('',(31.201847187791032,-40.993728490697727,147.10969161461603));
#6446=CARTESIAN_POINT('',(25.442768728670828,-43.003180623603228,147.10945163822873));
#6447=CARTESIAN_POINT('',(18.923029614993531,-42.99257662252198,147.10908331713983));
#6448=CARTESIAN_POINT('',(13.117338107593568,-40.966364600037139,147.10875902146321));
#6449=CARTESIAN_POINT('',(9.354711968737909,-38.512396754200189,147.1085196623674));
#6450=CARTESIAN_POINT('',(7.060695549152774,-36.288670017473457,147.10833451117304));
#6451=CARTESIAN_POINT('',(6.367051125546832,-35.434401099702399,147.10826167899558));
#6452=CARTESIAN_POINT('',(6.208547746615661,-35.239378000799697,147.10824885419942));
#6453=CARTESIAN_POINT('',(35.239495837741309,-6.208604416064905,154.51605161524304));
#6454=CARTESIAN_POINT('',(35.434501964257173,-6.367126324135864,154.51608587826405));
#6455=CARTESIAN_POINT('',(36.289306347861427,-7.060055342206615,154.51624119588053));
#6456=CARTESIAN_POINT('',(38.510758401903402,-9.355476787656267,154.51670822228007));
#6457=CARTESIAN_POINT('',(40.968404821637918,-13.114890444037581,154.51738185616546));
#6458=CARTESIAN_POINT('',(42.786171435479083,-18.349300235079632,154.51821011866673));
#6459=CARTESIAN_POINT('',(43.06571830050526,-24.669197613143318,154.51910804242902));
#6460=CARTESIAN_POINT('',(41.011047169334915,-32.015525092943044,154.51993917594737));
#6461=CARTESIAN_POINT('',(36.512327552702985,-37.699676167180499,154.52018065443986));
#6462=CARTESIAN_POINT('',(31.201842093494598,-40.993739935088399,154.51994036618834));
#6463=CARTESIAN_POINT('',(25.442759936784206,-43.003174588364381,154.51944404862274));
#6464=CARTESIAN_POINT('',(18.923026226817299,-42.992581570972519,154.51861277301938));
#6465=CARTESIAN_POINT('',(13.117343265846106,-40.966380579688824,154.51774767716796));
#6466=CARTESIAN_POINT('',(9.354730131670001,-38.512433053544626,154.51711068300997));
#6467=CARTESIAN_POINT('',(7.060712442702188,-36.288730756653045,154.5166672332652));
#6468=CARTESIAN_POINT('',(6.367062017063212,-35.434464260938014,154.51651574468593));
#6469=CARTESIAN_POINT('',(6.208566379886308,-35.239443471525867,154.51648403606279));
#6470=CARTESIAN_POINT('',(35.239710874107388,-6.208642514185963,160.8666666666667));
#6471=CARTESIAN_POINT('',(35.434722231330753,-6.367106536587892,160.8666666666667));
#6472=CARTESIAN_POINT('',(36.289501770341516,-7.060127340027311,160.86666666666676));
#6473=CARTESIAN_POINT('',(38.510858970184991,-9.355488281736538,160.86666666666676));
#6474=CARTESIAN_POINT('',(40.968446646369152,-13.114949227469674,160.86666666666676));
#6475=CARTESIAN_POINT('',(42.786164876825119,-18.349305925989022,160.86666666666676));
#6476=CARTESIAN_POINT('',(43.065751958959055,-24.669206705267136,160.86666666666673));
#6477=CARTESIAN_POINT('',(41.011034226993701,-32.015515483313386,160.86666666666679));
#6478=CARTESIAN_POINT('',(36.512328548714585,-37.699613033629468,160.86666666666676));
#6479=CARTESIAN_POINT('',(31.201821180528224,-40.993786430030283,160.86666666666679));
#6480=CARTESIAN_POINT('',(25.4427240175634,-43.003149746089768,160.86666666666676));
#6481=CARTESIAN_POINT('',(18.923012427194621,-42.992601685843567,160.86666666666679));
#6482=CARTESIAN_POINT('',(13.117364368871872,-40.966445816947441,160.86666666666673));
#6483=CARTESIAN_POINT('',(9.354804341831491,-38.512581306674988,160.86666666666673));
#6484=CARTESIAN_POINT('',(7.060781469861071,-36.288978831213974,160.8666666666667));
#6485=CARTESIAN_POINT('',(6.367106536587906,-35.434722231330738,160.8666666666667));
#6486=CARTESIAN_POINT('',(6.208642514185979,-35.239710874107374,160.8666666666667));
#6487=CARTESIAN_POINT('',(35.239710874107395,-6.208642514185963,165.10000000000002));
#6488=CARTESIAN_POINT('',(35.43472223133076,-6.367106536587892,165.10000000000002));
#6489=CARTESIAN_POINT('',(36.289501770341516,-7.060127340027311,165.10000000000008));
#6490=CARTESIAN_POINT('',(38.510858970184998,-9.355488281736538,165.10000000000008));
#6491=CARTESIAN_POINT('',(40.968446646369152,-13.114949227469674,165.10000000000008));
#6492=CARTESIAN_POINT('',(42.786164876825119,-18.349305925989022,165.10000000000008));
#6493=CARTESIAN_POINT('',(43.065751958959055,-24.669206705267136,165.10000000000005));
#6494=CARTESIAN_POINT('',(41.011034226993708,-32.015515483313386,165.10000000000014));
#6495=CARTESIAN_POINT('',(36.512328548714585,-37.699613033629468,165.10000000000008));
#6496=CARTESIAN_POINT('',(31.201821180528228,-40.993786430030283,165.10000000000014));
#6497=CARTESIAN_POINT('',(25.4427240175634,-43.003149746089768,165.10000000000008));
#6498=CARTESIAN_POINT('',(18.923012427194625,-42.992601685843567,165.10000000000014));
#6499=CARTESIAN_POINT('',(13.117364368871874,-40.966445816947441,165.10000000000005));
#6500=CARTESIAN_POINT('',(9.354804341831493,-38.512581306674988,165.10000000000005));
#6501=CARTESIAN_POINT('',(7.060781469861074,-36.288978831213974,165.10000000000002));
#6502=CARTESIAN_POINT('',(6.367106536587909,-35.434722231330738,165.10000000000002));
#6503=CARTESIAN_POINT('',(6.20864251418598,-35.239710874107374,165.10000000000002));
#6504=B_SPLINE_SURFACE_WITH_KNOTS('',3,3,((#5994,#6011,#6028,#6045,#6062,#6079,#6096,#6113,#6130,#6147,#6164,#6181,#6198,#6215,#6232,#6249,#6266,#6283,#6300,#6317,#6334,#6351,#6368,#6385,#6402,#6419,#6436,#6453,#6470,#6487),(#5995,#6012,#6029,#6046,#6063,#6080,#6097,#6114,#6131,#6148,#6165,#6182,#6199,#6216,#6233,#6250,#6267,#6284,#6301,#6318,#6335,#6352,#6369,#6386,#6403,#6420,#6437,#6454,#6471,#6488),(#5996,#6013,#6030,#6047,#6064,#6081,#6098,#6115,#6132,#6149,#6166,#6183,#6200,#6217,#6234,#6251,#6268,#6285,#6302,#6319,#6336,#6353,#6370,#6387,#6404,#6421,#6438,#6455,#6472,#6489),(#5997,#6014,#6031,#6048,#6065,#6082,#6099,#6116,#6133,#6150,#6167,#6184,#6201,#6218,#6235,#6252,#6269,#6286,#6303,#6320,#6337,#6354,#6371,#6388,#6405,#6422,#6439,#6456,#6473,#6490),(#5998,#6015,#6032,#6049,#6066,#6083,#6100,#6117,#6134,#6151,#6168,#6185,#6202,#6219,#6236,#6253,#6270,#6287,#6304,#6321,#6338,#6355,#6372,#6389,#6406,#6423,#6440,#6457,#6474,#6491),(#5999,#6016,#6033,#6050,#6067,#6084,#6101,#6118,#6135,#6152,#6169,#6186,#6203,#6220,#6237,#6254,#6271,#6288,#6305,#6322,#6339,#6356,#6373,#6390,#6407,#6424,#6441,#6458,#6475,#6492),(#6000,#6017,#6034,#6051,#6068,#6085,#6102,#6119,#6136,#6153,#6170,#6187,#6204,#6221,#6238,#6255,#6272,#6289,#6306,#6323,#6340,#6357,#6374,#6391,#6408,#6425,#6442,#6459,#6476,#6493),(#6001,#6018,#6035,#6052,#6069,#6086,#6103,#6120,#6137,#6154,#6171,#6188,#6205,#6222,#6239,#6256,#6273,#6290,#6307,#6324,#6341,#6358,#6375,#6392,#6409,#6426,#6443,#6460,#6477,#6494),(#6002,#6019,#6036,#6053,#6070,#6087,#6104,#6121,#6138,#6155,#6172,#6189,#6206,#6223,#6240,#6257,#6274,#6291,#6308,#6325,#6342,#6359,#6376,#6393,#6410,#6427,#6444,#6461,#6478,#6495),(#6003,#6020,#6037,#6054,#6071,#6088,#6105,#6122,#6139,#6156,#6173,#6190,#6207,#6224,#6241,#6258,#6275,#6292,#6309,#6326,#6343,#6360,#6377,#6394,#6411,#6428,#6445,#6462,#6479,#6496),(#6004,#6021,#6038,#6055,#6072,#6089,#6106,#6123,#6140,#6157,#6174,#6191,#6208,#6225,#6242,#6259,#6276,#6293,#6310,#6327,#6344,#6361,#6378,#6395,#6412,#6429,#6446,#6463,#6480,#6497),(#6005,#6022,#6039,#6056,#6073,#6090,#6107,#6124,#6141,#6158,#6175,#6192,#6209,#6226,#6243,#6260,#6277,#6294,#6311,#6328,#6345,#6362,#6379,#6396,#6413,#6430,#6447,#6464,#6481,#6498),(#6006,#6023,#6040,#6057,#6074,#6091,#6108,#6125,#6142,#6159,#6176,#6193,#6210,#6227,#6244,#6261,#6278,#6295,#6312,#6329,#6346,#6363,#6380,#6397,#6414,#6431,#6448,#6465,#6482,#6499),(#6007,#6024,#6041,#6058,#6075,#6092,#6109,#6126,#6143,#6160,#6177,#6194,#6211,#6228,#6245,#6262,#6279,#6296,#6313,#6330,#6347,#6364,#6381,#6398,#6415,#6432,#6449,#6466,#6483,#6500),(#6008,#6025,#6042,#6059,#6076,#6093,#6110,#6127,#6144,#6161,#6178,#6195,#6212,#6229,#6246,#6263,#6280,#6297,#6314,#6331,#6348,#6365,#6382,#6399,#6416,#6433,#6450,#6467,#6484,#6501),(#6009,#6026,#6043,#6060,#6077,#6094,#6111,#6128,#6145,#6162,#6179,#6196,#6213,#6230,#6247,#6264,#6281,#6298,#6315,#6332,#6349,#6366,#6383,#6400,#6417,#6434,#6451,#6468,#6485,#6502),(#6010,#6027,#6044,#6061,#6078,#6095,#6112,#6129,#6146,#6163,#6180,#6197,#6214,#6231,#6248,#6265,#6282,#6299,#6316,#6333,#6350,#6367,#6384,#6401,#6418,#6435,#6452,#6469,#6486,#6503)),.UNSPECIFIED.,.F.,.F.,.F.,(4,1,1,1,1,1,1,1,1,1,1,1,1,1,4),(4,1,2,1,1,1,2,1,1,1,1,1,2,1,1,1,1,1,2,1,1,1,1,4),(0.0,0.071428571428571,0.142857142857143,0.214285714285714,0.285714285714286,0.357142857142857,0.428571428571429,0.523809523809524,0.571428571428571,0.619047619047619,0.714285714285714,0.785714285714286,0.857142857142857,0.928571428571429,1.0),(0.0,0.229634702921793,0.459269405843585,0.468837518465326,0.478405631087068,0.49754185633055,0.535814306817516,0.550473743708809,0.565133180600102,0.594452054382689,0.653089801947862,0.711727549513035,0.770365297078208,0.779933409699949,0.789501522321691,0.808637747565173,0.827773972808656,0.837342085430397,0.846910198052139,0.85647831067388,0.866046423295621,0.885182648539104,0.923455099026069,1.0),.UNSPECIFIED.);
#6505=CARTESIAN_POINT('',(4.955044436928989,-36.162100804959593,0.0));
#6506=VERTEX_POINT('',#6505);
#6507=CARTESIAN_POINT('',(4.955044436928989,-36.162100804959586,0.0));
#6508=CARTESIAN_POINT('',(5.1342664738036,-36.137543239524426,0.0));
#6509=CARTESIAN_POINT('',(5.918866645903056,-36.030282747594818,0.0));
#6510=CARTESIAN_POINT('',(8.174192844688461,-35.609038396951817,0.0));
#6511=CARTESIAN_POINT('',(11.282146400141372,-34.774388813691843,0.0));
#6512=CARTESIAN_POINT('',(15.394660233354731,-33.219317632666503,0.0));
#6513=CARTESIAN_POINT('',(19.449394554401067,-31.019866069346552,0.0));
#6514=CARTESIAN_POINT('',(22.964940653989423,-28.433557311668359,0.0));
#6515=CARTESIAN_POINT('',(26.315770147141055,-25.470225652922643,0.0));
#6516=CARTESIAN_POINT('',(29.631266736055824,-21.581980855020344,0.0));
#6517=CARTESIAN_POINT('',(32.444456011035925,-16.940900267642188,0.0));
#6518=CARTESIAN_POINT('',(34.266399926180299,-12.811910635478936,0.0));
#6519=CARTESIAN_POINT('',(35.426942054409515,-9.027999754646407,0.0));
#6520=CARTESIAN_POINT('',(36.059865616739451,-5.872965016987823,0.0));
#6521=CARTESIAN_POINT('',(36.335882402138431,-3.595267921356368,0.0));
#6522=CARTESIAN_POINT('',(36.392475726241337,-2.805429401616864,0.0));
#6523=CARTESIAN_POINT('',(36.405485425327257,-2.625001132625331,0.0));
#6524=B_SPLINE_CURVE_WITH_KNOTS('',3,(#6507,#6508,#6509,#6510,#6511,#6512,#6513,#6514,#6515,#6516,#6517,#6518,#6519,#6520,#6521,#6522,#6523),.UNSPECIFIED.,.F.,.U.,(4,1,1,1,1,1,1,1,1,1,1,1,1,1,4),(-1.0,-0.928571428571429,-0.857142857142857,-0.785714285714286,-0.714285714285714,-0.619047619047619,-0.571428571428571,-0.523809523809524,-0.428571428571429,-0.357142857142857,-0.285714285714286,-0.214285714285714,-0.142857142857143,-0.071428571428571,0.0),.UNSPECIFIED.);
#6525=EDGE_CURVE('',#6506,#5923,#6524,.T.);
#6526=ORIENTED_EDGE('',*,*,#6525,.F.);
#6527=CARTESIAN_POINT('',(4.955054472195751,-36.162174042714135,88.884619973311558));
#6528=VERTEX_POINT('',#6527);
#6529=CARTESIAN_POINT('',(4.955044436928989,-36.162100804959586,0.0));
#6530=CARTESIAN_POINT('',(4.955044436928989,-36.162100804959586,12.699999999999992));
#6531=CARTESIAN_POINT('',(4.955038923878816,-36.162017484565148,38.100120630055073));
#6532=CARTESIAN_POINT('',(4.955069160499109,-36.162510783500828,63.499797334320746));
#6533=CARTESIAN_POINT('',(4.955077345855269,-36.162717131693107,76.729554581819926));
#6534=CARTESIAN_POINT('',(4.953627820342232,-36.164200197571418,77.791357703847339));
#6535=CARTESIAN_POINT('',(4.947089809678172,-36.170860630654879,79.91293488785432));
#6536=CARTESIAN_POINT('',(4.931959197843245,-36.186591064198275,83.623461079479199));
#6537=CARTESIAN_POINT('',(4.931900191922713,-36.186588758892739,86.788679415065019));
#6538=CARTESIAN_POINT('',(4.955144991160224,-36.163198114497334,88.884006880704248));
#6539=B_SPLINE_CURVE_WITH_KNOTS('',3,(#6529,#6530,#6531,#6532,#6533,#6534,#6535,#6536,#6537,#6538),.UNSPECIFIED.,.F.,.U.,(4,1,2,1,1,1,4),(0.0,0.229634702921793,0.459269405843585,0.468837518465326,0.478405631087068,0.49754185633055,0.535814306817516),.UNSPECIFIED.);
#6540=EDGE_CURVE('',#6506,#6528,#6539,.T.);
#6541=ORIENTED_EDGE('',*,*,#6540,.T.);
#6542=CARTESIAN_POINT('',(6.208627034121056,-35.23972345303298,126.99201073750282));
#6543=VERTEX_POINT('',#6542);
#6544=CARTESIAN_POINT('',(4.955151895503399,-36.163191166816681,88.884629155183603));
#6545=CARTESIAN_POINT('',(4.964055712739476,-36.154231439242025,89.686989363592204));
#6546=CARTESIAN_POINT('',(4.99230796472782,-36.125628032150793,91.282746559381792));
#6547=CARTESIAN_POINT('',(5.086199297052487,-36.038818250194943,94.463660014964432));
#6548=CARTESIAN_POINT('',(5.343109424811416,-35.820526650694163,99.998899961983426));
#6549=CARTESIAN_POINT('',(5.857597886717304,-35.556840824754531,107.872169947532));
#6550=CARTESIAN_POINT('',(6.153226574640315,-35.362806235668678,117.35558626332072));
#6551=CARTESIAN_POINT('',(6.199971304091779,-35.253833014350569,123.75313581220972));
#6552=CARTESIAN_POINT('',(6.20839417699468,-35.238927581395359,126.99186884791428));
#6553=CARTESIAN_POINT('',(6.208394353408759,-35.238927269203018,126.99193668456726));
#6554=CARTESIAN_POINT('',(6.20839452981622,-35.238926957019054,126.99200452121501));
#6555=B_SPLINE_CURVE_WITH_KNOTS('',3,(#6544,#6545,#6546,#6547,#6548,#6549,#6550,#6551,#6552,#6553,#6554),.UNSPECIFIED.,.F.,.U.,(4,1,1,1,1,1,2,4),(0.535818095565699,0.550473743708809,0.565133180600102,0.594452054382689,0.653089801947862,0.711727549513035,0.770365297078208,0.770366525296809),.UNSPECIFIED.);
#6556=EDGE_CURVE('',#6528,#6543,#6555,.T.);
#6557=ORIENTED_EDGE('',*,*,#6556,.T.);
#6558=CARTESIAN_POINT('',(6.20864251418598,-35.239710874107374,165.09999999999997));
#6559=VERTEX_POINT('',#6558);
#6560=CARTESIAN_POINT('',(6.208394000573978,-35.23892789359607,126.99180101125603));
#6561=CARTESIAN_POINT('',(6.209768359444617,-35.236495776402933,127.5202645804637));
#6562=CARTESIAN_POINT('',(6.211713603888765,-35.232647909385165,128.57655489095168));
#6563=CARTESIAN_POINT('',(6.213498000992726,-35.229186955247222,130.69346756381984));
#6564=CARTESIAN_POINT('',(6.212718796059781,-35.230860683902407,133.34371683943687));
#6565=CARTESIAN_POINT('',(6.210319428068905,-35.235739283933093,135.99517058936777));
#6566=CARTESIAN_POINT('',(6.208839742841535,-35.238609563046921,138.11374941685818));
#6567=CARTESIAN_POINT('',(6.208515777525506,-35.239265530573206,139.17169675753405));
#6568=CARTESIAN_POINT('',(6.208518443082284,-35.239275130150986,140.22873417385532));
#6569=CARTESIAN_POINT('',(6.208522906402576,-35.239290739286773,141.28744647987594));
#6570=CARTESIAN_POINT('',(6.208527353602547,-35.239306395387338,143.40392404201208));
#6571=CARTESIAN_POINT('',(6.208547746615661,-35.239378000799697,147.10824885419942));
#6572=CARTESIAN_POINT('',(6.208566379886308,-35.239443471525867,154.51648403606279));
#6573=CARTESIAN_POINT('',(6.208642514185979,-35.239710874107374,160.8666666666667));
#6574=CARTESIAN_POINT('',(6.20864251418598,-35.239710874107374,165.10000000000002));
#6575=B_SPLINE_CURVE_WITH_KNOTS('',3,(#6560,#6561,#6562,#6563,#6564,#6565,#6566,#6567,#6568,#6569,#6570,#6571,#6572,#6573,#6574),.UNSPECIFIED.,.F.,.U.,(4,1,1,1,1,1,2,1,1,1,1,4),(0.770365297078208,0.779933409699949,0.789501522321691,0.808637747565173,0.827773972808656,0.837342085430397,0.846910198052139,0.85647831067388,0.866046423295621,0.885182648539104,0.923455099026069,1.0),.UNSPECIFIED.);
#6576=EDGE_CURVE('',#6543,#6559,#6575,.T.);
#6577=ORIENTED_EDGE('',*,*,#6576,.T.);
#6578=CARTESIAN_POINT('',(35.239710874107395,-6.208642514185963,165.10000000000002));
#6579=CARTESIAN_POINT('',(35.43472223133076,-6.367106536587892,165.10000000000002));
#6580=CARTESIAN_POINT('',(36.289501770341516,-7.060127340027311,165.10000000000008));
#6581=CARTESIAN_POINT('',(38.510858970184998,-9.355488281736538,165.10000000000008));
#6582=CARTESIAN_POINT('',(40.968446646369152,-13.114949227469674,165.10000000000008));
#6583=CARTESIAN_POINT('',(42.786164876825119,-18.349305925989022,165.10000000000008));
#6584=CARTESIAN_POINT('',(43.065751958959055,-24.669206705267136,165.10000000000005));
#6585=CARTESIAN_POINT('',(41.011034226993708,-32.015515483313386,165.10000000000014));
#6586=CARTESIAN_POINT('',(36.512328548714585,-37.699613033629468,165.10000000000008));
#6587=CARTESIAN_POINT('',(31.201821180528228,-40.993786430030283,165.10000000000014));
#6588=CARTESIAN_POINT('',(25.4427240175634,-43.003149746089768,165.10000000000008));
#6589=CARTESIAN_POINT('',(18.923012427194625,-42.992601685843567,165.10000000000014));
#6590=CARTESIAN_POINT('',(13.117364368871874,-40.966445816947441,165.10000000000005));
#6591=CARTESIAN_POINT('',(9.354804341831493,-38.512581306674988,165.10000000000005));
#6592=CARTESIAN_POINT('',(7.060781469861074,-36.288978831213974,165.10000000000002));
#6593=CARTESIAN_POINT('',(6.367106536587909,-35.434722231330738,165.10000000000002));
#6594=CARTESIAN_POINT('',(6.20864251418598,-35.239710874107374,165.10000000000002));
#6595=B_SPLINE_CURVE_WITH_KNOTS('',3,(#6578,#6579,#6580,#6581,#6582,#6583,#6584,#6585,#6586,#6587,#6588,#6589,#6590,#6591,#6592,#6593,#6594),.UNSPECIFIED.,.F.,.U.,(4,1,1,1,1,1,1,1,1,1,1,1,1,1,4),(0.0,0.071428571428571,0.142857142857143,0.214285714285714,0.285714285714286,0.357142857142857,0.428571428571429,0.523809523809524,0.571428571428571,0.619047619047619,0.714285714285714,0.785714285714286,0.857142857142857,0.928571428571429,1.0),.UNSPECIFIED.);
#6596=EDGE_CURVE('',#5960,#6559,#6595,.T.);
#6597=ORIENTED_EDGE('',*,*,#6596,.F.);
#6598=ORIENTED_EDGE('',*,*,#5976,.F.);
#6599=ORIENTED_EDGE('',*,*,#5957,.F.);
#6600=ORIENTED_EDGE('',*,*,#5945,.F.);
#6601=EDGE_LOOP('',(#6526,#6541,#6557,#6577,#6597,#6598,#6599,#6600));
#6602=FACE_OUTER_BOUND('',#6601,.T.);
#6603=ADVANCED_FACE('',(#6602),#6504,.T.);
#6604=CARTESIAN_POINT('',(4.955044436928997,-36.162100804959586,0.0));
#6605=CARTESIAN_POINT('',(4.238156289430552,-36.260331066700225,0.0));
#6606=CARTESIAN_POINT('',(2.798536278436111,-36.414143554758468,0.0));
#6607=CARTESIAN_POINT('',(0.990765160745463,-36.499107007606,0.0));
#6608=CARTESIAN_POINT('',(-0.818396783017833,-36.503377491031998,0.0));
#6609=CARTESIAN_POINT('',(-1.903288056659178,-36.457524221670944,0.0));
#6610=CARTESIAN_POINT('',(-2.625001132625305,-36.405485425327264,0.0));
#6611=CARTESIAN_POINT('',(4.955044436928997,-36.162100804959586,25.399999999999984));
#6612=CARTESIAN_POINT('',(4.238156289430552,-36.260331066700225,25.400000000000023));
#6613=CARTESIAN_POINT('',(2.798536278436111,-36.414143554758468,25.399999999999906));
#6614=CARTESIAN_POINT('',(0.990765160745463,-36.499107007606,25.400000000000063));
#6615=CARTESIAN_POINT('',(-0.818396783017833,-36.503377491031998,25.399999999999917));
#6616=CARTESIAN_POINT('',(-1.903288056659178,-36.457524221670944,25.400000000000045));
#6617=CARTESIAN_POINT('',(-2.625001132625305,-36.405485425327264,25.399999999999984));
#6618=CARTESIAN_POINT('',(4.954996507217024,-36.161720178652288,50.799100652030305));
#6619=CARTESIAN_POINT('',(4.237838320973543,-36.260219966309919,50.798622358643691));
#6620=CARTESIAN_POINT('',(2.798570052911151,-36.414249269785444,50.7978850257565));
#6621=CARTESIAN_POINT('',(0.990772310036292,-36.499306276037395,50.797752649098264));
#6622=CARTESIAN_POINT('',(-0.818414616849076,-36.503320100820027,50.798209384147569));
#6623=CARTESIAN_POINT('',(-1.90303168042447,-36.457778063910439,50.798823463048606));
#6624=CARTESIAN_POINT('',(-2.624968560475058,-36.405167400086228,50.799299345298088));
#6625=CARTESIAN_POINT('',(4.954970033864877,-36.161381945348118,77.258110205428082));
#6626=CARTESIAN_POINT('',(4.237512676479419,-36.260152984468384,77.258116506478288));
#6627=CARTESIAN_POINT('',(2.798580262260825,-36.414382339623771,77.258251177294085));
#6628=CARTESIAN_POINT('',(0.990782105883183,-36.499522029621353,77.258457528968918));
#6629=CARTESIAN_POINT('',(-0.818412588747297,-36.503288282473171,77.258545317523172));
#6630=CARTESIAN_POINT('',(-1.902761684569305,-36.45807839153268,77.258588824653586));
#6631=CARTESIAN_POINT('',(-2.624947602594954,-36.404892018362617,77.258556037209246));
#6632=CARTESIAN_POINT('',(4.949143864130956,-36.167256269593061,79.382152079957024));
#6633=CARTESIAN_POINT('',(4.232198344868477,-36.268973212890138,79.385002879977662));
#6634=CARTESIAN_POINT('',(2.79649994827066,-36.427775558466436,79.38984277597865));
#6635=CARTESIAN_POINT('',(0.995354000941957,-36.514176338240738,79.391432223629565));
#6636=CARTESIAN_POINT('',(-0.807781126093146,-36.515698252803148,79.389152550538768));
#6637=CARTESIAN_POINT('',(-1.889614134856666,-36.467219211099206,79.385754075148171));
#6638=CARTESIAN_POINT('',(-2.611215238595441,-36.411181377486947,79.382831748813715));
#6639=CARTESIAN_POINT('',(4.931831403826928,-36.185173691292114,83.621380579654598));
#6640=CARTESIAN_POINT('',(4.216259939111686,-36.295643411062592,83.622816923153408));
#6641=CARTESIAN_POINT('',(2.790080635122851,-36.467824050627293,83.625387893695915));
#6642=CARTESIAN_POINT('',(1.009076450248862,-36.557842686153435,83.626294787117189));
#6643=CARTESIAN_POINT('',(-0.775754856799976,-36.552850970527729,83.625076538540128));
#6644=CARTESIAN_POINT('',(-1.850129348703413,-36.494798406461108,83.623296154697542));
#6645=CARTESIAN_POINT('',(-2.570117573840676,-36.430328818214228,83.621777622931432));
#6646=CARTESIAN_POINT('',(4.931792408470176,-36.184970854760287,86.787253368114136));
#6647=CARTESIAN_POINT('',(4.216199098372918,-36.295478133205307,86.783158003878427));
#6648=CARTESIAN_POINT('',(2.790121373136946,-36.46763799512177,86.77641433876741));
#6649=CARTESIAN_POINT('',(1.009068400399173,-36.557657311319247,86.77465482141811));
#6650=CARTESIAN_POINT('',(-0.775796417962847,-36.552651250160977,86.778361265636335));
#6651=CARTESIAN_POINT('',(-1.850095717843352,-36.49471861009846,86.783531462410949));
#6652=CARTESIAN_POINT('',(-2.570101332440171,-36.43013992009719,86.787710827040897));
#6653=CARTESIAN_POINT('',(4.990420407857447,-36.125115160562615,92.092544029812842));
#6654=CARTESIAN_POINT('',(4.269724266465468,-36.206459494601248,92.072076202808745));
#6655=CARTESIAN_POINT('',(2.811605245641231,-36.334273251053666,92.038648991223255));
#6656=CARTESIAN_POINT('',(0.962822236498101,-36.412367725796088,92.029013903844131));
#6657=CARTESIAN_POINT('',(-0.883672825266115,-36.42874623053023,92.045785421739893));
#6658=CARTESIAN_POINT('',(-1.983055361944895,-36.402866051521251,92.070310103091941));
#6659=CARTESIAN_POINT('',(-2.70890061626108,-36.36617568934237,92.090951850153701));
#6660=CARTESIAN_POINT('',(5.175168110219164,-35.944603186370699,96.8408882644421));
#6661=CARTESIAN_POINT('',(4.436137858005237,-35.941918402528977,96.799385868872108));
#6662=CARTESIAN_POINT('',(2.874783224963395,-35.93794824344937,96.736144582429603));
#6663=CARTESIAN_POINT('',(0.824741827710788,-35.979632194213941,96.71673504227698));
#6664=CARTESIAN_POINT('',(-1.206585303091606,-36.061056201788169,96.74326086772399));
#6665=CARTESIAN_POINT('',(-2.385830523636151,-36.13061049751574,96.786742626739567));
#6666=CARTESIAN_POINT('',(-3.132754037768179,-36.174895801709049,96.826770068845775));
#6667=CARTESIAN_POINT('',(5.549471958465323,-35.705906486664965,103.14844023932918));
#6668=CARTESIAN_POINT('',(4.737887395825521,-35.485155476585774,103.09568444186077));
#6669=CARTESIAN_POINT('',(2.957525026215771,-35.137523738314222,103.01720818604544));
#6670=CARTESIAN_POINT('',(0.546701886562959,-35.081745756883116,102.98751806855063));
#6671=CARTESIAN_POINT('',(-1.820205263855573,-35.329077202065932,103.00877576410427));
#6672=CARTESIAN_POINT('',(-3.158734756525983,-35.644472124264041,103.05237880549697));
#6673=CARTESIAN_POINT('',(-3.974047646611292,-35.900877716038991,103.09517231188494));
#6674=CARTESIAN_POINT('',(6.08407042456356,-35.444233381550433,112.607391109292));
#6675=CARTESIAN_POINT('',(5.175352668112393,-34.788932962530104,112.54837669812416));
#6676=CARTESIAN_POINT('',(3.062075436904403,-33.800861623199211,112.45148799132542));
#6677=CARTESIAN_POINT('',(0.082256952248756,-33.569130527411779,112.40621690031838));
#6678=CARTESIAN_POINT('',(-2.807346789771894,-34.113824501904169,112.41845710300238));
#6679=CARTESIAN_POINT('',(-4.384205798490105,-34.882385632071973,112.45891673433768));
#6680=CARTESIAN_POINT('',(-5.287820288674938,-35.552208703562215,112.49729919600463));
#6681=CARTESIAN_POINT('',(6.193055732557911,-35.275408712937264,120.5164885077215));
#6682=CARTESIAN_POINT('',(5.335144977661765,-34.268167715787378,120.48155541683678));
#6683=CARTESIAN_POINT('',(3.096457947986786,-32.690395509424839,120.40884866073668));
#6684=CARTESIAN_POINT('',(-0.306896099432177,-32.278234651423546,120.36744550853847));
#6685=CARTESIAN_POINT('',(-3.557444185130247,-33.097908897760526,120.37617910189361));
#6686=CARTESIAN_POINT('',(-5.23440600562817,-34.27890328969098,120.40699306210752));
#6687=CARTESIAN_POINT('',(-6.092638934338266,-35.287411315110013,120.43212222877645));
#6688=CARTESIAN_POINT('',(6.211299704333642,-35.236115016385902,128.04993951025293));
#6689=CARTESIAN_POINT('',(5.359054353544673,-34.176996743459348,128.04628105720658));
#6690=CARTESIAN_POINT('',(3.102966484996492,-32.505875663004623,128.03816896132557));
#6691=CARTESIAN_POINT('',(-0.371635792951429,-32.061953810953142,128.03337789505773));
#6692=CARTESIAN_POINT('',(-3.683139240008651,-32.927224346379219,128.03424968201503));
#6693=CARTESIAN_POINT('',(-5.374869801179969,-34.174724395340689,128.03764512623925));
#6694=CARTESIAN_POINT('',(-6.227302720298603,-35.233983792537927,128.04030332238244));
#6695=CARTESIAN_POINT('',(6.213900571625524,-35.23102858552538,130.16462845015761));
#6696=CARTESIAN_POINT('',(5.362501635125937,-34.16436980170127,130.16481697312355));
#6697=CARTESIAN_POINT('',(3.103684146602325,-32.480212347051136,130.164686754841));
#6698=CARTESIAN_POINT('',(-0.380702303774073,-32.032128615362943,130.16447321109644));
#6699=CARTESIAN_POINT('',(-3.700526225094918,-32.903730096299896,130.16434652899272));
#6700=CARTESIAN_POINT('',(-5.394435690260089,-34.160390161608753,130.16432461687495));
#6701=CARTESIAN_POINT('',(-6.246055586289774,-35.226958275881948,130.16420112985685));
#6702=CARTESIAN_POINT('',(6.212917951548667,-35.232758851029075,133.34553047940287));
#6703=CARTESIAN_POINT('',(5.361133466534753,-34.169039077227225,133.35003622325013));
#6704=CARTESIAN_POINT('',(3.103426112457559,-32.489850000875109,133.35891027087044));
#6705=CARTESIAN_POINT('',(-0.377301618400214,-32.043321977007764,133.36386467272183));
#6706=CARTESIAN_POINT('',(-3.69401657892804,-32.912512074232502,133.36262826244246));
#6707=CARTESIAN_POINT('',(-5.387048854629808,-34.165766521098163,133.35876645297745));
#6708=CARTESIAN_POINT('',(-6.23902706264964,-35.229445616984037,133.35552363141917));
#6709=CARTESIAN_POINT('',(6.210496436492257,-35.237452124513112,135.99676290004587));
#6710=CARTESIAN_POINT('',(5.357844414084317,-34.18084217028494,136.00159021318152));
#6711=CARTESIAN_POINT('',(3.102780737553073,-32.513888954289683,136.01113607035791));
#6712=CARTESIAN_POINT('',(-0.368801718587026,-32.071221069140755,136.01647070026456));
#6713=CARTESIAN_POINT('',(-3.677755059136272,-32.934455634241921,136.01515949080155));
#6714=CARTESIAN_POINT('',(-5.368688579085053,-34.179215275277421,136.01101371495358));
#6715=CARTESIAN_POINT('',(-6.221485188727409,-35.235949503559432,136.00754162506948));
#6716=CARTESIAN_POINT('',(6.209195128495444,-35.239922437844648,137.85059815170055));
#6717=CARTESIAN_POINT('',(5.356113772471584,-34.187041073891351,137.85439919351518));
#6718=CARTESIAN_POINT('',(3.102463937025652,-32.526465203603038,137.86182756637339));
#6719=CARTESIAN_POINT('',(-0.364342266208781,-32.085771220148906,137.86595252290203));
#6720=CARTESIAN_POINT('',(-3.669247476197036,-32.945909454163896,137.86490867330255));
#6721=CARTESIAN_POINT('',(-5.359076720743215,-34.186227480968753,137.86166967720288));
#6722=CARTESIAN_POINT('',(-6.212274014837442,-35.239347217588531,137.85893888807269));
#6723=CARTESIAN_POINT('',(6.208762208906479,-35.240741556453742,138.90888155803023));
#6724=CARTESIAN_POINT('',(5.355534524848471,-34.189105496123851,138.91164634090291));
#6725=CARTESIAN_POINT('',(3.102359634236386,-32.530656347902678,138.91694278872043));
#6726=CARTESIAN_POINT('',(-0.362855794996963,-32.090618651167105,138.91985377764061));
#6727=CARTESIAN_POINT('',(-3.666413356326466,-32.949723790297277,138.91907844055223));
#6728=CARTESIAN_POINT('',(-5.355872147747379,-34.188564953943185,138.91675156973025));
#6729=CARTESIAN_POINT('',(-6.209205456241037,-35.240475362574131,138.91476837545937));
#6730=CARTESIAN_POINT('',(6.208679317311652,-35.240902637704195,139.43761267859369));
#6731=CARTESIAN_POINT('',(5.355426490471649,-34.189500578702877,139.43971086892913));
#6732=CARTESIAN_POINT('',(3.102340296654427,-32.531452812706092,139.44363331454471));
#6733=CARTESIAN_POINT('',(-0.362572778926297,-32.091538602711488,139.44576145831005));
#6734=CARTESIAN_POINT('',(-3.665874333229356,-32.950448963283129,139.44515809206632));
#6735=CARTESIAN_POINT('',(-5.355264318028544,-34.18900851770244,139.44341858746066));
#6736=CARTESIAN_POINT('',(-6.208621140498423,-35.240693765438223,139.4419162396793));
#6737=CARTESIAN_POINT('',(6.20867245912943,-35.240673672435548,143.93039470300178));
#6738=CARTESIAN_POINT('',(5.355324337372601,-34.189415756885779,143.92691272187264));
#6739=CARTESIAN_POINT('',(3.102351045557425,-32.531476207377466,143.91941846304107));
#6740=CARTESIAN_POINT('',(-0.362571311489145,-32.091559972948566,143.91506470366511));
#6741=CARTESIAN_POINT('',(-3.665883952481612,-32.950417782736821,143.915914031716));
#6742=CARTESIAN_POINT('',(-5.355193154210868,-34.189018569613062,143.91906799100872));
#6743=CARTESIAN_POINT('',(-6.208625298177176,-35.240505042076698,143.92158856216622));
#6744=CARTESIAN_POINT('',(6.20865625730274,-35.240155459933845,152.40051413094824));
#6745=CARTESIAN_POINT('',(5.355093145053189,-34.189223813860046,152.40096171081598));
#6746=CARTESIAN_POINT('',(3.102375747311945,-32.531528379310465,152.4017346763161));
#6747=CARTESIAN_POINT('',(-0.362568049903011,-32.091606641185393,152.40213542743501));
#6748=CARTESIAN_POINT('',(-3.665906209551682,-32.950346138888477,152.40199688114637));
#6749=CARTESIAN_POINT('',(-5.35503263597687,-34.189040273003876,152.40164311428461));
#6750=CARTESIAN_POINT('',(-6.208634544081245,-35.240077547710214,152.4013244116438));
#6751=CARTESIAN_POINT('',(6.208642514185949,-35.239710874107345,160.8666666666667));
#6752=CARTESIAN_POINT('',(5.354894798095603,-34.189059134251607,160.86666666666667));
#6753=CARTESIAN_POINT('',(3.1023968532403,-32.53157331788686,160.86666666666676));
#6754=CARTESIAN_POINT('',(-0.362565237964044,-32.091647070613419,160.8666666666667));
#6755=CARTESIAN_POINT('',(-3.665925192295239,-32.950284921645519,160.86666666666673));
#6756=CARTESIAN_POINT('',(-5.354894798095593,-34.189059134251622,160.86666666666667));
#6757=CARTESIAN_POINT('',(-6.208642514185939,-35.239710874107352,160.8666666666667));
#6758=CARTESIAN_POINT('',(6.208642514185949,-35.239710874107345,165.10000000000002));
#6759=CARTESIAN_POINT('',(5.354894798095603,-34.189059134251607,165.10000000000002));
#6760=CARTESIAN_POINT('',(3.1023968532403,-32.53157331788686,165.10000000000005));
#6761=CARTESIAN_POINT('',(-0.362565237964044,-32.091647070613419,165.10000000000005));
#6762=CARTESIAN_POINT('',(-3.665925192295239,-32.950284921645519,165.10000000000005));
#6763=CARTESIAN_POINT('',(-5.354894798095593,-34.189059134251622,165.10000000000002));
#6764=CARTESIAN_POINT('',(-6.208642514185939,-35.239710874107352,165.10000000000002));
#6765=B_SPLINE_SURFACE_WITH_KNOTS('',3,3,((#6604,#6611,#6618,#6625,#6632,#6639,#6646,#6653,#6660,#6667,#6674,#6681,#6688,#6695,#6702,#6709,#6716,#6723,#6730,#6737,#6744,#6751,#6758),(#6605,#6612,#6619,#6626,#6633,#6640,#6647,#6654,#6661,#6668,#6675,#6682,#6689,#6696,#6703,#6710,#6717,#6724,#6731,#6738,#6745,#6752,#6759),(#6606,#6613,#6620,#6627,#6634,#6641,#6648,#6655,#6662,#6669,#6676,#6683,#6690,#6697,#6704,#6711,#6718,#6725,#6732,#6739,#6746,#6753,#6760),(#6607,#6614,#6621,#6628,#6635,#6642,#6649,#6656,#6663,#6670,#6677,#6684,#6691,#6698,#6705,#6712,#6719,#6726,#6733,#6740,#6747,#6754,#6761),(#6608,#6615,#6622,#6629,#6636,#6643,#6650,#6657,#6664,#6671,#6678,#6685,#6692,#6699,#6706,#6713,#6720,#6727,#6734,#6741,#6748,#6755,#6762),(#6609,#6616,#6623,#6630,#6637,#6644,#6651,#6658,#6665,#6672,#6679,#6686,#6693,#6700,#6707,#6714,#6721,#6728,#6735,#6742,#6749,#6756,#6763),(#6610,#6617,#6624,#6631,#6638,#6645,#6652,#6659,#6666,#6673,#6680,#6687,#6694,#6701,#6708,#6715,#6722,#6729,#6736,#6743,#6750,#6757,#6764)),.UNSPECIFIED.,.F.,.F.,.F.,(4,1,1,1,4),(4,2,1,1,2,1,1,1,2,1,1,1,1,1,2,1,4),(0.0,0.285714285714286,0.571428571428571,0.714285714285714,1.0),(0.0,0.459269405843585,0.478405631087068,0.49754185633055,0.535814306817516,0.594452054382689,0.623770928165275,0.653089801947862,0.770365297078208,0.789501522321691,0.808637747565173,0.827773972808656,0.837342085430397,0.842126141741268,0.846910198052139,0.923455099026069,1.0),.UNSPECIFIED.);
#6766=CARTESIAN_POINT('',(-2.625001132625305,-36.405485425327264,0.0));
#6767=VERTEX_POINT('',#6766);
#6768=CARTESIAN_POINT('',(-2.625001132625305,-36.405485425327264,0.0));
#6769=CARTESIAN_POINT('',(-1.903288056659178,-36.457524221670944,0.0));
#6770=CARTESIAN_POINT('',(-0.818396783017833,-36.503377491031998,0.0));
#6771=CARTESIAN_POINT('',(0.990765160745463,-36.499107007606,0.0));
#6772=CARTESIAN_POINT('',(2.798536278436111,-36.414143554758468,0.0));
#6773=CARTESIAN_POINT('',(4.238156289430552,-36.260331066700225,0.0));
#6774=CARTESIAN_POINT('',(4.955044436928997,-36.162100804959586,0.0));
#6775=B_SPLINE_CURVE_WITH_KNOTS('',3,(#6768,#6769,#6770,#6771,#6772,#6773,#6774),.UNSPECIFIED.,.F.,.U.,(4,1,1,1,4),(-1.0,-0.714285714285714,-0.571428571428571,-0.285714285714286,0.0),.UNSPECIFIED.);
#6776=EDGE_CURVE('',#6767,#6506,#6775,.T.);
#6777=ORIENTED_EDGE('',*,*,#6776,.F.);
#6778=CARTESIAN_POINT('',(-2.625006991863814,-36.405566685643493,88.883853747727102));
#6779=VERTEX_POINT('',#6778);
#6780=CARTESIAN_POINT('',(-2.625001132625304,-36.405485425327264,0.0));
#6781=CARTESIAN_POINT('',(-2.625001132625304,-36.405485425327264,25.399999999999984));
#6782=CARTESIAN_POINT('',(-2.624968560475058,-36.405167400086228,50.799299345298088));
#6783=CARTESIAN_POINT('',(-2.624947602594954,-36.404892018362617,77.258556037209246));
#6784=CARTESIAN_POINT('',(-2.611215238595441,-36.411181377486947,79.382831748813715));
#6785=CARTESIAN_POINT('',(-2.570117573840676,-36.430328818214228,83.621777622931432));
#6786=CARTESIAN_POINT('',(-2.570101332440169,-36.43013992009719,86.787710827040897));
#6787=CARTESIAN_POINT('',(-2.624916912476483,-36.404878720515448,88.882103714034386));
#6788=B_SPLINE_CURVE_WITH_KNOTS('',3,(#6780,#6781,#6782,#6783,#6784,#6785,#6786,#6787),.UNSPECIFIED.,.F.,.U.,(4,2,1,1,4),(0.0,0.459269405843585,0.478405631087068,0.49754185633055,0.535814306817516),.UNSPECIFIED.);
#6789=EDGE_CURVE('',#6767,#6779,#6788,.T.);
#6790=ORIENTED_EDGE('',*,*,#6789,.T.);
#6791=CARTESIAN_POINT('',(-6.208441227998181,-35.239874436986049,126.97119213706131));
#6792=VERTEX_POINT('',#6791);
#6793=CARTESIAN_POINT('',(-2.624962550175816,-36.404857689114003,88.883846687316947));
#6794=CARTESIAN_POINT('',(-2.70900294292479,-36.366129511719592,92.092095136840157));
#6795=CARTESIAN_POINT('',(-3.132830199913854,-36.174870994905405,96.827337546073423));
#6796=CARTESIAN_POINT('',(-3.974047646611292,-35.900877716038991,103.09517231188494));
#6797=CARTESIAN_POINT('',(-5.287740427188608,-35.552229898420961,112.49672766041044));
#6798=CARTESIAN_POINT('',(-6.092521517021041,-35.287449946795356,120.43096461026545));
#6799=CARTESIAN_POINT('',(-6.208380017981741,-35.241491326589994,126.97121675154322));
#6800=B_SPLINE_CURVE_WITH_KNOTS('',3,(#6793,#6794,#6795,#6796,#6797,#6798,#6799),.UNSPECIFIED.,.F.,.U.,(4,1,1,1,4),(0.535824923745126,0.594452054382689,0.623770928165275,0.653089801947862,0.770354603680753),.UNSPECIFIED.);
#6801=EDGE_CURVE('',#6779,#6792,#6800,.T.);
#6802=ORIENTED_EDGE('',*,*,#6801,.T.);
#6803=CARTESIAN_POINT('',(-6.208642514185938,-35.239710874107352,165.09999999999997));
#6804=VERTEX_POINT('',#6803);
#6805=CARTESIAN_POINT('',(-6.208380017981741,-35.241491326589994,126.97121675154322));
#6806=CARTESIAN_POINT('',(-6.208390583138387,-35.241487135615507,126.97181315826177));
#6807=CARTESIAN_POINT('',(-6.208401143904748,-35.241482946020277,126.97240956658506));
#6808=CARTESIAN_POINT('',(-6.227302720298603,-35.233983792537927,128.04030332238244));
#6809=CARTESIAN_POINT('',(-6.246055586289774,-35.226958275881948,130.16420112985685));
#6810=CARTESIAN_POINT('',(-6.23902706264964,-35.229445616984037,133.35552363141917));
#6811=CARTESIAN_POINT('',(-6.221485188727409,-35.235949503559432,136.00754162506948));
#6812=CARTESIAN_POINT('',(-6.212274014837442,-35.239347217588531,137.85893888807269));
#6813=CARTESIAN_POINT('',(-6.209205456241037,-35.240475362574131,138.91476837545937));
#6814=CARTESIAN_POINT('',(-6.208621140498423,-35.240693765438223,139.4419162396793));
#6815=CARTESIAN_POINT('',(-6.208625298177176,-35.240505042076698,143.92158856216622));
#6816=CARTESIAN_POINT('',(-6.208634544081245,-35.240077547710214,152.4013244116438));
#6817=CARTESIAN_POINT('',(-6.208642514185939,-35.239710874107352,160.8666666666667));
#6818=CARTESIAN_POINT('',(-6.208642514185939,-35.239710874107352,165.10000000000002));
#6819=B_SPLINE_CURVE_WITH_KNOTS('',3,(#6805,#6806,#6807,#6808,#6809,#6810,#6811,#6812,#6813,#6814,#6815,#6816,#6817,#6818),.UNSPECIFIED.,.F.,.U.,(4,2,1,1,1,1,1,2,1,4),(0.770354603680753,0.770365297078208,0.789501522321691,0.808637747565173,0.827773972808656,0.837342085430397,0.842126141741268,0.846910198052139,0.923455099026069,1.0),.UNSPECIFIED.);
#6820=EDGE_CURVE('',#6792,#6804,#6819,.T.);
#6821=ORIENTED_EDGE('',*,*,#6820,.T.);
#6822=CARTESIAN_POINT('',(6.208642514185949,-35.239710874107345,165.10000000000002));
#6823=CARTESIAN_POINT('',(5.354894798095603,-34.189059134251607,165.10000000000002));
#6824=CARTESIAN_POINT('',(3.1023968532403,-32.53157331788686,165.10000000000005));
#6825=CARTESIAN_POINT('',(-0.362565237964044,-32.091647070613419,165.10000000000005));
#6826=CARTESIAN_POINT('',(-3.665925192295239,-32.950284921645519,165.10000000000005));
#6827=CARTESIAN_POINT('',(-5.354894798095593,-34.189059134251622,165.10000000000002));
#6828=CARTESIAN_POINT('',(-6.208642514185939,-35.239710874107352,165.10000000000002));
#6829=B_SPLINE_CURVE_WITH_KNOTS('',3,(#6822,#6823,#6824,#6825,#6826,#6827,#6828),.UNSPECIFIED.,.F.,.U.,(4,1,1,1,4),(0.0,0.285714285714286,0.571428571428571,0.714285714285714,1.0),.UNSPECIFIED.);
#6830=EDGE_CURVE('',#6559,#6804,#6829,.T.);
#6831=ORIENTED_EDGE('',*,*,#6830,.F.);
#6832=ORIENTED_EDGE('',*,*,#6576,.F.);
#6833=ORIENTED_EDGE('',*,*,#6556,.F.);
#6834=ORIENTED_EDGE('',*,*,#6540,.F.);
#6835=EDGE_LOOP('',(#6777,#6790,#6802,#6821,#6831,#6832,#6833,#6834));
#6836=FACE_OUTER_BOUND('',#6835,.T.);
#6837=ADVANCED_FACE('',(#6836),#6765,.T.);
#6838=CARTESIAN_POINT('',(-2.625001132625305,-36.405485425327264,0.0));
#6839=CARTESIAN_POINT('',(-2.805429401616836,-36.392475726241344,0.0));
#6840=CARTESIAN_POINT('',(-3.595267921356339,-36.335882402138424,2.215388E-018));
#6841=CARTESIAN_POINT('',(-5.872965016987796,-36.059865616739458,1.964503E-017));
#6842=CARTESIAN_POINT('',(-9.027999754646377,-35.426942054409508,9.412338E-018));
#6843=CARTESIAN_POINT('',(-12.811910635478917,-34.26639992618032,5.596332E-017));
#6844=CARTESIAN_POINT('',(-16.940900267642164,-32.444456011035939,6.190371E-018));
#6845=CARTESIAN_POINT('',(-21.581980855020323,-29.631266736055835,-2.698299E-017));
#6846=CARTESIAN_POINT('',(-25.470225652922629,-26.315770147141077,3.697811E-018));
#6847=CARTESIAN_POINT('',(-28.433557311668345,-22.964940653989451,-1.116973E-017));
#6848=CARTESIAN_POINT('',(-31.019866069346548,-19.449394554401096,-1.685982E-017));
#6849=CARTESIAN_POINT('',(-33.219317632666481,-15.394660233354752,-1.059398E-017));
#6850=CARTESIAN_POINT('',(-34.774388813691836,-11.282146400141404,-5.663107E-018));
#6851=CARTESIAN_POINT('',(-35.609038396951817,-8.174192844688493,-2.856558E-017));
#6852=CARTESIAN_POINT('',(-36.030282747594818,-5.918866645903095,-1.055258E-017));
#6853=CARTESIAN_POINT('',(-36.137543239524426,-5.134266473803642,-4.723786E-019));
#6854=CARTESIAN_POINT('',(-36.162100804959586,-4.955044436929032,0.0));
#6855=CARTESIAN_POINT('',(-2.625001132625305,-36.405485425327264,12.699999999999992));
#6856=CARTESIAN_POINT('',(-2.805429401616838,-36.392475726241344,12.699999999999989));
#6857=CARTESIAN_POINT('',(-3.595267921356336,-36.335882402138424,12.699999999999998));
#6858=CARTESIAN_POINT('',(-5.872965016987799,-36.059865616739458,12.699999999999987));
#6859=CARTESIAN_POINT('',(-9.027999754646372,-35.426942054409508,12.699999999999996));
#6860=CARTESIAN_POINT('',(-12.811910635478927,-34.26639992618032,12.700000000000003));
#6861=CARTESIAN_POINT('',(-16.940900267642164,-32.444456011035939,12.699999999999982));
#6862=CARTESIAN_POINT('',(-21.581980855020326,-29.631266736055832,12.699999999999998));
#6863=CARTESIAN_POINT('',(-25.470225652922629,-26.315770147141077,12.699999999999987));
#6864=CARTESIAN_POINT('',(-28.433557311668352,-22.964940653989441,12.699999999999992));
#6865=CARTESIAN_POINT('',(-31.019866069346541,-19.449394554401106,12.700000000000003));
#6866=CARTESIAN_POINT('',(-33.219317632666488,-15.394660233354735,12.699999999999971));
#6867=CARTESIAN_POINT('',(-34.774388813691829,-11.282146400141412,12.700000000000015));
#6868=CARTESIAN_POINT('',(-35.609038396951817,-8.174192844688479,12.699999999999962));
#6869=CARTESIAN_POINT('',(-36.030282747594818,-5.918866645903104,12.700000000000022));
#6870=CARTESIAN_POINT('',(-36.137543239524426,-5.134266473803637,12.699999999999976));
#6871=CARTESIAN_POINT('',(-36.162100804959586,-4.955044436929032,12.699999999999992));
#6872=CARTESIAN_POINT('',(-2.625004892333693,-36.405419538289728,38.100133588369935));
#6873=CARTESIAN_POINT('',(-2.805458336895885,-36.392409445008141,38.100114694407026));
#6874=CARTESIAN_POINT('',(-3.595256446923927,-36.33581954032158,38.100032655489628));
#6875=CARTESIAN_POINT('',(-5.872977232973494,-36.059838054703604,38.099801745667364));
#6876=CARTESIAN_POINT('',(-9.027983426005992,-35.42691897385032,38.099494508548659));
#6877=CARTESIAN_POINT('',(-12.811902466405895,-34.266392488158395,38.099167927549203));
#6878=CARTESIAN_POINT('',(-16.940882576356,-32.444424107642355,38.098892939788975));
#6879=CARTESIAN_POINT('',(-21.581968375768867,-29.631243243332946,38.098692557288643));
#6880=CARTESIAN_POINT('',(-25.470225242177982,-26.315735015594832,38.098654024746153));
#6881=CARTESIAN_POINT('',(-28.433509586190524,-22.964929602626619,38.098727433229669));
#6882=CARTESIAN_POINT('',(-31.019864864862946,-19.449398655082632,38.098872093412538));
#6883=CARTESIAN_POINT('',(-33.219305052223717,-15.394657280552124,38.099136001721291));
#6884=CARTESIAN_POINT('',(-34.774358957973391,-11.282150240214474,38.099492848765777));
#6885=CARTESIAN_POINT('',(-35.608989665332821,-8.174180943748263,38.09979458328538));
#6886=CARTESIAN_POINT('',(-36.030201277235655,-5.918866065784291,38.100021455056449));
#6887=CARTESIAN_POINT('',(-36.137465969948231,-5.134271491874896,38.100102570743232));
#6888=CARTESIAN_POINT('',(-36.162017484565155,-4.955038923878858,38.100120630055073));
#6889=CARTESIAN_POINT('',(-2.624980716428506,-36.405808698732876,63.499757107787282));
#6890=CARTESIAN_POINT('',(-2.80528350655024,-36.392801076508569,63.499789826062496));
#6891=CARTESIAN_POINT('',(-3.595323704470483,-36.336191217397193,63.499928798866989));
#6892=CARTESIAN_POINT('',(-5.872903312397689,-36.05999901656061,63.500340611690696));
#6893=CARTESIAN_POINT('',(-9.028080992558516,-35.427052348554625,63.500938737503375));
#6894=CARTESIAN_POINT('',(-12.811950852771471,-34.266429828887993,63.501599620785001));
#6895=CARTESIAN_POINT('',(-16.940985861065975,-32.444605184457011,63.502134783288412));
#6896=CARTESIAN_POINT('',(-21.58203654516544,-29.631372639160155,63.502504099197353));
#6897=CARTESIAN_POINT('',(-25.470217788555651,-26.315935780811873,63.502560816883111));
#6898=CARTESIAN_POINT('',(-28.433784266572633,-22.964988994219112,63.50242957659944));
#6899=CARTESIAN_POINT('',(-31.019861369992373,-19.449370279240114,63.502153361818934));
#6900=CARTESIAN_POINT('',(-33.219372200666349,-15.394673554729806,63.501648453356971));
#6901=CARTESIAN_POINT('',(-34.774532268045697,-11.282126224362329,63.500938411644263));
#6902=CARTESIAN_POINT('',(-35.609276897827257,-8.174250496076333,63.500360981076085));
#6903=CARTESIAN_POINT('',(-36.030684060571957,-5.918867090621017,63.499963273744939));
#6904=CARTESIAN_POINT('',(-36.137923146793575,-5.134238750890161,63.499826424889307));
#6905=CARTESIAN_POINT('',(-36.162510783500807,-4.95506916049915,63.499797334320746));
#6906=CARTESIAN_POINT('',(-2.624967044969118,-36.405969769490142,76.729535807717809));
#6907=CARTESIAN_POINT('',(-2.805203840778523,-36.392963435704772,76.729478243790481));
#6908=CARTESIAN_POINT('',(-3.595350581591883,-36.33634576854795,76.72921816971234));
#6909=CARTESIAN_POINT('',(-5.872869428231552,-36.060062226403282,76.728553801927475));
#6910=CARTESIAN_POINT('',(-9.028123462521744,-35.427102060544669,76.727834198833989));
#6911=CARTESIAN_POINT('',(-12.81197113248966,-34.266433015207788,76.727151490960054));
#6912=CARTESIAN_POINT('',(-16.941026360579606,-32.44466643246561,76.726506829970148));
#6913=CARTESIAN_POINT('',(-21.582054450641628,-29.631408767769404,76.725969421010461));
#6914=CARTESIAN_POINT('',(-25.470196315356347,-26.316006334240836,76.725819246282654));
#6915=CARTESIAN_POINT('',(-28.433884537013569,-22.965002626349861,76.726029404058451));
#6916=CARTESIAN_POINT('',(-31.01984017762743,-19.449350800867055,76.726385935489972));
#6917=CARTESIAN_POINT('',(-33.219386670943784,-15.39467811940748,76.72703308975268));
#6918=CARTESIAN_POINT('',(-34.774598356434787,-11.282113800507895,76.727818661427818));
#6919=CARTESIAN_POINT('',(-35.609394664934875,-8.174277905375696,76.728558071362556));
#6920=CARTESIAN_POINT('',(-36.030886822500896,-5.918863044858103,76.729233431944607));
#6921=CARTESIAN_POINT('',(-36.138113831358879,-5.13421942642149,76.729492413350172));
#6922=CARTESIAN_POINT('',(-36.162717131693093,-4.955077345855311,76.729554581819926));
#6923=CARTESIAN_POINT('',(-2.621538224266136,-36.407556319402438,77.791470730496982));
#6924=CARTESIAN_POINT('',(-2.801797317831401,-36.394369271037156,77.790983944778716));
#6925=CARTESIAN_POINT('',(-3.592046683509335,-36.33695850821141,77.788838739593714));
#6926=CARTESIAN_POINT('',(-5.869605282687273,-36.05851675388076,77.783012740134978));
#6927=CARTESIAN_POINT('',(-9.024430412302653,-35.422909541780825,77.775769932106968));
#6928=CARTESIAN_POINT('',(-12.807165511340914,-34.259708021240286,77.76831137853155));
#6929=CARTESIAN_POINT('',(-16.934517072010649,-32.436152310469609,77.761790493591462));
#6930=CARTESIAN_POINT('',(-21.573446500569545,-29.622205957913629,77.756809674573077));
#6931=CARTESIAN_POINT('',(-25.460224083255536,-26.307696532805871,77.755707093540735));
#6932=CARTESIAN_POINT('',(-28.423725644445881,-22.958216960630288,77.757585273658179));
#6933=CARTESIAN_POINT('',(-31.010229995244476,-19.444320176763842,77.76109218647133));
#6934=CARTESIAN_POINT('',(-33.211673728959795,-15.391580743061613,77.767453943339234));
#6935=CARTESIAN_POINT('',(-34.769942759594777,-11.280325287203452,77.775732017253048));
#6936=CARTESIAN_POINT('',(-35.607562080343712,-8.172964619940832,77.782949182719804));
#6937=CARTESIAN_POINT('',(-36.031342149539228,-5.917530269117547,77.788743569922218));
#6938=CARTESIAN_POINT('',(-36.139405880026757,-5.132791160781761,77.790870187382922));
#6939=CARTESIAN_POINT('',(-36.164200197571404,-4.953627820342272,77.791357703847339));
#6940=CARTESIAN_POINT('',(-2.606097275731001,-36.41467706963379,79.913116143763347));
#6941=CARTESIAN_POINT('',(-2.786448517772875,-36.400679773082523,79.912346380642589));
#6942=CARTESIAN_POINT('',(-3.577174975008638,-36.339713177783437,79.908957988997898));
#6943=CARTESIAN_POINT('',(-5.854907632264293,-36.051538989275763,79.899728395805084));
#6944=CARTESIAN_POINT('',(-9.007797687731092,-35.403925195429601,79.888190966065295));
#6945=CARTESIAN_POINT('',(-12.785452054367639,-34.229135569799119,79.876286279681011));
#6946=CARTESIAN_POINT('',(-16.904990114037147,-32.397326745602314,79.865925820575129));
#6947=CARTESIAN_POINT('',(-21.534252088092792,-29.580130835243047,79.858056217860224));
#6948=CARTESIAN_POINT('',(-25.414737516138143,-26.269692438251909,79.85633827988822));
#6949=CARTESIAN_POINT('',(-28.377412010098908,-22.927209749723687,79.859302879032995));
#6950=CARTESIAN_POINT('',(-30.966449058388733,-19.421380399258059,79.864861684669336));
#6951=CARTESIAN_POINT('',(-33.176636837617259,-15.377522039954549,79.874957762598441));
#6952=CARTESIAN_POINT('',(-34.748872015855781,-11.272243775807908,79.88815565960644));
#6953=CARTESIAN_POINT('',(-35.599295154297607,-8.16704835158861,79.899638456561007));
#6954=CARTESIAN_POINT('',(-36.033392766374156,-5.911518840717015,79.908808785994324));
#6955=CARTESIAN_POINT('',(-36.145207282379474,-5.12634595909121,79.912166783055724));
#6956=CARTESIAN_POINT('',(-36.170860630654865,-4.947089809678213,79.91293488785432));
#6957=CARTESIAN_POINT('',(-2.570148018108564,-36.431476213814349,83.623437836294329));
#6958=CARTESIAN_POINT('',(-2.75072049897686,-36.415589668052881,83.622794537965405));
#6959=CARTESIAN_POINT('',(-3.542538600146169,-36.34633723798467,83.619961505343696));
#6960=CARTESIAN_POINT('',(-5.82065414031555,-36.035405672046181,83.612252566631781));
#6961=CARTESIAN_POINT('',(-8.968938891183724,-35.359554620339509,83.602625165195533));
#6962=CARTESIAN_POINT('',(-12.734556042666901,-34.15733757722019,83.592666092894177));
#6963=CARTESIAN_POINT('',(-16.835555329890919,-32.305822238176852,83.583944557271764));
#6964=CARTESIAN_POINT('',(-21.441863199377686,-29.480705251083389,83.577282046897011));
#6965=CARTESIAN_POINT('',(-25.307448680736954,-26.179799223084398,83.575840097435176));
#6966=CARTESIAN_POINT('',(-28.268233524814065,-22.853902314599726,83.578395697064153));
#6967=CARTESIAN_POINT('',(-30.8634035049974,-19.367225789347859,83.583141448638386));
#6968=CARTESIAN_POINT('',(-33.094418745089129,-15.344455212836889,83.591693325826682));
#6969=CARTESIAN_POINT('',(-34.699653665067409,-11.253362175729123,83.602758822976909));
#6970=CARTESIAN_POINT('',(-35.580160980967825,-8.153316554953927,83.612351553187267));
#6971=CARTESIAN_POINT('',(-36.038378925280192,-5.897606492411867,83.62001209002878));
#6972=CARTESIAN_POINT('',(-36.158936875825496,-5.111433428943812,83.622818653701572));
#6973=CARTESIAN_POINT('',(-36.186591064198261,-4.931959197843288,83.623461079479199));
#6974=CARTESIAN_POINT('',(-2.570099849883572,-36.431442734485756,86.788640403611907));
#6975=CARTESIAN_POINT('',(-2.750618957856697,-36.415567676489751,86.789497113675779));
#6976=CARTESIAN_POINT('',(-3.542531769087146,-36.346360429718018,86.793247888308912));
#6977=CARTESIAN_POINT('',(-5.820607845839975,-36.035324967476818,86.803583502049776));
#6978=CARTESIAN_POINT('',(-8.968899569932301,-35.359130583647797,86.816828851543249));
#6979=CARTESIAN_POINT('',(-12.734236713256216,-34.156208967159785,86.830739790906733));
#6980=CARTESIAN_POINT('',(-16.834711001748296,-32.303992738895474,86.842813854234436));
#6981=CARTESIAN_POINT('',(-21.440210743273003,-29.478332054797505,86.851930542167452));
#6982=CARTESIAN_POINT('',(-25.305239700654063,-26.177626301201272,86.853808292806292));
#6983=CARTESIAN_POINT('',(-28.26611659742138,-22.852201784876847,86.850325701398191));
#6984=CARTESIAN_POINT('',(-30.861468185691763,-19.366120759625119,86.843756868871935));
#6985=CARTESIAN_POINT('',(-33.093232971548623,-15.344013545428552,86.831960931532564));
#6986=CARTESIAN_POINT('',(-34.699229089539145,-11.25323277416344,86.816588585608585));
#6987=CARTESIAN_POINT('',(-35.580109616210677,-8.1532987140265,86.803458469985557));
#6988=CARTESIAN_POINT('',(-36.038431824385867,-5.897549089504829,86.793233015074435));
#6989=CARTESIAN_POINT('',(-36.158931378815645,-5.111354285833976,86.78952078353953));
#6990=CARTESIAN_POINT('',(-36.186588758892725,-4.931900191922755,86.788679415065019));
#6991=CARTESIAN_POINT('',(-2.645998193176697,-36.396793314707821,89.685303899946575));
#6992=CARTESIAN_POINT('',(-2.826001400329856,-36.384855185734331,89.688388628635749));
#6993=CARTESIAN_POINT('',(-3.615655833849946,-36.332872978694908,89.701925290046205));
#6994=CARTESIAN_POINT('',(-5.89284327311571,-36.069897182642251,89.739071554117089));
#6995=CARTESIAN_POINT('',(-9.051175482182099,-35.454775635593457,89.786124423140663));
#6996=CARTESIAN_POINT('',(-12.843109401948015,-34.312742798406511,89.834854271774816));
#6997=CARTESIAN_POINT('',(-16.985198393837923,-32.505596454283641,89.876722085834402));
#6998=CARTESIAN_POINT('',(-21.642725243101385,-29.699077062586934,89.908054760104449));
#6999=CARTESIAN_POINT('',(-25.541541993537042,-26.377530721607823,89.914716149577828));
#7000=CARTESIAN_POINT('',(-28.506492109739657,-23.014706421336776,89.903068619900267));
#7001=CARTESIAN_POINT('',(-31.087495971428218,-19.485342596329673,89.880887330350419));
#7002=CARTESIAN_POINT('',(-33.2720220679088,-15.41580194288527,89.840339865991751));
#7003=CARTESIAN_POINT('',(-34.805148110127263,-11.293566027968678,89.786527158366965));
#7004=CARTESIAN_POINT('',(-35.62110035198598,-8.182412401430531,89.739855763323931));
#7005=CARTESIAN_POINT('',(-36.028463454791428,-5.927071896718413,89.703036350181037));
#7006=CARTESIAN_POINT('',(-36.130745163147672,-5.143012392547722,89.689627471517426));
#7007=CARTESIAN_POINT('',(-36.154238832533437,-4.964048410281264,89.686576884932038));
#7008=CARTESIAN_POINT('',(-2.712420175489899,-36.366327258387201,91.279851647621399));
#7009=CARTESIAN_POINT('',(-2.891984164031212,-36.35780881069676,91.284850422585038));
#7010=CARTESIAN_POINT('',(-3.679601860119534,-36.320777672385638,91.306797261302563));
#7011=CARTESIAN_POINT('',(-5.955950201753931,-36.099954195483186,91.366953206517096));
#7012=CARTESIAN_POINT('',(-9.123120388705539,-35.53902600872167,91.442818576131259));
#7013=CARTESIAN_POINT('',(-12.938843152027388,-34.45166025086214,91.520833077477093));
#7014=CARTESIAN_POINT('',(-17.118362223818352,-32.685411634653079,91.587377320694898));
#7015=CARTESIAN_POINT('',(-21.822900700437778,-29.89669185679249,91.636827059831461));
#7016=CARTESIAN_POINT('',(-25.752292955806485,-26.556604906107729,91.647405251880855));
#7017=CARTESIAN_POINT('',(-28.720785421821358,-23.160106460672466,91.62924792984056));
#7018=CARTESIAN_POINT('',(-31.288714937234261,-19.591720887885021,91.59445260638276));
#7019=CARTESIAN_POINT('',(-33.430484312708401,-15.479461806046235,91.530276997859957));
#7020=CARTESIAN_POINT('',(-34.898341465643973,-11.329061968478424,91.444157148808841));
#7021=CARTESIAN_POINT('',(-35.656698464566901,-8.2079291054109,91.368906575732055));
#7022=CARTESIAN_POINT('',(-36.019325965523855,-5.953003028431628,91.3092443149052));
#7023=CARTESIAN_POINT('',(-36.105768209160168,-5.170838663545744,91.28749314907347));
#7024=CARTESIAN_POINT('',(-36.125633641535003,-4.992301897755377,91.282541018423643));
#7025=CARTESIAN_POINT('',(-2.930338471793345,-36.27262541580275,94.454759413353187));
#7026=CARTESIAN_POINT('',(-3.108458704151484,-36.275241879742666,94.462718599261194));
#7027=CARTESIAN_POINT('',(-3.889447255995517,-36.286914779241435,94.497679417977622));
#7028=CARTESIAN_POINT('',(-6.162805416132616,-36.202623568346681,94.593669997268833));
#7029=CARTESIAN_POINT('',(-9.357808296072891,-35.816251584056815,94.714220303668881));
#7030=CARTESIAN_POINT('',(-13.249213991381977,-34.904090308485934,94.836180431104097));
#7031=CARTESIAN_POINT('',(-17.548579902228767,-33.267685701498174,94.937592482300943));
#7032=CARTESIAN_POINT('',(-22.40408159190148,-30.533445251243336,95.011028930419911));
#7033=CARTESIAN_POINT('',(-26.432559860376369,-27.132103694335132,95.026982549874475));
#7034=CARTESIAN_POINT('',(-29.414103607351024,-23.627066984247062,95.001218606577922));
#7035=CARTESIAN_POINT('',(-31.941902009554269,-19.933410587487323,94.950654361142654));
#7036=CARTESIAN_POINT('',(-33.947793992833752,-15.68451027679923,94.854576032683468));
#7037=CARTESIAN_POINT('',(-35.205857255286837,-11.444616311870561,94.720638526314787));
#7038=CARTESIAN_POINT('',(-35.77833528763238,-8.292269126604637,94.6013987997691));
#7039=CARTESIAN_POINT('',(-35.995912417767578,-6.039199977818947,94.506212231546897));
#7040=CARTESIAN_POINT('',(-36.030768507635806,-5.263316299884143,94.471558787594446));
#7041=CARTESIAN_POINT('',(-36.038818250194929,-5.086199297052526,94.463660014964432));
#7042=CARTESIAN_POINT('',(-3.509746998235439,-36.03788712868834,99.967851648860091));
#7043=CARTESIAN_POINT('',(-3.683872181852534,-36.069644387230099,99.98023015228226));
#7044=CARTESIAN_POINT('',(-4.446412982220696,-36.208819038759394,100.03461357480049));
#7045=CARTESIAN_POINT('',(-6.708313062533597,-36.481581969800779,100.1841569878051));
#7046=CARTESIAN_POINT('',(-9.971206024032222,-36.550217707098021,100.36916364790613));
#7047=CARTESIAN_POINT('',(-14.055383761155319,-36.090522843222821,100.54969060444444));
#7048=CARTESIAN_POINT('',(-18.662701501858507,-34.784275137782281,100.6933499796216));
#7049=CARTESIAN_POINT('',(-23.908464227335315,-32.182937645047168,100.79352890758548));
#7050=CARTESIAN_POINT('',(-28.196916866945458,-28.618052410170925,100.81626684597495));
#7051=CARTESIAN_POINT('',(-31.217734744667656,-24.831002496171649,100.78474330511371));
#7052=CARTESIAN_POINT('',(-33.647895033015686,-20.813994391056568,100.71960643112155));
#7053=CARTESIAN_POINT('',(-35.307978850693573,-16.214854783953747,100.58945670183306));
#7054=CARTESIAN_POINT('',(-36.022263380908377,-11.747812489679468,100.39470432689343));
#7055=CARTESIAN_POINT('',(-36.108205973227022,-8.519117369875499,100.21340268016017));
#7056=CARTESIAN_POINT('',(-35.944508356120586,-6.274642498943543,100.06532804707587));
#7057=CARTESIAN_POINT('',(-35.843577962098486,-5.516281611134334,100.01123399962032));
#7058=CARTESIAN_POINT('',(-35.820526650694148,-5.34310942481145,99.998899961983426));
#7059=CARTESIAN_POINT('',(-4.667151427065296,-35.713599689457361,107.78257588622481));
#7060=CARTESIAN_POINT('',(-4.83344605553547,-35.80339308425814,107.79601954754079));
#7061=CARTESIAN_POINT('',(-5.561250148944944,-36.196739621491787,107.85484672836046));
#7062=CARTESIAN_POINT('',(-7.80313945423448,-37.16971653853382,108.02488504324583));
#7063=CARTESIAN_POINT('',(-11.19941590360648,-38.119951279445267,108.24686227815654));
#7064=CARTESIAN_POINT('',(-15.663073082862415,-38.535261355614224,108.46803025046036));
#7065=CARTESIAN_POINT('',(-20.888528635289092,-37.864190283248796,108.64025507260629));
#7066=CARTESIAN_POINT('',(-26.927911644386654,-35.50174099953167,108.75656823241479));
#7067=CARTESIAN_POINT('',(-31.754445105981336,-31.5881479501858,108.78423238141573));
#7068=CARTESIAN_POINT('',(-34.873603460089903,-27.222489766577588,108.75254429442444));
#7069=CARTESIAN_POINT('',(-37.129445833714939,-22.548151611203522,108.68348323442085));
#7070=CARTESIAN_POINT('',(-38.124181749661275,-17.247105755466499,108.5394586095546));
#7071=CARTESIAN_POINT('',(-37.783936995934972,-12.337717747998518,108.31513822946053));
#7072=CARTESIAN_POINT('',(-36.924450013358687,-8.967007818805321,108.10721968419591));
#7073=CARTESIAN_POINT('',(-36.012605469276117,-6.744621726753928,107.94314740703521));
#7074=CARTESIAN_POINT('',(-35.641642046683188,-6.022456481845383,107.88539148584579));
#7075=CARTESIAN_POINT('',(-35.556840824754502,-5.85759788671732,107.872169947532));
#7076=CARTESIAN_POINT('',(-5.772669239846135,-35.40971765354665,117.25604427475861));
#7077=CARTESIAN_POINT('',(-5.933813848513195,-35.571009151023659,117.26428950917781));
#7078=CARTESIAN_POINT('',(-6.636810870366277,-36.278054951989375,117.30016228344057));
#7079=CARTESIAN_POINT('',(-8.912370198440717,-38.099008796102531,117.41291665098588));
#7080=CARTESIAN_POINT('',(-12.545715513056519,-40.075986111781042,117.5807608877701));
#7081=CARTESIAN_POINT('',(-17.520392096013694,-41.46564297863798,117.77818236926956));
#7082=CARTESIAN_POINT('',(-23.494235614491505,-41.483390839408287,117.95782523120468));
#7083=CARTESIAN_POINT('',(-30.463937724373629,-39.36949428351339,118.0924778303504));
#7084=CARTESIAN_POINT('',(-35.917808671817134,-35.041465881357311,118.12675811000007));
#7085=CARTESIAN_POINT('',(-39.158553302250766,-29.995722074851958,118.08989239579407));
#7086=CARTESIAN_POINT('',(-41.226515144836505,-24.547943044385974,118.01155770391691));
#7087=CARTESIAN_POINT('',(-41.489329044751891,-18.404929351129859,117.85781197572236));
#7088=CARTESIAN_POINT('',(-39.97437000223767,-12.902571983844325,117.65860851475553));
#7089=CARTESIAN_POINT('',(-38.025166198323944,-9.277949485542292,117.50337127865961));
#7090=CARTESIAN_POINT('',(-36.221738108639052,-7.014256876117311,117.39723749523152));
#7091=CARTESIAN_POINT('',(-35.522485691864205,-6.313354030700754,117.36340877719084));
#7092=CARTESIAN_POINT('',(-35.362806235668629,-6.153226574640303,117.35558626332073));
#7093=CARTESIAN_POINT('',(-6.150056272521542,-35.260584782769172,123.70032082729018));
#7094=CARTESIAN_POINT('',(-6.309058085123947,-35.451164266013912,123.70440891350334));
#7095=CARTESIAN_POINT('',(-7.003266351277021,-36.286617577926357,123.7221080959754));
#7096=CARTESIAN_POINT('',(-9.296426858386486,-38.455847847421694,123.77822477895522));
#7097=CARTESIAN_POINT('',(-13.039251519949726,-40.851036456497248,123.86271363270663));
#7098=CARTESIAN_POINT('',(-18.239543068150414,-42.614210675547632,123.96674243713677));
#7099=CARTESIAN_POINT('',(-24.514533285505586,-42.862579773220418,124.07059134883983));
#7100=CARTESIAN_POINT('',(-31.81547236310568,-40.804623225158608,124.15876900008055));
#7101=CARTESIAN_POINT('',(-37.474440034720345,-36.327025362742575,124.18356840758653));
#7102=CARTESIAN_POINT('',(-40.761511190919613,-31.047258778853593,124.15767366343562));
#7103=CARTESIAN_POINT('',(-42.776394874182849,-25.325495772175142,124.1051974138049));
#7104=CARTESIAN_POINT('',(-42.797509858129985,-18.853843619968028,124.01176608789187));
#7105=CARTESIAN_POINT('',(-40.836263832868696,-13.088167379557484,123.90514937020328));
#7106=CARTESIAN_POINT('',(-38.44743609305646,-9.343516444523122,123.8262563136868));
#7107=CARTESIAN_POINT('',(-36.278313449336224,-7.053419707203378,123.77364060444265));
#7108=CARTESIAN_POINT('',(-35.444249842901392,-6.358743513135334,123.75696715454129));
#7109=CARTESIAN_POINT('',(-35.253833014350519,-6.199971304091757,123.75313581220972));
#7110=CARTESIAN_POINT('',(-6.217808770275664,-35.235768115200187,127.50418729240435));
#7111=CARTESIAN_POINT('',(-6.376409212502638,-35.43146840311951,127.505414051646));
#7112=CARTESIAN_POINT('',(-7.069061880247901,-36.289392150460642,127.51073536783699));
#7113=CARTESIAN_POINT('',(-9.365147019486944,-38.519417372620595,127.52761779379617));
#7114=CARTESIAN_POINT('',(-13.126902264369953,-40.987680736019591,127.55309463236591));
#7115=CARTESIAN_POINT('',(-18.366588410187148,-42.816235972153301,127.5846365157297));
#7116=CARTESIAN_POINT('',(-24.694620694077599,-43.104100317159073,127.61646425310951));
#7117=CARTESIAN_POINT('',(-32.052119447724337,-41.053304185873515,127.64388269493875));
#7118=CARTESIAN_POINT('',(-37.744471427321614,-36.549755977760171,127.6516771567053));
#7119=CARTESIAN_POINT('',(-41.039887533337705,-31.230974882440883,127.64357530359158));
#7120=CARTESIAN_POINT('',(-43.047030431554333,-25.462644443994911,127.62721760287866));
#7121=CARTESIAN_POINT('',(-43.027486814873832,-18.933429525227162,127.59842923833));
#7122=CARTESIAN_POINT('',(-40.988226592979046,-13.121596430652636,127.56605570346353));
#7123=CARTESIAN_POINT('',(-38.522744857048906,-9.356304165821074,127.54224571657149));
#7124=CARTESIAN_POINT('',(-36.289848877798711,-7.061773645992848,127.52642599953634));
#7125=CARTESIAN_POINT('',(-35.432281544741812,-6.368286340892925,127.52141073485633));
#7126=CARTESIAN_POINT('',(-35.23649577640289,-6.209768359444593,127.5202645804637));
#7127=CARTESIAN_POINT('',(-6.231906994891372,-35.230446379009152,128.56577772539327));
#7128=CARTESIAN_POINT('',(-6.390443166530458,-35.42722093360959,128.56659634569567));
#7129=CARTESIAN_POINT('',(-7.082791931358299,-36.289860917336384,128.57015323731795));
#7130=CARTESIAN_POINT('',(-9.379556400105674,-38.532690817005417,128.58142652972825));
#7131=CARTESIAN_POINT('',(-13.145225003456343,-41.016488680377286,128.59843304680388));
#7132=CARTESIAN_POINT('',(-18.393118046291107,-42.859393172216869,128.61952399095469));
#7133=CARTESIAN_POINT('',(-24.732585450012252,-43.156604139724436,128.64091705174221));
#7134=CARTESIAN_POINT('',(-32.10316821942974,-41.108342219519329,128.65945035422652));
#7135=CARTESIAN_POINT('',(-37.803807784721272,-36.598904265836886,128.66473465922687));
#7136=CARTESIAN_POINT('',(-41.101102734412535,-31.270867143609742,128.65925507795419));
#7137=CARTESIAN_POINT('',(-43.106139158877596,-25.491730732645227,128.64819350801372));
#7138=CARTESIAN_POINT('',(-43.07687253450699,-18.949883204114933,128.6288071914384));
#7139=CARTESIAN_POINT('',(-41.020415021847647,-13.128432774490014,128.60714311134836));
#7140=CARTESIAN_POINT('',(-38.538501227674899,-9.358872973325257,128.5912416558424));
#7141=CARTESIAN_POINT('',(-36.29209354212486,-7.063436812536929,128.58067538723631));
#7142=CARTESIAN_POINT('',(-35.429567005158454,-6.370183848088196,128.57731912363226));
#7143=CARTESIAN_POINT('',(-35.232647909385115,-6.211713603888742,128.57655489095168));
#7144=CARTESIAN_POINT('',(-6.244829143878796,-35.225614513021227,130.69321531235227));
#7145=CARTESIAN_POINT('',(-6.403300199225082,-35.423374144506404,130.69323487351124));
#7146=CARTESIAN_POINT('',(-7.095377245819307,-36.290335121866811,130.69333972715941));
#7147=CARTESIAN_POINT('',(-9.39275666102397,-38.544887358599283,130.69361001656691));
#7148=CARTESIAN_POINT('',(-13.162022481104946,-41.04289947051037,130.69395315865577));
#7149=CARTESIAN_POINT('',(-18.41744245967822,-42.89890020776631,130.69437791337648));
#7150=CARTESIAN_POINT('',(-24.767376492913577,-43.204582590009373,130.69498166172076));
#7151=CARTESIAN_POINT('',(-32.149838504797252,-41.158521925086575,130.69566366447751));
#7152=CARTESIAN_POINT('',(-37.857938166884125,-36.643724679595429,130.6958743063563));
#7153=CARTESIAN_POINT('',(-41.15695832591279,-31.307309550687457,130.69568424473422));
#7154=CARTESIAN_POINT('',(-43.160118161544986,-25.51836465297125,130.69527375406076));
#7155=CARTESIAN_POINT('',(-43.122062460061315,-18.96497803204003,130.69467504357075));
#7156=CARTESIAN_POINT('',(-41.049915667122356,-13.134702252878574,130.69420139817245));
#7157=CARTESIAN_POINT('',(-38.552980889884608,-9.361230259162591,130.69386350169924));
#7158=CARTESIAN_POINT('',(-36.294211272851001,-7.064960324796671,130.69359608993074));
#7159=CARTESIAN_POINT('',(-35.427143374936612,-6.371921607119631,130.69348501360511));
#7160=CARTESIAN_POINT('',(-35.229186955247179,-6.213498000992703,130.69346756381984));
#7161=CARTESIAN_POINT('',(-6.238965062626698,-35.227898450718051,133.35066779008875));
#7162=CARTESIAN_POINT('',(-6.397443839497981,-35.425211903468821,133.35014499606524));
#7163=CARTESIAN_POINT('',(-7.089684771689083,-36.290196112982755,133.34790474457569));
#7164=CARTESIAN_POINT('',(-9.386765697675523,-38.539378426063038,133.34069356003502));
#7165=CARTESIAN_POINT('',(-13.154406210526641,-41.030917343462704,133.32968696519279));
#7166=CARTESIAN_POINT('',(-18.406370115494674,-42.881005317274642,133.31600094198083));
#7167=CARTESIAN_POINT('',(-24.751573663775194,-43.182964395519612,133.30235529952409));
#7168=CARTESIAN_POINT('',(-32.128753320262931,-41.135996310617521,133.29074200658175));
#7169=CARTESIAN_POINT('',(-37.833576105588129,-36.62359574401863,133.28744555757774));
#7170=CARTESIAN_POINT('',(-41.131869564469412,-31.290867104876625,133.29090635178093));
#7171=CARTESIAN_POINT('',(-43.135799710690428,-25.506267360099038,133.29783788521931));
#7172=CARTESIAN_POINT('',(-43.101632085995327,-18.95808311325662,133.31013812833999));
#7173=CARTESIAN_POINT('',(-41.036555761845825,-13.131848272129902,133.32413771212444));
#7174=CARTESIAN_POINT('',(-38.546455977560385,-9.360187655602598,133.33440163425576));
#7175=CARTESIAN_POINT('',(-36.293341278471829,-7.064298633046395,133.34113463726555));
#7176=CARTESIAN_POINT('',(-35.428341750329587,-6.371151098482775,133.34322797587433));
#7177=CARTESIAN_POINT('',(-35.230860683902364,-6.212718796059757,133.34371683943687));
#7178=CARTESIAN_POINT('',(-6.221440268734674,-35.234544110911401,136.00334183691604));
#7179=CARTESIAN_POINT('',(-6.379964786341618,-35.430523166357936,136.00272075843884));
#7180=CARTESIAN_POINT('',(-7.072580858541438,-36.28963455784772,136.00005179378164));
#7181=CARTESIAN_POINT('',(-9.368732875521248,-38.522834298581571,135.99150014366887));
#7182=CARTESIAN_POINT('',(-13.131590371057742,-40.994852758119634,135.97850038344373));
#7183=CARTESIAN_POINT('',(-18.373412325784333,-42.826421922412294,135.96238074830316));
#7184=CARTESIAN_POINT('',(-24.704063403724401,-43.115653104406917,135.9463006876417));
#7185=CARTESIAN_POINT('',(-32.063688660554426,-41.064468344786782,135.93260720768663));
#7186=CARTESIAN_POINT('',(-37.756859977001596,-36.559870024767285,135.9287233025031));
#7187=CARTESIAN_POINT('',(-41.05270492702477,-31.239766281508246,135.9327946413845));
#7188=CARTESIAN_POINT('',(-43.059731292338903,-25.469688314568572,135.94096696455347));
#7189=CARTESIAN_POINT('',(-43.038910492059586,-18.937812457469175,135.9554653430159));
#7190=CARTESIAN_POINT('',(-40.996098156311604,-13.123459160743188,135.97196792873797));
#7191=CARTESIAN_POINT('',(-38.526787413623779,-9.357029378942048,135.98409774623224));
#7192=CARTESIAN_POINT('',(-36.290610296799301,-7.06223132818706,135.99209088044523));
#7193=CARTESIAN_POINT('',(-35.431803089581436,-6.368798452446752,135.99458954742548));
#7194=CARTESIAN_POINT('',(-35.23573928393305,-6.210319428068882,135.99517058936777));
#7195=CARTESIAN_POINT('',(-6.210912416961081,-35.238469274872934,138.11886271241596));
#7196=CARTESIAN_POINT('',(-6.369469910467344,-35.433648920667565,138.11847336910364));
#7197=CARTESIAN_POINT('',(-7.062288829670828,-36.289249953328344,138.11680468722415));
#7198=CARTESIAN_POINT('',(-9.357881512266042,-38.512892598663711,138.1114454481725));
#7199=CARTESIAN_POINT('',(-13.11788922196094,-40.973191478067939,138.10328572089912));
#7200=CARTESIAN_POINT('',(-18.353672822826631,-42.793521291041344,138.09316981128933));
#7201=CARTESIAN_POINT('',(-24.675534611364647,-43.074850914707824,138.08312002187054));
#7202=CARTESIAN_POINT('',(-32.024342789086795,-41.020886896711218,138.07459506052561));
#7203=CARTESIAN_POINT('',(-37.710221308170681,-36.521071479523613,138.07217883853971));
#7204=CARTESIAN_POINT('',(-41.0045493233876,-31.208804038754163,138.07471859765442));
#7205=CARTESIAN_POINT('',(-43.013566959791625,-25.447687307397217,138.07980763710381));
#7206=CARTESIAN_POINT('',(-43.001036191643038,-18.92571072907084,138.08886014426398));
#7207=CARTESIAN_POINT('',(-40.971755163044861,-13.118436785103253,138.09920946144209));
#7208=CARTESIAN_POINT('',(-38.51495446923645,-9.355103050799025,138.1068201371445));
#7209=CARTESIAN_POINT('',(-36.288923277571755,-7.060948256212479,138.11182600328061));
#7210=CARTESIAN_POINT('',(-35.433825540930386,-6.367351283010807,138.11338497638897));
#7211=CARTESIAN_POINT('',(-35.238609563046886,-6.208839742841513,138.11374941685818));
#7212=CARTESIAN_POINT('',(-6.208579135129734,-35.239352734919578,139.17401965383203));
#7213=CARTESIAN_POINT('',(-6.367139579152036,-35.434355378022524,139.17384371795265));
#7214=CARTESIAN_POINT('',(-7.060007482909285,-36.289176298817196,139.17309607061765));
#7215=CARTESIAN_POINT('',(-9.355469195800026,-38.510691484721285,139.17067100430845));
#7216=CARTESIAN_POINT('',(-13.114851366932779,-40.968376966176038,139.16695067277749));
#7217=CARTESIAN_POINT('',(-18.349296501943581,-42.786175678700019,139.16233379587706));
#7218=CARTESIAN_POINT('',(-24.669191554234381,-43.065695584560466,139.15780469165168));
#7219=CARTESIAN_POINT('',(-32.015531266073097,-41.011055295988001,139.15401609823357));
#7220=CARTESIAN_POINT('',(-37.699717745534286,-36.512326477639462,139.15294690004237));
#7221=CARTESIAN_POINT('',(-40.993708500216684,-31.201855797176155,139.15408108710037));
#7222=CARTESIAN_POINT('',(-43.003190734270227,-25.442783818034606,139.15634257316901));
#7223=CARTESIAN_POINT('',(-42.992567993351102,-18.923035487167702,139.16040500250668));
#7224=CARTESIAN_POINT('',(-40.966337110931946,-13.117329293308764,139.16511497678121));
#7225=CARTESIAN_POINT('',(-38.512334390543678,-9.354680803447119,139.16857839411099));
#7226=CARTESIAN_POINT('',(-36.28856567151913,-7.060666566562576,139.17083813862732));
#7227=CARTESIAN_POINT('',(-35.434292597523694,-6.367032462372377,139.17153178960501));
#7228=CARTESIAN_POINT('',(-35.239265530573164,-6.208515777525482,139.17169675753405));
#7229=CARTESIAN_POINT('',(-6.208580423445326,-35.239360464129803,140.2276779668876));
#7230=CARTESIAN_POINT('',(-6.367138771130434,-35.434363298000889,140.22776071778597));
#7231=CARTESIAN_POINT('',(-7.060010010593516,-36.289183321814875,140.22813007232918));
#7232=CARTESIAN_POINT('',(-9.355469545079821,-38.510695089263976,140.22926113231694));
#7233=CARTESIAN_POINT('',(-13.114853432743999,-40.968378493896118,140.23091825934563));
#7234=CARTESIAN_POINT('',(-18.349296646189057,-42.78617557843269,140.23296068744534));
#7235=CARTESIAN_POINT('',(-24.669191890258631,-43.065697147827137,140.23511989453206));
#7236=CARTESIAN_POINT('',(-32.015531168208369,-41.011055373207711,140.23707186377203));
#7237=CARTESIAN_POINT('',(-37.699715962520756,-36.512326973300226,140.2376353469501));
#7238=CARTESIAN_POINT('',(-40.993710721738267,-31.201855283673726,140.23706652431318));
#7239=CARTESIAN_POINT('',(-43.003190272140195,-25.442782551887781,140.23590099540934));
#7240=CARTESIAN_POINT('',(-42.992568930020234,-18.92303490531727,140.23391713165842));
#7241=CARTESIAN_POINT('',(-40.96633951664171,-13.117329972465479,140.2317968397993));
#7242=CARTESIAN_POINT('',(-38.512339722904258,-9.354683406917076,140.23023614914413));
#7243=CARTESIAN_POINT('',(-36.288574583771798,-7.060668980513805,140.22916714383467));
#7244=CARTESIAN_POINT('',(-35.434301857418639,-6.367033981973949,140.22881100367238));
#7245=CARTESIAN_POINT('',(-35.239275130150943,-6.208518443082261,140.22873417385532));
#7246=CARTESIAN_POINT('',(-6.208582669800907,-35.239373013784487,141.28737544349892));
#7247=CARTESIAN_POINT('',(-6.367137643685203,-35.434376152143273,141.28738269537308));
#7248=CARTESIAN_POINT('',(-7.060014229450086,-36.289194727135026,141.28742554226713));
#7249=CARTESIAN_POINT('',(-9.355470233939787,-38.510700961391251,141.28751900194973));
#7250=CARTESIAN_POINT('',(-13.114856876695892,-40.968380927918169,141.28760933663585));
#7251=CARTESIAN_POINT('',(-18.349296995367592,-42.786175157356077,141.28771189739535));
#7252=CARTESIAN_POINT('',(-24.669192418273532,-43.065699012205279,141.2879182612491));
#7253=CARTESIAN_POINT('',(-32.015530537385018,-41.011054464500972,141.28818996735112));
#7254=CARTESIAN_POINT('',(-37.699712140508844,-36.512326901389265,141.2882752154548));
#7255=CARTESIAN_POINT('',(-40.993713279592896,-31.201853995825676,141.28820443369702));
#7256=CARTESIAN_POINT('',(-43.003188700510279,-25.442780448571916,141.28804200231124));
#7257=CARTESIAN_POINT('',(-42.99257004351638,-18.923034124236658,141.28782486554582));
#7258=CARTESIAN_POINT('',(-40.966343306724283,-13.117331226493755,141.2876953092221));
#7259=CARTESIAN_POINT('',(-38.512348374033216,-9.354687755943131,141.28759898009886));
#7260=CARTESIAN_POINT('',(-36.288589062820932,-7.060673027967823,141.28750166224461));
#7261=CARTESIAN_POINT('',(-35.434316916271236,-6.367036602951784,141.28745276156991));
#7262=CARTESIAN_POINT('',(-35.23929073928673,-6.208522906402553,141.28744647987594));
#7263=CARTESIAN_POINT('',(-6.208584888223142,-35.23938560537016,143.40335759300032));
#7264=CARTESIAN_POINT('',(-6.36713647016686,-35.43438905043913,143.40340270963827));
#7265=CARTESIAN_POINT('',(-7.060018436093928,-36.289206170031058,143.4036086644991));
#7266=CARTESIAN_POINT('',(-9.35547089718659,-38.510706848654962,143.4042228563217));
#7267=CARTESIAN_POINT('',(-13.11486031157289,-40.968383380731154,143.40510235376112));
#7268=CARTESIAN_POINT('',(-18.349297319351258,-42.786174794091764,143.40618250867982));
#7269=CARTESIAN_POINT('',(-24.669192952082625,-43.065701037316195,143.40736722124919));
#7270=CARTESIAN_POINT('',(-32.015530012659724,-41.011053789859993,143.408475435615));
#7271=CARTESIAN_POINT('',(-37.699708518273987,-36.512327030253175,143.40879832596116));
#7272=CARTESIAN_POINT('',(-40.993716086550762,-31.201852807791774,143.40847905057515));
#7273=CARTESIAN_POINT('',(-43.003187311938845,-25.442778349123341,143.40781724617989));
#7274=CARTESIAN_POINT('',(-42.992571254130887,-18.923033303023541,143.40671671012632));
#7275=CARTESIAN_POINT('',(-40.966347136064385,-13.117332450019868,143.40558528818883));
#7276=CARTESIAN_POINT('',(-38.512357055636343,-9.354692091559139,143.40475205628661));
#7277=CARTESIAN_POINT('',(-36.288603588292013,-7.06067705959566,143.40416763493019));
#7278=CARTESIAN_POINT('',(-35.434332019963797,-6.367039197456361,143.40396573320942));
#7279=CARTESIAN_POINT('',(-35.239306395387302,-6.208527353602524,143.40392404201208));
#7280=CARTESIAN_POINT('',(-6.208595096845626,-35.239443187288408,147.10808291202352));
#7281=CARTESIAN_POINT('',(-6.367131179622457,-35.434448032792353,147.10809705403989));
#7282=CARTESIAN_POINT('',(-7.060037720544221,-36.289258499892334,147.10816726541495));
#7283=CARTESIAN_POINT('',(-9.355473980399685,-38.510733779446547,147.10835673228294));
#7284=CARTESIAN_POINT('',(-13.114876056407308,-40.968394578411527,147.10860279910125));
#7285=CARTESIAN_POINT('',(-18.34929884830726,-42.786173026468745,147.10890014071984));
#7286=CARTESIAN_POINT('',(-24.669195385976316,-43.065710020650663,147.10928074345583));
#7287=CARTESIAN_POINT('',(-32.015527418654656,-41.011050278697894,147.10968242341812));
#7288=CARTESIAN_POINT('',(-37.699691571742434,-36.512327258393555,147.10980298774291));
#7289=CARTESIAN_POINT('',(-40.993728490697727,-31.201847187791024,147.10969161461603));
#7290=CARTESIAN_POINT('',(-43.003180623603228,-25.442768728670799,147.10945163822873));
#7291=CARTESIAN_POINT('',(-42.992576622521959,-18.92302961499351,147.10908331713978));
#7292=CARTESIAN_POINT('',(-40.966364600037124,-13.11733810759354,147.10875902146324));
#7293=CARTESIAN_POINT('',(-38.512396754200154,-9.354711968737881,147.1085196623674));
#7294=CARTESIAN_POINT('',(-36.288670017473422,-7.060695549152753,147.10833451117304));
#7295=CARTESIAN_POINT('',(-35.434401099702349,-6.367051125546803,147.10826167899558));
#7296=CARTESIAN_POINT('',(-35.239378000799661,-6.208547746615635,147.10824885419942));
#7297=CARTESIAN_POINT('',(-6.208604416064901,-35.239495837741273,154.51605161524304));
#7298=CARTESIAN_POINT('',(-6.367126324135858,-35.434501964257151,154.51608587826405));
#7299=CARTESIAN_POINT('',(-7.060055342206607,-36.289306347861398,154.51624119588053));
#7300=CARTESIAN_POINT('',(-9.355476787656262,-38.510758401903381,154.51670822228013));
#7301=CARTESIAN_POINT('',(-13.114890444037563,-40.96840482163789,154.5173818561654));
#7302=CARTESIAN_POINT('',(-18.349300235079635,-42.786171435479083,154.51821011866679));
#7303=CARTESIAN_POINT('',(-24.669197613143314,-43.065718300505225,154.51910804242902));
#7304=CARTESIAN_POINT('',(-32.015525092943037,-41.011047169334901,154.51993917594734));
#7305=CARTESIAN_POINT('',(-37.699676167180499,-36.51232755270297,154.52018065443991));
#7306=CARTESIAN_POINT('',(-40.993739935088399,-31.201842093494584,154.51994036618834));
#7307=CARTESIAN_POINT('',(-43.003174588364388,-25.442759936784181,154.51944404862277));
#7308=CARTESIAN_POINT('',(-42.99258157097249,-18.923026226817271,154.51861277301938));
#7309=CARTESIAN_POINT('',(-40.96638057968881,-13.117343265846074,154.51774767716802));
#7310=CARTESIAN_POINT('',(-38.512433053544576,-9.354730131669966,154.51711068300997));
#7311=CARTESIAN_POINT('',(-36.28873075665301,-7.060712442702154,154.5166672332652));
#7312=CARTESIAN_POINT('',(-35.434464260937972,-6.367062017063177,154.51651574468593));
#7313=CARTESIAN_POINT('',(-35.239443471525817,-6.208566379886275,154.51648403606279));
#7314=CARTESIAN_POINT('',(-6.20864251418595,-35.239710874107359,160.8666666666667));
#7315=CARTESIAN_POINT('',(-6.367106536587881,-35.434722231330724,160.8666666666667));
#7316=CARTESIAN_POINT('',(-7.060127340027298,-36.289501770341474,160.86666666666673));
#7317=CARTESIAN_POINT('',(-9.355488281736527,-38.510858970184984,160.86666666666679));
#7318=CARTESIAN_POINT('',(-13.114949227469657,-40.968446646369117,160.86666666666673));
#7319=CARTESIAN_POINT('',(-18.349305925989022,-42.786164876825119,160.86666666666684));
#7320=CARTESIAN_POINT('',(-24.669206705267133,-43.065751958959041,160.8666666666667));
#7321=CARTESIAN_POINT('',(-32.015515483313372,-41.011034226993687,160.86666666666679));
#7322=CARTESIAN_POINT('',(-37.699613033629475,-36.512328548714578,160.86666666666676));
#7323=CARTESIAN_POINT('',(-40.993786430030283,-31.20182118052821,160.86666666666679));
#7324=CARTESIAN_POINT('',(-43.003149746089768,-25.442724017563371,160.86666666666679));
#7325=CARTESIAN_POINT('',(-42.992601685843553,-18.923012427194589,160.86666666666676));
#7326=CARTESIAN_POINT('',(-40.966445816947434,-13.117364368871833,160.86666666666676));
#7327=CARTESIAN_POINT('',(-38.512581306674946,-9.354804341831445,160.8666666666667));
#7328=CARTESIAN_POINT('',(-36.288978831213925,-7.060781469861039,160.8666666666667));
#7329=CARTESIAN_POINT('',(-35.434722231330689,-6.367106536587864,160.8666666666667));
#7330=CARTESIAN_POINT('',(-35.239710874107324,-6.208642514185935,160.8666666666667));
#7331=CARTESIAN_POINT('',(-6.208642514185946,-35.239710874107359,165.10000000000002));
#7332=CARTESIAN_POINT('',(-6.367106536587875,-35.434722231330724,165.10000000000002));
#7333=CARTESIAN_POINT('',(-7.060127340027295,-36.289501770341481,165.10000000000005));
#7334=CARTESIAN_POINT('',(-9.355488281736522,-38.510858970184984,165.10000000000014));
#7335=CARTESIAN_POINT('',(-13.114949227469651,-40.968446646369124,165.10000000000005));
#7336=CARTESIAN_POINT('',(-18.349305925989018,-42.786164876825119,165.10000000000016));
#7337=CARTESIAN_POINT('',(-24.669206705267129,-43.065751958959041,165.10000000000002));
#7338=CARTESIAN_POINT('',(-32.015515483313379,-41.011034226993687,165.10000000000014));
#7339=CARTESIAN_POINT('',(-37.699613033629475,-36.512328548714578,165.10000000000008));
#7340=CARTESIAN_POINT('',(-40.993786430030283,-31.20182118052821,165.10000000000014));
#7341=CARTESIAN_POINT('',(-43.003149746089775,-25.442724017563371,165.10000000000014));
#7342=CARTESIAN_POINT('',(-42.992601685843546,-18.923012427194582,165.10000000000008));
#7343=CARTESIAN_POINT('',(-40.966445816947434,-13.117364368871829,165.10000000000008));
#7344=CARTESIAN_POINT('',(-38.512581306674946,-9.354804341831441,165.10000000000002));
#7345=CARTESIAN_POINT('',(-36.288978831213925,-7.060781469861026,165.10000000000002));
#7346=CARTESIAN_POINT('',(-35.434722231330682,-6.367106536587861,165.10000000000002));
#7347=CARTESIAN_POINT('',(-35.239710874107317,-6.208642514185931,165.10000000000002));
#7348=B_SPLINE_SURFACE_WITH_KNOTS('',3,3,((#6838,#6855,#6872,#6889,#6906,#6923,#6940,#6957,#6974,#6991,#7008,#7025,#7042,#7059,#7076,#7093,#7110,#7127,#7144,#7161,#7178,#7195,#7212,#7229,#7246,#7263,#7280,#7297,#7314,#7331),(#6839,#6856,#6873,#6890,#6907,#6924,#6941,#6958,#6975,#6992,#7009,#7026,#7043,#7060,#7077,#7094,#7111,#7128,#7145,#7162,#7179,#7196,#7213,#7230,#7247,#7264,#7281,#7298,#7315,#7332),(#6840,#6857,#6874,#6891,#6908,#6925,#6942,#6959,#6976,#6993,#7010,#7027,#7044,#7061,#7078,#7095,#7112,#7129,#7146,#7163,#7180,#7197,#7214,#7231,#7248,#7265,#7282,#7299,#7316,#7333),(#6841,#6858,#6875,#6892,#6909,#6926,#6943,#6960,#6977,#6994,#7011,#7028,#7045,#7062,#7079,#7096,#7113,#7130,#7147,#7164,#7181,#7198,#7215,#7232,#7249,#7266,#7283,#7300,#7317,#7334),(#6842,#6859,#6876,#6893,#6910,#6927,#6944,#6961,#6978,#6995,#7012,#7029,#7046,#7063,#7080,#7097,#7114,#7131,#7148,#7165,#7182,#7199,#7216,#7233,#7250,#7267,#7284,#7301,#7318,#7335),(#6843,#6860,#6877,#6894,#6911,#6928,#6945,#6962,#6979,#6996,#7013,#7030,#7047,#7064,#7081,#7098,#7115,#7132,#7149,#7166,#7183,#7200,#7217,#7234,#7251,#7268,#7285,#7302,#7319,#7336),(#6844,#6861,#6878,#6895,#6912,#6929,#6946,#6963,#6980,#6997,#7014,#7031,#7048,#7065,#7082,#7099,#7116,#7133,#7150,#7167,#7184,#7201,#7218,#7235,#7252,#7269,#7286,#7303,#7320,#7337),(#6845,#6862,#6879,#6896,#6913,#6930,#6947,#6964,#6981,#6998,#7015,#7032,#7049,#7066,#7083,#7100,#7117,#7134,#7151,#7168,#7185,#7202,#7219,#7236,#7253,#7270,#7287,#7304,#7321,#7338),(#6846,#6863,#6880,#6897,#6914,#6931,#6948,#6965,#6982,#6999,#7016,#7033,#7050,#7067,#7084,#7101,#7118,#7135,#7152,#7169,#7186,#7203,#7220,#7237,#7254,#7271,#7288,#7305,#7322,#7339),(#6847,#6864,#6881,#6898,#6915,#6932,#6949,#6966,#6983,#7000,#7017,#7034,#7051,#7068,#7085,#7102,#7119,#7136,#7153,#7170,#7187,#7204,#7221,#7238,#7255,#7272,#7289,#7306,#7323,#7340),(#6848,#6865,#6882,#6899,#6916,#6933,#6950,#6967,#6984,#7001,#7018,#7035,#7052,#7069,#7086,#7103,#7120,#7137,#7154,#7171,#7188,#7205,#7222,#7239,#7256,#7273,#7290,#7307,#7324,#7341),(#6849,#6866,#6883,#6900,#6917,#6934,#6951,#6968,#6985,#7002,#7019,#7036,#7053,#7070,#7087,#7104,#7121,#7138,#7155,#7172,#7189,#7206,#7223,#7240,#7257,#7274,#7291,#7308,#7325,#7342),(#6850,#6867,#6884,#6901,#6918,#6935,#6952,#6969,#6986,#7003,#7020,#7037,#7054,#7071,#7088,#7105,#7122,#7139,#7156,#7173,#7190,#7207,#7224,#7241,#7258,#7275,#7292,#7309,#7326,#7343),(#6851,#6868,#6885,#6902,#6919,#6936,#6953,#6970,#6987,#7004,#7021,#7038,#7055,#7072,#7089,#7106,#7123,#7140,#7157,#7174,#7191,#7208,#7225,#7242,#7259,#7276,#7293,#7310,#7327,#7344),(#6852,#6869,#6886,#6903,#6920,#6937,#6954,#6971,#6988,#7005,#7022,#7039,#7056,#7073,#7090,#7107,#7124,#7141,#7158,#7175,#7192,#7209,#7226,#7243,#7260,#7277,#7294,#7311,#7328,#7345),(#6853,#6870,#6887,#6904,#6921,#6938,#6955,#6972,#6989,#7006,#7023,#7040,#7057,#7074,#7091,#7108,#7125,#7142,#7159,#7176,#7193,#7210,#7227,#7244,#7261,#7278,#7295,#7312,#7329,#7346),(#6854,#6871,#6888,#6905,#6922,#6939,#6956,#6973,#6990,#7007,#7024,#7041,#7058,#7075,#7092,#7109,#7126,#7143,#7160,#7177,#7194,#7211,#7228,#7245,#7262,#7279,#7296,#7313,#7330,#7347)),.UNSPECIFIED.,.F.,.F.,.F.,(4,1,1,1,1,1,1,1,1,1,1,1,1,1,4),(4,1,2,1,1,1,2,1,1,1,1,1,2,1,1,1,1,1,2,1,1,1,1,4),(0.0,0.071428571428571,0.142857142857143,0.214285714285714,0.285714285714286,0.357142857142857,0.428571428571429,0.523809523809524,0.571428571428571,0.619047619047619,0.714285714285714,0.785714285714286,0.857142857142857,0.928571428571429,1.0),(0.0,0.229634702921793,0.459269405843585,0.468837518465326,0.478405631087068,0.49754185633055,0.535814306817516,0.550473743708809,0.565133180600102,0.594452054382689,0.653089801947862,0.711727549513035,0.770365297078208,0.779933409699949,0.789501522321691,0.808637747565173,0.827773972808656,0.837342085430397,0.846910198052139,0.85647831067388,0.866046423295621,0.885182648539104,0.923455099026069,1.0),.UNSPECIFIED.);
#7349=CARTESIAN_POINT('',(-36.162100804959586,-4.955044436929032,0.0));
#7350=VERTEX_POINT('',#7349);
#7351=CARTESIAN_POINT('',(-36.162100804959586,-4.955044436929032,1.925930E-033));
#7352=CARTESIAN_POINT('',(-36.137543239524426,-5.134266473803642,-4.723786E-019));
#7353=CARTESIAN_POINT('',(-36.030282747594818,-5.918866645903095,-1.055258E-017));
#7354=CARTESIAN_POINT('',(-35.609038396951817,-8.174192844688493,-2.856558E-017));
#7355=CARTESIAN_POINT('',(-34.774388813691836,-11.282146400141404,-5.663107E-018));
#7356=CARTESIAN_POINT('',(-33.219317632666481,-15.394660233354752,-1.059398E-017));
#7357=CARTESIAN_POINT('',(-31.019866069346548,-19.449394554401096,-1.685982E-017));
#7358=CARTESIAN_POINT('',(-28.433557311668345,-22.964940653989451,-1.116973E-017));
#7359=CARTESIAN_POINT('',(-25.470225652922629,-26.315770147141077,3.697811E-018));
#7360=CARTESIAN_POINT('',(-21.581980855020323,-29.631266736055835,-2.698299E-017));
#7361=CARTESIAN_POINT('',(-16.940900267642164,-32.444456011035939,6.190371E-018));
#7362=CARTESIAN_POINT('',(-12.811910635478917,-34.26639992618032,5.596332E-017));
#7363=CARTESIAN_POINT('',(-9.027999754646377,-35.426942054409508,9.412338E-018));
#7364=CARTESIAN_POINT('',(-5.872965016987796,-36.059865616739458,1.964503E-017));
#7365=CARTESIAN_POINT('',(-3.595267921356339,-36.335882402138424,2.215388E-018));
#7366=CARTESIAN_POINT('',(-2.805429401616836,-36.392475726241344,0.0));
#7367=CARTESIAN_POINT('',(-2.625001132625305,-36.405485425327264,0.0));
#7368=B_SPLINE_CURVE_WITH_KNOTS('',3,(#7351,#7352,#7353,#7354,#7355,#7356,#7357,#7358,#7359,#7360,#7361,#7362,#7363,#7364,#7365,#7366,#7367),.UNSPECIFIED.,.F.,.U.,(4,1,1,1,1,1,1,1,1,1,1,1,1,1,4),(-1.0,-0.928571428571429,-0.857142857142857,-0.785714285714286,-0.714285714285714,-0.619047619047619,-0.571428571428571,-0.523809523809524,-0.428571428571429,-0.357142857142857,-0.285714285714286,-0.214285714285714,-0.142857142857143,-0.071428571428571,0.0),.UNSPECIFIED.);
#7369=EDGE_CURVE('',#7350,#6767,#7368,.T.);
#7370=ORIENTED_EDGE('',*,*,#7369,.F.);
#7371=CARTESIAN_POINT('',(-36.162174042714135,-4.955054472195793,88.884619973311558));
#7372=VERTEX_POINT('',#7371);
#7373=CARTESIAN_POINT('',(-36.162100804959586,-4.955044436929033,-3.851860E-033));
#7374=CARTESIAN_POINT('',(-36.162100804959586,-4.955044436929033,12.699999999999992));
#7375=CARTESIAN_POINT('',(-36.162017484565155,-4.955038923878858,38.100120630055073));
#7376=CARTESIAN_POINT('',(-36.162510783500807,-4.95506916049915,63.499797334320746));
#7377=CARTESIAN_POINT('',(-36.162717131693093,-4.955077345855311,76.729554581819926));
#7378=CARTESIAN_POINT('',(-36.164200197571404,-4.953627820342272,77.791357703847339));
#7379=CARTESIAN_POINT('',(-36.170860630654865,-4.947089809678213,79.91293488785432));
#7380=CARTESIAN_POINT('',(-36.186591064198261,-4.931959197843288,83.623461079479199));
#7381=CARTESIAN_POINT('',(-36.186588758892725,-4.931900191922757,86.788679415065019));
#7382=CARTESIAN_POINT('',(-36.163198114497312,-4.955144991160268,88.884006880704248));
#7383=B_SPLINE_CURVE_WITH_KNOTS('',3,(#7373,#7374,#7375,#7376,#7377,#7378,#7379,#7380,#7381,#7382),.UNSPECIFIED.,.F.,.U.,(4,1,2,1,1,1,4),(0.0,0.229634702921793,0.459269405843585,0.468837518465326,0.478405631087068,0.49754185633055,0.535814306817516),.UNSPECIFIED.);
#7384=EDGE_CURVE('',#7350,#7372,#7383,.T.);
#7385=ORIENTED_EDGE('',*,*,#7384,.T.);
#7386=CARTESIAN_POINT('',(-35.239723453032944,-6.208627034121037,126.99201073750282));
#7387=VERTEX_POINT('',#7386);
#7388=CARTESIAN_POINT('',(-36.163191166816667,-4.955151895503441,88.884629155183603));
#7389=CARTESIAN_POINT('',(-36.154231439242011,-4.964055712739519,89.686989363592204));
#7390=CARTESIAN_POINT('',(-36.125628032150779,-4.992307964727861,91.282746559381792));
#7391=CARTESIAN_POINT('',(-36.038818250194929,-5.086199297052526,94.463660014964432));
#7392=CARTESIAN_POINT('',(-35.820526650694148,-5.34310942481145,99.998899961983426));
#7393=CARTESIAN_POINT('',(-35.556840824754502,-5.85759788671732,107.872169947532));
#7394=CARTESIAN_POINT('',(-35.362806235668629,-6.153226574640303,117.35558626332073));
#7395=CARTESIAN_POINT('',(-35.253833014350519,-6.199971304091757,123.75313581220972));
#7396=CARTESIAN_POINT('',(-35.238927581395309,-6.208394176994656,126.99186884791428));
#7397=CARTESIAN_POINT('',(-35.238927269202968,-6.208394353408736,126.99193668456726));
#7398=CARTESIAN_POINT('',(-35.238926957019004,-6.208394529816196,126.99200452121501));
#7399=B_SPLINE_CURVE_WITH_KNOTS('',3,(#7388,#7389,#7390,#7391,#7392,#7393,#7394,#7395,#7396,#7397,#7398),.UNSPECIFIED.,.F.,.U.,(4,1,1,1,1,1,2,4),(0.535818095565699,0.550473743708809,0.565133180600102,0.594452054382689,0.653089801947862,0.711727549513035,0.770365297078208,0.770366525296809),.UNSPECIFIED.);
#7400=EDGE_CURVE('',#7372,#7387,#7399,.T.);
#7401=ORIENTED_EDGE('',*,*,#7400,.T.);
#7402=CARTESIAN_POINT('',(-35.239710874107331,-6.208642514185935,165.09999999999997));
#7403=VERTEX_POINT('',#7402);
#7404=CARTESIAN_POINT('',(-35.238927893596021,-6.208394000573957,126.99180101125603));
#7405=CARTESIAN_POINT('',(-35.23649577640289,-6.209768359444594,127.5202645804637));
#7406=CARTESIAN_POINT('',(-35.232647909385115,-6.211713603888742,128.57655489095168));
#7407=CARTESIAN_POINT('',(-35.229186955247179,-6.213498000992703,130.69346756381984));
#7408=CARTESIAN_POINT('',(-35.230860683902364,-6.212718796059757,133.34371683943687));
#7409=CARTESIAN_POINT('',(-35.23573928393305,-6.210319428068882,135.99517058936777));
#7410=CARTESIAN_POINT('',(-35.238609563046886,-6.208839742841513,138.11374941685818));
#7411=CARTESIAN_POINT('',(-35.239265530573164,-6.208515777525482,139.17169675753405));
#7412=CARTESIAN_POINT('',(-35.239275130150943,-6.208518443082261,140.22873417385532));
#7413=CARTESIAN_POINT('',(-35.23929073928673,-6.208522906402553,141.28744647987594));
#7414=CARTESIAN_POINT('',(-35.239306395387302,-6.208527353602524,143.40392404201208));
#7415=CARTESIAN_POINT('',(-35.239378000799661,-6.208547746615635,147.10824885419942));
#7416=CARTESIAN_POINT('',(-35.239443471525817,-6.208566379886275,154.51648403606279));
#7417=CARTESIAN_POINT('',(-35.239710874107324,-6.208642514185936,160.8666666666667));
#7418=CARTESIAN_POINT('',(-35.239710874107317,-6.208642514185931,165.10000000000002));
#7419=B_SPLINE_CURVE_WITH_KNOTS('',3,(#7404,#7405,#7406,#7407,#7408,#7409,#7410,#7411,#7412,#7413,#7414,#7415,#7416,#7417,#7418),.UNSPECIFIED.,.F.,.U.,(4,1,1,1,1,1,2,1,1,1,1,4),(0.770365297078208,0.779933409699949,0.789501522321691,0.808637747565173,0.827773972808656,0.837342085430397,0.846910198052139,0.85647831067388,0.866046423295621,0.885182648539104,0.923455099026069,1.0),.UNSPECIFIED.);
#7420=EDGE_CURVE('',#7387,#7403,#7419,.T.);
#7421=ORIENTED_EDGE('',*,*,#7420,.T.);
#7422=CARTESIAN_POINT('',(-6.208642514185946,-35.239710874107359,165.10000000000002));
#7423=CARTESIAN_POINT('',(-6.367106536587875,-35.434722231330724,165.10000000000002));
#7424=CARTESIAN_POINT('',(-7.060127340027295,-36.289501770341481,165.10000000000005));
#7425=CARTESIAN_POINT('',(-9.355488281736522,-38.510858970184984,165.10000000000014));
#7426=CARTESIAN_POINT('',(-13.114949227469651,-40.968446646369124,165.10000000000005));
#7427=CARTESIAN_POINT('',(-18.349305925989018,-42.786164876825119,165.10000000000016));
#7428=CARTESIAN_POINT('',(-24.669206705267129,-43.065751958959041,165.10000000000002));
#7429=CARTESIAN_POINT('',(-32.015515483313379,-41.011034226993687,165.10000000000014));
#7430=CARTESIAN_POINT('',(-37.699613033629475,-36.512328548714578,165.10000000000008));
#7431=CARTESIAN_POINT('',(-40.993786430030283,-31.20182118052821,165.10000000000014));
#7432=CARTESIAN_POINT('',(-43.003149746089775,-25.442724017563371,165.10000000000014));
#7433=CARTESIAN_POINT('',(-42.992601685843546,-18.923012427194582,165.10000000000008));
#7434=CARTESIAN_POINT('',(-40.966445816947434,-13.117364368871829,165.10000000000008));
#7435=CARTESIAN_POINT('',(-38.512581306674946,-9.354804341831441,165.10000000000002));
#7436=CARTESIAN_POINT('',(-36.288978831213925,-7.060781469861026,165.10000000000002));
#7437=CARTESIAN_POINT('',(-35.434722231330682,-6.367106536587861,165.10000000000002));
#7438=CARTESIAN_POINT('',(-35.239710874107317,-6.208642514185931,165.10000000000002));
#7439=B_SPLINE_CURVE_WITH_KNOTS('',3,(#7422,#7423,#7424,#7425,#7426,#7427,#7428,#7429,#7430,#7431,#7432,#7433,#7434,#7435,#7436,#7437,#7438),.UNSPECIFIED.,.F.,.U.,(4,1,1,1,1,1,1,1,1,1,1,1,1,1,4),(0.0,0.071428571428571,0.142857142857143,0.214285714285714,0.285714285714286,0.357142857142857,0.428571428571429,0.523809523809524,0.571428571428571,0.619047619047619,0.714285714285714,0.785714285714286,0.857142857142857,0.928571428571429,1.0),.UNSPECIFIED.);
#7440=EDGE_CURVE('',#6804,#7403,#7439,.T.);
#7441=ORIENTED_EDGE('',*,*,#7440,.F.);
#7442=ORIENTED_EDGE('',*,*,#6820,.F.);
#7443=ORIENTED_EDGE('',*,*,#6801,.F.);
#7444=ORIENTED_EDGE('',*,*,#6789,.F.);
#7445=EDGE_LOOP('',(#7370,#7385,#7401,#7421,#7441,#7442,#7443,#7444));
#7446=FACE_OUTER_BOUND('',#7445,.T.);
#7447=ADVANCED_FACE('',(#7446),#7348,.T.);
#7448=CARTESIAN_POINT('',(-36.162100804959586,-4.955044436929033,0.0));
#7449=CARTESIAN_POINT('',(-36.260331066700225,-4.23815628943059,1.889514E-018));
#7450=CARTESIAN_POINT('',(-36.414143554758461,-2.798536278436156,-9.829307E-017));
#7451=CARTESIAN_POINT('',(-36.499107007606007,-0.990765160745516,-1.873506E-016));
#7452=CARTESIAN_POINT('',(-36.503377491031991,0.818396783017771,-2.121879E-016));
#7453=CARTESIAN_POINT('',(-36.457524221670951,1.903288056659113,-3.514146E-016));
#7454=CARTESIAN_POINT('',(-36.405485425327264,2.625001132625237,-3.520717E-016));
#7455=CARTESIAN_POINT('',(-36.162100804959586,-4.955044436929033,25.399999999999984));
#7456=CARTESIAN_POINT('',(-36.260331066700225,-4.238156289430598,25.400000000000023));
#7457=CARTESIAN_POINT('',(-36.414143554758454,-2.79853627843618,25.399999999999906));
#7458=CARTESIAN_POINT('',(-36.499107007606007,-0.990765160745555,25.400000000000063));
#7459=CARTESIAN_POINT('',(-36.503377491031983,0.818396783017714,25.399999999999917));
#7460=CARTESIAN_POINT('',(-36.457524221670965,1.903288056659043,25.400000000000045));
#7461=CARTESIAN_POINT('',(-36.405485425327264,2.625001132625163,25.399999999999984));
#7462=CARTESIAN_POINT('',(-36.161720178652331,-4.954996507217064,50.79910065203034));
#7463=CARTESIAN_POINT('',(-36.260219966309961,-4.237838320973594,50.79862235864374));
#7464=CARTESIAN_POINT('',(-36.414249269785472,-2.798570052911225,50.797885025756521));
#7465=CARTESIAN_POINT('',(-36.499306276037451,-0.990772310036391,50.797752649098335));
#7466=CARTESIAN_POINT('',(-36.503320100820048,0.818414616848949,50.798209384147626));
#7467=CARTESIAN_POINT('',(-36.457778063910489,1.903031680424326,50.79882346304862));
#7468=CARTESIAN_POINT('',(-36.40516740008627,2.624968560474907,50.799299345298145));
#7469=CARTESIAN_POINT('',(-36.161381945348204,-4.954970033864922,77.258110205428181));
#7470=CARTESIAN_POINT('',(-36.260152984468462,-4.237512676479466,77.258116506478387));
#7471=CARTESIAN_POINT('',(-36.414382339623849,-2.798580262260886,77.258251177294156));
#7472=CARTESIAN_POINT('',(-36.499522029621446,-0.990782105883255,77.258457528969075));
#7473=CARTESIAN_POINT('',(-36.503288282473257,0.818412588747213,77.258545317523257));
#7474=CARTESIAN_POINT('',(-36.458078391532766,1.90276168456921,77.258588824653657));
#7475=CARTESIAN_POINT('',(-36.404892018362702,2.624947602594858,77.258556037209317));
#7476=CARTESIAN_POINT('',(-36.167256269593139,-4.949143864130999,79.382152079957095));
#7477=CARTESIAN_POINT('',(-36.268973212890209,-4.232198344868523,79.385002879977719));
#7478=CARTESIAN_POINT('',(-36.427775558466521,-2.796499948270719,79.389842775978693));
#7479=CARTESIAN_POINT('',(-36.514176338240823,-0.995354000942025,79.391432223629693));
#7480=CARTESIAN_POINT('',(-36.515698252803219,0.807781126093065,79.389152550538839));
#7481=CARTESIAN_POINT('',(-36.467219211099284,1.889614134856575,79.385754075148199));
#7482=CARTESIAN_POINT('',(-36.411181377487026,2.611215238595349,79.382831748813771));
#7483=CARTESIAN_POINT('',(-36.185173691292185,-4.931831403826972,83.621380579654669));
#7484=CARTESIAN_POINT('',(-36.29564341106267,-4.216259939111732,83.622816923153479));
#7485=CARTESIAN_POINT('',(-36.467824050627357,-2.790080635122906,83.625387893695944));
#7486=CARTESIAN_POINT('',(-36.557842686153521,-1.009076450248925,83.626294787117317));
#7487=CARTESIAN_POINT('',(-36.5528509705278,0.775754856799904,83.625076538540213));
#7488=CARTESIAN_POINT('',(-36.494798406461179,1.850129348703333,83.623296154697584));
#7489=CARTESIAN_POINT('',(-36.430328818214299,2.570117573840595,83.621777622931489));
#7490=CARTESIAN_POINT('',(-36.184970854760351,-4.931792408470217,86.787253368114179));
#7491=CARTESIAN_POINT('',(-36.295478133205371,-4.216199098372961,86.783158003878469));
#7492=CARTESIAN_POINT('',(-36.467637995121827,-2.790121373136998,86.77641433876741));
#7493=CARTESIAN_POINT('',(-36.557657311319318,-1.009068400399231,86.774654821418181));
#7494=CARTESIAN_POINT('',(-36.552651250161034,0.77579641796278,86.778361265636363));
#7495=CARTESIAN_POINT('',(-36.494718610098516,1.850095717843278,86.783531462410949));
#7496=CARTESIAN_POINT('',(-36.43013992009724,2.570101332440097,86.787710827040911));
#7497=CARTESIAN_POINT('',(-36.125115160562643,-4.990420407857481,92.092544029812728));
#7498=CARTESIAN_POINT('',(-36.206459494601269,-4.269724266465503,92.072076202808674));
#7499=CARTESIAN_POINT('',(-36.334273251053688,-2.811605245641275,92.038648991223155));
#7500=CARTESIAN_POINT('',(-36.412367725796116,-0.962822236498151,92.029013903844103));
#7501=CARTESIAN_POINT('',(-36.428746230530244,0.883672825266057,92.045785421739794));
#7502=CARTESIAN_POINT('',(-36.402866051521258,1.98305536194483,92.070310103091828));
#7503=CARTESIAN_POINT('',(-36.366175689342384,2.708900616261015,92.090951850153587));
#7504=CARTESIAN_POINT('',(-35.944603186370649,-5.175168110219186,96.84088826444183));
#7505=CARTESIAN_POINT('',(-35.941918402528934,-4.436137858005261,96.799385868871838));
#7506=CARTESIAN_POINT('',(-35.937948243449313,-2.874783224963429,96.736144582429318));
#7507=CARTESIAN_POINT('',(-35.979632194213913,-0.82474182771083,96.716735042276753));
#7508=CARTESIAN_POINT('',(-36.061056201788119,1.206585303091555,96.743260867723706));
#7509=CARTESIAN_POINT('',(-36.130610497515697,2.385830523636091,96.786742626739283));
#7510=CARTESIAN_POINT('',(-36.174895801709006,3.13275403776812,96.826770068845519));
#7511=CARTESIAN_POINT('',(-35.705906486664915,-5.549471958465338,103.14844023932886));
#7512=CARTESIAN_POINT('',(-35.485155476585724,-4.737887395825537,103.09568444186047));
#7513=CARTESIAN_POINT('',(-35.137523738314165,-2.957525026215794,103.01720818604511));
#7514=CARTESIAN_POINT('',(-35.08174575688308,-0.546701886562989,102.98751806855036));
#7515=CARTESIAN_POINT('',(-35.329077202065875,1.820205263855534,103.00877576410394));
#7516=CARTESIAN_POINT('',(-35.64447212426397,3.15873475652594,103.05237880549666));
#7517=CARTESIAN_POINT('',(-35.900877716038927,3.974047646611247,103.09517231188464));
#7518=CARTESIAN_POINT('',(-35.444233381550362,-6.084070424563562,112.60739110929167));
#7519=CARTESIAN_POINT('',(-34.788932962530041,-5.175352668112396,112.54837669812382));
#7520=CARTESIAN_POINT('',(-33.800861623199147,-3.062075436904408,112.45148799132508));
#7521=CARTESIAN_POINT('',(-33.569130527411716,-0.082256952248768,112.40621690031804));
#7522=CARTESIAN_POINT('',(-34.113824501904098,2.807346789771872,112.41845710300203));
#7523=CARTESIAN_POINT('',(-34.882385632071895,4.384205798490084,112.45891673433732));
#7524=CARTESIAN_POINT('',(-35.552208703562137,5.287820288674913,112.49729919600429));
#7525=CARTESIAN_POINT('',(-35.275408712937008,-6.19305573255787,120.51648850772051));
#7526=CARTESIAN_POINT('',(-34.268167715787136,-5.335144977661731,120.48155541683577));
#7527=CARTESIAN_POINT('',(-32.690395509424597,-3.096457947986766,120.40884866073563));
#7528=CARTESIAN_POINT('',(-32.278234651423318,0.306896099432175,120.36744550853751));
#7529=CARTESIAN_POINT('',(-33.097908897760277,3.557444185130223,120.37617910189263));
#7530=CARTESIAN_POINT('',(-34.278903289690732,5.234406005628134,120.40699306210652));
#7531=CARTESIAN_POINT('',(-35.28741131510975,6.092638934338226,120.43212222877543));
#7532=CARTESIAN_POINT('',(-35.236115016385583,-6.211299704333587,128.04993951025162));
#7533=CARTESIAN_POINT('',(-34.176996743459043,-5.359054353544627,128.04628105720528));
#7534=CARTESIAN_POINT('',(-32.505875663004304,-3.102966484996463,128.03816896132423));
#7535=CARTESIAN_POINT('',(-32.061953810952851,0.371635792951429,128.03337789505645));
#7536=CARTESIAN_POINT('',(-32.927224346378907,3.683139240008623,128.03424968201381));
#7537=CARTESIAN_POINT('',(-34.17472439534037,5.374869801179925,128.03764512623798));
#7538=CARTESIAN_POINT('',(-35.233983792537586,6.227302720298557,128.04030332238111));
#7539=CARTESIAN_POINT('',(-35.231028585525046,-6.213900571625467,130.16462845015627));
#7540=CARTESIAN_POINT('',(-34.164369801700964,-5.362501635125888,130.16481697312224));
#7541=CARTESIAN_POINT('',(-32.480212347050809,-3.103684146602295,130.16468675483961));
#7542=CARTESIAN_POINT('',(-32.032128615362645,0.380702303774073,130.16447321109516));
#7543=CARTESIAN_POINT('',(-32.903730096299576,3.700526225094891,130.16434652899147));
#7544=CARTESIAN_POINT('',(-34.160390161608426,5.394435690260044,130.16432461687364));
#7545=CARTESIAN_POINT('',(-35.2269582758816,6.246055586289725,130.16420112985548));
#7546=CARTESIAN_POINT('',(-35.23275885102872,-6.212917951548606,133.34553047940145));
#7547=CARTESIAN_POINT('',(-34.169039077226898,-5.361133466534702,133.35003622324874));
#7548=CARTESIAN_POINT('',(-32.489850000874767,-3.103426112457527,133.35891027086899));
#7549=CARTESIAN_POINT('',(-32.043321977007452,0.377301618400214,133.36386467272047));
#7550=CARTESIAN_POINT('',(-32.912512074232168,3.69401657892801,133.36262826244109));
#7551=CARTESIAN_POINT('',(-34.165766521097808,5.38704885462976,133.35876645297606));
#7552=CARTESIAN_POINT('',(-35.229445616983668,6.239027062649588,133.35552363141775));
#7553=CARTESIAN_POINT('',(-35.237452124512743,-6.210496436492194,135.99676290004436));
#7554=CARTESIAN_POINT('',(-34.180842170284592,-5.357844414084263,136.00159021318007));
#7555=CARTESIAN_POINT('',(-32.513888954289328,-3.102780737553041,136.0111360703564));
#7556=CARTESIAN_POINT('',(-32.071221069140414,0.368801718587025,136.01647070026308));
#7557=CARTESIAN_POINT('',(-32.934455634241566,3.677755059136239,136.01515949080013));
#7558=CARTESIAN_POINT('',(-34.179215275277059,5.368688579085,136.01101371495213));
#7559=CARTESIAN_POINT('',(-35.235949503559048,6.221485188727353,136.00754162506797));
#7560=CARTESIAN_POINT('',(-35.239922437844278,-6.209195128495378,137.85059815169905));
#7561=CARTESIAN_POINT('',(-34.187041073890995,-5.356113772471529,137.8543991935137));
#7562=CARTESIAN_POINT('',(-32.526465203602683,-3.10246393702562,137.86182756637183));
#7563=CARTESIAN_POINT('',(-32.085771220148573,0.36434226620878,137.86595252290059));
#7564=CARTESIAN_POINT('',(-32.945909454163541,3.669247476197002,137.8649086733011));
#7565=CARTESIAN_POINT('',(-34.186227480968377,5.359076720743163,137.86166967720141));
#7566=CARTESIAN_POINT('',(-35.23934721758814,6.212274014837385,137.85893888807115));
#7567=CARTESIAN_POINT('',(-35.240741556453365,-6.208762208906413,138.9088815580287));
#7568=CARTESIAN_POINT('',(-34.189105496123496,-5.355534524848414,138.9116463409014));
#7569=CARTESIAN_POINT('',(-32.530656347902308,-3.102359634236352,138.91694278871887));
#7570=CARTESIAN_POINT('',(-32.09061865116675,0.362855794996962,138.91985377763913));
#7571=CARTESIAN_POINT('',(-32.9497237902969,3.666413356326431,138.91907844055075));
#7572=CARTESIAN_POINT('',(-34.188564953942802,5.355872147747325,138.91675156972872));
#7573=CARTESIAN_POINT('',(-35.240475362573733,6.209205456240978,138.91476837545781));
#7574=CARTESIAN_POINT('',(-35.240902637703812,-6.208679317311585,139.43761267859213));
#7575=CARTESIAN_POINT('',(-34.189500578702507,-5.355426490471592,139.43971086892762));
#7576=CARTESIAN_POINT('',(-32.531452812705723,-3.102340296654393,139.44363331454312));
#7577=CARTESIAN_POINT('',(-32.091538602711132,0.362572778926295,139.44576145830854));
#7578=CARTESIAN_POINT('',(-32.950448963282753,3.665874333229322,139.44515809206482));
#7579=CARTESIAN_POINT('',(-34.189008517702057,5.35526431802849,139.44341858745912));
#7580=CARTESIAN_POINT('',(-35.240693765437818,6.208621140498362,139.44191623967774));
#7581=CARTESIAN_POINT('',(-35.240673672435243,-6.208672459129377,143.93039470300056));
#7582=CARTESIAN_POINT('',(-34.189415756885481,-5.355324337372554,143.92691272187142));
#7583=CARTESIAN_POINT('',(-32.531476207377167,-3.102351045557398,143.91941846303976));
#7584=CARTESIAN_POINT('',(-32.091559972948275,0.362571311489144,143.91506470366389));
#7585=CARTESIAN_POINT('',(-32.950417782736523,3.665883952481585,143.91591403171478));
#7586=CARTESIAN_POINT('',(-34.189018569612756,5.355193154210824,143.91906799100749));
#7587=CARTESIAN_POINT('',(-35.240505042076364,6.20862529817713,143.92158856216494));
#7588=CARTESIAN_POINT('',(-35.240155459933703,-6.208656257302715,152.40051413094764));
#7589=CARTESIAN_POINT('',(-34.189223813859918,-5.355093145053171,152.40096171081544));
#7590=CARTESIAN_POINT('',(-32.531528379310323,-3.102375747311931,152.40173467631553));
#7591=CARTESIAN_POINT('',(-32.091606641185258,0.362568049903012,152.40213542743447));
#7592=CARTESIAN_POINT('',(-32.950346138888342,3.665906209551674,152.40199688114583));
#7593=CARTESIAN_POINT('',(-34.189040273003727,5.355032635976852,152.40164311428404));
#7594=CARTESIAN_POINT('',(-35.240077547710058,6.208634544081226,152.40132441164323));
#7595=CARTESIAN_POINT('',(-35.239710874107345,-6.20864251418595,160.8666666666667));
#7596=CARTESIAN_POINT('',(-34.189059134251607,-5.354894798095604,160.86666666666667));
#7597=CARTESIAN_POINT('',(-32.531573317886846,-3.1023968532403,160.86666666666676));
#7598=CARTESIAN_POINT('',(-32.091647070613412,0.362565237964046,160.86666666666673));
#7599=CARTESIAN_POINT('',(-32.950284921645512,3.665925192295244,160.86666666666673));
#7600=CARTESIAN_POINT('',(-34.189059134251607,5.354894798095598,160.86666666666667));
#7601=CARTESIAN_POINT('',(-35.239710874107345,6.208642514185945,160.8666666666667));
#7602=CARTESIAN_POINT('',(-35.239710874107345,-6.20864251418595,165.10000000000002));
#7603=CARTESIAN_POINT('',(-34.189059134251607,-5.354894798095604,165.10000000000002));
#7604=CARTESIAN_POINT('',(-32.531573317886846,-3.1023968532403,165.10000000000005));
#7605=CARTESIAN_POINT('',(-32.091647070613412,0.362565237964046,165.10000000000008));
#7606=CARTESIAN_POINT('',(-32.950284921645512,3.665925192295244,165.10000000000005));
#7607=CARTESIAN_POINT('',(-34.189059134251607,5.354894798095598,165.10000000000002));
#7608=CARTESIAN_POINT('',(-35.239710874107345,6.208642514185945,165.10000000000002));
#7609=B_SPLINE_SURFACE_WITH_KNOTS('',3,3,((#7448,#7455,#7462,#7469,#7476,#7483,#7490,#7497,#7504,#7511,#7518,#7525,#7532,#7539,#7546,#7553,#7560,#7567,#7574,#7581,#7588,#7595,#7602),(#7449,#7456,#7463,#7470,#7477,#7484,#7491,#7498,#7505,#7512,#7519,#7526,#7533,#7540,#7547,#7554,#7561,#7568,#7575,#7582,#7589,#7596,#7603),(#7450,#7457,#7464,#7471,#7478,#7485,#7492,#7499,#7506,#7513,#7520,#7527,#7534,#7541,#7548,#7555,#7562,#7569,#7576,#7583,#7590,#7597,#7604),(#7451,#7458,#7465,#7472,#7479,#7486,#7493,#7500,#7507,#7514,#7521,#7528,#7535,#7542,#7549,#7556,#7563,#7570,#7577,#7584,#7591,#7598,#7605),(#7452,#7459,#7466,#7473,#7480,#7487,#7494,#7501,#7508,#7515,#7522,#7529,#7536,#7543,#7550,#7557,#7564,#7571,#7578,#7585,#7592,#7599,#7606),(#7453,#7460,#7467,#7474,#7481,#7488,#7495,#7502,#7509,#7516,#7523,#7530,#7537,#7544,#7551,#7558,#7565,#7572,#7579,#7586,#7593,#7600,#7607),(#7454,#7461,#7468,#7475,#7482,#7489,#7496,#7503,#7510,#7517,#7524,#7531,#7538,#7545,#7552,#7559,#7566,#7573,#7580,#7587,#7594,#7601,#7608)),.UNSPECIFIED.,.F.,.F.,.F.,(4,1,1,1,4),(4,2,1,1,2,1,1,1,2,1,1,1,1,1,2,1,4),(0.0,0.285714285714286,0.571428571428571,0.714285714285714,1.0),(0.0,0.459269405843585,0.478405631087068,0.49754185633055,0.535814306817516,0.594452054382689,0.623770928165275,0.653089801947862,0.770365297078208,0.789501522321691,0.808637747565173,0.827773972808656,0.837342085430397,0.842126141741268,0.846910198052139,0.923455099026069,1.0),.UNSPECIFIED.);
#7610=CARTESIAN_POINT('',(-36.405485425327264,2.625001132625237,0.0));
#7611=VERTEX_POINT('',#7610);
#7612=CARTESIAN_POINT('',(-36.405485425327264,2.625001132625237,-3.520717E-016));
#7613=CARTESIAN_POINT('',(-36.457524221670951,1.903288056659113,-3.514146E-016));
#7614=CARTESIAN_POINT('',(-36.503377491031991,0.818396783017771,-2.121879E-016));
#7615=CARTESIAN_POINT('',(-36.499107007606007,-0.990765160745516,-1.873506E-016));
#7616=CARTESIAN_POINT('',(-36.414143554758461,-2.798536278436156,-9.829307E-017));
#7617=CARTESIAN_POINT('',(-36.260331066700225,-4.23815628943059,1.889514E-018));
#7618=CARTESIAN_POINT('',(-36.162100804959586,-4.955044436929033,0.0));
#7619=B_SPLINE_CURVE_WITH_KNOTS('',3,(#7612,#7613,#7614,#7615,#7616,#7617,#7618),.UNSPECIFIED.,.F.,.U.,(4,1,1,1,4),(-1.0,-0.714285714285714,-0.571428571428571,-0.285714285714286,0.0),.UNSPECIFIED.);
#7620=EDGE_CURVE('',#7611,#7350,#7619,.T.);
#7621=ORIENTED_EDGE('',*,*,#7620,.F.);
#7622=CARTESIAN_POINT('',(-36.4055666856435,2.625006991863746,88.883853747727102));
#7623=VERTEX_POINT('',#7622);
#7624=CARTESIAN_POINT('',(-36.405485425327264,2.625001132625237,-3.520717E-016));
#7625=CARTESIAN_POINT('',(-36.405485425327264,2.625001132625163,25.399999999999984));
#7626=CARTESIAN_POINT('',(-36.40516740008627,2.624968560474907,50.799299345298145));
#7627=CARTESIAN_POINT('',(-36.404892018362702,2.624947602594858,77.258556037209317));
#7628=CARTESIAN_POINT('',(-36.411181377487026,2.611215238595349,79.382831748813771));
#7629=CARTESIAN_POINT('',(-36.430328818214299,2.570117573840595,83.621777622931489));
#7630=CARTESIAN_POINT('',(-36.43013992009724,2.570101332440097,86.787710827040911));
#7631=CARTESIAN_POINT('',(-36.404878720515491,2.624916912476414,88.882103714034344));
#7632=B_SPLINE_CURVE_WITH_KNOTS('',3,(#7624,#7625,#7626,#7627,#7628,#7629,#7630,#7631),.UNSPECIFIED.,.F.,.U.,(4,2,1,1,4),(0.0,0.459269405843585,0.478405631087068,0.49754185633055,0.535814306817516),.UNSPECIFIED.);
#7633=EDGE_CURVE('',#7611,#7623,#7632,.T.);
#7634=ORIENTED_EDGE('',*,*,#7633,.T.);
#7635=CARTESIAN_POINT('',(-35.239874436986042,6.208441227998188,126.97119213706131));
#7636=VERTEX_POINT('',#7635);
#7637=CARTESIAN_POINT('',(-36.404857689114039,2.624962550175747,88.883846687316961));
#7638=CARTESIAN_POINT('',(-36.366129511719606,2.709002942924728,92.092095136840101));
#7639=CARTESIAN_POINT('',(-36.174870994905362,3.132830199913795,96.827337546073181));
#7640=CARTESIAN_POINT('',(-35.900877716038927,3.974047646611247,103.09517231188464));
#7641=CARTESIAN_POINT('',(-35.552229898420869,5.287740427188642,112.49672766041051));
#7642=CARTESIAN_POINT('',(-35.287449946795071,6.092521517021085,120.43096461026525));
#7643=CARTESIAN_POINT('',(-35.241491326589667,6.208380017981719,126.97121675154327));
#7644=B_SPLINE_CURVE_WITH_KNOTS('',3,(#7637,#7638,#7639,#7640,#7641,#7642,#7643),.UNSPECIFIED.,.F.,.U.,(4,1,1,1,4),(0.535824923745126,0.594452054382689,0.623770928165275,0.653089801947862,0.770354603680761),.UNSPECIFIED.);
#7645=EDGE_CURVE('',#7623,#7636,#7644,.T.);
#7646=ORIENTED_EDGE('',*,*,#7645,.T.);
#7647=CARTESIAN_POINT('',(-35.239710874107345,6.208642514185945,165.09999999999997));
#7648=VERTEX_POINT('',#7647);
#7649=CARTESIAN_POINT('',(-35.241491326589667,6.208380017981719,126.97121675154327));
#7650=CARTESIAN_POINT('',(-35.241487135615188,6.208390583138357,126.97181315826136));
#7651=CARTESIAN_POINT('',(-35.241482946019943,6.208401143904711,126.9724095665842));
#7652=CARTESIAN_POINT('',(-35.233983792537586,6.227302720298557,128.04030332238111));
#7653=CARTESIAN_POINT('',(-35.2269582758816,6.246055586289725,130.16420112985548));
#7654=CARTESIAN_POINT('',(-35.229445616983668,6.239027062649588,133.35552363141775));
#7655=CARTESIAN_POINT('',(-35.235949503559048,6.221485188727353,136.00754162506797));
#7656=CARTESIAN_POINT('',(-35.23934721758814,6.212274014837385,137.85893888807115));
#7657=CARTESIAN_POINT('',(-35.240475362573733,6.209205456240978,138.91476837545781));
#7658=CARTESIAN_POINT('',(-35.240693765437818,6.208621140498362,139.44191623967774));
#7659=CARTESIAN_POINT('',(-35.240505042076364,6.20862529817713,143.92158856216494));
#7660=CARTESIAN_POINT('',(-35.240077547710058,6.208634544081226,152.40132441164323));
#7661=CARTESIAN_POINT('',(-35.239710874107345,6.208642514185945,160.8666666666667));
#7662=CARTESIAN_POINT('',(-35.239710874107345,6.208642514185945,165.10000000000002));
#7663=B_SPLINE_CURVE_WITH_KNOTS('',3,(#7649,#7650,#7651,#7652,#7653,#7654,#7655,#7656,#7657,#7658,#7659,#7660,#7661,#7662),.UNSPECIFIED.,.F.,.U.,(4,2,1,1,1,1,1,2,1,4),(0.770354603680761,0.770365297078208,0.789501522321691,0.808637747565173,0.827773972808656,0.837342085430397,0.842126141741268,0.846910198052139,0.923455099026069,1.0),.UNSPECIFIED.);
#7664=EDGE_CURVE('',#7636,#7648,#7663,.T.);
#7665=ORIENTED_EDGE('',*,*,#7664,.T.);
#7666=CARTESIAN_POINT('',(-35.239710874107345,-6.20864251418595,165.10000000000002));
#7667=CARTESIAN_POINT('',(-34.189059134251607,-5.354894798095604,165.10000000000002));
#7668=CARTESIAN_POINT('',(-32.531573317886846,-3.1023968532403,165.10000000000005));
#7669=CARTESIAN_POINT('',(-32.091647070613412,0.362565237964046,165.10000000000008));
#7670=CARTESIAN_POINT('',(-32.950284921645512,3.665925192295244,165.10000000000005));
#7671=CARTESIAN_POINT('',(-34.189059134251607,5.354894798095598,165.10000000000002));
#7672=CARTESIAN_POINT('',(-35.239710874107345,6.208642514185945,165.10000000000002));
#7673=B_SPLINE_CURVE_WITH_KNOTS('',3,(#7666,#7667,#7668,#7669,#7670,#7671,#7672),.UNSPECIFIED.,.F.,.U.,(4,1,1,1,4),(0.0,0.285714285714286,0.571428571428571,0.714285714285714,1.0),.UNSPECIFIED.);
#7674=EDGE_CURVE('',#7403,#7648,#7673,.T.);
#7675=ORIENTED_EDGE('',*,*,#7674,.F.);
#7676=ORIENTED_EDGE('',*,*,#7420,.F.);
#7677=ORIENTED_EDGE('',*,*,#7400,.F.);
#7678=ORIENTED_EDGE('',*,*,#7384,.F.);
#7679=EDGE_LOOP('',(#7621,#7634,#7646,#7665,#7675,#7676,#7677,#7678));
#7680=FACE_OUTER_BOUND('',#7679,.T.);
#7681=ADVANCED_FACE('',(#7680),#7609,.T.);
#7682=CARTESIAN_POINT('',(-36.405485425327264,2.625001132625237,-3.462039E-016));
#7683=CARTESIAN_POINT('',(-36.392475726241344,2.805429401616768,-3.464492E-016));
#7684=CARTESIAN_POINT('',(-36.335882402138452,3.59526792135627,-2.564636E-016));
#7685=CARTESIAN_POINT('',(-36.059865616739451,5.872965016987724,-2.290140E-016));
#7686=CARTESIAN_POINT('',(-35.426942054409523,9.027999754646318,-2.080995E-016));
#7687=CARTESIAN_POINT('',(-34.266399926180306,12.811910635478849,-1.680374E-016));
#7688=CARTESIAN_POINT('',(-32.444456011035953,16.940900267642117,-1.151739E-016));
#7689=CARTESIAN_POINT('',(-29.631266736055828,21.581980855020277,-1.340711E-016));
#7690=CARTESIAN_POINT('',(-26.315770147141087,25.470225652922597,-7.193011E-017));
#7691=CARTESIAN_POINT('',(-22.964940653989444,28.433557311668327,-1.008786E-016));
#7692=CARTESIAN_POINT('',(-19.449394554401088,31.019866069346524,-2.391877E-017));
#7693=CARTESIAN_POINT('',(-15.39466023335474,33.219317632666488,-3.079740E-017));
#7694=CARTESIAN_POINT('',(-11.282146400141375,34.774388813691829,4.008083E-018));
#7695=CARTESIAN_POINT('',(-8.174192844688458,35.609038396951817,3.071625E-018));
#7696=CARTESIAN_POINT('',(-5.918866645903052,36.030282747594804,-4.923532E-018));
#7697=CARTESIAN_POINT('',(-5.134266473803596,36.137543239524426,-5.506822E-020));
#7698=CARTESIAN_POINT('',(-4.955044436928985,36.162100804959586,0.0));
#7699=CARTESIAN_POINT('',(-36.405485425327264,2.6250011326252,12.699999999999992));
#7700=CARTESIAN_POINT('',(-36.392475726241351,2.805429401616729,12.699999999999989));
#7701=CARTESIAN_POINT('',(-36.335882402138452,3.595267921356232,12.699999999999998));
#7702=CARTESIAN_POINT('',(-36.059865616739458,5.872965016987683,12.699999999999987));
#7703=CARTESIAN_POINT('',(-35.42694205440953,9.027999754646283,12.699999999999996));
#7704=CARTESIAN_POINT('',(-34.26639992618032,12.811910635478814,12.700000000000003));
#7705=CARTESIAN_POINT('',(-32.444456011035967,16.940900267642085,12.699999999999982));
#7706=CARTESIAN_POINT('',(-29.631266736055846,21.581980855020255,12.699999999999998));
#7707=CARTESIAN_POINT('',(-26.315770147141102,25.470225652922579,12.699999999999987));
#7708=CARTESIAN_POINT('',(-22.964940653989462,28.433557311668309,12.699999999999992));
#7709=CARTESIAN_POINT('',(-19.449394554401099,31.01986606934652,12.700000000000003));
#7710=CARTESIAN_POINT('',(-15.394660233354749,33.219317632666481,12.699999999999971));
#7711=CARTESIAN_POINT('',(-11.282146400141384,34.774388813691829,12.700000000000015));
#7712=CARTESIAN_POINT('',(-8.174192844688463,35.609038396951817,12.699999999999962));
#7713=CARTESIAN_POINT('',(-5.918866645903041,36.030282747594804,12.700000000000022));
#7714=CARTESIAN_POINT('',(-5.134266473803604,36.137543239524426,12.699999999999976));
#7715=CARTESIAN_POINT('',(-4.955044436928985,36.162100804959586,12.699999999999992));
#7716=CARTESIAN_POINT('',(-36.405419538289735,2.625004892333545,38.100133588369957));
#7717=CARTESIAN_POINT('',(-36.392409445008148,2.805458336895735,38.100114694407026));
#7718=CARTESIAN_POINT('',(-36.335819540321602,3.595256446923775,38.100032655489628));
#7719=CARTESIAN_POINT('',(-36.059838054703604,5.872977232973336,38.099801745667364));
#7720=CARTESIAN_POINT('',(-35.426918973850348,9.027983426005848,38.099494508548688));
#7721=CARTESIAN_POINT('',(-34.266392488158402,12.811902466405749,38.099167927549189));
#7722=CARTESIAN_POINT('',(-32.444424107642433,16.940882576355882,38.098892939788989));
#7723=CARTESIAN_POINT('',(-29.631243243332989,21.581968375768756,38.098692557288622));
#7724=CARTESIAN_POINT('',(-26.315735015594889,25.470225242177907,38.098654024746189));
#7725=CARTESIAN_POINT('',(-22.964929602626661,28.433509586190468,38.098727433229669));
#7726=CARTESIAN_POINT('',(-19.449398655082668,31.019864864862893,38.098872093412496));
#7727=CARTESIAN_POINT('',(-15.39465728055214,33.219305052223682,38.099136001721291));
#7728=CARTESIAN_POINT('',(-11.282150240214463,34.774358957973355,38.099492848765749));
#7729=CARTESIAN_POINT('',(-8.17418094374824,35.608989665332821,38.099794583285373));
#7730=CARTESIAN_POINT('',(-5.918866065784254,36.030201277235662,38.100021455056421));
#7731=CARTESIAN_POINT('',(-5.134271491874855,36.137465969948231,38.10010257074326));
#7732=CARTESIAN_POINT('',(-4.955038923878811,36.162017484565162,38.100120630055059));
#7733=CARTESIAN_POINT('',(-36.405808698732834,2.624980716428376,63.499757107787154));
#7734=CARTESIAN_POINT('',(-36.392801076508533,2.805283506550107,63.499789826062397));
#7735=CARTESIAN_POINT('',(-36.336191217397186,3.595323704470351,63.499928798866918));
#7736=CARTESIAN_POINT('',(-36.059999016560582,5.872903312397545,63.500340611690604));
#7737=CARTESIAN_POINT('',(-35.427052348554604,9.028080992558392,63.500938737503283));
#7738=CARTESIAN_POINT('',(-34.266429828887972,12.811950852771322,63.501599620784823));
#7739=CARTESIAN_POINT('',(-32.444605184457018,16.940985861065862,63.502134783288284));
#7740=CARTESIAN_POINT('',(-29.631372639160144,21.582036545165323,63.502504099197196));
#7741=CARTESIAN_POINT('',(-26.315935780811873,25.470217788555559,63.502560816882941));
#7742=CARTESIAN_POINT('',(-22.964988994219127,28.433784266572559,63.502429576599305));
#7743=CARTESIAN_POINT('',(-19.449370279240092,31.019861369992302,63.502153361818813));
#7744=CARTESIAN_POINT('',(-15.394673554729799,33.219372200666271,63.501648453356793));
#7745=CARTESIAN_POINT('',(-11.282126224362298,34.774532268045661,63.500938411644121));
#7746=CARTESIAN_POINT('',(-8.17425049607631,35.609276897827222,63.500360981075936));
#7747=CARTESIAN_POINT('',(-5.918867090620951,36.030684060571907,63.499963273744854));
#7748=CARTESIAN_POINT('',(-5.134238750890123,36.137923146793526,63.499826424889164));
#7749=CARTESIAN_POINT('',(-4.955069160499098,36.162510783500764,63.499797334320675));
#7750=CARTESIAN_POINT('',(-36.405969769490028,2.62496704496901,76.729535807717554));
#7751=CARTESIAN_POINT('',(-36.392963435704665,2.805203840778412,76.729478243790211));
#7752=CARTESIAN_POINT('',(-36.336345768547858,3.595350581591772,76.729218169712126));
#7753=CARTESIAN_POINT('',(-36.060062226403168,5.872869428231424,76.728553801927248));
#7754=CARTESIAN_POINT('',(-35.427102060544577,9.028123462521625,76.727834198833747));
#7755=CARTESIAN_POINT('',(-34.266433015207681,12.811971132489514,76.727151490959727));
#7756=CARTESIAN_POINT('',(-32.444666432465532,16.941026360579482,76.726506829969864));
#7757=CARTESIAN_POINT('',(-29.631408767769326,21.582054450641486,76.72596942101012));
#7758=CARTESIAN_POINT('',(-26.316006334240782,25.47019631535623,76.725819246282356));
#7759=CARTESIAN_POINT('',(-22.965002626349804,28.433884537013441,76.726029404058153));
#7760=CARTESIAN_POINT('',(-19.449350800866981,31.019840177627298,76.72638593548966));
#7761=CARTESIAN_POINT('',(-15.394678119407432,33.219386670943649,76.727033089752368));
#7762=CARTESIAN_POINT('',(-11.282113800507837,34.774598356434666,76.727818661427534));
#7763=CARTESIAN_POINT('',(-8.174277905375645,35.609394664934769,76.728558071362244));
#7764=CARTESIAN_POINT('',(-5.918863044858034,36.030886822500776,76.729233431944351));
#7765=CARTESIAN_POINT('',(-5.134219426421436,36.138113831358758,76.729492413349902));
#7766=CARTESIAN_POINT('',(-4.955077345855249,36.162717131692986,76.729554581819656));
#7767=CARTESIAN_POINT('',(-36.407556319402332,2.62153822426603,77.791470730496727));
#7768=CARTESIAN_POINT('',(-36.394369271037064,2.801797317831293,77.790983944778475));
#7769=CARTESIAN_POINT('',(-36.336958508211325,3.592046683509227,77.788838739593515));
#7770=CARTESIAN_POINT('',(-36.058516753880653,5.86960528268715,77.783012740134751));
#7771=CARTESIAN_POINT('',(-35.422909541780733,9.024430412302538,77.775769932106741));
#7772=CARTESIAN_POINT('',(-34.259708021240186,12.807165511340777,77.768311378531251));
#7773=CARTESIAN_POINT('',(-32.436152310469545,16.934517072010529,77.761790493591192));
#7774=CARTESIAN_POINT('',(-29.62220595791355,21.57344650056941,77.75680967457275));
#7775=CARTESIAN_POINT('',(-26.307696532805821,25.460224083255419,77.755707093540451));
#7776=CARTESIAN_POINT('',(-22.958216960630232,28.42372564444576,77.757585273657909));
#7777=CARTESIAN_POINT('',(-19.444320176763775,31.010229995244348,77.761092186471046));
#7778=CARTESIAN_POINT('',(-15.391580743061564,33.211673728959674,77.767453943338936));
#7779=CARTESIAN_POINT('',(-11.280325287203395,34.76994275959467,77.775732017252778));
#7780=CARTESIAN_POINT('',(-8.172964619940782,35.607562080343619,77.782949182719506));
#7781=CARTESIAN_POINT('',(-5.917530269117481,36.031342149539121,77.788743569921976));
#7782=CARTESIAN_POINT('',(-5.132791160781708,36.139405880026658,77.790870187382652));
#7783=CARTESIAN_POINT('',(-4.953627820342212,36.164200197571304,77.791357703847112));
#7784=CARTESIAN_POINT('',(-36.41467706963369,2.606097275730901,79.913116143763091));
#7785=CARTESIAN_POINT('',(-36.400679773082423,2.786448517772773,79.912346380642362));
#7786=CARTESIAN_POINT('',(-36.339713177783359,3.577174975008535,79.908957988997699));
#7787=CARTESIAN_POINT('',(-36.051538989275663,5.854907632264176,79.899728395804871));
#7788=CARTESIAN_POINT('',(-35.403925195429522,9.007797687730982,79.888190966065082));
#7789=CARTESIAN_POINT('',(-34.229135569799013,12.785452054367507,79.876286279680698));
#7790=CARTESIAN_POINT('',(-32.39732674560225,16.90499011403703,79.865925820574859));
#7791=CARTESIAN_POINT('',(-29.580130835242976,21.534252088092664,79.858056217859911));
#7792=CARTESIAN_POINT('',(-26.269692438251859,25.414737516138036,79.85633827988795));
#7793=CARTESIAN_POINT('',(-22.927209749723634,28.377412010098794,79.859302879032711));
#7794=CARTESIAN_POINT('',(-19.421380399257991,30.966449058388609,79.864861684669052));
#7795=CARTESIAN_POINT('',(-15.377522039954501,33.176636837617146,79.874957762598143));
#7796=CARTESIAN_POINT('',(-11.272243775807851,34.748872015855667,79.888155659606156));
#7797=CARTESIAN_POINT('',(-8.167048351588559,35.599295154297508,79.899638456560723));
#7798=CARTESIAN_POINT('',(-5.911518840716953,36.03339276637405,79.908808785994097));
#7799=CARTESIAN_POINT('',(-5.126345959091154,36.145207282379367,79.912166783055468));
#7800=CARTESIAN_POINT('',(-4.947089809678153,36.170860630654772,79.912934887854092));
#7801=CARTESIAN_POINT('',(-36.431476213814264,2.570148018108475,83.62343783629413));
#7802=CARTESIAN_POINT('',(-36.41558966805281,2.750720498976771,83.622794537965234));
#7803=CARTESIAN_POINT('',(-36.346337237984613,3.542538600146078,83.619961505343539));
#7804=CARTESIAN_POINT('',(-36.035405672046103,5.820654140315448,83.612252566631625));
#7805=CARTESIAN_POINT('',(-35.359554620339452,8.968938891183628,83.602625165195377));
#7806=CARTESIAN_POINT('',(-34.157337577220105,12.734556042666792,83.592666092893921));
#7807=CARTESIAN_POINT('',(-32.305822238176802,16.835555329890823,83.583944557271522));
#7808=CARTESIAN_POINT('',(-29.480705251083332,21.441863199377575,83.577282046896755));
#7809=CARTESIAN_POINT('',(-26.179799223084359,25.307448680736865,83.575840097434934));
#7810=CARTESIAN_POINT('',(-22.853902314599676,28.268233524813976,83.578395697063939));
#7811=CARTESIAN_POINT('',(-19.367225789347806,30.863403504997294,83.583141448638145));
#7812=CARTESIAN_POINT('',(-15.344455212836841,33.094418745089037,83.591693325826441));
#7813=CARTESIAN_POINT('',(-11.253362175729073,34.699653665067324,83.602758822976696));
#7814=CARTESIAN_POINT('',(-8.153316554953879,35.580160980967747,83.612351553187025));
#7815=CARTESIAN_POINT('',(-5.897606492411816,36.038378925280107,83.620012090028609));
#7816=CARTESIAN_POINT('',(-5.111433428943757,36.158936875825418,83.622818653701373));
#7817=CARTESIAN_POINT('',(-4.931959197843231,36.186591064198183,83.623461079479014));
#7818=CARTESIAN_POINT('',(-36.431442734485678,2.570099849883492,86.788640403611709));
#7819=CARTESIAN_POINT('',(-36.415567676489687,2.750618957856618,86.789497113675637));
#7820=CARTESIAN_POINT('',(-36.346360429717961,3.542531769087063,86.79324788830877));
#7821=CARTESIAN_POINT('',(-36.03532496747674,5.820607845839882,86.803583502049619));
#7822=CARTESIAN_POINT('',(-35.35913058364774,8.968899569932216,86.816828851543107));
#7823=CARTESIAN_POINT('',(-34.156208967159699,12.734236713256117,86.830739790906492));
#7824=CARTESIAN_POINT('',(-32.303992738895424,16.834711001748211,86.842813854234208));
#7825=CARTESIAN_POINT('',(-29.478332054797448,21.4402107432729,86.851930542167196));
#7826=CARTESIAN_POINT('',(-26.177626301201226,25.305239700653988,86.853808292806065));
#7827=CARTESIAN_POINT('',(-22.852201784876797,28.266116597421295,86.850325701397978));
#7828=CARTESIAN_POINT('',(-19.366120759625066,30.86146818569166,86.843756868871708));
#7829=CARTESIAN_POINT('',(-15.344013545428501,33.093232971548538,86.831960931532308));
#7830=CARTESIAN_POINT('',(-11.253232774163388,34.69922908953906,86.816588585608358));
#7831=CARTESIAN_POINT('',(-8.153298714026446,35.580109616210599,86.80345846998533));
#7832=CARTESIAN_POINT('',(-5.89754908950478,36.038431824385782,86.793233015074264));
#7833=CARTESIAN_POINT('',(-5.111354285833919,36.158931378815574,86.789520783539331));
#7834=CARTESIAN_POINT('',(-4.931900191922699,36.186588758892668,86.788679415064848));
#7835=CARTESIAN_POINT('',(-36.396793314707764,2.645998193176624,89.685303899946419));
#7836=CARTESIAN_POINT('',(-36.384855185734281,2.826001400329784,89.688388628635622));
#7837=CARTESIAN_POINT('',(-36.332872978694873,3.615655833849871,89.70192529004612));
#7838=CARTESIAN_POINT('',(-36.069897182642187,5.892843273115629,89.739071554116947));
#7839=CARTESIAN_POINT('',(-35.454775635593421,9.051175482182023,89.786124423140564));
#7840=CARTESIAN_POINT('',(-34.31274279840644,12.843109401947927,89.834854271774589));
#7841=CARTESIAN_POINT('',(-32.505596454283598,16.985198393837848,89.876722085834203));
#7842=CARTESIAN_POINT('',(-29.699077062586884,21.6427252431013,89.90805476010425));
#7843=CARTESIAN_POINT('',(-26.377530721607791,25.541541993536974,89.914716149577671));
#7844=CARTESIAN_POINT('',(-23.014706421336729,28.50649210973959,89.903068619900083));
#7845=CARTESIAN_POINT('',(-19.48534259632963,31.087495971428133,89.88088733035022));
#7846=CARTESIAN_POINT('',(-15.415801942885224,33.272022067908736,89.840339865991567));
#7847=CARTESIAN_POINT('',(-11.29356602796863,34.805148110127192,89.786527158366766));
#7848=CARTESIAN_POINT('',(-8.182412401430483,35.621100351985923,89.739855763323746));
#7849=CARTESIAN_POINT('',(-5.92707189671837,36.028463454791357,89.703036350180895));
#7850=CARTESIAN_POINT('',(-5.143012392547667,36.130745163147616,89.689627471517284));
#7851=CARTESIAN_POINT('',(-4.964048410281209,36.154238832533395,89.686576884931895));
#7852=CARTESIAN_POINT('',(-36.366327258387159,2.712420175489831,91.279851647621285));
#7853=CARTESIAN_POINT('',(-36.357808810696717,2.891984164031145,91.284850422584924));
#7854=CARTESIAN_POINT('',(-36.320777672385617,3.679601860119464,91.30679726130252));
#7855=CARTESIAN_POINT('',(-36.099954195483136,5.955950201753854,91.366953206516968));
#7856=CARTESIAN_POINT('',(-35.539026008721649,9.123120388705468,91.442818576131202));
#7857=CARTESIAN_POINT('',(-34.451660250862076,12.93884315202731,91.520833077476908));
#7858=CARTESIAN_POINT('',(-32.68541163465305,17.118362223818288,91.587377320694756));
#7859=CARTESIAN_POINT('',(-29.896691856792451,21.822900700437703,91.636827059831276));
#7860=CARTESIAN_POINT('',(-26.556604906107712,25.752292955806432,91.647405251880713));
#7861=CARTESIAN_POINT('',(-23.160106460672431,28.720785421821308,91.629247929840417));
#7862=CARTESIAN_POINT('',(-19.591720887884986,31.28871493723419,91.594452606382589));
#7863=CARTESIAN_POINT('',(-15.479461806046196,33.430484312708359,91.530276997859815));
#7864=CARTESIAN_POINT('',(-11.329061968478381,34.898341465643917,91.444157148808671));
#7865=CARTESIAN_POINT('',(-8.20792910541085,35.656698464566858,91.368906575731913));
#7866=CARTESIAN_POINT('',(-5.953003028431587,36.019325965523798,91.309244314905101));
#7867=CARTESIAN_POINT('',(-5.17083866354569,36.105768209160125,91.28749314907337));
#7868=CARTESIAN_POINT('',(-4.992301897755326,36.125633641534982,91.28254101842353));
#7869=CARTESIAN_POINT('',(-36.272625415802707,2.930338471793283,94.454759413353045));
#7870=CARTESIAN_POINT('',(-36.275241879742623,3.108458704151423,94.462718599261052));
#7871=CARTESIAN_POINT('',(-36.2869147792414,3.889447255995453,94.497679417977537));
#7872=CARTESIAN_POINT('',(-36.202623568346624,6.162805416132546,94.593669997268677));
#7873=CARTESIAN_POINT('',(-35.816251584056779,9.357808296072822,94.714220303668782));
#7874=CARTESIAN_POINT('',(-34.904090308485863,13.2492139913819,94.836180431103884));
#7875=CARTESIAN_POINT('',(-33.267685701498131,17.548579902228699,94.937592482300772));
#7876=CARTESIAN_POINT('',(-30.533445251243279,22.404081591901406,95.011028930419712));
#7877=CARTESIAN_POINT('',(-27.132103694335097,26.432559860376305,95.02698254987429));
#7878=CARTESIAN_POINT('',(-23.627066984247016,29.414103607350967,95.001218606577766));
#7879=CARTESIAN_POINT('',(-19.93341058748728,31.941902009554187,94.950654361142455));
#7880=CARTESIAN_POINT('',(-15.684510276799182,33.947793992833695,94.854576032683298));
#7881=CARTESIAN_POINT('',(-11.444616311870517,35.205857255286766,94.720638526314588));
#7882=CARTESIAN_POINT('',(-8.292269126604587,35.778335287632331,94.60139879976893));
#7883=CARTESIAN_POINT('',(-6.039199977818905,35.995912417767514,94.506212231546755));
#7884=CARTESIAN_POINT('',(-5.263316299884089,36.030768507635756,94.471558787594304));
#7885=CARTESIAN_POINT('',(-5.086199297052474,36.038818250194893,94.46366001496429));
#7886=CARTESIAN_POINT('',(-36.037887128688297,3.50974699823539,99.967851648859977));
#7887=CARTESIAN_POINT('',(-36.06964438723007,3.683872181852484,99.980230152282147));
#7888=CARTESIAN_POINT('',(-36.208819038759373,4.446412982220645,100.03461357480043));
#7889=CARTESIAN_POINT('',(-36.481581969800729,6.708313062533541,100.18415698780495));
#7890=CARTESIAN_POINT('',(-36.550217707098007,9.971206024032167,100.36916364790605));
#7891=CARTESIAN_POINT('',(-36.09052284322275,14.055383761155259,100.54969060444424));
#7892=CARTESIAN_POINT('',(-34.784275137782245,18.662701501858454,100.69334997962144));
#7893=CARTESIAN_POINT('',(-32.182937645047112,23.908464227335251,100.7935289075853));
#7894=CARTESIAN_POINT('',(-28.618052410170904,28.196916866945415,100.81626684597478));
#7895=CARTESIAN_POINT('',(-24.831002496171607,31.217734744667609,100.78474330511357));
#7896=CARTESIAN_POINT('',(-20.813994391056529,33.647895033015608,100.71960643112136));
#7897=CARTESIAN_POINT('',(-16.214854783953704,35.307978850693537,100.5894567018329));
#7898=CARTESIAN_POINT('',(-11.747812489679426,36.022263380908328,100.39470432689326));
#7899=CARTESIAN_POINT('',(-8.519117369875449,36.108205973226987,100.21340268016003));
#7900=CARTESIAN_POINT('',(-6.274642498943507,35.944508356120537,100.06532804707574));
#7901=CARTESIAN_POINT('',(-5.516281611134283,35.843577962098458,100.01123399962019));
#7902=CARTESIAN_POINT('',(-5.343109424811402,35.820526650694113,99.998899961983312));
#7903=CARTESIAN_POINT('',(-35.713599689457276,4.667151427065249,107.78257588622449));
#7904=CARTESIAN_POINT('',(-35.803393084258047,4.833446055535426,107.79601954754048));
#7905=CARTESIAN_POINT('',(-36.196739621491709,5.561250148944898,107.85484672836019));
#7906=CARTESIAN_POINT('',(-37.169716538533713,7.803139454234421,108.02488504324549));
#7907=CARTESIAN_POINT('',(-38.119951279445189,11.199415903606425,108.24686227815627));
#7908=CARTESIAN_POINT('',(-38.535261355614089,15.663073082862338,108.46803025045995));
#7909=CARTESIAN_POINT('',(-37.864190283248696,20.888528635289013,108.64025507260598));
#7910=CARTESIAN_POINT('',(-35.501740999531549,26.927911644386558,108.75656823241441));
#7911=CARTESIAN_POINT('',(-31.588147950185714,31.754445105981233,108.78423238141538));
#7912=CARTESIAN_POINT('',(-27.222489766577496,34.873603460089804,108.7525442944241));
#7913=CARTESIAN_POINT('',(-22.548151611203451,37.129445833714826,108.68348323442049));
#7914=CARTESIAN_POINT('',(-17.247105755466432,38.124181749661183,108.53945860955423));
#7915=CARTESIAN_POINT('',(-12.337717747998457,37.783936995934852,108.31513822946019));
#7916=CARTESIAN_POINT('',(-8.967007818805268,36.924450013358594,108.10721968419557));
#7917=CARTESIAN_POINT('',(-6.744621726753884,36.012605469276025,107.9431474070349));
#7918=CARTESIAN_POINT('',(-6.022456481845335,35.641642046683117,107.8853914858455));
#7919=CARTESIAN_POINT('',(-5.857597886717274,35.556840824754431,107.87216994753173));
#7920=CARTESIAN_POINT('',(-35.409717653546544,5.772669239846097,117.25604427475828));
#7921=CARTESIAN_POINT('',(-35.57100915102356,5.933813848513159,117.26428950917749));
#7922=CARTESIAN_POINT('',(-36.27805495198929,6.636810870366237,117.3001622834403));
#7923=CARTESIAN_POINT('',(-38.099008796102424,8.912370198440673,117.41291665098551));
#7924=CARTESIAN_POINT('',(-40.075986111780963,12.545715513056468,117.58076088776977));
#7925=CARTESIAN_POINT('',(-41.465642978637824,17.520392096013619,117.77818236926912));
#7926=CARTESIAN_POINT('',(-41.48339083940818,23.49423561449143,117.9578252312043));
#7927=CARTESIAN_POINT('',(-39.369494283513248,30.46393772437353,118.09247783034998));
#7928=CARTESIAN_POINT('',(-35.041465881357212,35.917808671817042,118.12675810999966));
#7929=CARTESIAN_POINT('',(-29.995722074851862,39.158553302250645,118.08989239579367));
#7930=CARTESIAN_POINT('',(-24.547943044385892,41.226515144836398,118.01155770391647));
#7931=CARTESIAN_POINT('',(-18.404929351129784,41.489329044751777,117.85781197572194));
#7932=CARTESIAN_POINT('',(-12.902571983844267,39.974370002237556,117.65860851475514));
#7933=CARTESIAN_POINT('',(-9.277949485542242,38.025166198323831,117.50337127865924));
#7934=CARTESIAN_POINT('',(-7.014256876117267,36.221738108638945,117.3972374952312));
#7935=CARTESIAN_POINT('',(-6.313354030700717,35.522485691864119,117.36340877719051));
#7936=CARTESIAN_POINT('',(-6.153226574640266,35.362806235668543,117.35558626332038));
#7937=CARTESIAN_POINT('',(-35.26058478276898,6.150056272521493,123.70032082728946));
#7938=CARTESIAN_POINT('',(-35.45116426601372,6.309058085123898,123.70440891350263));
#7939=CARTESIAN_POINT('',(-36.286617577926179,7.003266351276971,123.72210809597476));
#7940=CARTESIAN_POINT('',(-38.455847847421474,9.296426858386415,123.77822477895452));
#7941=CARTESIAN_POINT('',(-40.851036456497063,13.039251519949651,123.86271363270595));
#7942=CARTESIAN_POINT('',(-42.614210675547362,18.239543068150294,123.96674243713592));
#7943=CARTESIAN_POINT('',(-42.86257977322019,24.514533285505454,124.07059134883909));
#7944=CARTESIAN_POINT('',(-40.804623225158359,31.815472363105503,124.15876900007974));
#7945=CARTESIAN_POINT('',(-36.32702536274239,37.474440034720146,124.18356840758578));
#7946=CARTESIAN_POINT('',(-31.047258778853415,40.761511190919386,124.15767366343488));
#7947=CARTESIAN_POINT('',(-25.325495772174989,42.776394874182621,124.10519741380412));
#7948=CARTESIAN_POINT('',(-18.853843619967908,42.79750985812975,124.01176608789113));
#7949=CARTESIAN_POINT('',(-13.088167379557394,40.836263832868468,123.90514937020254));
#7950=CARTESIAN_POINT('',(-9.343516444523054,38.447436093056247,123.82625631368609));
#7951=CARTESIAN_POINT('',(-7.053419707203316,36.278313449336025,123.77364060444197));
#7952=CARTESIAN_POINT('',(-6.358743513135289,35.444249842901229,123.75696715454063));
#7953=CARTESIAN_POINT('',(-6.199971304091708,35.253833014350334,123.75313581220908));
#7954=CARTESIAN_POINT('',(-35.235768115199988,6.217808770275614,127.50418729240359));
#7955=CARTESIAN_POINT('',(-35.431468403119297,6.376409212502586,127.50541405164525));
#7956=CARTESIAN_POINT('',(-36.289392150460451,7.069061880247851,127.51073536783629));
#7957=CARTESIAN_POINT('',(-38.519417372620367,9.365147019486873,127.52761779379541));
#7958=CARTESIAN_POINT('',(-40.987680736019385,13.126902264369871,127.5530946323652));
#7959=CARTESIAN_POINT('',(-42.816235972153017,18.366588410187028,127.5846365157288));
#7960=CARTESIAN_POINT('',(-43.104100317158824,24.694620694077454,127.61646425310872));
#7961=CARTESIAN_POINT('',(-41.053304185873252,32.052119447724145,127.6438826949379));
#7962=CARTESIAN_POINT('',(-36.549755977759965,37.744471427321393,127.65167715670449));
#7963=CARTESIAN_POINT('',(-31.230974882440698,41.039887533337463,127.64357530359078));
#7964=CARTESIAN_POINT('',(-25.462644443994755,43.047030431554091,127.62721760287783));
#7965=CARTESIAN_POINT('',(-18.93342952522703,43.027486814873598,127.5984292383292));
#7966=CARTESIAN_POINT('',(-13.12159643065254,40.988226592978798,127.56605570346274));
#7967=CARTESIAN_POINT('',(-9.356304165821001,38.522744857048679,127.5422457165707));
#7968=CARTESIAN_POINT('',(-7.061773645992785,36.289848877798498,127.52642599953566));
#7969=CARTESIAN_POINT('',(-6.368286340892877,35.432281544741635,127.52141073485562));
#7970=CARTESIAN_POINT('',(-6.209768359444543,35.236495776402691,127.52026458046296));
#7971=CARTESIAN_POINT('',(-35.230446379008953,6.231906994891324,128.56577772539254));
#7972=CARTESIAN_POINT('',(-35.427220933609384,6.390443166530408,128.56659634569496));
#7973=CARTESIAN_POINT('',(-36.289860917336199,7.082791931358249,128.57015323731727));
#7974=CARTESIAN_POINT('',(-38.532690817005189,9.379556400105603,128.58142652972751));
#7975=CARTESIAN_POINT('',(-41.01648868037708,13.145225003456263,128.59843304680317));
#7976=CARTESIAN_POINT('',(-42.859393172216599,18.393118046290986,128.61952399095378));
#7977=CARTESIAN_POINT('',(-43.15660413972418,24.73258545001211,128.64091705174144));
#7978=CARTESIAN_POINT('',(-41.108342219519059,32.103168219429563,128.65945035422567));
#7979=CARTESIAN_POINT('',(-36.59890426583668,37.803807784721052,128.66473465922607));
#7980=CARTESIAN_POINT('',(-31.270867143609557,41.101102734412294,128.65925507795336));
#7981=CARTESIAN_POINT('',(-25.491730732645067,43.106139158877362,128.64819350801292));
#7982=CARTESIAN_POINT('',(-18.949883204114808,43.076872534506762,128.6288071914376));
#7983=CARTESIAN_POINT('',(-13.128432774489919,41.020415021847398,128.60714311134754));
#7984=CARTESIAN_POINT('',(-9.358872973325186,38.538501227674672,128.59124165584166));
#7985=CARTESIAN_POINT('',(-7.063436812536867,36.292093542124647,128.58067538723563));
#7986=CARTESIAN_POINT('',(-6.370183848088148,35.429567005158276,128.57731912363158));
#7987=CARTESIAN_POINT('',(-6.211713603888692,35.232647909384916,128.576554890951));
#7988=CARTESIAN_POINT('',(-35.225614513021021,6.244829143878747,130.69321531235153));
#7989=CARTESIAN_POINT('',(-35.423374144506205,6.403300199225033,130.69323487351051));
#7990=CARTESIAN_POINT('',(-36.290335121866612,7.095377245819259,130.69333972715873));
#7991=CARTESIAN_POINT('',(-38.544887358599055,9.392756661023899,130.6936100165662));
#7992=CARTESIAN_POINT('',(-41.042899470510179,13.16202248110487,130.69395315865509));
#7993=CARTESIAN_POINT('',(-42.898900207766033,18.417442459678096,130.6943779133756));
#7994=CARTESIAN_POINT('',(-43.204582590009139,24.767376492913435,130.69498166171999));
#7995=CARTESIAN_POINT('',(-41.158521925086305,32.14983850479706,130.69566366447671));
#7996=CARTESIAN_POINT('',(-36.643724679595223,37.857938166883919,130.69587430635551));
#7997=CARTESIAN_POINT('',(-31.307309550687279,41.156958325912562,130.69568424473343));
#7998=CARTESIAN_POINT('',(-25.518364652971091,43.160118161544752,130.69527375405997));
#7999=CARTESIAN_POINT('',(-18.964978032039909,43.122062460061088,130.69467504356996));
#8000=CARTESIAN_POINT('',(-13.13470225287848,41.049915667122114,130.69420139817166));
#8001=CARTESIAN_POINT('',(-9.361230259162522,38.552980889884388,130.69386350169847));
#8002=CARTESIAN_POINT('',(-7.064960324796608,36.294211272850788,130.69359608993005));
#8003=CARTESIAN_POINT('',(-6.371921607119583,35.427143374936435,130.69348501360443));
#8004=CARTESIAN_POINT('',(-6.213498000992654,35.229186955246988,130.69346756381915));
#8005=CARTESIAN_POINT('',(-35.227898450717881,6.238965062626651,133.3506677900881));
#8006=CARTESIAN_POINT('',(-35.42521190346865,6.397443839497936,133.35014499606459));
#8007=CARTESIAN_POINT('',(-36.290196112982585,7.089684771689039,133.34790474457509));
#8008=CARTESIAN_POINT('',(-38.539378426062839,9.386765697675459,133.34069356003437));
#8009=CARTESIAN_POINT('',(-41.030917343462534,13.15440621052657,133.32968696519217));
#8010=CARTESIAN_POINT('',(-42.881005317274401,18.406370115494564,133.31600094198006));
#8011=CARTESIAN_POINT('',(-43.182964395519399,24.751573663775062,133.30235529952341));
#8012=CARTESIAN_POINT('',(-41.13599631061728,32.128753320262774,133.29074200658101));
#8013=CARTESIAN_POINT('',(-36.623595744018452,37.833576105587952,133.28744555757703));
#8014=CARTESIAN_POINT('',(-31.290867104876465,41.131869564469213,133.29090635178022));
#8015=CARTESIAN_POINT('',(-25.506267360098903,43.135799710690236,133.29783788521863));
#8016=CARTESIAN_POINT('',(-18.958083113256507,43.101632085995121,133.31013812833928));
#8017=CARTESIAN_POINT('',(-13.131848272129819,41.036555761845612,133.32413771212376));
#8018=CARTESIAN_POINT('',(-9.360187655602536,38.546455977560178,133.33440163425507));
#8019=CARTESIAN_POINT('',(-7.064298633046335,36.293341278471637,133.34113463726493));
#8020=CARTESIAN_POINT('',(-6.371151098482732,35.428341750329437,133.34322797587373));
#8021=CARTESIAN_POINT('',(-6.212718796059711,35.230860683902179,133.34371683943627));
#8022=CARTESIAN_POINT('',(-35.234544110911216,6.221440268734627,136.0033418369153));
#8023=CARTESIAN_POINT('',(-35.430523166357759,6.379964786341569,136.00272075843813));
#8024=CARTESIAN_POINT('',(-36.289634557847542,7.072580858541392,136.00005179378098));
#8025=CARTESIAN_POINT('',(-38.522834298581351,9.368732875521179,135.99150014366816));
#8026=CARTESIAN_POINT('',(-40.994852758119443,13.131590371057669,135.97850038344308));
#8027=CARTESIAN_POINT('',(-42.826421922412038,18.373412325784216,135.96238074830231));
#8028=CARTESIAN_POINT('',(-43.115653104406697,24.704063403724263,135.94630068764096));
#8029=CARTESIAN_POINT('',(-41.064468344786526,32.063688660554256,135.93260720768589));
#8030=CARTESIAN_POINT('',(-36.5598700247671,37.756859977001398,135.92872330250233));
#8031=CARTESIAN_POINT('',(-31.239766281508068,41.052704927024557,135.93279464138374));
#8032=CARTESIAN_POINT('',(-25.46968831456843,43.059731292338689,135.9409669645527));
#8033=CARTESIAN_POINT('',(-18.937812457469057,43.038910492059365,135.95546534301516));
#8034=CARTESIAN_POINT('',(-13.123459160743101,40.996098156311376,135.97196792873723));
#8035=CARTESIAN_POINT('',(-9.357029378941981,38.526787413623573,135.98409774623153));
#8036=CARTESIAN_POINT('',(-7.062231328186998,36.290610296799109,135.99209088044458));
#8037=CARTESIAN_POINT('',(-6.368798452446706,35.431803089581273,135.99458954742482));
#8038=CARTESIAN_POINT('',(-6.210319428068835,35.235739283932872,135.99517058936712));
#8039=CARTESIAN_POINT('',(-35.238469274872763,6.210912416961035,138.11886271241536));
#8040=CARTESIAN_POINT('',(-35.433648920667402,6.369469910467297,138.11847336910301));
#8041=CARTESIAN_POINT('',(-36.289249953328181,7.062288829670783,138.11680468722358));
#8042=CARTESIAN_POINT('',(-38.512892598663512,9.357881512265978,138.11144544817185));
#8043=CARTESIAN_POINT('',(-40.973191478067776,13.117889221960874,138.10328572089853));
#8044=CARTESIAN_POINT('',(-42.79352129104111,18.353672822826528,138.09316981128856));
#8045=CARTESIAN_POINT('',(-43.074850914707632,24.675534611364522,138.08312002186989));
#8046=CARTESIAN_POINT('',(-41.020886896710984,32.024342789086646,138.07459506052487));
#8047=CARTESIAN_POINT('',(-36.521071479523442,37.71022130817051,138.072178838539));
#8048=CARTESIAN_POINT('',(-31.208804038754007,41.004549323387408,138.07471859765371));
#8049=CARTESIAN_POINT('',(-25.447687307397086,43.013566959791433,138.07980763710313));
#8050=CARTESIAN_POINT('',(-18.925710729070726,43.001036191642839,138.08886014426326));
#8051=CARTESIAN_POINT('',(-13.118436785103174,40.971755163044669,138.0992094614414));
#8052=CARTESIAN_POINT('',(-9.355103050798963,38.514954469236258,138.10682013714381));
#8053=CARTESIAN_POINT('',(-7.060948256212418,36.288923277571577,138.11182600328002));
#8054=CARTESIAN_POINT('',(-6.367351283010764,35.433825540930229,138.1133849763884));
#8055=CARTESIAN_POINT('',(-6.208839742841468,35.238609563046722,138.11374941685762));
#8056=CARTESIAN_POINT('',(-35.2393527349194,6.208579135129688,139.17401965383138));
#8057=CARTESIAN_POINT('',(-35.434355378022353,6.367139579151989,139.173843717952));
#8058=CARTESIAN_POINT('',(-36.289176298817033,7.06000748290924,139.17309607061702));
#8059=CARTESIAN_POINT('',(-38.510691484721072,9.355469195799962,139.17067100430779));
#8060=CARTESIAN_POINT('',(-40.968376966175853,13.11485136693271,139.16695067277686));
#8061=CARTESIAN_POINT('',(-42.786175678699777,18.349296501943467,139.16233379587626));
#8062=CARTESIAN_POINT('',(-43.06569558456026,24.669191554234253,139.15780469165097));
#8063=CARTESIAN_POINT('',(-41.011055295987752,32.015531266072934,139.15401609823283));
#8064=CARTESIAN_POINT('',(-36.512326477639277,37.699717745534102,139.15294690004168));
#8065=CARTESIAN_POINT('',(-31.201855797175991,40.993708500216485,139.1540810870996));
#8066=CARTESIAN_POINT('',(-25.442783818034474,43.003190734270021,139.15634257316833));
#8067=CARTESIAN_POINT('',(-18.923035487167589,42.992567993350889,139.16040500250597));
#8068=CARTESIAN_POINT('',(-13.117329293308678,40.966337110931747,139.16511497678047));
#8069=CARTESIAN_POINT('',(-9.354680803447055,38.512334390543479,139.16857839411028));
#8070=CARTESIAN_POINT('',(-7.060666566562516,36.288565671518938,139.17083813862669));
#8071=CARTESIAN_POINT('',(-6.367032462372332,35.434292597523537,139.17153178960439));
#8072=CARTESIAN_POINT('',(-6.208515777525437,35.239265530572993,139.17169675753345));
#8073=CARTESIAN_POINT('',(-35.239360464129632,6.208580423445282,140.227677966887));
#8074=CARTESIAN_POINT('',(-35.434363298000726,6.367138771130389,140.22776071778532));
#8075=CARTESIAN_POINT('',(-36.289183321814718,7.060010010593473,140.22813007232858));
#8076=CARTESIAN_POINT('',(-38.510695089263777,9.355469545079757,140.22926113231631));
#8077=CARTESIAN_POINT('',(-40.968378493895948,13.114853432743931,140.23091825934503));
#8078=CARTESIAN_POINT('',(-42.786175578432449,18.34929664618895,140.23296068744455));
#8079=CARTESIAN_POINT('',(-43.065697147826953,24.669191890258514,140.23511989453138));
#8080=CARTESIAN_POINT('',(-41.011055373207476,32.015531168208213,140.23707186377129));
#8081=CARTESIAN_POINT('',(-36.512326973300063,37.699715962520571,140.23763534694942));
#8082=CARTESIAN_POINT('',(-31.201855283673574,40.993710721738069,140.23706652431247));
#8083=CARTESIAN_POINT('',(-25.44278255188765,43.003190272140003,140.23590099540866));
#8084=CARTESIAN_POINT('',(-18.923034905317163,42.992568930020028,140.23391713165773));
#8085=CARTESIAN_POINT('',(-13.117329972465399,40.966339516641519,140.23179683979862));
#8086=CARTESIAN_POINT('',(-9.354683406917012,38.512339722904073,140.23023614914348));
#8087=CARTESIAN_POINT('',(-7.060668980513746,36.28857458377162,140.2291671438341));
#8088=CARTESIAN_POINT('',(-6.367033981973908,35.43430185741849,140.22881100367181));
#8089=CARTESIAN_POINT('',(-6.208518443082216,35.239275130150773,140.22873417385475));
#8090=CARTESIAN_POINT('',(-35.239373013784338,6.208582669800865,141.28737544349832));
#8091=CARTESIAN_POINT('',(-35.434376152143116,6.367137643685159,141.28738269537251));
#8092=CARTESIAN_POINT('',(-36.289194727134884,7.060014229450045,141.28742554226659));
#8093=CARTESIAN_POINT('',(-38.510700961391066,9.355470233939728,141.28751900194914));
#8094=CARTESIAN_POINT('',(-40.96838092791802,13.114856876695832,141.28760933663531));
#8095=CARTESIAN_POINT('',(-42.786175157355842,18.349296995367492,141.28771189739464));
#8096=CARTESIAN_POINT('',(-43.065699012205101,24.669192418273415,141.28791826124848));
#8097=CARTESIAN_POINT('',(-41.011054464500745,32.015530537384876,141.28818996735046));
#8098=CARTESIAN_POINT('',(-36.512326901389102,37.699712140508673,141.28827521545418));
#8099=CARTESIAN_POINT('',(-31.20185399582553,40.993713279592711,141.28820443369636));
#8100=CARTESIAN_POINT('',(-25.442780448571799,43.003188700510087,141.28804200231062));
#8101=CARTESIAN_POINT('',(-18.923034124236555,42.992570043516196,141.28782486554519));
#8102=CARTESIAN_POINT('',(-13.117331226493681,40.966343306724099,141.28769530922145));
#8103=CARTESIAN_POINT('',(-9.354687755943072,38.512348374033046,141.28759898009827));
#8104=CARTESIAN_POINT('',(-7.060673027967768,36.288589062820776,141.28750166224407));
#8105=CARTESIAN_POINT('',(-6.367036602951746,35.434316916271086,141.28745276156937));
#8106=CARTESIAN_POINT('',(-6.208522906402511,35.239290739286581,141.28744647987543));
#8107=CARTESIAN_POINT('',(-35.239385605370018,6.208584888223103,143.40335759299978));
#8108=CARTESIAN_POINT('',(-35.43438905043898,6.36713647016682,143.4034027096377));
#8109=CARTESIAN_POINT('',(-36.289206170030937,7.060018436093891,143.40360866449862));
#8110=CARTESIAN_POINT('',(-38.510706848654785,9.355470897186535,143.40422285632113));
#8111=CARTESIAN_POINT('',(-40.968383380731012,13.114860311572833,143.40510235376061));
#8112=CARTESIAN_POINT('',(-42.786174794091558,18.349297319351162,143.40618250867914));
#8113=CARTESIAN_POINT('',(-43.065701037316032,24.669192952082518,143.40736722124862));
#8114=CARTESIAN_POINT('',(-41.011053789859787,32.015530012659589,143.40847543561438));
#8115=CARTESIAN_POINT('',(-36.512327030253033,37.69970851827383,143.40879832596056));
#8116=CARTESIAN_POINT('',(-31.201852807791642,40.993716086550592,143.40847905057456));
#8117=CARTESIAN_POINT('',(-25.44277834912323,43.003187311938682,143.40781724617929));
#8118=CARTESIAN_POINT('',(-18.923033303023445,42.992571254130709,143.40671671012572));
#8119=CARTESIAN_POINT('',(-13.117332450019797,40.966347136064215,143.40558528818821));
#8120=CARTESIAN_POINT('',(-9.354692091559084,38.512357055636194,143.40475205628604));
#8121=CARTESIAN_POINT('',(-7.060677059595609,36.288603588291863,143.40416763492968));
#8122=CARTESIAN_POINT('',(-6.367039197456324,35.434332019963662,143.40396573320891));
#8123=CARTESIAN_POINT('',(-6.208527353602483,35.23930639538716,143.40392404201162));
#8124=CARTESIAN_POINT('',(-35.239443187288281,6.208595096845593,147.10808291202306));
#8125=CARTESIAN_POINT('',(-35.434448032792218,6.367131179622422,147.10809705403938));
#8126=CARTESIAN_POINT('',(-36.28925849989222,7.060037720544187,147.10816726541449));
#8127=CARTESIAN_POINT('',(-38.510733779446383,9.355473980399635,147.10835673228243));
#8128=CARTESIAN_POINT('',(-40.968394578411406,13.114876056407258,147.10860279910077));
#8129=CARTESIAN_POINT('',(-42.786173026468539,18.349298848307171,147.10890014071919));
#8130=CARTESIAN_POINT('',(-43.065710020650521,24.669195385976217,147.10928074345532));
#8131=CARTESIAN_POINT('',(-41.011050278697709,32.015527418654528,147.10968242341755));
#8132=CARTESIAN_POINT('',(-36.51232725839342,37.699691571742292,147.10980298774237));
#8133=CARTESIAN_POINT('',(-31.201847187790893,40.993728490697578,147.10969161461551));
#8134=CARTESIAN_POINT('',(-25.442768728670693,43.003180623603079,147.10945163822819));
#8135=CARTESIAN_POINT('',(-18.923029614993418,42.992576622521803,147.10908331713924));
#8136=CARTESIAN_POINT('',(-13.117338107593476,40.966364600036968,147.10875902146267));
#8137=CARTESIAN_POINT('',(-9.35471196873783,38.512396754200012,147.10851966236689));
#8138=CARTESIAN_POINT('',(-7.060695549152703,36.288670017473294,147.10833451117253));
#8139=CARTESIAN_POINT('',(-6.367051125546768,35.434401099702235,147.10826167899509));
#8140=CARTESIAN_POINT('',(-6.208547746615597,35.239378000799533,147.10824885419899));
#8141=CARTESIAN_POINT('',(-35.239495837741181,6.208604416064876,154.51605161524265));
#8142=CARTESIAN_POINT('',(-35.434501964257038,6.367126324135834,154.51608587826365));
#8143=CARTESIAN_POINT('',(-36.289306347861313,7.060055342206583,154.51624119588016));
#8144=CARTESIAN_POINT('',(-38.510758401903253,9.355476787656224,154.5167082222797));
#8145=CARTESIAN_POINT('',(-40.968404821637776,13.114890444037528,154.51738185616509));
#8146=CARTESIAN_POINT('',(-42.786171435478941,18.349300235079564,154.51821011866625));
#8147=CARTESIAN_POINT('',(-43.065718300505111,24.66919761314324,154.5191080424286));
#8148=CARTESIAN_POINT('',(-41.011047169334745,32.015525092942937,154.51993917594683));
#8149=CARTESIAN_POINT('',(-36.51232755270285,37.699676167180385,154.52018065443946));
#8150=CARTESIAN_POINT('',(-31.201842093494481,40.993739935088279,154.51994036618791));
#8151=CARTESIAN_POINT('',(-25.442759936784096,43.003174588364253,154.51944404862226));
#8152=CARTESIAN_POINT('',(-18.923026226817203,42.992581570972362,154.51861277301896));
#8153=CARTESIAN_POINT('',(-13.117343265846017,40.966380579688689,154.51774767716753));
#8154=CARTESIAN_POINT('',(-9.354730131669925,38.51243305354447,154.51711068300961));
#8155=CARTESIAN_POINT('',(-7.060712442702117,36.28873075665291,154.51666723326477));
#8156=CARTESIAN_POINT('',(-6.367062017063149,35.434464260937887,154.51651574468559));
#8157=CARTESIAN_POINT('',(-6.208566379886245,35.239443471525739,154.51648403606245));
#8158=CARTESIAN_POINT('',(-35.239710874107352,6.208642514185952,160.8666666666667));
#8159=CARTESIAN_POINT('',(-35.434722231330717,6.367106536587881,160.8666666666667));
#8160=CARTESIAN_POINT('',(-36.289501770341488,7.0601273400273,160.86666666666673));
#8161=CARTESIAN_POINT('',(-38.510858970184962,9.35548828173652,160.8666666666667));
#8162=CARTESIAN_POINT('',(-40.968446646369131,13.114949227469657,160.8666666666667));
#8163=CARTESIAN_POINT('',(-42.786164876825083,18.349305925989,160.86666666666667));
#8164=CARTESIAN_POINT('',(-43.065751958959027,24.669206705267129,160.86666666666667));
#8165=CARTESIAN_POINT('',(-41.011034226993658,32.015515483313365,160.86666666666662));
#8166=CARTESIAN_POINT('',(-36.512328548714564,37.699613033629468,160.86666666666667));
#8167=CARTESIAN_POINT('',(-31.201821180528185,40.993786430030276,160.8666666666667));
#8168=CARTESIAN_POINT('',(-25.44272401756335,43.003149746089761,160.86666666666662));
#8169=CARTESIAN_POINT('',(-18.923012427194568,42.992601685843539,160.86666666666673));
#8170=CARTESIAN_POINT('',(-13.117364368871813,40.966445816947434,160.86666666666662));
#8171=CARTESIAN_POINT('',(-9.354804341831432,38.512581306674946,160.86666666666667));
#8172=CARTESIAN_POINT('',(-7.060781469861018,36.288978831213939,160.86666666666662));
#8173=CARTESIAN_POINT('',(-6.367106536587856,35.43472223133071,160.8666666666667));
#8174=CARTESIAN_POINT('',(-6.208642514185926,35.239710874107345,160.8666666666667));
#8175=CARTESIAN_POINT('',(-35.239710874107352,6.208642514185952,165.10000000000002));
#8176=CARTESIAN_POINT('',(-35.434722231330717,6.367106536587881,165.10000000000002));
#8177=CARTESIAN_POINT('',(-36.289501770341481,7.0601273400273,165.10000000000005));
#8178=CARTESIAN_POINT('',(-38.510858970184962,9.35548828173652,165.10000000000002));
#8179=CARTESIAN_POINT('',(-40.968446646369124,13.114949227469657,165.10000000000002));
#8180=CARTESIAN_POINT('',(-42.786164876825083,18.349305925989,165.09999999999997));
#8181=CARTESIAN_POINT('',(-43.065751958959027,24.669206705267129,165.09999999999997));
#8182=CARTESIAN_POINT('',(-41.011034226993658,32.015515483313365,165.09999999999994));
#8183=CARTESIAN_POINT('',(-36.512328548714557,37.699613033629468,165.09999999999997));
#8184=CARTESIAN_POINT('',(-31.201821180528185,40.993786430030276,165.10000000000002));
#8185=CARTESIAN_POINT('',(-25.442724017563346,43.003149746089761,165.09999999999994));
#8186=CARTESIAN_POINT('',(-18.923012427194564,42.992601685843539,165.10000000000005));
#8187=CARTESIAN_POINT('',(-13.117364368871812,40.966445816947434,165.09999999999994));
#8188=CARTESIAN_POINT('',(-9.35480434183143,38.512581306674946,165.09999999999997));
#8189=CARTESIAN_POINT('',(-7.060781469861016,36.288978831213939,165.09999999999994));
#8190=CARTESIAN_POINT('',(-6.367106536587853,35.43472223133071,165.10000000000002));
#8191=CARTESIAN_POINT('',(-6.208642514185923,35.239710874107345,165.10000000000002));
#8192=B_SPLINE_SURFACE_WITH_KNOTS('',3,3,((#7682,#7699,#7716,#7733,#7750,#7767,#7784,#7801,#7818,#7835,#7852,#7869,#7886,#7903,#7920,#7937,#7954,#7971,#7988,#8005,#8022,#8039,#8056,#8073,#8090,#8107,#8124,#8141,#8158,#8175),(#7683,#7700,#7717,#7734,#7751,#7768,#7785,#7802,#7819,#7836,#7853,#7870,#7887,#7904,#7921,#7938,#7955,#7972,#7989,#8006,#8023,#8040,#8057,#8074,#8091,#8108,#8125,#8142,#8159,#8176),(#7684,#7701,#7718,#7735,#7752,#7769,#7786,#7803,#7820,#7837,#7854,#7871,#7888,#7905,#7922,#7939,#7956,#7973,#7990,#8007,#8024,#8041,#8058,#8075,#8092,#8109,#8126,#8143,#8160,#8177),(#7685,#7702,#7719,#7736,#7753,#7770,#7787,#7804,#7821,#7838,#7855,#7872,#7889,#7906,#7923,#7940,#7957,#7974,#7991,#8008,#8025,#8042,#8059,#8076,#8093,#8110,#8127,#8144,#8161,#8178),(#7686,#7703,#7720,#7737,#7754,#7771,#7788,#7805,#7822,#7839,#7856,#7873,#7890,#7907,#7924,#7941,#7958,#7975,#7992,#8009,#8026,#8043,#8060,#8077,#8094,#8111,#8128,#8145,#8162,#8179),(#7687,#7704,#7721,#7738,#7755,#7772,#7789,#7806,#7823,#7840,#7857,#7874,#7891,#7908,#7925,#7942,#7959,#7976,#7993,#8010,#8027,#8044,#8061,#8078,#8095,#8112,#8129,#8146,#8163,#8180),(#7688,#7705,#7722,#7739,#7756,#7773,#7790,#7807,#7824,#7841,#7858,#7875,#7892,#7909,#7926,#7943,#7960,#7977,#7994,#8011,#8028,#8045,#8062,#8079,#8096,#8113,#8130,#8147,#8164,#8181),(#7689,#7706,#7723,#7740,#7757,#7774,#7791,#7808,#7825,#7842,#7859,#7876,#7893,#7910,#7927,#7944,#7961,#7978,#7995,#8012,#8029,#8046,#8063,#8080,#8097,#8114,#8131,#8148,#8165,#8182),(#7690,#7707,#7724,#7741,#7758,#7775,#7792,#7809,#7826,#7843,#7860,#7877,#7894,#7911,#7928,#7945,#7962,#7979,#7996,#8013,#8030,#8047,#8064,#8081,#8098,#8115,#8132,#8149,#8166,#8183),(#7691,#7708,#7725,#7742,#7759,#7776,#7793,#7810,#7827,#7844,#7861,#7878,#7895,#7912,#7929,#7946,#7963,#7980,#7997,#8014,#8031,#8048,#8065,#8082,#8099,#8116,#8133,#8150,#8167,#8184),(#7692,#7709,#7726,#7743,#7760,#7777,#7794,#7811,#7828,#7845,#7862,#7879,#7896,#7913,#7930,#7947,#7964,#7981,#7998,#8015,#8032,#8049,#8066,#8083,#8100,#8117,#8134,#8151,#8168,#8185),(#7693,#7710,#7727,#7744,#7761,#7778,#7795,#7812,#7829,#7846,#7863,#7880,#7897,#7914,#7931,#7948,#7965,#7982,#7999,#8016,#8033,#8050,#8067,#8084,#8101,#8118,#8135,#8152,#8169,#8186),(#7694,#7711,#7728,#7745,#7762,#7779,#7796,#7813,#7830,#7847,#7864,#7881,#7898,#7915,#7932,#7949,#7966,#7983,#8000,#8017,#8034,#8051,#8068,#8085,#8102,#8119,#8136,#8153,#8170,#8187),(#7695,#7712,#7729,#7746,#7763,#7780,#7797,#7814,#7831,#7848,#7865,#7882,#7899,#7916,#7933,#7950,#7967,#7984,#8001,#8018,#8035,#8052,#8069,#8086,#8103,#8120,#8137,#8154,#8171,#8188),(#7696,#7713,#7730,#7747,#7764,#7781,#7798,#7815,#7832,#7849,#7866,#7883,#7900,#7917,#7934,#7951,#7968,#7985,#8002,#8019,#8036,#8053,#8070,#8087,#8104,#8121,#8138,#8155,#8172,#8189),(#7697,#7714,#7731,#7748,#7765,#7782,#7799,#7816,#7833,#7850,#7867,#7884,#7901,#7918,#7935,#7952,#7969,#7986,#8003,#8020,#8037,#8054,#8071,#8088,#8105,#8122,#8139,#8156,#8173,#8190),(#7698,#7715,#7732,#7749,#7766,#7783,#7800,#7817,#7834,#7851,#7868,#7885,#7902,#7919,#7936,#7953,#7970,#7987,#8004,#8021,#8038,#8055,#8072,#8089,#8106,#8123,#8140,#8157,#8174,#8191)),.UNSPECIFIED.,.F.,.F.,.F.,(4,1,1,1,1,1,1,1,1,1,1,1,1,1,4),(4,1,2,1,1,1,2,1,1,1,1,1,2,1,1,1,1,1,2,1,1,1,1,4),(0.0,0.071428571428571,0.142857142857143,0.214285714285714,0.285714285714286,0.357142857142857,0.428571428571429,0.523809523809524,0.571428571428571,0.619047619047619,0.714285714285714,0.785714285714286,0.857142857142857,0.928571428571429,1.0),(0.0,0.229634702921793,0.459269405843585,0.468837518465326,0.478405631087068,0.49754185633055,0.535814306817516,0.550473743708809,0.565133180600102,0.594452054382689,0.653089801947862,0.711727549513035,0.770365297078208,0.779933409699949,0.789501522321691,0.808637747565173,0.827773972808656,0.837342085430397,0.846910198052139,0.85647831067388,0.866046423295621,0.885182648539104,0.923455099026069,1.0),.UNSPECIFIED.);
#8193=CARTESIAN_POINT('',(-4.955044436928985,36.162100804959586,0.0));
#8194=CARTESIAN_POINT('',(-5.134266473803596,36.137543239524426,-5.506822E-020));
#8195=CARTESIAN_POINT('',(-5.918866645903052,36.030282747594804,-4.923532E-018));
#8196=CARTESIAN_POINT('',(-8.174192844688458,35.609038396951817,3.071625E-018));
#8197=CARTESIAN_POINT('',(-11.282146400141375,34.774388813691829,4.008083E-018));
#8198=CARTESIAN_POINT('',(-15.39466023335474,33.219317632666488,-3.079740E-017));
#8199=CARTESIAN_POINT('',(-19.449394554401088,31.019866069346524,-2.391877E-017));
#8200=CARTESIAN_POINT('',(-22.964940653989444,28.433557311668327,-1.008786E-016));
#8201=CARTESIAN_POINT('',(-26.315770147141087,25.470225652922597,-7.193011E-017));
#8202=CARTESIAN_POINT('',(-29.631266736055828,21.581980855020277,-1.340711E-016));
#8203=CARTESIAN_POINT('',(-32.444456011035953,16.940900267642117,-1.151739E-016));
#8204=CARTESIAN_POINT('',(-34.266399926180306,12.811910635478849,-1.680374E-016));
#8205=CARTESIAN_POINT('',(-35.426942054409523,9.027999754646318,-2.080995E-016));
#8206=CARTESIAN_POINT('',(-36.059865616739451,5.872965016987724,-2.290140E-016));
#8207=CARTESIAN_POINT('',(-36.335882402138452,3.59526792135627,-2.564636E-016));
#8208=CARTESIAN_POINT('',(-36.392475726241344,2.805429401616768,-3.464492E-016));
#8209=CARTESIAN_POINT('',(-36.405485425327264,2.625001132625237,-3.462039E-016));
#8210=B_SPLINE_CURVE_WITH_KNOTS('',3,(#8193,#8194,#8195,#8196,#8197,#8198,#8199,#8200,#8201,#8202,#8203,#8204,#8205,#8206,#8207,#8208,#8209),.UNSPECIFIED.,.F.,.U.,(4,1,1,1,1,1,1,1,1,1,1,1,1,1,4),(-1.0,-0.928571428571429,-0.857142857142857,-0.785714285714286,-0.714285714285714,-0.619047619047619,-0.571428571428571,-0.523809523809524,-0.428571428571429,-0.357142857142857,-0.285714285714286,-0.214285714285714,-0.142857142857143,-0.071428571428571,0.0),.UNSPECIFIED.);
#8211=EDGE_CURVE('',#5038,#7611,#8210,.T.);
#8212=ORIENTED_EDGE('',*,*,#8211,.F.);
#8213=ORIENTED_EDGE('',*,*,#5145,.T.);
#8214=ORIENTED_EDGE('',*,*,#5134,.T.);
#8215=ORIENTED_EDGE('',*,*,#5122,.T.);
#8216=CARTESIAN_POINT('',(-35.239710874107352,6.208642514185952,165.10000000000002));
#8217=CARTESIAN_POINT('',(-35.434722231330717,6.367106536587881,165.10000000000002));
#8218=CARTESIAN_POINT('',(-36.289501770341481,7.0601273400273,165.10000000000005));
#8219=CARTESIAN_POINT('',(-38.510858970184962,9.35548828173652,165.10000000000002));
#8220=CARTESIAN_POINT('',(-40.968446646369124,13.114949227469657,165.10000000000002));
#8221=CARTESIAN_POINT('',(-42.786164876825083,18.349305925989,165.09999999999997));
#8222=CARTESIAN_POINT('',(-43.065751958959027,24.669206705267129,165.09999999999997));
#8223=CARTESIAN_POINT('',(-41.011034226993658,32.015515483313365,165.09999999999994));
#8224=CARTESIAN_POINT('',(-36.512328548714557,37.699613033629468,165.09999999999997));
#8225=CARTESIAN_POINT('',(-31.201821180528185,40.993786430030276,165.10000000000002));
#8226=CARTESIAN_POINT('',(-25.442724017563346,43.003149746089761,165.09999999999994));
#8227=CARTESIAN_POINT('',(-18.923012427194564,42.992601685843539,165.10000000000005));
#8228=CARTESIAN_POINT('',(-13.117364368871812,40.966445816947434,165.09999999999994));
#8229=CARTESIAN_POINT('',(-9.35480434183143,38.512581306674946,165.09999999999997));
#8230=CARTESIAN_POINT('',(-7.060781469861016,36.288978831213939,165.09999999999994));
#8231=CARTESIAN_POINT('',(-6.367106536587853,35.43472223133071,165.10000000000002));
#8232=CARTESIAN_POINT('',(-6.208642514185923,35.239710874107345,165.10000000000002));
#8233=B_SPLINE_CURVE_WITH_KNOTS('',3,(#8216,#8217,#8218,#8219,#8220,#8221,#8222,#8223,#8224,#8225,#8226,#8227,#8228,#8229,#8230,#8231,#8232),.UNSPECIFIED.,.F.,.U.,(4,1,1,1,1,1,1,1,1,1,1,1,1,1,4),(0.0,0.071428571428571,0.142857142857143,0.214285714285714,0.285714285714286,0.357142857142857,0.428571428571429,0.523809523809524,0.571428571428571,0.619047619047619,0.714285714285714,0.785714285714286,0.857142857142857,0.928571428571429,1.0),.UNSPECIFIED.);
#8234=EDGE_CURVE('',#7648,#5094,#8233,.T.);
#8235=ORIENTED_EDGE('',*,*,#8234,.F.);
#8236=ORIENTED_EDGE('',*,*,#7664,.F.);
#8237=ORIENTED_EDGE('',*,*,#7645,.F.);
#8238=ORIENTED_EDGE('',*,*,#7633,.F.);
#8239=EDGE_LOOP('',(#8212,#8213,#8214,#8215,#8235,#8236,#8237,#8238));
#8240=FACE_OUTER_BOUND('',#8239,.T.);
#8241=ADVANCED_FACE('',(#8240),#8192,.T.);
#8242=CARTESIAN_POINT('',(4.440892E-015,3.330669E-015,165.09999999999997));
#8243=DIRECTION('',(0.0,0.0,1.0));
#8244=DIRECTION('',(1.0,0.0,0.0));
#8245=AXIS2_PLACEMENT_3D('',#8242,#8243,#8244);
#8246=PLANE('',#8245);
#8247=CARTESIAN_POINT('',(-4.966914011348733,36.248725405837043,165.10000000000002));
#8248=VERTEX_POINT('',#8247);
#8249=CARTESIAN_POINT('',(4.96691401134878,36.248725405837078,165.10000000000002));
#8250=VERTEX_POINT('',#8249);
#8251=CARTESIAN_POINT('',(0.0,40.284783532755874,165.10000000000002));
#8252=DIRECTION('',(0.0,0.0,1.0));
#8253=DIRECTION('',(0.776080314273243,0.630634082331065,0.0));
#8254=AXIS2_PLACEMENT_3D('',#8251,#8252,#8253);
#8255=CIRCLE('',#8254,6.400000000000002);
#8256=EDGE_CURVE('',#8248,#8250,#8255,.T.);
#8257=ORIENTED_EDGE('',*,*,#8256,.F.);
#8258=CARTESIAN_POINT('',(-36.248725405837057,4.966914011348762,165.10000000000002));
#8259=VERTEX_POINT('',#8258);
#8260=CARTESIAN_POINT('',(-22.224999999999994,22.225000000000001,165.10000000000002));
#8261=DIRECTION('',(0.0,0.0,-1.0));
#8262=DIRECTION('',(0.776080314273243,0.630634082331065,0.0));
#8263=AXIS2_PLACEMENT_3D('',#8260,#8261,#8262);
#8264=CIRCLE('',#8263,22.237500000000004);
#8265=EDGE_CURVE('',#8259,#8248,#8264,.T.);
#8266=ORIENTED_EDGE('',*,*,#8265,.F.);
#8267=CARTESIAN_POINT('',(-36.24872540583705,-4.966914011348761,165.10000000000002));
#8268=VERTEX_POINT('',#8267);
#8269=CARTESIAN_POINT('',(-40.284783532755867,-3.608619E-015,165.10000000000002));
#8270=DIRECTION('',(0.0,0.0,1.0));
#8271=DIRECTION('',(-0.630634082331064,0.776080314273243,0.0));
#8272=AXIS2_PLACEMENT_3D('',#8269,#8270,#8271);
#8273=CIRCLE('',#8272,6.4);
#8274=EDGE_CURVE('',#8268,#8259,#8273,.T.);
#8275=ORIENTED_EDGE('',*,*,#8274,.F.);
#8276=CARTESIAN_POINT('',(-4.966914011348758,-36.248725405837064,165.10000000000002));
#8277=VERTEX_POINT('',#8276);
#8278=CARTESIAN_POINT('',(-22.224999999999994,-22.225000000000001,165.10000000000002));
#8279=DIRECTION('',(0.0,0.0,-1.0));
#8280=DIRECTION('',(-0.630634082331065,0.776080314273243,0.0));
#8281=AXIS2_PLACEMENT_3D('',#8278,#8279,#8280);
#8282=CIRCLE('',#8281,22.237500000000001);
#8283=EDGE_CURVE('',#8277,#8268,#8282,.T.);
#8284=ORIENTED_EDGE('',*,*,#8283,.F.);
#8285=CARTESIAN_POINT('',(4.966914011348761,-36.24872540583705,165.10000000000002));
#8286=VERTEX_POINT('',#8285);
#8287=CARTESIAN_POINT('',(8.049511E-015,-40.284783532755874,165.10000000000002));
#8288=DIRECTION('',(0.0,0.0,1.0));
#8289=DIRECTION('',(-0.776080314273243,-0.630634082331065,0.0));
#8290=AXIS2_PLACEMENT_3D('',#8287,#8288,#8289);
#8291=CIRCLE('',#8290,6.400000000000001);
#8292=EDGE_CURVE('',#8286,#8277,#8291,.T.);
#8293=ORIENTED_EDGE('',*,*,#8292,.F.);
#8294=CARTESIAN_POINT('',(36.248725405837099,-4.966914011348775,165.10000000000002));
#8295=VERTEX_POINT('',#8294);
#8296=CARTESIAN_POINT('',(22.225000000000009,-22.224999999999994,165.10000000000002));
#8297=DIRECTION('',(0.0,0.0,-1.0));
#8298=DIRECTION('',(-0.776080314273243,-0.630634082331065,0.0));
#8299=AXIS2_PLACEMENT_3D('',#8296,#8297,#8298);
#8300=CIRCLE('',#8299,22.237500000000004);
#8301=EDGE_CURVE('',#8295,#8286,#8300,.T.);
#8302=ORIENTED_EDGE('',*,*,#8301,.F.);
#8303=CARTESIAN_POINT('',(36.248725405837064,4.966914011348759,165.10000000000002));
#8304=VERTEX_POINT('',#8303);
#8305=CARTESIAN_POINT('',(40.284783532755881,4.440892E-015,165.10000000000002));
#8306=DIRECTION('',(0.0,0.0,1.0));
#8307=DIRECTION('',(0.630634082331065,-0.776080314273243,0.0));
#8308=AXIS2_PLACEMENT_3D('',#8305,#8306,#8307);
#8309=CIRCLE('',#8308,6.4);
#8310=EDGE_CURVE('',#8304,#8295,#8309,.T.);
#8311=ORIENTED_EDGE('',*,*,#8310,.F.);
#8312=CARTESIAN_POINT('',(22.225000000000009,22.225000000000001,165.10000000000002));
#8313=DIRECTION('',(0.0,0.0,-1.0));
#8314=DIRECTION('',(0.630634082331065,-0.776080314273243,0.0));
#8315=AXIS2_PLACEMENT_3D('',#8312,#8313,#8314);
#8316=CIRCLE('',#8315,22.237500000000004);
#8317=EDGE_CURVE('',#8250,#8304,#8316,.T.);
#8318=ORIENTED_EDGE('',*,*,#8317,.F.);
#8319=EDGE_LOOP('',(#8257,#8266,#8275,#8284,#8293,#8302,#8311,#8318));
#8320=FACE_OUTER_BOUND('',#8319,.T.);
#8321=ORIENTED_EDGE('',*,*,#5103,.T.);
#8322=ORIENTED_EDGE('',*,*,#5752,.T.);
#8323=ORIENTED_EDGE('',*,*,#5986,.T.);
#8324=ORIENTED_EDGE('',*,*,#6596,.T.);
#8325=ORIENTED_EDGE('',*,*,#6830,.T.);
#8326=ORIENTED_EDGE('',*,*,#7440,.T.);
#8327=ORIENTED_EDGE('',*,*,#7674,.T.);
#8328=ORIENTED_EDGE('',*,*,#8234,.T.);
#8329=EDGE_LOOP('',(#8321,#8322,#8323,#8324,#8325,#8326,#8327,#8328));
#8330=FACE_BOUND('',#8329,.T.);
#8331=ADVANCED_FACE('',(#8320,#8330),#8246,.T.);
#8332=CARTESIAN_POINT('',(-1.110223E-015,-2.220446E-015,0.0));
#8333=DIRECTION('',(0.0,0.0,1.0));
#8334=DIRECTION('',(1.0,0.0,0.0));
#8335=AXIS2_PLACEMENT_3D('',#8332,#8333,#8334);
#8336=PLANE('',#8335);
#8337=CARTESIAN_POINT('',(-5.172251864301214,37.747288785450962,0.0));
#8338=VERTEX_POINT('',#8337);
#8339=CARTESIAN_POINT('',(2.740069675425348,38.001342320684074,0.0));
#8340=VERTEX_POINT('',#8339);
#8341=CARTESIAN_POINT('',(0.0,0.0,0.0));
#8342=DIRECTION('',(0.0,0.0,-1.0));
#8343=DIRECTION('',(-1.0,0.0,0.0));
#8344=AXIS2_PLACEMENT_3D('',#8341,#8342,#8343);
#8345=CIRCLE('',#8344,38.099999999999994);
#8346=EDGE_CURVE('',#8338,#8340,#8345,.T.);
#8347=ORIENTED_EDGE('',*,*,#8346,.T.);
#8348=CARTESIAN_POINT('',(37.747288785450962,5.172251864301226,0.0));
#8349=VERTEX_POINT('',#8348);
#8350=CARTESIAN_POINT('',(0.0,0.0,0.0));
#8351=DIRECTION('',(0.0,0.0,-1.0));
#8352=DIRECTION('',(-1.0,0.0,0.0));
#8353=AXIS2_PLACEMENT_3D('',#8350,#8351,#8352);
#8354=CIRCLE('',#8353,38.099999999999994);
#8355=EDGE_CURVE('',#8340,#8349,#8354,.T.);
#8356=ORIENTED_EDGE('',*,*,#8355,.T.);
#8357=CARTESIAN_POINT('',(38.001342320684074,-2.740069675425346,0.0));
#8358=VERTEX_POINT('',#8357);
#8359=CARTESIAN_POINT('',(0.0,0.0,0.0));
#8360=DIRECTION('',(0.0,0.0,-1.0));
#8361=DIRECTION('',(-1.0,0.0,0.0));
#8362=AXIS2_PLACEMENT_3D('',#8359,#8360,#8361);
#8363=CIRCLE('',#8362,38.099999999999994);
#8364=EDGE_CURVE('',#8349,#8358,#8363,.T.);
#8365=ORIENTED_EDGE('',*,*,#8364,.T.);
#8366=CARTESIAN_POINT('',(5.172251864301227,-37.747288785450962,0.0));
#8367=VERTEX_POINT('',#8366);
#8368=CARTESIAN_POINT('',(0.0,0.0,0.0));
#8369=DIRECTION('',(0.0,0.0,-1.0));
#8370=DIRECTION('',(-1.0,0.0,0.0));
#8371=AXIS2_PLACEMENT_3D('',#8368,#8369,#8370);
#8372=CIRCLE('',#8371,38.099999999999994);
#8373=EDGE_CURVE('',#8358,#8367,#8372,.T.);
#8374=ORIENTED_EDGE('',*,*,#8373,.T.);
#8375=CARTESIAN_POINT('',(-2.740069675425318,-38.001342320684074,0.0));
#8376=VERTEX_POINT('',#8375);
#8377=CARTESIAN_POINT('',(0.0,0.0,0.0));
#8378=DIRECTION('',(0.0,0.0,-1.0));
#8379=DIRECTION('',(-1.0,0.0,0.0));
#8380=AXIS2_PLACEMENT_3D('',#8377,#8378,#8379);
#8381=CIRCLE('',#8380,38.099999999999994);
#8382=EDGE_CURVE('',#8367,#8376,#8381,.T.);
#8383=ORIENTED_EDGE('',*,*,#8382,.T.);
#8384=CARTESIAN_POINT('',(-37.747288785450962,-5.172251864301264,0.0));
#8385=VERTEX_POINT('',#8384);
#8386=CARTESIAN_POINT('',(0.0,0.0,0.0));
#8387=DIRECTION('',(0.0,0.0,-1.0));
#8388=DIRECTION('',(-1.0,0.0,0.0));
#8389=AXIS2_PLACEMENT_3D('',#8386,#8387,#8388);
#8390=CIRCLE('',#8389,38.099999999999994);
#8391=EDGE_CURVE('',#8376,#8385,#8390,.T.);
#8392=ORIENTED_EDGE('',*,*,#8391,.T.);
#8393=CARTESIAN_POINT('',(-38.001342320684081,2.740069675425247,0.0));
#8394=VERTEX_POINT('',#8393);
#8395=CARTESIAN_POINT('',(0.0,0.0,0.0));
#8396=DIRECTION('',(0.0,0.0,-1.0));
#8397=DIRECTION('',(-1.0,0.0,0.0));
#8398=AXIS2_PLACEMENT_3D('',#8395,#8396,#8397);
#8399=CIRCLE('',#8398,38.099999999999994);
#8400=EDGE_CURVE('',#8385,#8394,#8399,.T.);
#8401=ORIENTED_EDGE('',*,*,#8400,.T.);
#8402=CARTESIAN_POINT('',(0.0,0.0,0.0));
#8403=DIRECTION('',(0.0,0.0,-1.0));
#8404=DIRECTION('',(-1.0,0.0,0.0));
#8405=AXIS2_PLACEMENT_3D('',#8402,#8403,#8404);
#8406=CIRCLE('',#8405,38.099999999999994);
#8407=EDGE_CURVE('',#8394,#8338,#8406,.T.);
#8408=ORIENTED_EDGE('',*,*,#8407,.T.);
#8409=EDGE_LOOP('',(#8347,#8356,#8365,#8374,#8383,#8392,#8401,#8408));
#8410=FACE_OUTER_BOUND('',#8409,.T.);
#8411=ORIENTED_EDGE('',*,*,#5047,.T.);
#8412=ORIENTED_EDGE('',*,*,#8211,.T.);
#8413=ORIENTED_EDGE('',*,*,#7620,.T.);
#8414=ORIENTED_EDGE('',*,*,#7369,.T.);
#8415=ORIENTED_EDGE('',*,*,#6776,.T.);
#8416=ORIENTED_EDGE('',*,*,#6525,.T.);
#8417=ORIENTED_EDGE('',*,*,#5932,.T.);
#8418=ORIENTED_EDGE('',*,*,#5681,.T.);
#8419=EDGE_LOOP('',(#8411,#8412,#8413,#8414,#8415,#8416,#8417,#8418));
#8420=FACE_BOUND('',#8419,.T.);
#8421=ADVANCED_FACE('',(#8410,#8420),#8336,.F.);
#8422=CARTESIAN_POINT('',(-5.172251864301223,37.747288785450962,0.0));
#8423=CARTESIAN_POINT('',(-4.423938482939828,37.849825031267905,0.0));
#8424=CARTESIAN_POINT('',(-2.92121208305596,38.010373709647844,0.0));
#8425=CARTESIAN_POINT('',(-0.279389333277233,38.1345496771578,0.0));
#8426=CARTESIAN_POINT('',(1.610044955111265,38.082822244274254,0.0));
#8427=CARTESIAN_POINT('',(2.740069675425356,38.001342320684074,0.0));
#8428=CARTESIAN_POINT('',(-5.172251864301223,37.747288785450962,25.399999999999984));
#8429=CARTESIAN_POINT('',(-4.423938482939827,37.849825031267905,25.399999999999984));
#8430=CARTESIAN_POINT('',(-2.921212083055959,38.010373709647844,25.399999999999991));
#8431=CARTESIAN_POINT('',(-0.279389333277232,38.1345496771578,25.399999999999988));
#8432=CARTESIAN_POINT('',(1.610044955111266,38.082822244274254,25.399999999999984));
#8433=CARTESIAN_POINT('',(2.740069675425356,38.001342320684074,25.399999999999984));
#8434=CARTESIAN_POINT('',(-5.172251864301225,37.747288785450991,50.800000000000026));
#8435=CARTESIAN_POINT('',(-4.423938482939832,37.849825031267933,50.800000000000026));
#8436=CARTESIAN_POINT('',(-2.921212083055962,38.010373709647858,50.80000000000004));
#8437=CARTESIAN_POINT('',(-0.279389333277235,38.134549677157835,50.800000000000026));
#8438=CARTESIAN_POINT('',(1.610044955111265,38.082822244274283,50.800000000000026));
#8439=CARTESIAN_POINT('',(2.740069675425358,38.001342320684095,50.800000000000026));
#8440=CARTESIAN_POINT('',(-5.172251864301225,37.747288785450984,80.433333333333351));
#8441=CARTESIAN_POINT('',(-4.42393848293983,37.849825031267919,80.433333333333351));
#8442=CARTESIAN_POINT('',(-2.921212083055961,38.010373709647844,80.433333333333366));
#8443=CARTESIAN_POINT('',(-0.279389333277233,38.134549677157814,80.433333333333337));
#8444=CARTESIAN_POINT('',(1.610044955111265,38.082822244274261,80.433333333333351));
#8445=CARTESIAN_POINT('',(2.740069675425356,38.001342320684081,80.433333333333351));
#8446=CARTESIAN_POINT('',(-5.177747889900633,37.787398987141863,84.688499215666866));
#8447=CARTESIAN_POINT('',(-4.427686296737444,37.915176896120265,84.688499215666866));
#8448=CARTESIAN_POINT('',(-2.932883460158206,38.11538733373964,84.688499215666894));
#8449=CARTESIAN_POINT('',(-0.324403662711736,38.256338701632991,84.688499215666866));
#8450=CARTESIAN_POINT('',(1.547617229687322,38.165659059606867,84.688499215666866));
#8451=CARTESIAN_POINT('',(2.680466473676849,38.04825246068728,84.688499215666866));
#8452=CARTESIAN_POINT('',(-5.15541079153952,37.624382002550384,101.80499650375729));
#8453=CARTESIAN_POINT('',(-4.412454328850425,37.64957205005733,101.80499650375729));
#8454=CARTESIAN_POINT('',(-2.885448328420369,37.688588075226789,101.80499650375734));
#8455=CARTESIAN_POINT('',(-0.141455187299578,37.761360399621694,101.80499650375731));
#8456=CARTESIAN_POINT('',(1.801337707882551,37.828991397031785,101.80499650375729));
#8457=CARTESIAN_POINT('',(2.922707445086609,37.857598979834187,101.80499650375729));
#8458=CARTESIAN_POINT('',(-4.983755084110457,36.371632188737635,114.09500349624268));
#8459=CARTESIAN_POINT('',(-4.29539999256588,35.608456995163039,114.09500349624268));
#8460=CARTESIAN_POINT('',(-2.520919732816113,34.40872927414928,114.09500349624273));
#8461=CARTESIAN_POINT('',(1.264463767000185,33.957560585510073,114.09500349624267));
#8462=CARTESIAN_POINT('',(3.751123999269051,35.241774165252622,114.09500349624268));
#8463=CARTESIAN_POINT('',(4.7842762416875,36.392468746686923,114.09500349624268));
#8464=CARTESIAN_POINT('',(-4.961417985749349,36.208615204146184,131.2115007843332));
#8465=CARTESIAN_POINT('',(-4.280168024678867,35.342852149100132,131.2115007843332));
#8466=CARTESIAN_POINT('',(-2.473484601078278,33.981930015636451,131.21150078433325));
#8467=CARTESIAN_POINT('',(1.447412242412339,33.462582283498804,131.21150078433323));
#8468=CARTESIAN_POINT('',(4.004844477464285,34.905106502677569,131.2115007843332));
#8469=CARTESIAN_POINT('',(5.026517213097264,36.201815265833858,131.2115007843332));
#8470=CARTESIAN_POINT('',(-4.966914011348756,36.24872540583705,135.4666666666667));
#8471=CARTESIAN_POINT('',(-4.283915838476479,35.408204013952457,135.4666666666667));
#8472=CARTESIAN_POINT('',(-2.485155978180524,34.086943639728233,135.46666666666675));
#8473=CARTESIAN_POINT('',(1.402397912977841,33.584371307973967,135.4666666666667));
#8474=CARTESIAN_POINT('',(3.942416752040339,34.987943318010167,135.4666666666667));
#8475=CARTESIAN_POINT('',(4.966914011348755,36.24872540583705,135.4666666666667));
#8476=CARTESIAN_POINT('',(-4.966914011348755,36.24872540583705,148.16666666666669));
#8477=CARTESIAN_POINT('',(-4.283915838476479,35.408204013952464,148.16666666666669));
#8478=CARTESIAN_POINT('',(-2.48515597818052,34.086943639728233,148.16666666666677));
#8479=CARTESIAN_POINT('',(1.402397912977838,33.584371307973967,148.16666666666669));
#8480=CARTESIAN_POINT('',(3.942416752040341,34.98794331801016,148.16666666666669));
#8481=CARTESIAN_POINT('',(4.966914011348755,36.24872540583705,148.16666666666669));
#8482=CARTESIAN_POINT('',(-4.966914011348757,36.248725405837057,156.63333333333335));
#8483=CARTESIAN_POINT('',(-4.28391583847648,35.408204013952464,156.63333333333335));
#8484=CARTESIAN_POINT('',(-2.485155978180521,34.086943639728247,156.63333333333338));
#8485=CARTESIAN_POINT('',(1.402397912977837,33.584371307973967,156.63333333333335));
#8486=CARTESIAN_POINT('',(3.94241675204034,34.987943318010174,156.63333333333335));
#8487=CARTESIAN_POINT('',(4.966914011348756,36.248725405837057,156.63333333333335));
#8488=CARTESIAN_POINT('',(-4.966914011348757,36.248725405837057,165.10000000000002));
#8489=CARTESIAN_POINT('',(-4.28391583847648,35.408204013952471,165.10000000000002));
#8490=CARTESIAN_POINT('',(-2.485155978180523,34.086943639728247,165.10000000000008));
#8491=CARTESIAN_POINT('',(1.402397912977839,33.584371307973967,165.10000000000002));
#8492=CARTESIAN_POINT('',(3.94241675204034,34.987943318010174,165.10000000000002));
#8493=CARTESIAN_POINT('',(4.966914011348756,36.248725405837057,165.10000000000002));
#8494=B_SPLINE_SURFACE_WITH_KNOTS('',3,3,((#8422,#8428,#8434,#8440,#8446,#8452,#8458,#8464,#8470,#8476,#8482,#8488),(#8423,#8429,#8435,#8441,#8447,#8453,#8459,#8465,#8471,#8477,#8483,#8489),(#8424,#8430,#8436,#8442,#8448,#8454,#8460,#8466,#8472,#8478,#8484,#8490),(#8425,#8431,#8437,#8443,#8449,#8455,#8461,#8467,#8473,#8479,#8485,#8491),(#8426,#8432,#8438,#8444,#8450,#8456,#8462,#8468,#8474,#8480,#8486,#8492),(#8427,#8433,#8439,#8445,#8451,#8457,#8463,#8469,#8475,#8481,#8487,#8493)),.UNSPECIFIED.,.F.,.F.,.F.,(4,1,1,4),(4,2,2,2,2,4),(0.0,0.285714285714286,0.571428571428571,1.0),(0.0,0.459269405843585,0.535814306817516,0.770365297078208,0.846910198052139,1.0),.UNSPECIFIED.);
#8495=ORIENTED_EDGE('',*,*,#8346,.F.);
#8496=CARTESIAN_POINT('',(-5.172251864301214,37.747288785450962,0.0));
#8497=CARTESIAN_POINT('',(-5.172251864301214,37.747288785450962,25.399999999999984));
#8498=CARTESIAN_POINT('',(-5.172251864301214,37.747288785450962,50.799999999999983));
#8499=CARTESIAN_POINT('',(-5.172251864301214,37.747288785450962,80.433333333333337));
#8500=CARTESIAN_POINT('',(-5.177747889900621,37.787398987141827,84.688499215666837));
#8501=CARTESIAN_POINT('',(-5.155410791539512,37.624382002550391,101.80499650375731));
#8502=CARTESIAN_POINT('',(-4.983755084110443,36.371632188737621,114.0950034962427));
#8503=CARTESIAN_POINT('',(-4.961417985749334,36.208615204146177,131.2115007843332));
#8504=CARTESIAN_POINT('',(-4.966914011348742,36.248725405837043,135.4666666666667));
#8505=CARTESIAN_POINT('',(-4.966914011348741,36.248725405837043,148.16666666666669));
#8506=CARTESIAN_POINT('',(-4.966914011348738,36.248725405837043,156.63333333333335));
#8507=CARTESIAN_POINT('',(-4.966914011348733,36.248725405837043,165.10000000000002));
#8508=B_SPLINE_CURVE_WITH_KNOTS('',3,(#8496,#8497,#8498,#8499,#8500,#8501,#8502,#8503,#8504,#8505,#8506,#8507),.UNSPECIFIED.,.F.,.U.,(4,2,2,2,2,4),(0.0,0.459269405843585,0.535814306817516,0.770365297078208,0.846910198052139,1.0),.UNSPECIFIED.);
#8509=EDGE_CURVE('',#8338,#8248,#8508,.T.);
#8510=ORIENTED_EDGE('',*,*,#8509,.T.);
#8511=ORIENTED_EDGE('',*,*,#8256,.T.);
#8512=CARTESIAN_POINT('',(2.740069675425348,38.001342320684074,0.0));
#8513=CARTESIAN_POINT('',(2.740069675425348,38.001342320684074,25.399999999999984));
#8514=CARTESIAN_POINT('',(2.740069675425348,38.001342320684074,50.799999999999983));
#8515=CARTESIAN_POINT('',(2.740069675425348,38.001342320684074,80.433333333333337));
#8516=CARTESIAN_POINT('',(2.68046647367684,38.048252460687259,84.688499215666837));
#8517=CARTESIAN_POINT('',(2.922707445086604,37.857598979834194,101.80499650375731));
#8518=CARTESIAN_POINT('',(4.784276241687515,36.392468746686951,114.0950034962427));
#8519=CARTESIAN_POINT('',(5.026517213097279,36.201815265833886,131.2115007843332));
#8520=CARTESIAN_POINT('',(4.96691401134877,36.248725405837078,135.4666666666667));
#8521=CARTESIAN_POINT('',(4.966914011348772,36.248725405837078,148.16666666666669));
#8522=CARTESIAN_POINT('',(4.966914011348774,36.248725405837078,156.63333333333335));
#8523=CARTESIAN_POINT('',(4.96691401134878,36.248725405837078,165.10000000000002));
#8524=B_SPLINE_CURVE_WITH_KNOTS('',3,(#8512,#8513,#8514,#8515,#8516,#8517,#8518,#8519,#8520,#8521,#8522,#8523),.UNSPECIFIED.,.F.,.U.,(4,2,2,2,2,4),(0.0,0.459269405843585,0.535814306817516,0.770365297078208,0.846910198052139,1.0),.UNSPECIFIED.);
#8525=EDGE_CURVE('',#8340,#8250,#8524,.T.);
#8526=ORIENTED_EDGE('',*,*,#8525,.F.);
#8527=EDGE_LOOP('',(#8495,#8510,#8511,#8526));
#8528=FACE_OUTER_BOUND('',#8527,.T.);
#8529=ADVANCED_FACE('',(#8528),#8494,.F.);
#8530=CARTESIAN_POINT('',(2.740069675425348,38.001342320684074,0.0));
#8531=CARTESIAN_POINT('',(2.92840712881103,37.987762333419042,0.0));
#8532=CARTESIAN_POINT('',(3.752871083969161,37.928691897392717,0.0));
#8533=CARTESIAN_POINT('',(6.130385519161611,37.640544594586707,0.0));
#8534=CARTESIAN_POINT('',(9.423759679701881,36.979915867671274,0.0));
#8535=CARTESIAN_POINT('',(13.373438909038267,35.768385905676922,0.0));
#8536=CARTESIAN_POINT('',(17.683606844011113,33.86677548575733,0.0));
#8537=CARTESIAN_POINT('',(22.527765633853548,30.929869127373436,0.0));
#8538=CARTESIAN_POINT('',(26.586924193832502,27.4693937800239,0.0));
#8539=CARTESIAN_POINT('',(29.680007006752035,23.971768633949001,0.0));
#8540=CARTESIAN_POINT('',(32.379587223076364,20.302050722352497,0.0));
#8541=CARTESIAN_POINT('',(34.675357351528291,16.069485407370095,0.0));
#8542=CARTESIAN_POINT('',(36.298790479330158,11.776721526326188,0.0));
#8543=CARTESIAN_POINT('',(37.169933967002805,8.532513297179644,0.0));
#8544=CARTESIAN_POINT('',(37.609705342704999,6.178328471647173,0.0));
#8545=CARTESIAN_POINT('',(37.721654723996728,5.359330209641575,0.0));
#8546=CARTESIAN_POINT('',(37.747288785450962,5.172251864301226,0.0));
#8547=CARTESIAN_POINT('',(2.740069675425348,38.001342320684074,25.399999999999984));
#8548=CARTESIAN_POINT('',(2.928407128811029,37.987762333419042,25.399999999999984));
#8549=CARTESIAN_POINT('',(3.752871083969161,37.928691897392717,25.399999999999988));
#8550=CARTESIAN_POINT('',(6.13038551916161,37.640544594586707,25.399999999999974));
#8551=CARTESIAN_POINT('',(9.423759679701879,36.979915867671266,25.399999999999977));
#8552=CARTESIAN_POINT('',(13.373438909038267,35.768385905676929,25.39999999999997));
#8553=CARTESIAN_POINT('',(17.683606844011113,33.86677548575733,25.39999999999997));
#8554=CARTESIAN_POINT('',(22.527765633853537,30.929869127373443,25.399999999999974));
#8555=CARTESIAN_POINT('',(26.586924193832502,27.4693937800239,25.39999999999997));
#8556=CARTESIAN_POINT('',(29.680007006752032,23.971768633949004,25.39999999999997));
#8557=CARTESIAN_POINT('',(32.379587223076364,20.302050722352497,25.399999999999974));
#8558=CARTESIAN_POINT('',(34.675357351528284,16.069485407370095,25.399999999999977));
#8559=CARTESIAN_POINT('',(36.298790479330158,11.776721526326188,25.399999999999984));
#8560=CARTESIAN_POINT('',(37.169933967002805,8.532513297179648,25.399999999999988));
#8561=CARTESIAN_POINT('',(37.609705342704999,6.178328471647174,25.399999999999984));
#8562=CARTESIAN_POINT('',(37.721654723996728,5.359330209641575,25.399999999999984));
#8563=CARTESIAN_POINT('',(37.747288785450962,5.172251864301226,25.399999999999984));
#8564=CARTESIAN_POINT('',(2.740069675425349,38.001342320684074,50.799999999999997));
#8565=CARTESIAN_POINT('',(2.928407128811031,37.987762333419049,50.799999999999997));
#8566=CARTESIAN_POINT('',(3.752871083969163,37.928691897392717,50.800000000000018));
#8567=CARTESIAN_POINT('',(6.130385519161613,37.640544594586714,50.799999999999983));
#8568=CARTESIAN_POINT('',(9.423759679701886,36.979915867671281,50.799999999999983));
#8569=CARTESIAN_POINT('',(13.373438909038269,35.768385905676936,50.799999999999969));
#8570=CARTESIAN_POINT('',(17.683606844011109,33.866775485757337,50.799999999999976));
#8571=CARTESIAN_POINT('',(22.527765633853551,30.929869127373447,50.799999999999983));
#8572=CARTESIAN_POINT('',(26.586924193832516,27.469393780023907,50.799999999999969));
#8573=CARTESIAN_POINT('',(29.680007006752049,23.971768633949008,50.799999999999969));
#8574=CARTESIAN_POINT('',(32.379587223076378,20.302050722352508,50.799999999999976));
#8575=CARTESIAN_POINT('',(34.675357351528305,16.069485407370102,50.799999999999983));
#8576=CARTESIAN_POINT('',(36.298790479330172,11.776721526326197,50.79999999999999));
#8577=CARTESIAN_POINT('',(37.169933967002819,8.532513297179644,50.799999999999997));
#8578=CARTESIAN_POINT('',(37.609705342705013,6.178328471647173,50.79999999999999));
#8579=CARTESIAN_POINT('',(37.721654723996735,5.359330209641575,50.799999999999997));
#8580=CARTESIAN_POINT('',(37.747288785450969,5.172251864301227,50.799999999999997));
#8581=CARTESIAN_POINT('',(2.740069675425349,38.001342320684081,80.433333333333351));
#8582=CARTESIAN_POINT('',(2.928407128811031,37.987762333419056,80.433333333333351));
#8583=CARTESIAN_POINT('',(3.752871083969164,37.928691897392731,80.433333333333366));
#8584=CARTESIAN_POINT('',(6.130385519161616,37.640544594586714,80.433333333333337));
#8585=CARTESIAN_POINT('',(9.423759679701888,36.979915867671281,80.433333333333337));
#8586=CARTESIAN_POINT('',(13.373438909038276,35.768385905676936,80.433333333333309));
#8587=CARTESIAN_POINT('',(17.683606844011123,33.866775485757337,80.433333333333337));
#8588=CARTESIAN_POINT('',(22.527765633853551,30.929869127373451,80.433333333333337));
#8589=CARTESIAN_POINT('',(26.586924193832516,27.469393780023911,80.433333333333337));
#8590=CARTESIAN_POINT('',(29.680007006752042,23.971768633949019,80.433333333333337));
#8591=CARTESIAN_POINT('',(32.379587223076371,20.302050722352508,80.433333333333337));
#8592=CARTESIAN_POINT('',(34.675357351528298,16.069485407370099,80.433333333333351));
#8593=CARTESIAN_POINT('',(36.298790479330172,11.776721526326197,80.433333333333351));
#8594=CARTESIAN_POINT('',(37.169933967002819,8.53251329717965,80.433333333333351));
#8595=CARTESIAN_POINT('',(37.609705342705013,6.178328471647179,80.433333333333351));
#8596=CARTESIAN_POINT('',(37.721654723996743,5.359330209641577,80.433333333333351));
#8597=CARTESIAN_POINT('',(37.747288785450976,5.172251864301228,80.433333333333351));
#8598=CARTESIAN_POINT('',(2.680466473676841,38.04825246068728,84.688499215666866));
#8599=CARTESIAN_POINT('',(2.869274681008429,38.028684694200678,84.688499215666866));
#8600=CARTESIAN_POINT('',(3.695818854216508,37.943380594749122,84.68849921566688));
#8601=CARTESIAN_POINT('',(6.070773694623922,37.58346010698191,84.688499215666852));
#8602=CARTESIAN_POINT('',(9.343865981773739,36.834264360424392,84.688499215666852));
#8603=CARTESIAN_POINT('',(13.248314298264594,35.537900249501284,84.688499215666809));
#8604=CARTESIAN_POINT('',(17.491548803267481,33.577298782278191,84.688499215666837));
#8605=CARTESIAN_POINT('',(22.253548729989635,30.621104641246273,84.688499215666837));
#8606=CARTESIAN_POINT('',(26.257342664345877,27.197710742395891,84.688499215666809));
#8607=CARTESIAN_POINT('',(29.338232623042305,23.759592238261128,84.688499215666809));
#8608=CARTESIAN_POINT('',(32.052127557979809,20.157753750564211,84.688499215666837));
#8609=CARTESIAN_POINT('',(34.409671785654709,15.999944904778724,84.688499215666852));
#8610=CARTESIAN_POINT('',(36.13496253271078,11.759738496296963,84.688499215666866));
#8611=CARTESIAN_POINT('',(37.100207499015781,8.53720541448428,84.688499215666866));
#8612=CARTESIAN_POINT('',(37.615870220253839,6.186176655862768,84.688499215666866));
#8613=CARTESIAN_POINT('',(37.755454509897241,5.365263288191434,84.688499215666866));
#8614=CARTESIAN_POINT('',(37.787398987141849,5.177747889900637,84.688499215666866));
#8615=CARTESIAN_POINT('',(2.922707445086605,37.857598979834208,101.80499650375734));
#8616=CARTESIAN_POINT('',(3.109602401287282,37.862366910301269,101.80499650375734));
#8617=CARTESIAN_POINT('',(3.927692095098609,37.883682387069435,101.80499650375734));
#8618=CARTESIAN_POINT('',(6.313049711010584,37.815464451113677,101.80499650375731));
#8619=CARTESIAN_POINT('',(9.668572145668993,37.426225221044888,101.80499650375731));
#8620=CARTESIAN_POINT('',(13.756849181826345,36.47464639081749,101.80499650375729));
#8621=CARTESIAN_POINT('',(18.272116373330263,34.753797960076824,101.80499650375729));
#8622=CARTESIAN_POINT('',(23.36802861060503,31.875993755624386,101.80499650375728));
#8623=CARTESIAN_POINT('',(27.596836978735737,28.30189241418358,101.80499650375725));
#8624=CARTESIAN_POINT('',(30.727281470823257,24.621925379667289,101.80499650375725));
#8625=CARTESIAN_POINT('',(33.382998132772272,20.744209470929253,101.80499650375725));
#8626=CARTESIAN_POINT('',(35.489478367830181,16.282573327512409,101.80499650375729));
#8627=CARTESIAN_POINT('',(36.80079657801258,11.828761393911115,101.80499650375731));
#8628=CARTESIAN_POINT('',(37.383591727423891,8.51813558231925,101.80499650375734));
#8629=CARTESIAN_POINT('',(37.590814755408999,6.154279849778272,101.80499650375731));
#8630=CARTESIAN_POINT('',(37.618084490673652,5.341149907211802,101.80499650375734));
#8631=CARTESIAN_POINT('',(37.624382002550391,5.155410791539527,101.80499650375734));
#8632=CARTESIAN_POINT('',(4.784276241687516,36.392468746686973,114.09500349624274));
#8633=CARTESIAN_POINT('',(4.956468282090591,36.584251176926024,114.09500349624274));
#8634=CARTESIAN_POINT('',(5.709587153893962,37.424914739372483,114.09500349624278));
#8635=CARTESIAN_POINT('',(8.174887820581446,39.598367009661494,114.09500349624273));
#8636=CARTESIAN_POINT('',(12.16386788054651,41.975314751717725,114.09500349624273));
#8637=CARTESIAN_POINT('',(17.664828355259804,43.673335270168181,114.0950034962427));
#8638=CARTESIAN_POINT('',(24.270607147252662,43.794936401153578,114.09500349624273));
#8639=CARTESIAN_POINT('',(31.932562339640114,41.519541686122452,114.09500349624273));
#8640=CARTESIAN_POINT('',(37.890557336529859,36.787286664446867,114.09500349624273));
#8641=CARTESIAN_POINT('',(41.401817561621172,31.24876665665807,114.0950034962427));
#8642=CARTESIAN_POINT('',(43.610446940997001,25.250993204771571,114.0950034962427));
#8643=CARTESIAN_POINT('',(43.787555394370408,18.454510839699747,114.09500349624273));
#8644=CARTESIAN_POINT('',(41.917585349271853,12.359187240957979,114.09500349624274));
#8645=CARTESIAN_POINT('',(39.56133744064195,8.371588099834133,114.09500349624274));
#8646=CARTESIAN_POINT('',(37.398268997075881,5.909159882777797,114.09500349624273));
#8647=CARTESIAN_POINT('',(36.56242598713132,5.155843856996613,114.09500349624274));
#8648=CARTESIAN_POINT('',(36.371632188737671,4.98375508411047,114.09500349624274));
#8649=CARTESIAN_POINT('',(5.02651721309728,36.201815265833893,131.21150078433323));
#8650=CARTESIAN_POINT('',(5.196796002369444,36.417933393026608,131.21150078433323));
#8651=CARTESIAN_POINT('',(5.941460394776065,37.365216531692781,131.21150078433323));
#8652=CARTESIAN_POINT('',(8.417163836968109,39.830371353793254,131.21150078433317));
#8653=CARTESIAN_POINT('',(12.488574044441762,42.567275612338229,131.21150078433317));
#8654=CARTESIAN_POINT('',(18.173363238821555,44.610081411484373,131.21150078433314));
#8655=CARTESIAN_POINT('',(25.05117471731543,44.971435578952217,131.21150078433317));
#8656=CARTESIAN_POINT('',(33.047042220255506,42.774430800500554,131.21150078433317));
#8657=CARTESIAN_POINT('',(39.230051650919712,37.891468336234546,131.21150078433317));
#8658=CARTESIAN_POINT('',(42.790866409402106,32.111099798064224,131.21150078433314));
#8659=CARTESIAN_POINT('',(44.941317515789443,25.837448925136606,131.21150078433317));
#8660=CARTESIAN_POINT('',(44.867361976545872,18.737139262433431,131.2115007843332));
#8661=CARTESIAN_POINT('',(42.583419394573639,12.428210138572124,131.2115007843332));
#8662=CARTESIAN_POINT('',(39.844721669050053,8.352518267669097,131.2115007843332));
#8663=CARTESIAN_POINT('',(37.373213532231055,5.877263076693298,131.2115007843332));
#8664=CARTESIAN_POINT('',(36.425055967907724,5.131730476016982,131.21150078433323));
#8665=CARTESIAN_POINT('',(36.208615204146213,4.96141798574936,131.21150078433323));
#8666=CARTESIAN_POINT('',(4.966914011348771,36.248725405837085,135.4666666666667));
#8667=CARTESIAN_POINT('',(5.13766355456684,36.458855753808237,135.4666666666667));
#8668=CARTESIAN_POINT('',(5.884408165023408,37.379905229049179,135.46666666666675));
#8669=CARTESIAN_POINT('',(8.357552012430414,39.773286866188457,135.46666666666667));
#8670=CARTESIAN_POINT('',(12.408680346513609,42.42162410509134,135.4666666666667));
#8671=CARTESIAN_POINT('',(18.04823862804788,44.379595755308728,135.46666666666664));
#8672=CARTESIAN_POINT('',(24.859116676571805,44.681958875473072,135.4666666666667));
#8673=CARTESIAN_POINT('',(32.772825316391604,42.465666314373387,135.46666666666667));
#8674=CARTESIAN_POINT('',(38.900470121433095,37.61978529860653,135.46666666666667));
#8675=CARTESIAN_POINT('',(42.449092025692394,31.89892340237634,135.46666666666664));
#8676=CARTESIAN_POINT('',(44.613857850692902,25.693151953348309,135.46666666666667));
#8677=CARTESIAN_POINT('',(44.60167641067229,18.667598759842054,135.4666666666667));
#8678=CARTESIAN_POINT('',(42.419591447954261,12.411227108542882,135.4666666666667));
#8679=CARTESIAN_POINT('',(39.774995201063007,8.357210384973723,135.46666666666673));
#8680=CARTESIAN_POINT('',(37.379378409779875,5.885111260908885,135.4666666666667));
#8681=CARTESIAN_POINT('',(36.45885575380823,5.137663554566837,135.4666666666667));
#8682=CARTESIAN_POINT('',(36.248725405837085,4.966914011348767,135.4666666666667));
#8683=CARTESIAN_POINT('',(4.966914011348772,36.248725405837085,148.16666666666669));
#8684=CARTESIAN_POINT('',(5.137663554566841,36.45885575380823,148.16666666666669));
#8685=CARTESIAN_POINT('',(5.884408165023408,37.379905229049172,148.16666666666674));
#8686=CARTESIAN_POINT('',(8.357552012430421,39.77328686618845,148.16666666666666));
#8687=CARTESIAN_POINT('',(12.40868034651362,42.421624105091311,148.16666666666666));
#8688=CARTESIAN_POINT('',(18.048238628047873,44.379595755308721,148.16666666666666));
#8689=CARTESIAN_POINT('',(24.859116676571794,44.681958875473057,148.16666666666663));
#8690=CARTESIAN_POINT('',(32.772825316391575,42.465666314373379,148.16666666666666));
#8691=CARTESIAN_POINT('',(38.900470121433074,37.619785298606523,148.16666666666663));
#8692=CARTESIAN_POINT('',(42.449092025692359,31.898923402376333,148.1666666666666));
#8693=CARTESIAN_POINT('',(44.613857850692881,25.693151953348309,148.16666666666663));
#8694=CARTESIAN_POINT('',(44.601676410672269,18.667598759842061,148.16666666666669));
#8695=CARTESIAN_POINT('',(42.419591447954247,12.41122710854289,148.16666666666669));
#8696=CARTESIAN_POINT('',(39.774995201063007,8.357210384973735,148.16666666666674));
#8697=CARTESIAN_POINT('',(37.379378409779875,5.885111260908888,148.16666666666669));
#8698=CARTESIAN_POINT('',(36.45885575380823,5.137663554566837,148.16666666666669));
#8699=CARTESIAN_POINT('',(36.248725405837085,4.966914011348767,148.16666666666669));
#8700=CARTESIAN_POINT('',(4.966914011348774,36.248725405837078,156.63333333333335));
#8701=CARTESIAN_POINT('',(5.137663554566845,36.45885575380823,156.63333333333335));
#8702=CARTESIAN_POINT('',(5.884408165023412,37.379905229049164,156.63333333333338));
#8703=CARTESIAN_POINT('',(8.357552012430416,39.77328686618845,156.6333333333333));
#8704=CARTESIAN_POINT('',(12.408680346513613,42.421624105091311,156.6333333333333));
#8705=CARTESIAN_POINT('',(18.04823862804788,44.379595755308721,156.63333333333327));
#8706=CARTESIAN_POINT('',(24.859116676571801,44.681958875473057,156.63333333333324));
#8707=CARTESIAN_POINT('',(32.772825316391604,42.465666314373379,156.63333333333327));
#8708=CARTESIAN_POINT('',(38.900470121433088,37.619785298606516,156.63333333333324));
#8709=CARTESIAN_POINT('',(42.449092025692387,31.898923402376337,156.63333333333324));
#8710=CARTESIAN_POINT('',(44.613857850692895,25.693151953348302,156.63333333333327));
#8711=CARTESIAN_POINT('',(44.60167641067229,18.667598759842054,156.6333333333333));
#8712=CARTESIAN_POINT('',(42.419591447954247,12.411227108542885,156.63333333333335));
#8713=CARTESIAN_POINT('',(39.774995201063007,8.357210384973726,156.63333333333333));
#8714=CARTESIAN_POINT('',(37.379378409779868,5.885111260908888,156.63333333333335));
#8715=CARTESIAN_POINT('',(36.45885575380823,5.137663554566836,156.63333333333335));
#8716=CARTESIAN_POINT('',(36.248725405837078,4.966914011348766,156.63333333333335));
#8717=CARTESIAN_POINT('',(4.96691401134878,36.248725405837078,165.10000000000002));
#8718=CARTESIAN_POINT('',(5.137663554566849,36.45885575380823,165.10000000000002));
#8719=CARTESIAN_POINT('',(5.884408165023417,37.379905229049172,165.10000000000005));
#8720=CARTESIAN_POINT('',(8.357552012430423,39.77328686618845,165.09999999999997));
#8721=CARTESIAN_POINT('',(12.40868034651362,42.421624105091318,165.10000000000002));
#8722=CARTESIAN_POINT('',(18.04823862804788,44.379595755308728,165.09999999999997));
#8723=CARTESIAN_POINT('',(24.859116676571805,44.681958875473065,165.09999999999997));
#8724=CARTESIAN_POINT('',(32.772825316391597,42.465666314373387,165.09999999999997));
#8725=CARTESIAN_POINT('',(38.900470121433095,37.61978529860653,165.09999999999994));
#8726=CARTESIAN_POINT('',(42.449092025692387,31.898923402376337,165.09999999999994));
#8727=CARTESIAN_POINT('',(44.613857850692895,25.693151953348305,165.09999999999994));
#8728=CARTESIAN_POINT('',(44.60167641067229,18.667598759842058,165.09999999999997));
#8729=CARTESIAN_POINT('',(42.419591447954247,12.411227108542885,165.10000000000002));
#8730=CARTESIAN_POINT('',(39.774995201063007,8.35721038497373,165.10000000000002));
#8731=CARTESIAN_POINT('',(37.379378409779875,5.885111260908885,165.09999999999997));
#8732=CARTESIAN_POINT('',(36.45885575380823,5.137663554566836,165.10000000000002));
#8733=CARTESIAN_POINT('',(36.248725405837085,4.966914011348766,165.10000000000002));
#8734=B_SPLINE_SURFACE_WITH_KNOTS('',3,3,((#8530,#8547,#8564,#8581,#8598,#8615,#8632,#8649,#8666,#8683,#8700,#8717),(#8531,#8548,#8565,#8582,#8599,#8616,#8633,#8650,#8667,#8684,#8701,#8718),(#8532,#8549,#8566,#8583,#8600,#8617,#8634,#8651,#8668,#8685,#8702,#8719),(#8533,#8550,#8567,#8584,#8601,#8618,#8635,#8652,#8669,#8686,#8703,#8720),(#8534,#8551,#8568,#8585,#8602,#8619,#8636,#8653,#8670,#8687,#8704,#8721),(#8535,#8552,#8569,#8586,#8603,#8620,#8637,#8654,#8671,#8688,#8705,#8722),(#8536,#8553,#8570,#8587,#8604,#8621,#8638,#8655,#8672,#8689,#8706,#8723),(#8537,#8554,#8571,#8588,#8605,#8622,#8639,#8656,#8673,#8690,#8707,#8724),(#8538,#8555,#8572,#8589,#8606,#8623,#8640,#8657,#8674,#8691,#8708,#8725),(#8539,#8556,#8573,#8590,#8607,#8624,#8641,#8658,#8675,#8692,#8709,#8726),(#8540,#8557,#8574,#8591,#8608,#8625,#8642,#8659,#8676,#8693,#8710,#8727),(#8541,#8558,#8575,#8592,#8609,#8626,#8643,#8660,#8677,#8694,#8711,#8728),(#8542,#8559,#8576,#8593,#8610,#8627,#8644,#8661,#8678,#8695,#8712,#8729),(#8543,#8560,#8577,#8594,#8611,#8628,#8645,#8662,#8679,#8696,#8713,#8730),(#8544,#8561,#8578,#8595,#8612,#8629,#8646,#8663,#8680,#8697,#8714,#8731),(#8545,#8562,#8579,#8596,#8613,#8630,#8647,#8664,#8681,#8698,#8715,#8732),(#8546,#8563,#8580,#8597,#8614,#8631,#8648,#8665,#8682,#8699,#8716,#8733)),.UNSPECIFIED.,.F.,.F.,.F.,(4,1,1,1,1,1,1,1,1,1,1,1,1,1,4),(4,2,2,2,2,4),(0.0,0.071428571428571,0.142857142857143,0.214285714285714,0.285714285714286,0.357142857142857,0.428571428571429,0.523809523809524,0.571428571428571,0.619047619047619,0.714285714285714,0.785714285714286,0.857142857142857,0.928571428571429,1.0),(0.0,0.459269405843585,0.535814306817516,0.770365297078208,0.846910198052139,1.0),.UNSPECIFIED.);
#8735=ORIENTED_EDGE('',*,*,#8355,.F.);
#8736=ORIENTED_EDGE('',*,*,#8525,.T.);
#8737=ORIENTED_EDGE('',*,*,#8317,.T.);
#8738=CARTESIAN_POINT('',(37.747288785450962,5.172251864301226,0.0));
#8739=CARTESIAN_POINT('',(37.747288785450962,5.172251864301226,25.399999999999984));
#8740=CARTESIAN_POINT('',(37.747288785450962,5.172251864301226,50.799999999999983));
#8741=CARTESIAN_POINT('',(37.747288785450962,5.172251864301226,80.433333333333337));
#8742=CARTESIAN_POINT('',(37.787398987141827,5.177747889900633,84.688499215666837));
#8743=CARTESIAN_POINT('',(37.624382002550391,5.155410791539524,101.80499650375731));
#8744=CARTESIAN_POINT('',(36.371632188737642,4.983755084110461,114.0950034962427));
#8745=CARTESIAN_POINT('',(36.208615204146199,4.961417985749351,131.2115007843332));
#8746=CARTESIAN_POINT('',(36.248725405837064,4.966914011348759,135.4666666666667));
#8747=CARTESIAN_POINT('',(36.248725405837064,4.966914011348759,148.16666666666669));
#8748=CARTESIAN_POINT('',(36.248725405837064,4.966914011348759,156.63333333333335));
#8749=CARTESIAN_POINT('',(36.248725405837064,4.966914011348759,165.10000000000002));
#8750=B_SPLINE_CURVE_WITH_KNOTS('',3,(#8738,#8739,#8740,#8741,#8742,#8743,#8744,#8745,#8746,#8747,#8748,#8749),.UNSPECIFIED.,.F.,.U.,(4,2,2,2,2,4),(0.0,0.459269405843585,0.535814306817516,0.770365297078208,0.846910198052139,1.0),.UNSPECIFIED.);
#8751=EDGE_CURVE('',#8349,#8304,#8750,.T.);
#8752=ORIENTED_EDGE('',*,*,#8751,.F.);
#8753=EDGE_LOOP('',(#8735,#8736,#8737,#8752));
#8754=FACE_OUTER_BOUND('',#8753,.T.);
#8755=ADVANCED_FACE('',(#8754),#8734,.F.);
#8756=CARTESIAN_POINT('',(37.747288785450962,5.172251864301226,0.0));
#8757=CARTESIAN_POINT('',(37.849825031267905,4.423938482939834,0.0));
#8758=CARTESIAN_POINT('',(38.010373709647823,2.921212083055967,0.0));
#8759=CARTESIAN_POINT('',(38.134549677157793,0.279389333277252,0.0));
#8760=CARTESIAN_POINT('',(38.082822244274254,-1.610044955111236,0.0));
#8761=CARTESIAN_POINT('',(38.001342320684074,-2.740069675425319,0.0));
#8762=CARTESIAN_POINT('',(37.747288785450962,5.172251864301226,25.399999999999984));
#8763=CARTESIAN_POINT('',(37.849825031267905,4.423938482939835,25.399999999999984));
#8764=CARTESIAN_POINT('',(38.010373709647823,2.92121208305597,25.399999999999977));
#8765=CARTESIAN_POINT('',(38.134549677157793,0.279389333277252,25.399999999999977));
#8766=CARTESIAN_POINT('',(38.082822244274254,-1.610044955111237,25.399999999999984));
#8767=CARTESIAN_POINT('',(38.001342320684074,-2.740069675425319,25.399999999999984));
#8768=CARTESIAN_POINT('',(37.747288785450948,5.172251864301224,50.799999999999969));
#8769=CARTESIAN_POINT('',(37.849825031267891,4.42393848293983,50.799999999999969));
#8770=CARTESIAN_POINT('',(38.010373709647816,2.921212083055964,50.799999999999955));
#8771=CARTESIAN_POINT('',(38.134549677157779,0.279389333277251,50.799999999999955));
#8772=CARTESIAN_POINT('',(38.082822244274254,-1.610044955111234,50.799999999999969));
#8773=CARTESIAN_POINT('',(38.001342320684074,-2.740069675425319,50.799999999999969));
#8774=CARTESIAN_POINT('',(37.747288785450948,5.172251864301225,80.433333333333337));
#8775=CARTESIAN_POINT('',(37.849825031267883,4.423938482939834,80.433333333333337));
#8776=CARTESIAN_POINT('',(38.010373709647808,2.921212083055968,80.433333333333337));
#8777=CARTESIAN_POINT('',(38.134549677157771,0.279389333277252,80.433333333333294));
#8778=CARTESIAN_POINT('',(38.08282224427424,-1.610044955111236,80.433333333333337));
#8779=CARTESIAN_POINT('',(38.00134232068406,-2.740069675425319,80.433333333333337));
#8780=CARTESIAN_POINT('',(37.78739898714182,5.177747889900632,84.688499215666837));
#8781=CARTESIAN_POINT('',(37.915176896120222,4.427686296737444,84.688499215666837));
#8782=CARTESIAN_POINT('',(38.115387333739591,2.932883460158211,84.688499215666837));
#8783=CARTESIAN_POINT('',(38.256338701632956,0.324403662711754,84.688499215666809));
#8784=CARTESIAN_POINT('',(38.165659059606845,-1.54761722968729,84.688499215666837));
#8785=CARTESIAN_POINT('',(38.048252460687259,-2.680466473676811,84.688499215666837));
#8786=CARTESIAN_POINT('',(37.624382002550369,5.155410791539522,101.80499650375728));
#8787=CARTESIAN_POINT('',(37.649572050057316,4.41245432885043,101.80499650375728));
#8788=CARTESIAN_POINT('',(37.688588075226747,2.885448328420374,101.80499650375725));
#8789=CARTESIAN_POINT('',(37.761360399621672,0.141455187299595,101.80499650375725));
#8790=CARTESIAN_POINT('',(37.828991397031771,-1.801337707882526,101.80499650375728));
#8791=CARTESIAN_POINT('',(37.857598979834172,-2.922707445086576,101.80499650375728));
#8792=CARTESIAN_POINT('',(36.371632188737649,4.983755084110462,114.09500349624275));
#8793=CARTESIAN_POINT('',(35.608456995163053,4.295399992565884,114.09500349624275));
#8794=CARTESIAN_POINT('',(34.40872927414928,2.520919732816118,114.09500349624275));
#8795=CARTESIAN_POINT('',(33.95756058551008,-1.264463767000182,114.09500349624273));
#8796=CARTESIAN_POINT('',(35.241774165252643,-3.75112399926905,114.09500349624275));
#8797=CARTESIAN_POINT('',(36.392468746686944,-4.784276241687497,114.09500349624275));
#8798=CARTESIAN_POINT('',(36.20861520414622,4.961417985749355,131.21150078433328));
#8799=CARTESIAN_POINT('',(35.34285214910016,4.280168024678874,131.21150078433328));
#8800=CARTESIAN_POINT('',(33.981930015636465,2.473484601078279,131.21150078433325));
#8801=CARTESIAN_POINT('',(33.462582283498826,-1.447412242412337,131.21150078433323));
#8802=CARTESIAN_POINT('',(34.905106502677597,-4.004844477464287,131.21150078433328));
#8803=CARTESIAN_POINT('',(36.201815265833893,-5.026517213097264,131.21150078433328));
#8804=CARTESIAN_POINT('',(36.248725405837085,4.966914011348763,135.46666666666678));
#8805=CARTESIAN_POINT('',(35.408204013952499,4.283915838476485,135.46666666666678));
#8806=CARTESIAN_POINT('',(34.086943639728254,2.485155978180527,135.46666666666675));
#8807=CARTESIAN_POINT('',(33.584371307973989,-1.402397912977834,135.46666666666675));
#8808=CARTESIAN_POINT('',(34.987943318010203,-3.942416752040341,135.46666666666678));
#8809=CARTESIAN_POINT('',(36.248725405837085,-4.966914011348756,135.46666666666678));
#8810=CARTESIAN_POINT('',(36.248725405837085,4.966914011348763,148.1666666666668));
#8811=CARTESIAN_POINT('',(35.408204013952499,4.283915838476485,148.1666666666668));
#8812=CARTESIAN_POINT('',(34.086943639728254,2.48515597818052,148.1666666666668));
#8813=CARTESIAN_POINT('',(33.584371307973996,-1.402397912977835,148.16666666666671));
#8814=CARTESIAN_POINT('',(34.98794331801021,-3.942416752040341,148.1666666666668));
#8815=CARTESIAN_POINT('',(36.248725405837085,-4.966914011348757,148.1666666666668));
#8816=CARTESIAN_POINT('',(36.248725405837064,4.966914011348759,156.63333333333335));
#8817=CARTESIAN_POINT('',(35.408204013952471,4.283915838476483,156.63333333333335));
#8818=CARTESIAN_POINT('',(34.086943639728233,2.485155978180526,156.63333333333335));
#8819=CARTESIAN_POINT('',(33.584371307973967,-1.402397912977835,156.6333333333333));
#8820=CARTESIAN_POINT('',(34.987943318010181,-3.942416752040339,156.63333333333335));
#8821=CARTESIAN_POINT('',(36.248725405837064,-4.966914011348753,156.63333333333335));
#8822=CARTESIAN_POINT('',(36.248725405837064,4.966914011348759,165.10000000000002));
#8823=CARTESIAN_POINT('',(35.408204013952478,4.283915838476482,165.10000000000002));
#8824=CARTESIAN_POINT('',(34.086943639728233,2.485155978180524,165.10000000000005));
#8825=CARTESIAN_POINT('',(33.584371307973967,-1.402397912977835,165.09999999999997));
#8826=CARTESIAN_POINT('',(34.987943318010181,-3.942416752040338,165.10000000000002));
#8827=CARTESIAN_POINT('',(36.248725405837064,-4.966914011348753,165.10000000000002));
#8828=B_SPLINE_SURFACE_WITH_KNOTS('',3,3,((#8756,#8762,#8768,#8774,#8780,#8786,#8792,#8798,#8804,#8810,#8816,#8822),(#8757,#8763,#8769,#8775,#8781,#8787,#8793,#8799,#8805,#8811,#8817,#8823),(#8758,#8764,#8770,#8776,#8782,#8788,#8794,#8800,#8806,#8812,#8818,#8824),(#8759,#8765,#8771,#8777,#8783,#8789,#8795,#8801,#8807,#8813,#8819,#8825),(#8760,#8766,#8772,#8778,#8784,#8790,#8796,#8802,#8808,#8814,#8820,#8826),(#8761,#8767,#8773,#8779,#8785,#8791,#8797,#8803,#8809,#8815,#8821,#8827)),.UNSPECIFIED.,.F.,.F.,.F.,(4,1,1,4),(4,2,2,2,2,4),(0.0,0.285714285714286,0.571428571428571,1.0),(0.0,0.459269405843585,0.535814306817516,0.770365297078208,0.846910198052139,1.0),.UNSPECIFIED.);
#8829=ORIENTED_EDGE('',*,*,#8364,.F.);
#8830=ORIENTED_EDGE('',*,*,#8751,.T.);
#8831=ORIENTED_EDGE('',*,*,#8310,.T.);
#8832=CARTESIAN_POINT('',(38.001342320684074,-2.740069675425346,0.0));
#8833=CARTESIAN_POINT('',(38.001342320684074,-2.740069675425346,25.399999999999984));
#8834=CARTESIAN_POINT('',(38.001342320684074,-2.740069675425346,50.799999999999983));
#8835=CARTESIAN_POINT('',(38.001342320684074,-2.740069675425346,80.433333333333337));
#8836=CARTESIAN_POINT('',(38.048252460687259,-2.680466473676837,84.688499215666837));
#8837=CARTESIAN_POINT('',(37.857598979834201,-2.922707445086603,101.80499650375731));
#8838=CARTESIAN_POINT('',(36.392468746686959,-4.784276241687518,114.0950034962427));
#8839=CARTESIAN_POINT('',(36.201815265833901,-5.026517213097284,131.2115007843332));
#8840=CARTESIAN_POINT('',(36.248725405837092,-4.966914011348775,135.4666666666667));
#8841=CARTESIAN_POINT('',(36.248725405837092,-4.966914011348775,148.16666666666669));
#8842=CARTESIAN_POINT('',(36.248725405837099,-4.966914011348775,156.63333333333335));
#8843=CARTESIAN_POINT('',(36.248725405837099,-4.966914011348775,165.10000000000002));
#8844=B_SPLINE_CURVE_WITH_KNOTS('',3,(#8832,#8833,#8834,#8835,#8836,#8837,#8838,#8839,#8840,#8841,#8842,#8843),.UNSPECIFIED.,.F.,.U.,(4,2,2,2,2,4),(0.0,0.459269405843585,0.535814306817516,0.770365297078208,0.846910198052139,1.0),.UNSPECIFIED.);
#8845=EDGE_CURVE('',#8358,#8295,#8844,.T.);
#8846=ORIENTED_EDGE('',*,*,#8845,.F.);
#8847=EDGE_LOOP('',(#8829,#8830,#8831,#8846));
#8848=FACE_OUTER_BOUND('',#8847,.T.);
#8849=ADVANCED_FACE('',(#8848),#8828,.F.);
#8850=CARTESIAN_POINT('',(38.001342320684074,-2.740069675425346,0.0));
#8851=CARTESIAN_POINT('',(37.987762333419042,-2.928407128811028,0.0));
#8852=CARTESIAN_POINT('',(37.928691897392717,-3.75287108396916,0.0));
#8853=CARTESIAN_POINT('',(37.640544594586729,-6.130385519161612,0.0));
#8854=CARTESIAN_POINT('',(36.979915867671295,-9.423759679701885,0.0));
#8855=CARTESIAN_POINT('',(35.768385905676951,-13.373438909038267,0.0));
#8856=CARTESIAN_POINT('',(33.866775485757351,-17.683606844011113,0.0));
#8857=CARTESIAN_POINT('',(30.929869127373451,-22.527765633853541,0.0));
#8858=CARTESIAN_POINT('',(27.4693937800239,-26.586924193832495,0.0));
#8859=CARTESIAN_POINT('',(23.971768633949004,-29.680007006752028,0.0));
#8860=CARTESIAN_POINT('',(20.302050722352508,-32.379587223076371,0.0));
#8861=CARTESIAN_POINT('',(16.069485407370092,-34.675357351528291,0.0));
#8862=CARTESIAN_POINT('',(11.776721526326188,-36.298790479330165,0.0));
#8863=CARTESIAN_POINT('',(8.532513297179639,-37.169933967002812,0.0));
#8864=CARTESIAN_POINT('',(6.178328471647169,-37.609705342705006,0.0));
#8865=CARTESIAN_POINT('',(5.359330209641566,-37.721654723996728,0.0));
#8866=CARTESIAN_POINT('',(5.172251864301218,-37.747288785450962,0.0));
#8867=CARTESIAN_POINT('',(38.001342320684074,-2.740069675425346,25.399999999999984));
#8868=CARTESIAN_POINT('',(37.987762333419042,-2.928407128811028,25.399999999999984));
#8869=CARTESIAN_POINT('',(37.928691897392717,-3.752871083969161,25.399999999999988));
#8870=CARTESIAN_POINT('',(37.640544594586729,-6.130385519161615,25.399999999999988));
#8871=CARTESIAN_POINT('',(36.979915867671295,-9.423759679701881,25.399999999999991));
#8872=CARTESIAN_POINT('',(35.768385905676951,-13.373438909038267,25.399999999999977));
#8873=CARTESIAN_POINT('',(33.866775485757351,-17.683606844011109,25.399999999999984));
#8874=CARTESIAN_POINT('',(30.929869127373451,-22.527765633853541,25.399999999999963));
#8875=CARTESIAN_POINT('',(27.4693937800239,-26.586924193832488,25.399999999999963));
#8876=CARTESIAN_POINT('',(23.971768633949004,-29.680007006752028,25.399999999999959));
#8877=CARTESIAN_POINT('',(20.302050722352504,-32.379587223076371,25.399999999999974));
#8878=CARTESIAN_POINT('',(16.069485407370088,-34.675357351528291,25.399999999999974));
#8879=CARTESIAN_POINT('',(11.776721526326188,-36.298790479330158,25.399999999999977));
#8880=CARTESIAN_POINT('',(8.532513297179641,-37.169933967002812,25.399999999999984));
#8881=CARTESIAN_POINT('',(6.178328471647172,-37.609705342705006,25.399999999999988));
#8882=CARTESIAN_POINT('',(5.359330209641566,-37.721654723996728,25.399999999999984));
#8883=CARTESIAN_POINT('',(5.172251864301218,-37.747288785450962,25.399999999999984));
#8884=CARTESIAN_POINT('',(38.001342320684088,-2.740069675425347,50.800000000000026));
#8885=CARTESIAN_POINT('',(37.987762333419056,-2.928407128811029,50.800000000000026));
#8886=CARTESIAN_POINT('',(37.928691897392724,-3.75287108396916,50.800000000000047));
#8887=CARTESIAN_POINT('',(37.640544594586736,-6.13038551916161,50.800000000000047));
#8888=CARTESIAN_POINT('',(36.979915867671302,-9.423759679701888,50.800000000000047));
#8889=CARTESIAN_POINT('',(35.768385905676958,-13.373438909038269,50.80000000000004));
#8890=CARTESIAN_POINT('',(33.866775485757351,-17.683606844011123,50.80000000000004));
#8891=CARTESIAN_POINT('',(30.929869127373465,-22.527765633853555,50.800000000000018));
#8892=CARTESIAN_POINT('',(27.469393780023911,-26.586924193832509,50.799999999999997));
#8893=CARTESIAN_POINT('',(23.971768633949008,-29.680007006752049,50.79999999999999));
#8894=CARTESIAN_POINT('',(20.302050722352512,-32.379587223076385,50.800000000000011));
#8895=CARTESIAN_POINT('',(16.069485407370102,-34.675357351528298,50.800000000000018));
#8896=CARTESIAN_POINT('',(11.776721526326192,-36.298790479330172,50.800000000000018));
#8897=CARTESIAN_POINT('',(8.532513297179643,-37.169933967002819,50.800000000000026));
#8898=CARTESIAN_POINT('',(6.178328471647171,-37.609705342705013,50.80000000000004));
#8899=CARTESIAN_POINT('',(5.359330209641568,-37.721654723996735,50.800000000000026));
#8900=CARTESIAN_POINT('',(5.17225186430122,-37.747288785450969,50.800000000000026));
#8901=CARTESIAN_POINT('',(38.00134232068411,-2.740069675425349,80.433333333333394));
#8902=CARTESIAN_POINT('',(37.987762333419084,-2.92840712881103,80.433333333333394));
#8903=CARTESIAN_POINT('',(37.928691897392753,-3.752871083969165,80.433333333333394));
#8904=CARTESIAN_POINT('',(37.640544594586757,-6.130385519161622,80.433333333333422));
#8905=CARTESIAN_POINT('',(36.979915867671323,-9.423759679701892,80.433333333333422));
#8906=CARTESIAN_POINT('',(35.768385905676979,-13.373438909038281,80.433333333333394));
#8907=CARTESIAN_POINT('',(33.866775485757373,-17.68360684401113,80.433333333333394));
#8908=CARTESIAN_POINT('',(30.929869127373479,-22.527765633853562,80.43333333333338));
#8909=CARTESIAN_POINT('',(27.469393780023928,-26.586924193832509,80.433333333333351));
#8910=CARTESIAN_POINT('',(23.971768633949033,-29.680007006752053,80.433333333333351));
#8911=CARTESIAN_POINT('',(20.302050722352529,-32.379587223076399,80.43333333333338));
#8912=CARTESIAN_POINT('',(16.069485407370109,-34.675357351528319,80.43333333333338));
#8913=CARTESIAN_POINT('',(11.776721526326202,-36.298790479330194,80.433333333333394));
#8914=CARTESIAN_POINT('',(8.53251329717965,-37.169933967002848,80.433333333333394));
#8915=CARTESIAN_POINT('',(6.17832847164718,-37.609705342705048,80.433333333333422));
#8916=CARTESIAN_POINT('',(5.359330209641572,-37.721654723996771,80.433333333333394));
#8917=CARTESIAN_POINT('',(5.172251864301224,-37.747288785451005,80.433333333333394));
#8918=CARTESIAN_POINT('',(38.048252460687301,-2.68046647367684,84.688499215666894));
#8919=CARTESIAN_POINT('',(38.028684694200699,-2.869274681008427,84.688499215666894));
#8920=CARTESIAN_POINT('',(37.943380594749144,-3.695818854216508,84.688499215666923));
#8921=CARTESIAN_POINT('',(37.58346010698196,-6.070773694623925,84.688499215666923));
#8922=CARTESIAN_POINT('',(36.834264360424427,-9.343865981773742,84.688499215666923));
#8923=CARTESIAN_POINT('',(35.537900249501327,-13.248314298264596,84.688499215666894));
#8924=CARTESIAN_POINT('',(33.577298782278227,-17.491548803267488,84.688499215666894));
#8925=CARTESIAN_POINT('',(30.621104641246287,-22.253548729989646,84.68849921566688));
#8926=CARTESIAN_POINT('',(27.197710742395902,-26.257342664345877,84.688499215666852));
#8927=CARTESIAN_POINT('',(23.759592238261135,-29.33823262304232,84.688499215666852));
#8928=CARTESIAN_POINT('',(20.157753750564229,-32.05212755797983,84.68849921566688));
#8929=CARTESIAN_POINT('',(15.999944904778737,-34.40967178565473,84.68849921566688));
#8930=CARTESIAN_POINT('',(11.759738496296968,-36.134962532710794,84.688499215666894));
#8931=CARTESIAN_POINT('',(8.537205414484285,-37.100207499015795,84.688499215666923));
#8932=CARTESIAN_POINT('',(6.186176655862764,-37.615870220253861,84.688499215666894));
#8933=CARTESIAN_POINT('',(5.365263288191428,-37.755454509897262,84.688499215666894));
#8934=CARTESIAN_POINT('',(5.17774788990063,-37.787398987141863,84.688499215666894));
#8935=CARTESIAN_POINT('',(37.857598979834222,-2.922707445086605,101.80499650375735));
#8936=CARTESIAN_POINT('',(37.86236691030129,-3.109602401287281,101.80499650375735));
#8937=CARTESIAN_POINT('',(37.883682387069449,-3.927692095098607,101.80499650375738));
#8938=CARTESIAN_POINT('',(37.815464451113719,-6.313049711010585,101.80499650375737));
#8939=CARTESIAN_POINT('',(37.42622522104493,-9.668572145668991,101.80499650375738));
#8940=CARTESIAN_POINT('',(36.474646390817519,-13.756849181826352,101.80499650375734));
#8941=CARTESIAN_POINT('',(34.753797960076859,-18.27211637333027,101.80499650375737));
#8942=CARTESIAN_POINT('',(31.875993755624403,-23.368028610605045,101.80499650375731));
#8943=CARTESIAN_POINT('',(28.301892414183595,-27.596836978735734,101.80499650375728));
#8944=CARTESIAN_POINT('',(24.621925379667303,-30.72728147082325,101.80499650375728));
#8945=CARTESIAN_POINT('',(20.744209470929267,-33.382998132772293,101.80499650375731));
#8946=CARTESIAN_POINT('',(16.282573327512413,-35.489478367830195,101.80499650375734));
#8947=CARTESIAN_POINT('',(11.828761393911124,-36.800796578012601,101.80499650375737));
#8948=CARTESIAN_POINT('',(8.518135582319244,-37.383591727423912,101.80499650375735));
#8949=CARTESIAN_POINT('',(6.154279849778278,-37.590814755409035,101.80499650375738));
#8950=CARTESIAN_POINT('',(5.341149907211796,-37.618084490673674,101.80499650375735));
#8951=CARTESIAN_POINT('',(5.155410791539524,-37.624382002550412,101.80499650375735));
#8952=CARTESIAN_POINT('',(36.392468746686994,-4.784276241687523,114.0950034962428));
#8953=CARTESIAN_POINT('',(36.584251176926045,-4.956468282090597,114.0950034962428));
#8954=CARTESIAN_POINT('',(37.424914739372504,-5.709587153893976,114.09500349624281));
#8955=CARTESIAN_POINT('',(39.598367009661544,-8.174887820581464,114.09500349624282));
#8956=CARTESIAN_POINT('',(41.975314751717775,-12.163867880546535,114.09500349624282));
#8957=CARTESIAN_POINT('',(43.673335270168216,-17.664828355259818,114.09500349624281));
#8958=CARTESIAN_POINT('',(43.79493640115362,-24.270607147252679,114.09500349624281));
#8959=CARTESIAN_POINT('',(41.519541686122459,-31.932562339640125,114.09500349624278));
#8960=CARTESIAN_POINT('',(36.787286664446867,-37.890557336529859,114.09500349624273));
#8961=CARTESIAN_POINT('',(31.248766656658074,-41.401817561621179,114.09500349624273));
#8962=CARTESIAN_POINT('',(25.250993204771589,-43.610446940997001,114.09500349624274));
#8963=CARTESIAN_POINT('',(18.454510839699772,-43.787555394370415,114.09500349624274));
#8964=CARTESIAN_POINT('',(12.359187240957985,-41.917585349271853,114.09500349624278));
#8965=CARTESIAN_POINT('',(8.371588099834156,-39.561337440641964,114.09500349624278));
#8966=CARTESIAN_POINT('',(5.909159882777809,-37.39826899707591,114.0950034962428));
#8967=CARTESIAN_POINT('',(5.15584385699663,-36.562425987131341,114.0950034962428));
#8968=CARTESIAN_POINT('',(4.983755084110487,-36.371632188737692,114.0950034962428));
#8969=CARTESIAN_POINT('',(36.201815265833929,-5.026517213097286,131.21150078433325));
#8970=CARTESIAN_POINT('',(36.417933393026644,-5.19679600236945,131.21150078433325));
#8971=CARTESIAN_POINT('',(37.365216531692816,-5.941460394776073,131.21150078433328));
#8972=CARTESIAN_POINT('',(39.830371353793296,-8.417163836968127,131.21150078433328));
#8973=CARTESIAN_POINT('',(42.567275612338264,-12.488574044441783,131.21150078433328));
#8974=CARTESIAN_POINT('',(44.610081411484401,-18.17336323882158,131.21150078433323));
#8975=CARTESIAN_POINT('',(44.971435578952239,-25.051174717315455,131.21150078433325));
#8976=CARTESIAN_POINT('',(42.774430800500561,-33.04704222025552,131.2115007843332));
#8977=CARTESIAN_POINT('',(37.891468336234539,-39.230051650919712,131.21150078433314));
#8978=CARTESIAN_POINT('',(32.111099798064224,-42.790866409402106,131.21150078433314));
#8979=CARTESIAN_POINT('',(25.83744892513662,-44.941317515789464,131.2115007843332));
#8980=CARTESIAN_POINT('',(18.737139262433445,-44.867361976545872,131.21150078433323));
#8981=CARTESIAN_POINT('',(12.428210138572149,-42.583419394573653,131.21150078433323));
#8982=CARTESIAN_POINT('',(8.352518267669119,-39.844721669050067,131.21150078433328));
#8983=CARTESIAN_POINT('',(5.877263076693322,-37.373213532231077,131.21150078433325));
#8984=CARTESIAN_POINT('',(5.131730476016999,-36.425055967907738,131.21150078433325));
#8985=CARTESIAN_POINT('',(4.96141798574938,-36.208615204146227,131.21150078433325));
#8986=CARTESIAN_POINT('',(36.248725405837114,-4.966914011348779,135.46666666666678));
#8987=CARTESIAN_POINT('',(36.458855753808265,-5.137663554566848,135.46666666666678));
#8988=CARTESIAN_POINT('',(37.379905229049207,-5.884408165023418,135.46666666666684));
#8989=CARTESIAN_POINT('',(39.773286866188499,-8.35755201243043,135.46666666666681));
#8990=CARTESIAN_POINT('',(42.421624105091375,-12.408680346513632,135.46666666666684));
#8991=CARTESIAN_POINT('',(44.379595755308756,-18.048238628047894,135.46666666666678));
#8992=CARTESIAN_POINT('',(44.6819588754731,-24.859116676571826,135.46666666666681));
#8993=CARTESIAN_POINT('',(42.465666314373394,-32.772825316391604,135.46666666666675));
#8994=CARTESIAN_POINT('',(37.619785298606544,-38.900470121433088,135.4666666666667));
#8995=CARTESIAN_POINT('',(31.898923402376347,-42.449092025692387,135.46666666666673));
#8996=CARTESIAN_POINT('',(25.693151953348334,-44.613857850692909,135.46666666666678));
#8997=CARTESIAN_POINT('',(18.667598759842075,-44.60167641067229,135.46666666666678));
#8998=CARTESIAN_POINT('',(12.411227108542901,-42.419591447954268,135.46666666666678));
#8999=CARTESIAN_POINT('',(8.357210384973749,-39.774995201063021,135.46666666666684));
#9000=CARTESIAN_POINT('',(5.885111260908903,-37.379378409779903,135.46666666666681));
#9001=CARTESIAN_POINT('',(5.137663554566856,-36.458855753808251,135.46666666666678));
#9002=CARTESIAN_POINT('',(4.966914011348787,-36.248725405837106,135.46666666666678));
#9003=CARTESIAN_POINT('',(36.248725405837121,-4.966914011348778,148.1666666666668));
#9004=CARTESIAN_POINT('',(36.458855753808265,-5.137663554566848,148.1666666666668));
#9005=CARTESIAN_POINT('',(37.379905229049221,-5.88440816502342,148.16666666666683));
#9006=CARTESIAN_POINT('',(39.773286866188499,-8.357552012430441,148.16666666666683));
#9007=CARTESIAN_POINT('',(42.421624105091375,-12.408680346513652,148.16666666666683));
#9008=CARTESIAN_POINT('',(44.379595755308756,-18.048238628047898,148.1666666666668));
#9009=CARTESIAN_POINT('',(44.681958875473086,-24.85911667657183,148.1666666666668));
#9010=CARTESIAN_POINT('',(42.465666314373387,-32.772825316391604,148.16666666666677));
#9011=CARTESIAN_POINT('',(37.61978529860653,-38.900470121433074,148.16666666666669));
#9012=CARTESIAN_POINT('',(31.898923402376337,-42.44909202569238,148.16666666666671));
#9013=CARTESIAN_POINT('',(25.693151953348323,-44.613857850692895,148.16666666666677));
#9014=CARTESIAN_POINT('',(18.667598759842072,-44.60167641067229,148.16666666666674));
#9015=CARTESIAN_POINT('',(12.411227108542928,-42.419591447954261,148.1666666666668));
#9016=CARTESIAN_POINT('',(8.357210384973756,-39.774995201063021,148.16666666666677));
#9017=CARTESIAN_POINT('',(5.88511126090892,-37.379378409779903,148.16666666666683));
#9018=CARTESIAN_POINT('',(5.137663554566856,-36.458855753808244,148.1666666666668));
#9019=CARTESIAN_POINT('',(4.966914011348788,-36.248725405837099,148.1666666666668));
#9020=CARTESIAN_POINT('',(36.248725405837099,-4.966914011348775,156.63333333333335));
#9021=CARTESIAN_POINT('',(36.458855753808244,-5.137663554566845,156.63333333333335));
#9022=CARTESIAN_POINT('',(37.379905229049186,-5.884408165023414,156.63333333333338));
#9023=CARTESIAN_POINT('',(39.773286866188478,-8.357552012430423,156.63333333333338));
#9024=CARTESIAN_POINT('',(42.421624105091347,-12.408680346513618,156.63333333333341));
#9025=CARTESIAN_POINT('',(44.379595755308742,-18.048238628047887,156.63333333333333));
#9026=CARTESIAN_POINT('',(44.681958875473086,-24.859116676571805,156.63333333333333));
#9027=CARTESIAN_POINT('',(42.465666314373387,-32.772825316391597,156.6333333333333));
#9028=CARTESIAN_POINT('',(37.619785298606523,-38.900470121433074,156.63333333333324));
#9029=CARTESIAN_POINT('',(31.898923402376337,-42.449092025692366,156.63333333333324));
#9030=CARTESIAN_POINT('',(25.69315195334832,-44.613857850692888,156.63333333333333));
#9031=CARTESIAN_POINT('',(18.667598759842072,-44.601676410672269,156.63333333333333));
#9032=CARTESIAN_POINT('',(12.411227108542892,-42.419591447954247,156.63333333333333));
#9033=CARTESIAN_POINT('',(8.357210384973744,-39.774995201063007,156.63333333333335));
#9034=CARTESIAN_POINT('',(5.8851112609089,-37.379378409779882,156.63333333333338));
#9035=CARTESIAN_POINT('',(5.137663554566857,-36.45885575380823,156.63333333333335));
#9036=CARTESIAN_POINT('',(4.966914011348788,-36.248725405837085,156.63333333333335));
#9037=CARTESIAN_POINT('',(36.248725405837099,-4.966914011348775,165.10000000000002));
#9038=CARTESIAN_POINT('',(36.458855753808251,-5.137663554566845,165.10000000000002));
#9039=CARTESIAN_POINT('',(37.3799052290492,-5.884408165023414,165.10000000000005));
#9040=CARTESIAN_POINT('',(39.773286866188485,-8.357552012430425,165.10000000000002));
#9041=CARTESIAN_POINT('',(42.421624105091354,-12.408680346513625,165.10000000000005));
#9042=CARTESIAN_POINT('',(44.379595755308749,-18.048238628047887,165.09999999999997));
#9043=CARTESIAN_POINT('',(44.681958875473086,-24.859116676571805,165.10000000000002));
#9044=CARTESIAN_POINT('',(42.465666314373387,-32.772825316391589,165.09999999999994));
#9045=CARTESIAN_POINT('',(37.61978529860653,-38.900470121433059,165.09999999999988));
#9046=CARTESIAN_POINT('',(31.898923402376337,-42.449092025692359,165.09999999999991));
#9047=CARTESIAN_POINT('',(25.693151953348323,-44.613857850692881,165.09999999999997));
#9048=CARTESIAN_POINT('',(18.667598759842072,-44.601676410672269,165.09999999999997));
#9049=CARTESIAN_POINT('',(12.411227108542914,-42.41959144795424,165.10000000000002));
#9050=CARTESIAN_POINT('',(8.357210384973753,-39.774995201063,165.10000000000005));
#9051=CARTESIAN_POINT('',(5.885111260908913,-37.379378409779882,165.10000000000005));
#9052=CARTESIAN_POINT('',(5.137663554566862,-36.45885575380823,165.10000000000002));
#9053=CARTESIAN_POINT('',(4.966914011348793,-36.248725405837085,165.10000000000002));
#9054=B_SPLINE_SURFACE_WITH_KNOTS('',3,3,((#8850,#8867,#8884,#8901,#8918,#8935,#8952,#8969,#8986,#9003,#9020,#9037),(#8851,#8868,#8885,#8902,#8919,#8936,#8953,#8970,#8987,#9004,#9021,#9038),(#8852,#8869,#8886,#8903,#8920,#8937,#8954,#8971,#8988,#9005,#9022,#9039),(#8853,#8870,#8887,#8904,#8921,#8938,#8955,#8972,#8989,#9006,#9023,#9040),(#8854,#8871,#8888,#8905,#8922,#8939,#8956,#8973,#8990,#9007,#9024,#9041),(#8855,#8872,#8889,#8906,#8923,#8940,#8957,#8974,#8991,#9008,#9025,#9042),(#8856,#8873,#8890,#8907,#8924,#8941,#8958,#8975,#8992,#9009,#9026,#9043),(#8857,#8874,#8891,#8908,#8925,#8942,#8959,#8976,#8993,#9010,#9027,#9044),(#8858,#8875,#8892,#8909,#8926,#8943,#8960,#8977,#8994,#9011,#9028,#9045),(#8859,#8876,#8893,#8910,#8927,#8944,#8961,#8978,#8995,#9012,#9029,#9046),(#8860,#8877,#8894,#8911,#8928,#8945,#8962,#8979,#8996,#9013,#9030,#9047),(#8861,#8878,#8895,#8912,#8929,#8946,#8963,#8980,#8997,#9014,#9031,#9048),(#8862,#8879,#8896,#8913,#8930,#8947,#8964,#8981,#8998,#9015,#9032,#9049),(#8863,#8880,#8897,#8914,#8931,#8948,#8965,#8982,#8999,#9016,#9033,#9050),(#8864,#8881,#8898,#8915,#8932,#8949,#8966,#8983,#9000,#9017,#9034,#9051),(#8865,#8882,#8899,#8916,#8933,#8950,#8967,#8984,#9001,#9018,#9035,#9052),(#8866,#8883,#8900,#8917,#8934,#8951,#8968,#8985,#9002,#9019,#9036,#9053)),.UNSPECIFIED.,.F.,.F.,.F.,(4,1,1,1,1,1,1,1,1,1,1,1,1,1,4),(4,2,2,2,2,4),(0.0,0.071428571428571,0.142857142857143,0.214285714285714,0.285714285714286,0.357142857142857,0.428571428571429,0.523809523809524,0.571428571428571,0.619047619047619,0.714285714285714,0.785714285714286,0.857142857142857,0.928571428571429,1.0),(0.0,0.459269405843585,0.535814306817516,0.770365297078208,0.846910198052139,1.0),.UNSPECIFIED.);
#9055=ORIENTED_EDGE('',*,*,#8373,.F.);
#9056=ORIENTED_EDGE('',*,*,#8845,.T.);
#9057=ORIENTED_EDGE('',*,*,#8301,.T.);
#9058=CARTESIAN_POINT('',(5.172251864301227,-37.747288785450962,0.0));
#9059=CARTESIAN_POINT('',(5.172251864301227,-37.747288785450962,25.399999999999984));
#9060=CARTESIAN_POINT('',(5.172251864301227,-37.747288785450962,50.799999999999983));
#9061=CARTESIAN_POINT('',(5.172251864301227,-37.747288785450962,80.433333333333337));
#9062=CARTESIAN_POINT('',(5.177747889900635,-37.787398987141827,84.688499215666837));
#9063=CARTESIAN_POINT('',(5.155410791539525,-37.624382002550391,101.80499650375731));
#9064=CARTESIAN_POINT('',(4.983755084110463,-36.371632188737628,114.0950034962427));
#9065=CARTESIAN_POINT('',(4.961417985749353,-36.208615204146184,131.2115007843332));
#9066=CARTESIAN_POINT('',(4.966914011348761,-36.24872540583705,135.4666666666667));
#9067=CARTESIAN_POINT('',(4.966914011348761,-36.24872540583705,148.16666666666669));
#9068=CARTESIAN_POINT('',(4.966914011348761,-36.24872540583705,156.63333333333335));
#9069=CARTESIAN_POINT('',(4.966914011348761,-36.24872540583705,165.10000000000002));
#9070=B_SPLINE_CURVE_WITH_KNOTS('',3,(#9058,#9059,#9060,#9061,#9062,#9063,#9064,#9065,#9066,#9067,#9068,#9069),.UNSPECIFIED.,.F.,.U.,(4,2,2,2,2,4),(0.0,0.459269405843585,0.535814306817516,0.770365297078208,0.846910198052139,1.0),.UNSPECIFIED.);
#9071=EDGE_CURVE('',#8367,#8286,#9070,.T.);
#9072=ORIENTED_EDGE('',*,*,#9071,.F.);
#9073=EDGE_LOOP('',(#9055,#9056,#9057,#9072));
#9074=FACE_OUTER_BOUND('',#9073,.T.);
#9075=ADVANCED_FACE('',(#9074),#9054,.F.);
#9076=CARTESIAN_POINT('',(5.172251864301227,-37.747288785450962,0.0));
#9077=CARTESIAN_POINT('',(4.423938482939836,-37.849825031267905,0.0));
#9078=CARTESIAN_POINT('',(2.921212083055973,-38.010373709647823,0.0));
#9079=CARTESIAN_POINT('',(0.279389333277257,-38.134549677157793,0.0));
#9080=CARTESIAN_POINT('',(-1.610044955111233,-38.082822244274254,0.0));
#9081=CARTESIAN_POINT('',(-2.740069675425318,-38.001342320684074,0.0));
#9082=CARTESIAN_POINT('',(5.172251864301227,-37.747288785450962,25.399999999999984));
#9083=CARTESIAN_POINT('',(4.423938482939836,-37.849825031267905,25.399999999999984));
#9084=CARTESIAN_POINT('',(2.921212083055973,-38.010373709647823,25.399999999999984));
#9085=CARTESIAN_POINT('',(0.279389333277256,-38.134549677157793,25.399999999999977));
#9086=CARTESIAN_POINT('',(-1.610044955111233,-38.082822244274254,25.399999999999984));
#9087=CARTESIAN_POINT('',(-2.740069675425318,-38.001342320684074,25.399999999999984));
#9088=CARTESIAN_POINT('',(5.172251864301229,-37.747288785450976,50.800000000000011));
#9089=CARTESIAN_POINT('',(4.423938482939837,-37.849825031267919,50.800000000000011));
#9090=CARTESIAN_POINT('',(2.921212083055973,-38.010373709647844,50.800000000000018));
#9091=CARTESIAN_POINT('',(0.279389333277261,-38.134549677157807,50.799999999999997));
#9092=CARTESIAN_POINT('',(-1.610044955111234,-38.082822244274269,50.800000000000011));
#9093=CARTESIAN_POINT('',(-2.740069675425319,-38.001342320684088,50.800000000000011));
#9094=CARTESIAN_POINT('',(5.172251864301229,-37.747288785450991,80.43333333333338));
#9095=CARTESIAN_POINT('',(4.423938482939839,-37.849825031267926,80.43333333333338));
#9096=CARTESIAN_POINT('',(2.921212083055973,-38.010373709647844,80.433333333333394));
#9097=CARTESIAN_POINT('',(0.279389333277258,-38.134549677157821,80.433333333333366));
#9098=CARTESIAN_POINT('',(-1.610044955111234,-38.082822244274269,80.43333333333338));
#9099=CARTESIAN_POINT('',(-2.74006967542532,-38.001342320684088,80.43333333333338));
#9100=CARTESIAN_POINT('',(5.177747889900638,-37.787398987141856,84.68849921566688));
#9101=CARTESIAN_POINT('',(4.427686296737451,-37.915176896120258,84.68849921566688));
#9102=CARTESIAN_POINT('',(2.932883460158219,-38.115387333739633,84.688499215666894));
#9103=CARTESIAN_POINT('',(0.324403662711761,-38.256338701632984,84.688499215666852));
#9104=CARTESIAN_POINT('',(-1.547617229687289,-38.165659059606867,84.68849921566688));
#9105=CARTESIAN_POINT('',(-2.680466473676812,-38.04825246068728,84.68849921566688));
#9106=CARTESIAN_POINT('',(5.155410791539527,-37.624382002550412,101.80499650375735));
#9107=CARTESIAN_POINT('',(4.412454328850437,-37.649572050057351,101.80499650375735));
#9108=CARTESIAN_POINT('',(2.885448328420378,-37.688588075226804,101.80499650375738));
#9109=CARTESIAN_POINT('',(0.141455187299603,-37.761360399621701,101.80499650375734));
#9110=CARTESIAN_POINT('',(-1.801337707882524,-37.828991397031814,101.80499650375735));
#9111=CARTESIAN_POINT('',(-2.922707445086577,-37.857598979834208,101.80499650375735));
#9112=CARTESIAN_POINT('',(4.983755084110465,-36.371632188737649,114.09500349624275));
#9113=CARTESIAN_POINT('',(4.295399992565888,-35.608456995163053,114.09500349624275));
#9114=CARTESIAN_POINT('',(2.520919732816122,-34.40872927414928,114.09500349624278));
#9115=CARTESIAN_POINT('',(-1.264463767000177,-33.957560585510087,114.09500349624273));
#9116=CARTESIAN_POINT('',(-3.751123999269048,-35.241774165252636,114.09500349624275));
#9117=CARTESIAN_POINT('',(-4.784276241687494,-36.392468746686944,114.09500349624275));
#9118=CARTESIAN_POINT('',(4.961417985749356,-36.208615204146206,131.21150078433323));
#9119=CARTESIAN_POINT('',(4.280168024678876,-35.342852149100146,131.21150078433323));
#9120=CARTESIAN_POINT('',(2.473484601078281,-33.981930015636458,131.21150078433323));
#9121=CARTESIAN_POINT('',(-1.447412242412333,-33.462582283498811,131.21150078433323));
#9122=CARTESIAN_POINT('',(-4.004844477464282,-34.90510650267759,131.21150078433323));
#9123=CARTESIAN_POINT('',(-5.02651721309726,-36.201815265833879,131.21150078433323));
#9124=CARTESIAN_POINT('',(4.966914011348765,-36.248725405837064,135.46666666666675));
#9125=CARTESIAN_POINT('',(4.283915838476487,-35.408204013952478,135.46666666666675));
#9126=CARTESIAN_POINT('',(2.485155978180531,-34.086943639728247,135.46666666666678));
#9127=CARTESIAN_POINT('',(-1.402397912977836,-33.584371307973981,135.46666666666673));
#9128=CARTESIAN_POINT('',(-3.942416752040336,-34.987943318010181,135.46666666666675));
#9129=CARTESIAN_POINT('',(-4.966914011348751,-36.248725405837071,135.46666666666675));
#9130=CARTESIAN_POINT('',(4.966914011348763,-36.248725405837064,148.16666666666671));
#9131=CARTESIAN_POINT('',(4.283915838476487,-35.408204013952471,148.16666666666671));
#9132=CARTESIAN_POINT('',(2.48515597818052,-34.086943639728247,148.16666666666674));
#9133=CARTESIAN_POINT('',(-1.402397912977829,-33.584371307973981,148.16666666666669));
#9134=CARTESIAN_POINT('',(-3.942416752040337,-34.987943318010181,148.16666666666671));
#9135=CARTESIAN_POINT('',(-4.96691401134875,-36.248725405837064,148.16666666666671));
#9136=CARTESIAN_POINT('',(4.966914011348761,-36.24872540583705,156.63333333333335));
#9137=CARTESIAN_POINT('',(4.283915838476483,-35.408204013952464,156.63333333333335));
#9138=CARTESIAN_POINT('',(2.485155978180531,-34.086943639728233,156.63333333333335));
#9139=CARTESIAN_POINT('',(-1.402397912977834,-33.584371307973967,156.63333333333335));
#9140=CARTESIAN_POINT('',(-3.942416752040334,-34.987943318010167,156.63333333333335));
#9141=CARTESIAN_POINT('',(-4.96691401134875,-36.248725405837057,156.63333333333335));
#9142=CARTESIAN_POINT('',(4.966914011348761,-36.24872540583705,165.10000000000002));
#9143=CARTESIAN_POINT('',(4.283915838476484,-35.408204013952464,165.10000000000002));
#9144=CARTESIAN_POINT('',(2.485155978180526,-34.086943639728233,165.10000000000005));
#9145=CARTESIAN_POINT('',(-1.402397912977834,-33.584371307973967,165.09999999999994));
#9146=CARTESIAN_POINT('',(-3.942416752040334,-34.987943318010167,165.10000000000002));
#9147=CARTESIAN_POINT('',(-4.96691401134875,-36.248725405837057,165.10000000000002));
#9148=B_SPLINE_SURFACE_WITH_KNOTS('',3,3,((#9076,#9082,#9088,#9094,#9100,#9106,#9112,#9118,#9124,#9130,#9136,#9142),(#9077,#9083,#9089,#9095,#9101,#9107,#9113,#9119,#9125,#9131,#9137,#9143),(#9078,#9084,#9090,#9096,#9102,#9108,#9114,#9120,#9126,#9132,#9138,#9144),(#9079,#9085,#9091,#9097,#9103,#9109,#9115,#9121,#9127,#9133,#9139,#9145),(#9080,#9086,#9092,#9098,#9104,#9110,#9116,#9122,#9128,#9134,#9140,#9146),(#9081,#9087,#9093,#9099,#9105,#9111,#9117,#9123,#9129,#9135,#9141,#9147)),.UNSPECIFIED.,.F.,.F.,.F.,(4,1,1,4),(4,2,2,2,2,4),(0.0,0.285714285714286,0.571428571428571,1.0),(0.0,0.459269405843585,0.535814306817516,0.770365297078208,0.846910198052139,1.0),.UNSPECIFIED.);
#9149=ORIENTED_EDGE('',*,*,#8382,.F.);
#9150=ORIENTED_EDGE('',*,*,#9071,.T.);
#9151=ORIENTED_EDGE('',*,*,#8292,.T.);
#9152=CARTESIAN_POINT('',(-2.740069675425318,-38.001342320684074,0.0));
#9153=CARTESIAN_POINT('',(-2.740069675425318,-38.001342320684074,25.399999999999984));
#9154=CARTESIAN_POINT('',(-2.740069675425318,-38.001342320684074,50.799999999999983));
#9155=CARTESIAN_POINT('',(-2.740069675425318,-38.001342320684074,80.433333333333337));
#9156=CARTESIAN_POINT('',(-2.680466473676809,-38.048252460687266,84.688499215666837));
#9157=CARTESIAN_POINT('',(-2.922707445086577,-37.857598979834201,101.80499650375731));
#9158=CARTESIAN_POINT('',(-4.784276241687516,-36.392468746686937,114.0950034962427));
#9159=CARTESIAN_POINT('',(-5.026517213097285,-36.201815265833872,131.2115007843332));
#9160=CARTESIAN_POINT('',(-4.966914011348776,-36.248725405837064,135.4666666666667));
#9161=CARTESIAN_POINT('',(-4.966914011348774,-36.248725405837064,148.16666666666669));
#9162=CARTESIAN_POINT('',(-4.966914011348767,-36.248725405837064,156.63333333333335));
#9163=CARTESIAN_POINT('',(-4.966914011348758,-36.248725405837064,165.10000000000002));
#9164=B_SPLINE_CURVE_WITH_KNOTS('',3,(#9152,#9153,#9154,#9155,#9156,#9157,#9158,#9159,#9160,#9161,#9162,#9163),.UNSPECIFIED.,.F.,.U.,(4,2,2,2,2,4),(0.0,0.459269405843585,0.535814306817516,0.770365297078208,0.846910198052139,1.0),.UNSPECIFIED.);
#9165=EDGE_CURVE('',#8376,#8277,#9164,.T.);
#9166=ORIENTED_EDGE('',*,*,#9165,.F.);
#9167=EDGE_LOOP('',(#9149,#9150,#9151,#9166));
#9168=FACE_OUTER_BOUND('',#9167,.T.);
#9169=ADVANCED_FACE('',(#9168),#9148,.F.);
#9170=CARTESIAN_POINT('',(-2.740069675425318,-38.001342320684074,0.0));
#9171=CARTESIAN_POINT('',(-2.928407128810999,-37.987762333419049,0.0));
#9172=CARTESIAN_POINT('',(-3.752871083969127,-37.928691897392703,0.0));
#9173=CARTESIAN_POINT('',(-6.130385519161576,-37.6405445945867,0.0));
#9174=CARTESIAN_POINT('',(-9.423759679701846,-36.979915867671274,0.0));
#9175=CARTESIAN_POINT('',(-13.373438909038232,-35.768385905676922,0.0));
#9176=CARTESIAN_POINT('',(-17.683606844011081,-33.866775485757344,0.0));
#9177=CARTESIAN_POINT('',(-22.527765633853512,-30.929869127373454,0.0));
#9178=CARTESIAN_POINT('',(-26.586924193832473,-27.469393780023918,0.0));
#9179=CARTESIAN_POINT('',(-29.680007006752014,-23.971768633949026,0.0));
#9180=CARTESIAN_POINT('',(-32.379587223076356,-20.302050722352529,0.0));
#9181=CARTESIAN_POINT('',(-34.675357351528284,-16.069485407370124,0.0));
#9182=CARTESIAN_POINT('',(-36.298790479330137,-11.776721526326217,0.0));
#9183=CARTESIAN_POINT('',(-37.169933967002812,-8.532513297179674,0.0));
#9184=CARTESIAN_POINT('',(-37.609705342705006,-6.178328471647209,0.0));
#9185=CARTESIAN_POINT('',(-37.721654723996728,-5.35933020964161,0.0));
#9186=CARTESIAN_POINT('',(-37.747288785450962,-5.172251864301263,0.0));
#9187=CARTESIAN_POINT('',(-2.740069675425318,-38.001342320684074,25.399999999999984));
#9188=CARTESIAN_POINT('',(-2.928407128810999,-37.987762333419049,25.399999999999984));
#9189=CARTESIAN_POINT('',(-3.752871083969129,-37.928691897392703,25.399999999999984));
#9190=CARTESIAN_POINT('',(-6.130385519161584,-37.6405445945867,25.39999999999997));
#9191=CARTESIAN_POINT('',(-9.423759679701851,-36.979915867671266,25.39999999999997));
#9192=CARTESIAN_POINT('',(-13.373438909038239,-35.768385905676922,25.399999999999963));
#9193=CARTESIAN_POINT('',(-17.683606844011081,-33.866775485757337,25.39999999999997));
#9194=CARTESIAN_POINT('',(-22.527765633853516,-30.929869127373443,25.39999999999997));
#9195=CARTESIAN_POINT('',(-26.586924193832481,-27.469393780023918,25.399999999999963));
#9196=CARTESIAN_POINT('',(-29.680007006752014,-23.971768633949019,25.39999999999997));
#9197=CARTESIAN_POINT('',(-32.379587223076356,-20.302050722352519,25.399999999999974));
#9198=CARTESIAN_POINT('',(-34.675357351528284,-16.06948540737012,25.399999999999984));
#9199=CARTESIAN_POINT('',(-36.298790479330137,-11.776721526326209,25.399999999999974));
#9200=CARTESIAN_POINT('',(-37.169933967002812,-8.532513297179673,25.399999999999984));
#9201=CARTESIAN_POINT('',(-37.609705342705006,-6.178328471647207,25.399999999999984));
#9202=CARTESIAN_POINT('',(-37.721654723996728,-5.359330209641607,25.399999999999984));
#9203=CARTESIAN_POINT('',(-37.747288785450962,-5.172251864301263,25.399999999999984));
#9204=CARTESIAN_POINT('',(-2.740069675425316,-38.001342320684039,50.799999999999969));
#9205=CARTESIAN_POINT('',(-2.928407128810997,-37.987762333419013,50.799999999999969));
#9206=CARTESIAN_POINT('',(-3.752871083969123,-37.928691897392682,50.799999999999969));
#9207=CARTESIAN_POINT('',(-6.130385519161563,-37.640544594586672,50.79999999999994));
#9208=CARTESIAN_POINT('',(-9.423759679701842,-36.979915867671252,50.79999999999994));
#9209=CARTESIAN_POINT('',(-13.373438909038224,-35.768385905676901,50.799999999999926));
#9210=CARTESIAN_POINT('',(-17.683606844011081,-33.866775485757316,50.79999999999994));
#9211=CARTESIAN_POINT('',(-22.527765633853512,-30.929869127373422,50.79999999999994));
#9212=CARTESIAN_POINT('',(-26.586924193832473,-27.469393780023896,50.799999999999926));
#9213=CARTESIAN_POINT('',(-29.68000700675201,-23.971768633949004,50.79999999999994));
#9214=CARTESIAN_POINT('',(-32.379587223076356,-20.302050722352508,50.799999999999947));
#9215=CARTESIAN_POINT('',(-34.675357351528277,-16.069485407370102,50.799999999999969));
#9216=CARTESIAN_POINT('',(-36.29879047933013,-11.776721526326199,50.799999999999947));
#9217=CARTESIAN_POINT('',(-37.169933967002791,-8.532513297179664,50.799999999999969));
#9218=CARTESIAN_POINT('',(-37.609705342704977,-6.178328471647197,50.799999999999969));
#9219=CARTESIAN_POINT('',(-37.721654723996707,-5.359330209641605,50.799999999999969));
#9220=CARTESIAN_POINT('',(-37.747288785450941,-5.172251864301261,50.799999999999969));
#9221=CARTESIAN_POINT('',(-2.740069675425318,-38.001342320684046,80.433333333333294));
#9222=CARTESIAN_POINT('',(-2.928407128810998,-37.987762333419013,80.433333333333294));
#9223=CARTESIAN_POINT('',(-3.752871083969125,-37.928691897392682,80.43333333333328));
#9224=CARTESIAN_POINT('',(-6.130385519161575,-37.640544594586679,80.433333333333252));
#9225=CARTESIAN_POINT('',(-9.42375967970184,-36.979915867671245,80.433333333333252));
#9226=CARTESIAN_POINT('',(-13.373438909038224,-35.768385905676901,80.433333333333223));
#9227=CARTESIAN_POINT('',(-17.68360684401107,-33.866775485757323,80.433333333333238));
#9228=CARTESIAN_POINT('',(-22.527765633853502,-30.929869127373433,80.433333333333238));
#9229=CARTESIAN_POINT('',(-26.586924193832466,-27.469393780023911,80.433333333333223));
#9230=CARTESIAN_POINT('',(-29.680007006752007,-23.971768633949011,80.433333333333238));
#9231=CARTESIAN_POINT('',(-32.379587223076342,-20.302050722352515,80.433333333333252));
#9232=CARTESIAN_POINT('',(-34.675357351528277,-16.069485407370113,80.43333333333328));
#9233=CARTESIAN_POINT('',(-36.298790479330123,-11.776721526326204,80.43333333333328));
#9234=CARTESIAN_POINT('',(-37.169933967002784,-8.532513297179667,80.433333333333309));
#9235=CARTESIAN_POINT('',(-37.609705342704977,-6.178328471647204,80.433333333333294));
#9236=CARTESIAN_POINT('',(-37.7216547239967,-5.359330209641606,80.433333333333294));
#9237=CARTESIAN_POINT('',(-37.747288785450934,-5.172251864301261,80.433333333333294));
#9238=CARTESIAN_POINT('',(-2.680466473676808,-38.048252460687237,84.688499215666809));
#9239=CARTESIAN_POINT('',(-2.869274681008394,-38.028684694200635,84.688499215666809));
#9240=CARTESIAN_POINT('',(-3.69581885421647,-37.943380594749073,84.688499215666795));
#9241=CARTESIAN_POINT('',(-6.070773694623878,-37.583460106981882,84.688499215666781));
#9242=CARTESIAN_POINT('',(-9.343865981773694,-36.834264360424363,84.688499215666781));
#9243=CARTESIAN_POINT('',(-13.248314298264541,-35.537900249501263,84.688499215666752));
#9244=CARTESIAN_POINT('',(-17.491548803267435,-33.577298782278177,84.688499215666752));
#9245=CARTESIAN_POINT('',(-22.253548729989589,-30.621104641246259,84.688499215666752));
#9246=CARTESIAN_POINT('',(-26.257342664345828,-27.197710742395891,84.688499215666752));
#9247=CARTESIAN_POINT('',(-29.338232623042266,-23.759592238261135,84.688499215666781));
#9248=CARTESIAN_POINT('',(-32.052127557979773,-20.157753750564218,84.688499215666795));
#9249=CARTESIAN_POINT('',(-34.40967178565468,-15.999944904778738,84.688499215666809));
#9250=CARTESIAN_POINT('',(-36.134962532710738,-11.759738496296976,84.688499215666795));
#9251=CARTESIAN_POINT('',(-37.100207499015745,-8.537205414484303,84.688499215666809));
#9252=CARTESIAN_POINT('',(-37.615870220253804,-6.186176655862794,84.688499215666809));
#9253=CARTESIAN_POINT('',(-37.755454509897206,-5.365263288191466,84.688499215666809));
#9254=CARTESIAN_POINT('',(-37.787398987141806,-5.177747889900671,84.688499215666809));
#9255=CARTESIAN_POINT('',(-2.922707445086577,-37.857598979834179,101.80499650375729));
#9256=CARTESIAN_POINT('',(-3.109602401287254,-37.862366910301247,101.80499650375729));
#9257=CARTESIAN_POINT('',(-3.927692095098571,-37.883682387069399,101.80499650375729));
#9258=CARTESIAN_POINT('',(-6.313049711010546,-37.815464451113655,101.80499650375724));
#9259=CARTESIAN_POINT('',(-9.668572145668948,-37.426225221044866,101.80499650375728));
#9260=CARTESIAN_POINT('',(-13.756849181826304,-36.474646390817476,101.80499650375724));
#9261=CARTESIAN_POINT('',(-18.272116373330221,-34.753797960076817,101.80499650375725));
#9262=CARTESIAN_POINT('',(-23.368028610604998,-31.875993755624386,101.80499650375725));
#9263=CARTESIAN_POINT('',(-27.596836978735695,-28.301892414183584,101.80499650375724));
#9264=CARTESIAN_POINT('',(-30.727281470823211,-24.621925379667296,101.80499650375724));
#9265=CARTESIAN_POINT('',(-33.382998132772251,-20.744209470929281,101.80499650375728));
#9266=CARTESIAN_POINT('',(-35.489478367830152,-16.282573327512427,101.80499650375729));
#9267=CARTESIAN_POINT('',(-36.800796578012552,-11.828761393911137,101.80499650375728));
#9268=CARTESIAN_POINT('',(-37.383591727423862,-8.518135582319271,101.80499650375728));
#9269=CARTESIAN_POINT('',(-37.590814755408992,-6.154279849778304,101.80499650375729));
#9270=CARTESIAN_POINT('',(-37.618084490673638,-5.341149907211829,101.80499650375729));
#9271=CARTESIAN_POINT('',(-37.624382002550377,-5.155410791539556,101.80499650375729));
#9272=CARTESIAN_POINT('',(-4.784276241687519,-36.392468746686951,114.09500349624278));
#9273=CARTESIAN_POINT('',(-4.956468282090593,-36.584251176926003,114.09500349624278));
#9274=CARTESIAN_POINT('',(-5.709587153893967,-37.424914739372447,114.09500349624274));
#9275=CARTESIAN_POINT('',(-8.174887820581448,-39.598367009661473,114.09500349624275));
#9276=CARTESIAN_POINT('',(-12.163867880546512,-41.975314751717704,114.09500349624274));
#9277=CARTESIAN_POINT('',(-17.664828355259797,-43.673335270168153,114.09500349624273));
#9278=CARTESIAN_POINT('',(-24.270607147252651,-43.794936401153564,114.09500349624273));
#9279=CARTESIAN_POINT('',(-31.9325623396401,-41.519541686122423,114.09500349624273));
#9280=CARTESIAN_POINT('',(-37.890557336529859,-36.787286664446846,114.09500349624273));
#9281=CARTESIAN_POINT('',(-41.401817561621179,-31.248766656658059,114.09500349624273));
#9282=CARTESIAN_POINT('',(-43.610446940997001,-25.250993204771554,114.09500349624274));
#9283=CARTESIAN_POINT('',(-43.787555394370408,-18.454510839699743,114.09500349624278));
#9284=CARTESIAN_POINT('',(-41.917585349271825,-12.359187240957963,114.09500349624274));
#9285=CARTESIAN_POINT('',(-39.561337440641935,-8.371588099834126,114.0950034962428));
#9286=CARTESIAN_POINT('',(-37.398268997075867,-5.909159882777785,114.09500349624275));
#9287=CARTESIAN_POINT('',(-36.562425987131284,-5.155843856996608,114.09500349624278));
#9288=CARTESIAN_POINT('',(-36.371632188737635,-4.983755084110465,114.09500349624278));
#9289=CARTESIAN_POINT('',(-5.026517213097286,-36.201815265833879,131.21150078433323));
#9290=CARTESIAN_POINT('',(-5.19679600236945,-36.417933393026594,131.21150078433323));
#9291=CARTESIAN_POINT('',(-5.941460394776065,-37.365216531692752,131.21150078433323));
#9292=CARTESIAN_POINT('',(-8.417163836968113,-39.830371353793225,131.2115007843332));
#9293=CARTESIAN_POINT('',(-12.488574044441762,-42.5672756123382,131.2115007843332));
#9294=CARTESIAN_POINT('',(-18.173363238821558,-44.610081411484337,131.21150078433314));
#9295=CARTESIAN_POINT('',(-25.051174717315433,-44.971435578952203,131.2115007843332));
#9296=CARTESIAN_POINT('',(-33.047042220255506,-42.774430800500525,131.21150078433317));
#9297=CARTESIAN_POINT('',(-39.230051650919705,-37.891468336234531,131.21150078433317));
#9298=CARTESIAN_POINT('',(-42.790866409402106,-32.111099798064203,131.21150078433317));
#9299=CARTESIAN_POINT('',(-44.94131751578945,-25.837448925136602,131.2115007843332));
#9300=CARTESIAN_POINT('',(-44.867361976545865,-18.737139262433423,131.21150078433323));
#9301=CARTESIAN_POINT('',(-42.583419394573625,-12.428210138572114,131.21150078433323));
#9302=CARTESIAN_POINT('',(-39.844721669050031,-8.352518267669089,131.21150078433323));
#9303=CARTESIAN_POINT('',(-37.373213532231034,-5.877263076693291,131.21150078433323));
#9304=CARTESIAN_POINT('',(-36.425055967907696,-5.131730476016969,131.21150078433323));
#9305=CARTESIAN_POINT('',(-36.208615204146184,-4.961417985749349,131.21150078433323));
#9306=CARTESIAN_POINT('',(-4.966914011348777,-36.248725405837071,135.46666666666675));
#9307=CARTESIAN_POINT('',(-5.137663554566847,-36.458855753808223,135.46666666666675));
#9308=CARTESIAN_POINT('',(-5.884408165023411,-37.37990522904915,135.46666666666675));
#9309=CARTESIAN_POINT('',(-8.357552012430418,-39.773286866188442,135.46666666666673));
#9310=CARTESIAN_POINT('',(-12.408680346513616,-42.421624105091304,135.46666666666673));
#9311=CARTESIAN_POINT('',(-18.048238628047883,-44.379595755308713,135.4666666666667));
#9312=CARTESIAN_POINT('',(-24.859116676571805,-44.681958875473057,135.46666666666673));
#9313=CARTESIAN_POINT('',(-32.772825316391604,-42.465666314373365,135.4666666666667));
#9314=CARTESIAN_POINT('',(-38.900470121433088,-37.619785298606516,135.46666666666667));
#9315=CARTESIAN_POINT('',(-42.449092025692387,-31.898923402376326,135.4666666666667));
#9316=CARTESIAN_POINT('',(-44.613857850692895,-25.693151953348305,135.46666666666673));
#9317=CARTESIAN_POINT('',(-44.601676410672283,-18.66759875984204,135.46666666666675));
#9318=CARTESIAN_POINT('',(-42.419591447954232,-12.411227108542878,135.46666666666675));
#9319=CARTESIAN_POINT('',(-39.774995201063,-8.357210384973715,135.46666666666675));
#9320=CARTESIAN_POINT('',(-37.379378409779854,-5.88511126090888,135.46666666666678));
#9321=CARTESIAN_POINT('',(-36.458855753808201,-5.137663554566828,135.46666666666675));
#9322=CARTESIAN_POINT('',(-36.24872540583705,-4.966914011348759,135.46666666666675));
#9323=CARTESIAN_POINT('',(-4.966914011348774,-36.248725405837071,148.16666666666671));
#9324=CARTESIAN_POINT('',(-5.137663554566842,-36.458855753808216,148.16666666666671));
#9325=CARTESIAN_POINT('',(-5.884408165023409,-37.37990522904915,148.16666666666669));
#9326=CARTESIAN_POINT('',(-8.357552012430421,-39.773286866188421,148.16666666666666));
#9327=CARTESIAN_POINT('',(-12.408680346513616,-42.421624105091304,148.16666666666666));
#9328=CARTESIAN_POINT('',(-18.04823862804788,-44.379595755308692,148.16666666666666));
#9329=CARTESIAN_POINT('',(-24.859116676571801,-44.681958875473036,148.16666666666666));
#9330=CARTESIAN_POINT('',(-32.772825316391582,-42.465666314373351,148.16666666666666));
#9331=CARTESIAN_POINT('',(-38.900470121433074,-37.619785298606502,148.16666666666663));
#9332=CARTESIAN_POINT('',(-42.44909202569238,-31.898923402376305,148.16666666666666));
#9333=CARTESIAN_POINT('',(-44.613857850692888,-25.693151953348291,148.16666666666669));
#9334=CARTESIAN_POINT('',(-44.601676410672283,-18.667598759842051,148.16666666666669));
#9335=CARTESIAN_POINT('',(-42.419591447954225,-12.411227108542874,148.16666666666669));
#9336=CARTESIAN_POINT('',(-39.774995201062985,-8.357210384973724,148.16666666666671));
#9337=CARTESIAN_POINT('',(-37.379378409779839,-5.885111260908875,148.16666666666669));
#9338=CARTESIAN_POINT('',(-36.458855753808194,-5.137663554566826,148.16666666666671));
#9339=CARTESIAN_POINT('',(-36.248725405837043,-4.966914011348757,148.16666666666671));
#9340=CARTESIAN_POINT('',(-4.966914011348767,-36.248725405837064,156.63333333333335));
#9341=CARTESIAN_POINT('',(-5.137663554566837,-36.458855753808209,156.63333333333335));
#9342=CARTESIAN_POINT('',(-5.8844081650234,-37.379905229049143,156.63333333333333));
#9343=CARTESIAN_POINT('',(-8.357552012430405,-39.773286866188428,156.6333333333333));
#9344=CARTESIAN_POINT('',(-12.408680346513606,-42.421624105091297,156.6333333333333));
#9345=CARTESIAN_POINT('',(-18.048238628047862,-44.379595755308692,156.63333333333324));
#9346=CARTESIAN_POINT('',(-24.859116676571791,-44.681958875473029,156.6333333333333));
#9347=CARTESIAN_POINT('',(-32.772825316391582,-42.465666314373351,156.63333333333327));
#9348=CARTESIAN_POINT('',(-38.900470121433074,-37.619785298606502,156.63333333333324));
#9349=CARTESIAN_POINT('',(-42.449092025692366,-31.898923402376322,156.6333333333333));
#9350=CARTESIAN_POINT('',(-44.613857850692881,-25.693151953348291,156.63333333333333));
#9351=CARTESIAN_POINT('',(-44.601676410672269,-18.667598759842029,156.63333333333338));
#9352=CARTESIAN_POINT('',(-42.419591447954218,-12.411227108542867,156.63333333333333));
#9353=CARTESIAN_POINT('',(-39.774995201062964,-8.357210384973707,156.63333333333338));
#9354=CARTESIAN_POINT('',(-37.379378409779832,-5.885111260908872,156.63333333333333));
#9355=CARTESIAN_POINT('',(-36.45885575380818,-5.137663554566819,156.63333333333335));
#9356=CARTESIAN_POINT('',(-36.248725405837028,-4.96691401134875,156.63333333333335));
#9357=CARTESIAN_POINT('',(-4.966914011348758,-36.248725405837064,165.10000000000002));
#9358=CARTESIAN_POINT('',(-5.137663554566827,-36.458855753808216,165.10000000000002));
#9359=CARTESIAN_POINT('',(-5.88440816502339,-37.379905229049143,165.09999999999997));
#9360=CARTESIAN_POINT('',(-8.3575520124304,-39.773286866188421,165.09999999999994));
#9361=CARTESIAN_POINT('',(-12.408680346513599,-42.421624105091297,165.09999999999997));
#9362=CARTESIAN_POINT('',(-18.048238628047862,-44.379595755308692,165.09999999999994));
#9363=CARTESIAN_POINT('',(-24.859116676571791,-44.681958875473036,165.09999999999994));
#9364=CARTESIAN_POINT('',(-32.772825316391582,-42.465666314373351,165.09999999999994));
#9365=CARTESIAN_POINT('',(-38.900470121433074,-37.619785298606502,165.09999999999991));
#9366=CARTESIAN_POINT('',(-42.44909202569238,-31.898923402376312,165.09999999999994));
#9367=CARTESIAN_POINT('',(-44.613857850692888,-25.693151953348284,165.09999999999997));
#9368=CARTESIAN_POINT('',(-44.601676410672269,-18.667598759842029,165.10000000000002));
#9369=CARTESIAN_POINT('',(-42.419591447954218,-12.411227108542857,165.09999999999997));
#9370=CARTESIAN_POINT('',(-39.774995201062964,-8.357210384973698,165.10000000000002));
#9371=CARTESIAN_POINT('',(-37.379378409779825,-5.885111260908859,165.10000000000002));
#9372=CARTESIAN_POINT('',(-36.458855753808173,-5.137663554566809,165.10000000000002));
#9373=CARTESIAN_POINT('',(-36.248725405837021,-4.96691401134874,165.10000000000002));
#9374=B_SPLINE_SURFACE_WITH_KNOTS('',3,3,((#9170,#9187,#9204,#9221,#9238,#9255,#9272,#9289,#9306,#9323,#9340,#9357),(#9171,#9188,#9205,#9222,#9239,#9256,#9273,#9290,#9307,#9324,#9341,#9358),(#9172,#9189,#9206,#9223,#9240,#9257,#9274,#9291,#9308,#9325,#9342,#9359),(#9173,#9190,#9207,#9224,#9241,#9258,#9275,#9292,#9309,#9326,#9343,#9360),(#9174,#9191,#9208,#9225,#9242,#9259,#9276,#9293,#9310,#9327,#9344,#9361),(#9175,#9192,#9209,#9226,#9243,#9260,#9277,#9294,#9311,#9328,#9345,#9362),(#9176,#9193,#9210,#9227,#9244,#9261,#9278,#9295,#9312,#9329,#9346,#9363),(#9177,#9194,#9211,#9228,#9245,#9262,#9279,#9296,#9313,#9330,#9347,#9364),(#9178,#9195,#9212,#9229,#9246,#9263,#9280,#9297,#9314,#9331,#9348,#9365),(#9179,#9196,#9213,#9230,#9247,#9264,#9281,#9298,#9315,#9332,#9349,#9366),(#9180,#9197,#9214,#9231,#9248,#9265,#9282,#9299,#9316,#9333,#9350,#9367),(#9181,#9198,#9215,#9232,#9249,#9266,#9283,#9300,#9317,#9334,#9351,#9368),(#9182,#9199,#9216,#9233,#9250,#9267,#9284,#9301,#9318,#9335,#9352,#9369),(#9183,#9200,#9217,#9234,#9251,#9268,#9285,#9302,#9319,#9336,#9353,#9370),(#9184,#9201,#9218,#9235,#9252,#9269,#9286,#9303,#9320,#9337,#9354,#9371),(#9185,#9202,#9219,#9236,#9253,#9270,#9287,#9304,#9321,#9338,#9355,#9372),(#9186,#9203,#9220,#9237,#9254,#9271,#9288,#9305,#9322,#9339,#9356,#9373)),.UNSPECIFIED.,.F.,.F.,.F.,(4,1,1,1,1,1,1,1,1,1,1,1,1,1,4),(4,2,2,2,2,4),(0.0,0.071428571428571,0.142857142857143,0.214285714285714,0.285714285714286,0.357142857142857,0.428571428571429,0.523809523809524,0.571428571428571,0.619047619047619,0.714285714285714,0.785714285714286,0.857142857142857,0.928571428571429,1.0),(0.0,0.459269405843585,0.535814306817516,0.770365297078208,0.846910198052139,1.0),.UNSPECIFIED.);
#9375=ORIENTED_EDGE('',*,*,#8391,.F.);
#9376=ORIENTED_EDGE('',*,*,#9165,.T.);
#9377=ORIENTED_EDGE('',*,*,#8283,.T.);
#9378=CARTESIAN_POINT('',(-37.747288785450962,-5.172251864301264,0.0));
#9379=CARTESIAN_POINT('',(-37.747288785450962,-5.172251864301264,25.399999999999984));
#9380=CARTESIAN_POINT('',(-37.747288785450962,-5.172251864301264,50.799999999999983));
#9381=CARTESIAN_POINT('',(-37.747288785450962,-5.172251864301264,80.433333333333337));
#9382=CARTESIAN_POINT('',(-37.787398987141827,-5.177747889900672,84.688499215666837));
#9383=CARTESIAN_POINT('',(-37.624382002550391,-5.15541079153956,101.80499650375731));
#9384=CARTESIAN_POINT('',(-36.371632188737621,-4.983755084110467,114.0950034962427));
#9385=CARTESIAN_POINT('',(-36.208615204146184,-4.961417985749353,131.2115007843332));
#9386=CARTESIAN_POINT('',(-36.24872540583705,-4.966914011348761,135.4666666666667));
#9387=CARTESIAN_POINT('',(-36.24872540583705,-4.966914011348761,148.16666666666669));
#9388=CARTESIAN_POINT('',(-36.24872540583705,-4.966914011348761,156.63333333333335));
#9389=CARTESIAN_POINT('',(-36.24872540583705,-4.966914011348761,165.10000000000002));
#9390=B_SPLINE_CURVE_WITH_KNOTS('',3,(#9378,#9379,#9380,#9381,#9382,#9383,#9384,#9385,#9386,#9387,#9388,#9389),.UNSPECIFIED.,.F.,.U.,(4,2,2,2,2,4),(0.0,0.459269405843585,0.535814306817516,0.770365297078208,0.846910198052139,1.0),.UNSPECIFIED.);
#9391=EDGE_CURVE('',#8385,#8268,#9390,.T.);
#9392=ORIENTED_EDGE('',*,*,#9391,.F.);
#9393=EDGE_LOOP('',(#9375,#9376,#9377,#9392));
#9394=FACE_OUTER_BOUND('',#9393,.T.);
#9395=ADVANCED_FACE('',(#9394),#9374,.F.);
#9396=CARTESIAN_POINT('',(-37.747288785450962,-5.172251864301264,0.0));
#9397=CARTESIAN_POINT('',(-37.849825031267905,-4.423938482939876,0.0));
#9398=CARTESIAN_POINT('',(-38.010373709647816,-2.92121208305602,0.0));
#9399=CARTESIAN_POINT('',(-38.134549677157793,-0.279389333277316,0.0));
#9400=CARTESIAN_POINT('',(-38.082822244274254,1.610044955111166,0.0));
#9401=CARTESIAN_POINT('',(-38.001342320684081,2.740069675425247,0.0));
#9402=CARTESIAN_POINT('',(-37.747288785450962,-5.172251864301264,25.399999999999984));
#9403=CARTESIAN_POINT('',(-37.849825031267905,-4.423938482939883,25.399999999999984));
#9404=CARTESIAN_POINT('',(-38.010373709647816,-2.921212083056044,25.399999999999977));
#9405=CARTESIAN_POINT('',(-38.134549677157786,-0.279389333277363,25.399999999999977));
#9406=CARTESIAN_POINT('',(-38.082822244274254,1.610044955111101,25.399999999999984));
#9407=CARTESIAN_POINT('',(-38.001342320684081,2.74006967542517,25.399999999999984));
#9408=CARTESIAN_POINT('',(-37.747288785450984,-5.172251864301267,50.800000000000018));
#9409=CARTESIAN_POINT('',(-37.849825031267926,-4.423938482939888,50.800000000000018));
#9410=CARTESIAN_POINT('',(-38.010373709647837,-2.921212083056045,50.800000000000011));
#9411=CARTESIAN_POINT('',(-38.134549677157807,-0.279389333277374,50.800000000000011));
#9412=CARTESIAN_POINT('',(-38.082822244274269,1.610044955111091,50.800000000000018));
#9413=CARTESIAN_POINT('',(-38.001342320684095,2.740069675425159,50.800000000000018));
#9414=CARTESIAN_POINT('',(-37.747288785451005,-5.17225186430127,80.433333333333422));
#9415=CARTESIAN_POINT('',(-37.84982503126794,-4.423938482939884,80.433333333333422));
#9416=CARTESIAN_POINT('',(-38.010373709647858,-2.921212083056029,80.433333333333394));
#9417=CARTESIAN_POINT('',(-38.134549677157835,-0.279389333277333,80.433333333333394));
#9418=CARTESIAN_POINT('',(-38.08282224427429,1.610044955111149,80.433333333333422));
#9419=CARTESIAN_POINT('',(-38.00134232068411,2.740069675425226,80.433333333333422));
#9420=CARTESIAN_POINT('',(-37.78739898714187,-5.17774788990068,84.688499215666923));
#9421=CARTESIAN_POINT('',(-37.915176896120272,-4.427686296737496,84.688499215666923));
#9422=CARTESIAN_POINT('',(-38.115387333739633,-2.932883460158271,84.688499215666894));
#9423=CARTESIAN_POINT('',(-38.256338701632991,-0.324403662711828,84.688499215666894));
#9424=CARTESIAN_POINT('',(-38.165659059606888,1.547617229687213,84.688499215666923));
#9425=CARTESIAN_POINT('',(-38.048252460687301,2.680466473676731,84.688499215666923));
#9426=CARTESIAN_POINT('',(-37.624382002550412,-5.155410791539565,101.80499650375738));
#9427=CARTESIAN_POINT('',(-37.649572050057358,-4.412454328850476,101.80499650375738));
#9428=CARTESIAN_POINT('',(-37.688588075226811,-2.885448328420417,101.80499650375737));
#9429=CARTESIAN_POINT('',(-37.761360399621722,-0.141455187299637,101.80499650375735));
#9430=CARTESIAN_POINT('',(-37.828991397031835,1.801337707882487,101.80499650375738));
#9431=CARTESIAN_POINT('',(-37.857598979834236,2.922707445086539,101.80499650375738));
#9432=CARTESIAN_POINT('',(-36.371632188737635,-4.983755084110467,114.0950034962427));
#9433=CARTESIAN_POINT('',(-35.608456995163039,-4.295399992565891,114.0950034962427));
#9434=CARTESIAN_POINT('',(-34.408729274149259,-2.520919732816125,114.09500349624267));
#9435=CARTESIAN_POINT('',(-33.957560585510059,1.264463767000171,114.09500349624267));
#9436=CARTESIAN_POINT('',(-35.241774165252615,3.751123999269044,114.0950034962427));
#9437=CARTESIAN_POINT('',(-36.392468746686923,4.784276241687493,114.0950034962427));
#9438=CARTESIAN_POINT('',(-36.208615204146184,-4.961417985749355,131.21150078433323));
#9439=CARTESIAN_POINT('',(-35.342852149100132,-4.280168024678874,131.21150078433323));
#9440=CARTESIAN_POINT('',(-33.981930015636436,-2.473484601078281,131.2115007843332));
#9441=CARTESIAN_POINT('',(-33.462582283498797,1.447412242412341,131.21150078433317));
#9442=CARTESIAN_POINT('',(-34.905106502677576,4.004844477464289,131.21150078433323));
#9443=CARTESIAN_POINT('',(-36.201815265833865,5.026517213097267,131.21150078433323));
#9444=CARTESIAN_POINT('',(-36.248725405837064,-4.966914011348765,135.46666666666675));
#9445=CARTESIAN_POINT('',(-35.408204013952471,-4.283915838476487,135.46666666666675));
#9446=CARTESIAN_POINT('',(-34.086943639728219,-2.485155978180526,135.46666666666675));
#9447=CARTESIAN_POINT('',(-33.584371307973967,1.402397912977834,135.4666666666667));
#9448=CARTESIAN_POINT('',(-34.987943318010174,3.942416752040342,135.46666666666675));
#9449=CARTESIAN_POINT('',(-36.248725405837064,4.966914011348758,135.46666666666675));
#9450=CARTESIAN_POINT('',(-36.248725405837064,-4.966914011348763,148.16666666666671));
#9451=CARTESIAN_POINT('',(-35.408204013952471,-4.283915838476488,148.16666666666671));
#9452=CARTESIAN_POINT('',(-34.086943639728226,-2.485155978180527,148.16666666666669));
#9453=CARTESIAN_POINT('',(-33.584371307973967,1.40239791297784,148.16666666666669));
#9454=CARTESIAN_POINT('',(-34.987943318010174,3.942416752040341,148.16666666666671));
#9455=CARTESIAN_POINT('',(-36.248725405837064,4.966914011348757,148.16666666666671));
#9456=CARTESIAN_POINT('',(-36.24872540583705,-4.966914011348761,156.63333333333335));
#9457=CARTESIAN_POINT('',(-35.408204013952457,-4.283915838476484,156.63333333333335));
#9458=CARTESIAN_POINT('',(-34.086943639728219,-2.485155978180526,156.63333333333335));
#9459=CARTESIAN_POINT('',(-33.584371307973953,1.402397912977834,156.6333333333333));
#9460=CARTESIAN_POINT('',(-34.98794331801016,3.942416752040341,156.63333333333335));
#9461=CARTESIAN_POINT('',(-36.24872540583705,4.966914011348756,156.63333333333335));
#9462=CARTESIAN_POINT('',(-36.24872540583705,-4.966914011348761,165.10000000000002));
#9463=CARTESIAN_POINT('',(-35.408204013952457,-4.283915838476485,165.10000000000002));
#9464=CARTESIAN_POINT('',(-34.086943639728219,-2.485155978180527,165.10000000000005));
#9465=CARTESIAN_POINT('',(-33.584371307973953,1.402397912977836,165.09999999999997));
#9466=CARTESIAN_POINT('',(-34.98794331801016,3.94241675204034,165.10000000000002));
#9467=CARTESIAN_POINT('',(-36.24872540583705,4.966914011348756,165.10000000000002));
#9468=B_SPLINE_SURFACE_WITH_KNOTS('',3,3,((#9396,#9402,#9408,#9414,#9420,#9426,#9432,#9438,#9444,#9450,#9456,#9462),(#9397,#9403,#9409,#9415,#9421,#9427,#9433,#9439,#9445,#9451,#9457,#9463),(#9398,#9404,#9410,#9416,#9422,#9428,#9434,#9440,#9446,#9452,#9458,#9464),(#9399,#9405,#9411,#9417,#9423,#9429,#9435,#9441,#9447,#9453,#9459,#9465),(#9400,#9406,#9412,#9418,#9424,#9430,#9436,#9442,#9448,#9454,#9460,#9466),(#9401,#9407,#9413,#9419,#9425,#9431,#9437,#9443,#9449,#9455,#9461,#9467)),.UNSPECIFIED.,.F.,.F.,.F.,(4,1,1,4),(4,2,2,2,2,4),(0.0,0.285714285714286,0.571428571428571,1.0),(0.0,0.459269405843585,0.535814306817516,0.770365297078208,0.846910198052139,1.0),.UNSPECIFIED.);
#9469=ORIENTED_EDGE('',*,*,#8400,.F.);
#9470=ORIENTED_EDGE('',*,*,#9391,.T.);
#9471=ORIENTED_EDGE('',*,*,#8274,.T.);
#9472=CARTESIAN_POINT('',(-38.001342320684081,2.740069675425247,0.0));
#9473=CARTESIAN_POINT('',(-38.001342320684081,2.740069675425171,25.399999999999984));
#9474=CARTESIAN_POINT('',(-38.001342320684081,2.74006967542516,50.799999999999983));
#9475=CARTESIAN_POINT('',(-38.001342320684081,2.740069675425223,80.433333333333337));
#9476=CARTESIAN_POINT('',(-38.048252460687266,2.680466473676728,84.688499215666837));
#9477=CARTESIAN_POINT('',(-37.857598979834208,2.922707445086537,101.80499650375731));
#9478=CARTESIAN_POINT('',(-36.392468746686937,4.784276241687499,114.0950034962427));
#9479=CARTESIAN_POINT('',(-36.201815265833879,5.026517213097272,131.2115007843332));
#9480=CARTESIAN_POINT('',(-36.248725405837064,4.966914011348762,135.4666666666667));
#9481=CARTESIAN_POINT('',(-36.248725405837064,4.966914011348762,148.16666666666669));
#9482=CARTESIAN_POINT('',(-36.248725405837064,4.966914011348762,156.63333333333335));
#9483=CARTESIAN_POINT('',(-36.248725405837057,4.966914011348762,165.10000000000002));
#9484=B_SPLINE_CURVE_WITH_KNOTS('',3,(#9472,#9473,#9474,#9475,#9476,#9477,#9478,#9479,#9480,#9481,#9482,#9483),.UNSPECIFIED.,.F.,.U.,(4,2,2,2,2,4),(0.0,0.459269405843585,0.535814306817516,0.770365297078208,0.846910198052139,1.0),.UNSPECIFIED.);
#9485=EDGE_CURVE('',#8394,#8259,#9484,.T.);
#9486=ORIENTED_EDGE('',*,*,#9485,.F.);
#9487=EDGE_LOOP('',(#9469,#9470,#9471,#9486));
#9488=FACE_OUTER_BOUND('',#9487,.T.);
#9489=ADVANCED_FACE('',(#9488),#9468,.F.);
#9490=CARTESIAN_POINT('',(-38.001342320684081,2.740069675425247,0.0));
#9491=CARTESIAN_POINT('',(-37.987762333419049,2.928407128810928,0.0));
#9492=CARTESIAN_POINT('',(-37.928691897392724,3.752871083969056,0.0));
#9493=CARTESIAN_POINT('',(-37.640544594586729,6.13038551916151,0.0));
#9494=CARTESIAN_POINT('',(-36.979915867671302,9.423759679701787,0.0));
#9495=CARTESIAN_POINT('',(-35.768385905676958,13.373438909038185,0.0));
#9496=CARTESIAN_POINT('',(-33.86677548575738,17.683606844011045,0.0));
#9497=CARTESIAN_POINT('',(-30.929869127373486,22.527765633853495,0.0));
#9498=CARTESIAN_POINT('',(-27.469393780023953,26.58692419383247,0.0));
#9499=CARTESIAN_POINT('',(-23.971768633949047,29.680007006752007,0.0));
#9500=CARTESIAN_POINT('',(-20.30205072235254,32.379587223076356,0.0));
#9501=CARTESIAN_POINT('',(-16.06948540737012,34.675357351528284,0.0));
#9502=CARTESIAN_POINT('',(-11.776721526326197,36.298790479330151,0.0));
#9503=CARTESIAN_POINT('',(-8.532513297179648,37.169933967002819,0.0));
#9504=CARTESIAN_POINT('',(-6.17832847164717,37.609705342705006,0.0));
#9505=CARTESIAN_POINT('',(-5.359330209641562,37.721654723996728,0.0));
#9506=CARTESIAN_POINT('',(-5.172251864301214,37.747288785450962,0.0));
#9507=CARTESIAN_POINT('',(-38.001342320684081,2.740069675425171,25.399999999999984));
#9508=CARTESIAN_POINT('',(-37.987762333419049,2.928407128810849,25.399999999999984));
#9509=CARTESIAN_POINT('',(-37.928691897392724,3.752871083968979,25.399999999999988));
#9510=CARTESIAN_POINT('',(-37.640544594586743,6.130385519161431,25.399999999999974));
#9511=CARTESIAN_POINT('',(-36.979915867671316,9.423759679701714,25.39999999999997));
#9512=CARTESIAN_POINT('',(-35.768385905676986,13.373438909038111,25.39999999999997));
#9513=CARTESIAN_POINT('',(-33.866775485757408,17.683606844010981,25.399999999999974));
#9514=CARTESIAN_POINT('',(-30.929869127373522,22.527765633853448,25.399999999999977));
#9515=CARTESIAN_POINT('',(-27.469393780023985,26.586924193832431,25.399999999999974));
#9516=CARTESIAN_POINT('',(-23.971768633949075,29.680007006751993,25.399999999999974));
#9517=CARTESIAN_POINT('',(-20.302050722352568,32.379587223076335,25.399999999999974));
#9518=CARTESIAN_POINT('',(-16.069485407370134,34.675357351528277,25.399999999999984));
#9519=CARTESIAN_POINT('',(-11.776721526326215,36.298790479330151,25.399999999999984));
#9520=CARTESIAN_POINT('',(-8.53251329717965,37.169933967002819,25.399999999999991));
#9521=CARTESIAN_POINT('',(-6.178328471647172,37.609705342705013,25.399999999999988));
#9522=CARTESIAN_POINT('',(-5.359330209641565,37.721654723996728,25.399999999999984));
#9523=CARTESIAN_POINT('',(-5.172251864301214,37.747288785450962,25.399999999999984));
#9524=CARTESIAN_POINT('',(-38.001342320684081,2.74006967542516,50.799999999999976));
#9525=CARTESIAN_POINT('',(-37.987762333419056,2.928407128810838,50.799999999999976));
#9526=CARTESIAN_POINT('',(-37.928691897392731,3.752871083968963,50.799999999999983));
#9527=CARTESIAN_POINT('',(-37.640544594586743,6.130385519161415,50.799999999999955));
#9528=CARTESIAN_POINT('',(-36.979915867671323,9.423759679701696,50.799999999999955));
#9529=CARTESIAN_POINT('',(-35.768385905676993,13.3734389090381,50.799999999999955));
#9530=CARTESIAN_POINT('',(-33.866775485757415,17.683606844010974,50.799999999999976));
#9531=CARTESIAN_POINT('',(-30.929869127373536,22.527765633853431,50.799999999999969));
#9532=CARTESIAN_POINT('',(-27.469393780023989,26.586924193832427,50.799999999999969));
#9533=CARTESIAN_POINT('',(-23.971768633949079,29.680007006751975,50.799999999999955));
#9534=CARTESIAN_POINT('',(-20.302050722352561,32.379587223076328,50.799999999999955));
#9535=CARTESIAN_POINT('',(-16.069485407370138,34.675357351528277,50.799999999999969));
#9536=CARTESIAN_POINT('',(-11.776721526326208,36.298790479330151,50.799999999999969));
#9537=CARTESIAN_POINT('',(-8.532513297179655,37.169933967002819,50.799999999999983));
#9538=CARTESIAN_POINT('',(-6.178328471647165,37.609705342705006,50.799999999999976));
#9539=CARTESIAN_POINT('',(-5.359330209641565,37.721654723996721,50.799999999999976));
#9540=CARTESIAN_POINT('',(-5.172251864301214,37.747288785450962,50.799999999999976));
#9541=CARTESIAN_POINT('',(-38.001342320684081,2.740069675425223,80.433333333333351));
#9542=CARTESIAN_POINT('',(-37.987762333419056,2.928407128810903,80.433333333333351));
#9543=CARTESIAN_POINT('',(-37.928691897392724,3.752871083969031,80.433333333333351));
#9544=CARTESIAN_POINT('',(-37.640544594586729,6.130385519161486,80.433333333333351));
#9545=CARTESIAN_POINT('',(-36.979915867671302,9.42375967970176,80.433333333333337));
#9546=CARTESIAN_POINT('',(-35.768385905676958,13.373438909038157,80.433333333333309));
#9547=CARTESIAN_POINT('',(-33.866775485757387,17.68360684401102,80.433333333333337));
#9548=CARTESIAN_POINT('',(-30.92986912737349,22.52776563385348,80.433333333333351));
#9549=CARTESIAN_POINT('',(-27.469393780023957,26.586924193832459,80.433333333333337));
#9550=CARTESIAN_POINT('',(-23.971768633949054,29.680007006752,80.433333333333337));
#9551=CARTESIAN_POINT('',(-20.302050722352543,32.379587223076349,80.433333333333337));
#9552=CARTESIAN_POINT('',(-16.069485407370124,34.675357351528277,80.433333333333351));
#9553=CARTESIAN_POINT('',(-11.776721526326202,36.298790479330151,80.433333333333337));
#9554=CARTESIAN_POINT('',(-8.532513297179648,37.169933967002812,80.433333333333366));
#9555=CARTESIAN_POINT('',(-6.178328471647171,37.609705342705006,80.433333333333351));
#9556=CARTESIAN_POINT('',(-5.359330209641563,37.721654723996728,80.433333333333351));
#9557=CARTESIAN_POINT('',(-5.172251864301214,37.747288785450962,80.433333333333351));
#9558=CARTESIAN_POINT('',(-38.04825246068728,2.680466473676729,84.688499215666852));
#9559=CARTESIAN_POINT('',(-38.028684694200678,2.869274681008315,84.688499215666852));
#9560=CARTESIAN_POINT('',(-37.943380594749115,3.69581885421639,84.688499215666852));
#9561=CARTESIAN_POINT('',(-37.583460106981924,6.070773694623806,84.688499215666852));
#9562=CARTESIAN_POINT('',(-36.834264360424406,9.343865981773627,84.688499215666837));
#9563=CARTESIAN_POINT('',(-35.537900249501313,13.248314298264489,84.688499215666809));
#9564=CARTESIAN_POINT('',(-33.577298782278227,17.491548803267399,84.688499215666837));
#9565=CARTESIAN_POINT('',(-30.621104641246308,22.253548729989564,84.688499215666837));
#9566=CARTESIAN_POINT('',(-27.197710742395937,26.257342664345824,84.688499215666837));
#9567=CARTESIAN_POINT('',(-23.759592238261156,29.338232623042266,84.688499215666809));
#9568=CARTESIAN_POINT('',(-20.157753750564243,32.052127557979787,84.688499215666837));
#9569=CARTESIAN_POINT('',(-15.999944904778744,34.409671785654695,84.688499215666837));
#9570=CARTESIAN_POINT('',(-11.75973849629697,36.134962532710759,84.688499215666837));
#9571=CARTESIAN_POINT('',(-8.537205414484282,37.100207499015774,84.688499215666866));
#9572=CARTESIAN_POINT('',(-6.186176655862761,37.615870220253832,84.688499215666866));
#9573=CARTESIAN_POINT('',(-5.36526328819142,37.755454509897234,84.688499215666852));
#9574=CARTESIAN_POINT('',(-5.177747889900623,37.787398987141835,84.688499215666852));
#9575=CARTESIAN_POINT('',(-37.857598979834201,2.922707445086536,101.80499650375728));
#9576=CARTESIAN_POINT('',(-37.862366910301269,3.109602401287211,101.80499650375728));
#9577=CARTESIAN_POINT('',(-37.883682387069427,3.927692095098535,101.80499650375724));
#9578=CARTESIAN_POINT('',(-37.815464451113684,6.313049711010511,101.80499650375724));
#9579=CARTESIAN_POINT('',(-37.426225221044895,9.66857214566892,101.80499650375722));
#9580=CARTESIAN_POINT('',(-36.474646390817497,13.756849181826283,101.80499650375722));
#9581=CARTESIAN_POINT('',(-34.753797960076838,18.272116373330206,101.80499650375724));
#9582=CARTESIAN_POINT('',(-31.8759937556244,23.368028610605002,101.80499650375724));
#9583=CARTESIAN_POINT('',(-28.301892414183602,27.596836978735709,101.80499650375724));
#9584=CARTESIAN_POINT('',(-24.621925379667303,30.727281470823225,101.80499650375722));
#9585=CARTESIAN_POINT('',(-20.744209470929277,33.382998132772251,101.80499650375725));
#9586=CARTESIAN_POINT('',(-16.282573327512409,35.489478367830159,101.80499650375724));
#9587=CARTESIAN_POINT('',(-11.828761393911106,36.800796578012559,101.80499650375725));
#9588=CARTESIAN_POINT('',(-8.518135582319236,37.383591727423877,101.80499650375729));
#9589=CARTESIAN_POINT('',(-6.154279849778265,37.590814755409006,101.80499650375728));
#9590=CARTESIAN_POINT('',(-5.341149907211785,37.618084490673638,101.80499650375728));
#9591=CARTESIAN_POINT('',(-5.155410791539511,37.624382002550377,101.80499650375728));
#9592=CARTESIAN_POINT('',(-36.392468746686944,4.784276241687499,114.0950034962427));
#9593=CARTESIAN_POINT('',(-36.584251176925996,4.956468282090573,114.0950034962427));
#9594=CARTESIAN_POINT('',(-37.424914739372447,5.709587153893944,114.09500349624268));
#9595=CARTESIAN_POINT('',(-39.598367009661473,8.174887820581432,114.09500349624268));
#9596=CARTESIAN_POINT('',(-41.975314751717704,12.163867880546494,114.09500349624265));
#9597=CARTESIAN_POINT('',(-43.673335270168153,17.66482835525979,114.09500349624267));
#9598=CARTESIAN_POINT('',(-43.794936401153571,24.270607147252655,114.09500349624268));
#9599=CARTESIAN_POINT('',(-41.51954168612243,31.932562339640107,114.0950034962427));
#9600=CARTESIAN_POINT('',(-36.787286664446853,37.890557336529866,114.09500349624268));
#9601=CARTESIAN_POINT('',(-31.248766656658056,41.401817561621179,114.09500349624267));
#9602=CARTESIAN_POINT('',(-25.250993204771547,43.610446940996994,114.09500349624268));
#9603=CARTESIAN_POINT('',(-18.454510839699729,43.787555394370401,114.09500349624268));
#9604=CARTESIAN_POINT('',(-12.359187240957947,41.917585349271818,114.09500349624268));
#9605=CARTESIAN_POINT('',(-8.371588099834108,39.561337440641921,114.09500349624273));
#9606=CARTESIAN_POINT('',(-5.909159882777769,37.398268997075853,114.09500349624273));
#9607=CARTESIAN_POINT('',(-5.155843856996588,36.56242598713127,114.0950034962427));
#9608=CARTESIAN_POINT('',(-4.983755084110444,36.371632188737621,114.0950034962427));
#9609=CARTESIAN_POINT('',(-36.201815265833865,5.026517213097272,131.21150078433317));
#9610=CARTESIAN_POINT('',(-36.41793339302658,5.196796002369435,131.21150078433317));
#9611=CARTESIAN_POINT('',(-37.365216531692752,5.941460394776054,131.2115007843332));
#9612=CARTESIAN_POINT('',(-39.830371353793225,8.417163836968101,131.21150078433314));
#9613=CARTESIAN_POINT('',(-42.5672756123382,12.488574044441753,131.21150078433314));
#9614=CARTESIAN_POINT('',(-44.610081411484359,18.173363238821548,131.21150078433311));
#9615=CARTESIAN_POINT('',(-44.971435578952203,25.05117471731543,131.21150078433314));
#9616=CARTESIAN_POINT('',(-42.774430800500546,33.047042220255506,131.21150078433311));
#9617=CARTESIAN_POINT('',(-37.891468336234539,39.230051650919719,131.21150078433314));
#9618=CARTESIAN_POINT('',(-32.111099798064203,42.790866409402113,131.21150078433311));
#9619=CARTESIAN_POINT('',(-25.837448925136588,44.941317515789443,131.21150078433314));
#9620=CARTESIAN_POINT('',(-18.737139262433409,44.867361976545858,131.21150078433314));
#9621=CARTESIAN_POINT('',(-12.428210138572094,42.583419394573603,131.21150078433314));
#9622=CARTESIAN_POINT('',(-8.352518267669069,39.844721669050024,131.2115007843332));
#9623=CARTESIAN_POINT('',(-5.877263076693273,37.373213532231013,131.21150078433317));
#9624=CARTESIAN_POINT('',(-5.131730476016953,36.425055967907674,131.21150078433317));
#9625=CARTESIAN_POINT('',(-4.961417985749334,36.208615204146156,131.21150078433317));
#9626=CARTESIAN_POINT('',(-36.248725405837064,4.96691401134876,135.46666666666667));
#9627=CARTESIAN_POINT('',(-36.458855753808209,5.137663554566831,135.46666666666667));
#9628=CARTESIAN_POINT('',(-37.37990522904915,5.884408165023391,135.4666666666667));
#9629=CARTESIAN_POINT('',(-39.773286866188442,8.3575520124304,135.46666666666664));
#9630=CARTESIAN_POINT('',(-42.421624105091311,12.40868034651359,135.46666666666664));
#9631=CARTESIAN_POINT('',(-44.379595755308713,18.048238628047866,135.46666666666661));
#9632=CARTESIAN_POINT('',(-44.681958875473057,24.859116676571794,135.46666666666664));
#9633=CARTESIAN_POINT('',(-42.465666314373379,32.772825316391597,135.46666666666664));
#9634=CARTESIAN_POINT('',(-37.619785298606516,38.900470121433088,135.46666666666664));
#9635=CARTESIAN_POINT('',(-31.898923402376322,42.449092025692387,135.46666666666664));
#9636=CARTESIAN_POINT('',(-25.693151953348298,44.613857850692888,135.46666666666664));
#9637=CARTESIAN_POINT('',(-18.667598759842026,44.601676410672269,135.46666666666664));
#9638=CARTESIAN_POINT('',(-12.411227108542857,42.419591447954225,135.46666666666667));
#9639=CARTESIAN_POINT('',(-8.357210384973699,39.774995201062985,135.46666666666667));
#9640=CARTESIAN_POINT('',(-5.885111260908861,37.379378409779839,135.4666666666667));
#9641=CARTESIAN_POINT('',(-5.137663554566812,36.458855753808173,135.46666666666667));
#9642=CARTESIAN_POINT('',(-4.966914011348742,36.248725405837028,135.46666666666667));
#9643=CARTESIAN_POINT('',(-36.248725405837064,4.966914011348759,148.16666666666666));
#9644=CARTESIAN_POINT('',(-36.458855753808209,5.13766355456683,148.16666666666666));
#9645=CARTESIAN_POINT('',(-37.379905229049143,5.884408165023397,148.16666666666669));
#9646=CARTESIAN_POINT('',(-39.773286866188428,8.357552012430411,148.16666666666666));
#9647=CARTESIAN_POINT('',(-42.421624105091297,12.408680346513616,148.16666666666663));
#9648=CARTESIAN_POINT('',(-44.379595755308699,18.048238628047866,148.1666666666666));
#9649=CARTESIAN_POINT('',(-44.681958875473043,24.859116676571805,148.16666666666666));
#9650=CARTESIAN_POINT('',(-42.465666314373365,32.772825316391582,148.16666666666663));
#9651=CARTESIAN_POINT('',(-37.61978529860653,38.900470121433088,148.16666666666666));
#9652=CARTESIAN_POINT('',(-31.898923402376322,42.449092025692366,148.16666666666666));
#9653=CARTESIAN_POINT('',(-25.693151953348288,44.613857850692888,148.16666666666666));
#9654=CARTESIAN_POINT('',(-18.667598759842029,44.601676410672269,148.16666666666666));
#9655=CARTESIAN_POINT('',(-12.411227108542862,42.419591447954225,148.16666666666666));
#9656=CARTESIAN_POINT('',(-8.357210384973705,39.774995201062985,148.16666666666669));
#9657=CARTESIAN_POINT('',(-5.885111260908863,37.379378409779839,148.16666666666669));
#9658=CARTESIAN_POINT('',(-5.137663554566808,36.45885575380818,148.16666666666666));
#9659=CARTESIAN_POINT('',(-4.96691401134874,36.248725405837028,148.16666666666666));
#9660=CARTESIAN_POINT('',(-36.248725405837064,4.966914011348762,156.63333333333335));
#9661=CARTESIAN_POINT('',(-36.458855753808209,5.137663554566831,156.63333333333335));
#9662=CARTESIAN_POINT('',(-37.37990522904915,5.884408165023397,156.63333333333338));
#9663=CARTESIAN_POINT('',(-39.773286866188442,8.357552012430404,156.63333333333333));
#9664=CARTESIAN_POINT('',(-42.421624105091311,12.408680346513602,156.63333333333333));
#9665=CARTESIAN_POINT('',(-44.379595755308713,18.048238628047869,156.63333333333327));
#9666=CARTESIAN_POINT('',(-44.681958875473065,24.859116676571801,156.63333333333333));
#9667=CARTESIAN_POINT('',(-42.465666314373379,32.772825316391604,156.6333333333333));
#9668=CARTESIAN_POINT('',(-37.619785298606516,38.900470121433088,156.6333333333333));
#9669=CARTESIAN_POINT('',(-31.898923402376333,42.449092025692387,156.6333333333333));
#9670=CARTESIAN_POINT('',(-25.693151953348302,44.613857850692895,156.63333333333333));
#9671=CARTESIAN_POINT('',(-18.667598759842036,44.601676410672269,156.63333333333333));
#9672=CARTESIAN_POINT('',(-12.411227108542864,42.419591447954232,156.63333333333335));
#9673=CARTESIAN_POINT('',(-8.357210384973705,39.774995201062993,156.63333333333335));
#9674=CARTESIAN_POINT('',(-5.885111260908858,37.379378409779854,156.63333333333338));
#9675=CARTESIAN_POINT('',(-5.137663554566807,36.458855753808194,156.63333333333335));
#9676=CARTESIAN_POINT('',(-4.966914011348738,36.248725405837043,156.63333333333335));
#9677=CARTESIAN_POINT('',(-36.248725405837057,4.966914011348762,165.10000000000002));
#9678=CARTESIAN_POINT('',(-36.458855753808209,5.137663554566831,165.10000000000002));
#9679=CARTESIAN_POINT('',(-37.379905229049143,5.884408165023397,165.10000000000002));
#9680=CARTESIAN_POINT('',(-39.773286866188442,8.357552012430407,165.09999999999997));
#9681=CARTESIAN_POINT('',(-42.421624105091304,12.408680346513606,165.09999999999997));
#9682=CARTESIAN_POINT('',(-44.379595755308713,18.048238628047869,165.09999999999994));
#9683=CARTESIAN_POINT('',(-44.681958875473057,24.859116676571801,165.09999999999994));
#9684=CARTESIAN_POINT('',(-42.465666314373365,32.772825316391597,165.09999999999997));
#9685=CARTESIAN_POINT('',(-37.61978529860653,38.900470121433088,165.09999999999994));
#9686=CARTESIAN_POINT('',(-31.898923402376326,42.449092025692387,165.09999999999994));
#9687=CARTESIAN_POINT('',(-25.693151953348291,44.613857850692895,165.09999999999997));
#9688=CARTESIAN_POINT('',(-18.667598759842029,44.601676410672269,165.09999999999997));
#9689=CARTESIAN_POINT('',(-12.411227108542857,42.419591447954232,165.10000000000002));
#9690=CARTESIAN_POINT('',(-8.357210384973699,39.774995201062993,165.10000000000005));
#9691=CARTESIAN_POINT('',(-5.885111260908857,37.379378409779854,165.10000000000005));
#9692=CARTESIAN_POINT('',(-5.137663554566803,36.458855753808194,165.10000000000002));
#9693=CARTESIAN_POINT('',(-4.966914011348733,36.248725405837043,165.10000000000002));
#9694=B_SPLINE_SURFACE_WITH_KNOTS('',3,3,((#9490,#9507,#9524,#9541,#9558,#9575,#9592,#9609,#9626,#9643,#9660,#9677),(#9491,#9508,#9525,#9542,#9559,#9576,#9593,#9610,#9627,#9644,#9661,#9678),(#9492,#9509,#9526,#9543,#9560,#9577,#9594,#9611,#9628,#9645,#9662,#9679),(#9493,#9510,#9527,#9544,#9561,#9578,#9595,#9612,#9629,#9646,#9663,#9680),(#9494,#9511,#9528,#9545,#9562,#9579,#9596,#9613,#9630,#9647,#9664,#9681),(#9495,#9512,#9529,#9546,#9563,#9580,#9597,#9614,#9631,#9648,#9665,#9682),(#9496,#9513,#9530,#9547,#9564,#9581,#9598,#9615,#9632,#9649,#9666,#9683),(#9497,#9514,#9531,#9548,#9565,#9582,#9599,#9616,#9633,#9650,#9667,#9684),(#9498,#9515,#9532,#9549,#9566,#9583,#9600,#9617,#9634,#9651,#9668,#9685),(#9499,#9516,#9533,#9550,#9567,#9584,#9601,#9618,#9635,#9652,#9669,#9686),(#9500,#9517,#9534,#9551,#9568,#9585,#9602,#9619,#9636,#9653,#9670,#9687),(#9501,#9518,#9535,#9552,#9569,#9586,#9603,#9620,#9637,#9654,#9671,#9688),(#9502,#9519,#9536,#9553,#9570,#9587,#9604,#9621,#9638,#9655,#9672,#9689),(#9503,#9520,#9537,#9554,#9571,#9588,#9605,#9622,#9639,#9656,#9673,#9690),(#9504,#9521,#9538,#9555,#9572,#9589,#9606,#9623,#9640,#9657,#9674,#9691),(#9505,#9522,#9539,#9556,#9573,#9590,#9607,#9624,#9641,#9658,#9675,#9692),(#9506,#9523,#9540,#9557,#9574,#9591,#9608,#9625,#9642,#9659,#9676,#9693)),.UNSPECIFIED.,.F.,.F.,.F.,(4,1,1,1,1,1,1,1,1,1,1,1,1,1,4),(4,2,2,2,2,4),(0.0,0.071428571428571,0.142857142857143,0.214285714285714,0.285714285714286,0.357142857142857,0.428571428571429,0.523809523809524,0.571428571428571,0.619047619047619,0.714285714285714,0.785714285714286,0.857142857142857,0.928571428571429,1.0),(0.0,0.459269405843585,0.535814306817516,0.770365297078208,0.846910198052139,1.0),.UNSPECIFIED.);
#9695=ORIENTED_EDGE('',*,*,#8407,.F.);
#9696=ORIENTED_EDGE('',*,*,#9485,.T.);
#9697=ORIENTED_EDGE('',*,*,#8265,.T.);
#9698=ORIENTED_EDGE('',*,*,#8509,.F.);
#9699=EDGE_LOOP('',(#9695,#9696,#9697,#9698));
#9700=FACE_OUTER_BOUND('',#9699,.T.);
#9701=ADVANCED_FACE('',(#9700),#9694,.F.);
#9702=CLOSED_SHELL('',(#5149,#5759,#5993,#6603,#6837,#7447,#7681,#8241,#8331,#8421,#8529,#8755,#8849,#9075,#9169,#9395,#9489,#9701));
#9703=MANIFOLD_SOLID_BREP('Solid3',#9702);
#9704=STYLED_ITEM('',(#2802),#9703);
#9705=AXIS2_PLACEMENT_3D('',#9706,#9707,#9708);
#9706=CARTESIAN_POINT('',(75.000000000000085,-395.86187504654873,-306.62021353571538));
#9707=DIRECTION('',(-1.224414E-016,0.999992057571435,-0.003985573240298));
#9708=DIRECTION('',(1.000000000000003,1.221808E-016,-6.562477E-017));
#9709=NEXT_ASSEMBLY_USAGE_OCCURRENCE('exhaust header collector:1','exhaust header collector:1','exhaust header collector:1',#51,#4426,'exhaust header collector:1');
#9710=PRODUCT_DEFINITION_SHAPE('exhaust header collector:1','exhaust header collector:1',#9709);
#9711=ITEM_DEFINED_TRANSFORMATION('exhaust header collector:1','exhaust header collector:1',#4451,#9705);
#9715=(REPRESENTATION_RELATIONSHIP('exhaust header collector:1','exhaust header collector:1',#4455,#80)REPRESENTATION_RELATIONSHIP_WITH_TRANSFORMATION(#9711)SHAPE_REPRESENTATION_RELATIONSHIP());
#9716=CONTEXT_DEPENDENT_SHAPE_REPRESENTATION(#9715,#9710);
#9717=AXIS2_PLACEMENT_3D('',#9718,#9719,#9720);
#9718=CARTESIAN_POINT('',(-229.0147913089188,-304.345204889591,190.75738430527906));
#9719=DIRECTION('',(-0.173648177666925,-1.153235E-014,0.984807753012209));
#9720=DIRECTION('',(-0.984807753012207,4.713591E-014,-0.173648177666925));
#9721=NEXT_ASSEMBLY_USAGE_OCCURRENCE('exhaust header left:1','exhaust header left:1','exhaust header left:1',#12,#51,'exhaust header left:1');
#9722=PRODUCT_DEFINITION_SHAPE('exhaust header left:1','exhaust header left:1',#9721);
#9723=ITEM_DEFINED_TRANSFORMATION('exhaust header left:1','exhaust header left:1',#76,#9717);
#9727=(REPRESENTATION_RELATIONSHIP('exhaust header left:1','exhaust header left:1',#80,#41)REPRESENTATION_RELATIONSHIP_WITH_TRANSFORMATION(#9723)SHAPE_REPRESENTATION_RELATIONSHIP());
#9728=CONTEXT_DEPENDENT_SHAPE_REPRESENTATION(#9727,#9722);
#9729=APPLICATION_CONTEXT('automotive design');
#9730=APPLICATION_PROTOCOL_DEFINITION('International Standard','automotive_design',2001,#9729);
#9731=PRODUCT_CONTEXT('',#9729,'mechanical');
#9732=PRODUCT('exhaust header right','exhaust header right',$,(#9731));
#9733=PRODUCT_RELATED_PRODUCT_CATEGORY('part',$,(#9732));
#9734=PRODUCT_DEFINITION_FORMATION('',$,#9732);
#9735=PRODUCT_DEFINITION_CONTEXT('part definition',#9729,'design');
#9736=PRODUCT_DEFINITION('',$,#9734,#9735);
#9742=(NAMED_UNIT(*)PLANE_ANGLE_UNIT()SI_UNIT($,.RADIAN.));
#9743=DIMENSIONAL_EXPONENTS(0.0,0.0,0.0,0.0,0.0,0.0,0.0);
#9744=PLANE_ANGLE_MEASURE_WITH_UNIT(PLANE_ANGLE_MEASURE(0.0174532925),#9742);
#9748=(CONVERSION_BASED_UNIT('DEGREE',#9744)NAMED_UNIT(#9743)PLANE_ANGLE_UNIT());
#9752=(NAMED_UNIT(*)SI_UNIT($,.STERADIAN.)SOLID_ANGLE_UNIT());
#9756=(LENGTH_UNIT()NAMED_UNIT(*)SI_UNIT(.MILLI.,.METRE.));
#9758=UNCERTAINTY_MEASURE_WITH_UNIT(LENGTH_MEASURE(0.01),#9756,'DISTANCE_ACCURACY_VALUE','');
#9760=(GEOMETRIC_REPRESENTATION_CONTEXT(3)GLOBAL_UNCERTAINTY_ASSIGNED_CONTEXT((#9758))GLOBAL_UNIT_ASSIGNED_CONTEXT((#9748,#9752,#9756))REPRESENTATION_CONTEXT('None','None'));
#9761=AXIS2_PLACEMENT_3D('',#9762,#9763,#9764);
#9762=CARTESIAN_POINT('',(0.0,0.0,0.0));
#9763=DIRECTION('',(0.0,0.0,1.0));
#9764=DIRECTION('',(1.0,0.0,0.0));
#9765=SHAPE_REPRESENTATION('',(#9761,#9768,#10168,#10568,#10968,#10980,#11380),#9760);
#9766=PRODUCT_DEFINITION_SHAPE('','',#9736);
#9767=SHAPE_DEFINITION_REPRESENTATION(#9766,#9765);
#9768=AXIS2_PLACEMENT_3D('',#9769,#9770,#9771);
#9769=CARTESIAN_POINT('',(3.552714E-014,7.105427E-014,0.0));
#9770=DIRECTION('',(2.775558E-017,1.479114E-031,1.0));
#9771=DIRECTION('',(1.0,1.340447E-030,0.0));
#9772=NEXT_ASSEMBLY_USAGE_OCCURRENCE('exhaust header plate:1','exhaust header plate:1','exhaust header plate:1',#9736,#90,'exhaust header plate:1');
#9773=PRODUCT_DEFINITION_SHAPE('exhaust header plate:1','exhaust header plate:1',#9772);
#9774=ITEM_DEFINED_TRANSFORMATION('exhaust header plate:1','exhaust header plate:1',#115,#9768);
#9778=(REPRESENTATION_RELATIONSHIP('exhaust header plate:1','exhaust header plate:1',#119,#9765)REPRESENTATION_RELATIONSHIP_WITH_TRANSFORMATION(#9774)SHAPE_REPRESENTATION_RELATIONSHIP());
#9779=CONTEXT_DEPENDENT_SHAPE_REPRESENTATION(#9778,#9773);
#9780=APPLICATION_CONTEXT('automotive design');
#9781=APPLICATION_PROTOCOL_DEFINITION('International Standard','automotive_design',2001,#9780);
#9782=PRODUCT_CONTEXT('',#9780,'mechanical');
#9783=PRODUCT('exhaust header right pipe 5','exhaust header right pipe 5',$,(#9782));
#9784=PRODUCT_RELATED_PRODUCT_CATEGORY('part',$,(#9783));
#9785=PRODUCT_DEFINITION_FORMATION('',$,#9783);
#9786=PRODUCT_DEFINITION_CONTEXT('part definition',#9780,'design');
#9787=PRODUCT_DEFINITION('',$,#9785,#9786);
#9793=(NAMED_UNIT(*)PLANE_ANGLE_UNIT()SI_UNIT($,.RADIAN.));
#9794=DIMENSIONAL_EXPONENTS(0.0,0.0,0.0,0.0,0.0,0.0,0.0);
#9795=PLANE_ANGLE_MEASURE_WITH_UNIT(PLANE_ANGLE_MEASURE(0.0174532925),#9793);
#9799=(CONVERSION_BASED_UNIT('DEGREE',#9795)NAMED_UNIT(#9794)PLANE_ANGLE_UNIT());
#9803=(NAMED_UNIT(*)SI_UNIT($,.STERADIAN.)SOLID_ANGLE_UNIT());
#9807=(LENGTH_UNIT()NAMED_UNIT(*)SI_UNIT(.MILLI.,.METRE.));
#9809=UNCERTAINTY_MEASURE_WITH_UNIT(LENGTH_MEASURE(0.01),#9807,'DISTANCE_ACCURACY_VALUE','');
#9811=(GEOMETRIC_REPRESENTATION_CONTEXT(3)GLOBAL_UNCERTAINTY_ASSIGNED_CONTEXT((#9809))GLOBAL_UNIT_ASSIGNED_CONTEXT((#9799,#9803,#9807))REPRESENTATION_CONTEXT('None','None'));
#9812=AXIS2_PLACEMENT_3D('',#9813,#9814,#9815);
#9813=CARTESIAN_POINT('',(0.0,0.0,0.0));
#9814=DIRECTION('',(0.0,0.0,1.0));
#9815=DIRECTION('',(1.0,0.0,0.0));
#9816=SHAPE_REPRESENTATION('',(#9812),#9811);
#9817=PRODUCT_DEFINITION_SHAPE('','',#9787);
#9818=SHAPE_DEFINITION_REPRESENTATION(#9817,#9816);
#9824=(NAMED_UNIT(*)PLANE_ANGLE_UNIT()SI_UNIT($,.RADIAN.));
#9825=DIMENSIONAL_EXPONENTS(0.0,0.0,0.0,0.0,0.0,0.0,0.0);
#9826=PLANE_ANGLE_MEASURE_WITH_UNIT(PLANE_ANGLE_MEASURE(0.0174532925),#9824);
#9830=(CONVERSION_BASED_UNIT('DEGREE',#9826)NAMED_UNIT(#9825)PLANE_ANGLE_UNIT());
#9834=(NAMED_UNIT(*)SI_UNIT($,.STERADIAN.)SOLID_ANGLE_UNIT());
#9838=(LENGTH_UNIT()NAMED_UNIT(*)SI_UNIT(.MILLI.,.METRE.));
#9840=UNCERTAINTY_MEASURE_WITH_UNIT(LENGTH_MEASURE(0.000001),#9838,'DISTANCE_ACCURACY_VALUE','');
#9842=(GEOMETRIC_REPRESENTATION_CONTEXT(3)GLOBAL_UNCERTAINTY_ASSIGNED_CONTEXT((#9840))GLOBAL_UNIT_ASSIGNED_CONTEXT((#9830,#9834,#9838))REPRESENTATION_CONTEXT('','3D'));
#9843=CARTESIAN_POINT('',(52.774999999999963,137.17509898626147,-332.22500000000002));
#9844=DIRECTION('',(0.0,1.0,9.990758E-016));
#9845=DIRECTION('',(-0.235076540630662,9.710786E-016,-0.971976861887731));
#9846=AXIS2_PLACEMENT_3D('',#9843,#9844,#9845);
#9847=CYLINDRICAL_SURFACE('',#9846,19.037500000000012);
#9848=CARTESIAN_POINT('',(57.250269642256207,247.39999999999995,-313.72099049181224));
#9849=VERTEX_POINT('',#9848);
#9850=CARTESIAN_POINT('',(52.774999999999963,247.39999999999998,-332.22499999999991));
#9851=DIRECTION('',(-2.282778E-016,-1.0,-9.438659E-016));
#9852=DIRECTION('',(-0.235076540630662,9.710786E-016,-0.971976861887731));
#9853=AXIS2_PLACEMENT_3D('',#9850,#9851,#9852);
#9854=CIRCLE('',#9853,19.037500000000012);
#9855=EDGE_CURVE('',#9849,#9849,#9854,.T.);
#9856=ORIENTED_EDGE('',*,*,#9855,.F.);
#9857=EDGE_LOOP('',(#9856));
#9858=FACE_OUTER_BOUND('',#9857,.T.);
#9859=CARTESIAN_POINT('',(57.250269642256207,137.17509898626145,-313.72099049181236));
#9860=VERTEX_POINT('',#9859);
#9861=CARTESIAN_POINT('',(52.774999999999963,137.17509898626147,-332.22500000000002));
#9862=DIRECTION('',(-3.290189E-016,-1.0,-1.360403E-015));
#9863=DIRECTION('',(-0.235076540630662,1.399625E-015,-0.971976861887731));
#9864=AXIS2_PLACEMENT_3D('',#9861,#9862,#9863);
#9865=CIRCLE('',#9864,19.037500000000012);
#9866=EDGE_CURVE('',#9860,#9860,#9865,.T.);
#9867=ORIENTED_EDGE('',*,*,#9866,.T.);
#9868=EDGE_LOOP('',(#9867));
#9869=FACE_BOUND('',#9868,.T.);
#9870=ADVANCED_FACE('',(#9858,#9869),#9847,.F.);
#9871=CARTESIAN_POINT('',(60.719859392789772,137.17509898626136,-270.82437406280945));
#9872=DIRECTION('',(0.991732298601907,2.081668E-017,-0.128323995845585));
#9873=DIRECTION('',(-0.128323995845585,0.0,-0.991732298601907));
#9874=AXIS2_PLACEMENT_3D('',#9871,#9872,#9873);
#9875=TOROIDAL_SURFACE('',#9874,61.912499999999952,19.037500000000005);
#9876=ORIENTED_EDGE('',*,*,#9866,.F.);
#9877=EDGE_LOOP('',(#9876));
#9878=FACE_OUTER_BOUND('',#9877,.T.);
#9879=CARTESIAN_POINT('',(59.577921510682934,102.09719429206055,-295.73209042204206));
#9880=VERTEX_POINT('',#9879);
#9881=CARTESIAN_POINT('',(56.127411284053458,86.653985793644893,-306.31640413150785));
#9882=DIRECTION('',(0.1047134442874,-0.578040199541366,0.809261776126642));
#9883=DIRECTION('',(-0.181248074937857,-0.811199395845868,-0.555971829781527));
#9884=AXIS2_PLACEMENT_3D('',#9881,#9882,#9883);
#9885=CIRCLE('',#9884,19.037500000000005);
#9886=EDGE_CURVE('',#9880,#9880,#9885,.T.);
#9887=ORIENTED_EDGE('',*,*,#9886,.T.);
#9888=EDGE_LOOP('',(#9887));
#9889=FACE_BOUND('',#9888,.T.);
#9890=ADVANCED_FACE('',(#9878,#9889),#9875,.F.);
#9891=CARTESIAN_POINT('',(69.486586873086537,12.908531465943121,-203.07206680366559));
#9892=DIRECTION('',(-0.1047134442874,0.578040199541366,-0.809261776126642));
#9893=DIRECTION('',(-0.181248074937857,-0.811199395845868,-0.555971829781527));
#9894=AXIS2_PLACEMENT_3D('',#9891,#9892,#9893);
#9895=CYLINDRICAL_SURFACE('',#9894,19.037500000000005);
#9896=ORIENTED_EDGE('',*,*,#9886,.F.);
#9897=EDGE_LOOP('',(#9896));
#9898=FACE_OUTER_BOUND('',#9897,.T.);
#9899=CARTESIAN_POINT('',(72.937097099716013,28.351739964358806,-192.4877530941998));
#9900=VERTEX_POINT('',#9899);
#9901=CARTESIAN_POINT('',(69.486586873086537,12.908531465943121,-203.07206680366559));
#9902=DIRECTION('',(0.1047134442874,-0.578040199541366,0.809261776126642));
#9903=DIRECTION('',(-0.181248074937857,-0.811199395845868,-0.555971829781527));
#9904=AXIS2_PLACEMENT_3D('',#9901,#9902,#9903);
#9905=CIRCLE('',#9904,19.037500000000005);
#9906=EDGE_CURVE('',#9900,#9900,#9905,.T.);
#9907=ORIENTED_EDGE('',*,*,#9906,.T.);
#9908=EDGE_LOOP('',(#9907));
#9909=FACE_BOUND('',#9908,.T.);
#9910=ADVANCED_FACE('',(#9898,#9909),#9895,.F.);
#9911=CARTESIAN_POINT('',(105.33395313754409,56.063889469332736,-176.88544686616493));
#9912=DIRECTION('',(0.808575016049925,-0.424273161715911,-0.407674781740847));
#9913=DIRECTION('',(-0.450203600988775,2.355189E-017,-0.892925930666559));
#9914=AXIS2_PLACEMENT_3D('',#9911,#9912,#9913);
#9915=TOROIDAL_SURFACE('',#9914,61.912500000000044,19.037500000000001);
#9916=ORIENTED_EDGE('',*,*,#9906,.F.);
#9917=EDGE_LOOP('',(#9916));
#9918=FACE_OUTER_BOUND('',#9917,.T.);
#9919=CARTESIAN_POINT('',(81.87874254948953,19.037500000000005,-165.05958325751206));
#9920=VERTEX_POINT('',#9919);
#9921=CARTESIAN_POINT('',(81.87874254948953,3.469154E-015,-165.05958325751203));
#9922=DIRECTION('',(0.450203600988774,0.0,0.892925930666559));
#9923=DIRECTION('',(0.0,-1.0,0.0));
#9924=AXIS2_PLACEMENT_3D('',#9921,#9922,#9923);
#9925=CIRCLE('',#9924,19.037500000000001);
#9926=EDGE_CURVE('',#9920,#9920,#9925,.T.);
#9927=ORIENTED_EDGE('',*,*,#9926,.T.);
#9928=EDGE_LOOP('',(#9927));
#9929=FACE_BOUND('',#9928,.T.);
#9930=ADVANCED_FACE('',(#9918,#9929),#9915,.F.);
#9931=CARTESIAN_POINT('',(119.8310053655625,1.887079E-015,-89.785730446217514));
#9932=DIRECTION('',(-0.450203600988775,1.876715E-017,-0.892925930666559));
#9933=DIRECTION('',(0.0,-1.0,0.0));
#9934=AXIS2_PLACEMENT_3D('',#9931,#9932,#9933);
#9935=CYLINDRICAL_SURFACE('',#9934,19.037500000000001);
#9936=ORIENTED_EDGE('',*,*,#9926,.F.);
#9937=EDGE_LOOP('',(#9936));
#9938=FACE_OUTER_BOUND('',#9937,.T.);
#9939=CARTESIAN_POINT('',(119.8310053655625,19.037500000000001,-89.785730446217514));
#9940=VERTEX_POINT('',#9939);
#9941=CARTESIAN_POINT('',(119.8310053655625,1.887079E-015,-89.785730446217514));
#9942=DIRECTION('',(0.450203600988774,0.0,0.892925930666559));
#9943=DIRECTION('',(0.0,-1.0,0.0));
#9944=AXIS2_PLACEMENT_3D('',#9941,#9942,#9943);
#9945=CIRCLE('',#9944,19.037500000000001);
#9946=EDGE_CURVE('',#9940,#9940,#9945,.T.);
#9947=ORIENTED_EDGE('',*,*,#9946,.T.);
#9948=EDGE_LOOP('',(#9947));
#9949=FACE_BOUND('',#9948,.T.);
#9950=ADVANCED_FACE('',(#9938,#9949),#9935,.F.);
#9951=CARTESIAN_POINT('',(64.547728683169169,1.301251E-015,-61.912500000000001));
#9952=DIRECTION('',(1.026342E-048,1.0,2.101759E-017));
#9953=DIRECTION('',(0.0,0.0,1.0));
#9954=AXIS2_PLACEMENT_3D('',#9951,#9952,#9953);
#9955=TOROIDAL_SURFACE('',#9954,61.912500000000001,19.037500000000001);
#9956=ORIENTED_EDGE('',*,*,#9946,.F.);
#9957=EDGE_LOOP('',(#9956));
#9958=FACE_OUTER_BOUND('',#9957,.T.);
#9959=CARTESIAN_POINT('',(64.547728683169183,19.037500000000001,2.331421E-015));
#9960=VERTEX_POINT('',#9959);
#9961=CARTESIAN_POINT('',(64.547728683169183,0.0,0.0));
#9962=DIRECTION('',(-1.0,0.0,0.0));
#9963=DIRECTION('',(0.0,-1.0,0.0));
#9964=AXIS2_PLACEMENT_3D('',#9961,#9962,#9963);
#9965=CIRCLE('',#9964,19.037500000000001);
#9966=EDGE_CURVE('',#9960,#9960,#9965,.T.);
#9967=ORIENTED_EDGE('',*,*,#9966,.T.);
#9968=EDGE_LOOP('',(#9967));
#9969=FACE_BOUND('',#9968,.T.);
#9970=ADVANCED_FACE('',(#9958,#9969),#9955,.F.);
#9971=CARTESIAN_POINT('',(0.0,0.0,0.0));
#9972=DIRECTION('',(1.0,0.0,0.0));
#9973=DIRECTION('',(0.0,-1.0,0.0));
#9974=AXIS2_PLACEMENT_3D('',#9971,#9972,#9973);
#9975=CYLINDRICAL_SURFACE('',#9974,19.037500000000001);
#9976=ORIENTED_EDGE('',*,*,#9966,.F.);
#9977=EDGE_LOOP('',(#9976));
#9978=FACE_OUTER_BOUND('',#9977,.T.);
#9979=CARTESIAN_POINT('',(0.0,19.037500000000001,2.331421E-015));
#9980=VERTEX_POINT('',#9979);
#9981=CARTESIAN_POINT('',(0.0,0.0,0.0));
#9982=DIRECTION('',(1.0,0.0,0.0));
#9983=DIRECTION('',(0.0,-1.0,0.0));
#9984=AXIS2_PLACEMENT_3D('',#9981,#9982,#9983);
#9985=CIRCLE('',#9984,19.037500000000001);
#9986=EDGE_CURVE('',#9980,#9980,#9985,.T.);
#9987=ORIENTED_EDGE('',*,*,#9986,.F.);
#9988=EDGE_LOOP('',(#9987));
#9989=FACE_BOUND('',#9988,.T.);
#9990=ADVANCED_FACE('',(#9978,#9989),#9975,.F.);
#9991=CARTESIAN_POINT('',(52.774999999999963,137.17509898626147,-332.22500000000002));
#9992=DIRECTION('',(0.0,1.0,9.990758E-016));
#9993=DIRECTION('',(-0.235076540630662,9.710786E-016,-0.971976861887731));
#9994=AXIS2_PLACEMENT_3D('',#9991,#9992,#9993);
#9995=CYLINDRICAL_SURFACE('',#9994,20.63750000000001);
#9996=CARTESIAN_POINT('',(57.626392107265268,247.39999999999995,-312.16582751279185));
#9997=VERTEX_POINT('',#9996);
#9998=CARTESIAN_POINT('',(52.774999999999963,247.40000000000003,-332.22499999999991));
#9999=DIRECTION('',(-3.161567E-016,-1.0,-1.307221E-015));
#10000=DIRECTION('',(-0.235076540630662,1.344910E-015,-0.971976861887731));
#10001=AXIS2_PLACEMENT_3D('',#9998,#9999,#10000);
#10002=CIRCLE('',#10001,20.63750000000001);
#10003=EDGE_CURVE('',#9997,#9997,#10002,.T.);
#10004=ORIENTED_EDGE('',*,*,#10003,.T.);
#10005=EDGE_LOOP('',(#10004));
#10006=FACE_OUTER_BOUND('',#10005,.T.);
#10007=CARTESIAN_POINT('',(57.626392107265268,137.17509898626145,-312.16582751279196));
#10008=VERTEX_POINT('',#10007);
#10009=CARTESIAN_POINT('',(52.774999999999963,137.17509898626147,-332.22500000000002));
#10010=DIRECTION('',(-3.161567E-016,-1.0,-1.307221E-015));
#10011=DIRECTION('',(-0.235076540630662,1.344910E-015,-0.971976861887731));
#10012=AXIS2_PLACEMENT_3D('',#10009,#10010,#10011);
#10013=CIRCLE('',#10012,20.63750000000001);
#10014=EDGE_CURVE('',#10008,#10008,#10013,.T.);
#10015=ORIENTED_EDGE('',*,*,#10014,.F.);
#10016=EDGE_LOOP('',(#10015));
#10017=FACE_BOUND('',#10016,.T.);
#10018=ADVANCED_FACE('',(#10006,#10017),#9995,.T.);
#10019=CARTESIAN_POINT('',(60.719859392789772,137.17509898626136,-270.82437406280945));
#10020=DIRECTION('',(0.991732298601907,2.081668E-017,-0.128323995845585));
#10021=DIRECTION('',(-0.128323995845585,0.0,-0.991732298601907));
#10022=AXIS2_PLACEMENT_3D('',#10019,#10020,#10021);
#10023=TOROIDAL_SURFACE('',#10022,61.912499999999952,20.637500000000006);
#10024=ORIENTED_EDGE('',*,*,#10014,.T.);
#10025=EDGE_LOOP('',(#10024));
#10026=FACE_OUTER_BOUND('',#10025,.T.);
#10027=CARTESIAN_POINT('',(59.867918430583501,103.39511332541393,-294.8425354943916));
#10028=VERTEX_POINT('',#10027);
#10029=CARTESIAN_POINT('',(56.127411284053458,86.653985793644893,-306.31640413150785));
#10030=DIRECTION('',(0.1047134442874,-0.578040199541366,0.809261776126642));
#10031=DIRECTION('',(-0.181248074937857,-0.811199395845868,-0.555971829781527));
#10032=AXIS2_PLACEMENT_3D('',#10029,#10030,#10031);
#10033=CIRCLE('',#10032,20.637500000000006);
#10034=EDGE_CURVE('',#10028,#10028,#10033,.T.);
#10035=ORIENTED_EDGE('',*,*,#10034,.F.);
#10036=EDGE_LOOP('',(#10035));
#10037=FACE_BOUND('',#10036,.T.);
#10038=ADVANCED_FACE('',(#10026,#10037),#10023,.T.);
#10039=CARTESIAN_POINT('',(69.486586873086537,12.908531465943121,-203.07206680366559));
#10040=DIRECTION('',(-0.1047134442874,0.578040199541366,-0.809261776126642));
#10041=DIRECTION('',(-0.181248074937857,-0.811199395845868,-0.555971829781527));
#10042=AXIS2_PLACEMENT_3D('',#10039,#10040,#10041);
#10043=CYLINDRICAL_SURFACE('',#10042,20.637500000000003);
#10044=ORIENTED_EDGE('',*,*,#10034,.T.);
#10045=EDGE_LOOP('',(#10044));
#10046=FACE_OUTER_BOUND('',#10045,.T.);
#10047=CARTESIAN_POINT('',(73.227094019616587,29.649658997712191,-191.59819816654934));
#10048=VERTEX_POINT('',#10047);
#10049=CARTESIAN_POINT('',(69.486586873086537,12.908531465943121,-203.07206680366559));
#10050=DIRECTION('',(0.1047134442874,-0.578040199541366,0.809261776126642));
#10051=DIRECTION('',(-0.181248074937857,-0.811199395845868,-0.555971829781527));
#10052=AXIS2_PLACEMENT_3D('',#10049,#10050,#10051);
#10053=CIRCLE('',#10052,20.637500000000003);
#10054=EDGE_CURVE('',#10048,#10048,#10053,.T.);
#10055=ORIENTED_EDGE('',*,*,#10054,.F.);
#10056=EDGE_LOOP('',(#10055));
#10057=FACE_BOUND('',#10056,.T.);
#10058=ADVANCED_FACE('',(#10046,#10057),#10043,.T.);
#10059=CARTESIAN_POINT('',(105.33395313754409,56.063889469332736,-176.88544686616493));
#10060=DIRECTION('',(0.808575016049925,-0.424273161715911,-0.407674781740847));
#10061=DIRECTION('',(-0.450203600988775,2.355189E-017,-0.892925930666559));
#10062=AXIS2_PLACEMENT_3D('',#10059,#10060,#10061);
#10063=TOROIDAL_SURFACE('',#10062,61.912500000000044,20.637500000000003);
#10064=ORIENTED_EDGE('',*,*,#10054,.T.);
#10065=EDGE_LOOP('',(#10064));
#10066=FACE_OUTER_BOUND('',#10065,.T.);
#10067=CARTESIAN_POINT('',(81.87874254948953,20.637500000000003,-165.05958325751206));
#10068=VERTEX_POINT('',#10067);
#10069=CARTESIAN_POINT('',(81.87874254948953,3.469154E-015,-165.05958325751203));
#10070=DIRECTION('',(0.450203600988774,0.0,0.892925930666559));
#10071=DIRECTION('',(0.0,-1.0,0.0));
#10072=AXIS2_PLACEMENT_3D('',#10069,#10070,#10071);
#10073=CIRCLE('',#10072,20.637500000000003);
#10074=EDGE_CURVE('',#10068,#10068,#10073,.T.);
#10075=ORIENTED_EDGE('',*,*,#10074,.F.);
#10076=EDGE_LOOP('',(#10075));
#10077=FACE_BOUND('',#10076,.T.);
#10078=ADVANCED_FACE('',(#10066,#10077),#10063,.T.);
#10079=CARTESIAN_POINT('',(119.8310053655625,1.887079E-015,-89.785730446217514));
#10080=DIRECTION('',(-0.450203600988775,1.876715E-017,-0.892925930666559));
#10081=DIRECTION('',(0.0,-1.0,0.0));
#10082=AXIS2_PLACEMENT_3D('',#10079,#10080,#10081);
#10083=CYLINDRICAL_SURFACE('',#10082,20.637500000000003);
#10084=ORIENTED_EDGE('',*,*,#10074,.T.);
#10085=EDGE_LOOP('',(#10084));
#10086=FACE_OUTER_BOUND('',#10085,.T.);
#10087=CARTESIAN_POINT('',(119.8310053655625,20.637500000000003,-89.785730446217514));
#10088=VERTEX_POINT('',#10087);
#10089=CARTESIAN_POINT('',(119.8310053655625,1.887079E-015,-89.785730446217514));
#10090=DIRECTION('',(0.450203600988774,0.0,0.892925930666559));
#10091=DIRECTION('',(0.0,-1.0,0.0));
#10092=AXIS2_PLACEMENT_3D('',#10089,#10090,#10091);
#10093=CIRCLE('',#10092,20.637500000000003);
#10094=EDGE_CURVE('',#10088,#10088,#10093,.T.);
#10095=ORIENTED_EDGE('',*,*,#10094,.F.);
#10096=EDGE_LOOP('',(#10095));
#10097=FACE_BOUND('',#10096,.T.);
#10098=ADVANCED_FACE('',(#10086,#10097),#10083,.T.);
#10099=CARTESIAN_POINT('',(64.547728683169169,1.301251E-015,-61.912500000000001));
#10100=DIRECTION('',(1.026342E-048,1.0,2.101759E-017));
#10101=DIRECTION('',(0.0,0.0,1.0));
#10102=AXIS2_PLACEMENT_3D('',#10099,#10100,#10101);
#10103=TOROIDAL_SURFACE('',#10102,61.912500000000001,20.637500000000003);
#10104=ORIENTED_EDGE('',*,*,#10094,.T.);
#10105=EDGE_LOOP('',(#10104));
#10106=FACE_OUTER_BOUND('',#10105,.T.);
#10107=CARTESIAN_POINT('',(64.547728683169183,20.637500000000003,2.527365E-015));
#10108=VERTEX_POINT('',#10107);
#10109=CARTESIAN_POINT('',(64.547728683169183,0.0,0.0));
#10110=DIRECTION('',(-1.0,0.0,0.0));
#10111=DIRECTION('',(0.0,-1.0,0.0));
#10112=AXIS2_PLACEMENT_3D('',#10109,#10110,#10111);
#10113=CIRCLE('',#10112,20.637500000000003);
#10114=EDGE_CURVE('',#10108,#10108,#10113,.T.);
#10115=ORIENTED_EDGE('',*,*,#10114,.F.);
#10116=EDGE_LOOP('',(#10115));
#10117=FACE_BOUND('',#10116,.T.);
#10118=ADVANCED_FACE('',(#10106,#10117),#10103,.T.);
#10119=CARTESIAN_POINT('',(0.0,0.0,0.0));
#10120=DIRECTION('',(1.0,0.0,0.0));
#10121=DIRECTION('',(0.0,-1.0,0.0));
#10122=AXIS2_PLACEMENT_3D('',#10119,#10120,#10121);
#10123=CYLINDRICAL_SURFACE('',#10122,20.637500000000003);
#10124=ORIENTED_EDGE('',*,*,#10114,.T.);
#10125=EDGE_LOOP('',(#10124));
#10126=FACE_OUTER_BOUND('',#10125,.T.);
#10127=CARTESIAN_POINT('',(0.0,20.637500000000003,2.527365E-015));
#10128=VERTEX_POINT('',#10127);
#10129=CARTESIAN_POINT('',(0.0,0.0,0.0));
#10130=DIRECTION('',(-1.0,0.0,0.0));
#10131=DIRECTION('',(0.0,-1.0,0.0));
#10132=AXIS2_PLACEMENT_3D('',#10129,#10130,#10131);
#10133=CIRCLE('',#10132,20.637500000000003);
#10134=EDGE_CURVE('',#10128,#10128,#10133,.T.);
#10135=ORIENTED_EDGE('',*,*,#10134,.F.);
#10136=EDGE_LOOP('',(#10135));
#10137=FACE_BOUND('',#10136,.T.);
#10138=ADVANCED_FACE('',(#10126,#10137),#10123,.T.);
#10139=CARTESIAN_POINT('',(52.774999999999999,247.39999999999998,-332.22499999999991));
#10140=DIRECTION('',(0.0,-1.0,0.0));
#10141=DIRECTION('',(0.0,0.0,-1.0));
#10142=AXIS2_PLACEMENT_3D('',#10139,#10140,#10141);
#10143=PLANE('',#10142);
#10144=ORIENTED_EDGE('',*,*,#10003,.F.);
#10145=EDGE_LOOP('',(#10144));
#10146=FACE_OUTER_BOUND('',#10145,.T.);
#10147=ORIENTED_EDGE('',*,*,#9855,.T.);
#10148=EDGE_LOOP('',(#10147));
#10149=FACE_BOUND('',#10148,.T.);
#10150=ADVANCED_FACE('',(#10146,#10149),#10143,.F.);
#10151=CARTESIAN_POINT('',(0.0,0.0,0.0));
#10152=DIRECTION('',(-1.0,0.0,0.0));
#10153=DIRECTION('',(0.0,0.0,1.0));
#10154=AXIS2_PLACEMENT_3D('',#10151,#10152,#10153);
#10155=PLANE('',#10154);
#10156=ORIENTED_EDGE('',*,*,#10134,.T.);
#10157=EDGE_LOOP('',(#10156));
#10158=FACE_OUTER_BOUND('',#10157,.T.);
#10159=ORIENTED_EDGE('',*,*,#9986,.T.);
#10160=EDGE_LOOP('',(#10159));
#10161=FACE_BOUND('',#10160,.T.);
#10162=ADVANCED_FACE('',(#10158,#10161),#10155,.T.);
#10163=CLOSED_SHELL('',(#9870,#9890,#9910,#9930,#9950,#9970,#9990,#10018,#10038,#10058,#10078,#10098,#10118,#10138,#10150,#10162));
#10164=MANIFOLD_SOLID_BREP('Solid1',#10163);
#10165=STYLED_ITEM('',(#2802),#10164);
#10166=ADVANCED_BREP_SHAPE_REPRESENTATION('ABSR',(#10164),#9811);
#10167=SHAPE_REPRESENTATION_RELATIONSHIP('SRR','None',#10166,#9816);
#10168=AXIS2_PLACEMENT_3D('',#10169,#10170,#10171);
#10169=CARTESIAN_POINT('',(6.000000000000037,-19.933404889595963,2.570644287589232));
#10170=DIRECTION('',(2.775558E-017,1.995263E-031,0.999999999999997));
#10171=DIRECTION('',(-1.0,-6.101224E-017,2.775558E-017));
#10172=NEXT_ASSEMBLY_USAGE_OCCURRENCE('exhaust header right pipe 5:1','exhaust header right pipe 5:1','exhaust header right pipe 5:1',#9736,#9787,'exhaust header right pipe 5:1');
#10173=PRODUCT_DEFINITION_SHAPE('exhaust header right pipe 5:1','exhaust header right pipe 5:1',#10172);
#10174=ITEM_DEFINED_TRANSFORMATION('exhaust header right pipe 5:1','exhaust header right pipe 5:1',#9812,#10168);
#10178=(REPRESENTATION_RELATIONSHIP('exhaust header right pipe 5:1','exhaust header right pipe 5:1',#9816,#9765)REPRESENTATION_RELATIONSHIP_WITH_TRANSFORMATION(#10174)SHAPE_REPRESENTATION_RELATIONSHIP());
#10179=CONTEXT_DEPENDENT_SHAPE_REPRESENTATION(#10178,#10173);
#10180=APPLICATION_CONTEXT('automotive design');
#10181=APPLICATION_PROTOCOL_DEFINITION('International Standard','automotive_design',2001,#10180);
#10182=PRODUCT_CONTEXT('',#10180,'mechanical');
#10183=PRODUCT('exhaust header right pipe 3','exhaust header right pipe 3',$,(#10182));
#10184=PRODUCT_RELATED_PRODUCT_CATEGORY('part',$,(#10183));
#10185=PRODUCT_DEFINITION_FORMATION('',$,#10183);
#10186=PRODUCT_DEFINITION_CONTEXT('part definition',#10180,'design');
#10187=PRODUCT_DEFINITION('',$,#10185,#10186);
#10193=(NAMED_UNIT(*)PLANE_ANGLE_UNIT()SI_UNIT($,.RADIAN.));
#10194=DIMENSIONAL_EXPONENTS(0.0,0.0,0.0,0.0,0.0,0.0,0.0);
#10195=PLANE_ANGLE_MEASURE_WITH_UNIT(PLANE_ANGLE_MEASURE(0.0174532925),#10193);
#10199=(CONVERSION_BASED_UNIT('DEGREE',#10195)NAMED_UNIT(#10194)PLANE_ANGLE_UNIT());
#10203=(NAMED_UNIT(*)SI_UNIT($,.STERADIAN.)SOLID_ANGLE_UNIT());
#10207=(LENGTH_UNIT()NAMED_UNIT(*)SI_UNIT(.MILLI.,.METRE.));
#10209=UNCERTAINTY_MEASURE_WITH_UNIT(LENGTH_MEASURE(0.01),#10207,'DISTANCE_ACCURACY_VALUE','');
#10211=(GEOMETRIC_REPRESENTATION_CONTEXT(3)GLOBAL_UNCERTAINTY_ASSIGNED_CONTEXT((#10209))GLOBAL_UNIT_ASSIGNED_CONTEXT((#10199,#10203,#10207))REPRESENTATION_CONTEXT('None','None'));
#10212=AXIS2_PLACEMENT_3D('',#10213,#10214,#10215);
#10213=CARTESIAN_POINT('',(0.0,0.0,0.0));
#10214=DIRECTION('',(0.0,0.0,1.0));
#10215=DIRECTION('',(1.0,0.0,0.0));
#10216=SHAPE_REPRESENTATION('',(#10212),#10211);
#10217=PRODUCT_DEFINITION_SHAPE('','',#10187);
#10218=SHAPE_DEFINITION_REPRESENTATION(#10217,#10216);
#10224=(NAMED_UNIT(*)PLANE_ANGLE_UNIT()SI_UNIT($,.RADIAN.));
#10225=DIMENSIONAL_EXPONENTS(0.0,0.0,0.0,0.0,0.0,0.0,0.0);
#10226=PLANE_ANGLE_MEASURE_WITH_UNIT(PLANE_ANGLE_MEASURE(0.0174532925),#10224);
#10230=(CONVERSION_BASED_UNIT('DEGREE',#10226)NAMED_UNIT(#10225)PLANE_ANGLE_UNIT());
#10234=(NAMED_UNIT(*)SI_UNIT($,.STERADIAN.)SOLID_ANGLE_UNIT());
#10238=(LENGTH_UNIT()NAMED_UNIT(*)SI_UNIT(.MILLI.,.METRE.));
#10240=UNCERTAINTY_MEASURE_WITH_UNIT(LENGTH_MEASURE(0.000001),#10238,'DISTANCE_ACCURACY_VALUE','');
#10242=(GEOMETRIC_REPRESENTATION_CONTEXT(3)GLOBAL_UNCERTAINTY_ASSIGNED_CONTEXT((#10240))GLOBAL_UNIT_ASSIGNED_CONTEXT((#10230,#10234,#10238))REPRESENTATION_CONTEXT('','3D'));
#10243=CARTESIAN_POINT('',(97.224999999999994,61.912500000000072,-332.22499999999997));
#10244=DIRECTION('',(0.0,1.0,0.0));
#10245=DIRECTION('',(0.318646154454679,0.0,-0.94787374066974));
#10246=AXIS2_PLACEMENT_3D('',#10243,#10244,#10245);
#10247=CYLINDRICAL_SURFACE('',#10246,19.037500000000001);
#10248=CARTESIAN_POINT('',(91.158773834569033,291.84999999999997,-314.17985366199974));
#10249=VERTEX_POINT('',#10248);
#10250=CARTESIAN_POINT('',(97.224999999999994,291.84999999999997,-332.22499999999997));
#10251=DIRECTION('',(0.0,-1.0,0.0));
#10252=DIRECTION('',(0.318646154454679,0.0,-0.94787374066974));
#10253=AXIS2_PLACEMENT_3D('',#10250,#10251,#10252);
#10254=CIRCLE('',#10253,19.037500000000001);
#10255=EDGE_CURVE('',#10249,#10249,#10254,.T.);
#10256=ORIENTED_EDGE('',*,*,#10255,.F.);
#10257=EDGE_LOOP('',(#10256));
#10258=FACE_OUTER_BOUND('',#10257,.T.);
#10259=CARTESIAN_POINT('',(91.158773834569033,61.91250000000008,-314.17985366199974));
#10260=VERTEX_POINT('',#10259);
#10261=CARTESIAN_POINT('',(97.224999999999994,61.912500000000072,-332.22499999999997));
#10262=DIRECTION('',(-3.996103E-017,-1.0,1.188717E-016));
#10263=DIRECTION('',(0.318646154454679,-1.254088E-016,-0.94787374066974));
#10264=AXIS2_PLACEMENT_3D('',#10261,#10262,#10263);
#10265=CIRCLE('',#10264,19.037500000000001);
#10266=EDGE_CURVE('',#10260,#10260,#10265,.T.);
#10267=ORIENTED_EDGE('',*,*,#10266,.T.);
#10268=EDGE_LOOP('',(#10267));
#10269=FACE_BOUND('',#10268,.T.);
#10270=ADVANCED_FACE('',(#10258,#10269),#10247,.F.);
#10271=CARTESIAN_POINT('',(77.496819962324693,61.91250000000003,-273.53976703078467));
#10272=DIRECTION('',(0.94787374066974,0.0,0.318646154454679));
#10273=DIRECTION('',(0.318646154454679,0.0,-0.94787374066974));
#10274=AXIS2_PLACEMENT_3D('',#10271,#10272,#10273);
#10275=TOROIDAL_SURFACE('',#10274,61.912500000000001,19.037500000000001);
#10276=ORIENTED_EDGE('',*,*,#10266,.F.);
#10277=EDGE_LOOP('',(#10276));
#10278=FACE_OUTER_BOUND('',#10277,.T.);
#10279=CARTESIAN_POINT('',(77.496819962324665,19.037500000000016,-273.53976703078467));
#10280=VERTEX_POINT('',#10279);
#10281=CARTESIAN_POINT('',(77.496819962324693,1.476323E-014,-273.53976703078467));
#10282=DIRECTION('',(-0.318646154454679,0.0,0.94787374066974));
#10283=DIRECTION('',(0.0,-1.0,0.0));
#10284=AXIS2_PLACEMENT_3D('',#10281,#10282,#10283);
#10285=CIRCLE('',#10284,19.037500000000001);
#10286=EDGE_CURVE('',#10280,#10280,#10285,.T.);
#10287=ORIENTED_EDGE('',*,*,#10286,.T.);
#10288=EDGE_LOOP('',(#10287));
#10289=FACE_BOUND('',#10288,.T.);
#10290=ADVANCED_FACE('',(#10278,#10289),#10275,.F.);
#10291=CARTESIAN_POINT('',(60.58784427514604,2.141805E-014,-223.24079492196142));
#10292=DIRECTION('',(0.318646154454679,-1.254088E-016,-0.94787374066974));
#10293=DIRECTION('',(0.0,-1.0,0.0));
#10294=AXIS2_PLACEMENT_3D('',#10291,#10292,#10293);
#10295=CYLINDRICAL_SURFACE('',#10294,19.037500000000001);
#10296=ORIENTED_EDGE('',*,*,#10286,.F.);
#10297=EDGE_LOOP('',(#10296));
#10298=FACE_OUTER_BOUND('',#10297,.T.);
#10299=CARTESIAN_POINT('',(60.58784427514604,19.037500000000019,-223.24079492196145));
#10300=VERTEX_POINT('',#10299);
#10301=CARTESIAN_POINT('',(60.58784427514604,2.141805E-014,-223.24079492196142));
#10302=DIRECTION('',(-0.318646154454679,0.0,0.94787374066974));
#10303=DIRECTION('',(0.0,-1.0,0.0));
#10304=AXIS2_PLACEMENT_3D('',#10301,#10302,#10303);
#10305=CIRCLE('',#10304,19.037500000000001);
#10306=EDGE_CURVE('',#10300,#10300,#10305,.T.);
#10307=ORIENTED_EDGE('',*,*,#10306,.T.);
#10308=EDGE_LOOP('',(#10307));
#10309=FACE_BOUND('',#10308,.T.);
#10310=ADVANCED_FACE('',(#10298,#10309),#10295,.F.);
#10311=CARTESIAN_POINT('',(119.2730772443613,3.085921E-015,-203.51261488428608));
#10312=DIRECTION('',(-3.206240E-016,-1.0,2.452140E-017));
#10313=DIRECTION('',(0.0,0.0,-1.0));
#10314=AXIS2_PLACEMENT_3D('',#10311,#10312,#10313);
#10315=TOROIDAL_SURFACE('',#10314,61.912500000000009,19.037500000000001);
#10316=ORIENTED_EDGE('',*,*,#10306,.F.);
#10317=EDGE_LOOP('',(#10316));
#10318=FACE_OUTER_BOUND('',#10317,.T.);
#10319=CARTESIAN_POINT('',(62.99282213200275,19.037500000000019,-177.71163543121418));
#10320=VERTEX_POINT('',#10319);
#10321=CARTESIAN_POINT('',(62.992822132002729,2.176340E-014,-177.71163543121418));
#10322=DIRECTION('',(0.416732961083334,0.0,0.909028953965008));
#10323=DIRECTION('',(0.0,-1.0,0.0));
#10324=AXIS2_PLACEMENT_3D('',#10321,#10322,#10323);
#10325=CIRCLE('',#10324,19.037500000000001);
#10326=EDGE_CURVE('',#10320,#10320,#10325,.T.);
#10327=ORIENTED_EDGE('',*,*,#10326,.T.);
#10328=EDGE_LOOP('',(#10327));
#10329=FACE_BOUND('',#10328,.T.);
#10330=ADVANCED_FACE('',(#10318,#10329),#10315,.F.);
#10331=CARTESIAN_POINT('',(104.25135176323238,1.074180E-014,-87.713479453071855));
#10332=DIRECTION('',(-0.416732961083333,1.113239E-016,-0.909028953965008));
#10333=DIRECTION('',(0.0,-1.0,0.0));
#10334=AXIS2_PLACEMENT_3D('',#10331,#10332,#10333);
#10335=CYLINDRICAL_SURFACE('',#10334,19.037500000000001);
#10336=ORIENTED_EDGE('',*,*,#10326,.F.);
#10337=EDGE_LOOP('',(#10336));
#10338=FACE_OUTER_BOUND('',#10337,.T.);
#10339=CARTESIAN_POINT('',(104.25135176323238,19.037500000000009,-87.713479453071841));
#10340=VERTEX_POINT('',#10339);
#10341=CARTESIAN_POINT('',(104.25135176323238,1.074180E-014,-87.713479453071855));
#10342=DIRECTION('',(0.416732961083334,0.0,0.909028953965008));
#10343=DIRECTION('',(0.0,-1.0,0.0));
#10344=AXIS2_PLACEMENT_3D('',#10341,#10342,#10343);
#10345=CIRCLE('',#10344,19.037500000000001);
#10346=EDGE_CURVE('',#10340,#10340,#10345,.T.);
#10347=ORIENTED_EDGE('',*,*,#10346,.T.);
#10348=EDGE_LOOP('',(#10347));
#10349=FACE_BOUND('',#10348,.T.);
#10350=ADVANCED_FACE('',(#10338,#10349),#10335,.F.);
#10351=CARTESIAN_POINT('',(47.971096650873818,7.582094E-015,-61.91249999999998));
#10352=DIRECTION('',(5.473822E-048,1.0,1.224647E-016));
#10353=DIRECTION('',(0.0,0.0,1.0));
#10354=AXIS2_PLACEMENT_3D('',#10351,#10352,#10353);
#10355=TOROIDAL_SURFACE('',#10354,61.91249999999998,19.037500000000001);
#10356=ORIENTED_EDGE('',*,*,#10346,.F.);
#10357=EDGE_LOOP('',(#10356));
#10358=FACE_OUTER_BOUND('',#10357,.T.);
#10359=CARTESIAN_POINT('',(47.971096650873804,19.037500000000001,2.331421E-015));
#10360=VERTEX_POINT('',#10359);
#10361=CARTESIAN_POINT('',(47.971096650873804,0.0,0.0));
#10362=DIRECTION('',(-1.0,0.0,0.0));
#10363=DIRECTION('',(0.0,-1.0,0.0));
#10364=AXIS2_PLACEMENT_3D('',#10361,#10362,#10363);
#10365=CIRCLE('',#10364,19.037500000000001);
#10366=EDGE_CURVE('',#10360,#10360,#10365,.T.);
#10367=ORIENTED_EDGE('',*,*,#10366,.T.);
#10368=EDGE_LOOP('',(#10367));
#10369=FACE_BOUND('',#10368,.T.);
#10370=ADVANCED_FACE('',(#10358,#10369),#10355,.F.);
#10371=CARTESIAN_POINT('',(0.0,0.0,0.0));
#10372=DIRECTION('',(1.0,0.0,0.0));
#10373=DIRECTION('',(0.0,-1.0,0.0));
#10374=AXIS2_PLACEMENT_3D('',#10371,#10372,#10373);
#10375=CYLINDRICAL_SURFACE('',#10374,19.037500000000001);
#10376=ORIENTED_EDGE('',*,*,#10366,.F.);
#10377=EDGE_LOOP('',(#10376));
#10378=FACE_OUTER_BOUND('',#10377,.T.);
#10379=CARTESIAN_POINT('',(0.0,19.037500000000001,2.331421E-015));
#10380=VERTEX_POINT('',#10379);
#10381=CARTESIAN_POINT('',(0.0,0.0,0.0));
#10382=DIRECTION('',(1.0,0.0,0.0));
#10383=DIRECTION('',(0.0,-1.0,0.0));
#10384=AXIS2_PLACEMENT_3D('',#10381,#10382,#10383);
#10385=CIRCLE('',#10384,19.037500000000001);
#10386=EDGE_CURVE('',#10380,#10380,#10385,.T.);
#10387=ORIENTED_EDGE('',*,*,#10386,.F.);
#10388=EDGE_LOOP('',(#10387));
#10389=FACE_BOUND('',#10388,.T.);
#10390=ADVANCED_FACE('',(#10378,#10389),#10375,.F.);
#10391=CARTESIAN_POINT('',(97.224999999999994,61.912500000000072,-332.22499999999997));
#10392=DIRECTION('',(0.0,1.0,0.0));
#10393=DIRECTION('',(0.318646154454679,0.0,-0.94787374066974));
#10394=AXIS2_PLACEMENT_3D('',#10391,#10392,#10393);
#10395=CYLINDRICAL_SURFACE('',#10394,20.637500000000003);
#10396=CARTESIAN_POINT('',(90.648939987441537,291.84999999999997,-312.6632556769282));
#10397=VERTEX_POINT('',#10396);
#10398=CARTESIAN_POINT('',(97.224999999999994,291.85000000000002,-332.22499999999997));
#10399=DIRECTION('',(-3.996103E-017,-1.0,1.188717E-016));
#10400=DIRECTION('',(0.318646154454679,-1.254088E-016,-0.94787374066974));
#10401=AXIS2_PLACEMENT_3D('',#10398,#10399,#10400);
#10402=CIRCLE('',#10401,20.637500000000003);
#10403=EDGE_CURVE('',#10397,#10397,#10402,.T.);
#10404=ORIENTED_EDGE('',*,*,#10403,.T.);
#10405=EDGE_LOOP('',(#10404));
#10406=FACE_OUTER_BOUND('',#10405,.T.);
#10407=CARTESIAN_POINT('',(90.648939987441537,61.91250000000008,-312.6632556769282));
#10408=VERTEX_POINT('',#10407);
#10409=CARTESIAN_POINT('',(97.224999999999994,61.912500000000072,-332.22499999999997));
#10410=DIRECTION('',(-3.996103E-017,-1.0,1.188717E-016));
#10411=DIRECTION('',(0.318646154454679,-1.254088E-016,-0.94787374066974));
#10412=AXIS2_PLACEMENT_3D('',#10409,#10410,#10411);
#10413=CIRCLE('',#10412,20.637500000000003);
#10414=EDGE_CURVE('',#10408,#10408,#10413,.T.);
#10415=ORIENTED_EDGE('',*,*,#10414,.F.);
#10416=EDGE_LOOP('',(#10415));
#10417=FACE_BOUND('',#10416,.T.);
#10418=ADVANCED_FACE('',(#10406,#10417),#10395,.T.);
#10419=CARTESIAN_POINT('',(77.496819962324693,61.91250000000003,-273.53976703078467));
#10420=DIRECTION('',(0.94787374066974,0.0,0.318646154454679));
#10421=DIRECTION('',(0.318646154454679,0.0,-0.94787374066974));
#10422=AXIS2_PLACEMENT_3D('',#10419,#10420,#10421);
#10423=TOROIDAL_SURFACE('',#10422,61.912500000000001,20.637500000000003);
#10424=ORIENTED_EDGE('',*,*,#10414,.T.);
#10425=EDGE_LOOP('',(#10424));
#10426=FACE_OUTER_BOUND('',#10425,.T.);
#10427=CARTESIAN_POINT('',(77.496819962324665,20.637500000000024,-273.53976703078467));
#10428=VERTEX_POINT('',#10427);
#10429=CARTESIAN_POINT('',(77.496819962324693,1.476323E-014,-273.53976703078467));
#10430=DIRECTION('',(-0.318646154454679,0.0,0.94787374066974));
#10431=DIRECTION('',(0.0,-1.0,0.0));
#10432=AXIS2_PLACEMENT_3D('',#10429,#10430,#10431);
#10433=CIRCLE('',#10432,20.637500000000003);
#10434=EDGE_CURVE('',#10428,#10428,#10433,.T.);
#10435=ORIENTED_EDGE('',*,*,#10434,.F.);
#10436=EDGE_LOOP('',(#10435));
#10437=FACE_BOUND('',#10436,.T.);
#10438=ADVANCED_FACE('',(#10426,#10437),#10423,.T.);
#10439=CARTESIAN_POINT('',(60.58784427514604,2.141805E-014,-223.24079492196142));
#10440=DIRECTION('',(0.318646154454679,-1.254088E-016,-0.94787374066974));
#10441=DIRECTION('',(0.0,-1.0,0.0));
#10442=AXIS2_PLACEMENT_3D('',#10439,#10440,#10441);
#10443=CYLINDRICAL_SURFACE('',#10442,20.637500000000003);
#10444=ORIENTED_EDGE('',*,*,#10434,.T.);
#10445=EDGE_LOOP('',(#10444));
#10446=FACE_OUTER_BOUND('',#10445,.T.);
#10447=CARTESIAN_POINT('',(60.58784427514604,20.637500000000028,-223.24079492196145));
#10448=VERTEX_POINT('',#10447);
#10449=CARTESIAN_POINT('',(60.58784427514604,2.141805E-014,-223.24079492196142));
#10450=DIRECTION('',(-0.318646154454679,0.0,0.94787374066974));
#10451=DIRECTION('',(0.0,-1.0,0.0));
#10452=AXIS2_PLACEMENT_3D('',#10449,#10450,#10451);
#10453=CIRCLE('',#10452,20.637500000000003);
#10454=EDGE_CURVE('',#10448,#10448,#10453,.T.);
#10455=ORIENTED_EDGE('',*,*,#10454,.F.);
#10456=EDGE_LOOP('',(#10455));
#10457=FACE_BOUND('',#10456,.T.);
#10458=ADVANCED_FACE('',(#10446,#10457),#10443,.T.);
#10459=CARTESIAN_POINT('',(119.2730772443613,3.085921E-015,-203.51261488428608));
#10460=DIRECTION('',(-3.206240E-016,-1.0,2.452140E-017));
#10461=DIRECTION('',(0.0,0.0,-1.0));
#10462=AXIS2_PLACEMENT_3D('',#10459,#10460,#10461);
#10463=TOROIDAL_SURFACE('',#10462,61.912500000000009,20.637500000000003);
#10464=ORIENTED_EDGE('',*,*,#10454,.T.);
#10465=EDGE_LOOP('',(#10464));
#10466=FACE_OUTER_BOUND('',#10465,.T.);
#10467=CARTESIAN_POINT('',(62.99282213200275,20.637500000000028,-177.71163543121418));
#10468=VERTEX_POINT('',#10467);
#10469=CARTESIAN_POINT('',(62.992822132002729,2.176340E-014,-177.71163543121418));
#10470=DIRECTION('',(0.416732961083334,0.0,0.909028953965008));
#10471=DIRECTION('',(0.0,-1.0,0.0));
#10472=AXIS2_PLACEMENT_3D('',#10469,#10470,#10471);
#10473=CIRCLE('',#10472,20.637500000000003);
#10474=EDGE_CURVE('',#10468,#10468,#10473,.T.);
#10475=ORIENTED_EDGE('',*,*,#10474,.F.);
#10476=EDGE_LOOP('',(#10475));
#10477=FACE_BOUND('',#10476,.T.);
#10478=ADVANCED_FACE('',(#10466,#10477),#10463,.T.);
#10479=CARTESIAN_POINT('',(104.25135176323238,1.074180E-014,-87.713479453071855));
#10480=DIRECTION('',(-0.416732961083333,1.113239E-016,-0.909028953965008));
#10481=DIRECTION('',(0.0,-1.0,0.0));
#10482=AXIS2_PLACEMENT_3D('',#10479,#10480,#10481);
#10483=CYLINDRICAL_SURFACE('',#10482,20.637500000000003);
#10484=ORIENTED_EDGE('',*,*,#10474,.T.);
#10485=EDGE_LOOP('',(#10484));
#10486=FACE_OUTER_BOUND('',#10485,.T.);
#10487=CARTESIAN_POINT('',(104.25135176323238,20.637500000000021,-87.713479453071841));
#10488=VERTEX_POINT('',#10487);
#10489=CARTESIAN_POINT('',(104.25135176323238,1.074180E-014,-87.713479453071855));
#10490=DIRECTION('',(0.416732961083334,0.0,0.909028953965008));
#10491=DIRECTION('',(0.0,-1.0,0.0));
#10492=AXIS2_PLACEMENT_3D('',#10489,#10490,#10491);
#10493=CIRCLE('',#10492,20.637500000000003);
#10494=EDGE_CURVE('',#10488,#10488,#10493,.T.);
#10495=ORIENTED_EDGE('',*,*,#10494,.F.);
#10496=EDGE_LOOP('',(#10495));
#10497=FACE_BOUND('',#10496,.T.);
#10498=ADVANCED_FACE('',(#10486,#10497),#10483,.T.);
#10499=CARTESIAN_POINT('',(47.971096650873818,7.582094E-015,-61.91249999999998));
#10500=DIRECTION('',(5.473822E-048,1.0,1.224647E-016));
#10501=DIRECTION('',(0.0,0.0,1.0));
#10502=AXIS2_PLACEMENT_3D('',#10499,#10500,#10501);
#10503=TOROIDAL_SURFACE('',#10502,61.91249999999998,20.637500000000003);
#10504=ORIENTED_EDGE('',*,*,#10494,.T.);
#10505=EDGE_LOOP('',(#10504));
#10506=FACE_OUTER_BOUND('',#10505,.T.);
#10507=CARTESIAN_POINT('',(47.971096650873804,20.637500000000003,2.527365E-015));
#10508=VERTEX_POINT('',#10507);
#10509=CARTESIAN_POINT('',(47.971096650873804,0.0,0.0));
#10510=DIRECTION('',(-1.0,0.0,0.0));
#10511=DIRECTION('',(0.0,-1.0,0.0));
#10512=AXIS2_PLACEMENT_3D('',#10509,#10510,#10511);
#10513=CIRCLE('',#10512,20.637500000000003);
#10514=EDGE_CURVE('',#10508,#10508,#10513,.T.);
#10515=ORIENTED_EDGE('',*,*,#10514,.F.);
#10516=EDGE_LOOP('',(#10515));
#10517=FACE_BOUND('',#10516,.T.);
#10518=ADVANCED_FACE('',(#10506,#10517),#10503,.T.);
#10519=CARTESIAN_POINT('',(0.0,0.0,0.0));
#10520=DIRECTION('',(1.0,0.0,0.0));
#10521=DIRECTION('',(0.0,-1.0,0.0));
#10522=AXIS2_PLACEMENT_3D('',#10519,#10520,#10521);
#10523=CYLINDRICAL_SURFACE('',#10522,20.637500000000003);
#10524=ORIENTED_EDGE('',*,*,#10514,.T.);
#10525=EDGE_LOOP('',(#10524));
#10526=FACE_OUTER_BOUND('',#10525,.T.);
#10527=CARTESIAN_POINT('',(0.0,20.637500000000003,2.527365E-015));
#10528=VERTEX_POINT('',#10527);
#10529=CARTESIAN_POINT('',(0.0,0.0,0.0));
#10530=DIRECTION('',(-1.0,0.0,0.0));
#10531=DIRECTION('',(0.0,-1.0,0.0));
#10532=AXIS2_PLACEMENT_3D('',#10529,#10530,#10531);
#10533=CIRCLE('',#10532,20.637500000000003);
#10534=EDGE_CURVE('',#10528,#10528,#10533,.T.);
#10535=ORIENTED_EDGE('',*,*,#10534,.F.);
#10536=EDGE_LOOP('',(#10535));
#10537=FACE_BOUND('',#10536,.T.);
#10538=ADVANCED_FACE('',(#10526,#10537),#10523,.T.);
#10539=CARTESIAN_POINT('',(97.224999999999994,291.84999999999997,-332.22499999999997));
#10540=DIRECTION('',(0.0,-1.0,0.0));
#10541=DIRECTION('',(0.0,0.0,-1.0));
#10542=AXIS2_PLACEMENT_3D('',#10539,#10540,#10541);
#10543=PLANE('',#10542);
#10544=ORIENTED_EDGE('',*,*,#10403,.F.);
#10545=EDGE_LOOP('',(#10544));
#10546=FACE_OUTER_BOUND('',#10545,.T.);
#10547=ORIENTED_EDGE('',*,*,#10255,.T.);
#10548=EDGE_LOOP('',(#10547));
#10549=FACE_BOUND('',#10548,.T.);
#10550=ADVANCED_FACE('',(#10546,#10549),#10543,.F.);
#10551=CARTESIAN_POINT('',(0.0,0.0,0.0));
#10552=DIRECTION('',(-1.0,0.0,0.0));
#10553=DIRECTION('',(0.0,0.0,1.0));
#10554=AXIS2_PLACEMENT_3D('',#10551,#10552,#10553);
#10555=PLANE('',#10554);
#10556=ORIENTED_EDGE('',*,*,#10534,.T.);
#10557=EDGE_LOOP('',(#10556));
#10558=FACE_OUTER_BOUND('',#10557,.T.);
#10559=ORIENTED_EDGE('',*,*,#10386,.T.);
#10560=EDGE_LOOP('',(#10559));
#10561=FACE_BOUND('',#10560,.T.);
#10562=ADVANCED_FACE('',(#10558,#10561),#10555,.T.);
#10563=CLOSED_SHELL('',(#10270,#10290,#10310,#10330,#10350,#10370,#10390,#10418,#10438,#10458,#10478,#10498,#10518,#10538,#10550,#10562));
#10564=MANIFOLD_SOLID_BREP('Solid1',#10563);
#10565=STYLED_ITEM('',(#2802),#10564);
#10566=ADVANCED_BREP_SHAPE_REPRESENTATION('ABSR',(#10564),#10211);
#10567=SHAPE_REPRESENTATION_RELATIONSHIP('SRR','None',#10566,#10216);
#10568=AXIS2_PLACEMENT_3D('',#10569,#10570,#10571);
#10569=CARTESIAN_POINT('',(6.000000000000037,24.516595110404502,2.570644287588522));
#10570=DIRECTION('',(2.775558E-017,-1.269818E-015,0.999999999999991));
#10571=DIRECTION('',(-0.999999999999996,-2.997852E-015,1.701136E-015));
#10572=NEXT_ASSEMBLY_USAGE_OCCURRENCE('exhaust header right pipe 3:1','exhaust header right pipe 3:1','exhaust header right pipe 3:1',#9736,#10187,'exhaust header right pipe 3:1');
#10573=PRODUCT_DEFINITION_SHAPE('exhaust header right pipe 3:1','exhaust header right pipe 3:1',#10572);
#10574=ITEM_DEFINED_TRANSFORMATION('exhaust header right pipe 3:1','exhaust header right pipe 3:1',#10212,#10568);
#10578=(REPRESENTATION_RELATIONSHIP('exhaust header right pipe 3:1','exhaust header right pipe 3:1',#10216,#9765)REPRESENTATION_RELATIONSHIP_WITH_TRANSFORMATION(#10574)SHAPE_REPRESENTATION_RELATIONSHIP());
#10579=CONTEXT_DEPENDENT_SHAPE_REPRESENTATION(#10578,#10573);
#10580=APPLICATION_CONTEXT('automotive design');
#10581=APPLICATION_PROTOCOL_DEFINITION('International Standard','automotive_design',2001,#10580);
#10582=PRODUCT_CONTEXT('',#10580,'mechanical');
#10583=PRODUCT('exhaust header right pipe 1','exhaust header right pipe 1',$,(#10582));
#10584=PRODUCT_RELATED_PRODUCT_CATEGORY('part',$,(#10583));
#10585=PRODUCT_DEFINITION_FORMATION('',$,#10583);
#10586=PRODUCT_DEFINITION_CONTEXT('part definition',#10580,'design');
#10587=PRODUCT_DEFINITION('',$,#10585,#10586);
#10593=(NAMED_UNIT(*)PLANE_ANGLE_UNIT()SI_UNIT($,.RADIAN.));
#10594=DIMENSIONAL_EXPONENTS(0.0,0.0,0.0,0.0,0.0,0.0,0.0);
#10595=PLANE_ANGLE_MEASURE_WITH_UNIT(PLANE_ANGLE_MEASURE(0.0174532925),#10593);
#10599=(CONVERSION_BASED_UNIT('DEGREE',#10595)NAMED_UNIT(#10594)PLANE_ANGLE_UNIT());
#10603=(NAMED_UNIT(*)SI_UNIT($,.STERADIAN.)SOLID_ANGLE_UNIT());
#10607=(LENGTH_UNIT()NAMED_UNIT(*)SI_UNIT(.MILLI.,.METRE.));
#10609=UNCERTAINTY_MEASURE_WITH_UNIT(LENGTH_MEASURE(0.01),#10607,'DISTANCE_ACCURACY_VALUE','');
#10611=(GEOMETRIC_REPRESENTATION_CONTEXT(3)GLOBAL_UNCERTAINTY_ASSIGNED_CONTEXT((#10609))GLOBAL_UNIT_ASSIGNED_CONTEXT((#10599,#10603,#10607))REPRESENTATION_CONTEXT('None','None'));
#10612=AXIS2_PLACEMENT_3D('',#10613,#10614,#10615);
#10613=CARTESIAN_POINT('',(0.0,0.0,0.0));
#10614=DIRECTION('',(0.0,0.0,1.0));
#10615=DIRECTION('',(1.0,0.0,0.0));
#10616=SHAPE_REPRESENTATION('',(#10612),#10611);
#10617=PRODUCT_DEFINITION_SHAPE('','',#10587);
#10618=SHAPE_DEFINITION_REPRESENTATION(#10617,#10616);
#10624=(NAMED_UNIT(*)PLANE_ANGLE_UNIT()SI_UNIT($,.RADIAN.));
#10625=DIMENSIONAL_EXPONENTS(0.0,0.0,0.0,0.0,0.0,0.0,0.0);
#10626=PLANE_ANGLE_MEASURE_WITH_UNIT(PLANE_ANGLE_MEASURE(0.0174532925),#10624);
#10630=(CONVERSION_BASED_UNIT('DEGREE',#10626)NAMED_UNIT(#10625)PLANE_ANGLE_UNIT());
#10634=(NAMED_UNIT(*)SI_UNIT($,.STERADIAN.)SOLID_ANGLE_UNIT());
#10638=(LENGTH_UNIT()NAMED_UNIT(*)SI_UNIT(.MILLI.,.METRE.));
#10640=UNCERTAINTY_MEASURE_WITH_UNIT(LENGTH_MEASURE(0.000001),#10638,'DISTANCE_ACCURACY_VALUE','');
#10642=(GEOMETRIC_REPRESENTATION_CONTEXT(3)GLOBAL_UNCERTAINTY_ASSIGNED_CONTEXT((#10640))GLOBAL_UNIT_ASSIGNED_CONTEXT((#10630,#10634,#10638))REPRESENTATION_CONTEXT('','3D'));
#10643=CARTESIAN_POINT('',(97.22499999999998,297.29103701259942,-287.77499999999998));
#10644=DIRECTION('',(0.0,1.0,3.729883E-016));
#10645=DIRECTION('',(0.608111411971437,2.960974E-016,-0.793851693095193));
#10646=AXIS2_PLACEMENT_3D('',#10643,#10644,#10645);
#10647=CYLINDRICAL_SURFACE('',#10646,19.037500000000019);
#10648=CARTESIAN_POINT('',(85.648078994593689,463.85000000000002,-272.66204839270006));
#10649=VERTEX_POINT('',#10648);
#10650=CARTESIAN_POINT('',(97.22499999999998,463.85000000000002,-287.77499999999992));
#10651=DIRECTION('',(1.800602E-016,-1.0,-2.350574E-016));
#10652=DIRECTION('',(0.608111411971437,2.960974E-016,-0.793851693095193));
#10653=AXIS2_PLACEMENT_3D('',#10650,#10651,#10652);
#10654=CIRCLE('',#10653,19.037500000000019);
#10655=EDGE_CURVE('',#10649,#10649,#10654,.T.);
#10656=ORIENTED_EDGE('',*,*,#10655,.F.);
#10657=EDGE_LOOP('',(#10656));
#10658=FACE_OUTER_BOUND('',#10657,.T.);
#10659=CARTESIAN_POINT('',(85.648078994593689,297.29103701259942,-272.66204839270011));
#10660=VERTEX_POINT('',#10659);
#10661=CARTESIAN_POINT('',(97.22499999999998,297.29103701259942,-287.77499999999998));
#10662=DIRECTION('',(-3.546365E-017,-1.0,4.629560E-017));
#10663=DIRECTION('',(0.608111411971437,-5.831769E-017,-0.793851693095193));
#10664=AXIS2_PLACEMENT_3D('',#10661,#10662,#10663);
#10665=CIRCLE('',#10664,19.037500000000019);
#10666=EDGE_CURVE('',#10660,#10660,#10665,.T.);
#10667=ORIENTED_EDGE('',*,*,#10666,.T.);
#10668=EDGE_LOOP('',(#10667));
#10669=FACE_BOUND('',#10668,.T.);
#10670=ADVANCED_FACE('',(#10658,#10669),#10647,.F.);
#10671=CARTESIAN_POINT('',(102.90795651328631,297.29103701259936,-226.12387136865945));
#10672=DIRECTION('',(0.995778374824802,6.938894E-018,-0.091790131448194));
#10673=DIRECTION('',(-0.091790131448194,0.0,-0.995778374824802));
#10674=AXIS2_PLACEMENT_3D('',#10671,#10672,#10673);
#10675=TOROIDAL_SURFACE('',#10674,61.912500000000044,19.037500000000016);
#10676=ORIENTED_EDGE('',*,*,#10666,.F.);
#10677=EDGE_LOOP('',(#10676));
#10678=FACE_OUTER_BOUND('',#10677,.T.);
#10679=CARTESIAN_POINT('',(86.792553040284744,265.04730229642013,-260.24630731828427));
#10680=VERTEX_POINT('',#10679);
#10681=CARTESIAN_POINT('',(98.703472107357939,255.6374384933454,-271.7359059376974));
#10682=DIRECTION('',(0.061754722929499,-0.739841031001838,0.669941492252897));
#10683=DIRECTION('',(0.625655630575084,-0.49428043614312,-0.60352454993634));
#10684=AXIS2_PLACEMENT_3D('',#10681,#10682,#10683);
#10685=CIRCLE('',#10684,19.037500000000012);
#10686=EDGE_CURVE('',#10680,#10680,#10685,.T.);
#10687=ORIENTED_EDGE('',*,*,#10686,.T.);
#10688=EDGE_LOOP('',(#10687));
#10689=FACE_BOUND('',#10688,.T.);
#10690=ADVANCED_FACE('',(#10678,#10689),#10675,.F.);
#10691=CARTESIAN_POINT('',(109.57432603694085,125.40118452594075,-153.80426025673015));
#10692=DIRECTION('',(-0.061754722929499,0.739841031001838,-0.669941492252897));
#10693=DIRECTION('',(0.625655630575084,-0.49428043614312,-0.60352454993634));
#10694=AXIS2_PLACEMENT_3D('',#10691,#10692,#10693);
#10695=CYLINDRICAL_SURFACE('',#10694,19.037500000000009);
#10696=ORIENTED_EDGE('',*,*,#10686,.F.);
#10697=EDGE_LOOP('',(#10696));
#10698=FACE_OUTER_BOUND('',#10697,.T.);
#10699=CARTESIAN_POINT('',(97.663406969867651,134.81104832901548,-142.31466163731699));
#10700=VERTEX_POINT('',#10699);
#10701=CARTESIAN_POINT('',(109.57432603694085,125.40118452594075,-153.80426025673015));
#10702=DIRECTION('',(0.061754722929499,-0.739841031001838,0.669941492252897));
#10703=DIRECTION('',(0.625655630575084,-0.49428043614312,-0.60352454993634));
#10704=AXIS2_PLACEMENT_3D('',#10701,#10702,#10703);
#10705=CIRCLE('',#10704,19.037500000000009);
#10706=EDGE_CURVE('',#10700,#10700,#10705,.T.);
#10707=ORIENTED_EDGE('',*,*,#10706,.T.);
#10708=EDGE_LOOP('',(#10707));
#10709=FACE_BOUND('',#10708,.T.);
#10710=ADVANCED_FACE('',(#10698,#10709),#10695,.F.);
#10711=CARTESIAN_POINT('',(77.022700384065587,159.23199264618245,-113.44306917499333));
#10712=DIRECTION('',(0.84838323922585,0.392492288915843,0.355240316605896));
#10713=DIRECTION('',(0.386233510630768,0.0,-0.922401038196419));
#10714=AXIS2_PLACEMENT_3D('',#10711,#10712,#10713);
#10715=TOROIDAL_SURFACE('',#10714,61.912499999999959,19.037500000000009);
#10716=ORIENTED_EDGE('',*,*,#10706,.F.);
#10717=EDGE_LOOP('',(#10716));
#10718=FACE_OUTER_BOUND('',#10717,.T.);
#10719=CARTESIAN_POINT('',(97.769300405236692,129.41378486149915,-136.6043129473999));
#10720=VERTEX_POINT('',#10719);
#10721=CARTESIAN_POINT('',(109.72672981507577,117.6333437606212,-145.58582148591734));
#10722=DIRECTION('',(-0.034915966467429,-0.628098721462329,0.777349902799912));
#10723=DIRECTION('',(0.628098721462329,-0.618801896303502,-0.471779831307547));
#10724=AXIS2_PLACEMENT_3D('',#10721,#10722,#10723);
#10725=CIRCLE('',#10724,19.037500000000005);
#10726=EDGE_CURVE('',#10720,#10720,#10725,.T.);
#10727=ORIENTED_EDGE('',*,*,#10726,.T.);
#10728=EDGE_LOOP('',(#10727));
#10729=FACE_BOUND('',#10728,.T.);
#10730=ADVANCED_FACE('',(#10718,#10729),#10715,.F.);
#10731=CARTESIAN_POINT('',(105.27502858194453,37.552276680025962,-46.47558995052718));
#10732=DIRECTION('',(0.034915966467429,0.628098721462329,-0.777349902799912));
#10733=DIRECTION('',(0.628098721462329,-0.618801896303502,-0.471779831307547));
#10734=AXIS2_PLACEMENT_3D('',#10731,#10732,#10733);
#10735=CYLINDRICAL_SURFACE('',#10734,19.037500000000005);
#10736=ORIENTED_EDGE('',*,*,#10726,.F.);
#10737=EDGE_LOOP('',(#10736));
#10738=FACE_OUTER_BOUND('',#10737,.T.);
#10739=CARTESIAN_POINT('',(93.317599172105446,49.332717780903891,-37.494081412009749));
#10740=VERTEX_POINT('',#10739);
#10741=CARTESIAN_POINT('',(105.27502858194453,37.552276680025962,-46.47558995052718));
#10742=DIRECTION('',(-0.034915966467429,-0.628098721462329,0.777349902799912));
#10743=DIRECTION('',(0.628098721462329,-0.618801896303502,-0.471779831307547));
#10744=AXIS2_PLACEMENT_3D('',#10741,#10742,#10743);
#10745=CIRCLE('',#10744,19.037500000000001);
#10746=EDGE_CURVE('',#10740,#10740,#10745,.T.);
#10747=ORIENTED_EDGE('',*,*,#10746,.T.);
#10748=EDGE_LOOP('',(#10747));
#10749=FACE_BOUND('',#10748,.T.);
#10750=ADVANCED_FACE('',(#10738,#10749),#10735,.F.);
#10751=CARTESIAN_POINT('',(43.400279620698242,38.910887938504686,-48.157039527852334));
#10752=DIRECTION('',(-1.232595E-032,0.777824179735148,0.628481937225999));
#10753=DIRECTION('',(1.0,0.0,0.0));
#10754=AXIS2_PLACEMENT_3D('',#10751,#10752,#10753);
#10755=TOROIDAL_SURFACE('',#10754,61.912500000000023,19.037500000000001);
#10756=ORIENTED_EDGE('',*,*,#10746,.F.);
#10757=EDGE_LOOP('',(#10756));
#10758=FACE_OUTER_BOUND('',#10757,.T.);
#10759=CARTESIAN_POINT('',(43.400279620698228,19.037500000000001,2.331421E-015));
#10760=VERTEX_POINT('',#10759);
#10761=CARTESIAN_POINT('',(43.400279620698228,0.0,0.0));
#10762=DIRECTION('',(-1.0,0.0,0.0));
#10763=DIRECTION('',(0.0,-1.0,0.0));
#10764=AXIS2_PLACEMENT_3D('',#10761,#10762,#10763);
#10765=CIRCLE('',#10764,19.037500000000001);
#10766=EDGE_CURVE('',#10760,#10760,#10765,.T.);
#10767=ORIENTED_EDGE('',*,*,#10766,.T.);
#10768=EDGE_LOOP('',(#10767));
#10769=FACE_BOUND('',#10768,.T.);
#10770=ADVANCED_FACE('',(#10758,#10769),#10755,.F.);
#10771=CARTESIAN_POINT('',(0.0,0.0,0.0));
#10772=DIRECTION('',(1.0,0.0,0.0));
#10773=DIRECTION('',(0.0,-1.0,0.0));
#10774=AXIS2_PLACEMENT_3D('',#10771,#10772,#10773);
#10775=CYLINDRICAL_SURFACE('',#10774,19.037500000000001);
#10776=ORIENTED_EDGE('',*,*,#10766,.F.);
#10777=EDGE_LOOP('',(#10776));
#10778=FACE_OUTER_BOUND('',#10777,.T.);
#10779=CARTESIAN_POINT('',(0.0,19.037500000000001,2.331421E-015));
#10780=VERTEX_POINT('',#10779);
#10781=CARTESIAN_POINT('',(0.0,0.0,0.0));
#10782=DIRECTION('',(1.0,0.0,0.0));
#10783=DIRECTION('',(0.0,-1.0,0.0));
#10784=AXIS2_PLACEMENT_3D('',#10781,#10782,#10783);
#10785=CIRCLE('',#10784,19.037500000000001);
#10786=EDGE_CURVE('',#10780,#10780,#10785,.T.);
#10787=ORIENTED_EDGE('',*,*,#10786,.F.);
#10788=EDGE_LOOP('',(#10787));
#10789=FACE_BOUND('',#10788,.T.);
#10790=ADVANCED_FACE('',(#10778,#10789),#10775,.F.);
#10791=CARTESIAN_POINT('',(97.22499999999998,297.29103701259942,-287.77499999999998));
#10792=DIRECTION('',(0.0,1.0,3.729883E-016));
#10793=DIRECTION('',(0.608111411971437,2.960974E-016,-0.793851693095193));
#10794=AXIS2_PLACEMENT_3D('',#10791,#10792,#10793);
#10795=CYLINDRICAL_SURFACE('',#10794,20.637500000000021);
#10796=CARTESIAN_POINT('',(84.675100735439457,463.85000000000002,-271.39188568374777));
#10797=VERTEX_POINT('',#10796);
#10798=CARTESIAN_POINT('',(97.22499999999998,463.85000000000014,-287.77499999999992));
#10799=DIRECTION('',(6.542840E-017,-1.0,-8.541271E-017));
#10800=DIRECTION('',(0.608111411971437,1.075928E-016,-0.793851693095193));
#10801=AXIS2_PLACEMENT_3D('',#10798,#10799,#10800);
#10802=CIRCLE('',#10801,20.637500000000017);
#10803=EDGE_CURVE('',#10797,#10797,#10802,.T.);
#10804=ORIENTED_EDGE('',*,*,#10803,.T.);
#10805=EDGE_LOOP('',(#10804));
#10806=FACE_OUTER_BOUND('',#10805,.T.);
#10807=CARTESIAN_POINT('',(84.675100735439457,297.29103701259942,-271.39188568374783));
#10808=VERTEX_POINT('',#10807);
#10809=CARTESIAN_POINT('',(97.22499999999998,297.29103701259942,-287.77499999999998));
#10810=DIRECTION('',(6.542840E-017,-1.0,-8.541271E-017));
#10811=DIRECTION('',(0.608111411971437,1.075928E-016,-0.793851693095193));
#10812=AXIS2_PLACEMENT_3D('',#10809,#10810,#10811);
#10813=CIRCLE('',#10812,20.637500000000017);
#10814=EDGE_CURVE('',#10808,#10808,#10813,.T.);
#10815=ORIENTED_EDGE('',*,*,#10814,.F.);
#10816=EDGE_LOOP('',(#10815));
#10817=FACE_BOUND('',#10816,.T.);
#10818=ADVANCED_FACE('',(#10806,#10817),#10795,.T.);
#10819=CARTESIAN_POINT('',(102.90795651328631,297.29103701259936,-226.12387136865945));
#10820=DIRECTION('',(0.995778374824802,6.938894E-018,-0.091790131448194));
#10821=DIRECTION('',(-0.091790131448194,0.0,-0.995778374824802));
#10822=AXIS2_PLACEMENT_3D('',#10819,#10820,#10821);
#10823=TOROIDAL_SURFACE('',#10822,61.912500000000044,20.637500000000017);
#10824=ORIENTED_EDGE('',*,*,#10814,.T.);
#10825=EDGE_LOOP('',(#10824));
#10826=FACE_OUTER_BOUND('',#10825,.T.);
#10827=CARTESIAN_POINT('',(85.791504031364653,265.83815099424908,-259.28066803838612));
#10828=VERTEX_POINT('',#10827);
#10829=CARTESIAN_POINT('',(98.703472107357939,255.6374384933454,-271.7359059376974));
#10830=DIRECTION('',(0.061754722929499,-0.739841031001838,0.669941492252897));
#10831=DIRECTION('',(0.625655630575084,-0.49428043614312,-0.60352454993634));
#10832=AXIS2_PLACEMENT_3D('',#10829,#10830,#10831);
#10833=CIRCLE('',#10832,20.637500000000014);
#10834=EDGE_CURVE('',#10828,#10828,#10833,.T.);
#10835=ORIENTED_EDGE('',*,*,#10834,.F.);
#10836=EDGE_LOOP('',(#10835));
#10837=FACE_BOUND('',#10836,.T.);
#10838=ADVANCED_FACE('',(#10826,#10837),#10823,.T.);
#10839=CARTESIAN_POINT('',(109.57432603694085,125.40118452594075,-153.80426025673015));
#10840=DIRECTION('',(-0.061754722929499,0.739841031001838,-0.669941492252897));
#10841=DIRECTION('',(0.625655630575084,-0.49428043614312,-0.60352454993634));
#10842=AXIS2_PLACEMENT_3D('',#10839,#10840,#10841);
#10843=CYLINDRICAL_SURFACE('',#10842,20.637500000000014);
#10844=ORIENTED_EDGE('',*,*,#10834,.T.);
#10845=EDGE_LOOP('',(#10844));
#10846=FACE_OUTER_BOUND('',#10845,.T.);
#10847=CARTESIAN_POINT('',(96.662357960947546,135.60189702684448,-141.34902235741885));
#10848=VERTEX_POINT('',#10847);
#10849=CARTESIAN_POINT('',(109.57432603694085,125.40118452594075,-153.80426025673015));
#10850=DIRECTION('',(0.061754722929499,-0.739841031001838,0.669941492252897));
#10851=DIRECTION('',(0.625655630575084,-0.49428043614312,-0.60352454993634));
#10852=AXIS2_PLACEMENT_3D('',#10849,#10850,#10851);
#10853=CIRCLE('',#10852,20.63750000000001);
#10854=EDGE_CURVE('',#10848,#10848,#10853,.T.);
#10855=ORIENTED_EDGE('',*,*,#10854,.F.);
#10856=EDGE_LOOP('',(#10855));
#10857=FACE_BOUND('',#10856,.T.);
#10858=ADVANCED_FACE('',(#10846,#10857),#10843,.T.);
#10859=CARTESIAN_POINT('',(77.022700384065587,159.23199264618245,-113.44306917499333));
#10860=DIRECTION('',(0.84838323922585,0.392492288915843,0.355240316605896));
#10861=DIRECTION('',(0.386233510630768,0.0,-0.922401038196419));
#10862=AXIS2_PLACEMENT_3D('',#10859,#10860,#10861);
#10863=TOROIDAL_SURFACE('',#10862,61.912499999999959,20.63750000000001);
#10864=ORIENTED_EDGE('',*,*,#10854,.T.);
#10865=EDGE_LOOP('',(#10864));
#10866=FACE_OUTER_BOUND('',#10865,.T.);
#10867=CARTESIAN_POINT('',(96.764342450896976,130.40386789558477,-135.84946521730782));
#10868=VERTEX_POINT('',#10867);
#10869=CARTESIAN_POINT('',(109.72672981507577,117.6333437606212,-145.58582148591734));
#10870=DIRECTION('',(-0.034915966467429,-0.628098721462329,0.777349902799912));
#10871=DIRECTION('',(0.628098721462329,-0.618801896303502,-0.471779831307547));
#10872=AXIS2_PLACEMENT_3D('',#10869,#10870,#10871);
#10873=CIRCLE('',#10872,20.63750000000001);
#10874=EDGE_CURVE('',#10868,#10868,#10873,.T.);
#10875=ORIENTED_EDGE('',*,*,#10874,.F.);
#10876=EDGE_LOOP('',(#10875));
#10877=FACE_BOUND('',#10876,.T.);
#10878=ADVANCED_FACE('',(#10866,#10877),#10863,.T.);
#10879=CARTESIAN_POINT('',(105.27502858194453,37.552276680025962,-46.47558995052718));
#10880=DIRECTION('',(0.034915966467429,0.628098721462329,-0.777349902799912));
#10881=DIRECTION('',(0.628098721462329,-0.618801896303502,-0.471779831307547));
#10882=AXIS2_PLACEMENT_3D('',#10879,#10880,#10881);
#10883=CYLINDRICAL_SURFACE('',#10882,20.637500000000006);
#10884=ORIENTED_EDGE('',*,*,#10874,.T.);
#10885=EDGE_LOOP('',(#10884));
#10886=FACE_OUTER_BOUND('',#10885,.T.);
#10887=CARTESIAN_POINT('',(92.31264121776573,50.322800814989492,-36.739233681917668));
#10888=VERTEX_POINT('',#10887);
#10889=CARTESIAN_POINT('',(105.27502858194453,37.552276680025962,-46.47558995052718));
#10890=DIRECTION('',(-0.034915966467429,-0.628098721462329,0.777349902799912));
#10891=DIRECTION('',(0.628098721462329,-0.618801896303502,-0.471779831307547));
#10892=AXIS2_PLACEMENT_3D('',#10889,#10890,#10891);
#10893=CIRCLE('',#10892,20.637500000000003);
#10894=EDGE_CURVE('',#10888,#10888,#10893,.T.);
#10895=ORIENTED_EDGE('',*,*,#10894,.F.);
#10896=EDGE_LOOP('',(#10895));
#10897=FACE_BOUND('',#10896,.T.);
#10898=ADVANCED_FACE('',(#10886,#10897),#10883,.T.);
#10899=CARTESIAN_POINT('',(43.400279620698242,38.910887938504686,-48.157039527852334));
#10900=DIRECTION('',(-1.232595E-032,0.777824179735148,0.628481937225999));
#10901=DIRECTION('',(1.0,0.0,0.0));
#10902=AXIS2_PLACEMENT_3D('',#10899,#10900,#10901);
#10903=TOROIDAL_SURFACE('',#10902,61.912500000000023,20.637500000000003);
#10904=ORIENTED_EDGE('',*,*,#10894,.T.);
#10905=EDGE_LOOP('',(#10904));
#10906=FACE_OUTER_BOUND('',#10905,.T.);
#10907=CARTESIAN_POINT('',(43.400279620698228,20.637500000000003,2.527365E-015));
#10908=VERTEX_POINT('',#10907);
#10909=CARTESIAN_POINT('',(43.400279620698228,0.0,0.0));
#10910=DIRECTION('',(-1.0,0.0,0.0));
#10911=DIRECTION('',(0.0,-1.0,0.0));
#10912=AXIS2_PLACEMENT_3D('',#10909,#10910,#10911);
#10913=CIRCLE('',#10912,20.637500000000003);
#10914=EDGE_CURVE('',#10908,#10908,#10913,.T.);
#10915=ORIENTED_EDGE('',*,*,#10914,.F.);
#10916=EDGE_LOOP('',(#10915));
#10917=FACE_BOUND('',#10916,.T.);
#10918=ADVANCED_FACE('',(#10906,#10917),#10903,.T.);
#10919=CARTESIAN_POINT('',(0.0,0.0,0.0));
#10920=DIRECTION('',(1.0,0.0,0.0));
#10921=DIRECTION('',(0.0,-1.0,0.0));
#10922=AXIS2_PLACEMENT_3D('',#10919,#10920,#10921);
#10923=CYLINDRICAL_SURFACE('',#10922,20.637500000000003);
#10924=ORIENTED_EDGE('',*,*,#10914,.T.);
#10925=EDGE_LOOP('',(#10924));
#10926=FACE_OUTER_BOUND('',#10925,.T.);
#10927=CARTESIAN_POINT('',(0.0,20.637500000000003,2.527365E-015));
#10928=VERTEX_POINT('',#10927);
#10929=CARTESIAN_POINT('',(0.0,0.0,0.0));
#10930=DIRECTION('',(-1.0,0.0,0.0));
#10931=DIRECTION('',(0.0,-1.0,0.0));
#10932=AXIS2_PLACEMENT_3D('',#10929,#10930,#10931);
#10933=CIRCLE('',#10932,20.637500000000003);
#10934=EDGE_CURVE('',#10928,#10928,#10933,.T.);
#10935=ORIENTED_EDGE('',*,*,#10934,.F.);
#10936=EDGE_LOOP('',(#10935));
#10937=FACE_BOUND('',#10936,.T.);
#10938=ADVANCED_FACE('',(#10926,#10937),#10923,.T.);
#10939=CARTESIAN_POINT('',(97.224999999999994,463.85000000000002,-287.77499999999992));
#10940=DIRECTION('',(0.0,-1.0,0.0));
#10941=DIRECTION('',(0.0,0.0,-1.0));
#10942=AXIS2_PLACEMENT_3D('',#10939,#10940,#10941);
#10943=PLANE('',#10942);
#10944=ORIENTED_EDGE('',*,*,#10803,.F.);
#10945=EDGE_LOOP('',(#10944));
#10946=FACE_OUTER_BOUND('',#10945,.T.);
#10947=ORIENTED_EDGE('',*,*,#10655,.T.);
#10948=EDGE_LOOP('',(#10947));
#10949=FACE_BOUND('',#10948,.T.);
#10950=ADVANCED_FACE('',(#10946,#10949),#10943,.F.);
#10951=CARTESIAN_POINT('',(0.0,0.0,0.0));
#10952=DIRECTION('',(-1.0,0.0,0.0));
#10953=DIRECTION('',(0.0,0.0,1.0));
#10954=AXIS2_PLACEMENT_3D('',#10951,#10952,#10953);
#10955=PLANE('',#10954);
#10956=ORIENTED_EDGE('',*,*,#10934,.T.);
#10957=EDGE_LOOP('',(#10956));
#10958=FACE_OUTER_BOUND('',#10957,.T.);
#10959=ORIENTED_EDGE('',*,*,#10786,.T.);
#10960=EDGE_LOOP('',(#10959));
#10961=FACE_BOUND('',#10960,.T.);
#10962=ADVANCED_FACE('',(#10958,#10961),#10955,.T.);
#10963=CLOSED_SHELL('',(#10670,#10690,#10710,#10730,#10750,#10770,#10790,#10818,#10838,#10858,#10878,#10898,#10918,#10938,#10950,#10962));
#10964=MANIFOLD_SOLID_BREP('Solid1',#10963);
#10965=STYLED_ITEM('',(#2802),#10964);
#10966=ADVANCED_BREP_SHAPE_REPRESENTATION('ABSR',(#10964),#10611);
#10967=SHAPE_REPRESENTATION_RELATIONSHIP('SRR','None',#10966,#10616);
#10968=AXIS2_PLACEMENT_3D('',#10969,#10970,#10971);
#10969=CARTESIAN_POINT('',(6.000000000000037,196.81114511040653,2.570644287585679));
#10970=DIRECTION('',(2.775558E-017,1.971414E-031,0.999999999999999));
#10971=DIRECTION('',(-1.0,2.663917E-018,2.775558E-017));
#10972=NEXT_ASSEMBLY_USAGE_OCCURRENCE('exhaust header right pipe 1:1','exhaust header right pipe 1:1','exhaust header right pipe 1:1',#9736,#10587,'exhaust header right pipe 1:1');
#10973=PRODUCT_DEFINITION_SHAPE('exhaust header right pipe 1:1','exhaust header right pipe 1:1',#10972);
#10974=ITEM_DEFINED_TRANSFORMATION('exhaust header right pipe 1:1','exhaust header right pipe 1:1',#10612,#10968);
#10978=(REPRESENTATION_RELATIONSHIP('exhaust header right pipe 1:1','exhaust header right pipe 1:1',#10616,#9765)REPRESENTATION_RELATIONSHIP_WITH_TRANSFORMATION(#10974)SHAPE_REPRESENTATION_RELATIONSHIP());
#10979=CONTEXT_DEPENDENT_SHAPE_REPRESENTATION(#10978,#10973);
#10980=AXIS2_PLACEMENT_3D('',#10981,#10982,#10983);
#10981=CARTESIAN_POINT('',(-68.999999999996788,-394.62795488959637,-307.42935571241105));
#10982=DIRECTION('',(-4.258501E-016,0.999999999999989,5.989311E-016));
#10983=DIRECTION('',(-0.999999999999998,-1.256357E-020,-1.352689E-013));
#10984=NEXT_ASSEMBLY_USAGE_OCCURRENCE('exhaust header collector:1','exhaust header collector:1','exhaust header collector:1',#9736,#4426,'exhaust header collector:1');
#10985=PRODUCT_DEFINITION_SHAPE('exhaust header collector:1','exhaust header collector:1',#10984);
#10986=ITEM_DEFINED_TRANSFORMATION('exhaust header collector:1','exhaust header collector:1',#4451,#10980);
#10990=(REPRESENTATION_RELATIONSHIP('exhaust header collector:1','exhaust header collector:1',#4455,#9765)REPRESENTATION_RELATIONSHIP_WITH_TRANSFORMATION(#10986)SHAPE_REPRESENTATION_RELATIONSHIP());
#10991=CONTEXT_DEPENDENT_SHAPE_REPRESENTATION(#10990,#10985);
#10992=APPLICATION_CONTEXT('automotive design');
#10993=APPLICATION_PROTOCOL_DEFINITION('International Standard','automotive_design',2001,#10992);
#10994=PRODUCT_CONTEXT('',#10992,'mechanical');
#10995=PRODUCT('exhaust header right pipe 7','exhaust header right pipe 7',$,(#10994));
#10996=PRODUCT_RELATED_PRODUCT_CATEGORY('part',$,(#10995));
#10997=PRODUCT_DEFINITION_FORMATION('',$,#10995);
#10998=PRODUCT_DEFINITION_CONTEXT('part definition',#10992,'design');
#10999=PRODUCT_DEFINITION('',$,#10997,#10998);
#11005=(NAMED_UNIT(*)PLANE_ANGLE_UNIT()SI_UNIT($,.RADIAN.));
#11006=DIMENSIONAL_EXPONENTS(0.0,0.0,0.0,0.0,0.0,0.0,0.0);
#11007=PLANE_ANGLE_MEASURE_WITH_UNIT(PLANE_ANGLE_MEASURE(0.0174532925),#11005);
#11011=(CONVERSION_BASED_UNIT('DEGREE',#11007)NAMED_UNIT(#11006)PLANE_ANGLE_UNIT());
#11015=(NAMED_UNIT(*)SI_UNIT($,.STERADIAN.)SOLID_ANGLE_UNIT());
#11019=(LENGTH_UNIT()NAMED_UNIT(*)SI_UNIT(.MILLI.,.METRE.));
#11021=UNCERTAINTY_MEASURE_WITH_UNIT(LENGTH_MEASURE(0.01),#11019,'DISTANCE_ACCURACY_VALUE','');
#11023=(GEOMETRIC_REPRESENTATION_CONTEXT(3)GLOBAL_UNCERTAINTY_ASSIGNED_CONTEXT((#11021))GLOBAL_UNIT_ASSIGNED_CONTEXT((#11011,#11015,#11019))REPRESENTATION_CONTEXT('None','None'));
#11024=AXIS2_PLACEMENT_3D('',#11025,#11026,#11027);
#11025=CARTESIAN_POINT('',(0.0,0.0,0.0));
#11026=DIRECTION('',(0.0,0.0,1.0));
#11027=DIRECTION('',(1.0,0.0,0.0));
#11028=SHAPE_REPRESENTATION('',(#11024),#11023);
#11029=PRODUCT_DEFINITION_SHAPE('','',#10999);
#11030=SHAPE_DEFINITION_REPRESENTATION(#11029,#11028);
#11036=(NAMED_UNIT(*)PLANE_ANGLE_UNIT()SI_UNIT($,.RADIAN.));
#11037=DIMENSIONAL_EXPONENTS(0.0,0.0,0.0,0.0,0.0,0.0,0.0);
#11038=PLANE_ANGLE_MEASURE_WITH_UNIT(PLANE_ANGLE_MEASURE(0.0174532925),#11036);
#11042=(CONVERSION_BASED_UNIT('DEGREE',#11038)NAMED_UNIT(#11037)PLANE_ANGLE_UNIT());
#11046=(NAMED_UNIT(*)SI_UNIT($,.STERADIAN.)SOLID_ANGLE_UNIT());
#11050=(LENGTH_UNIT()NAMED_UNIT(*)SI_UNIT(.MILLI.,.METRE.));
#11052=UNCERTAINTY_MEASURE_WITH_UNIT(LENGTH_MEASURE(0.000001),#11050,'DISTANCE_ACCURACY_VALUE','');
#11054=(GEOMETRIC_REPRESENTATION_CONTEXT(3)GLOBAL_UNCERTAINTY_ASSIGNED_CONTEXT((#11052))GLOBAL_UNIT_ASSIGNED_CONTEXT((#11042,#11046,#11050))REPRESENTATION_CONTEXT('','3D'));
#11055=CARTESIAN_POINT('',(52.774999999999977,21.739292094822673,-287.77500000000009));
#11056=DIRECTION('',(0.0,1.0,4.711822E-016));
#11057=DIRECTION('',(-0.89713867578295,2.081443E-016,-0.441749019709625));
#11058=AXIS2_PLACEMENT_3D('',#11055,#11056,#11057);
#11059=CYLINDRICAL_SURFACE('',#11058,19.037500000000012);
#11060=CARTESIAN_POINT('',(69.854277540217907,75.400000000000006,-279.36520303727798));
#11061=VERTEX_POINT('',#11060);
#11062=CARTESIAN_POINT('',(52.774999999999977,75.400000000000006,-287.77500000000003));
#11063=DIRECTION('',(-1.867343E-016,-1.0,-9.194753E-017));
#11064=DIRECTION('',(-0.89713867578295,2.081443E-016,-0.441749019709625));
#11065=AXIS2_PLACEMENT_3D('',#11062,#11063,#11064);
#11066=CIRCLE('',#11065,19.037500000000009);
#11067=EDGE_CURVE('',#11061,#11061,#11066,.T.);
#11068=ORIENTED_EDGE('',*,*,#11067,.F.);
#11069=EDGE_LOOP('',(#11068));
#11070=FACE_OUTER_BOUND('',#11069,.T.);
#11071=CARTESIAN_POINT('',(69.854277540217907,21.739292094822673,-279.36520303727804));
#11072=VERTEX_POINT('',#11071);
#11073=CARTESIAN_POINT('',(52.774999999999977,21.739292094822673,-287.77500000000009));
#11074=DIRECTION('',(2.615953E-017,-1.0,1.288089E-017));
#11075=DIRECTION('',(-0.89713867578295,-2.915885E-017,-0.441749019709625));
#11076=AXIS2_PLACEMENT_3D('',#11073,#11074,#11075);
#11077=CIRCLE('',#11076,19.037500000000009);
#11078=EDGE_CURVE('',#11072,#11072,#11077,.T.);
#11079=ORIENTED_EDGE('',*,*,#11078,.T.);
#11080=EDGE_LOOP('',(#11079));
#11081=FACE_BOUND('',#11080,.T.);
#11082=ADVANCED_FACE('',(#11070,#11081),#11059,.F.);
#11083=CARTESIAN_POINT('',(52.774999999999977,21.739292094822709,-225.86250000000001));
#11084=DIRECTION('',(1.0,0.0,0.0));
#11085=DIRECTION('',(0.0,0.0,-1.0));
#11086=AXIS2_PLACEMENT_3D('',#11083,#11084,#11085);
#11087=TOROIDAL_SURFACE('',#11086,61.912500000000001,19.037500000000009);
#11088=ORIENTED_EDGE('',*,*,#11078,.F.);
#11089=EDGE_LOOP('',(#11088));
#11090=FACE_OUTER_BOUND('',#11089,.T.);
#11091=CARTESIAN_POINT('',(69.854277540217907,-11.709481313445043,-267.62035901812402));
#11092=VERTEX_POINT('',#11091);
#11093=CARTESIAN_POINT('',(52.774999999999977,-16.967110873200753,-274.18404825258585));
#11094=DIRECTION('',(1.110223E-016,-0.780481296225898,0.625179131322809));
#11095=DIRECTION('',(-0.89713867578295,-0.276172268404766,-0.344776847509488));
#11096=AXIS2_PLACEMENT_3D('',#11093,#11094,#11095);
#11097=CIRCLE('',#11096,19.037500000000012);
#11098=EDGE_CURVE('',#11092,#11092,#11097,.T.);
#11099=ORIENTED_EDGE('',*,*,#11098,.T.);
#11100=EDGE_LOOP('',(#11099));
#11101=FACE_BOUND('',#11100,.T.);
#11102=ADVANCED_FACE('',(#11090,#11101),#11087,.F.);
#11103=CARTESIAN_POINT('',(52.774999999999977,-114.44291432691456,-196.10422952679852));
#11104=DIRECTION('',(0.0,0.780481296225898,-0.625179131322809));
#11105=DIRECTION('',(-0.89713867578295,-0.276172268404766,-0.344776847509488));
#11106=AXIS2_PLACEMENT_3D('',#11103,#11104,#11105);
#11107=CYLINDRICAL_SURFACE('',#11106,19.037500000000012);
#11108=ORIENTED_EDGE('',*,*,#11098,.F.);
#11109=EDGE_LOOP('',(#11108));
#11110=FACE_OUTER_BOUND('',#11109,.T.);
#11111=CARTESIAN_POINT('',(69.854277540217907,-109.18528476715885,-189.54054029233669));
#11112=VERTEX_POINT('',#11111);
#11113=CARTESIAN_POINT('',(52.774999999999977,-114.44291432691456,-196.10422952679852));
#11114=DIRECTION('',(1.110223E-016,-0.780481296225898,0.625179131322809));
#11115=DIRECTION('',(-0.89713867578295,-0.276172268404766,-0.344776847509488));
#11116=AXIS2_PLACEMENT_3D('',#11113,#11114,#11115);
#11117=CIRCLE('',#11116,19.037500000000012);
#11118=EDGE_CURVE('',#11112,#11112,#11117,.T.);
#11119=ORIENTED_EDGE('',*,*,#11118,.T.);
#11120=EDGE_LOOP('',(#11119));
#11121=FACE_BOUND('',#11120,.T.);
#11122=ADVANCED_FACE('',(#11110,#11121),#11107,.F.);
#11123=CARTESIAN_POINT('',(66.334013681875291,-76.676139479979199,-148.9557245464112));
#11124=DIRECTION('',(0.975724220050508,-0.136916008806443,-0.170927624857254));
#11125=DIRECTION('',(-0.172552611446242,0.0,-0.985000302681721));
#11126=AXIS2_PLACEMENT_3D('',#11123,#11124,#11125);
#11127=TOROIDAL_SURFACE('',#11126,61.912500000000001,19.037500000000012);
#11128=ORIENTED_EDGE('',*,*,#11118,.F.);
#11129=EDGE_LOOP('',(#11128));
#11130=FACE_OUTER_BOUND('',#11129,.T.);
#11131=CARTESIAN_POINT('',(82.691683167687017,-111.83736632941233,-114.13505784541775));
#11132=VERTEX_POINT('',#11131);
#11133=CARTESIAN_POINT('',(68.681591784672094,-117.72905951969048,-102.67069144159055));
#11134=DIRECTION('',(0.215695378413547,0.735920755509647,0.641791356549111));
#11135=DIRECTION('',(-0.735920755509647,-0.309478302837985,0.602199154501757));
#11136=AXIS2_PLACEMENT_3D('',#11133,#11134,#11135);
#11137=CIRCLE('',#11136,19.037500000000009);
#11138=EDGE_CURVE('',#11132,#11132,#11137,.T.);
#11139=ORIENTED_EDGE('',*,*,#11138,.T.);
#11140=EDGE_LOOP('',(#11139));
#11141=FACE_BOUND('',#11140,.T.);
#11142=ADVANCED_FACE('',(#11130,#11141),#11127,.F.);
#11143=CARTESIAN_POINT('',(86.561446388239744,-56.725637911683926,-49.470033062515064));
#11144=DIRECTION('',(-0.215695378413547,-0.735920755509647,-0.641791356549111));
#11145=DIRECTION('',(-0.735920755509647,-0.309478302837985,0.602199154501757));
#11146=AXIS2_PLACEMENT_3D('',#11143,#11144,#11145);
#11147=CYLINDRICAL_SURFACE('',#11146,19.037500000000009);
#11148=ORIENTED_EDGE('',*,*,#11138,.F.);
#11149=EDGE_LOOP('',(#11148));
#11150=FACE_OUTER_BOUND('',#11149,.T.);
#11151=CARTESIAN_POINT('',(100.57153777125465,-50.833944721405786,-60.934399466342256));
#11152=VERTEX_POINT('',#11151);
#11153=CARTESIAN_POINT('',(86.561446388239744,-56.725637911683926,-49.470033062515064));
#11154=DIRECTION('',(0.215695378413547,0.735920755509647,0.64179135654911));
#11155=DIRECTION('',(-0.735920755509647,-0.309478302837985,0.602199154501757));
#11156=AXIS2_PLACEMENT_3D('',#11153,#11154,#11155);
#11157=CIRCLE('',#11156,19.037500000000005);
#11158=EDGE_CURVE('',#11152,#11152,#11157,.T.);
#11159=ORIENTED_EDGE('',*,*,#11158,.T.);
#11160=EDGE_LOOP('',(#11159));
#11161=FACE_BOUND('',#11160,.T.);
#11162=ADVANCED_FACE('',(#11150,#11161),#11147,.F.);
#11163=CARTESIAN_POINT('',(26.106323138233464,-46.661062400113352,-40.692786976843045));
#11164=DIRECTION('',(-6.162976E-033,0.65726286253734,-0.753661415709483));
#11165=DIRECTION('',(-1.0,0.0,0.0));
#11166=AXIS2_PLACEMENT_3D('',#11163,#11164,#11165);
#11167=TOROIDAL_SURFACE('',#11166,61.912499999999994,19.037500000000001);
#11168=ORIENTED_EDGE('',*,*,#11158,.F.);
#11169=EDGE_LOOP('',(#11168));
#11170=FACE_OUTER_BOUND('',#11169,.T.);
#11171=CARTESIAN_POINT('',(26.106323138233456,19.037500000000001,2.331421E-015));
#11172=VERTEX_POINT('',#11171);
#11173=CARTESIAN_POINT('',(26.106323138233456,0.0,0.0));
#11174=DIRECTION('',(-1.0,0.0,0.0));
#11175=DIRECTION('',(0.0,-1.0,0.0));
#11176=AXIS2_PLACEMENT_3D('',#11173,#11174,#11175);
#11177=CIRCLE('',#11176,19.037500000000001);
#11178=EDGE_CURVE('',#11172,#11172,#11177,.T.);
#11179=ORIENTED_EDGE('',*,*,#11178,.T.);
#11180=EDGE_LOOP('',(#11179));
#11181=FACE_BOUND('',#11180,.T.);
#11182=ADVANCED_FACE('',(#11170,#11181),#11167,.F.);
#11183=CARTESIAN_POINT('',(0.0,0.0,0.0));
#11184=DIRECTION('',(1.0,0.0,0.0));
#11185=DIRECTION('',(0.0,-1.0,0.0));
#11186=AXIS2_PLACEMENT_3D('',#11183,#11184,#11185);
#11187=CYLINDRICAL_SURFACE('',#11186,19.037500000000001);
#11188=ORIENTED_EDGE('',*,*,#11178,.F.);
#11189=EDGE_LOOP('',(#11188));
#11190=FACE_OUTER_BOUND('',#11189,.T.);
#11191=CARTESIAN_POINT('',(0.0,19.037500000000001,2.331421E-015));
#11192=VERTEX_POINT('',#11191);
#11193=CARTESIAN_POINT('',(0.0,0.0,0.0));
#11194=DIRECTION('',(1.0,0.0,0.0));
#11195=DIRECTION('',(0.0,-1.0,0.0));
#11196=AXIS2_PLACEMENT_3D('',#11193,#11194,#11195);
#11197=CIRCLE('',#11196,19.037500000000001);
#11198=EDGE_CURVE('',#11192,#11192,#11197,.T.);
#11199=ORIENTED_EDGE('',*,*,#11198,.F.);
#11200=EDGE_LOOP('',(#11199));
#11201=FACE_BOUND('',#11200,.T.);
#11202=ADVANCED_FACE('',(#11190,#11201),#11187,.F.);
#11203=CARTESIAN_POINT('',(52.774999999999977,21.739292094822673,-287.77500000000009));
#11204=DIRECTION('',(0.0,1.0,4.711822E-016));
#11205=DIRECTION('',(-0.89713867578295,2.081443E-016,-0.441749019709625));
#11206=AXIS2_PLACEMENT_3D('',#11203,#11204,#11205);
#11207=CYLINDRICAL_SURFACE('',#11206,20.63750000000001);
#11208=CARTESIAN_POINT('',(71.28969942147063,75.400000000000006,-278.65840460574259));
#11209=VERTEX_POINT('',#11208);
#11210=CARTESIAN_POINT('',(52.774999999999977,75.399999999999949,-287.77500000000003));
#11211=DIRECTION('',(2.413141E-017,-1.0,1.188225E-017));
#11212=DIRECTION('',(-0.89713867578295,-2.689820E-017,-0.441749019709625));
#11213=AXIS2_PLACEMENT_3D('',#11210,#11211,#11212);
#11214=CIRCLE('',#11213,20.63750000000001);
#11215=EDGE_CURVE('',#11209,#11209,#11214,.T.);
#11216=ORIENTED_EDGE('',*,*,#11215,.T.);
#11217=EDGE_LOOP('',(#11216));
#11218=FACE_OUTER_BOUND('',#11217,.T.);
#11219=CARTESIAN_POINT('',(71.28969942147063,21.739292094822673,-278.65840460574259));
#11220=VERTEX_POINT('',#11219);
#11221=CARTESIAN_POINT('',(52.774999999999977,21.739292094822673,-287.77500000000009));
#11222=DIRECTION('',(2.413141E-017,-1.0,1.188225E-017));
#11223=DIRECTION('',(-0.89713867578295,-2.689820E-017,-0.441749019709625));
#11224=AXIS2_PLACEMENT_3D('',#11221,#11222,#11223);
#11225=CIRCLE('',#11224,20.63750000000001);
#11226=EDGE_CURVE('',#11220,#11220,#11225,.T.);
#11227=ORIENTED_EDGE('',*,*,#11226,.F.);
#11228=EDGE_LOOP('',(#11227));
#11229=FACE_BOUND('',#11228,.T.);
#11230=ADVANCED_FACE('',(#11218,#11229),#11207,.T.);
#11231=CARTESIAN_POINT('',(52.774999999999977,21.739292094822709,-225.86250000000001));
#11232=DIRECTION('',(1.0,0.0,0.0));
#11233=DIRECTION('',(0.0,0.0,-1.0));
#11234=AXIS2_PLACEMENT_3D('',#11231,#11232,#11233);
#11235=TOROIDAL_SURFACE('',#11234,61.912500000000001,20.63750000000001);
#11236=ORIENTED_EDGE('',*,*,#11226,.T.);
#11237=EDGE_LOOP('',(#11236));
#11238=FACE_OUTER_BOUND('',#11237,.T.);
#11239=CARTESIAN_POINT('',(71.28969942147063,-11.267605683997424,-267.06871606210882));
#11240=VERTEX_POINT('',#11239);
#11241=CARTESIAN_POINT('',(52.774999999999977,-16.967110873200753,-274.18404825258585));
#11242=DIRECTION('',(1.665335E-016,-0.780481296225898,0.625179131322809));
#11243=DIRECTION('',(-0.89713867578295,-0.276172268404766,-0.344776847509488));
#11244=AXIS2_PLACEMENT_3D('',#11241,#11242,#11243);
#11245=CIRCLE('',#11244,20.63750000000001);
#11246=EDGE_CURVE('',#11240,#11240,#11245,.T.);
#11247=ORIENTED_EDGE('',*,*,#11246,.F.);
#11248=EDGE_LOOP('',(#11247));
#11249=FACE_BOUND('',#11248,.T.);
#11250=ADVANCED_FACE('',(#11238,#11249),#11235,.T.);
#11251=CARTESIAN_POINT('',(52.774999999999977,-114.44291432691456,-196.10422952679852));
#11252=DIRECTION('',(0.0,0.780481296225898,-0.625179131322809));
#11253=DIRECTION('',(-0.89713867578295,-0.276172268404766,-0.344776847509488));
#11254=AXIS2_PLACEMENT_3D('',#11251,#11252,#11253);
#11255=CYLINDRICAL_SURFACE('',#11254,20.637500000000014);
#11256=ORIENTED_EDGE('',*,*,#11246,.T.);
#11257=EDGE_LOOP('',(#11256));
#11258=FACE_OUTER_BOUND('',#11257,.T.);
#11259=CARTESIAN_POINT('',(71.28969942147063,-108.74340913771123,-188.98889733632146));
#11260=VERTEX_POINT('',#11259);
#11261=CARTESIAN_POINT('',(52.774999999999977,-114.44291432691456,-196.10422952679852));
#11262=DIRECTION('',(1.665335E-016,-0.780481296225898,0.625179131322809));
#11263=DIRECTION('',(-0.89713867578295,-0.276172268404766,-0.344776847509488));
#11264=AXIS2_PLACEMENT_3D('',#11261,#11262,#11263);
#11265=CIRCLE('',#11264,20.63750000000001);
#11266=EDGE_CURVE('',#11260,#11260,#11265,.T.);
#11267=ORIENTED_EDGE('',*,*,#11266,.F.);
#11268=EDGE_LOOP('',(#11267));
#11269=FACE_BOUND('',#11268,.T.);
#11270=ADVANCED_FACE('',(#11258,#11269),#11255,.T.);
#11271=CARTESIAN_POINT('',(66.334013681875291,-76.676139479979199,-148.9557245464112));
#11272=DIRECTION('',(0.975724220050508,-0.136916008806443,-0.170927624857254));
#11273=DIRECTION('',(-0.172552611446242,0.0,-0.985000302681721));
#11274=AXIS2_PLACEMENT_3D('',#11271,#11272,#11273);
#11275=TOROIDAL_SURFACE('',#11274,61.912500000000001,20.637500000000017);
#11276=ORIENTED_EDGE('',*,*,#11266,.T.);
#11277=EDGE_LOOP('',(#11276));
#11278=FACE_OUTER_BOUND('',#11277,.T.);
#11279=CARTESIAN_POINT('',(83.86915637650246,-111.34220104487156,-115.09857649262057));
#11280=VERTEX_POINT('',#11279);
#11281=CARTESIAN_POINT('',(68.681591784672094,-117.72905951969048,-102.67069144159055));
#11282=DIRECTION('',(0.215695378413547,0.735920755509647,0.64179135654911));
#11283=DIRECTION('',(-0.735920755509647,-0.309478302837985,0.602199154501757));
#11284=AXIS2_PLACEMENT_3D('',#11281,#11282,#11283);
#11285=CIRCLE('',#11284,20.637500000000014);
#11286=EDGE_CURVE('',#11280,#11280,#11285,.T.);
#11287=ORIENTED_EDGE('',*,*,#11286,.F.);
#11288=EDGE_LOOP('',(#11287));
#11289=FACE_BOUND('',#11288,.T.);
#11290=ADVANCED_FACE('',(#11278,#11289),#11275,.T.);
#11291=CARTESIAN_POINT('',(86.561446388239744,-56.725637911683926,-49.470033062515064));
#11292=DIRECTION('',(-0.215695378413547,-0.735920755509647,-0.641791356549111));
#11293=DIRECTION('',(-0.735920755509647,-0.309478302837985,0.602199154501757));
#11294=AXIS2_PLACEMENT_3D('',#11291,#11292,#11293);
#11295=CYLINDRICAL_SURFACE('',#11294,20.63750000000001);
#11296=ORIENTED_EDGE('',*,*,#11286,.T.);
#11297=EDGE_LOOP('',(#11296));
#11298=FACE_OUTER_BOUND('',#11297,.T.);
#11299=CARTESIAN_POINT('',(101.7490109800701,-50.338779436864996,-61.897918113545067));
#11300=VERTEX_POINT('',#11299);
#11301=CARTESIAN_POINT('',(86.561446388239744,-56.725637911683926,-49.470033062515064));
#11302=DIRECTION('',(0.215695378413547,0.735920755509647,0.641791356549111));
#11303=DIRECTION('',(-0.735920755509647,-0.309478302837985,0.602199154501757));
#11304=AXIS2_PLACEMENT_3D('',#11301,#11302,#11303);
#11305=CIRCLE('',#11304,20.63750000000001);
#11306=EDGE_CURVE('',#11300,#11300,#11305,.T.);
#11307=ORIENTED_EDGE('',*,*,#11306,.F.);
#11308=EDGE_LOOP('',(#11307));
#11309=FACE_BOUND('',#11308,.T.);
#11310=ADVANCED_FACE('',(#11298,#11309),#11295,.T.);
#11311=CARTESIAN_POINT('',(26.106323138233464,-46.661062400113352,-40.692786976843045));
#11312=DIRECTION('',(-6.162976E-033,0.65726286253734,-0.753661415709483));
#11313=DIRECTION('',(-1.0,0.0,0.0));
#11314=AXIS2_PLACEMENT_3D('',#11311,#11312,#11313);
#11315=TOROIDAL_SURFACE('',#11314,61.912499999999994,20.637500000000003);
#11316=ORIENTED_EDGE('',*,*,#11306,.T.);
#11317=EDGE_LOOP('',(#11316));
#11318=FACE_OUTER_BOUND('',#11317,.T.);
#11319=CARTESIAN_POINT('',(26.106323138233456,20.637500000000003,2.527365E-015));
#11320=VERTEX_POINT('',#11319);
#11321=CARTESIAN_POINT('',(26.106323138233456,0.0,0.0));
#11322=DIRECTION('',(-1.0,0.0,0.0));
#11323=DIRECTION('',(0.0,-1.0,0.0));
#11324=AXIS2_PLACEMENT_3D('',#11321,#11322,#11323);
#11325=CIRCLE('',#11324,20.637500000000003);
#11326=EDGE_CURVE('',#11320,#11320,#11325,.T.);
#11327=ORIENTED_EDGE('',*,*,#11326,.F.);
#11328=EDGE_LOOP('',(#11327));
#11329=FACE_BOUND('',#11328,.T.);
#11330=ADVANCED_FACE('',(#11318,#11329),#11315,.T.);
#11331=CARTESIAN_POINT('',(0.0,0.0,0.0));
#11332=DIRECTION('',(1.0,0.0,0.0));
#11333=DIRECTION('',(0.0,-1.0,0.0));
#11334=AXIS2_PLACEMENT_3D('',#11331,#11332,#11333);
#11335=CYLINDRICAL_SURFACE('',#11334,20.637500000000003);
#11336=ORIENTED_EDGE('',*,*,#11326,.T.);
#11337=EDGE_LOOP('',(#11336));
#11338=FACE_OUTER_BOUND('',#11337,.T.);
#11339=CARTESIAN_POINT('',(0.0,20.637500000000003,2.527365E-015));
#11340=VERTEX_POINT('',#11339);
#11341=CARTESIAN_POINT('',(0.0,0.0,0.0));
#11342=DIRECTION('',(-1.0,0.0,0.0));
#11343=DIRECTION('',(0.0,-1.0,0.0));
#11344=AXIS2_PLACEMENT_3D('',#11341,#11342,#11343);
#11345=CIRCLE('',#11344,20.637500000000003);
#11346=EDGE_CURVE('',#11340,#11340,#11345,.T.);
#11347=ORIENTED_EDGE('',*,*,#11346,.F.);
#11348=EDGE_LOOP('',(#11347));
#11349=FACE_BOUND('',#11348,.T.);
#11350=ADVANCED_FACE('',(#11338,#11349),#11335,.T.);
#11351=CARTESIAN_POINT('',(52.774999999999999,75.400000000000006,-287.77499999999998));
#11352=DIRECTION('',(0.0,-1.0,0.0));
#11353=DIRECTION('',(0.0,0.0,-1.0));
#11354=AXIS2_PLACEMENT_3D('',#11351,#11352,#11353);
#11355=PLANE('',#11354);
#11356=ORIENTED_EDGE('',*,*,#11215,.F.);
#11357=EDGE_LOOP('',(#11356));
#11358=FACE_OUTER_BOUND('',#11357,.T.);
#11359=ORIENTED_EDGE('',*,*,#11067,.T.);
#11360=EDGE_LOOP('',(#11359));
#11361=FACE_BOUND('',#11360,.T.);
#11362=ADVANCED_FACE('',(#11358,#11361),#11355,.F.);
#11363=CARTESIAN_POINT('',(0.0,0.0,0.0));
#11364=DIRECTION('',(-1.0,0.0,0.0));
#11365=DIRECTION('',(0.0,0.0,1.0));
#11366=AXIS2_PLACEMENT_3D('',#11363,#11364,#11365);
#11367=PLANE('',#11366);
#11368=ORIENTED_EDGE('',*,*,#11346,.T.);
#11369=EDGE_LOOP('',(#11368));
#11370=FACE_OUTER_BOUND('',#11369,.T.);
#11371=ORIENTED_EDGE('',*,*,#11198,.T.);
#11372=EDGE_LOOP('',(#11371));
#11373=FACE_BOUND('',#11372,.T.);
#11374=ADVANCED_FACE('',(#11370,#11373),#11367,.T.);
#11375=CLOSED_SHELL('',(#11082,#11102,#11122,#11142,#11162,#11182,#11202,#11230,#11250,#11270,#11290,#11310,#11330,#11350,#11362,#11374));
#11376=MANIFOLD_SOLID_BREP('Solid1',#11375);
#11377=STYLED_ITEM('',(#2802),#11376);
#11378=ADVANCED_BREP_SHAPE_REPRESENTATION('ABSR',(#11376),#11023);
#11379=SHAPE_REPRESENTATION_RELATIONSHIP('SRR','None',#11378,#11028);
#11380=AXIS2_PLACEMENT_3D('',#11381,#11382,#11383);
#11381=CARTESIAN_POINT('',(6.000000000000037,-192.22795488959781,2.570644287592074));
#11382=DIRECTION('',(2.775558E-017,-8.673617E-019,1.000000000000001));
#11383=DIRECTION('',(-1.0,3.989323E-031,2.775558E-017));
#11384=NEXT_ASSEMBLY_USAGE_OCCURRENCE('exhaust header right pipe 7:1','exhaust header right pipe 7:1','exhaust header right pipe 7:1',#9736,#10999,'exhaust header right pipe 7:1');
#11385=PRODUCT_DEFINITION_SHAPE('exhaust header right pipe 7:1','exhaust header right pipe 7:1',#11384);
#11386=ITEM_DEFINED_TRANSFORMATION('exhaust header right pipe 7:1','exhaust header right pipe 7:1',#11024,#11380);
#11390=(REPRESENTATION_RELATIONSHIP('exhaust header right pipe 7:1','exhaust header right pipe 7:1',#11028,#9765)REPRESENTATION_RELATIONSHIP_WITH_TRANSFORMATION(#11386)SHAPE_REPRESENTATION_RELATIONSHIP());
#11391=CONTEXT_DEPENDENT_SHAPE_REPRESENTATION(#11390,#11385);
#11392=AXIS2_PLACEMENT_3D('',#11393,#11394,#11395);
#11393=CARTESIAN_POINT('',(234.92363782700065,-327.69720488959706,189.71549523926501));
#11394=DIRECTION('',(0.173648177666929,1.233242E-014,0.984807753012209));
#11395=DIRECTION('',(-0.984807753012208,2.068042E-014,0.173648177666929));
#11396=NEXT_ASSEMBLY_USAGE_OCCURRENCE('exhaust header right:1','exhaust header right:1','exhaust header right:1',#12,#9736,'exhaust header right:1');
#11397=PRODUCT_DEFINITION_SHAPE('exhaust header right:1','exhaust header right:1',#11396);
#11398=ITEM_DEFINED_TRANSFORMATION('exhaust header right:1','exhaust header right:1',#9761,#11392);
#11402=(REPRESENTATION_RELATIONSHIP('exhaust header right:1','exhaust header right:1',#9765,#41)REPRESENTATION_RELATIONSHIP_WITH_TRANSFORMATION(#11398)SHAPE_REPRESENTATION_RELATIONSHIP());
#11403=CONTEXT_DEPENDENT_SHAPE_REPRESENTATION(#11402,#11397);
ENDSEC;
END-ISO-10303-21;
