ISO-10303-21;
HEADER;

/* File generated by HOOPS Exchange Version 25.7.0 */

FILE_DESCRIPTION(('HOOPS Exchange Step'),'2;1');

FILE_NAME('C:\\Users\\Samue\\Documents\\GitHub\\OpenFOAM-Portfolio\\OpenFOAM-Portfolio\\Smoking Pipe Tutorial\\smoking_pipe.STEP',
'2026-06-18T23:14:53+17:00',
('Samue'),
('Unknown organisation'),
'HOOPS Exchange 2025.7',
'HOOPS Exchange',
'Unknown authorisation');

FILE_SCHEMA( ('AUTOMOTIVE_DESIGN { 1 0 10303 214 1 1 1 1 }') );

ENDSEC;

DATA;
#3=(NAMED_UNIT(*)PLANE_ANGLE_UNIT()SI_UNIT($,.RADIAN.));
#4=PLANE_ANGLE_MEASURE_WITH_UNIT(PLANE_ANGLE_MEASURE(0.0174532925),#3);
#5=(CONVERSION_BASED_UNIT('DEGREE',#4)NAMED_UNIT(#6)PLANE_ANGLE_UNIT());
#6=DIMENSIONAL_EXPONENTS(0.,0.,0.,0.,0.,0.,0.);
#7=(NAMED_UNIT(*)SI_UNIT($,.STERADIAN.)SOLID_ANGLE_UNIT());
#8=(LENGTH_UNIT()NAMED_UNIT(*)SI_UNIT($,.METRE.));
#9=UNCERTAINTY_MEASURE_WITH_UNIT(LENGTH_MEASURE(1.000000E-03),#8,'DISTANCE_ACCURACY_VALUE','Maximum Tolerance applied to model');
#10=(GEOMETRIC_REPRESENTATION_CONTEXT(3)GLOBAL_UNCERTAINTY_ASSIGNED_CONTEXT((#9))GLOBAL_UNIT_ASSIGNED_CONTEXT((#8,#5,#7))REPRESENTATION_CONTEXT('','RV Submission_rev 3.stl'));
#12=CARTESIAN_POINT('',(0.,0.,0.));
#13=DIRECTION('',(0.,0.,1.));
#14=DIRECTION('',(1.,0.,0.));
#15=AXIS2_PLACEMENT_3D('',#12,#13,#14);
#26=(NAMED_UNIT(*)PLANE_ANGLE_UNIT()SI_UNIT($,.RADIAN.));
#27=PLANE_ANGLE_MEASURE_WITH_UNIT(PLANE_ANGLE_MEASURE(0.0174532925),#26);
#28=(CONVERSION_BASED_UNIT('DEGREE',#27)NAMED_UNIT(#29)PLANE_ANGLE_UNIT());
#29=DIMENSIONAL_EXPONENTS(0.,0.,0.,0.,0.,0.,0.);
#30=(NAMED_UNIT(*)SI_UNIT($,.STERADIAN.)SOLID_ANGLE_UNIT());
#31=(LENGTH_UNIT()NAMED_UNIT(*)SI_UNIT($,.METRE.));
#32=UNCERTAINTY_MEASURE_WITH_UNIT(LENGTH_MEASURE(1.000000E-05),#31,'DISTANCE_ACCURACY_VALUE','Maximum Tolerance applied to model');
#33=(GEOMETRIC_REPRESENTATION_CONTEXT(3)GLOBAL_UNCERTAINTY_ASSIGNED_CONTEXT((#32))GLOBAL_UNIT_ASSIGNED_CONTEXT((#31,#28,#30))REPRESENTATION_CONTEXT('','Outlet'));
#45=CARTESIAN_POINT('',(0.,0.,0.));
#46=DIRECTION('',(0.,-0.,1.));
#47=DIRECTION('',(-1.,0.,0.));
#48=AXIS2_PLACEMENT_3D('',#45,#46,#47);
#49=ITEM_DEFINED_TRANSFORMATION('','',#48,#15);
#50=(REPRESENTATION_RELATIONSHIP('','',#35,#16)REPRESENTATION_RELATIONSHIP_WITH_TRANSFORMATION(#49)SHAPE_REPRESENTATION_RELATIONSHIP());
#51=NEXT_ASSEMBLY_USAGE_OCCURRENCE('Outlet_1','Outlet','Outlet',#25,#44,$);
#52=PRODUCT_DEFINITION_SHAPE('','',#51);
#53=CONTEXT_DEPENDENT_SHAPE_REPRESENTATION(#50,#52);
#55=CARTESIAN_POINT('',(-0.003925982,-0.027428555,-0.098043568));
#56=CARTESIAN_POINT('',(-0.003935237,-0.028111432,-0.097701893));
#57=CARTESIAN_POINT('',(-0.003944491,-0.02879423,-0.097360058));
#58=CARTESIAN_POINT('',(-0.003953746,-0.029476948,-0.097018065));
#59=CARTESIAN_POINT('',(-0.001300546,-0.027445541,-0.098006386));
#60=CARTESIAN_POINT('',(-0.001309801,-0.028128392,-0.097664657));
#61=CARTESIAN_POINT('',(-0.001319056,-0.028811162,-0.097322769));
#62=CARTESIAN_POINT('',(-0.001328311,-0.029493854,-0.096980723));
#63=CARTESIAN_POINT('',(0.001324879,-0.027474034,-0.097992216));
#64=CARTESIAN_POINT('',(0.001315625,-0.028156858,-0.097650434));
#65=CARTESIAN_POINT('',(0.00130637,-0.028839602,-0.097308494));
#66=CARTESIAN_POINT('',(0.001297115,-0.029522267,-0.096966394));
#67=CARTESIAN_POINT('',(0.003950295,-0.027514034,-0.098001061));
#68=CARTESIAN_POINT('',(0.003941041,-0.028196831,-0.097659226));
#69=CARTESIAN_POINT('',(0.003931786,-0.028879549,-0.097317233));
#70=CARTESIAN_POINT('',(0.003922531,-0.029562188,-0.096975081));
#71=B_SPLINE_SURFACE_WITH_KNOTS('',3,3,((#55,#56,#57,#58),(#59,#60,#61,#62),(#63,#64,#65,#66),(#67,#68,#69,#70)),.UNSPECIFIED.,.F.,.F.,.U.,(4,4),(4,4),(-0.003940761,0.003936094),(-0.001145463,0.001145462),.UNSPECIFIED.);
#72=CARTESIAN_POINT('',(0.,-0.027475318,-0.097997986));
#73=VERTEX_POINT('338677',#72);
#74=CARTESIAN_POINT('',(0.003935838,-0.028500396,-0.097511711));
#75=VERTEX_POINT('338683',#74);
#76=CARTESIAN_POINT('',(0.,-0.027475612,-0.097998574));
#77=CARTESIAN_POINT('',(0.00080444,-0.027475612,-0.097998575));
#78=CARTESIAN_POINT('',(0.001515789,-0.027543771,-0.097967129));
#79=CARTESIAN_POINT('',(0.002134049,-0.027679424,-0.097902902));
#80=CARTESIAN_POINT('',(0.00217269,-0.027687902,-0.097898887));
#81=CARTESIAN_POINT('',(0.002259977,-0.027707693,-0.097889517));
#82=CARTESIAN_POINT('',(0.002320697,-0.027722293,-0.097882601));
#83=CARTESIAN_POINT('',(0.002381416,-0.027736892,-0.097875685));
#84=CARTESIAN_POINT('',(0.002440639,-0.027751802,-0.09786862));
#85=CARTESIAN_POINT('',(0.002498366,-0.027767021,-0.097861403));
#86=CARTESIAN_POINT('',(0.00261382,-0.027797459,-0.09784697));
#87=CARTESIAN_POINT('',(0.002723288,-0.027829132,-0.097831932));
#88=CARTESIAN_POINT('',(0.002826771,-0.027862035,-0.097816275));
#89=CARTESIAN_POINT('',(0.003033738,-0.027927842,-0.097784961));
#90=CARTESIAN_POINT('',(0.003216762,-0.027998565,-0.097751173));
#91=CARTESIAN_POINT('',(0.003375845,-0.028074161,-0.097714821));
#92=CARTESIAN_POINT('',(0.003694012,-0.028225353,-0.097642116));
#93=CARTESIAN_POINT('',(0.003884564,-0.028365376,-0.097574152));
#94=CARTESIAN_POINT('',(0.003937079,-0.028489025,-0.097512808));
#95=B_SPLINE_CURVE_WITH_KNOTS('',3,(#76,#77,#78,#79,#80,#81,#82,#83,#84,#85,#86,#87,#88,#89,#90,#91,#92,#93,#94),.UNSPECIFIED.,.F.,.F.,(4,3,3,3,3,3,4),(0.,0.5,0.53125,0.5625,0.625,0.75,1.),.UNSPECIFIED.);
#96=EDGE_CURVE('338669',#73,#75,#95,.T.);
#97=ORIENTED_EDGE('',*,*,#96,.F.);
#98=CARTESIAN_POINT('',(-0.003936249,-0.028501169,-0.097511806));
#99=VERTEX_POINT('338679',#98);
#100=CARTESIAN_POINT('',(-0.003940463,-0.028497014,-0.097508805));
#101=CARTESIAN_POINT('',(-0.003886774,-0.028370599,-0.097571526));
#102=CARTESIAN_POINT('',(-0.003703635,-0.028232,-0.097638864));
#103=CARTESIAN_POINT('',(-0.003391047,-0.028081453,-0.097711291));
#104=CARTESIAN_POINT('',(-0.003078459,-0.027930906,-0.097783718));
#105=CARTESIAN_POINT('',(-0.002620711,-0.027782191,-0.097854295));
#106=CARTESIAN_POINT('',(-0.002100324,-0.027675444,-0.097904688));
#107=CARTESIAN_POINT('',(-0.002035275,-0.0276621,-0.097910987));
#108=CARTESIAN_POINT('',(-0.002019017,-0.027659065,-0.097912418));
#109=CARTESIAN_POINT('',(-0.001978064,-0.027651265,-0.097916097));
#110=CARTESIAN_POINT('',(-0.00193711,-0.027643465,-0.097919776));
#111=CARTESIAN_POINT('',(-0.001895956,-0.027635925,-0.097923331));
#112=CARTESIAN_POINT('',(-0.001854602,-0.027628643,-0.097926762));
#113=CARTESIAN_POINT('',(-0.001771895,-0.027614081,-0.097933625));
#114=CARTESIAN_POINT('',(-0.001688386,-0.027600556,-0.097939992));
#115=CARTESIAN_POINT('',(-0.001604076,-0.027588069,-0.097945866));
#116=CARTESIAN_POINT('',(-0.001435456,-0.027563096,-0.097957613));
#117=CARTESIAN_POINT('',(-0.001263633,-0.027542277,-0.097967385));
#118=CARTESIAN_POINT('',(-0.001088606,-0.027525617,-0.097975194));
#119=CARTESIAN_POINT('',(-0.000738552,-0.027492296,-0.097990811));
#120=CARTESIAN_POINT('',(-0.000375683,-0.027475612,-0.097998573));
#121=CARTESIAN_POINT('',(0.,-0.027475612,-0.097998574));
#122=B_SPLINE_CURVE_WITH_KNOTS('',3,(#100,#101,#102,#103,#104,#105,#106,#107,#108,#109,#110,#111,#112,#113,#114,#115,#116,#117,#118,#119,#120,#121),.UNSPECIFIED.,.F.,.F.,(4,3,3,3,3,3,3,4),(0.,0.25,0.5,0.53125,0.5625,0.625,0.75,1.),.UNSPECIFIED.);
#123=EDGE_CURVE('338671',#99,#73,#122,.T.);
#124=ORIENTED_EDGE('',*,*,#123,.F.);
#125=CARTESIAN_POINT('',(-0.,-0.029498611,-0.096984746));
#126=VERTEX_POINT('338681',#125);
#127=CARTESIAN_POINT('',(-0.,-0.029498908,-0.096985339));
#128=CARTESIAN_POINT('',(-0.000750512,-0.029498905,-0.096985335));
#129=CARTESIAN_POINT('',(-0.001454786,-0.029433241,-0.097020576));
#130=CARTESIAN_POINT('',(-0.002112821,-0.029301585,-0.097090403));
#131=CARTESIAN_POINT('',(-0.002195075,-0.029285128,-0.097099131));
#132=CARTESIAN_POINT('',(-0.002357221,-0.029249916,-0.09711779));
#133=CARTESIAN_POINT('',(-0.002471835,-0.029221437,-0.097132846));
#134=CARTESIAN_POINT('',(-0.002586449,-0.029192957,-0.097147902));
#135=CARTESIAN_POINT('',(-0.002696006,-0.029162713,-0.097163862));
#136=CARTESIAN_POINT('',(-0.002800506,-0.029130697,-0.097180715));
#137=CARTESIAN_POINT('',(-0.003009506,-0.029066665,-0.097214421));
#138=CARTESIAN_POINT('',(-0.003198277,-0.028995549,-0.097251697));
#139=CARTESIAN_POINT('',(-0.003366819,-0.02891731,-0.097292467));
#140=CARTESIAN_POINT('',(-0.003703904,-0.028760832,-0.097374006));
#141=CARTESIAN_POINT('',(-0.003873776,-0.028633513,-0.097439716));
#142=CARTESIAN_POINT('',(-0.003934682,-0.028508073,-0.097503204));
#143=B_SPLINE_CURVE_WITH_KNOTS('',3,(#127,#128,#129,#130,#131,#132,#133,#134,#135,#136,#137,#138,#139,#140,#141,#142),.UNSPECIFIED.,.F.,.F.,(4,3,3,3,3,4),(0.,0.5,0.5625,0.625,0.75,1.),.UNSPECIFIED.);
#144=EDGE_CURVE('338673',#126,#99,#143,.T.);
#145=ORIENTED_EDGE('',*,*,#144,.F.);
#146=CARTESIAN_POINT('',(0.003934675,-0.028508102,-0.097503229));
#147=CARTESIAN_POINT('',(0.003873859,-0.028633316,-0.097439859));
#148=CARTESIAN_POINT('',(0.003685495,-0.028769211,-0.097369683));
#149=CARTESIAN_POINT('',(0.003369584,-0.028916027,-0.09729318));
#150=CARTESIAN_POINT('',(0.003053672,-0.029062842,-0.097216676));
#151=CARTESIAN_POINT('',(0.002596988,-0.029206288,-0.097140993));
#152=CARTESIAN_POINT('',(0.00208472,-0.02930714,-0.097087489));
#153=CARTESIAN_POINT('',(0.002020686,-0.029319746,-0.097080801));
#154=CARTESIAN_POINT('',(0.002003302,-0.029322884,-0.097079135));
#155=CARTESIAN_POINT('',(0.001962329,-0.02933038,-0.097075155));
#156=CARTESIAN_POINT('',(0.001921357,-0.029337876,-0.097071175));
#157=CARTESIAN_POINT('',(0.001880209,-0.029345122,-0.097067327));
#158=CARTESIAN_POINT('',(0.001838885,-0.029352117,-0.09706361));
#159=CARTESIAN_POINT('',(0.001756238,-0.029366108,-0.097056177));
#160=CARTESIAN_POINT('',(0.001672887,-0.029379097,-0.09704927));
#161=CARTESIAN_POINT('',(0.001588835,-0.029391086,-0.097042891));
#162=CARTESIAN_POINT('',(0.001420729,-0.029415062,-0.097030133));
#163=CARTESIAN_POINT('',(0.001249813,-0.029435035,-0.097019486));
#164=CARTESIAN_POINT('',(0.001076086,-0.029451009,-0.097010961));
#165=CARTESIAN_POINT('',(0.000728633,-0.029482957,-0.096993909));
#166=CARTESIAN_POINT('',(0.000369938,-0.02949891,-0.096985342));
#167=CARTESIAN_POINT('',(-0.,-0.029498908,-0.096985339));
#168=B_SPLINE_CURVE_WITH_KNOTS('',3,(#146,#147,#148,#149,#150,#151,#152,#153,#154,#155,#156,#157,#158,#159,#160,#161,#162,#163,#164,#165,#166,#167),.UNSPECIFIED.,.F.,.F.,(4,3,3,3,3,3,3,4),(0.,0.25,0.5,0.53125,0.5625,0.625,0.75,1.),.UNSPECIFIED.);
#169=EDGE_CURVE('338675',#75,#126,#168,.T.);
#170=ORIENTED_EDGE('',*,*,#169,.F.);
#171=EDGE_LOOP('',(#97,#124,#145,#170));
#172=FACE_BOUND('',#171,.T.);
#173=ADVANCED_FACE('338650',(#172),#71,.F.);
#174=OPEN_SHELL('',(#173));
#175=SHELL_BASED_SURFACE_MODEL('Outlet',(#174));
#176=COLOUR_RGB('',0.686274529,0.56078434,0.686274529);
#177=FILL_AREA_STYLE_COLOUR('',#176);
#178=FILL_AREA_STYLE('',(#177));
#179=SURFACE_STYLE_FILL_AREA(#178);
#180=SURFACE_SIDE_STYLE('',(#179));
#181=SURFACE_STYLE_USAGE(.BOTH.,#180);
#182=PRESENTATION_STYLE_ASSIGNMENT((#181));
#54=STYLED_ITEM('',(#182),#175);
#35=SHAPE_REPRESENTATION('Outlet',(#15),#33);
#40=MANIFOLD_SURFACE_SHAPE_REPRESENTATION('Outlet',(#175),#33);
#190=SHAPE_REPRESENTATION_RELATIONSHIP('','',#35,#40);
#191=APPLICATION_CONTEXT('data for automotive mechanical design processes');
#192=APPLICATION_PROTOCOL_DEFINITION('international standard','automotive_design',1994,#191);
#193=PRODUCT_CONTEXT('',#191,'mechanical');
#194=PRODUCT_DEFINITION_CONTEXT('part definition',#191,'design');
#43=PRODUCT('Outlet','Outlet','',(#193));
#195=PRODUCT_RELATED_PRODUCT_CATEGORY('part','',(#43));
#196=PRODUCT_DEFINITION_FORMATION_WITH_SPECIFIED_SOURCE('','',#43,.NOT_KNOWN.);
#44=PRODUCT_DEFINITION('design','',#196,#194);
#42=PRODUCT_DEFINITION_SHAPE('','',#44);
#197=SHAPE_DEFINITION_REPRESENTATION(#42,#35);
#34=DRAUGHTING_MODEL('',(),#33);
#198=(NAMED_UNIT(*)PLANE_ANGLE_UNIT()SI_UNIT($,.RADIAN.));
#199=PLANE_ANGLE_MEASURE_WITH_UNIT(PLANE_ANGLE_MEASURE(0.0174532925),#198);
#200=(CONVERSION_BASED_UNIT('DEGREE',#199)NAMED_UNIT(#201)PLANE_ANGLE_UNIT());
#201=DIMENSIONAL_EXPONENTS(0.,0.,0.,0.,0.,0.,0.);
#202=(NAMED_UNIT(*)SI_UNIT($,.STERADIAN.)SOLID_ANGLE_UNIT());
#203=(LENGTH_UNIT()NAMED_UNIT(*)SI_UNIT($,.METRE.));
#204=UNCERTAINTY_MEASURE_WITH_UNIT(LENGTH_MEASURE(1.000000E-05),#203,'DISTANCE_ACCURACY_VALUE','Maximum Tolerance applied to model');
#205=(GEOMETRIC_REPRESENTATION_CONTEXT(3)GLOBAL_UNCERTAINTY_ASSIGNED_CONTEXT((#204))GLOBAL_UNIT_ASSIGNED_CONTEXT((#203,#200,#202))REPRESENTATION_CONTEXT('','Walls'));
#217=CARTESIAN_POINT('',(0.,0.,0.));
#218=DIRECTION('',(0.,0.,1.));
#219=DIRECTION('',(1.,0.,-0.));
#220=AXIS2_PLACEMENT_3D('',#217,#218,#219);
#221=ITEM_DEFINED_TRANSFORMATION('','',#220,#15);
#222=(REPRESENTATION_RELATIONSHIP('','',#207,#16)REPRESENTATION_RELATIONSHIP_WITH_TRANSFORMATION(#221)SHAPE_REPRESENTATION_RELATIONSHIP());
#223=NEXT_ASSEMBLY_USAGE_OCCURRENCE('Walls_2','Walls','Walls',#25,#216,$);
#224=PRODUCT_DEFINITION_SHAPE('','',#223);
#225=CONTEXT_DEPENDENT_SHAPE_REPRESENTATION(#222,#224);
#227=CARTESIAN_POINT('',(0.,0.,-0.0207391));
#228=DIRECTION('',(0.,-0.,1.));
#229=DIRECTION('',(-1.,0.,0.));
#230=AXIS2_PLACEMENT_3D('',#227,#228,#229);
#231=PLANE('',#230);
#232=CARTESIAN_POINT('',(-0.0003937,0.,-0.0207391));
#233=VERTEX_POINT('341292',#232);
#234=CARTESIAN_POINT('',(0.0003937,0.,-0.0207391));
#235=VERTEX_POINT('',#234);
#236=CARTESIAN_POINT('',(0.,0.,-0.0207391));
#237=DIRECTION('',(0.,-0.,1.));
#238=DIRECTION('',(-1.,0.,0.));
#239=AXIS2_PLACEMENT_3D('',#236,#237,#238);
#240=CIRCLE('',#239,0.0003937);
#241=EDGE_CURVE('341291',#233,#235,#240,.T.);
#242=ORIENTED_EDGE('',*,*,#241,.T.);
#243=CARTESIAN_POINT('',(0.,0.,-0.0207391));
#244=DIRECTION('',(0.,-0.,1.));
#245=DIRECTION('',(-1.,0.,0.));
#246=AXIS2_PLACEMENT_3D('',#243,#244,#245);
#247=CIRCLE('',#246,0.0003937);
#248=EDGE_CURVE('341291',#235,#233,#247,.T.);
#249=ORIENTED_EDGE('',*,*,#248,.T.);
#250=EDGE_LOOP('',(#242,#249));
#251=FACE_BOUND('',#250,.T.);
#252=ADVANCED_FACE('341296',(#251),#231,.T.);
#253=CARTESIAN_POINT('',(0.,0.,-0.0207391));
#254=DIRECTION('',(0.,0.,-1.));
#255=DIRECTION('',(1.,0.,0.));
#256=AXIS2_PLACEMENT_3D('',#253,#254,#255);
#257=CYLINDRICAL_SURFACE('',#256,0.0003937);
#258=CARTESIAN_POINT('',(0.0003937,0.,-0.0211201));
#259=VERTEX_POINT('',#258);
#260=CARTESIAN_POINT('',(0.0003937,0.,-0.0211201));
#261=DIRECTION('',(-0.,-0.,1.));
#262=VECTOR('',#261,0.000381);
#263=LINE('',#260,#262);
#264=EDGE_CURVE('',#259,#235,#263,.T.);
#265=ORIENTED_EDGE('',*,*,#264,.T.);
#266=ORIENTED_EDGE('',*,*,#241,.F.);
#267=ORIENTED_EDGE('',*,*,#248,.F.);
#268=ORIENTED_EDGE('',*,*,#264,.F.);
#269=CARTESIAN_POINT('',(-0.0003937,0.,-0.0211201));
#270=VERTEX_POINT('342618',#269);
#271=CARTESIAN_POINT('',(0.,0.,-0.0211201));
#272=DIRECTION('',(0.,-0.,1.));
#273=DIRECTION('',(-1.,0.,0.));
#274=AXIS2_PLACEMENT_3D('',#271,#272,#273);
#275=CIRCLE('',#274,0.0003937);
#276=EDGE_CURVE('342622',#259,#270,#275,.T.);
#277=ORIENTED_EDGE('',*,*,#276,.T.);
#278=CARTESIAN_POINT('',(0.,0.,-0.0211201));
#279=DIRECTION('',(0.,-0.,1.));
#280=DIRECTION('',(-1.,0.,0.));
#281=AXIS2_PLACEMENT_3D('',#278,#279,#280);
#282=CIRCLE('',#281,0.0003937);
#283=EDGE_CURVE('342622',#270,#259,#282,.T.);
#284=ORIENTED_EDGE('',*,*,#283,.T.);
#285=EDGE_LOOP('',(#265,#266,#267,#268,#277,#284));
#286=FACE_BOUND('',#285,.T.);
#287=ADVANCED_FACE('342625',(#286),#257,.T.);
#288=CARTESIAN_POINT('',(0.,0.,-0.0211201));
#289=DIRECTION('',(0.,-0.,1.));
#290=DIRECTION('',(-1.,0.,0.));
#291=AXIS2_PLACEMENT_3D('',#288,#289,#290);
#292=PLANE('',#291);
#293=CARTESIAN_POINT('',(0.0011684,0.002067605,-0.0211201));
#294=VERTEX_POINT('342574',#293);
#295=CARTESIAN_POINT('',(0.0011684,0.,-0.0211201));
#296=VERTEX_POINT('342582',#295);
#297=CARTESIAN_POINT('',(0.0011684,0.002067605,-0.0211201));
#298=DIRECTION('',(0.,-1.,-0.));
#299=VECTOR('',#298,0.002067605);
#300=LINE('',#297,#299);
#301=EDGE_CURVE('342573',#294,#296,#300,.T.);
#302=ORIENTED_EDGE('',*,*,#301,.F.);
#303=CARTESIAN_POINT('',(0.,0.0023749,-0.0211201));
#304=VERTEX_POINT('',#303);
#305=CARTESIAN_POINT('',(0.,0.,-0.0211201));
#306=DIRECTION('',(0.,-0.,1.));
#307=DIRECTION('',(-1.,0.,0.));
#308=AXIS2_PLACEMENT_3D('',#305,#306,#307);
#309=CIRCLE('',#308,0.0023749);
#310=EDGE_CURVE('342595',#294,#304,#309,.T.);
#311=ORIENTED_EDGE('',*,*,#310,.T.);
#312=CARTESIAN_POINT('',(-0.0011684,0.002067605,-0.0211201));
#313=VERTEX_POINT('342576',#312);
#314=CARTESIAN_POINT('',(0.,0.,-0.0211201));
#315=DIRECTION('',(0.,-0.,1.));
#316=DIRECTION('',(-1.,0.,0.));
#317=AXIS2_PLACEMENT_3D('',#314,#315,#316);
#318=CIRCLE('',#317,0.0023749);
#319=EDGE_CURVE('342595',#304,#313,#318,.T.);
#320=ORIENTED_EDGE('',*,*,#319,.T.);
#321=CARTESIAN_POINT('',(-0.0011684,0.,-0.0211201));
#322=VERTEX_POINT('342578',#321);
#323=CARTESIAN_POINT('',(-0.0011684,0.002067605,-0.0211201));
#324=DIRECTION('',(0.,-1.,-0.));
#325=VECTOR('',#324,0.002067605);
#326=LINE('',#323,#325);
#327=EDGE_CURVE('342593',#313,#322,#326,.T.);
#328=ORIENTED_EDGE('',*,*,#327,.T.);
#329=CARTESIAN_POINT('',(0.,0.,-0.0211201));
#330=DIRECTION('',(0.,-0.,1.));
#331=DIRECTION('',(-1.,0.,0.));
#332=AXIS2_PLACEMENT_3D('',#329,#330,#331);
#333=CIRCLE('',#332,0.0011684);
#334=EDGE_CURVE('342589',#322,#296,#333,.T.);
#335=ORIENTED_EDGE('',*,*,#334,.T.);
#336=EDGE_LOOP('',(#302,#311,#320,#328,#335));
#337=FACE_BOUND('',#336,.T.);
#338=ORIENTED_EDGE('',*,*,#276,.F.);
#339=ORIENTED_EDGE('',*,*,#283,.F.);
#340=EDGE_LOOP('',(#338,#339));
#341=FACE_BOUND('',#340,.T.);
#342=ADVANCED_FACE('342601',(#337,#341),#292,.T.);
#343=CARTESIAN_POINT('',(0.0011684,0.0023749,-0.0211201));
#344=DIRECTION('',(1.,0.,0.));
#345=DIRECTION('',(0.,-0.,1.));
#346=AXIS2_PLACEMENT_3D('',#343,#344,#345);
#347=PLANE('',#346);
#348=CARTESIAN_POINT('',(0.0011684,0.002067605,-0.0219075));
#349=VERTEX_POINT('342539',#348);
#350=CARTESIAN_POINT('',(0.0011684,0.,-0.0219075));
#351=VERTEX_POINT('342547',#350);
#352=CARTESIAN_POINT('',(0.0011684,0.002067605,-0.0219075));
#353=DIRECTION('',(0.,-1.,-0.));
#354=VECTOR('',#353,0.002067605);
#355=LINE('',#352,#354);
#356=EDGE_CURVE('342538',#349,#351,#355,.T.);
#357=ORIENTED_EDGE('',*,*,#356,.F.);
#358=CARTESIAN_POINT('',(0.0011684,0.002067605,-0.0219075));
#359=DIRECTION('',(0.,-0.,1.));
#360=VECTOR('',#359,0.0007874);
#361=LINE('',#358,#360);
#362=EDGE_CURVE('342558',#349,#294,#361,.T.);
#363=ORIENTED_EDGE('',*,*,#362,.T.);
#364=ORIENTED_EDGE('',*,*,#301,.T.);
#365=CARTESIAN_POINT('',(0.0011684,0.,-0.0211201));
#366=DIRECTION('',(0.,0.,-1.));
#367=VECTOR('',#366,0.0007874);
#368=LINE('',#365,#367);
#369=EDGE_CURVE('342553',#296,#351,#368,.T.);
#370=ORIENTED_EDGE('',*,*,#369,.T.);
#371=EDGE_LOOP('',(#357,#363,#364,#370));
#372=FACE_BOUND('',#371,.T.);
#373=ADVANCED_FACE('342560',(#372),#347,.T.);
#374=CARTESIAN_POINT('',(0.,0.,-0.024431987));
#375=DIRECTION('',(0.,0.,1.));
#376=DIRECTION('',(0.,1.,-0.));
#377=AXIS2_PLACEMENT_3D('',#374,#375,#376);
#378=CYLINDRICAL_SURFACE('',#377,0.0023749);
#379=CARTESIAN_POINT('',(0.,0.0023749,-0.0219075));
#380=VERTEX_POINT('',#379);
#381=CARTESIAN_POINT('',(-0.,0.0023749,-0.024431987));
#382=VERTEX_POINT('',#381);
#383=CARTESIAN_POINT('',(0.,0.0023749,-0.0219075));
#384=DIRECTION('',(-0.,-0.,-1.));
#385=VECTOR('',#384,0.002524487);
#386=LINE('',#383,#385);
#387=EDGE_CURVE('',#380,#382,#386,.T.);
#388=ORIENTED_EDGE('',*,*,#387,.F.);
#389=CARTESIAN_POINT('',(-0.0011684,0.002067605,-0.0219075));
#390=VERTEX_POINT('342467',#389);
#391=CARTESIAN_POINT('',(0.,0.,-0.0219075));
#392=DIRECTION('',(0.,-0.,1.));
#393=DIRECTION('',(-1.,0.,0.));
#394=AXIS2_PLACEMENT_3D('',#391,#392,#393);
#395=CIRCLE('',#394,0.0023749);
#396=EDGE_CURVE('342499',#380,#390,#395,.T.);
#397=ORIENTED_EDGE('',*,*,#396,.T.);
#398=CARTESIAN_POINT('',(-0.0011684,0.002067605,-0.0219075));
#399=DIRECTION('',(0.,-0.,1.));
#400=VECTOR('',#399,0.0007874);
#401=LINE('',#398,#400);
#402=EDGE_CURVE('342458',#390,#313,#401,.T.);
#403=ORIENTED_EDGE('',*,*,#402,.T.);
#404=ORIENTED_EDGE('',*,*,#319,.F.);
#405=CARTESIAN_POINT('',(-0.,0.0023749,-0.0198374));
#406=VERTEX_POINT('',#405);
#407=CARTESIAN_POINT('',(0.,0.0023749,-0.0198374));
#408=DIRECTION('',(-0.,-0.,-1.));
#409=VECTOR('',#408,0.0012827);
#410=LINE('',#407,#409);
#411=EDGE_CURVE('',#406,#304,#410,.T.);
#412=ORIENTED_EDGE('',*,*,#411,.F.);
#413=CARTESIAN_POINT('',(-0.0023622,-0.000245278,-0.0198374));
#414=VERTEX_POINT('342477',#413);
#415=CARTESIAN_POINT('',(0.,0.,-0.0198374));
#416=DIRECTION('',(0.,-0.,1.));
#417=DIRECTION('',(-1.,0.,0.));
#418=AXIS2_PLACEMENT_3D('',#415,#416,#417);
#419=CIRCLE('',#418,0.0023749);
#420=EDGE_CURVE('342488',#406,#414,#419,.T.);
#421=ORIENTED_EDGE('',*,*,#420,.T.);
#422=CARTESIAN_POINT('',(-0.0023622,-0.000245278,-0.023170206));
#423=VERTEX_POINT('342479',#422);
#424=CARTESIAN_POINT('',(-0.0023622,-0.000245278,-0.0198374));
#425=DIRECTION('',(0.,0.,-1.));
#426=VECTOR('',#425,0.003332806);
#427=LINE('',#424,#426);
#428=EDGE_CURVE('342487',#414,#423,#427,.T.);
#429=ORIENTED_EDGE('',*,*,#428,.T.);
#430=CARTESIAN_POINT('',(-0.,-0.0023749,-0.022425812));
#431=VERTEX_POINT('342471',#430);
#432=CARTESIAN_POINT('',(-0.0023622,-0.000245278,-0.023170206));
#433=CARTESIAN_POINT('',(-0.002333698,-0.000519776,-0.023153865));
#434=CARTESIAN_POINT('',(-0.002254768,-0.00080869,-0.023107749));
#435=CARTESIAN_POINT('',(-0.002111655,-0.001086767,-0.023031858));
#436=CARTESIAN_POINT('',(-0.002109419,-0.001091112,-0.023030672));
#437=CARTESIAN_POINT('',(-0.002107925,-0.001093993,-0.023029881));
#438=CARTESIAN_POINT('',(-0.002106036,-0.001097617,-0.023028881));
#439=CARTESIAN_POINT('',(-0.002104147,-0.00110124,-0.023027881));
#440=CARTESIAN_POINT('',(-0.002102243,-0.001104871,-0.023026873));
#441=CARTESIAN_POINT('',(-0.002100323,-0.001108509,-0.023025858));
#442=CARTESIAN_POINT('',(-0.002096484,-0.001115784,-0.023023829));
#443=CARTESIAN_POINT('',(-0.002092581,-0.001123086,-0.023021769));
#444=CARTESIAN_POINT('',(-0.002088615,-0.001130415,-0.02301968));
#445=CARTESIAN_POINT('',(-0.002080682,-0.001145072,-0.023015502));
#446=CARTESIAN_POINT('',(-0.002072493,-0.001159835,-0.023011205));
#447=CARTESIAN_POINT('',(-0.002064037,-0.001174692,-0.023006789));
#448=CARTESIAN_POINT('',(-0.002047126,-0.001204406,-0.022997956));
#449=CARTESIAN_POINT('',(-0.002029149,-0.0012345,-0.022988649));
#450=CARTESIAN_POINT('',(-0.002010028,-0.001264887,-0.022978865));
#451=CARTESIAN_POINT('',(-0.001971784,-0.00132566,-0.022959298));
#452=CARTESIAN_POINT('',(-0.001928954,-0.001387614,-0.022937828));
#453=CARTESIAN_POINT('',(-0.001880933,-0.001449911,-0.022914455));
#454=CARTESIAN_POINT('',(-0.001879432,-0.001451857,-0.022913725));
#455=CARTESIAN_POINT('',(-0.001879102,-0.001452283,-0.022913564));
#456=CARTESIAN_POINT('',(-0.001878175,-0.001453482,-0.022913113));
#457=CARTESIAN_POINT('',(-0.001877247,-0.001454681,-0.022912662));
#458=CARTESIAN_POINT('',(-0.001876311,-0.001455888,-0.022912207));
#459=CARTESIAN_POINT('',(-0.001875367,-0.001457103,-0.022911748));
#460=CARTESIAN_POINT('',(-0.001873479,-0.001459533,-0.022910829));
#461=CARTESIAN_POINT('',(-0.001871557,-0.001461997,-0.022909896));
#462=CARTESIAN_POINT('',(-0.001869602,-0.001464492,-0.022908947));
#463=CARTESIAN_POINT('',(-0.001865693,-0.001469483,-0.022907048));
#464=CARTESIAN_POINT('',(-0.001861649,-0.001474604,-0.022905088));
#465=CARTESIAN_POINT('',(-0.001857468,-0.001479852,-0.022903065));
#466=CARTESIAN_POINT('',(-0.001849107,-0.001490347,-0.022899021));
#467=CARTESIAN_POINT('',(-0.001840196,-0.00150135,-0.022894727));
#468=CARTESIAN_POINT('',(-0.001830707,-0.001512832,-0.022890186));
#469=CARTESIAN_POINT('',(-0.001811729,-0.001535798,-0.022881103));
#470=CARTESIAN_POINT('',(-0.001790439,-0.00156069,-0.022871027));
#471=CARTESIAN_POINT('',(-0.001766578,-0.001587247,-0.022859958));
#472=CARTESIAN_POINT('',(-0.001718855,-0.001640361,-0.022837821));
#473=CARTESIAN_POINT('',(-0.001660855,-0.001700218,-0.022811711));
#474=CARTESIAN_POINT('',(-0.001590267,-0.00176386,-0.022781629));
#475=CARTESIAN_POINT('',(-0.001449089,-0.001891143,-0.022721465));
#476=CARTESIAN_POINT('',(-0.001330686,-0.001969383,-0.022677821));
#477=CARTESIAN_POINT('',(-0.001249816,-0.002019433,-0.022649742));
#478=CARTESIAN_POINT('',(-0.001248552,-0.002020215,-0.022649304));
#479=CARTESIAN_POINT('',(-0.001245576,-0.002022053,-0.022648272));
#480=CARTESIAN_POINT('',(-0.001243458,-0.002023355,-0.02264754));
#481=CARTESIAN_POINT('',(-0.001241339,-0.002024656,-0.022646808));
#482=CARTESIAN_POINT('',(-0.001239222,-0.002025953,-0.022646078));
#483=CARTESIAN_POINT('',(-0.001237106,-0.002027244,-0.02264535));
#484=CARTESIAN_POINT('',(-0.001232875,-0.002029826,-0.022643895));
#485=CARTESIAN_POINT('',(-0.001228648,-0.002032388,-0.022642448));
#486=CARTESIAN_POINT('',(-0.001224426,-0.002034928,-0.022641009));
#487=CARTESIAN_POINT('',(-0.001215982,-0.002040008,-0.022638132));
#488=CARTESIAN_POINT('',(-0.001207559,-0.002045005,-0.022635289));
#489=CARTESIAN_POINT('',(-0.001199157,-0.00204992,-0.02263248));
#490=CARTESIAN_POINT('',(-0.001182355,-0.002059749,-0.022626862));
#491=CARTESIAN_POINT('',(-0.00116564,-0.002069249,-0.022621381));
#492=CARTESIAN_POINT('',(-0.001149028,-0.002078433,-0.022616035));
#493=CARTESIAN_POINT('',(-0.001115803,-0.002096801,-0.022605344));
#494=CARTESIAN_POINT('',(-0.001082987,-0.002113903,-0.022595198));
#495=CARTESIAN_POINT('',(-0.001050679,-0.002129841,-0.022585596));
#496=CARTESIAN_POINT('',(-0.000986062,-0.002161718,-0.022566392));
#497=CARTESIAN_POINT('',(-0.000923487,-0.002188939,-0.022549368));
#498=CARTESIAN_POINT('',(-0.00086359,-0.002212321,-0.022534522));
#499=CARTESIAN_POINT('',(-0.000859846,-0.002213782,-0.022533594));
#500=CARTESIAN_POINT('',(-0.000854451,-0.002215872,-0.022532266));
#501=CARTESIAN_POINT('',(-0.00084988,-0.002217624,-0.022531151));
#502=CARTESIAN_POINT('',(-0.000845309,-0.002219375,-0.022530037));
#503=CARTESIAN_POINT('',(-0.000840737,-0.002221111,-0.022528931));
#504=CARTESIAN_POINT('',(-0.000836164,-0.002222831,-0.022527834));
#505=CARTESIAN_POINT('',(-0.000827018,-0.002226272,-0.02252564));
#506=CARTESIAN_POINT('',(-0.000817869,-0.002229649,-0.022523481));
#507=CARTESIAN_POINT('',(-0.000808717,-0.002232964,-0.022521358));
#508=CARTESIAN_POINT('',(-0.000790413,-0.002239593,-0.022517111));
#509=CARTESIAN_POINT('',(-0.000772098,-0.002245972,-0.022513006));
#510=CARTESIAN_POINT('',(-0.000753779,-0.002252103,-0.022509043));
#511=CARTESIAN_POINT('',(-0.000717143,-0.002264365,-0.022501116));
#512=CARTESIAN_POINT('',(-0.000680493,-0.002275637,-0.022493756));
#513=CARTESIAN_POINT('',(-0.000643885,-0.002285949,-0.022486961));
#514=CARTESIAN_POINT('',(-0.000570671,-0.002306571,-0.022473373));
#515=CARTESIAN_POINT('',(-0.000497629,-0.002323347,-0.022462049));
#516=CARTESIAN_POINT('',(-0.000425165,-0.002336533,-0.022452989));
#517=CARTESIAN_POINT('',(-0.000280236,-0.002362904,-0.022434871));
#518=CARTESIAN_POINT('',(-0.000137671,-0.0023749,-0.022425812));
#519=CARTESIAN_POINT('',(-0.,-0.0023749,-0.022425812));
#520=B_SPLINE_CURVE_WITH_KNOTS('',3,(#432,#433,#434,#435,#436,#437,#438,#439,#440,#441,#442,#443,#444,#445,#446,#447,#448,#449,#450,#451,#452,#453,#454,#455,#456,#457,
#458,#459,#460,#461,#462,#463,#464,#465,#466,#467,#468,#469,#470,#471,#472,#473,#474,#475,#476,#477,#478,#479,#480,#481,#482,
#483,#484,#485,#486,#487,#488,#489,#490,#491,#492,#493,#494,#495,#496,#497,#498,#499,#500,#501,#502,#503,#504,#505,#506,#507,
#508,#509,#510,#511,#512,#513,#514,#515,#516,#517,#518,#519),.UNSPECIFIED.,.F.,.F.,(4,3,3,3,3,3,3,3,3,3,3,3,3,3,3,3,3,3,3,3,3,3,3,3,3,3,
3,3,3,4),(0.,0.25,0.25390625,0.2578125,0.265625,0.28125,0.3125,0.375,0.376953125,0.37890625,0.3828125,0.390625,0.40625,0.4375,0.5,0.625,0.626953125,0.62890625,0.6328125,0.640625,0.65625,0.6875,0.75,0.75390625,0.7578125,0.765625,
0.78125,0.8125,0.875,1.),.UNSPECIFIED.);
#521=EDGE_CURVE('342482',#423,#431,#520,.T.);
#522=ORIENTED_EDGE('',*,*,#521,.T.);
#523=CARTESIAN_POINT('',(0.0023622,-0.000245278,-0.023170206));
#524=VERTEX_POINT('342473',#523);
#525=CARTESIAN_POINT('',(-0.,-0.0023749,-0.022425812));
#526=CARTESIAN_POINT('',(0.000275409,-0.0023749,-0.022425812));
#527=CARTESIAN_POINT('',(0.000571402,-0.002326438,-0.022462082));
#528=CARTESIAN_POINT('',(0.000863989,-0.002212165,-0.022534621));
#529=CARTESIAN_POINT('',(0.000868561,-0.002210379,-0.022535754));
#530=CARTESIAN_POINT('',(0.000871489,-0.002209225,-0.022536486));
#531=CARTESIAN_POINT('',(0.000875254,-0.002207732,-0.022537432));
#532=CARTESIAN_POINT('',(0.00087902,-0.002206239,-0.022538377));
#533=CARTESIAN_POINT('',(0.000882796,-0.002204731,-0.022539331));
#534=CARTESIAN_POINT('',(0.000886582,-0.002203207,-0.022540294));
#535=CARTESIAN_POINT('',(0.000894155,-0.00220016,-0.022542219));
#536=CARTESIAN_POINT('',(0.000901768,-0.002197051,-0.022544179));
#537=CARTESIAN_POINT('',(0.000909422,-0.002193878,-0.022546173));
#538=CARTESIAN_POINT('',(0.000924729,-0.002187533,-0.02255016));
#539=CARTESIAN_POINT('',(0.000940197,-0.002180934,-0.022554285));
#540=CARTESIAN_POINT('',(0.000955815,-0.002174067,-0.022558547));
#541=CARTESIAN_POINT('',(0.00098705,-0.002160335,-0.022567071));
#542=CARTESIAN_POINT('',(0.001018889,-0.002145534,-0.022576143));
#543=CARTESIAN_POINT('',(0.001051243,-0.002129563,-0.022585764));
#544=CARTESIAN_POINT('',(0.001115952,-0.00209762,-0.022605005));
#545=CARTESIAN_POINT('',(0.00118274,-0.002060989,-0.022626439));
#546=CARTESIAN_POINT('',(0.001250752,-0.002018854,-0.022650067));
#547=CARTESIAN_POINT('',(0.001252877,-0.002017537,-0.022650806));
#548=CARTESIAN_POINT('',(0.001253279,-0.002017286,-0.022650946));
#549=CARTESIAN_POINT('',(0.001254556,-0.002016492,-0.022651392));
#550=CARTESIAN_POINT('',(0.001255834,-0.002015697,-0.022651837));
#551=CARTESIAN_POINT('',(0.00125712,-0.002014895,-0.022652286));
#552=CARTESIAN_POINT('',(0.001258416,-0.002014085,-0.022652739));
#553=CARTESIAN_POINT('',(0.001261007,-0.002012467,-0.022653645));
#554=CARTESIAN_POINT('',(0.001263634,-0.002010818,-0.022654567));
#555=CARTESIAN_POINT('',(0.001266297,-0.002009139,-0.022655505));
#556=CARTESIAN_POINT('',(0.001271624,-0.002005782,-0.02265738));
#557=CARTESIAN_POINT('',(0.001277094,-0.002002305,-0.022659318));
#558=CARTESIAN_POINT('',(0.001282706,-0.001998704,-0.022661319));
#559=CARTESIAN_POINT('',(0.001293929,-0.001991501,-0.02266532));
#560=CARTESIAN_POINT('',(0.001305717,-0.001983802,-0.022669572));
#561=CARTESIAN_POINT('',(0.001318047,-0.001975576,-0.022674075));
#562=CARTESIAN_POINT('',(0.001342707,-0.001959124,-0.022683081));
#563=CARTESIAN_POINT('',(0.001369536,-0.001940564,-0.022693091));
#564=CARTESIAN_POINT('',(0.001398303,-0.001919609,-0.022704105));
#565=CARTESIAN_POINT('',(0.001455836,-0.0018777,-0.022726132));
#566=CARTESIAN_POINT('',(0.001521198,-0.001826232,-0.022752173));
#567=CARTESIAN_POINT('',(0.001591675,-0.001762589,-0.022782229));
#568=CARTESIAN_POINT('',(0.001662152,-0.001698946,-0.022812286));
#569=CARTESIAN_POINT('',(0.001718668,-0.001640544,-0.022837736));
#570=CARTESIAN_POINT('',(0.001766205,-0.001587662,-0.022859775));
#571=CARTESIAN_POINT('',(0.001813741,-0.00153478,-0.022881814));
#572=CARTESIAN_POINT('',(0.001851388,-0.001488242,-0.022900043));
#573=CARTESIAN_POINT('',(0.001881003,-0.001449819,-0.022914462));
#574=CARTESIAN_POINT('',(0.001881929,-0.001448619,-0.022914913));
#575=CARTESIAN_POINT('',(0.001883996,-0.00144593,-0.02291592));
#576=CARTESIAN_POINT('',(0.001885485,-0.001443986,-0.022916646));
#577=CARTESIAN_POINT('',(0.001886974,-0.001442042,-0.022917373));
#578=CARTESIAN_POINT('',(0.001888458,-0.001440098,-0.022918097));
#579=CARTESIAN_POINT('',(0.001889937,-0.001438154,-0.022918819));
#580=CARTESIAN_POINT('',(0.001892895,-0.001434267,-0.022920264));
#581=CARTESIAN_POINT('',(0.001895833,-0.001430382,-0.022921702));
#582=CARTESIAN_POINT('',(0.00189875,-0.001426498,-0.022923132));
#583=CARTESIAN_POINT('',(0.001904586,-0.001418731,-0.022925992));
#584=CARTESIAN_POINT('',(0.001910342,-0.00141097,-0.022928822));
#585=CARTESIAN_POINT('',(0.001916019,-0.001403218,-0.022931623));
#586=CARTESIAN_POINT('',(0.001927374,-0.001387714,-0.022937225));
#587=CARTESIAN_POINT('',(0.001938414,-0.001372244,-0.022942707));
#588=CARTESIAN_POINT('',(0.001949149,-0.001356822,-0.022948072));
#589=CARTESIAN_POINT('',(0.00197062,-0.001325978,-0.0229588));
#590=CARTESIAN_POINT('',(0.001990871,-0.001295326,-0.022969053));
#591=CARTESIAN_POINT('',(0.00200998,-0.001264963,-0.022978832));
#592=CARTESIAN_POINT('',(0.002048196,-0.001204238,-0.022998389));
#593=CARTESIAN_POINT('',(0.002081841,-0.001144684,-0.023016047));
#594=CARTESIAN_POINT('',(0.002111556,-0.00108696,-0.023031806));
#595=CARTESIAN_POINT('',(0.002113413,-0.001083352,-0.02303279));
#596=CARTESIAN_POINT('',(0.002116014,-0.001078266,-0.023034171));
#597=CARTESIAN_POINT('',(0.00211822,-0.001073915,-0.023035342));
#598=CARTESIAN_POINT('',(0.002120426,-0.001069564,-0.023036514));
#599=CARTESIAN_POINT('',(0.002122616,-0.00106521,-0.023037679));
#600=CARTESIAN_POINT('',(0.002124792,-0.001060854,-0.023038836));
#601=CARTESIAN_POINT('',(0.002129142,-0.001052141,-0.02304115));
#602=CARTESIAN_POINT('',(0.00213343,-0.001043417,-0.023043435));
#603=CARTESIAN_POINT('',(0.002137657,-0.001034684,-0.023045691));
#604=CARTESIAN_POINT('',(0.002146112,-0.001017217,-0.023050204));
#605=CARTESIAN_POINT('',(0.002154321,-0.000999711,-0.0230546));
#606=CARTESIAN_POINT('',(0.002162287,-0.000982174,-0.023058879));
#607=CARTESIAN_POINT('',(0.002178219,-0.000947098,-0.023067438));
#608=CARTESIAN_POINT('',(0.002193179,-0.000911897,-0.023075532));
#609=CARTESIAN_POINT('',(0.002207187,-0.000876626,-0.02308316));
#610=CARTESIAN_POINT('',(0.002235204,-0.000806085,-0.023098417));
#611=CARTESIAN_POINT('',(0.002259412,-0.000735271,-0.023111812));
#612=CARTESIAN_POINT('',(0.002280011,-0.000664604,-0.023123345));
#613=CARTESIAN_POINT('',(0.002321209,-0.000523271,-0.023146412));
#614=CARTESIAN_POINT('',(0.002347943,-0.00038258,-0.023162032));
#615=CARTESIAN_POINT('',(0.0023622,-0.000245278,-0.023170206));
#616=B_SPLINE_CURVE_WITH_KNOTS('',3,(#525,#526,#527,#528,#529,#530,#531,#532,#533,#534,#535,#536,#537,#538,#539,#540,#541,#542,#543,#544,#545,#546,#547,#548,#549,#550,
#551,#552,#553,#554,#555,#556,#557,#558,#559,#560,#561,#562,#563,#564,#565,#566,#567,#568,#569,#570,#571,#572,#573,#574,#575,
#576,#577,#578,#579,#580,#581,#582,#583,#584,#585,#586,#587,#588,#589,#590,#591,#592,#593,#594,#595,#596,#597,#598,#599,#600,
#601,#602,#603,#604,#605,#606,#607,#608,#609,#610,#611,#612,#613,#614,#615),.UNSPECIFIED.,.F.,.F.,(4,3,3,3,3,3,3,3,3,3,3,3,3,3,3,3,3,3,3,3,3,3,3,3,3,3,
3,3,3,3,4),(0.,0.25,0.25390625,0.2578125,0.265625,0.28125,0.3125,0.375,0.376953125,0.37890625,0.3828125,0.390625,0.40625,0.4375,0.5,0.5625,0.625,0.626953125,0.62890625,0.6328125,0.640625,0.65625,0.6875,0.75,0.75390625,0.7578125,
0.765625,0.78125,0.8125,0.875,1.),.UNSPECIFIED.);
#617=EDGE_CURVE('342513',#431,#524,#616,.T.);
#618=ORIENTED_EDGE('',*,*,#617,.T.);
#619=CARTESIAN_POINT('',(0.0023622,-0.000245278,-0.0198374));
#620=VERTEX_POINT('342475',#619);
#621=CARTESIAN_POINT('',(0.0023622,-0.000245278,-0.0198374));
#622=DIRECTION('',(0.,-0.,-1.));
#623=VECTOR('',#622,0.003332806);
#624=LINE('',#621,#623);
#625=EDGE_CURVE('342495',#620,#524,#624,.T.);
#626=ORIENTED_EDGE('',*,*,#625,.F.);
#627=CARTESIAN_POINT('',(0.,0.,-0.0198374));
#628=DIRECTION('',(0.,-0.,1.));
#629=DIRECTION('',(-1.,0.,0.));
#630=AXIS2_PLACEMENT_3D('',#627,#628,#629);
#631=CIRCLE('',#630,0.0023749);
#632=EDGE_CURVE('342488',#620,#406,#631,.T.);
#633=ORIENTED_EDGE('',*,*,#632,.T.);
#634=ORIENTED_EDGE('',*,*,#411,.T.);
#635=ORIENTED_EDGE('',*,*,#310,.F.);
#636=ORIENTED_EDGE('',*,*,#362,.F.);
#637=CARTESIAN_POINT('',(0.,0.,-0.0219075));
#638=DIRECTION('',(0.,-0.,1.));
#639=DIRECTION('',(-1.,0.,0.));
#640=AXIS2_PLACEMENT_3D('',#637,#638,#639);
#641=CIRCLE('',#640,0.0023749);
#642=EDGE_CURVE('342499',#349,#380,#641,.T.);
#643=ORIENTED_EDGE('',*,*,#642,.T.);
#644=ORIENTED_EDGE('',*,*,#387,.T.);
#645=CARTESIAN_POINT('',(0.,-0.0023749,-0.024431987));
#646=VERTEX_POINT('342469',#645);
#647=CARTESIAN_POINT('',(0.,0.,-0.024431987));
#648=DIRECTION('',(0.,0.,-1.));
#649=DIRECTION('',(0.,-1.,-0.));
#650=AXIS2_PLACEMENT_3D('',#647,#648,#649);
#651=CIRCLE('',#650,0.0023749);
#652=EDGE_CURVE('342497',#382,#646,#651,.T.);
#653=ORIENTED_EDGE('',*,*,#652,.T.);
#654=CARTESIAN_POINT('',(0.,0.,-0.024431987));
#655=DIRECTION('',(0.,0.,-1.));
#656=DIRECTION('',(0.,-1.,-0.));
#657=AXIS2_PLACEMENT_3D('',#654,#655,#656);
#658=CIRCLE('',#657,0.0023749);
#659=EDGE_CURVE('342497',#646,#382,#658,.T.);
#660=ORIENTED_EDGE('',*,*,#659,.T.);
#661=EDGE_LOOP('',(#388,#397,#403,#404,#412,#421,#429,#522,#618,#626,#633,#634,#635,#636,#643,#644,#653,#660));
#662=FACE_BOUND('',#661,.T.);
#663=ADVANCED_FACE('342522',(#662),#378,.F.);
#664=CARTESIAN_POINT('',(-0.0011684,0.0023749,-0.0211201));
#665=DIRECTION('',(1.,0.,0.));
#666=DIRECTION('',(0.,-0.,1.));
#667=AXIS2_PLACEMENT_3D('',#664,#665,#666);
#668=PLANE('',#667);
#669=ORIENTED_EDGE('',*,*,#402,.F.);
#670=CARTESIAN_POINT('',(-0.0011684,0.,-0.0219075));
#671=VERTEX_POINT('342426',#670);
#672=CARTESIAN_POINT('',(-0.0011684,0.002067605,-0.0219075));
#673=DIRECTION('',(0.,-1.,-0.));
#674=VECTOR('',#673,0.002067605);
#675=LINE('',#672,#674);
#676=EDGE_CURVE('342443',#390,#671,#675,.T.);
#677=ORIENTED_EDGE('',*,*,#676,.T.);
#678=CARTESIAN_POINT('',(-0.0011684,0.,-0.0211201));
#679=DIRECTION('',(0.,0.,-1.));
#680=VECTOR('',#679,0.0007874);
#681=LINE('',#678,#680);
#682=EDGE_CURVE('342439',#322,#671,#681,.T.);
#683=ORIENTED_EDGE('',*,*,#682,.F.);
#684=ORIENTED_EDGE('',*,*,#327,.F.);
#685=EDGE_LOOP('',(#669,#677,#683,#684));
#686=FACE_BOUND('',#685,.T.);
#687=ADVANCED_FACE('342445',(#686),#668,.F.);
#688=CARTESIAN_POINT('',(0.,0.,-0.0211201));
#689=DIRECTION('',(0.,0.,-1.));
#690=DIRECTION('',(1.,0.,0.));
#691=AXIS2_PLACEMENT_3D('',#688,#689,#690);
#692=CYLINDRICAL_SURFACE('',#691,0.0011684);
#693=CARTESIAN_POINT('',(0.,0.,-0.0219075));
#694=DIRECTION('',(0.,-0.,1.));
#695=DIRECTION('',(-1.,0.,0.));
#696=AXIS2_PLACEMENT_3D('',#693,#694,#695);
#697=CIRCLE('',#696,0.0011684);
#698=EDGE_CURVE('342388',#671,#351,#697,.T.);
#699=ORIENTED_EDGE('',*,*,#698,.T.);
#700=ORIENTED_EDGE('',*,*,#369,.F.);
#701=ORIENTED_EDGE('',*,*,#334,.F.);
#702=ORIENTED_EDGE('',*,*,#682,.T.);
#703=EDGE_LOOP('',(#699,#700,#701,#702));
#704=FACE_BOUND('',#703,.T.);
#705=ADVANCED_FACE('342411',(#704),#692,.T.);
#706=CARTESIAN_POINT('',(0.,0.,-0.0219075));
#707=DIRECTION('',(0.,-0.,1.));
#708=DIRECTION('',(-1.,0.,0.));
#709=AXIS2_PLACEMENT_3D('',#706,#707,#708);
#710=PLANE('',#709);
#711=ORIENTED_EDGE('',*,*,#396,.F.);
#712=ORIENTED_EDGE('',*,*,#642,.F.);
#713=ORIENTED_EDGE('',*,*,#356,.T.);
#714=ORIENTED_EDGE('',*,*,#698,.F.);
#715=ORIENTED_EDGE('',*,*,#676,.F.);
#716=EDGE_LOOP('',(#711,#712,#713,#714,#715));
#717=FACE_BOUND('',#716,.T.);
#718=ADVANCED_FACE('342375',(#717),#710,.F.);
#719=CARTESIAN_POINT('',(0.,0.068423525,-0.024431987));
#720=DIRECTION('',(-1.,0.,0.));
#721=DIRECTION('',(0.,0.,-1.));
#722=AXIS2_PLACEMENT_3D('',#719,#720,#721);
#723=TOROIDAL_SURFACE('',#722,0.068423525,0.0023749);
#724=CARTESIAN_POINT('',(-0.,0.005119535,-0.056134065));
#725=VERTEX_POINT('341007',#724);
#726=CARTESIAN_POINT('',(0.,0.068423525,-0.024431987));
#727=DIRECTION('',(1.,-0.,-0.));
#728=DIRECTION('',(0.,0.,-1.));
#729=AXIS2_PLACEMENT_3D('',#726,#727,#728);
#730=CIRCLE('',#729,0.070798425);
#731=EDGE_CURVE('',#646,#725,#730,.T.);
#732=ORIENTED_EDGE('',*,*,#731,.F.);
#733=ORIENTED_EDGE('',*,*,#652,.F.);
#734=ORIENTED_EDGE('',*,*,#659,.F.);
#735=ORIENTED_EDGE('',*,*,#731,.T.);
#736=CARTESIAN_POINT('',(0.0023749,0.007243037,-0.055070634));
#737=VERTEX_POINT('',#736);
#738=CARTESIAN_POINT('',(0.,0.007243037,-0.055070634));
#739=DIRECTION('',(0.,0.447779429,-0.894144051));
#740=DIRECTION('',(-0.000000015,-0.894144051,-0.447779429));
#741=AXIS2_PLACEMENT_3D('',#738,#739,#740);
#742=CIRCLE('',#741,0.0023749);
#743=EDGE_CURVE('341006',#725,#737,#742,.T.);
#744=ORIENTED_EDGE('',*,*,#743,.T.);
#745=CARTESIAN_POINT('',(0.,0.007243037,-0.055070634));
#746=DIRECTION('',(0.,0.447779429,-0.894144051));
#747=DIRECTION('',(-0.000000015,-0.894144051,-0.447779429));
#748=AXIS2_PLACEMENT_3D('',#745,#746,#747);
#749=CIRCLE('',#748,0.0023749);
#750=EDGE_CURVE('341006',#737,#725,#749,.T.);
#751=ORIENTED_EDGE('',*,*,#750,.T.);
#752=EDGE_LOOP('',(#732,#733,#734,#735,#744,#751));
#753=FACE_BOUND('',#752,.T.);
#754=ADVANCED_FACE('341016',(#753),#723,.F.);
#755=CARTESIAN_POINT('',(-0.0023622,0.,-0.01905));
#756=DIRECTION('',(1.,0.,0.));
#757=DIRECTION('',(0.,-0.,1.));
#758=AXIS2_PLACEMENT_3D('',#755,#756,#757);
#759=CYLINDRICAL_SURFACE('',#758,0.0041275);
#760=CARTESIAN_POINT('',(-0.0023622,-0.000245278,-0.014929794));
#761=VERTEX_POINT('342297',#760);
#762=CARTESIAN_POINT('',(-0.0023622,0.,-0.01905));
#763=DIRECTION('',(-1.,0.,0.));
#764=DIRECTION('',(0.,-0.,1.));
#765=AXIS2_PLACEMENT_3D('',#762,#763,#764);
#766=CIRCLE('',#765,0.0041275);
#767=EDGE_CURVE('342296',#423,#761,#766,.T.);
#768=ORIENTED_EDGE('',*,*,#767,.T.);
#769=CARTESIAN_POINT('',(-0.,-0.0023749,-0.015674188));
#770=VERTEX_POINT('342299',#769);
#771=CARTESIAN_POINT('',(-0.,-0.0023749,-0.015674188));
#772=CARTESIAN_POINT('',(-0.000147021,-0.002374867,-0.015674165));
#773=CARTESIAN_POINT('',(-0.00029253,-0.002361562,-0.015664687));
#774=CARTESIAN_POINT('',(-0.000436528,-0.002334654,-0.01564623));
#775=CARTESIAN_POINT('',(-0.000508527,-0.002321199,-0.015637002));
#776=CARTESIAN_POINT('',(-0.000580149,-0.002304334,-0.015625544));
#777=CARTESIAN_POINT('',(-0.000651392,-0.002283958,-0.015612008));
#778=CARTESIAN_POINT('',(-0.000687014,-0.00227377,-0.01560524));
#779=CARTESIAN_POINT('',(-0.000722541,-0.002262704,-0.015597953));
#780=CARTESIAN_POINT('',(-0.000757974,-0.002250744,-0.015590172));
#781=CARTESIAN_POINT('',(-0.00077569,-0.002244764,-0.015586282));
#782=CARTESIAN_POINT('',(-0.000793383,-0.002238561,-0.015582269));
#783=CARTESIAN_POINT('',(-0.000811052,-0.002232131,-0.015578135));
#784=CARTESIAN_POINT('',(-0.000828721,-0.002225702,-0.015574002));
#785=CARTESIAN_POINT('',(-0.000847421,-0.002218636,-0.015569487));
#786=CARTESIAN_POINT('',(-0.000863989,-0.002212165,-0.015565379));
#787=CARTESIAN_POINT('',(-0.000996533,-0.002160397,-0.015532515));
#788=CARTESIAN_POINT('',(-0.001123445,-0.002097661,-0.015494244));
#789=CARTESIAN_POINT('',(-0.001244726,-0.002023051,-0.015452289));
#790=CARTESIAN_POINT('',(-0.001305367,-0.001985746,-0.015431312));
#791=CARTESIAN_POINT('',(-0.001364599,-0.001945469,-0.015409424));
#792=CARTESIAN_POINT('',(-0.001422424,-0.001902099,-0.015386904));
#793=CARTESIAN_POINT('',(-0.001451337,-0.001880414,-0.015375644));
#794=CARTESIAN_POINT('',(-0.001479897,-0.001857956,-0.015364226));
#795=CARTESIAN_POINT('',(-0.001508106,-0.001834709,-0.01535269));
#796=CARTESIAN_POINT('',(-0.001536314,-0.001811463,-0.015341155));
#797=CARTESIAN_POINT('',(-0.001564932,-0.00178674,-0.015329176));
#798=CARTESIAN_POINT('',(-0.001591675,-0.001762589,-0.015317771));
#799=CARTESIAN_POINT('',(-0.001698649,-0.001665985,-0.015272148));
#800=CARTESIAN_POINT('',(-0.001795459,-0.001561554,-0.015227403));
#801=CARTESIAN_POINT('',(-0.001882106,-0.00144901,-0.015185207));
#802=CARTESIAN_POINT('',(-0.001925429,-0.001392737,-0.015164109));
#803=CARTESIAN_POINT('',(-0.001966212,-0.001334439,-0.015143652));
#804=CARTESIAN_POINT('',(-0.002004454,-0.0012741,-0.01512407));
#805=CARTESIAN_POINT('',(-0.002023574,-0.00124393,-0.015114279));
#806=CARTESIAN_POINT('',(-0.00204206,-0.00121325,-0.015104707));
#807=CARTESIAN_POINT('',(-0.00205991,-0.00118206,-0.015095384));
#808=CARTESIAN_POINT('',(-0.002077761,-0.00115087,-0.015086061));
#809=CARTESIAN_POINT('',(-0.002094487,-0.00112012,-0.015077247));
#810=CARTESIAN_POINT('',(-0.002111556,-0.00108696,-0.015068194));
#811=CARTESIAN_POINT('',(-0.002248107,-0.00082168,-0.014995778));
#812=CARTESIAN_POINT('',(-0.002331655,-0.000539444,-0.014947306));
#813=CARTESIAN_POINT('',(-0.0023622,-0.000245278,-0.014929794));
#814=B_SPLINE_CURVE_WITH_KNOTS('',3,(#771,#772,#773,#774,#775,#776,#777,#778,#779,#780,#781,#782,#783,#784,#785,#786,#787,#788,#789,#790,#791,#792,#793,#794,#795,#796,
#797,#798,#799,#800,#801,#802,#803,#804,#805,#806,#807,#808,#809,#810,#811,#812,#813),.UNSPECIFIED.,.F.,.F.,(4,3,3,3,3,3,3,3,3,3,3,3,3,3,4),(0.,0.125,0.1875,0.21875,0.234375,0.25,0.375,0.4375,0.46875,0.5,0.625,0.6875,0.71875,0.75,1.),.UNSPECIFIED.);
#815=EDGE_CURVE('342338',#770,#761,#814,.T.);
#816=ORIENTED_EDGE('',*,*,#815,.F.);
#817=CARTESIAN_POINT('',(0.0023622,-0.000245278,-0.014929794));
#818=VERTEX_POINT('342301',#817);
#819=CARTESIAN_POINT('',(0.0023622,-0.000245278,-0.014929794));
#820=CARTESIAN_POINT('',(0.00234693,-0.000392338,-0.014938549));
#821=CARTESIAN_POINT('',(0.002318416,-0.000536451,-0.014955034));
#822=CARTESIAN_POINT('',(0.002276659,-0.000676908,-0.014978385));
#823=CARTESIAN_POINT('',(0.00225578,-0.000747137,-0.01499006));
#824=CARTESIAN_POINT('',(0.002231591,-0.000816454,-0.015003452));
#825=CARTESIAN_POINT('',(0.00220409,-0.000884787,-0.015018448));
#826=CARTESIAN_POINT('',(0.00219034,-0.000918953,-0.015025947));
#827=CARTESIAN_POINT('',(0.002175762,-0.000952873,-0.015033846));
#828=CARTESIAN_POINT('',(0.002160356,-0.000986539,-0.015042133));
#829=CARTESIAN_POINT('',(0.00214495,-0.001020205,-0.01505042));
#830=CARTESIAN_POINT('',(0.002128279,-0.001054467,-0.015059326));
#831=CARTESIAN_POINT('',(0.002111655,-0.001086767,-0.015068142));
#832=CARTESIAN_POINT('',(0.002045161,-0.001215966,-0.015103404));
#833=CARTESIAN_POINT('',(0.001968464,-0.00133693,-0.015143162));
#834=CARTESIAN_POINT('',(0.001881566,-0.001449718,-0.015185472));
#835=CARTESIAN_POINT('',(0.001838117,-0.001506112,-0.015206628));
#836=CARTESIAN_POINT('',(0.001792118,-0.001560466,-0.015228425));
#837=CARTESIAN_POINT('',(0.001743568,-0.00161281,-0.015250645));
#838=CARTESIAN_POINT('',(0.001719293,-0.001638983,-0.015261755));
#839=CARTESIAN_POINT('',(0.00169438,-0.001664653,-0.015272971));
#840=CARTESIAN_POINT('',(0.00166883,-0.001689826,-0.015284267));
#841=CARTESIAN_POINT('',(0.00164328,-0.001714999,-0.015295563));
#842=CARTESIAN_POINT('',(0.001617748,-0.001739084,-0.01530666));
#843=CARTESIAN_POINT('',(0.001590267,-0.00176386,-0.015318371));
#844=CARTESIAN_POINT('',(0.001480343,-0.001862962,-0.015365215));
#845=CARTESIAN_POINT('',(0.001364824,-0.001949244,-0.01541077));
#846=CARTESIAN_POINT('',(0.001243712,-0.00202367,-0.015452637));
#847=CARTESIAN_POINT('',(0.001183155,-0.002060883,-0.015473571));
#848=CARTESIAN_POINT('',(0.0011212,-0.002095132,-0.015493595));
#849=CARTESIAN_POINT('',(0.001057847,-0.002126536,-0.015512473));
#850=CARTESIAN_POINT('',(0.00102617,-0.002142238,-0.015521912));
#851=CARTESIAN_POINT('',(0.000994143,-0.002157229,-0.015531065));
#852=CARTESIAN_POINT('',(0.000961767,-0.002171522,-0.015539908));
#853=CARTESIAN_POINT('',(0.000945579,-0.002178668,-0.015544329));
#854=CARTESIAN_POINT('',(0.000929304,-0.00218564,-0.015548672));
#855=CARTESIAN_POINT('',(0.000912941,-0.00219244,-0.015552935));
#856=CARTESIAN_POINT('',(0.000896578,-0.002199239,-0.015557198));
#857=CARTESIAN_POINT('',(0.000881205,-0.002205445,-0.015561112));
#858=CARTESIAN_POINT('',(0.00086359,-0.002212321,-0.015565478));
#859=CARTESIAN_POINT('',(0.000581742,-0.002322338,-0.015635328));
#860=CARTESIAN_POINT('',(0.000293879,-0.002374836,-0.015674143));
#861=CARTESIAN_POINT('',(-0.,-0.0023749,-0.015674188));
#862=B_SPLINE_CURVE_WITH_KNOTS('',3,(#819,#820,#821,#822,#823,#824,#825,#826,#827,#828,#829,#830,#831,#832,#833,#834,#835,#836,#837,#838,#839,#840,#841,#842,#843,#844,
#845,#846,#847,#848,#849,#850,#851,#852,#853,#854,#855,#856,#857,#858,#859,#860,#861),.UNSPECIFIED.,.F.,.F.,(4,3,3,3,3,3,3,3,3,3,3,3,3,3,4),(0.,0.125,0.1875,0.21875,0.25,0.375,0.4375,0.46875,0.5,0.625,0.6875,0.71875,0.734375,0.75,1.),.UNSPECIFIED.);
#863=EDGE_CURVE('342329',#818,#770,#862,.T.);
#864=ORIENTED_EDGE('',*,*,#863,.F.);
#865=CARTESIAN_POINT('',(0.0023622,0.,-0.01905));
#866=DIRECTION('',(-1.,0.,0.));
#867=DIRECTION('',(0.,-0.,1.));
#868=AXIS2_PLACEMENT_3D('',#865,#866,#867);
#869=CIRCLE('',#868,0.0041275);
#870=EDGE_CURVE('342331',#524,#818,#869,.T.);
#871=ORIENTED_EDGE('',*,*,#870,.F.);
#872=ORIENTED_EDGE('',*,*,#617,.F.);
#873=ORIENTED_EDGE('',*,*,#521,.F.);
#874=EDGE_LOOP('',(#768,#816,#864,#871,#872,#873));
#875=FACE_BOUND('',#874,.T.);
#876=ADVANCED_FACE('342341',(#875),#759,.F.);
#877=CARTESIAN_POINT('',(0.0023622,0.,-0.01905));
#878=DIRECTION('',(1.,0.,0.));
#879=DIRECTION('',(0.,-0.,1.));
#880=AXIS2_PLACEMENT_3D('',#877,#878,#879);
#881=PLANE('',#880);
#882=CARTESIAN_POINT('',(0.0023622,-0.000245278,-0.0182626));
#883=VERTEX_POINT('342258',#882);
#884=CARTESIAN_POINT('',(0.0023622,-0.000245278,-0.014929794));
#885=DIRECTION('',(0.,-0.,-1.));
#886=VECTOR('',#885,0.003332806);
#887=LINE('',#884,#886);
#888=EDGE_CURVE('342257',#818,#883,#887,.T.);
#889=ORIENTED_EDGE('',*,*,#888,.T.);
#890=CARTESIAN_POINT('',(0.0023622,-0.000245278,-0.0182626));
#891=DIRECTION('',(0.,0.,-1.));
#892=VECTOR('',#891,0.0015748);
#893=LINE('',#890,#892);
#894=EDGE_CURVE('342280',#883,#620,#893,.T.);
#895=ORIENTED_EDGE('',*,*,#894,.T.);
#896=ORIENTED_EDGE('',*,*,#625,.T.);
#897=ORIENTED_EDGE('',*,*,#870,.T.);
#898=EDGE_LOOP('',(#889,#895,#896,#897));
#899=FACE_BOUND('',#898,.T.);
#900=ADVANCED_FACE('342283',(#899),#881,.F.);
#901=CARTESIAN_POINT('',(0.,0.,-0.0198374));
#902=DIRECTION('',(0.,-0.,1.));
#903=DIRECTION('',(-1.,0.,0.));
#904=AXIS2_PLACEMENT_3D('',#901,#902,#903);
#905=PLANE('',#904);
#906=CARTESIAN_POINT('',(0.,0.,-0.0198374));
#907=DIRECTION('',(0.,-0.,1.));
#908=DIRECTION('',(-1.,0.,0.));
#909=AXIS2_PLACEMENT_3D('',#906,#907,#908);
#910=CIRCLE('',#909,0.0023749);
#911=EDGE_CURVE('342225',#414,#620,#910,.T.);
#912=ORIENTED_EDGE('',*,*,#911,.F.);
#913=ORIENTED_EDGE('',*,*,#420,.F.);
#914=ORIENTED_EDGE('',*,*,#632,.F.);
#915=EDGE_LOOP('',(#912,#913,#914));
#916=FACE_BOUND('',#915,.T.);
#917=CARTESIAN_POINT('',(-0.0007874,0.,-0.0198374));
#918=VERTEX_POINT('342230',#917);
#919=CARTESIAN_POINT('',(0.0007874,0.,-0.0198374));
#920=VERTEX_POINT('',#919);
#921=CARTESIAN_POINT('',(0.,0.,-0.0198374));
#922=DIRECTION('',(0.,-0.,1.));
#923=DIRECTION('',(-1.,0.,0.));
#924=AXIS2_PLACEMENT_3D('',#921,#922,#923);
#925=CIRCLE('',#924,0.0007874);
#926=EDGE_CURVE('342235',#918,#920,#925,.T.);
#927=ORIENTED_EDGE('',*,*,#926,.T.);
#928=CARTESIAN_POINT('',(0.,0.,-0.0198374));
#929=DIRECTION('',(0.,-0.,1.));
#930=DIRECTION('',(-1.,0.,0.));
#931=AXIS2_PLACEMENT_3D('',#928,#929,#930);
#932=CIRCLE('',#931,0.0007874);
#933=EDGE_CURVE('342235',#920,#918,#932,.T.);
#934=ORIENTED_EDGE('',*,*,#933,.T.);
#935=EDGE_LOOP('',(#927,#934));
#936=FACE_BOUND('',#935,.T.);
#937=ADVANCED_FACE('342244',(#916,#936),#905,.F.);
#938=CARTESIAN_POINT('',(-0.0023622,0.,-0.01905));
#939=DIRECTION('',(1.,0.,0.));
#940=DIRECTION('',(0.,-0.,1.));
#941=AXIS2_PLACEMENT_3D('',#938,#939,#940);
#942=PLANE('',#941);
#943=ORIENTED_EDGE('',*,*,#767,.F.);
#944=ORIENTED_EDGE('',*,*,#428,.F.);
#945=CARTESIAN_POINT('',(-0.0023622,-0.000245278,-0.0182626));
#946=VERTEX_POINT('342191',#945);
#947=CARTESIAN_POINT('',(-0.0023622,-0.000245278,-0.0198374));
#948=DIRECTION('',(0.,-0.,1.));
#949=VECTOR('',#948,0.0015748);
#950=LINE('',#947,#949);
#951=EDGE_CURVE('342202',#414,#946,#950,.T.);
#952=ORIENTED_EDGE('',*,*,#951,.T.);
#953=CARTESIAN_POINT('',(-0.0023622,-0.000245278,-0.014929794));
#954=DIRECTION('',(0.,-0.,-1.));
#955=VECTOR('',#954,0.003332806);
#956=LINE('',#953,#955);
#957=EDGE_CURVE('342201',#761,#946,#956,.T.);
#958=ORIENTED_EDGE('',*,*,#957,.F.);
#959=EDGE_LOOP('',(#943,#944,#952,#958));
#960=FACE_BOUND('',#959,.T.);
#961=ADVANCED_FACE('342213',(#960),#942,.T.);
#962=CARTESIAN_POINT('',(0.,0.028589987,-0.097697086));
#963=DIRECTION('',(0.,-0.447779429,0.894144051));
#964=DIRECTION('',(1.,-0.,-0.));
#965=AXIS2_PLACEMENT_3D('',#962,#963,#964);
#966=CYLINDRICAL_SURFACE('',#965,0.0023749);
#967=CARTESIAN_POINT('',(0.002374894,0.022865595,-0.08625826));
#968=VERTEX_POINT('341033',#967);
#969=CARTESIAN_POINT('',(0.0023749,0.007243037,-0.055070634));
#970=DIRECTION('',(-0.,0.447779429,-0.894144051));
#971=VECTOR('',#970,0.034881691);
#972=LINE('',#969,#971);
#973=EDGE_CURVE('',#737,#968,#972,.T.);
#974=ORIENTED_EDGE('',*,*,#973,.F.);
#975=ORIENTED_EDGE('',*,*,#743,.F.);
#976=ORIENTED_EDGE('',*,*,#750,.F.);
#977=ORIENTED_EDGE('',*,*,#973,.T.);
#978=CARTESIAN_POINT('',(-0.002374891,0.022863099,-0.08625951));
#979=VERTEX_POINT('341031',#978);
#980=CARTESIAN_POINT('',(0.,0.022862341,-0.08625989));
#981=DIRECTION('',(-0.,0.447779429,-0.894144051));
#982=DIRECTION('',(1.,-0.,-0.));
#983=AXIS2_PLACEMENT_3D('',#980,#981,#982);
#984=CIRCLE('',#983,0.0023749);
#985=EDGE_CURVE('341030',#968,#979,#984,.T.);
#986=ORIENTED_EDGE('',*,*,#985,.T.);
#987=CARTESIAN_POINT('',(0.,0.022862341,-0.08625989));
#988=DIRECTION('',(0.,-0.447779429,0.894144051));
#989=DIRECTION('',(1.,-0.,-0.));
#990=AXIS2_PLACEMENT_3D('',#987,#988,#989);
#991=CIRCLE('',#990,0.0023749);
#992=EDGE_CURVE('341042',#968,#979,#991,.T.);
#993=ORIENTED_EDGE('',*,*,#992,.F.);
#994=EDGE_LOOP('',(#974,#975,#976,#977,#986,#993));
#995=FACE_BOUND('',#994,.T.);
#996=ADVANCED_FACE('341052',(#995),#966,.F.);
#997=OVER_RIDING_STYLED_ITEM('',(#182),#996,#226);
#998=CARTESIAN_POINT('',(0.,0.,-0.024431987));
#999=DIRECTION('',(0.,0.,1.));
#1000=DIRECTION('',(0.,1.,-0.));
#1001=AXIS2_PLACEMENT_3D('',#998,#999,#1000);
#1002=CYLINDRICAL_SURFACE('',#1001,0.0023749);
#1003=CARTESIAN_POINT('',(-0.,0.0023749,-0.011731987));
#1004=VERTEX_POINT('',#1003);
#1005=CARTESIAN_POINT('',(0.,0.0023749,-0.0182626));
#1006=VERTEX_POINT('',#1005);
#1007=CARTESIAN_POINT('',(0.,0.0023749,-0.011731987));
#1008=DIRECTION('',(-0.,-0.,-1.));
#1009=VECTOR('',#1008,0.006530613);
#1010=LINE('',#1007,#1009);
#1011=EDGE_CURVE('',#1004,#1006,#1010,.T.);
#1012=ORIENTED_EDGE('',*,*,#1011,.F.);
#1013=CARTESIAN_POINT('',(0.,-0.0023749,-0.011731987));
#1014=VERTEX_POINT('342144',#1013);
#1015=CARTESIAN_POINT('',(0.,0.,-0.011731987));
#1016=DIRECTION('',(0.,0.,-1.));
#1017=DIRECTION('',(0.,-1.,-0.));
#1018=AXIS2_PLACEMENT_3D('',#1015,#1016,#1017);
#1019=CIRCLE('',#1018,0.0023749);
#1020=EDGE_CURVE('342148',#1014,#1004,#1019,.T.);
#1021=ORIENTED_EDGE('',*,*,#1020,.F.);
#1022=CARTESIAN_POINT('',(0.,0.,-0.011731987));
#1023=DIRECTION('',(0.,0.,-1.));
#1024=DIRECTION('',(0.,-1.,-0.));
#1025=AXIS2_PLACEMENT_3D('',#1022,#1023,#1024);
#1026=CIRCLE('',#1025,0.0023749);
#1027=EDGE_CURVE('342148',#1004,#1014,#1026,.T.);
#1028=ORIENTED_EDGE('',*,*,#1027,.F.);
#1029=ORIENTED_EDGE('',*,*,#1011,.T.);
#1030=CARTESIAN_POINT('',(0.,0.,-0.0182626));
#1031=DIRECTION('',(0.,-0.,1.));
#1032=DIRECTION('',(-1.,0.,0.));
#1033=AXIS2_PLACEMENT_3D('',#1030,#1031,#1032);
#1034=CIRCLE('',#1033,0.0023749);
#1035=EDGE_CURVE('342155',#883,#1006,#1034,.T.);
#1036=ORIENTED_EDGE('',*,*,#1035,.F.);
#1037=ORIENTED_EDGE('',*,*,#888,.F.);
#1038=ORIENTED_EDGE('',*,*,#863,.T.);
#1039=ORIENTED_EDGE('',*,*,#815,.T.);
#1040=ORIENTED_EDGE('',*,*,#957,.T.);
#1041=CARTESIAN_POINT('',(0.,0.,-0.0182626));
#1042=DIRECTION('',(0.,-0.,1.));
#1043=DIRECTION('',(-1.,0.,0.));
#1044=AXIS2_PLACEMENT_3D('',#1041,#1042,#1043);
#1045=CIRCLE('',#1044,0.0023749);
#1046=EDGE_CURVE('342155',#1006,#946,#1045,.T.);
#1047=ORIENTED_EDGE('',*,*,#1046,.F.);
#1048=EDGE_LOOP('',(#1012,#1021,#1028,#1029,#1036,#1037,#1038,#1039,#1040,#1047));
#1049=FACE_BOUND('',#1048,.T.);
#1050=ADVANCED_FACE('342172',(#1049),#1002,.F.);
#1051=CARTESIAN_POINT('',(0.,0.,-0.0182626));
#1052=DIRECTION('',(0.,0.,-1.));
#1053=DIRECTION('',(1.,0.,0.));
#1054=AXIS2_PLACEMENT_3D('',#1051,#1052,#1053);
#1055=CYLINDRICAL_SURFACE('',#1054,0.0023749);
#1056=ORIENTED_EDGE('',*,*,#951,.F.);
#1057=ORIENTED_EDGE('',*,*,#911,.T.);
#1058=ORIENTED_EDGE('',*,*,#894,.F.);
#1059=CARTESIAN_POINT('',(0.,0.,-0.0182626));
#1060=DIRECTION('',(0.,-0.,1.));
#1061=DIRECTION('',(-1.,0.,0.));
#1062=AXIS2_PLACEMENT_3D('',#1059,#1060,#1061);
#1063=CIRCLE('',#1062,0.0023749);
#1064=EDGE_CURVE('342107',#946,#883,#1063,.T.);
#1065=ORIENTED_EDGE('',*,*,#1064,.F.);
#1066=EDGE_LOOP('',(#1056,#1057,#1058,#1065));
#1067=FACE_BOUND('',#1066,.T.);
#1068=ADVANCED_FACE('342118',(#1067),#1055,.T.);
#1069=CARTESIAN_POINT('',(0.,0.,-0.0182626));
#1070=DIRECTION('',(0.,0.,-1.));
#1071=DIRECTION('',(1.,0.,0.));
#1072=AXIS2_PLACEMENT_3D('',#1069,#1070,#1071);
#1073=CYLINDRICAL_SURFACE('',#1072,0.0007874);
#1074=CARTESIAN_POINT('',(0.0007874,0.,-0.0182626));
#1075=VERTEX_POINT('',#1074);
#1076=CARTESIAN_POINT('',(0.0007874,0.,-0.0198374));
#1077=DIRECTION('',(-0.,-0.,1.));
#1078=VECTOR('',#1077,0.0015748);
#1079=LINE('',#1076,#1078);
#1080=EDGE_CURVE('',#920,#1075,#1079,.T.);
#1081=ORIENTED_EDGE('',*,*,#1080,.F.);
#1082=ORIENTED_EDGE('',*,*,#926,.F.);
#1083=ORIENTED_EDGE('',*,*,#933,.F.);
#1084=ORIENTED_EDGE('',*,*,#1080,.T.);
#1085=CARTESIAN_POINT('',(-0.0007874,0.,-0.0182626));
#1086=VERTEX_POINT('342069',#1085);
#1087=CARTESIAN_POINT('',(0.,0.,-0.0182626));
#1088=DIRECTION('',(0.,-0.,1.));
#1089=DIRECTION('',(-1.,0.,0.));
#1090=AXIS2_PLACEMENT_3D('',#1087,#1088,#1089);
#1091=CIRCLE('',#1090,0.0007874);
#1092=EDGE_CURVE('342068',#1075,#1086,#1091,.T.);
#1093=ORIENTED_EDGE('',*,*,#1092,.T.);
#1094=CARTESIAN_POINT('',(0.,0.,-0.0182626));
#1095=DIRECTION('',(0.,-0.,1.));
#1096=DIRECTION('',(-1.,0.,0.));
#1097=AXIS2_PLACEMENT_3D('',#1094,#1095,#1096);
#1098=CIRCLE('',#1097,0.0007874);
#1099=EDGE_CURVE('342068',#1086,#1075,#1098,.T.);
#1100=ORIENTED_EDGE('',*,*,#1099,.T.);
#1101=EDGE_LOOP('',(#1081,#1082,#1083,#1084,#1093,#1100));
#1102=FACE_BOUND('',#1101,.T.);
#1103=ADVANCED_FACE('342078',(#1102),#1073,.F.);
#1104=CARTESIAN_POINT('',(0.0023749,0.022862341,-0.08625989));
#1105=CARTESIAN_POINT('',(0.003937018,0.028491948,-0.097518542));
#1106=CARTESIAN_POINT('',(0.0023749,0.02282761,-0.086277283));
#1107=CARTESIAN_POINT('',(0.003921567,0.028455244,-0.097536922));
#1108=CARTESIAN_POINT('',(0.002372971,0.022758147,-0.086312069));
#1109=CARTESIAN_POINT('',(0.003865969,0.028392711,-0.097568238));
#1110=CARTESIAN_POINT('',(0.002364345,0.022654196,-0.086364127));
#1111=CARTESIAN_POINT('',(0.003772729,0.028310817,-0.097609251));
#1112=CARTESIAN_POINT('',(0.002350039,0.022550737,-0.086415938));
#1113=CARTESIAN_POINT('',(0.003668764,0.02823819,-0.097645621));
#1114=CARTESIAN_POINT('',(0.002323463,0.022413777,-0.086484527));
#1115=CARTESIAN_POINT('',(0.00352372,0.028150841,-0.097689365));
#1116=CARTESIAN_POINT('',(0.002276308,0.022245048,-0.086569025));
#1117=CARTESIAN_POINT('',(0.003332224,0.02805533,-0.097737196));
#1118=CARTESIAN_POINT('',(0.002197853,0.022048511,-0.086667449));
#1119=CARTESIAN_POINT('',(0.003093163,0.027958144,-0.097785866));
#1120=CARTESIAN_POINT('',(0.002097955,0.021859899,-0.086761904));
#1121=CARTESIAN_POINT('',(0.002848072,0.027873446,-0.097828282));
#1122=CARTESIAN_POINT('',(0.001977876,0.021680894,-0.086851548));
#1123=CARTESIAN_POINT('',(0.002598504,0.027800041,-0.097865042));
#1124=CARTESIAN_POINT('',(0.001838881,0.021513179,-0.086935538));
#1125=CARTESIAN_POINT('',(0.002345394,0.027736831,-0.097896697));
#1126=CARTESIAN_POINT('',(0.001630016,0.021306852,-0.087038865));
#1127=CARTESIAN_POINT('',(0.002004568,0.027663903,-0.097933219));
#1128=CARTESIAN_POINT('',(0.001327959,0.021085575,-0.087149679));
#1129=CARTESIAN_POINT('',(0.001573694,0.027591526,-0.097969465));
#1130=CARTESIAN_POINT('',(0.000914977,0.020887693,-0.087248776));
#1131=CARTESIAN_POINT('',(0.001051591,0.027532261,-0.097999145));
#1132=CARTESIAN_POINT('',(0.000466528,0.0207665,-0.087309468));
#1133=CARTESIAN_POINT('',(0.000526554,0.027497192,-0.098016707));
#1134=CARTESIAN_POINT('',(0.000155765,0.020738861,-0.08732331));
#1135=CARTESIAN_POINT('',(0.000175533,0.027489606,-0.098020505));
#1136=CARTESIAN_POINT('',(-0.000154876,0.020738815,-0.087323333));
#1137=CARTESIAN_POINT('',(-0.00017541,0.027489606,-0.098020506));
#1138=CARTESIAN_POINT('',(-0.000465374,0.020766322,-0.087309558));
#1139=CARTESIAN_POINT('',(-0.000526284,0.027497158,-0.098016724));
#1140=CARTESIAN_POINT('',(-0.000913342,0.020887133,-0.087249056));
#1141=CARTESIAN_POINT('',(-0.001051297,0.027532232,-0.097999159));
#1142=CARTESIAN_POINT('',(-0.001325894,0.02108439,-0.087150272));
#1143=CARTESIAN_POINT('',(-0.001573503,0.027591501,-0.097969478));
#1144=CARTESIAN_POINT('',(-0.001627745,0.021304991,-0.087039797));
#1145=CARTESIAN_POINT('',(-0.002004524,0.02766387,-0.097933236));
#1146=CARTESIAN_POINT('',(-0.001836602,0.021510716,-0.086936772));
#1147=CARTESIAN_POINT('',(-0.002345454,0.027736847,-0.097896689));
#1148=CARTESIAN_POINT('',(-0.001975673,0.021677967,-0.086853014));
#1149=CARTESIAN_POINT('',(-0.002598631,0.027800102,-0.097865012));
#1150=CARTESIAN_POINT('',(-0.002095913,0.021856512,-0.0867636));
#1151=CARTESIAN_POINT('',(-0.002848268,0.027873496,-0.097828257));
#1152=CARTESIAN_POINT('',(-0.002196062,0.022044685,-0.086669365));
#1153=CARTESIAN_POINT('',(-0.003093403,0.02795819,-0.097785843));
#1154=CARTESIAN_POINT('',(-0.00227486,0.022240824,-0.08657114));
#1155=CARTESIAN_POINT('',(-0.003332438,0.028055448,-0.097737137));
#1156=CARTESIAN_POINT('',(-0.002322365,0.022409268,-0.086486785));
#1157=CARTESIAN_POINT('',(-0.003523922,0.028150916,-0.097689328));
#1158=CARTESIAN_POINT('',(-0.002349254,0.022546036,-0.086418293));
#1159=CARTESIAN_POINT('',(-0.003668933,0.028238242,-0.097645595));
#1160=CARTESIAN_POINT('',(-0.002363807,0.022649371,-0.086366543));
#1161=CARTESIAN_POINT('',(-0.003772831,0.028310867,-0.097609225));
#1162=CARTESIAN_POINT('',(-0.002372693,0.02275322,-0.086314537));
#1163=CARTESIAN_POINT('',(-0.003866032,0.028392729,-0.09756823));
#1164=CARTESIAN_POINT('',(-0.002374802,0.022822631,-0.086279776));
#1165=CARTESIAN_POINT('',(-0.003921579,0.028455227,-0.097536931));
#1166=CARTESIAN_POINT('',(-0.002374893,0.022857339,-0.086262395));
#1167=CARTESIAN_POINT('',(-0.003937019,0.028491907,-0.097518562));
#1168=B_SPLINE_SURFACE_WITH_KNOTS('',3,1,((#1104,#1105),(#1106,#1107),(#1108,#1109),(#1110,#1111),(#1112,#1113),(#1114,#1115),(#1116,#1117),(#1118,#1119),(#1120,#1121),(#1122,#1123),(#1124,#1125),(#1126,#1127),(#1128,#1129),(#1130,#1131),(#1132,#1133),(#1134,#1135),(#1136,#1137),(#1138,#1139),(#1140,#1141),(#1142,#1143),(#1144,#1145),(#1146,#1147),(#1148,#1149),(#1150,#1151),(#1152,#1153),(#1154,#1155),
(#1156,#1157),(#1158,#1159),(#1160,#1161),(#1162,#1163),(#1164,#1165),(#1166,#1167)),.UNSPECIFIED.,.F.,.F.,.U.,(4,1,1,1,1,1,1,1,1,1,1,1,1,1,2,1,1,1,1,1,1,1,1,1,1,1,
1,1,4),(2,2),(0.,0.015629883,0.031259765,0.046889648,0.062519531,0.093779296,0.125039061,0.156298826,0.187558592,0.218818357,0.250078122,0.312597653,0.375117184,0.437636714,0.500156245,0.562636714,0.625117184,0.687597653,0.750078122,0.781318357,0.812558592,0.843798826,0.875039061,0.906279296,0.937519531,0.953139648,
0.968759765,0.984379883,1.),(0.,0.991155802),.UNSPECIFIED.);
#1169=CARTESIAN_POINT('',(0.003935819,0.0285014,-0.097513648));
#1170=VERTEX_POINT('341177',#1169);
#1171=CARTESIAN_POINT('',(0.0023749,0.022862341,-0.08625989));
#1172=CARTESIAN_POINT('',(0.002895606,0.024738876,-0.090012774));
#1173=CARTESIAN_POINT('',(0.003416312,0.026615412,-0.093765658));
#1174=CARTESIAN_POINT('',(0.003937018,0.028491948,-0.097518542));
#1175=B_SPLINE_CURVE_WITH_KNOTS('',3,(#1171,#1172,#1173,#1174),.UNSPECIFIED.,.F.,.F.,(4,4),(0.,1.),.UNSPECIFIED.);
#1176=EDGE_CURVE('341176',#968,#1170,#1175,.T.);
#1177=ORIENTED_EDGE('',*,*,#1176,.T.);
#1178=CARTESIAN_POINT('',(-0.,0.027475024,-0.097997399));
#1179=VERTEX_POINT('341179',#1178);
#1180=CARTESIAN_POINT('',(0.003937018,0.028491948,-0.097518542));
#1181=CARTESIAN_POINT('',(0.003836758,0.028252548,-0.097629422));
#1182=CARTESIAN_POINT('',(0.003181805,0.027893461,-0.097801298));
#1183=CARTESIAN_POINT('',(0.002088022,0.027672527,-0.097905046));
#1184=CARTESIAN_POINT('',(0.002019661,0.027658719,-0.09791153));
#1185=CARTESIAN_POINT('',(0.002001324,0.027655357,-0.097913107));
#1186=CARTESIAN_POINT('',(0.001957914,0.027647262,-0.097916905));
#1187=CARTESIAN_POINT('',(0.001914504,0.027639167,-0.097920703));
#1188=CARTESIAN_POINT('',(0.001871056,0.027631396,-0.097924347));
#1189=CARTESIAN_POINT('',(0.001827577,0.027623942,-0.097927841));
#1190=CARTESIAN_POINT('',(0.00174062,0.027609033,-0.097934829));
#1191=CARTESIAN_POINT('',(0.001653541,0.027595389,-0.097941219));
#1192=CARTESIAN_POINT('',(0.001566399,0.027582946,-0.09794704));
#1193=CARTESIAN_POINT('',(0.001392114,0.027558059,-0.097958684));
#1194=CARTESIAN_POINT('',(0.001217579,0.027537974,-0.097968059));
#1195=CARTESIAN_POINT('',(0.00104316,0.027522042,-0.097975492));
#1196=CARTESIAN_POINT('',(0.000694324,0.027490177,-0.097990357));
#1197=CARTESIAN_POINT('',(0.000345964,0.027475024,-0.097997399));
#1198=CARTESIAN_POINT('',(-0.,0.027475024,-0.097997399));
#1199=B_SPLINE_CURVE_WITH_KNOTS('',3,(#1180,#1181,#1182,#1183,#1184,#1185,#1186,#1187,#1188,#1189,#1190,#1191,#1192,#1193,#1194,#1195,#1196,#1197,#1198),.UNSPECIFIED.,.F.,.F.,(4,3,3,3,3,3,4),(0.,0.5,0.53125,0.5625,0.625,0.75,1.),.UNSPECIFIED.);
#1200=EDGE_CURVE('341212',#1170,#1179,#1199,.T.);
#1201=ORIENTED_EDGE('',*,*,#1200,.T.);
#1202=CARTESIAN_POINT('',(-0.003935816,0.028501382,-0.097513646));
#1203=VERTEX_POINT('341181',#1202);
#1204=CARTESIAN_POINT('',(-0.,0.027475024,-0.097997399));
#1205=CARTESIAN_POINT('',(-0.000690298,0.027475023,-0.097997398));
#1206=CARTESIAN_POINT('',(-0.001392004,0.027532237,-0.097970917));
#1207=CARTESIAN_POINT('',(-0.002084052,0.027671703,-0.097905415));
#1208=CARTESIAN_POINT('',(-0.002127305,0.02768042,-0.097901321));
#1209=CARTESIAN_POINT('',(-0.002219527,0.027699862,-0.097892179));
#1210=CARTESIAN_POINT('',(-0.00228452,0.027714637,-0.097885219));
#1211=CARTESIAN_POINT('',(-0.002349513,0.027729412,-0.097878259));
#1212=CARTESIAN_POINT('',(-0.002412677,0.027744632,-0.09787108));
#1213=CARTESIAN_POINT('',(-0.002473986,0.027760274,-0.097863693));
#1214=CARTESIAN_POINT('',(-0.002596605,0.02779156,-0.09784892));
#1215=CARTESIAN_POINT('',(-0.002711778,0.027824595,-0.097833288));
#1216=CARTESIAN_POINT('',(-0.002819468,0.027858869,-0.097817052));
#1217=CARTESIAN_POINT('',(-0.00303485,0.027927417,-0.09778458));
#1218=CARTESIAN_POINT('',(-0.003220446,0.028000271,-0.097750019));
#1219=CARTESIAN_POINT('',(-0.003375819,0.028074246,-0.097714962));
#1220=CARTESIAN_POINT('',(-0.003686565,0.028222197,-0.097644849));
#1221=CARTESIAN_POINT('',(-0.003887185,0.028372898,-0.097573626));
#1222=CARTESIAN_POINT('',(-0.003937016,0.028491898,-0.097518545));
#1223=B_SPLINE_CURVE_WITH_KNOTS('',3,(#1204,#1205,#1206,#1207,#1208,#1209,#1210,#1211,#1212,#1213,#1214,#1215,#1216,#1217,#1218,#1219,#1220,#1221,#1222),.UNSPECIFIED.,.F.,.F.,(4,3,3,3,3,3,4),(0.,0.5,0.53125,0.5625,0.625,0.75,1.),.UNSPECIFIED.);
#1224=EDGE_CURVE('341209',#1179,#1203,#1223,.T.);
#1225=ORIENTED_EDGE('',*,*,#1224,.T.);
#1226=CARTESIAN_POINT('',(-0.002374893,0.022857339,-0.086262395));
#1227=CARTESIAN_POINT('',(-0.002895601,0.024735526,-0.090014445));
#1228=CARTESIAN_POINT('',(-0.003416309,0.026613712,-0.093766495));
#1229=CARTESIAN_POINT('',(-0.003937016,0.028491898,-0.097518545));
#1230=B_SPLINE_CURVE_WITH_KNOTS('',3,(#1226,#1227,#1228,#1229),.UNSPECIFIED.,.F.,.F.,(4,4),(0.,1.),.UNSPECIFIED.);
#1231=EDGE_CURVE('341211',#979,#1203,#1230,.T.);
#1232=ORIENTED_EDGE('',*,*,#1231,.F.);
#1233=ORIENTED_EDGE('',*,*,#985,.F.);
#1234=EDGE_LOOP('',(#1177,#1201,#1225,#1232,#1233));
#1235=FACE_BOUND('',#1234,.T.);
#1236=ADVANCED_FACE('341214',(#1235),#1168,.F.);
#1237=OVER_RIDING_STYLED_ITEM('',(#182),#1236,#226);
#1238=CARTESIAN_POINT('',(-0.002374889,0.022868858,-0.086256626));
#1239=CARTESIAN_POINT('',(-0.003934615,0.028510866,-0.097508748));
#1240=CARTESIAN_POINT('',(-0.00237477,0.022903537,-0.086239259));
#1241=CARTESIAN_POINT('',(-0.003917345,0.028546833,-0.097490736));
#1242=CARTESIAN_POINT('',(-0.002372609,0.022972891,-0.086204528));
#1243=CARTESIAN_POINT('',(-0.0038621,0.02860897,-0.097459618));
#1244=CARTESIAN_POINT('',(-0.002363653,0.023076658,-0.086152562));
#1245=CARTESIAN_POINT('',(-0.00376804,0.028690167,-0.097418955));
#1246=CARTESIAN_POINT('',(-0.002349037,0.023179916,-0.086100851));
#1247=CARTESIAN_POINT('',(-0.003664203,0.028762382,-0.097382791));
#1248=CARTESIAN_POINT('',(-0.002322075,0.023316586,-0.086032408));
#1249=CARTESIAN_POINT('',(-0.003518978,0.0288492,-0.097339313));
#1250=CARTESIAN_POINT('',(-0.002274494,0.023484917,-0.085948109));
#1251=CARTESIAN_POINT('',(-0.003327664,0.028944203,-0.097291737));
#1252=CARTESIAN_POINT('',(-0.002195623,0.023680933,-0.085849946));
#1253=CARTESIAN_POINT('',(-0.003088824,0.029041045,-0.097243239));
#1254=CARTESIAN_POINT('',(-0.002095415,0.023868995,-0.085755766));
#1255=CARTESIAN_POINT('',(-0.002844014,0.0291254,-0.097200995));
#1256=CARTESIAN_POINT('',(-0.001975127,0.024047437,-0.085666404));
#1257=CARTESIAN_POINT('',(-0.002594735,0.029198547,-0.097164363));
#1258=CARTESIAN_POINT('',(-0.001836021,0.024214593,-0.085582694));
#1259=CARTESIAN_POINT('',(-0.002341941,0.029261536,-0.097132819));
#1260=CARTESIAN_POINT('',(-0.001627135,0.024420195,-0.08547973));
#1261=CARTESIAN_POINT('',(-0.00200155,0.02933424,-0.097096409));
#1262=CARTESIAN_POINT('',(-0.001325281,0.024640646,-0.08536933));
#1263=CARTESIAN_POINT('',(-0.001571235,0.029406335,-0.097060305));
#1264=CARTESIAN_POINT('',(-0.000912806,0.024837736,-0.08527063));
#1265=CARTESIAN_POINT('',(-0.001049876,0.029465473,-0.097030689));
#1266=CARTESIAN_POINT('',(-0.000465029,0.024958404,-0.0852102));
#1267=CARTESIAN_POINT('',(-0.000525639,0.029500442,-0.097013177));
#1268=CARTESIAN_POINT('',(-0.000154745,0.024985867,-0.085196447));
#1269=CARTESIAN_POINT('',(-0.000175211,0.02950798,-0.097009402));
#1270=CARTESIAN_POINT('',(0.000155522,0.02498582,-0.08519647));
#1271=CARTESIAN_POINT('',(0.0001752,0.029507979,-0.097009402));
#1272=CARTESIAN_POINT('',(0.000465751,0.024958271,-0.085210266));
#1273=CARTESIAN_POINT('',(0.000525608,0.029500445,-0.097013176));
#1274=CARTESIAN_POINT('',(0.000913398,0.02483751,-0.085270743));
#1275=CARTESIAN_POINT('',(0.001049836,0.029465466,-0.097030693));
#1276=CARTESIAN_POINT('',(0.001325716,0.024640379,-0.085369464));
#1277=CARTESIAN_POINT('',(0.00157123,0.029406374,-0.097060285));
#1278=CARTESIAN_POINT('',(0.001627441,0.024419933,-0.085479861));
#1279=CARTESIAN_POINT('',(0.002001547,0.02933424,-0.097096409));
#1280=CARTESIAN_POINT('',(0.001836236,0.024214357,-0.085582812));
#1281=CARTESIAN_POINT('',(0.002341975,0.029261515,-0.097132829));
#1282=CARTESIAN_POINT('',(0.001975282,0.024047229,-0.085666508));
#1283=CARTESIAN_POINT('',(0.002594731,0.029198483,-0.097164395));
#1284=CARTESIAN_POINT('',(0.002095518,0.02386882,-0.085755854));
#1285=CARTESIAN_POINT('',(0.002844114,0.029125379,-0.097201005));
#1286=CARTESIAN_POINT('',(0.002195686,0.023680794,-0.085850016));
#1287=CARTESIAN_POINT('',(0.003088781,0.029041015,-0.097243254));
#1288=CARTESIAN_POINT('',(0.002274527,0.023484816,-0.08594816));
#1289=CARTESIAN_POINT('',(0.003327911,0.028944203,-0.097291736));
#1290=CARTESIAN_POINT('',(0.002331605,0.023282855,-0.0860493));
#1291=CARTESIAN_POINT('',(0.003556937,0.02883015,-0.097348853));
#1292=CARTESIAN_POINT('',(0.002360673,0.023111209,-0.086135259));
#1293=CARTESIAN_POINT('',(0.003736306,0.028717179,-0.097405428));
#1294=CARTESIAN_POINT('',(0.00237261,0.022972871,-0.086204537));
#1295=CARTESIAN_POINT('',(0.003862316,0.028608967,-0.09745962));
#1296=CARTESIAN_POINT('',(0.00237477,0.022903525,-0.086239265));
#1297=CARTESIAN_POINT('',(0.003917357,0.028546818,-0.097490743));
#1298=CARTESIAN_POINT('',(0.002374889,0.022868849,-0.086256631));
#1299=CARTESIAN_POINT('',(0.003934621,0.028510853,-0.097508754));
#1300=B_SPLINE_SURFACE_WITH_KNOTS('',3,1,((#1238,#1239),(#1240,#1241),(#1242,#1243),(#1244,#1245),(#1246,#1247),(#1248,#1249),(#1250,#1251),(#1252,#1253),(#1254,#1255),(#1256,#1257),(#1258,#1259),(#1260,#1261),(#1262,#1263),(#1264,#1265),(#1266,#1267),(#1268,#1269),(#1270,#1271),(#1272,#1273),(#1274,#1275),(#1276,#1277),(#1278,#1279),(#1280,#1281),(#1282,#1283),(#1284,#1285),(#1286,#1287),(#1288,#1289),
(#1290,#1291),(#1292,#1293),(#1294,#1295),(#1296,#1297),(#1298,#1299)),.UNSPECIFIED.,.F.,.F.,.U.,(4,1,1,1,1,1,1,1,1,1,1,1,1,1,2,1,1,1,1,1,1,1,1,1,1,1,
1,4),(2,2),(0.,0.015625798,0.031251595,0.046877393,0.062503191,0.093754786,0.125006382,0.156257977,0.187509573,0.218761168,0.250012764,0.312515955,0.375019146,0.437522337,0.500025528,0.562522337,0.625019146,0.687515955,0.750012764,0.781261168,0.812509573,0.843757977,0.875006382,0.906254786,0.937503191,0.968751595,
0.984375798,1.),(0.,0.991133291),.UNSPECIFIED.);
#1301=ORIENTED_EDGE('',*,*,#1231,.T.);
#1302=CARTESIAN_POINT('',(0.,0.029498314,-0.096984153));
#1303=VERTEX_POINT('341230',#1302);
#1304=CARTESIAN_POINT('',(-0.003934615,0.028510866,-0.097508747));
#1305=CARTESIAN_POINT('',(-0.003821918,0.028739983,-0.097385159));
#1306=CARTESIAN_POINT('',(-0.003175346,0.02909239,-0.097200823));
#1307=CARTESIAN_POINT('',(-0.002084725,0.029306711,-0.097086633));
#1308=CARTESIAN_POINT('',(-0.002016561,0.029320106,-0.097079496));
#1309=CARTESIAN_POINT('',(-0.001998185,0.029323383,-0.097077748));
#1310=CARTESIAN_POINT('',(-0.001954853,0.029331241,-0.097073558));
#1311=CARTESIAN_POINT('',(-0.001911521,0.029339098,-0.097069368));
#1312=CARTESIAN_POINT('',(-0.00186815,0.029346639,-0.097065345));
#1313=CARTESIAN_POINT('',(-0.001824748,0.029353872,-0.097061485));
#1314=CARTESIAN_POINT('',(-0.001737944,0.029368339,-0.097053764));
#1315=CARTESIAN_POINT('',(-0.001651014,0.029381575,-0.097046694));
#1316=CARTESIAN_POINT('',(-0.00156402,0.029393648,-0.09704024));
#1317=CARTESIAN_POINT('',(-0.00139003,0.029417793,-0.097027332));
#1318=CARTESIAN_POINT('',(-0.001215781,0.029437287,-0.09701689));
#1319=CARTESIAN_POINT('',(-0.001041636,0.029452745,-0.097008604));
#1320=CARTESIAN_POINT('',(-0.000693346,0.029483662,-0.096992034));
#1321=CARTESIAN_POINT('',(-0.000345488,0.029498314,-0.096984152));
#1322=CARTESIAN_POINT('',(0.,0.029498314,-0.096984153));
#1323=B_SPLINE_CURVE_WITH_KNOTS('',3,(#1304,#1305,#1306,#1307,#1308,#1309,#1310,#1311,#1312,#1313,#1314,#1315,#1316,#1317,#1318,#1319,#1320,#1321,#1322),.UNSPECIFIED.,.F.,.F.,(4,3,3,3,3,3,4),(0.,0.5,0.53125,0.5625,0.625,0.75,1.),.UNSPECIFIED.);
#1324=EDGE_CURVE('341263',#1203,#1303,#1323,.T.);
#1325=ORIENTED_EDGE('',*,*,#1324,.T.);
#1326=CARTESIAN_POINT('',(0.,0.029498314,-0.096984153));
#1327=CARTESIAN_POINT('',(0.000689424,0.029498314,-0.096984154));
#1328=CARTESIAN_POINT('',(0.001389973,0.029442971,-0.097014038));
#1329=CARTESIAN_POINT('',(0.002081011,0.029307439,-0.097086248));
#1330=CARTESIAN_POINT('',(0.002124201,0.029298968,-0.097090761));
#1331=CARTESIAN_POINT('',(0.002215517,0.029280228,-0.097100734));
#1332=CARTESIAN_POINT('',(0.00228007,0.02926594,-0.097108325));
#1333=CARTESIAN_POINT('',(0.002344623,0.029251652,-0.097115916));
#1334=CARTESIAN_POINT('',(0.002407371,0.029236927,-0.097123729));
#1335=CARTESIAN_POINT('',(0.002468298,0.029221789,-0.097131754));
#1336=CARTESIAN_POINT('',(0.002590152,0.029191511,-0.097147804));
#1337=CARTESIAN_POINT('',(0.00270474,0.029159523,-0.097164726));
#1338=CARTESIAN_POINT('',(0.002811928,0.029126309,-0.097182279));
#1339=CARTESIAN_POINT('',(0.003026304,0.02905988,-0.097217384));
#1340=CARTESIAN_POINT('',(0.003211602,0.028989214,-0.097254674));
#1341=CARTESIAN_POINT('',(0.003366817,0.028917378,-0.097292615));
#1342=CARTESIAN_POINT('',(0.003677245,0.028773705,-0.097368495));
#1343=CARTESIAN_POINT('',(0.003877693,0.028626641,-0.097446329));
#1344=CARTESIAN_POINT('',(0.003934621,0.028510853,-0.097508754));
#1345=B_SPLINE_CURVE_WITH_KNOTS('',3,(#1326,#1327,#1328,#1329,#1330,#1331,#1332,#1333,#1334,#1335,#1336,#1337,#1338,#1339,#1340,#1341,#1342,#1343,#1344),.UNSPECIFIED.,.F.,.F.,(4,3,3,3,3,3,4),(0.,0.5,0.53125,0.5625,0.625,0.75,1.),.UNSPECIFIED.);
#1346=EDGE_CURVE('341260',#1303,#1170,#1345,.T.);
#1347=ORIENTED_EDGE('',*,*,#1346,.T.);
#1348=ORIENTED_EDGE('',*,*,#1176,.F.);
#1349=ORIENTED_EDGE('',*,*,#992,.T.);
#1350=EDGE_LOOP('',(#1301,#1325,#1347,#1348,#1349));
#1351=FACE_BOUND('',#1350,.T.);
#1352=ADVANCED_FACE('341265',(#1351),#1300,.F.);
#1353=OVER_RIDING_STYLED_ITEM('',(#182),#1352,#226);
#1354=CARTESIAN_POINT('',(0.,0.,-0.0182626));
#1355=DIRECTION('',(0.,-0.,1.));
#1356=DIRECTION('',(-1.,0.,0.));
#1357=AXIS2_PLACEMENT_3D('',#1354,#1355,#1356);
#1358=PLANE('',#1357);
#1359=ORIENTED_EDGE('',*,*,#1064,.T.);
#1360=ORIENTED_EDGE('',*,*,#1035,.T.);
#1361=ORIENTED_EDGE('',*,*,#1046,.T.);
#1362=EDGE_LOOP('',(#1359,#1360,#1361));
#1363=FACE_BOUND('',#1362,.T.);
#1364=ORIENTED_EDGE('',*,*,#1092,.F.);
#1365=ORIENTED_EDGE('',*,*,#1099,.F.);
#1366=EDGE_LOOP('',(#1364,#1365));
#1367=FACE_BOUND('',#1366,.T.);
#1368=ADVANCED_FACE('342056',(#1363,#1367),#1358,.T.);
#1369=CARTESIAN_POINT('',(0.,0.0127,-0.011731987));
#1370=DIRECTION('',(-1.,0.,0.));
#1371=DIRECTION('',(0.,0.,-1.));
#1372=AXIS2_PLACEMENT_3D('',#1369,#1370,#1371);
#1373=TOROIDAL_SURFACE('',#1372,0.0127,0.0023749);
#1374=CARTESIAN_POINT('',(0.,0.000107778,-0.003444131));
#1375=VERTEX_POINT('',#1374);
#1376=CARTESIAN_POINT('',(0.,0.0127,-0.011731987));
#1377=DIRECTION('',(1.,-0.,-0.));
#1378=DIRECTION('',(0.,0.,-1.));
#1379=AXIS2_PLACEMENT_3D('',#1376,#1377,#1378);
#1380=CIRCLE('',#1379,0.0150749);
#1381=EDGE_CURVE('',#1375,#1014,#1380,.T.);
#1382=ORIENTED_EDGE('',*,*,#1381,.F.);
#1383=CARTESIAN_POINT('',(0.002261635,0.002696888,-0.005148212));
#1384=VERTEX_POINT('341984',#1383);
#1385=CARTESIAN_POINT('',(0.,0.002091557,-0.0047498));
#1386=DIRECTION('',(0.,-0.549778484,-0.835310492));
#1387=DIRECTION('',(0.,-0.835310492,0.549778484));
#1388=AXIS2_PLACEMENT_3D('',#1385,#1386,#1387);
#1389=CIRCLE('',#1388,0.0023749);
#1390=EDGE_CURVE('342016',#1384,#1375,#1389,.T.);
#1391=ORIENTED_EDGE('',*,*,#1390,.F.);
#1392=CARTESIAN_POINT('',(0.000435526,0.002422642,-0.010384048));
#1393=VERTEX_POINT('341988',#1392);
#1394=CARTESIAN_POINT('',(0.002261635,0.002696888,-0.005148212));
#1395=CARTESIAN_POINT('',(0.002230263,0.002682837,-0.005347648));
#1396=CARTESIAN_POINT('',(0.002192042,0.00266821,-0.005553906));
#1397=CARTESIAN_POINT('',(0.002146729,0.002653454,-0.005766326));
#1398=CARTESIAN_POINT('',(0.002101416,0.002638697,-0.005978746));
#1399=CARTESIAN_POINT('',(0.002049009,0.002623813,-0.006197325));
#1400=CARTESIAN_POINT('',(0.001989435,0.002609103,-0.006421487));
#1401=CARTESIAN_POINT('',(0.00192986,0.002594392,-0.006645649));
#1402=CARTESIAN_POINT('',(0.001863116,0.002579855,-0.006875389));
#1403=CARTESIAN_POINT('',(0.001789331,0.002565653,-0.007110295));
#1404=CARTESIAN_POINT('',(0.001715545,0.002551451,-0.007345201));
#1405=CARTESIAN_POINT('',(0.001634716,0.002537582,-0.007585267));
#1406=CARTESIAN_POINT('',(0.001547202,0.002524107,-0.007830321));
#1407=CARTESIAN_POINT('',(0.001547181,0.002524104,-0.007830381));
#1408=CARTESIAN_POINT('',(0.001547175,0.002524103,-0.007830398));
#1409=CARTESIAN_POINT('',(0.001547161,0.002524101,-0.007830437));
#1410=CARTESIAN_POINT('',(0.001547147,0.002524099,-0.007830476));
#1411=CARTESIAN_POINT('',(0.001547134,0.002524097,-0.007830514));
#1412=CARTESIAN_POINT('',(0.00154712,0.002524095,-0.007830553));
#1413=CARTESIAN_POINT('',(0.001547092,0.002524091,-0.00783063));
#1414=CARTESIAN_POINT('',(0.001547065,0.002524086,-0.007830707));
#1415=CARTESIAN_POINT('',(0.001547037,0.002524082,-0.007830784));
#1416=CARTESIAN_POINT('',(0.001546982,0.002524074,-0.007830938));
#1417=CARTESIAN_POINT('',(0.001546927,0.002524065,-0.007831093));
#1418=CARTESIAN_POINT('',(0.001546872,0.002524057,-0.007831247));
#1419=CARTESIAN_POINT('',(0.001546762,0.00252404,-0.007831556));
#1420=CARTESIAN_POINT('',(0.001546651,0.002524023,-0.007831864));
#1421=CARTESIAN_POINT('',(0.001546541,0.002524006,-0.007832173));
#1422=CARTESIAN_POINT('',(0.00154632,0.002523972,-0.007832791));
#1423=CARTESIAN_POINT('',(0.001546099,0.002523938,-0.007833409));
#1424=CARTESIAN_POINT('',(0.001545878,0.002523904,-0.007834028));
#1425=CARTESIAN_POINT('',(0.001545436,0.002523836,-0.007835265));
#1426=CARTESIAN_POINT('',(0.001544993,0.002523768,-0.007836504));
#1427=CARTESIAN_POINT('',(0.00154455,0.002523699,-0.007837745));
#1428=CARTESIAN_POINT('',(0.001543662,0.002523563,-0.007840228));
#1429=CARTESIAN_POINT('',(0.001542772,0.002523426,-0.007842717));
#1430=CARTESIAN_POINT('',(0.001541879,0.002523289,-0.007845214));
#1431=CARTESIAN_POINT('',(0.001540092,0.002523014,-0.007850207));
#1432=CARTESIAN_POINT('',(0.001538292,0.002522738,-0.007855231));
#1433=CARTESIAN_POINT('',(0.001536481,0.002522461,-0.007860283));
#1434=CARTESIAN_POINT('',(0.001532857,0.002521906,-0.007870388));
#1435=CARTESIAN_POINT('',(0.001529184,0.002521346,-0.00788061));
#1436=CARTESIAN_POINT('',(0.001525461,0.002520779,-0.00789095));
#1437=CARTESIAN_POINT('',(0.001518014,0.002519647,-0.00791163));
#1438=CARTESIAN_POINT('',(0.001510366,0.002518492,-0.007932777));
#1439=CARTESIAN_POINT('',(0.001502512,0.002517317,-0.00795439));
#1440=CARTESIAN_POINT('',(0.001486805,0.002514967,-0.007997616));
#1441=CARTESIAN_POINT('',(0.001470276,0.002512538,-0.008042702));
#1442=CARTESIAN_POINT('',(0.001452888,0.002510049,-0.008089617));
#1443=CARTESIAN_POINT('',(0.001418111,0.002505071,-0.008183448));
#1444=CARTESIAN_POINT('',(0.001379899,0.002499856,-0.008284598));
#1445=CARTESIAN_POINT('',(0.001337961,0.002494537,-0.008392815));
#1446=CARTESIAN_POINT('',(0.001296023,0.002489218,-0.008501032));
#1447=CARTESIAN_POINT('',(0.001250357,0.002483796,-0.008616314));
#1448=CARTESIAN_POINT('',(0.001200697,0.00247836,-0.008738413));
#1449=CARTESIAN_POINT('',(0.001151038,0.002472923,-0.008860513));
#1450=CARTESIAN_POINT('',(0.001097382,0.002467472,-0.008989428));
#1451=CARTESIAN_POINT('',(0.00103952,0.002462031,-0.009124945));
#1452=CARTESIAN_POINT('',(0.001039492,0.002462028,-0.009125011));
#1453=CARTESIAN_POINT('',(0.001039451,0.002462024,-0.009125105));
#1454=CARTESIAN_POINT('',(0.001039417,0.002462021,-0.009125186));
#1455=CARTESIAN_POINT('',(0.001039383,0.002462018,-0.009125266));
#1456=CARTESIAN_POINT('',(0.001039349,0.002462015,-0.009125346));
#1457=CARTESIAN_POINT('',(0.001039314,0.002462012,-0.009125426));
#1458=CARTESIAN_POINT('',(0.001039246,0.002462005,-0.009125587));
#1459=CARTESIAN_POINT('',(0.001039177,0.002461999,-0.009125747));
#1460=CARTESIAN_POINT('',(0.001039109,0.002461992,-0.009125908));
#1461=CARTESIAN_POINT('',(0.001038972,0.002461979,-0.009126229));
#1462=CARTESIAN_POINT('',(0.001038835,0.002461967,-0.00912655));
#1463=CARTESIAN_POINT('',(0.001038698,0.002461954,-0.00912687));
#1464=CARTESIAN_POINT('',(0.001038424,0.002461928,-0.009127512));
#1465=CARTESIAN_POINT('',(0.00103815,0.002461902,-0.009128153));
#1466=CARTESIAN_POINT('',(0.001037876,0.002461877,-0.009128795));
#1467=CARTESIAN_POINT('',(0.001037328,0.002461825,-0.009130077));
#1468=CARTESIAN_POINT('',(0.00103678,0.002461774,-0.009131358));
#1469=CARTESIAN_POINT('',(0.001036233,0.002461723,-0.009132638));
#1470=CARTESIAN_POINT('',(0.001035138,0.00246162,-0.009135199));
#1471=CARTESIAN_POINT('',(0.001034045,0.002461518,-0.009137756));
#1472=CARTESIAN_POINT('',(0.001032952,0.002461416,-0.009140309));
#1473=CARTESIAN_POINT('',(0.001030766,0.002461213,-0.009145415));
#1474=CARTESIAN_POINT('',(0.001028585,0.002461011,-0.009150505));
#1475=CARTESIAN_POINT('',(0.001026407,0.00246081,-0.00915558));
#1476=CARTESIAN_POINT('',(0.001022051,0.002460409,-0.009165731));
#1477=CARTESIAN_POINT('',(0.001017711,0.002460012,-0.00917582));
#1478=CARTESIAN_POINT('',(0.001013387,0.002459621,-0.009185848));
#1479=CARTESIAN_POINT('',(0.001004739,0.002458839,-0.009205904));
#1480=CARTESIAN_POINT('',(0.000996153,0.002458078,-0.009225716));
#1481=CARTESIAN_POINT('',(0.000987634,0.002457336,-0.009245285));
#1482=CARTESIAN_POINT('',(0.000970594,0.002455852,-0.009284423));
#1483=CARTESIAN_POINT('',(0.000953817,0.002454446,-0.009322591));
#1484=CARTESIAN_POINT('',(0.000937316,0.002453107,-0.009359801));
#1485=CARTESIAN_POINT('',(0.000904315,0.002450429,-0.009434222));
#1486=CARTESIAN_POINT('',(0.000872424,0.002448019,-0.009504813));
#1487=CARTESIAN_POINT('',(0.000841748,0.002445818,-0.009571664));
#1488=CARTESIAN_POINT('',(0.000780398,0.002441414,-0.009705367));
#1489=CARTESIAN_POINT('',(0.000723928,0.002437829,-0.009824125));
#1490=CARTESIAN_POINT('',(0.000672945,0.002434791,-0.009928472));
#1491=CARTESIAN_POINT('',(0.000621962,0.002431753,-0.010032818));
#1492=CARTESIAN_POINT('',(0.000576459,0.002429268,-0.010122748));
#1493=CARTESIAN_POINT('',(0.000536798,0.002427251,-0.010198593));
#1494=CARTESIAN_POINT('',(0.000497137,0.002425235,-0.010274438));
#1495=CARTESIAN_POINT('',(0.000463313,0.00242369,-0.010336194));
#1496=CARTESIAN_POINT('',(0.000435526,0.002422642,-0.010384048));
#1497=B_SPLINE_CURVE_WITH_KNOTS('',3,(#1394,#1395,#1396,#1397,#1398,#1399,#1400,#1401,#1402,#1403,#1404,#1405,#1406,#1407,#1408,#1409,#1410,#1411,#1412,#1413,#1414,#1415,#1416,#1417,#1418,#1419,
#1420,#1421,#1422,#1423,#1424,#1425,#1426,#1427,#1428,#1429,#1430,#1431,#1432,#1433,#1434,#1435,#1436,#1437,#1438,#1439,#1440,#1441,#1442,#1443,#1444,
#1445,#1446,#1447,#1448,#1449,#1450,#1451,#1452,#1453,#1454,#1455,#1456,#1457,#1458,#1459,#1460,#1461,#1462,#1463,#1464,#1465,#1466,#1467,#1468,#1469,
#1470,#1471,#1472,#1473,#1474,#1475,#1476,#1477,#1478,#1479,#1480,#1481,#1482,#1483,#1484,#1485,#1486,#1487,#1488,#1489,#1490,#1491,#1492,#1493,#1494,
#1495,#1496),.UNSPECIFIED.,.F.,.F.,(4,3,3,3,3,3,3,3,3,3,3,3,3,3,3,3,3,3,3,3,3,3,3,3,3,3,
3,3,3,3,3,3,3,3,4),(0.,0.125,0.25,0.375,0.5,0.500030518,0.500061035,0.50012207,0.500244141,0.500488281,0.500976562,0.501953125,0.50390625,0.5078125,0.515625,0.53125,0.5625,0.625,0.6875,0.75,0.750030518,0.750061035,0.75012207,0.750244141,0.750488281,0.750976562,
0.751953125,0.75390625,0.7578125,0.765625,0.78125,0.8125,0.875,0.9375,1.),.UNSPECIFIED.);
#1498=EDGE_CURVE('342013',#1384,#1393,#1497,.T.);
#1499=ORIENTED_EDGE('',*,*,#1498,.T.);
#1500=CARTESIAN_POINT('',(-0.,0.00241446,-0.010829018));
#1501=VERTEX_POINT('341990',#1500);
#1502=CARTESIAN_POINT('',(0.000435526,0.002422642,-0.010384048));
#1503=CARTESIAN_POINT('',(0.000408455,0.002421621,-0.010430668));
#1504=CARTESIAN_POINT('',(0.000385646,0.002420772,-0.010468515));
#1505=CARTESIAN_POINT('',(0.000367175,0.002420184,-0.010497661));
#1506=CARTESIAN_POINT('',(0.000367157,0.002420183,-0.01049769));
#1507=CARTESIAN_POINT('',(0.000367121,0.002420182,-0.010497746));
#1508=CARTESIAN_POINT('',(0.000367094,0.002420181,-0.010497788));
#1509=CARTESIAN_POINT('',(0.000367068,0.00242018,-0.01049783));
#1510=CARTESIAN_POINT('',(0.000367041,0.002420179,-0.010497873));
#1511=CARTESIAN_POINT('',(0.000367014,0.002420179,-0.010497915));
#1512=CARTESIAN_POINT('',(0.00036696,0.002420177,-0.010497999));
#1513=CARTESIAN_POINT('',(0.000366907,0.002420175,-0.010498084));
#1514=CARTESIAN_POINT('',(0.000366853,0.002420174,-0.010498169));
#1515=CARTESIAN_POINT('',(0.000366746,0.00242017,-0.010498338));
#1516=CARTESIAN_POINT('',(0.000366639,0.002420167,-0.010498507));
#1517=CARTESIAN_POINT('',(0.000366531,0.002420163,-0.010498676));
#1518=CARTESIAN_POINT('',(0.000366317,0.002420156,-0.010499014));
#1519=CARTESIAN_POINT('',(0.000366102,0.00242015,-0.010499352));
#1520=CARTESIAN_POINT('',(0.000365887,0.002420143,-0.01049969));
#1521=CARTESIAN_POINT('',(0.000365458,0.002420129,-0.010500366));
#1522=CARTESIAN_POINT('',(0.000365028,0.002420116,-0.010501042));
#1523=CARTESIAN_POINT('',(0.000364598,0.002420102,-0.010501717));
#1524=CARTESIAN_POINT('',(0.000363739,0.002420075,-0.010503066));
#1525=CARTESIAN_POINT('',(0.000362878,0.002420048,-0.010504414));
#1526=CARTESIAN_POINT('',(0.000362017,0.002420022,-0.01050576));
#1527=CARTESIAN_POINT('',(0.000360294,0.002419968,-0.010508451));
#1528=CARTESIAN_POINT('',(0.000358568,0.002419915,-0.010511134));
#1529=CARTESIAN_POINT('',(0.000356839,0.002419863,-0.010513808));
#1530=CARTESIAN_POINT('',(0.00035338,0.002419759,-0.010519158));
#1531=CARTESIAN_POINT('',(0.000349908,0.002419656,-0.010524473));
#1532=CARTESIAN_POINT('',(0.000346422,0.002419556,-0.010529756));
#1533=CARTESIAN_POINT('',(0.000339451,0.002419355,-0.010540322));
#1534=CARTESIAN_POINT('',(0.000332427,0.002419162,-0.010550754));
#1535=CARTESIAN_POINT('',(0.000325349,0.002418974,-0.010561053));
#1536=CARTESIAN_POINT('',(0.000311194,0.002418599,-0.010581652));
#1537=CARTESIAN_POINT('',(0.000296826,0.002418243,-0.010601719));
#1538=CARTESIAN_POINT('',(0.000282246,0.002417888,-0.010621253));
#1539=CARTESIAN_POINT('',(0.000282218,0.002417888,-0.010621292));
#1540=CARTESIAN_POINT('',(0.000282165,0.002417886,-0.010621362));
#1541=CARTESIAN_POINT('',(0.000282125,0.002417885,-0.010621416));
#1542=CARTESIAN_POINT('',(0.000282084,0.002417884,-0.010621471));
#1543=CARTESIAN_POINT('',(0.000282044,0.002417883,-0.010621525));
#1544=CARTESIAN_POINT('',(0.000282003,0.002417882,-0.010621579));
#1545=CARTESIAN_POINT('',(0.000281922,0.002417881,-0.010621688));
#1546=CARTESIAN_POINT('',(0.000281841,0.002417879,-0.010621796));
#1547=CARTESIAN_POINT('',(0.00028176,0.002417877,-0.010621904));
#1548=CARTESIAN_POINT('',(0.000281598,0.002417873,-0.010622121));
#1549=CARTESIAN_POINT('',(0.000281436,0.002417869,-0.010622338));
#1550=CARTESIAN_POINT('',(0.000281274,0.002417865,-0.010622554));
#1551=CARTESIAN_POINT('',(0.00028095,0.002417857,-0.010622987));
#1552=CARTESIAN_POINT('',(0.000280627,0.002417849,-0.010623419));
#1553=CARTESIAN_POINT('',(0.000280303,0.002417841,-0.010623851));
#1554=CARTESIAN_POINT('',(0.000279656,0.002417826,-0.010624714));
#1555=CARTESIAN_POINT('',(0.000279009,0.00241781,-0.010625574));
#1556=CARTESIAN_POINT('',(0.000278363,0.002417795,-0.010626431));
#1557=CARTESIAN_POINT('',(0.000277071,0.002417764,-0.010628146));
#1558=CARTESIAN_POINT('',(0.000275782,0.002417733,-0.010629849));
#1559=CARTESIAN_POINT('',(0.000274494,0.002417702,-0.010631541));
#1560=CARTESIAN_POINT('',(0.00027192,0.002417642,-0.010634925));
#1561=CARTESIAN_POINT('',(0.000269355,0.002417582,-0.010638263));
#1562=CARTESIAN_POINT('',(0.000266799,0.002417523,-0.010641556));
#1563=CARTESIAN_POINT('',(0.000261687,0.002417406,-0.010648142));
#1564=CARTESIAN_POINT('',(0.000256612,0.002417293,-0.010654546));
#1565=CARTESIAN_POINT('',(0.000251575,0.002417184,-0.010660769));
#1566=CARTESIAN_POINT('',(0.000241501,0.002416967,-0.010673215));
#1567=CARTESIAN_POINT('',(0.000231577,0.002416766,-0.010684935));
#1568=CARTESIAN_POINT('',(0.000221805,0.002416579,-0.010695931));
#1569=CARTESIAN_POINT('',(0.000202261,0.002416206,-0.010717924));
#1570=CARTESIAN_POINT('',(0.000183323,0.002415891,-0.01073702));
#1571=CARTESIAN_POINT('',(0.000165002,0.00241563,-0.010753226));
#1572=CARTESIAN_POINT('',(0.000164984,0.00241563,-0.010753242));
#1573=CARTESIAN_POINT('',(0.000164946,0.00241563,-0.010753276));
#1574=CARTESIAN_POINT('',(0.000164918,0.002415629,-0.010753301));
#1575=CARTESIAN_POINT('',(0.00016489,0.002415629,-0.010753325));
#1576=CARTESIAN_POINT('',(0.000164862,0.002415628,-0.01075335));
#1577=CARTESIAN_POINT('',(0.000164834,0.002415628,-0.010753375));
#1578=CARTESIAN_POINT('',(0.000164778,0.002415627,-0.010753424));
#1579=CARTESIAN_POINT('',(0.000164723,0.002415626,-0.010753473));
#1580=CARTESIAN_POINT('',(0.000164667,0.002415626,-0.010753522));
#1581=CARTESIAN_POINT('',(0.000164555,0.002415624,-0.010753621));
#1582=CARTESIAN_POINT('',(0.000164444,0.002415622,-0.010753719));
#1583=CARTESIAN_POINT('',(0.000164332,0.002415621,-0.010753818));
#1584=CARTESIAN_POINT('',(0.000164109,0.002415618,-0.010754014));
#1585=CARTESIAN_POINT('',(0.000163886,0.002415614,-0.010754211));
#1586=CARTESIAN_POINT('',(0.000163662,0.002415611,-0.010754407));
#1587=CARTESIAN_POINT('',(0.000163216,0.002415605,-0.010754799));
#1588=CARTESIAN_POINT('',(0.00016277,0.002415599,-0.010755189));
#1589=CARTESIAN_POINT('',(0.000162324,0.002415593,-0.010755578));
#1590=CARTESIAN_POINT('',(0.000161432,0.00241558,-0.010756355));
#1591=CARTESIAN_POINT('',(0.000160541,0.002415568,-0.010757127));
#1592=CARTESIAN_POINT('',(0.00015965,0.002415556,-0.010757892));
#1593=CARTESIAN_POINT('',(0.000157868,0.002415531,-0.010759422));
#1594=CARTESIAN_POINT('',(0.000156088,0.002415507,-0.010760928));
#1595=CARTESIAN_POINT('',(0.00015431,0.002415484,-0.010762409));
#1596=CARTESIAN_POINT('',(0.000150755,0.002415437,-0.01076537));
#1597=CARTESIAN_POINT('',(0.000147208,0.002415393,-0.010768233));
#1598=CARTESIAN_POINT('',(0.000143669,0.00241535,-0.010770997));
#1599=CARTESIAN_POINT('',(0.000136591,0.002415264,-0.010776525));
#1600=CARTESIAN_POINT('',(0.000129546,0.002415186,-0.010781658));
#1601=CARTESIAN_POINT('',(0.000122534,0.002415114,-0.010786395));
#1602=CARTESIAN_POINT('',(0.000108511,0.002414971,-0.01079587));
#1603=CARTESIAN_POINT('',(0.000094622,0.002414853,-0.010803764));
#1604=CARTESIAN_POINT('',(0.000080869,0.002414757,-0.010810079));
#1605=CARTESIAN_POINT('',(0.000053362,0.002414566,-0.010822707));
#1606=CARTESIAN_POINT('',(0.000026401,0.00241446,-0.010829018));
#1607=CARTESIAN_POINT('',(-0.,0.00241446,-0.010829018));
#1608=B_SPLINE_CURVE_WITH_KNOTS('',3,(#1502,#1503,#1504,#1505,#1506,#1507,#1508,#1509,#1510,#1511,#1512,#1513,#1514,#1515,#1516,#1517,#1518,#1519,#1520,#1521,#1522,#1523,#1524,#1525,#1526,#1527,
#1528,#1529,#1530,#1531,#1532,#1533,#1534,#1535,#1536,#1537,#1538,#1539,#1540,#1541,#1542,#1543,#1544,#1545,#1546,#1547,#1548,#1549,#1550,#1551,#1552,
#1553,#1554,#1555,#1556,#1557,#1558,#1559,#1560,#1561,#1562,#1563,#1564,#1565,#1566,#1567,#1568,#1569,#1570,#1571,#1572,#1573,#1574,#1575,#1576,#1577,
#1578,#1579,#1580,#1581,#1582,#1583,#1584,#1585,#1586,#1587,#1588,#1589,#1590,#1591,#1592,#1593,#1594,#1595,#1596,#1597,#1598,#1599,#1600,#1601,#1602,
#1603,#1604,#1605,#1606,#1607),.UNSPECIFIED.,.F.,.F.,(4,3,3,3,3,3,3,3,3,3,3,3,3,3,3,3,3,3,3,3,3,3,3,3,3,3,
3,3,3,3,3,3,3,3,3,4),(0.,0.25,0.250244141,0.250488281,0.250976562,0.251953125,0.25390625,0.2578125,0.265625,0.28125,0.3125,0.375,0.5,0.500244141,0.500488281,0.500976562,0.501953125,0.50390625,0.5078125,0.515625,0.53125,0.5625,0.625,0.75,0.75012207,0.750244141,
0.750488281,0.750976562,0.751953125,0.75390625,0.7578125,0.765625,0.78125,0.8125,0.875,1.),.UNSPECIFIED.);
#1609=EDGE_CURVE('342015',#1393,#1501,#1608,.T.);
#1610=ORIENTED_EDGE('',*,*,#1609,.T.);
#1611=CARTESIAN_POINT('',(-0.000435428,0.002422638,-0.010384216));
#1612=VERTEX_POINT('341992',#1611);
#1613=CARTESIAN_POINT('',(-0.,0.00241446,-0.010829018));
#1614=CARTESIAN_POINT('',(-0.000052736,0.00241446,-0.010829018));
#1615=CARTESIAN_POINT('',(-0.00010777,0.002414821,-0.010803794));
#1616=CARTESIAN_POINT('',(-0.000164953,0.00241563,-0.010753269));
#1617=CARTESIAN_POINT('',(-0.00016674,0.002415655,-0.01075169));
#1618=CARTESIAN_POINT('',(-0.00016724,0.002415662,-0.01075124));
#1619=CARTESIAN_POINT('',(-0.000168387,0.002415679,-0.010750208));
#1620=CARTESIAN_POINT('',(-0.000169533,0.002415695,-0.010749176));
#1621=CARTESIAN_POINT('',(-0.000170683,0.002415712,-0.010748133));
#1622=CARTESIAN_POINT('',(-0.000171835,0.002415729,-0.010747079));
#1623=CARTESIAN_POINT('',(-0.000174139,0.002415763,-0.01074497));
#1624=CARTESIAN_POINT('',(-0.000176452,0.002415798,-0.010742815));
#1625=CARTESIAN_POINT('',(-0.000178776,0.002415834,-0.010740615));
#1626=CARTESIAN_POINT('',(-0.000183424,0.002415906,-0.010736214));
#1627=CARTESIAN_POINT('',(-0.000188111,0.002415981,-0.010731631));
#1628=CARTESIAN_POINT('',(-0.000192838,0.00241606,-0.010726866));
#1629=CARTESIAN_POINT('',(-0.000202292,0.002416218,-0.010717335));
#1630=CARTESIAN_POINT('',(-0.000211905,0.002416389,-0.010707074));
#1631=CARTESIAN_POINT('',(-0.000221675,0.002416576,-0.010696083));
#1632=CARTESIAN_POINT('',(-0.000241215,0.002416949,-0.010674099));
#1633=CARTESIAN_POINT('',(-0.000261385,0.002417381,-0.010649192));
#1634=CARTESIAN_POINT('',(-0.000282174,0.002417887,-0.010621351));
#1635=CARTESIAN_POINT('',(-0.000284772,0.00241795,-0.010617871));
#1636=CARTESIAN_POINT('',(-0.000285806,0.002417975,-0.010616474));
#1637=CARTESIAN_POINT('',(-0.000287617,0.002418019,-0.010614022));
#1638=CARTESIAN_POINT('',(-0.000289429,0.002418064,-0.01061157));
#1639=CARTESIAN_POINT('',(-0.000291237,0.002418108,-0.01060911));
#1640=CARTESIAN_POINT('',(-0.000293043,0.002418152,-0.010606641));
#1641=CARTESIAN_POINT('',(-0.000296654,0.002418241,-0.010601702));
#1642=CARTESIAN_POINT('',(-0.000300253,0.00241833,-0.010596729));
#1643=CARTESIAN_POINT('',(-0.000303839,0.00241842,-0.010591721));
#1644=CARTESIAN_POINT('',(-0.000311013,0.0024186,-0.010581704));
#1645=CARTESIAN_POINT('',(-0.000318138,0.002418783,-0.010571548));
#1646=CARTESIAN_POINT('',(-0.000325214,0.002418971,-0.010561252));
#1647=CARTESIAN_POINT('',(-0.000339367,0.002419346,-0.01054066));
#1648=CARTESIAN_POINT('',(-0.000353325,0.002419743,-0.010519508));
#1649=CARTESIAN_POINT('',(-0.000367088,0.002420181,-0.010497798));
#1650=CARTESIAN_POINT('',(-0.000368809,0.002420236,-0.010495084));
#1651=CARTESIAN_POINT('',(-0.000369409,0.002420255,-0.010494129));
#1652=CARTESIAN_POINT('',(-0.000370595,0.002420294,-0.010492243));
#1653=CARTESIAN_POINT('',(-0.000371781,0.002420333,-0.010490357));
#1654=CARTESIAN_POINT('',(-0.000372985,0.002420372,-0.010488437));
#1655=CARTESIAN_POINT('',(-0.000374205,0.002420413,-0.010486483));
#1656=CARTESIAN_POINT('',(-0.000376645,0.002420494,-0.010482575));
#1657=CARTESIAN_POINT('',(-0.000379154,0.00242058,-0.010478529));
#1658=CARTESIAN_POINT('',(-0.000381731,0.002420669,-0.010474347));
#1659=CARTESIAN_POINT('',(-0.000386884,0.002420847,-0.010465981));
#1660=CARTESIAN_POINT('',(-0.000392309,0.00242104,-0.010457067));
#1661=CARTESIAN_POINT('',(-0.000398006,0.002421246,-0.010447604));
#1662=CARTESIAN_POINT('',(-0.000409399,0.002421659,-0.010428677));
#1663=CARTESIAN_POINT('',(-0.000421877,0.002422127,-0.010407551));
#1664=CARTESIAN_POINT('',(-0.000435428,0.002422638,-0.010384216));
#1665=B_SPLINE_CURVE_WITH_KNOTS('',3,(#1613,#1614,#1615,#1616,#1617,#1618,#1619,#1620,#1621,#1622,#1623,#1624,#1625,#1626,#1627,#1628,#1629,#1630,#1631,#1632,#1633,#1634,#1635,#1636,#1637,#1638,
#1639,#1640,#1641,#1642,#1643,#1644,#1645,#1646,#1647,#1648,#1649,#1650,#1651,#1652,#1653,#1654,#1655,#1656,#1657,#1658,#1659,#1660,#1661,#1662,#1663,
#1664),.UNSPECIFIED.,.F.,.F.,(4,3,3,3,3,3,3,3,3,3,3,3,3,3,3,3,3,4),(0.,0.25,0.2578125,0.265625,0.28125,0.3125,0.375,0.5,0.515625,0.53125,0.5625,0.625,0.75,0.765625,0.78125,0.8125,0.875,1.),.UNSPECIFIED.);
#1666=EDGE_CURVE('341999',#1501,#1612,#1665,.T.);
#1667=ORIENTED_EDGE('',*,*,#1666,.T.);
#1668=CARTESIAN_POINT('',(-0.002261635,0.002696888,-0.005148212));
#1669=VERTEX_POINT('341982',#1668);
#1670=CARTESIAN_POINT('',(-0.000435428,0.002422638,-0.010384216));
#1671=CARTESIAN_POINT('',(-0.000491012,0.002424734,-0.010288504));
#1672=CARTESIAN_POINT('',(-0.000570873,0.002428709,-0.010137371));
#1673=CARTESIAN_POINT('',(-0.000672801,0.002434781,-0.009928773));
#1674=CARTESIAN_POINT('',(-0.000774728,0.002440854,-0.009720176));
#1675=CARTESIAN_POINT('',(-0.000898909,0.002448814,-0.00945423));
#1676=CARTESIAN_POINT('',(-0.001039201,0.002462001,-0.009125692));
#1677=CARTESIAN_POINT('',(-0.001043585,0.002462413,-0.009115425));
#1678=CARTESIAN_POINT('',(-0.001046424,0.002462682,-0.009108764));
#1679=CARTESIAN_POINT('',(-0.001050011,0.002463022,-0.009100338));
#1680=CARTESIAN_POINT('',(-0.001053598,0.002463362,-0.009091913));
#1681=CARTESIAN_POINT('',(-0.001057169,0.002463702,-0.009083514));
#1682=CARTESIAN_POINT('',(-0.001060723,0.002464043,-0.00907514));
#1683=CARTESIAN_POINT('',(-0.001067832,0.002464723,-0.009058393));
#1684=CARTESIAN_POINT('',(-0.001074875,0.002465404,-0.00904175));
#1685=CARTESIAN_POINT('',(-0.001081853,0.002466085,-0.009025211));
#1686=CARTESIAN_POINT('',(-0.001095809,0.002467447,-0.008992133));
#1687=CARTESIAN_POINT('',(-0.001109506,0.002468809,-0.008959471));
#1688=CARTESIAN_POINT('',(-0.001122945,0.002470171,-0.008927228));
#1689=CARTESIAN_POINT('',(-0.001149824,0.002472895,-0.008862743));
#1690=CARTESIAN_POINT('',(-0.001175675,0.00247562,-0.008799936));
#1691=CARTESIAN_POINT('',(-0.001200527,0.00247834,-0.008738835));
#1692=CARTESIAN_POINT('',(-0.001250231,0.002483781,-0.008616634));
#1693=CARTESIAN_POINT('',(-0.001295936,0.002489206,-0.008501257));
#1694=CARTESIAN_POINT('',(-0.00133791,0.002494529,-0.008392952));
#1695=CARTESIAN_POINT('',(-0.001421856,0.002505175,-0.008176342));
#1696=CARTESIAN_POINT('',(-0.00149088,0.002515434,-0.007988044));
#1697=CARTESIAN_POINT('',(-0.001547311,0.002524124,-0.007830018));
#1698=CARTESIAN_POINT('',(-0.001549074,0.002524396,-0.00782508));
#1699=CARTESIAN_POINT('',(-0.001552772,0.002524967,-0.00781471));
#1700=CARTESIAN_POINT('',(-0.001555493,0.002525388,-0.007807064));
#1701=CARTESIAN_POINT('',(-0.001558214,0.00252581,-0.007799417));
#1702=CARTESIAN_POINT('',(-0.001560929,0.002526233,-0.007791775));
#1703=CARTESIAN_POINT('',(-0.001563637,0.002526655,-0.007784138));
#1704=CARTESIAN_POINT('',(-0.001569053,0.0025275,-0.007768864));
#1705=CARTESIAN_POINT('',(-0.001574443,0.002528347,-0.00775361));
#1706=CARTESIAN_POINT('',(-0.001579807,0.002529195,-0.007738375));
#1707=CARTESIAN_POINT('',(-0.001590534,0.002530891,-0.007707906));
#1708=CARTESIAN_POINT('',(-0.001601157,0.002532594,-0.007677515));
#1709=CARTESIAN_POINT('',(-0.001611673,0.002534302,-0.007647202));
#1710=CARTESIAN_POINT('',(-0.001632706,0.002537719,-0.007586577));
#1711=CARTESIAN_POINT('',(-0.001653316,0.002541159,-0.007526266));
#1712=CARTESIAN_POINT('',(-0.001673496,0.002544622,-0.00746627));
#1713=CARTESIAN_POINT('',(-0.001713857,0.002551548,-0.00734628));
#1714=CARTESIAN_POINT('',(-0.001752499,0.002558567,-0.007227552));
#1715=CARTESIAN_POINT('',(-0.001789384,0.002565667,-0.007110118));
#1716=CARTESIAN_POINT('',(-0.001863155,0.002579867,-0.006875249));
#1717=CARTESIAN_POINT('',(-0.001929888,0.002594403,-0.00664554));
#1718=CARTESIAN_POINT('',(-0.001989455,0.002609111,-0.006421404));
#1719=CARTESIAN_POINT('',(-0.002108588,0.002638528,-0.005973132));
#1720=CARTESIAN_POINT('',(-0.002198891,0.002668787,-0.005547081));
#1721=CARTESIAN_POINT('',(-0.002261635,0.002696888,-0.005148212));
#1722=B_SPLINE_CURVE_WITH_KNOTS('',3,(#1670,#1671,#1672,#1673,#1674,#1675,#1676,#1677,#1678,#1679,#1680,#1681,#1682,#1683,#1684,#1685,#1686,#1687,#1688,#1689,#1690,#1691,#1692,#1693,#1694,#1695,
#1696,#1697,#1698,#1699,#1700,#1701,#1702,#1703,#1704,#1705,#1706,#1707,#1708,#1709,#1710,#1711,#1712,#1713,#1714,#1715,#1716,#1717,#1718,#1719,#1720,
#1721),.UNSPECIFIED.,.F.,.F.,(4,3,3,3,3,3,3,3,3,3,3,3,3,3,3,3,3,4),(0.,0.125,0.25,0.25390625,0.2578125,0.265625,0.28125,0.3125,0.375,0.5,0.50390625,0.5078125,0.515625,0.53125,0.5625,0.625,0.75,1.),.UNSPECIFIED.);
#1723=EDGE_CURVE('341994',#1612,#1669,#1722,.T.);
#1724=ORIENTED_EDGE('',*,*,#1723,.T.);
#1725=CARTESIAN_POINT('',(0.,0.002091557,-0.0047498));
#1726=DIRECTION('',(0.,-0.549778484,-0.835310492));
#1727=DIRECTION('',(0.,-0.835310492,0.549778484));
#1728=AXIS2_PLACEMENT_3D('',#1725,#1726,#1727);
#1729=CIRCLE('',#1728,0.0023749);
#1730=EDGE_CURVE('342016',#1375,#1669,#1729,.T.);
#1731=ORIENTED_EDGE('',*,*,#1730,.F.);
#1732=ORIENTED_EDGE('',*,*,#1381,.T.);
#1733=ORIENTED_EDGE('',*,*,#1020,.T.);
#1734=ORIENTED_EDGE('',*,*,#1027,.T.);
#1735=EDGE_LOOP('',(#1382,#1391,#1499,#1610,#1667,#1724,#1731,#1732,#1733,#1734));
#1736=FACE_BOUND('',#1735,.T.);
#1737=ADVANCED_FACE('342022',(#1736),#1373,.F.);
#1738=CARTESIAN_POINT('',(-0.002261635,0.002696888,-0.005148212));
#1739=CARTESIAN_POINT('',(-0.002137519,0.003175,-0.005126348));
#1740=CARTESIAN_POINT('',(-0.002624464,0.003175,-0.005212129));
#1741=CARTESIAN_POINT('',(-0.002190338,0.002664956,-0.00560145));
#1742=CARTESIAN_POINT('',(-0.002008094,0.003175,-0.005590385));
#1743=CARTESIAN_POINT('',(-0.002541727,0.003175,-0.005681792));
#1744=CARTESIAN_POINT('',(-0.002090437,0.002634135,-0.006048108));
#1745=CARTESIAN_POINT('',(-0.001841651,0.003175,-0.00601591));
#1746=CARTESIAN_POINT('',(-0.002425802,0.003175,-0.00613967));
#1747=CARTESIAN_POINT('',(-0.001850244,0.002576305,-0.006934177));
#1748=CARTESIAN_POINT('',(-0.001448585,0.003175,-0.006835512));
#1749=CARTESIAN_POINT('',(-0.002147074,0.003175,-0.007038631));
#1750=CARTESIAN_POINT('',(-0.001709815,0.002549307,-0.007373592));
#1751=CARTESIAN_POINT('',(-0.001207633,0.003175,-0.007230708));
#1752=CARTESIAN_POINT('',(-0.001984117,0.003175,-0.007479689));
#1753=CARTESIAN_POINT('',(-0.001476316,0.002513118,-0.008029462));
#1754=CARTESIAN_POINT('',(-0.000809816,0.003175,-0.007756815));
#1755=CARTESIAN_POINT('',(-0.001713159,0.003175,-0.008131809));
#1756=CARTESIAN_POINT('',(-0.00139464,0.002501775,-0.008247524));
#1757=CARTESIAN_POINT('',(-0.000655847,0.003175,-0.007934251));
#1758=CARTESIAN_POINT('',(-0.001618379,0.003175,-0.00834759));
#1759=CARTESIAN_POINT('',(-0.001224288,0.002480769,-0.008682564));
#1760=CARTESIAN_POINT('',(-0.000315234,0.003175,-0.008268911));
#1761=CARTESIAN_POINT('',(-0.001420698,0.003175,-0.008776253));
#1762=CARTESIAN_POINT('',(-0.001135641,0.002471107,-0.008899556));
#1763=CARTESIAN_POINT('',(-0.000122382,0.003175,-0.008424192));
#1764=CARTESIAN_POINT('',(-0.00131783,0.003175,-0.008989147));
#1765=CARTESIAN_POINT('',(-0.000997301,0.002458044,-0.009223949));
#1766=CARTESIAN_POINT('',(0.000195614,0.003175,-0.008616857));
#1767=CARTESIAN_POINT('',(-0.001157296,0.003175,-0.009306263));
#1768=CARTESIAN_POINT('',(-0.000950306,0.00245393,-0.00933184));
#1769=CARTESIAN_POINT('',(0.000315742,0.003175,-0.00867721));
#1770=CARTESIAN_POINT('',(-0.001102762,0.003175,-0.009411541));
#1771=CARTESIAN_POINT('',(-0.000854515,0.002446222,-0.009546561));
#1772=CARTESIAN_POINT('',(0.000578971,0.003175,-0.008779232));
#1773=CARTESIAN_POINT('',(-0.000991602,0.003175,-0.009620724));
#1774=CARTESIAN_POINT('',(-0.000805702,0.002442626,-0.009653454));
#1775=CARTESIAN_POINT('',(0.000725191,0.003175,-0.008818979));
#1776=CARTESIAN_POINT('',(-0.000934959,0.003175,-0.009724689));
#1777=CARTESIAN_POINT('',(-0.000705715,0.002435969,-0.009865878));
#1778=CARTESIAN_POINT('',(0.00105477,0.003175,-0.008863916));
#1779=CARTESIAN_POINT('',(-0.000818931,0.003175,-0.009931005));
#1780=CARTESIAN_POINT('',(-0.000654567,0.002432908,-0.00997143));
#1781=CARTESIAN_POINT('',(0.001244385,0.003175,-0.008864475));
#1782=CARTESIAN_POINT('',(-0.000759578,0.003175,-0.010033376));
#1783=CARTESIAN_POINT('',(-0.000575096,0.002428737,-0.010128005));
#1784=CARTESIAN_POINT('',(0.001563974,0.003175,-0.008809253));
#1785=CARTESIAN_POINT('',(-0.000667357,0.003175,-0.010185052));
#1786=CARTESIAN_POINT('',(-0.000548139,0.002427416,-0.010179899));
#1787=CARTESIAN_POINT('',(0.001685236,0.003175,-0.008777687));
#1788=CARTESIAN_POINT('',(-0.000636076,0.003175,-0.010235292));
#1789=CARTESIAN_POINT('',(-0.000492924,0.002424918,-0.010282823));
#1790=CARTESIAN_POINT('',(0.001951983,0.003175,-0.008678587));
#1791=CARTESIAN_POINT('',(-0.000572002,0.003175,-0.010334883));
#1792=CARTESIAN_POINT('',(-0.000464673,0.002423741,-0.010333858));
#1793=CARTESIAN_POINT('',(0.002100773,0.003175,-0.008607133));
#1794=CARTESIAN_POINT('',(-0.000539219,0.003175,-0.01038424));
#1795=CARTESIAN_POINT('',(-0.000435428,0.002422638,-0.010384216));
#1796=CARTESIAN_POINT('',(0.002256091,0.003175,-0.008507784));
#1797=CARTESIAN_POINT('',(-0.000505283,0.003175,-0.010432916));
#1798=(BOUNDED_SURFACE()
B_SPLINE_SURFACE(3,2,((#1738,#1739,#1740),(#1741,#1742,#1743),(#1744,#1745,#1746),(#1747,#1748,#1749),(#1750,#1751,#1752),(#1753,#1754,#1755),(#1756,#1757,#1758),(#1759,#1760,#1761),(#1762,#1763,#1764),(#1765,#1766,#1767),(#1768,#1769,#1770),(#1771,#1772,#1773),(#1774,#1775,#1776),(#1777,#1778,#1779),(#1780,#1781,#1782),(#1783,#1784,#1785),(#1786,#1787,#1788),(#1789,#1790,#1791),(#1792,#1793,#1794),(#1795,#1796,#1797)),.UNSPECIFIED.,.F.,.F.,.U.)
B_SPLINE_SURFACE_WITH_KNOTS((4,2,2,2,2,2,2,2,2,4),(3,3),(0.,0.001410512,0.002821024,0.00352628,0.004231536,0.004584164,0.004936792,0.00528942,0.005465734,0.005642048),(0.,1.),.UNSPECIFIED.)
GEOMETRIC_REPRESENTATION_ITEM()
RATIONAL_B_SPLINE_SURFACE(((1.,0.610374041,1.),(1.,0.576047929,1.),(1.,0.540027582,1.),(1.,0.464476575,1.),(1.,0.424949796,1.),(1.,0.36306145,1.),(1.,0.342000523,1.),(1.,0.298994558,1.),(1.,0.27705426,1.),(1.,0.243389065,1.),(1.,0.232045902,1.),(1.,0.20911746,1.),(1.,0.197527453,1.),(1.,0.174014797,1.),(1.,0.162094908,1.),(1.,0.143837202,1.),(1.,0.137687392,1.),(1.,0.125218795,1.),(1.,0.118899888,1.),(1.,0.112465819,1.)))
REPRESENTATION_ITEM('')
SURFACE()
);
#1799=ORIENTED_EDGE('',*,*,#1723,.F.);
#1800=CARTESIAN_POINT('',(-0.000505283,0.003175,-0.010432916));
#1801=VERTEX_POINT('341942',#1800);
#1802=CARTESIAN_POINT('',(-0.000435428,0.002422638,-0.010384216));
#1803=CARTESIAN_POINT('',(0.002256091,0.003175,-0.008507784));
#1804=CARTESIAN_POINT('',(-0.000505283,0.003175,-0.010432916));
#1805=(BOUNDED_CURVE()
B_SPLINE_CURVE(2,(#1802,#1803,#1804),.UNSPECIFIED.,.F.,.F.)
B_SPLINE_CURVE_WITH_KNOTS((3,3),(0.,1.),.UNSPECIFIED.)
CURVE()
GEOMETRIC_REPRESENTATION_ITEM()
RATIONAL_B_SPLINE_CURVE((1.,0.112465819,1.))
REPRESENTATION_ITEM(''));
#1806=EDGE_CURVE('341962',#1612,#1801,#1805,.T.);
#1807=ORIENTED_EDGE('',*,*,#1806,.T.);
#1808=CARTESIAN_POINT('',(-0.002624464,0.003175,-0.005212129));
#1809=VERTEX_POINT('341944',#1808);
#1810=CARTESIAN_POINT('',(-0.002624464,0.003175,-0.005212129));
#1811=CARTESIAN_POINT('',(-0.002541731,0.003175,-0.005681769));
#1812=CARTESIAN_POINT('',(-0.002425828,0.003175,-0.006139568));
#1813=CARTESIAN_POINT('',(-0.002147142,0.003175,-0.007038432));
#1814=CARTESIAN_POINT('',(-0.00198421,0.003175,-0.007479443));
#1815=CARTESIAN_POINT('',(-0.001622988,0.003175,-0.008348845));
#1816=CARTESIAN_POINT('',(-0.001425032,0.003175,-0.008777354));
#1817=CARTESIAN_POINT('',(-0.001104017,0.003175,-0.009411522));
#1818=CARTESIAN_POINT('',(-0.000993214,0.003175,-0.009621086));
#1819=CARTESIAN_POINT('',(-0.000761111,0.003175,-0.010033835));
#1820=CARTESIAN_POINT('',(-0.000641187,0.003175,-0.010237979));
#1821=CARTESIAN_POINT('',(-0.000505283,0.003175,-0.010432916));
#1822=B_SPLINE_CURVE_WITH_KNOTS('',3,(#1810,#1811,#1812,#1813,#1814,#1815,#1816,#1817,#1818,#1819,#1820,#1821),.UNSPECIFIED.,.F.,.F.,(4,2,2,2,2,4),(0.,0.001410355,0.002820709,0.004231064,0.004936241,0.005641418),.UNSPECIFIED.);
#1823=EDGE_CURVE('341955',#1809,#1801,#1822,.T.);
#1824=ORIENTED_EDGE('',*,*,#1823,.F.);
#1825=CARTESIAN_POINT('',(-0.002624464,0.002794,-0.005212129));
#1826=DIRECTION('',(0.173489909,0.,-0.984835647));
#1827=DIRECTION('',(0.984835647,0.,0.173489909));
#1828=AXIS2_PLACEMENT_3D('',#1825,#1826,#1827);
#1829=CIRCLE('',#1828,0.000381);
#1830=EDGE_CURVE('341954',#1809,#1669,#1829,.T.);
#1831=ORIENTED_EDGE('',*,*,#1830,.T.);
#1832=EDGE_LOOP('',(#1799,#1807,#1824,#1831));
#1833=FACE_BOUND('',#1832,.T.);
#1834=ADVANCED_FACE('341966',(#1833),#1798,.T.);
#1835=CARTESIAN_POINT('',(0.,0.009399394,0.006353423));
#1836=DIRECTION('',(0.,-0.549778484,-0.835310492));
#1837=DIRECTION('',(0.,-0.835310492,0.549778484));
#1838=AXIS2_PLACEMENT_3D('',#1835,#1836,#1837);
#1839=CYLINDRICAL_SURFACE('',#1838,0.0023749);
#1840=CARTESIAN_POINT('',(0.,0.000284913,-0.003175));
#1841=VERTEX_POINT('341874',#1840);
#1842=CARTESIAN_POINT('',(0.,0.000107778,-0.003444131));
#1843=DIRECTION('',(-0.,0.549778484,0.835310492));
#1844=VECTOR('',#1843,0.000322193);
#1845=LINE('',#1842,#1844);
#1846=EDGE_CURVE('',#1375,#1841,#1845,.T.);
#1847=ORIENTED_EDGE('',*,*,#1846,.F.);
#1848=ORIENTED_EDGE('',*,*,#1730,.T.);
#1849=CARTESIAN_POINT('',(-0.00235792,0.002756011,-0.004255892));
#1850=VERTEX_POINT('341886',#1849);
#1851=CARTESIAN_POINT('',(-0.002261635,0.002696888,-0.005148212));
#1852=CARTESIAN_POINT('',(-0.002300942,0.002713327,-0.004900106));
#1853=CARTESIAN_POINT('',(-0.002337306,0.002733035,-0.004602665));
#1854=CARTESIAN_POINT('',(-0.00235792,0.002756011,-0.004255892));
#1855=B_SPLINE_CURVE_WITH_KNOTS('',3,(#1851,#1852,#1853,#1854),.UNSPECIFIED.,.F.,.F.,(4,4),(0.,1.),.UNSPECIFIED.);
#1856=EDGE_CURVE('341919',#1669,#1850,#1855,.T.);
#1857=ORIENTED_EDGE('',*,*,#1856,.T.);
#1858=CARTESIAN_POINT('',(-0.002370967,0.003144674,-0.003398285));
#1859=VERTEX_POINT('341888',#1858);
#1860=CARTESIAN_POINT('',(-0.00235792,0.002756011,-0.004255892));
#1861=CARTESIAN_POINT('',(-0.002367288,0.002766453,-0.004098289));
#1862=CARTESIAN_POINT('',(-0.002370067,0.002805789,-0.00394396));
#1863=CARTESIAN_POINT('',(-0.002371444,0.00287449,-0.003793213));
#1864=CARTESIAN_POINT('',(-0.002371788,0.002891665,-0.003755527));
#1865=CARTESIAN_POINT('',(-0.002372002,0.002909602,-0.003720288));
#1866=CARTESIAN_POINT('',(-0.002372136,0.002929283,-0.003685347));
#1867=CARTESIAN_POINT('',(-0.00237227,0.002948964,-0.003650407));
#1868=CARTESIAN_POINT('',(-0.002372316,0.002970062,-0.003616481));
#1869=CARTESIAN_POINT('',(-0.002372283,0.002992577,-0.00358357));
#1870=CARTESIAN_POINT('',(-0.002372216,0.003037608,-0.003517748));
#1871=CARTESIAN_POINT('',(-0.002371851,0.003088309,-0.003455988));
#1872=CARTESIAN_POINT('',(-0.002370966,0.003144671,-0.003398281));
#1873=B_SPLINE_CURVE_WITH_KNOTS('',3,(#1860,#1861,#1862,#1863,#1864,#1865,#1866,#1867,#1868,#1869,#1870,#1871,#1872),.UNSPECIFIED.,.F.,.F.,(4,3,3,3,4),(0.,0.5,0.625,0.75,1.),.UNSPECIFIED.);
#1874=EDGE_CURVE('341894',#1850,#1859,#1873,.T.);
#1875=ORIENTED_EDGE('',*,*,#1874,.T.);
#1876=CARTESIAN_POINT('',(0.,0.000284913,-0.003175));
#1877=CARTESIAN_POINT('',(-0.00034449,0.000284913,-0.003175));
#1878=CARTESIAN_POINT('',(-0.000686269,0.000366243,-0.003189759));
#1879=CARTESIAN_POINT('',(-0.000994892,0.000520788,-0.003213936));
#1880=CARTESIAN_POINT('',(-0.001303516,0.000675333,-0.003238112));
#1881=CARTESIAN_POINT('',(-0.001578692,0.000902869,-0.003271559));
#1882=CARTESIAN_POINT('',(-0.001797773,0.001186092,-0.003302888));
#1883=CARTESIAN_POINT('',(-0.001804619,0.001194943,-0.003303867));
#1884=CARTESIAN_POINT('',(-0.001810196,0.001202255,-0.003304668));
#1885=CARTESIAN_POINT('',(-0.001816351,0.001210417,-0.003305557));
#1886=CARTESIAN_POINT('',(-0.001822505,0.001218578,-0.003306445));
#1887=CARTESIAN_POINT('',(-0.00182862,0.001226793,-0.003307332));
#1888=CARTESIAN_POINT('',(-0.001834697,0.001235061,-0.003308217));
#1889=CARTESIAN_POINT('',(-0.001846849,0.001251596,-0.003309988));
#1890=CARTESIAN_POINT('',(-0.001858845,0.001268343,-0.003311752));
#1891=CARTESIAN_POINT('',(-0.001870678,0.001285299,-0.003313508));
#1892=CARTESIAN_POINT('',(-0.001894345,0.001319212,-0.003317021));
#1893=CARTESIAN_POINT('',(-0.001917362,0.001353963,-0.003320502));
#1894=CARTESIAN_POINT('',(-0.001939685,0.001389531,-0.003323938));
#1895=CARTESIAN_POINT('',(-0.001984333,0.001460667,-0.00333081));
#1896=CARTESIAN_POINT('',(-0.002026207,0.001535074,-0.003337502));
#1897=CARTESIAN_POINT('',(-0.002064969,0.001612558,-0.003343888));
#1898=CARTESIAN_POINT('',(-0.002142492,0.001767526,-0.003356659));
#1899=CARTESIAN_POINT('',(-0.002207544,0.001934841,-0.003368228));
#1900=CARTESIAN_POINT('',(-0.002257618,0.002112496,-0.003377274));
#1901=CARTESIAN_POINT('',(-0.002259183,0.002118047,-0.003377557));
#1902=CARTESIAN_POINT('',(-0.002260158,0.002121548,-0.003377733));
#1903=CARTESIAN_POINT('',(-0.002261417,0.002126095,-0.00337796));
#1904=CARTESIAN_POINT('',(-0.002262675,0.002130643,-0.003378187));
#1905=CARTESIAN_POINT('',(-0.002263926,0.002135204,-0.003378413));
#1906=CARTESIAN_POINT('',(-0.002265169,0.002139779,-0.003378637));
#1907=CARTESIAN_POINT('',(-0.002267654,0.00214893,-0.003379085));
#1908=CARTESIAN_POINT('',(-0.002270108,0.002158136,-0.003379528));
#1909=CARTESIAN_POINT('',(-0.002272529,0.002167398,-0.003379964));
#1910=CARTESIAN_POINT('',(-0.002277371,0.002185923,-0.003380837));
#1911=CARTESIAN_POINT('',(-0.002282083,0.002204671,-0.003381685));
#1912=CARTESIAN_POINT('',(-0.002286654,0.002223641,-0.003382509));
#1913=CARTESIAN_POINT('',(-0.002295798,0.002261582,-0.003384157));
#1914=CARTESIAN_POINT('',(-0.002304382,0.002300412,-0.003385706));
#1915=CARTESIAN_POINT('',(-0.002312335,0.002340119,-0.003387147));
#1916=CARTESIAN_POINT('',(-0.002328242,0.002419533,-0.003390029));
#1917=CARTESIAN_POINT('',(-0.002341624,0.00250246,-0.003392486));
#1918=CARTESIAN_POINT('',(-0.002351881,0.002588743,-0.003394414));
#1919=CARTESIAN_POINT('',(-0.002372395,0.002761311,-0.003398269));
#1920=CARTESIAN_POINT('',(-0.002380405,0.002947405,-0.003400075));
#1921=CARTESIAN_POINT('',(-0.002370966,0.003144671,-0.003398281));
#1922=B_SPLINE_CURVE_WITH_KNOTS('',3,(#1876,#1877,#1878,#1879,#1880,#1881,#1882,#1883,#1884,#1885,#1886,#1887,#1888,#1889,#1890,#1891,#1892,#1893,#1894,#1895,#1896,#1897,#1898,#1899,#1900,#1901,
#1902,#1903,#1904,#1905,#1906,#1907,#1908,#1909,#1910,#1911,#1912,#1913,#1914,#1915,#1916,#1917,#1918,#1919,#1920,#1921),.UNSPECIFIED.,.F.,.F.,(4,3,3,3,3,3,3,3,3,3,3,3,3,3,3,4),(0.,0.25,0.5,0.5078125,0.515625,0.53125,0.5625,0.625,0.75,0.75390625,0.7578125,0.765625,0.78125,0.8125,0.875,1.),.UNSPECIFIED.);
#1923=EDGE_CURVE('341873',#1841,#1859,#1922,.T.);
#1924=ORIENTED_EDGE('',*,*,#1923,.F.);
#1925=EDGE_LOOP('',(#1847,#1848,#1857,#1875,#1924));
#1926=FACE_BOUND('',#1925,.T.);
#1927=ADVANCED_FACE('341927',(#1926),#1839,.F.);
#1928=CARTESIAN_POINT('',(0.000435526,0.002422642,-0.010384048));
#1929=CARTESIAN_POINT('',(-0.002255543,0.003175,-0.008508135));
#1930=CARTESIAN_POINT('',(0.000505396,0.003175,-0.010432754));
#1931=CARTESIAN_POINT('',(0.000464742,0.002423744,-0.010333734));
#1932=CARTESIAN_POINT('',(-0.002100391,0.003175,-0.00860732));
#1933=CARTESIAN_POINT('',(0.000539298,0.003175,-0.01038412));
#1934=CARTESIAN_POINT('',(0.00049298,0.002424921,-0.010282719));
#1935=CARTESIAN_POINT('',(-0.001951694,0.003175,-0.008678715));
#1936=CARTESIAN_POINT('',(0.000572068,0.003175,-0.010334783));
#1937=CARTESIAN_POINT('',(0.000548191,0.002427419,-0.0101798));
#1938=CARTESIAN_POINT('',(-0.001684998,0.003175,-0.008777757));
#1939=CARTESIAN_POINT('',(0.000636136,0.003175,-0.010235197));
#1940=CARTESIAN_POINT('',(0.000575154,0.00242874,-0.010127891));
#1941=CARTESIAN_POINT('',(-0.00156372,0.003175,-0.008809316));
#1942=CARTESIAN_POINT('',(0.000667425,0.003175,-0.010184942));
#1943=CARTESIAN_POINT('',(0.000654665,0.002432914,-0.009971232));
#1944=CARTESIAN_POINT('',(-0.001244017,0.003175,-0.008864506));
#1945=CARTESIAN_POINT('',(0.000759692,0.003175,-0.010033184));
#1946=CARTESIAN_POINT('',(0.000705862,0.002435978,-0.009865573));
#1947=CARTESIAN_POINT('',(-0.00105426,0.003175,-0.008863913));
#1948=CARTESIAN_POINT('',(0.000819102,0.003175,-0.00993071));
#1949=CARTESIAN_POINT('',(0.000805974,0.002442645,-0.009652867));
#1950=CARTESIAN_POINT('',(-0.000724365,0.003175,-0.008818807));
#1951=CARTESIAN_POINT('',(0.000935275,0.003175,-0.009724119));
#1952=CARTESIAN_POINT('',(0.000854881,0.00244625,-0.009545754));
#1953=CARTESIAN_POINT('',(-0.000577917,0.003175,-0.008778918));
#1954=CARTESIAN_POINT('',(0.000992028,0.003175,-0.009619939));
#1955=CARTESIAN_POINT('',(0.000950793,0.002453971,-0.009330735));
#1956=CARTESIAN_POINT('',(-0.000314481,0.003175,-0.008676635));
#1957=CARTESIAN_POINT('',(0.001103326,0.003175,-0.009410463));
#1958=CARTESIAN_POINT('',(0.000997731,0.002458082,-0.009222954));
#1959=CARTESIAN_POINT('',(-0.000194534,0.003175,-0.008616264));
#1960=CARTESIAN_POINT('',(0.001157794,0.003175,-0.009305291));
#1961=CARTESIAN_POINT('',(0.001135856,0.00247113,-0.008899027));
#1962=CARTESIAN_POINT('',(0.000122892,0.003175,-0.008423775));
#1963=CARTESIAN_POINT('',(0.001318079,0.003175,-0.008988628));
#1964=CARTESIAN_POINT('',(0.001224388,0.002480781,-0.00868231));
#1965=CARTESIAN_POINT('',(0.000315461,0.003175,-0.00826869));
#1966=CARTESIAN_POINT('',(0.001420814,0.003175,-0.008776003));
#1967=CARTESIAN_POINT('',(0.001394553,0.002501764,-0.008247746));
#1968=CARTESIAN_POINT('',(0.000655696,0.003175,-0.007934398));
#1969=CARTESIAN_POINT('',(0.001618278,0.003175,-0.008347809));
#1970=CARTESIAN_POINT('',(0.001476159,0.002513096,-0.008029885));
#1971=CARTESIAN_POINT('',(0.000809533,0.003175,-0.007757146));
#1972=CARTESIAN_POINT('',(0.001712976,0.003175,-0.008132228));
#1973=CARTESIAN_POINT('',(0.001709508,0.002549254,-0.007374494));
#1974=CARTESIAN_POINT('',(0.001207134,0.003175,-0.007231442));
#1975=CARTESIAN_POINT('',(0.001983761,0.003175,-0.00748059));
#1976=CARTESIAN_POINT('',(0.001849924,0.002576239,-0.006935236));
#1977=CARTESIAN_POINT('',(0.001448047,0.003175,-0.006836485));
#1978=CARTESIAN_POINT('',(0.002146704,0.003175,-0.007039698));
#1979=CARTESIAN_POINT('',(0.00209022,0.002634072,-0.00604903));
#1980=CARTESIAN_POINT('',(0.00184129,0.003175,-0.006016791));
#1981=CARTESIAN_POINT('',(0.002425549,0.003175,-0.006140613));
#1982=CARTESIAN_POINT('',(0.002190239,0.002664912,-0.00560208));
#1983=CARTESIAN_POINT('',(0.002007903,0.003175,-0.005591069));
#1984=CARTESIAN_POINT('',(0.002541612,0.003175,-0.005682445));
#1985=CARTESIAN_POINT('',(0.002261635,0.002696888,-0.005148212));
#1986=CARTESIAN_POINT('',(0.002137519,0.003175,-0.005126348));
#1987=CARTESIAN_POINT('',(0.002624464,0.003175,-0.005212129));
#1988=(BOUNDED_SURFACE()
B_SPLINE_SURFACE(3,2,((#1928,#1929,#1930),(#1931,#1932,#1933),(#1934,#1935,#1936),(#1937,#1938,#1939),(#1940,#1941,#1942),(#1943,#1944,#1945),(#1946,#1947,#1948),(#1949,#1950,#1951),(#1952,#1953,#1954),(#1955,#1956,#1957),(#1958,#1959,#1960),(#1961,#1962,#1963),(#1964,#1965,#1966),(#1967,#1968,#1969),(#1970,#1971,#1972),(#1973,#1974,#1975),(#1976,#1977,#1978),(#1979,#1980,#1981),(#1982,#1983,#1984),(#1985,#1986,#1987)),.UNSPECIFIED.,.F.,.F.,.U.)
B_SPLINE_SURFACE_WITH_KNOTS((4,2,2,2,2,2,2,2,2,4),(3,3),(0.00699524,0.007171866,0.007348493,0.007701746,0.008055,0.008408253,0.00911476,0.009821266,0.011234279,0.012647292),(0.,1.),.UNSPECIFIED.)
GEOMETRIC_REPRESENTATION_ITEM()
RATIONAL_B_SPLINE_SURFACE(((1.,0.112487275,1.),(1.,0.118915223,1.),(1.,0.125231508,1.),(1.,0.137699135,1.),(1.,0.143850604,1.),(1.,0.162117561,1.),(1.,0.174049218,1.),(1.,0.197591744,1.),(1.,0.209204713,1.),(1.,0.232162869,1.),(1.,0.243493099,1.),(1.,0.277107597,1.),(1.,0.29901969,1.),(1.,0.341978564,1.),(1.,0.36302068,1.),(1.,0.4248664,1.),(1.,0.464383201,1.),(1.,0.539952012,1.),(1.,0.576000101,1.),(1.,0.610374041,1.)))
REPRESENTATION_ITEM('')
SURFACE()
);
#1989=CARTESIAN_POINT('',(0.000505396,0.003175,-0.010432754));
#1990=VERTEX_POINT('341842',#1989);
#1991=CARTESIAN_POINT('',(0.000505396,0.002794,-0.010432754));
#1992=DIRECTION('',(-0.571858257,0.,-0.820352445));
#1993=DIRECTION('',(-0.18338706,-0.974693226,0.127837011));
#1994=AXIS2_PLACEMENT_3D('',#1991,#1992,#1993);
#1995=CIRCLE('',#1994,0.000381);
#1996=EDGE_CURVE('341833',#1393,#1990,#1995,.T.);
#1997=ORIENTED_EDGE('',*,*,#1996,.F.);
#1998=ORIENTED_EDGE('',*,*,#1498,.F.);
#1999=CARTESIAN_POINT('',(0.002624464,0.003175,-0.005212129));
#2000=VERTEX_POINT('341838',#1999);
#2001=CARTESIAN_POINT('',(0.002624464,0.002794,-0.005212129));
#2002=DIRECTION('',(0.173489909,-0.,0.984835647));
#2003=DIRECTION('',(-0.984835647,0.,0.173489909));
#2004=AXIS2_PLACEMENT_3D('',#2001,#2002,#2003);
#2005=CIRCLE('',#2004,0.000381);
#2006=EDGE_CURVE('341849',#2000,#1384,#2005,.T.);
#2007=ORIENTED_EDGE('',*,*,#2006,.F.);
#2008=CARTESIAN_POINT('',(0.000505396,0.003175,-0.010432754));
#2009=CARTESIAN_POINT('',(0.000640925,0.003175,-0.010238333));
#2010=CARTESIAN_POINT('',(0.000760682,0.003175,-0.010034553));
#2011=CARTESIAN_POINT('',(0.000992489,0.003175,-0.00962242));
#2012=CARTESIAN_POINT('',(0.001103171,0.003175,-0.009413121));
#2013=CARTESIAN_POINT('',(0.001423174,0.003175,-0.008781171));
#2014=CARTESIAN_POINT('',(0.001620908,0.003175,-0.008353493));
#2015=CARTESIAN_POINT('',(0.001982367,0.003175,-0.007484234));
#2016=CARTESIAN_POINT('',(0.002145783,0.003175,-0.007042527));
#2017=CARTESIAN_POINT('',(0.002425791,0.003175,-0.006139973));
#2018=CARTESIAN_POINT('',(0.002542189,0.003175,-0.00567917));
#2019=CARTESIAN_POINT('',(0.002624464,0.003175,-0.005212129));
#2020=B_SPLINE_CURVE_WITH_KNOTS('',3,(#2008,#2009,#2010,#2011,#2012,#2013,#2014,#2015,#2016,#2017,#2018,#2019),.UNSPECIFIED.,.F.,.F.,(4,2,2,2,2,4),(0.006996133,0.007700588,0.008405043,0.009813953,0.011222863,0.012631773),.UNSPECIFIED.);
#2021=EDGE_CURVE('341848',#1990,#2000,#2020,.T.);
#2022=ORIENTED_EDGE('',*,*,#2021,.F.);
#2023=EDGE_LOOP('',(#1997,#1998,#2007,#2022));
#2024=FACE_BOUND('',#2023,.T.);
#2025=ADVANCED_FACE('341861',(#2024),#1988,.T.);
#2026=CARTESIAN_POINT('',(-0.,0.00241446,-0.010829018));
#2027=CARTESIAN_POINT('',(0.000060816,0.00241446,-0.010829018));
#2028=CARTESIAN_POINT('',(0.000118012,0.002414963,-0.010794778));
#2029=CARTESIAN_POINT('',(0.000211991,0.002416297,-0.010711675));
#2030=CARTESIAN_POINT('',(0.000249781,0.002417098,-0.010664748));
#2031=CARTESIAN_POINT('',(0.000347177,0.002419468,-0.010534265));
#2032=CARTESIAN_POINT('',(0.000392727,0.002421028,-0.010457753));
#2033=CARTESIAN_POINT('',(0.000435526,0.002422642,-0.010384048));
#2034=CARTESIAN_POINT('',(0.000000001,0.003175,-0.002165851));
#2035=CARTESIAN_POINT('',(-0.000666596,0.003175,-0.002165852));
#2036=CARTESIAN_POINT('',(-0.0011483,0.003175,-0.003022512));
#2037=CARTESIAN_POINT('',(-0.001768208,0.003175,-0.004767746));
#2038=CARTESIAN_POINT('',(-0.001926487,0.003175,-0.005547766));
#2039=CARTESIAN_POINT('',(-0.00218795,0.003175,-0.007163426));
#2040=CARTESIAN_POINT('',(-0.002235875,0.003175,-0.007917621));
#2041=CARTESIAN_POINT('',(-0.002255543,0.003175,-0.008508135));
#2042=CARTESIAN_POINT('',(-0.,0.003175,-0.010862338));
#2043=CARTESIAN_POINT('',(0.000063207,0.003175,-0.010862338));
#2044=CARTESIAN_POINT('',(0.000124096,0.003175,-0.010835759));
#2045=CARTESIAN_POINT('',(0.000228803,0.003175,-0.010764049));
#2046=CARTESIAN_POINT('',(0.000273168,0.003175,-0.010720781));
#2047=CARTESIAN_POINT('',(0.000390307,0.003175,-0.01059446));
#2048=CARTESIAN_POINT('',(0.000449165,0.003175,-0.01051342));
#2049=CARTESIAN_POINT('',(0.000505396,0.003175,-0.010432754));
#2050=(BOUNDED_SURFACE()
B_SPLINE_SURFACE(2,3,((#2026,#2027,#2028,#2029,#2030,#2031,#2032,#2033),(#2034,#2035,#2036,#2037,#2038,#2039,#2040,#2041),(#2042,#2043,#2044,#2045,#2046,#2047,#2048,#2049)),.UNSPECIFIED.,.F.,.F.,.U.)
B_SPLINE_SURFACE_WITH_KNOTS((3,3),(4,2,2,4),(0.,1.),(3.141592584,3.382099367,3.62260615,4.103619716),.UNSPECIFIED.)
GEOMETRIC_REPRESENTATION_ITEM()
RATIONAL_B_SPLINE_SURFACE(((1.,1.,1.,1.,1.,1.,1.,1.),(0.043768811,0.043689251,0.048219856,0.060391575,0.067864014,0.089550082,0.103204705,0.112487275),(1.,1.,1.,1.,1.,1.,1.,1.)))
REPRESENTATION_ITEM('')
SURFACE()
);
#2051=CARTESIAN_POINT('',(-0.,0.003175,-0.010862338));
#2052=VERTEX_POINT('341802',#2051);
#2053=CARTESIAN_POINT('',(-0.,0.002794,-0.010862338));
#2054=DIRECTION('',(-1.,0.,0.00000007));
#2055=DIRECTION('',(0.000000006,-0.996168582,0.087453733));
#2056=AXIS2_PLACEMENT_3D('',#2053,#2054,#2055);
#2057=CIRCLE('',#2056,0.000381);
#2058=EDGE_CURVE('341793',#1501,#2052,#2057,.T.);
#2059=ORIENTED_EDGE('',*,*,#2058,.F.);
#2060=ORIENTED_EDGE('',*,*,#1609,.F.);
#2061=ORIENTED_EDGE('',*,*,#1996,.T.);
#2062=CARTESIAN_POINT('',(-0.,0.003175,-0.010862338));
#2063=CARTESIAN_POINT('',(0.000028133,0.003175,-0.010862338));
#2064=CARTESIAN_POINT('',(0.000071289,0.003175,-0.010854534));
#2065=CARTESIAN_POINT('',(0.000123311,0.003175,-0.010831771));
#2066=CARTESIAN_POINT('',(0.000149741,0.003175,-0.010816976));
#2067=CARTESIAN_POINT('',(0.000161157,0.003175,-0.010809903));
#2068=CARTESIAN_POINT('',(0.000168788,0.003175,-0.010805026));
#2069=CARTESIAN_POINT('',(0.000173577,0.003175,-0.010801852));
#2070=CARTESIAN_POINT('',(0.000187938,0.003175,-0.010792112));
#2071=CARTESIAN_POINT('',(0.000205664,0.003175,-0.010778984));
#2072=CARTESIAN_POINT('',(0.000227206,0.003175,-0.010761148));
#2073=CARTESIAN_POINT('',(0.000236623,0.003175,-0.010752965));
#2074=CARTESIAN_POINT('',(0.000242941,0.003175,-0.010747389));
#2075=CARTESIAN_POINT('',(0.000246983,0.003175,-0.010743759));
#2076=CARTESIAN_POINT('',(0.000258679,0.003175,-0.010733132));
#2077=CARTESIAN_POINT('',(0.000273559,0.003175,-0.010718886));
#2078=CARTESIAN_POINT('',(0.000289704,0.003175,-0.010702399));
#2079=CARTESIAN_POINT('',(0.000300748,0.003175,-0.01069091));
#2080=CARTESIAN_POINT('',(0.000307878,0.003175,-0.010683338));
#2081=CARTESIAN_POINT('',(0.000329557,0.003175,-0.010660019));
#2082=CARTESIAN_POINT('',(0.000355663,0.003175,-0.010630491));
#2083=CARTESIAN_POINT('',(0.00038628,0.003175,-0.010593338));
#2084=CARTESIAN_POINT('',(0.000399436,0.003175,-0.010576836));
#2085=CARTESIAN_POINT('',(0.000408214,0.003175,-0.010565706));
#2086=CARTESIAN_POINT('',(0.000413914,0.003175,-0.010558385));
#2087=CARTESIAN_POINT('',(0.000441722,0.003175,-0.010522373));
#2088=CARTESIAN_POINT('',(0.000471186,0.003175,-0.010481829));
#2089=CARTESIAN_POINT('',(0.000505396,0.003175,-0.010432754));
#2090=B_SPLINE_CURVE_WITH_KNOTS('',3,(#2062,#2063,#2064,#2065,#2066,#2067,#2068,#2069,#2070,#2071,#2072,#2073,#2074,#2075,#2076,#2077,#2078,#2079,#2080,#2081,#2082,#2083,#2084,#2085,#2086,#2087,
#2088,#2089),.UNSPECIFIED.,.F.,.F.,(4,1,1,1,2,2,1,1,2,2,1,2,2,1,1,2,2,4),(0.,0.125,0.1875,0.21875,0.234375,0.25,0.3125,0.34375,0.359375,0.375,0.4375,0.46875,0.5,0.625,0.6875,0.71875,0.75,1.),.UNSPECIFIED.);
#2091=EDGE_CURVE('341808',#2052,#1990,#2090,.T.);
#2092=ORIENTED_EDGE('',*,*,#2091,.F.);
#2093=EDGE_LOOP('',(#2059,#2060,#2061,#2092));
#2094=FACE_BOUND('',#2093,.T.);
#2095=ADVANCED_FACE('341821',(#2094),#2050,.F.);
#2096=CARTESIAN_POINT('',(-0.000435428,0.002422638,-0.010384216));
#2097=CARTESIAN_POINT('',(-0.000392637,0.002421024,-0.010457901));
#2098=CARTESIAN_POINT('',(-0.000347093,0.002419466,-0.010534393));
#2099=CARTESIAN_POINT('',(-0.000249714,0.002417097,-0.01066483));
#2100=CARTESIAN_POINT('',(-0.000211931,0.002416296,-0.010711738));
#2101=CARTESIAN_POINT('',(-0.000117975,0.002414963,-0.0107948));
#2102=CARTESIAN_POINT('',(-0.000060796,0.00241446,-0.010829018));
#2103=CARTESIAN_POINT('',(-0.,0.00241446,-0.010829018));
#2104=CARTESIAN_POINT('',(0.002256091,0.003175,-0.008507784));
#2105=CARTESIAN_POINT('',(0.002236377,0.003175,-0.007917165));
#2106=CARTESIAN_POINT('',(0.002188391,0.003175,-0.007162822));
#2107=CARTESIAN_POINT('',(0.001926762,0.003175,-0.005547049));
#2108=CARTESIAN_POINT('',(0.001768402,0.003175,-0.004767055));
#2109=CARTESIAN_POINT('',(0.001148327,0.003175,-0.003022151));
#2110=CARTESIAN_POINT('',(0.00066656,0.003175,-0.002165852));
#2111=CARTESIAN_POINT('',(0.000000001,0.003175,-0.002165851));
#2112=CARTESIAN_POINT('',(-0.000505283,0.003175,-0.010432916));
#2113=CARTESIAN_POINT('',(-0.000449062,0.003175,-0.01051356));
#2114=CARTESIAN_POINT('',(-0.000390212,0.003175,-0.010594577));
#2115=CARTESIAN_POINT('',(-0.000273095,0.003175,-0.010720852));
#2116=CARTESIAN_POINT('',(-0.000228739,0.003175,-0.010764102));
#2117=CARTESIAN_POINT('',(-0.000124058,0.003175,-0.010835776));
#2118=CARTESIAN_POINT('',(-0.000063187,0.003175,-0.010862338));
#2119=CARTESIAN_POINT('',(-0.,0.003175,-0.010862338));
#2120=(BOUNDED_SURFACE()
B_SPLINE_SURFACE(2,3,((#2096,#2097,#2098,#2099,#2100,#2101,#2102,#2103),(#2104,#2105,#2106,#2107,#2108,#2109,#2110,#2111),(#2112,#2113,#2114,#2115,#2116,#2117,#2118,#2119)),.UNSPECIFIED.,.F.,.F.,.U.)
B_SPLINE_SURFACE_WITH_KNOTS((3,3),(4,2,2,4),(0.,1.),(2.179616672,2.660604628,2.901098606,3.141592584),.UNSPECIFIED.)
GEOMETRIC_REPRESENTATION_ITEM()
RATIONAL_B_SPLINE_SURFACE(((1.,1.,1.,1.,1.,1.,1.,1.),(0.112465819,0.103185087,0.089533733,0.067854313,0.060384434,0.048217592,0.043689275,0.043768811),(1.,1.,1.,1.,1.,1.,1.,1.)))
REPRESENTATION_ITEM('')
SURFACE()
);
#2121=ORIENTED_EDGE('',*,*,#1806,.F.);
#2122=ORIENTED_EDGE('',*,*,#1666,.F.);
#2123=ORIENTED_EDGE('',*,*,#2058,.T.);
#2124=CARTESIAN_POINT('',(-0.000505283,0.003175,-0.010432916));
#2125=CARTESIAN_POINT('',(-0.000488592,0.003175,-0.010456857));
#2126=CARTESIAN_POINT('',(-0.000465027,0.003175,-0.010490013));
#2127=CARTESIAN_POINT('',(-0.000440108,0.003175,-0.01052387));
#2128=CARTESIAN_POINT('',(-0.00042998,0.003175,-0.010537346));
#2129=CARTESIAN_POINT('',(-0.00042335,0.003175,-0.010546101));
#2130=CARTESIAN_POINT('',(-0.000421106,0.003175,-0.010549052));
#2131=CARTESIAN_POINT('',(-0.000400101,0.003175,-0.010576344));
#2132=CARTESIAN_POINT('',(-0.000374402,0.003175,-0.010608251));
#2133=CARTESIAN_POINT('',(-0.000343556,0.003175,-0.010643998));
#2134=CARTESIAN_POINT('',(-0.000330151,0.003175,-0.010659002));
#2135=CARTESIAN_POINT('',(-0.000321173,0.003175,-0.010668934));
#2136=CARTESIAN_POINT('',(-0.000317481,0.003175,-0.010672982));
#2137=CARTESIAN_POINT('',(-0.00030144,0.003175,-0.010690318));
#2138=CARTESIAN_POINT('',(-0.000290853,0.003175,-0.010701342));
#2139=CARTESIAN_POINT('',(-0.000269893,0.003175,-0.01072232));
#2140=CARTESIAN_POINT('',(-0.000260913,0.003175,-0.010730997));
#2141=CARTESIAN_POINT('',(-0.000225938,0.003175,-0.010763092));
#2142=CARTESIAN_POINT('',(-0.000203375,0.003175,-0.010781317));
#2143=CARTESIAN_POINT('',(-0.000122445,0.003175,-0.010837182));
#2144=CARTESIAN_POINT('',(-0.000064103,0.003175,-0.010862338));
#2145=CARTESIAN_POINT('',(-0.,0.003175,-0.010862338));
#2146=B_SPLINE_CURVE_WITH_KNOTS('',3,(#2124,#2125,#2126,#2127,#2128,#2129,#2130,#2131,#2132,#2133,#2134,#2135,#2136,#2137,#2138,#2139,#2140,#2141,#2142,#2143,#2144,#2145),.UNSPECIFIED.,.F.,.F.,(4,1,1,2,2,1,1,2,2,2,2,2,4),(0.,0.125,0.1875,0.21875,0.25,0.375,0.4375,0.46875,0.5,0.5625,0.625,0.75,1.),.UNSPECIFIED.);
#2147=EDGE_CURVE('341768',#1801,#2052,#2146,.T.);
#2148=ORIENTED_EDGE('',*,*,#2147,.F.);
#2149=EDGE_LOOP('',(#2121,#2122,#2123,#2148));
#2150=FACE_BOUND('',#2149,.T.);
#2151=ADVANCED_FACE('341781',(#2150),#2120,.F.);
#2152=CARTESIAN_POINT('',(0.,0.003175,-0.015875));
#2153=DIRECTION('',(0.,-1.,-0.));
#2154=DIRECTION('',(0.,-0.,1.));
#2155=AXIS2_PLACEMENT_3D('',#2152,#2153,#2154);
#2156=PLANE('',#2155);
#2157=CARTESIAN_POINT('',(-0.,0.003175,-0.017011068));
#2158=VERTEX_POINT('',#2157);
#2159=CARTESIAN_POINT('',(0.011547149,0.003175,-0.018803034));
#2160=VERTEX_POINT('341696',#2159);
#2161=CARTESIAN_POINT('',(0.,0.003175,-0.055111068));
#2162=DIRECTION('',(0.,1.,0.));
#2163=DIRECTION('',(0.,-0.,1.));
#2164=AXIS2_PLACEMENT_3D('',#2161,#2162,#2163);
#2165=CIRCLE('',#2164,0.0381);
#2166=EDGE_CURVE('341677',#2158,#2160,#2165,.T.);
#2167=ORIENTED_EDGE('',*,*,#2166,.F.);
#2168=CARTESIAN_POINT('',(-0.011547149,0.003175,-0.018803034));
#2169=VERTEX_POINT('341678',#2168);
#2170=CARTESIAN_POINT('',(0.,0.003175,-0.055111068));
#2171=DIRECTION('',(0.,1.,0.));
#2172=DIRECTION('',(0.,-0.,1.));
#2173=AXIS2_PLACEMENT_3D('',#2170,#2171,#2172);
#2174=CIRCLE('',#2173,0.0381);
#2175=EDGE_CURVE('341677',#2169,#2158,#2174,.T.);
#2176=ORIENTED_EDGE('',*,*,#2175,.F.);
#2177=CARTESIAN_POINT('',(-0.002736196,0.003175,-0.004280895));
#2178=VERTEX_POINT('341680',#2177);
#2179=CARTESIAN_POINT('',(0.,0.003175,-0.015875));
#2180=DIRECTION('',(0.,1.,0.));
#2181=DIRECTION('',(0.,-0.,1.));
#2182=AXIS2_PLACEMENT_3D('',#2179,#2180,#2181);
#2183=CIRCLE('',#2182,0.0119126);
#2184=EDGE_CURVE('341720',#2169,#2178,#2183,.T.);
#2185=ORIENTED_EDGE('',*,*,#2184,.T.);
#2186=CARTESIAN_POINT('',(-0.002736196,0.003175,-0.004280895));
#2187=CARTESIAN_POINT('',(-0.002704778,0.003175,-0.004756217));
#2188=CARTESIAN_POINT('',(-0.002624464,0.003175,-0.005212129));
#2189=B_SPLINE_CURVE_WITH_KNOTS('',2,(#2186,#2187,#2188),.UNSPECIFIED.,.F.,.F.,(3,3),(0.,1.),.UNSPECIFIED.);
#2190=EDGE_CURVE('341728',#2178,#1809,#2189,.T.);
#2191=ORIENTED_EDGE('',*,*,#2190,.T.);
#2192=ORIENTED_EDGE('',*,*,#1823,.T.);
#2193=ORIENTED_EDGE('',*,*,#2147,.T.);
#2194=ORIENTED_EDGE('',*,*,#2091,.T.);
#2195=ORIENTED_EDGE('',*,*,#2021,.T.);
#2196=CARTESIAN_POINT('',(0.002736196,0.003175,-0.004280895));
#2197=VERTEX_POINT('341597',#2196);
#2198=CARTESIAN_POINT('',(0.002624464,0.003175,-0.005212129));
#2199=CARTESIAN_POINT('',(0.002704778,0.003175,-0.004756217));
#2200=CARTESIAN_POINT('',(0.002736196,0.003175,-0.004280895));
#2201=B_SPLINE_CURVE_WITH_KNOTS('',2,(#2198,#2199,#2200),.UNSPECIFIED.,.F.,.F.,(3,3),(0.,1.),.UNSPECIFIED.);
#2202=EDGE_CURVE('341703',#2000,#2197,#2201,.T.);
#2203=ORIENTED_EDGE('',*,*,#2202,.T.);
#2204=CARTESIAN_POINT('',(0.,0.003175,-0.015875));
#2205=DIRECTION('',(0.,1.,0.));
#2206=DIRECTION('',(0.,-0.,1.));
#2207=AXIS2_PLACEMENT_3D('',#2204,#2205,#2206);
#2208=CIRCLE('',#2207,0.0119126);
#2209=EDGE_CURVE('341702',#2197,#2160,#2208,.T.);
#2210=ORIENTED_EDGE('',*,*,#2209,.T.);
#2211=EDGE_LOOP('',(#2167,#2176,#2185,#2191,#2192,#2193,#2194,#2195,#2203,#2210));
#2212=FACE_BOUND('',#2211,.T.);
#2213=ADVANCED_FACE('341740',(#2212),#2156,.F.);
#2214=CARTESIAN_POINT('',(-0.00235792,0.002756011,-0.004255892));
#2215=CARTESIAN_POINT('',(-0.002316025,0.003175,-0.004253122));
#2216=CARTESIAN_POINT('',(-0.002736196,0.003175,-0.004280895));
#2217=CARTESIAN_POINT('',(-0.002339924,0.002735953,-0.004558619));
#2218=CARTESIAN_POINT('',(-0.002272508,0.003175,-0.00456178));
#2219=CARTESIAN_POINT('',(-0.002715313,0.003175,-0.004596825));
#2220=CARTESIAN_POINT('',(-0.002307636,0.002716127,-0.004857852));
#2221=CARTESIAN_POINT('',(-0.002211492,0.003175,-0.004855302));
#2222=CARTESIAN_POINT('',(-0.002677845,0.003175,-0.004909106));
#2223=CARTESIAN_POINT('',(-0.002261635,0.002696888,-0.005148212));
#2224=CARTESIAN_POINT('',(-0.002137519,0.003175,-0.005126348));
#2225=CARTESIAN_POINT('',(-0.002624464,0.003175,-0.005212129));
#2226=(BOUNDED_SURFACE()
B_SPLINE_SURFACE(3,2,((#2214,#2215,#2216),(#2217,#2218,#2219),(#2220,#2221,#2222),(#2223,#2224,#2225)),.UNSPECIFIED.,.F.,.F.,.U.)
B_SPLINE_SURFACE_WITH_KNOTS((4,4),(3,3),(4.832041574,5.022474942),(0.,1.),.UNSPECIFIED.)
GEOMETRIC_REPRESENTATION_ITEM()
RATIONAL_B_SPLINE_SURFACE(((1.,0.670928926,1.),(1.,0.651313637,1.),(1.,0.631057033,1.),(1.,0.610374041,1.)))
REPRESENTATION_ITEM('')
SURFACE()
);
#2227=CARTESIAN_POINT('',(-0.002736196,0.002794,-0.004280895));
#2228=DIRECTION('',(0.065954241,0.,-0.997822649));
#2229=DIRECTION('',(0.997822649,0.,0.065954241));
#2230=AXIS2_PLACEMENT_3D('',#2227,#2228,#2229);
#2231=CIRCLE('',#2230,0.000381);
#2232=EDGE_CURVE('341636',#2178,#1850,#2231,.T.);
#2233=ORIENTED_EDGE('',*,*,#2232,.T.);
#2234=ORIENTED_EDGE('',*,*,#1856,.F.);
#2235=ORIENTED_EDGE('',*,*,#1830,.F.);
#2236=ORIENTED_EDGE('',*,*,#2190,.F.);
#2237=EDGE_LOOP('',(#2233,#2234,#2235,#2236));
#2238=FACE_BOUND('',#2237,.T.);
#2239=ADVANCED_FACE('341665',(#2238),#2226,.T.);
#2240=CARTESIAN_POINT('',(0.,0.01905,-0.015875));
#2241=DIRECTION('',(0.,-1.,-0.));
#2242=DIRECTION('',(0.,-0.,1.));
#2243=AXIS2_PLACEMENT_3D('',#2240,#2241,#2242);
#2244=CYLINDRICAL_SURFACE('',#2243,0.0127);
#2245=CARTESIAN_POINT('',(0.,0.0182626,-0.003175));
#2246=VERTEX_POINT('341076',#2245);
#2247=CARTESIAN_POINT('',(0.,0.000284913,-0.003175));
#2248=DIRECTION('',(-0.,1.,0.));
#2249=VECTOR('',#2248,0.017977687);
#2250=LINE('',#2247,#2249);
#2251=EDGE_CURVE('',#1841,#2246,#2250,.T.);
#2252=ORIENTED_EDGE('',*,*,#2251,.F.);
#2253=ORIENTED_EDGE('',*,*,#1923,.T.);
#2254=CARTESIAN_POINT('',(-0.002602461,0.0039624,-0.003444506));
#2255=VERTEX_POINT('341096',#2254);
#2256=CARTESIAN_POINT('',(-0.002370966,0.003144671,-0.003398281));
#2257=CARTESIAN_POINT('',(-0.002364946,0.003270475,-0.003397137));
#2258=CARTESIAN_POINT('',(-0.002388365,0.003410869,-0.003401484));
#2259=CARTESIAN_POINT('',(-0.002441126,0.003565853,-0.003411818));
#2260=CARTESIAN_POINT('',(-0.002441951,0.003568275,-0.00341198));
#2261=CARTESIAN_POINT('',(-0.002442299,0.003569288,-0.003412048));
#2262=CARTESIAN_POINT('',(-0.002442896,0.003571024,-0.003412165));
#2263=CARTESIAN_POINT('',(-0.002443493,0.003572759,-0.003412282));
#2264=CARTESIAN_POINT('',(-0.002444097,0.003574505,-0.0034124));
#2265=CARTESIAN_POINT('',(-0.002444708,0.003576263,-0.00341252));
#2266=CARTESIAN_POINT('',(-0.00244593,0.003579779,-0.00341276));
#2267=CARTESIAN_POINT('',(-0.002447181,0.003583341,-0.003413006));
#2268=CARTESIAN_POINT('',(-0.00244846,0.003586949,-0.003413257));
#2269=CARTESIAN_POINT('',(-0.002451018,0.003594166,-0.003413759));
#2270=CARTESIAN_POINT('',(-0.002453689,0.003601566,-0.003414285));
#2271=CARTESIAN_POINT('',(-0.002456474,0.00360915,-0.003414834));
#2272=CARTESIAN_POINT('',(-0.002462043,0.003624319,-0.003415932));
#2273=CARTESIAN_POINT('',(-0.002468065,0.003640223,-0.003417123));
#2274=CARTESIAN_POINT('',(-0.002474539,0.003656864,-0.003418409));
#2275=CARTESIAN_POINT('',(-0.002487488,0.003690145,-0.003420982));
#2276=CARTESIAN_POINT('',(-0.002502248,0.003726371,-0.003423934));
#2277=CARTESIAN_POINT('',(-0.002518814,0.003765542,-0.003427286));
#2278=CARTESIAN_POINT('',(-0.002520885,0.003770438,-0.003427705));
#2279=CARTESIAN_POINT('',(-0.002522302,0.003773787,-0.003427992));
#2280=CARTESIAN_POINT('',(-0.002524046,0.003777908,-0.003428346));
#2281=CARTESIAN_POINT('',(-0.002525789,0.003782028,-0.0034287));
#2282=CARTESIAN_POINT('',(-0.002527533,0.003786147,-0.003429054));
#2283=CARTESIAN_POINT('',(-0.002529276,0.003790265,-0.003429408));
#2284=CARTESIAN_POINT('',(-0.002532764,0.0037985,-0.003430117));
#2285=CARTESIAN_POINT('',(-0.00253625,0.00380673,-0.003430827));
#2286=CARTESIAN_POINT('',(-0.002539737,0.003814955,-0.003431538));
#2287=CARTESIAN_POINT('',(-0.00254671,0.003831404,-0.003432962));
#2288=CARTESIAN_POINT('',(-0.002553682,0.003847831,-0.003434391));
#2289=CARTESIAN_POINT('',(-0.002560652,0.003864236,-0.003435826));
#2290=CARTESIAN_POINT('',(-0.002574593,0.003897045,-0.003438695));
#2291=CARTESIAN_POINT('',(-0.00258853,0.003929767,-0.003441589));
#2292=CARTESIAN_POINT('',(-0.002602461,0.0039624,-0.003444505));
#2293=B_SPLINE_CURVE_WITH_KNOTS('',3,(#2256,#2257,#2258,#2259,#2260,#2261,#2262,#2263,#2264,#2265,#2266,#2267,#2268,#2269,#2270,#2271,#2272,#2273,#2274,#2275,#2276,#2277,#2278,#2279,#2280,#2281,
#2282,#2283,#2284,#2285,#2286,#2287,#2288,#2289,#2290,#2291,#2292),.UNSPECIFIED.,.F.,.F.,(4,3,3,3,3,3,3,3,3,3,3,3,4),(0.,0.5,0.5078125,0.515625,0.53125,0.5625,0.625,0.75,0.765625,0.78125,0.8125,0.875,1.),.UNSPECIFIED.);
#2294=EDGE_CURVE('341157',#1859,#2255,#2293,.T.);
#2295=ORIENTED_EDGE('',*,*,#2294,.T.);
#2296=CARTESIAN_POINT('',(-0.012296722,0.0039624,-0.01905));
#2297=VERTEX_POINT('341098',#2296);
#2298=CARTESIAN_POINT('',(0.,0.0039624,-0.015875));
#2299=DIRECTION('',(0.,-1.,-0.));
#2300=DIRECTION('',(0.,-0.,1.));
#2301=AXIS2_PLACEMENT_3D('',#2298,#2299,#2300);
#2302=CIRCLE('',#2301,0.0127);
#2303=EDGE_CURVE('341108',#2255,#2297,#2302,.T.);
#2304=ORIENTED_EDGE('',*,*,#2303,.T.);
#2305=CARTESIAN_POINT('',(-0.012296722,0.0143002,-0.01905));
#2306=VERTEX_POINT('341100',#2305);
#2307=CARTESIAN_POINT('',(-0.012296722,0.0143002,-0.01905));
#2308=DIRECTION('',(0.,-1.,-0.));
#2309=VECTOR('',#2308,0.0103378);
#2310=LINE('',#2307,#2309);
#2311=EDGE_CURVE('341107',#2306,#2297,#2310,.T.);
#2312=ORIENTED_EDGE('',*,*,#2311,.F.);
#2313=CARTESIAN_POINT('',(-0.011495864,0.0166624,-0.021272695));
#2314=VERTEX_POINT('341078',#2313);
#2315=CARTESIAN_POINT('',(-0.012296722,0.0143002,-0.01905));
#2316=CARTESIAN_POINT('',(-0.012296687,0.014613851,-0.019050135));
#2317=CARTESIAN_POINT('',(-0.012282055,0.014915389,-0.019108507));
#2318=CARTESIAN_POINT('',(-0.012250354,0.015204816,-0.01922445));
#2319=CARTESIAN_POINT('',(-0.012218654,0.015494243,-0.019340394));
#2320=CARTESIAN_POINT('',(-0.012172261,0.015749297,-0.019504763));
#2321=CARTESIAN_POINT('',(-0.012105228,0.015970823,-0.019716021));
#2322=CARTESIAN_POINT('',(-0.012038195,0.01619235,-0.01992728));
#2323=CARTESIAN_POINT('',(-0.011955598,0.016362771,-0.020168869));
#2324=CARTESIAN_POINT('',(-0.011851684,0.016482508,-0.020438725));
#2325=CARTESIAN_POINT('',(-0.01174777,0.016602246,-0.020708582));
#2326=CARTESIAN_POINT('',(-0.01162973,0.0166624,-0.020987591));
#2327=CARTESIAN_POINT('',(-0.011495864,0.0166624,-0.021272695));
#2328=B_SPLINE_CURVE_WITH_KNOTS('',3,(#2315,#2316,#2317,#2318,#2319,#2320,#2321,#2322,#2323,#2324,#2325,#2326,#2327),.UNSPECIFIED.,.F.,.F.,(4,3,3,3,4),(0.,0.25,0.5,0.75,1.),.UNSPECIFIED.);
#2329=EDGE_CURVE('341102',#2306,#2314,#2328,.T.);
#2330=ORIENTED_EDGE('',*,*,#2329,.T.);
#2331=CARTESIAN_POINT('',(0.011495864,0.0166624,-0.021272695));
#2332=VERTEX_POINT('341080',#2331);
#2333=CARTESIAN_POINT('',(0.,0.0166624,-0.015875));
#2334=DIRECTION('',(0.,1.,0.));
#2335=DIRECTION('',(0.,0.,-1.));
#2336=AXIS2_PLACEMENT_3D('',#2333,#2334,#2335);
#2337=CIRCLE('',#2336,0.0127);
#2338=EDGE_CURVE('341121',#2332,#2314,#2337,.T.);
#2339=ORIENTED_EDGE('',*,*,#2338,.F.);
#2340=CARTESIAN_POINT('',(0.012296722,0.0143002,-0.01905));
#2341=VERTEX_POINT('341084',#2340);
#2342=CARTESIAN_POINT('',(0.011495864,0.0166624,-0.021272695));
#2343=CARTESIAN_POINT('',(0.011629391,0.0166624,-0.020988314));
#2344=CARTESIAN_POINT('',(0.011747048,0.0166027,-0.020710335));
#2345=CARTESIAN_POINT('',(0.011850995,0.016483301,-0.020440513));
#2346=CARTESIAN_POINT('',(0.011954942,0.016363901,-0.020170692));
#2347=CARTESIAN_POINT('',(0.012037751,0.016193404,-0.019928613));
#2348=CARTESIAN_POINT('',(0.012104878,0.01597198,-0.019717125));
#2349=CARTESIAN_POINT('',(0.012172005,0.015750556,-0.019505638));
#2350=CARTESIAN_POINT('',(0.012218393,0.015495757,-0.019341317));
#2351=CARTESIAN_POINT('',(0.012250145,0.015206727,-0.019225217));
#2352=CARTESIAN_POINT('',(0.012281897,0.014917696,-0.019109116));
#2353=CARTESIAN_POINT('',(0.012296688,0.014614641,-0.019050134));
#2354=CARTESIAN_POINT('',(0.012296722,0.0143002,-0.01905));
#2355=B_SPLINE_CURVE_WITH_KNOTS('',3,(#2342,#2343,#2344,#2345,#2346,#2347,#2348,#2349,#2350,#2351,#2352,#2353,#2354),.UNSPECIFIED.,.F.,.F.,(4,3,3,3,4),(0.,0.25,0.5,0.75,1.),.UNSPECIFIED.);
#2356=EDGE_CURVE('341148',#2332,#2341,#2355,.T.);
#2357=ORIENTED_EDGE('',*,*,#2356,.T.);
#2358=CARTESIAN_POINT('',(0.012296722,0.0039624,-0.01905));
#2359=VERTEX_POINT('341086',#2358);
#2360=CARTESIAN_POINT('',(0.012296722,0.0143002,-0.01905));
#2361=DIRECTION('',(0.,-1.,-0.));
#2362=VECTOR('',#2361,0.0103378);
#2363=LINE('',#2360,#2362);
#2364=EDGE_CURVE('341118',#2341,#2359,#2363,.T.);
#2365=ORIENTED_EDGE('',*,*,#2364,.T.);
#2366=CARTESIAN_POINT('',(0.002602461,0.0039624,-0.003444506));
#2367=VERTEX_POINT('341088',#2366);
#2368=CARTESIAN_POINT('',(0.,0.0039624,-0.015875));
#2369=DIRECTION('',(0.,-1.,-0.));
#2370=DIRECTION('',(0.,-0.,1.));
#2371=AXIS2_PLACEMENT_3D('',#2368,#2369,#2370);
#2372=CIRCLE('',#2371,0.0127);
#2373=EDGE_CURVE('341115',#2359,#2367,#2372,.T.);
#2374=ORIENTED_EDGE('',*,*,#2373,.T.);
#2375=CARTESIAN_POINT('',(0.002370967,0.003144674,-0.003398285));
#2376=VERTEX_POINT('341876',#2375);
#2377=CARTESIAN_POINT('',(0.002602461,0.0039624,-0.003444505));
#2378=CARTESIAN_POINT('',(0.002574576,0.00389451,-0.003438667));
#2379=CARTESIAN_POINT('',(0.002546671,0.003828835,-0.003432923));
#2380=CARTESIAN_POINT('',(0.002518746,0.003765375,-0.003427273));
#2381=CARTESIAN_POINT('',(0.002504783,0.003733645,-0.003424447));
#2382=CARTESIAN_POINT('',(0.002490891,0.003700149,-0.003421662));
#2383=CARTESIAN_POINT('',(0.002477953,0.003666893,-0.003419088));
#2384=CARTESIAN_POINT('',(0.002465016,0.003633638,-0.003416514));
#2385=CARTESIAN_POINT('',(0.002452738,0.003599955,-0.003414093));
#2386=CARTESIAN_POINT('',(0.002441123,0.003565844,-0.003411818));
#2387=CARTESIAN_POINT('',(0.002438219,0.003557316,-0.003411249));
#2388=CARTESIAN_POINT('',(0.002434643,0.003546533,-0.00341055));
#2389=CARTESIAN_POINT('',(0.002431574,0.003536962,-0.003409951));
#2390=CARTESIAN_POINT('',(0.002428506,0.003527392,-0.003409352));
#2391=CARTESIAN_POINT('',(0.002425552,0.003517879,-0.003408777));
#2392=CARTESIAN_POINT('',(0.002422713,0.003508422,-0.003408226));
#2393=CARTESIAN_POINT('',(0.002417034,0.003489509,-0.003407122));
#2394=CARTESIAN_POINT('',(0.002411814,0.003470823,-0.003406112));
#2395=CARTESIAN_POINT('',(0.002407054,0.003452364,-0.003405193));
#2396=CARTESIAN_POINT('',(0.002397532,0.003415448,-0.003403355));
#2397=CARTESIAN_POINT('',(0.002389846,0.00337944,-0.003401882));
#2398=CARTESIAN_POINT('',(0.002383997,0.003344342,-0.003400764));
#2399=CARTESIAN_POINT('',(0.0023723,0.003274147,-0.003398529));
#2400=CARTESIAN_POINT('',(0.002367955,0.00320759,-0.003397709));
#2401=CARTESIAN_POINT('',(0.002370966,0.003144671,-0.003398281));
#2402=B_SPLINE_CURVE_WITH_KNOTS('',3,(#2377,#2378,#2379,#2380,#2381,#2382,#2383,#2384,#2385,#2386,#2387,#2388,#2389,#2390,#2391,#2392,#2393,#2394,#2395,#2396,#2397,#2398,#2399,#2400,#2401),.UNSPECIFIED.,.F.,.F.,(4,3,3,3,3,3,3,3,4),(0.,0.25,0.375,0.5,0.53125,0.5625,0.625,0.75,1.),.UNSPECIFIED.);
#2403=EDGE_CURVE('341154',#2367,#2376,#2402,.T.);
#2404=ORIENTED_EDGE('',*,*,#2403,.T.);
#2405=CARTESIAN_POINT('',(0.002370966,0.003144671,-0.003398281));
#2406=CARTESIAN_POINT('',(0.002388108,0.002786436,-0.003401538));
#2407=CARTESIAN_POINT('',(0.002350547,0.002442839,-0.003394064));
#2408=CARTESIAN_POINT('',(0.002258008,0.002113878,-0.003377344));
#2409=CARTESIAN_POINT('',(0.002252224,0.002093318,-0.003376299));
#2410=CARTESIAN_POINT('',(0.002245556,0.002070534,-0.003375099));
#2411=CARTESIAN_POINT('',(0.002239007,0.002049089,-0.003373926));
#2412=CARTESIAN_POINT('',(0.002232458,0.002027644,-0.003372753));
#2413=CARTESIAN_POINT('',(0.002225693,0.00200635,-0.003371547));
#2414=CARTESIAN_POINT('',(0.002218711,0.001985208,-0.003370308));
#2415=CARTESIAN_POINT('',(0.002204749,0.001942924,-0.003367831));
#2416=CARTESIAN_POINT('',(0.002189922,0.001901245,-0.003365224));
#2417=CARTESIAN_POINT('',(0.00217423,0.001860172,-0.003362497));
#2418=CARTESIAN_POINT('',(0.002142845,0.001778026,-0.003357044));
#2419=CARTESIAN_POINT('',(0.002107998,0.001698302,-0.003351109));
#2420=CARTESIAN_POINT('',(0.002069674,0.001621001,-0.003344779));
#2421=CARTESIAN_POINT('',(0.001993027,0.001466398,-0.003332118));
#2422=CARTESIAN_POINT('',(0.001902476,0.001321485,-0.003317861));
#2423=CARTESIAN_POINT('',(0.001797903,0.001186261,-0.003302906));
#2424=CARTESIAN_POINT('',(0.001784832,0.001169357,-0.003301037));
#2425=CARTESIAN_POINT('',(0.00177037,0.00115113,-0.003298992));
#2426=CARTESIAN_POINT('',(0.00175634,0.001133935,-0.003297032));
#2427=CARTESIAN_POINT('',(0.001742311,0.001116739,-0.003295073));
#2428=CARTESIAN_POINT('',(0.001728105,0.001099789,-0.003293114));
#2429=CARTESIAN_POINT('',(0.001713724,0.001083086,-0.003291155));
#2430=CARTESIAN_POINT('',(0.001684961,0.001049679,-0.003287238));
#2431=CARTESIAN_POINT('',(0.001655495,0.001017258,-0.003283326));
#2432=CARTESIAN_POINT('',(0.001625325,0.000985821,-0.003279433));
#2433=CARTESIAN_POINT('',(0.001564985,0.000922947,-0.003271646));
#2434=CARTESIAN_POINT('',(0.001501827,0.000864013,-0.003263936));
#2435=CARTESIAN_POINT('',(0.001435843,0.000809018,-0.003256428));
#2436=CARTESIAN_POINT('',(0.001303875,0.000699028,-0.003241412));
#2437=CARTESIAN_POINT('',(0.0011606,0.000604796,-0.003227191));
#2438=CARTESIAN_POINT('',(0.001005991,0.000526321,-0.003214906));
#2439=CARTESIAN_POINT('',(0.000967339,0.000506703,-0.003211835));
#2440=CARTESIAN_POINT('',(0.000926433,0.000487344,-0.003208771));
#2441=CARTESIAN_POINT('',(0.000886221,0.000469741,-0.003205959));
#2442=CARTESIAN_POINT('',(0.000846009,0.000452138,-0.003203146));
#2443=CARTESIAN_POINT('',(0.00080551,0.000435793,-0.003200505));
#2444=CARTESIAN_POINT('',(0.000764724,0.000420705,-0.003198045));
#2445=CARTESIAN_POINT('',(0.000683152,0.000390529,-0.003193124));
#2446=CARTESIAN_POINT('',(0.000600435,0.000365382,-0.003188924));
#2447=CARTESIAN_POINT('',(0.000516584,0.000345265,-0.003185511));
#2448=CARTESIAN_POINT('',(0.000348881,0.00030503,-0.003178684));
#2449=CARTESIAN_POINT('',(0.000176643,0.000284913,-0.003175));
#2450=CARTESIAN_POINT('',(0.,0.000284913,-0.003175));
#2451=B_SPLINE_CURVE_WITH_KNOTS('',3,(#2405,#2406,#2407,#2408,#2409,#2410,#2411,#2412,#2413,#2414,#2415,#2416,#2417,#2418,#2419,#2420,#2421,#2422,#2423,#2424,#2425,#2426,#2427,#2428,#2429,#2430,
#2431,#2432,#2433,#2434,#2435,#2436,#2437,#2438,#2439,#2440,#2441,#2442,#2443,#2444,#2445,#2446,#2447,#2448,#2449,#2450),.UNSPECIFIED.,.F.,.F.,(4,3,3,3,3,3,3,3,3,3,3,3,3,3,3,4),(0.,0.25,0.265625,0.28125,0.3125,0.375,0.5,0.515625,0.53125,0.5625,0.625,0.75,0.78125,0.8125,0.875,1.),.UNSPECIFIED.);
#2452=EDGE_CURVE('341924',#2376,#1841,#2451,.T.);
#2453=ORIENTED_EDGE('',*,*,#2452,.T.);
#2454=ORIENTED_EDGE('',*,*,#2251,.T.);
#2455=CARTESIAN_POINT('',(0.,0.0182626,-0.015875));
#2456=DIRECTION('',(0.,1.,0.));
#2457=DIRECTION('',(0.,-0.,1.));
#2458=AXIS2_PLACEMENT_3D('',#2455,#2456,#2457);
#2459=CIRCLE('',#2458,0.0127);
#2460=EDGE_CURVE('341075',#2246,#2246,#2459,.T.);
#2461=ORIENTED_EDGE('',*,*,#2460,.T.);
#2462=EDGE_LOOP('',(#2252,#2253,#2295,#2304,#2312,#2330,#2339,#2357,#2365,#2374,#2404,#2453,#2454,#2461));
#2463=FACE_BOUND('',#2462,.T.);
#2464=ADVANCED_FACE('341162',(#2463),#2244,.F.);
#2465=CARTESIAN_POINT('',(0.00235792,0.002756011,-0.004255892));
#2466=CARTESIAN_POINT('',(0.002316025,0.003175,-0.004253122));
#2467=CARTESIAN_POINT('',(0.002736196,0.003175,-0.004280895));
#2468=CARTESIAN_POINT('',(0.002366804,0.002765913,-0.00410644));
#2469=CARTESIAN_POINT('',(0.002333692,0.003166072,-0.004162636));
#2470=CARTESIAN_POINT('',(0.002734958,0.003175,-0.004173824));
#2471=CARTESIAN_POINT('',(0.002369805,0.002803522,-0.003954891));
#2472=CARTESIAN_POINT('',(0.002345457,0.00317453,-0.004056083));
#2473=CARTESIAN_POINT('',(0.002727348,0.003195658,-0.004066321));
#2474=CARTESIAN_POINT('',(0.002372716,0.002928497,-0.003669493));
#2475=CARTESIAN_POINT('',(0.002356781,0.003239636,-0.003849252));
#2476=CARTESIAN_POINT('',(0.002710854,0.003275137,-0.003866581));
#2477=CARTESIAN_POINT('',(0.002372723,0.003015806,-0.003536305));
#2478=CARTESIAN_POINT('',(0.002357146,0.003295282,-0.003748011));
#2479=CARTESIAN_POINT('',(0.002702101,0.00333395,-0.003774844));
#2480=CARTESIAN_POINT('',(0.002369887,0.003226917,-0.003309184));
#2481=CARTESIAN_POINT('',(0.002348285,0.003438412,-0.003580251));
#2482=CARTESIAN_POINT('',(0.002684618,0.003480869,-0.003621468));
#2483=CARTESIAN_POINT('',(0.002366864,0.003352081,-0.003214333));
#2484=CARTESIAN_POINT('',(0.002338826,0.003527262,-0.003511174));
#2485=CARTESIAN_POINT('',(0.002675616,0.003569951,-0.003559215));
#2486=CARTESIAN_POINT('',(0.002349487,0.003614214,-0.003080139));
#2487=CARTESIAN_POINT('',(0.002309076,0.003708827,-0.00341589));
#2488=CARTESIAN_POINT('',(0.002648797,0.003759718,-0.00347456));
#2489=CARTESIAN_POINT('',(0.002334794,0.003753846,-0.003038207));
#2490=CARTESIAN_POINT('',(0.00228843,0.003803627,-0.003386895));
#2491=CARTESIAN_POINT('',(0.002630462,0.003862225,-0.003450404));
#2492=CARTESIAN_POINT('',(0.002309953,0.003888486,-0.003022941));
#2493=CARTESIAN_POINT('',(0.002262916,0.003893615,-0.003373417));
#2494=CARTESIAN_POINT('',(0.002602461,0.0039624,-0.003444507));
#2495=(BOUNDED_SURFACE()
B_SPLINE_SURFACE(3,2,((#2465,#2466,#2467),(#2468,#2469,#2470),(#2471,#2472,#2473),(#2474,#2475,#2476),(#2477,#2478,#2479),(#2480,#2481,#2482),(#2483,#2484,#2485),(#2486,#2487,#2488),(#2489,#2490,#2491),(#2492,#2493,#2494)),.UNSPECIFIED.,.F.,.F.,.U.)
B_SPLINE_SURFACE_WITH_KNOTS((4,2,2,2,4),(3,3),(0.,0.000466453,0.000932905,0.001399358,0.001854654),(0.,1.),.UNSPECIFIED.)
GEOMETRIC_REPRESENTATION_ITEM()
RATIONAL_B_SPLINE_SURFACE(((1.,0.670928926,1.),(1.,0.688820114,1.),(1.,0.705684066,1.),(1.,0.730487201,1.),(1.,0.738283314,1.),(1.,0.744715274,1.),(1.,0.74341433,1.),(1.,0.737972211,1.),(1.,0.734013826,1.),(1.,0.732914608,1.)))
REPRESENTATION_ITEM('')
SURFACE()
);
#2496=ORIENTED_EDGE('',*,*,#2403,.F.);
#2497=CARTESIAN_POINT('',(0.002736196,0.003175,-0.004280895));
#2498=CARTESIAN_POINT('',(0.002735489,0.003175,-0.004219795));
#2499=CARTESIAN_POINT('',(0.00273181,0.00317884,-0.004110475));
#2500=CARTESIAN_POINT('',(0.002719367,0.003234122,-0.003969676));
#2501=CARTESIAN_POINT('',(0.002718978,0.003235849,-0.003965276));
#2502=CARTESIAN_POINT('',(0.002718827,0.003236541,-0.003963568));
#2503=CARTESIAN_POINT('',(0.002718558,0.003237777,-0.003960524));
#2504=CARTESIAN_POINT('',(0.002718289,0.003239014,-0.003957479));
#2505=CARTESIAN_POINT('',(0.00271802,0.003240268,-0.003954441));
#2506=CARTESIAN_POINT('',(0.002717752,0.003241541,-0.00395141));
#2507=CARTESIAN_POINT('',(0.002717216,0.003244086,-0.003945347));
#2508=CARTESIAN_POINT('',(0.002716682,0.003246704,-0.003939311));
#2509=CARTESIAN_POINT('',(0.00271615,0.003249394,-0.003933303));
#2510=CARTESIAN_POINT('',(0.002715085,0.003254773,-0.003921288));
#2511=CARTESIAN_POINT('',(0.002714027,0.00326044,-0.003909387));
#2512=CARTESIAN_POINT('',(0.002712972,0.003266391,-0.003897613));
#2513=CARTESIAN_POINT('',(0.002710863,0.003278293,-0.003874067));
#2514=CARTESIAN_POINT('',(0.00270877,0.003291332,-0.003851035));
#2515=CARTESIAN_POINT('',(0.002706673,0.003305472,-0.003828632));
#2516=CARTESIAN_POINT('',(0.002702477,0.003333752,-0.003783827));
#2517=CARTESIAN_POINT('',(0.002698262,0.003366445,-0.003741545));
#2518=CARTESIAN_POINT('',(0.002693874,0.003403099,-0.00370269));
#2519=CARTESIAN_POINT('',(0.002693325,0.003407681,-0.003697833));
#2520=CARTESIAN_POINT('',(0.002693203,0.003408755,-0.003696738));
#2521=CARTESIAN_POINT('',(0.002692851,0.003411788,-0.003693622));
#2522=CARTESIAN_POINT('',(0.0026925,0.003414821,-0.003690506));
#2523=CARTESIAN_POINT('',(0.002692137,0.003417992,-0.003687298));
#2524=CARTESIAN_POINT('',(0.002691762,0.003421307,-0.003684004));
#2525=CARTESIAN_POINT('',(0.002691011,0.003427936,-0.003677417));
#2526=CARTESIAN_POINT('',(0.00269021,0.003435138,-0.003670486));
#2527=CARTESIAN_POINT('',(0.002689345,0.003442957,-0.003663268));
#2528=CARTESIAN_POINT('',(0.002687615,0.003458595,-0.003648831));
#2529=CARTESIAN_POINT('',(0.002685633,0.0034767,-0.003633233));
#2530=CARTESIAN_POINT('',(0.002683262,0.003497626,-0.003617049));
#2531=CARTESIAN_POINT('',(0.002678522,0.003539478,-0.003584683));
#2532=CARTESIAN_POINT('',(0.00267227,0.003592755,-0.003549763));
#2533=CARTESIAN_POINT('',(0.002662955,0.003659502,-0.003519299));
#2534=CARTESIAN_POINT('',(0.002660626,0.003676189,-0.003511684));
#2535=CARTESIAN_POINT('',(0.00265859,0.003689921,-0.003505973));
#2536=CARTESIAN_POINT('',(0.002656291,0.003704744,-0.00350023));
#2537=CARTESIAN_POINT('',(0.002653992,0.003719566,-0.003494487));
#2538=CARTESIAN_POINT('',(0.00265162,0.003734111,-0.003489335));
#2539=CARTESIAN_POINT('',(0.002649191,0.00374833,-0.003484707));
#2540=CARTESIAN_POINT('',(0.002644334,0.003776768,-0.003475453));
#2541=CARTESIAN_POINT('',(0.00263925,0.003803895,-0.003468297));
#2542=CARTESIAN_POINT('',(0.002634058,0.003829433,-0.003462722));
#2543=CARTESIAN_POINT('',(0.002623675,0.003880507,-0.003451573));
#2544=CARTESIAN_POINT('',(0.00261288,0.003925147,-0.003446687));
#2545=CARTESIAN_POINT('',(0.002602461,0.0039624,-0.003444505));
#2546=B_SPLINE_CURVE_WITH_KNOTS('',3,(#2497,#2498,#2499,#2500,#2501,#2502,#2503,#2504,#2505,#2506,#2507,#2508,#2509,#2510,#2511,#2512,#2513,#2514,#2515,#2516,#2517,#2518,#2519,#2520,#2521,#2522,
#2523,#2524,#2525,#2526,#2527,#2528,#2529,#2530,#2531,#2532,#2533,#2534,#2535,#2536,#2537,#2538,#2539,#2540,#2541,#2542,#2543,#2544,#2545),.UNSPECIFIED.,.F.,.F.,(4,3,3,3,3,3,3,3,3,3,3,3,3,3,3,3,4),(0.,0.25,0.2578125,0.265625,0.28125,0.3125,0.375,0.5,0.515625,0.53125,0.5625,0.625,0.75,0.78125,0.8125,0.875,1.),.UNSPECIFIED.);
#2547=EDGE_CURVE('341621',#2197,#2367,#2546,.T.);
#2548=ORIENTED_EDGE('',*,*,#2547,.F.);
#2549=CARTESIAN_POINT('',(0.00235792,0.002756011,-0.004255892));
#2550=VERTEX_POINT('341878',#2549);
#2551=CARTESIAN_POINT('',(0.002736196,0.002794,-0.004280895));
#2552=DIRECTION('',(0.065954241,-0.,0.997822649));
#2553=DIRECTION('',(-0.997822649,0.,0.065954241));
#2554=AXIS2_PLACEMENT_3D('',#2551,#2552,#2553);
#2555=CIRCLE('',#2554,0.000381);
#2556=EDGE_CURVE('341619',#2197,#2550,#2555,.T.);
#2557=ORIENTED_EDGE('',*,*,#2556,.T.);
#2558=CARTESIAN_POINT('',(0.002370966,0.003144671,-0.003398281));
#2559=CARTESIAN_POINT('',(0.002372735,0.003031993,-0.003513648));
#2560=CARTESIAN_POINT('',(0.002372794,0.002941928,-0.003645289));
#2561=CARTESIAN_POINT('',(0.002371444,0.00287449,-0.003793213));
#2562=CARTESIAN_POINT('',(0.002371106,0.00285763,-0.003830194));
#2563=CARTESIAN_POINT('',(0.002370643,0.002841972,-0.00386878));
#2564=CARTESIAN_POINT('',(0.002370022,0.002828457,-0.0039069));
#2565=CARTESIAN_POINT('',(0.002369402,0.002814942,-0.003945019));
#2566=CARTESIAN_POINT('',(0.002368618,0.002803256,-0.003983362));
#2567=CARTESIAN_POINT('',(0.002367599,0.002793392,-0.004021925));
#2568=CARTESIAN_POINT('',(0.002365561,0.002773664,-0.00409905));
#2569=CARTESIAN_POINT('',(0.002362606,0.002761234,-0.004177059));
#2570=CARTESIAN_POINT('',(0.00235792,0.002756011,-0.004255892));
#2571=B_SPLINE_CURVE_WITH_KNOTS('',3,(#2558,#2559,#2560,#2561,#2562,#2563,#2564,#2565,#2566,#2567,#2568,#2569,#2570),.UNSPECIFIED.,.F.,.F.,(4,3,3,3,4),(0.,0.5,0.625,0.75,1.),.UNSPECIFIED.);
#2572=EDGE_CURVE('341914',#2376,#2550,#2571,.T.);
#2573=ORIENTED_EDGE('',*,*,#2572,.F.);
#2574=EDGE_LOOP('',(#2496,#2548,#2557,#2573));
#2575=FACE_BOUND('',#2574,.T.);
#2576=ADVANCED_FACE('341624',(#2575),#2495,.T.);
#2577=CARTESIAN_POINT('',(0.002261635,0.002696888,-0.005148212));
#2578=CARTESIAN_POINT('',(0.002137519,0.003175,-0.005126348));
#2579=CARTESIAN_POINT('',(0.002624464,0.003175,-0.005212129));
#2580=CARTESIAN_POINT('',(0.002307636,0.002716127,-0.004857852));
#2581=CARTESIAN_POINT('',(0.002211492,0.003175,-0.004855302));
#2582=CARTESIAN_POINT('',(0.002677845,0.003175,-0.004909106));
#2583=CARTESIAN_POINT('',(0.002339924,0.002735953,-0.004558619));
#2584=CARTESIAN_POINT('',(0.002272508,0.003175,-0.00456178));
#2585=CARTESIAN_POINT('',(0.002715313,0.003175,-0.004596825));
#2586=CARTESIAN_POINT('',(0.00235792,0.002756011,-0.004255892));
#2587=CARTESIAN_POINT('',(0.002316025,0.003175,-0.004253122));
#2588=CARTESIAN_POINT('',(0.002736196,0.003175,-0.004280895));
#2589=(BOUNDED_SURFACE()
B_SPLINE_SURFACE(3,2,((#2577,#2578,#2579),(#2580,#2581,#2582),(#2583,#2584,#2585),(#2586,#2587,#2588)),.UNSPECIFIED.,.F.,.F.,.U.)
B_SPLINE_SURFACE_WITH_KNOTS((4,4),(3,3),(1.260710365,1.451143733),(0.,1.),.UNSPECIFIED.)
GEOMETRIC_REPRESENTATION_ITEM()
RATIONAL_B_SPLINE_SURFACE(((1.,0.610374041,1.),(1.,0.631057033,1.),(1.,0.651313637,1.),(1.,0.670928926,1.)))
REPRESENTATION_ITEM('')
SURFACE()
);
#2590=ORIENTED_EDGE('',*,*,#2006,.T.);
#2591=CARTESIAN_POINT('',(0.00235792,0.002756011,-0.004255892));
#2592=CARTESIAN_POINT('',(0.002337306,0.002733035,-0.004602665));
#2593=CARTESIAN_POINT('',(0.002300942,0.002713327,-0.004900106));
#2594=CARTESIAN_POINT('',(0.002261635,0.002696888,-0.005148212));
#2595=B_SPLINE_CURVE_WITH_KNOTS('',3,(#2591,#2592,#2593,#2594),.UNSPECIFIED.,.F.,.F.,(4,4),(0.,1.),.UNSPECIFIED.);
#2596=EDGE_CURVE('341916',#2550,#1384,#2595,.T.);
#2597=ORIENTED_EDGE('',*,*,#2596,.F.);
#2598=ORIENTED_EDGE('',*,*,#2556,.F.);
#2599=ORIENTED_EDGE('',*,*,#2202,.F.);
#2600=EDGE_LOOP('',(#2590,#2597,#2598,#2599));
#2601=FACE_BOUND('',#2600,.T.);
#2602=ADVANCED_FACE('341582',(#2601),#2589,.T.);
#2603=CARTESIAN_POINT('',(-0.002736196,0.003175,-0.004280895));
#2604=CARTESIAN_POINT('',(-0.002316025,0.003175,-0.004253122));
#2605=CARTESIAN_POINT('',(-0.00235792,0.002756011,-0.004255892));
#2606=CARTESIAN_POINT('',(-0.002734958,0.003175,-0.004173824));
#2607=CARTESIAN_POINT('',(-0.002333692,0.003166072,-0.004162636));
#2608=CARTESIAN_POINT('',(-0.002366804,0.002765913,-0.00410644));
#2609=CARTESIAN_POINT('',(-0.002727348,0.003195658,-0.004066321));
#2610=CARTESIAN_POINT('',(-0.002345457,0.00317453,-0.004056083));
#2611=CARTESIAN_POINT('',(-0.002369805,0.002803522,-0.003954891));
#2612=CARTESIAN_POINT('',(-0.002710854,0.003275137,-0.003866581));
#2613=CARTESIAN_POINT('',(-0.002356781,0.003239636,-0.003849252));
#2614=CARTESIAN_POINT('',(-0.002372716,0.002928497,-0.003669493));
#2615=CARTESIAN_POINT('',(-0.002702101,0.00333395,-0.003774844));
#2616=CARTESIAN_POINT('',(-0.002357146,0.003295282,-0.003748011));
#2617=CARTESIAN_POINT('',(-0.002372723,0.003015806,-0.003536305));
#2618=CARTESIAN_POINT('',(-0.002684618,0.003480869,-0.003621468));
#2619=CARTESIAN_POINT('',(-0.002348285,0.003438412,-0.003580251));
#2620=CARTESIAN_POINT('',(-0.002369887,0.003226917,-0.003309184));
#2621=CARTESIAN_POINT('',(-0.002675616,0.003569951,-0.003559215));
#2622=CARTESIAN_POINT('',(-0.002338826,0.003527262,-0.003511174));
#2623=CARTESIAN_POINT('',(-0.002366864,0.003352081,-0.003214333));
#2624=CARTESIAN_POINT('',(-0.002648797,0.003759718,-0.00347456));
#2625=CARTESIAN_POINT('',(-0.002309076,0.003708827,-0.00341589));
#2626=CARTESIAN_POINT('',(-0.002349487,0.003614214,-0.003080139));
#2627=CARTESIAN_POINT('',(-0.002630462,0.003862225,-0.003450404));
#2628=CARTESIAN_POINT('',(-0.00228843,0.003803627,-0.003386895));
#2629=CARTESIAN_POINT('',(-0.002334794,0.003753846,-0.003038207));
#2630=CARTESIAN_POINT('',(-0.002602461,0.0039624,-0.003444507));
#2631=CARTESIAN_POINT('',(-0.002262916,0.003893615,-0.003373417));
#2632=CARTESIAN_POINT('',(-0.002309953,0.003888486,-0.003022941));
#2633=(BOUNDED_SURFACE()
B_SPLINE_SURFACE(3,2,((#2603,#2604,#2605),(#2606,#2607,#2608),(#2609,#2610,#2611),(#2612,#2613,#2614),(#2615,#2616,#2617),(#2618,#2619,#2620),(#2621,#2622,#2623),(#2624,#2625,#2626),(#2627,#2628,#2629),(#2630,#2631,#2632)),.UNSPECIFIED.,.F.,.F.,.U.)
B_SPLINE_SURFACE_WITH_KNOTS((4,2,2,2,4),(3,3),(0.,0.000466453,0.000932905,0.001399358,0.001854654),(0.,1.),.UNSPECIFIED.)
GEOMETRIC_REPRESENTATION_ITEM()
RATIONAL_B_SPLINE_SURFACE(((1.,0.670928926,1.),(1.,0.688820114,1.),(1.,0.705684066,1.),(1.,0.730487201,1.),(1.,0.738283314,1.),(1.,0.744715274,1.),(1.,0.74341433,1.),(1.,0.737972211,1.),(1.,0.734013826,1.),(1.,0.732914608,1.)))
REPRESENTATION_ITEM('')
SURFACE()
);
#2634=ORIENTED_EDGE('',*,*,#2294,.F.);
#2635=ORIENTED_EDGE('',*,*,#1874,.F.);
#2636=ORIENTED_EDGE('',*,*,#2232,.F.);
#2637=CARTESIAN_POINT('',(-0.002602461,0.0039624,-0.003444505));
#2638=CARTESIAN_POINT('',(-0.002623294,0.003887908,-0.003448867));
#2639=CARTESIAN_POINT('',(-0.002645849,0.003782069,-0.00346336));
#2640=CARTESIAN_POINT('',(-0.002662955,0.003659502,-0.003519299));
#2641=CARTESIAN_POINT('',(-0.002665093,0.003644181,-0.003526292));
#2642=CARTESIAN_POINT('',(-0.002667416,0.003626975,-0.003534818));
#2643=CARTESIAN_POINT('',(-0.002669383,0.003611938,-0.003542891));
#2644=CARTESIAN_POINT('',(-0.00267135,0.0035969,-0.003550964));
#2645=CARTESIAN_POINT('',(-0.002673151,0.003582675,-0.003559203));
#2646=CARTESIAN_POINT('',(-0.00267481,0.003569232,-0.003567492));
#2647=CARTESIAN_POINT('',(-0.00267813,0.003542346,-0.003584069));
#2648=CARTESIAN_POINT('',(-0.002680888,0.003518596,-0.003600834));
#2649=CARTESIAN_POINT('',(-0.002683259,0.003497669,-0.003617016));
#2650=CARTESIAN_POINT('',(-0.002688,0.003455815,-0.003649379));
#2651=CARTESIAN_POINT('',(-0.002691228,0.003425215,-0.003679246));
#2652=CARTESIAN_POINT('',(-0.002693874,0.003403099,-0.00370269));
#2653=CARTESIAN_POINT('',(-0.002694204,0.003400335,-0.00370562));
#2654=CARTESIAN_POINT('',(-0.002694851,0.003394983,-0.003711387));
#2655=CARTESIAN_POINT('',(-0.002695346,0.003390954,-0.00371585));
#2656=CARTESIAN_POINT('',(-0.00269584,0.003386925,-0.003720314));
#2657=CARTESIAN_POINT('',(-0.002696339,0.003382916,-0.003724853));
#2658=CARTESIAN_POINT('',(-0.002696841,0.00337893,-0.003729471));
#2659=CARTESIAN_POINT('',(-0.002697845,0.003370958,-0.003738705));
#2660=CARTESIAN_POINT('',(-0.002698863,0.003363078,-0.003748249));
#2661=CARTESIAN_POINT('',(-0.002699893,0.003355316,-0.003758107));
#2662=CARTESIAN_POINT('',(-0.002701954,0.003339791,-0.003777823));
#2663=CARTESIAN_POINT('',(-0.002704061,0.003324733,-0.003798796));
#2664=CARTESIAN_POINT('',(-0.002706202,0.003310355,-0.003821044));
#2665=CARTESIAN_POINT('',(-0.002710483,0.0032816,-0.00386554));
#2666=CARTESIAN_POINT('',(-0.002714886,0.003255553,-0.003915171));
#2667=CARTESIAN_POINT('',(-0.002719367,0.003234122,-0.003969676));
#2668=CARTESIAN_POINT('',(-0.002719647,0.003232782,-0.003973083));
#2669=CARTESIAN_POINT('',(-0.002720195,0.003230178,-0.003979852));
#2670=CARTESIAN_POINT('',(-0.002720591,0.003228314,-0.003984871));
#2671=CARTESIAN_POINT('',(-0.002720987,0.003226449,-0.003989891));
#2672=CARTESIAN_POINT('',(-0.002721372,0.003224656,-0.003994865));
#2673=CARTESIAN_POINT('',(-0.002721746,0.00322293,-0.003999791));
#2674=CARTESIAN_POINT('',(-0.002722493,0.003219478,-0.004009643));
#2675=CARTESIAN_POINT('',(-0.002723197,0.003216296,-0.004019302));
#2676=CARTESIAN_POINT('',(-0.002723862,0.003213359,-0.004028753));
#2677=CARTESIAN_POINT('',(-0.002725191,0.003207485,-0.004047656));
#2678=CARTESIAN_POINT('',(-0.002726364,0.003202589,-0.004065724));
#2679=CARTESIAN_POINT('',(-0.002727411,0.003198477,-0.004082861));
#2680=CARTESIAN_POINT('',(-0.002729504,0.003190253,-0.004117134));
#2681=CARTESIAN_POINT('',(-0.002731097,0.003185143,-0.004147661));
#2682=CARTESIAN_POINT('',(-0.002732343,0.00318179,-0.004174004));
#2683=CARTESIAN_POINT('',(-0.002734837,0.003175083,-0.004226688));
#2684=CARTESIAN_POINT('',(-0.002735984,0.003175,-0.004262548));
#2685=CARTESIAN_POINT('',(-0.002736196,0.003175,-0.004280895));
#2686=B_SPLINE_CURVE_WITH_KNOTS('',3,(#2637,#2638,#2639,#2640,#2641,#2642,#2643,#2644,#2645,#2646,#2647,#2648,#2649,#2650,#2651,#2652,#2653,#2654,#2655,#2656,#2657,#2658,#2659,#2660,#2661,#2662,
#2663,#2664,#2665,#2666,#2667,#2668,#2669,#2670,#2671,#2672,#2673,#2674,#2675,#2676,#2677,#2678,#2679,#2680,#2681,#2682,#2683,#2684,#2685),.UNSPECIFIED.,.F.,.F.,(4,3,3,3,3,3,3,3,3,3,3,3,3,3,3,3,4),(0.,0.25,0.28125,0.3125,0.375,0.5,0.515625,0.53125,0.5625,0.625,0.75,0.7578125,0.765625,0.78125,0.8125,0.875,1.),.UNSPECIFIED.);
#2687=EDGE_CURVE('341526',#2255,#2178,#2686,.T.);
#2688=ORIENTED_EDGE('',*,*,#2687,.F.);
#2689=EDGE_LOOP('',(#2634,#2635,#2636,#2688));
#2690=FACE_BOUND('',#2689,.T.);
#2691=ADVANCED_FACE('341541',(#2690),#2633,.T.);
#2692=CARTESIAN_POINT('',(0.,0.015875,-0.055111068));
#2693=DIRECTION('',(0.,-1.,-0.));
#2694=DIRECTION('',(0.,-0.,1.));
#2695=AXIS2_PLACEMENT_3D('',#2692,#2693,#2694);
#2696=CYLINDRICAL_SURFACE('',#2695,0.0381);
#2697=CARTESIAN_POINT('',(0.,0.0143002,-0.017011068));
#2698=VERTEX_POINT('',#2697);
#2699=CARTESIAN_POINT('',(0.,0.003175,-0.017011068));
#2700=DIRECTION('',(-0.,1.,0.));
#2701=VECTOR('',#2700,0.0111252);
#2702=LINE('',#2699,#2701);
#2703=EDGE_CURVE('',#2158,#2698,#2702,.T.);
#2704=ORIENTED_EDGE('',*,*,#2703,.T.);
#2705=CARTESIAN_POINT('',(0.,0.0143002,-0.055111068));
#2706=DIRECTION('',(0.,-1.,-0.));
#2707=DIRECTION('',(0.,0.,-1.));
#2708=AXIS2_PLACEMENT_3D('',#2705,#2706,#2707);
#2709=CIRCLE('',#2708,0.0381);
#2710=EDGE_CURVE('341456',#2698,#2306,#2709,.T.);
#2711=ORIENTED_EDGE('',*,*,#2710,.T.);
#2712=ORIENTED_EDGE('',*,*,#2311,.T.);
#2713=CARTESIAN_POINT('',(-0.012296722,0.0039624,-0.01905));
#2714=CARTESIAN_POINT('',(-0.012296463,0.003752773,-0.019049912));
#2715=CARTESIAN_POINT('',(-0.012217958,0.00355311,-0.019022933));
#2716=CARTESIAN_POINT('',(-0.012077368,0.003405357,-0.018975944));
#2717=CARTESIAN_POINT('',(-0.011936777,0.003257603,-0.018928955));
#2718=CARTESIAN_POINT('',(-0.011746471,0.003175,-0.018866425));
#2719=CARTESIAN_POINT('',(-0.011547149,0.003175,-0.018803034));
#2720=B_SPLINE_CURVE_WITH_KNOTS('',3,(#2713,#2714,#2715,#2716,#2717,#2718,#2719),.UNSPECIFIED.,.F.,.F.,(4,3,4),(0.,0.5,1.),.UNSPECIFIED.);
#2721=EDGE_CURVE('341492',#2297,#2169,#2720,.T.);
#2722=ORIENTED_EDGE('',*,*,#2721,.T.);
#2723=ORIENTED_EDGE('',*,*,#2175,.T.);
#2724=EDGE_LOOP('',(#2704,#2711,#2712,#2722,#2723));
#2725=FACE_BOUND('',#2724,.T.);
#2726=ADVANCED_FACE('341498',(#2725),#2696,.T.);
#2727=CARTESIAN_POINT('',(0.,0.0039624,-0.015875));
#2728=DIRECTION('',(0.,-1.,-0.));
#2729=DIRECTION('',(0.,-0.,1.));
#2730=AXIS2_PLACEMENT_3D('',#2727,#2728,#2729);
#2731=TOROIDAL_SURFACE('',#2730,0.0119126,0.0007874);
#2732=ORIENTED_EDGE('',*,*,#2721,.F.);
#2733=ORIENTED_EDGE('',*,*,#2303,.F.);
#2734=ORIENTED_EDGE('',*,*,#2687,.T.);
#2735=ORIENTED_EDGE('',*,*,#2184,.F.);
#2736=EDGE_LOOP('',(#2732,#2733,#2734,#2735));
#2737=FACE_BOUND('',#2736,.T.);
#2738=ADVANCED_FACE('341444',(#2737),#2731,.F.);
#2739=CARTESIAN_POINT('',(0.,0.0039624,-0.015875));
#2740=DIRECTION('',(0.,-1.,-0.));
#2741=DIRECTION('',(0.,-0.,1.));
#2742=AXIS2_PLACEMENT_3D('',#2739,#2740,#2741);
#2743=TOROIDAL_SURFACE('',#2742,0.0119126,0.0007874);
#2744=CARTESIAN_POINT('',(0.011547149,0.003175,-0.018803034));
#2745=CARTESIAN_POINT('',(0.011709052,0.003175,-0.018854524));
#2746=CARTESIAN_POINT('',(0.011834673,0.003227687,-0.018895086));
#2747=CARTESIAN_POINT('',(0.011919797,0.00327881,-0.018923183));
#2748=CARTESIAN_POINT('',(0.011962359,0.003304371,-0.018937231));
#2749=CARTESIAN_POINT('',(0.011995583,0.003330021,-0.018948368));
#2750=CARTESIAN_POINT('',(0.012021262,0.003352045,-0.01895702));
#2751=CARTESIAN_POINT('',(0.012034101,0.003363058,-0.018961346));
#2752=CARTESIAN_POINT('',(0.012045059,0.003373195,-0.018965052));
#2753=CARTESIAN_POINT('',(0.012054348,0.003382165,-0.018968191));
#2754=CARTESIAN_POINT('',(0.012058993,0.00338665,-0.018969761));
#2755=CARTESIAN_POINT('',(0.01206322,0.003390845,-0.018971188));
#2756=CARTESIAN_POINT('',(0.012067053,0.003394722,-0.01897248));
#2757=CARTESIAN_POINT('',(0.012068969,0.00339666,-0.018973126));
#2758=CARTESIAN_POINT('',(0.012070787,0.003398519,-0.018973737));
#2759=CARTESIAN_POINT('',(0.012072508,0.003400296,-0.018974315));
#2760=CARTESIAN_POINT('',(0.012073369,0.003401184,-0.018974604));
#2761=CARTESIAN_POINT('',(0.012074206,0.003402052,-0.018974885));
#2762=CARTESIAN_POINT('',(0.012075018,0.003402899,-0.018975158));
#2763=CARTESIAN_POINT('',(0.012075831,0.003403746,-0.01897543));
#2764=CARTESIAN_POINT('',(0.012075059,0.003402931,-0.018975172));
#2765=CARTESIAN_POINT('',(0.012077387,0.003405377,-0.01897595));
#2766=CARTESIAN_POINT('',(0.012151857,0.003483628,-0.01900084));
#2767=CARTESIAN_POINT('',(0.01220766,0.003575623,-0.019019606));
#2768=CARTESIAN_POINT('',(0.012243848,0.003671454,-0.01903188));
#2769=CARTESIAN_POINT('',(0.012280036,0.003767284,-0.019044154));
#2770=CARTESIAN_POINT('',(0.012296731,0.003866855,-0.019049967));
#2771=CARTESIAN_POINT('',(0.012296722,0.0039624,-0.01905));
#2772=B_SPLINE_CURVE_WITH_KNOTS('',3,(#2744,#2745,#2746,#2747,#2748,#2749,#2750,#2751,#2752,#2753,#2754,#2755,#2756,#2757,#2758,#2759,#2760,#2761,#2762,#2763,#2764,#2765,#2766,#2767,#2768,#2769,
#2770,#2771),.UNSPECIFIED.,.F.,.F.,(4,3,3,3,3,3,3,3,3,4),(0.,0.25,0.375,0.4375,0.46875,0.484375,0.4921875,0.5,0.75,1.),.UNSPECIFIED.);
#2773=EDGE_CURVE('341476',#2160,#2359,#2772,.T.);
#2774=ORIENTED_EDGE('',*,*,#2773,.F.);
#2775=ORIENTED_EDGE('',*,*,#2209,.F.);
#2776=ORIENTED_EDGE('',*,*,#2547,.T.);
#2777=ORIENTED_EDGE('',*,*,#2373,.F.);
#2778=EDGE_LOOP('',(#2774,#2775,#2776,#2777));
#2779=FACE_BOUND('',#2778,.T.);
#2780=ADVANCED_FACE('341403',(#2779),#2743,.F.);
#2781=CARTESIAN_POINT('',(0.,0.0143002,-0.055111068));
#2782=DIRECTION('',(0.,1.,0.));
#2783=DIRECTION('',(0.,0.,-1.));
#2784=AXIS2_PLACEMENT_3D('',#2781,#2782,#2783);
#2785=TOROIDAL_SURFACE('',#2784,0.0357378,0.0023622);
#2786=ORIENTED_EDGE('',*,*,#2329,.F.);
#2787=ORIENTED_EDGE('',*,*,#2710,.F.);
#2788=CARTESIAN_POINT('',(0.,0.0143002,-0.055111068));
#2789=DIRECTION('',(0.,-1.,-0.));
#2790=DIRECTION('',(0.,0.,-1.));
#2791=AXIS2_PLACEMENT_3D('',#2788,#2789,#2790);
#2792=CIRCLE('',#2791,0.0381);
#2793=EDGE_CURVE('341456',#2341,#2698,#2792,.T.);
#2794=ORIENTED_EDGE('',*,*,#2793,.F.);
#2795=ORIENTED_EDGE('',*,*,#2356,.F.);
#2796=CARTESIAN_POINT('',(0.,0.0166624,-0.055111068));
#2797=DIRECTION('',(0.,1.,0.));
#2798=DIRECTION('',(0.,0.,-1.));
#2799=AXIS2_PLACEMENT_3D('',#2796,#2797,#2798);
#2800=CIRCLE('',#2799,0.0357378);
#2801=EDGE_CURVE('341348',#2314,#2332,#2800,.T.);
#2802=ORIENTED_EDGE('',*,*,#2801,.F.);
#2803=EDGE_LOOP('',(#2786,#2787,#2794,#2795,#2802));
#2804=FACE_BOUND('',#2803,.T.);
#2805=ADVANCED_FACE('341362',(#2804),#2785,.T.);
#2806=CARTESIAN_POINT('',(0.,0.0166624,-0.035493034));
#2807=DIRECTION('',(0.,1.,0.));
#2808=DIRECTION('',(0.,0.,-1.));
#2809=AXIS2_PLACEMENT_3D('',#2806,#2807,#2808);
#2810=PLANE('',#2809);
#2811=ORIENTED_EDGE('',*,*,#2801,.T.);
#2812=ORIENTED_EDGE('',*,*,#2338,.T.);
#2813=EDGE_LOOP('',(#2811,#2812));
#2814=FACE_BOUND('',#2813,.T.);
#2815=ADVANCED_FACE('341321',(#2814),#2810,.T.);
#2816=CARTESIAN_POINT('',(0.,0.009399394,0.006353423));
#2817=DIRECTION('',(0.,-0.549778484,-0.835310492));
#2818=DIRECTION('',(0.,-0.835310492,0.549778484));
#2819=AXIS2_PLACEMENT_3D('',#2816,#2817,#2818);
#2820=CYLINDRICAL_SURFACE('',#2819,0.0023749);
#2821=ORIENTED_EDGE('',*,*,#1846,.T.);
#2822=ORIENTED_EDGE('',*,*,#2452,.F.);
#2823=ORIENTED_EDGE('',*,*,#2572,.T.);
#2824=ORIENTED_EDGE('',*,*,#2596,.T.);
#2825=ORIENTED_EDGE('',*,*,#1390,.T.);
#2826=EDGE_LOOP('',(#2821,#2822,#2823,#2824,#2825));
#2827=FACE_BOUND('',#2826,.T.);
#2828=ADVANCED_FACE('341927',(#2827),#2820,.F.);
#2829=CARTESIAN_POINT('',(0.,0.015875,-0.055111068));
#2830=DIRECTION('',(0.,-1.,-0.));
#2831=DIRECTION('',(0.,-0.,1.));
#2832=AXIS2_PLACEMENT_3D('',#2829,#2830,#2831);
#2833=CYLINDRICAL_SURFACE('',#2832,0.0381);
#2834=ORIENTED_EDGE('',*,*,#2703,.F.);
#2835=ORIENTED_EDGE('',*,*,#2166,.T.);
#2836=ORIENTED_EDGE('',*,*,#2773,.T.);
#2837=ORIENTED_EDGE('',*,*,#2364,.F.);
#2838=ORIENTED_EDGE('',*,*,#2793,.T.);
#2839=EDGE_LOOP('',(#2834,#2835,#2836,#2837,#2838));
#2840=FACE_BOUND('',#2839,.T.);
#2841=ADVANCED_FACE('341498',(#2840),#2833,.T.);
#2842=OPEN_SHELL('',(#252,#287,#342,#373,#663,#687,#705,#718,#754,#876,#900,#937,#961,#996,#1050,#1068,#1103,#1236,#1352,#1368,#1737,#1834,#1927,#2025,#2095,#2151,
#2213,#2239,#2464,#2576,#2602,#2691,#2726,#2738,#2780,#2805,#2815,#2828,#2841));
#2843=SHELL_BASED_SURFACE_MODEL('Walls 34',(#2842));
#2844=COLOUR_RGB('',0.623529434,0.686274529,0.56078434);
#2845=FILL_AREA_STYLE_COLOUR('',#2844);
#2846=FILL_AREA_STYLE('',(#2845));
#2847=SURFACE_STYLE_FILL_AREA(#2846);
#2848=SURFACE_SIDE_STYLE('',(#2847));
#2849=SURFACE_STYLE_USAGE(.BOTH.,#2848);
#2850=PRESENTATION_STYLE_ASSIGNMENT((#2849));
#226=STYLED_ITEM('',(#2850),#2843);
#207=SHAPE_REPRESENTATION('Walls',(#15),#205);
#212=MANIFOLD_SURFACE_SHAPE_REPRESENTATION('Walls',(#2843),#205);
#2858=SHAPE_REPRESENTATION_RELATIONSHIP('','',#207,#212);
#215=PRODUCT('Walls','Walls','',(#193));
#2859=PRODUCT_RELATED_PRODUCT_CATEGORY('part','',(#215));
#2860=PRODUCT_DEFINITION_FORMATION_WITH_SPECIFIED_SOURCE('','',#215,.NOT_KNOWN.);
#216=PRODUCT_DEFINITION('design','',#2860,#194);
#214=PRODUCT_DEFINITION_SHAPE('','',#216);
#2861=SHAPE_DEFINITION_REPRESENTATION(#214,#207);
#206=DRAUGHTING_MODEL('',(),#205);
#2862=(NAMED_UNIT(*)PLANE_ANGLE_UNIT()SI_UNIT($,.RADIAN.));
#2863=PLANE_ANGLE_MEASURE_WITH_UNIT(PLANE_ANGLE_MEASURE(0.0174532925),#2862);
#2864=(CONVERSION_BASED_UNIT('DEGREE',#2863)NAMED_UNIT(#2865)PLANE_ANGLE_UNIT());
#2865=DIMENSIONAL_EXPONENTS(0.,0.,0.,0.,0.,0.,0.);
#2866=(NAMED_UNIT(*)SI_UNIT($,.STERADIAN.)SOLID_ANGLE_UNIT());
#2867=(LENGTH_UNIT()NAMED_UNIT(*)SI_UNIT($,.METRE.));
#2868=UNCERTAINTY_MEASURE_WITH_UNIT(LENGTH_MEASURE(1.000000E-05),#2867,'DISTANCE_ACCURACY_VALUE','Maximum Tolerance applied to model');
#2869=(GEOMETRIC_REPRESENTATION_CONTEXT(3)GLOBAL_UNCERTAINTY_ASSIGNED_CONTEXT((#2868))GLOBAL_UNIT_ASSIGNED_CONTEXT((#2867,#2864,#2866))REPRESENTATION_CONTEXT('','Inlet'));
#2881=CARTESIAN_POINT('',(0.,0.,0.));
#2882=DIRECTION('',(0.,0.,1.));
#2883=DIRECTION('',(1.,0.,-0.));
#2884=AXIS2_PLACEMENT_3D('',#2881,#2882,#2883);
#2885=ITEM_DEFINED_TRANSFORMATION('','',#2884,#15);
#2886=(REPRESENTATION_RELATIONSHIP('','',#2871,#16)REPRESENTATION_RELATIONSHIP_WITH_TRANSFORMATION(#2885)SHAPE_REPRESENTATION_RELATIONSHIP());
#2887=NEXT_ASSEMBLY_USAGE_OCCURRENCE('Inlet_3','Inlet','Inlet',#25,#2880,$);
#2888=PRODUCT_DEFINITION_SHAPE('','',#2887);
#2889=CONTEXT_DEPENDENT_SHAPE_REPRESENTATION(#2886,#2888);
#2891=CARTESIAN_POINT('',(0.,0.0182626,-0.015875));
#2892=DIRECTION('',(0.,1.,0.));
#2893=DIRECTION('',(0.,0.,-1.));
#2894=AXIS2_PLACEMENT_3D('',#2891,#2892,#2893);
#2895=PLANE('',#2894);
#2896=CARTESIAN_POINT('',(0.,0.0182626,-0.003175));
#2897=VERTEX_POINT('342791',#2896);
#2898=CARTESIAN_POINT('',(0.,0.0182626,-0.015875));
#2899=DIRECTION('',(0.,1.,0.));
#2900=DIRECTION('',(0.,-0.,1.));
#2901=AXIS2_PLACEMENT_3D('',#2898,#2899,#2900);
#2902=CIRCLE('',#2901,0.0127);
#2903=EDGE_CURVE('342790',#2897,#2897,#2902,.T.);
#2904=ORIENTED_EDGE('',*,*,#2903,.F.);
#2905=EDGE_LOOP('',(#2904));
#2906=FACE_BOUND('',#2905,.T.);
#2907=ADVANCED_FACE('342795',(#2906),#2895,.F.);
#2908=OPEN_SHELL('',(#2907));
#2909=SHELL_BASED_SURFACE_MODEL('Inlet',(#2908));
#2890=STYLED_ITEM('',(#2850),#2909);
#2871=SHAPE_REPRESENTATION('Inlet',(#15),#2869);
#2876=MANIFOLD_SURFACE_SHAPE_REPRESENTATION('Inlet',(#2909),#2869);
#2917=SHAPE_REPRESENTATION_RELATIONSHIP('','',#2871,#2876);
#2879=PRODUCT('Inlet','Inlet','',(#193));
#2918=PRODUCT_RELATED_PRODUCT_CATEGORY('part','',(#2879));
#2919=PRODUCT_DEFINITION_FORMATION_WITH_SPECIFIED_SOURCE('','',#2879,.NOT_KNOWN.);
#2880=PRODUCT_DEFINITION('design','',#2919,#194);
#2878=PRODUCT_DEFINITION_SHAPE('','',#2880);
#2920=SHAPE_DEFINITION_REPRESENTATION(#2878,#2871);
#2870=DRAUGHTING_MODEL('',(),#2869);
#16=SHAPE_REPRESENTATION('RV Submission_rev 3.stl',(#15,#48,#220,#2884),#10);
#24=PRODUCT('RV Submission_rev 3.stl','RV Submission_rev 3.stl','',(#193));
#2921=PRODUCT_RELATED_PRODUCT_CATEGORY('part','',(#24));
#2922=PRODUCT_DEFINITION_FORMATION_WITH_SPECIFIED_SOURCE('','',#24,.NOT_KNOWN.);
#25=PRODUCT_DEFINITION('design','',#2922,#194);
#23=PRODUCT_DEFINITION_SHAPE('','',#25);
#2923=SHAPE_DEFINITION_REPRESENTATION(#23,#16);
#11=DRAUGHTING_MODEL('',(),#10);
#1=MECHANICAL_DESIGN_GEOMETRIC_PRESENTATION_REPRESENTATION('',(#54,#997,#1237,#1353,#226,#2890),#10);
ENDSEC;
END-ISO-10303-21;
