/*--------------------------------*- C++ -*----------------------------------*\
| =========                 |                                                 |
| \\      /  F ield         | OpenFOAM: The Open Source CFD Toolbox           |
|  \\    /   O peration     | Version:  v2012                                 |
|   \\  /    A nd           | Website:  www.openfoam.com                      |
|    \\/     M anipulation  |                                                 |
\*---------------------------------------------------------------------------*/
FoamFile
{
    version     2.0;
    format      ascii;
    class       volScalarField;
    location    "270/domain0";
    object      T;
}
// * * * * * * * * * * * * * * * * * * * * * * * * * * * * * * * * * * * * * //

dimensions      [0 0 0 1 0 0 0];


internalField   nonuniform List<scalar> 
23101
(
298.23801
298.2482
298.23491
298.24241
298.24456
298.24847
298.22965
298.20936
298.24091
298.23417
298.25644
298.27226
298.26502
298.26115
298.25458
298.25959
298.26386
298.2399
298.24969
298.26287
298.23745
298.26786
298.25759
298.24248
298.24499
298.24321
298.24039
298.25592
298.25024
298.22971
298.23054
298.26159
298.24063
298.24251
298.23727
298.23063
298.23302
298.23907
298.26073
298.23456
298.24057
298.26061
298.24618
298.23833
298.23743
298.23409
298.23093
298.23948
298.25957
298.24322
298.2435
298.2651
298.2526
298.23976
298.23615
298.2369
298.23695
298.23949
298.25293
298.24501
298.24899
298.27729
298.25326
298.24148
298.23815
298.24107
298.2433
298.24411
298.24689
298.23836
298.23936
298.2665
298.25407
298.2456
298.24945
298.24656
298.23987
298.25893
298.25179
298.23482
298.25484
298.26903
298.24572
298.24284
298.25377
298.25674
298.25851
298.26229
298.26436
298.24578
298.2664
298.29885
298.2497
298.21994
298.22753
298.24032
298.24059
298.24202
298.23792
298.22053
298.62891
298.62601
298.6989
298.69373
298.65821
298.67666
298.61607
298.48231
298.66098
298.74871
298.66793
298.67056
298.64873
298.64539
298.62791
298.62718
298.62598
298.53127
298.61497
298.68803
298.682
298.66029
298.5657
298.58491
298.67144
298.64984
298.59501
298.60801
298.57928
298.57726
298.61492
298.62219
298.56292
298.64942
298.65604
298.62336
298.63145
298.60938
298.6103
298.57743
298.63667
298.65111
298.67173
298.66075
298.65509
298.63362
298.63223
298.64822
298.63505
298.6182
298.74828
298.72601
298.69392
298.66389
298.65202
298.65652
298.6634
298.65127
298.61711
298.63074
298.9502
298.8499
298.6345
298.63837
298.67431
298.69291
298.68676
298.63043
298.59208
298.65187
298.86465
298.8239
298.62459
298.61541
298.69174
298.6883
298.60506
298.6299
298.66745
298.65461
298.6716
298.75437
298.67066
298.59536
298.60071
298.59193
298.59075
298.63375
298.67075
298.58224
298.78421
298.83611
298.71879
298.56799
298.529
298.52723
298.57578
298.65949
298.56089
298.43594
299.23203
299.36806
299.68602
299.55838
299.50983
299.59705
299.53881
299.44697
299.62752
299.84273
299.35761
299.56163
299.4669
299.44833
299.39187
299.39558
299.36211
299.22253
299.34355
299.56061
299.79676
299.64006
299.41453
299.56838
299.34295
299.27303
299.59028
299.44676
299.30242
299.32678
299.4567
299.37373
299.45784
299.26288
299.30814
299.23253
299.24866
299.63024
299.35213
299.39906
299.42194
299.46945
299.24754
299.2883
299.32411
299.25003
299.20635
299.23348
299.52106
299.60348
300.012
299.78238
299.36455
299.30539
299.29994
299.28536
299.26133
299.20568
299.53041
299.64036
300.49988
300.14523
299.60726
299.27013
299.3253
299.35298
299.30657
299.59392
299.55292
299.71296
300.33821
300.08704
299.52858
299.58599
299.38547
299.33222
299.54598
299.6017
299.80817
299.53597
299.61541
299.7513
299.70048
299.52407
299.38334
299.27605
299.34167
299.52326
299.47802
299.13434
299.60047
299.73682
299.58393
299.467
299.33915
299.11318
299.21007
299.46212
299.0931
298.88886
301.14188
300.81928
301.18202
301.03636
300.91685
301.02053
301.20321
300.96082
301.21193
301.69474
300.95181
301.12635
300.90219
300.8161
300.90649
300.99139
301.18459
300.9818
300.9075
301.65515
301.74065
301.63543
301.09778
300.6534
300.66256
300.58127
300.64358
301.11136
300.78768
301.15412
301.57499
301.018
300.44122
300.37042
300.54659
300.54804
300.47426
300.70665
301.21424
301.16684
300.94172
300.82613
300.33955
300.49967
300.40332
300.34642
300.25877
300.50053
301.50764
301.24428
301.68864
301.66395
300.56338
300.54664
300.4299
300.3137
300.28878
300.39975
301.61393
301.3213
302.33909
302.32046
300.88628
300.60287
300.53875
300.47148
300.67698
300.57079
301.68254
301.26653
302.4641
302.2021
301.26872
300.70114
300.77576
300.66818
300.60548
301.77912
302.01074
301.0612
301.79867
301.66829
301.33771
301.2852
301.24507
300.87178
300.97329
301.47382
301.01096
300.33846
301.44305
301.57765
301.00033
301.22273
301.42085
300.86084
300.67986
300.7047
300.20447
300.5688
304.47341
304.39308
303.36443
302.62339
302.69641
303.24556
303.44836
303.07557
304.42342
304.3689
304.51182
303.57026
303.2212
302.91975
303.19013
303.37668
303.78675
303.49047
303.59499
304.56087
304.09556
304.0692
302.80973
302.58333
302.76392
302.59851
302.66036
302.7826
303.08652
303.06564
303.7708
303.6353
302.35674
302.22142
302.0926
302.26542
302.16689
302.82982
303.5587
302.8737
303.29688
302.96362
302.03445
301.97093
301.77472
301.80792
301.92697
302.63484
304.11736
303.42851
303.36714
304.02266
302.43257
302.46984
302.44752
301.90466
302.66302
304.46271
303.30425
304.58012
305.00783
302.89057
302.86188
303.169
302.49597
302.64094
302.81955
304.51461
303.14577
304.94961
304.90661
303.07393
302.70252
303.09975
302.87887
303.09799
303.42078
304.96185
303.60829
305.90457
305.73122
303.47407
303.71793
304.28958
303.86735
303.95277
304.38954
304.12217
303.6192
305.257
305.72224
303.54501
303.69641
304.59551
304.09608
302.95893
302.60713
302.92022
303.13951
308.49169
308.32095
307.01378
306.00674
305.8185
306.21023
306.12876
306.14281
308.29649
307.57161
309.96364
307.81157
306.97928
305.53483
305.87581
306.10528
306.47575
306.20061
306.79371
310.41468
307.40173
307.22458
305.08478
305.26741
305.61833
305.52823
305.379
305.24429
305.37277
307.02297
307.0898
306.58191
304.95578
304.83317
304.47681
304.97392
304.90433
305.32346
305.74567
306.17834
306.37877
305.49342
304.15665
304.30846
304.09454
304.4939
305.18677
306.43732
306.87925
306.9583
306.39292
305.02514
305.43408
380.46884
305.23606
307.06236
306.69471
308.43553
307.23375
305.57385
306.18074
305.67647
379.19068
305.02852
305.6559
307.62491
307.08382
308.11865
308.05446
305.368
305.6275
305.96076
305.99662
305.80855
306.32446
309.09396
307.97521
311.16214
311.57825
306.74785
306.10254
307.55872
307.70367
307.11616
307.15575
308.64538
307.69048
308.98768
310.0315
306.84084
306.3984
307.53667
307.21371
305.77507
305.23904
306.03807
305.4451
313.51082
311.05341
309.60053
311.5097
309.92855
308.60542
307.67306
308.38768
311.24258
311.49158
315.45685
312.50612
311.76624
308.66142
308.58414
308.64616
308.90278
309.05175
308.56346
316.84473
310.13864
311.69818
309.19669
307.56571
308.39087
308.63434
308.19805
308.81137
307.92285
312.63505
311.38736
310.73309
307.60949
307.34848
307.10805
307.39166
308.50169
308.08704
307.91257
309.75885
312.37176
309.01512
306.64727
306.63729
307.83833
306.94251
307.43637
308.16024
308.21673
309.99439
312.10827
309.03963
307.48298
308.22557
307.86804
448.9461
307.36415
307.91661
309.17702
310.79129
311.49409
310.05011
307.96658
308.75345
308.30173
307.62547
307.80499
308.08058
311.05151
311.92226
311.43398
311.26064
308.32284
308.13419
308.55058
308.25726
308.28144
310.74596
315.10468
312.46138
316.51482
316.70124
309.80787
308.72795
310.85678
311.76553
309.77525
309.67904
314.51203
312.29215
311.7166
312.49317
309.2393
308.72088
308.82065
307.861
307.46072
307.63618
309.45623
309.83329
317.02953
311.81753
310.28154
310.74699
309.83454
309.18159
308.95803
309.1472
312.92532
315.09174
318.69522
316.73762
315.83868
312.8388
311.66177
311.89791
312.19579
313.08044
312.60393
320.13032
312.84006
316.45399
313.64735
311.14358
310.73995
311.2147
312.22392
312.87488
311.10597
317.2101
312.96951
315.10715
311.52211
309.62814
309.66906
310.14022
311.33692
312.73326
310.4428
313.82303
313.01858
313.68186
309.78343
309.24956
308.53833
309.33942
311.01641
311.45724
310.43642
313.47092
312.42643
313.82825
310.51896
311.74681
310.51211
339.96016
311.34677
310.3129
311.9159
314.41782
311.66714
314.8357
312.47716
310.79187
310.93066
310.40603
311.1331
312.92504
315.49324
314.2682
313.95631
313.78311
310.78659
311.38903
311.21064
310.81543
312.87422
314.2892
320.70193
315.26241
321.42359
320.35712
312.14502
311.6033
314.17063
314.48242
312.55336
314.24169
320.53239
315.23518
313.43268
314.38587
312.69577
310.85642
310.42637
309.19704
307.50053
308.53892
312.80729
312.45953
318.19748
313.02788
312.3112
311.89639
313.17342
314.34345
314.6295
312.97368
313.22266
317.98391
322.04133
319.89762
319.03393
316.39077
314.40417
314.5512
315.92517
317.16965
318.14563
322.16337
319.06703
320.90175
317.79885
314.85373
314.45119
314.88817
315.56554
317.24006
317.804
318.74928
318.7993
318.53205
315.44502
313.68483
313.44095
312.96748
315.31632
317.29764
316.80939
315.46636
318.60629
317.36361
314.31187
313.81384
324.3345
323.8857
315.59492
317.03439
316.97137
313.91882
318.2941
318.30805
316.09945
315.82929
323.32282
323.6409
315.07857
315.96841
317.52017
313.55158
314.95186
319.40476
315.95102
314.60307
315.37505
315.4971
315.42052
316.46451
319.70171
315.25518
316.31497
316.93354
313.20543
314.35587
316.00075
316.42831
315.69731
317.02047
323.17029
317.72666
324.89252
322.60563
314.76209
314.40163
317.02764
316.48814
315.04978
315.6342
323.84661
317.69248
314.24271
317.08046
315.22554
313.3314
314.49531
314.8337
313.05956
308.78178
315.63619
314.93009
318.34178
320.76221
318.94493
316.03863
318.98261
320.08124
321.70434
320.80788
317.3423
319.52971
323.86832
323.63931
322.44415
319.90698
316.44113
316.80317
318.65715
320.74944
322.23917
321.99224
323.5206
323.8804
321.24668
318.39251
317.41607
317.72204
318.20037
321.29968
322.69068
314.83751
323.64558
321.01372
318.68852
317.40091
317.24768
316.59912
318.04674
321.52846
320.61936
312.48354
323.65329
320.33806
317.4724
318.67782
324.79056
324.96502
318.96584
322.13718
320.65125
313.71131
324.37361
321.88516
319.09421
318.81783
323.97761
324.44062
319.27879
321.09118
321.4418
315.64049
318.54337
322.26638
317.86029
317.54979
318.82257
318.57668
318.58998
319.05226
322.80006
317.65247
314.15665
321.14538
316.34006
317.41671
319.07452
318.78267
317.57869
318.01573
324.11299
319.87746
325.8186
324.27036
317.65716
317.8506
319.4736
318.56953
318.30449
318.2237
325.72955
320.0135
314.18483
319.62188
315.95347
315.55593
318.14666
319.31081
320.17146
316.74585
317.21613
317.54683
319.68452
325.72623
324.44775
321.32618
321.62012
321.8845
323.56889
325.14533
323.06292
319.77377
324.592
325.54577
324.44103
322.62813
318.8965
318.82876
319.895
321.8009
324.03419
322.18278
323.76314
325.04281
323.41258
321.16106
319.96455
319.95632
320.29193
322.31439
324.84111
315.62319
324.29026
322.60722
321.13697
320.21254
320.00199
319.10697
320.16741
322.4986
326.02207
320.25804
324.80224
322.54873
320.10606
320.91184
324.27335
325.2468
320.94909
323.75384
326.4265
322.23566
326.39803
324.06292
320.64921
320.52736
323.97836
324.47272
321.28468
324.19954
326.40097
320.2166
321.73342
324.40159
319.5116
320.04053
320.42979
320.62657
321.24008
321.69741
325.64157
319.38284
314.01206
323.84413
319.56023
320.14395
321.34724
320.97816
319.98664
319.22032
324.53654
321.31714
322.41672
326.53386
320.40158
321.11976
321.9934
320.98555
319.47661
320.14466
326.2948
322.64024
313.3073
321.34291
321.17614
317.7843
320.8145
322.21999
322.18233
320.60413
318.52989
319.68072
320.87325
326.24557
325.47951
325.4207
323.98131
323.71283
324.77668
325.27642
323.49257
319.42562
325.82793
325.33753
324.88688
324.46169
321.55646
320.79244
321.26425
322.83618
326.87854
321.63769
324.27748
324.40502
323.57326
322.57545
321.70013
321.73371
322.50582
323.24357
326.61641
322.11603
324.85279
323.72511
322.44528
321.52509
321.44832
321.04702
322.5159
323.84791
326.04309
322.89515
325.68944
324.81931
322.39046
322.48147
323.66918
325.20319
322.76372
324.33724
325.6849
323.63702
326.80606
325.896
322.92145
322.50369
323.91388
324.61861
322.63154
325.1802
325.53949
319.10008
324.85987
326.54877
322.24345
322.23487
321.71584
321.82152
323.10184
323.94176
325.45905
320.18983
318.57749
326.99372
322.77265
322.8076
323.10782
322.37257
322.59346
321.93112
324.84851
323.25483
317.48749
327.81316
323.50856
324.04864
323.89535
323.0587
320.64998
321.63188
326.14081
325.49284
312.18377
322.32999
325.45072
321.19047
324.47733
324.99988
322.70638
320.65274
319.82924
320.5691
320.13947
326.97616
325.45187
326.57325
326.29068
326.3706
326.42244
324.50716
322.16396
318.51437
322.57834
326.05747
325.12419
325.51274
323.02405
322.63748
322.68476
323.29445
327.50743
322.22394
323.96494
323.50758
322.84309
323.05591
322.58349
323.27099
324.21807
324.26193
325.80121
325.20564
323.99944
324.94257
323.28705
322.61201
322.15129
322.24899
324.53458
326.06669
324.60876
320.98035
325.65368
326.36328
324.63212
323.62514
323.2668
324.90118
324.09419
325.74583
324.4318
321.51415
326.91375
327.14594
325.41179
324.75367
323.78664
324.84601
323.60293
326.81559
326.62352
318.37185
326.16603
327.9637
325.69572
325.10618
322.91461
322.98527
324.95948
326.61635
326.58793
321.7111
323.06583
328.48687
326.17457
326.01849
324.58892
323.42731
325.25591
325.48691
325.47475
325.5204
322.22289
327.93355
326.28944
327.11926
326.13949
324.32597
321.98975
323.87188
326.15672
326.28235
311.19897
322.482
328.33504
327.57356
327.79437
326.26904
323.16669
321.48323
321.22627
320.57338
318.26634
326.26245
324.15694
324.38102
325.85544
326.19805
324.54851
321.08366
319.99157
316.6927
326.63011
327.11822
325.67589
325.79396
324.4823
324.37198
324.65384
325.08927
325.97797
327.57183
322.073
324.27884
324.74057
324.70188
324.70244
324.59425
325.38813
326.04589
326.29909
322.95161
321.20987
325.38786
325.69156
325.31243
323.397
323.05128
325.50851
327.14563
325.73951
318.54307
323.42678
325.51193
324.51924
324.11816
323.02955
324.46345
324.76578
325.80719
328.03542
319.20979
324.89077
326.73647
326.19967
325.13213
323.63467
324.99871
324.31416
326.01583
330.0797
317.68911
324.55351
327.91286
327.21212
326.60355
323.30574
324.02801
325.71557
327.85323
331.38149
320.71934
322.85614
329.22957
328.19547
327.45225
324.90364
325.42048
328.34141
327.10288
327.15576
325.97848
321.0592
329.38255
328.92059
328.91649
327.94399
326.51171
323.95044
325.45897
326.47572
326.46758
309.07108
320.24539
327.11205
327.68924
326.70325
326.05136
324.5651
321.53369
321.23281
319.02523
311.10405
321.92135
316.79752
315.1954
315.93035
316.25813
314.48969
311.9222
313.01804
310.081
323.48874
329.23819
326.53974
326.60257
325.76889
324.75251
323.74756
321.99295
326.29148
322.3566
314.81883
328.03228
324.51383
324.14703
322.86971
322.83336
323.0847
320.88105
323.63755
314.16923
313.01912
325.88525
321.18427
322.23036
322.81381
323.52699
324.40656
324.51798
325.26849
311.51326
314.79718
325.01341
322.62185
322.8143
323.1844
324.22458
324.57768
324.94361
326.25946
312.49913
316.0883
325.35833
323.67602
323.56297
323.62587
324.88304
324.63869
325.41503
326.43733
310.90637
315.9089
326.15063
324.32936
324.2079
323.44512
324.72136
326.02255
324.27115
322.0777
311.04269
315.35043
327.16016
324.72904
324.72168
324.26089
325.02299
321.6833
322.70741
328.84306
318.89671
313.35541
325.47993
324.23454
324.8179
323.99751
323.3468
323.44359
326.11651
327.98545
319.86182
303.94658
310.99201
314.59659
316.25519
315.95024
316.37933
319.38199
324.44109
326.09285
312.24064
300.38835
300.39721
300.30275
301.41446
301.54502
301.93704
370.53678
300.24763
300.28641
300.25832
301.57417
301.36087
370.37721
301.49059
300.32962
300.5134
300.47039
302.04226
370.57151
302.31883
302.09573
300.29905
300.44584
300.43945
370.38619
301.52602
302.0896
301.99616
302.27298
301.87695
301.8486
303.90496
304.26552
303.68594
378.18713
302.14811
301.88073
301.90526
304.31743
304.18244
377.97346
304.19791
301.92812
302.31941
302.37152
303.68109
303.81322
304.37926
379.62468
301.76997
302.32983
303.77297
301.74864
301.73687
304.08884
302.28957
301.8623
302.29984
304.10941
304.16965
378.42701
304.18814
302.48176
302.81934
303.17686
304.67504
378.86274
305.35651
305.39158
302.9795
302.42148
305.20858
301.75936
302.44301
302.49133
304.52732
302.30214
302.50771
302.34161
378.66047
304.2394
304.51549
304.34245
302.50632
302.95461
302.76678
305.36208
377.43037
304.99644
304.87514
302.77552
302.65089
302.77877
377.1934
304.59345
304.75857
304.79037
304.84637
304.02048
380.0534
306.40224
306.57131
306.51128
306.60283
304.9694
379.77087
304.53407
306.86403
307.30387
306.48845
306.73385
304.14875
305.08736
381.33586
306.11388
306.80639
307.21218
307.88354
307.03583
305.73851
307.03179
304.40717
305.40462
306.75349
306.01913
304.79602
380.24943
304.74017
306.79092
307.09663
306.60106
306.87456
380.64311
306.14033
305.74132
307.63042
307.84366
308.10541
307.9148
305.49862
307.18728
307.86451
306.14511
304.72993
305.76511
306.34837
307.10681
304.7754
304.74908
304.98499
306.66228
306.83648
306.95913
306.90773
379.32295
305.72203
305.65153
307.76532
307.02995
307.70803
307.58454
304.83724
305.53942
305.30756
306.98572
306.97852
307.44426
307.2781
307.03766
307.96723
448.70697
309.00291
307.65022
308.79917
387.47484
307.14627
448.84768
306.70301
307.86965
309.55229
386.34289
309.36889
448.99625
308.19971
307.17976
309.85802
387.60166
309.68856
308.94401
306.7466
307.1464
307.69601
386.59893
309.51378
308.81441
309.75864
301.81367
313.9437
313.90426
301.66252
303.6672
317.28752
302.73644
315.14706
302.47623
304.62477
338.74897
339.97369
303.10222
323.03836
324.72559
305.2539
308.15756
309.08202
344.78676
365.49461
310.58586
346.62551
366.72013
311.37457
305.53031
304.45298
315.22493
324.22994
304.57716
305.44991
306.18963
305.94004
315.2479
305.19494
324.65675
305.13091
306.81205
306.03819
309.77968
384.37036
375.45674
423.00065
324.1467
335.48267
322.79311
300.72977
300.68143
304.58171
305.53049
300.78048
300.74934
301.07957
300.82302
300.71453
304.60373
304.77515
300.82679
300.76715
301.52174
301.08666
300.70875
305.59941
305.71735
300.82255
300.9455
302.25582
300.97777
300.72608
304.87889
305.78357
300.78147
300.93661
301.97805
303.00217
309.96612
304.0892
313.05924
303.23362
303.21808
303.81599
303.31005
310.02713
304.20677
313.79811
303.30177
303.45361
304.36865
303.43656
310.88861
314.49815
305.04432
303.90612
303.93169
304.54786
301.71143
314.09129
313.75636
301.55119
303.30879
302.00233
317.17599
315.27669
301.88247
304.13022
338.30243
340.73768
302.29849
302.84165
322.51137
324.02528
303.62483
304.41813
346.53067
344.45908
304.71203
347.51284
344.50937
306.10423
338.3857
338.93236
302.17706
301.71136
314.6247
314.39068
301.53687
303.334
346.61677
342.92766
305.39293
302.99828
322.85012
322.24159
303.97694
303.70384
347.27376
344.51466
304.74876
303.15068
310.52947
312.88428
304.1382
303.17972
303.27764
304.09371
304.31264
311.16571
305.15119
313.67328
304.06157
304.51007
305.36123
340.68244
339.6975
303.25562
314.96856
302.65869
314.27581
302.62609
304.69182
347.54279
345.97031
305.84812
304.34708
323.27115
323.90035
304.9613
305.07285
346.39163
344.56028
306.51274
314.59317
302.04678
314.34415
302.37157
304.30207
315.3962
302.61648
313.91838
302.47543
304.84955
346.92955
345.32634
306.31525
346.36862
344.75582
306.51503
303.7546
324.28644
323.46682
304.76614
305.19243
303.46939
310.44895
304.18039
314.81118
303.3341
303.90196
304.32161
304.09916
310.92282
314.34025
304.91694
304.45905
303.90474
305.08986
304.01864
310.95938
314.68521
304.904
304.56744
303.88267
304.89351
304.86088
304.31093
313.68963
324.04309
304.0579
305.04236
306.4077
305.54829
304.43218
314.2619
323.42256
304.65681
305.18886
305.23606
305.94425
315.01346
305.38432
325.44414
304.90571
307.49793
306.45381
345.37141
365.98177
310.29088
345.68256
366.64704
313.36888
345.14488
306.95959
382.67498
308.27947
326.75005
346.27062
307.46617
383.09072
310.37739
327.81217
408.29847
408.42717
337.15108
323.46052
322.83066
305.46452
307.05896
308.64269
344.82365
366.10821
310.81605
344.33271
306.07656
380.05908
307.5735
321.07935
406.55134
408.96529
331.2205
345.50059
306.30864
383.66935
308.77152
321.80265
305.5213
313.71065
304.4267
324.31422
304.4164
306.11748
305.44812
306.76332
305.49046
314.53066
325.25161
305.69433
306.56304
307.46919
323.87035
324.2863
306.55339
309.05302
307.91599
345.03086
365.6769
311.53871
346.12105
381.73044
307.5047
309.28325
323.17699
407.04614
406.05027
332.13971
344.99803
379.39443
306.92154
308.78297
321.92572
346.32208
365.95805
312.08451
345.16684
366.50129
310.59812
324.80487
324.25509
305.48819
308.07291
308.62906
408.95218
404.16127
335.91786
345.35861
383.71892
306.43491
308.87239
325.45175
345.83763
377.1912
306.73073
308.42532
325.69216
306.42766
314.59505
305.22082
324.17027
305.41625
306.54842
306.10631
312.71763
382.81768
383.20856
419.81673
332.04144
331.23631
332.85947
307.12992
379.88012
384.16773
423.47746
319.23629
328.85746
330.54301
308.0198
381.28311
378.59466
426.27782
325.30579
327.69642
324.2083
300.60014
300.39066
300.39487
301.56265
301.71324
301.43705
301.49745
300.4762
300.35532
300.26322
301.70131
301.58599
301.5288
301.40861
300.38914
300.53037
300.3935
301.48883
301.44941
301.71313
301.74954
300.47574
300.25415
300.42933
301.44022
301.66545
301.46135
301.66462
300.41621
300.56928
300.49154
301.82046
301.92646
302.01922
302.37032
300.43979
300.43872
300.50872
301.52022
301.65829
301.90741
301.70567
300.50396
300.87986
300.84699
302.40803
302.04825
302.31078
302.16407
300.46127
300.7144
300.63891
301.98482
302.11963
302.045
302.01592
302.04164
301.91731
301.89473
303.50785
303.85571
303.57693
303.56608
302.5509
301.96891
302.31076
304.12355
303.87616
304.02169
304.21046
301.72055
301.91318
302.56047
301.40945
302.36486
303.14226
388.94817
303.14333
302.21354
302.09596
304.38762
302.27459
303.02794
303.06893
303.22287
303.05702
302.8652
305.41011
305.3334
304.67653
305.02288
303.66403
302.62987
302.6812
305.14856
302.72814
303.84074
303.53963
302.40114
302.87997
302.99488
304.46642
304.39304
304.76423
304.35588
304.46598
304.19877
304.23173
306.21434
306.50422
306.00878
306.43645
305.2568
304.7668
304.85555
307.27498
306.91426
306.97988
307.19415
391.71901
305.55987
304.70914
309.03732
305.57344
304.43842
305.47622
305.5723
392.73581
305.45094
305.66814
364.87879
377.44199
305.24258
305.81246
350.07751
306.03707
306.1955
305.76779
308.07969
307.96543
307.50467
307.73424
306.56909
310.00231
305.88783
306.71295
305.53903
305.93154
306.61022
305.51504
363.5772
306.42475
377.01974
305.67959
347.39194
306.47772
305.0891
305.28515
305.72857
307.03607
307.03475
307.30489
307.12766
307.13697
307.31597
307.45196
308.60227
308.72827
308.88417
308.83396
308.0424
307.31644
307.29525
308.89956
309.40519
309.18177
309.55308
307.55539
307.8146
308.40637
308.28302
309.26497
309.26788
310.7355
307.55533
306.91681
359.10712
307.603
311.22307
307.86964
313.34368
307.99985
307.25017
307.7601
309.85183
309.85135
309.80631
309.72422
308.38701
308.56757
308.45277
310.10738
310.56112
310.08949
309.96669
307.66821
361.24044
307.8128
308.37365
313.74899
312.47947
308.51618
378.55084
440.26535
439.67451
440.4096
424.32273
406.35291
399.67638
307.75288
307.76963
307.63629
309.81651
309.55547
309.82297
309.44439
307.66367
308.23947
308.06576
309.67217
309.72794
309.48809
309.23057
307.77301
307.96228
307.90111
309.63433
309.79141
309.3855
309.53494
300.78862
301.03943
301.49288
302.70108
301.01171
300.847
301.14011
300.78758
301.12352
301.66501
303.20609
301.03263
300.85173
301.27762
300.80118
301.19666
359.33341
359.52748
300.59996
301.06113
332.54156
300.84964
301.05309
301.54827
302.74324
301.0108
300.8787
301.39069
301.08434
301.14251
359.28077
358.54881
300.96881
300.92148
330.96671
300.81078
300.9137
301.46039
302.86506
300.91213
300.78015
301.32856
301.16395
301.24457
303.32996
302.32048
300.92024
301.36767
302.04497
301.13208
301.30906
359.59881
359.63291
301.13385
301.20342
333.08469
301.15592
301.3304
303.64649
302.29269
301.0306
301.42653
302.02548
301.02463
301.28893
359.073
358.99107
332.29014
301.08058
301.24906
300.99435
300.96544
302.90788
301.74971
300.7994
301.0827
301.60464
301.06923
301.29908
303.73425
302.21636
301.02222
301.33475
301.82757
302.71216
302.09046
301.76348
303.93882
302.01067
302.90854
302.54386
302.9404
302.7995
303.55033
308.57115
302.97851
302.84195
303.75498
304.67975
360.45636
305.52622
362.88409
305.24315
339.45391
305.64743
302.93415
302.13413
301.85503
304.04586
302.1049
302.95693
302.8385
304.02725
360.41391
304.80282
361.07084
304.0486
339.90917
304.80077
303.26306
303.02857
304.12035
309.24383
303.32464
303.15628
304.37092
303.06736
302.0372
302.47431
304.85634
302.25783
303.10375
303.51376
303.25345
302.85686
303.74908
309.82966
303.07985
303.32152
304.32975
305.93938
362.00415
362.65034
307.2687
341.61315
306.47017
306.35474
388.11585
400.50326
400.84602
301.76703
301.70765
302.64558
301.3179
302.66417
302.38737
388.32385
399.44262
400.12661
302.85023
301.7807
302.14977
304.34182
302.09557
302.65491
302.97924
303.12713
303.0186
303.98034
308.36157
303.27045
303.01759
304.10516
303.69269
360.77492
361.60695
305.3604
339.40314
304.19638
304.7565
303.91187
302.68682
302.76267
304.92362
302.87461
303.64711
303.97765
304.99134
361.06065
306.40517
363.01815
305.17989
340.0792
305.73271
304.3743
304.43416
309.18625
305.36571
304.36415
304.6553
305.42595
388.40289
302.81123
302.76576
304.03903
302.40026
303.81633
303.89484
400.91476
399.65413
302.17266
302.63488
303.44238
302.2944
303.4904
303.88682
400.07491
399.75597
304.13682
360.65158
305.40452
362.82982
305.07663
304.26932
340.90061
303.50376
303.68351
310.17126
304.35163
303.53631
303.73438
304.37135
303.77128
302.72673
302.76641
305.11642
302.91796
303.69899
303.57049
304.20176
304.37828
309.84255
305.19664
304.10539
304.50693
305.19789
304.72288
359.64792
362.93255
306.10017
340.45985
304.95948
305.66455
304.73049
359.24397
361.45626
306.1511
305.65885
338.96577
304.97896
304.05017
303.79537
310.29167
304.61084
304.09022
304.07235
304.86133
304.86757
304.13959
309.06983
305.10855
304.00718
304.79248
305.1623
304.84896
304.6996
364.13458
377.32095
305.64784
305.11647
347.99513
305.1843
315.13503
306.09745
306.82454
305.29845
305.60463
306.17439
304.9506
305.07587
364.02348
376.82071
348.25895
304.9915
305.23343
305.66349
304.83889
309.55276
305.6006
304.68969
305.58732
304.98883
305.84564
314.60731
306.14458
306.32914
305.43414
304.8576
306.38087
305.73534
304.45617
310.24849
305.32357
304.69788
305.17562
306.09997
306.5325
365.23197
306.49724
377.95925
305.5377
350.86243
306.99691
306.3225
316.67765
307.84913
307.74882
306.49361
306.86222
307.47308
391.57165
392.42408
305.65753
307.02175
307.62795
307.70165
308.16566
318.33142
441.47929
391.54437
305.80365
306.27878
306.41244
305.91161
307.46031
313.90459
440.63465
305.00775
363.68275
305.63384
377.46773
305.7346
304.9901
347.32091
305.91806
315.73116
306.59218
306.76423
305.7531
305.83418
306.78834
306.11911
306.76839
364.45885
378.03261
348.20004
306.12265
306.88201
306.82197
309.83435
306.07656
306.7572
305.76115
306.42281
306.77516
307.1356
316.68794
307.86457
307.83284
306.95713
306.88169
307.92337
392.78797
440.74555
306.89916
307.58377
307.25328
307.81589
306.81228
315.3232
392.72125
391.58791
441.19156
305.85048
306.78598
306.79417
306.88213
307.55401
316.73292
305.56855
310.46552
304.90732
305.65008
304.6294
305.22289
305.53973
305.89991
315.52627
306.79537
306.93082
305.83902
305.36027
306.86343
306.11291
364.74002
306.37455
376.58556
306.5528
305.89052
350.08224
306.75685
315.67733
307.30524
307.20078
305.95963
306.41052
307.39819
305.91606
310.73374
305.15055
305.66983
305.09554
305.68676
305.73167
306.23734
315.96582
306.95907
307.08572
306.00366
306.33377
307.03487
308.97029
307.45086
362.25557
307.58458
316.9711
307.79935
314.58799
309.93832
308.21348
362.88796
308.50155
318.39882
308.69014
315.0978
381.74537
440.10199
440.28075
437.89554
425.23183
404.63085
405.81024
371.59908
439.93307
440.22422
439.77103
405.51953
422.63
404.21437
307.54743
306.73161
364.00385
307.79326
312.60006
307.88241
313.8106
374.61889
439.74724
440.32322
441.00208
403.35976
422.89355
402.85414
307.48719
357.4675
307.46907
308.18765
312.60695
309.09458
308.40006
308.73532
363.98219
307.19336
307.91632
315.16913
316.531
308.2059
308.05569
354.47657
307.15369
308.12245
315.80278
309.50048
308.21922
366.28711
404.14632
408.30703
311.61831
339.16132
301.78998
306.16366
301.73452
346.88593
339.32258
302.5769
310.34837
302.62249
348.38702
328.00441
360.91974
301.56103
304.28388
301.72105
304.08455
328.78893
367.19446
302.38589
308.03678
302.55479
304.48595
389.07808
393.47688
367.27812
405.87536
409.23649
312.47026
341.04238
302.44178
307.1582
302.40467
349.96909
341.72029
303.56159
311.63026
351.43165
303.49856
329.40198
364.47865
305.01235
302.48782
302.3478
304.96699
389.73625
394.87296
330.3081
368.16836
303.41172
308.66037
303.35822
305.23767
397.31944
317.71762
375.66917
396.39291
317.13147
375.65952
402.85185
310.4804
310.42697
366.77979
375.44388
412.50087
412.30733
329.97414
348.7067
305.36146
317.05709
354.43854
305.44867
349.08885
305.90726
318.25414
354.46296
306.11826
398.73251
403.21504
338.70464
380.39125
314.25071
306.10028
305.39077
313.76544
339.69839
380.08193
315.20821
306.91221
306.07098
314.95312
408.07259
329.75864
382.7566
402.67207
340.83357
383.41401
408.89822
324.06128
331.87568
376.85903
410.00953
330.36749
386.4569
403.20569
342.72015
385.26247
409.17547
324.10562
334.49584
380.44097
305.5315
348.95996
304.81596
312.40691
305.63333
333.4758
304.92096
305.8005
362.84224
305.44849
317.08735
306.18084
339.85628
305.36468
305.76304
348.31155
305.45918
311.99682
305.89115
332.13833
305.54627
305.93292
362.45993
313.9289
306.01606
336.90644
306.15787
305.96099
371.17421
431.92601
362.77006
358.02072
409.57011
388.26833
346.80396
367.76609
429.43474
358.64688
343.94117
409.92513
377.80933
338.46575
300.82509
339.58924
301.01834
303.00065
300.91025
300.9421
318.8044
300.85026
340.72247
301.09924
303.50931
300.97346
301.04674
319.45058
301.16296
339.20384
301.1269
303.16179
301.11623
301.16981
316.6822
301.13092
338.98321
301.07582
303.18012
301.08271
301.09284
316.91102
301.41507
340.78984
301.27706
304.09713
301.27332
301.42619
319.64972
301.43164
340.3657
301.46886
304.13958
301.49059
301.50835
319.58581
301.19604
339.66603
301.08044
303.66587
318.17112
301.00947
301.13354
301.34952
339.82745
301.43406
304.11861
318.12087
301.21214
301.42701
303.58212
351.75032
303.18653
304.40983
303.06825
303.8689
319.31981
303.88109
347.05877
307.12359
303.89565
303.52254
320.09775
304.50306
303.7349
352.22191
303.24959
305.46575
303.83595
303.26915
319.38688
304.28429
346.60873
308.30226
304.33292
303.99811
320.02287
304.7314
304.65267
352.97066
306.79948
304.17039
303.98804
321.60488
304.93472
305.10711
348.81071
309.08971
304.9558
304.46944
321.74967
305.61979
367.08262
405.58292
409.10111
312.68352
339.77109
301.75851
306.34638
347.35022
301.57252
340.23078
302.57022
310.54385
348.95231
302.46915
328.83494
364.30008
301.28563
304.06497
304.10608
301.46209
329.5696
368.88052
302.13808
307.53544
304.30081
302.31596
389.41003
393.65245
367.97375
405.0913
409.08976
314.02834
341.4813
302.38582
308.39508
349.48754
302.0542
341.60218
303.44479
311.85405
351.06162
303.16217
330.58401
363.41577
301.78695
305.36919
304.87054
301.95055
331.50217
368.61304
302.88874
309.16734
305.39702
303.03747
389.72827
394.62287
397.30469
317.49982
375.26303
397.05738
319.91263
375.40207
402.16859
310.76652
312.5926
366.49403
373.42325
409.80186
411.32114
313.7386
341.19586
305.10554
312.43743
353.19205
303.9112
341.54636
305.59952
313.16257
353.0322
304.30205
334.36305
369.3227
302.85666
309.67736
305.64842
303.49694
334.24122
370.89076
303.26507
310.80678
305.69851
303.86673
382.42766
402.15038
411.01726
316.47877
375.19926
409.42581
319.52363
375.53308
406.62706
313.21777
316.41827
361.34627
411.63799
318.97935
375.71222
409.9719
321.29208
375.96924
406.71038
314.22852
317.45696
361.40666
396.60964
316.06258
374.8589
396.19492
316.42843
374.89513
401.02197
309.19139
309.61883
365.68685
366.4501
405.29495
408.09765
311.3967
339.57311
301.78966
306.09384
301.61521
348.15104
340.57823
302.82132
310.67303
302.53382
349.92452
328.13042
362.60516
301.44727
304.11823
301.5579
303.87273
329.45618
368.65275
302.18977
307.76732
304.18818
302.33929
389.45701
394.16738
411.26532
316.45731
374.08251
408.43304
319.64584
374.19322
406.41635
312.50375
316.16946
359.94336
372.30565
410.50094
410.75736
312.30944
339.39334
305.49455
312.40629
304.25708
352.12762
340.25015
305.26196
312.1262
304.04936
353.18485
332.72359
369.99866
303.13492
310.13704
303.86822
305.3102
333.41378
369.64042
302.9421
309.42334
305.23843
303.66552
387.43748
402.32028
411.36696
316.29541
374.58327
409.74458
319.80077
375.98496
407.01971
313.34272
316.40679
361.99973
303.57741
352.43097
304.82168
303.20508
319.13873
303.1216
303.81143
303.92284
347.87938
306.93308
304.23411
320.19447
303.79271
304.51086
304.83259
352.80749
304.27191
305.68599
304.89786
304.31036
320.53767
305.24522
349.68849
307.7824
305.46417
305.04902
322.32288
305.77667
396.8665
318.36805
375.71708
397.19098
318.2375
375.8036
401.9967
311.60728
311.19577
367.52458
367.21333
405.54363
409.05367
313.21076
339.99248
302.52678
307.64286
302.36271
347.94874
341.23505
303.56771
311.38847
349.75037
303.32495
329.37444
363.30905
305.60661
302.37592
302.3711
305.21847
389.72963
394.03965
330.31181
368.26265
303.33494
308.99444
305.79933
303.25107
411.27674
317.35525
375.78285
410.92939
320.60766
377.59548
406.84717
315.0657
317.31112
363.63659
373.34232
410.33658
411.02153
313.51691
341.32579
306.07273
313.45824
305.1321
353.72087
340.81703
306.21389
313.13199
305.16652
353.5525
334.94809
369.23105
304.3239
310.59018
304.84242
306.53476
334.09626
370.91888
304.3043
310.94387
306.58313
304.82542
386.79045
401.66373
410.70959
317.42883
374.07802
408.9611
321.01396
374.62126
406.75114
313.45393
317.23738
359.94574
368.11028
405.67158
409.25172
313.15465
340.60122
301.82613
307.09461
301.78545
348.23024
340.97731
302.85919
311.44299
302.74574
349.91728
329.81416
364.09851
305.17131
301.92301
301.82368
305.24228
389.99047
394.13177
330.51551
367.92267
302.79398
308.78397
302.67144
305.71594
367.25186
405.08254
408.3875
312.54095
340.93131
302.54069
307.29289
302.44683
348.42835
341.28074
303.58293
311.51379
303.45481
350.00314
329.19703
363.15666
305.51875
302.41334
302.3941
305.43244
389.94888
394.29951
329.7271
368.02426
303.37534
308.74878
303.36857
305.86089
411.19218
317.64283
374.71781
408.70312
321.01553
375.0247
405.78223
313.55021
317.43622
360.72627
410.51005
316.52847
374.33181
409.71646
319.88962
374.78547
407.04375
313.9262
317.14097
361.12514
372.57183
410.34371
410.10218
313.92073
341.0185
306.21561
313.66139
304.93364
352.76324
341.02994
306.3476
313.67532
305.21458
353.39997
334.60825
370.0101
303.9277
311.34352
306.9789
304.49811
334.55888
369.1654
304.23944
311.19614
306.99842
304.79107
385.39698
402.08492
303.97284
352.44526
303.28315
306.30789
303.32282
303.90045
320.57502
304.49528
348.08411
309.08304
304.62656
304.85617
320.97747
304.15986
304.49215
351.8198
306.8101
303.92591
320.45278
303.90808
304.59173
304.96122
347.88532
309.13686
305.1638
320.77247
304.70719
305.45087
304.54078
351.2946
306.00694
303.9705
304.03698
319.51972
304.58923
305.00805
347.61133
308.70963
305.14984
305.32581
320.33109
304.78467
304.57275
347.94913
304.19051
310.82013
304.70979
304.38476
331.85433
304.43702
362.70738
304.68536
314.11618
304.65237
305.23815
337.16273
305.02326
347.94422
304.67267
311.2592
331.99095
304.74432
304.74857
305.13598
362.16085
304.98686
314.0281
337.42089
304.9927
304.93736
306.41729
349.21216
305.26901
312.59704
306.05761
305.58858
334.1871
307.11196
363.53881
319.55126
306.52208
306.37152
340.97035
307.4389
409.10086
329.53598
383.84878
403.09846
340.95574
383.5431
408.08125
323.38837
333.24142
377.37272
406.75495
331.36965
383.28536
403.25761
346.23222
384.8011
408.28183
325.64057
336.30527
377.92717
392.4247
415.76262
421.26754
340.80748
370.81102
309.83782
327.20848
307.70206
383.18113
375.16684
325.56968
365.5172
387.4023
319.12363
361.71829
381.34947
321.58607
307.57754
307.02618
322.69641
407.07513
414.22887
366.13068
393.28512
314.99134
355.69811
325.47177
316.22643
394.27962
415.04751
421.20746
340.95022
374.63222
311.50672
333.16353
310.88184
383.24842
379.84615
327.00629
371.52861
387.45486
324.66201
364.46316
380.35698
325.07487
309.45527
309.39277
323.17248
409.76865
414.05355
369.6531
394.07904
316.62455
360.28434
326.34407
319.99672
444.00439
383.14303
433.51486
444.20176
387.78539
433.79345
420.43741
373.70162
377.154
424.58987
374.12145
412.36751
412.03654
328.59954
348.44075
305.73866
316.63432
353.59773
305.59659
349.27459
305.57481
317.11376
305.7526
354.41665
396.40832
402.87397
338.70914
379.04272
313.49123
305.60689
305.44532
313.44982
339.09007
380.24464
314.57941
306.07378
305.64367
312.84344
409.84516
329.09677
385.61726
403.45185
342.2901
384.20551
409.69139
322.96632
335.15095
379.93783
391.06842
415.37902
420.69443
337.07405
367.90062
309.21631
326.66458
306.69473
382.11134
371.32423
323.83197
356.938
313.74846
386.08797
358.44979
380.38881
319.59779
306.34063
305.67677
319.11486
405.76091
413.80571
362.79397
392.78111
311.00151
347.69768
310.72009
321.55559
443.68674
375.86864
431.52627
444.14118
381.28943
431.90955
420.88343
366.70251
371.26513
421.24363
392.48611
415.91972
420.42795
340.25306
372.30094
310.8537
328.74824
308.42254
383.13985
375.31645
327.00447
363.58788
387.55369
318.82266
360.89656
381.33732
322.90428
307.30368
321.82411
307.2934
408.27655
414.05583
365.21379
392.11332
312.92577
353.16629
324.39942
314.88324
305.38575
348.89114
304.64313
311.06495
304.94272
304.72542
333.10911
305.53796
362.91551
315.08887
305.53509
305.41486
336.93744
305.51215
306.46635
350.33521
305.77238
311.98698
333.83309
305.85213
306.0151
306.60085
363.22523
306.57432
315.55732
337.83919
306.4965
306.54329
375.52342
411.95987
411.93959
329.25477
349.63275
306.32389
318.08177
354.91499
306.48778
349.88593
306.40504
316.85342
306.2981
354.79211
400.75743
402.78937
339.15401
379.72227
315.46843
306.68242
306.43092
313.18771
339.65517
379.29086
313.55971
306.33201
306.21981
314.26279
408.80903
330.01518
383.54639
402.69541
344.19795
385.05113
406.68209
324.1603
334.97115
378.33806
392.11188
415.73694
420.94407
338.15324
370.88797
311.88955
328.87575
383.04426
308.79365
374.54894
326.36174
360.94093
317.56231
387.31929
407.25845
413.84697
360.18562
381.05716
322.12828
308.05395
307.81989
320.5906
364.52527
392.70516
350.57472
312.64766
314.33386
322.75952
443.8211
378.73928
432.06476
443.84657
381.78017
431.90384
421.05146
369.35492
369.43493
421.74688
393.15472
415.08499
420.85885
336.54677
373.29975
310.27042
330.67212
382.47952
309.16447
377.30666
323.49644
365.15191
386.44086
320.05142
408.54744
413.85114
362.48291
379.26989
323.18336
308.02026
319.54639
307.93089
367.07013
393.01552
352.4757
312.59476
321.85386
315.8148
408.37735
331.34017
383.58075
402.93328
344.12822
384.95414
409.54759
325.47403
334.45942
378.07662
408.62918
330.6706
383.84375
403.05448
340.78064
383.98527
409.60338
324.4487
332.95549
378.40799
376.17529
412.57951
412.73534
330.16743
350.04533
306.41788
317.99948
354.18595
306.17079
349.67329
306.54026
318.19268
354.65423
306.37491
400.99316
403.21315
339.99559
380.78531
314.73233
306.18412
314.85607
305.92931
339.84489
380.89699
315.16213
306.33666
314.17243
306.13464
444.10478
382.87146
432.79811
443.43234
380.16956
433.01418
420.25628
372.70869
373.31285
423.39375
392.14431
415.43637
420.93692
339.4451
372.1463
310.3581
330.74259
382.90935
308.71475
376.67636
326.71763
365.62336
387.27252
321.02243
407.67651
413.89473
361.91287
380.65537
322.75221
307.76954
321.39156
307.46991
366.0207
393.79665
354.64967
313.89508
324.33744
315.81595
391.37666
416.05132
421.43989
341.66719
368.36487
310.50355
326.36465
382.86799
307.08255
371.93871
322.30248
360.87022
386.64578
313.90136
406.25989
413.93444
359.22671
381.80334
320.58204
306.99303
322.69595
306.55696
363.48072
393.97551
354.01271
314.6642
325.94149
313.06135
306.1327
349.04627
305.48203
311.70421
305.61656
305.64446
333.6275
306.56607
362.07892
317.19829
306.1392
306.33765
339.68858
306.07224
370.40334
431.47492
362.13734
354.21525
410.75163
344.25737
390.62414
377.06389
431.94026
369.13186
356.76506
412.10491
352.91307
391.46477
361.16731
430.61173
352.29849
349.01165
333.64908
406.02079
388.75038
365.07529
431.80612
359.63359
354.84603
391.75567
407.13661
340.48826
364.17924
430.77964
356.72867
350.6469
338.17911
407.26808
388.134
368.03811
430.96303
361.01514
349.14999
386.97269
407.18534
343.00628
310.23356
301.83762
301.58373
301.91423
301.65962
302.02132
313.63139
302.64327
302.05005
301.76489
302.65054
302.05938
302.63816
302.63307
311.91382
302.26523
302.55614
302.77892
302.41893
316.28795
302.94024
303.75374
302.82071
303.16634
304.06331
303.08001
303.80625
303.85717
318.77395
304.43526
304.7467
304.44685
322.2733
304.68759
305.07225
324.32137
324.44577
378.57493
381.30293
323.63835
325.22456
379.35415
324.30794
377.97966
324.12795
380.21294
323.61185
378.90498
324.96505
437.93581
447.56301
447.71149
445.17257
446.3002
441.27858
441.6764
300.93121
301.0252
301.49783
301.60107
301.00627
301.00147
301.33236
312.73386
314.59977
369.58885
369.58329
313.64173
313.9293
368.08745
312.29606
314.39266
369.44101
369.22685
313.54804
313.29109
367.76361
313.13685
314.73299
369.66566
369.65386
314.07442
313.96585
368.20519
312.4397
314.49906
369.17717
369.43237
367.65652
313.38338
313.71967
301.24622
301.38754
301.87017
302.25197
301.24829
301.38396
301.76734
302.47463
301.92039
301.75341
302.51491
301.94927
302.43491
302.52
318.77256
374.88309
322.53685
376.01201
320.16648
371.81506
321.38174
302.67678
301.98255
301.80443
302.67926
302.02962
302.6086
302.81352
318.42482
374.66045
322.30179
374.946
319.97146
370.5394
321.01786
302.69384
301.95647
301.94383
302.57633
302.07214
302.49083
302.96769
320.1258
376.47062
377.26103
323.72793
373.02433
321.41173
322.8237
310.99153
301.73892
301.5327
301.8785
313.8994
301.53569
301.90772
312.27467
302.2124
302.11983
302.60495
315.90883
301.98264
302.47452
315.97284
303.4514
304.06353
304.2989
321.6782
303.59227
303.78124
310.84309
301.73041
301.53772
301.96966
301.56615
301.99581
314.57739
315.36992
303.72782
304.45866
304.39111
303.93652
303.85596
321.15419
318.77619
375.17573
376.20506
322.45169
372.09852
320.15221
321.30331
303.84206
302.83794
303.13647
304.08698
303.02447
304.00065
303.92882
319.14342
375.59839
322.8276
376.56841
320.49948
372.35991
321.69465
311.43116
302.30145
302.45626
302.72222
302.32833
314.69811
302.77606
316.51277
304.91977
305.3317
305.32825
304.93307
304.9223
321.90863
311.64455
301.58178
301.8238
302.01836
302.1627
301.7087
314.59829
311.53398
302.34737
302.50046
302.77623
302.89287
302.43226
314.9536
316.87983
304.30345
305.02263
305.05795
304.53625
304.65332
322.54078
303.02593
302.17515
302.41723
303.37183
302.33412
303.16571
303.08124
319.22189
375.37021
322.84136
376.13991
321.84877
320.53618
371.78677
319.34284
374.07063
375.37032
322.67407
371.08782
320.39906
321.8963
303.56329
302.65788
302.84841
303.48428
302.8237
303.75869
303.5
319.17896
373.65503
375.44705
322.47121
321.79501
371.01978
320.12181
323.89217
324.12226
378.41289
380.97731
323.14609
324.90625
379.21457
305.41417
305.5369
306.2761
306.87072
305.51761
305.45097
306.24279
323.34576
323.89634
377.34486
380.61368
378.12235
322.73533
324.63233
306.11205
305.91683
306.99682
306.4192
306.30335
305.34297
306.72134
325.31911
379.60462
325.29433
382.00204
324.60054
380.16417
326.08328
306.2356
305.70222
306.59543
307.70353
305.86635
306.11064
307.03016
344.34569
309.3682
306.21914
314.88664
307.81085
355.16001
312.38819
350.16707
311.18261
306.97623
316.63087
310.7249
355.59422
316.08751
318.31955
304.84185
304.78886
304.75196
305.0073
321.80679
305.02611
339.77492
308.66809
305.45938
313.55962
309.72016
306.74426
353.51415
345.52911
310.06542
306.22215
315.70617
308.32511
355.6297
312.73746
323.6783
378.49592
324.08304
381.0981
324.90493
323.03757
379.22985
306.12569
305.9433
306.97399
306.67228
306.22893
305.7135
306.86578
324.15511
324.51405
378.86375
381.47368
379.53318
323.46587
325.39285
307.33467
307.11525
307.88913
308.01416
306.77656
307.42717
307.97519
318.81346
305.659
305.65614
305.83917
305.87071
322.46511
305.90189
343.80016
310.83228
315.79249
307.4017
312.37781
355.62251
308.75696
347.02625
309.6459
314.14151
306.15562
353.992
308.87996
313.05659
319.67878
305.34166
305.33605
304.95768
323.15147
305.45421
305.45271
346.68896
309.92901
315.64778
305.66372
355.15119
308.82768
313.7694
340.10313
309.11761
312.97076
306.6799
354.33726
306.7979
309.39405
306.11661
305.96059
306.99876
306.99804
305.42971
306.21222
306.93572
324.16894
377.7556
324.23023
380.2359
324.95559
323.5719
378.70095
307.04833
307.01683
307.45339
307.85123
306.25073
307.25103
307.65824
306.3405
306.01794
307.01217
307.06343
305.9207
306.34884
307.03075
437.09022
447.31242
447.39614
444.29494
445.9843
440.36525
440.69964
438.10021
447.52417
447.58078
444.89913
441.39688
446.32181
441.18441
438.74188
447.60176
447.88536
445.37437
442.32752
446.53072
441.40811
308.15734
307.93973
307.64628
308.82537
308.32258
308.7178
308.64526
308.12813
307.33812
307.29332
308.52048
309.00659
308.4136
308.40578
333.49749
310.36192
314.44636
359.42242
308.25258
342.28026
359.14072
331.93989
306.14781
315.2899
370.07853
305.71667
337.46782
360.13328
365.74961
335.8664
391.39376
362.71733
389.93328
366.44327
336.55781
391.81485
363.53298
390.12815
338.97224
314.35215
371.60836
323.51076
313.78465
343.40499
365.49042
366.32326
403.92608
342.79813
366.39787
402.20912
384.22127
361.91414
403.42042
382.0461
403.0005
367.20421
404.2507
344.97868
365.84642
404.81359
385.4009
404.01047
362.7508
383.33682
403.39667
305.2997
305.36491
310.79089
312.29161
327.37897
305.10058
305.32688
305.8303
305.75538
310.11846
310.27135
326.01693
305.58357
305.8504
348.49726
316.4178
351.17146
351.46158
397.67595
329.07711
328.64986
300.80845
300.96964
302.36299
302.70376
300.8836
300.93752
311.71922
301.14137
301.16506
302.47175
302.47552
301.18014
301.12274
309.76573
301.45968
301.62946
303.39637
303.30461
301.5329
301.54203
312.12451
301.29198
301.37985
302.92098
303.25384
310.8602
301.24233
301.40352
303.3585
302.87599
304.49096
306.07598
302.95918
303.18731
315.4091
303.69027
303.26607
305.07289
306.85046
303.27944
303.6357
314.98859
304.28335
303.54294
305.55213
307.43796
303.76534
303.95266
316.32255
329.21645
304.49066
312.44956
368.14699
304.30845
334.96469
358.52394
331.59273
305.90279
314.9911
370.3465
305.15408
337.28941
360.02411
336.09047
311.5084
316.04967
361.08114
309.72551
343.72269
360.92115
365.19964
334.65233
390.38234
362.37192
389.62519
366.53368
336.82995
391.48942
363.66012
389.78478
338.51424
312.84724
320.28277
369.7153
311.0716
342.76267
365.95533
339.09446
313.83408
321.4554
367.07797
312.29589
342.69385
364.91775
359.83596
344.15546
400.57667
354.88929
397.56912
365.09043
340.05205
403.94643
361.0468
395.89722
361.09811
345.88911
401.37134
356.65179
398.52759
366.2651
341.07229
401.3669
362.44472
394.40029
364.96472
334.78205
391.08571
389.12904
362.11279
365.43998
335.08063
391.05416
362.4401
389.06793
329.61439
304.77617
312.73144
369.14407
304.51487
359.07523
335.68875
334.55913
310.71983
314.51515
361.36379
308.17239
359.81991
343.62309
360.06569
343.85949
400.29988
397.52516
353.97335
364.67202
339.11728
401.09601
360.29128
393.74459
337.71937
313.16613
320.4179
366.88996
311.69838
363.59436
340.91704
337.94587
312.65551
319.89426
368.39164
310.75819
364.85783
341.81889
360.54148
345.3794
401.68329
398.4209
355.63997
366.39739
339.47636
402.70166
393.60457
362.7819
303.48899
303.03011
304.81068
305.92716
315.16637
303.0694
303.38957
304.77401
304.3394
305.89704
306.79864
304.3208
304.68372
316.87392
366.2079
337.39748
391.67716
389.91042
363.25101
365.96832
335.76366
391.28954
362.77394
390.22283
330.31204
305.77601
312.79252
369.58359
305.31316
359.23899
336.88188
360.64864
401.32416
345.57941
398.76801
356.55451
365.04255
341.95653
404.29381
361.45571
398.16801
338.1045
313.74414
321.50736
370.55877
312.4889
363.98115
340.99194
359.61455
400.00162
344.84242
397.50527
355.01816
363.8824
340.81593
402.72448
395.28081
360.22591
334.88153
310.93113
360.33817
315.21942
309.00782
343.03449
359.92886
330.81511
305.95657
313.67396
370.11262
305.75331
360.24212
336.78841
333.91228
311.07087
359.64701
314.36255
308.50013
342.61819
359.29338
360.34987
401.06541
345.38976
398.08456
355.31679
364.37537
341.24694
403.73126
396.09402
360.26834
359.26605
400.21159
344.22598
397.48514
354.56568
363.91756
340.39128
404.08942
396.27512
360.36353
339.10743
314.42175
321.72089
369.2197
312.99091
364.65101
342.42126
338.83451
314.42179
321.17453
368.52981
312.77063
365.27579
341.21902
303.80425
303.42336
305.61387
307.54721
303.35999
315.89388
303.76354
304.34
304.0381
305.97723
307.63257
315.89882
303.94427
304.35477
304.50609
304.10906
306.25272
307.44732
304.10009
315.94764
304.43948
304.60387
304.8485
309.43845
310.38403
304.58684
304.81435
325.58194
304.8682
305.23108
309.66881
309.6142
325.54671
304.93748
305.05449
306.42
306.09355
311.26042
314.34814
305.90853
306.23784
328.46196
367.20486
403.8986
343.91851
404.97456
366.50446
384.42927
363.47269
403.69596
383.50544
403.50463
368.26908
403.63512
345.15193
405.22223
368.18153
385.3801
364.69399
403.50198
384.61411
404.10301
385.59369
363.59844
411.09729
379.59092
359.12367
407.95496
391.18136
388.57082
364.30662
411.25274
383.10496
362.88905
409.68408
391.92337
424.6681
431.31689
407.15847
429.50638
422.91799
368.1424
401.22125
343.63616
403.76727
367.19176
384.84311
362.29403
403.35253
402.78579
382.80769
381.8992
361.09273
409.69427
373.72326
353.56253
389.72386
404.54636
423.33849
430.77775
400.37265
427.02865
417.69382
361.43997
329.71504
342.22902
389.96664
327.6624
381.55221
366.65567
305.40676
305.43164
309.50044
311.59823
305.13593
326.99485
305.51075
306.41657
306.47936
310.29642
311.52961
327.45055
306.18829
306.50644
339.01283
314.42432
372.39269
322.58787
314.02002
365.35294
343.95187
366.6211
402.48731
343.50016
401.04264
367.68489
384.42295
403.0836
363.0692
403.14628
383.13953
384.30508
363.0723
410.2182
377.33404
357.02421
390.77012
406.82434
423.42211
430.80652
402.79462
428.0157
419.35387
423.23383
430.73162
404.244
428.65357
420.67564
362.0178
329.1127
389.68067
343.1846
328.1078
382.8489
365.89499
366.80475
403.80219
344.43848
367.42045
402.14562
384.6751
403.04445
363.3593
383.54118
403.74264
367.31915
402.08604
344.92735
365.31957
406.17985
384.78313
403.79319
363.3336
383.44804
403.14379
338.82217
314.76926
372.4564
323.48473
314.16856
343.2425
365.48149
339.08708
315.19268
371.45375
323.13064
314.61679
343.41005
365.077
424.72206
431.66621
406.60395
421.85004
429.36601
421.605
429.99586
398.42089
416.34215
426.47667
362.58713
329.38723
390.35983
343.50037
328.19087
366.80725
383.4633
380.67537
358.40557
408.2265
371.26153
350.79845
388.69064
403.53744
305.98079
306.14296
310.25852
312.57426
305.84071
327.57012
306.05263
352.3106
320.19133
352.43188
356.89328
399.47452
331.07645
335.37553
340.38627
311.41579
343.06521
348.73375
320.51763
393.07721
323.16417
342.69958
313.50094
347.16743
347.47848
324.30511
393.53507
325.56302
382.18481
377.76267
379.95951
305.92513
306.59627
307.60948
302.31315
336.25576
301.52384
301.70262
302.78711
303.16607
301.96163
301.71679
337.82004
302.22219
302.56165
302.95427
304.02615
302.19121
302.2469
339.63178
302.56313
302.70261
303.62275
304.13995
302.38235
302.4465
406.95016
406.85903
302.53929
302.90979
303.19668
302.50012
302.9799
302.67851
302.61312
303.16757
303.64226
303.60305
303.23395
303.6826
303.29665
303.24649
407.85167
410.44342
409.39664
410.80247
322.48016
374.4725
319.57402
365.61236
322.28919
374.74365
319.50813
323.55553
380.306
321.86911
375.68775
324.69919
378.13139
321.05819
322.4569
374.13679
319.12576
363.56582
322.35061
374.65057
318.89837
321.06561
314.84506
355.97155
363.94505
373.5442
317.31361
318.59788
317.93187
328.99782
324.12293
311.41177
315.35914
307.59781
310.22907
319.86087
334.10244
325.91271
314.89218
319.14873
309.23652
311.22279
431.76859
444.99114
437.89707
427.28559
443.41383
435.33711
423.02518
431.54556
445.07409
437.25058
424.55857
443.39567
434.93484
420.93448
301.35592
301.09692
300.9315
301.01851
301.3026
301.15553
301.20663
301.76241
301.27724
301.48058
301.18309
301.6587
301.35845
301.44803
310.23396
365.94215
308.27828
356.00739
311.53328
363.99332
307.22239
310.63084
366.39753
308.80607
356.76568
312.06386
364.52292
307.67835
310.40462
365.807
308.55311
355.68214
311.75932
363.86903
307.72747
309.99529
365.79002
308.31564
355.62537
311.14092
364.02135
307.5091
308.33548
305.16055
344.23033
344.99301
357.99181
306.48671
306.53642
301.33081
301.07834
301.11623
301.08705
301.34011
301.13306
301.13308
301.88197
301.39176
301.80715
301.99919
301.52647
301.64778
301.54832
310.97279
366.43856
308.90523
356.71664
312.1709
364.58203
308.0845
310.89895
366.1476
308.97999
357.10641
311.95513
364.36848
308.25137
301.96159
301.54844
301.92827
301.58174
302.00013
301.67833
301.64675
310.14717
365.62417
356.1122
308.30798
363.98781
311.20386
307.60952
310.37356
366.20018
356.13384
308.80694
364.2307
311.71247
308.03534
301.99265
301.53408
301.89662
301.54693
302.04037
301.67066
301.64934
303.82688
303.85441
303.67007
303.39579
303.47177
303.35525
303.64143
315.72397
368.94914
313.85027
354.84361
317.19922
365.02797
312.61992
317.82811
372.37308
359.52689
317.19212
367.66128
320.34782
314.95457
315.12459
308.64645
356.23654
356.30964
360.68968
312.34076
312.35461
302.42163
302.88231
304.2975
302.50582
302.9269
302.5697
302.54034
315.41675
368.76888
313.84384
354.32858
317.01675
363.51
312.61382
317.42525
370.22814
358.02487
317.6704
365.60893
319.81505
315.76215
304.36423
304.53601
304.26703
303.94609
303.83441
303.92281
304.28139
303.19947
303.71575
303.6766
303.53208
303.07232
303.08746
303.22508
304.36524
304.92582
304.50042
304.08818
303.82328
303.82628
304.20825
316.94296
370.52554
356.26967
315.00341
365.9943
318.44733
313.74215
318.69409
372.36182
359.39839
318.63867
367.69248
321.19125
316.74171
315.99063
310.86313
356.69428
356.3287
360.55579
313.33203
314.23746
406.37537
406.36801
419.42901
419.21511
419.17934
419.17705
380.54386
378.09945
379.50715
305.45168
305.24758
306.71758
302.19426
337.25088
302.3556
302.6428
303.10533
303.82589
302.23105
302.3394
337.4463
302.24199
302.6219
302.94742
303.74071
302.18384
302.26801
406.62747
406.3538
418.51903
418.65771
419.07007
418.93182
302.47495
304.00865
302.85625
302.41802
302.80488
302.50083
302.55632
304.12318
304.0187
304.06217
303.76005
303.7099
303.70131
304.04437
315.74709
369.21371
355.41643
314.09071
365.12633
317.22863
312.77864
317.30065
371.80692
358.76962
316.69377
367.32128
319.67267
314.76112
316.14288
369.65454
314.56663
355.56047
317.62316
365.33485
313.25807
317.89737
372.55902
359.78512
317.33621
368.12303
320.21053
315.41517
405.93607
406.36363
382.31319
378.64223
379.54759
306.43704
306.85919
307.76224
303.45886
337.93765
303.49673
303.94914
304.16642
304.81956
303.51889
303.63151
338.93645
303.29238
303.78344
304.27004
304.94911
303.44608
303.51725
418.86105
419.95903
418.57748
418.7888
382.14171
378.54524
377.65102
306.83327
306.80233
308.2216
303.24808
335.3075
302.20263
302.43106
303.69706
303.9599
302.74347
302.32512
338.38553
302.6981
303.26656
304.04999
304.99661
303.06124
302.92002
337.33847
303.24187
303.62464
304.3299
304.96747
303.26792
303.28222
419.23492
419.03246
418.86563
418.69499
316.1298
369.32442
314.33103
354.6281
317.56177
364.794
313.20053
318.18359
371.64696
318.46276
358.57276
320.61697
366.90292
316.47436
315.60833
310.62493
355.85901
356.51153
359.74843
313.17301
314.1416
304.68714
305.07991
304.34794
304.22034
304.07859
304.12347
304.36902
305.1851
305.3261
305.05347
304.75799
304.74932
304.88012
305.18364
304.95966
305.3783
304.89883
304.6564
304.63518
304.52221
304.76799
322.11768
374.97709
318.37109
364.67258
321.95382
374.61449
318.3273
323.05636
379.89432
321.56789
375.64834
324.3321
378.26713
320.78768
320.75981
314.3508
356.88108
363.97512
374.06983
316.76793
318.29253
321.48963
372.91527
363.7136
318.68698
373.43512
321.38221
318.40884
322.31874
379.40585
374.60794
321.03663
376.94649
323.99129
319.64338
304.85247
304.84294
306.9282
305.17661
305.19327
304.9494
304.57251
323.006
374.87744
319.73711
366.25808
322.77545
375.16168
319.74516
324.56188
381.10083
376.06904
322.84196
379.13713
325.60735
322.18725
407.80921
410.50428
409.44961
410.37619
393.9789
394.6943
395.74359
320.23139
326.52183
328.04826
308.91639
358.34117
305.79259
306.34845
310.42177
314.47277
307.35043
306.06431
358.40519
306.14007
306.94809
311.55762
315.06733
307.67146
306.34879
445.26362
445.40927
408.92826
410.73835
393.85933
394.67359
394.8715
318.65239
324.1785
325.77183
306.91364
356.67283
305.2238
305.30372
309.86783
311.45074
305.90503
305.64089
358.23507
305.61767
305.99367
309.2917
313.31248
306.2349
305.81335
444.82228
444.91522
321.29624
374.23101
317.84513
363.47959
321.24037
374.20362
317.70848
322.70555
380.08197
321.63353
375.68816
324.38974
377.87315
320.22661
305.56152
307.44544
305.69272
305.6719
305.74625
306.03077
306.02426
321.98912
374.91977
364.35746
318.59688
374.88009
321.78536
318.70542
323.23764
380.27608
376.10703
322.23576
378.36716
324.89752
320.85558
320.79343
315.60346
356.58017
363.87009
374.06466
317.54215
318.51534
305.55152
305.58224
306.85406
305.88315
305.91719
305.97003
305.62126
409.42963
411.35009
444.91847
444.96101
394.61438
394.01216
395.47433
319.43538
324.40913
323.99615
307.98195
357.18739
306.61046
306.90721
309.94764
312.64548
307.24492
306.92428
356.61485
306.10995
306.45454
310.73208
311.87572
306.85573
306.63834
366.84387
308.15573
307.50724
314.74581
313.64186
308.02731
306.9627
408.40823
412.16614
407.48162
410.22052
445.15487
445.13652
395.80668
395.43781
395.92159
320.24356
326.83549
327.54287
308.01836
358.49411
305.41223
305.95573
311.17298
313.54118
306.71952
305.86028
359.37087
305.91796
306.25742
310.45896
314.79728
306.87686
306.00973
367.86113
308.12876
308.24961
315.83187
316.81283
307.99096
306.62767
304.97813
304.57435
306.49223
304.82405
304.99787
304.90482
304.614
305.30474
305.65398
311.92439
305.64375
305.34212
306.06853
306.03927
322.45864
373.92553
319.68491
365.90516
322.37914
374.22259
319.51112
321.15546
315.82527
358.4259
364.40931
373.56644
318.10604
318.77987
305.74846
308.32387
306.15816
305.65727
306.20507
306.53951
306.4719
305.21255
305.13516
306.38694
305.32534
305.37479
305.2041
304.99293
320.07887
338.17717
327.6916
316.58647
323.23532
310.37967
311.447
321.85951
345.3704
329.15524
321.01382
329.20496
312.38357
312.55801
430.98422
444.83724
437.64456
426.17641
443.13066
434.48552
422.17949
432.08538
444.91547
438.42001
426.77957
443.35368
434.97091
424.71154
425.61047
405.78506
433.37287
434.03573
439.63151
415.96684
418.10659
431.2213
444.93431
437.11236
425.76915
443.26798
434.8628
420.71547
431.72827
444.99283
426.5752
437.81475
435.13536
443.46765
422.3162
431.60013
444.82775
437.3735
425.37257
443.36022
434.62635
421.48651
432.58721
445.33244
426.27256
438.04451
435.8212
443.71158
423.33962
315.26238
340.97912
318.92107
316.80711
311.51975
307.64522
308.06125
346.76654
405.08374
406.86392
391.90519
393.44175
369.20249
407.39803
403.50251
372.47142
408.85722
405.47547
403.94368
328.42956
335.45506
336.69039
372.05832
362.75895
363.75162
380.71746
388.03309
407.39306
342.4659
346.56173
312.21028
391.55477
312.43793
391.09606
343.43907
373.81708
405.9467
390.83604
358.89872
395.31484
341.3933
309.20675
344.33742
372.75434
311.38555
329.3625
390.62155
380.34454
392.27902
414.3029
361.89618
410.17907
395.7342
355.02903
402.47214
329.40721
393.60667
405.12131
378.87147
379.40968
343.51594
360.10844
316.06331
329.6836
333.84561
395.95058
308.73183
352.71929
345.13401
331.07014
396.89948
410.89277
377.25627
374.80769
345.95809
357.53983
391.32356
392.90816
405.04237
347.44373
407.72281
392.63706
394.26283
373.76515
409.50272
405.67823
382.30212
389.40897
407.68624
345.22639
349.69732
314.97329
392.97527
315.10679
392.46363
346.50845
374.44956
405.56916
391.41853
359.88799
395.98455
343.22485
347.51151
310.85891
374.66133
313.38778
391.90638
330.73183
382.31302
393.44137
414.97835
348.27418
350.48034
316.27065
395.60686
315.35748
394.65503
350.23429
364.23603
411.06414
397.24979
357.5447
403.54081
331.43434
394.01969
406.46246
380.25489
381.19426
344.57752
362.17257
392.74763
394.81703
317.67775
331.49266
334.87652
396.94181
309.72051
355.0083
347.75016
333.28874
397.84501
411.45573
379.38954
377.54544
348.01867
359.98029
377.87197
395.57683
376.1702
405.95329
328.80041
340.58045
372.40927
394.2587
351.7318
381.14253
385.71977
363.83217
371.47032
377.82018
395.16649
375.91852
407.24533
329.08327
340.18602
372.43115
394.44499
352.61841
381.70272
385.94843
364.19327
371.54731
403.81715
353.63653
377.08386
378.04674
369.63756
306.23557
328.26095
356.00926
381.59025
313.80928
341.93919
384.56066
348.97141
349.75335
404.3628
405.06515
331.58402
404.3991
394.21145
405.74222
394.32537
408.79991
408.29345
361.92394
397.90421
400.44877
381.44794
413.24412
406.3793
382.75734
413.76037
406.86315
408.58627
346.25175
355.25821
356.70218
384.06337
374.5134
375.49424
348.0865
352.62622
317.02266
386.39485
319.52048
400.79616
339.43557
385.90812
396.20734
413.18417
350.53094
354.50117
321.19419
401.84607
320.86587
403.19541
351.39548
378.77607
411.18951
404.08034
366.526
406.42588
384.66986
397.90935
411.13699
351.41671
354.66947
322.09458
401.24591
321.79818
403.81936
352.27489
379.78559
411.26571
402.93854
367.45366
404.66006
400.80269
402.20541
332.59854
346.67544
407.81688
351.86118
322.33751
369.68736
362.03916
346.10026
403.93602
412.77666
389.03822
388.17747
357.70823
373.01618
334.17813
345.77068
406.65248
353.45058
323.98039
370.27581
361.34868
347.67748
405.12645
412.32412
388.56779
389.30586
359.28013
372.50391
385.72239
405.25124
384.89545
409.34042
336.64791
354.62306
377.50145
402.53967
359.51111
387.11594
390.63984
376.96578
382.97129
391.45663
401.90673
389.84224
411.07958
353.90257
359.16349
386.48783
401.45459
370.74264
394.32507
393.38271
377.79367
384.95207
410.0496
366.93048
388.62085
389.82185
379.69302
319.12113
345.29455
364.76184
390.6368
333.87552
355.83074
384.47071
324.51088
348.49718
373.79691
392.5602
336.70211
362.67193
394.19329
364.44568
363.82232
410.51569
410.49603
352.02618
410.41081
404.08421
413.12904
402.81557
387.80453
407.25591
386.42593
410.14092
338.06422
352.82427
380.09171
402.65018
357.87777
389.13038
394.05361
377.70683
383.9389
391.9581
402.3373
390.32945
413.06399
354.79235
361.22018
387.39382
402.0598
371.98645
395.92368
394.20491
378.58528
385.30862
395.43846
364.47731
366.65844
412.30401
411.93707
351.53478
412.7351
406.15836
414.17667
402.77567
312.05438
329.07977
315.23273
346.32494
314.86585
311.95977
328.87204
303.57952
319.55811
306.0085
335.41578
305.52291
303.89889
317.08585
303.6599
319.84607
306.17481
335.46725
305.60138
304.06251
317.58442
304.31501
322.96729
306.20924
337.32194
305.84412
304.45298
320.67795
304.48486
321.01339
306.90311
337.42218
306.49058
304.77188
319.00244
303.82167
320.18519
336.31607
306.12521
305.72801
318.17268
304.08488
304.25995
320.71332
336.44186
306.65866
306.20943
318.49474
304.63244
308.54255
327.11237
342.7089
313.27822
311.47064
323.73241
309.92143
309.52222
327.24954
342.31139
314.09405
312.61816
323.77359
310.76628
306.21184
322.37159
349.22343
311.49621
310.88014
319.78179
306.35532
310.4146
329.07719
345.37216
315.04007
313.55681
325.38062
311.74925
347.83431
405.68662
407.44671
392.54151
394.30808
370.84805
407.49689
403.49301
373.97484
409.56771
405.10768
404.95936
330.47329
337.41596
338.05703
373.6862
364.73854
365.20022
381.49949
388.63499
407.76027
343.01776
347.73832
312.43847
391.86757
312.99681
343.86383
391.55507
374.51874
405.75798
390.98014
359.55137
395.86058
341.22275
346.21559
309.58509
374.52112
311.97119
330.15516
391.3566
380.8716
392.39065
414.31664
346.32615
348.77845
314.09845
394.37287
313.62688
348.11919
393.96117
362.62596
410.64484
396.53203
356.53086
402.8731
331.02973
393.92763
405.93907
379.5921
380.58537
344.11141
361.6987
317.32777
331.31316
335.22058
397.53225
309.13285
354.90158
346.94176
332.3009
397.77498
411.8009
378.08561
376.85206
347.09848
359.19266
392.42747
393.76523
349.98461
405.11041
407.62175
393.26404
395.33028
371.43391
408.75257
404.30074
373.98981
409.69823
405.34883
341.11665
347.10615
309.90738
380.52809
313.59838
331.25843
391.08337
381.04391
389.82489
406.87296
344.52583
349.31441
314.60113
392.84726
314.72931
346.44252
392.1223
374.89431
406.52674
391.61255
360.62759
395.64571
343.78217
347.8195
310.63791
374.63817
313.26228
332.22169
392.33637
382.04532
393.59894
414.77164
348.17496
350.09358
316.044
395.30681
315.07946
350.01316
394.48816
364.5351
410.63888
396.93643
357.43901
403.65558
317.59339
327.77634
334.34857
393.2053
308.54169
359.40025
344.87987
332.61649
394.66305
405.9719
379.90417
380.84852
346.11922
362.4574
318.6009
331.44468
336.29605
397.1173
310.40262
355.05441
347.66614
334.47654
397.89554
411.36393
379.23429
377.81295
348.77628
359.70634
393.03563
378.18439
395.41298
376.33935
405.61574
328.07336
340.07218
371.68813
351.38701
380.1545
393.43217
384.76629
363.61109
371.2158
379.04266
394.87071
376.46162
406.00336
329.6913
341.43518
372.62782
352.72073
380.51663
394.00205
385.0345
364.32221
371.55888
402.70853
353.35866
378.14479
377.45808
369.01345
305.98649
327.83967
355.69173
315.36078
341.83202
380.77177
370.0099
307.04235
329.55808
357.04843
316.24945
342.83372
381.47433
405.06636
393.59378
405.37737
394.17301
345.23065
412.72287
412.69931
388.98609
389.4554
373.79784
413.06939
408.3717
373.80097
410.78719
408.23902
408.64781
335.79634
339.04671
338.78441
376.23893
369.79319
369.88952
341.90636
346.52327
314.00783
384.35754
316.87152
336.02
393.48593
389.56079
397.24247
418.61919
346.97638
350.7309
320.51087
400.68338
319.07018
349.93994
397.7282
372.36058
415.50475
395.90981
363.227
405.96903
341.53763
346.65535
314.5983
383.03314
317.71222
336.46093
391.68506
389.62655
397.82426
418.17446
347.08176
350.5382
321.35527
401.46487
319.94838
350.29745
398.20643
373.30967
415.73008
394.63938
363.60742
404.90389
318.84187
331.63625
336.15044
388.45408
311.49074
357.32921
342.2885
336.07655
395.70825
412.68156
383.01074
379.96194
345.16044
361.87041
320.41629
333.33682
337.58139
389.07587
313.55173
358.02272
343.39082
392.83306
399.90949
379.50115
408.57899
375.11101
414.74418
334.03166
346.23528
363.85226
356.0393
383.00279
402.74898
397.25262
357.01655
370.00783
385.08329
405.52094
379.71584
417.65874
334.9651
341.70394
366.88933
357.60518
386.33297
402.05014
411.15278
353.13627
375.97525
377.5426
362.92482
310.96175
333.87115
358.50024
316.40248
340.71199
385.94058
389.97914
353.42274
354.28953
335.40723
414.86228
416.78519
412.30013
398.82912
415.2521
395.43169
380.60448
409.10165
376.142
396.4871
358.55247
370.10898
384.32383
406.46698
378.42931
417.75947
336.68742
343.85922
368.11908
358.68671
387.49907
403.64497
396.78709
359.50225
368.68223
410.64422
352.80612
376.56485
377.55037
362.28906
312.37618
334.99059
356.91069
317.50402
348.90494
385.70834
363.49871
311.76699
335.44681
358.50179
317.83525
340.57364
386.23306
390.47233
353.73427
354.28378
337.22736
414.994
416.51175
413.06172
399.40156
414.63843
394.25306
377.55447
394.29776
375.0661
406.53218
326.88813
371.18545
338.94344
380.06749
351.06906
392.90895
385.06201
362.47596
370.31725
377.27427
394.49516
375.28503
407.11729
327.53632
339.14309
372.07092
351.73668
393.98956
380.74261
385.20005
363.09546
370.55317
402.82918
350.84751
376.7333
376.72463
367.58792
305.15834
355.0227
325.98922
340.78156
312.66889
379.99284
405.61371
393.63298
383.71584
346.97935
348.13685
330.01334
403.18166
404.28523
404.43735
393.07448
347.36861
405.85376
406.84632
392.67577
393.9613
369.50424
407.69383
402.85836
372.39015
409.0233
405.44939
403.852
329.23893
335.11397
336.65929
372.39259
362.66862
364.16054
380.90658
407.53663
389.22488
373.73633
406.2875
390.96138
395.74538
359.78746
342.95066
374.30884
309.70339
346.39786
312.31109
329.94822
391.71142
381.57495
414.57754
392.86336
363.89602
410.52423
396.4273
356.0952
403.53106
329.74648
393.69964
405.35662
378.59403
360.4045
379.74791
343.13248
332.0996
397.88518
411.15517
377.90314
376.16475
346.69796
358.90934
392.27656
379.91757
408.18465
374.52633
395.32676
356.71617
368.84511
382.96396
404.21353
377.18404
417.09313
335.11226
340.82618
365.74469
356.4181
401.58377
385.21044
395.07944
359.02196
367.80425
409.76481
349.83048
373.81102
374.0568
359.55907
311.18231
354.65204
333.06396
346.09993
315.39323
384.55023
361.78242
310.84756
333.64506
355.923
316.07736
384.46604
337.83897
411.97524
398.06855
388.37211
352.01681
352.83829
334.83576
414.08584
415.47605
413.66976
392.25679
343.51922
411.63926
411.71264
387.06465
386.52618
372.6303
411.59257
407.9137
371.74541
409.91991
407.95442
339.72625
313.78519
380.30865
345.33821
316.73713
334.97151
392.18393
388.48493
417.8603
395.08615
371.03284
414.62891
394.16972
405.04577
361.83126
345.12598
349.53293
320.28446
400.79248
318.864
396.76165
348.57032
340.85263
381.63662
313.6788
346.3374
316.56556
335.54532
393.42358
387.45217
418.05277
396.08758
370.32128
414.75826
394.29144
361.75454
405.15312
346.57967
350.53695
320.58486
401.04378
318.89748
398.44328
350.33891
318.609
331.66653
335.53212
390.22431
312.11099
341.84601
356.51082
335.19938
394.58663
413.31473
381.73903
360.59744
380.35858
343.53727
318.01574
331.89408
335.23068
387.99873
311.10035
356.60078
341.93885
393.59497
380.0155
408.72288
375.60479
396.51021
357.30081
369.17272
385.42993
406.5008
379.53783
417.97643
335.49794
368.97388
342.86762
387.18068
403.07738
358.86799
397.08865
359.80059
369.84008
409.92828
353.09379
374.49709
377.47471
360.85094
311.26601
355.78514
333.31565
346.58809
385.23444
315.16471
412.77477
398.60347
305.44583
321.66555
348.66404
310.92277
310.12213
318.81919
305.78037
308.25141
327.66968
343.99678
313.10597
311.32058
324.03556
309.64057
309.16301
328.77195
345.75867
314.11633
312.29428
325.5982
310.55719
379.23206
394.51822
376.82029
405.92182
329.62943
372.60142
341.10341
381.44868
352.39988
393.67813
385.58878
364.50427
371.74286
378.59974
395.47251
376.70663
406.0784
328.67797
341.03198
372.94756
352.49533
395.06414
380.56926
385.84111
364.15112
371.36238
403.32078
353.09315
378.3501
377.76317
368.8608
306.90625
328.87219
356.87655
315.22649
381.20806
342.78498
405.54498
393.97623
384.7868
349.62028
350.29373
332.76161
405.01343
404.34309
405.052
394.84959
405.5381
347.82301
407.49667
392.88878
394.47005
370.54117
408.52769
403.8404
373.71916
409.4297
405.03624
404.57936
329.9493
337.00528
337.98307
373.35406
363.74068
364.43467
339.95608
308.8891
380.3522
345.70635
312.19631
330.05516
391.08813
381.24193
407.80583
389.43115
374.85942
406.02403
391.82809
396.08832
360.12633
343.68473
347.70978
313.16377
392.30738
313.31062
391.86455
344.85014
342.54934
374.30855
346.36437
310.4015
312.5716
391.60598
330.70546
346.67396
348.95803
314.97413
394.95164
314.20166
393.84619
349.10033
392.4036
393.75857
317.15187
330.5743
335.01869
396.0319
309.93236
353.4576
345.76069
332.41563
397.33585
411.03539
377.48575
375.72674
346.87521
358.46387
379.90427
409.01639
376.11413
397.45088
358.4303
370.48162
386.13771
408.39231
381.2185
417.97724
335.82571
343.67192
368.59128
359.44555
403.39389
387.28179
398.13879
362.42415
371.85217
410.98069
354.20228
377.03714
377.97502
362.81662
312.6295
357.83254
335.30533
348.3478
316.98878
386.94353
363.93289
311.82352
335.01774
359.7796
317.87326
387.4016
341.43862
413.31461
399.26202
391.71517
355.01669
355.65561
336.82161
415.98396
417.12057
415.40025
396.37895
344.64507
413.20268
411.62804
390.23084
386.23132
373.70666
412.56844
408.58057
373.07482
411.50663
408.40825
409.01609
335.31226
338.40129
337.73292
375.79088
370.09648
368.56669
389.04205
419.06153
396.73969
371.38068
415.37642
396.0249
407.0095
363.39752
347.51965
351.45122
321.02492
401.46442
319.63409
397.73615
350.72637
341.36016
381.14158
315.21259
346.86818
318.20049
336.4842
395.65878
387.61964
417.52853
393.30763
369.59947
414.86795
393.02923
361.84322
404.19776
346.51161
351.11972
321.39382
400.51704
320.1132
398.45788
350.10106
336.18587
395.15024
412.7488
383.79698
362.48675
380.24942
345.301
320.28073
332.95292
336.924
389.93252
313.86139
357.72446
342.41049
336.39125
395.68424
413.04632
382.60941
381.08859
345.01155
361.34264
394.74458
399.73789
379.03765
408.20603
374.58587
415.54088
334.83414
363.04328
347.2403
383.21008
402.07657
356.1043
396.34916
356.64664
369.21775
383.15916
405.40677
377.206
417.40429
336.57113
366.40204
342.50442
385.81353
402.70909
357.25666
409.31993
351.32342
375.04861
374.79273
360.29775
312.30174
355.35504
334.22746
347.08008
384.6688
316.52323
412.01508
398.33763
414.002
392.54803
389.31119
352.9649
353.11062
414.9392
415.61555
336.24589
405.69352
348.89008
407.81432
392.67821
394.73233
370.50198
407.97072
403.44214
373.44351
409.28672
405.25648
404.69885
330.38491
336.83888
338.09352
373.06047
363.60799
364.58135
375.39008
406.75121
392.00272
396.742
360.4645
342.5005
310.37309
347.00412
374.07107
312.6975
391.83368
330.32507
381.1495
392.79445
414.46845
347.12701
349.3708
314.87934
394.88525
314.22797
348.98964
394.15891
362.8377
411.32504
396.20212
356.47483
402.60659
330.59067
394.38256
406.25945
379.2947
361.54471
380.70994
344.59193
392.45778
394.25713
317.41526
331.18165
335.13442
397.08993
309.95622
354.51658
346.71533
332.96848
398.28984
411.34191
378.52581
377.16706
347.55045
359.21773
405.39855
348.04317
407.56175
392.80646
394.30838
370.81089
408.87877
404.08754
372.88359
408.81627
405.01665
404.94878
329.72179
336.52547
337.69799
373.62797
363.66366
364.5055
382.18512
408.54827
389.34531
374.65783
406.37252
392.03011
396.78937
360.31025
342.43987
310.72456
346.81003
374.07482
313.00766
392.16314
330.56645
381.18716
393.02289
414.41732
347.11124
349.52373
315.16121
395.06299
314.55518
349.1371
394.34383
362.84049
410.2529
396.69301
356.54813
402.91226
315.83865
326.81088
393.78279
332.92273
308.56298
343.30426
358.73567
330.91429
394.28063
406.17562
379.86253
361.64606
380.94851
344.4337
393.00461
394.44892
379.71771
408.37336
374.90518
415.32366
335.1715
363.54041
347.69342
383.19405
402.78232
355.86273
396.20162
357.39261
369.11109
416.99341
336.29156
367.24394
341.16005
401.50594
386.21905
356.54857
395.80104
360.43493
368.95795
410.69957
352.59176
375.46402
376.93745
361.08255
312.12344
355.89994
334.31985
347.60969
385.14532
316.43117
360.78461
312.26744
358.31657
333.31937
383.47564
340.81941
316.93489
412.44318
398.83462
414.85981
394.89062
389.77173
353.25346
353.76676
414.80889
415.48681
335.88606
378.61532
408.07032
374.31459
414.73019
333.65058
362.94706
346.38191
382.26708
401.96161
356.12606
396.71291
356.85031
369.51174
383.98507
407.05171
378.55804
417.19492
335.07177
365.96304
341.41088
401.8029
385.3494
356.90713
396.12409
360.51463
369.09027
410.72479
350.98282
375.60145
375.65165
360.93651
312.47482
354.80677
333.6177
346.99311
384.63404
315.81227
412.5413
398.65632
414.36292
393.46234
389.65997
352.90457
353.83407
414.44491
415.28937
334.99777
344.69056
412.7035
410.99949
388.6812
384.6781
373.27215
411.94462
408.41575
372.75321
411.51897
408.45301
408.95181
335.63463
338.43262
338.19563
375.91324
369.5771
368.86486
389.22214
418.01494
397.11535
373.11499
415.52098
394.30629
404.51776
363.5874
346.45417
350.32493
321.79227
401.50188
320.30847
397.59372
350.08867
341.8221
383.22256
315.13099
346.9855
317.94363
336.05326
392.99503
387.79742
418.10547
394.63887
372.06737
415.07507
395.42441
406.22482
362.34896
346.78938
350.88622
321.62674
402.1961
320.07429
400.06272
350.06797
320.1932
333.27313
336.5271
388.63984
313.5492
342.88529
357.4489
319.20298
331.53704
335.79181
390.37972
312.50767
341.98172
357.26022
394.71939
399.26973
306.18643
320.68654
347.84157
311.25943
310.82903
318.41735
306.25849
310.07311
327.29851
314.60917
344.27406
312.99941
311.23945
324.05328
310.99552
328.8854
314.03267
346.33842
313.79789
310.78049
328.72489
312.53909
347.11969
317.10679
360.53442
316.5374
313.02289
345.57997
311.15868
329.25157
346.4421
314.55951
314.08171
328.98858
311.33763
311.64441
346.57674
359.01519
316.65106
315.48971
344.11925
312.57168
312.35184
331.00586
315.5363
347.48275
315.25747
312.38747
330.74769
314.81095
348.1515
361.35074
318.59975
318.40841
346.95407
314.72461
387.33139
406.32413
386.53197
391.54857
378.41989
383.82168
391.6438
402.62761
390.49031
412.71886
354.55972
359.43222
386.48248
372.05742
401.29007
395.47148
394.28468
377.89693
385.78655
410.4233
367.4079
387.78771
390.9367
379.32472
318.48683
365.3259
343.78791
356.87999
332.62306
389.60621
411.48481
404.97173
394.85103
365.21156
364.76231
352.75161
411.2216
411.51176
413.06296
402.92244
386.66722
403.63123
385.33319
409.83031
338.37769
378.30743
355.69168
388.1611
360.49238
402.06912
390.33385
378.17902
383.82734
391.75278
403.47141
390.83136
413.59149
358.11178
363.02782
389.26922
374.4498
402.0307
396.95075
394.9323
379.89984
386.75627
410.466
366.86912
387.39287
392.19895
380.97613
321.06849
364.958
346.41234
356.9403
335.79045
390.24688
386.19038
327.79118
351.35297
375.92281
339.10269
393.21169
364.61427
409.63028
403.73545
414.10222
404.31492
417.12632
373.91302
421.6145
404.82401
407.12159
390.03443
419.1969
413.22905
395.4179
420.38816
419.71083
417.22993
361.03136
364.76374
367.49772
393.69632
385.39703
389.69807
368.08872
337.25461
398.49349
376.78886
343.32882
359.12549
406.57741
400.07759
417.65466
406.33747
392.69431
416.85046
403.25697
406.43019
380.90347
375.10989
381.76024
350.14145
410.73475
348.97899
409.20082
377.41718
413.66353
433.74919
419.42037
403.70666
428.17377
421.83917
397.555
427.33912
340.70764
349.1733
400.27058
358.62
330.04068
363.2424
375.5663
358.68764
407.83751
414.7583
395.71338
379.98685
398.01771
369.96422
410.76582
372.74655
417.23712
427.7245
410.2996
402.31601
386.37219
396.6489
418.8159
375.59979
422.55391
405.95709
408.32514
389.38155
418.62802
413.00029
396.26018
420.93244
419.49679
415.7592
360.88595
364.32731
368.31897
393.97282
384.69777
389.14203
373.20401
343.41503
401.19122
381.89215
349.65447
363.98507
408.86889
401.21826
418.51825
406.70738
395.41507
417.19509
404.51115
408.41528
383.64573
376.9521
383.56536
350.68191
410.66743
351.23052
410.23487
377.71136
414.72474
434.15806
419.33321
407.39196
428.84717
423.04013
400.46577
428.75589
390.60918
387.7594
360.1549
416.93238
360.28808
416.93453
390.78812
343.32353
349.067
400.91169
357.47024
330.54428
364.88125
375.95225
361.21761
408.17956
415.21165
396.55621
381.63257
398.79697
371.99496
412.80003
414.12666
373.93107
417.64472
427.19888
411.30187
402.49906
388.56435
397.41559
436.2947
442.99153
434.05107
437.8036
397.02432
412.01407
406.52706
422.24913
431.49274
416.10335
439.91941
421.60425
429.40341
436.58906
443.46337
435.12465
438.53169
402.00956
414.23296
409.27627
424.30101
432.3599
419.18158
440.39545
422.79529
430.90136
408.00959
361.325
403.61586
395.13904
390.20029
422.6964
376.72599
408.687
363.75887
405.10529
397.38134
391.87145
423.29731
378.33039
431.68069
420.50146
432.06877
421.23401
425.94925
412.58983
413.40081
437.23039
437.36031
398.13626
407.95684
408.24702
360.77541
399.95478
400.9437
382.287
413.39063
407.02595
381.69085
413.87467
406.66626
408.76528
344.99575
355.31957
355.34592
383.34151
374.76788
375.08018
347.42832
386.95505
352.52239
317.21064
319.77248
396.8511
339.47981
386.0775
410.88157
397.78535
379.56654
411.98506
400.5492
403.70832
366.94297
349.67704
353.76027
320.98069
401.67744
320.82873
350.35263
401.4009
388.34136
398.95233
412.93712
350.51639
354.69107
321.33019
402.10539
321.15237
351.77135
399.99992
378.64878
411.68352
404.27008
366.18954
405.48315
404.20096
332.12925
344.29077
405.31992
352.04845
321.56853
360.21907
370.12643
345.82965
404.69029
412.42368
387.3035
371.4949
389.01377
358.10832
346.3037
405.15596
412.60733
389.26184
387.72755
357.79291
372.68715
387.83315
407.85677
386.98981
408.65765
336.82407
377.65635
352.69109
388.21347
402.41018
358.05847
393.24669
378.19866
384.72985
391.8467
402.25063
390.11714
412.1523
353.98213
387.92159
360.12765
402.174
394.96467
371.06542
393.56357
377.99519
384.95891
410.45193
367.72558
387.61824
390.25853
378.98557
318.20594
364.8527
342.96385
356.55003
389.71568
331.60395
385.74865
324.96939
376.45218
351.6144
394.3541
362.31328
337.12312
411.10418
404.31213
414.11256
402.97514
394.96075
365.00859
366.00469
411.4157
411.2206
352.43974
418.13303
372.07863
421.50269
405.36871
407.08603
388.31535
418.49608
412.02221
394.72211
420.28465
419.41479
416.12936
357.49321
362.05231
365.53503
392.75078
383.6255
387.41812
399.07427
415.99493
406.15828
392.17158
416.70301
402.23399
405.73836
379.76765
373.50846
380.07706
348.76009
410.32198
346.83386
376.35657
408.7138
411.73289
418.49643
432.78375
385.49568
383.55975
357.77223
416.40816
354.19361
389.20639
414.8191
400.35344
427.23234
419.84079
393.56925
425.83265
340.19809
347.42901
400.13741
356.03098
327.47456
363.28582
374.43327
357.98865
407.03659
415.10041
395.53203
380.05893
397.87034
368.45689
409.6909
412.65114
368.0506
416.14845
426.58312
407.73525
399.92478
382.5822
393.32526
435.76364
442.27672
432.2498
437.08233
390.67386
408.76812
401.90848
419.60638
430.53916
411.9162
438.83906
418.05248
426.90373
436.50755
442.91062
434.03446
437.64116
396.46612
411.14347
404.67047
431.26743
422.11511
415.30557
439.39672
419.54995
428.57548
427.55845
385.36466
403.45123
404.05526
404.9184
357.88422
402.34255
392.4416
421.43373
388.02263
371.9691
430.49569
419.19973
431.55642
420.16028
423.77279
408.20933
409.24116
436.25206
436.73261
392.62523
417.4925
373.04677
422.42322
404.35625
406.90894
390.16953
418.72028
411.95351
394.88837
420.63815
419.6912
417.27136
360.8711
364.6862
367.22741
393.89671
385.33815
389.91466
369.19817
400.30446
339.04644
378.53352
345.03963
361.30577
407.57007
399.84637
416.41377
406.08161
393.26592
417.56331
404.55877
406.64305
382.5319
414.09774
433.77468
419.28378
404.02739
427.96728
421.35401
427.28969
396.97266
389.26418
386.33036
360.40991
416.99489
358.67338
416.21893
391.01898
340.2317
349.11083
399.7592
358.42955
329.90263
362.42435
374.75415
357.54642
408.07746
414.97437
397.41114
379.27556
396.58376
370.61113
412.2215
413.42198
372.28044
416.35326
427.86348
409.34582
396.08241
402.30437
385.06855
311.18111
329.48097
314.05404
347.6401
314.12169
310.77319
329.22192
312.02292
329.98736
348.3406
315.0755
315.17109
329.3765
311.63856
313.11601
347.94112
359.77254
318.04309
316.76255
345.16317
314.08875
408.38579
408.52354
361.80999
398.12434
401.5077
381.15669
413.08264
407.5005
382.57551
413.40593
407.98564
409.12483
345.72228
355.17315
356.67043
384.11552
374.7943
376.0643
386.35392
412.5026
395.70934
379.0086
411.21278
403.36518
406.97971
366.19252
351.02555
355.24
321.60944
402.49938
321.2519
352.13981
401.58718
386.43696
396.98987
411.64587
351.00138
354.95633
321.98612
402.04076
321.80488
351.65317
401.20186
377.94193
409.73489
402.80968
366.82255
402.87023
400.01097
331.47182
345.33847
406.37204
350.74273
321.11117
360.9851
369.00895
345.35144
404.60151
412.32056
389.13162
371.97228
388.17213
357.74799
332.47341
344.12409
406.0681
352.23751
321.76509
369.71843
360.38649
346.38728
403.38232
411.90754
388.28649
387.89861
358.03096
372.14715
385.74116
404.95741
385.04533
391.07476
377.6415
383.37102
390.92901
402.28968
389.82956
413.08147
355.99791
388.60388
361.89502
402.48488
396.03846
372.87534
409.61045
364.4593
385.54801
389.80293
380.01504
319.38897
364.35293
345.41621
355.40595
390.06716
334.25271
386.08381
326.23662
375.59092
350.9755
393.81303
363.42615
338.01431
411.09227
403.25984
413.92175
404.40695
417.40146
422.33964
372.83194
405.08014
406.85558
389.33202
418.9052
412.14052
394.67221
420.40886
419.79535
417.58106
359.91575
363.11044
365.71918
392.91919
385.28423
389.11809
399.4894
415.35094
406.19655
392.99314
417.36442
403.38055
406.58658
381.78327
374.66067
381.57971
350.65466
410.46381
349.01884
377.16617
409.20843
381.37179
345.84382
381.29435
402.00151
352.03371
413.37329
371.7715
413.09529
419.26709
433.47772
402.48126
427.91056
420.8227
396.03593
426.62549
410.93474
413.28523
357.4172
408.09941
415.08573
397.26042
379.22741
397.62558
370.34984
353.79654
365.34979
412.73518
366.72384
340.16819
385.43923
380.22533
369.84184
416.42329
427.04811
408.70266
400.84483
383.77671
394.80723
435.76055
442.61977
433.07704
437.30158
394.10813
409.88869
403.3547
421.04294
430.85934
413.73479
439.17748
419.29137
427.76004
435.90915
442.973
433.91471
437.91828
397.7131
411.40213
404.45122
431.18317
422.63624
416.03431
439.44677
419.26097
429.00367
427.44999
386.20309
404.30193
403.73024
405.73045
357.29461
401.37847
391.88056
387.66666
421.34061
372.39034
404.86088
355.1781
400.81532
390.95358
420.71404
386.44581
370.76573
431.07968
419.47489
430.68904
419.37337
424.30255
409.61307
408.81865
436.76635
436.27935
393.07618
417.92631
421.93038
372.81278
405.19233
405.89544
387.66138
418.13227
411.3383
394.61457
420.58301
418.08295
370.70494
400.41814
379.36109
340.4948
346.28148
408.39932
362.08898
400.02206
417.45352
406.46118
394.35521
417.15487
403.97555
407.42106
382.78158
384.47125
403.54005
383.39919
349.44275
354.79395
414.3987
374.70954
405.22569
428.08551
422.0874
427.97111
397.92699
388.38036
385.94327
358.04307
416.54742
357.41492
416.11636
389.24706
412.3705
413.38367
340.63288
346.40525
399.26071
355.00073
327.40218
363.06623
374.08694
359.71401
408.02756
415.28786
396.65876
381.00096
398.96279
371.44305
351.7449
364.93867
412.94376
366.37715
338.83861
379.06802
383.74904
368.39218
416.6468
426.60411
408.52062
393.47019
400.18062
384.79855
385.94178
405.82512
385.32458
410.27244
338.32382
355.55311
378.71682
360.36123
403.64186
387.70783
391.3142
377.31804
383.52796
391.48242
402.5476
390.17725
395.14502
379.64478
386.33282
380.50884
320.57047
346.13125
365.71498
334.95368
391.51081
356.90945
395.17412
365.47658
364.84955
352.93407
411.94656
410.84494
410.99364
405.6753
386.46602
405.28632
385.38154
408.72472
338.00801
353.25003
379.90976
358.01531
401.28842
389.27081
391.61437
377.84644
383.1935
391.49243
402.30707
390.45156
394.1617
378.32848
385.38894
379.46427
319.15847
344.04374
366.30131
332.74396
389.58905
356.97014
395.44252
365.0023
364.92042
352.21375
411.92975
411.64443
412.64092
404.19251
413.87372
402.73927
409.66986
409.48735
362.42488
400.09464
400.89329
382.44844
413.62121
407.83144
382.58185
413.67701
408.29513
409.29875
346.50377
356.99684
356.52936
384.68388
376.07933
375.99702
349.17298
352.85518
387.79851
318.68488
321.02672
402.52015
341.15165
386.15263
396.02111
411.81503
350.58164
354.48336
322.52209
402.64221
322.27914
351.87777
400.11373
378.06591
411.77561
403.35385
404.31677
366.85522
349.11845
353.54823
387.34006
318.28171
320.76341
403.19305
340.75634
388.39965
398.82173
412.63458
350.84211
355.00075
322.33508
403.24314
322.09826
351.62821
402.17886
378.85817
411.42938
403.70233
405.50512
367.22704
401.76626
334.11298
346.04051
407.47693
353.24393
323.61121
361.77369
370.63468
347.53995
404.87387
412.33784
388.8198
372.75443
388.37465
359.14134
333.72086
347.07911
406.05105
352.87793
323.37672
362.24735
370.39753
347.41557
404.39654
413.20182
389.5555
373.27635
389.14647
359.12335
436.3602
443.06435
434.29119
437.99044
398.92739
406.13767
411.82278
416.80225
431.52233
422.9749
439.66782
420.80854
429.37534
434.881
442.15428
431.5398
439.31176
420.76474
427.51266
428.58255
387.72571
405.69085
405.85486
407.14867
360.54522
394.31015
402.77159
375.89176
421.9714
389.74254
431.18962
420.62091
431.53536
421.04158
418.35051
420.74511
373.75069
405.00154
406.76911
389.03498
418.43231
412.81705
396.0267
420.83164
419.45764
416.43968
359.48806
363.43909
367.68344
393.95891
384.1924
388.77355
371.47462
380.37872
399.93192
340.39829
347.45605
409.17343
362.24768
400.98481
406.06737
418.39575
375.82842
382.74249
350.16658
410.48197
349.89035
377.28909
410.01166
395.27776
416.48974
404.67566
407.99504
382.62726
414.27916
419.20639
433.75997
389.84013
387.0142
359.89821
416.97364
359.20874
390.70436
416.75986
405.4867
428.51307
421.83646
427.8127
397.91684
412.61205
413.85318
341.9355
348.36387
399.70139
357.33382
329.2366
363.96112
375.49099
355.98449
367.11437
413.65808
368.99754
342.60583
382.26711
386.66348
371.48623
417.00716
427.50604
409.34243
396.04699
401.51169
385.56321
417.54001
421.71359
372.99768
404.91432
407.03926
390.63211
419.49259
413.14851
396.38259
421.20763
419.54713
417.289
360.97633
365.61142
369.00539
394.99825
385.647
390.15656
367.26488
375.04711
398.84679
334.06406
341.17356
406.30672
357.67017
400.26039
406.57062
417.48357
374.6117
380.61427
349.98979
410.78364
347.66615
377.50115
409.27148
392.94462
416.78977
403.00038
406.83243
380.55927
377.65117
378.30049
400.69262
341.81809
346.94035
411.76083
368.75542
411.49713
418.44416
432.46518
385.06924
383.84026
358.01579
416.65609
353.64185
389.33405
415.01996
399.69424
427.54573
420.47056
425.40807
394.41648
409.89118
412.66251
340.39443
349.12907
400.51755
358.93275
329.77796
363.3264
375.52153
357.49878
407.12049
415.28804
396.36181
379.84525
397.32312
369.04554
372.70531
416.81117
427.96417
409.78529
397.24496
402.70875
384.76302
312.04916
330.33548
315.60684
347.65717
315.19105
312.18704
330.14802
313.00986
346.61992
317.32596
359.74489
316.66207
313.4142
345.04399
394.33766
416.06739
428.42408
414.80708
410.18717
412.12383
399.47468
399.51556
416.65435
430.27426
415.4423
414.24594
415.30983
399.97781
388.09463
414.51051
426.35311
413.43625
406.42035
407.99853
397.17842
390.61448
414.6899
427.43137
413.14403
408.05825
409.84544
397.16165
308.27211
307.57249
308.16429
308.44628
310.9017
308.0986
308.72192
300.91696
300.95307
301.50487
301.46183
300.9566
300.92862
301.37877
301.41106
301.58002
302.39202
302.38948
301.48039
301.53418
302.1327
307.83452
306.8597
306.85356
307.91178
307.23171
307.9344
307.93226
328.17274
304.44041
311.98038
368.85057
304.24288
335.27311
357.96723
338.73424
313.54536
372.56091
321.9499
313.15102
343.27303
365.4912
334.36313
311.40111
359.48999
315.17198
309.36098
359.49215
342.75943
338.96579
313.49854
321.38448
369.31573
311.72801
367.19455
343.18703
330.16916
304.80738
312.81099
369.0121
304.64592
359.11397
336.10196
362.18718
329.2199
343.17535
389.68512
327.91268
382.86682
366.69383
424.37553
431.38774
404.53264
428.56663
420.82867
360.42678
328.37474
341.43626
388.76497
326.34445
381.18558
365.76113
424.83995
431.58436
405.09095
428.86261
421.00173
386.55039
364.89591
411.49247
380.19021
360.05941
408.35304
392.17738
385.46344
360.216
409.62063
378.77087
358.10346
407.64612
389.61218
387.77797
364.75616
411.51106
382.31755
361.93143
392.06004
409.09374
403.86903
301.42034
301.18497
301.23061
301.48072
301.22135
301.28058
301.25589
308.4378
305.67737
345.66695
346.00983
358.80087
306.76176
307.00105
301.35714
301.10462
301.30746
301.15208
301.44321
301.21358
301.15865
314.91693
309.86876
354.97976
355.21873
358.35181
312.50961
313.34427
403.90401
333.32355
301.66284
301.60632
302.78292
302.70198
301.88372
301.6591
314.60522
308.71223
355.2918
355.74816
359.59795
312.06309
312.34312
315.26852
309.43698
356.76647
356.90805
360.72798
312.64264
313.11599
305.22117
305.24585
305.28227
304.99194
304.9532
305.02017
305.32093
404.21839
335.07734
302.64332
302.60894
303.86809
303.84953
303.05251
302.70215
403.91554
303.15815
303.74224
303.56222
303.12956
303.58699
303.27776
303.23718
316.33741
368.20708
354.68261
314.37314
364.27603
317.49027
313.46877
318.4265
370.95835
359.0605
318.70857
366.12652
320.80926
316.86108
315.9645
310.96688
355.76714
356.42212
359.64474
313.47976
314.44966
316.19046
367.64823
354.6832
314.17687
364.21545
317.20874
313.3407
315.79848
309.92146
356.40575
355.61202
360.45263
313.21233
313.51064
304.14845
303.96706
308.06601
304.421
304.24593
304.23399
303.92927
304.81524
304.95867
306.70486
305.02466
304.94492
305.47712
305.4098
304.67855
305.03016
306.26546
305.13149
304.54766
305.4988
305.40691
411.85998
368.08946
309.20364
309.7274
316.46934
317.39962
309.09878
307.64391
410.17566
365.97132
306.51946
306.92438
313.23733
315.09246
306.82417
305.96072
411.42437
411.63533
323.16002
379.13315
321.50372
374.9422
324.35909
377.15768
320.5806
321.17292
336.88334
328.87881
316.25178
321.14635
309.6205
312.07598
317.57275
338.01822
322.20252
315.96437
321.18407
308.30951
308.71947
321.60433
340.49148
330.13364
325.57049
318.16386
310.84761
312.61368
338.56958
307.60033
344.53107
379.2322
311.1879
328.50781
390.24065
345.89228
347.56745
313.83115
393.97612
313.06204
392.99732
347.86799
314.5596
324.64106
331.29617
392.78554
306.63964
357.74417
342.78924
370.99609
408.5352
403.79071
405.18611
330.68998
336.79978
337.59507
373.81635
364.58459
364.92734
340.37269
308.63771
346.50082
379.96515
312.93318
330.07865
390.77715
316.62741
327.84159
393.05876
333.27796
309.13621
358.96275
344.07909
369.01502
306.24055
328.06337
356.8723
381.52347
313.70651
342.074
348.99145
353.41085
318.19712
385.72585
320.60442
401.35832
341.21241
410.10279
368.07278
388.70931
392.0292
378.84547
319.17776
343.05896
366.50642
390.28633
331.6751
357.88391
384.63796
324.27192
351.65881
376.00799
395.06651
336.23002
361.74734
339.13083
345.75661
307.8542
379.61922
311.73689
329.29495
390.66332
316.41963
327.58354
333.94008
393.57749
308.69164
358.48823
343.07303
404.75783
331.17152
338.41
339.25112
374.09852
363.793
364.72768
394.27946
384.57444
348.0715
349.75378
332.53756
403.69541
404.77877
337.13051
395.73861
413.01726
383.43276
381.14921
346.05677
362.25607
396.87651
361.32074
370.21456
361.12314
311.33643
333.94193
355.9227
315.71518
347.29965
385.46994
415.63724
336.064
348.68687
364.27931
356.78564
384.22839
403.12202
368.65267
305.02352
326.9384
355.06164
312.90041
380.72964
340.29259
338.77163
307.60448
379.50067
345.67755
311.61627
329.01319
390.67346
343.35935
348.11717
313.03977
392.24239
313.27144
391.70419
344.80523
314.71585
325.24333
331.38079
391.6683
307.15566
341.38122
357.05804
316.69655
330.56305
334.12277
396.49783
308.65676
354.34201
345.46583
394.01992
414.73011
333.99635
363.37445
346.7744
383.01217
355.75279
402.34583
408.47333
334.16381
336.82459
336.40046
373.93587
368.11746
367.88391
335.10087
394.1493
412.14947
382.93725
379.6328
343.62817
361.28773
400.70962
415.51055
333.93521
363.85541
346.52844
383.54174
402.86047
355.56618
362.42133
310.88397
358.88235
334.14868
340.43769
385.83606
316.76258
414.99816
394.29451
390.02075
353.37808
353.0934
415.06478
415.65802
334.58779
370.38316
306.34468
357.04953
329.37085
342.13399
315.19095
381.96345
380.69129
414.57518
393.02257
362.77246
411.19356
396.37294
356.09097
402.67438
315.53734
326.10622
393.97733
333.14305
307.78855
343.39864
358.68665
330.32712
394.09773
406.01716
379.23678
361.43194
380.28007
344.54422
415.6415
334.60801
364.67268
347.47434
384.15216
357.19701
403.04238
342.38691
314.72966
382.08097
347.43664
317.48583
336.50648
393.76282
319.29299
332.90401
336.15268
387.84102
312.14409
342.80909
357.39877
396.03866
358.79066
367.61297
362.37576
311.87351
356.62502
334.52221
338.78524
384.49501
317.18906
340.28996
380.66477
308.59842
346.49476
312.19422
330.20593
391.23246
381.81952
407.97959
389.3159
343.9237
348.39147
313.06239
392.38779
313.47567
344.91144
392.02893
315.67486
326.80933
393.56432
333.03707
308.15682
342.94217
358.41008
340.21397
380.88233
308.40473
346.25058
312.03015
329.92854
391.49455
344.34357
348.57062
313.4187
392.50555
313.6611
345.17788
392.53178
317.35279
330.80034
334.77984
397.11747
310.02669
354.46721
347.01536
332.34981
397.51615
411.62922
377.77834
376.55963
346.99337
358.60247
383.71362
405.86251
378.2213
361.9719
312.17602
357.42656
334.05631
384.51583
339.61583
316.89042
341.42888
381.6121
315.34342
346.30574
318.23426
336.60096
391.6667
336.70049
395.93466
412.75321
383.31082
361.80625
380.92497
345.79165
335.96335
395.50759
413.2825
383.13688
361.19167
380.76892
344.63138
310.23891
328.42287
314.98329
344.24726
313.48827
311.53408
324.87629
409.40666
337.07506
379.08383
353.23444
388.59954
358.4095
401.78442
385.87836
325.76952
349.52387
374.53957
337.70119
393.12731
363.52812
395.07652
365.33715
365.97782
353.52653
411.00296
411.46443
382.3217
402.84915
381.05624
347.31894
352.31457
413.18705
373.3132
388.42633
385.59802
359.73268
417.0292
357.61166
415.78836
390.76177
413.33081
387.76381
405.04983
386.05062
353.38606
359.03609
415.90236
378.03986
428.20217
387.96016
405.60681
406.17636
348.55628
317.39132
353.06385
386.92473
319.89012
400.90579
340.00568
402.58827
366.72038
398.16856
333.83549
374.7196
341.18346
356.64281
405.79073
377.95753
341.13395
377.9066
400.27761
347.49877
411.7631
367.37934
351.99591
364.46021
366.32084
413.31818
338.71107
384.40757
379.09144
404.49245
354.45768
399.77128
390.19999
385.86337
420.5227
370.4208
375.0106
381.8194
350.54137
410.54723
349.10581
409.38471
377.38574
347.72348
385.88461
353.27231
317.31058
319.75284
400.10191
339.34387
347.48996
318.11441
353.34393
386.24548
320.45454
399.7704
340.07973
403.19933
410.45365
337.15968
377.53893
354.87763
386.72348
401.49629
360.63791
394.31386
379.24416
385.96804
395.11038
365.04275
365.26516
411.15149
410.9746
352.77949
368.76384
399.86591
377.35739
337.48216
344.12806
407.20583
360.14655
387.93293
385.56964
360.07121
416.82857
357.29615
390.70926
415.76145
340.89193
348.99512
400.51932
357.66143
329.50789
363.44601
375.29663
375.28674
381.91404
349.45433
410.52716
349.07704
409.50117
377.10079
413.54518
433.61562
418.56856
412.81532
356.5148
361.81002
388.1923
373.29573
402.6797
396.18154
408.58592
367.36373
386.86753
390.37679
385.24114
326.21673
350.44776
374.4982
337.97655
392.8434
363.65783
412.82847
403.39834
413.16757
354.2083
359.44831
387.61421
372.08824
401.83253
395.75434
410.00811
368.07885
387.97768
390.71048
384.67336
324.67974
349.6277
375.12389
336.74211
393.65888
362.62046
403.61718
437.09683
391.51412
405.237
410.36803
412.68246
431.26485
419.4046
407.65624
361.75945
394.99593
403.58803
376.32881
422.54985
390.63147
425.10368
411.41178
411.66726
396.42098
437.01474
437.034
385.47785
384.47311
403.70876
349.28281
356.43316
415.03112
374.50893
359.42709
407.48554
414.33027
395.54718
380.20244
398.49465
370.287
348.21664
348.26087
394.87573
395.39717
361.49058
326.81456
349.54552
342.79432
395.80099
389.06287
364.05123
330.29635
351.74078
342.0828
396.74042
383.15789
362.33082
329.9234
345.98002
346.133
394.38618
394.49416
360.99049
324.32055
349.7464
340.35188
395.45374
385.38588
361.10412
328.23094
350.05884
339.62839
395.25622
381.11238
360.18125
328.14235
349.98882
341.66165
396.39516
387.65996
363.59786
330.11177
350.49798
340.88519
396.13288
385.43242
361.69581
328.95527
346.78875
348.39011
395.79401
395.64565
360.9455
325.45724
350.48711
341.69446
396.2659
386.09968
362.77435
330.02153
349.96787
341.04619
396.32405
385.67631
363.24888
330.11828
365.95528
366.62147
403.48591
402.00624
378.89994
348.3884
367.92794
367.77319
405.72029
402.93382
380.2621
350.86441
372.20549
373.66939
403.48688
404.32821
382.89482
358.15879
366.38448
366.2985
404.42844
402.5452
379.15493
348.88264
366.43866
366.30891
403.50287
401.33914
378.16519
348.29994
371.87405
371.02713
405.27336
404.44941
382.64287
356.14945
366.9307
365.20348
405.7925
401.41646
378.9462
347.67358
367.34445
366.03683
406.69188
401.80846
379.86524
349.19181
371.6337
372.64762
403.08062
404.37657
383.26269
357.52142
368.3823
367.42707
405.96083
402.60216
379.65147
350.42663
368.09738
367.65893
406.56822
402.39571
379.76568
349.83191
373.08242
372.83557
405.25867
404.41567
383.80881
357.8795
323.39647
379.28679
375.45287
321.7005
377.82572
324.44786
320.96133
318.31695
371.6007
317.9241
357.95722
320.70002
366.86664
315.8847
356.7421
367.00913
368.18317
413.65411
342.33706
387.08743
382.00253
355.5898
364.0384
367.22703
412.90387
340.18838
380.51212
386.91515
415.55773
357.47369
361.23634
364.93844
392.54353
382.8185
386.62632
348.3574
346.91526
394.81456
395.50895
360.15561
325.6851
299.28995
299.30679
299.29564
299.88024
299.88363
299.90715
299.90112
299.21623
299.23469
299.20453
299.81157
299.78133
299.82481
299.77443
299.30677
299.31192
299.31037
299.84885
299.91671
299.86752
299.90926
299.30854
299.3135
299.3015
299.9365
299.90946
299.92681
299.8971
299.21348
299.26017
299.23463
299.82502
299.7669
299.82945
299.78759
299.21452
299.22339
299.20916
299.76577
299.75769
299.77209
299.73395
299.29222
299.27566
299.26465
299.84228
299.88845
299.82285
299.88347
299.30583
299.29974
299.32538
299.92964
299.91248
299.9533
299.95828
299.2704
299.31795
299.30154
299.86856
299.84521
299.92266
299.89851
299.24029
299.29069
299.27873
299.82311
299.7663
299.87501
299.81936
299.35522
299.36642
299.36797
299.97639
299.99055
299.98862
299.99465
299.32759
299.3542
299.31863
299.95214
299.91641
299.93923
299.87842
300.64219
300.56529
300.59942
301.57543
301.5443
301.40632
301.47032
300.55289
300.55648
300.52306
301.44493
301.3694
301.4524
301.39817
300.4317
300.41066
300.49501
301.19793
301.23451
301.20911
301.45123
300.58149
300.45663
300.53815
301.34017
301.44809
301.47955
301.41229
300.36936
300.4307
300.43287
301.08128
301.17469
301.18696
301.27559
300.61372
300.29656
300.32857
300.69628
300.28269
300.64231
300.659
300.61012
300.43991
300.58702
301.43086
301.46184
301.39045
301.45452
300.48763
300.72902
300.55193
301.37692
301.41147
301.62543
301.55749
300.81319
300.40942
300.46361
300.7844
300.45563
300.71959
300.85518
300.67221
300.30734
300.36356
300.57301
300.35623
300.59054
300.65985
300.57097
300.42199
300.57755
301.35809
301.4843
301.36914
301.52831
300.74149
300.67318
300.75938
301.79046
302.43746
301.74587
301.92691
300.59075
300.65541
300.71886
302.05832
301.5928
301.81818
301.77311
300.77301
300.61572
300.60133
301.84284
301.79995
301.61986
301.62056
300.54288
300.55415
300.48158
301.66586
301.57431
301.52239
301.44378
302.68664
302.44715
302.4113
303.9251
304.13359
303.80918
303.74771
302.7241
302.542
302.62763
304.16917
304.0925
303.96345
304.1077
302.5626
302.56614
302.48555
303.88965
303.79917
303.99858
303.86781
302.70487
302.46237
302.55979
303.8558
303.89784
303.79647
303.85558
302.24913
302.13297
302.08587
303.62073
303.53013
303.32707
303.23792
302.81505
302.23132
302.20027
302.87417
302.16676
302.83589
302.85058
302.9362
302.721
302.81026
304.07273
304.15604
304.02762
304.15429
302.17229
302.16899
302.34862
303.06139
303.28979
303.28732
303.58911
302.80605
302.63661
302.88722
304.00393
304.21894
304.07095
304.31044
302.58883
302.71089
302.80054
303.73822
303.99838
304.10406
304.34343
303.58745
302.5865
302.60585
303.18017
302.76378
303.38037
303.38265
301.95881
302.19827
302.25151
302.32958
301.98596
302.0242
302.28176
303.0496
302.71985
303.17295
304.14958
304.48748
304.20425
304.58666
302.8823
302.98075
302.853
304.25769
304.46506
304.26266
304.34261
302.52614
302.85634
302.91503
302.87503
302.52185
302.5323
302.85205
302.5237
302.76568
303.24769
303.14195
303.36281
303.24176
302.65429
302.89923
302.68306
302.82898
304.19363
304.42483
303.90707
304.17166
303.03749
303.09856
303.09103
304.57151
304.56526
304.52029
304.54792
302.87611
302.88915
302.79715
304.44291
304.43869
304.41163
304.38467
303.27773
302.88337
303.32217
304.56207
304.60855
304.5639
304.87608
305.50474
305.13339
305.04498
306.55732
306.93601
306.51353
306.4742
305.62536
305.1654
305.36713
307.11985
307.14906
306.5229
306.76716
305.4027
305.43585
305.35939
307.06207
306.84752
306.99755
306.99564
305.37592
305.23622
305.22152
306.72191
306.6768
306.87466
306.81046
304.81482
304.56293
304.37973
306.31186
306.2407
305.94361
305.69346
304.85418
304.54331
304.2606
305.07602
304.27882
305.09469
304.88168
305.52715
305.01008
304.76574
305.57738
304.87181
305.6507
305.35996
305.09324
305.30858
305.17097
306.75194
306.54776
306.79954
306.54071
304.38285
304.45556
304.8157
305.37566
305.59393
305.7214
306.1032
305.3409
304.39881
304.4901
304.89994
304.65682
305.07422
305.10143
304.34982
304.8367
304.70916
304.82068
304.52921
304.87289
304.43916
305.26623
305.14607
305.41049
306.69835
306.49184
306.55377
306.50506
305.39962
305.41082
305.88232
306.3427
306.73361
306.71781
307.18512
306.65815
305.64087
305.74456
306.18942
305.89097
306.42743
306.53602
305.66957
305.41126
305.90217
306.53769
306.75468
306.71462
307.0634
306.03106
305.50733
305.80011
306.85209
307.28463
306.70216
307.01896
305.4986
306.03247
305.82174
305.98481
305.75152
306.07941
305.65913
305.01828
305.13005
305.6283
305.66121
305.75387
305.79276
305.11118
305.81644
305.24361
305.58248
307.05436
307.21529
306.54483
306.86764
306.0611
306.0767
306.23547
307.37067
307.4548
307.44353
307.67142
305.87668
306.1813
306.10808
307.32925
307.1082
307.64376
307.46111
305.9705
306.03584
306.20411
307.11007
307.39306
307.42861
307.67476
308.5432
307.82925
307.97741
309.57439
309.83359
309.05029
309.19454
308.40595
308.3055
308.49008
310.03095
309.92756
309.50388
309.94588
307.36546
306.92091
307.12897
308.35751
308.45368
307.92386
308.253
308.49316
307.64298
308.47434
310.0321
310.04285
309.79474
309.97535
306.66296
306.93878
307.19827
308.02167
307.81565
308.10315
308.36468
306.96586
307.10543
306.42959
306.89652
307.50923
307.52908
306.65786
307.69366
307.30202
308.17099
307.57666
308.07011
308.36194
308.4969
307.84042
307.80512
308.301
308.63021
309.20397
309.07738
309.72045
308.58226
307.77011
307.96873
307.77245
308.09701
308.08962
307.8147
307.55488
307.50803
308.17238
307.65467
308.3031
308.47064
308.3583
308.45445
308.52137
308.62817
309.70543
309.84977
309.56027
309.8169
308.01995
308.34318
308.80695
308.17236
308.71386
308.72924
308.79477
307.64735
307.76683
308.44086
307.75621
308.4709
308.53173
308.52945
308.09596
308.2358
308.29462
309.58202
309.57018
309.66835
309.7919
309.91602
309.22168
309.57376
310.75269
310.97513
310.36125
310.4413
310.82673
310.15942
310.80803
311.26449
311.41375
311.05289
312.07028
310.46273
310.45397
312.21197
310.65061
311.67516
311.4296
312.96349
313.51299
308.21341
342.0999
309.61933
316.87208
311.30842
343.40512
309.80716
339.12077
310.20788
312.49285
310.37456
342.8649
312.71317
311.25536
310.97384
310.92914
312.85858
313.19587
312.82787
312.89426
312.36314
311.60971
311.51431
313.26212
314.23514
313.33893
313.69586
338.6831
309.78611
308.68707
313.58067
341.29228
311.47282
311.77503
306.82053
311.74661
308.56931
341.36561
310.07796
315.07262
311.04385
310.60551
311.29979
310.5708
313.16916
312.38714
313.19345
312.23935
310.81846
310.78543
310.36416
313.50035
312.97772
312.8317
312.65672
310.42859
310.58714
310.87548
312.51351
312.7594
312.73529
312.87301
300.63103
300.40209
300.36525
300.71352
300.3736
300.70661
300.65636
300.61681
300.38277
300.3713
300.71822
300.36524
300.67781
300.64179
300.55214
300.32715
300.32739
300.52242
300.33724
300.56864
300.5444
301.51963
301.47347
301.43414
301.25715
301.34626
301.32532
301.28811
301.83812
301.88473
301.77925
301.46848
301.60818
301.52814
301.5533
300.58009
300.30307
300.27228
300.54787
300.27187
300.59802
300.55749
300.56184
300.24113
300.26439
300.57727
300.24989
300.56755
300.56436
301.58567
301.51519
301.54084
301.32728
301.36679
301.37058
301.31713
301.47398
301.41052
301.40275
301.18476
301.26683
301.25172
301.19461
300.73426
300.36496
300.38288
300.57021
300.42037
300.62241
300.67438
300.83505
300.43434
300.50435
300.85843
300.46866
300.77869
300.91857
301.98987
302.14117
302.09402
301.72945
301.69444
301.776
301.64262
302.02983
302.13362
302.05848
301.76061
301.80553
301.84487
301.72515
300.68862
300.30568
300.34729
300.62081
300.35504
300.60793
300.69576
300.76741
300.41415
300.4324
300.82703
300.40454
300.75837
300.83028
301.42478
301.57175
301.47228
301.27175
301.30075
301.34207
301.22379
302.04528
302.11396
302.08498
301.7432
301.7881
301.79935
301.7214
302.71618
302.23118
302.18478
302.87928
302.12428
302.82443
302.811
301.81399
302.12744
302.08082
302.12991
301.90638
301.87362
302.17139
303.18244
303.31045
303.98798
303.71083
303.40618
303.11596
303.7656
303.31669
303.65178
304.16918
304.09338
303.56558
303.45941
303.92271
303.38719
303.69694
303.37074
303.349
303.66162
303.37321
303.6469
301.89603
302.17292
302.20162
302.22701
301.93669
301.9464
302.21145
303.53218
303.66233
304.29987
304.23889
303.62188
303.54628
304.27641
303.45843
303.49857
304.23385
304.18729
303.54398
303.40447
304.2377
303.80219
304.19133
303.80797
303.89436
304.22973
303.86972
304.24953
302.88454
302.17549
302.40056
302.96423
302.21857
302.76421
303.14237
302.25599
302.80465
302.67328
302.6445
302.37879
302.27312
302.76529
303.28522
303.08988
303.74307
303.84672
303.08504
303.22865
303.9853
303.47273
303.95002
303.58742
303.63154
303.84038
303.51408
303.97381
303.57895
303.70165
304.10226
304.64766
303.45103
303.89227
304.31789
301.83016
302.15382
302.12421
302.18823
301.94227
301.91182
302.22815
302.83361
302.28517
302.23286
302.91791
302.20018
302.89419
302.88596
303.76507
304.03295
303.6787
303.71924
304.12907
303.78333
304.09433
303.38169
303.53648
304.07927
304.13593
303.39374
303.54156
304.03508
303.41626
303.64289
304.14851
304.08341
303.5861
303.4899
304.03493
302.58604
302.92216
303.02889
302.99446
302.48887
302.58547
302.88805
304.37944
303.95625
304.92056
304.9523
304.15986
304.17727
305.14468
304.54743
304.5066
305.19561
305.44633
304.37259
304.65665
305.31955
305.08425
305.25995
304.96359
305.08121
305.47356
305.15425
305.41733
302.98136
302.26282
302.30759
302.93356
302.28769
302.93883
302.94808
303.63568
303.68997
304.15758
304.27956
303.56964
303.72363
304.23309
304.25609
304.44241
304.18482
304.19923
304.5159
304.25097
304.45163
303.67223
303.75549
304.31083
304.34886
303.73574
303.70708
304.2923
302.55625
302.84081
302.87996
302.92026
302.55644
302.60852
302.87108
303.57498
302.77577
302.84763
303.41354
302.90122
303.44903
303.49748
305.02668
305.2132
304.90012
305.00104
305.38922
305.07097
305.31093
304.36892
304.34744
305.13423
304.99954
304.43144
304.34188
305.07488
304.2342
304.18639
304.83555
304.94583
304.11294
304.26111
304.95163
303.39496
302.66288
302.6272
303.29042
302.65905
303.35408
303.28183
304.35541
304.6713
304.4297
304.44587
304.65673
304.4008
304.701
304.09059
304.06685
304.75802
304.74737
304.03014
304.06968
304.77533
304.16424
304.18254
304.70056
304.77855
304.14051
304.13349
304.76431
304.94643
304.72024
304.57736
305.38385
304.40549
305.25107
305.11771
304.0048
304.34414
304.33058
304.27162
303.99282
304.30965
303.94438
305.48461
306.02062
306.42898
306.2215
305.84029
305.6265
306.14356
305.47327
306.6956
305.85618
306.01114
306.50088
306.58681
305.94213
305.65047
305.00206
304.90197
305.68442
304.91322
305.69758
305.68586
304.50229
304.90146
304.81539
304.93312
304.61321
304.94707
304.6095
306.15608
306.30825
307.05002
306.46538
306.46235
305.90133
306.7544
305.2871
306.38806
305.37494
305.90054
306.38113
306.31296
305.88953
304.31702
304.53098
304.7021
304.71976
304.21273
304.56564
304.35779
305.70025
304.77345
305.33276
305.78098
304.98969
305.41461
306.09297
306.41863
306.52548
306.76759
307.57355
306.10935
306.85136
307.16708
307.22633
307.91134
307.2266
307.58442
307.97724
307.94715
307.60066
305.44457
304.74722
304.74905
305.55305
304.68016
305.52625
305.47023
305.37978
304.72638
304.63635
305.35859
304.63621
305.3942
305.34918
306.0387
306.57194
306.19046
306.3949
306.77332
306.75671
306.41043
306.12478
306.14739
306.91564
306.88448
306.16656
306.08978
306.9108
306.81099
305.99252
306.19118
306.91695
306.06821
306.7832
306.92414
305.54286
306.06365
305.8893
306.09083
305.84396
306.16674
305.73654
307.35729
306.95143
307.82809
307.89864
307.16853
307.258
307.97119
307.26998
307.82285
307.37656
307.59084
307.98432
307.98764
307.59157
305.3951
304.6733
304.83186
305.35597
304.74306
305.35302
305.38856
304.65792
305.03279
304.88451
304.99657
304.79257
305.07236
304.7185
305.46331
304.90068
304.91809
305.5517
304.81967
305.46034
305.56521
305.93112
306.75112
305.99039
306.50208
306.81421
306.85797
306.45274
306.11517
306.14178
306.88825
306.8313
306.08728
306.16577
306.90961
306.51374
305.82283
305.73908
306.41382
305.76068
306.57766
306.43087
306.3589
305.49606
305.70841
306.3189
305.62558
306.1799
306.40208
306.52833
307.10031
306.57
306.9037
307.13465
307.19232
306.83268
307.01139
307.04501
307.43189
307.67525
306.80878
307.14659
307.60761
304.84124
305.08534
305.04189
305.1838
304.92849
305.1911
304.93007
305.92546
305.38931
305.46638
306.17968
305.3351
306.02241
306.08088
305.85539
305.21709
305.37643
305.95183
305.26897
305.83507
305.98457
306.55895
306.95927
306.56945
306.73077
307.09638
307.07521
306.77354
306.50816
306.85221
307.27838
307.34269
306.61851
306.68676
307.18437
307.24201
307.74257
307.6773
307.45803
307.5187
307.59987
306.93167
308.06136
308.80723
308.69856
307.73949
308.18946
308.29213
307.74232
310.32439
307.33496
308.0935
311.53286
307.51289
310.75533
309.90479
307.50876
308.83083
307.54313
307.86638
308.6507
309.04135
307.08189
322.5639
385.40715
333.79456
333.52715
337.61971
340.96168
318.48542
306.68981
308.08885
307.40595
307.01383
307.21868
307.16211
306.91464
307.60214
307.43704
308.68977
309.22659
308.03224
308.55109
308.35156
312.24126
382.95268
329.13501
326.61355
332.32801
332.81023
309.08138
308.16103
308.49226
309.38722
308.46154
308.49987
308.76332
308.65821
306.89962
307.23367
306.89558
307.04892
307.61073
307.66389
306.98274
308.43184
308.58978
309.24202
309.57442
309.44908
308.82099
308.98057
313.98407
384.62812
327.15831
326.31921
332.31551
331.88003
309.27899
306.61313
308.62938
307.83318
309.21467
306.38384
309.03581
308.2594
307.95942
306.84718
307.3418
306.61022
307.31504
307.42771
306.68601
306.7236
307.12795
306.63187
307.21044
307.5826
307.58886
307.08611
319.15454
384.56215
332.66884
328.7156
339.95147
332.15248
315.7388
308.29913
308.7111
306.9103
309.34957
309.14314
308.9606
307.17571
309.60213
308.41757
309.70073
308.87099
308.91687
308.45985
309.33142
306.7761
301.83931
301.75201
302.11469
301.75301
302.09539
301.80623
303.34881
303.90407
301.45374
302.22394
301.72946
302.36169
307.37708
305.43636
307.87367
302.86227
304.43678
303.19974
303.97994
310.86491
307.89973
302.64991
302.63455
303.10787
302.54765
303.03222
302.95273
335.22434
310.97265
360.64094
315.4595
308.44363
343.18272
361.03638
304.44422
304.9674
303.01825
302.17063
302.40737
303.50262
309.49904
305.97885
308.79191
303.70674
305.24413
304.04494
304.73741
312.97117
350.70861
310.70729
304.19729
304.26421
306.64545
326.3898
326.89424
315.2535
304.83424
305.28727
305.57454
304.96014
305.34134
307.09565
313.47043
317.45214
309.86036
306.68587
307.55543
310.59982
324.55398
314.3418
317.50493
310.60369
307.22576
308.11281
311.31315
324.50414
364.80896
327.84711
314.33469
316.76173
324.64312
342.84879
347.87001
363.4277
329.79663
314.69479
315.7246
322.80041
345.0794
346.98577
304.78631
304.49654
304.48444
304.74545
304.4947
304.78697
304.77075
309.40774
321.50278
307.36248
314.80694
307.42172
309.33353
321.49358
309.77343
335.19631
307.43005
323.57315
307.4247
309.85757
334.22351
304.79677
304.85815
304.53051
304.54038
304.50414
304.81262
304.83605
309.65648
321.05795
307.79535
315.12105
307.82998
309.54777
320.9388
305.44131
305.28558
305.17956
305.46837
305.23148
305.5199
305.4432
309.5516
335.35475
323.49509
307.84125
307.84206
334.00351
309.92587
305.40393
305.38976
305.12137
305.1626
305.1875
305.35377
305.4182
307.4133
307.67106
308.94367
306.30677
305.76419
305.81628
305.99422
305.66458
305.99648
305.763
305.94812
305.69322
305.72635
305.91085
381.39939
401.29527
382.40003
366.06184
363.84926
398.3503
384.46311
367.50753
393.61105
369.48552
354.24177
348.4063
387.80853
373.33931
379.92235
424.21062
392.96807
386.03782
400.99139
396.29083
367.80151
331.42596
332.11903
343.85469
330.76615
317.69104
322.26551
322.63285
357.32003
328.36433
345.1902
366.02718
373.24576
336.32486
349.67407
300.72737
300.78786
300.68822
300.66245
300.65265
300.77677
300.75717
302.18775
309.37513
301.66116
304.15519
301.46751
302.41035
308.39419
302.75612
311.99269
302.1857
304.93857
302.03697
303.03646
310.6269
300.75418
300.73418
300.72757
300.89771
300.68155
300.82396
300.82928
300.72975
300.70657
300.68153
300.88604
300.6531
300.81878
300.78162
300.90067
300.82247
300.73536
300.7383
300.85609
300.7614
300.85551
302.2785
309.11835
301.73764
304.28074
301.67256
302.44573
307.94116
302.30771
309.40152
301.74793
304.38619
301.57851
302.55112
308.22258
300.95291
300.84406
300.77965
300.97024
300.91034
300.80283
301.00607
300.91945
300.77625
300.75576
300.90886
300.77298
300.92572
300.88947
301.68009
301.65539
302.01258
301.38582
301.31938
301.34045
301.31839
300.92617
300.83227
300.70851
300.76332
300.82578
300.78158
300.90212
303.09483
311.95218
302.25298
305.29455
302.2275
303.17021
310.59443
303.02976
310.35668
302.34692
305.36
302.28563
303.17939
309.39886
301.00601
300.9119
300.74496
300.99319
300.87916
300.83124
301.11736
301.06991
300.97511
300.84964
301.15979
300.878
301.19752
301.029
302.44069
302.40181
302.83827
301.93535
301.9134
301.91128
301.88509
300.91064
300.85204
300.74557
300.7667
300.78067
300.86874
300.90231
302.47303
309.63995
301.80267
304.65125
301.72755
308.7227
302.62232
302.89852
310.21467
302.28874
305.55833
302.14637
309.22318
303.11579
300.94084
300.81884
300.76451
300.9184
300.79967
300.88703
300.96564
301.02204
300.94143
300.84327
301.14557
300.85221
301.00454
301.14863
302.09915
302.22537
302.56058
301.6767
301.60324
301.56039
301.67227
305.07745
313.27714
304.24518
309.80789
304.02457
305.22438
312.11859
303.68058
304.07392
303.84572
303.99619
303.75276
303.80017
303.98036
306.83483
318.77873
311.48551
305.87658
305.27278
316.74149
307.64969
303.38426
303.16168
303.16837
303.52523
303.08043
303.4448
303.48634
303.75341
303.93816
304.77997
303.28384
302.82185
302.93892
303.0667
303.5548
303.56475
303.88989
303.73114
303.64512
303.46148
303.83027
305.21316
313.40604
304.3316
310.19344
304.3262
305.28865
312.24783
303.93645
304.13651
303.95116
304.28254
303.86333
304.01655
304.21511
307.37615
319.51854
312.61919
306.48102
305.98531
317.39404
308.17618
303.63248
303.33433
303.2437
303.61063
303.57149
303.29096
303.65369
303.98688
304.06226
304.34458
304.32556
304.05526
304.00443
304.28083
306.17789
314.57071
311.08659
305.32375
305.21886
313.76082
306.15554
308.08764
320.35109
313.29573
307.12718
306.54
318.21173
308.98859
304.71722
305.25676
304.70819
304.91467
304.57149
304.85596
305.12403
304.28851
303.78728
304.01787
304.30442
303.86118
304.15737
304.4441
304.5135
304.19164
304.67667
304.73698
304.26961
304.38549
304.92284
306.92888
301.71869
301.5934
301.93772
301.62847
301.58176
301.93173
333.33521
310.11879
313.76841
359.91959
307.51206
342.68191
358.82994
303.31323
304.53197
301.17087
301.96098
302.33532
301.41951
309.09491
304.95405
307.87993
302.36143
303.93973
303.45493
302.77898
311.67642
308.50201
302.10263
301.90341
302.35428
302.27617
301.93622
302.40625
304.1369
304.88093
301.68341
302.52583
302.85276
302.00261
309.85184
306.51727
308.74383
303.25658
305.0741
304.74479
303.71777
312.30481
350.44219
312.02601
303.32566
303.68686
307.65933
327.37099
327.71064
312.25205
303.14473
302.83727
302.91657
303.0386
303.15078
303.30205
306.58099
308.37463
302.87149
305.09091
304.51699
303.5979
313.72414
308.22137
309.06022
303.53129
306.07485
305.64327
304.34719
315.01926
351.51449
314.461
307.31386
307.90098
312.56331
331.21375
332.09832
351.40312
315.38958
308.8061
309.29033
313.2233
332.10153
332.63711
348.74303
309.55757
303.14442
303.05528
325.13152
305.6163
325.1783
306.76942
301.72166
301.6251
301.97132
301.61453
301.68353
301.97858
303.26692
303.77151
301.28759
302.09016
301.56976
302.32174
307.57622
304.98771
307.67169
302.41085
304.09495
303.57207
302.84452
311.41165
349.98387
313.72702
307.793
308.47544
329.727
312.30811
330.51819
311.88262
303.37915
303.00451
302.96733
303.45409
303.01972
303.36466
307.46012
308.40087
303.29926
305.48414
304.04686
305.08627
313.69665
306.26824
308.42389
302.96763
305.02013
304.46575
303.62071
313.32058
351.06
314.11668
307.14882
307.87007
329.85863
331.51619
313.09977
305.30122
313.97034
310.28697
304.46645
304.272
312.96454
305.48929
306.85795
319.10862
311.26455
306.08276
305.40146
317.16255
307.84628
303.77106
304.1662
303.87008
304.10998
303.82861
303.82879
304.11327
303.47013
303.2309
303.21438
303.56031
303.15937
303.51464
303.52132
303.73659
303.77194
304.06757
304.09269
303.71231
303.79217
304.07343
306.15911
314.69953
305.36216
310.78079
305.21354
306.2037
313.4238
304.95323
305.28199
304.81881
305.2305
304.90643
304.89988
305.29736
307.77433
319.15652
312.12555
307.07669
306.50729
317.51513
308.68029
304.61034
304.16193
304.13573
304.43416
304.54406
304.22259
304.53005
304.97673
305.01956
305.29897
305.3264
304.96557
304.99332
305.31015
350.92915
311.18752
304.18959
304.48298
327.7476
307.42873
327.02764
308.14519
302.54527
302.49476
302.94903
302.45167
302.84659
302.86778
304.32384
305.18619
303.24834
302.31941
302.53121
303.38518
308.76271
306.8491
309.006
303.85361
305.48259
305.16053
304.14084
311.95124
352.92488
315.24181
308.30385
308.79299
331.63919
314.24838
332.14205
313.22423
304.6487
304.29814
304.23976
304.58562
304.35213
304.55614
307.32017
309.78704
304.30783
306.10321
304.86639
305.61478
314.4131
308.69537
309.83511
304.38402
306.55099
306.36062
305.06782
315.2291
350.69407
315.20834
309.13721
309.61202
330.95094
332.08954
312.86853
308.03674
301.93504
301.86148
302.30634
302.27627
301.87162
302.39047
304.22308
305.24894
302.92136
301.95217
302.15611
303.32414
308.51988
306.47066
309.12654
303.33997
305.08457
303.65745
304.85895
312.13837
307.93236
302.56763
302.45904
302.95523
302.95413
302.48092
302.92768
304.68478
305.26331
303.11519
302.19145
302.50317
303.63082
308.7832
306.57343
309.06852
303.86964
305.65276
304.25224
305.20972
312.30016
350.25959
315.31216
308.77777
309.58548
331.06776
332.61937
313.29427
350.90417
314.76038
308.93197
309.52071
331.27241
331.86274
313.69394
313.54228
304.05018
303.71159
303.86434
304.16209
304.06532
304.21837
308.79747
309.93885
303.99729
306.38793
306.24035
304.80991
315.38562
308.24405
309.9696
304.38515
306.695
306.24448
305.11668
314.7353
305.40744
313.81019
304.50091
310.76716
304.45521
305.54172
313.13898
303.92978
304.20521
303.92461
304.22261
304.22697
303.88426
303.97481
307.98779
320.29204
313.584
307.06491
306.51699
308.8645
318.08632
303.643
303.38221
303.27483
303.61878
303.33706
303.58253
303.66944
303.97635
304.07706
304.27551
304.29199
304.246
304.03131
304.03357
305.8022
313.71153
311.18945
305.01668
304.95137
313.15131
305.99301
308.08605
320.13095
313.27756
307.13308
306.65048
318.18803
308.88494
304.61126
304.97726
304.61107
304.94919
304.64591
304.61376
304.95583
304.89097
305.12657
305.8884
304.39082
304.02215
304.05422
304.25836
304.27722
303.94969
303.8944
304.23228
303.92961
304.27415
304.25596
304.65082
304.78506
305.04039
305.01854
304.72865
304.71638
304.97091
305.88929
313.60985
310.86936
305.02039
304.93284
312.97328
305.99271
308.23637
319.85571
313.15323
307.45791
306.8489
309.05527
317.84359
304.66163
305.00104
304.60004
304.9086
304.98596
304.63988
304.61686
305.10302
305.22801
306.12232
304.54022
304.07797
304.19955
304.31599
304.32614
303.90991
303.90587
304.21605
303.95976
304.27582
304.24463
304.66881
304.64006
304.89678
304.91103
304.93601
304.64208
304.64289
304.35111
304.21921
304.21872
304.53121
304.17915
304.43993
304.43023
308.2978
319.99941
306.24814
313.43428
306.37633
308.15164
319.88787
309.01163
335.04494
306.82199
323.26488
306.7103
309.31051
333.98901
304.27065
304.30155
304.12337
303.96607
304.04822
304.35286
304.22522
304.54863
304.95348
304.80078
304.88305
304.70569
304.81224
304.63801
307.1205
307.46315
308.83996
305.82061
305.18756
305.29816
305.50856
304.64322
304.33194
304.52276
304.66268
304.76047
304.4246
304.54318
308.64643
320.68242
306.76902
313.74746
306.80052
320.45656
308.62637
308.45528
334.41374
306.71675
321.87407
306.48408
332.40936
309.03093
304.75145
304.92745
304.60615
304.57065
304.86437
304.49686
304.84925
304.86815
305.30901
304.9429
304.99332
305.05878
304.73826
305.13496
309.68858
321.64799
307.51757
314.74535
307.68782
309.54376
321.65194
305.7511
305.55446
305.25502
305.71302
305.40755
305.58098
305.86671
311.36473
336.40603
325.39977
308.60571
308.79619
335.92457
311.11562
305.58131
305.23207
305.01896
305.0858
305.23491
305.37105
305.40974
306.04439
306.31764
306.09337
306.44807
305.96085
306.35719
306.11995
364.10653
328.83669
313.82634
316.27632
343.83264
323.76321
347.15408
366.15992
330.3667
316.75206
319.85588
344.64709
327.14764
349.88
337.80326
306.73579
306.36294
307.95609
306.88169
312.52953
310.11434
318.27439
318.31947
311.03041
307.07835
308.12772
312.1571
329.44726
335.66208
340.52377
319.38201
335.16194
327.39081
323.57944
353.55528
363.73911
330.40659
345.24997
390.43403
330.07558
384.42749
366.76992
341.63406
307.17645
307.30833
308.98217
308.94714
314.0017
312.37178
321.85702
320.65785
313.99131
308.41363
310.48799
314.22681
332.7995
337.00293
342.28442
320.36007
337.02421
328.79364
325.33821
355.26482
395.74228
356.99613
349.00783
350.61584
375.7225
377.0736
365.24308
337.16307
313.62581
369.8803
322.08935
312.92236
363.53782
341.74734
338.32178
313.59896
370.84826
321.5614
313.14411
343.57788
363.96501
314.65432
305.09645
305.2567
305.22168
305.14276
305.13352
306.17798
312.29914
314.9154
308.63829
305.7107
306.45634
309.21582
322.1309
313.08146
317.23162
310.43839
306.73064
307.68882
310.30491
324.05049
363.00651
328.96056
313.93364
315.47141
343.67904
346.01694
322.59979
333.00949
305.77989
305.16577
305.82009
306.9951
305.4581
309.7255
317.97213
317.55906
310.55783
305.92606
307.09874
310.96549
329.83276
329.48632
336.29011
314.13469
328.16986
317.51153
322.43407
348.04007
391.89117
351.9518
342.57902
344.3885
370.87836
372.79138
358.75648
336.82632
306.34674
306.09902
306.82511
311.58837
306.63979
309.1096
317.72781
318.35082
310.73966
307.29782
312.28262
308.17918
328.53908
333.51223
336.09416
315.86136
331.00763
324.27073
320.71022
350.62179
308.68484
320.39466
306.51796
313.65452
306.72057
308.48383
320.1413
304.7534
304.47495
304.41267
304.73103
304.77589
304.4312
304.73182
309.07564
335.30073
322.74844
307.39963
307.48654
309.59683
333.09692
304.76679
304.77361
304.39587
304.40795
304.75804
304.39596
304.7472
305.07159
305.46121
305.0998
305.39344
305.04003
305.10313
305.41381
305.90452
305.61764
305.56806
305.82375
305.90505
305.60838
305.9025
309.51776
320.28805
307.48892
314.65704
307.71464
320.21674
309.29168
310.35458
336.12786
308.52633
323.93255
308.74694
334.09184
310.65913
305.93327
306.04507
305.63447
305.6266
305.97692
305.59547
305.95746
306.19901
306.63743
306.20045
306.50024
306.27601
306.13755
306.5431
307.97467
308.38491
309.54459
306.87996
306.46163
306.45038
306.70779
337.78257
314.12142
371.7248
322.84734
313.38202
342.28286
365.20082
314.98685
306.1866
306.24295
306.20386
306.04949
306.10333
306.97599
312.90336
317.02897
310.95564
307.17893
308.04805
310.28288
324.03818
312.44899
314.92212
309.20857
306.53689
307.12528
309.56604
321.97224
364.97932
327.95625
314.94289
317.82698
342.77037
348.52914
325.27704
361.20329
330.59911
389.59096
342.83466
328.47217
381.09675
366.95835
335.85445
307.54878
307.19861
307.72673
309.60065
307.43097
311.77382
318.1834
318.74112
311.16457
307.87082
308.77288
312.53789
329.15542
332.36902
337.40815
331.29486
316.72457
320.35444
324.74488
350.34468
392.63029
353.18855
344.75276
343.09787
372.78367
371.8599
359.28551
338.5582
306.4904
306.5081
307.41778
311.47641
307.43086
309.86264
319.48034
318.15196
312.07487
307.24002
312.05157
308.91746
330.77266
330.12822
336.94836
328.90536
315.09514
323.01943
318.93546
348.19795
365.0854
329.64262
315.80716
318.32994
325.87584
344.27524
349.0144
363.82676
329.03631
314.20453
316.05055
323.65335
343.97871
347.3393
315.95211
305.2024
305.33886
305.36291
306.87462
305.42822
305.44652
313.84239
316.46649
309.72834
306.30087
310.54212
307.20786
323.69504
314.08253
317.72116
310.42038
306.9966
311.09396
308.03345
324.74681
395.04404
355.87783
348.50982
348.88224
363.95891
375.49405
375.5849
337.88611
305.97229
306.00319
307.05623
311.83245
307.08448
309.67882
319.97428
319.35063
312.24012
306.97506
312.69632
308.74631
331.38124
334.25459
340.29241
333.82694
317.86881
326.56771
322.07346
353.0826
361.91835
329.81393
390.2978
343.18669
327.80647
366.82433
382.70712
334.07451
306.76034
306.38426
307.26289
311.82104
306.26671
308.24425
317.73767
318.25277
310.7388
307.01904
311.92622
307.91664
329.23025
336.1476
340.08357
335.02862
318.78788
327.32281
323.53704
354.10424
309.40141
321.22103
307.42224
314.16823
307.49068
309.33695
321.21253
305.54825
305.27916
305.26056
305.50761
305.55416
305.25221
305.5568
309.8631
334.86302
323.40572
307.85485
307.8354
310.01013
333.76882
305.57629
305.73867
305.32858
305.33638
305.6638
305.25644
305.64616
305.79893
306.18663
305.81948
305.99904
305.74487
305.89189
306.0675
377.71596
399.92996
379.00813
363.74011
360.21347
395.73573
382.2451
383.00321
400.38817
383.38355
364.21937
364.84387
399.81898
382.60249
383.1797
422.50226
387.88664
392.73359
372.6596
398.1263
401.32563
355.78882
324.57195
341.11403
360.47677
333.08977
348.33855
368.47881
363.68772
331.7551
343.27407
364.09154
341.43535
356.30673
371.85489
369.78597
397.50549
372.30815
360.63
352.16689
389.89704
379.33312
377.33355
400.84223
379.14914
365.65308
360.20053
383.63364
395.66328
374.50548
424.30694
388.35461
388.76437
398.48946
397.04657
361.44408
325.12611
327.05703
337.43587
323.97237
313.1673
316.39483
317.61242
345.66656
316.35584
336.8033
357.98658
323.24512
364.19879
337.26039
348.78413
318.15255
341.11569
359.79591
367.96581
327.95898
339.23555
373.25033
398.20324
375.49099
361.96585
355.88941
392.57542
379.93486
376.73458
396.83348
378.06836
357.90996
358.01135
377.24409
395.3542
377.75558
425.9328
387.5827
390.27133
399.33397
397.43091
365.4936
348.58181
318.48813
337.34641
356.83879
326.79572
364.42702
340.36205
353.19419
320.14214
334.51338
356.78557
364.92503
330.44442
344.28144
301.05288
301.46162
301.43919
301.06021
301.48484
301.08021
301.05607
301.09046
301.57562
301.45896
301.07242
301.52333
301.10389
301.13543
301.09581
301.59998
301.49813
301.05082
301.56822
301.09799
301.14004
300.97941
301.46667
301.42286
300.9926
301.50191
301.04087
301.01721
301.0483
301.48266
301.49149
301.04104
301.53324
301.07431
301.06759
301.15883
301.59556
301.75712
301.07609
301.62619
301.10127
301.16262
300.99957
301.53257
301.42499
300.97877
301.53692
301.04293
301.06215
300.97612
301.43454
301.56926
300.96933
301.55032
301.03445
301.03457
301.26876
301.90677
302.10046
301.38521
302.05585
301.35372
301.25239
301.59421
302.25297
302.30588
301.49591
302.19367
301.45248
301.5372
301.0186
301.60456
301.61368
301.09901
301.64867
301.10773
301.06224
301.3486
301.74996
301.82268
301.21942
301.71931
301.18885
301.29225
301.67378
302.33557
302.45448
301.64053
302.40805
301.73146
301.74544
301.43683
302.1901
302.13844
301.54501
302.2782
301.64685
301.53402
301.37093
302.03107
302.03365
301.37695
302.03037
301.40193
301.43578
301.47008
302.10944
302.15371
301.43069
302.09965
301.43647
301.50415
301.91446
301.91109
302.3977
302.43513
302.43455
302.44956
301.9091
302.95504
303.59569
303.62037
302.99628
302.99548
303.02781
303.65134
302.02982
302.06374
302.56558
302.65799
302.67236
302.73581
302.09901
303.25487
304.10823
304.06248
303.3414
303.33395
303.39929
304.13446
301.66355
301.96893
301.92165
301.97501
301.73359
301.72331
301.98648
301.84798
302.25644
302.05897
302.06964
301.84043
301.80001
302.15219
302.54913
302.63201
302.62184
302.30444
302.28015
302.26846
302.34582
304.10232
303.41119
305.09349
303.98364
303.42568
302.92715
302.95042
303.12633
302.7261
303.08059
302.58824
303.05431
302.74172
302.79894
303.18481
303.19329
303.95254
303.9642
303.92456
303.91126
303.1389
304.635
305.42327
305.32311
304.69117
304.6062
304.63145
305.37472
304.54556
305.5064
303.99905
304.25489
303.8638
303.34788
303.53096
303.77146
303.42837
303.87536
303.36988
303.74547
303.35999
303.41434
303.86612
304.42932
304.54922
303.78246
303.95053
303.85504
304.51812
304.21621
304.2766
304.9563
304.88847
304.97508
304.95482
304.27788
305.69346
306.2867
306.32652
305.58428
305.64916
305.60018
306.26195
304.83587
304.78371
305.52685
305.62642
305.568
305.63618
304.8278
306.25496
307.15561
307.09685
306.38803
306.32705
306.40621
307.2117
304.50931
304.40463
306.01537
304.89286
304.73092
304.74349
304.36755
305.41403
305.58248
305.32042
305.1456
305.04469
305.10953
305.4795
309.69119
309.67231
305.62913
305.83729
309.50938
309.89616
305.79036
309.17226
305.37316
305.49652
308.31721
309.05186
305.64475
308.45493
309.48176
305.79572
305.89903
309.23956
309.71517
305.85818
309.11983
321.45288
316.0603
358.15266
365.25787
374.56431
318.20824
319.17396
306.14932
306.03464
306.73329
306.84294
306.75013
306.81339
306.10374
307.37603
308.02194
307.95573
307.46472
307.37522
307.41888
307.98694
305.47639
305.34029
306.42284
305.59465
305.65031
305.83642
305.48925
306.3261
306.1001
306.22598
305.87485
305.97224
306.1601
306.50307
309.12324
305.61592
307.58129
305.8787
308.00954
306.05125
308.58361
310.19632
310.10956
306.34566
306.58665
310.01195
310.36944
306.44942
309.56782
305.656
308.55759
306.08155
309.54619
308.4654
306.11129
309.89347
306.24216
306.61774
309.53435
310.19962
306.42429
309.2272
306.27077
307.04615
307.10588
306.30759
306.37406
306.39916
307.14459
306.99482
307.47037
307.97859
307.07793
308.00323
307.77689
307.66026
307.04729
307.48749
307.82761
307.11462
307.85957
307.83558
307.86775
306.95678
307.09436
307.95386
306.99756
307.95367
307.78555
307.83393
307.5471
307.0629
307.96716
307.23646
307.85993
307.89797
308.17127
307.26191
308.02264
308.13569
307.71787
308.5437
308.32994
307.85733
308.32204
308.34726
308.85001
308.11919
308.78519
308.7346
308.943
340.98414
352.20294
343.93576
335.97699
337.56886
325.64015
329.10392
307.16937
306.36604
318.94521
307.8337
309.66172
306.68208
306.8466
307.22991
307.50007
308.0761
307.50965
308.04755
308.29291
308.28818
308.44179
308.3915
308.85514
308.49089
308.8952
308.98405
308.98886
308.43155
308.5244
308.93711
308.51917
308.93003
309.00223
309.02542
343.2391
355.72298
345.754
339.70356
341.45699
329.24664
330.90344
308.70919
322.27367
307.90254
310.56192
312.46579
308.04535
307.45962
430.81072
441.81315
431.0814
431.299
435.84449
436.31328
423.15119
425.42042
404.32556
433.09404
433.00148
439.67919
415.91691
415.63272
422.29441
400.61158
415.87711
420.67252
427.28932
411.00543
413.57311
421.51992
394.85911
411.18441
418.52051
426.05068
407.11855
412.33776
307.65213
307.79115
308.55809
307.7523
308.44109
308.56251
308.6166
307.77694
307.82121
308.47524
307.95392
308.57222
308.63153
308.56112
307.71396
307.79704
308.56747
307.77359
308.53209
308.56087
308.59292
301.81774
301.33876
302.51508
301.08293
301.70121
301.00481
301.23897
301.04381
301.29161
301.07202
300.99741
301.26618
301.1258
301.13752
302.39913
301.72704
303.12046
301.66766
302.31369
301.54216
301.56261
301.11494
301.51062
301.23104
301.12533
301.57279
301.28993
301.2487
308.13091
304.51291
345.24813
345.50868
358.9421
305.8444
305.96169
301.86136
301.44647
302.71767
301.85544
301.41305
301.3354
301.32343
301.20877
301.46189
301.37331
301.48895
301.22851
301.2749
301.24869
302.55425
303.01958
300.82258
301.09313
302.77648
302.77775
300.78701
302.25524
300.79525
301.03085
302.08876
302.43186
300.83865
301.97869
301.89237
301.39396
302.70154
301.20006
301.81334
301.09382
301.25025
301.15536
301.3601
301.28044
301.12167
301.34264
301.14543
301.16369
302.46752
301.67477
303.22733
302.42819
301.56342
301.31194
301.46576
301.72952
302.002
302.17672
302.08605
301.63527
301.73822
301.82302
302.96398
303.20869
301.29129
301.33097
303.07478
303.10898
301.30278
302.6863
301.15006
301.29032
302.50883
302.81971
301.24943
302.41501
308.86483
305.75186
345.60451
345.82254
359.16337
306.84724
306.99496
302.60642
302.00793
303.56072
301.97025
302.55223
301.84374
301.86816
301.7278
301.94159
302.1269
301.64246
302.06642
301.73771
301.81732
302.28475
301.95453
301.05237
301.10818
301.14681
302.03072
302.17216
302.78163
303.13589
301.23579
301.31721
302.87761
303.03833
301.26285
302.4226
301.11701
301.16346
302.12521
302.49768
301.19049
302.09703
302.53652
301.19614
301.29485
302.43009
302.74624
301.23651
302.29742
301.92064
301.45732
302.93089
301.40543
301.92845
301.29649
301.27062
301.384
301.52256
301.60187
301.2494
301.5294
301.30294
301.42744
302.66119
301.93187
303.57736
301.75632
302.63004
301.66247
301.82075
301.55
301.94553
302.02285
301.54741
302.03458
301.69709
301.72187
302.35884
302.80914
302.36778
302.73154
302.34356
302.42321
302.48585
302.5917
302.2693
302.60442
302.65667
302.30475
302.36352
302.31953
306.01626
307.36977
304.7254
304.2025
305.41498
303.72267
304.08997
302.82451
302.7921
303.34129
303.11423
303.10553
303.07616
302.79914
303.94233
303.26406
304.52762
303.7591
303.32817
302.91424
302.871
302.90295
302.50002
302.92342
302.52145
302.93568
302.56086
302.52599
306.44316
304.06732
305.25197
304.31637
305.58856
304.40468
306.09863
307.76161
308.76564
304.52868
304.98912
308.04669
308.54049
304.71533
306.80961
304.05151
306.08219
304.37968
307.14994
305.78019
304.41652
307.2949
304.57395
304.97287
307.44365
308.03123
304.71675
306.81329
306.5834
308.23782
305.33161
304.95094
305.99295
304.44549
304.72009
303.21151
303.11745
303.80149
303.59942
303.48892
303.54876
303.14851
304.92546
305.37787
304.19411
304.12754
304.74951
303.65579
303.77422
303.16758
302.77535
303.27957
303.35918
302.92475
302.93152
302.76626
306.93246
308.6514
305.76611
305.30809
306.29709
304.51555
304.91401
303.31851
303.11593
304.05828
303.69438
303.46575
303.47319
303.12357
301.72535
302.06977
301.96699
301.97656
301.73405
301.69878
302.02436
301.65674
301.97736
301.91417
301.94164
301.71278
301.9787
301.67364
302.65797
302.61851
302.60978
302.27446
302.30585
302.28453
302.30708
304.02273
304.54459
303.37112
303.66052
303.2821
302.84915
302.9173
302.71192
302.34227
302.69712
302.35154
302.75522
302.45354
302.42136
305.9287
307.23011
304.9965
305.39059
304.50298
304.10448
304.38619
303.00522
302.96051
303.5046
303.35856
303.35516
303.34993
302.99927
306.31887
304.79526
303.87337
304.02473
305.41097
305.56117
304.2626
307.79167
308.9959
305.00809
305.23148
308.16605
308.63195
304.87639
306.7913
304.06312
306.07383
304.59029
307.14795
305.75185
304.45838
307.20535
304.43692
307.063
305.0228
307.9872
306.37143
304.67812
303.34098
303.79095
305.09081
303.44932
303.87148
303.44336
303.34384
303.97494
303.58337
303.92459
303.5046
303.93078
303.52736
303.59718
307.34868
305.08871
306.00679
305.23383
306.49382
305.41917
306.69153
308.75019
310.18189
306.01068
306.33583
309.27983
309.61302
305.95191
307.77827
305.17366
307.0614
305.63418
308.25519
306.78054
305.58003
308.22579
305.40638
306.0682
308.09429
309.0356
305.69372
307.46525
306.77586
308.22294
306.0117
305.66087
306.31561
305.44082
305.23011
304.35962
304.34852
304.73702
304.68669
304.67174
304.71916
304.39181
302.74219
303.2067
303.1434
303.17112
302.87024
302.80503
303.2683
302.66617
303.08422
302.98062
303.122
302.85639
303.21909
302.79261
303.99929
303.96205
303.8351
303.5702
303.70264
303.63953
303.66905
302.13851
302.44572
302.49259
302.61433
302.29683
302.31852
302.61277
302.5415
302.97641
302.931
302.82521
302.61056
302.50545
302.95359
303.3857
303.53361
303.41031
303.08174
303.12067
303.04953
303.2059
306.81666
304.46478
304.22413
305.60549
305.94013
304.57656
306.47799
308.13256
309.13754
305.37574
305.06512
308.97198
308.32362
305.04678
307.72863
304.81083
305.25805
307.80091
308.53261
304.94858
307.16272
307.11446
304.28047
306.21184
304.6545
307.302
306.0918
304.64794
307.27849
309.10516
305.77187
306.65239
305.36977
304.74386
305.01855
303.49892
303.561
304.18756
303.86374
303.80239
303.86463
303.55871
304.62827
305.75268
304.02787
304.50429
304.0051
303.59001
303.54965
303.75169
303.36313
303.60929
303.20861
303.65827
303.34998
303.44027
307.20975
308.99666
306.00559
306.70669
305.66082
305.20036
305.44727
304.15792
304.19104
304.58868
304.45422
304.46501
304.58311
304.26313
307.20406
306.02254
304.82299
305.0442
306.36277
306.867
305.16886
308.45494
309.49131
305.75319
306.00618
308.69554
309.26634
305.67173
307.48543
304.91329
306.6772
305.34024
307.71249
306.5216
305.27356
308.0592
305.39091
308.11681
305.8516
308.82779
307.51721
305.53882
307.32722
305.07193
305.92003
304.85893
306.43419
306.72971
305.25013
308.55648
309.5349
306.1118
305.79382
309.42028
308.70377
305.76426
308.21443
305.43762
308.23132
305.95127
309.0196
307.54873
305.6502
307.56519
304.94915
306.67766
305.37065
307.70625
306.56834
305.34472
307.46697
309.21679
306.2956
306.90562
305.82857
305.18412
305.43689
304.06759
303.99025
304.59548
304.3173
304.35865
304.26695
303.99416
306.35278
305.07336
309.02952
306.43901
305.247
304.35251
304.51218
304.87983
305.40728
305.07496
304.71305
304.55623
304.55672
304.92108
309.14787
308.90058
304.51893
305.03696
308.6794
309.38913
304.78928
308.85321
304.77202
305.18369
308.69979
309.18017
304.84719
308.39448
309.23167
305.59661
314.6983
305.57121
309.21148
304.92224
305.07073
305.21184
305.62616
305.80803
305.14003
305.49779
305.56764
305.64703
308.9962
309.14229
305.20429
305.25158
308.95369
309.26757
305.30174
320.0477
314.27491
356.66455
363.12616
373.01923
316.78784
317.45551
308.43927
305.06313
305.14954
307.66964
308.44677
305.22398
307.5937
308.61486
305.21559
305.3055
308.29389
308.99234
305.29944
307.9005
304.69679
304.52966
305.81216
304.80112
304.77439
304.89438
304.57539
305.40398
305.20406
305.28502
305.08362
304.948
305.20141
305.52646
308.89636
305.6013
313.71458
305.47807
308.53534
305.06948
305.14328
305.52278
304.85515
305.40482
305.33318
304.97431
305.64655
305.81167
307.29702
306.10301
310.44543
307.53731
306.28721
305.40348
305.23452
305.92913
306.4639
305.67368
305.4118
305.58288
305.33255
305.72233
310.81657
310.67409
306.16193
306.88184
310.29005
311.14989
306.65103
322.02382
316.73405
359.01498
365.06069
374.52205
318.66227
319.9851
310.72633
306.99327
307.07007
310.49512
310.98069
306.96828
310.45147
306.38152
309.91322
306.7207
306.63682
306.25363
307.14025
307.15068
306.47291
307.90794
306.52361
306.57929
306.40287
307.08272
306.95832
305.60384
305.77668
306.28444
306.31459
306.11348
306.03409
306.23676
306.53237
307.30958
307.84304
306.92733
307.10982
307.24653
306.49101
306.98398
307.70925
308.50787
306.94056
307.57373
307.47188
306.9544
305.58133
305.58589
305.52308
305.70475
306.14569
305.96874
305.98366
305.68206
305.92876
306.03283
305.71775
306.44827
306.06804
306.24705
306.04141
306.10135
306.50507
305.93681
306.56449
306.17201
306.28911
309.37027
309.55916
305.79898
305.50296
309.79641
309.19692
305.64819
309.08042
305.53699
305.83701
308.92361
309.59475
305.64489
308.47251
308.58127
305.13657
307.48981
305.27854
308.49194
307.63848
305.41147
319.90856
314.14764
356.03192
363.32182
373.1987
316.32079
317.44122
310.0574
314.6326
306.38274
309.83767
306.46341
305.3888
305.61341
305.74252
306.14972
305.97757
305.95173
305.73712
306.05083
306.08208
309.4784
308.25306
306.21995
306.38546
306.51848
308.58828
309.05982
310.44315
310.67121
306.65881
306.97543
310.21749
310.89287
306.83074
309.7401
306.30958
306.42419
308.61688
309.57137
306.59439
308.86944
310.19383
306.66592
307.01496
310.05115
310.70592
306.81184
309.599
307.24626
306.28875
310.35883
306.51691
307.53935
305.82109
305.65568
306.55876
306.42209
306.40296
306.19894
306.17754
306.30918
306.66739
306.60733
306.75868
308.33845
306.79711
306.71518
307.15201
307.14214
306.85639
306.95329
307.09753
306.80044
307.01872
307.18907
307.24521
306.65786
306.57752
306.50114
306.74139
307.2573
307.08946
307.01936
307.18572
307.2563
307.36414
307.09087
307.72058
307.31837
307.37494
306.72612
307.02146
307.246
306.7439
307.50207
307.10075
307.28342
305.57896
305.65303
305.889
305.95579
306.29608
306.11929
306.1238
306.10658
306.49637
307.20873
306.19493
306.97948
306.41162
306.70547
306.39082
306.68507
307.39846
306.37929
306.9601
306.41768
306.70726
307.54235
306.00297
310.5088
306.10299
307.67861
305.30579
305.19048
305.45617
305.76102
305.29189
305.11744
305.06579
305.20325
305.54801
309.79914
306.33487
315.02385
306.31064
309.49228
305.84748
305.78974
305.73067
306.31986
305.7388
305.66622
305.49827
306.11299
306.17582
309.19167
306.35127
306.10337
308.24314
308.47049
306.35723
308.858
309.96381
310.02078
306.5564
306.27171
310.25688
309.78279
306.44801
309.76427
306.50799
306.6321
309.49727
310.11182
306.53839
309.22311
309.42891
306.03887
308.49438
306.10234
309.31692
308.57378
306.2665
310.05997
315.39626
307.00217
310.06228
306.86247
306.26685
306.38046
306.44855
306.63632
306.31047
305.92845
306.30273
306.64317
306.79094
307.79924
306.52438
310.84805
306.49926
307.85266
305.48902
305.54819
305.7063
305.67751
305.45761
305.46964
305.40716
305.42
305.68336
305.89542
309.15769
306.11133
306.0472
306.128
306.38572
306.4247
306.0236
305.68948
306.18144
306.0351
306.19663
306.35492
306.33428
343.7594
359.00982
346.88797
341.69313
344.81242
330.99296
331.35771
311.41015
309.18483
326.73435
312.70886
316.37065
309.13127
308.18985
344.90696
363.17618
347.71978
344.65572
348.14657
333.00247
332.67304
312.7939
310.56165
331.28176
315.72253
320.79545
310.68681
308.90836
414.61244
392.13036
389.60683
393.99452
401.27947
404.26367
405.27479
429.63415
440.27736
428.54907
429.94837
434.18143
434.78757
422.36915
420.96256
397.30071
415.10701
418.66746
425.64275
409.41823
412.12852
423.06284
403.51913
416.00847
420.1641
426.59228
413.78008
415.37162
430.98309
441.40299
431.42318
430.85584
435.98623
435.53863
423.76705
421.74206
396.31178
415.80408
420.39839
426.7548
409.24566
412.81146
424.48687
400.62972
432.07341
432.5739
439.44258
413.31469
414.16615
420.96577
393.9403
414.47311
419.99862
426.20954
407.1494
411.76714
345.61003
359.50462
349.09317
342.81555
345.39133
332.09384
333.34071
307.62379
307.27113
323.39349
310.82727
312.4188
307.59863
306.79484
432.06848
442.19749
433.36426
431.30851
437.32957
435.98646
425.44732
423.2916
399.54541
414.61826
420.93271
427.38426
411.36199
415.17748
425.03851
401.1377
432.5764
432.73366
439.56617
413.99786
415.21126
421.65696
394.8175
413.91639
419.30155
425.92443
407.95775
413.18287
339.45235
357.25486
341.09147
338.93543
341.32321
326.89002
327.18834
308.59886
323.99357
307.95658
311.54596
313.96384
307.57898
307.2792
345.68531
362.39612
349.36495
347.63065
344.01869
332.59991
333.68918
309.64802
325.76884
308.03142
315.78924
311.92989
308.43596
307.20432
336.77273
348.48643
337.84813
332.88869
331.94649
321.29452
324.28684
309.66879
325.19156
308.46782
314.66143
310.76822
307.87476
307.2757
307.96577
302.52708
301.79024
303.58833
303.36987
302.44075
310.11976
318.52378
309.19253
303.19655
338.81457
303.94621
313.05784
346.7453
305.66463
302.53629
301.76115
302.08283
302.93674
302.28591
304.211
310.98994
304.01854
302.61368
304.02928
303.99904
304.09178
312.39651
317.28658
311.37318
304.50638
344.24798
305.28612
313.8316
349.84018
310.01351
303.77627
302.6471
303.44011
303.9583
303.81481
307.40712
308.25718
304.51216
313.94225
360.19131
341.97512
303.35124
315.56468
304.89425
303.08888
302.56224
327.44114
302.09945
308.1894
314.94263
302.77458
302.23985
301.66622
301.93145
301.76028
302.03846
303.46256
304.45108
307.26843
310.40968
302.0707
303.0735
327.01287
302.49918
310.85288
307.23036
314.41389
355.91313
344.11185
304.80889
316.48522
307.87798
305.61032
304.24613
331.54467
303.71763
310.90804
316.69558
304.33209
303.35059
302.45948
303.10309
302.85408
302.88905
305.30413
307.54523
307.448
311.88755
302.71726
304.61841
328.50824
303.39955
309.98374
303.32168
302.45689
304.31192
303.94652
303.25354
312.40311
320.86053
311.36987
303.77319
340.62751
304.71794
315.4245
348.8632
306.93017
303.32826
302.44822
302.751
303.62752
303.01683
305.26803
312.90339
304.95843
305.1297
303.6108
305.04174
304.95771
314.08185
318.58714
312.45102
305.30595
345.9828
305.59872
315.79218
351.15517
311.32811
304.60993
303.60058
304.27951
304.86736
304.73459
307.90685
309.89953
305.32749
360.79606
315.25639
343.46893
316.7768
304.18087
305.94068
303.76665
303.20721
329.79467
302.74157
309.85245
316.75604
303.45917
303.02786
302.54716
302.2846
302.40048
304.14798
302.83154
305.96865
308.98809
311.407
303.24515
304.36341
328.56247
303.62876
312.66884
308.11085
315.2548
357.7616
346.48068
305.11408
317.94125
308.73715
305.96084
304.95894
333.40339
304.49603
312.4523
318.0775
304.77145
304.18412
303.21972
303.89965
303.64289
303.68069
305.77412
308.89658
309.08513
312.17176
303.73553
305.06646
330.39838
304.22953
317.33028
308.01909
309.36299
305.48662
309.3788
308.05293
317.96424
332.64282
319.60746
311.01029
354.61229
312.22372
327.27933
360.2653
316.14783
308.33657
305.49882
307.33348
308.98336
307.78606
314.07774
318.63987
308.58049
310.16429
306.08425
310.24077
308.58048
319.44223
333.10747
320.9034
311.88173
354.13882
312.92057
327.83889
360.44516
317.2445
309.29249
306.13427
307.97764
309.93597
308.32432
315.10821
321.94661
314.00773
368.34855
327.4812
356.40116
329.36898
311.54136
317.43641
311.95301
309.74725
344.57383
308.57225
322.05499
333.32158
310.278
307.53496
306.84895
305.31921
306.41205
311.92467
306.96332
316.07225
319.08874
327.24353
308.42178
312.00897
342.55527
309.72219
324.51611
315.23367
368.82744
328.66347
359.03534
331.62613
312.68797
318.16161
312.8037
310.52466
344.10746
309.32455
322.8421
333.07446
311.31561
308.53296
307.53882
305.99369
307.15031
312.95441
307.8835
318.10025
320.41435
329.67387
309.18263
313.5899
344.81302
310.66515
312.1185
330.19616
315.47918
347.82704
315.14858
312.17843
330.02668
308.8948
313.71025
317.79416
306.69052
307.07115
308.21408
319.97578
311.19297
312.28978
341.10054
324.53713
313.72072
310.11546
327.69884
313.17215
347.21819
317.46899
360.51489
316.92521
313.48721
345.576
309.17221
321.09864
323.91153
307.06503
307.2292
308.65512
330.31532
312.06193
313.40151
353.7717
331.62761
315.39931
310.9613
340.38669
309.17656
313.61159
316.99885
306.73395
307.32919
308.39557
319.28213
311.39869
311.98814
339.91816
323.75859
313.46065
310.39823
326.76424
312.72325
347.12711
360.16667
317.49893
316.79059
345.38912
313.44806
309.05418
319.20839
320.66741
307.23496
307.72485
308.63239
328.39155
311.27124
312.23598
352.2312
328.51849
314.63118
310.20572
338.53516
395.88485
416.95811
429.05651
415.97372
411.35954
413.62674
399.96548
373.70729
373.0079
379.9961
349.05333
357.32596
361.94432
391.36292
387.82941
390.14801
422.33049
395.05992
403.23653
374.95385
406.20656
385.26663
411.72089
425.86039
409.95891
405.38223
406.62925
390.70943
364.83896
364.14352
378.37196
342.50493
345.2653
359.76291
384.422
382.32742
390.93641
421.15134
395.00762
401.22845
374.89869
402.39076
303.47895
319.9553
305.91586
336.09428
305.26457
303.8443
318.09865
301.8601
303.78245
301.11978
304.84421
301.22178
301.58367
306.65988
302.87531
303.37417
329.02142
309.84544
304.31621
302.31324
314.18427
303.82488
322.89395
306.06229
337.13668
305.33353
304.27187
320.54569
302.33731
304.29475
301.4671
305.83813
301.74197
301.91944
308.29183
303.14761
303.40168
330.12036
311.1414
304.30137
302.524
316.15953
301.98407
303.91437
301.2885
304.94075
301.40469
301.74042
306.48197
303.01286
303.60374
327.80673
308.66641
304.68839
302.44113
312.86799
301.99665
304.01496
301.26151
304.93422
301.3491
301.74528
306.61288
303.08013
303.64077
328.36783
308.76142
304.77694
302.46358
313.33597
302.86274
304.9398
302.06472
306.06234
302.15958
302.52322
308.35524
303.94871
304.52081
330.80896
310.96128
305.33754
303.32255
316.26311
302.68251
304.84818
301.81855
306.2218
302.01605
302.32711
307.81856
303.87559
304.5466
330.2158
310.64728
305.61152
303.18262
314.95047
302.18113
304.3935
305.68756
301.35751
301.4643
307.23959
301.93112
303.36474
304.13837
329.37889
309.70344
305.20202
314.12434
302.75034
301.56967
301.05353
301.87571
300.971
301.87136
301.57623
301.00516
302.60675
305.12675
306.07374
301.85075
301.97169
307.74085
302.31612
303.68907
304.28509
329.93997
309.72475
305.55404
314.34912
302.98672
301.88221
301.15575
302.27354
301.22457
302.10306
301.98332
301.16935
305.14483
320.89598
310.5601
347.88327
309.8476
305.4248
318.19084
304.8406
307.54799
303.20819
310.07509
303.57439
304.36724
312.68105
305.37711
305.95294
338.13504
313.22209
308.18633
305.23084
316.88858
305.97221
309.54712
304.0136
310.76407
304.59504
305.04355
314.32207
307.24835
306.77262
338.13637
315.34789
309.30987
306.16224
319.40537
305.28502
321.18824
310.69171
347.86431
310.01788
305.52327
317.89331
305.07436
308.24811
303.79785
310.80929
304.12617
304.74359
312.9049
305.72844
306.80699
337.26891
313.45885
308.71941
305.68643
316.1442
306.51989
311.05772
304.74927
311.91667
305.35558
305.60865
314.95067
308.06876
307.66682
337.85796
315.37147
310.53405
306.58998
319.47185
305.96681
309.71753
304.42894
312.43758
304.85585
305.56593
314.30486
306.41901
307.75329
338.81058
315.25944
309.4361
306.53185
317.76774
307.13292
311.68872
305.20576
312.91037
305.85069
306.20174
315.76212
308.80808
308.50407
339.94916
316.33063
311.31387
307.29904
320.65902
308.15382
302.51617
303.525
301.71222
302.40455
303.20286
310.16439
319.4461
309.87665
302.96786
339.82973
303.82302
314.20515
347.54025
305.73111
302.40126
301.65327
301.9085
302.19279
302.82681
304.1904
311.16148
303.97596
304.03618
302.5713
303.92896
303.94182
312.43626
316.68629
311.41432
303.98153
344.78622
304.3591
314.33939
349.79731
310.04731
303.54475
302.55858
303.22524
303.6917
303.74245
307.09685
309.25647
314.82015
304.34625
360.98149
344.14764
302.87544
316.2959
305.14991
302.74801
302.26439
328.94995
301.77629
309.06541
316.63636
304.95093
308.17731
311.70426
301.99209
303.17682
328.64068
302.20696
302.35665
302.01494
301.30006
301.64397
301.39493
301.70155
303.14135
311.73063
315.12918
307.24781
357.45275
345.59953
304.23207
317.20886
307.69593
304.83114
303.80467
331.85185
303.37828
311.10888
317.04427
308.10333
308.20801
312.21102
302.49871
304.13947
330.2282
302.96075
303.80577
303.17592
302.12074
302.82392
302.49835
302.59019
304.89201
310.77105
303.21554
304.4561
302.29953
303.03404
304.17394
312.79505
321.95367
311.86585
303.86221
341.08602
304.55232
315.98161
349.15283
307.84107
303.11737
302.17358
302.52005
302.79856
303.66594
305.32902
312.54291
304.85184
305.00298
303.3353
304.72302
304.76697
314.07769
320.24074
314.0496
305.33156
345.56988
306.79167
315.76259
352.64228
311.2341
304.30406
303.25078
304.16042
304.54948
304.46242
308.78398
310.65999
316.62575
306.04098
362.10084
345.08298
303.97905
318.66624
306.51566
303.58596
303.06603
330.69557
302.45519
310.78567
318.37913
305.63313
308.7204
312.48419
302.43311
303.56593
328.78812
302.96764
303.28502
302.66656
301.85344
302.24798
302.01192
302.3612
303.96895
313.01948
317.40802
308.49296
357.71731
347.97768
305.95873
319.06232
309.40711
306.49669
304.87234
333.72551
304.34003
312.65565
318.93428
309.07662
309.21612
314.15275
303.33898
305.7652
331.18035
304.27285
305.27227
303.96853
302.88823
303.738
303.3918
303.49639
306.47251
315.47076
307.58908
308.95405
304.74321
306.76862
308.12658
317.25589
324.1237
316.39769
307.25548
343.12393
308.71385
320.53338
351.03999
312.77154
305.97017
304.32338
305.0222
305.87663
307.09665
310.28305
316.93425
308.191
309.71266
305.19417
307.41909
308.87858
318.74319
325.21001
317.3186
308.50302
342.39093
310.08184
321.83811
349.90128
313.962
306.6286
304.72958
305.68251
306.47392
307.87987
311.72627
314.52087
316.65445
310.13543
361.86465
342.73753
306.46524
320.09951
310.09003
306.6199
305.8016
335.37564
304.57545
314.60621
319.38533
309.70935
312.14321
312.83463
303.45677
305.07057
333.1615
304.81356
305.61016
304.80159
303.12526
304.21449
303.53359
303.91956
307.33557
315.5507
316.95205
310.50675
362.0956
342.39001
307.18805
321.25897
311.4829
307.89867
306.92625
336.14367
305.48217
316.32293
320.58143
310.21175
312.58299
313.20341
303.73124
306.06204
333.35122
305.28597
306.47643
305.36763
303.45922
304.82973
304.10697
304.32545
308.63068
308.40491
302.66674
301.73551
303.79414
302.49995
303.41742
310.71593
319.20532
309.73647
303.14997
339.66982
303.99142
347.59057
313.78805
305.76783
302.46765
301.67239
301.99708
302.26001
302.9168
304.28423
311.87679
304.50123
302.78047
304.56458
304.42727
304.33267
313.22006
317.77614
311.43491
345.35024
304.43643
304.96928
314.42239
350.68775
310.62446
303.87607
302.68518
303.30957
304.20424
303.85579
307.25066
347.08228
349.36553
314.88871
394.95239
314.19034
394.24115
349.11738
308.44011
304.34686
313.97477
360.72598
342.58842
303.1237
315.54438
304.73448
302.94643
302.44768
327.93038
301.929
314.93941
308.45378
302.56634
302.10792
301.45339
301.7778
301.55577
301.85272
303.36039
304.4964
307.53676
310.05487
302.04569
303.13891
327.07349
302.41693
311.34608
314.47388
356.93407
307.31248
345.17204
304.32488
316.68253
307.74082
304.9819
332.03949
304.09675
303.43337
311.00977
316.78844
307.82301
307.72026
311.43328
302.53631
304.11787
329.32144
303.19034
303.94114
303.21441
302.14236
302.86977
302.54173
302.62103
304.95613
315.92033
307.81747
305.12393
309.19817
307.07891
308.36505
317.7515
323.67589
316.50196
307.939
340.65806
309.48611
348.52116
320.45195
312.96336
306.31226
304.64461
305.37001
306.10311
307.43929
310.88952
315.42147
307.43335
304.87636
308.88866
308.0231
306.56306
317.42753
323.19781
315.94699
341.70508
306.90371
308.22264
319.64604
349.97801
312.59018
305.88585
304.42841
304.92041
306.94812
305.69239
310.11422
314.35619
309.78878
315.91848
358.87689
340.2214
306.76707
319.22155
310.58206
307.21118
306.44408
334.18567
305.10757
318.79385
315.05963
306.10588
305.15072
303.51447
304.60264
303.96877
304.22625
307.93183
309.30296
311.80131
311.88929
303.57595
305.49871
331.53317
304.9679
313.74009
315.53988
360.17075
309.97361
340.65126
306.20667
319.23197
309.68549
306.41581
334.69723
305.61057
304.49731
313.95415
318.75906
309.27102
311.40833
311.59952
303.37475
304.80999
331.88513
304.64359
305.49691
304.73225
303.33374
304.25518
303.66682
303.94884
307.05308
304.93772
307.58674
310.21434
303.43245
303.86009
312.66616
304.42495
305.54228
306.10912
337.53179
313.24818
308.22178
316.33857
305.36815
303.92493
303.66825
305.07274
303.48506
304.77086
303.36205
304.06394
305.87757
309.37814
310.9949
304.02215
304.64166
314.70651
304.97511
306.95806
306.70228
338.07607
315.0397
309.19118
319.31332
305.94247
305.00308
304.2195
306.20432
304.29899
305.61441
304.07484
305.42284
306.23162
322.15588
311.53914
348.53601
310.73546
306.34424
319.47796
306.01394
308.08692
304.52995
310.98475
304.86885
305.54237
313.29427
306.44455
307.02785
338.34416
314.37637
308.89659
306.33639
317.34716
306.81352
310.09791
305.13608
311.77251
305.73498
305.92463
315.49828
307.89694
307.67301
339.73331
316.81318
310.17024
306.86265
321.14032
309.46171
303.48572
302.48212
304.57913
303.30035
304.31573
311.38851
320.08429
310.28968
304.0461
340.39869
304.81579
348.07379
313.93442
307.04124
303.40893
302.40707
302.77947
303.043
303.84967
305.35646
312.12118
305.45193
305.50964
303.51695
305.45999
305.06727
313.5614
318.30994
313.08478
344.2232
305.70043
306.48005
314.35894
350.91914
311.05737
304.71808
303.41483
304.11723
305.25123
304.51369
308.62634
309.31671
305.89978
361.3493
315.26428
343.36713
316.70974
304.46069
306.10182
304.22992
303.39138
329.25585
302.89385
316.55025
309.21403
303.69068
303.05015
302.6187
302.35833
302.48317
304.35852
302.85248
305.77265
308.33425
311.79665
303.09379
304.18448
327.68607
303.60156
312.15922
316.12553
356.64352
308.41231
345.43841
306.14408
317.7263
309.04736
306.90478
332.31522
305.07889
304.61275
311.88152
317.85629
308.6967
309.08807
313.55202
303.83882
305.77271
330.0864
304.60876
305.32124
304.21822
303.20254
303.80854
303.61286
303.76546
306.59165
316.30335
308.12952
305.78133
309.42431
307.42541
308.73582
317.89283
324.63511
317.34614
307.90401
343.92486
309.23254
352.47673
321.06655
313.72484
306.88266
305.42104
305.94867
306.65238
307.78779
311.23743
316.88618
308.4274
305.92271
309.90966
309.16795
307.81524
318.63416
324.64252
317.44754
340.9162
308.73983
310.26083
321.61709
348.91815
314.00951
307.31652
305.50243
306.21242
308.36715
306.8746
312.03021
314.93855
311.31926
316.65264
361.81718
342.71304
307.35693
320.73388
310.91598
307.41354
306.641
336.34915
305.63581
320.12336
315.19625
306.71285
305.85366
304.59507
305.38504
304.92364
305.15133
308.16643
310.67166
312.48463
313.03499
304.70184
306.00893
333.5037
305.86728
315.95458
317.3553
361.06132
311.12506
341.90358
308.03104
321.25125
311.81663
308.20012
335.48731
307.33933
306.0838
316.6082
320.23246
310.63309
313.21246
313.27409
304.90249
306.91996
332.76156
306.22778
307.34653
306.20148
304.5379
305.5017
304.93684
305.33809
309.17479
308.8643
302.71801
301.82628
303.91319
302.63526
303.70338
310.85905
320.1692
310.24668
340.58442
303.5993
304.40034
348.5082
314.25343
306.41668
302.86337
301.79524
302.25523
302.47278
303.25938
304.86592
311.92946
304.59395
302.87795
304.64751
304.51658
304.68712
313.28336
318.63979
312.99311
305.10667
345.25544
305.96926
315.026
351.07577
310.91569
304.28007
302.82741
303.60477
304.04061
304.71459
308.1977
309.30781
361.70779
305.42212
315.51213
343.96761
316.77371
304.17232
305.79831
303.81572
329.25194
302.97085
302.45487
316.07492
309.14639
303.29738
302.55239
302.13196
301.78545
301.97184
304.01876
302.37619
305.77944
308.62542
311.71626
302.84263
304.22454
328.35716
303.37272
312.35385
308.30644
316.11692
357.50584
346.62067
305.83553
317.7161
308.88428
306.41576
304.65014
332.93174
304.17592
311.98407
317.9122
304.95638
303.77691
302.61591
303.28831
303.08569
303.29262
306.04805
308.74712
309.10037
313.34803
303.45217
305.53291
330.12115
304.29522
309.09132
303.50047
302.52041
304.55505
303.34224
304.25554
311.1486
319.70799
310.70725
340.23096
304.06978
305.04007
348.87718
314.11201
306.67636
303.45337
302.48708
302.85817
303.09655
303.83316
305.48874
312.52185
305.38181
303.56231
305.55308
304.99684
305.53432
313.68913
317.36665
312.18844
305.58845
345.30084
305.70763
314.97206
349.54663
311.31878
304.80887
303.51785
304.22296
304.55348
305.3785
308.33269
309.45242
361.0294
305.70514
314.81096
344.03974
316.17992
304.63801
306.12984
304.07456
329.34086
303.39684
302.84838
316.01615
309.33261
303.69345
303.12677
302.65
302.29285
302.43587
304.56815
302.90724
306.15228
308.73868
311.37256
303.26659
304.56673
328.05499
303.81491
312.49634
308.31934
315.23788
357.23916
345.72443
305.81602
317.49335
308.95058
306.49322
305.20693
332.2232
304.73427
311.9562
317.2786
305.27464
304.25606
303.24478
303.95807
303.73529
303.79535
306.26898
309.20853
309.08989
312.84385
303.86021
305.74205
330.54689
304.65401
317.48832
308.82754
305.85312
310.5363
309.67458
308.07559
319.31028
325.40776
317.78292
342.33615
309.01442
310.64997
350.00742
322.0019
314.59701
307.50177
305.36387
306.2256
308.69622
307.03222
312.43698
316.80659
309.10126
306.0213
310.32026
309.54678
308.2857
318.53847
324.69799
317.44383
342.50328
308.90009
310.38149
350.77205
321.06276
314.31974
307.49022
305.61524
306.48466
308.58543
307.36275
311.91712
315.88112
317.43077
361.46601
311.57024
342.35689
308.1488
321.24972
312.01247
308.289
336.38551
307.42597
305.9669
320.68659
316.67522
310.87932
313.37012
313.32577
304.76505
306.85486
333.08887
306.27123
307.38617
306.26121
304.11724
305.36273
304.65628
305.19252
309.36123
315.29492
316.85116
361.11993
311.57236
341.13251
307.99853
320.45915
311.51444
308.22474
335.69062
307.46272
306.11146
319.5508
315.74641
310.93187
313.03204
313.11043
304.84165
306.72137
333.03121
306.31365
307.42432
306.27735
304.42561
305.67817
304.99557
305.31278
309.08679
305.67091
321.64908
311.02519
348.77105
310.56005
305.8942
318.92773
305.2423
309.30851
303.93891
311.9526
304.21597
313.91404
304.98253
304.16567
303.92192
305.17862
303.58094
305.20955
304.15384
303.61185
306.00654
307.40084
338.5225
314.56633
309.31457
317.19854
306.0202
306.97971
311.88668
312.64037
305.12432
305.78612
315.67199
305.99824
305.7709
304.61164
307.05814
304.63244
306.43494
306.30304
304.42906
308.62531
308.24394
338.93037
316.27486
311.20474
320.41169
307.01839
306.10212
320.99652
348.62989
311.30173
310.90251
318.66202
306.30354
305.63108
309.66616
312.11611
304.42427
304.70125
314.00003
305.3624
306.49724
307.82591
338.54768
314.58399
309.73857
317.08115
306.38719
304.71376
304.55617
305.71313
304.27834
305.68437
304.25534
304.75989
310.4304
328.45421
344.50349
315.14032
313.76889
324.84905
311.62279
307.15064
311.7677
313.00128
305.42506
305.99584
315.83268
306.24756
308.8793
308.5938
339.20416
316.24926
311.57021
320.33911
307.28667
306.14672
305.20102
307.2542
305.27364
306.78307
305.05411
306.55701
305.82878
308.62404
304.47743
311.35999
304.7051
313.7162
305.49839
306.63913
307.37335
338.34178
313.9441
309.43478
317.20458
306.54849
304.75706
304.53256
305.73211
304.26193
305.62913
304.76643
304.21217
307.33712
311.19092
312.18755
305.42918
306.10682
315.5034
306.36165
306.17201
305.17282
307.42415
305.0763
306.88658
306.53729
304.97959
308.71709
308.16357
337.77569
316.16141
310.70958
319.87154
307.40982
307.98724
312.15463
306.04374
316.19403
306.2508
307.49005
318.32209
310.40026
310.85199
339.65158
323.5587
312.35606
309.49059
326.57483
307.93878
319.31175
306.20123
320.49563
306.29764
307.37032
328.26296
310.68281
311.51641
352.41163
328.50939
314.23068
309.20514
338.74454
308.10652
312.58491
316.53128
306.10476
306.46298
318.84337
307.41763
310.22591
310.83069
339.87401
323.42153
312.47442
326.68624
309.08391
306.06113
304.84238
306.60937
304.5821
306.70834
305.96045
304.68475
307.56005
318.48566
320.59837
305.88481
306.08214
327.26323
307.07654
310.16396
311.39106
351.41414
328.75272
313.50043
337.8181
309.01932
306.35043
305.02322
307.32665
304.80131
307.08965
306.50749
304.88232
309.35841
313.69772
307.31984
318.18876
307.53859
308.86893
320.16698
311.63757
312.97246
341.39899
325.39371
314.1558
310.78067
328.50933
310.88961
323.63087
308.46709
325.75608
308.69719
310.21975
332.25212
313.77465
314.50726
354.5461
333.14776
316.80166
312.42223
341.93808
339.87973
317.01277
309.79155
325.51101
316.53518
324.10703
342.48239
349.49499
335.13064
317.84233
362.89623
322.64928
372.09824
341.89546
332.45299
316.43036
308.65531
311.28176
313.74107
319.76438
326.93595
359.37224
341.85568
338.67215
324.48031
337.0808
339.609
362.19012
372.6006
372.33214
393.42503
346.0093
351.07808
367.39585
400.49844
353.2694
329.32526
321.16183
331.0073
332.42283
335.0848
347.23312
337.15628
330.4871
384.007
344.87962
369.48347
347.20617
322.95788
327.23025
316.80657
313.87134
355.17222
311.17114
342.30824
335.35695
316.75459
313.64345
309.24318
306.72654
308.16865
322.0613
310.95729
325.43035
333.39179
336.78233
312.17714
318.66436
354.44942
315.99548
348.45384
347.40897
390.94387
340.72467
376.0036
329.97941
360.5319
346.53423
344.24585
382.07197
338.87985
329.93304
358.29987
365.62639
338.41072
336.55383
342.30112
316.45032
325.87453
363.93775
322.71515
330.36112
324.68157
314.20428
325.99481
320.39142
319.66672
339.78923
342.03378
318.47721
311.42766
326.78777
318.46053
326.27709
343.19844
354.56834
339.97225
323.86674
367.35549
327.75457
375.55807
347.64823
338.28088
322.25715
311.37224
316.12095
317.84172
324.96118
333.33631
362.21388
342.89418
339.775
326.9984
339.73529
342.60404
362.76798
379.34428
379.44176
397.26528
352.70125
358.73353
372.84883
404.91157
360.33798
335.49885
326.50781
337.64066
338.86302
341.97116
353.55857
340.65292
334.28064
386.41773
348.0267
371.85143
350.30698
326.69851
330.03094
319.38565
317.75579
356.89189
314.05161
344.26614
338.38405
320.08473
317.45741
312.54509
308.1559
310.23278
325.83145
313.66706
327.926
334.82291
336.38549
313.83975
319.77759
355.16484
318.4834
350.64295
350.39148
392.62586
345.27196
376.78518
333.4763
364.10432
357.70826
368.45168
369.95383
413.60263
344.26176
387.33482
382.88894
349.11767
346.92288
384.60644
344.14959
333.15917
362.3049
367.62581
339.28936
337.00182
343.53965
318.12318
327.46443
363.66178
324.04797
333.93068
328.90942
316.69526
330.9076
323.7306
322.79394
344.41658
317.50317
308.14028
309.61166
305.81423
308.03323
309.61974
318.35319
331.38595
319.44409
352.074
310.59496
311.85914
358.56501
326.23603
316.1448
308.48562
305.71868
307.13061
307.61186
309.23853
313.99915
317.28463
307.98801
305.75105
309.38333
308.19425
309.50889
318.14186
332.00903
319.38117
311.1858
353.2611
312.31776
326.52156
358.86197
316.18039
308.61656
305.79261
307.65742
308.05482
309.19139
314.25049
322.6038
368.64758
314.06315
327.45756
357.6483
329.83731
311.42836
316.25878
310.97162
342.41151
308.99822
307.66092
331.04129
321.16576
309.87586
307.61422
306.52019
305.31401
306.02294
311.74981
306.86622
316.10231
319.1667
327.7732
307.52737
311.47283
343.59712
309.19634
322.61484
314.31699
369.07806
327.4926
358.40219
329.95253
311.74828
332.3482
346.06008
405.19359
351.64093
322.06287
368.71503
361.03461
317.11967
312.42132
309.96502
343.71324
308.76187
321.51372
332.70788
310.59589
307.75496
307.15339
305.52312
306.6311
312.20797
307.08529
316.4983
318.47173
327.59524
307.87365
312.17142
343.50125
309.55675
337.9274
316.1977
308.76257
324.41253
315.17505
322.17815
341.38703
348.44665
334.29008
362.47929
317.0199
321.74825
370.93972
340.61354
331.0456
314.2897
307.64296
310.24432
312.6637
318.12186
324.97559
354.96134
339.51375
321.4365
336.58185
334.86164
333.45351
359.94176
365.8734
363.91391
336.91133
388.3592
342.72424
360.05171
395.57182
346.66459
322.85531
316.38768
322.81045
327.88064
326.97097
339.36032
335.86739
383.24611
326.37944
343.02802
369.13379
344.25516
320.78318
325.56263
315.17942
353.20755
311.74826
309.36553
341.21822
332.54223
314.81631
310.51233
307.37768
305.3093
306.28091
318.7677
308.64069
323.81755
330.54463
333.31821
309.92842
315.95341
352.73095
313.8928
343.5027
335.31084
344.40414
388.56221
372.99531
325.81923
355.51072
340.26754
336.71241
330.90975
376.53878
323.15214
351.74857
359.6518
324.83786
318.45288
309.20462
318.50339
314.3054
314.5228
332.92559
333.22432
331.84345
338.93094
313.26039
322.03121
359.82522
318.17838
339.62556
317.83821
310.58536
326.37413
324.45688
316.92808
342.9001
350.41294
335.40738
364.75957
319.11921
323.3854
372.27818
343.9794
333.78197
317.8445
309.62421
312.30786
321.22103
314.74438
328.86088
383.71305
402.67627
382.92267
347.62398
354.45861
414.09295
373.37121
360.53937
343.43295
339.9389
325.47035
338.25851
340.85804
363.23378
373.1782
372.22406
392.13501
344.4979
351.61039
400.47789
366.29343
354.70103
329.42139
322.13231
330.04152
334.08725
336.09054
346.74035
335.82077
383.97805
343.63551
330.15099
368.21486
347.36858
321.75319
325.81542
316.05605
356.731
314.61842
310.6902
340.81062
336.21666
325.29341
333.17297
336.27524
311.50251
318.29851
354.2579
315.76865
315.50852
313.70212
309.74871
306.59603
308.06429
322.44558
310.20513
347.64109
346.50994
390.19916
339.3777
375.58891
328.89902
359.05283
344.95141
341.37663
380.27456
336.54612
327.65644
363.86484
356.34152
337.40666
336.19514
341.29024
314.76251
324.01754
363.91981
321.70358
328.66498
323.35113
312.73178
323.96355
318.36037
318.37514
337.94416
308.37237
312.38733
306.2384
316.19928
306.57675
318.37026
307.7787
306.11533
304.8923
306.59465
304.51204
306.91462
305.83537
304.67083
310.84736
311.93907
340.9095
323.89472
313.11348
326.96981
310.05149
312.07111
347.45919
317.33754
359.78129
315.99517
313.20592
344.76391
308.80879
319.33499
321.09564
307.41211
307.60297
327.63896
308.69295
306.6895
305.24163
308.04771
305.18508
307.4319
307.15426
305.04435
310.79708
311.90417
351.49406
328.61713
313.76113
337.81819
310.13097
309.18363
313.37409
316.65115
307.09132
307.4974
318.69453
308.5269
311.66437
313.15953
341.97236
323.72938
314.34456
326.96722
310.76557
307.18569
306.04485
307.73781
305.6577
308.1056
306.96319
305.80839
310.27759
320.60699
321.86174
308.40481
308.84683
328.99744
309.86883
312.27125
313.42113
352.2469
329.47786
315.06548
338.8063
311.53052
307.74336
306.29752
309.16091
306.22816
308.5089
308.22016
306.07163
317.72399
308.59944
309.81418
306.46028
308.74618
309.86747
318.52078
332.34221
320.40367
354.38226
311.81289
313.04966
360.19569
326.70926
316.37306
308.98259
306.5023
308.19097
308.58329
309.5194
314.36446
318.22944
308.67053
306.46033
310.263
308.54265
310.23545
319.16839
331.78732
319.82758
310.93448
353.58209
312.23685
326.69586
359.01288
316.69043
309.09419
306.37462
307.66531
308.11732
309.81988
314.53471
321.52549
367.56144
314.24285
327.4328
356.13819
329.03675
311.79255
316.83203
313.12705
344.51992
310.4658
309.16367
332.91207
321.45482
310.6324
308.19316
307.70648
306.35639
307.2281
312.26925
307.62399
315.86168
318.61143
326.72967
308.38941
311.94394
342.31926
309.84668
323.49398
314.86183
368.93507
328.28571
358.88216
330.55355
312.22621
316.34869
311.22874
309.34281
342.65374
308.15439
321.27071
330.95714
310.32922
308.23947
307.13001
306.14288
306.72558
312.17014
307.54842
316.84646
319.90733
328.69402
308.2734
312.13634
344.42894
309.95982
339.77048
318.83397
326.94757
311.45038
317.81758
324.76884
343.26824
350.51532
336.07254
364.79835
319.04009
323.89854
372.62349
343.47167
333.69289
317.04062
310.1331
312.33584
315.187
320.95995
328.01161
358.41386
342.13289
324.108
339.33292
338.39519
336.71305
362.33502
370.61534
369.29609
342.14341
390.40551
348.56268
364.33543
398.69029
351.88035
327.6533
320.35073
328.07355
333.30634
331.77299
344.7528
335.64436
383.66278
328.88732
343.59049
368.42627
346.24946
321.7128
325.31915
315.67019
355.64505
314.09765
310.75111
340.0939
334.96082
315.35418
313.12645
309.76071
307.35481
308.53802
321.33107
310.47465
325.63478
332.82424
335.02372
311.48053
317.93412
354.55988
315.98555
345.6982
338.30758
389.89667
345.60803
374.50673
357.99053
327.83828
342.54924
339.91099
334.27309
378.33458
325.88748
354.26338
362.07627
326.91686
322.45081
322.48795
312.27841
317.14272
336.43307
317.5437
335.21241
334.60097
339.63507
314.13268
323.11188
361.82027
320.39632
340.0174
317.15521
325.41468
310.12769
324.31509
316.76754
342.06912
352.0582
337.37624
366.17619
321.11577
325.06404
373.82915
345.39743
335.22833
319.30214
309.78822
313.71905
322.10917
315.56898
330.41951
358.57118
338.7752
336.64545
323.40296
336.22507
338.15764
359.76495
374.31996
373.44792
393.17504
346.48158
352.37258
401.67084
367.89037
355.14102
330.77754
321.90621
331.81643
333.98119
336.0318
348.52199
338.11193
384.99323
345.05533
331.60022
369.78443
348.40412
323.92983
327.92966
317.58256
356.0786
315.52515
312.12992
342.62596
336.5979
324.95995
331.45646
332.863
311.40411
316.80756
352.66805
315.72566
317.83006
314.94992
310.56259
307.04208
308.64241
323.39806
311.64774
345.55867
390.59419
346.4897
341.34915
373.53353
360.11845
329.16591
342.24222
338.44196
378.62947
337.51266
326.46671
360.31584
356.43522
333.69056
332.62537
338.53994
314.34608
322.21456
359.39414
319.77268
328.46497
324.50514
325.28866
312.9856
318.5719
339.23056
318.58613
318.93753
309.08398
310.93186
306.46531
310.90819
308.98397
319.83214
333.11099
320.77345
354.11611
311.89133
313.16793
359.81764
328.0242
317.67545
309.6975
306.33714
308.0568
310.49294
308.57231
315.50956
318.54597
309.45946
310.63768
306.59332
310.59122
309.39534
319.24176
333.17448
320.76247
354.72938
312.17676
313.51674
360.04684
327.98487
317.39148
309.3967
306.53394
308.47311
310.10982
309.04332
315.32279
324.32768
369.90289
328.71248
315.54887
358.18948
331.56271
312.92746
317.94925
312.16077
344.08522
310.18938
308.68705
332.56567
322.91872
317.89748
320.51748
329.4126
308.65703
313.12916
344.70675
310.58374
311.29739
308.72267
307.34637
305.71378
306.73351
313.21535
307.86095
323.52478
369.67042
328.58871
315.19999
358.86736
330.86487
312.627
318.20862
312.6328
344.72322
310.68705
309.28516
333.4422
322.88399
317.33387
319.82601
328.5887
308.61349
312.91524
344.32481
310.38572
311.33776
308.44401
307.83422
305.87313
307.18544
313.1173
307.74848
340.36115
317.33781
325.85743
310.05405
324.59586
316.79718
342.60512
353.31654
338.30898
365.9744
320.46932
325.03762
374.82669
345.44998
336.11394
319.17681
309.51525
313.11989
322.63433
315.3341
330.39266
361.30144
343.06445
339.47775
325.9091
338.63158
341.65202
362.78438
375.87111
375.51009
393.33646
346.8044
354.89485
402.32542
367.92911
357.14548
331.34381
323.78772
332.57215
335.91206
338.68752
348.68776
338.10592
384.70807
345.44595
330.96602
369.98673
347.77079
323.74219
327.87648
317.36572
355.39822
315.10238
311.78942
342.71933
335.98822
325.96346
332.83852
335.18922
311.93684
317.99695
353.95942
316.25046
317.55565
314.39315
310.08641
306.5625
308.18917
322.82372
311.17892
347.23291
390.48741
347.27063
340.59991
374.92546
360.01559
329.58694
345.22116
342.78863
381.06903
338.02125
328.5439
364.6136
357.28567
336.81218
334.72947
342.02968
315.92516
325.46392
362.33494
321.31263
329.53629
324.16102
325.32086
312.93407
319.11262
339.11924
318.6862
339.21703
317.63245
325.75758
309.80326
323.13466
316.39928
342.72898
349.36198
335.21107
363.06411
315.94241
321.81128
372.44913
340.79635
331.33765
313.94938
308.17703
309.75543
318.06184
312.81545
324.76613
353.35342
337.31398
335.79346
319.54885
332.08402
332.21591
358.97761
365.27753
364.39593
390.0164
340.11792
342.66097
395.28108
361.80195
345.87291
323.29784
315.27537
324.28265
326.03991
326.68434
340.79129
335.38151
383.58744
343.06178
327.19831
368.57944
345.01123
320.76646
325.36768
315.48078
354.4785
312.40028
309.88339
340.89758
333.47678
324.73079
332.76056
336.93354
311.63405
318.18253
354.23412
315.05665
314.76774
311.28141
308.17277
306.1988
307.34655
319.59489
309.27779
347.53209
389.39439
345.89628
336.80382
375.70635
357.47791
328.13102
357.76702
367.32054
414.28825
369.4256
343.03455
382.95845
388.19839
346.20414
344.34228
380.96328
335.9174
329.40464
366.00178
355.73872
338.80216
336.32983
343.53578
316.42962
326.5448
364.45589
322.26512
329.07188
320.85973
322.36507
312.58721
319.06206
336.0604
317.79665
308.91802
312.99207
306.91164
317.08923
307.19885
319.51079
308.31702
306.9402
305.77032
307.49247
305.44157
307.64909
306.78504
305.56069
311.23059
312.3303
341.28864
324.44248
313.79893
327.79387
310.22583
309.31499
321.07541
323.6118
307.49112
307.66935
329.68746
308.85695
307.82007
306.34035
308.60918
306.10804
308.54638
307.78282
306.14797
311.95848
313.21002
352.82604
331.38786
315.1057
339.70406
310.92819
371.1105
370.46168
380.36725
347.47948
354.31866
389.65622
361.78293
386.19918
391.74494
422.53844
396.05964
402.83649
405.70268
375.73199
380.3451
384.6367
401.57507
372.30146
395.64045
369.65771
384.23482
379.40943
377.83976
385.64
355.83435
362.50995
395.97715
368.9493
393.42138
393.93728
424.70108
399.27185
407.57525
410.05721
380.8716
385.58635
391.11541
402.29091
373.67285
401.47616
374.43161
385.40057
361.06916
360.9025
337.08251
371.98786
343.84923
381.77195
351.4227
378.15249
384.40883
419.67562
389.37331
397.62929
400.07582
366.70817
373.39246
378.59838
399.61352
369.14694
390.70553
381.14236
362.20009
393.81824
416.60443
415.24362
428.33123
409.92093
400.24077
411.9446
369.15399
369.35558
377.24497
344.39572
352.82118
388.27358
357.60048
379.47619
382.96846
402.47042
373.64706
394.69636
385.45435
368.3471
383.85846
386.21454
421.21543
392.46551
400.52843
403.97804
370.84513
365.72715
365.9704
341.61947
375.36688
349.10034
385.523
355.63677
381.5082
386.32932
420.94954
391.8403
399.6554
402.44429
369.94871
375.68367
380.09641
399.38714
369.43324
391.97731
381.59616
364.45972
394.48995
414.43347
413.23061
428.60426
410.9765
396.01366
412.09634
371.13182
370.70557
377.82369
346.88823
354.17104
389.74541
359.33915
379.07865
384.96858
398.74388
367.47703
396.67812
379.95458
366.76119
386.13104
386.39303
421.92181
392.41572
402.23518
405.18082
371.61023
303.23832
303.66856
311.88204
303.78662
303.80241
302.21958
302.19367
313.37664
303.89969
304.05825
303.96417
303.9919
302.21537
302.20229
302.68592
302.3187
302.63721
302.30945
302.39598
302.68003
302.37963
303.76856
314.04744
304.39447
304.3971
304.71617
303.05964
302.96802
315.87506
304.92952
305.16312
304.90199
305.01687
303.09492
303.07661
303.85029
303.50735
303.92455
303.6014
303.55515
303.9303
303.62788
321.0986
309.52097
309.626
310.28972
310.31728
306.32609
306.25777
322.21879
310.56199
310.56096
310.65511
310.68224
306.2898
306.11297
301.14217
301.38667
301.47703
301.4721
301.18768
301.23471
301.24162
301.56531
301.87064
302.06394
301.59444
301.74487
302.03807
301.74249
302.54678
302.25218
302.52098
302.24259
302.28662
302.52662
302.26353
302.82323
302.44006
302.7522
302.48032
302.76659
302.38142
302.43422
302.9536
302.621
302.80695
302.47716
302.61629
302.79529
302.49192
312.70419
302.84433
303.3591
303.52076
303.62061
302.09141
301.9934
314.04176
303.88909
304.06104
303.89373
303.93919
302.15697
302.18572
314.16888
303.85188
304.12442
304.43543
304.43035
302.74742
302.61337
315.5566
304.7429
305.04995
304.68644
304.81641
302.88139
302.98479
318.6176
306.87535
306.95856
308.2388
308.29223
304.91032
304.36558
320.47242
310.10632
310.13301
309.26988
309.33561
305.3991
305.81608
303.10614
303.61984
312.74402
303.78837
303.93924
302.21521
302.10821
314.40783
304.28418
304.471
304.21171
304.28042
302.28
302.32224
306.74339
306.84312
317.92199
307.96234
308.11411
304.97784
304.4809
319.84126
309.70198
309.94343
308.95421
309.09678
305.46301
305.85324
304.01673
303.63177
304.03473
303.65185
304.05919
303.67736
303.6972
304.26958
312.9875
304.68349
304.90429
305.04629
303.0695
303.02714
314.40787
305.34651
305.41301
305.25289
305.29774
303.09783
303.13536
307.8138
307.74655
318.92374
308.94218
308.91643
305.89264
305.48013
320.71155
310.4981
310.39796
309.78257
309.77724
306.29384
306.59866
304.35125
303.81171
313.32161
304.39782
304.47379
302.46682
302.487
314.64493
304.3736
304.55517
304.50556
304.58122
302.40067
302.36074
304.83109
304.21247
313.28477
304.89262
305.15856
303.19242
303.12918
314.78669
305.3771
305.45678
305.30038
305.36454
303.19089
303.17544
308.11671
308.32379
319.4193
309.35673
309.61616
306.01291
305.50514
321.26171
311.12969
311.434
310.33082
310.59663
306.47187
306.85501
303.17651
302.84556
303.26067
302.86203
302.92287
303.22074
302.90267
303.75373
303.41618
303.68505
303.4287
303.35333
303.70416
303.39449
305.26259
305.40101
305.81506
305.30433
305.69871
305.84054
305.74848
305.70713
305.65044
305.77279
305.8297
305.97509
305.98289
306.0996
306.30751
306.0195
306.62598
306.11208
306.72018
306.53578
306.48524
322.23681
348.65071
326.81352
325.70378
330.02544
315.46218
313.59358
353.80031
330.5922
335.5309
329.86984
334.26101
318.19778
318.79472
328.24742
355.13958
333.04355
331.51742
336.33545
320.1255
318.62448
356.21839
331.67112
336.47466
332.12942
336.791
320.37984
320.26439
309.37942
320.64748
309.05313
309.80111
310.15692
306.23454
306.0961
321.79993
310.08687
310.38079
310.18905
310.51331
306.26515
306.1231
321.80314
318.74858
345.3912
323.12902
326.34221
313.1955
310.81282
351.21825
329.16657
333.80612
327.70929
331.43767
316.44852
317.64999
323.39916
350.79692
327.53049
327.41688
331.9633
316.6675
314.11334
354.37918
331.43627
336.48877
330.46738
335.16261
318.91943
319.79049
305.7729
305.65696
305.93981
305.83667
306.05457
306.13161
306.20726
306.92696
306.80177
307.1026
307.02383
307.31927
307.22611
307.40482
309.69089
321.15624
309.8026
310.52515
310.36802
306.91585
306.81955
322.38914
310.83385
310.71298
310.89687
310.7873
306.9353
306.81751
325.92865
349.17371
322.08934
326.39065
330.24838
315.93834
313.45069
353.8322
331.75027
336.50833
330.38643
334.40213
318.87019
320.21907
351.41763
324.89522
329.11752
328.08354
332.31008
317.11517
315.49797
353.78837
329.8628
334.20837
329.80895
334.01118
318.14316
318.20814
321.9459
310.26689
310.48779
311.0621
311.37867
307.08355
306.86953
323.12207
311.49304
311.82353
311.56377
311.85002
307.18285
307.0808
352.7703
325.03629
329.28858
329.19043
333.8167
317.95859
315.7918
355.02247
330.95136
335.94394
330.77978
335.50947
319.06753
319.41762
345.10605
318.5399
321.90677
322.70615
325.44334
312.45413
310.41441
351.42848
330.03319
334.16969
328.0221
330.91687
316.1761
317.99104
305.83063
305.70252
306.02208
306.19628
305.90025
306.21908
306.26107
306.66451
306.62409
306.71782
306.82199
306.99557
306.96357
307.10592
305.9981
305.78693
306.11768
306.21254
306.00162
306.33996
306.38422
307.23885
307.32026
307.10679
307.53382
307.36144
307.53997
307.87836
307.27345
306.86131
307.00933
306.94878
307.25212
307.22405
307.57761
309.34903
314.67236
306.29893
307.39929
312.04783
306.75102
305.93876
309.42466
316.38188
306.67365
307.74632
312.15156
306.85104
306.14187
310.65639
320.43145
321.74731
308.87868
309.18967
315.96029
307.86289
308.6305
313.94144
306.24435
307.52036
311.1701
306.77859
305.90905
308.60711
314.55846
306.57811
307.83212
311.21585
306.95825
306.11863
310.51284
319.71302
320.30943
309.17917
309.16143
315.28548
307.97289
341.755
367.95497
338.1919
351.00067
355.03817
339.93698
330.2653
342.85044
368.73301
337.71575
351.34737
355.7449
340.56102
330.72951
378.94271
383.91641
384.5557
364.19575
364.65622
369.87725
351.00038
301.83703
301.09624
303.46264
301.35956
302.64567
301.14444
300.95166
302.1215
301.28432
303.8288
301.56079
302.86213
301.28256
301.13347
302.53736
306.28494
306.77361
301.82233
301.93449
303.9659
301.49503
301.99558
301.36009
303.69801
301.60499
302.73326
301.48094
301.34647
301.94944
301.32791
303.70214
301.59688
302.72085
301.47038
301.31428
302.64207
305.77349
305.76987
301.98483
301.98565
303.99612
301.69062
302.76914
302.00527
304.67371
302.26432
303.63003
302.0596
301.93446
302.78272
301.83696
304.7601
302.12726
303.67614
301.99109
301.82769
303.51496
307.24325
307.17832
302.71164
302.62683
305.03777
302.26543
302.42967
304.4346
301.4911
303.35409
301.83976
301.73088
301.51073
302.64339
304.68142
301.84517
303.43862
302.09445
301.85277
301.74887
303.16908
306.67978
306.802
304.87233
302.33898
302.46425
302.04525
304.46734
303.14904
307.64319
303.93539
305.31174
303.51415
303.0628
304.87005
303.69794
308.29501
304.33837
305.62032
303.68232
303.3542
305.9028
311.98518
312.33605
304.93686
305.21953
308.03908
304.23054
304.66823
303.55439
308.33734
304.31979
306.32974
303.89419
303.35935
305.25316
304.24682
309.6171
304.83455
306.76081
304.13566
303.78128
306.22129
312.24635
312.88802
305.23585
305.56616
309.25435
304.69556
305.12305
304.07122
309.33699
305.0092
307.02442
304.45277
303.78602
305.70746
304.60927
310.38704
305.362
307.33463
304.57808
304.05208
307.05079
313.52096
314.01075
306.02645
306.27298
310.27535
305.33871
304.47202
307.64856
303.13934
305.14465
303.87073
303.3271
302.86594
304.88177
308.36171
303.77359
305.59123
304.39568
303.69218
303.42553
305.89647
311.91796
311.94911
307.82382
304.93267
305.21367
304.1899
305.6889
304.31902
308.67453
305.04036
306.23511
304.55113
304.11147
305.92106
304.91488
309.27141
305.50029
306.62252
304.8996
304.63695
306.86185
313.05714
313.57207
306.03407
306.19269
308.93716
305.35127
305.11082
303.74066
309.22582
307.09361
304.56506
304.15746
303.56482
305.90366
310.30384
304.56008
307.51306
305.15748
304.44374
304.07058
306.59788
313.2311
313.75337
310.13063
305.54253
305.89817
305.00566
305.43175
309.53551
304.23256
307.27729
304.97212
304.62837
304.11612
306.02057
310.59349
304.94602
307.61503
305.48585
304.88581
304.5751
306.91516
313.49064
313.9465
310.47957
305.89372
306.20049
305.38265
305.71498
304.41601
309.05213
306.79286
305.14211
304.77636
304.30919
306.15514
309.90215
304.97885
307.26131
305.62812
304.98021
304.60696
307.19389
313.06809
313.36461
309.46625
306.11896
306.42724
305.50433
308.25498
305.76522
313.43349
306.8482
310.94562
306.2643
305.4913
308.85711
306.10151
314.42158
306.90769
311.58706
306.48083
305.84798
309.28957
319.62272
319.973
308.34972
307.98743
315.46272
307.32264
308.2451
313.36324
305.73576
310.74676
306.60597
305.94725
305.37454
307.76874
313.81515
305.61438
310.58716
306.41621
305.86535
305.29161
309.05017
319.13513
319.63401
314.57923
307.775
307.61781
306.75339
310.12131
307.08888
315.37849
308.2713
313.08972
307.77744
306.83614
311.03511
307.97946
318.14177
309.09819
313.6888
308.07222
307.32953
311.6492
321.37577
323.31033
309.80647
310.45284
317.29308
309.00729
308.44407
305.90858
313.42946
311.32476
307.11167
306.47176
305.60641
309.22762
315.78608
306.67329
311.8082
307.95239
306.7163
305.79909
310.61691
319.88226
321.27099
315.72709
308.97797
309.30603
307.8707
309.06753
313.9459
306.7319
311.52142
307.82295
307.21496
306.47424
309.55586
315.66922
307.62903
311.84196
308.74314
307.57871
307.02022
311.69355
319.74165
321.43963
315.49331
309.59627
310.15544
308.43568
309.06491
306.65796
314.11431
311.7663
307.65995
307.12912
306.40069
309.76254
316.60264
307.14425
312.38575
308.06979
307.29618
306.66726
310.74183
320.33035
322.01692
316.04724
309.10135
309.36817
308.18534
343.87171
369.25289
339.08961
355.56686
352.39159
342.5475
333.35516
346.89115
372.82464
344.45405
357.80182
356.92689
344.556
336.54939
381.37044
385.36065
387.16839
371.33427
365.69073
368.66647
353.4613
334.57802
329.33152
360.76021
347.91867
342.00099
332.21227
323.11726
338.16159
364.60146
334.44192
349.97886
346.1491
333.85633
325.65772
372.42009
377.88535
379.76493
363.61447
356.18729
358.40067
343.52542
338.56216
333.44245
363.92888
349.2414
345.74793
335.32216
327.6367
337.65548
363.43826
334.82572
348.5344
346.14156
334.8768
327.60984
373.18151
379.72138
379.04227
363.52999
358.35186
358.43295
344.4915
318.24526
317.77424
351.45241
330.19035
303.27106
308.32811
308.28707
318.58149
318.71917
352.77837
329.85686
303.74311
308.02153
308.17842
317.96468
317.77208
345.01961
333.24201
304.96136
311.50608
311.57541
310.56036
302.577
302.72622
302.99035
303.86244
304.30541
304.33768
311.53331
314.40044
314.46847
304.59129
304.44005
302.70924
305.48677
305.23005
301.93376
302.48408
302.06634
302.25105
302.93281
301.85413
305.6039
302.15361
302.65082
302.16959
302.47797
303.25004
301.9983
311.55433
315.69173
314.67952
304.74595
305.31654
303.44898
308.60821
306.99673
302.97085
303.6967
302.90228
303.14283
304.58029
302.61821
313.54283
317.02526
315.5061
306.0203
306.37543
304.0552
308.51979
315.88155
316.11834
348.96459
328.03478
303.25781
306.57583
306.99213
316.19492
316.33722
349.82698
328.45339
303.14359
306.87951
307.47709
315.98572
315.72463
341.76009
330.44612
304.47747
310.29461
310.19138
309.34599
302.50275
302.46242
302.8144
303.43965
303.97163
304.04867
311.85672
314.85367
313.5072
305.06324
305.51009
303.49551
307.54607
306.19556
302.97352
303.59822
302.86065
303.01491
304.29775
302.62486
310.96928
314.69289
313.5747
304.59134
305.11291
303.42758
307.83868
317.87933
317.8656
352.2123
329.76426
304.43965
308.53158
309.14573
317.22428
317.56584
351.98177
329.02591
304.46713
307.84404
308.31403
317.40259
317.0616
344.0856
332.82716
305.59426
311.81619
311.60847
310.64923
303.77963
303.72812
304.08441
304.75507
305.41659
305.18745
312.11789
315.82842
314.82075
305.79462
306.27004
304.68151
309.41392
306.40159
303.54305
304.23275
303.85284
303.69063
304.70488
303.43532
307.37929
304.12974
304.72726
304.09663
304.14721
305.4955
303.83195
313.33856
316.21096
315.07076
306.29717
306.94607
304.72676
308.55411
307.06619
303.41255
304.2013
303.70139
303.60336
304.83059
303.29746
317.21546
317.58365
351.92501
329.81749
304.44212
307.98563
308.66598
317.30927
317.56088
351.11754
329.7273
304.66249
308.23839
309.06758
317.6452
317.64222
344.76566
333.25625
305.88804
312.13949
312.17037
311.03567
303.61301
303.75206
304.09142
304.94791
305.57682
305.83404
311.02481
313.28906
313.28184
304.99113
305.12333
303.36953
305.9335
305.99438
302.64318
303.32502
302.81974
303.10482
303.99795
302.56371
305.95729
302.9753
303.50591
302.91314
303.32373
304.03311
302.78498
313.2765
316.23762
315.02086
306.21069
306.93445
304.57773
309.07498
307.72039
303.87879
304.69413
303.72265
303.98992
305.57337
303.40625
312.34926
315.73305
314.61733
306.36595
306.78928
304.83495
309.43859
337.44335
339.19581
368.90126
351.37456
314.1861
324.56585
326.33023
342.6444
344.84861
369.9907
355.30447
317.23494
328.69595
332.6175
344.23152
347.05151
372.00593
356.98156
319.18453
331.31859
334.35116
331.37185
310.79185
311.37102
311.88225
316.02224
316.96412
319.22907
329.25676
333.79296
336.98526
315.38848
318.60882
311.20047
321.50275
317.96358
307.44279
309.53814
308.05652
308.6687
312.56133
306.81989
322.85888
309.13254
312.3564
308.86793
309.98489
313.69308
307.64023
328.75523
335.97757
337.41731
316.80221
318.60258
312.43397
323.68979
323.4502
309.59964
312.42999
309.47752
310.8507
315.55261
307.92584
337.27886
336.94266
368.33087
350.17245
312.38991
323.96948
323.44253
341.37935
343.83687
370.1103
355.3211
315.57027
328.27376
331.20757
342.46067
343.93952
369.88065
354.58842
315.89429
328.09088
330.76709
329.4039
308.79033
309.18415
309.43047
314.27802
314.4217
316.60153
326.29361
333.53821
334.65643
314.07245
315.54963
309.60986
320.60427
317.79823
306.28093
308.28828
306.6464
307.60385
311.65249
305.67826
319.97602
306.78662
309.35858
306.9258
307.89564
312.26011
305.81632
328.60959
333.78296
336.51549
314.95705
317.77993
310.47967
321.2234
322.03888
308.15356
311.48182
307.97247
308.79864
312.85752
306.63526
337.0932
338.61863
369.51861
351.15638
313.27798
323.68729
325.09858
340.77294
343.50444
369.39357
355.19069
316.04622
327.5692
331.68691
341.12591
344.07022
370.88379
356.45889
316.25793
328.8529
332.41624
330.56144
309.80095
310.45679
310.25798
315.09983
315.37775
317.89692
327.68952
332.70154
334.90956
314.33981
316.98522
310.36706
320.23515
317.37248
307.3989
309.56259
308.08918
308.39222
312.02202
306.91322
320.59642
308.46913
311.19218
308.40347
309.28183
312.59887
307.43471
326.09637
333.96837
334.18314
314.34203
315.60403
310.08734
320.95661
319.72417
308.0313
310.05833
307.73369
308.69144
312.75891
306.89407
341.71306
344.97194
344.95462
327.40781
326.61116
317.8095
332.44213
339.32388
338.50887
370.57016
351.6243
313.85242
325.84645
324.93674
343.58817
346.1978
371.97283
356.84389
317.95894
330.48967
333.43928
344.02982
345.9453
371.8355
356.26072
317.48032
329.648
332.66121
331.10801
310.09321
310.82479
310.79632
316.11381
315.87214
318.41917
328.00497
335.59144
336.66851
315.98037
317.28617
311.2404
322.82331
319.67755
307.03373
309.60158
307.6513
308.70584
313.39118
306.19656
322.17727
308.20196
310.9404
308.14896
309.58063
314.37847
306.74473
329.6243
335.1345
337.90618
316.12948
318.78054
311.51535
322.51886
323.5704
308.96708
312.37822
308.83882
309.90623
314.13156
307.34603
343.37189
346.73957
346.21086
329.11919
328.64345
318.89204
333.28717
309.00312
308.10519
308.31926
307.85457
308.16813
308.37707
308.30464
301.19043
301.43833
301.39468
301.22141
301.18661
301.42503
301.2115
301.81931
302.26555
302.25421
301.9035
301.90044
302.34516
301.97336
306.71974
306.3172
306.41042
307.18356
306.58989
307.06798
307.31826
309.43006
311.91258
311.93343
303.73052
303.79869
304.45457
302.37429
304.70201
301.98835
302.39055
302.28495
302.90074
302.01876
301.91588
304.45602
301.94087
302.37199
302.20064
302.78971
301.97589
301.84787
310.82185
313.43588
313.34711
304.97711
304.76895
305.77697
303.44034
344.38325
346.18767
347.79349
329.24327
330.621
334.27748
320.29853
340.32363
343.95479
343.99334
325.63196
326.06469
330.86733
316.28557
299.28618
299.25903
299.27748
299.77008
299.81844
299.78685
299.84372
299.32974
299.21751
299.2824
299.83229
299.89572
299.78606
299.83366
299.26982
299.31798
299.33757
299.84537
299.89814
299.85727
299.91379
299.31472
299.32112
299.33515
299.88934
299.86669
299.86736
299.8881
300.6829
300.52957
300.51948
301.48732
301.57294
301.32873
301.32584
300.66073
300.63693
300.69016
301.41737
301.44451
301.45635
301.52926
300.42444
300.39204
300.39434
301.26619
301.28133
301.12921
301.18197
300.71399
300.66737
300.71625
301.59205
301.55936
301.54431
301.54586
300.64997
300.40792
300.38908
300.70685
300.38513
300.70404
300.67817
300.33227
300.63021
300.69285
300.66617
300.27653
300.30962
300.6206
300.6217
300.96212
300.72709
301.83642
301.6449
301.85091
301.63257
300.4487
300.88253
300.8691
300.88097
300.50984
300.47797
300.91182
300.69717
300.80416
300.85724
301.49837
301.64117
301.80164
301.88087
300.69665
300.70003
300.64305
301.65858
301.68851
301.556
301.52187
300.88634
300.50346
300.79605
301.70703
301.98655
301.48658
301.83339
302.62564
302.16313
302.00661
302.67266
302.06053
302.7332
302.56952
302.65873
301.97555
302.055
302.48263
302.07089
302.5072
302.59548
302.03914
301.74836
301.79697
302.01394
301.76443
302.00825
302.05796
303.31143
303.02319
303.49292
304.28287
304.68004
304.49611
304.82488
304.86869
305.61584
305.6687
305.65692
304.87032
304.83619
305.58734
306.2365
306.94298
306.96579
306.86468
306.13312
306.19621
306.81619
306.15526
305.99063
306.46667
307.04654
307.45441
307.41655
307.76393
307.9744
307.65263
307.72365
308.8752
308.97021
308.77394
308.7268
308.0745
308.46264
308.27031
309.69126
309.65144
309.94952
309.89143
307.22139
307.29703
306.85153
309.21038
308.28714
308.90961
307.84025
307.63372
307.01791
307.24658
307.87181
307.95688
308.13806
307.74494
307.74692
308.0979
307.62049
309.61454
309.18819
309.65669
309.1662
307.62622
308.11936
307.57197
309.58064
309.01821
309.40582
308.81803
308.42136
308.46104
308.53142
309.13705
308.86858
309.05166
309.08348
307.64652
307.85222
307.94101
309.18879
308.76058
309.1618
309.02928
308.30383
307.88925
307.94371
309.50305
309.58492
309.39401
309.13299
308.47861
308.47573
308.93578
309.4737
309.77886
310.01994
310.5047
308.38979
307.95707
308.25228
309.32449
309.67608
309.19814
309.5176
308.46025
309.00116
309.26623
309.91861
309.55859
310.50764
310.63673
308.18083
309.12985
308.63036
309.25993
309.3985
310.46315
309.93241
308.64126
308.4219
308.80874
309.70545
310.00722
309.78236
310.0962
309.49493
309.1328
309.24167
311.24887
310.74576
310.70969
310.4626
311.65556
311.2641
311.51018
312.74643
313.3394
312.82506
313.56138
311.28246
310.64174
311.08398
312.33265
312.84608
312.02197
312.41712
311.18617
311.24512
311.67854
312.85396
312.84351
313.10672
313.35521
300.57485
300.25755
300.2381
300.59172
300.24764
300.59709
300.57476
300.89688
300.49058
300.52503
300.99178
300.49357
300.92239
300.97526
300.78277
300.3982
300.43323
300.86302
300.40299
300.78954
300.85245
302.74686
302.18101
302.06368
302.73503
302.10995
302.77162
302.7002
301.97682
301.73003
301.72299
301.99743
301.99008
301.69365
301.99254
302.80447
302.17911
302.27818
302.90097
302.18053
302.80399
302.88278
303.75602
302.72642
303.0161
303.6885
302.91477
303.56097
303.8691
303.25446
302.92228
302.93795
303.32254
303.28114
302.86887
303.31103
302.7874
302.40155
302.55607
302.78681
302.45251
302.71246
302.87722
303.00824
302.31481
302.35579
302.98666
302.30949
302.96069
303.04238
303.72197
303.085
302.95351
303.60841
303.04159
303.78155
303.60145
303.49399
302.839
302.6702
303.47235
302.74156
303.54623
303.3557
305.4601
305.69737
306.34322
306.24796
305.6905
305.5337
306.17147
306.37752
306.61589
307.24615
307.21048
306.59428
306.47605
307.0474
306.00361
305.52869
306.36559
306.36293
305.70641
305.74762
306.71299
306.68212
306.61229
307.1238
307.29659
307.34225
306.5436
306.81579
306.08209
306.47822
306.61534
306.67373
306.32612
306.33294
306.48861
306.1922
306.29256
307.08603
306.99603
306.28171
306.21874
306.98128
307.47431
307.53761
308.04757
308.11651
307.4498
307.55101
308.05984
307.1494
307.59278
307.81653
307.71506
307.4617
307.41675
307.59007
306.36315
306.72829
307.05814
307.07707
306.63399
306.58778
306.94776
306.16166
306.32064
306.84707
306.96509
306.22762
306.24501
306.92686
307.17298
307.15536
307.8219
307.72507
307.23005
307.17852
307.76662
306.45443
306.54043
307.14985
307.28126
306.43993
306.56768
307.14218
307.16976
308.84553
308.36622
308.36996
307.92631
308.83679
307.37345
308.20503
308.64094
309.36466
309.46658
308.51363
308.61941
308.93636
308.26506
309.23129
309.63329
309.67245
309.13996
309.275
309.2081
308.39827
309.19667
309.67333
309.31043
309.15536
308.92755
308.32021
305.09674
305.21217
305.49523
305.48054
305.17032
305.1423
305.43292
305.07452
305.46437
305.11106
305.38752
305.05891
305.13235
305.3996
305.62665
305.65834
305.86039
305.96307
305.58132
305.69202
305.88193
335.97053
311.877
317.62171
314.90174
321.2125
320.05788
330.04944
352.19637
319.87523
331.50912
353.74028
361.5784
327.72232
344.00151
300.73576
300.70819
300.70148
300.84093
300.66406
300.79547
300.80531
300.96073
300.83693
300.79737
300.99028
300.80455
301.00649
300.95603
301.14045
301.00344
301.02239
301.34329
300.92942
301.23685
301.26004
301.0348
300.88494
300.95617
301.17219
300.86732
301.05345
301.15639
303.28466
303.073
302.91809
303.27408
302.99401
303.34557
303.20412
303.66197
303.33241
303.27739
303.65503
303.3005
303.66729
303.65438
304.0945
303.48395
303.6087
303.7848
303.68167
303.87265
303.96938
303.42943
303.07274
303.18387
303.44995
303.11121
303.40074
303.47265
304.64857
304.24693
304.32597
304.67551
304.27985
304.61058
304.6826
303.70532
303.43265
303.45055
303.76588
303.39732
303.72468
303.76423
304.33782
304.08246
304.0283
304.42134
303.99809
304.42117
304.35028
304.37077
304.0615
303.97247
304.33374
304.02472
304.37968
304.30048
304.50369
304.57801
304.88456
304.79774
304.6226
304.48576
304.78798
305.00457
305.26877
305.45074
305.42551
305.18148
305.12832
305.28917
305.90147
305.60121
306.05158
306.13411
305.70547
305.78501
306.22907
305.08247
305.13893
305.47094
305.48574
305.09264
305.11498
305.43879
306.22462
306.39484
306.70003
306.64973
306.33585
306.27177
306.58503
305.86402
306.11825
306.30669
306.31173
305.97876
306.0067
306.16994
340.96128
315.26575
318.2858
322.92031
323.05945
327.45873
336.07343
327.17586
308.01049
309.71731
310.08291
312.90687
314.48859
320.78852
330.74751
309.5321
312.07091
313.028
316.15927
317.82063
325.02931
300.40479
300.73531
300.7323
300.74267
300.39891
300.40107
300.7557
301.68259
301.66563
301.61861
301.17282
301.24376
301.21778
301.20392
300.30843
300.71586
300.66422
300.68746
300.36114
300.31829
300.7358
301.67032
301.6704
301.64017
301.15796
301.2234
301.19199
301.19153
300.38411
300.73532
300.69883
300.71424
300.37033
300.37722
300.73579
301.61954
301.75427
301.64151
301.14089
301.18263
301.14339
301.1895
300.24259
300.5951
300.58964
300.59594
300.2513
300.24949
300.59556
301.66924
301.64867
301.64506
301.1036
301.13816
301.15622
301.09029
300.43697
300.79299
300.85691
300.83145
300.37442
300.37971
300.7785
301.8842
301.9222
302.01071
301.33145
301.23086
301.25826
301.27722
301.66039
301.65461
301.67146
301.11348
301.12679
301.10027
301.11755
300.54052
300.93342
301.00018
301.04905
300.56178
300.59944
300.98738
302.19317
302.23829
302.30774
301.70571
301.627
301.6049
301.69476
302.0719
301.99026
302.03
301.42367
301.51462
301.49157
301.44203
303.23071
303.71889
303.09176
303.12866
303.85366
303.24455
303.73369
303.00486
303.63832
303.00907
303.03562
303.60688
303.03167
303.67519
303.47784
304.15797
303.41171
303.43924
304.11192
303.48735
304.16556
303.55779
304.13349
303.44215
303.52941
304.19627
303.6117
304.13864
303.11052
303.1479
303.09832
302.76676
302.82993
302.80353
302.80637
302.02258
302.42916
302.32979
302.38724
302.11782
302.07445
302.4352
303.06753
302.99001
303.04518
302.72138
302.73372
302.67284
302.76771
304.55404
305.49296
304.68284
304.63271
305.29833
304.53074
305.38089
304.35471
305.21378
304.49009
304.47293
304.98709
304.30621
305.22031
303.72481
303.62062
303.69192
303.30624
303.34073
303.37869
303.27461
302.57809
303.04686
302.99055
302.93807
302.62237
302.57606
302.99325
303.56008
303.57815
303.62462
303.25354
303.22408
303.22435
303.23243
303.78084
304.40819
303.73894
303.79181
304.48374
303.82942
304.51256
304.15316
304.64271
304.04426
303.99432
304.70688
304.11167
304.59732
304.30835
305.12304
304.97169
305.04105
304.54654
304.40881
305.17595
304.26137
304.78851
304.92831
304.95619
304.23499
304.27775
304.83326
304.81577
305.61678
305.59415
305.5901
304.93558
304.90133
305.60325
305.17644
305.51274
305.12753
305.20406
305.58432
305.24298
305.55018
306.41133
305.32801
309.46255
306.71578
305.5478
304.63829
304.81583
305.2305
305.45056
305.07214
305.18426
305.62039
305.28144
305.5702
304.80737
304.40341
304.7728
304.79815
304.49111
304.45877
304.82562
308.9359
305.4554
305.68287
307.95577
305.71515
308.24464
308.63412
305.91705
306.45578
306.65748
306.68457
305.74296
305.93838
306.44117
306.26271
306.47314
306.13428
306.26845
306.66097
306.35454
306.61094
307.40222
306.2203
309.94869
307.45255
306.30151
305.61613
305.70552
306.35968
306.53641
306.16072
306.34723
306.76465
306.45268
306.65862
305.8733
305.45774
305.80673
305.93921
305.617
305.57349
305.96136
305.01462
305.68441
305.67718
305.83894
305.19473
305.10232
305.84412
305.19494
305.96814
305.85479
305.87587
305.35047
305.2423
305.97993
307.03911
306.90607
306.90271
307.69026
307.79309
307.76445
307.69813
307.82405
308.68432
307.86593
308.27495
309.13026
308.35762
308.97707
308.14914
309.46656
308.49744
308.57482
309.254
308.50091
309.31476
307.3701
308.18955
307.79359
308.39065
308.41187
307.90179
308.81592
309.52755
310.66224
309.47803
309.45938
310.66569
309.74598
310.14094
307.02366
307.57114
307.34294
307.31639
307.7936
307.58664
307.50771
306.95082
306.5332
306.35853
307.21856
307.42654
307.49292
307.40485
309.3962
316.64903
310.39361
307.17615
307.30906
307.71375
307.18889
307.76834
307.67193
307.70955
308.57593
308.58171
308.6317
308.54149
308.87479
309.79403
308.85624
309.13553
310.00377
309.10833
310.05883
309.40655
310.22688
309.30947
309.64301
310.90125
309.80054
310.66064
307.68429
308.09992
308.94233
307.71019
308.04915
307.79298
307.89857
307.73252
307.38199
307.65212
307.68002
308.24276
308.14138
307.78636
309.42439
317.22503
312.16753
308.0721
308.21908
308.57061
307.90045
413.82474
389.74937
389.83125
388.12278
401.08558
400.38896
403.87801
307.69808
307.73302
307.74001
308.57695
308.51915
308.56309
308.448
308.94628
309.82222
309.03508
309.22394
309.94358
309.15583
309.88554
307.94196
308.16414
308.07933
308.59925
308.57084
308.54107
308.60487
308.998
309.80856
309.11612
309.15755
309.74025
309.15537
309.69539
307.85856
307.88758
307.81534
308.52786
308.55242
308.52856
308.54109
308.89966
309.59992
308.91779
309.14949
309.7381
309.14341
309.79644
300.77884
300.90689
300.8883
300.98603
300.85149
300.85286
300.98251
301.49902
301.41374
301.41138
301.23321
301.2936
301.30498
301.22758
300.80846
300.97919
300.91956
301.01332
300.90497
300.87872
301.05056
300.78494
300.93954
300.93395
301.05189
300.85917
300.87054
301.034
301.74269
301.61419
301.68901
301.39525
301.39513
301.454
301.3378
300.80413
301.03694
300.96654
301.10129
300.94901
300.90056
301.17243
301.89085
300.81171
300.8858
301.42712
300.92823
301.5806
301.6725
302.16095
300.74917
300.6943
301.9136
302.33366
300.87809
301.76523
302.30191
300.97483
301.15859
302.26816
302.62199
301.05259
301.9966
300.86836
301.02355
301.04994
301.07899
300.87782
300.8991
301.05039
301.57547
301.5157
301.54207
301.3138
301.32524
301.35222
301.28616
300.88559
301.03337
301.05652
301.09333
300.92361
300.92281
301.08388
300.79198
300.97835
300.9589
300.96468
300.81447
300.80204
300.97557
301.46264
301.41411
301.40619
301.186
301.24288
301.24433
301.19324
300.78119
300.93258
300.93864
300.95368
300.80316
300.79733
300.95634
301.07608
301.41587
301.3401
301.42085
301.21549
301.13968
301.47176
302.23645
302.2735
302.18755
301.81042
301.92505
301.85505
301.88399
300.99862
301.13363
301.24046
301.34416
301.0092
301.07526
301.25623
302.41774
301.1594
301.14455
302.08699
301.20712
302.22199
302.20784
302.63602
301.16172
301.23329
302.37812
302.74027
301.24546
302.33027
301.1012
301.43324
301.35958
301.43048
301.23392
301.18582
301.48896
302.21408
302.2325
302.13762
301.82111
301.98348
301.91683
301.89998
301.05849
301.27206
301.30424
301.37441
301.1139
301.13981
301.34756
300.90167
301.19274
301.08398
301.10993
301.00815
300.93031
301.20233
301.65647
301.69753
301.5819
301.353
301.49137
301.41331
301.46652
300.83933
300.95039
300.99928
301.02674
300.8277
300.98093
300.86623
301.03844
301.30036
301.28916
301.38379
301.14533
301.12353
301.3906
302.17011
302.17698
302.13688
301.78098
301.87009
301.83596
301.81568
301.02602
301.26422
301.27343
301.35585
301.10377
301.34218
301.1082
302.78103
302.64813
302.72249
302.4201
302.45043
302.49613
302.37723
301.78385
302.01347
302.04036
302.08291
301.80825
301.83523
302.05162
303.78093
303.14305
304.10658
302.89571
303.30634
302.73612
302.43302
302.8534
302.86899
302.79681
302.48249
302.60721
302.55916
302.54211
302.86483
303.2109
303.14997
303.10774
302.90825
302.84331
303.16306
303.07854
302.78414
303.08003
303.06796
302.79768
303.06618
302.78732
303.4924
303.68092
303.40337
303.38455
303.71617
303.4586
303.6553
302.96144
302.92533
302.95558
302.58836
302.60347
302.63102
302.55554
301.88514
302.16416
302.19741
302.21509
301.90303
301.93064
302.18586
302.97502
302.92848
302.96062
302.60395
302.64169
302.65242
302.58412
303.22602
303.61522
303.6173
303.57294
303.22488
303.17489
303.57983
303.426
303.06117
303.45248
303.47026
303.08201
303.43966
303.10253
304.03752
304.34454
303.98857
303.95211
304.35865
304.00899
304.33788
303.12979
303.21527
303.2996
302.89771
302.72741
302.7388
302.86377
302.14393
302.40536
302.54103
302.50989
302.06241
302.16124
302.38811
303.37665
303.61283
303.46336
303.04565
303.13163
303.00931
303.18084
303.28185
303.5857
303.65515
303.46046
303.11279
303.11214
303.42637
303.16686
302.96119
303.27979
303.27855
302.88067
303.17326
302.97059
303.97564
304.42341
304.02745
303.80253
304.14639
303.79457
304.19127
302.77993
302.89736
302.83265
302.5237
302.5835
302.50069
302.61072
301.80315
302.06556
302.09034
302.14955
301.86008
301.88199
302.12526
302.94049
302.93422
302.88242
302.57199
302.69165
302.62302
302.65418
303.05221
303.43776
303.3875
303.37459
303.13165
303.07014
303.42176
303.36034
302.9731
303.34319
303.36687
303.04607
303.37542
303.00625
303.76513
304.06718
303.70836
303.74722
304.1081
304.07265
303.79312
303.85468
303.95046
303.91195
303.49139
303.55526
303.45117
303.58709
302.67925
303.19718
303.11763
303.09603
302.76119
302.68049
303.18035
304.82911
304.23754
305.19778
304.48659
304.22692
303.81284
303.7926
303.75748
303.7363
303.8382
303.40234
303.25214
303.3524
303.29888
304.3692
304.73536
304.72354
304.75464
304.44092
304.43119
304.76837
304.74329
304.37865
304.69428
304.76647
304.47375
304.78994
304.4274
305.07573
305.36779
305.03085
305.10507
305.47073
305.14779
305.42085
303.49468
303.80476
303.81523
303.8614
303.5296
303.53308
303.83613
303.99234
303.63358
303.93025
303.90668
303.64362
303.94241
303.61126
304.12158
304.34952
304.08941
304.13587
304.41611
304.15496
304.41121
303.77951
303.70008
303.69379
303.36846
303.47198
303.4563
303.39902
302.63363
303.07074
302.95989
303.00667
302.77614
302.69748
303.08875
303.61997
303.57866
303.62251
303.29478
303.26578
303.24264
303.31848
304.1816
304.52343
304.52257
304.60692
304.26581
304.26735
304.58548
304.71401
304.30666
304.61679
304.65738
304.39835
304.71148
304.34752
304.8879
305.15589
304.83503
304.92452
305.26756
305.26002
304.95136
304.05516
304.34387
304.34945
304.2831
304.03733
304.01707
304.30185
304.07718
303.87133
304.17025
304.18859
303.83789
304.11167
303.90984
304.61435
304.83782
304.5888
304.5385
304.81333
304.57561
304.77976
304.55778
304.83593
304.49772
304.54772
304.88749
304.5823
304.87502
304.73026
305.03585
304.6524
304.60249
305.03653
304.68194
304.98177
304.27319
303.92842
304.21546
304.22379
303.99651
304.26366
303.93797
305.17149
305.15727
305.09815
305.49652
305.5174
305.50858
305.53195
306.77608
306.25227
306.16324
306.08657
306.68204
306.65583
306.13175
305.21923
305.13992
305.09243
305.45736
305.5687
305.51742
305.46281
308.01686
306.87834
305.02682
305.11128
305.20224
307.30434
307.50074
305.35749
305.55364
305.23228
305.30154
305.72218
305.40683
305.64262
306.84673
305.55738
309.54665
305.62404
306.91926
304.90157
304.97625
305.23818
305.50097
305.13231
305.29561
305.66595
305.33854
305.61446
304.98912
304.62227
304.93099
304.97864
304.70067
304.642
305.01589
305.72245
305.67575
305.53004
305.80195
306.10662
305.97693
305.96288
306.31126
305.90081
305.63475
305.98057
306.37718
306.30803
306.09366
305.56388
305.23599
305.37621
305.64782
305.68401
305.52467
305.80866
305.39865
305.85225
305.49321
305.26944
305.55538
305.21177
305.64796
304.90194
305.48682
305.07856
305.11669
305.32026
304.9548
305.48879
305.03084
304.78436
305.14809
304.92905
304.50877
304.85382
304.54458
309.9524
306.37249
309.03232
306.84348
309.06811
306.72809
309.87465
309.96128
306.00739
308.67255
305.85554
309.40282
309.0709
306.3611
306.40463
306.5417
306.60627
307.03149
306.70979
306.85557
306.91188
310.87827
316.98399
307.42072
307.35862
311.16199
306.79825
306.8571
307.91184
307.34472
307.30282
307.51713
307.74705
307.87022
307.39543
306.73235
306.82604
306.73859
307.16596
307.22823
307.1044
307.24547
308.27889
305.25979
305.07655
307.07402
307.37844
305.35816
307.87159
305.8567
305.86541
305.79052
306.17515
306.25113
306.19429
306.24212
306.5655
306.22672
306.23348
306.3987
306.7882
306.75923
306.42683
305.84229
305.74388
305.76019
306.15348
306.20384
306.21996
306.14097
306.46431
306.72393
306.35447
306.47276
306.86517
306.55605
306.78899
306.43505
306.60499
306.24072
306.42804
306.85482
306.54011
306.7896
306.11881
305.6762
306.02459
306.10023
305.84836
305.77818
306.17358
307.0673
307.04164
306.95085
307.343
307.44488
307.42496
307.37028
311.04725
307.46792
315.71918
307.56498
310.84166
306.44629
306.68476
307.81337
307.45155
307.42742
307.60359
308.01602
307.99646
307.63792
307.01652
306.86959
306.90557
307.31407
307.32075
307.2843
307.37923
305.26073
305.53706
305.19926
305.25393
305.61592
305.3043
305.603
305.31046
305.50651
305.15247
305.30926
305.68605
305.38505
305.61894
304.91138
304.59457
304.89335
304.9648
304.67557
304.65166
304.96677
305.87798
305.81456
305.78655
306.18915
306.26598
306.2305
306.24395
306.84875
306.40311
306.1834
306.56205
306.96708
306.91692
306.61245
305.85202
305.74161
305.75464
306.15897
306.2022
306.14464
306.20853
306.5938
306.63707
306.46148
306.78873
307.04945
306.93533
306.92814
307.18743
306.92274
306.71548
307.00927
307.39608
307.28573
307.12534
306.50304
306.26276
306.34514
306.67843
306.7113
306.80043
306.59847
305.62965
305.83958
305.54957
305.55161
305.89164
305.62318
305.82316
305.37293
305.53452
305.25987
305.4365
305.77015
305.48523
305.73944
305.36282
305.062
305.31267
305.27984
305.07225
305.03205
305.32918
306.15349
306.25113
306.15205
306.491
306.53162
306.4585
306.56877
310.10631
314.96068
307.04223
306.96006
309.48338
306.35015
306.21317
306.949
306.53051
306.53646
306.69944
307.08548
307.07162
306.68824
306.28536
306.21291
306.1748
306.51597
306.63955
306.55198
306.59785
309.61703
310.36638
311.88069
308.42938
307.98743
308.19863
308.09491
307.37094
307.53204
307.67414
307.76041
307.8567
307.71092
307.83645
312.44178
319.05917
315.76713
308.52918
307.73816
308.44084
308.08541
310.72951
312.72702
315.27344
308.46113
307.80631
308.21636
308.19805
308.15955
307.93281
308.24863
307.98632
308.49032
308.42577
308.25728
315.15185
320.05353
319.87493
308.80496
308.42869
308.9251
308.31095
412.07404
385.13222
384.25932
383.27215
396.41138
398.15015
401.49491
307.18304
307.50337
308.27502
307.2349
307.89738
307.44497
307.70312
306.63971
306.44139
306.79453
306.92032
307.29133
307.21315
307.06331
309.18573
319.49543
313.0029
307.74748
307.92415
307.59091
308.63411
413.25026
387.94895
386.15187
385.39856
398.16046
399.68036
403.46476
307.73715
307.35854
309.31313
307.04612
307.88298
307.54999
307.57844
307.33953
307.04155
306.85546
307.30243
307.8304
307.74328
307.58516
308.03874
313.10357
312.11543
306.67342
307.24429
307.24782
306.77575
308.32777
310.98774
311.79828
307.73984
307.97462
307.66746
307.78452
307.02186
306.74858
306.81193
306.91578
307.66497
307.56827
307.32716
314.6922
321.36089
317.8869
308.31374
308.0616
308.92544
307.85072
308.17882
308.77468
310.15384
307.6702
308.05422
307.68905
307.89722
307.11095
306.9546
306.90257
307.2706
307.70944
307.62198
307.36297
309.64319
312.19602
311.7762
307.45174
307.45858
307.04425
307.77233
307.22995
305.8531
308.53416
305.9134
308.0723
305.64786
307.61907
303.18475
302.89973
302.87609
303.26543
303.19865
303.2643
302.94085
301.44714
301.50149
301.29003
301.47899
301.24181
301.27328
301.30399
301.56184
301.56452
301.35314
301.53472
301.30343
301.28439
301.32779
301.87838
301.97042
301.59581
301.59183
302.01687
301.72283
301.69601
302.20159
302.23133
301.90263
301.83399
302.16749
301.8458
301.91532
302.51916
302.2585
302.51187
302.2437
302.519
302.25421
302.26414
302.69797
302.33605
302.70166
302.71527
302.34153
302.39372
302.38971
303.25852
302.92396
302.84033
303.2519
303.29014
303.28819
302.92704
304.07068
303.76267
304.10944
304.09815
303.71474
303.73947
303.78435
303.32625
303.04808
303.30595
302.98602
303.27085
302.95258
302.99803
305.45302
305.93573
305.44066
305.36412
305.91208
305.79742
305.81684
306.29986
306.84996
306.68929
306.16698
306.36189
306.23397
306.66309
305.8136
306.25578
306.03353
305.9549
306.1378
306.25142
306.33876
306.10286
306.56979
306.53302
306.27319
306.26492
306.42243
306.68393
307.26107
307.49073
307.53822
307.17939
307.02675
306.93023
307.31595
306.29856
306.75
306.83342
306.43568
306.48217
306.57035
306.87034
306.97206
307.41437
307.21062
307.12272
307.34301
307.47
307.49994
307.51126
307.9368
308.0409
307.68992
307.62853
307.76013
308.04426
305.87373
306.36153
306.0217
306.28898
305.96826
306.31241
306.36715
306.55735
307.07
307.03039
306.62844
306.67058
306.71185
307.08962
307.12922
307.62897
307.56236
307.30971
307.29839
307.44347
307.70956
306.55209
307.06409
307.11115
306.66179
306.70315
306.76402
307.12043
305.54857
302.29043
302.98748
302.53604
302.4117
303.37123
302.14178
306.78128
302.79573
303.84009
303.00928
302.79718
304.14857
302.51506
307.03305
303.08053
303.93149
303.11452
303.22491
304.78167
302.7135
304.54948
303.20679
303.20582
303.41506
303.30475
302.91569
302.87254
305.65419
302.44514
303.19334
302.67169
302.52239
303.65831
302.31082
305.21263
302.30101
302.99689
302.54204
302.38945
303.4264
302.15431
306.22312
302.91133
303.54655
302.85506
303.01541
304.27819
302.60277
304.35377
303.0157
302.90644
303.22721
303.10929
302.7298
302.58316
307.28585
304.16469
304.79448
303.99899
304.1525
305.35579
303.80082
307.00086
302.96227
303.91743
303.36837
303.31631
304.84084
302.82445
307.02767
303.43788
304.32649
303.77225
303.63776
305.06647
303.25221
307.75676
304.00492
304.87744
303.98855
304.04202
305.77062
303.56585
320.13299
307.84793
310.35862
308.53402
309.3366
314.14177
306.9767
317.71375
306.62755
309.32447
307.46302
307.49953
311.8104
305.96365
318.69948
307.065
308.96475
307.41175
308.49896
312.48446
306.54353
326.36292
310.07073
315.89582
311.12579
310.80175
317.52057
308.5751
325.91665
309.39
314.84289
310.55586
309.98972
317.90249
307.69669
318.89533
307.31811
310.07435
308.21392
308.46955
312.98508
306.53838
328.68096
310.54547
317.3792
311.78483
311.24935
319.26249
308.28155
328.54775
311.0439
317.43016
311.6248
311.41886
318.36086
308.64022
313.72053
306.14329
308.51052
306.26399
309.04368
305.85647
305.75781
343.60446
329.28022
326.37839
330.0063
327.03738
318.36277
318.97499
301.48057
301.47732
301.2835
301.25021
301.45446
301.23658
301.26694
301.42695
301.46067
301.24408
301.20256
301.43456
301.22325
301.25525
305.58701
303.07651
303.49337
303.4024
303.93465
303.08497
302.97085
305.92585
302.98221
303.45613
303.37929
304.10163
303.09762
302.94775
308.5204
306.1928
305.21258
306.31729
305.2676
304.61894
304.66584
328.1243
311.35646
317.70984
311.85399
318.98858
312.68419
309.48818
330.02351
312.19561
319.03666
312.6619
320.57106
313.26487
309.67091
325.69522
308.3875
314.32174
309.14184
316.75448
309.49729
306.66768
326.35835
309.44805
315.19513
309.92859
316.32029
309.7782
307.35508
302.66255
303.15487
304.6707
302.30351
302.67625
302.13171
302.02322
303.44115
303.92346
305.21386
303.12474
303.43065
302.832
302.65736
308.55427
308.6621
312.71793
307.721
307.94197
306.12183
305.95259
304.26342
302.37354
302.86613
301.95428
302.29605
301.85075
301.59498
305.73974
303.23502
303.73611
302.73363
303.23677
302.48718
302.34781
306.91829
305.42735
305.57612
304.02976
304.24795
303.79911
303.24854
302.47778
304.25567
303.03408
302.03104
302.37932
301.93912
301.67811
305.44991
306.74646
305.48285
304.25178
304.09521
303.95329
303.46239
303.69358
306.01018
304.11436
303.28588
303.66509
302.96674
302.87752
306.63027
308.10884
306.49976
305.35972
305.42501
305.03693
304.66527
303.75104
303.23865
305.78025
302.83618
303.23345
302.4416
302.32008
304.16172
303.66221
305.66785
303.2531
303.62713
302.98176
302.77614
308.45658
306.73935
306.98879
305.42176
305.48537
304.93595
304.41793
318.37261
327.62433
322.65064
314.83846
317.62644
311.71027
310.70707
322.01045
331.58242
326.67599
317.59584
320.6759
314.95772
312.47164
308.31111
307.98138
312.07668
307.17239
307.33149
305.8431
305.6248
317.2702
314.07558
324.88315
311.51416
313.6331
308.20182
307.20725
326.28086
317.97962
321.72911
314.14701
316.54442
311.35609
310.2114
308.66641
308.78711
312.5366
307.92752
307.93503
306.62965
306.47636
321.01705
317.26071
326.07523
314.27558
316.44276
311.31256
310.5992
328.2463
319.08093
323.15116
314.93355
317.44143
312.23385
310.16742
313.2901
309.09936
309.31259
308.21798
308.31694
306.52343
306.23123
328.26352
318.54971
322.58399
314.57423
317.16746
311.93083
309.77531
325.445
315.17125
318.8006
312.88131
315.55679
309.30555
309.24899
305.16496
304.1068
304.03105
304.18299
304.1442
303.73675
303.6684
312.07606
305.87427
307.12756
306.55243
308.19184
305.92571
305.4457
299.29829
299.33408
299.30017
299.95659
299.93122
299.90395
299.89042
299.29593
299.25564
299.27979
299.89308
299.86062
299.8411
299.8293
299.24776
299.30836
299.28404
299.75703
299.77348
299.82856
299.81909
299.24755
299.19674
299.21541
299.80545
299.86375
299.73716
299.80024
299.29459
299.41853
299.31425
299.92625
299.85378
299.97182
299.85687
299.19946
299.2685
299.24677
299.73874
299.76517
299.77787
299.77385
299.35659
299.34724
299.32249
299.99819
299.98945
299.95652
299.94963
299.29388
299.29302
299.26072
299.92319
299.83787
299.90724
299.82816
300.24646
300.6205
300.60109
300.61533
300.28482
300.26496
300.63559
302.61234
302.86853
302.6266
303.82979
303.72443
304.08558
303.95535
302.83152
302.78992
302.98364
303.92303
303.91849
304.00671
304.07862
302.10339
302.72538
302.7325
302.78256
302.1925
302.14137
302.74498
303.04037
303.72495
303.88571
303.74247
302.86561
302.99363
303.61087
302.78695
303.09332
302.76012
304.26673
304.09256
304.26011
303.88105
303.93786
303.81034
304.16636
304.87232
305.34407
305.24746
305.58922
304.95645
305.22615
305.13576
306.68268
306.43135
306.32061
306.18218
305.17023
305.19946
305.0425
306.47788
306.39891
306.57183
306.51244
305.32191
305.30232
305.02592
306.42213
306.49835
306.68809
306.16475
306.95461
306.53294
307.03763
307.79326
308.40841
308.0418
308.49685
307.01856
306.97746
306.91851
307.65781
307.73097
307.76195
307.60055
306.92278
306.93521
307.33005
307.9097
307.12152
307.48585
307.43625
307.81924
307.80743
308.58089
307.845
308.51789
308.59047
308.50344
311.05223
310.13512
310.29903
312.29128
312.40355
311.57686
311.76328
311.18194
310.69715
311.15647
312.58786
312.55446
312.05057
312.45295
309.01986
309.74049
309.52304
312.07209
310.65671
311.78247
310.9357
310.98826
310.78621
310.33471
313.34835
312.77139
312.80978
312.13883
310.61359
311.29034
311.45275
312.71214
312.57594
313.3725
313.37368
310.13351
310.32644
310.56075
312.13382
311.99003
312.24735
312.66002
310.88214
312.44352
312.51916
312.79763
312.80657
313.88765
314.31758
311.39516
312.39255
312.21707
313.09843
313.38732
314.53295
314.24158
300.40472
300.71713
300.72788
300.72719
300.36513
300.38791
300.70238
300.26718
300.60136
300.62123
300.64505
300.27661
300.27981
300.61678
300.38856
300.71908
300.69483
300.71236
300.37398
300.38407
300.71979
301.9988
302.13358
302.1123
301.39988
301.41543
301.32678
301.48703
300.38187
300.85185
300.78036
300.73949
300.41377
300.35758
300.80466
302.43339
302.31943
302.41586
301.77157
301.73141
301.76558
301.74513
300.44295
300.90162
300.89203
300.88756
300.47031
300.45962
300.8961
301.97362
302.62207
302.5371
302.49067
302.02132
301.95813
302.56555
302.42964
303.0216
303.08094
303.16789
302.48959
302.55208
303.09296
305.769
306.33022
305.63047
305.74714
306.56645
305.91126
306.37325
306.56643
307.27148
306.48423
306.45895
307.26159
306.52913
307.28575
307.52828
308.11908
307.56613
307.51317
307.9656
307.45359
308.02891
306.45917
307.02088
306.34378
306.44506
307.21186
306.59707
307.17923
307.90574
307.80085
307.5599
308.15435
308.62443
308.44439
308.43533
307.98582
307.84138
307.81167
308.65035
308.71454
308.70673
308.69413
308.56025
308.61172
308.58339
309.15304
309.06671
309.16506
309.09698
307.674
307.70488
307.74777
308.53827
308.317
308.34473
308.52896
308.28894
308.2358
308.2285
308.69321
308.75481
308.77692
308.69782
307.8637
307.85443
307.80634
308.53638
308.50816
308.51676
308.53861
302.04562
301.77162
301.83917
302.02434
302.10253
302.07745
301.83456
302.64379
302.35111
302.68549
302.31485
302.68473
302.37547
302.39937
304.00645
303.72389
304.0535
303.66852
304.00863
303.69828
303.74367
302.00183
301.75847
301.78649
301.98825
302.02773
302.00545
301.78269
302.11138
301.77182
301.85096
302.13404
302.06503
302.09482
301.82164
302.28055
301.86177
301.96689
302.17494
302.26525
302.17283
301.89155
302.66638
302.2923
302.58014
302.36088
302.65744
302.3794
302.31769
302.52151
302.2607
302.17636
302.49685
302.59059
302.54421
302.23447
303.05813
302.66165
302.67104
303.03856
303.00498
303.01939
302.69024
303.58487
303.18208
303.53221
303.26329
303.62451
303.32626
303.24867
305.88825
306.12347
305.69771
305.88335
306.33536
306.24076
306.05662
305.81189
306.26325
306.01026
305.91902
306.1762
306.28031
306.33092
306.86493
307.34857
307.10135
306.99171
307.19723
307.27413
307.38558
305.89504
306.36676
306.09609
306.31552
306.043
306.41523
306.42096
307.57957
308.0438
308.32357
307.99922
307.78674
308.15132
308.3424
307.37631
307.80251
307.964
307.64675
307.82272
308.03962
308.10852
307.02642
307.42101
307.74206
307.2524
307.61609
307.78186
307.80278
307.02379
307.44135
307.81113
307.27747
307.59646
307.75804
307.84047
307.66364
307.64519
307.98339
307.78343
308.07094
308.17042
307.99362
307.99321
308.00503
308.44284
307.99288
308.40592
308.40203
308.30846
302.34825
302.42895
301.99424
301.95446
302.39425
302.04187
302.07651
302.33428
302.44957
302.06364
301.97432
302.41461
302.03824
302.11697
306.70885
306.85442
307.2927
307.39035
306.77988
307.32106
307.23608
306.62516
306.94759
307.31719
306.81569
307.24773
307.26527
307.29348
301.05386
301.45888
301.45098
301.03777
301.04895
301.43269
301.02034
301.02164
301.49459
301.53763
301.0498
301.08413
301.53429
301.09951
301.67423
302.36399
302.39123
301.60028
301.73266
302.30821
301.6634
301.45288
301.94138
302.13736
301.39927
301.53457
302.03935
301.49457
306.90663
306.93774
307.73988
306.8373
307.53283
307.47272
307.35165
307.90884
307.84709
308.37046
308.04757
308.56454
308.65674
308.74615
308.50436
308.4536
308.9387
308.48843
309.03006
308.92336
308.99404
300.55876
301.06455
301.05171
301.09522
300.60289
300.61888
301.09393
301.64034
301.50956
301.56955
301.12942
301.12234
301.17361
301.08667
301.62265
301.54196
301.5882
301.10014
301.12236
301.14314
301.07179
301.51427
301.54583
301.56095
301.10683
301.04968
301.07151
301.09899
301.62393
301.67203
301.64124
301.11016
301.19132
301.13435
301.16534
300.45329
300.95168
300.91961
300.88126
300.44139
300.39079
300.90143
301.66588
301.76498
301.7016
301.15971
301.19207
301.13298
301.24276
302.11008
301.97206
302.06557
301.41248
301.44556
301.4951
301.38314
301.92573
302.41026
302.45506
302.45724
301.9031
301.91118
302.4031
302.18345
302.91968
302.80876
302.78775
302.3289
302.22302
302.88669
303.05778
303.55932
303.79935
303.75476
302.78847
302.98425
303.49093
302.83204
303.53809
303.48427
303.35231
302.86235
302.7581
303.45043
305.43333
306.18714
305.54966
305.54162
306.07921
305.48397
306.1995
306.38839
307.19219
306.38129
306.51386
307.2207
306.51747
307.2309
307.17752
307.86633
307.28585
307.29223
307.72642
307.15282
307.88
306.582
307.17856
306.46774
306.57837
307.33668
306.72207
307.21796
308.49772
308.86428
308.37491
308.32272
308.70844
308.21778
308.89087
308.67936
309.49982
308.60575
308.67879
309.55483
308.86897
309.39565
308.63243
310.11825
309.17098
308.89826
308.74818
308.35799
309.36118
309.07656
309.81771
308.90731
309.22793
310.0959
309.39479
310.10038
309.39806
309.98313
309.33695
309.55958
310.21486
309.57066
310.35379
309.15464
309.80085
309.12013
309.25673
309.84465
309.2611
309.83052
309.12207
309.73661
309.1597
309.14102
309.66023
309.15737
309.61929
309.22837
309.73921
309.1712
309.20284
309.84986
309.25546
309.86404
302.5986
303.07065
300.98431
301.2028
302.74322
302.94047
301.06401
)
;

boundaryField
{
    sides
    {
        type            fixedValue;
        value           uniform 298.15;
    }
    domain0_to_potato
    {
        type            compressible::turbulentTemperatureCoupledBaffleMixed;
        refValue        nonuniform List<scalar> 
4872
(
435.58846
437.62589
437.70711
437.68949
437.65398
451.24038
435.58945
435.59705
435.58452
437.48116
437.44022
437.52269
437.50325
437.51454
437.45789
437.50721
437.47056
437.66964
437.71345
451.24171
437.68869
451.23881
437.64005
451.24311
434.4131
434.4131
434.32848
434.32848
435.82936
436.52581
436.52581
437.00795
437.00795
437.97541
436.92638
436.92638
437.25526
437.25526
438.06757
436.77144
437.15786
436.69065
437.02789
449.92498
449.91587
434.30512
434.25444
434.44207
434.37711
434.27069
434.33715
436.64809
436.72642
436.58497
436.57505
436.70951
436.60865
434.30512
434.25444
435.89308
436.64809
436.72642
438.18597
436.70951
436.60865
438.11493
434.44207
434.37711
435.93438
436.58497
436.57505
438.03456
436.63054
436.63054
436.7362
436.7362
438.17924
436.66072
436.76658
434.27069
434.33715
435.89178
436.66072
436.76658
438.14053
436.595
436.595
436.61452
436.61452
438.05796
436.64539
436.64539
436.7391
436.7391
438.12823
436.65205
436.65205
436.69632
436.69632
438.20473
436.74457
437.10419
436.68632
437.23321
436.74457
437.10419
438.03667
436.68632
437.23321
438.00816
449.93886
449.93886
449.92403
449.92403
448.81908
436.75748
436.75748
437.17865
437.17865
438.10967
449.96127
449.96127
449.88222
449.88222
448.81319
436.64637
436.64637
436.95836
436.95836
437.93785
449.88142
449.88142
449.96067
449.96067
448.82149
436.77144
437.15786
438.04505
436.69065
437.02789
438.04551
449.92498
449.91587
448.83625
434.61784
435.24991
434.82781
435.70182
435.75246
435.59772
435.39167
435.39167
436.39562
436.39562
434.92887
434.92887
434.92887
435.82366
435.82366
435.82366
435.15798
435.31066
435.5457
435.78959
434.56918
435.25257
434.86381
435.65781
435.69558
435.61652
435.40265
435.40265
436.51447
436.51447
435.00568
435.00568
435.00568
435.19003
435.31547
435.37494
435.66458
436.00833
436.00833
436.00833
434.54355
434.54355
434.54355
436.27972
435.08747
436.26785
435.09613
434.60922
434.60826
434.42411
436.00426
436.00332
437.64037
438.0627
437.44084
437.58188
438.02309
437.39027
437.83221
437.83221
437.72345
437.72345
437.15658
437.14558
437.55235
437.54667
437.3838
437.3838
437.3838
437.30842
437.30842
437.30842
437.70637
437.70637
437.70637
438.50567
437.48444
438.80257
437.64687
437.49259
437.73868
437.07696
438.39548
439.31904
437.74188
437.74188
437.74188
438.82291
437.59897
438.97886
437.74862
437.55774
437.79532
437.18658
438.49804
439.37944
434.55571
435.28383
434.6568
435.72778
435.74321
435.64533
435.31565
435.31565
436.50068
436.50068
434.84711
434.84711
434.84711
435.91271
435.91271
435.91271
435.14229
435.30577
435.47545
435.74856
434.55571
435.21137
434.74031
435.62353
435.65653
435.54614
435.27031
435.27031
436.40185
436.40185
434.71687
434.71687
434.71687
435.84171
435.84171
435.84171
435.02207
435.203
435.34191
435.63181
434.55571
436.2866
435.12524
436.24002
435.13388
434.5299
434.5596
434.39862
436.01001
435.9507
435.72778
436.0495
435.77866
435.62353
435.9278
435.61491
437.08487
437.08487
436.8784
436.8784
436.38674
436.38674
436.38674
436.19803
436.19803
436.19803
436.25479
436.15822
437.34148
437.37939
435.72778
438.48031
437.06671
438.64446
437.1425
435.77571
435.77049
436.55774
437.36966
437.72607
435.62353
438.54155
437.03908
438.52716
437.04523
435.74276
435.62885
436.43822
437.37464
437.59664
434.61784
434.61784
436.32052
435.15015
436.29472
435.13812
434.66021
434.71728
436.12187
434.38449
436.10782
435.23629
434.8812
435.69479
435.71628
435.54003
435.2019
435.2019
436.48978
436.48978
434.80852
434.80852
434.80852
435.93714
435.93714
435.93714
435.06523
435.2391
435.34506
435.62771
435.70182
435.70182
438.4343
436.96451
438.54103
437.07136
435.64862
435.58617
437.33449
436.47004
437.60325
435.97791
435.77376
435.69479
435.93215
435.70311
437.07797
437.07797
437.07499
437.07499
436.38827
436.38827
436.38827
436.38384
436.38384
436.38384
436.28631
436.31713
437.40679
437.41601
435.69479
438.54018
437.08005
438.69974
437.17429
435.69618
435.66227
437.37598
437.69064
436.53187
434.56918
434.56918
436.25878
435.16885
436.28022
435.17259
434.68248
434.58568
436.20224
434.50706
436.06275
435.20829
434.7557
435.55715
435.6521
435.47315
435.29612
435.29612
436.34685
436.34685
434.80479
434.80479
434.80479
435.06878
435.25492
435.36886
435.64435
435.81416
435.81416
435.81416
435.65781
435.65781
438.51742
437.04323
438.71613
437.17689
435.75714
435.61646
437.44874
436.59909
437.66982
435.97505
435.67246
435.55715
435.96986
435.70347
437.0054
437.0054
437.05926
437.05926
436.305
436.305
436.305
436.30329
436.30329
436.30329
436.3197
436.30269
437.46512
437.46144
435.55715
438.49157
436.98237
438.53059
437.02271
435.62533
435.52634
437.30354
437.53754
436.42996
435.28655
434.77583
435.64379
435.73984
435.60609
435.1303
435.1303
436.43671
436.43671
434.67952
434.67952
434.67952
435.08835
435.30694
435.34736
435.67005
435.97363
435.97363
435.97363
435.20817
434.74417
435.8841
435.86214
435.72256
435.26906
435.26906
436.5666
436.5666
434.72725
434.72725
434.72725
435.10981
435.38952
435.37053
435.69152
435.99091
435.99091
435.99091
435.64379
435.64379
438.53149
437.0573
438.61098
437.08776
435.76794
435.60108
437.43075
437.64877
436.51805
435.8841
435.8841
438.54511
437.08192
438.65938
437.19168
435.90692
435.85364
437.55324
437.76376
436.54975
436.02778
435.72702
436.07314
435.8448
436.99034
436.99034
437.14694
437.14694
436.3053
436.3053
436.3053
436.45181
436.45181
436.45181
436.23511
436.27261
437.37428
437.40346
437.64037
437.64037
438.67516
437.58395
438.91002
437.70169
437.41565
437.6102
438.47708
437.19573
439.3216
437.58188
437.58188
438.53529
437.40596
438.96716
437.64237
437.45163
437.64349
438.38756
436.96892
439.26216
438.75563
438.21164
440.9856
440.28488
441.11475
439.27933
439.27933
443.67783
443.67783
438.71548
438.71548
438.71548
440.16569
441.25325
441.12375
442.17052
442.93756
442.93756
442.93756
438.68143
438.25452
440.9856
440.30271
441.08119
439.15548
439.15548
443.55198
443.55198
438.61044
438.61044
438.61044
440.17629
441.28092
441.01421
442.04792
442.79825
442.79825
442.79825
440.9856
449.29871
447.80426
449.29508
447.82312
442.15066
442.06927
444.2554
444.15446
446.99976
438.04309
437.42804
437.66436
438.03297
437.46587
437.6609
437.6609
437.7937
437.7937
437.16012
437.19427
437.6207
437.64815
437.30516
437.30516
437.30516
437.36182
437.36182
437.36182
437.66436
437.66436
438.74086
437.63055
438.91878
437.73894
437.46298
437.72662
438.44863
439.49737
437.14213
438.75217
438.30847
441.04136
440.36532
441.18691
439.27374
439.27374
443.68388
443.68388
438.7791
438.7791
438.7791
440.31801
441.3532
441.18732
442.24064
442.94754
442.94754
442.94754
441.04136
441.04136
449.30737
447.84167
449.28231
447.79627
442.22181
442.19107
444.25423
444.20992
447.01029
438.80358
438.28939
440.31246
441.08911
439.46133
439.46133
443.60277
443.60277
438.92794
438.92794
438.92794
440.28603
441.27436
441.04153
442.05804
442.86761
442.86761
442.86761
438.02927
437.43519
437.58813
438.06719
437.44993
437.83879
437.83879
437.7621
437.7621
437.24024
437.16115
437.65138
437.63936
437.43722
437.43722
437.43722
437.37092
437.37092
437.37092
437.58813
437.58813
438.53779
437.37494
438.78135
437.55705
437.25787
437.50729
438.37202
439.22879
436.92374
438.87171
438.3893
441.00507
440.28344
441.05817
439.29318
439.29318
443.6679
443.6679
440.28841
441.36761
440.9888
442.03473
438.85894
438.85894
438.85894
442.85939
442.85939
442.85939
441.00507
441.00507
449.27127
447.80515
449.30739
447.83335
442.09202
442.12191
444.16523
444.16002
447.01188
438.6917
438.19604
440.22426
441.01962
439.09925
439.09925
443.74387
443.74387
440.19974
441.36061
441.02706
442.07843
438.64083
438.64083
438.64083
442.96193
442.96193
442.96193
437.74495
437.74495
437.74495
438.61162
437.48992
438.92249
437.74831
437.46296
437.66275
437.12946
438.44014
439.28275
437.68901
437.68901
437.68901
438.6378
437.49954
438.85712
437.70079
437.45916
437.68218
437.08496
438.45618
439.31164
438.00823
437.52937
438.01424
437.4411
437.69447
437.69447
437.76193
437.76193
437.29378
437.22601
437.61171
437.61738
437.30733
437.30733
437.30733
437.35031
437.35031
437.35031
440.92583
440.92583
440.92583
449.29507
447.816
449.28101
447.85781
442.11189
442.112
447.05968
444.17179
444.19307
438.7616
438.33428
440.20825
441.01868
439.40646
439.40646
443.68673
443.68673
440.31513
441.3674
441.06353
442.06973
438.71303
438.71303
438.71303
442.87878
442.87878
442.87878
438.69566
438.19107
440.23849
441.03925
439.19306
439.19306
443.63034
443.63034
440.1706
441.20171
441.05577
442.06949
438.69349
438.69349
438.69349
442.87669
442.87669
442.87669
435.50745
435.49745
435.34539
437.47696
437.74708
437.51941
437.60658
437.84046
437.6511
437.58113
437.81371
437.61248
437.58406
437.77007
437.61468
451.01408
451.0172
450.78332
435.49634
435.48875
435.32274
435.51388
435.52126
435.36779
435.48192
435.4892
435.30862
437.27932
437.43067
437.18964
437.2372
437.31141
437.07775
437.31965
437.41654
437.17523
437.29679
437.42139
437.1711
437.30761
437.42715
437.17401
437.25849
437.36338
437.1267
437.3008
437.41253
437.16748
437.27188
437.42186
437.197
437.59683
437.79325
437.62639
437.59419
437.84766
437.64679
451.0169
451.01584
450.78425
437.59228
437.81631
437.63748
451.01586
451.00836
450.77676
437.52975
437.75189
437.55883
451.01417
451.02256
450.78673
435.74477
434.76008
434.43582
434.43582
434.43582
434.7062
434.7062
435.62852
435.12641
434.43364
434.43364
434.43364
434.67852
434.67852
435.59149
435.13443
438.03582
438.03582
436.81622
436.66979
436.66979
436.66979
436.86386
436.86386
437.87127
437.51685
437.87938
437.87938
437.87938
438.20099
438.20099
439.44342
438.88669
436.84079
436.84079
436.84079
437.01134
437.01134
437.9919
437.68062
438.02138
438.02138
438.02138
438.39704
438.39704
439.5208
438.94625
434.76262
435.44542
435.44542
434.78738
435.84235
434.46794
434.46794
434.46794
434.70506
434.70506
435.70168
435.21104
434.46795
434.46795
434.46795
434.72194
434.72194
435.71608
435.25354
435.90051
435.90051
436.94344
436.78423
436.0233
436.0233
436.0233
436.14355
436.14355
437.03111
436.75725
436.53378
436.53378
436.53378
436.86965
436.86965
437.9138
437.42007
436.11154
436.11154
436.11154
436.29703
436.29703
437.16415
436.88582
436.47094
436.47094
436.47094
436.67953
436.67953
437.72127
437.23291
434.50747
434.50747
434.50747
434.72015
434.72015
435.68361
435.17299
434.4782
434.4782
434.4782
434.68526
434.68526
435.65029
435.2542
434.75752
435.78514
435.94155
435.94155
435.94155
436.13229
436.13229
437.00528
436.72581
436.40943
436.40943
436.40943
436.72235
436.72235
437.77755
437.24149
435.8048
435.8048
436.79817
436.93287
436.09288
436.09288
436.09288
436.30462
436.30462
437.15399
436.78731
436.63288
436.63288
436.63288
436.9384
436.9384
437.94265
437.45186
434.4052
434.4052
434.4052
434.69248
434.69248
435.67432
435.21961
434.41789
434.41789
434.41789
434.6731
434.6731
435.62995
435.17216
434.72222
436.19159
436.19159
436.19159
436.3337
436.3337
437.18981
436.89029
436.72628
436.72628
436.72628
436.95386
436.95386
437.99811
437.53861
435.84816
435.84816
436.7922
436.0532
436.0532
436.0532
436.20842
436.20842
437.12867
436.80305
436.50042
436.50042
436.50042
436.7461
436.7461
437.75593
437.2468
435.83551
434.704
435.84082
436.15293
436.15293
436.15293
436.30051
436.30051
437.15542
436.81005
436.52958
436.52958
436.52958
436.78328
436.78328
437.88507
437.45662
436.14683
436.14683
436.14683
436.22253
436.22253
437.13262
436.88431
436.59382
436.59382
436.59382
436.82139
436.82139
437.98599
437.46892
436.93389
436.9771
436.88299
436.88299
436.88299
436.99689
436.99689
437.95097
437.6595
437.95692
437.95692
437.95692
438.23559
438.23559
439.48237
438.95411
436.75414
436.75414
436.75414
436.81946
436.81946
437.8397
437.51841
438.10383
438.10383
438.10383
438.38794
438.38794
439.50636
438.94001
439.51123
439.51123
444.63849
439.46561
439.46561
444.54152
446.75617
446.75617
446.75617
446.96119
446.96119
445.86176
445.62943
436.87651
436.87651
436.87651
437.0134
437.0134
437.94664
437.63671
437.94229
437.94229
437.94229
438.22628
438.22628
439.40085
438.81178
439.54623
439.54623
444.67232
446.75465
446.75465
446.75465
447.0122
447.0122
445.92263
445.69852
439.06046
437.96389
437.96389
436.91519
436.67076
436.67076
436.67076
436.81173
436.81173
437.82595
437.46176
437.90654
437.90654
437.90654
438.13424
438.13424
439.34162
438.85047
439.52375
439.52375
444.51594
446.69327
446.69327
446.69327
446.92274
446.92274
445.86297
445.61737
446.75959
446.75959
446.75959
446.99027
446.99027
445.88456
445.64101
439.05504
436.65511
436.65511
436.65511
436.84919
436.84919
437.90414
437.55861
438.02984
438.02984
438.02984
438.25586
438.25586
439.43537
439.02681
436.7606
436.7606
436.7606
436.87566
436.87566
437.98522
437.70768
438.0793
438.0793
438.0793
438.24822
438.24822
439.46006
439.04341
437.95936
437.95936
436.88874
436.99347
446.79637
446.79637
446.79637
446.98067
446.98067
445.88328
445.71261
446.64575
446.64575
446.64575
446.94244
446.94244
445.87684
445.58466
439.13807
444.51778
434.8376
435.09248
434.97893
435.23829
434.15435
434.15435
434.15435
434.7883
435.21157
434.08603
434.08603
434.08603
434.78598
434.2273
436.4143
434.2273
436.44464
434.2273
437.17269
436.26621
436.26621
436.26621
436.88376
437.65601
436.7729
436.7729
436.7729
437.19817
436.50711
438.33269
436.50711
438.60543
436.50711
437.39309
436.65716
436.65716
436.65716
437.07346
437.79687
436.97724
436.97724
436.97724
437.35453
436.61465
438.46834
436.61465
438.68356
436.61465
437.34682
436.48729
437.05617
437.74816
436.81776
437.25148
437.34865
436.39533
437.04235
436.56382
450.57462
449.70407
450.30472
450.57926
449.67225
450.28295
435.21307
434.06333
434.77479
435.16941
434.05113
434.73263
435.23853
434.20155
434.79656
435.2426
434.14507
434.82046
434.28074
435.17622
434.02635
434.71567
435.21245
434.12209
434.74953
437.05852
436.49851
436.71981
437.26672
436.63531
436.89189
436.64128
437.01731
436.41832
436.67281
437.1168
436.51405
436.74047
437.10557
436.56904
436.74364
437.18907
436.46895
436.75993
436.53366
434.06333
434.06333
434.05113
434.05113
434.2563
436.43766
434.2563
436.49023
434.2563
436.49851
436.49851
436.63531
436.63531
436.64128
438.87486
436.64128
438.92981
436.56904
436.56904
436.46895
436.46895
436.53366
438.81526
436.53366
438.80512
434.7947
435.04855
434.99723
434.20155
434.20155
434.14507
434.14507
434.28074
436.50754
434.28074
436.55046
436.41832
436.41832
436.51405
436.51405
436.53823
438.71604
436.53823
438.77881
436.53823
437.06907
436.51797
436.51797
436.51797
436.73204
437.24388
436.63431
436.63431
436.63431
436.82762
436.59531
438.83289
436.59531
438.91047
436.59531
437.07574
436.53783
436.73804
437.25984
436.66986
436.84341
434.02635
434.02635
434.12209
434.12209
434.14864
436.42554
434.14864
436.46559
434.14864
434.79954
435.10989
435.06445
436.53783
436.53783
436.66986
436.66986
436.61467
438.8281
436.61467
438.90722
436.61467
436.57903
438.73747
436.39067
436.57903
438.79025
436.48532
436.57903
434.84047
435.03281
435.11153
437.06222
436.50618
436.50618
436.50618
436.68751
437.24158
436.58431
436.58431
436.58431
436.82859
436.55492
438.82175
436.55492
438.86053
436.55492
436.70021
438.87106
436.50419
436.70021
438.91962
436.62476
436.70021
437.3764
436.4851
437.06081
437.71591
436.77569
437.24908
436.55685
437.32243
436.47392
437.0481
437.79825
436.88215
437.322
436.4851
436.4851
436.77569
436.77569
436.55685
438.47057
436.55685
438.59086
436.47392
436.47392
436.88215
436.88215
436.58152
438.43643
436.58152
438.60917
436.58152
438.02598
438.01314
439.35536
450.57734
449.71485
449.71485
449.71485
450.28118
450.57242
449.73344
449.73344
449.73344
450.29277
449.89115
449.44396
449.89115
449.44069
449.89115
437.36331
436.5942
436.5942
436.5942
437.09362
437.75035
436.86629
436.86629
436.86629
437.31684
436.66068
438.56426
436.66068
438.68319
436.66068
437.99059
438.01285
439.41827
450.58634
449.74453
449.74453
449.74453
450.28932
450.55831
449.67172
449.67172
449.67172
450.26758
449.87303
449.44599
449.87303
449.42675
449.87303
437.28375
436.45362
436.45362
436.45362
437.00464
436.58047
438.35928
436.58047
438.60407
436.75719
436.58047
450.56181
449.65216
449.65216
449.65216
450.28753
450.59219
449.74158
449.74158
449.74158
450.29633
449.89681
449.43717
449.89681
449.44452
449.89681
438.08775
438.03067
439.30955
436.48729
436.48729
436.81776
436.81776
436.57082
438.38899
436.57082
438.69136
436.57082
436.39533
436.39533
436.56382
438.39616
436.56382
438.68591
436.77262
449.70407
449.70407
449.67225
449.67225
449.87339
449.45498
449.87339
449.46265
449.87339
438.05362
438.01646
439.35252
435.27733
435.27733
435.27733
435.80396
435.48115
435.15798
435.80396
435.99974
435.31066
434.9177
435.3739
434.97781
434.97781
434.97781
435.24991
434.82781
434.82781
435.53548
434.9177
435.26362
435.26362
435.26362
435.75246
435.59772
435.59772
435.53548
435.3739
435.48115
436.06746
434.9177
435.99974
436.76101
435.3739
435.29567
434.80037
434.80037
434.80037
435.31059
435.31059
436.77866
435.29567
435.17299
435.5457
435.59481
435.04943
435.04943
436.31187
434.74729
436.04986
435.04943
435.01169
435.31066
435.50242
435.70889
435.8396
435.74477
435.74477
435.98767
435.98767
437.68184
435.8396
436.72581
435.50242
435.50242
436.81642
436.02129
436.98861
436.46417
435.22197
435.64862
436.40292
435.55807
435.70889
435.15798
435.55807
435.59481
435.78932
435.78959
435.78932
435.20268
435.20268
435.20268
435.78316
435.60107
435.19003
435.78316
436.07618
435.31547
435.00864
435.43012
435.20587
435.20587
435.20587
435.69558
435.61652
435.61652
435.50647
435.43012
435.60107
436.08534
435.00864
435.00864
436.07618
436.85949
435.43012
435.22904
434.76008
434.76008
435.2602
435.2602
436.7708
435.22904
435.21961
435.37494
435.49266
434.91395
434.91395
436.39484
434.82761
436.05728
434.91395
435.1121
435.31547
435.53315
435.70693
435.90884
435.88242
435.88242
435.88242
436.04875
436.04875
437.75094
435.90884
436.89029
435.66458
435.72108
435.53315
435.53315
436.86036
437.01771
436.10789
436.48311
435.26295
435.52263
435.70693
435.19003
435.52263
435.49266
435.72108
435.75714
436.50792
435.17366
435.65013
436.02223
434.65739
436.33462
434.55877
434.30126
435.55054
434.84866
434.65739
435.65426
434.30126
434.30126
434.55877
434.55877
434.84866
435.1713
435.63207
436.0293
434.6916
436.37467
434.62988
434.37303
435.55914
434.95815
435.13443
434.6916
435.67038
434.37303
434.37303
434.62988
434.62988
434.95815
435.36965
436.2468
436.23124
435.58556
434.67085
434.62921
434.60922
434.60922
434.60826
434.60826
434.67085
435.00218
434.42411
434.42411
434.67085
435.19299
435.19299
435.00218
434.62921
434.62921
435.14009
435.14009
434.94353
434.94353
437.03196
437.03196
437.03196
437.39719
437.62258
437.15658
437.39719
437.54837
437.14558
437.08772
437.0706
437.20524
437.20524
437.20524
438.0627
437.44084
437.44084
437.08772
437.13457
437.13457
437.13457
438.02309
437.39027
437.39027
437.0706
437.62258
438.28437
437.08772
437.54837
438.26594
437.0706
437.15658
437.18375
437.63975
437.35163
436.87845
436.87845
436.87845
437.36707
437.36707
438.65637
437.35163
437.6595
437.55235
437.69745
437.18375
437.18375
438.32705
438.2727
437.26187
437.45309
437.37488
436.81622
436.81622
437.4442
437.4442
438.72129
437.37488
437.51841
437.54667
437.71293
437.2133
437.2133
438.31118
438.25376
437.06925
437.2133
437.30306
437.63975
437.65866
437.14558
437.65866
437.69745
437.71293
437.41565
437.82572
437.45163
437.80288
437.40349
437.78047
438.26245
437.51685
436.97727
438.47354
437.01809
436.93149
437.87816
437.31664
436.97727
437.80781
436.93149
436.93149
437.01809
437.01809
437.31664
438.25911
438.67178
438.57574
437.7689
439.47381
438.16896
437.30291
438.6593
438.5881
438.88669
437.7689
438.21507
437.30291
437.30291
438.16896
438.16896
438.5881
438.04853
438.71226
438.82075
438.38132
437.39538
437.64776
437.49259
437.49259
437.73868
437.73868
437.39538
437.44265
437.64776
437.97231
437.07696
437.07696
437.39538
437.83051
437.83051
437.44265
437.64776
438.40316
438.40316
437.97231
437.58853
437.95143
438.55845
437.19988
438.59863
437.21783
437.06567
438.04346
437.47018
437.19988
437.98691
437.06567
437.06567
437.21783
437.21783
437.47018
438.34998
438.81648
438.70631
438.94625
437.75143
439.48626
438.24993
437.39076
438.65035
438.65275
437.75143
438.26905
437.39076
437.39076
438.24993
438.24993
438.65275
438.08961
438.72184
438.91206
437.18658
437.18658
437.37699
437.37699
437.37699
437.90226
437.90226
437.53667
437.53667
437.6467
437.6467
437.6467
438.40021
438.40021
438.02785
438.02785
435.13876
435.13876
435.13876
435.70811
435.4032
435.14229
435.70811
436.0114
435.30577
434.80896
435.41753
434.99262
434.99262
434.99262
435.28383
434.6568
434.6568
435.58937
434.80896
435.25562
435.25562
435.25562
435.74321
435.64533
435.64533
435.58937
435.41753
435.4032
435.9417
434.80896
436.0114
436.8508
435.41753
435.23914
434.76262
434.76262
435.27216
435.27216
436.76337
435.23914
435.21104
435.47545
435.49061
434.99713
434.99713
436.30607
434.67565
436.05203
434.99713
435.01794
435.30577
435.63482
435.77033
435.9379
435.75874
435.75874
435.75874
436.00213
436.00213
437.72088
435.9379
436.75725
435.74856
435.80304
435.63482
435.63482
436.85355
436.09428
437.08493
436.50182
435.11847
435.77571
436.48798
435.51551
435.77033
435.14229
435.51551
435.49061
435.80304
435.12602
435.12602
435.12602
435.69446
435.02207
435.31834
435.69446
435.93531
435.203
434.83423
435.30067
434.85822
434.85822
434.85822
435.21137
434.74031
434.74031
434.83423
435.10657
435.10657
435.10657
435.65653
435.54614
435.54614
435.30067
435.93531
436.75377
435.30067
435.02207
434.91864
435.38619
435.13602
434.78738
434.78738
435.23203
435.23203
436.80735
435.13602
435.25354
435.34191
435.38067
434.91864
434.91864
436.21121
434.65765
436.05408
435.07113
435.203
435.49325
435.5979
435.8347
435.84235
435.84235
436.01784
436.01784
437.6983
435.8347
436.88582
435.63181
435.63438
435.49325
435.49325
436.75186
436.05439
436.97894
436.48727
434.5596
435.31834
435.14253
435.97077
434.83423
435.74276
436.48868
435.38619
435.5979
435.27757
435.70716
436.0792
434.80586
436.48861
434.67565
435.01794
434.40956
435.57396
434.80586
435.68841
434.40956
434.40956
434.67565
435.24359
435.67966
436.04029
434.81498
436.46754
434.65765
435.07113
434.43609
435.61787
434.81498
435.72942
434.43609
434.43609
434.65765
435.48346
434.52585
434.55166
434.5299
434.5299
434.5596
434.52585
434.8592
434.55166
434.8663
434.52585
435.11847
434.8592
434.55166
435.14253
434.8663
435.68573
435.68573
435.68573
436.78237
436.60448
436.25479
436.78237
436.4926
436.15822
435.78854
435.68784
435.86785
435.86785
435.86785
436.0495
435.77866
435.77866
435.78854
435.80225
435.80225
435.80225
435.9278
435.61491
435.61491
435.68784
436.60448
437.14055
435.78854
436.4926
437.03094
435.68784
436.25479
436.6143
436.70032
437.103
436.94344
436.94344
437.28927
437.28927
438.69234
437.103
437.42007
437.34148
437.08254
436.6143
436.6143
437.67534
436.55614
437.86991
437.13746
436.15822
436.51638
436.62786
437.08367
436.78423
436.78423
437.35396
437.35396
438.59633
437.08367
437.23291
437.37939
437.09692
436.51638
436.51638
437.55526
436.45219
437.71885
437.01429
435.77049
436.58435
435.62885
436.70032
436.62786
437.08254
437.09692
436.87628
437.26338
438.29562
436.68079
438.14905
436.09428
436.50182
436.36314
437.35456
436.68079
437.93299
436.36314
436.36314
436.09428
437.25492
437.7927
438.36827
438.56175
436.91678
436.55614
437.13746
437.60408
436.60116
436.55614
437.00159
438.14295
438.25644
436.9315
436.1253
436.13305
435.77571
435.77049
436.13305
436.84549
436.55774
436.55774
436.60116
436.1253
436.1253
436.48798
436.68105
436.68105
436.13305
436.58435
436.84549
436.93502
437.34987
438.33671
436.73673
436.73673
437.90446
436.41786
436.41786
436.41786
437.14728
437.66356
438.27715
436.77847
438.5271
436.45219
437.01429
436.42039
437.54631
436.77847
437.90469
436.42039
436.42039
436.45219
436.924
438.09129
438.19878
436.81974
436.01006
435.98824
435.74276
435.62885
436.01006
436.61483
435.98824
436.78555
436.43822
436.43822
436.01006
436.48868
436.61483
436.05439
435.98824
436.41197
436.41197
436.78555
435.25986
435.6733
436.15112
436.48798
434.85597
434.74729
435.01169
435.63068
434.43945
434.74729
434.85597
435.76227
434.43945
434.43945
435.211
435.64304
436.08633
434.76049
436.50716
434.71421
434.44473
435.67781
435.0678
434.76049
435.72989
434.44473
434.44473
434.71421
434.71421
435.0678
435.3376
436.19121
436.28605
435.64316
434.6118
434.66792
434.66021
434.66021
434.71728
434.71728
434.6118
434.90468
434.6118
435.22197
434.90468
434.38449
434.38449
434.66792
434.66792
435.27715
435.27715
435.04542
435.04542
435.17575
435.17575
435.17575
435.66101
435.42445
435.06523
435.66101
435.9852
435.2391
434.96992
435.31899
435.03552
435.03552
435.03552
435.23629
434.8812
434.8812
435.50621
434.96992
435.20911
435.20911
435.20911
435.71628
435.54003
435.54003
435.50621
435.31899
435.42445
436.10288
434.96992
435.9852
436.77291
435.31899
435.15048
434.75752
434.75752
436.79043
435.19314
435.19314
435.2542
435.15048
434.89597
434.89597
436.22342
436.0005
434.89597
435.2391
435.51626
435.64445
435.81883
435.78514
435.78514
437.64357
435.96051
435.96051
435.81883
436.78731
435.51626
435.51626
436.82792
436.06892
436.99675
436.45236
436.45206
435.06523
435.43604
435.64445
435.43604
436.76352
437.22673
438.17354
438.10189
436.02129
436.02129
436.46417
437.26362
436.57255
436.57255
437.7796
436.26292
436.26292
436.26292
437.12404
437.67096
438.27704
436.76861
438.44392
436.33792
436.45609
437.42252
436.90698
437.24149
436.76861
437.89796
436.45609
436.45609
436.33792
436.33792
436.90698
436.85752
438.0211
438.16823
436.75651
435.99402
435.92857
435.64862
435.58617
435.58617
435.99402
436.57083
435.92857
436.65585
435.99402
436.40292
436.57083
436.47004
436.47004
435.92857
436.36292
436.36292
436.65585
435.62975
435.62975
435.62975
436.74632
436.28631
436.66339
436.74632
436.31713
436.55459
435.79069
435.69344
435.8037
435.8037
435.8037
435.97791
435.77376
435.77376
435.79069
435.75457
435.75457
435.75457
435.93215
435.70311
435.70311
435.69344
436.28631
436.575
436.69684
437.03442
436.79817
436.79817
438.62192
437.26265
437.26265
437.03442
436.575
436.575
437.75662
437.77521
437.40679
437.09157
436.31713
436.60107
436.74305
437.07727
436.93287
436.93287
438.71285
437.33782
437.33782
437.07727
437.45186
436.60107
436.60107
437.72217
436.56049
437.85151
437.1687
437.41601
437.15761
436.66339
437.12525
435.79069
435.66227
436.69684
436.74305
436.92562
437.37839
438.34492
438.22571
436.06892
436.06892
436.45236
437.39647
436.74025
436.74025
437.93971
436.42913
436.42913
436.42913
437.33348
437.87078
438.43496
438.64356
436.9713
436.56049
437.1687
437.63664
436.60486
436.56049
436.9713
438.04716
436.60486
436.60486
436.83833
436.07897
436.09213
435.69618
435.69618
435.66227
436.07897
436.66875
436.07897
436.45206
436.66875
435.19765
435.6551
436.05815
436.56131
434.83468
434.82761
435.1121
435.76087
434.52014
434.82761
434.83468
435.74178
434.52014
434.52014
435.21671
435.63531
436.0688
434.79665
436.44813
434.6935
434.4789
435.65025
434.99185
434.79665
435.73601
434.4789
434.4789
434.6935
434.6935
434.99185
435.38523
436.30574
436.34483
435.62654
434.67532
434.63702
434.68248
434.68248
434.58568
434.58568
434.63702
435.0045
434.67532
434.67532
435.26295
435.03174
435.03174
434.50706
434.50706
434.63702
435.17326
435.17326
435.0045
435.12515
435.12515
435.12515
435.68374
435.06878
435.40082
435.68374
435.91031
435.25492
434.86864
435.27903
434.95849
434.95849
434.95849
435.20829
434.7557
434.7557
435.49528
434.86864
435.19679
435.19679
435.19679
435.6521
435.47315
435.47315
435.49528
435.27903
435.91031
436.73512
435.27903
435.06878
434.93688
435.45136
435.16865
434.72222
434.72222
436.72443
435.22955
435.22955
435.17216
435.16865
434.93688
434.93688
436.27349
436.01476
435.36886
435.42768
435.25492
435.6572
435.51453
435.64435
436.03935
435.67081
435.88604
435.45136
435.6572
435.42768
435.67081
435.62533
436.39124
436.92716
437.36136
438.31188
438.12036
436.10789
436.10789
436.48311
437.2614
436.60437
436.60437
437.88866
436.28527
436.28527
436.28527
437.38995
437.87923
438.47783
437.0096
438.63168
436.53755
436.55078
437.6017
437.11133
437.0096
438.07949
436.55078
436.55078
436.53755
436.53755
437.11133
437.02685
438.15446
438.27302
436.84235
436.09405
436.12266
435.75714
435.61646
435.61646
436.09405
436.68141
436.12266
436.87547
436.09405
436.50792
436.68141
436.59909
436.59909
436.12266
436.48032
436.48032
436.87547
435.66757
435.66757
435.66757
436.76755
436.585
436.3197
436.76755
436.57567
436.30269
435.75923
435.7648
435.78906
435.78906
435.78906
435.97505
435.67246
435.67246
435.75923
435.82925
435.82925
435.82925
435.96986
435.70347
435.70347
435.7648
436.585
437.0423
435.75923
436.57567
437.07556
435.7648
437.11389
436.98509
436.98509
436.98509
438.70084
437.37728
437.37728
437.53861
437.11389
436.60058
436.60058
437.69038
437.82299
436.60058
437.46512
437.16194
436.30269
436.67135
436.85627
437.07755
436.7922
436.7922
438.64021
437.23713
437.23713
437.07755
437.2468
436.67135
436.67135
437.72231
436.44809
437.86392
437.0187
437.46144
437.20114
435.52634
436.28768
436.3197
436.79302
436.85627
436.79302
437.16194
437.20114
436.8284
437.30965
438.21392
436.39067
436.80305
438.12814
436.5467
436.04217
436.49324
437.25499
436.28058
436.04217
436.04217
436.49324
436.5467
437.81435
436.28058
436.28058
437.18277
437.68285
438.25754
436.48532
438.54401
436.85055
436.44809
437.0187
437.49438
436.42969
436.44809
436.85972
438.03179
438.11913
436.713
435.93524
435.87709
435.62533
435.52634
435.93524
436.52651
435.93524
436.39124
436.52651
435.87709
435.87709
436.28768
436.63412
436.63412
436.42996
436.42996
436.42969
435.18693
435.18693
435.18693
435.70816
435.34346
435.08835
435.70816
436.06269
435.30694
434.86248
435.43412
435.03508
435.03508
435.03508
435.28655
434.77583
434.77583
435.548
434.86248
435.23364
435.23364
435.23364
435.73984
435.60609
435.60609
435.548
435.43412
435.34346
435.95518
434.86248
436.06269
436.88337
435.43412
434.89713
434.89713
436.20285
435.84184
434.89713
435.30694
435.54608
435.73468
435.88801
435.83551
435.83551
435.98857
435.98857
437.72053
435.88801
436.81005
435.67005
435.75876
435.54608
435.54608
436.85763
436.96849
436.05693
436.44191
435.08835
435.48175
435.73468
435.48175
435.44428
435.75876
435.34736
435.44428
435.76794
436.53384
435.20598
435.20598
435.20598
435.76344
435.34402
435.10981
435.76344
436.06996
435.38952
434.8469
435.40556
434.95104
434.95104
434.95104
435.20817
434.74417
434.74417
435.60595
434.8469
435.37386
435.37386
435.37386
435.86214
435.72256
435.72256
435.60595
435.40556
435.34402
435.94001
434.8469
436.06996
436.89322
435.40556
435.12975
434.704
434.704
436.64627
435.20159
435.20159
435.12975
434.90995
434.90995
436.26317
435.94701
434.90995
435.38952
435.70318
435.76052
436.01675
435.84082
435.84082
436.08036
436.08036
437.8547
436.01675
436.88431
435.69152
435.77021
435.70318
435.70318
436.90816
437.19325
436.28817
436.65371
435.10981
435.43989
435.76052
435.43989
435.42989
435.77021
435.37053
435.42989
436.95767
437.38448
438.34314
438.23338
436.71108
436.05693
436.44191
437.36967
436.3324
436.05693
436.71108
437.93476
436.3324
436.3324
438.58048
436.82205
436.47565
437.52016
436.45425
437.14105
437.45662
436.47565
436.47565
437.14105
436.82205
437.9375
436.45425
436.45425
437.0023
438.14258
438.23968
436.84598
436.0685
436.03656
435.76794
435.60108
435.60108
436.0685
436.65429
436.03656
436.73875
436.0685
436.53384
436.65429
436.03656
436.4544
436.4544
436.73875
436.51805
436.51805
436.93973
437.34151
438.33911
436.50419
438.27309
436.70738
436.28817
436.65371
437.47641
436.3162
436.28817
436.70738
437.9568
436.3162
436.3162
437.29094
437.78122
438.41317
436.62476
438.59746
436.93284
436.54119
437.5719
436.56564
437.1018
437.46892
436.54119
436.54119
437.1018
436.93284
438.01596
436.56564
436.56564
437.05107
438.18717
438.28688
437.00873
436.15888
436.14105
435.90692
435.90692
435.85364
435.85364
436.15888
436.80466
436.15888
436.60851
436.60851
436.80466
436.14105
436.14105
436.56539
436.56539
436.84389
436.84389
436.54975
436.54975
435.65302
435.65302
435.65302
436.7611
436.60122
436.23511
436.7611
436.62575
436.27261
435.81403
435.70384
435.92312
435.92312
435.92312
436.02778
435.72702
435.72702
435.98491
435.81403
435.9157
435.9157
435.9157
436.07314
435.8448
435.8448
435.98491
435.70384
436.60122
437.11924
435.81403
436.62575
437.12067
435.70384
437.07275
436.93389
436.93389
438.72276
437.34083
437.34083
437.07275
436.56526
436.56526
437.6498
437.83254
436.56526
437.37428
437.02415
436.27261
436.6009
436.72589
437.1455
436.9771
436.9771
438.76928
437.37875
437.37875
437.1455
436.6009
436.6009
437.72005
437.88087
437.40346
437.13229
436.23511
436.64895
436.72589
436.64895
437.02415
437.13229
437.57869
437.89839
438.44169
438.60777
437.26187
437.26187
437.45309
438.02478
437.20461
437.20461
437.95667
437.02577
437.02577
437.02577
438.28731
438.71436
438.69625
437.73663
439.49526
438.26877
437.38518
438.69962
438.62237
438.95411
437.73663
438.24983
437.38518
437.38518
438.26877
438.26877
438.62237
438.09395
438.73388
438.94641
438.32178
437.39909
437.67835
437.41565
437.6102
437.6102
437.39909
437.52018
437.39909
437.82572
437.52018
437.19573
437.19573
437.67835
437.67835
438.26922
438.26922
438.06589
438.06589
437.46566
437.7723
438.32165
438.5492
437.10766
437.06925
437.30306
437.90139
436.85628
437.06925
437.10766
437.82591
436.85628
436.85628
438.38215
438.80725
438.71275
437.80004
439.46509
438.21396
437.34676
438.59211
438.61186
438.94001
437.80004
438.25102
437.34676
437.34676
438.21396
438.21396
438.61186
438.34366
437.33771
437.64072
437.45163
437.64349
437.64349
437.33771
437.38942
437.64072
437.94289
437.33771
437.80288
437.38942
437.64072
438.31739
438.31739
437.94289
439.90172
439.90172
439.90172
440.67444
439.70864
440.16569
440.67444
441.86058
441.25325
438.9621
440.98138
439.15039
439.15039
439.15039
438.75563
438.21164
438.21164
438.9621
440.0989
440.0989
440.0989
440.28488
441.11475
441.11475
440.98138
439.70864
439.4457
438.9621
441.86058
442.39191
440.98138
440.16569
439.54971
440.67145
439.97911
439.16597
439.16597
439.16597
440.70319
440.21247
440.21247
439.97911
439.54971
439.54971
440.65912
439.94437
441.12375
440.95238
443.25728
444.63849
444.63849
444.88752
443.42828
443.42828
443.25728
445.60223
442.85957
442.85957
442.7437
444.26952
444.66128
442.85957
445.25101
441.25325
440.67145
441.77306
441.77306
443.22271
439.90778
439.90778
439.90778
440.71751
439.6772
440.17629
440.71751
441.79683
441.28092
439.06868
440.91373
439.13335
439.13335
439.13335
438.68143
438.25452
438.25452
439.06868
440.04298
440.04298
440.04298
440.30271
441.08119
441.08119
440.91373
439.6772
439.51717
439.06868
441.79683
442.31115
440.91373
440.17629
439.59335
440.69998
439.98818
439.1643
439.1643
439.1643
440.63706
440.16895
440.16895
439.98818
439.59335
439.59335
440.56083
439.90044
441.01421
440.94196
443.17718
444.54152
444.54152
444.82237
443.31275
443.31275
443.17718
445.62943
442.84824
442.84824
442.68106
444.18517
444.60434
442.84824
445.20958
442.04792
441.97571
441.28092
440.69998
441.78115
441.78115
440.94196
441.97571
443.1133
447.88749
448.26027
449.07786
446.66639
447.44335
446.73035
444.66128
445.25101
445.88455
446.81756
444.66128
447.44335
448.62768
446.81756
446.81756
447.9164
448.26544
449.07838
446.64651
447.49177
444.60434
445.20958
445.84234
446.87241
444.60434
447.49177
448.63297
446.87241
446.87241
445.2357
446.39664
446.37092
444.19706
445.124
444.13026
445.03735
444.19706
444.19706
443.22271
445.124
444.13026
444.13026
443.1133
445.03735
446.99976
446.99976
437.26402
437.26402
437.26402
437.51345
437.66004
437.16012
437.51345
437.635
437.19427
437.15096
437.19316
437.29371
437.29371
437.29371
438.04309
437.42804
437.42804
437.97172
437.15096
437.27209
437.27209
437.27209
438.03297
437.46587
437.46587
437.97172
437.19316
437.66004
438.31812
437.15096
437.635
438.36995
437.19316
437.16012
437.09471
437.64126
437.33572
436.79743
436.79743
436.79743
438.68004
437.4404
437.4404
437.33572
437.09471
437.09471
438.32455
438.17226
437.6207
437.72333
437.4518
436.92471
436.92471
436.92471
437.54382
437.54382
438.75711
437.4518
437.63671
437.64815
437.74939
437.26074
437.26074
438.31745
438.29518
437.24767
437.26074
437.43773
437.64126
437.78923
437.19427
437.78923
437.86681
437.67412
437.99308
438.56943
438.72318
437.33102
437.24767
437.43773
438.11245
437.10195
437.24767
437.33102
438.08263
437.10195
437.10195
438.27568
438.68537
438.64818
439.47213
437.72977
438.34505
438.749
437.34018
438.56966
438.81178
438.34505
438.34505
438.56966
437.72977
438.26251
437.34018
437.34018
438.11299
438.69711
438.9691
438.38339
437.34764
437.74383
437.46298
437.46298
437.72662
437.72662
437.34764
437.47884
437.74383
438.16845
437.34764
437.86681
437.47884
437.74383
438.46448
438.46448
438.16845
437.14213
437.14213
440.12451
440.12451
440.12451
440.85511
439.86425
440.31801
440.85511
441.94444
441.3532
439.15448
441.08873
439.22628
439.22628
439.22628
438.75217
438.30847
438.30847
439.15448
440.26255
440.26255
440.26255
440.36532
441.18691
441.18691
441.08873
439.86425
439.61846
439.15448
441.94444
442.43471
441.08873
440.04711
439.08955
439.08955
439.08955
440.7487
440.24848
440.24848
440.04711
439.67066
439.67066
440.7958
440.01193
439.67066
441.18732
441.08578
443.30995
444.67232
444.67232
443.45444
443.45444
444.9419
443.30995
445.69852
442.24064
442.13799
442.90946
442.90946
442.79294
444.32126
444.70502
442.90946
445.31795
440.31801
440.8072
441.88017
441.3532
440.8072
441.88017
441.08578
442.13799
443.22484
447.89424
448.27668
449.07884
446.71628
447.45624
444.70502
445.31795
445.94466
446.8824
444.70502
447.45624
448.62941
446.8824
446.8824
447.87682
448.25634
449.04616
446.6531
447.43709
446.70789
444.53178
445.84221
446.77633
445.18613
444.53178
444.53178
445.18613
447.43709
448.60231
446.77633
446.77633
445.24635
446.45253
446.40042
443.38953
444.20814
444.10302
442.22181
442.22181
442.19107
442.19107
444.10302
445.0373
444.20814
444.20814
443.22484
445.14898
445.14898
444.10302
443.21116
443.21116
445.0373
447.01029
447.01029
439.83199
439.83199
439.83199
440.66798
439.8217
440.28603
440.66798
441.82538
441.27436
438.94966
440.93723
439.13517
439.13517
439.13517
438.80358
438.28939
438.28939
439.55699
438.94966
440.08988
440.08988
440.08988
440.31246
441.08911
441.08911
439.55699
440.93723
439.8217
439.54919
438.94966
441.82538
442.37847
440.93723
440.28603
439.59887
440.76206
439.98012
439.06046
439.06046
440.71667
440.16365
440.16365
439.98012
439.59887
439.59887
440.82146
439.98639
443.18175
444.51241
444.51241
444.51241
444.85426
443.3038
443.3038
445.60341
443.18175
442.83704
442.83704
442.74629
444.23627
442.83704
442.05804
441.98465
441.27436
440.76206
441.78602
441.78602
440.93551
441.98465
441.04153
440.93551
437.1228
437.1228
437.1228
437.46054
437.69965
437.24024
437.46054
437.64104
437.16115
437.05284
437.12009
437.09517
437.09517
437.09517
438.02927
437.43519
437.43519
437.05284
437.11149
437.11149
437.11149
438.06719
437.44993
437.44993
437.12009
437.69965
438.27874
437.05284
437.64104
438.28582
437.12009
437.40916
436.91519
436.91519
438.8104
437.46608
437.46608
437.68062
437.40916
437.27207
437.27207
438.44547
438.35828
437.27207
437.65138
437.74435
437.34521
436.83346
436.83346
436.83346
437.42758
437.42758
438.66699
437.34521
437.46176
437.63936
437.71617
437.05929
437.05929
438.31473
438.17576
437.12817
437.05929
437.26027
437.24024
437.67161
437.63192
437.16115
437.67161
437.63192
437.55774
437.25787
437.66752
437.39684
437.75609
438.25786
437.03375
437.03375
437.76746
436.874
436.874
436.874
438.19908
438.61822
438.55178
436.75719
439.43748
437.62572
438.13228
438.56902
437.17028
438.54671
438.13228
438.13228
438.54671
438.19435
437.2434
437.56337
437.25787
437.50729
437.50729
437.2434
437.38899
437.56337
437.91812
437.2434
437.66752
437.38899
437.12817
437.56337
438.30134
438.30134
437.91812
439.93191
439.93191
439.93191
440.79956
439.82683
440.28841
440.79956
441.87479
441.36761
439.09248
440.95497
439.19492
439.19492
439.19492
438.87171
438.3893
438.3893
439.09248
440.05199
440.05199
440.05199
440.28344
441.05817
441.05817
440.95497
439.82683
439.60994
439.09248
441.87479
442.33053
440.95497
439.97946
439.1202
439.1202
439.1202
440.68023
440.15722
440.15722
439.97946
439.61489
439.61489
440.73224
440.0029
439.61489
440.9888
440.90281
441.36761
442.86377
441.79893
443.18465
444.51594
444.51594
443.31854
443.31854
444.87333
443.18465
445.61737
442.86377
442.86377
442.81214
444.2995
444.59406
445.21268
440.28841
440.71146
441.79893
440.71146
440.90281
441.95376
442.03473
441.95376
442.09202
443.09217
447.86667
448.24169
449.03278
446.65855
447.42695
444.59406
445.21268
445.86233
446.80416
444.59406
447.42695
448.59637
446.80416
446.80416
447.9033
448.27007
449.09231
446.68698
447.49044
444.64883
445.86812
446.86171
445.26948
444.64883
444.64883
445.26948
447.49044
448.6422
446.86171
446.86171
445.22997
446.39151
446.3889
443.29538
444.10014
444.10651
442.09202
442.12191
442.12191
444.10014
445.02543
444.10651
445.01024
444.10014
443.09217
445.02543
444.10651
443.12389
443.12389
445.01024
447.01188
447.01188
439.78478
439.78478
439.78478
440.69177
439.66458
440.19974
440.69177
441.93801
441.36061
439.02689
440.93829
438.98235
438.98235
438.98235
438.6917
438.19604
438.19604
439.38833
439.02689
439.90798
439.90798
439.90798
440.22426
441.01962
441.01962
439.38833
440.93829
439.66458
439.52664
439.02689
441.93801
442.32548
440.93829
440.19974
439.53086
440.70403
439.916
439.05504
439.05504
440.6435
440.1346
440.1346
438.85047
439.916
439.53086
439.53086
440.55181
439.88402
441.36061
442.88907
441.8141
442.88907
442.88907
442.8086
444.3045
442.07843
443.31508
441.99501
443.21375
440.70403
441.8141
440.90006
441.99501
441.02706
440.90006
437.43004
437.79345
438.33865
437.55861
437.09318
438.57582
437.15008
436.99312
438.03103
437.38685
437.09318
437.85851
436.99312
436.99312
437.15008
437.15008
437.38685
438.31532
438.6898
438.66573
437.78154
437.78154
438.30015
437.40284
437.40284
437.40284
439.56133
438.29685
438.29685
438.29685
438.67893
438.74431
438.74431
438.03945
438.67547
438.88595
437.32875
437.50127
437.12946
437.12946
437.32875
437.32875
437.88605
437.88605
437.50127
437.477
437.85208
438.35948
437.70768
437.05862
438.46428
437.18239
436.895
437.92363
437.37313
437.05862
437.89886
436.895
436.895
437.18239
437.18239
437.37313
438.36754
438.70158
438.65722
436.77262
439.04341
437.7956
437.7956
438.27341
437.36947
437.36947
437.36947
439.56036
438.24829
438.24829
438.24829
438.68027
438.71097
438.71097
438.03663
438.60935
438.92648
437.30789
437.43392
437.08496
437.08496
437.30789
437.30789
437.84764
437.84764
437.43392
437.60043
437.60043
437.60043
438.30848
438.30848
438.06064
438.06064
437.09042
437.09042
437.09042
437.44124
437.63314
437.29378
437.44124
437.54207
437.22601
437.18846
437.1125
437.13849
437.13849
437.13849
438.00823
437.52937
437.52937
437.18846
437.0665
437.0665
437.0665
438.01424
437.4411
437.4411
437.1125
437.63314
438.39188
437.18846
437.54207
438.31449
437.1125
437.29378
437.23536
437.76967
437.36241
436.88874
436.88874
437.43649
437.43649
438.81209
437.36241
437.61171
437.71751
437.23536
437.23536
438.35267
438.29689
437.22601
437.24741
437.76785
437.46048
436.99347
436.99347
437.56819
437.56819
438.75992
437.46048
437.61738
437.74624
437.24741
437.24741
438.27662
438.23564
437.76967
437.76785
437.46296
437.45916
447.90077
448.25596
449.07158
447.47331
446.70201
444.63734
446.82464
445.88616
445.31335
447.47331
448.62392
446.82464
446.82464
444.63734
444.63734
445.31335
447.85827
448.24668
449.04763
447.45025
447.45025
448.63243
446.87824
446.87824
446.87824
446.6672
444.68316
444.68316
444.68316
445.89329
445.21641
445.21641
443.31097
444.13123
444.14132
442.11189
442.11189
442.112
442.112
444.13123
445.06666
444.13123
443.1293
443.1293
445.06666
444.14132
444.14132
443.17778
443.17778
445.08908
445.08908
439.90806
439.90806
439.90806
440.74474
439.80556
440.31513
440.74474
441.84346
441.3674
439.04944
440.90386
439.10092
439.10092
439.10092
438.7616
438.33428
438.33428
439.37515
439.04944
439.99194
439.99194
439.99194
440.20825
441.01868
441.01868
439.37515
440.90386
439.80556
439.51626
439.04944
441.84346
442.28833
440.90386
440.31513
439.73965
440.86089
440.05904
439.13807
439.13807
440.18737
440.18737
440.77032
439.02681
440.05904
441.06353
441.03231
439.73965
439.73965
440.79949
440.15215
443.23174
444.58537
444.58537
444.58537
443.31144
443.31144
444.90342
445.71261
443.23174
442.06973
442.0371
442.95322
442.95322
442.82291
444.33957
442.95322
440.86089
441.90065
441.3674
441.90065
441.03231
442.0371
437.66275
439.84197
439.84197
439.84197
440.66877
439.67923
440.1706
440.66877
441.77817
441.20171
438.94934
440.95197
439.00294
439.00294
439.00294
438.69566
438.19107
438.19107
439.39812
438.94934
439.98306
439.98306
439.98306
440.23849
441.03925
441.03925
439.39812
440.95197
439.67923
439.48414
438.94934
441.77817
442.31973
440.95197
440.1706
439.57516
440.66351
440.00691
439.15014
439.15014
439.15014
440.17811
440.17811
440.78356
440.00691
441.05577
440.93986
439.57516
439.57516
440.65263
440.02414
441.20171
442.73892
441.71283
443.13937
444.51778
444.51778
443.30507
443.30507
444.8316
445.58466
443.13937
442.06949
441.95358
442.73892
442.73892
442.67354
444.2312
440.66351
441.71283
440.93986
441.95358
437.68218
435.84119
434.71335
446.73035
446.73035
446.97759
446.97759
445.89421
445.60223
446.70789
446.70789
446.96276
446.96276
445.86359
445.60341
444.53644
434.99534
434.99534
434.99534
434.99229
434.99229
434.99229
434.8025
434.8025
434.8025
434.94937
434.94937
434.94937
434.95283
434.95283
434.95283
434.73881
434.73881
434.73881
434.99213
434.99213
434.99213
434.98401
434.98401
434.98401
434.82429
434.82429
434.82429
437.02324
436.39067
436.67067
437.16839
436.48532
436.78111
434.9769
434.9769
434.9769
435.02699
435.02699
435.02699
434.81912
434.81912
434.81912
437.05577
436.50419
436.75847
437.26587
436.62476
436.91593
438.00615
438.00615
438.00615
438.58178
438.58178
438.58178
438.59063
438.59063
438.59063
437.89363
437.89363
437.89363
438.56481
438.56481
438.56481
438.5587
438.5587
438.5587
437.64802
436.75719
437.20107
438.01061
438.01061
438.01061
438.51862
438.51862
438.51862
438.4876
438.4876
438.4876
437.68395
436.77262
437.25218
438.01371
438.01371
438.01371
438.55496
438.55496
438.55496
438.50893
438.50893
438.50893
435.01953
435.01953
435.01953
435.25257
434.86381
434.86381
435.50647
438.39844
437.55774
437.79532
437.79532
435.38067
435.63438
435.29432
434.39862
434.39862
436.21376
436.21799
436.91678
438.00995
436.60116
438.2183
436.05439
436.48727
437.37563
435.34506
435.40915
435.40915
435.67046
435.62771
435.67046
436.55459
437.10079
435.69344
436.52686
437.09157
437.15761
436.09213
436.82785
436.09213
436.52686
436.82785
437.02223
436.53187
436.53187
438.14737
438.27343
435.40082
435.96513
434.86864
435.88604
435.84119
435.84119
437.71888
436.03935
435.51453
435.51453
436.72974
436.98748
436.85055
437.88725
436.42969
435.12696
434.71335
434.71335
436.58563
435.18062
435.18062
435.12641
435.12696
437.18442
437.7069
438.33484
438.02066
438.58807
438.82134
436.96892
436.96892
442.17052
442.0177
440.95238
442.0177
443.31167
442.15066
442.15066
442.06927
442.06927
437.72333
437.74939
437.74435
437.71617
438.49924
437.12817
437.26027
437.90831
437.62572
438.17899
437.17028
437.17028
437.98832
438.58769
438.79353
436.92374
436.92374
445.64101
443.21375
444.53644
444.53644
444.8761
443.31508
438.26903
437.59946
437.46296
437.66275
437.59946
437.92227
437.59946
438.31924
438.31924
437.92227
438.32215
437.45916
437.68218
437.71751
437.74624
445.22375
447.05968
447.05968
446.38263
446.42141
434.8376
434.8376
435.09248
435.09248
434.97893
434.97893
434.7947
434.7947
435.04855
435.04855
434.99723
434.99723
435.10989
435.10989
435.06445
435.06445
434.84047
434.84047
435.03281
435.03281
435.11153
435.11153
438.02598
438.02598
438.01314
438.01314
439.35536
439.35536
437.99059
437.99059
438.01285
438.01285
439.41827
439.41827
438.08775
438.08775
438.03067
438.03067
439.30955
439.30955
438.05362
438.05362
438.01646
438.01646
439.35252
439.35252
434.79954
434.79954
)
;
        refGradient     uniform 0;
        valueFraction   nonuniform List<scalar> 
4872
(
0.95361326
0.9536271
0.95363894
0.95365204
0.95363172
0.95362024
0.95365336
0.95361272
0.95363565
0.95358701
0.95359898
0.95360933
0.95362405
0.95359887
0.95358313
0.95366671
0.95360765
0.95359172
0.95362162
0.95359119
0.95365825
0.95359822
0.95365974
0.95361844
0.98179751
0.95404772
0.98058663
0.95257156
0.93435103
0.98161155
0.95351388
0.9818972
0.9538633
0.93511969
0.98086242
0.95682492
0.98133397
0.95412343
0.93444757
0.98160254
0.98134064
0.98180253
0.98185499
0.98152348
0.98151548
0.98166875
0.98189034
0.98134684
0.98038541
0.98216142
0.98134876
0.98131758
0.98181799
0.98197961
0.98057576
0.98136266
0.98205157
0.95132316
0.95298894
0.9345913
0.95389429
0.95297839
0.93451985
0.95369349
0.9532377
0.93501528
0.95490984
0.95248823
0.93614801
0.95356664
0.95155964
0.93317023
0.98147323
0.9528216
0.98190616
0.95388915
0.93419896
0.98159991
0.98187437
0.95348952
0.95274827
0.93503664
0.95449133
0.95295856
0.93420272
0.98170142
0.95424301
0.98165023
0.95244472
0.93410655
0.98182577
0.95425475
0.9809455
0.95358404
0.93399284
0.98141773
0.95455917
0.98191683
0.95222154
0.93471735
0.98135407
0.9813093
0.9815406
0.98168803
0.95286509
0.9538804
0.93534415
0.95453735
0.95487249
0.93469962
0.98141214
0.95406692
0.98154821
0.95469173
0.93380849
0.98177636
0.9535958
0.9808634
0.95448269
0.93473224
0.97993814
0.95446821
0.98193815
0.95352258
0.93535675
0.9821712
0.95389851
0.98200064
0.95387977
0.9340262
0.9814889
0.95390048
0.981061
0.95591572
0.93501066
0.95515683
0.95473193
0.93448441
0.95279758
0.95353348
0.93598064
0.95593607
0.95433646
0.93572008
0.94646115
0.92762207
0.94936977
0.94642185
0.92857641
0.9498447
0.92483586
0.95560073
0.92321827
0.95484115
0.96712998
0.94844414
0.97812793
0.96670194
0.94696189
0.97811147
0.97524094
0.97546428
0.95196108
0.95197875
0.94570302
0.92810876
0.94792257
0.94609815
0.92877675
0.94829947
0.9261368
0.95429672
0.92634197
0.95395426
0.96702932
0.94838414
0.97743782
0.97609406
0.9753793
0.95100598
0.9507549
0.96705374
0.9485804
0.97747238
0.95579151
0.94787985
0.94752508
0.90261731
0.96600627
0.90503503
0.96590998
0.95801633
0.95897953
0.98525929
0.90379749
0.8994035
0.94747797
0.92851411
0.95002966
0.94802034
0.92944571
0.94990255
0.92801825
0.95445248
0.92465197
0.95409166
0.97366518
0.97581153
0.95130453
0.9511549
0.96731075
0.94752155
0.977788
0.96627039
0.94907283
0.978444
0.95426206
0.94659222
0.94674205
0.90183731
0.964913
0.90171408
0.96590313
0.95812525
0.95730302
0.9841596
0.90064444
0.89697059
0.95475633
0.94764687
0.94857964
0.90782363
0.965859
0.90466359
0.96611675
0.95961136
0.95912728
0.98484038
0.89797727
0.89634636
0.94671044
0.9279538
0.95023387
0.94637715
0.92829582
0.94875378
0.92546915
0.9540543
0.92535138
0.9547712
0.96631839
0.94946345
0.97758427
0.96720783
0.94803109
0.97818407
0.97668883
0.97339491
0.95155108
0.95165674
0.94803574
0.92929946
0.94803804
0.94697549
0.92846591
0.94972259
0.92365442
0.95449696
0.92611057
0.95445454
0.96771601
0.95025962
0.97881049
0.96693643
0.95051565
0.97889508
0.97513577
0.97681838
0.95122832
0.95076339
0.95385947
0.90121293
0.96553045
0.90167484
0.96531568
0.95971405
0.95840471
0.98451962
0.89617649
0.89587145
0.94838684
0.92989243
0.9503897
0.94645368
0.92807115
0.94965864
0.92264966
0.95508154
0.92208628
0.95547124
0.96723078
0.95209594
0.97849789
0.967702
0.95034697
0.97905376
0.97487855
0.9758649
0.95115983
0.95088742
0.95547121
0.90401653
0.96478321
0.90080002
0.96530255
0.96150393
0.95636959
0.98435684
0.89991519
0.89524824
0.95564196
0.90319811
0.96556121
0.90065361
0.96566745
0.9587977
0.95858596
0.98492713
0.89845946
0.89717325
0.95480496
0.94462619
0.90481751
0.96648286
0.90509257
0.96601167
0.95888927
0.95509321
0.89694785
0.9852893
0.90108217
0.92872552
0.94911769
0.94792473
0.92870257
0.94919304
0.92286768
0.95390345
0.92908203
0.95358758
0.96710536
0.9500677
0.97752736
0.96795388
0.95058698
0.97813322
0.97576716
0.97542363
0.95095434
0.95107059
0.95399816
0.94763467
0.90044567
0.96524099
0.90419242
0.96480937
0.95780015
0.95722292
0.90071726
0.9840959
0.89719811
0.92946187
0.94942652
0.94853417
0.92921511
0.94933264
0.93016294
0.95274645
0.92454908
0.95373077
0.96747591
0.94820088
0.9773152
0.96717174
0.95140328
0.97846111
0.97629328
0.97573664
0.95120778
0.95101056
0.95515059
0.90277125
0.96583994
0.90112915
0.96560766
0.95898053
0.95749046
0.89548935
0.89635221
0.98504392
0.95601173
0.94694761
0.90026346
0.9655638
0.90241311
0.96525805
0.95711444
0.95884442
0.90109732
0.98444225
0.90155576
0.92852879
0.94973147
0.94662988
0.92800667
0.94889324
0.92603214
0.9537248
0.92122209
0.95561123
0.96736358
0.94775193
0.97772729
0.97529174
0.97627281
0.95079202
0.95091112
0.96739522
0.95112626
0.97855091
0.95362515
0.94918452
0.90299152
0.96555311
0.90057414
0.96571508
0.95941802
0.95990485
0.89736777
0.9850751
0.89675519
0.93023833
0.95034032
0.94744316
0.92946588
0.95011925
0.92492923
0.95469466
0.92624351
0.95555666
0.96724351
0.94846414
0.97860415
0.96655878
0.94960304
0.97811997
0.97550502
0.97322615
0.9513955
0.95113824
0.95562063
0.90239659
0.96598992
0.9010986
0.9653749
0.95849488
0.95868105
0.89820127
0.89587517
0.98488843
0.9276874
0.94836648
0.94605646
0.92750197
0.94989852
0.922775
0.95464234
0.92418812
0.95474472
0.96710787
0.94926081
0.97871758
0.97536235
0.97542307
0.950913
0.95085037
0.96769385
0.95068928
0.97804402
0.92801033
0.94852042
0.94740312
0.92860262
0.95095062
0.92556461
0.95454909
0.92519753
0.95418391
0.96724678
0.94932321
0.9786844
0.97687721
0.97536703
0.95099833
0.95117585
0.96710821
0.94807898
0.97821075
0.95570126
0.94794707
0.90242475
0.96578825
0.90464297
0.96534452
0.95679401
0.96005568
0.89890451
0.89867524
0.98482765
0.95539267
0.94721366
0.90473173
0.96584635
0.90161522
0.96559008
0.95786059
0.95443089
0.90380303
0.90072576
0.98475711
0.92830711
0.95031588
0.92917909
0.95053476
0.92374456
0.95539617
0.92493479
0.95473272
0.96704448
0.94920448
0.97862605
0.96673307
0.94673321
0.9779097
0.97548553
0.97542604
0.95086295
0.95091939
0.95404025
0.94491421
0.90215289
0.96571755
0.90337353
0.96542345
0.95828127
0.95804976
0.89969377
0.98476095
0.90121998
0.95459748
0.94574798
0.90455329
0.96593507
0.90400734
0.96593268
0.95559171
0.95924844
0.90159708
0.98506556
0.89540621
0.92796849
0.95086496
0.94572458
0.92775565
0.94827596
0.92663102
0.95440192
0.92646716
0.95413559
0.96704875
0.94752369
0.97776788
0.97626545
0.97427595
0.95126825
0.95135436
0.96760301
0.94953294
0.9783868
0.92746846
0.94766702
0.94903269
0.929887
0.95042435
0.9234058
0.9542173
0.92365237
0.95416698
0.96728947
0.94981869
0.97832148
0.97477996
0.97666232
0.95099866
0.9507471
0.96673453
0.94939558
0.97861961
0.95520295
0.90262452
0.96553462
0.90357136
0.96522956
0.95817484
0.95931675
0.89880667
0.89835955
0.98472507
0.9282959
0.94969313
0.94838948
0.93103646
0.94910389
0.92381382
0.95538505
0.92238416
0.955119
0.97522225
0.97495426
0.95139664
0.9508102
0.96777617
0.94839422
0.9785363
0.96749892
0.95213794
0.97844222
0.95435255
0.94754674
0.90110697
0.96539272
0.90464812
0.96585962
0.95789916
0.95786302
0.89832658
0.90069986
0.98488759
0.92795362
0.94974899
0.94661165
0.92819788
0.9493439
0.92751191
0.95426041
0.92533397
0.95534579
0.96715636
0.94835651
0.97815222
0.97356241
0.97517114
0.95200078
0.95175614
0.96764535
0.94740571
0.97805332
0.95601159
0.94811294
0.90811217
0.96536082
0.90062475
0.96550335
0.95967846
0.95662162
0.89957553
0.89852811
0.98442998
0.9283882
0.94850546
0.92877767
0.94933451
0.93105375
0.95313749
0.92697999
0.95372884
0.96820635
0.94551077
0.97702999
0.97526733
0.97307832
0.9510157
0.95086305
0.96760763
0.95084606
0.97817243
0.92806309
0.94994172
0.94866579
0.93102356
0.952121
0.92848839
0.95370328
0.92857097
0.95451729
0.97568636
0.97517137
0.9511593
0.95058175
0.96857889
0.94860287
0.97843011
0.96776129
0.94815167
0.97646202
0.95327749
0.94637709
0.90053869
0.96624554
0.90042076
0.96561085
0.95721663
0.95575223
0.89432137
0.89488435
0.98511267
0.92928705
0.94923311
0.94740589
0.92834835
0.94990611
0.92555065
0.95486367
0.92840334
0.95569773
0.97458093
0.97634134
0.95092429
0.9510533
0.96665831
0.9490678
0.97810641
0.96794361
0.94966672
0.97885253
0.95459387
0.94648475
0.90274773
0.96595451
0.90690907
0.96561124
0.95899749
0.95826061
0.89625589
0.89646824
0.98497769
0.92854746
0.9491605
0.92766948
0.94795896
0.92466862
0.95464646
0.92900463
0.95534162
0.97540721
0.97547567
0.95112685
0.95109045
0.96834942
0.95119412
0.97909009
0.96801978
0.94821466
0.97806353
0.95234648
0.9459302
0.94878797
0.90394915
0.96547963
0.90354379
0.96534152
0.95788595
0.95782953
0.98461396
0.89880224
0.89951622
0.95377077
0.94729521
0.94633571
0.90184756
0.96649637
0.90107499
0.96598414
0.95928996
0.95853559
0.98525726
0.89552865
0.89775513
0.92854986
0.94789779
0.92924067
0.94939398
0.92188971
0.95482245
0.92512041
0.95476517
0.97578577
0.97517327
0.95111389
0.95096409
0.96795199
0.9510541
0.97868318
0.96705268
0.94990166
0.97837035
0.955378
0.94645494
0.94500028
0.90557719
0.96569935
0.90327965
0.96533527
0.95802953
0.96017232
0.98392393
0.89855881
0.89593259
0.93232437
0.95097708
0.92875035
0.95035429
0.92958175
0.95486691
0.92873408
0.95362442
0.97523331
0.97388872
0.95105501
0.95089409
0.96715429
0.94675916
0.97787637
0.9684624
0.94982187
0.97809074
0.9284713
0.9493943
0.92836275
0.94919086
0.92339864
0.953852
0.92156466
0.9559611
0.97461594
0.97577506
0.95090495
0.95102146
0.96684259
0.94962703
0.97779812
0.96604881
0.95016226
0.97764893
0.95692808
0.95694684
0.96145945
0.95693369
0.95691047
0.96122579
0.95686361
0.95694095
0.9612899
0.95692959
0.95694468
0.96152894
0.95693442
0.95689843
0.96144898
0.95692281
0.95689553
0.9615305
0.95688765
0.95691378
0.96116919
0.95685451
0.95689663
0.9611873
0.95689578
0.95688636
0.96117747
0.95679429
0.95686379
0.96097757
0.95687326
0.95687926
0.96117366
0.95688792
0.95689038
0.96120998
0.95686481
0.95684155
0.96069094
0.95689621
0.95689444
0.96120073
0.95685744
0.9568256
0.96131586
0.95693112
0.95690858
0.96118041
0.95687649
0.95689731
0.96138375
0.95685601
0.956868
0.96127114
0.95690778
0.95691242
0.96142134
0.95682282
0.95682692
0.96115932
0.95688682
0.95692461
0.96128423
0.9568461
0.95691905
0.96104425
0.95694567
0.95696699
0.96126379
0.95686317
0.95690215
0.96128553
0.98638324
0.98527271
0.98600455
0.97219724
0.95230707
0.98020218
0.95902563
0.93907935
0.9550237
0.98720764
0.97226015
0.95196688
0.98075732
0.95967824
0.93838667
0.95348175
0.92017338
0.91700132
0.98550227
0.98689039
0.97064272
0.95175539
0.980716
0.95947747
0.93847919
0.95382599
0.98702886
0.97285037
0.95301273
0.9806815
0.960225
0.93721025
0.9527082
0.98649847
0.97074261
0.95044163
0.98033955
0.95906264
0.93953282
0.95422959
0.9857586
0.96961521
0.95151138
0.97917838
0.95759957
0.94117383
0.95460703
0.98582481
0.91559193
0.91685916
0.98469301
0.98533934
0.98482534
0.9698414
0.95433273
0.97849929
0.95730065
0.94077665
0.95475029
0.98700248
0.97170686
0.95109609
0.98049436
0.96027108
0.93831896
0.95277627
0.91511396
0.91879174
0.98688447
0.98580525
0.98711791
0.9723203
0.95433697
0.98066619
0.95961119
0.93892728
0.95418387
0.98662884
0.97185129
0.95175705
0.98049219
0.95947297
0.93828095
0.95394838
0.98617364
0.97126381
0.95073306
0.98024823
0.95962668
0.93860031
0.95485244
0.98684104
0.97238312
0.95454027
0.98010547
0.9586091
0.93870426
0.95497384
0.97237908
0.98741488
0.95130966
0.98091549
0.96053906
0.93819138
0.95349327
0.98701695
0.97147263
0.95216551
0.98060548
0.95957736
0.93791439
0.95317292
0.98598243
0.98669504
0.97246187
0.98674541
0.95221428
0.98059022
0.96062313
0.93916279
0.95363899
0.98647455
0.97094766
0.95234964
0.98005588
0.9589607
0.93856286
0.95375811
0.91663534
0.91690256
0.98596735
0.98578871
0.97262553
0.98663997
0.95081186
0.98016716
0.95987337
0.93951914
0.95416216
0.97092267
0.9857915
0.9542296
0.97909371
0.95810125
0.94038345
0.95469339
0.97329126
0.98734635
0.94926104
0.98073109
0.96041034
0.93862028
0.9532241
0.98609743
0.97184534
0.95360541
0.97966311
0.95935052
0.93993844
0.95364158
0.98523994
0.97204317
0.98607911
0.95311091
0.97977644
0.96031772
0.93932771
0.95465324
0.98656021
0.97160697
0.9528087
0.98019823
0.95880093
0.93997576
0.95468041
0.91444194
0.91763876
0.98660931
0.97197867
0.98684602
0.95011049
0.98051262
0.95928877
0.93933908
0.95500841
0.97226527
0.9869518
0.95406234
0.98052416
0.95979149
0.93801535
0.95283938
0.98644263
0.98541252
0.9846887
0.97178753
0.98622753
0.95166879
0.9802076
0.95946898
0.93869108
0.95375364
0.97292671
0.98653831
0.95328208
0.98053722
0.95996456
0.93808826
0.95319899
0.971845
0.98676074
0.95208545
0.98062833
0.95949372
0.93875551
0.95410818
0.97261952
0.98722504
0.95298459
0.9812921
0.96041128
0.93654306
0.95322233
0.98581369
0.98337966
0.9726768
0.98724102
0.9531019
0.98108456
0.96106767
0.93895631
0.95412576
0.98685614
0.97218121
0.95030026
0.9806686
0.95980564
0.93667593
0.95298117
0.97319679
0.98757072
0.95350379
0.98056545
0.95946342
0.93834983
0.95241634
0.98603989
0.96897855
0.95232229
0.97953104
0.95820163
0.94084337
0.95504144
0.9177632
0.91543861
0.98545064
0.91700606
0.9173186
0.98615061
0.97071678
0.9868754
0.95029322
0.9808186
0.95922622
0.93823748
0.95389074
0.97115853
0.98539679
0.95280577
0.97904506
0.95825743
0.94058284
0.95477897
0.97262044
0.98737563
0.95346405
0.98088522
0.96027588
0.93746361
0.95326586
0.91775072
0.91879753
0.98630386
0.97326616
0.98751126
0.95145473
0.98127878
0.96041182
0.93716263
0.95288548
0.98527111
0.91693081
0.91647811
0.98557257
0.97122519
0.98644638
0.95192556
0.98020224
0.95936766
0.93833534
0.95392773
0.97299382
0.98722735
0.95305617
0.98111705
0.95998888
0.93752005
0.95359062
0.92030899
0.91649365
0.98502447
0.97237279
0.98668335
0.95207706
0.98012349
0.9593958
0.93985178
0.95469546
0.9717356
0.98661078
0.95177509
0.98042087
0.95978711
0.93847554
0.95380434
0.98599959
0.98636871
0.97133188
0.94959789
0.98057443
0.95955602
0.93769225
0.9529993
0.9864869
0.97157151
0.95195875
0.98040825
0.96055675
0.93900606
0.95427981
0.98722836
0.97182049
0.95261098
0.98112898
0.96002255
0.93742329
0.95415064
0.9861122
0.97072799
0.95202643
0.98026852
0.95954938
0.93864809
0.95401677
0.91587271
0.91633577
0.98546966
0.98375331
0.98673497
0.97306677
0.95282906
0.97999532
0.95990148
0.93724087
0.95276563
0.9870087
0.9724757
0.95394749
0.9804473
0.9600447
0.93812339
0.95287946
0.98588642
0.98639568
0.98153117
0.98119004
0.98182868
0.96500496
0.95098481
0.9879192
0.96804514
0.97303094
0.96483529
0.95275571
0.98688896
0.96614192
0.97298938
0.95078645
0.86100569
0.95118094
0.86139579
0.98674921
0.96452008
0.9512898
0.98785379
0.96925491
0.97208042
0.96467562
0.9517725
0.9878604
0.96795321
0.97224618
0.94904247
0.8649859
0.95225705
0.86524707
0.98581974
0.96432839
0.94755447
0.98658608
0.96958324
0.97194739
0.96482068
0.95539324
0.9875726
0.96774191
0.97268863
0.94660183
0.86122584
0.95083479
0.8647631
0.98597056
0.96494472
0.98801749
0.9731834
0.96465572
0.98746246
0.97206052
0.96499841
0.98759698
0.97317472
0.98636932
0.96491357
0.98747055
0.97318651
0.96487042
0.98685344
0.97334891
0.96491706
0.98761094
0.97263165
0.96480509
0.98768618
0.9723887
0.9646524
0.98713168
0.97261208
0.96463992
0.98671466
0.97262029
0.98643554
0.96509141
0.98773098
0.97292759
0.96484286
0.9874982
0.97278238
0.96465144
0.98670509
0.97190292
0.96507526
0.98777272
0.97255359
0.9855602
0.96497975
0.98752715
0.97249127
0.96484027
0.98643765
0.97243346
0.96489182
0.98707904
0.97280835
0.96496977
0.98764055
0.97195503
0.98587066
0.95109194
0.96591376
0.94912509
0.96752524
0.95463928
0.86177084
0.95118124
0.86248648
0.98647688
0.9461429
0.96836883
0.95618932
0.96812969
0.94455766
0.86339172
0.95376876
0.8671244
0.94936185
0.96746577
0.94900539
0.96925549
0.95175852
0.86314221
0.95017462
0.86389425
0.98186881
0.98199758
0.98166757
0.94694413
0.96839605
0.95261493
0.96605354
0.9517456
0.86439313
0.95479684
0.86679897
0.95243197
0.96598368
0.95255753
0.96724154
0.95366003
0.86322178
0.94673104
0.86295872
0.9860517
0.96494414
0.95162987
0.98739604
0.96826841
0.97217613
0.96498201
0.9518955
0.98738687
0.96811793
0.97185616
0.94887339
0.86310982
0.95135002
0.86591521
0.98571293
0.96471713
0.98755645
0.97263401
0.96501024
0.98766071
0.97277101
0.95022998
0.96843325
0.95139669
0.96811706
0.9523175
0.86521101
0.95201519
0.86528714
0.98657797
0.98211185
0.98094861
0.98097309
0.95238509
0.96842595
0.95113581
0.96872471
0.95156516
0.86416671
0.94792592
0.86328693
0.98608286
0.9478739
0.85999489
0.95028421
0.95068189
0.85946136
0.95188291
0.98604742
0.98200757
0.9814742
0.98166101
0.96490987
0.95123617
0.9878466
0.97028098
0.97267886
0.96468368
0.95202638
0.98687059
0.96644655
0.97246556
0.94696705
0.85989546
0.95115522
0.86180118
0.98638658
0.95027056
0.8621304
0.95026787
0.95194684
0.86252446
0.95099201
0.98626263
0.96470242
0.98728474
0.97255832
0.96470637
0.98680114
0.97280215
0.98640053
0.96500155
0.98695154
0.97292066
0.96507878
0.98718355
0.97306594
0.9501677
0.96603565
0.9459311
0.96682186
0.95222099
0.86286547
0.94985953
0.86020066
0.94898075
0.967846
0.9504685
0.9678009
0.95036163
0.8620589
0.95256999
0.86379706
0.98671528
0.98149152
0.98175006
0.98177297
0.96455344
0.94972443
0.98746342
0.96808614
0.97213632
0.96478729
0.95187826
0.98769022
0.96919075
0.97269316
0.94934338
0.86035198
0.95159236
0.86114368
0.98622083
0.96471766
0.95220124
0.98767026
0.96807016
0.97256897
0.96454471
0.95215254
0.98730395
0.96692914
0.97254788
0.95062499
0.8628494
0.95169743
0.86200081
0.98636053
0.98161515
0.98085751
0.9812907
0.96434547
0.94949079
0.98559262
0.96783037
0.97185282
0.96485191
0.95261074
0.98779836
0.96891861
0.97243017
0.95021575
0.8658222
0.95218866
0.86664836
0.9859549
0.96512631
0.9518909
0.98809879
0.96826294
0.97289398
0.95093806
0.86037261
0.95111564
0.86279401
0.95218594
0.98628136
0.96481018
0.95123259
0.98752065
0.96828244
0.97283566
0.96485007
0.9485874
0.98707789
0.9692462
0.97212821
0.95366753
0.86360004
0.95079466
0.86413201
0.98609006
0.98176121
0.98101901
0.98190983
0.95242624
0.96868315
0.94860553
0.96961567
0.9522861
0.86140088
0.94666773
0.86145516
0.9861453
0.95128712
0.967573
0.95118951
0.86523356
0.95088424
0.86421447
0.94948721
0.94661758
0.96900372
0.9470792
0.9658835
0.95063644
0.85968904
0.95223006
0.86408877
0.98702293
0.98189952
0.98203159
0.9813002
0.97133563
0.9715751
0.95288924
0.92682917
0.92896575
0.95608023
0.92647222
0.93082062
0.9557546
0.97270144
0.97395189
0.94402834
0.95207951
0.95189809
0.9210355
0.95351751
0.96972101
0.91789241
0.95784274
0.94499988
0.95242791
0.95139252
0.92073229
0.953561
0.96980677
0.91705473
0.95649544
0.95334464
0.90475306
0.9795067
0.95384511
0.90115349
0.98014863
0.96992568
0.97379629
0.95151806
0.98539554
0.96157368
0.95566532
0.87180162
0.9600665
0.91892147
0.95227902
0.95468047
0.98356361
0.95221185
0.89914459
0.97104734
0.92980901
0.97341185
0.9500772
0.979637
0.97430939
0.96095735
0.97027304
0.97591539
0.95275776
0.96129158
0.95586447
0.86737361
0.96022949
0.91387449
0.98395067
0.95257077
0.89881588
0.97138457
0.92854048
0.94925876
0.9276479
0.97193303
0.92508805
0.95857744
0.95970615
0.98021536
0.96075519
0.95317094
0.95425724
0.95239572
0.95495214
0.97216122
0.97184371
0.95325837
0.9279847
0.9302953
0.95583799
0.9252859
0.92868407
0.9533307
0.97152424
0.97363835
0.94321681
0.9525883
0.95017941
0.92067218
0.95355865
0.96920649
0.91502579
0.95566718
0.95537678
0.90340809
0.9796327
0.955246
0.95488462
0.90478612
0.98033179
0.96900795
0.97370717
0.95378417
0.96196031
0.95550521
0.87500981
0.95848476
0.92206758
0.95273634
0.95654708
0.98224436
0.95020412
0.90228755
0.96979988
0.93095117
0.97218999
0.9496732
0.98045084
0.97336395
0.96246444
0.97040915
0.97408052
0.95797321
0.98530125
0.96232778
0.95575208
0.86879567
0.96012236
0.91539256
0.952956
0.9552879
0.98371627
0.95127165
0.90150948
0.92845482
0.97086186
0.94880467
0.92750241
0.95962878
0.95956457
0.98057348
0.96310787
0.95327021
0.95329228
0.9717319
0.92877615
0.96464011
0.95527756
0.91394394
0.9285327
0.87187729
0.98427022
0.96840519
0.93494378
0.96891122
0.97614644
0.94091709
0.98621714
0.95166187
0.95314744
0.97093738
0.94820153
0.96496461
0.95550401
0.91567311
0.92809134
0.86906527
0.98390182
0.96766234
0.93520474
0.96806105
0.91901252
0.97634348
0.94099374
0.98634435
0.95214257
0.95300534
0.97093777
0.94999251
0.95525146
0.88264911
0.88268649
0.91710772
0.95649156
0.95592953
0.9806851
0.97151156
0.98146976
0.97184585
0.98424151
0.96547016
0.95223277
0.95252334
0.96846271
0.95534265
0.92609994
0.93170045
0.97068659
0.98508372
0.95439927
0.92660178
0.93091897
0.9670847
0.97308286
0.97254901
0.95393307
0.92692973
0.93079027
0.95387636
0.92657454
0.93119904
0.95500484
0.97243667
0.97406183
0.94595879
0.95269407
0.95170763
0.92062618
0.95539504
0.96902608
0.95635074
0.94491438
0.95264142
0.95191606
0.91849713
0.95418939
0.96909293
0.95668858
0.95470376
0.90001859
0.97897551
0.95344226
0.90230496
0.98075683
0.97904245
0.97446728
0.96087384
0.97076691
0.97662932
0.95091744
0.98657763
0.9612924
0.95557926
0.86478222
0.96071624
0.91334262
0.95253837
0.95490656
0.98437018
0.95139573
0.90035324
0.92870128
0.97025699
0.94920996
0.96928823
0.97385861
0.95335323
0.96188149
0.95542753
0.87198144
0.95769793
0.91735407
0.95271864
0.95580256
0.98321398
0.9546341
0.90123833
0.9285769
0.97007062
0.97276046
0.95035624
0.95810115
0.96020758
0.97995052
0.96245995
0.95354732
0.95388759
0.97267785
0.92554192
0.97040934
0.92614244
0.96525045
0.95559772
0.91409759
0.91944815
0.92801421
0.86996914
0.98287711
0.96736539
0.9343864
0.96817783
0.9761683
0.94166053
0.98608559
0.95634377
0.949486
0.97046463
0.95165551
0.9645996
0.95510568
0.91344085
0.93330635
0.88094384
0.98368572
0.96732289
0.93832754
0.96756141
0.92023871
0.97502334
0.94082405
0.98513715
0.95097033
0.9510233
0.96986166
0.95065628
0.9563553
0.88994968
0.88226061
0.91738146
0.95540626
0.95691463
0.98128376
0.97196576
0.98149125
0.97249493
0.98494466
0.966791
0.98551817
0.96749129
0.95528811
0.94938331
0.96922389
0.95529404
0.92331262
0.93083099
0.97058846
0.95438556
0.92759732
0.9291786
0.9650108
0.95521752
0.91898224
0.93025395
0.87241814
0.98390827
0.96837729
0.93663042
0.96819147
0.97615655
0.94070451
0.98590664
0.95108867
0.95312202
0.97070999
0.94982075
0.9647432
0.95543633
0.9147765
0.91977295
0.929376
0.87393747
0.98382903
0.96835236
0.93646946
0.96803659
0.97571295
0.94128101
0.98606463
0.95423396
0.95188883
0.97124476
0.95079213
0.95564792
0.88153291
0.88260223
0.94816962
0.95106053
0.97139269
0.95661528
0.98545005
0.95395974
0.92644219
0.92921286
0.96752071
0.96987797
0.95494041
0.98481875
0.95511449
0.92864266
0.92641202
0.96727694
0.972101
0.97271473
0.95412731
0.92664165
0.92939185
0.95522837
0.92536471
0.92937704
0.95359986
0.97386145
0.97245445
0.94664839
0.95161039
0.95062077
0.92422259
0.95504993
0.96959225
0.92177061
0.95697082
0.94418729
0.95356768
0.95158446
0.91958588
0.9543151
0.9690415
0.91611009
0.95719181
0.95397221
0.90284291
0.9805046
0.95437011
0.90154203
0.98020005
0.97004736
0.97482167
0.95241946
0.96147314
0.95565406
0.86983955
0.9595679
0.9163548
0.95233845
0.95531772
0.98332085
0.95148392
0.90087551
0.97051338
0.9293474
0.9728324
0.94995404
0.97931133
0.97169702
0.96241447
0.96868148
0.97555935
0.95342503
0.98669734
0.96105249
0.95580697
0.86642429
0.95876997
0.91701992
0.95254753
0.95664469
0.98270216
0.95404644
0.90059184
0.97007831
0.92870557
0.94992277
0.92877878
0.97196417
0.92471838
0.9604546
0.95772367
0.98118775
0.96279431
0.95325398
0.95297313
0.97326562
0.97275078
0.95434673
0.92713812
0.95393935
0.93093135
0.92621474
0.93015516
0.95575618
0.9727711
0.97329004
0.94146538
0.95193471
0.95004209
0.9186189
0.95296148
0.96899457
0.95694577
0.94377685
0.95250756
0.95078938
0.92067658
0.95434031
0.97014404
0.95583644
0.95280711
0.90380055
0.98009716
0.98045297
0.97461974
0.96263477
0.9702815
0.97251291
0.95384314
0.96177651
0.95517829
0.88027894
0.9596597
0.92204462
0.95269285
0.95567223
0.98443698
0.95409951
0.89788174
0.96867041
0.93075059
0.95095733
0.9813058
0.97375286
0.96277278
0.97042305
0.97348499
0.95748387
0.96214967
0.95558397
0.8690589
0.96008728
0.91901994
0.95303115
0.95533476
0.98414273
0.95378123
0.89977056
0.96942929
0.9271016
0.94742945
0.97182174
0.95243573
0.92827226
0.90301351
0.97999816
0.97064834
0.92990801
0.95979993
0.96003243
0.96408246
0.95488401
0.91331519
0.93176935
0.87472835
0.98347267
0.9676578
0.96770556
0.93589656
0.97606736
0.94030019
0.98596128
0.95061305
0.95154451
0.96541695
0.95542124
0.91448654
0.93110705
0.87332236
0.98269071
0.96729806
0.96868912
0.93674673
0.97600492
0.94110076
0.98560675
0.94800991
0.94847041
0.91850749
0.95597421
0.95619533
0.98187526
0.97132344
0.98107721
0.9854003
0.96748365
0.98548572
0.96753344
0.97015733
0.95457526
0.92957452
0.97018401
0.95423339
0.92920225
0.97249805
0.9726711
0.95415729
0.92620449
0.93020438
0.95482166
0.92615494
0.93022027
0.95421596
0.97312657
0.97337942
0.94384409
0.95365821
0.9509896
0.91845084
0.9542516
0.96981528
0.95579729
0.94427596
0.95164752
0.94897602
0.92166421
0.95435485
0.96999568
0.95749692
0.95368962
0.90328825
0.97994727
0.95287374
0.90176879
0.98034434
0.98027787
0.97375456
0.96165621
0.97026443
0.97687386
0.95262336
0.96111596
0.95513925
0.86724199
0.95987215
0.91526801
0.95283462
0.95497152
0.98384313
0.95107179
0.89819875
0.9705747
0.93005501
0.95022328
0.98078332
0.97350478
0.96187756
0.96996143
0.9738045
0.95353566
0.96173023
0.95575295
0.8653588
0.9603048
0.91488281
0.95295366
0.9551072
0.98356816
0.95171951
0.89497588
0.97006104
0.92884353
0.94930677
0.96906874
0.92922373
0.97113352
0.95982471
0.95932804
0.95369747
0.95321026
0.9645648
0.95556024
0.91627229
0.93181373
0.87804468
0.98363913
0.96835595
0.96775733
0.93682782
0.9747244
0.94090861
0.9854093
0.9530076
0.95076702
0.96483142
0.95539234
0.91439018
0.87325922
0.92930844
0.98332273
0.96799505
0.93689805
0.96889645
0.94969112
0.95585737
0.88424352
0.88354032
0.91849769
0.9568845
0.95709325
0.98164192
0.98016538
0.98530947
0.96759078
0.95108682
0.94983394
0.95305776
0.97097397
0.98534236
0.95498305
0.93265651
0.96697616
0.9704096
0.95400295
0.92832679
0.96530781
0.95536871
0.9162002
0.9754342
0.93210858
0.94159968
0.98501083
0.94982963
0.96843203
0.9648348
0.95524134
0.9136802
0.92895718
0.87377689
0.9835652
0.96849746
0.96800048
0.93538809
0.97585244
0.94090616
0.9857881
0.95074659
0.95217644
0.95602294
0.88335789
0.8828737
0.91805622
0.95543439
0.95399715
0.98050348
0.98145053
0.98516124
0.9673015
0.98470813
0.96688982
0.95241197
0.95132717
0.97059961
0.95368308
0.92909984
0.95263054
0.96934838
0.9545256
0.92737822
0.92937131
0.965255
0.95541271
0.91799799
0.87139466
0.93119967
0.98382483
0.96824345
0.93673095
0.96800138
0.9520241
0.97652359
0.94198274
0.98589558
0.95053244
0.96509576
0.95548494
0.91577985
0.92874455
0.86980261
0.98390629
0.96806378
0.93501951
0.96763429
0.97629851
0.94083545
0.98648624
0.95365008
0.95338533
0.96991675
0.94988092
0.9560936
0.88311183
0.88095143
0.91621301
0.9558551
0.95543996
0.98087384
0.9722261
0.9790609
0.97058652
0.9854943
0.96789888
0.97158044
0.95333211
0.92692659
0.95082951
0.95120718
0.96983502
0.98490511
0.95523876
0.92897813
0.93310768
0.96613855
0.97197913
0.97238068
0.9544268
0.92604977
0.92900667
0.95385319
0.92561242
0.92832515
0.95362836
0.97258474
0.9734262
0.94236476
0.9529139
0.94975375
0.9216268
0.95563564
0.9699644
0.9148182
0.95711755
0.94401147
0.95282193
0.9520137
0.92064647
0.95289307
0.9691666
0.91766956
0.95611054
0.95458707
0.90520144
0.97989273
0.95394207
0.90186742
0.97994342
0.96999325
0.95386234
0.97459004
0.87807542
0.9609772
0.95548197
0.92245151
0.96006657
0.9833795
0.95106012
0.89833819
0.92999968
0.97317657
0.98074153
0.97359203
0.9626023
0.96982921
0.95358583
0.97477654
0.863298
0.96135864
0.95532487
0.95957061
0.91379659
0.98392551
0.95318796
0.90292072
0.97109869
0.92593271
0.94842493
0.92783015
0.98101371
0.96018472
0.9599518
0.9629964
0.9643101
0.95486938
0.91263295
0.87535359
0.95211986
0.98364417
0.96751309
0.93601963
0.97567303
0.93118676
0.94072679
0.98594045
0.95097898
0.96846852
0.96480979
0.95556824
0.91662715
0.92917151
0.87191006
0.98349668
0.96689877
0.93526631
0.96826261
0.9175615
0.97583523
0.94187238
0.98601576
0.9555965
0.95102464
0.96946527
0.94752309
0.95544384
0.88093492
0.88663204
0.91789254
0.95517079
0.95590569
0.98119789
0.98144105
0.97294208
0.98446369
0.96637419
0.98499537
0.96705996
0.97027206
0.95526913
0.92894631
0.94853077
0.9543092
0.96935012
0.95529933
0.92636879
0.9293012
0.97307499
0.97294874
0.9543021
0.9262446
0.95433911
0.92750964
0.92711921
0.95519508
0.9293297
0.97217365
0.97296144
0.94245116
0.9524346
0.95087675
0.91936602
0.95323303
0.96929997
0.95623894
0.94412979
0.95321444
0.95085831
0.91929582
0.95327088
0.96933263
0.95678285
0.98081241
0.97358119
0.96272474
0.97017295
0.95425852
0.97430658
0.86711216
0.96170553
0.95563391
0.95976859
0.98397494
0.95335729
0.90676
0.92614655
0.95251394
0.95522858
0.98059483
0.97441038
0.96293575
0.96956177
0.9541899
0.97458196
0.87246161
0.96130369
0.95570269
0.95936748
0.91900419
0.98370707
0.95550335
0.90246051
0.96979046
0.92799898
0.94991143
0.95267945
0.95565306
0.95505553
0.90090453
0.97961801
0.97168971
0.95991128
0.96028578
0.96418618
0.95526112
0.91570505
0.87808304
0.95243731
0.98410332
0.96814078
0.93717065
0.97506545
0.93262108
0.94100813
0.98544521
0.968586
0.94902316
0.9646949
0.9550781
0.91387983
0.87130129
0.92874014
0.98315232
0.96791155
0.93608613
0.96941231
0.95032525
0.975826
0.94062636
0.98628666
0.9551454
0.91971478
0.95565931
0.95695951
0.98159001
0.972008
0.98156022
0.98481112
0.96738626
0.96910157
0.95422719
0.92888043
0.96494034
0.95534241
0.91423168
0.87683846
0.93298557
0.98357114
0.96750061
0.9372014
0.96957234
0.95327326
0.9755531
0.94109584
0.98574334
0.9496812
0.96428885
0.95498375
0.91476626
0.93190732
0.87375854
0.98384102
0.96773577
0.93487547
0.96740919
0.97575512
0.94158483
0.98588839
0.95319931
0.95242343
0.97031793
0.94992033
0.95449438
0.87990883
0.88570933
0.9190688
0.95465578
0.95501563
0.98049504
0.97184078
0.9810951
0.97108224
0.98391458
0.9655944
0.97098329
0.98461365
0.95497523
0.93012281
0.96623513
0.94938409
0.95210816
0.97060729
0.95441499
0.92427042
0.93114726
0.97254922
0.97187417
0.95413635
0.92660295
0.95466911
0.93004661
0.92639015
0.92950655
0.95468134
0.97249043
0.97337269
0.94397389
0.95220722
0.95137039
0.91906568
0.95399651
0.96970329
0.91741557
0.95640238
0.94466826
0.95293986
0.95208225
0.91952583
0.95470066
0.96931046
0.91675861
0.95774941
0.95311945
0.90297624
0.98028122
0.98063905
0.97271458
0.96319803
0.96866239
0.95427361
0.97377447
0.87294981
0.96101849
0.95529211
0.91797348
0.95874172
0.98292534
0.95340963
0.90134922
0.92929823
0.95325059
0.95631147
0.98099808
0.96305902
0.9733953
0.95274119
0.95544267
0.95602372
0.95977273
0.95972959
0.95945275
0.95315089
0.95290768
0.97157906
0.92697791
0.96435832
0.95513207
0.91514025
0.86852583
0.95241578
0.98368106
0.96806134
0.93328405
0.97598071
0.92805164
0.94093572
0.98672336
0.95381463
0.96860408
0.96433949
0.95524707
0.91480323
0.92938671
0.87351957
0.98395326
0.96822196
0.93496837
0.96849836
0.97568818
0.94146762
0.98649525
0.95155943
0.95350986
0.97036267
0.94803687
0.95578367
0.88144877
0.87938779
0.91862965
0.95600573
0.95599361
0.98166567
0.98222972
0.97197434
0.98527287
0.96644207
0.98487695
0.96678358
0.96992283
0.95382842
0.92949066
0.95266825
0.95140545
0.96908986
0.95441382
0.92597639
0.92928982
0.97259887
0.97267086
0.95314071
0.92667902
0.93000795
0.9553314
0.92524926
0.92941787
0.95216288
0.97399091
0.97295713
0.94155759
0.95263098
0.95014147
0.91925156
0.95291171
0.96859331
0.95775347
0.94338879
0.95228326
0.94867857
0.92160743
0.95489456
0.96992649
0.95522859
0.95337161
0.90017014
0.98044065
0.9546299
0.90172441
0.9803461
0.97044341
0.95491875
0.9743055
0.98605362
0.86734194
0.96175732
0.95576638
0.9156252
0.9600795
0.98433123
0.95304545
0.89756368
0.92765459
0.97456684
0.95245134
0.95523005
0.97952786
0.97359744
0.9614399
0.96979087
0.95277606
0.97630074
0.86464129
0.96035991
0.95550536
0.95927961
0.91353201
0.98349162
0.9538569
0.90256617
0.97096772
0.93042059
0.95088663
0.95313361
0.95536596
0.97195947
0.92710021
0.97986086
0.95907328
0.95826328
0.96133212
0.95374005
0.95366906
0.9650942
0.95548742
0.91294303
0.96812761
0.91525222
0.87062752
0.92913578
0.98295333
0.96833737
0.93512727
0.96913158
0.95043638
0.96962167
0.94845696
0.97645528
0.94077185
0.98664839
0.95285211
0.96414786
0.95533719
0.91335124
0.966956
0.875277
0.93301287
0.98305463
0.96705175
0.93490695
0.96834934
0.9509252
0.95615742
0.8829017
0.88328666
0.91802586
0.95768392
0.95822464
0.98122868
0.98107702
0.98521104
0.96677511
0.96882783
0.95440471
0.92988516
0.96951642
0.98557252
0.95417495
0.92740154
0.96751883
0.95323844
0.95120764
0.95113533
0.9728598
0.97346068
0.95357338
0.92643573
0.93027231
0.95480527
0.92559599
0.92848283
0.95306877
0.97303478
0.97209049
0.94656965
0.95261661
0.95060285
0.92227474
0.95381527
0.9688967
0.91999048
0.95646312
0.94625083
0.95336645
0.95195896
0.91937876
0.95531223
0.97001028
0.91698593
0.95436266
0.95369889
0.9017391
0.98019048
0.95500721
0.90415405
0.97967401
0.98371533
0.951448
0.89571671
0.92698869
0.97363411
0.9807916
0.97356688
0.96309583
0.96968987
0.9751332
0.95479559
0.96080865
0.95536218
0.86649951
0.96021665
0.91560795
0.95322497
0.95578027
0.98298676
0.94943085
0.89973451
0.92731312
0.97065032
0.94805129
0.98040809
0.959676
0.96017992
0.96275052
0.95355982
0.95320389
0.95288607
0.95555496
0.97009674
0.92753745
0.97266494
0.97165161
0.95303298
0.92765508
0.93036506
0.95642886
0.92643832
0.92926798
0.953846
0.97323714
0.97281644
0.94543773
0.95365854
0.95357911
0.91889466
0.95249805
0.96894422
0.91602697
0.95660886
0.9464552
0.9503845
0.95056348
0.92276434
0.95341231
0.96946832
0.9238329
0.9572724
0.95255034
0.90216181
0.98019002
0.95424054
0.90243631
0.98031753
0.97023169
0.95484918
0.9738942
0.87013528
0.96157865
0.95559251
0.96029914
0.98425453
0.95437579
0.89855161
0.92837079
0.97452849
0.97990169
0.97156149
0.96313735
0.96929333
0.97300047
0.95357988
0.96101445
0.95505861
0.87064933
0.95894522
0.91783192
0.95279674
0.95617448
0.98265646
0.95212082
0.90149289
0.92912965
0.97152381
0.95027109
0.98123955
0.95976707
0.95984829
0.96251715
0.95344596
0.95321828
0.95280533
0.95516916
0.96412374
0.95524004
0.91495831
0.87932655
0.9323773
0.98400017
0.96807688
0.93653734
0.96766591
0.95333844
0.97473978
0.94107864
0.98566881
0.95161514
0.87268994
0.927971
0.98305671
0.9363505
0.96523465
0.96666561
0.9189971
0.95219387
0.96992943
0.94964245
0.97576737
0.94089863
0.98515922
0.94934269
0.95616985
0.88349075
0.88727641
0.91777415
0.95575268
0.95546372
0.98061694
0.98149783
0.97251163
0.98478958
0.96634663
0.9845845
0.96740272
0.96990548
0.95445878
0.92923118
0.97012105
0.95448688
0.92712774
0.92904658
0.95428359
0.95361622
0.96464389
0.95546531
0.91480425
0.96724532
0.87603108
0.93155494
0.9835079
0.96803486
0.93499773
0.96791434
0.95549927
0.97568471
0.94075507
0.98610243
0.95047304
0.96477738
0.95563462
0.9131576
0.96622158
0.87175611
0.93136922
0.98313786
0.93391042
0.96818177
0.96764673
0.92014731
0.95333537
0.97092747
0.94829123
0.97612923
0.94041809
0.98659989
0.95582192
0.95603322
0.87999767
0.88483317
0.91760708
0.95713642
0.95679595
0.98092368
0.9725594
0.97949989
0.96981049
0.98452151
0.96513793
0.96904249
0.95458473
0.92590917
0.93018554
0.97062962
0.98490082
0.95558592
0.92553881
0.93088325
0.96644671
0.94774323
0.95357374
0.97316844
0.97297025
0.95449295
0.92658618
0.93070574
0.95478815
0.92751962
0.93029272
0.95633415
0.97237958
0.97238007
0.94426874
0.95341236
0.95145986
0.91940999
0.95429709
0.96947743
0.91671124
0.95536773
0.94502517
0.95224825
0.950938
0.9212342
0.95327277
0.97014003
0.91833277
0.95741779
0.95304309
0.90232094
0.97942567
0.95372516
0.90055401
0.98003055
0.97040243
0.95174277
0.97427782
0.87651486
0.96119523
0.95510511
0.95959191
0.98403395
0.9529071
0.89762171
0.93188223
0.97339318
0.95291013
0.95553531
0.98110657
0.9745774
0.96266616
0.97070431
0.95587247
0.9707703
0.87300267
0.9627712
0.95531479
0.96007663
0.98410627
0.95106412
0.90045096
0.9281688
0.95272817
0.95551099
0.98075747
0.95968882
0.95966247
0.96262974
0.95350744
0.9533949
0.96438586
0.95514869
0.91416617
0.87429234
0.95129985
0.983431
0.96787398
0.93483527
0.97510874
0.93082071
0.94031779
0.98593231
0.95406562
0.96697185
0.9647825
0.95539779
0.91528695
0.92902399
0.87321013
0.98244498
0.96719804
0.9353628
0.96764194
0.9190368
0.97540297
0.94051884
0.98556472
0.95222723
0.9523414
0.96966736
0.94893633
0.95584143
0.88291409
0.88385259
0.91699008
0.9567856
0.95687014
0.98184834
0.98114381
0.97233186
0.98511662
0.96641944
0.96992499
0.95475618
0.93002129
0.9519165
0.95250156
0.96975179
0.9852561
0.95449846
0.9251468
0.93102932
0.9668006
0.96449799
0.95521509
0.91728914
0.87229827
0.93141184
0.98327271
0.96747762
0.9356118
0.96815904
0.95195184
0.97547871
0.94103632
0.98611964
0.95119095
0.9647811
0.95517979
0.91476565
0.93305326
0.87331996
0.9838981
0.96786967
0.93481685
0.96848111
0.91274518
0.97661021
0.94135567
0.98664476
0.95424313
0.95218001
0.97046272
0.94868003
0.91859974
0.95886099
0.95701097
0.98030522
0.98156838
0.97244315
0.98501468
0.9665354
0.98542528
0.96726694
0.97038115
0.95457963
0.92977606
0.96986667
0.95429181
0.92745175
0.92857906
0.97244637
0.97244878
0.95241874
0.92726513
0.92880199
0.95440199
0.92714446
0.92891321
0.95394488
0.97298272
0.97288975
0.94539773
0.95272249
0.95080061
0.92177058
0.95507897
0.97032261
0.95652403
0.94528183
0.95403157
0.95171569
0.92016145
0.95425887
0.96840356
0.95699899
0.95412443
0.90068615
0.98022009
0.95321172
0.90254174
0.9801457
0.98041592
0.9740948
0.96206698
0.96980242
0.95433416
0.97577452
0.98579212
0.87141936
0.96074539
0.95539524
0.96001432
0.98379544
0.95137765
0.9021859
0.9286581
0.95278543
0.95548586
0.96988182
0.95186455
0.97458266
0.8687933
0.96180132
0.95519108
0.95897132
0.91528541
0.98347743
0.95252972
0.90031032
0.92914986
0.97066941
0.97329782
0.94930433
0.9797128
0.96004725
0.95833144
0.9612541
0.92826881
0.97183608
0.97171327
0.95439641
0.92599855
0.93038199
0.95378061
0.9271095
0.93077672
0.95698471
0.97302106
0.9732561
0.94460599
0.95312149
0.95279527
0.92050907
0.95326024
0.9685496
0.95571628
0.94352318
0.95282672
0.9519454
0.91867014
0.95420691
0.96918224
0.95715336
0.95367164
0.90185622
0.98013272
0.95262615
0.90250049
0.9800422
0.98064815
0.97465828
0.96294337
0.97056609
0.95218179
0.97480647
0.98648515
0.86497138
0.96153961
0.95554686
0.96010873
0.98434792
0.95428319
0.89786205
0.92808493
0.95284249
0.95559935
0.96985869
0.95425903
0.9760905
0.86747295
0.96093688
0.95540918
0.95971811
0.91582466
0.98380306
0.95267296
0.8976146
0.92648628
0.9715827
0.97424623
0.94832582
0.95332649
0.9558422
0.98119088
0.9601492
0.959593
0.96259857
0.95348677
0.95344924
0.92701997
0.96472688
0.95521573
0.91413066
0.87118718
0.92888796
0.95375526
0.98399213
0.96781974
0.9355173
0.96779986
0.95318195
0.97627377
0.94066328
0.98641024
0.95124827
0.96509521
0.95558874
0.91489271
0.87346751
0.93190398
0.98425911
0.96880315
0.93661461
0.96955277
0.95330949
0.97614736
0.94041678
0.98649377
0.95447155
0.95535448
0.880293
0.88206867
0.98486316
0.96671635
0.98514317
0.96714519
0.96916396
0.95593781
0.95482952
0.93011502
0.97083598
0.95590495
0.9541854
0.92880914
0.94944865
0.95055943
0.97248891
0.97275397
0.95484749
0.93024319
0.92950956
0.95541399
0.92698968
0.93036397
0.9543759
0.97162198
0.97155211
0.94526903
0.95227052
0.952551
0.92169266
0.95395737
0.96847412
0.91862631
0.95666168
0.94432987
0.95393653
0.95297352
0.91911516
0.95400578
0.96841163
0.91651413
0.9550551
0.95281915
0.90025815
0.97911926
0.95347075
0.90451899
0.97960072
0.97987643
0.97382246
0.96213333
0.96989721
0.95285624
0.974053
0.98577368
0.87201602
0.96180829
0.95574609
0.95976177
0.98353772
0.95186788
0.89773331
0.93061259
0.95237567
0.95522755
0.96970648
0.9746704
0.95273882
0.9858879
0.96120657
0.95629647
0.86423933
0.96064995
0.91199628
0.95326547
0.95612386
0.98373849
0.95342655
0.89734274
0.92888196
0.97015928
0.97426308
0.94896982
0.95871081
0.95951457
0.98045849
0.9627234
0.9280429
0.96428613
0.95496942
0.91429532
0.88147398
0.93181426
0.98321322
0.96772352
0.93734774
0.96730377
0.95174275
0.97449117
0.940806
0.98481434
0.95013851
0.96482131
0.95526727
0.91407093
0.8743362
0.93039408
0.98363192
0.93597165
0.96772636
0.96807461
0.91479864
0.95455078
0.97062163
0.94965189
0.97543957
0.94061213
0.98564819
0.95279741
0.9562255
0.88129363
0.8833092
0.91705
0.95659681
0.95537163
0.98075531
0.97185119
0.98122057
0.97227347
0.9854173
0.96699829
0.98466801
0.96654599
0.97064423
0.95352621
0.92906363
0.96887937
0.95399732
0.92915019
0.93150531
0.9501225
0.95144335
0.97095769
0.97028949
0.95313601
0.92692254
0.93031027
0.95359874
0.92654869
0.92927601
0.95361645
0.97421521
0.97336172
0.9427597
0.9511139
0.95219333
0.92058282
0.95438385
0.9697656
0.95707201
0.94645225
0.95325121
0.95293388
0.92172626
0.95429261
0.96938034
0.956654
0.95415415
0.90282117
0.98023309
0.95435381
0.90096128
0.97955711
0.96948638
0.95001363
0.97515567
0.98456491
0.87414373
0.96093406
0.95468138
0.95904807
0.98349534
0.95194272
0.90253666
0.93023962
0.97348213
0.95256798
0.95591843
0.96885828
0.97569373
0.95379443
0.96101671
0.95542243
0.87236603
0.95890423
0.91875325
0.95251233
0.95545159
0.98246058
0.95031625
0.90167266
0.93083391
0.96929623
0.9717308
0.94949441
0.97953422
0.9585789
0.9591636
0.98031421
0.96181287
0.96222053
0.9541044
0.95339039
0.92565039
0.96496576
0.95525853
0.91921315
0.868374
0.92806206
0.98335598
0.96723655
0.9359393
0.96880191
0.95186722
0.97608806
0.94144734
0.98609632
0.95642268
0.96467984
0.95529903
0.91401123
0.87491749
0.93243145
0.95341553
0.98375188
0.93647521
0.96926894
0.96780921
0.95097794
0.97014353
0.9491401
0.97549964
0.94106026
0.98605094
0.95029807
0.9553031
0.88847146
0.88005767
0.91982435
0.95256357
0.95664712
0.98142064
0.97151687
0.98034861
0.97082147
0.98471806
0.9661649
0.96892304
0.98367553
0.95586559
0.93010339
0.96695721
0.97062886
0.9542575
0.92700624
0.92978653
0.95299987
0.94821481
0.97176518
0.97164648
0.9519481
0.92570806
0.92584481
0.95308776
0.92767256
0.93010754
0.95581777
0.97321893
0.97383143
0.94911991
0.95338214
0.95203938
0.9219482
0.95368125
0.96955646
0.91978326
0.95744876
0.94596477
0.95214556
0.95147976
0.91994021
0.95312045
0.96922867
0.9175162
0.95684432
0.95581762
0.90484106
0.97971766
0.95386693
0.9032122
0.98063076
0.98002294
0.97394294
0.96220137
0.97036232
0.95540813
0.97491376
0.86890908
0.96164363
0.9554912
0.96021677
0.98379771
0.94932548
0.9094848
0.92865841
0.9694215
0.95399556
0.97651445
0.98685049
0.86839875
0.96094965
0.9556544
0.91678221
0.95939844
0.98382629
0.95365666
0.90033028
0.92777038
0.97470538
0.95297864
0.95541397
0.97660027
0.96001542
0.95663866
0.95880037
0.95294672
0.9531737
0.95272447
0.9552947
0.97235054
0.97190483
0.95323795
0.92811433
0.92923782
0.95676814
0.92516808
0.92826194
0.95480791
0.97192932
0.97226631
0.94412198
0.9529205
0.95116293
0.91996187
0.9539393
0.9703628
0.95674643
0.94441659
0.9523871
0.9503814
0.92055695
0.9532547
0.96894882
0.9550784
0.95343371
0.903359
0.97837568
0.95584093
0.90433367
0.98017613
0.96998962
0.95200323
0.97426216
0.87062666
0.96175919
0.95510035
0.9175435
0.95859371
0.98331334
0.95293281
0.9038312
0.92867796
0.97299532
0.95289601
0.95612432
0.96983843
0.97679583
0.95388778
0.98665204
0.96083185
0.95579619
0.87113015
0.95936929
0.9185196
0.95331937
0.95562113
0.98223859
0.94913269
0.90554159
0.93154661
0.97191806
0.97133523
0.95089795
0.98077406
0.95957604
0.95891971
0.98092993
0.96262736
0.9625243
0.97169831
0.97275104
0.92779628
0.96454825
0.95477552
0.91365548
0.97633673
0.93036036
0.94045679
0.98615116
0.96876138
0.95132251
0.96478331
0.95520547
0.91313456
0.96864433
0.87087345
0.92847326
0.9839521
0.93530913
0.96841329
0.9680974
0.9526232
0.97061412
0.94916899
0.91816327
0.95778708
0.95918891
0.98152481
0.98061905
0.97173404
0.98533468
0.96762151
0.98577545
0.96730124
0.97017992
0.95371344
0.92794286
0.95211706
0.97045372
0.95310222
0.92596745
0.9279259
0.97314589
0.97192317
0.95303255
0.92786884
0.92876653
0.95387307
0.92763092
0.93067413
0.95472854
0.97241529
0.97389641
0.94471264
0.9527354
0.94872568
0.92217665
0.95317507
0.96860441
0.95799374
0.94474458
0.95243574
0.95030179
0.91999645
0.95407165
0.96927956
0.95636016
0.95377136
0.90172193
0.97929452
0.95386025
0.90059868
0.98071134
0.9704013
0.94972223
0.97504593
0.98520564
0.87576316
0.96133422
0.95485498
0.9595618
0.9837611
0.95142966
0.90076989
0.93092063
0.97375726
0.95334599
0.95558908
0.98036179
0.97304491
0.96276024
0.96940678
0.97498297
0.95310374
0.96093784
0.95476138
0.86962137
0.95819772
0.91678477
0.98360207
0.95483644
0.90199974
0.92926913
0.97006656
0.9493727
0.97972635
0.95880273
0.96029416
0.96200148
0.95292198
0.95382141
0.95341685
0.95610946
0.9723484
0.92502856
0.96452268
0.9552222
0.91373892
0.87290384
0.93045752
0.98353216
0.96799034
0.93737632
0.96841508
0.95160181
0.976023
0.9406464
0.98596813
0.95177998
0.96458739
0.95470975
0.91651734
0.87295964
0.92907515
0.98296288
0.9372943
0.96718673
0.96831606
0.94840364
0.96988332
0.94950297
0.97564229
0.94045758
0.98553576
0.95270297
0.9573097
0.88508598
0.88691399
0.91936307
0.95609901
0.9562855
0.98196572
0.98129521
0.97187099
0.98539911
0.96792858
0.98539799
0.96818184
0.96961488
0.9548227
0.92655718
0.9698686
0.95520303
0.92601495
0.92595626
0.95111042
0.95267492
0.97258153
0.97256634
0.95428614
0.92531003
0.92837763
0.95349167
0.92978782
0.93060405
0.95690734
0.97271992
0.97221534
0.94414197
0.9548323
0.9501463
0.92040511
0.9549449
0.96899299
0.91630716
0.95786345
0.94314908
0.95241474
0.94936925
0.9199271
0.95319207
0.96965416
0.91696757
0.95545511
0.95316754
0.90160606
0.97956755
0.95499797
0.90296659
0.98049047
0.98072434
0.97439274
0.96273093
0.97081771
0.95197541
0.97485688
0.87084322
0.96155533
0.95570506
0.91772537
0.96042745
0.98428453
0.95183072
0.89802645
0.92873777
0.97980348
0.97274919
0.96137021
0.98354305
0.95163811
0.90149709
0.9282198
0.9528961
0.95505171
0.95564253
0.95893662
0.95971803
0.95888748
0.95340832
0.95338794
0.95254107
0.95540895
0.96479374
0.95502121
0.91458353
0.92033969
0.92952961
0.87085475
0.9833039
0.96822713
0.93513631
0.9668994
0.97610231
0.94095598
0.98607033
0.95150253
0.95293884
0.97066295
0.95107907
0.96460046
0.95496172
0.91419189
0.97586443
0.93217902
0.94062452
0.9856843
0.95342835
0.96790776
0.87472368
0.97081254
0.98282021
0.95056953
0.93630236
0.94965525
0.9677825
0.95612938
0.88183006
0.8861596
0.98501621
0.96661261
0.95023625
0.95344883
0.96902054
0.95729534
0.95399444
0.92856488
0.92941295
0.9653447
0.9556951
0.91449043
0.91841108
0.93023077
0.87295503
0.98405361
0.96809854
0.93618181
0.96842532
0.97602809
0.94185999
0.98626791
0.95387597
0.9524017
0.97104395
0.94885726
0.96492271
0.95521777
0.91414584
0.96683381
0.92148733
0.9758107
0.9294087
0.94124032
0.98563492
0.9528361
0.96607903
0.87185258
0.9524568
0.96979804
0.98366292
0.9353031
0.9507242
0.96776347
0.95631891
0.88110078
0.88350644
0.98500086
0.96734965
0.95092968
0.95147172
0.96957062
0.95532568
0.9546533
0.92825708
0.92852736
0.97018034
0.95621177
0.98526552
0.95473859
0.92627172
0.93157972
0.96722274
0.97263869
0.97235009
0.95282238
0.92725273
0.92963957
0.95534701
0.92521586
0.92858903
0.9539392
0.97096976
0.97334928
0.94329248
0.95453444
0.94944774
0.92070365
0.95540431
0.96951076
0.95659198
0.94322781
0.95296519
0.95021371
0.91952447
0.95354758
0.96945454
0.9568298
0.95300102
0.90460661
0.97877373
0.95402558
0.9027342
0.98061967
0.98068913
0.97298235
0.9620939
0.96875919
0.97504863
0.95085448
0.96098571
0.95532877
0.87731141
0.95863142
0.95288683
0.95566952
0.98280802
0.95256871
0.8968141
0.93166226
0.98038495
0.97409781
0.96254592
0.9708923
0.97096016
0.95476493
0.96282502
0.95544452
0.87056796
0.96003004
0.95269878
0.95547163
0.98448404
0.95308769
0.89854118
0.92851633
0.95881867
0.96037369
0.97160607
0.97204324
0.96416278
0.95482216
0.91698583
0.92927211
0.87350196
0.98396005
0.96825997
0.93562536
0.96800332
0.97562002
0.94059485
0.98625827
0.95289912
0.95316634
0.97009722
0.94945848
0.96451952
0.95459272
0.91557902
0.976196
0.93155061
0.94218164
0.9854632
0.96657221
0.95409293
0.86993669
0.95032911
0.97097366
0.98273469
0.93477401
0.95123883
0.966214
0.9181082
0.95580726
0.95589627
0.98141455
0.97110542
0.98207867
0.97232599
0.98514954
0.96708093
0.97007825
0.95488088
0.9252431
0.93196568
0.96924754
0.98541623
0.95514369
0.92843011
0.92822232
0.96751526
0.97184489
0.97144512
0.95283078
0.92680066
0.93027565
0.95645024
0.92710819
0.93144113
0.95418012
0.97286468
0.97353882
0.94575303
0.953086
0.95317507
0.91752291
0.95357987
0.96861573
0.91852595
0.95744276
0.94439703
0.95173255
0.95306721
0.91983392
0.95433394
0.96973522
0.91753793
0.95729073
0.95414205
0.90186012
0.98007659
0.95431651
0.90103287
0.98018554
0.98038543
0.97112206
0.96256317
0.96755851
0.97417304
0.95573507
0.96114359
0.95500707
0.86859203
0.91819171
0.95636414
0.95307789
0.95665466
0.98175434
0.95488022
0.90678634
0.92816687
0.96870286
0.9755507
0.95350478
0.98611485
0.96040183
0.95565922
0.87671234
0.92058985
0.95884658
0.95308148
0.95593096
0.98333458
0.95368381
0.90304921
0.92901464
0.97332757
0.95864221
0.959671
0.97985915
0.96237511
0.953206
0.95330832
0.97253983
0.97227833
0.97234639
0.95419591
0.9283425
0.93111452
0.95487142
0.92614387
0.92943458
0.9545635
0.97340088
0.97327817
0.94252403
0.95252765
0.95101931
0.91827356
0.95451738
0.9702474
0.91484639
0.95702764
0.94284546
0.95351869
0.95076179
0.92000718
0.95486908
0.9693394
0.91505226
0.95654968
0.95391281
0.90282746
0.98029353
0.95368616
0.90243118
0.98049064
0.97980015
0.97348332
0.9625133
0.96921851
0.97553072
0.95347702
0.98626007
0.96096675
0.95562835
0.87520218
0.95913421
0.95283416
0.95612122
0.98340528
0.95256681
0.89723798
0.92964983
0.98030154
0.97301448
0.96281529
0.96854887
0.97590515
0.95558586
0.9609256
0.95542061
0.87041437
0.91814721
0.95846065
0.95286115
0.95636516
0.98299851
0.95422509
0.89796811
0.93245431
0.95926892
0.95943075
0.95307632
0.95327738
0.97161152
0.98476263
0.98601669
0.97258443
0.98728649
0.98116355
0.96011412
0.93795824
0.95383092
0.97320035
0.98771048
0.98052765
0.95951144
0.93780562
0.95279519
0.98630287
0.959802
0.97296858
0.97285164
0.95990772
0.97318253
0.97371383
0.9606915
0.97368552
0.97344338
0.96130823
0.97340099
0.97308853
0.96041439
0.97307257
0.97329824
0.96034395
0.97315897
0.97227788
0.95934702
0.97360063
0.97308486
0.95924607
0.97409303
0.9737882
0.96041581
0.97382057
0.9733964
0.96474958
0.98771486
0.97253995
0.96485633
0.98766331
0.97269909
0.96015973
0.97383418
0.97378455
0.9597573
0.97242554
0.97280715
0.95994676
0.97321064
0.97332855
0.96497936
0.98739568
0.97295406
0.96490292
0.98768684
0.97283018
0.96086457
0.97348993
0.97301611
0.96033883
0.97293032
0.97300659
0.9597149
0.97292906
0.97275868
0.96015927
0.97333954
0.97338769
0.96123425
0.97244397
0.97321865
0.95851235
0.97209316
0.97275681
0.96485572
0.98794528
0.97245125
0.96019306
0.97356389
0.97336267
0.96012924
0.97335001
0.97332746
0.96071323
0.97371925
0.97381378
0.96488372
0.98753889
0.97279299
0.95996948
0.97313734
0.97342533
0.95919017
0.97288862
0.97341107
0.96079536
0.97387787
0.97399829
0.94598369
0.95421516
0.95112191
0.92135867
0.95355211
0.96945015
0.91781998
0.91998563
0.98133733
0.98152454
0.97130352
0.95380422
0.95309013
0.95679656
0.9540081
0.95072846
0.88493411
0.88345068
0.97561296
0.94048404
0.9860071
0.87877215
0.983156
0.96819058
0.93824936
0.95289318
0.95562402
0.95351067
0.95359759
0.95269961
0.95537979
0.9534398
0.90445852
0.98008817
0.92869163
0.95330258
0.95358179
0.98477995
0.96726874
0.9699068
0.95452366
0.9265489
0.95651335
0.95084375
0.95190342
0.88260167
0.88601978
0.95431546
0.9017247
0.98005145
0.97029112
0.95534607
0.97349512
0.86724668
0.96178084
0.98379542
0.9517995
0.89358066
0.92842046
0.97566284
0.93989163
0.9860489
0.97024133
0.95372121
0.97490959
0.86671866
0.96106509
0.95559818
0.9181361
0.96021972
0.96462289
0.95509096
0.91496627
0.95584056
0.88010697
0.88350932
0.94891091
0.95341174
0.95258245
0.95544611
0.95386184
0.95307493
0.91891747
0.98133574
0.97213013
0.98131483
0.97071938
0.95340943
0.95319364
0.95366241
0.95292579
0.87089683
0.98352693
0.96743509
0.93590062
0.97586486
0.94077773
0.98596144
0.95065577
0.95674502
0.88397667
0.88264647
0.95188698
0.95090144
0.91478832
0.96943353
0.9543228
0.97591403
0.86626767
0.96063811
0.91846223
0.95600213
0.98140163
0.98182611
0.9846965
0.96713915
0.97006056
0.95523361
0.9275623
0.92873833
0.91784011
0.9820931
0.98156278
0.95308463
0.95383776
0.95684677
0.94849927
0.95347154
0.88245662
0.89139714
0.97507731
0.97500909
0.97389596
0.97446509
0.97479082
0.97450038
0.97479148
0.97457208
0.97477345
0.97458563
0.9746871
0.97332425
0.97402969
0.97395859
0.97345058
0.97314817
0.9738485
0.97539861
0.97417333
0.97476345
0.97492342
0.97469241
0.97442514
0.97407507
0.97486268
0.97463829
0.97453281
0.97472339
0.97497027
0.97485958
0.97350092
0.97240233
0.97440351
0.97444152
0.97442181
0.97332607
0.97335313
0.97340059
0.9746654
0.97467334
0.97541562
0.97440467
0.97548413
0.97476517
0.97425925
0.97457949
0.9755841
0.97456977
)
;
        value           nonuniform List<scalar> 
4872
(
432.56362
434.94292
435.06158
435.03726
434.94294
451.13398
432.57421
432.57137
432.56995
434.7292
434.68092
434.83677
434.76343
434.79303
434.67135
434.78048
434.67396
434.99575
435.09878
451.12411
435.02675
451.1278
434.93737
451.13891
433.04152
432.70839
432.86576
432.529
432.7512
435.19251
435.20323
435.91826
435.42353
434.97385
435.53944
435.76417
436.14985
435.69327
435.09582
435.44866
436.04353
435.36015
435.93897
449.7465
449.72656
432.93072
432.90107
433.03997
432.88956
432.93856
432.94368
435.22471
435.38385
435.21239
435.10838
435.31719
435.28124
432.50393
432.50565
432.76778
435.46652
435.4427
435.71883
435.54852
435.36306
435.69306
432.73609
432.56282
432.89416
435.40941
435.21188
435.45564
435.22512
435.43859
435.37673
435.49137
435.67518
435.26965
435.42977
432.53087
432.58172
432.80654
435.5055
435.55109
435.69104
435.1869
435.41047
435.26241
435.29938
435.52728
435.26416
435.48094
435.33068
435.43775
435.61633
435.21357
435.46405
435.33572
435.40725
435.69465
435.39071
435.98667
435.36735
436.14784
435.44151
435.53556
435.03231
435.32552
435.70009
435.03163
449.75603
449.66643
449.74612
449.66469
448.3333
435.42569
435.50835
436.03592
435.6434
435.07007
449.76012
449.67574
449.70777
449.61541
448.28436
435.36432
435.36289
435.8716
435.37801
434.95905
449.69383
449.602
449.77812
449.69113
448.29683
435.49815
435.60848
435.07528
435.36605
435.44918
435.07132
449.66853
449.61981
448.34479
432.98631
432.99853
433.27429
434.23396
433.79208
434.22886
433.17842
433.41335
434.38275
434.55946
433.57055
433.39204
433.70274
434.52757
434.5014
434.54173
434.01706
434.17629
433.52478
433.7577
433.01123
433.14066
433.35421
434.2337
433.81113
434.25269
433.19906
433.39241
434.63987
434.70651
433.65433
433.53242
433.77039
434.10342
434.19328
433.39058
433.65579
434.75102
434.74587
434.73285
433.14239
433.03863
432.9975
432.48532
433.06736
432.48062
433.06971
433.27582
433.30549
433.42687
432.96337
432.95893
436.31995
436.23534
436.19455
436.26812
436.20873
436.13368
435.91439
436.29491
435.72988
436.1265
436.1447
436.21645
435.88023
435.86969
436.29041
436.0924
436.30992
436.22293
436.03602
436.25778
436.38852
436.35281
436.51708
435.51849
435.56415
435.25087
435.79741
436.295
436.50707
436.12301
435.61479
436.62045
436.44945
436.39215
436.6104
436.16686
435.85288
435.56854
435.97012
436.41144
436.62557
436.32634
435.86955
436.76708
433.01174
433.14396
433.20988
434.30002
433.83292
434.28508
433.11269
433.27858
434.57075
434.6931
433.46888
433.38617
433.60852
434.66217
434.65975
434.65127
434.07624
434.08475
433.44919
433.71353
433.02458
433.08181
433.19965
434.21659
433.75611
434.21598
433.0758
433.28368
434.49823
434.60438
433.42374
433.28703
433.55536
434.58707
434.63044
434.64701
433.89586
434.14881
433.35596
433.61265
433.06131
432.43542
433.06172
432.38714
433.06201
433.22615
433.21225
433.34741
432.79716
432.76703
434.38973
434.20944
434.49001
434.32224
434.1579
434.39195
435.41572
435.23545
435.23067
434.99755
435.05378
435.25122
435.23911
434.89127
435.04704
435.0928
434.90256
434.86142
435.6227
435.64917
434.43199
435.84465
434.88819
435.74595
435.00498
434.65363
434.49898
435.38126
434.86082
435.37203
434.34099
435.93721
434.9271
435.6903
434.94836
434.54656
434.43122
435.30728
434.9059
435.23594
433.09932
432.99393
432.54051
433.12921
432.48858
433.09036
433.27718
433.20399
432.97778
433.37379
432.97469
433.10199
433.37561
434.25752
433.74694
434.14562
432.97141
433.1623
434.64819
434.63025
433.4561
433.33775
433.54507
434.71759
434.71244
434.668
433.95989
434.11382
433.32527
433.59888
434.35461
434.38206
435.72977
434.77887
435.65653
434.85871
434.415
434.33835
434.81686
435.253
435.14285
434.18067
434.49552
434.41123
434.14998
434.43904
435.51008
435.05033
435.39099
435.09524
435.02859
435.19302
435.1485
434.9972
435.20602
435.23256
435.12816
435.13103
435.69471
435.69656
434.40861
435.89803
434.94504
435.83644
435.06959
434.51977
434.44457
434.80466
435.33841
435.41705
433.1364
433.02933
432.32964
433.12147
432.46518
433.1099
433.28076
433.24448
433.17015
433.46493
433.00993
433.08816
433.28728
434.14268
433.73722
434.12296
433.13097
433.28464
434.36531
434.57242
433.47628
433.30071
433.56713
433.94855
434.17475
433.33517
433.60206
434.55958
434.60312
434.56304
434.32176
434.37111
435.87479
434.93291
435.95326
435.13403
434.58396
434.46298
434.97182
435.51009
435.37061
434.18649
434.4143
434.26768
434.21021
434.47236
435.3817
435.14875
435.42253
435.1024
434.95692
435.09103
435.18154
434.94497
435.13122
435.12847
435.1065
434.97707
435.72504
435.71233
434.27875
435.77975
434.8429
435.60597
434.86196
434.4269
434.33738
434.72916
435.08688
435.27411
433.14486
433.27296
434.22004
433.8194
434.28563
432.9385
433.17391
434.53282
434.61577
433.35395
433.23735
433.50066
433.97713
434.19308
433.32401
433.62826
434.75612
434.75896
434.71223
433.03932
433.21713
434.43789
433.90057
434.38182
433.11813
433.30375
434.59836
434.73981
433.40248
433.28028
433.55774
434.06561
434.27023
433.35804
433.67065
434.72546
434.72608
434.72254
434.32092
434.32681
435.86366
434.92444
435.75898
434.93683
434.47233
434.40994
434.90451
435.33965
435.36806
434.59764
434.52318
435.87409
434.93874
435.81181
435.04425
434.69068
434.54083
435.14725
435.4407
435.40005
434.18636
434.46583
434.23387
434.57145
435.35317
435.08646
435.49012
435.25829
434.97485
435.10893
435.17258
435.08973
435.21768
435.27408
434.98883
435.02239
435.64028
435.67002
436.28179
436.43518
435.78123
435.74172
435.44905
435.82904
436.19181
436.37141
435.76963
436.28409
436.72792
436.25159
436.35929
435.50188
435.56234
435.53956
435.84227
436.15625
436.44696
435.55775
436.08717
436.63054
437.09936
437.10858
439.91551
438.91115
440.08829
437.63418
437.63706
442.53801
442.67638
437.69806
437.45825
437.75958
439.38054
440.37431
439.81329
440.81146
442.10491
442.16981
442.23211
436.96715
437.03998
439.97756
438.96389
440.09594
437.47347
437.56946
442.42927
442.61179
437.61504
437.4363
437.69876
439.40944
440.54553
439.69278
440.6688
441.9615
442.00875
442.12477
440.06518
448.7835
447.31182
448.80378
447.33529
441.24257
441.18928
442.98291
442.92586
446.65745
436.20168
436.16707
436.34149
436.23989
436.1714
435.7045
436.00506
435.76685
436.28896
436.15027
436.17265
435.93176
435.93748
436.25403
436.02097
436.23182
436.31494
436.17685
436.32477
436.38728
436.52359
435.88268
435.83019
435.53675
435.91103
436.2936
436.54513
435.66815
436.97662
436.27751
437.06797
437.15607
439.95474
438.95247
440.14853
437.6374
437.57915
442.45551
442.61923
437.7364
437.55588
437.83416
439.40425
440.46934
439.873
440.8688
442.08019
442.08662
442.1745
440.15429
439.97145
448.79124
447.27646
448.77145
447.24802
441.36109
441.26644
442.87214
442.92557
446.60899
437.16456
437.13728
438.89577
440.04198
437.95153
437.82558
442.46108
442.57324
437.94715
437.62268
437.97431
439.49442
440.38609
439.71971
440.68215
442.00862
442.12992
442.13572
436.15396
436.15997
436.27153
436.26506
436.22856
435.93474
436.24275
435.76019
436.17236
436.35323
436.25732
435.94873
435.91716
436.40549
436.14632
436.39528
436.27519
436.05071
436.21559
436.14416
436.38147
435.58062
435.55787
435.18766
435.75134
435.94976
436.14337
435.48913
436.56842
436.05151
437.23581
437.23932
439.95008
438.89788
440.05067
437.66054
437.67224
442.53962
442.6558
439.4488
440.56061
439.65631
440.65455
437.83333
437.64804
437.9482
442.01196
442.06366
442.13718
440.09922
439.92711
448.74114
447.26948
448.79904
447.2857
441.22946
441.2426
442.80794
442.76545
446.63253
437.00497
437.0211
438.82378
439.97059
437.44593
437.50611
442.63204
442.77657
439.4212
440.55577
439.69886
440.69781
437.67181
437.50109
437.76291
442.12034
442.11493
442.20641
436.40119
436.38422
436.60246
435.70758
435.62886
435.4509
435.9183
436.28729
436.47708
436.22079
435.66254
436.62441
436.39063
436.37384
436.52783
435.69233
435.70184
435.31517
435.87359
436.32515
436.51791
436.21987
435.7592
436.71068
436.1913
436.22939
436.22554
436.19084
435.66993
436.14305
435.79021
436.22124
436.41478
436.32646
435.9301
435.93034
436.26789
436.08517
436.2737
436.26459
436.14054
436.31652
440.00338
439.85542
439.85398
448.80502
447.3008
448.71533
447.34314
441.19447
441.24142
446.67914
442.85464
442.87549
437.18302
437.21173
438.83504
440.02162
437.79244
437.8386
442.60517
442.67315
439.50655
440.48746
439.73386
440.68627
437.68722
437.41476
437.75794
442.06269
442.10732
442.14386
437.07593
437.07067
438.89164
440.0433
437.47686
437.52275
442.36856
442.61018
439.30971
440.35515
439.7243
440.69153
437.64653
437.51444
437.7536
441.99158
442.13336
442.13687
432.65014
432.65283
432.73631
434.88722
435.2851
435.21621
435.07259
435.4134
435.40132
435.03947
435.38048
435.37101
435.01703
435.2891
435.35125
450.86543
450.87473
450.61089
432.65469
432.6489
432.71175
432.66288
432.66343
432.74362
432.64472
432.65053
432.70326
434.58357
434.78127
434.63859
434.53856
434.62215
434.49435
434.69631
434.82326
434.6868
434.61709
434.77925
434.61303
434.64768
434.80375
434.65922
434.53217
434.68662
434.57182
434.63335
434.77197
434.62921
434.5283
434.75044
434.64137
435.04329
435.34257
435.36402
435.09531
435.44146
435.42923
450.85692
450.85969
450.59792
435.04431
435.37304
435.37607
450.86507
450.86063
450.6031
434.95598
435.27658
435.27869
450.86702
450.88733
450.62193
434.70554
433.80748
433.43195
433.19836
433.07722
433.34082
432.93128
432.93338
433.09352
433.52658
433.20455
433.12756
433.3654
432.9501
432.89415
433.04072
436.05688
436.02106
435.87087
435.74845
435.65812
435.35118
435.50348
435.52912
435.7829
435.88656
437.15503
436.93221
436.61987
437.15801
436.81732
437.18111
437.18917
435.88225
435.90371
435.51756
435.63887
435.67016
435.95159
436.17621
437.24254
436.9692
436.81114
437.29357
436.93898
437.43178
437.33238
433.81835
433.19231
433.30477
433.80097
434.7463
433.37391
433.11551
433.15025
433.21062
432.81247
433.01767
433.14825
433.54758
433.20368
433.07585
433.39183
433.00432
432.98806
433.10627
433.96252
433.86111
436.06173
435.79478
434.97819
434.95897
435.05172
434.66833
434.70715
434.80489
434.96191
435.52447
435.38997
435.62327
435.46946
435.53542
435.81744
435.50797
435.0129
435.03153
435.10285
434.8117
434.88697
434.96649
435.15405
435.49684
435.30909
435.62034
435.27868
435.21791
435.4929
435.30434
433.25404
433.59634
433.1453
433.38887
432.99825
432.927
433.03157
433.5428
433.18258
433.16926
433.34209
432.92135
432.88118
433.09112
433.83766
434.7949
434.88367
434.85514
434.92799
434.65592
434.72139
434.77233
434.90849
435.3799
435.16991
435.48903
435.28536
435.26026
435.52393
435.23009
433.7862
433.65362
435.81712
435.95873
435.06155
435.01797
435.08042
434.80193
434.91529
435.00855
435.02854
435.38161
435.58349
435.77889
435.46356
435.50378
435.8415
435.46509
433.21677
433.50481
432.95996
433.37281
432.98948
432.97373
433.10017
433.42181
433.17356
433.10304
433.27578
432.90952
432.96671
433.08834
433.76077
435.14534
435.08294
435.22801
434.80305
434.94444
435.01375
435.16156
435.71464
435.63146
435.84148
435.52986
435.60825
435.97497
435.75429
433.85644
433.84341
435.9053
434.97301
434.98721
435.02983
434.71573
434.73436
434.87645
435.03495
435.35719
435.50514
435.62317
435.32699
435.37812
435.58447
435.26763
434.81189
433.76177
434.67418
435.07885
435.03954
435.14616
434.79716
434.8723
434.94263
435.01901
435.43485
435.50296
435.61688
435.37399
435.46002
435.77053
435.5208
435.05832
435.06674
435.12069
434.73169
434.76383
434.87137
435.07622
435.48987
435.61997
435.68178
435.4575
435.52556
435.835
435.54196
435.97324
435.83947
436.01118
435.98505
435.59438
435.67679
435.70831
435.87232
436.16015
437.24114
436.99843
436.70255
437.19526
436.84702
437.21581
437.2872
435.90893
435.90188
435.50233
435.48726
435.47424
435.73092
435.98155
437.35715
437.04916
436.93522
437.30297
436.92982
437.37655
437.3739
437.84063
437.89424
444.15096
437.7361
437.93316
444.08016
446.25083
446.44317
446.34729
446.53327
446.32289
444.96278
444.88567
435.92149
435.85887
435.5447
435.57016
435.51918
435.7643
436.10494
436.9797
437.24625
436.74199
437.20585
436.84093
437.14648
437.12811
437.81458
437.98179
444.19359
446.22756
446.39203
446.2853
446.56942
446.36994
444.97165
444.81936
438.33736
435.89708
435.91285
435.98429
435.64549
435.73576
435.41035
435.4221
435.41698
435.64669
435.78373
436.96767
437.20693
436.74104
437.11992
436.73169
437.07601
437.19323
437.88069
437.92761
444.00203
446.17717
446.32917
446.24323
446.45543
446.26803
444.95687
444.81979
446.24778
446.41029
446.33313
446.52519
446.33652
444.95238
444.85618
438.36372
435.71131
435.6658
435.32535
435.48849
435.51266
435.77936
435.89419
437.29348
437.05503
436.81836
437.20607
436.86697
437.21569
437.41348
435.84818
435.89883
435.43202
435.56305
435.48483
435.73872
436.26211
437.32057
437.05665
436.8842
437.19322
436.85444
437.27174
437.3926
435.91178
435.92775
435.95248
435.92866
446.46544
446.32694
446.38088
446.53547
446.3667
444.99121
444.94053
446.252
446.09056
446.20588
446.44705
446.26539
444.89426
444.6842
438.44962
444.0241
433.86516
434.01416
433.97916
432.80183
432.82071
433.21139
432.92146
432.87863
432.78455
432.79949
433.06386
432.76808
432.88001
432.88467
432.31832
432.89098
432.34332
433.2277
434.89285
434.882
435.38487
435.31272
435.11225
435.59819
435.50292
436.01816
435.65535
435.52583
435.04676
434.21694
435.26258
434.81004
435.60677
435.16445
435.22739
435.68728
435.76279
435.32869
435.77338
435.80962
436.22077
435.8598
435.7435
435.16118
434.43373
435.34554
434.91286
435.73707
435.14259
435.63793
435.38504
435.71778
436.05127
435.59954
435.13606
435.49201
435.36862
435.7048
450.37873
449.55612
450.11997
450.38587
449.50893
450.09941
432.78269
433.09625
432.8375
432.7488
433.09939
432.79391
432.7841
433.19105
432.85382
432.78644
433.10176
432.88177
433.2458
432.77649
433.07778
432.81683
432.78411
433.15918
432.83375
434.6511
435.41294
434.70552
435.00029
435.6925
434.99175
435.54456
434.62735
435.39444
434.66025
434.76507
435.44954
434.77967
434.76805
435.53149
434.81983
434.91817
435.51641
434.82293
435.46014
432.70905
432.74578
432.64262
432.77867
432.99149
432.28183
432.89471
432.34768
433.23777
435.5793
435.61552
435.87221
435.64373
435.68709
436.21864
435.83574
436.31047
435.68846
435.67541
435.58717
435.54657
435.69647
436.12794
435.66887
436.13365
433.81096
434.02324
433.97985
432.73852
432.94036
432.82809
432.79897
432.94629
432.45544
433.01827
432.52799
435.56696
435.45801
435.66696
435.45597
435.7033
435.95376
435.58581
436.02154
435.44769
434.69025
435.67398
435.49572
435.63596
434.7396
434.95224
435.78268
435.65213
435.67343
434.8713
435.69927
436.12745
435.73592
436.23146
435.49517
434.69689
435.53017
434.78399
434.99587
435.72112
434.97216
432.6282
432.77913
432.77282
432.88971
432.8033
432.31563
432.81526
432.41014
433.14211
433.86066
434.0341
434.00816
435.69612
435.66883
435.85326
435.78542
435.75475
436.11583
435.7473
436.31664
435.55852
435.64062
435.91482
435.50502
435.70161
435.97916
435.63378
435.50552
433.89224
433.98629
434.05776
434.68513
435.66392
435.511
435.67003
434.72314
434.92486
435.74224
435.55999
435.55346
434.9031
435.63635
436.07742
435.699
436.12019
435.50926
435.8133
436.1129
435.62698
435.83499
436.13921
435.74605
435.65275
435.17379
435.572
435.3471
435.67503
435.96878
435.64473
435.70701
435.13697
435.55774
435.37229
435.81838
436.10278
435.7549
435.05605
435.46064
435.3551
435.64256
435.18325
434.26565
435.25044
434.66406
435.09521
435.41786
435.56935
435.80644
435.23478
434.43809
435.33867
434.76396
435.7571
437.21068
437.22257
438.56053
450.37381
449.49108
449.56353
449.50034
450.08196
450.37334
449.52539
449.59423
449.54026
450.10342
449.65676
448.86025
449.67423
448.881
449.74984
435.1357
435.27162
435.69265
435.6764
435.36837
435.7056
435.61605
436.08953
435.72149
435.68489
435.29121
434.49914
435.40849
434.82659
435.79505
437.17907
437.1831
438.58451
450.38474
449.49591
449.56258
449.50442
450.09163
450.36266
449.44623
449.527
449.46155
450.08002
449.62158
448.82559
449.63591
448.82491
449.72648
435.07403
435.15347
435.61398
435.45391
435.30273
435.24835
434.31978
435.34702
434.86445
435.5423
435.71593
450.36007
449.42138
449.49895
449.42912
450.09936
450.40728
449.49581
449.59037
449.53337
450.11274
449.66622
448.82101
449.65396
448.8354
449.75311
437.29488
437.1952
438.51668
435.15134
435.52705
435.55068
435.77638
435.22695
434.23331
435.26914
435.0161
435.71167
434.98687
435.38654
435.14432
434.22995
435.26995
434.82073
435.4314
449.46119
449.49823
449.43217
449.41572
449.64045
448.85156
449.64708
448.87458
449.74111
437.28889
437.25137
438.54025
434.03404
434.08811
433.80112
433.55607
433.32182
433.83708
433.67605
433.98413
434.05202
433.74346
434.2816
433.43401
433.4694
433.48494
433.05043
433.37164
433.55469
433.22501
433.59323
433.81116
433.84649
433.74117
433.62039
434.19884
434.40063
433.32249
434.07314
433.52739
433.11979
433.78011
434.19509
434.20407
434.17157
433.65427
433.57488
433.47161
433.83722
433.49386
433.37071
433.01145
433.53062
432.92062
433.44643
433.57813
434.04298
433.65864
433.24932
433.47588
433.19054
433.85802
433.02985
434.03686
434.34942
433.94858
434.18994
434.69791
434.73186
434.29577
434.13348
434.58133
434.13576
434.79472
434.32114
434.30141
434.12125
434.86849
434.52222
434.73947
433.04401
434.5344
434.49193
433.72577
433.92045
434.05149
433.77955
433.59586
433.82785
433.7991
433.86165
434.01773
434.04998
433.79971
433.56938
433.47101
433.85867
433.68673
434.0542
434.02778
433.8021
434.3449
433.7464
433.80597
433.71032
433.61781
434.2262
434.42561
433.29688
434.11119
433.74556
433.22405
433.91261
433.61155
434.3514
434.44076
434.29165
433.58874
433.56765
433.50884
433.516
433.37872
433.13551
433.45363
433.07386
433.37095
433.62292
433.84035
433.4527
433.38279
433.51663
433.29025
433.68649
433.1429
434.12972
434.37111
434.06286
434.3229
434.78238
435.00389
434.77646
434.44366
434.2593
434.76309
434.26374
435.03639
433.78012
433.88494
434.37216
434.34083
434.31971
434.62259
434.97565
434.79661
433.17501
433.79574
433.96984
434.1172
433.87184
433.59189
433.81054
434.65993
434.72365
433.08702
433.0658
432.54126
432.6057
432.44158
433.58104
433.03596
432.8639
433.17876
433.14995
432.70354
433.32987
432.85388
433.14551
433.32183
432.87457
433.09518
433.05947
432.58296
432.71777
432.56026
433.62855
433.0817
432.89485
433.25716
432.98127
433.19769
432.7361
433.41457
432.97024
433.27221
433.3918
433.04939
433.09578
432.50469
432.57457
432.95191
433.32831
433.27115
433.49801
433.43981
433.5601
433.45879
433.64594
433.15766
432.98796
433.03005
433.39473
433.36267
433.05458
432.91172
433.44766
433.65042
433.27875
433.01406
432.92612
433.18505
435.97877
436.02772
435.72159
435.30761
435.6278
435.84868
435.26027
435.53564
435.8474
436.00771
436.12071
435.91042
435.74699
435.82321
436.09286
436.05535
436.52324
435.74732
435.84704
435.70099
435.7619
436.04568
435.99184
436.44022
435.7623
436.09669
435.73396
436.05936
436.03886
435.73152
436.15146
436.09273
436.25468
436.1982
435.84775
435.92795
435.71547
436.01518
435.77389
435.78919
435.21206
436.00981
435.53853
435.85766
436.1416
436.27083
435.9203
435.62284
436.00209
436.27496
435.87723
435.75621
435.79913
435.61837
435.93718
435.83071
435.19001
435.9554
435.33811
435.83027
436.21491
436.24933
436.03615
435.64009
435.85434
436.04772
436.23661
435.6825
436.09634
436.19209
436.11465
436.29592
436.04875
436.07559
436.60692
435.96054
436.54022
435.92105
435.5788
435.46891
435.4269
435.37119
434.98764
434.68502
435.99888
435.80905
435.55933
435.71908
435.69014
435.05606
436.09701
435.77814
435.67392
435.9409
435.6918
436.54484
436.55174
435.40117
435.98851
436.09263
437.3256
436.13123
436.3643
437.15197
437.06035
436.44948
435.56167
436.41826
435.98847
436.94247
437.08567
436.96675
436.13425
435.60889
435.48555
436.0401
436.17567
436.45843
436.57774
436.59055
436.85152
436.70404
436.52646
435.88804
436.87752
436.49588
435.88923
435.73141
436.37009
436.3217
435.88189
435.5727
436.62299
436.77938
436.71546
436.21271
435.79838
435.70568
436.0222
435.31258
434.96787
436.29855
435.9773
435.8005
435.93251
435.92997
435.38173
436.22913
435.85455
436.07009
436.22627
435.94015
436.65685
436.72834
435.60677
437.053
436.00777
436.15516
437.42753
436.27261
436.32571
437.28685
436.47766
435.68151
436.57125
436.22586
437.09173
437.24727
437.0747
436.19796
435.59222
435.74529
435.89692
435.9509
436.48387
436.19364
436.52534
436.44071
436.02056
435.78098
436.00196
436.5963
436.40551
436.84198
436.80116
436.73644
436.27268
436.62204
433.95036
434.02472
433.75436
433.50579
433.30498
433.82351
433.59882
433.99409
434.01311
433.70417
434.28518
433.52568
433.46834
433.5096
433.17822
433.25597
433.40765
433.39173
433.46144
433.82194
433.8558
433.78881
433.63837
434.25024
434.46547
433.40646
434.12003
433.49419
433.02668
433.75187
434.26678
434.38462
434.25801
433.62947
433.60119
433.47781
433.47536
433.34737
432.98825
433.4729
432.91488
433.39706
433.52747
433.98843
433.57856
433.278
433.38719
433.21235
433.79269
433.05824
434.04832
434.38169
434.10111
434.21338
434.69881
434.76015
434.74992
434.30359
434.16243
434.59487
434.20725
434.89526
433.7852
433.98903
434.37205
434.48655
434.24843
434.91061
434.64613
434.818
433.04024
434.70358
434.62964
433.81165
433.93802
434.0978
433.84676
433.54016
433.82618
434.00685
434.04162
433.73958
433.46601
433.6443
433.23188
433.62308
433.95773
433.98269
433.70231
434.23307
433.33013
433.38942
433.35444
433.05811
433.30844
433.45249
433.5196
433.67802
433.69328
433.61306
433.59743
434.16733
434.39881
433.97788
434.14009
434.31128
434.1565
433.95685
433.80607
433.73079
433.52845
433.5515
433.4989
433.49641
433.33226
433.22347
433.40082
433.04106
433.33159
433.4631
433.98445
433.6154
433.1798
433.30902
433.25573
433.13754
434.07078
434.3605
433.98739
434.24378
434.72228
434.94651
434.41229
434.20962
434.69628
434.18444
435.09502
433.7378
433.79657
434.36804
434.3445
434.13456
434.85852
434.54972
434.76129
433.3943
433.38455
433.05012
433.06119
433.75437
434.60905
434.72763
433.68368
433.89677
433.16064
433.11196
432.55377
432.81407
432.62089
433.63462
433.24347
433.08613
432.87235
433.28395
432.64815
433.41562
432.8926
433.24084
433.21061
433.15472
432.51952
432.82996
432.60822
433.58393
433.28699
433.17003
432.98548
433.29706
432.74328
433.42688
432.89411
433.14879
432.81241
433.125
433.15671
433.50793
433.35551
433.47905
433.56939
433.10041
433.61485
433.13277
433.30428
433.23214
432.76091
433.34771
433.26747
432.77847
434.40141
434.4223
434.44625
435.00692
434.93768
435.19168
435.00396
434.83232
435.08418
434.53081
434.4571
434.58762
434.59367
434.5338
434.17554
434.52488
434.35022
434.57668
434.40832
434.46951
434.41674
433.95841
434.36535
434.21854
434.52119
434.71062
434.77518
434.66912
434.57202
434.67207
434.61586
435.2313
435.48239
435.04335
435.68938
436.02533
436.07535
435.73214
435.6471
436.02763
435.52299
435.82714
435.61248
435.31049
435.5762
435.58149
435.41845
435.36018
435.6387
435.58606
435.13734
435.32855
434.91452
435.65813
435.76366
435.91954
435.84118
435.76594
435.8467
435.54043
435.61071
435.6897
435.351
435.47778
435.51281
435.2631
435.20036
435.38384
435.3865
434.30697
434.89267
434.28503
434.93792
434.84663
435.36132
435.35691
434.68785
434.69669
435.80786
435.18515
435.29495
434.91244
434.80904
435.27946
435.16871
434.99571
435.52939
435.2055
435.35287
434.92294
435.23154
435.44165
435.55633
435.91269
435.55551
435.39437
435.51159
435.36073
435.52658
435.48444
434.92612
435.44831
435.7562
434.83062
435.04867
435.06131
434.67796
434.61564
435.05767
435.19587
435.49665
435.56595
435.67107
435.04282
435.02603
434.79282
435.03931
434.99002
434.92875
434.69155
435.29793
434.82597
434.81723
435.88681
435.09997
435.30427
435.48568
435.25073
435.34302
435.36678
435.08248
435.27621
435.53134
435.42733
435.90578
435.32917
435.45446
435.37161
435.35592
435.13413
435.47493
435.32725
435.43984
435.40899
434.88122
435.39719
435.65869
434.67485
434.87962
434.82236
434.589
434.55153
434.91614
434.95027
434.87976
435.11177
435.41774
435.46836
434.93376
434.77094
434.94491
434.96524
434.709
434.49483
434.71302
435.22134
433.16838
433.08191
432.71887
432.63537
432.90721
433.71911
433.26683
432.92754
433.11044
433.34951
433.34076
432.82068
433.42437
432.8931
433.11906
433.0444
432.58319
432.79055
432.68028
433.70591
433.1526
432.96859
433.30931
433.2385
432.74008
433.48042
433.04671
433.3027
433.39781
433.09675
433.07088
432.33255
432.47607
432.89354
433.20863
433.24905
433.5522
433.49708
433.50282
433.4509
433.63949
433.14184
433.44709
433.28092
432.76418
432.85013
432.91573
433.41311
433.67131
433.38789
433.15189
432.99774
433.20601
433.98472
434.0373
433.74806
433.45651
433.32489
433.71706
433.51732
433.89645
433.92233
433.81027
434.21983
433.45949
433.52023
433.46847
433.07745
433.46035
433.58311
433.13683
433.59272
433.74284
433.80494
433.70421
433.59787
434.12239
434.33609
433.32562
434.00788
433.52938
433.18785
433.85942
434.23021
434.25869
434.13242
433.52259
433.50144
433.60037
433.22323
433.39907
433.28084
433.10446
433.41532
433.87934
433.49571
433.17975
433.18228
433.70962
434.06556
434.35935
434.0013
434.1821
434.80073
434.70242
434.49015
434.29504
434.1283
434.13771
434.8726
434.36491
434.34622
434.27415
434.92314
434.51786
434.75432
434.62617
434.01015
433.71745
433.90745
433.77946
434.54244
434.64051
435.55375
435.1888
434.87001
434.83312
434.7277
435.02967
434.92503
435.06956
435.26349
435.14455
435.17583
435.19351
435.01477
435.24019
435.43714
435.37507
435.70917
435.17287
435.30182
435.10263
435.26625
435.64371
435.10214
435.40913
435.37324
435.52455
435.22774
435.05028
435.23497
434.69729
435.17139
435.59578
434.54033
434.81821
434.77492
434.48595
434.44422
434.35869
434.80653
434.82166
434.81607
434.93681
434.86658
434.68819
434.82329
435.318
435.51085
434.59002
434.39132
434.66577
435.03077
434.32201
434.30129
434.38864
434.8944
435.16082
434.84925
434.92166
435.21461
434.79881
434.43469
434.36389
434.41027
434.477
434.46102
434.01147
434.47072
434.37529
434.57066
434.31104
434.45379
434.41379
433.83265
434.4063
434.24
434.49451
435.21214
435.40214
435.03747
435.5862
435.93191
435.72633
435.86292
435.64736
435.64451
435.41408
435.52459
435.55129
435.60003
435.35798
435.66802
435.28582
435.25592
435.49604
435.13725
435.5666
436.0679
435.89455
436.07769
435.74141
435.72991
435.50729
435.88048
435.52107
435.62904
435.48206
435.28344
435.49697
435.56492
435.69467
435.44054
434.77211
434.76562
434.66076
434.31277
434.96879
435.0293
434.72939
434.81188
435.84785
435.45621
434.96088
434.9209
434.76657
435.22649
435.0554
435.30974
435.4956
435.27737
435.37455
435.33994
435.29265
435.51466
435.68434
435.9835
435.61761
435.42171
435.56452
435.42758
435.57921
435.48928
435.34822
435.61496
435.55147
435.66518
434.67762
434.9193
434.9659
434.56938
434.59881
434.5892
434.93622
434.99113
434.92091
434.71943
434.96927
433.15086
433.13525
432.49512
432.78764
432.89707
433.80528
433.36807
433.11804
433.27737
433.45933
433.29222
432.78741
433.52192
433.03537
433.12714
433.06762
432.60831
432.84109
432.6141
433.69574
433.2072
433.00707
433.21813
433.25863
432.82118
433.48642
433.06849
433.28326
433.42117
433.04358
433.08268
432.54775
432.68724
433.01203
433.2536
433.2283
433.58374
433.5104
433.51145
433.41141
433.57897
433.15357
433.49436
433.68609
433.40401
432.97129
433.23987
433.01419
433.06242
433.46759
433.33515
432.96531
432.94219
433.96575
433.98172
433.72422
433.47119
433.73016
433.31187
433.60892
433.90736
433.99697
433.71381
434.19242
433.47772
433.4713
433.48118
433.04898
433.33351
433.52029
433.26824
433.51591
433.77108
433.77743
433.72968
433.54192
434.09439
434.26272
433.32559
434.00126
434.10191
434.24163
434.10472
434.00943
433.74048
433.81875
433.47874
433.49144
433.53447
433.05033
433.4443
433.31063
432.92741
433.38203
433.91109
433.58985
433.28941
433.19189
433.35581
433.5245
434.09681
434.02991
434.34636
433.72129
434.20862
433.83153
434.1949
433.71784
433.90342
433.47555
433.6971
434.50005
434.53969
434.75962
434.78332
435.82579
435.16497
435.0233
434.94212
434.81171
434.9784
435.01611
435.09612
435.50013
435.25159
435.34763
435.24156
435.38675
435.56357
435.91447
435.66564
436.01926
435.44721
435.4971
435.37707
435.54158
435.42544
435.74149
435.54968
435.60954
435.55488
435.33685
435.54713
435.02328
435.52609
435.72172
434.738
434.98922
435.01626
434.68056
434.59215
434.27754
435.01487
435.01229
435.03091
435.23209
434.98626
434.78824
435.03385
435.62333
435.65252
434.89418
434.65226
434.72366
435.35696
434.42258
434.31655
434.41873
435.03978
434.94845
435.28712
434.88839
434.81485
435.12235
434.5751
434.4253
434.43203
434.50025
434.45423
434.08505
434.39677
434.17025
434.61105
434.45235
434.52085
434.45319
434.05217
434.47235
434.32699
434.54005
434.65296
434.61713
434.6735
434.72045
434.71409
434.69023
435.69305
436.17706
435.95101
436.04133
436.09549
435.82319
435.78874
435.97959
435.54193
435.57866
435.60401
435.40463
435.59376
435.51109
435.75336
435.39687
435.17345
435.58854
435.26772
435.58348
435.8825
435.76166
435.78256
435.49578
435.60329
435.50495
435.5418
435.56411
435.66529
435.49555
435.18753
435.52142
435.40673
435.73
435.47189
434.24788
434.59341
435.22739
435.07213
435.09868
435.12914
435.43073
435.46545
434.65564
434.71563
435.60134
435.49229
434.91927
435.20593
435.05812
434.79774
434.80614
434.9728
435.22473
434.85128
434.83706
434.75007
434.96139
435.3583
435.2173
435.27435
435.03239
435.24762
435.41094
435.45831
435.90736
435.54788
435.26112
435.33157
435.23005
435.36239
435.34654
434.77501
435.32761
435.4926
434.46747
434.80898
434.76765
434.48821
434.37708
434.81661
434.80348
434.76324
434.65617
434.80786
434.55626
434.81662
434.2833
434.99104
434.94053
435.42499
435.41435
435.41259
434.03314
434.11321
433.77137
433.49997
433.27586
433.75974
433.63257
434.04227
434.01656
433.72488
434.29808
433.58893
433.53797
433.53645
433.16328
433.32856
433.4939
433.34142
433.49442
433.83893
433.83561
433.76661
433.60703
434.24975
434.45096
433.36782
434.05681
433.44676
433.03695
433.78964
434.36306
434.43522
434.24972
433.92797
433.53045
433.13124
432.98679
433.74573
434.13061
434.39052
434.11441
434.22876
434.76513
434.86956
434.29559
434.15364
434.61618
434.22775
434.92448
433.76218
433.91907
434.30899
434.32115
434.29742
434.4707
434.88713
434.68411
434.02197
433.74667
434.01121
433.83329
433.53135
433.81645
433.32315
433.51445
434.61129
434.70828
434.047
434.04664
433.7849
433.56674
433.25881
433.81529
433.68897
434.0536
434.10522
433.7218
434.28843
433.52845
433.52076
433.55833
433.07267
433.2879
433.47201
433.36155
433.5122
433.95185
433.86772
433.86977
433.77325
434.29209
434.54392
433.56547
434.10715
433.39556
433.02779
433.77917
434.30583
434.42847
434.24737
433.5537
433.52304
433.51989
432.99732
433.43975
433.30562
433.43862
433.96126
433.60795
433.23081
433.14213
433.80412
434.15725
434.46501
434.15348
434.33315
434.68478
434.84637
434.40178
434.23703
434.82313
434.30594
435.03828
433.77377
433.95474
434.4395
434.48469
434.28254
434.7638
435.16069
434.97583
434.0925
433.73266
434.04386
433.79273
433.52213
433.83719
433.34759
433.50679
434.73129
434.80312
435.79427
435.46863
435.26472
434.89661
434.74195
435.17455
435.24753
434.95502
435.00337
435.47565
435.20102
435.29095
435.83221
435.3938
435.3026
435.22789
435.23927
435.44356
435.88178
435.44227
435.20759
435.49823
435.17747
435.44708
435.32602
435.39207
434.93212
435.42389
435.67483
434.69603
434.94597
434.90812
434.59903
434.51565
434.31015
434.92788
434.92077
434.8765
435.00253
434.94791
434.81689
434.94082
434.80715
434.56268
434.72721
435.18634
435.52555
435.54252
434.72549
434.72599
435.76025
435.57281
435.35457
435.20319
435.07863
434.91527
435.1679
435.21393
435.23145
435.0735
435.51329
435.21182
435.23301
435.22219
435.39451
435.68964
435.62581
435.85274
435.57823
435.35109
435.20799
435.45957
435.42745
435.92268
435.50626
435.34583
435.50519
435.31337
435.51992
435.54654
435.62571
434.96748
435.33811
435.63838
434.84319
435.06872
435.043
434.75655
434.84255
434.61951
434.48083
434.99458
434.98592
434.99795
434.88497
434.75785
435.11078
434.88759
435.02117
434.65105
434.83175
435.2901
435.08813
435.39465
435.56273
434.39269
434.27519
434.43792
434.99493
434.94524
435.1712
434.8939
434.83943
435.16905
434.51219
434.29452
434.58676
434.6416
434.61392
434.08689
434.47879
434.28975
433.98261
434.59116
434.5745
434.60432
434.59279
434.13911
434.56487
434.48724
433.98685
434.54345
434.69162
434.73915
434.68469
434.72303
434.75011
434.60683
435.65648
436.02091
435.90966
436.16564
435.77987
435.73184
435.47749
435.5522
435.57422
435.38426
435.56322
435.37065
435.68505
435.2709
435.27031
435.49233
435.09326
435.69983
436.14433
435.73958
436.14501
435.78761
435.8066
435.66503
435.57522
435.54752
435.46577
435.60698
435.73914
435.4831
435.18401
434.95873
435.03146
434.96795
435.26886
435.36772
435.76077
435.63054
435.68476
434.93691
436.00654
436.29791
435.88361
435.66318
435.87586
435.28154
435.18674
436.20132
435.84044
435.86181
436.60382
436.61455
435.64036
435.9609
436.10016
437.35975
436.20126
436.2817
437.22611
437.22957
436.45877
435.63455
436.52646
436.14914
437.06757
437.20696
436.97868
436.18434
435.51249
435.75996
436.00599
436.23338
436.50288
436.51484
436.7301
436.57706
436.53471
435.91116
436.42386
436.33933
435.69829
435.94677
435.97579
436.62695
436.91458
436.66074
436.50929
436.34152
436.57405
435.61488
435.48361
435.45229
434.88186
435.23682
436.08634
435.70481
435.59422
435.74863
435.75085
435.80116
435.0256
436.04183
435.59443
436.70757
436.69839
435.7092
436.17947
436.18763
437.4259
436.21211
436.20906
437.29881
437.15824
436.6062
435.71077
436.57958
436.16247
437.06091
437.21853
437.06226
436.0745
436.23228
436.47255
436.46575
436.80592
436.63136
436.49317
435.81186
436.89086
436.47869
436.34244
436.2555
435.44005
436.63654
436.76326
436.64117
436.24013
438.93512
438.99851
438.82298
438.96174
438.1009
439.11519
439.2859
440.42143
440.34884
438.0397
440.06336
438.06088
437.9249
438.07193
437.22554
437.0894
437.08562
437.84334
439.02042
439.16171
438.99469
438.69644
440.13573
440.24708
440.06674
438.2466
436.99382
438.15215
440.70844
440.96247
440.21369
439.34986
438.6958
439.37852
438.77419
438.1836
438.3706
438.46284
437.73949
438.88259
438.89761
438.74855
438.79057
438.44631
438.33087
437.55363
439.68893
439.53914
442.36665
444.11475
443.99786
443.42725
442.51174
442.24573
442.13079
444.59886
442.2131
442.16258
441.29155
443.07078
443.992
442.0677
444.34351
440.47437
439.47717
440.48158
440.66612
442.11102
438.95167
439.01447
438.80646
439.09676
438.22487
439.18902
439.39354
440.46475
440.47536
438.17544
440.04224
437.9974
437.90827
438.02992
437.08726
437.07414
437.08017
437.91427
438.96361
439.07364
438.87597
438.72723
440.09267
440.23428
439.99599
438.21797
437.13182
438.26862
440.65264
440.83752
440.147
439.42188
438.81478
439.52049
438.84707
438.17711
438.34657
438.50571
437.65058
438.88197
438.85737
438.80129
438.9019
438.56939
438.17435
437.63631
439.58297
439.57854
442.31933
444.06643
443.93849
443.40866
442.37551
442.136
442.11991
444.66356
442.27388
442.18559
441.26463
443.05076
443.9915
442.15427
444.35925
440.87525
440.86977
440.59943
439.58817
440.61014
440.81323
439.69461
440.67924
441.95172
447.39972
447.72487
448.55539
445.52508
446.75803
446.31766
444.13867
444.51119
444.9565
446.32408
444.05355
447.01538
448.11099
446.47492
446.3502
447.46981
447.74662
448.60048
445.61955
446.88153
444.12619
444.55717
444.9876
446.43047
444.01896
447.09602
448.14217
446.54717
446.43927
444.37461
445.29945
445.3081
443.64932
444.37754
443.6036
444.32291
443.46638
443.49233
442.19638
444.1845
443.46241
443.42795
442.11074
444.11396
446.50594
446.5231
436.23743
436.2743
435.977
435.45134
435.5659
435.85785
435.37641
435.58825
435.8734
436.09522
436.16179
435.98513
435.84871
435.93982
436.11214
436.02792
436.41568
435.97097
435.84509
435.96931
435.86206
435.93128
436.07857
436.04904
436.44629
435.95958
435.82092
436.10427
435.73505
436.14563
436.12355
435.90976
436.18394
436.14965
436.04111
436.09649
435.79256
435.57558
435.78511
435.84535
435.12206
435.9258
435.85765
435.88966
436.14755
435.88597
435.63054
435.7808
435.90881
436.09697
435.9639
435.96278
435.79091
435.99215
436.04656
435.99487
435.25142
435.97787
435.46283
435.98691
436.09288
436.3075
436.06934
435.58289
435.9614
436.26348
436.32496
435.8069
436.26044
436.4293
436.21179
436.41418
436.04895
435.86381
435.73404
435.93661
435.15952
435.37585
436.24724
435.84881
435.87555
435.96762
435.98592
435.98913
435.42808
436.20744
435.82119
436.5815
436.59006
435.5205
436.03864
435.94922
437.51961
436.40683
436.20508
437.17739
436.90333
437.24369
437.35239
436.96199
436.4336
435.60779
436.48835
436.10716
436.22405
435.45863
435.73083
436.06632
436.1802
436.52575
436.50361
436.5545
436.83513
436.67376
436.49654
435.90253
436.94667
436.70257
436.37775
436.30723
435.60772
436.66183
436.83191
436.80015
436.52073
435.85896
435.88336
439.11465
439.1424
438.99972
439.19435
438.34954
439.28842
439.43334
440.49843
440.43227
438.28291
440.18249
438.03947
437.89598
438.12181
437.14321
437.10901
437.15393
437.98939
439.19255
439.28774
439.12642
438.7932
440.19156
440.33332
440.14905
438.35901
437.23513
438.33817
440.76656
440.86434
440.24688
438.79661
437.93485
438.27122
438.31265
437.63256
438.91645
438.89207
438.76366
438.8865
438.56674
438.44733
437.6204
438.77197
439.72312
439.65846
442.32674
444.03629
444.12313
442.48183
442.24892
443.39047
442.139
444.64947
441.01406
440.92087
442.16321
442.13056
441.2629
443.04282
443.94162
442.02887
444.33409
439.45524
439.51803
440.56539
440.54458
439.46964
440.74222
439.78052
440.76338
441.9872
447.34659
447.71727
448.52964
445.44873
446.71025
444.10694
444.47595
444.9578
446.37254
444.0209
446.96503
448.0563
446.48156
446.41905
447.38792
447.73123
448.51852
445.52574
446.77513
446.28548
443.98915
444.91609
446.29959
444.44348
443.89551
443.83974
444.27607
446.97485
448.05955
446.39638
446.27693
444.28621
445.31459
445.24035
442.11978
443.41806
443.38551
441.50124
441.39831
441.44135
441.3363
443.50395
444.23835
443.43072
443.55962
442.16417
444.12449
444.33507
443.39958
442.15642
442.09061
444.0905
446.50453
446.47785
438.83021
438.89831
438.7477
438.94625
438.1659
439.21675
439.34829
440.46922
440.44142
438.02309
440.04657
438.09627
437.86779
438.08635
437.23576
437.06932
437.11623
437.88525
437.80073
439.03857
439.1135
438.9825
438.737
440.08578
440.22159
437.99614
440.02014
438.41925
437.2106
438.09036
440.65009
440.97325
440.18875
439.48732
438.76422
439.50734
438.79058
438.05054
438.23315
437.5306
438.85641
438.8455
438.76285
438.84807
438.48221
438.71622
437.6073
442.29248
444.01849
443.91995
444.07827
443.39636
442.36589
442.13718
444.61917
442.08701
442.20945
442.14794
441.27329
443.01244
442.11003
440.8796
440.83584
440.37125
439.62086
440.50404
440.64517
439.64084
440.6471
439.59993
439.52492
436.04453
436.12222
435.81359
435.37053
435.62538
435.99284
435.2952
435.55227
435.867
435.96011
436.13246
435.75343
435.70189
435.72921
436.03264
436.0564
436.51458
435.77462
435.79391
435.72477
435.72286
436.1081
436.07266
436.4755
435.81137
436.1584
435.77016
435.99585
436.12823
435.76235
436.14436
435.87697
435.74346
435.85464
435.40685
435.86926
435.89611
435.60452
435.92594
436.29986
436.04555
435.82656
436.12023
436.26832
435.99561
436.15797
435.80973
435.90892
435.67203
435.96442
435.8437
435.86335
435.18483
435.87669
435.3583
435.9776
436.09572
436.00929
435.6694
435.61518
435.75897
436.16444
435.99042
435.57165
436.25289
436.14925
436.08648
436.19021
436.26756
436.21305
436.67514
436.40799
435.80758
435.54086
435.40373
435.38225
435.7639
435.18268
434.98704
436.05368
435.76881
435.62186
436.49547
436.48182
435.40156
435.67633
436.03389
435.86997
437.33739
436.23457
436.07461
437.19041
436.98517
437.12845
436.96434
435.85518
436.07696
436.42261
436.30254
436.58278
436.42629
436.40416
435.8568
436.83108
436.47583
436.23
436.07489
435.49413
435.8815
436.58373
436.71178
436.59761
436.18847
438.99597
439.00329
438.88219
439.11167
438.22924
439.23261
439.4635
440.52038
440.5061
438.15424
440.06491
438.0732
437.91621
438.08673
437.31791
437.1602
437.20035
437.96033
438.96665
439.08857
438.93527
438.69348
440.08167
440.1882
440.03163
438.36007
437.19959
438.23383
440.70049
440.81163
440.18139
438.78078
437.92497
438.2985
438.38739
437.53298
438.84391
438.81637
438.73487
438.85774
438.53414
438.41338
437.69433
438.76434
439.56433
439.49494
440.59446
442.06882
440.74033
442.26391
443.88396
443.9982
442.37853
442.11966
443.38733
442.03804
444.60701
442.20152
442.18837
441.35164
443.04928
443.8825
444.27157
439.46889
439.48469
440.57339
439.43823
439.60232
440.62958
440.86002
440.80389
441.28037
441.88948
447.34197
447.68265
448.47962
445.46943
446.72287
444.02264
444.439
444.92301
446.30065
443.94011
446.95549
448.03746
446.41825
446.32033
447.40781
447.71027
448.58133
445.57276
446.8114
444.08233
444.94723
446.34722
444.55219
443.92861
443.96925
444.39577
447.04003
448.09463
446.46252
446.36138
444.33699
445.28591
445.2461
442.01806
443.3694
443.3786
441.41068
441.40403
441.30132
443.54014
444.26609
443.53368
444.23736
443.35206
442.02545
444.0014
443.36143
442.06018
441.90181
443.94992
446.51118
446.50415
438.83635
438.85513
438.67733
438.99129
438.10751
439.16377
439.37441
440.54949
440.52326
438.10392
439.96469
437.81776
437.73379
437.81461
437.05536
436.98602
436.98886
437.60944
437.86025
438.80945
438.86954
438.67518
438.65168
439.9461
440.16781
437.82704
439.9203
438.18281
437.14172
438.20827
440.79981
440.80016
440.14318
439.43282
438.73354
439.49988
438.75164
438.01749
438.23546
437.64798
438.83993
438.82306
437.0898
438.71224
438.82079
438.45288
438.16565
437.57033
440.59663
442.11254
440.75485
442.26911
442.17303
441.3581
443.13181
440.87583
442.11194
440.84696
442.10091
439.5625
440.6034
439.61785
440.6612
439.57948
439.49975
435.59556
435.46117
435.56147
435.50788
435.20309
434.92053
436.17441
435.93346
435.80042
435.7424
435.81306
435.11023
436.16182
435.77841
435.91909
436.1586
435.76904
436.61111
436.56355
435.56621
436.53965
436.0881
435.73753
436.57586
436.16594
436.2883
436.2103
437.31531
437.43588
437.03788
436.38547
437.196
437.37287
436.15887
435.51688
435.69361
436.4773
435.9657
435.87625
435.90583
436.34812
436.10121
436.40413
436.061
435.63012
435.67159
435.57539
435.53136
435.66201
435.0818
434.68604
436.26908
435.75908
435.58562
435.85428
435.76735
435.20785
436.08411
435.74349
436.01424
436.21293
435.7433
436.68674
436.58734
435.53633
435.6295
437.3507
436.5279
436.05708
435.6814
436.52132
436.15615
436.16398
436.1782
437.08942
437.18368
437.42104
436.29627
437.1401
437.32618
436.17602
435.43715
435.74825
436.44026
435.87175
435.85058
435.85035
436.30019
436.08827
436.32146
436.07951
435.66188
436.56084
436.39219
436.82054
436.6985
436.61115
436.40572
436.60522
436.07815
436.08957
435.77926
435.42093
435.66562
436.06028
435.35075
435.53867
435.94836
436.1116
436.14723
435.80483
435.80599
435.73111
436.07436
436.20493
436.61308
435.91409
435.7386
435.71325
435.68403
436.05565
436.0872
436.48228
435.86846
436.09347
435.90649
436.15229
436.01825
435.87194
436.18291
436.33794
436.29741
436.43345
435.76256
435.86903
435.65649
435.8207
435.88217
435.49988
435.82146
435.96417
436.05049
436.2181
436.02777
435.61027
435.97479
436.2475
436.36533
436.4729
436.03245
435.88499
435.89161
436.12782
436.03884
435.3785
436.05028
435.99145
436.16249
436.34145
436.03625
435.5528
435.89593
436.28698
436.34123
436.61153
436.5811
447.41298
447.71859
448.57281
446.80245
445.59973
444.11085
446.33884
444.96127
444.59842
447.03197
448.09178
446.46706
446.36252
444.00743
443.95536
444.42865
447.27919
447.6398
448.46559
446.97551
446.74139
448.09338
446.4985
446.35615
446.4262
445.42212
444.02995
443.98021
444.09051
444.93882
444.25037
444.34412
442.10463
443.44398
443.45501
441.43488
441.28963
441.46209
441.34189
443.58192
444.30624
443.42766
442.11359
441.96122
444.1224
443.43079
443.60908
442.18459
442.08877
444.116
444.35667
438.92507
438.96157
438.80099
439.10533
438.30946
439.35847
439.28675
440.39681
440.42238
438.12536
440.00042
437.97968
437.86771
438.03972
437.08486
437.14964
437.12163
437.66881
437.93294
438.92653
439.00074
438.88649
438.65484
440.03401
440.19052
437.84595
439.98785
438.32326
437.04432
438.24135
440.70861
440.8252
440.12318
439.52284
438.85677
439.67437
438.79139
438.28395
438.21986
438.86158
438.85088
437.82996
437.33891
438.74789
439.62862
439.6877
438.92827
438.69045
438.53314
437.84185
442.32567
443.96497
444.08205
444.12621
442.35709
442.14373
443.52961
444.76347
442.14239
440.8924
440.92322
442.32868
442.28428
441.4353
443.16613
442.2083
439.69232
440.71922
440.60875
440.88944
439.76052
440.72117
436.62016
438.87361
438.93473
438.80888
439.01128
438.15402
439.14923
439.26866
440.36216
440.31614
438.04394
440.04565
437.88152
437.77551
437.9393
437.12621
437.05202
437.07013
437.70304
437.84057
438.90988
439.03307
438.86557
438.71605
440.0692
440.21891
437.85276
440.02184
438.17857
437.13284
438.12897
440.62164
440.91885
440.20573
439.33581
438.69294
439.37551
438.78345
438.35293
438.14215
438.47889
438.86627
438.87384
437.87579
438.75088
439.62797
439.55029
438.80131
438.49433
438.20033
437.68905
440.40361
441.90287
440.59896
442.14414
443.8896
443.98244
442.33373
442.11715
443.22899
444.51073
441.9713
440.87161
440.77833
442.00697
442.04335
441.12978
442.95956
439.41003
440.42177
439.61298
440.58502
436.62708
434.67778
433.79452
446.23284
446.40133
446.55233
446.35637
444.99513
444.81649
446.22972
446.39201
446.53205
446.34021
444.97565
444.8133
444.05824
433.74413
433.91086
433.93132
433.74449
433.93045
433.98681
433.58655
433.5989
433.43099
433.74805
433.87033
433.88639
433.72363
433.86326
433.89274
433.51591
433.41402
433.25201
433.74112
433.97321
433.91076
433.73022
433.97752
433.94933
433.61282
433.58958
433.51032
434.59726
435.38682
434.68256
434.84132
435.53012
434.85201
433.73937
433.9516
433.96203
433.77495
433.94103
433.97454
433.5813
433.51393
433.5084
434.62492
435.47287
434.7964
434.96113
435.6561
435.01265
436.983
437.09108
437.13499
437.52205
437.59167
437.6345
437.51387
437.62539
437.65735
436.78899
437.00119
436.97822
437.46396
437.57194
437.67288
437.38081
437.51983
437.62921
435.59138
436.01196
435.5468
436.95233
437.15891
437.1764
437.43839
437.5299
437.57346
437.42441
437.52373
437.59447
435.63312
436.00848
435.63529
436.9577
437.15264
437.17803
437.45631
437.58016
437.66956
437.45529
437.56553
437.62237
433.58897
433.58976
433.56138
433.15152
433.42058
433.58669
433.29002
436.13426
436.64608
436.94972
436.72563
433.48194
433.69441
433.10296
432.98645
432.93913
432.47181
432.55358
435.29024
435.56213
435.54782
435.48087
434.84542
434.82497
435.26047
433.3144
433.46948
433.4848
433.73758
433.70357
433.8217
434.57997
434.71669
434.57705
434.78839
435.39249
435.46562
434.97074
435.15865
434.83417
434.60609
435.22429
434.97804
435.47654
435.52779
435.43729
435.69543
433.51394
433.02202
433.77967
434.24625
434.89157
434.7063
434.64645
434.3953
434.33575
434.34224
434.01217
434.5313
435.16543
435.37169
435.3465
433.5404
433.476
433.57417
432.77254
433.39466
433.28033
432.9038
433.4123
435.09843
435.28205
435.57353
436.12428
435.28087
435.63451
435.64237
435.78071
440.97877
440.84964
439.67832
440.67192
442.08662
441.46866
441.35646
441.39854
441.23567
436.08622
436.10348
436.14365
436.09135
434.87839
436.14655
435.61447
435.57424
436.37883
435.58098
436.35703
435.87759
436.13358
435.40439
435.52869
435.68373
435.64959
444.61618
442.30679
444.03754
443.91102
443.37001
442.34108
435.84857
436.32284
436.5219
436.80328
436.79816
436.44082
436.57542
436.75584
436.58139
436.13396
435.99583
436.57307
436.81612
436.11767
436.17076
444.3553
446.54227
446.59308
445.28131
445.40164
433.84165
433.85195
434.06685
433.91713
434.01497
433.65751
433.77596
433.76982
434.04962
433.7863
433.99116
433.55966
434.10447
433.87425
434.03087
433.73177
433.8193
433.87619
434.03155
433.79789
434.13886
433.86044
437.14268
437.09215
437.20142
437.1235
438.44194
438.47006
437.15031
437.0992
437.09818
437.00056
438.54396
438.52429
437.26171
437.10964
437.19562
437.06727
438.39176
438.42492
437.2646
437.14616
437.24545
437.11754
438.47483
438.46433
433.82328
433.8004
)
;
        Tnbr            T;
        thicknessLayers List<scalar> 0();
        kappaLayers     List<scalar> 0();
        kappaMethod     fluidThermo;
        kappa           none;
        alphaAni        none;
        alpha           none;
        field           T;
    }
}


// ************************************************************************* //
