solid blade
  facet normal 6.463037e-01 -7.616194e-01 4.719592e-02
    outer loop
      vertex 3.465672e-02 -5.546235e-02 6.600000e-01
      vertex 3.752927e-02 -5.302473e-02 6.600000e-01
      vertex 2.827559e-02 -4.705848e-02 8.830000e-01
    endloop
  endfacet
  facet normal 6.329208e-01 -7.727923e-01 4.693951e-02
    outer loop
      vertex 2.827559e-02 -4.705848e-02 8.830000e-01
      vertex 3.752927e-02 -5.302473e-02 6.600000e-01
      vertex 3.072229e-02 -4.505462e-02 8.830000e-01
    endloop
  endfacet
  facet normal 7.921154e-01 -6.086407e-01 4.593201e-02
    outer loop
      vertex 3.752927e-02 -5.302473e-02 6.600000e-01
      vertex 3.847912e-02 -5.178854e-02 6.600000e-01
      vertex 3.072229e-02 -4.505462e-02 8.830000e-01
    endloop
  endfacet
  facet normal 7.813710e-01 -6.223711e-01 4.597289e-02
    outer loop
      vertex 3.072229e-02 -4.505462e-02 8.830000e-01
      vertex 3.847912e-02 -5.178854e-02 6.600000e-01
      vertex 3.153764e-02 -4.403098e-02 8.830000e-01
    endloop
  endfacet
  facet normal 8.727146e-01 -4.862367e-01 4.408047e-02
    outer loop
      vertex 3.847912e-02 -5.178854e-02 6.600000e-01
      vertex 4.012700e-02 -4.883088e-02 6.600000e-01
      vertex 3.153764e-02 -4.403098e-02 8.830000e-01
    endloop
  endfacet
  facet normal 8.640959e-01 -5.013938e-01 4.407474e-02
    outer loop
      vertex 3.153764e-02 -4.403098e-02 8.830000e-01
      vertex 4.012700e-02 -4.883088e-02 6.600000e-01
      vertex 3.296407e-02 -4.157269e-02 8.830000e-01
    endloop
  endfacet
  facet normal 9.492174e-01 -3.119845e-01 4.064404e-02
    outer loop
      vertex 4.012700e-02 -4.883088e-02 6.600000e-01
      vertex 4.145608e-02 -4.478711e-02 6.600000e-01
      vertex 3.296407e-02 -4.157269e-02 8.830000e-01
    endloop
  endfacet
  facet normal 9.436270e-01 -3.285028e-01 4.066925e-02
    outer loop
      vertex 3.296407e-02 -4.157269e-02 8.830000e-01
      vertex 4.145608e-02 -4.478711e-02 6.600000e-01
      vertex 3.413884e-02 -3.819814e-02 8.830000e-01
    endloop
  endfacet
  facet normal 9.901818e-01 -1.349419e-01 3.647771e-02
    outer loop
      vertex 4.145608e-02 -4.478711e-02 6.600000e-01
      vertex 4.241341e-02 -3.776238e-02 6.600000e-01
      vertex 3.413884e-02 -3.819814e-02 8.830000e-01
    endloop
  endfacet
  facet normal 9.876805e-01 -1.522031e-01 3.635117e-02
    outer loop
      vertex 3.413884e-02 -3.819814e-02 8.830000e-01
      vertex 4.241341e-02 -3.776238e-02 6.600000e-01
      vertex 3.504526e-02 -3.231616e-02 8.830000e-01
    endloop
  endfacet
  facet normal 9.993898e-01 1.221741e-02 3.272249e-02
    outer loop
      vertex 4.241341e-02 -3.776238e-02 6.600000e-01
      vertex 4.233544e-02 -3.138458e-02 6.600000e-01
      vertex 3.504526e-02 -3.231616e-02 8.830000e-01
    endloop
  endfacet
  facet normal 9.994531e-01 -5.226218e-03 3.265169e-02
    outer loop
      vertex 3.504526e-02 -3.231616e-02 8.830000e-01
      vertex 4.233544e-02 -3.138458e-02 6.600000e-01
      vertex 3.507326e-02 -2.696199e-02 8.830000e-01
    endloop
  endfacet
  facet normal 9.953356e-01 9.149171e-02 3.059947e-02
    outer loop
      vertex 4.233544e-02 -3.138458e-02 6.600000e-01
      vertex 4.177680e-02 -2.530713e-02 6.600000e-01
      vertex 3.507326e-02 -2.696199e-02 8.830000e-01
    endloop
  endfacet
  facet normal 9.967834e-01 7.410696e-02 3.051398e-02
    outer loop
      vertex 3.507326e-02 -2.696199e-02 8.830000e-01
      vertex 4.177680e-02 -2.530713e-02 6.600000e-01
      vertex 3.469342e-02 -2.185287e-02 8.830000e-01
    endloop
  endfacet
  facet normal 9.812589e-01 1.906167e-01 2.821613e-02
    outer loop
      vertex 4.177680e-02 -2.530713e-02 6.600000e-01
      vertex 3.955027e-02 -1.384538e-02 6.600000e-01
      vertex 3.469342e-02 -2.185287e-02 8.830000e-01
    endloop
  endfacet
  facet normal 9.844513e-01 1.734650e-01 2.766977e-02
    outer loop
      vertex 3.469342e-02 -2.185287e-02 8.830000e-01
      vertex 3.955027e-02 -1.384538e-02 6.600000e-01
      vertex 3.299256e-02 -1.220016e-02 8.830000e-01
    endloop
  endfacet
  facet normal 9.617535e-01 2.726536e-01 2.627052e-02
    outer loop
      vertex 3.955027e-02 -1.384538e-02 6.600000e-01
      vertex 3.645483e-02 -2.926581e-03 6.600000e-01
      vertex 3.299256e-02 -1.220016e-02 8.830000e-01
    endloop
  endfacet
  facet normal 9.663813e-01 2.558314e-01 2.564281e-02
    outer loop
      vertex 3.299256e-02 -1.220016e-02 8.830000e-01
      vertex 3.645483e-02 -2.926581e-03 6.600000e-01
      vertex 3.055446e-02 -2.990422e-03 8.830000e-01
    endloop
  endfacet
  facet normal 9.411650e-01 3.370216e-01 2.499885e-02
    outer loop
      vertex 3.645483e-02 -2.926581e-03 6.600000e-01
      vertex 3.269384e-02 7.576337e-03 6.600000e-01
      vertex 3.055446e-02 -2.990422e-03 8.830000e-01
    endloop
  endfacet
  facet normal 9.469204e-01 3.205504e-01 2.427358e-02
    outer loop
      vertex 3.055446e-02 -2.990422e-03 8.830000e-01
      vertex 3.269384e-02 7.576337e-03 6.600000e-01
      vertex 2.755165e-02 5.880006e-03 8.830000e-01
    endloop
  endfacet
  facet normal 9.146522e-01 4.035191e-01 2.416064e-02
    outer loop
      vertex 3.269384e-02 7.576337e-03 6.600000e-01
      vertex 2.824882e-02 1.765182e-02 6.600000e-01
      vertex 2.755165e-02 5.880006e-03 8.830000e-01
    endloop
  endfacet
  facet normal 9.215733e-01 3.875023e-01 2.333678e-02
    outer loop
      vertex 2.755165e-02 5.880006e-03 8.830000e-01
      vertex 2.824882e-02 1.765182e-02 6.600000e-01
      vertex 2.396845e-02 1.440170e-02 8.830000e-01
    endloop
  endfacet
  facet normal 8.808563e-01 4.727853e-01 2.379819e-02
    outer loop
      vertex 2.824882e-02 1.765182e-02 6.600000e-01
      vertex 2.308279e-02 2.727677e-02 6.600000e-01
      vertex 2.396845e-02 1.440170e-02 8.830000e-01
    endloop
  endfacet
  facet normal 8.889925e-01 4.573500e-01 2.287472e-02
    outer loop
      vertex 2.396845e-02 1.440170e-02 8.830000e-01
      vertex 2.308279e-02 2.727677e-02 6.600000e-01
      vertex 1.977350e-02 2.255581e-02 8.830000e-01
    endloop
  endfacet
  facet normal 8.488662e-01 5.280728e-01 2.377646e-02
    outer loop
      vertex 2.308279e-02 2.727677e-02 6.600000e-01
      vertex 1.732515e-02 3.653205e-02 6.600000e-01
      vertex 1.977350e-02 2.255581e-02 8.830000e-01
    endloop
  endfacet
  facet normal 8.579737e-01 5.131899e-01 2.274371e-02
    outer loop
      vertex 1.977350e-02 2.255581e-02 8.830000e-01
      vertex 1.732515e-02 3.653205e-02 6.600000e-01
      vertex 1.507659e-02 3.040832e-02 8.830000e-01
    endloop
  endfacet
  facet normal 8.168558e-01 5.763398e-01 2.406324e-02
    outer loop
      vertex 1.732515e-02 3.653205e-02 6.600000e-01
      vertex 1.103139e-02 4.545231e-02 6.600000e-01
      vertex 1.507659e-02 3.040832e-02 8.830000e-01
    endloop
  endfacet
  facet normal 8.268122e-01 5.620110e-01 2.291599e-02
    outer loop
      vertex 1.507659e-02 3.040832e-02 8.830000e-01
      vertex 1.103139e-02 4.545231e-02 6.600000e-01
      vertex 9.924777e-03 3.798749e-02 8.830000e-01
    endloop
  endfacet
  facet normal 7.872280e-01 6.161738e-01 2.453263e-02
    outer loop
      vertex 1.103139e-02 4.545231e-02 6.600000e-01
      vertex 4.275431e-03 5.408376e-02 6.600000e-01
      vertex 9.924777e-03 3.798749e-02 8.830000e-01
    endloop
  endfacet
  facet normal 7.978860e-01 6.023592e-01 2.326548e-02
    outer loop
      vertex 9.924777e-03 3.798749e-02 8.830000e-01
      vertex 4.275431e-03 5.408376e-02 6.600000e-01
      vertex 4.380812e-03 4.533104e-02 8.830000e-01
    endloop
  endfacet
  facet normal 7.598169e-01 6.496509e-01 2.513967e-02
    outer loop
      vertex 4.275431e-03 5.408376e-02 6.600000e-01
      vertex -2.887247e-03 6.246107e-02 6.600000e-01
      vertex 4.380812e-03 4.533104e-02 8.830000e-01
    endloop
  endfacet
  facet normal 7.710654e-01 6.363129e-01 2.374848e-02
    outer loop
      vertex 4.380812e-03 4.533104e-02 8.830000e-01
      vertex -2.887247e-03 6.246107e-02 6.600000e-01
      vertex -1.508249e-03 5.246723e-02 8.830000e-01
    endloop
  endfacet
  facet normal 7.313559e-01 6.814995e-01 2.601909e-02
    outer loop
      vertex -2.887247e-03 6.246107e-02 6.600000e-01
      vertex -1.045665e-02 7.058423e-02 6.600000e-01
      vertex -1.508249e-03 5.246723e-02 8.830000e-01
    endloop
  endfacet
  facet normal 7.431668e-01 6.686574e-01 2.450184e-02
    outer loop
      vertex -1.508249e-03 5.246723e-02 8.830000e-01
      vertex -1.045665e-02 7.058423e-02 6.600000e-01
      vertex -7.742405e-03 5.939607e-02 8.830000e-01
    endloop
  endfacet
  facet normal 7.060910e-01 7.076097e-01 2.690738e-02
    outer loop
      vertex -1.045665e-02 7.058423e-02 6.600000e-01
      vertex -1.837731e-02 7.848789e-02 6.600000e-01
      vertex -7.742405e-03 5.939607e-02 8.830000e-01
    endloop
  endfacet
  facet normal 7.183638e-01 6.952088e-01 2.526041e-02
    outer loop
      vertex -7.742405e-03 5.939607e-02 8.830000e-01
      vertex -1.837731e-02 7.848789e-02 6.600000e-01
      vertex -1.427460e-02 6.614583e-02 8.830000e-01
    endloop
  endfacet
  facet normal 6.830633e-01 7.298289e-01 2.782593e-02
    outer loop
      vertex -1.837731e-02 7.848789e-02 6.600000e-01
      vertex -2.661226e-02 8.619517e-02 6.600000e-01
      vertex -1.427460e-02 6.614583e-02 8.830000e-01
    endloop
  endfacet
  facet normal 6.957299e-01 7.178311e-01 2.604644e-02
    outer loop
      vertex -1.427460e-02 6.614583e-02 8.830000e-01
      vertex -2.661226e-02 8.619517e-02 6.600000e-01
      vertex -2.107346e-02 7.273535e-02 8.830000e-01
    endloop
  endfacet
  facet normal 6.680014e-01 7.436220e-01 2.829184e-02
    outer loop
      vertex -2.661226e-02 8.619517e-02 6.600000e-01
      vertex -3.505058e-02 9.377537e-02 6.600000e-01
      vertex -2.107346e-02 7.273535e-02 8.830000e-01
    endloop
  endfacet
  facet normal 6.809134e-01 7.318889e-01 2.637554e-02
    outer loop
      vertex -2.107346e-02 7.273535e-02 8.830000e-01
      vertex -3.505058e-02 9.377537e-02 6.600000e-01
      vertex -2.804486e-02 7.922121e-02 8.830000e-01
    endloop
  endfacet
  facet normal 6.528382e-01 7.569461e-01 2.889291e-02
    outer loop
      vertex -3.505058e-02 9.377537e-02 6.600000e-01
      vertex -4.369225e-02 1.012285e-01 6.600000e-01
      vertex -2.804486e-02 7.922121e-02 8.830000e-01
    endloop
  endfacet
  facet normal 6.659875e-01 7.454799e-01 2.683869e-02
    outer loop
      vertex -2.804486e-02 7.922121e-02 8.830000e-01
      vertex -4.369225e-02 1.012285e-01 6.600000e-01
      vertex -3.518881e-02 8.560338e-02 8.830000e-01
    endloop
  endfacet
  facet normal 6.417648e-01 7.663445e-01 2.922428e-02
    outer loop
      vertex -4.369225e-02 1.012285e-01 6.600000e-01
      vertex -5.248183e-02 1.085892e-01 6.600000e-01
      vertex -3.518881e-02 8.560338e-02 8.830000e-01
    endloop
  endfacet
  facet normal 6.550821e-01 7.550741e-01 2.702986e-02
    outer loop
      vertex -3.518881e-02 8.560338e-02 8.830000e-01
      vertex -5.248183e-02 1.085892e-01 6.600000e-01
      vertex -4.245826e-02 9.191016e-02 8.830000e-01
    endloop
  endfacet
  facet normal 6.320510e-01 7.743648e-01 2.950790e-02
    outer loop
      vertex -5.248183e-02 1.085892e-01 6.600000e-01
      vertex -6.140081e-02 1.158690e-01 6.600000e-01
      vertex -4.245826e-02 9.191016e-02 8.830000e-01
    endloop
  endfacet
  facet normal 6.455120e-01 7.632666e-01 2.717209e-02
    outer loop
      vertex -4.245826e-02 9.191016e-02 8.830000e-01
      vertex -6.140081e-02 1.158690e-01 6.600000e-01
      vertex -4.983750e-02 9.815095e-02 8.830000e-01
    endloop
  endfacet
  facet normal 6.264975e-01 7.788688e-01 2.939770e-02
    outer loop
      vertex -6.140081e-02 1.158690e-01 6.600000e-01
      vertex -7.039375e-02 1.231027e-01 6.600000e-01
      vertex -4.983750e-02 9.815095e-02 8.830000e-01
    endloop
  endfacet
  facet normal 6.400400e-01 7.678699e-01 2.691868e-02
    outer loop
      vertex -4.983750e-02 9.815095e-02 8.830000e-01
      vertex -7.039375e-02 1.231027e-01 6.600000e-01
      vertex -5.727949e-02 1.043541e-01 8.830000e-01
    endloop
  endfacet
  facet normal 5.320554e-01 8.457727e-01 3.981871e-02
    outer loop
      vertex -7.039375e-02 1.231027e-01 6.600000e-01
      vertex -8.064383e-02 1.295508e-01 6.600000e-01
      vertex -5.727949e-02 1.043541e-01 8.830000e-01
    endloop
  endfacet
  facet normal 5.467900e-01 8.364421e-01 3.722067e-02
    outer loop
      vertex -5.727949e-02 1.043541e-01 8.830000e-01
      vertex -8.064383e-02 1.295508e-01 6.600000e-01
      vertex -6.578814e-02 1.099162e-01 8.830000e-01
    endloop
  endfacet
  facet normal 3.500282e-01 -9.356443e-01 4.527623e-02
    outer loop
      vertex 3.465672e-02 -5.546235e-02 6.600000e-01
      vertex 2.827559e-02 -4.705848e-02 8.830000e-01
      vertex 3.209396e-02 -5.642108e-02 6.600000e-01
    endloop
  endfacet
  facet normal 3.336461e-01 -9.416119e-01 4.524628e-02
    outer loop
      vertex 2.827559e-02 -4.705848e-02 8.830000e-01
      vertex 2.611056e-02 -4.782563e-02 8.830000e-01
      vertex 3.209396e-02 -5.642108e-02 6.600000e-01
    endloop
  endfacet
  facet normal 5.134342e-02 -9.978860e-01 3.984077e-02
    outer loop
      vertex 3.209396e-02 -5.642108e-02 6.600000e-01
      vertex 2.611056e-02 -4.782563e-02 8.830000e-01
      vertex 3.097322e-02 -5.647875e-02 6.600000e-01
    endloop
  endfacet
  facet normal 3.392056e-02 -9.986440e-01 3.949027e-02
    outer loop
      vertex 2.611056e-02 -4.782563e-02 8.830000e-01
      vertex 2.516906e-02 -4.785761e-02 8.830000e-01
      vertex 3.097322e-02 -5.647875e-02 6.600000e-01
    endloop
  endfacet
  facet normal -1.872342e-01 -9.817581e-01 3.308133e-02
    outer loop
      vertex 3.097322e-02 -5.647875e-02 6.600000e-01
      vertex 2.516906e-02 -4.785761e-02 8.830000e-01
      vertex 2.860932e-02 -5.602792e-02 6.600000e-01
    endloop
  endfacet
  facet normal -2.043424e-01 -9.783534e-01 3.269266e-02
    outer loop
      vertex 2.516906e-02 -4.785761e-02 8.830000e-01
      vertex 2.319159e-02 -4.744459e-02 8.830000e-01
      vertex 2.860932e-02 -5.602792e-02 6.600000e-01
    endloop
  endfacet
  facet normal -4.182954e-01 -9.079728e-01 2.478575e-02
    outer loop
      vertex 2.860932e-02 -5.602792e-02 6.600000e-01
      vertex 2.319159e-02 -4.744459e-02 8.830000e-01
      vertex 2.564931e-02 -5.466427e-02 6.600000e-01
    endloop
  endfacet
  facet normal -4.340824e-01 -9.005434e-01 2.437123e-02
    outer loop
      vertex 2.319159e-02 -4.744459e-02 8.830000e-01
      vertex 2.072717e-02 -4.625668e-02 8.830000e-01
      vertex 2.564931e-02 -5.466427e-02 6.600000e-01
    endloop
  endfacet
  facet normal -5.710341e-01 -8.207214e-01 1.833891e-02
    outer loop
      vertex 2.564931e-02 -5.466427e-02 6.600000e-01
      vertex 2.072717e-02 -4.625668e-02 8.830000e-01
      vertex 2.078310e-02 -5.127850e-02 6.600000e-01
    endloop
  endfacet
  facet normal -5.852732e-01 -8.106339e-01 1.810818e-02
    outer loop
      vertex 2.072717e-02 -4.625668e-02 8.830000e-01
      vertex 1.669245e-02 -4.334364e-02 8.830000e-01
      vertex 2.078310e-02 -5.127850e-02 6.600000e-01
    endloop
  endfacet
  facet normal -6.927897e-01 -7.210235e-01 1.294738e-02
    outer loop
      vertex 2.078310e-02 -5.127850e-02 6.600000e-01
      vertex 1.669245e-02 -4.334364e-02 8.830000e-01
      vertex 1.673033e-02 -4.738443e-02 6.600000e-01
    endloop
  endfacet
  facet normal -7.052698e-01 -7.088248e-01 1.272422e-02
    outer loop
      vertex 1.669245e-02 -4.334364e-02 8.830000e-01
      vertex 1.334793e-02 -4.001589e-02 8.830000e-01
      vertex 1.673033e-02 -4.738443e-02 6.600000e-01
    endloop
  endfacet
  facet normal -7.484902e-01 -6.630619e-01 1.055653e-02
    outer loop
      vertex 1.673033e-02 -4.738443e-02 6.600000e-01
      vertex 1.334793e-02 -4.001589e-02 8.830000e-01
      vertex 1.306580e-02 -4.324776e-02 6.600000e-01
    endloop
  endfacet
  facet normal -7.599496e-01 -6.498991e-01 1.038026e-02
    outer loop
      vertex 1.334793e-02 -4.001589e-02 8.830000e-01
      vertex 1.033281e-02 -3.649021e-02 8.830000e-01
      vertex 1.306580e-02 -4.324776e-02 6.600000e-01
    endloop
  endfacet
  facet normal -7.922899e-01 -6.100818e-01 8.777330e-03
    outer loop
      vertex 1.306580e-02 -4.324776e-02 6.600000e-01
      vertex 1.033281e-02 -3.649021e-02 8.830000e-01
      vertex 6.383790e-03 -3.457010e-02 6.600000e-01
    endloop
  endfacet
  facet normal -8.028144e-01 -5.961598e-01 9.083577e-03
    outer loop
      vertex 1.033281e-02 -3.649021e-02 8.830000e-01
      vertex 4.851587e-03 -2.910896e-02 8.830000e-01
      vertex 6.383790e-03 -3.457010e-02 6.600000e-01
    endloop
  endfacet
  facet normal -8.239067e-01 -5.666660e-01 8.216367e-03
    outer loop
      vertex 6.383790e-03 -3.457010e-02 6.600000e-01
      vertex 4.851587e-03 -2.910896e-02 8.830000e-01
      vertex 2.009466e-04 -2.558052e-02 6.600000e-01
    endloop
  endfacet
  facet normal -8.336678e-01 -5.521985e-01 8.648848e-03
    outer loop
      vertex 4.851587e-03 -2.910896e-02 8.830000e-01
      vertex -2.061065e-04 -2.147323e-02 8.830000e-01
      vertex 2.009466e-04 -2.558052e-02 6.600000e-01
    endloop
  endfacet
  facet normal -8.469578e-01 -5.315962e-01 8.245130e-03
    outer loop
      vertex 2.009466e-04 -2.558052e-02 6.600000e-01
      vertex -2.061065e-04 -2.147323e-02 8.830000e-01
      vertex -5.593661e-03 -1.634835e-02 6.600000e-01
    endloop
  endfacet
  facet normal -8.561023e-01 -5.167313e-01 8.807674e-03
    outer loop
      vertex -2.061065e-04 -2.147323e-02 8.830000e-01
      vertex -4.934391e-03 -1.363958e-02 8.830000e-01
      vertex -5.593661e-03 -1.634835e-02 6.600000e-01
    endloop
  endfacet
  facet normal -8.655329e-01 -5.007776e-01 8.641764e-03
    outer loop
      vertex -5.593661e-03 -1.634835e-02 6.600000e-01
      vertex -4.934391e-03 -1.363958e-02 8.830000e-01
      vertex -1.105549e-02 -6.908239e-03 6.600000e-01
    endloop
  endfacet
  facet normal -8.741354e-01 -4.855926e-01 9.336256e-03
    outer loop
      vertex -4.934391e-03 -1.363958e-02 8.830000e-01
      vertex -9.380325e-03 -5.636268e-03 8.830000e-01
      vertex -1.105549e-02 -6.908239e-03 6.600000e-01
    endloop
  endfacet
  facet normal -8.743844e-01 -4.851441e-01 9.335568e-03
    outer loop
      vertex -1.105549e-02 -6.908239e-03 6.600000e-01
      vertex -9.380325e-03 -5.636268e-03 8.830000e-01
      vertex -1.635094e-02 2.635843e-03 6.600000e-01
    endloop
  endfacet
  facet normal -8.827110e-01 -4.698063e-01 1.016480e-02
    outer loop
      vertex -9.380325e-03 -5.636268e-03 8.830000e-01
      vertex -1.368508e-02 2.451868e-03 8.830000e-01
      vertex -1.635094e-02 2.635843e-03 6.600000e-01
    endloop
  endfacet
  facet normal -8.782190e-01 -4.781520e-01 1.010421e-02
    outer loop
      vertex -1.635094e-02 2.635843e-03 6.600000e-01
      vertex -1.368508e-02 2.451868e-03 8.830000e-01
      vertex -2.157244e-02 1.222613e-02 6.600000e-01
    endloop
  endfacet
  facet normal -8.864210e-01 -4.627474e-01 1.106951e-02
    outer loop
      vertex -1.368508e-02 2.451868e-03 8.830000e-01
      vertex -1.792710e-02 1.057770e-02 8.830000e-01
      vertex -2.157244e-02 1.222613e-02 6.600000e-01
    endloop
  endfacet
  facet normal -8.772579e-01 -4.798980e-01 1.079294e-02
    outer loop
      vertex -2.157244e-02 1.222613e-02 6.600000e-01
      vertex -1.792710e-02 1.057770e-02 8.830000e-01
      vertex -2.681242e-02 2.180487e-02 6.600000e-01
    endloop
  endfacet
  facet normal -8.854886e-01 -4.645088e-01 1.189567e-02
    outer loop
      vertex -1.792710e-02 1.057770e-02 8.830000e-01
      vertex -2.218480e-02 1.869412e-02 8.830000e-01
      vertex -2.681242e-02 2.180487e-02 6.600000e-01
    endloop
  endfacet
  facet normal -8.791557e-01 -4.763934e-01 1.159847e-02
    outer loop
      vertex -2.681242e-02 2.180487e-02 6.600000e-01
      vertex -2.218480e-02 1.869412e-02 8.830000e-01
      vertex -3.201543e-02 3.140672e-02 6.600000e-01
    endloop
  endfacet
  facet normal -8.873226e-01 -4.609705e-01 1.283771e-02
    outer loop
      vertex -2.218480e-02 1.869412e-02 8.830000e-01
      vertex -2.641112e-02 2.682938e-02 8.830000e-01
      vertex -3.201543e-02 3.140672e-02 6.600000e-01
    endloop
  endfacet
  facet normal -8.781978e-01 -4.781405e-01 1.225596e-02
    outer loop
      vertex -3.201543e-02 3.140672e-02 6.600000e-01
      vertex -2.641112e-02 2.682938e-02 8.830000e-01
      vertex -3.723693e-02 4.099701e-02 6.600000e-01
    endloop
  endfacet
  facet normal -8.863930e-01 -4.627328e-01 1.363269e-02
    outer loop
      vertex -2.641112e-02 2.682938e-02 8.830000e-01
      vertex -3.065314e-02 3.495522e-02 8.830000e-01
      vertex -3.723693e-02 4.099701e-02 6.600000e-01
    endloop
  endfacet
  facet normal -8.800864e-01 -4.746322e-01 1.312410e-02
    outer loop
      vertex -3.723693e-02 4.099701e-02 6.600000e-01
      vertex -3.065314e-02 3.495522e-02 8.830000e-01
      vertex -4.242145e-02 5.061040e-02 6.600000e-01
    endloop
  endfacet
  facet normal -8.882172e-01 -4.591906e-01 1.463722e-02
    outer loop
      vertex -3.065314e-02 3.495522e-02 8.830000e-01
      vertex -3.486378e-02 4.309990e-02 8.830000e-01
      vertex -4.242145e-02 5.061040e-02 6.600000e-01
    endloop
  endfacet
  facet normal -8.810203e-01 -4.728733e-01 1.393249e-02
    outer loop
      vertex -4.242145e-02 5.061040e-02 6.600000e-01
      vertex -3.486378e-02 4.309990e-02 8.830000e-01
      vertex -4.758748e-02 6.023535e-02 6.600000e-01
    endloop
  endfacet
  facet normal -8.891172e-01 -4.574142e-01 1.558236e-02
    outer loop
      vertex -3.486378e-02 4.309990e-02 8.830000e-01
      vertex -3.905873e-02 5.125401e-02 8.830000e-01
      vertex -4.758748e-02 6.023535e-02 6.600000e-01
    endloop
  endfacet
  facet normal -8.828842e-01 -4.693554e-01 1.486304e-02
    outer loop
      vertex -4.758748e-02 6.023535e-02 6.600000e-01
      vertex -3.905873e-02 5.125401e-02 8.830000e-01
      vertex -5.271654e-02 6.988341e-02 6.600000e-01
    endloop
  endfacet
  facet normal -8.909161e-01 -4.538627e-01 1.664922e-02
    outer loop
      vertex -3.905873e-02 5.125401e-02 8.830000e-01
      vertex -4.322232e-02 5.942698e-02 8.830000e-01
      vertex -5.271654e-02 6.988341e-02 6.600000e-01
    endloop
  endfacet
  facet normal -8.856549e-01 -4.640701e-01 1.594660e-02
    outer loop
      vertex -5.271654e-02 6.988341e-02 6.600000e-01
      vertex -4.322232e-02 5.942698e-02 8.830000e-01
      vertex -5.779014e-02 7.956611e-02 6.600000e-01
    endloop
  endfacet
  facet normal -8.935901e-01 -4.485280e-01 1.786858e-02
    outer loop
      vertex -4.322232e-02 5.942698e-02 8.830000e-01
      vertex -4.733884e-02 6.762822e-02 8.830000e-01
      vertex -5.779014e-02 7.956611e-02 6.600000e-01
    endloop
  endfacet
  facet normal -8.892971e-01 -4.570058e-01 1.721355e-02
    outer loop
      vertex -5.779014e-02 7.956611e-02 6.600000e-01
      vertex -4.733884e-02 6.762822e-02 8.830000e-01
      vertex -6.278979e-02 8.929503e-02 6.600000e-01
    endloop
  endfacet
  facet normal -8.971039e-01 -4.413992e-01 1.927079e-02
    outer loop
      vertex -4.733884e-02 6.762822e-02 8.830000e-01
      vertex -5.139262e-02 7.586715e-02 8.830000e-01
      vertex -6.278979e-02 8.929503e-02 6.600000e-01
    endloop
  endfacet
  facet normal -8.910886e-01 -4.534629e-01 1.823695e-02
    outer loop
      vertex -6.278979e-02 8.929503e-02 6.600000e-01
      vertex -5.139262e-02 7.586715e-02 8.830000e-01
      vertex -6.775246e-02 9.904706e-02 6.600000e-01
    endloop
  endfacet
  facet normal -8.988287e-01 -4.378236e-01 2.043042e-02
    outer loop
      vertex -5.139262e-02 7.586715e-02 8.830000e-01
      vertex -5.541503e-02 8.412494e-02 8.830000e-01
      vertex -6.775246e-02 9.904706e-02 6.600000e-01
    endloop
  endfacet
  facet normal -8.928631e-01 -4.499147e-01 1.929130e-02
    outer loop
      vertex -6.775246e-02 9.904706e-02 6.600000e-01
      vertex -5.541503e-02 8.412494e-02 8.830000e-01
      vertex -7.267816e-02 1.088222e-01 6.600000e-01
    endloop
  endfacet
  facet normal -9.005363e-01 -4.342429e-01 2.162096e-02
    outer loop
      vertex -5.541503e-02 8.412494e-02 8.830000e-01
      vertex -5.940606e-02 9.240158e-02 8.830000e-01
      vertex -7.267816e-02 1.088222e-01 6.600000e-01
    endloop
  endfacet
  facet normal -8.946208e-01 -4.463614e-01 2.037654e-02
    outer loop
      vertex -7.267816e-02 1.088222e-01 6.600000e-01
      vertex -5.940606e-02 9.240158e-02 8.830000e-01
      vertex -7.756688e-02 1.186204e-01 6.600000e-01
    endloop
  endfacet
  facet normal -9.022265e-01 -4.306572e-01 2.284234e-02
    outer loop
      vertex -5.940606e-02 9.240158e-02 8.830000e-01
      vertex -6.336572e-02 1.006971e-01 8.830000e-01
      vertex -7.756688e-02 1.186204e-01 6.600000e-01
    endloop
  endfacet
  facet normal -9.618360e-01 -2.707620e-01 3.948978e-02
    outer loop
      vertex -7.756688e-02 1.186204e-01 6.600000e-01
      vertex -6.336572e-02 1.006971e-01 8.830000e-01
      vertex -8.064383e-02 1.295508e-01 6.600000e-01
    endloop
  endfacet
  facet normal -9.663152e-01 -2.539082e-01 4.201752e-02
    outer loop
      vertex -6.336572e-02 1.006971e-01 8.830000e-01
      vertex -6.578814e-02 1.099162e-01 8.830000e-01
      vertex -8.064383e-02 1.295508e-01 6.600000e-01
    endloop
  endfacet
  facet normal 5.894704e-01 -7.197396e-01 -3.667419e-01
    outer loop
      vertex 2.827559e-02 -4.705848e-02 8.830000e-01
      vertex 3.072229e-02 -4.505462e-02 8.830000e-01
      vertex 5.392449e-02 -8.974542e-02 1.008000e+00
    endloop
  endfacet
  facet normal 5.894704e-01 -7.197396e-01 -3.667419e-01
    outer loop
      vertex 5.392449e-02 -8.974542e-02 1.008000e+00
      vertex 3.072229e-02 -4.505462e-02 8.830000e-01
      vertex 5.859060e-02 -8.592384e-02 1.008000e+00
    endloop
  endfacet
  facet normal 7.316489e-01 -5.827668e-01 -3.536563e-01
    outer loop
      vertex 3.072229e-02 -4.505462e-02 8.830000e-01
      vertex 3.153764e-02 -4.403098e-02 8.830000e-01
      vertex 5.859060e-02 -8.592384e-02 1.008000e+00
    endloop
  endfacet
  facet normal 7.316489e-01 -5.827668e-01 -3.536563e-01
    outer loop
      vertex 5.859060e-02 -8.592384e-02 1.008000e+00
      vertex 3.153764e-02 -4.403098e-02 8.830000e-01
      vertex 6.014555e-02 -8.397165e-02 1.008000e+00
    endloop
  endfacet
  facet normal 8.142438e-01 -4.724670e-01 -3.373157e-01
    outer loop
      vertex 3.153764e-02 -4.403098e-02 8.830000e-01
      vertex 3.296407e-02 -4.157269e-02 8.830000e-01
      vertex 6.014555e-02 -8.397165e-02 1.008000e+00
    endloop
  endfacet
  facet normal 8.142438e-01 -4.724670e-01 -3.373157e-01
    outer loop
      vertex 6.014555e-02 -8.397165e-02 1.008000e+00
      vertex 3.296407e-02 -4.157269e-02 8.830000e-01
      vertex 6.286589e-02 -7.928344e-02 1.008000e+00
    endloop
  endfacet
  facet normal 8.981373e-01 -3.126666e-01 -3.091747e-01
    outer loop
      vertex 3.296407e-02 -4.157269e-02 8.830000e-01
      vertex 3.413884e-02 -3.819814e-02 8.830000e-01
      vertex 6.286589e-02 -7.928344e-02 1.008000e+00
    endloop
  endfacet
  facet normal 8.981373e-01 -3.126666e-01 -3.091747e-01
    outer loop
      vertex 6.286589e-02 -7.928344e-02 1.008000e+00
      vertex 3.413884e-02 -3.819814e-02 8.830000e-01
      vertex 6.510631e-02 -7.284782e-02 1.008000e+00
    endloop
  endfacet
  facet normal 9.499662e-01 -1.463913e-01 -2.759237e-01
    outer loop
      vertex 3.413884e-02 -3.819814e-02 8.830000e-01
      vertex 3.504526e-02 -3.231616e-02 8.830000e-01
      vertex 6.510631e-02 -7.284782e-02 1.008000e+00
    endloop
  endfacet
  facet normal 9.499662e-01 -1.463913e-01 -2.759237e-01
    outer loop
      vertex 6.510631e-02 -7.284782e-02 1.008000e+00
      vertex 3.504526e-02 -3.231616e-02 8.830000e-01
      vertex 6.683495e-02 -6.163027e-02 1.008000e+00
    endloop
  endfacet
  facet normal 9.688531e-01 -5.066208e-03 -2.475844e-01
    outer loop
      vertex 3.504526e-02 -3.231616e-02 8.830000e-01
      vertex 3.507326e-02 -2.696199e-02 8.830000e-01
      vertex 6.683495e-02 -6.163027e-02 1.008000e+00
    endloop
  endfacet
  facet normal 9.688531e-01 -5.066208e-03 -2.475844e-01
    outer loop
      vertex 6.683495e-02 -6.163027e-02 1.008000e+00
      vertex 3.507326e-02 -2.696199e-02 8.830000e-01
      vertex 6.688835e-02 -5.141931e-02 1.008000e+00
    endloop
  endfacet
  facet normal 9.698619e-01 7.210545e-02 -2.327419e-01
    outer loop
      vertex 3.507326e-02 -2.696199e-02 8.830000e-01
      vertex 3.469342e-02 -2.185287e-02 8.830000e-01
      vertex 6.688835e-02 -5.141931e-02 1.008000e+00
    endloop
  endfacet
  facet normal 9.698619e-01 7.210545e-02 -2.327419e-01
    outer loop
      vertex 6.688835e-02 -5.141931e-02 1.008000e+00
      vertex 3.469342e-02 -2.185287e-02 8.830000e-01
      vertex 6.616395e-02 -4.167570e-02 1.008000e+00
    endloop
  endfacet
  facet normal 9.617412e-01 1.694634e-01 -2.152581e-01
    outer loop
      vertex 3.469342e-02 -2.185287e-02 8.830000e-01
      vertex 3.299256e-02 -1.220016e-02 8.830000e-01
      vertex 6.616395e-02 -4.167570e-02 1.008000e+00
    endloop
  endfacet
  facet normal 9.617412e-01 1.694634e-01 -2.152581e-01
    outer loop
      vertex 6.616395e-02 -4.167570e-02 1.008000e+00
      vertex 3.299256e-02 -1.220016e-02 8.830000e-01
      vertex 6.292024e-02 -2.326696e-02 1.008000e+00
    endloop
  endfacet
  facet normal 9.462929e-01 2.505134e-01 -2.043837e-01
    outer loop
      vertex 3.299256e-02 -1.220016e-02 8.830000e-01
      vertex 3.055446e-02 -2.990422e-03 8.830000e-01
      vertex 6.292024e-02 -2.326696e-02 1.008000e+00
    endloop
  endfacet
  facet normal 9.462929e-01 2.505134e-01 -2.043837e-01
    outer loop
      vertex 6.292024e-02 -2.326696e-02 1.008000e+00
      vertex 3.055446e-02 -2.990422e-03 8.830000e-01
      vertex 5.827052e-02 -5.703044e-03 1.008000e+00
    endloop
  endfacet
  facet normal 9.282547e-01 3.142317e-01 -1.990014e-01
    outer loop
      vertex 3.055446e-02 -2.990422e-03 8.830000e-01
      vertex 2.755165e-02 5.880006e-03 8.830000e-01
      vertex 5.827052e-02 -5.703044e-03 1.008000e+00
    endloop
  endfacet
  facet normal 9.282547e-01 3.142317e-01 -1.990014e-01
    outer loop
      vertex 5.827052e-02 -5.703044e-03 1.008000e+00
      vertex 2.755165e-02 5.880006e-03 8.830000e-01
      vertex 5.254386e-02 1.121378e-02 1.008000e+00
    endloop
  endfacet
  facet normal 9.037757e-01 3.800188e-01 -1.969143e-01
    outer loop
      vertex 2.755165e-02 5.880006e-03 8.830000e-01
      vertex 2.396845e-02 1.440170e-02 8.830000e-01
      vertex 5.254386e-02 1.121378e-02 1.008000e+00
    endloop
  endfacet
  facet normal 9.037757e-01 3.800188e-01 -1.969143e-01
    outer loop
      vertex 5.254386e-02 1.121378e-02 1.008000e+00
      vertex 2.396845e-02 1.440170e-02 8.830000e-01
      vertex 4.571033e-02 2.746554e-02 1.008000e+00
    endloop
  endfacet
  facet normal 8.715393e-01 4.483711e-01 -1.984508e-01
    outer loop
      vertex 2.396845e-02 1.440170e-02 8.830000e-01
      vertex 1.977350e-02 2.255581e-02 8.830000e-01
      vertex 4.571033e-02 2.746554e-02 1.008000e+00
    endloop
  endfacet
  facet normal 8.715393e-01 4.483711e-01 -1.984508e-01
    outer loop
      vertex 4.571033e-02 2.746554e-02 1.008000e+00
      vertex 1.977350e-02 2.255581e-02 8.830000e-01
      vertex 3.771012e-02 4.301628e-02 1.008000e+00
    endloop
  endfacet
  facet normal 8.403518e-01 5.026496e-01 -2.028601e-01
    outer loop
      vertex 1.977350e-02 2.255581e-02 8.830000e-01
      vertex 1.507659e-02 3.040832e-02 8.830000e-01
      vertex 3.771012e-02 4.301628e-02 1.008000e+00
    endloop
  endfacet
  facet normal 8.403518e-01 5.026496e-01 -2.028601e-01
    outer loop
      vertex 3.771012e-02 4.301628e-02 1.008000e+00
      vertex 1.507659e-02 3.040832e-02 8.830000e-01
      vertex 2.875262e-02 5.799182e-02 1.008000e+00
    endloop
  endfacet
  facet normal 8.086301e-01 5.496521e-01 -2.097614e-01
    outer loop
      vertex 1.507659e-02 3.040832e-02 8.830000e-01
      vertex 9.924777e-03 3.798749e-02 8.830000e-01
      vertex 2.875262e-02 5.799182e-02 1.008000e+00
    endloop
  endfacet
  facet normal 8.086301e-01 5.496521e-01 -2.097614e-01
    outer loop
      vertex 2.875262e-02 5.799182e-02 1.008000e+00
      vertex 9.924777e-03 3.798749e-02 8.830000e-01
      vertex 1.892758e-02 7.244610e-02 1.008000e+00
    endloop
  endfacet
  facet normal 7.788727e-01 5.880052e-01 -2.181910e-01
    outer loop
      vertex 9.924777e-03 3.798749e-02 8.830000e-01
      vertex 4.380812e-03 4.533104e-02 8.830000e-01
      vertex 1.892758e-02 7.244610e-02 1.008000e+00
    endloop
  endfacet
  facet normal 7.788727e-01 5.880052e-01 -2.181910e-01
    outer loop
      vertex 1.892758e-02 7.244610e-02 1.008000e+00
      vertex 4.380812e-03 4.533104e-02 8.830000e-01
      vertex 8.354663e-03 8.645100e-02 1.008000e+00
    endloop
  endfacet
  facet normal 7.510128e-01 6.197648e-01 -2.277529e-01
    outer loop
      vertex 4.380812e-03 4.533104e-02 8.830000e-01
      vertex -1.508249e-03 5.246723e-02 8.830000e-01
      vertex 8.354663e-03 8.645100e-02 1.008000e+00
    endloop
  endfacet
  facet normal 7.510128e-01 6.197648e-01 -2.277529e-01
    outer loop
      vertex 8.354663e-03 8.645100e-02 1.008000e+00
      vertex -1.508249e-03 5.246723e-02 8.830000e-01
      vertex -2.876387e-03 1.000605e-01 1.008000e+00
    endloop
  endfacet
  facet normal 7.217800e-01 6.494148e-01 -2.393620e-01
    outer loop
      vertex -1.508249e-03 5.246723e-02 8.830000e-01
      vertex -7.742405e-03 5.939607e-02 8.830000e-01
      vertex -2.876387e-03 1.000605e-01 1.008000e+00
    endloop
  endfacet
  facet normal 7.217800e-01 6.494148e-01 -2.393620e-01
    outer loop
      vertex -2.876387e-03 1.000605e-01 1.008000e+00
      vertex -7.742405e-03 5.939607e-02 8.830000e-01
      vertex -1.476557e-02 1.132745e-01 1.008000e+00
    endloop
  endfacet
  facet normal 6.955763e-01 6.731558e-01 -2.510673e-01
    outer loop
      vertex -7.742405e-03 5.939607e-02 8.830000e-01
      vertex -1.427460e-02 6.614583e-02 8.830000e-01
      vertex -1.476557e-02 1.132745e-01 1.008000e+00
    endloop
  endfacet
  facet normal 6.955763e-01 6.731558e-01 -2.510673e-01
    outer loop
      vertex -1.476557e-02 1.132745e-01 1.008000e+00
      vertex -1.427460e-02 6.614583e-02 8.830000e-01
      vertex -2.722314e-02 1.261470e-01 1.008000e+00
    endloop
  endfacet
  facet normal 6.714665e-01 6.927969e-01 -2.629927e-01
    outer loop
      vertex -1.427460e-02 6.614583e-02 8.830000e-01
      vertex -2.107346e-02 7.273535e-02 8.830000e-01
      vertex -2.722314e-02 1.261470e-01 1.008000e+00
    endloop
  endfacet
  facet normal 6.714665e-01 6.927969e-01 -2.629927e-01
    outer loop
      vertex -2.722314e-02 1.261470e-01 1.008000e+00
      vertex -2.107346e-02 7.273535e-02 8.830000e-01
      vertex -4.018927e-02 1.387139e-01 1.008000e+00
    endloop
  endfacet
  facet normal 6.555337e-01 7.046092e-01 -2.716641e-01
    outer loop
      vertex -2.107346e-02 7.273535e-02 8.830000e-01
      vertex -2.804486e-02 7.922121e-02 8.830000e-01
      vertex -4.018927e-02 1.387139e-01 1.008000e+00
    endloop
  endfacet
  facet normal 6.555337e-01 7.046092e-01 -2.716641e-01
    outer loop
      vertex -4.018927e-02 1.387139e-01 1.008000e+00
      vertex -2.804486e-02 7.922121e-02 8.830000e-01
      vertex -5.348446e-02 1.510831e-01 1.008000e+00
    endloop
  endfacet
  facet normal 6.393249e-01 7.156348e-01 -2.813015e-01
    outer loop
      vertex -2.804486e-02 7.922121e-02 8.830000e-01
      vertex -3.518881e-02 8.560338e-02 8.830000e-01
      vertex -5.348446e-02 1.510831e-01 1.008000e+00
    endloop
  endfacet
  facet normal 6.393249e-01 7.156348e-01 -2.813015e-01
    outer loop
      vertex -5.348446e-02 1.510831e-01 1.008000e+00
      vertex -3.518881e-02 8.560338e-02 8.830000e-01
      vertex -6.710872e-02 1.632545e-01 1.008000e+00
    endloop
  endfacet
  facet normal 6.273572e-01 7.231173e-01 -2.890057e-01
    outer loop
      vertex -3.518881e-02 8.560338e-02 8.830000e-01
      vertex -4.245826e-02 9.191016e-02 8.830000e-01
      vertex -6.710872e-02 1.632545e-01 1.008000e+00
    endloop
  endfacet
  facet normal 6.273572e-01 7.231173e-01 -2.890057e-01
    outer loop
      vertex -6.710872e-02 1.632545e-01 1.008000e+00
      vertex -4.245826e-02 9.191016e-02 8.830000e-01
      vertex -8.097231e-02 1.752822e-01 1.008000e+00
    endloop
  endfacet
  facet normal 6.167400e-01 7.292460e-01 -2.963646e-01
    outer loop
      vertex -4.245826e-02 9.191016e-02 8.830000e-01
      vertex -4.983750e-02 9.815095e-02 8.830000e-01
      vertex -8.097231e-02 1.752822e-01 1.008000e+00
    endloop
  endfacet
  facet normal 6.167400e-01 7.292460e-01 -2.963646e-01
    outer loop
      vertex -8.097231e-02 1.752822e-01 1.008000e+00
      vertex -4.983750e-02 9.815095e-02 8.830000e-01
      vertex -9.504529e-02 1.871841e-01 1.008000e+00
    endloop
  endfacet
  facet normal 6.105920e-01 7.325406e-01 -3.009348e-01
    outer loop
      vertex -4.983750e-02 9.815095e-02 8.830000e-01
      vertex -5.727949e-02 1.043541e-01 8.830000e-01
      vertex -9.504529e-02 1.871841e-01 1.008000e+00
    endloop
  endfacet
  facet normal 6.105920e-01 7.325406e-01 -3.009348e-01
    outer loop
      vertex -9.504529e-02 1.871841e-01 1.008000e+00
      vertex -5.727949e-02 1.043541e-01 8.830000e-01
      vertex -1.092379e-01 1.990140e-01 1.008000e+00
    endloop
  endfacet
  facet normal 5.069040e-01 7.754272e-01 -3.765117e-01
    outer loop
      vertex -5.727949e-02 1.043541e-01 8.830000e-01
      vertex -6.578814e-02 1.099162e-01 8.830000e-01
      vertex -1.092379e-01 1.990140e-01 1.008000e+00
    endloop
  endfacet
  facet normal 5.069040e-01 7.754272e-01 -3.765117e-01
    outer loop
      vertex -1.092379e-01 1.990140e-01 1.008000e+00
      vertex -6.578814e-02 1.099162e-01 8.830000e-01
      vertex -1.254648e-01 2.096217e-01 1.008000e+00
    endloop
  endfacet
  facet normal 3.111176e-01 -8.780323e-01 -3.636826e-01
    outer loop
      vertex 2.827559e-02 -4.705848e-02 8.830000e-01
      vertex 5.392449e-02 -8.974542e-02 1.008000e+00
      vertex 2.611056e-02 -4.782563e-02 8.830000e-01
    endloop
  endfacet
  facet normal 3.111176e-01 -8.780323e-01 -3.636826e-01
    outer loop
      vertex 5.392449e-02 -8.974542e-02 1.008000e+00
      vertex 4.979555e-02 -9.120844e-02 1.008000e+00
      vertex 2.611056e-02 -4.782563e-02 8.830000e-01
    endloop
  endfacet
  facet normal 3.200818e-02 -9.423422e-01 -3.331165e-01
    outer loop
      vertex 2.611056e-02 -4.782563e-02 8.830000e-01
      vertex 4.979555e-02 -9.120844e-02 1.008000e+00
      vertex 2.516906e-02 -4.785761e-02 8.830000e-01
    endloop
  endfacet
  facet normal 3.200818e-02 -9.423422e-01 -3.331165e-01
    outer loop
      vertex 4.979555e-02 -9.120844e-02 1.008000e+00
      vertex 4.800000e-02 -9.126943e-02 1.008000e+00
      vertex 2.516906e-02 -4.785761e-02 8.830000e-01
    endloop
  endfacet
  facet normal -1.956877e-01 -9.369165e-01 -2.896441e-01
    outer loop
      vertex 2.516906e-02 -4.785761e-02 8.830000e-01
      vertex 4.800000e-02 -9.126943e-02 1.008000e+00
      vertex 2.319159e-02 -4.744459e-02 8.830000e-01
    endloop
  endfacet
  facet normal -1.956877e-01 -9.369165e-01 -2.896441e-01
    outer loop
      vertex 4.800000e-02 -9.126943e-02 1.008000e+00
      vertex 4.422876e-02 -9.048176e-02 1.008000e+00
      vertex 2.319159e-02 -4.744459e-02 8.830000e-01
    endloop
  endfacet
  facet normal -4.225009e-01 -8.765166e-01 -2.306765e-01
    outer loop
      vertex 2.319159e-02 -4.744459e-02 8.830000e-01
      vertex 4.422876e-02 -9.048176e-02 1.008000e+00
      vertex 2.072717e-02 -4.625668e-02 8.830000e-01
    endloop
  endfacet
  facet normal -4.225009e-01 -8.765166e-01 -2.306765e-01
    outer loop
      vertex 4.422876e-02 -9.048176e-02 1.008000e+00
      vertex 3.952887e-02 -8.821630e-02 1.008000e+00
      vertex 2.072717e-02 -4.625668e-02 8.830000e-01
    endloop
  endfacet
  facet normal -5.756937e-01 -7.973658e-01 -1.810652e-01
    outer loop
      vertex 2.072717e-02 -4.625668e-02 8.830000e-01
      vertex 3.952887e-02 -8.821630e-02 1.008000e+00
      vertex 1.669245e-02 -4.334364e-02 8.830000e-01
    endloop
  endfacet
  facet normal -5.756937e-01 -7.973658e-01 -1.810652e-01
    outer loop
      vertex 3.952887e-02 -8.821630e-02 1.008000e+00
      vertex 3.183424e-02 -8.266082e-02 1.008000e+00
      vertex 1.669245e-02 -4.334364e-02 8.830000e-01
    endloop
  endfacet
  facet normal -6.987495e-01 -7.022717e-01 -1.362482e-01
    outer loop
      vertex 1.669245e-02 -4.334364e-02 8.830000e-01
      vertex 3.183424e-02 -8.266082e-02 1.008000e+00
      vertex 1.334793e-02 -4.001589e-02 8.830000e-01
    endloop
  endfacet
  facet normal -6.987495e-01 -7.022717e-01 -1.362482e-01
    outer loop
      vertex 3.183424e-02 -8.266082e-02 1.008000e+00
      vertex 2.545588e-02 -7.631445e-02 1.008000e+00
      vertex 1.334793e-02 -4.001589e-02 8.830000e-01
    endloop
  endfacet
  facet normal -7.550043e-01 -6.456700e-01 -1.143627e-01
    outer loop
      vertex 1.334793e-02 -4.001589e-02 8.830000e-01
      vertex 2.545588e-02 -7.631445e-02 1.008000e+00
      vertex 1.033281e-02 -3.649021e-02 8.830000e-01
    endloop
  endfacet
  facet normal -7.550043e-01 -6.456700e-01 -1.143627e-01
    outer loop
      vertex 2.545588e-02 -7.631445e-02 1.008000e+00
      vertex 1.970574e-02 -6.959061e-02 1.008000e+00
      vertex 1.033281e-02 -3.649021e-02 8.830000e-01
    endloop
  endfacet
  facet normal -7.990452e-01 -5.933609e-01 -9.720873e-02
    outer loop
      vertex 1.033281e-02 -3.649021e-02 8.830000e-01
      vertex 1.970574e-02 -6.959061e-02 1.008000e+00
      vertex 4.851587e-03 -2.910896e-02 8.830000e-01
    endloop
  endfacet
  facet normal -7.990452e-01 -5.933609e-01 -9.720873e-02
    outer loop
      vertex 1.970574e-02 -6.959061e-02 1.008000e+00
      vertex 9.252481e-03 -5.551381e-02 1.008000e+00
      vertex 4.851587e-03 -2.910896e-02 8.830000e-01
    endloop
  endfacet
  facet normal -8.305403e-01 -5.501269e-01 -8.696718e-02
    outer loop
      vertex 4.851587e-03 -2.910896e-02 8.830000e-01
      vertex 9.252481e-03 -5.551381e-02 1.008000e+00
      vertex -2.061065e-04 -2.147323e-02 8.830000e-01
    endloop
  endfacet
  facet normal -8.305403e-01 -5.501269e-01 -8.696718e-02
    outer loop
      vertex 9.252481e-03 -5.551381e-02 1.008000e+00
      vertex -3.930664e-04 -4.095168e-02 1.008000e+00
      vertex -2.061065e-04 -2.147323e-02 8.830000e-01
    endloop
  endfacet
  facet normal -8.532852e-01 -5.150310e-01 -8.153228e-02
    outer loop
      vertex -2.061065e-04 -2.147323e-02 8.830000e-01
      vertex -3.930664e-04 -4.095168e-02 1.008000e+00
      vertex -4.934391e-03 -1.363958e-02 8.830000e-01
    endloop
  endfacet
  facet normal -8.532852e-01 -5.150310e-01 -8.153228e-02
    outer loop
      vertex -3.930664e-04 -4.095168e-02 1.008000e+00
      vertex -9.410396e-03 -2.601209e-02 1.008000e+00
      vertex -4.934391e-03 -1.363958e-02 8.830000e-01
    endloop
  endfacet
  facet normal -8.714330e-01 -4.840914e-01 -7.911973e-02
    outer loop
      vertex -4.934391e-03 -1.363958e-02 8.830000e-01
      vertex -9.410396e-03 -2.601209e-02 1.008000e+00
      vertex -9.380325e-03 -5.636268e-03 8.830000e-01
    endloop
  endfacet
  facet normal -8.714330e-01 -4.840914e-01 -7.911973e-02
    outer loop
      vertex -9.410396e-03 -2.601209e-02 1.008000e+00
      vertex -1.788925e-02 -1.074895e-02 1.008000e+00
      vertex -9.380325e-03 -5.636268e-03 8.830000e-01
    endloop
  endfacet
  facet normal -8.799935e-01 -4.683600e-01 -7.905901e-02
    outer loop
      vertex -9.380325e-03 -5.636268e-03 8.830000e-01
      vertex -1.788925e-02 -1.074895e-02 1.008000e+00
      vertex -1.368508e-02 2.451868e-03 8.830000e-01
    endloop
  endfacet
  facet normal -8.799935e-01 -4.683600e-01 -7.905901e-02
    outer loop
      vertex -1.788925e-02 -1.074895e-02 1.008000e+00
      vertex -2.609887e-02 4.675967e-03 1.008000e+00
      vertex -1.368508e-02 2.451868e-03 8.830000e-01
    endloop
  endfacet
  facet normal -8.836661e-01 -4.613092e-01 -7.954919e-02
    outer loop
      vertex -1.368508e-02 2.451868e-03 8.830000e-01
      vertex -2.609887e-02 4.675967e-03 1.008000e+00
      vertex -1.792710e-02 1.057770e-02 8.830000e-01
    endloop
  endfacet
  facet normal -8.836661e-01 -4.613092e-01 -7.954919e-02
    outer loop
      vertex -2.609887e-02 4.675967e-03 1.008000e+00
      vertex -3.418883e-02 2.017278e-02 1.008000e+00
      vertex -1.792710e-02 1.057770e-02 8.830000e-01
    endloop
  endfacet
  facet normal -8.827628e-01 -4.630789e-01 -7.929583e-02
    outer loop
      vertex -1.792710e-02 1.057770e-02 8.830000e-01
      vertex -3.418883e-02 2.017278e-02 1.008000e+00
      vertex -2.218480e-02 1.869412e-02 8.830000e-01
    endloop
  endfacet
  facet normal -8.827628e-01 -4.630789e-01 -7.929583e-02
    outer loop
      vertex -3.418883e-02 2.017278e-02 1.008000e+00
      vertex -4.230871e-02 3.565162e-02 1.008000e+00
      vertex -2.218480e-02 1.869412e-02 8.830000e-01
    endloop
  endfacet
  facet normal -8.845469e-01 -4.595285e-01 -8.006471e-02
    outer loop
      vertex -2.218480e-02 1.869412e-02 8.830000e-01
      vertex -4.230871e-02 3.565162e-02 1.008000e+00
      vertex -2.641112e-02 2.682938e-02 8.830000e-01
    endloop
  endfacet
  facet normal -8.845469e-01 -4.595285e-01 -8.006471e-02
    outer loop
      vertex -4.230871e-02 3.565162e-02 1.008000e+00
      vertex -5.036875e-02 5.116641e-02 1.008000e+00
      vertex -2.641112e-02 2.682938e-02 8.830000e-01
    endloop
  endfacet
  facet normal -8.836661e-01 -4.613092e-01 -7.954919e-02
    outer loop
      vertex -2.641112e-02 2.682938e-02 8.830000e-01
      vertex -5.036875e-02 5.116641e-02 1.008000e+00
      vertex -3.065314e-02 3.495522e-02 8.830000e-01
    endloop
  endfacet
  facet normal -8.836661e-01 -4.613092e-01 -7.954919e-02
    outer loop
      vertex -5.036875e-02 5.116641e-02 1.008000e+00
      vertex -5.845871e-02 6.666322e-02 1.008000e+00
      vertex -3.065314e-02 3.495522e-02 8.830000e-01
    endloop
  endfacet
  facet normal -8.854048e-01 -4.577367e-01 -8.084219e-02
    outer loop
      vertex -3.065314e-02 3.495522e-02 8.830000e-01
      vertex -5.845871e-02 6.666322e-02 1.008000e+00
      vertex -3.486378e-02 4.309990e-02 8.830000e-01
    endloop
  endfacet
  facet normal -8.854048e-01 -4.577367e-01 -8.084219e-02
    outer loop
      vertex -5.845871e-02 6.666322e-02 1.008000e+00
      vertex -6.648884e-02 8.219599e-02 1.008000e+00
      vertex -3.486378e-02 4.309990e-02 8.830000e-01
    endloop
  endfacet
  facet normal -8.862584e-01 -4.559434e-01 -8.161901e-02
    outer loop
      vertex -3.486378e-02 4.309990e-02 8.830000e-01
      vertex -6.648884e-02 8.219599e-02 1.008000e+00
      vertex -3.905873e-02 5.125401e-02 8.830000e-01
    endloop
  endfacet
  facet normal -8.862584e-01 -4.559434e-01 -8.161901e-02
    outer loop
      vertex -6.648884e-02 8.219599e-02 1.008000e+00
      vertex -7.448906e-02 9.774673e-02 1.008000e+00
      vertex -3.905873e-02 5.125401e-02 8.830000e-01
    endloop
  endfacet
  facet normal -8.879329e-01 -4.523430e-01 -8.343281e-02
    outer loop
      vertex -3.905873e-02 5.125401e-02 8.830000e-01
      vertex -7.448906e-02 9.774673e-02 1.008000e+00
      vertex -4.322232e-02 5.942698e-02 8.830000e-01
    endloop
  endfacet
  facet normal -8.879329e-01 -4.523430e-01 -8.343281e-02
    outer loop
      vertex -7.448906e-02 9.774673e-02 1.008000e+00
      vertex -8.242944e-02 1.133334e-01 1.008000e+00
      vertex -4.322232e-02 5.942698e-02 8.830000e-01
    endloop
  endfacet
  facet normal -8.903798e-01 -4.469167e-01 -8.654040e-02
    outer loop
      vertex -4.322232e-02 5.942698e-02 8.830000e-01
      vertex -8.242944e-02 1.133334e-01 1.008000e+00
      vertex -4.733884e-02 6.762822e-02 8.830000e-01
    endloop
  endfacet
  facet normal -8.903798e-01 -4.469167e-01 -8.654040e-02
    outer loop
      vertex -8.242944e-02 1.133334e-01 1.008000e+00
      vertex -9.028008e-02 1.289740e-01 1.008000e+00
      vertex -4.733884e-02 6.762822e-02 8.830000e-01
    endloop
  endfacet
  facet normal -8.935317e-01 -4.396416e-01 -9.119352e-02
    outer loop
      vertex -4.733884e-02 6.762822e-02 8.830000e-01
      vertex -9.028008e-02 1.289740e-01 1.008000e+00
      vertex -5.139262e-02 7.586715e-02 8.830000e-01
    endloop
  endfacet
  facet normal -8.935317e-01 -4.396416e-01 -9.119352e-02
    outer loop
      vertex -9.028008e-02 1.289740e-01 1.008000e+00
      vertex -9.801106e-02 1.446865e-01 1.008000e+00
      vertex -5.139262e-02 7.586715e-02 8.830000e-01
    endloop
  endfacet
  facet normal -8.950548e-01 -4.359853e-01 -9.377455e-02
    outer loop
      vertex -5.139262e-02 7.586715e-02 8.830000e-01
      vertex -9.801106e-02 1.446865e-01 1.008000e+00
      vertex -5.541503e-02 8.412494e-02 8.830000e-01
    endloop
  endfacet
  facet normal -8.950548e-01 -4.359853e-01 -9.377455e-02
    outer loop
      vertex -9.801106e-02 1.446865e-01 1.008000e+00
      vertex -1.056822e-01 1.604350e-01 1.008000e+00
      vertex -5.541503e-02 8.412494e-02 8.830000e-01
    endloop
  endfacet
  facet normal -8.965334e-01 -4.323126e-01 -9.661123e-02
    outer loop
      vertex -5.541503e-02 8.412494e-02 8.830000e-01
      vertex -1.056822e-01 1.604350e-01 1.008000e+00
      vertex -5.940606e-02 9.240158e-02 8.830000e-01
    endloop
  endfacet
  facet normal -8.965334e-01 -4.323126e-01 -9.661123e-02
    outer loop
      vertex -1.056822e-01 1.604350e-01 1.008000e+00
      vertex -1.132935e-01 1.762194e-01 1.008000e+00
      vertex -5.940606e-02 9.240158e-02 8.830000e-01
    endloop
  endfacet
  facet normal -8.979652e-01 -4.286232e-01 -9.970245e-02
    outer loop
      vertex -5.940606e-02 9.240158e-02 8.830000e-01
      vertex -1.132935e-01 1.762194e-01 1.008000e+00
      vertex -6.336572e-02 1.006971e-01 8.830000e-01
    endloop
  endfacet
  facet normal -8.979652e-01 -4.286232e-01 -9.970245e-02
    outer loop
      vertex -1.132935e-01 1.762194e-01 1.008000e+00
      vertex -1.208450e-01 1.920398e-01 1.008000e+00
      vertex -6.336572e-02 1.006971e-01 8.830000e-01
    endloop
  endfacet
  facet normal -9.362685e-01 -2.460132e-01 -2.507564e-01
    outer loop
      vertex -6.336572e-02 1.006971e-01 8.830000e-01
      vertex -1.208450e-01 1.920398e-01 1.008000e+00
      vertex -6.578814e-02 1.099162e-01 8.830000e-01
    endloop
  endfacet
  facet normal -9.362685e-01 -2.460132e-01 -2.507564e-01
    outer loop
      vertex -1.208450e-01 1.920398e-01 1.008000e+00
      vertex -1.254648e-01 2.096217e-01 1.008000e+00
      vertex -6.578814e-02 1.099162e-01 8.830000e-01
    endloop
  endfacet
  facet normal 5.811126e-01 -7.095349e-01 -3.985830e-01
    outer loop
      vertex 5.392449e-02 -8.974542e-02 1.008000e+00
      vertex 5.859060e-02 -8.592384e-02 1.008000e+00
      vertex 8.656823e-02 -2.034482e-01 1.258000e+00
    endloop
  endfacet
  facet normal 4.729585e-01 -7.758151e-01 -4.176376e-01
    outer loop
      vertex 8.656823e-02 -2.034482e-01 1.258000e+00
      vertex 5.859060e-02 -8.592384e-02 1.008000e+00
      vertex 9.744337e-02 -1.968184e-01 1.258000e+00
    endloop
  endfacet
  facet normal 7.267716e-01 -5.788820e-01 -3.697277e-01
    outer loop
      vertex 5.859060e-02 -8.592384e-02 1.008000e+00
      vertex 6.014555e-02 -8.397165e-02 1.008000e+00
      vertex 9.744337e-02 -1.968184e-01 1.258000e+00
    endloop
  endfacet
  facet normal 6.324950e-01 -6.662249e-01 -3.950879e-01
    outer loop
      vertex 9.744337e-02 -1.968184e-01 1.258000e+00
      vertex 6.014555e-02 -8.397165e-02 1.008000e+00
      vertex 1.012656e-01 -1.931896e-01 1.258000e+00
    endloop
  endfacet
  facet normal 8.134122e-01 -4.719845e-01 -3.399871e-01
    outer loop
      vertex 6.014555e-02 -8.397165e-02 1.008000e+00
      vertex 6.286589e-02 -7.928344e-02 1.008000e+00
      vertex 1.012656e-01 -1.931896e-01 1.258000e+00
    endloop
  endfacet
  facet normal 7.304276e-01 -5.722048e-01 -3.729036e-01
    outer loop
      vertex 1.012656e-01 -1.931896e-01 1.258000e+00
      vertex 6.286589e-02 -7.928344e-02 1.008000e+00
      vertex 1.083244e-01 -1.841790e-01 1.258000e+00
    endloop
  endfacet
  facet normal 9.021418e-01 -3.140606e-01 -2.958144e-01
    outer loop
      vertex 6.286589e-02 -7.928344e-02 1.008000e+00
      vertex 6.510631e-02 -7.284782e-02 1.008000e+00
      vertex 1.083244e-01 -1.841790e-01 1.258000e+00
    endloop
  endfacet
  facet normal 8.380544e-01 -4.296745e-01 -3.362211e-01
    outer loop
      vertex 1.083244e-01 -1.841790e-01 1.258000e+00
      vertex 6.510631e-02 -7.284782e-02 1.008000e+00
      vertex 1.148898e-01 -1.713736e-01 1.258000e+00
    endloop
  endfacet
  facet normal 9.572655e-01 -1.475161e-01 -2.487607e-01
    outer loop
      vertex 6.510631e-02 -7.284782e-02 1.008000e+00
      vertex 6.683495e-02 -6.163027e-02 1.008000e+00
      vertex 1.148898e-01 -1.713736e-01 1.258000e+00
    endloop
  endfacet
  facet normal 9.147376e-01 -2.746164e-01 -2.963796e-01
    outer loop
      vertex 1.148898e-01 -1.713736e-01 1.258000e+00
      vertex 6.683495e-02 -6.163027e-02 1.008000e+00
      vertex 1.217815e-01 -1.484175e-01 1.258000e+00
    endloop
  endfacet
  facet normal 9.763025e-01 -5.105161e-03 -2.163502e-01
    outer loop
      vertex 6.683495e-02 -6.163027e-02 1.008000e+00
      vertex 6.688835e-02 -5.141931e-02 1.008000e+00
      vertex 1.217815e-01 -1.484175e-01 1.258000e+00
    endloop
  endfacet
  facet normal 9.547215e-01 -1.384212e-01 -2.633373e-01
    outer loop
      vertex 1.217815e-01 -1.484175e-01 1.258000e+00
      vertex 6.688835e-02 -5.141931e-02 1.008000e+00
      vertex 1.248756e-01 -1.270773e-01 1.258000e+00
    endloop
  endfacet
  facet normal 9.761807e-01 7.257524e-02 -2.044604e-01
    outer loop
      vertex 6.688835e-02 -5.141931e-02 1.008000e+00
      vertex 6.616395e-02 -4.167570e-02 1.008000e+00
      vertex 1.248756e-01 -1.270773e-01 1.258000e+00
    endloop
  endfacet
  facet normal 9.666514e-01 -6.247842e-02 -2.483577e-01
    outer loop
      vertex 1.248756e-01 -1.270773e-01 1.258000e+00
      vertex 6.616395e-02 -4.167570e-02 1.008000e+00
      vertex 1.262064e-01 -1.064875e-01 1.258000e+00
    endloop
  endfacet
  facet normal 9.672455e-01 1.704333e-01 -1.881187e-01
    outer loop
      vertex 6.616395e-02 -4.167570e-02 1.008000e+00
      vertex 6.292024e-02 -2.326696e-02 1.008000e+00
      vertex 1.262064e-01 -1.064875e-01 1.258000e+00
    endloop
  endfacet
  facet normal 9.715227e-01 3.465992e-02 -2.343980e-01
    outer loop
      vertex 1.262064e-01 -1.064875e-01 1.258000e+00
      vertex 6.292024e-02 -2.326696e-02 1.008000e+00
      vertex 1.247990e-01 -6.703907e-02 1.258000e+00
    endloop
  endfacet
  facet normal 9.489231e-01 2.512097e-01 -1.908889e-01
    outer loop
      vertex 6.292024e-02 -2.326696e-02 1.008000e+00
      vertex 5.827052e-02 -5.703044e-03 1.008000e+00
      vertex 1.247990e-01 -6.703907e-02 1.258000e+00
    endloop
  endfacet
  facet normal 9.665146e-01 1.165819e-01 -2.286004e-01
    outer loop
      vertex 1.247990e-01 -6.703907e-02 1.258000e+00
      vertex 5.827052e-02 -5.703044e-03 1.008000e+00
      vertex 1.202043e-01 -2.894692e-02 1.258000e+00
    endloop
  endfacet
  facet normal 9.279313e-01 3.141222e-01 -2.006755e-01
    outer loop
      vertex 5.827052e-02 -5.703044e-03 1.008000e+00
      vertex 5.254386e-02 1.121378e-02 1.008000e+00
      vertex 1.202043e-01 -2.894692e-02 1.258000e+00
    endloop
  endfacet
  facet normal 9.561941e-01 1.815725e-01 -2.296177e-01
    outer loop
      vertex 1.202043e-01 -2.894692e-02 1.258000e+00
      vertex 5.254386e-02 1.121378e-02 1.008000e+00
      vertex 1.131682e-01 8.106420e-03 1.258000e+00
    endloop
  endfacet
  facet normal 9.005354e-01 3.786563e-01 -2.136710e-01
    outer loop
      vertex 5.254386e-02 1.121378e-02 1.008000e+00
      vertex 4.571033e-02 2.746554e-02 1.008000e+00
      vertex 1.131682e-01 8.106420e-03 1.258000e+00
    endloop
  endfacet
  facet normal 9.396799e-01 2.492523e-01 -2.342540e-01
    outer loop
      vertex 1.131682e-01 8.106420e-03 1.258000e+00
      vertex 4.571033e-02 2.746554e-02 1.008000e+00
      vertex 1.036229e-01 4.409208e-02 1.258000e+00
    endloop
  endfacet
  facet normal 8.653705e-01 4.451975e-01 -2.300718e-01
    outer loop
      vertex 4.571033e-02 2.746554e-02 1.008000e+00
      vertex 3.771012e-02 4.301628e-02 1.008000e+00
      vertex 1.036229e-01 4.409208e-02 1.258000e+00
    endloop
  endfacet
  facet normal 9.157036e-01 3.202076e-01 -2.428043e-01
    outer loop
      vertex 1.036229e-01 4.409208e-02 1.258000e+00
      vertex 3.771012e-02 4.301628e-02 1.008000e+00
      vertex 9.143282e-02 7.895236e-02 1.258000e+00
    endloop
  endfacet
  facet normal 8.309430e-01 4.970218e-01 -2.500061e-01
    outer loop
      vertex 3.771012e-02 4.301628e-02 1.008000e+00
      vertex 2.875262e-02 5.799182e-02 1.008000e+00
      vertex 9.143282e-02 7.895236e-02 1.258000e+00
    endloop
  endfacet
  facet normal 8.905312e-01 3.768238e-01 -2.548684e-01
    outer loop
      vertex 9.143282e-02 7.895236e-02 1.258000e+00
      vertex 2.875262e-02 5.799182e-02 1.008000e+00
      vertex 7.707260e-02 1.128892e-01 1.258000e+00
    endloop
  endfacet
  facet normal 7.957156e-01 5.408737e-01 -2.725661e-01
    outer loop
      vertex 2.875262e-02 5.799182e-02 1.008000e+00
      vertex 1.892758e-02 7.244610e-02 1.008000e+00
      vertex 7.707260e-02 1.128892e-01 1.258000e+00
    endloop
  endfacet
  facet normal 8.635840e-01 4.259703e-01 -2.697627e-01
    outer loop
      vertex 7.707260e-02 1.128892e-01 1.258000e+00
      vertex 1.892758e-02 7.244610e-02 1.008000e+00
      vertex 6.074571e-02 1.459893e-01 1.258000e+00
    endloop
  endfacet
  facet normal 7.621520e-01 5.753820e-01 -2.967488e-01
    outer loop
      vertex 1.892758e-02 7.244610e-02 1.008000e+00
      vertex 8.354663e-03 8.645100e-02 1.008000e+00
      vertex 6.074571e-02 1.459893e-01 1.258000e+00
    endloop
  endfacet
  facet normal 8.371608e-01 4.659722e-01 -2.864117e-01
    outer loop
      vertex 6.074571e-02 1.459893e-01 1.258000e+00
      vertex 8.354663e-03 8.645100e-02 1.008000e+00
      vertex 4.272342e-02 1.783680e-01 1.258000e+00
    endloop
  endfacet
  facet normal 7.302185e-01 6.026045e-01 -3.219451e-01
    outer loop
      vertex 8.354663e-03 8.645100e-02 1.008000e+00
      vertex -2.876387e-03 1.000605e-01 1.008000e+00
      vertex 4.272342e-02 1.783680e-01 1.258000e+00
    endloop
  endfacet
  facet normal 8.115081e-01 4.988677e-01 -3.042788e-01
    outer loop
      vertex 4.272342e-02 1.783680e-01 1.258000e+00
      vertex -2.876387e-03 1.000605e-01 1.008000e+00
      vertex 2.320918e-02 2.101118e-01 1.258000e+00
    endloop
  endfacet
  facet normal 6.967421e-01 6.268872e-01 -3.486587e-01
    outer loop
      vertex -2.876387e-03 1.000605e-01 1.008000e+00
      vertex -1.476557e-02 1.132745e-01 1.008000e+00
      vertex 2.320918e-02 2.101118e-01 1.258000e+00
    endloop
  endfacet
  facet normal 7.840061e-01 5.293964e-01 -3.241510e-01
    outer loop
      vertex 2.320918e-02 2.101118e-01 1.258000e+00
      vertex -1.476557e-02 1.132745e-01 1.008000e+00
      vertex 2.202984e-03 2.412208e-01 1.258000e+00
    endloop
  endfacet
  facet normal 6.661154e-01 6.446445e-01 -3.751316e-01
    outer loop
      vertex -1.476557e-02 1.132745e-01 1.008000e+00
      vertex -2.722314e-02 1.261470e-01 1.008000e+00
      vertex 2.202984e-03 2.412208e-01 1.258000e+00
    endloop
  endfacet
  facet normal 7.585639e-01 5.533886e-01 -3.440085e-01
    outer loop
      vertex 2.202984e-03 2.412208e-01 1.258000e+00
      vertex -2.722314e-02 1.261470e-01 1.008000e+00
      vertex -2.009172e-02 2.717815e-01 1.258000e+00
    endloop
  endfacet
  facet normal 6.374601e-01 6.577102e-01 -4.013252e-01
    outer loop
      vertex -2.722314e-02 1.261470e-01 1.008000e+00
      vertex -4.018927e-02 1.387139e-01 1.008000e+00
      vertex -2.009172e-02 2.717815e-01 1.258000e+00
    endloop
  endfacet
  facet normal 7.345233e-01 5.727533e-01 -3.639081e-01
    outer loop
      vertex -2.009172e-02 2.717815e-01 1.258000e+00
      vertex -4.018927e-02 1.387139e-01 1.008000e+00
      vertex -4.353929e-02 3.018516e-01 1.258000e+00
    endloop
  endfacet
  facet normal 6.167812e-01 6.629556e-01 -4.243475e-01
    outer loop
      vertex -4.018927e-02 1.387139e-01 1.008000e+00
      vertex -5.348446e-02 1.510831e-01 1.008000e+00
      vertex -4.353929e-02 3.018516e-01 1.258000e+00
    endloop
  endfacet
  facet normal 7.175327e-01 5.834641e-01 -3.804162e-01
    outer loop
      vertex -4.353929e-02 3.018516e-01 1.258000e+00
      vertex -5.348446e-02 1.510831e-01 1.008000e+00
      vertex -6.773284e-02 3.316044e-01 1.258000e+00
    endloop
  endfacet
  facet normal 5.957672e-01 6.668781e-01 -4.475880e-01
    outer loop
      vertex -5.348446e-02 1.510831e-01 1.008000e+00
      vertex -6.710872e-02 1.632545e-01 1.008000e+00
      vertex -6.773284e-02 3.316044e-01 1.258000e+00
    endloop
  endfacet
  facet normal 7.000474e-01 5.931256e-01 -3.976628e-01
    outer loop
      vertex -6.773284e-02 3.316044e-01 1.258000e+00
      vertex -6.710872e-02 1.632545e-01 1.008000e+00
      vertex -9.267236e-02 3.610397e-01 1.258000e+00
    endloop
  endfacet
  facet normal 5.788857e-01 6.672470e-01 -4.686926e-01
    outer loop
      vertex -6.710872e-02 1.632545e-01 1.008000e+00
      vertex -8.097231e-02 1.752822e-01 1.008000e+00
      vertex -9.267236e-02 3.610397e-01 1.258000e+00
    endloop
  endfacet
  facet normal 6.862925e-01 5.988170e-01 -4.128204e-01
    outer loop
      vertex -9.267236e-02 3.610397e-01 1.258000e+00
      vertex -8.097231e-02 1.752822e-01 1.008000e+00
      vertex -1.181544e-01 3.902442e-01 1.258000e+00
    endloop
  endfacet
  facet normal 5.633025e-01 6.660603e-01 -4.889315e-01
    outer loop
      vertex -8.097231e-02 1.752822e-01 1.008000e+00
      vertex -9.504529e-02 1.871841e-01 1.008000e+00
      vertex -1.181544e-01 3.902442e-01 1.258000e+00
    endloop
  endfacet
  facet normal 6.736498e-01 6.029058e-01 -4.274348e-01
    outer loop
      vertex -1.181544e-01 3.902442e-01 1.258000e+00
      vertex -9.504529e-02 1.871841e-01 1.008000e+00
      vertex -1.441112e-01 4.192467e-01 1.258000e+00
    endloop
  endfacet
  facet normal 5.520805e-01 6.623430e-01 -5.064670e-01
    outer loop
      vertex -9.504529e-02 1.871841e-01 1.008000e+00
      vertex -1.092379e-01 1.990140e-01 1.008000e+00
      vertex -1.441112e-01 4.192467e-01 1.258000e+00
    endloop
  endfacet
  facet normal 6.651262e-01 6.039017e-01 -4.392152e-01
    outer loop
      vertex -1.441112e-01 4.192467e-01 1.258000e+00
      vertex -1.092379e-01 1.990140e-01 1.008000e+00
      vertex -1.703392e-01 4.481338e-01 1.258000e+00
    endloop
  endfacet
  facet normal 4.481859e-01 6.856044e-01 -5.736515e-01
    outer loop
      vertex -1.092379e-01 1.990140e-01 1.008000e+00
      vertex -1.254648e-01 2.096217e-01 1.008000e+00
      vertex -1.703392e-01 4.481338e-01 1.258000e+00
    endloop
  endfacet
  facet normal 5.637968e-01 6.457685e-01 -5.148943e-01
    outer loop
      vertex -1.703392e-01 4.481338e-01 1.258000e+00
      vertex -1.254648e-01 2.096217e-01 1.008000e+00
      vertex -2.011787e-01 4.750586e-01 1.258000e+00
    endloop
  endfacet
  facet normal 3.019987e-01 -8.522970e-01 -4.270675e-01
    outer loop
      vertex 5.392449e-02 -8.974542e-02 1.008000e+00
      vertex 8.656823e-02 -2.034482e-01 1.258000e+00
      vertex 4.979555e-02 -9.120844e-02 1.008000e+00
    endloop
  endfacet
  facet normal 1.814239e-01 -8.868914e-01 -4.248635e-01
    outer loop
      vertex 8.656823e-02 -2.034482e-01 1.258000e+00
      vertex 7.750545e-02 -2.053021e-01 1.258000e+00
      vertex 4.979555e-02 -9.120844e-02 1.008000e+00
    endloop
  endfacet
  facet normal 3.084204e-02 -9.080102e-01 -4.178112e-01
    outer loop
      vertex 4.979555e-02 -9.120844e-02 1.008000e+00
      vertex 7.750545e-02 -2.053021e-01 1.258000e+00
      vertex 4.800000e-02 -9.126943e-02 1.008000e+00
    endloop
  endfacet
  facet normal -9.570434e-02 -9.098627e-01 -4.037209e-01
    outer loop
      vertex 7.750545e-02 -2.053021e-01 1.258000e+00
      vertex 7.373233e-02 -2.049052e-01 1.258000e+00
      vertex 4.800000e-02 -9.126943e-02 1.008000e+00
    endloop
  endfacet
  facet normal -1.882378e-01 -9.012478e-01 -3.902807e-01
    outer loop
      vertex 4.800000e-02 -9.126943e-02 1.008000e+00
      vertex 7.373233e-02 -2.049052e-01 1.258000e+00
      vertex 4.422876e-02 -9.048176e-02 1.008000e+00
    endloop
  endfacet
  facet normal -3.146856e-01 -8.765969e-01 -3.640755e-01
    outer loop
      vertex 7.373233e-02 -2.049052e-01 1.258000e+00
      vertex 6.607502e-02 -2.021563e-01 1.258000e+00
      vertex 4.422876e-02 -9.048176e-02 1.008000e+00
    endloop
  endfacet
  facet normal -4.079627e-01 -8.463557e-01 -3.424157e-01
    outer loop
      vertex 4.422876e-02 -9.048176e-02 1.008000e+00
      vertex 6.607502e-02 -2.021563e-01 1.258000e+00
      vertex 3.952887e-02 -8.821630e-02 1.008000e+00
    endloop
  endfacet
  facet normal -5.281887e-01 -7.924312e-01 -3.050730e-01
    outer loop
      vertex 6.607502e-02 -2.021563e-01 1.258000e+00
      vertex 5.690710e-02 -1.960455e-01 1.258000e+00
      vertex 3.952887e-02 -8.821630e-02 1.008000e+00
    endloop
  endfacet
  facet normal -5.592766e-01 -7.746272e-01 -2.952328e-01
    outer loop
      vertex 3.952887e-02 -8.821630e-02 1.008000e+00
      vertex 5.690710e-02 -1.960455e-01 1.258000e+00
      vertex 3.183424e-02 -8.266082e-02 1.008000e+00
    endloop
  endfacet
  facet normal -6.699302e-01 -6.991076e-01 -2.498841e-01
    outer loop
      vertex 5.690710e-02 -1.960455e-01 1.258000e+00
      vertex 4.243676e-02 -1.821791e-01 1.258000e+00
      vertex 3.183424e-02 -8.266082e-02 1.008000e+00
    endloop
  endfacet
  facet normal -6.839001e-01 -6.873474e-01 -2.446103e-01
    outer loop
      vertex 3.183424e-02 -8.266082e-02 1.008000e+00
      vertex 4.243676e-02 -1.821791e-01 1.258000e+00
      vertex 2.545588e-02 -7.631445e-02 1.008000e+00
    endloop
  endfacet
  facet normal -7.808399e-01 -5.925618e-01 -1.978880e-01
    outer loop
      vertex 4.243676e-02 -1.821791e-01 1.258000e+00
      vertex 3.095033e-02 -1.670430e-01 1.258000e+00
      vertex 2.545588e-02 -7.631445e-02 1.008000e+00
    endloop
  endfacet
  facet normal -7.423700e-01 -6.348653e-01 -2.140860e-01
    outer loop
      vertex 2.545588e-02 -7.631445e-02 1.008000e+00
      vertex 3.095033e-02 -1.670430e-01 1.258000e+00
      vertex 1.970574e-02 -6.959061e-02 1.008000e+00
    endloop
  endfacet
  facet normal -8.303785e-01 -5.307763e-01 -1.695526e-01
    outer loop
      vertex 3.095033e-02 -1.670430e-01 1.258000e+00
      vertex 2.088804e-02 -1.513010e-01 1.258000e+00
      vertex 1.970574e-02 -6.959061e-02 1.008000e+00
    endloop
  endfacet
  facet normal -7.885832e-01 -5.855919e-01 -1.876663e-01
    outer loop
      vertex 1.970574e-02 -6.959061e-02 1.008000e+00
      vertex 2.088804e-02 -1.513010e-01 1.258000e+00
      vertex 9.252481e-03 -5.551381e-02 1.008000e+00
    endloop
  endfacet
  facet normal -8.687707e-01 -4.745963e-01 -1.414064e-01
    outer loop
      vertex 2.088804e-02 -1.513010e-01 1.258000e+00
      vertex 3.137011e-03 -1.188069e-01 1.258000e+00
      vertex 9.252481e-03 -5.551381e-02 1.008000e+00
    endloop
  endfacet
  facet normal -8.232025e-01 -5.452666e-01 -1.581835e-01
    outer loop
      vertex 9.252481e-03 -5.551381e-02 1.008000e+00
      vertex 3.137011e-03 -1.188069e-01 1.258000e+00
      vertex -3.930664e-04 -4.095168e-02 1.008000e+00
    endloop
  endfacet
  facet normal -8.954593e-01 -4.284441e-01 -1.207822e-01
    outer loop
      vertex 3.137011e-03 -1.188069e-01 1.258000e+00
      vertex -1.278298e-02 -8.553368e-02 1.258000e+00
      vertex -3.930664e-04 -4.095168e-02 1.008000e+00
    endloop
  endfacet
  facet normal -8.484861e-01 -5.121343e-01 -1.333786e-01
    outer loop
      vertex -3.930664e-04 -4.095168e-02 1.008000e+00
      vertex -1.278298e-02 -8.553368e-02 1.258000e+00
      vertex -9.410396e-03 -2.601209e-02 1.008000e+00
    endloop
  endfacet
  facet normal -9.142510e-01 -3.911798e-01 -1.054681e-01
    outer loop
      vertex -1.278298e-02 -8.553368e-02 1.258000e+00
      vertex -2.727883e-02 -5.165451e-02 1.258000e+00
      vertex -9.410396e-03 -2.601209e-02 1.008000e+00
    endloop
  endfacet
  facet normal -8.687138e-01 -4.825809e-01 -1.115884e-01
    outer loop
      vertex -9.410396e-03 -2.601209e-02 1.008000e+00
      vertex -2.727883e-02 -5.165451e-02 1.258000e+00
      vertex -1.788925e-02 -1.074895e-02 1.008000e+00
    endloop
  endfacet
  facet normal -9.288463e-01 -3.584621e-01 -9.353830e-02
    outer loop
      vertex -2.727883e-02 -5.165451e-02 1.258000e+00
      vertex -4.055400e-02 -1.725593e-02 1.258000e+00
      vertex -1.788925e-02 -1.074895e-02 1.008000e+00
    endloop
  endfacet
  facet normal -8.790236e-01 -4.678438e-01 -9.186839e-02
    outer loop
      vertex -1.788925e-02 -1.074895e-02 1.008000e+00
      vertex -4.055400e-02 -1.725593e-02 1.258000e+00
      vertex -2.609887e-02 4.675967e-03 1.008000e+00
    endloop
  endfacet
  facet normal -9.359253e-01 -3.420056e-01 -8.411900e-02
    outer loop
      vertex -4.055400e-02 -1.725593e-02 1.258000e+00
      vertex -5.321882e-02 1.740235e-02 1.258000e+00
      vertex -2.609887e-02 4.675967e-03 1.008000e+00
    endloop
  endfacet
  facet normal -8.841479e-01 -4.615608e-01 -7.241618e-02
    outer loop
      vertex -2.609887e-02 4.675967e-03 1.008000e+00
      vertex -5.321882e-02 1.740235e-02 1.258000e+00
      vertex -3.418883e-02 2.017278e-02 1.008000e+00
    endloop
  endfacet
  facet normal -9.392938e-01 -3.347699e-01 -7.520881e-02
    outer loop
      vertex -5.321882e-02 1.740235e-02 1.258000e+00
      vertex -6.561238e-02 5.217606e-02 1.258000e+00
      vertex -3.418883e-02 2.017278e-02 1.008000e+00
    endloop
  endfacet
  facet normal -8.843637e-01 -4.639187e-01 -5.177168e-02
    outer loop
      vertex -3.418883e-02 2.017278e-02 1.008000e+00
      vertex -6.561238e-02 5.217606e-02 1.258000e+00
      vertex -4.230871e-02 3.565162e-02 1.008000e+00
    endloop
  endfacet
  facet normal -9.392823e-01 -3.368771e-01 -6.528806e-02
    outer loop
      vertex -6.561238e-02 5.217606e-02 1.258000e+00
      vertex -7.807375e-02 8.692091e-02 1.258000e+00
      vertex -4.230871e-02 3.565162e-02 1.008000e+00
    endloop
  endfacet
  facet normal -8.869301e-01 -4.607666e-01 -3.239165e-02
    outer loop
      vertex -4.230871e-02 3.565162e-02 1.008000e+00
      vertex -7.807375e-02 8.692091e-02 1.258000e+00
      vertex -5.036875e-02 5.116641e-02 1.008000e+00
    endloop
  endfacet
  facet normal -9.411162e-01 -3.333074e-01 -5.662551e-02
    outer loop
      vertex -7.807375e-02 8.692091e-02 1.258000e+00
      vertex -9.039949e-02 1.217235e-01 1.258000e+00
      vertex -5.036875e-02 5.116641e-02 1.008000e+00
    endloop
  endfacet
  facet normal -8.864184e-01 -4.627461e-01 -1.133590e-02
    outer loop
      vertex -5.036875e-02 5.116641e-02 1.008000e+00
      vertex -9.039949e-02 1.217235e-01 1.258000e+00
      vertex -5.845871e-02 6.666322e-02 1.008000e+00
    endloop
  endfacet
  facet normal -9.409488e-01 -3.353598e-01 -4.635857e-02
    outer loop
      vertex -9.039949e-02 1.217235e-01 1.258000e+00
      vertex -1.027930e-01 1.564972e-01 1.258000e+00
      vertex -5.845871e-02 6.666322e-02 1.008000e+00
    endloop
  endfacet
  facet normal -8.882874e-01 -4.592269e-01 7.490180e-03
    outer loop
      vertex -5.845871e-02 6.666322e-02 1.008000e+00
      vertex -1.027930e-01 1.564972e-01 1.258000e+00
      vertex -6.648884e-02 8.219599e-02 1.008000e+00
    endloop
  endfacet
  facet normal -9.426000e-01 -3.317212e-01 -3.829224e-02
    outer loop
      vertex -1.027930e-01 1.564972e-01 1.258000e+00
      vertex -1.150510e-01 1.913286e-01 1.258000e+00
      vertex -6.648884e-02 8.219599e-02 1.008000e+00
    endloop
  endfacet
  facet normal -8.889020e-01 -4.573035e-01 2.695902e-02
    outer loop
      vertex -6.648884e-02 8.219599e-02 1.008000e+00
      vertex -1.150510e-01 1.913286e-01 1.258000e+00
      vertex -7.448906e-02 9.774673e-02 1.008000e+00
    endloop
  endfacet
  facet normal -9.435380e-01 -3.299409e-01 -2.958087e-02
    outer loop
      vertex -1.150510e-01 1.913286e-01 1.258000e+00
      vertex -1.272411e-01 2.261889e-01 1.258000e+00
      vertex -7.448906e-02 9.774673e-02 1.008000e+00
    endloop
  endfacet
  facet normal -8.901309e-01 -4.534627e-01 4.515009e-02
    outer loop
      vertex -7.448906e-02 9.774673e-02 1.008000e+00
      vertex -1.272411e-01 2.261889e-01 1.258000e+00
      vertex -8.242944e-02 1.133334e-01 1.008000e+00
    endloop
  endfacet
  facet normal -9.450266e-01 -3.262445e-01 -2.211886e-02
    outer loop
      vertex -1.272411e-01 2.261889e-01 1.258000e+00
      vertex -1.392956e-01 2.611069e-01 1.258000e+00
      vertex -8.242944e-02 1.133334e-01 1.008000e+00
    endloop
  endfacet
  facet normal -8.920270e-01 -4.477435e-01 6.175397e-02
    outer loop
      vertex -8.242944e-02 1.133334e-01 1.008000e+00
      vertex -1.392956e-01 2.611069e-01 1.258000e+00
      vertex -9.028008e-02 1.289740e-01 1.008000e+00
    endloop
  endfacet
  facet normal -9.470640e-01 -3.206349e-01 -1.621756e-02
    outer loop
      vertex -1.392956e-01 2.611069e-01 1.258000e+00
      vertex -1.511466e-01 2.961114e-01 1.258000e+00
      vertex -9.028008e-02 1.289740e-01 1.008000e+00
    endloop
  endfacet
  facet normal -8.946430e-01 -4.401884e-01 7.647264e-02
    outer loop
      vertex -9.028008e-02 1.289740e-01 1.008000e+00
      vertex -1.511466e-01 2.961114e-01 1.258000e+00
      vertex -9.801106e-02 1.446865e-01 1.008000e+00
    endloop
  endfacet
  facet normal -9.496372e-01 -3.131145e-01 -1.218457e-02
    outer loop
      vertex -1.511466e-01 2.961114e-01 1.258000e+00
      vertex -1.627263e-01 3.312314e-01 1.258000e+00
      vertex -9.801106e-02 1.446865e-01 1.008000e+00
    endloop
  endfacet
  facet normal -8.950671e-01 -4.359913e-01 9.362967e-02
    outer loop
      vertex -9.801106e-02 1.446865e-01 1.008000e+00
      vertex -1.627263e-01 3.312314e-01 1.258000e+00
      vertex -1.056822e-01 1.604350e-01 1.008000e+00
    endloop
  endfacet
  facet normal -9.509285e-01 -3.093594e-01 -5.629666e-03
    outer loop
      vertex -1.627263e-01 3.312314e-01 1.258000e+00
      vertex -1.741705e-01 3.664091e-01 1.258000e+00
      vertex -1.056822e-01 1.604350e-01 1.008000e+00
    endloop
  endfacet
  facet normal -8.952395e-01 -4.316887e-01 1.104132e-01
    outer loop
      vertex -1.056822e-01 1.604350e-01 1.008000e+00
      vertex -1.741705e-01 3.664091e-01 1.258000e+00
      vertex -1.132935e-01 1.762194e-01 1.008000e+00
    endloop
  endfacet
  facet normal -9.521634e-01 -3.055886e-01 6.200145e-04
    outer loop
      vertex -1.741705e-01 3.664091e-01 1.258000e+00
      vertex -1.854790e-01 4.016445e-01 1.258000e+00
      vertex -1.132935e-01 1.762194e-01 1.008000e+00
    endloop
  endfacet
  facet normal -8.951759e-01 -4.272917e-01 1.268144e-01
    outer loop
      vertex -1.132935e-01 1.762194e-01 1.008000e+00
      vertex -1.854790e-01 4.016445e-01 1.258000e+00
      vertex -1.208450e-01 1.920398e-01 1.008000e+00
    endloop
  endfacet
  facet normal -9.533472e-01 -3.018045e-01 6.564187e-03
    outer loop
      vertex -1.854790e-01 4.016445e-01 1.258000e+00
      vertex -1.966518e-01 4.369376e-01 1.258000e+00
      vertex -1.208450e-01 1.920398e-01 1.008000e+00
    endloop
  endfacet
  facet normal -9.662206e-01 -2.538833e-01 -4.428255e-02
    outer loop
      vertex -1.208450e-01 1.920398e-01 1.008000e+00
      vertex -1.966518e-01 4.369376e-01 1.258000e+00
      vertex -1.254648e-01 2.096217e-01 1.008000e+00
    endloop
  endfacet
  facet normal -9.780681e-01 -1.161462e-01 -1.728955e-01
    outer loop
      vertex -1.966518e-01 4.369376e-01 1.258000e+00
      vertex -2.011787e-01 4.750586e-01 1.258000e+00
      vertex -1.254648e-01 2.096217e-01 1.008000e+00
    endloop
  endfacet
  facet normal 5.199544e-01 -8.529046e-01 4.691560e-02
    outer loop
      vertex 8.656823e-02 -2.034482e-01 1.258000e+00
      vertex 9.744337e-02 -1.968184e-01 1.258000e+00
      vertex 6.241736e-02 -2.036494e-01 1.522000e+00
    endloop
  endfacet
  facet normal 4.280281e-01 -9.031473e-01 3.341930e-02
    outer loop
      vertex 6.241736e-02 -2.036494e-01 1.522000e+00
      vertex 9.744337e-02 -1.968184e-01 1.258000e+00
      vertex 7.350523e-02 -1.983945e-01 1.522000e+00
    endloop
  endfacet
  facet normal 6.873508e-01 -7.240059e-01 5.800285e-02
    outer loop
      vertex 9.744337e-02 -1.968184e-01 1.258000e+00
      vertex 1.012656e-01 -1.931896e-01 1.258000e+00
      vertex 7.350523e-02 -1.983945e-01 1.522000e+00
    endloop
  endfacet
  facet normal 6.080818e-01 -7.924026e-01 4.831899e-02
    outer loop
      vertex 7.350523e-02 -1.983945e-01 1.522000e+00
      vertex 1.012656e-01 -1.931896e-01 1.258000e+00
      vertex 7.753326e-02 -1.953035e-01 1.522000e+00
    endloop
  endfacet
  facet normal 7.855088e-01 -6.153545e-01 6.568649e-02
    outer loop
      vertex 1.012656e-01 -1.931896e-01 1.258000e+00
      vertex 1.083244e-01 -1.841790e-01 1.258000e+00
      vertex 7.753326e-02 -1.953035e-01 1.522000e+00
    endloop
  endfacet
  facet normal 7.172509e-01 -6.946897e-01 5.438231e-02
    outer loop
      vertex 7.753326e-02 -1.953035e-01 1.522000e+00
      vertex 1.083244e-01 -1.841790e-01 1.258000e+00
      vertex 8.520493e-02 -1.873826e-01 1.522000e+00
    endloop
  endfacet
  facet normal 8.875367e-01 -4.550443e-01 7.220301e-02
    outer loop
      vertex 1.083244e-01 -1.841790e-01 1.258000e+00
      vertex 1.148898e-01 -1.713736e-01 1.258000e+00
      vertex 8.520493e-02 -1.873826e-01 1.522000e+00
    endloop
  endfacet
  facet normal 8.356477e-01 -5.458837e-01 6.085991e-02
    outer loop
      vertex 8.520493e-02 -1.873826e-01 1.522000e+00
      vertex 1.148898e-01 -1.713736e-01 1.258000e+00
      vertex 9.278668e-02 -1.757764e-01 1.522000e+00
    endloop
  endfacet
  facet normal 9.550595e-01 -2.867216e-01 7.517969e-02
    outer loop
      vertex 1.148898e-01 -1.713736e-01 1.258000e+00
      vertex 1.217815e-01 -1.484175e-01 1.258000e+00
      vertex 9.278668e-02 -1.757764e-01 1.522000e+00
    endloop
  endfacet
  facet normal 9.206732e-01 -3.855122e-01 6.116518e-02
    outer loop
      vertex 9.278668e-02 -1.757764e-01 1.522000e+00
      vertex 1.217815e-01 -1.484175e-01 1.258000e+00
      vertex 1.017049e-01 -1.544780e-01 1.522000e+00
    endloop
  endfacet
  facet normal 9.870995e-01 -1.431156e-01 7.178132e-02
    outer loop
      vertex 1.217815e-01 -1.484175e-01 1.258000e+00
      vertex 1.248756e-01 -1.270773e-01 1.258000e+00
      vertex 1.017049e-01 -1.544780e-01 1.522000e+00
    endloop
  endfacet
  facet normal 9.674787e-01 -2.458809e-01 5.939321e-02
    outer loop
      vertex 1.017049e-01 -1.544780e-01 1.522000e+00
      vertex 1.248756e-01 -1.270773e-01 1.258000e+00
      vertex 1.068217e-01 -1.343447e-01 1.522000e+00
    endloop
  endfacet
  facet normal 9.957206e-01 -6.435728e-02 6.632153e-02
    outer loop
      vertex 1.248756e-01 -1.270773e-01 1.258000e+00
      vertex 1.262064e-01 -1.064875e-01 1.258000e+00
      vertex 1.068217e-01 -1.343447e-01 1.522000e+00
    endloop
  endfacet
  facet normal 9.842147e-01 -1.683782e-01 5.450041e-02
    outer loop
      vertex 1.068217e-01 -1.343447e-01 1.522000e+00
      vertex 1.262064e-01 -1.064875e-01 1.258000e+00
      vertex 1.101735e-01 -1.147524e-01 1.522000e+00
    endloop
  endfacet
  facet normal 9.974608e-01 3.558529e-02 6.169026e-02
    outer loop
      vertex 1.262064e-01 -1.064875e-01 1.258000e+00
      vertex 1.247990e-01 -6.703907e-02 1.258000e+00
      vertex 1.101735e-01 -1.147524e-01 1.522000e+00
    endloop
  endfacet
  facet normal 9.966934e-01 -6.911507e-02 4.272500e-02
    outer loop
      vertex 1.101735e-01 -1.147524e-01 1.522000e+00
      vertex 1.247990e-01 -6.703907e-02 1.258000e+00
      vertex 1.128042e-01 -7.681614e-02 1.522000e+00
    endloop
  endfacet
  facet normal 9.915876e-01 1.196062e-01 4.948219e-02
    outer loop
      vertex 1.247990e-01 -6.703907e-02 1.258000e+00
      vertex 1.202043e-01 -2.894692e-02 1.258000e+00
      vertex 1.128042e-01 -7.681614e-02 1.522000e+00
    endloop
  endfacet
  facet normal 9.994122e-01 1.513894e-02 3.075922e-02
    outer loop
      vertex 1.128042e-01 -7.681614e-02 1.522000e+00
      vertex 1.202043e-01 -2.894692e-02 1.258000e+00
      vertex 1.122444e-01 -3.985773e-02 1.522000e+00
    endloop
  endfacet
  facet normal 9.817602e-01 1.864272e-01 3.730614e-02
    outer loop
      vertex 1.202043e-01 -2.894692e-02 1.258000e+00
      vertex 1.131682e-01 8.106420e-03 1.258000e+00
      vertex 1.122444e-01 -3.985773e-02 1.522000e+00
    endloop
  endfacet
  facet normal 9.964065e-01 8.265366e-02 1.850356e-02
    outer loop
      vertex 1.122444e-01 -3.985773e-02 1.522000e+00
      vertex 1.131682e-01 8.106420e-03 1.258000e+00
      vertex 1.092407e-01 -3.648338e-03 1.522000e+00
    endloop
  endfacet
  facet normal 9.662530e-01 2.563009e-01 2.578672e-02
    outer loop
      vertex 1.131682e-01 8.106420e-03 1.258000e+00
      vertex 1.036229e-01 4.409208e-02 1.258000e+00
      vertex 1.092407e-01 -3.648338e-03 1.522000e+00
    endloop
  endfacet
  facet normal 9.880832e-01 1.537711e-01 6.781217e-03
    outer loop
      vertex 1.092407e-01 -3.648338e-03 1.522000e+00
      vertex 1.036229e-01 4.409208e-02 1.258000e+00
      vertex 1.037254e-01 3.179124e-02 1.522000e+00
    endloop
  endfacet
  facet normal 9.438447e-01 3.300481e-01 1.501186e-02
    outer loop
      vertex 1.036229e-01 4.409208e-02 1.258000e+00
      vertex 9.143282e-02 7.895236e-02 1.258000e+00
      vertex 1.037254e-01 3.179124e-02 1.522000e+00
    endloop
  endfacet
  facet normal 9.733143e-01 2.294353e-01 -4.333862e-03
    outer loop
      vertex 1.037254e-01 3.179124e-02 1.522000e+00
      vertex 9.143282e-02 7.895236e-02 1.258000e+00
      vertex 9.556267e-02 6.641940e-02 1.522000e+00
    endloop
  endfacet
  facet normal 9.209370e-01 3.896899e-01 4.093315e-03
    outer loop
      vertex 9.143282e-02 7.895236e-02 1.258000e+00
      vertex 7.707260e-02 1.128892e-01 1.258000e+00
      vertex 9.556267e-02 6.641940e-02 1.522000e+00
    endloop
  endfacet
  facet normal 9.565658e-01 2.910903e-01 -1.575776e-02
    outer loop
      vertex 9.556267e-02 6.641940e-02 1.522000e+00
      vertex 7.707260e-02 1.128892e-01 1.258000e+00
      vertex 8.522766e-02 1.003818e-01 1.522000e+00
    endloop
  endfacet
  facet normal 8.968121e-01 4.423603e-01 -6.745264e-03
    outer loop
      vertex 7.707260e-02 1.128892e-01 1.258000e+00
      vertex 6.074571e-02 1.459893e-01 1.258000e+00
      vertex 8.522766e-02 1.003818e-01 1.522000e+00
    endloop
  endfacet
  facet normal 9.378727e-01 3.459105e-01 -2.721526e-02
    outer loop
      vertex 8.522766e-02 1.003818e-01 1.522000e+00
      vertex 6.074571e-02 1.459893e-01 1.258000e+00
      vertex 7.292404e-02 1.337408e-01 1.522000e+00
    endloop
  endfacet
  facet normal 8.736283e-01 4.862704e-01 -1.773953e-02
    outer loop
      vertex 6.074571e-02 1.459893e-01 1.258000e+00
      vertex 4.272342e-02 1.783680e-01 1.258000e+00
      vertex 7.292404e-02 1.337408e-01 1.522000e+00
    endloop
  endfacet
  facet normal 9.191883e-01 3.918918e-01 -3.890541e-02
    outer loop
      vertex 7.292404e-02 1.337408e-01 1.522000e+00
      vertex 4.272342e-02 1.783680e-01 1.258000e+00
      vertex 5.892334e-02 1.665796e-01 1.522000e+00
    endloop
  endfacet
  facet normal 8.515475e-01 5.234815e-01 -2.887890e-02
    outer loop
      vertex 4.272342e-02 1.783680e-01 1.258000e+00
      vertex 2.320918e-02 2.101118e-01 1.258000e+00
      vertex 5.892334e-02 1.665796e-01 1.522000e+00
    endloop
  endfacet
  facet normal 9.008885e-01 4.310684e-01 -5.079222e-02
    outer loop
      vertex 5.892334e-02 1.665796e-01 1.522000e+00
      vertex 2.320918e-02 2.101118e-01 1.258000e+00
      vertex 4.342921e-02 1.989608e-01 1.522000e+00
    endloop
  endfacet
  facet normal 8.280976e-01 5.591689e-01 -3.980628e-02
    outer loop
      vertex 2.320918e-02 2.101118e-01 1.258000e+00
      vertex 2.202984e-03 2.412208e-01 1.258000e+00
      vertex 4.342921e-02 1.989608e-01 1.522000e+00
    endloop
  endfacet
  facet normal 8.810640e-01 4.688449e-01 -6.253620e-02
    outer loop
      vertex 4.342921e-02 1.989608e-01 1.522000e+00
      vertex 2.202984e-03 2.412208e-01 1.258000e+00
      vertex 2.644165e-02 2.308842e-01 1.522000e+00
    endloop
  endfacet
  facet normal 8.068185e-01 5.885913e-01 -5.103097e-02
    outer loop
      vertex 2.202984e-03 2.412208e-01 1.258000e+00
      vertex -2.009172e-02 2.717815e-01 1.258000e+00
      vertex 2.644165e-02 2.308842e-01 1.522000e+00
    endloop
  endfacet
  facet normal 8.627279e-01 5.001371e-01 -7.458853e-02
    outer loop
      vertex 2.644165e-02 2.308842e-01 1.522000e+00
      vertex -2.009172e-02 2.717815e-01 1.258000e+00
      vertex 8.164317e-03 2.624123e-01 1.522000e+00
    endloop
  endfacet
  facet normal 7.870537e-01 6.137145e-01 -6.245828e-02
    outer loop
      vertex -2.009172e-02 2.717815e-01 1.258000e+00
      vertex -4.353929e-02 3.018516e-01 1.258000e+00
      vertex 8.164317e-03 2.624123e-01 1.522000e+00
    endloop
  endfacet
  facet normal 8.454350e-01 5.269691e-01 -8.685113e-02
    outer loop
      vertex 8.164317e-03 2.624123e-01 1.522000e+00
      vertex -4.353929e-02 3.018516e-01 1.258000e+00
      vertex -1.126703e-02 2.935867e-01 1.522000e+00
    endloop
  endfacet
  facet normal 7.736875e-01 6.291266e-01 -7.488224e-02
    outer loop
      vertex -4.353929e-02 3.018516e-01 1.258000e+00
      vertex -6.773284e-02 3.316044e-01 1.258000e+00
      vertex -1.126703e-02 2.935867e-01 1.522000e+00
    endloop
  endfacet
  facet normal 8.334586e-01 5.434575e-01 -1.000033e-01
    outer loop
      vertex -1.126703e-02 2.935867e-01 1.522000e+00
      vertex -6.773284e-02 3.316044e-01 1.258000e+00
      vertex -3.144510e-02 3.245322e-01 1.522000e+00
    endloop
  endfacet
  facet normal 7.600604e-01 6.439725e-01 -8.722182e-02
    outer loop
      vertex -6.773284e-02 3.316044e-01 1.258000e+00
      vertex -9.267236e-02 3.610397e-01 1.258000e+00
      vertex -3.144510e-02 3.245322e-01 1.522000e+00
    endloop
  endfacet
  facet normal 8.211560e-01 5.593871e-01 -1.130882e-01
    outer loop
      vertex -3.144510e-02 3.245322e-01 1.522000e+00
      vertex -9.267236e-02 3.610397e-01 1.258000e+00
      vertex -5.236988e-02 3.552488e-01 1.522000e+00
    endloop
  endfacet
  facet normal 7.497102e-01 6.541514e-01 -1.001025e-01
    outer loop
      vertex -9.267236e-02 3.610397e-01 1.258000e+00
      vertex -1.181544e-01 3.902442e-01 1.258000e+00
      vertex -5.236988e-02 3.552488e-01 1.522000e+00
    endloop
  endfacet
  facet normal 8.116029e-01 5.703188e-01 -1.266379e-01
    outer loop
      vertex -5.236988e-02 3.552488e-01 1.522000e+00
      vertex -1.181544e-01 3.902442e-01 1.258000e+00
      vertex -7.383772e-02 3.857991e-01 1.522000e+00
    endloop
  endfacet
  facet normal 7.403664e-01 6.626161e-01 -1.131256e-01
    outer loop
      vertex -1.181544e-01 3.902442e-01 1.258000e+00
      vertex -1.441112e-01 4.192467e-01 1.258000e+00
      vertex -7.383772e-02 3.857991e-01 1.522000e+00
    endloop
  endfacet
  facet normal 8.028592e-01 5.794246e-01 -1.403004e-01
    outer loop
      vertex -7.383772e-02 3.857991e-01 1.522000e+00
      vertex -1.441112e-01 4.192467e-01 1.258000e+00
      vertex -9.578075e-02 4.162037e-01 1.522000e+00
    endloop
  endfacet
  facet normal 7.343881e-01 6.667881e-01 -1.267584e-01
    outer loop
      vertex -1.441112e-01 4.192467e-01 1.258000e+00
      vertex -1.703392e-01 4.481338e-01 1.258000e+00
      vertex -9.578075e-02 4.162037e-01 1.522000e+00
    endloop
  endfacet
  facet normal 7.969914e-01 5.839057e-01 -1.544632e-01
    outer loop
      vertex -9.578075e-02 4.162037e-01 1.522000e+00
      vertex -1.703392e-01 4.481338e-01 1.258000e+00
      vertex -1.179953e-01 4.465250e-01 1.522000e+00
    endloop
  endfacet
  facet normal 6.525341e-01 7.474075e-01 -1.248249e-01
    outer loop
      vertex -1.703392e-01 4.481338e-01 1.258000e+00
      vertex -2.011787e-01 4.750586e-01 1.258000e+00
      vertex -1.179953e-01 4.465250e-01 1.522000e+00
    endloop
  endfacet
  facet normal 7.240199e-01 6.720237e-01 -1.554969e-01
    outer loop
      vertex -1.179953e-01 4.465250e-01 1.522000e+00
      vertex -2.011787e-01 4.750586e-01 1.258000e+00
      vertex -1.448259e-01 4.754316e-01 1.522000e+00
    endloop
  endfacet
  facet normal 2.003804e-01 -9.795603e-01 1.758425e-02
    outer loop
      vertex 8.656823e-02 -2.034482e-01 1.258000e+00
      vertex 6.241736e-02 -2.036494e-01 1.522000e+00
      vertex 7.750545e-02 -2.053021e-01 1.258000e+00
    endloop
  endfacet
  facet normal 9.672537e-02 -9.952417e-01 1.175834e-02
    outer loop
      vertex 6.241736e-02 -2.036494e-01 1.522000e+00
      vertex 5.354759e-02 -2.045114e-01 1.522000e+00
      vertex 7.750545e-02 -2.053021e-01 1.258000e+00
    endloop
  endfacet
  facet normal -1.046062e-01 -9.944924e-01 -6.514633e-03
    outer loop
      vertex 7.750545e-02 -2.053021e-01 1.258000e+00
      vertex 5.354759e-02 -2.045114e-01 1.522000e+00
      vertex 7.373233e-02 -2.049052e-01 1.258000e+00
    endloop
  endfacet
  facet normal -2.081393e-01 -9.779924e-01 -1.445511e-02
    outer loop
      vertex 5.354759e-02 -2.045114e-01 1.522000e+00
      vertex 4.997271e-02 -2.037506e-01 1.522000e+00
      vertex 7.373233e-02 -2.049052e-01 1.258000e+00
    endloop
  endfacet
  facet normal -3.377573e-01 -9.408662e-01 -2.628291e-02
    outer loop
      vertex 7.373233e-02 -2.049052e-01 1.258000e+00
      vertex 4.997271e-02 -2.037506e-01 1.522000e+00
      vertex 6.607502e-02 -2.021563e-01 1.258000e+00
    endloop
  endfacet
  facet normal -4.343401e-01 -9.001829e-01 -3.192816e-02
    outer loop
      vertex 4.997271e-02 -2.037506e-01 1.522000e+00
      vertex 4.291374e-02 -2.003446e-01 1.522000e+00
      vertex 6.607502e-02 -2.021563e-01 1.258000e+00
    endloop
  endfacet
  facet normal -5.541176e-01 -8.313318e-01 -4.290898e-02
    outer loop
      vertex 6.607502e-02 -2.021563e-01 1.258000e+00
      vertex 4.291374e-02 -2.003446e-01 1.522000e+00
      vertex 5.690710e-02 -1.960455e-01 1.258000e+00
    endloop
  endfacet
  facet normal -6.380164e-01 -7.686275e-01 -4.633493e-02
    outer loop
      vertex 4.291374e-02 -2.003446e-01 1.522000e+00
      vertex 3.474660e-02 -1.935653e-01 1.522000e+00
      vertex 5.690710e-02 -1.960455e-01 1.258000e+00
    endloop
  endfacet
  facet normal -6.909711e-01 -7.210650e-01 -5.122685e-02
    outer loop
      vertex 5.690710e-02 -1.960455e-01 1.258000e+00
      vertex 3.474660e-02 -1.935653e-01 1.522000e+00
      vertex 4.243676e-02 -1.821791e-01 1.258000e+00
    endloop
  endfacet
  facet normal -7.627167e-01 -6.447949e-01 -5.002726e-02
    outer loop
      vertex 3.474660e-02 -1.935653e-01 1.522000e+00
      vertex 2.228166e-02 -1.788208e-01 1.522000e+00
      vertex 4.243676e-02 -1.821791e-01 1.258000e+00
    endloop
  endfacet
  facet normal -7.954710e-01 -6.036650e-01 -5.305110e-02
    outer loop
      vertex 4.243676e-02 -1.821791e-01 1.258000e+00
      vertex 2.228166e-02 -1.788208e-01 1.522000e+00
      vertex 3.095033e-02 -1.670430e-01 1.258000e+00
    endloop
  endfacet
  facet normal -8.543897e-01 -5.171117e-01 -5.112437e-02
    outer loop
      vertex 2.228166e-02 -1.788208e-01 1.522000e+00
      vertex 1.280357e-02 -1.631607e-01 1.522000e+00
      vertex 3.095033e-02 -1.670430e-01 1.258000e+00
    endloop
  endfacet
  facet normal -8.415269e-01 -5.379024e-01 -4.993447e-02
    outer loop
      vertex 3.095033e-02 -1.670430e-01 1.258000e+00
      vertex 1.280357e-02 -1.631607e-01 1.522000e+00
      vertex 2.088804e-02 -1.513010e-01 1.258000e+00
    endloop
  endfacet
  facet normal -8.933301e-01 -4.468909e-01 -4.743229e-02
    outer loop
      vertex 1.280357e-02 -1.631607e-01 1.522000e+00
      vertex 4.751036e-03 -1.470638e-01 1.522000e+00
      vertex 2.088804e-02 -1.513010e-01 1.258000e+00
    endloop
  endfacet
  facet normal -8.766641e-01 -4.789084e-01 -4.589970e-02
    outer loop
      vertex 2.088804e-02 -1.513010e-01 1.258000e+00
      vertex 4.751036e-03 -1.470638e-01 1.522000e+00
      vertex 3.137011e-03 -1.188069e-01 1.258000e+00
    endloop
  endfacet
  facet normal -9.223783e-01 -3.846502e-01 -3.553141e-02
    outer loop
      vertex 4.751036e-03 -1.470638e-01 1.522000e+00
      vertex -8.978131e-03 -1.141417e-01 1.522000e+00
      vertex 3.137011e-03 -1.188069e-01 1.258000e+00
    endloop
  endfacet
  facet normal -9.015493e-01 -4.313580e-01 -3.375018e-02
    outer loop
      vertex 3.137011e-03 -1.188069e-01 1.258000e+00
      vertex -8.978131e-03 -1.141417e-01 1.522000e+00
      vertex -1.278298e-02 -8.553368e-02 1.258000e+00
    endloop
  endfacet
  facet normal -9.420523e-01 -3.346976e-01 -2.269195e-02
    outer loop
      vertex -8.978131e-03 -1.141417e-01 1.522000e+00
      vertex -2.087445e-02 -8.065788e-02 1.522000e+00
      vertex -1.278298e-02 -8.553368e-02 1.258000e+00
    endloop
  endfacet
  facet normal -9.191776e-01 -3.932878e-01 -2.090875e-02
    outer loop
      vertex -1.278298e-02 -8.553368e-02 1.258000e+00
      vertex -2.087445e-02 -8.065788e-02 1.522000e+00
      vertex -2.727883e-02 -5.165451e-02 1.258000e+00
    endloop
  endfacet
  facet normal -9.554718e-01 -2.949383e-01 -9.223488e-03
    outer loop
      vertex -2.087445e-02 -8.065788e-02 1.522000e+00
      vertex -3.134523e-02 -4.673712e-02 1.522000e+00
      vertex -2.727883e-02 -5.165451e-02 1.258000e+00
    endloop
  endfacet
  facet normal -9.329092e-01 -3.600301e-01 -7.663526e-03
    outer loop
      vertex -2.727883e-02 -5.165451e-02 1.258000e+00
      vertex -3.134523e-02 -4.673712e-02 1.522000e+00
      vertex -4.055400e-02 -1.725593e-02 1.258000e+00
    endloop
  endfacet
  facet normal -9.654956e-01 -2.603786e-01 4.601339e-03
    outer loop
      vertex -3.134523e-02 -4.673712e-02 1.522000e+00
      vertex -4.059411e-02 -1.244186e-02 1.522000e+00
      vertex -4.055400e-02 -1.725593e-02 1.258000e+00
    endloop
  endfacet
  facet normal -9.392367e-01 -3.432156e-01 6.115871e-03
    outer loop
      vertex -4.055400e-02 -1.725593e-02 1.258000e+00
      vertex -4.059411e-02 -1.244186e-02 1.522000e+00
      vertex -5.321882e-02 1.740235e-02 1.258000e+00
    endloop
  endfacet
  facet normal -9.698543e-01 -2.429503e-01 1.891466e-02
    outer loop
      vertex -4.059411e-02 -1.244186e-02 1.522000e+00
      vertex -4.923204e-02 2.204065e-02 1.522000e+00
      vertex -5.321882e-02 1.740235e-02 1.258000e+00
    endloop
  endfacet
  facet normal -9.417709e-01 -3.356528e-01 2.011928e-02
    outer loop
      vertex -5.321882e-02 1.740235e-02 1.258000e+00
      vertex -4.923204e-02 2.204065e-02 1.522000e+00
      vertex -6.561238e-02 5.217606e-02 1.258000e+00
    endloop
  endfacet
  facet normal -9.713915e-01 -2.351187e-01 3.343303e-02
    outer loop
      vertex -4.923204e-02 2.204065e-02 1.522000e+00
      vertex -5.759844e-02 5.660639e-02 1.522000e+00
      vertex -6.561238e-02 5.217606e-02 1.258000e+00
    endloop
  endfacet
  facet normal -9.407393e-01 -3.373997e-01 3.421900e-02
    outer loop
      vertex -6.561238e-02 5.217606e-02 1.258000e+00
      vertex -5.759844e-02 5.660639e-02 1.522000e+00
      vertex -7.807375e-02 8.692091e-02 1.258000e+00
    endloop
  endfacet
  facet normal -9.703418e-01 -2.369128e-01 4.805358e-02
    outer loop
      vertex -5.759844e-02 5.660639e-02 1.522000e+00
      vertex -6.603273e-02 9.115132e-02 1.522000e+00
      vertex -7.807375e-02 8.692091e-02 1.258000e+00
    endloop
  endfacet
  facet normal -9.415291e-01 -3.334537e-01 4.828644e-02
    outer loop
      vertex -7.807375e-02 8.692091e-02 1.258000e+00
      vertex -6.603273e-02 9.115132e-02 1.522000e+00
      vertex -9.039949e-02 1.217235e-01 1.258000e+00
    endloop
  endfacet
  facet normal -9.704939e-01 -2.328553e-01 6.260950e-02
    outer loop
      vertex -6.603273e-02 9.115132e-02 1.522000e+00
      vertex -7.433124e-02 1.257379e-01 1.522000e+00
      vertex -9.039949e-02 1.217235e-01 1.258000e+00
    endloop
  endfacet
  facet normal -9.401309e-01 -3.350682e-01 6.231572e-02
    outer loop
      vertex -9.039949e-02 1.217235e-01 1.258000e+00
      vertex -7.433124e-02 1.257379e-01 1.522000e+00
      vertex -1.027930e-01 1.564972e-01 1.258000e+00
    endloop
  endfacet
  facet normal -9.690385e-01 -2.345491e-01 7.714398e-02
    outer loop
      vertex -7.433124e-02 1.257379e-01 1.522000e+00
      vertex -8.269764e-02 1.603036e-01 1.522000e+00
      vertex -1.027930e-01 1.564972e-01 1.258000e+00
    endloop
  endfacet
  facet normal -9.405373e-01 -3.309953e-01 7.636509e-02
    outer loop
      vertex -1.027930e-01 1.564972e-01 1.258000e+00
      vertex -8.269764e-02 1.603036e-01 1.522000e+00
      vertex -1.150510e-01 1.913286e-01 1.258000e+00
    endloop
  endfacet
  facet normal -9.687703e-01 -2.304017e-01 9.164670e-02
    outer loop
      vertex -8.269764e-02 1.603036e-01 1.522000e+00
      vertex -9.092828e-02 1.949110e-01 1.522000e+00
      vertex -1.150510e-01 1.913286e-01 1.258000e+00
    endloop
  endfacet
  facet normal -9.400895e-01 -3.287350e-01 9.036036e-02
    outer loop
      vertex -1.150510e-01 1.913286e-01 1.258000e+00
      vertex -9.092828e-02 1.949110e-01 1.522000e+00
      vertex -1.272411e-01 2.261889e-01 1.258000e+00
    endloop
  endfacet
  facet normal -9.678301e-01 -2.281425e-01 1.060939e-01
    outer loop
      vertex -9.092828e-02 1.949110e-01 1.522000e+00
      vertex -9.909103e-02 2.295391e-01 1.522000e+00
      vertex -1.272411e-01 2.261889e-01 1.258000e+00
    endloop
  endfacet
  facet normal -9.400964e-01 -3.245424e-01 1.043600e-01
    outer loop
      vertex -1.272411e-01 2.261889e-01 1.258000e+00
      vertex -9.909103e-02 2.295391e-01 1.522000e+00
      vertex -1.392956e-01 2.611069e-01 1.258000e+00
    endloop
  endfacet
  facet normal -9.671292e-01 -2.239164e-01 1.205092e-01
    outer loop
      vertex -9.909103e-02 2.295391e-01 1.522000e+00
      vertex -1.071180e-01 2.642089e-01 1.522000e+00
      vertex -1.392956e-01 2.611069e-01 1.258000e+00
    endloop
  endfacet
  facet normal -9.405286e-01 -3.184223e-01 1.183775e-01
    outer loop
      vertex -1.392956e-01 2.611069e-01 1.258000e+00
      vertex -1.071180e-01 2.642089e-01 1.522000e+00
      vertex -1.511466e-01 2.961114e-01 1.258000e+00
    endloop
  endfacet
  facet normal -9.666407e-01 -2.177333e-01 1.348998e-01
    outer loop
      vertex -1.071180e-01 2.642089e-01 1.522000e+00
      vertex -1.149413e-01 2.989411e-01 1.522000e+00
      vertex -1.511466e-01 2.961114e-01 1.258000e+00
    endloop
  endfacet
  facet normal -9.413439e-01 -3.103800e-01 1.324236e-01
    outer loop
      vertex -1.511466e-01 2.961114e-01 1.258000e+00
      vertex -1.149413e-01 2.989411e-01 1.522000e+00
      vertex -1.627263e-01 3.312314e-01 1.258000e+00
    endloop
  endfacet
  facet normal -9.663248e-01 -2.096053e-01 1.492712e-01
    outer loop
      vertex -1.149413e-01 2.989411e-01 1.522000e+00
      vertex -1.224931e-01 3.337565e-01 1.522000e+00
      vertex -1.627263e-01 3.312314e-01 1.258000e+00
    endloop
  endfacet
  facet normal -9.407130e-01 -3.060361e-01 1.462904e-01
    outer loop
      vertex -1.627263e-01 3.312314e-01 1.258000e+00
      vertex -1.224931e-01 3.337565e-01 1.522000e+00
      vertex -1.741705e-01 3.664091e-01 1.258000e+00
    endloop
  endfacet
  facet normal -9.649469e-01 -2.052981e-01 1.634938e-01
    outer loop
      vertex -1.224931e-01 3.337565e-01 1.522000e+00
      vertex -1.299092e-01 3.686135e-01 1.522000e+00
      vertex -1.741705e-01 3.664091e-01 1.258000e+00
    endloop
  endfacet
  facet normal -9.398821e-01 -3.016470e-01 1.600960e-01
    outer loop
      vertex -1.741705e-01 3.664091e-01 1.258000e+00
      vertex -1.299092e-01 3.686135e-01 1.522000e+00
      vertex -1.854790e-01 4.016445e-01 1.258000e+00
    endloop
  endfacet
  facet normal -9.633577e-01 -2.009679e-01 1.776341e-01
    outer loop
      vertex -1.299092e-01 3.686135e-01 1.522000e+00
      vertex -1.371895e-01 4.035121e-01 1.522000e+00
      vertex -1.854790e-01 4.016445e-01 1.258000e+00
    endloop
  endfacet
  facet normal -9.388529e-01 -2.972160e-01 1.738327e-01
    outer loop
      vertex -1.854790e-01 4.016445e-01 1.258000e+00
      vertex -1.371895e-01 4.035121e-01 1.522000e+00
      vertex -1.966518e-01 4.369376e-01 1.258000e+00
    endloop
  endfacet
  facet normal -9.615605e-01 -1.966178e-01 1.916842e-01
    outer loop
      vertex -1.371895e-01 4.035121e-01 1.522000e+00
      vertex -1.443340e-01 4.384524e-01 1.522000e+00
      vertex -1.966518e-01 4.369376e-01 1.258000e+00
    endloop
  endfacet
  facet normal -9.742105e-01 -1.156881e-01 1.937268e-01
    outer loop
      vertex -1.966518e-01 4.369376e-01 1.258000e+00
      vertex -1.443340e-01 4.384524e-01 1.522000e+00
      vertex -2.011787e-01 4.750586e-01 1.258000e+00
    endloop
  endfacet
  facet normal -9.778815e-01 -1.300935e-02 2.087547e-01
    outer loop
      vertex -1.443340e-01 4.384524e-01 1.522000e+00
      vertex -1.448259e-01 4.754316e-01 1.522000e+00
      vertex -2.011787e-01 4.750586e-01 1.258000e+00
    endloop
  endfacet
  facet normal 4.279179e-01 -9.029149e-01 4.038533e-02
    outer loop
      vertex 6.241736e-02 -2.036494e-01 1.522000e+00
      vertex 7.350523e-02 -1.983945e-01 1.522000e+00
      vertex 4.487602e-02 -1.996179e-01 1.798000e+00
    endloop
  endfacet
  facet normal 3.579717e-01 -9.331493e-01 3.299586e-02
    outer loop
      vertex 4.487602e-02 -1.996179e-01 1.798000e+00
      vertex 7.350523e-02 -1.983945e-01 1.522000e+00
      vertex 5.588027e-02 -1.953965e-01 1.798000e+00
    endloop
  endfacet
  facet normal 6.081074e-01 -7.924360e-01 4.744067e-02
    outer loop
      vertex 7.350523e-02 -1.983945e-01 1.522000e+00
      vertex 7.753326e-02 -1.953035e-01 1.522000e+00
      vertex 5.588027e-02 -1.953965e-01 1.798000e+00
    endloop
  endfacet
  facet normal 5.460785e-01 -8.366522e-01 4.255942e-02
    outer loop
      vertex 5.588027e-02 -1.953965e-01 1.798000e+00
      vertex 7.753326e-02 -1.953035e-01 1.522000e+00
      vertex 5.996444e-02 -1.927308e-01 1.798000e+00
    endloop
  endfacet
  facet normal 7.173368e-01 -6.947729e-01 5.213839e-02
    outer loop
      vertex 7.753326e-02 -1.953035e-01 1.522000e+00
      vertex 8.520493e-02 -1.873826e-01 1.522000e+00
      vertex 5.996444e-02 -1.927308e-01 1.798000e+00
    endloop
  endfacet
  facet normal 6.625088e-01 -7.476342e-01 4.610000e-02
    outer loop
      vertex 5.996444e-02 -1.927308e-01 1.798000e+00
      vertex 8.520493e-02 -1.873826e-01 1.522000e+00
      vertex 6.789188e-02 -1.857059e-01 1.798000e+00
    endloop
  endfacet
  facet normal 8.358974e-01 -5.460469e-01 5.575176e-02
    outer loop
      vertex 8.520493e-02 -1.873826e-01 1.522000e+00
      vertex 9.278668e-02 -1.757764e-01 1.522000e+00
      vertex 6.789188e-02 -1.857059e-01 1.798000e+00
    endloop
  endfacet
  facet normal 7.921191e-01 -6.083511e-01 4.956152e-02
    outer loop
      vertex 6.789188e-02 -1.857059e-01 1.798000e+00
      vertex 9.278668e-02 -1.757764e-01 1.522000e+00
      vertex 7.600294e-02 -1.751447e-01 1.798000e+00
    endloop
  endfacet
  facet normal 9.209067e-01 -3.856100e-01 5.688341e-02
    outer loop
      vertex 9.278668e-02 -1.757764e-01 1.522000e+00
      vertex 1.017049e-01 -1.544780e-01 1.522000e+00
      vertex 7.600294e-02 -1.751447e-01 1.798000e+00
    endloop
  endfacet
  facet normal 8.892302e-01 -4.548552e-01 4.874855e-02
    outer loop
      vertex 7.600294e-02 -1.751447e-01 1.798000e+00
      vertex 1.017049e-01 -1.544780e-01 1.522000e+00
      vertex 8.610345e-02 -1.553985e-01 1.798000e+00
    endloop
  endfacet
  facet normal 9.677815e-01 -2.459578e-01 5.388554e-02
    outer loop
      vertex 1.017049e-01 -1.544780e-01 1.522000e+00
      vertex 1.068217e-01 -1.343447e-01 1.522000e+00
      vertex 8.610345e-02 -1.553985e-01 1.798000e+00
    endloop
  endfacet
  facet normal 9.465690e-01 -3.191002e-01 4.671377e-02
    outer loop
      vertex 8.610345e-02 -1.553985e-01 1.798000e+00
      vertex 1.068217e-01 -1.343447e-01 1.522000e+00
      vertex 9.247775e-02 -1.364900e-01 1.798000e+00
    endloop
  endfacet
  facet normal 9.844540e-01 -1.684191e-01 4.985386e-02
    outer loop
      vertex 1.068217e-01 -1.343447e-01 1.522000e+00
      vertex 1.101735e-01 -1.147524e-01 1.522000e+00
      vertex 9.247775e-02 -1.364900e-01 1.798000e+00
    endloop
  endfacet
  facet normal 9.690682e-01 -2.430195e-01 4.299194e-02
    outer loop
      vertex 9.247775e-02 -1.364900e-01 1.798000e+00
      vertex 1.101735e-01 -1.147524e-01 1.522000e+00
      vertex 9.712204e-02 -1.179703e-01 1.798000e+00
    endloop
  endfacet
  facet normal 9.965336e-01 -6.910399e-02 4.631843e-02
    outer loop
      vertex 1.101735e-01 -1.147524e-01 1.522000e+00
      vertex 1.128042e-01 -7.681614e-02 1.522000e+00
      vertex 9.712204e-02 -1.179703e-01 1.798000e+00
    endloop
  endfacet
  facet normal 9.888412e-01 -1.449048e-01 3.457873e-02
    outer loop
      vertex 9.712204e-02 -1.179703e-01 1.798000e+00
      vertex 1.128042e-01 -7.681614e-02 1.522000e+00
      vertex 1.024182e-01 -8.182862e-02 1.798000e+00
    endloop
  endfacet
  facet normal 9.991679e-01 1.513524e-02 3.787384e-02
    outer loop
      vertex 1.128042e-01 -7.681614e-02 1.522000e+00
      vertex 1.122444e-01 -3.985773e-02 1.522000e+00
      vertex 1.024182e-01 -8.182862e-02 1.798000e+00
    endloop
  endfacet
  facet normal 9.977889e-01 -6.106512e-02 2.623708e-02
    outer loop
      vertex 1.024182e-01 -8.182862e-02 1.798000e+00
      vertex 1.122444e-01 -3.985773e-02 1.522000e+00
      vertex 1.045871e-01 -4.638996e-02 1.798000e+00
    endloop
  endfacet
  facet normal 9.961407e-01 8.263161e-02 2.959229e-02
    outer loop
      vertex 1.122444e-01 -3.985773e-02 1.522000e+00
      vertex 1.092407e-01 -3.648338e-03 1.522000e+00
      vertex 1.045871e-01 -4.638996e-02 1.798000e+00
    endloop
  endfacet
  facet normal 9.998194e-01 6.490297e-03 1.786300e-02
    outer loop
      vertex 1.045871e-01 -4.638996e-02 1.798000e+00
      vertex 1.092407e-01 -3.648338e-03 1.522000e+00
      vertex 1.043606e-01 -1.148982e-02 1.798000e+00
    endloop
  endfacet
  facet normal 9.878704e-01 1.537380e-01 2.183520e-02
    outer loop
      vertex 1.092407e-01 -3.648338e-03 1.522000e+00
      vertex 1.037254e-01 3.179124e-02 1.522000e+00
      vertex 1.043606e-01 -1.148982e-02 1.798000e+00
    endloop
  endfacet
  facet normal 9.969012e-01 7.803306e-02 9.942716e-03
    outer loop
      vertex 1.043606e-01 -1.148982e-02 1.798000e+00
      vertex 1.037254e-01 3.179124e-02 1.522000e+00
      vertex 1.016720e-01 2.285685e-02 1.798000e+00
    endloop
  endfacet
  facet normal 9.732187e-01 2.294128e-01 1.466683e-02
    outer loop
      vertex 1.037254e-01 3.179124e-02 1.522000e+00
      vertex 9.556267e-02 6.641940e-02 1.522000e+00
      vertex 1.016720e-01 2.285685e-02 1.798000e+00
    endloop
  endfacet
  facet normal 9.879730e-01 1.546057e-01 2.533035e-03
    outer loop
      vertex 1.016720e-01 2.285685e-02 1.798000e+00
      vertex 9.556267e-02 6.641940e-02 1.522000e+00
      vertex 9.638851e-02 5.662014e-02 1.798000e+00
    endloop
  endfacet
  facet normal 9.566579e-01 2.911183e-01 7.473559e-03
    outer loop
      vertex 9.556267e-02 6.641940e-02 1.522000e+00
      vertex 8.522766e-02 1.003818e-01 1.522000e+00
      vertex 9.638851e-02 5.662014e-02 1.798000e+00
    endloop
  endfacet
  facet normal 9.760740e-01 2.173809e-01 -5.003145e-03
    outer loop
      vertex 9.638851e-02 5.662014e-02 1.798000e+00
      vertex 8.522766e-02 1.003818e-01 1.522000e+00
      vertex 8.897571e-02 8.990475e-02 1.798000e+00
    endloop
  endfacet
  facet normal 9.382202e-01 3.460387e-01 3.947843e-04
    outer loop
      vertex 8.522766e-02 1.003818e-01 1.522000e+00
      vertex 7.292404e-02 1.337408e-01 1.522000e+00
      vertex 8.897571e-02 8.990475e-02 1.798000e+00
    endloop
  endfacet
  facet normal 9.617847e-01 2.735218e-01 -1.249326e-02
    outer loop
      vertex 8.897571e-02 8.990475e-02 1.798000e+00
      vertex 7.292404e-02 1.337408e-01 1.522000e+00
      vertex 7.963327e-02 1.227556e-01 1.798000e+00
    endloop
  endfacet
  facet normal 9.198638e-01 3.921798e-01 -6.751447e-03
    outer loop
      vertex 7.292404e-02 1.337408e-01 1.522000e+00
      vertex 5.892334e-02 1.665796e-01 1.522000e+00
      vertex 7.963327e-02 1.227556e-01 1.798000e+00
    endloop
  endfacet
  facet normal 9.469027e-01 3.208913e-01 -2.009973e-02
    outer loop
      vertex 7.963327e-02 1.227556e-01 1.798000e+00
      vertex 5.892334e-02 1.665796e-01 1.522000e+00
      vertex 6.862735e-02 1.552324e-01 1.798000e+00
    endloop
  endfacet
  facet normal 9.019649e-01 4.315834e-01 -1.396884e-02
    outer loop
      vertex 5.892334e-02 1.665796e-01 1.522000e+00
      vertex 4.342921e-02 1.989608e-01 1.522000e+00
      vertex 6.862735e-02 1.552324e-01 1.798000e+00
    endloop
  endfacet
  facet normal 9.319583e-01 3.614971e-01 -2.781137e-02
    outer loop
      vertex 6.862735e-02 1.552324e-01 1.798000e+00
      vertex 4.342921e-02 1.989608e-01 1.522000e+00
      vertex 5.615757e-02 1.873801e-01 1.798000e+00
    endloop
  endfacet
  facet normal 8.825972e-01 4.696608e-01 -2.099656e-02
    outer loop
      vertex 4.342921e-02 1.989608e-01 1.522000e+00
      vertex 2.644165e-02 2.308842e-01 1.522000e+00
      vertex 5.615757e-02 1.873801e-01 1.798000e+00
    endloop
  endfacet
  facet normal 9.154467e-01 4.008815e-01 -3.537455e-02
    outer loop
      vertex 5.615757e-02 1.873801e-01 1.798000e+00
      vertex 2.644165e-02 2.308842e-01 1.522000e+00
      vertex 4.222392e-02 2.191988e-01 1.798000e+00
    endloop
  endfacet
  facet normal 8.647932e-01 5.013343e-01 -2.822507e-02
    outer loop
      vertex 2.644165e-02 2.308842e-01 1.522000e+00
      vertex 8.164317e-03 2.624123e-01 1.522000e+00
      vertex 4.222392e-02 2.191988e-01 1.798000e+00
    endloop
  endfacet
  facet normal 8.999990e-01 4.337508e-01 -4.315121e-02
    outer loop
      vertex 4.222392e-02 2.191988e-01 1.798000e+00
      vertex 8.164317e-03 2.624123e-01 1.522000e+00
      vertex 2.702603e-02 2.507332e-01 1.798000e+00
    endloop
  endfacet
  facet normal 8.481042e-01 5.286328e-01 -3.558979e-02
    outer loop
      vertex 8.164317e-03 2.624123e-01 1.522000e+00
      vertex -1.126703e-02 2.935867e-01 1.522000e+00
      vertex 2.702603e-02 2.507332e-01 1.798000e+00
    endloop
  endfacet
  facet normal 8.853234e-01 4.621622e-01 -5.107432e-02
    outer loop
      vertex 2.702603e-02 2.507332e-01 1.798000e+00
      vertex -1.126703e-02 2.935867e-01 1.522000e+00
      vertex 1.069696e-02 2.820134e-01 1.798000e+00
    endloop
  endfacet
  facet normal 8.368569e-01 5.456734e-01 -4.371557e-02
    outer loop
      vertex -1.126703e-02 2.935867e-01 1.522000e+00
      vertex -3.144510e-02 3.245322e-01 1.522000e+00
      vertex 1.069696e-02 2.820134e-01 1.798000e+00
    endloop
  endfacet
  facet normal 8.752764e-01 4.799228e-01 -5.971089e-02
    outer loop
      vertex 1.069696e-02 2.820134e-01 1.798000e+00
      vertex -3.144510e-02 3.245322e-01 1.522000e+00
      vertex -6.364033e-03 3.131290e-01 1.798000e+00
    endloop
  endfacet
  facet normal 8.253494e-01 5.622437e-01 -5.177269e-02
    outer loop
      vertex -3.144510e-02 3.245322e-01 1.522000e+00
      vertex -5.236988e-02 3.552488e-01 1.522000e+00
      vertex -6.364033e-03 3.131290e-01 1.798000e+00
    endloop
  endfacet
  facet normal 8.649298e-01 4.972249e-01 -6.829268e-02
    outer loop
      vertex -6.364033e-03 3.131290e-01 1.798000e+00
      vertex -5.236988e-02 3.552488e-01 1.522000e+00
      vertex -2.415696e-02 3.440800e-01 1.798000e+00
    endloop
  endfacet
  facet normal 8.167033e-01 5.739028e-01 -6.026003e-02
    outer loop
      vertex -5.236988e-02 3.552488e-01 1.522000e+00
      vertex -7.383772e-02 3.857991e-01 1.522000e+00
      vertex -2.415696e-02 3.440800e-01 1.798000e+00
    endloop
  endfacet
  facet normal 8.570506e-01 5.094049e-01 -7.727189e-02
    outer loop
      vertex -2.415696e-02 3.440800e-01 1.798000e+00
      vertex -7.383772e-02 3.857991e-01 1.522000e+00
      vertex -4.248220e-02 3.749114e-01 1.798000e+00
    endloop
  endfacet
  facet normal 8.089542e-01 5.838233e-01 -6.887215e-02
    outer loop
      vertex -7.383772e-02 3.857991e-01 1.522000e+00
      vertex -9.578075e-02 4.162037e-01 1.522000e+00
      vertex -4.248220e-02 3.749114e-01 1.798000e+00
    endloop
  endfacet
  facet normal 8.499260e-01 5.197756e-01 -8.636640e-02
    outer loop
      vertex -4.248220e-02 3.749114e-01 1.798000e+00
      vertex -9.578075e-02 4.162037e-01 1.522000e+00
      vertex -6.127322e-02 4.056381e-01 1.798000e+00
    endloop
  endfacet
  facet normal 8.042154e-01 5.891982e-01 -7.799376e-02
    outer loop
      vertex -9.578075e-02 4.162037e-01 1.522000e+00
      vertex -1.179953e-01 4.465250e-01 1.522000e+00
      vertex -6.127322e-02 4.056381e-01 1.798000e+00
    endloop
  endfacet
  facet normal 8.454434e-01 5.253806e-01 -9.592072e-02
    outer loop
      vertex -6.127322e-02 4.056381e-01 1.798000e+00
      vertex -1.179953e-01 4.465250e-01 1.522000e+00
      vertex -8.033039e-02 4.363049e-01 1.798000e+00
    endloop
  endfacet
  facet normal 7.308916e-01 6.784019e-01 -7.462191e-02
    outer loop
      vertex -1.179953e-01 4.465250e-01 1.522000e+00
      vertex -1.448259e-01 4.754316e-01 1.522000e+00
      vertex -8.033039e-02 4.363049e-01 1.798000e+00
    endloop
  endfacet
  facet normal 7.791591e-01 6.197041e-01 -9.422222e-02
    outer loop
      vertex -8.033039e-02 4.363049e-01 1.798000e+00
      vertex -1.448259e-01 4.754316e-01 1.522000e+00
      vertex -1.039122e-01 4.659546e-01 1.798000e+00
    endloop
  endfacet
  facet normal 9.671137e-02 -9.950976e-01 2.068181e-02
    outer loop
      vertex 6.241736e-02 -2.036494e-01 1.522000e+00
      vertex 4.487602e-02 -1.996179e-01 1.798000e+00
      vertex 5.354759e-02 -2.045114e-01 1.522000e+00
    endloop
  endfacet
  facet normal 2.060773e-02 -9.996188e-01 1.837089e-02
    outer loop
      vertex 4.487602e-02 -1.996179e-01 1.798000e+00
      vertex 3.631772e-02 -1.997943e-01 1.798000e+00
      vertex 5.354759e-02 -2.045114e-01 1.522000e+00
    endloop
  endfacet
  facet normal -2.081596e-01 -9.780878e-01 3.721629e-03
    outer loop
      vertex 5.354759e-02 -2.045114e-01 1.522000e+00
      vertex 3.631772e-02 -1.997943e-01 1.798000e+00
      vertex 4.997271e-02 -2.037506e-01 1.522000e+00
    endloop
  endfacet
  facet normal -2.820837e-01 -9.593898e-01 -2.037600e-04
    outer loop
      vertex 3.631772e-02 -1.997943e-01 1.798000e+00
      vertex 3.294948e-02 -1.988040e-01 1.798000e+00
      vertex 4.997271e-02 -2.037506e-01 1.522000e+00
    endloop
  endfacet
  facet normal -4.345369e-01 -9.005909e-01 -1.066065e-02
    outer loop
      vertex 4.997271e-02 -2.037506e-01 1.522000e+00
      vertex 3.294948e-02 -1.988040e-01 1.798000e+00
      vertex 4.291374e-02 -2.003446e-01 1.522000e+00
    endloop
  endfacet
  facet normal -5.018801e-01 -8.648351e-01 -1.329149e-02
    outer loop
      vertex 3.294948e-02 -1.988040e-01 1.798000e+00
      vertex 2.643790e-02 -1.950252e-01 1.798000e+00
      vertex 4.291374e-02 -2.003446e-01 1.522000e+00
    endloop
  endfacet
  facet normal -6.385291e-01 -7.692452e-01 -2.329110e-02
    outer loop
      vertex 4.291374e-02 -2.003446e-01 1.522000e+00
      vertex 2.643790e-02 -1.950252e-01 1.798000e+00
      vertex 3.474660e-02 -1.935653e-01 1.522000e+00
    endloop
  endfacet
  facet normal -6.952629e-01 -7.183300e-01 -2.472970e-02
    outer loop
      vertex 2.643790e-02 -1.950252e-01 1.798000e+00
      vertex 1.911184e-02 -1.879344e-01 1.798000e+00
      vertex 3.474660e-02 -1.935653e-01 1.522000e+00
    endloop
  endfacet
  facet normal -7.633275e-01 -6.453113e-01 -3.007513e-02
    outer loop
      vertex 3.474660e-02 -1.935653e-01 1.522000e+00
      vertex 1.911184e-02 -1.879344e-01 1.798000e+00
      vertex 2.228166e-02 -1.788208e-01 1.522000e+00
    endloop
  endfacet
  facet normal -8.103134e-01 -5.852968e-01 -2.863305e-02
    outer loop
      vertex 1.911184e-02 -1.879344e-01 1.798000e+00
      vertex 8.252471e-03 -1.729001e-01 1.798000e+00
      vertex 2.228166e-02 -1.788208e-01 1.522000e+00
    endloop
  endfacet
  facet normal -8.550604e-01 -5.175176e-01 -3.236152e-02
    outer loop
      vertex 2.228166e-02 -1.788208e-01 1.522000e+00
      vertex 8.252471e-03 -1.729001e-01 1.798000e+00
      vertex 1.280357e-02 -1.631607e-01 1.522000e+00
    endloop
  endfacet
  facet normal -8.920568e-01 -4.508848e-01 -3.062026e-02
    outer loop
      vertex 8.252471e-03 -1.729001e-01 1.798000e+00
      vertex 3.208269e-04 -1.572077e-01 1.798000e+00
      vertex 1.280357e-02 -1.631607e-01 1.522000e+00
    endloop
  endfacet
  facet normal -8.939129e-01 -4.471824e-01 -3.078406e-02
    outer loop
      vertex 1.280357e-02 -1.631607e-01 1.522000e+00
      vertex 3.208269e-04 -1.572077e-01 1.798000e+00
      vertex 4.751036e-03 -1.470638e-01 1.522000e+00
    endloop
  endfacet
  facet normal -9.254444e-01 -3.777919e-01 -2.873986e-02
    outer loop
      vertex 3.208269e-04 -1.572077e-01 1.798000e+00
      vertex -6.213492e-03 -1.412012e-01 1.798000e+00
      vertex 4.751036e-03 -1.470638e-01 1.522000e+00
    endloop
  endfacet
  facet normal -9.225867e-01 -3.847371e-01 -2.847880e-02
    outer loop
      vertex 4.751036e-03 -1.470638e-01 1.522000e+00
      vertex -6.213492e-03 -1.412012e-01 1.798000e+00
      vertex -8.978131e-03 -1.141417e-01 1.522000e+00
    endloop
  endfacet
  facet normal -9.493918e-01 -3.133769e-01 -2.121404e-02
    outer loop
      vertex -6.213492e-03 -1.412012e-01 1.798000e+00
      vertex -1.695325e-02 -1.086645e-01 1.798000e+00
      vertex -8.978131e-03 -1.141417e-01 1.522000e+00
    endloop
  endfacet
  facet normal -9.420954e-01 -3.347129e-01 -2.057980e-02
    outer loop
      vertex -8.978131e-03 -1.141417e-01 1.522000e+00
      vertex -1.695325e-02 -1.086645e-01 1.798000e+00
      vertex -2.087445e-02 -8.065788e-02 1.522000e+00
    endloop
  endfacet
  facet normal -9.649850e-01 -2.619887e-01 -1.287505e-02
    outer loop
      vertex -1.695325e-02 -1.086645e-01 1.798000e+00
      vertex -2.589646e-02 -7.572392e-02 1.798000e+00
      vertex -2.087445e-02 -8.065788e-02 1.522000e+00
    endloop
  endfacet
  facet normal -9.554423e-01 -2.949292e-01 -1.211255e-02
    outer loop
      vertex -2.087445e-02 -8.065788e-02 1.522000e+00
      vertex -2.589646e-02 -7.572392e-02 1.798000e+00
      vertex -3.134523e-02 -4.673712e-02 1.522000e+00
    endloop
  endfacet
  facet normal -9.752011e-01 -2.212845e-01 -3.987960e-03
    outer loop
      vertex -2.589646e-02 -7.572392e-02 1.798000e+00
      vertex -3.344233e-02 -4.246923e-02 1.798000e+00
      vertex -3.134523e-02 -4.673712e-02 1.522000e+00
    endloop
  endfacet
  facet normal -9.655006e-01 -2.603800e-01 -3.309705e-03
    outer loop
      vertex -3.134523e-02 -4.673712e-02 1.522000e+00
      vertex -3.344233e-02 -4.246923e-02 1.798000e+00
      vertex -4.059411e-02 -1.244186e-02 1.522000e+00
    endloop
  endfacet
  facet normal -9.825258e-01 -1.860533e-01 5.217819e-03
    outer loop
      vertex -3.344233e-02 -4.246923e-02 1.798000e+00
      vertex -3.979050e-02 -8.945287e-03 1.798000e+00
      vertex -4.059411e-02 -1.244186e-02 1.522000e+00
    endloop
  endfacet
  facet normal -9.700110e-01 -2.429895e-01 5.902691e-03
    outer loop
      vertex -4.059411e-02 -1.244186e-02 1.522000e+00
      vertex -3.979050e-02 -8.945287e-03 1.798000e+00
      vertex -4.923204e-02 2.204065e-02 1.522000e+00
    endloop
  endfacet
  facet normal -9.856150e-01 -1.683556e-01 1.481547e-02
    outer loop
      vertex -3.979050e-02 -8.945287e-03 1.798000e+00
      vertex -4.553981e-02 2.471329e-02 1.798000e+00
      vertex -4.923204e-02 2.204065e-02 1.522000e+00
    endloop
  endfacet
  facet normal -9.718214e-01 -2.352227e-01 1.527845e-02
    outer loop
      vertex -4.923204e-02 2.204065e-02 1.522000e+00
      vertex -4.553981e-02 2.471329e-02 1.798000e+00
      vertex -5.759844e-02 5.660639e-02 1.522000e+00
    endloop
  endfacet
  facet normal -9.867366e-01 -1.604593e-01 2.456937e-02
    outer loop
      vertex -4.553981e-02 2.471329e-02 1.798000e+00
      vertex -5.102297e-02 5.843170e-02 1.798000e+00
      vertex -5.759844e-02 5.660639e-02 1.522000e+00
    endloop
  endfacet
  facet normal -9.711675e-01 -2.371144e-01 2.470540e-02
    outer loop
      vertex -5.759844e-02 5.660639e-02 1.522000e+00
      vertex -5.102297e-02 5.843170e-02 1.798000e+00
      vertex -6.603273e-02 9.115132e-02 1.522000e+00
    endloop
  endfacet
  facet normal -9.861294e-01 -1.623786e-01 3.437896e-02
    outer loop
      vertex -5.102297e-02 5.843170e-02 1.798000e+00
      vertex -5.657267e-02 9.213515e-02 1.798000e+00
      vertex -6.603273e-02 9.115132e-02 1.522000e+00
    endloop
  endfacet
  facet normal -9.718348e-01 -2.331770e-01 3.414137e-02
    outer loop
      vertex -6.603273e-02 9.115132e-02 1.522000e+00
      vertex -5.657267e-02 9.213515e-02 1.798000e+00
      vertex -7.433124e-02 1.257379e-01 1.522000e+00
    endloop
  endfacet
  facet normal -9.863882e-01 -1.583859e-01 4.418352e-02
    outer loop
      vertex -5.657267e-02 9.213515e-02 1.798000e+00
      vertex -6.198929e-02 1.258685e-01 1.798000e+00
      vertex -7.433124e-02 1.257379e-01 1.522000e+00
    endloop
  endfacet
  facet normal -9.710135e-01 -2.350272e-01 4.353228e-02
    outer loop
      vertex -7.433124e-02 1.257379e-01 1.522000e+00
      vertex -6.198929e-02 1.258685e-01 1.798000e+00
      vertex -8.269764e-02 1.603036e-01 1.522000e+00
    endloop
  endfacet
  facet normal -9.855969e-01 -1.602740e-01 5.395305e-02
    outer loop
      vertex -6.198929e-02 1.258685e-01 1.798000e+00
      vertex -6.747245e-02 1.595869e-01 1.798000e+00
      vertex -8.269764e-02 1.603036e-01 1.522000e+00
    endloop
  endfacet
  facet normal -9.714976e-01 -2.310504e-01 5.299150e-02
    outer loop
      vertex -8.269764e-02 1.603036e-01 1.522000e+00
      vertex -6.747245e-02 1.595869e-01 1.798000e+00
      vertex -9.092828e-02 1.949110e-01 1.522000e+00
    endloop
  endfacet
  facet normal -9.856562e-01 -1.562548e-01 6.376752e-02
    outer loop
      vertex -6.747245e-02 1.595869e-01 1.798000e+00
      vertex -7.282252e-02 1.933352e-01 1.798000e+00
      vertex -9.092828e-02 1.949110e-01 1.522000e+00
    endloop
  endfacet
  facet normal -9.714255e-01 -2.289901e-01 6.241872e-02
    outer loop
      vertex -9.092828e-02 1.949110e-01 1.522000e+00
      vertex -7.282252e-02 1.933352e-01 1.798000e+00
      vertex -9.909103e-02 2.295391e-01 1.522000e+00
    endloop
  endfacet
  facet normal -9.853002e-01 -1.541874e-01 7.355138e-02
    outer loop
      vertex -7.282252e-02 1.933352e-01 1.798000e+00
      vertex -7.810606e-02 2.270985e-01 1.798000e+00
      vertex -9.909103e-02 2.295391e-01 1.522000e+00
    endloop
  endfacet
  facet normal -9.717083e-01 -2.249766e-01 7.189199e-02
    outer loop
      vertex -9.909103e-02 2.295391e-01 1.522000e+00
      vertex -7.810606e-02 2.270985e-01 1.798000e+00
      vertex -1.071180e-01 2.642089e-01 1.522000e+00
    endloop
  endfacet
  facet normal -9.851427e-01 -1.501467e-01 8.336562e-02
    outer loop
      vertex -7.810606e-02 2.270985e-01 1.798000e+00
      vertex -8.325653e-02 2.608917e-01 1.798000e+00
      vertex -1.071180e-01 2.642089e-01 1.522000e+00
    endloop
  endfacet
  facet normal -9.723183e-01 -2.190122e-01 8.142922e-02
    outer loop
      vertex -1.071180e-01 2.642089e-01 1.522000e+00
      vertex -8.325653e-02 2.608917e-01 1.798000e+00
      vertex -1.149413e-01 2.989411e-01 1.522000e+00
    endloop
  endfacet
  facet normal -9.851565e-01 -1.441381e-01 9.322518e-02
    outer loop
      vertex -8.325653e-02 2.608917e-01 1.798000e+00
      vertex -8.820737e-02 2.947298e-01 1.798000e+00
      vertex -1.149413e-01 2.989411e-01 1.522000e+00
    endloop
  endfacet
  facet normal -9.732150e-01 -2.110998e-01 9.104678e-02
    outer loop
      vertex -1.149413e-01 2.989411e-01 1.522000e+00
      vertex -8.820737e-02 2.947298e-01 1.798000e+00
      vertex -1.224931e-01 3.337565e-01 1.522000e+00
    endloop
  endfacet
  facet normal -9.853017e-01 -1.361685e-01 1.031436e-01
    outer loop
      vertex -8.820737e-02 2.947298e-01 1.798000e+00
      vertex -9.289206e-02 3.286277e-01 1.798000e+00
      vertex -1.224931e-01 3.337565e-01 1.522000e+00
    endloop
  endfacet
  facet normal -9.731535e-01 -2.070441e-01 1.005237e-01
    outer loop
      vertex -1.224931e-01 3.337565e-01 1.522000e+00
      vertex -9.289206e-02 3.286277e-01 1.798000e+00
      vertex -1.299092e-01 3.686135e-01 1.522000e+00
    endloop
  endfacet
  facet normal -9.847796e-01 -1.321137e-01 1.129386e-01
    outer loop
      vertex -9.289206e-02 3.286277e-01 1.798000e+00
      vertex -9.744366e-02 3.625556e-01 1.798000e+00
      vertex -1.299092e-01 3.686135e-01 1.522000e+00
    endloop
  endfacet
  facet normal -9.729859e-01 -2.029764e-01 1.099959e-01
    outer loop
      vertex -1.299092e-01 3.686135e-01 1.522000e+00
      vertex -9.744366e-02 3.625556e-01 1.798000e+00
      vertex -1.371895e-01 4.035121e-01 1.522000e+00
    endloop
  endfacet
  facet normal -9.841450e-01 -1.280554e-01 1.227207e-01
    outer loop
      vertex -9.744366e-02 3.625556e-01 1.798000e+00
      vertex -1.018622e-01 3.965133e-01 1.798000e+00
      vertex -1.371895e-01 4.035121e-01 1.522000e+00
    endloop
  endfacet
  facet normal -9.727120e-01 -1.988980e-01 1.194609e-01
    outer loop
      vertex -1.371895e-01 4.035121e-01 1.522000e+00
      vertex -1.018622e-01 3.965133e-01 1.798000e+00
      vertex -1.443340e-01 4.384524e-01 1.522000e+00
    endloop
  endfacet
  facet normal -9.833984e-01 -1.239951e-01 1.324871e-01
    outer loop
      vertex -1.018622e-01 3.965133e-01 1.798000e+00
      vertex -1.061476e-01 4.305010e-01 1.798000e+00
      vertex -1.443340e-01 4.384524e-01 1.522000e+00
    endloop
  endfacet
  facet normal -9.905295e-01 -1.317762e-02 1.366663e-01
    outer loop
      vertex -1.443340e-01 4.384524e-01 1.522000e+00
      vertex -1.061476e-01 4.305010e-01 1.798000e+00
      vertex -1.448259e-01 4.754316e-01 1.522000e+00
    endloop
  endfacet
  facet normal -9.869613e-01 6.222931e-02 1.484419e-01
    outer loop
      vertex -1.061476e-01 4.305010e-01 1.798000e+00
      vertex -1.039122e-01 4.659546e-01 1.798000e+00
      vertex -1.448259e-01 4.754316e-01 1.522000e+00
    endloop
  endfacet
  facet normal 3.579331e-01 -9.330487e-01 3.611199e-02
    outer loop
      vertex 4.487602e-02 -1.996179e-01 1.798000e+00
      vertex 5.588027e-02 -1.953965e-01 1.798000e+00
      vertex 3.322637e-02 -1.933661e-01 2.075000e+00
    endloop
  endfacet
  facet normal 3.099777e-01 -9.501945e-01 3.231573e-02
    outer loop
      vertex 3.322637e-02 -1.933661e-01 2.075000e+00
      vertex 5.588027e-02 -1.953965e-01 1.798000e+00
      vertex 4.397135e-02 -1.898608e-01 2.075000e+00
    endloop
  endfacet
  facet normal 5.461319e-01 -8.367340e-01 4.020115e-02
    outer loop
      vertex 5.588027e-02 -1.953965e-01 1.798000e+00
      vertex 5.996444e-02 -1.927308e-01 1.798000e+00
      vertex 4.397135e-02 -1.898608e-01 2.075000e+00
    endloop
  endfacet
  facet normal 5.028420e-01 -8.635436e-01 3.797951e-02
    outer loop
      vertex 4.397135e-02 -1.898608e-01 2.075000e+00
      vertex 5.996444e-02 -1.927308e-01 1.798000e+00
      vertex 4.801298e-02 -1.875074e-01 2.075000e+00
    endloop
  endfacet
  facet normal 6.626093e-01 -7.477477e-01 4.268927e-02
    outer loop
      vertex 5.996444e-02 -1.927308e-01 1.798000e+00
      vertex 6.789188e-02 -1.857059e-01 1.798000e+00
      vertex 4.801298e-02 -1.875074e-01 2.075000e+00
    endloop
  endfacet
  facet normal 6.237348e-01 -7.806279e-01 3.968561e-02
    outer loop
      vertex 4.801298e-02 -1.875074e-01 2.075000e+00
      vertex 6.789188e-02 -1.857059e-01 1.798000e+00
      vertex 5.594825e-02 -1.811670e-01 2.075000e+00
    endloop
  endfacet
  facet normal 7.923209e-01 -6.085061e-01 4.413426e-02
    outer loop
      vertex 6.789188e-02 -1.857059e-01 1.798000e+00
      vertex 7.600294e-02 -1.751447e-01 1.798000e+00
      vertex 5.594825e-02 -1.811670e-01 2.075000e+00
    endloop
  endfacet
  facet normal 7.603968e-01 -6.481658e-01 4.096072e-02
    outer loop
      vertex 5.594825e-02 -1.811670e-01 2.075000e+00
      vertex 7.600294e-02 -1.751447e-01 1.798000e+00
      vertex 6.423212e-02 -1.714487e-01 2.075000e+00
    endloop
  endfacet
  facet normal 8.894317e-01 -4.549583e-01 4.386596e-02
    outer loop
      vertex 7.600294e-02 -1.751447e-01 1.798000e+00
      vertex 8.610345e-02 -1.553985e-01 1.798000e+00
      vertex 6.423212e-02 -1.714487e-01 2.075000e+00
    endloop
  endfacet
  facet normal 8.652631e-01 -4.997704e-01 3.936111e-02
    outer loop
      vertex 6.423212e-02 -1.714487e-01 2.075000e+00
      vertex 8.610345e-02 -1.553985e-01 1.798000e+00
      vertex 7.486997e-02 -1.530312e-01 2.075000e+00
    endloop
  endfacet
  facet normal 9.468019e-01 -3.191787e-01 4.112445e-02
    outer loop
      vertex 8.610345e-02 -1.553985e-01 1.798000e+00
      vertex 9.247775e-02 -1.364900e-01 1.798000e+00
      vertex 7.486997e-02 -1.530312e-01 2.075000e+00
    endloop
  endfacet
  facet normal 9.294574e-01 -3.670528e-01 3.716310e-02
    outer loop
      vertex 7.486997e-02 -1.530312e-01 2.075000e+00
      vertex 9.247775e-02 -1.364900e-01 1.798000e+00
      vertex 8.189832e-02 -1.352339e-01 2.075000e+00
    endloop
  endfacet
  facet normal 9.692600e-01 -2.430675e-01 3.812105e-02
    outer loop
      vertex 9.247775e-02 -1.364900e-01 1.798000e+00
      vertex 9.712204e-02 -1.179703e-01 1.798000e+00
      vertex 8.189832e-02 -1.352339e-01 2.075000e+00
    endloop
  endfacet
  facet normal 9.557511e-01 -2.921679e-01 3.431852e-02
    outer loop
      vertex 8.189832e-02 -1.352339e-01 2.075000e+00
      vertex 9.712204e-02 -1.179703e-01 1.798000e+00
      vertex 8.725084e-02 -1.177245e-01 2.075000e+00
    endloop
  endfacet
  facet normal 9.888139e-01 -1.449008e-01 3.536607e-02
    outer loop
      vertex 9.712204e-02 -1.179703e-01 1.798000e+00
      vertex 1.024182e-01 -8.182862e-02 1.798000e+00
      vertex 8.725084e-02 -1.177245e-01 2.075000e+00
    endloop
  endfacet
  facet normal 9.803667e-01 -1.951278e-01 2.839471e-02
    outer loop
      vertex 8.725084e-02 -1.177245e-01 2.075000e+00
      vertex 1.024182e-01 -8.182862e-02 1.798000e+00
      vertex 9.408854e-02 -8.337035e-02 2.075000e+00
    endloop
  endfacet
  facet normal 9.976933e-01 -6.105927e-02 2.966194e-02
    outer loop
      vertex 1.024182e-01 -8.182862e-02 1.798000e+00
      vertex 1.045871e-01 -4.638996e-02 1.798000e+00
      vertex 9.408854e-02 -8.337035e-02 2.075000e+00
    endloop
  endfacet
  facet normal 9.934681e-01 -1.118244e-01 2.272450e-02
    outer loop
      vertex 9.408854e-02 -8.337035e-02 2.075000e+00
      vertex 1.045871e-01 -4.638996e-02 1.798000e+00
      vertex 9.789684e-02 -4.953672e-02 2.075000e+00
    endloop
  endfacet
  facet normal 9.996856e-01 6.489429e-03 2.421873e-02
    outer loop
      vertex 1.045871e-01 -4.638996e-02 1.798000e+00
      vertex 1.043606e-01 -1.148982e-02 1.798000e+00
      vertex 9.789684e-02 -4.953672e-02 2.075000e+00
    endloop
  endfacet
  facet normal 9.988634e-01 -4.445100e-02 1.720270e-02
    outer loop
      vertex 9.789684e-02 -4.953672e-02 2.075000e+00
      vertex 1.043606e-01 -1.148982e-02 1.798000e+00
      vertex 9.938474e-02 -1.610182e-02 2.075000e+00
    endloop
  endfacet
  facet normal 9.967666e-01 7.802253e-02 1.920420e-02
    outer loop
      vertex 1.043606e-01 -1.148982e-02 1.798000e+00
      vertex 1.016720e-01 2.285685e-02 1.798000e+00
      vertex 9.938474e-02 -1.610182e-02 2.075000e+00
    endloop
  endfacet
  facet normal 9.995585e-01 2.714741e-02 1.207192e-02
    outer loop
      vertex 9.938474e-02 -1.610182e-02 2.075000e+00
      vertex 1.016720e-01 2.285685e-02 1.798000e+00
      vertex 9.848780e-02 1.692330e-02 2.075000e+00
    endloop
  endfacet
  facet normal 9.878699e-01 1.545895e-01 1.466746e-02
    outer loop
      vertex 1.016720e-01 2.285685e-02 1.798000e+00
      vertex 9.638851e-02 5.662014e-02 1.798000e+00
      vertex 9.848780e-02 1.692330e-02 2.075000e+00
    endloop
  endfacet
  facet normal 9.945422e-01 1.040735e-01 7.377454e-03
    outer loop
      vertex 9.848780e-02 1.692330e-02 2.075000e+00
      vertex 9.638851e-02 5.662014e-02 1.798000e+00
      vertex 9.507710e-02 4.951647e-02 2.075000e+00
    endloop
  endfacet
  facet normal 9.760355e-01 2.173724e-01 1.019539e-02
    outer loop
      vertex 9.638851e-02 5.662014e-02 1.798000e+00
      vertex 8.897571e-02 8.990475e-02 1.798000e+00
      vertex 9.507710e-02 4.951647e-02 2.075000e+00
    endloop
  endfacet
  facet normal 9.858892e-01 1.673775e-01 2.688782e-03
    outer loop
      vertex 9.507710e-02 4.951647e-02 2.075000e+00
      vertex 8.897571e-02 8.990475e-02 1.798000e+00
      vertex 8.960382e-02 8.175523e-02 2.075000e+00
    endloop
  endfacet
  facet normal 9.618432e-01 2.735385e-01 5.866632e-03
    outer loop
      vertex 8.897571e-02 8.990475e-02 1.798000e+00
      vertex 7.963327e-02 1.227556e-01 1.798000e+00
      vertex 8.960382e-02 8.175523e-02 2.075000e+00
    endloop
  endfacet
  facet normal 9.745438e-01 2.241890e-01 -1.895019e-03
    outer loop
      vertex 8.960382e-02 8.175523e-02 2.075000e+00
      vertex 7.963327e-02 1.227556e-01 1.798000e+00
      vertex 8.226135e-02 1.136728e-01 2.075000e+00
    endloop
  endfacet
  facet normal 9.470929e-01 3.209558e-01 1.538380e-03
    outer loop
      vertex 7.963327e-02 1.227556e-01 1.798000e+00
      vertex 6.862735e-02 1.552324e-01 1.798000e+00
      vertex 8.226135e-02 1.136728e-01 2.075000e+00
    endloop
  endfacet
  facet normal 9.621940e-01 2.722872e-01 -6.506865e-03
    outer loop
      vertex 8.226135e-02 1.136728e-01 2.075000e+00
      vertex 6.862735e-02 1.552324e-01 1.798000e+00
      vertex 7.330748e-02 1.453135e-01 2.075000e+00
    endloop
  endfacet
  facet normal 9.323153e-01 3.616356e-01 -2.802626e-03
    outer loop
      vertex 6.862735e-02 1.552324e-01 1.798000e+00
      vertex 5.615757e-02 1.873801e-01 1.798000e+00
      vertex 7.330748e-02 1.453135e-01 2.075000e+00
    endloop
  endfacet
  facet normal 9.494718e-01 3.136542e-01 -1.115154e-02
    outer loop
      vertex 7.330748e-02 1.453135e-01 2.075000e+00
      vertex 5.615757e-02 1.873801e-01 1.798000e+00
      vertex 6.293560e-02 1.767105e-01 2.075000e+00
    endloop
  endfacet
  facet normal 9.159978e-01 4.011229e-01 -6.963286e-03
    outer loop
      vertex 5.615757e-02 1.873801e-01 1.798000e+00
      vertex 4.222392e-02 2.191988e-01 1.798000e+00
      vertex 6.293560e-02 1.767105e-01 2.075000e+00
    endloop
  endfacet
  facet normal 9.351506e-01 3.539050e-01 -1.563799e-02
    outer loop
      vertex 6.293560e-02 1.767105e-01 2.075000e+00
      vertex 4.222392e-02 2.191988e-01 1.798000e+00
      vertex 5.114570e-02 2.078639e-01 2.075000e+00
    endloop
  endfacet
  facet normal 9.007811e-01 4.341277e-01 -1.124826e-02
    outer loop
      vertex 4.222392e-02 2.191988e-01 1.798000e+00
      vertex 2.702603e-02 2.507332e-01 1.798000e+00
      vertex 5.114570e-02 2.078639e-01 2.075000e+00
    endloop
  endfacet
  facet normal 9.215958e-01 3.876219e-01 -2.025809e-02
    outer loop
      vertex 5.114570e-02 2.078639e-01 2.075000e+00
      vertex 2.702603e-02 2.507332e-01 1.798000e+00
      vertex 3.813115e-02 2.388068e-01 2.075000e+00
    endloop
  endfacet
  facet normal 8.863723e-01 4.627098e-01 -1.561299e-02
    outer loop
      vertex 2.702603e-02 2.507332e-01 1.798000e+00
      vertex 1.069696e-02 2.820134e-01 1.798000e+00
      vertex 3.813115e-02 2.388068e-01 2.075000e+00
    endloop
  endfacet
  facet normal 9.086201e-01 4.168767e-01 -2.496549e-02
    outer loop
      vertex 3.813115e-02 2.388068e-01 2.075000e+00
      vertex 1.069696e-02 2.820134e-01 1.798000e+00
      vertex 2.402086e-02 2.695615e-01 2.075000e+00
    endloop
  endfacet
  facet normal 8.766556e-01 4.806790e-01 -2.055987e-02
    outer loop
      vertex 1.069696e-02 2.820134e-01 1.798000e+00
      vertex -6.364033e-03 3.131290e-01 1.798000e+00
      vertex 2.402086e-02 2.695615e-01 2.075000e+00
    endloop
  endfacet
  facet normal 8.997826e-01 4.352897e-01 -3.023573e-02
    outer loop
      vertex 2.402086e-02 2.695615e-01 2.075000e+00
      vertex -6.364033e-03 3.131290e-01 1.798000e+00
      vertex 9.201557e-03 3.001943e-01 2.075000e+00
    endloop
  endfacet
  facet normal 8.666733e-01 4.982272e-01 -2.543630e-02
    outer loop
      vertex -6.364033e-03 3.131290e-01 1.798000e+00
      vertex -2.415696e-02 3.440800e-01 1.798000e+00
      vertex 9.201557e-03 3.001943e-01 2.075000e+00
    endloop
  endfacet
  facet normal 8.906569e-01 4.532924e-01 -3.544372e-02
    outer loop
      vertex 9.201557e-03 3.001943e-01 2.075000e+00
      vertex -2.415696e-02 3.440800e-01 1.798000e+00
      vertex -6.326754e-03 3.307053e-01 2.075000e+00
    endloop
  endfacet
  facet normal 8.592170e-01 5.106926e-01 -3.064843e-02
    outer loop
      vertex -2.415696e-02 3.440800e-01 1.798000e+00
      vertex -4.248220e-02 3.749114e-01 1.798000e+00
      vertex -6.326754e-03 3.307053e-01 2.075000e+00
    endloop
  endfacet
  facet normal 8.837896e-01 4.660870e-01 -4.097432e-02
    outer loop
      vertex -6.326754e-03 3.307053e-01 2.075000e+00
      vertex -4.248220e-02 3.749114e-01 1.798000e+00
      vertex -2.237071e-02 3.611276e-01 2.075000e+00
    endloop
  endfacet
  facet normal 8.525621e-01 5.213877e-01 -3.595525e-02
    outer loop
      vertex -4.248220e-02 3.749114e-01 1.798000e+00
      vertex -6.127322e-02 4.056381e-01 1.798000e+00
      vertex -2.237071e-02 3.611276e-01 2.075000e+00
    endloop
  endfacet
  facet normal 8.776292e-01 4.770699e-01 -4.659704e-02
    outer loop
      vertex -2.237071e-02 3.611276e-01 2.075000e+00
      vertex -6.127322e-02 4.056381e-01 1.798000e+00
      vertex -3.886585e-02 3.914725e-01 2.075000e+00
    endloop
  endfacet
  facet normal 8.486217e-01 5.273557e-01 -4.167896e-02
    outer loop
      vertex -6.127322e-02 4.056381e-01 1.798000e+00
      vertex -8.033039e-02 4.363049e-01 1.798000e+00
      vertex -3.886585e-02 3.914725e-01 2.075000e+00
    endloop
  endfacet
  facet normal 8.739325e-01 4.831911e-01 -5.261580e-02
    outer loop
      vertex -3.886585e-02 3.914725e-01 2.075000e+00
      vertex -8.033039e-02 4.363049e-01 1.798000e+00
      vertex -5.561881e-02 4.217730e-01 2.075000e+00
    endloop
  endfacet
  facet normal 7.821010e-01 6.220440e-01 -3.713892e-02
    outer loop
      vertex -8.033039e-02 4.363049e-01 1.798000e+00
      vertex -1.039122e-01 4.659546e-01 1.798000e+00
      vertex -5.561881e-02 4.217730e-01 2.075000e+00
    endloop
  endfacet
  facet normal 8.123598e-01 5.810990e-01 -4.894510e-02
    outer loop
      vertex -5.561881e-02 4.217730e-01 2.075000e+00
      vertex -1.039122e-01 4.659546e-01 1.798000e+00
      vertex -7.675474e-02 4.513205e-01 2.075000e+00
    endloop
  endfacet
  facet normal 2.060555e-02 -9.995132e-01 2.342526e-02
    outer loop
      vertex 4.487602e-02 -1.996179e-01 1.798000e+00
      vertex 3.322637e-02 -1.933661e-01 2.075000e+00
      vertex 3.631772e-02 -1.997943e-01 1.798000e+00
    endloop
  endfacet
  facet normal -3.033836e-02 -9.992784e-01 2.285127e-02
    outer loop
      vertex 3.322637e-02 -1.933661e-01 2.075000e+00
      vertex 2.502148e-02 -1.931170e-01 2.075000e+00
      vertex 3.631772e-02 -1.997943e-01 1.798000e+00
    endloop
  endfacet
  facet normal -2.820646e-01 -9.593250e-01 1.162260e-02
    outer loop
      vertex 3.631772e-02 -1.997943e-01 1.798000e+00
      vertex 2.502148e-02 -1.931170e-01 2.075000e+00
      vertex 3.294948e-02 -1.988040e-01 1.798000e+00
    endloop
  endfacet
  facet normal -3.305740e-01 -9.437280e-01 9.913996e-03
    outer loop
      vertex 2.502148e-02 -1.931170e-01 2.075000e+00
      vertex 2.184410e-02 -1.920040e-01 2.075000e+00
      vertex 3.294948e-02 -1.988040e-01 1.798000e+00
    endloop
  endfacet
  facet normal -5.019241e-01 -8.649109e-01 1.109434e-03
    outer loop
      vertex 3.294948e-02 -1.988040e-01 1.798000e+00
      vertex 2.184410e-02 -1.920040e-01 2.075000e+00
      vertex 2.643790e-02 -1.950252e-01 1.798000e+00
    endloop
  endfacet
  facet normal -5.453327e-01 -8.382197e-01 9.842513e-05
    outer loop
      vertex 2.184410e-02 -1.920040e-01 2.075000e+00
      vertex 1.579255e-02 -1.880670e-01 2.075000e+00
      vertex 2.643790e-02 -1.950252e-01 1.798000e+00
    endloop
  endfacet
  facet normal -6.954494e-01 -7.185227e-01 -8.677468e-03
    outer loop
      vertex 2.643790e-02 -1.950252e-01 1.798000e+00
      vertex 1.579255e-02 -1.880670e-01 2.075000e+00
      vertex 1.911184e-02 -1.879344e-01 1.798000e+00
    endloop
  endfacet
  facet normal -7.311464e-01 -6.821600e-01 -9.087822e-03
    outer loop
      vertex 1.579255e-02 -1.880670e-01 2.075000e+00
      vertex 9.122782e-03 -1.809182e-01 2.075000e+00
      vertex 1.911184e-02 -1.879344e-01 1.798000e+00
    endloop
  endfacet
  facet normal -8.105617e-01 -5.854761e-01 -1.440058e-02
    outer loop
      vertex 1.911184e-02 -1.879344e-01 1.798000e+00
      vertex 9.122782e-03 -1.809182e-01 2.075000e+00
      vertex 8.252471e-03 -1.729001e-01 1.798000e+00
    endloop
  endfacet
  facet normal -8.393495e-01 -5.434345e-01 -1.309318e-02
    outer loop
      vertex 9.122782e-03 -1.809182e-01 2.075000e+00
      vertex -5.428065e-04 -1.659895e-01 2.075000e+00
      vertex 8.252471e-03 -1.729001e-01 1.798000e+00
    endloop
  endfacet
  facet normal -8.923451e-01 -4.510305e-01 -1.708122e-02
    outer loop
      vertex 8.252471e-03 -1.729001e-01 1.798000e+00
      vertex -5.428065e-04 -1.659895e-01 2.075000e+00
      vertex 3.208269e-04 -1.572077e-01 1.798000e+00
    endloop
  endfacet
  facet normal -9.141835e-01 -4.049967e-01 -1.568989e-02
    outer loop
      vertex -5.428065e-04 -1.659895e-01 2.075000e+00
      vertex -7.372359e-03 -1.505734e-01 2.075000e+00
      vertex 3.208269e-04 -1.572077e-01 1.798000e+00
    endloop
  endfacet
  facet normal -9.256983e-01 -3.778956e-01 -1.665878e-02
    outer loop
      vertex 3.208269e-04 -1.572077e-01 1.798000e+00
      vertex -7.372359e-03 -1.505734e-01 2.075000e+00
      vertex -6.213492e-03 -1.412012e-01 1.798000e+00
    endloop
  endfacet
  facet normal -9.437701e-01 -3.302565e-01 -1.512253e-02
    outer loop
      vertex -7.372359e-03 -1.505734e-01 2.075000e+00
      vertex -1.284835e-02 -1.349247e-01 2.075000e+00
      vertex -6.213492e-03 -1.412012e-01 1.798000e+00
    endloop
  endfacet
  facet normal -9.494894e-01 -3.134091e-01 -1.564126e-02
    outer loop
      vertex -6.213492e-03 -1.412012e-01 1.798000e+00
      vertex -1.284835e-02 -1.349247e-01 2.075000e+00
      vertex -1.695325e-02 -1.086645e-01 1.798000e+00
    endloop
  endfacet
  facet normal -9.642839e-01 -2.646507e-01 -1.079961e-02
    outer loop
      vertex -1.284835e-02 -1.349247e-01 2.075000e+00
      vertex -2.154439e-02 -1.032397e-01 2.075000e+00
      vertex -1.695325e-02 -1.086645e-01 1.798000e+00
    endloop
  endfacet
  facet normal -9.650081e-01 -2.619950e-01 -1.086362e-02
    outer loop
      vertex -1.695325e-02 -1.086645e-01 1.798000e+00
      vertex -2.154439e-02 -1.032397e-01 2.075000e+00
      vertex -2.589646e-02 -7.572392e-02 1.798000e+00
    endloop
  endfacet
  facet normal -9.771431e-01 -2.125048e-01 -5.756860e-03
    outer loop
      vertex -2.154439e-02 -1.032397e-01 2.075000e+00
      vertex -2.850014e-02 -7.125570e-02 2.075000e+00
      vertex -2.589646e-02 -7.572392e-02 1.798000e+00
    endloop
  endfacet
  facet normal -9.751936e-01 -2.212828e-01 -5.596941e-03
    outer loop
      vertex -2.589646e-02 -7.572392e-02 1.798000e+00
      vertex -2.850014e-02 -7.125570e-02 2.075000e+00
      vertex -3.344233e-02 -4.246923e-02 1.798000e+00
    endloop
  endfacet
  facet normal -9.852154e-01 -1.713203e-01 -2.259187e-04
    outer loop
      vertex -2.850014e-02 -7.125570e-02 2.075000e+00
      vertex -3.410232e-02 -3.903909e-02 2.075000e+00
      vertex -3.344233e-02 -4.246923e-02 1.798000e+00
    endloop
  endfacet
  facet normal -9.825392e-01 -1.860558e-01 -3.706952e-05
    outer loop
      vertex -3.344233e-02 -4.246923e-02 1.798000e+00
      vertex -3.410232e-02 -3.903909e-02 2.075000e+00
      vertex -3.979050e-02 -8.945287e-03 1.798000e+00
    endloop
  endfacet
  facet normal -9.907260e-01 -1.357600e-01 5.595272e-03
    outer loop
      vertex -3.410232e-02 -3.903909e-02 2.075000e+00
      vertex -3.854431e-02 -6.623124e-03 2.075000e+00
      vertex -3.979050e-02 -8.945287e-03 1.798000e+00
    endloop
  endfacet
  facet normal -9.857063e-01 -1.683712e-01 5.846078e-03
    outer loop
      vertex -3.979050e-02 -8.945287e-03 1.798000e+00
      vertex -3.854431e-02 -6.623124e-03 2.075000e+00
      vertex -4.553981e-02 2.471329e-02 1.798000e+00
    endloop
  endfacet
  facet normal -9.929522e-01 -1.179331e-01 1.173503e-02
    outer loop
      vertex -3.854431e-02 -6.623124e-03 2.075000e+00
      vertex -4.240620e-02 2.589252e-02 2.075000e+00
      vertex -4.553981e-02 2.471329e-02 1.798000e+00
    endloop
  endfacet
  facet normal -9.869653e-01 -1.604965e-01 1.184850e-02
    outer loop
      vertex -4.553981e-02 2.471329e-02 1.798000e+00
      vertex -4.240620e-02 2.589252e-02 2.075000e+00
      vertex -5.102297e-02 5.843170e-02 1.798000e+00
    endloop
  endfacet
  facet normal -9.937687e-01 -1.100005e-01 1.799190e-02
    outer loop
      vertex -4.240620e-02 2.589252e-02 2.075000e+00
      vertex -4.601027e-02 5.845247e-02 2.075000e+00
      vertex -5.102297e-02 5.843170e-02 1.798000e+00
    endloop
  endfacet
  facet normal -9.865552e-01 -1.624487e-01 1.786529e-02
    outer loop
      vertex -5.102297e-02 5.843170e-02 1.798000e+00
      vertex -4.601027e-02 5.845247e-02 2.075000e+00
      vertex -5.657267e-02 9.213515e-02 1.798000e+00
    endloop
  endfacet
  facet normal -9.934157e-01 -1.119661e-01 2.426549e-02
    outer loop
      vertex -4.601027e-02 5.845247e-02 2.075000e+00
      vertex -4.967879e-02 9.100134e-02 2.075000e+00
      vertex -5.657267e-02 9.213515e-02 1.798000e+00
    endloop
  endfacet
  facet normal -9.870700e-01 -1.584953e-01 2.391711e-02
    outer loop
      vertex -5.657267e-02 9.213515e-02 1.798000e+00
      vertex -4.967879e-02 9.100134e-02 2.075000e+00
      vertex -6.198929e-02 1.258685e-01 1.798000e+00
    endloop
  endfacet
  facet normal -9.936822e-01 -1.079871e-01 3.056866e-02
    outer loop
      vertex -4.967879e-02 9.100134e-02 2.075000e+00
      vertex -5.321840e-02 1.235724e-01 2.075000e+00
      vertex -6.198929e-02 1.258685e-01 1.798000e+00
    endloop
  endfacet
  facet normal -9.865930e-01 -1.604360e-01 2.990942e-02
    outer loop
      vertex -6.198929e-02 1.258685e-01 1.798000e+00
      vertex -5.321840e-02 1.235724e-01 2.075000e+00
      vertex -6.747245e-02 1.595869e-01 1.798000e+00
    endloop
  endfacet
  facet normal -9.932557e-01 -1.099437e-01 3.681710e-02
    outer loop
      vertex -5.321840e-02 1.235724e-01 2.075000e+00
      vertex -5.682247e-02 1.561323e-01 2.075000e+00
      vertex -6.747245e-02 1.595869e-01 1.798000e+00
    endloop
  endfacet
  facet normal -9.870262e-01 -1.564720e-01 3.599731e-02
    outer loop
      vertex -6.747245e-02 1.595869e-01 1.798000e+00
      vertex -5.682247e-02 1.561323e-01 2.075000e+00
      vertex -7.282252e-02 1.933352e-01 1.798000e+00
    endloop
  endfacet
  facet normal -9.934338e-01 -1.059581e-01 4.315178e-02
    outer loop
      vertex -5.682247e-02 1.561323e-01 2.075000e+00
      vertex -6.029763e-02 1.887144e-01 2.075000e+00
      vertex -7.282252e-02 1.933352e-01 1.798000e+00
    endloop
  endfacet
  facet normal -9.871021e-01 -1.544694e-01 4.205623e-02
    outer loop
      vertex -7.282252e-02 1.933352e-01 1.798000e+00
      vertex -6.029763e-02 1.887144e-01 2.075000e+00
      vertex -7.810606e-02 2.270985e-01 1.798000e+00
    endloop
  endfacet
  facet normal -9.933521e-01 -1.039490e-01 4.945869e-02
    outer loop
      vertex -6.029763e-02 1.887144e-01 2.075000e+00
      vertex -6.370833e-02 2.213076e-01 2.075000e+00
      vertex -7.810606e-02 2.270985e-01 1.798000e+00
    endloop
  endfacet
  facet normal -9.874359e-01 -1.504963e-01 4.817807e-02
    outer loop
      vertex -7.810606e-02 2.270985e-01 1.798000e+00
      vertex -6.370833e-02 2.213076e-01 2.075000e+00
      vertex -8.325653e-02 2.608917e-01 1.798000e+00
    endloop
  endfacet
  facet normal -9.934244e-01 -9.995949e-02 5.582254e-02
    outer loop
      vertex -6.370833e-02 2.213076e-01 2.075000e+00
      vertex -6.699012e-02 2.539229e-01 2.075000e+00
      vertex -8.325653e-02 2.608917e-01 1.798000e+00
    endloop
  endfacet
  facet normal -9.880013e-01 -1.445543e-01 5.438215e-02
    outer loop
      vertex -8.325653e-02 2.608917e-01 1.798000e+00
      vertex -6.699012e-02 2.539229e-01 2.075000e+00
      vertex -8.820737e-02 2.947298e-01 1.798000e+00
    endloop
  endfacet
  facet normal -9.936241e-01 -9.399294e-02 6.226141e-02
    outer loop
      vertex -6.699012e-02 2.539229e-01 2.075000e+00
      vertex -7.007854e-02 2.865715e-01 2.075000e+00
      vertex -8.820737e-02 2.947298e-01 1.798000e+00
    endloop
  endfacet
  facet normal -9.887593e-01 -1.366464e-01 6.068676e-02
    outer loop
      vertex -8.820737e-02 2.947298e-01 1.798000e+00
      vertex -7.007854e-02 2.865715e-01 2.075000e+00
      vertex -9.289206e-02 3.286277e-01 1.798000e+00
    endloop
  endfacet
  facet normal -9.939126e-01 -8.605466e-02 6.879241e-02
    outer loop
      vertex -7.007854e-02 2.865715e-01 2.075000e+00
      vertex -7.290915e-02 3.192643e-01 2.075000e+00
      vertex -9.289206e-02 3.286277e-01 1.798000e+00
    endloop
  endfacet
  facet normal -9.889034e-01 -1.326669e-01 6.685541e-02
    outer loop
      vertex -9.289206e-02 3.286277e-01 1.798000e+00
      vertex -7.290915e-02 3.192643e-01 2.075000e+00
      vertex -9.744366e-02 3.625556e-01 1.798000e+00
    endloop
  endfacet
  facet normal -9.937858e-01 -8.206950e-02 7.519553e-02
    outer loop
      vertex -7.290915e-02 3.192643e-01 2.075000e+00
      vertex -7.561084e-02 3.519793e-01 2.075000e+00
      vertex -9.744366e-02 3.625556e-01 1.798000e+00
    endloop
  endfacet
  facet normal -9.889921e-01 -1.286861e-01 7.303781e-02
    outer loop
      vertex -9.744366e-02 3.625556e-01 1.798000e+00
      vertex -7.561084e-02 3.519793e-01 2.075000e+00
      vertex -1.018622e-01 3.965133e-01 1.798000e+00
    endloop
  endfacet
  facet normal -9.936007e-01 -7.808614e-02 8.160966e-02
    outer loop
      vertex -7.561084e-02 3.519793e-01 2.075000e+00
      vertex -7.818362e-02 3.847165e-01 2.075000e+00
      vertex -1.018622e-01 3.965133e-01 1.798000e+00
    endloop
  endfacet
  facet normal -9.890252e-01 -1.247046e-01 7.923315e-02
    outer loop
      vertex -1.018622e-01 3.965133e-01 1.798000e+00
      vertex -7.818362e-02 3.847165e-01 2.075000e+00
      vertex -1.061476e-01 4.305010e-01 1.798000e+00
    endloop
  endfacet
  facet normal -9.933572e-01 -7.410526e-02 8.803389e-02
    outer loop
      vertex -7.818362e-02 3.847165e-01 2.075000e+00
      vertex -8.062749e-02 4.174758e-01 2.075000e+00
      vertex -1.061476e-01 4.305010e-01 1.798000e+00
    endloop
  endfacet
  facet normal -9.935536e-01 6.264496e-02 9.448231e-02
    outer loop
      vertex -1.061476e-01 4.305010e-01 1.798000e+00
      vertex -8.062749e-02 4.174758e-01 2.075000e+00
      vertex -1.039122e-01 4.659546e-01 1.798000e+00
    endloop
  endfacet
  facet normal -9.882467e-01 1.130823e-01 1.028634e-01
    outer loop
      vertex -8.062749e-02 4.174758e-01 2.075000e+00
      vertex -7.675474e-02 4.513205e-01 2.075000e+00
      vertex -1.039122e-01 4.659546e-01 1.798000e+00
    endloop
  endfacet
  facet normal 3.099643e-01 -9.501533e-01 3.362848e-02
    outer loop
      vertex 3.322637e-02 -1.933661e-01 2.075000e+00
      vertex 4.397135e-02 -1.898608e-01 2.075000e+00
      vertex 2.561727e-02 -1.860446e-01 2.352000e+00
    endloop
  endfacet
  facet normal 2.781418e-01 -9.600183e-01 3.165582e-02
    outer loop
      vertex 2.561727e-02 -1.860446e-01 2.352000e+00
      vertex 4.397135e-02 -1.898608e-01 2.075000e+00
      vertex 3.600834e-02 -1.830340e-01 2.352000e+00
    endloop
  endfacet
  facet normal 5.028835e-01 -8.636149e-01 3.574066e-02
    outer loop
      vertex 4.397135e-02 -1.898608e-01 2.075000e+00
      vertex 4.801298e-02 -1.875074e-01 2.075000e+00
      vertex 3.600834e-02 -1.830340e-01 2.352000e+00
    endloop
  endfacet
  facet normal 4.738368e-01 -8.799269e-01 3.474526e-02
    outer loop
      vertex 3.600834e-02 -1.830340e-01 2.352000e+00
      vertex 4.801298e-02 -1.875074e-01 2.075000e+00
      vertex 3.994986e-02 -1.809116e-01 2.352000e+00
    endloop
  endfacet
  facet normal 6.238050e-01 -7.807157e-01 3.674826e-02
    outer loop
      vertex 4.801298e-02 -1.875074e-01 2.075000e+00
      vertex 5.594825e-02 -1.811670e-01 2.075000e+00
      vertex 3.994986e-02 -1.809116e-01 2.352000e+00
    endloop
  endfacet
  facet normal 5.974698e-01 -8.011165e-01 3.524606e-02
    outer loop
      vertex 3.994986e-02 -1.809116e-01 2.352000e+00
      vertex 5.594825e-02 -1.811670e-01 2.075000e+00
      vertex 4.774345e-02 -1.750991e-01 2.352000e+00
    endloop
  endfacet
  facet normal 7.605220e-01 -6.482726e-01 3.672757e-02
    outer loop
      vertex 5.594825e-02 -1.811670e-01 2.075000e+00
      vertex 6.423212e-02 -1.714487e-01 2.075000e+00
      vertex 4.774345e-02 -1.750991e-01 2.352000e+00
    endloop
  endfacet
  facet normal 7.385363e-01 -6.733000e-01 3.508904e-02
    outer loop
      vertex 4.774345e-02 -1.750991e-01 2.352000e+00
      vertex 6.423212e-02 -1.714487e-01 2.075000e+00
      vertex 5.597829e-02 -1.660664e-01 2.352000e+00
    endloop
  endfacet
  facet normal 8.653884e-01 -4.998428e-01 3.549847e-02
    outer loop
      vertex 6.423212e-02 -1.714487e-01 2.075000e+00
      vertex 7.486997e-02 -1.530312e-01 2.075000e+00
      vertex 5.597829e-02 -1.660664e-01 2.352000e+00
    endloop
  endfacet
  facet normal 8.483210e-01 -5.284536e-01 3.298808e-02
    outer loop
      vertex 5.597829e-02 -1.660664e-01 2.352000e+00
      vertex 7.486997e-02 -1.530312e-01 2.075000e+00
      vertex 6.674261e-02 -1.487866e-01 2.352000e+00
    endloop
  endfacet
  facet normal 9.295964e-01 -3.671077e-01 3.290036e-02
    outer loop
      vertex 7.486997e-02 -1.530312e-01 2.075000e+00
      vertex 8.189832e-02 -1.352339e-01 2.075000e+00
      vertex 6.674261e-02 -1.487866e-01 2.352000e+00
    endloop
  endfacet
  facet normal 9.169086e-01 -3.979147e-01 3.069888e-02
    outer loop
      vertex 6.674261e-02 -1.487866e-01 2.352000e+00
      vertex 8.189832e-02 -1.352339e-01 2.075000e+00
      vertex 7.403410e-02 -1.319849e-01 2.352000e+00
    endloop
  endfacet
  facet normal 9.558676e-01 -2.922035e-01 3.056505e-02
    outer loop
      vertex 8.189832e-02 -1.352339e-01 2.075000e+00
      vertex 8.725084e-02 -1.177245e-01 2.075000e+00
      vertex 7.403410e-02 -1.319849e-01 2.352000e+00
    endloop
  endfacet
  facet normal 9.456567e-01 -3.239201e-01 2.844503e-02
    outer loop
      vertex 7.403410e-02 -1.319849e-01 2.352000e+00
      vertex 8.725084e-02 -1.177245e-01 2.075000e+00
      vertex 7.971320e-02 -1.154053e-01 2.352000e+00
    endloop
  endfacet
  facet normal 9.803690e-01 -1.951283e-01 2.831126e-02
    outer loop
      vertex 8.725084e-02 -1.177245e-01 2.075000e+00
      vertex 9.408854e-02 -8.337035e-02 2.075000e+00
      vertex 7.971320e-02 -1.154053e-01 2.352000e+00
    endloop
  endfacet
  facet normal 9.734264e-01 -2.277199e-01 2.418175e-02
    outer loop
      vertex 7.971320e-02 -1.154053e-01 2.352000e+00
      vertex 9.408854e-02 -8.337035e-02 2.075000e+00
      vertex 8.735051e-02 -8.275831e-02 2.352000e+00
    endloop
  endfacet
  facet normal 9.934286e-01 -1.118199e-01 2.441223e-02
    outer loop
      vertex 9.408854e-02 -8.337035e-02 2.075000e+00
      vertex 9.789684e-02 -4.953672e-02 2.075000e+00
      vertex 8.735051e-02 -8.275831e-02 2.352000e+00
    endloop
  endfacet
  facet normal 9.892410e-01 -1.448818e-01 2.028757e-02
    outer loop
      vertex 8.735051e-02 -8.275831e-02 2.352000e+00
      vertex 9.789684e-02 -4.953672e-02 2.075000e+00
      vertex 9.207312e-02 -5.051271e-02 2.352000e+00
    endloop
  endfacet
  facet normal 9.987943e-01 -4.444792e-02 2.084229e-02
    outer loop
      vertex 9.789684e-02 -4.953672e-02 2.075000e+00
      vertex 9.938474e-02 -1.610182e-02 2.075000e+00
      vertex 9.207312e-02 -5.051271e-02 2.352000e+00
    endloop
  endfacet
  facet normal 9.968362e-01 -7.771875e-02 1.665747e-02
    outer loop
      vertex 9.207312e-02 -5.051271e-02 2.352000e+00
      vertex 9.938474e-02 -1.610182e-02 2.075000e+00
      vertex 9.456319e-02 -1.857452e-02 2.352000e+00
    endloop
  endfacet
  facet normal 9.994759e-01 2.714517e-02 1.763950e-02
    outer loop
      vertex 9.938474e-02 -1.610182e-02 2.075000e+00
      vertex 9.848780e-02 1.692330e-02 2.075000e+00
      vertex 9.456319e-02 -1.857452e-02 2.352000e+00
    endloop
  endfacet
  facet normal 9.998914e-01 -6.182469e-03 1.337442e-02
    outer loop
      vertex 9.456319e-02 -1.857452e-02 2.352000e+00
      vertex 9.848780e-02 1.692330e-02 2.075000e+00
      vertex 9.475872e-02 1.304773e-02 2.352000e+00
    endloop
  endfacet
  facet normal 9.944597e-01 1.040649e-01 1.484379e-02
    outer loop
      vertex 9.848780e-02 1.692330e-02 2.075000e+00
      vertex 9.507710e-02 4.951647e-02 2.075000e+00
      vertex 9.475872e-02 1.304773e-02 2.352000e+00
    endloop
  endfacet
  facet normal 9.974308e-01 7.086605e-02 1.047638e-02
    outer loop
      vertex 9.475872e-02 1.304773e-02 2.352000e+00
      vertex 9.507710e-02 4.951647e-02 2.075000e+00
      vertex 9.253566e-02 4.433696e-02 2.352000e+00
    endloop
  endfacet
  facet normal 9.858197e-01 1.673657e-01 1.217426e-02
    outer loop
      vertex 9.507710e-02 4.951647e-02 2.075000e+00
      vertex 8.960382e-02 8.175523e-02 2.075000e+00
      vertex 9.253566e-02 4.433696e-02 2.352000e+00
    endloop
  endfacet
  facet normal 9.908945e-01 1.344217e-01 7.670339e-03
    outer loop
      vertex 9.253566e-02 4.433696e-02 2.352000e+00
      vertex 8.960382e-02 8.175523e-02 2.075000e+00
      vertex 8.832813e-02 7.535293e-02 2.352000e+00
    endloop
  endfacet
  facet normal 9.745000e-01 2.241789e-01 9.669395e-03
    outer loop
      vertex 8.960382e-02 8.175523e-02 2.075000e+00
      vertex 8.226135e-02 1.136728e-01 2.075000e+00
      vertex 8.832813e-02 7.535293e-02 2.352000e+00
    endloop
  endfacet
  facet normal 9.814640e-01 1.915812e-01 5.007341e-03
    outer loop
      vertex 8.832813e-02 7.535293e-02 2.352000e+00
      vertex 8.226135e-02 1.136728e-01 2.075000e+00
      vertex 8.232217e-02 1.061213e-01 2.352000e+00
    endloop
  endfacet
  facet normal 9.621894e-01 2.722859e-01 7.211733e-03
    outer loop
      vertex 8.226135e-02 1.136728e-01 2.075000e+00
      vertex 7.330748e-02 1.453135e-01 2.075000e+00
      vertex 8.232217e-02 1.061213e-01 2.352000e+00
    endloop
  endfacet
  facet normal 9.707525e-01 2.400708e-01 2.374998e-03
    outer loop
      vertex 8.232217e-02 1.061213e-01 2.352000e+00
      vertex 7.330748e-02 1.453135e-01 2.075000e+00
      vertex 7.476584e-02 1.366761e-01 2.352000e+00
    endloop
  endfacet
  facet normal 9.495200e-01 3.136701e-01 4.781742e-03
    outer loop
      vertex 7.330748e-02 1.453135e-01 2.075000e+00
      vertex 6.293560e-02 1.767105e-01 2.075000e+00
      vertex 7.476584e-02 1.366761e-01 2.352000e+00
    endloop
  endfacet
  facet normal 9.594579e-01 2.818519e-01 -2.413238e-04
    outer loop
      vertex 7.476584e-02 1.366761e-01 2.352000e+00
      vertex 6.293560e-02 1.767105e-01 2.075000e+00
      vertex 6.584518e-02 1.670431e-01 2.352000e+00
    endloop
  endfacet
  facet normal 9.352620e-01 3.539472e-01 2.528970e-03
    outer loop
      vertex 6.293560e-02 1.767105e-01 2.075000e+00
      vertex 5.114570e-02 2.078639e-01 2.075000e+00
      vertex 6.584518e-02 1.670431e-01 2.352000e+00
    endloop
  endfacet
  facet normal 9.465389e-01 3.225785e-01 -2.692179e-03
    outer loop
      vertex 6.584518e-02 1.670431e-01 2.352000e+00
      vertex 5.114570e-02 2.078639e-01 2.075000e+00
      vertex 5.556019e-02 1.972223e-01 2.352000e+00
    endloop
  endfacet
  facet normal 9.217850e-01 3.877014e-01 2.041678e-04
    outer loop
      vertex 5.114570e-02 2.078639e-01 2.075000e+00
      vertex 3.813115e-02 2.388068e-01 2.075000e+00
      vertex 5.556019e-02 1.972223e-01 2.352000e+00
    endloop
  endfacet
  facet normal 9.341821e-01 3.567584e-01 -5.221172e-03
    outer loop
      vertex 5.556019e-02 1.972223e-01 2.352000e+00
      vertex 3.813115e-02 2.388068e-01 2.075000e+00
      vertex 4.409692e-02 2.272392e-01 2.352000e+00
    endloop
  endfacet
  facet normal 9.089013e-01 4.170057e-01 -2.160749e-03
    outer loop
      vertex 3.813115e-02 2.388068e-01 2.075000e+00
      vertex 2.402086e-02 2.695615e-01 2.075000e+00
      vertex 4.409692e-02 2.272392e-01 2.352000e+00
    endloop
  endfacet
  facet normal 9.222691e-01 3.864698e-01 -7.795115e-03
    outer loop
      vertex 4.409692e-02 2.272392e-01 2.352000e+00
      vertex 2.402086e-02 2.695615e-01 2.075000e+00
      vertex 3.157939e-02 2.571109e-01 2.352000e+00
    endloop
  endfacet
  facet normal 9.001829e-01 4.354834e-01 -4.989398e-03
    outer loop
      vertex 2.402086e-02 2.695615e-01 2.075000e+00
      vertex 9.201557e-03 3.001943e-01 2.075000e+00
      vertex 3.157939e-02 2.571109e-01 2.352000e+00
    endloop
  endfacet
  facet normal 9.141551e-01 4.052200e-01 -1.082520e-02
    outer loop
      vertex 3.157939e-02 2.571109e-01 2.352000e+00
      vertex 9.201557e-03 3.001943e-01 2.075000e+00
      vertex 1.837971e-02 2.868887e-01 2.352000e+00
    endloop
  endfacet
  facet normal 8.911902e-01 4.535638e-01 -7.742104e-03
    outer loop
      vertex 9.201557e-03 3.001943e-01 2.075000e+00
      vertex -6.326754e-03 3.307053e-01 2.075000e+00
      vertex 1.837971e-02 2.868887e-01 2.352000e+00
    endloop
  endfacet
  facet normal 9.057533e-01 4.235812e-01 -1.378374e-02
    outer loop
      vertex 1.837971e-02 2.868887e-01 2.352000e+00
      vertex -6.326754e-03 3.307053e-01 2.075000e+00
      vertex 4.497858e-03 3.165726e-01 2.352000e+00
    endloop
  endfacet
  facet normal 8.844811e-01 4.664518e-01 -1.076520e-02
    outer loop
      vertex -6.326754e-03 3.307053e-01 2.075000e+00
      vertex -2.237071e-02 3.611276e-01 2.075000e+00
      vertex 4.497858e-03 3.165726e-01 2.352000e+00
    endloop
  endfacet
  facet normal 8.994584e-01 4.366753e-01 -1.700746e-02
    outer loop
      vertex 4.497858e-03 3.165726e-01 2.352000e+00
      vertex -2.237071e-02 3.611276e-01 2.075000e+00
      vertex -9.880112e-03 3.461882e-01 2.352000e+00
    endloop
  endfacet
  facet normal 8.784992e-01 4.775428e-01 -1.385825e-02
    outer loop
      vertex -2.237071e-02 3.611276e-01 2.075000e+00
      vertex -3.886585e-02 3.914725e-01 2.075000e+00
      vertex -9.880112e-03 3.461882e-01 2.352000e+00
    endloop
  endfacet
  facet normal 8.938290e-01 4.479482e-01 -2.030056e-02
    outer loop
      vertex -9.880112e-03 3.461882e-01 2.352000e+00
      vertex -3.886585e-02 3.914725e-01 2.075000e+00
      vertex -2.469219e-02 3.757439e-01 2.352000e+00
    endloop
  endfacet
  facet normal 8.750137e-01 4.837889e-01 -1.730271e-02
    outer loop
      vertex -3.886585e-02 3.914725e-01 2.075000e+00
      vertex -5.561881e-02 4.217730e-01 2.075000e+00
      vertex -2.469219e-02 3.757439e-01 2.352000e+00
    endloop
  endfacet
  facet normal 8.905302e-01 4.542941e-01 -2.393626e-02
    outer loop
      vertex -2.469219e-02 3.757439e-01 2.352000e+00
      vertex -5.561881e-02 4.217730e-01 2.075000e+00
      vertex -3.975232e-02 4.052656e-01 2.352000e+00
    endloop
  endfacet
  facet normal 8.132768e-01 5.817550e-01 -1.191533e-02
    outer loop
      vertex -5.561881e-02 4.217730e-01 2.075000e+00
      vertex -7.675474e-02 4.513205e-01 2.075000e+00
      vertex -3.975232e-02 4.052656e-01 2.352000e+00
    endloop
  endfacet
  facet normal 8.321234e-01 5.542648e-01 -1.900352e-02
    outer loop
      vertex -3.975232e-02 4.052656e-01 2.352000e+00
      vertex -7.675474e-02 4.513205e-01 2.075000e+00
      vertex -5.902946e-02 4.342065e-01 2.352000e+00
    endloop
  endfacet
  facet normal -3.033636e-02 -9.992124e-01 2.557724e-02
    outer loop
      vertex 3.322637e-02 -1.933661e-01 2.075000e+00
      vertex 2.561727e-02 -1.860446e-01 2.352000e+00
      vertex 2.502148e-02 -1.931170e-01 2.075000e+00
    endloop
  endfacet
  facet normal -6.362282e-02 -9.976454e-01 2.560882e-02
    outer loop
      vertex 2.561727e-02 -1.860446e-01 2.352000e+00
      vertex 1.777597e-02 -1.855445e-01 2.352000e+00
      vertex 2.502148e-02 -1.931170e-01 2.075000e+00
    endloop
  endfacet
  facet normal -3.305416e-01 -9.436356e-01 1.715052e-02
    outer loop
      vertex 2.502148e-02 -1.931170e-01 2.075000e+00
      vertex 1.777597e-02 -1.855445e-01 2.352000e+00
      vertex 2.184410e-02 -1.920040e-01 2.075000e+00
    endloop
  endfacet
  facet normal -3.618134e-01 -9.321059e-01 1.642239e-02
    outer loop
      vertex 1.777597e-02 -1.855445e-01 2.352000e+00
      vertex 1.477182e-02 -1.843784e-01 2.352000e+00
      vertex 2.184410e-02 -1.920040e-01 2.075000e+00
    endloop
  endfacet
  facet normal -5.453099e-01 -8.381846e-01 9.151840e-03
    outer loop
      vertex 2.184410e-02 -1.920040e-01 2.075000e+00
      vertex 1.477182e-02 -1.843784e-01 2.352000e+00
      vertex 1.579255e-02 -1.880670e-01 2.075000e+00
    endloop
  endfacet
  facet normal -5.729451e-01 -8.195465e-01 8.801821e-03
    outer loop
      vertex 1.477182e-02 -1.843784e-01 2.352000e+00
      vertex 9.108186e-03 -1.804190e-01 2.352000e+00
      vertex 1.579255e-02 -1.880670e-01 2.075000e+00
    endloop
  endfacet
  facet normal -7.311761e-01 -6.821877e-01 1.191017e-03
    outer loop
      vertex 1.579255e-02 -1.880670e-01 2.075000e+00
      vertex 9.108186e-03 -1.804190e-01 2.352000e+00
      vertex 9.122782e-03 -1.809182e-01 2.075000e+00
    endloop
  endfacet
  facet normal -7.535070e-01 -6.574389e-01 1.145234e-03
    outer loop
      vertex 9.108186e-03 -1.804190e-01 2.352000e+00
      vertex 2.955580e-03 -1.733673e-01 2.352000e+00
      vertex 9.122782e-03 -1.809182e-01 2.075000e+00
    endloop
  endfacet
  facet normal -8.394151e-01 -5.434770e-01 -3.874004e-03
    outer loop
      vertex 9.122782e-03 -1.809182e-01 2.075000e+00
      vertex 2.955580e-03 -1.733673e-01 2.352000e+00
      vertex -5.428065e-04 -1.659895e-01 2.075000e+00
    endloop
  endfacet
  facet normal -8.570655e-01 -5.151993e-01 -2.897917e-03
    outer loop
      vertex 2.955580e-03 -1.733673e-01 2.352000e+00
      vertex -5.814784e-03 -1.587773e-01 2.352000e+00
      vertex -5.428065e-04 -1.659895e-01 2.075000e+00
    endloop
  endfacet
  facet normal -9.142746e-01 -4.050370e-01 -6.855010e-03
    outer loop
      vertex -5.428065e-04 -1.659895e-01 2.075000e+00
      vertex -5.814784e-03 -1.587773e-01 2.352000e+00
      vertex -7.372359e-03 -1.505734e-01 2.075000e+00
    endloop
  endfacet
  facet normal -9.272722e-01 -3.743419e-01 -5.872827e-03
    outer loop
      vertex -5.814784e-03 -1.587773e-01 2.352000e+00
      vertex -1.185649e-02 -1.438115e-01 2.352000e+00
      vertex -7.372359e-03 -1.505734e-01 2.075000e+00
    endloop
  endfacet
  facet normal -9.438534e-01 -3.302856e-01 -7.216705e-03
    outer loop
      vertex -7.372359e-03 -1.505734e-01 2.075000e+00
      vertex -1.185649e-02 -1.438115e-01 2.352000e+00
      vertex -1.284835e-02 -1.349247e-01 2.075000e+00
    endloop
  endfacet
  facet normal -9.543441e-01 -2.986460e-01 -6.164063e-03
    outer loop
      vertex -1.185649e-02 -1.438115e-01 2.352000e+00
      vertex -1.659589e-02 -1.286665e-01 2.352000e+00
      vertex -1.284835e-02 -1.349247e-01 2.075000e+00
    endloop
  endfacet
  facet normal -9.643160e-01 -2.646595e-01 -7.066828e-03
    outer loop
      vertex -1.284835e-02 -1.349247e-01 2.075000e+00
      vertex -1.659589e-02 -1.286665e-01 2.352000e+00
      vertex -2.154439e-02 -1.032397e-01 2.075000e+00
    endloop
  endfacet
  facet normal -9.726180e-01 -2.323762e-01 -3.955124e-03
    outer loop
      vertex -1.659589e-02 -1.286665e-01 2.352000e+00
      vertex -2.390416e-02 -9.807744e-02 2.352000e+00
      vertex -2.154439e-02 -1.032397e-01 2.075000e+00
    endloop
  endfacet
  facet normal -9.771499e-01 -2.125063e-01 -4.364033e-03
    outer loop
      vertex -2.154439e-02 -1.032397e-01 2.075000e+00
      vertex -2.390416e-02 -9.807744e-02 2.352000e+00
      vertex -2.850014e-02 -7.125570e-02 2.075000e+00
    endloop
  endfacet
  facet normal -9.836986e-01 -1.798218e-01 -1.090558e-03
    outer loop
      vertex -2.390416e-02 -9.807744e-02 2.352000e+00
      vertex -2.953804e-02 -6.725787e-02 2.352000e+00
      vertex -2.850014e-02 -7.125570e-02 2.075000e+00
    endloop
  endfacet
  facet normal -9.852147e-01 -1.713201e-01 -1.218941e-03
    outer loop
      vertex -2.850014e-02 -7.125570e-02 2.075000e+00
      vertex -2.953804e-02 -6.725787e-02 2.352000e+00
      vertex -3.410232e-02 -3.903909e-02 2.075000e+00
    endloop
  endfacet
  facet normal -9.903756e-01 -1.383879e-01 2.221001e-03
    outer loop
      vertex -2.953804e-02 -6.725787e-02 2.352000e+00
      vertex -3.386960e-02 -3.625898e-02 2.352000e+00
      vertex -3.410232e-02 -3.903909e-02 2.075000e+00
    endloop
  endfacet
  facet normal -9.907391e-01 -1.357618e-01 2.194950e-03
    outer loop
      vertex -3.410232e-02 -3.903909e-02 2.075000e+00
      vertex -3.386960e-02 -3.625898e-02 2.352000e+00
      vertex -3.854431e-02 -6.623124e-03 2.075000e+00
    endloop
  endfacet
  facet normal -9.946992e-01 -1.026640e-01 5.802876e-03
    outer loop
      vertex -3.386960e-02 -3.625898e-02 2.352000e+00
      vertex -3.708489e-02 -5.106377e-03 2.352000e+00
      vertex -3.854431e-02 -6.623124e-03 2.075000e+00
    endloop
  endfacet
  facet normal -9.930034e-01 -1.179392e-01 5.877584e-03
    outer loop
      vertex -3.854431e-02 -6.623124e-03 2.075000e+00
      vertex -3.708489e-02 -5.106377e-03 2.352000e+00
      vertex -4.240620e-02 2.589252e-02 2.075000e+00
    endloop
  endfacet
  facet normal -9.963534e-01 -8.477477e-02 9.653349e-03
    outer loop
      vertex -3.708489e-02 -5.106377e-03 2.352000e+00
      vertex -3.974205e-02 2.612307e-02 2.352000e+00
      vertex -4.240620e-02 2.589252e-02 2.075000e+00
    endloop
  endfacet
  facet normal -9.938833e-01 -1.100132e-01 9.650598e-03
    outer loop
      vertex -4.240620e-02 2.589252e-02 2.075000e+00
      vertex -3.974205e-02 2.612307e-02 2.352000e+00
      vertex -4.601027e-02 5.845247e-02 2.075000e+00
    endloop
  endfacet
  facet normal -9.969521e-01 -7.682277e-02 1.359378e-02
    outer loop
      vertex -3.974205e-02 2.612307e-02 2.352000e+00
      vertex -4.215115e-02 5.738668e-02 2.352000e+00
      vertex -4.601027e-02 5.845247e-02 2.075000e+00
    endloop
  endfacet
  facet normal -9.936189e-01 -1.119890e-01 1.341204e-02
    outer loop
      vertex -4.601027e-02 5.845247e-02 2.075000e+00
      vertex -4.215115e-02 5.738668e-02 2.352000e+00
      vertex -4.967879e-02 9.100134e-02 2.075000e+00
    endloop
  endfacet
  facet normal -9.967360e-01 -7.880479e-02 1.752373e-02
    outer loop
      vertex -4.215115e-02 5.738668e-02 2.352000e+00
      vertex -4.462226e-02 8.864175e-02 2.352000e+00
      vertex -4.967879e-02 9.100134e-02 2.075000e+00
    endloop
  endfacet
  facet normal -9.939993e-01 -1.080216e-01 1.722489e-02
    outer loop
      vertex -4.967879e-02 9.100134e-02 2.075000e+00
      vertex -4.462226e-02 8.864175e-02 2.352000e+00
      vertex -5.321840e-02 1.235724e-01 2.075000e+00
    endloop
  endfacet
  facet normal -9.969648e-01 -7.482572e-02 2.150302e-02
    outer loop
      vertex -4.462226e-02 8.864175e-02 2.352000e+00
      vertex -4.696935e-02 1.199139e-01 2.352000e+00
      vertex -5.321840e-02 1.235724e-01 2.075000e+00
    endloop
  endfacet
  facet normal -9.937111e-01 -1.099941e-01 2.096514e-02
    outer loop
      vertex -5.321840e-02 1.235724e-01 2.075000e+00
      vertex -4.696935e-02 1.199139e-01 2.352000e+00
      vertex -5.682247e-02 1.561323e-01 2.075000e+00
    endloop
  endfacet
  facet normal -9.967222e-01 -7.680506e-02 2.541179e-02
    outer loop
      vertex -4.696935e-02 1.199139e-01 2.352000e+00
      vertex -4.937845e-02 1.511775e-01 2.352000e+00
      vertex -5.682247e-02 1.561323e-01 2.075000e+00
    endloop
  endfacet
  facet normal -9.940538e-01 -1.060243e-01 2.481743e-02
    outer loop
      vertex -5.682247e-02 1.561323e-01 2.075000e+00
      vertex -4.937845e-02 1.511775e-01 2.352000e+00
      vertex -6.029763e-02 1.887144e-01 2.075000e+00
    endloop
  endfacet
  facet normal -9.969105e-01 -7.282482e-02 2.942897e-02
    outer loop
      vertex -4.937845e-02 1.511775e-01 2.352000e+00
      vertex -5.166352e-02 1.824582e-01 2.352000e+00
      vertex -6.029763e-02 1.887144e-01 2.075000e+00
    endloop
  endfacet
  facet normal -9.941614e-01 -1.040337e-01 2.863841e-02
    outer loop
      vertex -6.029763e-02 1.887144e-01 2.075000e+00
      vertex -5.166352e-02 1.824582e-01 2.352000e+00
      vertex -6.370833e-02 2.213076e-01 2.075000e+00
    endloop
  endfacet
  facet normal -9.969285e-01 -7.083036e-02 3.341551e-02
    outer loop
      vertex -5.166352e-02 1.824582e-01 2.352000e+00
      vertex -5.388657e-02 2.137474e-01 2.352000e+00
      vertex -6.370833e-02 2.213076e-01 2.075000e+00
    endloop
  endfacet
  facet normal -9.944492e-01 -1.000626e-01 3.252977e-02
    outer loop
      vertex -6.370833e-02 2.213076e-01 2.075000e+00
      vertex -5.388657e-02 2.137474e-01 2.352000e+00
      vertex -6.699012e-02 2.539229e-01 2.075000e+00
    endloop
  endfacet
  facet normal -9.970592e-01 -6.685083e-02 3.747020e-02
    outer loop
      vertex -5.388657e-02 2.137474e-01 2.352000e+00
      vertex -5.598560e-02 2.450537e-01 2.352000e+00
      vertex -6.699012e-02 2.539229e-01 2.075000e+00
    endloop
  endfacet
  facet normal -9.948918e-01 -9.411286e-02 3.651120e-02
    outer loop
      vertex -6.699012e-02 2.539229e-01 2.075000e+00
      vertex -5.598560e-02 2.450537e-01 2.352000e+00
      vertex -7.007854e-02 2.865715e-01 2.075000e+00
    endloop
  endfacet
  facet normal -9.972768e-01 -6.088906e-02 4.161224e-02
    outer loop
      vertex -5.598560e-02 2.450537e-01 2.352000e+00
      vertex -5.789858e-02 2.763856e-01 2.352000e+00
      vertex -7.007854e-02 2.865715e-01 2.075000e+00
    endloop
  endfacet
  facet normal -9.954512e-01 -8.618788e-02 4.060168e-02
    outer loop
      vertex -7.007854e-02 2.865715e-01 2.075000e+00
      vertex -5.789858e-02 2.763856e-01 2.352000e+00
      vertex -7.290915e-02 3.192643e-01 2.075000e+00
    endloop
  endfacet
  facet normal -9.975436e-01 -5.294993e-02 4.586019e-02
    outer loop
      vertex -5.789858e-02 2.763856e-01 2.352000e+00
      vertex -5.956350e-02 3.077517e-01 2.352000e+00
      vertex -7.290915e-02 3.192643e-01 2.075000e+00
    endloop
  endfacet
  facet normal -9.956179e-01 -8.222079e-02 4.455086e-02
    outer loop
      vertex -7.290915e-02 3.192643e-01 2.075000e+00
      vertex -5.956350e-02 3.077517e-01 2.352000e+00
      vertex -7.561084e-02 3.519793e-01 2.075000e+00
    endloop
  endfacet
  facet normal -9.975490e-01 -4.897898e-02 4.997034e-02
    outer loop
      vertex -5.956350e-02 3.077517e-01 2.352000e+00
      vertex -6.110439e-02 3.391349e-01 2.352000e+00
      vertex -7.561084e-02 3.519793e-01 2.075000e+00
    endloop
  endfacet
  facet normal -9.957520e-01 -7.825521e-02 4.851870e-02
    outer loop
      vertex -7.561084e-02 3.519793e-01 2.075000e+00
      vertex -6.110439e-02 3.391349e-01 2.352000e+00
      vertex -7.818362e-02 3.847165e-01 2.075000e+00
    endloop
  endfacet
  facet normal -9.975206e-01 -4.501078e-02 5.409827e-02
    outer loop
      vertex -6.110439e-02 3.391349e-01 2.352000e+00
      vertex -6.252125e-02 3.705351e-01 2.352000e+00
      vertex -7.818362e-02 3.847165e-01 2.075000e+00
    endloop
  endfacet
  facet normal -9.958534e-01 -7.429149e-02 5.250493e-02
    outer loop
      vertex -7.818362e-02 3.847165e-01 2.075000e+00
      vertex -6.252125e-02 3.705351e-01 2.352000e+00
      vertex -8.062749e-02 4.174758e-01 2.075000e+00
    endloop
  endfacet
  facet normal -9.974582e-01 -4.104571e-02 5.824369e-02
    outer loop
      vertex -6.252125e-02 3.705351e-01 2.352000e+00
      vertex -6.381409e-02 4.019524e-01 2.352000e+00
      vertex -8.062749e-02 4.174758e-01 2.075000e+00
    endloop
  endfacet
  facet normal -9.913157e-01 1.134335e-01 6.652803e-02
    outer loop
      vertex -8.062749e-02 4.174758e-01 2.075000e+00
      vertex -6.381409e-02 4.019524e-01 2.352000e+00
      vertex -7.675474e-02 4.513205e-01 2.075000e+00
    endloop
  endfacet
  facet normal -9.865960e-01 1.463530e-01 7.217459e-02
    outer loop
      vertex -6.381409e-02 4.019524e-01 2.352000e+00
      vertex -5.902946e-02 4.342065e-01 2.352000e+00
      vertex -7.675474e-02 4.513205e-01 2.075000e+00
    endloop
  endfacet
  facet normal 2.781341e-01 -9.599919e-01 3.251035e-02
    outer loop
      vertex 2.561727e-02 -1.860446e-01 2.352000e+00
      vertex 3.600834e-02 -1.830340e-01 2.352000e+00
      vertex 2.024644e-02 -1.782539e-01 2.628000e+00
    endloop
  endfacet
  facet normal 2.552808e-01 -9.663597e-01 3.131553e-02
    outer loop
      vertex 2.024644e-02 -1.782539e-01 2.628000e+00
      vertex 3.600834e-02 -1.830340e-01 2.352000e+00
      vertex 3.023819e-02 -1.756144e-01 2.628000e+00
    endloop
  endfacet
  facet normal 4.738560e-01 -8.799625e-01 3.356253e-02
    outer loop
      vertex 3.600834e-02 -1.830340e-01 2.352000e+00
      vertex 3.994986e-02 -1.809116e-01 2.352000e+00
      vertex 3.023819e-02 -1.756144e-01 2.628000e+00
    endloop
  endfacet
  facet normal 4.528452e-01 -8.909769e-01 3.303462e-02
    outer loop
      vertex 3.023819e-02 -1.756144e-01 2.628000e+00
      vertex 3.994986e-02 -1.809116e-01 2.352000e+00
      vertex 3.405047e-02 -1.736768e-01 2.628000e+00
    endloop
  endfacet
  facet normal 5.975002e-01 -8.011573e-01 3.377211e-02
    outer loop
      vertex 3.994986e-02 -1.809116e-01 2.352000e+00
      vertex 4.774345e-02 -1.750991e-01 2.352000e+00
      vertex 3.405047e-02 -1.736768e-01 2.628000e+00
    endloop
  endfacet
  facet normal 5.783340e-01 -8.151367e-01 3.289328e-02
    outer loop
      vertex 3.405047e-02 -1.736768e-01 2.628000e+00
      vertex 4.774345e-02 -1.750991e-01 2.352000e+00
      vertex 4.162515e-02 -1.683026e-01 2.628000e+00
    endloop
  endfacet
  facet normal 7.385900e-01 -6.733489e-01 3.295424e-02
    outer loop
      vertex 4.774345e-02 -1.750991e-01 2.352000e+00
      vertex 5.597829e-02 -1.660664e-01 2.352000e+00
      vertex 4.162515e-02 -1.683026e-01 2.628000e+00
    endloop
  endfacet
  facet normal 7.224236e-01 -6.907111e-01 3.197285e-02
    outer loop
      vertex 4.162515e-02 -1.683026e-01 2.628000e+00
      vertex 5.597829e-02 -1.660664e-01 2.352000e+00
      vertex 4.969424e-02 -1.598630e-01 2.628000e+00
    endloop
  endfacet
  facet normal 8.483699e-01 -5.284841e-01 3.119420e-02
    outer loop
      vertex 5.597829e-02 -1.660664e-01 2.352000e+00
      vertex 6.674261e-02 -1.487866e-01 2.352000e+00
      vertex 4.969424e-02 -1.598630e-01 2.628000e+00
    endloop
  endfacet
  facet normal 8.356282e-01 -5.484972e-01 2.960398e-02
    outer loop
      vertex 4.969424e-02 -1.598630e-01 2.628000e+00
      vertex 6.674261e-02 -1.487866e-01 2.352000e+00
      vertex 6.036597e-02 -1.436048e-01 2.628000e+00
    endloop
  endfacet
  facet normal 9.169643e-01 -3.979389e-01 2.865648e-02
    outer loop
      vertex 6.674261e-02 -1.487866e-01 2.352000e+00
      vertex 7.403410e-02 -1.319849e-01 2.352000e+00
      vertex 6.036597e-02 -1.436048e-01 2.628000e+00
    endloop
  endfacet
  facet normal 9.072965e-01 -4.196066e-01 2.726548e-02
    outer loop
      vertex 6.036597e-02 -1.436048e-01 2.628000e+00
      vertex 7.403410e-02 -1.319849e-01 2.352000e+00
      vertex 6.771030e-02 -1.277245e-01 2.628000e+00
    endloop
  endfacet
  facet normal 9.457031e-01 -3.239360e-01 2.666865e-02
    outer loop
      vertex 7.403410e-02 -1.319849e-01 2.352000e+00
      vertex 7.971320e-02 -1.154053e-01 2.352000e+00
      vertex 6.771030e-02 -1.277245e-01 2.628000e+00
    endloop
  endfacet
  facet normal 9.377810e-01 -3.463024e-01 2.532581e-02
    outer loop
      vertex 6.771030e-02 -1.277245e-01 2.628000e+00
      vertex 7.971320e-02 -1.154053e-01 2.352000e+00
      vertex 7.350976e-02 -1.120196e-01 2.628000e+00
    endloop
  endfacet
  facet normal 9.734147e-01 -2.277172e-01 2.467206e-02
    outer loop
      vertex 7.971320e-02 -1.154053e-01 2.352000e+00
      vertex 8.735051e-02 -8.275831e-02 2.352000e+00
      vertex 7.350976e-02 -1.120196e-01 2.628000e+00
    endloop
  endfacet
  facet normal 9.677973e-01 -2.507722e-01 2.194608e-02
    outer loop
      vertex 7.350976e-02 -1.120196e-01 2.628000e+00
      vertex 8.735051e-02 -8.275831e-02 2.352000e+00
      vertex 8.154360e-02 -8.101486e-02 2.628000e+00
    endloop
  endfacet
  facet normal 9.892110e-01 -1.448774e-01 2.172770e-02
    outer loop
      vertex 8.735051e-02 -8.275831e-02 2.352000e+00
      vertex 9.207312e-02 -5.051271e-02 2.352000e+00
      vertex 8.154360e-02 -8.101486e-02 2.628000e+00
    endloop
  endfacet
  facet normal 9.855486e-01 -1.683241e-01 1.899676e-02
    outer loop
      vertex 8.154360e-02 -8.101486e-02 2.628000e+00
      vertex 9.207312e-02 -5.051271e-02 2.352000e+00
      vertex 8.678480e-02 -5.032731e-02 2.628000e+00
    endloop
  endfacet
  facet normal 9.967916e-01 -7.771528e-02 1.915131e-02
    outer loop
      vertex 9.207312e-02 -5.051271e-02 2.352000e+00
      vertex 9.456319e-02 -1.857452e-02 2.352000e+00
      vertex 8.678480e-02 -5.032731e-02 2.628000e+00
    endloop
  endfacet
  facet normal 9.947154e-01 -1.013565e-01 1.637296e-02
    outer loop
      vertex 8.678480e-02 -5.032731e-02 2.628000e+00
      vertex 9.456319e-02 -1.857452e-02 2.352000e+00
      vertex 8.988695e-02 -1.988271e-02 2.628000e+00
    endloop
  endfacet
  facet normal 9.998379e-01 -6.182138e-03 1.691086e-02
    outer loop
      vertex 9.456319e-02 -1.857452e-02 2.352000e+00
      vertex 9.475872e-02 1.304773e-02 2.352000e+00
      vertex 8.988695e-02 -1.988271e-02 2.628000e+00
    endloop
  endfacet
  facet normal 9.994535e-01 -2.991211e-02 1.407278e-02
    outer loop
      vertex 8.988695e-02 -1.988271e-02 2.628000e+00
      vertex 9.475872e-02 1.304773e-02 2.352000e+00
      vertex 9.079064e-02 1.031218e-02 2.628000e+00
    endloop
  endfacet
  facet normal 9.973727e-01 7.086192e-02 1.504168e-02
    outer loop
      vertex 9.475872e-02 1.304773e-02 2.352000e+00
      vertex 9.253566e-02 4.433696e-02 2.352000e+00
      vertex 9.079064e-02 1.031218e-02 2.628000e+00
    endloop
  endfacet
  facet normal 9.988131e-01 4.717193e-02 1.213033e-02
    outer loop
      vertex 9.079064e-02 1.031218e-02 2.628000e+00
      vertex 9.253566e-02 4.433696e-02 2.352000e+00
      vertex 8.937702e-02 4.024387e-02 2.628000e+00
    endloop
  endfacet
  facet normal 9.908356e-01 1.344137e-01 1.333282e-02
    outer loop
      vertex 9.253566e-02 4.433696e-02 2.352000e+00
      vertex 8.832813e-02 7.535293e-02 2.352000e+00
      vertex 8.937702e-02 4.024387e-02 2.628000e+00
    endloop
  endfacet
  facet normal 9.937821e-01 1.108630e-01 1.032582e-02
    outer loop
      vertex 8.937702e-02 4.024387e-02 2.628000e+00
      vertex 8.832813e-02 7.535293e-02 2.352000e+00
      vertex 8.606204e-02 6.995960e-02 2.628000e+00
    endloop
  endfacet
  facet normal 9.814079e-01 1.915703e-01 1.180133e-02
    outer loop
      vertex 8.832813e-02 7.535293e-02 2.352000e+00
      vertex 8.232217e-02 1.061213e-01 2.352000e+00
      vertex 8.606204e-02 6.995960e-02 2.628000e+00
    endloop
  endfacet
  facet normal 9.857097e-01 1.682287e-01 8.684814e-03
    outer loop
      vertex 8.606204e-02 6.995960e-02 2.628000e+00
      vertex 8.232217e-02 1.061213e-01 2.352000e+00
      vertex 8.102393e-02 9.947961e-02 2.628000e+00
    endloop
  endfacet
  facet normal 9.707033e-01 2.400586e-01 1.034274e-02
    outer loop
      vertex 8.232217e-02 1.061213e-01 2.352000e+00
      vertex 7.476584e-02 1.366761e-01 2.352000e+00
      vertex 8.102393e-02 9.947961e-02 2.628000e+00
    endloop
  endfacet
  facet normal 9.761550e-01 2.169582e-01 7.105885e-03
    outer loop
      vertex 8.102393e-02 9.947961e-02 2.628000e+00
      vertex 7.476584e-02 1.366761e-01 2.352000e+00
      vertex 7.450037e-02 1.288309e-01 2.628000e+00
    endloop
  endfacet
  facet normal 9.594196e-01 2.818407e-01 8.934056e-03
    outer loop
      vertex 7.476584e-02 1.366761e-01 2.352000e+00
      vertex 6.584518e-02 1.670431e-01 2.352000e+00
      vertex 7.450037e-02 1.288309e-01 2.628000e+00
    endloop
  endfacet
  facet normal 9.658622e-01 2.589965e-01 5.569242e-03
    outer loop
      vertex 7.450037e-02 1.288309e-01 2.628000e+00
      vertex 6.584518e-02 1.670431e-01 2.352000e+00
      vertex 6.666962e-02 1.580337e-01 2.628000e+00
    endloop
  endfacet
  facet normal 9.465143e-01 3.225701e-01 7.702255e-03
    outer loop
      vertex 6.584518e-02 1.670431e-01 2.352000e+00
      vertex 5.556019e-02 1.972223e-01 2.352000e+00
      vertex 6.666962e-02 1.580337e-01 2.628000e+00
    endloop
  endfacet
  facet normal 9.539235e-01 3.000206e-01 4.202286e-03
    outer loop
      vertex 6.666962e-02 1.580337e-01 2.628000e+00
      vertex 5.556019e-02 1.972223e-01 2.352000e+00
      vertex 5.753167e-02 1.870881e-01 2.628000e+00
    endloop
  endfacet
  facet normal 9.341755e-01 3.567559e-01 6.426562e-03
    outer loop
      vertex 5.556019e-02 1.972223e-01 2.352000e+00
      vertex 4.409692e-02 2.272392e-01 2.352000e+00
      vertex 5.753167e-02 1.870881e-01 2.628000e+00
    endloop
  endfacet
  facet normal 9.423955e-01 3.344891e-01 2.787171e-03
    outer loop
      vertex 5.753167e-02 1.870881e-01 2.628000e+00
      vertex 4.409692e-02 2.272392e-01 2.352000e+00
      vertex 4.726478e-02 2.160142e-01 2.628000e+00
    endloop
  endfacet
  facet normal 9.222850e-01 3.864765e-01 5.132338e-03
    outer loop
      vertex 4.409692e-02 2.272392e-01 2.352000e+00
      vertex 3.157939e-02 2.571109e-01 2.352000e+00
      vertex 4.726478e-02 2.160142e-01 2.628000e+00
    endloop
  endfacet
  facet normal 9.312093e-01 3.644824e-01 1.350203e-03
    outer loop
      vertex 4.726478e-02 2.160142e-01 2.628000e+00
      vertex 3.157939e-02 2.571109e-01 2.352000e+00
      vertex 3.598779e-02 2.448256e-01 2.628000e+00
    endloop
  endfacet
  facet normal 9.142033e-01 4.052413e-01 3.436099e-03
    outer loop
      vertex 3.157939e-02 2.571109e-01 2.352000e+00
      vertex 1.837971e-02 2.868887e-01 2.352000e+00
      vertex 3.598779e-02 2.448256e-01 2.628000e+00
    endloop
  endfacet
  facet normal 9.235692e-01 3.834315e-01 -4.853048e-04
    outer loop
      vertex 3.598779e-02 2.448256e-01 2.628000e+00
      vertex 1.837971e-02 2.868887e-01 2.352000e+00
      vertex 2.405719e-02 2.735627e-01 2.628000e+00
    endloop
  endfacet
  facet normal 9.058378e-01 4.236207e-01 1.819884e-03
    outer loop
      vertex 1.837971e-02 2.868887e-01 2.352000e+00
      vertex 4.497858e-03 3.165726e-01 2.352000e+00
      vertex 2.405719e-02 2.735627e-01 2.628000e+00
    endloop
  endfacet
  facet normal 9.156362e-01 4.020017e-01 -2.243458e-03
    outer loop
      vertex 2.405719e-02 2.735627e-01 2.628000e+00
      vertex 4.497858e-03 3.165726e-01 2.352000e+00
      vertex 1.147301e-02 3.022256e-01 2.628000e+00
    endloop
  endfacet
  facet normal 8.995885e-01 4.367385e-01 -3.221690e-05
    outer loop
      vertex 4.497858e-03 3.165726e-01 2.352000e+00
      vertex -9.880112e-03 3.461882e-01 2.352000e+00
      vertex 1.147301e-02 3.022256e-01 2.628000e+00
    endloop
  endfacet
  facet normal 9.096926e-01 4.152607e-01 -4.235016e-03
    outer loop
      vertex 1.147301e-02 3.022256e-01 2.628000e+00
      vertex -9.880112e-03 3.461882e-01 2.352000e+00
      vertex -1.586527e-03 3.308345e-01 2.628000e+00
    endloop
  endfacet
  facet normal 8.940116e-01 4.480396e-01 -1.940353e-03
    outer loop
      vertex -9.880112e-03 3.461882e-01 2.352000e+00
      vertex -2.469219e-02 3.757439e-01 2.352000e+00
      vertex -1.586527e-03 3.308345e-01 2.628000e+00
    endloop
  endfacet
  facet normal 9.043775e-01 4.266871e-01 -6.282526e-03
    outer loop
      vertex -1.586527e-03 3.308345e-01 2.628000e+00
      vertex -2.469219e-02 3.757439e-01 2.352000e+00
      vertex -1.506199e-02 3.593962e-01 2.628000e+00
    endloop
  endfacet
  facet normal 8.907776e-01 4.544203e-01 -4.165339e-03
    outer loop
      vertex -2.469219e-02 3.757439e-01 2.352000e+00
      vertex -3.975232e-02 4.052656e-01 2.352000e+00
      vertex -1.506199e-02 3.593962e-01 2.628000e+00
    endloop
  endfacet
  facet normal 9.012862e-01 4.331380e-01 -8.642397e-03
    outer loop
      vertex -1.506199e-02 3.593962e-01 2.628000e+00
      vertex -3.975232e-02 4.052656e-01 2.352000e+00
      vertex -2.877512e-02 3.879309e-01 2.628000e+00
    endloop
  endfacet
  facet normal 8.322725e-01 5.543641e-01 1.716267e-03
    outer loop
      vertex -3.975232e-02 4.052656e-01 2.352000e+00
      vertex -5.902946e-02 4.342065e-01 2.352000e+00
      vertex -2.877512e-02 3.879309e-01 2.628000e+00
    endloop
  endfacet
  facet normal 8.451928e-01 5.344529e-01 -3.038440e-03
    outer loop
      vertex -2.877512e-02 3.879309e-01 2.628000e+00
      vertex -5.902946e-02 4.342065e-01 2.352000e+00
      vertex -4.652867e-02 4.160067e-01 2.628000e+00
    endloop
  endfacet
  facet normal -6.362062e-02 -9.976110e-01 2.692184e-02
    outer loop
      vertex 2.561727e-02 -1.860446e-01 2.352000e+00
      vertex 2.024644e-02 -1.782539e-01 2.628000e+00
      vertex 1.777597e-02 -1.855445e-01 2.352000e+00
    endloop
  endfacet
  facet normal -8.727986e-02 -9.958155e-01 2.708619e-02
    outer loop
      vertex 2.024644e-02 -1.782539e-01 2.628000e+00
      vertex 1.276931e-02 -1.775985e-01 2.628000e+00
      vertex 1.777597e-02 -1.855445e-01 2.352000e+00
    endloop
  endfacet
  facet normal -3.617878e-01 -9.320401e-01 2.027050e-02
    outer loop
      vertex 1.777597e-02 -1.855445e-01 2.352000e+00
      vertex 1.276931e-02 -1.775985e-01 2.628000e+00
      vertex 1.477182e-02 -1.843784e-01 2.352000e+00
    endloop
  endfacet
  facet normal -3.838101e-01 -9.231977e-01 1.989351e-02
    outer loop
      vertex 1.276931e-02 -1.775985e-01 2.628000e+00
      vertex 9.926778e-03 -1.764168e-01 2.628000e+00
      vertex 1.477182e-02 -1.843784e-01 2.352000e+00
    endloop
  endfacet
  facet normal -5.729144e-01 -8.195027e-01 1.358262e-02
    outer loop
      vertex 1.477182e-02 -1.843784e-01 2.352000e+00
      vertex 9.926778e-03 -1.764168e-01 2.628000e+00
      vertex 9.108186e-03 -1.804190e-01 2.352000e+00
    endloop
  endfacet
  facet normal -5.922044e-01 -8.056757e-01 1.343934e-02
    outer loop
      vertex 9.926778e-03 -1.764168e-01 2.628000e+00
      vertex 4.607763e-03 -1.725071e-01 2.628000e+00
      vertex 9.108186e-03 -1.804190e-01 2.352000e+00
    endloop
  endfacet
  facet normal -7.534912e-01 -6.574252e-01 6.559618e-03
    outer loop
      vertex 9.108186e-03 -1.804190e-01 2.352000e+00
      vertex 4.607763e-03 -1.725071e-01 2.628000e+00
      vertex 2.955580e-03 -1.733673e-01 2.352000e+00
    endloop
  endfacet
  facet normal -7.688823e-01 -6.393563e-01 6.595434e-03
    outer loop
      vertex 4.607763e-03 -1.725071e-01 2.628000e+00
      vertex -1.108111e-03 -1.656332e-01 2.628000e+00
      vertex 2.955580e-03 -1.733673e-01 2.352000e+00
    endloop
  endfacet
  facet normal -8.570677e-01 -5.152007e-01 1.817937e-03
    outer loop
      vertex 2.955580e-03 -1.733673e-01 2.352000e+00
      vertex -1.108111e-03 -1.656332e-01 2.628000e+00
      vertex -5.814784e-03 -1.587773e-01 2.352000e+00
    endloop
  endfacet
  facet normal -8.690528e-01 -4.947129e-01 2.531244e-03
    outer loop
      vertex -1.108111e-03 -1.656332e-01 2.628000e+00
      vertex -9.153035e-03 -1.515009e-01 2.628000e+00
      vertex -5.814784e-03 -1.587773e-01 2.352000e+00
    endloop
  endfacet
  facet normal -9.272873e-01 -3.743480e-01 -1.346391e-03
    outer loop
      vertex -5.814784e-03 -1.587773e-01 2.352000e+00
      vertex -9.153035e-03 -1.515009e-01 2.628000e+00
      vertex -1.185649e-02 -1.438115e-01 2.352000e+00
    endloop
  endfacet
  facet normal -9.359116e-01 -3.522344e-01 -6.458296e-04
    outer loop
      vertex -9.153035e-03 -1.515009e-01 2.628000e+00
      vertex -1.458357e-02 -1.370716e-01 2.628000e+00
      vertex -1.185649e-02 -1.438115e-01 2.352000e+00
    endloop
  endfacet
  facet normal -9.543600e-01 -2.986510e-01 -2.136631e-03
    outer loop
      vertex -1.185649e-02 -1.438115e-01 2.352000e+00
      vertex -1.458357e-02 -1.370716e-01 2.628000e+00
      vertex -1.659589e-02 -1.286665e-01 2.352000e+00
    endloop
  endfacet
  facet normal -9.611807e-01 -2.759162e-01 -1.394554e-03
    outer loop
      vertex -1.458357e-02 -1.370716e-01 2.628000e+00
      vertex -1.876633e-02 -1.225005e-01 2.628000e+00
      vertex -1.659589e-02 -1.286665e-01 2.352000e+00
    endloop
  endfacet
  facet normal -9.726226e-01 -2.323773e-01 -2.457208e-03
    outer loop
      vertex -1.659589e-02 -1.286665e-01 2.352000e+00
      vertex -1.876633e-02 -1.225005e-01 2.628000e+00
      vertex -2.390416e-02 -9.807744e-02 2.352000e+00
    endloop
  endfacet
  facet normal -9.778668e-01 -2.092280e-01 -3.111168e-04
    outer loop
      vertex -1.876633e-02 -1.225005e-01 2.628000e+00
      vertex -2.505221e-02 -9.312223e-02 2.628000e+00
      vertex -2.390416e-02 -9.807744e-02 2.352000e+00
    endloop
  endfacet
  facet normal -9.836988e-01 -1.798219e-01 -8.633226e-04
    outer loop
      vertex -2.390416e-02 -9.807744e-02 2.352000e+00
      vertex -2.505221e-02 -9.312223e-02 2.628000e+00
      vertex -2.953804e-02 -6.725787e-02 2.352000e+00
    endloop
  endfacet
  facet normal -9.876890e-01 -1.564238e-01 1.394201e-03
    outer loop
      vertex -2.505221e-02 -9.312223e-02 2.628000e+00
      vertex -2.973381e-02 -6.356173e-02 2.628000e+00
      vertex -2.953804e-02 -6.725787e-02 2.352000e+00
    endloop
  endfacet
  facet normal -9.903774e-01 -1.383881e-01 1.150764e-03
    outer loop
      vertex -2.953804e-02 -6.725787e-02 2.352000e+00
      vertex -2.973381e-02 -6.356173e-02 2.628000e+00
      vertex -3.386960e-02 -3.625898e-02 2.352000e+00
    endloop
  endfacet
  facet normal -9.933774e-01 -1.148427e-01 3.524909e-03
    outer loop
      vertex -2.973381e-02 -6.356173e-02 2.628000e+00
      vertex -3.316764e-02 -3.385950e-02 2.628000e+00
      vertex -3.386960e-02 -3.625898e-02 2.352000e+00
    endloop
  endfacet
  facet normal -9.947101e-01 -1.026651e-01 3.422429e-03
    outer loop
      vertex -3.386960e-02 -3.625898e-02 2.352000e+00
      vertex -3.316764e-02 -3.385950e-02 2.628000e+00
      vertex -3.708489e-02 -5.106377e-03 2.352000e+00
    endloop
  endfacet
  facet normal -9.968550e-01 -7.902655e-02 5.915486e-03
    outer loop
      vertex -3.316764e-02 -3.385950e-02 2.628000e+00
      vertex -3.553194e-02 -4.035789e-03 2.628000e+00
      vertex -3.708489e-02 -5.106377e-03 2.352000e+00
    endloop
  endfacet
  facet normal -9.963823e-01 -8.477723e-02 5.935133e-03
    outer loop
      vertex -3.708489e-02 -5.106377e-03 2.352000e+00
      vertex -3.553194e-02 -4.035789e-03 2.628000e+00
      vertex -3.974205e-02 2.612307e-02 2.352000e+00
    endloop
  endfacet
  facet normal -9.980948e-01 -6.110380e-02 8.548081e-03
    outer loop
      vertex -3.553194e-02 -4.035789e-03 2.628000e+00
      vertex -3.736148e-02 2.584866e-02 2.628000e+00
      vertex -3.974205e-02 2.612307e-02 2.352000e+00
    endloop
  endfacet
  facet normal -9.970080e-01 -7.682708e-02 8.523074e-03
    outer loop
      vertex -3.974205e-02 2.612307e-02 2.352000e+00
      vertex -3.736148e-02 2.584866e-02 2.628000e+00
      vertex -4.215115e-02 5.738668e-02 2.352000e+00
    endloop
  endfacet
  facet normal -9.985236e-01 -5.314077e-02 1.125597e-02
    outer loop
      vertex -3.736148e-02 2.584866e-02 2.628000e+00
      vertex -3.895334e-02 5.576010e-02 2.628000e+00
      vertex -4.215115e-02 5.738668e-02 2.352000e+00
    endloop
  endfacet
  facet normal -9.968279e-01 -7.881205e-02 1.108503e-02
    outer loop
      vertex -4.215115e-02 5.738668e-02 2.352000e+00
      vertex -3.895334e-02 5.576010e-02 2.628000e+00
      vertex -4.462226e-02 8.864175e-02 2.352000e+00
    endloop
  endfacet
  facet normal -9.983820e-01 -5.512891e-02 1.393847e-02
    outer loop
      vertex -3.895334e-02 5.576010e-02 2.628000e+00
      vertex -4.060463e-02 8.566479e-02 2.628000e+00
      vertex -4.462226e-02 8.864175e-02 2.352000e+00
    endloop
  endfacet
  facet normal -9.971016e-01 -7.483599e-02 1.370727e-02
    outer loop
      vertex -4.462226e-02 8.864175e-02 2.352000e+00
      vertex -4.060463e-02 8.566479e-02 2.628000e+00
      vertex -4.696935e-02 1.199139e-01 2.352000e+00
    endloop
  endfacet
  facet normal -9.985518e-01 -5.114714e-02 1.668029e-02
    outer loop
      vertex -4.060463e-02 8.566479e-02 2.628000e+00
      vertex -4.213708e-02 1.155830e-01 2.628000e+00
      vertex -4.696935e-02 1.199139e-01 2.352000e+00
    endloop
  endfacet
  facet normal -9.969126e-01 -7.681973e-02 1.624874e-02
    outer loop
      vertex -4.696935e-02 1.199139e-01 2.352000e+00
      vertex -4.213708e-02 1.155830e-01 2.628000e+00
      vertex -4.937845e-02 1.511775e-01 2.352000e+00
    endloop
  endfacet
  facet normal -9.984000e-01 -5.313419e-02 1.934239e-02
    outer loop
      vertex -4.213708e-02 1.155830e-01 2.628000e+00
      vertex -4.372895e-02 1.454944e-01 2.628000e+00
      vertex -4.937845e-02 1.511775e-01 2.352000e+00
    endloop
  endfacet
  facet normal -9.971641e-01 -7.284334e-02 1.891126e-02
    outer loop
      vertex -4.937845e-02 1.511775e-01 2.352000e+00
      vertex -4.372895e-02 1.454944e-01 2.628000e+00
      vertex -5.166352e-02 1.824582e-01 2.352000e+00
    endloop
  endfacet
  facet normal -9.985462e-01 -4.915264e-02 2.212381e-02
    outer loop
      vertex -4.372895e-02 1.454944e-01 2.628000e+00
      vertex -4.520198e-02 1.754194e-01 2.628000e+00
      vertex -5.166352e-02 1.824582e-01 2.352000e+00
    endloop
  endfacet
  facet normal -9.972541e-01 -7.085349e-02 2.154013e-02
    outer loop
      vertex -5.166352e-02 1.824582e-01 2.352000e+00
      vertex -4.520198e-02 1.754194e-01 2.628000e+00
      vertex -5.388657e-02 2.137474e-01 2.352000e+00
    endloop
  endfacet
  facet normal -9.985776e-01 -4.716081e-02 2.487197e-02
    outer loop
      vertex -4.520198e-02 1.754194e-01 2.628000e+00
      vertex -4.661559e-02 2.053511e-01 2.628000e+00
      vertex -5.388657e-02 2.137474e-01 2.352000e+00
    endloop
  endfacet
  facet normal -9.974666e-01 -6.687815e-02 2.424286e-02
    outer loop
      vertex -5.388657e-02 2.137474e-01 2.352000e+00
      vertex -4.661559e-02 2.053511e-01 2.628000e+00
      vertex -5.598560e-02 2.450537e-01 2.352000e+00
    endloop
  endfacet
  facet normal -9.986834e-01 -4.318132e-02 2.769297e-02
    outer loop
      vertex -4.661559e-02 2.053511e-01 2.628000e+00
      vertex -4.791037e-02 2.352962e-01 2.628000e+00
      vertex -5.598560e-02 2.450537e-01 2.352000e+00
    endloop
  endfacet
  facet normal -9.977764e-01 -6.091957e-02 2.703933e-02
    outer loop
      vertex -5.598560e-02 2.450537e-01 2.352000e+00
      vertex -4.791037e-02 2.352962e-01 2.628000e+00
      vertex -5.789858e-02 2.763856e-01 2.352000e+00
    endloop
  endfacet
  facet normal -9.988384e-01 -3.721710e-02 3.060646e-02
    outer loop
      vertex -4.791037e-02 2.352962e-01 2.628000e+00
      vertex -4.902689e-02 2.652617e-01 2.628000e+00
      vertex -5.789858e-02 2.763856e-01 2.352000e+00
    endloop
  endfacet
  facet normal -9.981463e-01 -5.298192e-02 2.994882e-02
    outer loop
      vertex -5.789858e-02 2.763856e-01 2.352000e+00
      vertex -4.902689e-02 2.652617e-01 2.628000e+00
      vertex -5.956350e-02 3.077517e-01 2.352000e+00
    endloop
  endfacet
  facet normal -9.990055e-01 -2.927331e-02 3.363155e-02
    outer loop
      vertex -4.902689e-02 2.652617e-01 2.628000e+00
      vertex -4.990574e-02 2.952541e-01 2.628000e+00
      vertex -5.956350e-02 3.077517e-01 2.352000e+00
    endloop
  endfacet
  facet normal -9.982623e-01 -4.901400e-02 3.271166e-02
    outer loop
      vertex -5.956350e-02 3.077517e-01 2.352000e+00
      vertex -4.990574e-02 2.952541e-01 2.628000e+00
      vertex -6.110439e-02 3.391349e-01 2.352000e+00
    endloop
  endfacet
  facet normal -9.990128e-01 -2.530385e-02 3.651175e-02
    outer loop
      vertex -4.990574e-02 2.952541e-01 2.628000e+00
      vertex -5.066576e-02 3.252600e-01 2.628000e+00
      vertex -6.110439e-02 3.391349e-01 2.352000e+00
    endloop
  endfacet
  facet normal -9.983540e-01 -4.504838e-02 3.549425e-02
    outer loop
      vertex -6.110439e-02 3.391349e-01 2.352000e+00
      vertex -5.066576e-02 3.252600e-01 2.628000e+00
      vertex -6.252125e-02 3.705351e-01 2.352000e+00
    endloop
  endfacet
  facet normal -9.989952e-01 -2.133737e-02 3.941135e-02
    outer loop
      vertex -5.066576e-02 3.252600e-01 2.628000e+00
      vertex -5.130694e-02 3.552795e-01 2.628000e+00
      vertex -6.252125e-02 3.705351e-01 2.352000e+00
    endloop
  endfacet
  facet normal -9.984214e-01 -4.108535e-02 3.829649e-02
    outer loop
      vertex -6.252125e-02 3.705351e-01 2.352000e+00
      vertex -5.130694e-02 3.552795e-01 2.628000e+00
      vertex -6.381409e-02 4.019524e-01 2.352000e+00
    endloop
  endfacet
  facet normal -9.989526e-01 -1.737416e-02 4.233023e-02
    outer loop
      vertex -5.130694e-02 3.552795e-01 2.628000e+00
      vertex -5.182928e-02 3.853124e-01 2.628000e+00
      vertex -6.381409e-02 4.019524e-01 2.352000e+00
    endloop
  endfacet
  facet normal -9.878513e-01 1.465393e-01 5.173051e-02
    outer loop
      vertex -6.381409e-02 4.019524e-01 2.352000e+00
      vertex -5.182928e-02 3.853124e-01 2.628000e+00
      vertex -5.902946e-02 4.342065e-01 2.352000e+00
    endloop
  endfacet
  facet normal -9.838810e-01 1.699069e-01 5.576658e-02
    outer loop
      vertex -5.182928e-02 3.853124e-01 2.628000e+00
      vertex -4.652867e-02 4.160067e-01 2.628000e+00
      vertex -5.902946e-02 4.342065e-01 2.352000e+00
    endloop
  endfacet
  facet normal 2.552771e-01 -9.663455e-01 3.178161e-02
    outer loop
      vertex 2.024644e-02 -1.782539e-01 2.628000e+00
      vertex 3.023819e-02 -1.756144e-01 2.628000e+00
      vertex 1.609252e-02 -1.702411e-01 2.905000e+00
    endloop
  endfacet
  facet normal 2.370239e-01 -9.710110e-01 3.093997e-02
    outer loop
      vertex 1.609252e-02 -1.702411e-01 2.905000e+00
      vertex 3.023819e-02 -1.756144e-01 2.628000e+00
      vertex 2.566216e-02 -1.679051e-01 2.905000e+00
    endloop
  endfacet
  facet normal 4.528564e-01 -8.909990e-01 3.227869e-02
    outer loop
      vertex 3.023819e-02 -1.756144e-01 2.628000e+00
      vertex 3.405047e-02 -1.736768e-01 2.628000e+00
      vertex 2.566216e-02 -1.679051e-01 2.905000e+00
    endloop
  endfacet
  facet normal 4.359868e-01 -8.993860e-01 3.194258e-02
    outer loop
      vertex 2.566216e-02 -1.679051e-01 2.905000e+00
      vertex 3.405047e-02 -1.736768e-01 2.628000e+00
      vertex 2.933011e-02 -1.661271e-01 2.905000e+00
    endloop
  endfacet
  facet normal 5.783494e-01 -8.151584e-01 3.207295e-02
    outer loop
      vertex 3.405047e-02 -1.736768e-01 2.628000e+00
      vertex 4.162515e-02 -1.683026e-01 2.628000e+00
      vertex 2.933011e-02 -1.661271e-01 2.905000e+00
    endloop
  endfacet
  facet normal 5.628930e-01 -8.259304e-01 3.147149e-02
    outer loop
      vertex 2.933011e-02 -1.661271e-01 2.905000e+00
      vertex 4.162515e-02 -1.683026e-01 2.628000e+00
      vertex 3.664539e-02 -1.611415e-01 2.905000e+00
    endloop
  endfacet
  facet normal 7.224492e-01 -6.907356e-01 3.084483e-02
    outer loop
      vertex 4.162515e-02 -1.683026e-01 2.628000e+00
      vertex 4.969424e-02 -1.598630e-01 2.628000e+00
      vertex 3.664539e-02 -1.611415e-01 2.905000e+00
    endloop
  endfacet
  facet normal 7.093163e-01 -7.042446e-01 3.016382e-02
    outer loop
      vertex 3.664539e-02 -1.611415e-01 2.905000e+00
      vertex 4.969424e-02 -1.598630e-01 2.628000e+00
      vertex 4.448692e-02 -1.532435e-01 2.905000e+00
    endloop
  endfacet
  facet normal 8.356474e-01 -5.485098e-01 2.881711e-02
    outer loop
      vertex 4.969424e-02 -1.598630e-01 2.628000e+00
      vertex 6.036597e-02 -1.436048e-01 2.628000e+00
      vertex 4.448692e-02 -1.532435e-01 2.905000e+00
    endloop
  endfacet
  facet normal 8.251871e-01 -5.641813e-01 2.767215e-02
    outer loop
      vertex 4.448692e-02 -1.532435e-01 2.905000e+00
      vertex 6.036597e-02 -1.436048e-01 2.628000e+00
      vertex 5.494926e-02 -1.379410e-01 2.905000e+00
    endloop
  endfacet
  facet normal 9.073194e-01 -4.196172e-01 2.632237e-02
    outer loop
      vertex 6.036597e-02 -1.436048e-01 2.628000e+00
      vertex 6.771030e-02 -1.277245e-01 2.628000e+00
      vertex 5.494926e-02 -1.379410e-01 2.905000e+00
    endloop
  endfacet
  facet normal 8.992723e-01 -4.366555e-01 2.532323e-02
    outer loop
      vertex 5.494926e-02 -1.379410e-01 2.905000e+00
      vertex 6.771030e-02 -1.277245e-01 2.628000e+00
      vertex 6.223377e-02 -1.229389e-01 2.905000e+00
    endloop
  endfacet
  facet normal 9.377998e-01 -3.463093e-01 2.452410e-02
    outer loop
      vertex 6.771030e-02 -1.277245e-01 2.628000e+00
      vertex 7.350976e-02 -1.120196e-01 2.628000e+00
      vertex 6.223377e-02 -1.229389e-01 2.905000e+00
    endloop
  endfacet
  facet normal 9.311274e-01 -3.639323e-01 2.355779e-02
    outer loop
      vertex 6.223377e-02 -1.229389e-01 2.905000e+00
      vertex 7.350976e-02 -1.120196e-01 2.628000e+00
      vertex 6.804285e-02 -1.080762e-01 2.905000e+00
    endloop
  endfacet
  facet normal 9.677817e-01 -2.507682e-01 2.267020e-02
    outer loop
      vertex 7.350976e-02 -1.120196e-01 2.628000e+00
      vertex 8.154360e-02 -8.101486e-02 2.628000e+00
      vertex 6.804285e-02 -1.080762e-01 2.905000e+00
    endloop
  endfacet
  facet normal 9.629252e-01 -2.689766e-01 2.065464e-02
    outer loop
      vertex 6.804285e-02 -1.080762e-01 2.905000e+00
      vertex 8.154360e-02 -8.101486e-02 2.628000e+00
      vertex 7.625619e-02 -7.867281e-02 2.905000e+00
    endloop
  endfacet
  facet normal 9.855247e-01 -1.683200e-01 2.023497e-02
    outer loop
      vertex 8.154360e-02 -8.101486e-02 2.628000e+00
      vertex 8.678480e-02 -5.032731e-02 2.628000e+00
      vertex 7.625619e-02 -7.867281e-02 2.905000e+00
    endloop
  endfacet
  facet normal 9.822153e-01 -1.868730e-01 1.821064e-02
    outer loop
      vertex 7.625619e-02 -7.867281e-02 2.905000e+00
      vertex 8.678480e-02 -5.032731e-02 2.628000e+00
      vertex 8.180243e-02 -4.952149e-02 2.905000e+00
    endloop
  endfacet
  facet normal 9.946843e-01 -1.013533e-01 1.818614e-02
    outer loop
      vertex 8.678480e-02 -5.032731e-02 2.628000e+00
      vertex 8.988695e-02 -1.988271e-02 2.628000e+00
      vertex 8.180243e-02 -4.952149e-02 2.905000e+00
    endloop
  endfacet
  facet normal 9.926324e-01 -1.200878e-01 1.612168e-02
    outer loop
      vertex 8.180243e-02 -4.952149e-02 2.905000e+00
      vertex 8.988695e-02 -1.988271e-02 2.628000e+00
      vertex 8.530577e-02 -2.056328e-02 2.905000e+00
    endloop
  endfacet
  facet normal 9.994171e-01 -2.991103e-02 1.645544e-02
    outer loop
      vertex 8.988695e-02 -1.988271e-02 2.628000e+00
      vertex 9.079064e-02 1.031218e-02 2.628000e+00
      vertex 8.530577e-02 -2.056328e-02 2.905000e+00
    endloop
  endfacet
  facet normal 9.987083e-01 -4.874475e-02 1.434213e-02
    outer loop
      vertex 8.530577e-02 -2.056328e-02 2.905000e+00
      vertex 9.079064e-02 1.031218e-02 2.628000e+00
      vertex 8.670946e-02 8.196458e-03 2.905000e+00
    endloop
  endfacet
  facet normal 9.987731e-01 4.717004e-02 1.507568e-02
    outer loop
      vertex 9.079064e-02 1.031218e-02 2.628000e+00
      vertex 8.937702e-02 4.024387e-02 2.628000e+00
      vertex 8.670946e-02 8.196458e-03 2.905000e+00
    endloop
  endfacet
  facet normal 9.995151e-01 2.833721e-02 1.290397e-02
    outer loop
      vertex 8.670946e-02 8.196458e-03 2.905000e+00
      vertex 8.937702e-02 4.024387e-02 2.628000e+00
      vertex 8.590003e-02 3.674699e-02 2.905000e+00
    endloop
  endfacet
  facet normal 9.937394e-01 1.108583e-01 1.387323e-02
    outer loop
      vertex 8.937702e-02 4.024387e-02 2.628000e+00
      vertex 8.606204e-02 6.995960e-02 2.628000e+00
      vertex 8.590003e-02 3.674699e-02 2.905000e+00
    endloop
  endfacet
  facet normal 9.956809e-01 9.211078e-02 1.162652e-02
    outer loop
      vertex 8.590003e-02 3.674699e-02 2.905000e+00
      vertex 8.606204e-02 6.995960e-02 2.628000e+00
      vertex 8.327469e-02 6.512587e-02 2.905000e+00
    endloop
  endfacet
  facet normal 9.856655e-01 1.682211e-01 1.285388e-02
    outer loop
      vertex 8.606204e-02 6.995960e-02 2.628000e+00
      vertex 8.102393e-02 9.947961e-02 2.628000e+00
      vertex 8.327469e-02 6.512587e-02 2.905000e+00
    endloop
  endfacet
  facet normal 9.886880e-01 1.496171e-01 1.052204e-02
    outer loop
      vertex 8.327469e-02 6.512587e-02 2.905000e+00
      vertex 8.102393e-02 9.947961e-02 2.628000e+00
      vertex 7.900369e-02 9.334919e-02 2.905000e+00
    endloop
  endfacet
  facet normal 9.761103e-01 2.169483e-01 1.192044e-02
    outer loop
      vertex 8.102393e-02 9.947961e-02 2.628000e+00
      vertex 7.450037e-02 1.288309e-01 2.628000e+00
      vertex 7.900369e-02 9.334919e-02 2.905000e+00
    endloop
  endfacet
  facet normal 9.800515e-01 1.985167e-01 9.495420e-03
    outer loop
      vertex 7.900369e-02 9.334919e-02 2.905000e+00
      vertex 7.450037e-02 1.288309e-01 2.628000e+00
      vertex 7.331401e-02 1.214384e-01 2.905000e+00
    endloop
  endfacet
  facet normal 9.658182e-01 2.589847e-01 1.104821e-02
    outer loop
      vertex 7.450037e-02 1.288309e-01 2.628000e+00
      vertex 6.666962e-02 1.580337e-01 2.628000e+00
      vertex 7.331401e-02 1.214384e-01 2.905000e+00
    endloop
  endfacet
  facet normal 9.705521e-01 2.407405e-01 8.524362e-03
    outer loop
      vertex 7.331401e-02 1.214384e-01 2.905000e+00
      vertex 6.666962e-02 1.580337e-01 2.628000e+00
      vertex 6.637589e-02 1.494096e-01 2.905000e+00
    endloop
  endfacet
  facet normal 9.538808e-01 3.000072e-01 1.035189e-02
    outer loop
      vertex 6.666962e-02 1.580337e-01 2.628000e+00
      vertex 5.753167e-02 1.870881e-01 2.628000e+00
      vertex 6.637589e-02 1.494096e-01 2.905000e+00
    endloop
  endfacet
  facet normal 9.593888e-01 2.819814e-01 7.724106e-03
    outer loop
      vertex 6.637589e-02 1.494096e-01 2.905000e+00
      vertex 5.753167e-02 1.870881e-01 2.628000e+00
      vertex 5.818934e-02 1.772628e-01 2.905000e+00
    endloop
  endfacet
  facet normal 9.423555e-01 3.344749e-01 9.626504e-03
    outer loop
      vertex 5.753167e-02 1.870881e-01 2.628000e+00
      vertex 4.726478e-02 2.160142e-01 2.628000e+00
      vertex 5.818934e-02 1.772628e-01 2.905000e+00
    endloop
  endfacet
  facet normal 9.485138e-01 3.166607e-01 6.891478e-03
    outer loop
      vertex 5.818934e-02 1.772628e-01 2.905000e+00
      vertex 4.726478e-02 2.160142e-01 2.628000e+00
      vertex 4.892460e-02 2.050141e-01 2.905000e+00
    endloop
  endfacet
  facet normal 9.311733e-01 3.644683e-01 8.893900e-03
    outer loop
      vertex 4.726478e-02 2.160142e-01 2.628000e+00
      vertex 3.598779e-02 2.448256e-01 2.628000e+00
      vertex 4.892460e-02 2.050141e-01 2.905000e+00
    endloop
  endfacet
  facet normal 9.378975e-01 3.468597e-01 6.049093e-03
    outer loop
      vertex 4.892460e-02 2.050141e-01 2.905000e+00
      vertex 3.598779e-02 2.448256e-01 2.628000e+00
      vertex 3.869516e-02 2.326742e-01 2.905000e+00
    endloop
  endfacet
  facet normal 9.235413e-01 3.834199e-01 7.793226e-03
    outer loop
      vertex 3.598779e-02 2.448256e-01 2.628000e+00
      vertex 2.405719e-02 2.735627e-01 2.628000e+00
      vertex 3.869516e-02 2.326742e-01 2.905000e+00
    endloop
  endfacet
  facet normal 9.306214e-01 3.659513e-01 4.840500e-03
    outer loop
      vertex 3.869516e-02 2.326742e-01 2.905000e+00
      vertex 2.405719e-02 2.735627e-01 2.628000e+00
      vertex 2.784150e-02 2.602752e-01 2.905000e+00
    endloop
  endfacet
  facet normal 9.156175e-01 4.019935e-01 6.774399e-03
    outer loop
      vertex 2.405719e-02 2.735627e-01 2.628000e+00
      vertex 1.147301e-02 3.022256e-01 2.628000e+00
      vertex 2.784150e-02 2.602752e-01 2.905000e+00
    endloop
  endfacet
  facet normal 9.230466e-01 3.846703e-01 3.711877e-03
    outer loop
      vertex 2.784150e-02 2.602752e-01 2.905000e+00
      vertex 1.147301e-02 3.022256e-01 2.628000e+00
      vertex 1.636362e-02 2.878173e-01 2.905000e+00
    endloop
  endfacet
  facet normal 9.096868e-01 4.152580e-01 5.538795e-03
    outer loop
      vertex 1.147301e-02 3.022256e-01 2.628000e+00
      vertex -1.586527e-03 3.308345e-01 2.628000e+00
      vertex 1.636362e-02 2.878173e-01 2.905000e+00
    endloop
  endfacet
  facet normal 9.173637e-01 3.980431e-01 2.367889e-03
    outer loop
      vertex 1.636362e-02 2.878173e-01 2.905000e+00
      vertex -1.586527e-03 3.308345e-01 2.628000e+00
      vertex 4.431769e-03 3.153165e-01 2.905000e+00
    endloop
  endfacet
  facet normal 9.043871e-01 4.266917e-01 4.254779e-03
    outer loop
      vertex -1.586527e-03 3.308345e-01 2.628000e+00
      vertex -1.506199e-02 3.593962e-01 2.628000e+00
      vertex 4.431769e-03 3.153165e-01 2.905000e+00
    endloop
  endfacet
  facet normal 9.122768e-01 4.095731e-01 9.754229e-04
    outer loop
      vertex 4.431769e-03 3.153165e-01 2.905000e+00
      vertex -1.506199e-02 3.593962e-01 2.628000e+00
      vertex -7.897313e-03 3.427781e-01 2.905000e+00
    endloop
  endfacet
  facet normal 9.013166e-01 4.331526e-01 2.673522e-03
    outer loop
      vertex -1.506199e-02 3.593962e-01 2.628000e+00
      vertex -2.877512e-02 3.879309e-01 2.628000e+00
      vertex -7.897313e-03 3.427781e-01 2.905000e+00
    endloop
  endfacet
  facet normal 9.093238e-01 4.160886e-01 -7.115287e-04
    outer loop
      vertex -7.897313e-03 3.427781e-01 2.905000e+00
      vertex -2.877512e-02 3.879309e-01 2.628000e+00
      vertex -2.045338e-02 3.702182e-01 2.905000e+00
    endloop
  endfacet
  facet normal 8.451641e-01 5.344347e-01 8.783597e-03
    outer loop
      vertex -2.877512e-02 3.879309e-01 2.628000e+00
      vertex -4.652867e-02 4.160067e-01 2.628000e+00
      vertex -2.045338e-02 3.702182e-01 2.905000e+00
    endloop
  endfacet
  facet normal 8.551086e-01 5.184228e-01 5.200670e-03
    outer loop
      vertex -2.045338e-02 3.702182e-01 2.905000e+00
      vertex -4.652867e-02 4.160067e-01 2.628000e+00
      vertex -3.686825e-02 3.972936e-01 2.905000e+00
    endloop
  endfacet
  facet normal -8.727888e-02 -9.958044e-01 2.749677e-02
    outer loop
      vertex 2.024644e-02 -1.782539e-01 2.628000e+00
      vertex 1.609252e-02 -1.702411e-01 2.905000e+00
      vertex 1.276931e-02 -1.775985e-01 2.628000e+00
    endloop
  endfacet
  facet normal -1.060322e-01 -9.939775e-01 2.767324e-02
    outer loop
      vertex 1.609252e-02 -1.702411e-01 2.905000e+00
      vertex 8.978532e-03 -1.694822e-01 2.905000e+00
      vertex 1.276931e-02 -1.775985e-01 2.628000e+00
    endloop
  endfacet
  facet normal -3.837949e-01 -9.231611e-01 2.179705e-02
    outer loop
      vertex 1.276931e-02 -1.775985e-01 2.628000e+00
      vertex 8.978532e-03 -1.694822e-01 2.905000e+00
      vertex 9.926778e-03 -1.764168e-01 2.628000e+00
    endloop
  endfacet
  facet normal -4.011290e-01 -9.157680e-01 2.155263e-02
    outer loop
      vertex 8.978532e-03 -1.694822e-01 2.905000e+00
      vertex 6.290812e-03 -1.683049e-01 2.905000e+00
      vertex 9.926778e-03 -1.764168e-01 2.628000e+00
    endloop
  endfacet
  facet normal -5.921838e-01 -8.056476e-01 1.581996e-02
    outer loop
      vertex 9.926778e-03 -1.764168e-01 2.628000e+00
      vertex 6.290812e-03 -1.683049e-01 2.905000e+00
      vertex 4.607763e-03 -1.725071e-01 2.628000e+00
    endloop
  endfacet
  facet normal -6.072646e-01 -7.943437e-01 1.574011e-02
    outer loop
      vertex 6.290812e-03 -1.683049e-01 2.905000e+00
      vertex 1.291989e-03 -1.644834e-01 2.905000e+00
      vertex 4.607763e-03 -1.725071e-01 2.628000e+00
    endloop
  endfacet
  facet normal -7.688657e-01 -6.393425e-01 9.315871e-03
    outer loop
      vertex 4.607763e-03 -1.725071e-01 2.628000e+00
      vertex 1.291989e-03 -1.644834e-01 2.905000e+00
      vertex -1.108111e-03 -1.656332e-01 2.628000e+00
    endloop
  endfacet
  facet normal -7.807794e-01 -6.247367e-01 9.358470e-03
    outer loop
      vertex 1.291989e-03 -1.644834e-01 2.905000e+00
      vertex -4.031789e-03 -1.578299e-01 2.905000e+00
      vertex -1.108111e-03 -1.656332e-01 2.628000e+00
    endloop
  endfacet
  facet normal -8.690457e-01 -4.947089e-01 4.763826e-03
    outer loop
      vertex -1.108111e-03 -1.656332e-01 2.628000e+00
      vertex -4.031789e-03 -1.578299e-01 2.905000e+00
      vertex -9.153035e-03 -1.515009e-01 2.628000e+00
    endloop
  endfacet
  facet normal -8.782134e-01 -4.782395e-01 5.309619e-03
    outer loop
      vertex -4.031789e-03 -1.578299e-01 2.905000e+00
      vertex -1.144477e-02 -1.442171e-01 2.905000e+00
      vertex -9.153035e-03 -1.515009e-01 2.628000e+00
    endloop
  endfacet
  facet normal -9.359107e-01 -3.522340e-01 1.518921e-03
    outer loop
      vertex -9.153035e-03 -1.515009e-01 2.628000e+00
      vertex -1.144477e-02 -1.442171e-01 2.905000e+00
      vertex -1.458357e-02 -1.370716e-01 2.628000e+00
    endloop
  endfacet
  facet normal -9.423826e-01 -3.345307e-01 2.048935e-03
    outer loop
      vertex -1.144477e-02 -1.442171e-01 2.905000e+00
      vertex -1.636087e-02 -1.303683e-01 2.905000e+00
      vertex -1.458357e-02 -1.370716e-01 2.628000e+00
    endloop
  endfacet
  facet normal -9.611815e-01 -2.759164e-01 5.098767e-04
    outer loop
      vertex -1.458357e-02 -1.370716e-01 2.628000e+00
      vertex -1.636087e-02 -1.303683e-01 2.905000e+00
      vertex -1.876633e-02 -1.225005e-01 2.628000e+00
    endloop
  endfacet
  facet normal -9.662109e-01 -2.577505e-01 1.069526e-03
    outer loop
      vertex -1.636087e-02 -1.303683e-01 2.905000e+00
      vertex -2.008529e-02 -1.164068e-01 2.905000e+00
      vertex -1.876633e-02 -1.225005e-01 2.628000e+00
    endloop
  endfacet
  facet normal -9.778669e-01 -2.092280e-01 -5.341928e-05
    outer loop
      vertex -1.876633e-02 -1.225005e-01 2.628000e+00
      vertex -2.008529e-02 -1.164068e-01 2.905000e+00
      vertex -2.505221e-02 -9.312223e-02 2.628000e+00
    endloop
  endfacet
  facet normal -9.816356e-01 -1.907593e-01 1.566631e-03
    outer loop
      vertex -2.008529e-02 -1.164068e-01 2.905000e+00
      vertex -2.554798e-02 -8.829614e-02 2.905000e+00
      vertex -2.505221e-02 -9.312223e-02 2.628000e+00
    endloop
  endfacet
  facet normal -9.876896e-01 -1.564239e-01 9.575793e-04
    outer loop
      vertex -2.505221e-02 -9.312223e-02 2.628000e+00
      vertex -2.554798e-02 -8.829614e-02 2.905000e+00
      vertex -2.973381e-02 -6.356173e-02 2.628000e+00
    endloop
  endfacet
  facet normal -9.904594e-01 -1.377792e-01 2.664286e-03
    outer loop
      vertex -2.554798e-02 -8.829614e-02 2.905000e+00
      vertex -2.947850e-02 -6.004063e-02 2.905000e+00
      vertex -2.973381e-02 -6.356173e-02 2.628000e+00
    endloop
  endfacet
  facet normal -9.933808e-01 -1.148431e-01 2.375425e-03
    outer loop
      vertex -2.973381e-02 -6.356173e-02 2.628000e+00
      vertex -2.947850e-02 -6.004063e-02 2.905000e+00
      vertex -3.316764e-02 -3.385950e-02 2.628000e+00
    endloop
  endfacet
  facet normal -9.953631e-01 -9.609841e-02 4.173508e-03
    outer loop
      vertex -2.947850e-02 -6.004063e-02 2.905000e+00
      vertex -3.221734e-02 -3.167248e-02 2.905000e+00
      vertex -3.316764e-02 -3.385950e-02 2.628000e+00
    endloop
  endfacet
  facet normal -9.968643e-01 -7.902729e-02 4.043875e-03
    outer loop
      vertex -3.316764e-02 -3.385950e-02 2.628000e+00
      vertex -3.221734e-02 -3.167248e-02 2.905000e+00
      vertex -3.553194e-02 -4.035789e-03 2.628000e+00
    endloop
  endfacet
  facet normal -9.981673e-01 -6.022335e-02 5.935564e-03
    outer loop
      vertex -3.221734e-02 -3.167248e-02 2.905000e+00
      vertex -3.393473e-02 -3.207776e-03 2.905000e+00
      vertex -3.553194e-02 -4.035789e-03 2.628000e+00
    endloop
  endfacet
  facet normal -9.981137e-01 -6.110496e-02 5.937890e-03
    outer loop
      vertex -3.553194e-02 -4.035789e-03 2.628000e+00
      vertex -3.393473e-02 -3.207776e-03 2.905000e+00
      vertex -3.736148e-02 2.584866e-02 2.628000e+00
    endloop
  endfacet
  facet normal -9.990743e-01 -4.228064e-02 7.924387e-03
    outer loop
      vertex -3.393473e-02 -3.207776e-03 2.905000e+00
      vertex -3.514139e-02 2.530521e-02 2.905000e+00
      vertex -3.736148e-02 2.584866e-02 2.628000e+00
    endloop
  endfacet
  facet normal -9.985557e-01 -5.314247e-02 7.898921e-03
    outer loop
      vertex -3.736148e-02 2.584866e-02 2.628000e+00
      vertex -3.514139e-02 2.530521e-02 2.905000e+00
      vertex -3.895334e-02 5.576010e-02 2.628000e+00
    endloop
  endfacet
  facet normal -9.993614e-01 -3.431118e-02 9.980423e-03
    outer loop
      vertex -3.514139e-02 2.530521e-02 2.905000e+00
      vertex -3.612107e-02 5.383965e-02 2.905000e+00
      vertex -3.895334e-02 5.576010e-02 2.628000e+00
    endloop
  endfacet
  facet normal -9.984307e-01 -5.513161e-02 9.826559e-03
    outer loop
      vertex -3.895334e-02 5.576010e-02 2.628000e+00
      vertex -3.612107e-02 5.383965e-02 2.905000e+00
      vertex -4.060463e-02 8.566479e-02 2.628000e+00
    endloop
  endfacet
  facet normal -9.992688e-01 -3.630209e-02 1.200349e-02
    outer loop
      vertex -3.612107e-02 5.383965e-02 2.905000e+00
      vertex -3.715749e-02 8.236873e-02 2.905000e+00
      vertex -4.060463e-02 8.566479e-02 2.628000e+00
    endloop
  endfacet
  facet normal -9.986210e-01 -5.115069e-02 1.181874e-02
    outer loop
      vertex -4.060463e-02 8.566479e-02 2.628000e+00
      vertex -3.715749e-02 8.236873e-02 2.905000e+00
      vertex -4.213708e-02 1.155830e-01 2.628000e+00
    endloop
  endfacet
  facet normal -9.993783e-01 -3.231820e-02 1.409050e-02
    outer loop
      vertex -3.715749e-02 8.236873e-02 2.905000e+00
      vertex -3.808042e-02 1.109085e-01 2.905000e+00
      vertex -4.213708e-02 1.155830e-01 2.628000e+00
    endloop
  endfacet
  facet normal -9.984928e-01 -5.313913e-02 1.372618e-02
    outer loop
      vertex -4.213708e-02 1.155830e-01 2.628000e+00
      vertex -3.808042e-02 1.109085e-01 2.905000e+00
      vertex -4.372895e-02 1.454944e-01 2.628000e+00
    endloop
  endfacet
  facet normal -9.992817e-01 -3.430844e-02 1.609344e-02
    outer loop
      vertex -3.808042e-02 1.109085e-01 2.905000e+00
      vertex -3.906009e-02 1.394430e-01 2.905000e+00
      vertex -4.372895e-02 1.454944e-01 2.628000e+00
    endloop
  endfacet
  facet normal -9.986667e-01 -4.915857e-02 1.575865e-02
    outer loop
      vertex -4.372895e-02 1.454944e-01 2.628000e+00
      vertex -3.906009e-02 1.394430e-01 2.905000e+00
      vertex -4.520198e-02 1.754194e-01 2.628000e+00
    endloop
  endfacet
  facet normal -9.993740e-01 -3.032526e-02 1.822038e-02
    outer loop
      vertex -3.906009e-02 1.394430e-01 2.905000e+00
      vertex -3.992628e-02 1.679881e-01 2.905000e+00
      vertex -4.520198e-02 1.754194e-01 2.628000e+00
    endloop
  endfacet
  facet normal -9.987291e-01 -4.716796e-02 1.775625e-02
    outer loop
      vertex -4.520198e-02 1.754194e-01 2.628000e+00
      vertex -3.992628e-02 1.679881e-01 2.905000e+00
      vertex -4.661559e-02 2.053511e-01 2.628000e+00
    endloop
  endfacet
  facet normal -9.993921e-01 -2.833372e-02 2.031270e-02
    outer loop
      vertex -3.992628e-02 1.679881e-01 2.905000e+00
      vertex -4.073571e-02 1.965387e-01 2.905000e+00
      vertex -4.661559e-02 2.053511e-01 2.628000e+00
    endloop
  endfacet
  facet normal -9.988701e-01 -4.318939e-02 1.982901e-02
    outer loop
      vertex -4.661559e-02 2.053511e-01 2.628000e+00
      vertex -4.073571e-02 1.965387e-01 2.905000e+00
      vertex -4.791037e-02 2.352962e-01 2.628000e+00
    endloop
  endfacet
  facet normal -9.994506e-01 -2.435321e-02 2.247959e-02
    outer loop
      vertex -4.073571e-02 1.965387e-01 2.905000e+00
      vertex -4.143165e-02 2.250999e-01 2.905000e+00
      vertex -4.791037e-02 2.352962e-01 2.628000e+00
    endloop
  endfacet
  facet normal -9.990648e-01 -3.722554e-02 2.199673e-02
    outer loop
      vertex -4.791037e-02 2.352962e-01 2.628000e+00
      vertex -4.143165e-02 2.250999e-01 2.905000e+00
      vertex -4.902689e-02 2.652617e-01 2.628000e+00
    endloop
  endfacet
  facet normal -9.995248e-01 -1.838693e-02 2.474072e-02
    outer loop
      vertex -4.143165e-02 2.250999e-01 2.905000e+00
      vertex -4.195735e-02 2.536773e-01 2.905000e+00
      vertex -4.902689e-02 2.652617e-01 2.628000e+00
    endloop
  endfacet
  facet normal -9.992763e-01 -2.928125e-02 2.427877e-02
    outer loop
      vertex -4.902689e-02 2.652617e-01 2.628000e+00
      vertex -4.195735e-02 2.536773e-01 2.905000e+00
      vertex -4.990574e-02 2.952541e-01 2.628000e+00
    endloop
  endfacet
  facet normal -9.995778e-01 -1.044049e-02 2.711536e-02
    outer loop
      vertex -4.195735e-02 2.536773e-01 2.905000e+00
      vertex -4.225606e-02 2.822761e-01 2.905000e+00
      vertex -4.990574e-02 2.952541e-01 2.628000e+00
    endloop
  endfacet
  facet normal -9.993306e-01 -2.531190e-02 2.641178e-02
    outer loop
      vertex -4.990574e-02 2.952541e-01 2.628000e+00
      vertex -4.225606e-02 2.822761e-01 2.905000e+00
      vertex -5.066576e-02 3.252600e-01 2.628000e+00
    endloop
  endfacet
  facet normal -9.995485e-01 -6.471055e-03 2.934205e-02
    outer loop
      vertex -4.225606e-02 2.822761e-01 2.905000e+00
      vertex -4.244128e-02 3.108856e-01 2.905000e+00
      vertex -5.066576e-02 3.252600e-01 2.628000e+00
    endloop
  endfacet
  facet normal -9.993640e-01 -2.134525e-02 2.856471e-02
    outer loop
      vertex -5.066576e-02 3.252600e-01 2.628000e+00
      vertex -4.244128e-02 3.108856e-01 2.905000e+00
      vertex -5.130694e-02 3.552795e-01 2.628000e+00
    endloop
  endfacet
  facet normal -9.994978e-01 -2.504779e-03 3.158849e-02
    outer loop
      vertex -4.244128e-02 3.108856e-01 2.905000e+00
      vertex -4.251300e-02 3.395059e-01 2.905000e+00
      vertex -5.130694e-02 3.552795e-01 2.628000e+00
    endloop
  endfacet
  facet normal -9.993764e-01 -1.738153e-02 3.073748e-02
    outer loop
      vertex -5.130694e-02 3.552795e-01 2.628000e+00
      vertex -4.251300e-02 3.395059e-01 2.905000e+00
      vertex -5.182928e-02 3.853124e-01 2.628000e+00
    endloop
  endfacet
  facet normal -9.994257e-01 1.458092e-03 3.385458e-02
    outer loop
      vertex -4.251300e-02 3.395059e-01 2.905000e+00
      vertex -4.247123e-02 3.681369e-01 2.905000e+00
      vertex -5.182928e-02 3.853124e-01 2.628000e+00
    endloop
  endfacet
  facet normal -9.844687e-01 1.700084e-01 4.380030e-02
    outer loop
      vertex -5.182928e-02 3.853124e-01 2.628000e+00
      vertex -4.247123e-02 3.681369e-01 2.905000e+00
      vertex -4.652867e-02 4.160067e-01 2.628000e+00
    endloop
  endfacet
  facet normal -9.809492e-01 1.885070e-01 4.694557e-02
    outer loop
      vertex -4.247123e-02 3.681369e-01 2.905000e+00
      vertex -3.686825e-02 3.972936e-01 2.905000e+00
      vertex -4.652867e-02 4.160067e-01 2.628000e+00
    endloop
  endfacet
  facet normal 2.370198e-01 -9.709942e-01 3.149311e-02
    outer loop
      vertex 1.609252e-02 -1.702411e-01 2.905000e+00
      vertex 2.566216e-02 -1.679051e-01 2.905000e+00
      vertex 1.278574e-02 -1.620965e-01 3.181000e+00
    endloop
  endfacet
  facet normal 2.219133e-01 -9.745778e-01 3.086376e-02
    outer loop
      vertex 1.278574e-02 -1.620965e-01 3.181000e+00
      vertex 2.566216e-02 -1.679051e-01 2.905000e+00
      vertex 2.191869e-02 -1.600169e-01 3.181000e+00
    endloop
  endfacet
  facet normal 4.359912e-01 -8.993953e-01 3.161861e-02
    outer loop
      vertex 2.566216e-02 -1.679051e-01 2.905000e+00
      vertex 2.933011e-02 -1.661271e-01 2.905000e+00
      vertex 2.191869e-02 -1.600169e-01 3.181000e+00
    endloop
  endfacet
  facet normal 4.219716e-01 -9.060655e-01 3.138980e-02
    outer loop
      vertex 2.191869e-02 -1.600169e-01 3.181000e+00
      vertex 2.933011e-02 -1.661271e-01 2.905000e+00
      vertex 2.543230e-02 -1.583806e-01 3.181000e+00
    endloop
  endfacet
  facet normal 5.628990e-01 -8.259392e-01 3.113115e-02
    outer loop
      vertex 2.933011e-02 -1.661271e-01 2.905000e+00
      vertex 3.664539e-02 -1.611415e-01 2.905000e+00
      vertex 2.543230e-02 -1.583806e-01 3.181000e+00
    endloop
  endfacet
  facet normal 5.500093e-01 -8.345943e-01 3.069406e-02
    outer loop
      vertex 2.543230e-02 -1.583806e-01 3.181000e+00
      vertex 3.664539e-02 -1.611415e-01 2.905000e+00
      vertex 3.246104e-02 -1.537486e-01 3.181000e+00
    endloop
  endfacet
  facet normal 7.093279e-01 -7.042561e-01 2.961819e-02
    outer loop
      vertex 3.664539e-02 -1.611415e-01 2.905000e+00
      vertex 4.448692e-02 -1.532435e-01 2.905000e+00
      vertex 3.246104e-02 -1.537486e-01 3.181000e+00
    endloop
  endfacet
  facet normal 6.983135e-01 -7.151995e-01 2.911824e-02
    outer loop
      vertex 3.246104e-02 -1.537486e-01 3.181000e+00
      vertex 4.448692e-02 -1.532435e-01 2.905000e+00
      vertex 4.003312e-02 -1.463552e-01 3.181000e+00
    endloop
  endfacet
  facet normal 8.251934e-01 -5.641855e-01 2.739677e-02
    outer loop
      vertex 4.448692e-02 -1.532435e-01 2.905000e+00
      vertex 5.494926e-02 -1.379410e-01 2.905000e+00
      vertex 4.003312e-02 -1.463552e-01 3.181000e+00
    endloop
  endfacet
  facet normal 8.163495e-01 -5.769486e-01 2.652971e-02
    outer loop
      vertex 4.003312e-02 -1.463552e-01 3.181000e+00
      vertex 5.494926e-02 -1.379410e-01 2.905000e+00
      vertex 5.020634e-02 -1.319607e-01 3.181000e+00
    endloop
  endfacet
  facet normal 8.992816e-01 -4.366599e-01 2.491513e-02
    outer loop
      vertex 5.494926e-02 -1.379410e-01 2.905000e+00
      vertex 6.223377e-02 -1.229389e-01 2.905000e+00
      vertex 5.020634e-02 -1.319607e-01 3.181000e+00
    endloop
  endfacet
  facet normal 8.924071e-01 -4.505840e-01 2.416041e-02
    outer loop
      vertex 5.020634e-02 -1.319607e-01 3.181000e+00
      vertex 6.223377e-02 -1.229389e-01 2.905000e+00
      vertex 5.735375e-02 -1.178049e-01 3.181000e+00
    endloop
  endfacet
  facet normal 9.311345e-01 -3.639351e-01 2.323335e-02
    outer loop
      vertex 6.223377e-02 -1.229389e-01 2.905000e+00
      vertex 6.804285e-02 -1.080762e-01 2.905000e+00
      vertex 5.735375e-02 -1.178049e-01 3.181000e+00
    endloop
  endfacet
  facet normal 9.253847e-01 -3.783606e-01 2.250219e-02
    outer loop
      vertex 5.735375e-02 -1.178049e-01 3.181000e+00
      vertex 6.804285e-02 -1.080762e-01 2.905000e+00
      vertex 6.309633e-02 -1.037598e-01 3.181000e+00
    endloop
  endfacet
  facet normal 9.629088e-01 -2.689720e-01 2.146395e-02
    outer loop
      vertex 6.804285e-02 -1.080762e-01 2.905000e+00
      vertex 7.625619e-02 -7.867281e-02 2.905000e+00
      vertex 6.309633e-02 -1.037598e-01 3.181000e+00
    endloop
  endfacet
  facet normal 9.586457e-01 -2.839054e-01 1.990331e-02
    outer loop
      vertex 6.309633e-02 -1.037598e-01 3.181000e+00
      vertex 7.625619e-02 -7.867281e-02 2.905000e+00
      vertex 7.133955e-02 -7.592544e-02 3.181000e+00
    endloop
  endfacet
  facet normal 9.821941e-01 -1.868690e-01 1.935688e-02
    outer loop
      vertex 7.625619e-02 -7.867281e-02 2.905000e+00
      vertex 8.180243e-02 -4.952149e-02 2.905000e+00
      vertex 7.133955e-02 -7.592544e-02 3.181000e+00
    endloop
  endfacet
  facet normal 9.792016e-01 -2.021086e-01 1.778552e-02
    outer loop
      vertex 7.133955e-02 -7.592544e-02 3.181000e+00
      vertex 8.180243e-02 -4.952149e-02 2.905000e+00
      vertex 7.704326e-02 -4.829138e-02 3.181000e+00
    endloop
  endfacet
  facet normal 9.926067e-01 -1.200847e-01 1.765110e-02
    outer loop
      vertex 8.180243e-02 -4.952149e-02 2.905000e+00
      vertex 8.530577e-02 -2.056328e-02 2.905000e+00
      vertex 7.704326e-02 -4.829138e-02 3.181000e+00
    endloop
  endfacet
  facet normal 9.906485e-01 -1.354919e-01 1.604461e-02
    outer loop
      vertex 7.704326e-02 -4.829138e-02 3.181000e+00
      vertex 8.530577e-02 -2.056328e-02 2.905000e+00
      vertex 8.080181e-02 -2.081074e-02 3.181000e+00
    endloop
  endfacet
  facet normal 9.986791e-01 -4.874333e-02 1.625344e-02
    outer loop
      vertex 8.530577e-02 -2.056328e-02 2.905000e+00
      vertex 8.670946e-02 8.196458e-03 2.905000e+00
      vertex 8.080181e-02 -2.081074e-02 3.181000e+00
    endloop
  endfacet
  facet normal 9.978269e-01 -6.425137e-02 1.460532e-02
    outer loop
      vertex 8.080181e-02 -2.081074e-02 3.181000e+00
      vertex 8.670946e-02 8.196458e-03 2.905000e+00
      vertex 8.256117e-02 6.512204e-03 3.181000e+00
    endloop
  endfacet
  facet normal 9.994829e-01 2.833630e-02 1.519522e-02
    outer loop
      vertex 8.670946e-02 8.196458e-03 2.905000e+00
      vertex 8.590003e-02 3.674699e-02 2.905000e+00
      vertex 8.256117e-02 6.512204e-03 3.181000e+00
    endloop
  endfacet
  facet normal 9.998269e-01 1.280841e-02 1.349835e-02
    outer loop
      vertex 8.256117e-02 6.512204e-03 3.181000e+00
      vertex 8.590003e-02 3.674699e-02 2.905000e+00
      vertex 8.221327e-02 3.366894e-02 3.181000e+00
    endloop
  endfacet
  facet normal 9.956460e-01 9.210755e-02 1.432688e-02
    outer loop
      vertex 8.590003e-02 3.674699e-02 2.905000e+00
      vertex 8.327469e-02 6.512587e-02 2.905000e+00
      vertex 8.221327e-02 3.366894e-02 3.181000e+00
    endloop
  endfacet
  facet normal 9.969801e-01 7.663308e-02 1.256832e-02
    outer loop
      vertex 8.221327e-02 3.366894e-02 3.181000e+00
      vertex 8.327469e-02 6.512587e-02 2.905000e+00
      vertex 8.013635e-02 6.068929e-02 3.181000e+00
    endloop
  endfacet
  facet normal 9.886507e-01 1.496114e-01 1.364670e-02
    outer loop
      vertex 8.327469e-02 6.512587e-02 2.905000e+00
      vertex 7.900369e-02 9.334919e-02 2.905000e+00
      vertex 8.013635e-02 6.068929e-02 3.181000e+00
    endloop
  endfacet
  facet normal 9.908784e-01 1.342400e-01 1.181861e-02
    outer loop
      vertex 8.013635e-02 6.068929e-02 3.181000e+00
      vertex 7.900369e-02 9.334919e-02 2.905000e+00
      vertex 7.649249e-02 8.758604e-02 3.181000e+00
    endloop
  endfacet
  facet normal 9.800121e-01 1.985087e-01 1.306174e-02
    outer loop
      vertex 7.900369e-02 9.334919e-02 2.905000e+00
      vertex 7.331401e-02 1.214384e-01 2.905000e+00
      vertex 7.649249e-02 8.758604e-02 3.181000e+00
    endloop
  endfacet
  facet normal 9.829999e-01 1.832667e-01 1.115784e-02
    outer loop
      vertex 7.649249e-02 8.758604e-02 3.181000e+00
      vertex 7.331401e-02 1.214384e-01 2.905000e+00
      vertex 7.149783e-02 1.143762e-01 3.181000e+00
    endloop
  endfacet
  facet normal 9.705110e-01 2.407303e-01 1.254601e-02
    outer loop
      vertex 7.331401e-02 1.214384e-01 2.905000e+00
      vertex 6.637589e-02 1.494096e-01 2.905000e+00
      vertex 7.149783e-02 1.143762e-01 3.181000e+00
    endloop
  endfacet
  facet normal 9.741554e-01 2.256317e-01 1.056187e-02
    outer loop
      vertex 7.149783e-02 1.143762e-01 3.181000e+00
      vertex 6.637589e-02 1.494096e-01 2.905000e+00
      vertex 6.531446e-02 1.410727e-01 3.181000e+00
    endloop
  endfacet
  facet normal 9.593459e-01 2.819689e-01 1.220665e-02
    outer loop
      vertex 6.637589e-02 1.494096e-01 2.905000e+00
      vertex 5.818934e-02 1.772628e-01 2.905000e+00
      vertex 6.531446e-02 1.410727e-01 3.181000e+00
    endloop
  endfacet
  facet normal 9.636322e-01 2.670397e-01 1.013843e-02
    outer loop
      vertex 6.531446e-02 1.410727e-01 3.181000e+00
      vertex 5.818934e-02 1.772628e-01 2.905000e+00
      vertex 5.794238e-02 1.676754e-01 3.181000e+00
    endloop
  endfacet
  facet normal 9.484698e-01 3.166460e-01 1.184804e-02
    outer loop
      vertex 5.818934e-02 1.772628e-01 2.905000e+00
      vertex 4.892460e-02 2.050141e-01 2.905000e+00
      vertex 5.794238e-02 1.676754e-01 3.181000e+00
    endloop
  endfacet
  facet normal 9.532959e-01 3.018824e-01 9.693059e-03
    outer loop
      vertex 5.794238e-02 1.676754e-01 3.181000e+00
      vertex 4.892460e-02 2.050141e-01 2.905000e+00
      vertex 4.954369e-02 1.941971e-01 3.181000e+00
    endloop
  endfacet
  facet normal 9.378528e-01 3.468432e-01 1.148980e-02
    outer loop
      vertex 4.892460e-02 2.050141e-01 2.905000e+00
      vertex 3.869516e-02 2.326742e-01 2.905000e+00
      vertex 4.954369e-02 1.941971e-01 3.181000e+00
    endloop
  endfacet
  facet normal 9.431490e-01 3.322416e-01 9.246022e-03
    outer loop
      vertex 4.954369e-02 1.941971e-01 3.181000e+00
      vertex 3.869516e-02 2.326742e-01 2.905000e+00
      vertex 4.022645e-02 2.206463e-01 3.181000e+00
    endloop
  endfacet
  facet normal 9.305782e-01 3.659343e-01 1.078406e-02
    outer loop
      vertex 3.869516e-02 2.326742e-01 2.905000e+00
      vertex 2.784150e-02 2.602752e-01 2.905000e+00
      vertex 4.022645e-02 2.206463e-01 3.181000e+00
    endloop
  endfacet
  facet normal 9.361709e-01 3.514435e-01 8.452475e-03
    outer loop
      vertex 4.022645e-02 2.206463e-01 3.181000e+00
      vertex 2.784150e-02 2.602752e-01 2.905000e+00
      vertex 3.031486e-02 2.470487e-01 3.181000e+00
    endloop
  endfacet
  facet normal 9.230053e-01 3.846531e-01 1.016193e-02
    outer loop
      vertex 2.784150e-02 2.602752e-01 2.905000e+00
      vertex 1.636362e-02 2.878173e-01 2.905000e+00
      vertex 3.031486e-02 2.470487e-01 3.181000e+00
    endloop
  endfacet
  facet normal 9.288888e-01 3.702778e-01 7.741132e-03
    outer loop
      vertex 3.031486e-02 2.470487e-01 3.181000e+00
      vertex 1.636362e-02 2.878173e-01 2.905000e+00
      vertex 1.980892e-02 2.734042e-01 3.181000e+00
    endloop
  endfacet
  facet normal 9.173263e-01 3.980269e-01 9.334560e-03
    outer loop
      vertex 1.636362e-02 2.878173e-01 2.905000e+00
      vertex 4.431769e-03 3.153165e-01 2.905000e+00
      vertex 1.980892e-02 2.734042e-01 3.181000e+00
    endloop
  endfacet
  facet normal 9.234168e-01 3.837380e-01 6.825377e-03
    outer loop
      vertex 1.980892e-02 2.734042e-01 3.181000e+00
      vertex 4.431769e-03 3.153165e-01 2.905000e+00
      vertex 8.870718e-03 2.997256e-01 3.181000e+00
    endloop
  endfacet
  facet normal 9.122445e-01 4.095586e-01 8.463636e-03
    outer loop
      vertex 4.431769e-03 3.153165e-01 2.905000e+00
      vertex -7.897313e-03 3.427781e-01 2.905000e+00
      vertex 8.870718e-03 2.997256e-01 3.181000e+00
    endloop
  endfacet
  facet normal 9.185132e-01 3.953469e-01 5.865939e-03
    outer loop
      vertex 8.870718e-03 2.997256e-01 3.181000e+00
      vertex -7.897313e-03 3.427781e-01 2.905000e+00
      vertex -2.445709e-03 3.260172e-01 3.181000e+00
    endloop
  endfacet
  facet normal 9.092998e-01 4.160776e-01 7.306858e-03
    outer loop
      vertex -7.897313e-03 3.427781e-01 2.905000e+00
      vertex -2.045338e-02 3.702182e-01 2.905000e+00
      vertex -2.445709e-03 3.260172e-01 3.181000e+00
    endloop
  endfacet
  facet normal 9.156676e-01 4.019099e-01 4.622444e-03
    outer loop
      vertex -2.445709e-03 3.260172e-01 3.181000e+00
      vertex -2.045338e-02 3.702182e-01 2.905000e+00
      vertex -1.397826e-02 3.522917e-01 3.181000e+00
    endloop
  endfacet
  facet normal 8.550410e-01 5.183818e-01 1.360977e-02
    outer loop
      vertex -2.045338e-02 3.702182e-01 2.905000e+00
      vertex -3.686825e-02 3.972936e-01 2.905000e+00
      vertex -1.397826e-02 3.522917e-01 3.181000e+00
    endloop
  endfacet
  facet normal 8.630196e-01 5.050555e-01 1.077521e-02
    outer loop
      vertex -1.397826e-02 3.522917e-01 3.181000e+00
      vertex -3.686825e-02 3.972936e-01 2.905000e+00
      vertex -2.918501e-02 3.782764e-01 3.181000e+00
    endloop
  endfacet
  facet normal -1.060311e-01 -9.939668e-01 2.806090e-02
    outer loop
      vertex 1.609252e-02 -1.702411e-01 2.905000e+00
      vertex 1.278574e-02 -1.620965e-01 3.181000e+00
      vertex 8.978532e-03 -1.694822e-01 2.905000e+00
    endloop
  endfacet
  facet normal -1.214568e-01 -9.921953e-01 2.822628e-02
    outer loop
      vertex 1.278574e-02 -1.620965e-01 3.181000e+00
      vertex 6.033235e-03 -1.612699e-01 3.181000e+00
      vertex 8.978532e-03 -1.694822e-01 2.905000e+00
    endloop
  endfacet
  facet normal -4.011163e-01 -9.157392e-01 2.296700e-02
    outer loop
      vertex 8.978532e-03 -1.694822e-01 2.905000e+00
      vertex 6.033235e-03 -1.612699e-01 3.181000e+00
      vertex 6.290812e-03 -1.683049e-01 2.905000e+00
    endloop
  endfacet
  facet normal -4.152936e-01 -9.094019e-01 2.279224e-02
    outer loop
      vertex 6.033235e-03 -1.612699e-01 3.181000e+00
      vertex 3.495239e-03 -1.601109e-01 3.181000e+00
      vertex 6.290812e-03 -1.683049e-01 2.905000e+00
    endloop
  endfacet
  facet normal -6.072475e-01 -7.943215e-01 1.743141e-02
    outer loop
      vertex 6.290812e-03 -1.683049e-01 2.905000e+00
      vertex 3.495239e-03 -1.601109e-01 3.181000e+00
      vertex 1.291989e-03 -1.644834e-01 2.905000e+00
    endloop
  endfacet
  facet normal -6.195129e-01 -7.847941e-01 1.737838e-02
    outer loop
      vertex 3.495239e-03 -1.601109e-01 3.181000e+00
      vertex -1.201011e-03 -1.564037e-01 3.181000e+00
      vertex 1.291989e-03 -1.644834e-01 2.905000e+00
    endloop
  endfacet
  facet normal -7.807643e-01 -6.247247e-01 1.123596e-02
    outer loop
      vertex 1.291989e-03 -1.644834e-01 2.905000e+00
      vertex -1.201011e-03 -1.564037e-01 3.181000e+00
      vertex -4.031789e-03 -1.578299e-01 2.905000e+00
    endloop
  endfacet
  facet normal -7.903735e-01 -6.125216e-01 1.127146e-02
    outer loop
      vertex -1.201011e-03 -1.564037e-01 3.181000e+00
      vertex -6.164388e-03 -1.499992e-01 3.181000e+00
      vertex -4.031789e-03 -1.578299e-01 2.905000e+00
    endloop
  endfacet
  facet normal -8.782056e-01 -4.782353e-01 6.782815e-03
    outer loop
      vertex -4.031789e-03 -1.578299e-01 2.905000e+00
      vertex -6.164388e-03 -1.499992e-01 3.181000e+00
      vertex -1.144477e-02 -1.442171e-01 2.905000e+00
    endloop
  endfacet
  facet normal -8.855253e-01 -4.645352e-01 7.209866e-03
    outer loop
      vertex -6.164388e-03 -1.499992e-01 3.181000e+00
      vertex -1.301131e-02 -1.369472e-01 3.181000e+00
      vertex -1.144477e-02 -1.442171e-01 2.905000e+00
    endloop
  endfacet
  facet normal -9.423790e-01 -3.345294e-01 3.462776e-03
    outer loop
      vertex -1.144477e-02 -1.442171e-01 2.905000e+00
      vertex -1.301131e-02 -1.369472e-01 3.181000e+00
      vertex -1.636087e-02 -1.303683e-01 2.905000e+00
    endloop
  endfacet
  facet normal -9.474600e-01 -3.198507e-01 3.874328e-03
    outer loop
      vertex -1.301131e-02 -1.369472e-01 3.181000e+00
      vertex -1.748082e-02 -1.237076e-01 3.181000e+00
      vertex -1.636087e-02 -1.303683e-01 2.905000e+00
    endloop
  endfacet
  facet normal -9.662089e-01 -2.577500e-01 2.299584e-03
    outer loop
      vertex -1.636087e-02 -1.303683e-01 2.905000e+00
      vertex -1.748082e-02 -1.237076e-01 3.181000e+00
      vertex -2.008529e-02 -1.164068e-01 2.905000e+00
    endloop
  endfacet
  facet normal -9.700949e-01 -2.427107e-01 2.734076e-03
    outer loop
      vertex -1.748082e-02 -1.237076e-01 3.181000e+00
      vertex -2.081564e-02 -1.103786e-01 3.181000e+00
      vertex -2.008529e-02 -1.164068e-01 2.905000e+00
    endloop
  endfacet
  facet normal -9.816356e-01 -1.907593e-01 1.568844e-03
    outer loop
      vertex -2.008529e-02 -1.164068e-01 2.905000e+00
      vertex -2.081564e-02 -1.103786e-01 3.181000e+00
      vertex -2.554798e-02 -8.829614e-02 2.905000e+00
    endloop
  endfacet
  facet normal -9.844774e-01 -1.754883e-01 2.839390e-03
    outer loop
      vertex -2.081564e-02 -1.103786e-01 3.181000e+00
      vertex -2.559418e-02 -8.357132e-02 3.181000e+00
      vertex -2.554798e-02 -8.829614e-02 2.905000e+00
    endloop
  endfacet
  facet normal -9.904605e-01 -1.377794e-01 2.192854e-03
    outer loop
      vertex -2.554798e-02 -8.829614e-02 2.905000e+00
      vertex -2.559418e-02 -8.357132e-02 3.181000e+00
      vertex -2.947850e-02 -6.004063e-02 2.905000e+00
    endloop
  endfacet
  facet normal -9.924773e-01 -1.223777e-01 3.534328e-03
    outer loop
      vertex -2.559418e-02 -8.357132e-02 3.181000e+00
      vertex -2.891384e-02 -5.664899e-02 3.181000e+00
      vertex -2.947850e-02 -6.004063e-02 2.905000e+00
    endloop
  endfacet
  facet normal -9.953666e-01 -9.609875e-02 3.217309e-03
    outer loop
      vertex -2.947850e-02 -6.004063e-02 2.905000e+00
      vertex -2.891384e-02 -5.664899e-02 3.181000e+00
      vertex -3.221734e-02 -3.167248e-02 2.905000e+00
    endloop
  endfacet
  facet normal -9.967337e-01 -8.062587e-02 4.633883e-03
    outer loop
      vertex -2.891384e-02 -5.664899e-02 3.181000e+00
      vertex -3.109883e-02 -2.963717e-02 3.181000e+00
      vertex -3.221734e-02 -3.167248e-02 2.905000e+00
    endloop
  endfacet
  facet normal -9.981748e-01 -6.022380e-02 4.489272e-03
    outer loop
      vertex -3.221734e-02 -3.167248e-02 2.905000e+00
      vertex -3.109883e-02 -2.963717e-02 3.181000e+00
      vertex -3.393473e-02 -3.207776e-03 2.905000e+00
    endloop
  endfacet
  facet normal -9.989820e-01 -4.471173e-02 5.982981e-03
    outer loop
      vertex -3.109883e-02 -2.963717e-02 3.181000e+00
      vertex -3.231124e-02 -2.548624e-03 3.181000e+00
      vertex -3.393473e-02 -3.207776e-03 2.905000e+00
    endloop
  endfacet
  facet normal -9.990879e-01 -4.228121e-02 5.977799e-03
    outer loop
      vertex -3.393473e-02 -3.207776e-03 2.905000e+00
      vertex -3.231124e-02 -2.548624e-03 3.181000e+00
      vertex -3.514139e-02 2.530521e-02 2.905000e+00
    endloop
  endfacet
  facet normal -9.996135e-01 -2.675719e-02 7.549868e-03
    outer loop
      vertex -3.231124e-02 -2.548624e-03 3.181000e+00
      vertex -3.303736e-02 2.457827e-02 3.181000e+00
      vertex -3.514139e-02 2.530521e-02 2.905000e+00
    endloop
  endfacet
  facet normal -9.993828e-01 -3.431192e-02 7.528212e-03
    outer loop
      vertex -3.514139e-02 2.530521e-02 2.905000e+00
      vertex -3.303736e-02 2.457827e-02 3.181000e+00
      vertex -3.612107e-02 5.383965e-02 2.905000e+00
    endloop
  endfacet
  facet normal -9.997814e-01 -1.878430e-02 9.178895e-03
    outer loop
      vertex -3.303736e-02 2.457827e-02 3.181000e+00
      vertex -3.354735e-02 5.172222e-02 3.181000e+00
      vertex -3.612107e-02 5.383965e-02 2.905000e+00
    endloop
  endfacet
  facet normal -9.992999e-01 -3.630322e-02 9.040003e-03
    outer loop
      vertex -3.612107e-02 5.383965e-02 2.905000e+00
      vertex -3.354735e-02 5.172222e-02 3.181000e+00
      vertex -3.715749e-02 8.236873e-02 2.905000e+00
    endloop
  endfacet
  facet normal -9.997261e-01 -2.077656e-02 1.076963e-02
    outer loop
      vertex -3.354735e-02 5.172222e-02 3.181000e+00
      vertex -3.411138e-02 7.886190e-02 3.181000e+00
      vertex -3.715749e-02 8.236873e-02 2.905000e+00
    endloop
  endfacet
  facet normal -9.994212e-01 -3.231959e-02 1.061960e-02
    outer loop
      vertex -3.715749e-02 8.236873e-02 2.905000e+00
      vertex -3.411138e-02 7.886190e-02 3.181000e+00
      vertex -3.808042e-02 1.109085e-01 2.905000e+00
    endloop
  endfacet
  facet normal -9.997818e-01 -1.679152e-02 1.242776e-02
    outer loop
      vertex -3.411138e-02 7.886190e-02 3.181000e+00
      vertex -3.456734e-02 1.060101e-01 3.181000e+00
      vertex -3.808042e-02 1.109085e-01 2.905000e+00
    endloop
  endfacet
  facet normal -9.993378e-01 -3.431037e-02 1.211119e-02
    outer loop
      vertex -3.808042e-02 1.109085e-01 2.905000e+00
      vertex -3.456734e-02 1.060101e-01 3.181000e+00
      vertex -3.906009e-02 1.394430e-01 2.905000e+00
    endloop
  endfacet
  facet normal -9.997256e-01 -1.878325e-02 1.399836e-02
    outer loop
      vertex -3.456734e-02 1.060101e-01 3.181000e+00
      vertex -3.507733e-02 1.331541e-01 3.181000e+00
      vertex -3.906009e-02 1.394430e-01 2.905000e+00
    endloop
  endfacet
  facet normal -9.994457e-01 -3.032744e-02 1.373127e-02
    outer loop
      vertex -3.906009e-02 1.394430e-01 2.905000e+00
      vertex -3.507733e-02 1.331541e-01 3.181000e+00
      vertex -3.992628e-02 1.679881e-01 2.905000e+00
    endloop
  endfacet
  facet normal -9.997673e-01 -1.479915e-02 1.569675e-02
    outer loop
      vertex -3.507733e-02 1.331541e-01 3.181000e+00
      vertex -3.547925e-02 1.603065e-01 3.181000e+00
      vertex -3.992628e-02 1.679881e-01 2.905000e+00
    endloop
  endfacet
  facet normal -9.994811e-01 -2.833624e-02 1.531538e-02
    outer loop
      vertex -3.992628e-02 1.679881e-01 2.905000e+00
      vertex -3.547925e-02 1.603065e-01 3.181000e+00
      vertex -4.073571e-02 1.965387e-01 2.905000e+00
    endloop
  endfacet
  facet normal -9.997673e-01 -1.280765e-02 1.735936e-02
    outer loop
      vertex -3.547925e-02 1.603065e-01 3.181000e+00
      vertex -3.582715e-02 1.874633e-01 3.181000e+00
      vertex -4.073571e-02 1.965387e-01 2.905000e+00
    endloop
  endfacet
  facet normal -9.995592e-01 -2.435586e-02 1.697593e-02
    outer loop
      vertex -4.073571e-02 1.965387e-01 2.905000e+00
      vertex -3.582715e-02 1.874633e-01 3.181000e+00
      vertex -4.143165e-02 2.250999e-01 2.905000e+00
    endloop
  endfacet
  facet normal -9.997787e-01 -8.826623e-03 1.909803e-02
    outer loop
      vertex -3.582715e-02 1.874633e-01 3.181000e+00
      vertex -3.606698e-02 2.146285e-01 3.181000e+00
      vertex -4.143165e-02 2.250999e-01 2.905000e+00
    endloop
  endfacet
  facet normal -9.996554e-01 -1.838934e-02 1.873282e-02
    outer loop
      vertex -4.143165e-02 2.250999e-01 2.905000e+00
      vertex -3.606698e-02 2.146285e-01 3.181000e+00
      vertex -4.195735e-02 2.536773e-01 2.905000e+00
    endloop
  endfacet
  facet normal -9.997768e-01 -2.859539e-03 2.093259e-02
    outer loop
      vertex -3.606698e-02 2.146285e-01 3.181000e+00
      vertex -3.614471e-02 2.418066e-01 3.181000e+00
      vertex -4.195735e-02 2.536773e-01 2.905000e+00
    endloop
  endfacet
  facet normal -9.997332e-01 -1.044211e-02 2.060554e-02
    outer loop
      vertex -4.195735e-02 2.536773e-01 2.905000e+00
      vertex -3.614471e-02 2.418066e-01 3.181000e+00
      vertex -4.225606e-02 2.822761e-01 2.905000e+00
    endloop
  endfacet
  facet normal -9.997252e-01 5.087561e-03 2.288246e-02
    outer loop
      vertex -3.614471e-02 2.418066e-01 3.181000e+00
      vertex -3.600632e-02 2.690016e-01 3.181000e+00
      vertex -4.225606e-02 2.822761e-01 2.905000e+00
    endloop
  endfacet
  facet normal -9.997298e-01 -6.472228e-03 2.232659e-02
    outer loop
      vertex -4.225606e-02 2.822761e-01 2.905000e+00
      vertex -3.600632e-02 2.690016e-01 3.181000e+00
      vertex -4.244128e-02 3.108856e-01 2.905000e+00
    endloop
  endfacet
  facet normal -9.996543e-01 9.056659e-03 2.468140e-02
    outer loop
      vertex -3.600632e-02 2.690016e-01 3.181000e+00
      vertex -3.575986e-02 2.962053e-01 3.181000e+00
      vertex -4.244128e-02 3.108856e-01 2.905000e+00
    endloop
  endfacet
  facet normal -9.997072e-01 -2.505303e-03 2.406770e-02
    outer loop
      vertex -4.244128e-02 3.108856e-01 2.905000e+00
      vertex -3.575986e-02 2.962053e-01 3.181000e+00
      vertex -4.251300e-02 3.395059e-01 2.905000e+00
    endloop
  endfacet
  facet normal -9.995640e-01 1.302245e-02 2.650029e-02
    outer loop
      vertex -3.575986e-02 2.962053e-01 3.181000e+00
      vertex -3.540534e-02 3.234174e-01 3.181000e+00
      vertex -4.251300e-02 3.395059e-01 2.905000e+00
    endloop
  endfacet
  facet normal -9.996653e-01 1.458441e-03 2.582881e-02
    outer loop
      vertex -4.251300e-02 3.395059e-01 2.905000e+00
      vertex -3.540534e-02 3.234174e-01 3.181000e+00
      vertex -4.247123e-02 3.681369e-01 2.905000e+00
    endloop
  endfacet
  facet normal -9.994541e-01 1.698472e-02 2.833908e-02
    outer loop
      vertex -3.540534e-02 3.234174e-01 3.181000e+00
      vertex -3.494275e-02 3.506381e-01 3.181000e+00
      vertex -4.247123e-02 3.681369e-01 2.905000e+00
    endloop
  endfacet
  facet normal -9.812954e-01 1.885735e-01 3.872278e-02
    outer loop
      vertex -4.247123e-02 3.681369e-01 2.905000e+00
      vertex -3.494275e-02 3.506381e-01 3.181000e+00
      vertex -3.686825e-02 3.972936e-01 2.905000e+00
    endloop
  endfacet
  facet normal -9.781481e-01 2.037722e-01 4.127004e-02
    outer loop
      vertex -3.494275e-02 3.506381e-01 3.181000e+00
      vertex -2.918501e-02 3.782764e-01 3.181000e+00
      vertex -3.686825e-02 3.972936e-01 2.905000e+00
    endloop
  endfacet
  facet normal 2.219117e-01 -9.745709e-01 3.109218e-02
    outer loop
      vertex 1.278574e-02 -1.620965e-01 3.181000e+00
      vertex 2.191869e-02 -1.600169e-01 3.181000e+00
      vertex 1.011202e-02 -1.538681e-01 3.458000e+00
    endloop
  endfacet
  facet normal 2.091391e-01 -9.774067e-01 3.061072e-02
    outer loop
      vertex 1.011202e-02 -1.538681e-01 3.458000e+00
      vertex 2.191869e-02 -1.600169e-01 3.181000e+00
      vertex 1.879823e-02 -1.520095e-01 3.458000e+00
    endloop
  endfacet
  facet normal 4.219774e-01 -9.060780e-01 3.094643e-02
    outer loop
      vertex 2.191869e-02 -1.600169e-01 3.181000e+00
      vertex 2.543230e-02 -1.583806e-01 3.181000e+00
      vertex 1.879823e-02 -1.520095e-01 3.458000e+00
    endloop
  endfacet
  facet normal 4.100831e-01 -9.115284e-01 3.078692e-02
    outer loop
      vertex 1.879823e-02 -1.520095e-01 3.458000e+00
      vertex 2.543230e-02 -1.583806e-01 3.181000e+00
      vertex 2.215035e-02 -1.505014e-01 3.458000e+00
    endloop
  endfacet
  facet normal 5.500167e-01 -8.346054e-01 3.025683e-02
    outer loop
      vertex 2.543230e-02 -1.583806e-01 3.181000e+00
      vertex 3.246104e-02 -1.537486e-01 3.181000e+00
      vertex 2.215035e-02 -1.505014e-01 3.458000e+00
    endloop
  endfacet
  facet normal 5.390502e-01 -8.417416e-01 2.993228e-02
    outer loop
      vertex 2.215035e-02 -1.505014e-01 3.458000e+00
      vertex 3.246104e-02 -1.537486e-01 3.181000e+00
      vertex 2.887290e-02 -1.461963e-01 3.458000e+00
    endloop
  endfacet
  facet normal 6.983251e-01 -7.152113e-01 2.854567e-02
    outer loop
      vertex 3.246104e-02 -1.537486e-01 3.181000e+00
      vertex 4.003312e-02 -1.463552e-01 3.181000e+00
      vertex 2.887290e-02 -1.461963e-01 3.458000e+00
    endloop
  endfacet
  facet normal 6.889107e-01 -7.242985e-01 2.817158e-02
    outer loop
      vertex 2.887290e-02 -1.461963e-01 3.458000e+00
      vertex 4.003312e-02 -1.463552e-01 3.181000e+00
      vertex 3.614497e-02 -1.392795e-01 3.458000e+00
    endloop
  endfacet
  facet normal 8.163567e-01 -5.769536e-01 2.619669e-02
    outer loop
      vertex 4.003312e-02 -1.463552e-01 3.181000e+00
      vertex 5.020634e-02 -1.319607e-01 3.181000e+00
      vertex 3.614497e-02 -1.392795e-01 3.458000e+00
    endloop
  endfacet
  facet normal 8.087486e-01 -5.876001e-01 2.552919e-02
    outer loop
      vertex 3.614497e-02 -1.392795e-01 3.458000e+00
      vertex 5.020634e-02 -1.319607e-01 3.181000e+00
      vertex 4.597049e-02 -1.257561e-01 3.458000e+00
    endloop
  endfacet
  facet normal 8.924161e-01 -4.505885e-01 2.373963e-02
    outer loop
      vertex 5.020634e-02 -1.319607e-01 3.181000e+00
      vertex 5.735375e-02 -1.178049e-01 3.181000e+00
      vertex 4.597049e-02 -1.257561e-01 3.458000e+00
    endloop
  endfacet
  facet normal 8.864536e-01 -4.622376e-01 2.316023e-02
    outer loop
      vertex 4.597049e-02 -1.257561e-01 3.458000e+00
      vertex 5.735375e-02 -1.178049e-01 3.181000e+00
      vertex 5.292381e-02 -1.124214e-01 3.458000e+00
    endloop
  endfacet
  facet normal 9.253919e-01 -3.783636e-01 2.215286e-02
    outer loop
      vertex 5.735375e-02 -1.178049e-01 3.181000e+00
      vertex 6.309633e-02 -1.037598e-01 3.181000e+00
      vertex 5.292381e-02 -1.124214e-01 3.458000e+00
    endloop
  endfacet
  facet normal 9.203714e-01 -3.904490e-01 2.159059e-02
    outer loop
      vertex 5.292381e-02 -1.124214e-01 3.458000e+00
      vertex 6.309633e-02 -1.037598e-01 3.181000e+00
      vertex 5.854360e-02 -9.917434e-02 3.458000e+00
    endloop
  endfacet
  facet normal 9.586350e-01 -2.839022e-01 2.045570e-02
    outer loop
      vertex 6.309633e-02 -1.037598e-01 3.181000e+00
      vertex 7.133955e-02 -7.592544e-02 3.181000e+00
      vertex 5.854360e-02 -9.917434e-02 3.458000e+00
    endloop
  endfacet
  facet normal 9.548600e-01 -2.964332e-01 1.922957e-02
    outer loop
      vertex 5.854360e-02 -9.917434e-02 3.458000e+00
      vertex 7.133955e-02 -7.592544e-02 3.181000e+00
      vertex 6.670582e-02 -7.288249e-02 3.458000e+00
    endloop
  endfacet
  facet normal 9.791871e-01 -2.021056e-01 1.860029e-02
    outer loop
      vertex 7.133955e-02 -7.592544e-02 3.181000e+00
      vertex 7.704326e-02 -4.829138e-02 3.181000e+00
      vertex 6.670582e-02 -7.288249e-02 3.458000e+00
    endloop
  endfacet
  facet normal 9.764795e-01 -2.149102e-01 1.736250e-02
    outer loop
      vertex 6.670582e-02 -7.288249e-02 3.458000e+00
      vertex 7.704326e-02 -4.829138e-02 3.181000e+00
      vertex 7.245744e-02 -4.674907e-02 3.458000e+00
    endloop
  endfacet
  facet normal 9.906303e-01 -1.354894e-01 1.715456e-02
    outer loop
      vertex 7.704326e-02 -4.829138e-02 3.181000e+00
      vertex 8.080181e-02 -2.081074e-02 3.181000e+00
      vertex 7.245744e-02 -4.674907e-02 3.458000e+00
    endloop
  endfacet
  facet normal 9.887926e-01 -1.484478e-01 1.588577e-02
    outer loop
      vertex 7.245744e-02 -4.674907e-02 3.458000e+00
      vertex 8.080181e-02 -2.081074e-02 3.181000e+00
      vertex 7.636265e-02 -2.073698e-02 3.458000e+00
    endloop
  endfacet
  facet normal 9.978054e-01 -6.424999e-02 1.600779e-02
    outer loop
      vertex 8.080181e-02 -2.081074e-02 3.181000e+00
      vertex 8.256117e-02 6.512204e-03 3.181000e+00
      vertex 7.636265e-02 -2.073698e-02 3.458000e+00
    endloop
  endfacet
  facet normal 9.968989e-01 -7.730690e-02 1.470306e-02
    outer loop
      vertex 7.636265e-02 -2.073698e-02 3.458000e+00
      vertex 8.256117e-02 6.512204e-03 3.181000e+00
      vertex 7.837014e-02 5.150388e-03 3.458000e+00
    endloop
  endfacet
  facet normal 9.998026e-01 1.280810e-02 1.519002e-02
    outer loop
      vertex 8.256117e-02 6.512204e-03 3.181000e+00
      vertex 8.221327e-02 3.366894e-02 3.181000e+00
      vertex 7.837014e-02 5.150388e-03 3.458000e+00
    endloop
  endfacet
  facet normal 9.999041e-01 -2.800110e-04 1.384395e-02
    outer loop
      vertex 7.837014e-02 5.150388e-03 3.458000e+00
      vertex 8.221327e-02 3.366894e-02 3.181000e+00
      vertex 7.837736e-02 3.090630e-02 3.458000e+00
    endloop
  endfacet
  facet normal 9.969531e-01 7.663099e-02 1.457014e-02
    outer loop
      vertex 8.221327e-02 3.366894e-02 3.181000e+00
      vertex 8.013635e-02 6.068929e-02 3.181000e+00
      vertex 7.837736e-02 3.090630e-02 3.458000e+00
    endloop
  endfacet
  facet normal 9.978901e-01 6.357595e-02 1.317242e-02
    outer loop
      vertex 7.837736e-02 3.090630e-02 3.458000e+00
      vertex 8.013635e-02 6.068929e-02 3.181000e+00
      vertex 7.674331e-02 5.655435e-02 3.458000e+00
    endloop
  endfacet
  facet normal 9.908485e-01 1.342359e-01 1.414095e-02
    outer loop
      vertex 8.013635e-02 6.068929e-02 3.181000e+00
      vertex 7.649249e-02 8.758604e-02 3.181000e+00
      vertex 7.674331e-02 5.655435e-02 3.458000e+00
    endloop
  endfacet
  facet normal 9.925401e-01 1.212570e-01 1.268541e-02
    outer loop
      vertex 7.674331e-02 5.655435e-02 3.458000e+00
      vertex 7.649249e-02 8.758604e-02 3.181000e+00
      vertex 7.362187e-02 8.210465e-02 3.458000e+00
    endloop
  endfacet
  facet normal 9.829673e-01 1.832606e-01 1.381316e-02
    outer loop
      vertex 7.649249e-02 8.758604e-02 3.181000e+00
      vertex 7.149783e-02 1.143762e-01 3.181000e+00
      vertex 7.362187e-02 8.210465e-02 3.458000e+00
    endloop
  endfacet
  facet normal 9.853014e-01 1.703816e-01 1.229481e-02
    outer loop
      vertex 7.362187e-02 8.210465e-02 3.458000e+00
      vertex 7.149783e-02 1.143762e-01 3.181000e+00
      vertex 6.921820e-02 1.075707e-01 3.458000e+00
    endloop
  endfacet
  facet normal 9.741202e-01 2.256235e-01 1.356002e-02
    outer loop
      vertex 7.149783e-02 1.143762e-01 3.181000e+00
      vertex 6.531446e-02 1.410727e-01 3.181000e+00
      vertex 6.921820e-02 1.075707e-01 3.458000e+00
    endloop
  endfacet
  facet normal 9.770098e-01 2.128576e-01 1.197532e-02
    outer loop
      vertex 6.921820e-02 1.075707e-01 3.458000e+00
      vertex 6.531446e-02 1.410727e-01 3.181000e+00
      vertex 6.368616e-02 1.329626e-01 3.458000e+00
    endloop
  endfacet
  facet normal 9.635941e-01 2.670291e-01 1.348251e-02
    outer loop
      vertex 6.531446e-02 1.410727e-01 3.181000e+00
      vertex 5.794238e-02 1.676754e-01 3.181000e+00
      vertex 6.368616e-02 1.329626e-01 3.458000e+00
    endloop
  endfacet
  facet normal 9.670271e-01 2.543985e-01 1.182850e-02
    outer loop
      vertex 6.368616e-02 1.329626e-01 3.458000e+00
      vertex 5.794238e-02 1.676754e-01 3.181000e+00
      vertex 5.702576e-02 1.582803e-01 3.458000e+00
    endloop
  endfacet
  facet normal 9.532552e-01 3.018695e-01 1.339301e-02
    outer loop
      vertex 5.794238e-02 1.676754e-01 3.181000e+00
      vertex 4.954369e-02 1.941971e-01 3.181000e+00
      vertex 5.702576e-02 1.582803e-01 3.458000e+00
    endloop
  endfacet
  facet normal 9.571456e-01 2.893722e-01 1.166748e-02
    outer loop
      vertex 5.702576e-02 1.582803e-01 3.458000e+00
      vertex 4.954369e-02 1.941971e-01 3.181000e+00
      vertex 4.939085e-02 1.835340e-01 3.458000e+00
    endloop
  endfacet
  facet normal 9.431058e-01 3.322264e-01 1.330940e-02
    outer loop
      vertex 4.954369e-02 1.941971e-01 3.181000e+00
      vertex 4.022645e-02 2.206463e-01 3.181000e+00
      vertex 4.939085e-02 1.835340e-01 3.458000e+00
    endloop
  endfacet
  facet normal 9.473948e-01 3.198602e-01 1.151068e-02
    outer loop
      vertex 4.939085e-02 1.835340e-01 3.458000e+00
      vertex 4.022645e-02 2.206463e-01 3.181000e+00
      vertex 4.088403e-02 2.087304e-01 3.458000e+00
    endloop
  endfacet
  facet normal 9.361265e-01 3.514268e-01 1.289537e-02
    outer loop
      vertex 4.022645e-02 2.206463e-01 3.181000e+00
      vertex 3.031486e-02 2.470487e-01 3.181000e+00
      vertex 4.088403e-02 2.087304e-01 3.458000e+00
    endloop
  endfacet
  facet normal 9.406674e-01 3.391508e-01 1.102392e-02
    outer loop
      vertex 4.088403e-02 2.087304e-01 3.458000e+00
      vertex 3.031486e-02 2.470487e-01 3.181000e+00
      vertex 3.181303e-02 2.338897e-01 3.458000e+00
    endloop
  endfacet
  facet normal 9.288433e-01 3.702597e-01 1.256572e-02
    outer loop
      vertex 3.031486e-02 2.470487e-01 3.181000e+00
      vertex 1.980892e-02 2.734042e-01 3.181000e+00
      vertex 3.181303e-02 2.338897e-01 3.458000e+00
    endloop
  endfacet
  facet normal 9.336313e-01 3.580778e-01 1.062046e-02
    outer loop
      vertex 3.181303e-02 2.338897e-01 3.458000e+00
      vertex 1.980892e-02 2.734042e-01 3.181000e+00
      vertex 2.217784e-02 2.590119e-01 3.458000e+00
    endloop
  endfacet
  facet normal 9.233714e-01 3.837191e-01 1.204047e-02
    outer loop
      vertex 1.980892e-02 2.734042e-01 3.181000e+00
      vertex 8.870718e-03 2.997256e-01 3.181000e+00
      vertex 2.217784e-02 2.590119e-01 3.458000e+00
    endloop
  endfacet
  facet normal 9.283357e-01 3.716079e-01 1.002187e-02
    outer loop
      vertex 2.217784e-02 2.590119e-01 3.458000e+00
      vertex 8.870718e-03 2.997256e-01 3.181000e+00
      vertex 1.213234e-02 2.841071e-01 3.458000e+00
    endloop
  endfacet
  facet normal 9.184685e-01 3.953276e-01 1.147548e-02
    outer loop
      vertex 8.870718e-03 2.997256e-01 3.181000e+00
      vertex -2.445709e-03 3.260172e-01 3.181000e+00
      vertex 1.213234e-02 2.841071e-01 3.458000e+00
    endloop
  endfacet
  facet normal 9.235846e-01 3.832797e-01 9.383382e-03
    outer loop
      vertex 1.213234e-02 2.841071e-01 3.458000e+00
      vertex -2.445709e-03 3.260172e-01 3.181000e+00
      vertex 1.727811e-03 3.091788e-01 3.458000e+00
    endloop
  endfacet
  facet normal 9.156256e-01 4.018914e-01 1.063467e-02
    outer loop
      vertex -2.445709e-03 3.260172e-01 3.181000e+00
      vertex -1.397826e-02 3.522917e-01 3.181000e+00
      vertex 1.727811e-03 3.091788e-01 3.458000e+00
    endloop
  endfacet
  facet normal 9.208268e-01 3.898799e-01 8.470260e-03
    outer loop
      vertex 1.727811e-03 3.091788e-01 3.458000e+00
      vertex -1.397826e-02 3.522917e-01 3.181000e+00
      vertex -8.881874e-03 3.342370e-01 3.458000e+00
    endloop
  endfacet
  facet normal 8.629444e-01 5.050115e-01 1.703941e-02
    outer loop
      vertex -1.397826e-02 3.522917e-01 3.181000e+00
      vertex -2.918501e-02 3.782764e-01 3.181000e+00
      vertex -8.881874e-03 3.342370e-01 3.458000e+00
    endloop
  endfacet
  facet normal 8.695124e-01 4.936905e-01 1.475811e-02
    outer loop
      vertex -8.881874e-03 3.342370e-01 3.458000e+00
      vertex -2.918501e-02 3.782764e-01 3.181000e+00
      vertex -2.297924e-02 3.590660e-01 3.458000e+00
    endloop
  endfacet
  facet normal -1.214566e-01 -9.921932e-01 2.830132e-02
    outer loop
      vertex 1.278574e-02 -1.620965e-01 3.181000e+00
      vertex 1.011202e-02 -1.538681e-01 3.458000e+00
      vertex 6.033235e-03 -1.612699e-01 3.181000e+00
    endloop
  endfacet
  facet normal -1.344330e-01 -9.905143e-01 2.844754e-02
    outer loop
      vertex 1.011202e-02 -1.538681e-01 3.458000e+00
      vertex 3.719159e-03 -1.530004e-01 3.458000e+00
      vertex 6.033235e-03 -1.612699e-01 3.181000e+00
    endloop
  endfacet
  facet normal -4.152850e-01 -9.093831e-01 2.367921e-02
    outer loop
      vertex 6.033235e-03 -1.612699e-01 3.181000e+00
      vertex 3.719159e-03 -1.530004e-01 3.458000e+00
      vertex 3.495239e-03 -1.601109e-01 3.181000e+00
    endloop
  endfacet
  facet normal -4.271542e-01 -9.038721e-01 2.354734e-02
    outer loop
      vertex 3.719159e-03 -1.530004e-01 3.458000e+00
      vertex 1.326871e-03 -1.518699e-01 3.458000e+00
      vertex 3.495239e-03 -1.601109e-01 3.181000e+00
    endloop
  endfacet
  facet normal -6.195004e-01 -7.847783e-01 1.849848e-02
    outer loop
      vertex 3.495239e-03 -1.601109e-01 3.181000e+00
      vertex 1.326871e-03 -1.518699e-01 3.458000e+00
      vertex -1.201011e-03 -1.564037e-01 3.181000e+00
    endloop
  endfacet
  facet normal -6.297203e-01 -7.766027e-01 1.845793e-02
    outer loop
      vertex 1.326871e-03 -1.518699e-01 3.458000e+00
      vertex -3.080367e-03 -1.482962e-01 3.458000e+00
      vertex -1.201011e-03 -1.564037e-01 3.181000e+00
    endloop
  endfacet
  facet normal -7.903613e-01 -6.125121e-01 1.256527e-02
    outer loop
      vertex -1.201011e-03 -1.564037e-01 3.181000e+00
      vertex -3.080367e-03 -1.482962e-01 3.458000e+00
      vertex -6.164388e-03 -1.499992e-01 3.181000e+00
    endloop
  endfacet
  facet normal -7.983109e-01 -6.021140e-01 1.258985e-02
    outer loop
      vertex -3.080367e-03 -1.482962e-01 3.458000e+00
      vertex -7.707429e-03 -1.421614e-01 3.458000e+00
      vertex -6.164388e-03 -1.499992e-01 3.181000e+00
    endloop
  endfacet
  facet normal -8.855185e-01 -4.645316e-01 8.211149e-03
    outer loop
      vertex -6.164388e-03 -1.499992e-01 3.181000e+00
      vertex -7.707429e-03 -1.421614e-01 3.458000e+00
      vertex -1.301131e-02 -1.369472e-01 3.181000e+00
    endloop
  endfacet
  facet normal -8.915207e-01 -4.528994e-01 8.545041e-03
    outer loop
      vertex -7.707429e-03 -1.421614e-01 3.458000e+00
      vertex -1.403806e-02 -1.296998e-01 3.458000e+00
      vertex -1.301131e-02 -1.369472e-01 3.181000e+00
    endloop
  endfacet
  facet normal -9.474560e-01 -3.198494e-01 4.856597e-03
    outer loop
      vertex -1.301131e-02 -1.369472e-01 3.181000e+00
      vertex -1.403806e-02 -1.296998e-01 3.458000e+00
      vertex -1.748082e-02 -1.237076e-01 3.181000e+00
    endloop
  endfacet
  facet normal -9.515600e-01 -3.074197e-01 5.176487e-03
    outer loop
      vertex -1.403806e-02 -1.296998e-01 3.458000e+00
      vertex -1.811196e-02 -1.170898e-01 3.458000e+00
      vertex -1.748082e-02 -1.237076e-01 3.181000e+00
    endloop
  endfacet
  facet normal -9.700922e-01 -2.427100e-01 3.588275e-03
    outer loop
      vertex -1.748082e-02 -1.237076e-01 3.181000e+00
      vertex -1.811196e-02 -1.170898e-01 3.458000e+00
      vertex -2.081564e-02 -1.103786e-01 3.181000e+00
    endloop
  endfacet
  facet normal -9.731849e-01 -2.299908e-01 3.926623e-03
    outer loop
      vertex -1.811196e-02 -1.170898e-01 3.458000e+00
      vertex -2.110878e-02 -1.044090e-01 3.458000e+00
      vertex -2.081564e-02 -1.103786e-01 3.181000e+00
    endloop
  endfacet
  facet normal -9.844777e-01 -1.754883e-01 2.740099e-03
    outer loop
      vertex -2.081564e-02 -1.103786e-01 3.181000e+00
      vertex -2.110878e-02 -1.044090e-01 3.458000e+00
      vertex -2.559418e-02 -8.357132e-02 3.181000e+00
    endloop
  endfacet
  facet normal -9.866872e-01 -1.625863e-01 3.746446e-03
    outer loop
      vertex -2.110878e-02 -1.044090e-01 3.458000e+00
      vertex -2.530729e-02 -7.892948e-02 3.458000e+00
      vertex -2.559418e-02 -8.357132e-02 3.181000e+00
    endloop
  endfacet
  facet normal -9.924788e-01 -1.223779e-01 3.078649e-03
    outer loop
      vertex -2.559418e-02 -8.357132e-02 3.181000e+00
      vertex -2.530729e-02 -7.892948e-02 3.458000e+00
      vertex -2.891384e-02 -5.664899e-02 3.181000e+00
    endloop
  endfacet
  facet normal -9.939918e-01 -1.093758e-01 4.144168e-03
    outer loop
      vertex -2.530729e-02 -7.892948e-02 3.458000e+00
      vertex -2.812100e-02 -5.335895e-02 3.458000e+00
      vertex -2.891384e-02 -5.664899e-02 3.181000e+00
    endloop
  endfacet
  facet normal -9.967371e-01 -8.062615e-02 3.810555e-03
    outer loop
      vertex -2.891384e-02 -5.664899e-02 3.181000e+00
      vertex -2.812100e-02 -5.335895e-02 3.458000e+00
      vertex -3.109883e-02 -2.963717e-02 3.181000e+00
    endloop
  endfacet
  facet normal -9.977022e-01 -6.757202e-02 4.938862e-03
    outer loop
      vertex -2.812100e-02 -5.335895e-02 3.458000e+00
      vertex -2.985762e-02 -2.771764e-02 3.458000e+00
      vertex -3.109883e-02 -2.963717e-02 3.181000e+00
    endloop
  endfacet
  facet normal -9.989885e-01 -4.471202e-02 4.786213e-03
    outer loop
      vertex -3.109883e-02 -2.963717e-02 3.181000e+00
      vertex -2.985762e-02 -2.771764e-02 3.458000e+00
      vertex -3.231124e-02 -2.548624e-03 3.181000e+00
    endloop
  endfacet
  facet normal -9.994817e-01 -3.163163e-02 5.979104e-03
    outer loop
      vertex -2.985762e-02 -2.771764e-02 3.458000e+00
      vertex -3.067104e-02 -2.015662e-03 3.458000e+00
      vertex -3.231124e-02 -2.548624e-03 3.181000e+00
    endloop
  endfacet
  facet normal -9.996241e-01 -2.675747e-02 5.970570e-03
    outer loop
      vertex -3.231124e-02 -2.548624e-03 3.181000e+00
      vertex -3.067104e-02 -2.015662e-03 3.458000e+00
      vertex -3.303736e-02 2.457827e-02 3.181000e+00
    endloop
  endfacet
  facet normal -9.998804e-01 -1.367039e-02 7.229210e-03
    outer loop
      vertex -3.067104e-02 -2.015662e-03 3.458000e+00
      vertex -3.102285e-02 2.371666e-02 3.458000e+00
      vertex -3.303736e-02 2.457827e-02 3.181000e+00
    endloop
  endfacet
  facet normal -9.997975e-01 -1.878460e-02 7.212700e-03
    outer loop
      vertex -3.303736e-02 2.457827e-02 3.181000e+00
      vertex -3.102285e-02 2.371666e-02 3.458000e+00
      vertex -3.354735e-02 5.172222e-02 3.181000e+00
    endloop
  endfacet
  facet normal -9.999473e-01 -5.695986e-03 8.537364e-03
    outer loop
      vertex -3.102285e-02 2.371666e-02 3.458000e+00
      vertex -3.116951e-02 4.946246e-02 3.458000e+00
      vertex -3.354735e-02 5.172222e-02 3.181000e+00
    endloop
  endfacet
  facet normal -9.997487e-01 -2.077703e-02 8.412629e-03
    outer loop
      vertex -3.354735e-02 5.172222e-02 3.181000e+00
      vertex -3.116951e-02 4.946246e-02 3.458000e+00
      vertex -3.411138e-02 7.886190e-02 3.181000e+00
    endloop
  endfacet
  facet normal -9.999224e-01 -7.688841e-03 9.803590e-03
    outer loop
      vertex -3.116951e-02 4.946246e-02 3.458000e+00
      vertex -3.136745e-02 7.520489e-02 3.458000e+00
      vertex -3.411138e-02 7.886190e-02 3.181000e+00
    endloop
  endfacet
  facet normal -9.998121e-01 -1.679203e-02 9.682315e-03
    outer loop
      vertex -3.411138e-02 7.886190e-02 3.181000e+00
      vertex -3.136745e-02 7.520489e-02 3.458000e+00
      vertex -3.456734e-02 1.060101e-01 3.181000e+00
    endloop
  endfacet
  facet normal -9.999311e-01 -3.703402e-03 1.113928e-02
    outer loop
      vertex -3.136745e-02 7.520489e-02 3.458000e+00
      vertex -3.146282e-02 1.009541e-01 3.458000e+00
      vertex -3.456734e-02 1.060101e-01 3.181000e+00
    endloop
  endfacet
  facet normal -9.997646e-01 -1.878398e-02 1.086215e-02
    outer loop
      vertex -3.456734e-02 1.060101e-01 3.181000e+00
      vertex -3.146282e-02 1.009541e-01 3.458000e+00
      vertex -3.507733e-02 1.331541e-01 3.181000e+00
    endloop
  endfacet
  facet normal -9.999071e-01 -5.695757e-03 1.238545e-02
    outer loop
      vertex -3.146282e-02 1.009541e-01 3.458000e+00
      vertex -3.160947e-02 1.266999e-01 3.458000e+00
      vertex -3.507733e-02 1.331541e-01 3.181000e+00
    endloop
  endfacet
  facet normal -9.998164e-01 -1.479988e-02 1.217219e-02
    outer loop
      vertex -3.507733e-02 1.331541e-01 3.181000e+00
      vertex -3.160947e-02 1.266999e-01 3.458000e+00
      vertex -3.547925e-02 1.603065e-01 3.181000e+00
    endloop
  endfacet
  facet normal -9.999038e-01 -1.711384e-03 1.376136e-02
    outer loop
      vertex -3.160947e-02 1.266999e-01 3.458000e+00
      vertex -3.165355e-02 1.524524e-01 3.458000e+00
      vertex -3.547925e-02 1.603065e-01 3.181000e+00
    endloop
  endfacet
  facet normal -9.998276e-01 -1.280842e-02 1.344565e-02
    outer loop
      vertex -3.547925e-02 1.603065e-01 3.181000e+00
      vertex -3.165355e-02 1.524524e-01 3.458000e+00
      vertex -3.582715e-02 1.874633e-01 3.181000e+00
    endloop
  endfacet
  facet normal -9.998859e-01 2.800059e-04 1.510082e-02
    outer loop
      vertex -3.165355e-02 1.524524e-01 3.458000e+00
      vertex -3.164634e-02 1.782083e-01 3.458000e+00
      vertex -3.582715e-02 1.874633e-01 3.181000e+00
    endloop
  endfacet
  facet normal -9.998516e-01 -8.827267e-03 1.479602e-02
    outer loop
      vertex -3.582715e-02 1.874633e-01 3.181000e+00
      vertex -3.164634e-02 1.782083e-01 3.458000e+00
      vertex -3.606698e-02 2.146285e-01 3.181000e+00
    endloop
  endfacet
  facet normal -9.998545e-01 4.261028e-03 1.651692e-02
    outer loop
      vertex -3.164634e-02 1.782083e-01 3.458000e+00
      vertex -3.153655e-02 2.039710e-01 3.458000e+00
      vertex -3.606698e-02 2.146285e-01 3.181000e+00
    endloop
  endfacet
  facet normal -9.998640e-01 -2.859788e-03 1.624310e-02
    outer loop
      vertex -3.606698e-02 2.146285e-01 3.181000e+00
      vertex -3.153655e-02 2.039710e-01 3.458000e+00
      vertex -3.614471e-02 2.418066e-01 3.181000e+00
    endloop
  endfacet
  facet normal -9.997851e-01 1.022796e-02 1.802946e-02
    outer loop
      vertex -3.153655e-02 2.039710e-01 3.458000e+00
      vertex -3.127289e-02 2.297437e-01 3.458000e+00
      vertex -3.614471e-02 2.418066e-01 3.181000e+00
    endloop
  endfacet
  facet normal -9.998285e-01 5.088086e-03 1.780639e-02
    outer loop
      vertex -3.614471e-02 2.418066e-01 3.181000e+00
      vertex -3.127289e-02 2.297437e-01 3.458000e+00
      vertex -3.600632e-02 2.690016e-01 3.181000e+00
    endloop
  endfacet
  facet normal -9.996416e-01 1.817437e-02 1.965785e-02
    outer loop
      vertex -3.127289e-02 2.297437e-01 3.458000e+00
      vertex -3.080407e-02 2.555300e-01 3.458000e+00
      vertex -3.600632e-02 2.690016e-01 3.181000e+00
    endloop
  endfacet
  facet normal -9.997743e-01 9.057746e-03 1.921696e-02
    outer loop
      vertex -3.600632e-02 2.690016e-01 3.181000e+00
      vertex -3.080407e-02 2.555300e-01 3.458000e+00
      vertex -3.575986e-02 2.962053e-01 3.181000e+00
    endloop
  endfacet
  facet normal -9.995314e-01 2.214275e-02 2.113405e-02
    outer loop
      vertex -3.080407e-02 2.555300e-01 3.458000e+00
      vertex -3.023267e-02 2.813230e-01 3.458000e+00
      vertex -3.575986e-02 2.962053e-01 3.181000e+00
    endloop
  endfacet
  facet normal -9.997020e-01 1.302425e-02 2.064755e-02
    outer loop
      vertex -3.575986e-02 2.962053e-01 3.181000e+00
      vertex -3.023267e-02 2.813230e-01 3.458000e+00
      vertex -3.540534e-02 3.234174e-01 3.181000e+00
    endloop
  endfacet
  facet normal -9.994030e-01 2.610771e-02 2.263019e-02
    outer loop
      vertex -3.023267e-02 2.813230e-01 3.458000e+00
      vertex -2.955870e-02 3.071227e-01 3.458000e+00
      vertex -3.540534e-02 3.234174e-01 3.181000e+00
    endloop
  endfacet
  facet normal -9.996115e-01 1.698739e-02 2.209809e-02
    outer loop
      vertex -3.540534e-02 3.234174e-01 3.181000e+00
      vertex -2.955870e-02 3.071227e-01 3.458000e+00
      vertex -3.494275e-02 3.506381e-01 3.181000e+00
    endloop
  endfacet
  facet normal -9.992561e-01 3.006902e-02 2.414624e-02
    outer loop
      vertex -2.955870e-02 3.071227e-01 3.458000e+00
      vertex -2.878215e-02 3.329292e-01 3.458000e+00
      vertex -3.494275e-02 3.506381e-01 3.181000e+00
    endloop
  endfacet
  facet normal -9.783895e-01 2.038225e-01 3.479038e-02
    outer loop
      vertex -3.494275e-02 3.506381e-01 3.181000e+00
      vertex -2.878215e-02 3.329292e-01 3.458000e+00
      vertex -2.918501e-02 3.782764e-01 3.181000e+00
    endloop
  endfacet
  facet normal -9.755647e-01 2.165956e-01 3.687733e-02
    outer loop
      vertex -2.878215e-02 3.329292e-01 3.458000e+00
      vertex -2.297924e-02 3.590660e-01 3.458000e+00
      vertex -2.918501e-02 3.782764e-01 3.181000e+00
    endloop
  endfacet
  facet normal 2.091371e-01 -9.773975e-01 3.091712e-02
    outer loop
      vertex 1.011202e-02 -1.538681e-01 3.458000e+00
      vertex 1.879823e-02 -1.520095e-01 3.458000e+00
      vertex 7.859281e-03 -1.455880e-01 3.735000e+00
    endloop
  endfacet
  facet normal 1.976961e-01 -9.797881e-01 3.052073e-02
    outer loop
      vertex 7.859281e-03 -1.455880e-01 3.735000e+00
      vertex 1.879823e-02 -1.520095e-01 3.458000e+00
      vertex 1.609230e-02 -1.439268e-01 3.735000e+00
    endloop
  endfacet
  facet normal 4.100854e-01 -9.115335e-01 3.060388e-02
    outer loop
      vertex 1.879823e-02 -1.520095e-01 3.458000e+00
      vertex 2.215035e-02 -1.505014e-01 3.458000e+00
      vertex 1.609230e-02 -1.439268e-01 3.735000e+00
    endloop
  endfacet
  facet normal 3.993999e-01 -9.162699e-01 3.048260e-02
    outer loop
      vertex 1.609230e-02 -1.439268e-01 3.735000e+00
      vertex 2.215035e-02 -1.505014e-01 3.458000e+00
      vertex 1.927828e-02 -1.425381e-01 3.735000e+00
    endloop
  endfacet
  facet normal 5.390525e-01 -8.417452e-01 2.978811e-02
    outer loop
      vertex 2.215035e-02 -1.505014e-01 3.458000e+00
      vertex 2.887290e-02 -1.461963e-01 3.458000e+00
      vertex 1.927828e-02 -1.425381e-01 3.735000e+00
    endloop
  endfacet
  facet normal 5.291768e-01 -8.479976e-01 2.952862e-02
    outer loop
      vertex 1.927828e-02 -1.425381e-01 3.735000e+00
      vertex 2.887290e-02 -1.461963e-01 3.458000e+00
      vertex 2.568178e-02 -1.385421e-01 3.735000e+00
    endloop
  endfacet
  facet normal 6.889150e-01 -7.243030e-01 2.795085e-02
    outer loop
      vertex 2.887290e-02 -1.461963e-01 3.458000e+00
      vertex 3.614497e-02 -1.392795e-01 3.458000e+00
      vertex 2.568178e-02 -1.385421e-01 3.735000e+00
    endloop
  endfacet
  facet normal 6.804040e-01 -7.323154e-01 2.765069e-02
    outer loop
      vertex 2.568178e-02 -1.385421e-01 3.735000e+00
      vertex 3.614497e-02 -1.392795e-01 3.458000e+00
      vertex 3.263372e-02 -1.320829e-01 3.735000e+00
    endloop
  endfacet
  facet normal 8.087489e-01 -5.876003e-01 2.551783e-02
    outer loop
      vertex 3.614497e-02 -1.392795e-01 3.458000e+00
      vertex 4.597049e-02 -1.257561e-01 3.458000e+00
      vertex 3.263372e-02 -1.320829e-01 3.735000e+00
    endloop
  endfacet
  facet normal 8.018336e-01 -5.970254e-01 2.496961e-02
    outer loop
      vertex 3.263372e-02 -1.320829e-01 3.735000e+00
      vertex 4.597049e-02 -1.257561e-01 3.458000e+00
      vertex 4.207288e-02 -1.194057e-01 3.735000e+00
    endloop
  endfacet
  facet normal 8.864555e-01 -4.622385e-01 2.307024e-02
    outer loop
      vertex 4.597049e-02 -1.257561e-01 3.458000e+00
      vertex 5.292381e-02 -1.124214e-01 3.458000e+00
      vertex 4.207288e-02 -1.194057e-01 3.735000e+00
    endloop
  endfacet
  facet normal 8.809993e-01 -4.725778e-01 2.259581e-02
    outer loop
      vertex 4.207288e-02 -1.194057e-01 3.735000e+00
      vertex 5.292381e-02 -1.124214e-01 3.458000e+00
      vertex 4.879440e-02 -1.068751e-01 3.735000e+00
    endloop
  endfacet
  facet normal 9.203724e-01 -3.904494e-01 2.153835e-02
    outer loop
      vertex 5.292381e-02 -1.124214e-01 3.458000e+00
      vertex 5.854360e-02 -9.917434e-02 3.458000e+00
      vertex 4.879440e-02 -1.068751e-01 3.735000e+00
    endloop
  endfacet
  facet normal 9.157528e-01 -4.011890e-01 2.107719e-02
    outer loop
      vertex 4.879440e-02 -1.068751e-01 3.735000e+00
      vertex 5.854360e-02 -9.917434e-02 3.458000e+00
      vertex 5.425415e-02 -9.441272e-02 3.735000e+00
    endloop
  endfacet
  facet normal 9.548478e-01 -2.964295e-01 1.988178e-02
    outer loop
      vertex 5.854360e-02 -9.917434e-02 3.458000e+00
      vertex 6.670582e-02 -7.288249e-02 3.458000e+00
      vertex 5.425415e-02 -9.441272e-02 3.735000e+00
    endloop
  endfacet
  facet normal 9.513351e-01 -3.075808e-01 1.885713e-02
    outer loop
      vertex 5.425415e-02 -9.441272e-02 3.735000e+00
      vertex 6.670582e-02 -7.288249e-02 3.458000e+00
      vertex 6.226191e-02 -6.964506e-02 3.735000e+00
    endloop
  endfacet
  facet normal 9.764653e-01 -2.149071e-01 1.817717e-02
    outer loop
      vertex 6.670582e-02 -7.288249e-02 3.458000e+00
      vertex 7.245744e-02 -4.674907e-02 3.458000e+00
      vertex 6.226191e-02 -6.964506e-02 3.735000e+00
    endloop
  endfacet
  facet normal 9.739034e-01 -2.263148e-01 1.713994e-02
    outer loop
      vertex 6.226191e-02 -6.964506e-02 3.735000e+00
      vertex 7.245744e-02 -4.674907e-02 3.458000e+00
      vertex 6.798878e-02 -4.500052e-02 3.735000e+00
    endloop
  endfacet
  facet normal 9.887764e-01 -1.484454e-01 1.688834e-02
    outer loop
      vertex 7.245744e-02 -4.674907e-02 3.458000e+00
      vertex 7.636265e-02 -2.073698e-02 3.458000e+00
      vertex 6.798878e-02 -4.500052e-02 3.735000e+00
    endloop
  endfacet
  facet normal 9.869902e-01 -1.600002e-01 1.582220e-02
    outer loop
      vertex 6.798878e-02 -4.500052e-02 3.735000e+00
      vertex 7.636265e-02 -2.073698e-02 3.458000e+00
      vertex 7.196860e-02 -2.045030e-02 3.735000e+00
    endloop
  endfacet
  facet normal 9.968808e-01 -7.730549e-02 1.589351e-02
    outer loop
      vertex 7.636265e-02 -2.073698e-02 3.458000e+00
      vertex 7.837014e-02 5.150388e-03 3.458000e+00
      vertex 7.196860e-02 -2.045030e-02 3.735000e+00
    endloop
  endfacet
  facet normal 9.959254e-01 -8.895867e-02 1.479443e-02
    outer loop
      vertex 7.196860e-02 -2.045030e-02 3.735000e+00
      vertex 7.837014e-02 5.150388e-03 3.458000e+00
      vertex 7.415283e-02 4.002994e-03 3.735000e+00
    endloop
  endfacet
  facet normal 9.998841e-01 -2.800054e-04 1.522203e-02
    outer loop
      vertex 7.837014e-02 5.150388e-03 3.458000e+00
      vertex 7.837736e-02 3.090630e-02 3.458000e+00
      vertex 7.415283e-02 4.002994e-03 3.735000e+00
    endloop
  endfacet
  facet normal 9.998291e-01 -1.197227e-02 1.408559e-02
    outer loop
      vertex 7.415283e-02 4.002994e-03 3.735000e+00
      vertex 7.837736e-02 3.090630e-02 3.458000e+00
      vertex 7.444442e-02 2.835412e-02 3.735000e+00
    endloop
  endfacet
  facet normal 9.978680e-01 6.357454e-02 1.475381e-02
    outer loop
      vertex 7.837736e-02 3.090630e-02 3.458000e+00
      vertex 7.674331e-02 5.655435e-02 3.458000e+00
      vertex 7.444442e-02 2.835412e-02 3.735000e+00
    endloop
  endfacet
  facet normal 9.985599e-01 5.190256e-02 1.357128e-02
    outer loop
      vertex 7.444442e-02 2.835412e-02 3.735000e+00
      vertex 7.674331e-02 5.655435e-02 3.458000e+00
      vertex 7.318307e-02 5.262141e-02 3.735000e+00
    endloop
  endfacet
  facet normal 9.925159e-01 1.212540e-01 1.447827e-02
    outer loop
      vertex 7.674331e-02 5.655435e-02 3.458000e+00
      vertex 7.362187e-02 8.210465e-02 3.458000e+00
      vertex 7.318307e-02 5.262141e-02 3.735000e+00
    endloop
  endfacet
  facet normal 9.938829e-01 1.096417e-01 1.324445e-02
    outer loop
      vertex 7.318307e-02 5.262141e-02 3.735000e+00
      vertex 7.362187e-02 8.210465e-02 3.458000e+00
      vertex 7.051437e-02 7.681272e-02 3.735000e+00
    endloop
  endfacet
  facet normal 9.852751e-01 1.703771e-01 1.430819e-02
    outer loop
      vertex 7.362187e-02 8.210465e-02 3.458000e+00
      vertex 6.921820e-02 1.075707e-01 3.458000e+00
      vertex 7.051437e-02 7.681272e-02 3.735000e+00
    endloop
  endfacet
  facet normal 9.872174e-01 1.588470e-01 1.301881e-02
    outer loop
      vertex 7.051437e-02 7.681272e-02 3.735000e+00
      vertex 6.921820e-02 1.075707e-01 3.458000e+00
      vertex 6.663243e-02 1.009385e-01 3.735000e+00
    endloop
  endfacet
  facet normal 9.769812e-01 2.128514e-01 1.421627e-02
    outer loop
      vertex 6.921820e-02 1.075707e-01 3.458000e+00
      vertex 6.368616e-02 1.329626e-01 3.458000e+00
      vertex 6.663243e-02 1.009385e-01 3.735000e+00
    endloop
  endfacet
  facet normal 9.794212e-01 2.014163e-01 1.286830e-02
    outer loop
      vertex 6.663243e-02 1.009385e-01 3.735000e+00
      vertex 6.368616e-02 1.329626e-01 3.458000e+00
      vertex 6.168285e-02 1.250067e-01 3.735000e+00
    endloop
  endfacet
  facet normal 9.669959e-01 2.543903e-01 1.429992e-02
    outer loop
      vertex 6.368616e-02 1.329626e-01 3.458000e+00
      vertex 5.702576e-02 1.582803e-01 3.458000e+00
      vertex 6.168285e-02 1.250067e-01 3.735000e+00
    endloop
  endfacet
  facet normal 9.699231e-01 2.430701e-01 1.289091e-02
    outer loop
      vertex 6.168285e-02 1.250067e-01 3.735000e+00
      vertex 5.702576e-02 1.582803e-01 3.458000e+00
      vertex 5.566563e-02 1.490173e-01 3.735000e+00
    endloop
  endfacet
  facet normal 9.571118e-01 2.893620e-01 1.437603e-02
    outer loop
      vertex 5.702576e-02 1.582803e-01 3.458000e+00
      vertex 4.939085e-02 1.835340e-01 3.458000e+00
      vertex 5.566563e-02 1.490173e-01 3.735000e+00
    endloop
  endfacet
  facet normal 9.604493e-01 2.781558e-01 1.290404e-02
    outer loop
      vertex 5.566563e-02 1.490173e-01 3.735000e+00
      vertex 4.939085e-02 1.835340e-01 3.458000e+00
      vertex 4.872634e-02 1.729781e-01 3.735000e+00
    endloop
  endfacet
  facet normal 9.473585e-01 3.198479e-01 1.446144e-02
    outer loop
      vertex 4.939085e-02 1.835340e-01 3.458000e+00
      vertex 4.088403e-02 2.087304e-01 3.458000e+00
      vertex 4.872634e-02 1.729781e-01 3.735000e+00
    endloop
  endfacet
  facet normal 9.510539e-01 3.087547e-01 1.292501e-02
    outer loop
      vertex 4.872634e-02 1.729781e-01 3.735000e+00
      vertex 4.088403e-02 2.087304e-01 3.458000e+00
      vertex 4.096206e-02 1.968943e-01 3.735000e+00
    endloop
  endfacet
  facet normal 9.406294e-01 3.391371e-01 1.422617e-02
    outer loop
      vertex 4.088403e-02 2.087304e-01 3.458000e+00
      vertex 3.181303e-02 2.338897e-01 3.458000e+00
      vertex 4.096206e-02 1.968943e-01 3.735000e+00
    endloop
  endfacet
  facet normal 9.445511e-01 3.281218e-01 1.262547e-02
    outer loop
      vertex 4.096206e-02 1.968943e-01 3.735000e+00
      vertex 3.181303e-02 2.338897e-01 3.458000e+00
      vertex 3.266395e-02 2.207817e-01 3.735000e+00
    endloop
  endfacet
  facet normal 9.335915e-01 3.580626e-01 1.407596e-02
    outer loop
      vertex 3.181303e-02 2.338897e-01 3.458000e+00
      vertex 2.217784e-02 2.590119e-01 3.458000e+00
      vertex 3.266395e-02 2.207817e-01 3.735000e+00
    endloop
  endfacet
  facet normal 9.377353e-01 3.471288e-01 1.241008e-02
    outer loop
      vertex 3.266395e-02 2.207817e-01 3.735000e+00
      vertex 2.217784e-02 2.590119e-01 3.458000e+00
      vertex 2.383203e-02 2.446403e-01 3.735000e+00
    endloop
  endfacet
  facet normal 9.282947e-01 3.715915e-01 1.373565e-02
    outer loop
      vertex 2.217784e-02 2.590119e-01 3.458000e+00
      vertex 1.213234e-02 2.841071e-01 3.458000e+00
      vertex 2.383203e-02 2.446403e-01 3.735000e+00
    endloop
  endfacet
  facet normal 9.325972e-01 3.607192e-01 1.200484e-02
    outer loop
      vertex 2.383203e-02 2.446403e-01 3.735000e+00
      vertex 1.213234e-02 2.841071e-01 3.458000e+00
      vertex 1.461186e-02 2.684780e-01 3.735000e+00
    endloop
  endfacet
  facet normal 9.235429e-01 3.832624e-01 1.335784e-02
    outer loop
      vertex 1.213234e-02 2.841071e-01 3.458000e+00
      vertex 1.727811e-03 3.091788e-01 3.458000e+00
      vertex 1.461186e-02 2.684780e-01 3.735000e+00
    endloop
  endfacet
  facet normal 9.279822e-01 3.724452e-01 1.156193e-02
    outer loop
      vertex 1.461186e-02 2.684780e-01 3.735000e+00
      vertex 1.727811e-03 3.091788e-01 3.458000e+00
      vertex 5.051995e-03 2.922973e-01 3.735000e+00
    endloop
  endfacet
  facet normal 9.207854e-01 3.898624e-01 1.270978e-02
    outer loop
      vertex 1.727811e-03 3.091788e-01 3.458000e+00
      vertex -8.881874e-03 3.342370e-01 3.458000e+00
      vertex 5.051995e-03 2.922973e-01 3.735000e+00
    endloop
  endfacet
  facet normal 9.253016e-01 3.790769e-01 1.084960e-02
    outer loop
      vertex 5.051995e-03 2.922973e-01 3.735000e+00
      vertex -8.881874e-03 3.342370e-01 3.458000e+00
      vertex -4.701990e-03 3.161061e-01 3.735000e+00
    endloop
  endfacet
  facet normal 8.694470e-01 4.936534e-01 1.919197e-02
    outer loop
      vertex -8.881874e-03 3.342370e-01 3.458000e+00
      vertex -2.297924e-02 3.590660e-01 3.458000e+00
      vertex -4.701990e-03 3.161061e-01 3.735000e+00
    endloop
  endfacet
  facet normal 8.751913e-01 4.834700e-01 1.723362e-02
    outer loop
      vertex -4.701990e-03 3.161061e-01 3.735000e+00
      vertex -2.297924e-02 3.590660e-01 3.458000e+00
      vertex -1.775597e-02 3.397368e-01 3.735000e+00
    endloop
  endfacet
  facet normal -1.344327e-01 -9.905124e-01 2.851503e-02
    outer loop
      vertex 1.011202e-02 -1.538681e-01 3.458000e+00
      vertex 7.859281e-03 -1.455880e-01 3.735000e+00
      vertex 3.719159e-03 -1.530004e-01 3.458000e+00
    endloop
  endfacet
  facet normal -1.460055e-01 -9.888690e-01 2.864402e-02
    outer loop
      vertex 7.859281e-03 -1.455880e-01 3.735000e+00
      vertex 1.824678e-03 -1.446970e-01 3.735000e+00
      vertex 3.719159e-03 -1.530004e-01 3.458000e+00
    endloop
  endfacet
  facet normal -4.271479e-01 -9.038586e-01 2.417292e-02
    outer loop
      vertex 3.719159e-03 -1.530004e-01 3.458000e+00
      vertex 1.824678e-03 -1.446970e-01 3.735000e+00
      vertex 1.326871e-03 -1.518699e-01 3.458000e+00
    endloop
  endfacet
  facet normal -4.376891e-01 -8.988044e-01 2.406098e-02
    outer loop
      vertex 1.824678e-03 -1.446970e-01 3.735000e+00
      vertex -4.246360e-04 -1.436017e-01 3.735000e+00
      vertex 1.326871e-03 -1.518699e-01 3.458000e+00
    endloop
  endfacet
  facet normal -6.297115e-01 -7.765918e-01 1.919886e-02
    outer loop
      vertex 1.326871e-03 -1.518699e-01 3.458000e+00
      vertex -4.246360e-04 -1.436017e-01 3.735000e+00
      vertex -3.080367e-03 -1.482962e-01 3.458000e+00
    endloop
  endfacet
  facet normal -6.387499e-01 -7.691758e-01 1.915983e-02
    outer loop
      vertex -4.246360e-04 -1.436017e-01 3.735000e+00
      vertex -4.551995e-03 -1.401742e-01 3.735000e+00
      vertex -3.080367e-03 -1.482962e-01 3.458000e+00
    endloop
  endfacet
  facet normal -7.983023e-01 -6.021075e-01 1.341349e-02
    outer loop
      vertex -3.080367e-03 -1.482962e-01 3.458000e+00
      vertex -4.551995e-03 -1.401742e-01 3.735000e+00
      vertex -7.707429e-03 -1.421614e-01 3.458000e+00
    endloop
  endfacet
  facet normal -8.052883e-01 -5.927314e-01 1.342580e-02
    outer loop
      vertex -4.551995e-03 -1.401742e-01 3.735000e+00
      vertex -8.858871e-03 -1.343228e-01 3.735000e+00
      vertex -7.707429e-03 -1.421614e-01 3.458000e+00
    endloop
  endfacet
  facet normal -8.915162e-01 -4.528972e-01 9.110308e-03
    outer loop
      vertex -7.707429e-03 -1.421614e-01 3.458000e+00
      vertex -8.858871e-03 -1.343228e-01 3.735000e+00
      vertex -1.403806e-02 -1.296998e-01 3.458000e+00
    endloop
  endfacet
  facet normal -8.967489e-01 -4.424402e-01 9.382671e-03
    outer loop
      vertex -8.858871e-03 -1.343228e-01 3.735000e+00
      vertex -1.470645e-02 -1.224708e-01 3.735000e+00
      vertex -1.403806e-02 -1.296998e-01 3.458000e+00
    endloop
  endfacet
  facet normal -9.515571e-01 -3.074187e-01 5.726725e-03
    outer loop
      vertex -1.403806e-02 -1.296998e-01 3.458000e+00
      vertex -1.470645e-02 -1.224708e-01 3.735000e+00
      vertex -1.811196e-02 -1.170898e-01 3.458000e+00
    endloop
  endfacet
  facet normal -9.550854e-01 -2.962703e-01 5.986673e-03
    outer loop
      vertex -1.470645e-02 -1.224708e-01 3.735000e+00
      vertex -1.841874e-02 -1.105035e-01 3.735000e+00
      vertex -1.811196e-02 -1.170898e-01 3.458000e+00
    endloop
  endfacet
  facet normal -9.731830e-01 -2.299904e-01 4.390686e-03
    outer loop
      vertex -1.811196e-02 -1.170898e-01 3.458000e+00
      vertex -1.841874e-02 -1.105035e-01 3.735000e+00
      vertex -2.110878e-02 -1.044090e-01 3.458000e+00
    endloop
  endfacet
  facet normal -9.758046e-01 -2.185945e-01 4.666876e-03
    outer loop
      vertex -1.841874e-02 -1.105035e-01 3.735000e+00
      vertex -2.111191e-02 -9.848121e-02 3.735000e+00
      vertex -2.110878e-02 -1.044090e-01 3.458000e+00
    endloop
  endfacet
  facet normal -9.866882e-01 -1.625865e-01 3.468183e-03
    outer loop
      vertex -2.110878e-02 -1.044090e-01 3.458000e+00
      vertex -2.111191e-02 -9.848121e-02 3.735000e+00
      vertex -2.530729e-02 -7.892948e-02 3.458000e+00
    endloop
  endfacet
  facet normal -9.885187e-01 -1.510371e-01 4.311108e-03
    outer loop
      vertex -2.111191e-02 -9.848121e-02 3.735000e+00
      vertex -2.479973e-02 -7.434491e-02 3.735000e+00
      vertex -2.530729e-02 -7.892948e-02 3.458000e+00
    endloop
  endfacet
  facet normal -9.939938e-01 -1.093760e-01 3.631617e-03
    outer loop
      vertex -2.530729e-02 -7.892948e-02 3.458000e+00
      vertex -2.479973e-02 -7.434491e-02 3.735000e+00
      vertex -2.812100e-02 -5.335895e-02 3.458000e+00
    endloop
  endfacet
  facet normal -9.952012e-01 -9.774499e-02 4.527279e-03
    outer loop
      vertex -2.479973e-02 -7.434491e-02 3.735000e+00
      vertex -2.717725e-02 -5.013787e-02 3.735000e+00
      vertex -2.812100e-02 -5.335895e-02 3.458000e+00
    endloop
  endfacet
  facet normal -9.977056e-01 -6.757226e-02 4.184950e-03
    outer loop
      vertex -2.812100e-02 -5.335895e-02 3.458000e+00
      vertex -2.717725e-02 -5.013787e-02 3.735000e+00
      vertex -2.985762e-02 -2.771764e-02 3.458000e+00
    endloop
  endfacet
  facet normal -9.984231e-01 -5.590078e-02 5.136576e-03
    outer loop
      vertex -2.717725e-02 -5.013787e-02 3.735000e+00
      vertex -2.853566e-02 -2.587582e-02 3.735000e+00
      vertex -2.985762e-02 -2.771764e-02 3.458000e+00
    endloop
  endfacet
  facet normal -9.994872e-01 -3.163180e-02 4.980285e-03
    outer loop
      vertex -2.985762e-02 -2.771764e-02 3.458000e+00
      vertex -2.853566e-02 -2.587582e-02 3.735000e+00
      vertex -3.067104e-02 -2.015662e-03 3.458000e+00
    endloop
  endfacet
  facet normal -9.997832e-01 -1.994209e-02 5.989493e-03
    outer loop
      vertex -2.853566e-02 -2.587582e-02 3.735000e+00
      vertex -2.902055e-02 -1.566617e-03 3.735000e+00
      vertex -3.067104e-02 -2.015662e-03 3.458000e+00
    endloop
  endfacet
  facet normal -9.998887e-01 -1.367050e-02 5.979955e-03
    outer loop
      vertex -3.067104e-02 -2.015662e-03 3.458000e+00
      vertex -2.902055e-02 -1.566617e-03 3.735000e+00
      vertex -3.102285e-02 2.371666e-02 3.458000e+00
    endloop
  endfacet
  facet normal -9.999732e-01 -1.977417e-03 7.047856e-03
    outer loop
      vertex -2.902055e-02 -1.566617e-03 3.735000e+00
      vertex -2.906866e-02 2.276617e-02 3.735000e+00
      vertex -3.102285e-02 2.371666e-02 3.458000e+00
    endloop
  endfacet
  facet normal -9.999590e-01 -5.696053e-03 7.034996e-03
    outer loop
      vertex -3.102285e-02 2.371666e-02 3.458000e+00
      vertex -2.906866e-02 2.276617e-02 3.735000e+00
      vertex -3.116951e-02 4.946246e-02 3.458000e+00
    endloop
  endfacet
  facet normal -9.999487e-01 5.997246e-03 8.161877e-03
    outer loop
      vertex -2.906866e-02 2.276617e-02 3.735000e+00
      vertex -2.892266e-02 4.710943e-02 3.735000e+00
      vertex -3.116951e-02 4.946246e-02 3.458000e+00
    endloop
  endfacet
  facet normal -9.999381e-01 -7.688962e-03 8.045531e-03
    outer loop
      vertex -3.116951e-02 4.946246e-02 3.458000e+00
      vertex -2.892266e-02 4.710943e-02 3.735000e+00
      vertex -3.136745e-02 7.520489e-02 3.458000e+00
    endloop
  endfacet
  facet normal -9.999494e-01 4.004238e-03 9.231644e-03
    outer loop
      vertex -2.892266e-02 4.710943e-02 3.735000e+00
      vertex -2.882519e-02 7.145007e-02 3.735000e+00
      vertex -3.136745e-02 7.520489e-02 3.458000e+00
    endloop
  endfacet
  facet normal -9.999515e-01 -3.703477e-03 9.127184e-03
    outer loop
      vertex -3.136745e-02 7.520489e-02 3.458000e+00
      vertex -2.882519e-02 7.145007e-02 3.735000e+00
      vertex -3.146282e-02 1.009541e-01 3.458000e+00
    endloop
  endfacet
  facet normal -9.999143e-01 7.989551e-03 1.037228e-02
    outer loop
      vertex -2.882519e-02 7.145007e-02 3.735000e+00
      vertex -2.863066e-02 9.579596e-02 3.735000e+00
      vertex -3.146282e-02 1.009541e-01 3.458000e+00
    endloop
  endfacet
  facet normal -9.999326e-01 -5.695902e-03 1.011763e-02
    outer loop
      vertex -3.146282e-02 1.009541e-01 3.458000e+00
      vertex -2.863066e-02 9.579596e-02 3.735000e+00
      vertex -3.160947e-02 1.266999e-01 3.458000e+00
    endloop
  endfacet
  facet normal -9.999168e-01 5.997054e-03 1.142200e-02
    outer loop
      vertex -2.863066e-02 9.579596e-02 3.735000e+00
      vertex -2.848466e-02 1.201392e-01 3.735000e+00
      vertex -3.160947e-02 1.266999e-01 3.458000e+00
    endloop
  endfacet
  facet normal -9.999354e-01 -1.711438e-03 1.123964e-02
    outer loop
      vertex -3.160947e-02 1.266999e-01 3.458000e+00
      vertex -2.848466e-02 1.201392e-01 3.735000e+00
      vertex -3.165355e-02 1.524524e-01 3.458000e+00
    endloop
  endfacet
  facet normal -9.998708e-01 9.981200e-03 1.260289e-02
    outer loop
      vertex -2.848466e-02 1.201392e-01 3.735000e+00
      vertex -2.824160e-02 1.444877e-01 3.735000e+00
      vertex -3.165355e-02 1.524524e-01 3.458000e+00
    endloop
  endfacet
  facet normal -9.999240e-01 2.800165e-04 1.232461e-02
    outer loop
      vertex -3.165355e-02 1.524524e-01 3.458000e+00
      vertex -2.824160e-02 1.444877e-01 3.735000e+00
      vertex -3.164634e-02 1.782083e-01 3.458000e+00
    endloop
  endfacet
  facet normal -9.998338e-01 1.197233e-02 1.374686e-02
    outer loop
      vertex -2.824160e-02 1.444877e-01 3.735000e+00
      vertex -2.795002e-02 1.688388e-01 3.735000e+00
      vertex -3.164634e-02 1.782083e-01 3.458000e+00
    endloop
  endfacet
  facet normal -9.999000e-01 4.261221e-03 1.348692e-02
    outer loop
      vertex -3.164634e-02 1.782083e-01 3.458000e+00
      vertex -2.795002e-02 1.688388e-01 3.735000e+00
      vertex -3.153655e-02 2.039710e-01 3.458000e+00
    endloop
  endfacet
  facet normal -9.997607e-01 1.595286e-02 1.496798e-02
    outer loop
      vertex -2.795002e-02 1.688388e-01 3.735000e+00
      vertex -2.756137e-02 1.931952e-01 3.735000e+00
      vertex -3.153655e-02 2.039710e-01 3.458000e+00
    endloop
  endfacet
  facet normal -9.998389e-01 1.022851e-02 1.474641e-02
    outer loop
      vertex -3.153655e-02 2.039710e-01 3.458000e+00
      vertex -2.756137e-02 1.931952e-01 3.735000e+00
      vertex -3.127289e-02 2.297437e-01 3.458000e+00
    endloop
  endfacet
  facet normal -9.996271e-01 2.191884e-02 1.628604e-02
    outer loop
      vertex -2.756137e-02 1.931952e-01 3.735000e+00
      vertex -2.702713e-02 2.175594e-01 3.735000e+00
      vertex -3.127289e-02 2.297437e-01 3.458000e+00
    endloop
  endfacet
  facet normal -9.997048e-01 1.817552e-02 1.612258e-02
    outer loop
      vertex -3.127289e-02 2.297437e-01 3.458000e+00
      vertex -2.702713e-02 2.175594e-01 3.735000e+00
      vertex -3.080407e-02 2.555300e-01 3.458000e+00
    endloop
  endfacet
  facet normal -9.993969e-01 2.986346e-02 1.772054e-02
    outer loop
      vertex -2.702713e-02 2.175594e-01 3.735000e+00
      vertex -2.629878e-02 2.419341e-01 3.735000e+00
      vertex -3.080407e-02 2.555300e-01 3.458000e+00
    endloop
  endfacet
  facet normal -9.996043e-01 2.214437e-02 1.734504e-02
    outer loop
      vertex -3.080407e-02 2.555300e-01 3.458000e+00
      vertex -2.629878e-02 2.419341e-01 3.735000e+00
      vertex -3.023267e-02 2.813230e-01 3.458000e+00
    endloop
  endfacet
  facet normal -9.992469e-01 3.383065e-02 1.900173e-02
    outer loop
      vertex -2.629878e-02 2.419341e-01 3.735000e+00
      vertex -2.547337e-02 2.663141e-01 3.735000e+00
      vertex -3.023267e-02 2.813230e-01 3.458000e+00
    endloop
  endfacet
  facet normal -9.994863e-01 2.610989e-02 1.858750e-02
    outer loop
      vertex -3.023267e-02 2.813230e-01 3.458000e+00
      vertex -2.547337e-02 2.663141e-01 3.735000e+00
      vertex -2.955870e-02 3.071227e-01 3.458000e+00
    endloop
  endfacet
  facet normal -9.990793e-01 3.779427e-02 2.030288e-02
    outer loop
      vertex -2.547337e-02 2.663141e-01 3.735000e+00
      vertex -2.455090e-02 2.906992e-01 3.735000e+00
      vertex -2.955870e-02 3.071227e-01 3.458000e+00
    endloop
  endfacet
  facet normal -9.993506e-01 3.007187e-02 1.984992e-02
    outer loop
      vertex -2.955870e-02 3.071227e-01 3.458000e+00
      vertex -2.455090e-02 2.906992e-01 3.735000e+00
      vertex -2.878215e-02 3.329292e-01 3.458000e+00
    endloop
  endfacet
  facet normal -9.988939e-01 4.175412e-02 2.162396e-02
    outer loop
      vertex -2.455090e-02 2.906992e-01 3.735000e+00
      vertex -2.353137e-02 3.150897e-01 3.735000e+00
      vertex -2.878215e-02 3.329292e-01 3.458000e+00
    endloop
  endfacet
  facet normal -9.757147e-01 2.166289e-01 3.244696e-02
    outer loop
      vertex -2.878215e-02 3.329292e-01 3.458000e+00
      vertex -2.353137e-02 3.150897e-01 3.735000e+00
      vertex -2.297924e-02 3.590660e-01 3.458000e+00
    endloop
  endfacet
  facet normal -9.730560e-01 2.280097e-01 3.425908e-02
    outer loop
      vertex -2.353137e-02 3.150897e-01 3.735000e+00
      vertex -1.775597e-02 3.397368e-01 3.735000e+00
      vertex -2.297924e-02 3.590660e-01 3.458000e+00
    endloop
  endfacet
  facet normal 1.977266e-01 -9.799395e-01 2.495536e-02
    outer loop
      vertex 7.859281e-03 -1.455880e-01 3.735000e+00
      vertex 1.609230e-02 -1.439268e-01 3.735000e+00
      vertex 7.583480e-03 -1.447014e-01 3.772000e+00
    endloop
  endfacet
  facet normal 1.961888e-01 -9.802576e-01 2.459506e-02
    outer loop
      vertex 7.583480e-03 -1.447014e-01 3.772000e+00
      vertex 1.609230e-02 -1.439268e-01 3.735000e+00
      vertex 1.576827e-02 -1.430633e-01 3.772000e+00
    endloop
  endfacet
  facet normal 3.994618e-01 -9.164120e-01 2.488528e-02
    outer loop
      vertex 1.609230e-02 -1.439268e-01 3.735000e+00
      vertex 1.927828e-02 -1.425381e-01 3.735000e+00
      vertex 1.576827e-02 -1.430633e-01 3.772000e+00
    endloop
  endfacet
  facet normal 3.980232e-01 -9.170417e-01 2.473988e-02
    outer loop
      vertex 1.576827e-02 -1.430633e-01 3.772000e+00
      vertex 1.927828e-02 -1.425381e-01 3.735000e+00
      vertex 1.893673e-02 -1.416881e-01 3.772000e+00
    endloop
  endfacet
  facet normal 5.292505e-01 -8.481156e-01 2.436788e-02
    outer loop
      vertex 1.927828e-02 -1.425381e-01 3.735000e+00
      vertex 2.568178e-02 -1.385421e-01 3.735000e+00
      vertex 1.893673e-02 -1.416881e-01 3.772000e+00
    endloop
  endfacet
  facet normal 5.279216e-01 -8.489524e-01 2.405449e-02
    outer loop
      vertex 1.893673e-02 -1.416881e-01 3.772000e+00
      vertex 2.568178e-02 -1.385421e-01 3.735000e+00
      vertex 2.530695e-02 -1.377268e-01 3.772000e+00
    endloop
  endfacet
  facet normal 6.804837e-01 -7.324012e-01 2.303192e-02
    outer loop
      vertex 2.568178e-02 -1.385421e-01 3.735000e+00
      vertex 3.263372e-02 -1.320829e-01 3.735000e+00
      vertex 2.530695e-02 -1.377268e-01 3.772000e+00
    endloop
  endfacet
  facet normal 6.793385e-01 -7.334757e-01 2.264123e-02
    outer loop
      vertex 2.530695e-02 -1.377268e-01 3.772000e+00
      vertex 3.263372e-02 -1.320829e-01 3.735000e+00
      vertex 3.222604e-02 -1.313184e-01 3.772000e+00
    endloop
  endfacet
  facet normal 8.019039e-01 -5.970778e-01 2.117325e-02
    outer loop
      vertex 3.263372e-02 -1.320829e-01 3.735000e+00
      vertex 4.207288e-02 -1.194057e-01 3.735000e+00
      vertex 3.222604e-02 -1.313184e-01 3.772000e+00
    endloop
  endfacet
  facet normal 8.009759e-01 -5.983448e-01 2.051835e-02
    outer loop
      vertex 3.222604e-02 -1.313184e-01 3.772000e+00
      vertex 4.207288e-02 -1.194057e-01 3.735000e+00
      vertex 4.162671e-02 -1.187341e-01 3.772000e+00
    endloop
  endfacet
  facet normal 8.810618e-01 -4.726113e-01 1.920204e-02
    outer loop
      vertex 4.207288e-02 -1.194057e-01 3.735000e+00
      vertex 4.879440e-02 -1.068751e-01 3.735000e+00
      vertex 4.162671e-02 -1.187341e-01 3.772000e+00
    endloop
  endfacet
  facet normal 8.803281e-01 -4.739999e-01 1.861483e-02
    outer loop
      vertex 4.162671e-02 -1.187341e-01 3.772000e+00
      vertex 4.879440e-02 -1.068751e-01 3.735000e+00
      vertex 4.832630e-02 -1.062915e-01 3.772000e+00
    endloop
  endfacet
  facet normal 9.158093e-01 -4.012137e-01 1.791550e-02
    outer loop
      vertex 4.879440e-02 -1.068751e-01 3.735000e+00
      vertex 5.425415e-02 -9.441272e-02 3.735000e+00
      vertex 4.832630e-02 -1.062915e-01 3.772000e+00
    endloop
  endfacet
  facet normal 9.151870e-01 -4.026558e-01 1.735284e-02
    outer loop
      vertex 4.832630e-02 -1.062915e-01 3.772000e+00
      vertex 5.425415e-02 -9.441272e-02 3.735000e+00
      vertex 5.377180e-02 -9.391451e-02 3.772000e+00
    endloop
  endfacet
  facet normal 9.513741e-01 -3.075933e-01 1.654456e-02
    outer loop
      vertex 5.425415e-02 -9.441272e-02 3.735000e+00
      vertex 6.226191e-02 -6.964506e-02 3.735000e+00
      vertex 5.377180e-02 -9.391451e-02 3.772000e+00
    endloop
  endfacet
  facet normal 9.509063e-01 -3.090928e-01 1.545371e-02
    outer loop
      vertex 5.377180e-02 -9.391451e-02 3.772000e+00
      vertex 6.226191e-02 -6.964506e-02 3.735000e+00
      vertex 6.176878e-02 -6.931226e-02 3.772000e+00
    endloop
  endfacet
  facet normal 9.739367e-01 -2.263225e-01 1.501618e-02
    outer loop
      vertex 6.226191e-02 -6.964506e-02 3.735000e+00
      vertex 6.798878e-02 -4.500052e-02 3.735000e+00
      vertex 6.176878e-02 -6.931226e-02 3.772000e+00
    endloop
  endfacet
  facet normal 9.735950e-01 -2.278556e-01 1.395138e-02
    outer loop
      vertex 6.176878e-02 -6.931226e-02 3.772000e+00
      vertex 6.798878e-02 -4.500052e-02 3.735000e+00
      vertex 6.749876e-02 -4.482882e-02 3.772000e+00
    endloop
  endfacet
  facet normal 9.870195e-01 -1.600050e-01 1.381431e-02
    outer loop
      vertex 6.798878e-02 -4.500052e-02 3.735000e+00
      vertex 7.196860e-02 -2.045030e-02 3.735000e+00
      vertex 6.749876e-02 -4.482882e-02 3.772000e+00
    endloop
  endfacet
  facet normal 9.867808e-01 -1.615574e-01 1.276258e-02
    outer loop
      vertex 6.749876e-02 -4.482882e-02 3.772000e+00
      vertex 7.196860e-02 -2.045030e-02 3.735000e+00
      vertex 7.149234e-02 -2.043639e-02 3.772000e+00
    endloop
  endfacet
  facet normal 9.959522e-01 -8.896106e-02 1.285334e-02
    outer loop
      vertex 7.196860e-02 -2.045030e-02 3.735000e+00
      vertex 7.415283e-02 4.002994e-03 3.735000e+00
      vertex 7.149234e-02 -2.043639e-02 3.772000e+00
    endloop
  endfacet
  facet normal 9.958240e-01 -9.052655e-02 1.181008e-02
    outer loop
      vertex 7.149234e-02 -2.043639e-02 3.772000e+00
      vertex 7.415283e-02 4.002994e-03 3.735000e+00
      vertex 7.370126e-02 3.862519e-03 3.772000e+00
    endloop
  endfacet
  facet normal 9.998544e-01 -1.197257e-02 1.215751e-02
    outer loop
      vertex 7.415283e-02 4.002994e-03 3.735000e+00
      vertex 7.444442e-02 2.835412e-02 3.735000e+00
      vertex 7.370126e-02 3.862519e-03 3.772000e+00
    endloop
  endfacet
  facet normal 9.998465e-01 -1.354329e-02 1.111764e-02
    outer loop
      vertex 7.370126e-02 3.862519e-03 3.772000e+00
      vertex 7.444442e-02 2.835412e-02 3.735000e+00
      vertex 7.402906e-02 2.806284e-02 3.772000e+00
    endloop
  endfacet
  facet normal 9.985845e-01 5.190383e-02 1.161869e-02
    outer loop
      vertex 7.444442e-02 2.835412e-02 3.735000e+00
      vertex 7.318307e-02 5.262141e-02 3.735000e+00
      vertex 7.402906e-02 2.806284e-02 3.772000e+00
    endloop
  endfacet
  facet normal 9.986764e-01 5.033578e-02 1.057580e-02
    outer loop
      vertex 7.402906e-02 2.806284e-02 3.772000e+00
      vertex 7.318307e-02 5.262141e-02 3.735000e+00
      vertex 7.281338e-02 5.218227e-02 3.772000e+00
    endloop
  endfacet
  facet normal 9.939074e-01 1.096444e-01 1.123206e-02
    outer loop
      vertex 7.318307e-02 5.262141e-02 3.735000e+00
      vertex 7.051437e-02 7.681272e-02 3.735000e+00
      vertex 7.281338e-02 5.218227e-02 3.772000e+00
    endloop
  endfacet
  facet normal 9.940896e-01 1.080843e-01 1.018217e-02
    outer loop
      vertex 7.281338e-02 5.218227e-02 3.772000e+00
      vertex 7.051437e-02 7.681272e-02 3.735000e+00
      vertex 7.019892e-02 7.622840e-02 3.772000e+00
    endloop
  endfacet
  facet normal 9.872421e-01 1.588510e-01 1.092553e-02
    outer loop
      vertex 7.051437e-02 7.681272e-02 3.735000e+00
      vertex 6.663243e-02 1.009385e-01 3.735000e+00
      vertex 7.019892e-02 7.622840e-02 3.772000e+00
    endloop
  endfacet
  facet normal 9.875013e-01 1.573017e-01 9.865909e-03
    outer loop
      vertex 7.019892e-02 7.622840e-02 3.772000e+00
      vertex 6.663243e-02 1.009385e-01 3.735000e+00
      vertex 6.637861e-02 1.002113e-01 3.772000e+00
    endloop
  endfacet
  facet normal 9.794465e-01 2.014215e-01 1.067781e-02
    outer loop
      vertex 6.663243e-02 1.009385e-01 3.735000e+00
      vertex 6.168285e-02 1.250067e-01 3.735000e+00
      vertex 6.637861e-02 1.002113e-01 3.772000e+00
    endloop
  endfacet
  facet normal 9.797723e-01 1.998849e-01 9.606720e-03
    outer loop
      vertex 6.637861e-02 1.002113e-01 3.772000e+00
      vertex 6.168285e-02 1.250067e-01 3.735000e+00
      vertex 6.149717e-02 1.241386e-01 3.772000e+00
    endloop
  endfacet
  facet normal 9.699495e-01 2.430767e-01 1.057079e-02
    outer loop
      vertex 6.168285e-02 1.250067e-01 3.735000e+00
      vertex 5.566563e-02 1.490173e-01 3.735000e+00
      vertex 6.149717e-02 1.241386e-01 3.772000e+00
    endloop
  endfacet
  facet normal 9.703407e-01 2.415554e-01 9.486243e-03
    outer loop
      vertex 6.149717e-02 1.241386e-01 3.772000e+00
      vertex 5.566563e-02 1.490173e-01 3.735000e+00
      vertex 5.555457e-02 1.480103e-01 3.772000e+00
    endloop
  endfacet
  facet normal 9.604768e-01 2.781638e-01 1.045292e-02
    outer loop
      vertex 5.566563e-02 1.490173e-01 3.735000e+00
      vertex 4.872634e-02 1.729781e-01 3.735000e+00
      vertex 5.555457e-02 1.480103e-01 3.772000e+00
    endloop
  endfacet
  facet normal 9.609230e-01 2.766577e-01 9.354291e-03
    outer loop
      vertex 5.555457e-02 1.480103e-01 3.772000e+00
      vertex 4.872634e-02 1.729781e-01 3.735000e+00
      vertex 4.869554e-02 1.718340e-01 3.772000e+00
    endloop
  endfacet
  facet normal 9.510825e-01 3.087639e-01 1.033883e-02
    outer loop
      vertex 4.872634e-02 1.729781e-01 3.735000e+00
      vertex 4.096206e-02 1.968943e-01 3.735000e+00
      vertex 4.869554e-02 1.718340e-01 3.772000e+00
    endloop
  endfacet
  facet normal 9.515767e-01 3.072730e-01 9.225677e-03
    outer loop
      vertex 4.869554e-02 1.718340e-01 3.772000e+00
      vertex 4.096206e-02 1.968943e-01 3.735000e+00
      vertex 4.101653e-02 1.956147e-01 3.772000e+00
    endloop
  endfacet
  facet normal 9.445795e-01 3.281317e-01 9.957342e-03
    outer loop
      vertex 4.096206e-02 1.968943e-01 3.735000e+00
      vertex 3.266395e-02 2.207817e-01 3.735000e+00
      vertex 4.101653e-02 1.956147e-01 3.772000e+00
    endloop
  endfacet
  facet normal 9.451038e-01 3.266510e-01 8.831842e-03
    outer loop
      vertex 4.101653e-02 1.956147e-01 3.772000e+00
      vertex 3.266395e-02 2.207817e-01 3.735000e+00
      vertex 3.280695e-02 2.193676e-01 3.772000e+00
    endloop
  endfacet
  facet normal 9.377639e-01 3.471394e-01 9.643263e-03
    outer loop
      vertex 3.266395e-02 2.207817e-01 3.735000e+00
      vertex 2.383203e-02 2.446403e-01 3.735000e+00
      vertex 3.280695e-02 2.193676e-01 3.772000e+00
    endloop
  endfacet
  facet normal 9.383178e-01 3.456695e-01 8.504920e-03
    outer loop
      vertex 3.280695e-02 2.193676e-01 3.772000e+00
      vertex 2.383203e-02 2.446403e-01 3.735000e+00
      vertex 2.406679e-02 2.430927e-01 3.772000e+00
    endloop
  endfacet
  facet normal 9.326252e-01 3.607300e-01 9.170987e-03
    outer loop
      vertex 2.383203e-02 2.446403e-01 3.735000e+00
      vertex 1.461186e-02 2.684780e-01 3.735000e+00
      vertex 2.406679e-02 2.430927e-01 3.772000e+00
    endloop
  endfacet
  facet normal 9.331999e-01 3.592682e-01 8.021163e-03
    outer loop
      vertex 2.406679e-02 2.430927e-01 3.772000e+00
      vertex 1.461186e-02 2.684780e-01 3.735000e+00
      vertex 1.494077e-02 2.667976e-01 3.772000e+00
    endloop
  endfacet
  facet normal 9.280094e-01 3.724561e-01 8.666252e-03
    outer loop
      vertex 1.461186e-02 2.684780e-01 3.735000e+00
      vertex 5.051995e-03 2.922973e-01 3.735000e+00
      vertex 1.494077e-02 2.667976e-01 3.772000e+00
    endloop
  endfacet
  facet normal 9.286020e-01 3.710014e-01 7.505319e-03
    outer loop
      vertex 1.494077e-02 2.667976e-01 3.772000e+00
      vertex 5.051995e-03 2.922973e-01 3.735000e+00
      vertex 5.477109e-03 2.904847e-01 3.772000e+00
    endloop
  endfacet
  facet normal 9.253269e-01 3.790873e-01 7.939058e-03
    outer loop
      vertex 5.051995e-03 2.922973e-01 3.735000e+00
      vertex -4.701990e-03 3.161061e-01 3.735000e+00
      vertex 5.477109e-03 2.904847e-01 3.772000e+00
    endloop
  endfacet
  facet normal 9.259292e-01 3.776365e-01 6.768782e-03
    outer loop
      vertex 5.477109e-03 2.904847e-01 3.772000e+00
      vertex -4.701990e-03 3.161061e-01 3.735000e+00
      vertex -4.179487e-03 3.141618e-01 3.772000e+00
    endloop
  endfacet
  facet normal 8.752467e-01 4.835007e-01 1.304758e-02
    outer loop
      vertex -4.701990e-03 3.161061e-01 3.735000e+00
      vertex -1.775597e-02 3.397368e-01 3.735000e+00
      vertex -4.179487e-03 3.141618e-01 3.772000e+00
    endloop
  endfacet
  facet normal 8.760185e-01 4.821326e-01 1.181876e-02
    outer loop
      vertex -4.179487e-03 3.141618e-01 3.772000e+00
      vertex -1.775597e-02 3.397368e-01 3.735000e+00
      vertex -1.711598e-02 3.376670e-01 3.772000e+00
    endloop
  endfacet
  facet normal -1.460281e-01 -9.890220e-01 2.261062e-02
    outer loop
      vertex 7.859281e-03 -1.455880e-01 3.735000e+00
      vertex 7.583480e-03 -1.447014e-01 3.772000e+00
      vertex 1.824678e-03 -1.446970e-01 3.735000e+00
    endloop
  endfacet
  facet normal -1.475807e-01 -9.887860e-01 2.285230e-02
    outer loop
      vertex 7.583480e-03 -1.447014e-01 3.772000e+00
      vertex 1.587526e-03 -1.438065e-01 3.772000e+00
      vertex 1.824678e-03 -1.446970e-01 3.735000e+00
    endloop
  endfacet
  facet normal -4.377382e-01 -8.989053e-01 1.882927e-02
    outer loop
      vertex 1.824678e-03 -1.446970e-01 3.735000e+00
      vertex 1.587526e-03 -1.438065e-01 3.772000e+00
      vertex -4.246360e-04 -1.436017e-01 3.735000e+00
    endloop
  endfacet
  facet normal -4.391490e-01 -8.982152e-01 1.890981e-02
    outer loop
      vertex 1.587526e-03 -1.438065e-01 3.772000e+00
      vertex -6.461908e-04 -1.427144e-01 3.772000e+00
      vertex -4.246360e-04 -1.436017e-01 3.735000e+00
    endloop
  endfacet
  facet normal -6.387989e-01 -7.692348e-01 1.462133e-02
    outer loop
      vertex -4.246360e-04 -1.436017e-01 3.735000e+00
      vertex -6.461908e-04 -1.427144e-01 3.772000e+00
      vertex -4.551995e-03 -1.401742e-01 3.735000e+00
    endloop
  endfacet
  facet normal -6.400046e-01 -7.682282e-01 1.481771e-02
    outer loop
      vertex -6.461908e-04 -1.427144e-01 3.772000e+00
      vertex -4.742716e-03 -1.393016e-01 3.772000e+00
      vertex -4.551995e-03 -1.401742e-01 3.735000e+00
    endloop
  endfacet
  facet normal -8.053220e-01 -5.927562e-01 9.827501e-03
    outer loop
      vertex -4.551995e-03 -1.401742e-01 3.735000e+00
      vertex -4.742716e-03 -1.393016e-01 3.772000e+00
      vertex -8.858871e-03 -1.343228e-01 3.735000e+00
    endloop
  endfacet
  facet normal -8.062499e-01 -5.914888e-01 1.010126e-02
    outer loop
      vertex -4.742716e-03 -1.393016e-01 3.772000e+00
      vertex -9.013867e-03 -1.334797e-01 3.772000e+00
      vertex -8.858871e-03 -1.343228e-01 3.735000e+00
    endloop
  endfacet
  facet normal -8.967704e-01 -4.424508e-01 6.325823e-03
    outer loop
      vertex -8.858871e-03 -1.343228e-01 3.735000e+00
      vertex -9.013867e-03 -1.334797e-01 3.772000e+00
      vertex -1.470645e-02 -1.224708e-01 3.735000e+00
    endloop
  endfacet
  facet normal -8.974612e-01 -4.410401e-01 6.851844e-03
    outer loop
      vertex -9.013867e-03 -1.334797e-01 3.772000e+00
      vertex -1.480684e-02 -1.216917e-01 3.772000e+00
      vertex -1.470645e-02 -1.224708e-01 3.735000e+00
    endloop
  endfacet
  facet normal -9.550961e-01 -2.962736e-01 3.647148e-03
    outer loop
      vertex -1.470645e-02 -1.224708e-01 3.735000e+00
      vertex -1.480684e-02 -1.216917e-01 3.772000e+00
      vertex -1.841874e-02 -1.105035e-01 3.735000e+00
    endloop
  endfacet
  facet normal -9.555585e-01 -2.947724e-01 4.146220e-03
    outer loop
      vertex -1.480684e-02 -1.216917e-01 3.772000e+00
      vertex -1.847753e-02 -1.097925e-01 3.772000e+00
      vertex -1.841874e-02 -1.105035e-01 3.735000e+00
    endloop
  endfacet
  facet normal -9.758118e-01 -2.185961e-01 2.650201e-03
    outer loop
      vertex -1.841874e-02 -1.105035e-01 3.735000e+00
      vertex -1.847753e-02 -1.097925e-01 3.772000e+00
      vertex -2.111191e-02 -9.848121e-02 3.735000e+00
    endloop
  endfacet
  facet normal -9.761526e-01 -2.170628e-01 3.143234e-03
    outer loop
      vertex -1.847753e-02 -1.097925e-01 3.772000e+00
      vertex -2.113530e-02 -9.784022e-02 3.772000e+00
      vertex -2.111191e-02 -9.848121e-02 3.735000e+00
    endloop
  endfacet
  facet normal -9.885259e-01 -1.510382e-01 1.991604e-03
    outer loop
      vertex -2.111191e-02 -9.848121e-02 3.735000e+00
      vertex -2.113530e-02 -9.784022e-02 3.772000e+00
      vertex -2.479973e-02 -7.434491e-02 3.735000e+00
    endloop
  endfacet
  facet normal -9.887595e-01 -1.494849e-01 3.001114e-03
    outer loop
      vertex -2.113530e-02 -9.784022e-02 3.772000e+00
      vertex -2.476267e-02 -7.384718e-02 3.772000e+00
      vertex -2.479973e-02 -7.434491e-02 3.735000e+00
    endloop
  endfacet
  facet normal -9.952087e-01 -9.774573e-02 2.311576e-03
    outer loop
      vertex -2.479973e-02 -7.434491e-02 3.735000e+00
      vertex -2.476267e-02 -7.384718e-02 3.772000e+00
      vertex -2.717725e-02 -5.013787e-02 3.735000e+00
    endloop
  endfacet
  facet normal -9.953582e-01 -9.618206e-02 3.323315e-03
    outer loop
      vertex -2.476267e-02 -7.384718e-02 3.772000e+00
      vertex -2.708773e-02 -4.978589e-02 3.772000e+00
      vertex -2.717725e-02 -5.013787e-02 3.735000e+00
    endloop
  endfacet
  facet normal -9.984320e-01 -5.590127e-02 2.947561e-03
    outer loop
      vertex -2.717725e-02 -5.013787e-02 3.735000e+00
      vertex -2.708773e-02 -4.978589e-02 3.772000e+00
      vertex -2.853566e-02 -2.587582e-02 3.735000e+00
    endloop
  endfacet
  facet normal -9.985150e-01 -5.433268e-02 3.964464e-03
    outer loop
      vertex -2.708773e-02 -4.978589e-02 3.772000e+00
      vertex -2.839988e-02 -2.567152e-02 3.772000e+00
      vertex -2.853566e-02 -2.587582e-02 3.735000e+00
    endloop
  endfacet
  facet normal -9.997940e-01 -1.994230e-02 3.779262e-03
    outer loop
      vertex -2.853566e-02 -2.587582e-02 3.735000e+00
      vertex -2.839988e-02 -2.567152e-02 3.772000e+00
      vertex -2.902055e-02 -1.566617e-03 3.735000e+00
    endloop
  endfacet
  facet normal -9.998197e-01 -1.837172e-02 4.802899e-03
    outer loop
      vertex -2.839988e-02 -2.567152e-02 3.772000e+00
      vertex -2.884382e-02 -1.511640e-03 3.772000e+00
      vertex -2.902055e-02 -1.566617e-03 3.735000e+00
    endloop
  endfacet
  facet normal -9.999866e-01 -1.977443e-03 4.779337e-03
    outer loop
      vertex -2.902055e-02 -1.566617e-03 3.735000e+00
      vertex -2.884382e-02 -1.511640e-03 3.772000e+00
      vertex -2.906866e-02 2.276617e-02 3.735000e+00
    endloop
  endfacet
  facet normal -9.999830e-01 -4.066641e-04 5.809993e-03
    outer loop
      vertex -2.884382e-02 -1.511640e-03 3.772000e+00
      vertex -2.885365e-02 2.267099e-02 3.772000e+00
      vertex -2.906866e-02 2.276617e-02 3.735000e+00
    endloop
  endfacet
  facet normal -9.999650e-01 5.997343e-03 5.826362e-03
    outer loop
      vertex -2.906866e-02 2.276617e-02 3.735000e+00
      vertex -2.885365e-02 2.267099e-02 3.772000e+00
      vertex -2.892266e-02 4.710943e-02 3.735000e+00
    endloop
  endfacet
  facet normal -9.999478e-01 7.568027e-03 6.863764e-03
    outer loop
      vertex -2.885365e-02 2.267099e-02 3.772000e+00
      vertex -2.867055e-02 4.686372e-02 3.772000e+00
      vertex -2.892266e-02 4.710943e-02 3.735000e+00
    endloop
  endfacet
  facet normal -9.999686e-01 4.004315e-03 6.840240e-03
    outer loop
      vertex -2.892266e-02 4.710943e-02 3.735000e+00
      vertex -2.867055e-02 4.686372e-02 3.772000e+00
      vertex -2.882519e-02 7.145007e-02 3.735000e+00
    endloop
  endfacet
  facet normal -9.999534e-01 5.575014e-03 7.883899e-03
    outer loop
      vertex -2.867055e-02 4.686372e-02 3.772000e+00
      vertex -2.853568e-02 7.105393e-02 3.772000e+00
      vertex -2.882519e-02 7.145007e-02 3.735000e+00
    endloop
  endfacet
  facet normal -9.999368e-01 7.989731e-03 7.909623e-03
    outer loop
      vertex -2.882519e-02 7.145007e-02 3.735000e+00
      vertex -2.853568e-02 7.105393e-02 3.772000e+00
      vertex -2.863066e-02 9.579596e-02 3.735000e+00
    endloop
  endfacet
  facet normal -9.999142e-01 9.560333e-03 8.959831e-03
    outer loop
      vertex -2.853568e-02 7.105393e-02 3.772000e+00
      vertex -2.830435e-02 9.524920e-02 3.772000e+00
      vertex -2.863066e-02 9.579596e-02 3.735000e+00
    endloop
  endfacet
  facet normal -9.999423e-01 5.997207e-03 8.907427e-03
    outer loop
      vertex -2.863066e-02 9.579596e-02 3.735000e+00
      vertex -2.830435e-02 9.524920e-02 3.772000e+00
      vertex -2.848466e-02 1.201392e-01 3.735000e+00
    endloop
  endfacet
  facet normal -9.999217e-01 7.567830e-03 9.963889e-03
    outer loop
      vertex -2.830435e-02 9.524920e-02 3.772000e+00
      vertex -2.812125e-02 1.194419e-01 3.772000e+00
      vertex -2.848466e-02 1.201392e-01 3.735000e+00
    endloop
  endfacet
  facet normal -9.999001e-01 9.981493e-03 1.000916e-02
    outer loop
      vertex -2.848466e-02 1.201392e-01 3.735000e+00
      vertex -2.812125e-02 1.194419e-01 3.772000e+00
      vertex -2.824160e-02 1.444877e-01 3.735000e+00
    endloop
  endfacet
  facet normal -9.998720e-01 1.155199e-02 1.107216e-02
    outer loop
      vertex -2.812125e-02 1.194419e-01 3.772000e+00
      vertex -2.784168e-02 1.436397e-01 3.772000e+00
      vertex -2.824160e-02 1.444877e-01 3.735000e+00
    endloop
  endfacet
  facet normal -9.998669e-01 1.197272e-02 1.108175e-02
    outer loop
      vertex -2.824160e-02 1.444877e-01 3.735000e+00
      vertex -2.784168e-02 1.436397e-01 3.772000e+00
      vertex -2.795002e-02 1.688388e-01 3.735000e+00
    endloop
  endfacet
  facet normal -9.998345e-01 1.354313e-02 1.215119e-02
    outer loop
      vertex -2.784168e-02 1.436397e-01 3.772000e+00
      vertex -2.751388e-02 1.678401e-01 3.772000e+00
      vertex -2.795002e-02 1.688388e-01 3.735000e+00
    endloop
  endfacet
  facet normal -9.997981e-01 1.595346e-02 1.221583e-02
    outer loop
      vertex -2.795002e-02 1.688388e-01 3.735000e+00
      vertex -2.751388e-02 1.678401e-01 3.772000e+00
      vertex -2.756137e-02 1.931952e-01 3.735000e+00
    endloop
  endfacet
  facet normal -9.997581e-01 1.752368e-02 1.329180e-02
    outer loop
      vertex -2.751388e-02 1.678401e-01 3.772000e+00
      vertex -2.708961e-02 1.920454e-01 3.772000e+00
      vertex -2.756137e-02 1.931952e-01 3.735000e+00
    endloop
  endfacet
  facet normal -9.996696e-01 2.191977e-02 1.342728e-02
    outer loop
      vertex -2.756137e-02 1.931952e-01 3.735000e+00
      vertex -2.708961e-02 1.920454e-01 3.772000e+00
      vertex -2.702713e-02 2.175594e-01 3.735000e+00
    endloop
  endfacet
  facet normal -9.996188e-01 2.348967e-02 1.450992e-02
    outer loop
      vertex -2.708961e-02 1.920454e-01 3.772000e+00
      vertex -2.652064e-02 2.162584e-01 3.772000e+00
      vertex -2.702713e-02 2.175594e-01 3.735000e+00
    endloop
  endfacet
  facet normal -9.994454e-01 2.986491e-02 1.473172e-02
    outer loop
      vertex -2.702713e-02 2.175594e-01 3.735000e+00
      vertex -2.652064e-02 2.162584e-01 3.772000e+00
      vertex -2.629878e-02 2.419341e-01 3.735000e+00
    endloop
  endfacet
  facet normal -9.993806e-01 3.143427e-02 1.582115e-02
    outer loop
      vertex -2.652064e-02 2.162584e-01 3.772000e+00
      vertex -2.575873e-02 2.404815e-01 3.772000e+00
      vertex -2.629878e-02 2.419341e-01 3.735000e+00
    endloop
  endfacet
  facet normal -9.993008e-01 3.383247e-02 1.591414e-02
    outer loop
      vertex -2.629878e-02 2.419341e-01 3.735000e+00
      vertex -2.575873e-02 2.404815e-01 3.772000e+00
      vertex -2.547337e-02 2.663141e-01 3.735000e+00
    endloop
  endfacet
  facet normal -9.992284e-01 3.540149e-02 1.701015e-02
    outer loop
      vertex -2.575873e-02 2.404815e-01 3.772000e+00
      vertex -2.490035e-02 2.647096e-01 3.772000e+00
      vertex -2.547337e-02 2.663141e-01 3.735000e+00
    endloop
  endfacet
  facet normal -9.991389e-01 3.779653e-02 1.711263e-02
    outer loop
      vertex -2.547337e-02 2.663141e-01 3.735000e+00
      vertex -2.490035e-02 2.647096e-01 3.772000e+00
      vertex -2.455090e-02 2.906992e-01 3.735000e+00
    endloop
  endfacet
  facet normal -9.990589e-01 3.936516e-02 1.821522e-02
    outer loop
      vertex -2.490035e-02 2.647096e-01 3.772000e+00
      vertex -2.394551e-02 2.889428e-01 3.772000e+00
      vertex -2.455090e-02 2.906992e-01 3.735000e+00
    endloop
  endfacet
  facet normal -9.989597e-01 4.175687e-02 1.832714e-02
    outer loop
      vertex -2.455090e-02 2.906992e-01 3.735000e+00
      vertex -2.394551e-02 2.889428e-01 3.772000e+00
      vertex -2.353137e-02 3.150897e-01 3.735000e+00
    endloop
  endfacet
  facet normal -9.988719e-01 4.332507e-02 1.943633e-02
    outer loop
      vertex -2.394551e-02 2.889428e-01 3.772000e+00
      vertex -2.289420e-02 3.131810e-01 3.772000e+00
      vertex -2.353137e-02 3.150897e-01 3.735000e+00
    endloop
  endfacet
  facet normal -9.732313e-01 2.280508e-01 2.852387e-02
    outer loop
      vertex -2.353137e-02 3.150897e-01 3.735000e+00
      vertex -2.289420e-02 3.131810e-01 3.772000e+00
      vertex -1.775597e-02 3.397368e-01 3.735000e+00
    endloop
  endfacet
  facet normal -9.728394e-01 2.295716e-01 2.966982e-02
    outer loop
      vertex -2.289420e-02 3.131810e-01 3.772000e+00
      vertex -1.711598e-02 3.376670e-01 3.772000e+00
      vertex -1.775597e-02 3.397368e-01 3.735000e+00
    endloop
  endfacet
  facet normal 1.961562e-01 -9.800945e-01 3.062060e-02
    outer loop
      vertex 7.583480e-03 -1.447014e-01 3.772000e+00
      vertex 1.576827e-02 -1.430633e-01 3.772000e+00
      vertex 5.886336e-03 -1.375741e-01 4.011000e+00
    endloop
  endfacet
  facet normal 1.867410e-01 -9.819426e-01 3.027376e-02
    outer loop
      vertex 5.886336e-03 -1.375741e-01 4.011000e+00
      vertex 1.576827e-02 -1.430633e-01 3.772000e+00
      vertex 1.367901e-02 -1.360922e-01 4.011000e+00
    endloop
  endfacet
  facet normal 3.979632e-01 -9.169034e-01 3.022312e-02
    outer loop
      vertex 1.576827e-02 -1.430633e-01 3.772000e+00
      vertex 1.893673e-02 -1.416881e-01 3.772000e+00
      vertex 1.367901e-02 -1.360922e-01 4.011000e+00
    endloop
  endfacet
  facet normal 3.891446e-01 -9.206842e-01 3.011765e-02
    outer loop
      vertex 1.367901e-02 -1.360922e-01 4.011000e+00
      vertex 1.893673e-02 -1.416881e-01 3.772000e+00
      vertex 1.670244e-02 -1.348142e-01 4.011000e+00
    endloop
  endfacet
  facet normal 5.278470e-01 -8.488323e-01 2.934778e-02
    outer loop
      vertex 1.893673e-02 -1.416881e-01 3.772000e+00
      vertex 2.530695e-02 -1.377268e-01 3.772000e+00
      vertex 1.670244e-02 -1.348142e-01 4.011000e+00
    endloop
  endfacet
  facet normal 5.196781e-01 -8.538659e-01 2.911503e-02
    outer loop
      vertex 1.670244e-02 -1.348142e-01 4.011000e+00
      vertex 2.530695e-02 -1.377268e-01 3.772000e+00
      vertex 2.279198e-02 -1.311080e-01 4.011000e+00
    endloop
  endfacet
  facet normal 6.792564e-01 -7.333872e-01 2.745777e-02
    outer loop
      vertex 2.530695e-02 -1.377268e-01 3.772000e+00
      vertex 3.222604e-02 -1.313184e-01 3.772000e+00
      vertex 2.279198e-02 -1.311080e-01 4.011000e+00
    endloop
  endfacet
  facet normal 6.721903e-01 -7.398792e-01 2.718456e-02
    outer loop
      vertex 2.279198e-02 -1.311080e-01 4.011000e+00
      vertex 3.222604e-02 -1.313184e-01 3.772000e+00
      vertex 2.942542e-02 -1.250815e-01 4.011000e+00
    endloop
  endfacet
  facet normal 8.008943e-01 -5.982838e-01 2.499767e-02
    outer loop
      vertex 3.222604e-02 -1.313184e-01 3.772000e+00
      vertex 4.162671e-02 -1.187341e-01 3.772000e+00
      vertex 2.942542e-02 -1.250815e-01 4.011000e+00
    endloop
  endfacet
  facet normal 7.951241e-01 -6.059516e-01 2.449945e-02
    outer loop
      vertex 2.942542e-02 -1.250815e-01 4.011000e+00
      vertex 4.162671e-02 -1.187341e-01 3.772000e+00
      vertex 3.847337e-02 -1.132088e-01 4.011000e+00
    endloop
  endfacet
  facet normal 8.802563e-01 -4.739613e-01 2.257127e-02
    outer loop
      vertex 4.162671e-02 -1.187341e-01 3.772000e+00
      vertex 4.832630e-02 -1.062915e-01 3.772000e+00
      vertex 3.847337e-02 -1.132088e-01 4.011000e+00
    endloop
  endfacet
  facet normal 8.756746e-01 -4.823939e-01 2.213832e-02
    outer loop
      vertex 3.847337e-02 -1.132088e-01 4.011000e+00
      vertex 4.832630e-02 -1.062915e-01 3.772000e+00
      vertex 4.495326e-02 -1.014461e-01 4.011000e+00
    endloop
  endfacet
  facet normal 9.151215e-01 -4.026269e-01 2.107788e-02
    outer loop
      vertex 4.832630e-02 -1.062915e-01 3.772000e+00
      vertex 5.377180e-02 -9.391451e-02 3.772000e+00
      vertex 4.495326e-02 -1.014461e-01 4.011000e+00
    endloop
  endfacet
  facet normal 9.112224e-01 -4.113964e-01 2.065766e-02
    outer loop
      vertex 4.495326e-02 -1.014461e-01 4.011000e+00
      vertex 5.377180e-02 -9.391451e-02 3.772000e+00
      vertex 5.024085e-02 -8.973435e-02 4.011000e+00
    endloop
  endfacet
  facet normal 9.508399e-01 -3.090712e-01 1.945328e-02
    outer loop
      vertex 5.377180e-02 -9.391451e-02 3.772000e+00
      vertex 6.176878e-02 -6.931226e-02 3.772000e+00
      vertex 5.024085e-02 -8.973435e-02 4.011000e+00
    endloop
  endfacet
  facet normal 9.478459e-01 -3.181898e-01 1.852970e-02
    outer loop
      vertex 5.024085e-02 -8.973435e-02 4.011000e+00
      vertex 6.176878e-02 -6.931226e-02 3.772000e+00
      vertex 5.806454e-02 -6.642861e-02 4.011000e+00
    endloop
  endfacet
  facet normal 9.735348e-01 -2.278415e-01 1.783775e-02
    outer loop
      vertex 6.176878e-02 -6.931226e-02 3.772000e+00
      vertex 6.749876e-02 -4.482882e-02 3.772000e+00
      vertex 5.806454e-02 -6.642861e-02 4.011000e+00
    endloop
  endfacet
  facet normal 9.713186e-01 -2.371800e-01 1.690630e-02
    outer loop
      vertex 5.806454e-02 -6.642861e-02 4.011000e+00
      vertex 6.749876e-02 -4.482882e-02 3.772000e+00
      vertex 6.373290e-02 -4.321508e-02 4.011000e+00
    endloop
  endfacet
  facet normal 9.867245e-01 -1.615482e-01 1.663838e-02
    outer loop
      vertex 6.749876e-02 -4.482882e-02 3.772000e+00
      vertex 7.149234e-02 -2.043639e-02 3.772000e+00
      vertex 6.373290e-02 -4.321508e-02 4.011000e+00
    endloop
  endfacet
  facet normal 9.851435e-01 -1.710152e-01 1.568477e-02
    outer loop
      vertex 6.373290e-02 -4.321508e-02 4.011000e+00
      vertex 7.149234e-02 -2.043639e-02 3.772000e+00
      vertex 6.775037e-02 -2.007219e-02 4.011000e+00
    endloop
  endfacet
  facet normal 9.957703e-01 -9.052167e-02 1.572849e-02
    outer loop
      vertex 7.149234e-02 -2.043639e-02 3.772000e+00
      vertex 7.370126e-02 3.862519e-03 3.772000e+00
      vertex 6.775037e-02 -2.007219e-02 4.011000e+00
    endloop
  endfacet
  facet normal 9.948703e-01 -1.000776e-01 1.474911e-02
    outer loop
      vertex 6.775037e-02 -2.007219e-02 4.011000e+00
      vertex 7.370126e-02 3.862519e-03 3.772000e+00
      vertex 7.007109e-02 2.998107e-03 4.011000e+00
    endloop
  endfacet
  facet normal 9.997937e-01 -1.354257e-02 1.513687e-02
    outer loop
      vertex 7.370126e-02 3.862519e-03 3.772000e+00
      vertex 7.402906e-02 2.806284e-02 3.772000e+00
      vertex 7.007109e-02 2.998107e-03 4.011000e+00
    endloop
  endfacet
  facet normal 9.996324e-01 -2.313948e-02 1.412774e-02
    outer loop
      vertex 7.007109e-02 2.998107e-03 4.011000e+00
      vertex 7.402906e-02 2.806284e-02 3.772000e+00
      vertex 7.060335e-02 2.599188e-02 4.011000e+00
    endloop
  endfacet
  facet normal 9.986236e-01 5.033312e-02 1.474992e-02
    outer loop
      vertex 7.402906e-02 2.806284e-02 3.772000e+00
      vertex 7.281338e-02 5.218227e-02 3.772000e+00
      vertex 7.060335e-02 2.599188e-02 4.011000e+00
    endloop
  endfacet
  facet normal 9.990756e-01 4.074546e-02 1.370346e-02
    outer loop
      vertex 7.060335e-02 2.599188e-02 4.011000e+00
      vertex 7.281338e-02 5.218227e-02 3.772000e+00
      vertex 6.966815e-02 4.892286e-02 4.011000e+00
    endloop
  endfacet
  facet normal 9.940358e-01 1.080784e-01 1.455540e-02
    outer loop
      vertex 7.281338e-02 5.218227e-02 3.772000e+00
      vertex 7.019892e-02 7.622840e-02 3.772000e+00
      vertex 6.966815e-02 4.892286e-02 4.011000e+00
    endloop
  endfacet
  facet normal 9.950427e-01 9.853302e-02 1.346708e-02
    outer loop
      vertex 6.966815e-02 4.892286e-02 4.011000e+00
      vertex 7.019892e-02 7.622840e-02 3.772000e+00
      vertex 6.740307e-02 7.179694e-02 4.011000e+00
    endloop
  endfacet
  facet normal 9.874460e-01 1.572929e-01 1.446772e-02
    outer loop
      vertex 7.019892e-02 7.622840e-02 3.772000e+00
      vertex 6.637861e-02 1.002113e-01 3.772000e+00
      vertex 6.740307e-02 7.179694e-02 4.011000e+00
    endloop
  endfacet
  facet normal 9.889260e-01 1.478094e-01 1.333389e-02
    outer loop
      vertex 6.740307e-02 7.179694e-02 4.011000e+00
      vertex 6.637861e-02 1.002113e-01 3.772000e+00
      vertex 6.399154e-02 9.462197e-02 4.011000e+00
    endloop
  endfacet
  facet normal 9.797151e-01 1.998732e-01 1.445948e-02
    outer loop
      vertex 6.637861e-02 1.002113e-01 3.772000e+00
      vertex 6.149717e-02 1.241386e-01 3.772000e+00
      vertex 6.399154e-02 9.462197e-02 4.011000e+00
    endloop
  endfacet
  facet normal 9.816046e-01 1.904627e-01 1.327755e-02
    outer loop
      vertex 6.399154e-02 9.462197e-02 4.011000e+00
      vertex 6.149717e-02 1.241386e-01 3.772000e+00
      vertex 5.957113e-02 1.174038e-01 4.011000e+00
    endloop
  endfacet
  facet normal 9.702805e-01 2.415404e-01 1.462562e-02
    outer loop
      vertex 6.149717e-02 1.241386e-01 3.772000e+00
      vertex 5.555457e-02 1.480103e-01 3.772000e+00
      vertex 5.957113e-02 1.174038e-01 4.011000e+00
    endloop
  endfacet
  facet normal 9.725712e-01 2.322194e-01 1.339347e-02
    outer loop
      vertex 5.957113e-02 1.174038e-01 4.011000e+00
      vertex 5.555457e-02 1.480103e-01 3.772000e+00
      vertex 5.414184e-02 1.401425e-01 4.011000e+00
    endloop
  endfacet
  facet normal 9.608600e-01 2.766396e-01 1.478654e-02
    outer loop
      vertex 5.555457e-02 1.480103e-01 3.772000e+00
      vertex 4.869554e-02 1.718340e-01 3.772000e+00
      vertex 5.414184e-02 1.401425e-01 4.011000e+00
    endloop
  endfacet
  facet normal 9.634887e-01 2.674083e-01 1.350256e-02
    outer loop
      vertex 5.414184e-02 1.401425e-01 4.011000e+00
      vertex 4.869554e-02 1.718340e-01 3.772000e+00
      vertex 4.784125e-02 1.628440e-01 4.011000e+00
    endloop
  endfacet
  facet normal 9.515107e-01 3.072517e-01 1.495847e-02
    outer loop
      vertex 4.869554e-02 1.718340e-01 3.772000e+00
      vertex 4.101653e-02 1.956147e-01 3.772000e+00
      vertex 4.784125e-02 1.628440e-01 4.011000e+00
    endloop
  endfacet
  facet normal 9.544345e-01 2.981095e-01 1.362144e-02
    outer loop
      vertex 4.784125e-02 1.628440e-01 4.011000e+00
      vertex 4.101653e-02 1.956147e-01 3.772000e+00
      vertex 4.076108e-02 1.855120e-01 4.011000e+00
    endloop
  endfacet
  facet normal 9.450369e-01 3.266278e-01 1.481689e-02
    outer loop
      vertex 4.101653e-02 1.956147e-01 3.772000e+00
      vertex 3.280695e-02 2.193676e-01 3.772000e+00
      vertex 4.076108e-02 1.855120e-01 4.011000e+00
    endloop
  endfacet
  facet normal 9.481473e-01 3.175475e-01 1.342709e-02
    outer loop
      vertex 4.076108e-02 1.855120e-01 4.011000e+00
      vertex 3.280695e-02 2.193676e-01 3.772000e+00
      vertex 3.317646e-02 2.081585e-01 4.011000e+00
    endloop
  endfacet
  facet normal 9.382495e-01 3.456444e-01 1.476014e-02
    outer loop
      vertex 3.280695e-02 2.193676e-01 3.772000e+00
      vertex 2.406679e-02 2.430927e-01 3.772000e+00
      vertex 3.317646e-02 2.081585e-01 4.011000e+00
    endloop
  endfacet
  facet normal 9.415432e-01 3.366289e-01 1.331682e-02
    outer loop
      vertex 3.317646e-02 2.081585e-01 4.011000e+00
      vertex 2.406679e-02 2.430927e-01 3.772000e+00
      vertex 2.508741e-02 2.307834e-01 4.011000e+00
    endloop
  endfacet
  facet normal 9.331316e-01 3.592419e-01 1.451738e-02
    outer loop
      vertex 2.406679e-02 2.430927e-01 3.772000e+00
      vertex 1.494077e-02 2.667976e-01 3.772000e+00
      vertex 2.508741e-02 2.307834e-01 4.011000e+00
    endloop
  endfacet
  facet normal 9.365563e-01 3.502753e-01 1.302084e-02
    outer loop
      vertex 2.508741e-02 2.307834e-01 4.011000e+00
      vertex 1.494077e-02 2.667976e-01 3.772000e+00
      vertex 1.663149e-02 2.533926e-01 4.011000e+00
    endloop
  endfacet
  facet normal 9.285340e-01 3.709742e-01 1.423855e-02
    outer loop
      vertex 1.494077e-02 2.667976e-01 3.772000e+00
      vertex 5.477109e-03 2.904847e-01 3.772000e+00
      vertex 1.663149e-02 2.533926e-01 4.011000e+00
    endloop
  endfacet
  facet normal 9.320717e-01 3.620515e-01 1.268866e-02
    outer loop
      vertex 1.663149e-02 2.533926e-01 4.011000e+00
      vertex 5.477109e-03 2.904847e-01 3.772000e+00
      vertex 7.854571e-03 2.759880e-01 4.011000e+00
    endloop
  endfacet
  facet normal 9.258636e-01 3.776098e-01 1.369411e-02
    outer loop
      vertex 5.477109e-03 2.904847e-01 3.772000e+00
      vertex -4.179487e-03 3.141618e-01 3.772000e+00
      vertex 7.854571e-03 2.759880e-01 4.011000e+00
    endloop
  endfacet
  facet normal 9.294648e-01 3.687125e-01 1.209168e-02
    outer loop
      vertex 7.854571e-03 2.759880e-01 4.011000e+00
      vertex -4.179487e-03 3.141618e-01 3.772000e+00
      vertex -1.105785e-03 2.985757e-01 4.011000e+00
    endloop
  endfacet
  facet normal 8.759014e-01 4.820682e-01 2.017292e-02
    outer loop
      vertex -4.179487e-03 3.141618e-01 3.772000e+00
      vertex -1.711598e-02 3.376670e-01 3.772000e+00
      vertex -1.105785e-03 2.985757e-01 4.011000e+00
    endloop
  endfacet
  facet normal 8.805172e-01 4.736535e-01 1.848740e-02
    outer loop
      vertex -1.105785e-03 2.985757e-01 4.011000e+00
      vertex -1.711598e-02 3.376670e-01 3.772000e+00
      vertex -1.318449e-02 3.210298e-01 4.011000e+00
    endloop
  endfacet
  facet normal -1.475595e-01 -9.886443e-01 2.843483e-02
    outer loop
      vertex 7.583480e-03 -1.447014e-01 3.772000e+00
      vertex 5.886336e-03 -1.375741e-01 4.011000e+00
      vertex 1.587526e-03 -1.438065e-01 3.772000e+00
    endloop
  endfacet
  facet normal -1.570423e-01 -9.871786e-01 2.856718e-02
    outer loop
      vertex 5.886336e-03 -1.375741e-01 4.011000e+00
      vertex 1.967437e-04 -1.366690e-01 4.011000e+00
      vertex 1.587526e-03 -1.438065e-01 3.772000e+00
    endloop
  endfacet
  facet normal -4.390982e-01 -8.981113e-01 2.426594e-02
    outer loop
      vertex 1.587526e-03 -1.438065e-01 3.772000e+00
      vertex 1.967437e-04 -1.366690e-01 4.011000e+00
      vertex -6.461908e-04 -1.427144e-01 3.772000e+00
    endloop
  endfacet
  facet normal -4.476999e-01 -8.938566e-01 2.418866e-02
    outer loop
      vertex 1.967437e-04 -1.366690e-01 4.011000e+00
      vertex -1.915921e-03 -1.356109e-01 4.011000e+00
      vertex -6.461908e-04 -1.427144e-01 3.772000e+00
    endloop
  endfacet
  facet normal -6.399540e-01 -7.681675e-01 1.943155e-02
    outer loop
      vertex -6.461908e-04 -1.427144e-01 3.772000e+00
      vertex -1.915921e-03 -1.356109e-01 4.011000e+00
      vertex -4.742716e-03 -1.393016e-01 3.772000e+00
    endloop
  endfacet
  facet normal -6.472984e-01 -7.619892e-01 1.942301e-02
    outer loop
      vertex -1.915921e-03 -1.356109e-01 4.011000e+00
      vertex -5.777581e-03 -1.323304e-01 4.011000e+00
      vertex -4.742716e-03 -1.393016e-01 3.772000e+00
    endloop
  endfacet
  facet normal -8.062147e-01 -5.914630e-01 1.376098e-02
    outer loop
      vertex -4.742716e-03 -1.393016e-01 3.772000e+00
      vertex -5.777581e-03 -1.323304e-01 4.011000e+00
      vertex -9.013867e-03 -1.334797e-01 3.772000e+00
    endloop
  endfacet
  facet normal -8.118547e-01 -5.836964e-01 1.380000e-02
    outer loop
      vertex -5.777581e-03 -1.323304e-01 4.011000e+00
      vertex -9.783204e-03 -1.267591e-01 4.011000e+00
      vertex -9.013867e-03 -1.334797e-01 3.772000e+00
    endloop
  endfacet
  facet normal -8.974417e-01 -4.410305e-01 9.512779e-03
    outer loop
      vertex -9.013867e-03 -1.334797e-01 3.772000e+00
      vertex -9.783204e-03 -1.267591e-01 4.011000e+00
      vertex -1.480684e-02 -1.216917e-01 3.772000e+00
    endloop
  endfacet
  facet normal -9.016315e-01 -4.323944e-01 9.783954e-03
    outer loop
      vertex -9.783204e-03 -1.267591e-01 4.011000e+00
      vertex -1.518054e-02 -1.155045e-01 4.011000e+00
      vertex -1.480684e-02 -1.216917e-01 3.772000e+00
    endloop
  endfacet
  facet normal -9.555487e-01 -2.947694e-01 6.136836e-03
    outer loop
      vertex -1.480684e-02 -1.216917e-01 3.772000e+00
      vertex -1.518054e-02 -1.155045e-01 4.011000e+00
      vertex -1.847753e-02 -1.097925e-01 3.772000e+00
    endloop
  endfacet
  facet normal -9.583327e-01 -2.855829e-01 6.394795e-03
    outer loop
      vertex -1.518054e-02 -1.155045e-01 4.011000e+00
      vertex -1.856013e-02 -1.041636e-01 4.011000e+00
      vertex -1.847753e-02 -1.097925e-01 3.772000e+00
    endloop
  endfacet
  facet normal -9.761463e-01 -2.170614e-01 4.774830e-03
    outer loop
      vertex -1.847753e-02 -1.097925e-01 3.772000e+00
      vertex -1.856013e-02 -1.041636e-01 4.011000e+00
      vertex -2.113530e-02 -9.784022e-02 3.772000e+00
    endloop
  endfacet
  facet normal -9.781836e-01 -2.076809e-01 5.044967e-03
    outer loop
      vertex -1.856013e-02 -1.041636e-01 4.011000e+00
      vertex -2.097669e-02 -9.278151e-02 4.011000e+00
      vertex -2.113530e-02 -9.784022e-02 3.772000e+00
    endloop
  endfacet
  facet normal -9.887567e-01 -1.494844e-01 3.820189e-03
    outer loop
      vertex -2.113530e-02 -9.784022e-02 3.772000e+00
      vertex -2.097669e-02 -9.278151e-02 4.011000e+00
      vertex -2.476267e-02 -7.384718e-02 3.772000e+00
    endloop
  endfacet
  facet normal -9.901428e-01 -1.399859e-01 4.594654e-03
    outer loop
      vertex -2.097669e-02 -9.278151e-02 4.011000e+00
      vertex -2.420479e-02 -6.994863e-02 4.011000e+00
      vertex -2.476267e-02 -7.384718e-02 3.772000e+00
    endloop
  endfacet
  facet normal -9.953562e-01 -9.618187e-02 3.892296e-03
    outer loop
      vertex -2.476267e-02 -7.384718e-02 3.772000e+00
      vertex -2.420479e-02 -6.994863e-02 4.011000e+00
      vertex -2.708773e-02 -4.978589e-02 3.772000e+00
    endloop
  endfacet
  facet normal -9.962301e-01 -8.662255e-02 4.709290e-03
    outer loop
      vertex -2.420479e-02 -6.994863e-02 4.011000e+00
      vertex -2.619473e-02 -4.706278e-02 4.011000e+00
      vertex -2.708773e-02 -4.978589e-02 3.772000e+00
    endloop
  endfacet
  facet normal -9.985134e-01 -5.433259e-02 4.349917e-03
    outer loop
      vertex -2.708773e-02 -4.978589e-02 3.772000e+00
      vertex -2.619473e-02 -4.706278e-02 4.011000e+00
      vertex -2.839988e-02 -2.567152e-02 3.772000e+00
    endloop
  endfacet
  facet normal -9.989848e-01 -4.474501e-02 5.212386e-03
    outer loop
      vertex -2.619473e-02 -4.706278e-02 4.011000e+00
      vertex -2.722164e-02 -2.413572e-02 4.011000e+00
      vertex -2.839988e-02 -2.567152e-02 3.772000e+00
    endloop
  endfacet
  facet normal -9.998185e-01 -1.837170e-02 5.047023e-03
    outer loop
      vertex -2.839988e-02 -2.567152e-02 3.772000e+00
      vertex -2.722164e-02 -2.413572e-02 4.011000e+00
      vertex -2.884382e-02 -1.511640e-03 3.772000e+00
    endloop
  endfacet
  facet normal -9.999438e-01 -8.773391e-03 5.956463e-03
    outer loop
      vertex -2.722164e-02 -2.413572e-02 4.011000e+00
      vertex -2.742311e-02 -1.173343e-03 4.011000e+00
      vertex -2.884382e-02 -1.511640e-03 3.772000e+00
    endloop
  endfacet
  facet normal -9.999822e-01 -4.066638e-04 5.944849e-03
    outer loop
      vertex -2.884382e-02 -1.511640e-03 3.772000e+00
      vertex -2.742311e-02 -1.173343e-03 4.011000e+00
      vertex -2.885365e-02 2.267099e-02 3.772000e+00
    endloop
  endfacet
  facet normal -9.999339e-01 9.192291e-03 6.902219e-03
    outer loop
      vertex -2.742311e-02 -1.173343e-03 4.011000e+00
      vertex -2.721186e-02 2.180669e-02 4.011000e+00
      vertex -2.885365e-02 2.267099e-02 3.772000e+00
    endloop
  endfacet
  facet normal -9.999476e-01 7.568025e-03 6.896439e-03
    outer loop
      vertex -2.885365e-02 2.267099e-02 3.772000e+00
      vertex -2.721186e-02 2.180669e-02 4.011000e+00
      vertex -2.867055e-02 4.686372e-02 3.772000e+00
    endloop
  endfacet
  facet normal -9.998214e-01 1.716621e-02 7.901954e-03
    outer loop
      vertex -2.721186e-02 2.180669e-02 4.011000e+00
      vertex -2.681717e-02 4.479458e-02 4.011000e+00
      vertex -2.867055e-02 4.686372e-02 3.772000e+00
    endloop
  endfacet
  facet normal -9.999540e-01 5.575017e-03 7.802631e-03
    outer loop
      vertex -2.867055e-02 4.686372e-02 3.772000e+00
      vertex -2.681717e-02 4.479458e-02 4.011000e+00
      vertex -2.853568e-02 7.105393e-02 3.772000e+00
    endloop
  endfacet
  facet normal -9.998457e-01 1.517335e-02 8.856438e-03
    outer loop
      vertex -2.681717e-02 4.479458e-02 4.011000e+00
      vertex -2.646834e-02 6.778050e-02 4.011000e+00
      vertex -2.853568e-02 7.105393e-02 3.772000e+00
    endloop
  endfacet
  facet normal -9.999158e-01 9.560348e-03 8.780166e-03
    outer loop
      vertex -2.853568e-02 7.105393e-02 3.772000e+00
      vertex -2.646834e-02 6.778050e-02 4.011000e+00
      vertex -2.830435e-02 9.524920e-02 3.772000e+00
    endloop
  endfacet
  facet normal -9.997676e-01 1.915807e-02 9.882111e-03
    outer loop
      vertex -2.646834e-02 6.778050e-02 4.011000e+00
      vertex -2.602780e-02 9.077035e-02 4.011000e+00
      vertex -2.830435e-02 9.524920e-02 3.772000e+00
    endloop
  endfacet
  facet normal -9.999246e-01 7.567852e-03 9.666407e-03
    outer loop
      vertex -2.830435e-02 9.524920e-02 3.772000e+00
      vertex -2.602780e-02 9.077035e-02 4.011000e+00
      vertex -2.812125e-02 1.194419e-01 3.772000e+00
    endloop
  endfacet
  facet normal -9.997941e-01 1.716574e-02 1.081667e-02
    outer loop
      vertex -2.602780e-02 9.077035e-02 4.011000e+00
      vertex -2.563312e-02 1.137582e-01 4.011000e+00
      vertex -2.812125e-02 1.194419e-01 3.772000e+00
    endloop
  endfacet
  facet normal -9.998762e-01 1.155204e-02 1.068403e-02
    outer loop
      vertex -2.812125e-02 1.194419e-01 3.772000e+00
      vertex -2.563312e-02 1.137582e-01 4.011000e+00
      vertex -2.784168e-02 1.436397e-01 3.772000e+00
    endloop
  endfacet
  facet normal -9.997057e-01 2.114920e-02 1.188236e-02
    outer loop
      vertex -2.563312e-02 1.137582e-01 4.011000e+00
      vertex -2.514671e-02 1.367500e-01 4.011000e+00
      vertex -2.784168e-02 1.436397e-01 3.772000e+00
    endloop
  endfacet
  facet normal -9.998402e-01 1.354320e-02 1.166461e-02
    outer loop
      vertex -2.784168e-02 1.436397e-01 3.772000e+00
      vertex -2.514671e-02 1.367500e-01 4.011000e+00
      vertex -2.751388e-02 1.678401e-01 3.772000e+00
    endloop
  endfacet
  facet normal -9.996489e-01 2.313986e-02 1.291109e-02
    outer loop
      vertex -2.514671e-02 1.367500e-01 4.011000e+00
      vertex -2.461445e-02 1.597438e-01 4.011000e+00
      vertex -2.751388e-02 1.678401e-01 3.772000e+00
    endloop
  endfacet
  facet normal -9.997655e-01 1.752381e-02 1.272226e-02
    outer loop
      vertex -2.751388e-02 1.678401e-01 3.772000e+00
      vertex -2.461445e-02 1.597438e-01 4.011000e+00
      vertex -2.708961e-02 1.920454e-01 3.772000e+00
    endloop
  endfacet
  facet normal -9.995339e-01 2.711944e-02 1.401674e-02
    outer loop
      vertex -2.461445e-02 1.597438e-01 4.011000e+00
      vertex -2.399048e-02 1.827415e-01 4.011000e+00
      vertex -2.708961e-02 1.920454e-01 3.772000e+00
    endloop
  endfacet
  facet normal -9.996278e-01 2.348988e-02 1.387666e-02
    outer loop
      vertex -2.708961e-02 1.920454e-01 3.772000e+00
      vertex -2.399048e-02 1.827415e-01 4.011000e+00
      vertex -2.652064e-02 2.162584e-01 3.772000e+00
    endloop
  endfacet
  facet normal -9.993367e-01 3.308374e-02 1.521900e-02
    outer loop
      vertex -2.399048e-02 1.827415e-01 4.011000e+00
      vertex -2.322893e-02 2.057451e-01 4.011000e+00
      vertex -2.652064e-02 2.162584e-01 3.772000e+00
    endloop
  endfacet
  facet normal -9.993910e-01 3.143460e-02 1.514721e-02
    outer loop
      vertex -2.652064e-02 2.162584e-01 3.772000e+00
      vertex -2.322893e-02 2.057451e-01 4.011000e+00
      vertex -2.575873e-02 2.404815e-01 3.772000e+00
    endloop
  endfacet
  facet normal -9.990212e-01 4.102556e-02 1.653725e-02
    outer loop
      vertex -2.322893e-02 2.057451e-01 4.011000e+00
      vertex -2.228395e-02 2.287565e-01 4.011000e+00
      vertex -2.575873e-02 2.404815e-01 3.772000e+00
    endloop
  endfacet
  facet normal -9.992408e-01 3.540193e-02 1.626456e-02
    outer loop
      vertex -2.575873e-02 2.404815e-01 3.772000e+00
      vertex -2.228395e-02 2.287565e-01 4.011000e+00
      vertex -2.490035e-02 2.647096e-01 3.772000e+00
    endloop
  endfacet
  facet normal -9.988305e-01 4.499107e-02 1.770257e-02
    outer loop
      vertex -2.228395e-02 2.287565e-01 4.011000e+00
      vertex -2.124725e-02 2.517719e-01 4.011000e+00
      vertex -2.490035e-02 2.647096e-01 3.772000e+00
    endloop
  endfacet
  facet normal -9.990733e-01 3.936573e-02 1.740177e-02
    outer loop
      vertex -2.490035e-02 2.647096e-01 3.772000e+00
      vertex -2.124725e-02 2.517719e-01 4.011000e+00
      vertex -2.394551e-02 2.889428e-01 3.772000e+00
    endloop
  endfacet
  facet normal -9.986225e-01 4.895286e-02 1.888773e-02
    outer loop
      vertex -2.124725e-02 2.517719e-01 4.011000e+00
      vertex -2.011884e-02 2.747912e-01 4.011000e+00
      vertex -2.394551e-02 2.889428e-01 3.772000e+00
    endloop
  endfacet
  facet normal -9.988886e-01 4.332579e-02 1.855881e-02
    outer loop
      vertex -2.394551e-02 2.889428e-01 3.772000e+00
      vertex -2.011884e-02 2.747912e-01 4.011000e+00
      vertex -2.289420e-02 3.131810e-01 3.772000e+00
    endloop
  endfacet
  facet normal -9.983971e-01 5.291072e-02 2.009270e-02
    outer loop
      vertex -2.011884e-02 2.747912e-01 4.011000e+00
      vertex -1.889871e-02 2.978144e-01 4.011000e+00
      vertex -2.289420e-02 3.131810e-01 3.772000e+00
    endloop
  endfacet
  facet normal -9.727995e-01 2.295622e-01 3.102268e-02
    outer loop
      vertex -2.289420e-02 3.131810e-01 3.772000e+00
      vertex -1.889871e-02 2.978144e-01 4.011000e+00
      vertex -1.711598e-02 3.376670e-01 3.772000e+00
    endloop
  endfacet
  facet normal -9.705025e-01 2.388777e-01 3.259316e-02
    outer loop
      vertex -1.889871e-02 2.978144e-01 4.011000e+00
      vertex -1.318449e-02 3.210298e-01 4.011000e+00
      vertex -1.711598e-02 3.376670e-01 3.772000e+00
    endloop
  endfacet
  facet normal 1.867387e-01 -9.819306e-01 3.067353e-02
    outer loop
      vertex 5.886336e-03 -1.375741e-01 4.011000e+00
      vertex 1.367901e-02 -1.360922e-01 4.011000e+00
      vertex 4.264410e-03 -1.292297e-01 4.288000e+00
    endloop
  endfacet
  facet normal 1.771343e-01 -9.837173e-01 3.039136e-02
    outer loop
      vertex 4.264410e-03 -1.292297e-01 4.288000e+00
      vertex 1.367901e-02 -1.360922e-01 4.011000e+00
      vertex 1.159496e-02 -1.279097e-01 4.288000e+00
    endloop
  endfacet
  facet normal 3.891445e-01 -9.206840e-01 3.012446e-02
    outer loop
      vertex 1.367901e-02 -1.360922e-01 4.011000e+00
      vertex 1.670244e-02 -1.348142e-01 4.011000e+00
      vertex 1.159496e-02 -1.279097e-01 4.288000e+00
    endloop
  endfacet
  facet normal 3.801283e-01 -9.244454e-01 3.005197e-02
    outer loop
      vertex 1.159496e-02 -1.279097e-01 4.288000e+00
      vertex 1.670244e-02 -1.348142e-01 4.011000e+00
      vertex 1.444556e-02 -1.267375e-01 4.288000e+00
    endloop
  endfacet
  facet normal 5.196779e-01 -8.538655e-01 2.913101e-02
    outer loop
      vertex 1.670244e-02 -1.348142e-01 4.011000e+00
      vertex 2.279198e-02 -1.311080e-01 4.011000e+00
      vertex 1.444556e-02 -1.267375e-01 4.288000e+00
    endloop
  endfacet
  facet normal 5.113102e-01 -8.589082e-01 2.895844e-02
    outer loop
      vertex 1.444556e-02 -1.267375e-01 4.288000e+00
      vertex 2.279198e-02 -1.311080e-01 4.011000e+00
      vertex 2.019736e-02 -1.233135e-01 4.288000e+00
    endloop
  endfacet
  facet normal 6.721915e-01 -7.398806e-01 2.711605e-02
    outer loop
      vertex 2.279198e-02 -1.311080e-01 4.011000e+00
      vertex 2.942542e-02 -1.250815e-01 4.011000e+00
      vertex 2.019736e-02 -1.233135e-01 4.288000e+00
    endloop
  endfacet
  facet normal 6.649316e-01 -7.464191e-01 2.691592e-02
    outer loop
      vertex 2.019736e-02 -1.233135e-01 4.288000e+00
      vertex 2.942542e-02 -1.250815e-01 4.011000e+00
      vertex 2.648116e-02 -1.177157e-01 4.288000e+00
    endloop
  endfacet
  facet normal 7.951229e-01 -6.059507e-01 2.456450e-02
    outer loop
      vertex 2.942542e-02 -1.250815e-01 4.011000e+00
      vertex 3.847337e-02 -1.132088e-01 4.011000e+00
      vertex 2.648116e-02 -1.177157e-01 4.288000e+00
    endloop
  endfacet
  facet normal 7.891699e-01 -6.136987e-01 2.418071e-02
    outer loop
      vertex 2.648116e-02 -1.177157e-01 4.288000e+00
      vertex 3.847337e-02 -1.132088e-01 4.011000e+00
      vertex 3.508571e-02 -1.066509e-01 4.288000e+00
    endloop
  endfacet
  facet normal 8.756748e-01 -4.823940e-01 2.213001e-02
    outer loop
      vertex 3.847337e-02 -1.132088e-01 4.011000e+00
      vertex 4.495326e-02 -1.014461e-01 4.011000e+00
      vertex 3.508571e-02 -1.066509e-01 4.288000e+00
    endloop
  endfacet
  facet normal 8.709245e-01 -4.909330e-01 2.180034e-02
    outer loop
      vertex 3.508571e-02 -1.066509e-01 4.288000e+00
      vertex 4.495326e-02 -1.014461e-01 4.011000e+00
      vertex 4.127798e-02 -9.566566e-02 4.288000e+00
    endloop
  endfacet
  facet normal 9.112221e-01 -4.113962e-01 2.067525e-02
    outer loop
      vertex 4.495326e-02 -1.014461e-01 4.011000e+00
      vertex 5.024085e-02 -8.973435e-02 4.011000e+00
      vertex 4.127798e-02 -9.566566e-02 4.288000e+00
    endloop
  endfacet
  facet normal 9.071637e-01 -4.202854e-01 2.035359e-02
    outer loop
      vertex 4.127798e-02 -9.566566e-02 4.288000e+00
      vertex 5.024085e-02 -8.973435e-02 4.011000e+00
      vertex 4.635026e-02 -8.471742e-02 4.288000e+00
    endloop
  endfacet
  facet normal 9.478362e-01 -3.181865e-01 1.907567e-02
    outer loop
      vertex 5.024085e-02 -8.973435e-02 4.011000e+00
      vertex 5.806454e-02 -6.642861e-02 4.011000e+00
      vertex 4.635026e-02 -8.471742e-02 4.288000e+00
    endloop
  endfacet
  facet normal 9.446942e-01 -3.274398e-01 1.833186e-02
    outer loop
      vertex 4.635026e-02 -8.471742e-02 4.288000e+00
      vertex 5.806454e-02 -6.642861e-02 4.011000e+00
      vertex 5.391022e-02 -6.290622e-02 4.288000e+00
    endloop
  endfacet
  facet normal 9.713073e-01 -2.371772e-01 1.758319e-02
    outer loop
      vertex 5.806454e-02 -6.642861e-02 4.011000e+00
      vertex 6.373290e-02 -4.321508e-02 4.011000e+00
      vertex 5.391022e-02 -6.290622e-02 4.288000e+00
    endloop
  endfacet
  facet normal 9.689554e-01 -2.466623e-01 1.682552e-02
    outer loop
      vertex 5.391022e-02 -6.290622e-02 4.288000e+00
      vertex 6.373290e-02 -4.321508e-02 4.011000e+00
      vertex 5.944559e-02 -4.116183e-02 4.288000e+00
    endloop
  endfacet
  facet normal 9.851304e-01 -1.710129e-01 1.651513e-02
    outer loop
      vertex 6.373290e-02 -4.321508e-02 4.011000e+00
      vertex 6.775037e-02 -2.007219e-02 4.011000e+00
      vertex 5.944559e-02 -4.116183e-02 4.288000e+00
    endloop
  endfacet
  facet normal 9.834243e-01 -1.806353e-01 1.573136e-02
    outer loop
      vertex 5.944559e-02 -4.116183e-02 4.288000e+00
      vertex 6.775037e-02 -2.007219e-02 4.011000e+00
      vertex 6.343020e-02 -1.946862e-02 4.288000e+00
    endloop
  endfacet
  facet normal 9.948554e-01 -1.000761e-01 1.573411e-02
    outer loop
      vertex 6.775037e-02 -2.007219e-02 4.011000e+00
      vertex 7.007109e-02 2.998107e-03 4.011000e+00
      vertex 6.343020e-02 -1.946862e-02 4.288000e+00
    endloop
  endfacet
  facet normal 9.938421e-01 -1.097960e-01 1.492145e-02
    outer loop
      vertex 6.343020e-02 -1.946862e-02 4.288000e+00
      vertex 7.007109e-02 2.998107e-03 4.011000e+00
      vertex 6.582097e-02 2.172006e-03 4.288000e+00
    endloop
  endfacet
  facet normal 9.996157e-01 -2.313909e-02 1.526848e-02
    outer loop
      vertex 7.007109e-02 2.998107e-03 4.011000e+00
      vertex 7.060335e-02 2.599188e-02 4.011000e+00
      vertex 6.582097e-02 2.172006e-03 4.288000e+00
    endloop
  endfacet
  facet normal 9.993543e-01 -3.290833e-02 1.442388e-02
    outer loop
      vertex 6.582097e-02 2.172006e-03 4.288000e+00
      vertex 7.060335e-02 2.599188e-02 4.011000e+00
      vertex 6.653176e-02 2.375719e-02 4.288000e+00
    endloop
  endfacet
  facet normal 9.990568e-01 4.074469e-02 1.501370e-02
    outer loop
      vertex 7.060335e-02 2.599188e-02 4.011000e+00
      vertex 6.966815e-02 4.892286e-02 4.011000e+00
      vertex 6.653176e-02 2.375719e-02 4.288000e+00
    endloop
  endfacet
  facet normal 9.994202e-01 3.097867e-02 1.413057e-02
    outer loop
      vertex 6.653176e-02 2.375719e-02 4.288000e+00
      vertex 6.966815e-02 4.892286e-02 4.011000e+00
      vertex 6.586411e-02 4.529689e-02 4.288000e+00
    endloop
  endfacet
  facet normal 9.950216e-01 9.853094e-02 1.495443e-02
    outer loop
      vertex 6.966815e-02 4.892286e-02 4.011000e+00
      vertex 6.740307e-02 7.179694e-02 4.011000e+00
      vertex 6.586411e-02 4.529689e-02 4.288000e+00
    endloop
  endfacet
  facet normal 9.959505e-01 8.880239e-02 1.402888e-02
    outer loop
      vertex 6.586411e-02 4.529689e-02 4.288000e+00
      vertex 6.740307e-02 7.179694e-02 4.011000e+00
      vertex 6.394723e-02 6.679536e-02 4.288000e+00
    endloop
  endfacet
  facet normal 9.889025e-01 1.478059e-01 1.500633e-02
    outer loop
      vertex 6.740307e-02 7.179694e-02 4.011000e+00
      vertex 6.399154e-02 9.462197e-02 4.011000e+00
      vertex 6.394723e-02 6.679536e-02 4.288000e+00
    endloop
  endfacet
  facet normal 9.903139e-01 1.381355e-01 1.403511e-02
    outer loop
      vertex 6.394723e-02 6.679536e-02 4.288000e+00
      vertex 6.399154e-02 9.462197e-02 4.011000e+00
      vertex 6.095344e-02 8.825830e-02 4.288000e+00
    endloop
  endfacet
  facet normal 9.815786e-01 1.904576e-01 1.514132e-02
    outer loop
      vertex 6.399154e-02 9.462197e-02 4.011000e+00
      vertex 5.957113e-02 1.174038e-01 4.011000e+00
      vertex 6.095344e-02 8.825830e-02 4.288000e+00
    endloop
  endfacet
  facet normal 9.834079e-01 1.808576e-01 1.412209e-02
    outer loop
      vertex 6.095344e-02 8.825830e-02 4.288000e+00
      vertex 5.957113e-02 1.174038e-01 4.011000e+00
      vertex 5.701196e-02 1.096900e-01 4.288000e+00
    endloop
  endfacet
  facet normal 9.725423e-01 2.322125e-01 1.545183e-02
    outer loop
      vertex 5.957113e-02 1.174038e-01 4.011000e+00
      vertex 5.414184e-02 1.401425e-01 4.011000e+00
      vertex 5.701196e-02 1.096900e-01 4.288000e+00
    endloop
  endfacet
  facet normal 9.747810e-01 2.226997e-01 1.438282e-02
    outer loop
      vertex 5.701196e-02 1.096900e-01 4.288000e+00
      vertex 5.414184e-02 1.401425e-01 4.011000e+00
      vertex 5.212280e-02 1.310904e-01 4.288000e+00
    endloop
  endfacet
  facet normal 9.634569e-01 2.673994e-01 1.576104e-02
    outer loop
      vertex 5.414184e-02 1.401425e-01 4.011000e+00
      vertex 4.784125e-02 1.628440e-01 4.011000e+00
      vertex 5.212280e-02 1.310904e-01 4.288000e+00
    endloop
  endfacet
  facet normal 9.660408e-01 2.579745e-01 1.464068e-02
    outer loop
      vertex 5.212280e-02 1.310904e-01 4.288000e+00
      vertex 4.784125e-02 1.628440e-01 4.011000e+00
      vertex 4.641518e-02 1.524637e-01 4.288000e+00
    endloop
  endfacet
  facet normal 9.543996e-01 2.980986e-01 1.608435e-02
    outer loop
      vertex 4.784125e-02 1.628440e-01 4.011000e+00
      vertex 4.076108e-02 1.855120e-01 4.011000e+00
      vertex 4.641518e-02 1.524637e-01 4.288000e+00
    endloop
  endfacet
  facet normal 9.572849e-01 2.887616e-01 1.491148e-02
    outer loop
      vertex 4.641518e-02 1.524637e-01 4.288000e+00
      vertex 4.076108e-02 1.855120e-01 4.011000e+00
      vertex 3.997527e-02 1.738130e-01 4.288000e+00
    endloop
  endfacet
  facet normal 9.481099e-01 3.175349e-01 1.610068e-02
    outer loop
      vertex 4.076108e-02 1.855120e-01 4.011000e+00
      vertex 3.317646e-02 2.081585e-01 4.011000e+00
      vertex 3.997527e-02 1.738130e-01 4.288000e+00
    endloop
  endfacet
  facet normal 9.511861e-01 3.082591e-01 1.487506e-02
    outer loop
      vertex 3.997527e-02 1.738130e-01 4.288000e+00
      vertex 3.317646e-02 2.081585e-01 4.011000e+00
      vertex 3.306151e-02 1.951466e-01 4.288000e+00
    endloop
  endfacet
  facet normal 9.415031e-01 3.366145e-01 1.620302e-02
    outer loop
      vertex 3.317646e-02 2.081585e-01 4.011000e+00
      vertex 2.508741e-02 2.307834e-01 4.011000e+00
      vertex 3.306151e-02 1.951466e-01 4.288000e+00
    endloop
  endfacet
  facet normal 9.447669e-01 3.274030e-01 1.492398e-02
    outer loop
      vertex 3.306151e-02 1.951466e-01 4.288000e+00
      vertex 2.508741e-02 2.307834e-01 4.011000e+00
      vertex 2.567391e-02 2.164645e-01 4.288000e+00
    endloop
  endfacet
  facet normal 9.365140e-01 3.502594e-01 1.612296e-02
    outer loop
      vertex 2.508741e-02 2.307834e-01 4.011000e+00
      vertex 1.663149e-02 2.533926e-01 4.011000e+00
      vertex 2.567391e-02 2.164645e-01 4.288000e+00
    endloop
  endfacet
  facet normal 9.399119e-01 3.410965e-01 1.479049e-02
    outer loop
      vertex 2.567391e-02 2.164645e-01 4.288000e+00
      vertex 1.663149e-02 2.533926e-01 4.011000e+00
      vertex 1.794169e-02 2.377711e-01 4.288000e+00
    endloop
  endfacet
  facet normal 9.320273e-01 3.620343e-01 1.600858e-02
    outer loop
      vertex 1.663149e-02 2.533926e-01 4.011000e+00
      vertex 7.854571e-03 2.759880e-01 4.011000e+00
      vertex 1.794169e-02 2.377711e-01 4.288000e+00
    endloop
  endfacet
  facet normal 9.355411e-01 3.529151e-01 1.462248e-02
    outer loop
      vertex 1.794169e-02 2.377711e-01 4.288000e+00
      vertex 7.854571e-03 2.759880e-01 4.011000e+00
      vertex 9.907945e-03 2.590677e-01 4.288000e+00
    endloop
  endfacet
  facet normal 9.294192e-01 3.686944e-01 1.563172e-02
    outer loop
      vertex 7.854571e-03 2.759880e-01 4.011000e+00
      vertex -1.105785e-03 2.985757e-01 4.011000e+00
      vertex 9.907945e-03 2.590677e-01 4.288000e+00
    endloop
  endfacet
  facet normal 9.329984e-01 3.596006e-01 1.419239e-02
    outer loop
      vertex 9.907945e-03 2.590677e-01 4.288000e+00
      vertex -1.105785e-03 2.985757e-01 4.011000e+00
      vertex 1.701890e-03 2.803586e-01 4.288000e+00
    endloop
  endfacet
  facet normal 8.804502e-01 4.736175e-01 2.222338e-02
    outer loop
      vertex -1.105785e-03 2.985757e-01 4.011000e+00
      vertex -1.318449e-02 3.210298e-01 4.011000e+00
      vertex 1.701890e-03 2.803586e-01 4.288000e+00
    endloop
  endfacet
  facet normal 8.850659e-01 4.650047e-01 2.071073e-02
    outer loop
      vertex 1.701890e-03 2.803586e-01 4.288000e+00
      vertex -1.318449e-02 3.210298e-01 4.011000e+00
      vertex -9.433371e-03 3.015529e-01 4.288000e+00
    endloop
  endfacet
  facet normal -1.570412e-01 -9.871715e-01 2.881846e-02
    outer loop
      vertex 5.886336e-03 -1.375741e-01 4.011000e+00
      vertex 4.264410e-03 -1.292297e-01 4.288000e+00
      vertex 1.967437e-04 -1.366690e-01 4.011000e+00
    endloop
  endfacet
  facet normal -1.666815e-01 -9.855867e-01 2.891746e-02
    outer loop
      vertex 4.264410e-03 -1.292297e-01 4.288000e+00
      vertex -1.069543e-03 -1.283276e-01 4.288000e+00
      vertex 1.967437e-04 -1.366690e-01 4.011000e+00
    endloop
  endfacet
  facet normal -4.476924e-01 -8.938417e-01 2.487008e-02
    outer loop
      vertex 1.967437e-04 -1.366690e-01 4.011000e+00
      vertex -1.069543e-03 -1.283276e-01 4.288000e+00
      vertex -1.915921e-03 -1.356109e-01 4.011000e+00
    endloop
  endfacet
  facet normal -4.564082e-01 -8.894254e-01 2.478059e-02
    outer loop
      vertex -1.069543e-03 -1.283276e-01 4.288000e+00
      vertex -3.043525e-03 -1.273146e-01 4.288000e+00
      vertex -1.915921e-03 -1.356109e-01 4.011000e+00
    endloop
  endfacet
  facet normal -6.472886e-01 -7.619777e-01 2.018647e-02
    outer loop
      vertex -1.915921e-03 -1.356109e-01 4.011000e+00
      vertex -3.043525e-03 -1.273146e-01 4.288000e+00
      vertex -5.777581e-03 -1.323304e-01 4.011000e+00
    endloop
  endfacet
  facet normal -6.547056e-01 -7.556155e-01 2.014447e-02
    outer loop
      vertex -3.043525e-03 -1.273146e-01 4.288000e+00
      vertex -6.639336e-03 -1.241990e-01 4.288000e+00
      vertex -5.777581e-03 -1.323304e-01 4.011000e+00
    endloop
  endfacet
  facet normal -8.118454e-01 -5.836897e-01 1.460868e-02
    outer loop
      vertex -5.777581e-03 -1.323304e-01 4.011000e+00
      vertex -6.639336e-03 -1.241990e-01 4.288000e+00
      vertex -9.783204e-03 -1.267591e-01 4.011000e+00
    endloop
  endfacet
  facet normal -8.175115e-01 -5.757272e-01 1.459940e-02
    outer loop
      vertex -6.639336e-03 -1.241990e-01 4.288000e+00
      vertex -1.034930e-02 -1.189310e-01 4.288000e+00
      vertex -9.783204e-03 -1.267591e-01 4.011000e+00
    endloop
  endfacet
  facet normal -9.016261e-01 -4.323918e-01 1.037683e-02
    outer loop
      vertex -9.783204e-03 -1.267591e-01 4.011000e+00
      vertex -1.034930e-02 -1.189310e-01 4.288000e+00
      vertex -1.518054e-02 -1.155045e-01 4.011000e+00
    endloop
  endfacet
  facet normal -9.058074e-01 -4.235581e-01 1.055903e-02
    outer loop
      vertex -1.034930e-02 -1.189310e-01 4.288000e+00
      vertex -1.531386e-02 -1.083140e-01 4.288000e+00
      vertex -1.518054e-02 -1.155045e-01 4.011000e+00
    endloop
  endfacet
  facet normal -9.583291e-01 -2.855818e-01 6.952081e-03
    outer loop
      vertex -1.518054e-02 -1.155045e-01 4.011000e+00
      vertex -1.531386e-02 -1.083140e-01 4.288000e+00
      vertex -1.856013e-02 -1.041636e-01 4.011000e+00
    endloop
  endfacet
  facet normal -9.610734e-01 -2.762015e-01 7.124791e-03
    outer loop
      vertex -1.531386e-02 -1.083140e-01 4.288000e+00
      vertex -1.838305e-02 -9.763440e-02 4.288000e+00
      vertex -1.856013e-02 -1.041636e-01 4.011000e+00
    endloop
  endfacet
  facet normal -9.781812e-01 -2.076804e-01 5.520606e-03
    outer loop
      vertex -1.856013e-02 -1.041636e-01 4.011000e+00
      vertex -1.838305e-02 -9.763440e-02 4.288000e+00
      vertex -2.097669e-02 -9.278151e-02 4.011000e+00
    endloop
  endfacet
  facet normal -9.801632e-01 -1.981098e-01 5.706836e-03
    outer loop
      vertex -1.838305e-02 -9.763440e-02 4.288000e+00
      vertex -2.054763e-02 -8.692496e-02 4.288000e+00
      vertex -2.097669e-02 -9.278151e-02 4.011000e+00
    endloop
  endfacet
  facet normal -9.901433e-01 -1.399859e-01 4.493395e-03
    outer loop
      vertex -2.097669e-02 -9.278151e-02 4.011000e+00
      vertex -2.054763e-02 -8.692496e-02 4.288000e+00
      vertex -2.420479e-02 -6.994863e-02 4.011000e+00
    endloop
  endfacet
  facet normal -9.914613e-01 -1.303015e-01 5.104319e-03
    outer loop
      vertex -2.054763e-02 -8.692496e-02 4.288000e+00
      vertex -2.336911e-02 -6.545634e-02 4.288000e+00
      vertex -2.420479e-02 -6.994863e-02 4.011000e+00
    endloop
  endfacet
  facet normal -9.962314e-01 -8.662266e-02 4.410341e-03
    outer loop
      vertex -2.420479e-02 -6.994863e-02 4.011000e+00
      vertex -2.336911e-02 -6.545634e-02 4.288000e+00
      vertex -2.619473e-02 -4.706278e-02 4.011000e+00
    endloop
  endfacet
  facet normal -9.970274e-01 -7.688143e-02 5.065304e-03
    outer loop
      vertex -2.336911e-02 -6.545634e-02 4.288000e+00
      vertex -2.502753e-02 -4.394934e-02 4.288000e+00
      vertex -2.619473e-02 -4.706278e-02 4.011000e+00
    endloop
  endfacet
  facet normal -9.989873e-01 -4.474512e-02 4.712355e-03
    outer loop
      vertex -2.619473e-02 -4.706278e-02 4.011000e+00
      vertex -2.502753e-02 -4.394934e-02 4.288000e+00
      vertex -2.722164e-02 -2.413572e-02 4.011000e+00
    endloop
  endfacet
  facet normal -9.993734e-01 -3.497907e-02 5.413972e-03
    outer loop
      vertex -2.502753e-02 -4.394934e-02 4.288000e+00
      vertex -2.578135e-02 -2.241248e-02 4.288000e+00
      vertex -2.722164e-02 -2.413572e-02 4.011000e+00
    endloop
  endfacet
  facet normal -9.999477e-01 -8.773425e-03 5.253931e-03
    outer loop
      vertex -2.722164e-02 -2.413572e-02 4.011000e+00
      vertex -2.578135e-02 -2.241248e-02 4.288000e+00
      vertex -2.742311e-02 -1.173343e-03 4.011000e+00
    endloop
  endfacet
  facet normal -9.999815e-01 1.000167e-03 6.003527e-03
    outer loop
      vertex -2.578135e-02 -2.241248e-02 4.288000e+00
      vertex -2.575978e-02 -8.500390e-04 4.288000e+00
      vertex -2.742311e-02 -1.173343e-03 4.011000e+00
    endloop
  endfacet
  facet normal -9.999398e-01 9.192345e-03 5.993715e-03
    outer loop
      vertex -2.742311e-02 -1.173343e-03 4.011000e+00
      vertex -2.575978e-02 -8.500390e-04 4.288000e+00
      vertex -2.721186e-02 2.180669e-02 4.011000e+00
    endloop
  endfacet
  facet normal -9.997971e-01 1.896491e-02 6.792296e-03
    outer loop
      vertex -2.575978e-02 -8.500390e-04 4.288000e+00
      vertex -2.535052e-02 2.072520e-02 4.288000e+00
      vertex -2.721186e-02 2.180669e-02 4.011000e+00
    endloop
  endfacet
  facet normal -9.998296e-01 1.716635e-02 6.785493e-03
    outer loop
      vertex -2.721186e-02 2.180669e-02 4.011000e+00
      vertex -2.535052e-02 2.072520e-02 4.288000e+00
      vertex -2.681717e-02 4.479458e-02 4.011000e+00
    endloop
  endfacet
  facet normal -9.996080e-01 2.693739e-02 7.633355e-03
    outer loop
      vertex -2.535052e-02 2.072520e-02 4.288000e+00
      vertex -2.476896e-02 4.230612e-02 4.288000e+00
      vertex -2.681717e-02 4.479458e-02 4.011000e+00
    endloop
  endfacet
  facet normal -9.998565e-01 1.517351e-02 7.529511e-03
    outer loop
      vertex -2.681717e-02 4.479458e-02 4.011000e+00
      vertex -2.476896e-02 4.230612e-02 4.288000e+00
      vertex -2.646834e-02 6.778050e-02 4.011000e+00
    endloop
  endfacet
  facet normal -9.996533e-01 2.494490e-02 8.426892e-03
    outer loop
      vertex -2.476896e-02 4.230612e-02 4.288000e+00
      vertex -2.423048e-02 6.388562e-02 4.288000e+00
      vertex -2.646834e-02 6.778050e-02 4.011000e+00
    endloop
  endfacet
  facet normal -9.997816e-01 1.915833e-02 8.346564e-03
    outer loop
      vertex -2.646834e-02 6.778050e-02 4.011000e+00
      vertex -2.423048e-02 6.388562e-02 4.288000e+00
      vertex -2.602780e-02 9.077035e-02 4.011000e+00
    endloop
  endfacet
  facet normal -9.995383e-01 2.892873e-02 9.293268e-03
    outer loop
      vertex -2.423048e-02 6.388562e-02 4.288000e+00
      vertex -2.360584e-02 8.546796e-02 4.288000e+00
      vertex -2.602780e-02 9.077035e-02 4.011000e+00
    endloop
  endfacet
  facet normal -9.998115e-01 1.716604e-02 9.070494e-03
    outer loop
      vertex -2.602780e-02 9.077035e-02 4.011000e+00
      vertex -2.360584e-02 8.546796e-02 4.288000e+00
      vertex -2.563312e-02 1.137582e-01 4.011000e+00
    endloop
  endfacet
  facet normal -9.995864e-01 2.693681e-02 1.006674e-02
    outer loop
      vertex -2.360584e-02 8.546796e-02 4.288000e+00
      vertex -2.302428e-02 1.070489e-01 4.288000e+00
      vertex -2.563312e-02 1.137582e-01 4.011000e+00
    endloop
  endfacet
  facet normal -9.997270e-01 2.114965e-02 9.927895e-03
    outer loop
      vertex -2.563312e-02 1.137582e-01 4.011000e+00
      vertex -2.302428e-02 1.070489e-01 4.288000e+00
      vertex -2.514671e-02 1.367500e-01 4.011000e+00
    endloop
  endfacet
  facet normal -9.994616e-01 3.091932e-02 1.097341e-02
    outer loop
      vertex -2.302428e-02 1.070489e-01 4.288000e+00
      vertex -2.235656e-02 1.286326e-01 4.288000e+00
      vertex -2.514671e-02 1.367500e-01 4.011000e+00
    endloop
  endfacet
  facet normal -9.996745e-01 2.314045e-02 1.074759e-02
    outer loop
      vertex -2.514671e-02 1.367500e-01 4.011000e+00
      vertex -2.235656e-02 1.286326e-01 4.288000e+00
      vertex -2.461445e-02 1.597438e-01 4.011000e+00
    endloop
  endfacet
  facet normal -9.993882e-01 3.290944e-02 1.184246e-02
    outer loop
      vertex -2.235656e-02 1.286326e-01 4.288000e+00
      vertex -2.164577e-02 1.502178e-01 4.288000e+00
      vertex -2.461445e-02 1.597438e-01 4.011000e+00
    endloop
  endfacet
  facet normal -9.995643e-01 2.712027e-02 1.164526e-02
    outer loop
      vertex -2.461445e-02 1.597438e-01 4.011000e+00
      vertex -2.164577e-02 1.502178e-01 4.288000e+00
      vertex -2.399048e-02 1.827415e-01 4.011000e+00
    endloop
  endfacet
  facet normal -9.992376e-01 3.688789e-02 1.278935e-02
    outer loop
      vertex -2.164577e-02 1.502178e-01 4.288000e+00
      vertex -2.084883e-02 1.718059e-01 4.288000e+00
      vertex -2.399048e-02 1.827415e-01 4.011000e+00
    endloop
  endfacet
  facet normal -9.993726e-01 3.308493e-02 1.264075e-02
    outer loop
      vertex -2.399048e-02 1.827415e-01 4.011000e+00
      vertex -2.084883e-02 1.718059e-01 4.288000e+00
      vertex -2.322893e-02 2.057451e-01 4.011000e+00
    endloop
  endfacet
  facet normal -9.989857e-01 4.285023e-02 1.383391e-02
    outer loop
      vertex -2.084883e-02 1.718059e-01 4.288000e+00
      vertex -1.992265e-02 1.933981e-01 4.288000e+00
      vertex -2.322893e-02 2.057451e-01 4.011000e+00
    endloop
  endfacet
  facet normal -9.990634e-01 4.102729e-02 1.375358e-02
    outer loop
      vertex -2.322893e-02 2.057451e-01 4.011000e+00
      vertex -1.992265e-02 1.933981e-01 4.288000e+00
      vertex -2.228395e-02 2.287565e-01 4.011000e+00
    endloop
  endfacet
  facet normal -9.985968e-01 5.078896e-02 1.499566e-02
    outer loop
      vertex -1.992265e-02 1.933981e-01 4.288000e+00
      vertex -1.882417e-02 2.149961e-01 4.288000e+00
      vertex -2.228395e-02 2.287565e-01 4.011000e+00
    endloop
  endfacet
  facet normal -9.988790e-01 4.499326e-02 1.471127e-02
    outer loop
      vertex -2.228395e-02 2.287565e-01 4.011000e+00
      vertex -1.882417e-02 2.149961e-01 4.288000e+00
      vertex -2.124725e-02 2.517719e-01 4.011000e+00
    endloop
  endfacet
  facet normal -9.983717e-01 5.475275e-02 1.600255e-02
    outer loop
      vertex -1.882417e-02 2.149961e-01 4.288000e+00
      vertex -1.763954e-02 2.365969e-01 4.288000e+00
      vertex -2.124725e-02 2.517719e-01 4.011000e+00
    endloop
  endfacet
  facet normal -9.986777e-01 4.895557e-02 1.568894e-02
    outer loop
      vertex -2.124725e-02 2.517719e-01 4.011000e+00
      vertex -1.763954e-02 2.365969e-01 4.288000e+00
      vertex -2.011884e-02 2.747912e-01 4.011000e+00
    endloop
  endfacet
  facet normal -9.981297e-01 5.871271e-02 1.702940e-02
    outer loop
      vertex -1.763954e-02 2.365969e-01 4.288000e+00
      vertex -1.636875e-02 2.582006e-01 4.288000e+00
      vertex -2.011884e-02 2.747912e-01 4.011000e+00
    endloop
  endfacet
  facet normal -9.984596e-01 5.291404e-02 1.668657e-02
    outer loop
      vertex -2.011884e-02 2.747912e-01 4.011000e+00
      vertex -1.636875e-02 2.582006e-01 4.288000e+00
      vertex -1.889871e-02 2.978144e-01 4.011000e+00
    endloop
  endfacet
  facet normal -9.978707e-01 6.266863e-02 1.807619e-02
    outer loop
      vertex -1.636875e-02 2.582006e-01 4.288000e+00
      vertex -1.501181e-02 2.798071e-01 4.288000e+00
      vertex -1.889871e-02 2.978144e-01 4.011000e+00
    endloop
  endfacet
  facet normal -9.706058e-01 2.389031e-01 2.915028e-02
    outer loop
      vertex -1.889871e-02 2.978144e-01 4.011000e+00
      vertex -1.501181e-02 2.798071e-01 4.288000e+00
      vertex -1.318449e-02 3.210298e-01 4.011000e+00
    endloop
  endfacet
  facet normal -9.681832e-01 2.483675e-01 3.057474e-02
    outer loop
      vertex -1.501181e-02 2.798071e-01 4.288000e+00
      vertex -9.433371e-03 3.015529e-01 4.288000e+00
      vertex -1.318449e-02 3.210298e-01 4.011000e+00
    endloop
  endfacet
  facet normal 1.771337e-01 -9.837144e-01 3.048935e-02
    outer loop
      vertex 4.264410e-03 -1.292297e-01 4.288000e+00
      vertex 1.159496e-02 -1.279097e-01 4.288000e+00
      vertex 3.059323e-03 -1.208613e-01 4.565000e+00
    endloop
  endfacet
  facet normal 1.695752e-01 -9.850516e-01 3.029047e-02
    outer loop
      vertex 3.059323e-03 -1.208613e-01 4.565000e+00
      vertex 1.159496e-02 -1.279097e-01 4.288000e+00
      vertex 9.922922e-03 -1.196797e-01 4.565000e+00
    endloop
  endfacet
  facet normal 3.801316e-01 -9.244535e-01 2.976101e-02
    outer loop
      vertex 1.159496e-02 -1.279097e-01 4.288000e+00
      vertex 1.444556e-02 -1.267375e-01 4.288000e+00
      vertex 9.922922e-03 -1.196797e-01 4.565000e+00
    endloop
  endfacet
  facet normal 3.730217e-01 -9.273466e-01 2.971863e-02
    outer loop
      vertex 9.922922e-03 -1.196797e-01 4.565000e+00
      vertex 1.444556e-02 -1.267375e-01 4.288000e+00
      vertex 1.259666e-02 -1.186042e-01 4.565000e+00
    endloop
  endfacet
  facet normal 5.113150e-01 -8.589163e-01 2.863245e-02
    outer loop
      vertex 1.444556e-02 -1.267375e-01 4.288000e+00
      vertex 2.019736e-02 -1.233135e-01 4.288000e+00
      vertex 1.259666e-02 -1.186042e-01 4.565000e+00
    endloop
  endfacet
  facet normal 5.047056e-01 -8.628204e-01 2.851746e-02
    outer loop
      vertex 1.259666e-02 -1.186042e-01 4.565000e+00
      vertex 2.019736e-02 -1.233135e-01 4.288000e+00
      vertex 1.799922e-02 -1.154440e-01 4.565000e+00
    endloop
  endfacet
  facet normal 6.649394e-01 -7.464277e-01 2.648233e-02
    outer loop
      vertex 2.019736e-02 -1.233135e-01 4.288000e+00
      vertex 2.648116e-02 -1.177157e-01 4.288000e+00
      vertex 1.799922e-02 -1.154440e-01 4.565000e+00
    endloop
  endfacet
  facet normal 6.591900e-01 -7.515147e-01 2.634800e-02
    outer loop
      vertex 1.799922e-02 -1.154440e-01 4.565000e+00
      vertex 2.648116e-02 -1.177157e-01 4.288000e+00
      vertex 2.391482e-02 -1.102552e-01 4.565000e+00
    endloop
  endfacet
  facet normal 7.891764e-01 -6.137038e-01 2.384059e-02
    outer loop
      vertex 2.648116e-02 -1.177157e-01 4.288000e+00
      vertex 3.508571e-02 -1.066509e-01 4.288000e+00
      vertex 2.391482e-02 -1.102552e-01 4.565000e+00
    endloop
  endfacet
  facet normal 7.844452e-01 -6.197500e-01 2.357112e-02
    outer loop
      vertex 2.391482e-02 -1.102552e-01 4.565000e+00
      vertex 3.508571e-02 -1.066509e-01 4.288000e+00
      vertex 3.203959e-02 -9.997126e-02 4.565000e+00
    endloop
  endfacet
  facet normal 8.709317e-01 -4.909371e-01 2.141599e-02
    outer loop
      vertex 3.508571e-02 -1.066509e-01 4.288000e+00
      vertex 4.127798e-02 -9.566566e-02 4.288000e+00
      vertex 3.203959e-02 -9.997126e-02 4.565000e+00
    endloop
  endfacet
  facet normal 8.671402e-01 -4.976133e-01 2.118577e-02
    outer loop
      vertex 3.203959e-02 -9.997126e-02 4.565000e+00
      vertex 4.127798e-02 -9.566566e-02 4.288000e+00
      vertex 3.790828e-02 -8.974448e-02 4.565000e+00
    endloop
  endfacet
  facet normal 9.071698e-01 -4.202882e-01 2.001981e-02
    outer loop
      vertex 4.127798e-02 -9.566566e-02 4.288000e+00
      vertex 4.635026e-02 -8.471742e-02 4.288000e+00
      vertex 3.790828e-02 -8.974448e-02 4.565000e+00
    endloop
  endfacet
  facet normal 9.039195e-01 -4.272442e-01 1.979452e-02
    outer loop
      vertex 3.790828e-02 -8.974448e-02 4.565000e+00
      vertex 4.635026e-02 -8.471742e-02 4.288000e+00
      vertex 4.272951e-02 -7.954422e-02 4.565000e+00
    endloop
  endfacet
  facet normal 9.446919e-01 -3.274390e-01 1.846352e-02
    outer loop
      vertex 4.635026e-02 -8.471742e-02 4.288000e+00
      vertex 5.391022e-02 -6.290622e-02 4.288000e+00
      vertex 4.272951e-02 -7.954422e-02 4.565000e+00
    endloop
  endfacet
  facet normal 9.421588e-01 -3.346872e-01 1.792591e-02
    outer loop
      vertex 4.272951e-02 -7.954422e-02 4.565000e+00
      vertex 5.391022e-02 -6.290622e-02 4.288000e+00
      vertex 4.995475e-02 -5.920487e-02 4.565000e+00
    endloop
  endfacet
  facet normal 9.689504e-01 -2.466611e-01 1.713225e-02
    outer loop
      vertex 5.391022e-02 -6.290622e-02 4.288000e+00
      vertex 5.944559e-02 -4.116183e-02 4.288000e+00
      vertex 4.995475e-02 -5.920487e-02 4.565000e+00
    endloop
  endfacet
  facet normal 9.670366e-01 -2.540971e-01 1.658232e-02
    outer loop
      vertex 4.995475e-02 -5.920487e-02 4.565000e+00
      vertex 5.944559e-02 -4.116183e-02 4.288000e+00
      vertex 5.528649e-02 -3.891346e-02 4.565000e+00
    endloop
  endfacet
  facet normal 9.834165e-01 -1.806339e-01 1.623197e-02
    outer loop
      vertex 5.944559e-02 -4.116183e-02 4.288000e+00
      vertex 6.343020e-02 -1.946862e-02 4.288000e+00
      vertex 5.528649e-02 -3.891346e-02 4.565000e+00
    endloop
  endfacet
  facet normal 9.820092e-01 -1.881823e-01 1.566071e-02
    outer loop
      vertex 5.528649e-02 -3.891346e-02 4.565000e+00
      vertex 6.343020e-02 -1.946862e-02 4.288000e+00
      vertex 5.916790e-02 -1.865876e-02 4.565000e+00
    endloop
  endfacet
  facet normal 9.938316e-01 -1.097949e-01 1.561345e-02
    outer loop
      vertex 6.343020e-02 -1.946862e-02 4.288000e+00
      vertex 6.582097e-02 2.172006e-03 4.288000e+00
      vertex 5.916790e-02 -1.865876e-02 4.565000e+00
    endloop
  endfacet
  facet normal 9.929682e-01 -1.174247e-01 1.501894e-02
    outer loop
      vertex 5.916790e-02 -1.865876e-02 4.565000e+00
      vertex 6.582097e-02 2.172006e-03 4.288000e+00
      vertex 6.155868e-02 1.558215e-03 4.565000e+00
    endloop
  endfacet
  facet normal 9.993412e-01 -3.290790e-02 1.530428e-02
    outer loop
      vertex 6.582097e-02 2.172006e-03 4.288000e+00
      vertex 6.653176e-02 2.375719e-02 4.288000e+00
      vertex 6.155868e-02 1.558215e-03 4.565000e+00
    endloop
  endfacet
  facet normal 9.990683e-01 -4.058162e-02 1.468440e-02
    outer loop
      vertex 6.155868e-02 1.558215e-03 4.565000e+00
      vertex 6.653176e-02 2.375719e-02 4.288000e+00
      vertex 6.237827e-02 2.173542e-02 4.565000e+00
    endloop
  endfacet
  facet normal 9.994043e-01 3.097818e-02 1.521174e-02
    outer loop
      vertex 6.653176e-02 2.375719e-02 4.288000e+00
      vertex 6.586411e-02 4.529689e-02 4.288000e+00
      vertex 6.237827e-02 2.173542e-02 4.565000e+00
    endloop
  endfacet
  facet normal 9.996224e-01 2.330270e-02 1.456161e-02
    outer loop
      vertex 6.237827e-02 2.173542e-02 4.565000e+00
      vertex 6.586411e-02 4.529689e-02 4.288000e+00
      vertex 6.190867e-02 4.187998e-02 4.565000e+00
    endloop
  endfacet
  facet normal 9.959316e-01 8.880071e-02 1.531685e-02
    outer loop
      vertex 6.586411e-02 4.529689e-02 4.288000e+00
      vertex 6.394723e-02 6.679536e-02 4.288000e+00
      vertex 6.190867e-02 4.187998e-02 4.565000e+00
    endloop
  endfacet
  facet normal 9.965944e-01 8.115079e-02 1.463364e-02
    outer loop
      vertex 6.190867e-02 4.187998e-02 4.565000e+00
      vertex 6.394723e-02 6.679536e-02 4.288000e+00
      vertex 6.027074e-02 6.199498e-02 4.565000e+00
    endloop
  endfacet
  facet normal 9.902919e-01 1.381324e-01 1.553748e-02
    outer loop
      vertex 6.394723e-02 6.679536e-02 4.288000e+00
      vertex 6.095344e-02 8.825830e-02 4.288000e+00
      vertex 6.027074e-02 6.199498e-02 4.565000e+00
    endloop
  endfacet
  facet normal 9.913343e-01 1.305250e-01 1.481876e-02
    outer loop
      vertex 6.027074e-02 6.199498e-02 4.565000e+00
      vertex 6.095344e-02 8.825830e-02 4.288000e+00
      vertex 5.762564e-02 8.208448e-02 4.565000e+00
    endloop
  endfacet
  facet normal 9.833825e-01 1.808529e-01 1.584495e-02
    outer loop
      vertex 6.095344e-02 8.825830e-02 4.288000e+00
      vertex 5.701196e-02 1.096900e-01 4.288000e+00
      vertex 5.762564e-02 8.208448e-02 4.565000e+00
    endloop
  endfacet
  facet normal 9.847539e-01 1.732978e-01 1.508898e-02
    outer loop
      vertex 5.762564e-02 8.208448e-02 4.565000e+00
      vertex 5.701196e-02 1.096900e-01 4.288000e+00
      vertex 5.409422e-02 1.021515e-01 4.565000e+00
    endloop
  endfacet
  facet normal 9.747519e-01 2.226930e-01 1.632789e-02
    outer loop
      vertex 5.701196e-02 1.096900e-01 4.288000e+00
      vertex 5.212280e-02 1.310904e-01 4.288000e+00
      vertex 5.409422e-02 1.021515e-01 4.565000e+00
    endloop
  endfacet
  facet normal 9.764456e-01 2.152037e-01 1.553341e-02
    outer loop
      vertex 5.409422e-02 1.021515e-01 4.565000e+00
      vertex 5.212280e-02 1.310904e-01 4.288000e+00
      vertex 4.967649e-02 1.221962e-01 4.565000e+00
    endloop
  endfacet
  facet normal 9.660078e-01 2.579657e-01 1.681427e-02
    outer loop
      vertex 5.212280e-02 1.310904e-01 4.288000e+00
      vertex 4.641518e-02 1.524637e-01 4.288000e+00
      vertex 4.967649e-02 1.221962e-01 4.565000e+00
    endloop
  endfacet
  facet normal 9.679735e-01 2.505432e-01 1.598008e-02
    outer loop
      vertex 4.967649e-02 1.221962e-01 4.565000e+00
      vertex 4.641518e-02 1.524637e-01 4.288000e+00
      vertex 4.449329e-02 1.422214e-01 4.565000e+00
    endloop
  endfacet
  facet normal 9.572478e-01 2.887504e-01 1.731841e-02
    outer loop
      vertex 4.641518e-02 1.524637e-01 4.288000e+00
      vertex 3.997527e-02 1.738130e-01 4.288000e+00
      vertex 4.449329e-02 1.422214e-01 4.565000e+00
    endloop
  endfacet
  facet normal 9.594511e-01 2.813950e-01 1.644359e-02
    outer loop
      vertex 4.449329e-02 1.422214e-01 4.565000e+00
      vertex 3.997527e-02 1.738130e-01 4.288000e+00
      vertex 3.862522e-02 1.622293e-01 4.565000e+00
    endloop
  endfacet
  facet normal 9.511453e-01 3.082458e-01 1.752596e-02
    outer loop
      vertex 3.997527e-02 1.738130e-01 4.288000e+00
      vertex 3.306151e-02 1.951466e-01 4.288000e+00
      vertex 3.862522e-02 1.622293e-01 4.565000e+00
    endloop
  endfacet
  facet normal 9.534993e-01 3.009373e-01 1.661017e-02
    outer loop
      vertex 3.862522e-02 1.622293e-01 4.565000e+00
      vertex 3.306151e-02 1.951466e-01 4.288000e+00
      vertex 3.231400e-02 1.822260e-01 4.565000e+00
    endloop
  endfacet
  facet normal 9.447221e-01 3.273875e-01 1.782024e-02
    outer loop
      vertex 3.306151e-02 1.951466e-01 4.288000e+00
      vertex 2.567391e-02 2.164645e-01 4.288000e+00
      vertex 3.231400e-02 1.822260e-01 4.565000e+00
    endloop
  endfacet
  facet normal 9.472241e-01 3.201283e-01 1.686299e-02
    outer loop
      vertex 3.231400e-02 1.822260e-01 4.565000e+00
      vertex 2.567391e-02 2.164645e-01 4.288000e+00
      vertex 2.555961e-02 2.022115e-01 4.565000e+00
    endloop
  endfacet
  facet normal 9.398635e-01 3.410789e-01 1.793797e-02
    outer loop
      vertex 2.567391e-02 2.164645e-01 4.288000e+00
      vertex 1.794169e-02 2.377711e-01 4.288000e+00
      vertex 2.555961e-02 2.022115e-01 4.565000e+00
    endloop
  endfacet
  facet normal 9.424715e-01 3.338571e-01 1.693915e-02
    outer loop
      vertex 2.555961e-02 2.022115e-01 4.565000e+00
      vertex 1.794169e-02 2.377711e-01 4.288000e+00
      vertex 1.848292e-02 2.221889e-01 4.565000e+00
    endloop
  endfacet
  facet normal 9.354891e-01 3.528955e-01 1.802377e-02
    outer loop
      vertex 1.794169e-02 2.377711e-01 4.288000e+00
      vertex 9.907945e-03 2.590677e-01 4.288000e+00
      vertex 1.848292e-02 2.221889e-01 4.565000e+00
    endloop
  endfacet
  facet normal 9.381886e-01 3.457075e-01 1.698321e-02
    outer loop
      vertex 1.848292e-02 2.221889e-01 4.565000e+00
      vertex 9.907945e-03 2.590677e-01 4.288000e+00
      vertex 1.112423e-02 2.421590e-01 4.565000e+00
    endloop
  endfacet
  facet normal 9.329436e-01 3.595796e-01 1.785302e-02
    outer loop
      vertex 9.907945e-03 2.590677e-01 4.288000e+00
      vertex 1.701890e-03 2.803586e-01 4.288000e+00
      vertex 1.112423e-02 2.421590e-01 4.565000e+00
    endloop
  endfacet
  facet normal 9.356950e-01 3.524111e-01 1.677087e-02
    outer loop
      vertex 1.112423e-02 2.421590e-01 4.565000e+00
      vertex 1.701890e-03 2.803586e-01 4.288000e+00
      vertex 3.604389e-03 2.621251e-01 4.565000e+00
    endloop
  endfacet
  facet normal 8.849895e-01 4.649645e-01 2.452795e-02
    outer loop
      vertex 1.701890e-03 2.803586e-01 4.288000e+00
      vertex -9.433371e-03 3.015529e-01 4.288000e+00
      vertex 3.604389e-03 2.621251e-01 4.565000e+00
    endloop
  endfacet
  facet normal 8.885582e-01 4.581671e-01 2.339244e-02
    outer loop
      vertex 3.604389e-03 2.621251e-01 4.565000e+00
      vertex -9.433371e-03 3.015529e-01 4.288000e+00
      vertex -6.654975e-03 2.820219e-01 4.565000e+00
    endloop
  endfacet
  facet normal -1.666808e-01 -9.855829e-01 2.905004e-02
    outer loop
      vertex 4.264410e-03 -1.292297e-01 4.288000e+00
      vertex 3.059323e-03 -1.208613e-01 4.565000e+00
      vertex -1.069543e-03 -1.283276e-01 4.288000e+00
    endloop
  endfacet
  facet normal -1.742442e-01 -9.842716e-01 2.912743e-02
    outer loop
      vertex 3.059323e-03 -1.208613e-01 4.565000e+00
      vertex -1.921484e-03 -1.199795e-01 4.565000e+00
      vertex -1.069543e-03 -1.283276e-01 4.288000e+00
    endloop
  endfacet
  facet normal -4.564011e-01 -8.894115e-01 2.540080e-02
    outer loop
      vertex -1.069543e-03 -1.283276e-01 4.288000e+00
      vertex -1.921484e-03 -1.199795e-01 4.565000e+00
      vertex -3.043525e-03 -1.273146e-01 4.288000e+00
    endloop
  endfacet
  facet normal -4.632185e-01 -8.858819e-01 2.533495e-02
    outer loop
      vertex -1.921484e-03 -1.199795e-01 4.565000e+00
      vertex -3.759898e-03 -1.190183e-01 4.565000e+00
      vertex -3.043525e-03 -1.273146e-01 4.288000e+00
    endloop
  endfacet
  facet normal -6.546949e-01 -7.556032e-01 2.093779e-02
    outer loop
      vertex -3.043525e-03 -1.273146e-01 4.288000e+00
      vertex -3.759898e-03 -1.190183e-01 4.565000e+00
      vertex -6.639336e-03 -1.241990e-01 4.288000e+00
    endloop
  endfacet
  facet normal -6.604786e-01 -7.505538e-01 2.090348e-02
    outer loop
      vertex -3.759898e-03 -1.190183e-01 4.565000e+00
      vertex -7.099636e-03 -1.160793e-01 4.565000e+00
      vertex -6.639336e-03 -1.241990e-01 4.288000e+00
    endloop
  endfacet
  facet normal -8.175002e-01 -5.757192e-01 1.551762e-02
    outer loop
      vertex -6.639336e-03 -1.241990e-01 4.288000e+00
      vertex -7.099636e-03 -1.160793e-01 4.565000e+00
      vertex -1.034930e-02 -1.189310e-01 4.288000e+00
    endloop
  endfacet
  facet normal -8.218974e-01 -5.694245e-01 1.550440e-02
    outer loop
      vertex -7.099636e-03 -1.160793e-01 4.565000e+00
      vertex -1.053065e-02 -1.111271e-01 4.565000e+00
      vertex -1.034930e-02 -1.189310e-01 4.288000e+00
    endloop
  endfacet
  facet normal -9.057996e-01 -4.235545e-01 1.133985e-02
    outer loop
      vertex -1.034930e-02 -1.189310e-01 4.288000e+00
      vertex -1.053065e-02 -1.111271e-01 4.565000e+00
      vertex -1.531386e-02 -1.083140e-01 4.288000e+00
    endloop
  endfacet
  facet normal -9.090243e-01 -4.165854e-01 1.146630e-02
    outer loop
      vertex -1.053065e-02 -1.111271e-01 4.565000e+00
      vertex -1.509631e-02 -1.011644e-01 4.565000e+00
      vertex -1.531386e-02 -1.083140e-01 4.288000e+00
    endloop
  endfacet
  facet normal -9.610679e-01 -2.761999e-01 7.883714e-03
    outer loop
      vertex -1.531386e-02 -1.083140e-01 4.288000e+00
      vertex -1.509631e-02 -1.011644e-01 4.565000e+00
      vertex -1.838305e-02 -9.763440e-02 4.288000e+00
    endloop
  endfacet
  facet normal -9.631597e-01 -2.688111e-01 8.002695e-03
    outer loop
      vertex -1.509631e-02 -1.011644e-01 4.565000e+00
      vertex -1.788934e-02 -9.115687e-02 4.565000e+00
      vertex -1.838305e-02 -9.763440e-02 4.288000e+00
    endloop
  endfacet
  facet normal -9.801592e-01 -1.981090e-01 6.379655e-03
    outer loop
      vertex -1.838305e-02 -9.763440e-02 4.288000e+00
      vertex -1.788934e-02 -9.115687e-02 4.565000e+00
      vertex -2.054763e-02 -8.692496e-02 4.288000e+00
    endloop
  endfacet
  facet normal -9.816509e-01 -1.905760e-01 6.509056e-03
    outer loop
      vertex -1.788934e-02 -9.115687e-02 4.565000e+00
      vertex -1.983634e-02 -8.112793e-02 4.565000e+00
      vertex -2.054763e-02 -8.692496e-02 4.288000e+00
    endloop
  endfacet
  facet normal -9.914604e-01 -1.303014e-01 5.272823e-03
    outer loop
      vertex -2.054763e-02 -8.692496e-02 4.288000e+00
      vertex -1.983634e-02 -8.112793e-02 4.565000e+00
      vertex -2.336911e-02 -6.545634e-02 4.288000e+00
    endloop
  endfacet
  facet normal -9.924294e-01 -1.226835e-01 5.716174e-03
    outer loop
      vertex -1.983634e-02 -8.112793e-02 4.565000e+00
      vertex -2.232030e-02 -6.103435e-02 4.565000e+00
      vertex -2.336911e-02 -6.545634e-02 4.288000e+00
    endloop
  endfacet
  facet normal -9.970277e-01 -7.688146e-02 5.002408e-03
    outer loop
      vertex -2.336911e-02 -6.545634e-02 4.288000e+00
      vertex -2.232030e-02 -6.103435e-02 4.565000e+00
      vertex -2.502753e-02 -4.394934e-02 4.288000e+00
    endloop
  endfacet
  facet normal -9.975862e-01 -6.922247e-02 5.480264e-03
    outer loop
      vertex -2.232030e-02 -6.103435e-02 4.565000e+00
      vertex -2.371650e-02 -4.091324e-02 4.565000e+00
      vertex -2.502753e-02 -4.394934e-02 4.288000e+00
    endloop
  endfacet
  facet normal -9.993750e-01 -3.497913e-02 5.113401e-03
    outer loop
      vertex -2.502753e-02 -4.394934e-02 4.288000e+00
      vertex -2.371650e-02 -4.091324e-02 4.565000e+00
      vertex -2.578135e-02 -2.241248e-02 4.288000e+00
    endloop
  endfacet
  facet normal -9.996113e-01 -2.730345e-02 5.627819e-03
    outer loop
      vertex -2.371650e-02 -4.091324e-02 4.565000e+00
      vertex -2.426668e-02 -2.077071e-02 4.565000e+00
      vertex -2.578135e-02 -2.241248e-02 4.288000e+00
    endloop
  endfacet
  facet normal -9.999846e-01 1.000170e-03 5.462105e-03
    outer loop
      vertex -2.578135e-02 -2.241248e-02 4.288000e+00
      vertex -2.426668e-02 -2.077071e-02 4.565000e+00
      vertex -2.575978e-02 -8.500390e-04 4.288000e+00
    endloop
  endfacet
  facet normal -9.999442e-01 8.679368e-03 6.014143e-03
    outer loop
      vertex -2.426668e-02 -2.077071e-02 4.565000e+00
      vertex -2.409168e-02 -6.098250e-04 4.565000e+00
      vertex -2.575978e-02 -8.500390e-04 4.288000e+00
    endloop
  endfacet
  facet normal -9.998021e-01 1.896500e-02 6.004368e-03
    outer loop
      vertex -2.575978e-02 -8.500390e-04 4.288000e+00
      vertex -2.409168e-02 -6.098250e-04 4.565000e+00
      vertex -2.535052e-02 2.072520e-02 4.288000e+00
    endloop
  endfacet
  facet normal -9.996233e-01 2.664220e-02 6.594866e-03
    outer loop
      vertex -2.409168e-02 -6.098250e-04 4.565000e+00
      vertex -2.355411e-02 1.956024e-02 4.565000e+00
      vertex -2.535052e-02 2.072520e-02 4.288000e+00
    endloop
  endfacet
  facet normal -9.996154e-01 2.693759e-02 6.596057e-03
    outer loop
      vertex -2.535052e-02 2.072520e-02 4.288000e+00
      vertex -2.355411e-02 1.956024e-02 4.565000e+00
      vertex -2.476896e-02 4.230612e-02 4.288000e+00
    endloop
  endfacet
  facet normal -9.993747e-01 3.461306e-02 7.225274e-03
    outer loop
      vertex -2.355411e-02 1.956024e-02 4.565000e+00
      vertex -2.285538e-02 3.973438e-02 4.565000e+00
      vertex -2.476896e-02 4.230612e-02 4.288000e+00
    endloop
  endfacet
  facet normal -9.996633e-01 2.494515e-02 7.137508e-03
    outer loop
      vertex -2.476896e-02 4.230612e-02 4.288000e+00
      vertex -2.285538e-02 3.973438e-02 4.565000e+00
      vertex -2.423048e-02 6.388562e-02 4.288000e+00
    endloop
  endfacet
  facet normal -9.994373e-01 3.262104e-02 7.805636e-03
    outer loop
      vertex -2.285538e-02 3.973438e-02 4.565000e+00
      vertex -2.219694e-02 5.990750e-02 4.565000e+00
      vertex -2.423048e-02 6.388562e-02 4.288000e+00
    endloop
  endfacet
  facet normal -9.995514e-01 2.892911e-02 7.753452e-03
    outer loop
      vertex -2.423048e-02 6.388562e-02 4.288000e+00
      vertex -2.219694e-02 5.990750e-02 4.565000e+00
      vertex -2.360584e-02 8.546796e-02 4.288000e+00
    endloop
  endfacet
  facet normal -9.992940e-01 3.660398e-02 8.460350e-03
    outer loop
      vertex -2.219694e-02 5.990750e-02 4.565000e+00
      vertex -2.145793e-02 8.008266e-02 4.565000e+00
      vertex -2.360584e-02 8.546796e-02 4.288000e+00
    endloop
  endfacet
  facet normal -9.996029e-01 2.693725e-02 8.274809e-03
    outer loop
      vertex -2.360584e-02 8.546796e-02 4.288000e+00
      vertex -2.145793e-02 8.008266e-02 4.565000e+00
      vertex -2.302428e-02 1.070489e-01 4.288000e+00
    endloop
  endfacet
  facet normal -9.993601e-01 3.461256e-02 9.020634e-03
    outer loop
      vertex -2.145793e-02 8.008266e-02 4.565000e+00
      vertex -2.075920e-02 1.002568e-01 4.565000e+00
      vertex -2.302428e-02 1.070489e-01 4.288000e+00
    endloop
  endfacet
  facet normal -9.994820e-01 3.091995e-02 8.931087e-03
    outer loop
      vertex -2.302428e-02 1.070489e-01 4.288000e+00
      vertex -2.075920e-02 1.002568e-01 4.565000e+00
      vertex -2.235656e-02 1.286326e-01 4.288000e+00
    endloop
  endfacet
  facet normal -9.992077e-01 3.859415e-02 9.715650e-03
    outer loop
      vertex -2.075920e-02 1.002568e-01 4.565000e+00
      vertex -1.997990e-02 1.204330e-01 4.565000e+00
      vertex -2.235656e-02 1.286326e-01 4.288000e+00
    endloop
  endfacet
  facet normal -9.994127e-01 3.291025e-02 9.549156e-03
    outer loop
      vertex -2.235656e-02 1.286326e-01 4.288000e+00
      vertex -1.997990e-02 1.204330e-01 4.565000e+00
      vertex -2.164577e-02 1.502178e-01 4.288000e+00
    endloop
  endfacet
  facet normal -9.991223e-01 4.058381e-02 1.037252e-02
    outer loop
      vertex -1.997990e-02 1.204330e-01 4.565000e+00
      vertex -1.916032e-02 1.406102e-01 4.565000e+00
      vertex -2.164577e-02 1.502178e-01 4.288000e+00
    endloop
  endfacet
  facet normal -9.992668e-01 3.688897e-02 1.024566e-02
    outer loop
      vertex -2.164577e-02 1.502178e-01 4.288000e+00
      vertex -1.916032e-02 1.406102e-01 4.565000e+00
      vertex -2.084883e-02 1.718059e-01 4.288000e+00
    endloop
  endfacet
  facet normal -9.989449e-01 4.456121e-02 1.110775e-02
    outer loop
      vertex -1.916032e-02 1.406102e-01 4.565000e+00
      vertex -1.826015e-02 1.607894e-01 4.565000e+00
      vertex -2.084883e-02 1.718059e-01 4.288000e+00
    endloop
  endfacet
  facet normal -9.990204e-01 4.285172e-02 1.104047e-02
    outer loop
      vertex -2.084883e-02 1.718059e-01 4.288000e+00
      vertex -1.826015e-02 1.607894e-01 4.565000e+00
      vertex -1.992265e-02 1.933981e-01 4.288000e+00
    endloop
  endfacet
  facet normal -9.986516e-01 5.052178e-02 1.194118e-02
    outer loop
      vertex -1.826015e-02 1.607894e-01 4.565000e+00
      vertex -1.723913e-02 1.809717e-01 4.565000e+00
      vertex -1.992265e-02 1.933981e-01 4.288000e+00
    endloop
  endfacet
  facet normal -9.986378e-01 5.079104e-02 1.195313e-02
    outer loop
      vertex -1.992265e-02 1.933981e-01 4.288000e+00
      vertex -1.723913e-02 1.809717e-01 4.565000e+00
      vertex -1.882417e-02 2.149961e-01 4.288000e+00
    endloop
  endfacet
  facet normal -9.982066e-01 5.845778e-02 1.289238e-02
    outer loop
      vertex -1.723913e-02 1.809717e-01 4.565000e+00
      vertex -1.605696e-02 2.011581e-01 4.565000e+00
      vertex -1.882417e-02 2.149961e-01 4.288000e+00
    endloop
  endfacet
  facet normal -9.984189e-01 5.475534e-02 1.270954e-02
    outer loop
      vertex -1.882417e-02 2.149961e-01 4.288000e+00
      vertex -1.605696e-02 2.011581e-01 4.565000e+00
      vertex -1.763954e-02 2.365969e-01 4.288000e+00
    endloop
  endfacet
  facet normal -9.979561e-01 6.242015e-02 1.368751e-02
    outer loop
      vertex -1.605696e-02 2.011581e-01 4.565000e+00
      vertex -1.479422e-02 2.213465e-01 4.565000e+00
      vertex -1.763954e-02 2.365969e-01 4.288000e+00
    endloop
  endfacet
  facet normal -9.981836e-01 5.871589e-02 1.348591e-02
    outer loop
      vertex -1.763954e-02 2.365969e-01 4.288000e+00
      vertex -1.479422e-02 2.213465e-01 4.565000e+00
      vertex -1.636875e-02 2.582006e-01 4.288000e+00
    endloop
  endfacet
  facet normal -9.976891e-01 6.637863e-02 1.450261e-02
    outer loop
      vertex -1.479422e-02 2.213465e-01 4.565000e+00
      vertex -1.345090e-02 2.415370e-01 4.565000e+00
      vertex -1.636875e-02 2.582006e-01 4.288000e+00
    endloop
  endfacet
  facet normal -9.979320e-01 6.267248e-02 1.428221e-02
    outer loop
      vertex -1.636875e-02 2.582006e-01 4.288000e+00
      vertex -1.345090e-02 2.415370e-01 4.565000e+00
      vertex -1.501181e-02 2.798071e-01 4.288000e+00
    endloop
  endfacet
  facet normal -9.974056e-01 7.033302e-02 1.533762e-02
    outer loop
      vertex -1.345090e-02 2.415370e-01 4.565000e+00
      vertex -1.202700e-02 2.617295e-01 4.565000e+00
      vertex -1.501181e-02 2.798071e-01 4.288000e+00
    endloop
  endfacet
  facet normal -9.682922e-01 2.483955e-01 2.664467e-02
    outer loop
      vertex -1.501181e-02 2.798071e-01 4.288000e+00
      vertex -1.202700e-02 2.617295e-01 4.565000e+00
      vertex -9.433371e-03 3.015529e-01 4.288000e+00
    endloop
  endfacet
  facet normal -9.663276e-01 2.558165e-01 2.772996e-02
    outer loop
      vertex -1.202700e-02 2.617295e-01 4.565000e+00
      vertex -6.654975e-03 2.820219e-01 4.565000e+00
      vertex -9.433371e-03 3.015529e-01 4.288000e+00
    endloop
  endfacet
  facet normal 1.695747e-01 -9.850482e-01 3.040420e-02
    outer loop
      vertex 3.059323e-03 -1.208613e-01 4.565000e+00
      vertex 9.922922e-03 -1.196797e-01 4.565000e+00
      vertex 2.277499e-03 -1.124769e-01 4.841000e+00
    endloop
  endfacet
  facet normal 1.645873e-01 -9.858974e-01 3.028821e-02
    outer loop
      vertex 2.277499e-03 -1.124769e-01 4.841000e+00
      vertex 9.922922e-03 -1.196797e-01 4.565000e+00
      vertex 8.669706e-03 -1.114098e-01 4.841000e+00
    endloop
  endfacet
  facet normal 3.730243e-01 -9.273531e-01 2.948045e-02
    outer loop
      vertex 9.922922e-03 -1.196797e-01 4.565000e+00
      vertex 1.259666e-02 -1.186042e-01 4.565000e+00
      vertex 8.669706e-03 -1.114098e-01 4.841000e+00
    endloop
  endfacet
  facet normal 3.683260e-01 -9.292298e-01 2.946252e-02
    outer loop
      vertex 8.669706e-03 -1.114098e-01 4.841000e+00
      vertex 1.259666e-02 -1.186042e-01 4.565000e+00
      vertex 1.116271e-02 -1.104216e-01 4.841000e+00
    endloop
  endfacet
  facet normal 5.047101e-01 -8.628281e-01 2.820249e-02
    outer loop
      vertex 1.259666e-02 -1.186042e-01 4.565000e+00
      vertex 1.799922e-02 -1.154440e-01 4.565000e+00
      vertex 1.116271e-02 -1.104216e-01 4.841000e+00
    endloop
  endfacet
  facet normal 5.003374e-01 -8.653731e-01 2.814049e-02
    outer loop
      vertex 1.116271e-02 -1.104216e-01 4.841000e+00
      vertex 1.799922e-02 -1.154440e-01 4.565000e+00
      vertex 1.620473e-02 -1.075065e-01 4.841000e+00
    endloop
  endfacet
  facet normal 6.591977e-01 -7.515235e-01 2.589915e-02
    outer loop
      vertex 1.799922e-02 -1.154440e-01 4.565000e+00
      vertex 2.391482e-02 -1.102552e-01 4.565000e+00
      vertex 1.620473e-02 -1.075065e-01 4.841000e+00
    endloop
  endfacet
  facet normal 6.553867e-01 -7.548518e-01 2.582584e-02
    outer loop
      vertex 1.620473e-02 -1.075065e-01 4.841000e+00
      vertex 2.391482e-02 -1.102552e-01 4.565000e+00
      vertex 2.173368e-02 -1.027061e-01 4.841000e+00
    endloop
  endfacet
  facet normal 7.844529e-01 -6.197561e-01 2.315070e-02
    outer loop
      vertex 2.391482e-02 -1.102552e-01 4.565000e+00
      vertex 3.203959e-02 -9.997126e-02 4.565000e+00
      vertex 2.173368e-02 -1.027061e-01 4.841000e+00
    endloop
  endfacet
  facet normal 7.813089e-01 -6.237209e-01 2.299401e-02
    outer loop
      vertex 2.173368e-02 -1.027061e-01 4.841000e+00
      vertex 3.203959e-02 -9.997126e-02 4.565000e+00
      vertex 2.934229e-02 -9.317508e-02 4.841000e+00
    endloop
  endfacet
  facet normal 8.671486e-01 -4.976181e-01 2.072777e-02
    outer loop
      vertex 3.203959e-02 -9.997126e-02 4.565000e+00
      vertex 3.790828e-02 -8.974448e-02 4.565000e+00
      vertex 2.934229e-02 -9.317508e-02 4.841000e+00
    endloop
  endfacet
  facet normal 8.646212e-01 -5.020021e-01 2.059484e-02
    outer loop
      vertex 2.934229e-02 -9.317508e-02 4.841000e+00
      vertex 3.790828e-02 -8.974448e-02 4.565000e+00
      vertex 3.485133e-02 -8.368661e-02 4.841000e+00
    endloop
  endfacet
  facet normal 9.039267e-01 -4.272476e-01 1.938941e-02
    outer loop
      vertex 3.790828e-02 -8.974448e-02 4.565000e+00
      vertex 4.272951e-02 -7.954422e-02 4.565000e+00
      vertex 3.485133e-02 -8.368661e-02 4.841000e+00
    endloop
  endfacet
  facet normal 9.017549e-01 -4.318184e-01 1.925882e-02
    outer loop
      vertex 3.485133e-02 -8.368661e-02 4.841000e+00
      vertex 4.272951e-02 -7.954422e-02 4.565000e+00
      vertex 3.938557e-02 -7.421787e-02 4.841000e+00
    endloop
  endfacet
  facet normal 9.421596e-01 -3.346875e-01 1.787388e-02
    outer loop
      vertex 4.272951e-02 -7.954422e-02 4.565000e+00
      vertex 4.995475e-02 -5.920487e-02 4.565000e+00
      vertex 3.938557e-02 -7.421787e-02 4.841000e+00
    endloop
  endfacet
  facet normal 9.404590e-01 -3.394539e-01 1.754949e-02
    outer loop
      vertex 3.938557e-02 -7.421787e-02 4.841000e+00
      vertex 4.995475e-02 -5.920487e-02 4.565000e+00
      vertex 4.620451e-02 -5.532595e-02 4.841000e+00
    endloop
  endfacet
  facet normal 9.670345e-01 -2.540965e-01 1.671098e-02
    outer loop
      vertex 4.995475e-02 -5.920487e-02 4.565000e+00
      vertex 5.528649e-02 -3.891346e-02 4.565000e+00
      vertex 4.620451e-02 -5.532595e-02 4.841000e+00
    endloop
  endfacet
  facet normal 9.657413e-01 -2.589893e-01 1.637748e-02
    outer loop
      vertex 4.620451e-02 -5.532595e-02 4.841000e+00
      vertex 5.528649e-02 -3.891346e-02 4.565000e+00
      vertex 5.126131e-02 -3.646972e-02 4.841000e+00
    endloop
  endfacet
  facet normal 9.820042e-01 -1.881813e-01 1.598771e-02
    outer loop
      vertex 5.528649e-02 -3.891346e-02 4.565000e+00
      vertex 5.916790e-02 -1.865876e-02 4.565000e+00
      vertex 5.126131e-02 -3.646972e-02 4.841000e+00
    endloop
  endfacet
  facet normal 9.810445e-01 -1.931503e-01 1.563956e-02
    outer loop
      vertex 5.126131e-02 -3.646972e-02 4.841000e+00
      vertex 5.916790e-02 -1.865876e-02 4.565000e+00
      vertex 5.496839e-02 -1.764081e-02 4.841000e+00
    endloop
  endfacet
  facet normal 9.929603e-01 -1.174238e-01 1.554157e-02
    outer loop
      vertex 5.916790e-02 -1.865876e-02 4.565000e+00
      vertex 6.155868e-02 1.558215e-03 4.565000e+00
      vertex 5.496839e-02 -1.764081e-02 4.841000e+00
    endloop
  endfacet
  facet normal 9.923588e-01 -1.224488e-01 1.517766e-02
    outer loop
      vertex 5.496839e-02 -1.764081e-02 4.841000e+00
      vertex 6.155868e-02 1.558215e-03 4.565000e+00
      vertex 5.728826e-02 1.160006e-03 4.841000e+00
    endloop
  endfacet
  facet normal 9.990576e-01 -4.058118e-02 1.539942e-02
    outer loop
      vertex 6.155868e-02 1.558215e-03 4.565000e+00
      vertex 6.237827e-02 2.173542e-02 4.565000e+00
      vertex 5.728826e-02 1.160006e-03 4.841000e+00
    endloop
  endfacet
  facet normal 9.988452e-01 -4.563759e-02 1.501856e-02
    outer loop
      vertex 5.728826e-02 1.160006e-03 4.841000e+00
      vertex 6.237827e-02 2.173542e-02 4.565000e+00
      vertex 5.814592e-02 1.993122e-02 4.841000e+00
    endloop
  endfacet
  facet normal 9.996086e-01 2.330237e-02 1.548092e-02
    outer loop
      vertex 6.237827e-02 2.173542e-02 4.565000e+00
      vertex 6.190867e-02 4.187998e-02 4.565000e+00
      vertex 5.814592e-02 1.993122e-02 4.841000e+00
    endloop
  endfacet
  facet normal 9.997199e-01 1.824274e-02 1.508007e-02
    outer loop
      vertex 5.814592e-02 1.993122e-02 4.841000e+00
      vertex 6.190867e-02 4.187998e-02 4.565000e+00
      vertex 5.780383e-02 3.867813e-02 4.841000e+00
    endloop
  endfacet
  facet normal 9.965773e-01 8.114940e-02 1.576311e-02
    outer loop
      vertex 6.190867e-02 4.187998e-02 4.565000e+00
      vertex 6.027074e-02 6.199498e-02 4.565000e+00
      vertex 5.780383e-02 3.867813e-02 4.841000e+00
    endloop
  endfacet
  facet normal 9.969818e-01 7.610475e-02 1.534055e-02
    outer loop
      vertex 5.780383e-02 3.867813e-02 4.841000e+00
      vertex 6.027074e-02 6.199498e-02 4.565000e+00
      vertex 5.637446e-02 5.740303e-02 4.841000e+00
    endloop
  endfacet
  facet normal 9.913136e-01 1.305223e-01 1.616590e-02
    outer loop
      vertex 6.027074e-02 6.199498e-02 4.565000e+00
      vertex 5.762564e-02 8.208448e-02 4.565000e+00
      vertex 5.637446e-02 5.740303e-02 4.841000e+00
    endloop
  endfacet
  facet normal 9.919686e-01 1.255040e-01 1.572011e-02
    outer loop
      vertex 5.637446e-02 5.740303e-02 4.841000e+00
      vertex 5.762564e-02 8.208448e-02 4.565000e+00
      vertex 5.400779e-02 7.610895e-02 4.841000e+00
    endloop
  endfacet
  facet normal 9.847293e-01 1.732935e-01 1.665988e-02
    outer loop
      vertex 5.762564e-02 8.208448e-02 4.565000e+00
      vertex 5.409422e-02 1.021515e-01 4.565000e+00
      vertex 5.400779e-02 7.610895e-02 4.841000e+00
    endloop
  endfacet
  facet normal 9.856014e-01 1.683084e-01 1.618977e-02
    outer loop
      vertex 5.400779e-02 7.610895e-02 4.841000e+00
      vertex 5.409422e-02 1.021515e-01 4.565000e+00
      vertex 5.081628e-02 9.479817e-02 4.841000e+00
    endloop
  endfacet
  facet normal 9.764168e-01 2.151973e-01 1.732994e-02
    outer loop
      vertex 5.409422e-02 1.021515e-01 4.565000e+00
      vertex 4.967649e-02 1.221962e-01 4.565000e+00
      vertex 5.081628e-02 9.479817e-02 4.841000e+00
    endloop
  endfacet
  facet normal 9.775018e-01 2.102543e-01 1.683477e-02
    outer loop
      vertex 5.081628e-02 9.479817e-02 4.841000e+00
      vertex 4.967649e-02 1.221962e-01 4.565000e+00
      vertex 4.679994e-02 1.134707e-01 4.841000e+00
    endloop
  endfacet
  facet normal 9.679401e-01 2.505345e-01 1.800854e-02
    outer loop
      vertex 4.967649e-02 1.221962e-01 4.565000e+00
      vertex 4.449329e-02 1.422214e-01 4.565000e+00
      vertex 4.679994e-02 1.134707e-01 4.841000e+00
    endloop
  endfacet
  facet normal 9.692048e-01 2.456344e-01 1.748753e-02
    outer loop
      vertex 4.679994e-02 1.134707e-01 4.841000e+00
      vertex 4.449329e-02 1.422214e-01 4.565000e+00
      vertex 4.207125e-02 1.321288e-01 4.841000e+00
    endloop
  endfacet
  facet normal 9.594129e-01 2.813838e-01 1.870886e-02
    outer loop
      vertex 4.449329e-02 1.422214e-01 4.565000e+00
      vertex 3.862522e-02 1.622293e-01 4.565000e+00
      vertex 4.207125e-02 1.321288e-01 4.841000e+00
    endloop
  endfacet
  facet normal 9.608345e-01 2.765269e-01 1.816143e-02
    outer loop
      vertex 4.207125e-02 1.321288e-01 4.841000e+00
      vertex 3.862522e-02 1.622293e-01 4.565000e+00
      vertex 3.670519e-02 1.507740e-01 4.841000e+00
    endloop
  endfacet
  facet normal 9.534565e-01 3.009237e-01 1.912269e-02
    outer loop
      vertex 3.862522e-02 1.622293e-01 4.565000e+00
      vertex 3.231400e-02 1.822260e-01 4.565000e+00
      vertex 3.670519e-02 1.507740e-01 4.841000e+00
    endloop
  endfacet
  facet normal 9.549777e-01 2.960972e-01 1.854847e-02
    outer loop
      vertex 3.670519e-02 1.507740e-01 4.841000e+00
      vertex 3.231400e-02 1.822260e-01 4.565000e+00
      vertex 3.092671e-02 1.694108e-01 4.841000e+00
    endloop
  endfacet
  facet normal 9.471764e-01 3.201121e-01 1.962432e-02
    outer loop
      vertex 3.231400e-02 1.822260e-01 4.565000e+00
      vertex 2.555961e-02 2.022115e-01 4.565000e+00
      vertex 3.092671e-02 1.694108e-01 4.841000e+00
    endloop
  endfacet
  facet normal 9.487955e-01 3.153176e-01 1.902304e-02
    outer loop
      vertex 3.092671e-02 1.694108e-01 4.841000e+00
      vertex 2.555961e-02 2.022115e-01 4.565000e+00
      vertex 2.473582e-02 1.880393e-01 4.841000e+00
    endloop
  endfacet
  facet normal 9.424190e-01 3.338386e-01 1.995503e-02
    outer loop
      vertex 2.555961e-02 2.022115e-01 4.565000e+00
      vertex 1.848292e-02 2.221889e-01 4.565000e+00
      vertex 2.473582e-02 1.880393e-01 4.841000e+00
    endloop
  endfacet
  facet normal 9.441083e-01 3.290684e-01 1.932654e-02
    outer loop
      vertex 2.473582e-02 1.880393e-01 4.841000e+00
      vertex 1.848292e-02 2.221889e-01 4.565000e+00
      vertex 1.824499e-02 2.066617e-01 4.841000e+00
    endloop
  endfacet
  facet normal 9.381314e-01 3.456864e-01 2.025628e-02
    outer loop
      vertex 1.848292e-02 2.221889e-01 4.565000e+00
      vertex 1.112423e-02 2.421590e-01 4.565000e+00
      vertex 1.824499e-02 2.066617e-01 4.841000e+00
    endloop
  endfacet
  facet normal 9.398814e-01 3.409381e-01 1.960045e-02
    outer loop
      vertex 1.824499e-02 2.066617e-01 4.841000e+00
      vertex 1.112423e-02 2.421590e-01 4.565000e+00
      vertex 1.149171e-02 2.252788e-01 4.841000e+00
    endloop
  endfacet
  facet normal 9.356337e-01 3.523880e-01 2.030638e-02
    outer loop
      vertex 1.112423e-02 2.421590e-01 4.565000e+00
      vertex 3.604389e-03 2.621251e-01 4.565000e+00
      vertex 1.149171e-02 2.252788e-01 4.841000e+00
    endloop
  endfacet
  facet normal 9.374180e-01 3.476526e-01 1.962320e-02
    outer loop
      vertex 1.149171e-02 2.252788e-01 4.841000e+00
      vertex 3.604389e-03 2.621251e-01 4.565000e+00
      vertex 4.588467e-03 2.438929e-01 4.841000e+00
    endloop
  endfacet
  facet normal 8.884751e-01 4.581243e-01 2.709535e-02
    outer loop
      vertex 3.604389e-03 2.621251e-01 4.565000e+00
      vertex -6.654975e-03 2.820219e-01 4.565000e+00
      vertex 4.588467e-03 2.438929e-01 4.841000e+00
    endloop
  endfacet
  facet normal 8.907995e-01 4.536301e-01 2.637980e-02
    outer loop
      vertex 4.588467e-03 2.438929e-01 4.841000e+00
      vertex -6.654975e-03 2.820219e-01 4.565000e+00
      vertex -4.864257e-03 2.624553e-01 4.841000e+00
    endloop
  endfacet
  facet normal -1.742428e-01 -9.842635e-01 2.940643e-02
    outer loop
      vertex 3.059323e-03 -1.208613e-01 4.565000e+00
      vertex 2.277499e-03 -1.124769e-01 4.841000e+00
      vertex -1.921484e-03 -1.199795e-01 4.565000e+00
    endloop
  endfacet
  facet normal -1.792220e-01 -9.833675e-01 2.945783e-02
    outer loop
      vertex 2.277499e-03 -1.124769e-01 4.841000e+00
      vertex -2.353035e-03 -1.116330e-01 4.841000e+00
      vertex -1.921484e-03 -1.199795e-01 4.565000e+00
    endloop
  endfacet
  facet normal -4.632098e-01 -8.858653e-01 2.606522e-02
    outer loop
      vertex -1.921484e-03 -1.199795e-01 4.565000e+00
      vertex -2.353035e-03 -1.116330e-01 4.841000e+00
      vertex -3.759898e-03 -1.190183e-01 4.565000e+00
    endloop
  endfacet
  facet normal -4.676881e-01 -8.835103e-01 2.602503e-02
    outer loop
      vertex -2.353035e-03 -1.116330e-01 4.841000e+00
      vertex -4.059168e-03 -1.107299e-01 4.841000e+00
      vertex -3.759898e-03 -1.190183e-01 4.565000e+00
    endloop
  endfacet
  facet normal -6.604657e-01 -7.505391e-01 2.182282e-02
    outer loop
      vertex -3.759898e-03 -1.190183e-01 4.565000e+00
      vertex -4.059168e-03 -1.107299e-01 4.841000e+00
      vertex -7.099636e-03 -1.160793e-01 4.565000e+00
    endloop
  endfacet
  facet normal -6.642563e-01 -7.471869e-01 2.179961e-02
    outer loop
      vertex -4.059168e-03 -1.107299e-01 4.841000e+00
      vertex -7.152983e-03 -1.079794e-01 4.841000e+00
      vertex -7.099636e-03 -1.160793e-01 4.565000e+00
    endloop
  endfacet
  facet normal -8.218836e-01 -5.694149e-01 1.655199e-02
    outer loop
      vertex -7.099636e-03 -1.160793e-01 4.565000e+00
      vertex -7.152983e-03 -1.079794e-01 4.841000e+00
      vertex -1.053065e-02 -1.111271e-01 4.565000e+00
    endloop
  endfacet
  facet normal -8.247553e-01 -5.652478e-01 1.653962e-02
    outer loop
      vertex -7.152983e-03 -1.079794e-01 4.841000e+00
      vertex -1.032225e-02 -1.033551e-01 4.841000e+00
      vertex -1.053065e-02 -1.111271e-01 4.565000e+00
    endloop
  endfacet
  facet normal -9.090139e-01 -4.165807e-01 1.241691e-02
    outer loop
      vertex -1.053065e-02 -1.111271e-01 4.565000e+00
      vertex -1.032225e-02 -1.033551e-01 4.841000e+00
      vertex -1.509631e-02 -1.011644e-01 4.565000e+00
    endloop
  endfacet
  facet normal -9.111100e-01 -4.119741e-01 1.248973e-02
    outer loop
      vertex -1.032225e-02 -1.033551e-01 4.841000e+00
      vertex -1.452372e-02 -9.406330e-02 4.841000e+00
      vertex -1.509631e-02 -1.011644e-01 4.565000e+00
    endloop
  endfacet
  facet normal -9.631522e-01 -2.688090e-01 8.914255e-03
    outer loop
      vertex -1.509631e-02 -1.011644e-01 4.565000e+00
      vertex -1.452372e-02 -9.406330e-02 4.841000e+00
      vertex -1.788934e-02 -9.115687e-02 4.565000e+00
    endloop
  endfacet
  facet normal -9.644999e-01 -2.639305e-01 8.982062e-03
    outer loop
      vertex -1.452372e-02 -9.406330e-02 4.841000e+00
      vertex -1.707553e-02 -8.473805e-02 4.841000e+00
      vertex -1.788934e-02 -9.115687e-02 4.565000e+00
    endloop
  endfacet
  facet normal -9.816453e-01 -1.905749e-01 7.326617e-03
    outer loop
      vertex -1.788934e-02 -9.115687e-02 4.565000e+00
      vertex -1.707553e-02 -8.473805e-02 4.841000e+00
      vertex -1.983634e-02 -8.112793e-02 4.565000e+00
    endloop
  endfacet
  facet normal -9.825968e-01 -1.856038e-01 7.401157e-03
    outer loop
      vertex -1.707553e-02 -8.473805e-02 4.841000e+00
      vertex -1.883999e-02 -7.539686e-02 4.841000e+00
      vertex -1.983634e-02 -8.112793e-02 4.565000e+00
    endloop
  endfacet
  facet normal -9.924270e-01 -1.226832e-01 6.130111e-03
    outer loop
      vertex -1.983634e-02 -8.112793e-02 4.565000e+00
      vertex -1.883999e-02 -7.539686e-02 4.841000e+00
      vertex -2.232030e-02 -6.103435e-02 4.565000e+00
    endloop
  endfacet
  facet normal -9.930335e-01 -1.176583e-01 6.399244e-03
    outer loop
      vertex -1.883999e-02 -7.539686e-02 4.841000e+00
      vertex -2.105670e-02 -5.668790e-02 4.841000e+00
      vertex -2.232030e-02 -6.103435e-02 4.565000e+00
    endloop
  endfacet
  facet normal -9.975852e-01 -6.922240e-02 5.657314e-03
    outer loop
      vertex -2.232030e-02 -6.103435e-02 4.565000e+00
      vertex -2.105670e-02 -5.668790e-02 4.841000e+00
      vertex -2.371650e-02 -4.091324e-02 4.565000e+00
    endloop
  endfacet
  facet normal -9.979211e-01 -6.417219e-02 5.949194e-03
    outer loop
      vertex -2.105670e-02 -5.668790e-02 4.841000e+00
      vertex -2.226111e-02 -3.795844e-02 4.841000e+00
      vertex -2.371650e-02 -4.091324e-02 4.565000e+00
    endloop
  endfacet
  facet normal -9.996117e-01 -2.730346e-02 5.563400e-03
    outer loop
      vertex -2.371650e-02 -4.091324e-02 4.565000e+00
      vertex -2.226111e-02 -3.795844e-02 4.841000e+00
      vertex -2.426668e-02 -2.077071e-02 4.565000e+00
    endloop
  endfacet
  facet normal -9.997353e-01 -2.224360e-02 5.879398e-03
    outer loop
      vertex -2.226111e-02 -3.795844e-02 4.841000e+00
      vertex -2.267819e-02 -1.921304e-02 4.841000e+00
      vertex -2.426668e-02 -2.077071e-02 4.565000e+00
    endloop
  endfacet
  facet normal -9.999461e-01 8.679383e-03 5.706090e-03
    outer loop
      vertex -2.426668e-02 -2.077071e-02 4.565000e+00
      vertex -2.267819e-02 -1.921304e-02 4.841000e+00
      vertex -2.409168e-02 -6.098250e-04 4.565000e+00
    endloop
  endfacet
  facet normal -9.998873e-01 1.374040e-02 6.046917e-03
    outer loop
      vertex -2.267819e-02 -1.921304e-02 4.841000e+00
      vertex -2.242040e-02 -4.539815e-04 4.841000e+00
      vertex -2.409168e-02 -6.098250e-04 4.565000e+00
    endloop
  endfacet
  facet normal -9.996268e-01 2.664229e-02 6.038055e-03
    outer loop
      vertex -2.409168e-02 -6.098250e-04 4.565000e+00
      vertex -2.242040e-02 -4.539815e-04 4.841000e+00
      vertex -2.355411e-02 1.956024e-02 4.565000e+00
    endloop
  endfacet
  facet normal -9.994769e-01 3.170142e-02 6.404303e-03
    outer loop
      vertex -2.242040e-02 -4.539815e-04 4.841000e+00
      vertex -2.182519e-02 1.831191e-02 4.841000e+00
      vertex -2.355411e-02 1.956024e-02 4.565000e+00
    endloop
  endfacet
  facet normal -9.993802e-01 3.461325e-02 6.416867e-03
    outer loop
      vertex -2.355411e-02 1.956024e-02 4.565000e+00
      vertex -2.182519e-02 1.831191e-02 4.841000e+00
      vertex -2.285538e-02 3.973438e-02 4.565000e+00
    endloop
  endfacet
  facet normal -9.991896e-01 3.967100e-02 6.808727e-03
    outer loop
      vertex -2.182519e-02 1.831191e-02 4.841000e+00
      vertex -2.108000e-02 3.708085e-02 4.841000e+00
      vertex -2.285538e-02 3.973438e-02 4.565000e+00
    endloop
  endfacet
  facet normal -9.994450e-01 3.262129e-02 6.742592e-03
    outer loop
      vertex -2.285538e-02 3.973438e-02 4.565000e+00
      vertex -2.108000e-02 3.708085e-02 4.841000e+00
      vertex -2.219694e-02 5.990750e-02 4.565000e+00
    endloop
  endfacet
  facet normal -9.992642e-01 3.767939e-02 7.160192e-03
    outer loop
      vertex -2.108000e-02 3.708085e-02 4.841000e+00
      vertex -2.037231e-02 5.584902e-02 4.841000e+00
      vertex -2.219694e-02 5.990750e-02 4.565000e+00
    endloop
  endfacet
  facet normal -9.993043e-01 3.660435e-02 7.144648e-03
    outer loop
      vertex -2.219694e-02 5.990750e-02 4.565000e+00
      vertex -2.037231e-02 5.584902e-02 4.841000e+00
      vertex -2.145793e-02 8.008266e-02 4.565000e+00
    endloop
  endfacet
  facet normal -9.991030e-01 4.166166e-02 7.587903e-03
    outer loop
      vertex -2.037231e-02 5.584902e-02 4.841000e+00
      vertex -1.958963e-02 7.461871e-02 4.841000e+00
      vertex -2.145793e-02 8.008266e-02 4.565000e+00
    endloop
  endfacet
  facet normal -9.993730e-01 3.461300e-02 7.450190e-03
    outer loop
      vertex -2.145793e-02 8.008266e-02 4.565000e+00
      vertex -1.958963e-02 7.461871e-02 4.841000e+00
      vertex -2.075920e-02 1.002568e-01 4.565000e+00
    endloop
  endfacet
  facet normal -9.991814e-01 3.967068e-02 7.919194e-03
    outer loop
      vertex -1.958963e-02 7.461871e-02 4.841000e+00
      vertex -1.884444e-02 9.338764e-02 4.841000e+00
      vertex -2.075920e-02 1.002568e-01 4.565000e+00
    endloop
  endfacet
  facet normal -9.992238e-01 3.859477e-02 7.892710e-03
    outer loop
      vertex -2.075920e-02 1.002568e-01 4.565000e+00
      vertex -1.884444e-02 9.338764e-02 4.841000e+00
      vertex -1.997990e-02 1.204330e-01 4.565000e+00
    endloop
  endfacet
  facet normal -9.990116e-01 4.365160e-02 8.387358e-03
    outer loop
      vertex -1.884444e-02 9.338764e-02 4.841000e+00
      vertex -1.802427e-02 1.121581e-01 4.841000e+00
      vertex -1.997990e-02 1.204330e-01 4.565000e+00
    endloop
  endfacet
  facet normal -9.991417e-01 4.058460e-02 8.296326e-03
    outer loop
      vertex -1.997990e-02 1.204330e-01 4.565000e+00
      vertex -1.802427e-02 1.121581e-01 4.841000e+00
      vertex -1.916032e-02 1.406102e-01 4.565000e+00
    endloop
  endfacet
  facet normal -9.989190e-01 4.564096e-02 8.816657e-03
    outer loop
      vertex -1.802427e-02 1.121581e-01 4.841000e+00
      vertex -1.716661e-02 1.309293e-01 4.841000e+00
      vertex -1.916032e-02 1.406102e-01 4.565000e+00
    endloop
  endfacet
  facet normal -9.989680e-01 4.456225e-02 8.779174e-03
    outer loop
      vertex -1.916032e-02 1.406102e-01 4.565000e+00
      vertex -1.716661e-02 1.309293e-01 4.841000e+00
      vertex -1.826015e-02 1.607894e-01 4.565000e+00
    endloop
  endfacet
  facet normal -9.987248e-01 4.961764e-02 9.325147e-03
    outer loop
      vertex -1.716661e-02 1.309293e-01 4.841000e+00
      vertex -1.623396e-02 1.497020e-01 4.841000e+00
      vertex -1.826015e-02 1.607894e-01 4.565000e+00
    endloop
  endfacet
  facet normal -9.986790e-01 5.052317e-02 9.361188e-03
    outer loop
      vertex -1.826015e-02 1.607894e-01 4.565000e+00
      vertex -1.623396e-02 1.497020e-01 4.841000e+00
      vertex -1.723913e-02 1.809717e-01 4.565000e+00
    endloop
  endfacet
  facet normal -9.984050e-01 5.557696e-02 9.932765e-03
    outer loop
      vertex -1.623396e-02 1.497020e-01 4.841000e+00
      vertex -1.518884e-02 1.684770e-01 4.841000e+00
      vertex -1.723913e-02 1.809717e-01 4.565000e+00
    endloop
  endfacet
  facet normal -9.982391e-01 5.845968e-02 1.006203e-02
    outer loop
      vertex -1.723913e-02 1.809717e-01 4.565000e+00
      vertex -1.518884e-02 1.684770e-01 4.841000e+00
      vertex -1.605696e-02 2.011581e-01 4.565000e+00
    endloop
  endfacet
  facet normal -9.979242e-01 6.351105e-02 1.065918e-02
    outer loop
      vertex -1.518884e-02 1.684770e-01 4.841000e+00
      vertex -1.399374e-02 1.872551e-01 4.841000e+00
      vertex -1.605696e-02 2.011581e-01 4.565000e+00
    endloop
  endfacet
  facet normal -9.979935e-01 6.242249e-02 1.060486e-02
    outer loop
      vertex -1.605696e-02 2.011581e-01 4.565000e+00
      vertex -1.399374e-02 1.872551e-01 4.841000e+00
      vertex -1.479422e-02 2.213465e-01 4.565000e+00
    endloop
  endfacet
  facet normal -9.976580e-01 6.747251e-02 1.122766e-02
    outer loop
      vertex -1.399374e-02 1.872551e-01 4.841000e+00
      vertex -1.272366e-02 2.060346e-01 4.841000e+00
      vertex -1.479422e-02 2.213465e-01 4.565000e+00
    endloop
  endfacet
  facet normal -9.977318e-01 6.638148e-02 1.116769e-02
    outer loop
      vertex -1.479422e-02 2.213465e-01 4.565000e+00
      vertex -1.272366e-02 2.060346e-01 4.841000e+00
      vertex -1.345090e-02 2.415370e-01 4.565000e+00
    endloop
  endfacet
  facet normal -9.973756e-01 7.143005e-02 1.181616e-02
    outer loop
      vertex -1.272366e-02 2.060346e-01 4.841000e+00
      vertex -1.137860e-02 2.248157e-01 4.841000e+00
      vertex -1.345090e-02 2.415370e-01 4.565000e+00
    endloop
  endfacet
  facet normal -9.974541e-01 7.033644e-02 1.175049e-02
    outer loop
      vertex -1.345090e-02 2.415370e-01 4.565000e+00
      vertex -1.137860e-02 2.248157e-01 4.841000e+00
      vertex -1.202700e-02 2.617295e-01 4.565000e+00
    endloop
  endfacet
  facet normal -9.970772e-01 7.538347e-02 1.242462e-02
    outer loop
      vertex -1.137860e-02 2.248157e-01 4.841000e+00
      vertex -9.958552e-03 2.435983e-01 4.841000e+00
      vertex -1.202700e-02 2.617295e-01 4.565000e+00
    endloop
  endfacet
  facet normal -9.664197e-01 2.558409e-01 2.404958e-02
    outer loop
      vertex -1.202700e-02 2.617295e-01 4.565000e+00
      vertex -9.958552e-03 2.435983e-01 4.841000e+00
      vertex -6.654975e-03 2.820219e-01 4.565000e+00
    endloop
  endfacet
  facet normal -9.650960e-01 2.607247e-01 2.474532e-02
    outer loop
      vertex -9.958552e-03 2.435983e-01 4.841000e+00
      vertex -4.864257e-03 2.624553e-01 4.841000e+00
      vertex -6.654975e-03 2.820219e-01 4.565000e+00
    endloop
  endfacet
  facet normal 1.645884e-01 -9.859042e-01 3.005837e-02
    outer loop
      vertex 2.277499e-03 -1.124769e-01 4.841000e+00
      vertex 8.669706e-03 -1.114098e-01 4.841000e+00
      vertex 1.863917e-03 -1.067837e-01 5.030000e+00
    endloop
  endfacet
  facet normal 1.618351e-01 -9.863626e-01 2.997044e-02
    outer loop
      vertex 1.863917e-03 -1.067837e-01 5.030000e+00
      vertex 8.669706e-03 -1.114098e-01 4.841000e+00
      vertex 7.935057e-03 -1.057876e-01 5.030000e+00
    endloop
  endfacet
  facet normal 3.683302e-01 -9.292403e-01 2.907387e-02
    outer loop
      vertex 8.669706e-03 -1.114098e-01 4.841000e+00
      vertex 1.116271e-02 -1.104216e-01 4.841000e+00
      vertex 7.935057e-03 -1.057876e-01 5.030000e+00
    endloop
  endfacet
  facet normal 3.657340e-01 -9.302658e-01 2.905468e-02
    outer loop
      vertex 7.935057e-03 -1.057876e-01 5.030000e+00
      vertex 1.116271e-02 -1.104216e-01 4.841000e+00
      vertex 1.030436e-02 -1.048561e-01 5.030000e+00
    endloop
  endfacet
  facet normal 5.003428e-01 -8.653824e-01 2.775538e-02
    outer loop
      vertex 1.116271e-02 -1.104216e-01 4.841000e+00
      vertex 1.620473e-02 -1.075065e-01 4.841000e+00
      vertex 1.030436e-02 -1.048561e-01 5.030000e+00
    endloop
  endfacet
  facet normal 4.979250e-01 -8.667776e-01 2.769946e-02
    outer loop
      vertex 1.030436e-02 -1.048561e-01 5.030000e+00
      vertex 1.620473e-02 -1.075065e-01 4.841000e+00
      vertex 1.509863e-02 -1.021020e-01 5.030000e+00
    endloop
  endfacet
  facet normal 6.553935e-01 -7.548596e-01 2.542075e-02
    outer loop
      vertex 1.620473e-02 -1.075065e-01 4.841000e+00
      vertex 2.173368e-02 -1.027061e-01 4.841000e+00
      vertex 1.509863e-02 -1.021020e-01 5.030000e+00
    endloop
  endfacet
  facet normal 6.532842e-01 -7.566882e-01 2.535254e-02
    outer loop
      vertex 1.509863e-02 -1.021020e-01 5.030000e+00
      vertex 2.173368e-02 -1.027061e-01 4.841000e+00
      vertex 2.036015e-02 -9.755953e-02 5.030000e+00
    endloop
  endfacet
  facet normal 7.813148e-01 -6.237256e-01 2.266237e-02
    outer loop
      vertex 2.173368e-02 -1.027061e-01 4.841000e+00
      vertex 2.934229e-02 -9.317508e-02 4.841000e+00
      vertex 2.036015e-02 -9.755953e-02 5.030000e+00
    endloop
  endfacet
  facet normal 7.795723e-01 -6.259069e-01 2.252895e-02
    outer loop
      vertex 2.036015e-02 -9.755953e-02 5.030000e+00
      vertex 2.934229e-02 -9.317508e-02 4.841000e+00
      vertex 2.760850e-02 -8.853165e-02 5.030000e+00
    endloop
  endfacet
  facet normal 8.646270e-01 -5.020055e-01 2.026514e-02
    outer loop
      vertex 2.934229e-02 -9.317508e-02 4.841000e+00
      vertex 3.485133e-02 -8.368661e-02 4.841000e+00
      vertex 2.760850e-02 -8.853165e-02 5.030000e+00
    endloop
  endfacet
  facet normal 8.632238e-01 -5.044192e-01 2.014949e-02
    outer loop
      vertex 2.760850e-02 -8.853165e-02 5.030000e+00
      vertex 3.485133e-02 -8.368661e-02 4.841000e+00
      vertex 3.286354e-02 -7.953857e-02 5.030000e+00
    endloop
  endfacet
  facet normal 9.017601e-01 -4.318209e-01 1.896146e-02
    outer loop
      vertex 3.485133e-02 -8.368661e-02 4.841000e+00
      vertex 3.938557e-02 -7.421787e-02 4.841000e+00
      vertex 3.286354e-02 -7.953857e-02 5.030000e+00
    endloop
  endfacet
  facet normal 9.005526e-01 -4.343383e-01 1.884892e-02
    outer loop
      vertex 3.286354e-02 -7.953857e-02 5.030000e+00
      vertex 3.938557e-02 -7.421787e-02 4.841000e+00
      vertex 3.719314e-02 -7.056164e-02 5.030000e+00
    endloop
  endfacet
  facet normal 9.404602e-01 -3.394543e-01 1.747631e-02
    outer loop
      vertex 3.938557e-02 -7.421787e-02 4.841000e+00
      vertex 4.620451e-02 -5.532595e-02 4.841000e+00
      vertex 3.719314e-02 -7.056164e-02 5.030000e+00
    endloop
  endfacet
  facet normal 9.395128e-01 -3.420808e-01 1.721942e-02
    outer loop
      vertex 3.719314e-02 -7.056164e-02 5.030000e+00
      vertex 4.620451e-02 -5.532595e-02 4.841000e+00
      vertex 4.371664e-02 -5.264506e-02 5.030000e+00
    endloop
  endfacet
  facet normal 9.657412e-01 -2.589892e-01 1.638605e-02
    outer loop
      vertex 4.620451e-02 -5.532595e-02 4.841000e+00
      vertex 5.126131e-02 -3.646972e-02 4.841000e+00
      vertex 4.371664e-02 -5.264506e-02 5.030000e+00
    endloop
  endfacet
  facet normal 9.650183e-01 -2.616862e-01 1.612637e-02
    outer loop
      vertex 4.371664e-02 -5.264506e-02 5.030000e+00
      vertex 5.126131e-02 -3.646972e-02 4.841000e+00
      vertex 4.856720e-02 -3.475768e-02 5.030000e+00
    endloop
  endfacet
  facet normal 9.810431e-01 -1.931501e-01 1.573397e-02
    outer loop
      vertex 5.126131e-02 -3.646972e-02 4.841000e+00
      vertex 5.496839e-02 -1.764081e-02 4.841000e+00
      vertex 4.856720e-02 -3.475768e-02 5.030000e+00
    endloop
  endfacet
  facet normal 9.805039e-01 -1.958897e-01 1.546759e-02
    outer loop
      vertex 4.856720e-02 -3.475768e-02 5.030000e+00
      vertex 5.496839e-02 -1.764081e-02 4.841000e+00
      vertex 5.213636e-02 -1.689267e-02 5.030000e+00
    endloop
  endfacet
  facet normal 9.923561e-01 -1.224484e-01 1.535448e-02
    outer loop
      vertex 5.496839e-02 -1.764081e-02 4.841000e+00
      vertex 5.728826e-02 1.160006e-03 4.841000e+00
      vertex 5.213636e-02 -1.689267e-02 5.030000e+00
    endloop
  endfacet
  facet normal 9.920144e-01 -1.252197e-01 1.508047e-02
    outer loop
      vertex 5.213636e-02 -1.689267e-02 5.030000e+00
      vertex 5.728826e-02 1.160006e-03 4.841000e+00
      vertex 5.438852e-02 9.493551e-04 5.030000e+00
    endloop
  endfacet
  facet normal 9.988413e-01 -4.563741e-02 1.527391e-02
    outer loop
      vertex 5.728826e-02 1.160006e-03 4.841000e+00
      vertex 5.814592e-02 1.993122e-02 4.841000e+00
      vertex 5.438852e-02 9.493551e-04 5.030000e+00
    endloop
  endfacet
  facet normal 9.987142e-01 -4.842673e-02 1.499124e-02
    outer loop
      vertex 5.438852e-02 9.493551e-04 5.030000e+00
      vertex 5.814592e-02 1.993122e-02 4.841000e+00
      vertex 5.525248e-02 1.876715e-02 5.030000e+00
    endloop
  endfacet
  facet normal 9.997147e-01 1.824264e-02 1.541718e-02
    outer loop
      vertex 5.814592e-02 1.993122e-02 4.841000e+00
      vertex 5.780383e-02 3.867813e-02 4.841000e+00
      vertex 5.525248e-02 1.876715e-02 5.030000e+00
    endloop
  endfacet
  facet normal 9.997662e-01 1.545091e-02 1.512377e-02
    outer loop
      vertex 5.525248e-02 1.876715e-02 5.030000e+00
      vertex 5.780383e-02 3.867813e-02 4.841000e+00
      vertex 5.497743e-02 3.656506e-02 5.030000e+00
    endloop
  endfacet
  facet normal 9.969753e-01 7.610425e-02 1.576015e-02
    outer loop
      vertex 5.780383e-02 3.867813e-02 4.841000e+00
      vertex 5.637446e-02 5.740303e-02 4.841000e+00
      vertex 5.497743e-02 3.656506e-02 5.030000e+00
    endloop
  endfacet
  facet normal 9.971887e-01 7.332023e-02 1.545478e-02
    outer loop
      vertex 5.497743e-02 3.656506e-02 5.030000e+00
      vertex 5.637446e-02 5.740303e-02 4.841000e+00
      vertex 5.367012e-02 5.434495e-02 5.030000e+00
    endloop
  endfacet
  facet normal 9.919606e-01 1.255030e-01 1.622431e-02
    outer loop
      vertex 5.637446e-02 5.740303e-02 4.841000e+00
      vertex 5.400779e-02 7.610895e-02 4.841000e+00
      vertex 5.367012e-02 5.434495e-02 5.030000e+00
    endloop
  endfacet
  facet normal 9.923122e-01 1.227331e-01 1.590597e-02
    outer loop
      vertex 5.367012e-02 5.434495e-02 5.030000e+00
      vertex 5.400779e-02 7.610895e-02 4.841000e+00
      vertex 5.147296e-02 7.210931e-02 5.030000e+00
    endloop
  endfacet
  facet normal 9.855918e-01 1.683068e-01 1.678028e-02
    outer loop
      vertex 5.400779e-02 7.610895e-02 4.841000e+00
      vertex 5.081628e-02 9.479817e-02 4.841000e+00
      vertex 5.147296e-02 7.210931e-02 5.030000e+00
    endloop
  endfacet
  facet normal 9.860634e-01 1.655548e-01 1.644826e-02
    outer loop
      vertex 5.147296e-02 7.210931e-02 5.030000e+00
      vertex 5.081628e-02 9.479817e-02 4.841000e+00
      vertex 4.849271e-02 8.986000e-02 5.030000e+00
    endloop
  endfacet
  facet normal 9.774904e-01 2.102519e-01 1.751071e-02
    outer loop
      vertex 5.081628e-02 9.479817e-02 4.841000e+00
      vertex 4.679994e-02 1.134707e-01 4.841000e+00
      vertex 4.849271e-02 8.986000e-02 5.030000e+00
    endloop
  endfacet
  facet normal 9.780796e-01 2.075226e-01 1.716448e-02
    outer loop
      vertex 4.849271e-02 8.986000e-02 5.030000e+00
      vertex 4.679994e-02 1.134707e-01 4.841000e+00
      vertex 4.472939e-02 1.075970e-01 5.030000e+00
    endloop
  endfacet
  facet normal 9.691915e-01 2.456311e-01 1.825143e-02
    outer loop
      vertex 4.679994e-02 1.134707e-01 4.841000e+00
      vertex 4.207125e-02 1.321288e-01 4.841000e+00
      vertex 4.472939e-02 1.075970e-01 5.030000e+00
    endloop
  endfacet
  facet normal 9.698800e-01 2.429252e-01 1.789054e-02
    outer loop
      vertex 4.472939e-02 1.075970e-01 5.030000e+00
      vertex 4.207125e-02 1.321288e-01 4.841000e+00
      vertex 4.028976e-02 1.253222e-01 5.030000e+00
    endloop
  endfacet
  facet normal 9.608193e-01 2.765225e-01 1.901509e-02
    outer loop
      vertex 4.207125e-02 1.321288e-01 4.841000e+00
      vertex 3.670519e-02 1.507740e-01 4.841000e+00
      vertex 4.028976e-02 1.253222e-01 5.030000e+00
    endloop
  endfacet
  facet normal 9.615945e-01 2.738403e-01 1.863918e-02
    outer loop
      vertex 4.028976e-02 1.253222e-01 5.030000e+00
      vertex 3.670519e-02 1.507740e-01 4.841000e+00
      vertex 3.524503e-02 1.430369e-01 5.030000e+00
    endloop
  endfacet
  facet normal 9.549604e-01 2.960919e-01 1.949884e-02
    outer loop
      vertex 3.670519e-02 1.507740e-01 4.841000e+00
      vertex 3.092671e-02 1.694108e-01 4.841000e+00
      vertex 3.524503e-02 1.430369e-01 5.030000e+00
    endloop
  endfacet
  facet normal 9.557907e-01 2.934262e-01 1.910788e-02
    outer loop
      vertex 3.524503e-02 1.430369e-01 5.030000e+00
      vertex 3.092671e-02 1.694108e-01 4.841000e+00
      vertex 2.980876e-02 1.607447e-01 5.030000e+00
    endloop
  endfacet
  facet normal 9.487761e-01 3.153112e-01 2.006987e-02
    outer loop
      vertex 3.092671e-02 1.694108e-01 4.841000e+00
      vertex 2.473582e-02 1.880393e-01 4.841000e+00
      vertex 2.980876e-02 1.607447e-01 5.030000e+00
    endloop
  endfacet
  facet normal 9.496606e-01 3.126630e-01 1.966369e-02
    outer loop
      vertex 2.980876e-02 1.607447e-01 5.030000e+00
      vertex 2.473582e-02 1.880393e-01 4.841000e+00
      vertex 2.398095e-02 1.784457e-01 5.030000e+00
    endloop
  endfacet
  facet normal 9.440867e-01 3.290608e-01 2.047378e-02
    outer loop
      vertex 2.473582e-02 1.880393e-01 4.841000e+00
      vertex 1.824499e-02 2.066617e-01 4.841000e+00
      vertex 2.398095e-02 1.784457e-01 5.030000e+00
    endloop
  endfacet
  facet normal 9.450100e-01 3.264260e-01 2.005239e-02
    outer loop
      vertex 2.398095e-02 1.784457e-01 5.030000e+00
      vertex 1.824499e-02 2.066617e-01 4.841000e+00
      vertex 1.786838e-02 1.961417e-01 5.030000e+00
    endloop
  endfacet
  facet normal 9.398576e-01 3.409295e-01 2.084941e-02
    outer loop
      vertex 1.824499e-02 2.066617e-01 4.841000e+00
      vertex 1.149171e-02 2.252788e-01 4.841000e+00
      vertex 1.786838e-02 1.961417e-01 5.030000e+00
    endloop
  endfacet
  facet normal 9.408145e-01 3.383067e-01 2.041278e-02
    outer loop
      vertex 1.786838e-02 1.961417e-01 5.030000e+00
      vertex 1.149171e-02 2.252788e-01 4.841000e+00
      vertex 1.150665e-02 2.138334e-01 5.030000e+00
    endloop
  endfacet
  facet normal 9.373922e-01 3.476430e-01 2.097844e-02
    outer loop
      vertex 1.149171e-02 2.252788e-01 4.841000e+00
      vertex 4.588467e-03 2.438929e-01 4.841000e+00
      vertex 1.150665e-02 2.138334e-01 5.030000e+00
    endloop
  endfacet
  facet normal 9.383682e-01 3.450272e-01 2.052668e-02
    outer loop
      vertex 1.150665e-02 2.138334e-01 5.030000e+00
      vertex 4.588467e-03 2.438929e-01 4.841000e+00
      vertex 5.002536e-03 2.315226e-01 5.030000e+00
    endloop
  endfacet
  facet normal 8.907668e-01 4.536134e-01 2.773808e-02
    outer loop
      vertex 4.588467e-03 2.438929e-01 4.841000e+00
      vertex -4.864257e-03 2.624553e-01 4.841000e+00
      vertex 5.002536e-03 2.315226e-01 5.030000e+00
    endloop
  endfacet
  facet normal 8.920416e-01 4.511301e-01 2.726509e-02
    outer loop
      vertex 5.002536e-03 2.315226e-01 5.030000e+00
      vertex -4.864257e-03 2.624553e-01 4.841000e+00
      vertex -3.922005e-03 2.491695e-01 5.030000e+00
    endloop
  endfacet
  facet normal -1.792232e-01 -9.833741e-01 2.922980e-02
    outer loop
      vertex 2.277499e-03 -1.124769e-01 4.841000e+00
      vertex 1.863917e-03 -1.067837e-01 5.030000e+00
      vertex -2.353035e-03 -1.116330e-01 4.841000e+00
    endloop
  endfacet
  facet normal -1.819684e-01 -9.828684e-01 2.927807e-02
    outer loop
      vertex 1.863917e-03 -1.067837e-01 5.030000e+00
      vertex -2.529749e-03 -1.059703e-01 5.030000e+00
      vertex -2.353035e-03 -1.116330e-01 4.841000e+00
    endloop
  endfacet
  facet normal -4.676880e-01 -8.835101e-01 2.603401e-02
    outer loop
      vertex -2.353035e-03 -1.116330e-01 4.841000e+00
      vertex -2.529749e-03 -1.059703e-01 5.030000e+00
      vertex -4.059168e-03 -1.107299e-01 4.841000e+00
    endloop
  endfacet
  facet normal -4.701536e-01 -8.822010e-01 2.602099e-02
    outer loop
      vertex -2.529749e-03 -1.059703e-01 5.030000e+00
      vertex -4.147037e-03 -1.051084e-01 5.030000e+00
      vertex -4.059168e-03 -1.107299e-01 4.841000e+00
    endloop
  endfacet
  facet normal -6.642547e-01 -7.471850e-01 2.191493e-02
    outer loop
      vertex -4.059168e-03 -1.107299e-01 4.841000e+00
      vertex -4.147037e-03 -1.051084e-01 5.030000e+00
      vertex -7.152983e-03 -1.079794e-01 4.841000e+00
    endloop
  endfacet
  facet normal -6.663385e-01 -7.453271e-01 2.191985e-02
    outer loop
      vertex -4.147037e-03 -1.051084e-01 5.030000e+00
      vertex -7.076796e-03 -1.024891e-01 5.030000e+00
      vertex -7.152983e-03 -1.079794e-01 4.841000e+00
    endloop
  endfacet
  facet normal -8.247524e-01 -5.652458e-01 1.675247e-02
    outer loop
      vertex -7.152983e-03 -1.079794e-01 4.841000e+00
      vertex -7.076796e-03 -1.024891e-01 5.030000e+00
      vertex -1.032225e-02 -1.033551e-01 4.841000e+00
    endloop
  endfacet
  facet normal -8.263274e-01 -5.629403e-01 1.676895e-02
    outer loop
      vertex -7.076796e-03 -1.024891e-01 5.030000e+00
      vertex -1.007321e-02 -9.809074e-02 5.030000e+00
      vertex -1.032225e-02 -1.033551e-01 4.841000e+00
    endloop
  endfacet
  facet normal -9.111078e-01 -4.119731e-01 1.267562e-02
    outer loop
      vertex -1.032225e-02 -1.033551e-01 4.841000e+00
      vertex -1.007321e-02 -9.809074e-02 5.030000e+00
      vertex -1.452372e-02 -9.406330e-02 4.841000e+00
    endloop
  endfacet
  facet normal -9.122538e-01 -4.094268e-01 1.275686e-02
    outer loop
      vertex -1.007321e-02 -9.809074e-02 5.030000e+00
      vertex -1.403716e-02 -8.925858e-02 5.030000e+00
      vertex -1.452372e-02 -9.406330e-02 4.841000e+00
    endloop
  endfacet
  facet normal -9.644980e-01 -2.639300e-01 9.192562e-03
    outer loop
      vertex -1.452372e-02 -9.406330e-02 4.841000e+00
      vertex -1.403716e-02 -8.925858e-02 5.030000e+00
      vertex -1.707553e-02 -8.473805e-02 4.841000e+00
    endloop
  endfacet
  facet normal -9.652306e-01 -2.612354e-01 9.268789e-03
    outer loop
      vertex -1.403716e-02 -8.925858e-02 5.030000e+00
      vertex -1.643495e-02 -8.039907e-02 5.030000e+00
      vertex -1.707553e-02 -8.473805e-02 4.841000e+00
    endloop
  endfacet
  facet normal -9.825954e-01 -1.856036e-01 7.591323e-03
    outer loop
      vertex -1.707553e-02 -8.473805e-02 4.841000e+00
      vertex -1.643495e-02 -8.039907e-02 5.030000e+00
      vertex -1.883999e-02 -7.539686e-02 4.841000e+00
    endloop
  endfacet
  facet normal -9.831093e-01 -1.828588e-01 7.670507e-03
    outer loop
      vertex -1.643495e-02 -8.039907e-02 5.030000e+00
      vertex -1.808524e-02 -7.152652e-02 5.030000e+00
      vertex -1.883999e-02 -7.539686e-02 4.841000e+00
    endloop
  endfacet
  facet normal -9.930337e-01 -1.176583e-01 6.374966e-03
    outer loop
      vertex -1.883999e-02 -7.539686e-02 4.841000e+00
      vertex -1.808524e-02 -7.152652e-02 5.030000e+00
      vertex -2.105670e-02 -5.668790e-02 4.841000e+00
    endloop
  endfacet
  facet normal -9.933569e-01 -1.148846e-01 6.597814e-03
    outer loop
      vertex -1.808524e-02 -7.152652e-02 5.030000e+00
      vertex -2.014003e-02 -5.375968e-02 5.030000e+00
      vertex -2.105670e-02 -5.668790e-02 4.841000e+00
    endloop
  endfacet
  facet normal -9.979218e-01 -6.417224e-02 5.834256e-03
    outer loop
      vertex -2.105670e-02 -5.668790e-02 4.841000e+00
      vertex -2.014003e-02 -5.375968e-02 5.030000e+00
      vertex -2.226111e-02 -3.795844e-02 4.841000e+00
    endloop
  endfacet
  facet normal -9.980957e-01 -6.138518e-02 6.069218e-03
    outer loop
      vertex -2.014003e-02 -5.375968e-02 5.030000e+00
      vertex -2.123377e-02 -3.597606e-02 5.030000e+00
      vertex -2.226111e-02 -3.795844e-02 4.841000e+00
    endloop
  endfacet
  facet normal -9.997365e-01 -2.224362e-02 5.667589e-03
    outer loop
      vertex -2.226111e-02 -3.795844e-02 4.841000e+00
      vertex -2.123377e-02 -3.597606e-02 5.030000e+00
      vertex -2.267819e-02 -1.921304e-02 4.841000e+00
    endloop
  endfacet
  facet normal -9.997933e-01 -1.945172e-02 5.915646e-03
    outer loop
      vertex -2.123377e-02 -3.597606e-02 5.030000e+00
      vertex -2.158001e-02 -1.817939e-02 5.030000e+00
      vertex -2.267819e-02 -1.921304e-02 4.841000e+00
    endloop
  endfacet
  facet normal -9.998892e-01 1.374043e-02 5.734673e-03
    outer loop
      vertex -2.267819e-02 -1.921304e-02 4.841000e+00
      vertex -2.158001e-02 -1.817939e-02 5.030000e+00
      vertex -2.242040e-02 -4.539815e-04 4.841000e+00
    endloop
  endfacet
  facet normal -9.998453e-01 1.653256e-02 5.996339e-03
    outer loop
      vertex -2.158001e-02 -1.817939e-02 5.030000e+00
      vertex -2.128556e-02 -3.715408e-04 5.030000e+00
      vertex -2.242040e-02 -4.539815e-04 4.841000e+00
    endloop
  endfacet
  facet normal -9.994794e-01 3.170151e-02 5.987526e-03
    outer loop
      vertex -2.242040e-02 -4.539815e-04 4.841000e+00
      vertex -2.128556e-02 -3.715408e-04 5.030000e+00
      vertex -2.182519e-02 1.831191e-02 4.841000e+00
    endloop
  endfacet
  facet normal -9.993853e-01 3.449239e-02 6.263148e-03
    outer loop
      vertex -2.128556e-02 -3.715408e-04 5.030000e+00
      vertex -2.067075e-02 1.744190e-02 5.030000e+00
      vertex -2.182519e-02 1.831191e-02 4.841000e+00
    endloop
  endfacet
  facet normal -9.991930e-01 3.967114e-02 6.285813e-03
    outer loop
      vertex -2.182519e-02 1.831191e-02 4.841000e+00
      vertex -2.067075e-02 1.744190e-02 5.030000e+00
      vertex -2.108000e-02 3.708085e-02 4.841000e+00
    endloop
  endfacet
  facet normal -9.990765e-01 4.246117e-02 6.575472e-03
    outer loop
      vertex -2.067075e-02 1.744190e-02 5.030000e+00
      vertex -1.991357e-02 3.525783e-02 5.030000e+00
      vertex -2.108000e-02 3.708085e-02 4.841000e+00
    endloop
  endfacet
  facet normal -9.992685e-01 3.767955e-02 6.530536e-03
    outer loop
      vertex -2.108000e-02 3.708085e-02 4.841000e+00
      vertex -1.991357e-02 3.525783e-02 5.030000e+00
      vertex -2.037231e-02 5.584902e-02 4.841000e+00
    endloop
  endfacet
  facet normal -9.991574e-01 4.046980e-02 6.834259e-03
    outer loop
      vertex -1.991357e-02 3.525783e-02 5.030000e+00
      vertex -1.919198e-02 5.307314e-02 5.030000e+00
      vertex -2.037231e-02 5.584902e-02 4.841000e+00
    endloop
  endfacet
  facet normal -9.991083e-01 4.166188e-02 6.851460e-03
    outer loop
      vertex -2.037231e-02 5.584902e-02 4.841000e+00
      vertex -1.919198e-02 5.307314e-02 5.030000e+00
      vertex -1.958963e-02 7.461871e-02 4.841000e+00
    endloop
  endfacet
  facet normal -9.989858e-01 4.445165e-02 7.169230e-03
    outer loop
      vertex -1.919198e-02 5.307314e-02 5.030000e+00
      vertex -1.839920e-02 7.088969e-02 5.030000e+00
      vertex -1.958963e-02 7.461871e-02 4.841000e+00
    endloop
  endfacet
  facet normal -9.991877e-01 3.967093e-02 7.076177e-03
    outer loop
      vertex -1.958963e-02 7.461871e-02 4.841000e+00
      vertex -1.839920e-02 7.088969e-02 5.030000e+00
      vertex -1.884444e-02 9.338764e-02 4.841000e+00
    endloop
  endfacet
  facet normal -9.990707e-01 4.246093e-02 7.408014e-03
    outer loop
      vertex -1.839920e-02 7.088969e-02 5.030000e+00
      vertex -1.764201e-02 8.870561e-02 5.030000e+00
      vertex -1.884444e-02 9.338764e-02 4.841000e+00
    endloop
  endfacet
  facet normal -9.990191e-01 4.365193e-02 7.437190e-03
    outer loop
      vertex -1.884444e-02 9.338764e-02 4.841000e+00
      vertex -1.764201e-02 8.870561e-02 5.030000e+00
      vertex -1.802427e-02 1.121581e-01 4.841000e+00
    endloop
  endfacet
  facet normal -9.988907e-01 4.644142e-02 7.783071e-03
    outer loop
      vertex -1.764201e-02 8.870561e-02 5.030000e+00
      vertex -1.681364e-02 1.065228e-01 5.030000e+00
      vertex -1.802427e-02 1.121581e-01 4.841000e+00
    endloop
  endfacet
  facet normal -9.989278e-01 4.564136e-02 7.759453e-03
    outer loop
      vertex -1.802427e-02 1.121581e-01 4.841000e+00
      vertex -1.681364e-02 1.065228e-01 5.030000e+00
      vertex -1.716661e-02 1.309293e-01 4.841000e+00
    endloop
  endfacet
  facet normal -9.987935e-01 4.843057e-02 8.119387e-03
    outer loop
      vertex -1.681364e-02 1.065228e-01 5.030000e+00
      vertex -1.594967e-02 1.243406e-01 5.030000e+00
      vertex -1.716661e-02 1.309293e-01 4.841000e+00
    endloop
  endfacet
  facet normal -9.987349e-01 4.961815e-02 8.160410e-03
    outer loop
      vertex -1.716661e-02 1.309293e-01 4.841000e+00
      vertex -1.594967e-02 1.243406e-01 5.030000e+00
      vertex -1.623396e-02 1.497020e-01 4.841000e+00
    endloop
  endfacet
  facet normal -9.985894e-01 5.240678e-02 8.534391e-03
    outer loop
      vertex -1.594967e-02 1.243406e-01 5.030000e+00
      vertex -1.501451e-02 1.421596e-01 5.030000e+00
      vertex -1.623396e-02 1.497020e-01 4.841000e+00
    endloop
  endfacet
  facet normal -9.984168e-01 5.557762e-02 8.659816e-03
    outer loop
      vertex -1.623396e-02 1.497020e-01 4.841000e+00
      vertex -1.501451e-02 1.421596e-01 5.030000e+00
      vertex -1.518884e-02 1.684770e-01 4.841000e+00
    endloop
  endfacet
  facet normal -9.982543e-01 5.836531e-02 9.047839e-03
    outer loop
      vertex -1.501451e-02 1.421596e-01 5.030000e+00
      vertex -1.397257e-02 1.599805e-01 5.030000e+00
      vertex -1.518884e-02 1.684770e-01 4.841000e+00
    endloop
  endfacet
  facet normal -9.979380e-01 6.351193e-02 9.277171e-03
    outer loop
      vertex -1.518884e-02 1.684770e-01 4.841000e+00
      vertex -1.397257e-02 1.599805e-01 5.030000e+00
      vertex -1.399374e-02 1.872551e-01 4.841000e+00
    endloop
  endfacet
  facet normal -9.977529e-01 6.629819e-02 9.679236e-03
    outer loop
      vertex -1.397257e-02 1.599805e-01 5.030000e+00
      vertex -1.278825e-02 1.778039e-01 5.030000e+00
      vertex -1.399374e-02 1.872551e-01 4.841000e+00
    endloop
  endfacet
  facet normal -9.976735e-01 6.747356e-02 9.737506e-03
    outer loop
      vertex -1.399374e-02 1.872551e-01 4.841000e+00
      vertex -1.278825e-02 1.778039e-01 5.030000e+00
      vertex -1.272366e-02 2.060346e-01 4.841000e+00
    endloop
  endfacet
  facet normal -9.974771e-01 7.025904e-02 1.015364e-02
    outer loop
      vertex -1.278825e-02 1.778039e-01 5.030000e+00
      vertex -1.153274e-02 1.956285e-01 5.030000e+00
      vertex -1.272366e-02 2.060346e-01 4.841000e+00
    endloop
  endfacet
  facet normal -9.973932e-01 7.143130e-02 1.021765e-02
    outer loop
      vertex -1.272366e-02 2.060346e-01 4.841000e+00
      vertex -1.153274e-02 1.956285e-01 5.030000e+00
      vertex -1.137860e-02 2.248157e-01 4.841000e+00
    endloop
  endfacet
  facet normal -9.971853e-01 7.421594e-02 1.064785e-02
    outer loop
      vertex -1.153274e-02 1.956285e-01 5.030000e+00
      vertex -1.020605e-02 2.134544e-01 5.030000e+00
      vertex -1.137860e-02 2.248157e-01 4.841000e+00
    endloop
  endfacet
  facet normal -9.970969e-01 7.538496e-02 1.071757e-02
    outer loop
      vertex -1.137860e-02 2.248157e-01 4.841000e+00
      vertex -1.020605e-02 2.134544e-01 5.030000e+00
      vertex -9.958552e-03 2.435983e-01 4.841000e+00
    endloop
  endfacet
  facet normal -9.968777e-01 7.816870e-02 1.116185e-02
    outer loop
      vertex -1.020605e-02 2.134544e-01 5.030000e+00
      vertex -8.808160e-03 2.312815e-01 5.030000e+00
      vertex -9.958552e-03 2.435983e-01 4.841000e+00
    endloop
  endfacet
  facet normal -9.651392e-01 2.607363e-01 2.286629e-02
    outer loop
      vertex -9.958552e-03 2.435983e-01 4.841000e+00
      vertex -8.808160e-03 2.312815e-01 5.030000e+00
      vertex -4.864257e-03 2.624553e-01 4.841000e+00
    endloop
  endfacet
  facet normal -9.643971e-01 2.634277e-01 2.332569e-02
    outer loop
      vertex -8.808160e-03 2.312815e-01 5.030000e+00
      vertex -3.922005e-03 2.491695e-01 5.030000e+00
      vertex -4.864257e-03 2.624553e-01 4.841000e+00
    endloop
  endfacet
  facet normal 8.231905e-16 -9.700670e-16 -1.000000e+00
    outer loop
      vertex -7.576879e-03 2.314666e-02 6.600000e-01
      vertex 3.752927e-02 -5.302473e-02 6.600000e-01
      vertex 3.465672e-02 -5.546235e-02 6.600000e-01
    endloop
  endfacet
  facet normal 1.071290e-15 -8.231509e-16 -1.000000e+00
    outer loop
      vertex -7.576879e-03 2.314666e-02 6.600000e-01
      vertex 3.847912e-02 -5.178854e-02 6.600000e-01
      vertex 3.752927e-02 -5.302473e-02 6.600000e-01
    endloop
  endfacet
  facet normal 1.264398e-15 -7.044647e-16 -1.000000e+00
    outer loop
      vertex -7.576879e-03 2.314666e-02 6.600000e-01
      vertex 4.012700e-02 -4.883088e-02 6.600000e-01
      vertex 3.847912e-02 -5.178854e-02 6.600000e-01
    endloop
  endfacet
  facet normal 1.555781e-15 -5.113472e-16 -1.000000e+00
    outer loop
      vertex -7.576879e-03 2.314666e-02 6.600000e-01
      vertex 4.145608e-02 -4.478711e-02 6.600000e-01
      vertex 4.012700e-02 -4.883088e-02 6.600000e-01
    endloop
  endfacet
  facet normal 1.904623e-15 -2.595618e-16 -1.000000e+00
    outer loop
      vertex -7.576879e-03 2.314666e-02 6.600000e-01
      vertex 4.241341e-02 -3.776238e-02 6.600000e-01
      vertex 4.145608e-02 -4.478711e-02 6.600000e-01
    endloop
  endfacet
  facet normal 2.254457e-15 2.756045e-17 -1.000000e+00
    outer loop
      vertex -7.576879e-03 2.314666e-02 6.600000e-01
      vertex 4.233544e-02 -3.138458e-02 6.600000e-01
      vertex 4.241341e-02 -3.776238e-02 6.600000e-01
    endloop
  endfacet
  facet normal 2.472669e-15 2.272889e-16 -1.000000e+00
    outer loop
      vertex -7.576879e-03 2.314666e-02 6.600000e-01
      vertex 4.177680e-02 -2.530713e-02 6.600000e-01
      vertex 4.233544e-02 -3.138458e-02 6.600000e-01
    endloop
  endfacet
  facet normal 2.779645e-15 5.399665e-16 -1.000000e+00
    outer loop
      vertex -7.576879e-03 2.314666e-02 6.600000e-01
      vertex 3.955027e-02 -1.384538e-02 6.600000e-01
      vertex 4.177680e-02 -2.530713e-02 6.600000e-01
    endloop
  endfacet
  facet normal 3.030081e-15 8.590170e-16 -1.000000e+00
    outer loop
      vertex -7.576879e-03 2.314666e-02 6.600000e-01
      vertex 3.645483e-02 -2.926581e-03 6.600000e-01
      vertex 3.955027e-02 -1.384538e-02 6.600000e-01
    endloop
  endfacet
  facet normal 3.199937e-15 1.145865e-15 -1.000000e+00
    outer loop
      vertex -7.576879e-03 2.314666e-02 6.600000e-01
      vertex 3.269384e-02 7.576337e-03 6.600000e-01
      vertex 3.645483e-02 -2.926581e-03 6.600000e-01
    endloop
  endfacet
  facet normal 3.323869e-15 1.466398e-15 -1.000000e+00
    outer loop
      vertex -7.576879e-03 2.314666e-02 6.600000e-01
      vertex 2.824882e-02 1.765182e-02 6.600000e-01
      vertex 3.269384e-02 7.576337e-03 6.600000e-01
    endloop
  endfacet
  facet normal 3.376957e-15 1.812527e-15 -1.000000e+00
    outer loop
      vertex -7.576879e-03 2.314666e-02 6.600000e-01
      vertex 2.308279e-02 2.727677e-02 6.600000e-01
      vertex 2.824882e-02 1.765182e-02 6.600000e-01
    endloop
  endfacet
  facet normal 3.341129e-15 2.078490e-15 -1.000000e+00
    outer loop
      vertex -7.576879e-03 2.314666e-02 6.600000e-01
      vertex 1.732515e-02 3.653205e-02 6.600000e-01
      vertex 2.308279e-02 2.727677e-02 6.600000e-01
    endloop
  endfacet
  facet normal 3.232447e-15 2.280681e-15 -1.000000e+00
    outer loop
      vertex -7.576879e-03 2.314666e-02 6.600000e-01
      vertex 1.103139e-02 4.545231e-02 6.600000e-01
      vertex 1.732515e-02 3.653205e-02 6.600000e-01
    endloop
  endfacet
  facet normal 3.078208e-15 2.409354e-15 -1.000000e+00
    outer loop
      vertex -7.576879e-03 2.314666e-02 6.600000e-01
      vertex 4.275431e-03 5.408376e-02 6.600000e-01
      vertex 1.103139e-02 4.545231e-02 6.600000e-01
    endloop
  endfacet
  facet normal 2.898464e-15 2.478215e-15 -1.000000e+00
    outer loop
      vertex -7.576879e-03 2.314666e-02 6.600000e-01
      vertex -2.887247e-03 6.246107e-02 6.600000e-01
      vertex 4.275431e-03 5.408376e-02 6.600000e-01
    endloop
  endfacet
  facet normal 2.686631e-15 2.503484e-15 -1.000000e+00
    outer loop
      vertex -7.576879e-03 2.314666e-02 6.600000e-01
      vertex -1.045665e-02 7.058423e-02 6.600000e-01
      vertex -2.887247e-03 6.246107e-02 6.600000e-01
    endloop
  endfacet
  facet normal 2.485955e-15 2.491302e-15 -1.000000e+00
    outer loop
      vertex -7.576879e-03 2.314666e-02 6.600000e-01
      vertex -1.837731e-02 7.848789e-02 6.600000e-01
      vertex -1.045665e-02 7.058423e-02 6.600000e-01
    endloop
  endfacet
  facet normal 2.297186e-15 2.454461e-15 -1.000000e+00
    outer loop
      vertex -7.576879e-03 2.314666e-02 6.600000e-01
      vertex -2.661226e-02 8.619517e-02 6.600000e-01
      vertex -1.837731e-02 7.848789e-02 6.600000e-01
    endloop
  endfacet
  facet normal 2.170504e-15 2.416214e-15 -1.000000e+00
    outer loop
      vertex -7.576879e-03 2.314666e-02 6.600000e-01
      vertex -3.505058e-02 9.377537e-02 6.600000e-01
      vertex -2.661226e-02 8.619517e-02 6.600000e-01
    endloop
  endfacet
  facet normal 2.040171e-15 2.365516e-15 -1.000000e+00
    outer loop
      vertex -7.576879e-03 2.314666e-02 6.600000e-01
      vertex -4.369225e-02 1.012285e-01 6.600000e-01
      vertex -3.505058e-02 9.377537e-02 6.600000e-01
    endloop
  endfacet
  facet normal 1.943540e-15 2.320821e-15 -1.000000e+00
    outer loop
      vertex -7.576879e-03 2.314666e-02 6.600000e-01
      vertex -5.248183e-02 1.085892e-01 6.600000e-01
      vertex -4.369225e-02 1.012285e-01 6.600000e-01
    endloop
  endfacet
  facet normal 1.857306e-15 2.275500e-15 -1.000000e+00
    outer loop
      vertex -7.576879e-03 2.314666e-02 6.600000e-01
      vertex -6.140081e-02 1.158690e-01 6.600000e-01
      vertex -5.248183e-02 1.085892e-01 6.600000e-01
    endloop
  endfacet
  facet normal 1.806722e-15 2.246137e-15 -1.000000e+00
    outer loop
      vertex -7.576879e-03 2.314666e-02 6.600000e-01
      vertex -7.039375e-02 1.231027e-01 6.600000e-01
      vertex -6.140081e-02 1.158690e-01 6.600000e-01
    endloop
  endfacet
  facet normal 1.155562e-15 1.836918e-15 -1.000000e+00
    outer loop
      vertex -7.576879e-03 2.314666e-02 6.600000e-01
      vertex -8.064383e-02 1.295508e-01 6.600000e-01
      vertex -7.039375e-02 1.231027e-01 6.600000e-01
    endloop
  endfacet
  facet normal 0.000000e+00 0.000000e+00 0.000000e+00
    outer loop
      vertex -7.576879e-03 2.314666e-02 6.600000e-01
      vertex -8.064383e-02 1.295508e-01 6.600000e-01
      vertex -8.064383e-02 1.295508e-01 6.600000e-01
    endloop
  endfacet
  facet normal -2.575109e-15 -7.249071e-16 -1.000000e+00
    outer loop
      vertex -7.576879e-03 2.314666e-02 6.600000e-01
      vertex -7.756688e-02 1.186204e-01 6.600000e-01
      vertex -8.064383e-02 1.295508e-01 6.600000e-01
    endloop
  endfacet
  facet normal -4.966464e-15 -2.477964e-15 -1.000000e+00
    outer loop
      vertex -7.576879e-03 2.314666e-02 6.600000e-01
      vertex -7.267816e-02 1.088222e-01 6.600000e-01
      vertex -7.756688e-02 1.186204e-01 6.600000e-01
    endloop
  endfacet
  facet normal -5.062741e-15 -2.551121e-15 -1.000000e+00
    outer loop
      vertex -7.576879e-03 2.314666e-02 6.600000e-01
      vertex -6.775246e-02 9.904706e-02 6.600000e-01
      vertex -7.267816e-02 1.088222e-01 6.600000e-01
    endloop
  endfacet
  facet normal -5.151633e-15 -2.621596e-15 -1.000000e+00
    outer loop
      vertex -7.576879e-03 2.314666e-02 6.600000e-01
      vertex -6.278979e-02 8.929503e-02 6.600000e-01
      vertex -6.775246e-02 9.904706e-02 6.600000e-01
    endloop
  endfacet
  facet normal -5.232074e-15 -2.688739e-15 -1.000000e+00
    outer loop
      vertex -7.576879e-03 2.314666e-02 6.600000e-01
      vertex -5.779014e-02 7.956611e-02 6.600000e-01
      vertex -6.278979e-02 8.929503e-02 6.600000e-01
    endloop
  endfacet
  facet normal -5.376305e-15 -2.817105e-15 -1.000000e+00
    outer loop
      vertex -7.576879e-03 2.314666e-02 6.600000e-01
      vertex -5.271654e-02 6.988341e-02 6.600000e-01
      vertex -5.779014e-02 7.956611e-02 6.600000e-01
    endloop
  endfacet
  facet normal -5.470787e-15 -2.908358e-15 -1.000000e+00
    outer loop
      vertex -7.576879e-03 2.314666e-02 6.600000e-01
      vertex -4.758748e-02 6.023535e-02 6.600000e-01
      vertex -5.271654e-02 6.988341e-02 6.600000e-01
    endloop
  endfacet
  facet normal -5.522439e-15 -2.964079e-15 -1.000000e+00
    outer loop
      vertex -7.576879e-03 2.314666e-02 6.600000e-01
      vertex -4.242145e-02 5.061040e-02 6.600000e-01
      vertex -4.758748e-02 6.023535e-02 6.600000e-01
    endloop
  endfacet
  facet normal -5.541881e-15 -2.988747e-15 -1.000000e+00
    outer loop
      vertex -7.576879e-03 2.314666e-02 6.600000e-01
      vertex -3.723693e-02 4.099701e-02 6.600000e-01
      vertex -4.242145e-02 5.061040e-02 6.600000e-01
    endloop
  endfacet
  facet normal -5.567453e-15 -3.031236e-15 -1.000000e+00
    outer loop
      vertex -7.576879e-03 2.314666e-02 6.600000e-01
      vertex -3.201543e-02 3.140672e-02 6.600000e-01
      vertex -3.723693e-02 4.099701e-02 6.600000e-01
    endloop
  endfacet
  facet normal -5.561508e-15 -3.013648e-15 -1.000000e+00
    outer loop
      vertex -7.576879e-03 2.314666e-02 6.600000e-01
      vertex -2.681242e-02 2.180487e-02 6.600000e-01
      vertex -3.201543e-02 3.140672e-02 6.600000e-01
    endloop
  endfacet
  facet normal -5.559577e-15 -3.041329e-15 -1.000000e+00
    outer loop
      vertex -7.576879e-03 2.314666e-02 6.600000e-01
      vertex -2.157244e-02 1.222613e-02 6.600000e-01
      vertex -2.681242e-02 2.180487e-02 6.600000e-01
    endloop
  endfacet
  facet normal -5.567453e-15 -3.031236e-15 -1.000000e+00
    outer loop
      vertex -7.576879e-03 2.314666e-02 6.600000e-01
      vertex -1.635094e-02 2.635843e-03 6.600000e-01
      vertex -2.157244e-02 1.222613e-02 6.600000e-01
    endloop
  endfacet
  facet normal -5.508616e-15 -3.056405e-15 -1.000000e+00
    outer loop
      vertex -7.576879e-03 2.314666e-02 6.600000e-01
      vertex -1.105549e-02 -6.908239e-03 6.600000e-01
      vertex -1.635094e-02 2.635843e-03 6.600000e-01
    endloop
  endfacet
  facet normal -5.320296e-15 -3.078202e-15 -1.000000e+00
    outer loop
      vertex -7.576879e-03 2.314666e-02 6.600000e-01
      vertex -5.593661e-03 -1.634835e-02 6.600000e-01
      vertex -1.105549e-02 -6.908239e-03 6.600000e-01
    endloop
  endfacet
  facet normal -4.868123e-15 -3.055496e-15 -1.000000e+00
    outer loop
      vertex -7.576879e-03 2.314666e-02 6.600000e-01
      vertex 2.009466e-04 -2.558052e-02 6.600000e-01
      vertex -5.593661e-03 -1.634835e-02 6.600000e-01
    endloop
  endfacet
  facet normal -4.313937e-15 -2.967037e-15 -1.000000e+00
    outer loop
      vertex -7.576879e-03 2.314666e-02 6.600000e-01
      vertex 6.383790e-03 -3.457010e-02 6.600000e-01
      vertex 2.009466e-04 -2.558052e-02 6.600000e-01
    endloop
  endfacet
  facet normal -3.642155e-15 -2.804544e-15 -1.000000e+00
    outer loop
      vertex -7.576879e-03 2.314666e-02 6.600000e-01
      vertex 1.306580e-02 -4.324776e-02 6.600000e-01
      vertex 6.383790e-03 -3.457010e-02 6.600000e-01
    endloop
  endfacet
  facet normal -2.908332e-15 -2.576392e-15 -1.000000e+00
    outer loop
      vertex -7.576879e-03 2.314666e-02 6.600000e-01
      vertex 1.673033e-02 -4.738443e-02 6.600000e-01
      vertex 1.306580e-02 -4.324776e-02 6.600000e-01
    endloop
  endfacet
  facet normal -2.261225e-15 -2.353379e-15 -1.000000e+00
    outer loop
      vertex -7.576879e-03 2.314666e-02 6.600000e-01
      vertex 2.078310e-02 -5.127850e-02 6.600000e-01
      vertex 1.673033e-02 -4.738443e-02 6.600000e-01
    endloop
  endfacet
  facet normal -1.412355e-15 -2.029914e-15 -1.000000e+00
    outer loop
      vertex -7.576879e-03 2.314666e-02 6.600000e-01
      vertex 2.564931e-02 -5.466427e-02 6.600000e-01
      vertex 2.078310e-02 -5.127850e-02 6.600000e-01
    endloop
  endfacet
  facet normal -8.183014e-16 -1.776246e-15 -1.000000e+00
    outer loop
      vertex -7.576879e-03 2.314666e-02 6.600000e-01
      vertex 2.860932e-02 -5.602792e-02 6.600000e-01
      vertex 2.564931e-02 -5.466427e-02 6.600000e-01
    endloop
  endfacet
  facet normal -2.929628e-16 -1.536143e-15 -1.000000e+00
    outer loop
      vertex -7.576879e-03 2.314666e-02 6.600000e-01
      vertex 3.097322e-02 -5.647875e-02 6.600000e-01
      vertex 2.860932e-02 -5.602792e-02 6.600000e-01
    endloop
  endfacet
  facet normal 6.999654e-17 -1.360419e-15 -1.000000e+00
    outer loop
      vertex -7.576879e-03 2.314666e-02 6.600000e-01
      vertex 3.209396e-02 -5.642108e-02 6.600000e-01
      vertex 3.097322e-02 -5.647875e-02 6.600000e-01
    endloop
  endfacet
  facet normal 4.399367e-16 -1.175975e-15 -1.000000e+00
    outer loop
      vertex -7.576879e-03 2.314666e-02 6.600000e-01
      vertex 3.465672e-02 -5.546235e-02 6.600000e-01
      vertex 3.209396e-02 -5.642108e-02 6.600000e-01
    endloop
  endfacet
  facet normal 0.000000e+00 0.000000e+00 0.000000e+00
    outer loop
      vertex -7.576879e-03 2.314666e-02 6.600000e-01
      vertex 3.465672e-02 -5.546235e-02 6.600000e-01
      vertex 3.465672e-02 -5.546235e-02 6.600000e-01
    endloop
  endfacet
  facet normal 0.000000e+00 0.000000e+00 -1.000000e+00
    outer loop
      vertex 8.862047e-03 3.877288e-02 5.030000e+00
      vertex 7.935057e-03 -1.057876e-01 5.030000e+00
      vertex 1.863917e-03 -1.067837e-01 5.030000e+00
    endloop
  endfacet
  facet normal 0.000000e+00 -0.000000e+00 -1.000000e+00
    outer loop
      vertex 8.862047e-03 3.877288e-02 5.030000e+00
      vertex 1.030436e-02 -1.048561e-01 5.030000e+00
      vertex 7.935057e-03 -1.057876e-01 5.030000e+00
    endloop
  endfacet
  facet normal 0.000000e+00 0.000000e+00 -1.000000e+00
    outer loop
      vertex 8.862047e-03 3.877288e-02 5.030000e+00
      vertex 1.509863e-02 -1.021020e-01 5.030000e+00
      vertex 1.030436e-02 -1.048561e-01 5.030000e+00
    endloop
  endfacet
  facet normal 0.000000e+00 0.000000e+00 -1.000000e+00
    outer loop
      vertex 8.862047e-03 3.877288e-02 5.030000e+00
      vertex 2.036015e-02 -9.755953e-02 5.030000e+00
      vertex 1.509863e-02 -1.021020e-01 5.030000e+00
    endloop
  endfacet
  facet normal 0.000000e+00 0.000000e+00 -1.000000e+00
    outer loop
      vertex 8.862047e-03 3.877288e-02 5.030000e+00
      vertex 2.760850e-02 -8.853165e-02 5.030000e+00
      vertex 2.036015e-02 -9.755953e-02 5.030000e+00
    endloop
  endfacet
  facet normal 0.000000e+00 0.000000e+00 -1.000000e+00
    outer loop
      vertex 8.862047e-03 3.877288e-02 5.030000e+00
      vertex 3.286354e-02 -7.953857e-02 5.030000e+00
      vertex 2.760850e-02 -8.853165e-02 5.030000e+00
    endloop
  endfacet
  facet normal 0.000000e+00 0.000000e+00 -1.000000e+00
    outer loop
      vertex 8.862047e-03 3.877288e-02 5.030000e+00
      vertex 3.719314e-02 -7.056164e-02 5.030000e+00
      vertex 3.286354e-02 -7.953857e-02 5.030000e+00
    endloop
  endfacet
  facet normal 0.000000e+00 0.000000e+00 -1.000000e+00
    outer loop
      vertex 8.862047e-03 3.877288e-02 5.030000e+00
      vertex 4.371664e-02 -5.264506e-02 5.030000e+00
      vertex 3.719314e-02 -7.056164e-02 5.030000e+00
    endloop
  endfacet
  facet normal 0.000000e+00 0.000000e+00 -1.000000e+00
    outer loop
      vertex 8.862047e-03 3.877288e-02 5.030000e+00
      vertex 4.856720e-02 -3.475768e-02 5.030000e+00
      vertex 4.371664e-02 -5.264506e-02 5.030000e+00
    endloop
  endfacet
  facet normal 0.000000e+00 0.000000e+00 -1.000000e+00
    outer loop
      vertex 8.862047e-03 3.877288e-02 5.030000e+00
      vertex 5.213636e-02 -1.689267e-02 5.030000e+00
      vertex 4.856720e-02 -3.475768e-02 5.030000e+00
    endloop
  endfacet
  facet normal 0.000000e+00 0.000000e+00 -1.000000e+00
    outer loop
      vertex 8.862047e-03 3.877288e-02 5.030000e+00
      vertex 5.438852e-02 9.493551e-04 5.030000e+00
      vertex 5.213636e-02 -1.689267e-02 5.030000e+00
    endloop
  endfacet
  facet normal 0.000000e+00 0.000000e+00 -1.000000e+00
    outer loop
      vertex 8.862047e-03 3.877288e-02 5.030000e+00
      vertex 5.525248e-02 1.876715e-02 5.030000e+00
      vertex 5.438852e-02 9.493551e-04 5.030000e+00
    endloop
  endfacet
  facet normal 0.000000e+00 0.000000e+00 -1.000000e+00
    outer loop
      vertex 8.862047e-03 3.877288e-02 5.030000e+00
      vertex 5.497743e-02 3.656506e-02 5.030000e+00
      vertex 5.525248e-02 1.876715e-02 5.030000e+00
    endloop
  endfacet
  facet normal 0.000000e+00 0.000000e+00 -1.000000e+00
    outer loop
      vertex 8.862047e-03 3.877288e-02 5.030000e+00
      vertex 5.367012e-02 5.434495e-02 5.030000e+00
      vertex 5.497743e-02 3.656506e-02 5.030000e+00
    endloop
  endfacet
  facet normal 0.000000e+00 0.000000e+00 -1.000000e+00
    outer loop
      vertex 8.862047e-03 3.877288e-02 5.030000e+00
      vertex 5.147296e-02 7.210931e-02 5.030000e+00
      vertex 5.367012e-02 5.434495e-02 5.030000e+00
    endloop
  endfacet
  facet normal 0.000000e+00 0.000000e+00 -1.000000e+00
    outer loop
      vertex 8.862047e-03 3.877288e-02 5.030000e+00
      vertex 4.849271e-02 8.986000e-02 5.030000e+00
      vertex 5.147296e-02 7.210931e-02 5.030000e+00
    endloop
  endfacet
  facet normal 0.000000e+00 0.000000e+00 -1.000000e+00
    outer loop
      vertex 8.862047e-03 3.877288e-02 5.030000e+00
      vertex 4.472939e-02 1.075970e-01 5.030000e+00
      vertex 4.849271e-02 8.986000e-02 5.030000e+00
    endloop
  endfacet
  facet normal 0.000000e+00 0.000000e+00 -1.000000e+00
    outer loop
      vertex 8.862047e-03 3.877288e-02 5.030000e+00
      vertex 4.028976e-02 1.253222e-01 5.030000e+00
      vertex 4.472939e-02 1.075970e-01 5.030000e+00
    endloop
  endfacet
  facet normal 0.000000e+00 0.000000e+00 -1.000000e+00
    outer loop
      vertex 8.862047e-03 3.877288e-02 5.030000e+00
      vertex 3.524503e-02 1.430369e-01 5.030000e+00
      vertex 4.028976e-02 1.253222e-01 5.030000e+00
    endloop
  endfacet
  facet normal 0.000000e+00 0.000000e+00 -1.000000e+00
    outer loop
      vertex 8.862047e-03 3.877288e-02 5.030000e+00
      vertex 2.980876e-02 1.607447e-01 5.030000e+00
      vertex 3.524503e-02 1.430369e-01 5.030000e+00
    endloop
  endfacet
  facet normal 0.000000e+00 0.000000e+00 -1.000000e+00
    outer loop
      vertex 8.862047e-03 3.877288e-02 5.030000e+00
      vertex 2.398095e-02 1.784457e-01 5.030000e+00
      vertex 2.980876e-02 1.607447e-01 5.030000e+00
    endloop
  endfacet
  facet normal 0.000000e+00 0.000000e+00 -1.000000e+00
    outer loop
      vertex 8.862047e-03 3.877288e-02 5.030000e+00
      vertex 1.786838e-02 1.961417e-01 5.030000e+00
      vertex 2.398095e-02 1.784457e-01 5.030000e+00
    endloop
  endfacet
  facet normal 0.000000e+00 0.000000e+00 -1.000000e+00
    outer loop
      vertex 8.862047e-03 3.877288e-02 5.030000e+00
      vertex 1.150665e-02 2.138334e-01 5.030000e+00
      vertex 1.786838e-02 1.961417e-01 5.030000e+00
    endloop
  endfacet
  facet normal 0.000000e+00 0.000000e+00 -1.000000e+00
    outer loop
      vertex 8.862047e-03 3.877288e-02 5.030000e+00
      vertex 5.002536e-03 2.315226e-01 5.030000e+00
      vertex 1.150665e-02 2.138334e-01 5.030000e+00
    endloop
  endfacet
  facet normal 0.000000e+00 0.000000e+00 -1.000000e+00
    outer loop
      vertex 8.862047e-03 3.877288e-02 5.030000e+00
      vertex -3.922005e-03 2.491695e-01 5.030000e+00
      vertex 5.002536e-03 2.315226e-01 5.030000e+00
    endloop
  endfacet
  facet normal 0.000000e+00 0.000000e+00 0.000000e+00
    outer loop
      vertex 8.862047e-03 3.877288e-02 5.030000e+00
      vertex -3.922005e-03 2.491695e-01 5.030000e+00
      vertex -3.922005e-03 2.491695e-01 5.030000e+00
    endloop
  endfacet
  facet normal 0.000000e+00 0.000000e+00 -1.000000e+00
    outer loop
      vertex 8.862047e-03 3.877288e-02 5.030000e+00
      vertex -8.808160e-03 2.312815e-01 5.030000e+00
      vertex -3.922005e-03 2.491695e-01 5.030000e+00
    endloop
  endfacet
  facet normal 0.000000e+00 0.000000e+00 -1.000000e+00
    outer loop
      vertex 8.862047e-03 3.877288e-02 5.030000e+00
      vertex -1.020605e-02 2.134544e-01 5.030000e+00
      vertex -8.808160e-03 2.312815e-01 5.030000e+00
    endloop
  endfacet
  facet normal 0.000000e+00 0.000000e+00 -1.000000e+00
    outer loop
      vertex 8.862047e-03 3.877288e-02 5.030000e+00
      vertex -1.153274e-02 1.956285e-01 5.030000e+00
      vertex -1.020605e-02 2.134544e-01 5.030000e+00
    endloop
  endfacet
  facet normal 0.000000e+00 0.000000e+00 -1.000000e+00
    outer loop
      vertex 8.862047e-03 3.877288e-02 5.030000e+00
      vertex -1.278825e-02 1.778039e-01 5.030000e+00
      vertex -1.153274e-02 1.956285e-01 5.030000e+00
    endloop
  endfacet
  facet normal 0.000000e+00 0.000000e+00 -1.000000e+00
    outer loop
      vertex 8.862047e-03 3.877288e-02 5.030000e+00
      vertex -1.397257e-02 1.599805e-01 5.030000e+00
      vertex -1.278825e-02 1.778039e-01 5.030000e+00
    endloop
  endfacet
  facet normal 0.000000e+00 0.000000e+00 -1.000000e+00
    outer loop
      vertex 8.862047e-03 3.877288e-02 5.030000e+00
      vertex -1.501451e-02 1.421596e-01 5.030000e+00
      vertex -1.397257e-02 1.599805e-01 5.030000e+00
    endloop
  endfacet
  facet normal 0.000000e+00 0.000000e+00 -1.000000e+00
    outer loop
      vertex 8.862047e-03 3.877288e-02 5.030000e+00
      vertex -1.594967e-02 1.243406e-01 5.030000e+00
      vertex -1.501451e-02 1.421596e-01 5.030000e+00
    endloop
  endfacet
  facet normal 0.000000e+00 0.000000e+00 -1.000000e+00
    outer loop
      vertex 8.862047e-03 3.877288e-02 5.030000e+00
      vertex -1.681364e-02 1.065228e-01 5.030000e+00
      vertex -1.594967e-02 1.243406e-01 5.030000e+00
    endloop
  endfacet
  facet normal 0.000000e+00 0.000000e+00 -1.000000e+00
    outer loop
      vertex 8.862047e-03 3.877288e-02 5.030000e+00
      vertex -1.764201e-02 8.870561e-02 5.030000e+00
      vertex -1.681364e-02 1.065228e-01 5.030000e+00
    endloop
  endfacet
  facet normal 0.000000e+00 0.000000e+00 -1.000000e+00
    outer loop
      vertex 8.862047e-03 3.877288e-02 5.030000e+00
      vertex -1.839920e-02 7.088969e-02 5.030000e+00
      vertex -1.764201e-02 8.870561e-02 5.030000e+00
    endloop
  endfacet
  facet normal 0.000000e+00 0.000000e+00 -1.000000e+00
    outer loop
      vertex 8.862047e-03 3.877288e-02 5.030000e+00
      vertex -1.919198e-02 5.307314e-02 5.030000e+00
      vertex -1.839920e-02 7.088969e-02 5.030000e+00
    endloop
  endfacet
  facet normal -0.000000e+00 0.000000e+00 -1.000000e+00
    outer loop
      vertex 8.862047e-03 3.877288e-02 5.030000e+00
      vertex -1.991357e-02 3.525783e-02 5.030000e+00
      vertex -1.919198e-02 5.307314e-02 5.030000e+00
    endloop
  endfacet
  facet normal 0.000000e+00 0.000000e+00 -1.000000e+00
    outer loop
      vertex 8.862047e-03 3.877288e-02 5.030000e+00
      vertex -2.067075e-02 1.744190e-02 5.030000e+00
      vertex -1.991357e-02 3.525783e-02 5.030000e+00
    endloop
  endfacet
  facet normal 0.000000e+00 0.000000e+00 -1.000000e+00
    outer loop
      vertex 8.862047e-03 3.877288e-02 5.030000e+00
      vertex -2.128556e-02 -3.715408e-04 5.030000e+00
      vertex -2.067075e-02 1.744190e-02 5.030000e+00
    endloop
  endfacet
  facet normal 0.000000e+00 0.000000e+00 -1.000000e+00
    outer loop
      vertex 8.862047e-03 3.877288e-02 5.030000e+00
      vertex -2.158001e-02 -1.817939e-02 5.030000e+00
      vertex -2.128556e-02 -3.715408e-04 5.030000e+00
    endloop
  endfacet
  facet normal 0.000000e+00 0.000000e+00 -1.000000e+00
    outer loop
      vertex 8.862047e-03 3.877288e-02 5.030000e+00
      vertex -2.123377e-02 -3.597606e-02 5.030000e+00
      vertex -2.158001e-02 -1.817939e-02 5.030000e+00
    endloop
  endfacet
  facet normal 0.000000e+00 0.000000e+00 -1.000000e+00
    outer loop
      vertex 8.862047e-03 3.877288e-02 5.030000e+00
      vertex -2.014003e-02 -5.375968e-02 5.030000e+00
      vertex -2.123377e-02 -3.597606e-02 5.030000e+00
    endloop
  endfacet
  facet normal 0.000000e+00 0.000000e+00 -1.000000e+00
    outer loop
      vertex 8.862047e-03 3.877288e-02 5.030000e+00
      vertex -1.808524e-02 -7.152652e-02 5.030000e+00
      vertex -2.014003e-02 -5.375968e-02 5.030000e+00
    endloop
  endfacet
  facet normal 0.000000e+00 0.000000e+00 -1.000000e+00
    outer loop
      vertex 8.862047e-03 3.877288e-02 5.030000e+00
      vertex -1.643495e-02 -8.039907e-02 5.030000e+00
      vertex -1.808524e-02 -7.152652e-02 5.030000e+00
    endloop
  endfacet
  facet normal 0.000000e+00 0.000000e+00 -1.000000e+00
    outer loop
      vertex 8.862047e-03 3.877288e-02 5.030000e+00
      vertex -1.403716e-02 -8.925858e-02 5.030000e+00
      vertex -1.643495e-02 -8.039907e-02 5.030000e+00
    endloop
  endfacet
  facet normal 0.000000e+00 0.000000e+00 -1.000000e+00
    outer loop
      vertex 8.862047e-03 3.877288e-02 5.030000e+00
      vertex -1.007321e-02 -9.809074e-02 5.030000e+00
      vertex -1.403716e-02 -8.925858e-02 5.030000e+00
    endloop
  endfacet
  facet normal 0.000000e+00 0.000000e+00 -1.000000e+00
    outer loop
      vertex 8.862047e-03 3.877288e-02 5.030000e+00
      vertex -7.076796e-03 -1.024891e-01 5.030000e+00
      vertex -1.007321e-02 -9.809074e-02 5.030000e+00
    endloop
  endfacet
  facet normal 0.000000e+00 0.000000e+00 -1.000000e+00
    outer loop
      vertex 8.862047e-03 3.877288e-02 5.030000e+00
      vertex -4.147037e-03 -1.051084e-01 5.030000e+00
      vertex -7.076796e-03 -1.024891e-01 5.030000e+00
    endloop
  endfacet
  facet normal 0.000000e+00 0.000000e+00 -1.000000e+00
    outer loop
      vertex 8.862047e-03 3.877288e-02 5.030000e+00
      vertex -2.529749e-03 -1.059703e-01 5.030000e+00
      vertex -4.147037e-03 -1.051084e-01 5.030000e+00
    endloop
  endfacet
  facet normal 0.000000e+00 0.000000e+00 -1.000000e+00
    outer loop
      vertex 8.862047e-03 3.877288e-02 5.030000e+00
      vertex 1.863917e-03 -1.067837e-01 5.030000e+00
      vertex -2.529749e-03 -1.059703e-01 5.030000e+00
    endloop
  endfacet
  facet normal 0.000000e+00 0.000000e+00 0.000000e+00
    outer loop
      vertex 8.862047e-03 3.877288e-02 5.030000e+00
      vertex 1.863917e-03 -1.067837e-01 5.030000e+00
      vertex 1.863917e-03 -1.067837e-01 5.030000e+00
    endloop
  endfacet
endsolid blade
