/*--------------------------------*- C++ -*----------------------------------*\
| =========                 |                                                 |
| \\      /  F ield         | OpenFOAM: The Open Source CFD Toolbox           |
|  \\    /   O peration     | Version:  v2012                                 |
|   \\  /    A nd           | Website:  www.openfoam.com                      |
|    \\/     M anipulation  |                                                 |
\*---------------------------------------------------------------------------*/
FoamFile
{
    version     2.0;
    format      ascii;
    class       volScalarField;
    location    "530/domain0";
    object      p_rgh;
}
// * * * * * * * * * * * * * * * * * * * * * * * * * * * * * * * * * * * * * //

dimensions      [1 -1 -2 0 0 0 0];


internalField   nonuniform List<scalar> 
23101
(
105761.71
105761.71
105761.71
105761.71
105761.71
105761.71
105761.71
105761.71
105761.71
105761.71
105761.71
105761.71
105761.71
105761.71
105761.71
105761.71
105761.71
105761.71
105761.71
105761.71
105761.71
105761.71
105761.71
105761.71
105761.71
105761.71
105761.71
105761.71
105761.71
105761.71
105761.71
105761.71
105761.71
105761.71
105761.71
105761.71
105761.71
105761.71
105761.71
105761.71
105761.71
105761.71
105761.71
105761.71
105761.71
105761.71
105761.71
105761.71
105761.71
105761.71
105761.71
105761.71
105761.71
105761.71
105761.71
105761.71
105761.71
105761.71
105761.71
105761.71
105761.71
105761.71
105761.71
105761.71
105761.71
105761.71
105761.71
105761.71
105761.71
105761.71
105761.71
105761.71
105761.71
105761.71
105761.71
105761.71
105761.71
105761.71
105761.71
105761.71
105761.71
105761.71
105761.71
105761.71
105761.71
105761.71
105761.71
105761.71
105761.71
105761.71
105761.71
105761.71
105761.71
105761.71
105761.71
105761.71
105761.71
105761.71
105761.71
105761.71
105761.71
105761.71
105761.71
105761.71
105761.71
105761.71
105761.71
105761.71
105761.71
105761.71
105761.71
105761.71
105761.71
105761.71
105761.71
105761.71
105761.71
105761.71
105761.71
105761.71
105761.71
105761.71
105761.71
105761.71
105761.71
105761.71
105761.71
105761.71
105761.71
105761.71
105761.71
105761.71
105761.71
105761.71
105761.71
105761.71
105761.71
105761.71
105761.71
105761.71
105761.71
105761.71
105761.71
105761.71
105761.71
105761.71
105761.71
105761.71
105761.71
105761.71
105761.71
105761.71
105761.71
105761.71
105761.71
105761.71
105761.71
105761.71
105761.71
105761.71
105761.71
105761.71
105761.71
105761.71
105761.71
105761.71
105761.71
105761.71
105761.71
105761.71
105761.71
105761.71
105761.71
105761.71
105761.71
105761.71
105761.71
105761.71
105761.71
105761.71
105761.71
105761.71
105761.71
105761.71
105761.71
105761.71
105761.71
105761.71
105761.71
105761.71
105761.71
105761.71
105761.71
105761.71
105761.71
105761.71
105761.71
105761.71
105761.71
105761.71
105761.71
105761.71
105761.72
105761.71
105761.71
105761.71
105761.71
105761.71
105761.72
105761.72
105761.71
105761.71
105761.72
105761.71
105761.72
105761.72
105761.71
105761.71
105761.72
105761.72
105761.71
105761.72
105761.72
105761.71
105761.71
105761.71
105761.71
105761.71
105761.71
105761.72
105761.71
105761.72
105761.72
105761.71
105761.71
105761.71
105761.71
105761.71
105761.71
105761.71
105761.71
105761.72
105761.71
105761.71
105761.71
105761.71
105761.71
105761.71
105761.71
105761.72
105761.71
105761.71
105761.71
105761.71
105761.71
105761.71
105761.71
105761.71
105761.71
105761.71
105761.71
105761.71
105761.71
105761.71
105761.71
105761.71
105761.71
105761.71
105761.71
105761.71
105761.71
105761.71
105761.71
105761.71
105761.71
105761.71
105761.71
105761.71
105761.72
105761.72
105761.71
105761.71
105761.71
105761.71
105761.71
105761.71
105761.71
105761.71
105761.72
105761.72
105761.71
105761.71
105761.71
105761.71
105761.71
105761.71
105761.72
105761.71
105761.71
105761.72
105761.72
105761.72
105761.72
105761.72
105761.72
105761.72
105761.72
105761.72
105761.72
105761.72
105761.72
105761.72
105761.72
105761.72
105761.72
105761.72
105761.72
105761.72
105761.72
105761.72
105761.72
105761.72
105761.72
105761.72
105761.72
105761.72
105761.72
105761.72
105761.72
105761.72
105761.72
105761.72
105761.72
105761.72
105761.72
105761.72
105761.72
105761.72
105761.72
105761.72
105761.72
105761.72
105761.72
105761.72
105761.72
105761.72
105761.72
105761.72
105761.72
105761.72
105761.72
105761.72
105761.72
105761.72
105761.72
105761.72
105761.72
105761.72
105761.72
105761.72
105761.72
105761.72
105761.72
105761.72
105761.72
105761.72
105761.72
105761.72
105761.72
105761.72
105761.72
105761.72
105761.72
105761.72
105761.72
105761.72
105761.72
105761.72
105761.72
105761.72
105761.72
105761.72
105761.72
105761.72
105761.72
105761.72
105761.72
105761.72
105761.72
105761.72
105761.72
105761.72
105761.72
105761.72
105761.72
105761.72
105761.72
105761.72
105761.72
105761.72
105761.72
105761.72
105761.72
105761.72
105761.72
105761.72
105761.72
105761.72
105761.72
105761.72
105761.72
105761.72
105761.72
105761.72
105761.72
105761.72
105761.72
105761.72
105761.72
105761.72
105761.72
105761.72
105761.72
105761.72
105761.72
105761.72
105761.72
105761.72
105761.72
105761.72
105761.72
105761.72
105761.72
105761.72
105761.72
105761.72
105761.72
105761.72
105761.72
105761.72
105761.72
105761.72
105761.72
105761.72
105761.72
105761.72
105761.72
105761.72
105761.72
105761.72
105761.72
105761.72
105761.72
105761.72
105761.72
105761.72
105761.72
105761.72
105761.72
105761.72
105761.72
105761.72
105761.72
105761.72
105761.72
105761.72
105761.72
105761.72
105761.73
105761.72
105761.72
105761.72
105761.72
105761.72
105761.72
105761.72
105761.72
105761.72
105761.72
105761.72
105761.72
105761.72
105761.72
105761.72
105761.72
105761.72
105761.72
105761.72
105761.72
105761.72
105761.72
105761.72
105761.72
105761.72
105761.72
105761.72
105761.72
105761.72
105761.72
105761.72
105761.72
105761.72
105761.72
105761.72
105761.72
105761.72
105761.72
105761.72
105761.73
105761.72
105761.72
105761.72
105761.72
105761.72
105761.72
105761.72
105761.72
105761.72
105761.72
105761.73
105761.72
105761.72
105761.72
105761.72
105761.72
105761.72
105761.72
105761.72
105761.72
105761.72
105761.72
105761.72
105761.72
105761.72
105761.72
105761.72
105761.72
105761.72
105761.72
105761.72
105761.72
105761.72
105761.72
105761.72
105761.72
105761.72
105761.72
105761.72
105761.72
105761.72
105761.72
105761.72
105761.72
105761.72
105761.72
105761.72
105761.72
105761.72
105761.72
105761.72
105761.72
105761.71
105761.72
105761.72
105761.72
105761.72
105761.72
105761.72
105761.72
105761.72
105761.72
105761.72
105761.72
105761.72
105761.72
105761.72
105761.72
105761.72
105761.72
105761.72
105761.72
105761.72
105761.72
105761.72
105761.72
105761.72
105761.72
105761.72
105761.72
105761.72
105761.72
105761.72
105761.72
105761.72
105761.72
105761.72
105761.72
105761.72
105761.72
105761.72
105761.71
105761.71
105761.72
105761.71
105761.71
105761.72
105761.72
105761.72
105761.72
105761.72
105761.72
105761.72
105761.72
105761.72
105761.72
105761.72
105761.72
105761.72
105761.72
105761.72
105761.72
105761.72
105761.72
105761.72
105761.72
105761.72
105761.72
105761.72
105761.72
105761.72
105761.72
105761.72
105761.72
105761.72
105761.72
105761.72
105761.72
105761.72
105761.72
105761.72
105761.72
105761.72
105761.72
105761.72
105761.72
105761.72
105761.72
105761.72
105761.72
105761.72
105761.72
105761.58
105761.72
105761.72
105761.71
105761.72
105761.72
105761.72
105761.72
105761.72
105761.72
105761.72
105761.72
105761.72
105761.71
105761.72
105761.72
105761.72
105761.71
105761.72
105761.72
105761.72
105761.72
105761.72
105761.72
105761.72
105761.71
105761.72
105761.7
105761.71
105761.71
105761.72
105761.72
105761.72
105761.71
105761.71
105761.71
105761.72
105761.71
105761.71
105761.72
105761.72
105761.72
105761.72
105761.71
105761.71
105761.71
105761.71
105761.72
105761.71
105761.7
105761.7
105761.7
105761.7
105761.7
105761.72
105761.71
105761.71
105761.71
105761.7
105761.7
105761.7
105761.7
105761.71
105761.72
105761.72
105761.73
105761.71
105761.72
105761.71
105761.71
105761.72
105761.71
105761.71
105761.71
105761.72
105761.72
105761.71
105761.71
105761.72
105761.72
105761.71
105761.71
105761.71
105761.71
105761.72
105761.7
105761.69
105761.71
105761.71
105761.72
105761.71
105761.71
105761.71
105761.71
105761.72
105761.71
105761.69
105761.71
105761.71
105761.68
105761.63
105761.71
105761.71
105761.7
105761.71
105761.72
105761.71
105761.71
105761.71
105761.71
105761.71
105761.71
105761.71
105761.7
105761.7
105761.71
105761.71
105761.7
105761.7
105761.71
105761.71
105761.71
105761.71
105761.7
105761.71
105761.69
105761.7
105761.68
105761.69
105761.7
105761.7
105761.71
105761.71
105761.69
105761.69
105761.69
105761.7
105761.69
105761.69
105761.7
105761.7
105761.71
105761.71
105761.7
105761.7
105761.7
105761.67
105761.68
105761.68
105761.68
105761.68
105761.68
105761.68
105761.68
105761.7
105761.71
105761.69
105761.7
105761.68
105761.67
105761.67
105761.68
105761.7
105761.7
105761.74
105761.72
105761.7
105761.7
105761.7
105761.69
105761.69
105761.7
105761.7
105761.7
105761.73
105761.7
105761.69
105761.69
105761.7
105761.7
105761.7
105761.7
105761.7
105761.7
105761.71
105761.67
105761.65
105761.68
105761.69
105761.66
105761.69
105761.7
105761.7
105761.7
105761.7
105761.67
105761.66
105761.69
105761.68
105761.61
105761.69
105761.7
105761.7
105761.7
105761.68
105761.72
105761.69
105761.7
105761.7
105761.7
105761.7
105761.7
105761.7
105761.69
105761.67
105761.71
105761.7
105761.69
105761.69
105761.7
105761.7
105761.7
105761.7
105761.69
105761.68
105761.68
105761.66
105761.66
105761.67
105761.69
105761.69
105761.69
105761.69
105761.68
105761.67
105761.68
105761.68
105761.67
105761.66
105761.67
105761.67
105761.68
105761.69
105761.67
105761.69
105761.67
105761.64
105761.67
105761.66
105761.66
105761.66
105761.67
105761.66
105761.66
105761.68
105761.73
105761.68
105761.68
105761.67
105761.66
105761.65
105761.66
105761.68
105761.68
105761.69
105761.68
105761.68
105761.69
105761.69
105761.68
105761.67
105761.67
105761.68
105761.69
105761.69
105761.65
105761.66
105761.67
105761.68
105761.68
105761.68
105761.68
105761.69
105761.69
105761.68
105761.67
105761.64
105761.67
105761.67
105761.65
105761.69
105761.69
105761.69
105761.69
105761.66
105761.66
105761.64
105761.68
105761.65
105761.6
105761.69
105761.69
105761.7
105761.69
105761.65
105761.68
105761.67
105761.68
105761.69
105761.69
105761.69
105761.69
105761.69
105761.68
105761.65
105761.72
105761.67
105761.68
105761.67
105761.69
105761.69
105761.68
105761.69
105761.68
105761.66
105761.66
105761.63
105761.64
105761.65
105761.68
105761.68
105761.68
105761.68
105761.66
105761.65
105761.67
105761.67
105761.66
105761.65
105761.65
105761.66
105761.66
105761.66
105761.64
105761.69
105761.67
105761.64
105761.7
105761.64
105761.65
105761.65
105761.65
105761.65
105761.64
105761.69
105761.7
105761.66
105761.66
105761.67
105761.67
105761.65
105761.64
105761.67
105761.67
105761.61
105761.65
105761.66
105761.67
105761.67
105761.67
105761.66
105761.66
105761.66
105761.67
105761.65
105761.65
105761.64
105761.65
105761.66
105761.67
105761.67
105761.67
105761.67
105761.68
105761.65
105761.67
105761.64
105761.66
105761.67
105761.65
105761.67
105761.67
105761.68
105761.68
105761.65
105761.65
105761.64
105761.67
105761.63
105761.6
105761.66
105761.67
105761.68
105761.68
105761.65
105761.65
105761.66
105761.67
105761.67
105761.67
105761.67
105761.68
105761.69
105761.68
105761.64
105761.73
105761.66
105761.66
105761.67
105761.67
105761.67
105761.67
105761.68
105761.67
105761.64
105761.65
105761.62
105761.64
105761.65
105761.67
105761.67
105761.67
105761.67
105761.64
105761.65
105761.66
105761.65
105761.65
105761.66
105761.65
105761.65
105761.65
105761.65
105761.63
105761.69
105761.68
105761.66
105761.69
105761.63
105761.65
105761.66
105761.67
105761.68
105761.66
105761.69
105761.65
105761.65
105761.64
105761.66
105761.64
105761.62
105761.61
105761.63
105761.63
105761.61
105761.64
105761.64
105761.65
105761.65
105761.65
105761.64
105761.63
105761.64
105761.66
105761.64
105761.67
105761.62
105761.64
105761.65
105761.66
105761.66
105761.65
105761.65
105761.66
105761.64
105761.67
105761.64
105761.65
105761.66
105761.65
105761.66
105761.66
105761.66
105761.65
105761.65
105761.64
105761.64
105761.66
105761.62
105761.59
105761.65
105761.66
105761.67
105761.64
105761.66
105761.64
105761.64
105761.66
105761.65
105761.64
105761.65
105761.66
105761.67
105761.66
105761.64
105761.7
105761.64
105761.65
105761.66
105761.65
105761.65
105761.66
105761.66
105761.66
105761.63
105761.64
105761.62
105761.64
105761.65
105761.66
105761.66
105761.66
105761.66
105761.62
105761.65
105761.66
105761.64
105761.65
105761.66
105761.65
105761.65
105761.64
105761.65
105761.62
105761.69
105761.69
105761.64
105761.65
105761.61
105761.62
105761.63
105761.63
105761.66
105761.67
105761.69
105761.63
105761.64
105761.63
105761.64
105761.63
105761.61
105761.6
105761.6
105761.6
105761.61
105761.64
105761.61
105761.62
105761.63
105761.63
105761.63
105761.63
105761.64
105761.64
105761.62
105761.67
105761.59
105761.62
105761.64
105761.65
105761.65
105761.66
105761.65
105761.65
105761.63
105761.67
105761.63
105761.65
105761.66
105761.65
105761.66
105761.66
105761.65
105761.65
105761.66
105761.63
105761.64
105761.65
105761.61
105761.59
105761.64
105761.64
105761.64
105761.64
105761.66
105761.63
105761.64
105761.64
105761.63
105761.62
105761.63
105761.64
105761.65
105761.64
105761.64
105761.66
105761.63
105761.65
105761.65
105761.62
105761.62
105761.63
105761.65
105761.64
105761.63
105761.65
105761.62
105761.64
105761.64
105761.64
105761.64
105761.64
105761.65
105761.62
105761.65
105761.66
105761.62
105761.65
105761.66
105761.66
105761.66
105761.64
105761.63
105761.62
105761.69
105761.74
105761.64
105761.64
105761.61
105761.6
105761.62
105761.63
105761.67
105761.66
105761.72
105761.64
105761.62
105761.62
105761.61
105761.61
105761.63
105761.62
105761.61
105761.59
105761.58
105761.67
105761.6
105761.61
105761.62
105761.62
105761.63
105761.64
105761.63
105761.61
105761.6
105761.69
105761.59
105761.62
105761.64
105761.64
105761.65
105761.66
105761.63
105761.61
105761.66
105761.69
105761.62
105761.63
105761.65
105761.65
105761.64
105761.64
105761.61
105761.61
105761.69
105761.64
105761.63
105761.62
105761.6
105761.59
105761.6
105761.62
105761.61
105761.62
105761.68
105761.62
105761.64
105761.62
105761.6
105761.59
105761.59
105761.6
105761.62
105761.63
105761.66
105761.65
105761.63
105761.64
105761.62
105761.59
105761.59
105761.59
105761.62
105761.62
105761.65
105761.65
105761.62
105761.62
105761.62
105761.61
105761.61
105761.6
105761.63
105761.62
105761.67
105761.69
105761.62
105761.65
105761.69
105761.69
105761.69
105761.67
105761.63
105761.62
105761.7
105761.86
105761.76
105761.73
105761.71
105761.71
105761.73
105761.75
105761.78
105761.76
105761.82
105761.78
105761.61
105761.58
105761.6
105761.61
105761.62
105761.63
105761.62
105761.59
105761.66
105761.8
105761.62
105761.63
105761.63
105761.63
105761.64
105761.65
105761.66
105761.64
105761.74
105761.78
105761.59
105761.63
105761.63
105761.64
105761.64
105761.64
105761.66
105761.67
105761.8
105761.78
105761.6
105761.63
105761.64
105761.64
105761.63
105761.63
105761.64
105761.64
105761.79
105761.75
105761.61
105761.63
105761.62
105761.61
105761.6
105761.62
105761.63
105761.62
105761.78
105761.68
105761.63
105761.62
105761.62
105761.61
105761.61
105761.61
105761.65
105761.64
105761.77
105761.62
105761.63
105761.63
105761.64
105761.64
105761.63
105761.67
105761.69
105761.62
105761.76
105761.6
105761.59
105761.59
105761.59
105761.62
105761.63
105761.68
105761.65
105761.6
105761.77
105761.79
105761.7
105761.73
105761.78
105761.79
105761.8
105761.8
105761.67
105761.59
105761.79
105761.72
105761.72
105761.72
105761.72
105761.72
105761.72
105761.81
105761.72
105761.72
105761.72
105761.72
105761.72
105761.81
105761.72
105761.72
105761.72
105761.72
105761.72
105761.81
105761.72
105761.72
105761.72
105761.72
105761.72
105761.81
105761.72
105761.72
105761.72
105761.72
105761.72
105761.72
105761.72
105761.72
105761.72
105761.72
105761.72
105761.72
105761.72
105761.72
105761.72
105761.72
105761.72
105761.72
105761.72
105761.72
105761.72
105761.72
105761.72
105761.72
105761.72
105761.72
105761.72
105761.72
105761.72
105761.72
105761.72
105761.72
105761.72
105761.72
105761.72
105761.72
105761.72
105761.72
105761.72
105761.72
105761.72
105761.72
105761.72
105761.72
105761.72
105761.72
105761.72
105761.72
105761.72
105761.72
105761.72
105761.72
105761.72
105761.72
105761.72
105761.72
105761.72
105761.72
105761.72
105761.72
105761.72
105761.72
105761.72
105761.72
105761.72
105761.72
105761.72
105761.72
105761.72
105761.72
105761.72
105761.72
105761.72
105761.72
105761.72
105761.72
105761.72
105761.72
105761.72
105761.72
105761.72
105761.72
105761.72
105761.72
105761.72
105761.72
105761.72
105761.72
105761.72
105761.72
105761.72
105761.72
105761.72
105761.72
105761.72
105761.72
105761.72
105761.72
105761.72
105761.72
105761.72
105761.72
105761.72
105761.72
105761.72
105761.72
105761.72
105761.72
105761.72
105761.72
105761.72
105761.72
105761.72
105761.72
105761.72
105761.72
105761.72
105761.72
105761.72
105761.72
105761.72
105761.72
105761.72
105761.72
105761.72
105761.72
105761.72
105761.72
105761.72
105761.71
105761.72
105761.72
105761.72
105761.72
105761.72
105761.72
105761.72
105761.72
105761.72
105761.72
105761.72
105761.72
105761.72
105761.72
105761.72
105761.58
105761.72
105761.72
105761.72
105761.58
105761.72
105761.58
105761.72
105761.72
105761.71
105761.59
105761.72
105761.58
105761.72
105761.72
105761.71
105761.53
105761.71
105761.71
105761.72
105761.72
105761.72
105761.56
105761.72
105761.71
105761.71
105761.72
105761.74
105761.73
105761.72
105761.72
105761.74
105761.72
105761.73
105761.72
105761.72
105761.77
105761.77
105761.72
105761.72
105761.72
105761.72
105761.72
105761.72
105761.72
105761.68
105761.72
105761.72
105761.68
105761.72
105761.72
105761.72
105761.72
105761.71
105761.72
105761.72
105761.72
105761.72
105761.72
105761.72
105761.71
105761.72
105761.72
105761.72
105761.71
105761.64
105761.63
105761.56
105761.69
105761.7
105761.66
105761.72
105761.72
105761.73
105761.73
105761.72
105761.72
105761.72
105761.72
105761.72
105761.73
105761.73
105761.72
105761.72
105761.72
105761.72
105761.72
105761.73
105761.72
105761.72
105761.72
105761.72
105761.72
105761.72
105761.73
105761.72
105761.72
105761.72
105761.72
105761.72
105761.73
105761.72
105761.72
105761.72
105761.72
105761.72
105761.72
105761.73
105761.72
105761.72
105761.72
105761.72
105761.72
105761.72
105761.73
105761.72
105761.72
105761.72
105761.72
105761.72
105761.72
105761.74
105761.73
105761.72
105761.72
105761.72
105761.74
105761.73
105761.72
105761.72
105761.77
105761.77
105761.72
105761.72
105761.72
105761.72
105761.72
105761.72
105761.75
105761.72
105761.72
105761.75
105761.72
105761.72
105761.77
105761.77
105761.72
105761.72
105761.74
105761.73
105761.72
105761.72
105761.75
105761.72
105761.72
105761.72
105761.72
105761.72
105761.72
105761.72
105761.75
105761.72
105761.72
105761.72
105761.73
105761.72
105761.72
105761.72
105761.72
105761.72
105761.72
105761.73
105761.72
105761.72
105761.72
105761.72
105761.72
105761.77
105761.77
105761.72
105761.74
105761.72
105761.73
105761.72
105761.72
105761.75
105761.72
105761.72
105761.72
105761.72
105761.72
105761.72
105761.72
105761.75
105761.72
105761.72
105761.74
105761.72
105761.73
105761.72
105761.72
105761.74
105761.72
105761.73
105761.72
105761.72
105761.75
105761.72
105761.72
105761.75
105761.72
105761.72
105761.72
105761.72
105761.72
105761.72
105761.72
105761.72
105761.73
105761.72
105761.72
105761.72
105761.72
105761.72
105761.72
105761.73
105761.72
105761.72
105761.72
105761.72
105761.72
105761.72
105761.73
105761.72
105761.72
105761.72
105761.72
105761.72
105761.72
105761.72
105761.72
105761.71
105761.72
105761.72
105761.72
105761.72
105761.72
105761.72
105761.71
105761.72
105761.72
105761.72
105761.72
105761.72
105761.72
105761.71
105761.72
105761.72
105761.72
105761.72
105761.68
105761.72
105761.72
105761.68
105761.72
105761.69
105761.72
105761.63
105761.72
105761.7
105761.69
105761.73
105761.63
105761.72
105761.7
105761.61
105761.61
105761.69
105761.72
105761.72
105761.72
105761.72
105761.72
105761.72
105761.69
105761.72
105761.69
105761.72
105761.64
105761.72
105761.7
105761.61
105761.62
105761.69
105761.69
105761.72
105761.64
105761.72
105761.7
105761.72
105761.72
105761.72
105761.71
105761.72
105761.72
105761.72
105761.72
105761.72
105761.72
105761.71
105761.72
105761.72
105761.72
105761.72
105761.72
105761.72
105761.72
105761.72
105761.72
105761.68
105761.72
105761.69
105761.63
105761.72
105761.72
105761.69
105761.61
105761.61
105761.68
105761.69
105761.63
105761.72
105761.72
105761.69
105761.72
105761.69
105761.72
105761.72
105761.68
105761.72
105761.72
105761.72
105761.72
105761.72
105761.72
105761.61
105761.61
105761.68
105761.69
105761.64
105761.72
105761.72
105761.69
105761.69
105761.63
105761.72
105761.72
105761.69
105761.72
105761.72
105761.72
105761.71
105761.72
105761.72
105761.72
105761.72
105761.63
105761.64
105761.57
105761.7
105761.67
105761.68
105761.72
105761.64
105761.64
105761.57
105761.7
105761.68
105761.71
105761.69
105761.63
105761.63
105761.56
105761.68
105761.66
105761.66
105761.72
105761.72
105761.72
105761.72
105761.72
105761.72
105761.72
105761.72
105761.72
105761.72
105761.72
105761.72
105761.72
105761.72
105761.72
105761.72
105761.72
105761.72
105761.72
105761.72
105761.72
105761.72
105761.72
105761.72
105761.72
105761.72
105761.72
105761.72
105761.72
105761.72
105761.72
105761.72
105761.72
105761.72
105761.72
105761.72
105761.72
105761.72
105761.72
105761.72
105761.72
105761.72
105761.72
105761.72
105761.72
105761.72
105761.72
105761.72
105761.72
105761.72
105761.72
105761.72
105761.72
105761.72
105761.72
105761.72
105761.72
105761.72
105761.72
105761.72
105761.72
105761.72
105761.72
105761.72
105761.72
105761.72
105761.72
105761.72
105761.72
105761.72
105761.72
105761.72
105761.72
105761.72
105761.72
105761.72
105761.82
105761.72
105761.72
105761.72
105761.72
105761.72
105761.72
105761.72
105761.72
105761.72
105761.72
105761.72
105761.72
105761.72
105761.72
105761.72
105761.72
105761.72
105761.72
105761.72
105761.72
105761.72
105761.72
105761.72
105761.72
105761.72
105761.72
105761.72
105761.72
105761.72
105761.72
105761.72
105761.72
105761.72
105761.72
105761.72
105761.72
105761.72
105761.72
105761.72
105761.72
105761.72
105761.72
105761.69
105761.72
105761.72
105761.72
105761.72
105761.72
105761.72
105761.72
105761.69
105761.72
105761.72
105761.72
105761.7
105761.72
105761.72
105761.71
105761.72
105761.72
105761.72
105761.72
105761.72
105761.72
105761.72
105761.72
105761.72
105761.72
105761.72
105761.72
105761.72
105761.72
105761.72
105761.72
105761.72
105761.7
105761.72
105761.71
105761.72
105761.72
105761.72
105761.72
105761.72
105761.72
105761.72
105761.72
105761.72
105761.72
105761.72
105761.72
105761.72
105761.72
105761.72
105761.72
105761.72
105761.72
105761.72
105761.72
105761.72
105761.71
105761.72
105761.72
105761.72
105761.72
105761.72
105761.72
105761.72
105761.72
105761.72
105761.66
105761.72
105761.71
105761.72
105761.71
105761.72
105761.72
105761.72
105761.71
105761.72
105761.71
105761.71
105761.72
105761.72
105761.72
105761.72
105761.71
105761.72
105761.72
105761.71
105761.65
105761.72
105761.72
105761.7
105761.69
105761.72
105761.63
105761.59
105761.59
105761.58
105761.6
105761.62
105761.61
105761.72
105761.72
105761.72
105761.71
105761.71
105761.71
105761.71
105761.72
105761.72
105761.72
105761.72
105761.71
105761.72
105761.72
105761.72
105761.72
105761.72
105761.71
105761.71
105761.72
105761.72
105761.72
105761.72
105761.72
105761.72
105761.72
105761.72
105761.72
105761.72
105761.72
105761.72
105761.72
105761.72
105761.72
105761.72
105761.72
105761.72
105761.8
105761.8
105761.72
105761.72
105761.76
105761.72
105761.72
105761.72
105761.72
105761.72
105761.72
105761.72
105761.72
105761.72
105761.8
105761.8
105761.72
105761.72
105761.76
105761.72
105761.72
105761.72
105761.72
105761.72
105761.72
105761.72
105761.72
105761.72
105761.72
105761.72
105761.72
105761.72
105761.72
105761.72
105761.72
105761.8
105761.8
105761.72
105761.72
105761.76
105761.72
105761.72
105761.72
105761.72
105761.72
105761.72
105761.72
105761.72
105761.72
105761.8
105761.8
105761.77
105761.72
105761.72
105761.72
105761.72
105761.72
105761.72
105761.72
105761.72
105761.72
105761.72
105761.72
105761.72
105761.72
105761.72
105761.72
105761.72
105761.72
105761.72
105761.72
105761.72
105761.72
105761.72
105761.72
105761.72
105761.72
105761.72
105761.72
105761.72
105761.72
105761.72
105761.72
105761.74
105761.72
105761.72
105761.72
105761.73
105761.72
105761.72
105761.72
105761.72
105761.72
105761.72
105761.72
105761.72
105761.72
105761.74
105761.72
105761.72
105761.72
105761.73
105761.72
105761.72
105761.72
105761.72
105761.72
105761.72
105761.72
105761.72
105761.72
105761.72
105761.72
105761.72
105761.72
105761.72
105761.72
105761.72
105761.72
105761.72
105761.72
105761.72
105761.72
105761.72
105761.72
105761.74
105761.72
105761.72
105761.73
105761.72
105761.72
105761.82
105761.75
105761.75
105761.72
105761.72
105761.72
105761.72
105761.72
105761.72
105761.82
105761.74
105761.74
105761.72
105761.72
105761.72
105761.72
105761.72
105761.72
105761.72
105761.72
105761.72
105761.72
105761.72
105761.72
105761.72
105761.72
105761.72
105761.74
105761.72
105761.72
105761.73
105761.72
105761.72
105761.72
105761.72
105761.72
105761.72
105761.72
105761.72
105761.72
105761.72
105761.74
105761.72
105761.72
105761.72
105761.73
105761.72
105761.72
105761.72
105761.72
105761.72
105761.72
105761.72
105761.72
105761.82
105761.72
105761.72
105761.72
105761.72
105761.72
105761.72
105761.74
105761.74
105761.72
105761.72
105761.72
105761.72
105761.72
105761.72
105761.74
105761.74
105761.72
105761.74
105761.72
105761.72
105761.72
105761.72
105761.73
105761.72
105761.72
105761.72
105761.72
105761.72
105761.72
105761.72
105761.72
105761.72
105761.72
105761.72
105761.72
105761.72
105761.72
105761.72
105761.72
105761.72
105761.72
105761.72
105761.72
105761.72
105761.72
105761.74
105761.72
105761.72
105761.73
105761.72
105761.72
105761.72
105761.74
105761.72
105761.72
105761.72
105761.73
105761.72
105761.72
105761.72
105761.72
105761.72
105761.72
105761.72
105761.72
105761.72
105761.72
105761.72
105761.72
105761.72
105761.72
105761.72
105761.72
105761.72
105761.72
105761.7
105761.72
105761.72
105761.71
105761.72
105761.71
105761.72
105761.72
105761.72
105761.72
105761.72
105761.72
105761.72
105761.72
105761.7
105761.71
105761.72
105761.72
105761.72
105761.72
105761.72
105761.72
105761.72
105761.72
105761.72
105761.72
105761.71
105761.72
105761.72
105761.72
105761.72
105761.72
105761.72
105761.72
105761.72
105761.72
105761.72
105761.72
105761.72
105761.72
105761.72
105761.72
105761.7
105761.72
105761.71
105761.72
105761.72
105761.71
105761.72
105761.72
105761.72
105761.72
105761.72
105761.69
105761.69
105761.72
105761.72
105761.73
105761.72
105761.72
105761.71
105761.59
105761.69
105761.72
105761.72
105761.72
105761.72
105761.72
105761.71
105761.58
105761.72
105761.72
105761.72
105761.7
105761.72
105761.72
105761.71
105761.72
105761.71
105761.72
105761.72
105761.72
105761.72
105761.72
105761.72
105761.72
105761.72
105761.7
105761.71
105761.72
105761.72
105761.72
105761.72
105761.72
105761.72
105761.72
105761.72
105761.72
105761.72
105761.71
105761.72
105761.72
105761.72
105761.72
105761.72
105761.69
105761.59
105761.72
105761.72
105761.72
105761.72
105761.72
105761.7
105761.69
105761.69
105761.58
105761.72
105761.72
105761.72
105761.72
105761.72
105761.7
105761.72
105761.72
105761.72
105761.72
105761.72
105761.72
105761.72
105761.72
105761.71
105761.72
105761.72
105761.72
105761.72
105761.72
105761.72
105761.72
105761.72
105761.7
105761.72
105761.72
105761.71
105761.72
105761.71
105761.72
105761.72
105761.72
105761.72
105761.72
105761.72
105761.72
105761.72
105761.72
105761.72
105761.72
105761.72
105761.72
105761.71
105761.72
105761.72
105761.72
105761.72
105761.72
105761.72
105761.72
105761.65
105761.72
105761.71
105761.72
105761.7
105761.72
105761.73
105761.65
105761.72
105761.72
105761.72
105761.7
105761.65
105761.59
105761.59
105761.58
105761.6
105761.61
105761.62
105761.65
105761.59
105761.59
105761.58
105761.62
105761.6
105761.62
105761.72
105761.72
105761.67
105761.72
105761.71
105761.72
105761.72
105761.63
105761.59
105761.59
105761.58
105761.6
105761.6
105761.61
105761.7
105761.65
105761.72
105761.71
105761.7
105761.69
105761.71
105761.72
105761.66
105761.72
105761.72
105761.7
105761.72
105761.72
105761.71
105761.65
105761.72
105761.71
105761.7
105761.69
105761.72
105761.78
105761.81
105761.79
105761.73
105761.76
105761.72
105761.73
105761.72
105761.77
105761.76
105761.72
105761.73
105761.72
105761.77
105761.75
105761.78
105761.72
105761.73
105761.72
105761.72
105761.75
105761.76
105761.72
105761.73
105761.72
105761.72
105761.8
105761.8
105761.78
105761.81
105761.79
105761.73
105761.76
105761.72
105761.73
105761.72
105761.77
105761.76
105761.72
105761.73
105761.77
105761.72
105761.75
105761.78
105761.72
105761.72
105761.72
105761.72
105761.8
105761.8
105761.75
105761.76
105761.72
105761.72
105761.72
105761.72
105761.83
105761.74
105761.81
105761.83
105761.74
105761.81
105761.81
105761.73
105761.73
105761.8
105761.7
105761.66
105761.66
105761.71
105761.71
105761.72
105761.72
105761.72
105761.72
105761.71
105761.72
105761.72
105761.72
105761.72
105761.7
105761.72
105761.71
105761.68
105761.72
105761.72
105761.72
105761.72
105761.71
105761.68
105761.72
105761.72
105761.72
105761.72
105761.71
105761.71
105761.7
105761.68
105761.7
105761.69
105761.66
105761.72
105761.7
105761.69
105761.71
105761.71
105761.69
105761.68
105761.7
105761.69
105761.66
105761.71
105761.7
105761.69
105761.72
105761.72
105761.72
105761.72
105761.72
105761.71
105761.72
105761.72
105761.7
105761.72
105761.71
105761.72
105761.71
105761.72
105761.72
105761.72
105761.72
105761.72
105761.72
105761.71
105761.72
105761.72
105761.7
105761.72
105761.72
105761.71
105761.72
105761.72
105761.64
105761.59
105761.65
105761.67
105761.61
105761.64
105761.67
105761.64
105761.59
105761.65
105761.66
105761.61
105761.63
105761.66
105761.72
105761.78
105761.72
105761.72
105761.72
105761.72
105761.74
105761.72
105761.77
105761.72
105761.72
105761.72
105761.72
105761.74
105761.72
105761.78
105761.72
105761.72
105761.72
105761.72
105761.75
105761.72
105761.77
105761.72
105761.72
105761.72
105761.72
105761.75
105761.72
105761.77
105761.72
105761.72
105761.72
105761.72
105761.75
105761.72
105761.77
105761.72
105761.72
105761.72
105761.72
105761.75
105761.72
105761.78
105761.72
105761.72
105761.75
105761.72
105761.72
105761.72
105761.77
105761.72
105761.72
105761.75
105761.72
105761.72
105761.72
105761.74
105761.72
105761.72
105761.72
105761.72
105761.73
105761.72
105761.72
105761.72
105761.72
105761.72
105761.73
105761.72
105761.72
105761.74
105761.72
105761.72
105761.72
105761.72
105761.73
105761.72
105761.72
105761.72
105761.72
105761.72
105761.73
105761.72
105761.72
105761.74
105761.72
105761.72
105761.72
105761.73
105761.72
105761.72
105761.72
105761.72
105761.72
105761.72
105761.73
105761.72
105761.78
105761.81
105761.79
105761.73
105761.76
105761.72
105761.73
105761.77
105761.72
105761.76
105761.72
105761.73
105761.77
105761.72
105761.75
105761.78
105761.72
105761.73
105761.72
105761.72
105761.75
105761.77
105761.72
105761.73
105761.72
105761.72
105761.8
105761.8
105761.78
105761.81
105761.79
105761.73
105761.76
105761.72
105761.73
105761.77
105761.72
105761.76
105761.72
105761.73
105761.77
105761.72
105761.75
105761.78
105761.72
105761.72
105761.72
105761.72
105761.75
105761.76
105761.72
105761.73
105761.72
105761.72
105761.8
105761.8
105761.83
105761.74
105761.81
105761.83
105761.74
105761.81
105761.81
105761.73
105761.73
105761.8
105761.75
105761.78
105761.78
105761.73
105761.73
105761.72
105761.73
105761.72
105761.72
105761.73
105761.72
105761.73
105761.72
105761.72
105761.73
105761.76
105761.72
105761.73
105761.72
105761.72
105761.73
105761.76
105761.72
105761.73
105761.72
105761.72
105761.74
105761.72
105761.75
105761.73
105761.75
105761.72
105761.73
105761.74
105761.78
105761.73
105761.73
105761.74
105761.75
105761.73
105761.75
105761.72
105761.73
105761.74
105761.78
105761.73
105761.73
105761.74
105761.83
105761.74
105761.81
105761.83
105761.74
105761.81
105761.81
105761.73
105761.73
105761.8
105761.78
105761.81
105761.79
105761.73
105761.76
105761.72
105761.73
105761.72
105761.77
105761.76
105761.72
105761.73
105761.72
105761.77
105761.75
105761.78
105761.72
105761.72
105761.72
105761.72
105761.75
105761.77
105761.72
105761.73
105761.72
105761.72
105761.8
105761.8
105761.75
105761.73
105761.75
105761.72
105761.73
105761.74
105761.78
105761.73
105761.73
105761.74
105761.74
105761.78
105761.78
105761.73
105761.73
105761.72
105761.73
105761.72
105761.72
105761.73
105761.72
105761.72
105761.72
105761.72
105761.73
105761.76
105761.72
105761.73
105761.72
105761.72
105761.73
105761.76
105761.72
105761.72
105761.72
105761.72
105761.74
105761.72
105761.75
105761.73
105761.75
105761.72
105761.73
105761.74
105761.78
105761.73
105761.73
105761.74
105761.72
105761.74
105761.72
105761.72
105761.73
105761.72
105761.72
105761.72
105761.72
105761.72
105761.72
105761.73
105761.72
105761.72
105761.72
105761.74
105761.72
105761.72
105761.72
105761.72
105761.73
105761.72
105761.72
105761.72
105761.72
105761.72
105761.73
105761.72
105761.83
105761.74
105761.81
105761.83
105761.74
105761.81
105761.81
105761.73
105761.73
105761.8
105761.78
105761.81
105761.79
105761.73
105761.76
105761.72
105761.73
105761.72
105761.77
105761.76
105761.72
105761.73
105761.77
105761.72
105761.75
105761.78
105761.72
105761.72
105761.72
105761.72
105761.8
105761.8
105761.75
105761.76
105761.72
105761.72
105761.72
105761.72
105761.75
105761.73
105761.75
105761.72
105761.73
105761.74
105761.78
105761.73
105761.73
105761.74
105761.74
105761.78
105761.78
105761.73
105761.73
105761.72
105761.72
105761.72
105761.72
105761.73
105761.72
105761.72
105761.72
105761.72
105761.73
105761.76
105761.72
105761.72
105761.72
105761.72
105761.73
105761.76
105761.72
105761.72
105761.72
105761.72
105761.74
105761.72
105761.75
105761.73
105761.75
105761.72
105761.73
105761.74
105761.78
105761.73
105761.73
105761.74
105761.78
105761.81
105761.79
105761.73
105761.76
105761.72
105761.73
105761.72
105761.77
105761.76
105761.72
105761.73
105761.72
105761.77
105761.75
105761.78
105761.72
105761.72
105761.72
105761.72
105761.8
105761.8
105761.75
105761.76
105761.72
105761.73
105761.72
105761.72
105761.78
105761.81
105761.79
105761.73
105761.76
105761.72
105761.73
105761.72
105761.77
105761.76
105761.72
105761.73
105761.72
105761.77
105761.75
105761.78
105761.72
105761.72
105761.72
105761.72
105761.8
105761.8
105761.75
105761.76
105761.72
105761.72
105761.72
105761.72
105761.75
105761.73
105761.75
105761.72
105761.73
105761.74
105761.78
105761.73
105761.73
105761.74
105761.75
105761.73
105761.75
105761.72
105761.73
105761.74
105761.78
105761.73
105761.73
105761.74
105761.74
105761.78
105761.78
105761.73
105761.73
105761.72
105761.72
105761.72
105761.72
105761.73
105761.72
105761.72
105761.72
105761.72
105761.73
105761.76
105761.72
105761.72
105761.72
105761.72
105761.73
105761.76
105761.72
105761.72
105761.72
105761.72
105761.74
105761.72
105761.72
105761.74
105761.72
105761.72
105761.72
105761.72
105761.73
105761.72
105761.72
105761.72
105761.72
105761.72
105761.73
105761.72
105761.72
105761.74
105761.72
105761.72
105761.73
105761.72
105761.72
105761.72
105761.72
105761.72
105761.72
105761.73
105761.72
105761.72
105761.72
105761.74
105761.72
105761.72
105761.72
105761.73
105761.72
105761.72
105761.72
105761.72
105761.72
105761.72
105761.73
105761.72
105761.72
105761.72
105761.72
105761.72
105761.72
105761.72
105761.71
105761.72
105761.7
105761.72
105761.71
105761.72
105761.72
105761.71
105761.72
105761.72
105761.72
105761.72
105761.71
105761.72
105761.72
105761.72
105761.7
105761.72
105761.72
105761.71
105761.72
105761.72
105761.72
105761.72
105761.72
105761.72
105761.72
105761.72
105761.71
105761.72
105761.7
105761.72
105761.72
105761.72
105761.71
105761.72
105761.71
105761.71
105761.7
105761.68
105761.7
105761.69
105761.66
105761.72
105761.7
105761.69
105761.71
105761.72
105761.7
105761.68
105761.7
105761.69
105761.66
105761.72
105761.7
105761.69
105761.64
105761.65
105761.62
105761.69
105761.66
105761.71
105761.7
105761.72
105761.65
105761.65
105761.69
105761.65
105761.64
105761.7
105761.67
105761.67
105761.71
105761.72
105761.72
105761.71
105761.63
105761.62
105761.66
105761.64
105761.71
105761.67
105761.7
105761.71
105761.64
105761.65
105761.62
105761.69
105761.66
105761.72
105761.71
105761.72
105761.65
105761.65
105761.69
105761.66
105761.64
105761.71
105761.67
105761.67
105761.71
105761.72
105761.72
105761.71
105761.63
105761.62
105761.66
105761.64
105761.72
105761.67
105761.7
105761.71
105761.58
105761.64
105761.59
105761.58
105761.64
105761.59
105761.61
105761.65
105761.65
105761.6
105761.7
105761.66
105761.66
105761.71
105761.71
105761.72
105761.72
105761.72
105761.72
105761.71
105761.72
105761.72
105761.72
105761.72
105761.7
105761.72
105761.71
105761.68
105761.72
105761.72
105761.72
105761.72
105761.71
105761.68
105761.72
105761.72
105761.72
105761.72
105761.71
105761.71
105761.7
105761.68
105761.7
105761.69
105761.66
105761.72
105761.7
105761.69
105761.64
105761.65
105761.62
105761.69
105761.66
105761.71
105761.71
105761.72
105761.65
105761.65
105761.69
105761.65
105761.7
105761.64
105761.67
105761.67
105761.71
105761.72
105761.72
105761.71
105761.63
105761.62
105761.66
105761.63
105761.71
105761.67
105761.71
105761.7
105761.58
105761.64
105761.59
105761.58
105761.64
105761.59
105761.61
105761.65
105761.65
105761.6
105761.64
105761.65
105761.62
105761.69
105761.66
105761.72
105761.71
105761.72
105761.65
105761.65
105761.7
105761.66
105761.64
105761.71
105761.67
105761.67
105761.71
105761.72
105761.71
105761.72
105761.63
105761.62
105761.66
105761.63
105761.71
105761.67
105761.7
105761.71
105761.72
105761.72
105761.72
105761.72
105761.72
105761.72
105761.71
105761.72
105761.7
105761.72
105761.72
105761.72
105761.71
105761.72
105761.72
105761.72
105761.72
105761.72
105761.71
105761.72
105761.72
105761.72
105761.7
105761.72
105761.71
105761.71
105761.72
105761.72
105761.69
105761.65
105761.65
105761.7
105761.71
105761.72
105761.72
105761.72
105761.72
105761.71
105761.72
105761.72
105761.72
105761.72
105761.69
105761.71
105761.71
105761.67
105761.72
105761.72
105761.72
105761.72
105761.71
105761.67
105761.72
105761.72
105761.72
105761.71
105761.71
105761.71
105761.69
105761.68
105761.69
105761.69
105761.66
105761.71
105761.7
105761.69
105761.64
105761.64
105761.61
105761.68
105761.65
105761.72
105761.7
105761.65
105761.72
105761.64
105761.69
105761.65
105761.7
105761.64
105761.62
105761.62
105761.66
105761.66
105761.71
105761.72
105761.72
105761.7
105761.65
105761.63
105761.66
105761.71
105761.7
105761.7
105761.58
105761.63
105761.59
105761.58
105761.63
105761.59
105761.61
105761.64
105761.64
105761.6
105761.64
105761.64
105761.61
105761.68
105761.65
105761.71
105761.7
105761.64
105761.72
105761.64
105761.69
105761.64
105761.63
105761.7
105761.62
105761.62
105761.66
105761.66
105761.71
105761.72
105761.7
105761.72
105761.65
105761.63
105761.66
105761.71
105761.7
105761.7
105761.71
105761.71
105761.69
105761.68
105761.7
105761.69
105761.66
105761.71
105761.7
105761.69
105761.71
105761.71
105761.69
105761.68
105761.7
105761.69
105761.66
105761.71
105761.7
105761.69
105761.69
105761.66
105761.65
105761.7
105761.71
105761.72
105761.72
105761.72
105761.72
105761.71
105761.72
105761.72
105761.72
105761.72
105761.69
105761.71
105761.71
105761.67
105761.72
105761.72
105761.71
105761.72
105761.71
105761.67
105761.72
105761.72
105761.71
105761.72
105761.58
105761.63
105761.59
105761.58
105761.63
105761.59
105761.61
105761.64
105761.64
105761.6
105761.64
105761.64
105761.61
105761.68
105761.66
105761.72
105761.7
105761.65
105761.72
105761.65
105761.7
105761.65
105761.64
105761.7
105761.63
105761.62
105761.67
105761.67
105761.71
105761.72
105761.7
105761.72
105761.66
105761.63
105761.66
105761.71
105761.7
105761.71
105761.64
105761.64
105761.61
105761.68
105761.66
105761.71
105761.7
105761.64
105761.72
105761.65
105761.69
105761.65
105761.63
105761.7
105761.63
105761.62
105761.67
105761.66
105761.71
105761.72
105761.7
105761.72
105761.66
105761.63
105761.66
105761.71
105761.7
105761.7
105761.72
105761.72
105761.72
105761.72
105761.72
105761.72
105761.71
105761.72
105761.7
105761.71
105761.72
105761.72
105761.71
105761.72
105761.65
105761.59
105761.66
105761.65
105761.62
105761.67
105761.62
105761.66
105761.59
105761.66
105761.66
105761.62
105761.68
105761.63
105761.65
105761.59
105761.66
105761.66
105761.68
105761.61
105761.63
105761.66
105761.6
105761.66
105761.68
105761.64
105761.62
105761.69
105761.64
105761.59
105761.65
105761.65
105761.66
105761.61
105761.62
105761.63
105761.59
105761.65
105761.65
105761.62
105761.61
105761.66
105761.73
105761.72
105761.72
105761.72
105761.72
105761.72
105761.74
105761.72
105761.72
105761.72
105761.72
105761.72
105761.72
105761.72
105761.73
105761.72
105761.72
105761.72
105761.72
105761.73
105761.72
105761.72
105761.72
105761.72
105761.72
105761.72
105761.72
105761.72
105761.72
105761.72
105761.72
105761.72
105761.72
105761.72
105761.72
105761.72
105761.72
105761.72
105761.71
105761.72
105761.72
105761.71
105761.72
105761.71
105761.72
105761.71
105761.72
105761.71
105761.72
105761.59
105761.58
105761.58
105761.58
105761.58
105761.58
105761.58
105761.72
105761.72
105761.72
105761.72
105761.72
105761.72
105761.72
105761.74
105761.74
105761.81
105761.81
105761.74
105761.74
105761.81
105761.74
105761.74
105761.81
105761.81
105761.74
105761.74
105761.81
105761.74
105761.74
105761.81
105761.81
105761.74
105761.74
105761.81
105761.74
105761.74
105761.81
105761.81
105761.81
105761.74
105761.74
105761.72
105761.72
105761.72
105761.72
105761.72
105761.72
105761.72
105761.72
105761.72
105761.72
105761.72
105761.72
105761.72
105761.72
105761.73
105761.73
105761.72
105761.72
105761.73
105761.73
105761.72
105761.72
105761.72
105761.72
105761.72
105761.72
105761.72
105761.72
105761.73
105761.73
105761.72
105761.72
105761.73
105761.73
105761.72
105761.72
105761.72
105761.72
105761.72
105761.72
105761.72
105761.72
105761.72
105761.73
105761.72
105761.72
105761.73
105761.72
105761.72
105761.73
105761.72
105761.72
105761.72
105761.74
105761.72
105761.72
105761.73
105761.72
105761.72
105761.72
105761.73
105761.72
105761.72
105761.73
105761.72
105761.72
105761.72
105761.72
105761.72
105761.72
105761.73
105761.72
105761.72
105761.72
105761.72
105761.72
105761.74
105761.73
105761.72
105761.72
105761.72
105761.72
105761.72
105761.72
105761.72
105761.73
105761.72
105761.72
105761.73
105761.72
105761.72
105761.72
105761.72
105761.72
105761.72
105761.72
105761.72
105761.72
105761.72
105761.73
105761.72
105761.72
105761.72
105761.73
105761.72
105761.73
105761.72
105761.72
105761.72
105761.72
105761.73
105761.72
105761.72
105761.72
105761.72
105761.72
105761.72
105761.72
105761.72
105761.73
105761.72
105761.72
105761.72
105761.72
105761.72
105761.74
105761.73
105761.72
105761.72
105761.72
105761.72
105761.72
105761.74
105761.73
105761.72
105761.72
105761.72
105761.72
105761.72
105761.72
105761.72
105761.72
105761.72
105761.72
105761.72
105761.72
105761.72
105761.72
105761.73
105761.72
105761.72
105761.72
105761.72
105761.73
105761.72
105761.73
105761.72
105761.72
105761.73
105761.72
105761.72
105761.72
105761.72
105761.72
105761.72
105761.72
105761.72
105761.72
105761.72
105761.73
105761.72
105761.72
105761.72
105761.73
105761.72
105761.72
105761.72
105761.72
105761.71
105761.72
105761.72
105761.71
105761.72
105761.72
105761.72
105761.72
105761.72
105761.72
105761.72
105761.72
105761.72
105761.72
105761.71
105761.71
105761.72
105761.72
105761.72
105761.72
105761.72
105761.72
105761.72
105761.72
105761.72
105761.72
105761.72
105761.72
105761.71
105761.72
105761.71
105761.72
105761.72
105761.72
105761.72
105761.72
105761.72
105761.72
105761.72
105761.68
105761.71
105761.72
105761.7
105761.72
105761.66
105761.71
105761.68
105761.72
105761.72
105761.71
105761.72
105761.67
105761.72
105761.72
105761.72
105761.72
105761.72
105761.72
105761.72
105761.72
105761.68
105761.72
105761.72
105761.71
105761.71
105761.72
105761.67
105761.68
105761.72
105761.72
105761.71
105761.72
105761.67
105761.72
105761.72
105761.72
105761.72
105761.71
105761.72
105761.72
105761.71
105761.72
105761.72
105761.72
105761.72
105761.72
105761.72
105761.72
105761.72
105761.72
105761.72
105761.71
105761.71
105761.72
105761.72
105761.72
105761.72
105761.72
105761.72
105761.72
105761.72
105761.72
105761.72
105761.72
105761.72
105761.72
105761.72
105761.72
105761.72
105761.67
105761.72
105761.7
105761.72
105761.71
105761.67
105761.72
105761.67
105761.71
105761.7
105761.72
105761.66
105761.71
105761.71
105761.72
105761.72
105761.72
105761.72
105761.72
105761.72
105761.72
105761.68
105761.72
105761.71
105761.72
105761.67
105761.72
105761.71
105761.68
105761.71
105761.71
105761.72
105761.66
105761.72
105761.71
105761.72
105761.72
105761.72
105761.72
105761.72
105761.72
105761.72
105761.72
105761.71
105761.72
105761.71
105761.72
105761.72
105761.71
105761.72
105761.72
105761.72
105761.72
105761.72
105761.72
105761.72
105761.72
105761.72
105761.72
105761.72
105761.72
105761.72
105761.72
105761.59
105761.58
105761.58
105761.58
105761.58
105761.59
105761.59
105761.59
105761.58
105761.58
105761.58
105761.59
105761.58
105761.59
105761.59
105761.58
105761.58
105761.58
105761.58
105761.58
105761.59
105761.71
105761.72
105761.72
105761.72
105761.71
105761.72
105761.72
105761.72
105761.72
105761.72
105761.72
105761.71
105761.72
105761.72
105761.75
105761.73
105761.73
105761.76
105761.73
105761.75
105761.76
105761.76
105761.73
105761.74
105761.8
105761.72
105761.76
105761.79
105761.8
105761.77
105761.82
105761.8
105761.82
105761.8
105761.77
105761.82
105761.8
105761.82
105761.72
105761.72
105761.72
105761.72
105761.72
105761.72
105761.71
105761.72
105761.72
105761.72
105761.71
105761.71
105761.68
105761.69
105761.66
105761.68
105761.66
105761.72
105761.71
105761.72
105761.71
105761.71
105761.68
105761.66
105761.68
105761.68
105761.66
105761.72
105761.72
105761.72
105761.72
105761.71
105761.72
105761.72
105761.72
105761.72
105761.72
105761.72
105761.71
105761.72
105761.72
105761.66
105761.7
105761.66
105761.66
105761.62
105761.68
105761.68
105761.72
105761.72
105761.72
105761.72
105761.72
105761.72
105761.73
105761.72
105761.72
105761.72
105761.72
105761.72
105761.72
105761.73
105761.72
105761.72
105761.72
105761.72
105761.72
105761.72
105761.73
105761.72
105761.72
105761.72
105761.72
105761.74
105761.72
105761.72
105761.72
105761.72
105761.72
105761.72
105761.72
105761.72
105761.73
105761.72
105761.72
105761.72
105761.72
105761.72
105761.72
105761.73
105761.72
105761.72
105761.72
105761.72
105761.72
105761.72
105761.73
105761.76
105761.73
105761.74
105761.8
105761.73
105761.76
105761.79
105761.75
105761.73
105761.74
105761.8
105761.72
105761.76
105761.79
105761.75
105761.73
105761.73
105761.76
105761.73
105761.75
105761.76
105761.8
105761.77
105761.82
105761.8
105761.82
105761.8
105761.76
105761.82
105761.8
105761.82
105761.73
105761.72
105761.73
105761.72
105761.72
105761.72
105761.73
105761.73
105761.72
105761.73
105761.72
105761.72
105761.72
105761.73
105761.75
105761.75
105761.78
105761.75
105761.77
105761.72
105761.73
105761.72
105761.73
105761.73
105761.75
105761.75
105761.78
105761.75
105761.77
105761.72
105761.73
105761.72
105761.73
105761.73
105761.8
105761.77
105761.82
105761.82
105761.8
105761.8
105761.77
105761.82
105761.8
105761.82
105761.76
105761.73
105761.74
105761.8
105761.72
105761.79
105761.76
105761.75
105761.73
105761.73
105761.76
105761.73
105761.76
105761.75
105761.75
105761.75
105761.78
105761.77
105761.75
105761.72
105761.73
105761.72
105761.73
105761.73
105761.73
105761.72
105761.72
105761.72
105761.72
105761.73
105761.72
105761.73
105761.72
105761.72
105761.72
105761.72
105761.73
105761.72
105761.75
105761.75
105761.78
105761.77
105761.75
105761.72
105761.73
105761.72
105761.73
105761.73
105761.72
105761.72
105761.72
105761.72
105761.73
105761.72
105761.72
105761.72
105761.72
105761.72
105761.72
105761.72
105761.72
105761.73
105761.8
105761.77
105761.82
105761.82
105761.8
105761.8
105761.77
105761.82
105761.8
105761.82
105761.76
105761.72
105761.74
105761.8
105761.72
105761.79
105761.76
105761.75
105761.78
105761.75
105761.77
105761.75
105761.72
105761.73
105761.72
105761.73
105761.73
105761.72
105761.72
105761.72
105761.72
105761.72
105761.73
105761.72
105761.75
105761.77
105761.75
105761.77
105761.75
105761.72
105761.72
105761.72
105761.73
105761.73
105761.75
105761.73
105761.76
105761.73
105761.73
105761.75
105761.76
105761.76
105761.72
105761.74
105761.8
105761.72
105761.79
105761.76
105761.75
105761.73
105761.76
105761.73
105761.72
105761.75
105761.76
105761.75
105761.78
105761.75
105761.77
105761.75
105761.72
105761.73
105761.72
105761.73
105761.73
105761.75
105761.77
105761.75
105761.77
105761.75
105761.72
105761.72
105761.72
105761.73
105761.73
105761.72
105761.72
105761.72
105761.72
105761.72
105761.73
105761.72
105761.72
105761.72
105761.72
105761.72
105761.72
105761.73
105761.72
105761.72
105761.72
105761.72
105761.72
105761.72
105761.73
105761.72
105761.72
105761.72
105761.72
105761.72
105761.73
105761.72
105761.72
105761.72
105761.72
105761.72
105761.72
105761.72
105761.73
105761.72
105761.72
105761.72
105761.72
105761.72
105761.72
105761.72
105761.71
105761.72
105761.72
105761.72
105761.72
105761.71
105761.72
105761.72
105761.72
105761.72
105761.72
105761.72
105761.72
105761.72
105761.71
105761.72
105761.72
105761.72
105761.71
105761.71
105761.68
105761.69
105761.66
105761.68
105761.66
105761.72
105761.72
105761.72
105761.71
105761.71
105761.68
105761.69
105761.66
105761.68
105761.66
105761.63
105761.65
105761.61
105761.63
105761.65
105761.61
105761.62
105761.63
105761.65
105761.61
105761.64
105761.66
105761.61
105761.63
105761.6
105761.59
105761.62
105761.6
105761.61
105761.72
105761.72
105761.72
105761.71
105761.71
105761.68
105761.69
105761.66
105761.66
105761.68
105761.63
105761.65
105761.61
105761.64
105761.66
105761.63
105761.61
105761.6
105761.59
105761.62
105761.6
105761.61
105761.68
105761.7
105761.7
105761.66
105761.7
105761.67
105761.67
105761.72
105761.72
105761.72
105761.72
105761.72
105761.71
105761.72
105761.72
105761.72
105761.72
105761.72
105761.71
105761.72
105761.72
105761.72
105761.72
105761.72
105761.72
105761.72
105761.71
105761.72
105761.72
105761.71
105761.71
105761.71
105761.71
105761.67
105761.66
105761.68
105761.66
105761.68
105761.63
105761.65
105761.61
105761.63
105761.65
105761.62
105761.61
105761.6
105761.59
105761.61
105761.59
105761.6
105761.6
105761.59
105761.61
105761.59
105761.6
105761.67
105761.7
105761.66
105761.69
105761.7
105761.66
105761.67
105761.72
105761.71
105761.72
105761.71
105761.71
105761.68
105761.66
105761.69
105761.68
105761.66
105761.72
105761.71
105761.71
105761.71
105761.71
105761.67
105761.66
105761.68
105761.68
105761.66
105761.72
105761.72
105761.72
105761.72
105761.72
105761.72
105761.71
105761.72
105761.72
105761.72
105761.72
105761.72
105761.72
105761.71
105761.6
105761.59
105761.62
105761.6
105761.59
105761.6
105761.59
105761.62
105761.6
105761.59
105761.68
105761.7
105761.66
105761.69
105761.7
105761.67
105761.66
105761.63
105761.65
105761.61
105761.64
105761.66
105761.62
105761.61
105761.72
105761.72
105761.72
105761.72
105761.72
105761.71
105761.72
105761.68
105761.71
105761.67
105761.67
105761.63
105761.7
105761.7
105761.68
105761.71
105761.67
105761.67
105761.7
105761.63
105761.7
105761.66
105761.69
105761.66
105761.66
105761.68
105761.62
105761.67
105761.79
105761.77
105761.77
105761.73
105761.73
105761.73
105761.72
105761.76
105761.72
105761.72
105761.72
105761.72
105761.72
105761.72
105761.75
105761.72
105761.72
105761.72
105761.72
105761.72
105761.72
105761.75
105761.72
105761.72
105761.72
105761.72
105761.72
105761.72
105761.84
105761.84
105761.72
105761.72
105761.72
105761.72
105761.72
105761.72
105761.72
105761.72
105761.72
105761.72
105761.72
105761.72
105761.72
105761.72
105761.7
105761.69
105761.69
105761.69
105761.72
105761.72
105761.72
105761.71
105761.72
105761.71
105761.72
105761.72
105761.7
105761.72
105761.7
105761.72
105761.7
105761.72
105761.72
105761.71
105761.72
105761.71
105761.72
105761.71
105761.72
105761.72
105761.72
105761.71
105761.7
105761.7
105761.72
105761.72
105761.7
105761.68
105761.69
105761.71
105761.7
105761.71
105761.71
105761.69
105761.67
105761.68
105761.7
105761.69
105761.71
105761.7
105761.59
105761.58
105761.59
105761.6
105761.58
105761.59
105761.6
105761.59
105761.58
105761.59
105761.6
105761.58
105761.59
105761.6
105761.72
105761.72
105761.72
105761.72
105761.72
105761.72
105761.72
105761.72
105761.72
105761.72
105761.72
105761.72
105761.72
105761.72
105761.73
105761.81
105761.73
105761.79
105761.74
105761.8
105761.73
105761.73
105761.81
105761.73
105761.79
105761.74
105761.8
105761.73
105761.74
105761.81
105761.73
105761.79
105761.74
105761.8
105761.73
105761.74
105761.81
105761.73
105761.79
105761.74
105761.8
105761.73
105761.73
105761.73
105761.78
105761.78
105761.8
105761.73
105761.73
105761.72
105761.72
105761.72
105761.72
105761.72
105761.72
105761.72
105761.72
105761.72
105761.72
105761.72
105761.72
105761.72
105761.72
105761.73
105761.81
105761.73
105761.79
105761.74
105761.8
105761.73
105761.73
105761.81
105761.73
105761.79
105761.74
105761.8
105761.73
105761.72
105761.72
105761.72
105761.72
105761.72
105761.72
105761.72
105761.74
105761.81
105761.79
105761.73
105761.8
105761.74
105761.73
105761.74
105761.81
105761.79
105761.73
105761.8
105761.74
105761.73
105761.72
105761.72
105761.72
105761.72
105761.72
105761.72
105761.72
105761.72
105761.72
105761.72
105761.72
105761.72
105761.72
105761.72
105761.73
105761.73
105761.73
105761.74
105761.73
105761.73
105761.73
105761.73
105761.72
105761.73
105761.72
105761.73
105761.72
105761.72
105761.73
105761.72
105761.73
105761.73
105761.73
105761.73
105761.73
105761.72
105761.72
105761.72
105761.72
105761.72
105761.72
105761.72
105761.73
105761.73
105761.73
105761.74
105761.73
105761.73
105761.73
105761.72
105761.72
105761.73
105761.72
105761.73
105761.72
105761.72
105761.72
105761.72
105761.72
105761.72
105761.72
105761.72
105761.72
105761.72
105761.72
105761.72
105761.72
105761.72
105761.72
105761.72
105761.72
105761.72
105761.72
105761.72
105761.72
105761.72
105761.72
105761.73
105761.73
105761.73
105761.73
105761.73
105761.73
105761.72
105761.72
105761.72
105761.73
105761.72
105761.73
105761.72
105761.72
105761.72
105761.72
105761.73
105761.73
105761.73
105761.72
105761.72
105761.84
105761.84
105761.75
105761.74
105761.75
105761.74
105761.79
105761.77
105761.77
105761.73
105761.72
105761.73
105761.72
105761.75
105761.72
105761.72
105761.72
105761.72
105761.72
105761.72
105761.75
105761.72
105761.72
105761.72
105761.72
105761.72
105761.72
105761.84
105761.84
105761.75
105761.74
105761.75
105761.74
105761.72
105761.72
105761.72
105761.72
105761.72
105761.72
105761.72
105761.72
105761.72
105761.72
105761.72
105761.72
105761.72
105761.72
105761.73
105761.73
105761.73
105761.73
105761.73
105761.73
105761.72
105761.72
105761.72
105761.73
105761.72
105761.73
105761.72
105761.72
105761.72
105761.73
105761.73
105761.73
105761.73
105761.73
105761.72
105761.72
105761.72
105761.73
105761.72
105761.73
105761.72
105761.72
105761.84
105761.84
105761.79
105761.77
105761.77
105761.72
105761.72
105761.72
105761.72
105761.75
105761.72
105761.72
105761.72
105761.72
105761.72
105761.72
105761.75
105761.72
105761.72
105761.72
105761.72
105761.72
105761.72
105761.75
105761.74
105761.75
105761.74
105761.79
105761.77
105761.77
105761.72
105761.72
105761.72
105761.72
105761.76
105761.72
105761.72
105761.72
105761.72
105761.72
105761.72
105761.75
105761.72
105761.72
105761.72
105761.72
105761.72
105761.72
105761.75
105761.72
105761.72
105761.72
105761.72
105761.72
105761.72
105761.75
105761.74
105761.75
105761.74
105761.72
105761.73
105761.73
105761.73
105761.73
105761.73
105761.72
105761.72
105761.72
105761.72
105761.73
105761.72
105761.73
105761.72
105761.72
105761.72
105761.73
105761.73
105761.73
105761.72
105761.72
105761.72
105761.72
105761.72
105761.72
105761.72
105761.72
105761.72
105761.72
105761.72
105761.72
105761.72
105761.72
105761.72
105761.72
105761.72
105761.72
105761.72
105761.72
105761.72
105761.72
105761.72
105761.72
105761.72
105761.72
105761.71
105761.72
105761.71
105761.72
105761.72
105761.7
105761.72
105761.7
105761.72
105761.7
105761.72
105761.72
105761.72
105761.71
105761.7
105761.71
105761.72
105761.72
105761.72
105761.72
105761.71
105761.72
105761.71
105761.72
105761.72
105761.72
105761.7
105761.7
105761.72
105761.71
105761.72
105761.72
105761.72
105761.72
105761.72
105761.72
105761.72
105761.72
105761.72
105761.72
105761.72
105761.72
105761.71
105761.72
105761.71
105761.72
105761.72
105761.7
105761.7
105761.72
105761.71
105761.72
105761.72
105761.7
105761.69
105761.7
105761.69
105761.66
105761.66
105761.64
105761.71
105761.7
105761.7
105761.72
105761.68
105761.72
105761.72
105761.72
105761.72
105761.72
105761.72
105761.68
105761.72
105761.72
105761.72
105761.72
105761.72
105761.72
105761.58
105761.58
105761.7
105761.69
105761.66
105761.66
105761.64
105761.71
105761.7
105761.7
105761.72
105761.68
105761.72
105761.72
105761.72
105761.71
105761.72
105761.72
105761.68
105761.72
105761.72
105761.72
105761.71
105761.72
105761.72
105761.58
105761.58
105761.72
105761.72
105761.72
105761.71
105761.72
105761.71
105761.72
105761.72
105761.7
105761.72
105761.7
105761.72
105761.71
105761.72
105761.72
105761.72
105761.72
105761.72
105761.72
105761.72
105761.72
105761.72
105761.72
105761.71
105761.72
105761.71
105761.72
105761.72
105761.72
105761.7
105761.7
105761.72
105761.7
105761.72
105761.72
105761.72
105761.72
105761.71
105761.7
105761.71
105761.72
105761.72
105761.72
105761.72
105761.72
105761.72
105761.72
105761.72
105761.72
105761.69
105761.68
105761.58
105761.58
105761.65
105761.66
105761.63
105761.71
105761.7
105761.7
105761.72
105761.68
105761.72
105761.72
105761.72
105761.71
105761.72
105761.72
105761.68
105761.72
105761.72
105761.72
105761.71
105761.72
105761.72
105761.65
105761.72
105761.72
105761.71
105761.71
105761.72
105761.72
105761.69
105761.68
105761.69
105761.68
105761.58
105761.58
105761.66
105761.66
105761.63
105761.71
105761.7
105761.7
105761.72
105761.68
105761.72
105761.72
105761.72
105761.71
105761.72
105761.72
105761.68
105761.72
105761.72
105761.72
105761.71
105761.72
105761.72
105761.65
105761.72
105761.71
105761.71
105761.71
105761.72
105761.72
105761.72
105761.72
105761.72
105761.72
105761.72
105761.72
105761.72
105761.72
105761.72
105761.72
105761.72
105761.72
105761.72
105761.72
105761.72
105761.71
105761.72
105761.71
105761.72
105761.71
105761.72
105761.72
105761.72
105761.71
105761.7
105761.7
105761.72
105761.72
105761.72
105761.72
105761.72
105761.72
105761.72
105761.72
105761.72
105761.72
105761.72
105761.72
105761.72
105761.72
105761.72
105761.72
105761.69
105761.67
105761.68
105761.7
105761.69
105761.71
105761.71
105761.7
105761.69
105761.69
105761.71
105761.71
105761.72
105761.71
105761.6
105761.58
105761.59
105761.6
105761.58
105761.59
105761.6
105761.6
105761.58
105761.59
105761.6
105761.59
105761.59
105761.61
105761.6
105761.62
105761.59
105761.59
105761.59
105761.61
105761.61
105761.6
105761.58
105761.59
105761.6
105761.58
105761.59
105761.6
105761.6
105761.58
105761.6
105761.59
105761.59
105761.58
105761.61
105761.59
105761.58
105761.59
105761.6
105761.58
105761.59
105761.6
105761.59
105761.58
105761.6
105761.59
105761.59
105761.58
105761.6
105761.7
105761.67
105761.69
105761.69
105761.7
105761.71
105761.71
105761.76
105761.81
105761.8
105761.8
105761.79
105761.78
105761.8
105761.81
105761.77
105761.8
105761.79
105761.8
105761.75
105761.75
105761.75
105761.78
105761.78
105761.77
105761.8
105761.81
105761.83
105761.77
105761.77
105761.74
105761.81
105761.74
105761.81
105761.77
105761.8
105761.82
105761.81
105761.78
105761.82
105761.76
105761.73
105761.76
105761.78
105761.73
105761.75
105761.79
105761.78
105761.79
105761.79
105761.77
105761.8
105761.78
105761.76
105761.78
105761.75
105761.81
105761.82
105761.8
105761.8
105761.77
105761.78
105761.73
105761.74
105761.75
105761.78
105761.73
105761.76
105761.75
105761.75
105761.79
105761.79
105761.77
105761.78
105761.76
105761.76
105761.8
105761.8
105761.81
105761.76
105761.8
105761.8
105761.79
105761.77
105761.79
105761.79
105761.8
105761.81
105761.83
105761.77
105761.77
105761.73
105761.81
105761.73
105761.8
105761.77
105761.8
105761.82
105761.81
105761.78
105761.82
105761.76
105761.76
105761.73
105761.78
105761.73
105761.79
105761.75
105761.78
105761.79
105761.79
105761.76
105761.77
105761.73
105761.79
105761.73
105761.79
105761.76
105761.77
105761.8
105761.78
105761.76
105761.78
105761.75
105761.81
105761.82
105761.8
105761.8
105761.77
105761.78
105761.8
105761.8
105761.73
105761.74
105761.75
105761.78
105761.73
105761.76
105761.75
105761.75
105761.79
105761.79
105761.77
105761.78
105761.76
105761.76
105761.81
105761.83
105761.81
105761.83
105761.76
105761.77
105761.8
105761.82
105761.78
105761.81
105761.82
105761.8
105761.81
105761.81
105761.83
105761.81
105761.83
105761.76
105761.77
105761.8
105761.82
105761.78
105761.81
105761.82
105761.8
105761.81
105761.82
105761.78
105761.8
105761.8
105761.8
105761.73
105761.76
105761.78
105761.81
105761.74
105761.77
105761.81
105761.78
105761.78
105761.83
105761.83
105761.76
105761.82
105761.81
105761.82
105761.81
105761.68
105761.68
105761.7
105761.68
105761.68
105761.67
105761.66
105761.67
105761.67
105761.66
105761.67
105761.67
105761.7
105761.69
105761.69
105761.67
105761.69
105761.69
105761.71
105761.71
105761.72
105761.7
105761.72
105761.7
105761.71
105761.71
105761.72
105761.71
105761.72
105761.72
105761.72
105761.72
105761.72
105761.71
105761.72
105761.71
105761.69
105761.69
105761.7
105761.7
105761.71
105761.72
105761.71
105761.72
105761.72
105761.72
105761.72
105761.72
105761.71
105761.72
105761.71
105761.69
105761.69
105761.7
105761.7
105761.7
105761.71
105761.71
105761.7
105761.67
105761.69
105761.71
105761.69
105761.69
105761.7
105761.68
105761.67
105761.69
105761.69
105761.7
105761.69
105761.71
105761.7
105761.67
105761.69
105761.71
105761.69
105761.69
105761.7
105761.68
105761.68
105761.69
105761.68
105761.7
105761.69
105761.72
105761.71
105761.71
105761.7
105761.72
105761.71
105761.7
105761.69
105761.71
105761.7
105761.7
105761.7
105761.7
105761.68
105761.68
105761.68
105761.67
105761.69
105761.69
105761.67
105761.67
105761.69
105761.67
105761.69
105761.69
105761.68
105761.67
105761.68
105761.68
105761.67
105761.69
105761.72
105761.71
105761.7
105761.69
105761.71
105761.7
105761.68
105761.71
105761.7
105761.68
105761.67
105761.7
105761.69
105761.68
105761.7
105761.69
105761.68
105761.67
105761.7
105761.68
105761.68
105761.66
105761.66
105761.71
105761.71
105761.71
105761.69
105761.71
105761.7
105761.7
105761.69
105761.71
105761.7
105761.7
105761.7
105761.7
105761.68
105761.68
105761.68
105761.66
105761.69
105761.69
105761.67
105761.67
105761.68
105761.66
105761.68
105761.69
105761.68
105761.68
105761.7
105761.69
105761.68
105761.67
105761.7
105761.68
105761.67
105761.65
105761.66
105761.72
105761.72
105761.72
105761.71
105761.72
105761.72
105761.72
105761.72
105761.75
105761.73
105761.77
105761.73
105761.73
105761.74
105761.72
105761.75
105761.73
105761.77
105761.73
105761.72
105761.75
105761.72
105761.75
105761.73
105761.77
105761.73
105761.72
105761.74
105761.72
105761.75
105761.73
105761.77
105761.73
105761.72
105761.75
105761.72
105761.75
105761.77
105761.73
105761.73
105761.75
105761.72
105761.72
105761.75
105761.77
105761.73
105761.73
105761.75
105761.72
105761.72
105761.72
105761.73
105761.72
105761.72
105761.73
105761.72
105761.72
105761.72
105761.73
105761.72
105761.72
105761.73
105761.72
105761.72
105761.73
105761.74
105761.72
105761.72
105761.73
105761.72
105761.72
105761.72
105761.73
105761.72
105761.72
105761.73
105761.72
105761.77
105761.81
105761.8
105761.8
105761.79
105761.78
105761.8
105761.81
105761.77
105761.8
105761.79
105761.8
105761.75
105761.76
105761.75
105761.78
105761.78
105761.77
105761.8
105761.81
105761.83
105761.77
105761.77
105761.74
105761.81
105761.74
105761.77
105761.81
105761.8
105761.82
105761.81
105761.78
105761.82
105761.76
105761.76
105761.73
105761.78
105761.73
105761.75
105761.79
105761.78
105761.79
105761.79
105761.76
105761.77
105761.74
105761.79
105761.73
105761.76
105761.79
105761.77
105761.8
105761.78
105761.76
105761.78
105761.75
105761.81
105761.82
105761.8
105761.8
105761.77
105761.79
105761.73
105761.74
105761.75
105761.78
105761.73
105761.76
105761.75
105761.75
105761.79
105761.79
105761.77
105761.78
105761.76
105761.76
105761.8
105761.8
105761.76
105761.81
105761.8
105761.8
105761.79
105761.78
105761.8
105761.81
105761.77
105761.8
105761.79
105761.76
105761.77
105761.73
105761.8
105761.73
105761.75
105761.8
105761.8
105761.81
105761.82
105761.77
105761.77
105761.73
105761.81
105761.73
105761.77
105761.81
105761.8
105761.82
105761.81
105761.78
105761.82
105761.76
105761.76
105761.73
105761.78
105761.73
105761.75
105761.79
105761.78
105761.79
105761.79
105761.76
105761.77
105761.73
105761.79
105761.73
105761.76
105761.79
105761.77
105761.8
105761.78
105761.76
105761.78
105761.74
105761.75
105761.75
105761.81
105761.73
105761.78
105761.77
105761.75
105761.81
105761.82
105761.8
105761.8
105761.77
105761.78
105761.73
105761.74
105761.75
105761.78
105761.73
105761.76
105761.75
105761.75
105761.79
105761.79
105761.77
105761.78
105761.76
105761.76
105761.8
105761.81
105761.83
105761.81
105761.83
105761.76
105761.77
105761.8
105761.79
105761.81
105761.82
105761.82
105761.8
105761.81
105761.81
105761.83
105761.81
105761.83
105761.76
105761.77
105761.8
105761.78
105761.81
105761.82
105761.82
105761.8
105761.81
105761.82
105761.78
105761.8
105761.8
105761.8
105761.73
105761.75
105761.78
105761.74
105761.77
105761.81
105761.8
105761.73
105761.75
105761.78
105761.74
105761.77
105761.81
105761.82
105761.81
105761.82
105761.81
105761.74
105761.76
105761.76
105761.76
105761.76
105761.76
105761.78
105761.77
105761.76
105761.78
105761.77
105761.77
105761.74
105761.74
105761.74
105761.76
105761.76
105761.75
105761.73
105761.73
105761.73
105761.74
105761.73
105761.73
105761.74
105761.73
105761.72
105761.73
105761.73
105761.73
105761.72
105761.72
105761.73
105761.72
105761.73
105761.74
105761.75
105761.75
105761.74
105761.74
105761.73
105761.73
105761.73
105761.74
105761.73
105761.73
105761.74
105761.73
105761.72
105761.73
105761.73
105761.73
105761.72
105761.72
105761.73
105761.72
105761.73
105761.74
105761.75
105761.74
105761.74
105761.74
105761.73
105761.74
105761.74
105761.76
105761.73
105761.75
105761.74
105761.74
105761.75
105761.76
105761.75
105761.75
105761.74
105761.75
105761.73
105761.74
105761.74
105761.76
105761.73
105761.75
105761.74
105761.74
105761.73
105761.75
105761.75
105761.75
105761.77
105761.74
105761.74
105761.76
105761.75
105761.77
105761.77
105761.75
105761.75
105761.75
105761.72
105761.73
105761.73
105761.74
105761.73
105761.73
105761.74
105761.73
105761.74
105761.75
105761.77
105761.75
105761.76
105761.76
105761.75
105761.73
105761.73
105761.74
105761.73
105761.74
105761.75
105761.76
105761.74
105761.74
105761.74
105761.76
105761.76
105761.78
105761.77
105761.76
105761.76
105761.75
105761.75
105761.75
105761.75
105761.74
105761.75
105761.72
105761.73
105761.73
105761.74
105761.73
105761.73
105761.74
105761.73
105761.74
105761.75
105761.74
105761.74
105761.73
105761.77
105761.75
105761.76
105761.76
105761.75
105761.73
105761.74
105761.75
105761.73
105761.75
105761.76
105761.75
105761.73
105761.73
105761.74
105761.73
105761.74
105761.75
105761.76
105761.74
105761.74
105761.74
105761.76
105761.76
105761.78
105761.77
105761.76
105761.76
105761.81
105761.83
105761.81
105761.83
105761.76
105761.8
105761.77
105761.81
105761.79
105761.82
105761.82
105761.8
105761.81
105761.81
105761.83
105761.81
105761.83
105761.76
105761.77
105761.8
105761.79
105761.82
105761.81
105761.82
105761.8
105761.81
105761.82
105761.78
105761.8
105761.8
105761.8
105761.73
105761.78
105761.76
105761.77
105761.74
105761.81
105761.82
105761.81
105761.81
105761.78
105761.78
105761.76
105761.83
105761.83
105761.82
105761.81
105761.76
105761.81
105761.8
105761.8
105761.79
105761.78
105761.8
105761.81
105761.77
105761.8
105761.79
105761.8
105761.75
105761.75
105761.75
105761.78
105761.78
105761.77
105761.8
105761.83
105761.81
105761.8
105761.82
105761.81
105761.82
105761.78
105761.76
105761.78
105761.73
105761.76
105761.73
105761.75
105761.79
105761.78
105761.79
105761.78
105761.77
105761.8
105761.78
105761.76
105761.78
105761.75
105761.81
105761.82
105761.8
105761.78
105761.8
105761.77
105761.75
105761.79
105761.79
105761.77
105761.78
105761.76
105761.76
105761.8
105761.75
105761.75
105761.75
105761.75
105761.75
105761.75
105761.72
105761.73
105761.73
105761.74
105761.73
105761.73
105761.74
105761.73
105761.75
105761.74
105761.74
105761.74
105761.73
105761.77
105761.75
105761.76
105761.76
105761.75
105761.73
105761.75
105761.74
105761.75
105761.73
105761.76
105761.75
105761.73
105761.73
105761.74
105761.73
105761.75
105761.74
105761.78
105761.77
105761.76
105761.74
105761.74
105761.74
105761.76
105761.76
105761.76
105761.76
105761.74
105761.76
105761.76
105761.76
105761.76
105761.76
105761.78
105761.77
105761.76
105761.78
105761.77
105761.73
105761.73
105761.74
105761.73
105761.73
105761.73
105761.74
105761.73
105761.73
105761.72
105761.73
105761.75
105761.74
105761.74
105761.74
105761.73
105761.73
105761.72
105761.72
105761.72
105761.73
105761.72
105761.73
105761.74
105761.73
105761.73
105761.73
105761.73
105761.74
105761.73
105761.73
105761.72
105761.73
105761.75
105761.74
105761.74
105761.74
105761.73
105761.73
105761.72
105761.72
105761.72
105761.73
105761.72
105761.73
105761.74
105761.74
105761.76
105761.73
105761.74
105761.75
105761.74
105761.75
105761.76
105761.75
105761.75
105761.75
105761.74
105761.73
105761.74
105761.74
105761.76
105761.73
105761.75
105761.74
105761.74
105761.75
105761.75
105761.75
105761.75
105761.74
105761.75
105761.72
105761.73
105761.73
105761.74
105761.73
105761.74
105761.73
105761.74
105761.75
105761.73
105761.74
105761.74
105761.73
105761.77
105761.75
105761.76
105761.76
105761.75
105761.73
105761.75
105761.74
105761.75
105761.76
105761.73
105761.78
105761.77
105761.72
105761.73
105761.74
105761.72
105761.72
105761.73
105761.72
105761.72
105761.72
105761.73
105761.72
105761.72
105761.72
105761.72
105761.72
105761.72
105761.73
105761.72
105761.72
105761.72
105761.72
105761.81
105761.83
105761.81
105761.83
105761.76
105761.8
105761.77
105761.81
105761.78
105761.82
105761.82
105761.8
105761.81
105761.81
105761.83
105761.81
105761.83
105761.76
105761.77
105761.8
105761.78
105761.82
105761.81
105761.82
105761.8
105761.8
105761.82
105761.78
105761.8
105761.8
105761.8
105761.73
105761.76
105761.78
105761.74
105761.81
105761.77
105761.82
105761.81
105761.81
105761.78
105761.78
105761.76
105761.83
105761.83
105761.82
105761.81
105761.81
105761.76
105761.8
105761.8
105761.79
105761.78
105761.8
105761.81
105761.77
105761.79
105761.79
105761.8
105761.75
105761.75
105761.75
105761.78
105761.78
105761.77
105761.76
105761.73
105761.79
105761.77
105761.73
105761.75
105761.8
105761.8
105761.83
105761.81
105761.8
105761.82
105761.81
105761.82
105761.78
105761.77
105761.77
105761.73
105761.81
105761.73
105761.8
105761.77
105761.76
105761.78
105761.76
105761.73
105761.73
105761.79
105761.75
105761.76
105761.77
105761.73
105761.79
105761.73
105761.79
105761.76
105761.8
105761.8
105761.73
105761.74
105761.75
105761.78
105761.73
105761.76
105761.75
105761.74
105761.79
105761.79
105761.77
105761.78
105761.76
105761.76
105761.75
105761.75
105761.75
105761.75
105761.75
105761.75
105761.72
105761.73
105761.73
105761.74
105761.73
105761.73
105761.74
105761.73
105761.75
105761.73
105761.74
105761.74
105761.73
105761.77
105761.75
105761.76
105761.76
105761.75
105761.73
105761.75
105761.74
105761.75
105761.73
105761.76
105761.75
105761.73
105761.73
105761.74
105761.73
105761.75
105761.74
105761.78
105761.77
105761.76
105761.74
105761.74
105761.74
105761.76
105761.76
105761.76
105761.76
105761.74
105761.76
105761.76
105761.76
105761.76
105761.76
105761.78
105761.77
105761.76
105761.78
105761.77
105761.77
105761.74
105761.74
105761.74
105761.76
105761.75
105761.75
105761.73
105761.73
105761.72
105761.73
105761.75
105761.74
105761.74
105761.74
105761.73
105761.73
105761.72
105761.72
105761.72
105761.73
105761.72
105761.73
105761.74
105761.72
105761.73
105761.72
105761.73
105761.74
105761.73
105761.73
105761.72
105761.73
105761.75
105761.74
105761.74
105761.74
105761.73
105761.73
105761.72
105761.72
105761.72
105761.73
105761.72
105761.74
105761.75
105761.76
105761.75
105761.75
105761.75
105761.74
105761.73
105761.74
105761.74
105761.76
105761.73
105761.75
105761.74
105761.74
105761.75
105761.76
105761.75
105761.75
105761.74
105761.75
105761.74
105761.73
105761.75
105761.75
105761.75
105761.77
105761.74
105761.76
105761.74
105761.77
105761.77
105761.75
105761.75
105761.74
105761.75
105761.72
105761.73
105761.73
105761.74
105761.73
105761.74
105761.73
105761.73
105761.74
105761.73
105761.77
105761.75
105761.76
105761.76
105761.75
105761.73
105761.75
105761.74
105761.75
105761.76
105761.73
105761.78
105761.77
105761.75
105761.76
105761.76
105761.74
105761.74
105761.76
105761.76
105761.74
105761.81
105761.76
105761.8
105761.8
105761.79
105761.78
105761.8
105761.81
105761.77
105761.79
105761.79
105761.8
105761.75
105761.75
105761.75
105761.78
105761.78
105761.77
105761.8
105761.82
105761.81
105761.82
105761.78
105761.76
105761.73
105761.76
105761.78
105761.73
105761.79
105761.75
105761.78
105761.78
105761.79
105761.76
105761.77
105761.73
105761.79
105761.73
105761.76
105761.79
105761.77
105761.8
105761.78
105761.76
105761.78
105761.75
105761.81
105761.82
105761.8
105761.78
105761.8
105761.77
105761.8
105761.8
105761.73
105761.74
105761.75
105761.78
105761.73
105761.76
105761.75
105761.75
105761.79
105761.79
105761.77
105761.78
105761.76
105761.76
105761.81
105761.76
105761.8
105761.8
105761.79
105761.78
105761.8
105761.81
105761.77
105761.79
105761.79
105761.8
105761.75
105761.75
105761.75
105761.78
105761.78
105761.77
105761.8
105761.83
105761.81
105761.8
105761.82
105761.81
105761.82
105761.78
105761.76
105761.73
105761.76
105761.78
105761.73
105761.79
105761.75
105761.78
105761.78
105761.79
105761.76
105761.77
105761.73
105761.79
105761.73
105761.76
105761.79
105761.77
105761.8
105761.78
105761.76
105761.78
105761.74
105761.75
105761.81
105761.75
105761.73
105761.77
105761.78
105761.76
105761.81
105761.82
105761.8
105761.78
105761.8
105761.77
105761.8
105761.8
105761.75
105761.75
105761.75
105761.77
105761.74
105761.76
105761.74
105761.77
105761.77
105761.75
105761.75
105761.74
105761.75
105761.74
105761.73
105761.74
105761.73
105761.74
105761.73
105761.73
105761.74
105761.74
105761.73
105761.77
105761.75
105761.76
105761.76
105761.75
105761.73
105761.75
105761.74
105761.75
105761.76
105761.73
105761.75
105761.73
105761.74
105761.73
105761.75
105761.74
105761.73
105761.78
105761.77
105761.76
105761.76
105761.76
105761.74
105761.74
105761.76
105761.76
105761.74
105761.75
105761.75
105761.75
105761.77
105761.74
105761.76
105761.74
105761.77
105761.77
105761.75
105761.75
105761.74
105761.75
105761.72
105761.73
105761.73
105761.74
105761.73
105761.74
105761.73
105761.75
105761.73
105761.73
105761.74
105761.74
105761.73
105761.77
105761.75
105761.76
105761.76
105761.75
105761.73
105761.75
105761.74
105761.75
105761.76
105761.73
105761.78
105761.77
105761.76
105761.76
105761.76
105761.74
105761.74
105761.76
105761.75
105761.74
105761.74
105761.75
105761.75
105761.76
105761.76
105761.76
105761.78
105761.77
105761.76
105761.78
105761.77
105761.77
105761.74
105761.74
105761.74
105761.76
105761.75
105761.75
105761.73
105761.73
105761.72
105761.73
105761.75
105761.74
105761.74
105761.74
105761.73
105761.73
105761.72
105761.72
105761.72
105761.73
105761.72
105761.73
105761.74
105761.72
105761.73
105761.72
105761.73
105761.74
105761.73
105761.73
105761.72
105761.73
105761.75
105761.74
105761.74
105761.74
105761.73
105761.73
105761.72
105761.72
105761.72
105761.73
105761.72
105761.73
105761.74
105761.74
105761.76
105761.73
105761.74
105761.75
105761.73
105761.74
105761.74
105761.76
105761.73
105761.74
105761.75
105761.74
105761.73
105761.72
105761.73
105761.73
105761.72
105761.72
105761.73
105761.72
105761.72
105761.72
105761.72
105761.72
105761.72
105761.72
105761.72
105761.72
105761.72
105761.72
105761.72
105761.72
105761.72
105761.72
105761.72
105761.7
105761.72
105761.7
105761.72
105761.72
105761.7
105761.72
105761.72
105761.72
105761.72
105761.72
105761.72
105761.72
105761.72
105761.7
105761.7
105761.72
105761.72
105761.7
105761.72
105761.72
105761.72
105761.72
105761.72
105761.72
105761.72
105761.72
105761.72
105761.7
105761.7
105761.72
105761.72
105761.7
105761.72
105761.72
105761.71
105761.71
105761.7
105761.7
105761.7
105761.68
105761.68
105761.68
105761.66
105761.69
105761.69
105761.67
105761.68
105761.67
105761.66
105761.68
105761.69
105761.68
105761.67
105761.68
105761.68
105761.67
105761.69
105761.72
105761.7
105761.71
105761.7
105761.71
105761.69
105761.68
105761.68
105761.68
105761.7
105761.69
105761.7
105761.68
105761.67
105761.66
105761.66
105761.72
105761.71
105761.71
105761.7
105761.72
105761.7
105761.71
105761.7
105761.71
105761.69
105761.7
105761.7
105761.7
105761.68
105761.68
105761.68
105761.67
105761.69
105761.69
105761.67
105761.69
105761.67
105761.66
105761.68
105761.69
105761.68
105761.67
105761.68
105761.68
105761.67
105761.69
105761.72
105761.7
105761.71
105761.7
105761.71
105761.69
105761.68
105761.71
105761.7
105761.68
105761.7
105761.67
105761.69
105761.68
105761.68
105761.66
105761.66
105761.63
105761.66
105761.62
105761.64
105761.63
105761.66
105761.64
105761.64
105761.64
105761.63
105761.62
105761.63
105761.67
105761.67
105761.66
105761.65
105761.65
105761.64
105761.66
105761.69
105761.64
105761.65
105761.68
105761.67
105761.64
105761.65
105761.64
105761.64
105761.65
105761.64
105761.65
105761.65
105761.66
105761.66
105761.65
105761.67
105761.63
105761.67
105761.63
105761.66
105761.61
105761.59
105761.61
105761.62
105761.6
105761.6
105761.62
105761.6
105761.69
105761.69
105761.66
105761.68
105761.7
105761.68
105761.67
105761.68
105761.64
105761.65
105761.66
105761.67
105761.65
105761.67
105761.62
105761.65
105761.61
105761.6
105761.62
105761.63
105761.64
105761.63
105761.63
105761.66
105761.62
105761.64
105761.63
105761.66
105761.64
105761.64
105761.64
105761.63
105761.62
105761.63
105761.67
105761.67
105761.66
105761.65
105761.65
105761.64
105761.67
105761.69
105761.64
105761.65
105761.68
105761.67
105761.64
105761.65
105761.64
105761.64
105761.65
105761.64
105761.65
105761.65
105761.66
105761.66
105761.65
105761.68
105761.63
105761.68
105761.63
105761.66
105761.61
105761.59
105761.61
105761.62
105761.6
105761.6
105761.63
105761.6
105761.63
105761.64
105761.66
105761.61
105761.66
105761.61
105761.63
105761.69
105761.69
105761.66
105761.68
105761.7
105761.68
105761.67
105761.68
105761.64
105761.65
105761.66
105761.67
105761.65
105761.67
105761.63
105761.62
105761.65
105761.62
105761.61
105761.62
105761.63
105761.64
105761.63
105761.59
105761.58
105761.59
105761.59
105761.62
105761.61
105761.62
105761.6
105761.59
105761.61
105761.59
105761.61
105761.6
105761.59
105761.58
105761.59
105761.59
105761.63
105761.61
105761.62
105761.6
105761.59
105761.61
105761.59
105761.61
105761.6
105761.62
105761.66
105761.62
105761.63
105761.63
105761.6
105761.65
105761.62
105761.66
105761.62
105761.63
105761.63
105761.6
105761.65
105761.6
105761.61
105761.6
105761.61
105761.6
105761.61
105761.61
105761.59
105761.59
105761.63
105761.68
105761.68
105761.69
105761.68
105761.68
105761.67
105761.66
105761.67
105761.67
105761.66
105761.67
105761.67
105761.7
105761.69
105761.69
105761.67
105761.68
105761.68
105761.71
105761.7
105761.71
105761.72
105761.72
105761.7
105761.71
105761.71
105761.71
105761.72
105761.7
105761.69
105761.69
105761.7
105761.7
105761.72
105761.72
105761.72
105761.72
105761.72
105761.72
105761.71
105761.71
105761.72
105761.71
105761.72
105761.72
105761.72
105761.72
105761.72
105761.72
105761.71
105761.7
105761.69
105761.69
105761.7
105761.7
105761.7
105761.71
105761.7
105761.67
105761.69
105761.71
105761.69
105761.69
105761.7
105761.68
105761.67
105761.69
105761.69
105761.68
105761.7
105761.7
105761.68
105761.67
105761.69
105761.68
105761.7
105761.69
105761.72
105761.71
105761.71
105761.7
105761.72
105761.7
105761.71
105761.7
105761.69
105761.71
105761.7
105761.7
105761.7
105761.68
105761.68
105761.68
105761.67
105761.69
105761.67
105761.69
105761.67
105761.67
105761.69
105761.69
105761.69
105761.68
105761.67
105761.68
105761.68
105761.67
105761.69
105761.72
105761.7
105761.71
105761.7
105761.69
105761.71
105761.68
105761.71
105761.68
105761.7
105761.67
105761.69
105761.7
105761.68
105761.68
105761.66
105761.66
105761.68
105761.7
105761.69
105761.68
105761.67
105761.7
105761.63
105761.66
105761.62
105761.64
105761.63
105761.66
105761.64
105761.64
105761.64
105761.63
105761.62
105761.63
105761.67
105761.67
105761.66
105761.65
105761.65
105761.64
105761.65
105761.65
105761.64
105761.65
105761.64
105761.65
105761.65
105761.66
105761.66
105761.65
105761.68
105761.63
105761.68
105761.66
105761.63
105761.61
105761.61
105761.59
105761.63
105761.64
105761.66
105761.61
105761.66
105761.63
105761.61
105761.62
105761.6
105761.6
105761.63
105761.6
105761.69
105761.69
105761.66
105761.68
105761.7
105761.68
105761.67
105761.68
105761.64
105761.65
105761.66
105761.67
105761.65
105761.67
105761.63
105761.62
105761.65
105761.61
105761.61
105761.61
105761.63
105761.64
105761.63
105761.59
105761.58
105761.59
105761.59
105761.62
105761.61
105761.62
105761.6
105761.59
105761.61
105761.59
105761.61
105761.6
105761.59
105761.58
105761.59
105761.59
105761.63
105761.61
105761.62
105761.59
105761.6
105761.61
105761.59
105761.61
105761.6
105761.6
105761.64
105761.62
105761.62
105761.62
105761.66
105761.62
105761.63
105761.6
105761.63
105761.65
105761.6
105761.61
105761.6
105761.61
105761.6
105761.61
105761.61
105761.59
105761.59
105761.62
105761.63
105761.66
105761.62
105761.64
105761.63
105761.66
105761.64
105761.64
105761.64
105761.63
105761.62
105761.63
105761.67
105761.67
105761.66
105761.65
105761.65
105761.64
105761.67
105761.64
105761.69
105761.65
105761.69
105761.67
105761.64
105761.65
105761.65
105761.64
105761.65
105761.64
105761.65
105761.65
105761.66
105761.61
105761.59
105761.61
105761.62
105761.6
105761.6
105761.6
105761.63
105761.64
105761.64
105761.67
105761.61
105761.67
105761.61
105761.63
105761.69
105761.69
105761.66
105761.68
105761.7
105761.68
105761.67
105761.68
105761.64
105761.65
105761.66
105761.67
105761.65
105761.67
105761.63
105761.62
105761.65
105761.62
105761.61
105761.62
105761.63
105761.63
105761.64
105761.72
105761.72
105761.72
105761.72
105761.72
105761.72
105761.72
105761.72
105761.72
105761.72
105761.72
105761.72
105761.72
105761.72
105761.72
105761.7
105761.7
105761.72
105761.72
105761.7
105761.72
105761.68
105761.68
105761.69
105761.67
105761.67
105761.67
105761.65
105761.67
105761.67
105761.65
105761.66
105761.66
105761.7
105761.69
105761.69
105761.67
105761.68
105761.68
105761.71
105761.7
105761.71
105761.7
105761.69
105761.69
105761.7
105761.7
105761.71
105761.71
105761.72
105761.71
105761.72
105761.72
105761.71
105761.71
105761.71
105761.7
105761.71
105761.71
105761.72
105761.71
105761.72
105761.72
105761.71
105761.7
105761.69
105761.69
105761.7
105761.7
105761.7
105761.7
105761.69
105761.66
105761.69
105761.71
105761.69
105761.68
105761.7
105761.68
105761.67
105761.69
105761.69
105761.68
105761.7
105761.7
105761.69
105761.66
105761.69
105761.71
105761.68
105761.69
105761.7
105761.68
105761.67
105761.69
105761.68
105761.7
105761.69
105761.71
105761.7
105761.71
105761.7
105761.7
105761.7
105761.67
105761.68
105761.68
105761.66
105761.69
105761.66
105761.69
105761.67
105761.66
105761.68
105761.66
105761.68
105761.67
105761.66
105761.68
105761.71
105761.7
105761.7
105761.69
105761.69
105761.71
105761.67
105761.71
105761.67
105761.69
105761.67
105761.68
105761.7
105761.68
105761.67
105761.65
105761.66
105761.62
105761.61
105761.65
105761.63
105761.62
105761.65
105761.63
105761.64
105761.63
105761.62
105761.62
105761.62
105761.66
105761.67
105761.66
105761.64
105761.65
105761.64
105761.65
105761.64
105761.64
105761.65
105761.63
105761.65
105761.65
105761.66
105761.66
105761.65
105761.67
105761.63
105761.68
105761.66
105761.63
105761.63
105761.67
105761.64
105761.62
105761.66
105761.61
105761.64
105761.61
105761.61
105761.59
105761.62
105761.6
105761.6
105761.62
105761.6
105761.62
105761.62
105761.68
105761.64
105761.64
105761.65
105761.66
105761.65
105761.67
105761.66
105761.65
105761.61
105761.65
105761.68
105761.64
105761.64
105761.64
105761.61
105761.6
105761.61
105761.62
105761.63
105761.62
105761.59
105761.58
105761.59
105761.59
105761.62
105761.61
105761.61
105761.6
105761.59
105761.6
105761.59
105761.6
105761.6
105761.59
105761.58
105761.59
105761.59
105761.62
105761.61
105761.61
105761.59
105761.6
105761.6
105761.59
105761.6
105761.59
105761.6
105761.63
105761.62
105761.62
105761.61
105761.65
105761.61
105761.62
105761.63
105761.6
105761.64
105761.61
105761.65
105761.61
105761.62
105761.6
105761.63
105761.64
105761.59
105761.6
105761.59
105761.6
105761.6
105761.61
105761.61
105761.59
105761.59
105761.62
105761.62
105761.61
105761.65
105761.63
105761.62
105761.65
105761.63
105761.64
105761.63
105761.62
105761.62
105761.66
105761.64
105761.65
105761.68
105761.68
105761.63
105761.67
105761.64
105761.64
105761.64
105761.65
105761.63
105761.65
105761.65
105761.66
105761.63
105761.62
105761.64
105761.67
105761.66
105761.61
105761.64
105761.62
105761.6
105761.6
105761.59
105761.62
105761.63
105761.64
105761.66
105761.61
105761.66
105761.61
105761.63
105761.62
105761.62
105761.69
105761.69
105761.65
105761.68
105761.7
105761.68
105761.66
105761.67
105761.64
105761.64
105761.65
105761.66
105761.64
105761.66
105761.66
105761.65
105761.61
105761.65
105761.67
105761.63
105761.64
105761.64
105761.61
105761.6
105761.61
105761.62
105761.62
105761.63
105761.71
105761.71
105761.71
105761.69
105761.71
105761.7
105761.7
105761.71
105761.69
105761.7
105761.7
105761.7
105761.7
105761.68
105761.68
105761.68
105761.68
105761.69
105761.68
105761.68
105761.71
105761.7
105761.7
105761.71
105761.69
105761.7
105761.68
105761.7
105761.69
105761.7
105761.68
105761.67
105761.68
105761.67
105761.71
105761.71
105761.71
105761.7
105761.71
105761.71
105761.7
105761.71
105761.69
105761.7
105761.7
105761.7
105761.7
105761.67
105761.68
105761.68
105761.68
105761.68
105761.68
105761.68
105761.71
105761.71
105761.7
105761.71
105761.69
105761.69
105761.68
105761.7
105761.69
105761.7
105761.68
105761.67
105761.68
105761.67
105761.65
105761.66
105761.68
105761.68
105761.69
105761.67
105761.67
105761.67
105761.65
105761.67
105761.67
105761.65
105761.67
105761.67
105761.7
105761.69
105761.69
105761.67
105761.68
105761.68
105761.71
105761.71
105761.7
105761.72
105761.72
105761.7
105761.71
105761.71
105761.71
105761.7
105761.71
105761.71
105761.72
105761.71
105761.72
105761.72
105761.71
105761.7
105761.69
105761.69
105761.7
105761.7
105761.71
105761.71
105761.7
105761.72
105761.72
105761.7
105761.71
105761.71
105761.71
105761.7
105761.71
105761.71
105761.72
105761.71
105761.72
105761.72
105761.71
105761.7
105761.69
105761.69
105761.7
105761.7
105761.7
105761.7
105761.69
105761.66
105761.69
105761.71
105761.69
105761.68
105761.7
105761.68
105761.67
105761.69
105761.69
105761.68
105761.7
105761.7
105761.69
105761.66
105761.69
105761.71
105761.69
105761.68
105761.7
105761.68
105761.67
105761.69
105761.69
105761.68
105761.7
105761.59
105761.58
105761.59
105761.59
105761.62
105761.61
105761.61
105761.6
105761.59
105761.6
105761.59
105761.6
105761.6
105761.59
105761.58
105761.59
105761.59
105761.6
105761.6
105761.6
105761.63
105761.62
105761.62
105761.61
105761.65
105761.62
105761.61
105761.64
105761.6
105761.63
105761.59
105761.6
105761.59
105761.6
105761.63
105761.62
105761.65
105761.64
105761.63
105761.65
105761.63
105761.64
105761.63
105761.62
105761.62
105761.63
105761.67
105761.67
105761.66
105761.64
105761.65
105761.64
105761.66
105761.65
105761.64
105761.69
105761.68
105761.63
105761.67
105761.65
105761.64
105761.64
105761.66
105761.65
105761.68
105761.63
105761.68
105761.66
105761.63
105761.65
105761.64
105761.65
105761.65
105761.66
105761.61
105761.61
105761.59
105761.63
105761.64
105761.66
105761.61
105761.66
105761.63
105761.61
105761.62
105761.6
105761.6
105761.6
105761.62
105761.62
105761.62
105761.69
105761.69
105761.65
105761.68
105761.7
105761.68
105761.66
105761.66
105761.65
105761.61
105761.65
105761.68
105761.64
105761.64
105761.64
105761.61
105761.6
105761.61
105761.62
105761.62
105761.63
105761.62
105761.61
105761.65
105761.64
105761.63
105761.65
105761.63
105761.64
105761.63
105761.62
105761.62
105761.63
105761.66
105761.67
105761.66
105761.64
105761.65
105761.64
105761.67
105761.65
105761.64
105761.69
105761.68
105761.63
105761.67
105761.64
105761.64
105761.64
105761.66
105761.65
105761.67
105761.63
105761.68
105761.65
105761.63
105761.65
105761.63
105761.65
105761.65
105761.66
105761.64
105761.64
105761.62
105761.67
105761.67
105761.61
105761.64
105761.61
105761.6
105761.59
105761.63
105761.64
105761.66
105761.61
105761.66
105761.63
105761.61
105761.62
105761.6
105761.6
105761.6
105761.62
105761.62
105761.62
105761.69
105761.69
105761.65
105761.68
105761.7
105761.68
105761.66
105761.68
105761.64
105761.64
105761.65
105761.66
105761.65
105761.67
105761.64
105761.61
105761.6
105761.61
105761.62
105761.62
105761.63
105761.72
105761.72
105761.72
105761.71
105761.72
105761.72
105761.72
105761.72
105761.7
105761.72
105761.7
105761.72
105761.72
105761.7
105761.62
105761.6
105761.6
105761.61
105761.61
105761.61
105761.62
105761.63
105761.61
105761.6
105761.61
105761.62
105761.61
105761.62
105761.63
105761.61
105761.6
105761.61
105761.61
105761.61
105761.62
105761.62
105761.61
105761.6
105761.61
105761.61
105761.61
105761.62
105761.72
105761.72
105761.73
105761.72
105761.72
105761.72
105761.72
105761.72
105761.72
105761.72
105761.72
105761.72
105761.72
105761.72
105761.72
105761.72
105761.72
105761.72
105761.72
105761.72
105761.72
105761.72
105761.72
105761.72
105761.72
105761.72
105761.72
105761.72
105761.76
105761.73
105761.74
105761.8
105761.73
105761.76
105761.79
105761.72
105761.72
105761.72
105761.72
105761.72
105761.72
105761.71
105761.75
105761.73
105761.76
105761.73
105761.73
105761.76
105761.75
105761.72
105761.72
105761.72
105761.72
105761.72
105761.73
105761.72
105761.76
105761.72
105761.74
105761.8
105761.72
105761.79
105761.76
105761.67
105761.7
105761.69
105761.66
105761.7
105761.66
105761.67
105761.6
105761.59
105761.61
105761.59
105761.6
105761.68
105761.7
105761.69
105761.66
105761.7
105761.67
105761.67
105761.6
105761.59
105761.62
105761.6
105761.61
105761.64
105761.66
105761.61
105761.65
105761.67
105761.62
105761.63
105761.63
105761.65
105761.61
105761.63
105761.65
105761.61
105761.62
105761.63
105761.66
105761.61
105761.64
105761.66
105761.63
105761.61
105761.79
105761.72
105761.72
105761.72
105761.72
105761.72
105761.72
105761.72
105761.73
105761.73
105761.78
105761.78
105761.8
105761.73
105761.73
105761.72
105761.72
105761.72
105761.72
105761.72
105761.72
105761.72
105761.73
105761.72
105761.73
105761.73
105761.73
105761.73
105761.72
105761.79
105761.76
105761.72
105761.72
105761.72
105761.72
105761.72
105761.72
105761.72
105761.72
105761.73
105761.73
105761.73
105761.72
105761.72
105761.72
105761.72
105761.73
105761.73
105761.73
105761.72
105761.72
105761.72
105761.72
105761.72
105761.72
105761.72
105761.72
105761.72
105761.79
105761.76
105761.72
105761.72
105761.72
105761.72
105761.72
105761.72
105761.79
105761.72
105761.72
105761.72
105761.72
105761.72
105761.72
105761.72
105761.72
105761.73
105761.73
105761.72
105761.73
105761.72
105761.72
105761.72
105761.72
105761.73
105761.72
105761.73
105761.72
105761.72
105761.72
105761.72
105761.73
105761.73
105761.73
105761.72
105761.72
105761.72
105761.73
105761.73
105761.72
105761.73
105761.72
105761.72
105761.72
105761.72
105761.73
105761.73
105761.73
105761.72
105761.72
105761.72
105761.72
105761.72
105761.72
105761.72
105761.72
105761.72
105761.72
105761.72
105761.72
105761.72
105761.72
105761.72
105761.72
105761.72
105761.72
105761.72
105761.72
105761.72
105761.72
105761.72
105761.65
105761.66
105761.72
105761.72
105761.71
105761.71
105761.72
105761.72
105761.65
105761.66
105761.72
105761.72
105761.71
105761.71
105761.72
105761.72
105761.64
105761.64
105761.72
105761.7
105761.72
105761.7
105761.72
105761.7
105761.72
105761.71
105761.69
105761.71
105761.71
105761.71
105761.72
105761.72
105761.69
105761.67
105761.68
105761.7
105761.68
105761.71
105761.7
105761.71
105761.68
105761.7
105761.7
105761.71
105761.72
105761.72
105761.76
105761.73
105761.77
105761.8
105761.73
105761.75
105761.8
105761.76
105761.77
105761.73
105761.79
105761.73
105761.79
105761.76
105761.74
105761.75
105761.75
105761.81
105761.73
105761.78
105761.77
105761.78
105761.8
105761.81
105761.8
105761.75
105761.75
105761.75
105761.78
105761.78
105761.77
105761.76
105761.73
105761.77
105761.79
105761.73
105761.75
105761.8
105761.74
105761.75
105761.8
105761.75
105761.73
105761.78
105761.77
105761.8
105761.73
105761.76
105761.78
105761.81
105761.74
105761.77
105761.71
105761.71
105761.72
105761.7
105761.72
105761.7
105761.71
105761.66
105761.68
105761.67
105761.66
105761.68
105761.71
105761.71
105761.7
105761.69
105761.71
105761.69
105761.67
105761.71
105761.69
105761.67
105761.67
105761.7
105761.68
105761.76
105761.77
105761.73
105761.8
105761.73
105761.75
105761.8
105761.74
105761.75
105761.75
105761.81
105761.73
105761.78
105761.77
105761.8
105761.75
105761.75
105761.75
105761.78
105761.78
105761.77
105761.8
105761.81
105761.78
105761.78
105761.76
105761.83
105761.83
105761.74
105761.75
105761.76
105761.75
105761.75
105761.74
105761.75
105761.74
105761.74
105761.73
105761.75
105761.73
105761.74
105761.75
105761.73
105761.75
105761.76
105761.77
105761.74
105761.74
105761.76
105761.75
105761.77
105761.77
105761.8
105761.73
105761.76
105761.78
105761.74
105761.81
105761.77
105761.76
105761.73
105761.79
105761.77
105761.73
105761.75
105761.8
105761.77
105761.77
105761.73
105761.81
105761.74
105761.8
105761.77
105761.74
105761.75
105761.75
105761.8
105761.73
105761.77
105761.78
105761.73
105761.74
105761.75
105761.78
105761.73
105761.76
105761.75
105761.8
105761.77
105761.74
105761.76
105761.74
105761.77
105761.75
105761.77
105761.77
105761.74
105761.74
105761.74
105761.76
105761.75
105761.75
105761.74
105761.75
105761.76
105761.75
105761.75
105761.74
105761.75
105761.73
105761.77
105761.74
105761.76
105761.74
105761.77
105761.77
105761.75
105761.75
105761.73
105761.74
105761.73
105761.74
105761.75
105761.73
105761.76
105761.76
105761.76
105761.74
105761.74
105761.76
105761.76
105761.74
105761.8
105761.73
105761.78
105761.76
105761.77
105761.74
105761.81
105761.78
105761.79
105761.78
105761.77
105761.8
105761.78
105761.76
105761.78
105761.74
105761.75
105761.81
105761.75
105761.73
105761.77
105761.78
105761.75
105761.81
105761.82
105761.8
105761.78
105761.8
105761.77
105761.77
105761.74
105761.76
105761.74
105761.77
105761.75
105761.77
105761.73
105761.72
105761.74
105761.73
105761.72
105761.73
105761.74
105761.73
105761.74
105761.74
105761.76
105761.73
105761.74
105761.75
105761.73
105761.74
105761.73
105761.75
105761.72
105761.74
105761.73
105761.74
105761.75
105761.73
105761.76
105761.8
105761.73
105761.77
105761.73
105761.75
105761.8
105761.8
105761.83
105761.81
105761.77
105761.77
105761.73
105761.81
105761.73
105761.77
105761.8
105761.74
105761.75
105761.81
105761.75
105761.73
105761.77
105761.78
105761.76
105761.8
105761.73
105761.77
105761.73
105761.75
105761.8
105761.77
105761.77
105761.73
105761.81
105761.74
105761.77
105761.81
105761.73
105761.74
105761.75
105761.78
105761.73
105761.76
105761.75
105761.75
105761.79
105761.79
105761.77
105761.78
105761.76
105761.76
105761.72
105761.73
105761.73
105761.75
105761.72
105761.74
105761.73
105761.75
105761.74
105761.73
105761.73
105761.74
105761.72
105761.73
105761.72
105761.73
105761.74
105761.74
105761.75
105761.76
105761.75
105761.75
105761.75
105761.74
105761.74
105761.75
105761.76
105761.75
105761.75
105761.75
105761.74
105761.72
105761.72
105761.72
105761.73
105761.72
105761.72
105761.72
105761.7
105761.72
105761.7
105761.71
105761.7
105761.71
105761.69
105761.68
105761.71
105761.7
105761.68
105761.7
105761.67
105761.69
105761.68
105761.7
105761.69
105761.7
105761.68
105761.67
105761.63
105761.62
105761.64
105761.67
105761.66
105761.61
105761.64
105761.63
105761.64
105761.66
105761.61
105761.66
105761.61
105761.63
105761.62
105761.64
105761.63
105761.64
105761.68
105761.67
105761.62
105761.65
105761.6
105761.64
105761.62
105761.62
105761.71
105761.72
105761.71
105761.7
105761.72
105761.7
105761.71
105761.71
105761.67
105761.64
105761.69
105761.65
105761.68
105761.67
105761.64
105761.64
105761.67
105761.65
105761.63
105761.67
105761.62
105761.65
105761.67
105761.66
105761.66
105761.62
105761.68
105761.64
105761.64
105761.62
105761.66
105761.62
105761.63
105761.63
105761.6
105761.64
105761.66
105761.65
105761.68
105761.63
105761.68
105761.64
105761.66
105761.71
105761.7
105761.71
105761.72
105761.72
105761.7
105761.71
105761.71
105761.72
105761.71
105761.69
105761.72
105761.7
105761.71
105761.71
105761.69
105761.71
105761.7
105761.7
105761.7
105761.69
105761.71
105761.68
105761.68
105761.68
105761.68
105761.7
105761.69
105761.68
105761.67
105761.7
105761.66
105761.64
105761.65
105761.68
105761.68
105761.63
105761.67
105761.63
105761.64
105761.66
105761.61
105761.66
105761.63
105761.61
105761.69
105761.69
105761.65
105761.67
105761.7
105761.68
105761.66
105761.66
105761.64
105761.67
105761.63
105761.67
105761.63
105761.65
105761.61
105761.59
105761.6
105761.66
105761.69
105761.69
105761.67
105761.68
105761.67
105761.66
105761.67
105761.68
105761.68
105761.67
105761.68
105761.71
105761.7
105761.68
105761.7
105761.67
105761.68
105761.66
105761.66
105761.66
105761.69
105761.69
105761.66
105761.68
105761.67
105761.66
105761.66
105761.68
105761.67
105761.67
105761.68
105761.71
105761.7
105761.67
105761.7
105761.67
105761.68
105761.71
105761.59
105761.62
105761.61
105761.61
105761.6
105761.59
105761.6
105761.61
105761.65
105761.62
105761.61
105761.64
105761.6
105761.63
105761.6
105761.61
105761.61
105761.62
105761.59
105761.59
105761.64
105761.64
105761.62
105761.67
105761.67
105761.61
105761.64
105761.68
105761.64
105761.65
105761.66
105761.67
105761.65
105761.67
105761.76
105761.76
105761.79
105761.79
105761.77
105761.74
105761.76
105761.75
105761.79
105761.78
105761.77
105761.74
105761.76
105761.75
105761.79
105761.77
105761.77
105761.74
105761.76
105761.76
105761.79
105761.79
105761.77
105761.74
105761.76
105761.75
105761.79
105761.78
105761.77
105761.74
105761.76
105761.75
105761.79
105761.77
105761.76
105761.74
105761.76
105761.75
105761.79
105761.78
105761.77
105761.74
105761.76
105761.75
105761.79
105761.77
105761.76
105761.74
105761.76
105761.76
105761.79
105761.79
105761.77
105761.74
105761.76
105761.75
105761.79
105761.77
105761.77
105761.74
105761.76
105761.75
105761.79
105761.77
105761.77
105761.74
105761.68
105761.67
105761.65
105761.65
105761.67
105761.69
105761.68
105761.67
105761.65
105761.65
105761.67
105761.69
105761.66
105761.66
105761.64
105761.64
105761.66
105761.67
105761.68
105761.67
105761.65
105761.65
105761.67
105761.69
105761.68
105761.67
105761.65
105761.65
105761.67
105761.69
105761.66
105761.66
105761.64
105761.64
105761.66
105761.67
105761.67
105761.67
105761.65
105761.65
105761.66
105761.68
105761.67
105761.67
105761.65
105761.64
105761.66
105761.68
105761.65
105761.65
105761.64
105761.63
105761.65
105761.67
105761.67
105761.67
105761.65
105761.65
105761.66
105761.68
105761.67
105761.67
105761.65
105761.65
105761.66
105761.68
105761.65
105761.65
105761.63
105761.64
105761.65
105761.67
105761.72
105761.7
105761.7
105761.72
105761.7
105761.72
105761.72
105761.72
105761.72
105761.72
105761.73
105761.72
105761.73
105761.72
105761.67
105761.66
105761.66
105761.62
105761.68
105761.64
105761.64
105761.67
105761.66
105761.66
105761.62
105761.68
105761.64
105761.64
105761.62
105761.66
105761.67
105761.66
105761.64
105761.65
105761.64
105761.76
105761.76
105761.79
105761.79
105761.77
105761.74
105761.71
105761.71
105761.71
105761.72
105761.72
105761.72
105761.72
105761.71
105761.71
105761.71
105761.72
105761.71
105761.72
105761.71
105761.71
105761.71
105761.71
105761.72
105761.72
105761.72
105761.72
105761.71
105761.71
105761.71
105761.72
105761.72
105761.72
105761.72
105761.71
105761.71
105761.71
105761.72
105761.72
105761.72
105761.72
105761.71
105761.71
105761.71
105761.72
105761.72
105761.72
105761.72
105761.71
105761.71
105761.71
105761.72
105761.72
105761.72
105761.72
105761.71
105761.71
105761.71
105761.72
105761.72
105761.72
105761.72
105761.71
105761.71
105761.71
105761.72
105761.72
105761.72
105761.72
105761.71
105761.71
105761.71
105761.72
105761.72
105761.72
105761.72
105761.71
105761.71
105761.71
105761.72
105761.72
105761.72
105761.72
105761.71
105761.71
105761.71
105761.72
105761.72
105761.72
105761.72
105761.72
105761.72
105761.72
105761.72
105761.72
105761.72
105761.72
105761.72
105761.72
105761.72
105761.72
105761.72
105761.72
105761.72
105761.72
105761.72
105761.72
105761.72
105761.72
105761.72
105761.72
105761.72
105761.72
105761.72
105761.72
105761.72
105761.72
105761.72
105761.72
105761.72
105761.72
105761.72
105761.72
105761.72
105761.72
105761.72
105761.72
105761.72
105761.72
105761.72
105761.72
105761.72
105761.72
105761.72
105761.72
105761.72
105761.72
105761.72
105761.72
105761.72
105761.72
105761.72
105761.72
105761.72
105761.72
105761.72
105761.72
105761.72
105761.72
105761.72
105761.72
105761.72
105761.72
105761.72
105761.72
105761.72
105761.72
105761.72
105761.72
105761.72
105761.72
105761.72
105761.72
105761.72
105761.72
105761.72
105761.72
105761.72
105761.72
105761.72
105761.72
105761.72
105761.72
105761.72
105761.72
105761.72
105761.72
105761.72
105761.72
105761.72
105761.72
105761.72
105761.72
105761.72
105761.72
105761.72
105761.72
105761.72
105761.72
105761.72
105761.72
105761.72
105761.72
105761.72
105761.72
105761.72
105761.72
105761.72
105761.72
105761.72
105761.72
105761.72
105761.72
105761.72
105761.72
105761.72
105761.72
105761.72
105761.72
105761.72
105761.72
105761.72
105761.72
105761.72
105761.72
105761.72
105761.72
105761.72
105761.72
105761.72
105761.72
105761.72
105761.72
105761.72
105761.72
105761.72
105761.72
105761.72
105761.72
105761.72
105761.72
105761.72
105761.72
105761.72
105761.72
105761.72
105761.72
105761.72
105761.72
105761.72
105761.72
105761.72
105761.72
105761.72
105761.72
105761.72
105761.72
105761.72
105761.72
105761.72
105761.72
105761.72
105761.72
105761.72
105761.72
105761.72
105761.72
105761.72
105761.72
105761.72
105761.72
105761.72
105761.72
105761.72
105761.72
105761.72
105761.72
105761.72
105761.72
105761.72
105761.72
105761.72
105761.72
105761.72
105761.72
105761.72
105761.72
105761.72
105761.72
105761.72
105761.72
105761.72
105761.72
105761.72
105761.72
105761.72
105761.72
105761.72
105761.72
105761.72
105761.72
105761.72
105761.72
105761.72
105761.72
105761.72
105761.72
105761.72
105761.72
105761.72
105761.72
105761.72
105761.72
105761.72
105761.72
105761.72
105761.72
105761.72
105761.72
105761.72
105761.72
105761.72
105761.72
105761.72
105761.72
105761.72
105761.72
105761.72
105761.72
105761.72
105761.72
105761.72
105761.72
105761.72
105761.72
105761.72
105761.72
105761.72
105761.72
105761.72
105761.72
105761.72
105761.72
105761.72
105761.72
105761.72
105761.72
105761.72
105761.72
105761.72
105761.72
105761.72
105761.72
105761.72
105761.72
105761.72
105761.72
105761.72
105761.72
105761.72
105761.72
105761.72
105761.72
105761.72
105761.72
105761.72
105761.72
105761.72
105761.72
105761.72
105761.72
105761.72
105761.72
105761.72
105761.72
105761.72
105761.72
105761.72
105761.72
105761.72
105761.72
105761.72
105761.72
105761.72
105761.72
105761.72
105761.72
105761.72
105761.72
105761.72
105761.72
105761.72
105761.72
105761.72
105761.72
105761.72
105761.72
105761.72
105761.72
105761.72
105761.72
105761.72
105761.72
105761.72
105761.72
105761.72
105761.72
105761.72
105761.72
105761.72
105761.72
105761.72
105761.72
105761.72
105761.72
105761.72
105761.72
105761.72
105761.72
105761.72
105761.72
105761.72
105761.72
105761.72
105761.72
105761.72
105761.72
105761.72
105761.72
105761.72
105761.72
105761.72
105761.72
105761.72
105761.72
105761.72
105761.72
105761.72
105761.72
105761.72
105761.72
105761.72
105761.72
105761.72
105761.72
105761.72
105761.72
105761.72
105761.72
105761.72
105761.72
105761.72
105761.72
105761.72
105761.72
105761.72
105761.72
105761.72
105761.72
105761.72
105761.72
105761.72
105761.72
105761.72
105761.72
105761.72
105761.72
105761.72
105761.72
105761.72
105761.72
105761.72
105761.72
105761.72
105761.72
105761.72
105761.72
105761.72
105761.72
105761.72
105761.72
105761.72
105761.72
105761.72
105761.72
105761.72
105761.72
105761.72
105761.72
105761.72
105761.72
105761.72
105761.72
105761.72
105761.72
105761.72
105761.72
105761.72
105761.72
105761.72
105761.72
105761.72
105761.72
105761.72
105761.72
105761.72
105761.72
105761.72
105761.72
105761.72
105761.72
105761.72
105761.72
105761.72
105761.72
105761.72
105761.72
105761.72
105761.72
105761.72
105761.72
105761.72
105761.72
105761.72
105761.72
105761.72
105761.72
105761.72
105761.72
105761.72
105761.72
105761.72
105761.72
105761.72
105761.72
105761.72
105761.72
105761.72
105761.72
105761.72
105761.72
105761.72
105761.72
105761.72
105761.72
105761.72
105761.72
105761.72
105761.72
105761.72
105761.72
105761.72
105761.72
105761.72
105761.71
105761.71
105761.72
105761.72
105761.72
105761.72
105761.72
105761.72
105761.72
105761.72
105761.72
105761.72
105761.72
105761.72
105761.72
105761.72
105761.72
105761.72
105761.71
105761.72
105761.71
105761.72
105761.72
105761.72
105761.72
105761.72
105761.72
105761.72
105761.72
105761.72
105761.72
105761.72
105761.72
105761.72
105761.72
105761.72
105761.72
105761.72
105761.72
105761.72
105761.71
105761.72
105761.72
105761.72
105761.72
105761.72
105761.71
105761.71
105761.71
105761.71
105761.71
105761.71
105761.71
105761.71
105761.71
105761.71
105761.71
105761.72
105761.71
105761.72
105761.71
105761.71
105761.71
105761.71
105761.72
105761.71
105761.63
105761.72
105761.7
105761.68
105761.62
105761.71
105761.66
105761.72
105761.7
105761.71
105761.66
105761.7
105761.71
105761.71
105761.71
105761.71
105761.71
105761.71
105761.71
105761.71
105761.71
105761.71
105761.71
105761.7
105761.7
105761.71
105761.58
105761.71
105761.7
105761.64
105761.55
105761.7
105761.67
105761.72
105761.7
105761.71
105761.63
105761.7
105761.68
105761.71
105761.71
105761.71
105761.71
105761.71
105761.7
105761.7
105761.7
105761.71
105761.71
105761.71
105761.7
105761.71
105761.71
105761.71
105761.71
105761.71
105761.71
105761.71
105761.7
105761.71
105761.7
105761.72
105761.72
105761.72
105761.72
105761.72
105761.72
105761.72
105761.72
105761.72
105761.72
105761.72
105761.72
105761.72
105761.72
105761.72
105761.72
105761.72
105761.72
105761.72
105761.72
105761.72
105761.72
105761.72
105761.72
105761.72
105761.72
105761.72
105761.72
105761.72
105761.72
105761.72
105761.72
105761.72
105761.72
105761.72
105761.72
105761.72
105761.72
105761.72
105761.72
105761.72
105761.72
105761.72
105761.72
105761.72
105761.72
105761.72
105761.72
105761.72
105761.72
105761.72
105761.72
105761.72
105761.72
105761.72
105761.72
105761.72
105761.72
105761.72
105761.72
105761.72
105761.72
105761.72
105761.72
105761.72
105761.72
105761.72
105761.72
105761.72
105761.72
105761.72
105761.72
105761.72
105761.72
105761.72
105761.72
105761.72
105761.72
105761.72
105761.72
105761.72
105761.72
105761.72
105761.72
105761.72
105761.72
105761.72
105761.72
105761.72
105761.72
105761.72
105761.72
105761.72
105761.72
105761.72
105761.72
105761.72
105761.72
105761.72
105761.72
105761.72
105761.72
105761.72
105761.72
105761.72
105761.72
105761.72
105761.72
105761.72
105761.72
105761.72
105761.72
105761.72
105761.72
105761.72
105761.72
105761.72
105761.72
105761.72
105761.72
105761.72
105761.72
105761.72
105761.72
105761.72
105761.72
105761.72
105761.72
105761.72
105761.72
105761.72
105761.72
105761.72
105761.72
105761.72
105761.72
105761.72
105761.72
105761.72
105761.72
105761.72
105761.72
105761.72
105761.72
105761.72
105761.72
105761.72
105761.72
105761.72
105761.72
105761.72
105761.72
105761.72
105761.72
105761.72
105761.72
105761.72
105761.72
105761.72
105761.72
105761.72
105761.72
105761.72
105761.72
105761.72
105761.72
105761.72
105761.72
105761.72
105761.72
105761.72
105761.72
105761.72
105761.72
105761.72
105761.72
105761.72
105761.72
105761.72
105761.72
105761.72
105761.72
105761.72
105761.72
105761.72
105761.72
105761.72
105761.72
105761.72
105761.72
105761.72
105761.72
105761.72
105761.72
105761.72
105761.72
105761.72
105761.72
105761.72
105761.72
105761.72
105761.72
105761.72
105761.72
105761.72
105761.72
105761.72
105761.72
105761.72
105761.72
105761.72
105761.72
105761.72
105761.72
105761.72
105761.72
105761.72
105761.72
105761.72
105761.72
105761.72
105761.72
105761.72
105761.72
105761.72
105761.72
105761.72
105761.72
105761.72
105761.72
105761.72
105761.72
105761.72
105761.72
105761.72
105761.72
105761.72
105761.72
105761.72
105761.72
105761.72
105761.72
105761.72
105761.72
105761.72
105761.72
105761.72
105761.72
105761.72
105761.72
105761.72
105761.72
105761.72
105761.72
105761.72
105761.72
105761.72
105761.72
105761.72
105761.72
105761.72
105761.72
105761.72
105761.72
105761.72
105761.72
105761.72
105761.72
105761.72
105761.72
105761.72
105761.72
105761.72
105761.72
105761.72
105761.72
105761.72
105761.72
105761.72
105761.72
105761.72
105761.72
105761.72
105761.72
105761.72
105761.72
105761.72
105761.72
105761.72
105761.72
105761.72
105761.72
105761.72
105761.72
105761.72
105761.72
105761.72
105761.72
105761.72
105761.72
105761.72
105761.72
105761.72
105761.72
105761.72
105761.72
105761.72
105761.72
105761.72
105761.72
105761.72
105761.72
105761.72
105761.72
105761.72
105761.72
105761.72
105761.72
105761.72
105761.72
105761.72
105761.72
105761.72
105761.72
105761.72
105761.72
105761.72
105761.72
105761.72
105761.72
105761.72
105761.72
105761.72
105761.72
105761.72
105761.72
105761.72
105761.72
105761.72
105761.72
105761.72
105761.72
105761.72
105761.72
105761.72
105761.72
105761.72
105761.72
105761.72
105761.72
105761.72
105761.72
105761.72
105761.72
105761.72
105761.72
105761.72
105761.72
105761.72
105761.72
105761.72
105761.72
105761.72
105761.72
105761.72
105761.72
105761.72
105761.72
105761.72
105761.72
105761.72
105761.72
105761.72
105761.72
105761.72
105761.72
105761.72
105761.72
105761.72
105761.72
105761.72
105761.72
105761.72
105761.72
105761.72
105761.72
105761.72
105761.72
105761.72
105761.72
105761.72
105761.72
105761.72
105761.72
105761.72
105761.72
105761.72
105761.72
105761.72
105761.72
105761.72
105761.72
105761.72
105761.72
105761.72
105761.72
105761.72
105761.72
105761.72
105761.72
105761.72
105761.72
105761.72
105761.72
105761.72
105761.72
105761.72
105761.72
105761.72
105761.72
105761.72
105761.72
105761.72
105761.72
105761.72
105761.72
105761.72
105761.72
105761.72
105761.72
105761.72
105761.72
105761.72
105761.72
105761.72
105761.72
105761.72
105761.72
105761.72
105761.72
105761.72
105761.72
105761.72
105761.72
105761.72
105761.72
105761.72
105761.72
105761.72
105761.72
105761.72
105761.72
105761.72
105761.72
105761.72
105761.72
105761.72
105761.72
105761.72
105761.72
105761.72
105761.72
105761.72
105761.72
105761.72
105761.72
105761.72
105761.72
105761.72
105761.72
105761.72
105761.72
105761.72
105761.72
105761.72
105761.72
105761.72
105761.72
105761.72
105761.72
105761.72
105761.72
105761.72
105761.72
105761.72
105761.72
105761.72
105761.72
105761.72
105761.72
105761.72
105761.72
105761.72
105761.72
105761.72
105761.72
105761.72
105761.72
105761.72
105761.72
105761.72
105761.72
105761.72
105761.72
105761.72
105761.72
105761.72
105761.72
105761.72
105761.72
105761.72
105761.72
105761.72
105761.72
105761.72
105761.72
105761.72
105761.72
105761.72
105761.72
105761.72
105761.72
105761.72
105761.72
105761.72
105761.72
105761.72
105761.72
105761.72
105761.72
105761.72
105761.72
105761.72
105761.72
105761.72
105761.72
105761.72
105761.72
105761.72
105761.72
105761.72
105761.72
105761.72
105761.72
105761.72
105761.72
105761.72
105761.72
105761.72
105761.72
105761.72
105761.72
105761.72
105761.72
105761.72
105761.72
105761.72
105761.72
105761.72
105761.72
105761.72
105761.72
105761.72
105761.72
105761.72
105761.72
105761.72
105761.72
105761.72
105761.72
105761.72
105761.72
105761.72
105761.72
105761.72
105761.72
105761.72
105761.72
105761.72
105761.72
105761.72
105761.72
105761.72
105761.72
105761.72
105761.72
105761.72
105761.72
105761.72
105761.72
105761.72
105761.72
105761.72
105761.72
105761.72
105761.72
105761.72
105761.72
105761.72
105761.72
105761.72
105761.72
105761.72
105761.72
105761.72
105761.72
105761.72
105761.72
105761.72
105761.72
105761.72
105761.72
105761.72
105761.72
105761.72
105761.72
105761.72
105761.72
105761.72
105761.72
105761.72
105761.72
105761.72
105761.72
105761.72
105761.73
105761.72
105761.73
105761.71
105761.73
105761.72
105761.72
105761.72
105761.71
105761.72
105761.71
105761.72
105761.7
105761.59
105761.66
105761.67
105761.65
105761.67
105761.7
105761.72
105761.72
105761.72
105761.72
105761.72
105761.72
105761.72
105761.72
105761.72
105761.72
105761.71
105761.72
105761.71
105761.72
105761.72
105761.6
105761.69
105761.71
105761.67
105761.7
105761.72
105761.72
105761.72
105761.72
105761.72
105761.72
105761.72
105761.72
105761.71
105761.72
105761.71
105761.71
105761.71
105761.71
105761.71
105761.7
105761.71
105761.7
105761.7
105761.7
105761.71
105761.69
105761.66
105761.56
105761.63
105761.6
105761.64
105761.62
105761.65
105761.7
105761.71
105761.69
105761.71
105761.69
105761.71
105761.69
105761.72
105761.72
105761.72
105761.72
105761.72
105761.72
105761.72
105761.71
105761.72
105761.71
105761.71
105761.72
105761.72
105761.71
105761.7
105761.57
105761.7
105761.63
105761.69
105761.64
105761.72
105761.72
105761.72
105761.72
105761.72
105761.72
105761.72
105761.71
105761.71
105761.71
105761.7
105761.71
105761.7
105761.72
105761.71
105761.73
105761.72
105761.72
105761.72
105761.72
105761.72
105761.72
105761.72
105761.72
105761.72
105761.72
105761.72
105761.72
105761.73
105761.72
105761.73
105761.72
105761.72
105761.72
105761.72
105761.73
105761.73
105761.72
105761.72
105761.72
105761.72
105761.72
105761.72
105761.75
105761.73
105761.76
105761.73
105761.73
105761.75
105761.76
105761.72
105761.72
105761.72
105761.72
105761.72
105761.72
105761.73
105761.72
105761.72
105761.72
105761.72
105761.72
105761.72
105761.73
105761.78
105761.73
105761.72
105761.72
105761.73
105761.75
105761.75
105761.72
105761.72
105761.72
105761.72
105761.72
105761.72
105761.72
105761.72
105761.72
105761.72
105761.72
105761.72
105761.72
105761.71
105761.72
105761.72
105761.72
105761.72
105761.72
105761.72
105761.71
105761.69
105761.71
105761.72
105761.71
105761.71
105761.7
105761.7
105761.69
105761.7
105761.72
105761.71
105761.71
105761.7
105761.69
105761.72
105761.72
105761.72
105761.72
105761.72
105761.72
105761.72
105761.72
105761.72
105761.72
105761.72
105761.72
105761.72
105761.72
105761.72
105761.71
105761.72
105761.71
105761.72
105761.72
105761.71
105761.72
105761.72
105761.72
105761.72
105761.72
105761.72
105761.72
105761.72
105761.72
105761.72
105761.72
105761.72
105761.72
105761.72
105761.72
105761.72
105761.72
105761.72
105761.72
105761.72
105761.72
105761.72
105761.7
105761.71
105761.72
105761.72
105761.7
105761.72
105761.72
105761.72
105761.72
105761.72
105761.72
105761.72
105761.72
105761.72
105761.72
105761.72
105761.72
105761.72
105761.72
105761.72
105761.72
105761.72
105761.72
105761.72
105761.72
105761.72
105761.72
105761.65
105761.63
105761.64
105761.66
105761.66
105761.63
105761.65
105761.64
105761.62
105761.64
105761.65
105761.66
105761.62
105761.63
105761.62
105761.58
105761.61
105761.58
105761.61
105761.6
105761.62
105761.68
105761.68
105761.67
105761.68
105761.7
105761.69
105761.69
105761.65
105761.7
105761.69
105761.66
105761.65
105761.69
105761.66
105761.72
105761.72
105761.72
105761.72
105761.72
105761.72
105761.72
105761.72
105761.73
105761.72
105761.73
105761.72
105761.72
105761.73
105761.72
105761.73
105761.72
105761.72
105761.72
105761.72
105761.73
105761.72
105761.72
105761.72
105761.72
105761.72
105761.72
105761.72
105761.72
105761.72
105761.72
105761.72
105761.72
105761.72
105761.72
105761.72
105761.72
105761.72
105761.72
105761.72
105761.72
105761.72
105761.72
105761.73
105761.72
105761.73
105761.72
105761.72
105761.73
105761.72
105761.73
105761.72
105761.72
105761.72
105761.72
105761.73
105761.72
105761.72
105761.72
105761.72
105761.72
105761.72
105761.72
105761.72
105761.72
105761.72
105761.72
105761.72
105761.72
105761.72
105761.72
105761.72
105761.72
105761.72
105761.72
105761.72
105761.72
105761.72
105761.72
105761.72
105761.72
105761.72
105761.72
105761.72
105761.72
105761.73
105761.72
105761.72
105761.72
105761.72
105761.73
105761.72
105761.74
105761.72
105761.72
105761.72
105761.72
105761.73
105761.72
105761.72
105761.72
105761.72
105761.72
105761.72
105761.72
105761.72
105761.72
105761.72
105761.72
105761.72
105761.72
105761.72
105761.72
105761.72
105761.72
105761.72
105761.72
105761.72
105761.72
105761.72
105761.72
105761.72
105761.72
105761.72
105761.72
105761.72
105761.72
105761.73
105761.72
105761.72
105761.72
105761.73
105761.72
105761.72
105761.74
105761.72
105761.72
105761.72
105761.73
105761.72
105761.72
105761.72
105761.72
105761.72
105761.72
105761.72
105761.72
105761.72
105761.72
105761.72
105761.72
105761.72
105761.72
105761.72
105761.72
105761.72
105761.72
105761.72
105761.72
105761.72
105761.72
105761.72
105761.73
105761.72
105761.73
105761.72
105761.72
105761.73
105761.72
105761.72
105761.72
105761.72
105761.72
105761.72
105761.72
105761.72
105761.72
105761.72
105761.72
105761.72
105761.72
105761.72
105761.72
105761.72
105761.72
105761.72
105761.72
105761.72
105761.72
105761.72
105761.72
105761.72
105761.72
105761.72
105761.72
105761.72
105761.72
105761.72
105761.72
105761.72
105761.72
105761.72
105761.72
105761.72
105761.73
105761.72
105761.73
105761.72
105761.72
105761.73
105761.72
105761.72
105761.72
105761.72
105761.72
105761.72
105761.72
105761.72
105761.72
105761.72
105761.72
105761.72
105761.72
105761.72
105761.72
105761.72
105761.72
105761.72
105761.72
105761.72
105761.72
105761.72
105761.72
105761.72
105761.72
105761.72
105761.72
105761.72
105761.72
105761.73
105761.73
105761.72
105761.72
105761.73
105761.72
105761.72
105761.72
105761.72
105761.72
105761.72
105761.72
105761.72
105761.72
105761.72
105761.72
105761.72
105761.72
105761.72
105761.72
105761.72
105761.72
105761.72
105761.72
105761.72
105761.72
105761.72
105761.72
105761.72
105761.72
105761.72
105761.72
105761.72
105761.72
105761.73
105761.72
105761.72
105761.72
105761.72
105761.72
105761.72
105761.75
105761.73
105761.73
105761.76
105761.73
105761.75
105761.76
105761.72
105761.72
105761.72
105761.72
105761.72
105761.72
105761.73
105761.73
105761.73
105761.72
105761.72
105761.72
105761.72
105761.73
105761.73
105761.72
105761.72
105761.72
105761.72
105761.72
105761.72
105761.72
105761.72
105761.72
105761.72
105761.72
105761.72
105761.73
105761.72
105761.73
105761.72
105761.72
105761.72
105761.72
105761.73
105761.78
105761.73
105761.72
105761.72
105761.73
105761.75
105761.75
105761.73
105761.72
105761.72
105761.72
105761.72
105761.72
105761.72
105761.73
105761.73
105761.72
105761.72
105761.72
105761.72
105761.73
105761.72
105761.73
105761.72
105761.72
105761.72
105761.72
105761.73
105761.75
105761.73
105761.73
105761.73
105761.73
105761.74
105761.74
105761.75
105761.73
105761.73
105761.73
105761.73
105761.74
105761.74
105761.78
105761.73
105761.72
105761.72
105761.75
105761.73
105761.75
105761.73
105761.72
105761.72
105761.72
105761.72
105761.72
105761.72
105761.72
105761.72
105761.72
105761.72
105761.72
105761.72
105761.73
105761.72
105761.73
105761.72
105761.72
105761.72
105761.72
105761.73
105761.75
105761.73
105761.73
105761.73
105761.74
105761.73
105761.74
105761.73
105761.72
105761.72
105761.72
105761.72
105761.72
105761.72
105761.72
105761.73
105761.72
105761.72
105761.72
105761.72
105761.73
105761.72
105761.73
105761.72
105761.72
105761.72
105761.72
105761.73
105761.75
105761.73
105761.72
105761.72
105761.74
105761.74
105761.73
105761.72
105761.73
105761.73
105761.72
105761.72
105761.73
105761.72
105761.72
105761.72
105761.72
105761.72
105761.72
105761.72
105761.72
105761.72
105761.72
105761.72
105761.72
105761.72
105761.72
105761.72
105761.72
105761.72
105761.72
105761.72
105761.72
105761.72
105761.72
105761.72
105761.72
105761.72
105761.72
105761.72
105761.72
105761.72
105761.72
105761.73
105761.72
105761.73
105761.72
105761.72
105761.73
105761.72
105761.72
105761.72
105761.72
105761.72
105761.72
105761.72
105761.72
105761.72
105761.72
105761.72
105761.72
105761.72
105761.72
105761.72
105761.72
105761.72
105761.72
105761.72
105761.72
105761.72
105761.72
105761.72
105761.72
105761.72
105761.72
105761.72
105761.72
105761.78
105761.73
105761.72
105761.72
105761.75
105761.73
105761.75
105761.73
105761.72
105761.72
105761.72
105761.72
105761.72
105761.72
105761.72
105761.72
105761.72
105761.72
105761.72
105761.72
105761.73
105761.72
105761.72
105761.72
105761.72
105761.72
105761.72
105761.73
105761.75
105761.73
105761.72
105761.72
105761.74
105761.73
105761.74
105761.72
105761.72
105761.72
105761.72
105761.72
105761.72
105761.72
105761.72
105761.72
105761.72
105761.72
105761.72
105761.72
105761.73
105761.72
105761.72
105761.72
105761.72
105761.72
105761.72
105761.73
105761.75
105761.73
105761.72
105761.72
105761.74
105761.74
105761.73
105761.73
105761.72
105761.72
105761.72
105761.72
105761.72
105761.72
105761.72
105761.72
105761.72
105761.72
105761.72
105761.72
105761.73
105761.72
105761.73
105761.72
105761.72
105761.72
105761.72
105761.73
105761.73
105761.72
105761.72
105761.72
105761.72
105761.72
105761.72
105761.72
105761.72
105761.72
105761.72
105761.72
105761.72
105761.73
105761.72
105761.72
105761.72
105761.72
105761.72
105761.72
105761.73
105761.74
105761.73
105761.72
105761.72
105761.74
105761.74
105761.73
105761.75
105761.73
105761.72
105761.72
105761.74
105761.74
105761.73
105761.72
105761.72
105761.72
105761.72
105761.72
105761.72
105761.72
105761.72
105761.72
105761.72
105761.72
105761.72
105761.72
105761.73
105761.72
105761.72
105761.72
105761.72
105761.72
105761.72
105761.73
105761.72
105761.73
105761.72
105761.73
105761.72
105761.72
105761.73
105761.72
105761.72
105761.72
105761.72
105761.72
105761.72
105761.72
105761.72
105761.72
105761.72
105761.72
105761.72
105761.72
105761.72
105761.72
105761.72
105761.72
105761.72
105761.72
105761.72
105761.72
105761.72
105761.72
105761.72
105761.72
105761.72
105761.72
105761.72
105761.72
105761.73
105761.73
105761.72
105761.72
105761.73
105761.72
105761.72
105761.72
105761.72
105761.72
105761.72
105761.72
105761.72
105761.72
105761.72
105761.72
105761.72
105761.72
105761.72
105761.72
105761.72
105761.72
105761.72
105761.72
105761.72
105761.72
105761.72
105761.72
105761.72
105761.72
105761.72
105761.72
105761.72
105761.72
105761.72
105761.72
105761.72
105761.72
105761.72
105761.72
105761.72
105761.72
105761.73
105761.72
105761.72
105761.72
105761.73
105761.72
105761.72
105761.72
105761.72
105761.72
105761.72
105761.72
105761.72
105761.72
105761.72
105761.72
105761.72
105761.72
105761.72
105761.72
105761.72
105761.72
105761.72
105761.72
105761.72
105761.72
105761.72
105761.72
105761.72
105761.72
105761.72
105761.72
105761.72
105761.72
105761.72
105761.72
105761.72
105761.72
105761.72
105761.72
105761.72
105761.72
105761.72
105761.72
105761.72
105761.72
105761.72
105761.72
105761.72
105761.72
105761.72
105761.72
105761.72
105761.72
105761.72
105761.72
105761.7
105761.72
105761.71
105761.72
105761.72
105761.7
105761.72
105761.72
105761.72
105761.72
105761.72
105761.72
105761.72
105761.72
105761.72
105761.72
105761.72
105761.72
105761.72
105761.72
105761.72
105761.72
105761.72
105761.72
105761.72
105761.72
105761.72
105761.72
105761.72
105761.72
105761.72
105761.72
105761.72
105761.72
105761.72
105761.72
105761.72
105761.72
105761.72
105761.72
105761.72
105761.72
105761.7
105761.72
105761.71
105761.72
105761.71
105761.72
105761.72
105761.72
105761.72
105761.72
105761.72
105761.72
105761.72
105761.72
105761.72
105761.72
105761.72
105761.72
105761.72
105761.72
105761.72
105761.72
105761.72
105761.72
105761.72
105761.72
105761.72
105761.72
105761.72
105761.72
105761.72
105761.72
105761.72
105761.72
105761.72
105761.7
105761.71
105761.72
105761.72
105761.71
105761.72
105761.72
105761.72
105761.72
105761.72
105761.72
105761.72
105761.72
105761.72
105761.72
105761.72
105761.72
105761.72
105761.72
105761.72
105761.69
105761.71
105761.72
105761.71
105761.7
105761.71
105761.7
105761.69
105761.71
105761.72
105761.72
105761.7
105761.71
105761.7
105761.68
105761.72
105761.72
105761.72
105761.72
105761.72
105761.71
105761.71
105761.71
105761.72
105761.72
105761.72
105761.72
105761.7
105761.69
105761.68
105761.71
105761.69
105761.7
105761.7
105761.67
105761.68
105761.7
105761.69
105761.66
105761.7
105761.66
105761.67
105761.69
105761.73
105761.73
105761.72
105761.72
105761.72
105761.72
105761.71
105761.71
105761.72
105761.72
105761.72
105761.72
105761.71
105761.69
105761.69
105761.71
105761.69
105761.7
105761.71
105761.67
105761.63
105761.67
105761.68
105761.68
105761.65
105761.65
105761.66
105761.72
105761.72
105761.72
105761.72
105761.72
105761.71
105761.72
105761.72
105761.72
105761.72
105761.72
105761.72
105761.72
105761.71
105761.72
105761.72
105761.72
105761.72
105761.72
105761.72
105761.72
105761.72
105761.71
105761.72
105761.72
105761.72
105761.72
105761.71
105761.72
105761.72
105761.72
105761.72
105761.72
105761.72
105761.71
105761.69
105761.71
105761.72
105761.72
105761.7
105761.7
105761.71
105761.69
105761.72
105761.72
105761.72
105761.72
105761.72
105761.71
105761.71
105761.71
105761.72
105761.72
105761.72
105761.72
105761.7
105761.69
105761.68
105761.71
105761.69
105761.7
105761.7
105761.67
105761.63
105761.66
105761.67
105761.67
105761.64
105761.64
105761.66
105761.69
105761.72
105761.72
105761.72
105761.72
105761.72
105761.72
105761.71
105761.71
105761.72
105761.72
105761.72
105761.72
105761.7
105761.69
105761.68
105761.71
105761.69
105761.7
105761.7
105761.67
105761.72
105761.72
105761.72
105761.72
105761.72
105761.72
105761.72
105761.72
105761.72
105761.72
105761.72
105761.72
105761.72
105761.72
105761.72
105761.71
105761.71
105761.72
105761.72
105761.72
105761.71
105761.72
105761.72
105761.72
105761.72
105761.72
105761.72
105761.72
105761.72
105761.72
105761.72
105761.72
105761.72
105761.72
105761.72
105761.72
105761.72
105761.72
105761.72
105761.72
105761.72
105761.72
105761.72
105761.72
105761.72
105761.72
105761.72
105761.72
105761.72
105761.72
105761.7
105761.72
105761.71
105761.72
105761.71
105761.72
105761.72
105761.72
105761.72
105761.72
105761.72
105761.72
105761.72
105761.72
105761.72
105761.72
105761.72
105761.72
105761.72
105761.72
105761.72
105761.72
105761.72
105761.72
105761.72
105761.72
105761.72
105761.72
105761.72
105761.72
105761.72
105761.72
105761.72
105761.71
105761.72
105761.72
105761.72
105761.72
105761.72
105761.72
105761.72
105761.72
105761.71
105761.72
105761.72
105761.72
105761.72
105761.71
105761.72
105761.71
105761.72
105761.72
105761.72
105761.72
105761.71
105761.69
105761.7
105761.71
105761.71
105761.7
105761.69
105761.71
105761.68
105761.7
105761.66
105761.69
105761.7
105761.66
105761.67
105761.68
105761.72
105761.72
105761.72
105761.71
105761.72
105761.71
105761.71
105761.71
105761.72
105761.72
105761.72
105761.71
105761.7
105761.68
105761.68
105761.68
105761.7
105761.7
105761.69
105761.66
105761.62
105761.66
105761.67
105761.66
105761.64
105761.64
105761.65
105761.68
105761.72
105761.72
105761.72
105761.71
105761.72
105761.71
105761.71
105761.71
105761.71
105761.72
105761.71
105761.72
105761.7
105761.68
105761.67
105761.68
105761.7
105761.69
105761.69
105761.66
105761.69
105761.7
105761.71
105761.71
105761.71
105761.7
105761.69
105761.69
105761.7
105761.72
105761.71
105761.71
105761.7
105761.69
105761.72
105761.72
105761.72
105761.72
105761.72
105761.72
105761.72
105761.72
105761.71
105761.72
105761.72
105761.72
105761.72
105761.71
105761.72
105761.71
105761.72
105761.72
105761.72
105761.72
105761.71
105761.62
105761.66
105761.67
105761.66
105761.65
105761.64
105761.64
105761.68
105761.72
105761.72
105761.72
105761.71
105761.72
105761.72
105761.71
105761.71
105761.72
105761.72
105761.71
105761.72
105761.7
105761.68
105761.67
105761.68
105761.7
105761.69
105761.7
105761.66
105761.67
105761.7
105761.66
105761.69
105761.7
105761.67
105761.66
105761.69
105761.72
105761.72
105761.72
105761.71
105761.72
105761.71
105761.71
105761.71
105761.72
105761.72
105761.71
105761.72
105761.7
105761.68
105761.67
105761.68
105761.7
105761.69
105761.69
105761.66
105761.72
105761.72
105761.72
105761.72
105761.72
105761.72
105761.72
105761.72
105761.72
105761.72
105761.72
105761.72
105761.72
105761.72
105761.72
105761.7
105761.71
105761.72
105761.72
105761.72
105761.7
105761.72
105761.72
105761.72
105761.72
105761.72
105761.72
105761.72
105761.72
105761.72
105761.72
105761.72
105761.72
105761.72
105761.72
105761.63
105761.62
105761.63
105761.65
105761.65
105761.62
105761.63
105761.65
105761.62
105761.64
105761.65
105761.66
105761.63
105761.64
105761.64
105761.59
105761.6
105761.62
105761.64
105761.61
105761.62
105761.66
105761.68
105761.66
105761.63
105761.67
105761.66
105761.63
105761.67
105761.7
105761.67
105761.65
105761.7
105761.68
105761.65
105761.65
105761.62
105761.64
105761.65
105761.66
105761.63
105761.64
105761.65
105761.63
105761.65
105761.67
105761.67
105761.65
105761.63
105761.64
105761.59
105761.61
105761.62
105761.62
105761.62
105761.65
105761.69
105761.69
105761.68
105761.7
105761.71
105761.7
105761.71
105761.66
105761.7
105761.67
105761.65
105761.69
105761.64
105761.67
105761.67
105761.71
105761.69
105761.67
105761.66
105761.7
105761.68
105761.63
105761.62
105761.63
105761.65
105761.65
105761.62
105761.63
105761.63
105761.62
105761.63
105761.65
105761.65
105761.63
105761.62
105761.62
105761.58
105761.6
105761.58
105761.6
105761.61
105761.61
105761.64
105761.67
105761.66
105761.63
105761.67
105761.63
105761.64
105761.63
105761.66
105761.65
105761.61
105761.62
105761.66
105761.62
105761.72
105761.72
105761.72
105761.72
105761.72
105761.72
105761.72
105761.72
105761.72
105761.72
105761.72
105761.72
105761.72
105761.72
105761.72
105761.72
105761.72
105761.72
105761.72
105761.72
105761.72
105761.72
105761.72
105761.72
105761.72
105761.72
105761.72
105761.72
105761.72
105761.72
105761.72
105761.72
105761.72
105761.72
105761.72
105761.72
105761.72
105761.72
105761.72
105761.72
105761.72
105761.72
105761.72
105761.72
105761.72
105761.72
105761.72
105761.72
105761.72
105761.72
105761.72
105761.72
105761.72
105761.72
105761.72
105761.72
105761.72
105761.72
105761.72
105761.72
105761.72
105761.72
105761.72
105761.72
105761.72
105761.72
105761.72
105761.72
105761.72
105761.72
105761.72
105761.72
105761.72
105761.72
105761.72
105761.72
105761.72
105761.72
105761.72
105761.72
105761.72
105761.72
105761.72
105761.72
105761.72
105761.72
105761.72
105761.72
105761.72
105761.72
105761.72
105761.72
105761.72
105761.72
105761.72
105761.72
105761.72
105761.72
105761.72
105761.72
105761.72
105761.72
105761.72
105761.72
105761.72
105761.72
105761.72
105761.72
105761.72
105761.72
105761.72
105761.72
105761.72
105761.72
105761.72
105761.72
105761.72
105761.72
105761.72
105761.72
105761.72
105761.72
105761.72
105761.72
105761.72
105761.72
105761.72
105761.72
105761.72
105761.72
105761.72
105761.72
105761.72
105761.72
105761.72
105761.72
105761.72
105761.72
105761.72
105761.72
105761.72
105761.72
105761.72
105761.72
105761.72
105761.72
105761.72
105761.72
105761.72
105761.72
105761.72
105761.72
105761.72
105761.72
105761.72
105761.72
105761.72
105761.72
105761.72
105761.72
105761.72
105761.72
105761.72
105761.72
105761.72
105761.72
105761.72
105761.72
105761.72
105761.72
105761.72
105761.72
105761.72
105761.72
105761.72
105761.72
105761.72
105761.72
105761.72
105761.72
105761.72
105761.72
105761.72
105761.72
105761.72
105761.72
105761.72
105761.72
105761.72
105761.72
105761.72
105761.72
105761.72
105761.72
105761.72
105761.72
105761.72
105761.72
105761.72
105761.72
105761.72
105761.72
105761.72
105761.72
105761.72
105761.72
105761.72
105761.72
105761.72
105761.72
105761.72
105761.72
105761.72
105761.72
105761.72
105761.72
105761.72
105761.72
105761.72
105761.72
105761.72
105761.72
105761.72
105761.72
105761.72
105761.72
105761.72
105761.72
105761.72
105761.72
105761.72
105761.72
105761.72
105761.72
105761.72
105761.72
105761.72
105761.72
105761.72
105761.72
105761.72
105761.72
105761.72
105761.72
105761.72
105761.72
105761.72
105761.72
105761.72
105761.72
105761.72
105761.72
105761.72
105761.72
105761.72
105761.72
105761.72
105761.72
105761.72
105761.72
105761.72
105761.72
105761.72
105761.72
105761.72
105761.72
105761.72
105761.72
105761.72
105761.72
105761.72
105761.72
105761.72
105761.72
105761.72
105761.71
105761.7
105761.71
105761.72
105761.72
105761.72
105761.72
105761.72
105761.72
105761.72
105761.72
105761.72
105761.72
105761.72
105761.72
105761.72
105761.72
105761.72
105761.72
105761.72
105761.72
105761.72
105761.72
105761.72
105761.72
105761.72
105761.72
105761.72
105761.72
105761.72
105761.72
105761.72
105761.72
105761.72
105761.72
105761.72
105761.72
105761.72
105761.72
105761.72
105761.72
105761.72
105761.72
105761.72
105761.72
105761.72
105761.72
105761.72
105761.72
105761.72
105761.72
105761.72
105761.72
105761.72
105761.72
105761.72
105761.72
105761.72
105761.72
105761.72
105761.72
105761.72
105761.72
105761.72
105761.72
105761.72
105761.72
105761.72
105761.72
105761.72
105761.72
105761.72
105761.72
105761.72
105761.72
105761.72
105761.72
105761.72
105761.72
105761.72
105761.72
105761.72
105761.72
105761.72
105761.72
105761.72
105761.72
105761.72
105761.72
105761.72
105761.72
105761.72
105761.72
105761.72
105761.72
105761.72
105761.72
105761.72
105761.72
105761.72
105761.72
105761.72
105761.72
105761.72
105761.72
105761.72
105761.72
105761.72
105761.72
105761.72
105761.67
105761.66
105761.67
105761.68
105761.68
105761.69
105761.69
105761.72
105761.72
105761.7
105761.71
105761.71
105761.72
105761.72
105761.72
105761.72
105761.72
105761.72
105761.72
105761.72
105761.72
105761.72
105761.72
105761.72
105761.72
105761.72
105761.72
105761.72
105761.72
105761.72
105761.72
105761.72
105761.72
105761.72
105761.72
105761.66
105761.65
105761.66
105761.67
105761.66
105761.68
105761.68
105761.71
105761.69
105761.72
105761.71
105761.7
105761.71
105761.72
105761.59
105761.58
105761.59
105761.58
105761.59
105761.58
105761.59
105761.6
105761.61
105761.59
105761.59
105761.59
105761.6
105761.6
105761.6
105761.62
105761.61
105761.6
105761.6
105761.61
105761.6
105761.6
105761.61
105761.6
105761.59
105761.59
105761.61
105761.6
105761.72
105761.72
105761.72
105761.72
105761.72
105761.72
105761.72
105761.72
105761.72
105761.72
105761.72
105761.72
105761.72
105761.72
105761.72
105761.72
105761.72
105761.72
105761.72
105761.72
105761.72
105761.72
105761.72
105761.72
105761.72
105761.72
105761.72
105761.72
105761.72
105761.72
105761.72
105761.72
105761.72
105761.72
105761.72
105761.72
105761.72
105761.72
105761.72
105761.72
105761.72
105761.72
105761.72
105761.72
105761.72
105761.72
105761.72
105761.72
105761.72
105761.73
105761.73
105761.78
105761.78
105761.8
105761.73
105761.73
105761.72
105761.72
105761.72
105761.72
105761.72
105761.72
105761.72
105761.72
105761.72
105761.72
105761.72
105761.72
105761.72
105761.72
105761.72
105761.72
105761.72
105761.72
105761.72
105761.72
105761.72
105761.72
105761.72
105761.72
105761.72
105761.72
105761.72
105761.72
105761.72
105761.72
105761.72
105761.72
105761.72
105761.72
105761.72
105761.72
105761.72
105761.72
105761.72
105761.72
105761.72
105761.72
105761.72
105761.72
105761.72
105761.72
105761.72
105761.72
105761.72
105761.72
105761.72
105761.72
105761.72
105761.72
105761.72
105761.72
105761.72
105761.72
105761.72
105761.72
105761.72
105761.72
105761.72
105761.72
105761.72
105761.72
105761.72
105761.72
105761.72
105761.72
105761.73
105761.73
105761.78
105761.78
105761.8
105761.73
105761.73
105761.72
105761.72
105761.72
105761.72
105761.72
105761.72
105761.72
105761.72
105761.72
105761.72
105761.72
105761.72
105761.72
105761.72
105761.72
105761.72
105761.72
105761.72
105761.72
105761.72
105761.72
105761.72
105761.72
105761.72
105761.72
105761.72
105761.72
105761.72
105761.72
105761.72
105761.72
105761.72
105761.72
105761.72
105761.72
105761.72
105761.72
105761.72
105761.72
105761.72
105761.72
105761.72
105761.72
105761.72
105761.72
105761.72
105761.72
105761.72
105761.72
105761.72
105761.72
105761.72
105761.72
105761.72
105761.72
105761.72
105761.72
105761.72
105761.72
105761.72
105761.72
105761.72
105761.72
105761.72
105761.72
105761.72
105761.72
105761.72
105761.72
105761.72
105761.72
105761.72
105761.72
105761.72
105761.72
105761.72
105761.72
105761.72
105761.72
105761.72
105761.72
105761.72
105761.72
105761.72
105761.72
105761.72
105761.72
105761.72
105761.72
105761.72
105761.72
105761.72
105761.72
105761.72
105761.72
105761.72
105761.72
105761.72
105761.72
105761.72
105761.72
105761.72
105761.72
105761.72
105761.72
105761.72
105761.72
105761.72
105761.72
105761.72
105761.72
105761.72
105761.72
105761.72
105761.72
105761.72
105761.72
105761.72
105761.72
105761.72
105761.72
105761.72
105761.72
105761.72
105761.72
105761.72
105761.72
105761.72
105761.72
105761.72
105761.72
105761.72
105761.72
105761.72
105761.72
105761.72
105761.72
105761.72
105761.72
105761.72
105761.72
105761.72
105761.72
105761.72
105761.72
105761.72
105761.72
105761.72
105761.72
105761.72
105761.72
105761.72
105761.72
105761.72
105761.72
105761.72
105761.72
105761.72
105761.72
105761.72
105761.72
105761.72
105761.72
105761.72
105761.72
105761.72
105761.72
105761.72
105761.72
105761.72
105761.72
105761.72
105761.72
105761.72
105761.72
105761.72
105761.72
105761.72
105761.72
105761.72
105761.72
105761.72
105761.72
105761.72
105761.72
105761.72
105761.72
105761.72
105761.72
105761.72
105761.72
105761.72
105761.72
105761.72
105761.72
105761.72
105761.72
105761.72
105761.72
105761.72
105761.72
105761.72
105761.72
105761.72
105761.72
105761.72
105761.72
105761.72
105761.72
105761.72
105761.72
105761.72
105761.72
105761.72
105761.72
105761.72
105761.72
105761.72
105761.72
105761.72
105761.72
105761.72
105761.72
105761.72
105761.72
105761.72
105761.72
105761.72
105761.72
105761.72
105761.72
105761.72
105761.72
105761.72
105761.72
105761.72
105761.72
105761.72
105761.72
105761.72
105761.72
105761.72
105761.72
105761.72
105761.72
105761.72
105761.72
105761.72
105761.72
105761.72
105761.72
105761.72
105761.72
105761.72
105761.72
105761.72
105761.72
105761.72
105761.72
105761.72
105761.72
105761.72
105761.72
105761.72
105761.72
105761.72
105761.72
105761.72
105761.72
105761.72
105761.72
105761.72
105761.72
105761.72
105761.72
105761.72
105761.72
105761.72
105761.72
105761.72
105761.72
105761.72
105761.72
105761.72
105761.72
105761.72
105761.72
105761.72
105761.72
105761.72
105761.72
105761.72
105761.72
105761.72
105761.72
105761.72
105761.72
105761.72
105761.72
105761.72
105761.72
105761.72
105761.72
105761.72
105761.72
105761.72
105761.72
105761.72
105761.72
105761.72
105761.72
105761.72
105761.72
105761.72
105761.72
105761.72
105761.72
105761.72
105761.72
105761.72
105761.72
105761.72
105761.72
105761.72
105761.72
105761.72
105761.72
105761.72
105761.72
105761.72
105761.72
105761.72
105761.72
105761.72
105761.72
105761.72
105761.72
105761.72
105761.72
105761.72
105761.72
105761.72
105761.72
105761.72
105761.72
105761.72
105761.72
105761.72
105761.72
105761.72
105761.72
105761.72
105761.72
105761.72
105761.72
105761.72
105761.72
105761.72
105761.72
105761.72
105761.72
105761.72
105761.72
105761.72
105761.72
105761.72
105761.72
105761.72
105761.72
105761.72
105761.72
105761.72
105761.72
105761.72
105761.72
105761.72
105761.72
105761.72
105761.72
105761.72
105761.72
105761.72
105761.72
105761.72
105761.72
105761.72
105761.72
105761.72
105761.72
105761.72
105761.72
105761.72
105761.72
105761.72
105761.72
105761.72
105761.72
105761.72
105761.72
105761.72
105761.72
105761.72
105761.72
105761.72
105761.72
105761.72
105761.72
105761.72
105761.72
105761.72
105761.72
105761.72
105761.72
105761.72
105761.72
105761.72
105761.72
105761.72
105761.72
105761.72
105761.72
105761.72
105761.72
105761.72
105761.72
105761.72
105761.72
105761.72
105761.72
105761.72
105761.72
105761.72
105761.72
105761.72
105761.72
105761.72
105761.72
105761.72
105761.72
105761.72
105761.72
105761.72
105761.72
105761.72
105761.72
105761.72
105761.72
105761.72
105761.72
105761.72
105761.72
105761.72
105761.72
105761.72
105761.72
105761.72
105761.72
105761.72
105761.72
105761.72
105761.72
105761.72
105761.72
105761.72
105761.72
105761.72
105761.72
105761.72
105761.72
105761.72
105761.72
105761.72
105761.72
105761.72
105761.72
105761.72
105761.72
105761.72
105761.72
105761.72
105761.72
105761.72
105761.72
105761.72
105761.72
105761.72
105761.72
105761.72
105761.72
105761.72
105761.72
105761.72
105761.72
105761.72
105761.72
105761.72
105761.72
105761.72
105761.72
105761.72
105761.72
105761.72
105761.72
105761.72
105761.72
105761.72
105761.72
105761.72
105761.72
105761.72
105761.72
105761.72
105761.72
105761.72
105761.72
105761.72
105761.72
105761.72
105761.72
105761.72
105761.72
105761.72
105761.72
105761.72
105761.72
105761.72
105761.72
105761.71
105761.72
105761.72
105761.72
105761.72
105761.72
105761.72
105761.72
105761.72
105761.72
105761.72
105761.72
105761.72
105761.72
105761.72
105761.72
105761.72
105761.72
105761.72
105761.72
105761.72
105761.71
105761.7
105761.71
105761.72
105761.72
105761.72
105761.72
105761.72
105761.72
105761.72
105761.72
105761.72
105761.72
105761.72
105761.72
105761.72
105761.72
105761.72
105761.72
105761.72
105761.72
105761.72
105761.72
105761.72
105761.72
105761.72
105761.72
105761.72
105761.72
105761.72
105761.72
105761.72
105761.72
105761.72
105761.72
105761.71
105761.72
105761.72
105761.72
105761.72
105761.72
105761.72
105761.72
105761.72
105761.72
105761.72
105761.72
105761.72
105761.72
105761.72
105761.72
105761.72
105761.72
105761.72
105761.72
105761.72
105761.72
105761.72
105761.72
105761.72
105761.72
105761.72
105761.72
105761.72
105761.72
105761.72
105761.72
105761.72
105761.72
105761.72
105761.71
105761.7
105761.71
105761.72
105761.72
105761.72
105761.72
105761.72
105761.72
105761.72
105761.72
105761.72
105761.72
105761.72
105761.72
105761.72
105761.72
105761.72
105761.72
105761.72
105761.72
105761.72
105761.72
105761.72
105761.72
105761.72
105761.72
105761.72
105761.72
105761.72
105761.72
105761.72
105761.72
105761.72
105761.72
105761.72
105761.72
105761.72
105761.72
105761.72
105761.73
105761.73
105761.72
105761.72
105761.73
105761.73
105761.73
105761.72
105761.72
105761.72
105761.72
105761.72
105761.72
105761.72
105761.72
105761.72
105761.72
105761.72
105761.72
105761.72
105761.72
105761.72
105761.72
105761.72
105761.72
105761.72
105761.72
105761.72
105761.72
105761.72
105761.72
105761.72
105761.72
105761.72
105761.72
105761.72
105761.72
105761.72
105761.72
105761.72
105761.72
105761.72
105761.72
105761.72
105761.72
105761.72
105761.72
105761.72
105761.72
105761.72
105761.72
105761.71
105761.7
105761.71
105761.72
105761.72
105761.72
105761.72
105761.72
105761.72
105761.72
105761.72
105761.72
105761.72
105761.72
105761.72
105761.72
105761.72
105761.72
105761.72
105761.72
105761.72
105761.72
105761.72
105761.72
105761.72
105761.72
105761.72
105761.72
105761.72
105761.72
105761.72
105761.72
105761.72
105761.72
105761.72
105761.72
105761.72
105761.72
105761.72
105761.72
105761.72
105761.72
105761.72
105761.72
105761.72
105761.72
105761.72
105761.72
105761.72
105761.72
105761.72
105761.72
105761.72
105761.72
105761.72
105761.72
105761.72
105761.72
105761.72
105761.72
105761.72
105761.72
105761.72
105761.72
105761.72
105761.72
105761.72
105761.72
105761.72
105761.72
105761.72
105761.72
105761.72
105761.72
105761.72
105761.72
105761.72
105761.72
105761.72
105761.72
105761.72
105761.72
105761.72
105761.72
105761.72
105761.72
105761.72
105761.72
105761.72
105761.72
105761.72
105761.72
105761.72
105761.72
105761.72
105761.72
105761.72
105761.72
105761.72
105761.72
105761.72
105761.72
105761.72
105761.72
105761.72
105761.72
105761.72
105761.72
105761.72
105761.72
105761.72
105761.72
105761.72
105761.72
105761.72
105761.72
105761.72
105761.72
105761.72
105761.72
105761.72
105761.72
105761.72
105761.72
105761.72
105761.72
105761.72
105761.72
105761.72
105761.72
105761.72
105761.72
105761.72
105761.71
105761.72
105761.72
105761.72
105761.72
105761.72
105761.72
105761.72
105761.72
105761.72
105761.72
105761.72
105761.72
105761.72
105761.72
105761.72
105761.72
105761.72
105761.72
105761.72
105761.72
105761.72
105761.72
105761.72
105761.72
105761.72
105761.72
105761.72
105761.72
105761.72
105761.72
105761.72
105761.72
105761.72
105761.72
105761.72
105761.72
105761.72
105761.72
105761.72
105761.72
105761.71
105761.72
105761.72
105761.72
105761.72
105761.72
105761.72
105761.72
105761.72
105761.72
105761.72
105761.72
105761.72
105761.72
105761.72
105761.72
105761.72
105761.72
105761.72
105761.72
105761.72
105761.72
105761.72
105761.72
105761.72
105761.72
105761.72
105761.72
105761.72
105761.72
105761.72
105761.72
105761.72
105761.72
105761.72
105761.72
105761.72
105761.72
105761.72
105761.72
105761.72
105761.66
105761.65
105761.66
105761.66
105761.66
105761.68
105761.68
105761.72
105761.72
105761.7
105761.71
105761.71
105761.71
105761.72
105761.67
105761.66
105761.67
105761.68
105761.68
105761.69
105761.68
105761.72
105761.72
105761.7
105761.72
105761.72
105761.72
105761.73
105761.61
105761.64
105761.64
105761.64
105761.63
105761.63
105761.62
105761.6
105761.59
105761.59
105761.59
105761.59
105761.59
105761.6
105761.6
105761.62
105761.61
105761.6
105761.6
105761.61
105761.61
105761.61
105761.63
105761.61
105761.6
105761.6
105761.62
105761.61
105761.6
105761.58
105761.59
105761.59
105761.59
105761.59
105761.6
105761.6
105761.63
105761.61
105761.6
105761.6
105761.62
105761.61
105761.6
105761.62
105761.59
105761.59
105761.59
105761.61
105761.61
105761.6
105761.63
105761.61
105761.6
105761.6
105761.62
105761.61
105761.68
105761.67
105761.68
105761.69
105761.69
105761.7
105761.7
105761.72
105761.72
105761.7
105761.72
105761.72
105761.72
105761.72
105761.59
105761.58
105761.58
105761.59
105761.59
105761.59
105761.59
105761.6
105761.61
105761.6
105761.59
105761.59
105761.6
105761.6
105761.6
105761.61
105761.59
105761.59
105761.59
105761.6
105761.6
105761.6
105761.62
105761.61
105761.6
105761.6
105761.61
105761.6
105761.67
105761.65
105761.67
105761.67
105761.66
105761.68
105761.68
105761.71
105761.68
105761.71
105761.7
105761.69
105761.71
105761.71
105761.68
105761.66
105761.68
105761.68
105761.68
105761.7
105761.7
105761.71
105761.69
105761.72
105761.71
105761.71
105761.72
105761.72
105761.67
105761.66
105761.67
105761.67
105761.68
105761.69
105761.68
105761.71
105761.69
105761.71
105761.7
105761.71
105761.71
105761.71
105761.73
105761.72
105761.72
105761.72
105761.72
105761.72
105761.73
105761.74
105761.73
105761.72
105761.77
105761.73
105761.74
105761.78
105761.73
105761.72
105761.72
105761.72
105761.72
105761.72
105761.73
105761.73
105761.72
105761.72
105761.72
105761.72
105761.72
105761.73
105761.73
105761.73
105761.72
105761.75
105761.72
105761.73
105761.75
105761.73
105761.72
105761.72
105761.72
105761.72
105761.72
105761.73
105761.73
105761.73
105761.74
105761.78
105761.76
105761.72
105761.74
105761.73
105761.72
105761.72
105761.75
105761.72
105761.73
105761.74
105761.72
105761.72
105761.72
105761.72
105761.72
105761.72
105761.72
105761.73
105761.73
105761.73
105761.72
105761.72
105761.75
105761.72
105761.73
105761.73
105761.73
105761.77
105761.76
105761.72
105761.74
105761.73
105761.72
105761.72
105761.74
105761.72
105761.73
105761.73
105761.72
105761.72
105761.72
105761.72
105761.72
105761.72
105761.72
105761.73
105761.73
105761.73
105761.72
105761.72
105761.75
105761.72
105761.73
105761.72
105761.72
105761.72
105761.72
105761.72
105761.73
105761.74
105761.73
105761.72
105761.77
105761.72
105761.74
105761.78
105761.73
105761.72
105761.72
105761.72
105761.72
105761.72
105761.72
105761.73
105761.72
105761.72
105761.72
105761.72
105761.72
105761.73
105761.73
105761.73
105761.72
105761.75
105761.72
105761.73
105761.75
105761.73
105761.72
105761.72
105761.72
105761.72
105761.72
105761.73
105761.73
105761.72
105761.78
105761.73
105761.76
105761.74
105761.72
105761.72
105761.72
105761.72
105761.75
105761.72
105761.73
105761.74
105761.72
105761.72
105761.72
105761.72
105761.72
105761.72
105761.72
105761.72
105761.73
105761.73
105761.72
105761.72
105761.75
105761.72
105761.73
105761.73
105761.73
105761.77
105761.76
105761.72
105761.73
105761.73
105761.72
105761.72
105761.74
105761.72
105761.73
105761.73
105761.72
105761.72
105761.72
105761.72
105761.72
105761.72
105761.72
105761.73
105761.73
105761.73
105761.72
105761.72
105761.75
105761.72
105761.72
105761.72
105761.72
105761.72
105761.72
105761.72
105761.72
105761.72
105761.72
105761.72
105761.71
105761.72
105761.72
105761.71
105761.72
105761.72
105761.72
105761.72
105761.72
105761.72
105761.72
105761.72
105761.72
105761.72
105761.72
105761.72
105761.72
105761.72
105761.72
105761.72
105761.72
105761.71
105761.72
105761.72
105761.71
105761.72
105761.72
105761.72
105761.72
105761.72
105761.72
105761.72
105761.71
105761.72
105761.7
105761.71
105761.7
105761.71
105761.72
105761.72
105761.72
105761.72
105761.71
105761.72
105761.72
105761.71
105761.72
105761.72
105761.72
105761.72
105761.72
105761.72
105761.72
105761.72
105761.72
105761.71
105761.72
105761.72
105761.7
105761.72
105761.72
105761.72
105761.7
105761.71
105761.7
105761.71
105761.72
105761.72
105761.72
105761.72
105761.71
105761.72
105761.72
105761.71
105761.72
105761.72
105761.72
105761.72
105761.72
105761.72
105761.72
105761.72
105761.72
105761.71
105761.72
105761.72
105761.7
105761.72
105761.72
105761.72
105761.72
105761.71
105761.72
105761.72
105761.72
105761.72
105761.72
105761.72
105761.72
105761.72
105761.72
105761.72
105761.72
105761.72
105761.71
105761.72
105761.72
105761.72
105761.72
105761.72
105761.7
105761.72
105761.7
105761.72
105761.72
105761.7
105761.72
105761.71
105761.71
105761.72
105761.72
105761.72
105761.71
105761.72
105761.72
105761.7
105761.71
105761.72
105761.72
105761.7
105761.72
105761.72
105761.72
105761.72
105761.72
105761.72
105761.72
105761.72
105761.72
105761.71
105761.72
105761.72
105761.72
105761.72
105761.72
105761.7
105761.7
105761.72
105761.72
105761.7
105761.72
105761.72
105761.71
105761.71
105761.72
105761.72
105761.72
105761.71
105761.72
105761.72
105761.7
105761.71
105761.72
105761.72
105761.7
105761.63
105761.61
105761.6
105761.61
105761.61
105761.61
105761.63
105761.65
105761.65
105761.64
105761.67
105761.66
105761.65
105761.63
105761.63
105761.63
105761.6
105761.62
105761.62
105761.64
105761.61
105761.63
105761.61
105761.59
105761.61
105761.61
105761.61
105761.62
105761.64
105761.64
105761.63
105761.67
105761.66
105761.65
105761.63
105761.63
105761.62
105761.6
105761.62
105761.61
105761.64
105761.61
105761.72
105761.75
105761.73
105761.77
105761.73
105761.73
105761.74
105761.72
105761.73
105761.72
105761.73
105761.72
105761.72
105761.73
105761.72
105761.72
105761.76
105761.73
105761.73
105761.72
105761.74
105761.72
105761.75
105761.73
105761.77
105761.73
105761.72
105761.74
105761.72
105761.72
105761.72
105761.73
105761.72
105761.72
105761.73
105761.72
105761.72
105761.76
105761.73
105761.73
105761.72
105761.74
105761.72
105761.73
105761.72
105761.73
105761.72
105761.72
105761.73
105761.72
105761.72
105761.76
105761.73
105761.73
105761.72
105761.74
105761.72
105761.72
105761.72
105761.73
105761.72
105761.72
105761.73
105761.72
105761.72
105761.76
105761.73
105761.73
105761.72
105761.74
105761.72
105761.72
105761.72
105761.73
105761.72
105761.72
105761.73
105761.72
105761.72
105761.76
105761.73
105761.73
105761.72
105761.74
105761.72
105761.72
105761.72
105761.73
105761.72
105761.72
105761.73
105761.72
105761.72
105761.76
105761.73
105761.72
105761.72
105761.74
105761.72
105761.72
105761.73
105761.72
105761.72
105761.73
105761.72
105761.72
105761.72
105761.76
105761.73
105761.72
105761.74
105761.72
105761.72
105761.72
105761.72
105761.72
105761.72
105761.72
105761.72
105761.72
105761.72
105761.73
105761.72
105761.72
105761.73
105761.72
105761.72
105761.72
105761.76
105761.73
105761.72
105761.74
105761.72
105761.72
105761.72
105761.72
105761.72
105761.72
105761.72
105761.72
105761.72
105761.73
105761.73
105761.74
105761.73
105761.72
105761.73
105761.72
105761.73
105761.72
105761.73
105761.72
105761.72
105761.73
105761.72
105761.72
105761.73
105761.73
105761.72
105761.72
105761.73
105761.72
105761.72
105761.72
105761.73
105761.72
105761.72
105761.73
105761.72
105761.72
105761.73
105761.73
105761.72
105761.72
105761.73
105761.72
105761.73
105761.73
105761.74
105761.73
105761.72
105761.73
105761.72
105761.73
105761.72
105761.73
105761.72
105761.72
105761.73
105761.72
105761.72
105761.73
105761.73
105761.72
105761.72
105761.73
105761.72
105761.72
105761.72
105761.73
105761.72
105761.72
105761.73
105761.72
105761.72
105761.73
105761.73
105761.72
105761.72
105761.73
105761.72
105761.73
105761.72
105761.73
105761.72
105761.72
105761.73
105761.72
105761.72
105761.73
105761.73
105761.72
105761.72
105761.73
105761.72
105761.72
105761.72
105761.73
105761.72
105761.72
105761.73
105761.72
105761.72
105761.73
105761.73
105761.72
105761.72
105761.73
105761.73
105761.72
105761.72
105761.72
105761.72
105761.72
105761.73
105761.74
105761.73
105761.72
105761.77
105761.73
105761.74
105761.78
105761.73
105761.72
105761.72
105761.72
105761.72
105761.72
105761.73
105761.73
105761.72
105761.72
105761.72
105761.72
105761.72
105761.73
105761.74
105761.73
105761.72
105761.75
105761.72
105761.73
105761.76
105761.73
105761.72
105761.72
105761.72
105761.72
105761.72
105761.73
105761.73
105761.74
105761.73
105761.78
105761.77
105761.72
105761.74
105761.73
105761.72
105761.72
105761.76
105761.72
105761.73
105761.74
105761.73
105761.73
105761.73
105761.72
105761.72
105761.75
105761.72
105761.72
105761.72
105761.72
105761.72
105761.72
105761.72
105761.72
105761.73
105761.74
105761.73
105761.77
105761.76
105761.73
105761.74
105761.73
105761.73
105761.72
105761.74
105761.72
105761.73
105761.73
105761.73
105761.73
105761.73
105761.72
105761.72
105761.75
105761.72
105761.72
105761.72
105761.72
105761.72
105761.72
105761.72
105761.73
105761.73
105761.72
105761.72
105761.72
105761.72
105761.72
105761.73
105761.74
105761.73
105761.72
105761.77
105761.72
105761.73
105761.78
105761.73
105761.72
105761.72
105761.72
105761.72
105761.72
105761.72
105761.73
105761.72
105761.72
105761.72
105761.72
105761.72
105761.73
105761.73
105761.73
105761.72
105761.75
105761.72
105761.73
105761.75
105761.73
105761.72
105761.72
105761.72
105761.72
105761.72
105761.73
105761.73
105761.73
105761.72
105761.78
105761.76
105761.72
105761.74
105761.72
105761.72
105761.72
105761.75
105761.72
105761.73
105761.74
105761.72
105761.73
105761.73
105761.72
105761.72
105761.75
105761.72
105761.72
105761.72
105761.72
105761.72
105761.72
105761.72
105761.72
105761.73
105761.73
105761.73
105761.77
105761.76
105761.72
105761.73
105761.73
105761.72
105761.72
105761.74
105761.72
105761.73
105761.73
105761.73
105761.73
105761.73
105761.72
105761.72
105761.75
105761.72
105761.72
105761.72
105761.72
105761.72
105761.72
105761.72
105761.72
105761.72
105761.72
105761.72
105761.72
105761.72
105761.72
105761.72
105761.73
105761.73
105761.72
105761.73
105761.72
105761.73
105761.73
105761.73
105761.72
105761.72
105761.72
105761.72
105761.72
105761.73
105761.72
105761.72
105761.72
105761.72
105761.72
105761.72
105761.72
105761.73
105761.73
105761.72
105761.73
105761.72
105761.73
105761.73
105761.73
105761.72
105761.72
105761.72
105761.72
105761.72
105761.73
105761.73
105761.73
105761.73
105761.74
105761.74
105761.72
105761.73
105761.73
105761.73
105761.72
105761.73
105761.72
105761.73
105761.73
105761.73
105761.73
105761.73
105761.72
105761.72
105761.74
105761.72
105761.72
105761.72
105761.72
105761.72
105761.72
105761.72
105761.73
105761.73
105761.73
105761.73
105761.74
105761.74
105761.72
105761.73
105761.73
105761.72
105761.72
105761.73
105761.72
105761.73
105761.73
105761.73
105761.73
105761.73
105761.72
105761.72
105761.74
105761.72
105761.72
105761.72
105761.72
105761.72
105761.72
105761.72
105761.72
105761.73
105761.72
105761.72
105761.72
105761.72
105761.72
105761.73
105761.74
105761.73
105761.72
105761.77
105761.72
105761.78
105761.74
105761.73
105761.72
105761.72
105761.72
105761.72
105761.72
105761.72
105761.73
105761.72
105761.72
105761.72
105761.72
105761.72
105761.73
105761.73
105761.73
105761.75
105761.72
105761.72
105761.73
105761.75
105761.73
105761.72
105761.72
105761.72
105761.72
105761.72
105761.73
105761.76
105761.77
105761.73
105761.79
105761.73
105761.79
105761.76
105761.73
105761.72
105761.73
105761.78
105761.76
105761.72
105761.74
105761.73
105761.72
105761.72
105761.75
105761.72
105761.74
105761.73
105761.72
105761.72
105761.72
105761.72
105761.72
105761.72
105761.72
105761.72
105761.73
105761.73
105761.72
105761.72
105761.75
105761.72
105761.73
105761.73
105761.77
105761.73
105761.76
105761.72
105761.73
105761.73
105761.72
105761.74
105761.72
105761.72
105761.73
105761.73
105761.73
105761.73
105761.73
105761.72
105761.72
105761.75
105761.72
105761.72
105761.72
105761.72
105761.72
105761.72
105761.72
105761.72
105761.72
105761.72
105761.72
105761.72
105761.72
105761.72
105761.72
105761.73
105761.73
105761.72
105761.73
105761.72
105761.73
105761.73
105761.72
105761.72
105761.72
105761.72
105761.72
105761.72
105761.72
105761.72
105761.72
105761.72
105761.72
105761.72
105761.72
105761.72
105761.73
105761.72
105761.73
105761.72
105761.72
105761.73
105761.73
105761.72
105761.72
105761.72
105761.72
105761.72
105761.72
105761.72
105761.73
105761.73
105761.73
105761.74
105761.74
105761.72
105761.73
105761.73
105761.72
105761.72
105761.73
105761.72
105761.73
105761.73
105761.72
105761.72
105761.72
105761.72
105761.72
105761.72
105761.72
105761.73
105761.73
105761.73
105761.72
105761.72
105761.74
105761.72
105761.73
105761.73
105761.74
105761.73
105761.74
105761.72
105761.73
105761.73
105761.72
105761.73
105761.72
105761.72
105761.73
105761.73
105761.73
105761.73
105761.73
105761.72
105761.72
105761.74
105761.72
105761.72
105761.72
105761.72
105761.72
105761.72
105761.72
105761.72
105761.72
105761.72
105761.73
105761.72
105761.72
105761.73
105761.72
105761.72
105761.72
105761.73
105761.73
105761.72
105761.73
105761.72
105761.72
105761.72
105761.72
105761.72
105761.72
105761.72
105761.72
105761.72
105761.72
105761.72
105761.72
105761.72
105761.72
105761.72
105761.72
105761.72
105761.73
105761.73
105761.72
105761.73
105761.72
105761.72
105761.72
105761.72
105761.72
105761.72
105761.72
105761.72
105761.72
105761.73
105761.72
105761.74
105761.72
105761.72
105761.73
105761.72
105761.72
105761.72
105761.73
105761.72
105761.72
105761.73
105761.72
105761.72
105761.73
105761.73
105761.72
105761.72
105761.73
105761.72
105761.72
105761.72
105761.72
105761.72
105761.72
105761.72
105761.72
105761.72
105761.73
105761.73
105761.72
105761.72
105761.73
105761.73
105761.72
105761.72
105761.72
105761.72
105761.72
105761.73
105761.75
105761.73
105761.72
105761.77
105761.72
105761.78
105761.74
105761.73
105761.72
105761.72
105761.72
105761.72
105761.72
105761.72
105761.73
105761.72
105761.72
105761.72
105761.72
105761.72
105761.73
105761.73
105761.73
105761.75
105761.72
105761.72
105761.73
105761.75
105761.73
105761.72
105761.72
105761.72
105761.72
105761.72
105761.73
105761.73
105761.72
105761.78
105761.73
105761.76
105761.74
105761.72
105761.72
105761.72
105761.72
105761.76
105761.72
105761.74
105761.73
105761.72
105761.72
105761.72
105761.72
105761.72
105761.72
105761.72
105761.72
105761.73
105761.73
105761.72
105761.72
105761.75
105761.72
105761.73
105761.73
105761.77
105761.73
105761.76
105761.72
105761.73
105761.73
105761.72
105761.74
105761.72
105761.72
105761.73
105761.73
105761.73
105761.73
105761.73
105761.72
105761.72
105761.75
105761.72
105761.72
105761.72
105761.72
105761.72
105761.72
105761.72
105761.72
105761.72
105761.72
105761.72
105761.72
105761.72
105761.72
105761.72
105761.73
105761.72
105761.72
105761.73
105761.72
105761.73
105761.73
105761.72
105761.72
105761.72
105761.72
105761.72
105761.72
105761.72
105761.72
105761.72
105761.72
105761.72
105761.72
105761.72
105761.72
105761.73
105761.72
105761.73
105761.72
105761.72
105761.73
105761.73
105761.72
105761.72
105761.72
105761.72
105761.72
105761.72
105761.72
105761.73
105761.72
105761.73
105761.74
105761.74
105761.72
105761.73
105761.72
105761.72
105761.72
105761.73
105761.72
105761.73
105761.73
105761.72
105761.72
105761.72
105761.72
105761.72
105761.72
105761.72
105761.72
105761.73
105761.73
105761.72
105761.72
105761.74
105761.72
105761.73
105761.73
105761.74
105761.72
105761.74
105761.72
105761.73
105761.72
105761.72
105761.73
105761.72
105761.72
105761.73
105761.73
105761.72
105761.73
105761.73
105761.72
105761.72
105761.74
105761.72
105761.72
105761.72
105761.72
105761.72
105761.72
105761.72
105761.72
105761.73
105761.72
105761.72
105761.72
105761.72
105761.72
105761.73
105761.75
105761.73
105761.77
105761.72
105761.72
105761.78
105761.74
105761.73
105761.72
105761.72
105761.72
105761.72
105761.72
105761.72
105761.73
105761.72
105761.72
105761.72
105761.72
105761.72
105761.73
105761.73
105761.73
105761.72
105761.75
105761.72
105761.73
105761.75
105761.73
105761.72
105761.72
105761.72
105761.72
105761.72
105761.73
105761.73
105761.78
105761.72
105761.74
105761.76
105761.74
105761.72
105761.73
105761.72
105761.76
105761.72
105761.72
105761.74
105761.73
105761.72
105761.72
105761.72
105761.72
105761.72
105761.72
105761.72
105761.72
105761.73
105761.73
105761.72
105761.72
105761.75
105761.72
105761.73
105761.73
105761.73
105761.77
105761.76
105761.72
105761.74
105761.73
105761.72
105761.72
105761.74
105761.72
105761.73
105761.73
105761.72
105761.72
105761.72
105761.72
105761.72
105761.72
105761.72
105761.73
105761.73
105761.73
105761.72
105761.72
105761.75
105761.72
105761.73
105761.72
105761.72
105761.72
105761.72
105761.72
105761.73
105761.75
105761.73
105761.77
105761.72
105761.72
105761.78
105761.74
105761.73
105761.72
105761.72
105761.72
105761.72
105761.72
105761.72
105761.73
105761.72
105761.72
105761.72
105761.72
105761.72
105761.73
105761.73
105761.73
105761.72
105761.75
105761.72
105761.73
105761.75
105761.73
105761.72
105761.72
105761.72
105761.72
105761.72
105761.73
105761.73
105761.78
105761.72
105761.73
105761.76
105761.74
105761.72
105761.73
105761.72
105761.76
105761.72
105761.72
105761.74
105761.73
105761.72
105761.72
105761.72
105761.72
105761.72
105761.72
105761.72
105761.72
105761.73
105761.73
105761.72
105761.72
105761.75
105761.72
105761.73
105761.73
105761.73
105761.77
105761.76
105761.72
105761.73
105761.73
105761.72
105761.72
105761.74
105761.72
105761.73
105761.73
105761.72
105761.72
105761.72
105761.72
105761.72
105761.72
105761.72
105761.73
105761.73
105761.73
105761.72
105761.72
105761.75
105761.72
105761.72
105761.72
105761.72
105761.72
105761.72
105761.72
105761.72
105761.73
105761.72
105761.73
105761.72
105761.72
105761.73
105761.73
105761.72
105761.72
105761.72
105761.72
105761.72
105761.72
105761.72
105761.72
105761.72
105761.72
105761.72
105761.72
105761.72
105761.72
105761.73
105761.72
105761.73
105761.72
105761.72
105761.73
105761.73
105761.72
105761.72
105761.72
105761.72
105761.72
105761.72
105761.72
105761.73
105761.73
105761.74
105761.72
105761.74
105761.72
105761.73
105761.73
105761.72
105761.73
105761.72
105761.72
105761.73
105761.73
105761.73
105761.73
105761.73
105761.72
105761.72
105761.74
105761.72
105761.72
105761.72
105761.72
105761.72
105761.72
105761.72
105761.72
105761.73
105761.73
105761.74
105761.72
105761.74
105761.72
105761.73
105761.72
105761.72
105761.73
105761.72
105761.72
105761.73
105761.73
105761.72
105761.73
105761.73
105761.72
105761.72
105761.74
105761.72
105761.72
105761.72
105761.72
105761.72
105761.72
105761.72
105761.72
105761.72
105761.73
105761.72
105761.74
105761.72
105761.72
105761.73
105761.72
105761.73
105761.72
105761.73
105761.72
105761.73
105761.72
105761.72
105761.72
105761.72
105761.72
105761.72
105761.72
105761.72
105761.72
105761.72
105761.73
105761.73
105761.72
105761.73
105761.72
105761.72
105761.72
105761.72
105761.72
105761.72
105761.72
105761.72
105761.72
105761.72
105761.72
105761.72
105761.72
105761.72
105761.72
105761.72
105761.72
105761.73
105761.73
105761.72
105761.73
105761.72
105761.72
105761.73
105761.73
105761.72
105761.72
105761.73
105761.72
105761.72
105761.72
105761.73
105761.72
105761.72
105761.73
105761.72
105761.72
105761.72
105761.73
105761.73
105761.72
105761.73
105761.72
105761.72
105761.72
105761.72
105761.72
105761.72
105761.72
105761.72
105761.72
105761.72
105761.72
105761.72
105761.72
105761.72
105761.72
105761.72
105761.72
105761.72
105761.72
105761.72
105761.72
105761.72
105761.72
105761.72
105761.73
105761.72
105761.72
105761.72
105761.72
105761.72
105761.72
105761.72
105761.72
105761.72
105761.72
105761.72
105761.72
105761.72
105761.72
105761.72
105761.72
105761.73
105761.72
105761.72
105761.72
105761.73
105761.73
105761.72
105761.73
105761.72
105761.72
105761.72
105761.72
105761.72
105761.72
105761.72
105761.72
105761.72
105761.72
105761.72
105761.72
105761.72
105761.72
105761.72
105761.72
105761.72
105761.72
105761.72
105761.72
105761.72
105761.72
105761.72
105761.72
105761.73
105761.72
105761.72
105761.72
105761.72
105761.72
105761.72
105761.72
105761.72
105761.72
105761.72
105761.72
105761.72
105761.72
105761.71
105761.72
105761.72
105761.72
105761.72
105761.72
105761.71
105761.72
105761.71
105761.72
105761.72
105761.71
105761.72
105761.72
105761.7
105761.71
105761.72
105761.72
105761.7
105761.72
105761.72
105761.72
105761.72
105761.72
105761.72
105761.72
105761.72
105761.72
105761.71
105761.72
105761.72
105761.72
105761.72
105761.72
105761.72
105761.72
105761.72
105761.72
105761.72
105761.72
105761.72
105761.71
105761.71
105761.72
105761.72
105761.71
105761.72
105761.72
105761.72
105761.7
105761.71
105761.72
105761.71
105761.72
105761.72
105761.72
105761.72
105761.72
105761.72
105761.72
105761.72
105761.72
105761.72
105761.72
105761.72
105761.72
105761.72
105761.72
105761.72
105761.72
105761.71
105761.72
105761.72
105761.72
105761.72
105761.72
105761.71
105761.72
105761.71
105761.72
105761.72
105761.71
105761.72
105761.72
105761.7
105761.71
105761.72
105761.72
105761.71
105761.69
105761.71
105761.71
105761.7
105761.71
105761.7
105761.69
105761.68
105761.7
105761.71
105761.68
105761.7
105761.67
105761.69
105761.69
105761.71
105761.71
105761.71
105761.71
105761.7
105761.7
105761.65
105761.67
105761.67
105761.69
105761.67
105761.67
105761.65
105761.64
105761.64
105761.63
105761.67
105761.66
105761.65
105761.62
105761.66
105761.69
105761.69
105761.68
105761.68
105761.68
105761.67
105761.69
105761.69
105761.65
105761.68
105761.67
105761.68
105761.7
105761.7
105761.71
105761.71
105761.68
105761.72
105761.69
105761.7
105761.71
105761.71
105761.72
105761.72
105761.72
105761.7
105761.72
105761.7
105761.7
105761.7
105761.72
105761.71
105761.68
105761.71
105761.68
105761.68
105761.64
105761.68
105761.65
105761.69
105761.66
105761.68
105761.68
105761.64
105761.68
105761.69
105761.66
105761.66
105761.69
105761.69
105761.68
105761.71
105761.7
105761.66
105761.7
105761.69
105761.7
105761.71
105761.7
105761.7
105761.71
105761.68
105761.69
105761.71
105761.72
105761.7
105761.71
105761.7
105761.69
105761.69
105761.7
105761.71
105761.68
105761.71
105761.67
105761.69
105761.7
105761.71
105761.72
105761.72
105761.71
105761.71
105761.7
105761.66
105761.67
105761.68
105761.7
105761.68
105761.68
105761.65
105761.65
105761.65
105761.63
105761.68
105761.67
105761.66
105761.62
105761.67
105761.7
105761.7
105761.7
105761.69
105761.69
105761.68
105761.7
105761.7
105761.65
105761.69
105761.67
105761.69
105761.71
105761.71
105761.72
105761.72
105761.69
105761.72
105761.7
105761.7
105761.71
105761.72
105761.72
105761.72
105761.72
105761.71
105761.72
105761.71
105761.7
105761.7
105761.72
105761.71
105761.68
105761.71
105761.68
105761.68
105761.64
105761.69
105761.65
105761.7
105761.66
105761.67
105761.66
105761.66
105761.62
105761.68
105761.64
105761.64
105761.68
105761.68
105761.64
105761.69
105761.7
105761.67
105761.66
105761.69
105761.69
105761.69
105761.71
105761.7
105761.66
105761.71
105761.7
105761.7
105761.72
105761.7
105761.71
105761.71
105761.69
105761.72
105761.72
105761.72
105761.72
105761.72
105761.72
105761.72
105761.72
105761.72
105761.71
105761.72
105761.72
105761.71
105761.72
105761.72
105761.72
105761.72
105761.72
105761.72
105761.72
105761.72
105761.72
105761.72
105761.72
105761.72
105761.72
105761.72
105761.72
105761.72
105761.72
105761.72
105761.71
105761.72
105761.72
105761.71
105761.72
105761.72
105761.72
105761.72
105761.72
105761.72
105761.72
105761.71
105761.7
105761.72
105761.71
105761.7
105761.71
105761.72
105761.72
105761.72
105761.71
105761.72
105761.72
105761.71
105761.72
105761.72
105761.72
105761.72
105761.72
105761.72
105761.72
105761.72
105761.72
105761.71
105761.71
105761.72
105761.72
105761.7
105761.72
105761.71
105761.72
105761.7
105761.71
105761.7
105761.71
105761.72
105761.71
105761.7
105761.67
105761.69
105761.71
105761.69
105761.69
105761.72
105761.72
105761.72
105761.71
105761.72
105761.72
105761.71
105761.72
105761.72
105761.72
105761.72
105761.72
105761.72
105761.72
105761.72
105761.71
105761.71
105761.72
105761.72
105761.7
105761.72
105761.69
105761.71
105761.72
105761.7
105761.71
105761.7
105761.69
105761.69
105761.7
105761.68
105761.71
105761.71
105761.67
105761.69
105761.7
105761.71
105761.72
105761.72
105761.71
105761.71
105761.7
105761.66
105761.68
105761.7
105761.68
105761.68
105761.68
105761.65
105761.65
105761.65
105761.67
105761.63
105761.67
105761.65
105761.62
105761.67
105761.69
105761.7
105761.69
105761.69
105761.69
105761.67
105761.69
105761.65
105761.7
105761.68
105761.67
105761.68
105761.7
105761.7
105761.71
105761.69
105761.71
105761.72
105761.7
105761.7
105761.71
105761.71
105761.72
105761.72
105761.72
105761.71
105761.72
105761.7
105761.7
105761.69
105761.71
105761.71
105761.68
105761.71
105761.67
105761.68
105761.68
105761.64
105761.65
105761.69
105761.66
105761.67
105761.68
105761.68
105761.64
105761.69
105761.66
105761.65
105761.69
105761.7
105761.71
105761.7
105761.7
105761.71
105761.68
105761.69
105761.69
105761.68
105761.71
105761.7
105761.66
105761.7
105761.69
105761.71
105761.72
105761.7
105761.71
105761.71
105761.69
105761.69
105761.7
105761.68
105761.71
105761.71
105761.67
105761.69
105761.7
105761.71
105761.72
105761.72
105761.71
105761.72
105761.7
105761.64
105761.63
105761.65
105761.68
105761.67
105761.62
105761.65
105761.66
105761.68
105761.69
105761.7
105761.69
105761.69
105761.66
105761.65
105761.65
105761.63
105761.68
105761.67
105761.62
105761.66
105761.67
105761.7
105761.71
105761.7
105761.69
105761.69
105761.68
105761.69
105761.65
105761.69
105761.7
105761.67
105761.68
105761.71
105761.7
105761.71
105761.69
105761.71
105761.72
105761.7
105761.7
105761.71
105761.7
105761.7
105761.72
105761.71
105761.68
105761.71
105761.71
105761.71
105761.72
105761.72
105761.72
105761.71
105761.72
105761.68
105761.68
105761.64
105761.69
105761.65
105761.7
105761.66
105761.68
105761.68
105761.64
105761.69
105761.7
105761.66
105761.67
105761.69
105761.69
105761.68
105761.71
105761.7
105761.66
105761.71
105761.7
105761.7
105761.72
105761.7
105761.71
105761.71
105761.69
105761.72
105761.72
105761.72
105761.72
105761.72
105761.72
105761.72
105761.72
105761.72
105761.72
105761.72
105761.72
105761.72
105761.72
105761.72
105761.72
105761.71
105761.72
105761.72
105761.72
105761.72
105761.72
105761.7
105761.72
105761.7
105761.72
105761.72
105761.7
105761.72
105761.71
105761.71
105761.72
105761.72
105761.71
105761.72
105761.72
105761.72
105761.72
105761.72
105761.72
105761.72
105761.72
105761.72
105761.72
105761.7
105761.71
105761.72
105761.71
105761.72
105761.72
105761.72
105761.72
105761.72
105761.72
105761.72
105761.72
105761.72
105761.72
105761.71
105761.72
105761.72
105761.72
105761.72
105761.72
105761.72
105761.72
105761.72
105761.72
105761.72
105761.72
105761.72
105761.71
105761.71
105761.72
105761.72
105761.71
105761.72
105761.72
105761.72
105761.7
105761.71
105761.72
105761.71
105761.72
105761.72
105761.72
105761.72
105761.72
105761.72
105761.72
105761.72
105761.72
105761.72
105761.72
105761.72
105761.72
105761.72
105761.72
105761.71
105761.72
105761.7
105761.72
105761.72
105761.71
105761.71
105761.72
105761.72
105761.72
105761.72
105761.72
105761.72
105761.72
105761.72
105761.72
105761.72
105761.72
105761.72
105761.72
105761.72
105761.71
105761.72
105761.72
105761.7
105761.72
105761.71
105761.71
105761.72
105761.72
105761.72
105761.72
105761.72
105761.72
105761.72
105761.71
105761.69
105761.72
105761.71
105761.69
105761.71
105761.72
105761.72
105761.72
105761.71
105761.72
105761.72
105761.71
105761.71
105761.72
105761.72
105761.72
105761.72
105761.72
105761.72
105761.72
105761.71
105761.71
105761.71
105761.72
105761.72
105761.7
105761.72
105761.71
105761.72
105761.69
105761.71
105761.69
105761.71
105761.72
105761.71
105761.72
105761.72
105761.71
105761.72
105761.71
105761.71
105761.72
105761.72
105761.72
105761.72
105761.72
105761.72
105761.72
105761.71
105761.71
105761.7
105761.72
105761.72
105761.7
105761.72
105761.69
105761.71
105761.7
105761.72
105761.71
105761.7
105761.69
105761.68
105761.7
105761.68
105761.71
105761.71
105761.67
105761.69
105761.69
105761.71
105761.72
105761.71
105761.71
105761.7
105761.7
105761.65
105761.67
105761.69
105761.68
105761.67
105761.68
105761.65
105761.64
105761.64
105761.67
105761.62
105761.66
105761.65
105761.62
105761.66
105761.68
105761.69
105761.68
105761.68
105761.68
105761.66
105761.69
105761.65
105761.69
105761.68
105761.66
105761.68
105761.7
105761.7
105761.71
105761.68
105761.71
105761.72
105761.69
105761.69
105761.71
105761.71
105761.72
105761.72
105761.72
105761.7
105761.71
105761.7
105761.69
105761.69
105761.71
105761.71
105761.67
105761.71
105761.67
105761.68
105761.63
105761.67
105761.64
105761.66
105761.69
105761.67
105761.67
105761.68
105761.63
105761.69
105761.66
105761.65
105761.69
105761.69
105761.69
105761.71
105761.7
105761.68
105761.7
105761.68
105761.68
105761.68
105761.71
105761.7
105761.66
105761.7
105761.69
105761.71
105761.7
105761.71
105761.7
105761.71
105761.68
105761.68
105761.7
105761.67
105761.71
105761.7
105761.67
105761.69
105761.69
105761.71
105761.71
105761.71
105761.7
105761.71
105761.7
105761.65
105761.67
105761.68
105761.69
105761.68
105761.67
105761.65
105761.64
105761.64
105761.62
105761.66
105761.66
105761.61
105761.64
105761.66
105761.68
105761.69
105761.68
105761.68
105761.68
105761.66
105761.69
105761.65
105761.68
105761.69
105761.66
105761.68
105761.7
105761.7
105761.71
105761.68
105761.71
105761.71
105761.69
105761.69
105761.7
105761.69
105761.69
105761.71
105761.71
105761.67
105761.71
105761.71
105761.71
105761.71
105761.72
105761.72
105761.7
105761.71
105761.67
105761.63
105761.67
105761.67
105761.64
105761.65
105761.69
105761.67
105761.67
105761.63
105761.67
105761.68
105761.65
105761.65
105761.68
105761.68
105761.68
105761.7
105761.69
105761.66
105761.7
105761.68
105761.69
105761.69
105761.71
105761.7
105761.67
105761.7
105761.72
105761.72
105761.72
105761.72
105761.72
105761.72
105761.72
105761.72
105761.72
105761.71
105761.72
105761.72
105761.71
105761.71
105761.72
105761.72
105761.72
105761.72
105761.72
105761.72
105761.72
105761.72
105761.72
105761.72
105761.72
105761.72
105761.72
105761.72
105761.72
105761.72
105761.7
105761.72
105761.72
105761.71
105761.71
105761.72
105761.72
105761.72
105761.72
105761.72
105761.72
105761.72
105761.71
105761.69
105761.71
105761.72
105761.69
105761.71
105761.72
105761.72
105761.72
105761.71
105761.72
105761.72
105761.71
105761.71
105761.71
105761.71
105761.7
105761.72
105761.72
105761.7
105761.72
105761.72
105761.72
105761.72
105761.72
105761.72
105761.72
105761.72
105761.71
105761.69
105761.71
105761.72
105761.69
105761.71
105761.72
105761.72
105761.72
105761.71
105761.72
105761.72
105761.71
105761.71
105761.71
105761.71
105761.71
105761.72
105761.72
105761.7
105761.72
105761.72
105761.72
105761.72
105761.72
105761.72
105761.72
105761.72
105761.69
105761.71
105761.7
105761.72
105761.7
105761.71
105761.69
105761.68
105761.7
105761.68
105761.71
105761.71
105761.67
105761.69
105761.69
105761.71
105761.72
105761.71
105761.71
105761.71
105761.7
105761.66
105761.68
105761.68
105761.7
105761.68
105761.68
105761.66
105761.64
105761.64
105761.62
105761.67
105761.67
105761.62
105761.65
105761.66
105761.69
105761.7
105761.69
105761.69
105761.68
105761.67
105761.69
105761.65
105761.68
105761.69
105761.66
105761.68
105761.7
105761.7
105761.71
105761.68
105761.71
105761.72
105761.69
105761.7
105761.7
105761.69
105761.69
105761.71
105761.71
105761.68
105761.71
105761.71
105761.71
105761.72
105761.72
105761.72
105761.7
105761.71
105761.67
105761.63
105761.67
105761.68
105761.65
105761.66
105761.69
105761.67
105761.67
105761.63
105761.68
105761.69
105761.65
105761.66
105761.68
105761.69
105761.68
105761.71
105761.7
105761.66
105761.7
105761.69
105761.7
105761.69
105761.71
105761.7
105761.68
105761.7
105761.69
105761.71
105761.7
105761.71
105761.7
105761.71
105761.68
105761.68
105761.7
105761.68
105761.71
105761.71
105761.67
105761.69
105761.7
105761.71
105761.72
105761.72
105761.71
105761.71
105761.7
105761.66
105761.67
105761.68
105761.7
105761.68
105761.68
105761.65
105761.64
105761.64
105761.62
105761.67
105761.66
105761.62
105761.65
105761.66
105761.69
105761.7
105761.69
105761.69
105761.68
105761.67
105761.69
105761.65
105761.68
105761.7
105761.66
105761.68
105761.7
105761.7
105761.71
105761.68
105761.71
105761.72
105761.69
105761.7
105761.7
105761.69
105761.69
105761.71
105761.71
105761.68
105761.71
105761.71
105761.71
105761.72
105761.72
105761.72
105761.71
105761.71
105761.67
105761.63
105761.67
105761.68
105761.65
105761.66
105761.69
105761.66
105761.65
105761.61
105761.65
105761.67
105761.64
105761.64
105761.67
105761.67
105761.63
105761.68
105761.69
105761.65
105761.66
105761.68
105761.68
105761.68
105761.71
105761.69
105761.66
105761.7
105761.69
105761.7
105761.69
105761.71
105761.7
105761.68
105761.7
105761.72
105761.72
105761.72
105761.72
105761.72
105761.72
105761.72
105761.72
105761.72
105761.72
105761.72
105761.72
105761.72
105761.72
105761.72
105761.72
105761.71
105761.71
105761.72
105761.72
105761.72
105761.72
105761.71
105761.71
105761.72
105761.72
105761.71
105761.72
105761.72
105761.72
105761.72
105761.72
105761.72
105761.72
105761.72
105761.72
105761.72
105761.7
105761.71
105761.72
105761.7
105761.72
105761.65
105761.64
105761.64
105761.67
105761.66
105761.63
105761.66
105761.64
105761.64
105761.6
105761.63
105761.62
105761.62
105761.65
105761.63
105761.63
105761.62
105761.64
105761.62
105761.64
105761.63
105761.66
105761.65
105761.65
105761.68
105761.67
105761.64
105761.67
105761.64
105761.64
105761.6
105761.63
105761.63
105761.62
105761.66
105761.65
105761.64
105761.62
105761.65
105761.63
105761.66
105761.64
105761.65
105761.65
105761.67
105761.64
105761.67
105761.63
105761.66
105761.64
105761.63
105761.6
105761.63
105761.62
105761.62
105761.65
105761.64
105761.64
105761.62
105761.65
105761.63
105761.64
105761.65
105761.64
105761.61
105761.61
105761.6
105761.62
105761.63
105761.62
105761.66
105761.65
105761.65
105761.68
105761.68
105761.64
105761.67
105761.65
105761.65
105761.63
105761.66
105761.63
105761.65
105761.66
105761.64
105761.64
105761.6
105761.63
105761.63
105761.62
105761.65
105761.64
105761.64
105761.66
105761.63
105761.66
105761.63
105761.65
105761.63
105761.62
105761.6
105761.62
105761.61
105761.61
105761.64
105761.63
105761.62
105761.62
105761.64
105761.62
105761.63
105761.64
105761.62
105761.6
105761.6
105761.59
105761.61
105761.62
105761.61
105761.64
105761.64
105761.63
105761.66
105761.65
105761.62
105761.65
105761.63
105761.62
105761.61
105761.63
105761.61
105761.63
105761.63
105761.62
105761.62
105761.6
105761.62
105761.61
105761.61
105761.64
105761.72
105761.72
105761.73
105761.72
105761.72
105761.72
105761.72
105761.74
105761.73
105761.72
105761.72
105761.72
105761.72
105761.72
105761.72
105761.72
105761.72
105761.72
105761.72
105761.72
105761.72
105761.72
105761.73
105761.72
105761.72
105761.72
105761.72
105761.72
105761.73
105761.72
105761.72
105761.72
105761.72
105761.72
105761.72
105761.72
105761.72
105761.72
105761.72
105761.72
105761.72
105761.72
105761.72
105761.72
105761.72
105761.72
105761.72
105761.72
105761.72
105761.72
105761.72
105761.72
105761.72
105761.72
105761.72
105761.72
105761.72
105761.72
105761.72
105761.72
105761.72
105761.72
105761.72
105761.72
105761.72
105761.72
105761.72
105761.72
105761.72
105761.72
105761.72
105761.72
105761.72
105761.72
105761.72
105761.72
105761.72
105761.72
105761.72
105761.72
105761.72
105761.72
105761.72
105761.72
105761.72
105761.72
105761.72
105761.72
105761.72
105761.72
105761.72
105761.73
105761.72
105761.72
105761.72
105761.72
105761.72
105761.72
105761.74
105761.73
105761.73
105761.73
105761.73
105761.72
105761.72
105761.73
105761.72
105761.72
105761.72
105761.72
105761.72
105761.72
105761.73
105761.72
105761.72
105761.72
105761.72
105761.72
105761.72
105761.73
105761.72
105761.72
105761.72
105761.72
105761.72
105761.72
105761.73
105761.72
105761.72
105761.72
105761.72
105761.72
105761.72
105761.72
105761.72
105761.73
105761.72
105761.72
105761.72
105761.72
105761.74
105761.72
105761.72
105761.72
105761.72
105761.72
105761.72
105761.72
105761.72
105761.73
105761.72
105761.72
105761.72
105761.72
105761.72
105761.72
105761.72
105761.72
105761.72
105761.72
105761.72
105761.72
105761.72
105761.72
105761.72
105761.72
105761.72
105761.72
105761.72
105761.73
105761.72
105761.72
105761.72
105761.72
105761.72
105761.73
105761.72
105761.72
105761.72
105761.72
105761.72
105761.72
105761.72
105761.72
105761.72
105761.72
105761.72
105761.72
105761.72
105761.72
105761.72
105761.72
105761.72
105761.72
105761.72
105761.72
105761.72
105761.72
105761.73
105761.72
105761.72
105761.72
105761.72
105761.73
105761.72
105761.72
105761.72
105761.72
105761.72
105761.72
105761.72
105761.72
105761.73
105761.72
105761.72
105761.72
105761.72
105761.74
105761.72
105761.72
105761.72
105761.72
105761.72
105761.72
105761.72
105761.72
105761.72
105761.72
105761.72
105761.72
105761.72
105761.72
105761.72
105761.72
105761.72
105761.72
105761.72
105761.72
105761.72
105761.72
105761.72
105761.72
105761.72
105761.72
105761.72
105761.72
105761.72
105761.72
105761.72
105761.72
105761.72
105761.72
105761.72
105761.72
105761.72
105761.72
105761.72
105761.72
105761.72
105761.72
105761.72
105761.72
105761.72
105761.72
105761.72
105761.72
105761.72
105761.72
105761.72
105761.72
105761.72
105761.72
105761.72
105761.7
105761.67
105761.69
105761.69
105761.69
105761.7
105761.71
105761.66
105761.69
105761.68
105761.69
105761.68
105761.7
105761.7
105761.7
105761.68
105761.7
105761.7
105761.69
105761.71
105761.71
105761.67
105761.69
105761.68
105761.69
105761.69
105761.7
105761.7
105761.72
105761.72
105761.72
105761.72
105761.72
105761.72
105761.72
105761.72
105761.72
105761.72
105761.72
105761.72
105761.72
105761.72
105761.7
105761.7
105761.68
105761.7
105761.69
105761.71
105761.71
105761.67
105761.69
105761.69
105761.69
105761.69
105761.71
105761.7
105761.7
105761.68
105761.7
105761.7
105761.7
105761.71
105761.71
105761.67
105761.7
105761.69
105761.7
105761.69
105761.71
105761.71
105761.72
105761.72
105761.72
105761.72
105761.72
105761.72
105761.72
105761.72
105761.72
105761.72
105761.72
105761.72
105761.72
105761.72
105761.72
105761.72
105761.72
105761.72
105761.72
105761.72
105761.72
105761.72
105761.72
105761.72
105761.72
105761.72
105761.72
105761.72
105761.69
105761.67
105761.7
105761.69
105761.69
105761.7
105761.71
105761.67
105761.69
105761.68
105761.69
105761.68
105761.7
105761.7
105761.67
105761.7
105761.69
105761.69
105761.69
105761.7
105761.7
105761.66
105761.69
105761.68
105761.69
105761.68
105761.7
105761.7
105761.72
105761.72
105761.72
105761.72
105761.72
105761.72
105761.72
105761.72
105761.72
105761.72
105761.72
105761.72
105761.72
105761.72
105761.67
105761.7
105761.69
105761.7
105761.69
105761.71
105761.71
105761.67
105761.7
105761.69
105761.7
105761.69
105761.71
105761.71
105761.67
105761.7
105761.7
105761.7
105761.69
105761.71
105761.71
105761.67
105761.69
105761.68
105761.69
105761.69
105761.7
105761.7
105761.72
105761.72
105761.72
105761.72
105761.72
105761.72
105761.72
105761.72
105761.72
105761.72
105761.72
105761.72
105761.72
105761.72
105761.72
105761.72
105761.72
105761.72
105761.72
105761.72
105761.72
105761.71
105761.72
105761.72
105761.72
105761.72
105761.71
105761.72
105761.71
105761.72
105761.72
105761.72
105761.72
105761.72
105761.72
105761.72
105761.72
105761.72
105761.72
105761.72
105761.72
105761.72
105761.72
105761.71
105761.72
105761.72
105761.72
105761.72
105761.72
105761.72
105761.72
105761.71
105761.72
105761.72
105761.72
105761.72
105761.72
105761.72
105761.72
105761.72
105761.72
105761.72
105761.72
105761.72
105761.72
105761.72
105761.72
105761.72
105761.72
105761.72
105761.72
105761.72
105761.71
105761.72
105761.72
105761.72
105761.72
105761.67
105761.65
105761.68
105761.66
105761.66
105761.67
105761.68
105761.67
105761.64
105761.67
105761.66
105761.66
105761.67
105761.68
105761.64
105761.63
105761.63
105761.65
105761.65
105761.64
105761.66
105761.72
105761.72
105761.72
105761.72
105761.72
105761.72
105761.72
105761.72
105761.72
105761.72
105761.72
105761.72
105761.72
105761.72
105761.72
105761.73
105761.73
105761.72
105761.72
105761.72
105761.72
105761.72
105761.72
105761.72
105761.72
105761.72
105761.72
105761.72
105761.72
105761.72
105761.72
105761.72
105761.72
105761.72
105761.72
105761.72
105761.73
105761.73
105761.72
105761.72
105761.72
105761.72
105761.72
105761.72
105761.72
105761.72
105761.72
105761.72
105761.72
105761.72
105761.72
105761.72
105761.72
105761.72
105761.72
105761.72
105761.72
105761.73
105761.73
105761.72
105761.72
105761.72
105761.72
105761.72
105761.72
105761.72
105761.72
105761.72
105761.72
105761.72
105761.72
105761.72
105761.72
105761.72
105761.72
105761.72
105761.72
105761.72
105761.73
105761.73
105761.72
105761.72
105761.72
105761.72
105761.72
105761.72
105761.73
105761.72
105761.72
105761.72
105761.72
105761.72
105761.72
105761.73
105761.72
105761.72
105761.72
105761.72
105761.72
105761.73
105761.73
105761.72
105761.72
105761.73
105761.72
105761.72
105761.72
105761.73
105761.72
105761.72
105761.72
105761.72
105761.72
105761.72
105761.72
105761.72
105761.72
105761.72
105761.72
105761.72
105761.73
105761.73
105761.72
105761.72
105761.73
105761.72
105761.72
105761.72
105761.73
105761.72
105761.72
105761.72
105761.72
105761.72
105761.72
105761.72
105761.72
105761.72
105761.72
105761.72
105761.72
105761.73
105761.73
105761.72
105761.72
105761.73
105761.72
105761.72
105761.72
105761.72
105761.72
105761.72
105761.72
105761.72
105761.72
105761.72
105761.72
105761.72
105761.72
105761.72
105761.72
105761.72
105761.73
105761.73
105761.72
105761.72
105761.72
105761.72
105761.72
105761.72
105761.72
105761.72
105761.72
105761.72
105761.72
105761.72
105761.72
105761.72
105761.72
105761.72
105761.72
105761.72
105761.72
105761.73
105761.72
105761.72
105761.72
105761.72
105761.72
105761.72
105761.72
105761.72
105761.72
105761.72
105761.72
105761.72
105761.72
105761.72
105761.72
105761.72
105761.72
105761.72
105761.72
105761.72
105761.73
105761.73
105761.72
105761.72
105761.72
105761.72
105761.72
105761.72
105761.72
105761.72
105761.72
105761.72
105761.72
105761.72
105761.72
105761.72
105761.72
105761.72
105761.72
105761.72
105761.72
105761.73
105761.72
105761.72
105761.72
105761.72
105761.72
105761.72
105761.72
105761.72
105761.72
105761.72
105761.72
105761.72
105761.72
105761.72
105761.72
105761.72
105761.72
105761.72
105761.72
105761.72
105761.73
105761.72
105761.72
105761.72
105761.72
105761.72
105761.72
105761.72
105761.72
105761.72
105761.72
105761.72
105761.72
105761.72
105761.72
105761.72
105761.72
105761.72
105761.72
105761.72
105761.72
105761.72
105761.71
105761.72
105761.72
105761.72
105761.72
105761.72
105761.72
105761.72
105761.72
105761.72
105761.72
105761.72
105761.72
105761.72
105761.72
105761.72
105761.72
105761.72
105761.72
105761.72
105761.72
105761.71
105761.72
105761.72
105761.72
105761.72
105761.72
105761.72
105761.72
105761.72
105761.72
105761.72
105761.72
105761.72
105761.72
105761.72
105761.72
105761.72
105761.72
105761.72
105761.72
105761.72
105761.72
105761.72
105761.72
105761.72
105761.72
105761.72
105761.72
105761.72
105761.72
105761.72
105761.72
105761.72
105761.72
105761.72
105761.72
105761.72
105761.72
105761.72
105761.72
105761.72
105761.72
105761.72
105761.72
105761.72
105761.72
105761.72
105761.72
105761.72
105761.72
105761.72
105761.72
105761.72
105761.72
105761.72
105761.72
105761.72
105761.72
105761.72
105761.72
105761.72
105761.72
105761.72
105761.71
105761.72
105761.72
105761.72
105761.72
105761.72
105761.72
105761.72
105761.72
105761.72
105761.72
105761.72
105761.72
105761.71
105761.72
105761.72
105761.72
105761.72
105761.72
105761.72
105761.71
105761.71
105761.72
105761.72
105761.72
105761.72
105761.68
105761.66
105761.69
105761.67
105761.68
105761.69
105761.7
105761.68
105761.66
105761.69
105761.67
105761.68
105761.69
105761.7
105761.65
105761.64
105761.64
105761.66
105761.67
105761.67
105761.68
105761.68
105761.68
105761.65
105761.67
105761.67
105761.68
105761.69
105761.68
105761.66
105761.69
105761.67
105761.68
105761.69
105761.7
105761.65
105761.64
105761.64
105761.65
105761.66
105761.66
105761.67
105761.67
105761.67
105761.64
105761.66
105761.66
105761.67
105761.68
105761.67
105761.64
105761.67
105761.66
105761.66
105761.67
105761.68
105761.63
105761.63
105761.63
105761.64
105761.65
105761.65
105761.66
105761.74
105761.74
105761.76
105761.75
105761.72
105761.73
105761.73
105761.74
105761.73
105761.76
105761.75
105761.72
105761.73
105761.73
105761.73
105761.73
105761.75
105761.75
105761.72
105761.73
105761.73
105761.73
105761.72
105761.72
105761.72
105761.72
105761.72
105761.72
105761.73
105761.73
105761.73
105761.72
105761.72
105761.72
105761.72
105761.72
105761.72
105761.72
105761.72
105761.72
105761.72
105761.72
105761.72
105761.72
105761.72
105761.72
105761.72
105761.72
105761.72
105761.73
105761.73
105761.73
105761.72
105761.72
105761.72
105761.73
105761.73
105761.72
105761.72
105761.72
105761.72
105761.72
105761.72
105761.73
105761.73
105761.73
105761.72
105761.72
105761.72
105761.73
105761.74
105761.73
105761.76
105761.74
105761.72
105761.73
105761.73
105761.74
105761.73
105761.76
105761.74
105761.72
105761.73
105761.73
105761.73
105761.73
105761.75
105761.74
105761.72
105761.73
105761.73
105761.73
105761.72
105761.72
105761.72
105761.72
105761.72
105761.72
105761.73
105761.73
105761.73
105761.72
105761.72
105761.72
105761.73
105761.73
105761.72
105761.72
105761.72
105761.72
105761.72
105761.72
105761.73
105761.73
105761.73
105761.72
105761.72
105761.72
105761.73
105761.74
105761.73
105761.76
105761.74
105761.72
105761.73
105761.73
105761.74
105761.73
105761.76
105761.74
105761.72
105761.73
105761.73
105761.73
105761.73
105761.75
105761.74
105761.72
105761.73
105761.73
105761.73
105761.72
105761.72
105761.72
105761.72
105761.72
105761.72
105761.73
105761.73
105761.73
105761.72
105761.72
105761.72
105761.73
105761.72
105761.72
105761.72
105761.72
105761.72
105761.72
105761.72
105761.72
105761.72
105761.72
105761.72
105761.72
105761.72
105761.72
105761.73
105761.73
105761.73
105761.72
105761.72
105761.72
105761.72
105761.72
105761.72
105761.72
105761.72
105761.72
105761.72
105761.72
105761.74
105761.73
105761.76
105761.75
105761.72
105761.73
105761.73
105761.74
105761.73
105761.76
105761.75
105761.72
105761.73
105761.73
105761.73
105761.73
105761.75
105761.74
105761.72
105761.73
105761.73
105761.73
105761.72
105761.72
105761.72
105761.72
105761.72
105761.72
105761.73
105761.73
105761.73
105761.72
105761.72
105761.72
105761.72
105761.72
105761.72
105761.72
105761.72
105761.72
105761.72
105761.72
105761.72
105761.72
105761.72
105761.72
105761.72
105761.72
105761.72
105761.73
105761.73
105761.73
105761.72
105761.72
105761.72
105761.73
105761.72
105761.72
105761.72
105761.72
105761.72
105761.72
105761.72
105761.73
105761.73
105761.73
105761.72
105761.72
105761.72
105761.73
105761.7
105761.7
105761.68
105761.69
105761.72
105761.71
105761.71
105761.69
105761.68
105761.66
105761.68
105761.71
105761.7
105761.7
105761.69
105761.68
105761.67
105761.68
105761.71
105761.7
105761.7
105761.7
105761.72
105761.72
105761.72
105761.72
105761.72
105761.71
105761.71
105761.7
105761.7
105761.72
105761.71
105761.72
105761.71
105761.71
105761.72
105761.72
105761.72
105761.72
105761.72
105761.72
105761.71
105761.72
105761.72
105761.72
105761.72
105761.72
105761.72
105761.71
105761.7
105761.7
105761.72
105761.71
105761.72
105761.71
105761.71
105761.72
105761.72
105761.72
105761.72
105761.72
105761.72
105761.7
105761.7
105761.68
105761.69
105761.72
105761.71
105761.71
105761.69
105761.68
105761.66
105761.68
105761.71
105761.7
105761.7
105761.69
105761.68
105761.66
105761.68
105761.71
105761.7
105761.7
105761.7
105761.72
105761.72
105761.72
105761.71
105761.71
105761.71
105761.7
105761.7
105761.7
105761.71
105761.71
105761.72
105761.71
105761.71
105761.72
105761.72
105761.72
105761.72
105761.72
105761.72
105761.71
105761.72
105761.72
105761.72
105761.72
105761.71
105761.72
105761.71
105761.7
105761.7
105761.71
105761.71
105761.72
105761.71
105761.71
105761.72
105761.72
105761.72
105761.72
105761.71
105761.72
105761.69
105761.69
105761.67
105761.68
105761.71
105761.7
105761.7
105761.68
105761.68
105761.66
105761.67
105761.71
105761.7
105761.69
105761.68
105761.68
105761.66
105761.67
105761.71
105761.7
105761.69
105761.7
105761.72
105761.71
105761.71
105761.71
105761.71
105761.71
105761.7
105761.7
105761.69
105761.71
105761.71
105761.72
105761.71
105761.71
105761.72
105761.72
105761.72
105761.72
105761.71
105761.72
105761.7
105761.72
105761.71
105761.72
105761.72
105761.71
105761.72
105761.7
105761.7
105761.69
105761.71
105761.71
105761.72
105761.71
105761.7
105761.72
105761.71
105761.72
105761.72
105761.71
105761.72
105761.68
105761.67
105761.67
105761.69
105761.69
105761.7
105761.69
105761.69
105761.69
105761.67
105761.68
105761.71
105761.7
105761.7
105761.69
105761.68
105761.66
105761.67
105761.71
105761.7
105761.69
105761.68
105761.68
105761.66
105761.67
105761.71
105761.7
105761.69
105761.7
105761.72
105761.71
105761.71
105761.71
105761.71
105761.71
105761.7
105761.7
105761.69
105761.71
105761.71
105761.72
105761.71
105761.71
105761.72
105761.72
105761.72
105761.72
105761.71
105761.72
105761.7
105761.72
105761.71
105761.72
105761.72
105761.71
105761.72
105761.7
105761.7
105761.69
105761.71
105761.71
105761.72
105761.71
105761.7
105761.72
105761.71
105761.72
105761.72
105761.71
105761.72
105761.68
105761.67
105761.67
105761.69
105761.69
105761.7
105761.69
105761.72
105761.72
105761.72
105761.72
105761.72
105761.72
105761.72
105761.72
105761.72
105761.72
105761.72
105761.72
105761.72
105761.72
105761.72
105761.72
105761.72
105761.72
105761.72
105761.72
105761.72
105761.72
105761.72
105761.72
105761.72
105761.72
105761.72
105761.72
105761.73
105761.73
105761.73
105761.72
105761.72
105761.72
105761.72
105761.72
105761.72
105761.72
105761.72
105761.72
105761.72
105761.72
105761.72
105761.72
105761.72
105761.72
105761.72
105761.72
105761.72
105761.73
105761.73
105761.73
105761.72
105761.72
105761.72
105761.72
105761.69
105761.68
105761.68
105761.7
105761.7
105761.7
105761.71
105761.68
105761.68
105761.68
105761.7
105761.7
105761.69
105761.71
105761.71
105761.71
105761.71
105761.72
105761.72
105761.72
105761.72
105761.71
105761.71
105761.71
105761.72
105761.72
105761.72
105761.72
105761.71
105761.71
105761.71
105761.72
105761.72
105761.72
105761.72
105761.71
105761.71
105761.71
105761.72
105761.72
105761.72
105761.72
105761.72
105761.72
105761.72
105761.72
105761.72
105761.72
105761.72
105761.72
105761.72
105761.72
105761.72
105761.72
105761.72
105761.72
105761.72
105761.72
105761.72
105761.72
105761.72
105761.72
105761.72
105761.72
105761.72
105761.72
105761.72
105761.72
105761.72
105761.72
105761.72
105761.72
105761.72
105761.72
105761.72
105761.72
105761.72
105761.72
105761.72
105761.72
105761.72
105761.72
105761.72
105761.72
105761.72
105761.72
105761.72
105761.72
105761.72
105761.72
105761.72
105761.72
105761.72
105761.72
105761.72
105761.72
105761.72
105761.72
105761.72
105761.72
105761.72
105761.72
105761.72
105761.72
105761.72
105761.72
105761.72
105761.72
105761.72
105761.72
105761.72
105761.72
105761.72
105761.72
105761.72
105761.72
105761.72
105761.72
105761.72
105761.72
105761.72
105761.72
105761.72
105761.72
105761.72
105761.72
105761.72
105761.72
105761.72
105761.72
105761.72
105761.72
105761.72
105761.72
105761.72
105761.72
105761.72
105761.72
105761.72
105761.72
105761.72
105761.72
105761.72
105761.72
105761.72
105761.72
105761.72
105761.72
105761.72
105761.72
105761.72
105761.72
105761.72
105761.72
105761.72
105761.72
105761.72
105761.72
105761.72
105761.72
105761.72
105761.72
105761.72
105761.72
105761.72
105761.72
105761.72
105761.72
105761.72
105761.72
105761.72
105761.72
105761.72
105761.72
105761.72
105761.72
105761.72
105761.72
105761.72
105761.72
105761.72
105761.72
105761.72
105761.72
105761.72
105761.72
105761.72
105761.72
105761.72
105761.72
105761.72
105761.72
105761.72
105761.72
105761.72
105761.72
105761.72
105761.72
105761.72
105761.72
105761.72
105761.72
105761.72
105761.72
105761.72
105761.72
105761.71
105761.71
105761.71
105761.71
105761.72
105761.72
105761.72
105761.72
105761.72
105761.72
105761.72
105761.72
105761.72
105761.72
105761.71
105761.71
105761.71
105761.71
105761.72
105761.72
105761.72
105761.72
105761.71
105761.72
105761.71
105761.72
105761.72
105761.72
105761.71
105761.71
105761.72
105761.71
105761.72
105761.71
105761.71
105761.71
105761.71
105761.71
105761.71
105761.72
105761.72
105761.72
105761.72
105761.72
105761.72
105761.72
105761.72
105761.72
105761.72
105761.72
105761.72
105761.72
105761.72
105761.72
105761.72
105761.72
105761.72
105761.72
105761.72
105761.72
105761.72
105761.72
105761.72
105761.71
105761.71
105761.71
105761.71
105761.71
105761.71
105761.71
105761.71
105761.71
105761.71
105761.71
105761.71
105761.71
105761.71
105761.7
105761.7
105761.7
105761.7
105761.71
105761.71
105761.71
105761.7
105761.7
105761.71
105761.71
105761.72
105761.72
105761.72
105761.72
105761.72
105761.72
105761.72
105761.72
105761.72
105761.72
105761.72
105761.72
105761.72
105761.72
105761.72
105761.72
105761.72
105761.72
105761.72
105761.72
105761.72
105761.72
105761.72
105761.72
105761.72
105761.72
105761.72
105761.72
105761.72
105761.72
105761.72
105761.72
105761.72
105761.72
105761.72
105761.72
105761.72
105761.72
105761.72
105761.72
105761.72
105761.72
105761.72
105761.72
105761.72
105761.72
105761.72
105761.72
105761.72
105761.72
105761.72
105761.72
105761.72
105761.72
105761.72
105761.72
105761.72
105761.72
105761.72
105761.72
105761.72
105761.72
105761.72
105761.72
105761.72
105761.72
105761.72
105761.72
105761.72
105761.72
105761.72
105761.72
105761.72
105761.72
105761.72
105761.72
105761.72
105761.72
105761.72
105761.72
105761.72
105761.72
105761.72
105761.72
105761.72
105761.72
105761.72
105761.72
105761.72
105761.72
105761.72
105761.72
105761.72
105761.72
105761.72
105761.72
105761.72
105761.72
105761.72
105761.72
105761.72
105761.72
105761.72
105761.72
105761.72
105761.72
105761.72
105761.72
105761.73
105761.72
105761.72
105761.72
105761.72
105761.72
105761.72
105761.72
105761.72
105761.72
105761.72
105761.72
105761.72
105761.72
105761.72
105761.72
105761.72
105761.72
105761.72
105761.72
105761.72
105761.72
105761.72
105761.72
105761.72
105761.72
105761.72
105761.72
105761.72
105761.72
105761.72
105761.72
105761.72
105761.72
105761.72
105761.72
105761.72
105761.72
105761.72
105761.72
105761.72
105761.72
105761.72
105761.72
105761.72
105761.72
105761.72
105761.72
105761.72
105761.72
105761.72
105761.72
105761.72
105761.72
105761.72
105761.72
105761.72
105761.72
105761.72
105761.72
105761.72
105761.72
105761.72
105761.72
105761.73
105761.72
105761.73
105761.72
105761.72
105761.71
105761.72
105761.72
105761.72
105761.72
105761.71
105761.72
105761.71
105761.71
105761.71
105761.71
105761.7
105761.71
105761.72
105761.71
105761.71
105761.72
105761.72
105761.71
105761.72
105761.72
105761.72
105761.72
105761.72
105761.72
105761.72
105761.72
105761.72
105761.72
105761.72
105761.72
105761.72
105761.72
105761.72
105761.72
105761.72
105761.72
105761.72
105761.72
105761.72
105761.67
105761.71
105761.71
105761.69
105761.7
105761.69
105761.68
105761.64
105761.67
105761.66
105761.62
105761.63
105761.67
105761.64
105761.72
105761.72
105761.72
105761.72
105761.72
105761.72
105761.72
105761.72
105761.72
105761.72
105761.72
105761.72
105761.72
105761.72
105761.72
105761.72
105761.72
105761.72
105761.72
105761.72
105761.72
105761.72
105761.72
105761.72
105761.72
105761.72
105761.72
105761.72
105761.72
105761.72
105761.72
105761.72
105761.72
105761.72
105761.72
105761.72
105761.72
105761.72
105761.72
105761.72
105761.72
105761.72
105761.72
105761.72
105761.72
105761.72
105761.72
105761.72
105761.72
105761.72
105761.72
105761.72
105761.72
105761.72
105761.72
105761.72
105761.72
105761.72
105761.72
105761.72
105761.72
105761.72
105761.72
105761.72
105761.72
105761.72
105761.72
105761.72
105761.72
105761.72
105761.72
105761.72
105761.72
105761.72
105761.72
105761.72
105761.72
105761.72
105761.72
105761.72
105761.72
105761.72
105761.72
105761.72
105761.72
105761.72
105761.72
105761.72
105761.72
105761.72
105761.72
105761.72
105761.72
105761.72
105761.72
105761.72
105761.72
105761.72
105761.72
105761.72
105761.72
105761.72
105761.72
105761.72
105761.72
105761.72
105761.72
105761.72
105761.72
105761.72
105761.72
105761.72
105761.72
105761.72
105761.72
105761.72
105761.72
105761.72
105761.72
105761.72
105761.72
105761.72
105761.72
105761.72
105761.72
105761.72
105761.69
105761.72
105761.7
105761.71
105761.7
105761.71
105761.69
105761.69
105761.72
105761.71
105761.72
105761.71
105761.71
105761.7
105761.66
105761.7
105761.68
105761.68
105761.68
105761.68
105761.65
105761.72
105761.72
105761.72
105761.72
105761.72
105761.72
105761.72
105761.72
105761.72
105761.72
105761.72
105761.72
105761.72
105761.72
105761.72
105761.72
105761.72
105761.72
105761.72
105761.72
105761.72
105761.72
105761.72
105761.72
105761.72
105761.72
105761.72
105761.72
105761.72
105761.72
105761.72
105761.72
105761.72
105761.72
105761.72
105761.72
105761.72
105761.72
105761.72
105761.72
105761.72
105761.72
105761.72
105761.72
105761.72
105761.72
105761.72
105761.72
105761.72
105761.72
105761.72
105761.72
105761.72
105761.72
105761.72
105761.72
105761.72
105761.72
105761.72
105761.72
105761.72
105761.72
105761.72
105761.72
105761.72
105761.72
105761.72
105761.72
105761.72
105761.72
105761.72
105761.72
105761.72
105761.72
105761.72
105761.72
105761.72
105761.72
105761.72
105761.72
105761.72
105761.72
105761.72
105761.72
105761.72
105761.72
105761.72
105761.72
105761.72
105761.72
105761.72
105761.72
105761.72
105761.72
105761.72
105761.72
105761.72
105761.72
105761.72
105761.72
105761.72
105761.72
105761.72
105761.72
105761.72
105761.72
105761.72
105761.72
105761.72
105761.72
105761.72
105761.72
105761.72
105761.72
105761.72
105761.72
105761.72
105761.72
105761.72
105761.72
105761.72
105761.72
105761.72
105761.72
105761.72
105761.72
105761.72
105761.72
105761.72
105761.72
105761.72
105761.72
105761.72
105761.72
105761.72
105761.72
105761.72
105761.72
105761.72
105761.72
105761.72
105761.72
105761.72
105761.72
105761.72
105761.72
105761.72
105761.72
105761.72
105761.72
105761.72
105761.72
105761.72
105761.72
105761.72
105761.72
105761.72
105761.72
105761.72
105761.72
105761.72
105761.72
105761.72
105761.72
105761.72
105761.72
105761.72
105761.72
105761.72
105761.72
105761.72
105761.72
105761.72
105761.72
105761.72
105761.72
105761.72
105761.72
105761.72
105761.72
105761.72
105761.72
105761.72
105761.72
105761.72
105761.72
105761.72
105761.72
105761.72
105761.72
105761.72
105761.72
105761.72
105761.72
105761.72
105761.72
105761.72
105761.72
105761.72
105761.72
105761.72
105761.72
105761.72
105761.72
105761.72
105761.72
105761.72
105761.72
105761.72
105761.72
105761.72
105761.72
105761.72
105761.72
105761.72
105761.72
105761.72
105761.72
105761.72
105761.72
105761.72
105761.72
105761.72
105761.72
105761.72
105761.72
105761.72
105761.72
105761.72
105761.72
105761.72
105761.72
105761.72
105761.72
105761.72
105761.72
105761.72
105761.72
105761.72
105761.72
105761.72
105761.72
105761.72
105761.72
105761.72
105761.72
105761.72
105761.72
105761.72
105761.72
105761.72
105761.72
105761.72
105761.72
105761.72
105761.72
105761.72
105761.72
105761.72
105761.72
105761.72
105761.72
105761.72
105761.72
105761.72
105761.72
105761.72
105761.72
105761.72
105761.72
105761.72
105761.72
105761.72
105761.72
105761.72
105761.72
105761.72
105761.72
105761.72
105761.72
105761.72
105761.72
105761.72
105761.72
105761.72
105761.72
105761.72
105761.72
105761.72
105761.72
105761.72
105761.72
105761.72
105761.72
105761.72
105761.72
105761.72
105761.72
105761.72
105761.72
105761.72
105761.72
105761.72
105761.72
105761.72
105761.72
105761.72
105761.72
105761.72
105761.72
105761.72
105761.72
105761.72
105761.72
105761.72
105761.72
105761.72
105761.72
105761.72
105761.72
105761.72
105761.72
105761.72
105761.72
105761.72
105761.72
105761.72
105761.72
105761.72
105761.72
105761.72
105761.72
105761.72
105761.72
105761.72
105761.72
105761.72
105761.72
105761.72
105761.72
105761.72
105761.72
105761.72
105761.72
105761.72
105761.72
105761.72
105761.72
105761.72
105761.72
105761.71
105761.7
105761.71
105761.72
105761.72
105761.72
105761.72
105761.72
105761.72
105761.72
105761.72
105761.72
105761.72
105761.72
105761.72
105761.71
105761.72
105761.72
105761.71
105761.72
105761.71
105761.72
105761.71
105761.72
105761.72
105761.72
105761.72
105761.72
105761.71
105761.7
105761.7
105761.71
105761.71
105761.71
105761.71
105761.72
105761.72
105761.72
105761.72
105761.72
105761.72
105761.72
105761.7
105761.68
105761.69
105761.71
105761.71
105761.71
105761.71
105761.6
105761.62
105761.62
105761.62
105761.62
105761.61
105761.61
105761.72
105761.72
105761.72
105761.72
105761.72
105761.72
105761.72
105761.72
105761.71
105761.72
105761.72
105761.71
105761.72
105761.71
105761.72
105761.72
105761.72
105761.72
105761.72
105761.72
105761.72
105761.72
105761.71
105761.72
105761.72
105761.72
105761.72
105761.72
105761.72
105761.72
105761.72
105761.72
105761.72
105761.72
105761.72
105761.72
105761.71
105761.72
105761.72
105761.72
105761.72
105761.72
105761.72
105761.72
105761.72
105761.72
105761.72
105761.72
105761.72
105761.72
105761.72
105761.72
105761.72
105761.72
105761.72
105761.72
105761.72
105761.72
105761.72
105761.72
105761.72
105761.72
105761.72
105761.72
105761.72
105761.72
105761.72
105761.72
105761.72
105761.72
105761.72
105761.72
105761.72
105761.72
105761.72
105761.72
105761.72
105761.72
105761.72
105761.72
105761.72
105761.72
105761.72
105761.72
105761.72
105761.72
105761.72
105761.72
105761.72
105761.72
105761.72
105761.72
105761.72
105761.72
105761.72
105761.72
105761.72
105761.72
105761.72
105761.72
105761.72
105761.72
105761.72
105761.72
105761.72
105761.72
105761.72
105761.72
105761.72
105761.72
105761.72
105761.72
105761.72
105761.72
105761.72
105761.72
105761.72
105761.72
105761.72
105761.72
105761.72
105761.72
105761.72
105761.72
105761.72
105761.72
105761.72
105761.72
105761.72
105761.72
105761.72
105761.72
105761.72
105761.72
105761.72
105761.72
105761.72
105761.72
105761.72
105761.72
105761.72
105761.72
105761.72
105761.72
105761.72
105761.72
105761.72
105761.72
105761.72
105761.72
105761.72
105761.72
105761.72
105761.72
105761.72
105761.72
105761.72
105761.72
105761.72
105761.72
105761.72
105761.72
105761.72
105761.72
105761.72
105761.72
105761.72
105761.72
105761.72
105761.72
105761.72
105761.72
105761.72
105761.72
105761.72
105761.72
105761.72
105761.72
105761.72
105761.72
105761.72
105761.72
105761.72
105761.72
105761.72
105761.72
105761.72
105761.72
105761.72
105761.72
105761.72
105761.72
105761.72
105761.72
105761.72
105761.72
105761.72
105761.72
105761.72
105761.72
105761.72
105761.72
105761.72
105761.72
105761.72
105761.72
105761.72
105761.72
105761.72
105761.72
105761.72
105761.72
105761.72
105761.72
105761.72
105761.72
105761.72
105761.72
105761.72
105761.72
105761.72
105761.72
105761.72
105761.72
105761.72
105761.72
105761.72
105761.72
105761.72
105761.72
105761.72
105761.72
105761.72
105761.72
105761.72
105761.72
105761.72
105761.72
105761.72
105761.72
105761.72
105761.72
105761.72
105761.72
105761.72
105761.72
105761.72
105761.72
105761.72
105761.72
105761.72
105761.72
105761.72
105761.72
105761.72
105761.72
105761.72
105761.72
105761.72
105761.72
105761.72
105761.72
105761.72
105761.72
105761.72
105761.72
105761.72
105761.72
105761.72
105761.72
105761.72
105761.72
105761.72
105761.72
105761.72
105761.72
105761.72
105761.72
105761.72
105761.72
105761.72
105761.72
105761.72
105761.72
105761.72
105761.72
105761.72
105761.72
105761.72
105761.72
105761.72
105761.72
105761.72
105761.72
105761.72
105761.72
105761.72
105761.72
105761.72
105761.72
105761.72
105761.72
105761.72
105761.72
105761.72
105761.72
105761.72
105761.72
105761.72
105761.72
105761.72
105761.72
105761.72
105761.72
105761.72
105761.72
105761.72
105761.72
105761.72
105761.72
105761.72
105761.72
105761.72
105761.72
105761.72
105761.72
105761.72
105761.72
105761.72
105761.72
105761.72
105761.72
105761.72
105761.72
105761.72
105761.72
105761.72
105761.72
105761.72
105761.72
105761.72
105761.72
105761.72
105761.72
105761.72
105761.72
105761.72
105761.72
105761.72
105761.72
105761.72
105761.72
105761.72
105761.72
105761.72
105761.72
105761.72
105761.72
105761.72
105761.72
105761.72
105761.72
105761.72
105761.72
105761.72
105761.72
105761.72
105761.72
105761.72
105761.72
105761.72
105761.72
105761.72
105761.72
105761.72
105761.72
105761.72
105761.72
105761.72
105761.72
105761.72
105761.72
105761.72
105761.72
105761.72
105761.72
105761.72
105761.72
105761.72
105761.72
105761.72
105761.72
105761.72
105761.72
105761.72
105761.72
105761.72
105761.72
105761.72
105761.72
105761.72
105761.72
105761.72
105761.72
105761.72
105761.72
105761.72
105761.72
105761.72
105761.72
105761.72
105761.72
105761.72
105761.72
105761.72
105761.72
105761.72
105761.72
105761.72
105761.72
105761.72
105761.72
105761.72
105761.72
105761.72
105761.72
105761.72
105761.72
105761.72
105761.72
105761.72
105761.72
105761.72
105761.72
105761.72
105761.72
105761.72
105761.72
105761.72
105761.72
105761.72
105761.72
105761.72
105761.72
105761.72
105761.72
105761.72
105761.72
105761.72
105761.72
105761.72
105761.72
105761.72
105761.72
105761.72
105761.72
105761.72
105761.72
105761.72
105761.72
105761.72
105761.72
105761.72
105761.72
105761.72
105761.72
105761.72
105761.72
105761.72
105761.72
105761.72
105761.72
105761.72
105761.72
105761.72
105761.72
105761.72
105761.72
105761.72
105761.72
105761.72
105761.72
105761.72
105761.72
105761.72
105761.72
105761.72
105761.72
105761.72
105761.72
105761.72
105761.72
105761.72
105761.72
105761.72
105761.72
105761.72
105761.72
105761.72
105761.72
105761.72
105761.72
105761.72
105761.72
105761.72
105761.72
105761.72
105761.72
105761.72
105761.72
105761.72
105761.72
105761.72
105761.72
105761.72
105761.72
105761.72
105761.72
105761.72
105761.72
105761.72
105761.72
105761.72
105761.72
105761.72
105761.72
105761.72
105761.72
105761.72
105761.72
105761.72
105761.72
105761.72
105761.72
105761.72
105761.72
105761.72
105761.72
105761.72
105761.72
105761.72
105761.72
105761.72
105761.72
105761.72
105761.72
105761.72
105761.72
105761.72
105761.72
105761.72
105761.72
105761.72
105761.72
105761.72
105761.72
105761.72
105761.72
105761.72
105761.72
105761.72
105761.72
105761.72
105761.72
105761.72
105761.72
105761.72
105761.72
105761.72
105761.72
105761.72
105761.72
105761.72
105761.72
105761.72
105761.72
105761.72
105761.72
105761.72
105761.72
105761.72
105761.72
105761.72
105761.72
105761.72
105761.72
105761.72
105761.72
105761.72
105761.72
105761.72
105761.72
105761.72
105761.72
105761.72
105761.72
105761.72
105761.72
105761.72
105761.72
105761.72
105761.72
105761.72
105761.72
105761.72
105761.72
105761.72
105761.72
105761.72
105761.72
105761.72
105761.72
105761.72
105761.72
105761.72
105761.72
105761.72
105761.72
105761.72
105761.72
105761.72
105761.72
105761.72
105761.72
105761.72
105761.72
105761.72
105761.72
105761.72
105761.72
105761.72
105761.72
105761.72
105761.72
105761.72
105761.72
105761.72
105761.72
105761.72
105761.72
105761.72
105761.72
105761.72
105761.72
105761.72
105761.72
105761.72
105761.72
105761.72
105761.72
105761.72
105761.72
105761.72
105761.72
105761.72
105761.72
105761.72
105761.72
105761.72
105761.72
105761.72
105761.72
105761.72
105761.72
105761.72
105761.72
105761.72
105761.72
105761.72
105761.72
105761.72
105761.72
105761.72
105761.72
105761.72
105761.72
105761.72
105761.72
105761.72
105761.72
105761.72
105761.72
105761.72
105761.72
105761.72
105761.72
105761.72
105761.72
105761.72
105761.72
105761.72
105761.72
105761.72
105761.72
105761.71
105761.72
105761.72
105761.72
105761.72
105761.72
105761.72
105761.72
105761.72
105761.72
105761.72
105761.72
105761.72
105761.72
105761.72
105761.72
105761.72
105761.72
105761.72
105761.72
105761.72
105761.72
105761.72
105761.72
105761.72
105761.72
105761.72
105761.72
105761.72
105761.72
105761.72
105761.72
105761.72
105761.72
105761.72
105761.72
105761.72
105761.72
105761.72
105761.72
105761.72
105761.72
105761.72
105761.72
105761.72
105761.72
105761.72
105761.72
105761.72
105761.72
105761.72
105761.72
105761.72
105761.72
105761.72
105761.72
105761.72
105761.72
105761.72
105761.72
105761.72
105761.72
105761.72
105761.72
105761.72
105761.72
105761.72
105761.72
105761.72
105761.72
105761.72
105761.72
105761.72
105761.72
105761.72
105761.72
105761.72
105761.72
105761.71
105761.72
105761.72
105761.72
105761.72
105761.72
105761.72
105761.72
105761.72
105761.72
105761.72
105761.72
105761.72
105761.72
105761.72
105761.72
105761.72
105761.72
105761.72
105761.72
105761.72
105761.72
105761.72
105761.72
105761.72
105761.72
105761.72
105761.72
105761.72
105761.72
105761.72
105761.72
105761.72
105761.72
105761.72
105761.72
105761.72
105761.72
105761.72
105761.72
105761.72
105761.72
105761.72
105761.72
105761.72
105761.72
105761.72
105761.72
105761.72
105761.72
105761.72
105761.72
105761.72
105761.72
105761.72
105761.72
105761.72
105761.72
105761.72
105761.72
105761.72
105761.72
105761.72
105761.72
105761.72
105761.72
105761.72
105761.72
105761.72
105761.72
105761.72
105761.72
105761.72
105761.72
105761.72
105761.72
105761.72
105761.72
105761.72
105761.72
105761.72
105761.72
105761.72
105761.72
105761.72
105761.72
105761.72
105761.72
105761.72
105761.72
105761.72
105761.72
105761.72
105761.72
105761.72
105761.72
105761.72
105761.72
105761.72
105761.72
105761.72
105761.72
105761.72
105761.72
105761.72
105761.72
105761.72
105761.72
105761.72
105761.72
105761.72
105761.71
105761.72
105761.72
105761.72
105761.72
105761.72
105761.72
105761.72
105761.72
105761.72
105761.72
105761.72
105761.72
105761.72
105761.72
105761.72
105761.72
105761.72
105761.72
105761.72
105761.72
105761.71
105761.71
105761.72
105761.72
105761.72
105761.72
105761.72
105761.72
105761.72
105761.72
105761.72
105761.72
105761.72
105761.7
105761.69
105761.7
105761.72
105761.72
105761.71
105761.72
105761.72
105761.72
105761.72
105761.72
105761.72
105761.72
105761.72
105761.73
105761.73
105761.72
105761.73
105761.72
105761.72
105761.73
105761.72
105761.7
105761.72
105761.72
105761.71
105761.71
105761.72
105761.61
105761.64
105761.64
105761.63
105761.62
105761.63
105761.62
105761.72
105761.72
105761.72
105761.72
105761.72
105761.72
105761.72
105761.72
105761.72
105761.72
105761.72
105761.72
105761.72
105761.72
105761.72
105761.72
105761.72
105761.72
105761.72
105761.72
105761.72
105761.6
105761.62
105761.62
105761.62
105761.61
105761.61
105761.61
105761.71
105761.7
105761.7
105761.71
105761.71
105761.71
105761.71
105761.72
105761.72
105761.72
105761.71
105761.72
105761.72
105761.71
105761.69
105761.69
105761.69
105761.71
105761.7
105761.71
105761.71
105761.72
105761.72
105761.72
105761.72
105761.72
105761.72
105761.72
105761.72
105761.72
105761.72
105761.72
105761.72
105761.72
105761.72
105761.72
105761.72
105761.72
105761.72
105761.72
105761.72
105761.72
105761.71
105761.71
105761.7
105761.71
105761.72
105761.71
105761.71
105761.72
105761.72
105761.71
105761.71
105761.72
105761.72
105761.72
105761.7
105761.69
105761.69
105761.71
105761.7
105761.71
105761.71
105761.72
105761.72
105761.72
105761.72
105761.72
105761.72
105761.72
105761.72
105761.72
105761.72
105761.72
105761.72
105761.72
105761.72
105761.72
105761.72
105761.72
105761.72
105761.72
105761.72
105761.72
105761.72
105761.72
105761.72
105761.72
105761.72
105761.72
105761.72
105761.72
105761.72
105761.72
105761.72
105761.72
105761.72
105761.72
105761.72
105761.72
105761.72
105761.72
105761.72
105761.72
105761.72
105761.72
105761.72
105761.72
105761.72
105761.72
105761.72
105761.72
105761.72
105761.72
105761.72
105761.72
105761.72
105761.72
105761.72
105761.72
105761.72
105761.72
105761.72
105761.72
105761.72
105761.72
105761.72
105761.72
105761.72
105761.72
105761.72
105761.72
105761.72
105761.72
105761.72
105761.72
105761.72
105761.72
105761.72
105761.72
105761.72
105761.72
105761.72
105761.72
105761.72
105761.72
105761.72
105761.72
105761.72
105761.72
105761.72
105761.72
105761.72
105761.72
105761.72
105761.72
105761.72
105761.72
105761.72
105761.72
105761.72
105761.72
105761.72
105761.72
105761.72
105761.72
105761.72
105761.72
105761.72
105761.72
105761.72
105761.72
105761.72
105761.72
105761.72
105761.72
105761.72
105761.72
105761.72
105761.72
105761.72
105761.72
105761.72
105761.72
105761.72
105761.72
105761.72
105761.72
105761.72
105761.72
105761.72
105761.72
105761.72
105761.72
105761.72
105761.72
105761.72
105761.72
105761.72
105761.72
105761.72
105761.72
105761.72
105761.72
105761.72
105761.72
105761.72
105761.72
105761.72
105761.72
105761.72
105761.72
105761.72
105761.72
105761.72
105761.72
105761.72
105761.72
105761.72
105761.72
105761.72
105761.72
105761.72
105761.72
105761.73
105761.72
105761.72
105761.72
105761.72
105761.72
105761.72
105761.72
105761.72
105761.72
105761.72
105761.72
105761.72
105761.72
105761.72
105761.72
105761.72
105761.72
105761.72
105761.72
105761.72
105761.72
105761.72
105761.72
105761.72
105761.72
105761.72
105761.72
105761.73
105761.72
105761.72
105761.72
105761.72
105761.72
105761.72
105761.72
105761.72
105761.72
105761.72
105761.72
105761.72
105761.72
105761.72
105761.72
105761.72
105761.72
105761.72
105761.72
105761.72
105761.72
105761.72
105761.72
105761.72
105761.72
105761.72
105761.72
105761.72
105761.72
105761.72
105761.72
105761.72
105761.72
105761.72
105761.72
105761.72
105761.72
105761.72
105761.72
105761.72
105761.72
105761.72
105761.72
105761.72
105761.72
105761.72
105761.72
105761.72
105761.72
105761.72
105761.72
105761.72
105761.72
105761.72
105761.72
105761.71
105761.72
105761.72
105761.72
105761.72
105761.72
105761.72
105761.71
105761.72
105761.72
105761.72
105761.72
105761.72
105761.72
105761.71
105761.72
105761.72
105761.72
105761.72
105761.71
105761.72
105761.69
105761.71
105761.71
105761.71
105761.71
105761.71
105761.72
105761.69
105761.71
105761.71
105761.71
105761.71
105761.7
105761.72
105761.71
105761.72
105761.72
105761.72
105761.72
105761.71
105761.72
105761.69
105761.71
105761.71
105761.71
105761.71
105761.7
105761.72
105761.69
105761.71
105761.7
105761.71
105761.71
105761.7
105761.72
105761.72
105761.72
105761.72
105761.72
105761.72
105761.72
105761.72
105761.66
105761.68
105761.68
105761.68
105761.68
105761.69
105761.69
105761.72
105761.72
105761.72
105761.72
105761.72
105761.72
105761.72
105761.72
105761.72
105761.72
105761.72
105761.72
105761.72
105761.72
105761.72
105761.72
105761.72
105761.72
105761.72
105761.72
105761.72
105761.72
105761.72
105761.72
105761.72
105761.72
105761.72
105761.72
105761.72
105761.72
105761.72
105761.72
105761.72
105761.72
105761.72
105761.7
105761.72
105761.71
105761.72
105761.71
105761.72
105761.72
105761.7
105761.72
105761.71
105761.72
105761.71
105761.72
105761.72
105761.7
105761.72
105761.71
105761.72
105761.71
105761.72
105761.72
105761.7
105761.72
105761.71
105761.72
105761.71
105761.72
105761.72
105761.72
105761.72
105761.72
105761.72
105761.72
105761.72
105761.72
105761.72
105761.72
105761.72
105761.72
105761.72
105761.72
105761.72
105761.72
105761.72
105761.72
105761.72
105761.72
105761.72
105761.72
105761.73
105761.72
105761.72
105761.72
105761.72
105761.72
105761.72
105761.72
105761.72
105761.72
105761.72
105761.72
105761.72
105761.72
105761.72
105761.72
105761.72
105761.72
105761.72
105761.72
105761.72
105761.72
105761.72
105761.72
105761.72
105761.72
105761.72
105761.72
105761.72
105761.72
105761.72
105761.72
105761.72
105761.72
105761.72
105761.72
105761.72
105761.72
105761.72
105761.72
105761.72
105761.72
105761.72
105761.72
105761.72
105761.72
105761.72
105761.72
105761.72
105761.72
105761.72
105761.72
105761.72
105761.72
105761.72
105761.72
105761.72
105761.72
105761.72
105761.72
105761.72
105761.72
105761.72
105761.72
105761.72
105761.72
105761.72
105761.72
105761.72
105761.72
105761.71
105761.7
105761.7
105761.71
105761.71
105761.71
105761.72
105761.71
105761.7
105761.71
105761.72
105761.71
105761.72
105761.72
105761.72
105761.72
105761.72
105761.72
105761.72
105761.72
105761.72
105761.7
105761.71
105761.7
105761.71
105761.71
105761.71
105761.72
105761.7
105761.71
105761.7
105761.71
105761.71
105761.72
105761.72
105761.72
105761.72
105761.72
105761.72
105761.72
105761.72
105761.72
105761.7
105761.7
105761.69
105761.71
105761.7
105761.71
105761.71
105761.69
105761.7
105761.7
105761.71
105761.7
105761.71
105761.71
105761.72
105761.72
105761.72
105761.72
105761.72
105761.72
105761.72
105761.69
105761.71
105761.7
105761.71
105761.71
105761.71
105761.72
105761.7
105761.71
105761.7
105761.71
105761.71
105761.71
105761.71
105761.72
105761.72
105761.72
105761.72
105761.72
105761.72
105761.72
105761.72
105761.72
105761.72
105761.72
105761.72
105761.72
105761.72
105761.71
105761.71
105761.71
105761.72
105761.72
105761.72
105761.72
105761.71
105761.71
105761.71
105761.72
105761.72
105761.72
105761.72
105761.71
105761.71
105761.71
105761.72
105761.72
105761.72
105761.72
105761.71
105761.71
105761.71
105761.72
105761.72
105761.72
105761.72
105761.71
105761.71
105761.71
105761.72
105761.72
105761.72
105761.72
105761.71
105761.71
105761.71
105761.72
105761.71
105761.72
105761.71
105761.71
105761.71
105761.71
105761.71
105761.71
105761.71
105761.71
105761.71
105761.71
105761.71
105761.72
105761.72
105761.72
105761.72
105761.72
105761.72
105761.72
105761.72
105761.72
105761.72
105761.72
105761.72
105761.72
105761.72
105761.72
105761.72
105761.72
105761.72
105761.72
105761.72
105761.72
105761.72
105761.72
105761.72
105761.72
105761.72
105761.72
105761.72
105761.72
105761.72
105761.72
105761.72
105761.72
105761.72
105761.72
105761.72
105761.72
105761.72
105761.72
105761.72
105761.72
105761.72
105761.72
105761.72
105761.72
105761.72
105761.72
105761.72
105761.72
105761.72
105761.72
105761.72
105761.72
105761.72
105761.72
105761.72
105761.72
105761.72
105761.72
105761.72
105761.72
105761.72
105761.72
105761.72
105761.72
105761.72
105761.72
105761.72
105761.72
105761.72
105761.72
105761.72
105761.72
105761.72
105761.72
105761.72
105761.72
105761.72
105761.72
105761.72
105761.72
105761.72
105761.72
105761.72
105761.72
105761.72
105761.72
105761.72
105761.72
105761.72
105761.72
105761.72
105761.72
105761.72
105761.72
105761.72
105761.72
105761.72
105761.72
105761.72
105761.72
105761.72
105761.71
105761.72
105761.71
105761.7
105761.7
105761.71
105761.71
105761.72
105761.72
105761.71
105761.7
105761.71
105761.71
105761.71
105761.71
105761.71
105761.71
105761.7
105761.7
105761.69
105761.7
105761.71
105761.71
105761.71
105761.71
105761.71
105761.71
105761.71
105761.71
105761.71
105761.71
105761.7
105761.7
105761.7
105761.71
105761.71
105761.71
105761.71
105761.7
105761.7
105761.7
105761.7
105761.71
105761.71
105761.71
105761.71
105761.71
105761.7
105761.71
105761.71
105761.71
105761.71
105761.71
105761.71
105761.71
105761.71
105761.72
105761.72
105761.72
105761.72
105761.72
105761.72
105761.72
105761.72
105761.72
105761.72
105761.72
105761.72
105761.72
105761.72
105761.72
105761.72
105761.72
105761.72
105761.72
105761.72
105761.72
105761.72
105761.72
105761.72
105761.72
105761.72
105761.72
105761.72
105761.72
105761.72
105761.72
105761.72
105761.72
105761.72
105761.72
105761.72
105761.72
105761.72
105761.72
105761.72
105761.72
105761.72
105761.72
105761.72
105761.72
105761.72
105761.72
105761.72
105761.72
105761.72
105761.72
105761.72
105761.72
105761.72
105761.72
105761.72
105761.72
105761.72
105761.72
105761.72
105761.72
105761.72
105761.72
105761.72
105761.72
105761.72
105761.72
105761.72
105761.72
105761.72
105761.72
105761.72
105761.72
105761.72
105761.72
105761.72
105761.72
105761.72
105761.72
105761.72
105761.72
105761.72
105761.72
105761.72
105761.72
105761.72
105761.72
105761.72
105761.72
105761.72
105761.72
105761.72
105761.72
105761.72
105761.72
105761.72
105761.72
105761.72
105761.72
105761.72
105761.72
105761.72
105761.72
105761.72
105761.72
105761.72
105761.72
105761.72
105761.72
105761.72
105761.72
105761.72
105761.72
105761.72
105761.72
105761.72
105761.72
105761.72
105761.72
105761.72
105761.72
105761.72
105761.72
105761.72
105761.72
105761.72
105761.72
105761.72
105761.72
105761.72
105761.72
105761.72
105761.72
105761.72
105761.72
105761.72
105761.72
105761.72
105761.72
105761.72
105761.72
105761.72
105761.72
105761.72
105761.72
105761.72
105761.72
105761.72
105761.72
105761.72
105761.72
105761.72
105761.72
105761.72
105761.72
105761.72
105761.72
105761.72
105761.72
105761.72
105761.72
105761.72
105761.72
105761.72
105761.72
105761.72
105761.72
105761.72
105761.72
105761.72
105761.72
105761.72
105761.72
105761.72
105761.72
105761.72
105761.72
105761.72
105761.72
105761.72
105761.72
105761.72
105761.72
105761.72
105761.72
105761.72
105761.72
105761.72
105761.72
105761.72
105761.72
105761.72
105761.72
105761.72
105761.72
105761.72
105761.72
105761.72
105761.72
105761.72
105761.72
105761.72
105761.72
105761.72
105761.72
105761.72
105761.72
105761.72
105761.72
105761.72
105761.72
105761.72
105761.72
105761.72
105761.72
105761.72
105761.72
105761.72
105761.72
105761.72
105761.72
105761.72
105761.72
105761.72
105761.72
105761.72
105761.72
105761.72
105761.72
105761.72
105761.72
105761.72
105761.72
105761.72
105761.72
105761.72
105761.72
105761.72
105761.72
105761.72
105761.72
105761.72
105761.72
105761.72
105761.72
105761.72
105761.72
105761.72
105761.72
105761.72
105761.72
105761.72
105761.72
105761.72
105761.72
105761.72
105761.72
105761.72
105761.72
105761.72
105761.72
105761.72
105761.72
105761.72
105761.72
105761.72
105761.73
105761.73
105761.73
105761.73
105761.73
105761.73
105761.73
105761.72
105761.72
105761.72
105761.72
105761.72
105761.72
105761.72
105761.72
105761.72
105761.72
105761.72
105761.72
105761.72
105761.72
105761.72
105761.72
105761.72
105761.72
105761.72
105761.72
105761.72
105761.72
105761.72
105761.72
105761.72
105761.72
105761.72
105761.72
105761.72
105761.72
105761.72
105761.72
105761.72
105761.72
105761.72
105761.72
105761.72
105761.72
105761.72
105761.72
105761.72
105761.72
105761.72
105761.72
105761.72
105761.72
105761.72
105761.72
105761.72
105761.72
105761.72
105761.72
105761.72
105761.72
105761.72
105761.72
105761.72
105761.72
105761.72
105761.72
105761.72
105761.72
105761.72
105761.72
105761.72
105761.72
105761.72
105761.72
105761.72
105761.72
105761.72
105761.72
105761.72
105761.72
105761.72
105761.72
105761.72
105761.72
105761.72
105761.72
105761.72
105761.72
105761.72
105761.72
105761.72
105761.72
105761.72
105761.72
105761.72
105761.72
105761.72
105761.72
105761.72
105761.72
105761.72
105761.72
105761.72
105761.72
105761.72
105761.72
105761.72
105761.72
105761.72
105761.72
105761.72
105761.72
105761.72
105761.72
105761.72
105761.72
105761.72
105761.72
105761.72
105761.72
105761.72
105761.72
105761.72
105761.72
105761.72
105761.72
105761.72
105761.72
105761.72
105761.72
105761.72
105761.72
105761.72
105761.72
105761.72
105761.72
105761.72
105761.72
105761.72
105761.72
105761.72
105761.72
105761.72
105761.72
105761.72
105761.72
105761.72
105761.72
105761.72
105761.72
105761.72
105761.72
105761.72
105761.72
105761.72
105761.72
105761.72
105761.72
105761.72
105761.72
105761.72
105761.72
105761.72
105761.72
105761.72
105761.72
105761.72
105761.72
105761.72
105761.72
105761.72
105761.72
105761.72
105761.72
105761.72
105761.72
105761.72
105761.72
105761.72
105761.72
105761.72
105761.72
105761.72
105761.72
105761.72
105761.72
105761.72
105761.72
105761.72
105761.72
105761.72
105761.72
105761.72
105761.72
105761.72
105761.72
105761.72
105761.72
105761.72
105761.72
105761.72
105761.72
105761.72
105761.72
105761.72
105761.72
105761.72
105761.72
105761.72
105761.72
105761.72
105761.72
105761.72
105761.72
105761.72
105761.72
105761.72
105761.71
105761.72
105761.72
105761.71
105761.72
105761.71
105761.72
105761.71
105761.72
105761.72
105761.72
105761.72
105761.72
105761.72
105761.71
105761.72
105761.72
105761.71
105761.72
105761.71
105761.72
105761.72
105761.72
105761.72
105761.72
105761.72
105761.72
105761.72
105761.71
105761.72
105761.72
105761.71
105761.72
105761.71
105761.72
105761.72
105761.72
105761.72
105761.72
105761.72
105761.72
)
;

boundaryField
{
    sides
    {
        type            fixedFluxPressure;
        gradient        nonuniform List<scalar> 
800
(
-0.033563897
-0.12008255
-0.19542142
-0.31373388
-0.22153128
0.38858947
1.5243975
2.6522627
4.4641181
6.9769503
8.882675
10.301242
11.584087
11.005439
6.5192331
-0.036358886
-0.12999697
-0.21952212
-0.27879107
-0.17473528
0.28057355
1.1584608
2.7531732
5.8392852
8.5638704
9.9984581
10.865885
13.634256
15.546925
11.326678
-0.036930653
-0.16348254
-0.32511667
-0.38953485
-0.20133825
0.28109546
1.1207974
2.2140316
5.0371184
7.0991062
7.579708
9.4676896
13.293057
15.621697
13.179499
-0.034912019
-0.1612283
-0.33716517
-0.43015758
-0.23316922
0.32064748
1.240189
2.7210518
4.9378338
7.4185934
10.014365
12.388227
15.211459
17.183059
14.150361
-0.034748702
-0.17304251
-0.3543639
-0.44299945
-0.24443873
0.3647713
1.4653017
2.9819128
5.0043508
7.5572722
9.8951287
11.438705
15.040808
17.496082
14.362555
-0.03325364
-0.17225191
-0.36121187
-0.45425808
-0.23990705
0.36102967
1.5483301
3.1207467
5.0584828
7.564646
9.9218263
10.788379
14.348636
16.521128
13.14975
-0.029513479
-0.14985751
-0.33437536
-0.44902703
-0.23115003
0.32799888
1.3881763
2.9685417
4.963039
7.2819976
9.6095686
10.442435
14.07536
15.871669
11.895142
-0.034509304
-0.17203086
-0.35422152
-0.42338317
-0.21167437
0.32516367
1.5144357
3.115272
5.2005992
7.4528796
9.9857577
9.8907139
12.678913
14.066977
10.203155
-0.038439616
-0.23458385
-0.45397993
-0.47885835
-0.20922536
0.36119739
1.5197246
3.0063583
5.2908024
7.495429
10.128579
10.943273
12.197949
14.544562
11.205669
-0.025906172
-0.24140037
-0.47150409
-0.46599878
-0.21804474
0.26172524
0.9523707
2.3423058
4.2681969
6.3396157
7.6803793
9.5864152
11.279637
11.682843
8.2477584
-0.025906126
-0.058956795
-0.058858539
-0.043086728
-0.039766609
-0.03979779
-0.040894177
-0.054440621
-0.060572202
-0.052062756
-0.24139974
-0.28479989
-0.25711695
-0.19466291
-0.19542933
-0.19580462
-0.19869807
-0.24307333
-0.24734563
-0.25496854
-0.47150248
-0.46258319
-0.39663069
-0.3503271
-0.38376811
-0.38244442
-0.36938234
-0.42400965
-0.40698139
-0.37433526
-0.46599666
-0.49501909
-0.39387666
-0.38948142
-0.4442087
-0.45880303
-0.44744745
-0.44709797
-0.41002161
-0.33796937
-0.21804346
-0.25514755
-0.21952351
-0.22954899
-0.24474296
-0.26582792
-0.26486354
-0.22473374
-0.22899437
-0.26265259
0.26172348
0.34219449
0.31340463
0.33360217
0.33101629
0.30809033
0.26480467
0.2733992
0.35465124
0.46305877
0.95236396
1.2120396
1.1780921
1.1820945
1.0998877
0.95078364
1.0412365
0.9244507
1.4048919
1.6971642
2.3422904
2.5505205
2.2176863
2.1120154
2.1447875
2.629502
2.9993695
2.6055786
3.1829342
3.0599077
4.2681728
2.5850522
3.0069943
3.5182877
4.3477783
5.316419
5.5996285
5.3232574
5.6532532
4.5414418
6.3395865
6.2367929
5.7877607
6.5295957
7.4854069
8.0454957
8.0506076
7.839747
8.0099341
6.1480879
7.6803519
11.334811
9.7963554
9.6777701
9.9464575
10.048902
10.318913
10.338104
9.8564305
7.9313228
9.5863897
13.25524
11.874432
12.077807
11.393976
11.152538
12.031816
12.547575
11.635151
9.8652167
11.279615
15.081696
14.769185
14.248144
13.062134
12.962559
13.751524
14.219531
13.362826
11.718263
11.682825
18.359356
17.726935
14.49325
13.255922
13.622414
14.612454
15.173464
14.232188
12.681493
8.2477479
16.692367
12.863494
9.6991816
9.8041671
10.385806
10.658836
11.286864
10.819475
10.068168
-0.021363213
-0.13145734
-0.18571658
-0.36909066
-0.21867908
0.33012301
1.5077447
3.3260455
5.3596053
7.2987315
9.2608103
11.181901
12.773801
13.356377
10.071446
-0.033584596
-0.15128867
-0.22799796
-0.2693504
-0.15292503
0.24869248
1.2422957
2.997665
4.9998812
7.0802322
9.5347971
12.123026
14.673673
16.645339
14.537159
-0.035850625
-0.20253466
-0.31573027
-0.30626306
-0.18484651
0.31617899
1.5405465
3.5181404
5.6488582
7.6391011
9.588287
11.478147
13.517939
15.251513
12.96991
-0.023502337
-0.13960206
-0.26787858
-0.30203663
-0.20173485
0.30341099
1.2582199
3.2083637
5.9203055
8.020715
9.5894412
11.221491
12.674017
13.410165
10.500664
-0.027528107
-0.15013272
-0.28580843
-0.3131566
-0.20987128
0.31222175
1.057897
2.8930793
5.8117533
8.0633069
9.7612395
11.440193
12.879701
13.384617
10.127511
-0.03679265
-0.17823606
-0.335071
-0.34587465
-0.20413046
0.29084763
1.041309
2.7462673
5.4246533
7.8714417
9.8863987
11.595781
12.905027
13.129807
9.6962772
-0.039580976
-0.1843789
-0.35351941
-0.36602915
-0.19679101
0.27732163
0.95220477
2.3488937
4.8652062
7.428804
9.8765376
12.190729
13.802593
14.054546
9.6406388
-0.044512586
-0.1657614
-0.32828882
-0.37739767
-0.20384542
0.29414184
0.98558685
2.2554387
4.8937391
7.5587026
9.6004037
11.796452
14.203208
16.291313
15.941577
-0.058695734
-0.22346552
-0.35082286
-0.36982005
-0.2351479
0.42619622
1.6793787
3.2176361
5.5063926
8.3657251
10.74457
12.822029
14.640347
16.801696
19.943726
-0.052062507
-0.254967
-0.37433266
-0.33796681
-0.26265033
0.46305666
1.6971569
3.0598985
4.5414346
6.1480831
7.9313189
9.8652158
11.718264
12.681497
10.06817
-0.033563774
-0.035978377
-0.026560044
-0.0275716
-0.031796757
-0.032905493
-0.033722681
-0.035471687
-0.03137726
-0.021363202
-0.12008202
-0.14126466
-0.13612477
-0.1389178
-0.14302384
-0.1417928
-0.14387416
-0.14545568
-0.12496489
-0.13145731
-0.19542053
-0.22705438
-0.26863708
-0.26280093
-0.24888682
-0.25032805
-0.24763931
-0.22555537
-0.18492929
-0.18571667
-0.31373257
-0.28733914
-0.36196986
-0.3309607
-0.2970127
-0.30131186
-0.28704834
-0.2182529
-0.27695127
-0.36909127
-0.22153026
-0.217716
-0.20847101
-0.19069596
-0.18889723
-0.18979512
-0.17420082
-0.18360103
-0.26436905
-0.21867972
0.38859034
0.35698327
0.28237122
0.2827733
0.29643748
0.28663606
0.27050976
0.32000016
0.4152837
0.33012484
1.5243996
1.3609012
1.0442651
1.1284592
1.2042048
1.1365346
1.100968
1.294988
1.6019874
1.5077534
2.6522666
2.7592043
1.8484642
1.9376779
2.9523974
2.768531
1.9717161
2.5510548
3.2462681
3.3260637
4.4641246
3.9504377
3.2387448
4.1957817
5.413353
5.4650675
3.2387198
3.801917
5.2467702
5.3596315
6.9769596
4.2131344
6.3748547
7.8213096
7.2718289
7.6327543
6.4657196
4.8160337
7.4578632
7.2987616
8.8826842
7.3510709
9.7525037
9.5181263
8.7338923
9.6095158
9.6537411
5.8807359
9.7358001
9.2608401
10.301252
11.443181
11.729542
10.528164
10.342359
11.864881
11.841155
8.6182365
11.613285
11.181929
11.584098
14.19554
14.067268
12.342857
12.139025
14.057546
14.228324
12.375397
12.98872
12.773823
11.005446
15.47108
14.403315
13.232359
13.221013
15.522413
16.843809
15.30782
15.287068
13.356395
6.5192356
10.604781
9.8055816
10.740537
10.404213
12.393172
15.771725
18.656936
19.421321
10.071456
-0.037571423
-0.040254428
-0.029789565
-0.030913588
-0.035608298
-0.036840194
-0.03774809
-0.03969135
-0.035141869
-0.024015027
-0.04067705
-0.05245645
-0.051085916
-0.049903821
-0.04611582
-0.041831298
-0.040863335
-0.046092312
-0.045863624
-0.037594439
-0.041312446
-0.056842368
-0.052550639
-0.042032435
-0.037181769
-0.038555099
-0.037785693
-0.04196606
-0.042102626
-0.040112312
-0.039069607
-0.056336204
-0.045519716
-0.037246302
-0.035372946
-0.03549361
-0.035868524
-0.035943066
-0.033602614
-0.026391939
-0.038888222
-0.057544499
-0.046681596
-0.037575149
-0.036833513
-0.036440316
-0.033480725
-0.032896404
-0.035108821
-0.030865095
-0.03722703
-0.05557408
-0.043450806
-0.036715304
-0.038130358
-0.037600723
-0.035816485
-0.036228361
-0.045790519
-0.04115915
-0.033071184
-0.049534146
-0.039408886
-0.03887842
-0.040209301
-0.038584629
-0.042790533
-0.043354864
-0.054229453
-0.044257314
-0.038622088
-0.052764786
-0.047968955
-0.042251505
-0.044128883
-0.043366164
-0.044964051
-0.053389931
-0.055124445
-0.049736898
-0.042989047
-0.07317796
-0.064628968
-0.047610792
-0.045652142
-0.045944465
-0.048280024
-0.064359848
-0.072251231
-0.065496022
-0.029062829
-0.065786207
-0.065677151
-0.048152773
-0.044463698
-0.044498258
-0.045716344
-0.0607679
-0.067580662
-0.05812564
6.8616056
11.162
10.320743
11.304846
10.95082
13.044378
16.600635
19.637629
20.442268
10.600686
11.921869
19.959726
19.430347
21.334083
20.784763
20.38612
19.291352
19.047379
21.318282
15.301229
13.872109
21.86035
19.301804
18.8592
19.167747
20.021924
19.56689
19.047383
21.402763
13.651512
14.894001
20.692315
18.946908
19.011352
19.350773
20.922229
19.829576
18.431625
21.126798
11.052371
15.117333
20.306502
18.902598
18.620114
19.015709
21.017088
20.070425
18.434956
19.641994
10.659581
13.840743
19.420205
18.487788
18.340061
18.872818
20.13431
19.92904
18.817433
19.034444
10.205665
12.520169
19.002332
17.822832
18.148722
18.881662
19.561602
19.821489
16.83165
16.133976
10.147111
10.739219
19.587013
17.396759
17.435067
18.548237
18.983168
18.013581
16.077899
17.800771
16.779467
11.794489
21.285948
18.557485
17.079678
18.280063
19.362567
18.575716
19.284536
20.706437
20.992161
8.6810519
17.569791
13.539493
10.208733
10.319228
10.931454
11.218857
11.879941
11.387998
10.597231
)
;
        value           nonuniform List<scalar> 
800
(
105761.71
105761.71
105761.71
105761.71
105761.72
105761.73
105761.75
105761.76
105761.79
105761.81
105761.85
105761.88
105761.92
105761.96
105761.99
105761.71
105761.71
105761.71
105761.71
105761.72
105761.73
105761.74
105761.76
105761.78
105761.81
105761.84
105761.88
105761.92
105761.95
105761.99
105761.71
105761.71
105761.71
105761.71
105761.72
105761.73
105761.74
105761.76
105761.79
105761.82
105761.85
105761.88
105761.91
105761.95
105761.99
105761.71
105761.71
105761.71
105761.71
105761.72
105761.73
105761.74
105761.76
105761.78
105761.81
105761.84
105761.88
105761.92
105761.95
105762
105761.71
105761.71
105761.71
105761.71
105761.72
105761.73
105761.74
105761.76
105761.78
105761.81
105761.84
105761.88
105761.92
105761.95
105762
105761.71
105761.71
105761.71
105761.71
105761.72
105761.73
105761.74
105761.76
105761.78
105761.81
105761.85
105761.88
105761.92
105761.95
105761.99
105761.7
105761.71
105761.71
105761.71
105761.72
105761.73
105761.74
105761.76
105761.78
105761.81
105761.85
105761.88
105761.92
105761.95
105761.99
105761.7
105761.71
105761.71
105761.71
105761.72
105761.73
105761.74
105761.76
105761.78
105761.81
105761.85
105761.88
105761.92
105761.95
105761.99
105761.7
105761.71
105761.71
105761.71
105761.72
105761.73
105761.74
105761.76
105761.78
105761.81
105761.84
105761.88
105761.92
105761.95
105761.99
105761.7
105761.71
105761.71
105761.71
105761.72
105761.73
105761.74
105761.76
105761.79
105761.81
105761.84
105761.88
105761.92
105761.95
105761.99
105761.7
105761.7
105761.7
105761.7
105761.71
105761.71
105761.71
105761.71
105761.71
105761.71
105761.71
105761.71
105761.71
105761.71
105761.71
105761.71
105761.71
105761.71
105761.71
105761.71
105761.71
105761.71
105761.71
105761.71
105761.71
105761.71
105761.71
105761.71
105761.71
105761.71
105761.71
105761.71
105761.71
105761.71
105761.71
105761.71
105761.71
105761.71
105761.71
105761.71
105761.72
105761.72
105761.72
105761.72
105761.72
105761.72
105761.72
105761.72
105761.72
105761.72
105761.73
105761.73
105761.73
105761.73
105761.73
105761.73
105761.73
105761.73
105761.73
105761.73
105761.74
105761.74
105761.75
105761.75
105761.74
105761.74
105761.74
105761.74
105761.74
105761.74
105761.76
105761.77
105761.76
105761.76
105761.76
105761.76
105761.76
105761.76
105761.76
105761.76
105761.79
105761.79
105761.79
105761.78
105761.78
105761.78
105761.78
105761.78
105761.78
105761.78
105761.81
105761.81
105761.81
105761.81
105761.81
105761.81
105761.81
105761.81
105761.81
105761.81
105761.84
105761.84
105761.84
105761.84
105761.85
105761.85
105761.85
105761.85
105761.85
105761.85
105761.88
105761.88
105761.88
105761.88
105761.88
105761.88
105761.88
105761.88
105761.88
105761.88
105761.92
105761.91
105761.92
105761.92
105761.92
105761.92
105761.92
105761.92
105761.92
105761.92
105761.95
105761.95
105761.95
105761.95
105761.95
105761.95
105761.95
105761.95
105761.95
105761.95
105761.99
105761.99
105761.99
105761.99
105761.99
105761.99
105761.99
105761.99
105761.99
105761.99
105761.71
105761.71
105761.71
105761.71
105761.72
105761.73
105761.74
105761.76
105761.79
105761.82
105761.85
105761.88
105761.92
105761.95
105761.99
105761.71
105761.71
105761.71
105761.71
105761.72
105761.73
105761.74
105761.76
105761.78
105761.81
105761.84
105761.88
105761.91
105761.95
105761.99
105761.71
105761.71
105761.71
105761.71
105761.72
105761.73
105761.74
105761.76
105761.78
105761.81
105761.85
105761.88
105761.92
105761.95
105761.99
105761.71
105761.71
105761.71
105761.71
105761.72
105761.73
105761.74
105761.76
105761.78
105761.81
105761.85
105761.88
105761.92
105761.95
105761.99
105761.71
105761.71
105761.71
105761.71
105761.72
105761.73
105761.74
105761.76
105761.78
105761.81
105761.85
105761.88
105761.92
105761.95
105761.99
105761.71
105761.71
105761.71
105761.71
105761.72
105761.73
105761.74
105761.76
105761.78
105761.81
105761.85
105761.88
105761.92
105761.95
105761.99
105761.71
105761.71
105761.71
105761.71
105761.72
105761.73
105761.74
105761.76
105761.78
105761.81
105761.85
105761.88
105761.92
105761.95
105761.99
105761.71
105761.71
105761.71
105761.71
105761.72
105761.73
105761.74
105761.76
105761.78
105761.81
105761.85
105761.88
105761.92
105761.96
105761.99
105761.71
105761.71
105761.71
105761.71
105761.72
105761.73
105761.74
105761.76
105761.78
105761.81
105761.84
105761.88
105761.92
105761.95
105761.99
105761.71
105761.71
105761.71
105761.71
105761.72
105761.73
105761.74
105761.76
105761.78
105761.81
105761.85
105761.88
105761.92
105761.95
105761.99
105761.71
105761.71
105761.71
105761.71
105761.71
105761.71
105761.71
105761.71
105761.71
105761.71
105761.71
105761.71
105761.71
105761.71
105761.71
105761.71
105761.71
105761.71
105761.71
105761.71
105761.71
105761.71
105761.71
105761.71
105761.71
105761.71
105761.71
105761.71
105761.71
105761.71
105761.71
105761.71
105761.71
105761.71
105761.71
105761.71
105761.71
105761.71
105761.71
105761.71
105761.72
105761.72
105761.72
105761.72
105761.72
105761.72
105761.72
105761.72
105761.72
105761.72
105761.73
105761.73
105761.73
105761.73
105761.73
105761.73
105761.73
105761.73
105761.73
105761.73
105761.75
105761.74
105761.75
105761.74
105761.74
105761.74
105761.74
105761.74
105761.74
105761.74
105761.76
105761.76
105761.76
105761.76
105761.76
105761.76
105761.76
105761.76
105761.76
105761.76
105761.79
105761.79
105761.78
105761.78
105761.78
105761.78
105761.78
105761.79
105761.78
105761.79
105761.81
105761.81
105761.81
105761.81
105761.81
105761.81
105761.81
105761.82
105761.81
105761.82
105761.85
105761.84
105761.84
105761.85
105761.84
105761.84
105761.84
105761.84
105761.84
105761.85
105761.88
105761.88
105761.88
105761.88
105761.88
105761.88
105761.88
105761.88
105761.88
105761.88
105761.92
105761.91
105761.92
105761.91
105761.91
105761.91
105761.91
105761.91
105761.91
105761.92
105761.96
105761.95
105761.96
105761.95
105761.95
105761.95
105761.95
105761.95
105761.95
105761.95
105761.99
105761.99
105761.99
105761.99
105761.99
105762
105761.99
105761.99
105761.99
105761.99
105761.71
105761.71
105761.71
105761.71
105761.71
105761.71
105761.71
105761.71
105761.71
105761.71
105761.71
105761.71
105761.71
105761.71
105761.71
105761.71
105761.71
105761.71
105761.71
105761.71
105761.71
105761.71
105761.71
105761.71
105761.71
105761.71
105761.71
105761.71
105761.71
105761.71
105761.71
105761.71
105761.71
105761.71
105761.71
105761.71
105761.71
105761.71
105761.71
105761.71
105761.71
105761.71
105761.71
105761.71
105761.71
105761.71
105761.71
105761.71
105761.71
105761.71
105761.71
105761.7
105761.71
105761.71
105761.71
105761.71
105761.71
105761.71
105761.71
105761.71
105761.7
105761.7
105761.71
105761.71
105761.71
105761.71
105761.71
105761.71
105761.71
105761.71
105761.7
105761.7
105761.7
105761.71
105761.71
105761.71
105761.71
105761.71
105761.71
105761.71
105761.7
105761.7
105761.7
105761.7
105761.71
105761.71
105761.71
105761.71
105761.71
105761.71
105761.7
105761.7
105761.7
105761.7
105761.7
105761.7
105761.71
105761.7
105761.7
105761.71
105762
105762
105762
105762
105762
105762.01
105762.01
105762.01
105762.01
105762
105762
105762.01
105762.01
105762.01
105762.01
105762.02
105762.02
105762.01
105762.02
105762.01
105762.01
105762.02
105762.01
105762.01
105762.02
105762.03
105762.02
105762.01
105762.02
105762
105762.01
105762.02
105762.01
105762.01
105762.03
105762.04
105762.01
105762.01
105762.02
105762
105762.01
105762.02
105762.01
105762.01
105762.02
105762.03
105762.01
105762.01
105762.01
105762
105762.01
105762.01
105762.01
105762.01
105762.01
105762.01
105762.01
105762.01
105762.01
105762
105762
105762.01
105762.01
105762.01
105762.01
105762.01
105762.01
105762.01
105762.01
105762
105762
105762.01
105762.01
105762.01
105762.01
105762.01
105762.01
105762.01
105762.01
105762.01
105762
105762.01
105762.01
105762.01
105762.01
105762.01
105762.01
105762.01
105762.01
105762.01
105762
105762.01
105762.01
105762
105762
105762
105762
105762
105762
105762
)
;
    }
    domain0_to_potato
    {
        type            fixedFluxPressure;
        gradient        nonuniform List<scalar> 
4872
(
43.987086
-1.1822588
-1.2119152
-1.2107833
-1.2093969
-1.3271267
44.261627
44.082999
44.104342
1.2005879
1.2145763
1.2552468
1.2469705
1.251211
1.2477689
1.2420624
1.2516688
-1.1659589
-1.2117222
-1.7833286
-1.2193264
-1.595411
-1.2101116
-1.5887317
40.711307
41.138499
41.354095
39.402678
41.125313
-1.2157793
-0.9320677
-6.5191148
-9.6868382
-9.1627357
-1.2313565
-0.88064961
-6.7722634
-8.867064
-9.1421085
-1.2181512
-6.7442373
-1.2140943
-6.7132189
-5.0539111
-4.2244738
40.736996
40.909241
40.709639
41.495652
40.696565
40.944857
8.6252752
1.2090581
8.6088912
1.2704304
8.9830399
1.2659335
41.744195
41.465584
39.83879
6.669257
0.96479003
7.1654306
6.9992136
0.98244619
7.4830127
37.552666
38.645352
39.48296
7.2092627
0.92588804
7.4709631
8.8844015
6.8841087
1.274348
0.96732737
7.4253057
8.9155568
1.2473783
41.757019
41.643047
40.564087
7.1453181
0.96542655
7.4035125
8.8451523
6.8688442
1.2479556
0.96257729
7.3720759
8.7933744
7.0519481
1.2742637
0.91686378
7.3996693
8.9166782
6.4181926
1.2652843
0.95788312
7.1385146
-1.2346948
-6.4566536
-1.2586393
-6.7321215
-0.88479822
-9.025235
-8.8434308
-0.95225125
-9.1997576
-9.2245036
-4.8800041
-5.9805703
-5.2582546
-6.5803733
-6.9843157
-1.2530382
-0.93782945
-6.8012618
-8.6769868
-9.4333336
-5.3021037
-5.6515894
-5.296358
-7.690387
-6.7954232
-1.2320769
-0.9767851
-6.7644698
-10.317618
-9.2107369
-4.9049884
-6.2632302
-4.0801939
-5.2593302
-5.6485435
-0.93469993
-9.444483
-9.0504506
-0.96492823
-10.038964
-9.155674
-6.7360139
-6.0664943
-5.7815623
29.885883
30.191499
29.721433
19.255731
20.636672
20.003572
31.530622
33.16367
20.700815
19.725664
29.571846
29.319319
30.842803
20.383086
16.788672
21.371853
26.049775
25.019403
28.242621
27.202668
31.555774
30.277732
28.938927
19.471094
20.425788
19.973975
32.193345
33.547956
20.057674
19.990664
27.990075
28.663605
31.821853
26.69086
25.538245
29.859564
28.865143
19.402524
16.334165
21.780736
30.971584
30.866258
31.462832
42.430675
37.836335
43.123158
37.918891
30.847496
31.244974
35.510313
35.686337
35.783519
-15.743033
-16.545543
-14.306104
-16.519632
-16.951853
-14.834728
-7.9162921
-6.7907425
-8.0669429
-6.8709682
-6.4833265
-6.4359029
-1.0350964
-1.0370918
-8.1368388
-9.5943715
-9.3037044
-8.56432
-9.594655
-9.2009282
-17.003091
-16.636934
-15.500234
-1.0013832
-7.744706
-11.612715
-10.136215
-15.287146
-16.439279
-8.9211957
-11.00205
-17.414429
-17.265934
-17.255633
-14.328659
-1.0007689
-7.8396089
-11.575696
-9.9750362
-15.569072
-17.02761
-8.9302886
-10.804771
-17.667857
30.248322
29.171287
30.28703
18.658838
20.070394
19.557348
31.152915
33.232433
19.744179
19.367956
29.270693
27.191356
31.279137
19.954377
16.674098
21.30604
25.665121
24.860815
28.750063
27.735935
29.263122
29.290909
29.673308
19.384402
20.521099
20.312062
31.97145
33.587588
20.046336
20.107359
31.544906
28.87357
31.819616
21.325193
16.885769
21.849994
26.682829
25.878096
29.804347
28.850448
30.872712
41.547884
37.892029
41.585005
37.88327
31.468571
30.651837
36.036425
35.838311
36.216824
16.634634
17.1093
14.751627
16.734739
17.066914
15.726631
6.854371
8.2790477
7.1634346
8.7215861
10.948147
8.7002629
10.473087
11.362374
9.3949694
10.637853
9.4341196
9.6090491
1.059535
1.0908322
16.926151
8.4800124
11.704283
1.0152039
9.2105831
16.861767
14.166331
11.782811
16.46324
9.1638317
17.135719
8.8602998
12.26931
1.0127065
9.4466281
16.311462
15.43833
12.232798
16.701576
9.2257373
30.735186
30.450954
41.286469
37.623229
42.621322
37.755879
31.545136
30.224833
35.507273
35.371884
35.328042
29.634109
30.202133
19.684781
20.935513
20.218804
33.392131
34.614059
18.876461
20.194368
29.970451
29.130612
32.284077
19.55108
15.36714
21.932402
26.292902
25.267043
29.68829
28.634511
17.252882
16.4579
8.6485538
11.916264
1.0115711
9.2332404
17.27619
15.987739
16.57477
11.996484
9.5939287
16.895355
15.03153
15.941021
16.62623
14.955901
6.0861699
8.760244
6.831697
8.8541114
10.18099
9.3978991
10.580137
11.234062
9.1506973
10.485455
8.6708492
8.6169325
1.045977
1.1165719
17.23329
8.6751315
12.02196
1.0129535
9.2408113
17.212235
15.6093
16.789282
9.3812313
12.057049
31.553505
30.130668
41.588496
38.064347
43.313601
38.100807
31.017325
32.042566
35.305968
35.907207
35.373033
29.770098
30.005712
20.047078
20.752284
20.683493
31.979176
34.238028
21.596117
19.512779
29.944833
28.793154
32.292323
26.427276
25.648412
29.974727
28.949004
20.964245
15.67308
21.521317
17.575373
16.127653
8.9669015
11.927122
1.0420092
9.1823395
17.4314
16.365982
16.193491
11.907502
9.0196716
16.634091
15.058163
16.971716
16.998371
15.464094
6.9013906
8.6536513
6.4313074
8.7084392
11.203877
9.3322206
10.388268
10.664775
9.4386557
10.363645
8.7722874
8.6072802
1.0743729
1.0974271
17.276866
8.6139313
11.94106
1.032325
9.2697033
16.779902
15.751996
16.685983
9.7172683
12.144919
29.775597
29.807701
19.040487
20.311043
19.245362
33.570742
33.970471
20.660778
20.113538
30.743285
28.509419
32.429417
26.385808
25.320892
29.868411
28.741887
19.630366
15.068835
21.645315
30.515294
29.566023
18.68155
20.286279
19.637641
31.310047
33.787381
20.232704
19.358987
31.313029
28.84341
31.687917
26.453759
25.31305
29.61847
28.555884
20.073475
16.630279
21.477985
17.933638
16.204318
8.7600419
11.877298
1.0137908
9.2481869
17.088369
16.621389
16.585598
9.2156285
12.153623
16.402632
16.471981
8.5027893
11.68109
0.98039252
9.0279145
16.175494
14.58526
15.422416
9.1077346
11.835822
16.950732
14.739658
17.057856
15.119992
6.8032723
8.7669295
6.7393884
8.3789437
11.062032
9.6680668
10.347609
10.304094
9.7976805
10.248574
9.1291513
9.0707995
1.0835168
1.1338145
-17.699023
-15.745239
-1.0376246
-7.6492325
-11.281535
-9.8016493
-16.566927
-17.435358
-10.639596
-8.8946573
-16.67342
-17.344241
-16.192319
-1.0540711
-7.8736846
-11.665477
-10.234541
-14.798461
-17.411551
-11.11143
-9.0980718
-17.195569
-17.520163
-17.029726
-21.688313
-18.675946
-20.111429
-15.866161
-16.728393
-15.838466
-16.004631
-14.877549
-16.437686
-14.916489
-17.104546
-18.528964
-16.481589
-18.158282
-18.681672
-15.426688
-18.857998
-17.814442
-17.073791
-20.260737
-18.440922
-19.302923
-17.741894
-18.221323
-17.746079
-17.43496
-16.717035
-16.362883
-15.399845
-17.928861
-19.754473
-17.791888
-19.597629
-20.557064
-15.82636
-19.116102
-19.984808
-5.2217167
-9.7567762
-5.6621462
-10.079903
-21.79714
-22.063432
-14.81766
-14.833548
-13.10575
-17.166649
-14.873108
-17.508955
-17.539386
-15.334963
-8.1023611
-7.2628634
-8.5062226
-6.8089577
-7.1142502
-7.0603708
-1.0310153
-1.0632975
-8.0306929
-9.8960921
-9.5392424
-8.6664867
-9.7562492
-9.4962299
-17.419471
-15.931512
-1.0301503
-7.7944603
-11.474272
-10.251434
-15.842844
-17.469128
-11.374695
-16.837857
-8.988985
-17.358736
-16.950879
-21.724345
-19.208166
-20.313222
-16.221737
-17.933301
-17.212529
-16.387955
-15.255032
-15.795703
-14.9635
-17.346326
-18.854006
-16.911833
-18.616756
-18.200552
-15.83273
-18.445594
-18.388108
-20.636086
-5.5180611
-9.6434185
-6.3547184
-10.123891
-20.239212
-18.67968
-14.572732
-15.028706
-12.739718
-17.613363
-16.822836
-18.966231
-20.328117
-15.485119
-17.741315
-16.706449
-17.471066
-14.00836
-17.251518
-15.284981
-17.132585
-19.272173
-18.62773
-20.487794
-20.138278
-15.319138
-19.925972
-17.676328
-15.511176
-15.798244
-16.888826
-14.647663
-7.8409739
-7.1375137
-8.373804
-6.9592508
-6.4462253
-6.4198552
-1.0560159
-1.0515718
-8.0784719
-9.8245709
-9.4254989
-8.0124276
-9.8079025
-9.689187
-19.204494
-16.233565
-1.075473
-8.1055827
-12.251088
-10.091864
-17.978595
-18.700316
-11.402465
-18.107751
-9.1753679
-17.109591
-15.920196
-20.454658
-18.691502
-19.632373
-16.781819
-17.427018
-15.43723
-15.003312
-16.37095
-17.978419
-17.710954
-19.388409
-14.739087
-15.301057
-14.535999
-18.310643
-15.216638
-17.172068
-18.744652
-20.572757
-5.2515609
-7.9264859
-4.7993936
-7.6658924
-20.460412
-20.240129
-14.317694
-14.767466
-10.186775
-18.08551
-17.300365
-18.991037
-20.62943
-18.115402
-18.141631
-15.864824
-15.041379
-17.175388
-18.998449
-17.79423
-19.583073
-16.851567
-15.883668
-15.681428
-17.212139
-16.06289
-17.525242
-17.364385
-17.081305
-14.411244
-1.0514817
-8.0622149
-11.826144
-9.9224873
-15.666073
-17.025637
-9.1247085
-11.170417
-18.36714
-17.29107
-16.810594
-15.865772
-0.98749049
-7.7603765
-12.002978
-10.135163
-15.49352
-16.446854
-8.9855681
-10.660363
-17.436036
-17.662943
-15.649799
-17.29527
-15.266325
-8.6048146
-7.0631804
-8.2401204
-6.8917499
-6.2563228
-6.1858879
-1.0711034
-1.0775214
-8.8820034
-9.9030975
-9.5998863
-8.8320735
-9.3745888
-9.4325037
-19.067164
-21.079433
-20.659722
-5.9835874
-8.4073428
-5.1837406
-8.0381449
-19.910337
-20.882514
-10.794291
-14.247825
-14.29207
-16.794382
-15.843328
-18.912455
-19.675235
-16.067798
-16.562709
-15.42184
-16.101474
-17.33232
-18.483896
-18.488333
-20.317178
-15.698532
-17.301963
-15.390327
-18.099289
-15.291885
-18.217751
-17.762908
-17.327315
-18.550715
-19.973823
-18.299698
-18.334815
-17.230835
-15.475143
-18.253076
-19.943264
-17.940183
-19.759857
-16.886838
-16.168138
-15.735958
-19.325469
-14.662617
-17.841774
43.511303
43.507548
43.016365
-1.2073277
-3.3931632
-3.4300714
-1.2292482
-3.487165
-3.5075761
-1.2171227
-3.4878072
-3.4768777
-1.2044194
-3.4853297
-3.4338102
-1.8942271
-1.7291285
-2.2788608
43.983085
44.02075
43.661429
43.703275
43.539237
43.080825
43.861844
43.619751
43.351581
3.7320006
1.2332639
3.8335506
3.78338
1.2542616
3.9195161
3.8990889
1.2789778
3.978464
3.880347
1.262234
3.9485041
3.8918939
1.2858884
4.0127705
3.8557525
1.2651635
3.9395822
3.8550228
1.2693241
3.9341853
3.873359
1.252192
3.8914228
-1.1886533
-3.3499197
-3.3489
-1.2312001
-3.488124
-3.4997634
-2.4082802
-2.5110674
-3.0415642
-1.2293359
-3.5039432
-3.5018713
-2.363896
-2.1117925
-2.8258745
-1.2243133
-3.5004164
-3.4927134
-2.383068
-1.8967259
-2.6570188
22.462609
31.580251
35.343459
35.479598
31.17543
35.896382
38.377151
39.023068
37.180206
35.215899
37.056264
30.280134
35.920734
40.103039
39.853673
38.220169
-17.168983
-17.877786
-0.98502731
-3.3632059
-2.4727248
-4.2165704
-1.2428159
-0.95707749
-1.0549323
-2.9754212
-10.962202
-13.627394
-13.006505
-11.193743
-14.767319
-16.532577
-15.565144
-3.308292
-2.520777
-3.8699952
-1.1767196
-1.0383663
-1.0983918
-2.9658757
-11.272916
-12.019128
-12.444496
-11.615781
-13.643675
-16.276526
-14.989669
31.709993
26.754887
24.465708
31.785441
23.392305
35.401282
33.836315
31.026807
36.126515
36.674045
37.850878
36.021496
35.400662
35.334512
29.836917
36.030957
38.594565
38.675182
37.420876
16.977402
17.788899
1.0710589
1.1057946
17.27677
14.664252
10.09121
16.856018
15.348669
16.924774
16.781398
3.6124064
3.2199361
2.8599622
1.2343661
1.0077732
1.050407
3.6256923
17.645438
14.340786
10.440357
17.476186
15.336794
17.296188
16.849683
3.6343062
3.2497814
2.5719538
1.2091058
1.0574879
1.1336899
3.7633787
36.193099
35.127258
28.405237
35.623541
39.25536
38.693626
37.312445
35.542326
35.976995
28.513654
36.067066
39.899357
39.590118
38.178105
31.69295
22.810349
14.03179
17.711894
10.478803
17.02792
15.299328
17.008177
16.716141
3.5983958
3.2665765
2.8806063
1.2228163
1.050319
1.1135216
3.7893885
17.714529
18.893335
1.0878831
1.0603509
14.516343
17.475931
9.8083615
17.203645
14.580824
16.505759
16.699746
3.1855991
3.670741
2.6820825
1.2294553
0.99143359
1.1045146
3.860378
37.668522
35.377486
31.879105
35.905896
39.188953
38.760072
37.729591
35.603524
35.687355
32.039082
36.256798
38.241611
39.212254
37.450848
31.878731
13.947499
17.603858
10.389972
17.416357
14.817535
16.969199
16.550669
3.6070082
3.0239219
2.6258596
1.2382044
0.95581153
1.064057
3.4755084
17.849048
17.785794
1.0737489
14.247913
17.372454
10.129535
17.1999
15.259622
17.097147
16.720843
3.4200502
3.6983875
2.6694096
1.260232
1.0259683
1.1079368
3.7727776
22.771498
31.64607
22.770541
14.715659
17.375044
9.5285147
17.201089
14.923969
16.807681
16.824867
3.165715
3.7275486
2.8825141
1.2694759
1.0335604
1.1003594
3.6866071
14.474837
17.305684
10.141849
17.21139
15.353123
17.070584
16.84835
3.2463682
3.6205524
2.8861772
1.2734124
1.0410048
1.0814284
3.6234836
1.0397925
1.0504544
-2.4478225
-3.3285893
-3.7885242
-1.1913586
-1.0063584
-1.0683494
-2.8023646
-10.618519
-12.355573
-12.23718
-11.038061
-14.561498
-16.343314
-14.676957
-2.5549371
-3.3767791
-4.1252699
-1.2149433
-1.0011648
-1.0630713
-2.7786368
-11.181006
-12.523717
-11.746677
-11.56129
-14.01155
-16.483615
-15.379759
-18.139253
-18.163493
-13.610246
-19.38897
-18.132911
-14.646158
-14.386476
-12.676914
-10.571412
-10.804915
-13.869672
-12.10225
-13.820801
-2.4625231
-3.3696055
-4.3620143
-1.2126401
-1.0530193
-1.1411748
-2.9287198
-14.003917
-11.320343
-12.487018
-11.599448
-15.359452
-17.275354
-16.113553
-18.882468
-17.80913
-15.120359
-15.110351
-12.301974
-9.9013021
-10.954757
-14.323615
-12.279805
-13.87733
-14.014561
-18.533783
-18.510762
-0.97516412
-2.6799211
-3.3423171
-3.896343
-1.2397329
-1.0150504
-1.1040982
-3.18311
-13.728524
-11.306955
-12.768647
-11.635137
-16.166827
-17.785332
-15.957193
-18.054617
-18.209483
-13.88109
-12.843188
-10.433809
-8.9944671
-10.049616
-12.863161
-11.399978
-11.962217
-13.345435
-10.348659
-9.1786863
-9.9761782
-13.162428
-11.595322
-12.439199
-13.958057
-3.2639346
-2.751717
-4.362531
-1.2103976
-1.0450347
-1.1158218
-3.1851507
-11.25117
-12.728567
-12.641535
-11.725032
-15.050821
-17.29462
-15.461335
-3.4983234
-2.3038002
-4.2170818
-1.15557
-1.100578
-1.1293368
-2.7260186
-11.207741
-12.756722
-11.860109
-11.486829
-14.849661
-16.885955
-15.5751
-18.026207
-18.107293
-0.95484131
-0.98278479
-12.655555
-14.810237
-9.7329187
-12.467083
-14.720579
-13.209735
-14.076957
-11.695664
-15.25546
-9.499934
-10.741209
-13.981092
-12.353208
-13.880027
-14.147513
-15.365725
24.995075
20.952305
20.984484
42.651124
33.636673
39.98466
38.121149
42.015777
42.672104
33.694161
40.651949
35.425215
41.948904
34.735055
43.925161
34.098373
43.770644
40.372316
-1.2219551
-4.2427631
-3.4089202
-2.5811407
-3.4836819
-5.3367466
-6.5036665
-6.3843578
-8.6608655
-5.3757732
-5.6693001
-7.4415709
-5.9768891
-9.4531309
-5.0333074
-1.195786
-4.5567102
-3.2529767
-2.4261151
-3.5134923
-5.4732371
-6.7014191
-6.5068272
-8.0608102
-5.4962929
-5.7168749
-7.4594917
-6.0186893
-9.4491961
-5.0865051
-1.2202155
-3.2495038
-3.4924432
-5.4897786
-6.5523875
-5.475875
-1.1883179
-3.3511451
-3.4219952
-5.0861939
-3.1053423
-5.4396907
-3.453778
-2.6870854
-4.894139
-3.2366098
43.067893
40.150863
42.419642
43.222151
40.544085
42.644822
42.980742
40.428569
42.220442
42.6852
40.850256
41.980473
40.664242
42.971666
40.32891
42.419405
42.76693
40.245958
42.327604
6.3584795
9.0037836
6.7086716
1.2365579
3.528547
3.8477016
6.3164049
6.4157271
8.8482313
6.6809462
1.2560535
3.6363982
3.9336943
6.6387358
9.1944049
6.8717852
1.2784153
3.7014158
3.9666668
6.5019364
32.041992
38.8264
33.305583
37.116822
31.06976
42.259334
34.490391
41.841967
41.024271
4.5644595
6.00302
2.1183065
2.6420967
4.3009991
6.3265007
2.8307555
4.5158495
4.5904042
6.5434572
2.8615949
2.8458598
4.2585475
6.6603228
3.0821462
4.8650704
25.715007
21.092049
20.590388
34.900099
32.521542
33.406487
35.454655
34.161492
42.599946
34.016977
41.791676
3.93415
7.3014115
2.7542313
2.5990026
3.5878382
6.5722738
3.753915
4.7517797
6.3503646
6.6148471
4.2780548
9.1262317
6.2909521
6.848438
1.2711424
2.4035079
3.6994461
2.680381
3.998481
4.3569804
6.6757749
3.2248861
4.7088398
6.563874
6.6284809
9.1891674
6.9052862
1.2668341
3.6364267
4.0030885
33.400583
37.857175
34.242596
38.321611
34.560998
43.507345
34.755219
43.371194
40.925432
25.491871
20.621788
20.353238
4.6082243
6.2175793
2.6961673
2.4717246
4.1943826
6.6900172
3.3199652
4.6672341
6.4387758
4.2573769
6.7096566
4.7615276
3.2277802
4.7910467
2.7407266
6.4187747
25.515778
20.957986
21.379529
6.5937055
4.5696337
9.0463261
6.6280381
6.8609053
1.2776993
2.6469162
3.650001
2.6309931
3.9702205
4.4099247
6.6745314
3.3846022
4.7322245
6.4557888
3.7124738
6.4444565
4.6157194
3.1682273
4.6773324
2.5833324
6.2174473
-1.1701956
-3.2440312
-3.3730762
-5.2546986
-6.3051889
-5.2332971
-4.9295924
-1.2226958
-3.4095148
-3.491935
-5.4880389
-6.5131354
-5.4920016
-4.394936
-2.3542312
-7.4940247
-7.7051684
-5.3986178
-7.2825648
-6.2573755
-9.4677009
-3.9984138
-2.506847
-7.078515
-8.010362
-5.6273035
-7.1763752
-6.3233763
-9.7393266
-5.1214096
-15.551026
-15.594587
-21.360827
-3.3866041
-6.3265554
-5.8396898
-6.0278445
-4.1149255
-3.6358837
-6.1706584
-6.2324269
-6.9037746
-4.2500515
-6.6598562
-6.617984
-6.8672289
-6.8377546
-5.6184066
-1.2194146
-4.3672323
-3.4671756
-2.4684575
-3.531141
-5.5187106
-7.1499183
-6.5634051
-8.2253055
-5.4537849
-5.8481076
-7.4568634
-5.8943826
-9.7324837
-5.1961964
-15.891071
-15.420848
-20.951912
-3.5030771
-5.9421919
-6.2227896
-5.7234727
-4.1340272
-3.2983175
-6.0466446
-6.2693793
-7.3666246
-4.0207746
-6.4226578
-6.4418753
-6.6810646
-6.7729786
-5.4854776
-1.2116483
-4.0228401
-3.2873874
-2.8245295
-3.5383359
-5.3804912
-7.3220716
-6.024521
-9.3996009
-6.4659198
-5.1604241
-3.4830752
-5.2945325
-5.3255931
-6.3250236
-3.8544846
-2.6994718
-5.2483315
-4.672198
-5.2111969
-3.3692463
-5.3459078
-5.5939088
-5.0211708
-5.2876152
-4.654207
-15.626736
-16.086307
-20.576596
-4.2530964
-2.7496248
-6.8552113
-8.6836601
-5.4849372
-7.5025177
-5.7654555
-9.1974372
-5.1218337
-4.4739266
-2.5419546
-5.5902197
-7.6465946
-6.1183579
-9.5741355
-7.2004358
-5.4255783
-6.1540043
-5.1694733
-5.7964044
-5.7739116
-5.9509988
-5.6458466
-5.5260595
-4.4644425
-15.327223
-15.761344
-20.214724
25.229014
23.193
24.400405
28.164194
28.445473
25.647308
25.42355
24.4587
22.30216
26.269626
22.272546
26.572886
27.991423
26.702199
27.687656
28.860349
28.428859
26.345421
28.902322
22.824876
23.158733
25.699676
23.13742
22.06886
19.246681
24.294285
22.777347
29.576631
31.775063
28.232997
22.063618
19.821097
24.446311
31.499161
31.058201
24.049363
31.432353
31.974328
31.849754
34.911696
30.537785
33.583319
30.826668
29.731132
28.281818
26.205583
32.430664
32.073974
35.137996
28.054942
35.226305
27.303345
23.264431
24.70713
23.666053
19.973406
13.457304
21.713897
24.53684
18.620274
24.25659
17.149852
25.890067
18.224561
22.380426
17.619792
19.426716
17.81652
31.276496
17.875166
18.294548
27.504294
26.373865
27.766022
28.136169
27.968115
26.894107
25.606254
25.381351
25.557557
23.024377
26.493165
27.988063
28.90561
24.950032
25.981908
25.008516
22.378061
25.896045
22.293911
24.126857
23.163447
26.116996
23.630734
21.949801
18.877112
25.056762
22.242829
28.637215
32.380474
27.913068
27.329443
21.670282
19.11863
24.229547
32.02075
31.688362
28.039047
32.03133
32.814461
35.102021
31.105691
32.386367
31.570835
30.301724
28.533682
29.85194
32.278523
32.397674
34.592344
28.774542
33.952583
27.210171
23.257063
24.894601
23.774688
19.518113
12.764332
23.378285
21.536779
24.990721
18.821539
24.536176
16.973335
25.903608
25.553352
25.91046
17.929
22.120196
20.030167
18.049313
18.528614
32.023474
28.454649
27.324396
28.10945
28.446664
29.298891
28.150755
17.404338
17.31395
37.956715
38.273535
42.534927
40.258625
40.799607
31.670647
37.092692
38.279547
35.529193
36.875004
41.680958
35.158914
35.268759
31.958831
34.57944
37.342598
38.220059
38.511642
42.53596
39.865393
40.324708
31.746567
37.170201
38.495485
35.606383
32.622209
37.031045
41.604825
35.3325
34.029101
31.386734
33.305346
35.004149
36.509542
40.992304
40.356904
35.075036
32.771064
31.826696
31.658397
28.682532
31.114359
28.708959
31.97018
36.069825
35.74587
35.299019
30.047447
31.615473
32.710509
31.030955
32.293958
31.77107
32.590194
32.621071
34.164928
36.272577
-11.383415
-10.991842
-14.07753
-10.807174
-10.877028
-8.2572566
-11.16157
-11.230739
-8.4906589
-11.169434
-10.938655
-14.424921
-15.48469
-15.056944
-17.539064
-15.935018
-10.828369
-13.398716
-15.375608
-16.133719
-15.035235
-18.096929
-16.069349
-10.93051
-14.346038
-8.7014868
-12.614799
-10.906174
-8.8223114
-12.562922
-11.335082
-7.2504412
-4.5836485
-4.8268163
-3.4865559
-0.97921932
-1.8164531
-0.94675556
-1.1273688
-1.0588616
-3.8684691
-2.9027578
-3.8488405
-1.0587372
-2.9331718
-5.2126675
-5.7917917
-8.3266806
-5.2918273
-6.4314396
-5.1884607
-3.5725098
-0.86246849
-1.9082017
-1.0697162
-1.1088085
-3.9552258
-2.8352537
-3.9776832
-1.0747899
-2.9272772
-5.1304832
-5.5182258
-8.2793752
-5.4989142
-6.2647404
-4.6523012
-5.3102836
-5.0625335
-5.1258806
-7.4724594
-4.8453376
-3.1471656
-3.1578619
-10.790523
-12.613784
-10.848195
-12.105843
-3.2775707
-1.1091173
-3.1871436
-3.7178006
-6.9106562
-7.0111081
-7.3113679
-7.5712898
-8.0375719
-5.683298
-5.0180059
-6.0686792
-6.7470832
-7.0389936
-8.4049805
-6.5654449
-5.1683807
-10.911042
-10.944666
-11.152853
-12.187546
-16.122898
-13.53988
-11.146563
-14.853985
-14.990704
-16.032779
-10.868396
-10.763214
-10.560606
-11.564101
-14.291027
-15.593143
-16.088857
-12.014933
-10.593535
-13.754508
-15.214356
-12.552862
-13.728606
-12.88321
-11.61704
-14.67224
-17.143483
-11.026102
-10.114565
-11.486402
-13.307597
-7.7627148
-10.931555
-9.215822
-10.558358
-12.884811
-10.504634
-13.89421
-16.187082
-16.167371
-14.856269
-3.2321598
-1.094503
-3.304799
-6.4880101
-6.8112915
-7.2100944
-7.1018411
-8.0203704
-5.7706536
-4.9365206
-6.3536806
-6.4956608
-7.5358895
-7.5286957
-6.7545329
-5.0680167
-11.134303
-11.248677
-11.086017
-16.870061
-13.234025
-16.214372
-13.311124
-12.48892
-15.336352
-14.662073
-10.938777
-10.655169
-10.444591
-9.6070598
-13.353188
-15.256272
-16.595875
-11.594933
-10.742899
-13.546821
-9.0042952
-9.4154944
-10.233152
-13.200759
-10.881688
-10.706244
-12.561975
-10.385927
-10.039072
-13.842627
-13.630565
-11.050621
-15.733689
-16.176819
-15.624641
-13.206222
25.512043
22.880846
26.002641
27.653917
28.423221
24.952595
25.577815
24.64403
22.042484
26.460532
21.788478
24.539006
28.086205
26.37543
26.602519
28.969168
28.870337
25.38855
28.974225
22.970355
22.408268
25.283376
23.160455
21.153433
18.512102
24.097157
21.886505
29.514411
31.384344
27.880976
21.564068
19.048763
23.652019
31.350129
31.720606
27.165314
32.035028
32.091261
34.78448
31.143652
34.125133
30.979122
30.131975
28.231695
26.455433
31.558729
32.76313
34.375605
28.69625
34.289451
26.453715
21.469809
23.770518
23.445311
20.061041
12.772963
22.274258
21.601112
24.497364
18.909684
23.016986
16.330481
25.5456
24.284213
25.762689
16.332418
21.700276
17.007263
19.450542
17.768187
30.797012
17.458803
17.558537
27.538024
26.404827
27.723314
28.453119
28.593161
27.607554
25.645717
23.524535
26.13718
28.632649
25.166751
29.190055
25.213919
23.985642
22.440563
26.465558
22.558771
27.21986
27.513957
26.959272
27.852891
28.229785
28.908732
27.363494
23.149174
23.327378
26.057502
23.181318
22.684823
18.993162
22.985927
22.579138
19.363167
24.685337
28.058728
30.230139
29.320391
32.499634
30.917798
26.381636
32.082412
32.951641
33.234337
31.972396
32.993643
31.758764
30.838615
29.366861
26.305708
32.342192
32.260317
34.32692
34.302721
27.933292
23.828726
25.097608
23.948121
19.542647
12.230778
21.598413
25.04248
18.956461
24.614199
16.242377
25.944668
25.575557
26.225114
18.351204
22.408219
18.070563
20.099329
18.561029
29.35887
30.656324
30.941592
31.850545
28.770624
17.401145
16.407549
28.459192
27.445694
37.270801
37.683673
41.04316
35.972706
38.369253
31.607763
35.227339
36.011938
37.707547
36.625765
40.815645
35.394283
32.39628
29.712803
37.797351
38.147582
41.316971
36.562747
38.910183
32.114106
35.480917
33.353906
37.183809
36.989323
40.466454
35.956383
33.234229
30.568388
35.281326
32.921451
33.749837
30.327099
29.089231
30.715853
31.689366
36.112236
31.630056
36.247702
31.867504
32.530975
34.789969
31.376544
32.338313
35.979714
14.26484
14.179137
13.389932
9.3129254
9.1804021
7.0353934
9.3274801
9.1625142
6.7773976
14.373325
14.166858
15.43751
14.409813
15.016037
17.226348
14.152119
17.720342
12.544967
15.67448
14.872889
14.787051
17.527715
14.729283
18.090259
13.396645
11.26208
11.631247
13.364712
11.592569
11.936062
13.332471
7.5848663
5.5182582
5.7966828
3.2251094
0.93736898
1.3310665
1.1045429
1.0864359
2.9873666
3.3632533
2.8359637
1.0868089
3.3702535
5.8721875
4.6685268
7.0438906
7.643141
5.2837051
5.0736446
7.9381839
5.695935
6.0755236
3.2713211
0.94049676
1.487777
1.0891872
1.0573808
3.1277893
3.3245227
2.9249737
1.0589242
3.3391597
5.8648119
4.8947022
7.2589856
8.0783689
5.5235887
5.3884299
16.789653
10.79111
17.478068
6.1137557
6.0897356
3.302312
3.2495725
14.37603
13.792321
8.6211867
10.326494
13.459646
19.696541
18.251233
11.525238
14.093071
14.168262
9.4741531
14.662405
9.2842238
12.852419
3.7484594
1.1680506
3.3068627
4.886223
4.3689346
8.8636581
5.8982245
7.926633
6.8019168
6.5245408
13.160857
11.107861
8.6098194
13.702459
12.631982
11.55726
18.559313
15.517198
14.115535
10.891594
8.9814657
7.4657254
6.3155793
14.50003
16.995892
16.587825
13.681359
15.711004
13.118164
13.669433
8.6716586
14.887667
14.439238
8.9867725
14.543883
10.953471
10.079407
14.987298
8.9361536
11.044664
3.8815841
1.184319
3.2661983
4.2891653
4.8859852
8.9694706
5.8407606
7.0149768
7.719859
6.8361167
5.6791241
9.3261201
6.3989708
6.2981713
13.283176
11.509159
8.9330617
14.308511
13.161257
11.606411
18.812171
16.002359
17.4854
15.994089
14.386677
11.020693
9.0189013
7.6615802
15.314015
17.144803
14.866106
13.598676
13.350559
14.238487
11.483639
8.8566378
37.919375
38.265761
40.744826
38.583153
36.863656
31.685667
35.561693
37.386759
35.200767
29.647254
36.640703
40.649249
35.243764
31.378769
38.209404
38.630568
42.304824
38.326635
38.859412
31.769995
36.552269
37.933459
35.206649
36.951428
40.863754
35.242435
34.250377
27.698411
35.067314
34.893034
36.296057
41.113989
40.004265
34.980452
33.940524
33.311668
31.46236
29.267455
30.508117
27.939758
31.677134
35.718466
32.136894
31.876247
36.309155
37.682453
34.96407
31.09111
31.674545
32.46898
31.889027
31.665266
36.185084
25.703241
23.718394
25.895522
28.706007
29.419235
25.96654
26.426989
25.572263
23.126521
26.608706
22.66015
26.551289
26.727577
26.579859
28.032607
27.808599
28.798525
27.364623
27.474948
23.299974
23.557526
25.883169
22.847395
22.345774
19.537516
24.209428
23.245649
30.100641
31.720428
27.990471
21.350155
19.435517
24.550875
32.456771
26.319627
32.673451
33.187953
32.765942
32.547859
31.527205
31.931157
28.975866
27.615155
32.951606
34.846129
29.17379
27.430398
23.595213
24.924051
23.594086
12.559699
20.121664
19.389976
21.919173
24.916284
24.361567
17.23051
25.85337
17.548885
21.367045
18.585105
19.889187
18.693822
17.672195
27.738338
28.46233
27.384166
28.995493
14.55596
13.804768
8.9989377
13.512571
13.567696
20.033013
18.272696
14.131943
14.22663
10.763383
9.926923
14.742911
9.3372392
11.214162
3.7724575
1.1886311
3.2729607
4.394129
4.9386064
9.0068257
7.4800588
8.0732073
5.9867695
2.7323262
6.5950157
5.4997416
9.0188504
5.4553277
6.6811144
8.1216525
5.5066956
13.320145
11.602212
8.6060023
14.225815
13.008198
11.910669
19.071973
16.605314
16.987078
17.186497
15.841873
14.206611
11.17776
14.642134
16.689009
14.706264
9.4798993
6.0645325
13.510466
14.602953
11.630235
9.1309705
14.798163
15.207197
13.483304
9.7821237
7.4859715
9.7392258
9.6592887
7.0050572
9.5527996
14.734748
15.235757
16.592486
14.765758
14.880854
18.113716
14.712592
17.22777
13.181073
17.344537
14.708441
14.850157
19.065575
14.584822
18.282594
13.122991
8.1823011
5.8547133
6.1161435
3.3018929
1.288533
0.97632304
3.0234849
1.162843
1.1002712
3.4679446
6.0108126
4.6385607
6.7283002
5.5450167
1.0906752
3.4877715
8.1118091
5.7965222
6.0361867
3.452057
1.4468387
0.94245074
3.0039813
1.1815771
1.1033839
3.3891163
2.7456945
6.1219816
4.8314712
6.992641
7.9451496
5.5280777
5.3435766
1.1147193
3.388754
11.024973
11.788418
13.040036
17.89304
6.2112034
6.2473405
14.625216
14.009544
8.770015
12.984463
12.925575
20.070893
18.606761
13.882956
14.630638
10.616495
9.8240484
14.7841
11.027634
9.1188642
3.8351566
1.1919997
3.217789
4.8961297
4.5552437
8.7403223
5.8844356
7.8576347
7.2328449
7.1184499
6.7007665
5.4932695
9.1336199
6.3679755
14.255794
12.646925
11.751395
18.964169
18.108836
15.955723
17.181437
15.873193
15.246043
17.367535
14.588156
38.033879
38.15108
41.676958
39.102252
36.748943
31.735697
35.83421
36.671953
33.9483
29.36567
37.136824
40.681087
35.720846
35.495848
37.873089
38.248931
42.744634
36.521116
39.890665
31.925112
34.702974
38.096019
36.228801
37.119273
40.829031
35.750793
34.07438
31.653174
34.082748
35.387925
36.366325
40.832377
39.548343
34.819918
33.379393
33.32103
31.381409
28.951476
31.364984
29.656877
32.42886
36.788525
31.920171
32.069657
32.214971
34.112077
36.474136
36.656603
33.048769
31.599499
32.034796
33.234233
32.538287
25.585183
23.374522
26.462803
28.859502
26.00641
29.74955
25.33243
24.431228
22.488944
26.093231
22.643352
26.527954
28.361589
26.233958
28.117485
28.66269
29.273797
26.710618
28.010244
23.158976
23.191749
25.382903
23.922285
22.241055
19.437454
24.759475
23.15825
22.339523
19.139334
24.49814
27.915017
29.184119
28.774772
32.52166
26.528515
32.25093
35.06894
32.592841
32.360511
33.929248
31.299035
28.678071
26.572445
32.158243
35.303143
31.263466
30.407274
27.161301
24.624818
22.941413
25.927127
24.937603
25.450396
24.325789
28.553587
27.523967
29.523021
28.505132
18.135036
17.228402
14.796995
14.495716
8.9456161
14.059936
13.781373
20.208278
18.510262
14.816433
14.499198
12.020905
9.7815249
14.661381
8.6483474
13.161419
3.6823664
1.1372488
3.1803435
4.3418608
4.7578329
8.693122
7.3516586
7.8509313
5.8058381
6.4860663
5.4473137
8.9264478
5.9746468
6.5716597
8.2620873
5.3950684
12.886846
11.103548
8.7702314
14.032055
12.76459
11.631365
18.535031
15.729067
18.500267
17.020063
15.805865
14.045793
10.756273
14.899742
16.955527
14.664177
8.7696635
7.3595679
12.569764
13.472858
11.754117
8.3735414
14.107514
15.18183
13.363918
9.1671746
9.0513059
6.8354612
10.083423
10.088435
7.5910457
14.080518
15.06065
16.508691
14.444468
14.971521
17.796593
14.254261
18.657301
13.215321
16.478705
14.505543
15.108292
17.822847
14.194405
17.468172
12.591191
11.586065
12.180173
13.328334
11.254008
11.89573
12.981669
3.300258
1.3214333
0.91177778
1.0318515
2.9910774
1.1089788
1.0823158
2.7989952
3.4525225
5.9448115
4.8818942
7.1466138
5.4322155
5.6201555
1.0727218
3.4340423
8.142447
5.3538671
5.5933192
3.3965039
1.4503879
0.92026772
3.1575203
1.2373454
1.0711526
3.3307605
3.0342928
6.0793626
4.6230298
6.9252793
7.9336055
5.4852356
5.2463928
1.0664035
3.3832711
17.370706
11.547347
7.9882182
5.9383135
5.8548586
5.808569
3.3638645
3.3472891
14.505874
13.897152
8.9199513
6.9008025
17.006207
13.638
12.040751
19.88909
18.039311
14.318969
12.02936
14.008205
17.655585
18.393566
14.304284
9.7469109
14.55447
8.6623136
3.8778314
1.1980537
3.3125614
2.84971
4.7841883
4.1062266
9.0422453
6.039733
7.8910166
7.2240158
6.9486146
13.097307
11.121459
8.8948492
14.521473
13.036617
12.420303
18.764014
16.518871
17.291864
15.928552
14.593792
17.149037
14.628544
14.262522
14.14702
14.873735
9.4371578
11.188053
8.5072991
7.5339751
6.5091069
26.035733
23.190864
26.111841
28.592764
29.508393
25.036204
26.254225
25.192017
22.825712
26.709161
21.969215
24.394353
28.334532
27.003102
27.01341
28.724144
28.601552
26.140257
27.838218
22.754959
23.864975
26.041364
23.417761
22.758242
18.760384
24.503895
22.557633
30.442097
32.528489
28.068117
21.259383
19.149057
23.705362
28.252095
26.937371
33.199983
36.176138
29.084052
26.95484
23.007929
24.609452
23.929533
20.376189
13.481487
22.011696
24.539975
18.856927
23.877532
16.935806
25.575386
25.057109
25.396419
17.721075
21.960906
20.29311
18.319462
18.948682
27.52196
28.176011
27.212887
28.79536
28.785187
27.77276
31.362949
30.796536
17.059289
17.508041
25.600752
23.350882
25.517096
28.376579
29.359616
25.93447
25.630148
24.612906
21.40641
26.282078
22.614786
26.916588
28.518811
26.246554
28.337371
28.55509
28.586574
27.091744
28.529454
21.857731
23.744447
25.567317
22.264946
22.688836
18.83387
22.806415
23.375328
30.708065
32.765608
28.113688
21.939781
19.079686
24.189854
32.406192
26.37309
32.399198
35.299363
32.567109
32.569966
32.057812
28.856388
26.394525
32.240967
35.196631
30.254283
26.600157
22.424421
24.052604
23.26963
19.140872
13.252334
21.290296
24.625645
18.395487
23.770693
16.172531
25.662648
24.849065
25.326394
17.506473
21.895212
18.838295
17.657041
17.034554
28.124692
28.17691
27.166674
29.229968
28.866851
27.860057
31.404258
30.884468
14.680339
14.067297
8.8837679
12.956378
10.134141
20.019682
18.399961
14.029639
11.133677
13.742385
14.538365
9.8355878
14.719731
9.5489995
5.0424764
4.6401193
8.9360395
8.0948439
6.7848242
5.9117125
2.8173219
6.9533641
8.0725181
5.1247451
6.703738
5.5534352
9.0866416
6.3237657
12.815115
11.349178
8.7108893
14.053645
12.703603
11.88018
18.819032
16.059784
17.973621
17.225659
15.985537
14.50891
11.478543
14.945724
16.884972
13.941199
13.191206
13.921163
11.733254
8.8296553
8.4475479
7.0158868
14.45225
13.928598
8.7323763
6.1701379
13.421257
11.052627
19.742946
18.271911
14.21114
11.355432
10.990682
14.083539
9.4927349
14.641333
9.5144193
3.7231278
1.1648741
3.0829332
2.632572
4.9105092
4.4517876
8.9778676
8.0807196
7.4965595
5.9787772
2.6567544
6.5435348
7.8690198
5.1891649
6.4818323
5.3898354
8.7572186
5.9943224
12.822475
11.493814
8.7307023
13.71177
12.700929
11.794365
18.573553
17.463548
15.872394
15.821862
17.03925
15.78171
14.642952
16.724529
17.56524
12.271105
13.087311
14.0435
14.193678
11.732638
8.3601156
11.123214
8.6320393
6.7414733
14.519474
15.869067
13.135378
9.2294116
9.1980919
7.2171862
9.8456561
9.5594235
7.7219778
14.306539
15.833222
15.707909
14.668726
14.716767
17.661532
14.114109
17.997887
17.595239
12.549082
15.61903
14.822389
14.675638
17.579972
14.550467
16.924822
17.576026
13.453856
11.357964
12.036167
13.021669
10.970565
11.906251
13.160449
3.2241678
1.4962675
0.84779215
2.906779
1.103672
1.1093744
3.497161
5.8325996
4.8481426
7.0997448
5.4532605
5.8466267
1.0891148
3.5132922
7.807678
5.7142022
5.9597824
3.3053118
1.2037615
0.90904135
2.8664066
1.1599223
1.0566532
3.2577392
5.824237
4.9091811
6.9493059
5.2814054
1.073783
3.2464345
8.0292917
6.0096922
6.0575934
6.1887978
3.4826394
3.4722511
-3.2542095
-1.1103409
-3.2027044
-6.6646195
-7.7739556
-7.1264465
-5.5798494
-7.9307242
-5.048399
-5.7855993
-6.1363887
-6.5785623
-7.8331753
-6.9436316
-10.616521
-10.845161
-10.564317
-12.810222
-15.4721
-12.931379
-11.949475
-14.904585
-13.78838
-14.00098
-10.377397
-10.223492
-10.144175
-10.307466
-13.791947
-14.494767
-15.770072
-11.665764
-10.764053
-13.013437
-14.633258
-12.019137
-12.845919
-13.306503
-13.98498
-17.201737
-10.631385
-9.9975571
-10.122086
-10.682179
-9.766485
-8.6936054
-9.2778817
-13.564452
-11.097493
-15.63252
-16.719431
-13.629108
-13.312061
-3.3373872
-1.1347263
-3.2720248
-6.7544919
-5.9823789
-7.3582573
-5.7199523
-8.0404987
-7.0818865
-7.7928699
-5.0782629
-6.2590854
-6.8095975
-8.3541889
-11.190259
-11.331626
-11.022461
-13.114329
-16.15796
-13.734854
-13.785613
-16.239386
-14.649439
-16.756513
-10.906609
-10.688804
-10.641389
-9.4891382
-13.614621
-15.997624
-17.464952
-14.841819
-12.186224
-12.981235
-13.303263
-14.268768
-17.056983
-10.880796
-10.114
-11.32886
-13.644207
-10.122097
-10.736759
-10.254724
-14.051946
-15.980406
-16.17638
-14.82756
-20.018638
-19.806547
-18.809214
-20.555831
-18.35694
-17.590011
-17.181722
-19.104987
-16.362287
-18.480858
-21.434992
-17.134599
-20.409749
-18.013521
-16.199246
-18.311904
-18.877772
-20.104625
-19.0638
-17.458561
-19.987882
-20.081344
-19.105285
-18.664443
-18.796493
-17.226462
-18.965421
-16.090327
-17.482802
-15.538651
-20.425363
-17.002602
-15.849974
-17.42215
-15.655183
-12.89763
-14.438695
-13.136365
-17.161222
-16.018294
-16.162313
-15.989123
-14.559192
-15.787465
-18.641281
-18.065869
-17.720534
-17.52617
-14.545503
-9.9689886
-15.356558
-11.868316
-14.567811
-18.090346
-17.025051
-14.161364
-16.187983
-13.496033
-14.51759
-13.013405
-17.14895
-17.068592
-14.654749
-18.102627
-16.28514
-17.920322
-15.951093
-16.877792
-20.243349
-19.849898
-19.10197
-20.305155
-17.793222
-17.658707
-16.850832
-19.028121
-16.578388
-18.751408
-21.401663
-17.456725
-19.300387
-18.45791
-17.36209
-17.23378
-18.855983
-18.259465
-18.872884
-17.790963
-20.235242
-20.204387
-19.509999
-19.636331
-19.200304
-18.660389
-18.973388
-16.843857
-18.969844
-16.267147
-20.30757
-17.654774
-17.689046
-19.263419
-16.442435
-13.745752
-14.65281
-13.687708
-19.034385
-16.716219
-17.286252
-17.436544
-15.772019
-14.834039
-20.710314
-19.495435
-18.827399
-19.031694
-17.099205
-10.835219
-17.204732
-13.828687
-15.670596
-18.892926
-19.486457
-15.798941
-18.459688
-14.511532
-15.762565
-15.610281
-18.931702
-19.926853
-17.828879
-17.025709
-17.615656
-19.955319
-18.868064
-20.615543
-18.292139
-18.150842
-19.996767
-17.23321
-7.8199566
-7.0084559
-5.9140069
-11.259321
-13.318452
-9.7828824
-16.115604
-13.43258
-13.267686
-14.561613
-14.126307
-10.051009
-7.2973081
-13.045956
-11.780439
-9.2205023
-7.6074501
-6.7152577
-12.284267
-14.092924
-17.437606
-15.415732
-13.838859
-14.557778
-13.891458
-11.294627
-7.7995549
-13.748241
-11.647887
-15.176086
-12.695919
-12.798107
-18.837792
-15.631713
-18.853671
-15.945741
-18.473739
-16.012824
-18.07112
-15.491966
-18.883003
-17.032941
-17.99801
-16.489409
-13.468608
-12.784968
-10.987612
-10.950043
-12.607857
-10.99453
-10.945076
-8.6417447
-11.45372
-11.459543
-8.4515929
-11.029579
-10.641043
-15.007731
-15.930462
-14.590572
-17.78759
-16.072589
-11.642305
-17.700502
-14.54039
-15.382944
-16.024221
-14.582544
-18.498378
-15.810351
-11.81993
-18.047143
-13.914422
-8.6816984
-12.919466
-11.269377
-8.9501688
-12.620541
-11.768294
-7.2301106
-5.195565
-5.4921051
-3.5097353
-1.980555
-0.86760199
-1.0311185
-3.978033
-1.0838895
-1.0662297
-3.0246306
-5.1402482
-5.8189219
-8.3922005
-5.4657805
-1.0556978
-3.1057683
-3.3747874
-0.89779444
-1.8540582
-1.0814904
-1.086033
-1.0347918
-4.0290728
-3.2180133
-3.9979452
-1.0595135
-3.2500109
-5.3290222
-5.5318098
-8.739065
-5.6317757
-6.1965574
-4.6300942
-5.5065902
-4.6055904
-4.6821029
-7.3506813
-4.9306937
-12.038842
-3.3064434
-1.1246228
-3.104423
-6.7104953
-5.914288
-7.5852445
-5.8064639
-7.8284912
-6.477171
-8.2233525
-5.0834059
-6.1150386
-6.8191987
-8.1673821
-11.333835
-11.389539
-11.30667
-16.77414
-13.803493
-13.674945
-15.657215
-12.701978
-15.26273
-17.927777
-12.952646
-15.317541
-17.809558
-11.210401
-10.996929
-10.696058
-11.178369
-12.051954
-11.341
-13.89637
-15.280728
-12.936067
-13.467797
-13.757027
-11.691274
-14.694752
-16.984359
-10.93507
-10.324164
-11.288347
-13.543695
-10.910052
-11.324308
-10.715139
-13.368464
-15.926021
-15.537688
-13.912383
-9.6343991
-10.204237
-19.287064
-18.278353
-17.259004
-19.848929
-17.668427
-16.714321
-17.35082
-19.398581
-17.422
-17.818756
-20.413646
-17.845144
-20.551037
-17.241204
-17.04385
-18.437428
-18.985626
-19.997766
-18.287383
-17.478466
-19.12994
-19.839607
-18.697222
-18.212863
-18.972343
-17.727518
-18.718276
-16.566758
-17.300905
-15.936679
-19.919865
-16.634334
-15.238659
-14.148763
-13.284864
-18.814624
-16.14406
-16.747493
-17.050144
-15.829763
-15.638982
-19.081689
-18.987273
-16.444348
-18.360113
-18.761059
-17.113269
-17.19997
-11.394626
-15.987407
-18.967013
-13.279093
-19.029919
-15.060712
-17.106338
-17.443957
-17.884276
-13.679743
-15.34058
-14.191917
-16.889551
-18.264306
-15.39767
-17.257685
-17.810956
-19.624484
-18.682182
-18.499307
-17.402348
-17.566314
-19.299529
-17.784356
-8.9777688
-7.7296837
-6.2294927
-11.61613
-13.581856
-16.365946
-14.664964
-12.725649
-13.963709
-13.498441
-10.579669
-7.3534737
-12.863076
-10.22659
-9.738039
-8.7210159
-6.959981
-12.445144
-13.431838
-10.629383
-17.781217
-13.925735
-14.290081
-15.996287
-14.609095
-18.606388
-17.23711
-11.700175
-7.8975802
-14.006877
-12.332198
-14.542213
-11.469689
-12.452815
-16.153489
-14.804475
-17.797812
-19.631825
-19.476916
-19.568835
-20.130918
-18.379755
-16.004989
-17.062581
-17.822327
-17.111639
-15.660023
-14.922376
-18.810725
-17.677752
-17.060512
-16.271663
-11.032576
-12.64201
-20.471993
-20.281939
-19.96407
-21.440157
-19.195796
-18.300101
-16.978453
-19.250125
-16.145667
-19.136009
-22.163186
-16.845727
-21.731027
-18.938652
-17.129869
-19.670879
-18.915097
-18.973915
-21.522739
-18.570326
-18.348649
-20.940527
-20.20513
-19.851353
-19.038629
-17.978854
-19.361405
-16.697707
-18.575811
-17.06104
-18.658565
-15.33631
-20.756377
-17.792862
-17.312819
-19.240651
-17.179051
-14.699371
-15.121696
-19.95179
-17.062508
-17.768355
-18.021843
-16.089459
-16.943091
-18.537588
-20.004066
-18.419788
-11.34178
-19.191874
-17.306179
-14.629873
-17.626167
-20.362695
-16.203291
-20.32814
-19.196166
-14.495125
-15.650287
-15.492844
-19.442087
-18.425888
-18.525571
-19.510671
-17.770268
-19.544511
-18.058441
-18.709278
-20.449397
-19.386003
-19.661892
-11.638356
-10.728174
-13.377767
-11.038247
-10.86996
-8.5705507
-11.475778
-11.40998
-9.1415714
-11.793945
-10.573225
-16.17131
-16.317389
-15.729182
-18.527787
-16.509998
-11.384294
-14.450417
-16.030125
-16.143403
-15.678683
-18.224868
-16.269653
-11.687453
-14.580031
-8.5848414
-12.975746
-11.199752
-8.6125734
-12.997926
-11.591635
-3.5212437
-1.9246972
-0.94641979
-3.9038155
-1.1633008
-1.0349393
-3.8081325
-3.0536336
-5.1726905
-5.4011534
-8.2052927
-5.3351968
-4.7325728
-1.035105
-3.1021703
-3.482696
-0.88496371
-1.9088284
-1.0189114
-1.1267552
-1.0329378
-4.0282219
-3.070239
-3.7622345
-1.041771
-3.1106479
-5.2602584
-6.2520693
-8.6553449
-5.8335103
-6.4568277
-4.5114818
-5.6281003
-7.5133739
-5.3385017
-5.3092242
-7.4189444
-4.9812331
-4.9641145
-11.058788
-11.500531
-12.709165
-3.4074937
-1.149285
-3.4401586
-5.1813894
-6.6075102
-6.5031871
-6.7919846
-7.1855176
-8.1614925
-11.364042
-11.528823
-11.476037
-8.8443975
-16.658326
-14.408785
-13.36303
-15.649215
-13.202223
-14.71192
-13.982025
-16.259748
-17.213562
-15.475028
-12.50722
-14.394774
-14.245625
-14.918857
-17.911064
-10.769339
-10.184557
-11.291079
-13.84057
-11.170425
-11.666587
-10.85302
-8.2308116
-13.861512
-15.765068
-15.858979
-15.454265
-19.11397
-18.963141
-19.815161
-20.256676
-18.167361
-16.812536
-16.433733
-18.495951
-14.722308
-17.618922
-20.551443
-17.386071
-20.596971
-18.512768
-16.331821
-18.557028
-18.591298
-20.102068
-19.115914
-17.961698
-20.584058
-20.291479
-19.753629
-18.585508
-19.116624
-17.039191
-18.710219
-16.091055
-17.010189
-15.860993
-19.231459
-16.589603
-14.737188
-14.523595
-13.735428
-19.713557
-16.577997
-17.065703
-17.081548
-15.331265
-15.71959
-19.665509
-18.893215
-16.20231
-18.642767
-18.669352
-17.838641
-17.974899
-16.506012
-15.635788
-16.184076
-9.6225964
-15.122137
-18.607389
-12.62647
-18.552092
-14.482751
-16.160372
-12.50488
-14.321242
-13.23209
-15.583731
-14.695243
-16.643951
-17.356395
-19.062236
-18.065965
-17.527048
-19.269706
-16.818717
-16.843518
-20.122535
-18.048267
-7.6560291
-7.1315263
-5.6008838
-10.345481
-11.681971
-14.46218
-12.902522
-11.301771
-11.981329
-13.233137
-8.9698804
-6.4489682
-10.745736
-10.5542
-7.2643858
-6.6816075
-5.2129205
-10.134516
-11.481287
-14.343754
-11.280163
-11.610785
-13.055441
-14.136487
-15.490111
-15.518445
-8.4512154
-6.0456022
-10.451638
-10.130842
-12.391512
-10.576121
-10.586161
-15.899231
-15.909131
-16.281084
-18.834989
-18.930013
-19.560253
-15.801418
-13.270175
-15.854708
-13.509341
-17.653574
-16.857366
-16.619857
-17.65909
-16.766512
-18.259121
-17.662895
-11.29742
-10.660355
-19.635364
-19.899073
-21.80806
-21.199957
-19.015539
-17.693603
-16.440539
-18.492435
-15.702837
-18.195732
-21.288953
-18.263762
-20.649708
-20.274632
-18.166086
-18.626174
-19.733907
-20.108697
-19.70268
-19.127318
-19.250927
-22.414867
-20.133469
-20.775842
-18.260581
-18.001844
-19.413311
-18.633224
-18.7643
-16.403647
-16.866593
-16.073788
-19.591547
-17.505745
-16.713293
-18.469757
-17.084223
-14.237231
-14.90798
-18.988338
-16.889377
-17.470468
-16.386371
-17.884321
-15.510637
-16.987561
-21.032057
-19.37072
-18.666122
-18.623556
-17.223633
-16.637072
-14.226051
-14.890203
-13.635575
-17.388953
-19.301327
-17.450472
-19.283929
-17.564075
-19.262068
-18.075368
-19.828814
-19.025028
-19.425528
-3.3379038
-1.1460701
-3.4043557
-3.7002466
-6.6442268
-6.8690736
-7.4084894
-6.8642278
-7.887523
-5.8941449
-5.1253473
-6.4013075
-6.8668332
-7.7255094
-8.4610978
-6.571655
-5.217515
-11.275243
-11.486328
-11.275527
-10.773586
-13.799549
-10.536214
-10.069502
-10.768374
-12.396546
-16.314619
-14.163917
-12.911016
-15.549944
-14.985915
-16.454879
-14.630049
-12.07683
-11.100469
-13.632345
-10.595959
-9.8927071
-9.5700355
-9.2103233
-9.7951991
-13.308047
-10.719603
-12.313358
-10.363726
-3.3335473
-1.1068391
-3.2364783
-3.7661953
-6.5512957
-7.2147514
-7.2436131
-7.4014219
-8.2887346
-5.6183216
-5.171886
-6.0979621
-6.8179791
-7.8700806
-7.5687252
-6.4908721
-5.4766642
-11.056156
-11.305525
-11.2911
-8.5407949
-14.876351
-10.933059
-13.36189
-10.686119
-10.598027
-10.814109
-12.683221
-16.206564
-14.26214
-16.294625
-13.618869
-15.72524
-16.583313
-14.735472
-12.144842
-11.275088
-13.511584
-11.022936
-10.453657
-9.6188403
-9.9677965
-10.49706
-12.814694
-11.164625
-11.907703
-10.155342
-14.647679
-14.142811
-11.811324
-16.665735
-16.606631
-13.809418
-13.664158
-10.881715
-10.951262
-14.094571
-10.832182
-10.792949
-8.2720633
-11.385135
-11.486921
-8.6518469
-10.701174
-10.88163
-15.814684
-15.186007
-16.039249
-18.1291
-14.998098
-11.302258
-12.872182
-15.820396
-15.82476
-16.024427
-18.361985
-15.690227
-11.961309
-14.044204
-9.0897771
-12.747133
-11.426528
-9.1423422
-12.560191
-11.495789
-7.2255815
-4.3070226
-4.6141523
-3.461982
-0.95812989
-1.8673361
-1.1388515
-1.0674468
-3.7965593
-3.1958056
-1.029912
-3.2646191
-5.3857953
-5.7881613
-8.7734305
-5.5563748
-7.3659368
-4.4469488
-4.7137062
-3.3082931
-0.78754133
-1.8121123
-1.0440522
-1.048619
-3.9131226
-3.1340514
-1.0566213
-3.1225411
-5.330268
-5.8178038
-8.7082267
-5.58865
-5.0729023
-5.0827374
-10.949295
-11.780172
-8.8891399
-8.546015
-6.0705713
-12.604106
-11.174183
-15.471658
-12.963424
-12.220512
-14.226982
-9.7596335
-6.8086736
-11.548881
-11.207157
-13.787183
-17.509484
-15.674268
-8.254723
-7.230545
-5.7803066
-9.3979642
-12.354823
-6.3424272
-11.062346
-12.670662
-8.8446795
-11.12201
-13.568671
-15.837657
-15.588604
-12.021778
-15.694195
-14.654687
-15.320733
-16.16744
-15.94799
-18.644185
-19.615115
-18.61543
-20.184386
-16.291659
-14.250433
-17.420163
-16.66814
-17.545519
-14.938556
-17.914902
-16.18779
-16.887602
-16.813658
-15.900702
-13.73565
-19.099794
-18.531992
-18.358426
-19.784996
-17.576828
-17.653589
-18.118439
-19.891929
-16.327336
-17.41546
-20.012602
-18.483227
-19.89584
-17.931051
-18.660524
-18.173517
-18.562063
-20.104266
-19.483536
-19.699549
-18.524572
-20.118673
-20.772404
-20.193929
-18.500033
-18.396201
-19.973822
-17.965492
-19.502695
-16.105984
-16.800631
-15.63904
-19.460876
-17.456292
-15.587319
-17.319196
-16.803431
-14.967944
-12.903873
-17.057582
-17.52258
-18.575921
-15.004788
-16.801475
-19.159526
-18.660188
-15.014987
-16.586844
-19.09788
-18.686068
-17.532388
-18.919365
-11.112966
-16.704485
-17.326615
-19.909674
-13.127982
-14.756115
-19.502512
-18.015032
-17.687381
-17.268905
-13.316134
-14.475693
-14.149965
-18.473238
-17.298153
-18.985714
-18.32651
-16.906651
-18.289933
-20.029898
-16.807992
-20.209516
-19.758905
-19.234874
-20.519645
-18.517464
-18.096339
-17.687922
-20.009093
-17.046716
-18.757755
-21.297061
-18.641568
-20.894839
-18.514241
-17.576734
-18.950665
-19.108424
-19.364485
-20.43051
-19.324914
-18.149316
-20.471361
-20.268438
-20.083338
-18.65836
-18.113486
-19.209619
-18.894908
-18.942347
-16.746531
-17.77076
-14.939443
-19.204021
-17.760429
-17.338599
-19.120577
-16.8907
-15.164459
-14.363008
-13.669113
-16.920701
-17.126718
-18.038268
-17.231303
-18.709609
-18.958632
-15.982219
-16.601797
-20.66687
-18.948134
-19.520208
-19.883403
-18.383644
-17.592367
-18.174563
-11.458782
-16.5147
-19.568348
-13.849618
-15.372739
-19.676068
-17.629424
-17.961475
-18.648591
-13.671629
-15.556008
-14.07217
-18.889893
-20.622614
-18.61581
-20.380857
-17.457581
22.520613
31.706955
-12.750519
-10.498193
-9.7841022
-13.044066
-11.089963
-11.753141
-16.417776
-13.80306
-12.832422
-15.585873
-13.918835
-15.207123
-14.496004
23.888938
22.622323
20.851777
23.711599
22.735748
20.810362
22.743257
22.651495
25.524086
24.067348
23.031822
21.351456
24.037652
23.174521
21.206421
22.359185
24.264099
26.411854
24.442146
20.77755
23.28268
24.774027
20.982874
23.123079
23.433234
23.464446
24.755495
6.5840191
9.0498739
6.7775416
1.2792782
3.6565344
3.9627052
24.945048
22.824743
21.188843
24.727225
22.467082
20.804723
23.424904
24.638583
24.389313
6.6021792
9.0571128
6.6940108
1.2556143
3.6439954
3.8166405
-18.702452
-16.069602
-15.321808
-20.358361
-19.108867
-19.579182
-20.064203
-19.48246
-19.95114
-20.39269
-16.086547
-16.725138
-21.839386
-19.56248
-18.971464
-21.587561
-19.43354
-18.896653
-5.4997055
-6.6266354
-5.5298786
-20.033511
-15.737972
-15.06497
-21.88739
-19.948276
-20.27743
-21.820346
-20.22024
-19.9727
-5.4791915
-6.5167774
-5.370288
-19.406265
-15.579964
-15.0225
-20.983127
-19.37255
-18.617398
-21.000914
-20.1565
-19.52345
25.663822
28.261696
27.306013
27.459625
28.15537
28.661534
26.351073
-15.564279
-13.229589
-13.819813
-16.664892
29.16185
28.118169
36.019458
33.196369
36.84778
39.846063
39.274109
6.5416427
5.4631926
8.8680876
13.354486
20.538925
18.654936
14.110766
31.395489
30.775622
28.948939
27.862823
25.867908
25.371434
11.727237
11.877404
13.53797
11.320189
3.3165614
3.3076442
14.44774
10.980851
13.23851
14.112734
9.0966177
13.029403
8.5784326
7.0347745
11.328453
8.9232569
30.08486
32.968927
28.065041
23.54565
12.827391
19.525625
18.709188
21.347303
25.37291
17.59302
22.685702
19.71572
6.7854572
5.5452588
9.0989204
32.467749
26.822022
33.014883
36.511628
32.623989
32.537866
33.316953
31.912564
3.8232707
1.1940847
3.2448384
-11.917498
-11.434804
-13.285997
-10.117989
-9.3429016
-16.211237
-15.451442
-15.973212
-17.618713
-16.884533
-20.288009
-19.978137
-20.662183
-20.689027
-3.0740578
-3.0899981
-3.0690543
-3.0834663
-6.8219702
-7.6439175
-5.9471025
-8.2668484
-10.94011
-10.759656
-10.389226
-12.011746
-12.097105
-11.369217
-14.172649
-9.9515732
-10.744098
-15.391652
-16.418005
-10.402468
-17.359399
-13.354595
-15.944512
-16.050728
-14.217218
-13.672349
-14.238969
-11.291202
-13.976706
-13.476929
-15.496578
-17.12947
-16.072634
-15.620365
-13.248827
-14.468418
-3.0805063
-3.116332
-13.181762
-11.619973
-9.2999871
-11.197137
-10.208605
23.875491
23.912903
19.887983
22.70153
19.859241
25.728342
24.059328
24.32024
20.329605
24.255323
20.181667
26.412573
19.666608
23.320688
19.63502
24.301725
23.728069
23.48044
20.149712
24.603793
19.972901
24.503508
-16.025821
-17.730457
-15.408034
-18.270196
-21.224906
-21.714971
-16.170994
-18.402153
-16.629337
-18.011513
-20.546728
-20.512118
-15.827942
-18.383454
-14.982076
-18.60358
-21.831849
-21.539462
-15.641801
-18.153016
-15.067801
-18.871666
-19.986184
-20.974082
24.367234
24.169266
)
;
        value           nonuniform List<scalar> 
4872
(
105761.86
105761.71
105761.71
105761.71
105761.71
105761.58
105761.86
105761.86
105761.86
105761.72
105761.72
105761.72
105761.72
105761.72
105761.72
105761.72
105761.72
105761.71
105761.71
105761.58
105761.71
105761.58
105761.71
105761.58
105761.86
105761.86
105761.86
105761.86
105761.86
105761.72
105761.71
105761.69
105761.67
105761.69
105761.72
105761.71
105761.69
105761.67
105761.68
105761.71
105761.69
105761.71
105761.69
105761.58
105761.58
105761.86
105761.86
105761.86
105761.86
105761.86
105761.86
105761.75
105761.72
105761.75
105761.72
105761.75
105761.72
105761.86
105761.86
105761.86
105761.76
105761.72
105761.75
105761.76
105761.72
105761.75
105761.86
105761.86
105761.86
105761.76
105761.72
105761.75
105761.75
105761.76
105761.72
105761.72
105761.75
105761.75
105761.72
105761.86
105761.86
105761.86
105761.76
105761.72
105761.75
105761.75
105761.76
105761.72
105761.72
105761.75
105761.75
105761.76
105761.72
105761.72
105761.75
105761.75
105761.76
105761.72
105761.72
105761.75
105761.72
105761.69
105761.72
105761.69
105761.71
105761.67
105761.69
105761.71
105761.67
105761.69
105761.58
105761.58
105761.58
105761.58
105761.58
105761.72
105761.71
105761.69
105761.67
105761.68
105761.58
105761.58
105761.58
105761.58
105761.58
105761.71
105761.71
105761.69
105761.67
105761.68
105761.58
105761.58
105761.58
105761.58
105761.58
105761.71
105761.67
105761.68
105761.71
105761.67
105761.68
105761.58
105761.58
105761.58
105761.82
105761.82
105761.82
105761.8
105761.8
105761.8
105761.83
105761.84
105761.81
105761.8
105761.83
105761.83
105761.84
105761.81
105761.8
105761.8
105761.82
105761.82
105761.82
105761.82
105761.82
105761.82
105761.82
105761.8
105761.8
105761.8
105761.83
105761.84
105761.81
105761.8
105761.83
105761.83
105761.84
105761.82
105761.82
105761.82
105761.82
105761.81
105761.8
105761.8
105761.83
105761.82
105761.82
105761.86
105761.86
105761.86
105761.86
105761.83
105761.83
105761.85
105761.84
105761.84
105761.65
105761.65
105761.65
105761.65
105761.65
105761.65
105761.69
105761.69
105761.69
105761.69
105761.69
105761.69
105761.72
105761.72
105761.68
105761.67
105761.68
105761.68
105761.67
105761.68
105761.65
105761.65
105761.64
105761.71
105761.69
105761.67
105761.68
105761.65
105761.65
105761.68
105761.68
105761.65
105761.65
105761.65
105761.63
105761.71
105761.68
105761.67
105761.68
105761.65
105761.65
105761.68
105761.67
105761.64
105761.82
105761.82
105761.82
105761.8
105761.8
105761.8
105761.83
105761.84
105761.81
105761.8
105761.83
105761.83
105761.84
105761.81
105761.8
105761.8
105761.82
105761.82
105761.82
105761.82
105761.82
105761.82
105761.82
105761.8
105761.8
105761.8
105761.83
105761.84
105761.81
105761.8
105761.83
105761.83
105761.84
105761.81
105761.8
105761.8
105761.82
105761.82
105761.82
105761.82
105761.83
105761.86
105761.86
105761.86
105761.86
105761.83
105761.83
105761.85
105761.84
105761.84
105761.79
105761.79
105761.79
105761.79
105761.79
105761.79
105761.75
105761.75
105761.75
105761.75
105761.76
105761.77
105761.76
105761.76
105761.77
105761.76
105761.75
105761.75
105761.72
105761.72
105761.79
105761.76
105761.76
105761.72
105761.75
105761.79
105761.79
105761.76
105761.79
105761.76
105761.79
105761.76
105761.76
105761.72
105761.75
105761.79
105761.79
105761.76
105761.79
105761.76
105761.83
105761.82
105761.86
105761.86
105761.86
105761.86
105761.83
105761.83
105761.84
105761.85
105761.84
105761.82
105761.82
105761.8
105761.8
105761.8
105761.83
105761.84
105761.81
105761.8
105761.83
105761.83
105761.84
105761.81
105761.8
105761.8
105761.82
105761.82
105761.82
105761.82
105761.79
105761.79
105761.76
105761.76
105761.72
105761.75
105761.79
105761.79
105761.79
105761.76
105761.76
105761.79
105761.79
105761.79
105761.79
105761.79
105761.75
105761.75
105761.75
105761.75
105761.76
105761.77
105761.76
105761.76
105761.77
105761.76
105761.75
105761.75
105761.72
105761.72
105761.79
105761.76
105761.76
105761.72
105761.75
105761.79
105761.79
105761.79
105761.76
105761.76
105761.83
105761.82
105761.86
105761.86
105761.86
105761.86
105761.83
105761.83
105761.84
105761.85
105761.84
105761.82
105761.82
105761.8
105761.8
105761.8
105761.83
105761.84
105761.81
105761.8
105761.83
105761.83
105761.84
105761.82
105761.82
105761.82
105761.82
105761.8
105761.8
105761.8
105761.79
105761.79
105761.76
105761.76
105761.72
105761.75
105761.79
105761.79
105761.79
105761.76
105761.76
105761.79
105761.79
105761.79
105761.79
105761.79
105761.75
105761.75
105761.75
105761.75
105761.76
105761.77
105761.76
105761.76
105761.77
105761.76
105761.75
105761.75
105761.72
105761.72
105761.79
105761.76
105761.76
105761.72
105761.75
105761.79
105761.79
105761.79
105761.76
105761.76
105761.82
105761.82
105761.8
105761.8
105761.8
105761.83
105761.84
105761.81
105761.8
105761.83
105761.83
105761.84
105761.82
105761.82
105761.82
105761.82
105761.8
105761.8
105761.8
105761.82
105761.82
105761.8
105761.8
105761.8
105761.83
105761.84
105761.81
105761.8
105761.83
105761.83
105761.84
105761.82
105761.82
105761.82
105761.82
105761.8
105761.8
105761.8
105761.79
105761.79
105761.76
105761.76
105761.72
105761.75
105761.79
105761.79
105761.79
105761.76
105761.76
105761.79
105761.79
105761.76
105761.76
105761.72
105761.75
105761.79
105761.79
105761.79
105761.76
105761.76
105761.79
105761.79
105761.79
105761.79
105761.75
105761.75
105761.75
105761.75
105761.76
105761.77
105761.76
105761.76
105761.77
105761.76
105761.75
105761.75
105761.72
105761.72
105761.65
105761.64
105761.71
105761.69
105761.67
105761.68
105761.65
105761.65
105761.68
105761.68
105761.65
105761.65
105761.64
105761.71
105761.69
105761.67
105761.68
105761.65
105761.65
105761.68
105761.68
105761.65
105761.64
105761.64
105761.61
105761.61
105761.61
105761.63
105761.64
105761.59
105761.59
105761.63
105761.64
105761.64
105761.61
105761.61
105761.61
105761.61
105761.6
105761.6
105761.59
105761.64
105761.64
105761.61
105761.61
105761.61
105761.63
105761.64
105761.6
105761.59
105761.63
105761.64
105761.64
105761.61
105761.61
105761.61
105761.61
105761.6
105761.6
105761.59
105761.6
105761.58
105761.58
105761.58
105761.58
105761.6
105761.6
105761.59
105761.59
105761.58
105761.65
105761.65
105761.65
105761.65
105761.65
105761.69
105761.69
105761.69
105761.69
105761.69
105761.69
105761.71
105761.71
105761.68
105761.67
105761.68
105761.68
105761.67
105761.68
105761.65
105761.64
105761.71
105761.69
105761.67
105761.68
105761.65
105761.65
105761.68
105761.65
105761.68
105761.64
105761.64
105761.61
105761.61
105761.61
105761.63
105761.64
105761.6
105761.59
105761.63
105761.64
105761.64
105761.61
105761.61
105761.61
105761.61
105761.6
105761.6
105761.59
105761.6
105761.61
105761.58
105761.58
105761.58
105761.58
105761.6
105761.6
105761.59
105761.59
105761.58
105761.64
105761.64
105761.61
105761.61
105761.63
105761.64
105761.6
105761.59
105761.63
105761.64
105761.64
105761.61
105761.61
105761.61
105761.61
105761.6
105761.6
105761.59
105761.65
105761.65
105761.65
105761.65
105761.65
105761.68
105761.68
105761.68
105761.68
105761.69
105761.69
105761.71
105761.71
105761.67
105761.67
105761.68
105761.67
105761.66
105761.68
105761.65
105761.63
105761.71
105761.68
105761.67
105761.67
105761.65
105761.65
105761.67
105761.64
105761.68
105761.63
105761.63
105761.6
105761.6
105761.6
105761.62
105761.64
105761.59
105761.59
105761.61
105761.61
105761.61
105761.61
105761.63
105761.63
105761.64
105761.6
105761.59
105761.59
105761.59
105761.6
105761.58
105761.58
105761.58
105761.58
105761.59
105761.59
105761.59
105761.59
105761.58
105761.63
105761.63
105761.6
105761.6
105761.62
105761.63
105761.59
105761.59
105761.61
105761.6
105761.6
105761.6
105761.63
105761.63
105761.63
105761.59
105761.59
105761.59
105761.65
105761.65
105761.64
105761.71
105761.69
105761.67
105761.68
105761.65
105761.65
105761.68
105761.68
105761.65
105761.65
105761.65
105761.64
105761.71
105761.68
105761.67
105761.67
105761.65
105761.65
105761.68
105761.67
105761.64
105761.65
105761.65
105761.65
105761.65
105761.68
105761.69
105761.68
105761.68
105761.69
105761.69
105761.71
105761.71
105761.67
105761.67
105761.68
105761.67
105761.67
105761.68
105761.6
105761.6
105761.6
105761.58
105761.58
105761.58
105761.58
105761.59
105761.59
105761.58
105761.59
105761.59
105761.64
105761.64
105761.6
105761.6
105761.63
105761.64
105761.59
105761.59
105761.61
105761.61
105761.61
105761.61
105761.63
105761.64
105761.64
105761.6
105761.59
105761.59
105761.63
105761.64
105761.6
105761.6
105761.62
105761.64
105761.59
105761.59
105761.61
105761.61
105761.6
105761.6
105761.63
105761.63
105761.64
105761.59
105761.59
105761.59
105761.86
105761.86
105761.86
105761.71
105761.71
105761.71
105761.71
105761.71
105761.71
105761.71
105761.71
105761.71
105761.71
105761.7
105761.7
105761.58
105761.58
105761.58
105761.86
105761.86
105761.86
105761.86
105761.86
105761.86
105761.86
105761.86
105761.86
105761.73
105761.72
105761.73
105761.73
105761.72
105761.73
105761.73
105761.72
105761.73
105761.73
105761.72
105761.73
105761.73
105761.72
105761.73
105761.73
105761.72
105761.73
105761.73
105761.72
105761.73
105761.73
105761.72
105761.73
105761.71
105761.71
105761.71
105761.71
105761.71
105761.71
105761.58
105761.58
105761.58
105761.71
105761.71
105761.71
105761.58
105761.58
105761.58
105761.71
105761.7
105761.7
105761.58
105761.58
105761.58
105761.8
105761.85
105761.85
105761.85
105761.85
105761.85
105761.85
105761.85
105761.85
105761.85
105761.85
105761.85
105761.85
105761.85
105761.85
105761.85
105761.65
105761.65
105761.72
105761.71
105761.71
105761.69
105761.72
105761.71
105761.71
105761.71
105761.66
105761.65
105761.66
105761.66
105761.65
105761.65
105761.65
105761.71
105761.7
105761.69
105761.71
105761.71
105761.71
105761.7
105761.66
105761.65
105761.65
105761.66
105761.65
105761.64
105761.64
105761.85
105761.82
105761.81
105761.85
105761.8
105761.85
105761.85
105761.85
105761.85
105761.85
105761.85
105761.85
105761.85
105761.85
105761.85
105761.85
105761.85
105761.85
105761.85
105761.79
105761.79
105761.73
105761.73
105761.78
105761.79
105761.78
105761.78
105761.79
105761.79
105761.79
105761.73
105761.73
105761.74
105761.73
105761.72
105761.72
105761.73
105761.78
105761.79
105761.78
105761.78
105761.79
105761.79
105761.79
105761.73
105761.73
105761.74
105761.73
105761.72
105761.72
105761.73
105761.85
105761.85
105761.85
105761.85
105761.85
105761.85
105761.85
105761.85
105761.85
105761.85
105761.85
105761.85
105761.85
105761.85
105761.84
105761.8
105761.79
105761.78
105761.78
105761.78
105761.79
105761.79
105761.79
105761.73
105761.73
105761.74
105761.72
105761.72
105761.72
105761.73
105761.79
105761.79
105761.72
105761.72
105761.79
105761.78
105761.78
105761.78
105761.79
105761.79
105761.79
105761.73
105761.73
105761.74
105761.72
105761.72
105761.72
105761.73
105761.85
105761.85
105761.85
105761.85
105761.85
105761.85
105761.85
105761.85
105761.85
105761.85
105761.85
105761.85
105761.85
105761.85
105761.84
105761.79
105761.78
105761.78
105761.78
105761.79
105761.79
105761.79
105761.73
105761.73
105761.74
105761.72
105761.72
105761.72
105761.73
105761.79
105761.79
105761.72
105761.79
105761.78
105761.78
105761.78
105761.79
105761.79
105761.79
105761.73
105761.73
105761.74
105761.72
105761.72
105761.72
105761.73
105761.8
105761.84
105761.79
105761.79
105761.78
105761.78
105761.78
105761.79
105761.79
105761.79
105761.73
105761.73
105761.74
105761.72
105761.72
105761.72
105761.73
105761.79
105761.78
105761.78
105761.78
105761.79
105761.79
105761.79
105761.73
105761.73
105761.74
105761.72
105761.72
105761.72
105761.73
105761.72
105761.72
105761.71
105761.71
105761.69
105761.72
105761.71
105761.71
105761.71
105761.66
105761.65
105761.66
105761.66
105761.65
105761.65
105761.65
105761.71
105761.71
105761.7
105761.72
105761.72
105761.72
105761.71
105761.66
105761.65
105761.66
105761.66
105761.65
105761.65
105761.65
105761.63
105761.62
105761.59
105761.63
105761.62
105761.59
105761.58
105761.58
105761.58
105761.59
105761.58
105761.58
105761.58
105761.71
105761.71
105761.69
105761.72
105761.71
105761.71
105761.71
105761.65
105761.66
105761.66
105761.66
105761.65
105761.65
105761.65
105761.63
105761.62
105761.59
105761.58
105761.59
105761.58
105761.59
105761.58
105761.58
105761.58
105761.64
105761.64
105761.64
105761.72
105761.7
105761.7
105761.69
105761.71
105761.71
105761.71
105761.7
105761.65
105761.66
105761.65
105761.66
105761.65
105761.64
105761.64
105761.62
105761.61
105761.59
105761.58
105761.59
105761.58
105761.59
105761.58
105761.58
105761.58
105761.58
105761.58
105761.58
105761.58
105761.58
105761.58
105761.58
105761.63
105761.71
105761.7
105761.69
105761.71
105761.71
105761.71
105761.7
105761.66
105761.65
105761.66
105761.66
105761.65
105761.65
105761.65
105761.71
105761.7
105761.69
105761.71
105761.71
105761.71
105761.7
105761.66
105761.65
105761.65
105761.66
105761.65
105761.64
105761.64
105761.64
105761.64
105761.72
105761.71
105761.58
105761.58
105761.58
105761.58
105761.58
105761.58
105761.58
105761.58
105761.58
105761.58
105761.58
105761.58
105761.58
105761.58
105761.64
105761.59
105761.82
105761.8
105761.8
105761.86
105761.86
105761.86
105761.86
105761.86
105761.86
105761.86
105761.86
105761.86
105761.86
105761.86
105761.86
105761.86
105761.86
105761.86
105761.72
105761.69
105761.71
105761.71
105761.71
105761.7
105761.68
105761.69
105761.67
105761.7
105761.69
105761.69
105761.68
105761.68
105761.7
105761.71
105761.69
105761.71
105761.71
105761.71
105761.7
105761.68
105761.69
105761.67
105761.7
105761.69
105761.69
105761.68
105761.68
105761.7
105761.71
105761.71
105761.71
105761.7
105761.69
105761.7
105761.71
105761.71
105761.7
105761.7
105761.58
105761.58
105761.58
105761.58
105761.58
105761.58
105761.86
105761.86
105761.86
105761.86
105761.86
105761.86
105761.86
105761.86
105761.86
105761.86
105761.86
105761.86
105761.86
105761.86
105761.86
105761.86
105761.86
105761.86
105761.86
105761.74
105761.75
105761.74
105761.72
105761.73
105761.73
105761.74
105761.74
105761.75
105761.74
105761.72
105761.73
105761.73
105761.74
105761.75
105761.74
105761.72
105761.73
105761.73
105761.74
105761.86
105761.86
105761.86
105761.86
105761.86
105761.86
105761.86
105761.86
105761.86
105761.75
105761.76
105761.74
105761.73
105761.75
105761.75
105761.74
105761.74
105761.75
105761.76
105761.74
105761.73
105761.75
105761.75
105761.74
105761.74
105761.82
105761.8
105761.8
105761.86
105761.86
105761.86
105761.86
105761.86
105761.86
105761.86
105761.86
105761.75
105761.76
105761.74
105761.73
105761.75
105761.75
105761.74
105761.74
105761.74
105761.74
105761.75
105761.75
105761.76
105761.74
105761.72
105761.74
105761.73
105761.73
105761.73
105761.75
105761.75
105761.74
105761.74
105761.74
105761.74
105761.75
105761.74
105761.72
105761.73
105761.73
105761.86
105761.86
105761.86
105761.86
105761.86
105761.86
105761.86
105761.86
105761.86
105761.82
105761.79
105761.79
105761.75
105761.76
105761.74
105761.73
105761.75
105761.75
105761.74
105761.74
105761.74
105761.75
105761.75
105761.75
105761.74
105761.74
105761.74
105761.74
105761.82
105761.79
105761.79
105761.74
105761.75
105761.75
105761.76
105761.74
105761.72
105761.74
105761.73
105761.73
105761.73
105761.75
105761.75
105761.74
105761.74
105761.74
105761.75
105761.75
105761.75
105761.74
105761.74
105761.74
105761.74
105761.72
105761.71
105761.71
105761.7
105761.69
105761.7
105761.7
105761.72
105761.71
105761.71
105761.7
105761.69
105761.7
105761.69
105761.71
105761.68
105761.67
105761.69
105761.69
105761.68
105761.68
105761.69
105761.71
105761.68
105761.67
105761.69
105761.69
105761.68
105761.68
105761.7
105761.64
105761.64
105761.62
105761.58
105761.58
105761.58
105761.58
105761.58
105761.58
105761.58
105761.58
105761.58
105761.58
105761.58
105761.58
105761.58
105761.58
105761.58
105761.71
105761.69
105761.71
105761.7
105761.71
105761.7
105761.68
105761.69
105761.67
105761.7
105761.69
105761.69
105761.68
105761.68
105761.7
105761.64
105761.64
105761.61
105761.58
105761.58
105761.58
105761.58
105761.58
105761.58
105761.58
105761.58
105761.58
105761.58
105761.58
105761.58
105761.58
105761.58
105761.58
105761.71
105761.69
105761.71
105761.7
105761.7
105761.69
105761.69
105761.68
105761.68
105761.68
105761.7
105761.58
105761.58
105761.58
105761.58
105761.58
105761.58
105761.58
105761.58
105761.58
105761.58
105761.58
105761.58
105761.58
105761.58
105761.58
105761.64
105761.64
105761.61
105761.69
105761.7
105761.68
105761.67
105761.69
105761.69
105761.68
105761.68
105761.7
105761.69
105761.7
105761.69
105761.69
105761.68
105761.68
105761.68
105761.58
105761.58
105761.58
105761.58
105761.58
105761.58
105761.58
105761.58
105761.58
105761.64
105761.64
105761.61
105761.82
105761.81
105761.82
105761.82
105761.82
105761.82
105761.82
105761.81
105761.82
105761.82
105761.81
105761.82
105761.82
105761.81
105761.82
105761.82
105761.83
105761.82
105761.82
105761.81
105761.81
105761.81
105761.81
105761.81
105761.8
105761.81
105761.81
105761.83
105761.83
105761.83
105761.81
105761.8
105761.8
105761.84
105761.84
105761.84
105761.85
105761.84
105761.83
105761.84
105761.83
105761.84
105761.83
105761.83
105761.84
105761.83
105761.83
105761.84
105761.84
105761.83
105761.84
105761.81
105761.81
105761.81
105761.8
105761.8
105761.8
105761.81
105761.81
105761.8
105761.81
105761.8
105761.8
105761.81
105761.81
105761.8
105761.8
105761.8
105761.83
105761.8
105761.8
105761.82
105761.82
105761.83
105761.83
105761.82
105761.82
105761.81
105761.81
105761.82
105761.81
105761.81
105761.82
105761.82
105761.82
105761.81
105761.81
105761.81
105761.82
105761.81
105761.81
105761.81
105761.81
105761.81
105761.8
105761.8
105761.81
105761.81
105761.83
105761.83
105761.83
105761.82
105761.81
105761.8
105761.8
105761.84
105761.84
105761.84
105761.84
105761.83
105761.84
105761.83
105761.84
105761.83
105761.83
105761.84
105761.83
105761.83
105761.84
105761.84
105761.83
105761.84
105761.81
105761.81
105761.81
105761.8
105761.8
105761.8
105761.8
105761.81
105761.81
105761.8
105761.81
105761.8
105761.81
105761.81
105761.8
105761.81
105761.81
105761.8
105761.8
105761.8
105761.83
105761.82
105761.82
105761.83
105761.83
105761.82
105761.82
105761.8
105761.8
105761.86
105761.86
105761.86
105761.85
105761.85
105761.85
105761.85
105761.85
105761.85
105761.85
105761.86
105761.85
105761.85
105761.84
105761.84
105761.84
105761.86
105761.86
105761.86
105761.85
105761.85
105761.85
105761.85
105761.85
105761.85
105761.84
105761.85
105761.86
105761.85
105761.85
105761.84
105761.84
105761.84
105761.85
105761.85
105761.85
105761.84
105761.84
105761.84
105761.84
105761.83
105761.84
105761.83
105761.84
105761.85
105761.85
105761.85
105761.84
105761.84
105761.83
105761.84
105761.84
105761.84
105761.84
105761.83
105761.84
105761.85
105761.67
105761.67
105761.66
105761.68
105761.68
105761.68
105761.68
105761.68
105761.68
105761.67
105761.67
105761.65
105761.66
105761.66
105761.65
105761.66
105761.66
105761.66
105761.65
105761.66
105761.66
105761.65
105761.66
105761.66
105761.66
105761.68
105761.67
105761.67
105761.68
105761.67
105761.67
105761.69
105761.7
105761.7
105761.71
105761.72
105761.7
105761.72
105761.72
105761.72
105761.7
105761.71
105761.7
105761.72
105761.71
105761.7
105761.69
105761.69
105761.7
105761.69
105761.7
105761.71
105761.72
105761.71
105761.72
105761.72
105761.7
105761.71
105761.7
105761.72
105761.71
105761.7
105761.69
105761.69
105761.7
105761.69
105761.7
105761.7
105761.7
105761.7
105761.69
105761.7
105761.71
105761.71
105761.66
105761.67
105761.66
105761.67
105761.71
105761.71
105761.7
105761.7
105761.69
105761.69
105761.69
105761.69
105761.68
105761.7
105761.7
105761.7
105761.69
105761.68
105761.68
105761.69
105761.69
105761.67
105761.66
105761.67
105761.66
105761.66
105761.65
105761.66
105761.66
105761.65
105761.64
105761.67
105761.68
105761.67
105761.67
105761.65
105761.64
105761.64
105761.67
105761.68
105761.67
105761.66
105761.66
105761.66
105761.66
105761.66
105761.65
105761.64
105761.67
105761.68
105761.66
105761.66
105761.68
105761.67
105761.67
105761.67
105761.67
105761.68
105761.65
105761.65
105761.64
105761.65
105761.7
105761.71
105761.7
105761.69
105761.69
105761.69
105761.68
105761.68
105761.69
105761.7
105761.7
105761.69
105761.67
105761.68
105761.68
105761.69
105761.66
105761.66
105761.67
105761.64
105761.66
105761.65
105761.65
105761.66
105761.65
105761.65
105761.67
105761.67
105761.67
105761.66
105761.64
105761.64
105761.64
105761.66
105761.67
105761.66
105761.67
105761.66
105761.66
105761.66
105761.67
105761.66
105761.66
105761.67
105761.68
105761.65
105761.66
105761.66
105761.65
105761.63
105761.65
105761.66
105761.82
105761.81
105761.82
105761.82
105761.82
105761.82
105761.82
105761.81
105761.82
105761.82
105761.81
105761.82
105761.82
105761.82
105761.82
105761.82
105761.83
105761.82
105761.82
105761.81
105761.81
105761.81
105761.81
105761.81
105761.8
105761.81
105761.81
105761.83
105761.83
105761.83
105761.81
105761.8
105761.8
105761.84
105761.84
105761.84
105761.84
105761.83
105761.84
105761.83
105761.84
105761.83
105761.83
105761.84
105761.83
105761.83
105761.84
105761.84
105761.83
105761.84
105761.81
105761.81
105761.81
105761.8
105761.8
105761.8
105761.8
105761.81
105761.81
105761.8
105761.81
105761.8
105761.81
105761.81
105761.8
105761.81
105761.81
105761.8
105761.8
105761.8
105761.83
105761.8
105761.8
105761.82
105761.82
105761.83
105761.83
105761.82
105761.82
105761.82
105761.81
105761.82
105761.82
105761.82
105761.82
105761.82
105761.81
105761.82
105761.82
105761.81
105761.82
105761.82
105761.82
105761.82
105761.82
105761.83
105761.82
105761.81
105761.81
105761.81
105761.81
105761.81
105761.8
105761.81
105761.81
105761.8
105761.8
105761.83
105761.83
105761.83
105761.84
105761.84
105761.84
105761.84
105761.83
105761.84
105761.83
105761.84
105761.83
105761.83
105761.84
105761.83
105761.83
105761.84
105761.84
105761.84
105761.81
105761.81
105761.81
105761.8
105761.8
105761.8
105761.81
105761.81
105761.8
105761.81
105761.8
105761.81
105761.81
105761.8
105761.81
105761.81
105761.8
105761.8
105761.8
105761.83
105761.83
105761.83
105761.83
105761.83
105761.8
105761.8
105761.82
105761.82
105761.86
105761.86
105761.86
105761.85
105761.85
105761.85
105761.85
105761.85
105761.85
105761.85
105761.86
105761.85
105761.85
105761.84
105761.86
105761.86
105761.86
105761.85
105761.85
105761.85
105761.85
105761.85
105761.85
105761.85
105761.86
105761.85
105761.85
105761.84
105761.84
105761.84
105761.84
105761.84
105761.83
105761.84
105761.84
105761.85
105761.84
105761.85
105761.84
105761.84
105761.84
105761.84
105761.84
105761.84
105761.77
105761.77
105761.78
105761.76
105761.76
105761.76
105761.76
105761.76
105761.76
105761.77
105761.77
105761.79
105761.78
105761.78
105761.79
105761.78
105761.78
105761.78
105761.79
105761.78
105761.78
105761.79
105761.78
105761.78
105761.78
105761.76
105761.77
105761.77
105761.76
105761.77
105761.77
105761.75
105761.74
105761.74
105761.73
105761.72
105761.73
105761.72
105761.72
105761.73
105761.73
105761.73
105761.72
105761.73
105761.74
105761.75
105761.75
105761.75
105761.74
105761.74
105761.75
105761.74
105761.74
105761.73
105761.73
105761.73
105761.73
105761.72
105761.73
105761.73
105761.73
105761.72
105761.73
105761.74
105761.75
105761.75
105761.75
105761.74
105761.74
105761.78
105761.77
105761.78
105761.74
105761.74
105761.73
105761.73
105761.77
105761.77
105761.76
105761.78
105761.78
105761.79
105761.79
105761.78
105761.78
105761.77
105761.76
105761.77
105761.77
105761.79
105761.73
105761.72
105761.73
105761.74
105761.74
105761.75
105761.74
105761.75
105761.75
105761.76
105761.77
105761.77
105761.76
105761.78
105761.78
105761.78
105761.79
105761.78
105761.77
105761.76
105761.77
105761.76
105761.76
105761.79
105761.78
105761.79
105761.79
105761.78
105761.77
105761.77
105761.76
105761.77
105761.77
105761.76
105761.77
105761.78
105761.76
105761.77
105761.77
105761.78
105761.73
105761.72
105761.73
105761.74
105761.74
105761.75
105761.74
105761.75
105761.75
105761.74
105761.74
105761.75
105761.76
105761.76
105761.77
105761.77
105761.76
105761.78
105761.78
105761.78
105761.79
105761.78
105761.78
105761.78
105761.77
105761.76
105761.77
105761.76
105761.79
105761.79
105761.79
105761.79
105761.77
105761.77
105761.77
105761.76
105761.86
105761.86
105761.86
105761.85
105761.85
105761.85
105761.85
105761.85
105761.85
105761.84
105761.85
105761.86
105761.85
105761.85
105761.86
105761.86
105761.86
105761.85
105761.85
105761.85
105761.85
105761.85
105761.85
105761.85
105761.86
105761.85
105761.85
105761.84
105761.84
105761.84
105761.85
105761.85
105761.85
105761.84
105761.84
105761.84
105761.84
105761.83
105761.84
105761.83
105761.84
105761.85
105761.84
105761.84
105761.84
105761.85
105761.85
105761.84
105761.84
105761.84
105761.83
105761.84
105761.85
105761.82
105761.81
105761.81
105761.82
105761.82
105761.82
105761.81
105761.81
105761.81
105761.82
105761.81
105761.82
105761.82
105761.81
105761.82
105761.82
105761.83
105761.82
105761.82
105761.81
105761.81
105761.81
105761.81
105761.81
105761.8
105761.81
105761.81
105761.83
105761.83
105761.83
105761.81
105761.8
105761.8
105761.84
105761.84
105761.84
105761.84
105761.84
105761.83
105761.84
105761.83
105761.84
105761.83
105761.83
105761.84
105761.83
105761.81
105761.81
105761.81
105761.8
105761.8
105761.8
105761.8
105761.8
105761.81
105761.81
105761.8
105761.8
105761.81
105761.81
105761.8
105761.8
105761.8
105761.8
105761.83
105761.82
105761.82
105761.83
105761.77
105761.77
105761.76
105761.78
105761.79
105761.79
105761.79
105761.78
105761.77
105761.78
105761.76
105761.77
105761.77
105761.78
105761.73
105761.72
105761.73
105761.74
105761.74
105761.75
105761.75
105761.75
105761.74
105761.73
105761.74
105761.74
105761.75
105761.76
105761.76
105761.75
105761.74
105761.77
105761.77
105761.76
105761.78
105761.78
105761.78
105761.79
105761.78
105761.78
105761.78
105761.78
105761.77
105761.76
105761.79
105761.79
105761.79
105761.77
105761.76
105761.77
105761.77
105761.77
105761.76
105761.77
105761.77
105761.78
105761.76
105761.76
105761.76
105761.76
105761.76
105761.76
105761.77
105761.77
105761.79
105761.78
105761.78
105761.79
105761.78
105761.78
105761.78
105761.79
105761.78
105761.78
105761.79
105761.78
105761.78
105761.78
105761.75
105761.74
105761.74
105761.73
105761.73
105761.72
105761.73
105761.72
105761.72
105761.73
105761.74
105761.75
105761.75
105761.74
105761.72
105761.73
105761.75
105761.74
105761.74
105761.73
105761.73
105761.72
105761.73
105761.72
105761.72
105761.73
105761.73
105761.74
105761.75
105761.75
105761.75
105761.74
105761.74
105761.72
105761.73
105761.76
105761.77
105761.77
105761.78
105761.74
105761.74
105761.77
105761.77
105761.76
105761.78
105761.79
105761.79
105761.79
105761.78
105761.77
105761.78
105761.76
105761.77
105761.78
105761.77
105761.73
105761.72
105761.73
105761.74
105761.74
105761.75
105761.74
105761.75
105761.75
105761.76
105761.74
105761.74
105761.75
105761.76
105761.78
105761.78
105761.78
105761.79
105761.8
105761.78
105761.78
105761.78
105761.79
105761.79
105761.79
105761.86
105761.86
105761.86
105761.85
105761.85
105761.85
105761.85
105761.85
105761.85
105761.84
105761.85
105761.86
105761.85
105761.85
105761.86
105761.86
105761.86
105761.85
105761.85
105761.85
105761.85
105761.85
105761.85
105761.85
105761.86
105761.85
105761.85
105761.84
105761.84
105761.84
105761.85
105761.85
105761.85
105761.84
105761.84
105761.84
105761.84
105761.83
105761.84
105761.83
105761.84
105761.85
105761.84
105761.84
105761.84
105761.84
105761.85
105761.85
105761.85
105761.84
105761.84
105761.83
105761.84
105761.82
105761.81
105761.81
105761.82
105761.82
105761.82
105761.81
105761.81
105761.81
105761.82
105761.81
105761.82
105761.82
105761.81
105761.82
105761.82
105761.83
105761.81
105761.82
105761.81
105761.81
105761.81
105761.81
105761.8
105761.8
105761.81
105761.81
105761.81
105761.8
105761.8
105761.83
105761.83
105761.83
105761.84
105761.84
105761.84
105761.84
105761.84
105761.83
105761.84
105761.83
105761.84
105761.83
105761.83
105761.84
105761.83
105761.83
105761.81
105761.81
105761.81
105761.81
105761.81
105761.81
105761.81
105761.82
105761.82
105761.82
105761.82
105761.79
105761.8
105761.77
105761.77
105761.76
105761.78
105761.79
105761.79
105761.79
105761.78
105761.77
105761.78
105761.76
105761.77
105761.77
105761.78
105761.73
105761.72
105761.73
105761.74
105761.74
105761.75
105761.75
105761.75
105761.74
105761.74
105761.74
105761.75
105761.76
105761.76
105761.75
105761.74
105761.77
105761.77
105761.76
105761.78
105761.78
105761.78
105761.79
105761.78
105761.78
105761.78
105761.78
105761.77
105761.76
105761.79
105761.79
105761.79
105761.77
105761.76
105761.77
105761.77
105761.77
105761.76
105761.77
105761.77
105761.78
105761.76
105761.76
105761.76
105761.76
105761.76
105761.76
105761.77
105761.77
105761.79
105761.78
105761.78
105761.79
105761.78
105761.78
105761.78
105761.79
105761.78
105761.78
105761.79
105761.78
105761.78
105761.78
105761.76
105761.77
105761.77
105761.76
105761.77
105761.77
105761.73
105761.73
105761.72
105761.72
105761.73
105761.72
105761.72
105761.73
105761.73
105761.74
105761.75
105761.75
105761.74
105761.74
105761.72
105761.73
105761.75
105761.74
105761.74
105761.73
105761.73
105761.72
105761.73
105761.72
105761.72
105761.73
105761.73
105761.74
105761.75
105761.75
105761.75
105761.74
105761.74
105761.72
105761.73
105761.78
105761.77
105761.75
105761.74
105761.74
105761.74
105761.73
105761.73
105761.77
105761.77
105761.76
105761.76
105761.8
105761.78
105761.78
105761.79
105761.79
105761.78
105761.78
105761.79
105761.8
105761.8
105761.77
105761.76
105761.77
105761.77
105761.73
105761.72
105761.73
105761.73
105761.74
105761.74
105761.75
105761.74
105761.75
105761.75
105761.76
105761.77
105761.77
105761.76
105761.78
105761.78
105761.78
105761.79
105761.78
105761.78
105761.78
105761.79
105761.79
105761.79
105761.77
105761.77
105761.77
105761.76
105761.76
105761.77
105761.76
105761.76
105761.82
105761.81
105761.81
105761.82
105761.82
105761.82
105761.81
105761.81
105761.81
105761.82
105761.81
105761.82
105761.82
105761.81
105761.82
105761.82
105761.83
105761.81
105761.82
105761.81
105761.81
105761.81
105761.81
105761.8
105761.8
105761.81
105761.81
105761.83
105761.83
105761.83
105761.81
105761.8
105761.8
105761.84
105761.83
105761.83
105761.84
105761.83
105761.81
105761.81
105761.81
105761.8
105761.8
105761.8
105761.8
105761.81
105761.8
105761.81
105761.8
105761.81
105761.81
105761.8
105761.81
105761.81
105761.8
105761.8
105761.8
105761.83
105761.82
105761.82
105761.83
105761.82
105761.82
105761.83
105761.83
105761.8
105761.8
105761.82
105761.81
105761.81
105761.82
105761.82
105761.82
105761.81
105761.81
105761.81
105761.82
105761.81
105761.82
105761.82
105761.81
105761.82
105761.82
105761.83
105761.81
105761.82
105761.81
105761.81
105761.81
105761.81
105761.8
105761.8
105761.81
105761.81
105761.83
105761.83
105761.83
105761.81
105761.8
105761.8
105761.84
105761.84
105761.84
105761.84
105761.84
105761.83
105761.83
105761.84
105761.83
105761.83
105761.84
105761.83
105761.81
105761.81
105761.81
105761.8
105761.8
105761.8
105761.8
105761.81
105761.8
105761.81
105761.8
105761.81
105761.81
105761.8
105761.81
105761.81
105761.8
105761.8
105761.8
105761.83
105761.82
105761.82
105761.83
105761.82
105761.82
105761.83
105761.83
105761.77
105761.77
105761.76
105761.78
105761.78
105761.79
105761.79
105761.78
105761.78
105761.79
105761.77
105761.76
105761.77
105761.77
105761.74
105761.74
105761.75
105761.75
105761.75
105761.74
105761.73
105761.76
105761.75
105761.74
105761.74
105761.74
105761.75
105761.76
105761.77
105761.77
105761.76
105761.78
105761.78
105761.78
105761.79
105761.78
105761.78
105761.78
105761.78
105761.77
105761.76
105761.79
105761.79
105761.79
105761.77
105761.77
105761.77
105761.76
105761.77
105761.76
105761.77
105761.77
105761.76
105761.76
105761.78
105761.78
105761.79
105761.79
105761.78
105761.78
105761.79
105761.77
105761.76
105761.77
105761.77
105761.73
105761.72
105761.73
105761.73
105761.74
105761.74
105761.75
105761.75
105761.75
105761.74
105761.73
105761.76
105761.75
105761.74
105761.74
105761.74
105761.75
105761.76
105761.77
105761.77
105761.76
105761.78
105761.78
105761.78
105761.79
105761.79
105761.78
105761.78
105761.78
105761.78
105761.79
105761.79
105761.8
105761.79
105761.77
105761.77
105761.77
105761.77
105761.76
105761.76
105761.77
105761.76
105761.77
105761.77
105761.78
105761.76
105761.76
105761.76
105761.76
105761.76
105761.76
105761.77
105761.77
105761.79
105761.78
105761.78
105761.79
105761.78
105761.78
105761.79
105761.78
105761.79
105761.78
105761.78
105761.79
105761.78
105761.78
105761.79
105761.78
105761.76
105761.77
105761.77
105761.76
105761.77
105761.77
105761.73
105761.73
105761.72
105761.73
105761.72
105761.72
105761.73
105761.74
105761.75
105761.75
105761.74
105761.74
105761.72
105761.73
105761.75
105761.74
105761.74
105761.73
105761.73
105761.72
105761.73
105761.72
105761.72
105761.73
105761.74
105761.75
105761.75
105761.74
105761.72
105761.73
105761.75
105761.74
105761.74
105761.74
105761.73
105761.73
105761.71
105761.71
105761.71
105761.69
105761.68
105761.69
105761.7
105761.69
105761.7
105761.69
105761.7
105761.69
105761.68
105761.69
105761.67
105761.66
105761.67
105761.66
105761.66
105761.65
105761.66
105761.66
105761.65
105761.64
105761.67
105761.67
105761.67
105761.67
105761.65
105761.64
105761.64
105761.67
105761.68
105761.67
105761.66
105761.66
105761.66
105761.66
105761.65
105761.64
105761.67
105761.68
105761.67
105761.67
105761.68
105761.68
105761.67
105761.65
105761.66
105761.65
105761.64
105761.65
105761.66
105761.71
105761.72
105761.71
105761.7
105761.7
105761.69
105761.7
105761.69
105761.69
105761.68
105761.7
105761.7
105761.69
105761.68
105761.66
105761.66
105761.67
105761.66
105761.66
105761.65
105761.66
105761.66
105761.65
105761.64
105761.67
105761.67
105761.67
105761.67
105761.65
105761.64
105761.64
105761.66
105761.66
105761.66
105761.66
105761.65
105761.64
105761.67
105761.68
105761.66
105761.66
105761.67
105761.67
105761.68
105761.65
105761.65
105761.64
105761.65
105761.62
105761.61
105761.62
105761.62
105761.62
105761.62
105761.61
105761.61
105761.61
105761.62
105761.61
105761.63
105761.63
105761.62
105761.63
105761.63
105761.64
105761.63
105761.62
105761.61
105761.62
105761.62
105761.61
105761.6
105761.61
105761.63
105761.64
105761.63
105761.6
105761.6
105761.6
105761.62
105761.62
105761.62
105761.63
105761.64
105761.63
105761.64
105761.64
105761.63
105761.62
105761.62
105761.63
105761.63
105761.63
105761.64
105761.62
105761.62
105761.59
105761.59
105761.59
105761.59
105761.59
105761.6
105761.6
105761.59
105761.6
105761.6
105761.6
105761.59
105761.59
105761.6
105761.59
105761.6
105761.61
105761.61
105761.6
105761.6
105761.62
105761.61
105761.62
105761.62
105761.62
105761.62
105761.61
105761.61
105761.61
105761.62
105761.61
105761.63
105761.63
105761.62
105761.63
105761.63
105761.64
105761.63
105761.62
105761.61
105761.62
105761.62
105761.61
105761.6
105761.61
105761.63
105761.64
105761.63
105761.6
105761.6
105761.6
105761.62
105761.62
105761.62
105761.63
105761.64
105761.63
105761.64
105761.64
105761.63
105761.62
105761.62
105761.63
105761.63
105761.63
105761.64
105761.62
105761.62
105761.59
105761.59
105761.59
105761.59
105761.59
105761.6
105761.6
105761.59
105761.6
105761.6
105761.6
105761.59
105761.59
105761.6
105761.59
105761.6
105761.6
105761.6
105761.61
105761.61
105761.6
105761.61
105761.61
105761.6
105761.58
105761.58
105761.58
105761.58
105761.58
105761.58
105761.59
105761.59
105761.58
105761.58
105761.59
105761.58
105761.58
105761.58
105761.58
105761.58
105761.58
105761.58
105761.58
105761.58
105761.59
105761.59
105761.58
105761.58
105761.59
105761.58
105761.58
105761.58
105761.58
105761.58
105761.58
105761.58
105761.59
105761.59
105761.59
105761.59
105761.59
105761.59
105761.59
105761.59
105761.59
105761.59
105761.59
105761.59
105761.58
105761.58
105761.67
105761.67
105761.66
105761.68
105761.68
105761.68
105761.68
105761.68
105761.68
105761.67
105761.67
105761.65
105761.66
105761.66
105761.65
105761.66
105761.66
105761.65
105761.66
105761.65
105761.66
105761.66
105761.65
105761.66
105761.66
105761.65
105761.66
105761.68
105761.67
105761.67
105761.68
105761.67
105761.67
105761.69
105761.7
105761.7
105761.71
105761.7
105761.71
105761.72
105761.7
105761.71
105761.71
105761.71
105761.7
105761.69
105761.69
105761.69
105761.71
105761.71
105761.71
105761.71
105761.7
105761.72
105761.71
105761.71
105761.7
105761.71
105761.7
105761.71
105761.71
105761.7
105761.69
105761.69
105761.69
105761.69
105761.7
105761.69
105761.7
105761.7
105761.69
105761.7
105761.67
105761.71
105761.71
105761.7
105761.69
105761.69
105761.69
105761.7
105761.69
105761.69
105761.68
105761.7
105761.7
105761.69
105761.68
105761.66
105761.66
105761.67
105761.66
105761.66
105761.65
105761.66
105761.66
105761.65
105761.64
105761.65
105761.64
105761.64
105761.67
105761.68
105761.67
105761.67
105761.67
105761.67
105761.67
105761.66
105761.66
105761.66
105761.66
105761.66
105761.65
105761.64
105761.67
105761.68
105761.66
105761.66
105761.67
105761.67
105761.68
105761.65
105761.65
105761.64
105761.65
105761.67
105761.67
105761.62
105761.61
105761.62
105761.62
105761.62
105761.62
105761.61
105761.61
105761.61
105761.62
105761.61
105761.63
105761.63
105761.62
105761.63
105761.63
105761.64
105761.63
105761.62
105761.61
105761.62
105761.62
105761.61
105761.6
105761.61
105761.63
105761.64
105761.63
105761.6
105761.6
105761.6
105761.63
105761.64
105761.63
105761.64
105761.64
105761.63
105761.62
105761.62
105761.63
105761.63
105761.63
105761.64
105761.62
105761.62
105761.62
105761.59
105761.59
105761.59
105761.59
105761.6
105761.59
105761.6
105761.59
105761.6
105761.6
105761.6
105761.6
105761.6
105761.59
105761.59
105761.6
105761.59
105761.62
105761.61
105761.61
105761.6
105761.62
105761.6
105761.61
105761.61
105761.6
105761.58
105761.58
105761.58
105761.58
105761.58
105761.59
105761.59
105761.58
105761.58
105761.59
105761.58
105761.58
105761.58
105761.58
105761.58
105761.58
105761.58
105761.58
105761.58
105761.58
105761.59
105761.58
105761.58
105761.58
105761.59
105761.59
105761.59
105761.58
105761.58
105761.58
105761.58
105761.58
105761.58
105761.58
105761.59
105761.59
105761.59
105761.6
105761.6
105761.6
105761.6
105761.59
105761.59
105761.59
105761.59
105761.59
105761.59
105761.58
105761.59
105761.59
105761.6
105761.59
105761.58
105761.58
105761.62
105761.61
105761.62
105761.62
105761.62
105761.62
105761.61
105761.61
105761.61
105761.62
105761.61
105761.63
105761.63
105761.62
105761.63
105761.63
105761.64
105761.63
105761.63
105761.62
105761.61
105761.62
105761.62
105761.61
105761.6
105761.62
105761.61
105761.63
105761.64
105761.63
105761.6
105761.6
105761.6
105761.62
105761.62
105761.62
105761.63
105761.64
105761.63
105761.64
105761.63
105761.62
105761.62
105761.63
105761.63
105761.63
105761.64
105761.59
105761.59
105761.59
105761.59
105761.59
105761.59
105761.6
105761.59
105761.6
105761.6
105761.6
105761.6
105761.59
105761.6
105761.6
105761.6
105761.6
105761.61
105761.61
105761.6
105761.61
105761.61
105761.62
105761.62
105761.66
105761.66
105761.66
105761.67
105761.67
105761.67
105761.67
105761.67
105761.67
105761.66
105761.66
105761.64
105761.66
105761.66
105761.64
105761.66
105761.65
105761.66
105761.64
105761.66
105761.66
105761.64
105761.66
105761.65
105761.66
105761.67
105761.66
105761.67
105761.67
105761.66
105761.67
105761.7
105761.7
105761.71
105761.7
105761.71
105761.71
105761.7
105761.7
105761.7
105761.68
105761.68
105761.69
105761.69
105761.71
105761.7
105761.7
105761.71
105761.7
105761.71
105761.71
105761.71
105761.7
105761.7
105761.7
105761.71
105761.7
105761.69
105761.68
105761.68
105761.69
105761.69
105761.69
105761.69
105761.69
105761.69
105761.69
105761.69
105761.69
105761.69
105761.65
105761.65
105761.66
105761.7
105761.71
105761.7
105761.69
105761.69
105761.69
105761.69
105761.68
105761.67
105761.66
105761.66
105761.67
105761.67
105761.65
105761.65
105761.64
105761.65
105761.65
105761.64
105761.64
105761.64
105761.63
105761.66
105761.66
105761.66
105761.66
105761.65
105761.64
105761.67
105761.67
105761.66
105761.65
105761.66
105761.66
105761.67
105761.68
105761.65
105761.64
105761.63
105761.64
105761.62
105761.61
105761.61
105761.61
105761.61
105761.61
105761.6
105761.6
105761.6
105761.62
105761.61
105761.62
105761.62
105761.61
105761.62
105761.63
105761.64
105761.62
105761.61
105761.6
105761.61
105761.61
105761.6
105761.6
105761.6
105761.62
105761.63
105761.63
105761.6
105761.59
105761.6
105761.63
105761.63
105761.63
105761.64
105761.63
105761.63
105761.62
105761.62
105761.63
105761.62
105761.62
105761.64
105761.62
105761.62
105761.62
105761.6
105761.6
105761.6
105761.59
105761.59
105761.59
105761.59
105761.6
105761.59
105761.6
105761.59
105761.59
105761.59
105761.59
105761.59
105761.59
105761.59
105761.62
105761.61
105761.61
105761.62
105761.61
105761.6
105761.6
105761.6
105761.6
105761.59
105761.58
105761.58
105761.58
105761.58
105761.58
105761.59
105761.59
105761.58
105761.58
105761.59
105761.58
105761.58
105761.59
105761.58
105761.58
105761.58
105761.58
105761.58
105761.58
105761.59
105761.58
105761.58
105761.58
105761.58
105761.59
105761.58
105761.58
105761.58
105761.58
105761.58
105761.58
105761.58
105761.58
105761.59
105761.59
105761.59
105761.59
105761.59
105761.6
105761.59
105761.59
105761.59
105761.59
105761.59
105761.59
105761.59
105761.59
105761.59
105761.59
105761.58
105761.58
105761.58
105761.62
105761.61
105761.61
105761.61
105761.61
105761.61
105761.6
105761.6
105761.6
105761.62
105761.6
105761.62
105761.62
105761.61
105761.62
105761.62
105761.64
105761.62
105761.62
105761.61
105761.6
105761.61
105761.61
105761.6
105761.6
105761.61
105761.6
105761.62
105761.63
105761.62
105761.6
105761.59
105761.6
105761.62
105761.62
105761.61
105761.62
105761.63
105761.62
105761.63
105761.62
105761.61
105761.63
105761.62
105761.62
105761.62
105761.62
105761.63
105761.6
105761.59
105761.6
105761.59
105761.59
105761.59
105761.59
105761.59
105761.59
105761.59
105761.59
105761.6
105761.6
105761.6
105761.6
105761.61
105761.61
105761.7
105761.71
105761.7
105761.7
105761.69
105761.69
105761.69
105761.68
105761.68
105761.69
105761.7
105761.7
105761.69
105761.67
105761.68
105761.69
105761.69
105761.66
105761.66
105761.67
105761.67
105761.66
105761.67
105761.67
105761.67
105761.66
105761.66
105761.64
105761.65
105761.65
105761.66
105761.64
105761.65
105761.67
105761.67
105761.67
105761.67
105761.68
105761.67
105761.67
105761.67
105761.66
105761.67
105761.67
105761.68
105761.7
105761.71
105761.7
105761.7
105761.69
105761.69
105761.69
105761.68
105761.68
105761.69
105761.7
105761.69
105761.69
105761.67
105761.68
105761.68
105761.69
105761.66
105761.66
105761.67
105761.67
105761.63
105761.66
105761.65
105761.67
105761.67
105761.66
105761.66
105761.65
105761.64
105761.64
105761.65
105761.65
105761.64
105761.64
105761.66
105761.67
105761.66
105761.67
105761.68
105761.67
105761.66
105761.66
105761.66
105761.66
105761.66
105761.67
105761.65
105761.66
105761.66
105761.65
105761.63
105761.65
105761.65
105761.66
105761.66
105761.66
105761.67
105761.67
105761.67
105761.67
105761.67
105761.67
105761.66
105761.66
105761.65
105761.66
105761.66
105761.64
105761.66
105761.66
105761.66
105761.65
105761.66
105761.66
105761.64
105761.66
105761.65
105761.66
105761.67
105761.67
105761.67
105761.67
105761.67
105761.67
105761.69
105761.69
105761.69
105761.7
105761.71
105761.7
105761.71
105761.71
105761.7
105761.7
105761.71
105761.7
105761.69
105761.68
105761.68
105761.69
105761.69
105761.7
105761.7
105761.7
105761.71
105761.7
105761.71
105761.71
105761.7
105761.7
105761.71
105761.7
105761.7
105761.68
105761.68
105761.69
105761.69
105761.69
105761.66
105761.65
105761.58
105761.58
105761.58
105761.58
105761.58
105761.59
105761.58
105761.58
105761.58
105761.58
105761.58
105761.58
105761.58
105761.58
105761.59
105761.59
105761.58
105761.58
105761.58
105761.58
105761.58
105761.58
105761.58
105761.58
105761.58
105761.58
105761.58
105761.59
105761.59
105761.58
105761.58
105761.58
105761.59
105761.59
105761.59
105761.59
105761.6
105761.59
105761.6
105761.59
105761.58
105761.59
105761.59
105761.59
105761.58
105761.59
105761.59
105761.59
105761.59
105761.58
105761.58
105761.62
105761.61
105761.62
105761.62
105761.62
105761.62
105761.61
105761.6
105761.61
105761.62
105761.61
105761.62
105761.63
105761.62
105761.63
105761.63
105761.64
105761.62
105761.63
105761.61
105761.61
105761.62
105761.61
105761.61
105761.6
105761.61
105761.61
105761.63
105761.64
105761.63
105761.6
105761.59
105761.6
105761.62
105761.62
105761.62
105761.63
105761.63
105761.64
105761.63
105761.62
105761.64
105761.64
105761.62
105761.62
105761.62
105761.63
105761.63
105761.62
105761.64
105761.59
105761.59
105761.59
105761.59
105761.59
105761.6
105761.59
105761.58
105761.6
105761.6
105761.6
105761.59
105761.59
105761.59
105761.59
105761.6
105761.61
105761.61
105761.6
105761.6
105761.61
105761.61
105761.64
105761.62
105761.61
105761.61
105761.61
105761.61
105761.61
105761.6
105761.6
105761.6
105761.62
105761.61
105761.62
105761.62
105761.62
105761.62
105761.63
105761.64
105761.62
105761.62
105761.61
105761.61
105761.61
105761.61
105761.6
105761.6
105761.61
105761.6
105761.63
105761.63
105761.63
105761.6
105761.59
105761.6
105761.62
105761.62
105761.62
105761.63
105761.63
105761.63
105761.63
105761.62
105761.61
105761.63
105761.62
105761.61
105761.61
105761.63
105761.62
105761.62
105761.63
105761.6
105761.6
105761.6
105761.59
105761.59
105761.58
105761.59
105761.59
105761.58
105761.58
105761.59
105761.59
105761.6
105761.59
105761.59
105761.59
105761.59
105761.61
105761.6
105761.6
105761.6
105761.64
105761.79
105761.84
105761.58
105761.59
105761.59
105761.58
105761.58
105761.58
105761.58
105761.58
105761.58
105761.58
105761.58
105761.58
105761.59
105761.8
105761.81
105761.8
105761.8
105761.81
105761.8
105761.8
105761.8
105761.8
105761.8
105761.81
105761.8
105761.8
105761.81
105761.8
105761.8
105761.8
105761.8
105761.8
105761.8
105761.81
105761.8
105761.8
105761.81
105761.8
105761.8
105761.8
105761.74
105761.75
105761.74
105761.72
105761.73
105761.73
105761.8
105761.81
105761.8
105761.8
105761.81
105761.8
105761.8
105761.8
105761.8
105761.74
105761.75
105761.74
105761.72
105761.73
105761.73
105761.63
105761.64
105761.64
105761.63
105761.63
105761.62
105761.63
105761.63
105761.62
105761.63
105761.64
105761.64
105761.63
105761.63
105761.62
105761.63
105761.63
105761.62
105761.7
105761.69
105761.7
105761.63
105761.63
105761.63
105761.63
105761.63
105761.62
105761.63
105761.63
105761.62
105761.7
105761.69
105761.7
105761.63
105761.64
105761.64
105761.63
105761.63
105761.62
105761.63
105761.63
105761.62
105761.82
105761.82
105761.81
105761.82
105761.82
105761.83
105761.81
105761.66
105761.66
105761.65
105761.64
105761.82
105761.82
105761.85
105761.85
105761.85
105761.85
105761.85
105761.74
105761.74
105761.75
105761.78
105761.79
105761.79
105761.78
105761.83
105761.83
105761.82
105761.82
105761.81
105761.81
105761.76
105761.77
105761.77
105761.77
105761.73
105761.73
105761.77
105761.76
105761.77
105761.77
105761.76
105761.77
105761.77
105761.76
105761.77
105761.76
105761.83
105761.83
105761.83
105761.8
105761.8
105761.8
105761.8
105761.8
105761.8
105761.81
105761.81
105761.8
105761.74
105761.74
105761.75
105761.84
105761.84
105761.84
105761.84
105761.84
105761.83
105761.84
105761.83
105761.73
105761.72
105761.73
105761.67
105761.68
105761.67
105761.68
105761.67
105761.6
105761.6
105761.61
105761.61
105761.59
105761.6
105761.6
105761.6
105761.6
105761.71
105761.71
105761.7
105761.7
105761.69
105761.68
105761.69
105761.68
105761.66
105761.67
105761.67
105761.66
105761.66
105761.67
105761.66
105761.67
105761.66
105761.58
105761.59
105761.58
105761.59
105761.58
105761.59
105761.66
105761.66
105761.66
105761.65
105761.66
105761.66
105761.65
105761.65
105761.64
105761.65
105761.66
105761.66
105761.65
105761.7
105761.7
105761.58
105761.58
105761.58
105761.58
105761.58
105761.81
105761.81
105761.8
105761.8
105761.8
105761.8
105761.81
105761.81
105761.8
105761.8
105761.8
105761.8
105761.8
105761.8
105761.8
105761.8
105761.81
105761.81
105761.8
105761.8
105761.8
105761.8
105761.64
105761.64
105761.64
105761.64
105761.62
105761.62
105761.64
105761.63
105761.64
105761.63
105761.62
105761.62
105761.63
105761.63
105761.63
105761.63
105761.62
105761.62
105761.64
105761.63
105761.64
105761.63
105761.62
105761.62
105761.81
105761.81
)
;
    }
}


// ************************************************************************* //
