# Wavefront OBJ file written 2026-06-21T16:26:44
o combined_m_normal_0

# points : 3928
# faces  : 8140
# zones  : 22
#   0  FRONT_PANEL  (nFaces: 8140)
#   1  Fan_front_blades  (nFaces: 0)
#   2  Fan_front_frame  (nFaces: 0)
#   3  Fan_front_inlet  (nFaces: 0)
#   4  Fan_front_outlet  (nFaces: 0)
#   5  fan_rear1_blades  (nFaces: 0)
#   6  fan_rear1_frame  (nFaces: 0)
#   7  fan_rear1_inlet  (nFaces: 0)
#   8  fan_rear1_outlet  (nFaces: 0)
#   9  fan_rear2_blades  (nFaces: 0)
#   10  fan_rear2_frame  (nFaces: 0)
#   11  fan_rear2_inlet  (nFaces: 0)
#   12  fan_rear2_outlet  (nFaces: 0)
#   13  MINI_BOARD  (nFaces: 0)
#   14  SMALL_chip1  (nFaces: 0)
#   15  SMALL_chip2  (nFaces: 0)
#   16  SMALL_chip3  (nFaces: 0)
#   17  SMALL_PCB  (nFaces: 0)
#   18  TIM  (nFaces: 0)
#   19  Motherboard  (nFaces: 0)
#   20  CPU  (nFaces: 0)
#   21  Heatsink  (nFaces: 0)

# <points count="3928">
v -0.094445 0.045 -0.17555
v -0.094445 0.045 -0.17875
v -0.0941435 0.0467101 -0.17555
v -0.0941435 0.0467101 -0.17875
v -0.0932752 0.0482139 -0.17555
v -0.0932752 0.0482139 -0.17875
v -0.091945 0.0493301 -0.17555
v -0.091945 0.0493301 -0.17875
v -0.0903132 0.049924 -0.17555
v -0.0903132 0.049924 -0.17875
v -0.089445 0.049924 -0.17555
v -0.089445 0.049924 -0.17875
v -0.0885768 0.049924 -0.17555
v -0.0885768 0.049924 -0.17875
v -0.086945 0.0493301 -0.17555
v -0.086945 0.0493301 -0.17875
v -0.0856148 0.0482139 -0.17555
v -0.0856148 0.0482139 -0.17875
v -0.0847465 0.0467101 -0.17555
v -0.0847465 0.0467101 -0.17875
v -0.084445 0.045 -0.17555
v -0.084445 0.045 -0.17875
v -0.0847465 0.0432899 -0.17555
v -0.0847465 0.0432899 -0.17875
v -0.0856148 0.0417861 -0.17555
v -0.0856148 0.0417861 -0.17875
v -0.086945 0.0406699 -0.17555
v -0.086945 0.0406699 -0.17875
v -0.0885768 0.040076 -0.17555
v -0.0885768 0.040076 -0.17875
v -0.089445 0.040076 -0.17555
v -0.089445 0.040076 -0.17875
v -0.0903132 0.040076 -0.17555
v -0.0903132 0.040076 -0.17875
v -0.091945 0.0406699 -0.17555
v -0.091945 0.0406699 -0.17875
v -0.0932752 0.0417861 -0.17555
v -0.0932752 0.0417861 -0.17875
v -0.0941435 0.0432899 -0.17555
v -0.0941435 0.0432899 -0.17875
v 0.181863 0.0015 -0.17555
v 0.2185 0.0015 -0.17555
v 0.2185 0.00393298 -0.17555
v 0.12592 0.0164812 -0.17555
v 0.125664 0.0164812 -0.17555
v 0.125664 0.0163337 -0.17555
v 0.124253 0.027184 -0.17555
v 0.125664 0.027184 -0.17555
v 0.125664 0.028561 -0.17555
v 0.0871856 0.0248552 -0.17555
v 0.0871856 0.027184 -0.17555
v 0.0849024 0.027184 -0.17555
v 0.0871856 0.0193834 -0.17555
v 0.0871856 0.0164812 -0.17555
v 0.0922123 0.0164812 -0.17555
v 0.0859056 0.0638393 -0.17555
v 0.0871856 0.0638393 -0.17555
v 0.0871856 0.0651448 -0.17555
v 0.0803602 0.0635412 -0.17555
v 0.0805098 0.0638393 -0.17555
v 0.0776149 0.0638393 -0.17555
v 0.125664 0.0651448 -0.17555
v 0.125664 0.0638393 -0.17555
v 0.126944 0.0638393 -0.17555
v 0.138465 0.0581423 -0.17555
v 0.138465 0.0569963 -0.17555
v 0.138802 0.0569963 -0.17555
v 0.135515 0.0316979 -0.17555
v 0.135235 0.0314899 -0.17555
v 0.135235 0.0300513 -0.17555
v -0.115084 0.0331875 -0.17555
v -0.115164 0.0324976 -0.17555
v -0.112723 0.0351178 -0.17555
v -0.108684 0.0248552 -0.17555
v -0.108684 0.027184 -0.17555
v -0.110968 0.027184 -0.17555
v -0.108684 0.0193834 -0.17555
v -0.108684 0.0164812 -0.17555
v -0.103658 0.0164812 -0.17555
v -0.118789 0.0255557 -0.17555
v -0.118255 0.0252771 -0.17555
v -0.118255 0.027184 -0.17555
v -0.0574047 0.0581423 -0.17555
v -0.0574047 0.0569963 -0.17555
v -0.0570681 0.0569963 -0.17555
v -0.06995 0.0164812 -0.17555
v -0.0702056 0.0164812 -0.17555
v -0.0702056 0.0163337 -0.17555
v -0.0716166 0.027184 -0.17555
v -0.0702056 0.027184 -0.17555
v -0.0702056 0.028561 -0.17555
v -0.103721 0.0569102 -0.17555
v -0.103667 0.0569963 -0.17555
v -0.108684 0.0569963 -0.17555
v -0.109964 0.0638393 -0.17555
v -0.108684 0.0638393 -0.17555
v -0.108684 0.0651448 -0.17555
v -0.11551 0.0635412 -0.17555
v -0.11536 0.0638393 -0.17555
v -0.118255 0.0638393 -0.17555
v -0.0605989 0.0646932 -0.17555
v -0.0606349 0.0647286 -0.17555
v -0.0606349 0.0638393 -0.17555
v -0.0702056 0.061439 -0.17555
v -0.0702056 0.0638393 -0.17555
v -0.0726651 0.0638393 -0.17555
v -0.0867545 0.0562873 -0.17555
v -0.086071 0.0564107 -0.17555
v -0.089445 0.0569963 -0.17555
v -0.072509 0.0518727 -0.17555
v -0.0719924 0.0514084 -0.17555
v -0.0702056 0.0569963 -0.17555
v -0.0808958 0.0416968 -0.17555
v -0.0813401 0.0422307 -0.17555
v -0.089445 0.0396828 -0.17555
v -0.0716657 0.0507954 -0.17555
v -0.070745 0.045 -0.17555
v -0.0702056 0.0396828 -0.17555
v -0.0853864 0.0562928 -0.17555
v -0.0811891 0.0569963 -0.17555
v -0.0774416 0.0542068 -0.17555
v -0.0812501 0.0536273 -0.17555
v -0.0768167 0.0541735 -0.17555
v -0.0810152 0.0529737 -0.17555
v -0.0762122 0.0543349 -0.17555
v -0.083445 0.0553923 -0.17555
v -0.0816944 0.0541612 -0.17555
v -0.0785115 0.0548259 -0.17555
v -0.0780256 0.0544316 -0.17555
v -0.0880339 0.05475 -0.17555
v -0.0877989 0.0554037 -0.17555
v -0.0873546 0.0559376 -0.17555
v -0.0754688 0.0404442 -0.17555
v -0.077876 0.0422167 -0.17555
v -0.0755672 0.0398263 -0.17555
v -0.0783247 0.0416864 -0.17555
v -0.0755447 0.0396828 -0.17555
v -0.0789276 0.0413415 -0.17555
v -0.0796121 0.0412237 -0.17555
v -0.0802957 0.0413471 -0.17555
v -0.0754223 0.050923 -0.17555
v -0.0750548 0.0515124 -0.17555
v -0.0880311 0.0540554 -0.17555
v -0.0877908 0.0534037 -0.17555
v -0.0873422 0.0528734 -0.17555
v -0.0756871 0.0546752 -0.17555
v -0.0745079 0.0519406 -0.17555
v -0.0752928 0.0551611 -0.17555
v -0.0738475 0.0521559 -0.17555
v -0.075068 0.0557451 -0.17555
v -0.0731533 0.0521323 -0.17555
v -0.0751961 0.0569745 -0.17555
v -0.0750347 0.0563699 -0.17555
v -0.0787346 0.0485774 -0.17555
v -0.0782205 0.0482206 -0.17555
v -0.0754688 0.0495558 -0.17555
v -0.0752102 0.0569963 -0.17555
v -0.0778419 0.0477224 -0.17555
v -0.0776358 0.0471316 -0.17555
v -0.074745 0.045 -0.17555
v -0.077445 0.045 -0.17555
v -0.0776358 0.0428684 -0.17555
v -0.0829943 0.0506344 -0.17555
v -0.0836778 0.0507578 -0.17555
v -0.0842779 0.0511075 -0.17555
v -0.085445 0.0519282 -0.17555
v -0.0867393 0.0525286 -0.17555
v -0.0814052 0.0476458 -0.17555
v -0.0817068 0.0510971 -0.17555
v -0.0823097 0.0507522 -0.17555
v -0.081575 0.0428843 -0.17555
v -0.0815722 0.0435789 -0.17555
v -0.081445 0.045 -0.17555
v -0.0815722 0.0464211 -0.17555
v -0.0815857 0.0470467 -0.17555
v -0.0810483 0.0481598 -0.17555
v -0.0805501 0.0485384 -0.17555
v -0.0812582 0.0516274 -0.17555
v -0.0799593 0.0487445 -0.17555
v -0.0793337 0.048758 -0.17555
v -0.081018 0.0522791 -0.17555
v -0.0755661 0.0502435 -0.17555
v -0.089445 0.0638393 -0.17555
v -0.0878434 0.0620858 -0.17555
v -0.0874759 0.0626752 -0.17555
v -0.0869289 0.0631033 -0.17555
v -0.0862685 0.0633186 -0.17555
v -0.0855743 0.063295 -0.17555
v -0.0796086 0.0638393 -0.17555
v -0.080095 0.0611947 -0.17555
v -0.0864023 0.0593817 -0.17555
v -0.0870465 0.0596412 -0.17555
v -0.0875632 0.0601055 -0.17555
v -0.0878898 0.0607185 -0.17555
v -0.0879872 0.0614063 -0.17555
v -0.082095 0.0577306 -0.17555
v -0.0702056 0.0578192 -0.17555
v -0.0708467 0.0576041 -0.17555
v -0.0715411 0.0576217 -0.17555
v -0.0721876 0.0578758 -0.17555
v -0.0755364 0.0574996 -0.17555
v -0.0727082 0.0583356 -0.17555
v -0.0765212 0.0620568 -0.17555
v -0.0652736 0.0609683 -0.17555
v -0.0658927 0.0610591 -0.17555
v -0.0622716 0.0588752 -0.17555
v -0.0691446 0.0595312 -0.17555
v -0.0629093 0.0586 -0.17555
v -0.0634144 0.0581232 -0.17555
v -0.063726 0.0575024 -0.17555
v -0.0692825 0.0588504 -0.17555
v -0.063785 0.0569963 -0.17555
v -0.069645 0.0582579 -0.17555
v -0.0701882 0.0578251 -0.17555
v -0.0632965 0.0629909 -0.17555
v -0.0633873 0.0623718 -0.17555
v -0.0609127 0.0587168 -0.17555
v -0.0636651 0.061811 -0.17555
v -0.0615782 0.0589158 -0.17555
v -0.0641025 0.0613636 -0.17555
v -0.0646567 0.0610732 -0.17555
v -0.0692478 0.0602181 -0.17555
v -0.0695798 0.0608282 -0.17555
v -0.0664535 0.0613368 -0.17555
v -0.0669009 0.0617742 -0.17555
v -0.0878287 0.0674086 -0.17555
v -0.0879666 0.0680894 -0.17555
v -0.0861901 0.0729109 -0.17555
v -0.0863643 0.0701003 -0.17555
v -0.08567 0.0701179 -0.17555
v -0.0788199 0.0710138 -0.17555
v -0.0795821 0.0684069 -0.17555
v -0.072229 0.0672085 -0.17555
v -0.0862645 0.0661623 -0.17555
v -0.086923 0.0663833 -0.17555
v -0.0874662 0.0668161 -0.17555
v -0.0867497 0.0797991 -0.17555
v -0.0872778 0.0801348 -0.17555
v -0.086352 0.0768583 -0.17555
v -0.0689256 0.0638393 -0.17555
v -0.0702056 0.0651448 -0.17555
v -0.0741055 0.065245 -0.17555
v -0.0811353 0.0647208 -0.17555
v -0.0869708 0.0833563 -0.17555
v -0.0863888 0.0835862 -0.17555
v -0.089445 0.0885 -0.17555
v -0.0857643 0.083625 -0.17555
v -0.0702056 0.0885 -0.17555
v -0.0870108 0.0698463 -0.17555
v -0.0867927 0.0730797 -0.17555
v -0.0873135 0.0734264 -0.17555
v -0.0879194 0.0745038 -0.17555
v -0.087945 0.0751291 -0.17555
v -0.0879062 0.0811992 -0.17555
v -0.087945 0.0818238 -0.17555
v -0.0869387 0.0766407 -0.17555
v -0.0877018 0.0739172 -0.17555
v -0.0875314 0.0693864 -0.17555
v -0.0878633 0.0687763 -0.17555
v -0.0877889 0.0824297 -0.17555
v -0.0874532 0.0829578 -0.17555
v -0.0877762 0.0757316 -0.17555
v -0.0874294 0.0762525 -0.17555
v -0.0876763 0.0806173 -0.17555
v -0.0924333 0.0835698 -0.17555
v -0.0918015 0.0832812 -0.17555
v -0.0913066 0.0827938 -0.17555
v -0.0910082 0.0821666 -0.17555
v -0.0909423 0.0814752 -0.17555
v -0.0910154 0.0754705 -0.17555
v -0.090935 0.0747806 -0.17555
v -0.0910953 0.0741048 -0.17555
v -0.0914771 0.0735245 -0.17555
v -0.0920344 0.0731099 -0.17555
v -0.108684 0.0885 -0.17555
v -0.103863 0.0810216 -0.17555
v -0.0931257 0.083625 -0.17555
v -0.0911169 0.0808029 -0.17555
v -0.0915109 0.0802308 -0.17555
v -0.091327 0.0760913 -0.17555
v -0.0920767 0.079828 -0.17555
v -0.0918321 0.0765681 -0.17555
v -0.0924698 0.0768434 -0.17555
v -0.091148 0.0672181 -0.17555
v -0.0915198 0.0667148 -0.17555
v -0.0920289 0.066351 -0.17555
v -0.0925943 0.070113 -0.17555
v -0.0920008 0.0699149 -0.17555
v -0.0914974 0.0695431 -0.17555
v -0.0911337 0.069034 -0.17555
v -0.090945 0.0684374 -0.17555
v -0.0909499 0.0678116 -0.17555
v -0.0926255 0.0661623 -0.17555
v -0.0977547 0.0647208 -0.17555
v -0.0992814 0.0638393 -0.17555
v -0.106661 0.0672085 -0.17555
v -0.118255 0.0885 -0.17555
v -0.113432 0.0754973 -0.17555
v -0.108684 0.0782381 -0.17555
v -0.2185 0.0885 -0.17555
v -0.121055 0.0675001 -0.17555
v -0.118255 0.0704372 -0.17555
v -0.121032 0.0651491 -0.17555
v -0.121322 0.0657038 -0.17555
v -0.2185 0.0638393 -0.17555
v -0.121425 0.0663209 -0.17555
v -0.121334 0.0669398 -0.17555
v -0.118789 0.0644443 -0.17555
v -0.119406 0.0643404 -0.17555
v -0.120025 0.0644323 -0.17555
v -0.120585 0.0647109 -0.17555
v -0.0931632 0.0768839 -0.17555
v -0.0927463 0.0796431 -0.17555
v -0.101583 0.0747168 -0.17555
v -0.102377 0.077308 -0.17555
v -0.108684 0.0706166 -0.17555
v -0.108684 0.0736663 -0.17555
v -0.109112 0.0703699 -0.17555
v -0.110959 0.0723533 -0.17555
v -0.115198 0.064162 -0.17555
v -0.117796 0.0651805 -0.17555
v -0.118234 0.0647338 -0.17555
v -0.118255 0.0647229 -0.17555
v -0.0861437 0.0796431 -0.17555
v -0.0857268 0.0768839 -0.17555
v -0.0765132 0.077308 -0.17555
v -0.0773074 0.0747168 -0.17555
v -0.0702056 0.0736663 -0.17555
v -0.0702056 0.0706166 -0.17555
v -0.0679313 0.0723533 -0.17555
v -0.0697783 0.0703699 -0.17555
v -0.0610939 0.0651805 -0.17555
v -0.0636918 0.064162 -0.17555
v -0.0635227 0.0638393 -0.17555
v -0.0634014 0.0636078 -0.17555
v -0.0574708 0.0661814 -0.17555
v -0.0576454 0.0655091 -0.17555
v -0.0574047 0.0638393 -0.17555
v -0.0580394 0.0649371 -0.17555
v -0.0586052 0.0645343 -0.17555
v -0.0592748 0.0643493 -0.17555
v -0.0599671 0.0644045 -0.17555
v -0.0606349 0.0885 -0.17555
v -0.0606349 0.0704372 -0.17555
v -0.0574047 0.0885 -0.17555
v -0.0578351 0.0675001 -0.17555
v -0.0575367 0.0668729 -0.17555
v -0.0750268 0.0810216 -0.17555
v -0.0702056 0.0782381 -0.17555
v -0.0654585 0.0754973 -0.17555
v -0.0837429 0.039217 -0.17555
v -0.0831338 0.0393602 -0.17555
v -0.0875924 0.0368308 -0.17555
v -0.0873422 0.0371266 -0.17555
v -0.0867393 0.0374714 -0.17555
v -0.0825102 0.0393082 -0.17555
v -0.0819332 0.039066 -0.17555
v -0.0814593 0.0386574 -0.17555
v -0.0811348 0.0381223 -0.17555
v -0.0754699 0.0392082 -0.17555
v -0.0809916 0.0375132 -0.17555
v -0.0751864 0.0386504 -0.17555
v -0.0810436 0.0368897 -0.17555
v -0.0747443 0.0382075 -0.17555
v -0.085445 0.0380718 -0.17555
v -0.0842779 0.0388925 -0.17555
v -0.0723932 0.0382053 -0.17555
v -0.072951 0.0379217 -0.17555
v -0.0702056 0.0368308 -0.17555
v -0.0735691 0.0378244 -0.17555
v -0.0741871 0.0379229 -0.17555
v -0.0715897 0.0396828 -0.17555
v -0.0716657 0.0392046 -0.17555
v -0.0719503 0.0386473 -0.17555
v -0.116288 0.0587655 -0.17555
v -0.109745 0.0595312 -0.17555
v -0.116894 0.0589206 -0.17555
v -0.117518 0.0588807 -0.17555
v -0.115759 0.0584307 -0.17555
v -0.11536 0.0579489 -0.17555
v -0.109607 0.0588504 -0.17555
v -0.115129 0.0573673 -0.17555
v -0.115105 0.0569963 -0.17555
v -0.09322 0.0701179 -0.17555
v -0.0926999 0.0729109 -0.17555
v -0.0993079 0.0684069 -0.17555
v -0.10007 0.0710138 -0.17555
v -0.104784 0.065245 -0.17555
v -0.106225 0.0638393 -0.17555
v -0.108684 0.061439 -0.17555
v -0.10931 0.0608282 -0.17555
v -0.111989 0.0617742 -0.17555
v -0.109642 0.0602181 -0.17555
v -0.112494 0.0612974 -0.17555
v -0.113132 0.0610222 -0.17555
v -0.113825 0.0609816 -0.17555
v -0.114491 0.0611806 -0.17555
v -0.1181 0.0586498 -0.17555
v -0.115048 0.0615953 -0.17555
v -0.118255 0.0585212 -0.17555
v -0.11543 0.0621755 -0.17555
v -0.11559 0.0628513 -0.17555
v -0.108043 0.0576041 -0.17555
v -0.108684 0.0578192 -0.17555
v -0.108702 0.0578251 -0.17555
v -0.109245 0.0582579 -0.17555
v -0.0919611 0.0631033 -0.17555
v -0.0914141 0.0626752 -0.17555
v -0.0910466 0.0620858 -0.17555
v -0.0909028 0.0614063 -0.17555
v -0.0910002 0.0607185 -0.17555
v -0.0913268 0.0601055 -0.17555
v -0.096795 0.0577306 -0.17555
v -0.0977009 0.0569963 -0.17555
v -0.0924877 0.0593817 -0.17555
v -0.0918434 0.0596412 -0.17555
v -0.107349 0.0576217 -0.17555
v -0.106702 0.0578758 -0.17555
v -0.106182 0.0583356 -0.17555
v -0.103354 0.0574996 -0.17555
v -0.102369 0.0620568 -0.17555
v -0.098795 0.0611947 -0.17555
v -0.0933157 0.063295 -0.17555
v -0.0926215 0.0633186 -0.17555
v -0.103324 0.0397565 -0.17555
v -0.10334 0.0396828 -0.17555
v -0.100565 0.0416864 -0.17555
v -0.0975499 0.0422307 -0.17555
v -0.097315 0.0428843 -0.17555
v -0.103421 0.0404442 -0.17555
v -0.097315 0.0471157 -0.17555
v -0.0973178 0.0464211 -0.17555
v -0.0979942 0.0416968 -0.17555
v -0.0985943 0.0413471 -0.17555
v -0.0992779 0.0412237 -0.17555
v -0.0999624 0.0413415 -0.17555
v -0.0915478 0.0528734 -0.17555
v -0.107224 0.0507954 -0.17555
v -0.106898 0.0514084 -0.17555
v -0.097445 0.045 -0.17555
v -0.0973178 0.0435789 -0.17555
v -0.0910992 0.0534037 -0.17555
v -0.108145 0.045 -0.17555
v -0.108684 0.0396828 -0.17555
v -0.1073 0.0396828 -0.17555
v -0.106381 0.0518727 -0.17555
v -0.103441 0.0549299 -0.17555
v -0.103768 0.0555429 -0.17555
v -0.103865 0.0562307 -0.17555
v -0.101586 0.0541825 -0.17555
v -0.10228 0.0542061 -0.17555
v -0.103468 0.050923 -0.17555
v -0.0915354 0.0559376 -0.17555
v -0.091091 0.0554037 -0.17555
v -0.0908561 0.05475 -0.17555
v -0.0908589 0.0540554 -0.17555
v -0.0985943 0.0486529 -0.17555
v -0.0974307 0.0513426 -0.17555
v -0.0992779 0.0487763 -0.17555
v -0.0977551 0.0518777 -0.17555
v -0.103421 0.0495558 -0.17555
v -0.101014 0.0477833 -0.17555
v -0.103324 0.0502435 -0.17555
v -0.100565 0.0483136 -0.17555
v -0.0999624 0.0486585 -0.17555
v -0.0978464 0.0531103 -0.17555
v -0.0978984 0.0524868 -0.17555
v -0.105737 0.0521323 -0.17555
v -0.105043 0.0521559 -0.17555
v -0.102924 0.0544657 -0.17555
v -0.104382 0.0519406 -0.17555
v -0.103835 0.0515124 -0.17555
v -0.0979942 0.0483032 -0.17555
v -0.0963798 0.0506918 -0.17555
v -0.0969568 0.050934 -0.17555
v -0.093445 0.0519282 -0.17555
v -0.0946121 0.0511075 -0.17555
v -0.0975499 0.0477693 -0.17555
v -0.0951471 0.050783 -0.17555
v -0.0957562 0.0506398 -0.17555
v -0.101014 0.0422167 -0.17555
v -0.101254 0.0428684 -0.17555
v -0.104145 0.045 -0.17555
v -0.101445 0.045 -0.17555
v -0.101254 0.0471316 -0.17555
v -0.0921507 0.0525286 -0.17555
v -0.095445 0.0553923 -0.17555
v -0.0935036 0.0562928 -0.17555
v -0.092819 0.0564107 -0.17555
v -0.0921355 0.0562873 -0.17555
v -0.100925 0.0543977 -0.17555
v -0.100379 0.0548259 -0.17555
v -0.0976042 0.0536873 -0.17555
v -0.0971956 0.0541612 -0.17555
v -0.0855743 0.026705 -0.17555
v -0.087742 0.0227819 -0.17555
v -0.0873702 0.0232852 -0.17555
v -0.087945 0.0215626 -0.17555
v -0.0879401 0.0221884 -0.17555
v -0.089445 0.027184 -0.17555
v -0.0868611 0.023649 -0.17555
v -0.0862645 0.0238377 -0.17555
v -0.0843248 0.027184 -0.17555
v -0.0877563 0.020966 -0.17555
v -0.0868556 0.0168901 -0.17555
v -0.0873926 0.0204569 -0.17555
v -0.0868893 0.0200851 -0.17555
v -0.0873339 0.027184 -0.17555
v -0.087328 0.0271766 -0.17555
v -0.0868035 0.0268353 -0.17555
v -0.0861992 0.0266728 -0.17555
v -0.0679224 0.027184 -0.17555
v -0.0702056 0.0248552 -0.17555
v -0.072229 0.0227915 -0.17555
v -0.0741055 0.024755 -0.17555
v -0.0788199 0.0189862 -0.17555
v -0.0795821 0.0215931 -0.17555
v -0.0861901 0.0170891 -0.17555
v -0.08567 0.0198821 -0.17555
v -0.0862957 0.019887 -0.17555
v -0.0606349 0.0300513 -0.17555
v -0.0650647 0.0290184 -0.17555
v -0.0643992 0.0288194 -0.17555
v -0.063842 0.0284047 -0.17555
v -0.0634601 0.0278245 -0.17555
v -0.0606349 0.027184 -0.17555
v -0.0692074 0.0300513 -0.17555
v -0.0657581 0.0289778 -0.17555
v -0.0692478 0.0297819 -0.17555
v -0.0663958 0.0287026 -0.17555
v -0.0695798 0.0291718 -0.17555
v -0.0669009 0.0282258 -0.17555
v -0.0606349 0.0314788 -0.17555
v -0.0607902 0.0313502 -0.17555
v -0.0613718 0.0311193 -0.17555
v -0.0691446 0.0304688 -0.17555
v -0.0619963 0.0310794 -0.17555
v -0.0626025 0.0312345 -0.17555
v -0.0631311 0.0315693 -0.17555
v -0.0635304 0.0320511 -0.17555
v -0.0692825 0.0311496 -0.17555
v -0.0637613 0.0326327 -0.17555
v -0.0696021 0.0359394 -0.17555
v -0.0696626 0.0365622 -0.17555
v -0.0661219 0.0351709 -0.17555
v -0.0638011 0.0332572 -0.17555
v -0.0658047 0.0357103 -0.17555
v -0.0636461 0.0338634 -0.17555
v -0.0655191 0.0368308 -0.17555
v -0.069645 0.0317421 -0.17555
v -0.0665902 0.0347559 -0.17555
v -0.0671638 0.0345059 -0.17555
v -0.0693521 0.0353658 -0.17555
v -0.0702056 0.0321808 -0.17555
v -0.0689371 0.0348975 -0.17555
v -0.0701882 0.0321749 -0.17555
v -0.0683977 0.0345804 -0.17555
v -0.0677866 0.0344454 -0.17555
v -0.0877908 0.0365963 -0.17555
v -0.089445 0.0368308 -0.17555
v -0.0708467 0.0323959 -0.17555
v -0.0715411 0.0323783 -0.17555
v -0.0867545 0.0337127 -0.17555
v -0.0873546 0.0340624 -0.17555
v -0.089445 0.0300513 -0.17555
v -0.0877989 0.0345963 -0.17555
v -0.0810683 0.0368308 -0.17555
v -0.07661 0.0357939 -0.17555
v -0.0759657 0.0355343 -0.17555
v -0.0743611 0.0300513 -0.17555
v -0.0727082 0.0316644 -0.17555
v -0.0751689 0.0330898 -0.17555
v -0.0721876 0.0321242 -0.17555
v -0.0750251 0.0337693 -0.17555
v -0.0751224 0.0344571 -0.17555
v -0.0754491 0.0350701 -0.17555
v -0.0880339 0.03525 -0.17555
v -0.0880311 0.0359446 -0.17555
v -0.0785115 0.0351741 -0.17555
v -0.0779645 0.0356023 -0.17555
v -0.0773041 0.0358175 -0.17555
v -0.0812858 0.0363127 -0.17555
v -0.0816944 0.0358388 -0.17555
v -0.082095 0.0322694 -0.17555
v -0.083445 0.0346077 -0.17555
v -0.0864023 0.0306183 -0.17555
v -0.0755364 0.0325004 -0.17555
v -0.0785578 0.0300513 -0.17555
v -0.0765212 0.0279432 -0.17555
v -0.080095 0.0288053 -0.17555
v -0.0778362 0.027184 -0.17555
v -0.0811353 0.0252792 -0.17555
v -0.0853864 0.0337072 -0.17555
v -0.086071 0.0335893 -0.17555
v -0.0869867 0.0303947 -0.17555
v -0.0874115 0.0300513 -0.17555
v -0.0874733 0.0300013 -0.17555
v -0.0878146 0.0294769 -0.17555
v -0.0877213 0.0276633 -0.17555
v -0.087945 0.0282477 -0.17555
v -0.0879772 0.0288726 -0.17555
v -0.0864567 0.00643016 -0.17555
v -0.0870885 0.00671882 -0.17555
v -0.089445 0.00393298 -0.17555
v -0.0875834 0.00720616 -0.17555
v -0.0878818 0.00783338 -0.17555
v -0.0879477 0.00852484 -0.17555
v -0.0877731 0.00919714 -0.17555
v -0.089445 0.0164812 -0.17555
v -0.0873791 0.00976918 -0.17555
v -0.0868133 0.010172 -0.17555
v -0.0870579 0.0134319 -0.17555
v -0.087563 0.0139087 -0.17555
v -0.0878746 0.0145295 -0.17555
v -0.087955 0.0152194 -0.17555
v -0.0877947 0.0158952 -0.17555
v -0.0874051 0.0164812 -0.17555
v -0.0874128 0.0164755 -0.17555
v -0.0702056 0.00393298 -0.17555
v -0.0750268 0.00897839 -0.17555
v -0.0857643 0.00637498 -0.17555
v -0.0765132 0.012692 -0.17555
v -0.0578351 0.0224999 -0.17555
v -0.0606349 0.0195628 -0.17555
v -0.0606349 0.0164812 -0.17555
v -0.0635724 0.0164812 -0.17555
v -0.0606349 0.00393298 -0.17555
v -0.0654585 0.0145027 -0.17555
v -0.0702056 0.0117619 -0.17555
v -0.0580394 0.0250629 -0.17555
v -0.0574047 0.027184 -0.17555
v -0.0586052 0.0254657 -0.17555
v -0.0592748 0.0256507 -0.17555
v -0.0599671 0.0255955 -0.17555
v -0.0605989 0.0253068 -0.17555
v -0.0606349 0.0252714 -0.17555
v -0.0576454 0.0244909 -0.17555
v -0.0574708 0.0238186 -0.17555
v -0.0574047 0.0164812 -0.17555
v -0.0575367 0.0231271 -0.17555
v -0.0633082 0.027184 -0.17555
v -0.0632998 0.0271487 -0.17555
v -0.0633802 0.0264588 -0.17555
v -0.0610939 0.0248195 -0.17555
v -0.0636918 0.025838 -0.17555
v -0.0679313 0.0176467 -0.17555
v -0.0697783 0.0196301 -0.17555
v -0.0702056 0.0193834 -0.17555
v -0.0752323 0.0164812 -0.17555
v -0.0773074 0.0152832 -0.17555
v -0.0861437 0.0103569 -0.17555
v -0.0857268 0.0131161 -0.17555
v -0.0864202 0.0131566 -0.17555
v -0.0628194 0.0368308 -0.17555
v -0.062025 0.0396828 -0.17555
v -0.064792 0.0396828 -0.17555
v -0.0667104 0.0553151 -0.17555
v -0.0661672 0.0548822 -0.17555
v -0.0692304 0.0548045 -0.17555
v -0.0687098 0.0552643 -0.17555
v -0.0680633 0.0555184 -0.17555
v -0.0673689 0.055536 -0.17555
v -0.0642426 0.0418381 -0.17555
v -0.0616038 0.0411948 -0.17555
v -0.0642426 0.0481619 -0.17555
v -0.0616038 0.0488052 -0.17555
v -0.0658047 0.0542897 -0.17555
v -0.0636461 0.0561366 -0.17555
v -0.0638064 0.0568125 -0.17555
v -0.0682115 0.042336 -0.17555
v -0.0682115 0.047664 -0.17555
v -0.0695276 0.0528267 -0.17555
v -0.0696655 0.0535075 -0.17555
v -0.0695623 0.0541944 -0.17555
v -0.0696032 0.0368308 -0.17555
v -0.0695276 0.0371733 -0.17555
v -0.0688879 0.0396828 -0.17555
v -0.0603084 0.0317495 -0.17555
v -0.0579188 0.0300513 -0.17555
v -0.0599736 0.0322781 -0.17555
v -0.0577926 0.0305374 -0.17555
v -0.0574047 0.0318577 -0.17555
v -0.0587054 0.0368308 -0.17555
v -0.0574047 0.0368308 -0.17555
v -0.0574047 0.0396828 -0.17555
v -0.0576407 0.0493469 -0.17555
v -0.0576407 0.0406531 -0.17555
v -0.057911 0.0396828 -0.17555
v -0.0606349 0.0585101 -0.17555
v -0.0603554 0.0583021 -0.17555
v -0.0597715 0.0569963 -0.17555
v -0.0599736 0.0577219 -0.17555
v -0.0577926 0.0594626 -0.17555
v -0.0574047 0.0283514 -0.17555
v -0.0576029 0.0285465 -0.17555
v -0.0579013 0.0291737 -0.17555
v -0.0579672 0.0298651 -0.17555
v 0.00849 0.027184 -0.17555
v -0.0551143 0.0279002 -0.17555
v -0.0557838 0.0277153 -0.17555
v -0.0564762 0.0277705 -0.17555
v -0.0571079 0.0280591 -0.17555
v -0.0538089 0.0300513 -0.17555
v -0.0541544 0.0288751 -0.17555
v -0.0545484 0.028303 -0.17555
v -0.0510403 0.0394757 -0.17555
v 0.00849 0.0368308 -0.17555
v -0.0510403 0.0396828 -0.17555
v 0.00849 0.0396828 -0.17555
v -0.0510403 0.0505243 -0.17555
v 0.00849 0.0569963 -0.17555
v -0.0529415 0.0569963 -0.17555
v -0.0541544 0.0611249 -0.17555
v 0.00849 0.0638393 -0.17555
v -0.0545003 0.0616464 -0.17555
v -0.0579604 0.0600654 -0.17555
v -0.0579337 0.0606905 -0.17555
v -0.0577152 0.0612769 -0.17555
v -0.0574047 0.0616679 -0.17555
v -0.0573261 0.061767 -0.17555
v -0.0555767 0.062254 -0.17555
v -0.0549904 0.0620354 -0.17555
v -0.0568047 0.0621128 -0.17555
v -0.0562019 0.0622807 -0.17555
v -0.0549995 0.0499548 -0.17555
v -0.0559438 0.0368308 -0.17555
v -0.055106 0.0396828 -0.17555
v -0.0549995 0.0400452 -0.17555
v -0.11551 0.0264588 -0.17555
v -0.118234 0.0252662 -0.17555
v -0.115198 0.025838 -0.17555
v -0.117796 0.0248195 -0.17555
v -0.109112 0.0196301 -0.17555
v -0.110959 0.0176467 -0.17555
v -0.10894 0.0164812 -0.17555
v -0.121322 0.0242962 -0.17555
v -0.121032 0.0248509 -0.17555
v -0.2185 0.027184 -0.17555
v -0.120585 0.0252891 -0.17555
v -0.120025 0.0255677 -0.17555
v -0.119406 0.0256596 -0.17555
v -0.118255 0.0195628 -0.17555
v -0.121055 0.0224999 -0.17555
v -0.2185 0.0164812 -0.17555
v -0.121334 0.0230602 -0.17555
v -0.121425 0.0236791 -0.17555
v -0.0924333 0.00643016 -0.17555
v -0.0931257 0.00637498 -0.17555
v -0.108684 0.00393298 -0.17555
v -0.103863 0.00897839 -0.17555
v -0.108684 0.0117619 -0.17555
v -0.118255 0.00393298 -0.17555
v -0.113432 0.0145027 -0.17555
v -0.118255 0.0164812 -0.17555
v -0.115318 0.0164812 -0.17555
v -0.0909423 0.00852484 -0.17555
v -0.0910082 0.00783338 -0.17555
v -0.0913066 0.00720616 -0.17555
v -0.0918015 0.00671882 -0.17555
v -0.0920767 0.010172 -0.17555
v -0.0924698 0.0131566 -0.17555
v -0.0927463 0.0103569 -0.17555
v -0.0931632 0.0131161 -0.17555
v -0.102377 0.012692 -0.17555
v -0.0918321 0.0134319 -0.17555
v -0.0911169 0.00919714 -0.17555
v -0.0915109 0.00976918 -0.17555
v -0.101583 0.0152832 -0.17555
v -0.108684 0.0163337 -0.17555
v -0.0910953 0.0158952 -0.17555
v -0.090935 0.0152194 -0.17555
v -0.0910154 0.0145295 -0.17555
v -0.091327 0.0139087 -0.17555
v -0.103768 0.0344571 -0.17555
v -0.103441 0.0350701 -0.17555
v -0.108684 0.0368308 -0.17555
v -0.108448 0.0322909 -0.17555
v -0.107835 0.0324161 -0.17555
v -0.103865 0.0337693 -0.17555
v -0.107213 0.0323458 -0.17555
v -0.103721 0.0330898 -0.17555
v -0.102924 0.0355343 -0.17555
v -0.10228 0.0357939 -0.17555
v -0.0978046 0.0368308 -0.17555
v -0.101586 0.0358175 -0.17555
v -0.100925 0.0356023 -0.17555
v -0.0976399 0.0363727 -0.17555
v -0.100379 0.0351741 -0.17555
v -0.0918434 0.0303588 -0.17555
v -0.0915013 0.0300513 -0.17555
v -0.0909069 0.0361484 -0.17555
v -0.0911736 0.0367144 -0.17555
v -0.0912831 0.0368308 -0.17555
v -0.091702 0.0339358 -0.17555
v -0.0922681 0.033669 -0.17555
v -0.0924877 0.0306183 -0.17555
v -0.0928888 0.0335903 -0.17555
v -0.0935036 0.0337072 -0.17555
v -0.096795 0.0322694 -0.17555
v -0.095445 0.0346077 -0.17555
v -0.0971956 0.0358388 -0.17555
v -0.0908281 0.0355276 -0.17555
v -0.090945 0.0349129 -0.17555
v -0.0912461 0.0343644 -0.17555
v -0.0913586 0.0206136 -0.17555
v -0.0918792 0.0201537 -0.17555
v -0.106661 0.0227915 -0.17555
v -0.104784 0.024755 -0.17555
v -0.107273 0.027184 -0.17555
v -0.0914238 0.0231839 -0.17555
v -0.0910613 0.0225914 -0.17555
v -0.0909234 0.0219106 -0.17555
v -0.0910267 0.0212237 -0.17555
v -0.0993079 0.0215931 -0.17555
v -0.10007 0.0189862 -0.17555
v -0.09322 0.0198821 -0.17555
v -0.0926999 0.0170891 -0.17555
v -0.0925257 0.0198997 -0.17555
v -0.0920344 0.0168901 -0.17555
v -0.0914849 0.0164812 -0.17555
v -0.0914771 0.0164755 -0.17555
v -0.106644 0.0320868 -0.17555
v -0.106182 0.0316644 -0.17555
v -0.103354 0.0325004 -0.17555
v -0.104529 0.0300513 -0.17555
v -0.100332 0.0300513 -0.17555
v -0.102369 0.0279432 -0.17555
v -0.098795 0.0288053 -0.17555
v -0.101054 0.027184 -0.17555
v -0.0945652 0.027184 -0.17555
v -0.0977547 0.0252792 -0.17555
v -0.0933157 0.026705 -0.17555
v -0.0926255 0.0238377 -0.17555
v -0.0926215 0.0266814 -0.17555
v -0.091967 0.0236167 -0.17555
v -0.0919611 0.0268967 -0.17555
v -0.0915941 0.027184 -0.17555
v -0.0914141 0.0273248 -0.17555
v -0.0910466 0.0279142 -0.17555
v -0.0913268 0.0298945 -0.17555
v -0.0910002 0.0292815 -0.17555
v -0.0909028 0.0285938 -0.17555
v -0.106381 0.0381273 -0.17555
v -0.106898 0.0385916 -0.17555
v -0.107224 0.0392046 -0.17555
v -0.103468 0.039077 -0.17555
v -0.103835 0.0384876 -0.17555
v -0.0916022 0.0371703 -0.17555
v -0.0971832 0.0389029 -0.17555
v -0.0965803 0.0392478 -0.17555
v -0.0958957 0.0393656 -0.17555
v -0.0952122 0.0392422 -0.17555
v -0.0946121 0.0388925 -0.17555
v -0.104382 0.0380594 -0.17555
v -0.105043 0.0378441 -0.17555
v -0.105737 0.0378677 -0.17555
v -0.093445 0.0380718 -0.17555
v -0.0921507 0.0374714 -0.17555
v -0.0978748 0.0370263 -0.17555
v -0.097872 0.0377209 -0.17555
v -0.0976318 0.0383726 -0.17555
v -0.11559 0.0271487 -0.17555
v -0.115582 0.027184 -0.17555
v -0.118255 0.0300513 -0.17555
v -0.11543 0.0278245 -0.17555
v -0.115048 0.0284047 -0.17555
v -0.114491 0.0288194 -0.17555
v -0.113825 0.0290184 -0.17555
v -0.109687 0.0300513 -0.17555
v -0.113132 0.0289778 -0.17555
v -0.112494 0.0287026 -0.17555
v -0.109619 0.0297161 -0.17555
v -0.111989 0.0282258 -0.17555
v -0.10931 0.0291718 -0.17555
v -0.108684 0.028561 -0.17555
v -0.109293 0.0368308 -0.17555
v -0.109224 0.0364925 -0.17555
v -0.108684 0.0321568 -0.17555
v -0.109328 0.0358056 -0.17555
v -0.117312 0.0310842 -0.17555
v -0.116618 0.0311248 -0.17555
v -0.115981 0.0314 -0.17555
v -0.115476 0.0318768 -0.17555
v -0.11218 0.0346849 -0.17555
v -0.111521 0.034464 -0.17555
v -0.110827 0.0344816 -0.17555
v -0.109744 0.0303292 -0.17555
v -0.109674 0.030951 -0.17555
v -0.10966 0.0351955 -0.17555
v -0.11018 0.0347357 -0.17555
v -0.108992 0.0319823 -0.17555
v -0.109415 0.0315206 -0.17555
v -0.11018 0.0552643 -0.17555
v -0.10966 0.0548045 -0.17555
v -0.11218 0.0553151 -0.17555
v -0.111521 0.055536 -0.17555
v -0.110827 0.0555184 -0.17555
v -0.109328 0.0541944 -0.17555
v -0.109224 0.0535075 -0.17555
v -0.109362 0.0528267 -0.17555
v -0.110679 0.047664 -0.17555
v -0.112723 0.0548822 -0.17555
v -0.115089 0.0567428 -0.17555
v -0.113085 0.0542897 -0.17555
v -0.115244 0.0561366 -0.17555
v -0.114647 0.0481619 -0.17555
v -0.117286 0.0488052 -0.17555
v -0.114647 0.0418381 -0.17555
v -0.117286 0.0411948 -0.17555
v -0.114098 0.0396828 -0.17555
v -0.116865 0.0396828 -0.17555
v -0.116071 0.0368308 -0.17555
v -0.115244 0.0338634 -0.17555
v -0.113085 0.0357103 -0.17555
v -0.113371 0.0368308 -0.17555
v -0.110679 0.042336 -0.17555
v -0.110002 0.0396828 -0.17555
v -0.109362 0.0371733 -0.17555
v -0.124342 0.061697 -0.17555
v -0.123776 0.0620998 -0.17555
v -0.123106 0.0622847 -0.17555
v -0.122414 0.0622295 -0.17555
v -0.121782 0.0619409 -0.17555
v -0.121287 0.0614535 -0.17555
v -0.120989 0.0608263 -0.17555
v -0.120923 0.0601349 -0.17555
v -0.118582 0.0582505 -0.17555
v -0.2185 0.0569963 -0.17555
v -0.125948 0.0569963 -0.17555
v -0.124736 0.0611249 -0.17555
v -0.2185 0.0300513 -0.17555
v -0.127073 0.0368308 -0.17555
v -0.2185 0.0368308 -0.17555
v -0.12785 0.0394757 -0.17555
v -0.2185 0.0396828 -0.17555
v -0.12785 0.0396828 -0.17555
v -0.12785 0.0505243 -0.17555
v -0.120956 0.0293095 -0.17555
v -0.121175 0.0287231 -0.17555
v -0.123313 0.027746 -0.17555
v -0.1239 0.0279646 -0.17555
v -0.12439 0.0283536 -0.17555
v -0.124736 0.0288751 -0.17555
v -0.125081 0.0300513 -0.17555
v -0.12093 0.0299346 -0.17555
v -0.120962 0.0300513 -0.17555
v -0.122688 0.0277193 -0.17555
v -0.121564 0.028233 -0.17555
v -0.122085 0.0278872 -0.17555
v -0.117977 0.0312832 -0.17555
v -0.118255 0.0314899 -0.17555
v -0.118535 0.0316979 -0.17555
v -0.121097 0.0305374 -0.17555
v -0.118916 0.0322781 -0.17555
v -0.122946 0.0368308 -0.17555
v -0.120185 0.0368308 -0.17555
v -0.120979 0.0396828 -0.17555
v -0.118916 0.0577219 -0.17555
v -0.121097 0.0594626 -0.17555
v -0.119119 0.0569963 -0.17555
v -0.121822 0.0569963 -0.17555
v -0.121249 0.0493469 -0.17555
v -0.12389 0.0499548 -0.17555
v -0.121249 0.0406531 -0.17555
v -0.12389 0.0400452 -0.17555
v -0.123784 0.0396828 -0.17555
v 0.126268 0.0359394 -0.17555
v 0.126207 0.0365622 -0.17555
v 0.125664 0.0368308 -0.17555
v 0.126725 0.0304688 -0.17555
v 0.134292 0.0310842 -0.17555
v 0.133598 0.0311248 -0.17555
v 0.126663 0.0300513 -0.17555
v 0.134957 0.0312832 -0.17555
v 0.128706 0.0345059 -0.17555
v 0.126225 0.0317421 -0.17555
v 0.12928 0.0347559 -0.17555
v 0.129748 0.0351709 -0.17555
v 0.126518 0.0353658 -0.17555
v 0.125664 0.0321808 -0.17555
v 0.126933 0.0348975 -0.17555
v 0.125682 0.0321749 -0.17555
v 0.127472 0.0345804 -0.17555
v 0.128083 0.0344454 -0.17555
v 0.130351 0.0368308 -0.17555
v 0.130065 0.0357103 -0.17555
v 0.132224 0.0338634 -0.17555
v 0.132064 0.0331875 -0.17555
v 0.132961 0.0314 -0.17555
v 0.132456 0.0318768 -0.17555
v 0.126587 0.0311496 -0.17555
v 0.132144 0.0324976 -0.17555
v 0.133051 0.0368308 -0.17555
v 0.133845 0.0396828 -0.17555
v 0.131078 0.0396828 -0.17555
v 0.12916 0.0553151 -0.17555
v 0.129703 0.0548822 -0.17555
v 0.132085 0.0569963 -0.17555
v 0.127659 0.047664 -0.17555
v 0.126342 0.0528267 -0.17555
v 0.125664 0.0396828 -0.17555
v 0.127659 0.042336 -0.17555
v 0.126204 0.0535075 -0.17555
v 0.126308 0.0541944 -0.17555
v 0.125664 0.0569963 -0.17555
v 0.12664 0.0548045 -0.17555
v 0.12716 0.0552643 -0.17555
v 0.127807 0.0555184 -0.17555
v 0.128501 0.055536 -0.17555
v 0.126267 0.0368308 -0.17555
v 0.126342 0.0371733 -0.17555
v 0.126982 0.0396828 -0.17555
v 0.131627 0.0418381 -0.17555
v 0.134266 0.0411948 -0.17555
v 0.131627 0.0481619 -0.17555
v 0.134266 0.0488052 -0.17555
v 0.130065 0.0542897 -0.17555
v 0.132224 0.0561366 -0.17555
v 0.132064 0.0568125 -0.17555
v 0.123878 0.0514084 -0.17555
v 0.124204 0.0507954 -0.17555
v 0.114974 0.0416968 -0.17555
v 0.11453 0.0422307 -0.17555
v 0.106425 0.0396828 -0.17555
v 0.123361 0.0518727 -0.17555
v 0.125125 0.045 -0.17555
v 0.107836 0.05475 -0.17555
v 0.108071 0.0554037 -0.17555
v 0.106425 0.0569963 -0.17555
v 0.108515 0.0559376 -0.17555
v 0.109115 0.0562873 -0.17555
v 0.109799 0.0564107 -0.17555
v 0.120401 0.0404442 -0.17555
v 0.117994 0.0422167 -0.17555
v 0.120304 0.0397565 -0.17555
v 0.117545 0.0416864 -0.17555
v 0.12032 0.0396828 -0.17555
v 0.116942 0.0413415 -0.17555
v 0.116258 0.0412237 -0.17555
v 0.115574 0.0413471 -0.17555
v 0.120845 0.0562307 -0.17555
v 0.120701 0.0569102 -0.17555
v 0.120647 0.0569963 -0.17555
v 0.110484 0.0562928 -0.17555
v 0.114681 0.0569963 -0.17555
v 0.111123 0.0432899 -0.17555
v 0.110255 0.0417861 -0.17555
v 0.11926 0.0542061 -0.17555
v 0.118566 0.0541825 -0.17555
v 0.114855 0.0529737 -0.17555
v 0.117905 0.0543977 -0.17555
v 0.11462 0.0536273 -0.17555
v 0.117359 0.0548259 -0.17555
v 0.114176 0.0541612 -0.17555
v 0.112425 0.0553923 -0.17555
v 0.107839 0.0540554 -0.17555
v 0.106425 0.049924 -0.17555
v 0.108079 0.0534037 -0.17555
v 0.107293 0.049924 -0.17555
v 0.108528 0.0528734 -0.17555
v 0.117135 0.0485774 -0.17555
v 0.117649 0.0482206 -0.17555
v 0.120401 0.0495558 -0.17555
v 0.120748 0.0555429 -0.17555
v 0.122023 0.0521559 -0.17555
v 0.120421 0.0549299 -0.17555
v 0.121362 0.0519406 -0.17555
v 0.119904 0.0544657 -0.17555
v 0.120815 0.0515124 -0.17555
v 0.120448 0.050923 -0.17555
v 0.122717 0.0521323 -0.17555
v 0.118028 0.0477224 -0.17555
v 0.118234 0.0471316 -0.17555
v 0.121125 0.045 -0.17555
v 0.118425 0.045 -0.17555
v 0.118234 0.0428684 -0.17555
v 0.112876 0.0506344 -0.17555
v 0.112192 0.0507578 -0.17555
v 0.110255 0.0482139 -0.17555
v 0.111592 0.0511075 -0.17555
v 0.108925 0.0493301 -0.17555
v 0.110425 0.0519282 -0.17555
v 0.109131 0.0525286 -0.17555
v 0.114465 0.0476458 -0.17555
v 0.114163 0.0510971 -0.17555
v 0.11356 0.0507522 -0.17555
v 0.114295 0.0428843 -0.17555
v 0.114298 0.0435789 -0.17555
v 0.111425 0.045 -0.17555
v 0.114425 0.045 -0.17555
v 0.111123 0.0467101 -0.17555
v 0.114298 0.0464211 -0.17555
v 0.114284 0.0470467 -0.17555
v 0.114822 0.0481598 -0.17555
v 0.11532 0.0485384 -0.17555
v 0.114612 0.0516274 -0.17555
v 0.115911 0.0487445 -0.17555
v 0.116536 0.048758 -0.17555
v 0.114852 0.0522791 -0.17555
v 0.120304 0.0502435 -0.17555
v 0.122023 0.0378441 -0.17555
v 0.121362 0.0380594 -0.17555
v 0.114802 0.0368308 -0.17555
v 0.120815 0.0384876 -0.17555
v 0.120448 0.039077 -0.17555
v 0.114826 0.0368897 -0.17555
v 0.112127 0.039217 -0.17555
v 0.112736 0.0393602 -0.17555
v 0.108278 0.0368308 -0.17555
v 0.108528 0.0371266 -0.17555
v 0.109131 0.0374714 -0.17555
v 0.11336 0.0393082 -0.17555
v 0.113937 0.039066 -0.17555
v 0.123878 0.0385916 -0.17555
v 0.124204 0.0392046 -0.17555
v 0.12428 0.0396828 -0.17555
v 0.123361 0.0381273 -0.17555
v 0.122717 0.0378677 -0.17555
v 0.114411 0.0386574 -0.17555
v 0.114735 0.0381223 -0.17555
v 0.114878 0.0375132 -0.17555
v 0.110425 0.0380718 -0.17555
v 0.111592 0.0388925 -0.17555
v 0.138405 0.0663209 -0.17555
v 0.138302 0.0657038 -0.17555
v 0.138465 0.0638393 -0.17555
v 0.138012 0.0651491 -0.17555
v 0.137565 0.0647109 -0.17555
v 0.135235 0.0885 -0.17555
v 0.135235 0.0704372 -0.17555
v 0.138465 0.0885 -0.17555
v 0.138035 0.0675001 -0.17555
v 0.138314 0.0669398 -0.17555
v 0.137005 0.0644323 -0.17555
v 0.136386 0.0643404 -0.17555
v 0.135235 0.0638393 -0.17555
v 0.135769 0.0644443 -0.17555
v 0.135235 0.0647229 -0.17555
v 0.10968 0.0729109 -0.17555
v 0.109506 0.0701003 -0.17555
v 0.1102 0.0701179 -0.17555
v 0.125664 0.0885 -0.17555
v 0.106425 0.0885 -0.17555
v 0.110106 0.083625 -0.17555
v 0.107988 0.0821666 -0.17555
v 0.108287 0.0827938 -0.17555
v 0.120843 0.0810216 -0.17555
v 0.125664 0.0782381 -0.17555
v 0.130412 0.0754973 -0.17555
v 0.107922 0.0814752 -0.17555
v 0.108782 0.0832812 -0.17555
v 0.109413 0.0835698 -0.17555
v 0.11705 0.0710138 -0.17555
v 0.116288 0.0684069 -0.17555
v 0.123641 0.0672085 -0.17555
v 0.108947 0.0663833 -0.17555
v 0.108404 0.0668161 -0.17555
v 0.106425 0.0638393 -0.17555
v 0.108041 0.0674086 -0.17555
v 0.108097 0.0808029 -0.17555
v 0.121764 0.065245 -0.17555
v 0.123205 0.0638393 -0.17555
v 0.116261 0.0638393 -0.17555
v 0.114735 0.0647208 -0.17555
v 0.109606 0.0661623 -0.17555
v 0.108859 0.0698463 -0.17555
v 0.109077 0.0730797 -0.17555
v 0.108556 0.0734264 -0.17555
v 0.108168 0.0739172 -0.17555
v 0.107951 0.0745038 -0.17555
v 0.108339 0.0693864 -0.17555
v 0.108007 0.0687763 -0.17555
v 0.107903 0.0680894 -0.17555
v 0.107925 0.0751291 -0.17555
v 0.108491 0.0802308 -0.17555
v 0.109057 0.079828 -0.17555
v 0.108094 0.0757316 -0.17555
v 0.108441 0.0762525 -0.17555
v 0.132347 0.0638393 -0.17555
v 0.135214 0.0647338 -0.17555
v 0.132178 0.064162 -0.17555
v 0.134776 0.0651805 -0.17555
v 0.126092 0.0703699 -0.17555
v 0.127939 0.0723533 -0.17555
v 0.125664 0.0706166 -0.17555
v 0.125664 0.0736663 -0.17555
v 0.118563 0.0747168 -0.17555
v 0.119357 0.077308 -0.17555
v 0.110143 0.0768839 -0.17555
v 0.109726 0.0796431 -0.17555
v 0.109518 0.0768583 -0.17555
v 0.108931 0.0766407 -0.17555
v 0.137951 0.0300513 -0.17555
v 0.138077 0.0305374 -0.17555
v 0.135896 0.0322781 -0.17555
v 0.138465 0.0318577 -0.17555
v 0.137165 0.0368308 -0.17555
v 0.135235 0.027184 -0.17555
v 0.137969 0.0291737 -0.17555
v 0.137903 0.0298651 -0.17555
v 0.138465 0.027184 -0.17555
v 0.140086 0.0277153 -0.17555
v 0.139394 0.0277705 -0.17555
v 0.181863 0.027184 -0.17555
v 0.140756 0.0279002 -0.17555
v 0.138762 0.0280591 -0.17555
v 0.138465 0.0283514 -0.17555
v 0.138267 0.0285465 -0.17555
v 0.142061 0.0300513 -0.17555
v 0.141716 0.0288751 -0.17555
v 0.141322 0.028303 -0.17555
v 0.181863 0.0300513 -0.17555
v 0.181863 0.0368308 -0.17555
v 0.144053 0.0368308 -0.17555
v 0.181863 0.0569963 -0.17555
v 0.14483 0.0505243 -0.17555
v 0.181863 0.0396828 -0.17555
v 0.14483 0.0396828 -0.17555
v 0.14483 0.0394757 -0.17555
v 0.138762 0.0619409 -0.17555
v 0.139394 0.0622295 -0.17555
v 0.181863 0.0638393 -0.17555
v 0.141716 0.0611249 -0.17555
v 0.142928 0.0569963 -0.17555
v 0.140086 0.0622847 -0.17555
v 0.140756 0.0620998 -0.17555
v 0.141322 0.061697 -0.17555
v 0.134957 0.0587168 -0.17555
v 0.135235 0.0585101 -0.17555
v 0.135515 0.0583021 -0.17555
v 0.137969 0.0608263 -0.17555
v 0.138267 0.0614535 -0.17555
v 0.138465 0.0616486 -0.17555
v 0.14087 0.0499548 -0.17555
v 0.138465 0.0396828 -0.17555
v 0.14087 0.0400452 -0.17555
v 0.140764 0.0396828 -0.17555
v 0.138465 0.0368308 -0.17555
v 0.139926 0.0368308 -0.17555
v 0.138229 0.0406531 -0.17555
v 0.137959 0.0396828 -0.17555
v 0.138229 0.0493469 -0.17555
v 0.136099 0.0569963 -0.17555
v 0.135896 0.0577219 -0.17555
v 0.138077 0.0594626 -0.17555
v 0.137903 0.0601349 -0.17555
v 0.132144 0.0575024 -0.17555
v 0.126654 0.059049 -0.17555
v 0.126724 0.0596708 -0.17555
v 0.132456 0.0581232 -0.17555
v 0.126599 0.0602839 -0.17555
v 0.132469 0.0636078 -0.17555
v 0.125664 0.061439 -0.17555
v 0.12629 0.0608282 -0.17555
v 0.130596 0.0609683 -0.17555
v 0.131213 0.0610732 -0.17555
v 0.132961 0.0586 -0.17555
v 0.131768 0.0613636 -0.17555
v 0.133598 0.0588752 -0.17555
v 0.132205 0.061811 -0.17555
v 0.132483 0.0623718 -0.17555
v 0.134292 0.0589158 -0.17555
v 0.132574 0.0629909 -0.17555
v 0.129977 0.0610591 -0.17555
v 0.129417 0.0613368 -0.17555
v 0.128969 0.0617742 -0.17555
v 0.108079 0.0365963 -0.17555
v 0.106425 0.0368308 -0.17555
v 0.125023 0.0323959 -0.17555
v 0.124329 0.0323783 -0.17555
v 0.109115 0.0337127 -0.17555
v 0.108515 0.0340624 -0.17555
v 0.106425 0.0300513 -0.17555
v 0.11926 0.0357939 -0.17555
v 0.119904 0.0355343 -0.17555
v 0.121509 0.0300513 -0.17555
v 0.123162 0.0316644 -0.17555
v 0.120701 0.0330898 -0.17555
v 0.123682 0.0321242 -0.17555
v 0.120845 0.0337693 -0.17555
v 0.120748 0.0344571 -0.17555
v 0.120421 0.0350701 -0.17555
v 0.108071 0.0345963 -0.17555
v 0.107836 0.03525 -0.17555
v 0.107839 0.0359446 -0.17555
v 0.117359 0.0351741 -0.17555
v 0.117905 0.0356023 -0.17555
v 0.118566 0.0358175 -0.17555
v 0.114584 0.0363127 -0.17555
v 0.114176 0.0358388 -0.17555
v 0.113775 0.0322694 -0.17555
v 0.112425 0.0346077 -0.17555
v 0.109468 0.0306183 -0.17555
v 0.110484 0.0337072 -0.17555
v 0.109799 0.0335893 -0.17555
v 0.108883 0.0303947 -0.17555
v 0.108458 0.0300513 -0.17555
v 0.108397 0.0300013 -0.17555
v 0.108055 0.0294769 -0.17555
v 0.106425 0.027184 -0.17555
v 0.107925 0.0282477 -0.17555
v 0.107893 0.0288726 -0.17555
v 0.110296 0.026705 -0.17555
v 0.108128 0.0227819 -0.17555
v 0.1085 0.0232852 -0.17555
v 0.109009 0.023649 -0.17555
v 0.109606 0.0238377 -0.17555
v 0.111545 0.027184 -0.17555
v 0.109671 0.0266728 -0.17555
v 0.109066 0.0268353 -0.17555
v 0.10793 0.0221884 -0.17555
v 0.108114 0.020966 -0.17555
v 0.109014 0.0168901 -0.17555
v 0.108477 0.0204569 -0.17555
v 0.108981 0.0200851 -0.17555
v 0.107925 0.0215626 -0.17555
v 0.108542 0.0271766 -0.17555
v 0.108536 0.027184 -0.17555
v 0.108149 0.0276633 -0.17555
v 0.127948 0.027184 -0.17555
v 0.125664 0.0248552 -0.17555
v 0.123641 0.0227915 -0.17555
v 0.121764 0.024755 -0.17555
v 0.11705 0.0189862 -0.17555
v 0.116288 0.0215931 -0.17555
v 0.10968 0.0170891 -0.17555
v 0.1102 0.0198821 -0.17555
v 0.109574 0.019887 -0.17555
v 0.120334 0.0325004 -0.17555
v 0.117312 0.0300513 -0.17555
v 0.119349 0.0279432 -0.17555
v 0.115775 0.0288053 -0.17555
v 0.118034 0.027184 -0.17555
v 0.114735 0.0252792 -0.17555
v 0.108941 0.0631033 -0.17555
v 0.108394 0.0626752 -0.17555
v 0.108027 0.0620858 -0.17555
v 0.109601 0.0633186 -0.17555
v 0.110296 0.063295 -0.17555
v 0.115775 0.0611947 -0.17555
v 0.126395 0.0584794 -0.17555
v 0.125972 0.0580177 -0.17555
v 0.125664 0.0578432 -0.17555
v 0.125428 0.0577091 -0.17555
v 0.109468 0.0593817 -0.17555
v 0.108823 0.0596412 -0.17555
v 0.108307 0.0601055 -0.17555
v 0.10798 0.0607185 -0.17555
v 0.107883 0.0614063 -0.17555
v 0.124815 0.0575839 -0.17555
v 0.124193 0.0576542 -0.17555
v 0.123624 0.0579132 -0.17555
v 0.120334 0.0574996 -0.17555
v 0.123162 0.0583356 -0.17555
v 0.119349 0.0620568 -0.17555
v 0.113775 0.0577306 -0.17555
v 0.104446 0.0668161 -0.17555
v 0.103903 0.0663833 -0.17555
v 0.104775 0.0741048 -0.17555
v 0.104393 0.0735245 -0.17555
v 0.104809 0.0674086 -0.17555
v 0.104862 0.0821666 -0.17555
v 0.104928 0.0814752 -0.17555
v 0.104935 0.0747806 -0.17555
v 0.103244 0.0661623 -0.17555
v 0.0981153 0.0647208 -0.17555
v 0.0965886 0.0638393 -0.17555
v 0.104543 0.0760913 -0.17555
v 0.104855 0.0754705 -0.17555
v 0.103344 0.0701003 -0.17555
v 0.103991 0.0698463 -0.17555
v 0.103836 0.0731099 -0.17555
v 0.104511 0.0693864 -0.17555
v 0.104843 0.0687763 -0.17555
v 0.104947 0.0680894 -0.17555
v 0.103437 0.0835698 -0.17555
v 0.104068 0.0832812 -0.17555
v 0.104563 0.0827938 -0.17555
v 0.104753 0.0808029 -0.17555
v 0.104359 0.0802308 -0.17555
v 0.104038 0.0765681 -0.17555
v 0.103793 0.079828 -0.17555
v 0.1034 0.0768434 -0.17555
v 0.089209 0.0672085 -0.17555
v 0.0871856 0.0885 -0.17555
v 0.0920068 0.0810216 -0.17555
v 0.102744 0.083625 -0.17555
v 0.086625 0.0582579 -0.17555
v 0.0862625 0.0588504 -0.17555
v 0.0807649 0.0569963 -0.17555
v 0.0871856 0.0569963 -0.17555
v 0.0871856 0.0578192 -0.17555
v 0.0871682 0.0578251 -0.17555
v 0.0795825 0.0587655 -0.17555
v 0.0861246 0.0595312 -0.17555
v 0.0789762 0.0589206 -0.17555
v 0.0783518 0.0588807 -0.17555
v 0.0801111 0.0584307 -0.17555
v 0.0805104 0.0579489 -0.17555
v 0.0807413 0.0573673 -0.17555
v 0.10265 0.0701179 -0.17555
v 0.10317 0.0729109 -0.17555
v 0.0965621 0.0684069 -0.17555
v 0.0957999 0.0710138 -0.17555
v 0.0910855 0.065245 -0.17555
v 0.0896451 0.0638393 -0.17555
v 0.0871856 0.061439 -0.17555
v 0.0865598 0.0608282 -0.17555
v 0.0838809 0.0617742 -0.17555
v 0.0862278 0.0602181 -0.17555
v 0.0833758 0.0612974 -0.17555
v 0.0827381 0.0610222 -0.17555
v 0.0820447 0.0609816 -0.17555
v 0.0813792 0.0611806 -0.17555
v 0.0777702 0.0586498 -0.17555
v 0.080822 0.0615953 -0.17555
v 0.0776149 0.0585212 -0.17555
v 0.0804401 0.0621755 -0.17555
v 0.0802798 0.0628513 -0.17555
v 0.0878267 0.0576041 -0.17555
v 0.103909 0.0631033 -0.17555
v 0.104456 0.0626752 -0.17555
v 0.0885211 0.0576217 -0.17555
v 0.0922025 0.0569963 -0.17555
v 0.0891676 0.0578758 -0.17555
v 0.104823 0.0620858 -0.17555
v 0.104967 0.0614063 -0.17555
v 0.10487 0.0607185 -0.17555
v 0.104543 0.0601055 -0.17555
v 0.099075 0.0577306 -0.17555
v 0.0981691 0.0569963 -0.17555
v 0.103382 0.0593817 -0.17555
v 0.104027 0.0596412 -0.17555
v 0.0896882 0.0583356 -0.17555
v 0.0925164 0.0574996 -0.17555
v 0.0935012 0.0620568 -0.17555
v 0.097075 0.0611947 -0.17555
v 0.102554 0.063295 -0.17555
v 0.103249 0.0633186 -0.17555
v 0.0925461 0.0397565 -0.17555
v 0.0925305 0.0396828 -0.17555
v 0.0953047 0.0416864 -0.17555
v 0.103051 0.0564107 -0.17555
v 0.103734 0.0562873 -0.17555
v 0.104335 0.0559376 -0.17555
v 0.0921024 0.0555429 -0.17555
v 0.0920051 0.0562307 -0.17555
v 0.0921489 0.0569102 -0.17555
v 0.108925 0.0406699 -0.17555
v 0.107293 0.040076 -0.17555
v 0.106425 0.040076 -0.17555
v 0.105557 0.040076 -0.17555
v 0.103925 0.0406699 -0.17555
v 0.102595 0.0417861 -0.17555
v 0.0983201 0.0422307 -0.17555
v 0.101727 0.0432899 -0.17555
v 0.098555 0.0428843 -0.17555
v 0.0924488 0.0404442 -0.17555
v 0.104779 0.0554037 -0.17555
v 0.105014 0.05475 -0.17555
v 0.105011 0.0540554 -0.17555
v 0.101727 0.0467101 -0.17555
v 0.098555 0.0471157 -0.17555
v 0.0985522 0.0464211 -0.17555
v 0.0978758 0.0416968 -0.17555
v 0.102595 0.0482139 -0.17555
v 0.103925 0.0493301 -0.17555
v 0.104322 0.0528734 -0.17555
v 0.0982301 0.0536273 -0.17555
v 0.0986744 0.0541612 -0.17555
v 0.100425 0.0553923 -0.17555
v 0.102366 0.0562928 -0.17555
v 0.0972757 0.0413471 -0.17555
v 0.0965921 0.0412237 -0.17555
v 0.0959076 0.0413415 -0.17555
v 0.0886457 0.0507954 -0.17555
v 0.0889724 0.0514084 -0.17555
v 0.0999743 0.0506344 -0.17555
v 0.0992897 0.0507522 -0.17555
v 0.0983201 0.0477693 -0.17555
v 0.104771 0.0534037 -0.17555
v 0.105557 0.049924 -0.17555
v 0.101425 0.045 -0.17555
v 0.098425 0.045 -0.17555
v 0.0985522 0.0435789 -0.17555
v 0.0908275 0.0521559 -0.17555
v 0.0901333 0.0521323 -0.17555
v 0.089489 0.0518727 -0.17555
v 0.0954915 0.0548259 -0.17555
v 0.0949445 0.0543977 -0.17555
v 0.0924023 0.050923 -0.17555
v 0.0942841 0.0541825 -0.17555
v 0.0920348 0.0515124 -0.17555
v 0.09359 0.0542061 -0.17555
v 0.0914879 0.0519406 -0.17555
v 0.0929457 0.0544657 -0.17555
v 0.0924291 0.0549299 -0.17555
v 0.087725 0.045 -0.17555
v 0.0871856 0.0396828 -0.17555
v 0.0885697 0.0396828 -0.17555
v 0.102425 0.0519282 -0.17555
v 0.101258 0.0511075 -0.17555
v 0.100658 0.0507578 -0.17555
v 0.0959076 0.0486585 -0.17555
v 0.0965921 0.0487763 -0.17555
v 0.0986868 0.0510971 -0.17555
v 0.0972757 0.0486529 -0.17555
v 0.0978758 0.0483032 -0.17555
v 0.0982382 0.0516274 -0.17555
v 0.097998 0.0522791 -0.17555
v 0.0979952 0.0529737 -0.17555
v 0.0953047 0.0483136 -0.17555
v 0.0925461 0.0502435 -0.17555
v 0.094856 0.0477833 -0.17555
v 0.0924488 0.0495558 -0.17555
v 0.103719 0.0525286 -0.17555
v 0.094856 0.0422167 -0.17555
v 0.0946158 0.0428684 -0.17555
v 0.091725 0.045 -0.17555
v 0.094425 0.045 -0.17555
v 0.0946158 0.0471316 -0.17555
v 0.0776149 0.0885 -0.17555
v 0.0824385 0.0754973 -0.17555
v 0.0871856 0.0782381 -0.17555
v 0.0748379 0.0651491 -0.17555
v 0.0745485 0.0657038 -0.17555
v 0.0744446 0.0663209 -0.17555
v 0.0745365 0.0669398 -0.17555
v 0.00849 0.0885 -0.17555
v 0.0748151 0.0675001 -0.17555
v 0.0776149 0.0704372 -0.17555
v 0.077081 0.0644443 -0.17555
v 0.0764639 0.0643404 -0.17555
v 0.0758449 0.0644323 -0.17555
v 0.0752847 0.0647109 -0.17555
v 0.102707 0.0768839 -0.17555
v 0.103124 0.0796431 -0.17555
v 0.0942874 0.0747168 -0.17555
v 0.0934932 0.077308 -0.17555
v 0.0871856 0.0706166 -0.17555
v 0.0871856 0.0736663 -0.17555
v 0.0867583 0.0703699 -0.17555
v 0.0849113 0.0723533 -0.17555
v 0.0806718 0.064162 -0.17555
v 0.0780739 0.0651805 -0.17555
v 0.0776357 0.0647338 -0.17555
v 0.0776149 0.0647229 -0.17555
v 0.105011 0.0359446 -0.17555
v 0.104771 0.0365963 -0.17555
v 0.104572 0.0368308 -0.17555
v 0.0980483 0.0368308 -0.17555
v 0.0949445 0.0356023 -0.17555
v 0.0982658 0.0363127 -0.17555
v 0.0954915 0.0351741 -0.17555
v 0.105014 0.03525 -0.17555
v 0.104779 0.0345963 -0.17555
v 0.104335 0.0340624 -0.17555
v 0.104369 0.0300513 -0.17555
v 0.103734 0.0337127 -0.17555
v 0.104027 0.0303588 -0.17555
v 0.103382 0.0306183 -0.17555
v 0.0871856 0.0368308 -0.17555
v 0.0921024 0.0344571 -0.17555
v 0.0924291 0.0350701 -0.17555
v 0.087422 0.0322909 -0.17555
v 0.0880351 0.0324161 -0.17555
v 0.0920051 0.0337693 -0.17555
v 0.0886569 0.0323458 -0.17555
v 0.0921489 0.0330898 -0.17555
v 0.0929457 0.0355343 -0.17555
v 0.09359 0.0357939 -0.17555
v 0.0942841 0.0358175 -0.17555
v 0.103051 0.0335893 -0.17555
v 0.102366 0.0337072 -0.17555
v 0.099075 0.0322694 -0.17555
v 0.100425 0.0346077 -0.17555
v 0.0986744 0.0358388 -0.17555
v 0.086577 0.0368308 -0.17555
v 0.0866455 0.0364925 -0.17555
v 0.0792516 0.0311248 -0.17555
v 0.0785582 0.0310842 -0.17555
v 0.0776149 0.0300513 -0.17555
v 0.0803944 0.0318768 -0.17555
v 0.0836904 0.0346849 -0.17555
v 0.080706 0.0324976 -0.17555
v 0.0831472 0.0351178 -0.17555
v 0.0807864 0.0331875 -0.17555
v 0.0871856 0.0321568 -0.17555
v 0.0865423 0.0358056 -0.17555
v 0.0798893 0.0314 -0.17555
v 0.0861827 0.0300513 -0.17555
v 0.0843489 0.034464 -0.17555
v 0.0850433 0.0344816 -0.17555
v 0.0861259 0.0303292 -0.17555
v 0.0861963 0.030951 -0.17555
v 0.0862104 0.0351955 -0.17555
v 0.0856898 0.0347357 -0.17555
v 0.0868777 0.0319823 -0.17555
v 0.0864553 0.0315206 -0.17555
v 0.0806451 0.028189 -0.17555
v 0.0810825 0.0286364 -0.17555
v 0.0816367 0.0289268 -0.17555
v 0.0822536 0.0290317 -0.17555
v 0.106425 0.0164812 -0.17555
v 0.104511 0.0206136 -0.17555
v 0.103991 0.0201537 -0.17555
v 0.089209 0.0227915 -0.17555
v 0.0910855 0.024755 -0.17555
v 0.0885966 0.027184 -0.17555
v 0.0828727 0.0289409 -0.17555
v 0.0834335 0.0286632 -0.17555
v 0.0862512 0.0297161 -0.17555
v 0.0838809 0.0282258 -0.17555
v 0.0865598 0.0291718 -0.17555
v 0.0871856 0.028561 -0.17555
v 0.104446 0.0231839 -0.17555
v 0.104809 0.0225914 -0.17555
v 0.104947 0.0219106 -0.17555
v 0.104843 0.0212237 -0.17555
v 0.0892265 0.0320868 -0.17555
v 0.0896882 0.0316644 -0.17555
v 0.0925164 0.0325004 -0.17555
v 0.0913411 0.0300513 -0.17555
v 0.0955378 0.0300513 -0.17555
v 0.0935012 0.0279432 -0.17555
v 0.097075 0.0288053 -0.17555
v 0.0948162 0.027184 -0.17555
v 0.101305 0.027184 -0.17555
v 0.0981153 0.0252792 -0.17555
v 0.102554 0.026705 -0.17555
v 0.103244 0.0238377 -0.17555
v 0.103249 0.0266814 -0.17555
v 0.103903 0.0236167 -0.17555
v 0.103909 0.0268967 -0.17555
v 0.104276 0.027184 -0.17555
v 0.104456 0.0273248 -0.17555
v 0.104823 0.0279142 -0.17555
v 0.104543 0.0298945 -0.17555
v 0.10487 0.0292815 -0.17555
v 0.104967 0.0285938 -0.17555
v 0.0803814 0.0263922 -0.17555
v 0.0802765 0.0270091 -0.17555
v 0.0776149 0.027184 -0.17555
v 0.0803022 0.027184 -0.17555
v 0.0803673 0.0276282 -0.17555
v 0.0776149 0.0252714 -0.17555
v 0.0780739 0.0248195 -0.17555
v 0.0806718 0.025838 -0.17555
v 0.0867583 0.0196301 -0.17555
v 0.0849113 0.0176467 -0.17555
v 0.08693 0.0164812 -0.17555
v 0.0755852 0.0254657 -0.17555
v 0.0762548 0.0256507 -0.17555
v 0.0769472 0.0255955 -0.17555
v 0.0746254 0.0244909 -0.17555
v 0.0750194 0.0250629 -0.17555
v 0.0775789 0.0253068 -0.17555
v 0.0776149 0.0195628 -0.17555
v 0.0748151 0.0224999 -0.17555
v 0.00849 0.0164812 -0.17555
v 0.0745167 0.0231271 -0.17555
v 0.0744508 0.0238186 -0.17555
v 0.106425 0.00393298 -0.17555
v 0.103437 0.00643016 -0.17555
v 0.102744 0.00637498 -0.17555
v 0.0871856 0.00393298 -0.17555
v 0.0920068 0.00897839 -0.17555
v 0.0871856 0.0117619 -0.17555
v 0.0776149 0.00393298 -0.17555
v 0.0824385 0.0145027 -0.17555
v 0.0776149 0.0164812 -0.17555
v 0.0805524 0.0164812 -0.17555
v 0.0965621 0.0215931 -0.17555
v 0.0957999 0.0189862 -0.17555
v 0.10265 0.0198821 -0.17555
v 0.10317 0.0170891 -0.17555
v 0.103344 0.0198997 -0.17555
v 0.103836 0.0168901 -0.17555
v 0.104385 0.0164812 -0.17555
v 0.104393 0.0164755 -0.17555
v 0.104775 0.0158952 -0.17555
v 0.104928 0.00852484 -0.17555
v 0.104038 0.0134319 -0.17555
v 0.104753 0.00919714 -0.17555
v 0.1034 0.0131566 -0.17555
v 0.104359 0.00976918 -0.17555
v 0.103793 0.010172 -0.17555
v 0.104862 0.00783338 -0.17555
v 0.104563 0.00720616 -0.17555
v 0.104068 0.00671882 -0.17555
v 0.103124 0.0103569 -0.17555
v 0.102707 0.0131161 -0.17555
v 0.0934932 0.012692 -0.17555
v 0.104935 0.0152194 -0.17555
v 0.104855 0.0145295 -0.17555
v 0.104543 0.0139087 -0.17555
v 0.0942874 0.0152832 -0.17555
v 0.0871856 0.0163337 -0.17555
v 0.108782 0.00671882 -0.17555
v 0.108287 0.00720616 -0.17555
v 0.108491 0.00976918 -0.17555
v 0.109057 0.010172 -0.17555
v 0.109413 0.00643016 -0.17555
v 0.107988 0.00783338 -0.17555
v 0.107922 0.00852484 -0.17555
v 0.108097 0.00919714 -0.17555
v 0.108812 0.0134319 -0.17555
v 0.108307 0.0139087 -0.17555
v 0.107995 0.0145295 -0.17555
v 0.107915 0.0152194 -0.17555
v 0.108075 0.0158952 -0.17555
v 0.108465 0.0164812 -0.17555
v 0.108457 0.0164755 -0.17555
v 0.125664 0.00393298 -0.17555
v 0.120843 0.00897839 -0.17555
v 0.110106 0.00637498 -0.17555
v 0.119357 0.012692 -0.17555
v 0.13257 0.0271487 -0.17555
v 0.135235 0.0252714 -0.17555
v 0.13249 0.0264588 -0.17555
v 0.134776 0.0248195 -0.17555
v 0.132178 0.025838 -0.17555
v 0.127939 0.0176467 -0.17555
v 0.126092 0.0196301 -0.17555
v 0.125664 0.0193834 -0.17555
v 0.120638 0.0164812 -0.17555
v 0.118563 0.0152832 -0.17555
v 0.109726 0.0103569 -0.17555
v 0.110143 0.0131161 -0.17555
v 0.10945 0.0131566 -0.17555
v 0.131471 0.0288194 -0.17555
v 0.132028 0.0284047 -0.17555
v 0.13241 0.0278245 -0.17555
v 0.132562 0.027184 -0.17555
v 0.130805 0.0290184 -0.17555
v 0.130112 0.0289778 -0.17555
v 0.126622 0.0297819 -0.17555
v 0.129474 0.0287026 -0.17555
v 0.12629 0.0291718 -0.17555
v 0.128969 0.0282258 -0.17555
v 0.138035 0.0224999 -0.17555
v 0.135235 0.0195628 -0.17555
v 0.135235 0.0164812 -0.17555
v 0.132298 0.0164812 -0.17555
v 0.135235 0.00393298 -0.17555
v 0.130412 0.0145027 -0.17555
v 0.125664 0.0117619 -0.17555
v 0.138399 0.0238186 -0.17555
v 0.138465 0.0164812 -0.17555
v 0.138333 0.0231271 -0.17555
v 0.135271 0.0253068 -0.17555
v 0.135903 0.0255955 -0.17555
v 0.136595 0.0256507 -0.17555
v 0.137265 0.0254657 -0.17555
v 0.137831 0.0250629 -0.17555
v 0.138225 0.0244909 -0.17555
v 0.089489 0.0381273 -0.17555
v 0.0889724 0.0385916 -0.17555
v 0.0886457 0.0392046 -0.17555
v 0.104322 0.0371266 -0.17555
v 0.0924023 0.039077 -0.17555
v 0.0920348 0.0384876 -0.17555
v 0.0980236 0.0368897 -0.17555
v 0.0979716 0.0375132 -0.17555
v 0.0914879 0.0380594 -0.17555
v 0.0908275 0.0378441 -0.17555
v 0.0901333 0.0378677 -0.17555
v 0.0981148 0.0381223 -0.17555
v 0.0984393 0.0386574 -0.17555
v 0.0989132 0.039066 -0.17555
v 0.0994902 0.0393082 -0.17555
v 0.100114 0.0393602 -0.17555
v 0.100723 0.039217 -0.17555
v 0.101258 0.0388925 -0.17555
v 0.102425 0.0380718 -0.17555
v 0.103719 0.0374714 -0.17555
v 0.0807811 0.0567428 -0.17555
v 0.0863321 0.0546342 -0.17555
v 0.0859171 0.0551025 -0.17555
v 0.0853776 0.0554196 -0.17555
v 0.0865821 0.0540606 -0.17555
v 0.0866425 0.0534378 -0.17555
v 0.0865076 0.0528267 -0.17555
v 0.0851915 0.047664 -0.17555
v 0.0831019 0.0548291 -0.17555
v 0.0835702 0.0552441 -0.17555
v 0.0841438 0.0554941 -0.17555
v 0.0847666 0.0555546 -0.17555
v 0.0827847 0.0542897 -0.17555
v 0.0806261 0.0561366 -0.17555
v 0.0812226 0.0481619 -0.17555
v 0.0785838 0.0488052 -0.17555
v 0.0812226 0.0418381 -0.17555
v 0.0785838 0.0411948 -0.17555
v 0.081772 0.0396828 -0.17555
v 0.079005 0.0396828 -0.17555
v 0.0797994 0.0368308 -0.17555
v 0.0806261 0.0338634 -0.17555
v 0.0827847 0.0357103 -0.17555
v 0.0824991 0.0368308 -0.17555
v 0.0851915 0.042336 -0.17555
v 0.0858679 0.0396828 -0.17555
v 0.0865076 0.0371733 -0.17555
v 0.0711344 0.0611249 -0.17555
v 0.0715284 0.061697 -0.17555
v 0.0720943 0.0620998 -0.17555
v 0.0727638 0.0622847 -0.17555
v 0.0734562 0.0622295 -0.17555
v 0.0740879 0.0619409 -0.17555
v 0.0745829 0.0614535 -0.17555
v 0.0748813 0.0608263 -0.17555
v 0.0749472 0.0601349 -0.17555
v 0.0772884 0.0582505 -0.17555
v 0.0699215 0.0569963 -0.17555
v 0.0711344 0.0288751 -0.17555
v 0.0707889 0.0300513 -0.17555
v 0.00849 0.0300513 -0.17555
v 0.0687973 0.0368308 -0.17555
v 0.0680203 0.0394757 -0.17555
v 0.0680203 0.0396828 -0.17555
v 0.0680203 0.0505243 -0.17555
v 0.0719704 0.0279646 -0.17555
v 0.0714803 0.0283536 -0.17555
v 0.0749137 0.0293095 -0.17555
v 0.0746952 0.0287231 -0.17555
v 0.0725567 0.027746 -0.17555
v -0.0518173 0.0368308 -0.17555
v 0.0749404 0.0299346 -0.17555
v 0.0749079 0.0300513 -0.17555
v 0.0731819 0.0277193 -0.17555
v 0.0743061 0.028233 -0.17555
v 0.0737847 0.0278872 -0.17555
v 0.0778927 0.0312832 -0.17555
v 0.0776149 0.0314899 -0.17555
v 0.0773354 0.0316979 -0.17555
v 0.0747726 0.0305374 -0.17555
v 0.0769536 0.0322781 -0.17555
v 0.0729238 0.0368308 -0.17555
v 0.0756854 0.0368308 -0.17555
v 0.074891 0.0396828 -0.17555
v 0.0769536 0.0577219 -0.17555
v 0.0747726 0.0594626 -0.17555
v 0.0767515 0.0569963 -0.17555
v 0.0740481 0.0569963 -0.17555
v 0.0746207 0.0493469 -0.17555
v 0.0719795 0.0499548 -0.17555
v 0.0746207 0.0406531 -0.17555
v 0.0719795 0.0400452 -0.17555
v 0.072086 0.0396828 -0.17555
v -0.0606349 0.0015 -0.17555
v -0.0702056 0.0015 -0.17555
v -0.089445 0.0015 -0.17555
v -0.108684 0.0015 -0.17555
v -0.118255 0.0015 -0.17555
v 0.135235 0.0015 -0.17555
v 0.125664 0.0015 -0.17555
v 0.106425 0.0015 -0.17555
v 0.0871856 0.0015 -0.17555
v 0.0776149 0.0015 -0.17555
v -0.2185 0.00393298 -0.17555
v -0.2185 0.0015 -0.17555
v -0.0574047 0.00393298 -0.17555
v -0.0574047 0.0015 -0.17555
v 0.00849 0.00393298 -0.17555
v 0.00849 0.0015 -0.17555
v 0.138465 0.00393298 -0.17555
v 0.138465 0.0015 -0.17555
v 0.181863 0.0164812 -0.17555
v 0.181863 0.00393298 -0.17555
v 0.181863 0.0885 -0.17555
v 0.2185 0.0164812 -0.17555
v 0.2185 0.027184 -0.17555
v 0.2185 0.0300513 -0.17555
v 0.2185 0.0368308 -0.17555
v 0.2185 0.0396828 -0.17555
v 0.2185 0.0569963 -0.17555
v 0.2185 0.0638393 -0.17555
v 0.2185 0.0885 -0.17555
v -0.0864023 0.0593817 -0.17875
v -0.0870465 0.0596412 -0.17875
v -0.0875632 0.0601055 -0.17875
v -0.0878898 0.0607185 -0.17875
v -0.0879872 0.0614063 -0.17875
v -0.0878434 0.0620858 -0.17875
v -0.0874759 0.0626752 -0.17875
v -0.0869289 0.0631033 -0.17875
v -0.0862685 0.0633186 -0.17875
v -0.0855743 0.063295 -0.17875
v -0.0862645 0.0661623 -0.17875
v -0.086923 0.0663833 -0.17875
v -0.0874662 0.0668161 -0.17875
v -0.0878287 0.0674086 -0.17875
v -0.0879666 0.0680894 -0.17875
v -0.0878633 0.0687763 -0.17875
v -0.0875314 0.0693864 -0.17875
v -0.0870108 0.0698463 -0.17875
v -0.0863643 0.0701003 -0.17875
v -0.08567 0.0701179 -0.17875
v -0.0867393 0.0525286 -0.17875
v -0.0873422 0.0528734 -0.17875
v -0.0877908 0.0534037 -0.17875
v -0.0880311 0.0540554 -0.17875
v -0.0880339 0.05475 -0.17875
v -0.0877989 0.0554037 -0.17875
v -0.0873546 0.0559376 -0.17875
v -0.0867545 0.0562873 -0.17875
v -0.086071 0.0564107 -0.17875
v -0.0853864 0.0562928 -0.17875
v -0.117796 0.0651805 -0.17875
v -0.118234 0.0647338 -0.17875
v -0.118255 0.0647229 -0.17875
v -0.118789 0.0644443 -0.17875
v -0.119406 0.0643404 -0.17875
v -0.120025 0.0644323 -0.17875
v -0.120585 0.0647109 -0.17875
v -0.121032 0.0651491 -0.17875
v -0.121322 0.0657038 -0.17875
v -0.121425 0.0663209 -0.17875
v -0.121334 0.0669398 -0.17875
v -0.121055 0.0675001 -0.17875
v -0.0861437 0.0796431 -0.17875
v -0.0867497 0.0797991 -0.17875
v -0.0872778 0.0801348 -0.17875
v -0.0876763 0.0806173 -0.17875
v -0.0879062 0.0811992 -0.17875
v -0.087945 0.0818238 -0.17875
v -0.0877889 0.0824297 -0.17875
v -0.0874532 0.0829578 -0.17875
v -0.0869708 0.0833563 -0.17875
v -0.0863888 0.0835862 -0.17875
v -0.0857643 0.083625 -0.17875
v -0.0861901 0.0729109 -0.17875
v -0.0867927 0.0730797 -0.17875
v -0.0873135 0.0734264 -0.17875
v -0.0877018 0.0739172 -0.17875
v -0.0879194 0.0745038 -0.17875
v -0.087945 0.0751291 -0.17875
v -0.0877762 0.0757316 -0.17875
v -0.0874294 0.0762525 -0.17875
v -0.0869387 0.0766407 -0.17875
v -0.086352 0.0768583 -0.17875
v -0.0857268 0.0768839 -0.17875
v -0.0776358 0.0428684 -0.17875
v -0.077876 0.0422167 -0.17875
v -0.0783247 0.0416864 -0.17875
v -0.0789276 0.0413415 -0.17875
v -0.0796121 0.0412237 -0.17875
v -0.0802957 0.0413471 -0.17875
v -0.0808958 0.0416968 -0.17875
v -0.0813401 0.0422307 -0.17875
v -0.081575 0.0428843 -0.17875
v -0.0815722 0.0435789 -0.17875
v -0.0815722 0.0464211 -0.17875
v -0.0815857 0.0470467 -0.17875
v -0.0814052 0.0476458 -0.17875
v -0.0810483 0.0481598 -0.17875
v -0.0805501 0.0485384 -0.17875
v -0.0799593 0.0487445 -0.17875
v -0.0793337 0.048758 -0.17875
v -0.0787346 0.0485774 -0.17875
v -0.0782205 0.0482206 -0.17875
v -0.0778419 0.0477224 -0.17875
v -0.0776358 0.0471316 -0.17875
v -0.0716657 0.0392046 -0.17875
v -0.0719503 0.0386473 -0.17875
v -0.0723932 0.0382053 -0.17875
v -0.072951 0.0379217 -0.17875
v -0.0735691 0.0378244 -0.17875
v -0.0741871 0.0379229 -0.17875
v -0.0747443 0.0382075 -0.17875
v -0.0751864 0.0386504 -0.17875
v -0.0754699 0.0392082 -0.17875
v -0.0755447 0.0396828 -0.17875
v -0.0755672 0.0398263 -0.17875
v -0.0754688 0.0404442 -0.17875
v -0.0754688 0.0495558 -0.17875
v -0.0755661 0.0502435 -0.17875
v -0.0754223 0.050923 -0.17875
v -0.0750548 0.0515124 -0.17875
v -0.0745079 0.0519406 -0.17875
v -0.0738475 0.0521559 -0.17875
v -0.0731533 0.0521323 -0.17875
v -0.072509 0.0518727 -0.17875
v -0.0719924 0.0514084 -0.17875
v -0.0716657 0.0507954 -0.17875
v -0.106182 0.0583356 -0.17875
v -0.106702 0.0578758 -0.17875
v -0.107349 0.0576217 -0.17875
v -0.108043 0.0576041 -0.17875
v -0.108684 0.0578192 -0.17875
v -0.108702 0.0578251 -0.17875
v -0.109245 0.0582579 -0.17875
v -0.109607 0.0588504 -0.17875
v -0.109745 0.0595312 -0.17875
v -0.109642 0.0602181 -0.17875
v -0.10931 0.0608282 -0.17875
v -0.115198 0.064162 -0.17875
v -0.11536 0.0638393 -0.17875
v -0.11551 0.0635412 -0.17875
v -0.11559 0.0628513 -0.17875
v -0.11543 0.0621755 -0.17875
v -0.115048 0.0615953 -0.17875
v -0.114491 0.0611806 -0.17875
v -0.113825 0.0609816 -0.17875
v -0.113132 0.0610222 -0.17875
v -0.112494 0.0612974 -0.17875
v -0.111989 0.0617742 -0.17875
v -0.0946121 0.0511075 -0.17875
v -0.0951471 0.050783 -0.17875
v -0.0957562 0.0506398 -0.17875
v -0.0963798 0.0506918 -0.17875
v -0.0969568 0.050934 -0.17875
v -0.0974307 0.0513426 -0.17875
v -0.0977551 0.0518777 -0.17875
v -0.0978984 0.0524868 -0.17875
v -0.0978464 0.0531103 -0.17875
v -0.0976042 0.0536873 -0.17875
v -0.0971956 0.0541612 -0.17875
v -0.103354 0.0574996 -0.17875
v -0.103667 0.0569963 -0.17875
v -0.103721 0.0569102 -0.17875
v -0.103865 0.0562307 -0.17875
v -0.103768 0.0555429 -0.17875
v -0.103441 0.0549299 -0.17875
v -0.102924 0.0544657 -0.17875
v -0.10228 0.0542061 -0.17875
v -0.101586 0.0541825 -0.17875
v -0.100925 0.0543977 -0.17875
v -0.100379 0.0548259 -0.17875
v -0.08567 0.0198821 -0.17875
v -0.0862957 0.019887 -0.17875
v -0.0868893 0.0200851 -0.17875
v -0.0873926 0.0204569 -0.17875
v -0.0877563 0.020966 -0.17875
v -0.087945 0.0215626 -0.17875
v -0.0879401 0.0221884 -0.17875
v -0.087742 0.0227819 -0.17875
v -0.0873702 0.0232852 -0.17875
v -0.0868611 0.023649 -0.17875
v -0.0862645 0.0238377 -0.17875
v -0.0855743 0.026705 -0.17875
v -0.0861992 0.0266728 -0.17875
v -0.0868035 0.0268353 -0.17875
v -0.087328 0.0271766 -0.17875
v -0.0873339 0.027184 -0.17875
v -0.0877213 0.0276633 -0.17875
v -0.087945 0.0282477 -0.17875
v -0.0879772 0.0288726 -0.17875
v -0.0878146 0.0294769 -0.17875
v -0.0874733 0.0300013 -0.17875
v -0.0874115 0.0300513 -0.17875
v -0.0869867 0.0303947 -0.17875
v -0.0864023 0.0306183 -0.17875
v -0.0857643 0.00637498 -0.17875
v -0.0864567 0.00643016 -0.17875
v -0.0870885 0.00671882 -0.17875
v -0.0875834 0.00720616 -0.17875
v -0.0878818 0.00783338 -0.17875
v -0.0879477 0.00852484 -0.17875
v -0.0877731 0.00919714 -0.17875
v -0.0873791 0.00976918 -0.17875
v -0.0868133 0.010172 -0.17875
v -0.0861437 0.0103569 -0.17875
v -0.0857268 0.0131161 -0.17875
v -0.0864202 0.0131566 -0.17875
v -0.0870579 0.0134319 -0.17875
v -0.087563 0.0139087 -0.17875
v -0.0878746 0.0145295 -0.17875
v -0.087955 0.0152194 -0.17875
v -0.0877947 0.0158952 -0.17875
v -0.0874128 0.0164755 -0.17875
v -0.0874051 0.0164812 -0.17875
v -0.0868556 0.0168901 -0.17875
v -0.0861901 0.0170891 -0.17875
v -0.0695276 0.0371733 -0.17875
v -0.0696032 0.0368308 -0.17875
v -0.0696626 0.0365622 -0.17875
v -0.0696021 0.0359394 -0.17875
v -0.0693521 0.0353658 -0.17875
v -0.0689371 0.0348975 -0.17875
v -0.0683977 0.0345804 -0.17875
v -0.0677866 0.0344454 -0.17875
v -0.0671638 0.0345059 -0.17875
v -0.0665902 0.0347559 -0.17875
v -0.0661219 0.0351709 -0.17875
v -0.0658047 0.0357103 -0.17875
v -0.0695276 0.0528267 -0.17875
v -0.0696655 0.0535075 -0.17875
v -0.0695623 0.0541944 -0.17875
v -0.0692304 0.0548045 -0.17875
v -0.0687098 0.0552643 -0.17875
v -0.0680633 0.0555184 -0.17875
v -0.0673689 0.055536 -0.17875
v -0.0667104 0.0553151 -0.17875
v -0.0661672 0.0548822 -0.17875
v -0.0658047 0.0542897 -0.17875
v -0.0599736 0.0322781 -0.17875
v -0.0603084 0.0317495 -0.17875
v -0.0606349 0.0314788 -0.17875
v -0.0607902 0.0313502 -0.17875
v -0.0613718 0.0311193 -0.17875
v -0.0619963 0.0310794 -0.17875
v -0.0626025 0.0312345 -0.17875
v -0.0631311 0.0315693 -0.17875
v -0.0635304 0.0320511 -0.17875
v -0.0637613 0.0326327 -0.17875
v -0.0638011 0.0332572 -0.17875
v -0.0636461 0.0338634 -0.17875
v -0.0636461 0.0561366 -0.17875
v -0.0638064 0.0568125 -0.17875
v -0.063785 0.0569963 -0.17875
v -0.063726 0.0575024 -0.17875
v -0.0634144 0.0581232 -0.17875
v -0.0629093 0.0586 -0.17875
v -0.0622716 0.0588752 -0.17875
v -0.0615782 0.0589158 -0.17875
v -0.0609127 0.0587168 -0.17875
v -0.0606349 0.0585101 -0.17875
v -0.0603554 0.0583021 -0.17875
v -0.0599736 0.0577219 -0.17875
v -0.0577926 0.0305374 -0.17875
v -0.0579188 0.0300513 -0.17875
v -0.0579672 0.0298651 -0.17875
v -0.0579013 0.0291737 -0.17875
v -0.0576029 0.0285465 -0.17875
v -0.0574047 0.0283514 -0.17875
v -0.0571079 0.0280591 -0.17875
v -0.0564762 0.0277705 -0.17875
v -0.0557838 0.0277153 -0.17875
v -0.0551143 0.0279002 -0.17875
v -0.0545484 0.028303 -0.17875
v -0.0541544 0.0288751 -0.17875
v -0.0577926 0.0594626 -0.17875
v -0.0579604 0.0600654 -0.17875
v -0.0579337 0.0606905 -0.17875
v -0.0577152 0.0612769 -0.17875
v -0.0574047 0.0616679 -0.17875
v -0.0573261 0.061767 -0.17875
v -0.0568047 0.0621128 -0.17875
v -0.0562019 0.0622807 -0.17875
v -0.0555767 0.062254 -0.17875
v -0.0549904 0.0620354 -0.17875
v -0.0545003 0.0616464 -0.17875
v -0.0541544 0.0611249 -0.17875
v -0.0853864 0.0337072 -0.17875
v -0.086071 0.0335893 -0.17875
v -0.0867545 0.0337127 -0.17875
v -0.0873546 0.0340624 -0.17875
v -0.0877989 0.0345963 -0.17875
v -0.0880339 0.03525 -0.17875
v -0.0880311 0.0359446 -0.17875
v -0.0877908 0.0365963 -0.17875
v -0.0875924 0.0368308 -0.17875
v -0.0873422 0.0371266 -0.17875
v -0.0867393 0.0374714 -0.17875
v -0.121055 0.0224999 -0.17875
v -0.121334 0.0230602 -0.17875
v -0.121425 0.0236791 -0.17875
v -0.121322 0.0242962 -0.17875
v -0.121032 0.0248509 -0.17875
v -0.120585 0.0252891 -0.17875
v -0.120025 0.0255677 -0.17875
v -0.119406 0.0256596 -0.17875
v -0.118789 0.0255557 -0.17875
v -0.118255 0.0252771 -0.17875
v -0.118234 0.0252662 -0.17875
v -0.117796 0.0248195 -0.17875
v -0.103354 0.0325004 -0.17875
v -0.103721 0.0330898 -0.17875
v -0.103865 0.0337693 -0.17875
v -0.103768 0.0344571 -0.17875
v -0.103441 0.0350701 -0.17875
v -0.102924 0.0355343 -0.17875
v -0.10228 0.0357939 -0.17875
v -0.101586 0.0358175 -0.17875
v -0.100925 0.0356023 -0.17875
v -0.100379 0.0351741 -0.17875
v -0.0971956 0.0358388 -0.17875
v -0.0976399 0.0363727 -0.17875
v -0.0978046 0.0368308 -0.17875
v -0.0978748 0.0370263 -0.17875
v -0.097872 0.0377209 -0.17875
v -0.0976318 0.0383726 -0.17875
v -0.0971832 0.0389029 -0.17875
v -0.0965803 0.0392478 -0.17875
v -0.0958957 0.0393656 -0.17875
v -0.0952122 0.0392422 -0.17875
v -0.0946121 0.0388925 -0.17875
v -0.115198 0.025838 -0.17875
v -0.11551 0.0264588 -0.17875
v -0.11559 0.0271487 -0.17875
v -0.115582 0.027184 -0.17875
v -0.11543 0.0278245 -0.17875
v -0.115048 0.0284047 -0.17875
v -0.114491 0.0288194 -0.17875
v -0.113825 0.0290184 -0.17875
v -0.113132 0.0289778 -0.17875
v -0.112494 0.0287026 -0.17875
v -0.111989 0.0282258 -0.17875
v -0.10931 0.0291718 -0.17875
v -0.109619 0.0297161 -0.17875
v -0.109687 0.0300513 -0.17875
v -0.109744 0.0303292 -0.17875
v -0.109674 0.030951 -0.17875
v -0.109415 0.0315206 -0.17875
v -0.108992 0.0319823 -0.17875
v -0.108684 0.0321568 -0.17875
v -0.108448 0.0322909 -0.17875
v -0.107835 0.0324161 -0.17875
v -0.107213 0.0323458 -0.17875
v -0.106644 0.0320868 -0.17875
v -0.106182 0.0316644 -0.17875
v -0.101254 0.0428684 -0.17875
v -0.101445 0.045 -0.17875
v -0.101254 0.0471316 -0.17875
v -0.0973178 0.0464211 -0.17875
v -0.097445 0.045 -0.17875
v -0.0973178 0.0435789 -0.17875
v -0.107224 0.0392046 -0.17875
v -0.1073 0.0396828 -0.17875
v -0.108145 0.045 -0.17875
v -0.107224 0.0507954 -0.17875
v -0.103421 0.0495558 -0.17875
v -0.104145 0.045 -0.17875
v -0.103421 0.0404442 -0.17875
v -0.113085 0.0357103 -0.17875
v -0.113371 0.0368308 -0.17875
v -0.114098 0.0396828 -0.17875
v -0.114647 0.0418381 -0.17875
v -0.114647 0.0481619 -0.17875
v -0.113085 0.0542897 -0.17875
v -0.110679 0.042336 -0.17875
v -0.110679 0.047664 -0.17875
v -0.109362 0.0528267 -0.17875
v -0.109362 0.0371733 -0.17875
v -0.110002 0.0396828 -0.17875
v -0.124736 0.0288751 -0.17875
v -0.125081 0.0300513 -0.17875
v -0.127073 0.0368308 -0.17875
v -0.12785 0.0394757 -0.17875
v -0.12785 0.0396828 -0.17875
v -0.12785 0.0505243 -0.17875
v -0.125948 0.0569963 -0.17875
v -0.124736 0.0611249 -0.17875
v -0.121097 0.0594626 -0.17875
v -0.121822 0.0569963 -0.17875
v -0.12389 0.0499548 -0.17875
v -0.12389 0.0400452 -0.17875
v -0.121097 0.0305374 -0.17875
v -0.122946 0.0368308 -0.17875
v -0.123784 0.0396828 -0.17875
v -0.118916 0.0322781 -0.17875
v -0.120185 0.0368308 -0.17875
v -0.120979 0.0396828 -0.17875
v -0.121249 0.0406531 -0.17875
v -0.121249 0.0493469 -0.17875
v -0.119119 0.0569963 -0.17875
v -0.118916 0.0577219 -0.17875
v -0.117286 0.0411948 -0.17875
v -0.117286 0.0488052 -0.17875
v -0.115244 0.0561366 -0.17875
v -0.115244 0.0338634 -0.17875
v -0.116071 0.0368308 -0.17875
v -0.116865 0.0396828 -0.17875
v 0.126342 0.0371733 -0.17875
v 0.126267 0.0368308 -0.17875
v 0.126207 0.0365622 -0.17875
v 0.126268 0.0359394 -0.17875
v 0.126518 0.0353658 -0.17875
v 0.126933 0.0348975 -0.17875
v 0.127472 0.0345804 -0.17875
v 0.128083 0.0344454 -0.17875
v 0.128706 0.0345059 -0.17875
v 0.12928 0.0347559 -0.17875
v 0.129748 0.0351709 -0.17875
v 0.130065 0.0357103 -0.17875
v 0.126342 0.0528267 -0.17875
v 0.126204 0.0535075 -0.17875
v 0.126308 0.0541944 -0.17875
v 0.12664 0.0548045 -0.17875
v 0.12716 0.0552643 -0.17875
v 0.127807 0.0555184 -0.17875
v 0.128501 0.055536 -0.17875
v 0.12916 0.0553151 -0.17875
v 0.129703 0.0548822 -0.17875
v 0.130065 0.0542897 -0.17875
v 0.124204 0.0392046 -0.17875
v 0.123878 0.0385916 -0.17875
v 0.123361 0.0381273 -0.17875
v 0.122717 0.0378677 -0.17875
v 0.122023 0.0378441 -0.17875
v 0.121362 0.0380594 -0.17875
v 0.120815 0.0384876 -0.17875
v 0.120448 0.039077 -0.17875
v 0.12032 0.0396828 -0.17875
v 0.120304 0.0397565 -0.17875
v 0.120401 0.0404442 -0.17875
v 0.120401 0.0495558 -0.17875
v 0.120304 0.0502435 -0.17875
v 0.120448 0.050923 -0.17875
v 0.120815 0.0515124 -0.17875
v 0.121362 0.0519406 -0.17875
v 0.122023 0.0521559 -0.17875
v 0.122717 0.0521323 -0.17875
v 0.123361 0.0518727 -0.17875
v 0.123878 0.0514084 -0.17875
v 0.124204 0.0507954 -0.17875
v 0.118234 0.0428684 -0.17875
v 0.117994 0.0422167 -0.17875
v 0.117545 0.0416864 -0.17875
v 0.116942 0.0413415 -0.17875
v 0.116258 0.0412237 -0.17875
v 0.115574 0.0413471 -0.17875
v 0.114974 0.0416968 -0.17875
v 0.11453 0.0422307 -0.17875
v 0.114295 0.0428843 -0.17875
v 0.114298 0.0435789 -0.17875
v 0.114298 0.0464211 -0.17875
v 0.114284 0.0470467 -0.17875
v 0.114465 0.0476458 -0.17875
v 0.114822 0.0481598 -0.17875
v 0.11532 0.0485384 -0.17875
v 0.115911 0.0487445 -0.17875
v 0.116536 0.048758 -0.17875
v 0.117135 0.0485774 -0.17875
v 0.117649 0.0482206 -0.17875
v 0.118028 0.0477224 -0.17875
v 0.118234 0.0471316 -0.17875
v 0.109726 0.0796431 -0.17875
v 0.109057 0.079828 -0.17875
v 0.108491 0.0802308 -0.17875
v 0.108097 0.0808029 -0.17875
v 0.107922 0.0814752 -0.17875
v 0.107988 0.0821666 -0.17875
v 0.108287 0.0827938 -0.17875
v 0.108782 0.0832812 -0.17875
v 0.109413 0.0835698 -0.17875
v 0.110106 0.083625 -0.17875
v 0.138077 0.0305374 -0.17875
v 0.137951 0.0300513 -0.17875
v 0.137903 0.0298651 -0.17875
v 0.137969 0.0291737 -0.17875
v 0.138267 0.0285465 -0.17875
v 0.138465 0.0283514 -0.17875
v 0.138762 0.0280591 -0.17875
v 0.139394 0.0277705 -0.17875
v 0.140086 0.0277153 -0.17875
v 0.140756 0.0279002 -0.17875
v 0.141322 0.028303 -0.17875
v 0.141716 0.0288751 -0.17875
v 0.138077 0.0594626 -0.17875
v 0.137903 0.0601349 -0.17875
v 0.137969 0.0608263 -0.17875
v 0.138267 0.0614535 -0.17875
v 0.138465 0.0616486 -0.17875
v 0.138762 0.0619409 -0.17875
v 0.139394 0.0622295 -0.17875
v 0.140086 0.0622847 -0.17875
v 0.140756 0.0620998 -0.17875
v 0.141322 0.061697 -0.17875
v 0.141716 0.0611249 -0.17875
v 0.135896 0.0322781 -0.17875
v 0.135515 0.0316979 -0.17875
v 0.135235 0.0314899 -0.17875
v 0.134957 0.0312832 -0.17875
v 0.134292 0.0310842 -0.17875
v 0.133598 0.0311248 -0.17875
v 0.132961 0.0314 -0.17875
v 0.132456 0.0318768 -0.17875
v 0.132144 0.0324976 -0.17875
v 0.132064 0.0331875 -0.17875
v 0.132224 0.0338634 -0.17875
v 0.132224 0.0561366 -0.17875
v 0.132064 0.0568125 -0.17875
v 0.132085 0.0569963 -0.17875
v 0.132144 0.0575024 -0.17875
v 0.132456 0.0581232 -0.17875
v 0.132961 0.0586 -0.17875
v 0.133598 0.0588752 -0.17875
v 0.134292 0.0589158 -0.17875
v 0.134957 0.0587168 -0.17875
v 0.135235 0.0585101 -0.17875
v 0.135515 0.0583021 -0.17875
v 0.135896 0.0577219 -0.17875
v 0.110296 0.026705 -0.17875
v 0.109671 0.0266728 -0.17875
v 0.109066 0.0268353 -0.17875
v 0.108542 0.0271766 -0.17875
v 0.108536 0.027184 -0.17875
v 0.108149 0.0276633 -0.17875
v 0.107925 0.0282477 -0.17875
v 0.107893 0.0288726 -0.17875
v 0.108055 0.0294769 -0.17875
v 0.108397 0.0300013 -0.17875
v 0.108458 0.0300513 -0.17875
v 0.108883 0.0303947 -0.17875
v 0.109468 0.0306183 -0.17875
v 0.110484 0.0337072 -0.17875
v 0.109799 0.0335893 -0.17875
v 0.109115 0.0337127 -0.17875
v 0.108515 0.0340624 -0.17875
v 0.108071 0.0345963 -0.17875
v 0.107836 0.03525 -0.17875
v 0.107839 0.0359446 -0.17875
v 0.108079 0.0365963 -0.17875
v 0.108278 0.0368308 -0.17875
v 0.108528 0.0371266 -0.17875
v 0.109131 0.0374714 -0.17875
v 0.109468 0.0593817 -0.17875
v 0.108823 0.0596412 -0.17875
v 0.108307 0.0601055 -0.17875
v 0.10798 0.0607185 -0.17875
v 0.107883 0.0614063 -0.17875
v 0.108027 0.0620858 -0.17875
v 0.108394 0.0626752 -0.17875
v 0.108941 0.0631033 -0.17875
v 0.109601 0.0633186 -0.17875
v 0.110296 0.063295 -0.17875
v 0.109131 0.0525286 -0.17875
v 0.108528 0.0528734 -0.17875
v 0.108079 0.0534037 -0.17875
v 0.107839 0.0540554 -0.17875
v 0.107836 0.05475 -0.17875
v 0.108071 0.0554037 -0.17875
v 0.108515 0.0559376 -0.17875
v 0.109115 0.0562873 -0.17875
v 0.109799 0.0564107 -0.17875
v 0.110484 0.0562928 -0.17875
v 0.10968 0.0729109 -0.17875
v 0.109077 0.0730797 -0.17875
v 0.108556 0.0734264 -0.17875
v 0.108168 0.0739172 -0.17875
v 0.107951 0.0745038 -0.17875
v 0.107925 0.0751291 -0.17875
v 0.108094 0.0757316 -0.17875
v 0.108441 0.0762525 -0.17875
v 0.108931 0.0766407 -0.17875
v 0.109518 0.0768583 -0.17875
v 0.110143 0.0768839 -0.17875
v 0.109606 0.0661623 -0.17875
v 0.108947 0.0663833 -0.17875
v 0.108404 0.0668161 -0.17875
v 0.108041 0.0674086 -0.17875
v 0.107903 0.0680894 -0.17875
v 0.108007 0.0687763 -0.17875
v 0.108339 0.0693864 -0.17875
v 0.108859 0.0698463 -0.17875
v 0.109506 0.0701003 -0.17875
v 0.1102 0.0701179 -0.17875
v 0.0896882 0.0583356 -0.17875
v 0.0891676 0.0578758 -0.17875
v 0.0885211 0.0576217 -0.17875
v 0.0878267 0.0576041 -0.17875
v 0.0871856 0.0578192 -0.17875
v 0.0871682 0.0578251 -0.17875
v 0.086625 0.0582579 -0.17875
v 0.0862625 0.0588504 -0.17875
v 0.0861246 0.0595312 -0.17875
v 0.0862278 0.0602181 -0.17875
v 0.0865598 0.0608282 -0.17875
v 0.0954915 0.0548259 -0.17875
v 0.0949445 0.0543977 -0.17875
v 0.0942841 0.0541825 -0.17875
v 0.09359 0.0542061 -0.17875
v 0.0929457 0.0544657 -0.17875
v 0.0924291 0.0549299 -0.17875
v 0.0921024 0.0555429 -0.17875
v 0.0920051 0.0562307 -0.17875
v 0.0921489 0.0569102 -0.17875
v 0.0922025 0.0569963 -0.17875
v 0.0925164 0.0574996 -0.17875
v 0.0780739 0.0651805 -0.17875
v 0.0776357 0.0647338 -0.17875
v 0.0776149 0.0647229 -0.17875
v 0.077081 0.0644443 -0.17875
v 0.0764639 0.0643404 -0.17875
v 0.0758449 0.0644323 -0.17875
v 0.0752847 0.0647109 -0.17875
v 0.0748379 0.0651491 -0.17875
v 0.0745485 0.0657038 -0.17875
v 0.0744446 0.0663209 -0.17875
v 0.0745365 0.0669398 -0.17875
v 0.0748151 0.0675001 -0.17875
v 0.0806718 0.064162 -0.17875
v 0.0805098 0.0638393 -0.17875
v 0.0803602 0.0635412 -0.17875
v 0.0802798 0.0628513 -0.17875
v 0.0804401 0.0621755 -0.17875
v 0.080822 0.0615953 -0.17875
v 0.0813792 0.0611806 -0.17875
v 0.0820447 0.0609816 -0.17875
v 0.0827381 0.0610222 -0.17875
v 0.0833758 0.0612974 -0.17875
v 0.0838809 0.0617742 -0.17875
v 0.0865598 0.0291718 -0.17875
v 0.0862512 0.0297161 -0.17875
v 0.0861827 0.0300513 -0.17875
v 0.0861259 0.0303292 -0.17875
v 0.0861963 0.030951 -0.17875
v 0.0864553 0.0315206 -0.17875
v 0.0868777 0.0319823 -0.17875
v 0.0871856 0.0321568 -0.17875
v 0.087422 0.0322909 -0.17875
v 0.0880351 0.0324161 -0.17875
v 0.0886569 0.0323458 -0.17875
v 0.0892265 0.0320868 -0.17875
v 0.0896882 0.0316644 -0.17875
v 0.0925164 0.0325004 -0.17875
v 0.0921489 0.0330898 -0.17875
v 0.0920051 0.0337693 -0.17875
v 0.0921024 0.0344571 -0.17875
v 0.0924291 0.0350701 -0.17875
v 0.0929457 0.0355343 -0.17875
v 0.09359 0.0357939 -0.17875
v 0.0942841 0.0358175 -0.17875
v 0.0949445 0.0356023 -0.17875
v 0.0954915 0.0351741 -0.17875
v 0.0748151 0.0224999 -0.17875
v 0.0745167 0.0231271 -0.17875
v 0.0744508 0.0238186 -0.17875
v 0.0746254 0.0244909 -0.17875
v 0.0750194 0.0250629 -0.17875
v 0.0755852 0.0254657 -0.17875
v 0.0762548 0.0256507 -0.17875
v 0.0769472 0.0255955 -0.17875
v 0.0775789 0.0253068 -0.17875
v 0.0776149 0.0252714 -0.17875
v 0.0780739 0.0248195 -0.17875
v 0.0806718 0.025838 -0.17875
v 0.0803814 0.0263922 -0.17875
v 0.0802765 0.0270091 -0.17875
v 0.0803022 0.027184 -0.17875
v 0.0803673 0.0276282 -0.17875
v 0.0806451 0.028189 -0.17875
v 0.0810825 0.0286364 -0.17875
v 0.0816367 0.0289268 -0.17875
v 0.0822536 0.0290317 -0.17875
v 0.0828727 0.0289409 -0.17875
v 0.0834335 0.0286632 -0.17875
v 0.0838809 0.0282258 -0.17875
v 0.110143 0.0131161 -0.17875
v 0.10945 0.0131566 -0.17875
v 0.108812 0.0134319 -0.17875
v 0.108307 0.0139087 -0.17875
v 0.107995 0.0145295 -0.17875
v 0.107915 0.0152194 -0.17875
v 0.108075 0.0158952 -0.17875
v 0.108457 0.0164755 -0.17875
v 0.108465 0.0164812 -0.17875
v 0.109014 0.0168901 -0.17875
v 0.10968 0.0170891 -0.17875
v 0.1102 0.0198821 -0.17875
v 0.109574 0.019887 -0.17875
v 0.108981 0.0200851 -0.17875
v 0.108477 0.0204569 -0.17875
v 0.108114 0.020966 -0.17875
v 0.107925 0.0215626 -0.17875
v 0.10793 0.0221884 -0.17875
v 0.108128 0.0227819 -0.17875
v 0.1085 0.0232852 -0.17875
v 0.109009 0.023649 -0.17875
v 0.109606 0.0238377 -0.17875
v 0.110106 0.00637498 -0.17875
v 0.109413 0.00643016 -0.17875
v 0.108782 0.00671882 -0.17875
v 0.108287 0.00720616 -0.17875
v 0.107988 0.00783338 -0.17875
v 0.107922 0.00852484 -0.17875
v 0.108097 0.00919714 -0.17875
v 0.108491 0.00976918 -0.17875
v 0.109057 0.010172 -0.17875
v 0.109726 0.0103569 -0.17875
v 0.0986744 0.0358388 -0.17875
v 0.0982658 0.0363127 -0.17875
v 0.0980483 0.0368308 -0.17875
v 0.0980236 0.0368897 -0.17875
v 0.0979716 0.0375132 -0.17875
v 0.0981148 0.0381223 -0.17875
v 0.0984393 0.0386574 -0.17875
v 0.0989132 0.039066 -0.17875
v 0.0994902 0.0393082 -0.17875
v 0.100114 0.0393602 -0.17875
v 0.100723 0.039217 -0.17875
v 0.101258 0.0388925 -0.17875
v 0.101258 0.0511075 -0.17875
v 0.100658 0.0507578 -0.17875
v 0.0999743 0.0506344 -0.17875
v 0.0992897 0.0507522 -0.17875
v 0.0986868 0.0510971 -0.17875
v 0.0982382 0.0516274 -0.17875
v 0.097998 0.0522791 -0.17875
v 0.0979952 0.0529737 -0.17875
v 0.0982301 0.0536273 -0.17875
v 0.0986744 0.0541612 -0.17875
v 0.0946158 0.0428684 -0.17875
v 0.094425 0.045 -0.17875
v 0.0946158 0.0471316 -0.17875
v 0.0985522 0.0464211 -0.17875
v 0.098425 0.045 -0.17875
v 0.0985522 0.0435789 -0.17875
v 0.0886457 0.0392046 -0.17875
v 0.0885697 0.0396828 -0.17875
v 0.087725 0.045 -0.17875
v 0.0886457 0.0507954 -0.17875
v 0.0924488 0.0495558 -0.17875
v 0.091725 0.045 -0.17875
v 0.0924488 0.0404442 -0.17875
v 0.0827847 0.0357103 -0.17875
v 0.0824991 0.0368308 -0.17875
v 0.081772 0.0396828 -0.17875
v 0.0812226 0.0418381 -0.17875
v 0.0812226 0.0481619 -0.17875
v 0.0827847 0.0542897 -0.17875
v 0.0851915 0.042336 -0.17875
v 0.0851915 0.047664 -0.17875
v 0.0865076 0.0528267 -0.17875
v 0.0865076 0.0371733 -0.17875
v 0.0858679 0.0396828 -0.17875
v 0.0711344 0.0288751 -0.17875
v 0.0707889 0.0300513 -0.17875
v 0.0687973 0.0368308 -0.17875
v 0.0680203 0.0394757 -0.17875
v 0.0680203 0.0396828 -0.17875
v 0.0680203 0.0505243 -0.17875
v 0.0699215 0.0569963 -0.17875
v 0.0711344 0.0611249 -0.17875
v 0.0747726 0.0594626 -0.17875
v 0.0740481 0.0569963 -0.17875
v 0.0719795 0.0499548 -0.17875
v 0.0719795 0.0400452 -0.17875
v 0.0747726 0.0305374 -0.17875
v 0.0729238 0.0368308 -0.17875
v 0.072086 0.0396828 -0.17875
v 0.0769536 0.0322781 -0.17875
v 0.0756854 0.0368308 -0.17875
v 0.074891 0.0396828 -0.17875
v 0.0746207 0.0406531 -0.17875
v 0.0746207 0.0493469 -0.17875
v 0.0767515 0.0569963 -0.17875
v 0.0769536 0.0577219 -0.17875
v 0.0785838 0.0411948 -0.17875
v 0.0785838 0.0488052 -0.17875
v 0.0806261 0.0561366 -0.17875
v 0.0806261 0.0338634 -0.17875
v 0.0797994 0.0368308 -0.17875
v 0.079005 0.0396828 -0.17875
v 0.0807864 0.0331875 -0.17875
v 0.080706 0.0324976 -0.17875
v 0.0803944 0.0318768 -0.17875
v 0.0798893 0.0314 -0.17875
v 0.0792516 0.0311248 -0.17875
v 0.0785582 0.0310842 -0.17875
v 0.0778927 0.0312832 -0.17875
v 0.0776149 0.0314899 -0.17875
v 0.0773354 0.0316979 -0.17875
v 0.0772884 0.0582505 -0.17875
v 0.0776149 0.0585212 -0.17875
v 0.0777702 0.0586498 -0.17875
v 0.0783518 0.0588807 -0.17875
v 0.0789762 0.0589206 -0.17875
v 0.0795825 0.0587655 -0.17875
v 0.0801111 0.0584307 -0.17875
v 0.0805104 0.0579489 -0.17875
v 0.0807413 0.0573673 -0.17875
v 0.0807649 0.0569963 -0.17875
v 0.0807811 0.0567428 -0.17875
v 0.0749079 0.0300513 -0.17875
v 0.0749404 0.0299346 -0.17875
v 0.0749137 0.0293095 -0.17875
v 0.0746952 0.0287231 -0.17875
v 0.0743061 0.028233 -0.17875
v 0.0737847 0.0278872 -0.17875
v 0.0731819 0.0277193 -0.17875
v 0.0725567 0.027746 -0.17875
v 0.0719704 0.0279646 -0.17875
v 0.0714803 0.0283536 -0.17875
v 0.0715284 0.061697 -0.17875
v 0.0720943 0.0620998 -0.17875
v 0.0727638 0.0622847 -0.17875
v 0.0734562 0.0622295 -0.17875
v 0.0740879 0.0619409 -0.17875
v 0.0745829 0.0614535 -0.17875
v 0.0748813 0.0608263 -0.17875
v 0.0749472 0.0601349 -0.17875
v 0.086577 0.0368308 -0.17875
v 0.0866455 0.0364925 -0.17875
v 0.0865423 0.0358056 -0.17875
v 0.0862104 0.0351955 -0.17875
v 0.0856898 0.0347357 -0.17875
v 0.0850433 0.0344816 -0.17875
v 0.0843489 0.034464 -0.17875
v 0.0836904 0.0346849 -0.17875
v 0.0831472 0.0351178 -0.17875
v 0.0831019 0.0548291 -0.17875
v 0.0835702 0.0552441 -0.17875
v 0.0841438 0.0554941 -0.17875
v 0.0847666 0.0555546 -0.17875
v 0.0853776 0.0554196 -0.17875
v 0.0859171 0.0551025 -0.17875
v 0.0863321 0.0546342 -0.17875
v 0.0865821 0.0540606 -0.17875
v 0.0866425 0.0534378 -0.17875
v 0.0925461 0.0397565 -0.17875
v 0.0925305 0.0396828 -0.17875
v 0.0924023 0.039077 -0.17875
v 0.0920348 0.0384876 -0.17875
v 0.0914879 0.0380594 -0.17875
v 0.0908275 0.0378441 -0.17875
v 0.0901333 0.0378677 -0.17875
v 0.089489 0.0381273 -0.17875
v 0.0889724 0.0385916 -0.17875
v 0.0889724 0.0514084 -0.17875
v 0.089489 0.0518727 -0.17875
v 0.0901333 0.0521323 -0.17875
v 0.0908275 0.0521559 -0.17875
v 0.0914879 0.0519406 -0.17875
v 0.0920348 0.0515124 -0.17875
v 0.0924023 0.050923 -0.17875
v 0.0925461 0.0502435 -0.17875
v 0.098555 0.0428843 -0.17875
v 0.0983201 0.0422307 -0.17875
v 0.0978758 0.0416968 -0.17875
v 0.0972757 0.0413471 -0.17875
v 0.0965921 0.0412237 -0.17875
v 0.0959076 0.0413415 -0.17875
v 0.0953047 0.0416864 -0.17875
v 0.094856 0.0422167 -0.17875
v 0.094856 0.0477833 -0.17875
v 0.0953047 0.0483136 -0.17875
v 0.0959076 0.0486585 -0.17875
v 0.0965921 0.0487763 -0.17875
v 0.0972757 0.0486529 -0.17875
v 0.0978758 0.0483032 -0.17875
v 0.0983201 0.0477693 -0.17875
v 0.098555 0.0471157 -0.17875
v 0.103719 0.0525286 -0.17875
v 0.102425 0.0519282 -0.17875
v 0.102366 0.0562928 -0.17875
v 0.103051 0.0564107 -0.17875
v 0.103734 0.0562873 -0.17875
v 0.104335 0.0559376 -0.17875
v 0.104779 0.0554037 -0.17875
v 0.105014 0.05475 -0.17875
v 0.105011 0.0540554 -0.17875
v 0.104771 0.0534037 -0.17875
v 0.104322 0.0528734 -0.17875
v 0.100425 0.0553923 -0.17875
v 0.103719 0.0374714 -0.17875
v 0.104322 0.0371266 -0.17875
v 0.104572 0.0368308 -0.17875
v 0.104771 0.0365963 -0.17875
v 0.105011 0.0359446 -0.17875
v 0.105014 0.03525 -0.17875
v 0.104779 0.0345963 -0.17875
v 0.104335 0.0340624 -0.17875
v 0.103734 0.0337127 -0.17875
v 0.103051 0.0335893 -0.17875
v 0.102366 0.0337072 -0.17875
v 0.102425 0.0380718 -0.17875
v 0.100425 0.0346077 -0.17875
v 0.134776 0.0248195 -0.17875
v 0.135235 0.0252714 -0.17875
v 0.135271 0.0253068 -0.17875
v 0.135903 0.0255955 -0.17875
v 0.136595 0.0256507 -0.17875
v 0.137265 0.0254657 -0.17875
v 0.137831 0.0250629 -0.17875
v 0.138225 0.0244909 -0.17875
v 0.138399 0.0238186 -0.17875
v 0.138333 0.0231271 -0.17875
v 0.138035 0.0224999 -0.17875
v 0.119357 0.012692 -0.17875
v 0.125664 0.0163337 -0.17875
v 0.12592 0.0164812 -0.17875
v 0.127939 0.0176467 -0.17875
v 0.135235 0.0195628 -0.17875
v 0.132298 0.0164812 -0.17875
v 0.130412 0.0145027 -0.17875
v 0.125664 0.0117619 -0.17875
v 0.120843 0.00897839 -0.17875
v 0.123162 0.0316644 -0.17875
v 0.123682 0.0321242 -0.17875
v 0.124329 0.0323783 -0.17875
v 0.125023 0.0323959 -0.17875
v 0.125664 0.0321808 -0.17875
v 0.125682 0.0321749 -0.17875
v 0.126225 0.0317421 -0.17875
v 0.126587 0.0311496 -0.17875
v 0.126725 0.0304688 -0.17875
v 0.126663 0.0300513 -0.17875
v 0.126622 0.0297819 -0.17875
v 0.12629 0.0291718 -0.17875
v 0.114735 0.0252792 -0.17875
v 0.121509 0.0300513 -0.17875
v 0.119349 0.0279432 -0.17875
v 0.118034 0.027184 -0.17875
v 0.125664 0.028561 -0.17875
v 0.124253 0.027184 -0.17875
v 0.121764 0.024755 -0.17875
v 0.116288 0.0215931 -0.17875
v 0.128969 0.0282258 -0.17875
v 0.129474 0.0287026 -0.17875
v 0.130112 0.0289778 -0.17875
v 0.130805 0.0290184 -0.17875
v 0.131471 0.0288194 -0.17875
v 0.132028 0.0284047 -0.17875
v 0.13241 0.0278245 -0.17875
v 0.132562 0.027184 -0.17875
v 0.13257 0.0271487 -0.17875
v 0.13249 0.0264588 -0.17875
v 0.132178 0.025838 -0.17875
v 0.123641 0.0227915 -0.17875
v 0.11705 0.0189862 -0.17875
v 0.127948 0.027184 -0.17875
v 0.125664 0.0248552 -0.17875
v 0.126092 0.0196301 -0.17875
v 0.125664 0.0193834 -0.17875
v 0.120638 0.0164812 -0.17875
v 0.118563 0.0152832 -0.17875
v 0.10317 0.0170891 -0.17875
v 0.103836 0.0168901 -0.17875
v 0.104385 0.0164812 -0.17875
v 0.104393 0.0164755 -0.17875
v 0.104775 0.0158952 -0.17875
v 0.104935 0.0152194 -0.17875
v 0.104855 0.0145295 -0.17875
v 0.104543 0.0139087 -0.17875
v 0.104038 0.0134319 -0.17875
v 0.1034 0.0131566 -0.17875
v 0.102707 0.0131161 -0.17875
v 0.0849024 0.027184 -0.17875
v 0.0871856 0.0248552 -0.17875
v 0.089209 0.0227915 -0.17875
v 0.0957999 0.0189862 -0.17875
v 0.0942874 0.0152832 -0.17875
v 0.0922123 0.0164812 -0.17875
v 0.0871856 0.0193834 -0.17875
v 0.0867583 0.0196301 -0.17875
v 0.103124 0.0103569 -0.17875
v 0.103793 0.010172 -0.17875
v 0.104359 0.00976918 -0.17875
v 0.104753 0.00919714 -0.17875
v 0.104928 0.00852484 -0.17875
v 0.104862 0.00783338 -0.17875
v 0.104563 0.00720616 -0.17875
v 0.104068 0.00671882 -0.17875
v 0.103437 0.00643016 -0.17875
v 0.102744 0.00637498 -0.17875
v 0.0849113 0.0176467 -0.17875
v 0.08693 0.0164812 -0.17875
v 0.0871856 0.0163337 -0.17875
v 0.0934932 0.012692 -0.17875
v 0.0776149 0.0195628 -0.17875
v 0.0805524 0.0164812 -0.17875
v 0.0824385 0.0145027 -0.17875
v 0.0871856 0.0117619 -0.17875
v 0.0920068 0.00897839 -0.17875
v 0.103382 0.0306183 -0.17875
v 0.104027 0.0303588 -0.17875
v 0.104369 0.0300513 -0.17875
v 0.104543 0.0298945 -0.17875
v 0.10487 0.0292815 -0.17875
v 0.104967 0.0285938 -0.17875
v 0.104823 0.0279142 -0.17875
v 0.104456 0.0273248 -0.17875
v 0.104276 0.027184 -0.17875
v 0.103909 0.0268967 -0.17875
v 0.103249 0.0266814 -0.17875
v 0.102554 0.026705 -0.17875
v 0.099075 0.0322694 -0.17875
v 0.0955378 0.0300513 -0.17875
v 0.097075 0.0288053 -0.17875
v 0.101305 0.027184 -0.17875
v 0.103244 0.0238377 -0.17875
v 0.103903 0.0236167 -0.17875
v 0.104446 0.0231839 -0.17875
v 0.104809 0.0225914 -0.17875
v 0.104947 0.0219106 -0.17875
v 0.104843 0.0212237 -0.17875
v 0.104511 0.0206136 -0.17875
v 0.103991 0.0201537 -0.17875
v 0.103344 0.0198997 -0.17875
v 0.10265 0.0198821 -0.17875
v 0.0913411 0.0300513 -0.17875
v 0.0935012 0.0279432 -0.17875
v 0.0948162 0.027184 -0.17875
v 0.0981153 0.0252792 -0.17875
v 0.0965621 0.0215931 -0.17875
v 0.0910855 0.024755 -0.17875
v 0.0885966 0.027184 -0.17875
v 0.0871856 0.028561 -0.17875
v 0.089209 0.0672085 -0.17875
v 0.0957999 0.0710138 -0.17875
v 0.10317 0.0729109 -0.17875
v 0.0859056 0.0638393 -0.17875
v 0.0871856 0.0651448 -0.17875
v 0.102707 0.0768839 -0.17875
v 0.1034 0.0768434 -0.17875
v 0.104038 0.0765681 -0.17875
v 0.104543 0.0760913 -0.17875
v 0.104855 0.0754705 -0.17875
v 0.104935 0.0747806 -0.17875
v 0.104775 0.0741048 -0.17875
v 0.104393 0.0735245 -0.17875
v 0.103836 0.0731099 -0.17875
v 0.0867583 0.0703699 -0.17875
v 0.0871856 0.0706166 -0.17875
v 0.0942874 0.0747168 -0.17875
v 0.103124 0.0796431 -0.17875
v 0.0934932 0.077308 -0.17875
v 0.0871856 0.0736663 -0.17875
v 0.0849113 0.0723533 -0.17875
v 0.102744 0.083625 -0.17875
v 0.103437 0.0835698 -0.17875
v 0.104068 0.0832812 -0.17875
v 0.104563 0.0827938 -0.17875
v 0.104862 0.0821666 -0.17875
v 0.104928 0.0814752 -0.17875
v 0.104753 0.0808029 -0.17875
v 0.104359 0.0802308 -0.17875
v 0.103793 0.079828 -0.17875
v 0.0776149 0.0704372 -0.17875
v 0.0824385 0.0754973 -0.17875
v 0.0871856 0.0782381 -0.17875
v 0.0920068 0.0810216 -0.17875
v 0.103382 0.0593817 -0.17875
v 0.099075 0.0577306 -0.17875
v 0.0981691 0.0569963 -0.17875
v 0.102554 0.063295 -0.17875
v 0.103249 0.0633186 -0.17875
v 0.103909 0.0631033 -0.17875
v 0.104456 0.0626752 -0.17875
v 0.104823 0.0620858 -0.17875
v 0.104967 0.0614063 -0.17875
v 0.10487 0.0607185 -0.17875
v 0.104543 0.0601055 -0.17875
v 0.104027 0.0596412 -0.17875
v 0.097075 0.0611947 -0.17875
v 0.103244 0.0661623 -0.17875
v 0.0981153 0.0647208 -0.17875
v 0.0965886 0.0638393 -0.17875
v 0.0935012 0.0620568 -0.17875
v 0.10265 0.0701179 -0.17875
v 0.103344 0.0701003 -0.17875
v 0.103991 0.0698463 -0.17875
v 0.104511 0.0693864 -0.17875
v 0.104843 0.0687763 -0.17875
v 0.104947 0.0680894 -0.17875
v 0.104809 0.0674086 -0.17875
v 0.104446 0.0668161 -0.17875
v 0.103903 0.0663833 -0.17875
v 0.0871856 0.061439 -0.17875
v 0.0896451 0.0638393 -0.17875
v 0.0910855 0.065245 -0.17875
v 0.0965621 0.0684069 -0.17875
v 0.123162 0.0583356 -0.17875
v 0.119349 0.0620568 -0.17875
v 0.116261 0.0638393 -0.17875
v 0.114735 0.0647208 -0.17875
v 0.12629 0.0608282 -0.17875
v 0.126599 0.0602839 -0.17875
v 0.126724 0.0596708 -0.17875
v 0.126654 0.059049 -0.17875
v 0.126395 0.0584794 -0.17875
v 0.125972 0.0580177 -0.17875
v 0.125664 0.0578432 -0.17875
v 0.125428 0.0577091 -0.17875
v 0.124815 0.0575839 -0.17875
v 0.124193 0.0576542 -0.17875
v 0.123624 0.0579132 -0.17875
v 0.116288 0.0684069 -0.17875
v 0.121764 0.065245 -0.17875
v 0.123205 0.0638393 -0.17875
v 0.125664 0.061439 -0.17875
v 0.128969 0.0617742 -0.17875
v 0.126944 0.0638393 -0.17875
v 0.125664 0.0651448 -0.17875
v 0.123641 0.0672085 -0.17875
v 0.11705 0.0710138 -0.17875
v 0.132178 0.064162 -0.17875
v 0.132347 0.0638393 -0.17875
v 0.132469 0.0636078 -0.17875
v 0.132574 0.0629909 -0.17875
v 0.132483 0.0623718 -0.17875
v 0.132205 0.061811 -0.17875
v 0.131768 0.0613636 -0.17875
v 0.131213 0.0610732 -0.17875
v 0.130596 0.0609683 -0.17875
v 0.129977 0.0610591 -0.17875
v 0.129417 0.0613368 -0.17875
v 0.118563 0.0747168 -0.17875
v 0.125664 0.0706166 -0.17875
v 0.126092 0.0703699 -0.17875
v 0.111592 0.0511075 -0.17875
v 0.110425 0.0519282 -0.17875
v 0.114176 0.0541612 -0.17875
v 0.11462 0.0536273 -0.17875
v 0.114855 0.0529737 -0.17875
v 0.114852 0.0522791 -0.17875
v 0.114612 0.0516274 -0.17875
v 0.114163 0.0510971 -0.17875
v 0.11356 0.0507522 -0.17875
v 0.112876 0.0506344 -0.17875
v 0.112192 0.0507578 -0.17875
v 0.112425 0.0553923 -0.17875
v 0.117359 0.0548259 -0.17875
v 0.114681 0.0569963 -0.17875
v 0.113775 0.0577306 -0.17875
v 0.120334 0.0574996 -0.17875
v 0.120647 0.0569963 -0.17875
v 0.120701 0.0569102 -0.17875
v 0.120845 0.0562307 -0.17875
v 0.120748 0.0555429 -0.17875
v 0.120421 0.0549299 -0.17875
v 0.119904 0.0544657 -0.17875
v 0.11926 0.0542061 -0.17875
v 0.118566 0.0541825 -0.17875
v 0.117905 0.0543977 -0.17875
v 0.115775 0.0611947 -0.17875
v 0.111592 0.0388925 -0.17875
v 0.112127 0.039217 -0.17875
v 0.112736 0.0393602 -0.17875
v 0.11336 0.0393082 -0.17875
v 0.113937 0.039066 -0.17875
v 0.114411 0.0386574 -0.17875
v 0.114735 0.0381223 -0.17875
v 0.114878 0.0375132 -0.17875
v 0.114826 0.0368897 -0.17875
v 0.114802 0.0368308 -0.17875
v 0.114584 0.0363127 -0.17875
v 0.114176 0.0358388 -0.17875
v 0.110425 0.0380718 -0.17875
v 0.112425 0.0346077 -0.17875
v 0.117359 0.0351741 -0.17875
v 0.117905 0.0356023 -0.17875
v 0.118566 0.0358175 -0.17875
v 0.11926 0.0357939 -0.17875
v 0.119904 0.0355343 -0.17875
v 0.120421 0.0350701 -0.17875
v 0.120748 0.0344571 -0.17875
v 0.120845 0.0337693 -0.17875
v 0.120701 0.0330898 -0.17875
v 0.120334 0.0325004 -0.17875
v 0.113775 0.0322694 -0.17875
v 0.111545 0.027184 -0.17875
v 0.115775 0.0288053 -0.17875
v 0.117312 0.0300513 -0.17875
v 0.133051 0.0368308 -0.17875
v 0.133845 0.0396828 -0.17875
v 0.134266 0.0411948 -0.17875
v 0.134266 0.0488052 -0.17875
v 0.137165 0.0368308 -0.17875
v 0.137959 0.0396828 -0.17875
v 0.138229 0.0406531 -0.17875
v 0.138229 0.0493469 -0.17875
v 0.136099 0.0569963 -0.17875
v 0.138465 0.0318577 -0.17875
v 0.139926 0.0368308 -0.17875
v 0.140764 0.0396828 -0.17875
v 0.14087 0.0400452 -0.17875
v 0.14087 0.0499548 -0.17875
v 0.138465 0.0581423 -0.17875
v 0.138802 0.0569963 -0.17875
v 0.142061 0.0300513 -0.17875
v 0.144053 0.0368308 -0.17875
v 0.14483 0.0394757 -0.17875
v 0.14483 0.0396828 -0.17875
v 0.14483 0.0505243 -0.17875
v 0.142928 0.0569963 -0.17875
v 0.134776 0.0651805 -0.17875
v 0.127939 0.0723533 -0.17875
v 0.125664 0.0736663 -0.17875
v 0.119357 0.077308 -0.17875
v 0.138035 0.0675001 -0.17875
v 0.138314 0.0669398 -0.17875
v 0.138405 0.0663209 -0.17875
v 0.138302 0.0657038 -0.17875
v 0.138012 0.0651491 -0.17875
v 0.137565 0.0647109 -0.17875
v 0.137005 0.0644323 -0.17875
v 0.136386 0.0643404 -0.17875
v 0.135769 0.0644443 -0.17875
v 0.135235 0.0647229 -0.17875
v 0.135214 0.0647338 -0.17875
v 0.135235 0.0704372 -0.17875
v 0.130412 0.0754973 -0.17875
v 0.125664 0.0782381 -0.17875
v 0.120843 0.0810216 -0.17875
v 0.114425 0.045 -0.17875
v 0.118425 0.045 -0.17875
v 0.121125 0.045 -0.17875
v 0.125125 0.045 -0.17875
v 0.12428 0.0396828 -0.17875
v 0.126982 0.0396828 -0.17875
v 0.127659 0.042336 -0.17875
v 0.127659 0.047664 -0.17875
v 0.130351 0.0368308 -0.17875
v 0.131078 0.0396828 -0.17875
v 0.131627 0.0418381 -0.17875
v 0.131627 0.0481619 -0.17875
v -0.115084 0.0331875 -0.17875
v -0.115164 0.0324976 -0.17875
v -0.115476 0.0318768 -0.17875
v -0.115981 0.0314 -0.17875
v -0.116618 0.0311248 -0.17875
v -0.117312 0.0310842 -0.17875
v -0.117977 0.0312832 -0.17875
v -0.118255 0.0314899 -0.17875
v -0.118535 0.0316979 -0.17875
v -0.118582 0.0582505 -0.17875
v -0.118255 0.0585212 -0.17875
v -0.1181 0.0586498 -0.17875
v -0.117518 0.0588807 -0.17875
v -0.116894 0.0589206 -0.17875
v -0.116288 0.0587655 -0.17875
v -0.115759 0.0584307 -0.17875
v -0.11536 0.0579489 -0.17875
v -0.115129 0.0573673 -0.17875
v -0.115105 0.0569963 -0.17875
v -0.115089 0.0567428 -0.17875
v -0.120962 0.0300513 -0.17875
v -0.12093 0.0299346 -0.17875
v -0.120956 0.0293095 -0.17875
v -0.121175 0.0287231 -0.17875
v -0.121564 0.028233 -0.17875
v -0.122085 0.0278872 -0.17875
v -0.122688 0.0277193 -0.17875
v -0.123313 0.027746 -0.17875
v -0.1239 0.0279646 -0.17875
v -0.12439 0.0283536 -0.17875
v -0.124342 0.061697 -0.17875
v -0.123776 0.0620998 -0.17875
v -0.123106 0.0622847 -0.17875
v -0.122414 0.0622295 -0.17875
v -0.121782 0.0619409 -0.17875
v -0.121287 0.0614535 -0.17875
v -0.120989 0.0608263 -0.17875
v -0.120923 0.0601349 -0.17875
v -0.109293 0.0368308 -0.17875
v -0.109224 0.0364925 -0.17875
v -0.109328 0.0358056 -0.17875
v -0.10966 0.0351955 -0.17875
v -0.11018 0.0347357 -0.17875
v -0.110827 0.0344816 -0.17875
v -0.111521 0.034464 -0.17875
v -0.11218 0.0346849 -0.17875
v -0.112723 0.0351178 -0.17875
v -0.112723 0.0548822 -0.17875
v -0.11218 0.0553151 -0.17875
v -0.111521 0.055536 -0.17875
v -0.110827 0.0555184 -0.17875
v -0.11018 0.0552643 -0.17875
v -0.10966 0.0548045 -0.17875
v -0.109328 0.0541944 -0.17875
v -0.109224 0.0535075 -0.17875
v -0.103324 0.0397565 -0.17875
v -0.10334 0.0396828 -0.17875
v -0.103468 0.039077 -0.17875
v -0.103835 0.0384876 -0.17875
v -0.104382 0.0380594 -0.17875
v -0.105043 0.0378441 -0.17875
v -0.105737 0.0378677 -0.17875
v -0.106381 0.0381273 -0.17875
v -0.106898 0.0385916 -0.17875
v -0.106898 0.0514084 -0.17875
v -0.106381 0.0518727 -0.17875
v -0.105737 0.0521323 -0.17875
v -0.105043 0.0521559 -0.17875
v -0.104382 0.0519406 -0.17875
v -0.103835 0.0515124 -0.17875
v -0.103468 0.050923 -0.17875
v -0.103324 0.0502435 -0.17875
v -0.097315 0.0428843 -0.17875
v -0.0975499 0.0422307 -0.17875
v -0.0979942 0.0416968 -0.17875
v -0.0985943 0.0413471 -0.17875
v -0.0992779 0.0412237 -0.17875
v -0.0999624 0.0413415 -0.17875
v -0.100565 0.0416864 -0.17875
v -0.101014 0.0422167 -0.17875
v -0.101014 0.0477833 -0.17875
v -0.100565 0.0483136 -0.17875
v -0.0999624 0.0486585 -0.17875
v -0.0992779 0.0487763 -0.17875
v -0.0985943 0.0486529 -0.17875
v -0.0979942 0.0483032 -0.17875
v -0.0975499 0.0477693 -0.17875
v -0.097315 0.0471157 -0.17875
v -0.0926255 0.0238377 -0.17875
v -0.091967 0.0236167 -0.17875
v -0.0914238 0.0231839 -0.17875
v -0.0910613 0.0225914 -0.17875
v -0.0909234 0.0219106 -0.17875
v -0.0910267 0.0212237 -0.17875
v -0.0913586 0.0206136 -0.17875
v -0.0918792 0.0201537 -0.17875
v -0.0925257 0.0198997 -0.17875
v -0.09322 0.0198821 -0.17875
v -0.104529 0.0300513 -0.17875
v -0.102369 0.0279432 -0.17875
v -0.101054 0.027184 -0.17875
v -0.0977547 0.0252792 -0.17875
v -0.0993079 0.0215931 -0.17875
v -0.104784 0.024755 -0.17875
v -0.107273 0.027184 -0.17875
v -0.108684 0.028561 -0.17875
v -0.0926999 0.0170891 -0.17875
v -0.0920344 0.0168901 -0.17875
v -0.0914849 0.0164812 -0.17875
v -0.0914771 0.0164755 -0.17875
v -0.0910953 0.0158952 -0.17875
v -0.090935 0.0152194 -0.17875
v -0.0910154 0.0145295 -0.17875
v -0.091327 0.0139087 -0.17875
v -0.0918321 0.0134319 -0.17875
v -0.0924698 0.0131566 -0.17875
v -0.0931632 0.0131161 -0.17875
v -0.110968 0.027184 -0.17875
v -0.108684 0.0248552 -0.17875
v -0.106661 0.0227915 -0.17875
v -0.10007 0.0189862 -0.17875
v -0.101583 0.0152832 -0.17875
v -0.103658 0.0164812 -0.17875
v -0.108684 0.0193834 -0.17875
v -0.109112 0.0196301 -0.17875
v -0.0921507 0.0374714 -0.17875
v -0.0916022 0.0371703 -0.17875
v -0.0912831 0.0368308 -0.17875
v -0.0911736 0.0367144 -0.17875
v -0.0909069 0.0361484 -0.17875
v -0.0908281 0.0355276 -0.17875
v -0.090945 0.0349129 -0.17875
v -0.0912461 0.0343644 -0.17875
v -0.091702 0.0339358 -0.17875
v -0.0922681 0.033669 -0.17875
v -0.0928888 0.0335903 -0.17875
v -0.0935036 0.0337072 -0.17875
v -0.093445 0.0380718 -0.17875
v -0.095445 0.0346077 -0.17875
v -0.0924877 0.0306183 -0.17875
v -0.0918434 0.0303588 -0.17875
v -0.0915013 0.0300513 -0.17875
v -0.0913268 0.0298945 -0.17875
v -0.0910002 0.0292815 -0.17875
v -0.0909028 0.0285938 -0.17875
v -0.0910466 0.0279142 -0.17875
v -0.0914141 0.0273248 -0.17875
v -0.0915941 0.027184 -0.17875
v -0.0919611 0.0268967 -0.17875
v -0.0926215 0.0266814 -0.17875
v -0.0933157 0.026705 -0.17875
v -0.096795 0.0322694 -0.17875
v -0.0945652 0.027184 -0.17875
v -0.098795 0.0288053 -0.17875
v -0.100332 0.0300513 -0.17875
v -0.0927463 0.0103569 -0.17875
v -0.0920767 0.010172 -0.17875
v -0.0915109 0.00976918 -0.17875
v -0.0911169 0.00919714 -0.17875
v -0.0909423 0.00852484 -0.17875
v -0.0910082 0.00783338 -0.17875
v -0.0913066 0.00720616 -0.17875
v -0.0918015 0.00671882 -0.17875
v -0.0924333 0.00643016 -0.17875
v -0.0931257 0.00637498 -0.17875
v -0.110959 0.0176467 -0.17875
v -0.10894 0.0164812 -0.17875
v -0.108684 0.0163337 -0.17875
v -0.102377 0.012692 -0.17875
v -0.118255 0.0195628 -0.17875
v -0.115318 0.0164812 -0.17875
v -0.113432 0.0145027 -0.17875
v -0.108684 0.0117619 -0.17875
v -0.103863 0.00897839 -0.17875
v -0.0842779 0.0388925 -0.17875
v -0.0837429 0.039217 -0.17875
v -0.0831338 0.0393602 -0.17875
v -0.0825102 0.0393082 -0.17875
v -0.0819332 0.039066 -0.17875
v -0.0814593 0.0386574 -0.17875
v -0.0811348 0.0381223 -0.17875
v -0.0809916 0.0375132 -0.17875
v -0.0810436 0.0368897 -0.17875
v -0.0810683 0.0368308 -0.17875
v -0.0812858 0.0363127 -0.17875
v -0.0816944 0.0358388 -0.17875
v -0.085445 0.0380718 -0.17875
v -0.083445 0.0346077 -0.17875
v -0.0574047 0.0318577 -0.17875
v -0.0559438 0.0368308 -0.17875
v -0.055106 0.0396828 -0.17875
v -0.0549995 0.0400452 -0.17875
v -0.0549995 0.0499548 -0.17875
v -0.0574047 0.0581423 -0.17875
v -0.0570681 0.0569963 -0.17875
v -0.0538089 0.0300513 -0.17875
v -0.0518173 0.0368308 -0.17875
v -0.0510403 0.0394757 -0.17875
v -0.0510403 0.0396828 -0.17875
v -0.0510403 0.0505243 -0.17875
v -0.0529415 0.0569963 -0.17875
v -0.0628194 0.0368308 -0.17875
v -0.062025 0.0396828 -0.17875
v -0.0616038 0.0411948 -0.17875
v -0.0616038 0.0488052 -0.17875
v -0.0597715 0.0569963 -0.17875
v -0.0576407 0.0493469 -0.17875
v -0.0576407 0.0406531 -0.17875
v -0.057911 0.0396828 -0.17875
v -0.0587054 0.0368308 -0.17875
v -0.0688879 0.0396828 -0.17875
v -0.0682115 0.042336 -0.17875
v -0.0682115 0.047664 -0.17875
v -0.0642426 0.0481619 -0.17875
v -0.0642426 0.0418381 -0.17875
v -0.064792 0.0396828 -0.17875
v -0.0655191 0.0368308 -0.17875
v -0.0669009 0.0282258 -0.17875
v -0.0663958 0.0287026 -0.17875
v -0.0657581 0.0289778 -0.17875
v -0.0650647 0.0290184 -0.17875
v -0.0643992 0.0288194 -0.17875
v -0.063842 0.0284047 -0.17875
v -0.0634601 0.0278245 -0.17875
v -0.0633082 0.027184 -0.17875
v -0.0632998 0.0271487 -0.17875
v -0.0633802 0.0264588 -0.17875
v -0.0636918 0.025838 -0.17875
v -0.072229 0.0227915 -0.17875
v -0.0788199 0.0189862 -0.17875
v -0.0679224 0.027184 -0.17875
v -0.0702056 0.0248552 -0.17875
v -0.0697783 0.0196301 -0.17875
v -0.0702056 0.0193834 -0.17875
v -0.0752323 0.0164812 -0.17875
v -0.0773074 0.0152832 -0.17875
v -0.0610939 0.0248195 -0.17875
v -0.0606349 0.0252714 -0.17875
v -0.0605989 0.0253068 -0.17875
v -0.0599671 0.0255955 -0.17875
v -0.0592748 0.0256507 -0.17875
v -0.0586052 0.0254657 -0.17875
v -0.0580394 0.0250629 -0.17875
v -0.0576454 0.0244909 -0.17875
v -0.0574708 0.0238186 -0.17875
v -0.0575367 0.0231271 -0.17875
v -0.0578351 0.0224999 -0.17875
v -0.0765132 0.012692 -0.17875
v -0.0702056 0.0163337 -0.17875
v -0.06995 0.0164812 -0.17875
v -0.0679313 0.0176467 -0.17875
v -0.0606349 0.0195628 -0.17875
v -0.0635724 0.0164812 -0.17875
v -0.0654585 0.0145027 -0.17875
v -0.0702056 0.0117619 -0.17875
v -0.0750268 0.00897839 -0.17875
v -0.0785115 0.0351741 -0.17875
v -0.0779645 0.0356023 -0.17875
v -0.0773041 0.0358175 -0.17875
v -0.07661 0.0357939 -0.17875
v -0.0759657 0.0355343 -0.17875
v -0.0754491 0.0350701 -0.17875
v -0.0751224 0.0344571 -0.17875
v -0.0750251 0.0337693 -0.17875
v -0.0751689 0.0330898 -0.17875
v -0.0755364 0.0325004 -0.17875
v -0.082095 0.0322694 -0.17875
v -0.0785578 0.0300513 -0.17875
v -0.080095 0.0288053 -0.17875
v -0.0843248 0.027184 -0.17875
v -0.0727082 0.0316644 -0.17875
v -0.0721876 0.0321242 -0.17875
v -0.0715411 0.0323783 -0.17875
v -0.0708467 0.0323959 -0.17875
v -0.0702056 0.0321808 -0.17875
v -0.0701882 0.0321749 -0.17875
v -0.069645 0.0317421 -0.17875
v -0.0692825 0.0311496 -0.17875
v -0.0691446 0.0304688 -0.17875
v -0.0692074 0.0300513 -0.17875
v -0.0692478 0.0297819 -0.17875
v -0.0695798 0.0291718 -0.17875
v -0.0811353 0.0252792 -0.17875
v -0.0743611 0.0300513 -0.17875
v -0.0765212 0.0279432 -0.17875
v -0.0778362 0.027184 -0.17875
v -0.0702056 0.028561 -0.17875
v -0.0716166 0.027184 -0.17875
v -0.0741055 0.024755 -0.17875
v -0.0795821 0.0215931 -0.17875
v -0.0924877 0.0593817 -0.17875
v -0.096795 0.0577306 -0.17875
v -0.0977009 0.0569963 -0.17875
v -0.0933157 0.063295 -0.17875
v -0.0926215 0.0633186 -0.17875
v -0.0919611 0.0631033 -0.17875
v -0.0914141 0.0626752 -0.17875
v -0.0910466 0.0620858 -0.17875
v -0.0909028 0.0614063 -0.17875
v -0.0910002 0.0607185 -0.17875
v -0.0913268 0.0601055 -0.17875
v -0.0918434 0.0596412 -0.17875
v -0.098795 0.0611947 -0.17875
v -0.0921507 0.0525286 -0.17875
v -0.093445 0.0519282 -0.17875
v -0.0935036 0.0562928 -0.17875
v -0.092819 0.0564107 -0.17875
v -0.0921355 0.0562873 -0.17875
v -0.0915354 0.0559376 -0.17875
v -0.091091 0.0554037 -0.17875
v -0.0908561 0.05475 -0.17875
v -0.0908589 0.0540554 -0.17875
v -0.0910992 0.0534037 -0.17875
v -0.0915478 0.0528734 -0.17875
v -0.095445 0.0553923 -0.17875
v -0.106661 0.0672085 -0.17875
v -0.10007 0.0710138 -0.17875
v -0.0926999 0.0729109 -0.17875
v -0.109964 0.0638393 -0.17875
v -0.108684 0.0651448 -0.17875
v -0.0931632 0.0768839 -0.17875
v -0.0924698 0.0768434 -0.17875
v -0.0918321 0.0765681 -0.17875
v -0.091327 0.0760913 -0.17875
v -0.0910154 0.0754705 -0.17875
v -0.090935 0.0747806 -0.17875
v -0.0910953 0.0741048 -0.17875
v -0.0914771 0.0735245 -0.17875
v -0.0920344 0.0731099 -0.17875
v -0.109112 0.0703699 -0.17875
v -0.108684 0.0706166 -0.17875
v -0.101583 0.0747168 -0.17875
v -0.0926255 0.0661623 -0.17875
v -0.0977547 0.0647208 -0.17875
v -0.0992814 0.0638393 -0.17875
v -0.102369 0.0620568 -0.17875
v -0.09322 0.0701179 -0.17875
v -0.0925943 0.070113 -0.17875
v -0.0920008 0.0699149 -0.17875
v -0.0914974 0.0695431 -0.17875
v -0.0911337 0.069034 -0.17875
v -0.090945 0.0684374 -0.17875
v -0.0909499 0.0678116 -0.17875
v -0.091148 0.0672181 -0.17875
v -0.0915198 0.0667148 -0.17875
v -0.0920289 0.066351 -0.17875
v -0.108684 0.061439 -0.17875
v -0.106225 0.0638393 -0.17875
v -0.104784 0.065245 -0.17875
v -0.0993079 0.0684069 -0.17875
v -0.074745 0.045 -0.17875
v -0.070745 0.045 -0.17875
v -0.0715897 0.0396828 -0.17875
v -0.081445 0.045 -0.17875
v -0.077445 0.045 -0.17875
v -0.0669009 0.0617742 -0.17875
v -0.0689256 0.0638393 -0.17875
v -0.0702056 0.0651448 -0.17875
v -0.072229 0.0672085 -0.17875
v -0.0788199 0.0710138 -0.17875
v -0.0636918 0.064162 -0.17875
v -0.0635227 0.0638393 -0.17875
v -0.0634014 0.0636078 -0.17875
v -0.0632965 0.0629909 -0.17875
v -0.0633873 0.0623718 -0.17875
v -0.0636651 0.061811 -0.17875
v -0.0641025 0.0613636 -0.17875
v -0.0646567 0.0610732 -0.17875
v -0.0652736 0.0609683 -0.17875
v -0.0658927 0.0610591 -0.17875
v -0.0664535 0.0613368 -0.17875
v -0.0773074 0.0747168 -0.17875
v -0.0702056 0.0706166 -0.17875
v -0.0697783 0.0703699 -0.17875
v -0.0610939 0.0651805 -0.17875
v -0.0679313 0.0723533 -0.17875
v -0.0702056 0.0736663 -0.17875
v -0.0765132 0.077308 -0.17875
v -0.0606349 0.0647286 -0.17875
v -0.0605989 0.0646932 -0.17875
v -0.0599671 0.0644045 -0.17875
v -0.0592748 0.0643493 -0.17875
v -0.0586052 0.0645343 -0.17875
v -0.0580394 0.0649371 -0.17875
v -0.0576454 0.0655091 -0.17875
v -0.0574708 0.0661814 -0.17875
v -0.0575367 0.0668729 -0.17875
v -0.0578351 0.0675001 -0.17875
v -0.0606349 0.0704372 -0.17875
v -0.0654585 0.0754973 -0.17875
v -0.0702056 0.0782381 -0.17875
v -0.0750268 0.0810216 -0.17875
v -0.0927463 0.0796431 -0.17875
v -0.102377 0.077308 -0.17875
v -0.108684 0.0736663 -0.17875
v -0.110959 0.0723533 -0.17875
v -0.0931257 0.083625 -0.17875
v -0.0924333 0.0835698 -0.17875
v -0.0918015 0.0832812 -0.17875
v -0.0913066 0.0827938 -0.17875
v -0.0910082 0.0821666 -0.17875
v -0.0909423 0.0814752 -0.17875
v -0.0911169 0.0808029 -0.17875
v -0.0915109 0.0802308 -0.17875
v -0.0920767 0.079828 -0.17875
v -0.118255 0.0704372 -0.17875
v -0.113432 0.0754973 -0.17875
v -0.108684 0.0782381 -0.17875
v -0.103863 0.0810216 -0.17875
v -0.0842779 0.0511075 -0.17875
v -0.085445 0.0519282 -0.17875
v -0.0816944 0.0541612 -0.17875
v -0.0812501 0.0536273 -0.17875
v -0.0810152 0.0529737 -0.17875
v -0.081018 0.0522791 -0.17875
v -0.0812582 0.0516274 -0.17875
v -0.0817068 0.0510971 -0.17875
v -0.0823097 0.0507522 -0.17875
v -0.0829943 0.0506344 -0.17875
v -0.0836778 0.0507578 -0.17875
v -0.083445 0.0553923 -0.17875
v -0.0727082 0.0583356 -0.17875
v -0.0765212 0.0620568 -0.17875
v -0.0796086 0.0638393 -0.17875
v -0.0811353 0.0647208 -0.17875
v -0.0695798 0.0608282 -0.17875
v -0.0692478 0.0602181 -0.17875
v -0.0691446 0.0595312 -0.17875
v -0.0692825 0.0588504 -0.17875
v -0.069645 0.0582579 -0.17875
v -0.0701882 0.0578251 -0.17875
v -0.0702056 0.0578192 -0.17875
v -0.0708467 0.0576041 -0.17875
v -0.0715411 0.0576217 -0.17875
v -0.0721876 0.0578758 -0.17875
v -0.0702056 0.061439 -0.17875
v -0.0726651 0.0638393 -0.17875
v -0.0741055 0.065245 -0.17875
v -0.0795821 0.0684069 -0.17875
v -0.0785115 0.0548259 -0.17875
v -0.0811891 0.0569963 -0.17875
v -0.082095 0.0577306 -0.17875
v -0.0755364 0.0574996 -0.17875
v -0.0752102 0.0569963 -0.17875
v -0.0751961 0.0569745 -0.17875
v -0.0750347 0.0563699 -0.17875
v -0.075068 0.0557451 -0.17875
v -0.0752928 0.0551611 -0.17875
v -0.0756871 0.0546752 -0.17875
v -0.0762122 0.0543349 -0.17875
v -0.0768167 0.0541735 -0.17875
v -0.0774416 0.0542068 -0.17875
v -0.0780256 0.0544316 -0.17875
v -0.080095 0.0611947 -0.17875
v 0.101425 0.045 -0.17875
v 0.101727 0.0467101 -0.17875
v 0.102595 0.0482139 -0.17875
v 0.103925 0.0493301 -0.17875
v 0.105557 0.049924 -0.17875
v 0.106425 0.049924 -0.17875
v 0.107293 0.049924 -0.17875
v 0.108925 0.0493301 -0.17875
v 0.110255 0.0482139 -0.17875
v 0.111123 0.0467101 -0.17875
v 0.111425 0.045 -0.17875
v 0.111123 0.0432899 -0.17875
v 0.110255 0.0417861 -0.17875
v 0.108925 0.0406699 -0.17875
v 0.107293 0.040076 -0.17875
v 0.106425 0.040076 -0.17875
v 0.105557 0.040076 -0.17875
v 0.103925 0.0406699 -0.17875
v 0.102595 0.0417861 -0.17875
v 0.101727 0.0432899 -0.17875
v 0.2185 0.0885 0.18965
v -0.2185 0.0885 0.18965
v -0.09325 0.0885 0.18965
v 0.044 0.0885 0.18965
v 0.2185 0.0015 0.18965
v 0.2185 0.004685 0.18965
v 0.2185 0.0414375 0.18965
v 0.2185 0.012935 0.18965
v 0.2185 0.0200625 0.18965
v 0.2185 0.0271875 0.18965
v 0.2185 0.0485625 0.18965
v 0.2185 0.0556875 0.18965
v 0.2185 0.0628125 0.18965
v 0.2185 0.077065 0.18965
v 0.2185 0.0699375 0.18965
v -0.09325 0.0015 0.18965
v -0.2185 0.0015 0.18965
v 0.044 0.0015 0.18965
v -0.2185 0.004685 0.18965
v -0.2185 0.012935 0.18965
v -0.2185 0.0200625 0.18965
v -0.2185 0.0271875 0.18965
v -0.2185 0.0414375 0.18965
v -0.2185 0.077065 0.18965
v -0.2185 0.0485625 0.18965
v -0.2185 0.0699375 0.18965
v -0.2185 0.0628125 0.18965
v -0.2185 0.0556875 0.18965
v -0.108684 0.0638393 -0.17875
v -0.0606349 0.0164812 -0.17875
v -0.0702056 0.027184 -0.17875
v -0.0702056 0.0164812 -0.17875
v -0.0574047 0.0569963 -0.17875
v -0.108684 0.0164812 -0.17875
v -0.108684 0.027184 -0.17875
v 0.125664 0.0638393 -0.17875
v 0.0871856 0.0638393 -0.17875
v 0.0776149 0.0638393 -0.17875
v 0.0871856 0.027184 -0.17875
v 0.0871856 0.0164812 -0.17875
v 0.125664 0.027184 -0.17875
v 0.125664 0.0164812 -0.17875
v 0.0871856 0.0569963 -0.17875
v 0.0776149 0.0300513 -0.17875
v 0.106425 0.0396828 -0.17875
v 0.106425 0.0569963 -0.17875
v 0.0871856 0.0396828 -0.17875
v 0.125664 0.0569963 -0.17875
v 0.125664 0.0396828 -0.17875
v 0.00849 0.0638393 -0.17875
v 0.0871856 0.0368308 -0.17875
v 0.00849 0.027184 -0.17875
v 0.0776149 0.027184 -0.17875
v 0.00849 0.0368308 -0.17875
v 0.00849 0.0396828 -0.17875
v 0.00849 0.0569963 -0.17875
v 0.106425 0.0368308 -0.17875
v 0.106425 0.0300513 -0.17875
v 0.138465 0.0164812 -0.17875
v 0.138465 0.027184 -0.17875
v 0.135235 0.027184 -0.17875
v 0.106425 0.00318298 -0.17875
v 0.106425 0.0164812 -0.17875
v 0.125664 0.00318298 -0.17875
v 0.135235 0.0164812 -0.17875
v 0.135235 0.00318298 -0.17875
v 0.135235 0.0300513 -0.17875
v 0.106425 0.027184 -0.17875
v 0.125664 0.0368308 -0.17875
v 0.0871856 0.00318298 -0.17875
v 0.0776149 0.00318298 -0.17875
v 0.00849 0.0164812 -0.17875
v 0.0776149 0.0164812 -0.17875
v 0.106425 0.09 -0.17875
v 0.106425 0.0638393 -0.17875
v 0.0871856 0.09 -0.17875
v 0.0776149 0.09 -0.17875
v 0.00849 0.09 -0.17875
v 0.125664 0.09 -0.17875
v 0.135235 0.0638393 -0.17875
v 0.138465 0.0569963 -0.17875
v 0.138465 0.0396828 -0.17875
v 0.138465 0.0368308 -0.17875
v 0.182612 0.0569963 -0.17875
v 0.182612 0.0638393 -0.17875
v 0.138465 0.0638393 -0.17875
v 0.182612 0.0300513 -0.17875
v 0.182612 0.0368308 -0.17875
v 0.182612 0.0396828 -0.17875
v 0.182612 0.027184 -0.17875
v 0.135235 0.09 -0.17875
v 0.138465 0.09 -0.17875
v -0.108684 0.0569963 -0.17875
v -0.089445 0.0396828 -0.17875
v -0.089445 0.0569963 -0.17875
v -0.0702056 0.0569963 -0.17875
v -0.0702056 0.0396828 -0.17875
v -0.118255 0.0638393 -0.17875
v -0.22 0.0638393 -0.17875
v -0.22 0.0569963 -0.17875
v -0.108684 0.0396828 -0.17875
v -0.118255 0.0300513 -0.17875
v -0.108684 0.0368308 -0.17875
v -0.22 0.027184 -0.17875
v -0.118255 0.027184 -0.17875
v -0.22 0.0300513 -0.17875
v -0.22 0.0368308 -0.17875
v -0.22 0.0396828 -0.17875
v -0.089445 0.0164812 -0.17875
v -0.089445 0.027184 -0.17875
v -0.089445 0.0368308 -0.17875
v -0.089445 0.0300513 -0.17875
v -0.089445 0.00318298 -0.17875
v -0.108684 0.00318298 -0.17875
v -0.118255 0.0164812 -0.17875
v -0.118255 0.00318298 -0.17875
v -0.22 0.0164812 -0.17875
v -0.0702056 0.0368308 -0.17875
v -0.0574047 0.0638393 -0.17875
v 0.00849 0.0300513 -0.17875
v -0.0574047 0.027184 -0.17875
v -0.0606349 0.0300513 -0.17875
v -0.0606349 0.027184 -0.17875
v -0.0574047 0.0396828 -0.17875
v -0.0574047 0.0368308 -0.17875
v -0.0606349 0.0638393 -0.17875
v -0.0702056 0.0638393 -0.17875
v -0.0702056 0.00318298 -0.17875
v -0.0574047 0.0164812 -0.17875
v -0.0606349 0.00318298 -0.17875
v -0.089445 0.0638393 -0.17875
v -0.089445 0.09 -0.17875
v -0.108684 0.09 -0.17875
v -0.0702056 0.09 -0.17875
v -0.0606349 0.09 -0.17875
v -0.0574047 0.09 -0.17875
v -0.22 0.09 -0.17875
v -0.118255 0.09 -0.17875
v 0.182612 0.09 -0.17875
v -0.22 0.00318298 -0.17875
v -0.22 -1.78814e-09 -0.17875
v 0.00849 0.00318298 -0.17875
v -0.0574047 0.00318298 -0.17875
v 0.138465 0.00318298 -0.17875
v 0.182612 0.0164812 -0.17875
v 0.182612 0.00318298 -0.17875
v 0.22 0.09 -0.17875
v 0.22 0.0638393 -0.17875
v 0.22 0.0569963 -0.17875
v 0.22 0.0396828 -0.17875
v 0.22 0.0368308 -0.17875
v 0.22 0.0300513 -0.17875
v 0.22 0.027184 -0.17875
v 0.22 0.0164812 -0.17875
v 0.22 0.00318298 -0.17875
v -0.118255 -1.78814e-09 -0.17875
v -0.108684 -1.78814e-09 -0.17875
v -0.089445 -1.78814e-09 -0.17875
v -0.0702056 -1.78814e-09 -0.17875
v -0.0606349 -1.78814e-09 -0.17875
v -0.0574047 -1.78814e-09 -0.17875
v 0.00849 -1.78814e-09 -0.17875
v 0.0776149 -1.78814e-09 -0.17875
v 0.0871856 -1.78814e-09 -0.17875
v 0.106425 -1.78814e-09 -0.17875
v 0.125664 -1.78814e-09 -0.17875
v 0.135235 -1.78814e-09 -0.17875
v 0.138465 -1.78814e-09 -0.17875
v 0.182612 -1.78814e-09 -0.17875
v 0.22 -1.78814e-09 -0.17875
v 0.22 -1.78814e-09 0.19115
v -0.22 -1.78814e-09 0.19115
v -0.094 -1.78814e-09 0.19115
v 0.044 -1.78814e-09 0.19115
v -0.22 0.003935 0.19115
v -0.22 0.09 0.19115
v -0.22 0.077065 0.19115
v -0.22 0.0699375 0.19115
v -0.22 0.0628125 0.19115
v -0.22 0.0556875 0.19115
v -0.22 0.0485625 0.19115
v -0.22 0.0414375 0.19115
v -0.22 0.0271875 0.19115
v -0.22 0.0200625 0.19115
v -0.22 0.012935 0.19115
v 0.22 0.003935 0.19115
v 0.22 0.012935 0.19115
v 0.22 0.0200625 0.19115
v 0.22 0.0271875 0.19115
v 0.22 0.0414375 0.19115
v 0.22 0.09 0.19115
v 0.22 0.077065 0.19115
v 0.22 0.0485625 0.19115
v 0.22 0.0699375 0.19115
v 0.22 0.0628125 0.19115
v 0.22 0.0556875 0.19115
v -0.094 0.09 0.19115
v 0.044 0.09 0.19115
v 0.131425 0.08213 0.19115
v 0.21 0.064875 0.19115
v 0.044 0.064875 0.19115
v 0.044 0.0628125 0.19115
v 0.21 0.015 0.19115
v 0.044 0.015 0.19115
v 0.044 0.012935 0.19115
v 0.21 0.075 0.19115
v 0.21 0.072 0.19115
v 0.032 0.075 0.19115
v 0.044 0.075 0.19115
v 0.044 0.077065 0.19115
v -0.094 0.077065 0.19115
v -0.094 0.0699375 0.19115
v 0.032 0.072 0.19115
v 0.044 0.0699375 0.19115
v 0.044 0.072 0.19115
v 0.044 0.0271875 0.19115
v 0.044 0.025125 0.19115
v 0.21 0.025125 0.19115
v 0.044 0.0200625 0.19115
v 0.044 0.022125 0.19115
v 0.04 0.022125 0.19115
v 0.04 0.025125 0.19115
v -0.094 0.0271875 0.19115
v -0.094 0.0200625 0.19115
v 0.21 0.018 0.19115
v -0.094 0.012935 0.19115
v 0.032 0.015 0.19115
v 0.032 0.018 0.19115
v 0.044 0.018 0.19115
v 0.04 0.053625 0.19115
v 0.044 0.053625 0.19115
v 0.044 0.0556875 0.19115
v 0.21 0.053625 0.19115
v 0.21 0.050625 0.19115
v 0.044 0.050625 0.19115
v 0.044 0.0485625 0.19115
v 0.04 0.050625 0.19115
v -0.094 0.0485625 0.19115
v -0.094 0.0556875 0.19115
v 0.21 0.067875 0.19115
v -0.094 0.0628125 0.19115
v 0.04 0.064875 0.19115
v 0.04 0.067875 0.19115
v 0.044 0.067875 0.19115
v 0.044 0.0414375 0.19115
v 0.21 0.039375 0.19115
v 0.044 0.039375 0.19115
v 0.044 0.036375 0.19115
v 0.048 0.03225 0.19115
v 0.21 0.036375 0.19115
v 0.21 0.03225 0.19115
v 0.21 0.02925 0.19115
v 0.21 0.022125 0.19115
v 0.048 0.02925 0.19115
v 0.04 0.036375 0.19115
v 0.04 0.039375 0.19115
v -0.094 0.0414375 0.19115
v 0.044 0.0465 0.19115
v 0.21 0.0465 0.19115
v 0.21 0.0435 0.19115
v 0.044 0.0435 0.19115
v 0.032 0.0435 0.19115
v 0.032 0.0465 0.19115
v 0.131425 0.07913 0.19115
v 0.081425 0.07913 0.19115
v 0.081425 0.08213 0.19115
v 0.21 0.06075 0.19115
v 0.21 0.05775 0.19115
v 0.048 0.05775 0.19115
v 0.048 0.06075 0.19115
v 0.131425 0.01087 0.19115
v 0.081425 0.01087 0.19115
v 0.081425 0.00787 0.19115
v 0.044 0.003935 0.19115
v 0.131425 0.00787 0.19115
v -0.094 0.003935 0.19115
v 0.04 0.036375 0.18965
v 0.044 0.036375 0.18965
v 0.044 0.0271875 0.18965
v 0.044 0.0485625 0.18965
v 0.044 0.0465 0.18965
v 0.032 0.0465 0.18965
v 0.032 0.0435 0.18965
v -0.09325 0.0414375 0.18965
v -0.09325 0.0485625 0.18965
v 0.044 0.0414375 0.18965
v 0.044 0.0435 0.18965
v 0.21 0.0435 0.18965
v 0.044 0.039375 0.18965
v 0.04 0.039375 0.18965
v -0.09325 0.0271875 0.18965
v 0.21 0.036375 0.18965
v 0.21 0.039375 0.18965
v 0.21 0.0465 0.18965
v 0.21 0.02925 0.18965
v 0.21 0.03225 0.18965
v 0.048 0.03225 0.18965
v 0.048 0.02925 0.18965
v 0.044 0.0699375 0.18965
v 0.044 0.067875 0.18965
v 0.04 0.067875 0.18965
v 0.04 0.064875 0.18965
v -0.09325 0.0628125 0.18965
v -0.09325 0.0699375 0.18965
v 0.044 0.064875 0.18965
v 0.044 0.0628125 0.18965
v 0.21 0.064875 0.18965
v 0.21 0.067875 0.18965
v 0.044 0.0556875 0.18965
v 0.044 0.053625 0.18965
v 0.04 0.053625 0.18965
v 0.21 0.053625 0.18965
v 0.21 0.050625 0.18965
v 0.044 0.0200625 0.18965
v 0.044 0.018 0.18965
v 0.032 0.018 0.18965
v 0.032 0.015 0.18965
v -0.09325 0.012935 0.18965
v -0.09325 0.0200625 0.18965
v 0.044 0.015 0.18965
v 0.044 0.012935 0.18965
v 0.21 0.015 0.18965
v 0.21 0.018 0.18965
v 0.044 0.025125 0.18965
v 0.04 0.025125 0.18965
v 0.04 0.022125 0.18965
v 0.044 0.022125 0.18965
v 0.21 0.022125 0.18965
v 0.21 0.025125 0.18965
v 0.044 0.077065 0.18965
v 0.044 0.075 0.18965
v 0.032 0.075 0.18965
v 0.044 0.072 0.18965
v 0.21 0.072 0.18965
v 0.21 0.075 0.18965
v 0.044 0.004685 0.18965
v 0.081425 0.00787 0.18965
v 0.131425 0.00787 0.18965
v 0.081425 0.01087 0.18965
v 0.131425 0.01087 0.18965
v -0.09325 0.004685 0.18965
v 0.048 0.05775 0.18965
v 0.21 0.05775 0.18965
v 0.048 0.06075 0.18965
v 0.21 0.06075 0.18965
v -0.09325 0.0556875 0.18965
v 0.04 0.050625 0.18965
v 0.044 0.050625 0.18965
v 0.081425 0.07913 0.18965
v 0.131425 0.07913 0.18965
v 0.081425 0.08213 0.18965
v 0.131425 0.08213 0.18965
v 0.032 0.072 0.18965
v -0.09325 0.077065 0.18965
# </points>

# <faces count="8140">
g FRONT_PANEL
f 1 2 3
f 2 4 3
f 3 4 5
f 4 6 5
f 5 6 7
f 6 8 7
f 7 8 9
f 8 10 9
f 9 10 11
f 10 12 11
f 11 12 13
f 12 14 13
f 13 14 15
f 14 16 15
f 15 16 17
f 16 18 17
f 17 18 19
f 18 20 19
f 19 20 21
f 20 22 21
f 21 22 23
f 22 24 23
f 23 24 25
f 24 26 25
f 25 26 27
f 26 28 27
f 27 28 29
f 28 30 29
f 29 30 31
f 30 32 31
f 31 32 33
f 32 34 33
f 33 34 35
f 34 36 35
f 35 36 37
f 36 38 37
f 37 38 39
f 38 40 39
f 39 40 1
f 40 2 1
f 41 42 43
f 44 45 46
f 47 48 49
f 50 51 52
f 53 54 55
f 56 57 58
f 59 60 61
f 62 63 64
f 65 66 67
f 68 69 70
f 71 72 73
f 74 75 76
f 77 78 79
f 80 81 82
f 83 84 85
f 86 87 88
f 89 90 91
f 92 93 94
f 95 96 97
f 98 99 100
f 101 102 103
f 104 105 106
f 107 108 109
f 110 111 112
f 113 114 115
f 111 116 112
f 116 117 112
f 112 117 118
f 108 119 120
f 121 122 123
f 122 124 123
f 123 124 125
f 119 126 120
f 126 127 120
f 120 127 128
f 127 122 128
f 128 122 129
f 122 121 129
f 130 131 109
f 131 132 109
f 109 132 107
f 133 134 135
f 134 136 135
f 135 136 137
f 136 138 137
f 138 139 137
f 137 139 115
f 139 140 115
f 115 140 113
f 23 25 114
f 141 142 125
f 130 109 143
f 109 11 143
f 143 11 144
f 11 13 144
f 144 13 145
f 125 142 146
f 142 147 146
f 146 147 148
f 147 149 148
f 148 149 150
f 151 152 149
f 152 153 149
f 149 153 150
f 154 155 156
f 157 152 112
f 152 151 112
f 112 151 110
f 155 158 156
f 158 159 156
f 156 159 160
f 159 161 160
f 160 161 133
f 161 162 133
f 133 162 134
f 163 164 17
f 164 165 17
f 17 165 15
f 165 166 15
f 15 166 13
f 166 167 13
f 13 167 145
f 168 169 17
f 169 170 17
f 17 170 163
f 114 171 23
f 171 172 23
f 23 172 21
f 172 173 21
f 21 173 19
f 173 174 19
f 19 174 17
f 174 175 17
f 17 175 168
f 168 176 169
f 176 177 169
f 169 177 178
f 177 179 178
f 178 179 180
f 125 124 141
f 124 181 141
f 141 181 182
f 181 178 182
f 182 178 156
f 178 180 156
f 156 180 154
f 183 184 185
f 185 186 183
f 186 187 183
f 183 187 188
f 189 188 190
f 191 192 109
f 192 193 109
f 193 194 109
f 109 194 183
f 194 195 183
f 183 195 184
f 108 120 109
f 120 196 109
f 109 196 191
f 197 198 112
f 198 199 112
f 112 199 157
f 199 200 157
f 157 200 201
f 200 202 201
f 201 202 190
f 202 203 190
f 190 203 189
f 104 204 205
f 206 207 208
f 207 209 208
f 209 207 210
f 207 211 210
f 210 211 212
f 211 213 212
f 212 213 112
f 213 214 112
f 112 214 197
f 215 216 217
f 216 218 217
f 217 218 219
f 218 220 219
f 219 220 221
f 206 219 207
f 219 221 207
f 207 221 222
f 221 204 222
f 222 204 223
f 204 104 223
f 205 224 104
f 224 225 104
f 104 225 105
f 226 227 183
f 228 229 230
f 228 230 231
f 230 232 231
f 231 232 233
f 234 235 183
f 235 236 183
f 183 236 226
f 237 238 239
f 225 240 105
f 240 241 105
f 105 241 106
f 241 233 106
f 106 233 242
f 233 232 242
f 188 189 183
f 189 243 183
f 183 243 234
f 244 245 246
f 245 247 246
f 246 247 248
f 229 228 249
f 228 250 249
f 249 250 251
f 252 253 246
f 254 255 246
f 239 238 256
f 251 257 249
f 257 252 249
f 249 252 258
f 252 246 258
f 258 246 259
f 255 260 246
f 260 261 246
f 246 261 244
f 253 262 246
f 262 263 246
f 246 263 254
f 263 256 254
f 254 256 264
f 256 238 264
f 265 266 246
f 266 267 246
f 267 268 246
f 246 268 269
f 270 271 269
f 271 183 269
f 269 183 246
f 183 227 246
f 246 227 259
f 271 272 183
f 272 273 183
f 183 273 274
f 275 276 246
f 276 277 246
f 246 277 265
f 269 278 270
f 278 279 270
f 270 279 280
f 279 281 280
f 280 281 282
f 281 283 282
f 284 285 183
f 285 286 183
f 287 288 274
f 288 289 274
f 289 290 274
f 290 291 274
f 274 291 183
f 291 292 183
f 183 292 284
f 286 293 183
f 293 294 183
f 183 294 295
f 97 96 296
f 297 298 275
f 298 299 275
f 275 299 276
f 300 301 297
f 301 302 297
f 297 302 298
f 303 304 305
f 304 306 305
f 305 306 300
f 306 307 300
f 300 307 301
f 308 309 100
f 309 310 100
f 100 310 305
f 310 311 305
f 305 311 303
f 283 281 312
f 281 313 312
f 312 313 314
f 313 315 314
f 314 315 316
f 315 317 316
f 316 317 318
f 317 319 318
f 318 319 320
f 319 321 320
f 320 321 99
f 321 322 99
f 99 322 100
f 322 323 100
f 100 323 308
f 237 239 324
f 239 325 324
f 324 325 326
f 325 327 326
f 326 327 328
f 327 329 328
f 328 329 330
f 329 331 330
f 330 331 332
f 331 333 332
f 332 333 102
f 333 334 102
f 102 334 103
f 334 335 103
f 103 335 215
f 336 337 338
f 337 339 338
f 339 340 338
f 340 341 338
f 338 341 103
f 341 342 103
f 103 342 101
f 343 344 345
f 344 346 345
f 345 346 347
f 247 348 248
f 348 349 248
f 248 349 343
f 349 350 343
f 343 350 344
f 351 352 115
f 353 354 115
f 354 355 115
f 115 352 137
f 352 356 137
f 137 356 357
f 357 358 137
f 358 359 137
f 137 359 360
f 359 361 360
f 360 361 362
f 361 363 362
f 362 363 364
f 355 365 115
f 365 366 115
f 115 366 351
f 367 368 369
f 368 370 369
f 369 370 363
f 370 371 363
f 363 371 364
f 117 372 118
f 372 373 118
f 118 373 369
f 373 374 369
f 369 374 367
f 375 376 377
f 376 378 377
f 375 379 376
f 379 380 376
f 376 380 381
f 380 382 381
f 381 382 383
f 287 274 384
f 274 385 384
f 384 385 386
f 385 387 386
f 386 387 388
f 387 296 388
f 388 296 389
f 296 96 389
f 389 96 390
f 96 95 390
f 390 95 391
f 95 392 391
f 391 392 393
f 392 394 393
f 393 394 376
f 394 395 376
f 376 395 378
f 395 396 378
f 396 397 378
f 378 397 398
f 397 399 398
f 398 399 400
f 399 401 400
f 400 401 100
f 401 402 100
f 100 402 98
f 403 404 94
f 404 405 94
f 94 405 383
f 405 406 383
f 383 406 381
f 407 408 183
f 408 409 183
f 409 410 183
f 183 410 109
f 410 411 109
f 109 411 412
f 413 414 415
f 414 109 415
f 415 109 416
f 109 412 416
f 403 94 417
f 94 93 417
f 417 93 418
f 418 93 419
f 93 420 419
f 419 420 421
f 420 422 421
f 421 422 295
f 422 423 295
f 295 423 183
f 423 424 183
f 183 424 407
f 425 426 427
f 25 27 114
f 27 29 114
f 114 29 115
f 29 31 115
f 115 31 33
f 35 37 428
f 37 39 428
f 428 39 429
f 425 427 430
f 3 431 432
f 433 115 428
f 115 33 428
f 428 33 35
f 433 434 115
f 434 435 115
f 115 435 426
f 435 436 426
f 426 436 427
f 5 7 437
f 94 438 439
f 3 432 1
f 432 440 1
f 1 440 39
f 440 441 39
f 39 441 429
f 7 9 437
f 9 11 437
f 437 11 442
f 438 94 443
f 94 444 443
f 443 444 445
f 446 447 439
f 447 448 439
f 439 448 94
f 448 449 94
f 94 449 92
f 450 451 452
f 453 454 109
f 454 455 109
f 109 455 11
f 455 456 11
f 11 456 442
f 457 458 459
f 458 460 459
f 461 462 463
f 462 464 463
f 463 464 452
f 464 465 452
f 452 465 466
f 465 459 466
f 466 459 467
f 459 460 467
f 446 468 447
f 468 469 447
f 447 469 470
f 469 471 470
f 470 471 451
f 471 472 451
f 451 472 452
f 473 474 457
f 474 475 457
f 457 475 458
f 476 477 478
f 477 479 478
f 478 479 473
f 479 480 473
f 473 480 474
f 427 481 430
f 481 482 430
f 430 482 483
f 482 484 483
f 483 484 461
f 484 485 461
f 461 485 462
f 3 5 431
f 5 437 431
f 431 437 478
f 437 486 478
f 478 486 476
f 487 488 414
f 488 489 414
f 414 489 109
f 489 490 109
f 109 490 453
f 450 452 491
f 452 466 491
f 491 466 492
f 466 493 492
f 492 493 414
f 493 494 414
f 414 494 487
f 495 496 497
f 498 499 500
f 497 501 495
f 501 502 495
f 495 502 503
f 504 505 506
f 505 507 506
f 508 500 509
f 500 499 509
f 509 499 510
f 499 496 510
f 510 496 511
f 496 495 511
f 512 90 513
f 90 89 513
f 513 89 514
f 89 515 514
f 514 515 516
f 515 517 516
f 516 517 518
f 517 519 518
f 518 519 505
f 519 520 505
f 505 520 507
f 521 522 523
f 523 524 521
f 524 525 521
f 521 525 526
f 522 527 528
f 527 529 528
f 528 529 530
f 91 90 531
f 90 512 531
f 531 512 529
f 512 532 529
f 529 532 530
f 533 534 521
f 534 535 521
f 522 521 527
f 521 535 527
f 527 535 536
f 535 537 536
f 536 537 538
f 538 539 536
f 539 540 536
f 536 540 541
f 540 542 541
f 543 544 369
f 545 546 547
f 546 548 547
f 547 548 549
f 542 546 541
f 546 545 541
f 541 545 550
f 545 551 550
f 550 551 552
f 553 554 555
f 554 556 555
f 555 556 557
f 556 550 557
f 557 550 558
f 550 552 558
f 559 353 560
f 553 543 554
f 543 369 554
f 554 369 561
f 369 562 561
f 563 564 565
f 564 566 565
f 363 567 369
f 567 568 369
f 369 568 569
f 570 571 572
f 571 573 572
f 572 573 574
f 573 562 574
f 574 562 575
f 562 369 575
f 575 369 576
f 369 569 576
f 566 577 560
f 577 578 560
f 560 578 559
f 579 580 567
f 580 581 567
f 567 581 568
f 567 582 579
f 582 583 579
f 579 583 584
f 583 585 584
f 584 585 586
f 572 587 570
f 587 588 570
f 570 588 589
f 588 590 589
f 589 590 591
f 590 503 591
f 591 503 592
f 503 502 592
f 585 593 586
f 593 594 586
f 586 594 595
f 594 563 595
f 595 563 596
f 563 565 596
f 596 565 597
f 565 598 597
f 508 599 500
f 599 600 500
f 500 600 565
f 600 601 565
f 565 601 598
f 602 603 604
f 603 605 604
f 605 606 604
f 604 606 607
f 607 608 609
f 608 610 609
f 609 610 611
f 612 613 611
f 613 614 611
f 611 614 609
f 614 615 609
f 609 615 616
f 504 498 505
f 498 500 505
f 505 500 617
f 500 609 617
f 617 609 618
f 609 616 618
f 619 620 604
f 620 621 604
f 604 621 602
f 88 87 622
f 623 624 625
f 624 626 625
f 625 626 627
f 626 628 627
f 627 628 619
f 628 629 619
f 619 629 620
f 630 631 632
f 631 633 632
f 634 526 635
f 526 636 635
f 630 637 631
f 637 638 631
f 631 638 639
f 638 640 639
f 639 640 623
f 525 641 526
f 641 642 526
f 526 642 636
f 642 643 636
f 636 643 644
f 643 645 644
f 644 645 646
f 645 647 646
f 646 647 86
f 647 648 86
f 86 648 87
f 648 649 87
f 87 649 622
f 649 650 622
f 622 650 651
f 650 652 651
f 651 652 611
f 652 653 611
f 611 653 612
f 548 654 549
f 654 655 549
f 549 655 656
f 657 658 212
f 659 660 112
f 660 661 112
f 112 661 212
f 661 662 212
f 212 662 657
f 656 655 663
f 655 664 663
f 663 664 665
f 664 666 665
f 665 666 667
f 666 668 667
f 667 668 658
f 668 669 658
f 658 669 212
f 670 671 118
f 671 672 118
f 672 673 118
f 118 673 112
f 673 674 112
f 112 674 659
f 544 675 369
f 675 676 369
f 369 676 118
f 676 677 118
f 118 677 670
f 533 521 678
f 521 679 678
f 678 679 680
f 679 681 680
f 681 682 680
f 680 682 683
f 682 684 683
f 683 684 685
f 686 687 685
f 687 688 685
f 685 688 683
f 215 217 103
f 217 689 103
f 103 689 690
f 686 84 691
f 84 83 691
f 691 83 692
f 83 693 692
f 692 693 690
f 694 526 631
f 526 634 631
f 631 634 633
f 694 695 526
f 695 696 526
f 526 696 521
f 696 697 521
f 521 697 679
f 698 699 700
f 700 701 631
f 701 702 631
f 631 702 694
f 703 704 698
f 704 705 698
f 698 705 699
f 706 707 708
f 707 709 708
f 708 709 710
f 709 711 710
f 710 711 712
f 711 713 712
f 714 715 713
f 693 716 690
f 716 717 690
f 690 717 103
f 717 718 103
f 103 718 338
f 718 719 338
f 338 719 720
f 338 721 714
f 721 722 714
f 714 722 715
f 720 723 338
f 723 724 338
f 338 724 721
f 686 685 84
f 685 725 84
f 84 725 85
f 682 726 684
f 726 727 684
f 684 727 685
f 727 728 685
f 685 728 725
f 82 81 729
f 81 730 729
f 729 730 731
f 730 732 731
f 731 732 733
f 732 734 733
f 733 734 735
f 736 737 738
f 739 740 82
f 740 741 82
f 82 741 80
f 742 743 744
f 743 745 744
f 744 745 738
f 745 746 738
f 738 746 736
f 604 747 748
f 604 748 749
f 748 750 749
f 750 751 749
f 749 751 752
f 751 753 752
f 752 753 754
f 753 755 754
f 754 755 742
f 607 609 604
f 609 756 604
f 604 756 757
f 757 758 604
f 758 759 604
f 604 759 747
f 760 761 762
f 761 763 762
f 762 763 764
f 756 765 766
f 765 761 766
f 766 761 767
f 761 760 767
f 763 768 764
f 768 79 764
f 764 79 769
f 79 78 769
f 769 78 735
f 78 77 735
f 735 77 733
f 770 771 609
f 771 772 609
f 609 772 756
f 772 773 756
f 756 773 765
f 774 775 776
f 777 778 779
f 778 780 779
f 779 780 781
f 775 782 776
f 782 783 776
f 776 783 784
f 783 785 784
f 785 786 784
f 784 786 787
f 786 788 787
f 566 560 565
f 560 789 565
f 565 789 790
f 791 560 792
f 560 793 792
f 789 794 795
f 789 795 796
f 795 797 796
f 797 798 796
f 796 798 799
f 798 800 799
f 799 800 788
f 800 801 788
f 788 801 787
f 791 802 560
f 802 803 560
f 560 803 789
f 803 804 789
f 789 804 794
f 609 805 806
f 807 808 809
f 810 811 500
f 811 812 500
f 500 812 609
f 812 813 609
f 609 813 805
f 808 807 814
f 807 815 814
f 814 815 816
f 815 817 816
f 816 817 818
f 817 819 818
f 818 819 806
f 819 820 806
f 806 820 609
f 820 821 609
f 609 821 770
f 780 822 781
f 822 823 781
f 781 823 824
f 823 825 824
f 824 825 826
f 825 827 826
f 826 827 828
f 827 829 828
f 828 829 830
f 829 831 830
f 830 831 832
f 831 833 832
f 832 833 834
f 833 835 834
f 834 835 836
f 835 810 836
f 836 810 837
f 810 500 837
f 837 500 838
f 500 839 838
f 790 840 565
f 840 841 565
f 565 841 500
f 841 842 500
f 500 842 839
f 843 844 776
f 776 844 444
f 844 845 444
f 444 845 445
f 784 846 847
f 353 115 560
f 115 848 560
f 560 848 793
f 849 850 426
f 850 851 426
f 426 851 115
f 851 852 115
f 115 852 853
f 847 854 784
f 854 855 784
f 784 855 776
f 855 856 776
f 776 856 843
f 853 857 115
f 857 858 115
f 115 858 848
f 784 859 846
f 859 860 846
f 846 860 426
f 860 861 426
f 426 861 849
f 729 862 82
f 862 863 82
f 82 863 864
f 863 865 864
f 864 865 866
f 866 867 864
f 867 868 864
f 864 868 869
f 868 870 869
f 870 871 869
f 869 871 872
f 871 873 872
f 872 873 874
f 873 76 874
f 874 76 875
f 76 75 875
f 875 75 809
f 75 74 809
f 809 74 807
f 776 876 877
f 779 774 777
f 774 776 777
f 777 776 878
f 776 877 878
f 878 877 879
f 880 864 881
f 864 869 881
f 881 869 882
f 869 883 882
f 73 72 884
f 72 883 884
f 884 883 885
f 883 869 885
f 885 869 886
f 869 887 886
f 886 887 888
f 879 889 878
f 889 890 878
f 878 890 891
f 890 886 891
f 891 886 892
f 886 888 892
f 94 893 894
f 383 895 896
f 383 896 94
f 896 897 94
f 94 897 893
f 894 898 94
f 898 899 94
f 94 899 444
f 899 900 444
f 444 900 901
f 895 383 902
f 383 903 902
f 902 903 904
f 903 905 904
f 904 905 906
f 905 907 906
f 906 907 908
f 907 909 908
f 908 909 910
f 909 911 910
f 910 911 912
f 71 73 913
f 73 914 913
f 913 914 912
f 914 915 912
f 912 915 910
f 901 916 444
f 916 917 444
f 444 917 776
f 917 918 776
f 776 918 876
f 919 920 305
f 920 921 305
f 305 921 100
f 921 922 100
f 100 922 923
f 923 924 100
f 924 925 100
f 100 925 400
f 925 926 400
f 400 926 927
f 928 929 305
f 929 930 305
f 305 930 919
f 931 932 933
f 932 934 933
f 933 934 935
f 934 936 935
f 935 936 928
f 936 937 928
f 928 937 929
f 938 939 82
f 940 941 738
f 941 942 738
f 942 943 738
f 738 943 931
f 943 944 931
f 931 944 932
f 938 82 945
f 82 864 945
f 945 864 946
f 737 739 738
f 739 82 738
f 738 82 940
f 82 947 940
f 939 948 82
f 948 949 82
f 82 949 947
f 880 950 864
f 950 951 864
f 864 951 946
f 951 952 946
f 946 952 953
f 952 954 953
f 953 954 955
f 954 956 955
f 955 956 957
f 927 926 958
f 926 959 958
f 958 959 960
f 959 961 960
f 960 961 962
f 961 963 962
f 962 963 964
f 963 965 964
f 964 965 957
f 965 966 957
f 957 966 955
f 967 968 969
f 970 971 972
f 970 973 971
f 973 70 971
f 971 70 974
f 70 69 974
f 975 976 977
f 976 978 977
f 979 980 981
f 980 982 981
f 981 982 983
f 982 976 983
f 983 976 984
f 976 975 984
f 985 986 987
f 987 986 988
f 972 989 970
f 989 990 970
f 970 990 991
f 990 992 991
f 991 992 976
f 992 988 976
f 976 988 978
f 988 986 978
f 987 993 985
f 993 994 985
f 985 994 995
f 996 997 998
f 999 1000 1001
f 999 1001 1002
f 1003 1004 1005
f 1004 1006 1005
f 1006 1007 1005
f 1007 1008 1005
f 1005 1008 998
f 1008 1009 998
f 998 1009 996
f 968 1010 969
f 1010 1011 969
f 969 1011 1001
f 1011 1012 1001
f 1001 1012 1002
f 995 994 1013
f 994 1014 1013
f 1013 1014 1015
f 1014 1016 1015
f 1015 1016 1017
f 1016 1018 1017
f 1017 1018 997
f 1018 1019 997
f 997 1019 998
f 1005 1020 1021
f 1022 1023 1024
f 1020 1005 1025
f 1000 1003 1001
f 1003 1005 1001
f 1001 1005 1026
f 1005 1021 1026
f 1027 1028 1029
f 1028 1030 1029
f 1030 1031 1029
f 1029 1031 1032
f 1033 1034 1035
f 1034 1036 1035
f 1035 1036 1037
f 1036 1038 1037
f 1038 1039 1037
f 1037 1039 1024
f 1039 1040 1024
f 1024 1040 1022
f 1041 1005 1042
f 1005 1043 1042
f 1032 1044 1045
f 1046 1047 1023
f 1048 1049 1050
f 1049 1051 1050
f 1050 1051 1052
f 1051 1053 1052
f 1052 1053 1054
f 1053 1045 1054
f 1054 1045 1055
f 1045 1044 1055
f 1027 1029 1056
f 1029 1057 1056
f 1056 1057 1058
f 1057 1059 1058
f 1058 1059 1060
f 1061 1062 1063
f 1041 1064 1065
f 1064 1066 1065
f 1065 1066 1067
f 1066 1068 1067
f 1067 1068 1069
f 1068 1048 1069
f 1069 1048 1070
f 1041 1065 1005
f 1065 1071 1005
f 1005 1071 1025
f 1062 1072 1063
f 1072 1073 1063
f 1063 1073 1074
f 1073 1075 1074
f 1074 1075 1033
f 1075 1076 1033
f 1033 1076 1034
f 1077 1078 1079
f 1078 1080 1079
f 1079 1080 1081
f 1080 1082 1081
f 1081 1082 1059
f 1082 1083 1059
f 1059 1083 1060
f 1084 1085 1079
f 1085 1086 1079
f 1079 1086 1077
f 1023 1087 1046
f 1087 1088 1046
f 1046 1088 1089
f 1088 1090 1089
f 1089 1090 1091
f 1090 1092 1091
f 1091 1092 1079
f 1092 1093 1079
f 1079 1093 1084
f 1084 1094 1085
f 1094 1095 1085
f 1085 1095 1096
f 1095 1097 1096
f 1096 1097 1098
f 1048 1050 1070
f 1050 1099 1070
f 1070 1099 1100
f 1099 1096 1100
f 1100 1096 1063
f 1096 1098 1063
f 1063 1098 1061
f 1101 1102 1103
f 1102 1104 1103
f 1104 1105 1103
f 1103 1105 1106
f 1107 1108 1024
f 1109 1110 1024
f 1110 1111 1024
f 1024 1108 1037
f 1108 1112 1037
f 1037 1112 1113
f 1114 969 1115
f 969 1001 1115
f 1115 1001 1116
f 1001 1026 1116
f 1114 1117 969
f 1117 1118 969
f 969 1118 1101
f 1113 1119 1037
f 1119 1120 1037
f 1037 1120 1105
f 1120 1121 1105
f 1105 1121 1106
f 1111 1122 1024
f 1122 1123 1024
f 1024 1123 1107
f 1124 1125 1126
f 1125 1127 1126
f 1126 1127 1128
f 1129 1130 1131
f 1130 1132 1131
f 1131 1132 1133
f 1128 1134 1126
f 1134 1135 1126
f 1126 1135 1136
f 1135 1137 1136
f 1136 1137 1138
f 1139 1140 1141
f 1142 1143 1144
f 1145 1146 1143
f 1144 1147 1142
f 1147 1148 1142
f 1142 1148 1129
f 1148 1149 1129
f 1129 1149 1130
f 1145 1143 1150
f 1146 1151 1143
f 1151 1152 1143
f 1143 1152 1144
f 1139 1141 1153
f 1141 1154 1153
f 1153 1154 1155
f 1156 1157 1158
f 1157 1159 1158
f 1160 1150 1158
f 1154 1161 1155
f 1161 1162 1155
f 1155 1162 62
f 1163 1164 1158
f 1164 1165 1158
f 1158 1165 1156
f 1140 1139 1166
f 1139 1167 1166
f 1166 1167 1168
f 1168 1169 1166
f 1169 1170 1166
f 1166 1170 1171
f 1170 1172 1171
f 1159 1173 1158
f 1173 1172 1158
f 1158 1172 1174
f 1172 1170 1174
f 1160 1158 1175
f 1158 1174 1175
f 1175 1174 1176
f 1174 1177 1176
f 1176 1177 1178
f 1179 1180 1181
f 1180 1182 1181
f 1181 1182 1183
f 1182 1184 1183
f 1183 1184 1185
f 1184 1186 1185
f 1185 1186 1187
f 1186 1188 1187
f 1187 1188 1189
f 1188 1190 1189
f 1189 1190 1191
f 1190 1176 1191
f 1191 1176 1192
f 1176 1178 1192
f 1193 1194 1195
f 1194 1196 1195
f 1195 1196 1197
f 70 1198 1199
f 1195 68 1193
f 68 70 1193
f 1193 70 1200
f 70 1199 1200
f 1201 1202 1203
f 1204 1205 1202
f 1203 1206 1201
f 1206 1207 1201
f 1201 1207 1198
f 1207 1208 1198
f 1198 1208 1199
f 1209 1210 1204
f 1210 1211 1204
f 1204 1211 1205
f 1204 1212 1209
f 1212 1213 1209
f 1209 1213 1214
f 1215 1216 1217
f 1216 1218 1217
f 1217 1218 1213
f 1218 1219 1213
f 1213 1219 1214
f 1220 1221 1126
f 1222 1223 1215
f 1223 1224 1215
f 1215 1224 1216
f 1221 1225 1126
f 1225 1226 1126
f 1126 1226 1222
f 1226 1227 1222
f 1222 1227 1223
f 1228 1229 1136
f 1229 1230 1136
f 1230 1231 1136
f 1231 1232 1136
f 1136 1232 1126
f 1232 1233 1126
f 1126 1233 1220
f 67 66 1234
f 66 1235 1234
f 1234 1235 1236
f 1236 1235 1237
f 1235 1238 1237
f 1237 1238 1239
f 1240 1241 1235
f 1241 1197 1235
f 1235 1197 1238
f 1197 1196 1238
f 1238 1196 1239
f 1240 1235 1242
f 1235 66 1242
f 1242 66 1243
f 66 65 1243
f 1243 65 1244
f 65 1245 1244
f 1244 1245 1230
f 1245 1246 1230
f 1230 1246 1231
f 998 1247 1248
f 1248 1247 1249
f 1247 1250 1249
f 1249 1250 1251
f 1252 1136 1179
f 1136 1138 1179
f 1179 1138 1180
f 62 1162 63
f 1162 1253 63
f 63 1253 1250
f 1253 1254 1250
f 1250 1254 1251
f 1255 1250 1256
f 1250 1257 1256
f 1256 1257 1258
f 1257 1259 1258
f 1258 1259 1260
f 1259 1261 1260
f 1228 1136 1262
f 1136 1252 1262
f 1262 1252 1259
f 1252 1263 1259
f 1259 1263 1261
f 1255 1264 1250
f 1264 1265 1250
f 1250 1265 63
f 1265 1266 63
f 63 1266 64
f 1267 1109 1268
f 979 967 980
f 967 969 980
f 980 969 1269
f 969 1270 1269
f 1271 1272 1273
f 1101 1103 969
f 1103 1274 969
f 969 1274 1275
f 1276 1277 1278
f 1277 1279 1278
f 1278 1279 1280
f 1279 1270 1280
f 1280 1270 1281
f 1270 969 1281
f 1281 969 1282
f 969 1275 1282
f 1283 1284 1268
f 1284 1285 1268
f 1268 1285 1267
f 1286 1287 1103
f 1287 1288 1103
f 1103 1288 1274
f 1103 1289 1286
f 1289 1290 1286
f 1286 1290 1291
f 1290 1292 1291
f 1291 1292 1293
f 1292 1294 1293
f 1294 1295 1293
f 1293 1295 1296
f 1295 1271 1296
f 1296 1271 1297
f 1271 1273 1297
f 1297 1273 1298
f 1273 1299 1298
f 1300 1301 1273
f 1301 1302 1273
f 1273 1302 1299
f 1303 1304 1305
f 1305 1306 1303
f 1306 1307 1303
f 1303 1307 1308
f 1303 1309 1304
f 1309 1310 1304
f 1304 1310 1311
f 1312 1313 1314
f 1313 1315 1314
f 1300 1316 1311
f 1310 1317 1311
f 1317 1318 1311
f 1311 1318 1300
f 1318 1319 1300
f 1300 1319 1301
f 1320 48 1321
f 48 47 1321
f 1321 47 1322
f 47 1323 1322
f 1322 1323 1324
f 1323 1325 1324
f 1324 1325 1326
f 1325 1327 1326
f 1326 1327 1313
f 1327 1328 1313
f 1313 1328 1315
f 1278 1329 1276
f 1329 1330 1276
f 1276 1330 1331
f 1330 1332 1331
f 1331 1332 1333
f 1332 1308 1333
f 1333 1308 1334
f 1308 1307 1334
f 1335 1158 1336
f 1158 1337 1336
f 1335 1338 1158
f 1338 1339 1158
f 1158 1339 1163
f 1339 1340 1163
f 1248 1341 998
f 1341 1342 998
f 998 1342 1005
f 1342 1343 1005
f 1005 1343 1344
f 1345 1346 1029
f 1346 1347 1029
f 1347 1348 1029
f 1029 1348 1158
f 1348 1349 1158
f 1158 1349 1337
f 1344 1350 1005
f 1350 1351 1005
f 1005 1351 1043
f 1351 1352 1043
f 1043 1352 1353
f 1352 1354 1353
f 1353 1354 1340
f 1354 1355 1340
f 1340 1355 1163
f 1032 1045 1029
f 1045 1356 1029
f 1029 1356 1345
f 1357 1358 1158
f 1359 1360 1158
f 1357 1158 1361
f 1362 1363 1143
f 1150 1143 1158
f 1143 1364 1158
f 1158 1364 1359
f 1358 1365 1158
f 1365 1366 1158
f 1158 1366 1367
f 1363 1368 1143
f 1368 1369 1143
f 1143 1369 1364
f 1370 1371 1372
f 1371 1360 1372
f 1371 1373 1360
f 1373 1374 1360
f 1360 1374 1158
f 1374 1375 1158
f 1158 1375 1361
f 1376 1377 1143
f 1377 1378 1143
f 1143 1378 1362
f 1363 1379 1368
f 1379 1380 1368
f 1368 1380 1381
f 1380 1382 1381
f 1381 1382 1383
f 58 57 1384
f 1385 1386 1143
f 1386 1387 1143
f 1143 1387 1376
f 1388 1389 1390
f 1391 1392 1393
f 1394 1395 1396
f 1395 1397 1396
f 1394 1398 1395
f 1398 1399 1395
f 1395 1399 1389
f 1399 1400 1389
f 1389 1400 1390
f 1370 1372 1401
f 1372 1402 1401
f 1401 1402 1403
f 1402 1404 1403
f 1403 1404 1405
f 1404 1384 1405
f 1405 1384 1406
f 1384 57 1406
f 1406 57 1407
f 57 56 1407
f 1407 56 1408
f 56 1409 1408
f 1408 1409 1410
f 1409 1411 1410
f 1410 1411 1395
f 1411 1412 1395
f 1395 1412 1397
f 1412 1413 1397
f 1413 1414 1397
f 1397 1414 1415
f 1414 1416 1415
f 1415 1416 1417
f 1416 1418 1417
f 1417 1418 61
f 1418 1419 61
f 61 1419 59
f 1392 1391 1420
f 1158 1421 1422
f 1420 1391 1423
f 1391 1424 1423
f 1423 1424 1425
f 1422 1426 1158
f 1426 1427 1158
f 1158 1427 1029
f 1427 1428 1029
f 1029 1428 1429
f 1430 1431 1432
f 1431 1029 1432
f 1432 1029 1433
f 1029 1429 1433
f 1425 1424 1434
f 1424 1435 1434
f 1434 1435 1436
f 1435 1437 1436
f 1436 1437 1367
f 1437 1438 1367
f 1367 1438 1158
f 1438 1439 1158
f 1158 1439 1421
f 1440 1441 1442
f 1431 1443 1029
f 1443 1444 1029
f 1029 1444 1445
f 1446 1447 1391
f 1447 1448 1391
f 1391 1448 1424
f 1047 1449 1023
f 1449 1450 1023
f 1023 1450 1024
f 1450 1451 1024
f 1024 1451 1452
f 1453 1454 1455
f 1454 1456 1455
f 1455 1456 1457
f 1440 1442 1458
f 1445 1459 1029
f 1459 1460 1029
f 1029 1460 1057
f 1460 1461 1057
f 1462 1463 1464
f 1465 1024 1455
f 1024 1452 1455
f 1455 1452 1453
f 1466 1467 1468
f 1469 1470 1431
f 1470 1471 1431
f 1471 1472 1431
f 1431 1472 1443
f 1465 1473 1024
f 1473 1474 1024
f 1024 1474 1441
f 1474 1475 1441
f 1441 1475 1442
f 1476 1477 1391
f 1478 1479 1480
f 1461 1481 1057
f 1481 1468 1057
f 1057 1468 1482
f 1468 1467 1482
f 1462 1464 1483
f 1464 1484 1483
f 1483 1484 1456
f 1484 1485 1456
f 1456 1485 1457
f 1486 1446 1487
f 1446 1391 1487
f 1487 1391 1488
f 1391 1477 1488
f 1431 1489 1469
f 1489 1490 1469
f 1469 1490 1491
f 1490 1492 1491
f 1491 1492 1493
f 1492 1494 1493
f 1493 1494 1495
f 1494 1496 1495
f 1495 1496 1486
f 1496 1497 1486
f 1486 1497 1446
f 1476 1391 1498
f 1391 1499 1498
f 1498 1499 1500
f 1501 1502 1480
f 1502 1503 1480
f 1480 1503 1478
f 1504 1505 1506
f 1505 1507 1506
f 1506 1507 1479
f 1507 1508 1479
f 1479 1508 1480
f 1509 1510 1491
f 1510 1511 1491
f 1491 1511 1469
f 1506 1509 1504
f 1509 1491 1504
f 1504 1491 1512
f 1491 1513 1512
f 1512 1513 1514
f 1513 1515 1514
f 1462 1466 1463
f 1466 1468 1463
f 1463 1468 1480
f 1468 1516 1480
f 1480 1516 1501
f 1442 1517 1458
f 1517 1518 1458
f 1458 1518 1519
f 1518 1520 1519
f 1519 1520 1515
f 1520 1521 1515
f 1515 1521 1514
f 1522 1523 1385
f 1523 1524 1385
f 1385 1524 1386
f 1525 1526 714
f 1527 1528 1529
f 1528 1530 1529
f 1529 1530 1522
f 1530 1531 1522
f 1522 1531 1523
f 1532 1533 61
f 1533 1534 61
f 61 1534 714
f 1534 1535 714
f 714 1535 1525
f 1383 1382 1536
f 1382 1537 1536
f 1536 1537 1538
f 1537 1539 1538
f 1538 1539 1540
f 1539 1541 1540
f 1540 1541 1542
f 1541 1543 1542
f 1542 1543 1544
f 1543 1545 1544
f 1544 1545 60
f 1545 1546 60
f 60 1546 61
f 1546 1547 61
f 61 1547 1532
f 1548 1268 1549
f 1268 1550 1549
f 1551 1552 1553
f 1552 1554 1553
f 1548 1555 1268
f 1555 1273 1268
f 1268 1273 1283
f 1273 1272 1283
f 1555 1556 1273
f 1556 1557 1273
f 1273 1557 1558
f 1557 1559 1558
f 1558 1559 1560
f 1559 1561 1560
f 1562 1563 1564
f 1565 1566 1567
f 1566 1568 1567
f 1567 1568 1569
f 1564 1570 1562
f 1570 1571 1562
f 1562 1571 1551
f 1571 1572 1551
f 1551 1572 1552
f 1559 1573 1561
f 1573 1574 1561
f 1561 1574 1575
f 1574 1576 1575
f 1575 1576 1554
f 1576 1577 1554
f 1554 1577 1553
f 1562 1578 1579
f 1580 1581 1582
f 1583 1584 1585
f 1584 1586 1585
f 1585 1586 1587
f 1567 1563 1565
f 1563 1562 1565
f 1565 1562 1588
f 1562 1579 1588
f 1588 1579 1589
f 1583 1590 1584
f 1590 1591 1584
f 1584 1591 1592
f 1592 1591 1593
f 1591 1594 1593
f 1593 1594 1595
f 1589 1596 1588
f 1596 1597 1588
f 1588 1597 1598
f 1597 1593 1598
f 1598 1593 1599
f 1593 1595 1599
f 1600 1601 1582
f 1601 1602 1582
f 1590 1580 1591
f 1580 1582 1591
f 1591 1582 1603
f 1582 1602 1603
f 1604 1605 1606
f 1607 1608 1609
f 1603 1610 1591
f 1610 1611 1591
f 1591 1611 1612
f 1611 1613 1612
f 1612 1613 1614
f 1613 52 1614
f 1614 52 1615
f 52 51 1615
f 1615 51 1609
f 51 50 1609
f 1609 50 1607
f 1616 1617 1300
f 1617 1618 1300
f 1300 1618 1604
f 1618 1619 1604
f 1604 1619 1605
f 1568 1620 1569
f 1620 1621 1569
f 1569 1621 1622
f 1621 1623 1622
f 1622 1623 1624
f 1623 1625 1624
f 1624 1625 1626
f 1625 1627 1626
f 1626 1627 1628
f 1627 1629 1628
f 1628 1629 1630
f 1629 1631 1630
f 1630 1631 1632
f 1631 1633 1632
f 1632 1633 1634
f 1633 1616 1634
f 1634 1616 1635
f 1616 1300 1635
f 1635 1300 1636
f 1300 1637 1636
f 1558 1638 1273
f 1638 1639 1273
f 1273 1639 1300
f 1639 1640 1300
f 1300 1640 1637
f 1641 1642 1643
f 1642 1644 1643
f 1643 1644 1582
f 1644 1645 1582
f 1582 1645 1600
f 1646 1647 1648
f 1648 1647 1649
f 1647 1650 1649
f 1649 1650 1651
f 1652 1653 1643
f 1653 1654 1643
f 698 1655 1656
f 1648 1641 1646
f 1641 1643 1646
f 1646 1643 1657
f 1643 1654 1657
f 1658 1659 1660
f 1659 1661 1660
f 1660 1661 698
f 1661 1662 698
f 698 1662 1655
f 1663 1664 1665
f 1663 1665 1666
f 1665 1667 1666
f 1667 1668 1666
f 1666 1668 1669
f 1668 1670 1669
f 1669 1670 1671
f 1670 1672 1671
f 1671 1672 1658
f 1608 1607 1673
f 1607 1674 1673
f 1673 1674 1675
f 1674 1676 1675
f 1675 1676 1677
f 1676 1678 1677
f 1677 1678 1606
f 1678 1679 1606
f 1606 1679 1604
f 1679 1680 1604
f 1604 1680 1681
f 1682 1683 1684
f 1683 1685 1684
f 1684 1685 1686
f 1685 1687 1686
f 1688 1663 1682
f 1663 1604 1682
f 1688 1689 1663
f 1689 1690 1663
f 1663 1690 1664
f 1687 1685 1691
f 1685 1692 1691
f 1691 1692 1693
f 1681 1694 1604
f 1694 1695 1604
f 1604 1695 1682
f 1695 1696 1682
f 1682 1696 1683
f 1692 1697 1693
f 1697 55 1693
f 1693 55 1698
f 55 54 1698
f 1698 54 1651
f 54 53 1651
f 1651 53 1649
f 1699 1700 1663
f 1701 1702 1604
f 1699 1663 1703
f 1700 1704 1663
f 1704 1705 1663
f 1663 1705 1604
f 1705 1706 1604
f 1604 1706 1701
f 1707 1708 1702
f 1708 1709 1702
f 1702 1709 1604
f 1709 1710 1604
f 1604 1710 1711
f 1312 1316 1313
f 1316 1300 1313
f 1313 1300 1712
f 1300 1604 1712
f 1712 1604 1713
f 1604 1711 1713
f 1714 1715 1663
f 1715 1716 1663
f 1663 1716 1703
f 46 45 1717
f 1198 1718 1719
f 1718 1720 1719
f 1719 1720 1721
f 1720 1722 1721
f 1721 1722 1723
f 1722 1724 1723
f 1723 1724 44
f 1724 1725 44
f 44 1725 45
f 1725 1726 45
f 45 1726 1717
f 1726 1727 1717
f 1717 1727 1728
f 1727 1729 1728
f 1728 1729 1702
f 1729 1730 1702
f 1702 1730 1707
f 1731 1732 70
f 1732 1733 70
f 70 1733 1198
f 1733 1734 1198
f 1198 1734 1718
f 1731 70 1735
f 70 973 1735
f 1735 973 1736
f 973 1737 1736
f 1736 1737 1738
f 49 48 1739
f 48 1320 1739
f 1739 1320 1737
f 1320 1740 1737
f 1737 1740 1738
f 1741 1742 1743
f 1742 1744 1743
f 1743 1744 1745
f 1744 1746 1745
f 1745 1746 1714
f 1746 1747 1714
f 1714 1747 1715
f 1201 1748 1749
f 1748 1750 1749
f 1749 1750 1741
f 1719 1751 1198
f 1751 1752 1198
f 1198 1752 1201
f 1752 1753 1201
f 1201 1753 1754
f 1754 1755 1201
f 1755 1756 1201
f 1201 1756 1748
f 1757 1758 1562
f 1562 1758 1499
f 1758 1759 1499
f 1499 1759 1500
f 1109 1024 1268
f 1024 1760 1268
f 1268 1760 1550
f 1551 1761 1762
f 1551 1763 1761
f 1763 1764 1761
f 1761 1764 1441
f 1762 1765 1551
f 1765 1766 1551
f 1551 1766 1562
f 1766 1767 1562
f 1562 1767 1757
f 1764 1768 1441
f 1768 1769 1441
f 1441 1769 1770
f 1770 1771 1441
f 1771 1772 1441
f 1441 1772 1024
f 1772 1773 1024
f 1024 1773 1774
f 1774 1775 1024
f 1775 1776 1024
f 1024 1776 1760
f 1777 1391 1390
f 1391 1393 1390
f 1390 1393 1388
f 1778 1391 1779
f 1391 1780 1779
f 1778 1781 1391
f 1781 1782 1391
f 1391 1782 1499
f 1782 1783 1499
f 1499 1783 1784
f 1785 1786 1777
f 1786 1787 1777
f 1777 1787 1391
f 1787 1788 1391
f 1391 1788 1780
f 1785 1777 1789
f 1777 1790 1789
f 1789 1790 1791
f 1790 1792 1791
f 1791 1792 1793
f 1792 1794 1793
f 1793 1794 1795
f 1794 1796 1795
f 1795 1796 1797
f 1587 1586 1798
f 1586 1799 1798
f 1798 1799 1797
f 1799 1800 1797
f 1797 1800 1795
f 1784 1801 1499
f 1801 1802 1499
f 1499 1802 1562
f 1802 1803 1562
f 1562 1803 1578
f 1804 1805 714
f 1805 1806 714
f 1806 1807 714
f 714 1807 61
f 1807 1808 61
f 61 1808 1809
f 1809 1810 61
f 1810 1811 61
f 61 1811 1417
f 1811 1812 1417
f 1417 1812 1813
f 713 711 714
f 711 1814 714
f 714 1814 1804
f 1815 1816 1817
f 1816 1818 1817
f 1817 1818 707
f 1818 1819 707
f 707 1819 709
f 1819 1820 709
f 709 1820 711
f 1820 1821 711
f 711 1821 1814
f 1822 1823 698
f 1824 1825 1643
f 1822 698 1826
f 1823 1815 698
f 1815 1817 698
f 698 1817 703
f 1817 707 703
f 703 707 1827
f 707 706 1827
f 1824 1643 1828
f 1643 1582 1828
f 1828 1582 1829
f 1656 1652 698
f 1652 1643 698
f 698 1643 1826
f 1643 1830 1826
f 1825 1831 1643
f 1831 1832 1643
f 1643 1832 1830
f 1581 1833 1582
f 1833 1834 1582
f 1582 1834 1829
f 1834 1835 1829
f 1829 1835 1836
f 1835 1837 1836
f 1836 1837 1838
f 1837 1839 1838
f 1838 1839 1840
f 1813 1812 1841
f 1812 1842 1841
f 1841 1842 1843
f 1842 1844 1843
f 1843 1844 1845
f 1844 1846 1845
f 1845 1846 1847
f 1846 1848 1847
f 1847 1848 1840
f 1848 1849 1840
f 1840 1849 1838
f 1850 627 1851
f 627 619 1851
f 1851 619 1852
f 619 604 1852
f 1852 604 1853
f 604 749 1853
f 1853 749 1854
f 749 752 1854
f 1855 1745 1856
f 1745 1714 1856
f 1856 1714 1857
f 1714 1663 1857
f 1857 1663 1858
f 1663 1666 1858
f 1858 1666 1859
f 1666 1669 1859
f 742 744 754
f 744 1860 754
f 754 1860 752
f 1860 1861 752
f 752 1861 1854
f 623 625 639
f 625 627 639
f 639 627 1862
f 627 1850 1862
f 1862 1850 1863
f 1658 1660 1671
f 1660 1864 1671
f 1671 1864 1669
f 1864 1865 1669
f 1669 1865 1859
f 1741 1743 1749
f 1743 1745 1749
f 1749 1745 1866
f 1745 1855 1866
f 1866 1855 1867
f 700 631 698
f 631 639 698
f 698 639 1660
f 639 1862 1660
f 1660 1862 1864
f 1862 1863 1864
f 1864 1863 1865
f 1202 1201 1204
f 1201 1749 1204
f 1204 1749 1868
f 1749 1866 1868
f 1868 1866 1869
f 1866 1867 1869
f 1869 1867 41
f 1526 1527 714
f 1527 1529 714
f 714 1529 338
f 1529 345 338
f 338 345 336
f 345 347 336
f 1222 1870 1126
f 1870 1131 1126
f 1126 1131 1124
f 1131 1133 1124
f 41 43 1869
f 43 1871 1869
f 1869 1871 1868
f 1871 1872 1868
f 1868 1872 1204
f 1872 1873 1204
f 1204 1873 1212
f 1873 1874 1212
f 1212 1874 1213
f 1874 1875 1213
f 1213 1875 1217
f 1875 1876 1217
f 1217 1876 1215
f 1876 1877 1215
f 1215 1877 1222
f 1877 1878 1222
f 1222 1878 1870
f 191 1879 192
f 1879 1880 192
f 192 1880 193
f 1880 1881 193
f 193 1881 194
f 1881 1882 194
f 194 1882 195
f 1882 1883 195
f 195 1883 184
f 1883 1884 184
f 184 1884 185
f 1884 1885 185
f 185 1885 186
f 1885 1886 186
f 186 1886 187
f 1886 1887 187
f 187 1887 188
f 1887 1888 188
f 234 1889 235
f 1889 1890 235
f 235 1890 236
f 1890 1891 236
f 236 1891 226
f 1891 1892 226
f 226 1892 227
f 1892 1893 227
f 227 1893 259
f 1893 1894 259
f 259 1894 258
f 1894 1895 258
f 258 1895 249
f 1895 1896 249
f 249 1896 229
f 1896 1897 229
f 229 1897 230
f 1897 1898 230
f 167 1899 145
f 1899 1900 145
f 145 1900 144
f 1900 1901 144
f 144 1901 143
f 1901 1902 143
f 143 1902 130
f 1902 1903 130
f 130 1903 131
f 1903 1904 131
f 131 1904 132
f 1904 1905 132
f 132 1905 107
f 1905 1906 107
f 107 1906 108
f 1906 1907 108
f 108 1907 119
f 1907 1908 119
f 321 1909 322
f 1909 1910 322
f 322 1910 323
f 1910 1911 323
f 323 1911 308
f 1911 1912 308
f 308 1912 309
f 1912 1913 309
f 309 1913 310
f 1913 1914 310
f 310 1914 311
f 1914 1915 311
f 311 1915 303
f 1915 1916 303
f 303 1916 304
f 1916 1917 304
f 304 1917 306
f 1917 1918 306
f 306 1918 307
f 1918 1919 307
f 307 1919 301
f 1919 1920 301
f 324 1921 237
f 1921 1922 237
f 237 1922 238
f 1922 1923 238
f 238 1923 264
f 1923 1924 264
f 264 1924 254
f 1924 1925 254
f 254 1925 255
f 1925 1926 255
f 255 1926 260
f 1926 1927 260
f 260 1927 261
f 1927 1928 261
f 261 1928 244
f 1928 1929 244
f 244 1929 245
f 1929 1930 245
f 245 1930 247
f 1930 1931 247
f 228 1932 250
f 1932 1933 250
f 250 1933 251
f 1933 1934 251
f 251 1934 257
f 1934 1935 257
f 257 1935 252
f 1935 1936 252
f 252 1936 253
f 1936 1937 253
f 253 1937 262
f 1937 1938 262
f 262 1938 263
f 1938 1939 263
f 263 1939 256
f 1939 1940 256
f 256 1940 239
f 1940 1941 239
f 239 1941 325
f 1941 1942 325
f 162 1943 134
f 1943 1944 134
f 134 1944 136
f 1944 1945 136
f 136 1945 138
f 1945 1946 138
f 138 1946 139
f 1946 1947 139
f 139 1947 140
f 1947 1948 140
f 140 1948 113
f 1948 1949 113
f 113 1949 114
f 1949 1950 114
f 114 1950 171
f 1950 1951 171
f 171 1951 172
f 1951 1952 172
f 174 1953 175
f 1953 1954 175
f 175 1954 168
f 1954 1955 168
f 168 1955 176
f 1955 1956 176
f 176 1956 177
f 1956 1957 177
f 177 1957 179
f 1957 1958 179
f 179 1958 180
f 1958 1959 180
f 180 1959 154
f 1959 1960 154
f 154 1960 155
f 1960 1961 155
f 155 1961 158
f 1961 1962 158
f 158 1962 159
f 1962 1963 159
f 373 1964 374
f 1964 1965 374
f 374 1965 367
f 1965 1966 367
f 367 1966 368
f 1966 1967 368
f 368 1967 370
f 1967 1968 370
f 370 1968 371
f 1968 1969 371
f 371 1969 364
f 1969 1970 364
f 364 1970 362
f 1970 1971 362
f 362 1971 360
f 1971 1972 360
f 360 1972 137
f 1972 1973 137
f 137 1973 135
f 1973 1974 135
f 135 1974 133
f 1974 1975 133
f 156 1976 182
f 1976 1977 182
f 182 1977 141
f 1977 1978 141
f 141 1978 142
f 1978 1979 142
f 142 1979 147
f 1979 1980 147
f 147 1980 149
f 1980 1981 149
f 149 1981 151
f 1981 1982 151
f 151 1982 110
f 1982 1983 110
f 110 1983 111
f 1983 1984 111
f 111 1984 116
f 1984 1985 116
f 419 1986 418
f 1986 1987 418
f 418 1987 417
f 1987 1988 417
f 417 1988 403
f 1988 1989 403
f 403 1989 404
f 1989 1990 404
f 404 1990 405
f 1990 1991 405
f 405 1991 406
f 1991 1992 406
f 406 1992 381
f 1992 1993 381
f 381 1993 376
f 1993 1994 376
f 376 1994 393
f 1994 1995 393
f 393 1995 391
f 1995 1996 391
f 1997 320 1998
f 320 99 1998
f 1998 99 1999
f 99 98 1999
f 1999 98 2000
f 98 402 2000
f 2000 402 2001
f 402 401 2001
f 2001 401 2002
f 401 399 2002
f 2002 399 2003
f 399 397 2003
f 2003 397 2004
f 397 396 2004
f 2004 396 2005
f 396 395 2005
f 2005 395 2006
f 395 394 2006
f 2006 394 2007
f 394 392 2007
f 477 2008 479
f 2008 2009 479
f 479 2009 480
f 2009 2010 480
f 480 2010 474
f 2010 2011 474
f 474 2011 475
f 2011 2012 475
f 475 2012 458
f 2012 2013 458
f 458 2013 460
f 2013 2014 460
f 460 2014 467
f 2014 2015 467
f 467 2015 466
f 2015 2016 466
f 466 2016 493
f 2016 2017 493
f 493 2017 494
f 2017 2018 494
f 2019 420 2020
f 420 93 2020
f 2020 93 2021
f 93 92 2021
f 2021 92 2022
f 92 449 2022
f 2022 449 2023
f 449 448 2023
f 2023 448 2024
f 448 447 2024
f 2024 447 2025
f 447 470 2025
f 2025 470 2026
f 470 451 2026
f 2026 451 2027
f 451 450 2027
f 2027 450 2028
f 450 491 2028
f 2028 491 2029
f 491 492 2029
f 519 2030 520
f 2030 2031 520
f 520 2031 507
f 2031 2032 507
f 507 2032 506
f 2032 2033 506
f 506 2033 504
f 2033 2034 504
f 504 2034 498
f 2034 2035 498
f 498 2035 499
f 2035 2036 499
f 499 2036 496
f 2036 2037 496
f 496 2037 497
f 2037 2038 497
f 497 2038 501
f 2038 2039 501
f 501 2039 502
f 2039 2040 502
f 495 2041 511
f 2041 2042 511
f 511 2042 510
f 2042 2043 510
f 510 2043 509
f 2043 2044 509
f 509 2044 508
f 2044 2045 508
f 508 2045 599
f 2045 2046 599
f 599 2046 600
f 2046 2047 600
f 600 2047 601
f 2047 2048 601
f 601 2048 598
f 2048 2049 598
f 598 2049 597
f 2049 2050 597
f 597 2050 596
f 2050 2051 596
f 596 2051 595
f 2051 2052 595
f 595 2052 586
f 2052 2053 586
f 621 2054 602
f 2054 2055 602
f 602 2055 603
f 2055 2056 603
f 603 2056 605
f 2056 2057 605
f 605 2057 606
f 2057 2058 606
f 606 2058 607
f 2058 2059 607
f 607 2059 608
f 2059 2060 608
f 608 2060 610
f 2060 2061 610
f 610 2061 611
f 2061 2062 611
f 611 2062 651
f 2062 2063 651
f 652 2064 653
f 2064 2065 653
f 653 2065 612
f 2065 2066 612
f 612 2066 613
f 2066 2067 613
f 613 2067 614
f 2067 2068 614
f 614 2068 615
f 2068 2069 615
f 615 2069 616
f 2069 2070 616
f 616 2070 618
f 2070 2071 618
f 618 2071 617
f 2071 2072 617
f 617 2072 505
f 2072 2073 505
f 505 2073 518
f 2073 2074 518
f 2075 676 2076
f 676 675 2076
f 2076 675 2077
f 675 544 2077
f 2077 544 2078
f 544 543 2078
f 2078 543 2079
f 543 553 2079
f 2079 553 2080
f 553 555 2080
f 2080 555 2081
f 555 557 2081
f 2081 557 2082
f 557 558 2082
f 2082 558 2083
f 558 552 2083
f 2083 552 2084
f 552 551 2084
f 2084 551 2085
f 551 545 2085
f 2085 545 2086
f 545 547 2086
f 672 2087 673
f 2087 2088 673
f 673 2088 674
f 2088 2089 674
f 674 2089 659
f 2089 2090 659
f 659 2090 660
f 2090 2091 660
f 660 2091 661
f 2091 2092 661
f 661 2092 662
f 2092 2093 662
f 662 2093 657
f 2093 2094 657
f 657 2094 658
f 2094 2095 658
f 658 2095 667
f 2095 2096 667
f 680 2097 678
f 2097 2098 678
f 678 2098 533
f 2098 2099 533
f 533 2099 534
f 2099 2100 534
f 534 2100 535
f 2100 2101 535
f 535 2101 537
f 2101 2102 537
f 537 2102 538
f 2102 2103 538
f 538 2103 539
f 2103 2104 539
f 539 2104 540
f 2104 2105 540
f 540 2105 542
f 2105 2106 542
f 542 2106 546
f 2106 2107 546
f 546 2107 548
f 2107 2108 548
f 668 2109 669
f 2109 2110 669
f 669 2110 212
f 2110 2111 212
f 212 2111 210
f 2111 2112 210
f 210 2112 209
f 2112 2113 209
f 209 2113 208
f 2113 2114 208
f 208 2114 206
f 2114 2115 206
f 206 2115 219
f 2115 2116 219
f 219 2116 217
f 2116 2117 217
f 217 2117 689
f 2117 2118 689
f 689 2118 690
f 2118 2119 690
f 690 2119 692
f 2119 2120 692
f 2121 681 2122
f 681 679 2122
f 2122 679 2123
f 679 697 2123
f 2123 697 2124
f 697 696 2124
f 2124 696 2125
f 696 695 2125
f 2125 695 2126
f 695 694 2126
f 2126 694 2127
f 694 702 2127
f 2127 702 2128
f 702 701 2128
f 2128 701 2129
f 701 700 2129
f 2129 700 2130
f 700 699 2130
f 2130 699 2131
f 699 705 2131
f 2131 705 2132
f 705 704 2132
f 693 2133 716
f 2133 2134 716
f 716 2134 717
f 2134 2135 717
f 717 2135 718
f 2135 2136 718
f 718 2136 719
f 2136 2137 719
f 719 2137 720
f 2137 2138 720
f 720 2138 723
f 2138 2139 723
f 723 2139 724
f 2139 2140 724
f 724 2140 721
f 2140 2141 721
f 721 2141 722
f 2141 2142 722
f 722 2142 715
f 2142 2143 715
f 715 2143 713
f 2143 2144 713
f 593 2145 594
f 2145 2146 594
f 594 2146 563
f 2146 2147 563
f 563 2147 564
f 2147 2148 564
f 564 2148 566
f 2148 2149 566
f 566 2149 577
f 2149 2150 577
f 577 2150 578
f 2150 2151 578
f 578 2151 559
f 2151 2152 559
f 559 2152 353
f 2152 2153 353
f 353 2153 354
f 2153 2154 354
f 354 2154 355
f 2154 2155 355
f 743 2156 745
f 2156 2157 745
f 745 2157 746
f 2157 2158 746
f 746 2158 736
f 2158 2159 736
f 736 2159 737
f 2159 2160 737
f 737 2160 739
f 2160 2161 739
f 739 2161 740
f 2161 2162 740
f 740 2162 741
f 2162 2163 741
f 741 2163 80
f 2163 2164 80
f 80 2164 81
f 2164 2165 81
f 81 2165 730
f 2165 2166 730
f 730 2166 732
f 2166 2167 732
f 824 2168 781
f 2168 2169 781
f 781 2169 779
f 2169 2170 779
f 779 2170 774
f 2170 2171 774
f 774 2171 775
f 2171 2172 775
f 775 2172 782
f 2172 2173 782
f 782 2173 783
f 2173 2174 783
f 783 2174 785
f 2174 2175 785
f 785 2175 786
f 2175 2176 786
f 786 2176 788
f 2176 2177 788
f 801 2178 787
f 2178 2179 787
f 787 2179 784
f 2179 2180 784
f 784 2180 859
f 2180 2181 859
f 859 2181 860
f 2181 2182 860
f 860 2182 861
f 2182 2183 861
f 861 2183 849
f 2183 2184 849
f 849 2184 850
f 2184 2185 850
f 850 2185 851
f 2185 2186 851
f 851 2186 852
f 2186 2187 852
f 852 2187 853
f 2187 2188 853
f 731 2189 729
f 2189 2190 729
f 729 2190 862
f 2190 2191 862
f 862 2191 863
f 2191 2192 863
f 863 2192 865
f 2192 2193 865
f 865 2193 866
f 2193 2194 866
f 866 2194 867
f 2194 2195 867
f 867 2195 868
f 2195 2196 868
f 868 2196 870
f 2196 2197 870
f 870 2197 871
f 2197 2198 871
f 871 2198 873
f 2198 2199 873
f 874 2200 872
f 2200 2201 872
f 872 2201 869
f 2201 2202 869
f 869 2202 887
f 2202 2203 887
f 887 2203 888
f 2203 2204 888
f 888 2204 892
f 2204 2205 892
f 892 2205 891
f 2205 2206 891
f 891 2206 878
f 2206 2207 878
f 878 2207 777
f 2207 2208 777
f 777 2208 778
f 2208 2209 778
f 778 2209 780
f 2209 2210 780
f 780 2210 822
f 2210 2211 822
f 822 2211 823
f 2211 2212 823
f 482 2213 484
f 2213 2214 484
f 484 2214 485
f 2214 2215 485
f 432 2216 2217
f 432 2217 440
f 2217 2218 440
f 440 2218 441
f 845 2219 445
f 2219 2220 445
f 445 2220 443
f 2220 2221 443
f 443 2221 438
f 2221 2222 438
f 461 2223 2224
f 461 2224 483
f 2224 2225 483
f 483 2225 430
f 914 2226 915
f 2226 2227 915
f 915 2227 910
f 2227 2228 910
f 910 2228 908
f 2228 2229 908
f 908 2229 906
f 2229 2230 906
f 906 2230 904
f 2230 2231 904
f 2232 901 2233
f 901 900 2233
f 2233 900 2234
f 2235 918 2236
f 918 917 2236
f 2236 917 2232
f 917 916 2232
f 2232 916 901
f 943 2237 944
f 2237 2238 944
f 944 2238 932
f 2238 2239 932
f 932 2239 934
f 2239 2240 934
f 934 2240 936
f 2240 2241 936
f 936 2241 937
f 2241 2242 937
f 937 2242 929
f 2242 2243 929
f 929 2243 930
f 2243 2244 930
f 959 2245 961
f 2245 2246 961
f 961 2246 963
f 2246 2247 963
f 963 2247 2248
f 2249 953 2250
f 953 955 2250
f 2250 955 2251
f 955 966 2251
f 2251 966 2248
f 966 965 2248
f 2248 965 963
f 954 2252 956
f 2252 2253 956
f 956 2253 957
f 2253 2254 957
f 957 2254 964
f 2254 2255 964
f 964 2255 962
f 2255 2256 962
f 962 2256 960
f 2256 2257 960
f 960 2257 958
f 2257 2258 958
f 2259 907 2260
f 907 905 2260
f 2260 905 2261
f 2262 913 2263
f 913 912 2263
f 2263 912 2264
f 912 911 2264
f 2264 911 2259
f 911 909 2259
f 2259 909 907
f 2265 1011 2266
f 1011 1010 2266
f 2266 1010 2267
f 1010 968 2267
f 2267 968 2268
f 968 967 2268
f 2268 967 2269
f 967 979 2269
f 2269 979 2270
f 979 981 2270
f 2270 981 2271
f 981 983 2271
f 2271 983 2272
f 983 984 2272
f 2272 984 2273
f 984 975 2273
f 2273 975 2274
f 975 977 2274
f 2274 977 2275
f 977 978 2275
f 2275 978 2276
f 978 986 2276
f 1000 2277 1003
f 2277 2278 1003
f 1003 2278 1004
f 2278 2279 1004
f 1004 2279 1006
f 2279 2280 1006
f 1006 2280 1007
f 2280 2281 1007
f 1007 2281 1008
f 2281 2282 1008
f 1008 2282 1009
f 2282 2283 1009
f 1009 2283 996
f 2283 2284 996
f 996 2284 997
f 2284 2285 997
f 997 2285 1017
f 2285 2286 1017
f 1115 2287 1114
f 2287 2288 1114
f 1114 2288 1117
f 2288 2289 1117
f 1117 2289 1118
f 2289 2290 1118
f 1118 2290 1101
f 2290 2291 1101
f 1101 2291 1102
f 2291 2292 1102
f 1102 2292 1104
f 2292 2293 1104
f 1104 2293 1105
f 2293 2294 1105
f 1105 2294 1037
f 2294 2295 1037
f 1037 2295 1035
f 2295 2296 1035
f 1035 2296 1033
f 2296 2297 1033
f 1063 2298 1100
f 2298 2299 1100
f 1100 2299 1070
f 2299 2300 1070
f 1070 2300 1069
f 2300 2301 1069
f 1069 2301 1067
f 2301 2302 1067
f 1067 2302 1065
f 2302 2303 1065
f 1065 2303 1071
f 2303 2304 1071
f 1071 2304 1025
f 2304 2305 1025
f 1025 2305 1020
f 2305 2306 1020
f 1020 2306 1021
f 2306 2307 1021
f 1076 2308 1034
f 2308 2309 1034
f 1034 2309 1036
f 2309 2310 1036
f 1036 2310 1038
f 2310 2311 1038
f 1038 2311 1039
f 2311 2312 1039
f 1039 2312 1040
f 2312 2313 1040
f 1040 2313 1022
f 2313 2314 1022
f 1022 2314 1023
f 2314 2315 1023
f 1023 2315 1087
f 2315 2316 1087
f 1087 2316 1088
f 2316 2317 1088
f 1092 2318 1093
f 2318 2319 1093
f 1093 2319 1084
f 2319 2320 1084
f 1084 2320 1094
f 2320 2321 1094
f 1094 2321 1095
f 2321 2322 1095
f 1095 2322 1097
f 2322 2323 1097
f 1097 2323 1098
f 2323 2324 1098
f 1098 2324 1061
f 2324 2325 1061
f 1061 2325 1062
f 2325 2326 1062
f 1062 2326 1072
f 2326 2327 1072
f 1072 2327 1073
f 2327 2328 1073
f 1190 2329 1176
f 2329 2330 1176
f 1176 2330 1175
f 2330 2331 1175
f 1175 2331 1160
f 2331 2332 1160
f 1160 2332 1150
f 2332 2333 1150
f 1150 2333 1145
f 2333 2334 1145
f 1145 2334 1146
f 2334 2335 1146
f 1146 2335 1151
f 2335 2336 1151
f 1151 2336 1152
f 2336 2337 1152
f 1152 2337 1144
f 2337 2338 1144
f 2339 1194 2340
f 1194 1193 2340
f 2340 1193 2341
f 1193 1200 2341
f 2341 1200 2342
f 1200 1199 2342
f 2342 1199 2343
f 1199 1208 2343
f 2343 1208 2344
f 1208 1207 2344
f 2344 1207 2345
f 1207 1206 2345
f 2345 1206 2346
f 1206 1203 2346
f 2346 1203 2347
f 1203 1202 2347
f 2347 1202 2348
f 1202 1205 2348
f 2348 1205 2349
f 1205 1211 2349
f 2349 1211 2350
f 1211 1210 2350
f 1245 2351 1246
f 2351 2352 1246
f 1246 2352 1231
f 2352 2353 1231
f 1231 2353 1232
f 2353 2354 1232
f 1232 2354 1233
f 2354 2355 1233
f 1233 2355 1220
f 2355 2356 1220
f 1220 2356 1221
f 2356 2357 1221
f 1221 2357 1225
f 2357 2358 1225
f 1225 2358 1226
f 2358 2359 1226
f 1226 2359 1227
f 2359 2360 1227
f 1227 2360 1223
f 2360 2361 1223
f 1195 2362 68
f 2362 2363 68
f 68 2363 69
f 2363 2364 69
f 69 2364 974
f 2364 2365 974
f 974 2365 971
f 2365 2366 971
f 971 2366 972
f 2366 2367 972
f 972 2367 989
f 2367 2368 989
f 989 2368 990
f 2368 2369 990
f 990 2369 992
f 2369 2370 992
f 992 2370 988
f 2370 2371 988
f 988 2371 987
f 2371 2372 987
f 1018 2373 1019
f 2373 2374 1019
f 1019 2374 998
f 2374 2375 998
f 998 2375 1247
f 2375 2376 1247
f 1247 2376 1250
f 2376 2377 1250
f 1250 2377 1257
f 2377 2378 1257
f 1257 2378 1259
f 2378 2379 1259
f 1259 2379 1262
f 2379 2380 1262
f 1262 2380 1228
f 2380 2381 1228
f 1228 2381 1229
f 2381 2382 1229
f 1229 2382 1230
f 2382 2383 1230
f 1230 2383 1244
f 2383 2384 1244
f 1303 2385 1309
f 2385 2386 1309
f 1309 2386 1310
f 2386 2387 1310
f 1310 2387 1317
f 2387 2388 1317
f 1317 2388 1318
f 2388 2389 1318
f 1318 2389 1319
f 2389 2390 1319
f 1319 2390 1301
f 2390 2391 1301
f 1301 2391 1302
f 2391 2392 1302
f 1302 2392 1299
f 2392 2393 1299
f 1299 2393 1298
f 2393 2394 1298
f 1298 2394 1297
f 2394 2395 1297
f 1297 2395 1296
f 2395 2396 1296
f 1296 2396 1293
f 2396 2397 1293
f 1294 2398 1295
f 2398 2399 1295
f 1295 2399 1271
f 2399 2400 1271
f 1271 2400 1272
f 2400 2401 1272
f 1272 2401 1283
f 2401 2402 1283
f 1283 2402 1284
f 2402 2403 1284
f 1284 2403 1285
f 2403 2404 1285
f 1285 2404 1267
f 2404 2405 1267
f 1267 2405 1109
f 2405 2406 1109
f 1109 2406 1110
f 2406 2407 1110
f 1110 2407 1111
f 2407 2408 1111
f 1345 2409 1346
f 2409 2410 1346
f 1346 2410 1347
f 2410 2411 1347
f 1347 2411 1348
f 2411 2412 1348
f 1348 2412 1349
f 2412 2413 1349
f 1349 2413 1337
f 2413 2414 1337
f 1337 2414 1336
f 2414 2415 1336
f 1336 2415 1335
f 2415 2416 1335
f 1335 2416 1338
f 2416 2417 1338
f 1338 2417 1339
f 2417 2418 1339
f 1083 2419 1060
f 2419 2420 1060
f 1060 2420 1058
f 2420 2421 1058
f 1058 2421 1056
f 2421 2422 1056
f 1056 2422 1027
f 2422 2423 1027
f 1027 2423 1028
f 2423 2424 1028
f 1028 2424 1030
f 2424 2425 1030
f 1030 2425 1031
f 2425 2426 1031
f 1031 2426 1032
f 2426 2427 1032
f 1032 2427 1044
f 2427 2428 1044
f 1139 2429 1167
f 2429 2430 1167
f 1167 2430 1168
f 2430 2431 1168
f 1168 2431 1169
f 2431 2432 1169
f 1169 2432 1170
f 2432 2433 1170
f 1170 2433 1174
f 2433 2434 1174
f 1174 2434 1177
f 2434 2435 1177
f 1177 2435 1178
f 2435 2436 1178
f 1178 2436 1192
f 2436 2437 1192
f 1192 2437 1191
f 2437 2438 1191
f 1191 2438 1189
f 2438 2439 1189
f 1165 2440 1156
f 2440 2441 1156
f 1156 2441 1157
f 2441 2442 1157
f 1157 2442 1159
f 2442 2443 1159
f 1159 2443 1173
f 2443 2444 1173
f 1173 2444 1172
f 2444 2445 1172
f 1172 2445 1171
f 2445 2446 1171
f 1171 2446 1166
f 2446 2447 1166
f 1166 2447 1140
f 2447 2448 1140
f 1140 2448 1141
f 2448 2449 1141
f 1434 2450 1425
f 2450 2451 1425
f 1425 2451 1423
f 2451 2452 1423
f 1423 2452 1420
f 2452 2453 1420
f 1420 2453 1392
f 2453 2454 1392
f 1392 2454 1393
f 2454 2455 1393
f 1393 2455 1388
f 2455 2456 1388
f 1388 2456 1389
f 2456 2457 1389
f 1389 2457 1395
f 2457 2458 1395
f 1395 2458 1410
f 2458 2459 1410
f 1410 2459 1408
f 2459 2460 1408
f 1489 2461 1490
f 2461 2462 1490
f 1490 2462 1492
f 2462 2463 1492
f 1492 2463 1494
f 2463 2464 1494
f 1494 2464 1496
f 2464 2465 1496
f 1496 2465 1497
f 2465 2466 1497
f 1497 2466 1446
f 2466 2467 1446
f 1446 2467 1447
f 2467 2468 1447
f 1447 2468 1448
f 2468 2469 1448
f 1448 2469 1424
f 2469 2470 1424
f 1424 2470 1435
f 2470 2471 1435
f 1545 2472 1546
f 2472 2473 1546
f 1546 2473 1547
f 2473 2474 1547
f 1547 2474 1532
f 2474 2475 1532
f 1532 2475 1533
f 2475 2476 1533
f 1533 2476 1534
f 2476 2477 1534
f 1534 2477 1535
f 2477 2478 1535
f 1535 2478 1525
f 2478 2479 1525
f 1525 2479 1526
f 2479 2480 1526
f 1526 2480 1527
f 2480 2481 1527
f 1527 2481 1528
f 2481 2482 1528
f 1528 2482 1530
f 2482 2483 1530
f 2484 1544 2485
f 1544 60 2485
f 2485 60 2486
f 60 59 2486
f 2486 59 2487
f 59 1419 2487
f 2487 1419 2488
f 1419 1418 2488
f 2488 1418 2489
f 1418 1416 2489
f 2489 1416 2490
f 1416 1414 2490
f 2490 1414 2491
f 1414 1413 2491
f 2491 1413 2492
f 1413 1412 2492
f 2492 1412 2493
f 1412 1411 2493
f 2493 1411 2494
f 1411 1409 2494
f 1614 2495 1612
f 2495 2496 1612
f 1612 2496 1591
f 2496 2497 1591
f 1591 2497 1594
f 2497 2498 1594
f 1594 2498 1595
f 2498 2499 1595
f 1595 2499 1599
f 2499 2500 1599
f 1599 2500 1598
f 2500 2501 1598
f 1598 2501 1588
f 2501 2502 1588
f 1588 2502 1565
f 2502 2503 1565
f 1565 2503 1566
f 2503 2504 1566
f 1566 2504 1568
f 2504 2505 1568
f 1568 2505 1620
f 2505 2506 1620
f 1620 2506 1621
f 2506 2507 1621
f 1622 2508 1569
f 2508 2509 1569
f 1569 2509 1567
f 2509 2510 1567
f 1567 2510 1563
f 2510 2511 1563
f 1563 2511 1564
f 2511 2512 1564
f 1564 2512 1570
f 2512 2513 1570
f 1570 2513 1571
f 2513 2514 1571
f 1571 2514 1572
f 2514 2515 1572
f 1572 2515 1552
f 2515 2516 1552
f 1552 2516 1554
f 2516 2517 1554
f 1659 2518 1661
f 2518 2519 1661
f 1661 2519 1662
f 2519 2520 1662
f 1662 2520 1655
f 2520 2521 1655
f 1655 2521 1656
f 2521 2522 1656
f 1656 2522 1652
f 2522 2523 1652
f 1652 2523 1653
f 2523 2524 1653
f 1653 2524 1654
f 2524 2525 1654
f 1654 2525 1657
f 2525 2526 1657
f 1657 2526 1646
f 2526 2527 1646
f 1646 2527 1647
f 2527 2528 1647
f 1648 2529 1641
f 2529 2530 1641
f 1641 2530 1642
f 2530 2531 1642
f 1642 2531 1644
f 2531 2532 1644
f 1644 2532 1645
f 2532 2533 1645
f 1645 2533 1600
f 2533 2534 1600
f 1600 2534 1601
f 2534 2535 1601
f 1601 2535 1602
f 2535 2536 1602
f 1602 2536 1603
f 2536 2537 1603
f 1603 2537 1610
f 2537 2538 1610
f 1610 2538 1611
f 2538 2539 1611
f 1611 2539 1613
f 2539 2540 1613
f 1729 2541 1730
f 2541 2542 1730
f 1730 2542 1707
f 2542 2543 1707
f 1707 2543 1708
f 2543 2544 1708
f 1708 2544 1709
f 2544 2545 1709
f 1709 2545 1710
f 2545 2546 1710
f 1710 2546 1711
f 2546 2547 1711
f 1711 2547 1713
f 2547 2548 1713
f 1713 2548 1712
f 2548 2549 1712
f 1712 2549 1313
f 2549 2550 1313
f 1313 2550 1326
f 2550 2551 1326
f 1327 2552 1328
f 2552 2553 1328
f 1328 2553 1315
f 2553 2554 1315
f 1315 2554 1314
f 2554 2555 1314
f 1314 2555 1312
f 2555 2556 1312
f 1312 2556 1316
f 2556 2557 1316
f 1316 2557 1311
f 2557 2558 1311
f 1311 2558 1304
f 2558 2559 1304
f 1304 2559 1305
f 2559 2560 1305
f 1305 2560 1306
f 2560 2561 1306
f 1306 2561 1307
f 2561 2562 1307
f 1716 2563 1703
f 2563 2564 1703
f 1703 2564 1699
f 2564 2565 1699
f 1699 2565 1700
f 2565 2566 1700
f 1700 2566 1704
f 2566 2567 1704
f 1704 2567 1705
f 2567 2568 1705
f 1705 2568 1706
f 2568 2569 1706
f 1706 2569 1701
f 2569 2570 1701
f 1701 2570 1702
f 2570 2571 1702
f 1702 2571 1728
f 2571 2572 1728
f 1577 2573 1553
f 2573 2574 1553
f 1553 2574 1551
f 2574 2575 1551
f 1551 2575 1763
f 2575 2576 1763
f 1763 2576 1764
f 2576 2577 1764
f 1764 2577 1768
f 2577 2578 1768
f 1768 2578 1769
f 2578 2579 1769
f 1769 2579 1770
f 2579 2580 1770
f 1770 2580 1771
f 2580 2581 1771
f 1771 2581 1772
f 2581 2582 1772
f 1772 2582 1773
f 2582 2583 1773
f 1773 2583 1774
f 2583 2584 1774
f 1502 2585 1503
f 2585 2586 1503
f 1503 2586 1478
f 2586 2587 1478
f 1478 2587 1479
f 2587 2588 1479
f 1479 2588 1506
f 2588 2589 1506
f 1506 2589 1509
f 2589 2590 1509
f 1509 2590 1510
f 2590 2591 1510
f 1510 2591 1511
f 2591 2592 1511
f 1511 2592 1469
f 2592 2593 1469
f 1469 2593 1470
f 2593 2594 1470
f 1518 2595 1520
f 2595 2596 1520
f 1520 2596 1521
f 2596 2597 1521
f 1464 2598 2599
f 1464 2599 1484
f 2599 2600 1484
f 1484 2600 1485
f 1759 2601 1500
f 2601 2602 1500
f 1500 2602 1498
f 2602 2603 1498
f 1498 2603 1476
f 2603 2604 1476
f 1515 2605 2606
f 1515 2606 1519
f 2606 2607 1519
f 1519 2607 1458
f 1799 2608 1800
f 2608 2609 1800
f 1800 2609 1795
f 2609 2610 1795
f 1795 2610 1793
f 2610 2611 1793
f 1793 2611 1791
f 2611 2612 1791
f 1791 2612 1789
f 2612 2613 1789
f 2614 1784 2615
f 1784 1783 2615
f 2615 1783 2616
f 2617 1803 2618
f 1803 1802 2618
f 2618 1802 2614
f 1802 1801 2614
f 2614 1801 1784
f 1815 2619 1816
f 2619 2620 1816
f 1816 2620 1818
f 2620 2621 1818
f 1818 2621 1819
f 2621 2622 1819
f 1819 2622 1820
f 2622 2623 1820
f 1820 2623 1821
f 2623 2624 1821
f 1821 2624 1814
f 2624 2625 1814
f 1814 2625 1804
f 2625 2626 1804
f 1842 2627 1844
f 2627 2628 1844
f 1844 2628 1846
f 2628 2629 1846
f 1846 2629 2630
f 2631 1836 2632
f 1836 1838 2632
f 2632 1838 2633
f 1838 1849 2633
f 2633 1849 2630
f 1849 1848 2630
f 2630 1848 1846
f 1837 2634 1839
f 2634 2635 1839
f 1839 2635 1840
f 2635 2636 1840
f 1840 2636 1847
f 2636 2637 1847
f 1847 2637 1845
f 2637 2638 1845
f 1845 2638 1843
f 2638 2639 1843
f 1843 2639 1841
f 2639 2640 1841
f 2641 1792 2642
f 1792 1790 2642
f 2642 1790 2643
f 2644 1798 2645
f 1798 1797 2645
f 2645 1797 2646
f 1797 1796 2646
f 2646 1796 2641
f 1796 1794 2641
f 2641 1794 1792
f 1798 2644 1587
f 2644 2647 1587
f 1587 2647 1585
f 2647 2648 1585
f 1585 2648 1583
f 2648 2649 1583
f 1583 2649 1590
f 2649 2650 1590
f 1590 2650 1580
f 2650 2651 1580
f 1580 2651 1581
f 2651 2652 1581
f 1581 2652 1833
f 2652 2653 1833
f 1833 2653 1834
f 2653 2654 1834
f 1834 2654 1835
f 2654 2655 1835
f 1835 2655 1837
f 2655 2634 1837
f 1841 2640 1813
f 2640 2656 1813
f 1813 2656 1417
f 2656 2657 1417
f 1417 2657 1415
f 2657 2658 1415
f 1415 2658 1397
f 2658 2659 1397
f 1397 2659 1396
f 2659 2660 1396
f 1396 2660 1394
f 2660 2661 1394
f 1394 2661 1398
f 2661 2662 1398
f 1398 2662 1399
f 2662 2663 1399
f 1399 2663 1400
f 2663 2664 1400
f 1400 2664 1390
f 2664 2665 1390
f 1390 2665 1777
f 2665 2666 1777
f 1777 2666 1790
f 2666 2643 1790
f 1836 2631 1829
f 2631 2667 1829
f 1829 2667 1828
f 2667 2668 1828
f 1828 2668 1824
f 2668 2669 1824
f 1824 2669 1825
f 2669 2670 1825
f 1825 2670 1831
f 2670 2671 1831
f 1831 2671 1832
f 2671 2672 1832
f 1832 2672 1830
f 2672 2673 1830
f 1830 2673 1826
f 2673 2674 1826
f 1826 2674 1822
f 2674 2675 1822
f 1822 2675 1823
f 2675 2676 1823
f 1823 2676 1815
f 2676 2619 1815
f 1804 2626 1805
f 2626 2677 1805
f 1805 2677 1806
f 2677 2678 1806
f 1806 2678 1807
f 2678 2679 1807
f 1807 2679 1808
f 2679 2680 1808
f 1808 2680 1809
f 2680 2681 1809
f 1809 2681 1810
f 2681 2682 1810
f 1810 2682 1811
f 2682 2683 1811
f 1811 2683 1812
f 2683 2684 1812
f 1812 2684 1842
f 2684 2627 1842
f 1803 2617 1578
f 2617 2685 1578
f 1578 2685 1579
f 2685 2686 1579
f 1579 2686 1589
f 2686 2687 1589
f 1589 2687 1596
f 2687 2688 1596
f 1596 2688 1597
f 2688 2689 1597
f 1597 2689 1593
f 2689 2690 1593
f 1593 2690 1592
f 2690 2691 1592
f 1592 2691 1584
f 2691 2692 1584
f 1584 2692 1586
f 2692 2693 1586
f 1586 2693 1799
f 2693 2608 1799
f 1789 2613 1785
f 2613 2694 1785
f 1785 2694 1786
f 2694 2695 1786
f 1786 2695 1787
f 2695 2696 1787
f 1787 2696 1788
f 2696 2697 1788
f 1788 2697 1780
f 2697 2698 1780
f 1780 2698 1779
f 2698 2699 1779
f 1779 2699 1778
f 2699 2700 1778
f 1778 2700 1781
f 2700 2701 1781
f 1781 2701 1782
f 2701 2702 1782
f 1782 2702 1783
f 2702 2616 1783
f 1458 2607 1440
f 2607 2703 1440
f 1440 2703 1441
f 2703 2704 1441
f 1441 2704 1761
f 2704 2705 1761
f 1761 2705 1762
f 2705 2706 1762
f 1762 2706 1765
f 2706 2707 1765
f 1765 2707 1766
f 2707 2708 1766
f 1766 2708 1767
f 2708 2709 1767
f 1767 2709 1757
f 2709 2710 1757
f 1757 2710 1758
f 2710 2711 1758
f 1758 2711 1759
f 2711 2601 1759
f 1476 2604 1477
f 2604 2712 1477
f 1477 2712 1488
f 2712 2713 1488
f 1488 2713 1487
f 2713 2714 1487
f 1487 2714 1486
f 2714 2715 1486
f 1486 2715 1495
f 2715 2716 1495
f 1495 2716 1493
f 2716 2717 1493
f 1493 2717 1491
f 2717 2718 1491
f 1491 2718 1513
f 2718 2719 1513
f 1513 2719 1515
f 2719 2605 1515
f 1485 2600 1457
f 2600 2720 1457
f 1457 2720 1455
f 2720 2721 1455
f 1455 2721 1465
f 2721 2722 1465
f 1465 2722 1473
f 2722 2723 1473
f 1473 2723 1474
f 2723 2724 1474
f 1474 2724 1475
f 2724 2725 1475
f 1475 2725 1442
f 2725 2726 1442
f 1442 2726 1517
f 2726 2727 1517
f 1517 2727 1518
f 2727 2595 1518
f 1521 2597 1514
f 2597 2728 1514
f 1514 2728 1512
f 2728 2729 1512
f 1512 2729 1504
f 2729 2730 1504
f 1504 2730 1505
f 2730 2731 1505
f 1505 2731 1507
f 2731 2732 1507
f 1507 2732 1508
f 2732 2733 1508
f 1508 2733 1480
f 2733 2734 1480
f 1480 2734 1463
f 2734 2735 1463
f 1463 2735 1464
f 2735 2598 1464
f 1516 2736 2737
f 1516 2737 1501
f 2737 2585 1501
f 1501 2585 1502
f 1472 2738 1443
f 2738 2739 1443
f 1443 2739 1444
f 2739 2740 1444
f 1444 2740 1445
f 2740 2741 1445
f 1445 2741 1459
f 2741 2742 1459
f 1459 2742 1460
f 2742 2743 1460
f 1460 2743 1461
f 2743 2744 1461
f 1461 2744 1481
f 2744 2745 1481
f 1481 2745 1468
f 2745 2746 1468
f 1468 2746 1516
f 2746 2736 1516
f 1470 2594 1471
f 2594 2747 1471
f 1471 2747 1472
f 2747 2738 1472
f 1776 2748 1760
f 2748 2749 1760
f 1760 2749 1550
f 2749 2750 1550
f 1550 2750 1549
f 2750 2751 1549
f 1549 2751 1548
f 2751 2752 1548
f 1548 2752 1555
f 2752 2753 1555
f 1555 2753 1556
f 2753 2754 1556
f 1556 2754 1557
f 2754 2755 1557
f 1557 2755 1559
f 2755 2756 1559
f 1559 2756 1573
f 2756 2757 1573
f 1573 2757 1574
f 2757 2758 1574
f 1774 2584 2759
f 1774 2759 1775
f 2759 2748 1775
f 1775 2748 1776
f 1574 2758 1576
f 2758 2760 1576
f 1576 2760 1577
f 2760 2573 1577
f 1721 2761 1719
f 2761 2762 1719
f 1719 2762 1751
f 2762 2763 1751
f 1751 2763 1752
f 2763 2764 1752
f 1752 2764 1753
f 2764 2765 1753
f 1753 2765 1754
f 2765 2766 1754
f 1754 2766 1755
f 2766 2767 1755
f 1755 2767 1756
f 2767 2768 1756
f 1756 2768 1748
f 2768 2769 1748
f 1748 2769 1750
f 2769 2770 1750
f 1750 2770 1741
f 2770 2771 1741
f 2572 2772 1728
f 2772 1717 1728
f 1717 2772 46
f 2772 2773 46
f 46 2773 44
f 2773 2774 44
f 44 2774 1723
f 2774 2775 1723
f 2775 2761 1723
f 1723 2761 1721
f 1741 2771 1742
f 2771 2776 1742
f 1742 2776 1744
f 2776 2777 1744
f 1744 2777 1746
f 2777 2778 1746
f 1746 2778 1747
f 2778 2779 1747
f 1747 2779 1715
f 2779 2780 1715
f 1715 2780 1716
f 2780 2563 1716
f 1277 2781 1279
f 2781 2782 1279
f 1279 2782 1270
f 2782 2783 1270
f 1270 2783 1269
f 2783 2784 1269
f 1269 2784 980
f 2784 2785 980
f 980 2785 982
f 2785 2786 982
f 982 2786 976
f 2786 2787 976
f 976 2787 991
f 2787 2788 991
f 991 2788 970
f 2788 2789 970
f 970 2789 973
f 2789 2790 973
f 973 2790 1737
f 2790 2791 1737
f 1737 2791 1739
f 2791 2792 1739
f 1307 2562 2793
f 2781 1277 2794
f 1277 1276 2794
f 2794 1276 2795
f 1276 1331 2795
f 2795 1331 2796
f 1331 1333 2796
f 2796 1333 2793
f 1333 1334 2793
f 2793 1334 1307
f 1739 2792 49
f 2792 2797 49
f 49 2797 47
f 2797 2798 47
f 47 2798 1323
f 2798 2799 1323
f 1323 2799 1325
f 2799 2800 1325
f 1325 2800 1327
f 2800 2552 1327
f 1740 2801 1738
f 2801 2802 1738
f 1738 2802 1736
f 2802 2803 1736
f 1736 2803 1735
f 2803 2804 1735
f 1735 2804 1731
f 2804 2805 1731
f 1731 2805 1732
f 2805 2806 1732
f 1732 2806 1733
f 2806 2807 1733
f 1733 2807 1734
f 2807 2808 1734
f 1734 2808 1718
f 2808 2809 1718
f 1718 2809 1720
f 2809 2810 1720
f 1720 2810 1722
f 2810 2811 1722
f 2812 1324 2813
f 1324 1326 2813
f 2813 1326 2551
f 2801 1740 2814
f 1740 1320 2814
f 2814 1320 2815
f 1320 1321 2815
f 2815 1321 2812
f 1321 1322 2812
f 2812 1322 1324
f 1722 2811 1724
f 2811 2816 1724
f 1724 2816 1725
f 2816 2817 1725
f 1725 2817 1726
f 2817 2818 1726
f 1726 2818 1727
f 2818 2819 1727
f 1727 2819 1729
f 2819 2541 1729
f 1676 2820 1678
f 2820 2821 1678
f 1678 2821 1679
f 2821 2822 1679
f 1679 2822 1680
f 2822 2823 1680
f 1680 2823 1681
f 2823 2824 1681
f 1681 2824 1694
f 2824 2825 1694
f 1694 2825 1695
f 2825 2826 1695
f 1695 2826 1696
f 2826 2827 1696
f 1696 2827 1683
f 2827 2828 1683
f 1683 2828 1685
f 2828 2829 1685
f 1685 2829 1692
f 2829 2830 1692
f 1613 2540 52
f 2540 2831 52
f 52 2831 50
f 2831 2832 50
f 50 2832 1607
f 2832 2833 1607
f 2833 2834 1607
f 1607 2834 1674
f 2834 2820 1674
f 1674 2820 1676
f 1692 2830 1697
f 2830 2835 1697
f 1697 2835 55
f 2835 2836 55
f 55 2836 53
f 2836 2837 53
f 53 2837 1649
f 2837 2838 1649
f 1649 2838 1648
f 2838 2529 1648
f 1691 2839 1687
f 2839 2840 1687
f 1687 2840 1686
f 2840 2841 1686
f 1686 2841 1684
f 2841 2842 1684
f 1684 2842 1682
f 2842 2843 1682
f 1682 2843 1688
f 2843 2844 1688
f 1688 2844 1689
f 2844 2845 1689
f 1689 2845 1690
f 2845 2846 1690
f 1690 2846 1664
f 2846 2847 1664
f 1664 2847 1665
f 2847 2848 1665
f 2528 2849 1647
f 2849 1650 1647
f 1650 2849 1651
f 2849 2850 1651
f 1651 2850 1698
f 2850 2851 1698
f 1698 2851 1693
f 2851 2852 1693
f 2852 2839 1693
f 1693 2839 1691
f 2518 1659 2853
f 1659 1658 2853
f 2853 1658 2854
f 1658 1672 2854
f 2854 1672 2855
f 1672 1670 2855
f 2855 1670 2856
f 1670 1668 2856
f 2856 1668 2857
f 1668 1667 2857
f 2857 1667 2848
f 1667 1665 2848
f 1561 2858 1560
f 2858 2859 1560
f 1560 2859 1558
f 2859 2860 1558
f 1558 2860 1638
f 2860 2861 1638
f 1638 2861 1639
f 2861 2862 1639
f 1639 2862 1640
f 2862 2863 1640
f 1640 2863 1637
f 2863 2864 1637
f 1637 2864 1636
f 2864 2865 1636
f 1636 2865 1635
f 2865 2866 1635
f 1635 2866 1634
f 2866 2867 1634
f 1634 2867 1632
f 2867 2868 1632
f 1632 2868 1630
f 2868 2869 1630
f 1554 2517 2870
f 1554 2870 1575
f 2870 2858 1575
f 1575 2858 1561
f 2508 1622 2871
f 1622 1624 2871
f 2871 1624 2872
f 1624 1626 2872
f 2872 1626 2873
f 1626 1628 2873
f 2873 1628 2869
f 1628 1630 2869
f 1631 2874 1633
f 2874 2875 1633
f 1633 2875 1616
f 2875 2876 1616
f 1616 2876 1617
f 2876 2877 1617
f 1617 2877 1618
f 2877 2878 1618
f 1618 2878 1619
f 2878 2879 1619
f 1619 2879 1605
f 2879 2880 1605
f 1605 2880 1606
f 2880 2881 1606
f 1606 2881 1677
f 2881 2882 1677
f 1677 2882 1675
f 2882 2883 1675
f 1621 2507 1623
f 2507 2884 1623
f 1623 2884 1625
f 2884 2885 1625
f 1625 2885 1627
f 2885 2886 1627
f 1627 2886 1629
f 2886 2887 1629
f 2887 2874 1629
f 1629 2874 1631
f 1675 2883 1673
f 2883 2888 1673
f 1673 2888 1608
f 2888 2889 1608
f 1608 2889 1609
f 2889 2890 1609
f 1609 2890 1615
f 2890 2891 1615
f 1615 2891 1614
f 2891 2495 1614
f 2892 1404 2893
f 1404 1402 2893
f 2893 1402 2894
f 2494 1409 2895
f 1409 56 2895
f 2895 56 2896
f 56 58 2896
f 2896 58 2892
f 58 1384 2892
f 2892 1384 1404
f 1536 2897 1383
f 2897 2898 1383
f 1383 2898 1381
f 2898 2899 1381
f 1381 2899 1368
f 2899 2900 1368
f 1368 2900 1369
f 2900 2901 1369
f 1369 2901 1364
f 2901 2902 1364
f 1364 2902 1359
f 2902 2903 1359
f 1359 2903 1360
f 2903 2904 1360
f 1360 2904 1372
f 2904 2905 1372
f 1372 2905 1402
f 2905 2894 1402
f 1544 2484 1542
f 2484 2906 1542
f 1542 2906 1540
f 2906 2907 1540
f 1540 2907 1538
f 2907 2908 1538
f 1538 2908 1536
f 2908 2897 1536
f 2909 2910 1537
f 2910 1539 1537
f 1539 2910 1541
f 2910 2911 1541
f 1541 2911 1543
f 2911 2912 1543
f 2912 2472 1543
f 1543 2472 1545
f 1387 2913 1376
f 2913 2914 1376
f 1376 2914 1377
f 2914 2915 1377
f 1377 2915 1378
f 2915 2916 1378
f 1378 2916 1362
f 2916 2917 1362
f 1362 2917 1363
f 2917 2918 1363
f 1363 2918 1379
f 2918 2919 1379
f 1379 2919 1380
f 2919 2920 1380
f 1380 2920 1382
f 2920 2921 1382
f 1382 2921 1537
f 2921 2909 1537
f 1530 2483 1531
f 2483 2922 1531
f 1531 2922 1523
f 2922 2923 1523
f 1523 2923 1524
f 2923 2924 1524
f 1524 2924 1386
f 2924 2925 1386
f 1386 2925 1387
f 2925 2913 1387
f 1432 2926 2927
f 2461 1489 2928
f 1489 1431 2928
f 2928 1431 2927
f 1431 1430 2927
f 2927 1430 1432
f 1438 2929 1439
f 2929 2930 1439
f 1439 2930 1421
f 2930 2931 1421
f 1421 2931 1422
f 2931 2932 1422
f 1422 2932 1426
f 2932 2933 1426
f 1426 2933 1427
f 2933 2934 1427
f 1427 2934 1428
f 2934 2935 1428
f 1428 2935 1429
f 2935 2936 1429
f 1429 2936 1433
f 2936 2937 1433
f 1433 2937 1432
f 2937 2926 1432
f 1435 2471 1437
f 2471 2938 1437
f 1437 2938 1438
f 2938 2929 1438
f 2939 2940 1365
f 2940 1366 1365
f 1366 2940 1367
f 2940 2941 1367
f 1367 2941 1436
f 2941 2942 1436
f 2942 2450 1436
f 1436 2450 1434
f 1401 2943 1370
f 2943 2944 1370
f 1370 2944 1371
f 2944 2945 1371
f 1371 2945 1373
f 2945 2946 1373
f 1373 2946 1374
f 2946 2947 1374
f 1374 2947 1375
f 2947 2948 1375
f 1375 2948 1361
f 2948 2949 1361
f 1361 2949 1357
f 2949 2950 1357
f 1357 2950 1358
f 2950 2951 1358
f 1358 2951 1365
f 2951 2939 1365
f 1408 2460 1407
f 2460 2952 1407
f 1407 2952 1406
f 2952 2953 1406
f 1406 2953 1405
f 2953 2954 1405
f 1405 2954 1403
f 2954 2955 1403
f 1403 2955 1401
f 2955 2943 1401
f 2956 2957 1354
f 2957 1355 1354
f 1355 2957 1163
f 2957 2958 1163
f 1163 2958 1164
f 2958 2959 1164
f 2959 2440 1164
f 1164 2440 1165
f 1254 2960 1251
f 2960 2961 1251
f 1251 2961 1249
f 2961 2962 1249
f 1249 2962 1248
f 2962 2963 1248
f 1248 2963 1341
f 2963 2964 1341
f 1341 2964 1342
f 2964 2965 1342
f 1342 2965 1343
f 2965 2966 1343
f 1343 2966 1344
f 2966 2967 1344
f 1344 2967 1350
f 2967 2968 1350
f 1350 2968 1351
f 2968 2969 1351
f 1351 2969 1352
f 2969 2970 1352
f 1352 2970 1354
f 2970 2956 1354
f 1141 2449 1154
f 2449 2971 1154
f 1154 2971 1161
f 2971 2972 1161
f 1161 2972 1162
f 2972 2973 1162
f 1162 2973 1253
f 2973 2974 1253
f 1253 2974 1254
f 2974 2960 1254
f 1266 2975 64
f 2975 2976 64
f 64 2976 62
f 2976 2977 62
f 62 2977 1155
f 2977 2978 1155
f 2978 2979 1155
f 1155 2979 1153
f 2979 2429 1153
f 1153 2429 1139
f 1181 2980 1179
f 2980 2981 1179
f 1179 2981 1252
f 2981 2982 1252
f 1252 2982 1263
f 2982 2983 1263
f 1263 2983 1261
f 2983 2984 1261
f 1261 2984 1260
f 2984 2985 1260
f 1260 2985 1258
f 2985 2986 1258
f 1258 2986 1256
f 2986 2987 1256
f 1256 2987 1255
f 2987 2988 1255
f 1255 2988 1264
f 2988 2989 1264
f 1264 2989 1265
f 2989 2990 1265
f 1265 2990 1266
f 2990 2975 1266
f 1189 2439 1187
f 2439 2991 1187
f 1187 2991 1185
f 2991 2992 1185
f 1185 2992 1183
f 2992 2993 1183
f 1183 2993 1181
f 2993 2980 1181
f 1080 2994 2995
f 1080 2995 1082
f 2995 2419 1082
f 1082 2419 1083
f 1054 2996 1052
f 2996 2997 1052
f 1052 2997 1050
f 2997 2998 1050
f 1050 2998 1099
f 2998 2999 1099
f 1099 2999 1096
f 2999 3000 1096
f 1096 3000 1085
f 3000 3001 1085
f 1085 3001 1086
f 3001 3002 1086
f 1086 3002 1077
f 3002 3003 1077
f 1077 3003 1078
f 3003 3004 1078
f 1078 3004 1080
f 3004 2994 1080
f 1044 2428 1055
f 2428 3005 1055
f 1055 3005 1054
f 3005 2996 1054
f 1053 3006 1045
f 3006 3007 1045
f 1045 3007 1356
f 3007 3008 1356
f 3008 2409 1356
f 1356 2409 1345
f 1353 3009 1043
f 3009 3010 1043
f 1043 3010 1042
f 3010 3011 1042
f 1042 3011 1041
f 3011 3012 1041
f 1041 3012 1064
f 3012 3013 1064
f 1064 3013 1066
f 3013 3014 1066
f 1066 3014 1068
f 3014 3015 1068
f 1068 3015 1048
f 3015 3016 1048
f 1048 3016 1049
f 3016 3017 1049
f 1049 3017 1051
f 3017 3018 1051
f 1051 3018 1053
f 3018 3006 1053
f 1339 2418 1340
f 2418 3019 1340
f 1340 3019 1353
f 3019 3009 1353
f 1123 3020 1107
f 3020 3021 1107
f 1107 3021 1108
f 3021 3022 1108
f 1108 3022 1112
f 3022 3023 1112
f 1112 3023 1113
f 3023 3024 1113
f 1113 3024 1119
f 3024 3025 1119
f 1119 3025 1120
f 3025 3026 1120
f 1120 3026 1121
f 3026 3027 1121
f 1121 3027 1106
f 3027 3028 1106
f 1106 3028 1103
f 3028 3029 1103
f 1103 3029 1289
f 3029 3030 1289
f 1289 3030 1290
f 3030 3031 1290
f 1111 2408 3032
f 1111 3032 1122
f 3032 3020 1122
f 1122 3020 1123
f 1290 3031 1292
f 3031 3033 1292
f 1292 3033 1294
f 3033 2398 1294
f 1286 3034 1287
f 3034 3035 1287
f 1287 3035 1288
f 3035 3036 1288
f 1288 3036 1274
f 3036 3037 1274
f 1274 3037 1275
f 3037 3038 1275
f 1275 3038 1282
f 3038 3039 1282
f 1282 3039 1281
f 3039 3040 1281
f 1281 3040 1280
f 3040 3041 1280
f 1280 3041 1278
f 3041 3042 1278
f 1278 3042 1329
f 3042 3043 1329
f 1293 2397 3044
f 1293 3044 1291
f 3044 3034 1291
f 1291 3034 1286
f 2385 1303 3045
f 1303 1308 3045
f 3045 1308 3046
f 1308 1332 3046
f 3046 1332 3047
f 1332 1330 3047
f 3047 1330 3043
f 1330 1329 3043
f 987 2372 993
f 2372 3048 993
f 993 3048 994
f 3048 3049 994
f 994 3049 1014
f 3049 3050 1014
f 3050 3051 1014
f 1014 3051 1016
f 3051 2373 1016
f 1016 2373 1018
f 2362 1195 3052
f 1195 1197 3052
f 3052 1197 3053
f 1197 1241 3053
f 3053 1241 3054
f 1241 1240 3054
f 3054 1240 3055
f 1240 1242 3055
f 3055 1242 3056
f 1242 1243 3056
f 3056 1243 2384
f 1243 1244 2384
f 1194 2339 1196
f 2339 3057 1196
f 1196 3057 1239
f 3057 3058 1239
f 1239 3058 1237
f 3058 3059 1237
f 1237 3059 1236
f 3059 3060 1236
f 1236 3060 3061
f 2351 1245 3062
f 1245 65 3062
f 3062 65 3063
f 65 67 3063
f 3063 67 3061
f 67 1234 3061
f 3061 1234 1236
f 2350 1210 3064
f 1210 1209 3064
f 3064 1209 3065
f 1209 1214 3065
f 3065 1214 3066
f 1214 1219 3066
f 3066 1219 3067
f 1219 1218 3067
f 3067 1218 3068
f 1218 1216 3068
f 3068 1216 3069
f 1216 1224 3069
f 3069 1224 2361
f 1224 1223 2361
f 3070 3071 1182
f 3071 1184 1182
f 1184 3071 1186
f 3071 3072 1186
f 1186 3072 1188
f 3072 3073 1188
f 3073 2329 1188
f 1188 2329 1190
f 1132 3074 1133
f 3074 3075 1133
f 1133 3075 1124
f 3075 3076 1124
f 1124 3076 1125
f 3076 3077 1125
f 1125 3077 1127
f 3077 3078 1127
f 1127 3078 1128
f 3078 3079 1128
f 1128 3079 1134
f 3079 3080 1134
f 1134 3080 1135
f 3080 3081 1135
f 1135 3081 1137
f 3081 3082 1137
f 1137 3082 1138
f 3082 3083 1138
f 1138 3083 1180
f 3083 3084 1180
f 1180 3084 1182
f 3084 3070 1182
f 3074 1132 3085
f 1132 1130 3085
f 3085 1130 3086
f 1130 1149 3086
f 3086 1149 3087
f 1149 1148 3087
f 3087 1148 3088
f 1148 1147 3088
f 3088 1147 2338
f 1147 1144 2338
f 1088 2317 3089
f 1088 3089 1090
f 3089 2318 1090
f 1090 2318 1092
f 1073 2328 1075
f 2328 3090 1075
f 1075 3090 1076
f 3090 2308 1076
f 1033 2297 3091
f 1033 3091 1074
f 3091 2298 1074
f 1074 2298 1063
f 1021 2307 1026
f 2307 3092 1026
f 1026 3092 1116
f 3092 3093 1116
f 1116 3093 1115
f 3093 2287 1115
f 1011 2265 1012
f 2265 3094 1012
f 1012 3094 1002
f 3094 3095 1002
f 3095 3096 1002
f 1002 3096 999
f 3096 2277 999
f 999 2277 1000
f 2276 986 3097
f 986 985 3097
f 3097 985 3098
f 985 995 3098
f 3098 995 3099
f 995 1013 3099
f 3099 1013 3100
f 1013 1015 3100
f 3100 1015 2286
f 1015 1017 2286
f 913 2262 71
f 2262 3101 71
f 71 3101 72
f 3101 3102 72
f 72 3102 883
f 3102 3103 883
f 883 3103 882
f 3103 3104 882
f 882 3104 881
f 3104 3105 881
f 881 3105 880
f 3105 3106 880
f 880 3106 950
f 3106 3107 950
f 950 3107 951
f 3107 3108 951
f 951 3108 952
f 3108 3109 952
f 952 3109 954
f 3109 2252 954
f 958 2258 927
f 2258 3110 927
f 927 3110 400
f 3110 3111 400
f 400 3111 398
f 3111 3112 398
f 398 3112 378
f 3112 3113 378
f 378 3113 377
f 3113 3114 377
f 377 3114 375
f 3114 3115 375
f 375 3115 379
f 3115 3116 379
f 379 3116 380
f 3116 3117 380
f 380 3117 382
f 3117 3118 382
f 382 3118 383
f 3118 3119 383
f 383 3119 903
f 3119 3120 903
f 903 3120 905
f 3120 2261 905
f 953 2249 946
f 2249 3121 946
f 946 3121 945
f 3121 3122 945
f 945 3122 938
f 3122 3123 938
f 938 3123 939
f 3123 3124 939
f 939 3124 948
f 3124 3125 948
f 948 3125 949
f 3125 3126 949
f 949 3126 947
f 3126 3127 947
f 947 3127 940
f 3127 3128 940
f 940 3128 941
f 3128 3129 941
f 941 3129 942
f 3129 3130 942
f 942 3130 943
f 3130 2237 943
f 930 2244 919
f 2244 3131 919
f 919 3131 920
f 3131 3132 920
f 920 3132 921
f 3132 3133 921
f 921 3133 922
f 3133 3134 922
f 922 3134 923
f 3134 3135 923
f 923 3135 924
f 3135 3136 924
f 924 3136 925
f 3136 3137 925
f 925 3137 926
f 3137 3138 926
f 926 3138 959
f 3138 2245 959
f 918 2235 876
f 2235 3139 876
f 876 3139 877
f 3139 3140 877
f 877 3140 879
f 3140 3141 879
f 879 3141 889
f 3141 3142 889
f 889 3142 890
f 3142 3143 890
f 890 3143 886
f 3143 3144 886
f 886 3144 885
f 3144 3145 885
f 885 3145 884
f 3145 3146 884
f 884 3146 73
f 3146 3147 73
f 73 3147 914
f 3147 2226 914
f 904 2231 902
f 2231 3148 902
f 902 3148 895
f 3148 3149 895
f 895 3149 896
f 3149 3150 896
f 896 3150 897
f 3150 3151 897
f 897 3151 893
f 3151 3152 893
f 893 3152 894
f 3152 3153 894
f 894 3153 898
f 3153 3154 898
f 898 3154 899
f 3154 3155 899
f 899 3155 900
f 3155 2234 900
f 430 2225 425
f 2225 3156 425
f 425 3156 426
f 3156 3157 426
f 426 3157 846
f 3157 3158 846
f 846 3158 847
f 3158 3159 847
f 847 3159 854
f 3159 3160 854
f 854 3160 855
f 3160 3161 855
f 855 3161 856
f 3161 3162 856
f 856 3162 843
f 3162 3163 843
f 843 3163 844
f 3163 3164 844
f 844 3164 845
f 3164 2219 845
f 438 2222 439
f 2222 3165 439
f 439 3165 446
f 3165 3166 446
f 446 3166 468
f 3166 3167 468
f 468 3167 469
f 3167 3168 469
f 469 3168 471
f 3168 3169 471
f 471 3169 472
f 3169 3170 472
f 472 3170 452
f 3170 3171 452
f 452 3171 463
f 3171 3172 463
f 463 3172 461
f 3172 2223 461
f 441 2218 429
f 2218 3173 429
f 429 3173 428
f 3173 3174 428
f 428 3174 433
f 3174 3175 433
f 433 3175 434
f 3175 3176 434
f 434 3176 435
f 3176 3177 435
f 435 3177 436
f 3177 3178 436
f 436 3178 427
f 3178 3179 427
f 427 3179 481
f 3179 3180 481
f 481 3180 482
f 3180 2213 482
f 485 2215 462
f 2215 3181 462
f 462 3181 464
f 3181 3182 464
f 464 3182 465
f 3182 3183 465
f 465 3183 459
f 3183 3184 459
f 459 3184 457
f 3184 3185 457
f 457 3185 473
f 3185 3186 473
f 473 3186 478
f 3186 3187 478
f 478 3187 431
f 3187 3188 431
f 431 3188 432
f 3188 2216 432
f 833 3189 835
f 3189 3190 835
f 835 3190 810
f 3190 3191 810
f 810 3191 811
f 3191 3192 811
f 811 3192 812
f 3192 3193 812
f 812 3193 813
f 3193 3194 813
f 813 3194 805
f 3194 3195 805
f 805 3195 806
f 3195 3196 806
f 806 3196 818
f 3196 3197 818
f 818 3197 816
f 3197 3198 816
f 823 2212 825
f 2212 3199 825
f 825 3199 827
f 3199 3200 827
f 827 3200 829
f 3200 3201 829
f 829 3201 831
f 3201 3202 831
f 3202 3189 831
f 831 3189 833
f 816 3198 814
f 3198 3203 814
f 814 3203 808
f 3203 3204 808
f 808 3204 809
f 3204 3205 809
f 809 3205 875
f 3205 3206 875
f 875 3206 874
f 3206 2200 874
f 817 3207 819
f 3207 3208 819
f 819 3208 820
f 3208 3209 820
f 820 3209 821
f 3209 3210 821
f 821 3210 770
f 3210 3211 770
f 770 3211 771
f 3211 3212 771
f 771 3212 772
f 3212 3213 772
f 772 3213 773
f 3213 3214 773
f 773 3214 765
f 3214 3215 765
f 765 3215 761
f 3215 3216 761
f 761 3216 763
f 3216 3217 763
f 873 2199 76
f 2199 3218 76
f 76 3218 74
f 3218 3219 74
f 74 3219 807
f 3219 3220 807
f 3220 3221 807
f 807 3221 815
f 3221 3207 815
f 815 3207 817
f 763 3217 768
f 3217 3222 768
f 768 3222 79
f 3222 3223 79
f 79 3223 77
f 3223 3224 77
f 77 3224 733
f 3224 3225 733
f 733 3225 731
f 3225 2189 731
f 858 3226 848
f 3226 3227 848
f 848 3227 793
f 3227 3228 793
f 793 3228 792
f 3228 3229 792
f 792 3229 791
f 3229 3230 791
f 791 3230 802
f 3230 3231 802
f 802 3231 803
f 3231 3232 803
f 803 3232 804
f 3232 3233 804
f 804 3233 794
f 3233 3234 794
f 794 3234 795
f 3234 3235 795
f 795 3235 797
f 3235 3236 797
f 797 3236 798
f 3236 3237 798
f 853 2188 3238
f 853 3238 857
f 3238 3226 857
f 857 3226 858
f 798 3237 800
f 3237 3239 800
f 800 3239 801
f 3239 2178 801
f 796 3240 789
f 3240 3241 789
f 789 3241 790
f 3241 3242 790
f 790 3242 840
f 3242 3243 840
f 840 3243 841
f 3243 3244 841
f 841 3244 842
f 3244 3245 842
f 842 3245 839
f 3245 3246 839
f 839 3246 838
f 3246 3247 838
f 838 3247 837
f 3247 3248 837
f 837 3248 836
f 3248 3249 836
f 836 3249 834
f 3249 3250 834
f 834 3250 832
f 3250 3251 832
f 788 2177 3252
f 788 3252 799
f 3252 3240 799
f 799 3240 796
f 832 3251 830
f 3251 3253 830
f 830 3253 828
f 3253 3254 828
f 828 3254 826
f 3254 3255 826
f 826 3255 824
f 3255 2168 824
f 762 3256 760
f 3256 3257 760
f 760 3257 767
f 3257 3258 767
f 767 3258 766
f 3258 3259 766
f 766 3259 756
f 3259 3260 756
f 756 3260 757
f 3260 3261 757
f 757 3261 758
f 3261 3262 758
f 758 3262 759
f 3262 3263 759
f 759 3263 747
f 3263 3264 747
f 747 3264 748
f 3264 3265 748
f 2167 3266 732
f 3266 734 732
f 734 3266 735
f 3266 3267 735
f 735 3267 769
f 3267 3268 769
f 769 3268 764
f 3268 3269 764
f 3269 3256 764
f 764 3256 762
f 2156 743 3270
f 743 742 3270
f 3270 742 3271
f 742 755 3271
f 3271 755 3272
f 755 753 3272
f 3272 753 3273
f 753 751 3273
f 3273 751 3274
f 751 750 3274
f 3274 750 3265
f 750 748 3265
f 366 3275 351
f 3275 3276 351
f 351 3276 352
f 3276 3277 352
f 352 3277 356
f 3277 3278 356
f 356 3278 357
f 3278 3279 357
f 357 3279 358
f 3279 3280 358
f 358 3280 359
f 3280 3281 359
f 359 3281 361
f 3281 3282 361
f 361 3282 363
f 3282 3283 363
f 363 3283 567
f 3283 3284 567
f 567 3284 582
f 3284 3285 582
f 582 3285 583
f 3285 3286 583
f 355 2155 3287
f 355 3287 365
f 3287 3275 365
f 365 3275 366
f 583 3286 585
f 3286 3288 585
f 585 3288 593
f 3288 2145 593
f 681 2121 682
f 2121 3289 682
f 682 3289 726
f 3289 3290 726
f 726 3290 727
f 3290 3291 727
f 727 3291 728
f 3291 3292 728
f 728 3292 3293
f 2133 693 3294
f 693 83 3294
f 3294 83 3295
f 83 85 3295
f 3295 85 3293
f 85 725 3293
f 3293 725 728
f 2132 704 3296
f 704 703 3296
f 3296 703 3297
f 703 1827 3297
f 3297 1827 3298
f 1827 706 3298
f 3298 706 3299
f 706 708 3299
f 3299 708 3300
f 708 710 3300
f 3300 710 3301
f 710 712 3301
f 3301 712 2144
f 712 713 2144
f 548 2108 654
f 2108 3302 654
f 654 3302 655
f 3302 3303 655
f 655 3303 664
f 3303 3304 664
f 3304 3305 664
f 664 3305 666
f 3305 2109 666
f 666 2109 668
f 692 2120 691
f 2120 3306 691
f 691 3306 686
f 3306 3307 686
f 686 3307 687
f 3307 3308 687
f 687 3308 688
f 3308 3309 688
f 688 3309 683
f 3309 3310 683
f 683 3310 680
f 3310 2097 680
f 676 2075 677
f 2075 3311 677
f 677 3311 670
f 3311 3312 670
f 3312 3313 670
f 670 3313 671
f 3313 2087 671
f 671 2087 672
f 667 2096 665
f 2096 3314 665
f 665 3314 663
f 3314 3315 663
f 663 3315 656
f 3315 3316 656
f 656 3316 549
f 3316 3317 549
f 549 3317 547
f 3317 2086 547
f 532 3318 530
f 3318 3319 530
f 530 3319 528
f 3319 3320 528
f 528 3320 522
f 3320 3321 522
f 522 3321 523
f 3321 3322 523
f 523 3322 524
f 3322 3323 524
f 524 3323 525
f 3323 3324 525
f 525 3324 641
f 3324 3325 641
f 641 3325 642
f 3325 3326 642
f 642 3326 643
f 3326 3327 643
f 643 3327 645
f 3327 3328 645
f 3329 516 3330
f 516 518 3330
f 3330 518 2074
f 3318 532 3331
f 532 512 3331
f 3331 512 3332
f 512 513 3332
f 3332 513 3329
f 513 514 3329
f 3329 514 516
f 645 3328 647
f 3328 3333 647
f 647 3333 648
f 3333 3334 648
f 648 3334 649
f 3334 3335 649
f 649 3335 650
f 3335 3336 650
f 650 3336 652
f 3336 2064 652
f 644 3337 636
f 3337 3338 636
f 636 3338 635
f 3338 3339 635
f 635 3339 634
f 3339 3340 634
f 634 3340 633
f 3340 3341 633
f 633 3341 632
f 3341 3342 632
f 632 3342 630
f 3342 3343 630
f 630 3343 637
f 3343 3344 637
f 637 3344 638
f 3344 3345 638
f 638 3345 640
f 3345 3346 640
f 640 3346 623
f 3346 3347 623
f 2063 3348 651
f 3348 622 651
f 622 3348 88
f 3348 3349 88
f 88 3349 86
f 3349 3350 86
f 86 3350 646
f 3350 3351 646
f 3351 3337 646
f 646 3337 644
f 623 3347 624
f 3347 3352 624
f 624 3352 626
f 3352 3353 626
f 626 3353 628
f 3353 3354 628
f 628 3354 629
f 3354 3355 629
f 629 3355 620
f 3355 3356 620
f 620 3356 621
f 3356 2054 621
f 579 3357 580
f 3357 3358 580
f 580 3358 581
f 3358 3359 581
f 581 3359 568
f 3359 3360 568
f 568 3360 569
f 3360 3361 569
f 569 3361 576
f 3361 3362 576
f 576 3362 575
f 3362 3363 575
f 575 3363 574
f 3363 3364 574
f 574 3364 572
f 3364 3365 572
f 572 3365 587
f 3365 3366 587
f 586 2053 3367
f 586 3367 584
f 3367 3357 584
f 584 3357 579
f 587 3366 588
f 3366 3368 588
f 588 3368 590
f 3368 3369 590
f 590 3369 503
f 3369 3370 503
f 503 3370 495
f 3370 2041 495
f 571 3371 573
f 3371 3372 573
f 573 3372 562
f 3372 3373 562
f 562 3373 561
f 3373 3374 561
f 561 3374 554
f 3374 3375 554
f 554 3375 556
f 3375 3376 556
f 556 3376 550
f 3376 3377 550
f 550 3377 541
f 3377 3378 541
f 541 3378 536
f 3378 3379 536
f 536 3379 527
f 3379 3380 527
f 527 3380 529
f 3380 3381 529
f 529 3381 531
f 3381 3382 531
f 502 2040 3383
f 3371 571 3384
f 571 570 3384
f 3384 570 3385
f 570 589 3385
f 3385 589 3386
f 589 591 3386
f 3386 591 3383
f 591 592 3383
f 3383 592 502
f 531 3382 91
f 3382 3387 91
f 91 3387 89
f 3387 3388 89
f 89 3388 515
f 3388 3389 515
f 515 3389 517
f 3389 3390 517
f 517 3390 519
f 3390 2030 519
f 415 3391 3392
f 2029 492 3393
f 492 414 3393
f 3393 414 3392
f 414 413 3392
f 3392 413 415
f 423 3394 424
f 3394 3395 424
f 424 3395 407
f 3395 3396 407
f 407 3396 408
f 3396 3397 408
f 408 3397 409
f 3397 3398 409
f 409 3398 410
f 3398 3399 410
f 410 3399 411
f 3399 3400 411
f 411 3400 412
f 3400 3401 412
f 412 3401 416
f 3401 3402 416
f 416 3402 415
f 3402 3391 415
f 420 2019 422
f 2019 3403 422
f 422 3403 423
f 3403 3394 423
f 486 3404 3405
f 486 3405 476
f 3405 2008 476
f 476 2008 477
f 488 3406 489
f 3406 3407 489
f 489 3407 490
f 3407 3408 490
f 490 3408 453
f 3408 3409 453
f 453 3409 454
f 3409 3410 454
f 454 3410 455
f 3410 3411 455
f 455 3411 456
f 3411 3412 456
f 456 3412 442
f 3412 3413 442
f 442 3413 437
f 3413 3414 437
f 437 3414 486
f 3414 3404 486
f 494 2018 487
f 2018 3415 487
f 487 3415 488
f 3415 3406 488
f 3416 387 3417
f 387 385 3417
f 3417 385 3418
f 2007 392 3419
f 392 95 3419
f 3419 95 3420
f 95 97 3420
f 3420 97 3416
f 97 296 3416
f 3416 296 387
f 312 3421 283
f 3421 3422 283
f 283 3422 282
f 3422 3423 282
f 282 3423 280
f 3423 3424 280
f 280 3424 270
f 3424 3425 270
f 270 3425 271
f 3425 3426 271
f 271 3426 272
f 3426 3427 272
f 272 3427 273
f 3427 3428 273
f 273 3428 274
f 3428 3429 274
f 274 3429 385
f 3429 3418 385
f 320 1997 318
f 1997 3430 318
f 318 3430 316
f 3430 3431 316
f 316 3431 314
f 3431 3432 314
f 314 3432 312
f 3432 3421 312
f 3433 3434 293
f 3434 294 293
f 294 3434 295
f 3434 3435 295
f 295 3435 421
f 3435 3436 421
f 3436 1986 421
f 421 1986 419
f 384 3437 287
f 3437 3438 287
f 287 3438 288
f 3438 3439 288
f 288 3439 289
f 3439 3440 289
f 289 3440 290
f 3440 3441 290
f 290 3441 291
f 3441 3442 291
f 291 3442 292
f 3442 3443 292
f 292 3443 284
f 3443 3444 284
f 284 3444 285
f 3444 3445 285
f 285 3445 286
f 3445 3446 286
f 286 3446 293
f 3446 3433 293
f 391 1996 390
f 1996 3447 390
f 390 3447 389
f 3447 3448 389
f 389 3448 388
f 3448 3449 388
f 388 3449 386
f 3449 3450 386
f 386 3450 384
f 3450 3437 384
f 133 1975 3451
f 133 3451 160
f 3451 1976 160
f 160 1976 156
f 116 1985 117
f 1985 3452 117
f 117 3452 372
f 3452 3453 372
f 372 3453 373
f 3453 1964 373
f 172 1952 3454
f 172 3454 173
f 3454 1953 173
f 173 1953 174
f 159 1963 161
f 1963 3455 161
f 161 3455 162
f 3455 1943 162
f 225 3456 240
f 3456 3457 240
f 240 3457 241
f 3457 3458 241
f 241 3458 233
f 3458 3459 233
f 3459 3460 233
f 233 3460 231
f 3460 1932 231
f 231 1932 228
f 333 3461 334
f 3461 3462 334
f 334 3462 335
f 3462 3463 335
f 335 3463 215
f 3463 3464 215
f 215 3464 216
f 3464 3465 216
f 216 3465 218
f 3465 3466 218
f 218 3466 220
f 3466 3467 220
f 220 3467 221
f 3467 3468 221
f 221 3468 204
f 3468 3469 204
f 204 3469 205
f 3469 3470 205
f 205 3470 224
f 3470 3471 224
f 224 3471 225
f 3471 3456 225
f 325 1942 327
f 1942 3472 327
f 327 3472 329
f 3472 3473 329
f 329 3473 331
f 3473 3474 331
f 331 3474 333
f 3474 3461 333
f 3475 3476 332
f 3476 330 332
f 330 3476 328
f 3476 3477 328
f 328 3477 326
f 3477 3478 326
f 3478 1921 326
f 326 1921 324
f 3475 332 3479
f 332 102 3479
f 3479 102 3480
f 102 101 3480
f 3480 101 3481
f 101 342 3481
f 3481 342 3482
f 342 341 3482
f 3482 341 3483
f 341 340 3483
f 3483 340 3484
f 340 339 3484
f 3484 339 3485
f 339 337 3485
f 3485 337 3486
f 337 336 3486
f 3486 336 3487
f 336 347 3487
f 3487 347 3488
f 347 346 3488
f 3488 346 3489
f 346 344 3489
f 3489 344 3490
f 344 350 3490
f 3490 350 3491
f 350 349 3491
f 3491 349 3492
f 349 348 3492
f 3492 348 1931
f 348 247 1931
f 3493 3494 313
f 3494 315 313
f 315 3494 317
f 3494 3495 317
f 317 3495 319
f 3495 3496 319
f 3496 1909 319
f 319 1909 321
f 277 3497 265
f 3497 3498 265
f 265 3498 266
f 3498 3499 266
f 266 3499 267
f 3499 3500 267
f 267 3500 268
f 3500 3501 268
f 268 3501 269
f 3501 3502 269
f 269 3502 278
f 3502 3503 278
f 278 3503 279
f 3503 3504 279
f 279 3504 281
f 3504 3505 281
f 281 3505 313
f 3505 3493 313
f 301 1920 302
f 1920 3506 302
f 302 3506 298
f 3506 3507 298
f 298 3507 299
f 3507 3508 299
f 299 3508 276
f 3508 3509 276
f 276 3509 277
f 3509 3497 277
f 165 3510 3511
f 165 3511 166
f 3511 1899 166
f 166 1899 167
f 127 3512 122
f 3512 3513 122
f 122 3513 124
f 3513 3514 124
f 124 3514 181
f 3514 3515 181
f 181 3515 178
f 3515 3516 178
f 178 3516 169
f 3516 3517 169
f 169 3517 170
f 3517 3518 170
f 170 3518 163
f 3518 3519 163
f 163 3519 164
f 3519 3520 164
f 164 3520 165
f 3520 3510 165
f 119 1908 126
f 1908 3521 126
f 126 3521 127
f 3521 3512 127
f 3522 3523 202
f 3523 203 202
f 203 3523 189
f 3523 3524 189
f 189 3524 243
f 3524 3525 243
f 3525 1889 243
f 243 1889 234
f 223 3526 222
f 3526 3527 222
f 222 3527 207
f 3527 3528 207
f 207 3528 211
f 3528 3529 211
f 211 3529 213
f 3529 3530 213
f 213 3530 214
f 3530 3531 214
f 214 3531 197
f 3531 3532 197
f 197 3532 198
f 3532 3533 198
f 198 3533 199
f 3533 3534 199
f 199 3534 200
f 3534 3535 200
f 200 3535 202
f 3535 3522 202
f 3526 223 3536
f 223 104 3536
f 3536 104 3537
f 104 106 3537
f 3537 106 3538
f 106 242 3538
f 3538 242 3539
f 242 232 3539
f 3539 232 1898
f 232 230 1898
f 128 3540 120
f 3540 3541 120
f 120 3541 196
f 3541 3542 196
f 3542 1879 196
f 196 1879 191
f 201 3543 157
f 3543 3544 157
f 157 3544 152
f 3544 3545 152
f 152 3545 153
f 3545 3546 153
f 153 3546 150
f 3546 3547 150
f 150 3547 148
f 3547 3548 148
f 148 3548 146
f 3548 3549 146
f 146 3549 125
f 3549 3550 125
f 125 3550 123
f 3550 3551 123
f 123 3551 121
f 3551 3552 121
f 121 3552 129
f 3552 3553 129
f 129 3553 128
f 3553 3540 128
f 188 1888 190
f 1888 3554 190
f 190 3554 201
f 3554 3543 201
f 1483 3555 1462
f 3555 3556 1462
f 1462 3556 1466
f 3556 3557 1466
f 1466 3557 1467
f 3557 3558 1467
f 1467 3558 1482
f 3558 3559 1482
f 1482 3559 1057
f 3559 3560 1057
f 1057 3560 1059
f 3560 3561 1059
f 1059 3561 1081
f 3561 3562 1081
f 1081 3562 1079
f 3562 3563 1079
f 1079 3563 1091
f 3563 3564 1091
f 1091 3564 1089
f 3564 3565 1089
f 1089 3565 1046
f 3565 3566 1046
f 1046 3566 1047
f 3566 3567 1047
f 1047 3567 1449
f 3567 3568 1449
f 1449 3568 1450
f 3568 3569 1450
f 1450 3569 1451
f 3569 3570 1451
f 1451 3570 1452
f 3570 3571 1452
f 1452 3571 1453
f 3571 3572 1453
f 1453 3572 1454
f 3572 3573 1454
f 1454 3573 1456
f 3573 3574 1456
f 1456 3574 1483
f 3574 3555 1483
f 1870 1878 3575
f 3576 300 297
f 246 248 3577
f 1385 1143 3578
f 3576 297 3577
f 297 275 3577
f 3577 275 246
f 1385 3578 1522
f 1143 1142 3578
f 1142 1129 3578
f 3578 1129 3575
f 1129 1131 3575
f 3575 1131 1870
f 248 343 3577
f 343 345 3577
f 3577 345 3578
f 345 1529 3578
f 3578 1529 1522
f 42 3579 43
f 3579 3580 43
f 43 3580 1871
f 1876 1875 3581
f 3580 3582 1871
f 3582 3583 1871
f 1871 3583 1872
f 3583 3584 1872
f 1872 3584 1873
f 3584 3581 1873
f 1873 3581 1874
f 3581 1875 1874
f 3581 3585 1876
f 3585 3586 1876
f 1876 3586 1877
f 3586 3587 1877
f 3575 1878 3588
f 1878 1877 3588
f 3588 1877 3589
f 1877 3587 3589
f 3579 42 41
f 3590 1851 1852
f 1861 3591 1854
f 3591 3590 1854
f 1854 3590 1853
f 3590 1852 1853
f 3592 1857 1858
f 3592 1863 3590
f 1863 1850 3590
f 3590 1850 1851
f 41 1867 3579
f 1867 1855 3579
f 3579 1855 3592
f 1855 1856 3592
f 3592 1856 1857
f 1858 1859 3592
f 1859 1865 3592
f 3592 1865 1863
f 3591 1861 3593
f 1861 1860 3593
f 3593 1860 3594
f 1860 744 3594
f 3594 744 3595
f 744 738 3595
f 3595 738 3596
f 738 931 3596
f 3596 931 3597
f 300 3576 3598
f 931 933 3597
f 933 935 3597
f 3597 935 3599
f 935 928 3599
f 300 3598 305
f 3598 3600 305
f 3600 3601 305
f 305 3601 928
f 3601 3602 928
f 928 3602 3599
f 3447 3603 3448
f 3352 3604 3353
f 3332 3605 3331
f 3334 3606 3335
f 3295 3607 3294
f 3267 3608 3268
f 3205 3609 3206
f 2264 2228 2227
f 2253 2250 2251
f 3048 3097 3098
f 2976 3610 2977
f 2952 3611 2953
f 2475 2474 3612
f 2890 3613 2891
f 2850 3614 2851
f 2815 3615 2814
f 2773 3616 2774
f 2576 2575 2705
f 2455 2454 3617
f 2635 2632 2633
f 2655 2654 3618
f 2470 2469 3617
f 2469 2468 3617
f 3617 2468 2467
f 2722 2721 3619
f 2592 2464 2593
f 2464 2463 2593
f 2607 2727 2703
f 2727 2726 2703
f 2703 2726 2704
f 2746 2745 3560
f 2745 2744 3560
f 3560 2744 3620
f 2744 2743 3620
f 3620 2743 2742
f 2742 2741 3620
f 2741 2740 3620
f 3620 2740 2739
f 2721 3574 3573
f 2726 2725 2704
f 2725 2724 2704
f 2704 2724 3619
f 2724 2723 3619
f 3619 2723 2722
f 2735 2734 3556
f 3617 2713 2712
f 2739 2738 2928
f 3560 3559 2746
f 3559 3558 2746
f 2746 3558 2734
f 3558 3557 2734
f 2734 3557 3556
f 2718 2592 2591
f 2730 2590 2731
f 2590 2589 2731
f 2731 2589 2732
f 2605 2719 2729
f 2719 2718 2729
f 2729 2718 2730
f 2718 2591 2730
f 2730 2591 2590
f 2732 2589 2733
f 2589 2588 2733
f 2733 2588 2734
f 2588 2587 2734
f 2587 2586 2734
f 2734 2586 2585
f 2592 2718 2464
f 2718 2717 2464
f 2464 2717 2465
f 2717 2716 2465
f 2465 2716 2466
f 2716 2715 2466
f 2466 2715 2467
f 2467 2715 3617
f 2715 2714 3617
f 3617 2714 2713
f 2721 2720 3574
f 2720 2600 3574
f 3574 2600 3555
f 2600 2599 3555
f 3555 2599 3556
f 2599 2598 3556
f 3556 2598 2735
f 2712 2604 3617
f 2604 2603 3617
f 3617 2603 3621
f 2738 2747 2928
f 2747 2594 2928
f 2928 2594 2461
f 2594 2593 2461
f 2461 2593 2462
f 2593 2463 2462
f 2729 2728 2605
f 2728 2597 2605
f 2605 2597 2606
f 2597 2596 2606
f 2606 2596 2607
f 2596 2595 2607
f 2607 2595 2727
f 2585 2737 2734
f 2737 2736 2734
f 2734 2736 2746
f 2307 2306 3622
f 2307 3622 3092
f 3622 3623 3092
f 3092 3623 3093
f 3573 3572 2721
f 3572 3571 2721
f 2721 3571 3619
f 3571 3570 3619
f 3619 3570 3569
f 3010 3622 3011
f 3622 3012 3011
f 3568 3567 2315
f 3567 3566 2315
f 2315 3566 2316
f 3566 2317 2316
f 2300 3017 3016
f 2314 3619 2315
f 3619 3569 2315
f 2315 3569 3568
f 2314 2313 3619
f 2313 2312 3619
f 3619 2312 2295
f 3007 3006 2300
f 3006 3018 2300
f 2300 3018 3017
f 2425 2424 3620
f 2424 2423 3620
f 3620 2423 3560
f 2423 2422 3560
f 3560 2422 3561
f 2422 2421 3561
f 2999 2300 3000
f 2300 2299 3000
f 3000 2299 2298
f 3014 3013 2303
f 3013 3012 2303
f 2303 3012 2304
f 3012 3622 2304
f 2304 3622 2305
f 3622 2306 2305
f 3014 2303 3015
f 2303 2302 3015
f 3015 2302 3016
f 2302 2301 3016
f 3016 2301 2300
f 3002 2320 3003
f 2320 2319 3003
f 3003 2319 3004
f 2312 2311 2295
f 2311 2310 2295
f 2295 2310 2296
f 2310 2297 2296
f 2317 3566 3089
f 3566 3565 3089
f 3089 3565 2318
f 3565 3564 2318
f 2318 3564 2319
f 3564 3563 2319
f 2319 3563 3004
f 3001 2322 3002
f 2322 2321 3002
f 3002 2321 2320
f 2999 2998 2300
f 2998 2997 2300
f 2300 2997 3007
f 2997 2996 3007
f 3007 2996 3005
f 3005 2428 3007
f 2428 2427 3007
f 3007 2427 3620
f 2427 2426 3620
f 3620 2426 2425
f 2421 2420 3561
f 2420 2419 3561
f 3561 2419 3562
f 2419 2995 3562
f 3562 2995 3563
f 2995 2994 3563
f 3563 2994 3004
f 2310 2309 2297
f 2309 2308 2297
f 2297 2308 3091
f 2308 3090 3091
f 3091 3090 2298
f 3090 2328 2298
f 2298 2328 2327
f 2327 2326 2298
f 2326 2325 2298
f 2298 2325 3000
f 2325 2324 3000
f 3000 2324 3001
f 2324 2323 3001
f 3001 2323 2322
f 2632 2635 2631
f 2635 2634 2631
f 2631 2634 2667
f 2684 2683 3612
f 2683 2682 3612
f 3612 2682 2681
f 2681 2680 3612
f 2680 2679 3612
f 3612 2679 3624
f 2679 2678 3624
f 2678 2677 3624
f 3624 2677 2626
f 3612 2485 2486
f 2455 3617 2456
f 2459 2493 2460
f 2493 2494 2460
f 2460 2494 2895
f 2486 2487 3612
f 2487 2657 3612
f 3612 2657 2684
f 2657 2656 2684
f 2684 2656 2627
f 2656 2640 2627
f 2627 2640 2628
f 2640 2639 2628
f 2628 2639 2629
f 2639 2638 2629
f 2629 2638 2630
f 2638 2637 2630
f 2630 2637 2633
f 2637 2636 2633
f 2633 2636 2635
f 2663 2458 2664
f 2458 2457 2664
f 2664 2457 2665
f 2663 2662 2458
f 2662 2661 2458
f 2458 2661 2660
f 2487 2488 2657
f 2488 2489 2657
f 2657 2489 2658
f 2658 2489 2659
f 2489 2490 2659
f 2659 2490 2491
f 2660 2659 2458
f 2659 2491 2458
f 2458 2491 2459
f 2491 2492 2459
f 2459 2492 2493
f 3621 2702 3617
f 2702 2701 3617
f 3617 2701 2700
f 2614 2615 3621
f 2615 2616 3621
f 3621 2616 2702
f 2700 2699 3617
f 2699 2698 3617
f 3617 2698 2697
f 2457 2456 2665
f 2456 3617 2665
f 2665 3617 2666
f 3617 2697 2666
f 2666 2697 2696
f 2696 2695 2666
f 2695 2694 2666
f 2666 2694 2643
f 2694 2613 2643
f 2643 2613 2642
f 2613 2612 2642
f 2642 2612 2641
f 2612 2611 2641
f 2641 2611 2646
f 2611 2610 2646
f 2646 2610 2609
f 2689 2688 2502
f 2693 2647 2608
f 2647 2644 2608
f 2608 2644 2609
f 2644 2645 2609
f 2609 2645 2646
f 2654 2653 3618
f 2653 2652 3618
f 3618 2652 2651
f 2497 2651 2650
f 2687 2686 3625
f 2500 2499 2690
f 2689 2502 2690
f 2502 2501 2690
f 2690 2501 2500
f 2499 2498 2690
f 2498 2497 2690
f 2690 2497 2691
f 2497 2650 2691
f 2691 2650 2692
f 2650 2649 2692
f 2692 2649 2693
f 2649 2648 2693
f 2693 2648 2647
f 2619 2676 3626
f 2619 3626 2620
f 3618 3627 2669
f 2634 2655 2667
f 2655 3618 2667
f 2667 3618 2668
f 3618 2669 2668
f 2676 2675 3626
f 2675 2674 3626
f 3626 2674 3627
f 2674 2673 3627
f 3627 2673 2672
f 2672 2671 3627
f 2671 2670 3627
f 3627 2670 2669
f 2622 3628 2623
f 3628 3629 2623
f 2623 3629 2624
f 3629 3630 2624
f 2624 3630 2625
f 3630 2626 2625
f 2686 2685 3625
f 2685 2617 3625
f 3625 2617 3621
f 2617 2618 3621
f 3621 2618 2614
f 2705 2575 2706
f 2603 2602 3621
f 2602 2601 3621
f 3621 2601 3625
f 2601 2711 3625
f 3625 2711 2710
f 2583 2582 3619
f 2710 2709 3625
f 2709 2708 3625
f 3625 2708 2575
f 2708 2707 2575
f 2575 2707 2706
f 2750 2749 3619
f 2749 2748 3619
f 3619 2582 2704
f 2582 2581 2704
f 2704 2581 2580
f 2580 2579 2704
f 2579 2578 2704
f 2704 2578 2705
f 2578 2577 2705
f 2705 2577 2576
f 2748 2759 3619
f 2759 2584 3619
f 3619 2584 2583
f 2517 2516 2575
f 2750 3631 2751
f 3631 2752 2751
f 2512 2511 3625
f 2511 2510 3625
f 2858 2757 2859
f 2757 2756 2859
f 2859 2756 2860
f 2756 3632 2860
f 2860 3632 2861
f 2756 2755 3632
f 2755 2754 3632
f 3632 2754 3631
f 2754 2753 3631
f 3631 2753 2752
f 2575 2574 2517
f 2574 2573 2517
f 2517 2573 2870
f 2573 2760 2870
f 2870 2760 2858
f 2760 2758 2858
f 2858 2758 2757
f 2516 2515 2575
f 2515 2514 2575
f 2575 2514 3625
f 2514 2513 3625
f 3625 2513 2512
f 2688 2687 2502
f 2687 3625 2502
f 2502 3625 2503
f 3625 2510 2503
f 2503 2510 2504
f 2884 2507 2509
f 2507 2506 2509
f 2509 2506 2510
f 2506 2505 2510
f 2510 2505 2504
f 2776 2771 3633
f 2771 2770 3633
f 2770 2769 3633
f 3633 2769 3634
f 2769 2768 3634
f 3634 2768 2767
f 2767 2766 3634
f 2766 2765 3634
f 3634 2765 3635
f 2765 2764 3635
f 2567 2566 3636
f 2566 2565 3636
f 2571 2570 3637
f 2570 2569 3637
f 3637 2569 2568
f 2550 2549 3637
f 2549 2548 3637
f 3637 2548 2547
f 2544 2571 2545
f 2571 3637 2545
f 2545 3637 2546
f 3637 2547 2546
f 2565 2564 3636
f 2564 2563 3636
f 3636 2563 3638
f 2777 3639 2778
f 3639 3640 2778
f 2778 3640 2779
f 3640 3638 2779
f 2779 3638 2780
f 3638 2563 2780
f 2544 2543 2571
f 2543 2542 2571
f 2571 2542 2572
f 2542 2541 2572
f 2572 2541 2772
f 2541 2819 2772
f 2772 2819 2818
f 2764 2763 3635
f 2763 2762 3635
f 3635 2762 2810
f 2810 2762 2811
f 2762 2761 2811
f 2811 2761 2816
f 2761 2775 2816
f 2775 2774 2816
f 2816 2774 2817
f 2774 3616 2817
f 2817 3616 2818
f 3616 2773 2818
f 2818 2773 2772
f 2791 2804 2803
f 2810 2809 3635
f 2809 2808 3635
f 3635 2808 3641
f 2808 2807 3641
f 3641 2807 2806
f 2791 2790 2804
f 2790 3641 2804
f 2804 3641 2805
f 3641 2806 2805
f 2550 2556 2555
f 2390 2389 3642
f 2389 2561 3642
f 3642 2561 2560
f 2560 2559 3642
f 2559 2558 3642
f 3642 2558 2557
f 2389 2388 2561
f 2388 2387 2561
f 2561 2387 2562
f 2387 2386 2562
f 2562 2386 2793
f 2386 2385 2793
f 2793 2385 2796
f 2803 2802 2791
f 2802 2801 2791
f 2791 2801 2792
f 2801 2814 2792
f 2792 2814 2797
f 2814 3615 2797
f 2797 3615 2798
f 3615 2815 2798
f 2798 2815 2812
f 2555 2554 2550
f 2554 2553 2550
f 2550 2553 2551
f 2553 2552 2551
f 2551 2552 2813
f 2552 2800 2813
f 2813 2800 2812
f 2800 2799 2812
f 2812 2799 2798
f 2385 3045 2796
f 3045 3046 2796
f 2796 3046 2795
f 3046 3047 2795
f 2795 3047 2794
f 3047 3043 2794
f 2794 3043 2781
f 3043 3042 2781
f 2781 3042 2782
f 2785 2784 3643
f 2784 2783 3643
f 3631 2406 2405
f 2782 3042 2783
f 3042 3041 2783
f 2783 3041 3643
f 3041 3040 3643
f 3643 3040 3039
f 2396 2395 2400
f 3039 3038 3643
f 3038 3037 3643
f 3643 3037 3029
f 2405 2404 3631
f 2404 2403 3631
f 3631 2403 3632
f 2403 2402 3632
f 3632 2402 2401
f 2396 2400 2397
f 3037 3036 3029
f 3036 3035 3029
f 3029 3035 3030
f 3035 3034 3030
f 2400 2399 2397
f 2399 2398 2397
f 2397 2398 3044
f 2398 3033 3044
f 3044 3033 3034
f 3033 3031 3034
f 3034 3031 3030
f 2365 2364 3641
f 2787 2371 2788
f 2371 2370 2788
f 2788 2370 2789
f 2266 2267 3643
f 2267 2268 3643
f 3643 2268 2785
f 2268 2269 2785
f 2785 2269 2786
f 2269 2270 2786
f 2786 2270 2787
f 3097 3048 2276
f 3048 2372 2276
f 2276 2372 2275
f 2270 2271 2787
f 2271 2272 2787
f 2787 2272 2273
f 2370 2369 2789
f 2369 2368 2789
f 2789 2368 2790
f 2368 2367 2790
f 2790 2367 3641
f 2367 2366 3641
f 3641 2366 2365
f 2372 2371 2275
f 2371 2787 2275
f 2275 2787 2274
f 2787 2273 2274
f 3644 2856 2857
f 3644 2857 3636
f 2857 2848 3636
f 2848 2847 3636
f 3636 2847 2846
f 2826 2825 3637
f 2846 2845 3636
f 2845 2844 3636
f 3636 2844 2843
f 2827 2843 2828
f 2843 2842 2828
f 2828 2842 2829
f 2825 2824 3637
f 2824 2823 3637
f 3637 2823 2822
f 2851 3614 2852
f 2827 2826 2843
f 2826 3637 2843
f 2843 3637 3636
f 3637 2568 3636
f 3636 2568 2567
f 2842 2841 2829
f 2841 2840 2829
f 2829 2840 2830
f 2840 2839 2830
f 2830 2839 2835
f 2839 2852 2835
f 2835 2852 2836
f 2852 3614 2836
f 2836 3614 2837
f 3614 2850 2837
f 2837 2850 2838
f 2850 2849 2838
f 2838 2849 2529
f 2849 2528 2529
f 2529 2528 2530
f 2528 2527 2530
f 2530 2527 2531
f 2536 2535 3618
f 2891 3613 2495
f 2535 2534 3618
f 2534 2533 3618
f 3618 2533 3627
f 2533 2532 3627
f 3627 2532 2531
f 2651 2497 3618
f 2497 2537 3618
f 3618 2537 2536
f 2831 2540 2496
f 2540 2539 2496
f 2496 2539 2497
f 2539 2538 2497
f 2497 2538 2537
f 3642 2878 2877
f 2877 2876 2868
f 2876 2875 2868
f 2868 2875 2869
f 2875 2874 2869
f 2869 2874 2873
f 2879 2878 3637
f 2878 3642 3637
f 3637 3642 2550
f 3642 2557 2550
f 2550 2557 2556
f 2496 2495 2831
f 2495 3613 2831
f 2831 3613 2832
f 3613 2890 2832
f 2832 2890 2833
f 2890 2889 2833
f 2833 2889 2834
f 2889 2888 2834
f 2834 2888 2820
f 2888 2883 2820
f 2820 2883 2821
f 2883 2882 2821
f 2821 2882 2822
f 2882 2881 2822
f 2822 2881 3637
f 2881 2880 3637
f 3637 2880 2879
f 2856 3644 2855
f 3644 3645 2855
f 2855 3645 2854
f 3626 2521 2520
f 2531 2527 3627
f 2527 2526 3627
f 3627 2526 2525
f 2525 2524 3627
f 2524 2523 3627
f 3627 2523 3626
f 2523 2522 3626
f 3626 2522 2521
f 2520 2519 3646
f 2519 2518 3646
f 3646 2518 3647
f 2518 2853 3647
f 3647 2853 2854
f 2509 2508 2884
f 2508 2871 2884
f 2884 2871 2885
f 2871 2872 2885
f 2885 2872 2886
f 2872 2873 2886
f 2886 2873 2887
f 2873 2874 2887
f 2868 2867 2877
f 2867 2866 2877
f 2877 2866 3642
f 2866 2865 3642
f 2865 2864 3642
f 2864 2863 3642
f 3642 2863 3632
f 2863 2862 3632
f 3632 2862 2861
f 2901 2900 3648
f 2941 2940 3649
f 2940 2939 3649
f 3649 2939 2951
f 2951 2950 3649
f 2950 2949 3649
f 3649 2949 2948
f 3648 2900 2918
f 2901 3648 2902
f 3648 3649 2902
f 2902 3649 2903
f 2948 2947 3649
f 2947 2904 3649
f 3649 2904 2903
f 2918 2917 3648
f 2917 2916 3648
f 3648 2916 2915
f 2915 2914 3648
f 2914 2913 3648
f 3648 2913 3650
f 2947 2946 2904
f 2946 2945 2904
f 2904 2945 2905
f 2945 2944 2905
f 2905 2944 2894
f 2944 2943 2894
f 2894 2943 2893
f 2943 2955 2893
f 2893 2955 2892
f 2955 2954 2892
f 2954 2953 2892
f 2892 2953 2896
f 2953 3611 2896
f 2896 3611 2895
f 3611 2952 2895
f 2895 2952 2460
f 3612 2474 2485
f 2474 2473 2485
f 2485 2473 2484
f 2473 2472 2484
f 2484 2472 2906
f 2472 2912 2906
f 2906 2912 2907
f 2912 2911 2907
f 2907 2911 2908
f 2911 2910 2908
f 2908 2910 2897
f 2910 2909 2897
f 2897 2909 2898
f 2909 2921 2898
f 2898 2921 2899
f 2921 2920 2899
f 2899 2920 2900
f 2920 2919 2900
f 2900 2919 2918
f 3651 2922 3652
f 2922 2483 3652
f 3652 2483 2482
f 2482 2481 3624
f 2481 2480 3624
f 3624 2480 2479
f 2479 2478 3624
f 2478 2477 3624
f 3624 2477 3612
f 2477 2476 3612
f 3612 2476 2475
f 2913 2925 3650
f 2925 2924 3650
f 3650 2924 3651
f 2924 2923 3651
f 3651 2923 2922
f 2926 2937 3620
f 2932 2931 3649
f 2932 3649 2933
f 2739 2928 3620
f 2928 2927 3620
f 3620 2927 2926
f 2937 2936 3620
f 2936 2935 3620
f 3620 2935 3649
f 2935 2934 3649
f 3649 2934 2933
f 2931 2930 3649
f 2930 2929 3649
f 3649 2929 2941
f 2929 2938 2941
f 2454 2453 3617
f 2453 2452 3617
f 3617 2452 2470
f 2452 2451 2470
f 2470 2451 2471
f 2451 2450 2471
f 2471 2450 2938
f 2450 2942 2938
f 2938 2942 2941
f 2338 3648 3088
f 3648 3653 3088
f 2338 2337 3648
f 2337 2336 3648
f 3648 2336 2335
f 2432 2448 2433
f 2448 2447 2433
f 3649 2442 2441
f 2977 3610 2978
f 2335 2334 3648
f 2334 2333 3648
f 3648 2333 3649
f 2333 2332 3649
f 2441 2440 3649
f 2440 2959 3649
f 3649 2959 2958
f 2432 2431 2448
f 2431 2430 2448
f 2448 2430 2449
f 2430 2429 2449
f 2449 2429 2971
f 2429 2979 2971
f 2971 2979 2972
f 2979 2978 2972
f 2972 2978 2973
f 2978 3610 2973
f 2445 2444 3649
f 2444 2443 3649
f 3649 2443 2442
f 2331 2330 2434
f 2447 2446 2433
f 2446 2445 2433
f 2433 2445 2434
f 2445 3649 2434
f 2434 3649 2331
f 3649 2332 2331
f 2437 2436 2330
f 2436 2435 2330
f 2330 2435 2434
f 3654 2381 2380
f 2962 2377 2963
f 2377 2376 2963
f 2963 2376 2964
f 2376 2375 2964
f 2964 2375 2965
f 2375 2966 2965
f 2380 2379 3654
f 2379 2982 3654
f 3654 2982 2981
f 2377 2988 2378
f 2988 2987 2378
f 2378 2987 2379
f 2987 2986 2379
f 2379 2986 2985
f 2985 2984 2379
f 2984 2983 2379
f 2379 2983 2982
f 2962 2961 2377
f 2961 2960 2377
f 2377 2960 3610
f 2960 2974 3610
f 3610 2974 2973
f 2976 2975 3610
f 2975 2990 3610
f 3610 2990 2377
f 2990 2989 2377
f 2377 2989 2988
f 3622 2968 2967
f 3649 2416 2415
f 2968 3622 2969
f 3622 3010 2969
f 2969 3010 2970
f 2415 2414 3649
f 2414 2413 3649
f 3649 2413 3620
f 2413 2412 3620
f 3620 2412 2411
f 2970 3010 2956
f 3010 3009 2956
f 2956 3009 2957
f 3009 3019 2957
f 2957 3019 2958
f 3019 2418 2958
f 2958 2418 3649
f 2418 2417 3649
f 3649 2417 2416
f 3008 3007 2409
f 3007 3620 2409
f 2409 3620 2410
f 3620 2411 2410
f 3083 3654 3084
f 3654 2981 3084
f 3084 2981 3070
f 2981 2980 3070
f 3070 2980 3071
f 2980 2993 3071
f 3071 2993 3072
f 2993 2992 3072
f 3072 2992 3073
f 2992 2991 3073
f 3073 2991 2329
f 2991 2439 2329
f 2329 2439 2330
f 2439 2438 2330
f 2330 2438 2437
f 2750 3619 3631
f 3619 2407 3631
f 3631 2407 2406
f 3029 2294 2293
f 3025 3024 2295
f 3029 3028 2294
f 3028 3027 2294
f 2294 3027 2295
f 3027 3026 2295
f 2295 3026 3025
f 2290 3643 2291
f 3643 3029 2291
f 2291 3029 2292
f 3029 2293 2292
f 2290 2289 3643
f 2289 2288 3643
f 3643 2288 3623
f 2288 2287 3623
f 3623 2287 3093
f 3024 3023 2295
f 3023 3022 2295
f 2295 3022 3619
f 3022 3021 3619
f 3619 3021 3020
f 3020 3032 3619
f 3032 2408 3619
f 3619 2408 2407
f 2394 3632 2395
f 3632 2401 2395
f 2395 2401 2400
f 2394 2393 3632
f 2393 2392 3632
f 3632 2392 3642
f 2392 2391 3642
f 3642 2391 2390
f 2381 3654 2382
f 3654 2353 2382
f 2382 2353 2383
f 2353 2352 2383
f 2383 2352 2384
f 2352 2351 2384
f 2351 3062 2384
f 2384 3062 3056
f 3056 3655 3055
f 3655 3656 3055
f 3055 3656 3054
f 3054 3656 3053
f 3656 3657 3053
f 3053 3657 3052
f 2340 2363 2339
f 2363 2362 2339
f 2339 2362 3057
f 2284 2283 2375
f 2283 3622 2375
f 2375 3622 2966
f 3622 2967 2966
f 2283 2282 3622
f 2282 2281 3622
f 3622 2281 2280
f 2280 2279 3622
f 2279 2278 3622
f 3622 2278 3623
f 2278 2277 3623
f 3623 2277 3096
f 2284 2375 2285
f 2375 2374 2285
f 2285 2374 2286
f 2374 2373 2286
f 2286 2373 3100
f 2373 3051 3100
f 3100 3051 3099
f 3051 3050 3099
f 3099 3050 3098
f 3050 3049 3098
f 3098 3049 3048
f 3658 3069 3659
f 3069 2361 3659
f 3659 2361 2360
f 2359 2358 3660
f 2358 2357 3660
f 2357 2356 3660
f 2356 2355 3660
f 3660 2355 3654
f 2355 2354 3654
f 3654 2354 2353
f 3661 3065 3662
f 3065 3066 3662
f 3662 3066 3663
f 3066 3067 3663
f 3663 3067 3658
f 3067 3068 3658
f 3658 3068 3069
f 2347 2348 3664
f 2346 3634 2345
f 3634 2344 2345
f 2348 2349 3664
f 2349 2350 3664
f 3664 2350 3661
f 2350 3064 3661
f 3661 3064 3065
f 2344 3634 2343
f 3634 3635 2343
f 2343 3635 2342
f 2342 3635 2341
f 3635 3641 2341
f 2341 3641 2340
f 3641 2364 2340
f 2340 2364 2363
f 3060 3059 3656
f 3059 3058 3656
f 3656 3058 3657
f 3058 3057 3657
f 3657 3057 3052
f 3057 2362 3052
f 3056 3062 3655
f 3062 3063 3655
f 3655 3063 3656
f 3063 3061 3656
f 3656 3061 3060
f 3665 3086 3653
f 3086 3087 3653
f 3653 3087 3088
f 3660 3079 3078
f 3078 3077 3660
f 3077 3076 3660
f 3660 3076 3666
f 3076 3075 3666
f 3075 3074 3666
f 3666 3074 3665
f 3074 3085 3665
f 3665 3085 3086
f 3083 3082 3654
f 3082 3081 3654
f 3654 3081 3660
f 3081 3080 3660
f 3660 3080 3079
f 3096 3095 3623
f 3095 3094 3623
f 3623 3094 3643
f 3094 2265 3643
f 3643 2265 2266
f 2020 2021 3667
f 2021 2022 3667
f 2225 3180 3156
f 3180 3179 3156
f 3156 3179 3157
f 3179 3178 3157
f 3157 3178 3177
f 3414 12 10
f 3165 2222 3667
f 3188 6 4
f 3171 2016 3172
f 2016 2015 3172
f 3172 2015 2223
f 3167 3166 2024
f 3177 3176 3668
f 3176 3175 3668
f 3668 3175 3174
f 3174 40 38
f 3166 3165 2024
f 3165 3667 2024
f 2024 3667 2023
f 3667 2022 2023
f 3188 3187 6
f 3187 3414 6
f 6 3414 8
f 3414 10 8
f 3182 2223 3183
f 2223 2015 3183
f 3183 2015 3184
f 2015 2014 3184
f 3184 2014 3185
f 3182 3181 2223
f 3181 2215 2223
f 2223 2215 2224
f 2215 2214 2224
f 2224 2214 2225
f 2214 2213 2225
f 2225 2213 3180
f 3414 3413 12
f 3413 3412 12
f 12 3412 3669
f 3412 3411 3669
f 3669 3411 3410
f 3174 3173 40
f 3173 2218 40
f 40 2218 2
f 2218 2217 2
f 2 2217 4
f 2217 2216 4
f 4 2216 3188
f 3186 2010 3187
f 2010 2009 3187
f 3187 2009 2008
f 2014 2013 3185
f 2013 2012 3185
f 3185 2012 3186
f 2012 2011 3186
f 3186 2011 2010
f 2008 3405 3187
f 3405 3404 3187
f 3187 3404 3414
f 3410 3409 3669
f 3409 3408 3669
f 3669 3408 3407
f 3407 3406 3393
f 3406 3415 3393
f 3415 2018 3393
f 3393 2018 2029
f 2018 2017 2029
f 2029 2017 2028
f 2017 2016 2028
f 2028 2016 2027
f 2016 3171 2027
f 2027 3171 2026
f 3171 3170 2026
f 2026 3170 2025
f 3170 3169 2025
f 2025 3169 2024
f 3169 3168 2024
f 2024 3168 3167
f 1985 1984 3670
f 1985 3670 3452
f 3670 3671 3452
f 3452 3671 3453
f 1979 1978 3541
f 1905 1904 3669
f 1904 1903 3669
f 3669 1903 12
f 38 36 3174
f 36 34 3174
f 3174 34 3668
f 34 32 3668
f 3668 32 30
f 1903 1902 12
f 1902 1901 12
f 12 1901 14
f 28 26 1950
f 26 24 1950
f 1950 24 1951
f 24 1952 1951
f 1949 3668 1950
f 3668 30 1950
f 1950 30 28
f 3515 1978 3516
f 1978 1977 3516
f 3516 1977 1976
f 1984 1983 3670
f 1983 1982 3670
f 3670 1982 1981
f 3552 3551 1979
f 3551 3550 1979
f 1979 3550 1980
f 3550 3549 1980
f 1980 3549 1981
f 3549 3548 1981
f 1981 3548 3547
f 1949 1948 3668
f 1948 1947 3668
f 3668 1947 1973
f 3541 3540 1979
f 3540 3553 1979
f 1979 3553 3552
f 3518 1955 3519
f 1955 1954 3519
f 3519 1954 3520
f 3517 1957 3518
f 1957 1956 3518
f 3518 1956 1955
f 1947 1946 1973
f 1946 1945 1973
f 1973 1945 1974
f 1945 1975 1974
f 3515 3514 1978
f 3514 3513 1978
f 1978 3513 3541
f 3513 3512 3541
f 3541 3512 3521
f 3521 1908 3541
f 1908 1907 3541
f 3541 1907 3669
f 1907 1906 3669
f 3669 1906 1905
f 1952 24 3454
f 24 22 3454
f 3454 22 1953
f 22 20 1953
f 1953 20 1954
f 20 18 1954
f 1954 18 3520
f 1901 1900 14
f 1900 1899 14
f 14 1899 16
f 1899 3511 16
f 16 3511 18
f 3511 3510 18
f 18 3510 3520
f 1945 1944 1975
f 1944 1943 1975
f 1975 1943 3451
f 1943 3455 3451
f 3451 3455 1976
f 3455 1963 1976
f 1976 1963 1962
f 1962 1961 1976
f 1961 1960 1976
f 1976 1960 3516
f 1960 1959 3516
f 3516 1959 3517
f 1959 1958 3517
f 3517 1958 1957
f 2250 2253 2249
f 2253 2252 2249
f 2249 2252 3121
f 3138 3137 3672
f 3137 3136 3672
f 3672 3136 3135
f 3135 3134 3672
f 3134 3133 3672
f 3672 3133 3673
f 3133 3132 3673
f 3673 3132 3674
f 3132 3131 3674
f 3674 3131 2244
f 3672 1998 1999
f 1995 2006 1996
f 2006 2007 1996
f 1996 2007 3419
f 1999 2000 3672
f 2000 3111 3672
f 3672 3111 3138
f 3111 3110 3138
f 3138 3110 2245
f 3110 2258 2245
f 2245 2258 2246
f 2258 2257 2246
f 2246 2257 2247
f 2257 2256 2247
f 2247 2256 2248
f 2256 2255 2248
f 2248 2255 2251
f 2255 2254 2251
f 2251 2254 2253
f 3117 1994 3118
f 1994 1993 3118
f 3118 1993 3119
f 1993 1992 3119
f 3119 1992 3667
f 1992 1991 3667
f 3667 1991 1990
f 3117 3116 1994
f 3116 3115 1994
f 1994 3115 3114
f 2000 2001 3111
f 2001 2002 3111
f 3111 2002 3112
f 3112 2002 3113
f 2002 2003 3113
f 3113 2003 2004
f 3114 3113 1994
f 3113 2004 1994
f 1994 2004 1995
f 2004 2005 1995
f 1995 2005 2006
f 3154 3153 3667
f 3154 3667 3155
f 3119 3149 3148
f 2222 2221 3667
f 2221 3675 3667
f 3667 3675 3155
f 3153 3152 3667
f 3152 3151 3667
f 3667 3151 3119
f 3151 3150 3119
f 3119 3150 3149
f 2232 2233 3675
f 2233 2234 3675
f 3675 2234 3155
f 2228 2264 2229
f 2264 2259 2229
f 2229 2259 2230
f 2259 2260 2230
f 2230 2260 2231
f 2260 2261 2231
f 2231 2261 3148
f 2261 3120 3148
f 3148 3120 3119
f 3143 3142 2207
f 3147 3101 2226
f 3101 2262 2226
f 2226 2262 2227
f 2262 2263 2227
f 2227 2263 2264
f 3109 3108 3676
f 3108 3107 3676
f 3676 3107 3106
f 3141 3140 3677
f 2202 3105 3104
f 3144 2202 3145
f 2202 3104 3145
f 3145 3104 3146
f 3104 3103 3146
f 3146 3103 3147
f 3103 3102 3147
f 3147 3102 3101
f 2205 2204 3144
f 2204 2203 3144
f 3144 2203 2202
f 3143 2207 3144
f 2207 2206 3144
f 3144 2206 2205
f 2237 3130 3678
f 2237 3678 2238
f 3676 3679 3123
f 3130 3129 3678
f 3129 3128 3678
f 3678 3128 3679
f 3128 3127 3679
f 3679 3127 3126
f 2252 3109 3121
f 3109 3676 3121
f 3121 3676 3122
f 3676 3123 3122
f 3126 3125 3679
f 3125 3124 3679
f 3679 3124 3123
f 3678 3680 2238
f 3680 3681 2238
f 2238 3681 2239
f 2244 2243 3674
f 2243 2242 3674
f 3674 2242 3682
f 2242 2241 3682
f 3682 2241 3681
f 2241 2240 3681
f 3681 2240 2239
f 3140 3139 3677
f 3139 2235 3677
f 3677 2235 3675
f 2235 2236 3675
f 3675 2236 2232
f 3159 3158 2181
f 2221 2220 3675
f 2220 2219 3675
f 3675 2219 3677
f 2219 3164 3677
f 3677 3164 3163
f 3668 2187 2186
f 3163 3162 3677
f 3162 3161 3677
f 3677 3161 2181
f 3161 3160 2181
f 2181 3160 3159
f 3228 3227 3668
f 3227 3226 3668
f 3177 3668 3157
f 3668 2186 3157
f 3157 2186 2185
f 3226 3238 3668
f 3238 2188 3668
f 3668 2188 2187
f 2185 2184 3157
f 2184 2183 3157
f 3157 2183 3158
f 2183 2182 3158
f 3158 2182 2181
f 3218 3609 3219
f 3609 3205 3219
f 3219 3205 3220
f 3205 3204 3220
f 3220 3204 3221
f 3204 3203 3221
f 3221 3203 3207
f 3203 3198 3207
f 3207 3198 3208
f 3198 3197 3208
f 3208 3197 3209
f 3196 3195 3683
f 3195 3194 3683
f 3684 3193 3192
f 3192 3191 3250
f 3191 3190 3250
f 3250 3190 3251
f 3190 3189 3251
f 3251 3189 3253
f 2196 2195 3676
f 2197 2202 2198
f 2202 2201 2198
f 3106 3105 3676
f 3105 2202 3676
f 3676 2202 2196
f 2202 2197 2196
f 3206 3609 2200
f 3609 3218 2200
f 2200 3218 2201
f 3218 2199 2201
f 2201 2199 2198
f 2181 2180 3677
f 2180 2174 3677
f 3677 2174 2173
f 2173 2172 3677
f 2172 2171 3677
f 3677 2171 2170
f 3229 3228 3685
f 3142 3141 2207
f 3141 3677 2207
f 2207 3677 2208
f 3677 2170 2208
f 2208 2170 2209
f 3199 2212 2169
f 2212 2211 2169
f 2169 2211 2170
f 2211 2210 2170
f 2170 2210 2209
f 2177 2176 2180
f 2176 2175 2180
f 2180 2175 2174
f 3241 3240 3236
f 2180 2179 2177
f 2179 2178 2177
f 2177 2178 3252
f 2178 3239 3252
f 3252 3239 3240
f 3239 3237 3240
f 3240 3237 3236
f 3236 3235 3241
f 3235 3234 3241
f 3241 3234 3233
f 3232 3231 3685
f 3231 3230 3685
f 3685 3230 3229
f 3233 3232 3241
f 3232 3685 3241
f 3241 3685 3242
f 3685 3686 3242
f 3242 3686 3243
f 2169 2168 3199
f 2168 3255 3199
f 3199 3255 3200
f 3255 3254 3200
f 3200 3254 3201
f 3254 3253 3201
f 3201 3253 3202
f 3253 3189 3202
f 3265 3687 3274
f 3687 3688 3274
f 3197 3196 3209
f 3196 3683 3209
f 3209 3683 3210
f 3683 3211 3210
f 3265 3264 3687
f 3264 3263 3687
f 3687 3263 3262
f 3262 3261 3687
f 3261 3260 3687
f 3687 3260 3683
f 3268 3608 3269
f 3216 3215 3259
f 3215 3260 3259
f 3215 3214 3260
f 3214 3213 3260
f 3260 3213 3683
f 3213 3212 3683
f 3683 3212 3211
f 2195 2194 3676
f 2194 2193 3676
f 3676 2193 3679
f 2193 2192 3679
f 3679 2192 2191
f 3259 3258 3216
f 3258 3257 3216
f 3216 3257 3217
f 3257 3256 3217
f 3217 3256 3222
f 3256 3269 3222
f 3222 3269 3223
f 3269 3608 3223
f 3223 3608 3224
f 3608 3267 3224
f 3224 3267 3225
f 3267 3266 3225
f 3225 3266 2189
f 3266 2167 2189
f 2189 2167 2190
f 2167 2166 2190
f 2190 2166 2165
f 3250 3249 3192
f 3249 3248 3192
f 3192 3248 3684
f 3248 3247 3684
f 3247 3246 3684
f 3246 3245 3684
f 3684 3245 3686
f 3245 3244 3686
f 3686 3244 3243
f 2156 3270 3689
f 3270 3271 3689
f 3689 3271 3690
f 3271 3272 3690
f 3690 3272 3688
f 3272 3273 3688
f 3688 3273 3274
f 2164 3679 2165
f 3679 2191 2165
f 2165 2191 2190
f 2164 2163 3679
f 2163 2162 3679
f 3679 2162 3678
f 2162 2161 3678
f 3678 2161 2160
f 2160 2159 3678
f 2159 2158 3678
f 3678 2158 3691
f 2158 2157 3691
f 3685 2153 2152
f 3375 3374 3692
f 3374 3373 3692
f 3365 3364 3373
f 3361 3360 3692
f 3361 3692 3362
f 2152 2151 3685
f 2151 2150 3685
f 3685 2150 3686
f 2150 2149 3686
f 3686 2149 2148
f 3373 3364 3692
f 3364 3363 3692
f 3692 3363 3362
f 2052 2051 2147
f 2052 2147 2053
f 3357 3285 3358
f 3285 3284 3358
f 3358 3284 3359
f 2147 2146 2053
f 2146 2145 2053
f 2053 2145 3367
f 2145 3288 3367
f 3367 3288 3357
f 3288 3286 3357
f 3357 3286 3285
f 3228 3668 3685
f 3668 2154 3685
f 3685 2154 2153
f 1970 1969 3283
f 3279 1973 3280
f 1973 3281 3280
f 3281 1973 3282
f 1973 1972 3282
f 3282 1972 3283
f 1972 1971 3283
f 3283 1971 1970
f 1968 1967 3692
f 3279 3278 1973
f 3278 3277 1973
f 1973 3277 3668
f 3277 3276 3668
f 3668 3276 3275
f 3275 3287 3668
f 3287 2155 3668
f 3668 2155 2154
f 1969 1968 3283
f 1968 3692 3283
f 3283 3692 3284
f 3692 3360 3284
f 3284 3360 3359
f 1967 1966 3692
f 1966 1965 3692
f 3692 1965 3671
f 1965 1964 3671
f 3671 1964 3453
f 2626 3630 3624
f 3630 3301 3624
f 3624 3301 2144
f 2144 2143 3624
f 2143 2142 3624
f 3624 2142 3693
f 2142 2141 3693
f 2141 2140 3693
f 3693 2140 2139
f 2132 3296 3694
f 3296 3297 3694
f 3694 3297 3628
f 3297 3298 3628
f 3628 3298 3629
f 3298 3299 3629
f 3629 3299 3630
f 3299 3300 3630
f 3630 3300 3301
f 2127 2128 3695
f 2128 2129 3695
f 3695 2129 3626
f 2129 2130 3626
f 3626 2130 2131
f 2131 2132 3626
f 2132 3694 3626
f 3626 3694 2620
f 3694 3628 2620
f 2620 3628 2621
f 3628 2622 2621
f 3696 2122 2123
f 3696 2123 3697
f 2123 2124 3697
f 2124 2125 3697
f 3697 2125 3695
f 2125 2126 3695
f 3695 2126 2127
f 3292 3291 3698
f 3291 3290 3698
f 3698 3290 3699
f 3290 3289 3699
f 3607 3295 3698
f 3295 3293 3698
f 3698 3293 3292
f 2120 2119 2134
f 2119 2135 2134
f 2139 2138 3693
f 2138 2137 3693
f 3693 2137 3700
f 2119 2118 2135
f 2118 3700 2135
f 2135 3700 2136
f 3700 2137 2136
f 2134 2133 2120
f 2133 3294 2120
f 2120 3294 3306
f 3294 3607 3306
f 3306 3607 3307
f 3607 3698 3307
f 2101 2100 3696
f 2100 2099 3696
f 3696 2099 2122
f 2099 2098 2122
f 2122 2098 2121
f 2098 2097 2121
f 2121 2097 3289
f 2097 3310 3289
f 3289 3310 3699
f 3310 3309 3699
f 3699 3309 3698
f 3309 3308 3698
f 3698 3308 3307
f 2105 3379 2106
f 3379 3378 2106
f 2106 3378 2107
f 2105 2104 3379
f 2104 2103 3379
f 3379 2103 2102
f 3378 3377 2107
f 3377 2085 2107
f 2107 2085 2108
f 2085 2086 2108
f 2108 2086 3302
f 2086 3317 3302
f 3302 3317 3316
f 2082 2083 3377
f 2083 2084 3377
f 3377 2084 2085
f 2076 2077 3692
f 2077 2078 3692
f 3692 2078 3375
f 2078 2079 3375
f 3375 2079 3376
f 2079 2080 3376
f 3376 2080 3377
f 2080 2081 3377
f 3377 2081 2082
f 2111 2094 2093
f 2093 2092 3670
f 2092 2091 3670
f 3670 2091 2090
f 2094 2111 2095
f 2111 2110 2095
f 2095 2110 2096
f 2110 2109 2096
f 2096 2109 3314
f 2109 3305 3314
f 3314 3305 3315
f 3305 3304 3315
f 3315 3304 3316
f 3304 3303 3316
f 3316 3303 3302
f 2090 2089 3670
f 2089 2088 3670
f 3670 2088 3671
f 2088 2087 3671
f 3671 2087 3313
f 2113 3528 3527
f 2111 3530 3529
f 2118 2117 3700
f 2117 2116 3700
f 3700 2116 2115
f 3466 3465 2115
f 2093 3670 2111
f 3670 3531 2111
f 2111 3531 3530
f 3462 3700 3463
f 3700 2115 3463
f 3463 2115 3464
f 2115 3465 3464
f 3528 2113 3529
f 2113 2112 3529
f 3529 2112 2111
f 3471 3470 2113
f 3470 3469 2113
f 2113 3469 2114
f 3469 3468 2114
f 2114 3468 2115
f 3468 3467 2115
f 2115 3467 3466
f 3527 3526 2113
f 3526 3701 2113
f 2113 3701 3471
f 3701 3456 3471
f 3313 3312 3671
f 3312 3311 3671
f 3671 3311 3692
f 3311 2075 3692
f 3692 2075 2076
f 3339 3338 3697
f 3338 3327 3697
f 3327 3338 3328
f 3338 3337 3328
f 3328 3337 3333
f 3337 3351 3333
f 3333 3351 3350
f 3683 2062 2061
f 3687 2057 2056
f 2061 2060 3683
f 2060 2059 3683
f 3683 2059 3687
f 2059 2058 3687
f 3687 2058 2057
f 2073 2072 3683
f 2072 2071 3683
f 3683 2071 2070
f 2067 2062 2068
f 2062 3683 2068
f 2068 3683 2069
f 3683 2070 2069
f 2056 2055 3687
f 2055 2054 3687
f 3687 2054 3702
f 2067 2066 2062
f 2066 2065 2062
f 2062 2065 2063
f 2065 2064 2063
f 2063 2064 3348
f 2064 3336 3348
f 3336 3335 3348
f 3348 3335 3349
f 3335 3606 3349
f 3349 3606 3350
f 3606 3334 3350
f 3350 3334 3333
f 2073 2034 2033
f 3194 3193 3683
f 3193 3684 3683
f 3683 3684 2073
f 3684 2035 2073
f 2073 2035 2034
f 2046 2045 3684
f 2045 2039 3684
f 3684 2039 2038
f 2038 2037 3684
f 2037 2036 3684
f 3684 2036 2035
f 2045 2044 2039
f 2044 2043 2039
f 2039 2043 2040
f 2043 2042 2040
f 2040 2042 3383
f 2042 2041 3383
f 3383 2041 3386
f 2033 2032 2073
f 2032 2031 2073
f 2073 2031 2074
f 2031 2030 2074
f 2074 2030 3330
f 2030 3390 3330
f 3330 3390 3329
f 3390 3389 3329
f 3329 3389 3388
f 3327 3326 3697
f 3326 3325 3697
f 3697 3325 3696
f 3325 3324 3696
f 3324 3323 3696
f 3323 3322 3696
f 3696 3322 3321
f 2102 2101 3379
f 2101 3696 3379
f 3379 3696 3380
f 3696 3321 3380
f 3380 3321 3381
f 3321 3320 3381
f 3320 3319 3381
f 3319 3318 3381
f 3381 3318 3382
f 3318 3331 3382
f 3382 3331 3387
f 3331 3605 3387
f 3387 3605 3388
f 3605 3332 3388
f 3388 3332 3329
f 3604 3352 3703
f 3352 3347 3703
f 3347 3346 3703
f 3703 3346 3345
f 3344 3343 3695
f 3343 3342 3695
f 3342 3341 3695
f 3695 3341 3697
f 3341 3340 3697
f 3697 3340 3339
f 2054 3356 3702
f 3356 3355 3702
f 3702 3355 3704
f 3355 3354 3704
f 2041 3370 3386
f 3370 3369 3386
f 3386 3369 3385
f 3369 3368 3385
f 3385 3368 3384
f 3368 3366 3384
f 3384 3366 3371
f 3366 3365 3371
f 3371 3365 3372
f 3365 3373 3372
f 2050 3686 2051
f 3686 2148 2051
f 2051 2148 2147
f 2050 2049 3686
f 2049 2048 3686
f 3686 2048 3684
f 2048 2047 3684
f 3684 2047 2046
f 3398 3397 3705
f 3391 3402 3669
f 3402 3401 3669
f 3401 3400 3669
f 3669 3400 3705
f 3400 3399 3705
f 3705 3399 3398
f 3407 3393 3669
f 3393 3392 3669
f 3669 3392 3391
f 3397 3396 3705
f 3396 3395 3705
f 3705 3395 3394
f 3435 3394 3403
f 1990 1989 3667
f 1989 1988 3667
f 3667 1988 2020
f 1988 1987 2020
f 2020 1987 2019
f 1987 1986 2019
f 2019 1986 3403
f 1986 3436 3403
f 3403 3436 3435
f 3429 3428 3705
f 3428 3427 3705
f 3705 3427 3426
f 3505 3504 3424
f 3502 3501 3706
f 3501 3500 3706
f 3706 3500 3499
f 3424 3504 3425
f 3504 3503 3425
f 3425 3503 3502
f 3499 3498 3706
f 3498 3497 3706
f 3706 3497 3707
f 3433 3446 3705
f 3446 3445 3705
f 3705 3445 3444
f 3444 3443 3705
f 3443 3442 3705
f 3705 3442 3429
f 3442 3441 3429
f 3429 3441 3440
f 3394 3435 3705
f 3435 3434 3705
f 3705 3434 3433
f 3424 3423 3505
f 3423 3422 3505
f 3505 3422 3493
f 3422 3421 3493
f 3493 3421 3494
f 3421 3432 3494
f 3494 3432 3495
f 3432 3431 3495
f 3495 3431 3496
f 3431 3430 3496
f 3496 3430 1909
f 3430 1997 1909
f 1909 1997 1910
f 1997 1998 1910
f 1910 1998 1911
f 1998 3672 1911
f 1911 3672 1912
f 3440 3439 3429
f 3439 3438 3429
f 3429 3438 3418
f 3438 3437 3418
f 3418 3437 3417
f 3437 3450 3417
f 3417 3450 3416
f 3450 3449 3416
f 3449 3448 3416
f 3416 3448 3420
f 3448 3603 3420
f 3420 3603 3419
f 3603 3447 3419
f 3419 3447 1996
f 1935 1897 1936
f 1897 1896 1936
f 3706 1895 1894
f 1931 1930 3706
f 1894 1893 3706
f 1893 3705 3706
f 3706 3705 3502
f 3705 3426 3502
f 3502 3426 3425
f 1893 1892 3705
f 1892 1891 3705
f 3705 1891 1890
f 3459 3458 3701
f 3458 3457 3701
f 3701 3457 3456
f 1890 1889 3705
f 1889 3525 3705
f 3705 3525 3524
f 1935 1934 1897
f 1934 1933 1897
f 1897 1933 1898
f 1933 1932 1898
f 1898 1932 3539
f 1932 3460 3539
f 3539 3460 3538
f 3460 3459 3538
f 3538 3459 3537
f 3459 3701 3537
f 3537 3701 3536
f 3701 3526 3536
f 1931 3706 3492
f 3706 3708 3492
f 3492 3708 3491
f 1939 1938 3706
f 1924 1941 1925
f 1941 1940 1925
f 1930 1929 3706
f 1929 1928 3706
f 3706 1928 1927
f 1938 1937 3706
f 1937 1936 3706
f 3706 1936 1895
f 1936 1896 1895
f 1927 1926 3706
f 1926 1925 3706
f 3706 1925 1939
f 1925 1940 1939
f 1924 1923 1941
f 1923 1922 1941
f 1941 1922 1942
f 1922 1921 1942
f 1942 1921 3472
f 1921 3478 3472
f 3472 3478 3473
f 3478 3477 3473
f 3473 3477 3474
f 3477 3476 3474
f 3474 3476 3461
f 3476 3475 3461
f 3461 3475 3479
f 3491 3708 3490
f 3708 3709 3490
f 3490 3709 3489
f 3484 3485 3693
f 3485 3486 3693
f 3480 3700 3479
f 3700 3462 3479
f 3479 3462 3461
f 3480 3481 3700
f 3481 3482 3700
f 3700 3482 3693
f 3482 3483 3693
f 3693 3483 3484
f 3489 3709 3488
f 3709 3710 3488
f 3488 3710 3487
f 3711 3712 3506
f 3673 1917 1916
f 3506 1920 3711
f 1920 1919 3711
f 3711 1919 3673
f 1919 1918 3673
f 3673 1918 1917
f 1916 1915 3673
f 1915 1914 3673
f 3673 1914 3672
f 1914 1913 3672
f 3672 1913 1912
f 3497 3509 3707
f 3509 3508 3707
f 3707 3508 3712
f 3508 3507 3712
f 3712 3507 3506
f 3534 3533 3670
f 3533 3532 3670
f 3670 3532 3531
f 3705 1886 1885
f 3535 3534 3544
f 3534 3670 3544
f 3544 3670 3545
f 3670 1981 3545
f 3545 1981 3546
f 1981 3547 3546
f 1885 1884 3705
f 1884 1883 3705
f 3705 1883 3669
f 1883 1882 3669
f 3669 1882 1881
f 3535 3544 3522
f 3544 3543 3522
f 3522 3543 3523
f 3543 3554 3523
f 3523 3554 3524
f 3554 1888 3524
f 3524 1888 3705
f 1888 1887 3705
f 3705 1887 1886
f 3542 3541 1879
f 3541 3669 1879
f 1879 3669 1880
f 3669 1881 1880
f 2482 3624 3652
f 3624 3693 3652
f 3652 3693 3710
f 3693 3486 3710
f 3710 3486 3487
f 3666 3713 3660
f 3713 3659 3660
f 3660 3659 2359
f 3659 2360 2359
f 2520 3646 3626
f 3646 3703 3626
f 3626 3703 3695
f 3703 3345 3695
f 3695 3345 3344
f 2157 2156 3691
f 2156 3689 3691
f 3691 3689 3714
f 3689 3690 3714
f 3714 3690 3715
f 2854 3645 3647
f 3645 3716 3647
f 3647 3716 3646
f 3716 3717 3646
f 3646 3717 3703
f 3717 3704 3703
f 3703 3704 3604
f 3704 3354 3604
f 3604 3354 3353
f 2777 2776 3639
f 2776 3633 3639
f 3639 3633 3640
f 3633 3718 3640
f 2346 2347 3634
f 2347 3664 3634
f 3634 3664 3633
f 3664 3719 3633
f 3633 3719 3718
f 3719 3720 3718
f 3713 3721 3659
f 3721 3722 3659
f 3659 3722 3658
f 3722 3723 3658
f 3658 3723 3663
f 3723 3724 3663
f 3663 3724 3662
f 3724 3725 3662
f 3662 3725 3661
f 3725 3726 3661
f 3661 3726 3664
f 3726 3727 3664
f 3664 3727 3719
f 3727 3728 3719
f 3719 3728 3720
f 3728 3729 3720
f 3715 3690 3730
f 3690 3688 3730
f 3730 3688 3731
f 3688 3687 3731
f 3731 3687 3732
f 3687 3702 3732
f 3732 3702 3733
f 3702 3704 3733
f 3733 3704 3734
f 3704 3717 3734
f 3734 3717 3735
f 3717 3716 3735
f 3735 3716 3736
f 3716 3645 3736
f 3736 3645 3737
f 3645 3644 3737
f 3737 3644 3738
f 3644 3636 3738
f 3738 3636 3739
f 3636 3638 3739
f 3739 3638 3740
f 3638 3640 3740
f 3740 3640 3741
f 3640 3718 3741
f 3741 3718 3742
f 3718 3720 3742
f 3742 3720 3743
f 3720 3729 3743
f 3743 3729 3744
f 3743 3744 3745
f 3746 3715 3747
f 3715 3730 3747
f 3738 3739 3748
f 3730 3731 3747
f 3731 3732 3747
f 3747 3732 3733
f 3738 3748 3737
f 3739 3740 3748
f 3740 3741 3748
f 3748 3741 3745
f 3741 3742 3745
f 3745 3742 3743
f 3733 3734 3747
f 3734 3735 3747
f 3747 3735 3748
f 3735 3736 3748
f 3748 3736 3737
f 3715 3746 3714
f 3746 3749 3714
f 3714 3749 3691
f 3750 3711 3751
f 3711 3673 3751
f 3751 3673 3752
f 3673 3753 3752
f 3753 3673 3754
f 3673 3674 3754
f 3754 3674 3755
f 3674 3682 3755
f 3755 3682 3756
f 3682 3681 3756
f 3756 3681 3757
f 3681 3680 3757
f 3680 3678 3757
f 3757 3678 3758
f 3678 3691 3758
f 3758 3691 3759
f 3691 3749 3759
f 3745 3744 3760
f 3744 3729 3760
f 3760 3729 3761
f 3729 3728 3761
f 3761 3728 3762
f 3728 3727 3762
f 3762 3727 3763
f 3727 3726 3763
f 3763 3726 3764
f 3721 3765 3766
f 3726 3725 3764
f 3725 3724 3764
f 3764 3724 3767
f 3724 3723 3767
f 3721 3766 3722
f 3766 3768 3722
f 3768 3769 3722
f 3722 3769 3723
f 3769 3770 3723
f 3723 3770 3767
f 3765 3721 3713
f 3711 3750 3712
f 3750 3771 3712
f 3772 3648 3650
f 3772 3710 3771
f 3710 3709 3771
f 3771 3709 3708
f 3708 3706 3771
f 3706 3707 3771
f 3771 3707 3712
f 3713 3666 3765
f 3666 3665 3765
f 3765 3665 3772
f 3665 3653 3772
f 3772 3653 3648
f 3650 3651 3772
f 3651 3652 3772
f 3772 3652 3710
f 3773 3765 3772
f 3774 3775 3776
f 3777 3778 3779
f 3780 3781 3768
f 3782 3783 3784
f 3783 3780 3784
f 3784 3780 3766
f 3780 3768 3766
f 3785 3786 3787
f 3786 3788 3787
f 3787 3788 3789
f 3790 3791 3792
f 3793 3794 3795
f 3796 3797 3795
f 3797 3798 3795
f 3795 3798 3793
f 3799 3762 3793
f 3762 3799 3761
f 3800 3801 3798
f 3801 3802 3798
f 3798 3802 3793
f 3802 3803 3793
f 3793 3803 3799
f 3804 3805 3806
f 3805 3807 3806
f 3808 3767 3807
f 3767 3770 3807
f 3807 3770 3806
f 3808 3809 3810
f 3809 3811 3810
f 3810 3811 3812
f 3811 3813 3812
f 3774 3769 3814
f 3769 3768 3814
f 3814 3768 3788
f 3768 3781 3788
f 3788 3781 3789
f 3815 3816 3786
f 3816 3817 3786
f 3786 3817 3788
f 3817 3818 3788
f 3788 3818 3814
f 3764 3819 3820
f 3819 3821 3820
f 3822 3823 3824
f 3823 3825 3824
f 3820 3824 3764
f 3824 3825 3764
f 3764 3825 3763
f 3825 3826 3763
f 3794 3793 3827
f 3793 3762 3827
f 3827 3762 3792
f 3762 3763 3792
f 3792 3763 3790
f 3763 3826 3790
f 3790 3826 3828
f 3829 3790 3822
f 3790 3828 3822
f 3822 3828 3823
f 3830 3831 3829
f 3831 3797 3829
f 3829 3797 3790
f 3797 3796 3790
f 3790 3796 3791
f 3810 3832 3833
f 3808 3810 3767
f 3810 3833 3767
f 3767 3833 3764
f 3833 3834 3764
f 3764 3834 3819
f 3834 3835 3819
f 3819 3835 3836
f 3832 3810 3837
f 3810 3812 3837
f 3837 3812 3836
f 3812 3831 3836
f 3836 3831 3819
f 3831 3830 3819
f 3819 3830 3821
f 3765 3773 3766
f 3773 3838 3766
f 3766 3838 3784
f 3838 3839 3784
f 3784 3839 3772
f 3839 3840 3772
f 3772 3840 3773
f 3772 3771 3784
f 3771 3785 3784
f 3784 3785 3782
f 3785 3787 3782
f 3774 3776 3769
f 3776 3841 3769
f 3769 3841 3770
f 3841 3842 3770
f 3770 3842 3806
f 3842 3843 3806
f 3806 3843 3776
f 3843 3844 3776
f 3776 3844 3841
f 3775 3816 3776
f 3816 3815 3776
f 3776 3815 3806
f 3815 3813 3806
f 3806 3813 3804
f 3813 3811 3804
f 3760 3761 3845
f 3846 3779 3847
f 3779 3848 3847
f 3847 3848 3849
f 3799 3777 3761
f 3777 3779 3761
f 3761 3779 3845
f 3779 3846 3845
f 3845 3849 3760
f 3849 3848 3760
f 3760 3848 3745
f 3848 3748 3745
f 3778 3801 3779
f 3801 3800 3779
f 3779 3800 3848
f 3800 3850 3848
f 3848 3850 3748
f 3850 3747 3748
f 3771 3750 3785
f 3750 3751 3785
f 3785 3751 3786
f 3751 3752 3786
f 3786 3752 3815
f 3752 3753 3815
f 3815 3753 3813
f 3753 3754 3813
f 3813 3754 3812
f 3754 3755 3812
f 3812 3755 3831
f 3755 3756 3831
f 3831 3756 3797
f 3756 3757 3797
f 3797 3757 3798
f 3757 3758 3798
f 3798 3758 3800
f 3758 3759 3800
f 3800 3759 3850
f 3759 3749 3850
f 3850 3749 3747
f 3749 3746 3747
f 3590 3591 3593
f 3851 3852 3853
f 3854 3855 3856
f 3857 3858 3856
f 3858 3859 3856
f 3856 3859 3854
f 3860 3861 3862
f 3860 3863 3864
f 3851 3865 3864
f 3865 3858 3864
f 3864 3858 3860
f 3858 3857 3860
f 3860 3857 3861
f 3866 3867 3581
f 3868 3585 3862
f 3585 3581 3862
f 3862 3581 3860
f 3581 3867 3860
f 3860 3867 3863
f 3853 3869 3584
f 3869 3870 3584
f 3581 3584 3866
f 3584 3870 3866
f 3866 3870 3852
f 3870 3871 3852
f 3852 3871 3853
f 3871 3872 3853
f 3853 3872 3869
f 3873 3874 3875
f 3876 3877 3875
f 3877 3878 3875
f 3875 3878 3873
f 3876 3879 3880
f 3879 3881 3880
f 3882 3589 3881
f 3589 3587 3881
f 3881 3587 3880
f 3883 3884 3885
f 3886 3586 3887
f 3586 3585 3887
f 3887 3585 3854
f 3585 3868 3854
f 3854 3868 3855
f 3888 3889 3890
f 3891 3892 3890
f 3892 3893 3890
f 3890 3893 3888
f 3891 3894 3895
f 3894 3896 3895
f 3897 3583 3896
f 3583 3582 3896
f 3896 3582 3895
f 3853 3898 3899
f 3851 3853 3865
f 3853 3899 3865
f 3865 3899 3893
f 3899 3900 3893
f 3893 3900 3888
f 3900 3901 3888
f 3888 3901 3902
f 3898 3853 3903
f 3853 3584 3903
f 3903 3584 3902
f 3584 3583 3902
f 3902 3583 3888
f 3583 3897 3888
f 3888 3897 3889
f 3904 3905 3906
f 3873 3907 3908
f 3909 3588 3908
f 3588 3589 3908
f 3908 3589 3873
f 3589 3882 3873
f 3873 3882 3874
f 3910 3911 3912
f 3911 3910 3913
f 3910 3895 3913
f 3913 3895 3914
f 3895 3582 3914
f 3914 3582 3912
f 3582 3580 3912
f 3912 3580 3910
f 3580 3579 3910
f 3910 3579 3592
f 3891 3895 3892
f 3895 3910 3892
f 3892 3910 3915
f 3910 3592 3915
f 3915 3592 3590
f 3883 3916 3917
f 3916 3883 3918
f 3883 3880 3918
f 3918 3880 3919
f 3880 3587 3919
f 3919 3587 3917
f 3587 3586 3917
f 3917 3586 3883
f 3586 3886 3883
f 3883 3886 3884
f 3876 3880 3877
f 3880 3883 3877
f 3877 3883 3920
f 3883 3885 3920
f 3920 3885 3859
f 3885 3921 3859
f 3859 3921 3854
f 3921 3922 3854
f 3854 3922 3887
f 3904 3923 3924
f 3923 3904 3925
f 3904 3578 3925
f 3925 3578 3926
f 3578 3575 3926
f 3926 3575 3924
f 3575 3588 3924
f 3924 3588 3904
f 3588 3909 3904
f 3904 3909 3905
f 3907 3873 3927
f 3873 3878 3927
f 3927 3878 3906
f 3878 3928 3906
f 3906 3928 3904
f 3928 3577 3904
f 3904 3577 3578
f 3590 3593 3915
f 3593 3594 3915
f 3915 3594 3892
f 3594 3595 3892
f 3892 3595 3893
f 3595 3596 3893
f 3893 3596 3865
f 3596 3597 3865
f 3865 3597 3858
f 3597 3599 3858
f 3858 3599 3859
f 3599 3602 3859
f 3859 3602 3920
f 3602 3601 3920
f 3920 3601 3877
f 3601 3600 3877
f 3877 3600 3878
f 3600 3598 3878
f 3878 3598 3928
f 3598 3576 3928
f 3928 3576 3577
f 3916 3918 3843
f 3918 3844 3843
f 3840 3925 3773
f 3925 3926 3773
f 3839 3923 3840
f 3923 3925 3840
f 3838 3924 3839
f 3924 3923 3839
f 3773 3926 3838
f 3926 3924 3838
f 3849 3912 3847
f 3912 3911 3847
f 3845 3914 3849
f 3914 3912 3849
f 3846 3913 3845
f 3913 3914 3845
f 3847 3911 3846
f 3911 3913 3846
f 3836 3857 3837
f 3857 3856 3837
f 3868 3833 3855
f 3833 3832 3855
f 3855 3832 3856
f 3832 3837 3856
f 3857 3836 3861
f 3836 3835 3861
f 3861 3835 3862
f 3835 3834 3862
f 3833 3868 3834
f 3868 3862 3834
f 3828 3872 3823
f 3872 3871 3823
f 3825 3823 3870
f 3823 3871 3870
f 3872 3828 3869
f 3828 3826 3869
f 3825 3870 3826
f 3870 3869 3826
f 3829 3851 3830
f 3851 3864 3830
f 3867 3820 3863
f 3820 3821 3863
f 3863 3821 3864
f 3821 3830 3864
f 3851 3829 3852
f 3829 3822 3852
f 3852 3822 3866
f 3822 3824 3866
f 3820 3867 3824
f 3867 3866 3824
f 3882 3814 3874
f 3814 3818 3874
f 3874 3818 3875
f 3818 3817 3875
f 3876 3816 3879
f 3816 3775 3879
f 3879 3775 3881
f 3775 3774 3881
f 3814 3882 3774
f 3882 3881 3774
f 3811 3921 3804
f 3921 3885 3804
f 3886 3807 3884
f 3807 3805 3884
f 3884 3805 3885
f 3805 3804 3885
f 3921 3811 3922
f 3811 3809 3922
f 3922 3809 3887
f 3809 3808 3887
f 3807 3886 3808
f 3886 3887 3808
f 3841 3844 3919
f 3844 3918 3919
f 3916 3843 3917
f 3843 3842 3917
f 3841 3919 3842
f 3919 3917 3842
f 3801 3891 3802
f 3891 3890 3802
f 3897 3799 3889
f 3799 3803 3889
f 3889 3803 3890
f 3803 3802 3890
f 3891 3801 3894
f 3801 3778 3894
f 3894 3778 3896
f 3778 3777 3896
f 3799 3897 3777
f 3897 3896 3777
f 3795 3900 3796
f 3900 3899 3796
f 3903 3792 3898
f 3792 3791 3898
f 3898 3791 3899
f 3791 3796 3899
f 3900 3795 3901
f 3795 3794 3901
f 3901 3794 3902
f 3794 3827 3902
f 3792 3903 3827
f 3903 3902 3827
f 3787 3927 3782
f 3927 3906 3782
f 3782 3906 3783
f 3906 3905 3783
f 3783 3905 3780
f 3905 3909 3780
f 3927 3787 3907
f 3787 3789 3907
f 3907 3789 3908
f 3789 3781 3908
f 3780 3909 3781
f 3909 3908 3781
f 3876 3875 3816
f 3875 3817 3816
g Fan_front_blades
g Fan_front_frame
g Fan_front_inlet
g Fan_front_outlet
g fan_rear1_blades
g fan_rear1_frame
g fan_rear1_inlet
g fan_rear1_outlet
g fan_rear2_blades
g fan_rear2_frame
g fan_rear2_inlet
g fan_rear2_outlet
g MINI_BOARD
g SMALL_chip1
g SMALL_chip2
g SMALL_chip3
g SMALL_PCB
g TIM
g Motherboard
g CPU
g Heatsink
# </faces>
