/*--------------------------------*- C++ -*----------------------------------*\
| =========                 |                                                 |
| \\      /  F ield         | OpenFOAM: The Open Source CFD Toolbox           |
|  \\    /   O peration     | Version:  v2012                                 |
|   \\  /    A nd           | Website:  www.openfoam.com                      |
|    \\/     M anipulation  |                                                 |
\*---------------------------------------------------------------------------*/
FoamFile
{
    version     2.0;
    format      ascii;
    class       volScalarField;
    location    "90/domain0";
    object      rho;
}
// * * * * * * * * * * * * * * * * * * * * * * * * * * * * * * * * * * * * * //

dimensions      [1 -3 0 0 0 0 0];


internalField   nonuniform List<scalar> 
23101
(
1.230034
1.2296749
1.2300865
1.2301243
1.2300948
1.2301425
1.2302079
1.2300354
1.2296247
1.2298242
1.2297495
1.2294446
1.2297838
1.2297449
1.2297986
1.2298744
1.2298694
1.2297014
1.2292281
1.2296295
1.2300667
1.2298072
1.2300459
1.2300623
1.2300573
1.2301201
1.2301119
1.2299676
1.2296917
1.2300214
1.2300639
1.2298008
1.2300603
1.2300497
1.2300605
1.2300984
1.2301032
1.2300114
1.2295973
1.2300038
1.2301335
1.2299019
1.2300691
1.2300593
1.2300617
1.2300998
1.2301284
1.2300587
1.2297413
1.2300637
1.2302786
1.2299294
1.2301137
1.23013
1.2301176
1.2301379
1.2301749
1.2301064
1.2298031
1.2301558
1.2303196
1.2298314
1.2300446
1.2301278
1.2301745
1.2301838
1.230155
1.230032
1.229736
1.2302081
1.2301581
1.2296725
1.229962
1.2301962
1.2302299
1.2301625
1.2300367
1.229915
1.2297878
1.2301435
1.2296921
1.2292749
1.2298208
1.2300252
1.2300863
1.2299563
1.2297844
1.2297084
1.2293695
1.2298022
1.230067
1.2296443
1.2300946
1.23027
1.2303036
1.2302394
1.2301884
1.2300816
1.2297854
1.230162
1.2269114
1.2268411
1.2268943
1.2267899
1.2267986
1.2268068
1.2268381
1.2268298
1.226466
1.2266708
1.2269512
1.2263287
1.2267897
1.226852
1.2269019
1.2269914
1.2270169
1.2268004
1.2258962
1.2268483
1.2269508
1.2268536
1.2271102
1.2270567
1.2268955
1.2269325
1.2270467
1.2270853
1.2266508
1.226939
1.2267619
1.2268132
1.2270318
1.2268752
1.2268494
1.2268485
1.2268564
1.2269154
1.226581
1.2267584
1.2269915
1.2269072
1.2269002
1.226845
1.2268497
1.226873
1.2268732
1.2268575
1.2267563
1.2267607
1.2272822
1.2270527
1.2269297
1.2269157
1.226922
1.2269507
1.226964
1.2269113
1.2268692
1.2267547
1.2272967
1.2271501
1.2269959
1.2269114
1.2269758
1.2269988
1.2269519
1.2269377
1.2268428
1.226987
1.2272608
1.2269245
1.2271558
1.2271336
1.2270619
1.2269918
1.226963
1.2270396
1.2269217
1.2272172
1.2269891
1.2262194
1.2269761
1.2271187
1.2271531
1.2270915
1.2269711
1.2268799
1.2263774
1.2269993
1.227279
1.2265846
1.2269364
1.2271461
1.2272591
1.2270909
1.2269067
1.2269643
1.2267776
1.2269129
1.2248648
1.2249104
1.224824
1.2248608
1.224669
1.2244988
1.2245823
1.2245178
1.2243155
1.2258788
1.2244878
1.2246948
1.2248318
1.224795
1.2248017
1.2249551
1.2250545
1.2248833
1.2239987
1.2249861
1.2246594
1.2248395
1.2250204
1.2246288
1.225077
1.2251003
1.2244985
1.2249146
1.224498
1.2243935
1.2244218
1.2245765
1.2245613
1.2250359
1.2250419
1.2249611
1.2249135
1.2243273
1.2245176
1.2245803
1.2247953
1.2247127
1.2250308
1.2250463
1.2250058
1.2249664
1.2249534
1.2248731
1.2246009
1.2241796
1.2252412
1.2249021
1.2251386
1.2250576
1.2250206
1.2250303
1.2250547
1.2250817
1.2243954
1.2236197
1.2252094
1.225174
1.2244983
1.2250238
1.2251012
1.2251318
1.2251442
1.2244265
1.224423
1.2241527
1.2247343
1.2249723
1.225002
1.2246282
1.2251085
1.2251806
1.224529
1.2248338
1.2247429
1.2250325
1.2248891
1.224388
1.2250051
1.2250205
1.2251203
1.225105
1.2248895
1.2248914
1.2246878
1.2251494
1.2253221
1.224629
1.2246455
1.2251753
1.2250093
1.224442
1.2240881
1.2244713
1.224776
1.2248973
1.2226434
1.2232814
1.2220678
1.2218667
1.221228
1.2214685
1.221255
1.2218745
1.2218494
1.2230014
1.2220109
1.2225852
1.2216852
1.2215185
1.2214953
1.2218829
1.2225005
1.2229649
1.2223221
1.222071
1.2214685
1.2212442
1.2216945
1.2227269
1.2229944
1.2228812
1.2225756
1.2213621
1.221265
1.2205604
1.2213227
1.2207576
1.2225437
1.2230265
1.2229196
1.2224141
1.2223588
1.2222647
1.2213699
1.2211962
1.2212943
1.2216271
1.2229657
1.2229095
1.223155
1.222957
1.2227919
1.2223156
1.2208929
1.2208917
1.2222351
1.2221548
1.222797
1.2226682
1.2231031
1.2231688
1.2230781
1.2226662
1.2197166
1.2204956
1.2222776
1.2224342
1.222665
1.2225694
1.2231114
1.223189
1.2229502
1.2226403
1.2199105
1.2201693
1.2217258
1.221825
1.2217872
1.2226856
1.2228236
1.2228883
1.2226912
1.2213373
1.2212296
1.2213383
1.2217205
1.2223264
1.2220197
1.2224587
1.2221985
1.2215274
1.2209549
1.2218641
1.2227418
1.2221378
1.2227071
1.221883
1.2218745
1.2223859
1.2216176
1.2201411
1.2203034
1.2220049
1.2231539
1.2201159
1.2185358
1.2192085
1.2174631
1.2150008
1.2137163
1.2169378
1.2184438
1.2183849
1.2156914
1.2145394
1.2167144
1.2151451
1.2157694
1.216432
1.2154269
1.2163346
1.2178434
1.2188466
1.2183156
1.214517
1.2156168
1.2130865
1.2174408
1.2192475
1.2188012
1.2185189
1.2174971
1.2170467
1.215001
1.2156223
1.2176325
1.2133838
1.2174619
1.2188398
1.2199857
1.217935
1.2166591
1.216377
1.2150259
1.2163722
1.2171451
1.2142837
1.2179566
1.2191491
1.2199536
1.218149
1.2172308
1.2165606
1.2146207
1.2181766
1.2181362
1.2160792
1.2180662
1.2179777
1.2190653
1.2193508
1.2172118
1.2126743
1.217172
1.2188347
1.2169673
1.2186783
1.2173672
1.2182432
1.2194461
1.2190038
1.2179066
1.2120439
1.2149418
1.2172502
1.2165307
1.2183231
1.2178913
1.2182127
1.2184035
1.2180668
1.2173731
1.2139845
1.2143274
1.2156915
1.2163256
1.2167807
1.2168796
1.2163306
1.2146049
1.214707
1.2166457
1.2169636
1.212146
1.2177244
1.2161396
1.2176593
1.2178254
1.2151419
1.2131522
1.2144024
1.2188482
1.2144423
1.2077041
1.2138982
1.2098407
1.2100852
1.20784
1.2045196
1.2097576
1.2136399
1.2105044
1.2037335
1.2017457
1.2041303
1.2028325
1.2073928
1.2090816
1.2078336
1.2099626
1.2125993
1.2118716
1.2099275
1.1978426
1.2025789
1.2023287
1.2102289
1.2117667
1.2110725
1.2119344
1.2094405
1.2090909
1.2075058
1.2052876
1.2073608
1.2035539
1.2090773
1.211274
1.2131085
1.2105722
1.2073657
1.2067936
1.2073161
1.2077272
1.2110206
1.2049531
1.208924
1.210995
1.2124251
1.2036488
1.208734
1.2075524
1.2102731
1.2099391
1.2064005
1.2092386
1.2092496
0.95775514
1.2085415
1.2049351
1.2074053
1.2111026
1.2090054
1.211755
1.2094293
1.2095989
0.95917236
1.2111114
1.2095809
1.2044221
1.2045961
1.2056631
1.2076518
1.2118176
1.2099306
1.2104922
1.2113671
1.2099246
1.2090999
1.2057841
1.2034466
1.2004127
1.2076642
1.2104306
1.2085658
1.2067358
1.2049902
1.2076127
1.2080476
1.2055566
1.1964612
1.2057236
1.2074756
1.2097357
1.2093327
1.2054141
1.2057409
1.2078298
1.2109615
1.2013442
1.1984631
1.205103
1.1997489
1.2004633
1.1990359
1.1976958
1.2025318
1.2025814
1.1940931
1.1950684
1.1904737
1.185287
1.1888745
1.196663
1.1981221
1.1985453
1.2008876
1.2050588
1.1998898
1.196758
1.1771165
1.1850542
1.1893296
1.1958079
1.2004468
1.2017133
1.2022539
1.2022921
1.2004987
1.1999719
1.1865718
1.1860601
1.1924539
1.1983532
1.2017541
1.2037748
1.2025221
1.1984601
1.198541
1.198968
1.1925313
1.1944739
1.1955304
1.1988526
1.2022713
1.202257
1.1995444
1.1985461
1.2008133
1.2004022
1.197864
1.1952098
1.1952053
1.1997307
1.1996456
1.2007686
0.81556413
1.1998013
1.2002378
1.1974382
1.1953362
1.1962417
1.1978871
1.2034436
1.1998243
1.2026241
1.2008085
1.2006279
1.1994733
1.1968071
1.1932628
1.1847869
1.1959136
1.2006057
1.2017789
1.2014639
1.2029444
1.2019258
1.195445
1.1981214
1.1892043
1.1762928
1.1931724
1.2007436
1.1968141
1.1934848
1.1953243
1.1999702
1.1983038
1.1933705
1.1782232
1.191469
1.1956659
1.1992143
1.1994895
1.1998946
1.2018299
1.1990421
1.2001754
1.1878399
1.1885679
1.1933051
1.1898962
1.1988996
1.2002423
1.1956401
1.1935087
1.1841196
1.1846995
1.1847376
1.1907989
1.1699627
1.1795253
1.1847259
1.1860066
1.1888947
1.1901862
1.1905392
1.1804486
1.1761252
1.1622859
1.1742186
1.1718535
1.1840046
1.1882127
1.1923135
1.1925515
1.1909623
1.1916526
1.1859598
1.1687411
1.1634278
1.1805621
1.1825519
1.1887685
1.1904322
1.1902942
1.191054
1.1894039
1.1891634
1.176048
1.1695143
1.1852417
1.1873259
1.1876712
1.1912369
1.1920845
1.1859202
1.1937582
1.1927891
1.1859704
1.1759952
1.1825118
1.1901265
1.1900745
1.2028621
1.0820859
1.1816802
1.1923703
1.1899527
1.1858241
1.1812865
1.183784
1.1898429
1.1909966
1.194532
1.1909573
1.1866964
1.184302
1.1879715
1.1836267
1.1706953
1.1771005
1.1894412
1.1896031
1.1935628
1.1941683
1.1864659
1.1843568
1.1891316
1.1761952
1.168274
1.1670229
1.180128
1.1834105
1.1826595
1.1860861
1.1867477
1.1909914
1.1822533
1.1645535
1.1869402
1.1768468
1.1886644
1.1968062
1.2002536
1.1985711
1.1896927
1.1859799
1.1721388
1.1787649
1.1784051
1.1919739
1.1736695
1.1860767
1.1879487
1.1798885
1.1722931
1.1770003
1.1671515
1.1896711
1.1589377
1.1670206
1.1696529
1.1727048
1.1785342
1.1800198
1.1768182
1.1641534
1.1521192
1.1520949
1.1693223
1.154713
1.171
1.1772706
1.1785975
1.1762485
1.1810586
1.1766803
1.1631039
1.1588055
1.151722
1.1676644
1.1702875
1.1749477
1.1745677
1.1736429
1.1770748
1.1781251
1.1691375
1.1732438
1.1533599
1.1727439
1.1748216
1.1796513
1.1367836
1.1376042
1.1721544
1.1795299
1.178614
1.1750976
1.1610159
1.1712143
1.1775793
1.1808824
1.1401828
1.1413066
1.1673942
1.1735632
1.1793041
1.1741416
1.1704929
1.1709004
1.1798088
1.1794924
1.1769322
1.1775334
1.1729135
1.1719097
1.1764108
1.1737674
1.1745118
1.1573282
1.1734697
1.1789103
1.1759469
1.1782166
1.1727869
1.1732318
1.1731429
1.1651087
1.1859266
1.1453261
1.1589512
1.1754562
1.1749135
1.1747663
1.1732468
1.1742727
1.1651555
1.1523855
1.182056
1.1659242
1.1703804
1.1939434
1.1907587
1.1887168
1.1879257
1.1791835
1.1744104
1.1700687
1.1626445
1.1918003
1.1526062
1.1661418
1.183935
1.1714047
1.1732259
1.1634842
1.1546445
1.1783052
1.1556221
1.1653882
1.1591618
1.158913
1.1669077
1.1679472
1.1648354
1.1497505
1.1333898
1.1654546
1.1600939
1.1454756
1.1603964
1.1658318
1.1654184
1.1620974
1.1686879
1.159208
1.1502269
1.1847015
1.1550113
1.1527157
1.1615299
1.1655799
1.1639915
1.1621834
1.1663054
1.1625492
1.1557997
1.1792704
1.1486054
1.1598288
1.1643207
1.1653806
1.1340564
1.1336001
1.1603879
1.1624668
1.1616303
1.1724849
1.1525639
1.1630213
1.1670705
1.1681359
1.1365331
1.1391207
1.1585935
1.1592387
1.1610331
1.1661657
1.1558934
1.1597812
1.1688498
1.1706443
1.1630957
1.1627697
1.164298
1.1611446
1.159112
1.1665844
1.1565571
1.1445822
1.1593557
1.1686491
1.1619163
1.1657549
1.1641369
1.1619329
1.1560443
1.1729214
1.1766064
1.1386412
1.1422332
1.1669518
1.1635332
1.1626546
1.1640702
1.1667481
1.1670864
1.1495081
1.1704635
1.1584169
1.1539001
1.1710021
1.1668622
1.1668956
1.1803867
1.1888372
1.1972512
1.1627085
1.1602833
1.1537344
1.1417063
1.1489993
1.16288
1.166819
1.1674537
1.1494634
1.1452867
1.169342
1.1535775
1.1537941
1.1555
1.147751
1.1560938
1.1588026
1.1549087
1.1386055
1.1415316
1.1854709
1.1526759
1.146068
1.1572868
1.1583155
1.1581854
1.1560592
1.1584893
1.1474689
1.1434041
1.1669135
1.1557728
1.1485216
1.1561681
1.1589738
1.1576613
1.1557126
1.1570484
1.1522554
1.1460398
1.1550293
1.1537376
1.1487821
1.1520155
1.1574635
1.1351136
1.1330247
1.154129
1.1527153
1.1500078
1.1621585
1.1502904
1.1573061
1.1552616
1.1590679
1.1362081
1.1399597
1.1548304
1.151929
1.1477938
1.1637064
1.1486986
1.1525073
1.1592169
1.1619277
1.1573926
1.1545154
1.1579875
1.1511404
1.1458436
1.17228
1.1476604
1.1353181
1.1522805
1.1608071
1.1545422
1.1562435
1.1573938
1.1528657
1.149047
1.1737151
1.1564766
1.1232048
1.1387768
1.1593352
1.1559869
1.1548721
1.15117
1.1537056
1.1538572
1.1616946
1.1642445
1.1476439
1.1415267
1.1424524
1.1450232
1.1403052
1.1478727
1.1652667
1.1650062
1.1626701
1.1579277
1.135064
1.1389893
1.1460476
1.1365691
1.1469689
1.1465919
1.1359592
1.13621
1.1649527
1.15275
1.1461665
1.1510098
1.1443563
1.1490197
1.1492779
1.1430441
1.1335713
1.1369786
1.1547021
1.1487986
1.1483883
1.1564018
1.1532386
1.1512652
1.1512822
1.1471692
1.1388023
1.1334536
1.1366634
1.1537248
1.1436149
1.150245
1.153286
1.1519838
1.1498627
1.1490801
1.1437828
1.1401478
1.1459199
1.150789
1.1423528
1.1444645
1.1509415
1.136051
1.1330432
1.1489506
1.1457371
1.1429406
1.1605199
1.1476244
1.1418311
1.144746
1.1514788
1.1361411
1.1410486
1.150774
1.1473071
1.1402054
1.1656664
1.1500301
1.141592
1.1498322
1.1541638
1.1526528
1.1491268
1.1512134
1.142182
1.1356314
1.1620811
1.1464678
1.1297177
1.1470356
1.1547485
1.1492526
1.1502178
1.1514416
1.1444106
1.1396961
1.1535929
1.1457904
1.1153769
1.1404928
1.1528377
1.1502159
1.149856
1.1463286
1.1436523
1.1428769
1.1643904
1.1631614
1.1410612
1.1380366
1.132043
1.1348396
1.1328806
1.1397056
1.1453253
1.1424698
1.1591318
1.1500366
1.1359769
1.1341707
1.1487707
1.1344721
1.1278476
1.1271986
1.1271983
1.1301444
1.1651905
1.1462516
1.1481579
1.1487099
1.1421797
1.1444839
1.1431562
1.1365344
1.1290718
1.1239332
1.1371614
1.1410906
1.1498021
1.1506359
1.1486118
1.1453928
1.1453964
1.1436257
1.1372529
1.1333933
1.1324087
1.1530119
1.1408506
1.143326
1.1457081
1.1471985
1.1458615
1.1456461
1.1444986
1.1388157
1.1331784
1.1448907
1.14611
1.1400178
1.1451802
1.1364709
1.133553
1.1450221
1.1417332
1.1369684
1.1369222
1.1359751
1.1435345
1.1398028
1.1440478
1.1361109
1.1424575
1.1457219
1.143041
1.1346548
1.1381945
1.1385317
1.1367476
1.1463223
1.1463753
1.1440199
1.1446004
1.143616
1.1447602
1.1325988
1.1492906
1.1385172
1.1296376
1.1450911
1.1471712
1.1376934
1.1427163
1.1473634
1.1467123
1.1355975
1.145634
1.1366743
1.1167753
1.1426372
1.1463658
1.1434866
1.1448267
1.1442728
1.1420442
1.1362177
1.1602574
1.1662755
1.1402779
1.1398198
1.1326984
1.1314658
1.1329521
1.1467594
1.1496505
1.1373053
1.1525882
1.153133
1.1368304
1.1329332
1.1534694
1.1402232
1.1362825
1.1368341
1.1344041
1.13611
1.1742466
1.140922
1.1426848
1.1278619
1.1299031
1.1353683
1.134057
1.1303304
1.1239223
1.1197134
1.1412842
1.1310463
1.130341
1.13059
1.1366343
1.1354422
1.1359814
1.1351416
1.1339249
1.1290325
1.1444284
1.1605633
1.1189205
1.1292819
1.1341995
1.1425646
1.1431758
1.137728
1.1375283
1.1322624
1.1416938
1.1456795
1.1326772
1.13422
1.1401819
1.1361731
1.1338324
1.1418903
1.1422959
1.1308152
1.1365507
1.1395464
1.135723
1.138837
1.1391216
1.13595
1.1437617
1.1416559
1.1345
1.1300553
1.1408058
1.1431321
1.1371145
1.139827
1.1398317
1.1385818
1.1429926
1.1354407
1.1301053
1.1249876
1.1619896
1.1450285
1.1284013
1.1364555
1.1393298
1.1362158
1.1356004
1.131546
1.1320329
1.1335694
1.1483452
1.1414098
1.1170003
1.1364015
1.1393751
1.1375243
1.1351342
1.1196914
1.1387781
1.1334584
1.1367032
1.1751449
1.1446556
1.1488649
1.1403123
1.1354444
1.1373438
1.1574036
1.1554905
1.1373973
1.1547991
1.1776343
1.1453267
1.1663738
1.1766904
1.1655548
1.1647277
1.1682318
1.1677732
1.1672447
1.1991077
1.1362794
1.1452669
1.1382606
1.1254788
1.1313487
1.1326968
1.1323695
1.1322455
1.122979
1.1678811
1.1550615
1.1554977
1.137629
1.1360352
1.1392611
1.1402144
1.140696
1.1429113
1.1357896
1.1753631
1.1875246
1.1361762
1.1336093
1.1367104
1.1380184
1.1382319
1.1386924
1.1408729
1.140971
1.1766784
1.1668409
1.1295893
1.138218
1.1369681
1.1360681
1.1351124
1.1376068
1.1403905
1.1390849
1.1717655
1.1661656
1.1336612
1.1375133
1.1360074
1.1363827
1.1404226
1.1414458
1.142515
1.1397651
1.1767051
1.1733243
1.1329974
1.1391305
1.1357396
1.1363619
1.1409774
1.142221
1.1425712
1.1432922
1.1898094
1.1732779
1.1303029
1.1428047
1.1389692
1.137623
1.1414008
1.1419511
1.1568339
1.1288052
1.1627468
1.1659926
1.1188625
1.1350098
1.1335944
1.1330924
1.1348391
1.1476021
1.1335126
1.1269208
1.1345834
1.1983406
1.1678539
1.1775118
1.171174
1.1647193
1.1669433
1.1876832
1.1763558
1.1431072
1.1780098
1.2229995
1.223112
1.2231325
1.2209823
1.2194938
1.220256
0.98166683
1.2228397
1.2231153
1.2230092
1.2192207
1.2193046
0.98148562
1.2201169
1.2231703
1.2230957
1.2231723
1.2199956
0.98173571
1.2199407
1.220476
1.2230925
1.2231911
1.2231868
0.98172336
1.2203778
1.2205295
1.2208035
1.2187449
1.2197853
1.2182652
1.2151892
1.2135491
1.2139746
0.9631175
1.216604
1.2179393
1.21699
1.2124305
1.2094173
0.9643335
1.2037233
1.2193898
1.2185082
1.219147
1.2132699
1.2134002
1.2124839
0.96038887
1.2184643
1.2194069
1.2133885
1.2177278
1.219341
1.2037324
1.2169458
1.2190703
1.2175259
1.2042693
1.2104229
0.96204441
1.2113763
1.2188349
1.2173579
1.2175543
1.2117643
0.96177501
1.2113262
1.2100677
1.2184101
1.2196528
1.2103089
1.2196346
1.2197018
1.2195827
1.2127717
1.2179782
1.2192241
1.2187145
0.96244085
1.2117256
1.2130126
1.2126103
1.2194116
1.2186252
1.2184806
1.210744
0.96368059
1.2131896
1.2131256
1.2189882
1.2185296
1.2185366
0.96405015
1.2126025
1.2133547
1.2128872
1.2116533
1.213032
0.95832841
1.206359
1.205565
1.2060927
1.20402
1.2074488
0.95956934
1.2033933
1.2050217
1.2031644
1.2025369
1.1993593
1.212433
1.2100637
0.95558527
1.2044035
1.2047465
1.2027803
1.2045343
1.2046413
1.2072238
1.2016277
1.2035036
1.205816
1.1988691
1.2047574
1.2080462
0.957438
1.2089622
1.2011168
1.2017951
1.2023338
1.2023453
0.95695055
1.2090822
1.2088929
1.2019462
1.2028351
1.2022272
1.2025829
1.2091632
1.2029305
1.2032713
1.2028019
1.2117515
1.2055422
1.2037754
1.2028393
1.2092906
1.2119426
1.2104704
1.2027276
1.2024539
1.2038167
1.2038759
0.95882697
1.2111101
1.2108817
1.2043741
1.2019619
1.2052362
1.2045347
1.2115951
1.2113445
1.2110192
1.2017741
1.2032195
1.2052006
1.2051419
1.2019617
1.2015189
0.81589306
1.1962603
1.1982183
1.2040959
0.94204619
1.1976605
0.81577416
1.201429
1.1959838
1.1923096
0.94100345
1.2053345
0.81559889
1.2020482
1.2003976
1.2075748
0.93802822
1.1979328
1.1986674
1.1998559
1.2002023
1.2004619
0.94474485
1.2010148
1.1937956
1.1900143
1.2178615
1.1669423
1.1715763
1.218741
1.2108664
1.1659349
1.2183502
1.170695
1.2192104
1.2113003
1.078587
1.0771837
1.2178234
1.1362451
1.1367302
1.2097722
1.1990357
1.1968996
1.0622664
0.99791852
1.1747948
1.0612556
0.99342073
1.1876158
1.2079891
1.2098408
1.173179
1.1327139
1.2109927
1.2065889
1.2039902
1.2074232
1.1729568
1.2109628
1.1353875
1.2109063
1.2036616
1.2072508
1.1928386
0.9471632
0.95150773
0.86047435
1.1371818
1.1008988
1.1090481
1.2222857
1.2225329
1.205912
1.206209
1.2221368
1.2224113
1.2217883
1.2217637
1.2224912
1.2060513
1.2074477
1.2220593
1.2222027
1.2190564
1.2221939
1.2225845
1.2061083
1.2066854
1.2223885
1.2224659
1.2196319
1.2223694
1.2225596
1.2074579
1.2069931
1.2223211
1.2224834
1.2204794
1.2162188
1.1859541
1.2109634
1.1734204
1.2141847
1.2142392
1.213295
1.2112354
1.185607
1.2098887
1.1702425
1.2133794
1.2102132
1.206536
1.2155712
1.1872602
1.1735791
1.2109413
1.215175
1.2145268
1.2121314
1.2198088
1.1676439
1.1711764
1.2200629
1.2133954
1.2198852
1.1660925
1.1707096
1.2203528
1.2133657
1.0784856
1.077235
1.2174028
1.2166049
1.1380208
1.1391309
1.2123661
1.2119983
1.0547372
1.0645155
1.2060114
1.0547153
1.0654601
1.206755
1.077705
1.0777151
1.216343
1.2183663
1.1651965
1.1710238
1.2187062
1.2122803
1.0547548
1.0689937
1.2045282
1.210369
1.1397277
1.1408652
1.2084235
1.2109859
1.0537954
1.0654695
1.2063704
1.2133828
1.1886315
1.1741561
1.2106093
1.2134335
1.2141359
1.2097521
1.2133048
1.1866869
1.2104988
1.1727
1.2140747
1.2126242
1.2097122
1.0771046
1.0776983
1.2166024
1.1655746
1.2192834
1.1709769
1.2192113
1.2125856
1.0555373
1.0635337
1.2047668
1.2139751
1.1400496
1.1404854
1.2098221
1.2112793
1.0553713
1.0643565
1.205655
1.1649426
1.2199501
1.1717172
1.2204782
1.2141939
1.1650056
1.2196718
1.1710377
1.2200836
1.2131615
1.0548027
1.0629181
1.2084738
1.0550258
1.0655357
1.2062884
1.2158965
1.1406948
1.1398154
1.213047
1.2120086
1.2153293
1.1888013
1.2109821
1.1755
1.2144796
1.2155174
1.2120387
1.2153048
1.186324
1.1736813
1.2122006
1.2133515
1.2151837
1.2123727
1.2149589
1.186748
1.1743224
1.21208
1.2136754
1.21509
1.2119709
1.2097874
1.2100526
1.1718117
1.1328777
1.2124009
1.2078659
1.203673
1.2040974
1.2089416
1.1666133
1.1334741
1.2058192
1.2069
1.1952109
1.2076081
1.1712978
1.2097977
1.1251478
1.211003
1.2033825
1.2064436
1.0613254
0.9980298
1.1861295
1.0613461
0.99280881
1.1855479
1.0607367
1.2053344
0.95416568
1.1969329
1.1241921
1.0518445
1.2021719
0.93736593
1.1950804
1.1326757
0.89276859
0.88391354
1.0945488
1.1364482
1.1386523
1.203356
1.1840246
1.1962369
1.0643043
0.99742186
1.1842392
1.061215
1.2006873
0.95749093
1.1828558
1.1331223
0.89429327
0.89004811
1.0943324
1.0588263
1.205385
0.94870928
1.1944951
1.127677
1.2053802
1.1719707
1.2094533
1.1317167
1.2085833
1.2019827
1.2061723
1.2049834
1.2093436
1.1704435
1.1265952
1.2085246
1.206003
1.20043
1.1378889
1.1385904
1.206325
1.1961674
1.1985952
1.0625671
0.99771068
1.1889358
1.0542493
0.95154307
1.2019489
1.1960514
1.1456372
0.89297465
0.89068152
1.1117527
1.0603026
0.95004275
1.2023732
1.1979368
1.140605
1.0601075
0.99776604
1.1862204
1.0641664
0.99854889
1.1890835
1.1389517
1.1375292
1.2084069
1.197007
1.2001641
0.88975319
0.89168193
1.0961868
1.0591991
0.94767603
1.2033338
1.1954513
1.1341095
1.0617623
0.95191732
1.202415
1.1986607
1.1311637
1.2079635
1.1721973
1.2111119
1.1342278
1.2113852
1.2060901
1.2073131
1.1906208
0.95431626
0.93626008
0.86575644
1.1119731
1.1118356
1.0814055
1.2009826
0.95711
0.94841958
0.86310417
1.1355391
1.104192
1.105143
1.1999438
0.95227799
0.94985454
0.85810219
1.1309362
1.1093946
1.1115606
1.2226764
1.2231776
1.2229711
1.2210552
1.2201475
1.2209826
1.2198676
1.2222983
1.2229174
1.2227965
1.2195901
1.2188329
1.2193677
1.2190844
1.2231687
1.2228195
1.2231019
1.2205966
1.2207944
1.2201027
1.220486
1.2222986
1.2229867
1.2224591
1.2191575
1.2189005
1.220112
1.2193166
1.2230855
1.2225426
1.223049
1.2197331
1.2200872
1.2192469
1.2195553
1.2226961
1.2231995
1.2228365
1.2205258
1.2196534
1.220696
1.2202612
1.2231761
1.2227878
1.2228049
1.2199987
1.2205936
1.220219
1.2201332
1.2232029
1.2228331
1.2228667
1.2206527
1.2205813
1.2201427
1.2201687
1.2199742
1.2191286
1.2194859
1.215312
1.2153648
1.2134592
1.2142051
1.2161045
1.2170881
1.2170516
1.2094776
1.2111272
1.2057046
1.2102489
1.220081
1.2199066
1.2175373
1.2216804
1.2181313
1.2177297
0.93417561
1.2164155
1.2184661
1.2198003
1.2129235
1.2188503
1.2156403
1.2170486
1.2177829
1.2170055
1.218578
1.2114874
1.2110018
1.2128271
1.212896
1.2160081
1.2194895
1.2186397
1.2110158
1.2186449
1.2164822
1.2160882
1.2189232
1.2186307
1.2179292
1.2132421
1.2132388
1.2127056
1.2140183
1.2133181
1.2113627
1.2122734
1.2070477
1.2064224
1.2048969
1.2057689
1.2063003
1.2033376
1.2078972
1.2018501
1.2019591
1.1992324
1.2015084
0.92959241
1.2049321
1.2059288
1.1900446
1.203528
1.2082193
1.2036838
1.2044689
0.9292212
1.2081057
1.2061943
1.0026786
0.96669527
1.2085766
1.2052739
1.0520765
1.208698
1.2086972
1.2108678
1.2029723
1.2032325
1.2046764
1.2052046
1.2082188
1.1908623
1.2102281
1.206694
1.211396
1.2076119
1.2082494
1.208195
1.0016322
1.2068139
0.96712957
1.2085509
1.0500372
1.2063589
1.2112161
1.2105704
1.2093893
1.2033469
1.2041228
1.2043083
1.2042903
1.2030949
1.2033272
1.2024614
1.195834
1.1943699
1.1954315
1.1906537
1.2011841
1.2002715
1.198486
1.1941573
1.1946909
1.1901832
1.192742
1.2028413
1.2003713
1.2011618
1.1945605
1.1953134
1.1937657
1.1928704
1.1969879
1.2012564
1.0153585
1.1956629
1.1716225
1.1974732
1.1637563
1.199647
1.2012507
1.2000187
1.1904889
1.1941356
1.1895927
1.1946931
1.2005256
1.2001357
1.2010824
1.1936984
1.1934495
1.1945412
1.1955161
1.1991529
1.0059975
1.2013099
1.2009414
1.1776834
1.1733765
1.1996438
0.96717005
0.82937116
0.82884307
0.82937615
0.85887438
0.90027342
0.89824756
1.2000375
1.2006258
1.200913
1.1882088
1.1930692
1.1884895
1.1918549
1.2005276
1.203471
1.202639
1.197591
1.1967213
1.1985945
1.1975253
1.2006087
1.2032367
1.2032521
1.1951801
1.1923728
1.1970777
1.1967721
1.2222077
1.2215002
1.2204847
1.2139388
1.2217767
1.2219942
1.2211241
1.2222614
1.221884
1.2206163
1.2141161
1.2219534
1.2223052
1.2212398
1.2219995
1.2202868
1.0131105
1.0142877
1.2221948
1.2217762
1.1015974
1.2216498
1.2212804
1.2189459
1.2138149
1.2211397
1.2219176
1.2196405
1.221221
1.2206613
1.012242
1.0149898
1.2212396
1.2217339
1.1021265
1.221672
1.2216102
1.2193129
1.2149583
1.2212796
1.2221057
1.2197282
1.2220672
1.2217137
1.2139528
1.2194322
1.2222653
1.221533
1.220224
1.2219793
1.2201279
1.0141534
1.0139715
1.2218004
1.2215754
1.1026238
1.2221375
1.2219627
1.2145467
1.2201765
1.2223819
1.2218325
1.2204484
1.221989
1.2202032
1.0138029
1.0154362
1.1013694
1.2212883
1.2213208
1.2223134
1.2218893
1.2151012
1.2206727
1.2222267
1.2220024
1.2212056
1.2223251
1.2220212
1.2147418
1.220524
1.2224025
1.2220072
1.2211639
1.2171781
1.2180677
1.2196817
1.2099392
1.2190404
1.2153198
1.2172885
1.2167593
1.2168568
1.2150511
1.1920909
1.2168952
1.216568
1.2138963
1.2077468
1.012265
1.2037
1.0058978
1.2052955
1.0775066
1.2045488
1.2131465
1.2172043
1.217609
1.2098702
1.2167186
1.214622
1.2131119
1.2090435
1.0134891
1.2056512
1.0124088
1.2097989
1.0802732
1.2061129
1.2105205
1.2094912
1.2054529
1.1838022
1.2092968
1.2086682
1.2058506
1.2166712
1.2197414
1.2185466
1.2115235
1.2190248
1.2169967
1.2156986
1.2157258
1.2163575
1.2133869
1.1919168
1.2155026
1.2158176
1.2123941
1.2085054
1.0105422
1.0083296
1.2045444
1.0767667
1.2066009
1.2070973
0.93378291
0.90698941
0.90540086
1.2178481
1.2181472
1.2133818
1.2196304
1.2144066
1.2158848
0.93372467
0.90819151
0.9070441
1.2145944
1.2182614
1.2179841
1.2127297
1.217535
1.2149997
1.2153212
1.2131605
1.211475
1.2089616
1.1920771
1.2122403
1.2133723
1.2094201
1.2120157
1.0117255
1.0099001
1.2070923
1.0792475
1.2112705
1.2082575
1.2145229
1.2179284
1.2181794
1.2110981
1.2174726
1.2152654
1.2145745
1.2110222
1.01248
1.206272
1.0094138
1.2109311
1.0807371
1.207815
1.2131795
1.2136741
1.1903929
1.2102061
1.2131456
1.2126343
1.2095749
0.93455552
1.2182889
1.2191204
1.2151669
1.220072
1.2153523
1.216651
0.90741502
0.9068706
1.2199164
1.2196639
1.2168675
1.2216363
1.2180671
1.217486
0.90605457
0.9067861
1.2132326
1.0131721
1.2072557
1.0074567
1.2094026
1.211451
1.0780741
1.2156368
1.2159665
1.1937897
1.2135502
1.2159968
1.2155265
1.2124687
1.2162836
1.219236
1.218675
1.2109331
1.2186809
1.2161548
1.2161678
1.2152989
1.214239
1.1922827
1.212255
1.2149844
1.2144327
1.212342
1.2129995
1.0142105
1.0073728
1.2075883
1.0790337
1.211625
1.2092963
1.2125386
1.0146245
1.008201
1.2076131
1.2091037
1.0790746
1.2115884
1.2149557
1.2157077
1.1923805
1.2124948
1.2153503
1.2146537
1.211942
1.210204
1.2131515
1.1906782
1.2100926
1.2129721
1.2110778
1.2093945
1.2065831
1.2069009
1.0017253
0.96631845
1.2041713
1.2043775
1.0480828
1.2089117
1.1656207
1.2053935
1.2052928
1.207294
1.2094831
1.206155
1.2040681
1.2046951
1.004512
0.9674181
1.054316
1.2048824
1.2036642
1.2035877
1.2036984
1.1810025
1.2018863
1.2054023
1.20241
1.2005063
1.2037103
1.1659006
1.2040608
1.2011315
1.2063979
1.1980694
1.202476
1.2079686
1.2114075
1.1900343
1.2096135
1.2112976
1.2093363
1.2080857
1.206998
1.0016402
1.2077542
0.96427608
1.2105209
1.0484511
1.2038625
1.2065518
1.1572381
1.2032133
1.2036259
1.2068989
1.2054997
1.2041098
0.9277131
0.92789881
1.2087768
1.2051247
1.2020295
1.2028961
1.1993366
1.1631516
0.82683862
0.93040072
1.2023348
1.2016081
1.2050888
1.1910242
1.1999109
1.1597025
0.82790452
1.2063163
1.0037003
1.2060461
0.96634244
1.2049881
1.2072944
1.0538513
1.2042944
1.163641
1.2051058
1.202255
1.2055322
1.2050851
1.2016675
1.2059276
1.2051526
1.0049366
0.96418881
1.054174
1.2064287
1.2034109
1.204806
1.1885847
1.2078468
1.2058584
1.2083739
1.2051209
1.2055497
1.2038739
1.1591701
1.2024003
1.201785
1.2050251
1.2041385
1.2014684
0.92788055
0.82811375
1.2055773
1.2021306
1.2029995
1.2003006
1.2018497
1.1741095
0.92866346
0.92783462
0.82729616
1.2071056
1.2029572
1.2025107
1.1995916
1.2036205
1.165693
1.2084413
1.1919453
1.2115126
1.208547
1.211462
1.2083675
1.2093178
1.2069605
1.1645902
1.2031194
1.2031807
1.2055068
1.2075878
1.2039968
1.2085361
1.0031155
1.2067646
0.96725515
1.2062948
1.2085618
1.0514988
1.2067423
1.1661807
1.2023977
1.2032885
1.2071989
1.2061695
1.2036693
1.2074634
1.1909449
1.2104087
1.2080045
1.2108889
1.2081247
1.2079531
1.2063643
1.1675965
1.2024833
1.2034967
1.2070003
1.2061667
1.2036595
1.1985453
1.203188
1.0115428
1.1985492
1.1613779
1.1997735
1.1777858
1.195593
1.2014698
0.9861735
1.2028488
1.1667831
1.1998669
1.1530608
0.9634411
0.8291266
0.8291012
0.83287464
0.8575836
0.89655155
0.89174722
0.96973591
0.829298
0.82923142
0.83135881
0.89714783
0.86035718
0.89842119
1.2022337
1.2057215
1.0024339
1.204493
1.1698096
1.2016806
1.170784
0.97726116
0.82993001
0.82878491
0.82953861
0.89577792
0.86161268
0.89947877
1.200631
1.0046643
1.2028677
1.1996925
1.173399
1.1750102
1.2040069
1.1964403
1.0007823
1.2002309
1.197836
1.1685221
1.1608979
1.1953092
1.1966955
1.0071418
1.2009236
1.1980863
1.1706357
1.1744359
1.1972125
0.99297581
0.89538015
0.88670825
1.1799752
1.0768026
1.2181193
1.200271
1.2184145
1.0513184
1.0764282
1.2148671
1.1841962
1.2149301
1.047205
1.1160355
1.0076659
1.2189258
1.2079593
1.2185495
1.2089407
1.1133988
0.99148211
1.2158247
1.1951189
1.2153673
1.2080067
0.93206895
0.92123654
0.99373703
0.89326646
0.8855895
1.1792648
1.0750835
1.2187616
1.19965
1.2189302
1.0490459
1.0737608
1.2160026
1.1835716
1.0438677
1.2156135
1.1152373
1.0035415
1.2076075
1.219326
1.2190621
1.2089028
0.9321981
0.92048638
1.1128475
0.99169782
1.2164435
1.1942779
1.2160493
1.2076232
0.91268656
1.1540098
0.96827341
0.91507355
1.1543529
0.96846714
0.90022179
1.1822649
1.1827978
0.99290653
0.97125971
0.87870168
0.88043597
1.1163294
1.0495304
1.2064296
1.1615838
1.0329081
1.2066219
1.0509296
1.2056928
1.1602007
1.0341445
1.20619
0.9112901
0.89991697
1.0819038
0.95728507
1.1737549
1.2050389
1.2072392
1.1734837
1.0823693
0.95811149
1.1719574
1.2048899
1.2068521
1.1767496
0.88657752
1.1121288
0.94857047
0.90198051
1.0743601
0.95065394
0.88662649
1.1316009
1.0978591
0.96460072
0.88906089
1.1143108
0.94804411
0.90065829
1.074229
0.94936393
0.88803007
1.136605
1.0966016
0.9624521
1.2086641
1.0524399
1.2106639
1.1837073
1.207999
1.1064786
1.2097978
1.2054652
1.0080427
1.206228
1.1696341
1.2035477
1.0869865
1.2070282
1.209065
1.0516105
1.2105176
1.1846507
1.2080805
1.1064353
1.2099074
1.2066857
1.0092107
1.1690775
1.2058163
1.0845473
1.2065704
1.2070216
0.98848337
0.84462218
1.0096782
1.0262438
0.88925331
0.9441983
1.065037
0.99519533
0.8444796
1.025368
1.0332171
0.8896988
0.94668331
1.0826323
1.2213404
1.0746083
1.2210924
1.2123067
1.2214109
1.2210774
1.1526221
1.2214689
1.0745479
1.2215224
1.2124929
1.221732
1.2213711
1.1523798
1.2208213
1.0750548
1.220966
1.2120461
1.2208173
1.2208857
1.1545792
1.2210132
1.076634
1.221393
1.2125346
1.2211293
1.221405
1.1537951
1.2213127
1.0741101
1.2214199
1.2118963
1.2213011
1.2213861
1.1530186
1.2214141
1.0754529
1.2216935
1.2122974
1.2216193
1.2215651
1.1528439
1.2217612
1.0750096
1.2216645
1.2132101
1.1507267
1.2217604
1.2218073
1.2217337
1.0766377
1.2218086
1.213052
1.1507204
1.2219626
1.2218688
1.2122582
1.0384936
1.2134961
1.2054303
1.2144006
1.2108813
1.1492374
1.2112813
1.05474
1.1958795
1.2119694
1.2135412
1.1486588
1.2087298
1.2103554
1.0378713
1.2128028
1.2072378
1.2108314
1.2122198
1.1536462
1.2064304
1.0570178
1.1933324
1.2029888
1.2046496
1.1499359
1.2046987
1.2130836
1.0379487
1.2085933
1.2143786
1.2150135
1.1493552
1.2119148
1.2116596
1.0511026
1.1968905
1.2115485
1.2131706
1.1476432
1.2091905
0.99223754
0.89325742
0.88542571
1.1768028
1.075813
1.21822
1.1985489
1.0507661
1.2193647
1.0754421
1.2151215
1.1844327
1.046172
1.216271
1.1137603
1.0024114
1.2208844
1.2074899
1.2096877
1.2196772
1.1116855
0.98881264
1.2184461
1.1948231
1.2082681
1.2169966
0.93189485
0.9211583
0.99142704
0.89374241
0.88557462
1.1769771
1.0742727
1.2189387
1.1986997
1.0496757
1.2199019
1.0733492
1.2163816
1.1832352
1.0441249
1.2168633
1.113914
1.0029144
1.220897
1.2080385
1.2099526
1.2201078
1.1096903
0.98955693
1.2184044
1.1944758
1.2086605
1.2174446
0.93174514
0.92067583
0.91155623
1.1552106
0.96822607
0.91122827
1.1549477
0.96825381
0.90070658
1.1840406
1.1830643
0.99346622
0.97646456
0.88403104
0.88099015
1.1747713
1.0753148
1.2073376
1.1774233
1.0369605
1.2122023
1.0745457
1.206512
1.176665
1.0384949
1.2112766
1.098965
0.9866514
1.2166442
1.1868302
1.2047954
1.2138781
1.0979907
0.98527344
1.2158147
1.1867563
1.204652
1.2130204
0.95181354
0.90246228
0.88124667
1.1597006
0.97146765
0.88690578
1.1497875
0.97236287
0.8917285
1.1760574
1.1622962
1.0132428
0.88077158
1.1597045
0.97073422
0.88352586
1.1502531
0.96952738
0.89077027
1.1729951
1.1615841
1.0100054
0.91312323
1.1590352
0.96833848
0.9149673
1.1573772
0.96844991
0.90252334
1.1867665
1.1854169
0.99353029
0.99406418
0.89316974
0.88740213
1.1794599
1.0769709
1.2193504
1.200242
1.2191404
1.0492395
1.0740629
1.2171989
1.1853962
1.2163351
1.0441063
1.1164074
1.0043122
1.2191874
1.2084187
1.2190665
1.2093699
1.1124958
0.98845782
1.2166837
1.1956717
1.2083134
1.216454
0.93187142
0.92041239
0.88099574
1.1639565
0.97384538
0.88654748
1.1535186
0.97248782
0.89078905
1.1754076
1.1637234
1.0121544
0.97908649
0.88191316
0.88127077
1.1781479
1.0797814
1.1965711
1.1758547
1.2017222
1.0408281
1.0789156
1.2017823
1.1778645
1.2070931
1.0392788
1.1023936
0.98498269
1.2097505
1.18542
1.2036362
1.2031739
1.1014763
0.98521409
1.2130034
1.1874828
1.2038661
1.2091498
0.93916388
0.90164405
0.88033847
1.1620371
0.97211197
0.88657113
1.1506779
0.97078197
0.89036818
1.1758792
1.1629229
1.010498
1.2128815
1.0377709
1.2084744
1.214462
1.1525197
1.2141391
1.2125624
1.2112037
1.0557278
1.1965089
1.2094891
1.1505273
1.2110172
1.2090611
1.2120265
1.0381478
1.2138993
1.2073337
1.2119593
1.2135946
1.1517556
1.2098465
1.055107
1.1957575
1.2088243
1.2104384
1.148044
1.2081561
0.91132737
1.1573226
0.96866565
0.91343736
1.1567852
0.96845039
0.90163655
1.1853995
1.1844861
0.99235418
0.99238786
0.89306191
0.8856945
1.1790967
1.076619
1.2192763
1.1995911
1.2196292
1.049853
1.0715861
1.2163406
1.1840155
1.0441122
1.2167912
1.1146243
1.0035568
1.2076527
1.2198935
1.2196915
1.2091998
0.93125457
0.92082683
1.1107328
0.98975078
1.2176816
1.194868
1.2077369
1.2171859
0.88159575
1.16233
0.97219833
0.88538636
1.150337
0.97091349
0.89145154
1.1731883
1.1616213
1.0104146
0.97707547
0.88323157
0.88167087
1.1773514
1.0779666
1.2047394
1.1762297
1.2090887
1.0400758
1.078579
1.2060637
1.1779738
1.2103103
1.0405619
1.0988346
0.98836712
1.2134137
1.1860983
1.2106674
1.2038428
1.1012552
0.98477733
1.2146133
1.1869705
1.2039314
1.2118603
0.94167468
0.90372199
0.88124885
1.1622563
0.97261852
0.88554062
1.1515893
0.97088669
0.89040789
1.1744245
1.1629684
1.0119538
0.98991985
0.8931507
0.88541112
1.1781786
1.0742455
1.2195113
1.199164
1.2200728
1.0487169
1.0725457
1.2173281
1.1841673
1.2172916
1.0438271
1.1122351
1.0016614
1.2094042
1.2210189
1.2202889
1.2105474
0.93082247
0.92041901
1.1101143
0.99167774
1.2185674
1.19642
1.2177469
1.209708
0.99258103
0.89508765
0.88726072
1.1782243
1.0734149
1.2193511
1.1986659
1.2199816
1.0492211
1.0722625
1.2164487
1.1845119
1.2168005
1.0441005
1.1136259
1.0060558
1.208452
1.2207482
1.2200753
1.209918
0.9313933
0.92050775
1.1126565
0.99119008
1.2180389
1.1953204
1.2172266
1.2085786
0.88091299
1.1610913
0.97108482
0.8865545
1.1509402
0.97036114
0.89342835
1.1751405
1.1633143
1.0107482
0.88128514
1.1612434
0.97115258
0.88557197
1.1518722
0.9721824
0.89075982
1.1758708
1.1635173
1.0118808
0.97985943
0.88285374
0.88331972
1.1764929
1.0773834
1.2075841
1.1784773
1.2120765
1.0402765
1.078666
1.2071504
1.1782884
1.2115239
1.0386763
1.0997594
0.98681436
1.216096
1.1886318
1.205469
1.213663
1.1011274
0.98757484
1.2156801
1.1874135
1.2053741
1.2130154
0.94535051
0.90415598
1.2138496
1.0383705
1.2147972
1.2104747
1.2151557
1.2127444
1.151437
1.2128032
1.0548204
1.198861
1.2120367
1.2106909
1.1498058
1.2134312
1.2136166
1.0386211
1.2078521
1.2151174
1.1515028
1.2152179
1.212937
1.212424
1.054066
1.1966275
1.2116452
1.1491981
1.2129306
1.2103356
1.2133925
1.0396365
1.2075444
1.2150662
1.2150961
1.1503564
1.2128637
1.2121036
1.0535943
1.1965316
1.2113919
1.2100554
1.1499758
1.2128948
1.2100666
1.0519247
1.2112636
1.1841174
1.2086865
1.211087
1.1040998
1.2084891
1.0076038
1.2064628
1.1683276
1.2083929
1.2031754
1.0831717
1.2024188
1.0529467
1.202104
1.1737672
1.105047
1.2049879
1.2020517
1.2031854
1.0085683
1.2046265
1.1694186
1.0891035
1.2042719
1.2048055
1.2082975
1.0500548
1.2103255
1.1829006
1.2083772
1.2095282
1.1044937
1.2039557
1.0044273
1.1621473
1.2049401
1.2060777
1.0823777
1.2015001
0.88867926
1.112575
0.95044618
0.90140361
1.0715073
0.94816667
0.8905582
1.1341054
1.1027755
0.96697037
0.8895177
1.1134188
0.94858332
0.90014296
1.0677996
0.94797671
0.88820599
1.1361331
1.0978179
0.96462077
0.92874733
0.87313411
0.86140263
1.0749369
0.98700451
1.1878166
1.1196942
1.1986849
0.95124155
0.97648699
1.1308632
1.0067054
0.94078084
1.1635079
1.0131485
0.95747076
1.1463065
1.2010101
1.204122
1.1433068
0.89460167
0.87774532
1.0001961
0.92412544
1.1706291
1.0291772
1.1287449
1.1752192
0.92682021
0.87320072
0.86349816
1.0763381
0.98057983
1.1773628
1.1128008
1.1894895
0.94337646
0.96740497
1.103964
0.99833363
0.93177756
1.1406974
1.0090225
0.95674583
1.1393186
1.1988045
1.1974407
1.1420291
0.89051343
0.87462386
0.99612212
0.92818472
1.1706096
1.0305491
1.1303365
1.162869
0.82258788
0.95427641
0.8402643
0.82197526
0.95201946
0.84184552
0.86529707
0.97402056
0.97918272
0.85900042
0.97504482
0.8801423
0.88132666
1.1127711
1.0510408
1.1956725
1.153958
1.0363875
1.1975293
1.0499412
1.2006827
1.1619095
1.2004388
1.0354176
0.91738823
0.90016852
1.0817565
0.9599413
1.1627637
1.1988331
1.199323
1.1680164
1.0814362
0.9600919
1.1731694
1.2005258
1.2011169
1.168446
0.88764528
1.1157698
0.94996978
0.9007811
1.0755083
0.95017907
0.88789011
1.1371244
1.102152
0.96532247
0.92441231
0.87228628
0.86364471
1.0806842
0.9828227
1.1879909
1.1213336
1.1958863
0.95221762
0.96939699
1.1344309
0.99342681
1.1432503
0.94227675
1.0048079
0.95419747
1.1393952
1.1855962
1.1952402
1.1398142
0.89224692
0.87797134
0.99034133
0.92761266
1.1748657
1.0329692
1.1450993
1.1342577
0.82273459
0.95240735
0.8440451
0.82241382
0.95932771
0.84286962
0.86357477
0.98667569
0.9840599
0.86265095
0.92781238
0.87400814
0.86361061
1.0810188
0.98639878
1.1831946
1.1218765
1.1956857
0.94932917
0.97618835
1.1200852
1.0090442
0.93824329
1.1571365
1.0125719
0.95991864
1.1445971
1.1988378
1.1469802
1.2008756
0.89281634
0.87717129
0.99974666
0.92654188
1.1733431
1.0387163
1.13387
1.1691669
1.2058247
1.0532362
1.2080848
1.1824891
1.2070214
1.2080726
1.1075675
1.2043826
1.0076131
1.1694632
1.2046516
1.2053904
1.0884933
1.2056911
1.2053646
1.0531173
1.2075057
1.1818115
1.1052769
1.2075965
1.2065319
1.2045438
1.0054681
1.2040756
1.1704954
1.0891867
1.2038452
1.205313
0.97332275
0.88080731
0.88130885
1.1217902
1.051591
1.2038272
1.1610422
1.0364942
1.2035151
1.0514754
1.2051823
1.1635409
1.2047968
1.0368438
0.90723262
0.90097206
1.0852952
0.9586787
1.1724944
1.2032898
1.2038653
1.1783038
1.085133
0.95924091
1.1756819
1.2038746
1.2051114
1.1777426
0.88505333
1.1164185
0.9487336
0.90144784
1.0740499
0.94819348
0.89177422
1.1389565
1.1015323
0.96401202
0.92762064
0.87294111
0.86410148
1.0787254
0.98271146
1.1802155
1.1215278
0.94827815
1.1965188
0.97129586
1.1202327
1.010456
1.159273
0.93795734
0.89192885
0.87706522
1.0100439
0.95757594
1.1393067
1.2009346
1.1986674
1.1453957
1.0002181
0.93128252
1.0426958
1.1764378
1.1725215
1.1342419
0.82279016
0.96098601
0.84412561
0.82254849
0.96230853
0.84340488
0.86541474
0.98835276
0.98699333
0.86410421
0.92901088
0.87268786
0.86386355
1.0790946
0.9839364
1.1851545
1.1210766
0.9499097
1.1947527
0.97375001
1.1220836
1.0134524
0.93886338
1.1572869
0.89330657
0.8772145
1.013387
0.95798528
1.1446603
1.2013162
1.1473559
1.1996124
1.0019251
0.92902517
1.0444816
1.1758775
1.1341078
1.1746899
0.8869439
1.1148014
0.94942334
0.90188662
1.0742427
0.94915866
0.88639344
1.1371869
1.1010223
0.96496517
0.88906519
1.113898
0.95124122
0.90163647
1.0715506
0.94732344
0.88814459
1.1358322
1.1044497
0.96545587
0.97180804
0.88094937
0.87996325
1.1185234
1.0500894
1.2067038
1.1617114
1.036147
1.2066942
1.051278
1.2062703
1.1624189
1.0348216
1.2063056
0.9069193
0.90150168
1.0838015
0.95840778
1.172887
1.2048868
1.1775789
1.2071588
1.0837729
0.95920176
1.175005
1.2051027
1.1756727
1.2067826
0.82258209
0.95205427
0.8421941
0.82257836
0.96393082
0.84221791
0.86600624
0.97794634
0.98610563
0.86069232
0.92880354
0.87311703
0.86425627
1.0776034
0.98538092
1.1835716
1.1211364
0.9498782
1.1964715
0.97208015
1.1196271
1.0005917
0.93847584
1.1520006
0.89398923
0.87758805
1.0101159
0.95683826
1.1429636
1.1996339
1.1423022
1.2010762
0.9985988
0.9282633
1.0295665
1.1712741
1.1311276
1.1663127
0.93160775
0.87362803
0.86219588
1.0809277
0.98770456
1.1867573
1.1200012
0.9520221
1.1965496
0.97777852
1.1252977
1.0154404
0.94098511
1.1612427
0.894428
0.87841619
1.0183019
0.95881627
1.1485216
1.2020412
1.1495702
1.2022511
1.0066105
0.92496248
1.0449754
1.1779026
1.1363291
1.1801384
1.208496
1.0506464
1.2105456
1.1849292
1.2097023
1.209705
1.1059788
1.2068514
1.0085505
1.1703503
1.2056885
1.2065477
1.0869761
1.2070505
0.98540357
0.8448062
1.0141328
1.0383549
0.8852215
1.0716245
0.93102501
0.98587654
0.84255396
1.0073411
1.0081854
0.88889158
1.0555933
0.91936801
0.99190511
0.84518609
1.0082209
1.0347049
1.0603902
0.8937147
0.93221258
0.99310185
0.84434785
1.0200901
1.0315605
0.92978219
0.89072849
1.0776063
1.0013665
0.84551056
1.0226769
1.0371433
1.0809562
0.8949819
0.93236718
0.99996048
0.84428225
1.0235857
1.033802
0.929687
0.89379198
1.0802622
1.1836667
1.2179536
1.2189681
1.2175988
1.2185998
1.2170717
1.1699189
1.214958
1.2171199
1.2180694
1.2138427
1.2172297
1.214846
1.2146898
1.1821778
1.2198377
1.2187293
1.2186358
1.2192792
1.1679447
1.2178746
1.2166676
1.2191327
1.2184125
1.2154012
1.2186263
1.2160106
1.2164378
1.1545393
1.2108126
1.210429
1.2115852
1.1407952
1.2104273
1.2101651
1.1382324
1.1368737
0.96287826
0.95570348
1.1409634
1.1338835
0.96097546
1.1373484
0.96432516
1.1359085
0.95701352
1.1395373
0.96232622
1.1332991
0.83330482
0.81758495
0.8172709
0.82163124
0.81943102
0.82798398
0.82670938
1.2220334
1.2219254
1.2207058
1.2206277
1.2219338
1.2219463
1.2211497
1.1745238
1.1665217
0.98419104
0.98471692
1.1700138
1.1701546
0.98880744
1.1732638
1.1662618
0.98378531
0.98423595
1.1691433
1.1697051
0.98795927
1.1741933
1.1664499
0.98461097
0.98446539
1.1700449
1.1698749
0.98887762
1.1739101
1.1663447
0.98470866
0.9845578
0.98922884
1.1698092
1.169763
1.2220812
1.2218919
1.2206427
1.2204967
1.2219819
1.2219538
1.2210499
1.2182095
1.2198634
1.2199856
1.2177245
1.2196906
1.2184794
1.2176498
1.1533939
0.97181913
1.1393314
0.97075498
1.147876
0.98228645
1.1438053
1.2134914
1.2167232
1.2176376
1.2129206
1.2166099
1.2138547
1.2123777
1.1559595
0.97322721
1.1417797
0.97162558
1.1502648
0.98362787
1.146466
1.2173642
1.2192138
1.2197859
1.2173299
1.2192027
1.2174473
1.2170269
1.1539833
0.96907961
0.96789982
1.1386461
0.97933891
1.1475218
1.1441108
1.1819161
1.2189005
1.219307
1.2180748
1.1697702
1.2196027
1.2183626
1.1808575
1.2196629
1.2202611
1.2191821
1.1684368
1.2203934
1.2192236
1.164972
1.2145055
1.2119968
1.2114394
1.143119
1.2138908
1.213256
1.1827067
1.2189987
1.220316
1.2192656
1.2197104
1.2185379
1.1688276
1.1658742
1.2047418
1.2012092
1.2037634
1.2033387
1.2062429
1.1435545
1.1565006
0.97061771
0.96876361
1.1425876
0.97983321
1.1511424
1.1470773
1.2149155
1.2181187
1.217231
1.2149084
1.217255
1.2144621
1.2149711
1.1556759
0.97067299
1.1410737
0.96946399
1.1498842
0.98112366
1.1459785
1.1817053
1.220413
1.2195683
1.219286
1.220076
1.1686983
1.218829
1.1659491
1.2115315
1.20921
1.2098691
1.2108916
1.2115521
1.1454628
1.1806685
1.2206412
1.2198201
1.219562
1.2194505
1.2206391
1.1684695
1.1818318
1.2205359
1.219689
1.2194181
1.2191001
1.2203972
1.1686265
1.1673493
1.2138651
1.2118147
1.2116763
1.2135007
1.2133079
1.1455106
1.2173021
1.2198224
1.2191137
1.216947
1.2191001
1.2171386
1.2173922
1.157356
0.97117564
1.1429048
0.96926417
1.1476906
1.1514744
0.98098684
1.1546313
0.97262661
0.96940547
1.1415508
0.98099355
1.1501281
1.1449864
1.2165819
1.2195007
1.2187161
1.2166851
1.2186813
1.2163806
1.216727
1.155695
0.97330403
0.97074162
1.141769
1.1459652
0.98266602
1.1504533
1.1351845
1.1337103
0.96442278
0.95607142
1.1376017
1.1310492
0.96233905
1.2088405
1.2090705
1.2063254
1.2052873
1.2088771
1.2093713
1.206374
1.1375987
1.1359412
0.96518182
0.95732185
0.96310961
1.1400685
1.1331494
1.2024666
1.2009593
1.2004231
1.200398
1.2013707
1.2031594
1.2015687
1.1348545
0.96159622
1.1326395
0.95363972
1.1375574
0.96004962
1.1295622
1.2065451
1.2085375
1.2051241
1.2027811
1.2073173
1.2067313
1.2044127
1.0693767
1.1907412
1.2069161
1.1710202
1.1990556
1.029951
1.1848982
1.0556208
1.1784081
1.2020826
1.1493155
1.1879704
1.0150089
1.1658358
1.1519211
1.2003154
1.2019536
1.2035759
1.201496
1.1410401
1.2006885
1.0609891
1.191369
1.2032595
1.17267
1.1774392
1.1971227
1.0319468
1.0674008
1.1856093
1.2035237
1.1630306
1.1954629
1.0252711
1.1795168
1.1381385
0.96282495
1.1366009
0.95552209
1.1336628
1.1406669
0.96106083
1.2028488
1.2029704
1.2006368
1.2041575
1.2021139
1.2047601
1.2012982
1.1366112
1.1347703
0.96321
0.95471991
0.96129614
1.1393174
1.1315038
1.2032311
1.2050035
1.2018487
1.201633
1.2042773
1.203518
1.2012247
1.1571012
1.2080063
1.2086416
1.2081286
1.2078397
1.1435461
1.2071894
1.062783
1.1852814
1.1638348
1.2025515
1.1816207
1.0237086
1.1975601
1.0645745
1.1862073
1.1634965
1.2017127
1.0269294
1.1942893
1.1780721
1.1567796
1.210617
1.2105141
1.2107468
1.1432241
1.2100389
1.2098308
1.0629532
1.1861643
1.1629649
1.2052242
1.0255937
1.1948872
1.1769704
1.0699096
1.1885179
1.1663744
1.2032674
1.0301792
1.1953191
1.1796739
1.207011
1.2071651
1.2031841
1.2040989
1.2075011
1.206856
1.2043912
1.1361749
0.96306398
1.1357106
0.95666725
1.1330829
1.1385494
0.96083155
1.2064685
1.2059283
1.203259
1.204778
1.2065737
1.2065129
1.2044575
1.2057283
1.2067133
1.2025202
1.203272
1.2067225
1.2056352
1.20349
0.834575
0.81772392
0.81797325
0.82282206
0.81984122
0.82838259
0.82922346
0.83395645
0.81770923
0.81765553
0.82233779
0.82813453
0.81966192
0.82830316
0.83288631
0.81772983
0.81721468
0.82169705
0.8264768
0.81936833
0.82834252
1.2006598
1.2014648
1.2026136
1.2008989
1.1985672
1.1999473
1.2029235
1.1968277
1.2008202
1.2010509
1.1966025
1.1938222
1.1958382
1.1969084
1.0987868
1.1847446
1.169835
1.0153119
1.1947353
1.0687764
1.0152666
1.1093174
1.2065269
1.1730052
0.985428
1.2070476
1.0884689
1.0153783
0.99492704
1.0886622
0.92689228
1.0041466
0.93055662
0.99463576
1.0892224
0.92688089
1.0033127
0.93129775
1.0820436
1.1720012
0.9818795
1.140988
1.174393
1.0669186
0.9999916
0.9958383
0.89732805
1.068354
0.99770217
0.90049877
0.94747201
1.0079244
0.90035567
0.95267563
0.90137365
0.99326322
0.90155319
1.0662937
0.99591104
0.90017304
0.94398632
0.89855369
1.0067959
0.94996539
0.9007359
1.2085797
1.2084415
1.1897443
1.1861063
1.1287711
1.209202
1.2080147
1.2086167
1.2074459
1.1907385
1.1885465
1.1288717
1.2087781
1.2073238
1.054465
1.1655614
1.0407545
1.0531634
0.91692073
1.1184889
1.1270449
1.2216091
1.2217174
1.2155927
1.2156845
1.2216213
1.221781
1.1817496
1.2208849
1.2205918
1.2150418
1.2152749
1.220733
1.2208307
1.1835058
1.221385
1.2212026
1.2151025
1.215343
1.2212801
1.2214224
1.1823239
1.2218327
1.2217286
1.2158807
1.2160179
1.1802533
1.2217953
1.2218172
1.2137755
1.2161096
1.2076037
1.2015646
1.2153164
1.2149522
1.1665229
1.2088301
1.209882
1.2064627
1.1975936
1.2114084
1.2068546
1.1676035
1.2140083
1.215792
1.2091847
1.2015861
1.2155381
1.2146211
1.1660221
1.1116409
1.2068766
1.1755395
0.98721496
1.2080001
1.0901382
1.0161766
1.1111965
1.2069174
1.173608
0.98546146
1.2081609
1.0907418
1.0157559
1.0943789
1.1844653
1.167541
1.0132235
1.1933231
1.0677712
1.0127682
0.99513663
1.0915575
0.92844117
1.0035329
0.93038
0.99526619
1.0902417
0.92674828
1.0032904
0.93117224
1.0836996
1.1747884
1.1473097
0.98931141
1.1805823
1.0706889
1.0009272
1.0827727
1.1744132
1.1474465
0.99318382
1.1812456
1.0694367
0.99864005
1.0138777
1.0619126
0.90529103
1.0297839
0.91265888
1.0025934
1.078406
0.90006777
1.0154852
0.91980882
1.0128268
1.0598824
0.90456044
1.0261333
0.91123089
0.99624726
1.0775851
0.9034724
1.0061531
0.92039689
0.99565864
1.0893066
0.92659592
0.93116563
1.0035571
0.99553891
1.0907245
0.92762397
1.004077
0.93229485
1.1107041
1.2078097
1.1733112
0.98551025
1.2087861
1.0146047
1.089825
1.0952908
1.1858373
1.1699631
1.0091969
1.1948535
1.0146165
1.0647143
1.013865
1.063836
0.90611676
0.91242708
1.0315308
0.99860429
1.0822612
0.90385556
1.0101654
0.92170537
1.0862285
1.1703567
1.14816
0.99314664
1.1771939
1.0014921
1.074561
1.0863987
1.1748856
1.1499732
0.99336008
1.1814633
1.0035242
1.0748584
1.0120136
1.0596046
0.90256978
0.91081658
1.0271683
0.99799253
1.0813556
0.90303129
0.92526607
1.0096868
1.2125577
1.213635
1.2089005
1.2012684
1.1687418
1.2139416
1.2124087
1.2117857
1.2131957
1.206552
1.2001608
1.2133779
1.2118742
1.1659889
0.99593079
1.0880377
0.92615513
0.93036368
1.0049575
0.99609629
1.0905355
0.92779588
1.0050708
0.93049703
1.1097025
1.2068747
1.1731637
0.98585287
1.2075792
1.0149192
1.0881952
1.014657
0.90474164
1.0597439
0.91077594
1.026343
1.0007432
1.075469
0.90017758
1.0125337
0.91515515
1.0883886
1.1763285
1.1492647
0.98414082
1.1817511
1.0019882
1.0781146
1.0134567
0.90616858
1.0609439
0.91231172
1.0274272
1.0020862
1.0778528
0.90025708
0.91814603
1.011578
1.0953438
1.1865019
1.0124083
1.1688936
1.1957033
1.0673565
1.0136616
1.108898
1.2071706
1.1727793
0.98418167
1.2085993
1.0138211
1.0876409
1.0963785
1.1836885
1.0125982
1.1694192
1.1933164
1.0669246
1.0148316
1.012689
0.90403159
1.0599988
0.91123732
1.0275443
1.0003765
1.0767524
0.89836685
0.91654122
1.0115244
1.0135222
0.90526235
1.0621681
0.91236431
1.0293991
1.0055878
1.0793321
0.89945582
0.91828994
1.0165011
1.0845664
1.1769011
1.1490828
0.9879374
1.1835255
1.0003028
1.0724793
1.0853248
1.1757168
1.1489538
0.99355114
1.1813929
1.0029379
1.0779258
1.2141522
1.2158164
1.2105605
1.2032172
1.21554
1.1681792
1.2147221
1.2139489
1.2151764
1.2069693
1.2017754
1.166282
1.2152061
1.2140898
1.2138474
1.2151085
1.2081036
1.2018338
1.2151038
1.1677573
1.214037
1.2099554
1.2097234
1.1895814
1.1869441
1.2105346
1.2091714
1.1265334
1.2033266
1.2032826
1.179026
1.1823037
1.1267008
1.2026151
1.2033896
1.2076517
1.2076527
1.1889817
1.1823437
1.2087479
1.2069212
1.1263325
0.99490271
0.90112888
1.0655317
0.89888177
0.99506162
0.94795701
1.0055771
0.90052354
0.95089055
0.90088769
0.99258957
0.89765909
1.0630582
0.89300517
0.99494777
0.9435458
1.0008202
0.89894523
0.94663367
0.89914423
0.94764315
1.006986
0.88607091
0.96512779
1.0223608
0.89447221
0.93236091
0.93062073
0.98453442
0.87876425
0.94374193
0.99373269
0.88497865
0.91932166
0.8538512
0.8419348
0.8913288
0.84669993
0.86090885
0.99172269
0.90752311
1.0680185
0.90184214
0.99275055
0.94700734
1.0061244
0.90126509
0.90127184
0.95067806
0.94870574
1.0107361
0.88751392
0.96427933
1.0236964
0.93389413
0.89467604
0.85911207
0.84507503
0.90086553
0.85027288
0.86526692
1.0077837
1.111339
1.0666751
0.93349039
1.1162776
0.95335563
0.99460903
1.2062572
1.2051613
1.1875303
1.1863437
1.2061885
1.1296861
1.2057677
1.2055089
1.2051094
1.18807
1.1835997
1.1264012
1.2059134
1.2049762
1.0842227
1.1717593
0.98248228
1.1422186
1.1740249
1.0017885
1.069127
0.9959971
0.89990759
1.0680274
0.90325672
0.99484511
0.9468013
0.90095148
1.004962
0.900991
0.94949287
0.95052259
1.0013661
0.88599747
0.96766527
1.0256586
0.9298104
0.89615906
0.85920881
0.84507763
0.90439834
0.85133416
0.86810628
0.85728412
0.84379873
0.90082393
0.84937715
0.86654493
1.0074186
1.1139463
0.93326862
1.0659296
1.1168809
0.95096015
0.9964937
0.99489798
0.89761539
1.0671367
0.99502372
0.90158091
0.94724185
0.9016095
1.0061574
0.95040145
0.90070259
0.99516136
0.90517578
1.0656249
1.0006367
0.8950919
0.94806293
0.90117549
1.0064072
0.95122016
0.9015078
1.0852297
1.1745922
0.9798645
1.1435065
1.1765511
1.0698677
1.0007499
1.085585
1.1734907
0.98469234
1.1423326
1.1761384
1.0709545
1.0029307
0.85756647
0.84352801
0.89836472
0.86512521
0.84900469
0.85787804
0.84437785
0.90158231
0.86787128
0.84981502
1.0074203
1.11206
0.93242199
1.0662591
1.1168627
0.99453508
0.95093312
0.94329089
1.0035757
0.8855377
0.96119868
1.0166346
0.93052594
0.89276731
1.2085883
1.2076041
1.1910499
1.1875015
1.2088913
1.1288506
1.2072832
1.0470376
1.1566946
1.0364609
1.0415866
0.91458492
1.1099462
1.113989
1.0571101
1.169463
1.0493672
1.0485358
1.1219687
0.92066299
1.1273009
1.070144
1.1748934
1.055838
1.0537715
1.1343901
0.92620896
1.1318901
0.95135839
0.96405831
0.95941842
1.2038961
1.2037215
1.1978341
1.2185865
1.0920658
1.2203961
1.2203379
1.2156434
1.2154431
1.2197034
1.2202655
1.0846643
1.2188137
1.2179912
1.2145662
1.2115322
1.2189143
1.218765
1.0835581
1.2183035
1.2172495
1.2143918
1.2114044
1.2185722
1.2182322
0.88982069
0.89026039
1.2177269
1.2160485
1.2179527
1.2176798
1.216356
1.2174239
1.2171652
1.2176758
1.2171827
1.2161904
1.2177291
1.2160769
1.2171888
1.217216
0.88987068
0.88405966
0.88854973
0.88382897
1.1443473
0.9729252
1.1574243
1.0021538
1.1451343
0.9727654
1.1574884
1.1408098
0.95863927
1.1459182
0.9713668
1.1357146
0.96442189
1.1496375
1.1436284
0.97525668
1.1543579
1.0008875
1.1437815
0.97386506
1.1549855
1.1489135
1.1697978
1.0236624
1.0033634
0.97680347
1.1605688
1.1579437
1.155006
1.0748968
1.1249052
1.1534664
1.1237163
1.1739715
1.1854013
1.1470728
1.0968129
1.1228079
1.1708859
1.1520959
1.1963865
1.1834157
0.84467068
0.82149367
0.83356444
0.85377061
0.82395927
0.83843544
0.86256811
0.84446911
0.82102857
0.83384436
0.85247067
0.82397009
0.83680996
0.86345802
1.2199834
1.2209766
1.2211351
1.2212345
1.2202172
1.2209412
1.2207187
1.2206948
1.2215144
1.2217309
1.2216767
1.2208257
1.2214244
1.2213059
1.1838861
0.9943819
1.1906381
1.0232468
1.1781739
1.0002353
1.1946814
1.1836578
0.99408961
1.1912332
1.0229298
1.1785269
0.99931283
1.1948334
1.1809476
0.99374477
1.189166
1.0224057
1.1758812
0.99874261
1.1927547
1.1828363
0.99369671
1.1912925
1.0229629
1.1781712
0.99833455
1.1945364
1.1902507
1.2037243
1.0581361
1.0559845
1.015318
1.1982964
1.198514
1.2206406
1.2213195
1.2212438
1.2210367
1.2201876
1.2208506
1.2211331
1.2204184
1.2213857
1.2209254
1.2200933
1.2212239
1.2209436
1.2211335
1.1835654
0.9940475
1.1911962
1.0234767
1.1784872
0.99959455
1.1947141
1.183518
0.99464438
1.1912752
1.0222638
1.1782688
1.0000194
1.194937
1.2209005
1.2216866
1.2214714
1.2215625
1.2206608
1.221354
1.2214744
1.1832086
0.99454309
1.0228104
1.1916719
0.99962353
1.1782296
1.1954698
1.1830927
0.99394804
1.0241779
1.1912608
0.99939183
1.1780447
1.195075
1.2210093
1.2217242
1.2220385
1.2217767
1.2209579
1.2215447
1.2215387
1.2133537
1.2122033
1.2135282
1.2146028
1.2148925
1.2151324
1.2141302
1.1648275
0.98798857
1.1715357
1.0312031
1.1588596
1.0013661
1.1764892
1.1570946
0.982902
1.0161602
1.1567159
0.99616274
1.1478874
1.1647651
1.1668678
1.1888564
1.0277924
1.0251887
1.0157662
1.1770076
1.1747442
1.2157849
1.2142374
1.209317
1.2153087
1.2137425
1.2151296
1.2155075
1.1670726
0.98948794
1.1727564
1.0310736
1.16109
1.0035604
1.1776228
1.1599788
0.98346019
1.0207638
1.1611372
0.99623294
1.1511614
1.1687555
1.2015641
1.2011867
1.2029028
1.2037224
1.202511
1.2042186
1.204019
1.2173985
1.2173885
1.2157576
1.2162391
1.2176721
1.2173471
1.216924
1.2122178
1.211858
1.2125604
1.2136824
1.2135072
1.2138744
1.2128406
1.1657571
0.98575812
1.0277155
1.1723394
0.99899813
1.1589492
1.1776107
1.1573655
0.97894286
1.0176063
1.1592581
0.99158462
1.1482369
1.1672546
1.1676728
1.1917633
1.0245858
1.026999
1.0124802
1.178169
1.177348
0.88960736
0.88960718
0.86355699
0.86381923
0.8633937
0.86351599
0.95407358
0.96188636
0.95804532
1.2038426
1.2039622
1.1986036
1.2160603
1.0867394
1.2153347
1.2129396
1.2130845
1.2095301
1.2158357
1.2151414
1.0847128
1.216094
1.2144666
1.2133293
1.2098682
1.2160975
1.2157652
0.88957771
0.890259
0.86432087
0.86427867
0.86375337
0.86421969
1.2174262
1.2105959
1.2157218
1.2167836
1.2153954
1.2165556
1.2168569
1.2069757
1.209579
1.2090565
1.2088855
1.2105492
1.2096087
1.2077835
1.1679446
0.9870895
1.0284027
1.1745584
0.99946767
1.162248
1.1792969
1.1611578
0.98208519
1.0183578
1.1616922
0.99480469
1.1522758
1.1691908
1.1670952
0.98732668
1.1731711
1.0299442
1.1610293
1.0010858
1.178028
1.1591601
0.98197148
1.0189792
1.1600732
0.99432197
1.1503499
1.1679833
0.89119491
0.89052047
0.95125373
0.96256023
0.9604124
1.2037075
1.2036434
1.1984721
1.2167236
1.0865455
1.2162745
1.2148827
1.2131844
1.2105871
1.2165461
1.2160327
1.0851016
1.2173899
1.2158484
1.2136916
1.210731
1.2170196
1.2168701
0.86493007
0.86304603
0.86393036
0.86387011
0.95206077
0.96218214
0.96421532
1.2048503
1.2044296
1.1985594
1.2182345
1.0932004
1.2202382
1.2201007
1.2156857
1.2155256
1.2193076
1.2199808
1.0859437
1.2182614
1.2171272
1.2149904
1.2116278
1.2183993
1.2181116
1.0868827
1.2178853
1.2168439
1.214397
1.2115598
1.2182161
1.2177652
0.86278508
0.86345125
0.86406258
0.86423979
1.1687982
0.98791478
1.174872
1.0311858
1.1625901
1.0007282
1.1797747
1.1603343
0.9803413
1.1620764
1.0195661
1.1513869
0.99340929
1.1700659
1.170248
1.1938575
1.0265549
1.0262369
1.0141985
1.1800544
1.1793734
1.2125647
1.2124709
1.2129085
1.2138064
1.2139203
1.2141301
1.2131227
1.2111021
1.2115281
1.2119166
1.2123806
1.2129754
1.2127915
1.211751
1.2120168
1.2115595
1.2120579
1.21341
1.2130697
1.2131515
1.2121222
1.1420473
0.97527009
1.1527774
0.99886551
1.1423443
0.97581341
1.1531763
1.1384882
0.95914026
1.1436506
0.97228943
1.13326
0.96520003
1.1470079
1.1470988
1.1686741
1.0212233
1.0043658
0.97683682
1.1592015
1.1561173
1.1443689
0.97630956
1.0065847
1.1565976
0.97525668
1.1451332
1.1569666
1.1409674
0.96051292
0.97241248
1.1457584
0.96599569
1.1352911
1.1501261
1.2111089
1.2114527
1.204724
1.2100996
1.2103021
1.2108558
1.211861
1.1420526
0.97248835
1.154569
0.99948614
1.1425551
0.97188667
1.1544604
1.1376398
0.95580182
0.97045015
1.141176
0.96238547
1.1311457
1.1463334
0.88934466
0.88385089
0.88595833
0.88437513
0.92135486
0.92210298
0.92136378
1.1539822
1.1183195
1.1257238
1.1987979
1.0188823
1.2083907
1.2087488
1.1874878
1.1712163
1.2021176
1.2081861
1.0196466
1.2068855
1.2047227
1.1909274
1.1710384
1.2035683
1.2053964
0.82050436
0.82085194
0.88823103
0.88318565
0.92379377
0.92220028
0.92146398
1.1472691
1.1285969
1.1236364
1.1922549
1.0213333
1.2016678
1.2013207
1.1809353
1.1738134
1.1988097
1.2027668
1.0225804
1.2041664
1.2034598
1.1809444
1.1726816
1.1977987
1.2039631
0.82131089
0.82111789
1.1456693
0.97515414
1.1574295
1.0040187
1.1462855
0.9750292
1.1579677
1.1413142
0.95857372
1.1455736
0.97121924
1.1354727
0.96524001
1.1499396
1.2058551
1.1974244
1.2053826
1.2072361
1.2053111
1.204105
1.2046242
1.1439744
0.9752433
1.0039186
1.1559673
0.97505583
1.1445504
1.1563513
1.1398051
0.95785662
0.97047075
1.142803
0.96476804
1.1331173
1.1483635
1.1486587
1.1703989
1.0274623
1.004868
0.97659112
1.161721
1.1574517
1.2079595
1.2081428
1.2033902
1.2070145
1.2068868
1.2072216
1.208339
0.88658954
0.88195671
0.82138028
0.82128372
0.920571
0.92288355
0.92552965
1.1588393
1.1275407
1.1243774
1.200369
1.0202801
1.2046128
1.2037874
1.1908261
1.1727354
1.2026838
1.204009
1.0205444
1.205916
1.2058528
1.1901915
1.1727413
1.202546
1.2056239
1.0054775
1.198726
1.19635
1.1672767
1.1643228
1.201549
1.2025385
0.88950736
0.88069301
0.89029006
0.88408848
0.8208379
0.82102729
0.9208199
0.92108883
0.92182452
1.1552864
1.126782
1.1245321
1.1991168
1.0207301
1.2069097
1.2054615
1.1911538
1.1725286
1.2033721
1.2061347
1.0210779
1.2070564
1.2068046
1.1888554
1.1761048
1.2026559
1.2058892
0.99698152
1.1976806
1.196708
1.1661542
1.1659003
1.1990288
1.2028211
1.2114531
1.2118138
1.2053276
1.2106591
1.2103405
1.2110884
1.2121233
1.2062136
1.2062148
1.1873961
1.2067346
1.2060748
1.2057484
1.2052113
1.1423817
0.97292442
1.1550012
1.0010641
1.1426561
0.97264216
1.1557387
1.1474855
1.1709757
1.0244817
1.0028163
0.97524654
1.1615476
1.1568274
1.2056689
1.1987529
1.2048485
1.2061022
1.2048827
1.2035874
1.2036212
1.2107769
1.2110804
1.2056017
1.2099476
1.2100447
1.2099865
1.21113
1.1550352
1.0974349
1.1306293
1.1758185
1.1532259
1.2002859
1.1910785
1.1249239
1.0723959
1.0938129
1.1483894
1.1228267
1.1780665
1.167888
0.84415256
0.82135326
0.8330206
0.8539606
0.82385893
0.83821361
0.86109771
0.84571912
0.82183994
0.83370011
0.85268155
0.82455156
0.8391276
0.86167594
0.85634935
0.8991901
0.84057442
0.8419956
0.83017503
0.87328755
0.87643543
0.84547497
0.82151037
0.8339502
0.85438496
0.82436918
0.83866861
0.86283477
0.84458579
0.82148407
0.8540341
0.83335924
0.83847759
0.82396666
0.86222534
0.84510663
0.82186166
0.83418393
0.85560216
0.82425854
0.83947141
0.8637547
0.84400826
0.82098689
0.85308284
0.83354567
0.83697318
0.82380141
0.86240791
1.1472511
1.0769471
1.1223323
1.155142
1.1697092
1.1928325
1.1827615
1.0528083
0.89353951
0.88933578
0.92497518
0.92146639
0.98489614
0.88825818
0.89699525
0.97686476
0.88520435
0.89258996
0.89605399
1.1144515
1.0906423
1.0873016
0.97746811
1.0027748
1.0004812
0.95242816
0.93408097
0.88758934
1.0645864
1.0517965
1.1750342
0.92563759
1.1738994
0.92643415
1.0619294
0.97131284
0.89129847
0.92723647
1.0137881
0.91629634
1.0700684
1.1881874
1.05973
0.97497434
1.1792239
1.1123662
0.92842148
0.95534727
0.92511378
0.87322531
1.0064018
0.88192563
0.91621954
1.0266534
0.90006868
1.1098831
0.92074762
0.89308661
0.95752185
0.95627985
1.0619458
1.0102617
1.16188
1.1111787
1.0971171
0.91534017
1.1918455
1.0332027
1.0576598
1.1062171
0.91300218
0.88035181
0.96351888
0.96950331
1.0559767
1.0190375
0.92618142
0.9223112
0.89459942
1.0540713
0.88907704
0.92512652
0.92090652
0.97553839
0.8848925
0.89419468
0.95292159
0.93273712
0.88854194
1.06411
1.0493395
1.1735271
0.92482152
1.1718502
0.92624193
1.0597597
0.97270959
0.8932736
0.92696226
1.0147938
0.91587388
1.0688532
1.0551907
1.1871118
0.97361342
1.1775953
0.92762327
1.111204
0.95323444
0.92371996
0.87299394
1.0530928
1.0464166
1.1674238
0.91871537
1.1702801
0.92081409
1.0467975
1.0038214
0.88172525
0.91483703
1.0242588
0.8995304
1.1098691
0.92072239
0.8913887
0.95754115
0.955834
1.0632164
1.0085023
0.92498137
0.9205563
1.1603012
1.1086951
1.0965513
0.91493112
1.1911432
1.0318131
1.0546101
1.1037736
0.91312268
0.88111857
0.96162537
0.96633952
1.0538468
1.0178463
0.96128817
0.91726291
0.96628422
0.89223816
1.1133126
1.0742106
0.97732274
0.92068475
1.0380992
0.95347593
0.94211781
1.0013696
0.97954484
0.96237698
0.91810129
0.96802818
0.88969059
1.1145093
1.0753568
0.97705631
0.91979934
1.0369884
0.95378458
0.9425257
1.0011034
0.98017891
0.89755413
1.0337789
0.96483831
0.96309904
0.98454322
1.2036493
1.1148805
1.0252014
0.95259111
1.1668817
1.0704282
0.94504993
1.047341
1.0452259
0.89617788
0.89457749
1.1033258
0.89596178
0.9210278
0.89300968
0.92005912
0.88726641
0.88916727
1.0099772
0.91289764
0.90768038
0.95224826
0.87741375
0.89231972
0.95447051
0.87754846
0.89323095
0.88836261
1.0593001
1.0276841
1.029744
0.94889307
0.97248492
0.97293442
1.0507116
1.0377298
1.1584495
0.94105858
1.1490476
0.90577612
1.0776581
0.94382867
0.9179474
0.87842401
1.0437128
1.0322798
1.1433357
0.903586
1.1442708
0.89970302
1.041598
0.96141791
0.88195258
0.89995526
0.99435373
0.89476094
0.94623378
0.91285496
0.88149514
1.0446839
1.0334421
1.1440293
0.90467365
1.1454716
0.89974417
1.042144
0.96008773
0.88207465
0.89982098
0.99533041
0.89562981
0.9063031
0.90264477
1.0993144
1.0583915
0.89027771
1.0343143
1.1359359
0.98366368
1.0104535
1.0552056
0.89865712
0.87898466
0.93671574
0.93603919
1.0198867
0.97866035
1.1017992
1.0583205
0.89184557
1.0397556
1.1390484
0.9883883
1.0103577
1.0557003
0.89631985
0.8791499
0.93539999
0.93577726
1.0192692
0.97876238
0.94034046
0.89268804
0.94285485
0.88611848
1.0887346
1.0333561
0.96451913
0.90115695
1.0189819
0.9379821
0.92858926
0.96506463
0.94805061
0.929217
0.90347326
0.9328306
0.88299723
1.0330179
1.0181342
0.94194545
0.90484319
0.984305
0.92259679
0.92468651
0.96591964
0.94610187
0.8845918
0.99113489
0.93415219
0.93380396
0.96146671
1.147793
1.0621096
1.0001549
0.93159794
1.0985756
1.0253317
0.9458539
1.1224691
1.0454432
0.97111485
0.92368882
1.082895
1.0046406
0.92109536
1.0003544
1.0010593
0.8830707
0.88252589
1.0359232
0.88258739
0.89677953
0.87680762
0.90210134
0.94040499
0.89654782
0.94277415
0.88527618
1.0886782
1.0345657
0.96198024
0.90360912
1.0192263
0.93883019
0.92915629
0.96245952
0.94788439
0.92766831
0.90285244
0.93234184
0.87991519
1.0348385
1.0162695
0.94298579
0.9061706
0.98334645
0.92129331
0.92366135
0.96685109
0.94686408
0.91809881
0.99846312
0.9990282
0.87930775
0.88183621
1.0358313
0.88076495
0.89616734
0.87635611
0.90062724
1.1842277
1.1183565
1.170817
1.0582151
1.1725076
1.1841902
1.1192153
1.2099548
1.144386
1.1996273
1.0872928
1.2018802
1.2084177
1.1533968
1.2104721
1.1432013
1.2012592
1.0879641
1.2030522
1.2091901
1.1518466
1.2098889
1.1422262
1.1999565
1.086531
1.2020787
1.2083856
1.1513873
1.2102754
1.1421109
1.2009412
1.0862328
1.202854
1.2089057
1.150528
1.2111575
1.1421545
1.0869859
1.2020821
1.2044589
1.1499931
1.2096972
1.210948
1.1429
1.0884677
1.2016837
1.2040637
1.1513392
1.2094144
1.1905237
1.122112
1.0684772
1.1716821
1.1781721
1.1348402
1.1853307
1.1900592
1.1241818
1.0716691
1.1736003
1.1804721
1.1362117
1.184625
1.2069011
1.1438184
1.0500202
1.1859476
1.1882833
1.153622
1.2065031
1.1920509
1.1235135
1.0631115
1.1736227
1.1802979
1.1358429
1.186774
1.050447
0.89256797
0.88892147
0.92441199
0.92019573
0.98309998
0.8889065
0.8979126
0.97399027
0.8842845
0.89495001
0.89498037
1.1109416
1.0870298
1.0839762
0.9750299
1.0004212
0.99900331
0.95202976
0.93274177
0.88744755
1.0648406
1.0502715
1.1751376
0.92518155
1.1736172
1.061203
0.92627862
0.97037577
0.89220719
0.92726978
1.0135451
0.91550275
1.0719451
1.0556319
1.187432
0.97212147
1.1780968
1.1095415
0.92750191
0.95488576
0.92458104
0.8736854
1.0550523
1.0473419
1.1693749
0.91972706
1.1716583
1.0490255
0.92094789
1.006436
0.88189024
0.9155464
1.0247475
0.90035827
1.1079176
0.92036967
0.89178876
0.95694359
0.95518473
1.0619135
1.0076862
1.159766
1.1080874
1.093981
0.91344699
1.1905225
1.0312224
1.056245
1.1038633
0.91223306
0.87991885
0.96314992
0.96703352
1.0531798
1.017909
0.92438588
0.92119078
1.0487337
0.89451639
0.88842794
0.9238027
0.91919181
0.98138389
0.88586671
0.89587914
0.97488441
0.88396206
0.89362166
1.0761394
1.0556642
1.1933457
0.95552691
1.1772427
1.1108352
0.92848737
0.95439642
0.93258802
0.89003395
1.0650564
1.0485971
1.1742323
0.92526186
1.1722427
1.0603957
0.92621034
0.97178613
0.89072453
0.92689547
1.0129476
0.91695626
1.0662746
1.0528548
1.1866479
0.97260836
1.1764737
1.1071186
0.92579799
0.9530003
0.92349003
0.87302034
1.0521838
1.0457629
1.1676305
0.91904145
1.1699859
1.0470073
0.92043339
1.0020694
0.88184149
0.91429395
1.0221476
0.89855458
1.162823
1.1209303
1.0997938
0.92332583
1.1954044
1.0167368
1.0632101
1.106624
0.91995342
0.89215933
0.95715692
0.95477905
1.0599686
1.0079554
1.1581551
1.1088322
1.0933623
0.91399173
1.1903935
1.0300268
1.0536689
1.1000861
0.91201969
0.88034837
0.96052802
0.96453071
1.0510787
1.0165629
0.92392313
0.95959732
0.91607085
0.96478855
0.89179787
1.1151647
1.0739275
0.97743434
1.0369095
0.95483061
0.92086958
0.94225114
1.0009387
0.97896941
0.95966485
0.91655218
0.96614623
0.89115865
1.1155339
1.0740791
0.97770883
1.0363162
0.95442602
0.92047359
0.94145343
1.0005148
0.97955605
0.89901984
1.0342077
0.9619786
0.96313905
0.98665479
1.2031356
1.1184242
1.0247922
1.1686436
1.0697992
0.95363717
0.98443359
1.2032946
1.115937
1.0238415
1.1678491
1.0699127
0.95244914
0.89334737
0.92080111
0.89315651
0.9205635
1.0618784
0.87809881
0.87761863
0.93523963
0.93324164
0.97632392
0.87680092
0.88803608
0.9755818
0.88139458
0.88768278
0.88665776
1.09311
1.0829934
1.0830171
0.96791272
0.98697798
0.98588636
1.0740833
1.0577362
1.1716855
0.94797838
1.1600873
1.0927943
0.92426361
0.93460426
0.91474149
0.86590073
1.0573617
1.0447015
1.1461029
0.90608887
1.1516545
1.0471366
0.91292146
0.98038204
0.87223275
0.91888791
1.0066551
0.89488711
1.0749829
1.0581857
1.1715639
0.95077841
1.1606959
1.0923926
0.92843078
0.93386168
0.91419159
0.86552012
1.057232
1.0461371
1.1467743
0.90457517
1.1523231
1.0475614
0.91240176
0.97765822
0.87122811
0.92020344
1.0053571
0.89514221
1.1534114
1.1056462
1.0920111
0.93613186
1.1798201
1.0244025
1.0704542
1.0918916
0.91886624
0.87805492
0.95099098
0.95911114
1.062188
1.0098863
1.153271
1.1038028
1.0898862
0.93501229
1.1798301
1.0223447
1.0692358
0.92525112
0.90805108
0.95852349
0.88746349
0.9716626
0.87314391
1.0951718
1.0546176
1.0035888
1.0264867
0.94939209
0.90100255
0.91531185
1.0236163
0.98674746
0.94859053
0.89607317
0.96330399
0.86784131
1.0943193
1.0745674
0.99716285
1.0252754
0.94360512
0.90421102
0.8819777
1.0373143
0.97057899
0.96574533
1.009006
1.1831061
1.0991494
1.0221013
1.1637727
1.0777744
0.94508663
0.93427634
1.0356179
1.0332904
1.0928933
0.87349896
0.86965156
0.87875829
0.91050627
0.87281154
0.91947857
0.95764682
0.88656723
0.96979037
0.91583352
1.0206421
0.98562859
0.94695074
0.89193545
0.96201512
0.86647378
1.0933369
1.0657868
0.99125941
1.0173524
0.93856173
0.89816711
0.91544821
1.0166881
0.98868095
0.88184832
1.0360345
0.96688158
0.96478616
1.0091921
1.1804489
1.097279
1.0238864
1.1641376
1.0506848
0.94291796
1.0035543
1.18268
1.0963961
1.0183919
1.1604469
1.0766021
0.94093509
0.93110695
1.0338815
1.0334922
1.0915546
0.87255008
0.8692904
0.87672242
0.90904149
0.87318496
0.92107483
0.9610872
0.91870719
0.96768811
0.8896091
1.1171563
0.97828313
1.0757344
0.95411729
1.036726
0.92205781
0.94203528
1.002717
0.98072126
0.96267101
0.91880263
0.96792622
0.88870784
1.1168106
1.0757172
0.97638841
1.0361093
0.9195394
0.9538004
0.94213316
1.0014714
0.98074007
0.89831533
1.0383027
0.96326937
0.96410042
0.98836201
1.2042963
1.0251664
1.1205592
1.07053
1.1723151
0.95471569
0.8918683
0.92052623
0.94514724
1.0495569
1.046304
1.1062764
0.89744039
0.89495788
0.89480826
0.92157011
1.0512714
0.8921059
0.89024731
0.92353002
0.92068878
0.98480611
0.88784834
0.898937
0.97737349
0.88507923
0.89363535
0.89697076
1.1131121
1.091765
1.0866826
0.97710987
1.004759
1.0008535
0.95405207
0.88802727
0.93232259
0.97276953
0.89091359
0.92733286
0.91580514
1.012342
1.066726
0.97234113
1.1883452
1.0551797
1.1781226
1.1109428
0.92661718
0.95308672
0.87305915
0.92403439
1.0019292
0.88189327
0.9154025
1.0254484
0.89825945
1.1099468
0.92071383
0.89283359
0.95944722
1.0100404
0.95672868
1.0640387
1.1042938
0.91168428
0.88082467
0.96327357
0.96786819
1.0546099
1.0179261
0.92492315
0.95813698
0.88774973
0.97211904
0.91756233
1.0239869
0.98711653
0.94763698
0.89645812
0.96225115
0.86743873
1.0966151
1.0729828
0.9965745
1.0220477
0.90242291
0.94354842
0.9183547
1.0148104
0.98804652
0.88311825
1.0425019
0.972143
0.97237875
1.0132066
1.181331
1.0283853
1.1004765
1.0555856
1.1669963
0.94449401
1.0062161
1.1829516
1.0988877
1.0244559
1.16246
0.94409706
1.0833627
0.87833187
0.91051117
0.9341217
1.0368186
1.0347003
1.095605
0.87392951
0.87070329
0.87484956
0.92517056
1.0663491
0.87983405
0.88017597
0.93924429
0.94107094
0.97669174
0.8793317
0.88788144
0.97967071
0.88348222
0.88810912
1.0794254
1.1720118
0.95712298
1.0613917
1.1616665
1.0960926
0.92693308
0.93649003
0.86598923
0.92068907
0.98351033
0.87337533
0.92071738
0.89462612
1.0094518
1.0623187
1.0485483
1.1472156
0.90579307
1.1531408
0.91521036
1.0517128
1.0779197
0.95459344
1.1724008
1.0595513
1.1617463
1.0942662
0.92463436
0.93966343
0.86681861
0.91771058
0.98599815
0.87355302
0.92241156
1.0104469
0.89635765
1.0602649
1.0470985
1.1474621
0.90526991
1.1533117
0.911968
1.0490505
1.1561475
1.105747
1.0926942
0.93080466
1.1807647
1.0706123
1.024357
1.0947199
0.92052384
0.8757581
0.95244894
1.011162
0.95694211
1.0669642
1.1556968
1.1042511
1.0927356
0.9369476
1.1807893
1.0245454
1.0708237
0.92305675
0.95706252
0.88646452
0.96924387
0.91564745
1.0220714
0.98745601
0.94821167
0.89396924
0.96424281
0.86690234
1.0939445
0.99039446
1.0710477
0.94067137
0.90137411
1.0211595
0.91614957
1.0189868
0.99092285
0.88427852
1.0357472
0.97354479
0.96488633
1.0134953
1.1823889
1.027494
1.1010199
1.0561879
0.94454075
1.1683003
0.8773755
0.91068655
1.2079374
1.1434952
1.0493224
1.1873115
1.1894357
1.1543283
1.2072793
1.1927534
1.1264098
1.0671947
1.1756609
1.1817062
1.1391745
1.1880355
1.1909546
1.1225002
1.0666682
1.1734
1.1798253
1.1344223
1.1857252
0.95908583
0.91770903
0.96574733
0.89203214
1.1163052
0.97722723
1.0738564
0.95416452
1.038136
0.92059076
0.94171343
1.0010938
0.97988327
0.96024888
0.91753349
0.96546859
0.89159495
1.1144138
1.0757092
0.97640218
1.036645
0.91936259
0.95387733
0.94077858
1.0013012
0.98052207
0.89866221
1.0361005
0.96322643
0.96266635
0.98812098
1.2032534
1.1163727
1.0239955
1.1695288
0.95396425
1.0704272
0.89323805
0.92043853
0.94459065
1.0471156
1.0443321
1.1040584
0.89439835
0.89571468
0.89425497
0.92016595
0.89346681
1.0526366
0.88854804
0.92390461
0.92022795
0.98412229
0.88670178
0.89717992
0.97538812
0.8847436
0.89413509
0.89515088
1.1124677
1.0898516
1.0868482
0.97621512
1.0019065
1.0005442
1.0766247
1.1944326
0.95550983
1.0566409
1.1783875
1.1109859
0.92787905
0.95263194
0.88754832
0.93325312
0.97053654
0.89199163
0.92655804
0.91580602
1.0125793
1.0633149
1.0497319
1.174163
0.92514074
1.1725969
0.92600985
1.0605864
1.0674812
0.97152204
1.0544917
1.1868237
1.1774894
0.92651087
1.1095523
1.0537716
1.0458913
1.167796
0.91858603
1.1703394
0.92087576
1.046568
0.92469054
0.92111712
1.1606852
1.1103111
1.0959257
0.91557443
1.1911775
1.0324331
1.0572345
1.1040102
0.9124809
0.88029971
0.96325612
0.96808081
1.0541046
1.0174787
0.95961628
0.88668732
0.96969604
0.91488582
1.0223711
0.98587877
0.94598998
0.8916772
0.96027081
0.86716771
1.0945756
1.0687884
0.99321199
1.0193017
0.90109818
0.94191497
0.91669538
1.0130979
0.98645476
0.88251199
1.0345907
0.96817163
0.96485114
1.0108688
1.1800401
1.0248304
1.0973383
1.0535969
1.1658341
0.94261586
1.0062612
1.1817501
1.0972957
1.0190392
1.1612748
0.94108661
1.0765719
0.8771745
0.91025529
0.93097436
1.0342761
1.0325932
1.0925186
0.87177231
0.86932561
0.87265407
0.91757073
1.0643419
0.87728842
0.88035936
0.93254031
0.94233054
0.97721308
0.8781348
0.88792015
0.97782706
0.87999327
0.88757942
0.88595967
1.0961563
1.0859565
1.0871287
0.96962317
0.98667278
0.99015679
0.93638179
0.86511567
0.91659231
0.98412661
0.87278181
0.91931273
0.89283211
1.0075703
1.0582043
1.0467539
1.1487364
0.9045142
1.1537726
0.9138256
1.0482329
1.0770838
0.95649047
1.1725406
1.0601147
1.162037
1.0952627
0.91940569
0.9395618
0.86708568
0.92496191
0.98846614
0.87318089
0.92412611
1.0107492
0.89705154
1.0611769
1.0475939
1.1490966
0.90603384
1.1542733
0.91164395
1.0505823
1.0941806
0.92087832
0.8783616
0.94987026
1.0096466
0.95900722
1.0636792
1.1551374
1.1046841
1.0929202
0.93277668
1.1804177
1.0237655
1.0713535
1.0944199
0.91872757
0.87684517
0.95107188
0.95675302
1.064915
1.0105105
0.92120771
0.90847015
0.95840203
0.88693981
0.9704439
0.87078671
1.0969951
1.0031987
1.0552647
0.94857215
0.90108481
1.0246641
0.91427317
1.0232464
0.98523879
0.94789987
0.89359219
0.96284085
0.86680605
1.0937045
0.99476424
1.069228
0.94193267
0.89960319
1.0206157
0.88441183
1.0389737
0.96944356
0.97108463
1.0114413
1.1801881
1.0260283
1.0978475
1.0540071
0.94376629
1.1657713
0.87828458
0.91040869
0.87432162
0.92493712
0.93158962
1.0344229
1.0346066
0.87187915
0.87029119
1.0924935
0.8931061
1.0483243
0.88805622
0.92466307
0.91956516
0.98374927
0.88796682
0.89850794
0.97641229
0.88515558
0.89433931
0.89555108
1.1111766
1.0888094
1.085657
0.97693434
1.0033985
1.0009204
0.96864384
0.89027279
0.92590702
0.91399227
1.0110043
1.0679396
1.1874309
1.0528638
0.97224309
1.1772774
0.92602439
1.1109668
0.95360745
0.92431474
0.87297795
1.0530518
1.0451782
1.1681547
0.91876323
1.1705279
1.0474943
0.92039437
1.0037058
0.8796308
0.91548226
1.0234717
0.89970578
1.108321
0.92016689
0.89163327
0.95852953
1.008633
0.95496005
1.0605992
0.9244613
0.91997633
1.1598397
1.1098088
1.0958969
0.91355457
1.1920653
1.0302626
1.0547305
1.1017044
0.91035457
0.87970814
0.96060253
0.96404022
1.0520961
1.0154497
0.89378468
1.0500861
0.88898663
0.92425452
0.92032444
0.98325291
0.88604285
0.89724383
0.97714654
0.88622589
0.89551988
0.89539562
1.1138788
1.088468
1.0846729
0.97505225
1.0041162
1.001688
0.95266814
0.88677242
0.93237628
0.971373
0.89139427
0.92581977
0.91434543
1.0120157
1.0686915
1.1867772
1.0543701
0.97297782
1.1772075
0.92557462
1.1089487
0.95349311
0.92311641
0.87317047
1.0530886
1.0456106
1.1680023
0.91849825
1.1706351
1.046656
0.92028617
1.0043515
0.88256223
0.91450675
1.0237894
0.89942354
1.1641086
1.1248495
0.9216287
1.1018026
1.1971411
1.0662701
1.0179441
1.1072438
0.92027223
0.89190432
0.95775804
1.0080541
0.95506109
1.061118
0.92365169
0.92019984
0.95810429
0.88709049
0.97066218
0.87136424
1.096237
1.0023756
1.0539671
0.94873936
0.8997601
1.0264028
0.91516206
1.0215336
0.98644635
0.86771398
1.0945303
0.99282098
1.0739165
0.9024164
0.94128594
1.0231431
0.91658378
1.0118868
0.98610467
0.88122767
1.0368176
0.96860461
0.96583809
1.0093471
1.1826767
1.0255226
1.0985231
1.0526071
0.9430356
1.1662497
1.0093726
1.1835293
1.0188534
1.1021503
0.946323
1.0755196
1.1624754
0.877481
0.90918579
0.872615
0.91942674
0.93067507
1.0346937
1.0335769
0.87239488
0.87073892
1.0940913
0.9585535
0.88747481
0.97170666
0.87272806
1.0976938
1.0042548
1.0544826
0.95038495
0.9017859
1.0255235
0.91470338
1.0221002
0.98585637
0.94925663
0.89141166
0.9638814
0.86842621
1.0965935
0.99886792
1.0757595
0.90392124
0.9454134
1.026768
0.91691005
1.0145675
0.99030457
0.88237078
1.0433184
0.97050663
0.97009378
1.0122078
1.181909
1.0300693
1.100339
1.0551827
0.94556691
1.167259
0.8776517
0.91049575
0.8744608
0.92400208
0.93324259
1.0367893
1.0344341
0.87392213
0.87220847
1.0955628
1.0650291
0.87794584
0.88235998
0.93611003
0.94740178
0.97663292
0.8791388
0.88738737
0.9790343
0.8804838
0.88783873
0.88645162
1.0954305
1.0845566
1.0864187
0.96972007
0.98735994
0.99018682
0.93428011
0.86592961
0.91571901
0.97771882
0.87166132
0.92109114
0.89637134
1.0053
1.0605583
1.0476585
1.1494197
0.90518223
1.1551817
0.91373584
1.049313
1.076177
0.95100144
1.17355
1.0592202
1.1619407
1.095194
0.92604137
0.93881108
0.86674827
0.92228124
0.98170131
0.87303632
0.91993605
0.89398962
1.0096219
1.0604499
1.0467017
1.1488112
0.90423683
1.154103
0.90866807
1.0499543
1.1544178
1.1043096
1.0925133
0.93627515
1.1815904
1.0706636
1.0234685
1.1551741
1.108565
1.0941398
0.93134775
1.181168
1.0727306
1.0244516
0.92147497
0.91071867
1.2072652
1.1453534
1.051492
1.1857297
1.1879345
1.1558834
1.2059946
1.1916296
1.1246966
1.1728671
1.0640195
1.1789366
1.186834
1.1369146
1.1826698
1.1156168
1.1694636
1.0566721
1.1709566
1.1826513
1.1162714
1.176867
1.0551469
1.1599394
1.0150319
1.1623968
1.174828
1.0607489
1.1796721
1.1169277
1.0576627
1.1704801
1.1708397
1.1171985
1.1809009
1.1786499
1.0557877
1.0169934
1.1614036
1.1648863
1.0627804
1.1759789
1.183019
1.1164061
1.1713064
1.0568605
1.1725817
1.1836559
1.1167969
1.1730011
1.050556
1.0126765
1.1566647
1.1600729
1.056964
1.1707253
0.94252326
0.89531829
0.94425251
0.93061587
0.96393778
0.95074576
0.92949072
0.90287849
0.93287497
0.87919102
1.0305001
1.0140013
0.94079903
0.98010084
0.90492334
0.91949947
0.92260913
0.96250328
0.94389
0.88444105
0.9957635
0.94035376
0.92947109
0.95855968
1.1524406
1.0002356
1.0620117
1.0253037
1.0989136
0.93335347
0.88280314
0.89808276
0.9212569
0.99996613
1.001828
1.0372361
0.88236629
0.88247981
0.87941812
0.90068271
0.94064735
0.89693633
0.94378501
0.8854288
1.0870223
0.96325435
1.0338046
0.9356002
1.0188389
0.90286519
0.93010982
0.96431954
0.94777827
0.92777658
0.90051386
0.93113835
0.87800538
1.0252095
1.012629
0.93916331
0.97713512
0.90576501
0.91767527
0.92164118
0.96255177
0.94300054
0.88446805
0.99557339
0.9389999
0.93067452
0.96047047
1.1546567
1.0019416
1.0645055
1.0266637
1.101618
0.93376416
0.94386101
1.1257265
1.0453085
0.97075452
1.0850112
0.92430004
1.0054047
0.88475976
0.89825818
0.87562314
0.9002714
0.87096071
0.97521199
0.86199389
0.89727325
0.89303167
0.93363795
0.86509262
0.87947449
0.91702472
0.86228504
0.86475742
0.87064227
1.014579
1.0012399
0.98915053
0.92230535
0.94673565
0.93484659
0.99082077
1.0902679
0.91409856
0.96811058
1.0661006
1.0191885
0.89403188
0.90924281
0.86906917
0.89461128
0.92624006
0.87162034
0.90137501
0.89367896
0.95738398
0.97211992
0.95460666
1.0449623
0.88496549
1.0480122
0.88826142
0.96614062
0.88055037
0.83956846
0.86780614
0.90490671
0.8496486
0.86395946
0.91949946
0.85298431
1.0736114
1.0514809
0.90786762
1.0224238
1.1168224
1.003719
0.97128791
1.0169822
0.89146983
0.87462779
0.92097556
0.9573732
0.91232657
0.98887711
0.88545436
0.97901855
0.87180812
0.84930262
0.88720233
0.90452485
0.9445182
0.91638453
0.86795257
0.9787736
0.86061777
0.89895877
0.89328786
0.93358393
0.86637958
0.87861446
0.92105991
0.86288316
0.86573804
0.87277596
1.0158554
1.0019542
0.99332125
0.92402753
0.94753092
0.93576726
0.98238139
1.078196
0.9092073
0.95885187
1.0515661
1.011435
0.89155259
0.90497025
0.86681747
0.89143865
0.92296578
0.87088443
0.90093427
0.89100746
0.95440123
0.96385578
0.94561644
1.0321865
0.88222177
1.0336805
0.88465177
0.95906133
0.874649
0.83768143
0.86365441
0.89707598
0.84885661
0.86284159
0.91499343
0.85036652
0.92639538
0.93420516
0.99981423
0.8685447
1.0029249
0.87009836
0.9227695
1.0779259
1.0509475
0.90875657
1.022094
1.1157446
1.0074937
0.97341625
1.0185261
0.89113424
0.87509699
0.91688933
0.95874247
0.91512485
0.98353059
0.88291607
0.87612975
0.98108163
0.87310295
0.85084649
0.88752819
0.9055724
0.94529084
0.91902362
0.83575319
0.82437144
0.84066452
0.83321427
0.92309415
0.88484973
0.89548428
0.86450616
0.84429351
0.87771687
0.8291268
0.86267434
0.84892429
0.83378812
0.82401792
0.83846105
0.83231243
0.91305368
0.88372076
0.89693654
0.86071744
0.84433178
0.87384002
0.82978759
0.86558752
0.84876878
0.8913191
1.0062892
0.90103922
0.91910714
0.93049142
0.860261
0.96664251
0.89503041
1.0161275
0.90340968
0.92463626
0.93614485
0.86243198
0.97301705
0.84263331
0.8637833
0.84273932
0.86512789
0.85557882
0.88189796
0.88509473
0.83316129
0.83398888
0.9178418
0.88981563
0.88942654
1.0124819
0.90874609
0.90680557
0.95395375
0.87794999
0.8925896
0.95501996
0.87678598
0.89344351
0.88803439
1.0595477
1.0285495
1.0273855
0.94989955
0.97308188
0.97215895
1.0556316
0.94065221
1.0385636
1.1561899
1.1477537
0.91569847
1.0816748
0.94263852
0.88217468
0.9132489
0.96068304
0.88021524
0.90524395
0.89761312
0.99654143
1.0485554
1.0357533
1.144129
0.90325754
1.1444132
1.0466626
0.90411286
0.93817095
0.91101323
0.87914241
1.0479501
1.034266
1.1448214
0.90263539
1.1453713
1.0446844
0.90894957
0.96327589
0.88215205
0.89995338
0.99798891
0.89731206
0.89807075
1.103733
1.057973
0.89480139
1.0399545
1.1391219
1.0113416
0.98726684
1.0594102
0.89693362
0.87903368
0.93810851
0.98065423
0.93608542
1.0218591
1.057976
0.89745137
0.88032089
0.93673323
0.93989844
1.0228019
0.98051835
0.94137919
0.89310797
0.94287076
0.88829492
1.0900876
0.96733124
1.0346892
0.94005931
0.90371184
1.0186598
0.92961297
0.96429581
0.94837201
0.92911451
0.90287786
0.93236795
0.88099994
1.0321593
0.94256048
1.0185108
0.9062736
0.92139053
0.98272204
0.92384792
0.96666
0.94558703
0.88523765
0.99731954
0.94248234
0.9328775
0.96001186
1.1547502
1.0034168
1.0644021
1.0285249
0.9337609
1.1013145
0.94282468
1.1266212
0.9738321
1.048253
0.92695661
1.0049712
1.0851825
0.88426755
0.90051325
0.8780846
0.90011756
0.92064807
1.0004542
1.0039637
0.88198064
0.88463608
1.0372539
0.86648767
0.9746658
0.85983517
0.89588853
0.8919847
0.93482485
0.86649049
0.88003124
0.92247063
0.86372378
0.86554531
0.87129243
1.0148212
1.0043104
0.99744986
0.92581761
0.94585274
0.93697523
0.91078171
0.87240213
0.89440597
0.9278717
0.86954486
0.90235631
0.89552311
0.95619723
0.97508051
0.9575736
1.0463709
0.88521848
1.0524351
0.96730825
0.88892989
0.8815303
0.86901339
0.8396952
0.94238436
0.94819138
1.0195601
0.87288309
1.0283852
0.93483789
0.87607171
0.90043425
0.84809454
0.86160227
0.91268109
0.85059704
1.0704355
1.0462897
0.9084743
1.0196767
1.1086164
1.0037444
0.97175232
1.015534
0.88991203
0.87390104
0.91561576
0.95761613
0.9129377
0.9824261
0.88627555
0.88059229
0.98533107
0.8708721
0.85137818
0.88886689
0.90739222
0.94292512
0.92387111
0.83584876
0.82451359
0.83993447
0.83176185
0.91450394
0.8834574
0.89991046
0.86077048
0.84399008
0.87452823
0.8305831
0.8693522
0.84974851
0.8352928
0.82452329
0.84050843
0.83339683
0.92282592
0.88725622
0.9007478
0.84522444
0.86420395
0.87885499
0.83024019
0.86718214
0.8505906
0.85042166
0.94357328
0.90218543
0.89882146
0.89608836
1.0161135
0.9066237
0.92606063
0.86362045
0.93677606
0.97317774
0.8444404
0.86779984
0.84398118
0.86578028
0.85776442
0.89001811
0.88678815
0.83499928
0.83390878
0.92271446
0.87008581
0.98003019
0.86048793
0.89931263
0.89534418
0.93600811
0.86751834
0.88392385
0.92070602
0.86312908
0.86647042
0.87221793
1.0204105
1.0056218
0.99451229
0.92490842
0.95055439
0.93817714
0.99164001
0.91350057
1.0894745
0.96785487
1.0655593
1.0191373
0.89409952
0.90875161
0.87138846
0.89448897
0.92706376
0.8718375
0.90177757
0.8947159
0.95842556
0.87990142
0.83960756
0.86709924
0.90408255
0.84979191
0.86432332
0.8527202
0.91929394
0.93728978
0.94320682
1.0111321
0.87137702
1.0194672
0.87416912
0.9299964
1.0791988
1.0547653
0.91079312
1.0262514
1.1201204
1.0090635
0.97682048
1.0182727
0.8906972
0.87456446
0.91877001
0.95849357
0.91548342
0.9875148
0.88453632
0.8791367
0.98561688
0.87391676
0.85030729
0.89129961
0.9214494
0.90770838
0.94859868
1.184484
1.1190318
1.1732099
1.0579286
1.1743008
1.185037
1.1189688
1.1818292
1.1161308
1.0590864
1.1710514
1.1720979
1.1163
1.1825297
1.1767746
1.0511664
1.0163199
1.1580932
1.1631393
1.0610313
1.1721928
0.88965843
0.88965157
1.0132184
0.91448638
0.90626628
0.95677747
0.87936048
0.8915333
0.9553098
0.87910531
0.89132276
0.88841114
1.0642222
1.0332242
1.0312802
0.95143786
0.97545906
0.9731251
0.94395855
0.88053258
0.91998314
0.96197773
0.8828457
0.90221961
0.89419911
0.9968201
1.0464885
1.0353219
1.1465912
0.90199053
1.1478821
1.0435449
0.90430332
0.94248809
0.91563634
0.88089169
1.048695
1.0362622
1.1469922
0.90267175
1.1481902
1.0464475
0.90504332
0.96657543
0.8859865
0.9006031
0.99866561
0.90073721
0.9086479
1.1031704
1.0589757
0.89370173
1.0413114
1.1398316
1.0119439
0.9882671
1.058185
0.89829274
0.88010881
0.93655342
0.98088279
0.93745463
1.0210113
1.1040665
1.0596141
0.8936204
1.041144
1.1407217
0.99012477
1.0115796
1.0588765
0.90087836
0.88020241
0.93650358
0.93995897
1.0237507
0.97937442
0.94143079
0.89416116
0.94357446
0.92896478
0.9646994
0.94832161
0.93012792
0.90231869
0.93254368
0.87898445
1.0303117
0.94098687
1.0161885
0.90482567
0.91942787
0.98033458
0.88645128
1.0009859
0.94379689
0.93595309
0.96181796
1.1578144
1.0032647
1.0654244
1.0305657
0.9337397
1.1039938
0.94325076
1.1301331
0.97188622
1.0463873
0.92341281
1.0074075
1.0874239
0.88171761
0.89963994
0.87637446
0.89952563
0.86978331
0.86056322
0.98156664
0.89846104
0.89480295
0.9342867
0.86586341
0.88223812
0.92232075
0.86334345
0.86480484
0.86961141
1.0177447
1.0030273
0.99491833
0.92465835
0.94760042
0.93535563
0.91130804
0.87452765
0.89329908
0.92942603
0.8704891
0.90242012
0.89595014
0.9561909
0.97548522
0.95793442
1.0385125
0.88398117
1.0519085
0.96340641
0.88936042
0.95689743
1.0552744
0.95860584
0.90417279
1.0423998
0.8807635
0.97914199
0.88225194
0.8668453
0.83994733
0.90418403
0.8493941
0.86427828
0.9186407
0.85271888
0.88642748
0.88109151
1.0199462
0.88884151
0.87475702
0.9147842
0.95907446
0.91407346
0.98179765
1.0310132
1.0077002
0.88050225
0.99665066
1.0802732
0.94362378
0.96002845
0.98670755
0.87359276
0.85080476
0.8904306
0.90795795
0.95017349
0.92184477
0.83625724
0.82481989
0.84137744
0.83331374
0.92282011
0.88740627
0.90226806
0.86427191
0.84511451
0.87908466
0.83080846
0.86911044
0.85118121
0.83516326
0.8247067
0.84080664
0.83319927
0.9229677
0.88769955
0.9023221
0.84528401
0.86404371
0.87932808
0.83042432
0.8680707
0.85084629
0.85227397
0.95004888
0.90361555
0.90222798
0.90036249
1.0268381
0.90722146
0.93153041
0.94168573
0.86466913
0.98539197
0.89862817
1.0215331
0.90694265
0.92911533
0.86379768
0.93867184
0.98167414
0.84401277
0.86717499
0.84402894
0.86541795
0.85897071
0.89119442
0.88964485
0.8349331
0.83488407
0.92888622
0.86979023
0.86177352
0.98374879
0.89959729
0.89739548
0.93547894
0.8666329
0.88208494
0.92095529
0.86255099
0.86686868
0.98925352
0.91147469
0.96581352
1.086802
1.0634214
0.89241172
1.0165806
0.90802098
0.8690704
0.893735
0.92527239
0.8711952
0.90226375
0.89307734
0.95665142
0.95376545
0.90561428
0.9552206
1.057853
1.0369044
0.88031691
0.98231029
0.90241504
0.85026097
0.86451045
0.85206075
0.92050885
0.93591933
0.94210728
1.0129169
0.87144703
1.0182624
0.8733244
0.93078193
0.8838495
0.87881781
1.0828196
1.0558899
0.91183486
1.0249564
1.1215762
1.0103869
0.97693405
1.0210267
0.89143347
0.87468761
0.91705263
0.95929873
0.91365119
0.98473866
1.0290028
1.0039771
0.87869559
0.99243823
1.0738443
0.95723123
0.94316092
0.98845786
0.87453526
0.85045004
0.89124888
0.92106913
0.90769476
0.95242642
0.94083069
0.89273337
0.94290415
0.88447625
1.0889613
1.0326377
0.96372976
1.0174559
0.89954423
0.93865194
0.92920493
0.96548267
0.94786295
0.92996032
0.90301623
0.93344553
0.92148886
0.96450592
0.94442386
0.96090723
1.1558399
1.063198
1.0011054
1.101454
0.93061822
1.0276997
0.91995147
0.99959809
1.003064
1.0368317
0.88044855
0.88301402
0.88262148
0.89473394
0.94310873
0.89733853
0.94596022
0.88860161
1.0888137
1.036836
0.96148769
1.0222442
0.90676387
0.93699901
0.9309379
0.96583883
0.95170647
0.93037109
0.90358241
0.93303652
0.92222542
0.96162531
0.94416984
0.96140656
1.1552325
1.0660624
0.99989258
1.1041062
0.93548062
1.0280042
0.92083742
1.0020497
1.0029006
1.0406344
0.88131074
0.88249606
0.8805264
0.90053371
0.87791076
0.90281702
0.88699586
0.88726282
1.0117939
0.90991801
0.90788947
0.95692761
0.87874497
0.89201179
0.95387566
0.8780652
0.89010598
0.88811518
1.0620297
1.0304086
1.0288639
0.94965096
0.97333689
0.97244405
1.0536214
1.0408922
0.94094212
1.1619865
1.1529146
0.90355243
1.0810046
0.94397272
0.91852119
0.88058725
1.0489839
1.0354447
1.1467777
0.90255246
1.1478501
1.0442304
0.90866246
0.96661479
0.88185279
0.90004729
0.89758809
0.99933381
1.0529051
1.0386965
0.94137003
1.1616422
1.1523296
0.9012766
1.0800768
0.93822342
0.9114656
0.87984927
1.0473153
1.0339112
1.1464445
0.9016708
1.147422
1.0449467
0.90453843
0.96347661
0.88269236
0.90137888
0.89709261
0.9961621
0.90510658
1.1043688
1.058226
0.8914817
1.0424083
1.1415543
1.0107437
0.98956496
1.0589264
0.89799587
0.88019388
0.93611318
0.97973754
0.93992573
1.0223307
1.1021946
1.0608569
0.89566454
1.0385879
1.1394241
1.0128244
0.98700746
1.0566052
0.89930311
0.87899562
0.93661545
0.98030967
0.93668436
1.0202692
0.83571904
0.82445685
0.84021844
0.83246075
0.91682622
0.89661995
0.883806
0.8753015
0.84391736
0.86194214
0.82989617
0.86555211
0.849149
0.83546453
0.82509834
0.841908
0.8308057
0.86713537
0.8522298
0.84925642
0.94252099
0.89925545
0.89754455
0.89555556
1.0145675
0.9243216
0.90314089
0.97268642
0.86267644
0.93596873
0.84339774
0.8649348
0.84441888
0.86529986
0.86822534
0.86354211
0.977914
0.89906282
0.89464311
0.93533848
0.86748881
0.87954246
0.92159457
0.86348513
0.86596026
0.87151772
1.0155322
1.0037373
0.99400874
0.92461257
0.94790329
0.93558774
0.98837686
0.96430396
0.91225908
1.0857067
1.0610829
0.8912297
1.0152865
0.90692481
0.89501418
0.86776127
0.97008175
0.9520091
1.0417301
0.88498793
1.0440667
0.9651825
0.88660484
0.924085
0.87256619
0.90032512
0.89253706
0.95654031
0.87893645
0.86695418
0.83943264
0.93520032
0.9415708
1.0110892
0.87131191
1.0169028
0.92993197
0.8729159
0.90098859
0.84841953
0.86290259
0.85181798
0.91609655
0.88396228
0.87861939
1.0772729
1.0517279
0.9114171
1.0216462
1.1161113
1.0078695
0.97346412
1.026215
1.000773
0.87994666
0.99369708
1.074877
0.95612901
0.94171297
0.98014441
0.87199559
0.84975141
0.88815854
0.9184108
0.90535578
0.94488439
0.87038351
0.86220829
0.98201442
0.89932582
0.89586058
0.93520241
0.86590687
0.88095675
0.91873036
0.86217469
0.86703149
0.87200564
1.0204691
1.0046354
0.99250091
0.92315927
0.94934605
0.93793523
0.98776544
0.96517913
0.91135356
1.0903992
1.0618257
0.89251068
1.0181313
0.90880841
0.89473761
0.86937722
0.9718337
0.95383481
1.0460062
0.88536965
1.0471803
0.96695221
0.88749611
0.92370976
0.87119993
0.90149088
0.89198258
0.95644335
0.9548794
0.95527547
0.90738219
1.0646434
1.0376534
0.87980492
0.98666322
0.87931044
0.86804765
0.83963051
0.93686494
0.94310117
1.016029
0.87242105
1.0199496
0.93227204
0.87369839
0.90444789
0.85024877
0.86575822
0.85320597
0.92307784
0.88430149
0.87939005
1.0800556
1.0551976
0.90944246
1.0255797
1.1218293
1.007974
0.97509798
1.0233782
0.89347481
0.87454458
0.9195839
0.96042373
0.91621035
0.9908727
0.98753741
0.87393027
0.85037335
0.89140312
0.92082474
0.90749248
0.95215372
1.1841693
1.1170218
1.1713599
1.0562511
1.1729326
1.1842434
1.1173208
1.1794862
1.0565851
1.162974
1.0150183
1.164877
1.1783729
1.0610403
0.9266681
0.87542916
0.85083806
0.87747344
0.88785481
0.88550515
0.91198907
0.91324002
0.86886252
0.84900662
0.87191652
0.88309964
0.87784363
0.90045214
0.92238497
0.87591018
0.85101952
0.87792912
0.88725228
0.88299887
0.91315513
0.93001117
0.87620611
0.85207283
0.8789735
0.89082994
0.88714891
0.91277687
1.1996468
1.2030108
1.201258
1.2006455
1.1916257
1.2001661
1.2001643
1.2212051
1.2208934
1.2189151
1.2191078
1.2210162
1.2210356
1.2194663
1.221714
1.2214192
1.2193597
1.2200181
1.2214374
1.2216428
1.2201333
1.197338
1.1999016
1.2028993
1.1962682
1.1930296
1.1976657
1.196878
1.1132157
1.2064419
1.1738901
0.9846941
1.2069447
1.0885358
1.0155214
1.0833739
1.1733928
0.98023164
1.1409417
1.1758336
1.0688091
0.99974962
1.0970981
1.1844247
1.0140949
1.1686278
1.1943863
1.0143107
1.0679574
1.0848713
1.174151
1.1479992
0.99230675
1.1807333
0.99908388
1.0718252
1.1087115
1.2077929
1.1718171
0.98593457
1.2089115
1.0144853
1.0886053
1.0084569
1.113913
1.0670948
0.93459455
1.1185555
0.95184854
0.99567124
0.85861379
0.8446004
0.90335417
0.85078615
0.86751943
1.0118717
1.1144007
1.0703516
0.93571103
1.1214397
0.95510299
0.99659575
0.85727749
0.84376935
0.90158549
0.85024839
0.86665899
0.9450074
0.99886202
0.8840252
0.96275114
1.0178981
0.89365804
0.92754498
0.94304578
1.0008994
0.88425397
0.96067886
1.0159743
0.89201557
0.92867198
0.94136711
0.99783885
0.88363124
0.95712817
1.0122719
0.92703863
0.89129403
0.89707225
1.2197564
1.2208412
1.220549
1.2195309
1.2206988
1.2204225
1.2205548
1.1920856
1.2059564
1.0570845
1.0565428
1.0151186
1.2007902
1.2006015
1.2209352
1.2215557
1.2223577
1.2217193
1.2210542
1.2214955
1.2213632
1.1695177
1.1914591
1.0280598
1.0292481
1.0174706
1.1789005
1.1778368
0.8966502
1.0970838
1.2182711
1.2183655
1.2140193
1.2142171
1.2172657
1.2181571
1.1711049
1.1931412
1.0294197
1.0276901
1.0170339
1.1806292
1.1789865
1.1689357
1.1917072
1.0259461
1.0276152
1.0151538
1.1788798
1.177362
1.2092774
1.2093047
1.2093691
1.2106333
1.2106166
1.2106987
1.2095074
0.89684396
1.0953296
1.2188003
1.2191015
1.2142662
1.2146961
1.2179636
1.2188395
0.8978693
1.2177176
1.2170023
1.2162295
1.2178615
1.2161807
1.2172385
1.2172361
1.1660205
0.98903433
1.0290773
1.1733238
1.0002161
1.1611892
1.1772124
1.1575254
0.98030728
1.0179904
1.1591471
0.99363003
1.1486017
1.1671134
1.1671627
1.1912117
1.0252516
1.0258408
1.0127905
1.1773361
1.1766601
1.1671359
0.98992861
1.0305876
1.1736933
1.0019477
1.1615941
1.1781889
1.1678831
1.1904874
1.0257205
1.0264672
1.0141948
1.1777248
1.1760747
1.2121116
1.2126003
1.1963149
1.2112679
1.2118151
1.2122565
1.2131955
1.2087085
1.2067353
1.2006188
1.2077907
1.2101912
1.2069268
1.2060748
1.2075643
1.2055833
1.1996929
1.2043607
1.2063914
1.2038502
1.2050335
0.88182665
0.99637121
1.1937114
1.1967854
1.1596462
1.165033
1.1988262
1.2032275
0.88558101
0.99553036
1.1927693
1.1927215
1.1669258
1.1616094
1.1939122
1.2016621
0.88445756
0.88362056
1.1398818
0.95997442
1.1465563
0.97112939
1.1355263
0.96489938
1.1495079
1.1430002
1.0951613
1.1174841
1.1677651
1.153973
1.2009343
1.1793173
1.1454683
1.0964108
1.1210712
1.168744
1.1519261
1.1955263
1.1829319
1.1415511
1.0837843
1.112734
1.1368859
1.1615592
1.1867658
1.175661
1.0779089
1.1954651
1.0585156
0.9570676
1.1796543
1.1135031
0.92867745
1.0556363
1.0493485
1.1696572
0.92043219
1.1724245
0.92260917
1.0495777
1.1658699
1.1265714
1.1040222
0.92274541
1.1973207
1.0176434
1.0642628
0.98396349
0.88698467
0.89826615
0.89515317
1.1124537
1.0901041
1.0866642
0.9756675
1.0026561
1.0013722
1.0772507
1.194583
1.0580232
0.95768127
1.1779915
1.1126521
0.92921746
1.1662161
1.1242999
0.92366509
1.1035038
1.1965138
1.0191564
1.0663832
0.98672801
1.2031955
1.1163708
1.0227493
0.95325131
1.1670622
1.0692336
1.0524915
1.0374428
1.1603183
0.94503978
1.1505591
0.90548926
1.0788214
0.88673561
0.99508225
0.9394742
0.93003814
0.96180099
1.1556553
1.0650845
0.99990981
0.93308339
1.1031685
1.0261539
0.9434841
1.1255506
1.0427089
0.96992658
0.92213864
1.0841235
1.0046786
1.0773834
1.0566667
1.1932647
0.95702395
1.1784463
1.1118132
0.92834513
1.1640342
1.1236361
1.1001304
0.92142156
1.19663
1.0182188
1.0673461
0.89479584
1.11109
1.0864808
1.0839561
0.9743155
1.0027388
1.0006808
0.92081869
0.94401114
1.0488066
1.0446293
1.1034271
0.89639924
0.89398638
1.0910649
0.91815253
0.87709725
0.9495352
0.9563373
1.0608653
1.0087976
0.91689677
1.0138164
0.98956327
1.0135358
1.1814298
1.0980921
1.0276202
1.164597
1.0537873
0.94452415
0.87131516
1.0957241
1.0534185
1.0028328
1.025076
0.94804833
0.90015838
0.98572031
1.2041952
1.1181283
1.0257472
1.1713459
0.95328847
1.0721332
1.07932
1.1946278
0.95759599
1.0568411
1.1787557
1.1126595
0.92860278
1.0643793
1.049421
1.1740462
0.92485434
1.1729178
0.92637221
1.059325
1.1663537
1.1263198
1.1045005
0.92551583
1.1972303
1.0696663
1.0206832
1.1607051
1.1096357
1.0961552
0.91535386
1.191642
1.0312783
1.0596308
0.92077459
0.8726584
1.0985208
1.0029928
1.0563964
0.94925792
1.0255644
0.90102085
0.88691186
1.0972416
1.0875455
1.0894933
0.97379833
0.98996695
0.99106214
1.0943321
0.92211057
0.87890714
0.95061364
0.95884624
1.0663154
1.0109207
0.90608691
0.87123915
1.0973481
1.0024474
1.0549228
0.94792975
0.90010577
1.0276206
1.0091297
1.1833037
1.0199611
1.0993287
1.0779084
0.94430541
1.1631553
0.87302741
0.92187061
0.93331687
1.0356052
1.0379547
0.87272442
0.87188484
1.0971866
0.98492605
1.203715
1.0237964
1.1175932
1.0709866
1.1703263
0.95250019
0.95432975
0.87252723
0.92343758
1.0036575
0.87984133
0.91448184
1.0235727
0.89937871
1.1663769
1.1255453
0.92218821
1.1026361
1.1972513
1.067704
1.0180327
1.110067
0.92123216
0.89214627
0.95792223
1.0100047
0.95513159
1.0618868
0.87167798
1.0967243
1.0031827
1.0549192
0.94811788
1.0245939
0.90121351
1.0749659
1.1721374
0.9546534
1.0587609
1.1617684
1.0936281
0.92400953
1.1557122
1.1037728
1.0939971
0.93904859
1.1810633
1.0708412
1.0258423
0.91564478
1.0158885
0.98896944
1.0041586
1.1828571
1.0228547
1.0986621
1.0816366
0.94361387
1.1626312
1.074622
0.95480559
1.1928224
1.0539837
1.1768591
1.1092129
0.92751494
0.95145794
0.88708862
0.93236472
1.0623046
1.0479099
1.1736716
0.9245291
1.1718014
1.059004
0.92549697
1.1641636
1.1226746
0.92270572
1.1011017
1.1959938
1.067357
1.0188015
1.0760261
0.95452267
1.1938944
1.0559381
1.1781922
1.1101444
0.92759215
1.0632961
1.0488451
1.1740106
0.92487947
1.1726649
1.0592025
0.92534437
1.1606196
1.1111004
1.0952818
0.91431064
1.1909668
1.032169
1.0555545
1.1042396
0.91271307
0.87990639
0.96305903
0.96705112
1.0533437
1.0189571
0.94657897
0.89287701
0.96062899
1.0098652
1.1836413
1.0241836
1.0999933
0.94700759
1.0810899
1.1647202
1.0767398
0.95484111
1.1740175
1.0601176
1.1634346
1.0937377
0.92876764
1.0925583
0.91764509
0.87768501
0.94948181
1.0100621
0.95621415
1.0614758
1.094124
0.91921783
0.87660841
0.95080278
1.0124746
0.95678486
1.0648842
1.194101
1.124586
1.1764222
1.067344
1.1829691
1.1891407
1.1368653
0.88630694
1.0874781
0.96215783
1.0328685
0.93821696
1.0176121
0.90475105
0.94328812
1.1285615
1.048228
0.97541833
1.0860422
0.9268791
1.0035243
0.92027791
1.0014456
0.99951859
1.0371566
0.88266985
0.88098718
0.95728328
0.90548901
0.9585196
1.0626581
1.0427214
0.88124203
0.98346638
0.93912491
0.94527963
1.0168329
0.87224838
1.0231718
0.8748865
0.93287977
0.87953581
0.94441512
0.90238901
0.9477607
1.0469356
1.0221933
0.8766775
0.97409205
0.84990494
0.94221075
0.89609455
0.89949155
1.0539258
1.1578974
1.038793
0.94151195
1.1493984
0.90599544
1.0811402
0.90071258
0.99402314
0.91025892
1.086735
0.97048519
1.0701799
1.0178809
0.89540414
0.95491173
1.0480718
0.95927487
0.90137432
1.0415467
0.88074344
0.97338082
1.0359005
1.0011753
0.99689623
0.88020097
1.0797111
0.94617013
0.96196449
0.89873572
1.0256152
0.90755358
0.93085615
0.94327192
0.86487058
0.97945161
0.97066474
0.95349015
1.0410734
0.8846003
1.0452362
0.88734744
0.96456241
1.0561552
0.94470139
1.0406291
1.1623172
1.1532736
0.90851247
1.0825104
1.0597426
1.1620918
1.0411417
0.94464687
1.153515
0.90919906
1.084456
0.89988016
0.88362176
1.0901769
0.96540423
1.034559
0.9396939
0.90426487
1.016699
0.92254542
0.96502524
0.94419201
0.92016063
1.0011999
1.001889
0.88217101
0.88254146
1.0383483
0.99475804
0.91049883
0.97028859
1.0858245
1.0707182
0.8949153
1.0159209
0.94230992
0.94817923
1.0106817
0.87140533
1.0275273
0.93008882
0.87634697
1.0806238
1.0532419
0.9093179
1.0227822
1.1189959
1.0086088
0.97510415
0.9699667
0.95242604
1.0430471
0.8845092
1.0447886
0.88694389
0.96493078
0.87895934
0.83922601
0.86726268
0.88025237
1.0299928
1.0168599
0.94240814
0.9804845
0.90463673
0.92016944
0.8894708
0.99455191
0.94155708
0.93490628
0.94506202
1.1267552
1.0472495
0.97436852
1.0854192
0.92588558
1.0053868
0.87894552
0.90166691
0.87798696
1.0301513
1.014242
0.93805017
0.97910807
0.9039255
0.91827468
0.88649058
0.99658494
0.94131073
0.93295494
0.94793896
1.1336453
1.0492956
0.97452821
1.0909921
0.92608752
1.0085825
0.90055517
0.83372776
0.92441896
0.90207441
0.88941762
0.88099403
0.84574324
0.86578446
0.89413918
1.0160215
0.92609722
0.90651709
0.97192757
0.86308796
0.93575751
0.85688646
0.88576996
0.88600559
0.92034559
0.83397547
0.83415411
0.95149347
0.95346712
0.90268054
1.0534947
1.0337461
0.87918188
0.97736148
1.0192821
0.89175517
0.87685274
0.9191815
0.96043652
0.9141625
0.98560884
1.0517609
1.0515505
0.91916948
0.91777936
1.0097533
1.1255409
1.0474031
1.0716568
0.91742739
0.9347693
1.003619
1.1136029
1.0419418
1.0731027
0.91493621
0.94863314
1.0067806
1.1134943
1.0550238
1.0548524
0.91910189
0.91898371
1.0091836
1.1300129
1.0441069
1.0746078
0.91684268
0.9423464
1.0086037
1.115714
1.0433314
1.0780512
0.91747534
0.9544973
1.012759
1.1179959
1.0473278
1.0762111
0.91637169
0.93911946
1.0058018
1.1161361
1.045469
1.0767544
0.91669568
0.94342508
1.0091913
1.1175475
1.0551748
1.0501571
0.91720466
0.91740392
1.0120345
1.1291391
1.0443814
1.0729419
0.91596384
0.94211053
1.0062931
1.1137463
1.0453511
1.0765392
0.91597911
0.94415615
1.0060862
1.1150823
0.99324549
0.9910836
0.89970479
0.90116735
0.96013383
1.0440799
0.99698251
0.99553158
0.89631103
0.90425024
0.96210551
1.0513531
0.97761437
0.98365036
0.89874934
0.90217024
0.95328298
1.0255431
0.99739424
0.99688525
0.8986699
0.90458889
0.96183283
1.0493094
0.9959397
0.99645476
0.9007577
0.90476036
0.96311757
1.0480229
0.98202141
0.98018513
0.8982747
0.89740609
0.95172292
1.0238882
0.99567189
0.99693341
0.89647499
0.90470937
0.96511531
1.0536356
0.99749312
0.99578827
0.89479693
0.9061709
0.96402382
1.0522009
0.98764602
0.98492309
0.90314824
0.90202143
0.95607286
1.0329477
0.99707179
0.99752153
0.89682048
0.90613554
0.9650264
1.0530316
0.99329325
0.99464298
0.89457756
0.90353094
0.96173726
1.0472405
0.98472267
0.97971182
0.90048108
0.8991564
0.95279198
1.0270049
1.1411459
0.96015333
0.97292346
1.1468804
0.96602931
1.1357633
1.1508033
1.1584749
0.98241543
1.1588803
1.0190287
1.1496508
0.9957422
1.1665672
1.0206268
0.99259318
0.98547386
0.87697765
1.062459
0.93896107
0.94968756
1.0289408
0.99729025
0.99062087
0.87995293
1.0693931
0.95509454
0.94336488
0.8722945
1.0208967
1.0040273
0.99325345
0.92397704
0.9504115
0.9380211
1.051698
1.0562072
0.91956078
0.91827734
1.0146443
1.1294804
1.2249985
1.2250285
1.2249783
1.2240093
1.2238831
1.2239512
1.2238513
1.2249241
1.2249498
1.2249277
1.2237898
1.2237533
1.2237801
1.2237524
1.2250178
1.2250427
1.2249976
1.224002
1.2239451
1.223964
1.2239
1.2249652
1.2249887
1.2249475
1.2239044
1.2238363
1.2238677
1.223823
1.2249519
1.2249674
1.224961
1.2237987
1.223778
1.2238167
1.2238093
1.2249183
1.2249768
1.2249828
1.223768
1.2237511
1.2238163
1.2238265
1.2250257
1.2250357
1.2250334
1.2239441
1.2238986
1.2239158
1.2239047
1.2249949
1.2250523
1.22504
1.2238841
1.2238684
1.2239211
1.2239223
1.2250309
1.2250786
1.2250789
1.2238924
1.2238991
1.2239553
1.2239642
1.2250632
1.2250942
1.2250545
1.2239207
1.223941
1.2239908
1.2239918
1.2251038
1.2250917
1.225115
1.2239821
1.2239835
1.2239947
1.2240062
1.2251294
1.2251393
1.2251102
1.2240024
1.2240142
1.2240228
1.2240303
1.2229663
1.2230737
1.2228849
1.2215498
1.2215455
1.2216348
1.2212737
1.222693
1.2226377
1.2224386
1.2212954
1.2209195
1.2206415
1.2200846
1.2230826
1.2230138
1.2229585
1.221443
1.221545
1.2212241
1.2208073
1.2223828
1.2223595
1.2223307
1.2197451
1.2200514
1.2190194
1.2198409
1.2230195
1.2229559
1.2229344
1.2213805
1.2213125
1.2212525
1.2210536
1.2223165
1.2229185
1.2229986
1.2222753
1.2229535
1.2221958
1.2224092
1.2223681
1.2224685
1.2225184
1.2198116
1.2202257
1.2200949
1.2206047
1.2227293
1.2227188
1.2225765
1.2209255
1.2205739
1.2209046
1.2203541
1.2225919
1.2231284
1.2230915
1.2225308
1.2231231
1.2226438
1.2224666
1.2227529
1.2231348
1.223189
1.2228156
1.2231707
1.2227263
1.2228062
1.2225663
1.2227527
1.2225242
1.2205455
1.2206449
1.2207731
1.2205255
1.2227014
1.2226369
1.2227695
1.2200702
1.2196326
1.2204901
1.2207
1.2228958
1.2229046
1.2227186
1.2205236
1.2210127
1.2208776
1.2207768
1.222863
1.2228248
1.2229167
1.2209473
1.2209106
1.2211462
1.2212885
1.2228597
1.2230061
1.2229826
1.2210082
1.2210094
1.2216092
1.2216213
1.2192239
1.2193765
1.2196255
1.2161208
1.2160276
1.2161686
1.2163583
1.2187016
1.2193277
1.218785
1.2154673
1.2154887
1.2158024
1.215276
1.2182434
1.2178316
1.2167382
1.2155622
1.2152194
1.2144524
1.2128058
1.2171662
1.2160448
1.2161071
1.213612
1.2127633
1.2111887
1.2110794
1.2184401
1.2177598
1.2185459
1.2136235
1.2147479
1.2138373
1.2146646
1.2144858
1.2173507
1.2175085
1.2162182
1.2168877
1.2154548
1.2153915
1.2165163
1.2163301
1.2165523
1.2116202
1.212165
1.2118471
1.21275
1.2185133
1.2180651
1.2182867
1.2142132
1.2145241
1.2145377
1.2144099
1.216818
1.2168764
1.2167827
1.2128149
1.2137727
1.2130955
1.2135178
1.2176454
1.2183213
1.21741
1.2147753
1.2137004
1.2150406
1.2136246
1.2153212
1.2178984
1.21768
1.2162073
1.2174974
1.2157813
1.2158427
1.2195549
1.2184009
1.2186389
1.2184268
1.2191098
1.2193063
1.2182006
1.216305
1.217393
1.2160599
1.21296
1.2123557
1.2129375
1.2119342
1.2174468
1.2186425
1.2174141
1.2157947
1.2140687
1.2157829
1.2139575
1.2194568
1.2184823
1.2184592
1.2183504
1.2192535
1.2192558
1.2183498
1.2190165
1.2187925
1.2172139
1.217299
1.2169124
1.2170771
1.2188539
1.218204
1.2184876
1.218559
1.2139632
1.2144604
1.2151023
1.2152653
1.2181172
1.2186387
1.218712
1.2146838
1.2146163
1.2153447
1.2153917
1.218294
1.2188982
1.2186484
1.2150317
1.2146183
1.2154595
1.2151064
1.2178126
1.2180011
1.2178508
1.2140093
1.2139674
1.2143893
1.2143569
1.2116573
1.2119528
1.2122049
1.2061293
1.2063345
1.2070307
1.2071559
1.2113495
1.2117074
1.2114625
1.2064808
1.2069217
1.2068371
1.2066591
1.2118334
1.2108695
1.2091868
1.2077084
1.2078322
1.2065556
1.2057139
1.2080421
1.2070008
1.2062825
1.2059932
1.2044531
1.203772
1.2024506
1.2106869
1.2090336
1.2103544
1.2037979
1.2060628
1.2037308
1.2055698
1.2107719
1.2127567
1.2132719
1.2110726
1.2128078
1.2108058
1.211127
1.2060468
1.2093447
1.2091777
1.2088761
1.2073385
1.207848
1.2076702
1.2074552
1.2073797
1.2083157
1.2024184
1.2029967
1.2032652
1.2040822
1.2098461
1.2091244
1.2096192
1.2036742
1.2048674
1.2039707
1.2043662
1.2083762
1.2111171
1.2107235
1.2087398
1.210727
1.2088635
1.2084103
1.2043906
1.2035504
1.2040463
1.2039737
1.2041494
1.203353
1.2049111
1.209982
1.2089712
1.2095791
1.2045638
1.2061753
1.2046325
1.2056469
1.2088896
1.2099211
1.209275
1.2045491
1.2038112
1.2058254
1.2046243
1.2058093
1.2088558
1.2089552
1.2069294
1.2083641
1.2064087
1.2065859
1.2081338
1.2083998
1.2077655
1.2040436
1.2040965
1.2038408
1.2036004
1.2103768
1.2121319
1.2103555
1.2080418
1.2062424
1.2083557
1.2064525
1.2099657
1.2085501
1.2088921
1.2093685
1.2099695
1.2089743
1.2103796
1.211301
1.2106339
1.2087164
1.2089427
1.2081677
1.2083926
1.2108724
1.2104635
1.2106879
1.2108782
1.2058332
1.2062136
1.2059897
1.206252
1.2104905
1.2110291
1.2111859
1.2056345
1.2058204
1.2061997
1.2066681
1.2110699
1.2108454
1.2105579
1.2069502
1.2067874
1.2065002
1.2063029
1.2094411
1.2101834
1.2101453
1.2055678
1.2045568
1.2060838
1.2056121
1.2018565
1.2020125
1.201894
1.1975019
1.1974248
1.1967224
1.1966763
1.2027484
1.201743
1.2014576
1.1973055
1.1974744
1.1965412
1.1967398
1.2024762
1.2019694
1.2034237
1.1943405
1.1961785
1.1946419
1.1966522
1.1979262
1.1974767
1.1975172
1.195008
1.1947169
1.1931166
1.1934398
1.2000936
1.1993066
1.1995509
1.193728
1.193923
1.1946481
1.1942519
1.1968587
1.2006976
1.1941657
1.1922971
1.1974991
1.1947135
1.1988776
1.1987833
1.2003514
1.1962638
1.1992466
1.1971727
1.1969523
1.1964846
1.199324
1.200642
1.2000902
1.1948614
1.19457
1.1955207
1.1953439
1.1964626
1.2010874
1.2006192
1.2003513
1.2003843
1.200106
1.2004846
1.2002693
1.200508
1.1969902
1.2008165
1.1963433
1.1966297
1.1967489
1.2016398
1.2007236
1.2019158
1.195674
1.1964964
1.1963287
1.1976698
1.2025615
1.2029997
1.2009602
1.2027025
1.2012107
1.2010798
1.2011712
1.2009742
1.2018345
1.1991147
1.2016157
1.1985595
1.1991746
1.1996524
1.1993115
1.2001816
1.1989292
1.1928327
1.1930823
1.1950858
1.1939117
1.1901555
1.1890619
1.184879
1.1865083
1.1864176
1.1821734
1.1799093
1.1908253
1.1849998
1.1878806
1.1857289
1.1858339
1.1798483
1.1812345
1.189316
1.1882273
1.1870692
1.1828632
1.1818
1.1848137
1.1814264
1.1963016
1.1984066
1.0730736
1.1880171
1.1891583
1.1928955
1.0612858
1.1883478
1.0763401
1.2002701
1.1842608
1.1853311
1.0676509
1.191664
1.1900857
1.1849466
1.1915437
1.1795307
1.1855788
1.1777464
1.1859189
1.1877288
1.1904596
1.1911293
1.1864944
1.1825731
1.1871388
1.1838619
1.0794332
1.1966467
1.2032164
1.1952661
1.0654684
1.1931844
1.1917395
1.1957485
1.191654
1.1845989
1.0757808
1.1857022
1.1914127
1.1823743
1.1881536
1.1823754
1.1857971
1.1736703
1.1807114
1.1741901
1.1792109
1.1921478
1.1940456
1.1933615
1.1863785
1.1847156
1.1892312
1.1889041
1.1898477
1.1932266
1.1926818
1.1847894
1.1856388
1.1893602
1.188513
1.2225901
1.2230682
1.2230356
1.2223737
1.2230891
1.2225022
1.2224977
1.2226589
1.2231246
1.2231246
1.2225825
1.2231215
1.2226066
1.2226699
1.2226854
1.2230824
1.223141
1.2227785
1.2231141
1.2226458
1.2227578
1.2197938
1.2196806
1.2200081
1.2207245
1.2202711
1.2205127
1.220475
1.2204357
1.2204665
1.2206548
1.2212375
1.2209131
1.2210513
1.2210985
1.2224529
1.2230545
1.2230687
1.2227233
1.2230052
1.2225668
1.2226085
1.2223487
1.2229381
1.2230383
1.2224102
1.2229747
1.2222484
1.2225016
1.2190739
1.2194422
1.2192787
1.2201872
1.2200755
1.2199489
1.2203132
1.2198505
1.2203362
1.2199997
1.2207107
1.2207816
1.220563
1.2209576
1.2227206
1.2231612
1.2231776
1.2228371
1.2231602
1.2227706
1.2227993
1.2226618
1.2231794
1.2231606
1.2226507
1.2231638
1.2227264
1.2225991
1.2202042
1.2197727
1.2199279
1.2207391
1.2207297
1.2205545
1.2209297
1.2206787
1.220404
1.2205476
1.2212028
1.221113
1.2210501
1.221292
1.2226947
1.223113
1.2231467
1.2225574
1.2231589
1.2226367
1.2226366
1.2227227
1.2231967
1.2231892
1.2226768
1.223189
1.2227465
1.222669
1.2206014
1.2205451
1.2207685
1.2213175
1.2210084
1.2211464
1.2211804
1.2207484
1.2205447
1.2207514
1.2213633
1.2211652
1.221183
1.2213484
1.2175525
1.2193327
1.2183629
1.2171783
1.2191824
1.217897
1.2165011
1.2187386
1.2172047
1.2177602
1.2177532
1.2182035
1.2186368
1.2172548
1.2166002
1.2169614
1.2148157
1.2151515
1.2165807
1.2170299
1.2146423
1.215724
1.2152556
1.2142197
1.2125742
1.215914
1.2145848
1.2137594
1.2149727
1.2140378
1.2151058
1.2152989
1.2143348
1.2152275
1.2143859
1.217713
1.2167708
1.2164995
1.216487
1.2178028
1.2175479
1.2167722
1.2118465
1.2142233
1.2111752
1.2109417
1.2132383
1.2132103
1.2091443
1.2109087
1.2117591
1.2097628
1.2079539
1.2121131
1.2112126
1.2078011
1.2044791
1.2035869
1.2039378
1.2043997
1.2038603
1.2048355
1.2038484
1.2170479
1.218883
1.2184554
1.2168228
1.2189093
1.2172373
1.2164741
1.2194327
1.2181495
1.2185056
1.2183849
1.2189804
1.2192446
1.2180692
1.2152458
1.2153853
1.2132059
1.2131076
1.215412
1.2152573
1.2129359
1.2143607
1.2129878
1.2140804
1.2140083
1.2132479
1.2141731
1.2130207
1.2149177
1.2145975
1.2128772
1.2119036
1.2150228
1.2143005
1.2125393
1.2187934
1.2181112
1.2177764
1.2176409
1.2188282
1.2185885
1.2179075
1.2151841
1.2172562
1.2176876
1.2157376
1.2173181
1.2154478
1.2156078
1.2058857
1.2052993
1.2071739
1.2084083
1.2055263
1.207439
1.2063925
1.2125776
1.2126459
1.2098805
1.2107327
1.2124379
1.212851
1.2100999
1.2129442
1.2134239
1.2111478
1.2109643
1.2131985
1.2133499
1.21053
1.2185397
1.2177568
1.2173982
1.2173746
1.2186491
1.218387
1.2176752
1.2131065
1.2138915
1.2111383
1.211435
1.2135582
1.2135745
1.2106714
1.2128575
1.2133838
1.2112589
1.2105048
1.2133642
1.2128316
1.2104593
1.2112386
1.2097408
1.2110116
1.2108061
1.2098619
1.2109853
1.2096248
1.2165511
1.2181401
1.2182402
1.2162015
1.21849
1.2161382
1.216458
1.2143554
1.2138721
1.2115206
1.211854
1.2139232
1.2140725
1.211977
1.2139956
1.2130346
1.2141302
1.2141717
1.2130961
1.214054
1.2131647
1.2149097
1.2148002
1.212187
1.2131756
1.2144515
1.2152708
1.2126615
1.2193698
1.2184919
1.2184369
1.2183501
1.2192429
1.2192324
1.2183564
1.2167295
1.2185397
1.2185123
1.2168481
1.2185821
1.2166568
1.2168896
1.2118883
1.2110262
1.212237
1.2125131
1.2111388
1.2121864
1.2114519
1.214976
1.2150495
1.2127193
1.2133009
1.214814
1.2151308
1.2129538
1.214918
1.2149686
1.2127936
1.2131321
1.2148363
1.2149956
1.2128908
1.2165258
1.2185015
1.2185424
1.2168984
1.2184946
1.2165759
1.2168855
1.2136648
1.2124737
1.2135291
1.2132276
1.2123541
1.2133468
1.2122355
1.2146716
1.2150803
1.2127461
1.2133654
1.2147557
1.2150361
1.2127142
1.2145538
1.2146526
1.2124208
1.2131158
1.2145024
1.2148111
1.2125644
1.2101062
1.2122279
1.2108516
1.2098425
1.2120049
1.2103784
1.2091137
1.2130768
1.2120565
1.212115
1.2124606
1.2133191
1.2123912
1.2133896
1.2082424
1.2075683
1.2058479
1.2054836
1.207967
1.2074978
1.2060452
1.2062813
1.2047531
1.2066162
1.2059625
1.2043799
1.204971
1.205312
1.2048111
1.2078754
1.2058552
1.2059057
1.2059858
1.2065736
1.2044057
1.2035387
1.2031528
1.2034026
1.2028605
1.2031669
1.2025776
1.2034267
1.2051771
1.2069691
1.2045981
1.2046681
1.2063941
1.2064131
1.2038832
1.204792
1.201302
1.2025674
1.2031978
1.2032596
1.2022867
1.2042383
1.2120847
1.2115319
1.2111659
1.2111121
1.2122478
1.2113415
1.2120679
1.2078869
1.2104645
1.2096581
1.2077184
1.2102889
1.2081168
1.2072595
1.2058176
1.2051575
1.2033705
1.2030959
1.2056672
1.2051559
1.2038939
1.2050669
1.2049392
1.2049379
1.2049891
1.2033055
1.2037801
1.2043511
1.2057674
1.2075218
1.2083289
1.205865
1.2078376
1.205462
1.2061507
1.2060395
1.2087581
1.2086908
1.2067962
1.2082698
1.2065933
1.2063831
1.2058483
1.2036059
1.2043083
1.202713
1.2018789
1.2017002
1.2032736
1.2040043
1.2044453
1.2022595
1.2020156
1.2043298
1.2042492
1.2018393
1.2055477
1.2088578
1.2082309
1.2067676
1.2081067
1.2065209
1.2057632
1.2086325
1.2078129
1.2075103
1.2073247
1.2086171
1.207552
1.2084358
1.2034733
1.2042601
1.2019242
1.201613
1.2041769
1.2038565
1.2011676
1.2040172
1.2020548
1.2030477
1.2029659
1.2024574
1.2019861
1.2034927
1.2075877
1.2092612
1.2094262
1.2070638
1.2097733
1.2069517
1.2072016
1.2120324
1.2109125
1.2109795
1.2111033
1.2120127
1.2109871
1.2121679
1.2085037
1.2098651
1.2111584
1.2083804
1.2105639
1.2076884
1.2090719
1.2063501
1.2030128
1.2055914
1.2044069
1.2024738
1.2029489
1.2038983
1.2054909
1.2046526
1.2024518
1.2026025
1.2047738
1.2048416
1.2031416
1.2088931
1.2108249
1.2111434
1.2091348
1.2110423
1.2088154
1.2090514
1.2084758
1.2106582
1.2108606
1.208713
1.2108351
1.2081914
1.2086999
1.2026069
1.2020395
1.2022657
1.202437
1.2017561
1.2016942
1.2025249
1.2063932
1.2064211
1.2042277
1.2044378
1.2061752
1.2063521
1.2044112
1.2114887
1.2104687
1.2103946
1.210089
1.21124
1.2101839
1.2111486
1.2084106
1.2106591
1.2114753
1.2092511
1.2107448
1.2082556
1.2094424
1.2083714
1.2104787
1.2113074
1.2090446
1.2106608
1.2081704
1.2093402
1.2027935
1.2018626
1.2030756
1.203224
1.2020901
1.2023633
1.2028747
1.2064166
1.2070277
1.2043411
1.2054536
1.2062656
1.2072514
1.2044512
1.20283
1.2024688
1.2045155
1.2013017
1.2000917
1.201093
1.20079
1.2023354
1.1903608
1.195498
1.2019786
1.2026089
1.2029411
1.201997
1.197363
1.1975407
1.1951352
1.1894103
1.1983729
1.1960688
1.19498
1.1895299
1.2044552
1.1957849
1.2037591
1.19808
1.1813823
1.1987143
1.1550503
0.94779405
1.1018202
1.0925491
1.0888194
1.0738359
1.1808197
1.2046247
1.1959118
1.1988254
1.2073212
1.2031392
1.2051764
1.2009648
1.1944591
1.1963278
1.1957952
1.1794089
1.1965382
1.1807626
1.1963069
1.1640233
0.94884356
1.0988753
1.1155875
1.08528
1.0925562
1.1873343
1.202906
1.2028266
1.2043991
1.2052619
1.2016964
1.2071664
1.1989694
1.1972071
1.2014731
1.2007517
1.2011956
1.2000189
1.2010151
1.2001056
1.1957691
1.2044298
1.2036063
1.2022425
1.1932203
1.1985059
1.1987326
1.1748703
0.9489115
1.1126115
1.1159082
1.0950695
1.0978508
1.201712
1.2017298
1.1981114
1.1991911
1.20724
1.1995551
1.2048784
1.2024369
1.1949403
1.1992025
1.1983371
1.1982065
1.1999499
1.1977865
1.1990581
1.1977593
1.2003607
1.1995837
1.1993378
1.1995735
1.1994925
1.1999188
1.163287
0.94939455
1.1161779
1.1085493
1.08978
1.0931922
1.1873084
1.1965516
1.1996404
1.2037001
1.196183
1.1975696
1.1931813
1.1939208
1.1928366
1.1961415
1.1929875
1.192722
1.1954535
1.1954214
1.1904492
1.1987178
1.2178921
1.2181529
1.2166476
1.2182698
1.2168134
1.217998
1.2115154
1.2094525
1.2196033
1.2164801
1.2185008
1.2155527
1.194907
1.2054651
1.1946794
1.2143352
1.2079254
1.2130532
1.2102621
1.1818898
1.1979044
1.2184933
1.2186499
1.2172678
1.2188249
1.2174693
1.2183633
1.0954249
1.1849084
1.0140591
1.1683237
1.1942323
1.0682334
1.0130975
1.2113281
1.2093701
1.2166842
1.2201437
1.2189106
1.2156017
1.1943869
1.2049937
1.1936352
1.215014
1.2079347
1.2134471
1.2102089
1.1801428
1.042397
1.1834937
1.214218
1.2136932
1.2004682
1.1232609
1.122284
1.1687966
1.2107571
1.2093457
1.208933
1.2101714
1.2099193
1.2044533
1.1742099
1.1642339
1.1923888
1.2045292
1.2006226
1.1865594
1.1366712
1.1740551
1.1612583
1.190326
1.2025154
1.1988771
1.1858588
1.1343385
1.0025941
1.1129169
1.1631946
1.1532073
1.1280798
1.0645936
1.0518527
1.0053334
1.1199586
1.1739869
1.1628328
1.135115
1.0674493
1.0560802
1.2093287
1.2098876
1.2101761
1.208787
1.2103632
1.2088298
1.2091394
1.1944589
1.1492949
1.2027087
1.1742665
1.202067
1.1952084
1.1493465
1.1898789
1.0948118
1.1977788
1.1358339
1.1982747
1.1888181
1.0988639
1.2098525
1.2100013
1.2105793
1.2113868
1.210865
1.2095702
1.2103756
1.1948585
1.1492255
1.2023017
1.1743207
1.2020902
1.1951391
1.149929
1.2097105
1.2108671
1.2109176
1.2098405
1.2108722
1.2097204
1.2097933
1.192839
1.0970055
1.1383956
1.199845
1.2003737
1.1007948
1.1917793
1.2097398
1.2098153
1.2109245
1.2109137
1.2108943
1.2097442
1.2098122
1.2007983
1.2011528
1.1961213
1.2052851
1.2069553
1.2067373
1.2061521
1.2084114
1.2072958
1.2083932
1.2069722
1.2084184
1.2083874
1.2071053
0.96323273
0.90749376
0.95910067
0.99662647
1.0108459
0.91886445
0.94836349
0.96958648
0.9098557
0.96372135
1.0022878
1.0185837
0.92322234
0.95177537
0.96282815
0.85866135
0.93672267
0.93036831
0.91300446
0.9106493
0.99745309
1.1101137
1.1100211
1.0688702
1.1133456
1.1606078
1.1430212
1.1439678
1.0327518
1.135933
1.0682123
1.0101223
0.98620831
1.1039494
1.0609646
1.2222241
1.2222224
1.2224341
1.2225436
1.222467
1.222183
1.2222916
1.2156335
1.1858777
1.2181796
1.2073948
1.21869
1.2147652
1.1902875
1.215735
1.1853573
1.2184568
1.2077325
1.2190665
1.2148037
1.1900747
1.222051
1.2222173
1.2222883
1.2217415
1.222349
1.2218769
1.2219463
1.2221955
1.2224017
1.2224984
1.2221138
1.2224539
1.2221368
1.222227
1.2219309
1.2222436
1.222367
1.2224136
1.2220582
1.2222725
1.2221722
1.2158601
1.1868428
1.2182917
1.2074141
1.2188953
1.2149272
1.1917136
1.2160845
1.1855235
1.218759
1.2087219
1.2192356
1.215256
1.1909075
1.2216976
1.2219652
1.2222112
1.2216234
1.2218256
1.222113
1.221496
1.2217845
1.2220575
1.2223076
1.2218717
1.2221631
1.2216489
1.2220145
1.2184636
1.2185127
1.2170565
1.2197145
1.2198937
1.2198787
1.2199331
1.2222995
1.2222577
1.2225731
1.2225906
1.2223148
1.2225522
1.2223338
1.2158368
1.1855887
1.2185014
1.2073319
1.2191169
1.2148652
1.1907192
1.2161098
1.1850158
1.2189061
1.2078777
1.2195027
1.2152116
1.1899067
1.2221383
1.2223313
1.2225
1.2220521
1.2222036
1.2224578
1.221962
1.2221993
1.2224107
1.222544
1.2221912
1.2224907
1.2220978
1.2222952
1.2188968
1.2190035
1.2173473
1.2202665
1.2205482
1.2204668
1.2205755
1.2223112
1.2222418
1.2225034
1.2225814
1.2225393
1.2222309
1.222314
1.2161839
1.184662
1.2188638
1.2091105
1.2194705
1.1890488
1.2153189
1.2162017
1.185307
1.218905
1.2087417
1.2194315
1.1903465
1.2152813
1.2222454
1.2223831
1.2224178
1.2220462
1.2224668
1.2221866
1.2221333
1.2223003
1.2224649
1.222553
1.2222316
1.2225208
1.2223482
1.2222153
1.2197596
1.219768
1.218057
1.2208903
1.2212841
1.2211967
1.2212356
1.2058291
1.1733349
1.2088464
1.1854157
1.2094451
1.204852
1.1775651
1.2122867
1.2101099
1.2119085
1.2118194
1.2127186
1.2113218
1.211093
1.1993787
1.1519443
1.1783924
1.2032541
1.2053851
1.1602206
1.1960673
1.2134916
1.214867
1.2138672
1.2131324
1.2146671
1.2138724
1.2126133
1.2119426
1.2112413
1.2077781
1.2141729
1.2162135
1.21555
1.2152421
1.213219
1.2141792
1.2126621
1.2130289
1.2135487
1.2140632
1.2121189
1.2050696
1.1733081
1.208556
1.1860575
1.2087963
1.2047285
1.1779875
1.2093643
1.2092067
1.2109001
1.208859
1.2104828
1.2099368
1.208127
1.1935831
1.1511422
1.1765597
1.1938451
1.1967607
1.1591878
1.1900461
1.2108315
1.212696
1.2131223
1.2122307
1.2117701
1.2124003
1.211406
1.2078921
1.2074704
1.2076214
1.2055116
1.2087209
1.2063079
1.2067848
1.2064575
1.1732991
1.186039
1.2099084
1.2104662
1.1758776
1.2066438
1.199116
1.1506195
1.1793114
1.2029502
1.2053873
1.1584411
1.1958162
1.2124407
1.2104839
1.2120944
1.2113584
1.2125128
1.211896
1.211085
1.213812
1.2149264
1.2145529
1.2134143
1.2150364
1.2138202
1.2133
1.2130092
1.2132526
1.2122182
1.2118035
1.2134192
1.21295
1.2117015
1.1970351
1.2193767
1.2201038
1.2190783
1.2202728
1.2197412
1.218703
1.0974803
1.183671
1.1702067
1.013271
1.1926832
1.0661195
1.0168853
1.2122624
1.2096405
1.2212071
1.2171716
1.2168584
1.2197428
1.1933482
1.2051884
1.1947405
1.217016
1.2098937
1.2116526
1.2152943
1.1822337
1.1976889
1.2198092
1.2201742
1.2190852
1.2202631
1.2201548
1.2191067
1.2123132
1.2098747
1.2215006
1.2174898
1.2167999
1.2199943
1.1923251
1.2057342
1.1944402
1.2171387
1.2101127
1.2115926
1.2153619
1.1808878
1.042909
1.1830174
1.212655
1.2129283
1.1999294
1.1228227
1.1219234
1.1789158
1.2155983
1.2168203
1.2163462
1.2161521
1.2156377
1.2150897
1.1978305
1.1933732
1.2157349
1.2057148
1.2078122
1.2125237
1.1711517
1.1986808
1.1920032
1.2151299
1.2054154
1.2073208
1.2120293
1.1714289
1.0432702
1.1700883
1.1955685
1.1932817
1.1782392
1.1086454
1.1049009
1.0397762
1.1695863
1.1964617
1.1940597
1.17576
1.1069547
1.1054643
1.0445907
1.1858156
1.2124804
1.2124974
1.1245101
1.2020736
1.1255385
1.1989571
1.2186472
1.2185267
1.2173489
1.2189219
1.2186344
1.2178269
1.2116107
1.2093205
1.2196231
1.2164884
1.2185851
1.2155959
1.1949024
1.2059699
1.1949316
1.2155399
1.2094872
1.2109754
1.2142028
1.1827839
1.0416475
1.172356
1.1960662
1.1929899
1.1111941
1.1754078
1.1097724
1.1789277
1.2070391
1.2095057
1.2117495
1.2060719
1.2117848
1.2089894
1.1971809
1.1917801
1.2101413
1.2025015
1.2068773
1.205052
1.1732915
1.1985868
1.1925737
1.2134419
1.2050337
1.2066933
1.2105732
1.1730001
1.0433606
1.1714374
1.1977842
1.1943468
1.1132557
1.1068855
1.1763625
1.207083
1.1737445
1.1877767
1.2106724
1.2106927
1.1771291
1.2076777
1.1989165
1.1523337
1.1797136
1.2020491
1.2043144
1.1604829
1.1957989
1.2117031
1.2106885
1.2117567
1.2103256
1.2114788
1.2119866
1.2104205
1.2128701
1.2138685
1.2143665
1.213021
1.2140515
1.2127523
1.2131888
1.2113953
1.2109352
1.2097903
1.2100219
1.2110677
1.2111826
1.2101784
1.2057876
1.1728736
1.2095721
1.1858768
1.2096616
1.2062172
1.1765966
1.2112022
1.2101742
1.2116384
1.2101783
1.2115827
1.2113028
1.2098985
1.1973579
1.1514659
1.1784342
1.200647
1.203081
1.1588659
1.1941629
1.2124466
1.213751
1.2140902
1.2129571
1.212838
1.213704
1.2126278
1.2109366
1.2108486
1.2098981
1.2095495
1.2110186
1.2107849
1.2097023
1.0431264
1.1859148
1.2122883
1.2122754
1.123859
1.201261
1.1233378
1.1978496
1.219427
1.2194111
1.2183792
1.2196393
1.2193542
1.2185775
1.2117593
1.2091427
1.2167459
1.2202917
1.2191797
1.2158947
1.1946653
1.2053571
1.1946753
1.2162619
1.2091912
1.2112028
1.2146609
1.1819011
1.0398954
1.1705751
1.1955083
1.1928247
1.1091991
1.1743264
1.1065828
1.1787444
1.2127772
1.2137525
1.214309
1.2125094
1.2140932
1.2131275
1.1982244
1.1907215
1.2127709
1.2039085
1.2100505
1.2060076
1.171784
1.198125
1.1918259
1.2142222
1.2053589
1.2070082
1.2114704
1.172664
1.0400097
1.1708219
1.195893
1.1935928
1.1095081
1.1071464
1.1775008
1.1978816
1.2199186
1.220199
1.219164
1.2192385
1.2202705
1.2204613
1.2132607
1.2107282
1.2180732
1.221555
1.2202579
1.2172416
1.1929272
1.2075008
1.1957242
1.2176825
1.2115358
1.2160513
1.2130132
1.1818059
1.1979988
1.2196847
1.2199593
1.2187107
1.2188521
1.2200411
1.2200527
1.2122506
1.2101764
1.2175158
1.2210855
1.2198121
1.2169005
1.193213
1.2056163
1.1954646
1.2165751
1.2099888
1.2150754
1.211588
1.1834041
1.0424002
1.1711001
1.1987516
1.1956525
1.1094599
1.1053443
1.176674
1.0443969
1.1721943
1.1963729
1.1938278
1.1099232
1.1072994
1.178344
1.1807802
1.2148943
1.2160663
1.2157988
1.2159215
1.2150282
1.2147274
1.200537
1.1936222
1.215924
1.2069249
1.2088027
1.2130245
1.1730148
1.1982305
1.194001
1.2149343
1.2058061
1.2078391
1.2119933
1.1728377
1.2076938
1.1745296
1.2109351
1.1878427
1.2116381
1.2079059
1.177485
1.2127361
1.2110463
1.2121248
1.2112956
1.2114936
1.2123361
1.2124252
1.2004523
1.1539029
1.181429
1.2042726
1.2066813
1.1972431
1.1616495
1.213856
1.214753
1.2146869
1.2133764
1.215005
1.2135249
1.2136566
1.2130943
1.2131128
1.2116679
1.2123937
1.2120024
1.2127695
1.2134777
1.2068622
1.1744715
1.1853628
1.2102694
1.2107037
1.1768577
1.2061904
1.199533
1.1519039
1.1789357
1.2031867
1.2053423
1.1594832
1.1964828
1.2132263
1.2119761
1.2131578
1.2122744
1.2132215
1.2131175
1.2121228
1.2112762
1.210734
1.2072727
1.2135926
1.2151747
1.2148229
1.2143421
1.2142278
1.215235
1.2151972
1.2142559
1.2152465
1.214312
1.2141696
1.2132763
1.2133003
1.2122673
1.2123514
1.2132729
1.2132817
1.2122687
1.2070948
1.1747933
1.1860109
1.2103475
1.2107423
1.1780429
1.2062757
1.1998519
1.153553
1.179156
1.2033907
1.2053684
1.196822
1.1614268
1.2129743
1.2118764
1.2130427
1.2120235
1.2118669
1.2130119
1.2129857
1.211763
1.2108654
1.2077573
1.2136897
1.2152767
1.2149449
1.2143845
1.2140039
1.2150338
1.2151136
1.2141543
1.2150499
1.2140722
1.214094
1.2129517
1.2129079
1.2119098
1.2119994
1.2119195
1.2129366
1.2129425
1.2095602
1.2093762
1.2109324
1.2092656
1.2102948
1.2101463
1.2084831
1.1937656
1.1474176
1.2020578
1.1733412
1.2017808
1.1941788
1.1477655
1.1899227
1.0946596
1.1979776
1.1361576
1.198925
1.1884679
1.0987351
1.2105599
1.211581
1.2117828
1.2121955
1.2113092
1.2109791
1.2113638
1.2089552
1.2086151
1.2084929
1.2073968
1.2093052
1.208356
1.2078417
1.1998334
1.2004571
1.1938472
1.2058696
1.2086282
1.2077257
1.2075514
1.2062962
1.2081814
1.2079357
1.208165
1.2071593
1.2071454
1.2073223
1.186392
1.1461397
1.191897
1.1663398
1.1908034
1.1462004
1.1875546
1.1904283
1.0953348
1.1978227
1.1382226
1.1981952
1.1013162
1.1889011
1.2051916
1.2051164
1.2067645
1.2049016
1.2060024
1.2060045
1.204482
1.2057287
1.2059468
1.2074604
1.2063772
1.2064945
1.2068283
1.205261
1.1933864
1.1463592
1.2015041
1.1724155
1.2010426
1.1938703
1.1473007
1.2089183
1.2095253
1.2102238
1.2086918
1.2101657
1.2091205
1.2082506
1.1849648
1.0879288
1.1284304
1.1936685
1.1940938
1.0926611
1.1837195
1.2095077
1.2099212
1.2111372
1.2106604
1.2106215
1.2100228
1.209564
1.2076194
1.2068294
1.2074726
1.206225
1.207891
1.2066657
1.2070319
1.0001778
1.1179855
1.1709672
1.1594835
1.0665461
1.1304153
1.0506463
1.0033941
1.1189867
1.1722246
1.1606259
1.0673027
1.1333471
1.055296
1.091672
1.2057184
1.208799
1.2046342
1.2063405
1.1837769
1.1968074
1.1523783
1.1564267
1.1828263
1.2034768
1.1971802
1.1821193
1.1101114
1.0891386
1.0735742
1.1512423
1.0896808
1.1177565
1.1338414
1.0289451
1.0012606
1.1032077
1.0584296
0.92938587
1.1071492
0.94692411
0.98977528
1.0836986
1.2021857
1.2044275
1.1994877
1.1993002
1.1812096
1.1873853
1.1556023
1.157526
1.1818365
1.2008775
1.1942916
1.1817737
1.1148842
1.0966663
1.0834912
1.1580868
1.1007239
1.1280013
1.1398448
1.0396363
0.92303593
1.0297895
1.0468016
1.0558092
0.96917077
0.97544534
1.0052197
1.0860958
1.1667471
0.9860824
1.1397563
1.1678216
1.0048481
1.0710841
1.086314
1.1725523
0.98548671
1.1433117
1.1750993
1.0693234
1.0048766
1.1638956
1.2036829
1.2028579
1.2038194
1.2024061
1.2018687
1.1958403
1.1700042
1.1541051
1.1780804
1.1940712
1.1905159
1.1791771
1.1304199
1.1739181
1.1647719
1.1906349
1.2009116
1.1976259
1.1853573
1.1381847
1.0042015
1.1203946
1.1715951
1.1598584
1.0697452
1.0553101
1.1328183
1.0746628
1.1974507
1.194182
1.1936087
1.173266
1.1926538
1.1713919
1.1440079
1.1479997
1.1714778
1.1887373
1.1825474
1.1689618
1.1069698
1.1054542
1.0850351
1.1598678
1.1089154
1.147697
1.1317006
1.0472414
0.92617509
1.031428
1.0599255
1.0513991
0.98117704
0.97236525
1.0088833
1.0892745
1.2036321
1.2033223
1.1989463
1.1831444
1.2017613
1.1911574
1.1552423
1.1578977
1.1816876
1.2005375
1.1823241
1.1946939
1.1141633
1.0980542
1.0772702
1.155701
1.0997068
1.1233711
1.1417921
1.0370798
1.1932236
1.1473064
1.2005529
1.1734314
1.1999735
1.1938074
1.1478745
1.2081621
1.2095236
1.2091624
1.2083895
1.2084291
1.2092569
1.2080957
1.1895442
1.0937544
1.1353531
1.1972035
1.197506
1.1884344
1.0986305
1.2078694
1.2075192
1.2086137
1.2088569
1.2074586
1.2090317
1.2077983
1.2071241
1.205886
1.2072374
1.206409
1.2074715
1.2069461
1.2060622
1.2075612
1.2089146
1.2090167
1.2082406
1.207911
1.2086893
1.207723
1.1915179
1.1469842
1.1992278
1.1714088
1.1987691
1.1473004
1.1921583
1.1883507
1.088894
1.1945654
1.1350579
1.1963446
1.0979184
1.1849756
1.2073899
1.2073688
1.2087269
1.2084315
1.2075952
1.2086142
1.2072377
1.2065832
1.205624
1.2070437
1.2059113
1.2066859
1.2068195
1.2056359
1.1976251
1.1957162
1.1902778
1.2016318
1.2044351
1.2040087
1.2030401
1.0880785
1.1742058
0.98302653
1.1432676
1.1765971
1.0731459
1.0024531
1.1714288
1.2071759
1.2057931
1.2064804
1.2071452
1.2064714
1.2041301
1.174166
1.1627251
1.1901024
1.2011726
1.19772
1.1855436
1.136396
1.1760656
1.1658473
1.1928863
1.20279
1.1996282
1.1871775
1.1391736
1.0049989
1.1238883
1.1756515
1.1647458
1.0715499
1.0566587
1.1366689
1.0122618
1.1059905
0.93246682
1.0688161
1.1191161
0.95642732
0.99125745
1.0871637
1.201701
1.2027891
1.2015833
1.1920839
1.2006016
1.1856858
1.1586725
1.1599321
1.1834749
1.2011913
1.1950633
1.1843103
1.1171002
1.1033485
1.0950815
1.1125173
1.1669059
1.1485002
1.1359945
1.0476659
0.93184556
1.0439757
1.0705722
1.0648137
0.98549665
0.98130404
1.0220474
1.0911141
1.2016883
1.2039007
1.2027314
1.1870145
1.2008089
1.1934005
1.1599536
1.162192
1.1858764
1.2027264
1.1859569
1.1972314
1.1179411
1.0999429
1.0895367
1.1058737
1.1625153
1.1302592
1.1447928
1.0422777
1.0051631
1.1189185
1.1731863
1.1612201
1.1338189
1.0682626
1.0551232
1.0053914
1.1213512
1.1741857
1.165143
1.1365091
1.0694936
1.055456
1.1710808
1.2096586
1.2084146
1.2081256
1.2043254
1.209538
1.2091932
1.1758005
1.1620052
1.1904828
1.2025943
1.1870307
1.1990525
1.1357484
1.176638
1.1668631
1.1940972
1.2047553
1.1887531
1.2015546
1.1393469
0.92404549
1.0316388
1.0546191
1.052363
1.0068122
0.97551269
0.97308993
1.085892
1.2039767
1.2059371
1.1999726
1.1814698
1.2023394
1.1903827
1.1559636
1.1578511
1.1827375
1.2013388
1.1818656
1.1956017
1.1147479
1.0956306
1.0846014
1.1006985
1.1585699
1.1280957
1.1396211
1.0386229
1.0088425
1.1157425
0.93449759
1.0680228
1.1197871
0.99732866
0.95212386
1.0987015
1.2022914
1.2057454
1.2035615
1.1878196
1.2038535
1.1970112
1.1589857
1.160594
1.1869803
1.2036101
1.1856316
1.1990661
1.1164058
1.1004322
1.0790534
1.1011242
1.1595611
1.1265066
1.1456469
1.0371522
1.194532
1.1479963
1.2020651
1.173801
1.2018401
1.1948351
1.1485017
1.2100622
1.2109766
1.2112042
1.210006
1.2098565
1.2111388
1.2101241
1.1915777
1.0959253
1.1361903
1.1993319
1.1993058
1.1911209
1.0989657
1.210223
1.2103709
1.2113707
1.2113223
1.2103025
1.2113404
1.2102798
1.2087494
1.2074454
1.2085293
1.2069973
1.2085527
1.2086743
1.2072197
0.97149098
0.91155013
0.96749333
1.0074029
1.0226501
0.92436249
0.95525382
0.94813686
0.89965028
0.94456011
0.98169689
0.99033417
0.90899328
0.93675812
0.95927911
0.86169976
0.93257978
0.93033812
0.99218117
0.9113339
0.90923812
1.0289544
1.143434
1.0805027
1.0097597
1.110342
1.0549971
0.99065159
1.0265929
1.1212314
1.0486679
0.99349343
1.0908134
1.0526459
0.97332273
0.96456507
0.913155
0.96364566
1.0107412
1.0155061
0.92000653
0.95773885
0.97021998
0.90818214
0.96503565
0.99812659
1.0185939
0.9494546
0.92327929
0.96363042
0.86034398
0.93577553
0.93419215
0.91272524
0.91367728
0.99546954
1.1122329
1.1081775
1.0695891
1.1132386
1.160334
1.1440188
1.1427775
1.0335573
1.1258069
1.0744941
1.0113377
1.0961865
0.99053405
1.0579579
1.0374172
1.15468
1.0736103
1.0103438
0.98996156
1.1207898
1.0642955
0.97509036
0.91157605
0.97040619
1.0025397
1.0256523
0.92645873
0.95389793
0.9697841
0.90883496
0.96414907
1.0006055
1.018308
0.95094719
0.92260111
0.96942627
0.85778738
0.93661585
0.93288984
0.91165148
0.91536367
1.0044734
1.0467997
1.1528265
1.078475
1.0139681
1.1201955
0.99491844
1.0740835
1.0458303
1.1538958
1.0776101
1.013886
0.99219273
1.1201526
1.0747038
1.2219168
1.2209946
1.2209319
1.2218548
1.2208453
1.2217959
1.2219109
1.2213016
1.2197832
1.2205046
1.2216228
1.2204087
1.2215393
1.2211978
1.2210376
1.2192077
1.2191581
1.2208895
1.2188761
1.2206751
1.22088
1.2207368
1.218876
1.2191166
1.2208104
1.218801
1.2205961
1.2205393
1.2218481
1.2206701
1.2208034
1.2218494
1.2206628
1.2217809
1.2217858
1.2217125
1.2207336
1.2202566
1.2218173
1.2205451
1.2217228
1.2215914
1.2207593
1.2190335
1.2193441
1.2208941
1.2191267
1.220743
1.2206029
1.2214302
1.2196646
1.2197751
1.2211293
1.2193978
1.220963
1.2212229
1.2215279
1.2198634
1.2197369
1.2213315
1.2195221
1.2211865
1.2213941
1.2211709
1.2195664
1.2192972
1.2212079
1.2193248
1.2210285
1.2209295
1.2216979
1.2201508
1.2207625
1.2218468
1.2204289
1.2216493
1.2214772
1.2218277
1.2208096
1.2205708
1.2218799
1.2205823
1.2217399
1.221733
1.2214106
1.2202967
1.2200725
1.2215828
1.2202237
1.2215121
1.2213735
1.221796
1.2204794
1.2203673
1.2217105
1.2203197
1.2216015
1.2216519
1.2218432
1.2206578
1.2203792
1.2218472
1.2203755
1.2216866
1.2216828
1.2217791
1.2206337
1.2203612
1.221822
1.2203714
1.2216797
1.2216503
1.2196552
1.2192377
1.2179029
1.2181953
1.2175704
1.2178426
1.2194034
1.2161225
1.2147573
1.2137439
1.2165814
1.2157406
1.2161261
1.2142205
1.2169358
1.2171158
1.2145742
1.2145285
1.2148751
1.2148451
1.2170448
1.2104088
1.2074348
1.2087834
1.211517
1.2122381
1.2123344
1.2094058
1.220223
1.219397
1.219689
1.219535
1.2201615
1.2202044
1.2194851
1.220084
1.2190866
1.2193398
1.2193173
1.219912
1.2200754
1.2191149
1.2177595
1.2173576
1.2176248
1.2185363
1.2184202
1.2186226
1.2183007
1.2118583
1.2150409
1.2111256
1.2134408
1.2156925
1.2170144
1.216181
1.2168432
1.2180194
1.2170189
1.2178775
1.2166155
1.2176629
1.2178326
1.2173813
1.2180544
1.2156607
1.2152162
1.2160524
1.2156319
1.217648
1.213378
1.2105782
1.2117051
1.2129385
1.2139607
1.2134103
1.2111715
1.2113678
1.2088254
1.2145113
1.2125622
1.2147666
1.2164285
1.2160533
1.2161321
1.2174435
1.2166254
1.2175225
1.2160885
1.2172188
1.2172498
1.2152885
1.2134271
1.2127815
1.215439
1.2149383
1.2151621
1.2130338
1.2128196
1.2117972
1.2103169
1.2107168
1.2098111
1.2102132
1.2122655
1.2082352
1.206102
1.205626
1.2085522
1.2078428
1.2081805
1.2059075
1.2047352
1.2058005
1.2021818
1.2027851
1.2036279
1.2042442
1.2065323
1.2009297
1.1993096
1.1998533
1.2009608
1.2016979
1.2018058
1.1994369
1.2054075
1.2076182
1.2016653
1.2045061
1.2063054
1.2051046
1.2063069
1.2041628
1.2038696
1.204461
1.204463
1.205257
1.2041251
1.2035119
1.1920238
1.1918226
1.2066225
1.2054734
1.1930345
1.1908112
1.2058965
1.193922
1.2081221
1.2073501
1.1981422
1.1947235
1.206698
1.1974783
1.1925794
1.2057044
1.2051139
1.1926815
1.1913656
1.2055398
1.1936551
1.1480983
1.1708073
1.0257111
1.0017097
0.97369816
1.1624825
1.1565623
1.2082833
1.2095094
1.2066158
1.2060961
1.2074095
1.20679
1.2089214
1.204834
1.202306
1.203987
1.204135
1.2055963
1.204841
1.2030467
1.209869
1.2109009
1.2057103
1.2087795
1.2098333
1.2097297
1.2107378
1.2078539
1.2081944
1.2073242
1.208136
1.2089895
1.2087652
1.2077764
1.1956391
1.2081053
1.1999019
1.2072339
1.1983064
1.2071011
1.1972717
1.1921979
1.1915428
1.2070771
1.2063545
1.1926075
1.19103
1.2066378
1.1942329
1.2082229
1.1972845
1.2076268
1.1944114
1.1970418
1.207217
1.1934819
1.2066231
1.2062293
1.1949966
1.1921616
1.2065237
1.1960029
1.2061155
1.2035158
1.2031932
1.2063604
1.2057518
1.2058963
1.2030918
1.2036513
1.202928
1.2008544
1.2036524
1.2004069
1.2008299
1.2009471
1.2031933
1.2029298
1.1994695
1.2036158
1.1999179
1.2004979
1.2001304
1.2021542
1.1991676
1.1987077
1.2012345
1.1985643
1.1988189
1.1993097
1.1993098
1.1991621
1.1973412
1.200349
1.1980389
1.1981196
1.1976751
1.2031973
1.202146
1.201104
1.2028669
1.2007371
1.2007004
1.2010185
1.2018561
1.2015902
1.1984046
1.2024894
1.1995051
1.1996302
1.1983131
1.0735351
1.0218794
1.06347
1.0781159
1.0654086
1.1138942
1.1158284
1.1943547
1.1943107
1.1239075
1.162535
1.1585587
1.177093
1.2015758
1.2019058
1.1998247
1.1978512
1.1995846
1.197654
1.1969527
1.1968412
1.2002116
1.2003122
1.1981437
1.1994485
1.1982001
1.1970278
1.1972939
1.2004439
1.1998301
1.1994517
1.199328
1.1985698
1.1972324
1.1978848
1.0611524
1.0272811
1.0515575
1.0793282
1.0725347
1.1154334
1.1023828
1.1963355
1.1407138
1.1982202
1.1874477
1.1791079
1.1994893
1.2006925
0.84591742
0.82712301
0.8468288
0.8426891
0.83748671
0.83527637
0.86027015
0.85644566
0.90101694
0.84194129
0.8425174
0.83020183
0.87591113
0.87675458
0.86333805
0.91434935
0.87799174
0.86803836
0.85388187
0.88890516
0.88185382
0.86278453
0.91442497
0.87634572
0.8636899
0.85125454
0.88936661
0.88095238
1.200698
1.2008361
1.1961695
1.2010252
1.195934
1.1963849
1.196433
1.2012398
1.2018937
1.1995186
1.2020725
1.2003928
1.2005605
1.2002057
1.2007289
1.2009212
1.1975587
1.2012391
1.1979571
1.1986895
1.1982959
1.217843
1.2195838
1.2142174
1.2199894
1.2180984
1.2204669
1.2201618
1.2215216
1.220889
1.2210235
1.2214148
1.2205709
1.2211713
1.221347
1.2182596
1.2200217
1.214505
1.2205771
1.2185914
1.221146
1.2207458
1.2216098
1.2209982
1.221302
1.221664
1.2209392
1.2214699
1.2214667
1.1923206
1.2045201
1.0571745
1.057346
1.015752
1.1995992
1.199701
1.2177179
1.2197033
1.214274
1.2178569
1.2203719
1.2202011
1.2207294
1.2203929
1.2193553
1.2198165
1.2194523
1.2205348
1.220324
1.2202248
1.2142774
1.2123682
1.2219263
1.2209933
1.2132255
1.2134006
1.2223437
1.2158366
1.2223362
1.2212419
1.2168838
1.2151113
1.2221283
1.2173254
1.2186874
1.2202634
1.2151407
1.2207756
1.2187921
1.2212561
1.2208642
1.220451
1.219524
1.2201433
1.2207066
1.2198135
1.2205633
1.2203323
1.2181007
1.2200872
1.2143291
1.2181973
1.2207613
1.2212787
1.2207483
1.2209469
1.2202792
1.2198645
1.2199598
1.2210526
1.2208008
1.2207043
1.2140679
1.2122039
1.2203816
1.2203151
1.2131634
1.2130906
1.2205874
1.215719
1.2217232
1.2207973
1.2167594
1.2148559
1.2210173
1.2173148
1.1921311
1.2044263
1.0585427
1.0585727
1.0160907
1.199566
1.1997543
1.2186284
1.2205032
1.2148522
1.2211758
1.21875
1.2216902
1.2211544
1.2211102
1.2207033
1.2203031
1.2213371
1.220499
1.2211996
1.2210222
1.217013
1.2190742
1.2215934
1.2216526
1.2211733
1.2182125
1.2182347
1.2140132
1.2122457
1.220458
1.220304
1.2132308
1.2130813
1.2205005
1.2157089
1.221276
1.2208233
1.2170874
1.2150048
1.2208567
1.2175821
1.2156602
1.2213282
1.2207209
1.2169769
1.2148383
1.2208568
1.2175178
1.2188176
1.2203614
1.2154823
1.2210797
1.2192091
1.2209894
1.2216252
1.2216234
1.2214976
1.2210011
1.2216963
1.2210509
1.2215305
1.221502
1.2187379
1.2204056
1.2150809
1.2208153
1.2190022
1.2213706
1.2210913
1.2216087
1.2214305
1.2208986
1.2217016
1.2209239
1.2215125
1.2214605
1.216305
1.2148664
1.2159123
1.2155712
1.217012
1.2166762
1.2160238
1.2170527
1.2181132
1.21675
1.2163354
1.2176419
1.2173706
1.2180057
1.2031546
1.1966497
1.2084865
1.2103093
1.2057021
1.2128646
1.2115033
1.2166943
1.2169942
1.2145264
1.2156614
1.2159924
1.2160963
1.2170519
1.210178
1.2126902
1.208396
1.2112945
1.2125699
1.2140568
1.2141565
1.2127783
1.214921
1.2138017
1.2151108
1.2133202
1.2148883
1.2146458
1.2009663
1.2093898
1.2053243
1.2079334
1.2043379
1.2080146
1.2024213
1.1962719
1.191464
1.2068645
1.205341
1.1945929
1.1931477
1.2066103
1.1998947
1.2096458
1.202809
1.2082104
1.1983544
1.2037213
1.208077
1.1977131
1.2071613
1.2055985
1.197159
1.1947491
1.2068055
1.1996334
1.1924797
1.1881491
1.1963745
1.1986695
1.194895
1.2004836
1.1994144
1.208219
1.2076254
1.2049552
1.2052404
1.2042645
1.2050337
1.2075763
1.2109257
1.2095304
1.2141869
1.2146818
1.2123051
1.2162257
1.2155657
1.21684
1.2179721
1.2170075
1.216616
1.2178779
1.217668
1.2178431
1.2025977
1.1967882
1.2078643
1.2100058
1.2051544
1.2121456
1.2107141
1.2159206
1.2160584
1.2138994
1.2148057
1.2148604
1.2149436
1.2159961
1.2180469
1.2166129
1.2169918
1.2168424
1.217806
1.2179918
1.2166103
1.2182297
1.2170836
1.2173009
1.2169802
1.2179865
1.2169163
1.2180704
1.2129278
1.2139363
1.2139117
1.2155036
1.2152701
1.2155265
1.2151632
1.2115304
1.2112304
1.2147375
1.2126351
1.2145157
1.2157669
1.2158711
1.2148057
1.2161121
1.2154415
1.2164244
1.2150839
1.2162519
1.2159755
1.2006593
1.1967602
1.2060795
1.2032815
1.2082544
1.2095639
1.2075853
1.2133457
1.2129396
1.2114982
1.2110679
1.2119946
1.2114535
1.2130292
1.2031427
1.2083411
1.211726
1.2107567
1.2066885
1.2049276
1.2103238
1.1981567
1.1938529
1.2084194
1.2072433
1.1970274
1.1949606
1.2085524
1.2018729
1.2113303
1.204911
1.2098801
1.2008549
1.2055923
1.209984
1.1997566
1.2094286
1.1996967
1.2076429
1.19679
1.2021392
1.2089056
1.2168669
1.2152807
1.2098414
1.216286
1.2148802
1.2161217
1.2164863
1.2144514
1.2157775
1.2148017
1.216008
1.2145927
1.2158435
1.2156501
1.2015979
1.210822
1.2068069
1.2099091
1.2052395
1.2093618
1.2035641
1.196589
1.1915477
1.2076791
1.2060788
1.1949958
1.1932051
1.2075249
1.2005094
1.2108846
1.2037653
1.2092128
1.1990556
1.2046382
1.2091698
1.1981221
1.2090066
1.2066434
1.1979242
1.1949798
1.2079961
1.200604
1.2005464
1.1947921
1.2050268
1.2070034
1.2029046
1.207651
1.2088601
1.2131393
1.2133038
1.2114566
1.2118684
1.2119905
1.211932
1.2131621
1.2185208
1.2171623
1.2174778
1.2174772
1.2182844
1.2185515
1.2171961
1.2191162
1.2181391
1.2182153
1.2178495
1.2189076
1.2179301
1.2188703
1.2149435
1.2154344
1.215516
1.2164588
1.216306
1.2165918
1.2161476
1.2200279
1.2190798
1.2192734
1.2190602
1.2198381
1.2199058
1.2189969
1.2198475
1.2187078
1.2190709
1.2189219
1.2196441
1.2198001
1.218724
1.2170202
1.2167887
1.2170238
1.2179758
1.2178406
1.2179813
1.2178029
1.2036066
1.2120072
1.2125908
1.2093216
1.2072567
1.211163
1.2059145
1.1986292
1.1940227
1.2077053
1.2085913
1.1953594
1.1972016
1.2090501
1.2001073
1.2106411
1.2083744
1.2002498
1.1969933
1.209702
1.2029922
1.2023822
1.2118672
1.2050928
1.210056
1.2010335
1.2060907
1.2105006
1.2039709
1.1984979
1.2090516
1.2063169
1.2111946
1.2131884
1.2116083
1.2160187
1.2161575
1.2142747
1.215082
1.21497
1.2151214
1.2161015
1.2115995
1.2088064
1.214555
1.2131071
1.2150445
1.2161802
1.2169293
1.2161852
1.2172323
1.2161412
1.2174542
1.2161901
1.2172381
1.2171968
1.2026439
1.1966188
1.2075311
1.2049023
1.209373
1.2111107
1.2099497
1.215086
1.2147634
1.2133489
1.2136246
1.2140143
1.2138767
1.2149346
1.2022798
1.208168
1.2123613
1.2117726
1.2058521
1.2047145
1.2109986
1.1974236
1.1933106
1.208804
1.2078454
1.1963969
1.1942009
1.2090788
1.2012196
1.2118693
1.2043325
1.2102599
1.2002388
1.205085
1.2105212
1.1988707
1.2103631
1.1992647
1.2083995
1.1958346
1.2018016
1.2095906
1.2025189
1.2113601
1.2077962
1.2121013
1.2058931
1.2042714
1.210824
1.1977036
1.1934073
1.2078767
1.2088058
1.1945408
1.196478
1.2090529
1.1992045
1.2100805
1.1991064
1.2083896
1.1962587
1.2015367
1.2095032
1.2014609
1.2117336
1.2043888
1.2102445
1.2003201
1.2051814
1.2104517
1.2028271
1.1968344
1.207948
1.2053291
1.2096899
1.211793
1.2104625
1.2151654
1.2154383
1.2136312
1.2144175
1.2140928
1.2141809
1.2152466
1.2020007
1.2074054
1.1914302
1.2019346
1.2069918
1.2106021
1.2101174
1.2101414
1.2076243
1.21018
1.210841
1.2109935
1.2113555
1.2103997
1.1901067
1.1906537
1.2082053
1.2053422
1.1919405
1.1888971
1.2066386
1.1908097
1.2057136
1.2044212
1.1912399
1.1896378
1.205774
1.1921406
1.1885697
1.2028909
1.1674772
1.2038262
1.1893191
1.206142
1.2052529
1.208952
1.2091014
1.2085523
1.2084415
1.2092015
1.2075613
1.2079943
1.1902848
1.1898241
1.2043451
1.204002
1.1910593
1.1891992
1.203698
1.1491376
1.17055
1.028132
1.0059709
0.97675445
1.1621763
1.1580862
1.1921536
1.2040822
1.2045057
1.1955907
1.1927593
1.2037891
1.1950155
1.1910575
1.20346
1.2036239
1.1922131
1.1899438
1.203395
1.1930135
1.2012689
1.2028069
1.1930563
1.2035648
1.2018629
1.2037353
1.2039273
1.2042812
1.1974718
1.2033877
1.204261
1.202949
1.2033112
1.2026119
1.1885557
1.2024806
1.1688863
1.2025557
1.1896165
1.2048566
1.2048159
1.2031114
1.2024195
1.1995311
1.2031796
1.2016489
1.2025982
1.2027203
1.2012839
1.2065173
1.1891065
1.2007074
1.2059236
1.2093538
1.2097661
1.2083509
1.2079588
1.2086335
1.2095954
1.209423
1.2098671
1.2087688
1.1908254
1.1907978
1.2093667
1.2057983
1.1928864
1.188515
1.2071631
1.1462207
1.1671381
1.0222052
1.0026957
0.97437186
1.1589212
1.1545963
1.1910322
1.2046787
1.2043204
1.1899342
1.1887877
1.2053584
1.1916752
1.2053256
1.1924469
1.2052348
1.205403
1.2067427
1.2051365
1.2047437
1.2064211
1.2033472
1.2055004
1.2057667
1.2064253
1.2050241
1.2050788
1.2088964
1.2082066
1.2081147
1.2068712
1.2075276
1.2078486
1.2066365
1.2074595
1.2052122
1.2013773
1.2054938
1.2049344
1.2044896
1.2067465
1.2038579
1.2013461
1.1981599
1.2037916
1.2022292
1.2023605
1.2035994
1.2022777
1.2038168
1.2005819
1.2021148
1.2011348
1.2011832
1.2028179
1.2028522
1.2020145
1.1989235
1.2019953
1.1997679
1.2012185
1.2014706
1.2043271
1.2034525
1.1969286
1.2021787
1.2024059
1.2038203
1.2027299
1.191868
1.1916775
1.2053405
1.2061983
1.1907044
1.19276
1.2055018
1.1925456
1.2051136
1.2049863
1.1933811
1.1912546
1.2051551
1.1944977
1.1941014
1.2066483
1.1980596
1.2066224
1.1947438
1.1975845
1.2059458
1.1502135
1.1716777
1.0266098
1.0047211
0.97737783
1.1631672
1.1585983
1.1860291
1.1654421
1.2020076
1.1861773
1.2021032
1.204219
1.2041758
1.2039951
1.2047543
1.2046735
1.2055715
1.2047371
1.2034836
1.2030602
1.1931209
1.1978737
1.2056163
1.2046204
1.2044114
1.1965692
1.1944084
1.1899159
1.1895241
1.2049176
1.2042333
1.1908799
1.1885407
1.204127
1.1922802
1.2056339
1.2054278
1.1963657
1.192898
1.204659
1.1958523
1.1905699
1.2037099
1.2035948
1.1909803
1.1889782
1.2037045
1.1924168
1.1991538
1.2037602
1.1877859
1.2032732
1.1986165
1.2063563
1.2067171
1.2051134
1.2058912
1.2053368
1.2061658
1.2061971
1.2061656
1.2051233
1.205976
1.204974
1.2001035
1.2046917
1.2063912
1.2040703
1.2044423
1.2042504
1.2044839
1.2034664
1.2045013
1.2039705
1.2035366
1.2032555
1.2052232
1.2060683
1.2055001
1.2047369
1.2048244
1.2044305
1.2053683
1.2027894
1.2018853
1.1994763
1.2033678
1.2025022
1.2032651
1.2028305
1.2043369
1.2031706
1.1998675
1.2039666
1.2036074
1.2047016
1.203396
1.2073644
1.2070084
1.2071267
1.2060191
1.2057132
1.2060239
1.205653
1.2049747
1.2024963
1.1999838
1.2044993
1.2029334
1.2046597
1.2028143
1.2045106
1.203079
1.2019652
1.2043997
1.2026111
1.2041715
1.2027986
1.2027108
1.2075771
1.1908845
1.2068659
1.2020492
1.2100526
1.2105271
1.2088547
1.2080918
1.2086068
1.2097956
1.2095851
1.2100536
1.2089286
1.1868108
1.202514
1.1667843
1.2026662
1.1877931
1.2046364
1.2045359
1.2075507
1.2061551
1.2067063
1.2071969
1.207669
1.2061673
1.2064206
1.1950964
1.2073093
1.2082972
1.2003622
1.1988749
1.2070768
1.1967898
1.191644
1.1914084
1.2062866
1.2069905
1.1908425
1.1921771
1.2065065
1.1928571
1.2065373
1.2061546
1.1947275
1.1919258
1.206395
1.1953476
1.1937252
1.2081879
1.1978719
1.2075611
1.1939456
1.1978269
1.2071148
1.1880033
1.1667081
1.2024716
1.1874251
1.2026084
1.2037835
1.2034947
1.2059815
1.2059651
1.2046796
1.204952
1.20532
1.2039053
1.2045347
1.2015843
1.2069222
1.190564
1.2065697
1.2011418
1.2092739
1.2096029
1.2074717
1.2084482
1.2080261
1.2087572
1.2093629
1.2087833
1.2075077
1.2063116
1.187586
1.2051077
1.2056185
1.2055961
1.2043571
1.2039345
1.2062244
1.2075934
1.2054228
1.20602
1.2058267
1.2047941
1.2050102
1.0697122
1.0246564
1.0600911
1.0802393
1.0722843
1.1197311
1.1131189
1.1865836
1.197233
1.1280304
1.1889172
1.1703924
1.2028477
1.2034202
1.0392044
0.99299303
1.0285694
1.0437413
1.0334179
1.0807348
1.0797763
1.187913
1.1932348
1.1262757
1.1777025
1.1631636
1.1915548
1.1984244
0.87948793
0.93428203
0.93417825
0.93681479
0.90607799
0.90896001
0.90116093
0.84798916
0.82929188
0.84695295
0.84903248
0.83836411
0.83966017
0.8624874
0.862603
0.91292132
0.87533682
0.86557149
0.85365511
0.88647195
0.88032436
0.86446268
0.91166795
0.87248278
0.86649585
0.85448396
0.8863139
0.88253834
0.8470852
0.82838043
0.84653074
0.8469587
0.83794261
0.83820834
0.86117657
0.86339018
0.91557144
0.8756437
0.8664881
0.85410488
0.88825344
0.88136232
0.8576088
0.90420491
0.84327392
0.84223712
0.8306518
0.87882949
0.87660008
0.86460846
0.91688086
0.87628669
0.86706284
0.85449803
0.8892873
0.88273217
1.0579916
1.0197107
1.0476941
1.0716663
1.0645313
1.1085206
1.0990816
1.2056985
1.2008775
1.1359817
1.1865033
1.1892358
1.2115511
1.2109843
0.84533917
0.82726473
0.84194803
0.84705668
0.83505954
0.83827026
0.85876631
0.86262002
0.91741748
0.87423829
0.86298386
0.85176468
0.88891568
0.88060011
0.85768816
0.90784916
0.84310125
0.84285347
0.8305668
0.87933856
0.87860954
0.86429391
0.92047821
0.87766651
0.86803347
0.8555207
0.89125226
0.88256938
1.0607588
1.0187802
1.050961
1.0714159
1.0646583
1.1025822
1.1095266
1.1944787
1.141252
1.1994904
1.1905707
1.1805925
1.2020569
1.2026209
1.0565601
1.0130188
1.0458515
1.0569629
1.0660264
1.1030209
1.0976839
1.1903731
1.1269137
1.1947885
1.1665678
1.1801666
1.1942519
1.1990957
1.06325
1.0191864
1.0528697
1.0669584
1.0741651
1.1136155
1.1042084
1.1923365
1.1432227
1.1996424
1.1809622
1.1926245
1.2000532
1.2004231
1.1928344
1.2148339
1.2181636
1.210497
1.2118074
1.2152547
1.1835972
1.150174
1.1861333
1.2123668
1.0766062
1.2088959
1.1708957
1.0504309
1.2026827
1.2152268
1.2182971
1.2170053
1.213652
1.2160926
1.2081077
1.1810786
1.208869
1.2146871
1.2087765
1.2089645
1.2089602
1.1761168
1.1595532
1.1825669
1.2084076
1.0611477
1.2070917
1.17026
1.0452959
1.1850622
1.2103347
1.2146929
1.2121142
1.2093873
1.2104393
1.1972048
1.1919887
1.207828
1.1699344
1.0108217
1.0676472
1.2120738
1.1630181
1.2056962
1.2128751
1.2150948
1.1163695
1.2170985
1.1915643
1.1643204
1.2145418
1.2164683
1.218875
1.2177478
1.2185427
1.2173312
1.2112905
1.2072628
1.1955024
1.1840074
1.2166429
1.2123051
1.1186684
1.215206
1.182439
1.1968976
1.1694399
1.0234183
1.0613944
1.2079497
1.1609914
1.1952397
1.2053561
1.2090948
1.1052863
1.2112496
1.182885
1.160891
1.2091202
1.2124879
1.2159049
1.213495
1.2144948
1.2144163
1.2057985
1.1952385
1.1957977
1.180329
1.2146339
1.2081368
1.1146288
1.2123089
1.1912825
1.2151411
1.2187427
1.2108095
1.2118583
1.2154882
1.1822607
1.1481109
1.185489
1.2123163
1.0761072
1.2088076
1.169577
1.0499514
1.2018205
1.2153668
1.2188226
1.2172797
1.2136762
1.2162981
1.2076904
1.1801523
1.2102467
1.2095545
1.2156552
1.2095176
1.2098734
1.1748422
1.1568518
1.1814508
1.2082366
1.0605356
1.2068342
1.1678832
1.0429541
1.1840866
1.2103729
1.2154363
1.212479
1.2097139
1.2107619
1.1964956
1.1919223
1.2074256
1.0119093
1.1696424
1.0679372
1.1626113
1.2119305
1.2053909
1.2128025
1.215192
1.1146712
1.2174003
1.1909272
1.1638596
1.2146747
1.2167203
1.2181
1.219414
1.2189847
1.21118
1.2176408
1.2066962
1.1952247
1.1844818
1.2168833
1.2121285
1.1208623
1.2152243
1.1807947
1.1962007
1.1687616
1.0238223
1.0582097
1.2077032
1.1597085
1.1942887
1.2051417
1.2090948
1.1028281
1.2114622
1.1812042
1.1600437
1.2089661
1.2126113
1.2166535
1.2139374
1.2150324
1.2147366
1.2053684
1.1940013
1.1941929
1.1796323
1.2148503
1.208086
1.1127504
1.2120688
1.1572102
1.1956723
1.1883632
1.2060554
1.1883428
1.1959197
1.1544375
1.1034029
1.150781
1.185239
1.0333227
1.18006
1.1218658
1.0155323
1.1620935
1.1928436
1.2061799
1.1992747
1.1898889
1.19734
1.1703436
1.1579121
1.1945591
1.1889105
1.2054388
1.1891399
1.1947379
1.1553358
1.1028092
1.1502897
1.1834163
1.0333764
1.1785039
1.1221233
1.0145886
1.1625732
1.1940256
1.2056598
1.1981832
1.1910285
1.1961329
1.1705982
1.1369009
1.1704639
0.98880279
1.1208668
1.0228565
1.110854
1.1806874
1.1589155
1.1834603
1.1907117
1.0660889
1.1956838
1.1409673
1.1046023
1.1858213
1.1964182
1.2015594
1.207946
1.2035155
1.1790082
1.1995079
1.1601162
1.151754
1.117488
1.1956775
1.1775311
1.0653015
1.1891469
1.1395094
1.1723226
0.99244465
1.1218643
1.0220927
1.112869
1.1826021
1.1584768
1.1816926
1.1891828
1.0651659
1.1943919
1.1408075
1.1029813
1.1860062
1.1977402
1.2005264
1.2074943
1.2026125
1.1791656
1.2006094
1.1635388
1.1546261
1.1228424
1.1977096
1.1807909
1.0687356
1.1911948
1.1848929
1.1182506
1.1735968
1.0566172
1.174225
1.1858653
1.1185523
1.1955107
1.178737
1.1621432
1.2037462
1.2026126
1.1974289
1.1547433
1.1869424
1.1846859
1.0796199
1.1366648
1.1793507
1.1901563
1.1261522
1.1779678
1.0557076
1.1618534
1.0152365
1.1645194
1.1760859
1.0615609
1.192544
1.1486387
1.1450071
1.2002069
1.1991664
1.1954455
1.115729
1.1824972
1.180311
1.0367949
1.1166647
1.1703269
1.1884522
1.0807873
1.1966411
1.1793051
1.1650417
1.2044234
1.2032019
1.199049
1.1563317
1.1875894
1.184763
1.0794249
1.1385152
1.1785003
1.1918519
1.12715
1.1809028
1.0573527
1.0168274
1.1636005
1.1663
1.0627971
1.1790663
1.1955438
1.1511549
1.1432148
1.2018251
1.2014283
1.1972649
1.1171621
1.1854186
1.1804554
1.0382738
1.1140172
1.1725252
1.1896529
1.0819895
0.92603774
0.87392463
0.85078555
0.87683736
0.88880992
0.88325716
0.91182343
0.9829618
0.98435931
0.9605557
1.054271
1.031131
1.0121052
0.93495373
0.94413008
0.93394198
0.86318268
0.9224342
0.90494878
0.9741678
0.89838257
0.93133501
0.87445506
0.85270375
0.87638837
0.89196864
0.88679499
0.91310869
0.99534318
0.99256337
0.97010048
1.0779902
1.0475082
1.0251494
0.9444547
0.95268347
0.93500313
0.86558451
0.92594985
0.90855326
0.97968447
0.90473129
1.2098447
1.1436523
1.1996881
1.0869073
1.2020202
1.2083695
1.1519049
1.2172734
1.2090348
1.2209927
1.204685
1.2201732
1.2187492
1.197503
1.212444
1.2099209
1.1121559
1.1870868
1.2054867
1.2153061
1.1684748
1.2098487
1.1423038
1.2000462
1.0865253
1.2023043
1.2083807
1.1508466
1.2173179
1.2091422
1.2211605
1.2049404
1.2204612
1.2187779
1.1974332
1.2123511
1.2098549
1.1115821
1.1863762
1.2055583
1.2152083
1.1674886
1.2171268
1.2087571
1.2201461
1.2046183
1.2197993
1.2181434
1.1980607
1.2124573
1.2099143
1.113497
1.1884568
1.2054289
1.2150279
1.1702269
1.2173203
1.2095871
1.2204737
1.2052375
1.2201645
1.2183653
1.1982265
1.2125808
1.2099927
1.112073
1.1880778
1.205793
1.2151231
1.1687403
1.2172095
1.2085541
1.220502
1.2043407
1.2200714
1.2183727
1.1975448
1.212374
1.209756
1.1115232
1.187247
1.205357
1.2151045
1.1683839
1.2174549
1.2090079
1.2208997
1.2046292
1.2204883
1.2186161
1.1974032
1.2125443
1.2098541
1.1110209
1.1870686
1.2056986
1.2152164
1.1676002
1.2175211
1.2102547
1.2053174
1.2210886
1.2205844
1.1968717
1.2187943
1.2130457
1.2108457
1.1106628
1.185108
1.2071993
1.1658749
1.2155157
1.2198757
1.2216854
1.2185185
1.221996
1.2188154
1.2196451
1.2219292
1.2176935
1.2100365
1.2053479
1.2214394
1.2207636
1.1977639
1.2190452
1.2130232
1.2107613
1.1111059
1.1856132
1.2069857
1.1669497
1.2155799
1.2198802
1.2217892
1.2185032
1.2222579
1.218725
1.2197091
1.2220678
1.2057722
1.1443561
1.1842876
1.051401
1.1869362
1.2045778
1.155399
1.2068772
1.1924851
1.2127801
1.1827587
1.2110825
1.2085197
1.1743315
1.2044396
1.2006445
1.0844478
1.1725484
1.1926756
1.2044796
1.1610734
1.2029543
1.1854026
1.2105368
1.181539
1.2081036
1.2065757
1.1693545
1.1965156
1.197996
1.0832841
1.165857
1.1870659
1.2020629
1.150958
1.2056328
1.1445551
1.1844139
1.0518031
1.1875344
1.2048534
1.1568654
1.2058343
1.1961446
1.2113107
1.1862159
1.2099764
1.2075295
1.1763928
1.2037586
1.2014859
1.0866572
1.1752071
1.1936911
1.2038524
1.1628593
1.197221
1.1839728
1.202976
1.1817367
1.200061
1.2011569
1.1683868
1.1947788
1.1978433
1.0868592
1.1671475
1.1884004
1.1988774
1.1519183
1.2075109
1.1947961
1.2145675
1.1851892
1.2126511
1.209685
1.1743787
1.2057209
1.2029854
1.0838339
1.172744
1.1943975
1.2059744
1.1602164
1.2026476
1.1869558
1.2107642
1.181631
1.2082378
1.2065626
1.1679856
1.1974962
1.1998454
1.082362
1.1663793
1.1895392
1.202243
1.1516869
1.1916271
1.2149382
1.2103141
1.2184964
1.2155905
1.2115786
1.1831739
1.1477846
1.1857696
1.2123774
1.0748276
1.2091486
1.169841
1.0500568
1.2015452
1.2157361
1.2189711
1.2176552
1.2165042
1.2137255
1.2083329
1.181086
1.2090033
1.208815
1.2153562
1.2093753
1.2089975
1.1757763
1.1582234
1.1790787
1.2091733
1.061888
1.2058577
1.1704996
1.0435691
1.1849751
1.2107732
1.2157248
1.2132136
1.2112692
1.2094203
1.1953893
1.1908096
1.1667312
1.2070908
1.0094346
1.062812
1.2127691
1.1605875
1.2051777
1.2130663
1.2154291
1.113331
1.2178507
1.1902294
1.1612759
1.2076741
1.1955012
1.1817272
1.2187853
1.2137084
1.1177053
1.2167569
1.2150257
1.2173701
1.2201263
1.2185586
1.219581
1.2185115
1.2117791
1.1800055
1.1645931
1.1957477
1.021697
1.05837
1.206426
1.1572256
1.1942071
1.20514
1.2105276
1.1045818
1.2127735
1.181626
1.1588619
1.1944083
1.1943552
1.1767345
1.2164567
1.2080325
1.1112712
1.2130232
1.2090067
1.2129936
1.2177297
1.2149082
1.2162516
1.2154243
1.2044832
1.1912106
1.2153403
1.2109185
1.2192276
1.2160211
1.2123191
1.1822549
1.1473444
1.1845032
1.2126254
1.0760263
1.2095072
1.1684857
1.049389
1.2019496
1.2163042
1.2196098
1.2180249
1.2169221
1.2143771
1.2085931
1.1802157
1.2106528
1.2099445
1.2165534
1.210871
1.2104395
1.174624
1.1540407
1.1775867
1.2100579
1.0600965
1.2067631
1.1669651
1.0402589
1.1839725
1.2116305
1.216577
1.2134695
1.2116319
1.2111994
1.1955026
1.1901532
1.1676317
1.2078534
1.0094635
1.0636366
1.2134501
1.1598024
1.2052507
1.2133985
1.2157226
1.1132118
1.21816
1.1891502
1.1607833
1.2074852
1.1954562
1.1823064
1.218508
1.2132388
1.1187305
1.2168208
1.2153737
1.2177716
1.2205662
1.2189326
1.2199745
1.2188964
1.2121726
1.1797076
1.1654996
1.1957565
1.0214128
1.0546576
1.208221
1.1565997
1.1938903
1.2062581
1.2107906
1.1016905
1.2129235
1.1803358
1.1580017
1.1938097
1.1946636
1.1773331
1.2164745
1.2088136
1.1111332
1.2134896
1.2099398
1.2135219
1.2181872
1.2152217
1.2165826
1.2160505
1.2055585
1.1635235
1.1968834
1.1900532
1.208782
1.1999138
1.1933956
1.1567088
1.1334319
1.1622122
1.1962188
1.0703547
1.1897995
1.1456192
1.0460179
1.1743998
1.2025066
1.2105157
1.2071206
1.2037728
1.1975325
1.1835949
1.1645298
1.1960152
1.1902673
1.2078867
1.1991871
1.1933513
1.1580527
1.1338794
1.162025
1.1963322
1.0695768
1.1904604
1.1468876
1.0445015
1.1747639
1.2021805
1.2095768
1.2063602
1.2028955
1.1974376
1.1842112
1.1700168
1.1624244
1.1870231
1.0114487
1.071461
1.2001826
1.1498397
1.184895
1.1984545
1.2025159
1.094022
1.2081574
1.1671523
1.1503339
1.1894766
1.178797
1.1786528
1.2138356
1.2056344
1.1034331
1.2078005
1.2037177
1.2074788
1.2153842
1.2104684
1.2133127
1.2117783
1.195524
1.1701606
1.1634066
1.1861559
1.0089905
1.0714965
1.2003752
1.1484748
1.1852166
1.1989861
1.2022452
1.0925992
1.2079115
1.1679595
1.1506691
1.1883785
1.1790976
1.1778775
1.2134994
1.2057293
1.1019272
1.2073816
1.2032094
1.2071042
1.2145318
1.2096456
1.2125245
1.2112035
1.1958005
1.1913044
1.2162532
1.2192749
1.2121841
1.216445
1.2133732
1.1820183
1.147971
1.1853181
1.212802
1.0750254
1.2099771
1.0495167
1.1695394
1.2025488
1.216031
1.2191822
1.217609
1.2168864
1.2146122
1.2089067
1.1812538
1.2126851
1.2168989
1.2116568
1.2117174
1.2120262
1.1756113
1.1561956
1.1822738
1.0595053
1.2102342
1.20753
1.1700665
1.0415961
1.1852373
1.2120304
1.2164414
1.2132185
1.2121009
1.2116337
1.1977464
1.0535401
1.0458767
1.1683903
0.91874905
1.1709203
0.92045834
1.0471792
1.1917321
1.2083681
1.1694029
1.0098335
1.0665672
1.2129078
1.1624433
1.2058672
1.2130673
1.215389
1.1156224
1.2172713
1.1643946
1.1908655
1.2148061
1.2170587
1.2192356
1.2181566
1.2187971
1.2177909
1.2119632
1.207547
1.1959854
1.1848386
1.2170366
1.2125558
1.1204275
1.2157649
1.1816991
1.167548
1.0229354
1.1968434
1.0591061
1.208214
1.1601153
1.1953936
1.2065249
1.1044413
1.2105324
1.2123193
1.1831123
1.1606661
1.1948571
1.1955044
1.1791518
1.2151907
1.2083919
1.1133199
1.2128207
1.2097442
1.2132992
1.2168111
1.214549
1.2154555
1.2151427
1.2065396
1.1641049
1.1879186
1.1980018
1.1847336
1.1912158
1.1879291
1.1576599
1.1377455
1.1617871
1.1914588
1.0733611
1.1861776
1.0473481
1.1493189
1.1736322
1.1962795
1.1998812
1.1983573
1.1949633
1.1920534
1.1819445
1.1654062
1.1942327
1.2033396
1.1878295
1.1911684
1.1973749
1.1583519
1.138034
1.1637787
1.0740496
1.1960355
1.1904165
1.14985
1.0483358
1.1757242
1.1998801
1.2052297
1.2042841
1.1953736
1.2009924
1.1844763
1.1713208
1.1852323
1.1653218
1.017451
1.0769075
1.1975889
1.1538228
1.1848535
1.1965249
1.1972499
1.0970791
1.2024743
1.1543011
1.1694015
1.1993181
1.2008692
1.2056261
1.2016314
1.2046686
1.2047164
1.1926649
1.1883371
1.1796171
1.179798
1.209904
1.2035713
1.105942
1.204498
1.1717848
1.1657158
1.0153033
1.1864413
1.0763169
1.1990993
1.1527886
1.1861237
1.1988398
1.0961585
1.2017735
1.206827
1.1700798
1.1531123
1.1891373
1.1801186
1.1806121
1.2111352
1.2048306
1.1056791
1.2058163
1.202655
1.2045827
1.2110423
1.2075225
1.2102645
1.208377
1.1957388
1.2075029
1.1974043
1.1870251
1.2131074
1.2117291
1.1775192
1.2093223
1.2063359
1.2036182
1.0859265
1.1755604
1.1956596
1.1634988
1.2061276
1.2123201
1.2125769
1.2087873
1.2136727
1.2089015
1.2136161
1.2122912
1.2023285
1.186756
1.1834615
1.2091652
1.206861
1.1700408
1.2060204
1.1980051
1.2002291
1.0858534
1.1697224
1.1904599
1.1551707
1.2025875
1.2071158
1.2103028
1.2031036
1.2095323
1.2053684
1.2106781
1.2052702
1.2063316
1.144093
1.1854227
1.0510535
1.1876932
1.2061571
1.1541239
1.2065539
1.1960514
1.2121857
1.1858316
1.2107971
1.2082726
1.1761483
1.2048003
1.2018411
1.0847428
1.1742923
1.1940484
1.2045725
1.1620019
1.2007753
1.1861163
1.2085922
1.1814319
1.2060899
1.204612
1.1674023
1.1959303
1.198179
1.0850815
1.1656184
1.1882665
1.2003476
1.150406
1.1913228
1.2156814
1.2193439
1.2111442
1.2160815
1.2122767
1.1821074
1.1473726
1.1847061
1.2126657
1.075078
1.2092011
1.0489907
1.169263
1.2019467
1.2159716
1.2195098
1.2178454
1.2168712
1.2142455
1.2081246
1.1804795
1.2097264
1.2092469
1.21632
1.2093023
1.2101638
1.1745741
1.1573229
1.1791349
1.0615852
1.2093856
1.2075582
1.1696643
1.0422723
1.1841532
1.2109643
1.2164937
1.2137832
1.2097443
1.2121006
1.196075
1.1917203
1.2076302
1.0099771
1.1689892
1.066295
1.1616625
1.2123358
1.2053702
1.2128468
1.2154842
1.1141583
1.2176832
1.1635452
1.1906697
1.2149464
1.2173384
1.2185695
1.2199712
1.2194206
1.211448
1.2182331
1.2070603
1.1958103
1.1841932
1.2176412
1.2127462
1.1197108
1.2159295
1.1811297
1.1673193
1.0223419
1.1958083
1.0595923
1.2073954
1.1587136
1.194619
1.2053385
1.1038287
1.2103272
1.2124371
1.181812
1.1593543
1.1943429
1.1947819
1.1790453
1.2156466
1.2081371
1.1123074
1.2127657
1.2095524
1.213293
1.2177447
1.215075
1.2161512
1.2156061
1.2053456
1.1648312
1.1950328
1.2060244
1.1902473
1.19801
1.1930512
1.1587863
1.1353244
1.1619288
1.195296
1.0698454
1.1897342
1.0435349
1.1477683
1.1747338
1.2010795
1.2075954
1.2047038
1.2015231
1.1967884
1.1837036
1.1659749
1.1968246
1.2073228
1.1911684
1.1939939
1.1996085
1.159964
1.1381568
1.1633161
1.0748185
1.1968568
1.1908036
1.1493626
1.0479535
1.1755291
1.2019007
1.208845
1.2062043
1.1975922
1.2031061
1.184127
1.1711164
1.185654
1.1648481
1.0129062
1.0729921
1.1993023
1.1510577
1.1853795
1.1978337
1.201061
1.0934101
1.2062603
1.1515574
1.1687436
1.2019268
1.2056015
1.211997
1.2077649
1.2103031
1.2092629
1.1950806
1.1882165
1.1798767
1.1798184
1.2117302
1.2046249
1.103781
1.2062061
1.1712122
1.1650649
1.0132532
1.1865419
1.0747882
1.1997263
1.1514983
1.1856316
1.1986148
1.0954217
1.2024079
1.2075462
1.1690991
1.1534246
1.1891535
1.1797348
1.1801726
1.2122434
1.204967
1.1056721
1.2067952
1.2029743
1.2064333
1.2131681
1.2091755
1.2116891
1.2101893
1.1954115
1.1902968
1.2163844
1.2196959
1.2123382
1.2167482
1.2138389
1.181799
1.1447531
1.1834533
1.0737354
1.2137033
1.2104512
1.0471862
1.1665867
1.2013929
1.2167805
1.2198755
1.218446
1.2174131
1.2153495
1.2089737
1.1813291
1.2127443
1.2172991
1.2117368
1.2125367
1.2121061
1.1757149
1.1552159
1.1792794
1.2115161
1.0592374
1.2086014
1.1681033
1.0415917
1.1855196
1.2131262
1.2171261
1.2141518
1.212335
1.212839
1.1982526
1.1898732
1.0082261
1.2084647
1.1666355
1.0638863
1.1590791
1.2145603
1.2061051
1.2145227
1.1127022
1.216475
1.218613
1.1610049
1.1887644
1.2160023
1.218166
1.2193287
1.2207278
1.2202369
1.2132084
1.2192708
1.2083299
1.1948968
1.1828197
1.2186723
1.2141025
1.1180609
1.2172901
1.1803849
1.1968059
1.165862
1.020433
1.055326
1.2095066
1.1584099
1.1959073
1.2079279
1.2121712
1.1022046
1.213695
1.1818694
1.1592628
1.2115066
1.2142908
1.2184108
1.2157957
1.2170362
1.2165926
1.2074192
1.1951327
1.1951762
1.1791381
1.2170134
1.2100847
1.1128634
1.2146044
1.1906444
1.2158388
1.2195244
1.2112156
1.2164325
1.2124823
1.1819202
1.1460171
1.1842822
1.0752893
1.2129577
1.2100109
1.0475745
1.1686321
1.2015757
1.2164302
1.2197853
1.218243
1.2172409
1.2144987
1.2088203
1.1799613
1.2098643
1.2164567
1.2095551
1.2100437
1.2099191
1.1740738
1.157155
1.1802613
1.209624
1.0597255
1.2072048
1.1688438
1.0440879
1.1841677
1.2111828
1.2165472
1.2136724
1.2119303
1.2103634
1.1956141
1.1903977
1.0097416
1.2077829
1.1680848
1.0636254
1.1598097
1.2131283
1.2051194
1.2136356
1.1124165
1.2159725
1.2181494
1.1602609
1.1894024
1.2152536
1.2178037
1.2190034
1.2203631
1.2198352
1.2122986
1.2187565
1.2078202
1.1965079
1.1828626
1.2185536
1.213666
1.1200192
1.2168122
1.1805485
1.1965131
1.1667611
1.0222659
1.0579895
1.2078565
1.1578269
1.1946698
1.205926
1.2106804
1.103949
1.2128046
1.1817304
1.1603046
1.2093466
1.2135017
1.2177242
1.2151425
1.2162324
1.2157615
1.2053454
1.194318
1.1956838
1.1771391
1.2162213
1.208133
1.1115092
1.2133665
1.1671326
1.1976536
1.2089209
1.1924152
1.1954353
1.2007462
1.1604832
1.1350641
1.1632433
1.0708882
1.1983658
1.1926594
1.0452529
1.1484862
1.1771353
1.2037228
1.2105085
1.2076438
1.1993339
1.2043079
1.1864367
1.1650798
1.19726
1.2084783
1.1912556
1.1943823
1.2001769
1.1586959
1.135007
1.1633604
1.0732243
1.1967418
1.1903585
1.0470567
1.1479811
1.1754584
1.2029656
1.2100322
1.2069779
1.1982532
1.2038154
1.1847062
1.1713686
1.1648737
1.0111704
1.187735
1.0720287
1.2016356
1.150173
1.1873078
1.2007927
1.0930254
1.2040459
1.2091948
1.1520227
1.1697866
1.1896095
1.1809384
1.179329
1.2138216
1.2068719
1.104026
1.2081769
1.2049377
1.2083041
1.2150942
1.2107849
1.2134395
1.2120058
1.1979713
1.1714616
1.1653934
1.0136907
1.1881918
1.0770948
1.2009529
1.151778
1.1860459
1.1989863
1.0951758
1.2026907
1.2079764
1.1536161
1.1686314
1.1902685
1.1801371
1.1802331
1.2135024
1.2057597
1.105536
1.2080092
1.2039591
1.2075552
1.2144106
1.2100279
1.2125952
1.2114684
1.1962886
1.2082533
1.1443762
1.1876548
1.0501548
1.1897599
1.2075661
1.1548137
1.2086662
1.1969812
1.2155803
1.1871848
1.2139242
1.176213
1.2107921
1.212791
1.2131317
1.2089721
1.2138557
1.2094362
1.2124812
1.2141427
1.206967
1.2046766
1.083795
1.1747042
1.1956863
1.1612347
1.2074104
1.2039592
1.188993
1.1851923
1.2116674
1.2093127
1.1711443
1.2078348
1.2087372
1.2118776
1.2034251
1.2116643
1.2065733
1.2066074
1.2126077
1.1991418
1.2015028
1.0855679
1.1683186
1.1916287
1.1530513
1.2036364
1.2067527
1.1450822
1.0491507
1.1855817
1.1874007
1.154376
1.2059549
1.2075627
1.1945654
1.1850524
1.2135607
1.2121438
1.1744179
1.2092822
1.2049722
1.2021901
1.0821336
1.1735903
1.1929653
1.1601983
1.2051911
1.2123787
1.2132468
1.2082286
1.2140386
1.208646
1.2143197
1.2120936
1.1915941
1.1238229
1.0651746
1.1736658
1.1796726
1.1359996
1.1869604
1.2029062
1.1863101
1.1817889
1.2105086
1.2080831
1.16852
1.2065929
1.1970609
1.1991946
1.0834527
1.1659276
1.1886681
1.15152
1.2021935
1.2077673
1.2113093
1.2031452
1.2112112
1.2052084
1.2119927
1.2061473
1.2077863
1.1944919
1.2136455
1.1844399
1.212224
1.1745761
1.2093417
1.2053311
1.2017121
1.0829995
1.1739619
1.1929952
1.1609552
1.2052429
1.2123468
1.2130019
1.2082406
1.213948
1.2084841
1.2120724
1.214031
1.2032371
1.186173
1.1827151
1.2101902
1.2079108
1.1705147
1.2067179
1.2074169
1.2109371
1.2021595
1.2108596
1.2047925
1.2054102
1.2115893
1.1973804
1.1990558
1.0854877
1.1673991
1.1884349
1.1528394
1.2027294
1.1954713
1.1785812
1.2037534
1.1620372
1.2026103
1.1979779
1.153609
1.1861696
1.1835189
1.07795
1.1355916
1.1770725
1.1906546
1.1242055
1.1952366
1.1500572
1.2034633
1.142948
1.2017034
1.1983234
1.1175694
1.1845027
1.1801793
1.0386329
1.1131773
1.1711823
1.1900468
1.0818763
1.1869667
1.1696098
1.157211
1.1929166
1.19146
1.1507374
1.1886001
1.1811224
1.1803663
1.0790086
1.1339469
1.1753201
1.124034
1.1839451
1.1977649
1.2041704
1.1981084
1.2044142
1.196776
1.1988569
1.2038815
1.1933893
1.1517418
1.1462384
1.1991752
1.1993209
1.1204306
1.1944494
1.1836813
1.1798878
1.0410483
1.1181689
1.1717639
1.0845799
1.1876985
1.1985322
1.204119
1.1951172
1.2049978
1.1958749
1.1978815
1.2048611
1.1947186
1.1775764
1.2031459
1.1617725
1.2018987
1.1967145
1.1537594
1.1852997
1.1829645
1.0783052
1.134568
1.1776598
1.1886892
1.1240149
1.188942
1.1407741
1.1980744
1.1388048
1.1963692
1.1921389
1.110336
1.1786959
1.1763429
1.0349389
1.111094
1.1670776
1.184523
1.0765849
1.0772735
1.1589643
1.1883517
1.1276777
1.160957
1.132372
1.0690692
1.0455009
1.0925677
1.155354
1.0052962
1.136971
0.97946931
1.0710683
1.1019667
1.1643791
1.1937901
1.1826315
1.1721366
1.1487661
1.1237709
1.0197401
1.0744219
1.0840134
1.1360197
1.0901733
1.0839291
1.0101988
0.98680466
0.98979481
0.9297962
1.0700806
1.0533614
1.0018119
0.91412093
1.0434297
1.1258264
1.1535175
1.1225982
1.1114004
1.1059242
1.0650575
1.0859661
1.1172239
0.94991879
1.0608094
0.98592941
1.0587829
1.1383876
1.1225195
1.1633954
1.1770411
1.0324649
1.18703
1.0693646
1.098195
1.1629967
1.18054
1.1957562
1.2062106
1.2008382
1.1475073
1.1886173
1.1293861
1.1033449
1.0928245
1.1840323
1.1592035
1.0332258
1.1666996
1.0524563
1.054225
0.9328818
1.0819708
0.97067082
1.1154164
1.0172501
1.056342
1.0605107
0.9547184
1.0878126
1.113808
1.0235513
0.99572492
1.0837659
1.0937918
1.0645769
1.1632233
1.1215531
1.0042649
1.143614
1.114118
1.1419276
1.1814029
1.1374045
1.1540626
1.1577914
1.0857732
1.0648849
1.1471375
1.1768707
1.1133402
1.1481892
1.1164847
1.0581236
1.0368144
1.0835588
1.1459217
1.0009746
1.1253527
0.97465385
1.0635155
1.0887006
1.1511793
1.1827392
1.1721581
1.1595361
1.1327082
1.1125078
0.9955854
1.0471982
1.0596419
1.1054256
1.0622136
1.0510801
0.99035789
0.96782929
0.96940858
0.92514034
1.0544151
1.0254206
0.9912178
0.90413587
1.0190926
1.1042277
1.1248607
1.1007505
1.0839977
1.0740841
1.0482034
1.0867937
1.1076203
0.94600874
1.0642136
0.98878489
1.0512845
1.1371289
1.1209886
1.1584421
1.1682856
1.0276647
1.1801575
1.0703991
1.0906104
1.1587044
1.1694878
1.1874213
1.2006485
1.1936774
1.1372896
1.1822489
1.1320229
1.1055336
1.0923086
1.1821068
1.1576631
1.0359189
1.1672688
1.0548945
1.0573594
0.93296629
1.0750777
0.97439615
1.1160492
1.0158398
1.0274502
0.99987813
0.9931546
0.8806731
1.074805
0.94197571
0.95798576
1.0597921
1.0679588
0.95627658
1.0838807
1.1160649
1.0228437
1.0015212
1.0862026
1.0940855
1.0715145
1.1639846
1.1293765
1.0063851
1.1426582
1.1144605
1.1314647
1.1741364
1.1279224
1.1508437
1.153381
1.080574
1.1565521
1.1860759
1.1828367
1.1955124
1.1857845
1.182389
1.1548764
1.1054869
1.1462973
1.0369057
1.1750182
1.170748
1.01853
1.1229919
1.1597722
1.1858289
1.1961586
1.1891416
1.1868626
1.1834076
1.1662197
1.1593709
1.192764
1.200149
1.1859622
1.1928296
1.1857739
1.1561489
1.1066741
1.1523503
1.1826925
1.0380541
1.1785593
1.1250976
1.0203194
1.1634968
1.1890031
1.2001078
1.1952131
1.1938013
1.1866946
1.1707435
1.1384814
0.99106578
1.1663324
1.11861
1.0230502
1.113871
1.1745022
1.1561276
1.1707533
1.0656168
1.180154
1.1855791
1.101482
1.139963
1.1794378
1.1891405
1.1920593
1.2009022
1.1952627
1.1732198
1.1921518
1.1590822
1.1478993
1.1177891
1.1888764
1.1742965
1.0660934
1.1819142
1.138361
1.168457
0.98945467
1.118923
1.020591
1.1136641
1.1767872
1.103268
1.0614873
0.89751851
1.0405317
1.1391491
0.99061965
1.0146386
1.1595688
1.1823644
1.1878915
1.069208
1.1927225
1.1428013
1.1067093
1.1834588
1.1917923
1.1969676
1.2019822
1.1986542
1.177925
1.1942611
1.1610389
1.1480305
1.1179516
1.1915713
1.1770481
1.065941
1.184727
1.0814128
1.1594045
1.1890027
1.1286656
1.1629421
1.1364239
1.0700228
1.0489893
1.0955114
1.0056547
1.156196
1.1396916
0.98325957
1.0708137
1.1057251
1.1619904
1.1935687
1.1818008
1.1735961
1.1520523
1.1228266
1.0237895
1.0785756
1.1387632
1.0877224
1.0868298
1.0948035
1.0135897
0.97718445
0.97541029
1.046392
0.92327269
1.0386328
0.98660433
0.90694054
1.036028
1.1068403
1.1450935
1.0956362
1.0936317
1.1056325
1.0453139
1.0787137
0.94410252
1.1027004
1.0541047
0.9837477
1.0485829
1.1245061
1.1148261
1.1543041
1.0270734
1.1689273
1.1757338
1.0664706
1.0897843
1.1503767
1.1670592
1.1868456
1.1928039
1.1875452
1.1358879
1.1715058
1.1190321
1.095509
1.0898041
1.1727743
1.1484571
1.0295567
1.1515736
1.0513508
1.0625134
1.048618
0.92874807
0.971609
1.1032768
1.0069792
1.0647574
1.0784618
1.0754888
0.9587909
1.119869
1.0180726
1.0104411
1.109564
1.1142524
1.1615378
1.1114293
1.1448935
1.1397431
1.0671492
1.0916648
1.0911357
1.0781722
1.1668259
1.1364221
1.0093045
1.1393289
1.0748084
1.1549233
1.1835771
1.1226223
1.128092
1.1568926
1.0659029
1.0458829
1.0930653
1.0074754
1.1553782
1.1357553
0.98103491
1.0723887
1.100995
1.1627829
1.1902221
1.1807132
1.1463677
1.1693133
1.1235139
0.95547035
0.90530906
0.95741149
1.0595594
1.0401367
0.88084941
0.98066846
1.0154578
1.0639165
1.0750416
1.1273871
1.0835464
1.076796
1.0033104
0.98455846
0.9879174
0.93156924
1.0679734
1.0495381
0.91307359
1.0009639
1.0397036
1.1206283
1.146985
1.1174263
1.1064318
1.1003662
1.0611619
1.0868226
0.94902541
1.0646871
1.1140009
0.98957106
1.0560572
1.1382331
1.1216774
1.1602573
1.0309314
1.17404
1.1828698
1.0700247
1.0957348
1.1335752
1.1091647
1.0974938
1.183809
1.1612987
1.0386082
1.1687754
1.1605341
1.1770872
1.1925239
1.202803
1.1968881
1.1439531
1.1855758
1.0589735
1.0588863
0.93424138
1.0803918
0.97562121
1.1184236
1.019161
1.0652616
1.0724577
0.96222934
1.0915269
1.1213873
1.0052763
1.0288055
1.0914347
1.0991908
1.0718501
1.1653623
1.1281562
1.0096552
1.1472632
1.1187071
1.1376019
1.1777388
1.1354274
1.1557482
1.1567873
1.0861891
1.1943465
1.1777686
1.2012387
1.1621465
1.2004549
1.1541639
1.1960888
1.2029189
1.2074789
1.2018226
1.2085903
1.2008659
1.2039451
1.2080248
1.1864217
1.1846103
1.0806272
1.1367409
1.1793855
1.1262796
1.1894458
1.178002
1.0544998
1.1612855
1.0157601
1.1644834
1.1758363
1.0609282
1.1931473
1.1494978
1.1461995
1.2003854
1.1994808
1.118282
1.1955451
1.1993014
1.2054036
1.1963092
1.205899
1.197048
1.1988099
1.2057626
1.1835335
1.180953
1.0394784
1.1180712
1.1718961
1.0829084
1.1887824
1.1927886
1.1763607
1.1611978
1.2013812
1.1998597
1.1531504
1.1949531
1.183691
1.1816204
1.0793363
1.1340324
1.1765301
1.1234319
1.1869529
1.2015038
1.2066988
1.2003517
1.2081829
1.198995
1.2025836
1.2074362
1.1928685
1.1518313
1.1469384
1.1991481
1.1985155
1.1198547
1.1946051
1.1836538
1.1802061
1.0400263
1.1190119
1.1714701
1.0844541
1.188296
1.1982856
1.2044432
1.1937169
1.2045019
1.1955068
1.1963823
1.2052348
1.1590352
1.1935955
1.1889742
1.2033955
1.1936413
1.1890424
1.1563669
1.1051128
1.1511557
1.0351387
1.1828189
1.1780109
1.0171244
1.1235725
1.1637265
1.1929988
1.2032865
1.1965199
1.1947998
1.190555
1.1711478
1.1609172
1.1955535
1.204741
1.1899303
1.1956298
1.1899788
1.1580821
1.1084535
1.1532489
1.1852345
1.0354006
1.1805816
1.1259826
1.0199384
1.1656188
1.1937961
1.2046073
1.1982963
1.1967192
1.1914377
1.1726515
1.1426577
0.99490179
1.1739616
1.1253506
1.0284722
1.1164599
1.1832432
1.1593542
1.1820148
1.0665157
1.1884059
1.1934411
1.1051186
1.1419284
1.1853518
1.1960029
1.1985276
1.2044546
1.2004367
1.1790479
1.198483
1.1650078
1.156967
1.1254374
1.1973053
1.1811998
1.0719083
1.1912177
1.1420198
1.1737858
0.99391253
1.1247587
1.0239645
1.1172939
1.1830003
1.161524
1.1850233
1.1908804
1.0689304
1.1956573
1.1446057
1.1076018
1.1864201
1.1967741
1.2002214
1.2055953
1.2019291
1.1804867
1.1991466
1.1647203
1.1566082
1.12363
1.1970515
1.1809302
1.0700125
1.190985
1.080437
1.1505991
1.1186682
1.185187
1.1594772
1.1338227
1.0621815
1.0502126
1.0969016
1.0046564
1.1570558
1.1407668
0.98343933
1.0698811
1.1065578
1.1620764
1.1925757
1.1825981
1.1735364
1.152133
1.1220371
1.0231056
1.0650375
1.1338546
1.0752153
1.0853703
1.0912118
1.0042482
0.98437499
0.98738984
1.0691166
0.9321487
1.0499364
1.0008477
0.91281362
1.0409813
1.1197338
1.1501381
1.1183628
1.1023472
1.1089349
1.0599969
1.0901469
0.94682288
1.1090542
1.0687758
0.99148924
1.0511223
1.1416545
1.1225806
1.1591416
1.0261485
1.1700357
1.1816405
1.070851
1.0901193
1.1614968
1.1718349
1.189351
1.20093
1.1946752
1.1383883
1.1849424
1.1360322
1.1094197
1.0942784
1.1861439
1.1617987
1.0371807
1.1722077
1.0618918
1.0819613
0.93469499
1.0636539
0.97608113
1.0214785
1.1246341
1.0687592
1.0787443
1.0970328
0.96348824
1.1268305
1.0324269
1.0086365
1.1246386
1.1405061
1.1405273
1.1810667
1.1611834
1.0904026
1.1616714
1.091272
1.0983666
1.0746101
1.169009
1.1336896
1.0080818
1.1489805
1.0748307
1.1575678
1.1253003
1.1844108
1.1285869
1.158009
1.0682296
1.0442808
1.091761
1.0041782
1.1556148
1.1355762
0.97876683
1.0702041
1.0996868
1.1611678
1.1894877
1.1805859
1.1450802
1.1690981
1.1219772
1.0138877
1.0663358
1.0770749
1.1276671
1.0829873
1.0759451
1.0050095
0.98235774
0.98650943
0.93380946
1.0720234
1.0468777
0.91200608
1.0038548
1.0366634
1.119682
1.1450026
1.1193588
1.1033338
1.0973496
1.0626822
1.092268
0.94906566
1.0706428
1.1142779
0.99258144
1.0558774
1.1434286
1.1258623
1.1635964
1.0297642
1.1744183
1.1851198
1.0737644
1.0952237
1.1381067
1.1122043
1.0967062
1.1870808
1.1636427
1.0404313
1.1732008
1.163987
1.1755743
1.192033
1.2018332
1.1970099
1.1436396
1.1865331
1.0645585
0.93690176
1.0655691
1.0849074
0.97910341
1.025019
1.1263789
1.0697221
1.0758608
0.96586806
1.1002117
1.1270715
1.0071438
1.0356838
1.0921274
1.1012207
1.0715076
1.1683365
1.1296691
1.0100044
1.1508754
1.1262787
1.1433896
1.1436496
1.1833191
1.1629815
1.0939282
1.1637725
1.16074
1.1961862
1.1910555
1.2063232
1.191126
1.196213
1.1580211
1.1057983
1.1523885
1.0345395
1.1846733
1.1801065
1.0174899
1.124575
1.1649066
1.1953923
1.2063598
1.199109
1.1927659
1.1972857
1.1726992
1.1594584
1.1959534
1.1897346
1.2058963
1.1898392
1.1962372
1.1564276
1.1057682
1.1520652
1.0351513
1.1851622
1.1802731
1.018313
1.1240637
1.1641753
1.1940617
1.2059709
1.1995152
1.1913034
1.1976604
1.1722574
1.1425735
0.99102127
1.12416
1.1739345
1.0265171
1.1154684
1.1839415
1.1606778
1.182256
1.0659068
1.1899928
1.1949079
1.1046067
1.1431195
1.16525
1.1561774
1.1241814
1.1977839
1.1817318
1.0705628
1.1918604
1.1875774
1.19879
1.2011821
1.2076622
1.2030919
1.181005
1.2013712
1.1394945
0.98965638
1.1231979
1.1733024
1.0215074
1.1134746
1.1831224
1.1612039
1.1852522
1.0679466
1.1913879
1.1968588
1.1070912
1.1428974
1.1634447
1.1544666
1.1207677
1.197084
1.1806176
1.0671098
1.1911649
1.187481
1.197316
1.2018049
1.2073228
1.2037678
1.1807328
1.2002217
1.074947
1.1555712
1.1234827
1.1840028
1.1282567
1.1575365
1.0666585
1.0414824
1.0890063
1.0047817
1.1579828
1.1347486
0.97731657
1.0697941
1.097361
1.1613845
1.1895823
1.1826722
1.1434051
1.1688109
1.1215866
1.0117803
1.0630508
1.0746673
1.1256236
1.0810412
1.0726424
1.0028198
0.97715715
0.97847277
0.92709608
1.059848
1.0394482
0.9086041
0.99496129
1.0319765
1.1141239
1.1411067
1.1096758
1.0993539
1.0910207
1.0547541
1.087736
0.94745861
1.0636165
1.1102637
0.98925137
1.0531915
1.138411
1.1217914
1.1604316
1.0298533
1.1726135
1.1829648
1.0704833
1.0933602
1.1312782
1.1041918
1.0922849
1.1826417
1.1578709
1.0354283
1.1670544
1.1609111
1.1737695
1.1916296
1.202793
1.1961928
1.1409044
1.1847533
1.0531434
0.93300684
1.0564443
1.0772375
0.97283981
1.015716
1.1153437
1.0583338
1.0666192
0.9553796
1.0841248
1.1149316
1.0001775
1.0224969
1.0852697
1.0930489
1.072183
1.1651231
1.1301545
1.0055693
1.1419699
1.1135689
1.1341218
1.1296717
1.1747376
1.1504719
1.0812301
1.1534851
1.0775385
1.1596035
1.128164
1.186919
1.1320251
1.1610796
1.0705588
1.0413838
1.0898802
1.0035387
1.1579929
1.1362462
0.97664029
1.0702475
1.0980248
1.1637336
1.19086
1.1831411
1.1447798
1.170535
1.1236276
1.0153796
1.0696294
1.0806338
1.1308034
1.0857246
1.078179
1.0079146
0.98463705
0.98820771
0.93589034
1.0755482
1.0475158
0.91441231
1.0085542
1.0385788
1.1257019
1.1468945
1.1256578
1.1051734
1.0999405
1.0689417
1.0940033
0.95099192
1.0703015
1.1223603
0.99203407
1.0625802
1.146524
1.1297974
1.1678594
1.0340791
1.1787897
1.1897487
1.076006
1.1015393
1.1363147
1.1111831
1.0980663
1.1881553
1.1644436
1.0387061
1.1728552
1.1688815
1.1820899
1.1958164
1.2041858
1.200735
1.1507185
1.1914419
1.0638543
0.93786912
1.06459
1.0912599
0.97716941
1.0272895
1.1270023
1.0286698
0.99522402
0.87840333
0.98912223
1.0697349
0.9536493
0.94215219
1.0697447
1.0751046
0.96444407
1.1031586
1.1285675
1.0060415
1.0366313
1.093686
1.1022559
1.0714269
1.1703196
1.1304893
1.0106103
1.1523942
1.1273797
1.1500771
1.148859
1.1871413
1.1656227
1.0982273
1.1669508
1.1962484
1.1792018
1.2043469
1.1646729
1.2029817
1.155306
1.1986033
1.2045134
1.2093959
1.2022224
1.2106224
1.2017235
1.2051061
1.2102999
1.1869121
1.184848
1.0784295
1.1371457
1.1787465
1.1252812
1.1908149
1.1946074
1.1493817
1.1461635
1.2015827
1.2006014
1.1174985
1.1970897
1.2011454
1.2069512
1.1981709
1.2067192
1.1985637
1.2007281
1.207173
1.1844613
1.1814645
1.0382489
1.1171286
1.1715981
1.081895
1.1901317
0.99023328
0.99434668
0.95881912
1.0605497
1.0435853
0.94013449
1.0106158
0.9451521
0.92837182
0.86116571
0.91747403
0.90192775
0.89845234
0.96789857
0.96167718
0.94700006
0.90600357
0.98075441
0.91995495
0.99141705
0.94913614
0.97567624
0.9765751
0.96027326
1.0498201
1.0199944
0.9305487
1.0112599
0.94068618
0.9340622
0.86272954
0.92270393
0.90433731
0.89665793
0.97476887
0.94381491
0.93692001
0.89707545
0.96041166
0.91232422
0.96992898
0.93264884
0.98057754
0.98037659
1.0502753
0.96503187
1.0251084
0.93355188
1.0164988
0.94553969
0.94066439
0.8648938
0.92891163
0.90827492
0.89957057
0.98233726
0.95858191
0.94787434
0.90675598
0.98054056
0.92037473
0.94961322
0.98826422
0.92703908
0.87393628
0.87664361
0.85126013
0.888952
0.90926327
0.88545251
0.99323437
0.99449318
0.96745826
1.06651
1.0435331
0.94234059
1.0213071
0.96173373
0.94936467
0.90496854
0.9762696
0.92165871
0.94575576
0.99110366
0.95036074
0.93635868
0.86405523
0.9255036
0.90692671
0.90218684
0.97873825
0.99498744
0.99537471
1.0698584
0.97100725
1.045183
0.9430766
1.0271229
0.952971
0.94455798
0.86521431
0.93050822
0.91038067
0.90339952
0.9873569
0.96713606
0.95562026
0.90765728
0.97969519
0.92610249
0.94922582
0.99794805
0.92699978
0.87387516
0.87628369
0.85159098
0.88919349
0.90962627
0.88544036
0.99482497
0.99535632
0.9705175
1.0700974
1.0447254
0.94322825
1.0259219
0.96247936
0.95120914
0.90446778
0.97818163
0.922778
0.94657309
0.99257311
0.95242142
0.9428884
0.86475737
0.92884385
0.90944873
0.90323523
0.98486127
1.2126917
1.2108554
1.1767785
1.2102025
1.2099845
1.2163179
1.2165355
1.1707235
1.2089303
1.2086756
1.2089255
1.2090958
1.2162912
1.2163758
1.214593
1.2158934
1.2143892
1.2157212
1.21574
1.2144125
1.2156136
1.2126429
1.175185
1.2108798
1.2100984
1.2101283
1.2168594
1.2170348
1.168536
1.2094406
1.2091201
1.2089386
1.2092848
1.2169525
1.2171672
1.2161433
1.2171079
1.2158331
1.2169601
1.2171052
1.2160271
1.2170007
1.1453917
1.1909006
1.1907417
1.1874797
1.1871396
1.2037316
1.2046482
1.1409937
1.1856467
1.1850712
1.1855009
1.1850907
1.2032781
1.2035793
1.2215113
1.2209218
1.2209182
1.2208571
1.2213992
1.2214189
1.2213644
1.2215161
1.2208586
1.2207954
1.221426
1.221398
1.2207143
1.2213308
1.217656
1.2185285
1.2178932
1.2187383
1.2184586
1.2179377
1.2186949
1.2120836
1.2148095
1.2118772
1.214454
1.2117195
1.214748
1.2144273
1.2169687
1.2180377
1.2170778
1.218082
1.2179052
1.2170228
1.2179532
1.1753043
1.212598
1.2109794
1.209959
1.2101558
1.2171065
1.2175106
1.1698098
1.2089953
1.2086858
1.2089423
1.2090714
1.216783
1.2165601
1.1736577
1.2137489
1.2122019
1.2110636
1.2113086
1.2180067
1.2183444
1.168277
1.2099381
1.2094664
1.2098105
1.2100274
1.2177039
1.2174756
1.1550633
1.1996942
1.1990514
1.1943288
1.1936273
1.2079178
1.2101517
1.1478521
1.187072
1.1864669
1.1902445
1.1896298
1.205991
1.2044594
1.2140467
1.2125969
1.175561
1.2118418
1.2121295
1.2178111
1.2178144
1.1691199
1.2114567
1.2108616
1.2109128
1.2110577
1.2178992
1.2180579
1.195028
1.1962722
1.155779
1.1899667
1.1912123
1.2010619
1.2033173
1.1484819
1.1823481
1.1840637
1.1857493
1.1872535
1.1990006
1.1972487
1.2144085
1.2157401
1.2145198
1.2155629
1.2144229
1.2157953
1.2155836
1.2131299
1.1748404
1.2111677
1.2104939
1.2104113
1.2176155
1.2178028
1.168786
1.209688
1.2092372
1.2094174
1.2094603
1.2176192
1.217686
1.1984112
1.1988501
1.1564414
1.1935622
1.1940547
1.2064208
1.2083369
1.1497333
1.1872204
1.1877187
1.1900143
1.1905134
1.2047225
1.2033866
1.2132919
1.2151952
1.1734178
1.2125239
1.2125254
1.2185483
1.2188419
1.1678998
1.2115723
1.2109094
1.2112551
1.2112249
1.2183048
1.2182021
1.2118981
1.2134622
1.1748855
1.2110181
1.2110767
1.2180274
1.2182335
1.1688072
1.2099104
1.2094175
1.2098385
1.2098958
1.2178868
1.2178033
1.2006591
1.2009412
1.1572928
1.1954764
1.1959131
1.208632
1.2106342
1.1503142
1.188283
1.1890826
1.1914913
1.1920752
1.206858
1.2054291
1.2170124
1.2180833
1.2171044
1.2179373
1.2180758
1.217063
1.2179807
1.2162495
1.2174902
1.2164713
1.2172647
1.2175592
1.2163295
1.2173244
1.2092486
1.209321
1.2082401
1.2093702
1.208232
1.2081754
1.2082918
1.2036991
1.2024585
1.2030635
1.2017782
1.2022259
1.2014506
1.2011207
1.2069228
1.2073485
1.2049747
1.2074162
1.2052414
1.2053653
1.2057049
1.1450877
1.0513513
1.131767
1.1285628
1.1153618
1.1684256
1.178533
1.0337
1.1102156
1.0938707
1.1123907
1.0978294
1.1561035
1.1540365
1.1290631
1.0340344
1.1134022
1.1097348
1.0924408
1.1490034
1.1621361
1.0165209
1.0928015
1.0734793
1.0930783
1.0744994
1.135561
1.1355444
1.1848239
1.144446
1.1828482
1.1804029
1.1826004
1.1950705
1.1957499
1.1408246
1.1803352
1.1823443
1.1795525
1.1816449
1.1951181
1.1958752
1.1195204
1.1396227
1.0534998
1.1315919
1.1164831
1.1699978
1.1722324
1.038505
1.112109
1.096475
1.1168255
1.1032646
1.1595391
1.155937
1.1427782
1.0499684
1.1282714
1.1262499
1.1127065
1.1647997
1.1749875
1.0304452
1.1039929
1.0864479
1.1075304
1.092651
1.1500132
1.1466163
1.2034096
1.2048884
1.2050941
1.2034969
1.2049828
1.2034695
1.2037177
1.2040916
1.2045293
1.2035117
1.204124
1.2031481
1.203642
1.2032156
1.1912494
1.1484651
1.191135
1.1880626
1.1882882
1.20242
1.2029828
1.1439443
1.1861157
1.1865432
1.186162
1.1864798
1.2022235
1.2025725
1.1249117
1.0533087
1.1409748
1.1313379
1.1164971
1.1693139
1.1755608
1.0375557
1.1015859
1.0845448
1.113596
1.1005872
1.154709
1.1445146
1.0469962
1.1401469
1.1255523
1.123932
1.1092499
1.1627662
1.1729309
1.0296033
1.1063971
1.0889146
1.1076346
1.0921928
1.1505162
1.148889
1.1480097
1.1919126
1.1928399
1.188569
1.1896856
1.2044883
1.2051589
1.1434637
1.1868137
1.1878081
1.1867188
1.1877412
1.2042119
1.2045617
1.044675
1.1387412
1.1226624
1.1215716
1.1064333
1.1611834
1.1720634
1.0286508
1.1042757
1.0863708
1.1063816
1.0906476
1.1493621
1.1466805
1.0464851
1.1439195
1.131328
1.1235356
1.1092823
1.1633803
1.1759693
1.0316831
1.1098197
1.0925952
1.1106746
1.0949156
1.1538182
1.1520391
1.2077216
1.2075969
1.206299
1.2062695
1.2077099
1.2064657
1.2063858
1.2065071
1.2065874
1.2051799
1.2067369
1.205637
1.2053075
1.2057747
1.2062001
1.2065969
1.2051815
1.2052042
1.2062028
1.2050743
1.2050724
1.2014879
1.2011213
1.2014648
1.2014
1.2020834
1.2020854
1.2017057
1.199525
1.200673
1.2007813
1.2008739
1.1986874
1.1989896
1.1986503
1.1944802
1.1729583
1.2051336
1.1999787
1.181771
1.2025363
1.2066063
1.1917992
1.1705087
1.2028171
1.1993837
1.1812127
1.2018244
1.2049978
1.1903414
1.150898
1.1500383
1.1942945
1.1951882
1.1666778
1.1981314
1.1963402
1.1767376
1.2056216
1.2018437
1.1874572
1.2039517
1.2064056
1.1970551
1.1722713
1.2038016
1.2008483
1.1864834
1.2032624
1.2052723
1.191267
1.1538338
1.1504332
1.1966566
1.1966046
1.1707688
1.2004779
1.0729012
0.99271173
1.0843026
1.0435515
1.0322386
1.0807152
1.1131868
1.0777539
0.99719434
1.0990664
1.0508556
1.0325353
1.081951
1.1198604
0.96397358
0.95064364
0.95100861
1.0046153
1.0062021
0.98923268
1.0454881
1.218011
1.2209622
1.210305
1.2197097
1.2141149
1.2208348
1.2215135
1.2182407
1.2211545
1.2104767
1.2198356
1.2143999
1.2210114
1.2217728
1.2142115
1.2009497
1.2008814
1.2176848
1.2176954
1.2091681
1.2195304
1.2171686
1.2198348
1.2098254
1.2187622
1.2139698
1.2193249
1.21989
1.2172998
1.2200655
1.21017
1.2189253
1.2140522
1.2193962
1.220026
1.2141546
1.2011078
1.2013038
1.2170992
1.2171764
1.208699
1.2184424
1.2174153
1.2202675
1.2096419
1.2190913
1.2139997
1.2197691
1.2204017
1.2175738
1.2205748
1.209864
1.2192783
1.2140556
1.2198712
1.2206239
1.2140688
1.2005129
1.2007309
1.2172749
1.2173541
1.2084267
1.2187797
1.2182665
1.2111346
1.2209519
1.2149441
1.2196669
1.220371
1.2211066
1.2182765
1.2110994
1.2211815
1.2149725
1.2198475
1.2204659
1.2212541
1.2145893
1.2006603
1.2008482
1.2098269
1.2177197
1.2178037
1.219331
1.2093547
1.2139109
1.1937211
1.210675
1.2033459
1.2127074
1.2147749
1.2077258
1.2123944
1.1909109
1.209587
1.2020567
1.2122041
1.2139737
1.2028015
1.1774134
1.1756899
1.2067931
1.2059556
1.1911984
1.2095816
1.2070643
1.2119207
1.1952629
1.2090841
1.2037518
1.2104378
1.212387
1.2026583
1.2049014
1.1907146
1.2042041
1.2013959
1.2074395
1.2070027
1.2009777
1.1795484
1.1779853
1.2050828
1.2027359
1.1936735
1.2069205
1.2094413
1.2150228
1.1956932
1.2116591
1.2048821
1.213768
1.2157519
1.2076359
1.2124516
1.1924246
1.209917
1.2042037
1.2130815
1.2143268
1.2034254
1.17813
1.1767038
1.2074929
1.2063486
1.1933356
1.2104759
1.2089826
1.1970275
1.2138317
1.2054815
1.2110608
1.2127262
1.2143835
1.2068376
1.1935046
1.2108795
1.204337
1.2091222
1.2119525
1.2127186
1.203405
1.1800949
1.1800287
1.1951587
1.2072965
1.2062534
1.2098732
1.2076073
1.2129
1.1945288
1.2099816
1.2039809
1.2118873
1.213755
1.2054547
1.2100571
1.1913206
1.2076328
1.2025727
1.2105288
1.2116297
1.2016694
1.178019
1.1765484
1.2059741
1.2044362
1.1930438
1.2085135
1.2102395
1.2155928
1.1978159
1.2068239
1.2125595
1.2145006
1.2161372
1.2084735
1.1951705
1.2131709
1.206007
1.2109776
1.2139588
1.2149666
1.204771
1.1806247
1.1799899
1.196187
1.2085814
1.2076036
1.2115478
1.2086059
1.1943811
1.2139838
1.2041237
1.2109922
1.2126511
1.2144215
1.2072309
1.1918884
1.2119771
1.2025519
1.2094779
1.211939
1.2132914
1.2028566
1.1773085
1.1767484
1.1926043
1.2070692
1.206065
1.2097327
1.2093978
1.214192
1.1952061
1.2045284
1.211127
1.2127636
1.2145999
1.2075567
1.1918804
1.211855
1.2026154
1.2095187
1.2119335
1.2132478
1.2032497
1.1786295
1.177865
1.1930714
1.2072615
1.2063717
1.2098193
1.1949053
1.2053966
1.1734713
1.2011506
1.1842546
1.2037947
1.2067286
1.195866
1.2051497
1.1700454
1.2014922
1.1838689
1.203777
1.2065485
1.1904891
1.1507745
1.1478274
1.1958916
1.1964022
1.1674934
1.2002121
1.1831784
1.1665266
1.1946078
1.1739754
1.1909613
1.1934888
1.1964708
1.1856128
1.1668236
1.1988299
1.1752392
1.1951252
1.1956352
1.1990797
1.185958
1.1474053
1.1467905
1.161822
1.1879467
1.1908537
1.1917993
1.1937088
1.2045097
1.1727783
1.1992604
1.181391
1.2016359
1.2058676
1.1895362
1.2006142
1.1670946
1.1972782
1.1787866
1.2002316
1.2030488
1.1884888
1.1491304
1.1465595
1.192953
1.1931361
1.1645233
1.1967648
1.1917387
1.2021166
1.1726771
1.181198
1.1983344
1.2004512
1.2031303
1.1910928
1.1710728
1.2016431
1.1804519
1.1986775
1.2003314
1.2028698
1.1901293
1.1508577
1.1507711
1.1664642
1.1934551
1.1947733
1.1970701
1.1933565
1.1719298
1.2027581
1.1819276
1.1976175
1.199952
1.2037297
1.1898473
1.1675912
1.2001087
1.1789483
1.1963472
1.1986258
1.2016206
1.1871847
1.1479619
1.1469417
1.1639164
1.1911757
1.1921361
1.1952411
1.1957298
1.2055683
1.1762267
1.1851745
1.2012111
1.2034989
1.2067305
1.1939992
1.1716319
1.203163
1.1835265
1.2002472
1.2028012
1.2051639
1.1911192
1.1524318
1.1503627
1.1688335
1.1954143
1.1961875
1.199334
1.0623645
0.98486725
1.0806904
1.026653
1.0349513
1.0698039
1.1002007
1.0712515
0.99325054
1.0840051
1.034776
1.0435096
1.0772301
1.1070572
0.96063951
0.94466814
0.95059851
0.9879435
0.99665896
1.0044456
1.0413816
1.0818413
1.0903958
1.0029892
1.0395939
1.0539821
1.0861247
1.1189462
1.0752512
0.99609082
1.0936568
1.0327127
1.0487174
1.0810672
1.1164639
0.96845528
0.95814172
0.9523272
0.99299879
1.0132474
1.00673
1.0483372
1.0862833
1.1014657
1.00613
1.0519878
1.0614383
1.097106
1.1239256
1.0820511
1.0023111
1.0993182
1.0476586
1.0571653
1.0934771
1.1208865
0.97799226
0.96303068
0.9604683
1.0063434
1.0221022
1.0185937
1.0638992
1.1587297
1.159196
1.0419181
1.1144243
1.2134648
1.1975623
1.1972489
1.1573795
1.1580659
1.0377026
1.113496
1.213192
1.1968239
1.1961511
1.1592026
1.1597127
1.062015
1.1019958
1.2075081
1.1825979
1.1825379
1.1873534
1.2171054
1.2169773
1.2156487
1.2121963
1.2101589
1.2099
1.183878
1.1735686
1.1733007
1.2101614
1.2099067
1.2169083
1.2073405
1.2068444
1.2192282
1.216979
1.2189028
1.2180224
1.2149109
1.2196452
1.2069106
1.2189881
1.2167771
1.2188677
1.2178802
1.2150298
1.2195252
1.1789781
1.1657137
1.1716493
1.2069805
1.2053684
1.2136212
1.1950071
1.200715
1.216167
1.2131316
1.2163582
1.2151628
1.2089212
1.2175231
1.1800492
1.1653751
1.1705418
1.2071947
1.2050903
1.2129498
1.193838
1.1617967
1.1619621
1.0458001
1.1161612
1.2122025
1.1987742
1.1971824
1.1614776
1.1610026
1.0438625
1.1163575
1.2122527
1.1987083
1.1969197
1.1633298
1.1644929
1.0710505
1.1088798
1.2069984
1.184737
1.1851506
1.1886246
1.2149938
1.2150542
1.2136788
1.2112817
1.208807
1.2088416
1.1817195
1.1679783
1.1732955
1.2063104
1.2041626
1.2112051
1.1942338
1.199938
1.2123316
1.2101797
1.2131334
1.2126881
1.2076408
1.213839
1.1814744
1.1676597
1.1726319
1.2069183
1.2047768
1.2118395
1.1949305
1.160783
1.160603
1.0401986
1.1165981
1.2122511
1.1979404
1.1963564
1.1612662
1.1616324
1.0399191
1.1166056
1.2126084
1.1983785
1.197062
1.1625346
1.1629821
1.0655309
1.104329
1.2072417
1.1836105
1.1839071
1.1887411
1.2153752
1.2155991
1.2141513
1.211292
1.208646
1.2091049
1.1810331
1.1683461
1.1732432
1.2063394
1.204466
1.2115951
1.194099
1.2035139
1.2159511
1.2131924
1.2150216
1.2155314
1.2109106
1.2165198
1.2002412
1.2139242
1.2111617
1.2139964
1.2135888
1.2077407
1.2151052
1.1808974
1.1682944
1.1734413
1.2065443
1.204566
1.2125588
1.1952067
1.2036503
1.2167773
1.2139604
1.2158644
1.2160951
1.2114643
1.2172467
1.159685
1.160361
1.0388669
1.1137217
1.2139641
1.1985218
1.1969202
1.1598634
1.1594921
1.0416388
1.1153698
1.2135229
1.1990387
1.1973405
1.1604677
1.1612634
1.063419
1.1028665
1.2078905
1.1832335
1.1834208
1.1877806
1.2170393
1.2168696
1.2155788
1.2127411
1.2104029
1.2102099
1.1850691
1.1744815
1.1747042
1.2103558
1.2104508
1.2168561
1.2077968
1.2074387
1.2189684
1.2169721
1.218742
1.2179176
1.2152378
1.2193409
1.2072676
1.2188559
1.2168878
1.2186275
1.2176742
1.2149433
1.2191668
1.1815549
1.1672299
1.1717935
1.2084319
1.2061666
1.2133264
1.1945254
1.2005994
1.2157024
1.2127838
1.2157934
1.2149115
1.2089574
1.2169128
1.1810728
1.1672354
1.1734737
1.2069274
1.2054454
1.2133494
1.1955624
1.0850676
1.0894184
0.99119961
1.0452668
1.1783773
1.1312215
1.1375435
1.0625567
1.0543445
0.98048598
1.0269128
1.1547742
1.1098666
1.1019275
1.069242
1.0648728
0.98676927
1.0325418
1.1646998
1.1200371
1.1105877
1.1145154
1.1917728
1.1864225
1.1905022
1.1665319
1.1721254
1.1606184
1.1182948
1.0920962
1.0863233
1.1640818
1.1582054
1.1827429
1.1365117
1.1526949
1.2009145
1.1900832
1.1977841
1.1960646
1.1755426
1.204357
1.1371502
1.1976862
1.1842502
1.1954682
1.1879853
1.1686802
1.2025598
1.1167454
1.0987239
1.0880459
1.1663894
1.155803
1.183728
1.1437621
1.1385614
1.1935641
1.180561
1.194454
1.1908916
1.174648
1.2001697
1.0851019
1.0838373
0.99018196
1.0427224
1.1695393
1.1298764
1.1287145
1.0712735
1.0647624
0.9876974
1.0286131
1.159773
1.1159853
1.1046413
1.0680434
1.0599319
0.98417859
1.0276789
1.1554317
1.1122557
1.1016198
1.1084996
1.1835547
1.1815953
1.1809401
1.1623178
1.1618356
1.1532359
1.1140858
1.098297
1.0897329
1.1642289
1.1526627
1.1813893
1.14234
1.1515063
1.1944633
1.1837923
1.1917319
1.1887131
1.1730172
1.1981884
1.1408494
1.1911022
1.1774996
1.1927796
1.1886332
1.1736263
1.1993032
1.1211302
1.0972849
1.0912512
1.1658482
1.1601991
1.1826593
1.1405592
1.1410899
1.1937037
1.1833258
1.1932233
1.186382
1.1699761
1.197913
1.0928315
1.0912949
0.99306734
1.0506149
1.1819784
1.1415414
1.1395047
1.0706542
1.0678378
0.98802885
1.0357821
1.1668993
1.1224709
1.1160878
1.068244
1.0632909
0.98554722
1.0332657
1.1631535
1.1191396
1.1125922
1.1215361
1.194216
1.1925638
1.1913844
1.1752598
1.1736664
1.1678004
1.1182228
1.0996027
1.089513
1.1668297
1.157929
1.1842656
1.1446642
1.1602865
1.200964
1.1915198
1.1975871
1.1975539
1.1816431
1.2030713
1.1402145
1.194844
1.1823959
1.1946609
1.1910282
1.1750007
1.2000748
1.1194149
1.0989839
1.089635
1.1675922
1.1593321
1.1845973
1.1432058
1.1401662
1.1962792
1.1839991
1.1952835
1.1900848
1.1733914
1.2009736
1.0848883
1.0721088
1.0676266
1.1335038
1.1279036
1.1682768
1.1172621
1.0892719
1.0866772
0.98886443
1.046419
1.1792526
1.1377663
1.134349
1.0703452
1.0654914
0.98715178
1.032648
1.1650305
1.1207468
1.1106562
1.0671792
1.0592741
0.98174063
1.0286532
1.1597774
1.1143488
1.1054544
1.1156852
1.1923433
1.1902399
1.1885999
1.1718064
1.1694733
1.1618881
1.1178778
1.1006707
1.0897705
1.1683251
1.1570884
1.1851994
1.1454969
1.1595462
1.202245
1.1925631
1.1991531
1.1985621
1.1817516
1.2048843
1.1401122
1.1946691
1.1816405
1.1954666
1.191925
1.1760428
1.2010384
1.1217767
1.0964096
1.0904977
1.1676806
1.1621485
1.1859328
1.1416457
1.1422598
1.1991798
1.1873289
1.1973729
1.191448
1.1733855
1.20288
1.0725985
1.0647876
1.0594492
1.12454
1.1190069
1.1589649
1.107425
1.199652
1.2008914
1.2002234
1.2015408
1.2016473
1.2000666
1.2009089
1.2202542
1.2192255
1.2192812
1.2201151
1.220144
1.219129
1.2200022
1.2208645
1.219784
1.2200258
1.2206392
1.2208174
1.2197894
1.2206003
1.2055373
1.2016599
1.2050833
1.2010155
1.2023529
1.2035294
1.1986731
1.186971
1.1773153
1.1774005
1.2095826
1.2095491
1.2073787
1.2154322
1.2065056
1.2169773
1.215355
1.2159141
1.2136814
1.2168909
1.2172586
1.2067597
1.2171809
1.2154726
1.2160332
1.2137432
1.2169441
1.2173777
1.1862921
1.1769362
1.1769744
1.2095647
1.2097742
1.2070959
1.2159326
1.0709364
1.0555125
1.0647003
1.1136667
1.1247375
1.1059921
1.1574341
1.0702358
1.0627555
1.0578527
1.1216073
1.1150199
1.1022996
1.1524571
1.2250535
1.2250687
1.2250637
1.2240441
1.2240753
1.2240728
1.2240365
1.2248624
1.2249425
1.2248458
1.2237456
1.2237372
1.2237527
1.2237074
1.2250845
1.2250026
1.2250483
1.2239231
1.2239649
1.2239258
1.223962
1.2250358
1.2250966
1.2249946
1.2240745
1.2239912
1.224039
1.2239257
1.2228578
1.2228698
1.2230076
1.2213319
1.2215206
1.2214734
1.2217048
1.2226002
1.2223384
1.2223381
1.2205769
1.2205018
1.2198681
1.2199923
1.2226674
1.222777
1.2228898
1.2208684
1.2210158
1.2212606
1.2212512
1.2221724
1.2222418
1.2221743
1.2200796
1.2200234
1.2198209
1.219834
1.2226252
1.2231218
1.2231408
1.2226117
1.2231231
1.2225878
1.2226112
1.2231403
1.2224827
1.2225786
1.2224915
1.2230339
1.2231073
1.2223836
1.2224566
1.2226075
1.2224544
1.2209665
1.2202857
1.2209518
1.2204111
1.223188
1.2226124
1.2226139
1.2225555
1.2231665
1.2231727
1.2225487
1.2223299
1.2224023
1.2221644
1.220827
1.2204168
1.2204877
1.2201467
1.2227638
1.2228155
1.2228405
1.2208443
1.2209277
1.2210751
1.2210987
1.2223769
1.2227609
1.222495
1.220852
1.220462
1.2211713
1.2207369
1.2182711
1.219778
1.2199317
1.2187102
1.2197194
1.2184551
1.2185738
1.2173089
1.2191464
1.2190938
1.2175077
1.2191179
1.2173795
1.2174498
1.2193283
1.2200822
1.2199228
1.2192832
1.2200865
1.2194119
1.2191734
1.2165399
1.2177272
1.2165507
1.2139136
1.2124304
1.2140187
1.2127487
1.2064721
1.2054922
1.2044861
1.2048754
1.2073839
1.2072027
1.205193
1.2085141
1.2072589
1.2062254
1.2068208
1.2096339
1.2088924
1.2076494
1.2084756
1.2095273
1.2088829
1.2049007
1.2038597
1.2043445
1.2040043
1.201563
1.2009162
1.2018682
1.195699
1.1972348
1.1945489
1.1961592
1.2016698
1.2004834
1.1994683
1.197728
1.1978921
1.1967373
1.1966242
1.2005197
1.19868
1.2006475
1.1923758
1.1934861
1.19266
1.1935596
1.2022347
1.2025148
1.2019595
1.1987398
1.1996948
1.199345
1.1992549
1.1995931
1.1992103
1.2004139
1.1949097
1.1952481
1.1951772
1.1960449
1.2028302
1.2011602
1.2022145
1.196987
1.1988792
1.1974606
1.1986624
1.1997015
1.1994011
1.1991146
1.1968168
1.1973872
1.1970819
1.1973323
1.2005501
1.1994049
1.1997061
1.1963346
1.1967979
1.1945731
1.1951154
1.2019507
1.2038702
1.2023412
1.197791
1.1970886
1.1980092
1.1976033
1.1994841
1.1988065
1.1992604
1.1934839
1.1937119
1.1934696
1.1936643
1.2021324
1.2022662
1.2019042
1.1972431
1.1976442
1.1973275
1.1971177
1.2015669
1.2008372
1.2010924
1.1973982
1.19723
1.1952851
1.1951451
1.2031405
1.2013054
1.2016285
1.1984154
1.1986774
1.1967695
1.1973825
1.2000885
1.202079
1.2013559
1.197066
1.1949836
1.1977875
1.1962672
1.1915033
1.1885682
1.1910843
1.1834048
1.1855775
1.1821849
1.1844806
1.1914524
1.1885218
1.1895768
1.1856612
1.1863817
1.1832938
1.1845001
1.1913172
1.1919146
1.1930658
1.1860093
1.185783
1.1869837
1.1873769
1.187471
1.1890084
1.1882289
1.1805808
1.1804022
1.182447
1.1816097
1.2222267
1.2228924
1.2228813
1.2220408
1.2229262
1.2221227
1.2221234
1.2225521
1.223094
1.2231327
1.2224157
1.2231306
1.2224287
1.2225152
1.2226918
1.2231791
1.2231904
1.2226291
1.2231862
1.222654
1.2226523
1.213987
1.2167865
1.2165729
1.2143991
1.2165836
1.2146525
1.21404
1.2167695
1.2177665
1.2178564
1.2166808
1.2167855
1.2179507
1.21663
1.2148594
1.2169931
1.216992
1.2149994
1.2170445
1.2147563
1.215134
1.2150494
1.2174334
1.2171443
1.2154568
1.2172375
1.2155529
1.2149672
1.217531
1.218336
1.2186607
1.2174888
1.2177051
1.2186277
1.2173134
1.2188773
1.2197249
1.2196078
1.2187878
1.2197777
1.218885
1.2187642
1.2169662
1.2185379
1.2189491
1.2169773
1.2188072
1.2167668
1.2171829
1.2167808
1.2185454
1.2186146
1.2169925
1.21862
1.2166663
1.217015
1.2164975
1.2185437
1.218541
1.2167901
1.2185148
1.2165455
1.2168112
1.2087693
1.2086767
1.206232
1.2064826
1.2084389
1.2089773
1.2064197
1.2040543
1.2046546
1.2038968
1.2019228
1.205469
1.2031761
1.2029745
1.2063396
1.2065032
1.2048866
1.2039771
1.206835
1.2061077
1.2044661
1.2054877
1.2060508
1.2049084
1.2033192
1.2038335
1.206412
1.2048266
1.2015323
1.1999285
1.198828
1.1996557
1.1998635
1.2014624
1.1998281
1.2038272
1.2038624
1.2015477
1.20198
1.2035769
1.204058
1.2017477
1.2032258
1.2043175
1.2017462
1.2014338
1.2038789
1.2035524
1.2009873
1.2041828
1.2040645
1.2028873
1.2036437
1.2036716
1.2045499
1.2032999
1.2044675
1.2041755
1.2029126
1.2027358
1.2044966
1.2041283
1.2027605
1.2064371
1.2062973
1.2031475
1.2043766
1.2054808
1.2068945
1.2040094
1.2068675
1.2070765
1.2051896
1.204817
1.2070215
1.2067413
1.2048809
1.2063775
1.2069019
1.2040427
1.2054706
1.2061277
1.207199
1.2043898
1.1962071
1.1987171
1.1959299
1.1958715
1.1983072
1.1984407
1.1961936
1.1955758
1.1945393
1.1936925
1.1917914
1.1959891
1.1946456
1.1943905
1.1994306
1.1997045
1.1990226
1.2023303
1.1985048
1.2030101
1.202248
1.1940993
1.1928543
1.1879779
1.1915012
1.1916823
1.1936666
1.1899039
1.2089297
1.2089918
1.2075161
1.208432
1.2085206
1.2094409
1.2079436
1.208351
1.2069986
1.2076503
1.2068379
1.2078284
1.2080374
1.2073724
1.208473
1.2084732
1.2072866
1.2073841
1.208502
1.2084442
1.2072218
1.0971012
1.1829593
1.1670266
1.1749887
1.1494534
1.1575102
1.1192168
1.0400051
1.1507495
1.0758674
1.0094972
0.98840525
1.1197334
1.06697
1.2221079
1.2222693
1.2223569
1.2220058
1.2223735
1.2219737
1.2220954
1.221567
1.2218694
1.2219025
1.2212376
1.2220069
1.2213667
1.2214279
1.2220506
1.2222674
1.222318
1.2217727
1.2223935
1.2218624
1.2219497
1.2222309
1.2223945
1.2224228
1.2220846
1.2224627
1.222136
1.2221609
1.2143409
1.2156371
1.2161697
1.2152998
1.2154516
1.2146835
1.2151212
1.2095286
1.2119381
1.2104
1.2090792
1.21159
1.2103193
1.207787
1.2142541
1.2156977
1.2153225
1.2144987
1.215431
1.2145645
1.2142328
1.212574
1.2135045
1.2135949
1.2122402
1.2137676
1.2122777
1.2124738
1.2121606
1.2134739
1.2132442
1.2121509
1.2134277
1.2123406
1.2119712
1.2141792
1.2150457
1.2156089
1.2142635
1.2153028
1.2139649
1.2145209
1.2142557
1.2152753
1.2152819
1.2143768
1.2152726
1.2142458
1.2143611
1.2139659
1.2150127
1.2149873
1.2140131
1.2150195
1.2139534
1.2140456
1.2098752
1.2106206
1.2093044
1.2097426
1.2100748
1.2105853
1.2091365
1.2047023
1.2045583
1.2048482
1.2040625
1.2053596
1.2043274
1.204223
1.2083403
1.2087133
1.2077261
1.2072401
1.2089068
1.2083358
1.2071993
1.2068297
1.2064163
1.205302
1.2056341
1.2064092
1.2066715
1.2057525
1.2063593
1.2060884
1.2052337
1.2050534
1.2063288
1.2061593
1.2052991
1.208999
1.2091068
1.2078184
1.2077097
1.2091714
1.2089144
1.2075099
1.0870275
1.1771929
1.1640422
1.1599761
1.1425017
1.1429472
1.1078047
1.1003984
1.1977409
1.1713562
1.1891165
1.1534297
1.1682059
1.1227369
1.1123331
1.1927358
1.1815592
1.1816783
1.164714
1.1636081
1.1341643
1.2230543
1.222272
1.2224306
1.2223945
1.2229358
1.2230279
1.2222344
1.2205915
1.2198659
1.2204335
1.2215172
1.2213067
1.2215807
1.2211887
1.2228764
1.2221503
1.2220627
1.2219846
1.2228568
1.2228056
1.2220777
1.2191861
1.2192755
1.218843
1.220582
1.2209537
1.220688
1.2208489
1.2231215
1.2225157
1.2225599
1.2225348
1.2230984
1.223124
1.2224814
1.2203959
1.2200976
1.2204145
1.2216252
1.2213823
1.2215611
1.2214698
1.2229126
1.222329
1.222159
1.2220734
1.2229299
1.2228503
1.2222298
1.2190603
1.219453
1.2191259
1.2207611
1.2207581
1.2205817
1.2209664
1.2230642
1.2224468
1.2223624
1.222306
1.2230677
1.2230325
1.2223987
1.2197087
1.2194653
1.2193816
1.2210615
1.2211484
1.2212615
1.2209806
1.2197999
1.2198964
1.2200839
1.2213983
1.2210314
1.2212235
1.2212101
1.223172
1.2225878
1.222545
1.2224995
1.2231536
1.2231493
1.2225294
1.2201801
1.2201451
1.2201707
1.2214985
1.2214079
1.2215118
1.2214137
1.2201714
1.2201444
1.2201577
1.2215209
1.2214188
1.22153
1.2214152
1.2170787
1.2151251
1.2169246
1.2165929
1.2151889
1.2169282
1.2147237
1.2155218
1.2134836
1.215591
1.2157863
1.2136985
1.2156218
1.2138543
1.211764
1.2090042
1.2118798
1.2121808
1.2096038
1.2118386
1.2096946
1.2126422
1.2099866
1.2125742
1.2124853
1.210295
1.2125694
1.2100668
1.2161641
1.2166211
1.2163554
1.217444
1.2173831
1.2171992
1.2176201
1.2197114
1.2189337
1.2188164
1.2186366
1.2196067
1.2194936
1.2187755
1.2158989
1.2157916
1.2160901
1.2171873
1.216704
1.2169324
1.2169371
1.2134682
1.2106691
1.2129396
1.2131501
1.2116459
1.213518
1.2110467
1.2148258
1.2123101
1.214486
1.2139614
1.2125283
1.2144321
1.2118786
1.2160152
1.2160109
1.216007
1.2170813
1.2169438
1.2170884
1.2169517
1.2194801
1.2184924
1.2184713
1.2183659
1.2192858
1.2192758
1.2183803
1.2160407
1.216074
1.216022
1.217075
1.2170038
1.2171156
1.2169633
1.2153544
1.2134356
1.2154912
1.2152984
1.2132973
1.2153187
1.2132903
1.2146558
1.2125105
1.2147099
1.2148951
1.2126611
1.214704
1.2126419
1.2132365
1.2112101
1.2110339
1.2105937
1.2131606
1.2128291
1.2109906
1.2115297
1.2091756
1.2093738
1.2098293
1.2116123
1.2118472
1.2095537
1.2074402
1.2056881
1.2052603
1.2052535
1.2079379
1.2075831
1.2055488
1.2060118
1.2045478
1.2056847
1.2047698
1.2044082
1.2054737
1.2037502
1.1990283
1.2044382
1.1890388
1.198177
1.2036023
1.2061276
1.2054398
1.2036532
1.2043629
1.2041476
1.2034297
1.2028737
1.2029864
1.203337
1.2071139
1.207993
1.2067667
1.2058782
1.2077326
1.2071555
1.2065871
1.1946323
1.2079675
1.2065072
1.1996124
1.2064052
1.1983889
1.1956644
1.2103288
1.2089428
1.208264
1.2076546
1.2103881
1.2097268
1.2084472
1.2092852
1.2080389
1.2092254
1.2090604
1.2082587
1.2092257
1.2080346
1.2014566
1.2064632
1.1903808
1.2010002
1.206097
1.2091296
1.2088083
1.2075592
1.2071341
1.2080013
1.2083822
1.207081
1.2079285
1.2074982
1.2104194
1.2112873
1.2102418
1.2100716
1.2112529
1.2110517
1.2103229
1.2113738
1.2089403
1.209052
1.2086967
1.2110892
1.2110095
1.2087765
1.2104481
1.208498
1.2080547
1.2079929
1.2103954
1.2105411
1.2081841
1.2034078
1.2033334
1.2037723
1.2007312
1.2005208
1.2008245
1.2003326
1.1957389
1.1917541
1.1969555
1.1963908
1.1905568
1.1955508
1.1916269
1.1951487
1.1903056
1.195346
1.194885
1.1902699
1.1949769
1.19059
1.2010306
1.2008584
1.2018506
1.1989886
1.1978868
1.198436
1.1979518
1.1963244
1.1932219
1.1967058
1.1956575
1.1922247
1.1948651
1.1925544
1.2023998
1.1873061
1.1772327
1.1858013
1.1982456
1.2000725
1.1943452
1.1964681
1.2011297
1.1867252
1.1894494
1.1987707
1.1944362
1.2004429
1.1618302
1.1526084
1.1492957
1.181252
1.1920225
1.1925822
1.1859831
1.1999909
1.1995772
1.1994956
1.1969879
1.1976742
1.1978534
1.1967541
1.1941922
1.1909369
1.1946545
1.194777
1.192153
1.1942469
1.1929924
1.1962757
1.1943241
1.1963307
1.1947749
1.1924986
1.1945475
1.1929384
1.2001534
1.1987946
1.1948388
1.2005607
1.1996547
1.2007376
1.1995382
1.2012669
1.2012051
1.2006786
1.2009815
1.2006418
1.2005759
1.2010323
1.19348
1.156166
1.1806403
1.2015422
1.1987471
1.1991991
1.2018893
0.87992287
0.93694866
0.93775891
0.93937879
0.90897954
0.91040523
0.90172067
1.1998782
1.2001006
1.2003768
1.1967401
1.1974616
1.1966922
1.1972239
1.1933015
1.1873275
1.1920473
1.1926067
1.1904043
1.193409
1.1892521
1.2025329
1.2025684
1.2027081
1.2007602
1.2006514
1.200413
1.200725
1.1983608
1.1981774
1.1999711
1.1991584
1.196756
1.1984379
1.1976924
1.2024641
1.203501
1.2024804
1.199989
1.2009974
1.2000684
1.2011419
1.197224
1.1940354
1.1962938
1.1969816
1.1955387
1.1974805
1.1949536
1.2221631
1.221884
1.2218082
1.2216732
1.2221135
1.2220468
1.2217727
1.2201957
1.2206385
1.2203441
1.2209713
1.2210326
1.2208037
1.2211902
1.222089
1.2215403
1.2216845
1.2215139
1.2218489
1.2219466
1.2213807
1.2223058
1.2219615
1.2220017
1.2218959
1.2222064
1.2222226
1.2218915
1.2205643
1.2207565
1.2207268
1.2212995
1.2211832
1.2211391
1.2213225
1.2223213
1.2219633
1.2220133
1.2218767
1.2221822
1.2222157
1.2218185
1.2169831
1.2218024
1.221787
1.2186491
1.2213803
1.2180252
1.2179775
1.2158438
1.2218906
1.2215755
1.2167146
1.214835
1.221251
1.2173104
1.2157743
1.2217954
1.2209516
1.2167682
1.214933
1.2211019
1.2172847
1.2217518
1.221088
1.2211874
1.2210543
1.2215388
1.2216183
1.2209839
1.2189982
1.219112
1.2191889
1.2201196
1.2198368
1.2198868
1.220051
1.2218294
1.2214214
1.2213003
1.2211503
1.2217659
1.2216879
1.2212516
1.2218185
1.2211277
1.2212972
1.2211986
1.2215848
1.2217181
1.221052
1.2195476
1.2193737
1.2196597
1.2204412
1.2201071
1.2202986
1.2202264
1.2219638
1.2217388
1.2215177
1.2214166
1.2220086
1.2218702
1.2216174
1.2221396
1.2215878
1.2216552
1.2214867
1.2219287
1.2219865
1.2214396
1.2195607
1.2195787
1.2197129
1.2205921
1.2202865
1.2203902
1.2204911
1.2221979
1.2218757
1.2217622
1.2216001
1.2221244
1.2220534
1.2217104
1.2169358
1.2218072
1.2217643
1.2185914
1.2213538
1.2179827
1.2179559
1.2157041
1.2218473
1.2209673
1.2167632
1.2149078
1.2211192
1.2172622
1.2222559
1.2216968
1.2218387
1.2217529
1.2220776
1.2221713
1.2216481
1.2202941
1.2201936
1.2203746
1.2210824
1.2208575
1.2209544
1.2209447
1.2223318
1.2220645
1.2219744
1.2218658
1.2222852
1.2222395
1.2219401
1.222325
1.2220077
1.2220333
1.2219319
1.2222534
1.2222544
1.2219291
1.2206472
1.2208053
1.2208175
1.2213808
1.2212636
1.221236
1.2213844
1.2222979
1.2219114
1.2220131
1.2218934
1.2221371
1.2217906
1.2222144
1.2223652
1.2220025
1.2220596
1.2219588
1.2222634
1.2222934
1.2219211
1.2205426
1.2206657
1.22071
1.2213503
1.2211658
1.2211826
1.2213164
1.2223938
1.2221023
1.2220985
1.2219838
1.2223109
1.2219808
1.2223117
1.2166495
1.2170738
1.2164365
1.2174208
1.2179936
1.2175094
1.2180059
1.2192233
1.2189097
1.2183643
1.2183897
1.2195694
1.219161
1.2188682
1.2101749
1.2129778
1.2080057
1.2134267
1.2113562
1.2144608
1.2150896
1.2159315
1.2149948
1.2157154
1.2167805
1.2163001
1.2168605
1.216128
1.2167252
1.2158867
1.2157385
1.2161508
1.2170832
1.21709
1.2162439
1.2159216
1.2170331
1.2160699
1.2162884
1.2170433
1.2162138
1.2171398
1.2147963
1.2137269
1.2147399
1.2152149
1.2142888
1.2151994
1.2142046
1.2135199
1.212859
1.2132747
1.2148394
1.2145658
1.2148562
1.2145201
1.2176406
1.2163316
1.2163931
1.2162875
1.2173467
1.2174094
1.2161853
1.2140797
1.2143464
1.2137704
1.2151294
1.2157016
1.215246
1.2155914
1.2091243
1.2079512
1.2064374
1.2063525
1.2101082
1.2087467
1.2077393
1.206331
1.2081059
1.2051034
1.2055165
1.2096042
1.2066617
1.2082227
1.2065125
1.2051716
1.2054109
1.2052181
1.2053457
1.2061351
1.2047873
1.2167204
1.216442
1.216476
1.2175346
1.2176089
1.2177287
1.2174174
1.2196224
1.2188831
1.2187478
1.2186619
1.2195978
1.2194685
1.218805
1.2160766
1.2156667
1.2161205
1.21721
1.216729
1.2170748
1.2168115
1.2158387
1.2146795
1.214726
1.2148677
1.2158108
1.2159085
1.2148194
1.2153956
1.216216
1.2151315
1.2150613
1.2161813
1.2152486
1.216073
1.2134873
1.2125166
1.2136507
1.2137732
1.2125912
1.2136254
1.212718
1.2146535
1.2147823
1.2148906
1.2160813
1.2156755
1.2158236
1.215882
1.2184925
1.2171931
1.2174669
1.2173472
1.2181056
1.2183025
1.2171217
1.2150572
1.2154871
1.2151762
1.2163588
1.2163897
1.2166281
1.2161498
1.2132607
1.211983
1.2119636
1.2116942
1.2130238
1.2130284
1.2118321
1.2087498
1.2122769
1.2097554
1.2107327
1.2122205
1.2101252
1.2126708
1.210669
1.2092726
1.2106818
1.2101504
1.2090811
1.2086121
1.2103997
1.2146654
1.2144382
1.2145655
1.2158105
1.2155727
1.2157661
1.2155839
1.2183197
1.2169716
1.2171419
1.2171009
1.218009
1.2181474
1.2169319
1.2108294
1.2138476
1.2094088
1.2119783
1.2136415
1.2152491
1.2151327
1.2149483
1.2152245
1.2148436
1.2160657
1.2163134
1.2160237
1.2164013
1.2131477
1.2120112
1.2118693
1.2119076
1.2131106
1.2130919
1.212002
1.2124933
1.2134997
1.2122026
1.2120627
1.2134256
1.2122991
1.2132698
1.2107393
1.2094573
1.2107052
1.2106559
1.2095683
1.2106861
1.2094783
1.2158611
1.2145938
1.2147995
1.2150027
1.2157886
1.215971
1.2148314
1.2150222
1.2161179
1.2151092
1.2151384
1.2160015
1.2150888
1.2160994
1.2135133
1.212767
1.2138129
1.2140015
1.2127763
1.2137615
1.2130135
1.2162282
1.2162484
1.2161978
1.2172166
1.2171498
1.2171911
1.2171465
1.2193085
1.2182495
1.2183448
1.2183267
1.2191575
1.2191962
1.218286
1.2162118
1.2161408
1.2161814
1.2171983
1.2170656
1.2171593
1.2171088
1.2152273
1.2143551
1.2141737
1.2140839
1.2152083
1.2150885
1.2142924
1.213095
1.2145511
1.2133548
1.2136704
1.2144654
1.2134307
1.2147287
1.2132762
1.2121716
1.2131948
1.2130105
1.2122379
1.2120172
1.2131552
1.2150487
1.2139974
1.2139799
1.2140212
1.2149538
1.2150839
1.2140034
1.2146743
1.2155864
1.2145227
1.2143497
1.2154574
1.2144848
1.2153443
1.212878
1.211917
1.2129528
1.2129849
1.2119212
1.2128618
1.2119294
1.2111047
1.2101646
1.211102
1.2114461
1.2104583
1.2114028
1.2104412
1.2111223
1.2102388
1.2112453
1.2114392
1.2103441
1.2113276
1.2104571
1.21211
1.2128632
1.2119563
1.212356
1.2133468
1.2124483
1.2133253
1.2085194
1.2089677
1.2084747
1.2075938
1.2080104
1.2076743
1.208002
1.205119
1.2068641
1.2067036
1.2065234
1.2055484
1.2053746
1.2067931
1.2079331
1.206982
1.207818
1.2070372
1.206589
1.2071652
1.2062879
1.1929745
1.1965941
1.2038836
1.2036381
1.2035
1.1955243
1.1941913
1.2041763
1.2036902
1.2045075
1.2032653
1.2031197
1.2035691
1.2027518
1.1903401
1.1948187
1.1791596
1.1938936
1.189251
1.1989094
1.1984972
1.2026892
1.2022013
1.2030006
1.2022027
1.2013008
1.2019549
1.2015071
1.2048193
1.2051753
1.205071
1.2038474
1.2047028
1.2043641
1.204096
1.2044422
1.2035281
1.2037639
1.2032492
1.2032953
1.2039298
1.2029519
1.2005535
1.2009703
1.2004345
1.2018687
1.2007617
1.201041
1.2019708
1.2055098
1.205976
1.20481
1.2043073
1.2057656
1.2053613
1.2049453
1.2090574
1.208181
1.2093301
1.2096392
1.2083012
1.2093286
1.2085679
1.2105821
1.2092374
1.2103238
1.2101191
1.2093853
1.2103268
1.2090832
1.2102358
1.2114968
1.2104001
1.2106843
1.2115073
1.2104885
1.2117197
1.1939317
1.2075645
1.1976885
1.2056204
1.1968667
1.2063574
1.1943669
1.1936115
1.2088387
1.1975973
1.209853
1.1955034
1.1963291
1.2079311
1.206551
1.2062214
1.2061254
1.2051063
1.2055829
1.2053821
1.2052921
1.1807629
1.1584956
1.1995561
1.1996844
1.1803924
1.2025078
1.2025525
1.2040003
1.2040076
1.2044108
1.2045017
1.2034363
1.2037219
1.2041046
1.2058598
1.2055069
1.2057742
1.2049021
1.2046234
1.204963
1.2046943
1.1949179
1.2056104
1.2063267
1.198775
1.1979614
1.2056047
1.1959954
1.2042075
1.2045544
1.2046886
1.2035207
1.2032083
1.2029888
1.2034942
1.2046111
1.2052715
1.204001
1.2024219
1.2031309
1.2024726
1.2031785
1.2048057
1.2054132
1.2050422
1.2039334
1.2040468
1.2037624
1.2043487
1.2059144
1.2048868
1.2060352
1.2059866
1.2048265
1.2058854
1.2048988
1.2067902
1.2055805
1.2065555
1.2062294
1.2054755
1.2064277
1.205226
1.2071857
1.2083427
1.2071226
1.2071276
1.208318
1.2082887
1.2071767
1.2041496
1.2040475
1.2043562
1.2032976
1.2028792
1.2031235
1.2030163
1.1826597
1.2001806
1.1662596
1.2013474
1.1871315
1.2045845
1.2031347
1.201812
1.2026317
1.2026566
1.2024963
1.2014392
1.2015925
1.2022878
1.2045868
1.2051602
1.2047406
1.2037844
1.2040954
1.2042835
1.2036148
1.2094828
1.208756
1.2098233
1.2099642
1.2087148
1.2097324
1.2089091
1.2097198
1.2087521
1.2099708
1.2100262
1.2086312
1.2097848
1.2088217
1.2104679
1.2118079
1.2107776
1.2110157
1.2117473
1.2120095
1.2107805
1.2064982
1.2073901
1.2069846
1.2058673
1.2059221
1.205418
1.2062974
1.2031064
1.2050481
1.2053144
1.2048379
1.2035087
1.203351
1.2050253
1.2059405
1.2058818
1.2064243
1.2053739
1.204449
1.2048177
1.2048921
1.2064203
1.206469
1.2059936
1.2047097
1.205673
1.2051216
1.2054122
1.2018773
1.2032809
1.2024341
1.2027885
1.2025832
1.201959
1.2034291
1.2062465
1.2056205
1.2057022
1.2044576
1.2051576
1.2052114
1.204447
1.2084961
1.2073213
1.20853
1.2085566
1.2074535
1.2084878
1.207335
1.2093021
1.2079312
1.2092442
1.2087706
1.2076771
1.208849
1.2075922
1.2098152
1.2109337
1.2097541
1.209764
1.2108683
1.2109494
1.2098019
1.2062306
1.2063313
1.206149
1.2050252
1.2054044
1.2051077
1.2053672
1.189202
1.1698799
1.2027903
1.2030221
1.1904975
1.2037226
1.2039192
1.2022478
1.2037482
1.2035005
1.2036566
1.2027761
1.2026955
1.2037849
1.2062362
1.2057489
1.2059739
1.2048295
1.2051829
1.2046062
1.2052588
1.1959209
1.1975534
1.1900396
1.2028397
1.2000224
1.2017293
1.2007645
1.203099
1.2048006
1.2049257
1.2017315
1.2015603
1.2014506
1.2019575
1.1939396
1.1636217
1.1817928
1.203364
1.1993765
1.2016045
1.2010279
1.1946773
1.1850978
1.179933
1.1961382
1.197704
1.1986846
1.1963064
1.2020679
1.2008962
1.1997781
1.2007749
1.200816
1.2016133
1.200121
1.165869
1.1314963
1.1521229
1.1931026
1.1978345
1.192491
1.1972247
0.88146924
0.93901239
0.94000015
0.94146769
0.91263153
0.91034081
0.90320683
1.206724
1.2044526
1.2091569
1.2137816
1.2063597
1.2074209
1.2106715
1.2062799
1.2073471
1.2037048
1.2091107
1.202353
1.2045554
1.2063474
1.1962574
1.1516473
1.1918759
1.2155336
1.2096021
1.2173964
1.1988264
0.88215963
0.94430839
0.9455567
0.94569733
0.91497049
0.91386213
0.90456462
1.2004318
1.2002044
1.1965485
1.202326
1.2035663
1.2029866
1.2027584
1.2025149
1.2029407
1.2021823
1.2032312
1.203635
1.2029225
1.2039275
1.1929942
1.1566348
1.1808613
1.2016253
1.1996622
1.2007744
1.199328
1.1962785
1.1902617
1.1846737
1.1969114
1.1994323
1.1980127
1.1984517
1.199665
1.2014157
1.2001567
1.1980448
1.1976707
1.1971195
1.1980234
1.1770387
1.145337
1.1653177
1.1947385
1.1913899
1.1904395
1.1945221
1.197268
1.1967632
1.1946021
1.1985439
1.1964811
1.1979294
1.1968888
1.200717
1.2013766
1.2012755
1.1991601
1.1997138
1.1996553
1.1991841
1.188729
1.1562269
1.1781336
1.1989212
1.1994247
1.1981552
1.1979929
1.2014498
1.2069058
1.1984732
1.2067179
1.1990064
1.2070536
1.2009715
1.2181356
1.2189458
1.2190864
1.218018
1.218209
1.2181203
1.2189597
1.2207822
1.2207775
1.2211994
1.2208053
1.2213007
1.2213157
1.2212557
1.2207409
1.2206498
1.2211949
1.2207435
1.2213147
1.2212827
1.2211873
1.2207322
1.2205978
1.2212466
1.2213414
1.2206545
1.2212563
1.2211846
1.2206175
1.2204717
1.2211367
1.2212744
1.2205751
1.2212223
1.2210988
1.2178764
1.2185482
1.2179211
1.2187076
1.2180099
1.2187399
1.2186463
1.2121116
1.2150123
1.212902
1.2121143
1.2148315
1.2145837
1.2148139
1.2169191
1.2180563
1.2179262
1.2168339
1.2169924
1.216867
1.2178749
1.2146677
1.2160181
1.2147145
1.2145159
1.2159134
1.2156665
1.2157715
1.2170292
1.2178516
1.2169834
1.2179987
1.2170333
1.2179412
1.2178395
1.2092532
1.2078873
1.209211
1.2093407
1.2080655
1.2082278
1.2081155
1.2068914
1.2052912
1.2055422
1.20689
1.2068353
1.2068915
1.2055533
1.2011354
1.2001307
1.2006794
1.2009176
1.2002877
1.2003671
1.2001369
1.2017061
1.199731
1.2003869
1.2012163
1.2003911
1.2006
1.2000828
1.2036514
1.2027086
1.2032596
1.2039965
1.2037222
1.2042494
1.2033177
1.2053874
1.2025835
1.2029052
1.2042265
1.2037197
1.2033585
1.2021159
1.2047391
1.2041546
1.204522
1.2042685
1.2038646
1.2034239
1.2037015
1.202681
1.2020492
1.2014024
1.2022251
1.2028435
1.2023432
1.201572
1.2075081
1.2058573
1.2072476
1.2060841
1.2075603
1.2061854
1.2059738
1.2049059
1.2032184
1.2035042
1.2047576
1.2050528
1.204896
1.2034571
1.2041565
1.2038905
1.2033996
1.2047755
1.2042372
1.2047979
1.2039748
1.2038392
1.2025677
1.2026853
1.2038632
1.2037657
1.203727
1.202652
1.2038306
1.2179319
1.2147401
1.2172056
1.217397
1.2123337
1.2186988
1.2040099
1.2176274
1.2144696
1.2167054
1.2171058
1.2119151
1.2183733
1.1998647
1.215755
1.2124411
1.2156955
1.2149154
1.2082844
1.2171004
1.2087512
1.2131314
1.2132283
1.2126864
1.2127963
1.2141412
1.2144139
1.2039138
1.2153999
1.2128242
1.2144204
1.215094
1.2108026
1.2157978
1.2039849
1.2158527
1.2132363
1.214898
1.2153262
1.2110295
1.2161985
1.2004614
1.2131314
1.210986
1.2137638
1.2129232
1.2080104
1.2144208
1.2114365
1.2146731
1.2148183
1.214181
1.2145941
1.2157592
1.2158644
1.2004618
1.2144024
1.211873
1.2147555
1.213835
1.2083707
1.2155649
1.2055582
1.2178379
1.215024
1.216919
1.2173311
1.2128445
1.2183834
1.2037902
1.2173549
1.2143469
1.2165667
1.2169163
1.2120335
1.2179381
1.2013208
1.2155517
1.212846
1.215777
1.2148966
1.2090941
1.2167731
1.1591136
1.2025334
1.1922242
1.1988933
1.1986868
1.1816783
1.2052371
1.1519725
1.196289
1.1875517
1.1934666
1.188543
1.1732756
1.1986158
1.1587183
1.2009774
1.1915972
1.1978034
1.1971635
1.1802597
1.2032936
1.1281357
1.188447
1.1685737
1.1911624
1.1892027
1.1674024
1.1985324
1.122298
1.1858368
1.1625146
1.1879385
1.186238
1.163204
1.1963726
1.1562875
1.2015564
1.192503
1.1993168
1.1968836
1.1790473
1.2042776
1.1244503
1.1872243
1.1646698
1.1866206
1.1872517
1.1617228
1.1969366
1.1187436
1.1879688
1.1604661
1.1836259
1.1849516
1.1564357
1.1964352
1.1751463
1.2040581
1.1976752
1.2029028
1.1918
1.2049829
1.2065787
1.0480787
1.1187773
1.122262
1.0941945
1.1018179
1.1366914
1.1509422
1.2190482
1.2189008
1.2198049
1.2199904
1.2190071
1.2198823
1.2197413
1.2191663
1.2190033
1.2199354
1.2200579
1.2190508
1.219902
1.2198049
1.2066855
1.2174116
1.2156387
1.2163614
1.2139883
1.2174483
1.2178579
1.2064034
1.2179346
1.215931
1.2166829
1.2140194
1.2175856
1.2181744
1.194
1.2035623
1.2075995
1.2026615
1.2071799
1.2098903
1.2099286
1.1119117
1.183104
1.1532795
1.1809259
1.1526231
1.180298
1.1939684
1.1241803
1.1856145
1.1642589
1.1866951
1.1617239
1.1864927
1.1961055
1.1237594
1.1859953
1.1635923
1.1827296
1.1557776
1.1811465
1.1927308
1.1165265
1.1817485
1.1557876
1.1794028
1.150545
1.1777271
1.1907851
1.2150652
1.2131482
1.2078852
1.216592
1.215362
1.217018
1.2178165
1.2151756
1.2131724
1.207755
1.2169152
1.2155869
1.2175321
1.2184412
1.1955151
1.1954296
1.1794572
1.1991473
1.1993465
1.2058975
1.207088
1.2069421
1.2154675
1.2135181
1.2174906
1.215992
1.2181025
1.2188875
1.2082901
1.2162698
1.2141913
1.2182033
1.2168241
1.2187765
1.2197014
1.1995841
1.2054817
1.2048404
1.2110706
1.2109513
1.2125208
1.2146607
1.2158962
1.2082598
1.2139768
1.2171904
1.2159853
1.2178727
1.2184142
1.2004701
1.1977949
1.2016982
1.2058866
1.2070934
1.2058717
1.2084795
1.2157135
1.2075816
1.2137265
1.2175384
1.2161826
1.218262
1.2191177
1.2036184
1.1985453
1.2041408
1.2091002
1.2093866
1.2104607
1.2123348
1.2150074
1.2170198
1.2089842
1.2186928
1.2174407
1.2191924
1.2200575
1.2141918
1.2161444
1.2080195
1.2179374
1.216542
1.2185952
1.2192858
1.2008818
1.2059733
1.2062125
1.2116258
1.2112912
1.2127291
1.2147409
1.1638625
1.1215284
1.1486291
1.174626
1.1639587
1.1901283
1.1943558
1.1522949
1.1223696
1.1374192
1.1692965
1.1604441
1.1785088
1.1869029
1.1881303
1.1865232
1.1722528
1.189934
1.1909675
1.1972022
1.1987367
1.1242479
1.1440825
1.10808
1.154153
1.1429472
1.1693289
1.1715667
1.1231961
1.1594393
1.1447997
1.172357
1.1630057
1.1851892
1.1907218
1.1952668
1.195177
1.1811279
1.1983777
1.1984636
1.2037803
1.2047775
1.1426867
1.1554004
1.1288907
1.1733479
1.1668348
1.1827779
1.1899974
1.1301671
1.1592463
1.1461416
1.1750755
1.1681768
1.1845208
1.1913571
1.181465
1.1962628
1.1970528
1.1999301
1.2002123
1.2060854
1.2069944
1.1226371
1.1558897
1.1405588
1.1707916
1.1609549
1.1827686
1.1884006
1.1316395
1.1674207
1.1546141
1.1796938
1.1715023
1.1909548
1.1958299
1.2096399
1.2138456
1.2142228
1.2133981
1.2138092
1.2151678
1.2154466
1.1780907
1.2042203
1.1979102
1.2034482
1.1939934
1.2042023
1.2052349
1.2251053
1.2250645
1.2250517
1.2240363
1.2239971
1.2240658
1.2239757
1.2250105
1.2250165
1.2249126
1.2239002
1.2238586
1.2238444
1.2237757
1.2250257
1.2251123
1.2250703
1.2239646
1.2240261
1.2239982
1.224035
1.2248563
1.2250212
1.2250075
1.2237053
1.2236688
1.2238267
1.2237601
1.2250971
1.2250651
1.2250161
1.2239488
1.223995
1.2239155
1.2239153
1.2250512
1.2249991
1.2249805
1.2239373
1.2238518
1.2239016
1.2238282
1.2251888
1.2251607
1.2252338
1.2239989
1.2240374
1.223986
1.2239945
1.2250814
1.2252095
1.2251121
1.2240661
1.2239852
1.2240326
1.2239628
1.2228565
1.2219575
1.2220152
1.2219377
1.2227376
1.2227863
1.2219068
1.2184101
1.2173948
1.218406
1.2140809
1.2154022
1.2141679
1.2153256
1.2170555
1.2160704
1.216395
1.212949
1.2133174
1.2113554
1.2120795
1.2167673
1.2144133
1.2143341
1.2146547
1.2166986
1.2168704
1.2145842
1.2171998
1.215441
1.2150387
1.2153779
1.2174419
1.217364
1.2156099
1.2175567
1.2181787
1.2181384
1.2152036
1.2140376
1.2152101
1.2148156
1.2166272
1.2175296
1.216835
1.2137822
1.2127629
1.2139004
1.2127439
1.2114506
1.2099506
1.2113084
1.2042474
1.2058839
1.2040364
1.2061739
1.2100463
1.2069195
1.2079295
1.205525
1.2063873
1.2037023
1.2045913
1.210666
1.2117861
1.2111442
1.2076918
1.2070747
1.2078642
1.207118
1.208324
1.2094605
1.2084958
1.2037687
1.203077
1.2039725
1.2031064
1.2037642
1.2039896
1.2040299
1.2011728
1.2012779
1.201247
1.2011973
1.203005
1.2018263
1.2026852
1.2000866
1.1997658
1.2006286
1.199182
1.2005902
1.2006505
1.1971301
1.2003499
1.1971422
1.1980128
1.197734
1.1929581
1.1921593
1.1922715
1.187658
1.187766
1.1877967
1.1876767
1.1923251
1.1921981
1.192589
1.1872238
1.1869571
1.1869315
1.1865631
1.1871101
1.1898952
1.1892942
1.1809903
1.1811528
1.1847128
1.1843735
1.194655
1.1946829
1.1949212
1.1893175
1.1896326
1.1906597
1.1902936
1.1907197
1.19023
1.1914442
1.1849888
1.1863114
1.1842696
1.1864787
1.192883
1.1889841
1.1901041
1.1868551
1.1871844
1.1833488
1.1846607
1.1931513
1.1881092
1.1877236
1.1888877
1.188143
1.1829235
1.1827217
1.1943854
1.1905391
1.1915966
1.1889725
1.189532
1.1855371
1.1866045
1.2231267
1.2226124
1.2225556
1.22254
1.2231862
1.2231226
1.2226226
1.2228551
1.2219483
1.2219943
1.2219141
1.2227396
1.2227797
1.2219001
1.2231466
1.2225952
1.2225837
1.2225685
1.2231782
1.2231556
1.2225905
1.2192576
1.2191659
1.2191618
1.2209078
1.220713
1.2208423
1.2207464
1.2231814
1.2226121
1.2226173
1.2225521
1.2231928
1.2231613
1.2225771
1.2201199
1.220187
1.2201373
1.2214613
1.2213817
1.2213543
1.2214288
1.223194
1.2225906
1.2226089
1.2225618
1.223203
1.2231864
1.2225613
1.2198296
1.2186915
1.2184333
1.2181872
1.2198731
1.2196679
1.2185291
1.2190288
1.2172688
1.2173055
1.2172726
1.2188674
1.2189136
1.2172735
1.2088075
1.2064036
1.2088367
1.2085266
1.2062878
1.2086393
1.2061827
1.203813
1.2006525
1.202485
1.2024885
1.2011766
1.2032988
1.2002033
1.2050348
1.2022064
1.2041633
1.2048482
1.2034723
1.2055844
1.2028461
1.2067615
1.2040182
1.2066852
1.206107
1.2038093
1.206294
1.2035856
1.2016166
1.2002763
1.201066
1.1981817
1.1986003
1.1988256
1.1978809
1.1992062
1.1997481
1.1994382
1.196993
1.1972226
1.1965588
1.1976111
1.1995747
1.1995919
1.1990543
1.1969492
1.198098
1.1975774
1.1974868
1.2004506
1.2011626
1.2009963
1.196924
1.1975751
1.1971553
1.197256
1.2033942
1.2029832
1.20307
1.2011901
1.2015924
1.2014851
1.2011802
1.2019585
1.2035954
1.2023693
1.1998523
1.2009625
1.1994919
1.2013061
1.2169825
1.2178956
1.2179247
1.2168615
1.2169201
1.2168239
1.2177928
1.2140759
1.215361
1.2141003
1.2155585
1.2142238
1.2155061
1.215411
1.2156115
1.2164686
1.2156417
1.2167504
1.2158319
1.2168229
1.2165996
1.2192842
1.2201244
1.2199087
1.2194582
1.2192721
1.2194613
1.2200679
1.2163233
1.2175935
1.2173842
1.2161558
1.2163729
1.2162112
1.2173801
1.2189335
1.2197813
1.2196607
1.2189883
1.2188698
1.21892
1.2196712
1.2171653
1.2182019
1.2171955
1.2181356
1.2170703
1.2179812
1.2180351
1.2189634
1.2197594
1.2196802
1.2188625
1.218956
1.2188935
1.2196606
1.2185229
1.2194872
1.2193044
1.2184088
1.2185553
1.2184362
1.2193048
1.2165795
1.2176694
1.216532
1.2176294
1.216437
1.2174026
1.2174588
1.2080789
1.2073121
1.2083116
1.2079253
1.2064848
1.2064937
1.2071603
1.2043021
1.2020436
1.2026577
1.2033924
1.2034815
1.2031036
1.2021221
1.2064164
1.2052226
1.2062692
1.2066567
1.2056164
1.2058512
1.205547
1.2066287
1.2053677
1.206314
1.2052782
1.2062481
1.2051126
1.2051729
1.2016275
1.2017586
1.2007859
1.2011503
1.2020487
1.2014029
1.2010624
1.2025774
1.2026235
1.2029807
1.2024234
1.2029587
1.2021819
1.2023419
1.200785
1.2010988
1.1987387
1.2008501
1.1983752
1.1989645
1.199371
1.2009392
1.2010988
1.1996775
1.2009602
1.1990783
1.1992519
1.1997199
1.2031516
1.2028141
1.2015112
1.2022977
1.2015579
1.2012378
1.2014921
1.2008485
1.2015192
1.2008127
1.2012364
1.2003349
1.2007972
1.2011619
1.2195248
1.2193909
1.2202303
1.22045
1.2195645
1.2203952
1.2201956
1.2199942
1.219871
1.2207341
1.2207962
1.219815
1.2205918
1.2205764
1.2013587
1.1988636
1.1988157
1.1990751
1.1994927
1.1982953
1.1984094
1.2048625
1.1999688
1.1997349
1.2004395
1.200513
1.1980164
1.19824
1.2218431
1.2208998
1.2206729
1.2218713
1.2217632
1.220778
1.221802
1.2206678
1.2189977
1.2190454
1.2205176
1.220543
1.2190953
1.2205088
1.2212028
1.2194136
1.2198557
1.2209201
1.2212088
1.2196634
1.2210065
1.2217392
1.22048
1.2204028
1.2216727
1.2216109
1.220408
1.2215768
1.2036201
1.2034528
1.2011705
1.2035527
1.2012353
1.2011269
1.2012053
1.1979182
1.1978299
1.1958331
1.1974592
1.1964215
1.19568
1.1957263
1.2005589
1.2023797
1.1998622
1.2013521
1.1988481
1.2004213
1.1995385
1.2231566
1.2224073
1.2224703
1.2224494
1.2231053
1.2231394
1.2224149
1.2209075
1.2209871
1.2208164
1.2217597
1.2219196
1.2217982
1.2218958
1.2188595
1.2187192
1.2186483
1.2204803
1.220384
1.2205004
1.2203843
1.2205857
1.2205525
1.2205617
1.221705
1.2216966
1.2217176
1.2216713
1.2188997
1.2188545
1.218882
1.2205812
1.2203596
1.2204453
1.22043
1.2230607
1.2222913
1.2222976
1.2222191
1.2229891
1.2230076
1.2222119
1.2201314
1.2204071
1.2203108
1.2215537
1.2214604
1.2213886
1.22159
1.2201639
1.2201553
1.2201627
1.221534
1.2214193
1.2215082
1.2214342
1.2191237
1.2175113
1.2174188
1.217626
1.2191666
1.219215
1.2176206
1.2170894
1.2150196
1.2148612
1.2150108
1.2170825
1.2170639
1.2151516
1.2183421
1.21688
1.2164081
1.2161271
1.2183204
1.2179746
1.2166518
1.2186513
1.2169219
1.2167417
1.2168622
1.2186148
1.2186789
1.2169454
1.2070231
1.205516
1.2074361
1.2078929
1.205343
1.2074388
1.2059509
1.2037317
1.201034
1.2032505
1.2031012
1.201196
1.2036772
1.2005289
1.2070897
1.2047356
1.2064517
1.205751
1.204769
1.2065602
1.2041208
1.2062673
1.2035942
1.2058958
1.2057472
1.2037522
1.2058589
1.2031383
1.1983635
1.1945128
1.1980878
1.1976133
1.1950149
1.1978482
1.1943169
1.1955295
1.1917216
1.1953881
1.1950977
1.1929764
1.1955365
1.1921039
1.1985141
1.1942114
1.1980002
1.1970017
1.1941987
1.1974744
1.1933908
1.1938362
1.191192
1.194749
1.1946041
1.1910007
1.1938913
1.1919701
1.1977782
1.1953182
1.1969889
1.1953632
1.1941746
1.1960518
1.1935715
1.1919402
1.1872884
1.191272
1.1918351
1.1889683
1.192129
1.1882535
1.1995146
1.1987169
1.2006329
1.1997392
1.1976865
1.1994816
1.198178
1.1948204
1.1931584
1.1955473
1.1964686
1.1936236
1.1958098
1.1942806
1.2142505
1.2123343
1.2208315
1.220422
1.2133743
1.2132331
1.2207217
)
;

boundaryField
{
    sides
    {
        type            calculated;
        value           nonuniform List<scalar> 
800
(
1.2325663
1.2325607
1.2325551
1.2325495
1.2325439
1.2325383
1.2325328
1.2325273
1.2325219
1.2325166
1.2325112
1.232506
1.2325007
1.2324955
1.2324903
1.2325663
1.2325607
1.2325551
1.2325495
1.2325439
1.2325383
1.2325328
1.2325274
1.232522
1.2325166
1.2325112
1.2325059
1.2325007
1.2324955
1.2324903
1.2325663
1.2325607
1.2325551
1.2325495
1.2325439
1.2325383
1.2325328
1.2325273
1.2325219
1.2325165
1.2325112
1.232506
1.2325007
1.2324955
1.2324903
1.2325663
1.2325607
1.2325551
1.2325495
1.2325439
1.2325383
1.2325328
1.2325273
1.2325219
1.2325165
1.2325112
1.2325059
1.2325007
1.2324955
1.2324903
1.2325663
1.2325607
1.2325551
1.2325495
1.2325439
1.2325383
1.2325328
1.2325273
1.2325219
1.2325165
1.2325112
1.2325059
1.2325007
1.2324955
1.2324903
1.2325663
1.2325607
1.2325551
1.2325495
1.2325439
1.2325383
1.2325328
1.2325273
1.2325219
1.2325165
1.2325112
1.2325059
1.2325007
1.2324955
1.2324903
1.2325663
1.2325607
1.2325551
1.2325495
1.2325439
1.2325383
1.2325328
1.2325273
1.2325219
1.2325165
1.2325112
1.2325059
1.2325007
1.2324955
1.2324903
1.2325663
1.2325607
1.2325551
1.2325495
1.2325439
1.2325383
1.2325328
1.2325273
1.2325219
1.2325165
1.2325112
1.2325059
1.2325007
1.2324955
1.2324903
1.2325663
1.2325607
1.2325551
1.2325495
1.2325439
1.2325383
1.2325329
1.2325274
1.2325219
1.2325164
1.2325111
1.2325059
1.2325007
1.2324955
1.2324903
1.2325663
1.2325607
1.2325551
1.2325495
1.2325439
1.2325383
1.2325329
1.2325274
1.2325219
1.2325165
1.2325112
1.2325059
1.2325008
1.2324956
1.2324903
1.2325663
1.2325663
1.2325663
1.2325663
1.2325663
1.2325663
1.2325663
1.2325663
1.2325663
1.2325663
1.2325607
1.2325607
1.2325607
1.2325607
1.2325607
1.2325607
1.2325607
1.2325607
1.2325607
1.2325607
1.2325551
1.2325551
1.2325551
1.2325551
1.2325551
1.2325551
1.2325551
1.2325551
1.2325551
1.2325551
1.2325495
1.2325495
1.2325495
1.2325495
1.2325495
1.2325495
1.2325495
1.2325494
1.2325494
1.2325495
1.2325439
1.2325439
1.2325439
1.2325439
1.2325439
1.2325439
1.2325439
1.2325439
1.2325439
1.2325439
1.2325383
1.2325383
1.2325383
1.2325383
1.2325383
1.2325383
1.2325383
1.2325383
1.2325383
1.2325383
1.2325329
1.2325328
1.2325328
1.2325328
1.2325328
1.2325328
1.2325328
1.2325328
1.2325328
1.2325328
1.2325274
1.2325273
1.2325273
1.2325273
1.2325273
1.2325273
1.2325273
1.2325273
1.2325273
1.2325273
1.2325219
1.2325218
1.232522
1.2325219
1.2325219
1.2325219
1.2325219
1.232522
1.2325219
1.2325219
1.2325165
1.2325165
1.2325166
1.2325165
1.2325165
1.2325166
1.2325166
1.2325166
1.2325166
1.2325166
1.2325112
1.2325112
1.2325112
1.2325112
1.2325112
1.2325112
1.2325113
1.2325113
1.2325113
1.2325113
1.2325059
1.2325059
1.2325059
1.2325059
1.2325059
1.2325059
1.2325059
1.2325059
1.2325059
1.232506
1.2325008
1.2325007
1.2325007
1.2325007
1.2325007
1.2325007
1.2325007
1.2325007
1.2325006
1.2325007
1.2324956
1.2324955
1.2324955
1.2324955
1.2324955
1.2324955
1.2324955
1.2324954
1.2324954
1.2324955
1.2324903
1.2324903
1.2324903
1.2324903
1.2324903
1.2324903
1.2324902
1.2324902
1.2324903
1.2324902
1.2325663
1.2325607
1.2325551
1.2325495
1.2325439
1.2325383
1.2325328
1.2325274
1.2325219
1.2325165
1.2325112
1.232506
1.2325008
1.2324956
1.2324903
1.2325663
1.2325607
1.2325551
1.2325495
1.2325439
1.2325383
1.2325328
1.2325274
1.2325219
1.2325165
1.2325111
1.2325059
1.2325007
1.2324955
1.2324903
1.2325663
1.2325607
1.2325551
1.2325495
1.2325439
1.2325383
1.2325328
1.2325273
1.2325219
1.2325165
1.2325112
1.232506
1.2325008
1.2324955
1.2324903
1.2325663
1.2325607
1.2325551
1.2325495
1.2325439
1.2325383
1.2325328
1.2325273
1.2325219
1.2325165
1.2325112
1.2325059
1.2325007
1.2324955
1.2324903
1.2325663
1.2325607
1.2325551
1.2325495
1.2325439
1.2325383
1.2325328
1.2325273
1.2325219
1.2325165
1.2325112
1.2325059
1.2325008
1.2324955
1.2324903
1.2325663
1.2325607
1.2325551
1.2325495
1.2325439
1.2325383
1.2325328
1.2325273
1.2325219
1.2325165
1.2325112
1.2325059
1.2325007
1.2324955
1.2324903
1.2325663
1.2325607
1.2325551
1.2325495
1.2325439
1.2325383
1.2325328
1.2325273
1.2325219
1.2325165
1.2325112
1.2325059
1.2325007
1.2324955
1.2324903
1.2325663
1.2325607
1.2325551
1.2325495
1.2325439
1.2325383
1.2325328
1.2325273
1.232522
1.2325166
1.2325112
1.232506
1.2325007
1.2324955
1.2324903
1.2325663
1.2325607
1.2325551
1.2325495
1.2325439
1.2325383
1.2325328
1.2325274
1.232522
1.2325166
1.2325112
1.2325059
1.2325007
1.2324954
1.2324903
1.2325663
1.2325607
1.2325551
1.2325495
1.2325439
1.2325383
1.2325328
1.2325273
1.2325219
1.2325166
1.2325113
1.232506
1.2325007
1.2324955
1.2324902
1.2325663
1.2325663
1.2325663
1.2325663
1.2325663
1.2325663
1.2325663
1.2325663
1.2325663
1.2325663
1.2325607
1.2325607
1.2325607
1.2325607
1.2325607
1.2325607
1.2325607
1.2325607
1.2325607
1.2325607
1.2325551
1.2325551
1.2325551
1.2325551
1.2325551
1.2325551
1.2325551
1.2325551
1.2325551
1.2325551
1.2325495
1.2325495
1.2325494
1.2325495
1.2325495
1.2325495
1.2325495
1.2325495
1.2325495
1.2325495
1.2325439
1.2325439
1.2325439
1.2325439
1.2325439
1.2325439
1.2325439
1.2325439
1.2325439
1.2325439
1.2325383
1.2325383
1.2325383
1.2325383
1.2325383
1.2325383
1.2325383
1.2325383
1.2325383
1.2325383
1.2325328
1.2325328
1.2325328
1.2325328
1.2325328
1.2325328
1.2325328
1.2325328
1.2325328
1.2325328
1.2325273
1.2325273
1.2325273
1.2325273
1.2325273
1.2325273
1.2325273
1.2325273
1.2325273
1.2325274
1.2325219
1.2325219
1.2325219
1.2325219
1.2325219
1.2325219
1.2325219
1.2325219
1.2325219
1.2325219
1.2325166
1.2325166
1.2325166
1.2325166
1.2325166
1.2325166
1.2325165
1.2325165
1.2325164
1.2325165
1.2325112
1.2325112
1.2325112
1.2325113
1.2325113
1.2325113
1.2325112
1.2325112
1.2325112
1.2325112
1.232506
1.2325059
1.2325059
1.232506
1.232506
1.232506
1.232506
1.232506
1.2325059
1.232506
1.2325007
1.2325007
1.2325007
1.2325007
1.2325007
1.2325007
1.2325007
1.2325007
1.2325007
1.2325008
1.2324955
1.2324955
1.2324955
1.2324955
1.2324954
1.2324955
1.2324955
1.2324955
1.2324955
1.2324956
1.2324903
1.2324903
1.2324903
1.2324903
1.2324903
1.2324903
1.2324903
1.2324903
1.2324903
1.2324903
1.2325691
1.2325691
1.2325691
1.2325691
1.2325691
1.2325691
1.2325691
1.2325691
1.2325691
1.2325691
1.2325691
1.2325691
1.2325691
1.2325691
1.2325691
1.2325691
1.2325691
1.2325691
1.2325691
1.2325691
1.2325691
1.2325691
1.2325691
1.2325691
1.2325691
1.2325691
1.2325691
1.2325691
1.2325691
1.2325691
1.2325691
1.2325691
1.2325691
1.2325691
1.2325691
1.2325691
1.2325691
1.2325691
1.2325691
1.2325691
1.2325691
1.2325691
1.2325691
1.2325691
1.2325691
1.2325691
1.2325691
1.2325691
1.2325691
1.2325691
1.2325691
1.2325691
1.2325691
1.2325691
1.2325691
1.2325691
1.2325691
1.2325691
1.2325691
1.2325691
1.2325691
1.2325691
1.2325691
1.2325691
1.2325691
1.2325691
1.2325691
1.2325691
1.2325691
1.2325691
1.2325691
1.2325691
1.2325691
1.2325691
1.2325691
1.2325691
1.2325691
1.2325691
1.2325691
1.2325691
1.2325691
1.2325691
1.2325691
1.2325691
1.2325691
1.2325691
1.2325691
1.2325691
1.2325691
1.2325691
1.2325691
1.2325691
1.2325691
1.2325691
1.2325691
1.2325691
1.2325691
1.2325691
1.2325691
1.2325691
1.2324876
1.2324877
1.2324877
1.2324876
1.2324877
1.2324877
1.2324876
1.2324876
1.2324876
1.2324875
1.2324877
1.2324877
1.2324877
1.2324877
1.2324877
1.2324877
1.2324877
1.2324878
1.2324878
1.2324876
1.2324876
1.2324877
1.2324877
1.2324877
1.2324877
1.2324877
1.2324877
1.2324877
1.2324877
1.2324876
1.2324876
1.2324877
1.2324877
1.2324877
1.2324877
1.2324877
1.2324877
1.2324877
1.2324877
1.2324876
1.2324876
1.2324877
1.2324877
1.2324877
1.232488
1.232488
1.2324877
1.2324877
1.2324877
1.2324877
1.2324877
1.2324878
1.2324877
1.2324877
1.232488
1.2324878
1.2324876
1.2324877
1.2324877
1.2324876
1.2324876
1.2324878
1.2324877
1.2324876
1.2324877
1.2324876
1.2324877
1.2324877
1.2324877
1.2324876
1.2324876
1.2324877
1.2324877
1.2324877
1.2324877
1.2324877
1.2324877
1.2324877
1.2324877
1.2324876
1.2324876
1.2324877
1.2324877
1.2324877
1.2324877
1.2324877
1.2324877
1.2324877
1.2324877
1.2324877
1.2324875
1.2324876
1.2324876
1.2324876
1.2324876
1.2324876
1.2324875
1.2324876
1.2324877
1.2324875
)
;
    }
    domain0_to_potato
    {
        type            calculated;
        value           nonuniform List<scalar> 
4872
(
0.83324568
0.83057672
0.83047048
0.83047092
0.83056599
0.81213103
0.83324273
0.83322171
0.83325781
0.83096886
0.83103706
0.83087739
0.83091141
0.83095277
0.83100258
0.83092515
0.83103245
0.83050921
0.8304024
0.81215951
0.83045425
0.81214446
0.83053207
0.81215039
0.83236961
0.83310123
0.83269421
0.83342408
0.83321366
0.83010366
0.82998704
0.82904808
0.8300563
0.83118334
0.82987505
0.82956161
0.82869934
0.82962408
0.83124362
0.82971954
0.8288568
0.8299645
0.82905562
0.813566
0.81357729
0.83258405
0.83266219
0.83235076
0.83264416
0.8325899
0.8325674
0.82987909
0.82997303
0.82989639
0.83021904
0.82986915
0.8299737
0.83346046
0.83341713
0.83307314
0.82939432
0.82991653
0.82927785
0.82940321
0.82976855
0.82915077
0.83298617
0.83335345
0.83287096
0.82950099
0.82995801
0.82951034
0.82994006
0.82949999
0.82997464
0.82981856
0.82931631
0.82996117
0.83001837
0.83335489
0.83335387
0.83308237
0.82949688
0.8298651
0.82945682
0.82996376
0.82949236
0.82997112
0.8298456
0.82935157
0.82990314
0.82945028
0.82988131
0.82963423
0.82921576
0.82993754
0.82940489
0.82997386
0.82989045
0.82920679
0.82999581
0.82898952
0.8298588
0.82870145
0.83000293
0.82992105
0.83108214
0.82983432
0.8295949
0.83112827
0.81353969
0.81367427
0.81361123
0.81371363
0.81498431
0.82994889
0.82990911
0.82887172
0.8296883
0.83117254
0.81356161
0.81367289
0.8135964
0.81373281
0.81509556
0.8298189
0.82972388
0.82910866
0.8301078
0.831256
0.81368255
0.81381136
0.81354882
0.8136652
0.81513287
0.82955782
0.82975028
0.83111848
0.83005656
0.83007201
0.83092146
0.81368002
0.81371446
0.81497228
0.83299804
0.83308747
0.83243556
0.83122144
0.83193206
0.83108246
0.83264435
0.83216067
0.83095499
0.83063341
0.83182804
0.83218023
0.83154601
0.83064768
0.83069093
0.83063047
0.83109304
0.83095841
0.83217204
0.83190937
0.83310576
0.83301719
0.83243982
0.83140003
0.83203978
0.83122521
0.83272317
0.83229663
0.83076329
0.83063638
0.8317606
0.83203392
0.83154766
0.83105074
0.83111132
0.83260418
0.83228663
0.83049476
0.83051947
0.83054325
0.8327676
0.8329662
0.83307539
0.83378167
0.83247645
0.83377649
0.83247986
0.83230114
0.83224068
0.83178924
0.83307066
0.83310367
0.82934881
0.8294413
0.8291982
0.82934857
0.82960673
0.82932778
0.82953843
0.82884533
0.82971242
0.82885188
0.82888769
0.8287651
0.82919681
0.82920002
0.82882543
0.82924514
0.82881761
0.82877412
0.82912352
0.8286775
0.82912258
0.82924998
0.82886737
0.82944159
0.82974923
0.83084932
0.8296315
0.82889098
0.82890085
0.8288452
0.8299641
0.82890001
0.82918146
0.8292581
0.82884879
0.82917332
0.82975014
0.83028466
0.8295679
0.82892519
0.82880744
0.82883222
0.8299898
0.82889587
0.83302925
0.83294419
0.83265341
0.83125954
0.83196452
0.83114386
0.83277746
0.8324149
0.83078693
0.83055751
0.83201343
0.8321885
0.83172681
0.83059616
0.83062643
0.83062463
0.83102832
0.83123355
0.83235588
0.83202988
0.83297262
0.83297768
0.83258189
0.83132769
0.83206187
0.83116668
0.83286192
0.8324385
0.83084377
0.83063863
0.8321396
0.83240616
0.83184912
0.83063227
0.83054422
0.83052171
0.8313475
0.8310596
0.83262743
0.83232032
0.83290172
0.83379778
0.83247826
0.83380752
0.83248494
0.83239507
0.83240574
0.83196044
0.83334835
0.83346162
0.8310879
0.83134771
0.83100515
0.83113822
0.83141842
0.83112996
0.82983942
0.83022241
0.82997666
0.83042798
0.83038507
0.82996578
0.82999886
0.83051654
0.83019242
0.8301069
0.8306419
0.83066432
0.8296157
0.82954414
0.83101636
0.82870888
0.83077791
0.82959706
0.83078319
0.83065963
0.8310652
0.82992366
0.83042701
0.8298255
0.83106351
0.82871319
0.83061055
0.8292281
0.83059378
0.83065346
0.83102041
0.82979511
0.83020472
0.82983577
0.83276386
0.83300444
0.83359633
0.83234454
0.83373658
0.83242955
0.83225285
0.8323771
0.8330037
0.83190528
0.83299938
0.83293307
0.83225794
0.8312256
0.83203652
0.83132167
0.83302879
0.83261905
0.83056055
0.83061423
0.83202424
0.83226389
0.83184288
0.83040925
0.83042789
0.83051639
0.83119447
0.83111682
0.83254928
0.83221371
0.83096915
0.83093293
0.82893897
0.83076883
0.8292201
0.83065827
0.83084249
0.83113348
0.83025034
0.82978756
0.82993131
0.83127132
0.83082495
0.83091299
0.8313339
0.83096576
0.82936542
0.83026527
0.82980144
0.83042189
0.83018073
0.82982169
0.82992142
0.83039632
0.82995682
0.82991547
0.83013028
0.83016891
0.82944063
0.82945674
0.83094079
0.82864135
0.83062711
0.82944889
0.83062996
0.83081911
0.83107569
0.83045892
0.82979683
0.82981287
0.83281162
0.83302244
0.83389101
0.83243609
0.83384421
0.83245118
0.83236332
0.83241334
0.8327741
0.83178508
0.83302723
0.83301574
0.8324797
0.83146821
0.83210355
0.83132661
0.83278146
0.8324709
0.83100355
0.83060145
0.83205808
0.83241094
0.8318365
0.83124313
0.8309822
0.83256186
0.83224292
0.8306049
0.83050727
0.83060012
0.8312332
0.83112821
0.82884653
0.83081669
0.82939789
0.8306926
0.83079099
0.83114265
0.83028052
0.82976746
0.82982647
0.8313965
0.83114782
0.83123719
0.83132052
0.83096573
0.82994084
0.83043985
0.82960851
0.83022994
0.83059843
0.83031074
0.83013151
0.8304179
0.83001167
0.83002186
0.83028135
0.83047966
0.82945364
0.82942438
0.83116803
0.82879822
0.83064925
0.8293533
0.83065213
0.83084661
0.83117542
0.83042743
0.83008736
0.82976989
0.83288794
0.83246861
0.83132359
0.83193697
0.83102118
0.83309244
0.83260588
0.83070184
0.83056429
0.8322228
0.83246854
0.83190933
0.83113315
0.83092247
0.83253121
0.8321356
0.83024519
0.83022818
0.83033325
0.83316832
0.83261149
0.83098441
0.83184627
0.83096438
0.83276082
0.83236066
0.8307415
0.83046471
0.83214151
0.83240551
0.83182718
0.83103376
0.83088159
0.83254177
0.8321388
0.83047875
0.83048806
0.83048032
0.83111607
0.83110435
0.82873173
0.83052424
0.82910855
0.83053421
0.83080012
0.83108064
0.83012572
0.82961306
0.82962703
0.83067624
0.83081155
0.82860867
0.83061208
0.82932652
0.83060578
0.83056889
0.83095913
0.82982471
0.82964634
0.82982323
0.83132643
0.83094912
0.83129915
0.83082509
0.82973586
0.83025932
0.82966547
0.83015748
0.83034363
0.83006353
0.82993621
0.83028482
0.83000516
0.82990661
0.83045287
0.8304352
0.82965555
0.82963012
0.82950498
0.82919944
0.82967635
0.82983343
0.83054656
0.82964838
0.82935096
0.82929335
0.83009976
0.82886701
0.82904478
0.82932514
0.82911278
0.82952993
0.8298344
0.83030547
0.82964721
0.82910406
0.82895127
0.83010605
0.82901617
0.82897167
0.82828282
0.82834246
0.82499579
0.82605745
0.82457359
0.82774632
0.82768121
0.82186115
0.82166226
0.8273908
0.82781621
0.82727873
0.82543455
0.82440674
0.82482143
0.82382492
0.82227762
0.82211288
0.82204771
0.82835415
0.82824057
0.82497132
0.82607589
0.82461785
0.82801794
0.82786037
0.8220813
0.82181604
0.8274489
0.82781068
0.82724263
0.8254041
0.8241439
0.82479412
0.82383054
0.82256069
0.82238903
0.82224468
0.82480564
0.81450291
0.81615477
0.81449329
0.81622462
0.82339728
0.82348125
0.82107769
0.82121507
0.81692534
0.8295986
0.82926089
0.82944909
0.82958245
0.82937086
0.82974028
0.82907943
0.82992914
0.82888004
0.82887205
0.82887356
0.8290576
0.82907926
0.82870163
0.8291596
0.82872199
0.82885055
0.82914325
0.82882593
0.82940548
0.8291494
0.82954618
0.82977743
0.8303523
0.82961196
0.82919886
0.82895759
0.83036518
0.82863161
0.82895198
0.82821356
0.82811365
0.82499809
0.8261057
0.82461017
0.82744083
0.82759525
0.82170872
0.82143704
0.82706436
0.8274726
0.82687186
0.82514407
0.82400534
0.82473115
0.82375934
0.82224048
0.82226631
0.82209166
0.82462846
0.8249369
0.81447462
0.81632881
0.81452645
0.8163275
0.82323494
0.82337094
0.82126906
0.82128671
0.81708052
0.82831639
0.82836003
0.82614486
0.82475837
0.82722832
0.82744577
0.82184608
0.82168423
0.82685749
0.82747561
0.8268564
0.82514198
0.82423803
0.82490296
0.82398103
0.82240265
0.82218596
0.82220247
0.82969074
0.82933841
0.829295
0.82947107
0.82911262
0.82958018
0.82899644
0.82966435
0.82876524
0.82853744
0.82869575
0.8290932
0.82911652
0.82865519
0.82916837
0.82867546
0.82864769
0.82906567
0.82873293
0.82948489
0.82899949
0.82934679
0.8298248
0.83090151
0.82976886
0.82949296
0.82951818
0.83021902
0.82909815
0.82904852
0.82802066
0.82807977
0.82510894
0.82627726
0.82482176
0.82768961
0.82765787
0.8217313
0.82155127
0.82518943
0.82392219
0.82490643
0.8239119
0.82702294
0.82743889
0.82681983
0.82243397
0.82229952
0.82220094
0.82488098
0.82513389
0.81460742
0.81638647
0.81448591
0.81631526
0.82358607
0.82348515
0.82146371
0.82136155
0.81710045
0.82819477
0.82823224
0.8263331
0.82482744
0.82798991
0.82788793
0.82166733
0.82146826
0.82529269
0.82403709
0.82494925
0.82397942
0.82729975
0.82763714
0.82708824
0.82223829
0.82211044
0.82204586
0.82910111
0.82920303
0.82869746
0.82920395
0.82971704
0.83050589
0.82953559
0.82892953
0.82896474
0.82873596
0.82999646
0.82903792
0.82932491
0.82931843
0.8290624
0.82970225
0.82978592
0.83078616
0.82945779
0.82907686
0.82901807
0.82886101
0.83009273
0.82900223
0.82971219
0.82920272
0.82959291
0.82929983
0.82992142
0.82889013
0.82982928
0.82896912
0.82840678
0.82858288
0.82918532
0.82921346
0.82874313
0.82910172
0.82869849
0.82889611
0.8291627
0.82879495
0.8249676
0.82524745
0.82520144
0.81448824
0.81622769
0.81454
0.81619123
0.82354423
0.82349466
0.81694581
0.82125503
0.82145606
0.82799664
0.8279747
0.82635844
0.82481217
0.82738153
0.82730807
0.82167923
0.82160454
0.8251896
0.82419998
0.82486994
0.8239644
0.82727291
0.82784042
0.82711659
0.82231532
0.82219841
0.82215867
0.8284131
0.82845902
0.82619718
0.82478467
0.8278549
0.82771666
0.82205969
0.82166949
0.82532309
0.82424582
0.82496178
0.82402873
0.82738631
0.82764091
0.82717605
0.82256391
0.82229024
0.82232245
0.8330762
0.83308838
0.83292111
0.83065374
0.83000586
0.8300967
0.83057785
0.82987246
0.82999865
0.83048479
0.82989114
0.8299134
0.83057586
0.8300006
0.8300019
0.81239523
0.81239452
0.81265493
0.83309365
0.83312707
0.83300384
0.83304763
0.83303978
0.83288461
0.83314148
0.83311833
0.83303745
0.83123013
0.83105618
0.83130241
0.83130173
0.8311273
0.83135618
0.83115002
0.83095522
0.83118701
0.83118229
0.83097257
0.8312666
0.83123221
0.8310659
0.83132642
0.83126944
0.8309956
0.83120221
0.83120098
0.83096184
0.8312137
0.83130623
0.83104946
0.8312419
0.83059368
0.82993952
0.83003889
0.83047211
0.82981824
0.82989683
0.81241912
0.81245072
0.81270035
0.83050911
0.82988225
0.82994409
0.81241788
0.81241085
0.8126936
0.83051154
0.82996959
0.82996746
0.81245204
0.81241107
0.81271303
0.83047366
0.83134603
0.83175581
0.83224076
0.83251525
0.83191577
0.83276914
0.83295413
0.83259309
0.83161362
0.83229033
0.83246637
0.83190795
0.83278313
0.83309689
0.83278858
0.82989254
0.83005727
0.82912455
0.82929654
0.82941654
0.8300928
0.82965798
0.8295812
0.82919453
0.82900682
0.82750372
0.82795491
0.8285872
0.82752491
0.82820598
0.82809336
0.82798473
0.82931076
0.82937762
0.83010473
0.82975861
0.82983645
0.82949624
0.82908984
0.82734558
0.82789798
0.82827508
0.82723231
0.82793322
0.82753829
0.82770316
0.8312534
0.83298834
0.8327791
0.8313534
0.83052016
0.83188576
0.83241563
0.83234585
0.83218276
0.83300103
0.83280631
0.83254037
0.83161761
0.83231281
0.83255361
0.83192634
0.83270044
0.83293044
0.8326765
0.83179735
0.83195987
0.82895232
0.82918137
0.83026931
0.83030296
0.83012761
0.83079395
0.83071709
0.83041712
0.83015969
0.82995995
0.83024502
0.82975206
0.83009118
0.82998025
0.82950522
0.8300431
0.83027445
0.83023629
0.83008884
0.8306823
0.83053298
0.83024862
0.82984635
0.82956793
0.82994115
0.82932123
0.83005805
0.83015548
0.82971783
0.83000408
0.83217071
0.83147857
0.83239621
0.83185826
0.83265757
0.8329799
0.83275083
0.83156349
0.8323014
0.83233233
0.83192686
0.83280208
0.83307588
0.83264305
0.83116923
0.83030401
0.83036078
0.83042018
0.83027005
0.83081608
0.83068273
0.83047657
0.8301806
0.82972503
0.83015781
0.82950882
0.82997443
0.83002347
0.82962073
0.83010335
0.83204801
0.83234239
0.82911345
0.82911796
0.83011507
0.83020006
0.83007397
0.83058621
0.83035255
0.83003169
0.83003614
0.83021227
0.82979132
0.82938419
0.83004093
0.82999426
0.82943062
0.83007388
0.83230803
0.83174111
0.83285076
0.83197051
0.83273612
0.83296131
0.83270304
0.83182667
0.83234578
0.83248647
0.83208532
0.83284665
0.83293943
0.83269142
0.83135967
0.83006691
0.8301905
0.82990839
0.83072733
0.83043941
0.83017139
0.82989284
0.82956677
0.8297855
0.82931872
0.82994283
0.82986695
0.82927678
0.82961099
0.83202071
0.83200503
0.82896999
0.83023201
0.83020282
0.83011493
0.83072637
0.83068648
0.83027477
0.82996693
0.8298323
0.82953062
0.82928655
0.82993636
0.82982491
0.82952101
0.83007048
0.8302726
0.831341
0.83054583
0.83004853
0.83012811
0.82990733
0.83060158
0.83044286
0.83016012
0.83000971
0.82968551
0.82953497
0.82929895
0.82984202
0.82968062
0.82918792
0.82959425
0.83014552
0.83013412
0.83002275
0.83069982
0.8306313
0.83027668
0.82996294
0.82994263
0.8296695
0.82952998
0.83003214
0.82991517
0.82940355
0.82989328
0.82884009
0.82934369
0.82915981
0.82914029
0.82994589
0.82971469
0.82972185
0.82954537
0.82905086
0.82737566
0.8278622
0.82844003
0.8275058
0.82821355
0.82808232
0.8278072
0.82893482
0.82903628
0.82983286
0.82974157
0.82969769
0.82928172
0.82880237
0.82716503
0.82778727
0.82804195
0.82720853
0.82792586
0.82761267
0.82767998
0.82735273
0.82722652
0.81976262
0.82754853
0.82727096
0.81973031
0.81765433
0.8173585
0.81756599
0.81709984
0.81742305
0.81873579
0.81903308
0.82927707
0.82931857
0.82998956
0.82985874
0.83004521
0.82973937
0.82914085
0.82781261
0.82728848
0.82832767
0.82742967
0.82816779
0.82815865
0.82804353
0.82745947
0.82721197
0.81976566
0.81764835
0.81735947
0.81750212
0.81713786
0.81747584
0.81889859
0.8190909
0.82608721
0.83033877
0.83034264
0.82924328
0.82941335
0.8293012
0.82994739
0.82981988
0.82976299
0.82940167
0.82919115
0.82780088
0.8273139
0.82828528
0.8275246
0.82829738
0.82821875
0.82789594
0.82733465
0.82729434
0.8199343
0.8177722
0.81749984
0.81763093
0.81728693
0.81760261
0.81887093
0.8191904
0.81758672
0.81732705
0.81747811
0.81711343
0.81741888
0.81881532
0.81904193
0.82602789
0.82935618
0.8294072
0.83014961
0.82968798
0.82960822
0.8291978
0.8290329
0.8272484
0.82773977
0.82824476
0.82739167
0.82806898
0.82796285
0.82757384
0.82931895
0.82925104
0.83019177
0.82986291
0.83007795
0.82973288
0.82869071
0.82717829
0.82770011
0.8280293
0.82747295
0.82817793
0.827978
0.82755247
0.83030798
0.83023425
0.82896837
0.82922649
0.81736468
0.81759495
0.81748576
0.8171987
0.81746788
0.81881913
0.81902554
0.8174988
0.81774718
0.8176358
0.81718202
0.81749156
0.81885305
0.81914664
0.82586763
0.81986989
0.83137073
0.83149806
0.8315267
0.83280206
0.83290146
0.83205783
0.83269105
0.83265523
0.83285215
0.83291268
0.83232694
0.83295897
0.83264918
0.83276567
0.83415138
0.83276233
0.83413207
0.83202149
0.83063236
0.83086317
0.82983956
0.82989909
0.83028993
0.82952856
0.82988741
0.82881973
0.82955901
0.82960652
0.83065831
0.8325824
0.83022777
0.83155248
0.82949597
0.83052202
0.83067023
0.82964012
0.82962476
0.83023166
0.82929344
0.82946027
0.8286065
0.82932981
0.82943313
0.83077642
0.83265375
0.83033099
0.831537
0.8295145
0.83026768
0.8294629
0.82987711
0.8293572
0.82884243
0.82956661
0.8304174
0.82976978
0.8299936
0.82942474
0.81289353
0.81378144
0.81316297
0.81289631
0.81384787
0.8131976
0.83286374
0.83228026
0.83275713
0.83296132
0.83228904
0.83285372
0.83282899
0.83207953
0.83268016
0.8328181
0.83225304
0.83262875
0.8319891
0.83291263
0.83233828
0.83282327
0.83288191
0.83218085
0.83278726
0.83107808
0.82963072
0.83110127
0.83077148
0.82934381
0.83072145
0.82954378
0.83111712
0.82952145
0.83099873
0.83083465
0.82951613
0.83075797
0.83101078
0.82942595
0.83087074
0.83067301
0.82947021
0.83078917
0.82952864
0.83305083
0.8329936
0.83318268
0.83290327
0.83249681
0.83406168
0.83269045
0.83392976
0.8320231
0.82931875
0.82922515
0.82898946
0.82948485
0.8292508
0.82827885
0.82894075
0.82818547
0.82908978
0.82913881
0.82931689
0.82939616
0.82905408
0.82830142
0.82911445
0.82834316
0.8314043
0.83136001
0.83144738
0.83302183
0.83260399
0.83283281
0.83289659
0.8326224
0.83380064
0.8324785
0.83366736
0.82915967
0.82939396
0.82906389
0.82947846
0.82892822
0.8284942
0.82917275
0.82846386
0.82944459
0.831038
0.82909623
0.82945199
0.82916176
0.83097849
0.83077098
0.82912136
0.82938439
0.82939133
0.83087057
0.82916386
0.82838343
0.82909788
0.82830999
0.82958866
0.83113698
0.82950204
0.83103231
0.83081517
0.82939028
0.83079189
0.83324032
0.83291294
0.83296749
0.83275279
0.83290367
0.83406022
0.83289268
0.8339067
0.83222862
0.83140786
0.83147108
0.83147671
0.82918272
0.82922157
0.82913725
0.82933467
0.82916915
0.8285385
0.82920971
0.82830734
0.82956262
0.82906455
0.82856603
0.8293024
0.82896255
0.82855243
0.82917104
0.82934866
0.83130421
0.83148068
0.83140961
0.83109504
0.82907399
0.82940852
0.82907429
0.83098735
0.83063628
0.8289938
0.82938308
0.82937284
0.83061954
0.82913782
0.828313
0.82902472
0.8283108
0.82941114
0.82895162
0.82840381
0.82921558
0.82889994
0.82841437
0.82914519
0.82929308
0.83045484
0.82968764
0.83013568
0.8294347
0.82908042
0.82959043
0.82950204
0.83031096
0.82958131
0.82992514
0.829201
0.82882649
0.82935206
0.83074245
0.83000494
0.83031484
0.82974977
0.83052754
0.83258538
0.83042179
0.83191005
0.83050605
0.82978
0.82991382
0.82943138
0.83039842
0.83215518
0.83021118
0.8317306
0.82934604
0.82773142
0.82776817
0.8264826
0.81290231
0.81386649
0.81375682
0.81385982
0.81321534
0.81296271
0.81390576
0.81379958
0.81387585
0.81324417
0.8137136
0.81447766
0.81371421
0.81454836
0.81358155
0.83045101
0.83039774
0.82948894
0.82963305
0.83004179
0.82936595
0.82972225
0.82876638
0.82950502
0.82944609
0.83035206
0.83231889
0.83007682
0.83157615
0.8292854
0.82786848
0.82786481
0.82639341
0.81290976
0.8139116
0.81380878
0.81387053
0.81324283
0.81291639
0.81391412
0.81379498
0.81389539
0.81323411
0.81378607
0.81459102
0.81376118
0.81456782
0.81363286
0.83030508
0.8303707
0.82942766
0.82967478
0.82994028
0.83027998
0.83241778
0.83007046
0.83142226
0.829787
0.82929111
0.81298424
0.81403904
0.81391596
0.81401539
0.81327553
0.81290436
0.81394169
0.81379977
0.81388606
0.81325544
0.81377952
0.81465783
0.81379749
0.81462508
0.81364752
0.8276114
0.82777213
0.82665935
0.83047663
0.82962464
0.82988692
0.82941405
0.8304247
0.83271103
0.83033617
0.83124814
0.82939359
0.83082381
0.83007198
0.8305491
0.8325996
0.83029993
0.831493
0.8300959
0.813923
0.81387063
0.81397832
0.81397527
0.81372215
0.81453023
0.81371917
0.81452054
0.81357023
0.82767125
0.8277243
0.82654433
0.83114383
0.83104208
0.83160944
0.8321953
0.8324738
0.83145874
0.83194778
0.83149224
0.83120466
0.8315489
0.83084372
0.83230115
0.83221816
0.83219044
0.83300815
0.83224473
0.83187668
0.83284872
0.83184891
0.83173435
0.83164702
0.83185457
0.83226131
0.83111692
0.8307226
0.83267261
0.83125384
0.83205051
0.8328133
0.83146298
0.83108473
0.83116928
0.83106054
0.83165907
0.83172126
0.83192578
0.83119206
0.83200459
0.83226346
0.83303171
0.83191724
0.83297738
0.83231592
0.83199264
0.83092082
0.83170018
0.83265266
0.8318841
0.83262887
0.83129274
0.83276193
0.83123654
0.83089793
0.8314382
0.83124066
0.83048319
0.83040597
0.8310567
0.83136644
0.83072771
0.83133797
0.8303806
0.83095881
0.83098571
0.83126626
0.83022563
0.83073527
0.8304881
0.83280942
0.83060112
0.83077581
0.8316606
0.83147891
0.83101694
0.83154676
0.83197017
0.83171463
0.8318426
0.83166588
0.83134251
0.83127349
0.83181207
0.83233341
0.83229942
0.83154719
0.83214239
0.83162644
0.83147139
0.83157817
0.83092286
0.83205674
0.83194897
0.83213694
0.83243031
0.83129104
0.83087089
0.83289774
0.83142869
0.83171771
0.83278189
0.83136569
0.83198697
0.83103486
0.83102302
0.83105788
0.83198543
0.83183031
0.83196637
0.83206615
0.83238613
0.83301868
0.83226341
0.8328261
0.83262654
0.8321231
0.83143053
0.83222326
0.83254964
0.83187992
0.83254679
0.83174155
0.83264917
0.83125883
0.83108804
0.83141253
0.83118598
0.83046093
0.83002424
0.83047266
0.83089559
0.83128633
0.83063154
0.83129666
0.83015507
0.83203369
0.83181033
0.83108842
0.83116225
0.83116885
0.83082256
0.83029117
0.83064411
0.83267601
0.83170061
0.83158646
0.83102008
0.83152245
0.83219689
0.83196865
0.8306273
0.83065963
0.83240776
0.83247804
0.8336549
0.83348034
0.83407173
0.83161742
0.83260181
0.83309393
0.83241388
0.8323229
0.83328165
0.83197348
0.83298392
0.83252794
0.8321551
0.83304717
0.83244046
0.83252826
0.8335407
0.83330293
0.83390012
0.83152614
0.83250102
0.83300116
0.83234325
0.83294469
0.83226306
0.83327926
0.83181187
0.83275163
0.83228599
0.83202005
0.83275461
0.83255282
0.83391403
0.8337833
0.83299173
0.83210315
0.83221895
0.83181108
0.83195091
0.83169805
0.8319008
0.83141751
0.8324247
0.83272193
0.83263825
0.83196379
0.83220167
0.8328268
0.83295762
0.83183726
0.83141249
0.83231324
0.83288087
0.83296635
0.8324072
0.82945922
0.82938184
0.82999249
0.83075085
0.83007708
0.82946975
0.83089312
0.8302799
0.8295221
0.82935377
0.82915983
0.82982253
0.83012255
0.83001619
0.82974529
0.82946735
0.82857972
0.82985112
0.83005516
0.83034086
0.83018208
0.82996148
0.8296234
0.82866483
0.82990899
0.82914942
0.83008372
0.82923516
0.82925577
0.82994992
0.82910447
0.82897371
0.82867494
0.82869935
0.82942423
0.82929595
0.82974998
0.82911919
0.8294931
0.82943897
0.83098864
0.82906093
0.83026267
0.82925959
0.82874214
0.82864396
0.82935009
0.83005907
0.82943146
0.82887185
0.82965019
0.82950576
0.82926459
0.82961335
0.82904279
0.82925005
0.83072718
0.82913997
0.830168
0.82928287
0.8286646
0.82861439
0.8290434
0.83002452
0.82934253
0.82891874
0.82864617
0.82953574
0.82892133
0.828743
0.8289865
0.82855105
0.82895077
0.82890903
0.82848906
0.82969773
0.82834282
0.82946826
0.829485
0.82962611
0.82966649
0.83010353
0.83087853
0.83172203
0.82902686
0.82931539
0.82991716
0.82945441
0.82940646
0.83062119
0.82873969
0.82938615
0.82964198
0.8291195
0.82949739
0.82839058
0.82845996
0.8304581
0.8295122
0.82988646
0.82755689
0.82915819
0.82914442
0.82799778
0.82826757
0.82856579
0.83014481
0.82859565
0.82938874
0.82824894
0.82800788
0.82837254
0.82910037
0.83005866
0.83042743
0.82959644
0.82901985
0.82872756
0.82832488
0.82831048
0.82826255
0.82855699
0.82834584
0.82946258
0.82789249
0.82862663
0.82932758
0.82961512
0.82859203
0.82866836
0.82959111
0.83000842
0.82842311
0.82858802
0.82870472
0.82918905
0.82950191
0.82973441
0.82956069
0.83056923
0.83149501
0.82884284
0.82928735
0.82983227
0.82957705
0.8292662
0.83081122
0.82870907
0.82947612
0.82934535
0.82899616
0.82957298
0.82825772
0.82813639
0.8301767
0.8283236
0.82967947
0.82999664
0.82756618
0.82915151
0.82952567
0.82789017
0.82866287
0.83006884
0.82852674
0.8292209
0.8281983
0.82792305
0.82834995
0.82907174
0.83022382
0.83036438
0.82961925
0.82958606
0.82862224
0.82921897
0.82847913
0.82882551
0.82959376
0.82999368
0.82944588
0.82848146
0.82896615
0.82798524
0.82846192
0.82869352
0.82941611
0.82873271
0.83142255
0.83127611
0.83184094
0.8323869
0.83253811
0.83154324
0.83222641
0.83165144
0.83139626
0.83168869
0.83100248
0.83224129
0.83234151
0.83227973
0.83288216
0.83254798
0.83222431
0.83265347
0.83218569
0.83187058
0.83181367
0.83193716
0.83235505
0.83122458
0.83079525
0.83263495
0.83136047
0.83213731
0.83305094
0.83158975
0.83111797
0.83109482
0.83108039
0.83179827
0.83168999
0.83195992
0.83205769
0.83233222
0.83318278
0.83211615
0.83304673
0.83244554
0.83218904
0.83105792
0.8318964
0.83265288
0.83202966
0.83261569
0.83145517
0.83272946
0.83132235
0.83094425
0.83122374
0.83126323
0.83048166
0.83037533
0.83038507
0.83104182
0.8313268
0.83081187
0.83126512
0.83028747
0.83189887
0.83149064
0.83097426
0.83074619
0.83118821
0.83032995
0.83066762
0.83049591
0.83281692
0.83055666
0.83082901
0.83157401
0.83153844
0.83098023
0.83148953
0.83217842
0.83181023
0.83126353
0.8312052
0.83177539
0.8324358
0.83187307
0.8326903
0.83210164
0.83162146
0.83139698
0.83165803
0.83102439
0.83252896
0.83239198
0.83246235
0.83306674
0.83237302
0.83209332
0.832003
0.83203219
0.83198206
0.83213578
0.83237085
0.83123932
0.83079299
0.83150453
0.83127687
0.8310781
0.83116971
0.83122007
0.83144235
0.8317196
0.83199536
0.83186873
0.83195601
0.8321203
0.83247184
0.83275846
0.83227302
0.83283438
0.83268153
0.83232901
0.83108358
0.8318234
0.83283537
0.83223085
0.83257752
0.83260097
0.83122916
0.83096147
0.83143751
0.8312296
0.83056806
0.83010589
0.83093513
0.83134304
0.83065095
0.8313371
0.82994923
0.83206689
0.83186791
0.83095332
0.83098893
0.83134908
0.83033892
0.83081568
0.83058938
0.83205329
0.83238055
0.83283703
0.83298863
0.83152777
0.8305384
0.83043436
0.83182682
0.83161833
0.83226321
0.83238305
0.83353063
0.83300799
0.83363423
0.83152224
0.83233568
0.83246301
0.83300805
0.83205663
0.83331415
0.83180105
0.83286024
0.83232645
0.83223058
0.8324008
0.83354066
0.83299972
0.83368529
0.83167332
0.83225565
0.83233097
0.83285594
0.83206554
0.83311727
0.83180606
0.83287346
0.83254893
0.83321727
0.83250286
0.83245579
0.83182585
0.83212743
0.83185663
0.83160758
0.83256204
0.83153957
0.83252739
0.83213337
0.83240083
0.83324964
0.8320921
0.83238652
0.83326052
0.83125838
0.83119874
0.83114573
0.83027582
0.8304927
0.83006871
0.83024658
0.83056084
0.8302043
0.83108261
0.83112318
0.83073636
0.83074388
0.83083468
0.83143153
0.8309636
0.8312986
0.83099576
0.83100222
0.83089953
0.83100286
0.83176978
0.83116707
0.83148187
0.83099265
0.8309701
0.83068459
0.83080258
0.83111202
0.8307863
0.83082389
0.82999887
0.82978088
0.83054348
0.8294656
0.82900586
0.82892709
0.82944566
0.8296044
0.82902858
0.82976363
0.82937705
0.82964178
0.83012378
0.8295911
0.82958267
0.82975544
0.83003861
0.82961032
0.82973775
0.83011666
0.82993094
0.83074555
0.82940123
0.82928116
0.8289192
0.8291824
0.82930781
0.82906655
0.82963719
0.82938724
0.8294822
0.83004431
0.82963469
0.82954991
0.82992671
0.83002094
0.82978729
0.82973659
0.83145096
0.83052239
0.83134967
0.83073596
0.83087335
0.83003671
0.83002387
0.83096757
0.83087917
0.82888205
0.83003164
0.82978607
0.83033023
0.83049728
0.82989976
0.82998383
0.8304404
0.82954329
0.83004104
0.82976682
0.83031625
0.83059238
0.83024664
0.82991905
0.82916666
0.82981337
0.82996595
0.82987916
0.8300884
0.82978161
0.82977438
0.83068469
0.82969082
0.82923655
0.83053672
0.83024085
0.8303337
0.83062209
0.83083578
0.83034592
0.83026766
0.82967953
0.82955935
0.8294779
0.8302347
0.83027937
0.83049841
0.83026272
0.83038027
0.83060065
0.83095142
0.83003207
0.83077105
0.83084369
0.82878782
0.83018839
0.82977561
0.8295162
0.82987449
0.82966896
0.82963438
0.83038676
0.83010812
0.8295386
0.82963588
0.82882728
0.82977064
0.82963188
0.82968344
0.82969925
0.83022684
0.82963735
0.82979072
0.82955722
0.82959303
0.83046609
0.82958535
0.82912747
0.83058018
0.83030931
0.8304668
0.83057319
0.83079404
0.83026328
0.83026465
0.83035939
0.83004381
0.82957226
0.82947477
0.83022676
0.83037563
0.83026867
0.83012925
0.83070897
0.83112087
0.83069876
0.82982694
0.83226878
0.8324532
0.83323519
0.83360117
0.83284968
0.83138881
0.83226347
0.83292994
0.83244591
0.83214011
0.83196504
0.83302315
0.83180366
0.83288631
0.83235857
0.83252342
0.83350828
0.83310483
0.83354783
0.83136901
0.83235865
0.83281975
0.83220165
0.83217421
0.83320718
0.83169058
0.83257451
0.83219159
0.83199849
0.83263846
0.83257142
0.83415484
0.83387467
0.83302539
0.83234839
0.83223483
0.83169345
0.83181902
0.831781
0.83188897
0.83147348
0.83248534
0.83187204
0.83233399
0.83325966
0.83297234
0.83284397
0.83189952
0.83137996
0.83207344
0.8325777
0.83277728
0.8323441
0.83125794
0.83115973
0.83174821
0.83241243
0.8324538
0.83168642
0.83231802
0.83177523
0.8315176
0.83142023
0.83103494
0.83227718
0.83214735
0.83226743
0.8329974
0.83208892
0.83182575
0.83304989
0.83186104
0.83192062
0.83180755
0.83199472
0.8323246
0.83137296
0.8309497
0.83268831
0.83147781
0.83201759
0.83269759
0.83131958
0.83110979
0.83122399
0.83122642
0.83196072
0.83185981
0.83165722
0.83267119
0.83216855
0.83241272
0.83263676
0.83218454
0.83121739
0.83199947
0.83278826
0.83263209
0.83156618
0.83122097
0.83093574
0.83136898
0.83128812
0.83029873
0.83049397
0.83098604
0.83104235
0.83137546
0.83137285
0.83033069
0.83092528
0.83096484
0.83105717
0.83024622
0.83083934
0.8305675
0.83072265
0.83108993
0.83169773
0.83154973
0.83156203
0.83112326
0.83099209
0.82924353
0.82984295
0.83021709
0.83030658
0.83054336
0.83004845
0.83036707
0.83007496
0.82978388
0.82995992
0.8298742
0.82985214
0.83038506
0.8300344
0.82963783
0.82965695
0.82911393
0.83001195
0.82975471
0.83012459
0.8299396
0.82926984
0.83018308
0.82965544
0.82961518
0.82930186
0.82988152
0.8302521
0.82998517
0.83067098
0.82989202
0.82910472
0.83074468
0.83031266
0.83048033
0.830696
0.83093284
0.83112143
0.83034731
0.83039887
0.83040749
0.83030757
0.8302261
0.83041117
0.83037651
0.82965301
0.82926373
0.83087222
0.83125096
0.83070408
0.83012853
0.83136944
0.83142043
0.83122743
0.8304397
0.83003828
0.83050621
0.83041778
0.82999375
0.83069411
0.83112866
0.83132465
0.83095975
0.83083511
0.83088067
0.83160433
0.83087786
0.83107957
0.83083515
0.83120207
0.83091939
0.8310001
0.83199557
0.83105072
0.83139434
0.83104427
0.82994848
0.82976862
0.83047997
0.82952594
0.82886866
0.82933353
0.82899723
0.82956303
0.82953591
0.82985471
0.82952495
0.82945103
0.82923386
0.82980649
0.82951559
0.83013377
0.82991942
0.82972607
0.8303515
0.82968408
0.8288844
0.8292265
0.82886816
0.82943423
0.82944282
0.82980123
0.82920033
0.82966842
0.82944143
0.82956524
0.83010816
0.82983196
0.82970253
0.82948474
0.82989134
0.83068104
0.8305003
0.83067369
0.83134665
0.83060711
0.83053401
0.83086918
0.83070894
0.8287686
0.82942983
0.83017795
0.83025118
0.83054819
0.82980167
0.83028475
0.82976317
0.82953831
0.82985547
0.82965767
0.82974588
0.83047548
0.83010953
0.82966939
0.82897975
0.82966758
0.8298277
0.82969436
0.82989662
0.82965257
0.82967668
0.8302637
0.82968421
0.82971215
0.82946581
0.83073954
0.83040841
0.83043614
0.8307285
0.83065686
0.83078917
0.83037542
0.83030703
0.83039574
0.83055412
0.83033041
0.83238615
0.83244009
0.83361369
0.83345331
0.83294706
0.83129964
0.83221646
0.83260375
0.83214891
0.83201702
0.83213553
0.83312571
0.83167831
0.83268093
0.83237231
0.83250935
0.8335275
0.83300969
0.83373024
0.83147069
0.83232425
0.83291231
0.83236732
0.83214659
0.83301889
0.83171684
0.83257687
0.83231814
0.8320368
0.83277205
0.83266088
0.83388758
0.83355443
0.83294356
0.83235793
0.8323959
0.83176009
0.83189571
0.8318519
0.83209311
0.83166216
0.83252449
0.83183717
0.8314708
0.83215725
0.83296457
0.8324147
0.83271403
0.83260384
0.83192374
0.83234651
0.83306518
0.83296526
0.83132275
0.83129636
0.83179803
0.83243026
0.83170852
0.83256073
0.83212726
0.83168536
0.83134595
0.83164056
0.83106101
0.83227319
0.83226376
0.83223143
0.83313539
0.83238996
0.83203512
0.83287045
0.83204249
0.83185823
0.83180941
0.83190383
0.83249636
0.83134808
0.8310102
0.83276241
0.83142814
0.83129052
0.83111973
0.83122087
0.8311185
0.83153109
0.83150986
0.83200579
0.83190403
0.8318397
0.8330218
0.83215188
0.83239804
0.83300719
0.83222275
0.83118425
0.83184801
0.83263779
0.83268542
0.83251975
0.83213749
0.83113297
0.83129881
0.83092857
0.83200204
0.83124075
0.83172632
0.83123579
0.83171725
0.8315594
0.83223004
0.83199826
0.83069376
0.83071121
0.83094676
0.83092991
0.82894318
0.83014952
0.83020936
0.83036083
0.8306083
0.83044784
0.83048084
0.8303151
0.82966257
0.83004556
0.82987659
0.83006864
0.83034179
0.830031
0.82941998
0.82962771
0.82897223
0.82987972
0.82987726
0.83006298
0.8298525
0.83017232
0.82964786
0.82978042
0.82965318
0.82964883
0.83011276
0.82984978
0.83052698
0.82962873
0.82935463
0.83071211
0.83036657
0.83040758
0.83060507
0.83088248
0.83153647
0.83032559
0.83040161
0.83037943
0.83017666
0.83036868
0.83053376
0.83033327
0.82951877
0.82946401
0.83065865
0.83103167
0.83087994
0.82991018
0.83123736
0.83144108
0.83121859
0.83024999
0.83049908
0.82991284
0.83052359
0.83064839
0.83016206
0.83100329
0.83121957
0.83103619
0.8309224
0.830976
0.83160605
0.83120954
0.83166664
0.83093973
0.83092469
0.83080772
0.83093593
0.83160481
0.83096054
0.83125985
0.8309807
0.83112206
0.83102736
0.83080392
0.83086113
0.83068066
0.83069285
0.82951555
0.82877079
0.82920968
0.8290548
0.82894179
0.82933682
0.82938531
0.82911339
0.82980252
0.82962974
0.82958
0.82982759
0.82974675
0.82976447
0.82940974
0.83001902
0.83007712
0.82946155
0.83008264
0.829572
0.82900073
0.82927697
0.82923058
0.82984071
0.82958001
0.8297111
0.82953454
0.82950003
0.82927907
0.82948666
0.83003386
0.82955913
0.82970561
0.82937228
0.82979715
0.83139774
0.83090403
0.83004333
0.83050752
0.83041036
0.83040284
0.82993213
0.82980728
0.83091369
0.83083338
0.82913
0.82933659
0.83016791
0.82982579
0.83014171
0.83036848
0.83041627
0.8301401
0.8298059
0.83025591
0.83028333
0.83049049
0.83033282
0.82959832
0.82983743
0.82970154
0.83039725
0.83007074
0.8296924
0.82951833
0.82876113
0.8293387
0.82987894
0.82985148
0.82988416
0.8296396
0.82969454
0.83053274
0.82957282
0.82930514
0.8309274
0.83036451
0.83053242
0.83071485
0.83110334
0.83035398
0.83043081
0.83046817
0.8305087
0.83041648
0.83097797
0.83043012
0.83150908
0.83023957
0.83030921
0.82945926
0.82947482
0.82952751
0.8311812
0.83101928
0.8317197
0.8323513
0.83257722
0.83159305
0.83207441
0.83144029
0.83128986
0.8315799
0.8308452
0.83202496
0.8321236
0.83212775
0.83286327
0.83235731
0.83201759
0.83270171
0.83205808
0.83173105
0.8317278
0.8318642
0.83235919
0.83107837
0.83066116
0.83266495
0.83134091
0.83221341
0.83302717
0.83143445
0.83078436
0.83075663
0.83092368
0.83107624
0.83190092
0.83289855
0.83300747
0.83145222
0.83103856
0.8308132
0.83110005
0.83114903
0.83037149
0.8301486
0.83103672
0.8313108
0.83067174
0.83115186
0.83017277
0.83187282
0.83152621
0.8309681
0.83094281
0.83093415
0.8308403
0.83024172
0.83063586
0.83103801
0.83159982
0.83130793
0.83142407
0.8320731
0.83172682
0.83252412
0.83210637
0.83049966
0.83039924
0.8311999
0.83119644
0.83175765
0.83227598
0.83261781
0.83154908
0.83204333
0.83155808
0.83122813
0.83161625
0.83098798
0.83222978
0.83224263
0.83217353
0.83309228
0.83245622
0.83205335
0.8327365
0.83206321
0.83160735
0.8317964
0.8317801
0.83210278
0.83116243
0.83064073
0.83232199
0.83138891
0.83231863
0.83306022
0.83149907
0.83103993
0.83098043
0.8310794
0.83195972
0.83186267
0.83183168
0.8332345
0.83211911
0.83240873
0.83218706
0.83108897
0.83182228
0.83275673
0.83276484
0.83142016
0.83110128
0.83080552
0.83113334
0.83104028
0.83053557
0.83021396
0.83086285
0.83120876
0.83036104
0.83110689
0.83002843
0.83192486
0.83156153
0.83084836
0.83076738
0.83111493
0.83041232
0.82984404
0.83018564
0.83097112
0.83172616
0.83136079
0.83160843
0.83220705
0.83180633
0.83255874
0.832251
0.8308305
0.83074297
0.82884192
0.8293388
0.82975576
0.83022269
0.83055398
0.82979943
0.82979932
0.83009882
0.83028424
0.82942795
0.82990614
0.82970788
0.82891163
0.82964218
0.82980155
0.82988466
0.82987506
0.82964107
0.8288636
0.82951201
0.8299969
0.82952883
0.83007538
0.82960655
0.82972331
0.82956721
0.83024602
0.82943839
0.82898235
0.83048121
0.83010696
0.83025615
0.83051244
0.83085762
0.8313006
0.83015367
0.83024218
0.83032326
0.83019549
0.83011767
0.83020559
0.83019186
0.83049039
0.83097506
0.83066369
0.82986975
0.82930099
0.82925999
0.83088865
0.8308051
0.82893279
0.82930583
0.82965643
0.83000069
0.8300061
0.83030433
0.82994981
0.83000567
0.82970395
0.83027817
0.82950233
0.83001383
0.82998968
0.83044783
0.83017023
0.82949159
0.82942498
0.82920832
0.8296584
0.83000435
0.83030921
0.8298224
0.82997829
0.82910461
0.82967937
0.83002664
0.82983815
0.83020739
0.82974489
0.8296417
0.82946744
0.83049567
0.82985235
0.82936821
0.8304475
0.8301347
0.83029659
0.83043148
0.83025528
0.8307933
0.83107997
0.83027926
0.83033564
0.83027041
0.83029319
0.83054021
0.83006125
0.83062203
0.83034645
0.83101047
0.83063168
0.82997663
0.83038857
0.82982126
0.82949176
0.83130843
0.83156526
0.8312126
0.8303063
0.83035949
0.83006248
0.83054566
0.83069598
0.83013726
0.83102505
0.83157736
0.83069356
0.83059009
0.83065909
0.83152491
0.83092694
0.83132615
0.83176471
0.83084946
0.83079063
0.8307422
0.83075605
0.83151929
0.83086856
0.8310099
0.83178354
0.83105699
0.83087509
0.83063797
0.83066835
0.83092203
0.83072063
0.83092097
0.8293871
0.82872532
0.82899143
0.82846053
0.8293051
0.82940844
0.82975564
0.8294929
0.8294385
0.82969141
0.82946382
0.829866
0.82954905
0.83019946
0.82992953
0.82976183
0.83046234
0.82943872
0.82870923
0.82953761
0.82874534
0.82939595
0.82937778
0.82952617
0.82958838
0.82963442
0.82964578
0.82963691
0.82950328
0.82985291
0.83004713
0.8306891
0.83058094
0.83065808
0.83024432
0.83009193
0.82962688
0.8299002
0.82992727
0.83149099
0.82942884
0.82880075
0.8296078
0.83006533
0.82942528
0.83059459
0.83091436
0.82882663
0.82955566
0.82952146
0.82838432
0.82840581
0.83015115
0.82962538
0.82991204
0.82760463
0.82914612
0.82942527
0.82787157
0.82794409
0.82861195
0.83007965
0.82848449
0.82929788
0.82823432
0.82793371
0.82836668
0.82919378
0.83047976
0.83030731
0.82981388
0.82908005
0.82874504
0.82869228
0.82852869
0.82885058
0.82843853
0.82959137
0.82872261
0.82898329
0.83011035
0.82954015
0.82951412
0.82846601
0.82791193
0.82877281
0.82910701
0.82931731
0.82883212
0.82951223
0.82973616
0.82972486
0.83140761
0.83043409
0.82887097
0.82950039
0.8298899
0.82947864
0.82951442
0.82925206
0.83076682
0.82890244
0.82980923
0.82817939
0.82818114
0.82999803
0.82929111
0.82983797
0.82753778
0.82919318
0.82966957
0.82785687
0.82811411
0.82840715
0.82997527
0.82843241
0.82920346
0.82817882
0.827967
0.82836641
0.8295278
0.82891014
0.82870631
0.8285024
0.82831562
0.82867261
0.82841155
0.82962971
0.82786806
0.82876413
0.8286381
0.82878579
0.8302821
0.82841509
0.82861433
0.82887751
0.82924002
0.82603242
0.82593256
0.8262761
0.82634602
0.82722735
0.82592161
0.82575767
0.82444152
0.82443315
0.82702761
0.82471715
0.8270142
0.82734356
0.82705387
0.8279957
0.8284086
0.82836554
0.82745226
0.82579503
0.82557522
0.82592344
0.82639946
0.82449072
0.82426796
0.8246766
0.8269244
0.82872931
0.82679492
0.82391759
0.82338361
0.82443853
0.82548157
0.82606158
0.82548034
0.82590951
0.82648068
0.82611448
0.8259291
0.82768476
0.82576145
0.82574456
0.8259647
0.8258665
0.82657234
0.82710919
0.82793003
0.82504091
0.82523828
0.82192709
0.8198313
0.82003361
0.82069794
0.82169701
0.82217495
0.82233925
0.81950054
0.82218729
0.82224625
0.82317335
0.8211849
0.82021958
0.82242984
0.81989499
0.82423089
0.82531802
0.82433956
0.8240238
0.82216588
0.82602247
0.82589457
0.82618688
0.8260276
0.82692941
0.82578541
0.82549164
0.82433367
0.82424183
0.82679127
0.82472465
0.82698552
0.82716201
0.82693259
0.82818138
0.82821503
0.82826755
0.82719244
0.82588086
0.82565464
0.82599547
0.82646191
0.82456326
0.82435823
0.82473379
0.82690073
0.82850304
0.82657323
0.8240527
0.82359925
0.82448943
0.82534543
0.82597204
0.82538667
0.82574543
0.82640939
0.82604236
0.82573906
0.82780077
0.82559521
0.82562005
0.82583378
0.82577593
0.82641234
0.82733304
0.82790871
0.82501904
0.8251551
0.82195276
0.81979562
0.81997235
0.82060049
0.82169936
0.82212552
0.82230807
0.81938329
0.82216934
0.82231607
0.82325165
0.82127487
0.82030695
0.82238486
0.81997386
0.82344738
0.82361058
0.82404778
0.82526639
0.82427027
0.82389401
0.82492946
0.82397084
0.82244233
0.81615738
0.81570061
0.81478808
0.81843492
0.81706277
0.81748705
0.819944
0.81961269
0.81894697
0.81743517
0.82004522
0.81660714
0.81524784
0.81716463
0.81736491
0.81613031
0.81566147
0.81481229
0.81836808
0.81698136
0.82006945
0.8196378
0.8190236
0.8173839
0.8201991
0.81663796
0.81533764
0.81719067
0.81734324
0.81955984
0.81843021
0.8185355
0.82036994
0.81951296
0.82049363
0.81968934
0.82066845
0.82066694
0.82201718
0.81984116
0.82072761
0.82076084
0.82223911
0.82000359
0.81714079
0.81716181
0.8289321
0.82886813
0.82945667
0.83048852
0.83017643
0.82946207
0.83065734
0.83023848
0.82948763
0.82917172
0.82911127
0.82969509
0.8299713
0.82976628
0.82978469
0.82954752
0.82871683
0.83008323
0.82969639
0.82973718
0.82995873
0.82979766
0.82987947
0.8296056
0.82882166
0.83009989
0.82980817
0.82907273
0.82996614
0.82907303
0.82918992
0.82986105
0.82906713
0.82886323
0.82899925
0.82891548
0.82941428
0.8296857
0.82927696
0.82915072
0.83084784
0.82906943
0.82918259
0.82920401
0.82879488
0.82931256
0.8300004
0.82945238
0.82911474
0.8288251
0.82924658
0.82917893
0.82956172
0.82912652
0.82894504
0.82902065
0.83094331
0.82921866
0.83040549
0.82900762
0.8289412
0.82861542
0.82913192
0.83028776
0.82954225
0.82887086
0.82857144
0.8297785
0.82858678
0.82829134
0.82879702
0.82832518
0.829588
0.82939568
0.82968794
0.8295422
0.83105345
0.83040088
0.8288826
0.82967067
0.8296252
0.82928017
0.82946027
0.82917856
0.83060693
0.82877015
0.82955715
0.82834393
0.82840735
0.83027947
0.83009716
0.82966883
0.82737476
0.82937862
0.82925873
0.82798377
0.82853558
0.82794062
0.82774706
0.82846421
0.82864079
0.83010498
0.82863476
0.82947
0.82906439
0.83055757
0.83052553
0.82973639
0.82916141
0.82867711
0.82875487
0.82863508
0.82831752
0.82866947
0.82846203
0.82957333
0.8277811
0.82866582
0.82877726
0.82909039
0.83027866
0.82832757
0.82835838
0.82850005
0.82902711
0.82973114
0.82977644
0.82568425
0.82562962
0.82586506
0.82567405
0.82651751
0.82536413
0.82524255
0.82411642
0.8240677
0.82656351
0.82449443
0.82700048
0.82725978
0.82683092
0.82812851
0.8282243
0.82817668
0.82709931
0.82556449
0.82537988
0.82563668
0.82636157
0.82449452
0.82427716
0.82455661
0.82649202
0.82825976
0.82645026
0.82364978
0.82360771
0.82436207
0.82589763
0.8269531
0.82629236
0.82620552
0.82787513
0.82570478
0.82575874
0.82597231
0.82567977
0.82622896
0.82655748
0.82778657
0.82589899
0.82500237
0.82509735
0.82202201
0.82004714
0.81983593
0.82180966
0.82222335
0.82057209
0.82239615
0.81935944
0.82350498
0.82364813
0.82207398
0.82211346
0.82283479
0.82084563
0.82014552
0.82238115
0.81965963
0.82507256
0.82519977
0.82413933
0.82382459
0.82530727
0.82377336
0.82487693
0.82393995
0.82247111
0.8161668
0.81572025
0.81477567
0.81823524
0.81700764
0.81989474
0.81940852
0.81887458
0.81741867
0.82009172
0.81666421
0.81537189
0.8172807
0.81737651
0.81614343
0.81569177
0.81483808
0.8183793
0.81699149
0.81748476
0.82010122
0.81903505
0.81752121
0.8196029
0.82026361
0.8203597
0.81988668
0.81664556
0.81536014
0.81733676
0.81751278
0.81973641
0.81850721
0.81860635
0.82224523
0.82087766
0.82089802
0.82298827
0.82318314
0.82302448
0.82322706
0.82067802
0.81983814
0.82088127
0.82064201
0.82222392
0.82001881
0.81970133
0.82089284
0.82219953
0.82234446
0.82013138
0.81725456
0.81728648
0.8262167
0.82612918
0.82645289
0.82624862
0.82701731
0.82563005
0.82552779
0.82426492
0.82409789
0.82702535
0.82479539
0.82710738
0.82761698
0.82719238
0.82815812
0.82853172
0.82836535
0.82744474
0.82753946
0.82592808
0.82584097
0.82612009
0.82645012
0.82473159
0.82443041
0.8272078
0.82483615
0.8264965
0.82832033
0.82685426
0.82393802
0.82352183
0.82454186
0.82518222
0.82596256
0.82526713
0.82582236
0.82664492
0.82628661
0.82804761
0.82571755
0.82574438
0.82588991
0.82576557
0.82656672
0.82646594
0.82792147
0.82203297
0.81999912
0.82014387
0.81986908
0.82074066
0.82189837
0.82230433
0.81944437
0.82238776
0.82203965
0.82211426
0.82306926
0.82117044
0.82223271
0.82362794
0.82368773
0.82425431
0.82508203
0.82429076
0.82403128
0.82501586
0.82400488
0.82512276
0.82521125
0.82937462
0.82921829
0.82985964
0.8307295
0.83019125
0.82928528
0.83090366
0.8302979
0.82951836
0.82952241
0.82913592
0.83024212
0.83031392
0.83028643
0.83000849
0.82956751
0.82863141
0.82988837
0.83019071
0.83031265
0.8303066
0.8298643
0.82946404
0.8285789
0.82981248
0.82909449
0.83004057
0.82940983
0.82908039
0.82987105
0.82910094
0.82945207
0.82975919
0.8295038
0.83071402
0.82937565
0.82927148
0.83020384
0.82931082
0.82864538
0.82918265
0.82977017
0.82927746
0.82871622
0.82901308
0.82877225
0.82939373
0.82905878
0.82953201
0.82895477
0.82923611
0.82916946
0.83077296
0.82924116
0.83014141
0.82899329
0.82884751
0.82908874
0.82977332
0.8300963
0.82956655
0.82867893
0.82911134
0.82977451
0.82873976
0.82887963
0.82895795
0.82884389
0.82864418
0.82870199
0.82836974
0.82859743
0.82966231
0.82958693
0.82980244
0.82982902
0.82928148
0.83048734
0.83083522
0.82883626
0.82940821
0.8297167
0.82842938
0.82852928
0.83040561
0.82949102
0.83003743
0.82976684
0.8275923
0.82952914
0.82935166
0.82790223
0.8282256
0.82802618
0.82839558
0.82993048
0.82918639
0.8287876
0.82880835
0.82871834
0.82902995
0.82853785
0.82949388
0.82795791
0.82873454
0.82883261
0.829114
0.83015887
0.82924535
0.82848729
0.82868794
0.82894076
0.82931631
0.82594955
0.82594618
0.82614426
0.82596658
0.826876
0.82560487
0.82536964
0.82420665
0.82405692
0.82682635
0.82474414
0.82702239
0.82740073
0.82703946
0.82784684
0.82829074
0.82819803
0.82721666
0.825989
0.82576166
0.82606217
0.82654717
0.82468681
0.82450752
0.82475587
0.82655728
0.82838976
0.82662912
0.82388268
0.82372459
0.82450476
0.82587771
0.82692212
0.82613262
0.82596037
0.82811846
0.82566334
0.82572141
0.82599552
0.82581044
0.82642357
0.82690663
0.82783331
0.82600404
0.82506474
0.82532334
0.82386587
0.82238275
0.82387306
0.82211797
0.8201381
0.81996458
0.82179015
0.82224934
0.82074985
0.82255022
0.81952942
0.8221176
0.82212186
0.82293599
0.82109926
0.82033726
0.81993209
0.82517927
0.82535053
0.82420499
0.82543776
0.82515086
0.82411404
0.82355379
0.82380324
0.82340297
0.82267056
0.81627543
0.81580775
0.81494392
0.81845022
0.81711536
0.82009267
0.81965134
0.81902426
0.81756828
0.82022628
0.81674078
0.81546292
0.81739155
0.81756072
0.81617005
0.81570767
0.81482008
0.81837435
0.81703213
0.82002165
0.81898937
0.81748801
0.8195114
0.82019753
0.82024184
0.81978027
0.8166427
0.81537526
0.81727857
0.8174253
0.81975155
0.81867906
0.81859883
0.8225752
0.82105467
0.820957
0.82323012
0.82312431
0.82325159
0.82074977
0.8198651
0.82063439
0.81976468
0.82104235
0.82247257
0.82028404
0.82089014
0.82219405
0.82243158
0.82023782
0.81730891
0.81727833
0.82619441
0.82614409
0.82637659
0.82623228
0.82715911
0.8257462
0.82551985
0.82416774
0.82405486
0.82690446
0.82482813
0.82724304
0.82744208
0.82725915
0.82812788
0.82835227
0.8283973
0.82768006
0.82728924
0.82606484
0.82590874
0.82628152
0.82653626
0.82474904
0.8243778
0.82734294
0.82478872
0.82697117
0.82846372
0.82667324
0.82374258
0.82350935
0.82442815
0.8252433
0.82596895
0.82528064
0.82585713
0.8267101
0.82628736
0.82774968
0.82576701
0.82579648
0.82812306
0.82595044
0.8257716
0.82649636
0.82732331
0.82791523
0.82396207
0.82233033
0.8238812
0.82203879
0.82219262
0.82304399
0.82105988
0.82364328
0.82235611
0.82366759
0.82236164
0.82517686
0.82414458
0.82504918
0.82400471
0.82517997
0.82525991
0.82947861
0.82968768
0.82953577
0.8298722
0.83047339
0.83130492
0.8287317
0.82908472
0.82948695
0.82947473
0.82918117
0.83064959
0.82861527
0.8294027
0.82923472
0.82874483
0.82941282
0.82833126
0.82843931
0.83024844
0.82851964
0.82947868
0.82991054
0.82843395
0.82920093
0.82903071
0.82983522
0.82774668
0.82750543
0.82822339
0.82931457
0.82810487
0.82770745
0.82906977
0.8302689
0.83016331
0.82843363
0.829316
0.8294215
0.82936449
0.82865188
0.82919868
0.82855672
0.82928551
0.82995381
0.82965067
0.82985339
0.83008245
0.82991078
0.83093416
0.83198619
0.82877133
0.82964184
0.83016741
0.82956093
0.82951683
0.83075992
0.82895572
0.82966719
0.8293246
0.82890427
0.82981205
0.82818193
0.8284332
0.83030448
0.82972741
0.82766277
0.82838667
0.82935076
0.82988304
0.82837253
0.82917526
0.82910541
0.82964903
0.82804199
0.82780255
0.82731963
0.82926347
0.82791326
0.82755711
0.82918152
0.83060264
0.83025543
0.8285935
0.82964374
0.82961354
0.82963657
0.82891777
0.82934642
0.82898078
0.82946089
0.83012884
0.82859366
0.82896145
0.82806828
0.82873593
0.82895016
0.82906791
0.82863855
0.82929453
0.82926964
0.82991652
0.83063632
0.83008284
0.82915048
0.83076979
0.83036033
0.8293694
0.82919903
0.82914237
0.83015445
0.83013791
0.83027343
0.82996455
0.82924884
0.8283743
0.82962988
0.830242
0.83027487
0.83034944
0.82995343
0.8295048
0.82870993
0.82971017
0.82919258
0.82970735
0.82911993
0.82938115
0.82989423
0.82905646
0.82857483
0.82856679
0.82833074
0.82953417
0.82914969
0.82956695
0.82932591
0.82920817
0.83017465
0.82941364
0.82910321
0.82901679
0.82872463
0.82912285
0.83018514
0.8291835
0.82874388
0.82849464
0.82823325
0.82909754
0.82929985
0.82932012
0.82878499
0.82899659
0.83066199
0.82908583
0.82909896
0.82885589
0.8285442
0.82918595
0.8303263
0.82962145
0.82861927
0.82851245
0.82828611
0.82852597
0.81618624
0.81574048
0.81478274
0.81701433
0.81827549
0.8200015
0.81746291
0.81894856
0.8195112
0.81664253
0.81531695
0.81725867
0.81742503
0.82014698
0.82028458
0.81981622
0.81627608
0.81574715
0.81489346
0.81672925
0.81709627
0.81534767
0.81725841
0.81750817
0.81735702
0.81853081
0.82019925
0.82025807
0.82009276
0.8190981
0.81985602
0.8197381
0.82231892
0.82080393
0.8208312
0.82309677
0.82335125
0.82306567
0.82328875
0.82056871
0.81968777
0.82082323
0.82221322
0.82242968
0.81995964
0.82089956
0.82056352
0.8222355
0.8223984
0.82015941
0.81972214
0.82603308
0.82595347
0.8262144
0.82597783
0.8267296
0.82542845
0.82565385
0.82441447
0.82427433
0.82685397
0.82478104
0.8270657
0.82727393
0.82693383
0.82825564
0.82812365
0.82821628
0.82772134
0.82718871
0.82598754
0.82581784
0.82600007
0.8266497
0.82472509
0.8244692
0.8274601
0.82478025
0.82666865
0.82868412
0.82661216
0.82384595
0.82359469
0.82451954
0.82515346
0.82587345
0.82508317
0.8258378
0.82619934
0.82634149
0.82571023
0.82573003
0.82749511
0.82775328
0.82593989
0.82506886
0.82496914
0.82570702
0.82614789
0.82665994
0.82753839
0.82203323
0.82008867
0.81990791
0.81981197
0.82189047
0.82227444
0.82046581
0.81928684
0.82235666
0.82358723
0.82358222
0.82206191
0.82208071
0.82281719
0.8210278
0.82229868
0.82507279
0.82406926
0.82395282
0.82375478
0.82484937
0.82394568
0.82872429
0.82622003
0.82613395
0.82637975
0.82621413
0.82706106
0.82566582
0.82576428
0.82457126
0.8243621
0.82706114
0.82486299
0.82744415
0.82769533
0.82738351
0.82831153
0.82852502
0.82843885
0.82775744
0.82749777
0.82612221
0.82593705
0.82627141
0.82650616
0.82476893
0.82447123
0.82745841
0.82488932
0.82698938
0.82852419
0.82686693
0.82412199
0.82363594
0.82456835
0.82526984
0.82583392
0.82522315
0.8258039
0.82613141
0.82652856
0.82588087
0.82577356
0.82576917
0.82734487
0.82585203
0.8251471
0.82509929
0.82563365
0.82627331
0.82715786
0.8274805
0.82415918
0.82245293
0.82381186
0.82206368
0.82014814
0.8199254
0.82193046
0.82235483
0.82068593
0.81944036
0.82241638
0.82367969
0.82361009
0.82225881
0.82226489
0.82332559
0.82103204
0.82514411
0.82415567
0.82495203
0.82399767
0.82877965
0.83053751
0.83123963
0.81763655
0.81734783
0.81710584
0.81743871
0.81883691
0.81916264
0.81758714
0.81730195
0.81714524
0.81746041
0.81884848
0.81914393
0.81985519
0.8317836
0.83145462
0.83142523
0.83175491
0.83138434
0.83127996
0.83225226
0.83225808
0.83256855
0.83168534
0.83142884
0.83140428
0.83173363
0.83144517
0.83139363
0.83232132
0.83252995
0.83287749
0.83182419
0.83136252
0.83147394
0.8318251
0.83132491
0.83138332
0.83223437
0.83230758
0.83243835
0.8311532
0.82956269
0.83095687
0.83069638
0.82940559
0.83063345
0.83178974
0.83134335
0.83132043
0.83174822
0.83139244
0.83132983
0.83229853
0.8324292
0.83245991
0.83112412
0.82952981
0.83090381
0.83073763
0.82933381
0.83059295
0.82829467
0.828044
0.82799812
0.82772835
0.82751413
0.82745364
0.82779809
0.82762128
0.82758591
0.82863631
0.82820634
0.82824998
0.82789033
0.82770986
0.82751122
0.82799661
0.82769141
0.82747433
0.82949713
0.82880911
0.82955321
0.82843045
0.82797497
0.82794985
0.82799719
0.82773159
0.82769824
0.82803828
0.82781157
0.82771351
0.82948205
0.82895266
0.82955247
0.82836145
0.82795812
0.82788849
0.82795584
0.82773354
0.82756874
0.82791098
0.82764708
0.82754247
0.83217903
0.83218067
0.83224793
0.83299299
0.8323037
0.83193289
0.83290044
0.82968872
0.82846734
0.82816276
0.82862541
0.83229149
0.83207092
0.83254389
0.83268276
0.83278339
0.83388718
0.83373228
0.83038201
0.82981382
0.82972736
0.82941713
0.83038062
0.83048748
0.82972627
0.83255774
0.83225061
0.8322262
0.83192852
0.83201261
0.83176688
0.83114287
0.83070112
0.8308859
0.83063939
0.8299352
0.82982579
0.83043456
0.83026152
0.83070895
0.83103457
0.83010498
0.83050515
0.82967661
0.82959431
0.82965143
0.82931466
0.83214839
0.8331059
0.83148325
0.83113026
0.83010029
0.83048783
0.83059911
0.83086746
0.83094071
0.83092496
0.83149379
0.83071644
0.83008604
0.82971959
0.82968211
0.83184445
0.83189795
0.83169863
0.83351727
0.83217562
0.83240475
0.83299039
0.83211306
0.83027519
0.83000372
0.82940854
0.82915168
0.83077385
0.83022053
0.82991498
0.82961028
0.82352852
0.82369064
0.82498675
0.82400292
0.82228369
0.82293628
0.82310718
0.82312537
0.82340852
0.82882269
0.82884137
0.82877736
0.82883916
0.83132268
0.82873161
0.82966962
0.82989894
0.82870256
0.83009358
0.82876454
0.8296732
0.82911428
0.83048242
0.83044869
0.82978142
0.82984828
0.81942467
0.82198808
0.81992805
0.82012559
0.82073449
0.82193794
0.83005235
0.8290299
0.82845539
0.82835075
0.82803591
0.82884738
0.8285146
0.82863354
0.8290167
0.829473
0.8298692
0.8285494
0.82837802
0.82889387
0.82881938
0.81964359
0.81716149
0.8170831
0.81854269
0.8183664
0.83142594
0.83140304
0.8313966
0.83170793
0.83143812
0.8321456
0.83147973
0.83149512
0.83129953
0.831833
0.83142112
0.8323104
0.83132979
0.83181127
0.83142143
0.83201937
0.83145877
0.83133909
0.83138464
0.83186681
0.83124903
0.83183726
0.82787941
0.82793524
0.82782473
0.82800943
0.82663535
0.82669489
0.82793124
0.82806424
0.82803137
0.82819941
0.82650231
0.82648034
0.82772475
0.8279814
0.8278177
0.82807051
0.82684717
0.82682306
0.82773464
0.82800171
0.82774318
0.82798043
0.82670505
0.82665467
0.83149245
0.83154852
)
;
    }
}


// ************************************************************************* //
